{
    "content": [
        {
            "segmentNumber": "1", 
            "he": "<b>הלכות שואל </b><br> <i data-commentator=\"Beit_Yosef\" data-order=\"1.1\"></i>  <i data-commentator=\"Bach\" data-order=\"1.1\"></i>  השואל מחבירו בהמה או כלים או כל מטלטלין ונאנסו בידו כגון שמתה או נשבר או נשבה חייב ואין צ\"ל שחייב בגניבה ואבידה  <i data-commentator=\"Beit_Yosef\" data-order=\"2.1\"></i>  <i data-commentator=\"Bach\" data-order=\"2.1\"></i> אבל כל קלקול שאירע בה מחמת מלאכה ששאלה בשבילה לא מיבעיא אם הוכחשה מחמת מלאכה שהוא פטור מכל אלא אפי' מתה מחמת מלאכה פטור:  <i data-commentator=\"Bach\" data-order=\"3.1\"></i>  "
        }, 
        {
            "segmentNumber": "2", 
            "he": " <i data-commentator=\"Beit_Yosef\" data-order=\"3.1\"></i>  והוא שלא ישנה לעשות בה דבר אחר חוץ מהמלאכה ששאלה בשבילה:  <i data-commentator=\"Bach\" data-order=\"4.1\"></i>  "
        }, 
        {
            "segmentNumber": "3", 
            "he": " <i data-commentator=\"Beit_Yosef\" data-order=\"4.1\"></i>  וכן אם נכחש הבשר מאליו וסופו לחזור פטור: "
        }, 
        {
            "segmentNumber": "4", 
            "he": " <i data-commentator=\"Beit_Yosef\" data-order=\"5.1\"></i>  אבל אם נכחשה מאליה ומתה אח\"כ שהוא חייב לשלם כיון שאינה בעין משלם כמו שהיתה בשעת שאלה:  <i data-commentator=\"Bach\" data-order=\"5.1\"></i>  "
        }, 
        {
            "segmentNumber": "5", 
            "he": " <i data-commentator=\"Beit_Yosef\" data-order=\"6.1\"></i>  כתב הרמב\"ם השואל מחבירו בהמה לילך בה למקום פ' ומתה [תחתיו] באותו הדרך או ששאל דלי למלאות ונקרע ונפל לבור בשעת מילוי וכל כיוצא בזה פטור שלא שאלה אלא לעשות מלאכה זו והרי לא שינה עד כאן לשונו  <i data-commentator=\"Beit_Yosef\" data-order=\"7.1\"></i> ויראה מדבריו שאינו פטור אא\"כ מתה בשעת מלאכה ממש  <i data-commentator=\"Beit_Yosef\" data-order=\"8.1\"></i> אבל א\"א הרא\"ש ז\"ל כתב מתה מחמת מלאכה היינו כגון שדרך הילוכה נכשלה ונפלה ומתה והשואל לא שינה בה ולא פשע בה או נתייגעה ונתחממה ומתה אבל אם מתה בדרך ולא הרגיש בה עייפות טורח הדרך לא יוכל לישבע שמחמת מלאכה מתה דשמא אם היתה עומדת על אבוסה היתה מתה אבל היכא שנכנס בה חלשות ועייפות מטורח הדרך אפי' שלא מתה מיד אלא מתנונה והולכת זמן מרובה מתה מחמת מלאכה קרינן בה:  <i data-commentator=\"Bach\" data-order=\"6.1\"></i>  "
        }, 
        {
            "segmentNumber": "6", 
            "he": " <i data-commentator=\"Beit_Yosef\" data-order=\"9.1\"></i>  כתב הרמ\"ה מי ששואל בהמה לילך דרך ידוע ובאו עליו לסטין באותו הדרך או חיות רעות ואנסוה ממנו חשיב שפיר מתה מחמת מלאכה כיון שמחמת הדרך ששאלה לילך בה הוליכה ונאנסה: "
        }, 
        {
            "segmentNumber": "7", 
            "he": " כי היכי דפטרינן לההוא דשאיל שונרא מחבריה ואכלה עכברים טובא ומתה אף על פי  <i data-commentator=\"Beit_Yosef\" data-order=\"10.1\"></i> שלא הרגתה המלאכה גופה כיון שבמלאכה ששאלה לצרכה מתה בגרמתה  <i data-commentator=\"Beit_Yosef\" data-order=\"11.1\"></i> וא\"א הרא\"ש ז\"ל אומר דאין נראה דלא דמי לשונרא ששאלה להרוג עכברים דבאותה מלאכה עצמה נאנסה והוי כשואל בהמה למהלך יום אחד ומחמת ההילוך מתה אבל אם נאנסה ממנו בדרך אונס אחר הוא ואינו מחמת מלאכה שאף בלא מלאכה אפשר שתאנס ממנו הילכך חייב:  <i data-commentator=\"Bach\" data-order=\"7.1\"></i>  "
        }, 
        {
            "segmentNumber": "8", 
            "he": " <i data-commentator=\"Beit_Yosef\" data-order=\"12.1\"></i>  השואל את הפרה מיד כשנסתלקו הבעלים משמירתה חייב הוא בשמירתה  <i data-commentator=\"Beit_Yosef\" data-order=\"13.1\"></i> ובמזונותיה אף על פי שעדיין לא משכה:  <i data-commentator=\"Bach\" data-order=\"8.1\"></i>  "
        }, 
        {
            "segmentNumber": "9", 
            "he": " <i data-commentator=\"Beit_Yosef\" data-order=\"14.1\"></i>  ואם שלח לו המשאיל על ידי עבדו או על ידי בנו או על ידי שלוחו או על ידי עבדו או בנו או שלוחו של השואל ומתה בדרך פטור  <i data-commentator=\"Beit_Yosef\" data-order=\"15.1\"></i> והך שליח מוקמינן ליה בשכירו ולקיטו שאינו שליח ממש אבל אם עשאו השואל שליח בעדים ושלח לו בידו נתחייב בה השואל משעת הגעה ליד שלוחו  <i data-commentator=\"Beit_Yosef\" data-order=\"16.1\"></i> ואם אמר לו השואל שלח ביד אחד מאלו או שאמר לו המשאיל הריני משלחה לך ביד אחד מאלו ואמר לו הן ושלחה ומתה חייב השואל  <i data-commentator=\"Beit_Yosef\" data-order=\"17.1\"></i> בד\"א ביד עבד עברי אבל אם שלחה לו ביד עבד כנעני ומתה בדרך פטור שידו כיד רבו ועדיין לא יצאה מרשותו:  <i data-commentator=\"Bach\" data-order=\"9.1\"></i> <i data-commentator=\"Darchei Moshe\" data-order=\"10.1\"></i>  <i data-commentator=\"Beit_Yosef\" data-order=\"18.1\"></i> כתב הרמב\"ם אמר לו השאל הכישה במקל והיא תבוא מאליה ועשה כן המשאיל אין השואל חייב עד שתכנס לרשותו אבל אם מתה בדרך פטור  <i data-commentator=\"Beit_Yosef\" data-order=\"19.1\"></i> אבל א\"א הרא\"ש ז\"ל כתב שהוא חייב:  <i data-commentator=\"Bach\" data-order=\"10.1\"></i>  "
        }, 
        {
            "segmentNumber": "10", 
            "he": " <i data-commentator=\"Beit_Yosef\" data-order=\"20.1\"></i>  וכן בחזרה אם החזירה השואל על ידי אחד מאלו ומתה חייב עד שיאמר לו המשאיל להחזירה על ידם או שיאמר לו השואל הריני מחזירה לך על ידם ואמר לו המשאיל הן  <i data-commentator=\"Beit_Yosef\" data-order=\"21.1\"></i> בד\"א כשמחזירה תוך ימי שאלתה אבל לאחר ימי שאלתה פטור בכל ענין מלהתחייב באונסין כשואל אבל חייב בגניבה ואבידה:  <i data-commentator=\"Bach\" data-order=\"11.1\"></i>  "
        }, 
        {
            "segmentNumber": "11", 
            "he": " <i data-commentator=\"Beit_Yosef\" data-order=\"22.1\"></i>  בד\"א שהוא ברשות השואל מיד כשנסתלקו הבעלים לענין להתחייב באונסין אבל לענין חזרת הבעלים ברשותם הוא לחזור עד שעת משיכה <i data-commentator=\"Darchei Moshe\" data-order=\"3.1\"></i> או אחד מהדברים הקונים במקח: "
        }
    ], 
    "heTitle": "טור, חושן משפט", 
    "indexTitle": "Tur", 
    "sectionRef": "Tur, Choshen Mishpat 340", 
    "prev": "Tur, Choshen Mishpat 339", 
    "ref": "Tur, Choshen Mishpat 340", 
    "heRef": "טור, חושן משפט ש״מ", 
    "next": "Tur, Choshen Mishpat 341"
}