{
    "content": [
        {
            "segmentNumber": "1", 
            "he": " <i data-commentator=\"Mystery\" data-order=\"1.1\"></i>  <i data-commentator=\"Beit_Yosef\" data-order=\"1.1\"></i>  <i data-commentator=\"Bach\" data-order=\"1.1\"></i>  מעשר תקנות שתקן עזרא שיהו ב\"ד יושבין בשני ובה'  <i data-commentator=\"Bach\" data-order=\"2.1\"></i> והאידנא קביעות כל הימים שוין וכ\"כ ה\"ר יהודה ברצלוני אע\"פ שעיקר קביעות של בתי דינין בב' וה' אם יש שום עיר שצורך לישב בה ב\"ד בכל יום מושיבין בה בתי דינין בכל יום הכל לפי צורך השעה: "
        }, 
        {
            "segmentNumber": "2", 
            "he": " <i data-commentator=\"Beit_Yosef\" data-order=\"2.1\"></i>  <i data-commentator=\"Mystery\" data-order=\"2.1\"></i>  דבר תורה כל הימים ראוים לדין אבל חכמים אסרו לדון בשבת ויו\"ט משום גזירה שמא יכתוב  <i data-commentator=\"Beit_Yosef\" data-order=\"3.1\"></i> ואם עבר ודן בהם בין שוגג בין מזיד דיניו דין:  <i data-commentator=\"Beit_Yosef\" data-order=\"4.1\"></i>  <i data-commentator=\"Bach\" data-order=\"3.1\"></i>  "
        }, 
        {
            "segmentNumber": "3", 
            "he": " <i data-commentator=\"Mystery\" data-order=\"3.1\"></i> וכן בע\"ש וי\"ט אין דנין שטרודין להכין לצורך שבת וי\"ט  <i data-commentator=\"Beit_Yosef\" data-order=\"5.1\"></i> ואם הזמינו לבעל דין לבא לב\"ד א\"צ לבא ואפילו אם הזמינו בע\"ש וי\"ט לבוא אחרי כן ולא בא<i data-commentator=\"Hagahot\" data-order=\"1.1\"></i> אין קונסין אותו: "
        }, 
        {
            "segmentNumber": "4", 
            "he": " <i data-commentator=\"Beit_Yosef\" data-order=\"6.1\"></i>  <i data-commentator=\"Mystery\" data-order=\"4.1\"></i>  וכן אין קובעין זמן לבא לדין בניסן ותשרי מפני טרדת המועדות: "
        }, 
        {
            "segmentNumber": "5", 
            "he": " <i data-commentator=\"Mystery\" data-order=\"5.1\"></i>  אבל אם הזמינו בניסן ותשרי לבא אחרי כן ולא בא קונסין אותו  <i data-commentator=\"Beit_Yosef\" data-order=\"7.1\"></i> וכתב הרמ\"ה הא דאין קובעין זמן בניסן ותשרי ה\"מ לבא מעיר לעיר אבל מי שהוא בעיר קובעין לו זמן ודנין אותו:  <i data-commentator=\"Beit_Yosef\" data-order=\"8.1\"></i>  <i data-commentator=\"Bach\" data-order=\"4.1\"></i>  "
        }, 
        {
            "segmentNumber": "6", 
            "he": " <i data-commentator=\"Mystery\" data-order=\"6.1\"></i> אין דנין בלילה בד\"א בתחילת דין אבל אם התחילו לדון ביום גומרין בלילה:  <i data-commentator=\"Beit_Yosef\" data-order=\"9.1\"></i>  <i data-commentator=\"Bach\" data-order=\"5.1\"></i>  "
        }, 
        {
            "segmentNumber": "7", 
            "he": " <i data-commentator=\"Mystery\" data-order=\"7.1\"></i> זמן ישיבת הדיינין מהבקר עד חצי היום<i data-commentator=\"Hagahot\" data-order=\"4.1\"></i>  <i data-commentator=\"Bach\" data-order=\"6.1\"></i> מכאן ואילך אין צריכין לישב: "
        }, 
        {
            "segmentNumber": "8", 
            "he": " <i data-commentator=\"Beit_Yosef\" data-order=\"10.1\"></i>  <i data-commentator=\"Mystery\" data-order=\"8.1\"></i>  אין יושבין בדין סמוך למנחה גדולה דהיינו מתחלת שעה ז' עד שיתפלל וכתב ר\"ת דוקא בתחלת דין אבל בגמר דין יכול להתחיל סמוך למנחה גדולה  <i data-commentator=\"Beit_Yosef\" data-order=\"11.1\"></i> ואם התחילו אפילו תחילת דין סמוך למנחה גדולה כגון שהתחילו בעלי הדינין לטעון או שנתעטפו הדיינין אין מפסיקין אפי' לכשיגיע מנחה קטנה ובלבד שיהא להם שהות להתפלל אחר שיגמרו הדין  <i data-commentator=\"Beit_Yosef\" data-order=\"12.1\"></i>  <i data-commentator=\"Bach\" data-order=\"7.1\"></i> אבל אם התחילו סמוך למנחה קטנה דהיינו מתחילת שעה עשירית מפסיקין ולרב אלפס אפי' לגמר דין אין להתחיל אפי' סמוך למנחה גדולה וכן מסקנת א\"א ז\"ל: "
        }
    ], 
    "heTitle": "טור, חושן משפט", 
    "indexTitle": "Tur", 
    "sectionRef": "Tur, Choshen Mishpat 5", 
    "prev": "Tur, Choshen Mishpat 4", 
    "ref": "Tur, Choshen Mishpat 5", 
    "heRef": "טור, חושן משפט ה׳", 
    "next": "Tur, Choshen Mishpat 6"
}