{
    "heTitleVariants": [
        "חושן משפט"
    ], 
    "heTitle": "טור, חושן משפט", 
    "heRef": "טור, חושן משפט קכ״ה", 
    "toSections": [
        125
    ], 
    "sectionRef": "Tur, Choshen Mishpat 125", 
    "next": "Tur, Choshen Mishpat 126", 
    "content": [
        {
            "segmentNumber": "1", 
            "he": " <i data-commentator=\"Mystery\" data-order=\"1.1\"></i>  <i data-commentator=\"Beit_Yosef\" data-order=\"1.1\"></i>  <i data-commentator=\"Bach\" data-order=\"1.1\"></i>  ראובן שהיה חייב מנה לשמעון או שהיה לו פקדון בידו ואמר ללוי הולך מנה זה לשמעון אם בא לחזור וליטלו ממנו אינו יכול דהולך כזכי דמי ומיד כשהגיע ליד לוי זכה בשבילו לשמעון  <i data-commentator=\"Bach\" data-order=\"2.1\"></i> לפיכך בין אם מת לוה או מלוה יתנוהי ליורשי שמעון: ", 
            "links": [], 
            "text": ""
        }, 
        {
            "segmentNumber": "2", 
            "he": " <i data-commentator=\"Beit_Yosef\" data-order=\"2.1\"></i>  <i data-commentator=\"Mystery\" data-order=\"2.1\"></i>  ומ\"מ ראובן חייב באחריותו עד שיגיע ליד שמעון: ", 
            "links": [], 
            "text": ""
        }, 
        {
            "segmentNumber": "3", 
            "he": " <i data-commentator=\"Beit_Yosef\" data-order=\"3.1\"></i>  <i data-commentator=\"Bach\" data-order=\"3.1\"></i>  <i data-commentator=\"Mystery\" data-order=\"3.1\"></i>  ואם החזיר לוי המנה לראובן והעני אחר כך ולא היה לו לפרוע בענין שהפסיד שמעון שלו לוי חייב לשלם שהוא פשע במה שהחזירו לראובן ואם מחמת אונסו החזירו לראובן שאיים עליו ראובן עד שהוצרך להחזיר פטור והרמב\"ם כתב החזירו לו שניהם חייבין באחריותו עד שיגיע לו חובו: ", 
            "links": [], 
            "text": ""
        }, 
        {
            "segmentNumber": "4", 
            "he": " <i data-commentator=\"Beit_Yosef\" data-order=\"4.1\"></i>  <i data-commentator=\"Mystery\" data-order=\"4.1\"></i>  והא דבפקדון אינו יכול לחזור וליטלו מיד לוי דוקא שהוחזק הנפקד כפרן דאז זכות הוא למפקיד שיצא מתחת ידו אבל לא הוחזק כפרן יכול הוא לחזור וליטלו  <i data-commentator=\"Beit_Yosef\" data-order=\"5.1\"></i>  <i data-commentator=\"Bach\" data-order=\"4.1\"></i> כתב הרמ\"ה ואי שווייה מריה דפקדון שליח להביאו לו כיון דגלי דעתיה דניחא ליה דליתביה ניהליה אם בא לחזור אינו חוזר ואפילו בממציא לו שליח דלא מיפטר שומר בהכי מאחריות או אפילו לא ממציא ליה שליח אלא דשליח מהימן נבי מפקיד ובכל יומא הוי מפקיד גביה אם בא לחזור אינו חוזר: ", 
            "links": [], 
            "text": ""
        }, 
        {
            "segmentNumber": "5", 
            "he": " <i data-commentator=\"Beit_Yosef\" data-order=\"6.1\"></i>  <i data-commentator=\"Bach\" data-order=\"5.1\"></i>  <i data-commentator=\"Mystery\" data-order=\"5.1\"></i>  כתב בעל התרומה אמר שליח למלוה הנה מעותיך ששלח לך פלוני בחובך בידי אך אני רוצה להחזיק בהן בשביל חוב שיש לי בידך אם המלוה מודה לשליח שיש לו בידו ואין לו שאר נכסים שיגבה זה מהם חובו והגיע זמן הלואתו אין כח ביד המלוה לערער על המשלח ולומר הפסדתני מעותי שמסרתו ליד מי שאיני יכול להוציאם מידו שהרי המשלח יאמר לו אף אם היה עדיין בידי היו מוציאין מידי מדרבי נתן הואיל ואין לך נכסים אחרים אבל אם יש לו נכסים אחרים המשלה כופה לשליח ליתנם למלוה שכל זמן שלא נתנם לו לא נפטר המשלח מן החוב והשליח חוזר וגובה אותם ממנו וכ\"ש אם אין המלוה מודה לשליח שחייב ליתנם למלוה אפי' אם אין לו נכסים אחרים אע\"פ שהוא נאמן כנגד המלוה לומר אני תופשם בחובי במיגו דפרעתיך הואיל וכל זמן שלא באו ליד המלוה לא פקע שליחותו ונמצא שהשליח בעל דברים של המשלה הוא  <i data-commentator=\"Bach\" data-order=\"6.1\"></i> וכנגד המשלח אין לו מיגו שאינו נאמן לומר החזרתים לך הואיל והולך כזכי דמי  <i data-commentator=\"Beit_Yosef\" data-order=\"7.1\"></i>  <i data-commentator=\"Bach\" data-order=\"7.1\"></i> לפיכך אם מת המשלח ולא הניח נכסים חזר הדין בין השליח ובין המלוה שנשתלחו לו ואפי' קבלם השליח מן המשלח בעדים מיגו שיכול לומר למלוה פרעתיך ונאמן בהיסת נאמן גם בהיסת לומר לו אני תופשם בחובי שאתה חייב לי כיון שאין תובעו בהם המשלח ולא יורשיו  <i data-commentator=\"Bach\" data-order=\"8.1\"></i> אבל הרמ\"ה כתב אם השליח בא להחזיק בהן בשביל חוב שיש לו ביד המלוה או המפקיד אינו יכול דכיון<i data-commentator=\"Hagahot\" data-order=\"2.1\"></i> דא\"ל הולך כמאן דא\"ל זכי דמי או הולך על מנת שתתננו לפלוני דמי ואי מקיים תנאיה זכי ואי לא לא זכי וכאילו לא יצא מיד הלוה או הנפקד  <i data-commentator=\"Beit_Yosef\" data-order=\"8.1\"></i>  <i data-commentator=\"Bach\" data-order=\"9.1\"></i> ודוקא במלוה או בפקדון הוי הולך כזכי אבל במתנה לא הוי כזכי: ", 
            "links": [], 
            "text": ""
        }, 
        {
            "segmentNumber": "6", 
            "he": " <i data-commentator=\"Beit_Yosef\" data-order=\"9.1\"></i>  <i data-commentator=\"Mystery\" data-order=\"6.1\"></i>  ואפילו שעשאו שליח לקבל ואמר לו הנותן הולך לו לא הוי כזכי לפיכך אם אמר הולך מנה לפלוני שאני נותן לו יכול לחזור בו עד שיגיע ליד המקבל  <i data-commentator=\"Beit_Yosef\" data-order=\"10.1\"></i> ואם המקבל עני אמירתו לגבוה כמסירתו להדיוט ואינו יכול לחזור בו: ", 
            "links": [], 
            "text": ""
        }, 
        {
            "segmentNumber": "7", 
            "he": " <i data-commentator=\"Beit_Yosef\" data-order=\"11.1\"></i>  <i data-commentator=\"Bach\" data-order=\"10.1\"></i>  <i data-commentator=\"Mystery\" data-order=\"7.1\"></i>  ופי' ר\"ת דה\"ה נמי אם אמר תן מנה לפלוני במתנה שאינו <i data-commentator=\"Darchei Moshe\" data-order=\"1.1\"></i> כזכי ויכול לחזור בו כל זמן שלא הגיע לידו ", 
            "links": [], 
            "text": ""
        }, 
        {
            "segmentNumber": "8", 
            "he": " <i data-commentator=\"Bach\" data-order=\"11.1\"></i>  <i data-commentator=\"Mystery\" data-order=\"8.1\"></i>  אא\"כ אמר לו זכי לו ואז זכה לו וקנה וכגון שהיה ברשותו אבל אם אינו ברשותו לא ומיהו אפילו אם אינו ברשותו לכשיבא לרשותו יזכה אם לא יחזור בו הנותן קודם לכן: ", 
            "links": [], 
            "text": ""
        }, 
        {
            "segmentNumber": "9", 
            "he": " <i data-commentator=\"Beit_Yosef\" data-order=\"12.1\"></i>  <i data-commentator=\"Bach\" data-order=\"12.1\"></i>  <i data-commentator=\"Mystery\" data-order=\"9.1\"></i>  והרמב\"ם כתב דתן הוי כזכי במתנה  <i data-commentator=\"Beit_Yosef\" data-order=\"13.1\"></i> וכ\"כ הרמ\"ה וכתב ומיהו דוקא שנותן לו החפץ עתה בידו ואומר לו תן חפץ זה לפלוני דכיון דנותנו עתה לידו כדי ליתנו לו מיד שבא לידו זכה בו המקבל  <i data-commentator=\"Bach\" data-order=\"13.1\"></i> אבל אם מתחילה לא בא לידו על דעת לזכות לזה ואחר כך אמר לו תנהו לפלוני לא קנה אלא במעמד שלשתן ואפילו הוא תופש החפץ בידו בשעה שאמר לו תן כיון שלא בא לידו מתחילה לשם כך והני מילי שא\"ל תן אבל אם אמר לו זכה לו בעוד שהחפץ בידו זכה לו אף על פי שלא בא לידו מתחילה לשם כך או אפילו לא היה בידו בשעה שאמר לו זכה לו אלא שהגביהו אח\"כ כדי לזכות לו זכה אפילו שלא בפני הנותן ושלא בפני המקבל דכיון שא\"ל זכה שליחותיה קעביד אבל אם לא אמר לו זכה מחד אנפי אפילו איתיה לפקדון בחצרו של שליה לא זכה למקבל מתנה ע\"כ: ", 
            "links": [], 
            "text": ""
        }, 
        {
            "segmentNumber": "10", 
            "he": " <i data-commentator=\"Beit_Yosef\" data-order=\"14.1\"></i>  <i data-commentator=\"Bach\" data-order=\"14.1\"></i>  <i data-commentator=\"Mystery\" data-order=\"10.1\"></i>  ראובן שאמר לשמעון הולך מנה ללוי שאני נותן לו מתנה והלך שמעון ליתנו ללוי ומצאו שמת חזינן אי בריא היה הנותן ומת בחיי מקבל יתן ליורשי המקבל: ", 
            "links": [], 
            "text": ""
        }, 
        {
            "segmentNumber": "11", 
            "he": " <i data-commentator=\"Mystery\" data-order=\"11.1\"></i>  דקי\"ל מצוה לקיים דברי המת אפי' בבריא שצוה ומת לפיכך כשמת בחיי מקבל זכה בו המקבל והורישו לבניו ואם מת מקבל בחיי נותן יחזיר ליורשי משלח דהולך לאו כזכי דמי ואע\"פ שמת נותן אח\"כ לא שייך לומר מצוה לקיים דברי המת דכיון שמת מקבל בחיי נותן בטלו דבריו בחייו: ", 
            "links": [], 
            "text": ""
        }, 
        {
            "segmentNumber": "12", 
            "he": " <i data-commentator=\"Bach\" data-order=\"15.1\"></i>  <i data-commentator=\"Mystery\" data-order=\"12.1\"></i>  ואם שכ\"מ היה הנותן חזינן אם מת מקבל בשעה שנתן המנה ליד השליח יחזיר לו ליורשי משלח דכיון שמת המקבל לא היה ראוי לקנות אבל אם היה חי בשעה שנתן המנה לשליח יתן ליורשי המקבל אפי' אם המקבל מת בחיי הנותן ואפילו נולדו יורשי המקבל אחרי מיתת הנותן אע\"פ שבשעת מיתת הנותן לא היו ראוין היורשין לקנות למאן דאמר המזכה לעובר לא קנה וגם המקבל לא קנה בחייו כיון שמת בחיי נותן אפילו הכי קנו משום דדברי ש\"מ ככתובין וכמסורין דמו למפרע משעת נתינה הילכך כיון דאיתא למקבל בשעת מתן מעות הוברר הדבר שזכה משעת המתנה והורישו ליורשיו  <i data-commentator=\"Bach\" data-order=\"16.1\"></i> ולכאורה נראה שאם ירצה הנותן יכול לחזור בו כדין מתנת שכיב מרע שאינו קונה עד לאחר מיתה: ", 
            "links": [], 
            "text": ""
        }, 
        {
            "segmentNumber": "13", 
            "he": " <i data-commentator=\"Mystery\" data-order=\"13.1\"></i>  אבל הרמ\"ה כתב שאינו יכול לחזור<i data-commentator=\"Hagahot\" data-order=\"5.1\"></i> ולהכי אמר יתן למקבל או ליורשיו אם מת ולא אמר שישאר ביד השליח עד שיראה אם ימות הנותן אם לא כמו שעושין לשאר מתנות ש\"מ משום דלא דמי לשאר מתנות שכיב מרע שאינו נותן במסירה ואינו מוציא הממון מתחת ידו הילכך אינו קונה עד לאחר מיתה אבל זה שהוציא הממון מתחת ידו ודאי דעתו היה שיקנה מיד ולא משום דדברי ש\"מ ככתובין וכמסורין דמו דכל היכא דקני מקבל מהשתא לא קני באמירה גרידתא אלא הכא כי קני במשיכה דידיה או כמשיכת ההוא דזכי ליה הוא דקני: ", 
            "links": [], 
            "text": ""
        }, 
        {
            "segmentNumber": "14", 
            "he": " <i data-commentator=\"Mystery\" data-order=\"14.1\"></i>  אע\"ג דהולך דבריא לאו כזכי דמי הולך דשכיב מרע כזכי דמי דמסתמא כי יהיב ממונא לשליח אדעתא דלזכי ביה למקבל קא מסר ליה והא דלא אמר זכי אגב צערא לא רמי אדעתיה מידי דהוה אגיטו דאע\"ג דבריא שאמר כתבו גט לאשתי אינו כלום עד שיאמר תנו גבי ש\"מ כותבין אע\"ג דלא אמר תנו שדעתו היה לומר תנו אלא שבחול היה הוא הדין נמי לגבי מתנתו הו\"ל כאילו אמר מהיום אם מתי לפיכך כל זמן שלא עמד אינו חוזר ואם יעמוד <i data-commentator=\"Darchei Moshe\" data-order=\"4.1\"></i> חוזר אפילו אם כבר בא ליד המקבל ומ\"מ כל זמן שלא נתברר שנתרפא צריך השליח לעשות שליחותו ואין לו לחוש שמא יתרפא אלא יתננו למקבל ואם ימות הנותן ישאר למקבל ואם יתרפא יחזירנו לנותן: ", 
            "links": [], 
            "text": ""
        }
    ], 
    "book": "Tur", 
    "prev": "Tur, Choshen Mishpat 124", 
    "textDepth": 2, 
    "sectionNames": [
        "Siman", 
        "Seif"
    ], 
    "sections": [
        125
    ], 
    "isComplex": true, 
    "titleVariants": [
        "Choshen Mishpat"
    ], 
    "categories": [
        "Halakhah", 
        "Tur and Commentaries"
    ], 
    "ref": "Tur, Choshen Mishpat 125", 
    "type": "Halakhah", 
    "addressTypes": [
        "Integer", 
        "Integer"
    ], 
    "indexTitle": "Tur", 
    "heIndexTitle": "טור", 
    "alts": [], 
    "order": ""
}