{
    "heTitleVariants": [
        "רש\"י על סנהדרין"
    ], 
    "heTitle": "רש\"י על סנהדרין כ׳ א", 
    "content": [
        {
            "segmentNumber": "1", 
            "he": [
                "תוקפו של בועז ענוותנותו של פלטי - דאילו בועז חדא לילה ופלטי שנים רבות:"
            ], 
            "links": [
                {
                    "category": "Talmud", 
                    "sourceHeRef": "סנהדרין כ׳ א:א׳", 
                    "index_title": "Sanhedrin", 
                    "sourceRef": "Sanhedrin 20a:1"
                }
            ], 
            "text": ""
        }, 
        {
            "segmentNumber": "2", 
            "he": [], 
            "links": [], 
            "text": ""
        }, 
        {
            "segmentNumber": "3", 
            "he": [], 
            "links": [], 
            "text": ""
        }, 
        {
            "segmentNumber": "4", 
            "he": [], 
            "links": [], 
            "text": ""
        }, 
        {
            "segmentNumber": "5", 
            "he": [], 
            "links": [], 
            "text": ""
        }, 
        {
            "segmentNumber": "6", 
            "he": [], 
            "links": [], 
            "text": ""
        }, 
        {
            "segmentNumber": "7", 
            "he": [], 
            "links": [], 
            "text": ""
        }, 
        {
            "segmentNumber": "8", 
            "he": [], 
            "links": [], 
            "text": ""
        }, 
        {
            "segmentNumber": "9", 
            "he": [
                "דורו של משה ויהושע - עסקו בתורה הרבה ודורו של חזקיהו יותר מהם כדכתיב (ישעיהו י) וחובל עול מפני שמן ואמרינן בחלק (לקמן דף צד:) חובל עול של סנחריב מפני שמנו של חזקיה שהיה דולק בבתי מדרשות עד שבדקו מדן ועד באר שבע ולא מצאו עם הארץ:"
            ], 
            "links": [
                {
                    "category": "Talmud", 
                    "sourceHeRef": "סנהדרין כ׳ א:ט׳", 
                    "index_title": "Sanhedrin", 
                    "sourceRef": "Sanhedrin 20a:9"
                }
            ], 
            "text": ""
        }, 
        {
            "segmentNumber": "10", 
            "he": [
                "מתכסין בטלית אחת - עניים היו:"
            ], 
            "links": [
                {
                    "category": "Talmud", 
                    "sourceHeRef": "סנהדרין כ׳ א:י׳", 
                    "index_title": "Sanhedrin", 
                    "sourceRef": "Sanhedrin 20a:10"
                }
            ], 
            "text": ""
        }, 
        {
            "segmentNumber": "11", 
            "he": [], 
            "links": [], 
            "text": ""
        }, 
        {
            "segmentNumber": "12", 
            "he": [
                "רבי יהודה אומר לעולם - לפני המטה יוצאות שכן מצינו בדוד שיצא אחר מטתו של אבנר ואי ס\"ד נשים אחר המטה אורחיה דדוד להלך עם הנשים:"
            ], 
            "links": [
                {
                    "category": "Talmud", 
                    "sourceHeRef": "סנהדרין כ׳ א:י״ב", 
                    "index_title": "Sanhedrin", 
                    "sourceRef": "Sanhedrin 20a:12"
                }
            ], 
            "text": ""
        }, 
        {
            "segmentNumber": "13", 
            "he": [], 
            "links": [], 
            "text": ""
        }, 
        {
            "segmentNumber": "14", 
            "he": [], 
            "links": [], 
            "text": ""
        }, 
        {
            "segmentNumber": "15", 
            "he": [], 
            "links": [], 
            "text": ""
        }, 
        {
            "segmentNumber": "16", 
            "he": [], 
            "links": [], 
            "text": ""
        }, 
        {
            "segmentNumber": "17", 
            "he": [], 
            "links": [], 
            "text": ""
        }, 
        {
            "segmentNumber": "18", 
            "he": [], 
            "links": [], 
            "text": ""
        }, 
        {
            "segmentNumber": "19", 
            "he": [], 
            "links": [], 
            "text": ""
        }, 
        {
            "segmentNumber": "20", 
            "he": [], 
            "links": [], 
            "text": ""
        }, 
        {
            "segmentNumber": "21", 
            "he": [], 
            "links": [], 
            "text": ""
        }, 
        {
            "segmentNumber": "22", 
            "he": [], 
            "links": [], 
            "text": ""
        }, 
        {
            "segmentNumber": "23", 
            "he": [
                "בתחילה להכרותו - שהיו סבורין שמאתו היתה הריגת אבנר:", 
                "ולבסוף להברותו - שידעו הבירור שלא מאת דוד נהרג אבנר:"
            ], 
            "links": [
                {
                    "category": "Talmud", 
                    "sourceHeRef": "סנהדרין כ׳ א:כ״ג", 
                    "index_title": "Sanhedrin", 
                    "sourceRef": "Sanhedrin 20a:23"
                }, 
                {
                    "category": "Talmud", 
                    "sourceHeRef": "סנהדרין כ׳ א:כ״ג", 
                    "index_title": "Sanhedrin", 
                    "sourceRef": "Sanhedrin 20a:23"
                }
            ], 
            "text": ""
        }, 
        {
            "segmentNumber": "24", 
            "he": [], 
            "links": [], 
            "text": ""
        }, 
        {
            "segmentNumber": "25", 
            "he": [
                "למחות בשאול - בהריגת נוב עיר הכהנים:"
            ], 
            "links": [
                {
                    "category": "Talmud", 
                    "sourceHeRef": "סנהדרין כ׳ א:כ״ה", 
                    "index_title": "Sanhedrin", 
                    "sourceRef": "Sanhedrin 20a:25"
                }
            ], 
            "text": ""
        }, 
        {
            "segmentNumber": "26", 
            "he": [], 
            "links": [], 
            "text": ""
        }, 
        {
            "segmentNumber": "27", 
            "he": [], 
            "links": [], 
            "text": ""
        }, 
        {
            "segmentNumber": "28", 
            "he": [], 
            "links": [], 
            "text": ""
        }, 
        {
            "segmentNumber": "29", 
            "he": [
                "ידיך לא אסורות - אדם חשוב היית לשאול והיה לך למחות ולפי שלא מחית כנפול לפני בני עולה נפלת:"
            ], 
            "links": [
                {
                    "category": "Talmud", 
                    "sourceHeRef": "סנהדרין כ׳ א:כ״ט", 
                    "index_title": "Sanhedrin", 
                    "sourceRef": "Sanhedrin 20a:29"
                }
            ], 
            "text": ""
        }, 
        {
            "segmentNumber": "30", 
            "he": [], 
            "links": [], 
            "text": ""
        }, 
        {
            "segmentNumber": "31", 
            "he": [], 
            "links": [], 
            "text": ""
        }, 
        {
            "segmentNumber": "32", 
            "he": [], 
            "links": [], 
            "text": ""
        }, 
        {
            "segmentNumber": "33", 
            "he": [], 
            "links": [], 
            "text": ""
        }, 
        {
            "segmentNumber": "34", 
            "he": [], 
            "links": [], 
            "text": ""
        }, 
        {
            "segmentNumber": "35", 
            "he": [], 
            "links": [], 
            "text": ""
        }, 
        {
            "segmentNumber": "36", 
            "he": [
                "מכדי מחויי מחית - והכי קאמר ידיך לא אסורות היו לא ניהגת בעצמך כאדם חשוב אלא בכל כוחך גילית בדעתך ומחית בשאול:"
            ], 
            "links": [
                {
                    "category": "Talmud", 
                    "sourceHeRef": "סנהדרין כ׳ א:ל״ו", 
                    "index_title": "Sanhedrin", 
                    "sourceRef": "Sanhedrin 20a:36"
                }
            ], 
            "text": ""
        }, 
        {
            "segmentNumber": "37", 
            "he": [], 
            "links": [], 
            "text": ""
        }, 
        {
            "segmentNumber": "38", 
            "he": [], 
            "links": [], 
            "text": ""
        }, 
        {
            "segmentNumber": "39", 
            "he": [
                "ששהה מלכות בית דוד - שהעמיד את איש בושת למלך ואם לא המליכו אבנר היו ממליכין את דוד ומשמלך איש בושת עד יום שמלך דוד על כל ישראל היו שתי שנים ומחצה שתי שנים לאיש בושת וחצי שנה בין מיתתו למלכות דוד שמשמת שאול מלך דוד בחברון וכתיב בחברון מלך שבע שנים וששה חדשים צא מהן חמש שנים שבין מיתת שאול למלכות איש בושת דתניא בסדר עולם (ולקמן דף קז.) והימים אשר מלך דוד על וגו' נמצאת מלכות ישראל בטילה חמש שנים אלמא חמש שנים היו בלא מלך נשתיירו שתי שנים ומחצה ממלכות איש בושת למלכות בית דוד:"
            ], 
            "links": [
                {
                    "category": "Talmud", 
                    "sourceHeRef": "סנהדרין כ׳ א:ל״ט", 
                    "index_title": "Sanhedrin", 
                    "sourceRef": "Sanhedrin 20a:39"
                }, 
                {
                    "category": "Tanakh", 
                    "sourceHeRef": "אסתר א׳", 
                    "index_title": "Esther", 
                    "sourceRef": "Esther 1"
                }
            ], 
            "text": ""
        }, 
        {
            "segmentNumber": "40", 
            "he": [], 
            "links": [], 
            "text": ""
        }, 
        {
            "segmentNumber": "41", 
            "he": [], 
            "links": [], 
            "text": ""
        }, 
        {
            "segmentNumber": "42", 
            "he": [], 
            "links": [], 
            "text": ""
        }, 
        {
            "segmentNumber": "43", 
            "he": [
                "דרגש ערסא דגדא - נוהגין היו לערוך מטה ושלחן בבית ולא היו משתמשין בהן כלל אלא למזל הבית מונחת משום ניחוש גדא מזל ודומה גד גדי וסנוק לא (שבת דף סז:):"
            ], 
            "links": [
                {
                    "category": "Talmud", 
                    "sourceHeRef": "סנהדרין כ׳ א:מ״ג", 
                    "index_title": "Sanhedrin", 
                    "sourceRef": "Sanhedrin 20a:43"
                }
            ], 
            "text": ""
        }, 
        {
            "segmentNumber": "44", 
            "he": [], 
            "links": [], 
            "text": ""
        }, 
        {
            "segmentNumber": "45", 
            "he": [
                "עד השתא לאו אותביניה - עד הנה לא ישב על אותה מיטה שהרי מונחת היא לנוי הבית:", 
                "והשתא - דאבל הוא בעינן לאותביה עלה מהיכא תיפוק לן:"
            ], 
            "links": [
                {
                    "category": "Talmud", 
                    "sourceHeRef": "סנהדרין כ׳ א:מ״ה", 
                    "index_title": "Sanhedrin", 
                    "sourceRef": "Sanhedrin 20a:45"
                }, 
                {
                    "category": "Talmud", 
                    "sourceHeRef": "סנהדרין כ׳ א:מ״ה", 
                    "index_title": "Sanhedrin", 
                    "sourceRef": "Sanhedrin 20a:45"
                }
            ], 
            "text": ""
        }, 
        {
            "segmentNumber": "46", 
            "he": [], 
            "links": [], 
            "text": ""
        }, 
        {
            "segmentNumber": "47", 
            "he": [], 
            "links": [], 
            "text": ""
        }, 
        {
            "segmentNumber": "48", 
            "he": [
                "השתא מוכלינן ליה - משל אחרים:"
            ], 
            "links": [
                {
                    "category": "Talmud", 
                    "sourceHeRef": "סנהדרין כ׳ א:מ״ח", 
                    "index_title": "Sanhedrin", 
                    "sourceRef": "Sanhedrin 20a:48"
                }
            ], 
            "text": ""
        }, 
        {
            "segmentNumber": "49", 
            "he": [
                "אלא אי קשיא - אדעולא הא קשיא עלה דתניא בעלמא (מו\"ק דף כז.) דרגש אין צריך האבל לכפותו:"
            ], 
            "links": [
                {
                    "category": "Talmud", 
                    "sourceHeRef": "סנהדרין כ׳ א:מ״ט", 
                    "index_title": "Sanhedrin", 
                    "sourceRef": "Sanhedrin 20a:49"
                }
            ], 
            "text": ""
        }, 
        {
            "segmentNumber": "50", 
            "he": [], 
            "links": [], 
            "text": ""
        }, 
        {
            "segmentNumber": "51", 
            "he": [], 
            "links": [], 
            "text": ""
        }, 
        {
            "segmentNumber": "52", 
            "he": [], 
            "links": [], 
            "text": ""
        }, 
        {
            "segmentNumber": "53", 
            "he": [], 
            "links": [], 
            "text": ""
        }, 
        {
            "segmentNumber": "54", 
            "he": [], 
            "links": [], 
            "text": ""
        }, 
        {
            "segmentNumber": "55", 
            "he": [], 
            "links": [], 
            "text": ""
        }, 
        {
            "segmentNumber": "56", 
            "he": [], 
            "links": [], 
            "text": ""
        }, 
        {
            "segmentNumber": "57", 
            "he": [], 
            "links": [], 
            "text": ""
        }, 
        {
            "segmentNumber": "58", 
            "he": [], 
            "links": [], 
            "text": ""
        }, 
        {
            "segmentNumber": "59", 
            "he": [], 
            "links": [], 
            "text": ""
        }, 
        {
            "segmentNumber": "60", 
            "he": [
                "מתיר קרביטין - בימי אבלו קרביטין לולאות:", 
                "קרביטין מי אית ליה - הלא כשאר מטות עושין אותה מטה:"
            ], 
            "links": [
                {
                    "category": "Talmud", 
                    "sourceHeRef": "סנהדרין כ׳ א:ס׳", 
                    "index_title": "Sanhedrin", 
                    "sourceRef": "Sanhedrin 20a:60"
                }, 
                {
                    "category": "Talmud", 
                    "sourceHeRef": "סנהדרין כ׳ א:ס׳", 
                    "index_title": "Sanhedrin", 
                    "sourceRef": "Sanhedrin 20a:60"
                }
            ], 
            "text": ""
        }, 
        {
            "segmentNumber": "61", 
            "he": [], 
            "links": [], 
            "text": ""
        }, 
        {
            "segmentNumber": "62", 
            "he": [
                "גילדאי - רצענין:"
            ], 
            "links": [
                {
                    "category": "Talmud", 
                    "sourceHeRef": "סנהדרין כ׳ א:ס״ב", 
                    "index_title": "Sanhedrin", 
                    "sourceRef": "Sanhedrin 20a:62"
                }
            ], 
            "text": ""
        }, 
        {
            "segmentNumber": "63", 
            "he": [
                "ערסא דצלא - מטה של עור ותולין רצועות בשפת העור סביב וכשרוצין לנטותו עונבין הרצועות בארוכות המטה וכשמתירין אותה הוא נופל והן הן קרביטין וחס הוא עליו לכפותו שלא יתקלקל העור בלחלוח הקרקע שלא היו ראשי כרעיו גבוהין מסירוגו למעלה וקאמר ת\"ק זוקפו על דופן הכרעים וארוכותיו למעלה ואמר ליה רבן שמעון מתיר קרביטין והוא נופל:"
            ], 
            "links": [
                {
                    "category": "Talmud", 
                    "sourceHeRef": "סנהדרין כ׳ א:ס״ג", 
                    "index_title": "Sanhedrin", 
                    "sourceRef": "Sanhedrin 20a:63"
                }
            ], 
            "text": ""
        }, 
        {
            "segmentNumber": "64", 
            "he": [], 
            "links": [], 
            "text": ""
        }, 
        {
            "segmentNumber": "65", 
            "he": [], 
            "links": [], 
            "text": ""
        }
    ], 
    "commentaryBook": "Sanhedrin", 
    "heRef": "רש\"י על סנהדרין כ׳ א", 
    "toSections": [
        "20a"
    ], 
    "sectionRef": "Rashi on Sanhedrin 20a", 
    "title": "Rashi on Sanhedrin 20a", 
    "lengths": [
        224, 
        13487
    ], 
    "next": "Rashi on Sanhedrin 20b:1", 
    "heBook": "רש\"י על סנהדרין", 
    "book": "Rashi on Sanhedrin", 
    "prev": "Rashi on Sanhedrin 19b:92", 
    "textDepth": 3, 
    "sectionNames": [
        "Daf", 
        "Line", 
        "Comment"
    ], 
    "sections": [
        "20a"
    ], 
    "commentator": "Rashi", 
    "isComplex": false, 
    "commentaryCategories": [
        "Talmud", 
        "Bavli", 
        "Seder Nezikin"
    ], 
    "titleVariants": [
        "Rashi on Sanhedrin", 
        "Rashi on Talmud Sanhedrin", 
        "Rashi on Masekhet Sanhedrin", 
        "Rashi on Tractate Sanhedrin"
    ], 
    "categories": [
        "Commentary", 
        "Talmud", 
        "Rashi"
    ], 
    "ref": "Rashi on Sanhedrin 20a", 
    "type": "Commentary", 
    "addressTypes": [
        "Talmud", 
        "Integer", 
        "Integer"
    ], 
    "heCommentator": "רש\"י", 
    "length": 224, 
    "indexTitle": "Rashi on Sanhedrin", 
    "heIndexTitle": "רש\"י על סנהדרין", 
    "alts": [], 
    "order": [
        23, 
        4
    ]
}