{
    "sections": {
        "Rashi on Sanhedrin 52b:55": {
            "content": [], 
            "heTitle": "רש\"י על סנהדרין נ״ב ב:נ״ה", 
            "indexTitle": "Rashi on Sanhedrin", 
            "sectionRef": "Rashi on Sanhedrin 52b:55", 
            "prev": "Rashi on Sanhedrin 52b:51", 
            "ref": "Rashi on Sanhedrin 52b:55", 
            "heRef": "רש\"י על סנהדרין נ״ב ב:נ״ה", 
            "next": "Rashi on Sanhedrin 52b:56"
        }, 
        "Rashi on Sanhedrin 52b:73": {
            "content": [
                {
                    "segmentNumber": "1", 
                    "links": [
                        {
                            "category": "Talmud", 
                            "index_title": "Sanhedrin", 
                            "sourceHeRef": "סנהדרין נ״ב ב:ע״ג", 
                            "sourceRef": "Sanhedrin 52b:73"
                        }
                    ], 
                    "he": "מדקאמר רחמנא בת כהן שזינתה בשריפה מכלל דבת ישראל לאו בשריפה הלכך מות יומת הנואף ע\"כ חנק הוא:"
                }
            ], 
            "heTitle": "רש\"י על סנהדרין נ״ב ב:ע״ג", 
            "indexTitle": "Rashi on Sanhedrin", 
            "sectionRef": "Rashi on Sanhedrin 52b:73", 
            "prev": "Rashi on Sanhedrin 52b:71", 
            "ref": "Rashi on Sanhedrin 52b:73", 
            "heRef": "רש\"י על סנהדרין נ״ב ב:ע״ג", 
            "next": "Rashi on Sanhedrin 53a:1"
        }, 
        "Rashi on Sanhedrin 52b:54": {
            "content": [], 
            "heTitle": "רש\"י על סנהדרין נ״ב ב:נ״ד", 
            "indexTitle": "Rashi on Sanhedrin", 
            "sectionRef": "Rashi on Sanhedrin 52b:54", 
            "prev": "Rashi on Sanhedrin 52b:51", 
            "ref": "Rashi on Sanhedrin 52b:54", 
            "heRef": "רש\"י על סנהדרין נ״ב ב:נ״ד", 
            "next": "Rashi on Sanhedrin 52b:56"
        }, 
        "Rashi on Sanhedrin 52b:9": {
            "content": [
                {
                    "segmentNumber": "1", 
                    "links": [
                        {
                            "category": "Talmud", 
                            "index_title": "Sanhedrin", 
                            "sourceHeRef": "סנהדרין נ״ב ב:ט׳", 
                            "sourceRef": "Sanhedrin 52b:9"
                        }
                    ], 
                    "he": "של צדוקין - שדורשין מקרא ככתבו:"
                }
            ], 
            "heTitle": "רש\"י על סנהדרין נ״ב ב:ט׳", 
            "indexTitle": "Rashi on Sanhedrin", 
            "sectionRef": "Rashi on Sanhedrin 52b:9", 
            "prev": "Rashi on Sanhedrin 52b:5", 
            "ref": "Rashi on Sanhedrin 52b:9", 
            "heRef": "רש\"י על סנהדרין נ״ב ב:ט׳", 
            "next": "Rashi on Sanhedrin 52b:10"
        }, 
        "Rashi on Sanhedrin 52b:8": {
            "content": [], 
            "heTitle": "רש\"י על סנהדרין נ״ב ב:ח׳", 
            "indexTitle": "Rashi on Sanhedrin", 
            "sectionRef": "Rashi on Sanhedrin 52b:8", 
            "prev": "Rashi on Sanhedrin 52b:5", 
            "ref": "Rashi on Sanhedrin 52b:8", 
            "heRef": "רש\"י על סנהדרין נ״ב ב:ח׳", 
            "next": "Rashi on Sanhedrin 52b:9"
        }, 
        "Rashi on Sanhedrin 52b:5": {
            "content": [
                {
                    "segmentNumber": "1", 
                    "links": [
                        {
                            "category": "Talmud", 
                            "index_title": "Sanhedrin", 
                            "sourceHeRef": "סנהדרין נ״ב ב:ה׳", 
                            "sourceRef": "Sanhedrin 52b:5"
                        }
                    ], 
                    "he": "טעה בדרב מתנה - דאמר לעיל שריפת ב\"ד פתילה של אבר היא:"
                }, 
                {
                    "segmentNumber": "2", 
                    "links": [
                        {
                            "category": "Talmud", 
                            "index_title": "Sanhedrin", 
                            "sourceHeRef": "סנהדרין נ״ב ב:ה׳", 
                            "sourceRef": "Sanhedrin 52b:5"
                        }
                    ], 
                    "he": "וטעה בדתניא - שאין ב\"ד ממיתין אלא בזמן לשכת הגזית בעוד סנהדרין נוהגת בלשכת הגזית נוהגת אף בחו\"ל כדאמרינן במסכת מכות (דף ז. ע\"ש):\n"
                }
            ], 
            "heTitle": "רש\"י על סנהדרין נ״ב ב:ה׳", 
            "indexTitle": "Rashi on Sanhedrin", 
            "sectionRef": "Rashi on Sanhedrin 52b:5", 
            "prev": "Rashi on Sanhedrin 52b:3", 
            "ref": "Rashi on Sanhedrin 52b:5", 
            "heRef": "רש\"י על סנהדרין נ״ב ב:ה׳", 
            "next": "Rashi on Sanhedrin 52b:9"
        }, 
        "Rashi on Sanhedrin 52b:4": {
            "content": [], 
            "heTitle": "רש\"י על סנהדרין נ״ב ב:ד׳", 
            "indexTitle": "Rashi on Sanhedrin", 
            "sectionRef": "Rashi on Sanhedrin 52b:4", 
            "prev": "Rashi on Sanhedrin 52b:3", 
            "ref": "Rashi on Sanhedrin 52b:4", 
            "heRef": "רש\"י על סנהדרין נ״ב ב:ד׳", 
            "next": "Rashi on Sanhedrin 52b:5"
        }, 
        "Rashi on Sanhedrin 52b:7": {
            "content": [], 
            "heTitle": "רש\"י על סנהדרין נ״ב ב:ז׳", 
            "indexTitle": "Rashi on Sanhedrin", 
            "sectionRef": "Rashi on Sanhedrin 52b:7", 
            "prev": "Rashi on Sanhedrin 52b:5", 
            "ref": "Rashi on Sanhedrin 52b:7", 
            "heRef": "רש\"י על סנהדרין נ״ב ב:ז׳", 
            "next": "Rashi on Sanhedrin 52b:9"
        }, 
        "Rashi on Sanhedrin 52b:6": {
            "content": [], 
            "heTitle": "רש\"י על סנהדרין נ״ב ב:ו׳", 
            "indexTitle": "Rashi on Sanhedrin", 
            "sectionRef": "Rashi on Sanhedrin 52b:6", 
            "prev": "Rashi on Sanhedrin 52b:5", 
            "ref": "Rashi on Sanhedrin 52b:6", 
            "heRef": "רש\"י על סנהדרין נ״ב ב:ו׳", 
            "next": "Rashi on Sanhedrin 52b:9"
        }, 
        "Rashi on Sanhedrin 52b:1": {
            "content": [
                {
                    "segmentNumber": "1", 
                    "links": [
                        {
                            "category": "Talmud", 
                            "index_title": "Sanhedrin", 
                            "sourceHeRef": "סנהדרין נ״ב ב:א׳", 
                            "sourceRef": "Sanhedrin 52b:1"
                        }, 
                        {
                            "category": "Tanakh", 
                            "index_title": "Numbers", 
                            "sourceHeRef": "במדבר ט״ז", 
                            "sourceRef": "Numbers 16"
                        }
                    ], 
                    "he": "למה תלמיד וכו' - משום דאיירי בעדת קרח נקט לה שהיו תלמידי חכמים כדכתיב (במדבר טז) נשיאי עדה קריאי מועד אנשי שם ועל שם שפיתם אותו רשע כשנהנו מממונו הקלו בעיניו להשיאם ולהחזיק ידו במחלוקת ולמרוד בהקב\"ה:"
                }
            ], 
            "heTitle": "רש\"י על סנהדרין נ״ב ב:א׳", 
            "indexTitle": "Rashi on Sanhedrin", 
            "sectionRef": "Rashi on Sanhedrin 52b:1", 
            "prev": "Rashi on Sanhedrin 52a:61", 
            "ref": "Rashi on Sanhedrin 52b:1", 
            "heRef": "רש\"י על סנהדרין נ״ב ב:א׳", 
            "next": "Rashi on Sanhedrin 52b:2"
        }, 
        "Rashi on Sanhedrin 52b:3": {
            "content": [
                {
                    "segmentNumber": "1", 
                    "links": [
                        {
                            "category": "Talmud", 
                            "index_title": "Sanhedrin", 
                            "sourceHeRef": "סנהדרין נ״ב ב:ג׳", 
                            "sourceRef": "Sanhedrin 52b:3"
                        }
                    ], 
                    "he": "רב חמא בדורות האחרונים היה כשאר האמוראים:"
                }
            ], 
            "heTitle": "רש\"י על סנהדרין נ״ב ב:ג׳", 
            "indexTitle": "Rashi on Sanhedrin", 
            "sectionRef": "Rashi on Sanhedrin 52b:3", 
            "prev": "Rashi on Sanhedrin 52b:2", 
            "ref": "Rashi on Sanhedrin 52b:3", 
            "heRef": "רש\"י על סנהדרין נ״ב ב:ג׳", 
            "next": "Rashi on Sanhedrin 52b:5"
        }, 
        "Rashi on Sanhedrin 52b:2": {
            "content": [
                {
                    "segmentNumber": "1", 
                    "links": [
                        {
                            "category": "Talmud", 
                            "index_title": "Sanhedrin", 
                            "sourceHeRef": "סנהדרין נ״ב ב:ב׳", 
                            "sourceRef": "Sanhedrin 52b:2"
                        }
                    ], 
                    "he": "בתחלה - בעודו מתנהג בכבודו שאין צריך לו הוא יקר בעיניו: "
                }
            ], 
            "heTitle": "רש\"י על סנהדרין נ״ב ב:ב׳", 
            "indexTitle": "Rashi on Sanhedrin", 
            "sectionRef": "Rashi on Sanhedrin 52b:2", 
            "prev": "Rashi on Sanhedrin 52b:1", 
            "ref": "Rashi on Sanhedrin 52b:2", 
            "heRef": "רש\"י על סנהדרין נ״ב ב:ב׳", 
            "next": "Rashi on Sanhedrin 52b:3"
        }, 
        "Rashi on Sanhedrin 52b:15": {
            "content": [], 
            "heTitle": "רש\"י על סנהדרין נ״ב ב:ט״ו", 
            "indexTitle": "Rashi on Sanhedrin", 
            "sectionRef": "Rashi on Sanhedrin 52b:15", 
            "prev": "Rashi on Sanhedrin 52b:11", 
            "ref": "Rashi on Sanhedrin 52b:15", 
            "heRef": "רש\"י על סנהדרין נ״ב ב:ט״ו", 
            "next": "Rashi on Sanhedrin 52b:17"
        }, 
        "Rashi on Sanhedrin 52b:14": {
            "content": [], 
            "heTitle": "רש\"י על סנהדרין נ״ב ב:י״ד", 
            "indexTitle": "Rashi on Sanhedrin", 
            "sectionRef": "Rashi on Sanhedrin 52b:14", 
            "prev": "Rashi on Sanhedrin 52b:11", 
            "ref": "Rashi on Sanhedrin 52b:14", 
            "heRef": "רש\"י על סנהדרין נ״ב ב:י״ד", 
            "next": "Rashi on Sanhedrin 52b:17"
        }, 
        "Rashi on Sanhedrin 52b:17": {
            "content": [
                {
                    "segmentNumber": "1", 
                    "links": [
                        {
                            "category": "Talmud", 
                            "index_title": "Sanhedrin", 
                            "sourceHeRef": "סנהדרין נ״ב ב:י״ז", 
                            "sourceRef": "Sanhedrin 52b:17"
                        }
                    ], 
                    "he": "אמר להו כשהוא גדול - מעשה שראה בגדלו ולא אשגחו ביה דאמרו ליה לא היה ב\"ד של אותה וכו' והדר אמר להו מעשה שראה בקטנו:\n"
                }
            ], 
            "heTitle": "רש\"י על סנהדרין נ״ב ב:י״ז", 
            "indexTitle": "Rashi on Sanhedrin", 
            "sectionRef": "Rashi on Sanhedrin 52b:17", 
            "prev": "Rashi on Sanhedrin 52b:11", 
            "ref": "Rashi on Sanhedrin 52b:17", 
            "heRef": "רש\"י על סנהדרין נ״ב ב:י״ז", 
            "next": "Rashi on Sanhedrin 52b:27"
        }, 
        "Rashi on Sanhedrin 52b:16": {
            "content": [], 
            "heTitle": "רש\"י על סנהדרין נ״ב ב:ט״ז", 
            "indexTitle": "Rashi on Sanhedrin", 
            "sectionRef": "Rashi on Sanhedrin 52b:16", 
            "prev": "Rashi on Sanhedrin 52b:11", 
            "ref": "Rashi on Sanhedrin 52b:16", 
            "heRef": "רש\"י על סנהדרין נ״ב ב:ט״ז", 
            "next": "Rashi on Sanhedrin 52b:17"
        }, 
        "Rashi on Sanhedrin 52b:11": {
            "content": [
                {
                    "segmentNumber": "1", 
                    "links": [
                        {
                            "category": "Talmud", 
                            "index_title": "Sanhedrin", 
                            "sourceHeRef": "סנהדרין נ״ב ב:י״א", 
                            "sourceRef": "Sanhedrin 52b:11"
                        }
                    ], 
                    "he": "והתניא - דאין מביאין ראיה מן הקטן אהדרו ליה:"
                }
            ], 
            "heTitle": "רש\"י על סנהדרין נ״ב ב:י״א", 
            "indexTitle": "Rashi on Sanhedrin", 
            "sectionRef": "Rashi on Sanhedrin 52b:11", 
            "prev": "Rashi on Sanhedrin 52b:10", 
            "ref": "Rashi on Sanhedrin 52b:11", 
            "heRef": "רש\"י על סנהדרין נ״ב ב:י״א", 
            "next": "Rashi on Sanhedrin 52b:17"
        }, 
        "Rashi on Sanhedrin 52b:10": {
            "content": [
                {
                    "segmentNumber": "1", 
                    "links": [
                        {
                            "category": "Talmud", 
                            "index_title": "Sanhedrin", 
                            "sourceHeRef": "סנהדרין נ״ב ב:י׳", 
                            "sourceRef": "Sanhedrin 52b:10"
                        }
                    ], 
                    "he": "ה\"ק - רבי אלעזר לחכמים בתמיה כדאמרינן במתניתין דמשמע שראה מעשה זה משגדל והכי אהדרו ליה לא היה ב\"ד בקי:\n"
                }
            ], 
            "heTitle": "רש\"י על סנהדרין נ״ב ב:י׳", 
            "indexTitle": "Rashi on Sanhedrin", 
            "sectionRef": "Rashi on Sanhedrin 52b:10", 
            "prev": "Rashi on Sanhedrin 52b:9", 
            "ref": "Rashi on Sanhedrin 52b:10", 
            "heRef": "רש\"י על סנהדרין נ״ב ב:י׳", 
            "next": "Rashi on Sanhedrin 52b:11"
        }, 
        "Rashi on Sanhedrin 52b:13": {
            "content": [], 
            "heTitle": "רש\"י על סנהדרין נ״ב ב:י״ג", 
            "indexTitle": "Rashi on Sanhedrin", 
            "sectionRef": "Rashi on Sanhedrin 52b:13", 
            "prev": "Rashi on Sanhedrin 52b:11", 
            "ref": "Rashi on Sanhedrin 52b:13", 
            "heRef": "רש\"י על סנהדרין נ״ב ב:י״ג", 
            "next": "Rashi on Sanhedrin 52b:17"
        }, 
        "Rashi on Sanhedrin 52b:12": {
            "content": [], 
            "heTitle": "רש\"י על סנהדרין נ״ב ב:י״ב", 
            "indexTitle": "Rashi on Sanhedrin", 
            "sectionRef": "Rashi on Sanhedrin 52b:12", 
            "prev": "Rashi on Sanhedrin 52b:11", 
            "ref": "Rashi on Sanhedrin 52b:12", 
            "heRef": "רש\"י על סנהדרין נ״ב ב:י״ב", 
            "next": "Rashi on Sanhedrin 52b:17"
        }, 
        "Rashi on Sanhedrin 52b:51": {
            "content": [
                {
                    "segmentNumber": "1", 
                    "links": [
                        {
                            "category": "Talmud", 
                            "index_title": "Sanhedrin", 
                            "sourceHeRef": "סנהדרין נ״ב ב:נ״א", 
                            "sourceRef": "Sanhedrin 52b:51"
                        }
                    ], 
                    "he": "קטל בר חורין - דלא כתיב ביה אלא מיתה סתם וכל מיתה סתם חנק הוא:"
                }, 
                {
                    "segmentNumber": "2", 
                    "links": [
                        {
                            "category": "Talmud", 
                            "index_title": "Sanhedrin", 
                            "sourceHeRef": "סנהדרין נ״ב ב:נ״א", 
                            "sourceRef": "Sanhedrin 52b:51"
                        }
                    ], 
                    "he": "מנלן - בסייף:"
                }
            ], 
            "heTitle": "רש\"י על סנהדרין נ״ב ב:נ״א", 
            "indexTitle": "Rashi on Sanhedrin", 
            "sectionRef": "Rashi on Sanhedrin 52b:51", 
            "prev": "Rashi on Sanhedrin 52b:48", 
            "ref": "Rashi on Sanhedrin 52b:51", 
            "heRef": "רש\"י על סנהדרין נ״ב ב:נ״א", 
            "next": "Rashi on Sanhedrin 52b:56"
        }, 
        "Rashi on Sanhedrin 52b:50": {
            "content": [], 
            "heTitle": "רש\"י על סנהדרין נ״ב ב:נ׳", 
            "indexTitle": "Rashi on Sanhedrin", 
            "sectionRef": "Rashi on Sanhedrin 52b:50", 
            "prev": "Rashi on Sanhedrin 52b:48", 
            "ref": "Rashi on Sanhedrin 52b:50", 
            "heRef": "רש\"י על סנהדרין נ״ב ב:נ׳", 
            "next": "Rashi on Sanhedrin 52b:51"
        }, 
        "Rashi on Sanhedrin 52b:53": {
            "content": [], 
            "heTitle": "רש\"י על סנהדרין נ״ב ב:נ״ג", 
            "indexTitle": "Rashi on Sanhedrin", 
            "sectionRef": "Rashi on Sanhedrin 52b:53", 
            "prev": "Rashi on Sanhedrin 52b:51", 
            "ref": "Rashi on Sanhedrin 52b:53", 
            "heRef": "רש\"י על סנהדרין נ״ב ב:נ״ג", 
            "next": "Rashi on Sanhedrin 52b:56"
        }, 
        "Rashi on Sanhedrin 52b:52": {
            "content": [], 
            "heTitle": "רש\"י על סנהדרין נ״ב ב:נ״ב", 
            "indexTitle": "Rashi on Sanhedrin", 
            "sectionRef": "Rashi on Sanhedrin 52b:52", 
            "prev": "Rashi on Sanhedrin 52b:51", 
            "ref": "Rashi on Sanhedrin 52b:52", 
            "heRef": "רש\"י על סנהדרין נ״ב ב:נ״ב", 
            "next": "Rashi on Sanhedrin 52b:56"
        }, 
        "Rashi on Sanhedrin 52b:19": {
            "content": [], 
            "heTitle": "רש\"י על סנהדרין נ״ב ב:י״ט", 
            "indexTitle": "Rashi on Sanhedrin", 
            "sectionRef": "Rashi on Sanhedrin 52b:19", 
            "prev": "Rashi on Sanhedrin 52b:17", 
            "ref": "Rashi on Sanhedrin 52b:19", 
            "heRef": "רש\"י על סנהדרין נ״ב ב:י״ט", 
            "next": "Rashi on Sanhedrin 52b:27"
        }, 
        "Rashi on Sanhedrin 52b:18": {
            "content": [], 
            "heTitle": "רש\"י על סנהדרין נ״ב ב:י״ח", 
            "indexTitle": "Rashi on Sanhedrin", 
            "sectionRef": "Rashi on Sanhedrin 52b:18", 
            "prev": "Rashi on Sanhedrin 52b:17", 
            "ref": "Rashi on Sanhedrin 52b:18", 
            "heRef": "רש\"י על סנהדרין נ״ב ב:י״ח", 
            "next": "Rashi on Sanhedrin 52b:27"
        }, 
        "Rashi on Sanhedrin 52b:57": {
            "content": [
                {
                    "segmentNumber": "1", 
                    "links": [
                        {
                            "category": "Talmud", 
                            "index_title": "Sanhedrin", 
                            "sourceHeRef": "סנהדרין נ״ב ב:נ״ז", 
                            "sourceRef": "Sanhedrin 52b:57"
                        }, 
                        {
                            "category": "Tanakh", 
                            "index_title": "Deuteronomy", 
                            "sourceHeRef": "דברים כ״א", 
                            "sourceRef": "Deuteronomy 21"
                        }, 
                        {
                            "category": "Tanakh", 
                            "index_title": "Jeremiah", 
                            "sourceHeRef": "ירמיהו ל״ב", 
                            "sourceRef": "Jeremiah 32"
                        }
                    ], 
                    "he": "ממול עורף - מאחרי הפנים דכתיב (דברים כא) וערפו לשון עורף מול הרואה את העורף דהיינו אחורי צואר שרואין את העורף ועורף הוא קטרי\"ל שכנגד הפנים דכתיב (ירמיהו לב) ויפנו אלי עורף ולא פנים אלמא עורף להדי פנים:"
                }
            ], 
            "heTitle": "רש\"י על סנהדרין נ״ב ב:נ״ז", 
            "indexTitle": "Rashi on Sanhedrin", 
            "sectionRef": "Rashi on Sanhedrin 52b:57", 
            "prev": "Rashi on Sanhedrin 52b:56", 
            "ref": "Rashi on Sanhedrin 52b:57", 
            "heRef": "רש\"י על סנהדרין נ״ב ב:נ״ז", 
            "next": "Rashi on Sanhedrin 52b:62"
        }, 
        "Rashi on Sanhedrin 52b:56": {
            "content": [
                {
                    "segmentNumber": "1", 
                    "links": [
                        {
                            "category": "Talmud", 
                            "index_title": "Sanhedrin", 
                            "sourceHeRef": "סנהדרין נ״ב ב:נ״ו", 
                            "sourceRef": "Sanhedrin 52b:56"
                        }
                    ], 
                    "he": "מן הצואר - גרון:"
                }
            ], 
            "heTitle": "רש\"י על סנהדרין נ״ב ב:נ״ו", 
            "indexTitle": "Rashi on Sanhedrin", 
            "sectionRef": "Rashi on Sanhedrin 52b:56", 
            "prev": "Rashi on Sanhedrin 52b:51", 
            "ref": "Rashi on Sanhedrin 52b:56", 
            "heRef": "רש\"י על סנהדרין נ״ב ב:נ״ו", 
            "next": "Rashi on Sanhedrin 52b:57"
        }, 
        "Rashi on Sanhedrin 52b:39": {
            "content": [], 
            "heTitle": "רש\"י על סנהדרין נ״ב ב:ל״ט", 
            "indexTitle": "Rashi on Sanhedrin", 
            "sectionRef": "Rashi on Sanhedrin 52b:39", 
            "prev": "Rashi on Sanhedrin 52b:37", 
            "ref": "Rashi on Sanhedrin 52b:39", 
            "heRef": "רש\"י על סנהדרין נ״ב ב:ל״ט", 
            "next": "Rashi on Sanhedrin 52b:45"
        }, 
        "Rashi on Sanhedrin 52b:38": {
            "content": [], 
            "heTitle": "רש\"י על סנהדרין נ״ב ב:ל״ח", 
            "indexTitle": "Rashi on Sanhedrin", 
            "sectionRef": "Rashi on Sanhedrin 52b:38", 
            "prev": "Rashi on Sanhedrin 52b:37", 
            "ref": "Rashi on Sanhedrin 52b:38", 
            "heRef": "רש\"י על סנהדרין נ״ב ב:ל״ח", 
            "next": "Rashi on Sanhedrin 52b:45"
        }, 
        "Rashi on Sanhedrin 52b:33": {
            "content": [], 
            "heTitle": "רש\"י על סנהדרין נ״ב ב:ל״ג", 
            "indexTitle": "Rashi on Sanhedrin", 
            "sectionRef": "Rashi on Sanhedrin 52b:33", 
            "prev": "Rashi on Sanhedrin 52b:27", 
            "ref": "Rashi on Sanhedrin 52b:33", 
            "heRef": "רש\"י על סנהדרין נ״ב ב:ל״ג", 
            "next": "Rashi on Sanhedrin 52b:35"
        }, 
        "Rashi on Sanhedrin 52b:32": {
            "content": [], 
            "heTitle": "רש\"י על סנהדרין נ״ב ב:ל״ב", 
            "indexTitle": "Rashi on Sanhedrin", 
            "sectionRef": "Rashi on Sanhedrin 52b:32", 
            "prev": "Rashi on Sanhedrin 52b:27", 
            "ref": "Rashi on Sanhedrin 52b:32", 
            "heRef": "רש\"י על סנהדרין נ״ב ב:ל״ב", 
            "next": "Rashi on Sanhedrin 52b:35"
        }, 
        "Rashi on Sanhedrin 52b:31": {
            "content": [], 
            "heTitle": "רש\"י על סנהדרין נ״ב ב:ל״א", 
            "indexTitle": "Rashi on Sanhedrin", 
            "sectionRef": "Rashi on Sanhedrin 52b:31", 
            "prev": "Rashi on Sanhedrin 52b:27", 
            "ref": "Rashi on Sanhedrin 52b:31", 
            "heRef": "רש\"י על סנהדרין נ״ב ב:ל״א", 
            "next": "Rashi on Sanhedrin 52b:35"
        }, 
        "Rashi on Sanhedrin 52b:30": {
            "content": [], 
            "heTitle": "רש\"י על סנהדרין נ״ב ב:ל׳", 
            "indexTitle": "Rashi on Sanhedrin", 
            "sectionRef": "Rashi on Sanhedrin 52b:30", 
            "prev": "Rashi on Sanhedrin 52b:27", 
            "ref": "Rashi on Sanhedrin 52b:30", 
            "heRef": "רש\"י על סנהדרין נ״ב ב:ל׳", 
            "next": "Rashi on Sanhedrin 52b:35"
        }, 
        "Rashi on Sanhedrin 52b:37": {
            "content": [
                {
                    "segmentNumber": "1", 
                    "links": [
                        {
                            "category": "Talmud", 
                            "index_title": "Sanhedrin", 
                            "sourceHeRef": "סנהדרין נ״ב ב:ל״ז", 
                            "sourceRef": "Sanhedrin 52b:37"
                        }
                    ], 
                    "he": "אלא משום דכתיב הך שריפה בדאורייתא - שנאמר בצדקיהו בשלום תמות ובמשרפות אבותיך המלכים הראשונים כן ישרפו לך וגו':"
                }
            ], 
            "heTitle": "רש\"י על סנהדרין נ״ב ב:ל״ז", 
            "indexTitle": "Rashi on Sanhedrin", 
            "sectionRef": "Rashi on Sanhedrin 52b:37", 
            "prev": "Rashi on Sanhedrin 52b:35", 
            "ref": "Rashi on Sanhedrin 52b:37", 
            "heRef": "רש\"י על סנהדרין נ״ב ב:ל״ז", 
            "next": "Rashi on Sanhedrin 52b:45"
        }, 
        "Rashi on Sanhedrin 52b:36": {
            "content": [], 
            "heTitle": "רש\"י על סנהדרין נ״ב ב:ל״ו", 
            "indexTitle": "Rashi on Sanhedrin", 
            "sectionRef": "Rashi on Sanhedrin 52b:36", 
            "prev": "Rashi on Sanhedrin 52b:35", 
            "ref": "Rashi on Sanhedrin 52b:36", 
            "heRef": "רש\"י על סנהדרין נ״ב ב:ל״ו", 
            "next": "Rashi on Sanhedrin 52b:37"
        }, 
        "Rashi on Sanhedrin 52b:35": {
            "content": [
                {
                    "segmentNumber": "1", 
                    "links": [
                        {
                            "category": "Talmud", 
                            "index_title": "Sanhedrin", 
                            "sourceHeRef": "סנהדרין נ״ב ב:ל״ה", 
                            "sourceRef": "Sanhedrin 52b:35"
                        }
                    ], 
                    "he": "גמ' שורפים על המלכים - שמתו מטתן וכלי תשמישן ואין בהן משום דרכי האמורי:"
                }
            ], 
            "heTitle": "רש\"י על סנהדרין נ״ב ב:ל״ה", 
            "indexTitle": "Rashi on Sanhedrin", 
            "sectionRef": "Rashi on Sanhedrin 52b:35", 
            "prev": "Rashi on Sanhedrin 52b:27", 
            "ref": "Rashi on Sanhedrin 52b:35", 
            "heRef": "רש\"י על סנהדרין נ״ב ב:ל״ה", 
            "next": "Rashi on Sanhedrin 52b:37"
        }, 
        "Rashi on Sanhedrin 52b:34": {
            "content": [], 
            "heTitle": "רש\"י על סנהדרין נ״ב ב:ל״ד", 
            "indexTitle": "Rashi on Sanhedrin", 
            "sectionRef": "Rashi on Sanhedrin 52b:34", 
            "prev": "Rashi on Sanhedrin 52b:27", 
            "ref": "Rashi on Sanhedrin 52b:34", 
            "heRef": "רש\"י על סנהדרין נ״ב ב:ל״ד", 
            "next": "Rashi on Sanhedrin 52b:35"
        }, 
        "Rashi on Sanhedrin 52b:59": {
            "content": [], 
            "heTitle": "רש\"י על סנהדרין נ״ב ב:נ״ט", 
            "indexTitle": "Rashi on Sanhedrin", 
            "sectionRef": "Rashi on Sanhedrin 52b:59", 
            "prev": "Rashi on Sanhedrin 52b:57", 
            "ref": "Rashi on Sanhedrin 52b:59", 
            "heRef": "רש\"י על סנהדרין נ״ב ב:נ״ט", 
            "next": "Rashi on Sanhedrin 52b:62"
        }, 
        "Rashi on Sanhedrin 52b:71": {
            "content": [
                {
                    "segmentNumber": "1", 
                    "links": [
                        {
                            "category": "Talmud", 
                            "index_title": "Sanhedrin", 
                            "sourceHeRef": "סנהדרין נ״ב ב:ע״א", 
                            "sourceRef": "Sanhedrin 52b:71"
                        }
                    ], 
                    "he": "אין בה רושם - אין בה חבורה וסימן:"
                }
            ], 
            "heTitle": "רש\"י על סנהדרין נ״ב ב:ע״א", 
            "indexTitle": "Rashi on Sanhedrin", 
            "sectionRef": "Rashi on Sanhedrin 52b:71", 
            "prev": "Rashi on Sanhedrin 52b:70", 
            "ref": "Rashi on Sanhedrin 52b:71", 
            "heRef": "רש\"י על סנהדרין נ״ב ב:ע״א", 
            "next": "Rashi on Sanhedrin 52b:73"
        }, 
        "Rashi on Sanhedrin 52b:58": {
            "content": [], 
            "heTitle": "רש\"י על סנהדרין נ״ב ב:נ״ח", 
            "indexTitle": "Rashi on Sanhedrin", 
            "sectionRef": "Rashi on Sanhedrin 52b:58", 
            "prev": "Rashi on Sanhedrin 52b:57", 
            "ref": "Rashi on Sanhedrin 52b:58", 
            "heRef": "רש\"י על סנהדרין נ״ב ב:נ״ח", 
            "next": "Rashi on Sanhedrin 52b:62"
        }, 
        "Rashi on Sanhedrin 52b:62": {
            "content": [
                {
                    "segmentNumber": "1", 
                    "links": [
                        {
                            "category": "Talmud", 
                            "index_title": "Sanhedrin", 
                            "sourceHeRef": "סנהדרין נ״ב ב:ס״ב", 
                            "sourceRef": "Sanhedrin 52b:62"
                        }
                    ], 
                    "he": "פרט לאשת קטן - אשמועינן דקטן אין לו קדושין:"
                }, 
                {
                    "segmentNumber": "2", 
                    "links": [
                        {
                            "category": "Talmud", 
                            "index_title": "Sanhedrin", 
                            "sourceHeRef": "סנהדרין נ״ב ב:ס״ב", 
                            "sourceRef": "Sanhedrin 52b:62"
                        }
                    ], 
                    "he": "לאשת אחרים - כותי אשמועינן שאין קידושין לכותי ומהכא תיפוק לן בכל דוכתא:"
                }
            ], 
            "heTitle": "רש\"י על סנהדרין נ״ב ב:ס״ב", 
            "indexTitle": "Rashi on Sanhedrin", 
            "sectionRef": "Rashi on Sanhedrin 52b:62", 
            "prev": "Rashi on Sanhedrin 52b:57", 
            "ref": "Rashi on Sanhedrin 52b:62", 
            "heRef": "רש\"י על סנהדרין נ״ב ב:ס״ב", 
            "next": "Rashi on Sanhedrin 52b:65"
        }, 
        "Rashi on Sanhedrin 52b:72": {
            "content": [], 
            "heTitle": "רש\"י על סנהדרין נ״ב ב:ע״ב", 
            "indexTitle": "Rashi on Sanhedrin", 
            "sectionRef": "Rashi on Sanhedrin 52b:72", 
            "prev": "Rashi on Sanhedrin 52b:71", 
            "ref": "Rashi on Sanhedrin 52b:72", 
            "heRef": "רש\"י על סנהדרין נ״ב ב:ע״ב", 
            "next": "Rashi on Sanhedrin 52b:73"
        }, 
        "Rashi on Sanhedrin 52b:63": {
            "content": [], 
            "heTitle": "רש\"י על סנהדרין נ״ב ב:ס״ג", 
            "indexTitle": "Rashi on Sanhedrin", 
            "sectionRef": "Rashi on Sanhedrin 52b:63", 
            "prev": "Rashi on Sanhedrin 52b:62", 
            "ref": "Rashi on Sanhedrin 52b:63", 
            "heRef": "רש\"י על סנהדרין נ״ב ב:ס״ג", 
            "next": "Rashi on Sanhedrin 52b:65"
        }, 
        "Rashi on Sanhedrin 52b:70": {
            "content": [
                {
                    "segmentNumber": "1", 
                    "links": [
                        {
                            "category": "Talmud", 
                            "index_title": "Sanhedrin", 
                            "sourceHeRef": "סנהדרין נ״ב ב:ע׳", 
                            "sourceRef": "Sanhedrin 52b:70"
                        }, 
                        {
                            "category": "Tanakh", 
                            "index_title": "Genesis", 
                            "sourceHeRef": "בראשית ל״ח", 
                            "sourceRef": "Genesis 38"
                        }
                    ], 
                    "he": "נאמר מיתה בידי שמים - וימת גם אותו (בראשית לח) ונאמרה מיתה סתם בידי אדם:"
                }
            ], 
            "heTitle": "רש\"י על סנהדרין נ״ב ב:ע׳", 
            "indexTitle": "Rashi on Sanhedrin", 
            "sectionRef": "Rashi on Sanhedrin 52b:70", 
            "prev": "Rashi on Sanhedrin 52b:67", 
            "ref": "Rashi on Sanhedrin 52b:70", 
            "heRef": "רש\"י על סנהדרין נ״ב ב:ע׳", 
            "next": "Rashi on Sanhedrin 52b:71"
        }, 
        "Rashi on Sanhedrin 52b:60": {
            "content": [], 
            "heTitle": "רש\"י על סנהדרין נ״ב ב:ס׳", 
            "indexTitle": "Rashi on Sanhedrin", 
            "sectionRef": "Rashi on Sanhedrin 52b:60", 
            "prev": "Rashi on Sanhedrin 52b:57", 
            "ref": "Rashi on Sanhedrin 52b:60", 
            "heRef": "רש\"י על סנהדרין נ״ב ב:ס׳", 
            "next": "Rashi on Sanhedrin 52b:62"
        }, 
        "Rashi on Sanhedrin 52b:61": {
            "content": [], 
            "heTitle": "רש\"י על סנהדרין נ״ב ב:ס״א", 
            "indexTitle": "Rashi on Sanhedrin", 
            "sectionRef": "Rashi on Sanhedrin 52b:61", 
            "prev": "Rashi on Sanhedrin 52b:57", 
            "ref": "Rashi on Sanhedrin 52b:61", 
            "heRef": "רש\"י על סנהדרין נ״ב ב:ס״א", 
            "next": "Rashi on Sanhedrin 52b:62"
        }, 
        "Rashi on Sanhedrin 52b:48": {
            "content": [
                {
                    "segmentNumber": "1", 
                    "links": [
                        {
                            "category": "Talmud", 
                            "index_title": "Sanhedrin", 
                            "sourceHeRef": "סנהדרין נ״ב ב:מ״ח", 
                            "sourceRef": "Sanhedrin 52b:48"
                        }
                    ], 
                    "he": "גיסטרא - חולקו לאורכו לשנים:"
                }
            ], 
            "heTitle": "רש\"י על סנהדרין נ״ב ב:מ״ח", 
            "indexTitle": "Rashi on Sanhedrin", 
            "sectionRef": "Rashi on Sanhedrin 52b:48", 
            "prev": "Rashi on Sanhedrin 52b:47", 
            "ref": "Rashi on Sanhedrin 52b:48", 
            "heRef": "רש\"י על סנהדרין נ״ב ב:מ״ח", 
            "next": "Rashi on Sanhedrin 52b:51"
        }, 
        "Rashi on Sanhedrin 52b:49": {
            "content": [], 
            "heTitle": "רש\"י על סנהדרין נ״ב ב:מ״ט", 
            "indexTitle": "Rashi on Sanhedrin", 
            "sectionRef": "Rashi on Sanhedrin 52b:49", 
            "prev": "Rashi on Sanhedrin 52b:48", 
            "ref": "Rashi on Sanhedrin 52b:49", 
            "heRef": "רש\"י על סנהדרין נ״ב ב:מ״ט", 
            "next": "Rashi on Sanhedrin 52b:51"
        }, 
        "Rashi on Sanhedrin 52b:64": {
            "content": [], 
            "heTitle": "רש\"י על סנהדרין נ״ב ב:ס״ד", 
            "indexTitle": "Rashi on Sanhedrin", 
            "sectionRef": "Rashi on Sanhedrin 52b:64", 
            "prev": "Rashi on Sanhedrin 52b:62", 
            "ref": "Rashi on Sanhedrin 52b:64", 
            "heRef": "רש\"י על סנהדרין נ״ב ב:ס״ד", 
            "next": "Rashi on Sanhedrin 52b:65"
        }, 
        "Rashi on Sanhedrin 52b:65": {
            "content": [
                {
                    "segmentNumber": "1", 
                    "links": [
                        {
                            "category": "Talmud", 
                            "index_title": "Sanhedrin", 
                            "sourceHeRef": "סנהדרין נ״ב ב:ס״ה", 
                            "sourceRef": "Sanhedrin 52b:65"
                        }
                    ], 
                    "he": "אלא להקל עליה - ולקמן מפרש דארבע מיתות כסידרן גמרא גמיר להו ר' יאשיה מסיני וכיון דחנק קלה מכולם על כרחיך נתנה לחייבי מיתות הסתומין שהרי אין לך כח להחמיר עליהם שמנין לך לדונם בחמורה שמא לא נתחייב בה:"
                }
            ], 
            "heTitle": "רש\"י על סנהדרין נ״ב ב:ס״ה", 
            "indexTitle": "Rashi on Sanhedrin", 
            "sectionRef": "Rashi on Sanhedrin 52b:65", 
            "prev": "Rashi on Sanhedrin 52b:62", 
            "ref": "Rashi on Sanhedrin 52b:65", 
            "heRef": "רש\"י על סנהדרין נ״ב ב:ס״ה", 
            "next": "Rashi on Sanhedrin 52b:67"
        }, 
        "Rashi on Sanhedrin 52b:66": {
            "content": [], 
            "heTitle": "רש\"י על סנהדרין נ״ב ב:ס״ו", 
            "indexTitle": "Rashi on Sanhedrin", 
            "sectionRef": "Rashi on Sanhedrin 52b:66", 
            "prev": "Rashi on Sanhedrin 52b:65", 
            "ref": "Rashi on Sanhedrin 52b:66", 
            "heRef": "רש\"י על סנהדרין נ״ב ב:ס״ו", 
            "next": "Rashi on Sanhedrin 52b:67"
        }, 
        "Rashi on Sanhedrin 52b:67": {
            "content": [
                {
                    "segmentNumber": "1", 
                    "links": [
                        {
                            "category": "Talmud", 
                            "index_title": "Sanhedrin", 
                            "sourceHeRef": "סנהדרין נ״ב ב:ס״ז", 
                            "sourceRef": "Sanhedrin 52b:67"
                        }
                    ], 
                    "he": "לא מפני שהיא קלה - דסבירא ליה כר\"ש דאמר (לעיל דף מט:) חנק והרג:"
                }
            ], 
            "heTitle": "רש\"י על סנהדרין נ״ב ב:ס״ז", 
            "indexTitle": "Rashi on Sanhedrin", 
            "sectionRef": "Rashi on Sanhedrin 52b:67", 
            "prev": "Rashi on Sanhedrin 52b:65", 
            "ref": "Rashi on Sanhedrin 52b:67", 
            "heRef": "רש\"י על סנהדרין נ״ב ב:ס״ז", 
            "next": "Rashi on Sanhedrin 52b:70"
        }, 
        "Rashi on Sanhedrin 52b:42": {
            "content": [], 
            "heTitle": "רש\"י על סנהדרין נ״ב ב:מ״ב", 
            "indexTitle": "Rashi on Sanhedrin", 
            "sectionRef": "Rashi on Sanhedrin 52b:42", 
            "prev": "Rashi on Sanhedrin 52b:37", 
            "ref": "Rashi on Sanhedrin 52b:42", 
            "heRef": "רש\"י על סנהדרין נ״ב ב:מ״ב", 
            "next": "Rashi on Sanhedrin 52b:45"
        }, 
        "Rashi on Sanhedrin 52b:43": {
            "content": [], 
            "heTitle": "רש\"י על סנהדרין נ״ב ב:מ״ג", 
            "indexTitle": "Rashi on Sanhedrin", 
            "sectionRef": "Rashi on Sanhedrin 52b:43", 
            "prev": "Rashi on Sanhedrin 52b:37", 
            "ref": "Rashi on Sanhedrin 52b:43", 
            "heRef": "רש\"י על סנהדרין נ״ב ב:מ״ג", 
            "next": "Rashi on Sanhedrin 52b:45"
        }, 
        "Rashi on Sanhedrin 52b:40": {
            "content": [], 
            "heTitle": "רש\"י על סנהדרין נ״ב ב:מ׳", 
            "indexTitle": "Rashi on Sanhedrin", 
            "sectionRef": "Rashi on Sanhedrin 52b:40", 
            "prev": "Rashi on Sanhedrin 52b:37", 
            "ref": "Rashi on Sanhedrin 52b:40", 
            "heRef": "רש\"י על סנהדרין נ״ב ב:מ׳", 
            "next": "Rashi on Sanhedrin 52b:45"
        }, 
        "Rashi on Sanhedrin 52b:41": {
            "content": [], 
            "heTitle": "רש\"י על סנהדרין נ״ב ב:מ״א", 
            "indexTitle": "Rashi on Sanhedrin", 
            "sectionRef": "Rashi on Sanhedrin 52b:41", 
            "prev": "Rashi on Sanhedrin 52b:37", 
            "ref": "Rashi on Sanhedrin 52b:41", 
            "heRef": "רש\"י על סנהדרין נ״ב ב:מ״א", 
            "next": "Rashi on Sanhedrin 52b:45"
        }, 
        "Rashi on Sanhedrin 52b:46": {
            "content": [
                {
                    "segmentNumber": "1", 
                    "links": [
                        {
                            "category": "Talmud", 
                            "index_title": "Sanhedrin", 
                            "sourceHeRef": "סנהדרין נ״ב ב:מ״ו", 
                            "sourceRef": "Sanhedrin 52b:46"
                        }
                    ], 
                    "he": "דבריז ליה מיבריז - תוקעה בבטנו או בגרונו כמו ברזא דחביתא:"
                }
            ], 
            "heTitle": "רש\"י על סנהדרין נ״ב ב:מ״ו", 
            "indexTitle": "Rashi on Sanhedrin", 
            "sectionRef": "Rashi on Sanhedrin 52b:46", 
            "prev": "Rashi on Sanhedrin 52b:45", 
            "ref": "Rashi on Sanhedrin 52b:46", 
            "heRef": "רש\"י על סנהדרין נ״ב ב:מ״ו", 
            "next": "Rashi on Sanhedrin 52b:47"
        }, 
        "Rashi on Sanhedrin 52b:47": {
            "content": [
                {
                    "segmentNumber": "1", 
                    "links": [
                        {
                            "category": "Talmud", 
                            "index_title": "Sanhedrin", 
                            "sourceHeRef": "סנהדרין נ״ב ב:מ״ז", 
                            "sourceRef": "Sanhedrin 52b:47"
                        }
                    ], 
                    "he": "לפי חרב כתיב - פיפיות של חרב שני צדדין מכאן ומכאן דכתיב (תהלים קמט) חרב פיפיות אלמא תרי נינהו:"
                }
            ], 
            "heTitle": "רש\"י על סנהדרין נ״ב ב:מ״ז", 
            "indexTitle": "Rashi on Sanhedrin", 
            "sectionRef": "Rashi on Sanhedrin 52b:47", 
            "prev": "Rashi on Sanhedrin 52b:46", 
            "ref": "Rashi on Sanhedrin 52b:47", 
            "heRef": "רש\"י על סנהדרין נ״ב ב:מ״ז", 
            "next": "Rashi on Sanhedrin 52b:48"
        }, 
        "Rashi on Sanhedrin 52b:44": {
            "content": [], 
            "heTitle": "רש\"י על סנהדרין נ״ב ב:מ״ד", 
            "indexTitle": "Rashi on Sanhedrin", 
            "sectionRef": "Rashi on Sanhedrin 52b:44", 
            "prev": "Rashi on Sanhedrin 52b:37", 
            "ref": "Rashi on Sanhedrin 52b:44", 
            "heRef": "רש\"י על סנהדרין נ״ב ב:מ״ד", 
            "next": "Rashi on Sanhedrin 52b:45"
        }, 
        "Rashi on Sanhedrin 52b:45": {
            "content": [
                {
                    "segmentNumber": "1", 
                    "links": [
                        {
                            "category": "Talmud", 
                            "index_title": "Sanhedrin", 
                            "sourceHeRef": "סנהדרין נ״ב ב:מ״ה", 
                            "sourceRef": "Sanhedrin 52b:45"
                        }
                    ], 
                    "he": "נקם ינקם - במכה עבדו כנעני ומת תחת ידו דהוי במיתת ב\"ד משום דעבד שייך במצות שהאשה נוהגת בהן:"
                }
            ], 
            "heTitle": "רש\"י על סנהדרין נ״ב ב:מ״ה", 
            "indexTitle": "Rashi on Sanhedrin", 
            "sectionRef": "Rashi on Sanhedrin 52b:45", 
            "prev": "Rashi on Sanhedrin 52b:37", 
            "ref": "Rashi on Sanhedrin 52b:45", 
            "heRef": "רש\"י על סנהדרין נ״ב ב:מ״ה", 
            "next": "Rashi on Sanhedrin 52b:46"
        }, 
        "Rashi on Sanhedrin 52b:68": {
            "content": [], 
            "heTitle": "רש\"י על סנהדרין נ״ב ב:ס״ח", 
            "indexTitle": "Rashi on Sanhedrin", 
            "sectionRef": "Rashi on Sanhedrin 52b:68", 
            "prev": "Rashi on Sanhedrin 52b:67", 
            "ref": "Rashi on Sanhedrin 52b:68", 
            "heRef": "רש\"י על סנהדרין נ״ב ב:ס״ח", 
            "next": "Rashi on Sanhedrin 52b:70"
        }, 
        "Rashi on Sanhedrin 52b:28": {
            "content": [], 
            "heTitle": "רש\"י על סנהדרין נ״ב ב:כ״ח", 
            "indexTitle": "Rashi on Sanhedrin", 
            "sectionRef": "Rashi on Sanhedrin 52b:28", 
            "prev": "Rashi on Sanhedrin 52b:27", 
            "ref": "Rashi on Sanhedrin 52b:28", 
            "heRef": "רש\"י על סנהדרין נ״ב ב:כ״ח", 
            "next": "Rashi on Sanhedrin 52b:35"
        }, 
        "Rashi on Sanhedrin 52b:29": {
            "content": [], 
            "heTitle": "רש\"י על סנהדרין נ״ב ב:כ״ט", 
            "indexTitle": "Rashi on Sanhedrin", 
            "sectionRef": "Rashi on Sanhedrin 52b:29", 
            "prev": "Rashi on Sanhedrin 52b:27", 
            "ref": "Rashi on Sanhedrin 52b:29", 
            "heRef": "רש\"י על סנהדרין נ״ב ב:כ״ט", 
            "next": "Rashi on Sanhedrin 52b:35"
        }, 
        "Rashi on Sanhedrin 52b:69": {
            "content": [], 
            "heTitle": "רש\"י על סנהדרין נ״ב ב:ס״ט", 
            "indexTitle": "Rashi on Sanhedrin", 
            "sectionRef": "Rashi on Sanhedrin 52b:69", 
            "prev": "Rashi on Sanhedrin 52b:67", 
            "ref": "Rashi on Sanhedrin 52b:69", 
            "heRef": "רש\"י על סנהדרין נ״ב ב:ס״ט", 
            "next": "Rashi on Sanhedrin 52b:70"
        }, 
        "Rashi on Sanhedrin 52b:24": {
            "content": [], 
            "heTitle": "רש\"י על סנהדרין נ״ב ב:כ״ד", 
            "indexTitle": "Rashi on Sanhedrin", 
            "sectionRef": "Rashi on Sanhedrin 52b:24", 
            "prev": "Rashi on Sanhedrin 52b:17", 
            "ref": "Rashi on Sanhedrin 52b:24", 
            "heRef": "רש\"י על סנהדרין נ״ב ב:כ״ד", 
            "next": "Rashi on Sanhedrin 52b:27"
        }, 
        "Rashi on Sanhedrin 52b:25": {
            "content": [], 
            "heTitle": "רש\"י על סנהדרין נ״ב ב:כ״ה", 
            "indexTitle": "Rashi on Sanhedrin", 
            "sectionRef": "Rashi on Sanhedrin 52b:25", 
            "prev": "Rashi on Sanhedrin 52b:17", 
            "ref": "Rashi on Sanhedrin 52b:25", 
            "heRef": "רש\"י על סנהדרין נ״ב ב:כ״ה", 
            "next": "Rashi on Sanhedrin 52b:27"
        }, 
        "Rashi on Sanhedrin 52b:26": {
            "content": [], 
            "heTitle": "רש\"י על סנהדרין נ״ב ב:כ״ו", 
            "indexTitle": "Rashi on Sanhedrin", 
            "sectionRef": "Rashi on Sanhedrin 52b:26", 
            "prev": "Rashi on Sanhedrin 52b:17", 
            "ref": "Rashi on Sanhedrin 52b:26", 
            "heRef": "רש\"י על סנהדרין נ״ב ב:כ״ו", 
            "next": "Rashi on Sanhedrin 52b:27"
        }, 
        "Rashi on Sanhedrin 52b:27": {
            "content": [
                {
                    "segmentNumber": "1", 
                    "links": [
                        {
                            "category": "Talmud", 
                            "index_title": "Sanhedrin", 
                            "sourceHeRef": "סנהדרין נ״ב ב:כ״ז", 
                            "sourceRef": "Sanhedrin 52b:27"
                        }
                    ], 
                    "he": "מתני' ניוול הוא זה - השתא משמע מפני שהרגו מעומד ונופל:"
                }, 
                {
                    "segmentNumber": "2", 
                    "links": [
                        {
                            "category": "Talmud", 
                            "index_title": "Sanhedrin", 
                            "sourceHeRef": "סנהדרין נ״ב ב:כ״ז", 
                            "sourceRef": "Sanhedrin 52b:27"
                        }
                    ], 
                    "he": "על סדן - עץ עבה תקוע בארץ כמו של נפחים:"
                }
            ], 
            "heTitle": "רש\"י על סנהדרין נ״ב ב:כ״ז", 
            "indexTitle": "Rashi on Sanhedrin", 
            "sectionRef": "Rashi on Sanhedrin 52b:27", 
            "prev": "Rashi on Sanhedrin 52b:17", 
            "ref": "Rashi on Sanhedrin 52b:27", 
            "heRef": "רש\"י על סנהדרין נ״ב ב:כ״ז", 
            "next": "Rashi on Sanhedrin 52b:35"
        }, 
        "Rashi on Sanhedrin 52b:20": {
            "content": [], 
            "heTitle": "רש\"י על סנהדרין נ״ב ב:כ׳", 
            "indexTitle": "Rashi on Sanhedrin", 
            "sectionRef": "Rashi on Sanhedrin 52b:20", 
            "prev": "Rashi on Sanhedrin 52b:17", 
            "ref": "Rashi on Sanhedrin 52b:20", 
            "heRef": "רש\"י על סנהדרין נ״ב ב:כ׳", 
            "next": "Rashi on Sanhedrin 52b:27"
        }, 
        "Rashi on Sanhedrin 52b:21": {
            "content": [], 
            "heTitle": "רש\"י על סנהדרין נ״ב ב:כ״א", 
            "indexTitle": "Rashi on Sanhedrin", 
            "sectionRef": "Rashi on Sanhedrin 52b:21", 
            "prev": "Rashi on Sanhedrin 52b:17", 
            "ref": "Rashi on Sanhedrin 52b:21", 
            "heRef": "רש\"י על סנהדרין נ״ב ב:כ״א", 
            "next": "Rashi on Sanhedrin 52b:27"
        }, 
        "Rashi on Sanhedrin 52b:22": {
            "content": [], 
            "heTitle": "רש\"י על סנהדרין נ״ב ב:כ״ב", 
            "indexTitle": "Rashi on Sanhedrin", 
            "sectionRef": "Rashi on Sanhedrin 52b:22", 
            "prev": "Rashi on Sanhedrin 52b:17", 
            "ref": "Rashi on Sanhedrin 52b:22", 
            "heRef": "רש\"י על סנהדרין נ״ב ב:כ״ב", 
            "next": "Rashi on Sanhedrin 52b:27"
        }, 
        "Rashi on Sanhedrin 52b:23": {
            "content": [], 
            "heTitle": "רש\"י על סנהדרין נ״ב ב:כ״ג", 
            "indexTitle": "Rashi on Sanhedrin", 
            "sectionRef": "Rashi on Sanhedrin 52b:23", 
            "prev": "Rashi on Sanhedrin 52b:17", 
            "ref": "Rashi on Sanhedrin 52b:23", 
            "heRef": "רש\"י על סנהדרין נ״ב ב:כ״ג", 
            "next": "Rashi on Sanhedrin 52b:27"
        }
    }, 
    "ref": "Rashi on Sanhedrin 52b"
}