{
    "heTitleVariants": [
        "שיחות הרן"
    ], 
    "heTitle": "שיחות הרן", 
    "heRef": "שיחות הרן קל״ט", 
    "toSections": [
        139
    ], 
    "sectionRef": "Sichot HaRan 139", 
    "next": "Sichot HaRan 140", 
    "content": [
        {
            "segmentNumber": "1", 
            "he": "סִפֵּר לִי אֶחָד מֵאֲנָשָׁיו שֶׁפַּעַם אֶחָד סִפֵּר לְרַבֵּנוּ זִכְרוֹנוֹ לִבְרָכָה, שֶׁדִּבְּרוּ לוֹ אֵיזֶה שִׁדּוּךְ וְאָמַר הָאִישׁ הַנַּ\"ל לְפָנָיו זִכְרוֹנוֹ לִבְרָכָה, שֶׁשָּׁם אֵין מָקוֹם לְפָנָיו הֵשִׁיב לוֹ: כְּשֶׁיֵּשׁ לְהָאָדָם לֵב שֶׁל יִשְׂרְאֵלִי אֵין שַׁיָּךְ אֶצְלוֹ מָקוֹם וְכוּ כִּי הַלֵּב הוּא אֱלקוּת וְכוּ וְכוּ [כַּנִּדְפַּס בְּ\"לִקּוּטֵי תִּנְיָנָא\" סִימָן נ\"ו]\n", 
            "links": [], 
            "text": ""
        }
    ], 
    "book": "Sichot HaRan", 
    "prev": "Sichot HaRan 138", 
    "textDepth": 2, 
    "sectionNames": [
        "Chapter", 
        "Verse"
    ], 
    "sections": [
        139
    ], 
    "isComplex": false, 
    "titleVariants": [
        "Sichot HaRan"
    ], 
    "categories": [
        "Chasidut"
    ], 
    "ref": "Sichot HaRan 139", 
    "type": "Chasidut", 
    "addressTypes": [
        "Integer", 
        "Integer"
    ], 
    "indexTitle": "Sichot HaRan", 
    "heIndexTitle": "שיחות הרן", 
    "alts": [], 
    "order": ""
}