{
    "heTitleVariants": [
        "שיחות הרן"
    ], 
    "heTitle": "שיחות הרן", 
    "heRef": "שיחות הרן רצ״ה", 
    "toSections": [
        295
    ], 
    "sectionRef": "Sichot HaRan 295", 
    "next": "Sichot HaRan 296", 
    "content": [
        {
            "segmentNumber": "1", 
            "he": "שָׁמַעְתִּי בִּשְׁמוֹ לְעִנְיַן הִתְחַזְּקוּת בִּתְפִלָּה שֶׁאֲפִלּוּ אִם הָאָדָם כְּמוֹ שֶׁהוּא אַף עַל פִּי כֵן יְחַזֵּק וִיאַמֵּץ אֶת לְבָבוֹ לְהִתְפַּלֵּל לְהַשֵּׁם יִתְבָּרַךְ וְאָמַר שֶׁיַּחֲשׁב בְּלִבּוֹ הֲלא אִם אֲנִי רָחוֹק בְּעֵינַי מֵהַשֵּׁם יִתְבָּרַךְ כָּל כָּךְ מֵחֲמַת רִבּוּי עֲווֹנוֹתַי אִם כֵּן אַדְּרַבָּא עִקַּר שְׁלֵמוּת הַתְּפִלָּה עַל יָדִי דַּיְקָא כִּי הֲלא אָמְרוּ רַבּוֹתֵינוּ, זִכְרוֹנָם לִבְרָכָה (כְּרִיתוֹת ו:) : כָּל תְּפִלָּה שֶׁאֵין בָּהּ מִתְּפִלַּת פּוֹשְׁעֵי יִשְׂרָאֵל אֵינָהּ תְּפִלָּה, וְיַלְפִינָן מִקְּטרֶת שֶׁהָיָה בָּהֶם חֶלְבְּנָה וְאִם כֵּן אִם אֲנִי בְּעֵינַי כְּפוֹשֵׁעַ יִשְׂרָאֵל חַס וְשָׁלוֹם אִם כֵּן אַדְּרַבָּא, כָּל שְׁלֵמוּת הַתְּפִלָּה עַל יָדִי דַּיְקָא וְכַנִּזְכָּר לְעֵיל וּבְוַדַּאי אֲנִי צָרִיךְ לְהִתְחַזֵּק בְּיוֹתֵר לְהִתְפַּלֵּל לְהַשֵּׁם יִתְבָּרַךְ וְלִבְטחַ בְּחַסְדֵּי ה שֶׁיִּשְׁמַע וִיקַבֵּל גַּם אֶת תְּפִלָּתִי כִּי אַדְּרַבָּא דַּיְקָא עַל יָדִי עִקַּר שְׁלֵמוּת הַתְּפִלָּה כִּי אִי אֶפְשָׁר לְהַקְטִיר קְטרֶת בְּלא חֶלְבְּנָה נִמְצָא שֶׁגַּם חֶלְבְּנָה הִיא שְׁלֵמוּת הַקְּטרֶת וּכְמוֹ כֵן הוּא לְעִנְיַן תְּפִלָּה וְכַנִּזְכָּר לְעֵיל שֶׁבְּלא תְּפִלָּתִי הַגָּרוּעַ הַמִּצְטָרֶפֶת לִתְפִלַּת יִשְׂרָאֵל לא הָיָה שְׁלֵמוּת לְהַתְּפִלָּה כְּמוֹ קְטרֶת בְּלא חֶלְבְּנָה וְכַנִּזְכָּר לְעֵיל\n", 
            "links": [], 
            "text": ""
        }
    ], 
    "book": "Sichot HaRan", 
    "prev": "Sichot HaRan 294", 
    "textDepth": 2, 
    "sectionNames": [
        "Chapter", 
        "Verse"
    ], 
    "sections": [
        295
    ], 
    "isComplex": false, 
    "titleVariants": [
        "Sichot HaRan"
    ], 
    "categories": [
        "Chasidut"
    ], 
    "ref": "Sichot HaRan 295", 
    "type": "Chasidut", 
    "addressTypes": [
        "Integer", 
        "Integer"
    ], 
    "indexTitle": "Sichot HaRan", 
    "heIndexTitle": "שיחות הרן", 
    "alts": [], 
    "order": ""
}