{
    "content": [
        {
            "segmentNumber": "1", 
            "he": "שאלה: לראובן נעשה גניבה ונתרוקנה לו ארגז מליאה כלי כסף ותכשיטין ועדיין לא נתייאש וחוקר ודורש אחר הגנבים. וא' מהם גנב מפורסם וחותך כיסים מובהק הביא חגורת כסף גדולה ללוי יוד פרסאות רחוק ממקום ראובן וגניבה שנעשית לו. וביקש למכרה לו בפחות מחצי דמי שוויה. וראובן יודע ספר נסתפק אם רשאי לקנותו שהרי ק\"ל אסור לקנו' מהגנב וכו' בטור וש\"ע ח\"מ ר\"ס שנ\"ו."
        }, 
        {
            "segmentNumber": "2", 
            "he": "נ\"ל דההיא מיירי כשזה קנאו לעצמו מ\"מ להרויח בו ואפי' אחר היאוש נ\"ל דאסור כדיהיב טעמא דמחזיק ידי עוברי עבירה דלאו עכברא גנב לכן י\"ל דמיירי בשא\"א לגנב למכרו לאחר כי ירא מהפרסום לכן באם לא ימצא מי שיקח ממנו ימנע מלגנוב ומ\"מ נראה למחמיר בזה ותלי בפלוגתת' דבי\"ד ריש ס' קנ\"א בהג\"ה ע\"ש. מש\"כ זה שדעתו להחזירו לראובן מצוה קעביד ומהאי טעמא צריך להחזיר לו מעותיו כבסי' הנ\"ל ס\"ב הג\"ה והוא מתוס' הביאו הש\"כ ומשם יראה דבכה\"ג הוי משיב אבידה וההוא דאסור מיירי דאין קונה זולתו כנ\"ל א\"נ דמצי להגיד לנגנב והוא יוציא מיד מגנב. וזה פשוט וברור לדעתי הקלושה."
        }, 
        {
            "segmentNumber": "3", 
            "he": "נאם יאיר חיים בכרך."
        }
    ], 
    "heTitle": "חוות יאיר", 
    "indexTitle": "Havot Yair", 
    "sectionRef": "Havot Yair 209", 
    "prev": "Havot Yair 208", 
    "ref": "Havot Yair 209", 
    "heRef": "חוות יאיר ר״ט", 
    "next": "Havot Yair 210"
}