[{
    "links": [], 
    "text": [], 
    "heTitleVariants": [
        " פילפולא חריפתא על בבא מציעא"
    ], 
    "heTitle": " פילפולא חריפתא על בבא מציעא", 
    "heRef": " פילפולא חריפתא על בבא מציעא רנ״א", 
    "toSections": [
        251
    ], 
    "sectionRef": "Pilpula Charifta on Bava Metzia 251", 
    "next": null, 
    "book": "Pilpula Charifta on Bava Metzia", 
    "prev": "Pilpula Charifta on Bava Metzia 46", 
    "textDepth": 2, 
    "sectionNames": [
        "Seif", 
        "siman"
    ], 
    "sections": [
        251
    ], 
    "isComplex": false, 
    "titleVariants": [
        "Pilpula Charifta on Bava Metzia"
    ], 
    "categories": [
        "Commentary2", 
        "Talmud", 
        "Pilpula Charifta"
    ], 
    "he": [], 
    "ref": "Pilpula Charifta on Bava Metzia 251", 
    "type": "Commentary2", 
    "addressTypes": [
        "Integer", 
        "Integer"
    ], 
    "indexTitle": "Pilpula Charifta on Bava Metzia", 
    "heIndexTitle": " פילפולא חריפתא על בבא מציעא", 
    "alts": [], 
    "order": ""
}]