[{
    "links": [
        [
            "67b:1", 
            "Deuteronomy 6", 
            "Tanach"
        ], 
        [
            "67b:1", 
            "Esther 4", 
            "Tanach"
        ], 
        [
            "67b:1", 
            "Esther 10", 
            "Tanach"
        ], 
        [
            "67b:1", 
            "Nehemiah 9", 
            "Tanach"
        ], 
        [
            "67b:1", 
            "Malachi 3", 
            "Tanach"
        ], 
        [
            "67b:1", 
            "Ruth 2", 
            "Tanach"
        ], 
        [
            "67b:1", 
            "Judges 6", 
            "Tanach"
        ], 
        [
            "67b:1", 
            "Psalms 109", 
            "Tanach"
        ]
    ], 
    "text": [], 
    "heTitleVariants": [
        "תלמוד ירושלמי ברכות"
    ], 
    "heTitle": "תלמוד ירושלמי ברכות ס״ז ב", 
    "heRef": "תלמוד ירושלמי ברכות ס״ז ב", 
    "toSections": [
        "67b"
    ], 
    "sectionRef": "Jerusalem Talmud Berakhot 67b", 
    "title": "Jerusalem Talmud Berakhot 67b", 
    "lengths": [
        135, 
        240
    ], 
    "next": "Jerusalem Talmud Berakhot 68a", 
    "heBook": "תלמוד ירושלמי ברכות", 
    "book": "Jerusalem Talmud Berakhot", 
    "prev": "Jerusalem Talmud Berakhot 67a", 
    "textDepth": 2, 
    "sectionNames": [
        "Daf", 
        "Halakhah"
    ], 
    "sections": [
        "67b"
    ], 
    "isComplex": false, 
    "titleVariants": [
        "Yerushalmi Berachot", 
        "JT Berakhot", 
        "Jerusalem Talmud Berakhot", 
        "JT Berachot", 
        "Talmud Yerushalmi Berakhot", 
        "Yerushalmi Berakhot"
    ], 
    "categories": [
        "Talmud", 
        "Yerushalmi", 
        "Seder Zeraim"
    ], 
    "he": [
        "מצוה פרוש אדע חובתי ואעשה הי דא חובתה עבדית דאעבד מצוה כוותה פרוש יראה כאיוב פרוש אהבה כאברהם אין לך חביב מכולם אלא פרוש אהבה כאברהם.  אברהם אבינו עשה יצר הרע טוב דכתיב (נחמיה ט) ומצאת את לבבו נאמן לפניך.  אמר רבי אחא והפסיד אלא (שם) וכרות עמו הברית והחסד וגומר.  אבל דוד לא היה יכול לעמוד בו והרגו בלבבו.  מאי טעמא (תהילים קט) ולבי חלל בקרבי רבי עקיבה הוה קיים מיתדון קומי טונוסטרופוס הרשע.  רחתת ענתה דקרית שמע.  שרי קרי קרית שמע וגחך אמר ליה סבא אי חרש את אי מבעט ביסורין את.  אמר ליה תיפח רוחיה דההוא גברא.  לא חרש אנא ולא מבעט ביסורין אנא.  אלא כל יומי קריתי פסוק זה והייתי מצטער ואומר אימתי יבואו שלשתן לידי.  (דברים ו) ואהבת את ה' אלהיך בכל לבבך ובכל נפשך ובכל מאודך.  רחמתיה בכל לבי ורחמתיה בכל ממוני.  ובכל נפשי לא הוה בדיק לי וכדון דמטת בכל נפשי והגיעה זמן קרית שמע ולא אפלגא דעתי.  לפום כן אנא קרי וגחך לא הספיק לומר עד שפרחה נשמתו נחמיה עימסוני שימש את רבי עקיבה עשרים ושתים שנה ולמדו אתים וגמים ריבויין.  אכין ורקין מיעוטין אמר ליה מהו הוא ההן דכתיב (שם) את ה' אלהיך תירא אמר ליה אותו ואת תורתו:  פיסקא לא יקל אדם את ראשו וכו' תני המטיל מים הרי זה הופך פניו כלפי צפון.  המיסך את רגליו הרי זה הופך פניו כלפי דרום אמר רבי יוסי בי רבי בון הדא דאמר מתניתא מן הצופים ולפנים.  רבי עקיבה אומר בכל מקום.  ובלבד במקום שאין שם כותל תני המיסך את רגליו לא יתן פניו למזרח ואחוריו למערב אלא לצדדין ר' יהודה אומר בשעת המקדש רבי יוסי אומר מן הצופים ולפנים.  רבי עקיבה אומר בכל מקום ובלבד במקום שאין בו כותל.  אמר רבי עקיבה נכנסתי אחר רבי יהושע לראות המעשה אמר לו מה ראיתה אמר להן ראיתיו יושב וצידו כלפי מערב ולא פירע עד שישב ולא ישב עד ששיפשף ולא קינח בימין אלא בשמאל.  אף שמעון בן עזאי היה אומר כן נכנסתי אחר רבי עקיבה לראות את המעשה אמר לו מה ראיתה וכו'.  תני לא יכנס אדם בהר הבית במנעלו ובאבק שעל רגליו ומעותיו צרורות בסדינו ואפונדתו עליו מבחוץ.  מה טעם (קוהלת ד) שמור רגליך באשר תלך אל בית האלהים.  רבי יוסי בר יהודה אומר הרי הוא אומר (אסתר ד) ויבא עד לפני שער המלך כי אין לבא אל שער המלך בלבוש שק.  אמר לפני ליחה סרוחה כן.  על אחת כמה וכמה לפני שער המקום.  לא יעשנו קפנדריא ורקיקה מקל וחומר.  מה אם נעילה שהוא של כבוד את אומר אסור.  רקיקה שהוא של בזיון לא כל שכן.  תני לא היו עונין אמן בבית המקדש מהו היו אומרים ברוך שם כבוד מלכותו לעולם ועד מניין שלא היו עונין אמן במקדש תלמוד לומר (נחמיה ט) קומו וברכו את ה' וגו' מניין על כל ברכה וברכה ת\"ל (שם) ומרומם על כל ברכה ותהילה.  אמר ר' יהושע דרומיא שלשה דברים גזרו בית דין של מטה והסכים בית דין של מעלה עמהן.  ואילו הן חרמה של יריחו ומגילת אסתר ושאילת שלום בשם.  חרמה של יריחו (יהושוע ז) חטא ישראל.  ולא יהושע גזר.  אלא מלמד שהסכימו בית דין של מעלה עמהן.  מגילת אסתר (אסתר י) קיימו וקבלו וגו'.  רב אמר וקבל כתיב מלמד שהסכימו.  ושאילת שלום בשם.  (רות ב) והנה בועז בא מבית לחם ומנין שהסכימו בית דין של מעלה עמהן תלמוד לומר (שופטים ו) וירא אליו מלאך ה' ויאמר אליו ה' עמך גבור החיל.  רבי אבון בשם רבי יהושע בן לוי אף המעשרות.  שנאמר (מלאכי ג) הביאו את כל המעשר וגו'.  מהו עד בלי די רבי יוסי בר שמעון בר בא בשם ר' יוחנן דבר שאי אפשר לו לומר דיי הוא ברכה.  ר' ברכיה ור' חלבו ורב אבא בר עילאי"
    ], 
    "ref": "Jerusalem Talmud Berakhot 67b", 
    "type": "Talmud", 
    "addressTypes": [
        "Talmud", 
        "Integer"
    ], 
    "length": 135, 
    "indexTitle": "Jerusalem Talmud Berakhot", 
    "heIndexTitle": "תלמוד ירושלמי ברכות", 
    "alts": [], 
    "order": [
        1
    ]
}]