{
    "heTitleVariants": [
        "תשובות הרדב\"ז חלק א"
    ], 
    "heTitle": "תשובות הרדב\"ז חלק א", 
    "heRef": "תשובות הרדב\"ז חלק א שמ״ד", 
    "toSections": [
        344
    ], 
    "sectionRef": "Teshuvot HaRadbaz Volume 1 344", 
    "next": "Teshuvot HaRadbaz Volume 1 345", 
    "content": [
        {
            "segmentNumber": "1", 
            "he": "<b>שאלת</b> ממני על ענין עיקרי הדת על איזה חשבון אני מסכים על הרמב\"ם ז\"ל או על הרב בן חסדאי או על חשבון ר' יוסף אלבו: ", 
            "links": [], 
            "text": ""
        }, 
        {
            "segmentNumber": "2", 
            "he": "<b>תשובה</b> אין דעתי מסכמת לשום לתורתנו התמימה שום עיקר לפי שכולה עיקר מפי הגבורה וארז\"ל כל האומר כל התורה כולה מן השמים חוץ מפסוק א' וכו' וא\"כ כל מצוה ומצוה היא עיקר ופנה ויש לך מצוה קלה ויש לה טעם וסוד אשר לא נשיגהו וא\"כ איך נאמר שזו טפילה ואחרת היא עיקר: כללות בדברים יפה כתב בזה ר' יצחק אברבנאל ז\"ל בספר ראש אמנה ע\"ש כי הוא האריך והרחיב הדבור והשיב על הראשונים וכן הוא דעתי שהתורה כל פרטיה ודקדוקיה כל א' מהם עיקר ויסוד ופנה והמכחיש אותו נקרא כופר ואין לו חלק לעו\"ה: ומזה הטעם אם אנסוהו לעבור על על אחת מכל מצות האמורות בתורה באומרם שלא צוה הקב\"ה עליה או שהיתה לזמן מה וכבר נתבטלה יהרג ואל יעבור ולא אמרינן יעבור ואל יהרג אלא כשאומרים לו חלל שבת לעבור על דתך וכן כתב הריט\"בא ז\"ל ולמד ממנה שאם אונסים אותו לחזור לדעת העכו\"ם אע\"פ שאינם עובדי ע\"ז יהרג ואל יעבור והנל\"ד כתבתי: ", 
            "links": [], 
            "text": ""
        }
    ], 
    "book": "Teshuvot HaRadbaz Volume 1", 
    "prev": "Teshuvot HaRadbaz Volume 1 343", 
    "textDepth": 2, 
    "sectionNames": [
        "Teshuva", 
        "Paragraph"
    ], 
    "sections": [
        344
    ], 
    "isComplex": false, 
    "titleVariants": [
        "Teshuvot HaRadbaz Volume 1"
    ], 
    "categories": [
        "Responsa", 
        "Radbaz"
    ], 
    "ref": "Teshuvot HaRadbaz Volume 1 344", 
    "type": "Responsa", 
    "addressTypes": [
        "Integer", 
        "Integer"
    ], 
    "indexTitle": "Teshuvot HaRadbaz Volume 1", 
    "heIndexTitle": "תשובות הרדב\"ז חלק א", 
    "alts": [], 
    "order": ""
}