{
    "content": [
        {
            "segmentNumber": "1", 
            "he": "<b>שאלת</b> ממני אודיעך דעתי במי שאמר לחבירו שיהיה בעל ברית שלו כלומר שישב על הכסא להחזיק בתינוק בשעה שמלין אותו ועתה חוזר בו ורוצה ליתנו לאחר: "
        }, 
        {
            "segmentNumber": "2", 
            "he": "<b>תשובה</b> לא פירשת אם הוא קודם שנולד הולד או לא. אם הוא קודם שנולד הדבר ברור שיכול לחזור בו דלא עדיף מקנין דקי\"ל אין אדם מקנה דבר שלא בא לעולם. אבל אחר שנולד הולד אין יכול ליתנו לאחר לפי שכבר נהגו כל ישראל שמקנים זאת המצוה ע\"י דבור בעלמא וכבר ידעת כי המנהג עיקר גדול בכל כיוצא בדברים אלו ראיה מהא דאמרינן במציעא האי סיתומתא פי' רושם שרושמין בחביות קניא ובאתרא דקניא ממש קניא. הא קמן דאע\"ג דלא קנה בא' שדרכי הקנין קנה מפני המנהג הכא נמי הואיל וכן הוא המנהג צריך לקיים דשארית ישראל לא יעשו עולה וגו' ומינה נמי דהמנהג הוא מה שאינו קנין לעשותו קנין מפני המנהג אבל בדבר שאין מועיל הקנין כגון דבר שלא בא לעולם לא מצינו שיועיל המנהג וכן ראיתי כתוב בשם רבינו יחיאל ז\"ל: "
        }
    ], 
    "heTitle": "תשובות הרדב\"ז חלק א", 
    "indexTitle": "Teshuvot HaRadbaz Volume 1", 
    "sectionRef": "Teshuvot HaRadbaz Volume 1 278", 
    "prev": "Teshuvot HaRadbaz Volume 1 277", 
    "ref": "Teshuvot HaRadbaz Volume 1 278", 
    "heRef": "תשובות הרדב\"ז חלק א ער״ח", 
    "next": "Teshuvot HaRadbaz Volume 1 279"
}