{
    "heTitleVariants": [
        "רשב״א על עירובין"
    ], 
    "heTitle": "רשב״א על עירובין נ״ב ב", 
    "content": [
        {
            "segmentNumber": "1", 
            "he": "<b>ר' שמעון אומר אפילו חמש עשרה אמה יכנס.</b> ונראה מדברי הרב אלפאסי ז\"ל שאין הלכה לא כר' אליעזר בהבלעת תחומין ולא כרבי שמעון במי שהחשיך חוץ לתחום, וכבר כתבתי למעלה (מה, א ד\"ה ומדר' אליעזר, מד, א ד\"ה דיקא) גבי פלוגתא דרבה ורב שימי גבי מי שיצא להציל, דמסתברא דהלכה כר' אליעזר בהבלעת תחומין. וכן פסק הראב\"ד ז\"ל.<br><b></b>וכן נראה דהלכה כר' שמעון במי שהחשיך חוץ לתחום דקיימא לן כדברי המיקל בעירוב, וכן פסק הראב\"ד ז\"ל.<br><b></b>והלכך כיון דקיימא לן (לעיל מו, א) דארבע אמות שאמרו יש לו לכל רוח כרבנן, ואי נמי כר' יהודה למאן דפסיק כוותיה ובורר לאיזה רוח שירצה, וקיימא לן כר' אליעזר דהבלעת תחומין מילתא היא, וקיימא לן כר' שמעון דאמר חמש עשרה אמה יכנס מפני טועי המדה, אם החשיך חוץ לתחום שמונה עשרה אמה ועומד בתשע עשרה אמה יכנס, אלא אם כן יודע בבירור את התחום.<br><b></b>פגום. פירש ר\"ח ז\"ל: כגון שובך של יונים, מלשון משישברו את פגמיהם (סנהדרין כה, ב). ומכל מקום אינו שובך ממש, דשובך אינו מתעבר לעיר כדאיתא בגמרא (נה, ב).", 
            "links": [
                {
                    "category": "Talmud", 
                    "sourceHeRef": "סנהדרין כ״ה ב", 
                    "sourceRef": "Sanhedrin 25b", 
                    "ref": "Sanhedrin 25b"
                }, 
                {
                    "category": "Talmud", 
                    "sourceHeRef": "עירובין נ״ב ב:מ״ג-מ״ד", 
                    "sourceRef": "Eruvin 52b:43-44", 
                    "ref": "Eruvin 52b.43-44"
                }
            ], 
            "text": ""
        }
    ], 
    "heRef": "רשב״א על עירובין נ״ב ב", 
    "toSections": [
        "52b"
    ], 
    "sectionRef": "Rashba on Eruvin 52b", 
    "title": "Rashba on Eruvin 52b", 
    "next": "Rashba on Eruvin 53a", 
    "heBook": "רשב״א על עירובין", 
    "book": "Rashba on Eruvin", 
    "prev": "Rashba on Eruvin 52a", 
    "textDepth": 2, 
    "sectionNames": [
        "Daf", 
        "Comment"
    ], 
    "sections": [
        "52b"
    ], 
    "isComplex": false, 
    "titleVariants": [
        "Rashba on Eruvin"
    ], 
    "categories": [
        "Commentary2", 
        "Talmud", 
        "Rashba"
    ], 
    "ref": "Rashba on Eruvin 52b", 
    "type": "Commentary2", 
    "addressTypes": [
        "Talmud", 
        "Integer"
    ], 
    "indexTitle": "Rashba on Eruvin", 
    "heIndexTitle": "רשב״א על עירובין", 
    "alts": [], 
    "order": ""
}