{
    "heTitleVariants": [
        "ידִיד נֶפֶש"
    ], 
    "heTitle": "ידִיד נֶפֶש", 
    "heRef": "ידִיד נֶפֶש י״ח", 
    "toSections": [
        18
    ], 
    "sectionRef": "Yedid Nefesh", 
    "next": null, 
    "content": [
        {
            "segmentNumber": "1", 
            "he": "ח", 
            "links": [], 
            "text": "H"
        }, 
        {
            "segmentNumber": "2", 
            "he": "ו", 
            "links": [], 
            "text": "u"
        }, 
        {
            "segmentNumber": "3", 
            "he": "ש", 
            "links": [], 
            "text": "r"
        }, 
        {
            "segmentNumber": "4", 
            "he": "ה", 
            "links": [], 
            "text": "r"
        }, 
        {
            "segmentNumber": "5", 
            "he": " ", 
            "links": [], 
            "text": "y"
        }, 
        {
            "segmentNumber": "6", 
            "he": "נ", 
            "links": [], 
            "text": ","
        }, 
        {
            "segmentNumber": "7", 
            "he": "א", 
            "links": [], 
            "text": " "
        }, 
        {
            "segmentNumber": "8", 
            "he": " ", 
            "links": [], 
            "text": "p"
        }, 
        {
            "segmentNumber": "9", 
            "he": "ו", 
            "links": [], 
            "text": "l"
        }, 
        {
            "segmentNumber": "10", 
            "he": "א", 
            "links": [], 
            "text": "e"
        }, 
        {
            "segmentNumber": "11", 
            "he": "ל", 
            "links": [], 
            "text": "a"
        }, 
        {
            "segmentNumber": "12", 
            "he": " ", 
            "links": [], 
            "text": "s"
        }, 
        {
            "segmentNumber": "13", 
            "he": "ת", 
            "links": [], 
            "text": "e"
        }, 
        {
            "segmentNumber": "14", 
            "he": "ת", 
            "links": [], 
            "text": ","
        }, 
        {
            "segmentNumber": "15", 
            "he": "ע", 
            "links": [], 
            "text": " "
        }, 
        {
            "segmentNumber": "16", 
            "he": "ל", 
            "links": [], 
            "text": "a"
        }, 
        {
            "segmentNumber": "17", 
            "he": "ם", 
            "links": [], 
            "text": "n"
        }, 
        {
            "segmentNumber": "18", 
            "he": ".", 
            "links": [], 
            "text": "d"
        }, 
        {
            "segmentNumber": "19", 
            "he": "", 
            "links": [], 
            "text": " "
        }, 
        {
            "segmentNumber": "20", 
            "he": "", 
            "links": [], 
            "text": "d"
        }, 
        {
            "segmentNumber": "21", 
            "he": "", 
            "links": [], 
            "text": "o"
        }, 
        {
            "segmentNumber": "22", 
            "he": "", 
            "links": [], 
            "text": " "
        }, 
        {
            "segmentNumber": "23", 
            "he": "", 
            "links": [], 
            "text": "n"
        }, 
        {
            "segmentNumber": "24", 
            "he": "", 
            "links": [], 
            "text": "o"
        }, 
        {
            "segmentNumber": "25", 
            "he": "", 
            "links": [], 
            "text": "t"
        }, 
        {
            "segmentNumber": "26", 
            "he": "", 
            "links": [], 
            "text": " "
        }, 
        {
            "segmentNumber": "27", 
            "he": "", 
            "links": [], 
            "text": "r"
        }, 
        {
            "segmentNumber": "28", 
            "he": "", 
            "links": [], 
            "text": "e"
        }, 
        {
            "segmentNumber": "29", 
            "he": "", 
            "links": [], 
            "text": "m"
        }, 
        {
            "segmentNumber": "30", 
            "he": "", 
            "links": [], 
            "text": "a"
        }, 
        {
            "segmentNumber": "31", 
            "he": "", 
            "links": [], 
            "text": "i"
        }, 
        {
            "segmentNumber": "32", 
            "he": "", 
            "links": [], 
            "text": "n"
        }, 
        {
            "segmentNumber": "33", 
            "he": "", 
            "links": [], 
            "text": " "
        }, 
        {
            "segmentNumber": "34", 
            "he": "", 
            "links": [], 
            "text": "h"
        }, 
        {
            "segmentNumber": "35", 
            "he": "", 
            "links": [], 
            "text": "i"
        }, 
        {
            "segmentNumber": "36", 
            "he": "", 
            "links": [], 
            "text": "d"
        }, 
        {
            "segmentNumber": "37", 
            "he": "", 
            "links": [], 
            "text": "d"
        }, 
        {
            "segmentNumber": "38", 
            "he": "", 
            "links": [], 
            "text": "e"
        }, 
        {
            "segmentNumber": "39", 
            "he": "", 
            "links": [], 
            "text": "n"
        }, 
        {
            "segmentNumber": "40", 
            "he": "", 
            "links": [], 
            "text": "."
        }
    ], 
    "book": "Yedid Nefesh", 
    "prev": null, 
    "textDepth": 1, 
    "sectionNames": [
        "Liturgy"
    ], 
    "sections": [
        18
    ], 
    "isComplex": false, 
    "titleVariants": [
        "Yedid Nefesh"
    ], 
    "categories": [
        "Liturgy", 
        "Piyutim"
    ], 
    "ref": "Yedid Nefesh 18", 
    "type": "Liturgy", 
    "addressTypes": [
        "Integer"
    ], 
    "indexTitle": "Yedid Nefesh", 
    "heIndexTitle": "ידִיד נֶפֶש", 
    "alts": [], 
    "order": ""
}