{
    "heTitleVariants": [
        "שו\"ת הרשב\"א חלק א"
    ], 
    "heTitle": "שו\"ת הרשב\"א חלק א", 
    "heRef": "שו\"ת הרשב\"א חלק א שנ״א", 
    "toSections": [
        351
    ], 
    "sectionRef": "Teshuvot haRashba part I 351", 
    "next": "Teshuvot haRashba part I 413", 
    "content": [], 
    "book": "Teshuvot haRashba part I", 
    "prev": null, 
    "textDepth": 2, 
    "sectionNames": [
        "Teshuva", 
        "Paragraph"
    ], 
    "sections": [
        351
    ], 
    "isComplex": false, 
    "titleVariants": [
        "Teshuvot HaRashba part I", 
        "Teshuvot haRashba part I"
    ], 
    "categories": [
        "Responsa", 
        "Rashba"
    ], 
    "ref": "Teshuvot haRashba part I 351", 
    "type": "Responsa", 
    "addressTypes": [
        "Integer", 
        "Integer"
    ], 
    "indexTitle": "Teshuvot haRashba part I", 
    "heIndexTitle": "שו\"ת הרשב\"א חלק א", 
    "alts": [], 
    "order": ""
}