{
    "content": [
        {
            "segmentNumber": "1", 
            "links": [
                {
                    "category": "Commentary", 
                    "index_title": "Tosafot on Rosh Hashanah", 
                    "sourceHeRef": "תוספות על ראש השנה כ״ח ב:א׳:א׳", 
                    "sourceRef": "Tosafot on Rosh Hashanah 28b:1:1"
                }, 
                {
                    "category": "Tanakh", 
                    "index_title": "Leviticus", 
                    "sourceHeRef": "ויקרא כ״ג:כ״ד", 
                    "sourceRef": "Leviticus 23:24"
                }, 
                {
                    "category": "Commentary", 
                    "index_title": "Rashi on Rosh Hashanah", 
                    "sourceHeRef": "רש\"י על ראש השנה כ״ח ב:א׳:א׳", 
                    "sourceRef": "Rashi on Rosh Hashanah 28b:1:1"
                }
            ], 
            "he": "אבל הכא (ויקרא כג, כד) זכרון תרועה כתיב והאי מתעסק בעלמא הוא קמ\"ל"
        }, 
        {
            "segmentNumber": "2", 
            "he": "אלמא קסבר רבא"
        }, 
        {
            "segmentNumber": "3", 
            "he": "מצות אין צריכות כוונה"
        }, 
        {
            "segmentNumber": "4", 
            "he": "איתיביה"
        }, 
        {
            "segmentNumber": "5", 
            "links": [
                {
                    "category": "Commentary", 
                    "index_title": "Rashi on Rosh Hashanah", 
                    "sourceHeRef": "רש\"י על ראש השנה כ״ח ב:ה׳:א׳", 
                    "sourceRef": "Rashi on Rosh Hashanah 28b:5:1"
                }
            ], 
            "he": "היה קורא בתורה והגיע זמן המקרא אם כוון לבו יצא ואם לאו לא יצא"
        }, 
        {
            "segmentNumber": "6", 
            "he": "מאי לאו כוון לבו לצאת"
        }, 
        {
            "segmentNumber": "7", 
            "he": "לא לקרות"
        }, 
        {
            "segmentNumber": "8", 
            "he": "לקרות"
        }, 
        {
            "segmentNumber": "9", 
            "he": "הא קא קרי"
        }, 
        {
            "segmentNumber": "10", 
            "links": [
                {
                    "category": "Commentary", 
                    "index_title": "Rashi on Rosh Hashanah", 
                    "sourceHeRef": "רש\"י על ראש השנה כ״ח ב:י׳:א׳", 
                    "sourceRef": "Rashi on Rosh Hashanah 28b:10:1"
                }
            ], 
            "he": "בקורא להגיה"
        }, 
        {
            "segmentNumber": "11", 
            "he": "ת\"ש"
        }, 
        {
            "segmentNumber": "12", 
            "he": "היה עובר אחורי בית הכנסת או שהיה ביתו סמוך לבית הכנסת ושמע קול שופר או קול מגילה אם כוון לבו יצא ואם לאו לא יצא"
        }, 
        {
            "segmentNumber": "13", 
            "he": "מאי לאו"
        }, 
        {
            "segmentNumber": "14", 
            "he": "אם כוון לבו לצאת"
        }, 
        {
            "segmentNumber": "15", 
            "he": "לא לשמוע"
        }, 
        {
            "segmentNumber": "16", 
            "he": "לשמוע"
        }, 
        {
            "segmentNumber": "17", 
            "he": "והא שמע"
        }, 
        {
            "segmentNumber": "18", 
            "he": "סבור"
        }, 
        {
            "segmentNumber": "19", 
            "he": "חמור בעלמא הוא"
        }, 
        {
            "segmentNumber": "20", 
            "he": "איתיביה"
        }, 
        {
            "segmentNumber": "21", 
            "he": "נתכוון שומע ולא נתכוון משמיע משמיע ולא נתכוון שומע לא יצא עד שיתכוון שומע ומשמיע"
        }, 
        {
            "segmentNumber": "22", 
            "links": [
                {
                    "category": "Commentary", 
                    "index_title": "Tosafot on Rosh Hashanah", 
                    "sourceHeRef": "תוספות על ראש השנה כ״ח ב:כ״ב:א׳", 
                    "sourceRef": "Tosafot on Rosh Hashanah 28b:22:1"
                }
            ], 
            "he": "בשלמא נתכוון משמיע ולא נתכוון שומע כסבור חמור בעלמא הוא אלא נתכוון שומע ולא נתכוון משמיע היכי משכחת לה לאו בתוקע לשיר"
        }, 
        {
            "segmentNumber": "23", 
            "links": [
                {
                    "category": "Commentary", 
                    "index_title": "Rashi on Rosh Hashanah", 
                    "sourceHeRef": "רש\"י על ראש השנה כ״ח ב:כ״ג:א׳", 
                    "sourceRef": "Rashi on Rosh Hashanah 28b:23:1"
                }, 
                {
                    "category": "Commentary", 
                    "index_title": "Tosafot on Rosh Hashanah", 
                    "sourceHeRef": "תוספות על ראש השנה כ״ח ב:כ״ג:א׳", 
                    "sourceRef": "Tosafot on Rosh Hashanah 28b:23:1"
                }, 
                {
                    "category": "Commentary", 
                    "index_title": "Rashba on Rosh Hashanah", 
                    "sourceHeRef": "רשב״א על ראש השנה כ״ח ב:ב׳", 
                    "sourceRef": "Rashba on Rosh Hashanah 28b:2"
                }
            ], 
            "he": "דלמא דקא מנבח נבוחי"
        }, 
        {
            "segmentNumber": "24", 
            "he": "א\"ל אביי"
        }, 
        {
            "segmentNumber": "25", 
            "links": [
                {
                    "category": "Commentary", 
                    "index_title": "Rashi on Rosh Hashanah", 
                    "sourceHeRef": "רש\"י על ראש השנה כ״ח ב:כ״ה:א׳", 
                    "sourceRef": "Rashi on Rosh Hashanah 28b:25:1"
                }, 
                {
                    "category": "Commentary", 
                    "index_title": "Rashi on Rosh Hashanah", 
                    "sourceHeRef": "רש\"י על ראש השנה כ״ח ב:כ״ה:ב׳", 
                    "sourceRef": "Rashi on Rosh Hashanah 28b:25:2"
                }, 
                {
                    "category": "Commentary", 
                    "index_title": "Rashi on Rosh Hashanah", 
                    "sourceHeRef": "רש\"י על ראש השנה כ״ח ב:כ״ה:ג׳", 
                    "sourceRef": "Rashi on Rosh Hashanah 28b:25:3"
                }
            ], 
            "he": "אלא מעתה הישן בשמיני בסוכה ילקה"
        }, 
        {
            "segmentNumber": "26", 
            "he": "אמר לו"
        }, 
        {
            "segmentNumber": "27", 
            "links": [
                {
                    "category": "Commentary", 
                    "index_title": "Rashi on Rosh Hashanah", 
                    "sourceHeRef": "רש\"י על ראש השנה כ״ח ב:כ״ז:א׳", 
                    "sourceRef": "Rashi on Rosh Hashanah 28b:27:1"
                }
            ], 
            "he": "שאני אומר מצות אינו עובר עליהן אלא בזמנן"
        }, 
        {
            "segmentNumber": "28", 
            "he": "מתיב רב שמן בר אבא"
        }, 
        {
            "segmentNumber": "29", 
            "he": "מנין לכהן שעולה לדוכן שלא יאמר"
        }, 
        {
            "segmentNumber": "30", 
            "links": [
                {
                    "category": "Tanakh", 
                    "index_title": "Deuteronomy", 
                    "sourceHeRef": "דברים א׳:י״א", 
                    "sourceRef": "Deuteronomy 1:11"
                }, 
                {
                    "category": "Tanakh", 
                    "index_title": "Deuteronomy", 
                    "sourceHeRef": "דברים ד׳:ב׳", 
                    "sourceRef": "Deuteronomy 4:2"
                }
            ], 
            "he": "הואיל ונתנה לי תורה רשות לברך את ישראל אוסיף ברכה אחת משלי כגון (דברים א, יא) ה' אלהי אבותיכם יוסף עליכם ת\"ל (דברים ד, ב) לא תוסיפו על הדבר"
        }, 
        {
            "segmentNumber": "31", 
            "he": "והא הכא כיון דבריך ליה עברה ליה זמניה וקתני דעבר"
        }, 
        {
            "segmentNumber": "32", 
            "links": [
                {
                    "category": "Commentary", 
                    "index_title": "Rashi on Rosh Hashanah", 
                    "sourceHeRef": "רש\"י על ראש השנה כ״ח ב:ל״ב:א׳", 
                    "sourceRef": "Rashi on Rosh Hashanah 28b:32:1"
                }
            ], 
            "he": "הכא במאי עסקינן בדלא סיים"
        }, 
        {
            "segmentNumber": "33", 
            "he": "והתניא"
        }, 
        {
            "segmentNumber": "34", 
            "links": [
                {
                    "category": "Commentary", 
                    "index_title": "Rashi on Rosh Hashanah", 
                    "sourceHeRef": "רש\"י על ראש השנה כ״ח ב:ל״ד:א׳", 
                    "sourceRef": "Rashi on Rosh Hashanah 28b:34:1"
                }
            ], 
            "he": "סיים"
        }, 
        {
            "segmentNumber": "35", 
            "he": "סיים ברכה אחת"
        }, 
        {
            "segmentNumber": "36", 
            "he": "והתניא"
        }, 
        {
            "segmentNumber": "37", 
            "he": "סיים כל ברכותיו"
        }, 
        {
            "segmentNumber": "38", 
            "he": "שאני הכא כיון דאלו מתרמי ליה צבורא אחרינא הדר מברך כוליה יומא זמניה הוא"
        }, 
        {
            "segmentNumber": "39", 
            "links": [
                {
                    "category": "Commentary", 
                    "index_title": "Tosafot on Rosh Hashanah", 
                    "sourceHeRef": "תוספות על ראש השנה כ״ח ב:ל״ט:א׳", 
                    "sourceRef": "Tosafot on Rosh Hashanah 28b:39:1"
                }
            ], 
            "he": "ומנא תימרא"
        }, 
        {
            "segmentNumber": "40", 
            "he": "דתנן"
        }, 
        {
            "segmentNumber": "41", 
            "links": [
                {
                    "category": "Commentary", 
                    "index_title": "Rashi on Rosh Hashanah", 
                    "sourceHeRef": "רש\"י על ראש השנה כ״ח ב:מ״א:א׳", 
                    "sourceRef": "Rashi on Rosh Hashanah 28b:41:1"
                }, 
                {
                    "category": "Commentary", 
                    "index_title": "Rashi on Rosh Hashanah", 
                    "sourceHeRef": "רש\"י על ראש השנה כ״ח ב:מ״א:ב׳", 
                    "sourceRef": "Rashi on Rosh Hashanah 28b:41:2"
                }, 
                {
                    "category": "Commentary", 
                    "index_title": "Tosafot on Rosh Hashanah", 
                    "sourceHeRef": "תוספות על ראש השנה כ״ח ב:מ״א:א׳", 
                    "sourceRef": "Tosafot on Rosh Hashanah 28b:41:1"
                }
            ], 
            "he": "הניתנין במתנה אחת שנתערבו בניתנין מתנה אחת ינתנו מתנה אחת מתן ד' במתן ד' ינתנו במתן ד' מתן ד' במתן אחת ר\"א אומר"
        }, 
        {
            "segmentNumber": "42", 
            "links": [
                {
                    "category": "Commentary", 
                    "index_title": "Rashi on Rosh Hashanah", 
                    "sourceHeRef": "רש\"י על ראש השנה כ״ח ב:מ״ב:א׳", 
                    "sourceRef": "Rashi on Rosh Hashanah 28b:42:1"
                }
            ], 
            "he": "ינתנו במתן ד' רבי יהושע אומר"
        }, 
        {
            "segmentNumber": "43", 
            "he": "ינתנו במתן אחת"
        }, 
        {
            "segmentNumber": "44", 
            "he": "אמר לו ר\"א"
        }, 
        {
            "segmentNumber": "45", 
            "he": "הרי הוא עובר על בל תגרע"
        }, 
        {
            "segmentNumber": "46", 
            "he": "אמר לו ר' יהושע"
        }, 
        {
            "segmentNumber": "47", 
            "he": "הרי הוא עובר על בל תוסיף"
        }, 
        {
            "segmentNumber": "48", 
            "he": "א\"ל ר\"א"
        }, 
        {
            "segmentNumber": "49", 
            "links": [
                {
                    "category": "Commentary", 
                    "index_title": "Tosafot on Rosh Hashanah", 
                    "sourceHeRef": "תוספות על ראש השנה כ״ח ב:מ״ט:א׳", 
                    "sourceRef": "Tosafot on Rosh Hashanah 28b:49:1"
                }
            ], 
            "he": "לא נאמר בל תוסיף אלא כשהוא בעצמו אמר לו ר' יהושע"
        }, 
        {
            "segmentNumber": "50", 
            "links": [
                {
                    "category": "Commentary", 
                    "index_title": "Tosafot on Rosh Hashanah", 
                    "sourceHeRef": "תוספות על ראש השנה כ״ח ב:נ׳:א׳", 
                    "sourceRef": "Tosafot on Rosh Hashanah 28b:50:1"
                }
            ], 
            "he": "לא נאמר בל תגרע אלא כשהוא בעצמו"
        }, 
        {
            "segmentNumber": "51", 
            "he": "ועוד אמר רבי יהושע"
        }, 
        {
            "segmentNumber": "52", 
            "he": "כשלא נתת עברת על בל תגרע ולא עשית מעשה בידך"
        }, 
        {
            "segmentNumber": "53", 
            "he": "כשנתת עברת על בל תוסיף ועשית מעשה בידך"
        }, 
        {
            "segmentNumber": "54", 
            "he": "והא הכא כיון דיהיב ליה מתנה מבכור עברה ליה לזמניה וקתני דעבר משום בל תוסיף לאו משום דאמרינן"
        }, 
        {
            "segmentNumber": "55", 
            "he": "כיון דאילו מתרמי ליה בוכרא אחרינא הדר מזה מיניה כוליה יומא זמניה"
        }, 
        {
            "segmentNumber": "56", 
            "he": "[ממאי]"
        }, 
        {
            "segmentNumber": "57", 
            "links": [
                {
                    "category": "Commentary", 
                    "index_title": "Rashi on Rosh Hashanah", 
                    "sourceHeRef": "רש\"י על ראש השנה כ״ח ב:נ״ז:א׳", 
                    "sourceRef": "Rashi on Rosh Hashanah 28b:57:1"
                }, 
                {
                    "category": "Commentary", 
                    "index_title": "Tosafot on Rosh Hashanah", 
                    "sourceHeRef": "תוספות על ראש השנה כ״ח ב:נ״ז:א׳", 
                    "sourceRef": "Tosafot on Rosh Hashanah 28b:57:1"
                }
            ], 
            "he": "דלמא קסבר ר' יהושע"
        }, 
        {
            "segmentNumber": "58", 
            "he": "מצות עובר עליהן אפי' שלא בזמנן"
        }, 
        {
            "segmentNumber": "59", 
            "links": [
                {
                    "category": "Commentary", 
                    "index_title": "Rashi on Rosh Hashanah", 
                    "sourceHeRef": "רש\"י על ראש השנה כ״ח ב:נ״ט:א׳", 
                    "sourceRef": "Rashi on Rosh Hashanah 28b:59:1"
                }
            ], 
            "he": "אנן הכי קאמרינן"
        }, 
        {
            "segmentNumber": "60", 
            "links": [
                {
                    "category": "Commentary", 
                    "index_title": "Rashi on Rosh Hashanah", 
                    "sourceHeRef": "רש\"י על ראש השנה כ״ח ב:ס׳:א׳", 
                    "sourceRef": "Rashi on Rosh Hashanah 28b:60:1"
                }, 
                {
                    "category": "Commentary", 
                    "index_title": "Rashi on Rosh Hashanah", 
                    "sourceHeRef": "רש\"י על ראש השנה כ״ח ב:ס׳:ב׳", 
                    "sourceRef": "Rashi on Rosh Hashanah 28b:60:2"
                }
            ], 
            "he": "רב שמן בר אבא מ\"ט שביק מתני' ומותיב מברייתא לותיב ממתניתין"
        }, 
        {
            "segmentNumber": "61", 
            "he": "מתניתין מ\"ט לא מותיב כיון דאילו מתרמי ליה בוכרא אחרינא בעי מזה מיניה כוליה יומא זמניה הוא ברייתא נמי כיון דאי מתרמי צבורא אחרינא הדר מברך כוליה יומא זמניה"
        }, 
        {
            "segmentNumber": "62", 
            "he": "ורב שמן בר אבא"
        }, 
        {
            "segmentNumber": "63", 
            "links": [
                {
                    "category": "Commentary", 
                    "index_title": "Rashi on Rosh Hashanah", 
                    "sourceHeRef": "רש\"י על ראש השנה כ״ח ב:ס״ג:א׳", 
                    "sourceRef": "Rashi on Rosh Hashanah 28b:63:1"
                }, 
                {
                    "category": "Commentary", 
                    "index_title": "Tosafot on Rosh Hashanah", 
                    "sourceHeRef": "תוספות על ראש השנה כ״ח ב:ס״ג:א׳", 
                    "sourceRef": "Tosafot on Rosh Hashanah 28b:63:1"
                }, 
                {
                    "category": "Commentary", 
                    "index_title": "Rashba on Rosh Hashanah", 
                    "sourceHeRef": "רשב״א על ראש השנה כ״ח ב:ד׳", 
                    "sourceRef": "Rashba on Rosh Hashanah 28b:4"
                }
            ], 
            "he": "התם לא סגי דלא יהיב הכא אי בעי מברך אי בעי לא מברך"
        }, 
        {
            "segmentNumber": "64", 
            "he": "רבא אמר"
        }, 
        {
            "segmentNumber": "65", 
            "links": [
                {
                    "category": "Commentary", 
                    "index_title": "Rashi on Rosh Hashanah", 
                    "sourceHeRef": "רש\"י על ראש השנה כ״ח ב:ס״ה:א׳", 
                    "sourceRef": "Rashi on Rosh Hashanah 28b:65:1"
                }, 
                {
                    "category": "Commentary", 
                    "index_title": "Rashi on Rosh Hashanah", 
                    "sourceHeRef": "רש\"י על ראש השנה כ״ח ב:ס״ה:ב׳", 
                    "sourceRef": "Rashi on Rosh Hashanah 28b:65:2"
                }
            ], 
            "he": "לצאת לא בעי כוונה לעבור בעי כוונה"
        }, 
        {
            "segmentNumber": "66", 
            "links": [
                {
                    "category": "Commentary", 
                    "index_title": "Rashi on Rosh Hashanah", 
                    "sourceHeRef": "רש\"י על ראש השנה כ״ח ב:ס״ו:א׳", 
                    "sourceRef": "Rashi on Rosh Hashanah 28b:66:1"
                }
            ], 
            "he": "והא מתן דמים לרבי יהושע דלעבור ולא בעי כוונה"
        }, 
        {
            "segmentNumber": "67", 
            "links": [
                {
                    "category": "Commentary", 
                    "index_title": "Rashba on Rosh Hashanah", 
                    "sourceHeRef": "רשב״א על ראש השנה כ״ח ב:ה׳", 
                    "sourceRef": "Rashba on Rosh Hashanah 28b:5"
                }
            ], 
            "he": "אלא אמר רבא"
        }, 
        {
            "segmentNumber": "68", 
            "he": "לצאת לא בעי כוונה לעבור בזמנו לא בעי כוונה שלא בזמנו בעי כוונה"
        }, 
        {
            "segmentNumber": "69", 
            "links": [
                {
                    "category": "Commentary", 
                    "index_title": "Rashba on Rosh Hashanah", 
                    "sourceHeRef": "רשב״א על ראש השנה כ״ח ב:ו׳", 
                    "sourceRef": "Rashba on Rosh Hashanah 28b:6"
                }
            ], 
            "he": "אמר ליה ר' זירא לשמעיה"
        }
    ], 
    "heTitle": "ראש השנה כ״ח ב", 
    "indexTitle": "Rosh Hashanah", 
    "sectionRef": "Rosh Hashanah 28b", 
    "prev": "Rosh Hashanah 28a", 
    "ref": "Rosh Hashanah 28b", 
    "heRef": "ראש השנה כ״ח ב", 
    "next": "Rosh Hashanah 29a"
}