{
    "heTitleVariants": [
        "ראש השנה"
    ], 
    "heTitle": "ראש השנה י״ח ב", 
    "content": [
        {
            "segmentNumber": "1", 
            "he": "דאמר רב חנא בר ביזנא אמר ר\"ש חסידא", 
            "links": [
                {
                    "category": "Commentary", 
                    "sourceHeRef": "רש\"י על ראש השנה י״ח ב:א׳:א׳", 
                    "sourceRef": "Rashi on Rosh Hashanah 18b:1:1", 
                    "ref": "Rashi on Rosh Hashanah 18b:1:1"
                }
            ], 
            "text": ""
        }, 
        {
            "segmentNumber": "2", 
            "he": "מאי דכתיב (זכריה ח, יט) כה אמר ה' צבאות צום הרביעי וצום החמישי וצום השביעי וצום העשירי יהיה לבית יהודה לששון ולשמחה", 
            "links": [
                {
                    "category": "Tanach", 
                    "sourceHeRef": "זכריה ח׳:י״ט", 
                    "sourceRef": "Zechariah 8:19", 
                    "ref": "Zechariah 8:19"
                }
            ], 
            "text": ""
        }, 
        {
            "segmentNumber": "3", 
            "he": "קרי להו צום וקרי להו ששון ושמחה בזמן שיש שלום יהיו לששון ולשמחה אין שלום צום", 
            "links": [
                {
                    "category": "Commentary", 
                    "sourceHeRef": "רש\"י על ראש השנה י״ח ב:ג׳:א׳", 
                    "sourceRef": "Rashi on Rosh Hashanah 18b:3:1", 
                    "ref": "Rashi on Rosh Hashanah 18b:3:1"
                }, 
                {
                    "category": "Commentary", 
                    "sourceHeRef": "רש\"י על ראש השנה י״ח ב:ג׳:ב׳", 
                    "sourceRef": "Rashi on Rosh Hashanah 18b:3:2", 
                    "ref": "Rashi on Rosh Hashanah 18b:3:2"
                }
            ], 
            "text": ""
        }, 
        {
            "segmentNumber": "4", 
            "he": "אמר רב פפא", 
            "links": [], 
            "text": ""
        }, 
        {
            "segmentNumber": "5", 
            "he": "הכי קאמר", 
            "links": [], 
            "text": ""
        }, 
        {
            "segmentNumber": "6", 
            "he": "בזמן שיש שלום יהיו לששון ולשמחה יש גזרת המלכות צום אין גזרת המלכות ואין שלום רצו מתענין רצו אין מתענין", 
            "links": [
                {
                    "category": "Commentary", 
                    "sourceHeRef": "רש\"י על ראש השנה י״ח ב:ו׳:א׳", 
                    "sourceRef": "Rashi on Rosh Hashanah 18b:6:1", 
                    "ref": "Rashi on Rosh Hashanah 18b:6:1"
                }, 
                {
                    "category": "Commentary", 
                    "sourceHeRef": "רש\"י על ראש השנה י״ח ב:ו׳:ב׳", 
                    "sourceRef": "Rashi on Rosh Hashanah 18b:6:2", 
                    "ref": "Rashi on Rosh Hashanah 18b:6:2"
                }, 
                {
                    "category": "Quoting Commentary", 
                    "sourceHeRef": "תוספות על מגילה ה׳ ב:א׳:א׳", 
                    "sourceRef": "Tosafot on Megillah 5b:1:1", 
                    "ref": "Tosafot on Megillah 5b:1:1"
                }
            ], 
            "text": ""
        }, 
        {
            "segmentNumber": "7", 
            "he": "אי הכי ט\"ב נמי", 
            "links": [], 
            "text": ""
        }, 
        {
            "segmentNumber": "8", 
            "he": "אמר רב פפא", 
            "links": [], 
            "text": ""
        }, 
        {
            "segmentNumber": "9", 
            "he": "שאני ט' באב הואיל והוכפלו בו צרות", 
            "links": [
                {
                    "category": "Commentary", 
                    "sourceHeRef": "תוספות על ראש השנה י״ח ב:ט׳:א׳", 
                    "sourceRef": "Tosafot on Rosh Hashanah 18b:9:1", 
                    "ref": "Tosafot on Rosh Hashanah 18b:9:1"
                }, 
                {
                    "category": "Commentary", 
                    "sourceHeRef": "רשב״א על ראש השנה י״ח ב:ג׳", 
                    "sourceRef": "Rashba on Rosh Hashanah 18b:3", 
                    "ref": "Rashba on Rosh Hashanah 18b:3"
                }
            ], 
            "text": ""
        }, 
        {
            "segmentNumber": "10", 
            "he": "דאמר מר", 
            "links": [], 
            "text": ""
        }, 
        {
            "segmentNumber": "11", 
            "he": "בט' באב חרב הבית בראשונה ובשניה ונלכדה ביתר ונחרשה העיר", 
            "links": [], 
            "text": ""
        }, 
        {
            "segmentNumber": "12", 
            "he": "תניא אמר ר\"ש", 
            "links": [], 
            "text": ""
        }, 
        {
            "segmentNumber": "13", 
            "he": "ארבעה דברים היה ר\"ע דורש ואני אין דורש כמותו", 
            "links": [
                {
                    "category": "Commentary", 
                    "sourceHeRef": "רש\"י על ראש השנה י״ח ב:י״ג:א׳", 
                    "sourceRef": "Rashi on Rosh Hashanah 18b:13:1", 
                    "ref": "Rashi on Rosh Hashanah 18b:13:1"
                }
            ], 
            "text": ""
        }, 
        {
            "segmentNumber": "14", 
            "he": "צום הרביעי זה ט' בתמוז שבו הובקעה העיר שנאמר (ירמיהו נב, ו) (ברביעי) בתשעה לחדש ויחזק הרעב בעיר ולא היה לחם לעם הארץ ותבקע העיר", 
            "links": [
                {
                    "category": "Commentary", 
                    "sourceHeRef": "תוספות על ראש השנה י״ח ב:י״ד:א׳", 
                    "sourceRef": "Tosafot on Rosh Hashanah 18b:14:1", 
                    "ref": "Tosafot on Rosh Hashanah 18b:14:1"
                }, 
                {
                    "category": "Tanach", 
                    "sourceHeRef": "ירמיהו נ״ב:ו׳", 
                    "sourceRef": "Jeremiah 52:6", 
                    "ref": "Jeremiah 52:6"
                }, 
                {
                    "category": "Commentary", 
                    "sourceHeRef": "רשב״א על ראש השנה י״ח ב:ד׳", 
                    "sourceRef": "Rashba on Rosh Hashanah 18b:4", 
                    "ref": "Rashba on Rosh Hashanah 18b:4"
                }
            ], 
            "text": ""
        }, 
        {
            "segmentNumber": "15", 
            "he": "ואמאי קרי ליה רביעי רביעי לחדשים", 
            "links": [], 
            "text": ""
        }, 
        {
            "segmentNumber": "16", 
            "he": "צום החמישי זה תשעה באב שבו נשרף בית אלהינו", 
            "links": [
                {
                    "category": "Commentary", 
                    "sourceHeRef": "תוספות על ראש השנה י״ח ב:ט״ז:א׳", 
                    "sourceRef": "Tosafot on Rosh Hashanah 18b:16:1", 
                    "ref": "Tosafot on Rosh Hashanah 18b:16:1"
                }
            ], 
            "text": ""
        }, 
        {
            "segmentNumber": "17", 
            "he": "ואמאי קרי ליה חמישי חמישי לחדשים", 
            "links": [], 
            "text": ""
        }, 
        {
            "segmentNumber": "18", 
            "he": "צום השביעי זה ג' בתשרי שבו נהרג גדליה בן אחיקם", 
            "links": [], 
            "text": ""
        }, 
        {
            "segmentNumber": "19", 
            "he": "ומי הרגו ישמעאל בן נתניה הרגו ללמדך ששקולה מיתתן של צדיקים כשריפת בית אלהינו", 
            "links": [], 
            "text": ""
        }, 
        {
            "segmentNumber": "20", 
            "he": "ואמאי קרי ליה שביעי שביעי לחדשים", 
            "links": [], 
            "text": ""
        }, 
        {
            "segmentNumber": "21", 
            "he": "צום העשירי זה עשרה בטבת שבו סמך מלך בבל על ירושלים שנאמר (יחזקאל כד, א) ויהי דבר ה' אלי בשנה התשיעית בחדש העשירי בעשור לחדש לאמר", 
            "links": [
                {
                    "category": "Tanach", 
                    "sourceHeRef": "יחזקאל כ״ד:א׳", 
                    "sourceRef": "Ezekiel 24:1", 
                    "ref": "Ezekiel 24:1"
                }, 
                {
                    "category": "Commentary", 
                    "sourceHeRef": "רש\"י על ראש השנה י״ח ב:כ״א:א׳", 
                    "sourceRef": "Rashi on Rosh Hashanah 18b:21:1", 
                    "ref": "Rashi on Rosh Hashanah 18b:21:1"
                }
            ], 
            "text": ""
        }, 
        {
            "segmentNumber": "22", 
            "he": "בן אדם כתב לך את שם היום את עצם היום הזה סמך מלך בבל אל ירושלם", 
            "links": [], 
            "text": ""
        }, 
        {
            "segmentNumber": "23", 
            "he": "ואמאי קרי ליה עשירי עשירי לחדשים", 
            "links": [], 
            "text": ""
        }, 
        {
            "segmentNumber": "24", 
            "he": "והלא היה ראוי זה לכתוב ראשון ולמה נכתב כאן כדי להסדיר חדשים כתיקנן", 
            "links": [], 
            "text": ""
        }, 
        {
            "segmentNumber": "25", 
            "he": "ואני איני אומר כן אלא", 
            "links": [], 
            "text": ""
        }, 
        {
            "segmentNumber": "26", 
            "he": "צום העשירי זה חמשה בטבת שבו באת שמועה לגולה שהוכתה העיר שנאמר (יחזקאל לג, כא) ויהי בשתי עשרה שנה בעשירי בחמשה לחדש לגלותנו בא אלי הפליט מירושלם לאמר הוכתה העיר ועשו יום שמועה כיום שריפה", 
            "links": [
                {
                    "category": "Commentary", 
                    "sourceHeRef": "רש\"י על ראש השנה י״ח ב:כ״ו:א׳", 
                    "sourceRef": "Rashi on Rosh Hashanah 18b:26:1", 
                    "ref": "Rashi on Rosh Hashanah 18b:26:1"
                }, 
                {
                    "category": "Tanach", 
                    "sourceHeRef": "יחזקאל ל״ג:כ״א", 
                    "sourceRef": "Ezekiel 33:21", 
                    "ref": "Ezekiel 33:21"
                }
            ], 
            "text": ""
        }, 
        {
            "segmentNumber": "27", 
            "he": "ונראין דברי מדבריו שאני אומר על ראשון ראשון ועל אחרון אחרון והוא אומר על ראשון אחרון ועל אחרון ראשון", 
            "links": [
                {
                    "category": "Commentary", 
                    "sourceHeRef": "רש\"י על ראש השנה י״ח ב:כ״ז:א׳", 
                    "sourceRef": "Rashi on Rosh Hashanah 18b:27:1", 
                    "ref": "Rashi on Rosh Hashanah 18b:27:1"
                }, 
                {
                    "category": "Commentary", 
                    "sourceHeRef": "רש\"י על ראש השנה י״ח ב:כ״ז:ב׳", 
                    "sourceRef": "Rashi on Rosh Hashanah 18b:27:2", 
                    "ref": "Rashi on Rosh Hashanah 18b:27:2"
                }, 
                {
                    "category": "Commentary", 
                    "sourceHeRef": "רש\"י על ראש השנה י״ח ב:כ״ז:ג׳", 
                    "sourceRef": "Rashi on Rosh Hashanah 18b:27:3", 
                    "ref": "Rashi on Rosh Hashanah 18b:27:3"
                }, 
                {
                    "category": "Commentary", 
                    "sourceHeRef": "רש\"י על ראש השנה י״ח ב:כ״ז:ד׳", 
                    "sourceRef": "Rashi on Rosh Hashanah 18b:27:4", 
                    "ref": "Rashi on Rosh Hashanah 18b:27:4"
                }
            ], 
            "text": ""
        }, 
        {
            "segmentNumber": "28", 
            "he": "אלא שהוא מונה לסדר חדשים ואני מונה לסדר פורעניות", 
            "links": [
                {
                    "category": "Commentary", 
                    "sourceHeRef": "רש\"י על ראש השנה י״ח ב:כ״ח:א׳", 
                    "sourceRef": "Rashi on Rosh Hashanah 18b:28:1", 
                    "ref": "Rashi on Rosh Hashanah 18b:28:1"
                }
            ], 
            "text": ""
        }, 
        {
            "segmentNumber": "29", 
            "he": "איתמר רב ורבי חנינא אמרי", 
            "links": [], 
            "text": ""
        }, 
        {
            "segmentNumber": "30", 
            "he": "בטלה מגילת תענית רבי יוחנן וריב\"ל אמרי", 
            "links": [
                {
                    "category": "Commentary", 
                    "sourceHeRef": "רש\"י על ראש השנה י״ח ב:ל׳:א׳", 
                    "sourceRef": "Rashi on Rosh Hashanah 18b:30:1", 
                    "ref": "Rashi on Rosh Hashanah 18b:30:1"
                }
            ], 
            "text": ""
        }, 
        {
            "segmentNumber": "31", 
            "he": "לא בטלה מגילת תענית", 
            "links": [], 
            "text": ""
        }, 
        {
            "segmentNumber": "32", 
            "he": "רב ורבי חנינא אמרי", 
            "links": [], 
            "text": ""
        }, 
        {
            "segmentNumber": "33", 
            "he": "בטלה מגילת תענית הכי קאמר", 
            "links": [], 
            "text": ""
        }, 
        {
            "segmentNumber": "34", 
            "he": "בזמן שיש שלום יהיו לששון ולשמחה אין שלום צום", 
            "links": [
                {
                    "category": "Commentary", 
                    "sourceHeRef": "רש\"י על ראש השנה י״ח ב:ל״ד:א׳", 
                    "sourceRef": "Rashi on Rosh Hashanah 18b:34:1", 
                    "ref": "Rashi on Rosh Hashanah 18b:34:1"
                }
            ], 
            "text": ""
        }, 
        {
            "segmentNumber": "35", 
            "he": "והנך נמי כי הני", 
            "links": [
                {
                    "category": "Commentary", 
                    "sourceHeRef": "רש\"י על ראש השנה י״ח ב:ל״ה:א׳", 
                    "sourceRef": "Rashi on Rosh Hashanah 18b:35:1", 
                    "ref": "Rashi on Rosh Hashanah 18b:35:1"
                }
            ], 
            "text": ""
        }, 
        {
            "segmentNumber": "36", 
            "he": "רבי יוחנן ורבי יהושע בן לוי אמרי", 
            "links": [], 
            "text": ""
        }, 
        {
            "segmentNumber": "37", 
            "he": "לא בטלה מגילת תענית הני הוא דתלינהו רחמנא בבנין בהמ\"ק אבל הנך כדקיימי קיימי", 
            "links": [
                {
                    "category": "Commentary", 
                    "sourceHeRef": "רש\"י על ראש השנה י״ח ב:ל״ז:א׳", 
                    "sourceRef": "Rashi on Rosh Hashanah 18b:37:1", 
                    "ref": "Rashi on Rosh Hashanah 18b:37:1"
                }
            ], 
            "text": ""
        }, 
        {
            "segmentNumber": "38", 
            "he": "מתיב רב כהנא", 
            "links": [], 
            "text": ""
        }, 
        {
            "segmentNumber": "39", 
            "he": "מעשה וגזרו תענית בחנוכה בלוד וירד ר\"א ורחץ ורבי יהושע וסיפר", 
            "links": [
                {
                    "category": "Commentary", 
                    "sourceHeRef": "תוספות על ראש השנה י״ח ב:ל״ט:א׳", 
                    "sourceRef": "Tosafot on Rosh Hashanah 18b:39:1", 
                    "ref": "Tosafot on Rosh Hashanah 18b:39:1"
                }, 
                {
                    "category": "Commentary", 
                    "sourceHeRef": "רש\"י על ראש השנה י״ח ב:ל״ט:א׳", 
                    "sourceRef": "Rashi on Rosh Hashanah 18b:39:1", 
                    "ref": "Rashi on Rosh Hashanah 18b:39:1"
                }
            ], 
            "text": ""
        }, 
        {
            "segmentNumber": "40", 
            "he": "ואמרו להם", 
            "links": [], 
            "text": ""
        }, 
        {
            "segmentNumber": "41", 
            "he": "צאו והתענו על מה שהתעניתם", 
            "links": [
                {
                    "category": "Commentary", 
                    "sourceHeRef": "רש\"י על ראש השנה י״ח ב:מ״א:א׳", 
                    "sourceRef": "Rashi on Rosh Hashanah 18b:41:1", 
                    "ref": "Rashi on Rosh Hashanah 18b:41:1"
                }, 
                {
                    "category": "Commentary", 
                    "sourceHeRef": "רשב״א על ראש השנה י״ח ב:ה׳", 
                    "sourceRef": "Rashba on Rosh Hashanah 18b:5", 
                    "ref": "Rashba on Rosh Hashanah 18b:5"
                }
            ], 
            "text": ""
        }, 
        {
            "segmentNumber": "42", 
            "he": "א\"ר יוסף", 
            "links": [], 
            "text": ""
        }, 
        {
            "segmentNumber": "43", 
            "he": "שאני חנוכה דאיכא מצוה", 
            "links": [], 
            "text": ""
        }, 
        {
            "segmentNumber": "44", 
            "he": "א\"ל אביי", 
            "links": [], 
            "text": ""
        }, 
        {
            "segmentNumber": "45", 
            "he": "ותיבטיל איהי ותיבטל מצותה", 
            "links": [], 
            "text": ""
        }, 
        {
            "segmentNumber": "46", 
            "he": "אלא אמר רב יוסף", 
            "links": [], 
            "text": ""
        }, 
        {
            "segmentNumber": "47", 
            "he": "שאני חנוכה דמיפרסם ניסא", 
            "links": [
                {
                    "category": "Commentary", 
                    "sourceHeRef": "רש\"י על ראש השנה י״ח ב:מ״ז:א׳", 
                    "sourceRef": "Rashi on Rosh Hashanah 18b:47:1", 
                    "ref": "Rashi on Rosh Hashanah 18b:47:1"
                }
            ], 
            "text": ""
        }, 
        {
            "segmentNumber": "48", 
            "he": "מותיב רב אחא בר הונא", 
            "links": [], 
            "text": ""
        }, 
        {
            "segmentNumber": "49", 
            "he": "בתלתא בתשרי בטילת אדכרתא מן שטרייא שגזרה מלכות יון גזרה שלא להזכיר שם שמים על פיהם וכשגברה מלכות חשמונאי ונצחום התקינו שיהו מזכירין שם שמים אפילו בשטרות", 
            "links": [
                {
                    "category": "Commentary", 
                    "sourceHeRef": "רש\"י על ראש השנה י״ח ב:מ״ט:א׳", 
                    "sourceRef": "Rashi on Rosh Hashanah 18b:49:1", 
                    "ref": "Rashi on Rosh Hashanah 18b:49:1"
                }
            ], 
            "text": ""
        }, 
        {
            "segmentNumber": "50", 
            "he": "וכך היו כותבים", 
            "links": [], 
            "text": ""
        }, 
        {
            "segmentNumber": "51", 
            "he": "בשנת כך וכך ליוחנן כהן גדול לאל עליון", 
            "links": [], 
            "text": ""
        }, 
        {
            "segmentNumber": "52", 
            "he": "וכששמעו חכמים בדבר אמרו", 
            "links": [], 
            "text": ""
        }, 
        {
            "segmentNumber": "53", 
            "he": "למחר זה פורע את חובו ונמצא שטר מוטל באשפה וביטלום", 
            "links": [], 
            "text": ""
        }, 
        {
            "segmentNumber": "54", 
            "he": "ואותו היום עשאוהו יו\"ט", 
            "links": [], 
            "text": ""
        }, 
        {
            "segmentNumber": "55", 
            "he": "ואי סלקא דעתך בטלה מגילת תענית קמייתא בטול אחרנייתא מוסיפין", 
            "links": [], 
            "text": ""
        }, 
        {
            "segmentNumber": "56", 
            "he": "הכא במאי עסקינן בזמן שבית המקדש קיים", 
            "links": [], 
            "text": ""
        }
    ], 
    "heRef": "ראש השנה י״ח ב", 
    "toSections": [
        "18b"
    ], 
    "sectionRef": "Rosh Hashanah 18b", 
    "title": "Rosh Hashanah 18b", 
    "lengths": [
        67, 
        3168
    ], 
    "next": "Rosh Hashanah 19a", 
    "heBook": "ראש השנה", 
    "book": "Rosh Hashanah", 
    "prev": "Rosh Hashanah 18a", 
    "textDepth": 2, 
    "sectionNames": [
        "Daf", 
        "Line"
    ], 
    "sections": [
        "18b"
    ], 
    "isComplex": false, 
    "titleVariants": [
        "Talmud Rosh Hashanah", 
        "Tractate Rosh Hashanah", 
        "Rosh Hashanah", 
        "Masekhet Rosh Hashanah", 
        "Rosh HaShanah"
    ], 
    "categories": [
        "Talmud", 
        "Bavli", 
        "Seder Moed"
    ], 
    "ref": "Rosh Hashanah 18b", 
    "type": "Talmud", 
    "addressTypes": [
        "Talmud", 
        "Integer"
    ], 
    "length": 67, 
    "indexTitle": "Rosh Hashanah", 
    "heIndexTitle": "ראש השנה", 
    "alts": [], 
    "order": [
        5, 
        4
    ]
}