{
    "content": [
        {
            "segmentNumber": "1", 
            "links": [
                {
                    "category": "Commentary", 
                    "index_title": "Rashi on Rosh Hashanah", 
                    "sourceHeRef": "רש\"י על ראש השנה י״א ב:א׳:א׳", 
                    "sourceRef": "Rashi on Rosh Hashanah 11b:1:1"
                }
            ], 
            "he": "עדות ביהוסף שמו בצאתו וגו'"
        }, 
        {
            "segmentNumber": "2", 
            "links": [
                {
                    "category": "Commentary", 
                    "index_title": "Rashi on Rosh Hashanah", 
                    "sourceHeRef": "רש\"י על ראש השנה י״א ב:ב׳:א׳", 
                    "sourceRef": "Rashi on Rosh Hashanah 11b:2:1"
                }, 
                {
                    "category": "Tanakh", 
                    "index_title": "Exodus", 
                    "sourceHeRef": "שמות ו׳:ו׳", 
                    "sourceRef": "Exodus 6:6"
                }, 
                {
                    "category": "Tanakh", 
                    "index_title": "Psalms", 
                    "sourceHeRef": "תהילים פ״א:ז׳", 
                    "sourceRef": "Psalms 81:7"
                }
            ], 
            "he": "בר\"ה בטלה עבודה מאבותינו במצרי' כתיב הכא (שמות ו, ו) והוצאתי אתכם מתחת סבלות מצרים וכתיב התם (תהלים פא, ז) הסירותי מסבל שכמו"
        }, 
        {
            "segmentNumber": "3", 
            "he": "בניסן נגאלו כדאיתא"
        }, 
        {
            "segmentNumber": "4", 
            "he": "בתשרי עתידין ליגאל אתיא שופר שופר"
        }, 
        {
            "segmentNumber": "5", 
            "links": [
                {
                    "category": "Tanakh", 
                    "index_title": "Isaiah", 
                    "sourceHeRef": "ישעיהו כ״ז:י״ג", 
                    "sourceRef": "Isaiah 27:13"
                }
            ], 
            "he": "כתיב הכא תקעו בחדש שופר וכתיב התם (ישעיהו כז, יג) ביום ההוא יתקע בשופר גדול"
        }, 
        {
            "segmentNumber": "6", 
            "he": "ר' יהושע אומר"
        }, 
        {
            "segmentNumber": "7", 
            "he": "בניסן נגאלו בניסן עתידין ליגאל"
        }, 
        {
            "segmentNumber": "8", 
            "he": "מנלן"
        }, 
        {
            "segmentNumber": "9", 
            "links": [
                {
                    "category": "Tanakh", 
                    "index_title": "Exodus", 
                    "sourceHeRef": "שמות י״ב:מ״ב", 
                    "sourceRef": "Exodus 12:42"
                }, 
                {
                    "category": "Commentary", 
                    "index_title": "Rashi on Rosh Hashanah", 
                    "sourceHeRef": "רש\"י על ראש השנה י״א ב:ט׳:א׳", 
                    "sourceRef": "Rashi on Rosh Hashanah 11b:9:1"
                }
            ], 
            "he": "אמר קרא (שמות יב, מב) ליל שמורים ליל המשומר ובא מששת ימי בראשית"
        }, 
        {
            "segmentNumber": "10", 
            "he": "ואידך"
        }, 
        {
            "segmentNumber": "11", 
            "links": [
                {
                    "category": "Commentary", 
                    "index_title": "Tosafot on Rosh Hashanah", 
                    "sourceHeRef": "תוספות על ראש השנה י״א ב:י״א:א׳", 
                    "sourceRef": "Tosafot on Rosh Hashanah 11b:11:1"
                }
            ], 
            "he": "לילה המשומר ובא מן המזיקין"
        }, 
        {
            "segmentNumber": "12", 
            "links": [
                {
                    "category": "Commentary", 
                    "index_title": "Rashi on Rosh Hashanah", 
                    "sourceHeRef": "רש\"י על ראש השנה י״א ב:י״ב:א׳", 
                    "sourceRef": "Rashi on Rosh Hashanah 11b:12:1"
                }
            ], 
            "he": "ואזדו לטעמייהו דתניא"
        }, 
        {
            "segmentNumber": "13", 
            "links": [
                {
                    "category": "Tanakh", 
                    "index_title": "Genesis", 
                    "sourceHeRef": "בראשית ז׳:י״א", 
                    "sourceRef": "Genesis 7:11"
                }
            ], 
            "he": "(בראשית ז, יא) בשנת שש מאות שנה לחיי נח בחדש השני בשבעה עשר יום לחדש"
        }, 
        {
            "segmentNumber": "14", 
            "he": "רבי יהושע אומר"
        }, 
        {
            "segmentNumber": "15", 
            "links": [
                {
                    "category": "Commentary", 
                    "index_title": "Tosafot on Rosh Hashanah", 
                    "sourceHeRef": "תוספות על ראש השנה י״א ב:ט״ו:א׳", 
                    "sourceRef": "Tosafot on Rosh Hashanah 11b:15:1"
                }
            ], 
            "he": "אותו היום י\"ז באייר היה יום שמזל כימה שוקע ביום ומעינות מתמעטין ומתוך ששינו מעשיהן שינה הקב\"ה עליהם מעשה בראשית והעלה מזל כימה ביום ונטל שני כוכבים מכימה והביא מבול לעולם"
        }, 
        {
            "segmentNumber": "16", 
            "he": "ר' אליעזר אומר"
        }, 
        {
            "segmentNumber": "17", 
            "links": [
                {
                    "category": "Commentary", 
                    "index_title": "Rashi on Rosh Hashanah", 
                    "sourceHeRef": "רש\"י על ראש השנה י״א ב:י״ז:א׳", 
                    "sourceRef": "Rashi on Rosh Hashanah 11b:17:1"
                }
            ], 
            "he": "אותו היום י\"ז במרחשון היה יום שמזל כימה עולה ביום ומעיינות מתגברים"
        }
    ], 
    "heTitle": "ראש השנה י״א ב", 
    "indexTitle": "Rosh Hashanah", 
    "sectionRef": "Rosh Hashanah 11b", 
    "prev": "Rosh Hashanah 11a", 
    "ref": "Rosh Hashanah 11b", 
    "heRef": "ראש השנה י״א ב", 
    "next": "Rosh Hashanah 12a"
}