[{
    "links": [
        [
            "7b:3", 
            "Deuteronomy 25", 
            "Tanach"
        ]
    ], 
    "text": [], 
    "heTitleVariants": [
        "תלמוד ירושלמי יבמות"
    ], 
    "heTitle": "תלמוד ירושלמי יבמות ז׳ ב", 
    "heRef": "תלמוד ירושלמי יבמות ז׳ ב", 
    "toSections": [
        "7b"
    ], 
    "sectionRef": "Jerusalem Talmud Yevamot 7b", 
    "title": "Jerusalem Talmud Yevamot 7b", 
    "lengths": [
        169, 
        422
    ], 
    "next": "Jerusalem Talmud Yevamot 8a", 
    "heBook": "תלמוד ירושלמי יבמות", 
    "book": "Jerusalem Talmud Yevamot", 
    "prev": "Jerusalem Talmud Yevamot 7a", 
    "textDepth": 2, 
    "sectionNames": [
        "Daf", 
        "Halakhah"
    ], 
    "sections": [
        "7b"
    ], 
    "isComplex": false, 
    "titleVariants": [
        "Jerusalem Talmud Yevamot", 
        "JT Yevamot,Yerushalmi Yevamot", 
        "Talmud Yerushalmi Yevamot", 
        "Yerushalmi Yevamos"
    ], 
    "categories": [
        "Talmud", 
        "Yerushalmi", 
        "Seder Nashim"
    ], 
    "he": [
        "ותני ר' חייה כן וכולן אם יכולות להינשא לאחין שלא בעבירה צרותיהן פטורות מן החליצה ומן היבום.  תני רבי חייה אין צרה אלה מאח בלבד.  אמר ר' יוסי מתניתא אמרה כן מפני שהן נשואות לאחרים צרותיהן מותרות.  ר' ירמיה בעי ותהא צרה מן השוק.  אמר ר' יוסה לא שמיע רבי ירמיה הדא דתני רבי חייה לא שמיע למתניתין מפני שהן נשואות לאחרים צרותיהן מותרות.  חזר ומר אין דשמיע אלא כאינש דשמיע מילה ומקשי עלה.  ר' ירמיה בעי הבא על הצרה מהו שיהא חייב עליה משום אשת אח.  אמר רבי יוסי אילו איפשר לצרה בלא אשת אח יאות.  איפשר לאשת אח בלא צרה.  איפשר לצרה בלא אשת אח.  ואשת אח לא יבמתו היא.  אמר רבי יוסה בי ר' בון תיפתר שהיה לה בנים מאחים:", 
        "בית שמאי מתירין את הצרות לאחים וב\"ה אוסרין חולצו ב\"ש פוסלין מן הכהונה וב\"ה מכשירין נתייבמו ב\"ש מכשירין ובית הלל פוסלין אע\"פ שאלו פוסלין ואלו מכשירין לא נמנעו בית שמאי מלישא נשים מבית הלל ולא בית הלל מבית שמאי כל הטהרות והטמאות שהיו אילו מטהרין ואילו מטמאין לא נמנעו עושין טהרות אילו על גב אילו:", 
        "רבי סימון בשם ר' יוסי בשם נהוריי טעמון דבית שמאי (דברים כה) לא תהיה אשת המת החוצה לאיש זר.  החיצונ' לא תהיה לאיש זר.  אתייא דבית שמאי כאילין כותייא שהן מייבמין את הארוסות ומוציאין את הנשואות דאינון דרשין חוצה החיצונה.  מה מקיימין ב\"ש (שם) ובן אין לו.  אמר רבי יעקב דרומייא קומי ר' יוסי"
    ], 
    "ref": "Jerusalem Talmud Yevamot 7b", 
    "type": "Talmud", 
    "addressTypes": [
        "Talmud", 
        "Integer"
    ], 
    "length": 169, 
    "indexTitle": "Jerusalem Talmud Yevamot", 
    "heIndexTitle": "תלמוד ירושלמי יבמות", 
    "alts": [], 
    "order": [
        24
    ]
}]