{
    "content": [
        {
            "segmentNumber": "1", 
            "he": "והיידא אמרה דא בבנו ובבן בנו באחיו ובבן אחיו הדא אמרה שניתנו שניות לחולץ.  כיני מתניתא מותר הוא אדם בקרובת צרת חלוצתו.  ואסור בצרת קרובת חלוצתו.  הדא מסייעא לההיא דאמר רבי הילא בשם ר' אבינא קל וחומר מה אחות חלוצתו שהיא מדבריהן נתנו לה חכמים צרה.  כאן שיש כאן איסור אחיו לא כל שכן:"
        }, 
        {
            "segmentNumber": "2", 
            "he": "החולץ ליבמתו ונשא אחיו את אחותה ומת חולצת ולא מתייבמת וכן המגרש את אשתו ונשא אחיו את אחותה ומת הרי זו פטורה:"
        }, 
        {
            "segmentNumber": "3", 
            "he": "שמעון בר בא בעא קומי רבי יוחנן מה בין חולץ מה בין מגרש.  אמר ליה מה את סבור חליצה קניין אינה אלא פטור.  אין האחין חייבין עליה משום אשתו של חולץ.  אבל חייבין עליה משום אשתו של מת:"
        }, 
        {
            "segmentNumber": "4", 
            "he": "שומרת יבם שקידש אחיו את אחותה משום ר' יהודה בן בתירה אמרו אמר לו המתן עד שיעשה אחיך הגדול מעשה חלצו לה אחין או כנסו יכנוס את אשתו מתה היבמה יכנוס מת היבם מוציא את אשתו בגט ואשת אחיו בחליצה:"
        }, 
        {
            "segmentNumber": "5", 
            "he": "לא אמרו אלא מתה יבמתו מותר באשתו.  אבל אם מתה אשתו אסור יבמתו.  אמר רבי יוחנן זו דברי רבי לעזר.  אבל דברי חכמים מתה יבמתו מותר באשתו.  מתה אשתו מותר ביבמתו.  אמר רבי יוחנן דברי חכמים כל דבר שהוא בא מחמת הגורם בטל הגורם בטל האיסור.  ודברי ר' לעזר אף על פי שבטל הגורם האיסור במקומו:"
        }, 
        {
            "segmentNumber": "6", 
            "he": "היבמה לא תחלוץ ולא תתיבם עד שיהא לה שלשה חדשים וכן שאר כל הנשים לא ינשאו ולא יתארסו עד שיהו להן שלשה חדשים אחת בתולות ואחת בעולות אחת אלמנות ואחת גרושות אחת ארוסות ואחת נשואות רבי יהודה אומר הנשואות יתארסו והארוסות ינשאו חוץ מן הארוסה שביהודה מפני שליבו גס בה"
        }
    ], 
    "heTitle": "תלמוד ירושלמי יבמות כ״ו ב", 
    "indexTitle": "Jerusalem Talmud Yevamot", 
    "sectionRef": "Jerusalem Talmud Yevamot 26b", 
    "prev": "Jerusalem Talmud Yevamot 26a", 
    "ref": "Jerusalem Talmud Yevamot 26b", 
    "heRef": "תלמוד ירושלמי יבמות כ״ו ב", 
    "next": "Jerusalem Talmud Yevamot 27a"
}