{
    "heTitleVariants": [
        "תלמוד ירושלמי יבמות"
    ], 
    "heTitle": "תלמוד ירושלמי יבמות ל״ט ב", 
    "content": [
        {
            "segmentNumber": "1", 
            "he": "הלוקח יחוש לעצמו.  רבן שמעון בן גמליאל אומר לאשה בכתובתה אינה מכורה שלא עלת על דעת שתהא אשה מחזרת על בתי דינים.  אמרו אתייא דרבי לעזר כרבנן.  דר' יוחנן כרשב\"ג.  הוי בשמכרן לשעה אנן קיימין.  אבל אם מכרן לעולם דברי הכל אינן מכורין וולד בהמת מלוג לבעל.  וולד שפחות מלוג לאשה.  חנניה בן אחי יהושע אמר וולד בהמת מלוג כוולד שפחת מלוג.  רבי לעזר אמר לחברייא הוון ידעין דו רבי יוחנן כחנניה בן אחי יהושע.  רב ושמואל.  רב כרבנן ושמואל כחנניה בן אחי יהושע.  מתיב שמואל לרב על דעתך דאת אמר משל אשה הן מעתה לא יטול הבכור פי שנים.  הגע עצמך שהכניסתן קטנים וגדלו הרי הן של אשה הן ואת מודה לי שהבכור נוטל פי שנים תני הכניסתן ילדים נוטלתן נערים.  הכניסה לו שני כלים היה אחד יפה בכתובתה נוטלתו בכתובתה.  היה אחד ומחצה יפה ככתובתה רב הונא ורב נחמן בר יעקב.  חד אמר הוא נותן דמי השני ונוטלו.  וחורנה אמר היא נותנת דמי השני ונוטלתו.  רבי אבא בר כהנא אמר קומי רבי אמי רבי יעקב בר אחא בשם רבי יסא אפילו היה יפה אחד ומחצה בכתובתה היא נותנת דמי השני ונוטלתו שלא עלת על דעת שישתמשו אחרים בכליה.  רבי יעקב בר אחא בשם ר' זעירא מתניתא אמרה כן הכניסתן בדמים נוטלתן בדמים רבי חייה בר אדא בעא קומי רבי מנא מהו עבדי מלוג.  אמר ליה כמה דאת אמר מליג מליג תמן תנינן המקבל צאן ברזל מן הגוי הוולדות", 
            "links": [], 
            "text": ""
        }
    ], 
    "heRef": "תלמוד ירושלמי יבמות ל״ט ב", 
    "toSections": [
        "39b"
    ], 
    "sectionRef": "Jerusalem Talmud Yevamot 39b", 
    "title": "Jerusalem Talmud Yevamot 39b", 
    "lengths": [
        169, 
        422
    ], 
    "next": "Jerusalem Talmud Yevamot 40a", 
    "heBook": "תלמוד ירושלמי יבמות", 
    "book": "Jerusalem Talmud Yevamot", 
    "prev": "Jerusalem Talmud Yevamot 39a", 
    "textDepth": 2, 
    "sectionNames": [
        "Daf", 
        "Halakhah"
    ], 
    "sections": [
        "39b"
    ], 
    "isComplex": false, 
    "titleVariants": [
        "Jerusalem Talmud Yevamot", 
        "JT Yevamot,Yerushalmi Yevamot", 
        "Talmud Yerushalmi Yevamot", 
        "Yerushalmi Yevamos"
    ], 
    "categories": [
        "Talmud", 
        "Yerushalmi", 
        "Seder Nashim"
    ], 
    "ref": "Jerusalem Talmud Yevamot 39b", 
    "type": "Talmud", 
    "addressTypes": [
        "Talmud", 
        "Integer"
    ], 
    "length": 169, 
    "indexTitle": "Jerusalem Talmud Yevamot", 
    "heIndexTitle": "תלמוד ירושלמי יבמות", 
    "alts": [], 
    "order": [
        24
    ]
}