{
    "content": [
        {
            "segmentNumber": "1", 
            "he": "ומת ראשונה יוצאה משום אשת אחיו שלא היה בעולמו והשנייה משום צרתה.  עשה בה מאמר ומת שנייה חולצת ולא מתייבמת:"
        }, 
        {
            "segmentNumber": "2", 
            "links": [
                {
                    "category": "Tanakh", 
                    "index_title": "Deuteronomy", 
                    "sourceHeRef": "דברים כ״ה", 
                    "sourceRef": "Deuteronomy 25"
                }
            ], 
            "he": "(דברים כה) יחדיו פרט לאשת אחיו שלא היה בעולמו דלא כן מה אנן אמרין מת בלא בנים תהא אשתו אסורה להינשא.  שמא יוליד אביו בן ותהא אשתו זקוקה לייבום.  מעתה אפילו מתה אמו תהא אשתו אסורה להינשא שמא ילך אביו וישא לו אשה אחרת ויוליד בן ותהא אשתו זקוקה לייבום.  ויאמר קרייה ובן ואב אין לו.  אלא כן אנן קיימין כשמת והניח את אשתו מעוברת שלא תאמר אילו מת והניח את אשתו מעוברת שמא אינה צריכה להמתין לידע אם בן קיימא הוא ואם אינו בן קיימא.  אף הכא תהא צריכה להמתין ולידע אם בן קיימא הוא ואם אינו כן קיימא לפום כן צריך מימר יחדיו פרט לאשת אחיו שלא היה בעולמו.  יבמה יבא עליה.  זה הביאה.  ולקחתה לו לאשה זה המאמר.  יכול יהא כשם שהביאה גומרת בה כך יהא מאמר גומר בה.  תלמוד לומר ויבמה עורה את כל הפרשה כולה לייבום.  הביאה גומרת בה ואין המאמר גומר בה.  אם כן מה הועיל בה מאמר.  לאוסרה לאחין.  רבי שמעון אומר המאמר או קונה או לא קונה.  מה טעם דרבי שמעון יבמה יבא עליה זו הביאה.  ולקחה לו לאשה זה המאמר.  וכשם שהביאה גומרת בה כך המאמר גומר בה.  או יבמה יבא עליה והרי היא לקוחה לו והמאמר לא הועיל בה כלום.  רבי לעזר בן ערך אומר המאמר קונה קניין גמור ביבמה.  מה טעם דרבי לעזר בן ערך ולקחה לו לאשה הרי היא כקידושי אשה.  מה קידושי אשה קונין קניין גמור.  אף המאמר קונה קניין גמור ביבמה.  אי זו היא מאמר ביבמה הרי את מקודשת לי בכסף ובשוה כסף.  בין רבנין בין ר' שמעון מודיי בה כרבנין צד שקנה בה מאמר כנגדו אסור בצרה.  וצד שלא קנה בה מאמר כנגדו הותר בצרה.  לפיכך חולצת ולא מתייבמת.  כרבי שמעון קנה מאמר שתיהן &lt;מותרות&gt; אסורות לא קנה מאמר הראשונה אסורה והשנייה מותרות מספק חולצת ולא מתייבמת.  מה נפיק מן ביניהון.  בא על השנייה על דעתין דרבנין ביאות ערוה"
        }
    ], 
    "heTitle": "תלמוד ירושלמי יבמות ט׳ ב", 
    "indexTitle": "Jerusalem Talmud Yevamot", 
    "sectionRef": "Jerusalem Talmud Yevamot 9b", 
    "prev": "Jerusalem Talmud Yevamot 9a", 
    "ref": "Jerusalem Talmud Yevamot 9b", 
    "heRef": "תלמוד ירושלמי יבמות ט׳ ב", 
    "next": "Jerusalem Talmud Yevamot 10a"
}