{
    "heTitleVariants": [
        "מצודת דוד על תהילים", 
        "מצודת דוד על תהלים"
    ], 
    "heTitle": "מצודת דוד על תהילים", 
    "commentaryBook": "Psalms", 
    "heRef": "מצודת דוד על תהילים ס״א", 
    "toSections": [
        61
    ], 
    "sectionRef": "Metzudat David on Psalms 61", 
    "title": "Metzudat David on Psalms 61", 
    "lengths": [
        150, 
        2529
    ], 
    "next": "Metzudat David on Psalms 62:2", 
    "content": [
        {
            "segmentNumber": "1", 
            "he": [], 
            "links": [], 
            "text": ""
        }, 
        {
            "segmentNumber": "2", 
            "he": [], 
            "links": [], 
            "text": ""
        }, 
        {
            "segmentNumber": "3", 
            "he": [
                "<b>מקצה הארץ .</b> כשהיה נלחם עם ארם אמר כשאני בקצה הארץ רחוק מא''י כאשר לבי מעוטף בצרות אקרא אליך שתנחם אותי : ", 
                "<b>בצור ירום ממני .</b> ר''ל שאנצח מלכים החזקים ממני :\n"
            ], 
            "links": [
                {
                    "category": "Tanach", 
                    "sourceHeRef": "תהילים ס״א:ג׳", 
                    "sourceRef": "Psalms 61:3", 
                    "ref": "Psalms 61:3"
                }, 
                {
                    "category": "Tanach", 
                    "sourceHeRef": "תהילים ס״א:ג׳", 
                    "sourceRef": "Psalms 61:3", 
                    "ref": "Psalms 61:3"
                }
            ], 
            "text": ""
        }, 
        {
            "segmentNumber": "4", 
            "he": [
                "<b>כי היית .</b> מעולם היית מחסה לי כמגדל חזק :\n"
            ], 
            "links": [
                {
                    "category": "Tanach", 
                    "sourceHeRef": "תהילים ס״א:ד׳", 
                    "sourceRef": "Psalms 61:4", 
                    "ref": "Psalms 61:4"
                }
            ], 
            "text": ""
        }, 
        {
            "segmentNumber": "5", 
            "he": [
                "<b>אגורה .</b> וכ''כ אגורה באהליך עד עולם להיות נסתר בו מפני האויב והוא ענין מליצה : ", 
                "<b>אחסה וגו' .</b> כפל הדבר במ''ש :\n"
            ], 
            "links": [
                {
                    "category": "Tanach", 
                    "sourceHeRef": "תהילים ס״א:ה׳", 
                    "sourceRef": "Psalms 61:5", 
                    "ref": "Psalms 61:5"
                }, 
                {
                    "category": "Tanach", 
                    "sourceHeRef": "תהילים ס״א:ה׳", 
                    "sourceRef": "Psalms 61:5", 
                    "ref": "Psalms 61:5"
                }
            ], 
            "text": ""
        }, 
        {
            "segmentNumber": "6", 
            "he": [
                "<b>שמעת .</b> מעולם שמעת לנדרי אשר נדרתי בעת הלחמי מול האויב כי נתקבל ברצון ונתת ארץ האויב להיות ירושת ישראל יראי שמך :\n"
            ], 
            "links": [
                {
                    "category": "Tanach", 
                    "sourceHeRef": "תהילים ס״א:ו׳", 
                    "sourceRef": "Psalms 61:6", 
                    "ref": "Psalms 61:6"
                }
            ], 
            "text": ""
        }, 
        {
            "segmentNumber": "7", 
            "he": [
                "<b>ימים .</b> לזה גם עתה שמע לי ותוסיף ימים על הימים שאני בהם עתה ולא אמות ביד האויב ושנותי יהיו כשני כל הדורות והם שבעים שנה : ", 
                "<b>מלך .</b> על עצמו אמר וכן כי אין המלך יוכל אתכם ( ירמיה ל''ח ) וצדקיה אמר על עצמו :\n"
            ], 
            "links": [
                {
                    "category": "Tanach", 
                    "sourceHeRef": "תהילים ס״א:ז׳", 
                    "sourceRef": "Psalms 61:7", 
                    "ref": "Psalms 61:7"
                }, 
                {
                    "category": "Tanach", 
                    "sourceHeRef": "תהילים ס״א:ז׳", 
                    "sourceRef": "Psalms 61:7", 
                    "ref": "Psalms 61:7"
                }, 
                {
                    "category": "Tanach", 
                    "sourceHeRef": "ירמיהו ל״ח", 
                    "sourceRef": "Jeremiah 38", 
                    "ref": "Jeremiah 38"
                }
            ], 
            "text": ""
        }, 
        {
            "segmentNumber": "8", 
            "he": [
                "<b>לפני אלהים .</b> בבה''מ מבלי לכת לארץ העמים להלחם בם : ", 
                "<b>חסד ואמת .</b> חסדי המקום ואמיתת הבטחתו יהיה מזומן לשמרו מן האויב מבלי מלחמה :\n"
            ], 
            "links": [
                {
                    "category": "Tanach", 
                    "sourceHeRef": "תהילים ס״א:ח׳", 
                    "sourceRef": "Psalms 61:8", 
                    "ref": "Psalms 61:8"
                }, 
                {
                    "category": "Tanach", 
                    "sourceHeRef": "תהילים ס״א:ח׳", 
                    "sourceRef": "Psalms 61:8", 
                    "ref": "Psalms 61:8"
                }
            ], 
            "text": ""
        }, 
        {
            "segmentNumber": "9", 
            "he": [
                "<b>כן .</b> ר''ל כמו שאני מזמר כאשר אנצח המלחמה כן אזמר לעד כאשר לא תבוא עלי מלחמה כלל : ", 
                "<b>לשלמי .</b> בעת אשלם נדרי בכל יום אזמר אז לשמך כי מוטב לי לדור נדרים בכל יום עד שלא באה עלי המלחמה מלדור בעת המלחמה שאנצל מן האויב ולנצח אותו :\n\n"
            ], 
            "links": [
                {
                    "category": "Tanach", 
                    "sourceHeRef": "תהילים ס״א:ט׳", 
                    "sourceRef": "Psalms 61:9", 
                    "ref": "Psalms 61:9"
                }, 
                {
                    "category": "Tanach", 
                    "sourceHeRef": "תהילים ס״א:ט׳", 
                    "sourceRef": "Psalms 61:9", 
                    "ref": "Psalms 61:9"
                }
            ], 
            "text": ""
        }
    ], 
    "book": "Metzudat David on Psalms", 
    "prev": "Metzudat David on Psalms 60:14", 
    "textDepth": 3, 
    "sectionNames": [
        "Chapter", 
        "Verse", 
        "Comment"
    ], 
    "sections": [
        61
    ], 
    "commentator": "Metzudat David", 
    "isComplex": false, 
    "commentaryCategories": [
        "Tanach", 
        "Writings"
    ], 
    "titleVariants": [
        "Metzudat David on Ps.", 
        "Metzudat David on Psa", 
        "Metzudat David on Psalm", 
        "Metzudat David on Psa.", 
        "Metzudat David on Tehillim", 
        "Metzudat David on Ps", 
        "Metzudat David on Psalms", 
        "Metzudat David on Tehilim"
    ], 
    "categories": [
        "Commentary", 
        "Tanach", 
        "Metzudat David"
    ], 
    "ref": "Metzudat David on Psalms 61", 
    "type": "Commentary", 
    "addressTypes": [
        "Integer", 
        "Integer", 
        "Integer"
    ], 
    "heCommentator": "מצודת דוד", 
    "length": 150, 
    "indexTitle": "Metzudat David on Psalms", 
    "heIndexTitle": "מצודת דוד על תהילים", 
    "alts": [], 
    "order": [
        27, 
        1
    ]
}