{
    "heTitleVariants": [
        "חלק א'"
    ], 
    "heTitle": "תרומת הדשן, חלק א'", 
    "heRef": "תרומת הדשן, חלק א' רי״א", 
    "toSections": [
        211
    ], 
    "sectionRef": "Terumat HaDeshen, Part I 211", 
    "next": "Terumat HaDeshen, Part I 212", 
    "content": [
        {
            "segmentNumber": "1", 
            "he": "<b>שאלה ריא </b>ראינו כמה תלמידי חכמים גדולים ואנשי מעשה הגונים דלא הוו קפדי לישא אשה שמתו לה שני אנשים ואין מוחה בידם או קורא תגר עליהם יש סמך לקולא זו או לאו: \n", 
            "links": [], 
            "text": ""
        }, 
        {
            "segmentNumber": "2", 
            "he": "<b>תשובה </b>יראה דלאו שפיר עבדי דלא קפדי וכן אמרו רבותינו דיש להקפיד והוו תמיהים טובא ממקצת תלמידי חכמים דלא הוו קפדי דהא אשירי בכתובות פ' נערה כתב דכופין אותו להוציא דחמירא סכנתא מאיסורא וכי היכי דבית דין חייבין להפרישו מאיסורא הכא נמי מסכנתא וכתב עוד בשם ה\"ר משה מנרבונ\"א דאין לה כתובה משני משום דאסורה לאינסובי לשלישי ולא קרינן בה כשתינשא לאחר תטלי כו' אלמא דסבר דאיסור גמור הוא גם הרמב\"ם כתב אשה שמתו לה שני אנשים לשלישי לא תנשא ואה נשאת לא תצא ואפילו לא נתקדשה יכנוס ע\"כ משמע דאסור לכתחילה לעבור אמנם בא\"ז כתב בתשובה וז\"ל הא דקבעינן הלכתא כרבי לשלישי לא תינשא לא לאוסרה ולא לודאי חששא אלא לספק חששא עכ\"ל. וכמדומה דדייק הוא לאפוקי תלמודא מפשטיה דבהדיא תניא בפ' הבא על יבמתו לשלישי לא תינשא אההיא עובדא דאביי דסמך ארבי יצחק ועבד עובדא בנפשיה ואע\"ג דאיהו אמר סומקא לאו בר סמכא הוא כדאיתא התם ואי הוי איסורא או אפילו ודאי חששא לא סמך עליה כלל אע\"כ אינו אלא ספק חששא ולהכי הוי קיל ליה למסמך עליה*): \n", 
            "links": [], 
            "text": ""
        }
    ], 
    "book": "Terumat HaDeshen", 
    "prev": "Terumat HaDeshen, Part I 210", 
    "textDepth": 2, 
    "sectionNames": [
        "Siman", 
        "Seif"
    ], 
    "sections": [
        211
    ], 
    "isComplex": true, 
    "titleVariants": [
        "Part I"
    ], 
    "categories": [
        "Responsa"
    ], 
    "ref": "Terumat HaDeshen, Part I 211", 
    "type": "Responsa", 
    "addressTypes": [
        "Integer", 
        "Integer"
    ], 
    "indexTitle": "Terumat HaDeshen", 
    "heIndexTitle": "תרומת הדשן", 
    "alts": [], 
    "order": ""
}