{
    "heTitleVariants": [
        "חלק ב'"
    ], 
    "heTitle": "תרומת הדשן, חלק ב'", 
    "heRef": "תרומת הדשן, חלק ב' קס״ד", 
    "toSections": [
        164
    ], 
    "sectionRef": "Terumat HaDeshen, Part II 164", 
    "next": "Terumat HaDeshen, Part II 165", 
    "content": [
        {
            "segmentNumber": "1", 
            "he": "<b>סימן קסד </b>שלומך יסגא לחדא לאהובי עמיתי שאירי מהר\"ר יודא יצ\"ו אשר דרשתני חטה שנמצאת בתרנגולת בפסח אם צריך לשורפה או ישליכה במקום הפקר. דע כי מנהג הוא לשורפה כדכתב מרדכי פ' קמא דפסחים בשם ר\"י דחטה בתרנגולת צריך כפיית כלי כדי לשורפה בחוה\"מ ואין נראה דאחטה גופא קאי דפחות מכזית א\"צ ביעור כדאיתא פ' אלו עוברין ור\"י מייתי ראייה משום דקי\"ל אין ביעור חמץ אלא שריפה ע\"ש. מה שהוגד לך משמי שהתרתי חמץ נוקשה בנותן טעם לפגם אפילו במקום שנוהגין איסור לא ידענא מהאי מילתא כלל אע\"פ שנראה שיש לחלק משום דלא מחמירינן בלא פלוג כמו בגוף הגזירה דמשהו והא קמן דאפי' בחמץ גמור רוב הפוסקים הסכימו להתיר נט\"ל דלא תלינן נותן טעם לפגם בטעם משהו מ\"מ אני זוכר דאתיא האי עובדא לקמן ולא הוריתי בה לא איסור ולא היתר: \n", 
            "links": [], 
            "text": ""
        }
    ], 
    "book": "Terumat HaDeshen", 
    "prev": "Terumat HaDeshen, Part II 163", 
    "textDepth": 2, 
    "sectionNames": [
        "Siman", 
        "Seif"
    ], 
    "sections": [
        164
    ], 
    "isComplex": true, 
    "titleVariants": [
        "Part II"
    ], 
    "categories": [
        "Responsa"
    ], 
    "ref": "Terumat HaDeshen, Part II 164", 
    "type": "Responsa", 
    "addressTypes": [
        "Integer", 
        "Integer"
    ], 
    "indexTitle": "Terumat HaDeshen", 
    "heIndexTitle": "תרומת הדשן", 
    "alts": [], 
    "order": ""
}