{
    "heTitleVariants": [
        "ספורנו על דברים"
    ], 
    "heTitle": "ספורנו על דברים", 
    "commentaryBook": "Deuteronomy", 
    "heRef": "ספורנו על דברים ז׳", 
    "toSections": [
        7
    ], 
    "sectionRef": "Sforno on Deuteronomy 7", 
    "title": "Sforno on Deuteronomy 7", 
    "lengths": [
        34, 
        956
    ], 
    "next": "Sforno on Deuteronomy 8:1", 
    "content": [
        {
            "segmentNumber": "1", 
            "he": [], 
            "links": [], 
            "text": []
        }, 
        {
            "segmentNumber": "2", 
            "he": [], 
            "links": [], 
            "text": []
        }, 
        {
            "segmentNumber": "3", 
            "he": [], 
            "links": [], 
            "text": []
        }, 
        {
            "segmentNumber": "4", 
            "he": [], 
            "links": [], 
            "text": []
        }, 
        {
            "segmentNumber": "5", 
            "he": [], 
            "links": [], 
            "text": []
        }, 
        {
            "segmentNumber": "6", 
            "he": [
                "<b>כי עם קדוש אתה</b> ואין ראוי שתחלל קדושתך להוליד זרע פסול כאמרו כי חלל יהודה את קדש ה' אשר אהב וגו':\n\n", 
                "בְּךָ בָּחַר. וְלא בְּזֶרַע פָּסוּל, כְּאָמְרָם זַ\"ל: 'אֵין הַשְּׁכִינָה שׁורָה אֶלָּא עַל מִשְׁפָּחות מְיֻחָסות שֶׁבְּיִשְׂרָאֵל' (קידושין ע, ב). "
            ], 
            "links": [
                {
                    "category": "Tanach", 
                    "sourceHeRef": "דברים ז׳:ו׳", 
                    "sourceRef": "Deuteronomy 7:6", 
                    "ref": "Deuteronomy 7:6"
                }, 
                {
                    "category": "Tanach", 
                    "sourceHeRef": "דברים ז׳:ו׳", 
                    "sourceRef": "Deuteronomy 7:6", 
                    "ref": "Deuteronomy 7:6"
                }, 
                {
                    "category": "Tanach", 
                    "sourceHeRef": "מלאכי ב׳:י״א", 
                    "sourceRef": "Malachi 2:11", 
                    "ref": "Malachi 2:11"
                }, 
                {
                    "category": "Talmud", 
                    "sourceHeRef": "קידושין ע׳ ב", 
                    "sourceRef": "Kiddushin 70b", 
                    "ref": "Kiddushin 70b"
                }
            ], 
            "text": [
                "כי עם קדוש אתה, and it is not appropriate for you to desecrate your sanctity through women committed to alien deities, who will bear you children that are already genetically corrupted. It is this that the prophet Maleachi 2,11 had in mind when he spoke of כי חלל יהודה קדש ה' אשר אהב ובעל בת נכר,”for Yehudah profaned what is holy to the Lord, what He desires, by sleeping with daughters of alien gods.”", 
                "בך בחר, as distinct from corrupt seed; our sages referred to this concept as “the benevolent presence of G’d is present (rests on) only families who are genetically offspring of families with good Jewish pedigrees.” (Kidushin 70)"
            ]
        }, 
        {
            "segmentNumber": "7", 
            "he": [
                "<b>לא מרבכם</b> לא כדי שיתכבד ברב עם:\n\n"
            ], 
            "links": [
                {
                    "category": "Tanach", 
                    "sourceHeRef": "דברים ז׳:ז׳", 
                    "sourceRef": "Deuteronomy 7:7", 
                    "ref": "Deuteronomy 7:7"
                }
            ], 
            "text": [
                " לא מרבכם, not in order to be honoured by a multitude."
            ]
        }, 
        {
            "segmentNumber": "8", 
            "he": [
                "<b>כי מאהבת ה' אתכם</b> בהיותכם זרע אוהביו וחושבי שמו:\n\n"
            ], 
            "links": [
                {
                    "category": "Tanach", 
                    "sourceHeRef": "דברים ז׳:ח׳", 
                    "sourceRef": "Deuteronomy 7:8", 
                    "ref": "Deuteronomy 7:8"
                }
            ], 
            "text": [
                "כי מאהבת ה' אתכם, seeing that you are the seed of someone who loved Him and who was more familiar with His name than any member of any of the other nations."
            ]
        }, 
        {
            "segmentNumber": "9", 
            "he": [
                "<b>האל הנאמן</b> קיים על ענין אחד לא ישתנה:", 
                "<b> שומר הברית ומשלם לשונאיו</b> וטעם רשע וטוב לו הוא לשתי סבות האחת הוא זכות אבות. והשנית איזה זכות שנמצא לרשע עצמו בלתי מגיע אל שיזכה בו לחיי עוה''ב ומשלם לו בעולם הזה שאין הקב''ה מקפח שכר כל בריה:\n\n"
            ], 
            "links": [
                {
                    "category": "Tanach", 
                    "sourceHeRef": "דברים ז׳:ט׳", 
                    "sourceRef": "Deuteronomy 7:9", 
                    "ref": "Deuteronomy 7:9"
                }, 
                {
                    "category": "Tanach", 
                    "sourceHeRef": "דברים ז׳:ט׳", 
                    "sourceRef": "Deuteronomy 7:9", 
                    "ref": "Deuteronomy 7:9"
                }, 
                {
                    "category": "Tanach", 
                    "sourceHeRef": "בראשית כ״א:י״ג", 
                    "sourceRef": "Genesis 21:13", 
                    "ref": "Genesis 21:13"
                }
            ], 
            "text": [
                " הא-ל הנאמן, Who is constant, not subject to change.", 
                "שומר הברית  ומשלם לשונאיו, the meaning of the words רשע וטוב לו, [a favourite argument of the heretics who point to the afflictions suffered by the pious and the good life enjoyed by the pious in this life. Ed.] can be understood on two levels: 1) the “good” the wicked appear to enjoy in this life is due to merits accumulated by their forefathers who had not been recompensed for these as yet by G’d. A prominent example of this is the enjoyable life lived by Ishmael who benefited by Avraham’s merits. G’d Himself referred to this in Genesis 21,13 when He said כי זרעך הוא, “because he is your seed. 2) The wicked person himself has accumulated some merits; seeing that on balance he does not qualify for life in the hereafter, G’d has to compensate him while he is on earth. This He does by letting him enjoy the transient joys available in this life to the extent his merits entitle him to. "
            ]
        }, 
        {
            "segmentNumber": "10", 
            "he": [], 
            "links": [], 
            "text": []
        }, 
        {
            "segmentNumber": "11", 
            "he": [
                "<b>היום לעשותם</b> ולא תטריד מחשבתך אם לא תקבל שכר מהם בעולם הזה: חסלת פרשת ואתחנן (יב) והיה עקב תשמעון. הנה המלך צוה את כל אלה כדי שתזכו שישמור לכם הברית והחסד וזה שאתם תשמרו היום לעשותם מאהבה שלא על מנת לקבל פרס והוא בשביל זה ישמור לכם הברית והחסד:"
            ], 
            "links": [
                {
                    "category": "Tanach", 
                    "sourceHeRef": "דברים ז׳:י״א", 
                    "sourceRef": "Deuteronomy 7:11", 
                    "ref": "Deuteronomy 7:11"
                }, 
                {
                    "category": "Tanach", 
                    "sourceHeRef": "משלי כ״ט:ד׳", 
                    "sourceRef": "Proverbs 29:4", 
                    "ref": "Proverbs 29:4"
                }, 
                {
                    "category": "Tanach", 
                    "sourceHeRef": "בראשית י״ז:ז׳", 
                    "sourceRef": "Genesis 17:7", 
                    "ref": "Genesis 17:7"
                }, 
                {
                    "category": "Tanach", 
                    "sourceHeRef": "קהלת ג׳:י״ד", 
                    "sourceRef": "Ecclesiastes 3:14", 
                    "ref": "Ecclesiastes 3:14"
                }, 
                {
                    "category": "Tanach", 
                    "sourceHeRef": "בראשית י״ז:ח׳", 
                    "sourceRef": "Genesis 17:8", 
                    "ref": "Genesis 17:8"
                }
            ], 
            "text": []
        }, 
        {
            "segmentNumber": "12", 
            "he": [
                "וְהָיָה עֵקֶב תִּשְׁמְעוּן. הִנֵּה הַמֶּלֶךְ צִוָּה אֶת כָּל אֵלֶּה, כְּדֵי שֶׁתִּזְכּוּ שֶׁיִּשְׁמר לָכֶם \"הַבְּרִית וְהַחֶסֶד\", וְזֶה שֶׁאַתֶּם תִּשְׁמְרוּ \"הַיּום\" לַעֲשׂות מֵאַהֲבָה שֶׁלּא עַל מְנָת לְקַבֵּל פְּרָס וְהוּא בִּשְׁבִיל זֶה יִשְׁמר לָכֶם הַבְּרִית וְהַחֶסֶד. ", 
                "אֵת הַמִּשְׁפָּטִים. כִּי בְּמִשְׁפָּט יַעֲמִיד אָרֶץ. ", 
                "וּשְׁמַרְתֶּם. זו מִשְׁנָה. ", 
                "וַעֲשִׂיתֶם אתָם. וּבָזֶה הָאפֶן תַּעֲשׂוּ אותָם אֶל נָכון. ", 
                "וְשָׁמַר ה' אֱלהֶיךָ לְךָ אֶת-הַבְּרִית. שֶׁנִּשְׁבַּע בְּאָמְרו \"וְנָתַתִּי אֶת-בְּרִיתִי וּבֵינֶךָ, וּבֵין זַרְעֲךָ אַחֲרֶיךָ לְדרתָם לִבְרִית עולָם, לִהְיות לְךָ לֵאלהִים וּלְזַרְעֲךָ אַחֲרֶיךָ\" (בראשית יז, ז). כִּי אָמְנָם בִּהְיותו לָנוּ לֵאלהִים בִּלְתִּי אֶמְצָעִי, יַשְׁפִּיעַ מְצִיאוּת נִצְחִי, הַהֲוָה מִמֶּנּוּ בִּלְתִּי אֶמְצָעִי, כְּאָמְרו \"כִּי כָּל-אֲשֶׁר יַעֲשֶׂה הָאֱלהִים הוּא יִהְיֶה לְעולָם\" (קהלת ג, יד). אָמְנָם מְצִיאוּת הַנִּפְסָדִים הוּא מִמֶּנּוּ בְּאֶמְצָעִי בְּלִי סָפֵק. ", 
                "וְאֶת-הַחֶסֶד. כְּאָמְרו אָז \"וְנָתַתִּי לְךָ וּלְזַרְעֲךָ אַחֲרֶיךָ אֵת אֶרֶץ מְגֻרֶיךָ\" (בראשית יז, ח). כִּי אָמְנָם הַטּוב הַהוֶה לַצַּדִּיקִים בָּעולָם הַזֶּה הוּא חֶסֶד בִּלְבַד, לא גְּמוּל מַעֲשֵׂיהֶם. "
            ], 
            "links": [
                {
                    "category": "Tanach", 
                    "sourceHeRef": "דברים ז׳:י״ב", 
                    "sourceRef": "Deuteronomy 7:12", 
                    "ref": "Deuteronomy 7:12"
                }, 
                {
                    "category": "Tanach", 
                    "sourceHeRef": "דברים ז׳:י״ב", 
                    "sourceRef": "Deuteronomy 7:12", 
                    "ref": "Deuteronomy 7:12"
                }, 
                {
                    "category": "Tanach", 
                    "sourceHeRef": "דברים ז׳:י״ב", 
                    "sourceRef": "Deuteronomy 7:12", 
                    "ref": "Deuteronomy 7:12"
                }, 
                {
                    "category": "Tanach", 
                    "sourceHeRef": "דברים ז׳:י״ב", 
                    "sourceRef": "Deuteronomy 7:12", 
                    "ref": "Deuteronomy 7:12"
                }, 
                {
                    "category": "Tanach", 
                    "sourceHeRef": "דברים ז׳:י״ב", 
                    "sourceRef": "Deuteronomy 7:12", 
                    "ref": "Deuteronomy 7:12"
                }, 
                {
                    "category": "Tanach", 
                    "sourceHeRef": "דברים ז׳:י״ב", 
                    "sourceRef": "Deuteronomy 7:12", 
                    "ref": "Deuteronomy 7:12"
                }, 
                {
                    "category": "Tanach", 
                    "sourceHeRef": "בראשית י״ז:ז׳", 
                    "sourceRef": "Genesis 17:7", 
                    "ref": "Genesis 17:7"
                }, 
                {
                    "category": "Tanach", 
                    "sourceHeRef": "קהלת ג׳:י״ד", 
                    "sourceRef": "Ecclesiastes 3:14", 
                    "ref": "Ecclesiastes 3:14"
                }, 
                {
                    "category": "Tanach", 
                    "sourceHeRef": "בראשית י״ז:ח׳", 
                    "sourceRef": "Genesis 17:8", 
                    "ref": "Genesis 17:8"
                }, 
                {
                    "category": "Tanach", 
                    "sourceHeRef": "משלי כ״ט:ד׳", 
                    "sourceRef": "Proverbs 29:4", 
                    "ref": "Proverbs 29:4"
                }
            ], 
            "text": [
                "והיה עקב תשמעון, Moses explains that the reason why the King, i.e. G’d, commands them to observe all these commandments is in order to be able to fulfill the promises made to their forefathers regarding them. The people were meant to observe these commandments out of a feeling of love for G’d, not because they did so in order to earn a reward. [If I understand the author correctly, the wordsואת החסד in the phrase את הברית והחסד, are to establish reciprocity of G’d’s loving care for the patriarchs, the parties to the covenant, and their descendants’ feeling of love on their part towards the Creator. Ed.]", 
                "את המשפטים, for the earth’s continued existence is linked to performance of justice by its inhabitants. (Proverbs 29,4)", 
                "ושמרתם, and study them, (according to Sifri)", 
                "ועשיתם אותם, as a result of studying them you will perform them in accordance with halachah.", 
                "ושמר ה' אלוקיך לך את הברית, the one He swore, when He said (Genesis 17,7) “I will give My covenant between Me and you, and between your descendants after you for all generations as an eternal covenant, to be your G’d and that of your descendants after you.” Being our G’d means that He will supervise our fates not by means of some intermediary, such as the fates which are supervised by appointees of G’d, including horoscopes, and angels assigned to each nation. Besides, anything which is done by G’d personally, without His having recourse to an intermediary, is something that endures forever. Compare Kohelet 3,14 כי כל אשר יעשה האלוקים הוא אשר יהיה לעולם,”anything which G’d does Himself is something that will endure forever.” By contrast, transient phenomena, [such as extinct species, for instance, Ed.] are proof of the fact that they were the products of intermediaries of G’d. [G’d had commanded the waters to produce the living creatures of the waters, and He had commanded the earth to produce vegetation and the mammals, etc. Water and the earth are both intermediaries. Ed.]", 
                "ואת החסד, as He had said in Genesis 17,8 when He promised the land of Canaan to Avraham’s descendants. Such acts are acts of loving kindness and have nothing to do with the reward awaiting us as compensation for performing the commandments in the world to come. (based on the statement in Kidushin 39 that reward, in the sense of compensation, for commandments performed is not something that is due while we are on earth.)\n"
            ]
        }, 
        {
            "segmentNumber": "13", 
            "he": [
                "<b>ואהבך</b> בהיותכם בנים בדמותו כצלמו כאמרם ז''ל (אבות) חביבין וגו' שנקראו בנים למקום ובזה יהיה נצחיות של ברית מאושר:", 
                "<b> וברכך</b> בממון לחיי שעה ובזה ייטיב את החסד אשר נשבע שתהיו בארץ באופן מאושר:\n\n"
            ], 
            "links": [
                {
                    "category": "Tanach", 
                    "sourceHeRef": "דברים ז׳:י״ג", 
                    "sourceRef": "Deuteronomy 7:13", 
                    "ref": "Deuteronomy 7:13"
                }, 
                {
                    "category": "Tanach", 
                    "sourceHeRef": "דברים ז׳:י״ג", 
                    "sourceRef": "Deuteronomy 7:13", 
                    "ref": "Deuteronomy 7:13"
                }, 
                {
                    "category": "Mishnah", 
                    "sourceHeRef": "משנה אבות ג׳:י׳", 
                    "sourceRef": "Pirkei Avot 3:10", 
                    "ref": "Pirkei Avot 3:10"
                }
            ], 
            "text": [
                "ואהבך, He loved you, in the sense that you are “children,” reflecting His image; our sages (Avot 3,10) paraphrased this when they said: “Israel is beloved of the Lord,” as we know from the fact that He refers to them as בנים,”children of the Lord.” By performing the commandments the eternal nature of the covenant will be reinforced so that it is perfect.", 
                "וברכך, with material wealth, measurable in terms of money. This blessing improves the quality of the transient life on earth. By means of this blessing He insures your ability to enjoy the loving kindness of living in the land of Israel successfully, happily.\n"
            ]
        }, 
        {
            "segmentNumber": "14", 
            "he": [], 
            "links": [], 
            "text": []
        }, 
        {
            "segmentNumber": "15", 
            "he": [
                "<b>כל חלי</b> אפילו המורגלים לבא מצד המערכת: ", 
                "<b>הרעים</b> המתדבקים:", 
                "<b> אשר ידעת</b> שלקו על הים כמבואר למעלה:", 
                "<b> לא ישימם בך ונתנם בכל שונאיך</b> אע''פ שיתנם בשונאיך לא ידבקו בך כענין יפול מצדך אלף אליך לא יגש:  "
            ], 
            "links": [
                {
                    "category": "Tanach", 
                    "sourceHeRef": "דברים ז׳:ט״ו", 
                    "sourceRef": "Deuteronomy 7:15", 
                    "ref": "Deuteronomy 7:15"
                }, 
                {
                    "category": "Tanach", 
                    "sourceHeRef": "דברים ז׳:ט״ו", 
                    "sourceRef": "Deuteronomy 7:15", 
                    "ref": "Deuteronomy 7:15"
                }, 
                {
                    "category": "Tanach", 
                    "sourceHeRef": "דברים ז׳:ט״ו", 
                    "sourceRef": "Deuteronomy 7:15", 
                    "ref": "Deuteronomy 7:15"
                }, 
                {
                    "category": "Tanach", 
                    "sourceHeRef": "דברים ז׳:ט״ו", 
                    "sourceRef": "Deuteronomy 7:15", 
                    "ref": "Deuteronomy 7:15"
                }, 
                {
                    "category": "Tanach", 
                    "sourceHeRef": "תהילים צ״א:ז׳", 
                    "sourceRef": "Psalms 91:7", 
                    "ref": "Psalms 91:7"
                }
            ], 
            "text": [
                "כל חולי, any manner of illness including those that are the result of climactic conditions.", 
                "הרעים,  the ones which are contagious.", 
                "אשר ידעת, that the Egyptians were smitten with at the Sea of Reeds.", 
                "לא ישימם בך ונתנם בכל שונאך, even though these diseases will strike your enemies they will not infect you, as described in Psalms 91,7 “thousands may fall by your side….but the source of the death will not reach you.”\n"
            ]
        }, 
        {
            "segmentNumber": "16", 
            "he": [
                "<b>כי מוקש הוא לך</b> כי אמנם היותך חס עליהם יהיה לך למוקש שיפתוך:  "
            ], 
            "links": [
                {
                    "category": "Tanach", 
                    "sourceHeRef": "דברים ז׳:ט״ז", 
                    "sourceRef": "Deuteronomy 7:16", 
                    "ref": "Deuteronomy 7:16"
                }, 
                {
                    "category": "Tanach", 
                    "sourceHeRef": "דברים ז׳:ט״ז", 
                    "sourceRef": "Deuteronomy 7:16", 
                    "ref": "Deuteronomy 7:16"
                }
            ], 
            "text": [
                "לא תחוס עיניך עליהם ולא תעבוד את אלוהיהם. By not ignoring idolatry in your country by people remaining there you will ensure that no Israelites will worship such deities. If you will turn a blind eye to their practices they will undoubtedly lead you into sin.", 
                "כי מוקש הוא לך, although you relate to them by protecting their freedom of worship, they will turn out to be a stumbling block for you by seducing you to join them in their religious rites.\n"
            ]
        }, 
        {
            "segmentNumber": "17", 
            "he": [
                "כי תאמר איכה אוכל להורישם לא תירא מהם: כשתאמר איכה אוכל להורישם בהיותם רבים ממני. לא תאמר זה ע''צ שתירא מהם אלא ע''צ שתכיר שזה היה נמנע לולא ה' שהיה לך. וזה כי זכור תזכור את אשר עשה ה' אלהיך לפרעה ולכל מצרים. שהיו רבים וחזקים ממך ונתנם בידך והאבדת את שמם:\n\n"
            ], 
            "links": [
                {
                    "category": "Tanach", 
                    "sourceHeRef": "דברים ז׳:י״ז", 
                    "sourceRef": "Deuteronomy 7:17", 
                    "ref": "Deuteronomy 7:17"
                }
            ], 
            "text": [
                "כי תאמר...איכה אוכל להורישם, לא תירא מהם, for you will say that they outnumber you. Do not say this in a manner which will inspire fear in you, but reflect on the fact that this would be an argument only if the Lord your G’d had not already demonstrated that with His help you can overcome. זכור תזכור את אשר עשה ה' אלוקיך לפרעה וכל מצרים, they outnumbered you by a far greater margin than the Canaanites and they were stronger than the Canaanites.\n"
            ]
        }, 
        {
            "segmentNumber": "18", 
            "he": [], 
            "links": [], 
            "text": []
        }, 
        {
            "segmentNumber": "19", 
            "he": [], 
            "links": [], 
            "text": []
        }, 
        {
            "segmentNumber": "20", 
            "he": [], 
            "links": [], 
            "text": []
        }, 
        {
            "segmentNumber": "21", 
            "he": [], 
            "links": [], 
            "text": []
        }, 
        {
            "segmentNumber": "22", 
            "he": [], 
            "links": [], 
            "text": []
        }, 
        {
            "segmentNumber": "23", 
            "he": [], 
            "links": [], 
            "text": []
        }, 
        {
            "segmentNumber": "24", 
            "he": [
                "וְנָתַן מַלְכֵיהֶם בְּיָדֶיךָ, וְהַאֲבַדְתָּ אֶת-שְׁמָם. כִּי אָמְנָם קִיּוּם זֶרַע מְלוּכַת הָאויְבִים הוּא לְשָׂטָן בְּכָל עֵת, כְּעִנְיַן הֲדַד נַעַר קָטָן שֶׁהָיָה מִזֶּרַע הַמֶּלֶךְ בֶּאֱדום, וְקָם לְשָׂטָן לִשְׁלמה. "
            ], 
            "links": [
                {
                    "category": "Tanach", 
                    "sourceHeRef": "דברים ז׳:כ״ד", 
                    "sourceRef": "Deuteronomy 7:24", 
                    "ref": "Deuteronomy 7:24"
                }, 
                {
                    "category": "Tanach", 
                    "sourceHeRef": "מלכים א י״א:י״ד", 
                    "sourceRef": "I Kings 11:14", 
                    "ref": "I Kings 11:14"
                }
            ], 
            "text": [
                "ונתן מלכיהם בידך והאבדת את שמם, for allowing any of these Canaanites to survive would become an ongoing source of irritation for you, as demonstrated by the young Haddad, sole survivor of the people of Edom, who became a lifelong source of irritation (militarily) for such a powerful king as Solomon. (Kings I 11,14 and onwards)"
            ]
        }, 
        {
            "segmentNumber": "25", 
            "he": [
                "<b>פן תוקש בו</b> שלפעמים יקרה שתצליח באותו כסף וזהב שעליהם ותחשוב שהיה זה בכח אותה העבודת גלולים שהיו עליה:\n\n"
            ], 
            "links": [
                {
                    "category": "Tanach", 
                    "sourceHeRef": "דברים ז׳:כ״ה", 
                    "sourceRef": "Deuteronomy 7:25", 
                    "ref": "Deuteronomy 7:25"
                }
            ], 
            "text": [
                "פן תוקש בו, for sometimes, especially if you are successful with the investment of silver and gold deriving from idolatrous sources, you will attribute this to the goodwill of their idols, which in turn will become a trap for you (theologically speaking)."
            ]
        }, 
        {
            "segmentNumber": "26", 
            "he": [
                "<b>תתעבנו כי חרם הוא</b> תתעב אותו הכסף והזהב של תועבה. ", 
                "<b>כי חרם הוא</b> שלא בלבד יקרה שלא תצליח בו אבל יחרים את שאר נכסיך:  "
            ], 
            "links": [
                {
                    "category": "Tanach", 
                    "sourceHeRef": "דברים ז׳:כ״ו", 
                    "sourceRef": "Deuteronomy 7:26", 
                    "ref": "Deuteronomy 7:26"
                }, 
                {
                    "category": "Tanach", 
                    "sourceHeRef": "דברים ז׳:כ״ו", 
                    "sourceRef": "Deuteronomy 7:26", 
                    "ref": "Deuteronomy 7:26"
                }
            ], 
            "text": [
                "תתעבנו כי חרם הוא, you must treat that silver and gold as if it were an abomination;", 
                "כי חרם הוא, not only would you not benefit by their silver and gold, but neither by their other possessions. It is out of bounds for you, it would bring harm to your other properties, the ones you acquired legally, with the approval of the Torah.\n"
            ]
        }
    ], 
    "book": "Sforno on Deuteronomy", 
    "textDepth": 3, 
    "sectionNames": [
        "Chapter", 
        "Verse", 
        "Comment"
    ], 
    "sections": [
        7
    ], 
    "commentator": "Sforno", 
    "isComplex": false, 
    "commentaryCategories": [
        "Tanach", 
        "Torah"
    ], 
    "titleVariants": [
        "Sforno on Deut", 
        "Sforno on Deu", 
        "Sforno on Devarim", 
        "Sforno on Deuteronomy", 
        "Sforno on Deu.", 
        "Sforno on Deut."
    ], 
    "categories": [
        "Commentary", 
        "Tanach", 
        "Sforno"
    ], 
    "prev": "Sforno on Deuteronomy 6:25", 
    "ref": "Sforno on Deuteronomy 7", 
    "type": "Commentary", 
    "addressTypes": [
        "Integer", 
        "Integer", 
        "Integer"
    ], 
    "heCommentator": "ספורנו", 
    "length": 34, 
    "indexTitle": "Sforno on Deuteronomy", 
    "heIndexTitle": "ספורנו על דברים", 
    "alts": [], 
    "order": [
        5, 
        5
    ]
}