{
    "heTitleVariants": [
        "שאלות ותשובות הרשב\"א חלק ה", 
        "שו\"ת הרשב\"א חלק ה", 
        "שו\"ת הרשב\"א ה"
    ], 
    "heTitle": "שו\"ת הרשב\"א חלק ה", 
    "heRef": "שו\"ת הרשב\"א חלק ה רכ״ו", 
    "toSections": [
        226
    ], 
    "sectionRef": "Teshuvot haRashba part V 226", 
    "next": "Teshuvot haRashba part V 227", 
    "content": [
        {
            "segmentNumber": "1", 
            "he": "סימן רכו", 
            "links": [], 
            "text": ""
        }, 
        {
            "segmentNumber": "2", 
            "he": "<b>שאלת: </b>בנכרי החולב ביום טוב שחל להיות אחר השבת, ובפני ישראל, שהוא מותר באכילה?", 
            "links": [], 
            "text": ""
        }, 
        {
            "segmentNumber": "3", 
            "he": "<b>תשובה: </b>כדין אמרת, שהחלב אינו מוקצה, שהרי מוכן הוא, דאפי' ישראל איפשר דמותר הוא לחלוב תוך הקדרה, שיש בה אוכל. אבל לתוך הקערה שאין בה אוכל, לא. וכמ\"ש הריא\"ף בפ' חבית (לדף קמ\"ד ע\"ב). ובס' עבודת הקודש (ש\"ח סי' ג'), תמצא זה בארוכה.", 
            "links": [], 
            "text": ""
        }
    ], 
    "book": "Teshuvot haRashba part V", 
    "prev": "Teshuvot haRashba part V 225", 
    "textDepth": 2, 
    "sectionNames": [
        "Teshuva", 
        "Part"
    ], 
    "sections": [
        226
    ], 
    "isComplex": false, 
    "titleVariants": [
        "Teshuvot helek khamesh", 
        "shut harashba h'", 
        "Teshuvot haRashba part V"
    ], 
    "categories": [
        "Responsa", 
        "Rashba"
    ], 
    "ref": "Teshuvot haRashba part V 226", 
    "type": "Responsa", 
    "addressTypes": [
        "Integer", 
        "Integer"
    ], 
    "indexTitle": "Teshuvot haRashba part V", 
    "heIndexTitle": "שו\"ת הרשב\"א חלק ה", 
    "alts": [], 
    "order": ""
}