{
    "sections": {
        "Tosafot on Gittin 15b:9": {
            "content": [], 
            "heTitle": "תוספות על גיטין ט״ו ב:ט׳", 
            "indexTitle": "Tosafot on Gittin", 
            "sectionRef": "Tosafot on Gittin 15b:9", 
            "prev": "Tosafot on Gittin 15b:7", 
            "ref": "Tosafot on Gittin 15b:9", 
            "heRef": "תוספות על גיטין ט״ו ב:ט׳", 
            "next": "Tosafot on Gittin 15b:19"
        }, 
        "Tosafot on Gittin 15b:8": {
            "content": [], 
            "heTitle": "תוספות על גיטין ט״ו ב:ח׳", 
            "indexTitle": "Tosafot on Gittin", 
            "sectionRef": "Tosafot on Gittin 15b:8", 
            "prev": "Tosafot on Gittin 15b:7", 
            "ref": "Tosafot on Gittin 15b:8", 
            "heRef": "תוספות על גיטין ט״ו ב:ח׳", 
            "next": "Tosafot on Gittin 15b:19"
        }, 
        "Tosafot on Gittin 15b:7": {
            "content": [
                {
                    "segmentNumber": "1", 
                    "links": [
                        {
                            "category": "Talmud", 
                            "index_title": "Gittin", 
                            "sourceHeRef": "גיטין ט״ו ב:ז׳", 
                            "sourceRef": "Gittin 15b:7"
                        }, 
                        {
                            "category": "Commentary", 
                            "index_title": "Maharam Shif on Gittin", 
                            "sourceHeRef": "מהר\"ם שיף על גיטין ט״ו ב:ד׳", 
                            "sourceRef": "Maharam Shif on Gittin 15b:4"
                        }
                    ], 
                    "he": "אני הוא עד שני פסול - וא\"ת ומי איכא מידי דאילו אמר בפני נחתם כשר ומשום דאמר אני הוא עד שני פסול ונראה לר\"י כמו שאומר בירושלמי דכי אמר אני הוא עד שני נעשה כנוגע בעדותו דנראה דלכך בא להעיד על חתימת השני כדי שתתקיים עדות חתימתו וא\"ת וכיון דטעמא מש\"ה הוא למה ליה למימר משום או כולו בקיום הגט כו' וי\"ל משום דלאו טעמא גמור הוא זה אי לאו טעמא דאו כולו בקיום הגט דאין זה נוגע בעדות ממש:"
                }
            ], 
            "heTitle": "תוספות על גיטין ט״ו ב:ז׳", 
            "indexTitle": "Tosafot on Gittin", 
            "sectionRef": "Tosafot on Gittin 15b:7", 
            "prev": "Tosafot on Gittin 15b:5", 
            "ref": "Tosafot on Gittin 15b:7", 
            "heRef": "תוספות על גיטין ט״ו ב:ז׳", 
            "next": "Tosafot on Gittin 15b:19"
        }, 
        "Tosafot on Gittin 15b:6": {
            "content": [], 
            "heTitle": "תוספות על גיטין ט״ו ב:ו׳", 
            "indexTitle": "Tosafot on Gittin", 
            "sectionRef": "Tosafot on Gittin 15b:6", 
            "prev": "Tosafot on Gittin 15b:5", 
            "ref": "Tosafot on Gittin 15b:6", 
            "heRef": "תוספות על גיטין ט״ו ב:ו׳", 
            "next": "Tosafot on Gittin 15b:7"
        }, 
        "Tosafot on Gittin 15b:5": {
            "content": [
                {
                    "segmentNumber": "1", 
                    "links": [
                        {
                            "category": "Talmud", 
                            "index_title": "Gittin", 
                            "sourceHeRef": "גיטין ט״ו ב:ה׳", 
                            "sourceRef": "Gittin 15b:5"
                        }
                    ], 
                    "he": "מי איכא מידי דאילו מסיק לכוליה דיבורא כשר - מה שפי' בקונטרס דלרבא חד כי אמר ידעתי כשר תימה מה עלה על דעתו של רבא לפסול כשמסייעו אחר כיון דלא חייש לאיחלופי כי ליכא אחר בהדיה כשר לפי שמעיד גם על הכתיבה וכ\"ש כי איכא אחר בהדיה לכך נראה כדפירשתי לעיל דידעתי בחד לא מהני אע\"ג דמעיד על הכתיבה והשתא אתי שפיר דבעי רבא לפסול בהוא ואחר מעידין שמכירין חתימת השני משום איחלופי כמו שפסול כי ליכא חד בהדיה ורב אשי פריך מי איכא מידי דאילו מסיק איהו לכוליה דיבורא ואומר גם בפני נחתם כשר וכי איכא אחר בהדיה ומעידין שמכירין החתימה נמי אין לפוסלו דלא גרע אותו עדות משאם היה אומר בעצמו בפני נחתם:"
                }
            ], 
            "heTitle": "תוספות על גיטין ט״ו ב:ה׳", 
            "indexTitle": "Tosafot on Gittin", 
            "sectionRef": "Tosafot on Gittin 15b:5", 
            "prev": "Tosafot on Gittin 15a:47", 
            "ref": "Tosafot on Gittin 15b:5", 
            "heRef": "תוספות על גיטין ט״ו ב:ה׳", 
            "next": "Tosafot on Gittin 15b:7"
        }, 
        "Tosafot on Gittin 15b:4": {
            "content": [], 
            "heTitle": "תוספות על גיטין ט״ו ב:ד׳", 
            "indexTitle": "Tosafot on Gittin", 
            "sectionRef": "Tosafot on Gittin 15b:4", 
            "prev": "Tosafot on Gittin 15a:47", 
            "ref": "Tosafot on Gittin 15b:4", 
            "heRef": "תוספות על גיטין ט״ו ב:ד׳", 
            "next": "Tosafot on Gittin 15b:5"
        }, 
        "Tosafot on Gittin 15b:3": {
            "content": [], 
            "heTitle": "תוספות על גיטין ט״ו ב:ג׳", 
            "indexTitle": "Tosafot on Gittin", 
            "sectionRef": "Tosafot on Gittin 15b:3", 
            "prev": "Tosafot on Gittin 15a:47", 
            "ref": "Tosafot on Gittin 15b:3", 
            "heRef": "תוספות על גיטין ט״ו ב:ג׳", 
            "next": "Tosafot on Gittin 15b:5"
        }, 
        "Tosafot on Gittin 15b:2": {
            "content": [], 
            "heTitle": "תוספות על גיטין ט״ו ב:ב׳", 
            "indexTitle": "Tosafot on Gittin", 
            "sectionRef": "Tosafot on Gittin 15b:2", 
            "prev": "Tosafot on Gittin 15a:47", 
            "ref": "Tosafot on Gittin 15b:2", 
            "heRef": "תוספות על גיטין ט״ו ב:ב׳", 
            "next": "Tosafot on Gittin 15b:5"
        }, 
        "Tosafot on Gittin 15b:1": {
            "content": [], 
            "heTitle": "תוספות על גיטין ט״ו ב:א׳", 
            "indexTitle": "Tosafot on Gittin", 
            "sectionRef": "Tosafot on Gittin 15b:1", 
            "prev": "Tosafot on Gittin 15a:47", 
            "ref": "Tosafot on Gittin 15b:1", 
            "heRef": "תוספות על גיטין ט״ו ב:א׳", 
            "next": "Tosafot on Gittin 15b:5"
        }, 
        "Tosafot on Gittin 15b:26": {
            "content": [], 
            "heTitle": "תוספות על גיטין ט״ו ב:כ״ו", 
            "indexTitle": "Tosafot on Gittin", 
            "sectionRef": "Tosafot on Gittin 15b:26", 
            "prev": "Tosafot on Gittin 15b:19", 
            "ref": "Tosafot on Gittin 15b:26", 
            "heRef": "תוספות על גיטין ט״ו ב:כ״ו", 
            "next": "Tosafot on Gittin 15b:30"
        }, 
        "Tosafot on Gittin 15b:27": {
            "content": [], 
            "heTitle": "תוספות על גיטין ט״ו ב:כ״ז", 
            "indexTitle": "Tosafot on Gittin", 
            "sectionRef": "Tosafot on Gittin 15b:27", 
            "prev": "Tosafot on Gittin 15b:19", 
            "ref": "Tosafot on Gittin 15b:27", 
            "heRef": "תוספות על גיטין ט״ו ב:כ״ז", 
            "next": "Tosafot on Gittin 15b:30"
        }, 
        "Tosafot on Gittin 15b:24": {
            "content": [], 
            "heTitle": "תוספות על גיטין ט״ו ב:כ״ד", 
            "indexTitle": "Tosafot on Gittin", 
            "sectionRef": "Tosafot on Gittin 15b:24", 
            "prev": "Tosafot on Gittin 15b:19", 
            "ref": "Tosafot on Gittin 15b:24", 
            "heRef": "תוספות על גיטין ט״ו ב:כ״ד", 
            "next": "Tosafot on Gittin 15b:30"
        }, 
        "Tosafot on Gittin 15b:25": {
            "content": [], 
            "heTitle": "תוספות על גיטין ט״ו ב:כ״ה", 
            "indexTitle": "Tosafot on Gittin", 
            "sectionRef": "Tosafot on Gittin 15b:25", 
            "prev": "Tosafot on Gittin 15b:19", 
            "ref": "Tosafot on Gittin 15b:25", 
            "heRef": "תוספות על גיטין ט״ו ב:כ״ה", 
            "next": "Tosafot on Gittin 15b:30"
        }, 
        "Tosafot on Gittin 15b:22": {
            "content": [], 
            "heTitle": "תוספות על גיטין ט״ו ב:כ״ב", 
            "indexTitle": "Tosafot on Gittin", 
            "sectionRef": "Tosafot on Gittin 15b:22", 
            "prev": "Tosafot on Gittin 15b:19", 
            "ref": "Tosafot on Gittin 15b:22", 
            "heRef": "תוספות על גיטין ט״ו ב:כ״ב", 
            "next": "Tosafot on Gittin 15b:30"
        }, 
        "Tosafot on Gittin 15b:23": {
            "content": [], 
            "heTitle": "תוספות על גיטין ט״ו ב:כ״ג", 
            "indexTitle": "Tosafot on Gittin", 
            "sectionRef": "Tosafot on Gittin 15b:23", 
            "prev": "Tosafot on Gittin 15b:19", 
            "ref": "Tosafot on Gittin 15b:23", 
            "heRef": "תוספות על גיטין ט״ו ב:כ״ג", 
            "next": "Tosafot on Gittin 15b:30"
        }, 
        "Tosafot on Gittin 15b:20": {
            "content": [], 
            "heTitle": "תוספות על גיטין ט״ו ב:כ׳", 
            "indexTitle": "Tosafot on Gittin", 
            "sectionRef": "Tosafot on Gittin 15b:20", 
            "prev": "Tosafot on Gittin 15b:19", 
            "ref": "Tosafot on Gittin 15b:20", 
            "heRef": "תוספות על גיטין ט״ו ב:כ׳", 
            "next": "Tosafot on Gittin 15b:30"
        }, 
        "Tosafot on Gittin 15b:21": {
            "content": [], 
            "heTitle": "תוספות על גיטין ט״ו ב:כ״א", 
            "indexTitle": "Tosafot on Gittin", 
            "sectionRef": "Tosafot on Gittin 15b:21", 
            "prev": "Tosafot on Gittin 15b:19", 
            "ref": "Tosafot on Gittin 15b:21", 
            "heRef": "תוספות על גיטין ט״ו ב:כ״א", 
            "next": "Tosafot on Gittin 15b:30"
        }, 
        "Tosafot on Gittin 15b:28": {
            "content": [], 
            "heTitle": "תוספות על גיטין ט״ו ב:כ״ח", 
            "indexTitle": "Tosafot on Gittin", 
            "sectionRef": "Tosafot on Gittin 15b:28", 
            "prev": "Tosafot on Gittin 15b:19", 
            "ref": "Tosafot on Gittin 15b:28", 
            "heRef": "תוספות על גיטין ט״ו ב:כ״ח", 
            "next": "Tosafot on Gittin 15b:30"
        }, 
        "Tosafot on Gittin 15b:29": {
            "content": [], 
            "heTitle": "תוספות על גיטין ט״ו ב:כ״ט", 
            "indexTitle": "Tosafot on Gittin", 
            "sectionRef": "Tosafot on Gittin 15b:29", 
            "prev": "Tosafot on Gittin 15b:19", 
            "ref": "Tosafot on Gittin 15b:29", 
            "heRef": "תוספות על גיטין ט״ו ב:כ״ט", 
            "next": "Tosafot on Gittin 15b:30"
        }, 
        "Tosafot on Gittin 15b:30": {
            "content": [
                {
                    "segmentNumber": "1", 
                    "links": [
                        {
                            "category": "Talmud", 
                            "index_title": "Gittin", 
                            "sourceHeRef": "גיטין ט״ו ב:ל׳", 
                            "sourceRef": "Gittin 15b:30"
                        }
                    ], 
                    "he": "הנוטל ידו אחת בנטילה ואחת בשטיפה כו' - פי' בקונט' נטל ידו אחת מן הכלי כתיקון חכמים ואחת בשטיפה בנהר במ' סאה וא\"ת והיכי פשיט מהכא כי משי חדא ידא והדר משי לאידך דלמא הכא מיירי שעשה בבת אחת שטיפה לזו ונטילה לזו וי\"ל דקסבר הש\"ס דאין חילוק דמסתברא דאי בזו אחר זו לא מהני ה\"ה דבבת אחת נמי לא מהני אפילו שתיהן בנטילה יד זו מכלי זה ויד זו מכלי אחר ורבינו תם גרס על פי המשניות נטל ידו אחת משטיפה אחת ידו טהורה וקפשיט מדקתני ידו טהורה ש\"מ דחדא חדא מהניא וה\"פ משטיפה אחת שצריך לשפוך מן הכלי על ידיו ב' פעמים כדמוכח בכמה דוכתי במסכת ידים דצריך מים ראשונים ושניים ועל זה קאמר ואם נטל ידו אחת משטיפה אחת גדולה שהיא כשתים ידו טהורה כיון שיש בשטיפה זו כשיעור מים ראשונים ושניים וקא מסיים בסיפא שתי ידיו בשטיפה אחת ר\"מ מטמא עד שיטול מרביעית אע\"ג דכשנוטל בשתי שטיפות לא בעי רביעית השתא דליכא אלא שטיפה אחת צריך רביעית בשטיפה זו אבל ידו אחת אין צריך רביעית כי אתו משירי טהרה אלא שתהא אותה שטיפה מרובה כשתים:"
                }
            ], 
            "heTitle": "תוספות על גיטין ט״ו ב:ל׳", 
            "indexTitle": "Tosafot on Gittin", 
            "sectionRef": "Tosafot on Gittin 15b:30", 
            "prev": "Tosafot on Gittin 15b:19", 
            "ref": "Tosafot on Gittin 15b:30", 
            "heRef": "תוספות על גיטין ט״ו ב:ל׳", 
            "next": "Tosafot on Gittin 16a:1"
        }, 
        "Tosafot on Gittin 15b:13": {
            "content": [], 
            "heTitle": "תוספות על גיטין ט״ו ב:י״ג", 
            "indexTitle": "Tosafot on Gittin", 
            "sectionRef": "Tosafot on Gittin 15b:13", 
            "prev": "Tosafot on Gittin 15b:7", 
            "ref": "Tosafot on Gittin 15b:13", 
            "heRef": "תוספות על גיטין ט״ו ב:י״ג", 
            "next": "Tosafot on Gittin 15b:19"
        }, 
        "Tosafot on Gittin 15b:12": {
            "content": [], 
            "heTitle": "תוספות על גיטין ט״ו ב:י״ב", 
            "indexTitle": "Tosafot on Gittin", 
            "sectionRef": "Tosafot on Gittin 15b:12", 
            "prev": "Tosafot on Gittin 15b:7", 
            "ref": "Tosafot on Gittin 15b:12", 
            "heRef": "תוספות על גיטין ט״ו ב:י״ב", 
            "next": "Tosafot on Gittin 15b:19"
        }, 
        "Tosafot on Gittin 15b:11": {
            "content": [], 
            "heTitle": "תוספות על גיטין ט״ו ב:י״א", 
            "indexTitle": "Tosafot on Gittin", 
            "sectionRef": "Tosafot on Gittin 15b:11", 
            "prev": "Tosafot on Gittin 15b:7", 
            "ref": "Tosafot on Gittin 15b:11", 
            "heRef": "תוספות על גיטין ט״ו ב:י״א", 
            "next": "Tosafot on Gittin 15b:19"
        }, 
        "Tosafot on Gittin 15b:10": {
            "content": [], 
            "heTitle": "תוספות על גיטין ט״ו ב:י׳", 
            "indexTitle": "Tosafot on Gittin", 
            "sectionRef": "Tosafot on Gittin 15b:10", 
            "prev": "Tosafot on Gittin 15b:7", 
            "ref": "Tosafot on Gittin 15b:10", 
            "heRef": "תוספות על גיטין ט״ו ב:י׳", 
            "next": "Tosafot on Gittin 15b:19"
        }, 
        "Tosafot on Gittin 15b:17": {
            "content": [], 
            "heTitle": "תוספות על גיטין ט״ו ב:י״ז", 
            "indexTitle": "Tosafot on Gittin", 
            "sectionRef": "Tosafot on Gittin 15b:17", 
            "prev": "Tosafot on Gittin 15b:7", 
            "ref": "Tosafot on Gittin 15b:17", 
            "heRef": "תוספות על גיטין ט״ו ב:י״ז", 
            "next": "Tosafot on Gittin 15b:19"
        }, 
        "Tosafot on Gittin 15b:16": {
            "content": [], 
            "heTitle": "תוספות על גיטין ט״ו ב:ט״ז", 
            "indexTitle": "Tosafot on Gittin", 
            "sectionRef": "Tosafot on Gittin 15b:16", 
            "prev": "Tosafot on Gittin 15b:7", 
            "ref": "Tosafot on Gittin 15b:16", 
            "heRef": "תוספות על גיטין ט״ו ב:ט״ז", 
            "next": "Tosafot on Gittin 15b:19"
        }, 
        "Tosafot on Gittin 15b:15": {
            "content": [], 
            "heTitle": "תוספות על גיטין ט״ו ב:ט״ו", 
            "indexTitle": "Tosafot on Gittin", 
            "sectionRef": "Tosafot on Gittin 15b:15", 
            "prev": "Tosafot on Gittin 15b:7", 
            "ref": "Tosafot on Gittin 15b:15", 
            "heRef": "תוספות על גיטין ט״ו ב:ט״ו", 
            "next": "Tosafot on Gittin 15b:19"
        }, 
        "Tosafot on Gittin 15b:14": {
            "content": [], 
            "heTitle": "תוספות על גיטין ט״ו ב:י״ד", 
            "indexTitle": "Tosafot on Gittin", 
            "sectionRef": "Tosafot on Gittin 15b:14", 
            "prev": "Tosafot on Gittin 15b:7", 
            "ref": "Tosafot on Gittin 15b:14", 
            "heRef": "תוספות על גיטין ט״ו ב:י״ד", 
            "next": "Tosafot on Gittin 15b:19"
        }, 
        "Tosafot on Gittin 15b:19": {
            "content": [
                {
                    "segmentNumber": "1", 
                    "links": [
                        {
                            "category": "Talmud", 
                            "index_title": "Gittin", 
                            "sourceHeRef": "גיטין ט״ו ב:י״ט", 
                            "sourceRef": "Gittin 15b:19"
                        }
                    ], 
                    "he": "גידוד חמשה ומחיצה חמשה כו' - פי' בקונטרס אם היה חריץ עמוק חמשה והקיפוהו מחיצה חמשה אין מצטרפין להיות תוכו רשות היחיד וקשה לר\"ת דאמר בשבת בפרק הזורק (דף צט.) ובפ' בתרא דעירובין (דף צט:) דבור וחולייתו מצטרפין לעשרה ואע\"פ שזה בגובה וזה בעומק ועוד דאמר פרק כל גגות (שם דף צג:) בהדיא גבי שתי חצרות זו למעלה מזו ויש גידוד חמשה ומחיצה חמשה דמודה רב חסדא בתחתונה הואיל ורואה פני עשרה דמערבת שנים ולא אחד וי\"ל דלענין ב' חצרות זו למעלה מזו איירי הכא ולגבי עליונה לענין עירוב כדמוכח פ' כל גגות (שם צג:) א\"נ לענין תל ברה\"ר גבוה חמשה והקיף על גביו מחיצה חמשה דלא חשיב רה\"י לענין שבת וא\"ת ויחשב רה\"י מטעם דאי בעי מנח עליה ומשתמש כדאמר בפרק חלון (שם עח.) גבי מילאו כולו ביתדות וי\"ל דמיירי ברחב הרבה דלא שייך מנח עליה מידי אלא בדבר צר:"
                }
            ], 
            "heTitle": "תוספות על גיטין ט״ו ב:י״ט", 
            "indexTitle": "Tosafot on Gittin", 
            "sectionRef": "Tosafot on Gittin 15b:19", 
            "prev": "Tosafot on Gittin 15b:7", 
            "ref": "Tosafot on Gittin 15b:19", 
            "heRef": "תוספות על גיטין ט״ו ב:י״ט", 
            "next": "Tosafot on Gittin 15b:30"
        }, 
        "Tosafot on Gittin 15b:18": {
            "content": [], 
            "heTitle": "תוספות על גיטין ט״ו ב:י״ח", 
            "indexTitle": "Tosafot on Gittin", 
            "sectionRef": "Tosafot on Gittin 15b:18", 
            "prev": "Tosafot on Gittin 15b:7", 
            "ref": "Tosafot on Gittin 15b:18", 
            "heRef": "תוספות על גיטין ט״ו ב:י״ח", 
            "next": "Tosafot on Gittin 15b:19"
        }
    }, 
    "ref": "Tosafot on Gittin 15b"
}