{
    "sections": {
        "Tosafot on Gittin 38b:30": {
            "content": [], 
            "heTitle": "תוספות על גיטין ל״ח ב:ל׳", 
            "indexTitle": "Tosafot on Gittin", 
            "sectionRef": "Tosafot on Gittin 38b:30", 
            "prev": "Tosafot on Gittin 38b:24", 
            "ref": "Tosafot on Gittin 38b:30", 
            "heRef": "תוספות על גיטין ל״ח ב:ל׳", 
            "next": "Tosafot on Gittin 38b:34"
        }, 
        "Tosafot on Gittin 38b:31": {
            "content": [], 
            "heTitle": "תוספות על גיטין ל״ח ב:ל״א", 
            "indexTitle": "Tosafot on Gittin", 
            "sectionRef": "Tosafot on Gittin 38b:31", 
            "prev": "Tosafot on Gittin 38b:24", 
            "ref": "Tosafot on Gittin 38b:31", 
            "heRef": "תוספות על גיטין ל״ח ב:ל״א", 
            "next": "Tosafot on Gittin 38b:34"
        }, 
        "Tosafot on Gittin 38b:34": {
            "content": [
                {
                    "segmentNumber": "1", 
                    "links": [
                        {
                            "category": "Talmud", 
                            "index_title": "Gittin", 
                            "sourceHeRef": "גיטין ל״ח ב:ל״ד", 
                            "sourceRef": "Gittin 38b:34"
                        }
                    ], 
                    "he": "אין הגזברין רשאין להוציא אותן לחירות - וכן אמר בפרק הנזקין (לקמן נב.) גבי יתומין דאין האפוטרופסין רשאין להוציא אותן לחירות אבל מוכרין אותן לאחרים כו' ונראה דהיינו טעמא דאסור דרך שיחרור דסברי דקא מזלזלי בנכסי יתומים והקדש אבל דרך מכירה ידעי כולי עלמא שמוכרין אותן בשויין:"
                }
            ], 
            "heTitle": "תוספות על גיטין ל״ח ב:ל״ד", 
            "indexTitle": "Tosafot on Gittin", 
            "sectionRef": "Tosafot on Gittin 38b:34", 
            "prev": "Tosafot on Gittin 38b:24", 
            "ref": "Tosafot on Gittin 38b:34", 
            "heRef": "תוספות על גיטין ל״ח ב:ל״ד", 
            "next": "Tosafot on Gittin 39a:1"
        }, 
        "Tosafot on Gittin 38b:8": {
            "content": [], 
            "heTitle": "תוספות על גיטין ל״ח ב:ח׳", 
            "indexTitle": "Tosafot on Gittin", 
            "sectionRef": "Tosafot on Gittin 38b:8", 
            "prev": "Tosafot on Gittin 38a:54", 
            "ref": "Tosafot on Gittin 38b:8", 
            "heRef": "תוספות על גיטין ל״ח ב:ח׳", 
            "next": "Tosafot on Gittin 38b:24"
        }, 
        "Tosafot on Gittin 38b:9": {
            "content": [], 
            "heTitle": "תוספות על גיטין ל״ח ב:ט׳", 
            "indexTitle": "Tosafot on Gittin", 
            "sectionRef": "Tosafot on Gittin 38b:9", 
            "prev": "Tosafot on Gittin 38a:54", 
            "ref": "Tosafot on Gittin 38b:9", 
            "heRef": "תוספות על גיטין ל״ח ב:ט׳", 
            "next": "Tosafot on Gittin 38b:24"
        }, 
        "Tosafot on Gittin 38b:6": {
            "content": [], 
            "heTitle": "תוספות על גיטין ל״ח ב:ו׳", 
            "indexTitle": "Tosafot on Gittin", 
            "sectionRef": "Tosafot on Gittin 38b:6", 
            "prev": "Tosafot on Gittin 38a:54", 
            "ref": "Tosafot on Gittin 38b:6", 
            "heRef": "תוספות על גיטין ל״ח ב:ו׳", 
            "next": "Tosafot on Gittin 38b:24"
        }, 
        "Tosafot on Gittin 38b:7": {
            "content": [], 
            "heTitle": "תוספות על גיטין ל״ח ב:ז׳", 
            "indexTitle": "Tosafot on Gittin", 
            "sectionRef": "Tosafot on Gittin 38b:7", 
            "prev": "Tosafot on Gittin 38a:54", 
            "ref": "Tosafot on Gittin 38b:7", 
            "heRef": "תוספות על גיטין ל״ח ב:ז׳", 
            "next": "Tosafot on Gittin 38b:24"
        }, 
        "Tosafot on Gittin 38b:4": {
            "content": [], 
            "heTitle": "תוספות על גיטין ל״ח ב:ד׳", 
            "indexTitle": "Tosafot on Gittin", 
            "sectionRef": "Tosafot on Gittin 38b:4", 
            "prev": "Tosafot on Gittin 38a:54", 
            "ref": "Tosafot on Gittin 38b:4", 
            "heRef": "תוספות על גיטין ל״ח ב:ד׳", 
            "next": "Tosafot on Gittin 38b:24"
        }, 
        "Tosafot on Gittin 38b:5": {
            "content": [], 
            "heTitle": "תוספות על גיטין ל״ח ב:ה׳", 
            "indexTitle": "Tosafot on Gittin", 
            "sectionRef": "Tosafot on Gittin 38b:5", 
            "prev": "Tosafot on Gittin 38a:54", 
            "ref": "Tosafot on Gittin 38b:5", 
            "heRef": "תוספות על גיטין ל״ח ב:ה׳", 
            "next": "Tosafot on Gittin 38b:24"
        }, 
        "Tosafot on Gittin 38b:2": {
            "content": [], 
            "heTitle": "תוספות על גיטין ל״ח ב:ב׳", 
            "indexTitle": "Tosafot on Gittin", 
            "sectionRef": "Tosafot on Gittin 38b:2", 
            "prev": "Tosafot on Gittin 38a:54", 
            "ref": "Tosafot on Gittin 38b:2", 
            "heRef": "תוספות על גיטין ל״ח ב:ב׳", 
            "next": "Tosafot on Gittin 38b:24"
        }, 
        "Tosafot on Gittin 38b:3": {
            "content": [], 
            "heTitle": "תוספות על גיטין ל״ח ב:ג׳", 
            "indexTitle": "Tosafot on Gittin", 
            "sectionRef": "Tosafot on Gittin 38b:3", 
            "prev": "Tosafot on Gittin 38a:54", 
            "ref": "Tosafot on Gittin 38b:3", 
            "heRef": "תוספות על גיטין ל״ח ב:ג׳", 
            "next": "Tosafot on Gittin 38b:24"
        }, 
        "Tosafot on Gittin 38b:1": {
            "content": [], 
            "heTitle": "תוספות על גיטין ל״ח ב:א׳", 
            "indexTitle": "Tosafot on Gittin", 
            "sectionRef": "Tosafot on Gittin 38b:1", 
            "prev": "Tosafot on Gittin 38a:54", 
            "ref": "Tosafot on Gittin 38b:1", 
            "heRef": "תוספות על גיטין ל״ח ב:א׳", 
            "next": "Tosafot on Gittin 38b:24"
        }, 
        "Tosafot on Gittin 38b:10": {
            "content": [], 
            "heTitle": "תוספות על גיטין ל״ח ב:י׳", 
            "indexTitle": "Tosafot on Gittin", 
            "sectionRef": "Tosafot on Gittin 38b:10", 
            "prev": "Tosafot on Gittin 38a:54", 
            "ref": "Tosafot on Gittin 38b:10", 
            "heRef": "תוספות על גיטין ל״ח ב:י׳", 
            "next": "Tosafot on Gittin 38b:24"
        }, 
        "Tosafot on Gittin 38b:11": {
            "content": [], 
            "heTitle": "תוספות על גיטין ל״ח ב:י״א", 
            "indexTitle": "Tosafot on Gittin", 
            "sectionRef": "Tosafot on Gittin 38b:11", 
            "prev": "Tosafot on Gittin 38a:54", 
            "ref": "Tosafot on Gittin 38b:11", 
            "heRef": "תוספות על גיטין ל״ח ב:י״א", 
            "next": "Tosafot on Gittin 38b:24"
        }, 
        "Tosafot on Gittin 38b:12": {
            "content": [], 
            "heTitle": "תוספות על גיטין ל״ח ב:י״ב", 
            "indexTitle": "Tosafot on Gittin", 
            "sectionRef": "Tosafot on Gittin 38b:12", 
            "prev": "Tosafot on Gittin 38a:54", 
            "ref": "Tosafot on Gittin 38b:12", 
            "heRef": "תוספות על גיטין ל״ח ב:י״ב", 
            "next": "Tosafot on Gittin 38b:24"
        }, 
        "Tosafot on Gittin 38b:13": {
            "content": [], 
            "heTitle": "תוספות על גיטין ל״ח ב:י״ג", 
            "indexTitle": "Tosafot on Gittin", 
            "sectionRef": "Tosafot on Gittin 38b:13", 
            "prev": "Tosafot on Gittin 38a:54", 
            "ref": "Tosafot on Gittin 38b:13", 
            "heRef": "תוספות על גיטין ל״ח ב:י״ג", 
            "next": "Tosafot on Gittin 38b:24"
        }, 
        "Tosafot on Gittin 38b:14": {
            "content": [], 
            "heTitle": "תוספות על גיטין ל״ח ב:י״ד", 
            "indexTitle": "Tosafot on Gittin", 
            "sectionRef": "Tosafot on Gittin 38b:14", 
            "prev": "Tosafot on Gittin 38a:54", 
            "ref": "Tosafot on Gittin 38b:14", 
            "heRef": "תוספות על גיטין ל״ח ב:י״ד", 
            "next": "Tosafot on Gittin 38b:24"
        }, 
        "Tosafot on Gittin 38b:15": {
            "content": [], 
            "heTitle": "תוספות על גיטין ל״ח ב:ט״ו", 
            "indexTitle": "Tosafot on Gittin", 
            "sectionRef": "Tosafot on Gittin 38b:15", 
            "prev": "Tosafot on Gittin 38a:54", 
            "ref": "Tosafot on Gittin 38b:15", 
            "heRef": "תוספות על גיטין ל״ח ב:ט״ו", 
            "next": "Tosafot on Gittin 38b:24"
        }, 
        "Tosafot on Gittin 38b:16": {
            "content": [], 
            "heTitle": "תוספות על גיטין ל״ח ב:ט״ז", 
            "indexTitle": "Tosafot on Gittin", 
            "sectionRef": "Tosafot on Gittin 38b:16", 
            "prev": "Tosafot on Gittin 38a:54", 
            "ref": "Tosafot on Gittin 38b:16", 
            "heRef": "תוספות על גיטין ל״ח ב:ט״ז", 
            "next": "Tosafot on Gittin 38b:24"
        }, 
        "Tosafot on Gittin 38b:17": {
            "content": [], 
            "heTitle": "תוספות על גיטין ל״ח ב:י״ז", 
            "indexTitle": "Tosafot on Gittin", 
            "sectionRef": "Tosafot on Gittin 38b:17", 
            "prev": "Tosafot on Gittin 38a:54", 
            "ref": "Tosafot on Gittin 38b:17", 
            "heRef": "תוספות על גיטין ל״ח ב:י״ז", 
            "next": "Tosafot on Gittin 38b:24"
        }, 
        "Tosafot on Gittin 38b:18": {
            "content": [], 
            "heTitle": "תוספות על גיטין ל״ח ב:י״ח", 
            "indexTitle": "Tosafot on Gittin", 
            "sectionRef": "Tosafot on Gittin 38b:18", 
            "prev": "Tosafot on Gittin 38a:54", 
            "ref": "Tosafot on Gittin 38b:18", 
            "heRef": "תוספות על גיטין ל״ח ב:י״ח", 
            "next": "Tosafot on Gittin 38b:24"
        }, 
        "Tosafot on Gittin 38b:19": {
            "content": [], 
            "heTitle": "תוספות על גיטין ל״ח ב:י״ט", 
            "indexTitle": "Tosafot on Gittin", 
            "sectionRef": "Tosafot on Gittin 38b:19", 
            "prev": "Tosafot on Gittin 38a:54", 
            "ref": "Tosafot on Gittin 38b:19", 
            "heRef": "תוספות על גיטין ל״ח ב:י״ט", 
            "next": "Tosafot on Gittin 38b:24"
        }, 
        "Tosafot on Gittin 38b:29": {
            "content": [], 
            "heTitle": "תוספות על גיטין ל״ח ב:כ״ט", 
            "indexTitle": "Tosafot on Gittin", 
            "sectionRef": "Tosafot on Gittin 38b:29", 
            "prev": "Tosafot on Gittin 38b:24", 
            "ref": "Tosafot on Gittin 38b:29", 
            "heRef": "תוספות על גיטין ל״ח ב:כ״ט", 
            "next": "Tosafot on Gittin 38b:34"
        }, 
        "Tosafot on Gittin 38b:28": {
            "content": [], 
            "heTitle": "תוספות על גיטין ל״ח ב:כ״ח", 
            "indexTitle": "Tosafot on Gittin", 
            "sectionRef": "Tosafot on Gittin 38b:28", 
            "prev": "Tosafot on Gittin 38b:24", 
            "ref": "Tosafot on Gittin 38b:28", 
            "heRef": "תוספות על גיטין ל״ח ב:כ״ח", 
            "next": "Tosafot on Gittin 38b:34"
        }, 
        "Tosafot on Gittin 38b:21": {
            "content": [], 
            "heTitle": "תוספות על גיטין ל״ח ב:כ״א", 
            "indexTitle": "Tosafot on Gittin", 
            "sectionRef": "Tosafot on Gittin 38b:21", 
            "prev": "Tosafot on Gittin 38a:54", 
            "ref": "Tosafot on Gittin 38b:21", 
            "heRef": "תוספות על גיטין ל״ח ב:כ״א", 
            "next": "Tosafot on Gittin 38b:24"
        }, 
        "Tosafot on Gittin 38b:20": {
            "content": [], 
            "heTitle": "תוספות על גיטין ל״ח ב:כ׳", 
            "indexTitle": "Tosafot on Gittin", 
            "sectionRef": "Tosafot on Gittin 38b:20", 
            "prev": "Tosafot on Gittin 38a:54", 
            "ref": "Tosafot on Gittin 38b:20", 
            "heRef": "תוספות על גיטין ל״ח ב:כ׳", 
            "next": "Tosafot on Gittin 38b:24"
        }, 
        "Tosafot on Gittin 38b:23": {
            "content": [], 
            "heTitle": "תוספות על גיטין ל״ח ב:כ״ג", 
            "indexTitle": "Tosafot on Gittin", 
            "sectionRef": "Tosafot on Gittin 38b:23", 
            "prev": "Tosafot on Gittin 38a:54", 
            "ref": "Tosafot on Gittin 38b:23", 
            "heRef": "תוספות על גיטין ל״ח ב:כ״ג", 
            "next": "Tosafot on Gittin 38b:24"
        }, 
        "Tosafot on Gittin 38b:22": {
            "content": [], 
            "heTitle": "תוספות על גיטין ל״ח ב:כ״ב", 
            "indexTitle": "Tosafot on Gittin", 
            "sectionRef": "Tosafot on Gittin 38b:22", 
            "prev": "Tosafot on Gittin 38a:54", 
            "ref": "Tosafot on Gittin 38b:22", 
            "heRef": "תוספות על גיטין ל״ח ב:כ״ב", 
            "next": "Tosafot on Gittin 38b:24"
        }, 
        "Tosafot on Gittin 38b:25": {
            "content": [], 
            "heTitle": "תוספות על גיטין ל״ח ב:כ״ה", 
            "indexTitle": "Tosafot on Gittin", 
            "sectionRef": "Tosafot on Gittin 38b:25", 
            "prev": "Tosafot on Gittin 38b:24", 
            "ref": "Tosafot on Gittin 38b:25", 
            "heRef": "תוספות על גיטין ל״ח ב:כ״ה", 
            "next": "Tosafot on Gittin 38b:34"
        }, 
        "Tosafot on Gittin 38b:24": {
            "content": [
                {
                    "segmentNumber": "1", 
                    "links": [
                        {
                            "category": "Talmud", 
                            "index_title": "Gittin", 
                            "sourceHeRef": "גיטין ל״ח ב:כ״ד", 
                            "sourceRef": "Gittin 38b:24"
                        }, 
                        {
                            "category": "Talmud", 
                            "index_title": "Menachot", 
                            "sourceHeRef": "מנחות ק״א א", 
                            "sourceRef": "Menachot 101a"
                        }, 
                        {
                            "category": "Commentary", 
                            "index_title": "Maharam Shif on Gittin", 
                            "sourceHeRef": "מהר\"ם שיף על גיטין ל״ח ב:ד׳", 
                            "sourceRef": "Maharam Shif on Gittin 38b:4"
                        }, 
                        {
                            "category": "Commentary", 
                            "index_title": "Maharam Shif on Gittin", 
                            "sourceHeRef": "מהר\"ם שיף על גיטין ל״ח ב:ה׳", 
                            "sourceRef": "Maharam Shif on Gittin 38b:5"
                        }, 
                        {
                            "category": "Commentary", 
                            "index_title": "Maharam Shif on Gittin", 
                            "sourceHeRef": "מהר\"ם שיף על גיטין ל״ח ב:ו׳", 
                            "sourceRef": "Maharam Shif on Gittin 38b:6"
                        }
                    ], 
                    "he": "גופיה לא קדיש - פי' בקונט' שאינו ראוי למזבח ולא לבד\"ה לדמי לא קאמר דהיה לו לומר דמי עבדי עלי ולא דמי למקדיש בהמה טמאה דהתם כיון דליכא למימר למיהוי עם קדוש קאמר ע\"כ לדמי קאמר אע\"ג דלא אמר דמיה עלי הרי היא קדושה לימכר קאמר אבל הכא דשייכא בגופיה לשון קדושה לא אמרינן דלדמי קאמר ואם תאמר ואמאי לא קאמר נמי קדוש לימכר לא קאמר כיון דמילתא אחריתא היא וי\"ל כדפירש בקונטרס בסמוך דאפי' אמר כן בהדיא שיהא קדוש לימכר יצא לחירות מידי דהוה אמתפיס תמימים לבדק הבית דאין יוצאין מידי מזבח לעולם ולהכי לא מוקי ההיא דאין הגזברין כגון דאמר שיהו קדושין לדמיהן ומיהו קשה דאי מדמינן למתפיס תמימים נימא דאף על פי שהעבד יצא לחירות צריך לפדייה ויפלו דמיו לבדק הבית כמו במתפיס תמימים שתימכר לצורכי מזבח כדאמרי' בהמנחות והנסכים (מנחות קא.) כשהן נפדין אין נפדין אלא למזבח והדמים הם לבדק הבית כדאמר בפרק קמא דתמורה (דף ו.) דאף על פי שהוא בלא תעשה מה שעשה עשוי ולכאורה משמע דליהוי עם קדוש קאמר ואינו נותן שום דמים להקדש ועוד מאי קפריך מאך כל חרם דהתם דאמר בלשון חרם לא שייך לומר דלמיהוי עם קדוש קאמר ועוד כי משני דאמר לדמי והיינו לפירוש הקונטרס דאמר דמי עבדי ושפחתי עלי דאם הקדישם לדמים יצאו לחירות ואם כן מאי איריא עבדיו ושפחותיו אפילו דחברו נמי ועוד מאי שנא כנענים אפילו עבדיו ושפחותיו העברים נמי ונראה לפרש גופיה לא קדיש פי' ליאסר בהנאה כמו בהמה טמאה שמועלין בה וכן בקרקע אם עקר ממנו חוליא ואפילו במחובר איסורא מיהא איכא לדמי לא קאמר שיהא גופיה קדוש לימכר והשתא פריך שפיר מכל חרם דמיתפסא בהון קדושה ליאסר בהנאה כמו מחרים שאר נכסים ומשני דאמר לדמי שיהיו לימכר ולא מיירי במקדיש בלשון חרם והשתא ניחא דדוקא עבדיו ושפחותיו הכנענים ופריך אידך נמי דאמר לדמי ומשני אי הכי גזברין מאי עבידתייהו דאותו שהקדישו לדמיו הוא יפדנו ויהיה שלו:"
                }
            ], 
            "heTitle": "תוספות על גיטין ל״ח ב:כ״ד", 
            "indexTitle": "Tosafot on Gittin", 
            "sectionRef": "Tosafot on Gittin 38b:24", 
            "prev": "Tosafot on Gittin 38a:54", 
            "ref": "Tosafot on Gittin 38b:24", 
            "heRef": "תוספות על גיטין ל״ח ב:כ״ד", 
            "next": "Tosafot on Gittin 38b:34"
        }, 
        "Tosafot on Gittin 38b:27": {
            "content": [], 
            "heTitle": "תוספות על גיטין ל״ח ב:כ״ז", 
            "indexTitle": "Tosafot on Gittin", 
            "sectionRef": "Tosafot on Gittin 38b:27", 
            "prev": "Tosafot on Gittin 38b:24", 
            "ref": "Tosafot on Gittin 38b:27", 
            "heRef": "תוספות על גיטין ל״ח ב:כ״ז", 
            "next": "Tosafot on Gittin 38b:34"
        }, 
        "Tosafot on Gittin 38b:26": {
            "content": [], 
            "heTitle": "תוספות על גיטין ל״ח ב:כ״ו", 
            "indexTitle": "Tosafot on Gittin", 
            "sectionRef": "Tosafot on Gittin 38b:26", 
            "prev": "Tosafot on Gittin 38b:24", 
            "ref": "Tosafot on Gittin 38b:26", 
            "heRef": "תוספות על גיטין ל״ח ב:כ״ו", 
            "next": "Tosafot on Gittin 38b:34"
        }, 
        "Tosafot on Gittin 38b:32": {
            "content": [], 
            "heTitle": "תוספות על גיטין ל״ח ב:ל״ב", 
            "indexTitle": "Tosafot on Gittin", 
            "sectionRef": "Tosafot on Gittin 38b:32", 
            "prev": "Tosafot on Gittin 38b:24", 
            "ref": "Tosafot on Gittin 38b:32", 
            "heRef": "תוספות על גיטין ל״ח ב:ל״ב", 
            "next": "Tosafot on Gittin 38b:34"
        }, 
        "Tosafot on Gittin 38b:33": {
            "content": [], 
            "heTitle": "תוספות על גיטין ל״ח ב:ל״ג", 
            "indexTitle": "Tosafot on Gittin", 
            "sectionRef": "Tosafot on Gittin 38b:33", 
            "prev": "Tosafot on Gittin 38b:24", 
            "ref": "Tosafot on Gittin 38b:33", 
            "heRef": "תוספות על גיטין ל״ח ב:ל״ג", 
            "next": "Tosafot on Gittin 38b:34"
        }
    }, 
    "ref": "Tosafot on Gittin 38b"
}