{
    "heTitleVariants": [
        "תוספות על גיטין"
    ], 
    "heTitle": "תוספות על גיטין ז׳ ב", 
    "content": [
        {
            "segmentNumber": "1", 
            "he": [], 
            "links": [], 
            "text": ""
        }, 
        {
            "segmentNumber": "2", 
            "he": [], 
            "links": [], 
            "text": ""
        }, 
        {
            "segmentNumber": "3", 
            "he": [], 
            "links": [], 
            "text": ""
        }, 
        {
            "segmentNumber": "4", 
            "he": [], 
            "links": [], 
            "text": ""
        }, 
        {
            "segmentNumber": "5", 
            "he": [], 
            "links": [], 
            "text": ""
        }, 
        {
            "segmentNumber": "6", 
            "he": [], 
            "links": [], 
            "text": ""
        }, 
        {
            "segmentNumber": "7", 
            "he": [
                "הכי גרסי' בתוספתא מימינו למזרח הדרך - ולא גרסי' וימינו דכיון שהולך מעכו לכזיב לעולם ימינו הוי למזרח הדרך ומיהו י\"ל דפעמים הדרך מתעקם ואין ימינו למזרח:"
            ], 
            "links": [
                {
                    "category": "Talmud", 
                    "sourceHeRef": "גיטין ז׳ ב:ז׳", 
                    "sourceRef": "Gittin 7b:7", 
                    "ref": "Gittin 7b:7"
                }
            ], 
            "text": ""
        }, 
        {
            "segmentNumber": "8", 
            "he": [], 
            "links": [], 
            "text": ""
        }, 
        {
            "segmentNumber": "9", 
            "he": [], 
            "links": [], 
            "text": ""
        }, 
        {
            "segmentNumber": "10", 
            "he": [], 
            "links": [], 
            "text": ""
        }, 
        {
            "segmentNumber": "11", 
            "he": [], 
            "links": [], 
            "text": ""
        }, 
        {
            "segmentNumber": "12", 
            "he": [], 
            "links": [], 
            "text": ""
        }, 
        {
            "segmentNumber": "13", 
            "he": [
                "ויהיב תנא סימנא הכי - פי' בקונטרס ומי חשיבא חדא רצועה לאתנוחי בה סימנא וקשה וכי אין לתנא לציין גבולי ארץ ישראל ועוד מאי ראיה מייתי מרב פפא דאמר למזרחה של מסילה התם יהיב קרא סימנא לשילה אנה היא על ידי מסילה ומפרש רבינו שמואל דלאו אשינויא פריך אלא אברייתא דקתני למזרח הדרך ולמערב הדרך וכי דבר מועט כמו דרך שייך למימר בו מזרחו או מערבו דהוה ליה למימר מימינו למזרח סתם ומייתי מדרב פפא דאמר למזרחה של מסילה דמזכיר מזרח אמסילה:"
            ], 
            "links": [
                {
                    "category": "Talmud", 
                    "sourceHeRef": "גיטין ז׳ ב:י״ג", 
                    "sourceRef": "Gittin 7b:13", 
                    "ref": "Gittin 7b:13"
                }
            ], 
            "text": ""
        }, 
        {
            "segmentNumber": "14", 
            "he": [], 
            "links": [], 
            "text": ""
        }, 
        {
            "segmentNumber": "15", 
            "he": [], 
            "links": [], 
            "text": ""
        }, 
        {
            "segmentNumber": "16", 
            "he": [], 
            "links": [], 
            "text": ""
        }, 
        {
            "segmentNumber": "17", 
            "he": [], 
            "links": [], 
            "text": ""
        }, 
        {
            "segmentNumber": "18", 
            "he": [], 
            "links": [], 
            "text": ""
        }, 
        {
            "segmentNumber": "19", 
            "he": [], 
            "links": [], 
            "text": ""
        }, 
        {
            "segmentNumber": "20", 
            "he": [
                "הא רבי יהודה הא רבנן - אע\"ג דקרקעית המים הויא כארץ ישראל גרע הכא ממובלעת דלעיל ואם תאמר ומה ענין גט אצל מעשר אטו המביא גט בעלייה בארץ ישראל יחשב כמביא בחוצה לארץ משום דעפר הבא שם מחוצה לארץ פטור ממעשר ואומר ר\"י דלא דמי דעלייה קרקע שתחתיה בר זריעה היא וראוי להתחייב במעשר ושביעית מה שאין כן בספינה:"
            ], 
            "links": [
                {
                    "category": "Talmud", 
                    "sourceHeRef": "גיטין ז׳ ב:כ׳", 
                    "sourceRef": "Gittin 7b:20", 
                    "ref": "Gittin 7b:20"
                }
            ], 
            "text": ""
        }, 
        {
            "segmentNumber": "21", 
            "he": [], 
            "links": [], 
            "text": ""
        }, 
        {
            "segmentNumber": "22", 
            "he": [], 
            "links": [], 
            "text": ""
        }, 
        {
            "segmentNumber": "23", 
            "he": [
                "אמר ר' יהודה אימתי - משמע דאימתי דר' יהודה בא לחלוק ואם תאמר בפרק חלון (עירובין דף פא:) ובזה בורר (סנהדרין דף כד:) אמר ר' יהושע בן לוי כל מקום שאמר ר' יהודה אימתי ובמה אינו אלא לפרש ור' יוחנן אמר אימתי לפרש ובמה לחלוק אלמא לכ\"ע אימתי לפרש וי\"ל דר' ירמיה דהכא סבר כרמי בר חמא דאית ליה בפרק זה בורר (שם דף כה.) דאפי' אימתי לחלוק ולפי זה לא גרסי' בשמעתין אמר ר' יוחנן עציץ נקוב המונח על גבי יתדות באנו למחלוקת ר\"י ורבנן כמו שכתוב במקצת ספרים דר' יוחנן אית ליה אימתי לפרש אלא אמר רב הונא ואית דגרסי ר' זירא כדאיתא ברוב ספרים ועוד י\"ל דנראה כספרים דגרסי בס\"פ חלון (עירובין ד' פא:) כל מקום שאמר רבי יהודה במשנתנו אימתי ובמה כו' דדוקא במשנה אימתי לפרש אבל בברייתא לא ותרי תנאי אליבא דר' יהודה והכא ברייתא היא דהא במשנה במסכת חלה (פ\"ב מ\"ב) לא מסיים בה אבל אין הספינה גוששת פטורה כדמסיים הכא ונהי דבמתני' דחלה בא לפרש בברייתא בא לחלוק אבל קשה דבפ' חלון ובפרק זה בורר פריך מכח ברייתא דקתני וחכ\"א ומוכח מברייתא דבמתני' נמי אתא לחלוק וי\"ל דהוה מצי לשנויי ההוא תנא אחרינא הוא דבמתני' לעולם בא לפרש אלא משום דמשכח תנא בהדיא קא משני ההיא ר' יהודה משום ר' טרפון היא דתניא כו' וכן צ\"ל דדוקא במשנה אימתי לפרש דבפ' כסוי הדם (חולין דף פח.) תניא וכסהו מלמד שכל דמו חייב לכסות מכאן אמרו דם הניתז כו' אמר ר' יהודה אימתי בזמן שאין שם דם אלא הוא וטעמא דר' יהודה מפרש התם דקסבר דמו מקצת דמו וע\"כ דפליג את\"ק דבהדיא קתני תנא קמא כל דמו ופוסק התם ר\"ת כר' יהודה דבמתניתין דהתם בא לפרש ומיהו שמא רבנן דברייתא עיקר והוי ר' יהודה דמתניתין יחיד במקום רבים דברייתא וכהאי גוונא איכא בפרק קמא דסוכה (דף יד):"
            ], 
            "links": [
                {
                    "category": "Talmud", 
                    "sourceHeRef": "גיטין ז׳ ב:כ״ג", 
                    "sourceRef": "Gittin 7b:23", 
                    "ref": "Gittin 7b:23"
                }, 
                {
                    "category": "Talmud", 
                    "sourceHeRef": "עירובין פ״א ב", 
                    "sourceRef": "Eruvin 81b", 
                    "ref": "Eruvin 81b"
                }, 
                {
                    "category": "Talmud", 
                    "sourceHeRef": "סנהדרין כ״ד ב", 
                    "sourceRef": "Sanhedrin 24b", 
                    "ref": "Sanhedrin 24b"
                }, 
                {
                    "category": "Talmud", 
                    "sourceHeRef": "חולין פ״ח א", 
                    "sourceRef": "Chullin 88a", 
                    "ref": "Chullin 88a"
                }
            ], 
            "text": ""
        }, 
        {
            "segmentNumber": "24", 
            "he": [], 
            "links": [], 
            "text": ""
        }, 
        {
            "segmentNumber": "25", 
            "he": [], 
            "links": [], 
            "text": ""
        }, 
        {
            "segmentNumber": "26", 
            "he": [], 
            "links": [], 
            "text": ""
        }, 
        {
            "segmentNumber": "27", 
            "he": [], 
            "links": [], 
            "text": ""
        }, 
        {
            "segmentNumber": "28", 
            "he": [], 
            "links": [], 
            "text": ""
        }, 
        {
            "segmentNumber": "29", 
            "he": [], 
            "links": [], 
            "text": ""
        }, 
        {
            "segmentNumber": "30", 
            "he": [
                "עציץ נקוב - פירש בקונטרס דספינה דלעיל של חרס ואינה צריכה לינקב אם היתה מונחת בקרקע כדאמרי' במנחות אבל עציץ של עץ בעי נקיבה ונראה דראייתו מסוף פרק כל הקרבנות (מנחות דף פד:) דאמר תנא חדא שבגג ושבחורבה שבספינה ושבעציץ מביא וקורא ותניא אידך מביא ואינו קורא ומשני עציץ אעציץ לא קשיא כאן בנקוב כאן בשאינו נקוב ספינה אספינה נמי לא קשיא כאן בשל עץ וכאן בשל חרס ומדלא משני בספינה כאן בנקובה כו' מכלל דשל חרס אפי' אינה נקובה הויא כנקובה ואתא לאשמועינן חדוש אחר בספינה שאינו בעציץ וקשה לפירושו דאמר לקמן בפ\"ב (דף כא:) כתבו על חרס של עציץ נקוב כשר משמע דחרס בעי נקיבה דאי לאו הכי מאי רבותא הוא בנקוב טפי מבשאינו נקוב ומשמע נמי דעציץ של חרס הוא ורבינו שמואל ב\"מ הביא מתוספתא דשביעית דתניא הטומן את הלוף בשביעית ר\"מ אומר דרך ארץ טומנו בעציץ שלא יצמח ואע\"פ שאין ראיה לדבר זכר לדבר ונתתם בכלי חרס וגו' אלמא סתם עציץ של חרס הוא ונראה לר\"ת להפך דשל חרס בעי נקיבה ושל עץ לא בעי נקיבה שהוא מתלחלח יותר מן החרס ואתי שפיר דסתם ספינה היא של עץ ובמנחות (דף פד:) נמי מוכח דקאמר כאן בשל עץ כאן בשל חרס שמזכיר תחילה אותו שמביא וקורא כמו שמזכיר כי משני התם אגג וחורבה ועציץ והכא לא מצי לשנויי כאן בשל חרס כאן בשל עץ א\"נ כאן בנקובה כאן בשאינה נקובה כדמשני התם דנהי דהיכא דאינה גוששת לר' יהודה מדהויא חו\"ל לענין מעשר חשיבא נמי חו\"ל לענין גט היינו משום כיון דשם חו\"ל על המקום צ\"ל בפני נכתב ואע\"ג דשכיחי וגמירי כדי שלא תחלוק במדינת הים אבל בגוששת לר' יהודה ולרבנן אפי' בשאינה גוששת כיון דשם א\"י על המקום אע\"פ שמחמת הכלי אינו חייב במעשר בשביל כך לא יחשב כחוצה לארץ לענין גט:"
            ], 
            "links": [
                {
                    "category": "Talmud", 
                    "sourceHeRef": "גיטין ז׳ ב:ל׳", 
                    "sourceRef": "Gittin 7b:30", 
                    "ref": "Gittin 7b:30"
                }, 
                {
                    "category": "Talmud", 
                    "sourceHeRef": "מנחות פ״ד ב", 
                    "sourceRef": "Menachot 84b", 
                    "ref": "Menachot 84b"
                }
            ], 
            "text": ""
        }, 
        {
            "segmentNumber": "31", 
            "he": [], 
            "links": [], 
            "text": ""
        }, 
        {
            "segmentNumber": "32", 
            "he": [
                "דילמא לא היא עד כאן לא קאמר רבי יהודה - כן הוא האמת דעציץ כמחובר דבפ' השולח (לקמן דף לז.) אמרי' אין כותבין פרוזבול אלא על עציץ נקוב ומוקי לה דמנחא אסיכי והא דקאמר הכא עד כאן לא קאמרי רבנן אלא בספינה משמע דבעציץ לכ\"ע לא הוי כמחובר דיחויא בעלמא הוא והא דאמר בשבת בפרק המוציא יין (דף פא:) האי פרפיסא דמנחא אארעא ואנחה אסיכי חייב משום תולש היינו מדרבנן כדפי' התם בקונטרס:"
            ], 
            "links": [
                {
                    "category": "Talmud", 
                    "sourceHeRef": "גיטין ז׳ ב:ל״ב", 
                    "sourceRef": "Gittin 7b:32", 
                    "ref": "Gittin 7b:32"
                }
            ], 
            "text": ""
        }
    ], 
    "commentaryBook": "Gittin", 
    "heRef": "תוספות על גיטין ז׳ ב", 
    "toSections": [
        "7b"
    ], 
    "sectionRef": "Tosafot on Gittin 7b", 
    "title": "Tosafot on Gittin 7b", 
    "lengths": [
        178, 
        8860
    ], 
    "next": "Tosafot on Gittin 8a:7", 
    "heBook": "תוספות על גיטין", 
    "book": "Tosafot on Gittin", 
    "prev": "Tosafot on Gittin 7a:50", 
    "textDepth": 3, 
    "sectionNames": [
        "Daf", 
        "Line", 
        "Comment"
    ], 
    "sections": [
        "7b"
    ], 
    "commentator": "Tosafot", 
    "isComplex": false, 
    "commentaryCategories": [
        "Talmud", 
        "Bavli", 
        "Seder Nashim"
    ], 
    "titleVariants": [
        "Tosafot on Talmud Gittin", 
        "Tosafot on Masekhet Gittin", 
        "Tosafot on Gittin", 
        "Tosafot on Tractate Gittin"
    ], 
    "categories": [
        "Commentary", 
        "Talmud", 
        "Tosafot"
    ], 
    "ref": "Tosafot on Gittin 7b", 
    "type": "Commentary", 
    "addressTypes": [
        "Talmud", 
        "Integer", 
        "Integer"
    ], 
    "heCommentator": "תוספות", 
    "length": 178, 
    "indexTitle": "Tosafot on Gittin", 
    "heIndexTitle": "תוספות על גיטין", 
    "alts": [], 
    "order": [
        18, 
        6
    ]
}