[{
    "links": [], 
    "text": [], 
    "heTitleVariants": [
        " חידושי אגדות על מסכת שבת"
    ], 
    "heTitle": " חידושי אגדות על מסכת שבת י״ז א", 
    "heRef": " חידושי אגדות על מסכת שבת י״ז א", 
    "toSections": [
        "17a"
    ], 
    "sectionRef": "Chidushei Agadot on Shabbat 17a", 
    "title": "Chidushei Agadot on Shabbat 17a", 
    "next": "Chidushei Agadot on Shabbat 21b", 
    "heBook": " חידושי אגדות על מסכת שבת", 
    "book": "Chidushei Agadot on Shabbat", 
    "prev": "Chidushei Agadot on Shabbat 15a", 
    "textDepth": 2, 
    "sectionNames": [
        "Daf", 
        "Peirush"
    ], 
    "sections": [
        "17a"
    ], 
    "isComplex": false, 
    "titleVariants": [
        "Chidushei Agadot on Shabbat"
    ], 
    "categories": [
        "Commentary2", 
        "Talmud", 
        "Chidushei Agadot"
    ], 
    "he": [], 
    "ref": "Chidushei Agadot on Shabbat 17a", 
    "type": "Commentary2", 
    "addressTypes": [
        "Talmud", 
        "Integer"
    ], 
    "indexTitle": "Chidushei Agadot on Shabbat", 
    "heIndexTitle": " חידושי אגדות על מסכת שבת", 
    "alts": [], 
    "order": ""
}]