{
    "pubDate": "1574-1575", 
    "title": "Kessef Mishneh on Mishneh Torah, Rebels", 
    "pubPlace": "Venice", 
    "compPlace": "Nikopol", 
    "heTitleVariants": [
        "כסף משנה על משנה תורה, הלכות ממרים"
    ], 
    "depth": 3, 
    "heTitle": "כסף משנה על משנה תורה, הלכות ממרים", 
    "era": "AH", 
    "authors": [
        "Joseph Karo"
    ], 
    "titleVariants": [
        "Kessef Mishneh on Mishneh Torah, Rebels"
    ], 
    "sectionNames": [
        "Chapter", 
        "Halacha", 
        "Comment"
    ], 
    "categories": [
        "Halakhah", 
        "Commentary", 
        "Mishneh Torah", 
        "Sefer Shoftim"
    ], 
    "schema": {
        "nodeType": "JaggedArrayNode", 
        "title": "Kessef Mishneh on Mishneh Torah, Rebels", 
        "addressTypes": [
            "Integer", 
            "Integer", 
            "Integer"
        ], 
        "heTitle": "כסף משנה על משנה תורה, הלכות ממרים", 
        "content_counts": [
            [
                1, 
                0, 
                0, 
                1, 
                2
            ], 
            [
                2, 
                3, 
                2, 
                2, 
                1, 
                1, 
                1, 
                1, 
                3
            ], 
            [
                1, 
                1, 
                1, 
                5, 
                0, 
                0, 
                8, 
                7
            ], 
            [
                2, 
                2, 
                2
            ], 
            [
                5, 
                2, 
                1, 
                1, 
                3, 
                1, 
                3, 
                1, 
                3, 
                1, 
                2, 
                3, 
                0, 
                1, 
                3
            ], 
            [
                1, 
                1, 
                7, 
                2, 
                1, 
                1, 
                2, 
                2, 
                1, 
                2, 
                3, 
                2, 
                2, 
                1, 
                1
            ], 
            [
                2, 
                8, 
                1, 
                1, 
                1, 
                2, 
                3, 
                1, 
                1, 
                1, 
                1, 
                1, 
                2, 
                1
            ]
        ], 
        "depth": 3, 
        "titles": [
            {
                "lang": "he", 
                "text": "כסף משנה על משנה תורה, הלכות ממרים", 
                "primary": true
            }, 
            {
                "lang": "en", 
                "text": "Kessef Mishneh on Mishneh Torah, Rebels", 
                "primary": true
            }
        ], 
        "key": "Kessef Mishneh on Mishneh Torah, Rebels", 
        "heSectionNames": [
            "פרק", 
            "הלכה", 
            "פירוש"
        ], 
        "sectionNames": [
            "Chapter", 
            "Halacha", 
            "Comment"
        ]
    }
}