[{
    "links": [
        [
            "11:1:1", 
            "Hosea 11:1", 
            "Tanach"
        ], 
        [
            "11:2:1", 
            "Hosea 11:2", 
            "Tanach"
        ], 
        [
            "11:3:1", 
            "Hosea 11:3", 
            "Tanach"
        ], 
        [
            "11:4:1", 
            "Hosea 11:4", 
            "Tanach"
        ], 
        [
            "11:5:1", 
            "Hosea 11:5", 
            "Tanach"
        ], 
        [
            "11:6:1", 
            "Hosea 11:6", 
            "Tanach"
        ], 
        [
            "11:7:1", 
            "Hosea 11:7", 
            "Tanach"
        ], 
        [
            "11:8:1", 
            "Hosea 11:8", 
            "Tanach"
        ], 
        [
            "11:9:1", 
            "Hosea 11:9", 
            "Tanach"
        ], 
        [
            "11:10:1", 
            "Hosea 11:10", 
            "Tanach"
        ], 
        [
            "11:5:1", 
            "Exodus 14", 
            "Tanach"
        ], 
        [
            "11:9:1", 
            "Leviticus 26", 
            "Tanach"
        ], 
        [
            "11:2:2", 
            "Hosea 11:2", 
            "Tanach"
        ], 
        [
            "11:3:2", 
            "Hosea 11:3", 
            "Tanach"
        ], 
        [
            "11:4:2", 
            "Hosea 11:4", 
            "Tanach"
        ], 
        [
            "11:6:2", 
            "Hosea 11:6", 
            "Tanach"
        ], 
        [
            "11:7:2", 
            "Hosea 11:7", 
            "Tanach"
        ], 
        [
            "11:8:2", 
            "Hosea 11:8", 
            "Tanach"
        ], 
        [
            "11:9:2", 
            "Hosea 11:9", 
            "Tanach"
        ], 
        [
            "11:10:2", 
            "Hosea 11:10", 
            "Tanach"
        ], 
        [
            "11:2:2", 
            "Exodus 1", 
            "Tanach"
        ], 
        [
            "11:3:2", 
            "Numbers 11", 
            "Tanach"
        ], 
        [
            "11:8:2", 
            "Lamentations 5", 
            "Tanach"
        ], 
        [
            "11:3:3", 
            "Hosea 11:3", 
            "Tanach"
        ], 
        [
            "11:4:3", 
            "Hosea 11:4", 
            "Tanach"
        ], 
        [
            "11:6:3", 
            "Hosea 11:6", 
            "Tanach"
        ], 
        [
            "11:7:3", 
            "Hosea 11:7", 
            "Tanach"
        ], 
        [
            "11:9:3", 
            "Hosea 11:9", 
            "Tanach"
        ], 
        [
            "11:6:3", 
            "Exodus 30", 
            "Tanach"
        ], 
        [
            "11:9:3", 
            "I Samuel 25", 
            "Tanach"
        ], 
        [
            "11:3:4", 
            "Hosea 11:3", 
            "Tanach"
        ], 
        [
            "11:4:4", 
            "Hosea 11:4", 
            "Tanach"
        ], 
        [
            "11:3:4", 
            "Genesis 48", 
            "Tanach"
        ]
    ], 
    "text": [], 
    "heTitleVariants": [
        "רש\"י על הושע"
    ], 
    "heTitle": "רש\"י על הושע", 
    "commentaryBook": "Hosea", 
    "heRef": "רש\"י על הושע י״א", 
    "toSections": [
        11
    ], 
    "sectionRef": "Rashi on Hosea 11", 
    "title": "Rashi on Hosea 11", 
    "lengths": [
        14, 
        197
    ], 
    "next": "Rashi on Hosea 12:1", 
    "book": "Rashi on Hosea", 
    "prev": "Rashi on Hosea 10:15", 
    "textDepth": 3, 
    "sectionNames": [
        "Chapter", 
        "Verse", 
        "Comment"
    ], 
    "sections": [
        11
    ], 
    "commentator": "Rashi", 
    "isComplex": false, 
    "commentaryCategories": [
        "Tanach", 
        "Prophets"
    ], 
    "titleVariants": [
        "Rashi on Hos", 
        "Rashi on Hosea", 
        "Rashi on Hoshea", 
        "Rashi on Hos."
    ], 
    "categories": [
        "Commentary", 
        "Tanach", 
        "Rashi"
    ], 
    "he": [
        [
            "<b>וממצרים קראתי לבני .</b> ע\"י נביאי להדבק בתורתי והם מה עשו :\n"
        ], 
        [
            "<b>קראו להם כן הלכו מפניהם .</b> כל מה שהנביאים קוראים להם ללמדם דרך הטובה כן הם הפכו עורף לברוח מפניהם : ", 
            "<b>לבעלים יזבחו .</b> דרך המקרא לדבר כן כמו כרובם כן חטאו לי ( לעיל ד ) וכאשר יענו אותו כן ירבה ( שמות א ) :\n"
        ], 
        [
            "<b>ואנכי תרגלתי לאפרים קחם וגו' .</b> שלחתי לפניהם מנהיג המרגילם בנחת : ", 
            "<b>קחם על זרועותיו .</b> זה משה שנאמר בו ( במדבר יא ) כאשר ישא האומן את היונק : ", 
            "<b>תרגלתי .</b> כמו הרגלתי ואין לו דמיון : ", 
            "<b>ולא ידעו כי רפאתים .</b> יודעין היו אלא שדשו בעקב עשו עצמם כלא יודעים ואגדה במדרש רבי תנחומא דרשו כלפי בני יוסף כשהביאם לפני יעקב לברכם ראה יעקב רשעים עתידים לצאת מאפרים ירבע' ואחאב ונסתלקה ממנו רוה\"ק ויאמר מי אלה ( בראשית מח ) בקש יוסף רחמים ושרתה רוח הקודש על יעקב וברכם זהו ואנכי תרגלתי רוחי על יעקב לצורך אפרים ולקחם על זרועותיו :\n"
        ], 
        [
            "<b>בחבלי אדם .</b> הייתי מושכם תמיד בחבלים רכים אשר ימשוך בהם אדם את בנו כלומר במשיכת רחמים וכן תרגום יונתן : ", 
            "<b>ואהיה להם כמרימי עול על לחיהם .</b> כאיכרים הטובים המרימי' עול בידיהם ע\"י לווחים להקל מעל הפרה החורשת כן הייתי עמם בכל צרה להקל מעליהן ( ל\"א סא\"א ) כמרימי עול על לחיהם כאכרים המרימים עול מעל צואר השור ע\"י שמאריכין את הכלונס שהעול נתן בראשו להקל מעל הפרה החורשת כן הייתי עמם בכל צרה להקל מעליה' כן תרגם יונתן כאיכר' טבא ומוריך בלחיאתהון : ", 
            "<b>ועל לחיהם .</b> ל' לחי של מבוי : ", 
            "<b>ואט אליו אוכיל .</b> הטיתי לו כח להכיל עול היסורין ויונתן תרגם על שם שסיפק להם מזונות במדבר :\n"
        ], 
        [
            "<b>לא ישוב אל ארץ מצרים .</b> הבטחתיו לא תוסיפו לראותם עוד וגו' ( שמות יד ) ומה הועיל הרי על כרחו אשור הוא מלכו הרי חטאו וגרמו להם להיות עבדים לאשור על כי מאנו לשוב :\n"
        ], 
        [
            "<b>וחלה חרב .</b> ותנוח חרב בעריו : ", 
            "<b>וכלתה בדיו ואכלה .</b> וכלתה גבוריו ותאכלם : ", 
            "<b>ממועצותיהם .</b> נקוד שני טעמים בו הטיפחא בו הסילוק לפי שהוא דיבור בפני עצמו וכן להחלו דלא יטמא בעל בעמיו ( ויקר' כא ) וכן לדורותיכם דשמן משחת קודש ( שמות ל ) :\n"
        ], 
        [
            "<b>ועמי תלואים למשובתי .</b> כשהנביאיט מלמדים אותם לשוב אלי תלואים הם אם לשוב אם לא לשוב בקושי ישובון אלי : ", 
            "<b>ואל על יקראוהו יחד לא ירומם .</b> ואל הדבר אשר עליו יקראוהו הנביאים יחד לא ירוממוהו עמי ולא יאות לעשותו ויש מפרש ואל על יקראוהו פגעים קשים יפגעום ואל כמו יש לאל ידי ( ראשית לא ) ואין זאת שהרי נקוד בפתח ואם היה ואל שם דבר היה נקוד בצירי ויונתן תרגם במרעא קשיא יתערעון עשה אל ( סא\"א על ) לשון קשה ולי נראה שפרשתי כהוגן : ", 
            "<b>יחד לא ירומם .</b> כחדא לא יהכון בקומא זקופא :\n"
        ], 
        [
            "<b>אמגנך .</b> אמסרך ביד אויביך כמו אשר מגן צריך ( שם יד ) : ", 
            "<b>נכמרו .</b> נתחממו לשון ארמי וכן עורנו כתנור נכמרו ( איכה ה ) :\n"
        ], 
        [
            "<b>לא אשוב .</b> מדברי הטוב אשר אמרתי ( ויקרא כו ) לא מאסתים ולא געלתים להיות משחית את אפרים : ", 
            "<b>כי אל אנכי .</b> המקיים דבר טובתי ואין מדתי להנחם על הטוב : ", 
            "<b>בקרבך קדוש ולא אבוא בעיר .</b> אחרת כבר הבטחתי להשרות שכינתי בקרבך בירושלים ולא אשרה אותה עוד על עיר אחרת ויש מפרש בעיר ל' שנאה כמו ( שמואל א כה ) ויהי ערך :\n"
        ], 
        [
            "<b>כאריה ישאג .</b> עוד ישאג להם כאריה שיצאו מן הגליות וילכו אחריו : ", 
            "<b>ויחרדו בנים מים .</b> ויתכנשון גלוותא ממערב' :\n\n"
        ]
    ], 
    "ref": "Rashi on Hosea 11", 
    "type": "Commentary", 
    "addressTypes": [
        "Integer", 
        "Integer", 
        "Integer"
    ], 
    "heCommentator": "רש\"י", 
    "length": 14, 
    "indexTitle": "Rashi on Hosea", 
    "heIndexTitle": "רש\"י על הושע", 
    "alts": [], 
    "order": [
        15, 
        10
    ]
}]