{
    "heTitleVariants": [
        "שולחן ערוך חושן משפט", 
        "חושן משפט"
    ], 
    "heTitle": "חושן משפט", 
    "heRef": "חושן משפט רפ״ה", 
    "toSections": [
        285
    ], 
    "sectionRef": "Shulchan Arukh, Choshen Mishpat 285", 
    "next": "Shulchan Arukh, Choshen Mishpat 286", 
    "content": [
        {
            "segmentNumber": "1", 
            "he": "שבוי שנשבה ונשמע שמת וירדו יורשיו לנחלה וחלקו אותה ביניה' אין מוציאין אותה מידם וכן הבורח מחמת סכנה אבל היוצא לדעת ששמעו בו שמת וירדו יורשיו לנכסיו וחולקים מוציאים מידם עד שיביאו ראיה שמת מורישן:", 
            "links": [
                {
                    "category": "Halakhah", 
                    "sourceHeRef": "באר היטב חשן משפט רפ״ה:א׳", 
                    "index_title": "Be'er Hetev on Shulchan Arukh, Choshen Mishpat", 
                    "sourceRef": "Be'er Hetev on Shulchan Arukh, Choshen Mishpat 285:1"
                }, 
                {
                    "category": "Halakhah", 
                    "sourceHeRef": "באר היטב חשן משפט רפ״ה:ב׳", 
                    "index_title": "Be'er Hetev on Shulchan Arukh, Choshen Mishpat", 
                    "sourceRef": "Be'er Hetev on Shulchan Arukh, Choshen Mishpat 285:2"
                }
            ], 
            "text": ""
        }, 
        {
            "segmentNumber": "2", 
            "he": "שבוי שנשבה ובורח מחמת סכנת נפשות חייבים ב''ד להתעסק בנכסיהם כיצד עושין כל המטלטלים יהיו מופקדים ביד נאמן ע''פ ב''ד ומורידין לתוך הקרקעות קרובים הראויים לירש כדי לעבוד הקרקעות ולהתעסק בהם עד שיוודע שמתו או עד שיבואו: <i>הגה: היו כאן יורשין הרבה קצתן עובדי אדמה וקצתן אינן עובדי אדמה מעמידין ביד עובדי אדמה (טור בשם הרא''ש): </i>וכשיבוא השבוי והבורח שמין אלו הקרובים שהורידו מה שעשו ומה שאכלו כמנהג כל האריסים של אותה מדינה: <i>הגה: וי''א דוקא בשבח שמין לו כאריס אבל פירות נוטל הכל (טור בשם ר''י והרא''ש) ואם שמעו שמת קודם שהורידוהו ואח''כ באו אין לו בשבח כלום אלא מה שאכל אכל ומה שהוציא הוציא (שם בשם הרא''ש): </i>ולמה לא יעמידו אפוטרופוס לעולם בין במטלטלין בין בקרקעות עד שיבאו הבעלים או עד שיודע בוודאי שמתו לפי שאין בית דין חייבים להעמיד אפוטרופוס לגדולים שהם בני דעת: <i>הגה: מיהו אם היה כאן מי שרוצה להיות אפוטרופוס לתקנת השבוי מעמידין אותו ואין תקנה גדולה מזו מיהו היורש יכול למחות שלא למנות אפוטרופוס (טור בשם הרא''ש ונ''י פ' המפקיד) וי''א דאין היורש יכול למחות (המגיד פ''ז דנחלה ומרדכי פרק המפקיד) שוטה דינו כקטן ומעמידין לו אפוטרופוס (ב''י בשם הרשב''א):</i>", 
            "links": [
                {
                    "category": "Halakhah", 
                    "sourceHeRef": "באר היטב חשן משפט רפ״ה:ג׳", 
                    "index_title": "Be'er Hetev on Shulchan Arukh, Choshen Mishpat", 
                    "sourceRef": "Be'er Hetev on Shulchan Arukh, Choshen Mishpat 285:3"
                }, 
                {
                    "category": "Halakhah", 
                    "sourceHeRef": "באר היטב חשן משפט רפ״ה:ד׳", 
                    "index_title": "Be'er Hetev on Shulchan Arukh, Choshen Mishpat", 
                    "sourceRef": "Be'er Hetev on Shulchan Arukh, Choshen Mishpat 285:4"
                }, 
                {
                    "category": "Halakhah", 
                    "sourceHeRef": "באר היטב חשן משפט רפ״ה:ה׳", 
                    "index_title": "Be'er Hetev on Shulchan Arukh, Choshen Mishpat", 
                    "sourceRef": "Be'er Hetev on Shulchan Arukh, Choshen Mishpat 285:5"
                }, 
                {
                    "category": "Halakhah", 
                    "sourceHeRef": "באר היטב חשן משפט רפ״ה:ו׳", 
                    "index_title": "Be'er Hetev on Shulchan Arukh, Choshen Mishpat", 
                    "sourceRef": "Be'er Hetev on Shulchan Arukh, Choshen Mishpat 285:6"
                }, 
                {
                    "category": "Halakhah", 
                    "sourceHeRef": "באר היטב חשן משפט רפ״ה:ז׳", 
                    "index_title": "Be'er Hetev on Shulchan Arukh, Choshen Mishpat", 
                    "sourceRef": "Be'er Hetev on Shulchan Arukh, Choshen Mishpat 285:7"
                }, 
                {
                    "category": "Halakhah", 
                    "sourceHeRef": "באר היטב חשן משפט רפ״ה:ח׳", 
                    "index_title": "Be'er Hetev on Shulchan Arukh, Choshen Mishpat", 
                    "sourceRef": "Be'er Hetev on Shulchan Arukh, Choshen Mishpat 285:8"
                }
            ], 
            "text": ""
        }, 
        {
            "segmentNumber": "3", 
            "he": "נשבה השבוי וברח המסוכן והניח קמה לקצור וענבים לבצור תמרים לגדור וזיתים למסוק ב''ד יורדים לנכסיו ומעמידים להם אפוטרופוס וקוצר ובוצר וגודר ומוסק ומוכר הפירות ומניח דמיהם עם שאר המטלטלים בב''ד ואח''כ מורידין הקרוב לנכסיו שאם ירד תחלה שמא יתלוש אלו הפירות שהם כתלושים ויאכל אותם וה''ה בחצרות ופונדקאות חניות העשויות לשכר ואינם צריכים עבודה ולא טורח ואין אדם נותן אותם באריסות אין מורידין להם יורש שהרי גובה השכר ואוכל אלא כיצד עושין ב''ד מעמידין להם גבאי ויהיה השכר מונח בב''ד עד שיביא ראיה שמת או עד שיבא ויטול שלו ואין מורידין הקרוב לעולם אלא לשדות וגנות וכרמים וכיוצא בהם שיהיה בהם כאריס כדי שלא יפסדו ונמצאו בורים <i>(פי' שוממים) </i>ונשמים <i>(פי' מענין והארץ הנשמה והם שמות נרדפים): </i>", 
            "links": [
                {
                    "category": "Halakhah", 
                    "sourceHeRef": "באר היטב חשן משפט רפ״ה:ט׳", 
                    "index_title": "Be'er Hetev on Shulchan Arukh, Choshen Mishpat", 
                    "sourceRef": "Be'er Hetev on Shulchan Arukh, Choshen Mishpat 285:9"
                }, 
                {
                    "category": "Halakhah", 
                    "sourceHeRef": "באר היטב חשן משפט רפ״ה:י׳", 
                    "index_title": "Be'er Hetev on Shulchan Arukh, Choshen Mishpat", 
                    "sourceRef": "Be'er Hetev on Shulchan Arukh, Choshen Mishpat 285:10"
                }
            ], 
            "text": ""
        }, 
        {
            "segmentNumber": "4", 
            "he": "מי שיצא לדעת והניח נכסיו ואין ידוע להיכן הלך ולא מה אירע לו אין מורידין קרוב לנכסיו ואם ירד מסלקין אותו ואין ב''ד צריכים להטפל בו ולהעמיד לו אפוטרופוס לא לקרקע ולא למטלטלין שהרי לדעתו יצא והניח נכסיו וכיצד יהיה דין נכסי זה מטלטלים יעמדו ביד זה שהם תחת ידו עד שיבא זה ויתבע או עד שימות ויתבעו היורשים והקרקעות מי שהניחו שכן (בהן) אין לוקחין ממנו שכר ושדה או כרם שהיה בהן אריס ישארו כמו שהניחם עד שיבא ושדה או כרם שהניחם בורים ישארו בורים שהרי הוא ברצונו איבד ממונו ואבידה לדעת אין אנו מצווין להחזירה: <i>הגה: מיהו אם נפלו לו נכסים בכאן שלא ידע בהן דינו כנכסי שבוי (רבי' ירוחם נכ''ו ח''ב) וכן אם הלך שלא במקום סכנה וחשב לחזור ולא חזר הוי כמי שיצא שלא לדעת (ב''י בשם הרמב''ם והרא''ש ונ''י בשם הרשב''א):</i>", 
            "links": [
                {
                    "category": "Halakhah", 
                    "sourceHeRef": "באר היטב חשן משפט רפ״ה:י״א", 
                    "index_title": "Be'er Hetev on Shulchan Arukh, Choshen Mishpat", 
                    "sourceRef": "Be'er Hetev on Shulchan Arukh, Choshen Mishpat 285:11"
                }, 
                {
                    "category": "Halakhah", 
                    "sourceHeRef": "באר היטב חשן משפט רפ״ה:י״ב", 
                    "index_title": "Be'er Hetev on Shulchan Arukh, Choshen Mishpat", 
                    "sourceRef": "Be'er Hetev on Shulchan Arukh, Choshen Mishpat 285:12"
                }
            ], 
            "text": ""
        }, 
        {
            "segmentNumber": "5", 
            "he": "שמעו בו שמת הרי ב''ד מוציאין כל המטלטלי' ומניחים אותן אצל נאמן על פיהם: <i>הגה: ודוקא בתורת קרוב אין נותנין מטלטלין לידו אבל יכול להיות אפוטרופוס כמו אחר (מהר''ם פדוואה) (ועיין לקמן סי' ר''ץ ס''ב ולקמן סי' זה סעיף ח'): </i>ומורידים הקרוב לשדות ולכרמים כאריס עד שיביא ראיה ברורה שמת או עד שיבא:", 
            "links": [
                {
                    "category": "Halakhah", 
                    "sourceHeRef": "באר היטב חשן משפט רפ״ה:י״ג", 
                    "index_title": "Be'er Hetev on Shulchan Arukh, Choshen Mishpat", 
                    "sourceRef": "Be'er Hetev on Shulchan Arukh, Choshen Mishpat 285:13"
                }
            ], 
            "text": ""
        }, 
        {
            "segmentNumber": "6", 
            "he": "כשמורידין קרוב לנכסי שבוי או בורח או לנכסי היוצא לדעת ששמעו בו שמת לא יורידו קטן שמא יפסיד הנכסים ואין מורידין קרוב לנכסי קטן שמא יטעון ויאמר זה חלקי המגיע לי בירושתי ואפי' קרוב מחמת קרוב אין מורידין כיצד היו שני אחים אחד גדול ואחד קטן ונשבה הקטן או ברח אין מורידין הגדול לתוך שדהו מפני שהקטן אינו יכול למחות ושמא יחזיק זה האח ולאחר שנים יאמר זה חלקי שהגיע בירושתי ואפי' בן אחיו של זה הקטן שנשבה אין מורידין אותו לנכסיו שמא יאמר מחמת אבי ירשתי חלק זה:", 
            "links": [
                {
                    "category": "Halakhah", 
                    "sourceHeRef": "באר היטב חשן משפט רפ״ה:י״ד", 
                    "index_title": "Be'er Hetev on Shulchan Arukh, Choshen Mishpat", 
                    "sourceRef": "Be'er Hetev on Shulchan Arukh, Choshen Mishpat 285:14"
                }, 
                {
                    "category": "Halakhah", 
                    "sourceHeRef": "באר היטב חשן משפט רפ״ה:ט״ו", 
                    "index_title": "Be'er Hetev on Shulchan Arukh, Choshen Mishpat", 
                    "sourceRef": "Be'er Hetev on Shulchan Arukh, Choshen Mishpat 285:15"
                }
            ], 
            "text": ""
        }, 
        {
            "segmentNumber": "7", 
            "he": "לעולם אין מורידין קרוב לנכסי קטן אפי' קרוב מחמת אחי האם <i>(של הקטן)</i> שאינם ראויים ליירש הרחקה יתירה היא זו ואפי' יש ביניהם שטר חלוקה בין בבתים בין בשדות לא ירד ואפי' אמר כתבו עלי שטר אריסות לא ירד שמא יאבדו השטרות ויאריכו הימי' ויטעון ויאמר שזה חלק ירושה בא לו מחמתו או מחמת מורישו: <i>הגה: וכל זה שאין מורידין קרוב לנכסי קטן היינו כשכבר אינן סמוכין על שלחן אחד וכבר חלקו אבל אם לא חלקו האחין עדיין וסמוכין על שלחן א' מעמידין קרוב לנכסי קטן (נ''י וריב''ש סי' קנ''ה וב''י סי' ר''צ בשם רשב''א) וי''א עוד הא דאין מורידין קרוב לנכסי קטן היינו כשאוכל הפירות אבל באפוטרופוס בעלמא שאין לו הנאה מיניה מותר (ב''י בשם הרשב''א) וכן אם לא היו הנכסים מירושת הקטן מותר להוריד קרוב (ב''י בשם רבינו ירוחם נכ''ו):</i>", 
            "links": [
                {
                    "category": "Halakhah", 
                    "sourceHeRef": "באר היטב חשן משפט רפ״ה:ט״ז", 
                    "index_title": "Be'er Hetev on Shulchan Arukh, Choshen Mishpat", 
                    "sourceRef": "Be'er Hetev on Shulchan Arukh, Choshen Mishpat 285:16"
                }, 
                {
                    "category": "Halakhah", 
                    "sourceHeRef": "באר היטב חשן משפט רפ״ה:י״ז", 
                    "index_title": "Be'er Hetev on Shulchan Arukh, Choshen Mishpat", 
                    "sourceRef": "Be'er Hetev on Shulchan Arukh, Choshen Mishpat 285:17"
                }, 
                {
                    "category": "Halakhah", 
                    "sourceHeRef": "באר היטב חשן משפט רפ״ה:י״ח", 
                    "index_title": "Be'er Hetev on Shulchan Arukh, Choshen Mishpat", 
                    "sourceRef": "Be'er Hetev on Shulchan Arukh, Choshen Mishpat 285:18"
                }
            ], 
            "text": ""
        }, 
        {
            "segmentNumber": "8", 
            "he": "הא דאין מורידין קרוב לנכסי קטן דוקא במקרקעי אבל מעות של קטן ממנים עליהם אפי' קרוב: <i>הגה: ועדיף טפי בקרוב מברחוק ולכן אם יש בהן קרוב ורחוק ושניהם נאמנים בשוה הקרוב קודם ומעמידין אותו אבל אם הקרוב אינו נאמן מעמידין רחוק הנאמן (הגהות מרדכי פ' המפקיד ומהר''ם פדוואה) וכן קטן שיש לו ממון מאבי אמו או ממקום אחר ואביו חי אין נותנין הנכסים ליד האב דאין מורידין קרוב לנכסי קטן אלא ב''ד מעמידין לו אפוטרופוס ואם הם מטלטלין ואביהן ראוי להיות אפוטרופוס עליהן נותנין לידו (הרא''ש כלל פ''ב סי' ב' וב''י סי' ר''ץ בשם הרשב''א) וי''א דאין ב''ד מחוייבין לחקור בקטנים שיש להן אב אא''כ אביהן מוחזק שאינו הולך בדרך טובים (ב''י סי' ר''נ בשם הרמב''ן והרא''ש):</i>", 
            "links": [
                {
                    "category": "Halakhah", 
                    "sourceHeRef": "באר היטב חשן משפט רפ״ה:י״ט", 
                    "index_title": "Be'er Hetev on Shulchan Arukh, Choshen Mishpat", 
                    "sourceRef": "Be'er Hetev on Shulchan Arukh, Choshen Mishpat 285:19"
                }
            ], 
            "text": ""
        }, 
        {
            "segmentNumber": "9", 
            "he": "מעשה באשה אחת שהיו לה שלש בנות ונשבית הזקנה ובת אחת ומתה בת שניה והניחה בן קטן ואמרו חכמים אין מורידין את הבת הנשארת לנכסים שמא מתה הזקנה ונמצאו שליש נכסים אלו לקטן ואין מורידין קרוב לנכסי קטן וכן אין מורידין לזה הקטן בנכסים שמא עדיין הזקנה בחיים ואין מורידין קטן לנכסי שבוי כיצד עושים מתוך שצריך להעמיד אפוטרופוס לחצי של קטן מעמידים אפוטרופוס על כל נכסי הזקנה אחר זמן שמעו שמתה הזקנה אמרו חכמים תרד הבת הנשארת לשליש מנכסים שהוא חלק ירושתה וירד הקטן לשליש שהוא חלקו מנכסי הזקנה והשליש של בת השבויה השניה מעמידים לה אפוטרופוס מפני חלק הקטן שמא מתה גם הבת השבויה ויש לזה הקטן חצי השליש וכן כל כיוצא בזה:", 
            "links": [
                {
                    "category": "Halakhah", 
                    "sourceHeRef": "באר היטב חשן משפט רפ״ה:כ׳", 
                    "index_title": "Be'er Hetev on Shulchan Arukh, Choshen Mishpat", 
                    "sourceRef": "Be'er Hetev on Shulchan Arukh, Choshen Mishpat 285:20"
                }, 
                {
                    "category": "Halakhah", 
                    "sourceHeRef": "באר היטב חשן משפט רפ״ה:כ״א", 
                    "index_title": "Be'er Hetev on Shulchan Arukh, Choshen Mishpat", 
                    "sourceRef": "Be'er Hetev on Shulchan Arukh, Choshen Mishpat 285:21"
                }, 
                {
                    "category": "Halakhah", 
                    "sourceHeRef": "באר היטב חשן משפט רפ״ה:כ״ב", 
                    "index_title": "Be'er Hetev on Shulchan Arukh, Choshen Mishpat", 
                    "sourceRef": "Be'er Hetev on Shulchan Arukh, Choshen Mishpat 285:22"
                }, 
                {
                    "category": "Halakhah", 
                    "sourceHeRef": "באר היטב חשן משפט רפ״ה:כ״ג", 
                    "index_title": "Be'er Hetev on Shulchan Arukh, Choshen Mishpat", 
                    "sourceRef": "Be'er Hetev on Shulchan Arukh, Choshen Mishpat 285:23"
                }, 
                {
                    "category": "Halakhah", 
                    "sourceHeRef": "באר היטב חשן משפט רפ״ה:כ״ד", 
                    "index_title": "Be'er Hetev on Shulchan Arukh, Choshen Mishpat", 
                    "sourceRef": "Be'er Hetev on Shulchan Arukh, Choshen Mishpat 285:24"
                }
            ], 
            "text": ""
        }, 
        {
            "segmentNumber": "10", 
            "he": "שבויה שהמירה ונשאת לעכו''ם ויש לה כאן קרקעות ומטלטלין מתנהגי' בנכסי' כדין נכסי שבוי שלא המיר:", 
            "links": [], 
            "text": ""
        }
    ], 
    "book": "Shulchan Arukh, Choshen Mishpat", 
    "prev": "Shulchan Arukh, Choshen Mishpat 284", 
    "textDepth": 2, 
    "sectionNames": [
        "Siman", 
        "Se'if"
    ], 
    "sections": [
        285
    ], 
    "isComplex": false, 
    "titleVariants": [
        "C.M.", 
        "Shulchan Aruch, Chosen Mishpat", 
        "Shulchan Arukh, Choshen Mishpat", 
        "Shulchan Aruch Choshen Mishpat", 
        "Hoshen Mishpat", 
        "Choshen Mishpat", 
        "Shulchan Arukh Choshen Mishpat", 
        "Ch.M."
    ], 
    "categories": [
        "Halakhah", 
        "Shulchan Arukh"
    ], 
    "ref": "Shulchan Arukh, Choshen Mishpat 285", 
    "type": "Halakhah", 
    "addressTypes": [
        "Integer", 
        "Integer"
    ], 
    "indexTitle": "Shulchan Arukh, Choshen Mishpat", 
    "heIndexTitle": "חושן משפט", 
    "alts": [], 
    "order": [
        4
    ]
}