{
    "content": [
        {
            "segmentNumber": "1", 
            "links": [
                {
                    "category": "Halakhah", 
                    "index_title": "Be'er Hetev on Shulchan Arukh, Choshen Mishpat", 
                    "sourceHeRef": "באר היטב חשן משפט רי״ב:א׳", 
                    "sourceRef": "Be'er Hetev on Shulchan Arukh, Choshen Mishpat 212:1"
                }, 
                {
                    "category": "Halakhah", 
                    "index_title": "Be'er Hetev on Shulchan Arukh, Choshen Mishpat", 
                    "sourceHeRef": "באר היטב חשן משפט רי״ב:ב׳", 
                    "sourceRef": "Be'er Hetev on Shulchan Arukh, Choshen Mishpat 212:2"
                }, 
                {
                    "category": "Halakhah", 
                    "index_title": "Be'er Hetev on Shulchan Arukh, Choshen Mishpat", 
                    "sourceHeRef": "באר היטב חשן משפט רי״ב:ג׳", 
                    "sourceRef": "Be'er Hetev on Shulchan Arukh, Choshen Mishpat 212:3"
                }, 
                {
                    "category": "Halakhah", 
                    "index_title": "Be'er Hetev on Shulchan Arukh, Choshen Mishpat", 
                    "sourceHeRef": "באר היטב חשן משפט רי״ב:ד׳", 
                    "sourceRef": "Be'er Hetev on Shulchan Arukh, Choshen Mishpat 212:4"
                }, 
                {
                    "category": "Halakhah", 
                    "index_title": "Be'er Hetev on Shulchan Arukh, Choshen Mishpat", 
                    "sourceHeRef": "באר היטב חשן משפט רי״ב:ה׳", 
                    "sourceRef": "Be'er Hetev on Shulchan Arukh, Choshen Mishpat 212:5"
                }, 
                {
                    "category": "Halakhah", 
                    "index_title": "Be'er Hetev on Shulchan Arukh, Choshen Mishpat", 
                    "sourceHeRef": "באר היטב חשן משפט רי״ב:ו׳", 
                    "sourceRef": "Be'er Hetev on Shulchan Arukh, Choshen Mishpat 212:6"
                }, 
                {
                    "category": "Halakhah", 
                    "index_title": "Be'er Hetev on Shulchan Arukh, Choshen Mishpat", 
                    "sourceHeRef": "באר היטב חשן משפט רי״ב:ז׳", 
                    "sourceRef": "Be'er Hetev on Shulchan Arukh, Choshen Mishpat 212:7"
                }
            ], 
            "he": "אין אדם מקנה לא במכר ולא במתנה אלא דבר שיש בו ממש אבל דבר שאין בו ממש אינו נקנה לפיכך המקנה לחבירו אכילת פירות דקל זה או דירת בית זה לא קנה עד שיקנה גוף בית זה לדור בו וגוף אילן לאכול פירותיו: <i>הגה: האומר ידור פלוני בבית זה ולא קצב זמן הדירה אפילו רק שעה אחת במשמע (הג\"מ סוף ב\"ב) ושטר שכתוב בו שראובן נתן לדור בביתו וקנו ממנו ע\"ז יש לפרש השטר שקנה ממנו בענין המועיל והקנה לו הגוף לדור בו וכ\"ש אם החזירו הקנין למטה בשטר דודאי ליפוי כח כתבו וקנו ממנו בענין המועיל אבל אם לא כתב בשטר רק קנו ממנו שנותן לו לדור בביתו אינו כלום דאז עיקר הקנין קאי על הדירה ואין בדירה ממש (תשו' רמב\"ן סי' ס\"ז) שטר שלא היה כתוב בו קנין פירות כראוי רק כתוב בו שנתן לו כח ליקח הפירות כתקון חכמים הרי הודה שהקנה לו כתקון חכמים ויש לפרש שנתן לו באופן המועיל (מרדכי פ' מי שמת):</i>"
        }, 
        {
            "segmentNumber": "2", 
            "links": [
                {
                    "category": "Halakhah", 
                    "index_title": "Be'er Hetev on Shulchan Arukh, Choshen Mishpat", 
                    "sourceHeRef": "באר היטב חשן משפט רי״ב:ח׳", 
                    "sourceRef": "Be'er Hetev on Shulchan Arukh, Choshen Mishpat 212:8"
                }
            ], 
            "he": "וכן המוכר לחבירו אויר חורבתו ואויר חצירו אינו כלום אא\"כ הקנה לו חצירו להכניס בו זיזין וכן כל כיוצא בזה:"
        }, 
        {
            "segmentNumber": "3", 
            "links": [
                {
                    "category": "Halakhah", 
                    "index_title": "Be'er Hetev on Shulchan Arukh, Choshen Mishpat", 
                    "sourceHeRef": "באר היטב חשן משפט רי״ב:ט׳", 
                    "sourceRef": "Be'er Hetev on Shulchan Arukh, Choshen Mishpat 212:9"
                }, 
                {
                    "category": "Halakhah", 
                    "index_title": "Be'er Hetev on Shulchan Arukh, Choshen Mishpat", 
                    "sourceHeRef": "באר היטב חשן משפט רי״ב:י׳", 
                    "sourceRef": "Be'er Hetev on Shulchan Arukh, Choshen Mishpat 212:10"
                }
            ], 
            "he": "אבל אם מכר לאחד בית ואילן וחורבה וחצר ושייר לעצמו דירת הבית ואכילת הפירות ואויר החורבה ואויר החצר מהני דהוי כאילו פירש ששייר לעצמו מקום ואפילו לא הזכיר שיור בחצר כלל אלא מכר לו בית ואמר לו על מנת שדיוטא העליונה שלי אמרינן ששייר לו מקום בחצר להוציא זיזין מהדיוטא לחצר <i>הגה: ואם שייר לעצמו זכות וגם שייר לאיש אחר אמרינן כמו ששייר לעצמו בעין יפה ובאופן המועיל כן שייר לחבירו דודאי על ענין אחד נתכוין (תשו' רמב\"ן סי' י\"ח) (וע\"ל סי' ר\"ט ס\"ז):</i>"
        }, 
        {
            "segmentNumber": "4", 
            "links": [
                {
                    "category": "Halakhah", 
                    "index_title": "Be'er Hetev on Shulchan Arukh, Choshen Mishpat", 
                    "sourceHeRef": "באר היטב חשן משפט רי״ב:י״א", 
                    "sourceRef": "Be'er Hetev on Shulchan Arukh, Choshen Mishpat 212:11"
                }, 
                {
                    "category": "Halakhah", 
                    "index_title": "Be'er Hetev on Shulchan Arukh, Choshen Mishpat", 
                    "sourceHeRef": "באר היטב חשן משפט רי״ב:י״ב", 
                    "sourceRef": "Be'er Hetev on Shulchan Arukh, Choshen Mishpat 212:12"
                }
            ], 
            "he": "המוכר גוף הקרקע לזמן קצוב ה\"ז מכירה ומשתמש הלוקח בגוף כחפצו ואוכל הפירות כל זמן המכירה ובסוף תחזור לבעליה ומה הפרש יש בין המוכר קרקע לזמן קצוב ובין המקנה אותה לפירות שהקונה לפירות אינו יכול לשנות צורת הקרקע ולא יבנה ולא יהרוס אבל הקונה לזמן קצוב הוא בונה והורס ועושה בכל זמנו הקצוב כמו שעושה הקונה קנין עולם לעולם:"
        }, 
        {
            "segmentNumber": "5", 
            "he": "ומה הפרש יש בין המוכר שדה זו לפירותיה ובין המוכר פירות שדה זו לחבירו שהמוכר פירות השדה אין ללוקח להשתמש בשדה זו כלל אפילו להכנס [בה] אלא בשעת הוצאת הפירות ויש לבעל השדה להשתמש בה כחפצו אבל המוכר שדה לפירותיה אין בעל השדה יכול להכנס בה אלא מדעת הלוקח ויש ללוקח להשתמש בה כחפצו:"
        }, 
        {
            "segmentNumber": "6", 
            "links": [
                {
                    "category": "Halakhah", 
                    "index_title": "Be'er Hetev on Shulchan Arukh, Choshen Mishpat", 
                    "sourceHeRef": "באר היטב חשן משפט רי״ב:י״ג", 
                    "sourceRef": "Be'er Hetev on Shulchan Arukh, Choshen Mishpat 212:13"
                }
            ], 
            "he": "ומה הפרש יש בין הקונה שדה זו לפירותיה ובין השוכר שדה זו מחבירו שהקונה שדה לפירותיה יש לו לנטעה או לזרעה כל זמן שירצה או להובירה והשוכר אינו כן כמו שנתבאר בסי' ש\"ך:"
        }, 
        {
            "segmentNumber": "7", 
            "links": [
                {
                    "category": "Halakhah", 
                    "index_title": "Be'er Hetev on Shulchan Arukh, Choshen Mishpat", 
                    "sourceHeRef": "באר היטב חשן משפט רי״ב:י״ד", 
                    "sourceRef": "Be'er Hetev on Shulchan Arukh, Choshen Mishpat 212:14"
                }, 
                {
                    "category": "Halakhah", 
                    "index_title": "Be'er Hetev on Shulchan Arukh, Choshen Mishpat", 
                    "sourceHeRef": "באר היטב חשן משפט רי״ב:ט״ו", 
                    "sourceRef": "Be'er Hetev on Shulchan Arukh, Choshen Mishpat 212:15"
                }, 
                {
                    "category": "Halakhah", 
                    "index_title": "Be'er Hetev on Shulchan Arukh, Choshen Mishpat", 
                    "sourceHeRef": "באר היטב חשן משפט רי״ב:ט״ז", 
                    "sourceRef": "Be'er Hetev on Shulchan Arukh, Choshen Mishpat 212:16"
                }, 
                {
                    "category": "Halakhah", 
                    "index_title": "Be'er Hetev on Shulchan Arukh, Choshen Mishpat", 
                    "sourceHeRef": "באר היטב חשן משפט רי״ב:י״ז", 
                    "sourceRef": "Be'er Hetev on Shulchan Arukh, Choshen Mishpat 212:17"
                }, 
                {
                    "category": "Halakhah", 
                    "index_title": "Be'er Hetev on Shulchan Arukh, Choshen Mishpat", 
                    "sourceHeRef": "באר היטב חשן משפט רי״ב:י״ח", 
                    "sourceRef": "Be'er Hetev on Shulchan Arukh, Choshen Mishpat 212:18"
                }, 
                {
                    "category": "Halakhah", 
                    "index_title": "Be'er Hetev on Shulchan Arukh, Choshen Mishpat", 
                    "sourceHeRef": "באר היטב חשן משפט רי״ב:י״ט", 
                    "sourceRef": "Be'er Hetev on Shulchan Arukh, Choshen Mishpat 212:19"
                }
            ], 
            "he": "דין ההקדש ודין העניים ודין הנדרים אינו כדין הדיוט בקנייתו שאילו אמר אדם כל מה שתלד בהמתי יהיה הקדש לבדק הבית או יהיה אסור עלי או אתננו לצדקה אע\"פ שאינו מתקדש לפי שאינו בעולם ה\"ז חייב לקיים דברו שנאמר ככל היוצא מפיו יעשה והואיל והדבר כן אם צוה אדם כשהוא שכ\"מ ואמר כל מה שיוציא אילן זה לעניים או כל שכר בית זה לעניים זכו בהם העניים: <i>הגה: וי\"א דלא קנו ההקדש ולא הצדקה כלום דאין אדם מקדיש דבר שלא בא לעולם וממילא דבריו בטלים אבל אם אמר כשתלד בהמתי או יוציא אילן זה פירות וכיוצא בזה אתננו להקדש או לעניים חייב לקיים דבריו מטעם נדר (טור בשם הרא\"ש) ודוקא אם הנודר קיים אבל אם כבר מת אינו כלום שהרי אינו כאן שיקיים נדרו (מרדכי פ' מי שמת) וסברא האחרונה היא עיקר וכן ראוי להורות ועיין לקמן סי' רנ\"ב סעיף ב' ואם נשבע לקיים המקח עי' לעיל סי' ר\"ט סעיף ד':</i>"
        }, 
        {
            "segmentNumber": "8", 
            "links": [
                {
                    "category": "Halakhah", 
                    "index_title": "Be'er Hetev on Shulchan Arukh, Choshen Mishpat", 
                    "sourceHeRef": "באר היטב חשן משפט רי״ב:כ׳", 
                    "sourceRef": "Be'er Hetev on Shulchan Arukh, Choshen Mishpat 212:20"
                }
            ], 
            "he": "קנה קרקע אדעתא שיעשנו הקדש ולא הוציא מפיו כלום י\"א דכיון שגמר בלבו לתת לצדקה חייב ליתן ויש מי שאומר דאע\"ג דכתיב כל נדיב לב עולות חולין מקדשים לא ילפינן והאידנא כל הקדש יש לו דין חולין שאין הקדש עתה לבדק הבית ואינו אלא לצדקה הילכך כל שלא הוציא בשפתיו אינו כלום: <i>(ויש להחמיר כסברא הראשונה ועי' בי\"ד ס\"ס רנ\"ח): </i>"
        }, 
        {
            "segmentNumber": "9", 
            "links": [
                {
                    "category": "Halakhah", 
                    "index_title": "Be'er Hetev on Shulchan Arukh, Choshen Mishpat", 
                    "sourceHeRef": "באר היטב חשן משפט רי״ב:כ״א", 
                    "sourceRef": "Be'er Hetev on Shulchan Arukh, Choshen Mishpat 212:21"
                }
            ], 
            "he": "וכן אם אמר קרקע זה לכשאקננו יהיה הקדש אינו כלום שאין אדם מקדיש דבר שלא בא לעולם אבל אם אמר לכשאקננו אקדישנו או אתננו להקדש הוי עליו נדר וצריך לקיים נדרו: <i>הגה: וזהו סברת הרא\"ש וחולק על הרמב\"ם שסובר שאם אמר לכשאקננו יהיה הקדש חייב לקיים דבריו כמ\"ש סברתו בסעיף ז' ודברי המחבר שסתם לעיל כדברי הרמב\"ם וכאן כדברי הרא\"ש אינו נכון:</i>"
        }
    ], 
    "heTitle": "חושן משפט", 
    "indexTitle": "Shulchan Arukh, Choshen Mishpat", 
    "sectionRef": "Shulchan Arukh, Choshen Mishpat 212", 
    "prev": "Shulchan Arukh, Choshen Mishpat 211", 
    "ref": "Shulchan Arukh, Choshen Mishpat 212", 
    "heRef": "חושן משפט רי״ב", 
    "next": "Shulchan Arukh, Choshen Mishpat 213"
}