{
    "heTitleVariants": [
        "משנה תורה, הלכות שביתת יום טוב", 
        "משנה תורה, הל' שביתת יום טוב", 
        "רמב\"ם, הל' שביתת יום טוב", 
        "רמב\"ם, הלכות שביתת יום טוב", 
        "רמב\"ם הלכות שביתת יום טוב", 
        "רמב\"ם הל' שביתת יום טוב"
    ], 
    "heTitle": "משנה תורה, הלכות שביתת יום טוב", 
    "heRef": "משנה תורה, הלכות שביתת יום טוב א׳", 
    "toSections": [
        1
    ], 
    "sectionRef": "Mishneh Torah, Rest on a Holiday 1", 
    "lengths": [
        8
    ], 
    "next": "Mishneh Torah, Rest on a Holiday 2", 
    "content": [
        {
            "segmentNumber": "1", 
            "he": "שֵׁשֶׁת יָמִים הָאֵלּוּ שֶׁאֲסָרָן הַכָּתוּב בַּעֲשִׂיַּת מְלָאכָה שֶׁהֵן רִאשׁוֹן וּשְׁבִיעִי שֶׁל פֶּסַח וְרִאשׁוֹן וּשְׁמִינִי שֶׁל חַג הַסֻּכּוֹת וּבְיוֹם חַג הַשָּׁבוּעוֹת וּבְאֶחָד לַחֹדֶשׁ הַשְּׁבִיעִי הֵן הַנִּקְרָאִין יָמִים טוֹבִים. וּשְׁבִיתַת כֻּלָּן שָׁוָה שֶׁהֵן אֲסוּרִין בְּכָל מְלֶאכֶת עֲבוֹדָה חוּץ מִמְּלָאכָה שֶׁהִיא לְצֹרֶךְ אֲכִילָה שֶׁנֶּאֱמַר <small>(שמות יב-טז)</small> \"אַךְ אֲשֶׁר יֵאָכֵל לְכָל נֶפֶשׁ\" וְגוֹ': \n", 
            "links": [
                {
                    "category": "Tanakh", 
                    "sourceHeRef": "שמות י״ב:ט״ז", 
                    "index_title": "Exodus", 
                    "sourceRef": "Exodus 12:16"
                }
            ], 
            "text": "These six days on which scripture prohibited labor, namely the first and seventh days of Passover, the first and eighth days of Succot, the day of Shavuot, and first day of the seventh month (Rosh HaShanah), are called Holidays (<i>Yamim Tovim</i>). The degree of cessation of labor is equal in all of them, in that all labor is prohibited, excepting the one category of labor necessary for preparing food, as stated (Exodus 12:16): \"Except anything that shall be eaten by any person\" "
        }, 
        {
            "segmentNumber": "2", 
            "he": "כָּל הַשּׁוֹבֵת מִמְּלֶאכֶת עֲבוֹדָה בְּאֶחָד מֵהֶן הֲרֵי קִיֵּם מִצְוַת עֲשֵׂה שֶׁהֲרֵי נֶאֱמַר בָּהֶן <small>(ויקרא כג-כד)</small> <small>(ויקרא כג-לט)</small> \"שַׁבָּתוֹן\" כְּלוֹמַר שְׁבֹת. וְכָל הָעוֹשֶׂה בְּאֶחָד מֵהֶן מְלָאכָה שֶׁאֵינָהּ לְצֹרֶךְ אֲכִילָה כְּגוֹן שֶׁבָּנָה אוֹ הָרַס אוֹ אָרַג וְכַיּוֹצֵא בָּאֵלּוּ הֲרֵי בִּטֵּל מִצְוַת עֲשֵׂה וְעָבַר עַל לֹא תַּעֲשֶׂה. שֶׁנֶּאֱמַר כָּל מְלֶאכֶת עֲבֹדָה לֹא תַעֲשׂוּ. <small>(שמות יב-טז)</small> \"כָּל מְלָאכָה לֹא יֵעָשֶׂה בָהֶם\". וְאִם עָשָׂה בְּעֵדִים וְהַתְרָאָה לוֹקֶה מִן הַתּוֹרָה: \n", 
            "links": [
                {
                    "category": "Tanakh", 
                    "sourceHeRef": "ויקרא כ״ג", 
                    "index_title": "Leviticus", 
                    "sourceRef": "Leviticus 23"
                }, 
                {
                    "category": "Tanakh", 
                    "sourceHeRef": "שמות י״ב", 
                    "index_title": "Exodus", 
                    "sourceRef": "Exodus 12"
                }
            ], 
            "text": ""
        }, 
        {
            "segmentNumber": "3", 
            "he": "הָעוֹשֶׂה אֲבוֹת מְלָאכוֹת הַרְבֵּה בְּיוֹם טוֹב בְּהַתְרָאָה אַחַת כְּגוֹן שֶׁזָּרַע וּבָנָה וְסָתַר וְאָרַג בְּהַתְרָאָה אַחַת אֵינוֹ לוֹקֶה אֶלָּא אַחַת. חִלּוּק מְלָאכוֹת לְשַׁבָּת וְאֵין חִלּוּק מְלָאכוֹת לְיוֹם טוֹב: \n", 
            "links": [], 
            "text": ""
        }, 
        {
            "segmentNumber": "4", 
            "he": "כָּל מְלָאכָה שֶׁחַיָּבִין עָלֶיהָ בְּשַׁבָּת אִם עָשָׂה אוֹתָהּ בְּיוֹם טוֹב שֶׁלֹּא לְצֹרֶךְ אֲכִילָה לוֹקֶה חוּץ מִן הַהוֹצָאָה מֵרְשׁוּת לִרְשׁוּת וְהַהַבְעָרָה שֶׁמִּתּוֹךְ שֶׁהֻתְּרָה הוֹצָאָה בְּיוֹם טוֹב לְצֹרֶךְ אֲכִילָה הֻתְּרָה שֶׁלֹּא לְצֹרֶךְ אֲכִילָה. לְפִיכָךְ מֻתָּר בְּיוֹם טוֹב לְהוֹצִיא קָטָן אוֹ סֵפֶר תּוֹרָה אוֹ מַפְתֵּחַ וְכַיּוֹצֵא בְּאֵלּוּ מֵרְשׁוּת לִרְשׁוּת. וְכֵן מֻתָּר לְהַבְעִיר אַף עַל פִּי שֶׁאֵינוֹ לְצֹרֶךְ אֲכִילָה. וּשְׁאָר מְלָאכוֹת כָּל שֶׁיֵּשׁ בּוֹ צֹרֶךְ אֲכִילָה מֻתָּר כְּגוֹן שְׁחִיטָה וַאֲפִיָּה וְלִישָׁה וְכַיּוֹצֵא בָּהֶן. וְכָל שֶׁאֵין בָּהֶן צֹרֶךְ אֲכִילָה אָסוּר כְּגוֹן כְּתִיבָה וַאֲרִיגָה וּבִנְיָן וְכַיּוֹצֵא בָּהֶן: \n", 
            "links": [], 
            "text": "Any creative labor regarding which one is liable for on the Sabbath, if one did it on a Holiday where it was not for a need of eating, one is lashed, except for bringing [something] out from domain to domain, and starting a fire, in that since bringing out was permitted on a Holiday for a need of eating, it was permitted when not for a need of eating. Therefore it is permitted on a Holiday to bring out a child or scroll of the Torah or a key, and similar cases to these from domain to domain. And similarly it is permitted to start a fire even though it is not for a need of eating. And the rest of the creative labors, all for which there is a need of eating regarding them, it is permitted, for example slaughtering, baking and kneading, and similar cases. And all for which  there is no need for eating regarding them, it is forbidden, for example, writing, and weaving, and building, and similar cases."
        }, 
        {
            "segmentNumber": "5", 
            "he": "כָּל מְלָאכָה שֶׁאֶפְשָׁר לְהֵעָשׂוֹת מֵעֶרֶב יוֹם טוֹב וְלֹא יִהְיֶה בָּהּ הֶפְסֵד וְלֹא חֶסְרוֹן אִם נַעֲשֵׂית מִבָּעֶרֶב אָסְרוּ חֲכָמִים לַעֲשׂוֹת אוֹתָהּ בְּיוֹם טוֹב אַף עַל פִּי שֶׁהִיא לְצֹרֶךְ אֲכִילָה. וְלָמָּה אָסְרוּ דָּבָר זֶה גְּזֵרָה שֶׁמָּא יָנִיחַ אָדָם מְלָאכוֹת שֶׁאֶפְשָׁר לַעֲשׂוֹתָן מֵעֶרֶב יוֹם טוֹב לְיוֹם טוֹב וְנִמְצָא יוֹם טוֹב כֻּלּוֹ הוֹלֵךְ בַּעֲשִׂיַּת אוֹתָן מְלָאכוֹת וְיִמָּנַע מִשִּׂמְחַת יוֹם טוֹב וְלֹא יִהְיֶה לוֹ פְּנַאי לֶאֱכל: \n", 
            "links": [], 
            "text": "Every labor that can be done on the eve of the holiday where it will not result in spoliation or loss if it is done on the eve of the holiday is prohibited by the rabbis to be done on the holiday itself, even though it is for the purposes of eating. And why did they prohibit this? It is a protective decree lest an individual leave the labors s/he could have done on the holiday eve for the holiday itself and find that his/her holiday is spent entirely on doing those very labors, and thus prevent the enjoyment of the holiday and leave no free time to eat. "
        }, 
        {
            "segmentNumber": "6", 
            "he": "וּמִזֶּה הַטַּעַם עַצְמוֹ לֹא אָסְרוּ הַהוֹצָאָה בְּיוֹם טוֹב וְאַף עַל פִּי שֶׁכָּל הַהוֹצָאָה הִיא מְלָאכָה שֶׁאֶפְשָׁר לַעֲשׂוֹתָהּ מֵעֶרֶב יוֹם טוֹב וְלָמָּה לֹא אֲסָרוּהָ כְּדֵי לְהַרְבּוֹת בְּשִׂמְחַת יוֹם טוֹב וְיוֹלִיךְ וְיָבִיא כָּל מַה שֶּׁיִּרְצֶה וְיַשְׁלִים חֲפָצָיו וְלֹא יִהְיֶה כְּמִי שֶׁיָּדָיו אֲסוּרוֹת. אֲבָל שְׁאָר מְלָאכוֹת שֶׁאֶפְשָׁר לַעֲשׂוֹתָן מֵעֶרֶב יוֹם טוֹב הוֹאִיל וְיֵשׁ בָּהֶן עֵסֶק אֵין עוֹשִׂין אוֹתָן בְּיוֹם טוֹב: \n", 
            "links": [], 
            "text": "And for this reason itself they did not forbid the bringing out on a Holiday, even though every bringing out is a creative labor. , in that it is possible to do it from the eve of a Holiday. And why did they not forbid it? In order to increase the joy of the Holiday. and one may go and come as much as one wants, and will fulfill one's desires, and will not be like one whose hands are tied. But the rest of the creative labors that are possible to do o the eve of the Holiday, since regarding them there is [the possibility of] occupation [with them], we do not do them on a Holiday."
        }, 
        {
            "segmentNumber": "7", 
            "he": "כֵּיצַד. אֵין קוֹצְרִין וְלֹא דָּשִׁין וְלֹא זוֹרִין וְלֹא בּוֹרְרִין וְלֹא טוֹחֲנִין אֶת הַחִטִּים וְלֹא מְרַקְּדִין בְּיוֹם טוֹב שֶׁכָּל אֵלּוּ וְכַיּוֹצֵא בָּהֶם אֶפְשָׁר לַעֲשׂוֹתָן מֵעֶרֶב יוֹם טוֹב וְאֵין בְּכָךְ הֶפְסֵד וְלֹא חֶסְרוֹן: \n", 
            "links": [], 
            "text": ""
        }, 
        {
            "segmentNumber": "8", 
            "he": "אֲבָל לָשִׁין  וְאוֹפִין וְשׁוֹחֲטִין וּמְבַשְּׁלִין בְּיוֹם טוֹב. שֶׁאִם עָשָׂה אֵלּוּ מִבָּעֶרֶב יֵשׁ בְּכָךְ הֶפְסֵד אוֹ חֶסְרוֹן טַעַם. שֶׁאֵין לֶחֶם חַם אוֹ תַּבְשִׁיל שֶׁבִּשֵּׁל הַיּוֹם כְּלֶחֶם שֶׁנֶּאֱפָה מֵאֶמֶשׁ וּכְתַבְשִׁיל שֶׁנִתְבַּשֵּׁל מֵאֶמֶשׁ. וְלֹא בָּשָׂר שֶׁנִּשְׁחַט הַיּוֹם כְּבָשָׂר שֶׁנִּשְׁחַט מֵאֶמֶשׁ. וְכֵן כָּל כַּיּוֹצֵא בְּאֵלּוּ. וְכֵן מַכְשִׁירֵי אֹכֶל נֶפֶשׁ שֶׁיֵּשׁ בָּהֶן חֶסְרוֹן אִם נַעֲשׂוּ מִבָּעֶרֶב עוֹשִׂין אוֹתָן בְּיוֹם טוֹב. כְּגוֹן שְׁחִיקַת תַּבְלִין וְכַיּוֹצֵא בָּהֶן: \n", 
            "links": [], 
            "text": ""
        }, 
        {
            "segmentNumber": "9", 
            "he": "אֵין אוֹפִין וּמְבַשְּׁלִין בְּיוֹם טוֹב מַה שֶּׁיֵּאָכֵל בְּחל. וְלֹא הֻתְּרָה מְלָאכָה שֶׁהִיא לְצֹרֶךְ אֲכִילָה אֶלָּא כְּדֵי לֵהָנוֹת בָּהּ בְּיוֹם טוֹב. עָשָׂה כְּדֵי לֶאֱכל בְּיוֹם טוֹב וְהוֹתִיר מֻתָּר לֶאֱכל הַמּוֹתָר בְּחל: \n", 
            "links": [], 
            "text": ""
        }, 
        {
            "segmentNumber": "10", 
            "he": "מְמַלְּאָה אִשָּׁה קְדֵרָה בָּשָׂר אַף עַל פִּי שֶׁאֵינָהּ צְרִיכָה אֶלָּא לַחֲתִיכָה אַחַת. מְמַלֵּא נַחְתּוֹם חָבִית שֶׁל מַיִם אַף עַל פִּי שֶׁאֵינוֹ צָרִיךְ אֶלָּא לְקִיתוֹן אֶחָד. וּמְמַלְּאָה אִשָּׁה תַּנּוּר פַּת אַף עַל פִּי שֶׁאֵינָהּ צְרִיכָה אֶלָּא לְכִכָּר אֶחָד. שֶׁבִּזְמַן שֶׁהַפַּת מְרֻבָּה בַּתַּנּוּר הִיא נֶאֱפֵית יָפֶה. וּמוֹלֵחַ אָדָם כַּמָּה חֲתִיכוֹת בָּשָׂר בְּבַת אַחַת אַף עַל פִּי שֶׁאֵינוֹ צָרִיךְ אֶלָּא לַחֲתִיכָה אַחַת. וְכֵן כָּל כַּיּוֹצֵא בָּזֶה: \n", 
            "links": [], 
            "text": ""
        }, 
        {
            "segmentNumber": "11", 
            "he": "הַמְבַשֵּׁל אוֹ הָאוֹפֶה בְּיוֹם טוֹב כְּדֵי לֶאֱכל בּוֹ בַּיּוֹם אוֹ שֶׁזִּמֵּן אוֹרְחִים וְלֹא בָּאוּ וְנִשְׁאַר הַתַּבְשִׁיל וְהַפַּת הֲרֵי זֶה מֻתָּר לֶאֱכל לְמָחָר בֵּין בְּחל בֵּין בְּשַׁבָּת. וּבִלְבַד שֶׁלֹּא יַעֲרִים. וְאִם הֶעֱרִים אָסוּר וַאֲפִלּוּ בְּשַׁבָּת שֶׁאַחַר יוֹם טוֹב מִפְּנֵי שֶׁהֶחְמִירוּ בְּמַעֲרִים יוֹתֵר מִן הַמֵּזִיד: \n", 
            "links": [], 
            "text": ""
        }, 
        {
            "segmentNumber": "12", 
            "he": "מִי שֶׁהָיְתָה לוֹ בְּהֵמָה מְסֻכֶּנֶת לֹא יִשְׁחֹט אוֹתָהּ בְּיוֹם טוֹב אֶלָּא אִם כֵּן יוֹדֵעַ שֶׁיָּכוֹל לֶאֱכל מִמֶּנָּה כְּזַיִת צָלִי מִבְּעוֹד יוֹם. כְּדֵי שֶׁלֹּא יִשְׁחֹט בְּיוֹם טוֹב מַה שֶּׁיֹּאכַל בְּחל. וְכֵן כָּל כַּיּוֹצֵא בָּזֶה: \n", 
            "links": [], 
            "text": ""
        }, 
        {
            "segmentNumber": "13", 
            "he": "אֵין אוֹפִין וּמְבַשְּׁלִין בְּיוֹם טוֹב כְּדֵי לְהַאֲכִיל כּוּתִים אוֹ כְּלָבִים שֶׁנֶּאֱמַר <small>(שמות יב-טז)</small> \"הוּא לְבַדּוֹ יֵעָשֶׂה לָכֶם\" לָכֶם וְלֹא לְכוּתִים לָכֶם וְלֹא לִכְלָבִים. לְפִיכָךְ מְזַמְּנִין אֶת הַכּוּתִי בְּשַׁבָּת וְאֵין מְזַמְּנִין אוֹתוֹ בְּיוֹם טוֹב גְּזֵרָה שֶׁמָּא יַרְבֶּה בִּשְׁבִילוֹ. אֲבָל אִם בָּא הַכּוּתִי מֵאֵלָיו אוֹכֵל עִמָּהֶן מַה שֶּׁהֵן אוֹכְלִין שֶׁכְּבָר הֱכִינוּהָ: \n", 
            "links": [
                {
                    "category": "Tanakh", 
                    "sourceHeRef": "שמות י״ב", 
                    "index_title": "Exodus", 
                    "sourceRef": "Exodus 12"
                }
            ], 
            "text": ""
        }, 
        {
            "segmentNumber": "14", 
            "he": "בְּהֵמָה שֶׁחֶצְיָהּ שֶׁל כּוּתִי וְחֶצְיָהּ שֶׁל יִשְׂרָאֵל מֻתָּר לְשָׁחֳטָהּ בְּיוֹם טוֹב שֶׁאִי אֶפְשָׁר לֶאֱכל מִמֶּנָּה כְּזַיִת בָּשָׂר בְּלֹא שְׁחִיטָה. אֲבָל עִסָּה שֶׁחֶצְיָהּ לְכוּתִים וְחֶצְיָהּ לְיִשְׂרָאֵל אָסוּר לֶאֱפוֹת אוֹתָהּ מִפְּנֵי שֶׁיָּכוֹל לְחַלֵּק הַבָּצֵק. בְּנֵי הַחַיִל שֶׁנָּתְנוּ קֶמַח לְיִשְׂרָאֵל לַעֲשׂוֹת לָהֶם פַּת בְּיוֹם טוֹב. אִם כְּשֶׁנּוֹתְנִין פַּת מִמֶּנָּה לְתִינוֹק אֵין מַקְפִּידִין מֻתָּר לֶאֱפוֹתוֹ לָהֶן בְּיוֹם טוֹב שֶׁכָּל פַּת וּפַת רָאוּי לַתִּינוֹק. עִסַּת הַכְּלָבִים בִּזְמַן שֶׁהָרוֹעִים אוֹכְלִין מִמֶּנָּה נֶאֱפֵית בְּיוֹם טוֹב: \n", 
            "links": [
                {
                    "category": "Halakhah", 
                    "sourceHeRef": "כסף משנה על משנה תורה, הלכות שביתת יום טוב א׳:י״ד:א׳", 
                    "index_title": "Kessef Mishneh on Mishneh Torah, Rest on a Holiday", 
                    "sourceRef": "Kessef Mishneh on Mishneh Torah, Rest on a Holiday 1:14:1"
                }
            ], 
            "text": ""
        }, 
        {
            "segmentNumber": "15", 
            "he": "הַמְבַשֵּׁל בְּיוֹם טוֹב לְכוּתִים אוֹ לִבְהֵמָה אוֹ לְהַנִּיחַ לְחל אֵינוֹ לוֹקֶה שֶׁאִלּוּ בָּאוּ לוֹ אוֹרְחִים הָיָה אוֹתוֹ תַּבְשִׁיל רָאוּי לָהֶן. עָשָׂה לְנַפְשׁוֹ וְהוֹתִיר מֻתָּר לְהַאֲכִיל מִמֶּנּוּ לְכוּתִים וְלִבְהֵמָה: \n", 
            "links": [], 
            "text": ""
        }, 
        {
            "segmentNumber": "16", 
            "he": "רְחִיצָה וְסִיכָה הֲרֵי הֵן בִּכְלַל אֲכִילָה וּשְׁתִיָּה וְעוֹשִׂין אוֹתָן בְּיוֹם טוֹב שֶׁנֶּאֱמַר <small>(שמות יב-טז)</small> \"אַךְ אֲשֶׁר יֵאָכֵל לְכָל נֶפֶשׁ\" לְכָל שֶׁצָּרִיךְ הַגּוּף. לְפִיכָךְ מְחִמִּין חַמִּין בְּיוֹם טוֹב וְרוֹחֵץ בָּהֶן פָּנָיו יָדָיו וְרַגְלָיו. אֲבָל כָּל גּוּפוֹ אָסוּר מִשּׁוּם גְּזֵרַת מֶרְחָץ. וְחַמִּין שֶׁהוּחַמּוּ מֵעֶרֶב יוֹם טוֹב רוֹחֵץ בָּהֶן כָּל גּוּפוֹ בְּיוֹם טוֹב שֶׁלֹּא גָּזְרוּ עַל דָּבָר זֶה אֶלָּא בְּשַׁבָּת בִּלְבַד: \n", 
            "links": [
                {
                    "category": "Tanakh", 
                    "sourceHeRef": "שמות י״ב", 
                    "index_title": "Exodus", 
                    "sourceRef": "Exodus 12"
                }
            ], 
            "text": ""
        }, 
        {
            "segmentNumber": "17", 
            "he": "כָּל שֶׁאָסוּר בְּשַׁבָּת בֵּין מִשּׁוּם שֶׁהוּא דּוֹמֶה לִמְלָאכָה אוֹ מֵבִיא לִידֵי מְלָאכָה בֵּין שֶׁהוּא מִשּׁוּם שְׁבוּת הֲרֵי הוּא אָסוּר בְּיוֹם טוֹב אֶלָּא אִם כֵּן הָיָה בּוֹ צֹרֶךְ אֲכִילָה וְכַיּוֹצֵא בָּהּ. אוֹ דְּבָרִים שֶׁהֵם מֻתָּרִים בְּיוֹם טוֹב כְּמוֹ שֶׁיִּתְבָּאֵר בַּהֲלָכוֹת אֵלּוּ. וְכָל שֶׁאָסוּר לְטַלְטְלוֹ בְּשַׁבָּת אָסוּר לְטַלְטְלוֹ בְּיוֹם טוֹב אֶלָּא לְצֹרֶךְ אֲכִילָה וְכַיּוֹצֵא בָּהּ. וְכָל שֶׁמֻּתָּר בְּשַׁבָּת מֻתָּר בְּיוֹם טוֹב. וְיֵשׁ בְּיוֹם טוֹב מַה שֶּׁאֵין בְּשַׁבָּת אִסּוּר מֻקְצֶה שֶׁהַמֻּקְצֶה אָסוּר בְּיוֹם טוֹב וּמֻתָּר בְּשַׁבָּת מִפְּנֵי שֶׁיּוֹם טוֹב קַל מִשַּׁבָּת אָסְרוּ בּוֹ הַמֻּקְצֶה שֶׁמָּא יָבוֹא לְזַלְזֵל בּוֹ: \n", 
            "links": [], 
            "text": ""
        }, 
        {
            "segmentNumber": "18", 
            "he": "כֵּיצַד. תַּרְנְגלֶת הָעוֹמֶדֶת לְגַדֵּל בֵּיצִים וְשׁוֹר הָעוֹמֵד לַחֲרִישָׁה וְיוֹנֵי שׁוֹבָךְ וּפֵרוֹת הָעוֹמְדִין לִסְחוֹרָה כָּל אֵלּוּ וְכַיּוֹצֵא בָּהֶן מֻקְצֶה הֵן וְאָסוּר לֶאֱכל מֵהֶן בְּיוֹם טוֹב עַד שֶׁיָּכִין אוֹתָם מִבָּעֶרֶב וְיַחֲשֹׁב עֲלֵיהֶם לַאֲכִילָה. אֲבָל בְּשַׁבָּת הַכּל מוּכָן אֵצֶל שַׁבָּת וְאֵינוֹ צָרִיךְ הֲכָנָה. וּכְשֵׁם שֶׁהַמֻּקְצֶה אָסוּר בְּיוֹם טוֹב כָּךְ הַנּוֹלָד אָסוּר: \n", 
            "links": [], 
            "text": ""
        }, 
        {
            "segmentNumber": "19", 
            "he": "חֹל מֵכִין לְשַׁבָּת וְחל מֵכִין לְיוֹם טוֹב אֲבָל אֵין יוֹם טוֹב מֵכִין לְשַׁבָּת וְלֹא שַׁבָּת מְכִינָה לְיוֹם טוֹב. לְפִיכָךְ בֵּיצָה שֶׁנּוֹלְדָה בְּיוֹם טוֹב אַחַר הַשַּׁבָּת אֲסוּרָה. וְאַף עַל פִּי שֶׁהַתַּרְנְגלֶת עוֹמֶדֶת לַאֲכִילָה. הוֹאִיל וּמֵאֶמֶשׁ נִגְמְרָה הַבֵּיצָה נִמְצָא שַׁבָּת מֵכִין אוֹתָהּ לְיוֹם טוֹב. וַאֲסָרוּהָ בְּכָל יוֹם טוֹב גְּזֵרָה מִשּׁוּם יוֹם טוֹב שֶׁאַחַר שַׁבָּת. וְכֵן בֵּיצָה שֶׁנּוֹלְדָה בְּכָל שַׁבָּת אֲסוּרָה גְּזֵרָה מִשּׁוּם שַׁבָּת שֶׁאַחַר יוֹם טוֹב: \n", 
            "links": [], 
            "text": ""
        }, 
        {
            "segmentNumber": "20", 
            "he": "וּכְשֵׁם שֶׁאָסוּר לְאָכְלָהּ כָּךְ אָסוּר לְטַלְטְלָהּ וַאֲפִלּוּ נִתְעָרְבָה בְּאֶלֶף כֻּלָּן אֲסוּרוֹת שֶׁהֲרֵי לְמָחָר יֻתְּרוּ הַכּל וְכָל דָּבָר שֶׁיֵּשׁ לוֹ מַתִּירִין אֲפִלּוּ בְּאֶלֶף אֲלָפִים אֵינוֹ בָּטֵל. הַשּׁוֹחֵט תַּרְנְגלֶת בְּיוֹם טוֹב וּמָצָא בָּהּ בֵּיצִים גְּמוּרוֹת הֲרֵי אֵלּוּ מֻתָּרוֹת. שֶׁאֵין זֶה דָּבָר מָצוּי תָּמִיד וְדָבָר שֶׁאֵינוֹ מָצוּי אֶלָּא אַקְרַאי בְּעָלְמָא לֹא גָּזְרוּ בּוֹ: \n", 
            "links": [], 
            "text": ""
        }, 
        {
            "segmentNumber": "21", 
            "he": "זֶה שֶׁאָנוּ עוֹשִׂין בְּחוּצָה לָאָרֶץ כָּל יוֹם טוֹב מֵאֵלּוּ שְׁנֵי יָמִים מִנְהָג הוּא. וְיוֹם טוֹב שֵׁנִי מִדִּבְרֵי סוֹפְרִים הוּא וּמִדְּבָרִים שֶׁנִּתְחַדְּשׁוּ בַּגָּלוּת. וְאֵין עוֹשִׂין בְּנֵי אֶרֶץ יִשְׂרָאֵל שְׁנֵי יָמִים טוֹבִים אֶלָּא בְּרֹאשׁ הַשָּׁנָה בִּלְבַד. וּבְהִלְכוֹת קִדּוּשׁ הַחֹדֶשׁ מִסֵּפֶר זֶה נְבָאֵר עִקַּר מִנְהָג זֶה וּמֵאֵי זֶה טַעַם עוֹשִׂין רֹאשׁ הַשָּׁנָה שְׁנֵי יָמִים בְּכָל מָקוֹם: \n", 
            "links": [], 
            "text": "That which we do outside the Land, every one of these [Holidays being observed for] two days, it is a custom. And the second day of the Holiday is from the words of the Sages, and are among the things that were invented in the exile. And the residents of the land of Israel do not do two days of the Holiday except on Rosh Hashana alone. And in the Laws of the Sanctification of the New Moon in this book, we will make clear the principle of this practice, and for what reason we do Rosh Hashana for two days in every place."
        }, 
        {
            "segmentNumber": "22", 
            "he": "יוֹם טוֹב שֵׁנִי אַף עַל פִּי שֶׁהוּא מִדִּבְרֵי סוֹפְרִים כָּל דָּבָר שֶׁאָסוּר בָּרִאשׁוֹן אָסוּר בַּשֵּׁנִי. וְכָל הַמְחַלֵּל יוֹם טוֹב שֵׁנִי וַאֲפִלּוּ שֶׁל רֹאשׁ הַשָּׁנָה בֵּין בְּדָבָר שֶׁהוּא מִשּׁוּם שְׁבוּת בֵּין בִּמְלָאכָה בֵּין שֶׁיָּצָא חוּץ לַתְּחוּם מַכִּין אוֹתוֹ מַכַּת מַרְדּוּת אוֹ מְנַדִּין אוֹתוֹ אִם לֹא יִהְיֶה מִן הַתַּלְמִידִים. וּכְשֵׁם שֶׁהָרִאשׁוֹן אָסוּר בַּהֶסְפֵּד וְתַעֲנִית וְחַיָּב בְּשִׂמְחָה כָּךְ הַשֵּׁנִי וְאֵין בֵּינֵיהֶן הֶפְרֵשׁ אֶלָּא לְעִנְיַן מֵת בִּלְבַד: \n", 
            "links": [], 
            "text": "The second day of a Holiday, even though it is from the words of the Sages, every thing that is forbidden on the first is forbidden on the second. And anyone who desecrates the second day of a Holiday, even if it Rosh Hashana, whether in a matter that was because of <i>shevut</i> [Rabbinically ordained resting] or creative labor or he went outside the limit, we lash with lashes of rebellion or ostracize him if he is not among the students [of Torah]. And just as on the first [day] it is forbidden regarding eulogies and fasting and one is obligated in joy, so too on the second. And there is no difference between them except only for the matter of one who dies ."
        }, 
        {
            "segmentNumber": "23", 
            "he": "כֵּיצַד. הַמֵּת בְּיוֹם טוֹב רִאשׁוֹן יִתְעַסְּקוּ בִּקְבוּרָתוֹ הַכּוּתִים וּבְיוֹם טוֹב שֵׁנִי יִתְעַסְּקוּ בּוֹ יִשְׂרָאֵל. וְעוֹשִׂין לוֹ כָּל צְרָכָיו כְּגוֹן עֲשִׂיַּת הַמִּטָּה וּתְפִירַת הַתַּכְרִיכִין וּקְצִיצַת הַבְּשָׂמִים וְכָל כַּיּוֹצֵא בָּזֶה. שֶׁיּוֹם טוֹב שֵׁנִי לְגַבֵּי הַמֵּת כְּחל הוּא חָשׁוּב וַאֲפִלּוּ בִּשְׁנֵי יָמִים טוֹבִים שֶׁל רֹאשׁ הַשָּׁנָה: \n", 
            "links": [], 
            "text": "How so? The one who dies on the first Holiday [day], non-Jews a non-Jew attends to his burial. But on the second [day] of a Holiday, Israel attends to it. And they perform all its requirements, for example making the bier, sewing shrouds, picking spices, and everything similar to this, in that the second [day] of a Holiday with regard to someone who died is considered like an ordinary day, and even on the second days of Rosh Hashana. "
        }, 
        {
            "segmentNumber": "24", 
            "he": "שְׁנֵי יָמִים טוֹבִים אֵלּוּ שֶׁל גָּלֻיּוֹת שְׁתֵּי קְדֻשּׁוֹת הֵן וְאֵינָן כְּיוֹם אֶחָד לְפִיכָךְ דָּבָר שֶׁהָיָה מֻקְצֶה בְּיוֹם טוֹב רִאשׁוֹן אוֹ שֶׁנּוֹלַד בָּרִאשׁוֹן אִם הֵכִין אוֹתוֹ לַשֵּׁנִי הֲרֵי זֶה מֻתָּר. כֵּיצַד. בֵּיצָה שֶׁנּוֹלְדָה בָּרִאשׁוֹן תֵּאָכֵל בַּשֵּׁנִי. חַיָּה וְעוֹף שֶׁנִּצּוֹדוּ בָּרִאשׁוֹן יֵאָכְלוּ בַּשֵּׁנִי. דָּבָר הַמְחֻבָּר לַקַּרְקַע שֶׁנֶּעֱקַר בָּרִאשׁוֹן יֵאָכֵל בַּשֵּׁנִי. וְכֵן מֻתָּר לִכְחל אֶת הָעַיִן בְּיוֹם טוֹב שֵׁנִי וְאַף עַל פִּי שֶׁאֵין שָׁם חלִי. בַּמֶּה דְּבָרִים אֲמוּרִים בִּשְׁנֵי יָמִים טוֹבִים שֶׁל גָּלֻיּוֹת אֲבָל שְׁנֵי יָמִים שֶׁל רֹאשׁ הַשָּׁנָה קְדֻשָּׁה אַחַת הֵן וּכְיוֹם אֶחָד הֵן חֲשׁוּבִים לְכָל אֵלּוּ הַדְּבָרִים אֶלָּא לְעִנְיַן הַמֵּת בִּלְבַד. אֲבָל בֵּיצָה שֶׁנּוֹלְדָה בָּרִאשׁוֹן שֶׁל רֹאשׁ הַשָּׁנָה אֲסוּרָה בַּשֵּׁנִי. וְכֵן כָּל כַּיּוֹצֵא בָּזֶה. שַׁבָּת הַסְּמוּכָה לְיוֹם טוֹב וְנוֹלְדָה בֵּיצָה בְּאֶחָד מֵהֶן אֲסוּרָה בַּשֵּׁנִי. וְכֵן כָּל כַּיּוֹצֵא בָּזֶה וַאֲפִלּוּ נוֹלְדָה בְּיוֹם שֵׁנִי לֹא תֵּאָכֵל בְּשַׁבָּת הַסְּמוּכָה לוֹ: \n", 
            "links": [], 
            "text": "These two festival days of the diaspora are two instances of holiness, and they are not like one day. Therefore, something that was <i>muktzeh</i> (set aside from use) on the first festival day, or that was born on the first, if he prepared it for the second, it is permitted. How so? An egg  that was laid on the first can be eaten on the second. A wild animal and a bird t hat were trapped on the first can be eaten on the second. Something connected to the ground that was uprooted on the first can be eaten on the second. And similarly, it is permitted to blue an eye on the second festival day, even though there is no sickness there. These words apply to the two festival days of the diaspora, bit the two days of New Year are one instance of holiness, and are considered like one day for all of these things, except only for the matter of the deceased. But, an egg that was laid on the first day of New Year is forbidden on the second, and similarly for all similar cases. If Sabbath was adjacent to a festival day, and an egg was laid on one of them, it is forbidden on the other, and similarly for all similar cases. And even if it was laid on the second day, it is not eaten on the Sabbath which is adjacent to it."
        }
    ], 
    "book": "Mishneh Torah, Rest on a Holiday", 
    "prev": null, 
    "textDepth": 2, 
    "sectionNames": [
        "Chapter", 
        "Halacha"
    ], 
    "sections": [
        1
    ], 
    "isComplex": false, 
    "titleVariants": [
        "Mishneh Torah, Hilkhot Shevitat Yom Tov", 
        "Rambam, Hilkhot Shevitat Yom Tov", 
        "Mishneh Torah, Hilchot Shevitat Yom Tov", 
        "Mishneh Torah, Shevitat Yom Tov", 
        "Rambam, Shevitat Yom Tov", 
        "Rambam, Hilchot Shevitat Yom Tov", 
        "Rambam, Rest on a Holiday", 
        "Mishneh Torah, Laws of Rest on a Holiday", 
        "Mishneh Torah, Rest on a Holiday", 
        "Rambam, Laws of Rest on a Holiday"
    ], 
    "categories": [
        "Halakhah", 
        "Mishneh Torah", 
        "Sefer Zemanim"
    ], 
    "ref": "Mishneh Torah, Rest on a Holiday 1", 
    "type": "Halakhah", 
    "addressTypes": [
        "Integer", 
        "Integer"
    ], 
    "length": 8, 
    "indexTitle": "Mishneh Torah, Rest on a Holiday", 
    "heIndexTitle": "משנה תורה, הלכות שביתת יום טוב", 
    "alts": [], 
    "order": [
        20, 
        4
    ]
}