{
    "heTitleVariants": [
        "רי\"ף קידושין"
    ], 
    "heTitle": "רי\"ף קידושין ד׳ א", 
    "content": [
        {
            "segmentNumber": "1", 
            "he": "שומא אמר רבי אלעזר    התקדשי לי במנה ונתן לה דינר הרי זו מקודשת וישלים מאי טעמא דכיון דאמר לה מנה ויהיב לה דינר כמאן דאמר לה ע\"מ דמי ואמר (ס\"א רב הונא אמר רב  ) רב אסי א\"ר אלעזר כל האומר ע\"מ כאומר מעכשיו דמי וכן הילכתא והני מילי היכא דאמר לה מנה סתם אבל אם א\"ל מנה זה והיה מונה והולך ורצה אחד מהן לחזור בו ואפילו בדינר האחרון הרשות בידו:", 
            "links": [
                {
                    "category": "Talmud", 
                    "sourceHeRef": "קידושין ח׳ א", 
                    "index_title": "Kiddushin", 
                    "sourceRef": "Kiddushin 8a"
                }
            ], 
            "text": ""
        }, 
        {
            "segmentNumber": "2", 
            "he": " תוספתא (מכילתין פ\"ב)  התקדשי לי במנה זו ונמצא מנה חסר דינר אחד או דינר נחושת אינה מקודשת היה בו דינר רע יחליף היה מונה ומשליך לתוך ידה ראשון ראשון יכולה היא שתחזור בה עד שעה שיגמור.", 
            "links": [], 
            "text": ""
        }, 
        {
            "segmentNumber": "3", 
            "he": "(תוספתא שם) זה אומר במנה וזה אומר במאתים והלך זה לביתו וזה לביתו ואחר כך תבעו זה את זה וקידשו אם האיש תבע את האשה יעשו דברי האשה ואם האשה תבעה את האיש יעשו דברי האיש וכן  המוכר חפץ לחברו זה אומר במנה וזה אומר במאתים והלך זה לביתו וזה לביתו ואחר כך תבעו זה את זה אם הלוקח תבע את המוכר יעשו דברי המוכר ואם המוכר תבע את הלוקח יעשו דברי הלוקח אמר רבא אמר רב נחמן אמר לה  התקדשי לי במנה והניח לה משכון עליהם אינה ", 
            "links": [], 
            "text": ""
        }
    ], 
    "heRef": "רי\"ף קידושין ד׳ א", 
    "toSections": [
        "4a"
    ], 
    "sectionRef": "Rif Kiddushin 4a", 
    "title": "Rif Kiddushin 4a", 
    "next": "Rif Kiddushin 4b", 
    "heBook": "רי\"ף קידושין", 
    "book": "Rif Kiddushin", 
    "prev": "Rif Kiddushin 3b", 
    "textDepth": 2, 
    "sectionNames": [
        "Daf", 
        "Peirush"
    ], 
    "sections": [
        "4a"
    ], 
    "isComplex": false, 
    "titleVariants": [
        "Rif Kiddushin"
    ], 
    "categories": [
        "Talmud", 
        "Rif", 
        "Seder Nashim"
    ], 
    "ref": "Rif Kiddushin 4a", 
    "type": "Talmud", 
    "addressTypes": [
        "Talmud", 
        "Integer"
    ], 
    "indexTitle": "Rif Kiddushin", 
    "heIndexTitle": "רי\"ף קידושין", 
    "alts": [], 
    "order": ""
}