{
    "sections": {
        "Kessef Mishneh on Mishneh Torah, Ownerless Property and Gifts 9:4": {
            "content": [
                {
                    "segmentNumber": "1", 
                    "links": [
                        {
                            "category": "Halakhah", 
                            "index_title": "Mishneh Torah, Ownerless Property and Gifts", 
                            "sourceHeRef": "משנה תורה, הלכות זכייה ומתנה ט׳:ד׳", 
                            "sourceRef": "Mishneh Torah, Ownerless Property and Gifts 9:4"
                        }
                    ], 
                    "he": "<b><small>(ג-ד)</small> שכ''מ שאמר מנה לפלוני בידי וכו' לפיכך אם היה דרך הודאה ולא היה שם הערמה.</b> כלומר שלא יהא חשש בדבר לומר שלא להשביע את בניו הודה כן כגון שהודה לפני בעל דבר או שהיה [בלא יורשים] כגון ההיא דאיסור גיורא דלא הוה שייך לומר ביה שלא להשביע את בניו שהרי לא היו לו יורשים: \n\n"
                }
            ], 
            "heTitle": "כסף משנה על משנה תורה, הלכות זכייה ומתנה", 
            "indexTitle": "Kessef Mishneh on Mishneh Torah, Ownerless Property and Gifts", 
            "sectionRef": "Kessef Mishneh on Mishneh Torah, Ownerless Property and Gifts 9:4", 
            "prev": "Kessef Mishneh on Mishneh Torah, Ownerless Property and Gifts 9:2", 
            "ref": "Kessef Mishneh on Mishneh Torah, Ownerless Property and Gifts 9:4", 
            "heRef": "כסף משנה על משנה תורה, הלכות זכייה ומתנה ט׳:ד׳", 
            "next": "Kessef Mishneh on Mishneh Torah, Ownerless Property and Gifts 10:12"
        }, 
        "Kessef Mishneh on Mishneh Torah, Ownerless Property and Gifts 9:3": {
            "content": [], 
            "heTitle": "כסף משנה על משנה תורה, הלכות זכייה ומתנה", 
            "indexTitle": "Kessef Mishneh on Mishneh Torah, Ownerless Property and Gifts", 
            "sectionRef": "Kessef Mishneh on Mishneh Torah, Ownerless Property and Gifts 9:3", 
            "prev": "Kessef Mishneh on Mishneh Torah, Ownerless Property and Gifts 9:2", 
            "ref": "Kessef Mishneh on Mishneh Torah, Ownerless Property and Gifts 9:3", 
            "heRef": "כסף משנה על משנה תורה, הלכות זכייה ומתנה ט׳:ג׳", 
            "next": "Kessef Mishneh on Mishneh Torah, Ownerless Property and Gifts 9:4"
        }, 
        "Kessef Mishneh on Mishneh Torah, Ownerless Property and Gifts 9:2": {
            "content": [
                {
                    "segmentNumber": "1", 
                    "links": [
                        {
                            "category": "Halakhah", 
                            "index_title": "Mishneh Torah, Ownerless Property and Gifts", 
                            "sourceHeRef": "משנה תורה, הלכות זכייה ומתנה ט׳:ב׳", 
                            "sourceRef": "Mishneh Torah, Ownerless Property and Gifts 9:2"
                        }
                    ], 
                    "he": "<b>וכן אם אמר הלואה או פקדון וכו'.</b> כתב ה''ה וכ''נ דעת המחבר שלא הזכיר הוא וכל שעבודו ויש לי לחלק בין זה לההיא דדירה וכו'. הר''ן בפ' מי שמת גבי ההיא דשכיב מרע שאמר ידור פלוני בבית זה כתב שאפשר לו לקיים דברי רבינו דכל שכ''מ שמתחיל הדבר בדבר שיש לו להתחיל אע''פ שלא גמרו אנו גומרין דבריו וכדאמרינן בשכיב מרע שאמר כתבו גט לאשתי כתבו ותנו קאמר שכך דרכו של שכ''מ מתחיל בדבר ונשמט בדרך קצרה ולפיכך אימיה דרב עמרם שאמרה בהנהו שטרי להוו לעמרם ברי כבר התחילה בהקנאתן של שטרות אין לנו אלא לומר שאף השעבוד בכלל דבריה אלא שלא פירשה כל צרכה ומכיון שחלה הקנאתה בגופן של שטרות לא חלה לחצאין אבל שכ''מ שאמר ידור פלוני בבית זה אין זה חלות לדבריו לא בכל ולא במקצת ואין לנו לחדש לשון אחר לגמרי כדי שתתקיים כוונתו. ולפי זה ההיא דאימיה דרב עמרם אתיא כפשטה דמכיון שאמרה להוו לעמרם הרי הכל בכלל דבריה אינו אלא פירוש שאנו עושים לדבריה עכ''ל: \n\n"
                }
            ], 
            "heTitle": "כסף משנה על משנה תורה, הלכות זכייה ומתנה", 
            "indexTitle": "Kessef Mishneh on Mishneh Torah, Ownerless Property and Gifts", 
            "sectionRef": "Kessef Mishneh on Mishneh Torah, Ownerless Property and Gifts 9:2", 
            "prev": "Kessef Mishneh on Mishneh Torah, Ownerless Property and Gifts 8:26", 
            "ref": "Kessef Mishneh on Mishneh Torah, Ownerless Property and Gifts 9:2", 
            "heRef": "כסף משנה על משנה תורה, הלכות זכייה ומתנה ט׳:ב׳", 
            "next": "Kessef Mishneh on Mishneh Torah, Ownerless Property and Gifts 9:4"
        }, 
        "Kessef Mishneh on Mishneh Torah, Ownerless Property and Gifts 9:1": {
            "content": [], 
            "heTitle": "כסף משנה על משנה תורה, הלכות זכייה ומתנה", 
            "indexTitle": "Kessef Mishneh on Mishneh Torah, Ownerless Property and Gifts", 
            "sectionRef": "Kessef Mishneh on Mishneh Torah, Ownerless Property and Gifts 9:1", 
            "prev": "Kessef Mishneh on Mishneh Torah, Ownerless Property and Gifts 8:26", 
            "ref": "Kessef Mishneh on Mishneh Torah, Ownerless Property and Gifts 9:1", 
            "heRef": "כסף משנה על משנה תורה, הלכות זכייה ומתנה ט׳:א׳", 
            "next": "Kessef Mishneh on Mishneh Torah, Ownerless Property and Gifts 9:2"
        }
    }, 
    "ref": "Kessef Mishneh on Mishneh Torah, Ownerless Property and Gifts 9"
}