{
    "content": [
        {
            "segmentNumber": "1", 
            "links": [
                {
                    "category": "Commentary", 
                    "index_title": "Rashi on Menachot", 
                    "sourceHeRef": "רש\"י על מנחות ק״ח ב:א׳:א׳", 
                    "sourceRef": "Rashi on Menachot 108b:1:1"
                }
            ], 
            "he": "<big><strong>גמ׳</strong></big> והא אמרת רישא"
        }, 
        {
            "segmentNumber": "2", 
            "links": [
                {
                    "category": "Commentary", 
                    "index_title": "Rashi on Menachot", 
                    "sourceHeRef": "רש\"י על מנחות ק״ח ב:ב׳:א׳", 
                    "sourceRef": "Rashi on Menachot 108b:2:1"
                }
            ], 
            "he": "שור במנה והביא שנים במנה לא יצא"
        }, 
        {
            "segmentNumber": "3", 
            "links": [
                {
                    "category": "Commentary", 
                    "index_title": "Rashi on Menachot", 
                    "sourceHeRef": "רש\"י על מנחות ק״ח ב:ג׳:א׳", 
                    "sourceRef": "Rashi on Menachot 108b:3:1"
                }
            ], 
            "he": "שור זה ונסתאב שאני:"
        }, 
        {
            "segmentNumber": "4", 
            "he": "שני שוורין אלו עולה ונסתאבו רצה יביא בדמיהן אחד ורבי אוסר:"
        }, 
        {
            "segmentNumber": "5", 
            "he": "מאי טעמא"
        }, 
        {
            "segmentNumber": "6", 
            "links": [
                {
                    "category": "Commentary", 
                    "index_title": "Rashi on Menachot", 
                    "sourceHeRef": "רש\"י על מנחות ק״ח ב:ו׳:א׳", 
                    "sourceRef": "Rashi on Menachot 108b:6:1"
                }, 
                {
                    "category": "Commentary", 
                    "index_title": "Rashi on Menachot", 
                    "sourceHeRef": "רש\"י על מנחות ק״ח ב:ו׳:ב׳", 
                    "sourceRef": "Rashi on Menachot 108b:6:2"
                }
            ], 
            "he": "משום דהוה ליה גדול והביא קטן ואף על גב דנסתאב לכתחילה לא שרי רבי"
        }, 
        {
            "segmentNumber": "7", 
            "links": [
                {
                    "category": "Commentary", 
                    "index_title": "Rashi on Menachot", 
                    "sourceHeRef": "רש\"י על מנחות ק״ח ב:ז׳:א׳", 
                    "sourceRef": "Rashi on Menachot 108b:7:1"
                }
            ], 
            "he": "ולפלוג נמי ברישא"
        }, 
        {
            "segmentNumber": "8", 
            "he": "רבי אכולה מילתא פליג ונטר להו לרבנן עד דמסקי מילתייהו והדר מיפליג עלייהו"
        }, 
        {
            "segmentNumber": "9", 
            "links": [
                {
                    "category": "Commentary", 
                    "index_title": "Rashi on Menachot", 
                    "sourceHeRef": "רש\"י על מנחות ק״ח ב:ט׳:א׳", 
                    "sourceRef": "Rashi on Menachot 108b:9:1"
                }
            ], 
            "he": "תדע דקתני"
        }, 
        {
            "segmentNumber": "10", 
            "he": "איל זה עולה ונסתאב רצה יביא בדמיו כבש"
        }, 
        {
            "segmentNumber": "11", 
            "links": [
                {
                    "category": "Commentary", 
                    "index_title": "Rashi on Menachot", 
                    "sourceHeRef": "רש\"י על מנחות ק״ח ב:י״א:א׳", 
                    "sourceRef": "Rashi on Menachot 108b:11:1"
                }
            ], 
            "he": "כבש זה לעולה ונסתאב רצה יביא בדמיו איל ורבי אוסר"
        }, 
        {
            "segmentNumber": "12", 
            "he": "שמע מינה:"
        }, 
        {
            "segmentNumber": "13", 
            "he": "איבעיא להו"
        }, 
        {
            "segmentNumber": "14", 
            "links": [
                {
                    "category": "Commentary", 
                    "index_title": "Rashi on Menachot", 
                    "sourceHeRef": "רש\"י על מנחות ק״ח ב:י״ד:א׳", 
                    "sourceRef": "Rashi on Menachot 108b:14:1"
                }
            ], 
            "he": "ממינא למינא מאי"
        }, 
        {
            "segmentNumber": "15", 
            "he": "תא שמע"
        }, 
        {
            "segmentNumber": "16", 
            "links": [
                {
                    "category": "Commentary", 
                    "index_title": "Rashi on Menachot", 
                    "sourceHeRef": "רש\"י על מנחות ק״ח ב:ט״ז:א׳", 
                    "sourceRef": "Rashi on Menachot 108b:16:1"
                }, 
                {
                    "category": "Commentary", 
                    "index_title": "Rashi on Menachot", 
                    "sourceHeRef": "רש\"י על מנחות ק״ח ב:ט״ז:ב׳", 
                    "sourceRef": "Rashi on Menachot 108b:16:2"
                }, 
                {
                    "category": "Commentary", 
                    "index_title": "Tosafot on Menachot", 
                    "sourceHeRef": "תוספות על מנחות ק״ח ב:ט״ז:א׳", 
                    "sourceRef": "Tosafot on Menachot 108b:16:1"
                }
            ], 
            "he": "שור זה עולה ונסתאב לא יביא בדמיו איל אבל מביא בדמיו שני אילים ורבי אוסר לפי שאין בילה"
        }, 
        {
            "segmentNumber": "17", 
            "he": "שמע מינה"
        }, 
        {
            "segmentNumber": "18", 
            "links": [
                {
                    "category": "Commentary", 
                    "index_title": "Rashi on Menachot", 
                    "sourceHeRef": "רש\"י על מנחות ק״ח ב:י״ח:א׳", 
                    "sourceRef": "Rashi on Menachot 108b:18:1"
                }
            ], 
            "he": "אי הכי מאי איריא תרי"
        }, 
        {
            "segmentNumber": "19", 
            "he": "אפילו חד נמי דהא בנסתאב לרבנן לא שני להו בין גדול לקטן"
        }, 
        {
            "segmentNumber": "20", 
            "links": [
                {
                    "category": "Commentary", 
                    "index_title": "Rashi on Menachot", 
                    "sourceHeRef": "רש\"י על מנחות ק״ח ב:כ׳:א׳", 
                    "sourceRef": "Rashi on Menachot 108b:20:1"
                }
            ], 
            "he": "תרי תנאי ואליבא דרבנן:"
        }, 
        {
            "segmentNumber": "21", 
            "he": "רבי אוסר לפי שאין בילה:"
        }, 
        {
            "segmentNumber": "22", 
            "links": [
                {
                    "category": "Commentary", 
                    "index_title": "Rashi on Menachot", 
                    "sourceHeRef": "רש\"י על מנחות ק״ח ב:כ״ב:א׳", 
                    "sourceRef": "Rashi on Menachot 108b:22:1"
                }
            ], 
            "he": "טעמא דאין בילה הא יש בילה שרי והתנן"
        }, 
        {
            "segmentNumber": "23", 
            "he": "איל זה עולה ונסתאב רצה יביא בדמיו כבש "
        }, 
        {
            "segmentNumber": "24", 
            "links": [
                {
                    "category": "Commentary", 
                    "index_title": "Rashi on Menachot", 
                    "sourceHeRef": "רש\"י על מנחות ק״ח ב:כ״ד:א׳", 
                    "sourceRef": "Rashi on Menachot 108b:24:1"
                }
            ], 
            "he": "כבש זה עולה ונסתאב יביא בדמיו איל ורבי אוסר"
        }, 
        {
            "segmentNumber": "25", 
            "links": [
                {
                    "category": "Commentary", 
                    "index_title": "Rashi on Menachot", 
                    "sourceHeRef": "רש\"י על מנחות ק״ח ב:כ״ה:א׳", 
                    "sourceRef": "Rashi on Menachot 108b:25:1"
                }
            ], 
            "he": "תרי תנאי ואליבא דרבי"
        }, 
        {
            "segmentNumber": "26", 
            "links": [
                {
                    "category": "Commentary", 
                    "index_title": "Rashi on Menachot", 
                    "sourceHeRef": "רש\"י על מנחות ק״ח ב:כ״ו:א׳", 
                    "sourceRef": "Rashi on Menachot 108b:26:1"
                }
            ], 
            "he": "ובטהורים עגל והביא פר כבש והביא איל יצא"
        }, 
        {
            "segmentNumber": "27", 
            "he": "סתמא כרבנן:"
        }, 
        {
            "segmentNumber": "28", 
            "he": "רצה יביא בדמיו ב' [כו']:"
        }, 
        {
            "segmentNumber": "29", 
            "he": "אמר רב מנשיא בר זביד אמר רב"
        }, 
        {
            "segmentNumber": "30", 
            "links": [
                {
                    "category": "Commentary", 
                    "index_title": "Rashi on Menachot", 
                    "sourceHeRef": "רש\"י על מנחות ק״ח ב:ל׳:א׳", 
                    "sourceRef": "Rashi on Menachot 108b:30:1"
                }
            ], 
            "he": "לא שנו אלא דאמר שור זה עולה אבל אמר שור זה עלי עולה הוקבע"
        }, 
        {
            "segmentNumber": "31", 
            "links": [
                {
                    "category": "Commentary", 
                    "index_title": "Rashi on Menachot", 
                    "sourceHeRef": "רש\"י על מנחות ק״ח ב:ל״א:א׳", 
                    "sourceRef": "Rashi on Menachot 108b:31:1"
                }
            ], 
            "he": "ודלמא עלי להביאו קאמר"
        }, 
        {
            "segmentNumber": "32", 
            "he": "אלא אי איתמר הכי איתמר אמר רב מנשיא בר זביד אמר רב"
        }, 
        {
            "segmentNumber": "33", 
            "he": "לא שנו אלא דאמר שור זה עולה אי נמי אמר שור זה עלי עולה אבל אמר שור זה ודמיו עלי עולה הוקבע:"
        }, 
        {
            "segmentNumber": "34", 
            "links": [
                {
                    "category": "Commentary", 
                    "index_title": "Rashi on Menachot", 
                    "sourceHeRef": "רש\"י על מנחות ק״ח ב:ל״ד:א׳", 
                    "sourceRef": "Rashi on Menachot 108b:34:1"
                }, 
                {
                    "category": "Commentary", 
                    "index_title": "Rashi on Menachot", 
                    "sourceHeRef": "רש\"י על מנחות ק״ח ב:ל״ד:ב׳", 
                    "sourceRef": "Rashi on Menachot 108b:34:2"
                }
            ], 
            "he": "<big><strong>מתני׳</strong></big> האומר אחד מכבשי הקדש ואחד משורי הקדש והיו לו שנים הגדול שבהן הקדש שלשה בינוני שבהם הקדש"
        }, 
        {
            "segmentNumber": "35", 
            "links": [
                {
                    "category": "Commentary", 
                    "index_title": "Rashi on Menachot", 
                    "sourceHeRef": "רש\"י על מנחות ק״ח ב:ל״ה:א׳", 
                    "sourceRef": "Rashi on Menachot 108b:35:1"
                }, 
                {
                    "category": "Commentary", 
                    "index_title": "Rashi on Menachot", 
                    "sourceHeRef": "רש\"י על מנחות ק״ח ב:ל״ה:ב׳", 
                    "sourceRef": "Rashi on Menachot 108b:35:2"
                }, 
                {
                    "category": "Commentary", 
                    "index_title": "Rashi on Menachot", 
                    "sourceHeRef": "רש\"י על מנחות ק״ח ב:ל״ה:ג׳", 
                    "sourceRef": "Rashi on Menachot 108b:35:3"
                }, 
                {
                    "category": "Commentary", 
                    "index_title": "Rashi on Menachot", 
                    "sourceHeRef": "רש\"י על מנחות ק״ח ב:ל״ה:ד׳", 
                    "sourceRef": "Rashi on Menachot 108b:35:4"
                }
            ], 
            "he": "פירשתי ואיני יודע מה שפירשתי או שאמר לי אבא ואיני יודע מה הגדול שבהן הקדש:"
        }, 
        {
            "segmentNumber": "36", 
            "he": "<big><strong>גמ׳</strong></big> אלמא מקדיש בעין יפה מקדיש"
        }, 
        {
            "segmentNumber": "37", 
            "he": "אימא סיפא"
        }, 
        {
            "segmentNumber": "38", 
            "he": "בינוני שבהן הקדש אלמא מקדיש בעין רעה מקדיש"
        }, 
        {
            "segmentNumber": "39", 
            "he": "אמר שמואל"
        }, 
        {
            "segmentNumber": "40", 
            "links": [
                {
                    "category": "Commentary", 
                    "index_title": "Rashi on Menachot", 
                    "sourceHeRef": "רש\"י על מנחות ק״ח ב:מ׳:א׳", 
                    "sourceRef": "Rashi on Menachot 108b:40:1"
                }
            ], 
            "he": "חוששין אף לבינוני דלגבי קטן עין יפה הוא"
        }, 
        {
            "segmentNumber": "41", 
            "links": [
                {
                    "category": "Commentary", 
                    "index_title": "Rashi on Menachot", 
                    "sourceHeRef": "רש\"י על מנחות ק״ח ב:מ״א:א׳", 
                    "sourceRef": "Rashi on Menachot 108b:41:1"
                }
            ], 
            "he": "היכי עביד"
        }, 
        {
            "segmentNumber": "42", 
            "he": "אמר רבי חייא בר רב"
        }, 
        {
            "segmentNumber": "43", 
            "links": [
                {
                    "category": "Commentary", 
                    "index_title": "Rashi on Menachot", 
                    "sourceHeRef": "רש\"י על מנחות ק״ח ב:מ״ג:א׳", 
                    "sourceRef": "Rashi on Menachot 108b:43:1"
                }
            ], 
            "he": "ממתין לו עד שיומם ומחיל ליה לקדושתיה בגדול"
        }, 
        {
            "segmentNumber": "44", 
            "he": "אמר רב נחמן אמר רבה בר אבוה"
        }, 
        {
            "segmentNumber": "45", 
            "links": [
                {
                    "category": "Commentary", 
                    "index_title": "Rashi on Menachot", 
                    "sourceHeRef": "רש\"י על מנחות ק״ח ב:מ״ה:א׳", 
                    "sourceRef": "Rashi on Menachot 108b:45:1"
                }, 
                {
                    "category": "Commentary", 
                    "index_title": "Rashi on Menachot", 
                    "sourceHeRef": "רש\"י על מנחות ק״ח ב:מ״ה:ב׳", 
                    "sourceRef": "Rashi on Menachot 108b:45:2"
                }
            ], 
            "he": "לא שנו אלא דאמר אחד משוורי הקדש אבל אמר שור בשוורי הקדש הגדול שבהן הקדש תורא בתוראי קאמר"
        }, 
        {
            "segmentNumber": "46", 
            "he": "איני"
        }, 
        {
            "segmentNumber": "47", 
            "he": "והאמר רב הונא אמר ר' חייא משמיה דעולא"
        }, 
        {
            "segmentNumber": "48", 
            "links": [
                {
                    "category": "Commentary", 
                    "index_title": "Rashi on Menachot", 
                    "sourceHeRef": "רש\"י על מנחות ק״ח ב:מ״ח:א׳", 
                    "sourceRef": "Rashi on Menachot 108b:48:1"
                }
            ], 
            "he": "האומר לחבירו בית בביתי אני מוכר לך מראהו עלייה לאו משום דגריע"
        }, 
        {
            "segmentNumber": "49", 
            "he": "לא מעולה שבבתים:"
        }, 
        {
            "segmentNumber": "50", 
            "he": "מיתיבי"
        }, 
        {
            "segmentNumber": "51", 
            "links": [
                {
                    "category": "Commentary", 
                    "index_title": "Rashi on Menachot", 
                    "sourceHeRef": "רש\"י על מנחות ק״ח ב:נ״א:א׳", 
                    "sourceRef": "Rashi on Menachot 108b:51:1"
                }, 
                {
                    "category": "Commentary", 
                    "index_title": "Rashi on Menachot", 
                    "sourceHeRef": "רש\"י על מנחות ק״ח ב:נ״א:ב׳", 
                    "sourceRef": "Rashi on Menachot 108b:51:2"
                }, 
                {
                    "category": "Commentary", 
                    "index_title": "Rashi on Menachot", 
                    "sourceHeRef": "רש\"י על מנחות ק״ח ב:נ״א:ג׳", 
                    "sourceRef": "Rashi on Menachot 108b:51:3"
                }
            ], 
            "he": "שור בשוורי הקדש וכן שור של הקדש שנתערב באחרים הגדול שבהן הקדש וכולם ימכרו לצרכי עולות ודמיהן חולין"
        }, 
        {
            "segmentNumber": "52", 
            "links": [
                {
                    "category": "Commentary", 
                    "index_title": "Rashi on Menachot", 
                    "sourceHeRef": "רש\"י על מנחות ק״ח ב:נ״ב:א׳", 
                    "sourceRef": "Rashi on Menachot 108b:52:1"
                }, 
                {
                    "category": "Commentary", 
                    "index_title": "Rashi on Menachot", 
                    "sourceHeRef": "רש\"י על מנחות ק״ח ב:נ״ב:ב׳", 
                    "sourceRef": "Rashi on Menachot 108b:52:2"
                }
            ], 
            "he": "תרגומא אשור של הקדש שנתערב באחרים"
        }, 
        {
            "segmentNumber": "53", 
            "links": [
                {
                    "category": "Commentary", 
                    "index_title": "Rashi on Menachot", 
                    "sourceHeRef": "רש\"י על מנחות ק״ח ב:נ״ג:א׳", 
                    "sourceRef": "Rashi on Menachot 108b:53:1"
                }
            ], 
            "he": "והא וכן קאמר"
        }, 
        {
            "segmentNumber": "54", 
            "links": [
                {
                    "category": "Commentary", 
                    "index_title": "Rashi on Menachot", 
                    "sourceHeRef": "רש\"י על מנחות ק״ח ב:נ״ד:א׳", 
                    "sourceRef": "Rashi on Menachot 108b:54:1"
                }
            ], 
            "he": "תרגומא אגדול:"
        }, 
        {
            "segmentNumber": "55", 
            "he": "מיתיבי"
        }, 
        {
            "segmentNumber": "56", 
            "links": [
                {
                    "category": "Commentary", 
                    "index_title": "Rashi on Menachot", 
                    "sourceHeRef": "רש\"י על מנחות ק״ח ב:נ״ו:א׳", 
                    "sourceRef": "Rashi on Menachot 108b:56:1"
                }
            ], 
            "he": "בית בביתי אני מוכר לך ונפל מראהו נפול"
        }, 
        {
            "segmentNumber": "57", 
            "he": "עבד בעבדיי אני מוכר לך ומת מראהו מת"
        }
    ], 
    "heTitle": "מנחות ק״ח ב", 
    "indexTitle": "Menachot", 
    "sectionRef": "Menachot 108b", 
    "prev": "Menachot 108a", 
    "ref": "Menachot 108b", 
    "heRef": "מנחות ק״ח ב", 
    "next": "Menachot 109a"
}