{
    "heTitleVariants": [
        "שד\"ל על ויקרא"
    ], 
    "heTitle": "שד\"ל על ויקרא", 
    "commentaryBook": "Leviticus", 
    "heRef": "שד\"ל על ויקרא ט׳", 
    "toSections": [
        9
    ], 
    "sectionRef": "Shadal on Leviticus 9", 
    "title": "Shadal on Leviticus 9", 
    "lengths": [
        27, 
        859
    ], 
    "next": "Shadal on Leviticus 19:18", 
    "content": [], 
    "book": "Shadal on Leviticus", 
    "prev": null, 
    "textDepth": 3, 
    "sectionNames": [
        "Chapter", 
        "Verse", 
        "Comment"
    ], 
    "sections": [
        9
    ], 
    "commentator": "Shadal", 
    "isComplex": false, 
    "commentaryCategories": [
        "Tanach", 
        "Torah"
    ], 
    "titleVariants": [
        "Shadal on Vayikra", 
        "Shadal on Lev.", 
        "Shadal on Lev", 
        "Shadal on Leviticus"
    ], 
    "categories": [
        "Commentary", 
        "Tanach", 
        "Shadal"
    ], 
    "ref": "Shadal on Leviticus 9", 
    "type": "Commentary", 
    "addressTypes": [
        "Integer", 
        "Integer", 
        "Integer"
    ], 
    "heCommentator": "שד\"ל", 
    "length": 27, 
    "indexTitle": "Shadal on Leviticus", 
    "heIndexTitle": "שד\"ל על ויקרא", 
    "alts": [], 
    "order": [
        3, 
        3
    ]
}