{
    "heTitleVariants": [
        "מהר\"ם שיף על כתובות"
    ], 
    "heTitle": "מהר\"ם שיף על כתובות נ״ח א", 
    "content": [
        {
            "segmentNumber": "1", 
            "he": "בתד\"ה הנהו קלא כו' דפריך הממע\"ה כו'. מבואר בפשיטות בראותך שם בגמ' [עי' במהרש\"א] ולבלי צורך הגיה ח\"ש ונמשכו אחריו המדפיסים והלא תראה בתוס' פ\"ק דקידושין דף י\"א ושם השיב ימינו אחור מלהגיה כי אי אפשר ליפול טעות שוה בשני מקומות חסרון גדול כזה וק\"ל: <br>בתד\"ה ואפילו כולן כו' ואסמכתא בעלמא כו'. ולשון הגמרא הכא והאי קנין דאחיו הוא מישבו שם בדוחק בתוס' ביבמות פרק אלמנה דף ס\"ח גבי היבם אינו מאכיל: ", 
            "links": [], 
            "text": ""
        }, 
        {
            "segmentNumber": "2", 
            "he": "בא\"ד <b>דומיא דהגעת זמן כו'   דאי אחר ביאה כו'.  </b> שני טעמים בתערובות ע\"ש בתוס' [ביבמות דלא נקטו רק דאי כו'] ואפ\"ל שרצו להביא ראיה דלגמרי דלא כרש\"י דלרש\"י היבם אינו מאכיל מדאורייתא אפילו נתאלמנה מן הנשואין שאכלה בחיי בעלה ולר\"ת אוכלת אפילו לא אכלה אצל הראשון [ר\"ל אפילו לא נישאת רק הגיע זמן] ואפילו לא בא עליה היבם והא דאוכלת בלא ביאת היבם ודאי נסתיים דאי אחר ביאה פשיטא דאשתו גמורה היא ושלא תימא דוקא כשאכלה בחיי בעל לז\"א דמשמע אפילו כשמתו כו' דומיא דהגעת זמן כו' וה\"נ אוכלת ביבם אפילו בהגיע זמן לחוד ולא נישאו לבעל הראשון: ", 
            "links": [], 
            "text": ""
        }, 
        {
            "segmentNumber": "3", 
            "he": "בא\"ד <b>ולא היבמה עד שתיבעל.  </b> משמע דלמשנה הראשונה אוכלת בלא בעלה: ", 
            "links": [], 
            "text": ""
        }, 
        {
            "segmentNumber": "4", 
            "he": "בא\"ד <b>דאינו חייב היבם במזונות אא\"כ עמד בדין וברח כדאמרי' בהחולץ.  </b> וכדלקמן פרק שני דייני: ", 
            "links": [], 
            "text": ""
        }, 
        {
            "segmentNumber": "5", 
            "he": "בא\"ד <b>וא\"ת ומאחר וכו'   שנפלה מן הנישואין למה אסורה למשנה אחרונה עד שתיבעל.  </b> דאף במן הנישואין משמע דאסורה למשנה אחרונה דלא משכח היתירא אלא עד שתיבעל ועוד דבלא נישואין היאך תליא [הך דיבם] במשנה אחרונה דבשניהם היכא שאכלה בחיי בעלה אכלה נמי ביבם [א\"כ לא נגרע אכילתה ביבם מחמת משנה אחרונה דגם למשנה הראשונה עכ\"פ לא עדיף יבם מבעל וא\"כ מאחר דבעל אינו מאכיל למשנה אחרונה ממילא גם ביבם אסורה א\"ו אפי' בנשואין] ודו\"ק: ", 
            "links": [], 
            "text": ""
        }, 
        {
            "segmentNumber": "6", 
            "he": "בא\"ד <b>וי\"ל דמאחר שאסרו ארוסה שהגיע זמנה כו'  .  </b> ולא כתבו דמאחר שאסרו יבמה שהגיע זמנה דדמיא טפי ז\"א [דבאמת ליכא למיגזר נפלה מן הנישואין משום נפלה מן האירוסין דלא דמיא ולא גזרינן רק משום הגיע זמן דאסורה בחיי בעל דדמיא להדדי דשניהם זמן כניסתן לאלתר] וק\"ל: <br>בתד\"ה השתא כו'. עיין בח\"ש שהקשה לעיל לפי' ר\"ת נמי תיקשי מסיפא מכולן בפני היבם חוץ מיום אחד בפני הבעל משמע הא כולן בפני היבם אוכלת כמו שהקשה ר\"ת לרש\"י מרישא דכולן כו'. ואין סברא לומר לפירוש ר\"ת אה\"נ בכולן בפני היבם אוכלת [וכמ\"ש מהרש\"א]. והנראה לי שגירסת ר\"ת בסיפא או כולן בפני היבם ולא גריס חוץ מיום א' כו' וכן הוא באשר\"י ודו\"ק גם עיין בר\"ן כאן ובנדרים דף ע' ודו\"ק:  ", 
            "links": [], 
            "text": ""
        }
    ], 
    "heRef": "מהר\"ם שיף על כתובות נ״ח א", 
    "toSections": [
        "58a"
    ], 
    "sectionRef": "Maharam Shif on Ketubot 58a", 
    "title": "Maharam Shif on Ketubot 58a", 
    "next": "Maharam Shif on Ketubot 58b", 
    "heBook": "מהר\"ם שיף על כתובות", 
    "book": "Maharam Shif on Ketubot", 
    "prev": "Maharam Shif on Ketubot 57b", 
    "textDepth": 2, 
    "sectionNames": [
        "Daf", 
        "Comment"
    ], 
    "sections": [
        "58a"
    ], 
    "isComplex": false, 
    "titleVariants": [
        "Maharam Shif on Ketubot"
    ], 
    "categories": [
        "Commentary2", 
        "Talmud", 
        "Maharam Shif"
    ], 
    "ref": "Maharam Shif on Ketubot 58a", 
    "type": "Commentary2", 
    "addressTypes": [
        "Talmud", 
        "Integer"
    ], 
    "indexTitle": "Maharam Shif on Ketubot", 
    "heIndexTitle": "מהר\"ם שיף על כתובות", 
    "alts": [], 
    "order": ""
}