{
    "sections": {
        "Kessef Mishneh on Mishneh Torah, Forbidden Intercourse 6:2": {
            "content": [], 
            "heTitle": "כסף משנה על משנה תורה, הלכות איסורי ביאה", 
            "indexTitle": "Kessef Mishneh on Mishneh Torah, Forbidden Intercourse", 
            "sectionRef": "Kessef Mishneh on Mishneh Torah, Forbidden Intercourse 6:2", 
            "prev": "Kessef Mishneh on Mishneh Torah, Forbidden Intercourse 5:14", 
            "ref": "Kessef Mishneh on Mishneh Torah, Forbidden Intercourse 6:2", 
            "heRef": "כסף משנה על משנה תורה, הלכות איסורי ביאה ו׳:ב׳", 
            "next": "Kessef Mishneh on Mishneh Torah, Forbidden Intercourse 6:7"
        }, 
        "Kessef Mishneh on Mishneh Torah, Forbidden Intercourse 6:3": {
            "content": [], 
            "heTitle": "כסף משנה על משנה תורה, הלכות איסורי ביאה", 
            "indexTitle": "Kessef Mishneh on Mishneh Torah, Forbidden Intercourse", 
            "sectionRef": "Kessef Mishneh on Mishneh Torah, Forbidden Intercourse 6:3", 
            "prev": "Kessef Mishneh on Mishneh Torah, Forbidden Intercourse 5:14", 
            "ref": "Kessef Mishneh on Mishneh Torah, Forbidden Intercourse 6:3", 
            "heRef": "כסף משנה על משנה תורה, הלכות איסורי ביאה ו׳:ג׳", 
            "next": "Kessef Mishneh on Mishneh Torah, Forbidden Intercourse 6:7"
        }, 
        "Kessef Mishneh on Mishneh Torah, Forbidden Intercourse 6:12": {
            "content": [], 
            "heTitle": "כסף משנה על משנה תורה, הלכות איסורי ביאה", 
            "indexTitle": "Kessef Mishneh on Mishneh Torah, Forbidden Intercourse", 
            "sectionRef": "Kessef Mishneh on Mishneh Torah, Forbidden Intercourse 6:12", 
            "prev": "Kessef Mishneh on Mishneh Torah, Forbidden Intercourse 6:7", 
            "ref": "Kessef Mishneh on Mishneh Torah, Forbidden Intercourse 6:12", 
            "heRef": "כסף משנה על משנה תורה, הלכות איסורי ביאה ו׳:י״ב", 
            "next": "Kessef Mishneh on Mishneh Torah, Forbidden Intercourse 6:14"
        }, 
        "Kessef Mishneh on Mishneh Torah, Forbidden Intercourse 6:1": {
            "content": [], 
            "heTitle": "כסף משנה על משנה תורה, הלכות איסורי ביאה", 
            "indexTitle": "Kessef Mishneh on Mishneh Torah, Forbidden Intercourse", 
            "sectionRef": "Kessef Mishneh on Mishneh Torah, Forbidden Intercourse 6:1", 
            "prev": "Kessef Mishneh on Mishneh Torah, Forbidden Intercourse 5:14", 
            "ref": "Kessef Mishneh on Mishneh Torah, Forbidden Intercourse 6:1", 
            "heRef": "כסף משנה על משנה תורה, הלכות איסורי ביאה ו׳:א׳", 
            "next": "Kessef Mishneh on Mishneh Torah, Forbidden Intercourse 6:7"
        }, 
        "Kessef Mishneh on Mishneh Torah, Forbidden Intercourse 6:6": {
            "content": [], 
            "heTitle": "כסף משנה על משנה תורה, הלכות איסורי ביאה", 
            "indexTitle": "Kessef Mishneh on Mishneh Torah, Forbidden Intercourse", 
            "sectionRef": "Kessef Mishneh on Mishneh Torah, Forbidden Intercourse 6:6", 
            "prev": "Kessef Mishneh on Mishneh Torah, Forbidden Intercourse 5:14", 
            "ref": "Kessef Mishneh on Mishneh Torah, Forbidden Intercourse 6:6", 
            "heRef": "כסף משנה על משנה תורה, הלכות איסורי ביאה ו׳:ו׳", 
            "next": "Kessef Mishneh on Mishneh Torah, Forbidden Intercourse 6:7"
        }, 
        "Kessef Mishneh on Mishneh Torah, Forbidden Intercourse 6:7": {
            "content": [
                {
                    "segmentNumber": "1", 
                    "links": [
                        {
                            "category": "Halakhah", 
                            "index_title": "Mishneh Torah, Forbidden Intercourse", 
                            "sourceHeRef": "משנה תורה, הלכות איסורי ביאה ו׳:ז׳", 
                            "sourceRef": "Mishneh Torah, Forbidden Intercourse 6:7"
                        }
                    ], 
                    "he": "<b>היה דרכה להיות רואה יום ט''ו וכו'.</b> כתב הרב המגיד ברייתא שם וסוף הברייתא אינה אסורה אלא מי''ח ואילך פי' שקבעה לה וסת לדילוג ואסור ביום י''ט מן החדש הבא ובעשרים מן החדש שלאחריו וכו'. קשה לי א''כ למה כתב רבינו שנאסר י''ח הא כיון שקבעה לה לדילוג י''ט הוא שנאסר ואפשר דאע''ג דקבעה לה וסת לדילוג וחוששת יום י''ט מכל מקום אסורה גם ביום י''ח דחיישינן שמא תחזור לראות בו עד שיעקר פעם אחת: \n\n"
                }
            ], 
            "heTitle": "כסף משנה על משנה תורה, הלכות איסורי ביאה", 
            "indexTitle": "Kessef Mishneh on Mishneh Torah, Forbidden Intercourse", 
            "sectionRef": "Kessef Mishneh on Mishneh Torah, Forbidden Intercourse 6:7", 
            "prev": "Kessef Mishneh on Mishneh Torah, Forbidden Intercourse 5:14", 
            "ref": "Kessef Mishneh on Mishneh Torah, Forbidden Intercourse 6:7", 
            "heRef": "כסף משנה על משנה תורה, הלכות איסורי ביאה ו׳:ז׳", 
            "next": "Kessef Mishneh on Mishneh Torah, Forbidden Intercourse 6:14"
        }, 
        "Kessef Mishneh on Mishneh Torah, Forbidden Intercourse 6:4": {
            "content": [], 
            "heTitle": "כסף משנה על משנה תורה, הלכות איסורי ביאה", 
            "indexTitle": "Kessef Mishneh on Mishneh Torah, Forbidden Intercourse", 
            "sectionRef": "Kessef Mishneh on Mishneh Torah, Forbidden Intercourse 6:4", 
            "prev": "Kessef Mishneh on Mishneh Torah, Forbidden Intercourse 5:14", 
            "ref": "Kessef Mishneh on Mishneh Torah, Forbidden Intercourse 6:4", 
            "heRef": "כסף משנה על משנה תורה, הלכות איסורי ביאה ו׳:ד׳", 
            "next": "Kessef Mishneh on Mishneh Torah, Forbidden Intercourse 6:7"
        }, 
        "Kessef Mishneh on Mishneh Torah, Forbidden Intercourse 6:5": {
            "content": [], 
            "heTitle": "כסף משנה על משנה תורה, הלכות איסורי ביאה", 
            "indexTitle": "Kessef Mishneh on Mishneh Torah, Forbidden Intercourse", 
            "sectionRef": "Kessef Mishneh on Mishneh Torah, Forbidden Intercourse 6:5", 
            "prev": "Kessef Mishneh on Mishneh Torah, Forbidden Intercourse 5:14", 
            "ref": "Kessef Mishneh on Mishneh Torah, Forbidden Intercourse 6:5", 
            "heRef": "כסף משנה על משנה תורה, הלכות איסורי ביאה ו׳:ה׳", 
            "next": "Kessef Mishneh on Mishneh Torah, Forbidden Intercourse 6:7"
        }, 
        "Kessef Mishneh on Mishneh Torah, Forbidden Intercourse 6:8": {
            "content": [], 
            "heTitle": "כסף משנה על משנה תורה, הלכות איסורי ביאה", 
            "indexTitle": "Kessef Mishneh on Mishneh Torah, Forbidden Intercourse", 
            "sectionRef": "Kessef Mishneh on Mishneh Torah, Forbidden Intercourse 6:8", 
            "prev": "Kessef Mishneh on Mishneh Torah, Forbidden Intercourse 6:7", 
            "ref": "Kessef Mishneh on Mishneh Torah, Forbidden Intercourse 6:8", 
            "heRef": "כסף משנה על משנה תורה, הלכות איסורי ביאה ו׳:ח׳", 
            "next": "Kessef Mishneh on Mishneh Torah, Forbidden Intercourse 6:14"
        }, 
        "Kessef Mishneh on Mishneh Torah, Forbidden Intercourse 6:9": {
            "content": [], 
            "heTitle": "כסף משנה על משנה תורה, הלכות איסורי ביאה", 
            "indexTitle": "Kessef Mishneh on Mishneh Torah, Forbidden Intercourse", 
            "sectionRef": "Kessef Mishneh on Mishneh Torah, Forbidden Intercourse 6:9", 
            "prev": "Kessef Mishneh on Mishneh Torah, Forbidden Intercourse 6:7", 
            "ref": "Kessef Mishneh on Mishneh Torah, Forbidden Intercourse 6:9", 
            "heRef": "כסף משנה על משנה תורה, הלכות איסורי ביאה ו׳:ט׳", 
            "next": "Kessef Mishneh on Mishneh Torah, Forbidden Intercourse 6:14"
        }, 
        "Kessef Mishneh on Mishneh Torah, Forbidden Intercourse 6:13": {
            "content": [], 
            "heTitle": "כסף משנה על משנה תורה, הלכות איסורי ביאה", 
            "indexTitle": "Kessef Mishneh on Mishneh Torah, Forbidden Intercourse", 
            "sectionRef": "Kessef Mishneh on Mishneh Torah, Forbidden Intercourse 6:13", 
            "prev": "Kessef Mishneh on Mishneh Torah, Forbidden Intercourse 6:7", 
            "ref": "Kessef Mishneh on Mishneh Torah, Forbidden Intercourse 6:13", 
            "heRef": "כסף משנה על משנה תורה, הלכות איסורי ביאה ו׳:י״ג", 
            "next": "Kessef Mishneh on Mishneh Torah, Forbidden Intercourse 6:14"
        }, 
        "Kessef Mishneh on Mishneh Torah, Forbidden Intercourse 6:11": {
            "content": [], 
            "heTitle": "כסף משנה על משנה תורה, הלכות איסורי ביאה", 
            "indexTitle": "Kessef Mishneh on Mishneh Torah, Forbidden Intercourse", 
            "sectionRef": "Kessef Mishneh on Mishneh Torah, Forbidden Intercourse 6:11", 
            "prev": "Kessef Mishneh on Mishneh Torah, Forbidden Intercourse 6:7", 
            "ref": "Kessef Mishneh on Mishneh Torah, Forbidden Intercourse 6:11", 
            "heRef": "כסף משנה על משנה תורה, הלכות איסורי ביאה ו׳:י״א", 
            "next": "Kessef Mishneh on Mishneh Torah, Forbidden Intercourse 6:14"
        }, 
        "Kessef Mishneh on Mishneh Torah, Forbidden Intercourse 6:14": {
            "content": [
                {
                    "segmentNumber": "1", 
                    "links": [
                        {
                            "category": "Halakhah", 
                            "index_title": "Mishneh Torah, Forbidden Intercourse", 
                            "sourceHeRef": "משנה תורה, הלכות איסורי ביאה ו׳:י״ד", 
                            "sourceRef": "Mishneh Torah, Forbidden Intercourse 6:14"
                        }
                    ], 
                    "he": "<b>וכן אשה שראתה דם מחמת מכה וכו'.</b> כ''כ הרשב''א והביא ראיה מדתניא בפרק כל היד (דף י''ו) הרואה דם מחמת מכה אפילו בתוך ימי נדתה טהורה דברי רשב''ג רבי אומר אם יש לה וסת חוששת לוסתה ואוקמה רבא דכ''ע וסתות דרבנן והכא במקור מקומו טמא קא מיפלגי וקי''ל כאוקימתיה דרבא דוסתות דרבנן וכיון שכן זו שרואה דם אפילו בשעת תשמיש ואפילו בשעת וסתה טהורה דאשה בחזקת טהורה עומדת ותלינן להקל שאני אומר דם זה מן המכה בא ולא נחלקו רשב''ג ורבי בדבר זה וא''ת והלא בנשים דעלמא חיישינן לעונת וסתה כולה ואע''פ שלא ראתה והיאך אתה מתיר את זו שהיא בשעת וסתה ועוד שהרי דם לפניך וי''ל ההיא דרבנן היא ומשום דאפשר למיקם עלה דמילתא אבל הכא ליכא למיקם אמילתא ואין דנין אפשר משאי אפשר שא''כ אף אתה אוסרה על בעלה לעולם עכ''ל: \n\n"
                }
            ], 
            "heTitle": "כסף משנה על משנה תורה, הלכות איסורי ביאה", 
            "indexTitle": "Kessef Mishneh on Mishneh Torah, Forbidden Intercourse", 
            "sectionRef": "Kessef Mishneh on Mishneh Torah, Forbidden Intercourse 6:14", 
            "prev": "Kessef Mishneh on Mishneh Torah, Forbidden Intercourse 6:7", 
            "ref": "Kessef Mishneh on Mishneh Torah, Forbidden Intercourse 6:14", 
            "heRef": "כסף משנה על משנה תורה, הלכות איסורי ביאה ו׳:י״ד", 
            "next": "Kessef Mishneh on Mishneh Torah, Forbidden Intercourse 7:2"
        }, 
        "Kessef Mishneh on Mishneh Torah, Forbidden Intercourse 6:10": {
            "content": [], 
            "heTitle": "כסף משנה על משנה תורה, הלכות איסורי ביאה", 
            "indexTitle": "Kessef Mishneh on Mishneh Torah, Forbidden Intercourse", 
            "sectionRef": "Kessef Mishneh on Mishneh Torah, Forbidden Intercourse 6:10", 
            "prev": "Kessef Mishneh on Mishneh Torah, Forbidden Intercourse 6:7", 
            "ref": "Kessef Mishneh on Mishneh Torah, Forbidden Intercourse 6:10", 
            "heRef": "כסף משנה על משנה תורה, הלכות איסורי ביאה ו׳:י׳", 
            "next": "Kessef Mishneh on Mishneh Torah, Forbidden Intercourse 6:14"
        }
    }, 
    "ref": "Kessef Mishneh on Mishneh Torah, Forbidden Intercourse 6"
}