{
    "heTitleVariants": [
        "סוטה"
    ], 
    "heTitle": "עין יעקב‎, סוטה", 
    "heRef": "עין יעקב‎, סוטה ט׳", 
    "toSections": [
        9
    ], 
    "sectionRef": "Ein Yaakov, Sotah 9", 
    "next": "Ein Yaakov, Kiddushin 1", 
    "content": [
        {
            "segmentNumber": "1", 
            "he": "<b>גיטין פרק ט</b> - אַתְקִין רַב יְהוּדָה בִּשְׁטַר זְבִינִי דְּעַבְדֵּי: עַבְדָּא דְּנָן, מֻצְדָּק לְעָבְדּוֹ, וּפָטִיר וְעָטִיר מִן חֲרוּרֵי, וּמִן עֲלוּלֵי, וּמִן עֲרוּרֵי מַלְכָּא וּמַלְכְּתָא, וְרָשׁוּם דְּאִינִישׁ לָא אִית עֲלוֹהִי, וּמְנֻקֶּה מִכָּל מוּם וּמִן שְׁחִין, דְּנָפִיק עַד טַצְהַר, חֲדָת וְעַתִּיק. מַאי אֲסוּתֵיהּ? אָמַר אַבַּיֵי: גִּינְבְּרָא וּמַרְתְּכָא וְכַּבְרִיתָא וְחַלָא דְּחַמְרָא וּמִשְׁחָא דְּזֵיתָא (ונפטא) [וְנַטְפִּיק] חִיוְרָא, וְשַׁיְפִי לֵיהּ בְּגַדְפָא דְּאַוְזָא.", 
            "links": [], 
            "text": ""
        }, 
        {
            "segmentNumber": "2", 
            "he": "מח אָמַר רַבִּי יְהוֹשֻׁעַ בֶּן לֵוִי: לֹא חָרְבָה אֶרֶץ יִשְׂרָאֵל עַד שֶׁעָבְדוּ בָּה שִׁבְעָה בָּתֵּי דִּינִין עֲבוֹדָה זָרָה, וְאֵלּוּ הֵן: יָרָבְעָם בֶּן נְבָט, וּבַעְשָׁא בֶּן אַחִיָּה, וְאַחְאָב בֶּן עָמְרִי, וְיֵהוּא בֶּן נִמְשִׁי, וּפֶקַח בֶּן רְמַלְיָהוּ, וּמְנַחֵם בֶּן גָּדִי, וְהוֹשֵׁעַ בֶּן אֵלָה, שֶׁנֶּאֱמַר: (ירמיה טו) \"אוּמְלְלָה יֹלֶדֶת הַשִּׁבְעָה, נָפְחָה נַפְשָׁהּ, בָּא שִׁמְשָׁהּ בְּעֹד יוֹמָם בּוֹשָׁה וְחָפֵרָה\". אָמַר רַב אַמִי: מַאי קְרָאָה? (דברים ד) \"כִּי תוֹלִיד בָּנִים וּבְנֵי בָנִים\". אָמְרוּ לֵיהּ רַב כַּהֲנָא וְרַב אַסִי לְרַב: כְּתִיב בֵּיהּ בְּהוֹשֵׁעַ בֶּן אֵלָה: (מ\"ב יז) \"וַיַּעַשׂ הָרַע בְּעֵינֵי ה', רַק לֹא כְּמַלְכֵי יִשְׂרָאֵל\", וּכְתִיב: (שם) \"עָלָיו עָלָה שַׁלְמַנְאֶסֶר\" וְגוֹ'. אָמַר לְהוּ: אוֹתָן פַּרְדְּסִיאוֹת שֶׁהוֹשִׁיב יָרָבְעָם עַל הַדְּרָכִים כְּדֵי שֶׁלֹּא יַעֲלוּ יִשְׂרָאֵל לָרֶגֶל, בָּא הוֹשֵׁעַ וּבִטְּלָן, וְאַף עַל פִּי כֵן לֹא עָלוּ יִשְׂרָאֵל לָרֶגֶל. אָמַר הַקָּדוֹשׁ בָּרוּךְ הוּא: אוֹתָן שָׁנִים שֶׁלֹּא עָלוּ יִשְׂרָאֵל לָרֶגֶל, יֵלְכוּ בַּשִּׁבְיָה. אָמַר רַב חִסְדָּא, אָמַר מַר עוּקְבָא, וְאַמְרֵי לָהּ, אָמַר רַב חִסְדָּא, [אָמַר רַבִּי יִרְמְיָה]: דָּרִישׁ מְרֵימַר: מַאי דִּכְתִיב: (דניאל ט) \"וַיִּשְׁקֹד ה' עַל הָרָעָה וַיְבִיאֶהָ עָלֵינוּ, כִּי צַדִּיק ה' אֱלֹהֵינוּ\", מִשּׁוּם דְּ\"צַדִּיק ה' אֱלֹהֵינוּ\", \"וַיִּשְׁקֹד ה' עַל הָרָעָה וַיְבִיאֶהָ עָלֵינוּ\"? אֶלָּא, צְדָקָה עָשָׂה הַקָּדוֹשׁ בָּרוּךְ הוּא עִם יִשְׂרָאֵל, שֶׁהִגְלָה גָּלוּת צִדְקִיָּהוּ, וַעֲדַיִן גָּלוּת יְכָנְיָה קַיֶּמֶת, דִּכְתִיב בֵּיהּ בְּגָלוּת יְכָנְיָה: (מ\"ב כד) \"וְהֶחָרָשׁ וְהַמַּסְגֵּר אֶלֶף\", 'חָרָשׁ', שֶׁבְּשָׁעָה שֶׁפּוֹתְחִין נַעֲשׂוּ הַכֹּל כְּחֵרְשִׁין. 'מַסְגֵּר', כֵּיוָן שֶׁסּוֹגְרִין, שׁוּב אֵינָן פּוֹתְחִין, וְכַמָּה? 'אֶלֶף'. עוּלָא אָמַר: שֶׁהִקְדִּים שְׁתֵּי שָׁנִים (דברים ד) לִ'וְנוֹשַׁנְתֶּם'. אָמַר רַב אַחָא בַּר יַעֲקֹב: שְׁמַע מִינָהּ, 'מְהֵרָה' דְּמָרִי עָלְמָא, תְּמַנְיָא מֵאָה וַחֲמִישִׁין וְתַרְתֵּי הוּא.", 
            "links": [
                {
                    "category": "Tanakh", 
                    "sourceHeRef": "מלכים ב י״ז", 
                    "index_title": "II Kings", 
                    "sourceRef": "II Kings 17"
                }, 
                {
                    "category": "Tanakh", 
                    "sourceHeRef": "מלכים ב כ״ד", 
                    "index_title": "II Kings", 
                    "sourceRef": "II Kings 24"
                }, 
                {
                    "category": "Tanakh", 
                    "sourceHeRef": "דברים ד׳", 
                    "index_title": "Deuteronomy", 
                    "sourceRef": "Deuteronomy 4"
                }, 
                {
                    "category": "Tanakh", 
                    "sourceHeRef": "ירמיהו ט״ו", 
                    "index_title": "Jeremiah", 
                    "sourceRef": "Jeremiah 15"
                }, 
                {
                    "category": "Tanakh", 
                    "sourceHeRef": "דניאל ט׳", 
                    "index_title": "Daniel", 
                    "sourceRef": "Daniel 9"
                }
            ], 
            "text": ""
        }, 
        {
            "segmentNumber": "3", 
            "he": "מט תַּנְיָא. הָיָה רַבִּי טַרְפוֹן אוֹמֵר: כָּל מָקוֹם שֶׁאַתָּה מוֹצֵא אֲגוֹרִיאוֹת שֶׁל גּוֹיִים, אַף עַל פִּי שֶׁדִּינֵיהֶם כְּדִינֵי יִשְׂרָאֵל, אִי אַתָּה רַשַּׁאי לְהִזָּקֵק לָהֶם, שֶׁנֶּאֱמַר: (שמות כא) \"וְאֵלֶּה הַמִּשְׁפָּטִים אֲשֶׁר תָּשִׂים לִפְנֵיהֶם\", 'לִפְנֵיהֶם' וְלֹא לִפְנֵי גּוֹיִים. דָּבָר אַחֵר: 'לִפְנֵיהֶם' וְלֹא לִפְנֵי הֶדְיוֹטוֹת.", 
            "links": [
                {
                    "category": "Tanakh", 
                    "sourceHeRef": "שמות כ״א", 
                    "index_title": "Exodus", 
                    "sourceRef": "Exodus 21"
                }
            ], 
            "text": ""
        }, 
        {
            "segmentNumber": "4", 
            "he": "אָכְלָה בַּשּׁוּק, גִּרְגְּרָה בַּשּׁוּק, הֵנִיקָה בַּשּׁוּק, בְּכֻלָּן רַבִּי מֵאִיר אוֹמֵר: תֵּצֵא. רַבִּי עֲקִיבָא אוֹמֵר: עַד שֶׁיִּשְּׂאוּ וְיִתְּנוּ בָּהּ מוּזָרוֹת בַּלְּבָנָה. אָמַר לוֹ רַבִּי יוֹחָנָן בֶּן נוּרִי: אִם כֵּן, לֹא הִנַּחְתָּ בַּת לְאַבְרָהָם אָבִינוּ שֶׁיּוֹשֶׁבֶת תַּחַת בַּעְלָהּ? וְהַתּוֹרָה אָמְרָה: (דברים כד) \"כִּי מָצָא בָה עֶרְוַת דָּבָר\", וּלְהַלָּן הוּא אוֹמֵר: (שם יט) \"עַל פִּי שְׁנֵי עֵדִים אוֹ עַל פִּי שְׁלֹשָׁה עֵדִים יָקוּם דָּבָר\", מַה לְּהַלָּן דָּבָר בָּרוּר, אַף כָּאן דָּבָר בָּרוּר.", 
            "links": [
                {
                    "category": "Tanakh", 
                    "sourceHeRef": "דברים כ״ד", 
                    "index_title": "Deuteronomy", 
                    "sourceRef": "Deuteronomy 24"
                }
            ], 
            "text": ""
        }, 
        {
            "segmentNumber": "5", 
            "he": "[מִשְׁנָה. בֵּית שַׁמַּאי אוֹמֵר: לֹא יְגָרֵשׁ אָדָם אֶת אִשְׁתּוֹ, אֶלָּא אִם כֵּן מָצָא בָּהּ דְּבַר עֶרְוָה, שֶׁנֶּאֱמַר: (דברים כד) \"כִּי מָצָא בָהּ עֶרְוַת דָּבָר\". וּבֵית הִלֵּל אוֹמֵר: אֲפִלּוּ הִקְדִּיחָה תַּבְשִׁילוֹ, שֶׁנֶּאֱמַר: \"כִּי מָצָא בָהּ עֶרְוַת דָּבָר\"]. רַבִּי עֲקִיבָא אוֹמֵר: אֲפִלּוּ מָצָא אַחֶרֶת נָאָה הֵימֶנָּה, שֶׁנֶּאֱמַר: (שם) \"וְהָיָה אִם לֹא תִמְצָא חֵן בְּעֵינָיו\". [גְּמָרָא]. בְּמַאי קָמִיפְלְגֵי? בִּדְרֵישׁ לָקִישׁ, דְּאָמַר רֵישׁ לָקִישׁ: 'כִּי', מְשַׁמֵּשׁ בְּאַרְבַּע לְשׁוֹנוֹת; אִי, דִּילְמָא, אֶלָּא, דְּהָא. בֵּית שַׁמַּאי סַבְרֵי: [\"וְהָיָה אִם לֹא תִמְצָא חֵן בְּעֵינָיו] כִּי מָצָא בָהּ עֶרְוַת דָּבָר\", דְּהָא מָצָא בָּהּ עֶרְוַת דָּבָר, וְרַבִּי עֲקִיבָא סָבַר: \"כִּי מָצָא בָהּ עֶרְוַת דָּבָר\", אִי־נַמִּי מָצָא בָּהּ עֶרְוַת דָּבָר. [אָמַר לֵיהּ רַב מְשַׁרְשִׁיָּא לְרָבָא: אִם לִבּוֹ לְגָרְשָׁהּ, וְהִיא יוֹשֶׁבֶת תַּחְתָּיו וּמְשַׁמַּשְׁתּוֹ, מַהוּ? קָרִי עֲלֵיהּ: (משלי ג) \"אַל תַּחֲרֹשׁ עַל רֵעֲךָ רָעָה וְהוּא יוֹשֵׁב לָבֶטַח אִתָּךָ\"].", 
            "links": [
                {
                    "category": "Tanakh", 
                    "sourceHeRef": "משלי ג׳", 
                    "index_title": "Proverbs", 
                    "sourceRef": "Proverbs 3"
                }, 
                {
                    "category": "Tanakh", 
                    "sourceHeRef": "דברים כ״ד", 
                    "index_title": "Deuteronomy", 
                    "sourceRef": "Deuteronomy 24"
                }
            ], 
            "text": ""
        }, 
        {
            "segmentNumber": "6", 
            "he": "נ תַּנְיָא, הָיָה רַבִּי מֵאִיר אוֹמֵר: כְּשֵׁם שֶׁהַדֵּעוֹת בְּמַאֲכָל, כָּךְ דֵּעוֹת בְּנָשִׁים. יֵשׁ לְךָ אָדָם שֶׁזְּבוּב נוֹפֵל לְתוֹךְ כּוֹסוֹ, וְזוֹרְקוֹ, וְאֵינוֹ שׁוֹתֵהוּ. וְזוֹ הִיא מִדַּת פַּפּוֹס בֶּן יְהוּדָה שֶׁהָיָה נוֹעֵל בִּפְנֵי אִשְׁתּוֹ וְיוֹצֵא. וְיֵשׁ לְךָ אָדָם שֶׁזְּבוּב נוֹפֵל לְתוֹךְ כּוֹסוֹ, וְזוֹרְקוֹ, וְשׁוֹתֵהוּ, וְזוֹ הִיא מִדַּת כָּל אָדָם, שֶׁמְּדַבֶּרֶת עִם אַחֶיהָ וּקְרוֹבֶיהָ וּמַנִּיחָהּ. וְיֵשׁ לְךְ אָדָם שֶׁזְּבוּב נוֹפֵל לְתוֹךְ תַּמְחוּי, מוֹצְצוֹ וְאוֹכְלוֹ, וְזוֹ הִיא מִדַּת אָדָם רַע, שֶׁרוֹאֶה אֶת אִשְׁתּוֹ אגתגר יוֹצֵאת וְרֹאשָׁהּ פָּרוּעַ, וְטוֹוָה בַּשּׁוּק, וּפְרוּמָה מִשְּׁנֵי צְדָדֶיהָ וְרוֹחֶצֶת עִם בְּנֵי אָדָם. \"עִם בְּנֵי אָדָם\" סַלְקָא דַּעְתָּךְ? אֶלָּא, בְּמָקוֹם שֶׁבְּנֵי אָדָם רוֹחֲצִין. זוֹ, מִצְוָה מִן הַתּוֹרָה לְגָרְשָׁהּ! שֶׁנֶּאֱמַר: (דברים כד) \"כִּי מָצָא בָהּ עֶרְוַת דָּבָר וְגוֹ' וְשִׁלְּחָהּ מִבֵּיתוֹ, וְהָלְכָה וְהָיְתָה לְאִישׁ אַחֵר\", הַכָּתוּב קְרָאוֹ 'אַחֵר', לוֹמַר: שֶׁאֵין זֶה בֶּן זוּגוֹ שֶׁל רִאשׁוֹן, זֶה הוֹצִיא רְשָׁעָה מִבֵּיתוֹ וְזֶה הִכְנִיס רְשָׁעָה לְתוֹךְ בֵּיתוֹ. זָכָה שֵׁנִי, שִׁלְּחָהּ, שֶׁנֶּאֱמַר: (שם) \"וּשְׂנֵאָהּ הָאִישׁ הָאַחֲרוֹן\" וְגוֹ'. וְאִם לָאו: קוֹבְרַתּוֹ, שֶׁנֶּאֱמַר: (שם) \"אוֹ כִּי יָמוּת הָאִישׁ הָאַחֲרוֹן\", כְּדַאי הוּא בְּמִיתָה, שֶׁזֶּה הוֹצִיא רְשָׁעָה מִבֵּיתוֹ, וְזֶה הִכְנִיס רְשָׁעָה לְתוֹךְ בֵּיתוֹ. (מלאכי ב) \"כִּי שָׂנֵא שַׁלַּח\". רַבִּי יְהוּדָה אוֹמֵר: אִם שְׂנֵאתָהּ, שְׁלַח. רַבִּי יוֹחָנָן אוֹמֵר: שָׂנאוּי הַמְשַׁלֵּחַ. וְלָא פְּלִיגֵי, הָא, בְּזִוּוּג רִאשׁוֹן, הָא, בְּזִוּוּג שֵׁנִי. דְּאָמַר רַבִּי אֶלְעָזָר: כָּל הַמְגָרֵשׁ אִשְׁתּוֹ רִאשׁוֹנָה, אֲפִלּוּ מִזְבֵּחַ מוֹרִיד עָלָיו דְּמָעוֹת, שֶׁנֶּאֱמַר: (שם) \"וְזֹאת שֵׁנִית תַּעֲשׂוּ, כַּסּוֹת דִּמְעָה אֶת מִזְבַּח ה' בְּכִי וַאֲנָקָה מֵאֵין עוֹד פְּנוֹת אֶל הַמִּנְחָה וְלָקַחַת רָצוֹן מִיֶּדְכֶם, וַאֲמַרְתֶּם: עַל מָה? עַל כִּי ה' הֵעִיד בֵּינְךָ וּבֵין אֵשֶׁת נְעוּרֶיךָ, אֲשֶׁר אַתָּה בָּגַדְתָּה בָּהּ וְהִיא חֲבֶרְתְּךָ וְאֵשֶׁת בְּרִיתֶךָ\".", 
            "links": [
                {
                    "category": "Tanakh", 
                    "sourceHeRef": "דברים כ״ד", 
                    "index_title": "Deuteronomy", 
                    "sourceRef": "Deuteronomy 24"
                }, 
                {
                    "category": "Tanakh", 
                    "sourceHeRef": "מלאכי ב׳", 
                    "index_title": "Malachi", 
                    "sourceRef": "Malachi 2"
                }
            ], 
            "text": ""
        }, 
        {
            "segmentNumber": "7", 
            "he": "סַלְקָא לָהּ מַסֶּכֶת גִּטִּין", 
            "links": [], 
            "text": ""
        }
    ], 
    "book": "Ein Yaakov", 
    "prev": "Ein Yaakov, Sotah 8", 
    "textDepth": 2, 
    "sectionNames": [
        "Chapter", 
        "Paragraph"
    ], 
    "sections": [
        9
    ], 
    "isComplex": true, 
    "titleVariants": [
        "Sotah"
    ], 
    "categories": [
        "Midrash", 
        "Aggadic Midrash"
    ], 
    "ref": "Ein Yaakov, Sotah 9", 
    "type": "Midrash", 
    "addressTypes": [
        "Integer", 
        "Integer"
    ], 
    "indexTitle": "Ein Yaakov", 
    "heIndexTitle": "עין יעקב‎", 
    "alts": [], 
    "order": ""
}