{
    "heTitleVariants": [
        "חולין"
    ], 
    "heTitle": "עין יעקב‎, חולין", 
    "heRef": "עין יעקב‎, חולין ט׳", 
    "toSections": [
        9
    ], 
    "sectionRef": "Ein Yaakov, Khullin 9", 
    "next": "Ein Yaakov, Khullin 10", 
    "content": [
        {
            "segmentNumber": "1", 
            "he": "<b>חולין פרק ט</b> - תָּנוּ רַבָּנָן: לִגְיוֹן הָעוֹבֵר מִמָּקוֹם לְמָקוֹם, וְנִכְנָס לַבַּיִת, הַבַּיִת טָמֵא, שֶׁאֵין לְךָ כָּל לִגְיוֹן וְלִגְיוֹן שֶׁאֵין לוֹ כַּמָּה קַרְקַפְלִין. וְאַל תִּתְמַהּ, שֶׁהֲרֵי קַרְקֵפֶלוֹ שֶׁל רַבִּי יִשְׁמָעֵאל מֻנָּח בְּרֹאשׁ מְלָכִים.", 
            "links": [], 
            "text": ""
        }, 
        {
            "segmentNumber": "2", 
            "he": "נו תָּנוּ רַבָּנָן:\"הַצָּב לְמִינֵהוּ\", לְהָבִיא הֶעָרוֹד (וכן) [וּבֶן] הַנְּפִילִים וְסָלָמַנְדְּרָא, וּכְשֶׁהָיָה רַבִּי עֲקִיבָא מַגִּיעַ לְפָסוּק זֶה, (היה) אוֹמֵר: (תהלים קד) \"מָה רַבּוּ מַעֲשֶׂיךָ ה'\", יֵשׁ לְךָ בְּרִיּוֹת גְּדֵלוֹת בַּיָּם, וְיֵשׁ לְךָ בְּרִיּוֹת גְּדֵלוֹת בַּיַּבָּשָׁה, שֶׁבַּיָּם, אִלְמָלֵא עוֹלוֹת בַּיַּבָּשָׁה מִיָּד מֵתוֹת. שֶׁבַּיַּבָּשָׁה, אִלְמָלֵא יוֹרְדוֹת לַיָּם מִיָּד מֵתוֹת. יֵשׁ לְךָ בְּרִיּוֹת גְּדֵלוֹת בָּאוּר, וְיֵשׁ לְךְ בְּרִיּוֹת גְּדֵלוֹת בָּאֲוִיר. שֶׁבָּאוּר, אִלְמָלֵא עוֹלוֹת לָאֲוִיר מִיָּד מֵתוֹת. שֶׁבָּאֲוִיר, אִלְמָלֵא יוֹרְדוֹת לָאוּר מִיָּד מֵתוֹת, \"מָה רַבּוּ מַעֲשֶׂיךָ ה'\". תָּנוּ רַבָּנָן: כָּל שֶׁיֵּשׁ בַּיַּבָּשָׁה יֵשׁ בַּיָּם חוּץ מִן הַחֻלְדָּה. אָמַר רַבִּי זֵירָא: מַאי קְרָא: (שם מט) \"הַאֲזִינוּ כָּל יֹשְׁבֵי חָלֶד\". אָמַר רַב הוּנָא בְּרֵיהּ דְּרַב יְהוֹשֻׁעַ: בֵּיבָרֵי דְּנָרָשׁ, אֵינָן מִן הַיִּשׁוּב. אָמַר רַב פָּפָּא: בְּשַׁמְתָּא נָרָשׁ, תַּרְבֵּיהּ, מַשְׁכֵיהּ וְאַלְיָתֵיהּ. (ירמיה כב) \"אֶרֶץ, אֶרֶץ, אֶרֶץ, שִׁמְעִי דְּבַר ה'\", אָמַר רַב פָּפָּא: לֹא אָבָה נָרָשׁ שְׁמֹעַ דְּבַר ה'. אָמַר רַב גִּידְל, אָמַר רַב: נַרְשָׁאָה נַשְׁקִיךְ, מְנִי כָּכִיךְ. נְהַר פְּקוּדָאָה לָוִיךְ, מִגְּלִימָא שַׁפִּירָא דְּחָזִי עֲלִיךְ. פּוּמְבְּדִיתָאָה לָוִיךְ, אַשְׁנִי אוּשְׁפִּיזָךְ. אָמַר רַב הוּנָא בַּר תּוֹרְתָּא: פַּעַם אַחַת הָלַכְתִּי לַוַּעַד, וְרָאִיתִי נָחָשׁ שֶׁהוּא כָּרוּךְ עַל הַצָּב. לְיָמִים יָצָא עָרוֹד מִבֵּינֵיהֶם, וּכְשֶׁבָּאתִי לִפְנֵי [רַבִּי] שִׁמְעוֹן הֶחָסִיד, אָמַר לִי: אָמַר הַקָּדוֹשׁ בָּרוּךְ הוּא: הֵם הֵבִיאוּ בְּרִיָּה שֶׁלֹּא בָּרָאתִי בְּעוֹלָמִי, [אַף] אֲנִי אָבִיא עֲלֵיהֶם בְּרִיָּה שֶׁלֹּא בָּרָאתִי בְּעוֹלָמִי. וְהָאָמַר מַר: כָּל שֶׁתַּשְׁמִישָׁן וְעִבּוּרָן שָׁוֶה, יוֹלְדִין וּמְגַדְּלִין זֶה מִזֶּה, וְכָל שֶׁאֵין תַּשְׁמִישָׁן וְעִבּוּרָן שָׁוֶה, אֵין יוֹלְדִין וּמְגַדְּלִין זֶה מִזֶּה. אָמַר רַב: נֵס בְּתוֹךְ נֵס. הַאי, פּוּרְעָנוּתָא הוּא? מַאי \"נֵס בְּתוֹךְ נֵס\"? לְפֻרְעָנוּת.", 
            "links": [
                {
                    "category": "Tanakh", 
                    "sourceHeRef": "תהילים ק״ד", 
                    "index_title": "Psalms", 
                    "sourceRef": "Psalms 104"
                }, 
                {
                    "category": "Tanakh", 
                    "sourceHeRef": "ירמיהו כ״ב", 
                    "index_title": "Jeremiah", 
                    "sourceRef": "Jeremiah 22"
                }
            ], 
            "text": ""
        }
    ], 
    "book": "Ein Yaakov", 
    "prev": "Ein Yaakov, Khullin 8", 
    "textDepth": 2, 
    "sectionNames": [
        "Chapter", 
        "Paragraph"
    ], 
    "sections": [
        9
    ], 
    "isComplex": true, 
    "titleVariants": [
        "Khullin"
    ], 
    "categories": [
        "Midrash", 
        "Aggadic Midrash"
    ], 
    "ref": "Ein Yaakov, Khullin 9", 
    "type": "Midrash", 
    "addressTypes": [
        "Integer", 
        "Integer"
    ], 
    "indexTitle": "Ein Yaakov", 
    "heIndexTitle": "עין יעקב‎", 
    "alts": [], 
    "order": ""
}