{
    "content": [
        {
            "segmentNumber": "1", 
            "links": [
                {
                    "category": "Tanakh", 
                    "index_title": "Joshua", 
                    "sourceHeRef": "יהושע י״ט", 
                    "sourceRef": "Joshua 19"
                }
            ], 
            "he": "<b>בכורות פרק ט</b> - יב אָמַר רַבִּי חִיָּא בַּר אַבָּא, אָמַר רַבִּי (יוחנן) [יוֹנָתָן]: לָמָּה נִקְרָא שְׁמוֹ 'יַרְדֵּן'? שֶׁיָּרַד מִדָּן. אָמַר לוֹ רַבִּי אַבָּא לְרַב אַשִׁי: אַתּוּן מֵהָתָם מַתְנִיתוּ לָהּ, אַנָן מֵהָכָא מַתְנִינָן לָהּ: (יהושע יט) \"וַיִּקְרְאוּ לְלֶשֶׁם דָּן, כְּשֵׁם דָּן אֲבִיהֶם\", וְאָמַר רַבִּי יִצְחָק: 'לֶשֶׁם' זֶה פַּמְיָאס. וְתַנְיָא: יַרְדֵּן יוֹצֵא מִמְּעָרַת פַּמְיָאס."
        }, 
        {
            "segmentNumber": "2", 
            "links": [
                {
                    "category": "Tanakh", 
                    "index_title": "Genesis", 
                    "sourceHeRef": "בראשית ב׳", 
                    "sourceRef": "Genesis 2"
                }, 
                {
                    "category": "Tanakh", 
                    "index_title": "Jeremiah", 
                    "sourceHeRef": "ירמיהו ט״ז", 
                    "sourceRef": "Jeremiah 16"
                }
            ], 
            "he": "אָמַר (רבי יודן) [רַב יְהוּדָה], אָמַר רַב: כָּל הַנְּהָרוֹת לְמַטָּה מִשָּׁלֹשׁ נְהָרוֹת, וְשָׁלֹשׁ נְהָרוֹת לְמַטָּה מִפְּרָת. וְהָאִיכָּא עֵינָתָא דְּמִידַלְיָן? אָמַר רַב מְשַׁרְשִׁיָּא: הַנְהוּ סוּלְמֵי דִּפְרָת נִינְהוּ וְהָכְּתִיב: (בראשית ב) \"וְהַנָּהָר הָרְבִיעִי הוּא פְּרָת\". אָמַר רַב נַחְמָן בַּר יִצְחָק, וְאִיתֵּימָא רַב אַחָא בַּר יַעֲקֹב: הוּא פְּרָת דִּמֵעִיקָרָא. תַּנְיָא, רַבִּי מֵאִיר אוֹמֵר: 'יוּבָל' שְׁמוֹ, שֶׁנֶּאֱמַר: (ירמיה טז) \"וְהָיָה כְּעֵץ שָׁתוּל עַל מַיִם וְעַל יוּבָל יְשַׁלַּח שָׁרָשָׁיו\", וְלָמָּה נִקְרָא שְׁמוֹ 'פְּרָת'? שֶׁמֵּימָיו פָּרִים וְרָבִים. מְסַיֵּיעַ לֵיהּ לִשְׁמוּאֵל, דְּאָמַר שְׁמוּאֵל: נַהֲרָא, מִכִּיפֵיהּ מִיבְרִיךְ. וּפְלִיגָא דְּרַב, דְּאָמַר רַב אַמִי, אָמַר רַב: מִיטְרָא בְּמַעֲרָבָא, סַהֲדָא רַבָּה פְּרָת."
        }, 
        {
            "segmentNumber": "3", 
            "links": [
                {
                    "category": "Tanakh", 
                    "index_title": "Job", 
                    "sourceHeRef": "איוב ל״ט", 
                    "sourceRef": "Job 39"
                }
            ], 
            "he": "יג הֵעִיד רַבִּי יִשְׁמָעֵאל בֶּן סַתְרִיאֵל מֵעָרְקַת לִבְנָה לִפְנֵי רַבִּי חִזְרִין, שֶׁבִּמְקוֹמֵנוּ יֵשׁ לָהֶם שִׁשִּׁים רִבּוֹא קִלְפִין, (יתוש שבמקומנו, יש לו ששים רבוא קלפין) בְּבֵית הֶמְסֵס שֶׁלּוֹ. פַּעַם אַחַת נָפַל אֶרֶז [אֶחָד] בִּמְקוֹמֵנוּ, וְעָבְרוּ שִׁשָּׁה־עָשָׂר קְרָנוֹת עַל חוּדוֹ. פַּעַם אַחַת נָפְלָה בֵּיצַת בַּר־יוֹכְנִי, וְטִבְּעָה שִׁשִּׁים כְּרַכִּים, וְשִׁבְּרָה שְׁלֹשׁ מֵאוֹת אֲרָזִים, וּמִי שַׁדְיָא לֵיהּ? וְהָכְּתִיב: (איוב לט) \"כְּנַף רְנָנִים נֶעֱלָסָה\"! אָמַר רַב אַסִי: הַהִיא, מוּזַרְתָּא הֲוָאִי."
        }, 
        {
            "segmentNumber": "4", 
            "he": "יד תַּנְיָא בֶּן עַזַאי אוֹמֵר: כָּל חַכְמֵי יִשְׂרָאֵל דּוֹמִים עָלַי כִּקְלִפַּת הַשּׁוּם, חוּץ מִן הַקֵּרֵחַ הַזֶּה. "
        }, 
        {
            "segmentNumber": "5", 
            "he": "סְלִיק מַסֶּכֶת בְּכוֹרוֹת"
        }
    ], 
    "heTitle": "עין יעקב‎, בכורות", 
    "indexTitle": "Ein Yaakov", 
    "sectionRef": "Ein Yaakov, Bekhorot 9", 
    "prev": "Ein Yaakov, Bekhorot 8", 
    "ref": "Ein Yaakov, Bekhorot 9", 
    "heRef": "עין יעקב‎, בכורות ט׳", 
    "next": "Ein Yaakov, Arakhin 1"
}