{
    "heTitleVariants": [
        "מלבי\"ם על תהלים", 
        "מלבי\"ם על תהילים"
    ], 
    "heTitle": "מלבי\"ם על תהילים", 
    "commentaryBook": "Psalms", 
    "heRef": "מלבי\"ם על תהילים ק״א", 
    "toSections": [
        101
    ], 
    "sectionRef": "Malbim on Psalms 101", 
    "title": "Malbim on Psalms 101", 
    "lengths": [
        150, 
        2529
    ], 
    "next": "Malbim on Psalms 102:1", 
    "content": [
        {
            "segmentNumber": "1", 
            "he": [
                "<b>לדוד מזמור, </b> יספר הנהגותיו בין בענינים שבינו לבין אלהיו בין בענינים שבינו לבין בני אדם, ", 
                "<b>חסד ומשפט אשירה, </b> הנהגת ה' הוא אצלי או חסד או משפט, ולא נמצא בה דבר רע, כי הטוב שיתן הוא מצד חסדו לא מצד החיוב, כי מי הקדימני ואשלם, והרע הוא מצד המשפט בעבור רוע המעשים לכפר און ולהתם חטאת, עד שלכן על שניהם אשירה, וכמ''ש חז''ל בין חסד בין משפט אשירה, כי בשניהם ", 
                "<b>לך ה' אזמרה, </b> אשבח את ה', או על חסדו או מצד שעשה משפט שזה מצד השגחתו וצדקו, ומצד שמשגיח עלי להתם טומאתי ממני :\n"
            ], 
            "links": [
                {
                    "category": "Tanakh", 
                    "sourceHeRef": "תהילים ק״א:א׳", 
                    "index_title": "Psalms", 
                    "sourceRef": "Psalms 101:1"
                }, 
                {
                    "category": "Tanakh", 
                    "sourceHeRef": "תהילים ק״א:א׳", 
                    "index_title": "Psalms", 
                    "sourceRef": "Psalms 101:1"
                }, 
                {
                    "category": "Tanakh", 
                    "sourceHeRef": "תהילים ק״א:א׳", 
                    "index_title": "Psalms", 
                    "sourceRef": "Psalms 101:1"
                }
            ], 
            "text": ""
        }, 
        {
            "segmentNumber": "2", 
            "he": [
                "<b>אשכילה בדרך תמים, </b> גדר התמימות הוא שיעשה מעשה הצדק שלא בעבור שום פניה חיצונית מתקות שכר ויראת עונש או בעבור פניה אחרת כמו להתגאות ולהתפאר וכדומה, רק יעשהו מצד אהבת הטוב בעבור שהוא טוב ומצד שצוה ה' עליו, ובדרך ההרחבה יקרא תמים מי שנראה בחיצוניותו שמתמיד בצדק ואינו מט ממנו בשום פעם, ובכ''ז יוכל להיות שאינו תמים בלבו, כי לבו מלא פניות אחרות ותכליות זרות שבעבורם יעשה צדק, ולהבדיל ביניהם נקרא התמים באמת, בשם תם לבב, שהתמימות נשרש בלבו לא בחיצוניותו לבד, ויען שבקל יטעה האדם בעצמו ויחשב שעושה מעשהו בתמימות, ובאמת ימצא בלבו אחרי החפוש פניה נסתרת מכבוד או גאוה וכדומה, יאמר כי ", 
                "<b>אשכילה בדרך תמים מתי תבוא אלי</b> הדרך הזה, שיהיה תמים באמת עד שלא ילך הוא אל הדרך רק הדרך תבא אליו, ר''ל שלא יהיה ע''י הרגל, רק שיהיה מוטבע בנפשו, בענין שהדרך ימצא בטבעו, והבחינה לזה יהיה ", 
                "<b>כשאתהלך בתם לבבי</b> אף ", 
                "<b>בקרב ביתי</b> שאין שם פניה משבח בני אדם והתפארת, וזה סימן שיהיה תם לבבי, לא תמימות חיצוני, (והנה מי שאינו תמים ועושה מעשהו בשביל פניות חיצוניות הוא ישקיף על התועליות שיגיע לו בעשותו הטוב, ויתירא מן העונש שיגיע לו בעברו על מצות ה', ואצלו לא ישוה החסד והמשפט, ולא יהיה על שניהם בשוה, לא כן התמים באמת הוא ישוה בעיניו המשפט והעונש כמו הטוב והחסד שיקבל מאת ה', וע''ז הקדים חסד ומשפט אשירה שגם זה שייך לענין התמימות) :\n"
            ], 
            "links": [
                {
                    "category": "Tanakh", 
                    "sourceHeRef": "תהילים ק״א:ב׳", 
                    "index_title": "Psalms", 
                    "sourceRef": "Psalms 101:2"
                }, 
                {
                    "category": "Tanakh", 
                    "sourceHeRef": "תהילים ק״א:ב׳", 
                    "index_title": "Psalms", 
                    "sourceRef": "Psalms 101:2"
                }, 
                {
                    "category": "Tanakh", 
                    "sourceHeRef": "תהילים ק״א:ב׳", 
                    "index_title": "Psalms", 
                    "sourceRef": "Psalms 101:2"
                }, 
                {
                    "category": "Tanakh", 
                    "sourceHeRef": "תהילים ק״א:ב׳", 
                    "index_title": "Psalms", 
                    "sourceRef": "Psalms 101:2"
                }
            ], 
            "text": ""
        }, 
        {
            "segmentNumber": "3", 
            "he": [
                "<b>לא, </b> מבאר הדבר שיהיה התמימות בין בעשותו טוב, שלא יעשה אל תכלית רצוני שאליו ישית עיניו וכונתו בעת עשותו הטוב עד ", 
                "<b>שאשית לנגד עיני</b> (היינו למטרת מעשי) ", 
                "<b>דבר בליעל, </b> שבעבורו אעשה הטוב, כמו הצם ומתפלל בעבור כבוד וכדומה, וכן בסור מרע לא יהיה מפני פחד העונש, עד שלא יישנא גוף הרע מצד עצמו רק יסור ממנו מפני פחד העונש, ", 
                "<b>כי עשה סטים שנאתי</b> מצד עצמי עד ", 
                "<b>שלא ידבק בי</b> במחשבתי כלל :\n"
            ], 
            "links": [
                {
                    "category": "Tanakh", 
                    "sourceHeRef": "תהילים ק״א:ג׳", 
                    "index_title": "Psalms", 
                    "sourceRef": "Psalms 101:3"
                }, 
                {
                    "category": "Tanakh", 
                    "sourceHeRef": "תהילים ק״א:ג׳", 
                    "index_title": "Psalms", 
                    "sourceRef": "Psalms 101:3"
                }, 
                {
                    "category": "Tanakh", 
                    "sourceHeRef": "תהילים ק״א:ג׳", 
                    "index_title": "Psalms", 
                    "sourceRef": "Psalms 101:3"
                }, 
                {
                    "category": "Tanakh", 
                    "sourceHeRef": "תהילים ק״א:ג׳", 
                    "index_title": "Psalms", 
                    "sourceRef": "Psalms 101:3"
                }, 
                {
                    "category": "Tanakh", 
                    "sourceHeRef": "תהילים ק״א:ג׳", 
                    "index_title": "Psalms", 
                    "sourceRef": "Psalms 101:3"
                }
            ], 
            "text": ""
        }, 
        {
            "segmentNumber": "4", 
            "he": [
                "<b>לבב, </b> מלבד ששונא מעשה הרע בפועל אין לו נטיה אליו אף במחשבה בלבו, וגדר ", 
                "<b>לב עקש</b> הוא מי שטבע לבו שהוא הכח המתעורר ורוח המושל בו נוטה אל ההפך מחקי החכמה ודרכיה, ויש מי שיש לו לב עקש, ר''ל מתאוה לרע עד שצריך ללחום מלחמה פנימית עם יצר הלב להשיבו אל היושר והטוב, אבל ", 
                "<b>ממני יסור לב עקש, </b> כי לא נמצא בלבי נטיה כלל אל הרע, ומוסיף לאמר ", 
                "<b>רע לא אדע, </b> שכ''כ הטבע לבי על מעשה הטוב עד שלא אדע כלל מה הוא רע, כמו האדם קודם החטא שלא ידע מן הרע כלל, כי לא שלטו ציורים הרעים על תלמי לבבו כלל ולא השיגם וידעם :\n"
            ], 
            "links": [
                {
                    "category": "Tanakh", 
                    "sourceHeRef": "תהילים ק״א:ד׳", 
                    "index_title": "Psalms", 
                    "sourceRef": "Psalms 101:4"
                }, 
                {
                    "category": "Tanakh", 
                    "sourceHeRef": "תהילים ק״א:ד׳", 
                    "index_title": "Psalms", 
                    "sourceRef": "Psalms 101:4"
                }, 
                {
                    "category": "Tanakh", 
                    "sourceHeRef": "תהילים ק״א:ד׳", 
                    "index_title": "Psalms", 
                    "sourceRef": "Psalms 101:4"
                }, 
                {
                    "category": "Tanakh", 
                    "sourceHeRef": "תהילים ק״א:ד׳", 
                    "index_title": "Psalms", 
                    "sourceRef": "Psalms 101:4"
                }
            ], 
            "text": ""
        }, 
        {
            "segmentNumber": "5", 
            "he": [
                "<b>מלשני, </b> עתה יספר הנהגתו עם זולתו, לא יעשה כדרך בני אדם שמקבלים לשון הרע, כי בהפך מי שמלשין את רעהו ", 
                "<b>בסתר</b> לא אענש את הנלשן, רק ", 
                "<b>את המלשין אצמית, </b> ויותר מזה שמי שמדותיו רעים כמו ", 
                "<b>גבה עינים</b> במדת הגאוה, ", 
                "<b>ורחב לבב</b> במדת החמדה, ", 
                "<b>לא אוכל</b> לסבלו כלל :\n"
            ], 
            "links": [
                {
                    "category": "Tanakh", 
                    "sourceHeRef": "תהילים ק״א:ה׳", 
                    "index_title": "Psalms", 
                    "sourceRef": "Psalms 101:5"
                }, 
                {
                    "category": "Tanakh", 
                    "sourceHeRef": "תהילים ק״א:ה׳", 
                    "index_title": "Psalms", 
                    "sourceRef": "Psalms 101:5"
                }, 
                {
                    "category": "Tanakh", 
                    "sourceHeRef": "תהילים ק״א:ה׳", 
                    "index_title": "Psalms", 
                    "sourceRef": "Psalms 101:5"
                }, 
                {
                    "category": "Tanakh", 
                    "sourceHeRef": "תהילים ק״א:ה׳", 
                    "index_title": "Psalms", 
                    "sourceRef": "Psalms 101:5"
                }, 
                {
                    "category": "Tanakh", 
                    "sourceHeRef": "תהילים ק״א:ה׳", 
                    "index_title": "Psalms", 
                    "sourceRef": "Psalms 101:5"
                }, 
                {
                    "category": "Tanakh", 
                    "sourceHeRef": "תהילים ק״א:ה׳", 
                    "index_title": "Psalms", 
                    "sourceRef": "Psalms 101:5"
                }
            ], 
            "text": ""
        }, 
        {
            "segmentNumber": "6", 
            "he": [
                "<b>עיני, </b> בהנהגת המלכות, הנה מושלי ארצות הקדם זה היה דרכם לבחור יועצים ושרים שיהיו נאמנים להמושל לצבור הון ולאסוף אוצרות, מבלי לשים לב כלל על טובת המדינה, אבל אנשי שמגמתי היא לטובת המדינה, אבחר היועצים שהם ", 
                "<b>נאמני ארץ, </b> ר''ל אנשים נאמנים גם אל הארץ והמדינה, שהם ", 
                "<b>ישבו עמדי, </b> וישתדלו בטובת המדינה להצליח יושביה, ", 
                "<b>הולך</b> וגם המשרת אותי לצרכי ביתי לא אקח רק ", 
                "<b>הולך בדרך תמים</b> שיהיה איש טוב וצדיק :\n"
            ], 
            "links": [
                {
                    "category": "Tanakh", 
                    "sourceHeRef": "תהילים ק״א:ו׳", 
                    "index_title": "Psalms", 
                    "sourceRef": "Psalms 101:6"
                }, 
                {
                    "category": "Tanakh", 
                    "sourceHeRef": "תהילים ק״א:ו׳", 
                    "index_title": "Psalms", 
                    "sourceRef": "Psalms 101:6"
                }, 
                {
                    "category": "Tanakh", 
                    "sourceHeRef": "תהילים ק״א:ו׳", 
                    "index_title": "Psalms", 
                    "sourceRef": "Psalms 101:6"
                }, 
                {
                    "category": "Tanakh", 
                    "sourceHeRef": "תהילים ק״א:ו׳", 
                    "index_title": "Psalms", 
                    "sourceRef": "Psalms 101:6"
                }, 
                {
                    "category": "Tanakh", 
                    "sourceHeRef": "תהילים ק״א:ו׳", 
                    "index_title": "Psalms", 
                    "sourceRef": "Psalms 101:6"
                }
            ], 
            "text": ""
        }, 
        {
            "segmentNumber": "7", 
            "he": [
                "<b>לא, </b> ואין חשש שירמה אותי ויחזיק א''ע ברמיה שהוא צדיק ואינו כן, כי ", 
                "<b>העושה רמיה</b> הוא עצמו ", 
                "<b>לא ישב בקרב ביתי</b> כי הנהגת ביתי מתנגדת אל טבעו, כי בביתי הכל באמת וצדק, ולא יהיה המשרת דובר שקרים ואינו תמים באמת, ", 
                "<b>כי דובר שקרים לא יכון לנגד עיני, </b> ויותר מזה כי\n"
            ], 
            "links": [
                {
                    "category": "Tanakh", 
                    "sourceHeRef": "תהילים ק״א:ז׳", 
                    "index_title": "Psalms", 
                    "sourceRef": "Psalms 101:7"
                }, 
                {
                    "category": "Tanakh", 
                    "sourceHeRef": "תהילים ק״א:ז׳", 
                    "index_title": "Psalms", 
                    "sourceRef": "Psalms 101:7"
                }, 
                {
                    "category": "Tanakh", 
                    "sourceHeRef": "תהילים ק״א:ז׳", 
                    "index_title": "Psalms", 
                    "sourceRef": "Psalms 101:7"
                }, 
                {
                    "category": "Tanakh", 
                    "sourceHeRef": "תהילים ק״א:ז׳", 
                    "index_title": "Psalms", 
                    "sourceRef": "Psalms 101:7"
                }
            ], 
            "text": ""
        }, 
        {
            "segmentNumber": "8", 
            "he": [
                "<b>לבקרים</b> בכל בקר, ", 
                "<b>אצמית כל רשעי ארץ</b> ואעשה בם משפט חרוץ, שזה יועיל ", 
                "<b>להכרית מעיר ה'</b> שלא ימצאו שם ", 
                "<b>פועלי און</b> כלל : \n\n"
            ], 
            "links": [
                {
                    "category": "Tanakh", 
                    "sourceHeRef": "תהילים ק״א:ח׳", 
                    "index_title": "Psalms", 
                    "sourceRef": "Psalms 101:8"
                }, 
                {
                    "category": "Tanakh", 
                    "sourceHeRef": "תהילים ק״א:ח׳", 
                    "index_title": "Psalms", 
                    "sourceRef": "Psalms 101:8"
                }, 
                {
                    "category": "Tanakh", 
                    "sourceHeRef": "תהילים ק״א:ח׳", 
                    "index_title": "Psalms", 
                    "sourceRef": "Psalms 101:8"
                }, 
                {
                    "category": "Tanakh", 
                    "sourceHeRef": "תהילים ק״א:ח׳", 
                    "index_title": "Psalms", 
                    "sourceRef": "Psalms 101:8"
                }
            ], 
            "text": ""
        }
    ], 
    "book": "Malbim on Psalms", 
    "prev": "Malbim on Psalms 100:5", 
    "textDepth": 3, 
    "sectionNames": [
        "Chapter", 
        "Verse", 
        "Comment"
    ], 
    "sections": [
        101
    ], 
    "commentator": "Malbim", 
    "isComplex": false, 
    "commentaryCategories": [
        "Tanakh", 
        "Writings"
    ], 
    "titleVariants": [
        "Malbim on Ps", 
        "Malbim Literary Commantary on Ps", 
        "Malbim on Tehillim", 
        "Malbim on Ps.", 
        "Malbim on Psa", 
        "Malbim Literary Commantary on Psalms", 
        "Malbim on Tehilim", 
        "Malbim on Psalm", 
        "Malbim on Psa.", 
        "Malbim Literary Commantary on Tehillim", 
        "Malbim Literary Commantary on Psa", 
        "Malbim Literary Commantary on Tehilim", 
        "Malbim Literary Commantary on Psalm", 
        "Malbim on Psalms", 
        "Malbim Literary Commantary on Psa.", 
        "Malbim Literary Commantary on Ps."
    ], 
    "categories": [
        "Commentary", 
        "Tanakh", 
        "Malbim"
    ], 
    "ref": "Malbim on Psalms 101", 
    "type": "Commentary", 
    "addressTypes": [
        "Integer", 
        "Integer", 
        "Integer"
    ], 
    "heCommentator": "מלבי\"ם", 
    "length": 150, 
    "indexTitle": "Malbim on Psalms", 
    "heIndexTitle": "מלבי\"ם על תהילים", 
    "alts": [], 
    "order": [
        27, 
        1
    ]
}