{
    "sections": {
        "Malbim on Psalms 63:11": {
            "content": [
                {
                    "segmentNumber": "1", 
                    "links": [
                        {
                            "category": "Tanakh", 
                            "index_title": "Psalms", 
                            "sourceHeRef": "תהילים ס״ג:י״א", 
                            "sourceRef": "Psalms 63:11"
                        }
                    ], 
                    "he": "(יא-יב) "
                }, 
                {
                    "segmentNumber": "2", 
                    "links": [
                        {
                            "category": "Tanakh", 
                            "index_title": "Psalms", 
                            "sourceHeRef": "תהילים ס״ג:י״א", 
                            "sourceRef": "Psalms 63:11"
                        }
                    ], 
                    "he": "<b>יגירוהו, </b> מאמר זה נמשך על יתהלל כל הנשבע בו, ושיעור הכתוב, אבל "
                }, 
                {
                    "segmentNumber": "3", 
                    "links": [
                        {
                            "category": "Tanakh", 
                            "index_title": "Psalms", 
                            "sourceHeRef": "תהילים ס״ג:י״א", 
                            "sourceRef": "Psalms 63:11"
                        }
                    ], 
                    "he": "<b>כל הנשבע בשם ה'</b> באמת, (שעבדי המלך כולם נשבעו לו בה' בל ימרדו, וכן כל אנשי דוד נשבעו לו בעת נפלו עליו, או ר''ל כל הנשבע בשם דוד כי היה דרכם להשבע בשם המלך כמו חי פרעה), הם יתהללו לאמר, שגם "
                }, 
                {
                    "segmentNumber": "4", 
                    "links": [
                        {
                            "category": "Tanakh", 
                            "index_title": "Psalms", 
                            "sourceHeRef": "תהילים ס״ג:י״א", 
                            "sourceRef": "Psalms 63:11"
                        }
                    ], 
                    "he": "<b>אם יגירוהו על ידי חרב, </b> הגם ששאול ואנשיו יגירו את דוד ע''י חרב, ויגרשו אותו מן המערות אשר הוא מתחבא שם להתגורר בארצות אחרות, עד שהמערות ותחתיות ארץ אלה "
                }, 
                {
                    "segmentNumber": "5", 
                    "links": [
                        {
                            "category": "Tanakh", 
                            "index_title": "Psalms", 
                            "sourceHeRef": "תהילים ס״ג:י״א", 
                            "sourceRef": "Psalms 63:11"
                        }
                    ], 
                    "he": "<b>יהיו מנת שועלים, </b> ששועלים יגורו שם, בכ''ז "
                }, 
                {
                    "segmentNumber": "6", 
                    "links": [
                        {
                            "category": "Tanakh", 
                            "index_title": "Psalms", 
                            "sourceHeRef": "תהילים ס״ג:י״א", 
                            "sourceRef": "Psalms 63:11"
                        }
                    ], 
                    "he": "<b>המלך ישמח בה', </b> כי ה' יושיעהו מכל צרותיו, כי יודע בטח "
                }, 
                {
                    "segmentNumber": "7", 
                    "links": [
                        {
                            "category": "Tanakh", 
                            "index_title": "Psalms", 
                            "sourceHeRef": "תהילים ס״ג:י״א", 
                            "sourceRef": "Psalms 63:11"
                        }
                    ], 
                    "he": "<b>כי יסכר פי דוברי שקר, </b> הדוברים שיגירהו על ידי חרב, כי בודאי מלך ימלוך כמו שהבטיח לו ה' :\n\n"
                }
            ], 
            "heTitle": "מלבי\"ם על תהילים", 
            "indexTitle": "Malbim on Psalms", 
            "sectionRef": "Malbim on Psalms 63:11", 
            "prev": "Malbim on Psalms 63:10", 
            "ref": "Malbim on Psalms 63:11", 
            "heRef": "מלבי\"ם על תהילים ס״ג:י״א", 
            "next": "Malbim on Psalms 64:1"
        }, 
        "Malbim on Psalms 63:10": {
            "content": [
                {
                    "segmentNumber": "1", 
                    "links": [
                        {
                            "category": "Tanakh", 
                            "index_title": "Psalms", 
                            "sourceHeRef": "תהילים ס״ג:י׳", 
                            "sourceRef": "Psalms 63:10"
                        }
                    ], 
                    "he": "<b>והמה, </b> אבל אויבי הם "
                }, 
                {
                    "segmentNumber": "2", 
                    "links": [
                        {
                            "category": "Tanakh", 
                            "index_title": "Psalms", 
                            "sourceHeRef": "תהילים ס״ג:י׳", 
                            "sourceRef": "Psalms 63:10"
                        }
                    ], 
                    "he": "<b>לשואה יבקשו נפשי, </b> נפשי היקרה הזאת אשר עקר מגמתה הוא הדבקות בה', יבקשו המה לשואה וחשך, כי יבקשו לעקרה מארצות החיים, וגם "
                }, 
                {
                    "segmentNumber": "3", 
                    "links": [
                        {
                            "category": "Tanakh", 
                            "index_title": "Psalms", 
                            "sourceHeRef": "תהילים ס״ג:י׳", 
                            "sourceRef": "Psalms 63:10"
                        }
                    ], 
                    "he": "<b>יבואו בתחתיות הארץ, </b> הם המערות והמחילות שבמדבר שבקשו שם את דוד כנזכר בספר שמואל :\n"
                }
            ], 
            "heTitle": "מלבי\"ם על תהילים", 
            "indexTitle": "Malbim on Psalms", 
            "sectionRef": "Malbim on Psalms 63:10", 
            "prev": "Malbim on Psalms 63:9", 
            "ref": "Malbim on Psalms 63:10", 
            "heRef": "מלבי\"ם על תהילים ס״ג:י׳", 
            "next": "Malbim on Psalms 63:11"
        }, 
        "Malbim on Psalms 63:9": {
            "content": [
                {
                    "segmentNumber": "1", 
                    "links": [
                        {
                            "category": "Tanakh", 
                            "index_title": "Psalms", 
                            "sourceHeRef": "תהילים ס״ג:ט׳", 
                            "sourceRef": "Psalms 63:9"
                        }
                    ], 
                    "he": "<b>דבקה נפשי אחריך, </b> שעי''ז נזכרתי איך יש לי דבקות בה' משני צדדים, אם מצדי, שנפשי דבקה אחריך, ואם מצדך, כי "
                }, 
                {
                    "segmentNumber": "2", 
                    "links": [
                        {
                            "category": "Tanakh", 
                            "index_title": "Psalms", 
                            "sourceHeRef": "תהילים ס״ג:ט׳", 
                            "sourceRef": "Psalms 63:9"
                        }
                    ], 
                    "he": "<b>בי תמכה ימינך, </b> והיה עקר שמחתי על שראיתי עי''ז שאני דבק בה' והשגחתו מתמדת עלי וזאת היא עקר מאויי, לא התועלת הגשמי והצלחות העולמיים :\n"
                }
            ], 
            "heTitle": "מלבי\"ם על תהילים", 
            "indexTitle": "Malbim on Psalms", 
            "sectionRef": "Malbim on Psalms 63:9", 
            "prev": "Malbim on Psalms 63:7", 
            "ref": "Malbim on Psalms 63:9", 
            "heRef": "מלבי\"ם על תהילים ס״ג:ט׳", 
            "next": "Malbim on Psalms 63:10"
        }, 
        "Malbim on Psalms 63:8": {
            "content": [], 
            "heTitle": "מלבי\"ם על תהילים", 
            "indexTitle": "Malbim on Psalms", 
            "sectionRef": "Malbim on Psalms 63:8", 
            "prev": "Malbim on Psalms 63:7", 
            "ref": "Malbim on Psalms 63:8", 
            "heRef": "מלבי\"ם על תהילים ס״ג:ח׳", 
            "next": "Malbim on Psalms 63:9"
        }, 
        "Malbim on Psalms 63:3": {
            "content": [
                {
                    "segmentNumber": "1", 
                    "links": [
                        {
                            "category": "Tanakh", 
                            "index_title": "Psalms", 
                            "sourceHeRef": "תהילים ס״ג:ג׳", 
                            "sourceRef": "Psalms 63:3"
                        }
                    ], 
                    "he": "<b>כן, </b> והגם שנפשי חוזה אותך בקדש, כי בחזיון הנפש במחזה השכל והרוח הקודש אחזה גדולתך ושכינתך ברוח ובמחזה, אבל אני צמא ותאב "
                }, 
                {
                    "segmentNumber": "2", 
                    "links": [
                        {
                            "category": "Tanakh", 
                            "index_title": "Psalms", 
                            "sourceHeRef": "תהילים ס״ג:ג׳", 
                            "sourceRef": "Psalms 63:3"
                        }
                    ], 
                    "he": "<b>שכמו שחזיתיך בקדש</b> במחזה הרוח, כן אראה אותך בעין בשר בעירך ובהיכלך, ועז''א "
                }, 
                {
                    "segmentNumber": "3", 
                    "links": [
                        {
                            "category": "Tanakh", 
                            "index_title": "Psalms", 
                            "sourceHeRef": "תהילים ס״ג:ג׳", 
                            "sourceRef": "Psalms 63:3"
                        }
                    ], 
                    "he": "<b>לראות עוזך וכבודך</b> שהראיה הוא בעינים ממש, שאראה עוזך וכבודך בעינים, לא רק במחזה ובצפיית הלב :\n"
                }
            ], 
            "heTitle": "מלבי\"ם על תהילים", 
            "indexTitle": "Malbim on Psalms", 
            "sectionRef": "Malbim on Psalms 63:3", 
            "prev": "Malbim on Psalms 63:2", 
            "ref": "Malbim on Psalms 63:3", 
            "heRef": "מלבי\"ם על תהילים ס״ג:ג׳", 
            "next": "Malbim on Psalms 63:4"
        }, 
        "Malbim on Psalms 63:2": {
            "content": [
                {
                    "segmentNumber": "1", 
                    "links": [
                        {
                            "category": "Tanakh", 
                            "index_title": "Psalms", 
                            "sourceHeRef": "תהילים ס״ג:ב׳", 
                            "sourceRef": "Psalms 63:2"
                        }
                    ], 
                    "he": "<b>אלהים, </b> יען אשר "
                }, 
                {
                    "segmentNumber": "2", 
                    "links": [
                        {
                            "category": "Tanakh", 
                            "index_title": "Psalms", 
                            "sourceHeRef": "תהילים ס״ג:ב׳", 
                            "sourceRef": "Psalms 63:2"
                        }
                    ], 
                    "he": "<b>אלי אתה אשחרך, </b> רק אותך אשחר ואדרוש, "
                }, 
                {
                    "segmentNumber": "3", 
                    "links": [
                        {
                            "category": "Tanakh", 
                            "index_title": "Psalms", 
                            "sourceHeRef": "תהילים ס״ג:ב׳", 
                            "sourceRef": "Psalms 63:2"
                        }
                    ], 
                    "he": "<b>צמאה, </b> כמו "
                }, 
                {
                    "segmentNumber": "4", 
                    "links": [
                        {
                            "category": "Tanakh", 
                            "index_title": "Psalms", 
                            "sourceHeRef": "תהילים ס״ג:ב׳", 
                            "sourceRef": "Psalms 63:2"
                        }
                    ], 
                    "he": "<b>שצמאה לך נפשי</b> כן "
                }, 
                {
                    "segmentNumber": "5", 
                    "links": [
                        {
                            "category": "Tanakh", 
                            "index_title": "Psalms", 
                            "sourceHeRef": "תהילים ס״ג:ב׳", 
                            "sourceRef": "Psalms 63:2"
                        }
                    ], 
                    "he": "<b>כמה</b> ותאב "
                }, 
                {
                    "segmentNumber": "6", 
                    "links": [
                        {
                            "category": "Tanakh", 
                            "index_title": "Psalms", 
                            "sourceHeRef": "תהילים ס״ג:ב׳", 
                            "sourceRef": "Psalms 63:2"
                        }
                    ], 
                    "he": "<b>לך בשרי, </b> שגם החומר שלי מתאוה אל ה', פה "
                }, 
                {
                    "segmentNumber": "7", 
                    "links": [
                        {
                            "category": "Tanakh", 
                            "index_title": "Psalms", 
                            "sourceHeRef": "תהילים ס״ג:ב׳", 
                            "sourceRef": "Psalms 63:2"
                        }
                    ], 
                    "he": "<b>בארץ ציה ועיף בלי מים, </b> הגם שהוא ארץ ציה שהבשר מתאוה למים והנפש צמאה למים, ואני איני צמא למים רק לך אני צמא ונפשי שוקקה :\n"
                }
            ], 
            "heTitle": "מלבי\"ם על תהילים", 
            "indexTitle": "Malbim on Psalms", 
            "sectionRef": "Malbim on Psalms 63:2", 
            "prev": "Malbim on Psalms 63:1", 
            "ref": "Malbim on Psalms 63:2", 
            "heRef": "מלבי\"ם על תהילים ס״ג:ב׳", 
            "next": "Malbim on Psalms 63:3"
        }, 
        "Malbim on Psalms 63:1": {
            "content": [
                {
                    "segmentNumber": "1", 
                    "links": [
                        {
                            "category": "Tanakh", 
                            "index_title": "Psalms", 
                            "sourceHeRef": "תהילים ס״ג:א׳", 
                            "sourceRef": "Psalms 63:1"
                        }
                    ], 
                    "he": "<b>מזמור, </b> קוטב המזמור להגיד בו רוב תשוקתו אל הדבקות האלהי, עד שעזב מלזכור כל ענינים החומריים רק באלהים דבקה נפשו :\n"
                }
            ], 
            "heTitle": "מלבי\"ם על תהילים", 
            "indexTitle": "Malbim on Psalms", 
            "sectionRef": "Malbim on Psalms 63:1", 
            "prev": "Malbim on Psalms 62:13", 
            "ref": "Malbim on Psalms 63:1", 
            "heRef": "מלבי\"ם על תהילים ס״ג:א׳", 
            "next": "Malbim on Psalms 63:2"
        }, 
        "Malbim on Psalms 63:7": {
            "content": [
                {
                    "segmentNumber": "1", 
                    "links": [
                        {
                            "category": "Tanakh", 
                            "index_title": "Psalms", 
                            "sourceHeRef": "תהילים ס״ג:ז׳", 
                            "sourceRef": "Psalms 63:7"
                        }
                    ], 
                    "he": "(ז-ח) "
                }, 
                {
                    "segmentNumber": "2", 
                    "links": [
                        {
                            "category": "Tanakh", 
                            "index_title": "Psalms", 
                            "sourceHeRef": "תהילים ס״ג:ז׳", 
                            "sourceRef": "Psalms 63:7"
                        }
                    ], 
                    "he": "<b>אם, </b> וכן גם "
                }, 
                {
                    "segmentNumber": "3", 
                    "links": [
                        {
                            "category": "Tanakh", 
                            "index_title": "Psalms", 
                            "sourceHeRef": "תהילים ס״ג:ז׳", 
                            "sourceRef": "Psalms 63:7"
                        }
                    ], 
                    "he": "<b>אם זכרתיך על יצועי בעת</b> אשר "
                }, 
                {
                    "segmentNumber": "4", 
                    "links": [
                        {
                            "category": "Tanakh", 
                            "index_title": "Psalms", 
                            "sourceHeRef": "תהילים ס״ג:ז׳", 
                            "sourceRef": "Psalms 63:7"
                        }
                    ], 
                    "he": "<b>אהגה בך באשמורות</b> הלילה, ואזכור אז "
                }, 
                {
                    "segmentNumber": "5", 
                    "links": [
                        {
                            "category": "Tanakh", 
                            "index_title": "Psalms", 
                            "sourceHeRef": "תהילים ס״ג:ז׳", 
                            "sourceRef": "Psalms 63:7"
                        }
                    ], 
                    "he": "<b>מה שהיית עזרתה לי, </b> שעזרתני מן האויבים, "
                }, 
                {
                    "segmentNumber": "6", 
                    "links": [
                        {
                            "category": "Tanakh", 
                            "index_title": "Psalms", 
                            "sourceHeRef": "תהילים ס״ג:ז׳", 
                            "sourceRef": "Psalms 63:7"
                        }
                    ], 
                    "he": "<b>וארנן</b> על שחסיתי "
                }, 
                {
                    "segmentNumber": "7", 
                    "links": [
                        {
                            "category": "Tanakh", 
                            "index_title": "Psalms", 
                            "sourceHeRef": "תהילים ס״ג:ז׳", 
                            "sourceRef": "Psalms 63:7"
                        }
                    ], 
                    "he": "<b>בצל כנפיך, </b> לא היה זה מפני ששמחתי על הצלחת הזמן והתועלת שהשגתי מאתך בחיים הגשמיים, רק מצד שעי''ז\n"
                }
            ], 
            "heTitle": "מלבי\"ם על תהילים", 
            "indexTitle": "Malbim on Psalms", 
            "sectionRef": "Malbim on Psalms 63:7", 
            "prev": "Malbim on Psalms 63:6", 
            "ref": "Malbim on Psalms 63:7", 
            "heRef": "מלבי\"ם על תהילים ס״ג:ז׳", 
            "next": "Malbim on Psalms 63:9"
        }, 
        "Malbim on Psalms 63:6": {
            "content": [
                {
                    "segmentNumber": "1", 
                    "links": [
                        {
                            "category": "Tanakh", 
                            "index_title": "Psalms", 
                            "sourceHeRef": "תהילים ס״ג:ו׳", 
                            "sourceRef": "Psalms 63:6"
                        }
                    ], 
                    "he": "<b>כמו חלב ודשן</b> שישבע הגוף ויהיה לו למזון, כן "
                }, 
                {
                    "segmentNumber": "2", 
                    "links": [
                        {
                            "category": "Tanakh", 
                            "index_title": "Psalms", 
                            "sourceHeRef": "תהילים ס״ג:ו׳", 
                            "sourceRef": "Psalms 63:6"
                        }
                    ], 
                    "he": "<b>תשבע נפשי, </b> שאתן לה מזונה הרוחני ג' פעמים בכל יום בג' תפלות כמו שיתנו ג' פעמים להגוף מזונו הגשמי, ומפרש במה תשבע נפשי במה "
                }, 
                {
                    "segmentNumber": "3", 
                    "links": [
                        {
                            "category": "Tanakh", 
                            "index_title": "Psalms", 
                            "sourceHeRef": "תהילים ס״ג:ו׳", 
                            "sourceRef": "Psalms 63:6"
                        }
                    ], 
                    "he": "<b>ששפתי רננות יהלל פי, </b> שזה מזון הנפש, וכמ''ש הכוזרי שכמו שהגוף הגשמי צריך הוא אל המזון ולא יחיה בלעדיו כן מזון הנפש היא התפלה שתדבק אל שרשה הרוחני, וכמו שמזון הגוף הוא שלש פעמים ביום כן ערב ובקר וצהרים אשיחה ואהמה :\n"
                }
            ], 
            "heTitle": "מלבי\"ם על תהילים", 
            "indexTitle": "Malbim on Psalms", 
            "sectionRef": "Malbim on Psalms 63:6", 
            "prev": "Malbim on Psalms 63:5", 
            "ref": "Malbim on Psalms 63:6", 
            "heRef": "מלבי\"ם על תהילים ס״ג:ו׳", 
            "next": "Malbim on Psalms 63:7"
        }, 
        "Malbim on Psalms 63:5": {
            "content": [
                {
                    "segmentNumber": "1", 
                    "links": [
                        {
                            "category": "Tanakh", 
                            "index_title": "Psalms", 
                            "sourceHeRef": "תהילים ס״ג:ה׳", 
                            "sourceRef": "Psalms 63:5"
                        }
                    ], 
                    "he": "<b>כן, </b> כן הוא הברכה אשר "
                }, 
                {
                    "segmentNumber": "2", 
                    "links": [
                        {
                            "category": "Tanakh", 
                            "index_title": "Psalms", 
                            "sourceHeRef": "תהילים ס״ג:ה׳", 
                            "sourceRef": "Psalms 63:5"
                        }
                    ], 
                    "he": "<b>אברכך בחיי, </b> לא אברך אותך על החיים, רק על החסד מה שאוכל לשבח אותך, וכן רק "
                }, 
                {
                    "segmentNumber": "3", 
                    "links": [
                        {
                            "category": "Tanakh", 
                            "index_title": "Psalms", 
                            "sourceHeRef": "תהילים ס״ג:ה׳", 
                            "sourceRef": "Psalms 63:5"
                        }
                    ], 
                    "he": "<b>בשמך אשא כפי, </b> מה שאשא כפי לתפלה לא אתפלל על חיים הגשמיים וצרכי העולם רק בשמך, שאוכל להודות לך ולברך את שמך :\n"
                }
            ], 
            "heTitle": "מלבי\"ם על תהילים", 
            "indexTitle": "Malbim on Psalms", 
            "sectionRef": "Malbim on Psalms 63:5", 
            "prev": "Malbim on Psalms 63:4", 
            "ref": "Malbim on Psalms 63:5", 
            "heRef": "מלבי\"ם על תהילים ס״ג:ה׳", 
            "next": "Malbim on Psalms 63:6"
        }, 
        "Malbim on Psalms 63:4": {
            "content": [
                {
                    "segmentNumber": "1", 
                    "links": [
                        {
                            "category": "Tanakh", 
                            "index_title": "Psalms", 
                            "sourceHeRef": "תהילים ס״ג:ד׳", 
                            "sourceRef": "Psalms 63:4"
                        }
                    ], 
                    "he": "<b>כי טוב חסדך מחיים, </b> שחסדך במתנת החיים נבדל מכל חסד שיעשה זולתך, שכל חסד שנשיג מזולתנו אין החסד טוב מצד עצמו רק מצד התועלת שהשגנו ממנו, למשל מלך ב''ו שעשה חסד לחייב מיתה והניחו בחיים, הטוב של החסד הוא החיים שנתן לו, אבל אצלך החסד בעצמו טוב יותר מן החיים, כי החיים אינם תכלית לעצמם, רק שהם אמצעיים שעל ידם "
                }, 
                {
                    "segmentNumber": "2", 
                    "links": [
                        {
                            "category": "Tanakh", 
                            "index_title": "Psalms", 
                            "sourceHeRef": "תהילים ס״ג:ד׳", 
                            "sourceRef": "Psalms 63:4"
                        }
                    ], 
                    "he": "<b>שפתי ישבחונך, </b> שבלעדי החיים א''א שאשבח אותך בשפה (כי הנפש המופשטת מן הגוף אין לה פה ושפה לשבח ה', והיא רק שכל ומשכלת), וא''כ אחר שעקר תכלית החיים וטובם הוא מה שיכול להודות לה' על החסד שנתן לנו חיים, א''כ החסד הוא הטוב והתכלית של החיים, והוא טוב מן החיים עצמם שהוא רק אמצעי אליו, כי ע''י החסד שפתי ישבחונך וזאת היא תכלית החיים :\n"
                }
            ], 
            "heTitle": "מלבי\"ם על תהילים", 
            "indexTitle": "Malbim on Psalms", 
            "sectionRef": "Malbim on Psalms 63:4", 
            "prev": "Malbim on Psalms 63:3", 
            "ref": "Malbim on Psalms 63:4", 
            "heRef": "מלבי\"ם על תהילים ס״ג:ד׳", 
            "next": "Malbim on Psalms 63:5"
        }
    }, 
    "ref": "Malbim on Psalms 63"
}