{
    "heTitleVariants": [
        "תוספות על נזיר"
    ], 
    "heTitle": "תוספות על נזיר נ״ה א", 
    "content": [
        {
            "segmentNumber": "1", 
            "he": [
                "לימא כתנאי - אי משום אוירא אי משום גושא:"
            ], 
            "links": [
                {
                    "category": "Talmud", 
                    "sourceHeRef": "נזיר נ״ה א:א׳", 
                    "index_title": "Nazir", 
                    "sourceRef": "Nazir 55a:1"
                }
            ], 
            "text": ""
        }, 
        {
            "segmentNumber": "2", 
            "he": [
                "ור' יוסי בר' יהודה מטהר - דסבר משום גושא דכיון שהוא בשידה ואהל זרוק שמיה אהל טהור:"
            ], 
            "links": [
                {
                    "category": "Talmud", 
                    "sourceHeRef": "נזיר נ״ה א:ב׳", 
                    "index_title": "Nazir", 
                    "sourceRef": "Nazir 55a:2"
                }
            ], 
            "text": ""
        }, 
        {
            "segmentNumber": "3", 
            "he": [], 
            "links": [], 
            "text": ""
        }, 
        {
            "segmentNumber": "4", 
            "he": [], 
            "links": [], 
            "text": ""
        }, 
        {
            "segmentNumber": "5", 
            "he": [], 
            "links": [], 
            "text": ""
        }, 
        {
            "segmentNumber": "6", 
            "he": [], 
            "links": [], 
            "text": ""
        }, 
        {
            "segmentNumber": "7", 
            "he": [
                "והתניא - בת\"כ זרק תיבה מלאה כלים על פני המת טמאה דהוי אהל זרוק ולא שמיה אהל ואם היתה מונחת שעומדת במקום אחד טהורה כיון דאינה זזה ממקומה השתא הוי אהל קבוע אלמא דאהל זרוק לא שמיה אהל לר' יוסי בר\"י אבל אם פליגי באוירא וגושא לא קשיא ליה מידי מהך ברייתא דאיכא לאוקמא לפלוגתייהו בשידה תיבה המונחת ואפ\"ה א\"ר מטמא משום אוירא אבל השתא דפליגי באהל זרוק לא מתוקמא פלוגתייהו במונחת דא\"כ רבי לא הוה מטמא דאהל מעליא הוא ומשני דכ\"ע משום אוירא ואהל זרוק לא שמיה אהל לר' יוסי בר' יהודה ואפ\"ה משום דלא שכיחא ליכנס בשידה תיבה ומגדל לא גזרו לר' יוסי והתניא בניחותא וכו' פירוש אחר לא דכ\"ע משום גושא מר סבר אהל זרוק שנכנס בשידה שבהמה או אדם מוליכים אותו שמיה אהל לחוץ ולהפסיק וצ\"ל דעדיף מטלית המנפנפת דתנן במס' אהלות (פ\"ח מ\"ה) דאין חוצצין בפני הטומאה ואין מביאין והיינו טעמא דהכא עדיף משום דרגלי האדם או הבהמה הנושאים השידה והתיבה נוגעים בארץ אבל הטלית מנפנפת באויר ומר סבר אהל זרוק לא שמיה אהל והיינו דאמר והתניא בניחותא וכן בפירוש ר\"ח ר' יוסי בר' יהודה אומר תיבה שהיא מלאה כלים וזרקה על פני המת טמאה דדמיא לטלית המנפנפת דאזלה כולה באוירא ואם היתה מונחת על גבי בהמה או אדם הנושאין אותה טהורה דאהל זרוק כה\"ג דרגלי הנושאים נוגעים בארץ שמיה אהל לחוץ בפני הטומאה:"
            ], 
            "links": [
                {
                    "category": "Talmud", 
                    "sourceHeRef": "נזיר נ״ה א:ז׳", 
                    "index_title": "Nazir", 
                    "sourceRef": "Nazir 55a:7"
                }
            ], 
            "text": ""
        }, 
        {
            "segmentNumber": "8", 
            "he": [], 
            "links": [
                {
                    "category": "Talmud", 
                    "sourceHeRef": "נזיר נ״ה א:ח׳", 
                    "index_title": "Nazir", 
                    "sourceRef": "Nazir 55a:8"
                }
            ], 
            "text": ""
        }, 
        {
            "segmentNumber": "9", 
            "he": [
                " ה\"ג ואי בעית אימא - דכ\"ע משום אוירא גזרו וטעמא דר' יוסי בר' יהודה דמטהר אף כי נמי גזרו על אוירא היינו בעומד על הגשר של ארץ העמים או נכנס בקרון ובספינה דשכיחי להלך אבל בשידה תיבה ומגדל לא שכיח לא גזרו ורבי סבר אע\"ג דלא שכיח גזרו והתניא בניחותא הנכנס בארץ העמים בשידה תיבה ומגדל טהור בקרון ובספינה ובאסקריא גוט\"א בלע\"ז משוט הספינה וכדאמר בעלמא (תענית דף כא.) אילפא תלא נפשיה באסקריא דמכותא אלמא אף לר' יוסי בר\"י דמטהר בשידה תיבה ומגדל מודה בקרון ובספינה דטמא משום אוירא גזרו ואב\"א הכא שמא יוציא ראשו ורובו לשם ולכ\"ע משום גושא גזרו ושידה תיבה ומגדל דמטהר ר' יוסי בר\"י משום דסבר אהל זרוק שמיה אהל ולא גזר שמא יוציא ראשו ורובו לחוץ דאין פתח שידה תיבה ומגדל נוחה ליכנס ולהוציא ואין נקל כל כך להוציא ראשו אבל בקרון ובספינה מטמא משום דגזר שמא יוציא ראשו ורובו לחוץ בקרון ובספינה ויאהל על הגושא כי נקל להוציא ראשו ורובו מספינה וקרון ורבי דמטמא אפי' בשידה תיבה ומגדל גזר אפי' בהנך דלמא יוציא ראשו ורובו לחוץ:"
            ], 
            "links": [
                {
                    "category": "Talmud", 
                    "sourceHeRef": "נזיר נ״ה א:ט׳", 
                    "index_title": "Nazir", 
                    "sourceRef": "Nazir 55a:9"
                }, 
                {
                    "category": "Talmud", 
                    "sourceHeRef": "תענית כ״א א", 
                    "index_title": "Taanit", 
                    "sourceRef": "Taanit 21a"
                }
            ], 
            "text": ""
        }, 
        {
            "segmentNumber": "10", 
            "he": [], 
            "links": [], 
            "text": ""
        }, 
        {
            "segmentNumber": "11", 
            "he": [], 
            "links": [], 
            "text": ""
        }, 
        {
            "segmentNumber": "12", 
            "he": [
                " והתניא בניחותא הנכנס לארץ העמים בשידה תיבה ומגדל טהור עד שיוציא ראשו ורובו - מכלל דבקרון ובספינה טמא אע\"פ שלא הוציא ראשו ורובו דנקל הוא להוציא בקרון ובספינה וההוא דמייתי בפ' בכל מערבין (עירובין ל:) ובמס' חגיגה (דף כה.) מההיא ברייתא דהנכנס לארץ העמים בשידה תיבה ומגדל דפליגי ר' יוסי בר\"י ורבי באהל זרוק אי שמיה אהל אי לא היינו במאי דבעי למימר בשינויא קמא דפליגי באהל זרוק אבל שינוייא [בתרא] ליכנס בארץ העמים לא פליגי באהל זרוק אבל לגבי מת הוא דפליגי בה כדתניא ואם היתה מונחת בו טהורה דאהל זרוק שמיה אהל וההיא ר' יוסי בר\"י אבל רבי מטמא דאהל זרוק לא שמיה אהל:"
            ], 
            "links": [
                {
                    "category": "Talmud", 
                    "sourceHeRef": "נזיר נ״ה א:י״ב", 
                    "index_title": "Nazir", 
                    "sourceRef": "Nazir 55a:12"
                }, 
                {
                    "category": "Talmud", 
                    "sourceHeRef": "עירובין ל׳ ב", 
                    "index_title": "Eruvin", 
                    "sourceRef": "Eruvin 30b"
                }
            ], 
            "text": ""
        }, 
        {
            "segmentNumber": "13", 
            "he": [], 
            "links": [], 
            "text": ""
        }, 
        {
            "segmentNumber": "14", 
            "he": [], 
            "links": [], 
            "text": ""
        }, 
        {
            "segmentNumber": "15", 
            "he": [], 
            "links": [], 
            "text": ""
        }, 
        {
            "segmentNumber": "16", 
            "he": [], 
            "links": [], 
            "text": ""
        }, 
        {
            "segmentNumber": "17", 
            "he": [], 
            "links": [], 
            "text": ""
        }, 
        {
            "segmentNumber": "18", 
            "he": [
                "ומתחיל ומונה מיד - כשנטהר מונה [למקום] שהפסיק בתחילת צרעתו דימי צרעתו לא עלו לו מן המנין:"
            ], 
            "links": [
                {
                    "category": "Talmud", 
                    "sourceHeRef": "נזיר נ״ה א:י״ח", 
                    "index_title": "Nazir", 
                    "sourceRef": "Nazir 55a:18"
                }, 
                {
                    "category": "Talmud", 
                    "sourceHeRef": "נזיר נ״ה א:י״ח", 
                    "index_title": "Nazir", 
                    "sourceRef": "Nazir 55a:18"
                }
            ], 
            "text": ""
        }, 
        {
            "segmentNumber": "19", 
            "he": [
                "אמר רב חסדא לא שנו - דימי ספרו וימי גמרו אין עולים לו למנין נזירותו אלא בנזירות מועטת של ל' יום ונצטרע בנתיים ולאחר שנתרפא וגילח לסוף ימי גמרו וכשגילח שנית אחר ימי ספרו אז ודאי אינו יכול לגלח לסוף ל' מתחילת ימי נזירותו ויהיו ימי צרעתו ממנין שהרי אין גידול שיער פחות מל' יום וצריך למנות ל' יום לנזירותו משנתרפא ומספר:"
            ], 
            "links": [
                {
                    "category": "Talmud", 
                    "sourceHeRef": "נזיר נ״ה א:י״ט", 
                    "index_title": "Nazir", 
                    "sourceRef": "Nazir 55a:19"
                }, 
                {
                    "category": "Talmud", 
                    "sourceHeRef": "נזיר נ״ה א:י״ט", 
                    "index_title": "Nazir", 
                    "sourceRef": "Nazir 55a:19"
                }
            ], 
            "text": ""
        }, 
        {
            "segmentNumber": "20", 
            "he": [
                "אבל בנזירות מרובה - שנדר כל כך ימים שאחר ימי צרעתו איכא ל' יום אחר שגילח תגלחת שנית לצרעתו דשפיר איכא כדי גידול שער מסלק נמי סלקי ליה:"
            ], 
            "links": [
                {
                    "category": "Talmud", 
                    "sourceHeRef": "נזיר נ״ה א:כ׳", 
                    "index_title": "Nazir", 
                    "sourceRef": "Nazir 55a:20"
                }
            ], 
            "text": ""
        }, 
        {
            "segmentNumber": "21", 
            "he": [
                "מתיב רב שרביא מתחיל ומונה מיד ואינו מבטל הקודמים - אומר ר\"י דהיינו מתני' בודאי (אף) [אך] כי החליף הלשון:"
            ], 
            "links": [
                {
                    "category": "Talmud", 
                    "sourceHeRef": "נזיר נ״ה א:כ״א", 
                    "index_title": "Nazir", 
                    "sourceRef": "Nazir 55a:21"
                }
            ], 
            "text": ""
        }, 
        {
            "segmentNumber": "22", 
            "he": [], 
            "links": [], 
            "text": ""
        }, 
        {
            "segmentNumber": "23", 
            "he": [], 
            "links": [], 
            "text": ""
        }, 
        {
            "segmentNumber": "24", 
            "he": [
                "אילימא בנזירות מועטת הא בעי גידול שיער - ומאי קאמר אינו מבטל הקודמים והלא על כרחיה יסתור קודמין:  ", 
                "אלא לאו בנזירות מרובה וקתני מתחיל ומונה מיד דשמעינן מתחיל ומונה לאחר ימי ספרו אלמא ימי ספרו אין עולין הוא מותיב לה והוא מפרק לה בנזירות בת חמשים יום איירי מתני' והיינו נזירות מועטת כרב חסדא וה\"ק לא שנו אלא נזירות מועטת כלומר (אי) שאין לו לעשות רק ימי נזירות מועטת כבתחילת ימי צרעתו כגון דיתיב עשרים בנזירות ואיתיליד ביה צרעת דמגלח בצרעתו והדר יתיב שלשים ימים דנזיר דהא אית ליה גידול שיער כלומר ובכה\"ג דין הוא שלא יעלו ימי צרעתו כל עיקר ודין הוא שלא יבטל הקודמין שאם ימי גמרו וימי חלוטו יעלו לנזירות שבעה ימים או ארבע (או) עשר ימים כפי מה שיעלו צריך הוא להוסיף על הנדר כדי שיהא שם גידול שיער ובכי האי גוונא איירי מתניתין ונזירות בת חמשים לאו דווקא דהוא הדין לנזירות בת ארבעים היכא דאיתיליד ביה צרעת לסוף עשרה ימים וזה הכלל נזירות מועטת קרי מקום שאין לו למנות רק ל' יום משהתחיל הצרעת עד סוף ימי נזירותו אבל בנזירות מרובה כלומר כשהתחיל צרעתו היה לו למנות עדיין שלשים וא' יום או שלשים ושנים ימים לנזירות וכ\"ש יותר כגון נזירות בת חמשים וא' או יותר ואיתיליד ביה צרעת בכ' אז ודאי לא תוכל לומר דכל ימי צרעתו אינן עולים כל עיקר דבמנין הימים העוברים מיהא יעלו לו כגון מי שנדר חמשים ושלשה ויתיב עשרים ואיתיליד ביה צרעת וארבעה עשר יום שלשה מימי צרעתו יעלו ואחד עשר לא יעלו וצריך הוא למנות על [עשרים] ושלשה ל' יום דבפחות לא יהיו לו גידול שער והיינו דנקט והדר יתיב שלשים ימים דנזיר:"
            ], 
            "links": [
                {
                    "category": "Talmud", 
                    "sourceHeRef": "נזיר נ״ה א:כ״ד", 
                    "index_title": "Nazir", 
                    "sourceRef": "Nazir 55a:24"
                }, 
                {
                    "category": "Talmud", 
                    "sourceHeRef": "נזיר נ״ה א:כ״ד", 
                    "index_title": "Nazir", 
                    "sourceRef": "Nazir 55a:24"
                }
            ], 
            "text": ""
        }
    ], 
    "commentaryBook": "Nazir", 
    "heRef": "תוספות על נזיר נ״ה א", 
    "toSections": [
        "55a"
    ], 
    "sectionRef": "Tosafot on Nazir 55a", 
    "title": "Tosafot on Nazir 55a", 
    "lengths": [
        130, 
        3741
    ], 
    "next": "Tosafot on Nazir 55b:5", 
    "heBook": "תוספות על נזיר", 
    "book": "Tosafot on Nazir", 
    "prev": "Tosafot on Nazir 54b:8", 
    "textDepth": 3, 
    "sectionNames": [
        "Daf", 
        "Line", 
        "Comment"
    ], 
    "sections": [
        "55a"
    ], 
    "commentator": "Tosafot", 
    "isComplex": false, 
    "commentaryCategories": [
        "Talmud", 
        "Bavli", 
        "Seder Nashim"
    ], 
    "titleVariants": [
        "Tosafot on Tractate Nazir", 
        "Tosafot on Masekhet Nazir", 
        "Tosafot on Talmud Nazir", 
        "Tosafot on Nazir"
    ], 
    "categories": [
        "Commentary", 
        "Talmud", 
        "Tosafot"
    ], 
    "ref": "Tosafot on Nazir 55a", 
    "type": "Commentary", 
    "addressTypes": [
        "Talmud", 
        "Integer", 
        "Integer"
    ], 
    "heCommentator": "תוספות", 
    "length": 130, 
    "indexTitle": "Tosafot on Nazir", 
    "heIndexTitle": "תוספות על נזיר", 
    "alts": [], 
    "order": [
        16, 
        4
    ]
}