{
    "sections": {
        "Metzudat David on I Kings 21:7": {
            "content": [
                {
                    "segmentNumber": "1", 
                    "links": [
                        {
                            "category": "Tanakh", 
                            "index_title": "I Kings", 
                            "sourceHeRef": "מלכים א כ״א:ז׳", 
                            "sourceRef": "I Kings 21:7"
                        }
                    ], 
                    "he": "<b>עתה תעשה מלוכה .</b> אמרה בתמיה , וכי בדבר שאתה עושה עתה , תנהיג את המלוכה וכאלו אמרה , הן דאוי למלך להתגבר ולהתחכם שימולא רצונו , ולא להיות סר וזעף : "
                }, 
                {
                    "segmentNumber": "2", 
                    "links": [
                        {
                            "category": "Tanakh", 
                            "index_title": "I Kings", 
                            "sourceHeRef": "מלכים א כ״א:ז׳", 
                            "sourceRef": "I Kings 21:7"
                        }
                    ], 
                    "he": "<b>ויטב לבך .</b> רוצה לומר : היה שמח :\n"
                }
            ], 
            "heTitle": "מצודת דוד על מלכים א", 
            "indexTitle": "Metzudat David on I Kings", 
            "sectionRef": "Metzudat David on I Kings 21:7", 
            "prev": "Metzudat David on I Kings 21:5", 
            "ref": "Metzudat David on I Kings 21:7", 
            "heRef": "מצודת דוד על מלכים א כ״א:ז׳", 
            "next": "Metzudat David on I Kings 21:8"
        }, 
        "Metzudat David on I Kings 21:6": {
            "content": [], 
            "heTitle": "מצודת דוד על מלכים א", 
            "indexTitle": "Metzudat David on I Kings", 
            "sectionRef": "Metzudat David on I Kings 21:6", 
            "prev": "Metzudat David on I Kings 21:5", 
            "ref": "Metzudat David on I Kings 21:6", 
            "heRef": "מצודת דוד על מלכים א כ״א:ו׳", 
            "next": "Metzudat David on I Kings 21:7"
        }, 
        "Metzudat David on I Kings 21:5": {
            "content": [
                {
                    "segmentNumber": "1", 
                    "links": [
                        {
                            "category": "Tanakh", 
                            "index_title": "I Kings", 
                            "sourceHeRef": "מלכים א כ״א:ה׳", 
                            "sourceRef": "I Kings 21:5"
                        }, 
                        {
                            "category": "Tanakh", 
                            "index_title": "Numbers", 
                            "sourceHeRef": "במדבר י״ד:כ״ד", 
                            "sourceRef": "Numbers 14:24"
                        }
                    ], 
                    "he": "<b>רוחך סרה .</b> סר ממך הרצון והדבור , כמו ( במדבר יד כד ) : "
                }, 
                {
                    "segmentNumber": "2", 
                    "links": [
                        {
                            "category": "Tanakh", 
                            "index_title": "I Kings", 
                            "sourceHeRef": "מלכים א כ״א:ה׳", 
                            "sourceRef": "I Kings 21:5"
                        }, 
                        {
                            "category": "Tanakh", 
                            "index_title": "Isaiah", 
                            "sourceHeRef": "ישעיהו י״א:ד׳", 
                            "sourceRef": "Isaiah 11:4"
                        }
                    ], 
                    "he": "<b>רוח אחרת .</b> וכמו ( ישעיהו יא ד ) : ברוח שפתיו :\n"
                }
            ], 
            "heTitle": "מצודת דוד על מלכים א", 
            "indexTitle": "Metzudat David on I Kings", 
            "sectionRef": "Metzudat David on I Kings 21:5", 
            "prev": "Metzudat David on I Kings 21:4", 
            "ref": "Metzudat David on I Kings 21:5", 
            "heRef": "מצודת דוד על מלכים א כ״א:ה׳", 
            "next": "Metzudat David on I Kings 21:7"
        }, 
        "Metzudat David on I Kings 21:4": {
            "content": [
                {
                    "segmentNumber": "1", 
                    "links": [
                        {
                            "category": "Tanakh", 
                            "index_title": "I Kings", 
                            "sourceHeRef": "מלכים א כ״א:ד׳", 
                            "sourceRef": "I Kings 21:4"
                        }
                    ], 
                    "he": "<b>ויסב .</b> החזיר פניו אל הקיר , כדרך המיצר ודואג :\n"
                }
            ], 
            "heTitle": "מצודת דוד על מלכים א", 
            "indexTitle": "Metzudat David on I Kings", 
            "sectionRef": "Metzudat David on I Kings 21:4", 
            "prev": "Metzudat David on I Kings 21:3", 
            "ref": "Metzudat David on I Kings 21:4", 
            "heRef": "מצודת דוד על מלכים א כ״א:ד׳", 
            "next": "Metzudat David on I Kings 21:5"
        }, 
        "Metzudat David on I Kings 21:3": {
            "content": [
                {
                    "segmentNumber": "1", 
                    "links": [
                        {
                            "category": "Tanakh", 
                            "index_title": "I Kings", 
                            "sourceHeRef": "מלכים א כ״א:ג׳", 
                            "sourceRef": "I Kings 21:3"
                        }, 
                        {
                            "category": "Tanakh", 
                            "index_title": "Leviticus", 
                            "sourceHeRef": "ויקרא כ״ה:כ״ג", 
                            "sourceRef": "Leviticus 25:23"
                        }
                    ], 
                    "he": "<b>חלילה לי מה' .</b> חולין הוא לי , בעבור מצות ה' , שאמרה התורה ( ויקרא כה כג ) : והארץ לא תמכר לצמיתות :\n"
                }
            ], 
            "heTitle": "מצודת דוד על מלכים א", 
            "indexTitle": "Metzudat David on I Kings", 
            "sectionRef": "Metzudat David on I Kings 21:3", 
            "prev": "Metzudat David on I Kings 21:2", 
            "ref": "Metzudat David on I Kings 21:3", 
            "heRef": "מצודת דוד על מלכים א כ״א:ג׳", 
            "next": "Metzudat David on I Kings 21:4"
        }, 
        "Metzudat David on I Kings 21:2": {
            "content": [
                {
                    "segmentNumber": "1", 
                    "links": [
                        {
                            "category": "Tanakh", 
                            "index_title": "I Kings", 
                            "sourceHeRef": "מלכים א כ״א:ב׳", 
                            "sourceRef": "I Kings 21:2"
                        }
                    ], 
                    "he": "<b>לגן ירק .</b> לגדל בו הירק : "
                }, 
                {
                    "segmentNumber": "2", 
                    "links": [
                        {
                            "category": "Tanakh", 
                            "index_title": "I Kings", 
                            "sourceHeRef": "מלכים א כ״א:ב׳", 
                            "sourceRef": "I Kings 21:2"
                        }
                    ], 
                    "he": "<b>אם טוב בעיניך .</b> אם חפץ אתה יותר בממון : "
                }, 
                {
                    "segmentNumber": "3", 
                    "links": [
                        {
                            "category": "Tanakh", 
                            "index_title": "I Kings", 
                            "sourceHeRef": "מלכים א כ״א:ב׳", 
                            "sourceRef": "I Kings 21:2"
                        }
                    ], 
                    "he": "<b>מחיר זה .</b> מחיר כרם זה :\n"
                }
            ], 
            "heTitle": "מצודת דוד על מלכים א", 
            "indexTitle": "Metzudat David on I Kings", 
            "sectionRef": "Metzudat David on I Kings 21:2", 
            "prev": "Metzudat David on I Kings 21:1", 
            "ref": "Metzudat David on I Kings 21:2", 
            "heRef": "מצודת דוד על מלכים א כ״א:ב׳", 
            "next": "Metzudat David on I Kings 21:3"
        }, 
        "Metzudat David on I Kings 21:1": {
            "content": [
                {
                    "segmentNumber": "1", 
                    "links": [
                        {
                            "category": "Tanakh", 
                            "index_title": "I Kings", 
                            "sourceHeRef": "מלכים א כ״א:א׳", 
                            "sourceRef": "I Kings 21:1"
                        }
                    ], 
                    "he": "<b>אשר ביזרעאל .</b> אשר עמד ביזרעאל : "
                }, 
                {
                    "segmentNumber": "2", 
                    "links": [
                        {
                            "category": "Tanakh", 
                            "index_title": "I Kings", 
                            "sourceHeRef": "מלכים א כ״א:א׳", 
                            "sourceRef": "I Kings 21:1"
                        }
                    ], 
                    "he": "<b>אצל היכל אחאב .</b> אשר היה לו ביזרעאל :\n"
                }
            ], 
            "heTitle": "מצודת דוד על מלכים א", 
            "indexTitle": "Metzudat David on I Kings", 
            "sectionRef": "Metzudat David on I Kings 21:1", 
            "prev": "Metzudat David on I Kings 20:43", 
            "ref": "Metzudat David on I Kings 21:1", 
            "heRef": "מצודת דוד על מלכים א כ״א:א׳", 
            "next": "Metzudat David on I Kings 21:2"
        }, 
        "Metzudat David on I Kings 21:9": {
            "content": [
                {
                    "segmentNumber": "1", 
                    "links": [
                        {
                            "category": "Tanakh", 
                            "index_title": "I Kings", 
                            "sourceHeRef": "מלכים א כ״א:ט׳", 
                            "sourceRef": "I Kings 21:9"
                        }
                    ], 
                    "he": "<b>קראו צום .</b> על כי ביום הצום , הדרך הוא להתקבץ זקני העיר , לפשפש במעשה אנשי העיר :\n"
                }
            ], 
            "heTitle": "מצודת דוד על מלכים א", 
            "indexTitle": "Metzudat David on I Kings", 
            "sectionRef": "Metzudat David on I Kings 21:9", 
            "prev": "Metzudat David on I Kings 21:8", 
            "ref": "Metzudat David on I Kings 21:9", 
            "heRef": "מצודת דוד על מלכים א כ״א:ט׳", 
            "next": "Metzudat David on I Kings 21:10"
        }, 
        "Metzudat David on I Kings 21:8": {
            "content": [
                {
                    "segmentNumber": "1", 
                    "links": [
                        {
                            "category": "Tanakh", 
                            "index_title": "I Kings", 
                            "sourceHeRef": "מלכים א כ״א:ח׳", 
                            "sourceRef": "I Kings 21:8"
                        }
                    ], 
                    "he": "<b>ותחתום בחותמו .</b> חתמה האגרת בחותם טבעתו : "
                }, 
                {
                    "segmentNumber": "2", 
                    "links": [
                        {
                            "category": "Tanakh", 
                            "index_title": "I Kings", 
                            "sourceHeRef": "מלכים א כ״א:ח׳", 
                            "sourceRef": "I Kings 21:8"
                        }
                    ], 
                    "he": "<b>היושבים .</b> במושב זקני העיר עם נבות :\n"
                }
            ], 
            "heTitle": "מצודת דוד על מלכים א", 
            "indexTitle": "Metzudat David on I Kings", 
            "sectionRef": "Metzudat David on I Kings 21:8", 
            "prev": "Metzudat David on I Kings 21:7", 
            "ref": "Metzudat David on I Kings 21:8", 
            "heRef": "מצודת דוד על מלכים א כ״א:ח׳", 
            "next": "Metzudat David on I Kings 21:9"
        }, 
        "Metzudat David on I Kings 21:28": {
            "content": [], 
            "heTitle": "מצודת דוד על מלכים א", 
            "indexTitle": "Metzudat David on I Kings", 
            "sectionRef": "Metzudat David on I Kings 21:28", 
            "prev": "Metzudat David on I Kings 21:27", 
            "ref": "Metzudat David on I Kings 21:28", 
            "heRef": "מצודת דוד על מלכים א כ״א:כ״ח", 
            "next": "Metzudat David on I Kings 21:29"
        }, 
        "Metzudat David on I Kings 21:29": {
            "content": [
                {
                    "segmentNumber": "1", 
                    "links": [
                        {
                            "category": "Tanakh", 
                            "index_title": "I Kings", 
                            "sourceHeRef": "מלכים א כ״א:כ״ט", 
                            "sourceRef": "I Kings 21:29"
                        }
                    ], 
                    "he": "<b>הראית .</b> האם נותן אתה לב לראות , אשר נכנע אחאב מלפני , ורצה לומר : לא מפחד העונש , כי אם מגדולת האדון ה' :\n\n"
                }
            ], 
            "heTitle": "מצודת דוד על מלכים א", 
            "indexTitle": "Metzudat David on I Kings", 
            "sectionRef": "Metzudat David on I Kings 21:29", 
            "prev": "Metzudat David on I Kings 21:27", 
            "ref": "Metzudat David on I Kings 21:29", 
            "heRef": "מצודת דוד על מלכים א כ״א:כ״ט", 
            "next": "Metzudat David on I Kings 22:1"
        }, 
        "Metzudat David on I Kings 21:26": {
            "content": [
                {
                    "segmentNumber": "1", 
                    "links": [
                        {
                            "category": "Tanakh", 
                            "index_title": "I Kings", 
                            "sourceHeRef": "מלכים א כ״א:כ״ו", 
                            "sourceRef": "I Kings 21:26"
                        }
                    ], 
                    "he": "<b>ויתעב מאד .</b> עשה מעשים תעובים , ללכת אחר העבודת גלולים כאנשי האמורי :\n"
                }
            ], 
            "heTitle": "מצודת דוד על מלכים א", 
            "indexTitle": "Metzudat David on I Kings", 
            "sectionRef": "Metzudat David on I Kings 21:26", 
            "prev": "Metzudat David on I Kings 21:25", 
            "ref": "Metzudat David on I Kings 21:26", 
            "heRef": "מצודת דוד על מלכים א כ״א:כ״ו", 
            "next": "Metzudat David on I Kings 21:27"
        }, 
        "Metzudat David on I Kings 21:27": {
            "content": [
                {
                    "segmentNumber": "1", 
                    "links": [
                        {
                            "category": "Tanakh", 
                            "index_title": "I Kings", 
                            "sourceHeRef": "מלכים א כ״א:כ״ז", 
                            "sourceRef": "I Kings 21:27"
                        }
                    ], 
                    "he": "<b>ויהלך אט .</b> הלך בנחת הנה והנה , כדרך אדם הדואג ומתאבל , ומחשב מה לעשות לתקן הדבר :\n"
                }
            ], 
            "heTitle": "מצודת דוד על מלכים א", 
            "indexTitle": "Metzudat David on I Kings", 
            "sectionRef": "Metzudat David on I Kings 21:27", 
            "prev": "Metzudat David on I Kings 21:26", 
            "ref": "Metzudat David on I Kings 21:27", 
            "heRef": "מצודת דוד על מלכים א כ״א:כ״ז", 
            "next": "Metzudat David on I Kings 21:29"
        }, 
        "Metzudat David on I Kings 21:24": {
            "content": [], 
            "heTitle": "מצודת דוד על מלכים א", 
            "indexTitle": "Metzudat David on I Kings", 
            "sectionRef": "Metzudat David on I Kings 21:24", 
            "prev": "Metzudat David on I Kings 21:21", 
            "ref": "Metzudat David on I Kings 21:24", 
            "heRef": "מצודת דוד על מלכים א כ״א:כ״ד", 
            "next": "Metzudat David on I Kings 21:25"
        }, 
        "Metzudat David on I Kings 21:25": {
            "content": [
                {
                    "segmentNumber": "1", 
                    "links": [
                        {
                            "category": "Tanakh", 
                            "index_title": "I Kings", 
                            "sourceHeRef": "מלכים א כ״א:כ״ה", 
                            "sourceRef": "I Kings 21:25"
                        }
                    ], 
                    "he": "<b>רק לא היה וכו' .</b> רוצה לומר : הסיבה שהרשיע אחאב מכולם , רק באה בעבור אשר הסיתה אותו איזבל אשתו :\n"
                }
            ], 
            "heTitle": "מצודת דוד על מלכים א", 
            "indexTitle": "Metzudat David on I Kings", 
            "sectionRef": "Metzudat David on I Kings 21:25", 
            "prev": "Metzudat David on I Kings 21:21", 
            "ref": "Metzudat David on I Kings 21:25", 
            "heRef": "מצודת דוד על מלכים א כ״א:כ״ה", 
            "next": "Metzudat David on I Kings 21:26"
        }, 
        "Metzudat David on I Kings 21:22": {
            "content": [], 
            "heTitle": "מצודת דוד על מלכים א", 
            "indexTitle": "Metzudat David on I Kings", 
            "sectionRef": "Metzudat David on I Kings 21:22", 
            "prev": "Metzudat David on I Kings 21:21", 
            "ref": "Metzudat David on I Kings 21:22", 
            "heRef": "מצודת דוד על מלכים א כ״א:כ״ב", 
            "next": "Metzudat David on I Kings 21:25"
        }, 
        "Metzudat David on I Kings 21:23": {
            "content": [], 
            "heTitle": "מצודת דוד על מלכים א", 
            "indexTitle": "Metzudat David on I Kings", 
            "sectionRef": "Metzudat David on I Kings 21:23", 
            "prev": "Metzudat David on I Kings 21:21", 
            "ref": "Metzudat David on I Kings 21:23", 
            "heRef": "מצודת דוד על מלכים א כ״א:כ״ג", 
            "next": "Metzudat David on I Kings 21:25"
        }, 
        "Metzudat David on I Kings 21:20": {
            "content": [
                {
                    "segmentNumber": "1", 
                    "links": [
                        {
                            "category": "Tanakh", 
                            "index_title": "I Kings", 
                            "sourceHeRef": "מלכים א כ״א:כ׳", 
                            "sourceRef": "I Kings 21:20"
                        }
                    ], 
                    "he": "<b>המצאתני אויבי .</b> אתה אויבי , וכי מצאת אותי חייב ואשם בדבר זה כאומר הלא איזבל עשתה זאת , ולא אני וחשב לכחש בפני הנביא , כאילו לא נעשתה מדעתו : "
                }, 
                {
                    "segmentNumber": "2", 
                    "links": [
                        {
                            "category": "Tanakh", 
                            "index_title": "I Kings", 
                            "sourceHeRef": "מלכים א כ״א:כ׳", 
                            "sourceRef": "I Kings 21:20"
                        }
                    ], 
                    "he": "<b>מצאתי .</b> רצה לומר : הן מצאתי אותך חייב בדבר , כי ידעתי אשר נעשתה מדעתך : "
                }, 
                {
                    "segmentNumber": "3", 
                    "links": [
                        {
                            "category": "Tanakh", 
                            "index_title": "I Kings", 
                            "sourceHeRef": "מלכים א כ״א:כ׳", 
                            "sourceRef": "I Kings 21:20"
                        }
                    ], 
                    "he": "<b>התמכרך .</b> מרוב השתדלותו בעבירות , חשבו כאילו מכר עצמו לעשות הרע :\n"
                }
            ], 
            "heTitle": "מצודת דוד על מלכים א", 
            "indexTitle": "Metzudat David on I Kings", 
            "sectionRef": "Metzudat David on I Kings 21:20", 
            "prev": "Metzudat David on I Kings 21:19", 
            "ref": "Metzudat David on I Kings 21:20", 
            "heRef": "מצודת דוד על מלכים א כ״א:כ׳", 
            "next": "Metzudat David on I Kings 21:21"
        }, 
        "Metzudat David on I Kings 21:21": {
            "content": [
                {
                    "segmentNumber": "1", 
                    "links": [
                        {
                            "category": "Tanakh", 
                            "index_title": "I Kings", 
                            "sourceHeRef": "מלכים א כ״א:כ״א", 
                            "sourceRef": "I Kings 21:21"
                        }
                    ], 
                    "he": "<b>ובערתי .</b> אפנה אחריך , לבל ישאר שארית מה : "
                }, 
                {
                    "segmentNumber": "2", 
                    "links": [
                        {
                            "category": "Tanakh", 
                            "index_title": "I Kings", 
                            "sourceHeRef": "מלכים א כ״א:כ״א", 
                            "sourceRef": "I Kings 21:21"
                        }
                    ], 
                    "he": "<b>משתין בקיר .</b> זה הזכר , כי עושה קלוח מה שאין כן הנקבה : "
                }, 
                {
                    "segmentNumber": "3", 
                    "links": [
                        {
                            "category": "Tanakh", 
                            "index_title": "I Kings", 
                            "sourceHeRef": "מלכים א כ״א:כ״א", 
                            "sourceRef": "I Kings 21:21"
                        }
                    ], 
                    "he": "<b>עצור .</b> העושר הכנוס בבית : "
                }, 
                {
                    "segmentNumber": "4", 
                    "links": [
                        {
                            "category": "Tanakh", 
                            "index_title": "I Kings", 
                            "sourceHeRef": "מלכים א כ״א:כ״א", 
                            "sourceRef": "I Kings 21:21"
                        }
                    ], 
                    "he": "<b>ועזוב .</b> המקנה הנעזב בשדה : "
                }, 
                {
                    "segmentNumber": "5", 
                    "links": [
                        {
                            "category": "Tanakh", 
                            "index_title": "I Kings", 
                            "sourceHeRef": "מלכים א כ״א:כ״א", 
                            "sourceRef": "I Kings 21:21"
                        }
                    ], 
                    "he": "<b>בישראל .</b> רצה לומר : בפרסום רב , למען יוסרו הכל :\n"
                }
            ], 
            "heTitle": "מצודת דוד על מלכים א", 
            "indexTitle": "Metzudat David on I Kings", 
            "sectionRef": "Metzudat David on I Kings 21:21", 
            "prev": "Metzudat David on I Kings 21:20", 
            "ref": "Metzudat David on I Kings 21:21", 
            "heRef": "מצודת דוד על מלכים א כ״א:כ״א", 
            "next": "Metzudat David on I Kings 21:25"
        }, 
        "Metzudat David on I Kings 21:17": {
            "content": [], 
            "heTitle": "מצודת דוד על מלכים א", 
            "indexTitle": "Metzudat David on I Kings", 
            "sectionRef": "Metzudat David on I Kings 21:17", 
            "prev": "Metzudat David on I Kings 21:15", 
            "ref": "Metzudat David on I Kings 21:17", 
            "heRef": "מצודת דוד על מלכים א כ״א:י״ז", 
            "next": "Metzudat David on I Kings 21:19"
        }, 
        "Metzudat David on I Kings 21:16": {
            "content": [], 
            "heTitle": "מצודת דוד על מלכים א", 
            "indexTitle": "Metzudat David on I Kings", 
            "sectionRef": "Metzudat David on I Kings 21:16", 
            "prev": "Metzudat David on I Kings 21:15", 
            "ref": "Metzudat David on I Kings 21:16", 
            "heRef": "מצודת דוד על מלכים א כ״א:ט״ז", 
            "next": "Metzudat David on I Kings 21:19"
        }, 
        "Metzudat David on I Kings 21:15": {
            "content": [
                {
                    "segmentNumber": "1", 
                    "links": [
                        {
                            "category": "Tanakh", 
                            "index_title": "I Kings", 
                            "sourceHeRef": "מלכים א כ״א:ט״ו", 
                            "sourceRef": "I Kings 21:15"
                        }, 
                        {
                            "category": "Talmud", 
                            "index_title": "Sanhedrin", 
                            "sourceHeRef": "סנהדרין מ״ח ב", 
                            "sourceRef": "Sanhedrin 48b"
                        }
                    ], 
                    "he": "<b>קום רש .</b> כי הרוגי מלכות , נכסיהן למלך ( סנהדרין מח ב ) :\n"
                }
            ], 
            "heTitle": "מצודת דוד על מלכים א", 
            "indexTitle": "Metzudat David on I Kings", 
            "sectionRef": "Metzudat David on I Kings 21:15", 
            "prev": "Metzudat David on I Kings 21:10", 
            "ref": "Metzudat David on I Kings 21:15", 
            "heRef": "מצודת דוד על מלכים א כ״א:ט״ו", 
            "next": "Metzudat David on I Kings 21:19"
        }, 
        "Metzudat David on I Kings 21:14": {
            "content": [], 
            "heTitle": "מצודת דוד על מלכים א", 
            "indexTitle": "Metzudat David on I Kings", 
            "sectionRef": "Metzudat David on I Kings 21:14", 
            "prev": "Metzudat David on I Kings 21:10", 
            "ref": "Metzudat David on I Kings 21:14", 
            "heRef": "מצודת דוד על מלכים א כ״א:י״ד", 
            "next": "Metzudat David on I Kings 21:15"
        }, 
        "Metzudat David on I Kings 21:13": {
            "content": [], 
            "heTitle": "מצודת דוד על מלכים א", 
            "indexTitle": "Metzudat David on I Kings", 
            "sectionRef": "Metzudat David on I Kings 21:13", 
            "prev": "Metzudat David on I Kings 21:10", 
            "ref": "Metzudat David on I Kings 21:13", 
            "heRef": "מצודת דוד על מלכים א כ״א:י״ג", 
            "next": "Metzudat David on I Kings 21:15"
        }, 
        "Metzudat David on I Kings 21:12": {
            "content": [], 
            "heTitle": "מצודת דוד על מלכים א", 
            "indexTitle": "Metzudat David on I Kings", 
            "sectionRef": "Metzudat David on I Kings 21:12", 
            "prev": "Metzudat David on I Kings 21:10", 
            "ref": "Metzudat David on I Kings 21:12", 
            "heRef": "מצודת דוד על מלכים א כ״א:י״ב", 
            "next": "Metzudat David on I Kings 21:15"
        }, 
        "Metzudat David on I Kings 21:11": {
            "content": [], 
            "heTitle": "מצודת דוד על מלכים א", 
            "indexTitle": "Metzudat David on I Kings", 
            "sectionRef": "Metzudat David on I Kings 21:11", 
            "prev": "Metzudat David on I Kings 21:10", 
            "ref": "Metzudat David on I Kings 21:11", 
            "heRef": "מצודת דוד על מלכים א כ״א:י״א", 
            "next": "Metzudat David on I Kings 21:15"
        }, 
        "Metzudat David on I Kings 21:10": {
            "content": [
                {
                    "segmentNumber": "1", 
                    "links": [
                        {
                            "category": "Tanakh", 
                            "index_title": "I Kings", 
                            "sourceHeRef": "מלכים א כ״א:י׳", 
                            "sourceRef": "I Kings 21:10"
                        }
                    ], 
                    "he": "<b>בני בליעל .</b> כי כשרים לא יעידו שקר : "
                }, 
                {
                    "segmentNumber": "2", 
                    "links": [
                        {
                            "category": "Tanakh", 
                            "index_title": "I Kings", 
                            "sourceHeRef": "מלכים א כ״א:י׳", 
                            "sourceRef": "I Kings 21:10"
                        }
                    ], 
                    "he": "<b>ויעידהו .</b> יעידו עליו , וחזר ופירש על נבות : "
                }, 
                {
                    "segmentNumber": "3", 
                    "links": [
                        {
                            "category": "Tanakh", 
                            "index_title": "I Kings", 
                            "sourceHeRef": "מלכים א כ״א:י׳", 
                            "sourceRef": "I Kings 21:10"
                        }
                    ], 
                    "he": "<b>ברכת .</b> הוא כנוי הקללה : "
                }, 
                {
                    "segmentNumber": "4", 
                    "links": [
                        {
                            "category": "Tanakh", 
                            "index_title": "I Kings", 
                            "sourceHeRef": "מלכים א כ״א:י׳", 
                            "sourceRef": "I Kings 21:10"
                        }
                    ], 
                    "he": "<b>אלהים ומלך .</b> להגדיל הקצף , לסקלו מהר :\n"
                }
            ], 
            "heTitle": "מצודת דוד על מלכים א", 
            "indexTitle": "Metzudat David on I Kings", 
            "sectionRef": "Metzudat David on I Kings 21:10", 
            "prev": "Metzudat David on I Kings 21:9", 
            "ref": "Metzudat David on I Kings 21:10", 
            "heRef": "מצודת דוד על מלכים א כ״א:י׳", 
            "next": "Metzudat David on I Kings 21:15"
        }, 
        "Metzudat David on I Kings 21:19": {
            "content": [
                {
                    "segmentNumber": "1", 
                    "links": [
                        {
                            "category": "Tanakh", 
                            "index_title": "I Kings", 
                            "sourceHeRef": "מלכים א כ״א:י״ט", 
                            "sourceRef": "I Kings 21:19"
                        }
                    ], 
                    "he": "<b>הרצחת .</b> כי מדעתו עשתה איזבל , ולזה אמר לו , היתכן שרצחת את נבות כאויב , וגם ירשת אותו כקרוב אהוב : "
                }, 
                {
                    "segmentNumber": "2", 
                    "links": [
                        {
                            "category": "Tanakh", 
                            "index_title": "I Kings", 
                            "sourceHeRef": "מלכים א כ״א:י״ט", 
                            "sourceRef": "I Kings 21:19"
                        }
                    ], 
                    "he": "<b>גם אתה .</b> בא כפול לתוספת ביאור :\n"
                }
            ], 
            "heTitle": "מצודת דוד על מלכים א", 
            "indexTitle": "Metzudat David on I Kings", 
            "sectionRef": "Metzudat David on I Kings 21:19", 
            "prev": "Metzudat David on I Kings 21:15", 
            "ref": "Metzudat David on I Kings 21:19", 
            "heRef": "מצודת דוד על מלכים א כ״א:י״ט", 
            "next": "Metzudat David on I Kings 21:20"
        }, 
        "Metzudat David on I Kings 21:18": {
            "content": [], 
            "heTitle": "מצודת דוד על מלכים א", 
            "indexTitle": "Metzudat David on I Kings", 
            "sectionRef": "Metzudat David on I Kings 21:18", 
            "prev": "Metzudat David on I Kings 21:15", 
            "ref": "Metzudat David on I Kings 21:18", 
            "heRef": "מצודת דוד על מלכים א כ״א:י״ח", 
            "next": "Metzudat David on I Kings 21:19"
        }
    }, 
    "ref": "Metzudat David on I Kings 21"
}