{
    "content": [
        {
            "segmentNumber": "1", 
            "links": [
                {
                    "category": "Commentary", 
                    "index_title": "Rashi on Yoma", 
                    "sourceHeRef": "רש\"י על יומא פ״א א:א׳:א׳", 
                    "sourceRef": "Rashi on Yoma 81a:1:1"
                }
            ], 
            "he": "שכוסס שעורים של תרומה משלם את הקרן ואינו משלם את החומש "
        }, 
        {
            "segmentNumber": "2", 
            "links": [
                {
                    "category": "Tanakh", 
                    "index_title": "Leviticus", 
                    "sourceHeRef": "ויקרא כ״ב:י״ד", 
                    "sourceRef": "Leviticus 22:14"
                }
            ], 
            "he": "(ויקרא כב, יד) כי יאכל פרט למזיק "
        }, 
        {
            "segmentNumber": "3", 
            "he": "אמר רב שיזבי א\"ר יוחנן "
        }, 
        {
            "segmentNumber": "4", 
            "links": [
                {
                    "category": "Commentary", 
                    "index_title": "Rashi on Yoma", 
                    "sourceHeRef": "רש\"י על יומא פ״א א:ד׳:א׳", 
                    "sourceRef": "Rashi on Yoma 81a:4:1"
                }, 
                {
                    "category": "Commentary", 
                    "index_title": "Rashi on Yoma", 
                    "sourceHeRef": "רש\"י על יומא פ״א א:ד׳:ב׳", 
                    "sourceRef": "Rashi on Yoma 81a:4:2"
                }, 
                {
                    "category": "Commentary", 
                    "index_title": "Rashi on Yoma", 
                    "sourceHeRef": "רש\"י על יומא פ״א א:ד׳:ג׳", 
                    "sourceRef": "Rashi on Yoma 81a:4:3"
                }
            ], 
            "he": "זר שבלע שזפין של תרומה והקיאן ואכלן אחר ראשון משלם (את) קרן וחומש שני אין משלם אלא דמי עצים לראשון בלבד"
        }, 
        {
            "segmentNumber": "5", 
            "he": "האוכל והשותה אין מצטרפין"
        }, 
        {
            "segmentNumber": "6", 
            "he": "מאן תנא "
        }, 
        {
            "segmentNumber": "7", 
            "he": "אמר רב חסדא "
        }, 
        {
            "segmentNumber": "8", 
            "links": [
                {
                    "category": "Commentary", 
                    "index_title": "Rashi on Yoma", 
                    "sourceHeRef": "רש\"י על יומא פ״א א:ח׳:א׳", 
                    "sourceRef": "Rashi on Yoma 81a:8:1"
                }
            ], 
            "he": "במחלוקת שנויה ור' יהושע היא דתנן "
        }, 
        {
            "segmentNumber": "9", 
            "he": "כלל א\"ר יהושע "
        }, 
        {
            "segmentNumber": "10", 
            "links": [
                {
                    "category": "Commentary", 
                    "index_title": "Rashi on Yoma", 
                    "sourceHeRef": "רש\"י על יומא פ״א א:י׳:א׳", 
                    "sourceRef": "Rashi on Yoma 81a:10:1"
                }, 
                {
                    "category": "Commentary", 
                    "index_title": "Rashi on Yoma", 
                    "sourceHeRef": "רש\"י על יומא פ״א א:י׳:ב׳", 
                    "sourceRef": "Rashi on Yoma 81a:10:2"
                }, 
                {
                    "category": "Commentary", 
                    "index_title": "Rashi on Yoma", 
                    "sourceHeRef": "רש\"י על יומא פ״א א:י׳:ג׳", 
                    "sourceRef": "Rashi on Yoma 81a:10:3"
                }, 
                {
                    "category": "Commentary", 
                    "index_title": "Tosafot on Yoma", 
                    "sourceHeRef": "תוספות על יומא פ״א א:י׳:א׳", 
                    "sourceRef": "Tosafot on Yoma 81a:10:1"
                }
            ], 
            "he": "כל שטומאתו ושיעורו שוה מצטרף טומאתו ולא שיעורו שיעורו ולא טומאתו לא טומאתו ולא שיעורו אין מצטרפין "
        }, 
        {
            "segmentNumber": "11", 
            "he": "רב נחמן אמר "
        }, 
        {
            "segmentNumber": "12", 
            "he": "אפילו תימא רבנן "
        }, 
        {
            "segmentNumber": "13", 
            "he": "עד כאן לא קא אמרי רבנן התם אלא לענין טומאה דשם טומאה חד היא אבל הכא משום יתובי דעתא הוא והאי לא מיתבא דעתיה "
        }, 
        {
            "segmentNumber": "14", 
            "he": "וכן אמר ר\"ל "
        }, 
        {
            "segmentNumber": "15", 
            "he": "במחלוקת שנויה ורבי יהושע היא "
        }, 
        {
            "segmentNumber": "16", 
            "he": "דתנן "
        }, 
        {
            "segmentNumber": "17", 
            "he": "כלל א\"ר יהושע כו' "
        }, 
        {
            "segmentNumber": "18", 
            "he": "ורבי יוחנן אמר "
        }, 
        {
            "segmentNumber": "19", 
            "he": "אפילו תימא רבנן עד כאן לא קאמרי רבנן התם אלא לענין טומאה אבל הכא משום יתובי דעתיה הוא והאי לא קא מיתבא דעתיה"
        }, 
        {
            "segmentNumber": "20", 
            "links": [
                {
                    "category": "Commentary", 
                    "index_title": "Rashi on Yoma", 
                    "sourceHeRef": "רש\"י על יומא פ״א א:כ׳:א׳", 
                    "sourceRef": "Rashi on Yoma 81a:20:1"
                }
            ], 
            "he": "<big><strong>מתני׳</strong></big> אכל ושתה בהעלם אחד אינו חייב אלא חטאת אחת"
        }, 
        {
            "segmentNumber": "21", 
            "links": [
                {
                    "category": "Commentary", 
                    "index_title": "Rashi on Yoma", 
                    "sourceHeRef": "רש\"י על יומא פ״א א:כ״א:א׳", 
                    "sourceRef": "Rashi on Yoma 81a:21:1"
                }
            ], 
            "he": "אכל ועשה מלאכה חייב (שני) חטאות "
        }, 
        {
            "segmentNumber": "22", 
            "he": "אכל אוכלין שאינן ראוין לאכילה ושתה משקין שאינן ראוין לשתיה ושתה ציר או מורייס פטור"
        }, 
        {
            "segmentNumber": "23", 
            "he": "<big><strong>גמ׳</strong></big> אמר ר\"ל"
        }, 
        {
            "segmentNumber": "24", 
            "he": "מפני מה לא נאמרה אזהרה בעינוי משום דלא אפשר "
        }, 
        {
            "segmentNumber": "25", 
            "he": "היכי נכתוב "
        }, 
        {
            "segmentNumber": "26", 
            "links": [
                {
                    "category": "Commentary", 
                    "index_title": "Rashi on Yoma", 
                    "sourceHeRef": "רש\"י על יומא פ״א א:כ״ו:א׳", 
                    "sourceRef": "Rashi on Yoma 81a:26:1"
                }
            ], 
            "he": "נכתוב רחמנא לא יאכל אכילה בכזית נכתוב רחמנא לא תעונה קום אכול משמע "
        }, 
        {
            "segmentNumber": "27", 
            "he": "מתקיף לה רב הושעיא "
        }, 
        {
            "segmentNumber": "28", 
            "links": [
                {
                    "category": "Commentary", 
                    "index_title": "Rashi on Yoma", 
                    "sourceHeRef": "רש\"י על יומא פ״א א:כ״ח:א׳", 
                    "sourceRef": "Rashi on Yoma 81a:28:1"
                }, 
                {
                    "category": "Quoting Commentary", 
                    "index_title": "Chidushei Halachot on Yoma", 
                    "sourceHeRef": " חידושי הלכות על מסכת יומא פ״א א:א׳", 
                    "sourceRef": "Chidushei Halachot on Yoma 81a:1"
                }
            ], 
            "he": "נכתוב רחמנא השמר פן לא תעונה "
        }, 
        {
            "segmentNumber": "29", 
            "links": [
                {
                    "category": "Commentary", 
                    "index_title": "Rashi on Yoma", 
                    "sourceHeRef": "רש\"י על יומא פ״א א:כ״ט:א׳", 
                    "sourceRef": "Rashi on Yoma 81a:29:1"
                }
            ], 
            "he": "א\"כ נפישי להו לאוי "
        }, 
        {
            "segmentNumber": "30", 
            "he": "מתקיף לה רב ביבי בר אביי "
        }, 
        {
            "segmentNumber": "31", 
            "he": "נכתוב רחמנא השמר במצות עינוי "
        }, 
        {
            "segmentNumber": "32", 
            "links": [
                {
                    "category": "Commentary", 
                    "index_title": "Rashi on Yoma", 
                    "sourceHeRef": "רש\"י על יומא פ״א א:ל״ב:א׳", 
                    "sourceRef": "Rashi on Yoma 81a:32:1"
                }, 
                {
                    "category": "Commentary", 
                    "index_title": "Rashi on Yoma", 
                    "sourceHeRef": "רש\"י על יומא פ״א א:ל״ב:ב׳", 
                    "sourceRef": "Rashi on Yoma 81a:32:2"
                }, 
                {
                    "category": "Commentary", 
                    "index_title": "Tosafot on Yoma", 
                    "sourceHeRef": "תוספות על יומא פ״א א:ל״ב:א׳", 
                    "sourceRef": "Tosafot on Yoma 81a:32:1"
                }
            ], 
            "he": "אם כן השמר דלאו לאו השמר דעשה עשה "
        }, 
        {
            "segmentNumber": "33", 
            "he": "מתקיף לה רב אשי "
        }, 
        {
            "segmentNumber": "34", 
            "he": "נכתוב "
        }, 
        {
            "segmentNumber": "35", 
            "he": "אל תסור מן העינוי "
        }, 
        {
            "segmentNumber": "36", 
            "he": "קשיא "
        }, 
        {
            "segmentNumber": "37", 
            "links": [
                {
                    "category": "Commentary", 
                    "index_title": "Rashi on Yoma", 
                    "sourceHeRef": "רש\"י על יומא פ״א א:ל״ז:א׳", 
                    "sourceRef": "Rashi on Yoma 81a:37:1"
                }
            ], 
            "he": "ותנא מייתי לה מהכא "
        }, 
        {
            "segmentNumber": "38", 
            "links": [
                {
                    "category": "Tanakh", 
                    "index_title": "Leviticus", 
                    "sourceHeRef": "ויקרא כ״ג:ל׳", 
                    "sourceRef": "Leviticus 23:30"
                }, 
                {
                    "category": "Tanakh", 
                    "index_title": "Leviticus", 
                    "sourceHeRef": "ויקרא כ״ג:כ״ט", 
                    "sourceRef": "Leviticus 23:29"
                }, 
                {
                    "category": "Tanakh", 
                    "index_title": "Numbers", 
                    "sourceHeRef": "במדבר כ״ט:ז׳", 
                    "sourceRef": "Numbers 29:7"
                }, 
                {
                    "category": "Commentary", 
                    "index_title": "Rashi on Yoma", 
                    "sourceHeRef": "רש\"י על יומא פ״א א:ל״ח:א׳", 
                    "sourceRef": "Rashi on Yoma 81a:38:1"
                }
            ], 
            "he": "(במדבר כט, ז) ועניתם את נפשותיכם וכל מלאכה לא תעשו יכול יהא ענוש על תוספת מלאכה ת\"ל (ויקרא כג, ל) וכל הנפש אשר תעשה כל מלאכה בעצם היום הזה על עיצומו של יום ענוש כרת ואינו ענוש כרת על תוספת מלאכה יכול לא יהא ענוש כרת על תוספת מלאכה אבל יהא ענוש כרת על תוספת עינוי ת\"ל (ויקרא כג, כט) כי כל הנפש אשר לא תעונה בעצם היום הזה ונכרתה על עיצומו של יום ענוש כרת ואינו ענוש כרת על תוספת עינוי "
        }, 
        {
            "segmentNumber": "39", 
            "links": [
                {
                    "category": "Commentary", 
                    "index_title": "Rashi on Yoma", 
                    "sourceHeRef": "רש\"י על יומא פ״א א:ל״ט:א׳", 
                    "sourceRef": "Rashi on Yoma 81a:39:1"
                }, 
                {
                    "category": "Tanakh", 
                    "index_title": "Leviticus", 
                    "sourceHeRef": "ויקרא כ״ג:כ״ח", 
                    "sourceRef": "Leviticus 23:28"
                }
            ], 
            "he": "יכול לא יהא בכלל עונש אבל יהא מוזהר על תוספת מלאכה ת\"ל (ויקרא כג, כח) וכל מלאכה לא תעשו בעצם היום הזה על עיצומו של יום הוא מוזהר ואינו מוזהר על תוספת מלאכה יכול לא יהא מוזהר על תוספת מלאכה אבל יהא מוזהר על תוספת עינוי ודין הוא ומה מלאכה שנוהגת בשבתות וי\"ט אינו מוזהר עליה עינוי שאינו נוהג בשבתות וי\"ט אינו דין שלא יהא מוזהר עליו "
        }, 
        {
            "segmentNumber": "40", 
            "he": "אבל אזהרה לעינוי של יום עצמו לא למדנו מניין "
        }, 
        {
            "segmentNumber": "41", 
            "he": "לא יאמר עונש במלאכה דגמר מעינוי ומה עינוי שאינו נוהג בשבתות וי\"ט ענוש כרת מלאכה שנוהגת בשבתות וימים טובים לא כל שכן "
        }, 
        {
            "segmentNumber": "42", 
            "he": "למה נאמר "
        }, 
        {
            "segmentNumber": "43", 
            "he": "מופנה להקיש ולדון ממנו גזרה שוה "
        }, 
        {
            "segmentNumber": "44", 
            "he": "נאמר עונש בעינוי ונאמר עונש במלאכה "
        }, 
        {
            "segmentNumber": "45", 
            "he": "מה מלאכה לא ענש אלא אם כן הזהיר אף עינוי לא ענש אלא אם כן הזהיר "
        }, 
        {
            "segmentNumber": "46", 
            "he": "איכא למיפרך "
        }, 
        {
            "segmentNumber": "47", 
            "links": [
                {
                    "category": "Commentary", 
                    "index_title": "Rashi on Yoma", 
                    "sourceHeRef": "רש\"י על יומא פ״א א:מ״ז:א׳", 
                    "sourceRef": "Rashi on Yoma 81a:47:1"
                }
            ], 
            "he": "מה לעינוי שלא הותר מכללו תאמר במלאכה שהותרה מכללה "
        }, 
        {
            "segmentNumber": "48", 
            "he": "אלא "
        }, 
        {
            "segmentNumber": "49", 
            "he": "לא יאמר עונש בעינוי דגמר ממלאכה "
        }, 
        {
            "segmentNumber": "50", 
            "he": "מה מלאכה שהותרה מכללה "
        }, 
        {
            "segmentNumber": "51", 
            "he": "ענוש כרת עינוי שלא הותר מכללו לא כל שכן "
        }, 
        {
            "segmentNumber": "52", 
            "he": "למה נאמר "
        }, 
        {
            "segmentNumber": "53", 
            "he": "מופנה להקיש ולדון ממנה גזירה שוה "
        }, 
        {
            "segmentNumber": "54", 
            "he": "נאמר עונש בעינוי ונאמר עונש במלאכה מה מלאכה ענש והזהיר אף עינוי ענש והזהיר "
        }, 
        {
            "segmentNumber": "55", 
            "he": "איכא למיפרך "
        }, 
        {
            "segmentNumber": "56", 
            "he": "מה למלאכה שכן נוהגת בשבתות וימים טובים תאמר בעינוי שאינו נוהג בשבתות וימים טובים "
        }, 
        {
            "segmentNumber": "57", 
            "he": "אמר רבינא "
        }, 
        {
            "segmentNumber": "58", 
            "he": "האי תנא עצם עצם גמר "
        }, 
        {
            "segmentNumber": "59", 
            "links": [
                {
                    "category": "Commentary", 
                    "index_title": "Rashi on Yoma", 
                    "sourceHeRef": "רש\"י על יומא פ״א א:נ״ט:א׳", 
                    "sourceRef": "Rashi on Yoma 81a:59:1"
                }, 
                {
                    "category": "Commentary", 
                    "index_title": "Rashi on Yoma", 
                    "sourceHeRef": "רש\"י על יומא פ״א א:נ״ט:ב׳", 
                    "sourceRef": "Rashi on Yoma 81a:59:2"
                }
            ], 
            "he": "מופנה דאי לא מופנה איכא למיפרך כדפרכינן לאיי אפנויי מופנה חמשה קראי כתיבי במלאכה חד לאזהרה דיממא וחד לאזהרה דליליא וחד לעונש דיממא וחד לעונש דליליא וחד לאפנויי למגמר עינוי ממלאכה בין דיממא בין דליליא "
        }, 
        {
            "segmentNumber": "60", 
            "he": "דבי ר' ישמעאל תנא "
        }, 
        {
            "segmentNumber": "61", 
            "links": [
                {
                    "category": "Commentary", 
                    "index_title": "Rashi on Yoma", 
                    "sourceHeRef": "רש\"י על יומא פ״א א:ס״א:א׳", 
                    "sourceRef": "Rashi on Yoma 81a:61:1"
                }
            ], 
            "he": "נאמר כאן עינוי ונאמר להלן עינוי "
        }, 
        {
            "segmentNumber": "62", 
            "he": "מה להלן לא ענש אלא אם כן הזהיר אף כאן לא ענש אא\"כ הזהיר "
        }, 
        {
            "segmentNumber": "63", 
            "he": "רב אחא בר יעקב אמר "
        }, 
        {
            "segmentNumber": "64", 
            "he": "יליף שבת שבתון משבת בראשית מה להלן לא ענש אלא אם כן הזהיר אף כאן לא ענש אלא אם כן הזהיר "
        }, 
        {
            "segmentNumber": "65", 
            "he": "רב פפא אמר"
        }
    ], 
    "heTitle": "יומא פ״א א", 
    "indexTitle": "Yoma", 
    "sectionRef": "Yoma 81a", 
    "prev": "Yoma 80b", 
    "ref": "Yoma 81a", 
    "heRef": "יומא פ״א א", 
    "next": "Yoma 81b"
}