[{
    "links": [
        [
            "7a:1", 
            "Rashi on Yoma 7a:1:1", 
            "Commentary"
        ], 
        [
            "7a:10", 
            "Rashi on Yoma 7a:10:1", 
            "Commentary"
        ], 
        [
            "7a:13", 
            "Rashi on Yoma 7a:13:1", 
            "Commentary"
        ], 
        [
            "7a", 
            "Meshech Hochma, Tzav 44", 
            "Parshanut"
        ], 
        [
            "7a:15", 
            "Rashi on Yoma 7a:15:1", 
            "Commentary"
        ], 
        [
            "7a:17", 
            "Tosafot on Yoma 7a:17:1", 
            "Commentary"
        ], 
        [
            "7a:17", 
            "Rashi on Yoma 7a:17:1", 
            "Commentary"
        ], 
        [
            "7a:18", 
            "Rashi on Yoma 7a:18:1", 
            "Commentary"
        ], 
        [
            "7a:18", 
            "Tosafot on Yoma 7a:18:1", 
            "Commentary"
        ], 
        [
            "7a:19", 
            "Rashi on Yoma 7a:19:1", 
            "Commentary"
        ], 
        [
            "7a:21", 
            "Rashi on Yoma 7a:21:1", 
            "Commentary"
        ], 
        [
            "7a:21", 
            "Tosafot on Yoma 7a:21:1", 
            "Commentary"
        ], 
        [
            "7a:24", 
            "Rashi on Yoma 7a:24:1", 
            "Commentary"
        ], 
        [
            "7a:24", 
            "Rashi on Yoma 7a:24:2", 
            "Commentary"
        ], 
        [
            "7a:24", 
            "Rashi on Yoma 7a:24:3", 
            "Commentary"
        ], 
        [
            "7a:24", 
            "Tosafot on Yoma 7a:24:1", 
            "Commentary"
        ], 
        [
            "7a:24", 
            "Tosafot on Yoma 7a:24:2", 
            "Commentary"
        ], 
        [
            "7a:27", 
            "Rashi on Yoma 7a:27:1", 
            "Commentary"
        ], 
        [
            "7a:28", 
            "Rashi on Yoma 7a:28:1", 
            "Commentary"
        ], 
        [
            "7a:31", 
            "Exodus 28:38", 
            "Tanach"
        ], 
        [
            "7a:32", 
            "Tosafot on Yoma 7a:32:1", 
            "Commentary"
        ], 
        [
            "7a:32", 
            "Rashi on Yoma 7a:32:1", 
            "Commentary"
        ]
    ], 
    "text": [], 
    "heTitleVariants": [
        "יומא"
    ], 
    "heTitle": "יומא ז׳ א", 
    "heRef": "יומא ז׳ א", 
    "toSections": [
        "7a"
    ], 
    "sectionRef": "Yoma 7a", 
    "title": "Yoma 7a", 
    "lengths": [
        173, 
        7753
    ], 
    "next": "Yoma 7b", 
    "heBook": "יומא", 
    "book": "Yoma", 
    "prev": "Yoma 6b", 
    "textDepth": 2, 
    "sectionNames": [
        "Daf", 
        "Line"
    ], 
    "sections": [
        "7a"
    ], 
    "isComplex": false, 
    "titleVariants": [
        "Talmud Yoma", 
        "Tractate Yoma", 
        "Yoma", 
        "Masekhet Yoma"
    ], 
    "categories": [
        "Talmud", 
        "Bavli", 
        "Seder Moed"
    ], 
    "he": [
        "דכל טומאת מת בציבור רחמנא שרייה ", 
        "אמר רב ששת ", 
        "מנא אמינא לה דתניא ", 
        "היה עומד ומקריב מנחת העומר ונטמאת בידו אומר ומביאין אחרת תחתיה ", 
        "ואם אין שם אלא היא אומרין לו ", 
        "הוי פקח ושתוק ", 
        "קתני מיהת ", 
        "אומר ומביאין אחרת תחתיה ", 
        "אמר רב נחמן ", 
        "מודינא היכא דאיכא שיריים לאכילה ", 
        "מיתיבי ", 
        "היה מקריב מנחת פרים ואילים וכבשים ונטמאת בידו אומר ומביאין אחרת תחתיה ", 
        "ואם אין שם אלא היא אומרין לו ", 
        "הוי פקח ושתוק ", 
        "מאי לאו פרים אילים וכבשים דחג ", 
        "אמר לך רב נחמן ", 
        "לא פרים פר ע\"ז אף על גב דציבור הוא כיון דלא קביע ליה זמן מהדרינן ", 
        "אילים באילו של אהרן דאע\"ג דקביע ליה זמן כיון דיחיד הוא מהדרינן ", 
        "כבשים בכבש הבא עם העומר דאיכא שיריים לאכילה ", 
        "מיתיבי ", 
        "דם שנטמא וזרקו בשוגג הורצה במזיד לא הורצה ", 
        "כי תניא ההיא דיחיד ", 
        "ת\"ש ", 
        "על מה הציץ מרצה על הדם ועל הבשר ועל החלב שנטמא בין בשוגג בין במזיד בין באונס בין ברצון בין ביחיד בין בציבור ", 
        "ואי ס\"ד טומא' היתר היא בציבור למה לי לרצויי ", 
        "אמ' לך רב נחמן ", 
        "כי קתני הציץ מרצה אדיחיד ", 
        "ואיבעית אימא ", 
        "אפי' תימא בציבור בהנך דלא קביע לה זמן ", 
        "מיתיבי ", 
        "(שמות כח, לח) ונשא אהרן את עון הקדשים וכי איזה עון הוא נושא ", 
        "אם עון פיגול הרי כבר נאמר לא ירצה ואם עון נותר הרי כבר נאמר לא יחשב"
    ], 
    "ref": "Yoma 7a", 
    "type": "Talmud", 
    "addressTypes": [
        "Talmud", 
        "Integer"
    ], 
    "length": 173, 
    "indexTitle": "Yoma", 
    "heIndexTitle": "יומא", 
    "alts": [], 
    "order": [
        6, 
        5
    ]
}]