{
    "heTitleVariants": [
        "יומא"
    ], 
    "heTitle": "יומא נ״ג א", 
    "content": [
        {
            "segmentNumber": "1", 
            "he": "שלא תתחיל מפניך שמא תכוה ", 
            "links": [
                {
                    "category": "Commentary", 
                    "sourceHeRef": "רש\"י על יומא נ״ג א:א׳:א׳", 
                    "index_title": "Rashi on Yoma", 
                    "sourceRef": "Rashi on Yoma 53a:1:1"
                }, 
                {
                    "category": "Commentary", 
                    "sourceHeRef": "רש\"י על יומא נ״ג א:א׳:ב׳", 
                    "index_title": "Rashi on Yoma", 
                    "sourceRef": "Rashi on Yoma 53a:1:2"
                }, 
                {
                    "category": "Commentary", 
                    "sourceHeRef": "תוספות על יומא נ״ג א:א׳:א׳", 
                    "index_title": "Tosafot on Yoma", 
                    "sourceRef": "Tosafot on Yoma 53a:1:1"
                }
            ], 
            "text": ""
        }, 
        {
            "segmentNumber": "2", 
            "he": "ת\"ר ", 
            "links": [], 
            "text": ""
        }, 
        {
            "segmentNumber": "3", 
            "he": "(ויקרא טז, יג) ונתן את הקטורת על האש לפני ה' שלא יתקן מבחוץ ויכניס להוציא מלבן של צדוקין שאומרים יתקן מבחוץ ויכניס ", 
            "links": [
                {
                    "category": "Tanakh", 
                    "sourceHeRef": "ויקרא ט״ז:י״ג", 
                    "index_title": "Leviticus", 
                    "sourceRef": "Leviticus 16:13"
                }
            ], 
            "text": ""
        }, 
        {
            "segmentNumber": "4", 
            "he": "מאי דרוש ", 
            "links": [
                {
                    "category": "Commentary", 
                    "sourceHeRef": " חידושי אגדות על מסכת יומא נ״ג א:א׳", 
                    "index_title": "Chidushei Agadot on Yoma", 
                    "sourceRef": "Chidushei Agadot on Yoma 53a:1"
                }
            ], 
            "text": ""
        }, 
        {
            "segmentNumber": "5", 
            "he": "(ויקרא טז, ב) כי בענן אראה על הכפורת מלמד שיתקן מבחוץ ויכניס ", 
            "links": [
                {
                    "category": "Tanakh", 
                    "sourceHeRef": "ויקרא ט״ז:ב׳", 
                    "index_title": "Leviticus", 
                    "sourceRef": "Leviticus 16:2"
                }, 
                {
                    "category": "Commentary", 
                    "sourceHeRef": "רש\"י על יומא נ״ג א:ה׳:א׳", 
                    "index_title": "Rashi on Yoma", 
                    "sourceRef": "Rashi on Yoma 53a:5:1"
                }
            ], 
            "text": ""
        }, 
        {
            "segmentNumber": "6", 
            "he": "אמרו להם חכמים ", 
            "links": [], 
            "text": ""
        }, 
        {
            "segmentNumber": "7", 
            "he": "והלא כבר נאמר ונתן את הקטורת על האש לפני ה' ", 
            "links": [], 
            "text": ""
        }, 
        {
            "segmentNumber": "8", 
            "he": "אם כן מה ת\"ל כי בענן אראה על הכפורת מלמד שנותן בה מעלה עשן ", 
            "links": [
                {
                    "category": "Commentary", 
                    "sourceHeRef": "רש\"י על יומא נ״ג א:ח׳:א׳", 
                    "index_title": "Rashi on Yoma", 
                    "sourceRef": "Rashi on Yoma 53a:8:1"
                }
            ], 
            "text": ""
        }, 
        {
            "segmentNumber": "9", 
            "he": "ומניין שנותן בה מעלה עשן שנאמר (ויקרא טז, יג) וכסה ענן הקטורת את הכפורת ", 
            "links": [
                {
                    "category": "Tanakh", 
                    "sourceHeRef": "ויקרא ט״ז:י״ג", 
                    "index_title": "Leviticus", 
                    "sourceRef": "Leviticus 16:13"
                }, 
                {
                    "category": "Commentary", 
                    "sourceHeRef": "רש\"י על יומא נ״ג א:ט׳:א׳", 
                    "index_title": "Rashi on Yoma", 
                    "sourceRef": "Rashi on Yoma 53a:9:1"
                }
            ], 
            "text": ""
        }, 
        {
            "segmentNumber": "10", 
            "he": "הא לא נתן בה מעלה עשן או שחיסר אחת מכל סמניה חייב מיתה ", 
            "links": [
                {
                    "category": "Commentary", 
                    "sourceHeRef": "רש\"י על יומא נ״ג א:י׳:א׳", 
                    "index_title": "Rashi on Yoma", 
                    "sourceRef": "Rashi on Yoma 53a:10:1"
                }, 
                {
                    "category": "Commentary", 
                    "sourceHeRef": "רש\"י על יומא נ״ג א:י׳:ב׳", 
                    "index_title": "Rashi on Yoma", 
                    "sourceRef": "Rashi on Yoma 53a:10:2"
                }
            ], 
            "text": ""
        }, 
        {
            "segmentNumber": "11", 
            "he": "ותיפוק ליה דקא מעייל ביאה ריקנית ", 
            "links": [
                {
                    "category": "Commentary", 
                    "sourceHeRef": "רש\"י על יומא נ״ג א:י״א:א׳", 
                    "index_title": "Rashi on Yoma", 
                    "sourceRef": "Rashi on Yoma 53a:11:1"
                }
            ], 
            "text": ""
        }, 
        {
            "segmentNumber": "12", 
            "he": "אמר רב ששת ", 
            "links": [], 
            "text": ""
        }, 
        {
            "segmentNumber": "13", 
            "he": "הכא במאי עסקינן כגון ששגג בביאה והזיד בהקטרה ", 
            "links": [
                {
                    "category": "Commentary", 
                    "sourceHeRef": "רש\"י על יומא נ״ג א:י״ג:א׳", 
                    "index_title": "Rashi on Yoma", 
                    "sourceRef": "Rashi on Yoma 53a:13:1"
                }
            ], 
            "text": ""
        }, 
        {
            "segmentNumber": "14", 
            "he": "רב אשי אמר ", 
            "links": [], 
            "text": ""
        }, 
        {
            "segmentNumber": "15", 
            "he": "אפילו תימא הזיד בזו ובזו כגון דעייל שתי הקטרות אחת שלימה ואחת חסירה ", 
            "links": [
                {
                    "category": "Commentary", 
                    "sourceHeRef": "רש\"י על יומא נ״ג א:ט״ו:א׳", 
                    "index_title": "Rashi on Yoma", 
                    "sourceRef": "Rashi on Yoma 53a:15:1"
                }
            ], 
            "text": ""
        }, 
        {
            "segmentNumber": "16", 
            "he": "אביאה לא מיחייב דהא עייל ליה שלימה אהקטרה מיחייב דקא מקטר קטורת חסירה ", 
            "links": [], 
            "text": ""
        }, 
        {
            "segmentNumber": "17", 
            "he": "אמר מר ", 
            "links": [], 
            "text": ""
        }, 
        {
            "segmentNumber": "18", 
            "he": "ומניין שנותן בה מעלה עשן ת\"ל וכסה ", 
            "links": [], 
            "text": ""
        }, 
        {
            "segmentNumber": "19", 
            "he": "קרא לקרא ", 
            "links": [
                {
                    "category": "Commentary", 
                    "sourceHeRef": "רש\"י על יומא נ״ג א:י״ט:א׳", 
                    "index_title": "Rashi on Yoma", 
                    "sourceRef": "Rashi on Yoma 53a:19:1"
                }
            ], 
            "text": ""
        }, 
        {
            "segmentNumber": "20", 
            "he": "אמר רב יוסף הכי קאמר ", 
            "links": [], 
            "text": ""
        }, 
        {
            "segmentNumber": "21", 
            "he": "אין לי אלא עלה מעלה עשן עיקר מעלה עשן מניין ", 
            "links": [
                {
                    "category": "Commentary", 
                    "sourceHeRef": "רש\"י על יומא נ״ג א:כ״א:א׳", 
                    "index_title": "Rashi on Yoma", 
                    "sourceRef": "Rashi on Yoma 53a:21:1"
                }
            ], 
            "text": ""
        }, 
        {
            "segmentNumber": "22", 
            "he": "ת\"ל וכסה ", 
            "links": [], 
            "text": ""
        }, 
        {
            "segmentNumber": "23", 
            "he": "א\"ל אביי ", 
            "links": [], 
            "text": ""
        }, 
        {
            "segmentNumber": "24", 
            "he": "והא איפכא תניא דתניא ", 
            "links": [
                {
                    "category": "Commentary", 
                    "sourceHeRef": "רש\"י על יומא נ״ג א:כ״ד:א׳", 
                    "index_title": "Rashi on Yoma", 
                    "sourceRef": "Rashi on Yoma 53a:24:1"
                }
            ], 
            "text": ""
        }, 
        {
            "segmentNumber": "25", 
            "he": "נתן בה עיקר מעלה עשן היה מתמר ועולה כמקל עד שמגיע לשמי קורה ", 
            "links": [
                {
                    "category": "Commentary", 
                    "sourceHeRef": "רש\"י על יומא נ״ג א:כ״ה:א׳", 
                    "index_title": "Rashi on Yoma", 
                    "sourceRef": "Rashi on Yoma 53a:25:1"
                }
            ], 
            "text": ""
        }, 
        {
            "segmentNumber": "26", 
            "he": "כיון שהגיע לשמי קורה ממשמש ויורד בכותלים עד שנתמלא הבית עשן. שנאמר (ישעיהו ו, ד) והבית ימלא עשן ", 
            "links": [
                {
                    "category": "Tanakh", 
                    "sourceHeRef": "ישעיהו ו׳:ד׳", 
                    "index_title": "Isaiah", 
                    "sourceRef": "Isaiah 6:4"
                }, 
                {
                    "category": "Commentary", 
                    "sourceHeRef": "רש\"י על יומא נ״ג א:כ״ו:א׳", 
                    "index_title": "Rashi on Yoma", 
                    "sourceRef": "Rashi on Yoma 53a:26:1"
                }
            ], 
            "text": ""
        }, 
        {
            "segmentNumber": "27", 
            "he": "אלא אמר אביי ", 
            "links": [], 
            "text": ""
        }, 
        {
            "segmentNumber": "28", 
            "he": "הכי קאמר אין לי אלא עיקר מעלה עשן עלה מעלה עשן מניין ", 
            "links": [], 
            "text": ""
        }, 
        {
            "segmentNumber": "29", 
            "he": "ת\"ל וכסה ", 
            "links": [], 
            "text": ""
        }, 
        {
            "segmentNumber": "30", 
            "he": "רב ששת אמר ", 
            "links": [], 
            "text": ""
        }, 
        {
            "segmentNumber": "31", 
            "he": "אין לי אלא אהל מועד שבמדבר שילה ובית עולמים מניין ", 
            "links": [], 
            "text": ""
        }, 
        {
            "segmentNumber": "32", 
            "he": "ת\"ל וכסה ", 
            "links": [], 
            "text": ""
        }, 
        {
            "segmentNumber": "33", 
            "he": "האי (ויקרא טז, טז) מוכן יעשה לאהל מועד השוכן אתם נפקא ", 
            "links": [
                {
                    "category": "Commentary", 
                    "sourceHeRef": "רש\"י על יומא נ״ג א:ל״ג:א׳", 
                    "index_title": "Rashi on Yoma", 
                    "sourceRef": "Rashi on Yoma 53a:33:1"
                }, 
                {
                    "category": "Tanakh", 
                    "sourceHeRef": "ויקרא ט״ז:ט״ז", 
                    "index_title": "Leviticus", 
                    "sourceRef": "Leviticus 16:16"
                }
            ], 
            "text": ""
        }, 
        {
            "segmentNumber": "34", 
            "he": "אלא הכי קאמר ", 
            "links": [], 
            "text": ""
        }, 
        {
            "segmentNumber": "35", 
            "he": "אין לי אלא ביום הכפורים בשאר ימות השנה מניין ת\"ל וכסה ", 
            "links": [], 
            "text": ""
        }, 
        {
            "segmentNumber": "36", 
            "he": "רב אשי אמר ", 
            "links": [], 
            "text": ""
        }, 
        {
            "segmentNumber": "37", 
            "he": "חד למצוה וחד לעכב רבא אמר ", 
            "links": [
                {
                    "category": "Commentary", 
                    "sourceHeRef": "תוספות על יומא נ״ג א:ל״ז:א׳", 
                    "index_title": "Tosafot on Yoma", 
                    "sourceRef": "Tosafot on Yoma 53a:37:1"
                }, 
                {
                    "category": "Commentary", 
                    "sourceHeRef": "רש\"י על יומא נ״ג א:ל״ז:א׳", 
                    "index_title": "Rashi on Yoma", 
                    "sourceRef": "Rashi on Yoma 53a:37:1"
                }
            ], 
            "text": ""
        }, 
        {
            "segmentNumber": "38", 
            "he": "חד לעונש וחד לאזהרה ", 
            "links": [], 
            "text": ""
        }, 
        {
            "segmentNumber": "39", 
            "he": "תניא ר\"א אומר ", 
            "links": [
                {
                    "category": "Commentary", 
                    "sourceHeRef": "רש\"י על יומא נ״ג א:ל״ט:א׳", 
                    "index_title": "Rashi on Yoma", 
                    "sourceRef": "Rashi on Yoma 53a:39:1"
                }
            ], 
            "text": ""
        }, 
        {
            "segmentNumber": "40", 
            "he": "ולא ימות עונש כי בענן אראה אזהרה ", 
            "links": [], 
            "text": ""
        }, 
        {
            "segmentNumber": "41", 
            "he": "יכול יהיו שניהם אמורין קודם מיתת בני אהרן ת\"ל (ויקרא טז, א) אחרי מות שני בני אהרן יכול יהיו שניהם אמורים אחר מיתת שני בני אהרן ת\"ל כי בענן אראה על הכפורת ", 
            "links": [
                {
                    "category": "Tanakh", 
                    "sourceHeRef": "ויקרא ט״ז:א׳", 
                    "index_title": "Leviticus", 
                    "sourceRef": "Leviticus 16:1"
                }, 
                {
                    "category": "Commentary", 
                    "sourceHeRef": "רש\"י על יומא נ״ג א:מ״א:א׳", 
                    "index_title": "Rashi on Yoma", 
                    "sourceRef": "Rashi on Yoma 53a:41:1"
                }
            ], 
            "text": ""
        }, 
        {
            "segmentNumber": "42", 
            "he": "הא כיצד ", 
            "links": [], 
            "text": ""
        }, 
        {
            "segmentNumber": "43", 
            "he": "אזהרה קודם מיתה ועונש אחר מיתה ", 
            "links": [], 
            "text": ""
        }, 
        {
            "segmentNumber": "44", 
            "he": "מאי תלמודא ", 
            "links": [], 
            "text": ""
        }, 
        {
            "segmentNumber": "45", 
            "he": "אמר רבא אמר קרא כי בענן אראה ועדיין לא נראה ", 
            "links": [
                {
                    "category": "Commentary", 
                    "sourceHeRef": "רש\"י על יומא נ״ג א:מ״ה:א׳", 
                    "index_title": "Rashi on Yoma", 
                    "sourceRef": "Rashi on Yoma 53a:45:1"
                }
            ], 
            "text": ""
        }, 
        {
            "segmentNumber": "46", 
            "he": "ואלא מ\"ט איענוש ", 
            "links": [], 
            "text": ""
        }, 
        {
            "segmentNumber": "47", 
            "he": "כדתניא ר\"א אומר ", 
            "links": [], 
            "text": ""
        }, 
        {
            "segmentNumber": "48", 
            "he": "לא מתו בני אהרן אלא על שהורו הלכה בפני משה רבן ", 
            "links": [
                {
                    "category": "Commentary", 
                    "sourceHeRef": "תוספות על יומא נ״ג א:מ״ח:א׳", 
                    "index_title": "Tosafot on Yoma", 
                    "sourceRef": "Tosafot on Yoma 53a:48:1"
                }, 
                {
                    "category": "Commentary", 
                    "sourceHeRef": " חידושי אגדות על מסכת יומא נ״ג א:ב׳", 
                    "index_title": "Chidushei Agadot on Yoma", 
                    "sourceRef": "Chidushei Agadot on Yoma 53a:2"
                }
            ], 
            "text": ""
        }, 
        {
            "segmentNumber": "49", 
            "he": "מאי דרוש (", 
            "links": [], 
            "text": ""
        }, 
        {
            "segmentNumber": "50", 
            "he": "ויקרא א, ז) ונתנו בני אהרן הכהן אש על המזבח אע\"פ שהאש יורדת מן השמים מצוה להביא מן ההדיוט", 
            "links": [
                {
                    "category": "Commentary", 
                    "sourceHeRef": "רש\"י על יומא נ״ג א:נ׳:א׳", 
                    "index_title": "Rashi on Yoma", 
                    "sourceRef": "Rashi on Yoma 53a:50:1"
                }
            ], 
            "text": ""
        }, 
        {
            "segmentNumber": "51", 
            "he": "יצא ובא לו דרך כניסתו", 
            "links": [], 
            "text": ""
        }, 
        {
            "segmentNumber": "52", 
            "he": "מנא הני מילי ", 
            "links": [], 
            "text": ""
        }, 
        {
            "segmentNumber": "53", 
            "he": "א\"ר שמואל בר נחמני א\"ר יונתן ", 
            "links": [], 
            "text": ""
        }, 
        {
            "segmentNumber": "54", 
            "he": "אמר קרא (דברי הימים ב א, יג) ויבא שלמה לבמה אשר בגבעון ירושלם וכי מה ענין גבעון אצל ירושלים ", 
            "links": [
                {
                    "category": "Commentary", 
                    "sourceHeRef": "רש\"י על יומא נ״ג א:נ״ד:א׳", 
                    "index_title": "Rashi on Yoma", 
                    "sourceRef": "Rashi on Yoma 53a:54:1"
                }, 
                {
                    "category": "Tanakh", 
                    "sourceHeRef": "דברי הימים ב א׳:י״ג", 
                    "index_title": "II Chronicles", 
                    "sourceRef": "II Chronicles 1:13"
                }, 
                {
                    "category": "Commentary", 
                    "sourceHeRef": " חידושי אגדות על מסכת יומא נ״ג א:ג׳", 
                    "index_title": "Chidushei Agadot on Yoma", 
                    "sourceRef": "Chidushei Agadot on Yoma 53a:3"
                }
            ], 
            "text": ""
        }, 
        {
            "segmentNumber": "55", 
            "he": "אלא מקיש יציאתו מגבעון לירושלים לביאתו מירושלים לגבעון ", 
            "links": [
                {
                    "category": "Commentary", 
                    "sourceHeRef": "רש\"י על יומא נ״ג א:נ״ה:א׳", 
                    "index_title": "Rashi on Yoma", 
                    "sourceRef": "Rashi on Yoma 53a:55:1"
                }
            ], 
            "text": ""
        }, 
        {
            "segmentNumber": "56", 
            "he": "מה ביאתו מירושלים לגבעון פניו כלפי במה כדרך ביאתו אף יציאתו מגבעון לירושלים פניו כלפי במה כדרך ביאתו ", 
            "links": [], 
            "text": ""
        }, 
        {
            "segmentNumber": "57", 
            "he": "וכן כהנים בעבודתן ולוים בדוכנן וישראל במעמדן כשהן נפטרין לא היו מחזירין פניהן והולכין אלא מצדדין פניהן והולכין וכן תלמיד הנפטר מרבו לא יחזיר פניו וילך אלא מצדד פניו והולך ", 
            "links": [
                {
                    "category": "Commentary", 
                    "sourceHeRef": "רש\"י על יומא נ״ג א:נ״ז:א׳", 
                    "index_title": "Rashi on Yoma", 
                    "sourceRef": "Rashi on Yoma 53a:57:1"
                }
            ], 
            "text": ""
        }, 
        {
            "segmentNumber": "58", 
            "he": "כי הא דר' אלעזר כד הוה מיפטר מיניה דר' יוחנן כד הוה בעי ר' יוחנן לסגויי הוה גחין קאי ר' אלעזר אדוכתיה עד דהוה מיכסי ר' יוחנן מיניה ", 
            "links": [
                {
                    "category": "Commentary", 
                    "sourceHeRef": "רש\"י על יומא נ״ג א:נ״ח:א׳", 
                    "index_title": "Rashi on Yoma", 
                    "sourceRef": "Rashi on Yoma 53a:58:1"
                }
            ], 
            "text": ""
        }, 
        {
            "segmentNumber": "59", 
            "he": "וכד הוה בעי ר' אלעזר לסגויי הוה קא אזיל לאחוריה עד דמכסי מיניה דרבי יוחנן ", 
            "links": [
                {
                    "category": "Commentary", 
                    "sourceHeRef": "רש\"י על יומא נ״ג א:נ״ט:א׳", 
                    "index_title": "Rashi on Yoma", 
                    "sourceRef": "Rashi on Yoma 53a:59:1"
                }
            ], 
            "text": ""
        }, 
        {
            "segmentNumber": "60", 
            "he": "רבא כד הוה מיפטר מיניה דרב יוסף הוה אזיל לאחוריה עד דמנגפן כרעיה ומתווסן אסקופתא דבי רב יוסף דמא", 
            "links": [], 
            "text": ""
        }
    ], 
    "heRef": "יומא נ״ג א", 
    "toSections": [
        "53a"
    ], 
    "sectionRef": "Yoma 53a", 
    "title": "Yoma 53a", 
    "lengths": [
        173, 
        7753
    ], 
    "next": "Yoma 53b", 
    "heBook": "יומא", 
    "book": "Yoma", 
    "prev": "Yoma 52b", 
    "textDepth": 2, 
    "sectionNames": [
        "Daf", 
        "Line"
    ], 
    "sections": [
        "53a"
    ], 
    "isComplex": false, 
    "titleVariants": [
        "Talmud Yoma", 
        "Tractate Yoma", 
        "Yoma", 
        "Masekhet Yoma"
    ], 
    "categories": [
        "Talmud", 
        "Bavli", 
        "Seder Moed"
    ], 
    "ref": "Yoma 53a", 
    "type": "Talmud", 
    "addressTypes": [
        "Talmud", 
        "Integer"
    ], 
    "length": 173, 
    "indexTitle": "Yoma", 
    "heIndexTitle": "יומא", 
    "alts": [], 
    "order": [
        6, 
        5
    ]
}