{
    "heTitleVariants": [
        "חלק א'"
    ], 
    "heTitle": "מורה נבוכים, חלק א'", 
    "heRef": "מורה נבוכים, חלק א' מ״ט", 
    "toSections": [
        49
    ], 
    "sectionRef": "Guide for the Perplexed, Part 1 49", 
    "lengths": [
        76
    ], 
    "next": "Guide for the Perplexed, Part 1 50", 
    "content": [
        {
            "segmentNumber": "1", 
            "he": "המלאכים גם כן אינם בעלי גשמים אבל הם שכלים נבדלים מחומר; אמנם הם עשויים והאלוה בראם כמו שיתבאר. וב'בראשית רבה' אמרו \"להט החרב המתהפכת\" - על שם 'משרתיו אש לוהט'; 'המתהפכת' - שהם מהתפכים פעמים אנשים - פעמים נשים פעמים רוחות - פעמים מלאכים\" - הנה כבר בארו בזה המאמר שהם אינם בעלי חומר ואין להם תמונה קיימת גשמית חוץ לשכל אבל הכל ב'מראה הנבואה' ולפי פועל הכח המדמה כמו שיזכר בענין אמיתת הנבואה. [ואמנם אמרם 'פעמים נשים' - כי הנביאים גם כן כבר ראו המלאכים 'במראה הנבואה' 'צורת נשים' - רומז על מאמר זכריה \"והנה שתים נשים יוצאות ורוח בכנפיהם וכו'\"]: וכבר ידעת כי השגת הנקי מן החומר הערום מן הגשמות לגמרי כבדה מאוד על האדם אלא אחר לימוד רב; ובלבד למי שלא יבדיל בין המושכל והמדומה ורוב השענו - על השגת הדמיון לבד ויהיה כל מדומה אצלו נמצא או אפשר המציאה ומה שלא יפול ברשת הדמיון - אצלו נעדר ונמנע המציאה; כי אלו האנשים - והם רוב המעינים - לא יתאמת להם ענין לעולם ולא יתבאר להם ספק: ולכובד זה גם כן הביאו ספרי הנבואה דברים שיראה מפשוטיהם גשמות המלאכים ותנועותיהם והיותם צורת האדם והיותם מצוים מהאלוה והם מודיעי דברו ועושים מה שירצה במצותו - כל זה להישיר השכל אל מציאותם ושהם חיים שלמים כמו שבארנו בחוק האלוה. אלא שאם יעמוד אדם בהם על זה היתה דומה אמיתתם ועצמם - עצם האלוה בדמיון ההמון שכן גם באלוה נאמרו דברים יראה פשוטם שהוא גוף חי מתנועע על צורת אדם; והוישר השכל אל היות מעלת מציאותם למטה ממעלת האלוה בערבו בצורותיהם דבר מצורת בעל החיים אשר אינו מדבר; עד שיהיה המובן ממציאות הבורא יותר שלם ממציאותם כמו שהאדם יותר שלם מבעל החיים שאינו מדבר. ולא תחובר להם צורת בעל החיים בשום פנים אלא הכנפים; כי לא יצויר עופפות מבלתי כנפים כמו שלא תצויר הליכה מבלתי רגלים - כי אלו הכוחות לא תצויר מציאותם אלא באלו הנושאים בהכרח. ונבחרה תנועת העופפות להורות על היותם חיים מפני שהיא השלמה שבתנועות בעל החיים שאינו מדבר המקומיות והנכבדת שבהם והאדם יחשבה שלמות גמור; עד שהאדם יתאוה שיעוף כדי שיקל עליו לברוח מכל מה שיזיקהו ויכון אל מה שיאות לו במהירות - ואם רחק -; ועל כן יחסו להם זאת התנועה.", 
            "links": [
                {
                    "category": "Tanakh", 
                    "sourceHeRef": "בראשית ג׳:כ״ד", 
                    "index_title": "Genesis", 
                    "sourceRef": "Genesis 3:24"
                }, 
                {
                    "category": "Tanakh", 
                    "sourceHeRef": "תהילים ק״ד:ד׳", 
                    "index_title": "Psalms", 
                    "sourceRef": "Psalms 104:4"
                }
            ], 
            "text": "THE angels are likewise incorporeal: they are intelligences without matter, but they are nevertheless created beings, and God created them, as will be explained below. In Bereshith Rabbah (on Gen. 3:24) we read the following remark of our Sages: \"The angel is called 'the flame of the sword which turned every way' (Gen. 3:24), in accordance with the words, 'His ministers a flaming fire' (Ps. 104:4); the attribute, 'which turned every way' is added, because angels are changeable in form they appear at one time as males, at another as females; now as spirits; now as angels.\" By this remark they clearly stated that angels are incorporeal, and have no permanent bodily form independent of the mind [of him who perceives them], they exist entirely in prophetic vision, and depend on the action of the imaginative power, as will be explained when speaking on the true meaning of prophecy. As to the words \"at another time as females,\" which imply that the Prophets in prophetical vision perceived angels also in the form of women, they refer to the vision of Zechariah (v. 9), \"And, behold, there came out two women, and the wind was in their wings.\" You know very well how difficult it is for men to form a notion of anything immaterial, and entirely devoid of corporeality, except after considerable training: it is especially difficult for those who do not distinguish between objects of the intellect and objects of the imagination, and depend mostly on the mere imaginative power. They believe that all imagined things exist or at least have the possibility of existing: but that which cannot be imagined does not exist, and cannot exist. For persons of this class--and the majority of thinkers belong to it--cannot arrive at the true solution of any question, or at the explanation of anything doubtful. On account of this difficulty the prophetic books contain expressions which, taken literally, imply that angels are corporeal, moving about, endowed with human form, receiving commands of God, obeying His word and performing whatever He wishes, according to His command. All this only serves to lead to the belief that angels exist, and are alive and perfect, in the same way as we have explained in reference to God. If the figurative representation of angels were limited to this, their true essence would be believed to be the same as the essence of God, since, in reference to the Creator expressions are likewise employed, which literally imply that He is corporeal, living, moving and endowed with human form. In order, therefore, to give to the mind of men the idea that the existence of angels is lower than the existence of God, certain forms of lower animals were introduced in the description of angels. It was thereby shown, that the existence of God is more perfect than that of angels, as much as man is more perfect than the lower animals. Nevertheless no organ of the brute creation was attributed to the angels except wings. Without wings the act of flying appears as impossible as that of walking without legs: for these two modes of motion can only be imagined in connection with these organs. The motion of flying has been chosen as a symbol to represent that angels possess life, because it is the most perfect and most sublime movement of the brute creation. Men consider this motion a perfection to such an extent that they themselves wish to be able to fly, in order to escape easily what is injurious, and to obtain quickly what is useful, though it be at a distance. For this reason this motion has been attributed to the angels."
        }, 
        {
            "segmentNumber": "2", 
            "he": "ועוד כי העוף יראה ואחר כן יעלם ויקרב ואחר כן ירחק בזמן מועט - ואלו כולם ענינים וצריך שתאמינם במלאכים כמו שיתבאר אחר זה: ולא יחסו זה השלמות המדומה - רצוני לומר תנועת העופפות - לאלוה בשום פנים להיותה תנועת בעל חיים בלתי מדבר. ולא תטעה באמרו \"וירכב על כרוב ויעוף\" - כי ה'כרוב' הוא אשר 'עף'; והכוונה במשל ההוא - מהירות בוא הענין ההוא כמו שנאמר \"הנה יי רוכב על עב קל ובא מצרים\" - רצונו לומר מהירות רדת זאת המכה בהם: ולא יטעך גם כן מה שתמצא ביחזקאל לבד ב'פני שור ופני אריה ופני נשר וכף רגל עגל' - כי יש לזה כולו פרוש אחר תשמעהו. ועוד שהוא אמנם לא תאר אלא ה'חיות'. והנה יתבארו אלה הענינים ברמיזות מספיקות בהערה:", 
            "links": [
                {
                    "category": "Tanakh", 
                    "sourceHeRef": "תהילים י״ח:י׳", 
                    "index_title": "Psalms", 
                    "sourceRef": "Psalms 18:10"
                }, 
                {
                    "category": "Tanakh", 
                    "sourceHeRef": "ישעיהו י״ט:א׳", 
                    "index_title": "Isaiah", 
                    "sourceRef": "Isaiah 19:1"
                }
            ], 
            "text": "There is besides another reason. The bird in its flight is sometimes visible, sometimes withdrawn from our sight; one moment near to us, and in the next far off: and these are exactly the circumstances which we must associate with the idea of angels, as will be explained below. This imaginary perfection, the motion of flight, being the exclusive property of the brute creation, has never been attributed to God. You must not be misled by the passage, \"And he rode upon a cherub, and he did fly\" (Ps. 18:10), for it is the cherub that did fly, and the simile only serves to denote the rapid arrival of that which is referred to in that passage. Comp.: \"Behold, the Lord rideth upon a swift cloud, and shall come into Egypt\" (Isa. 19:1); that is, the punishment alluded to will come down quickly upon Egypt. Nor should expressions like \"the face of an ox,\" \"the face of a lion,\" \"the face of an eagle,\" \"the sole of the foot of a calf,\" found in the prophecies of Ezekiel (i. 10 and 7) mislead you; for all these are explained in a different manner, as you will learn later, and besides, the prophet only describes the animals (ḥayyot). The subject will be explained (III. 1.), though by mere hints, as far as necessary, for directing your attention to the true interpretation."
        }, 
        {
            "segmentNumber": "3", 
            "he": "אמנם תנועת העופפות נמצאת בכתוב בכל מקום ולא תצויר כי אם בכנפים; ויוחסו להם הכנפים להישיר לענין מציאותם לא לאמיתת מהותם: ודע כי כל מתנועע תנועה ממהרת מאד יתואר בעופפות להורות על מהירות התנועה - אמר \"כאשר ידאה הנשר\" כי הנשר יותר ממהר העופפות והמרוצה מכל העוף ולזה ימשיל בו. ודע עוד כי הכנפים הם סבת העופפות; ולזה יהיו הכנפים אשר יראו על מספר סבות תנועת המתנועע. ואין זה כונת זה הפרק", 
            "links": [
                {
                    "category": "Tanakh", 
                    "sourceHeRef": "דברים כ״ח:מ״ט", 
                    "index_title": "Deuteronomy", 
                    "sourceRef": "Deuteronomy 28:49"
                }
            ], 
            "text": "The motion of flying, frequently mentioned in the Bible, necessitates, according to our imagination, the existence of wings: wings are therefore given to the angels as symbols expressive of their existence, not of their true essence. You must also bear in mind that whenever a thing moves very quickly, it is said to fly, as that term implies great velocity of motion. Comp. \"As the eagle flieth\" (Deut. 28:49). The eagle flies and moves with greater velocity than any other bird, and therefore it is introduced in this simile. Furthermore, the wings are the organs [lit. causes] of flight; hence the number of the wings of angels in the prophetic vision corresponds to the number of the causes which set a thing in motion, but this does not belong to the theme of this chapter. (Comp. II. iv. and x.)"
        }
    ], 
    "book": "Guide for the Perplexed", 
    "prev": "Guide for the Perplexed, Part 1 48", 
    "textDepth": 2, 
    "sectionNames": [
        "Chapter", 
        "Paragraph"
    ], 
    "sections": [
        49
    ], 
    "isComplex": true, 
    "titleVariants": [
        "Part 1"
    ], 
    "categories": [
        "Philosophy"
    ], 
    "ref": "Guide for the Perplexed, Part 1 49", 
    "type": "Philosophy", 
    "addressTypes": [
        "Integer", 
        "Integer"
    ], 
    "length": 76, 
    "indexTitle": "Guide for the Perplexed", 
    "heIndexTitle": "מורה נבוכים", 
    "alts": [], 
    "order": ""
}