{
    "heTitleVariants": [
        "בכורות"
    ], 
    "heTitle": "בכורות ס׳ ב", 
    "content": [
        {
            "segmentNumber": "1", 
            "he": "קרא לתשיעי עשירי ולעשירי תשיעי ולאחד עשר עשירי:", 
            "links": [], 
            "text": ""
        }, 
        {
            "segmentNumber": "2", 
            "he": "ת\"ר", 
            "links": [], 
            "text": ""
        }, 
        {
            "segmentNumber": "3", 
            "he": "מנין שאם קרא לתשיעי עשירי ולעשירי תשיעי ולאחד עשר עשירי ששלשתן מקודשין", 
            "links": [], 
            "text": ""
        }, 
        {
            "segmentNumber": "4", 
            "he": "ת\"ל", 
            "links": [], 
            "text": ""
        }, 
        {
            "segmentNumber": "5", 
            "he": "(ויקרא כז, לב) וכל מעשר בקר וצאן כל אשר יעבור תחת השבט העשירי יהיה קדש", 
            "links": [
                {
                    "category": "Commentary", 
                    "sourceHeRef": "רש\"י על בכורות ס׳ ב:ה׳:א׳", 
                    "index_title": "Rashi on Bekhorot", 
                    "sourceRef": "Rashi on Bekhorot 60b:5:1"
                }, 
                {
                    "category": "Tanakh", 
                    "sourceHeRef": "ויקרא כ״ז:ל״ב", 
                    "index_title": "Leviticus", 
                    "sourceRef": "Leviticus 27:32"
                }
            ], 
            "text": ""
        }, 
        {
            "segmentNumber": "6", 
            "he": "יכול שאני מרבה אף שמיני ושנים עשר", 
            "links": [
                {
                    "category": "Commentary", 
                    "sourceHeRef": "רש\"י על בכורות ס׳ ב:ו׳:א׳", 
                    "index_title": "Rashi on Bekhorot", 
                    "sourceRef": "Rashi on Bekhorot 60b:6:1"
                }
            ], 
            "text": ""
        }, 
        {
            "segmentNumber": "7", 
            "he": "אמרת הואיל והוא קדוש וטעותו מתקדשת מה הוא אינו מקודש אלא בסמוך אף טעותו אינה מתקדשת אלא בסמוך", 
            "links": [
                {
                    "category": "Commentary", 
                    "sourceHeRef": "רש\"י על בכורות ס׳ ב:ז׳:א׳", 
                    "index_title": "Rashi on Bekhorot", 
                    "sourceRef": "Rashi on Bekhorot 60b:7:1"
                }, 
                {
                    "category": "Commentary", 
                    "sourceHeRef": "רש\"י על בכורות ס׳ ב:ז׳:ב׳", 
                    "index_title": "Rashi on Bekhorot", 
                    "sourceRef": "Rashi on Bekhorot 60b:7:2"
                }, 
                {
                    "category": "Commentary", 
                    "sourceHeRef": "כתב יד רש\"י על בכורות ס׳ ב:ז׳:א׳", 
                    "index_title": "Ktav Yad Rashi on Bekhorot", 
                    "sourceRef": "Ktav Yad Rashi on Bekhorot 60b:7:1"
                }
            ], 
            "text": ""
        }, 
        {
            "segmentNumber": "8", 
            "he": "והתניא", 
            "links": [], 
            "text": ""
        }, 
        {
            "segmentNumber": "9", 
            "he": "מה הוא מיוחד אף טעותו מיוחדת", 
            "links": [
                {
                    "category": "Commentary", 
                    "sourceHeRef": "רש\"י על בכורות ס׳ ב:ט׳:א׳", 
                    "index_title": "Rashi on Bekhorot", 
                    "sourceRef": "Rashi on Bekhorot 60b:9:1"
                }, 
                {
                    "category": "Commentary", 
                    "sourceHeRef": "רש\"י על בכורות ס׳ ב:ט׳:ב׳", 
                    "index_title": "Rashi on Bekhorot", 
                    "sourceRef": "Rashi on Bekhorot 60b:9:2"
                }, 
                {
                    "category": "Commentary", 
                    "sourceHeRef": "כתב יד רש\"י על בכורות ס׳ ב:ט׳:א׳", 
                    "index_title": "Ktav Yad Rashi on Bekhorot", 
                    "sourceRef": "Ktav Yad Rashi on Bekhorot 60b:9:1"
                }
            ], 
            "text": ""
        }, 
        {
            "segmentNumber": "10", 
            "he": "תאני תנא קמיה דר' יוחנן", 
            "links": [], 
            "text": ""
        }, 
        {
            "segmentNumber": "11", 
            "he": "הא מני ר' אלעזר ב\"ר שמעון היא", 
            "links": [], 
            "text": ""
        }, 
        {
            "segmentNumber": "12", 
            "he": "דתניא ר' אלעזר ב\"ר שמעון אומר", 
            "links": [], 
            "text": ""
        }, 
        {
            "segmentNumber": "13", 
            "he": "לעולם אין אחד עשר קדוש עד שישתוק בתשיעי ויקרא לעשירי תשיעי ולאחד עשר עשירי", 
            "links": [
                {
                    "category": "Commentary", 
                    "sourceHeRef": "תוספות על בכורות ס׳ ב:י״ג:א׳", 
                    "index_title": "Tosafot on Bekhorot", 
                    "sourceRef": "Tosafot on Bekhorot 60b:13:1"
                }, 
                {
                    "category": "Commentary", 
                    "sourceHeRef": "רש\"י על בכורות ס׳ ב:י״ג:א׳", 
                    "index_title": "Rashi on Bekhorot", 
                    "sourceRef": "Rashi on Bekhorot 60b:13:1"
                }, 
                {
                    "category": "Commentary", 
                    "sourceHeRef": "כתב יד רש\"י על בכורות ס׳ ב:י״ג:א׳", 
                    "index_title": "Ktav Yad Rashi on Bekhorot", 
                    "sourceRef": "Ktav Yad Rashi on Bekhorot 60b:13:1"
                }
            ], 
            "text": ""
        }, 
        {
            "segmentNumber": "14", 
            "he": "סבר לה כרבי יהודה דאמר", 
            "links": [
                {
                    "category": "Commentary", 
                    "sourceHeRef": "רש\"י על בכורות ס׳ ב:י״ד:א׳", 
                    "index_title": "Rashi on Bekhorot", 
                    "sourceRef": "Rashi on Bekhorot 60b:14:1"
                }, 
                {
                    "category": "Commentary", 
                    "sourceHeRef": "כתב יד רש\"י על בכורות ס׳ ב:י״ד:א׳", 
                    "index_title": "Ktav Yad Rashi on Bekhorot", 
                    "sourceRef": "Ktav Yad Rashi on Bekhorot 60b:14:1"
                }
            ], 
            "text": ""
        }, 
        {
            "segmentNumber": "15", 
            "he": "טעות מעשר תמורה הוי", 
            "links": [], 
            "text": ""
        }, 
        {
            "segmentNumber": "16", 
            "he": "וסבר לה כאבוה דאמר", 
            "links": [
                {
                    "category": "Commentary", 
                    "sourceHeRef": "כתב יד רש\"י על בכורות ס׳ ב:ט״ז:א׳", 
                    "index_title": "Ktav Yad Rashi on Bekhorot", 
                    "sourceRef": "Ktav Yad Rashi on Bekhorot 60b:16:1"
                }
            ], 
            "text": ""
        }, 
        {
            "segmentNumber": "17", 
            "he": "אין מימר חוזר ומימר", 
            "links": [], 
            "text": ""
        }, 
        {
            "segmentNumber": "18", 
            "he": "אמר רבא", 
            "links": [], 
            "text": ""
        }, 
        {
            "segmentNumber": "19", 
            "he": "יצאו שנים בתשיעי קראן תשיעי עשירי וחולין מעורבין זה בזה", 
            "links": [
                {
                    "category": "Commentary", 
                    "sourceHeRef": "רש\"י על בכורות ס׳ ב:י״ט:א׳", 
                    "index_title": "Rashi on Bekhorot", 
                    "sourceRef": "Rashi on Bekhorot 60b:19:1"
                }, 
                {
                    "category": "Commentary", 
                    "sourceHeRef": "רש\"י על בכורות ס׳ ב:י״ט:ב׳", 
                    "index_title": "Rashi on Bekhorot", 
                    "sourceRef": "Rashi on Bekhorot 60b:19:2"
                }, 
                {
                    "category": "Commentary", 
                    "sourceHeRef": "רש\"י על בכורות ס׳ ב:י״ט:ג׳", 
                    "index_title": "Rashi on Bekhorot", 
                    "sourceRef": "Rashi on Bekhorot 60b:19:3"
                }, 
                {
                    "category": "Commentary", 
                    "sourceHeRef": "כתב יד רש\"י על בכורות ס׳ ב:י״ט:א׳", 
                    "index_title": "Ktav Yad Rashi on Bekhorot", 
                    "sourceRef": "Ktav Yad Rashi on Bekhorot 60b:19:1"
                }
            ], 
            "text": ""
        }, 
        {
            "segmentNumber": "20", 
            "he": "עשירי מאליו קדוש לתשיעי תשיעי קא קרי ליה", 
            "links": [
                {
                    "category": "Commentary", 
                    "sourceHeRef": "כתב יד רש\"י על בכורות ס׳ ב:כ׳:א׳", 
                    "index_title": "Ktav Yad Rashi on Bekhorot", 
                    "sourceRef": "Ktav Yad Rashi on Bekhorot 60b:20:1"
                }
            ], 
            "text": ""
        }, 
        {
            "segmentNumber": "21", 
            "he": "קראן עשירי עשירי ותשיעי מעורבין זה בזה", 
            "links": [
                {
                    "category": "Commentary", 
                    "sourceHeRef": "כתב יד רש\"י על בכורות ס׳ ב:כ״א:א׳", 
                    "index_title": "Ktav Yad Rashi on Bekhorot", 
                    "sourceRef": "Ktav Yad Rashi on Bekhorot 60b:21:1"
                }
            ], 
            "text": ""
        }, 
        {
            "segmentNumber": "22", 
            "he": "מ\"ט עשירי קא קרי להו לתרוייהו", 
            "links": [], 
            "text": ""
        }, 
        {
            "segmentNumber": "23", 
            "he": "יצאו שנים בעשירי וקראן עשירי עשירי ואחד עשר מעורבין זה בזה קראן אחד עשר עשירי וחולין מעורבין זה בזה", 
            "links": [
                {
                    "category": "Commentary", 
                    "sourceHeRef": "תוספות על בכורות ס׳ ב:כ״ג:א׳", 
                    "index_title": "Tosafot on Bekhorot", 
                    "sourceRef": "Tosafot on Bekhorot 60b:23:1"
                }, 
                {
                    "category": "Commentary", 
                    "sourceHeRef": "רש\"י על בכורות ס׳ ב:כ״ג:א׳", 
                    "index_title": "Rashi on Bekhorot", 
                    "sourceRef": "Rashi on Bekhorot 60b:23:1"
                }, 
                {
                    "category": "Commentary", 
                    "sourceHeRef": "כתב יד רש\"י על בכורות ס׳ ב:כ״ג:א׳", 
                    "index_title": "Ktav Yad Rashi on Bekhorot", 
                    "sourceRef": "Ktav Yad Rashi on Bekhorot 60b:23:1"
                }, 
                {
                    "category": "Commentary", 
                    "sourceHeRef": "כתב יד רש\"י על בכורות ס׳ ב:כ״ג:ב׳", 
                    "index_title": "Ktav Yad Rashi on Bekhorot", 
                    "sourceRef": "Ktav Yad Rashi on Bekhorot 60b:23:2"
                }
            ], 
            "text": ""
        }, 
        {
            "segmentNumber": "24", 
            "he": "הא תו למה לי", 
            "links": [
                {
                    "category": "Commentary", 
                    "sourceHeRef": "רש\"י על בכורות ס׳ ב:כ״ד:א׳", 
                    "index_title": "Rashi on Bekhorot", 
                    "sourceRef": "Rashi on Bekhorot 60b:24:1"
                }, 
                {
                    "category": "Commentary", 
                    "sourceHeRef": "כתב יד רש\"י על בכורות ס׳ ב:כ״ד:א׳", 
                    "index_title": "Ktav Yad Rashi on Bekhorot", 
                    "sourceRef": "Ktav Yad Rashi on Bekhorot 60b:24:1"
                }
            ], 
            "text": ""
        }, 
        {
            "segmentNumber": "25", 
            "he": "היינו הך", 
            "links": [
                {
                    "category": "Commentary", 
                    "sourceHeRef": "כתב יד רש\"י על בכורות ס׳ ב:כ״ה:א׳", 
                    "index_title": "Ktav Yad Rashi on Bekhorot", 
                    "sourceRef": "Ktav Yad Rashi on Bekhorot 60b:25:1"
                }
            ], 
            "text": ""
        }, 
        {
            "segmentNumber": "26", 
            "he": "הא קמ\"ל", 
            "links": [
                {
                    "category": "Commentary", 
                    "sourceHeRef": "כתב יד רש\"י על בכורות ס׳ ב:כ״ו:א׳", 
                    "index_title": "Ktav Yad Rashi on Bekhorot", 
                    "sourceRef": "Ktav Yad Rashi on Bekhorot 60b:26:1"
                }
            ], 
            "text": ""
        }, 
        {
            "segmentNumber": "27", 
            "he": "דכל בת אחת תרווייהו קא קדשי ואע\"ג דלא נעקר שם עשירי הימנו", 
            "links": [
                {
                    "category": "Commentary", 
                    "sourceHeRef": "כתב יד רש\"י על בכורות ס׳ ב:כ״ז:א׳", 
                    "index_title": "Ktav Yad Rashi on Bekhorot", 
                    "sourceRef": "Ktav Yad Rashi on Bekhorot 60b:27:1"
                }, 
                {
                    "category": "Commentary", 
                    "sourceHeRef": "כתב יד רש\"י על בכורות ס׳ ב:כ״ז:ב׳", 
                    "index_title": "Ktav Yad Rashi on Bekhorot", 
                    "sourceRef": "Ktav Yad Rashi on Bekhorot 60b:27:2"
                }
            ], 
            "text": ""
        }, 
        {
            "segmentNumber": "28", 
            "he": "יתיב רב כהנא וקאמר ליה להא שמעתא", 
            "links": [
                {
                    "category": "Commentary", 
                    "sourceHeRef": "כתב יד רש\"י על בכורות ס׳ ב:כ״ח:א׳", 
                    "index_title": "Ktav Yad Rashi on Bekhorot", 
                    "sourceRef": "Ktav Yad Rashi on Bekhorot 60b:28:1"
                }
            ], 
            "text": ""
        }, 
        {
            "segmentNumber": "29", 
            "he": "אמר ליה רב אשי לרב כהנא", 
            "links": [], 
            "text": ""
        }, 
        {
            "segmentNumber": "30", 
            "he": "והלא לא נעקר שם עשירי הימנו ותנן", 
            "links": [], 
            "text": ""
        }, 
        {
            "segmentNumber": "31", 
            "he": "זה הכלל כל זמן שלא נעקר שם עשירי הימנו אין אחד עשר מקודש", 
            "links": [], 
            "text": ""
        }, 
        {
            "segmentNumber": "32", 
            "he": "הני מילי בזה אחר זה אבל בבת אחת תרוייהו קא קדשי", 
            "links": [
                {
                    "category": "Commentary", 
                    "sourceHeRef": "רש\"י על בכורות ס׳ ב:ל״ב:א׳", 
                    "index_title": "Rashi on Bekhorot", 
                    "sourceRef": "Rashi on Bekhorot 60b:32:1"
                }
            ], 
            "text": ""
        }, 
        {
            "segmentNumber": "33", 
            "he": "בזה אחר זה בהדיא קתני לה", 
            "links": [], 
            "text": ""
        }, 
        {
            "segmentNumber": "34", 
            "he": "קרא לתשיעי עשירי ולעשירי עשירי ולאחד עשר עשירי אין אחד עשר מקודש", 
            "links": [], 
            "text": ""
        }, 
        {
            "segmentNumber": "35", 
            "he": "זה הכלל לאיתויי מאי", 
            "links": [], 
            "text": ""
        }, 
        {
            "segmentNumber": "36", 
            "he": "לאו לאיתויי בבת אחת", 
            "links": [], 
            "text": ""
        }, 
        {
            "segmentNumber": "37", 
            "he": "לא לאיתויי יצא עשירי ולא דבר דהא לא נעקר שם עשירי הימנו", 
            "links": [
                {
                    "category": "Commentary", 
                    "sourceHeRef": "רש\"י על בכורות ס׳ ב:ל״ז:א׳", 
                    "index_title": "Rashi on Bekhorot", 
                    "sourceRef": "Rashi on Bekhorot 60b:37:1"
                }, 
                {
                    "category": "Commentary", 
                    "sourceHeRef": "כתב יד רש\"י על בכורות ס׳ ב:ל״ז:א׳", 
                    "index_title": "Ktav Yad Rashi on Bekhorot", 
                    "sourceRef": "Ktav Yad Rashi on Bekhorot 60b:37:1"
                }
            ], 
            "text": ""
        }, 
        {
            "segmentNumber": "38", 
            "he": "דאי לא תימא הכי הא דתניא", 
            "links": [
                {
                    "category": "Commentary", 
                    "sourceHeRef": "רש\"י על בכורות ס׳ ב:ל״ח:א׳", 
                    "index_title": "Rashi on Bekhorot", 
                    "sourceRef": "Rashi on Bekhorot 60b:38:1"
                }, 
                {
                    "category": "Commentary", 
                    "sourceHeRef": "כתב יד רש\"י על בכורות ס׳ ב:ל״ח:א׳", 
                    "index_title": "Ktav Yad Rashi on Bekhorot", 
                    "sourceRef": "Ktav Yad Rashi on Bekhorot 60b:38:1"
                }
            ], 
            "text": ""
        }, 
        {
            "segmentNumber": "39", 
            "he": "יצאו שנים בעשירי ולא קדם אחד מהן את חבירו וקראן עשירי עשירי ואחד עשר מעורבין זה בזה", 
            "links": [
                {
                    "category": "Commentary", 
                    "sourceHeRef": "כתב יד רש\"י על בכורות ס׳ ב:ל״ט:א׳", 
                    "index_title": "Ktav Yad Rashi on Bekhorot", 
                    "sourceRef": "Ktav Yad Rashi on Bekhorot 60b:39:1"
                }
            ], 
            "text": ""
        }, 
        {
            "segmentNumber": "40", 
            "he": "והלא לא נעקר שם עשירי הימנו", 
            "links": [], 
            "text": ""
        }, 
        {
            "segmentNumber": "41", 
            "he": "אלא לאו משום דאמרינן", 
            "links": [], 
            "text": ""
        }, 
        {
            "segmentNumber": "42", 
            "he": "כל בבת אחת תרוייהו קא קדשי", 
            "links": [], 
            "text": ""
        }, 
        {
            "segmentNumber": "43", 
            "he": "אי משום הא לא איריא", 
            "links": [], 
            "text": ""
        }, 
        {
            "segmentNumber": "44", 
            "he": "הכא במאי עסקינן דקדים חד מינייהו ואפיק לרישיה וקרייה אחד עשר והדר איערוב ונפוק בהדדי וקרינהו עשירי דהא נעקר שם עשירי הימנו", 
            "links": [
                {
                    "category": "Commentary", 
                    "sourceHeRef": "רש\"י על בכורות ס׳ ב:מ״ד:א׳", 
                    "index_title": "Rashi on Bekhorot", 
                    "sourceRef": "Rashi on Bekhorot 60b:44:1"
                }, 
                {
                    "category": "Commentary", 
                    "sourceHeRef": "רש\"י על בכורות ס׳ ב:מ״ד:ב׳", 
                    "index_title": "Rashi on Bekhorot", 
                    "sourceRef": "Rashi on Bekhorot 60b:44:2"
                }, 
                {
                    "category": "Commentary", 
                    "sourceHeRef": "כתב יד רש\"י על בכורות ס׳ ב:מ״ד:א׳", 
                    "index_title": "Ktav Yad Rashi on Bekhorot", 
                    "sourceRef": "Ktav Yad Rashi on Bekhorot 60b:44:1"
                }, 
                {
                    "category": "Commentary", 
                    "sourceHeRef": "כתב יד רש\"י על בכורות ס׳ ב:מ״ד:ב׳", 
                    "index_title": "Ktav Yad Rashi on Bekhorot", 
                    "sourceRef": "Ktav Yad Rashi on Bekhorot 60b:44:2"
                }
            ], 
            "text": ""
        }, 
        {
            "segmentNumber": "45", 
            "he": "והא לא קדם קתני", 
            "links": [], 
            "text": ""
        }, 
        {
            "segmentNumber": "46", 
            "he": "מאי לא קדם דהדר איערוב", 
            "links": [
                {
                    "category": "Commentary", 
                    "sourceHeRef": "כתב יד רש\"י על בכורות ס׳ ב:מ״ו:א׳", 
                    "index_title": "Ktav Yad Rashi on Bekhorot", 
                    "sourceRef": "Ktav Yad Rashi on Bekhorot 60b:46:1"
                }
            ], 
            "text": ""
        }, 
        {
            "segmentNumber": "47", 
            "he": "וכמאן דלא כרבי דאי רבי האמר", 
            "links": [
                {
                    "category": "Commentary", 
                    "sourceHeRef": "רש\"י על בכורות ס׳ ב:מ״ז:א׳", 
                    "index_title": "Rashi on Bekhorot", 
                    "sourceRef": "Rashi on Bekhorot 60b:47:1"
                }, 
                {
                    "category": "Commentary", 
                    "sourceHeRef": "כתב יד רש\"י על בכורות ס׳ ב:מ״ז:א׳", 
                    "index_title": "Ktav Yad Rashi on Bekhorot", 
                    "sourceRef": "Ktav Yad Rashi on Bekhorot 60b:47:1"
                }
            ], 
            "text": ""
        }, 
        {
            "segmentNumber": "48", 
            "he": "אחד עשר לא הוי עקירה", 
            "links": [], 
            "text": ""
        }, 
        {
            "segmentNumber": "49", 
            "he": "אפי' תימא רבי כי אמר רבי היכא דאית ליה בהמות טובא דאמרי'", 
            "links": [
                {
                    "category": "Commentary", 
                    "sourceHeRef": "רש\"י על בכורות ס׳ ב:מ״ט:א׳", 
                    "index_title": "Rashi on Bekhorot", 
                    "sourceRef": "Rashi on Bekhorot 60b:49:1"
                }, 
                {
                    "category": "Commentary", 
                    "sourceHeRef": "כתב יד רש\"י על בכורות ס׳ ב:מ״ט:א׳", 
                    "index_title": "Ktav Yad Rashi on Bekhorot", 
                    "sourceRef": "Ktav Yad Rashi on Bekhorot 60b:49:1"
                }
            ], 
            "text": ""
        }, 
        {
            "segmentNumber": "50", 
            "he": "חד עישורא קאמר הכא דלית ליה בהמות טפי", 
            "links": [
                {
                    "category": "Commentary", 
                    "sourceHeRef": "רש\"י על בכורות ס׳ ב:נ׳:א׳", 
                    "index_title": "Rashi on Bekhorot", 
                    "sourceRef": "Rashi on Bekhorot 60b:50:1"
                }
            ], 
            "text": ""
        }, 
        {
            "segmentNumber": "51", 
            "he": "מאי רבי", 
            "links": [], 
            "text": ""
        }, 
        {
            "segmentNumber": "52", 
            "he": "דתניא", 
            "links": [], 
            "text": ""
        }, 
        {
            "segmentNumber": "53", 
            "he": "קרא לעשירי אחד עשר ולאחד עשר עשירי אין אחד עשר קדוש דברי רבי", 
            "links": [], 
            "text": ""
        }, 
        {
            "segmentNumber": "54", 
            "he": "ר' יוסי בר' יהודה אומר", 
            "links": [], 
            "text": ""
        }, 
        {
            "segmentNumber": "55", 
            "he": "אחד עשר קדוש", 
            "links": [], 
            "text": ""
        }, 
        {
            "segmentNumber": "56", 
            "he": "כלל אמר רבי", 
            "links": [], 
            "text": ""
        }, 
        {
            "segmentNumber": "57", 
            "he": "כל זמן שלא נעקר שם עשירי הימנו אין אחד עשר קדוש", 
            "links": [], 
            "text": ""
        }, 
        {
            "segmentNumber": "58", 
            "he": "אמר רבא", 
            "links": [], 
            "text": ""
        }, 
        {
            "segmentNumber": "59", 
            "he": "הכא במאי עסקינן כגון דאית ליה בהמות טובא דאמרינן", 
            "links": [], 
            "text": ""
        }, 
        {
            "segmentNumber": "60", 
            "he": "חד עישורא קאמר", 
            "links": [], 
            "text": ""
        }, 
        {
            "segmentNumber": "61", 
            "he": "יצאו שנים בעשירי תנא חדא", 
            "links": [
                {
                    "category": "Commentary", 
                    "sourceHeRef": "רש\"י על בכורות ס׳ ב:ס״א:א׳", 
                    "index_title": "Rashi on Bekhorot", 
                    "sourceRef": "Rashi on Bekhorot 60b:61:1"
                }, 
                {
                    "category": "Commentary", 
                    "sourceHeRef": "כתב יד רש\"י על בכורות ס׳ ב:ס״א:א׳", 
                    "index_title": "Ktav Yad Rashi on Bekhorot", 
                    "sourceRef": "Ktav Yad Rashi on Bekhorot 60b:61:1"
                }
            ], 
            "text": ""
        }, 
        {
            "segmentNumber": "62", 
            "he": "ירעו ותנא חדא", 
            "links": [], 
            "text": ""
        }, 
        {
            "segmentNumber": "63", 
            "he": "יקריבו ותניא אידך", 
            "links": [
                {
                    "category": "Commentary", 
                    "sourceHeRef": "כתב יד רש\"י על בכורות ס׳ ב:ס״ג:א׳", 
                    "index_title": "Ktav Yad Rashi on Bekhorot", 
                    "sourceRef": "Ktav Yad Rashi on Bekhorot 60b:63:1"
                }
            ], 
            "text": ""
        }, 
        {
            "segmentNumber": "64", 
            "he": "ימותו", 
            "links": [], 
            "text": ""
        }, 
        {
            "segmentNumber": "65", 
            "he": "לא קשיא הא דתנא ירעו רבנן היא דאמרי", 
            "links": [
                {
                    "category": "Commentary", 
                    "sourceHeRef": "כתב יד רש\"י על בכורות ס׳ ב:ס״ה:א׳", 
                    "index_title": "Ktav Yad Rashi on Bekhorot", 
                    "sourceRef": "Ktav Yad Rashi on Bekhorot 60b:65:1"
                }
            ], 
            "text": ""
        }, 
        {
            "segmentNumber": "66", 
            "he": "אין מביאין קדשים לבית הפסול", 
            "links": [
                {
                    "category": "Commentary", 
                    "sourceHeRef": "רש\"י על בכורות ס׳ ב:ס״ו:א׳", 
                    "index_title": "Rashi on Bekhorot", 
                    "sourceRef": "Rashi on Bekhorot 60b:66:1"
                }
            ], 
            "text": ""
        }
    ], 
    "heRef": "בכורות ס׳ ב", 
    "toSections": [
        "60b"
    ], 
    "sectionRef": "Bekhorot 60b", 
    "title": "Bekhorot 60b", 
    "lengths": [
        119, 
        6174
    ], 
    "next": "Bekhorot 61a", 
    "heBook": "בכורות", 
    "book": "Bekhorot", 
    "prev": "Bekhorot 60a", 
    "textDepth": 2, 
    "sectionNames": [
        "Daf", 
        "Line"
    ], 
    "sections": [
        "60b"
    ], 
    "isComplex": false, 
    "titleVariants": [
        "Bekhorot", 
        "Talmud Bekhorot", 
        "Tractate Bekhorot", 
        "Bechorot", 
        "Masekhet Bekhorot"
    ], 
    "categories": [
        "Talmud", 
        "Bavli", 
        "Seder Kodashim"
    ], 
    "ref": "Bekhorot 60b", 
    "type": "Talmud", 
    "addressTypes": [
        "Talmud", 
        "Integer"
    ], 
    "length": 119, 
    "indexTitle": "Bekhorot", 
    "heIndexTitle": "בכורות", 
    "alts": [], 
    "order": [
        31, 
        4
    ]
}