{
    "heTitleVariants": [
        "בכורות"
    ], 
    "heTitle": "בכורות ל״ז א", 
    "content": [
        {
            "segmentNumber": "1", 
            "he": "לאפוקי מדרבי יוסי", 
            "links": [
                {
                    "category": "Commentary", 
                    "sourceHeRef": "רש\"י על בכורות ל״ז א:א׳:א׳", 
                    "sourceRef": "Rashi on Bekhorot 37a:1:1", 
                    "ref": "Rashi on Bekhorot 37a:1:1"
                }
            ], 
            "text": ""
        }, 
        {
            "segmentNumber": "2", 
            "he": "שלשה מפירין את הנדר במקום שאין חכם לאפוקי מדרבי יהודה דתניא", 
            "links": [
                {
                    "category": "Commentary", 
                    "sourceHeRef": "תוספות על בכורות ל״ז א:ב׳:א׳", 
                    "sourceRef": "Tosafot on Bekhorot 37a:2:1", 
                    "ref": "Tosafot on Bekhorot 37a:2:1"
                }, 
                {
                    "category": "Commentary", 
                    "sourceHeRef": "רש\"י על בכורות ל״ז א:ב׳:א׳", 
                    "sourceRef": "Rashi on Bekhorot 37a:2:1", 
                    "ref": "Rashi on Bekhorot 37a:2:1"
                }
            ], 
            "text": ""
        }, 
        {
            "segmentNumber": "3", 
            "he": "הפרת נדרים בג' ר' יהודה אומר", 
            "links": [], 
            "text": ""
        }, 
        {
            "segmentNumber": "4", 
            "he": "אחד מהם חכם", 
            "links": [], 
            "text": ""
        }, 
        {
            "segmentNumber": "5", 
            "he": "במקום שאין חכם כגון מאן", 
            "links": [
                {
                    "category": "Commentary", 
                    "sourceHeRef": "רש\"י על בכורות ל״ז א:ה׳:א׳", 
                    "sourceRef": "Rashi on Bekhorot 37a:5:1", 
                    "ref": "Rashi on Bekhorot 37a:5:1"
                }
            ], 
            "text": ""
        }, 
        {
            "segmentNumber": "6", 
            "he": "אמר רב נחמן", 
            "links": [], 
            "text": ""
        }, 
        {
            "segmentNumber": "7", 
            "he": "כגון אנא", 
            "links": [], 
            "text": ""
        }, 
        {
            "segmentNumber": "8", 
            "he": "ר' יהודה אומר", 
            "links": [
                {
                    "category": "Commentary", 
                    "sourceHeRef": " פסקי הראש על בכורות ה׳:י״ג:א׳", 
                    "sourceRef": "Rosh on Bekhorot 5:13:1", 
                    "ref": "Rosh on Bekhorot 5:13:1"
                }
            ], 
            "text": ""
        }, 
        {
            "segmentNumber": "9", 
            "he": "אחד מהן חכם מכלל דהנך כל דהו", 
            "links": [
                {
                    "category": "Commentary", 
                    "sourceHeRef": "רש\"י על בכורות ל״ז א:ט׳:א׳", 
                    "sourceRef": "Rashi on Bekhorot 37a:9:1", 
                    "ref": "Rashi on Bekhorot 37a:9:1"
                }
            ], 
            "text": ""
        }, 
        {
            "segmentNumber": "10", 
            "he": "אמר רבינא", 
            "links": [], 
            "text": ""
        }, 
        {
            "segmentNumber": "11", 
            "he": "דמסתברי ליה וסבר:", 
            "links": [
                {
                    "category": "Commentary", 
                    "sourceHeRef": "רש\"י על בכורות ל״ז א:י״א:א׳", 
                    "sourceRef": "Rashi on Bekhorot 37a:11:1", 
                    "ref": "Rashi on Bekhorot 37a:11:1"
                }
            ], 
            "text": ""
        }, 
        {
            "segmentNumber": "12", 
            "he": "רבי יוסי אומר אפילו יש שם כ\"ג כו':", 
            "links": [], 
            "text": ""
        }, 
        {
            "segmentNumber": "13", 
            "he": "אמר רב חננאל אמר רב", 
            "links": [], 
            "text": ""
        }, 
        {
            "segmentNumber": "14", 
            "he": "אין הלכה כרבי יוסי", 
            "links": [], 
            "text": ""
        }, 
        {
            "segmentNumber": "15", 
            "he": "פשיטא יחיד ורבים הלכה כרבים", 
            "links": [], 
            "text": ""
        }, 
        {
            "segmentNumber": "16", 
            "he": "מהו דתימא", 
            "links": [
                {
                    "category": "Commentary", 
                    "sourceHeRef": "רש\"י על בכורות ל״ז א:ט״ז:א׳", 
                    "sourceRef": "Rashi on Bekhorot 37a:16:1", 
                    "ref": "Rashi on Bekhorot 37a:16:1"
                }
            ], 
            "text": ""
        }, 
        {
            "segmentNumber": "17", 
            "he": "נמוקו עמו קמ\"ל", 
            "links": [
                {
                    "category": "Commentary", 
                    "sourceHeRef": "רש\"י על בכורות ל״ז א:י״ז:א׳", 
                    "sourceRef": "Rashi on Bekhorot 37a:17:1", 
                    "ref": "Rashi on Bekhorot 37a:17:1"
                }
            ], 
            "text": ""
        }, 
        {
            "segmentNumber": "18", 
            "he": "תפשוט מהא דהך קמייתא משמיה דשמואל איתמר דאי משמיה דרב תרתי למה לי", 
            "links": [
                {
                    "category": "Commentary", 
                    "sourceHeRef": "רש\"י על בכורות ל״ז א:י״ח:א׳", 
                    "sourceRef": "Rashi on Bekhorot 37a:18:1", 
                    "ref": "Rashi on Bekhorot 37a:18:1"
                }
            ], 
            "text": ""
        }, 
        {
            "segmentNumber": "19", 
            "he": "חדא מכלל דחבירתה איתמר:", 
            "links": [], 
            "text": ""
        }, 
        {
            "segmentNumber": "20", 
            "he": "<big><strong>מתני׳</strong></big> השוחט את הבכור ונודע שלא הראהו מה שאכלו אכלו ויחזיר להם הדמים", 
            "links": [
                {
                    "category": "Commentary", 
                    "sourceHeRef": "רש\"י על בכורות ל״ז א:כ׳:א׳", 
                    "sourceRef": "Rashi on Bekhorot 37a:20:1", 
                    "ref": "Rashi on Bekhorot 37a:20:1"
                }, 
                {
                    "category": "Commentary", 
                    "sourceHeRef": " פסקי הראש על בכורות ה׳:י״ב:א׳", 
                    "sourceRef": "Rosh on Bekhorot 5:12:1", 
                    "ref": "Rosh on Bekhorot 5:12:1"
                }, 
                {
                    "category": "Commentary", 
                    "sourceHeRef": "רש\"י על בכורות ל״ז א:כ׳:ב׳", 
                    "sourceRef": "Rashi on Bekhorot 37a:20:2", 
                    "ref": "Rashi on Bekhorot 37a:20:2"
                }, 
                {
                    "category": "Commentary", 
                    "sourceHeRef": "רש\"י על בכורות ל״ז א:כ׳:ג׳", 
                    "sourceRef": "Rashi on Bekhorot 37a:20:3", 
                    "ref": "Rashi on Bekhorot 37a:20:3"
                }, 
                {
                    "category": "Commentary", 
                    "sourceHeRef": "רש\"י על בכורות ל״ז א:כ׳:ד׳", 
                    "sourceRef": "Rashi on Bekhorot 37a:20:4", 
                    "ref": "Rashi on Bekhorot 37a:20:4"
                }
            ], 
            "text": ""
        }, 
        {
            "segmentNumber": "21", 
            "he": "ומה שלא אכלו הבשר יקבר ויחזיר את הדמים", 
            "links": [
                {
                    "category": "Commentary", 
                    "sourceHeRef": "רש\"י על בכורות ל״ז א:כ״א:א׳", 
                    "sourceRef": "Rashi on Bekhorot 37a:21:1", 
                    "ref": "Rashi on Bekhorot 37a:21:1"
                }
            ], 
            "text": ""
        }, 
        {
            "segmentNumber": "22", 
            "he": "וכן השוחט את הפרה ומכרה ונודע שהיא טרפה מה שאכלו אכלו ומה שלא אכלו הם יחזירו לו את הבשר והוא יחזיר להם את הדמים", 
            "links": [], 
            "text": ""
        }, 
        {
            "segmentNumber": "23", 
            "he": "מכרוהו לעובד כוכבים או הטילוהו לכלבים ישלמו דמי טרפה:", 
            "links": [
                {
                    "category": "Commentary", 
                    "sourceHeRef": "רש\"י על בכורות ל״ז א:כ״ג:א׳", 
                    "sourceRef": "Rashi on Bekhorot 37a:23:1", 
                    "ref": "Rashi on Bekhorot 37a:23:1"
                }
            ], 
            "text": ""
        }, 
        {
            "segmentNumber": "24", 
            "he": "<big><strong>גמ׳</strong></big> ת\"ר", 
            "links": [], 
            "text": ""
        }, 
        {
            "segmentNumber": "25", 
            "he": "המוכר בשר לחבירו ונמצא בשר בכור פירות ונמצא טבלים יין ונמצא יין נסך מה שאכלו אכלו ויחזיר להם את הדמים", 
            "links": [], 
            "text": ""
        }, 
        {
            "segmentNumber": "26", 
            "he": "ר' שמעון בן אלעזר אומר", 
            "links": [], 
            "text": ""
        }, 
        {
            "segmentNumber": "27", 
            "he": "דברים שהנפש קצה בהן יחזיר להן את הדמים ושאין הנפש קצה בהם ינכה להם את הדמים", 
            "links": [
                {
                    "category": "Commentary", 
                    "sourceHeRef": "רש\"י על בכורות ל״ז א:כ״ז:א׳", 
                    "sourceRef": "Rashi on Bekhorot 37a:27:1", 
                    "ref": "Rashi on Bekhorot 37a:27:1"
                }
            ], 
            "text": ""
        }, 
        {
            "segmentNumber": "28", 
            "he": "ואלו הן דברים שהנפש קצה בהן", 
            "links": [], 
            "text": ""
        }, 
        {
            "segmentNumber": "29", 
            "he": "נבילות וטריפות שקצים ורמשים", 
            "links": [], 
            "text": ""
        }, 
        {
            "segmentNumber": "30", 
            "he": "ואלו הן דברים שאין הנפש קצה בהן", 
            "links": [], 
            "text": ""
        }, 
        {
            "segmentNumber": "31", 
            "he": "בכורות טבלים ויין נסך", 
            "links": [
                {
                    "category": "Commentary", 
                    "sourceHeRef": "תוספות על בכורות ל״ז א:ל״א:א׳", 
                    "sourceRef": "Tosafot on Bekhorot 37a:31:1", 
                    "ref": "Tosafot on Bekhorot 37a:31:1"
                }
            ], 
            "text": ""
        }, 
        {
            "segmentNumber": "32", 
            "he": "בכור ולימא ליה", 
            "links": [
                {
                    "category": "Commentary", 
                    "sourceHeRef": "רש\"י על בכורות ל״ז א:ל״ב:א׳", 
                    "sourceRef": "Rashi on Bekhorot 37a:32:1", 
                    "ref": "Rashi on Bekhorot 37a:32:1"
                }
            ], 
            "text": ""
        }, 
        {
            "segmentNumber": "33", 
            "he": "מאי אפסדתך", 
            "links": [], 
            "text": ""
        }, 
        {
            "segmentNumber": "34", 
            "he": "לא צריכא כגון דזבין ליה ממקום מומא דא\"ל", 
            "links": [
                {
                    "category": "Commentary", 
                    "sourceHeRef": "רש\"י על בכורות ל״ז א:ל״ד:א׳", 
                    "sourceRef": "Rashi on Bekhorot 37a:34:1", 
                    "ref": "Rashi on Bekhorot 37a:34:1"
                }
            ], 
            "text": ""
        }, 
        {
            "segmentNumber": "35", 
            "he": "אי לאו דאכלת הוה מחזינא ליה ושרי ניהליה כרבי יהודה", 
            "links": [
                {
                    "category": "Commentary", 
                    "sourceHeRef": "רש\"י על בכורות ל״ז א:ל״ה:א׳", 
                    "sourceRef": "Rashi on Bekhorot 37a:35:1", 
                    "ref": "Rashi on Bekhorot 37a:35:1"
                }
            ], 
            "text": ""
        }, 
        {
            "segmentNumber": "36", 
            "he": "טבלים הוה מתקיננא להו ואכלנא להו", 
            "links": [], 
            "text": ""
        }, 
        {
            "segmentNumber": "37", 
            "he": "יין נסך על ידי תערובת וכרשב\"ג", 
            "links": [], 
            "text": ""
        }, 
        {
            "segmentNumber": "38", 
            "he": "דתנן", 
            "links": [], 
            "text": ""
        }, 
        {
            "segmentNumber": "39", 
            "he": "יין נסך שנפל לבור כולו אסור בהנאה רבן שמעון בן גמליאל אומר", 
            "links": [], 
            "text": ""
        }, 
        {
            "segmentNumber": "40", 
            "he": "ימכר כולו לעובדי כוכבים חוץ מדמי יי\"נ שבו:", 
            "links": [], 
            "text": ""
        }, 
        {
            "segmentNumber": "41", 
            "he": "<br><br><big><strong>הדרן עלך כל פסולי המוקדשין</strong></big><br><br>", 
            "links": [], 
            "text": ""
        }, 
        {
            "segmentNumber": "42", 
            "he": "מתני׳ <big><strong>על</strong></big> אלו מומין שוחטין את הבכור", 
            "links": [
                {
                    "category": "Commentary", 
                    "sourceHeRef": "רש\"י על בכורות ל״ז א:מ״ב:א׳", 
                    "sourceRef": "Rashi on Bekhorot 37a:42:1", 
                    "ref": "Rashi on Bekhorot 37a:42:1"
                }, 
                {
                    "category": "Commentary", 
                    "sourceHeRef": "רש\"י על בכורות ל״ז א:מ״ב:ב׳", 
                    "sourceRef": "Rashi on Bekhorot 37a:42:2", 
                    "ref": "Rashi on Bekhorot 37a:42:2"
                }
            ], 
            "text": ""
        }, 
        {
            "segmentNumber": "43", 
            "he": "נפגמה אזנו מן החסחוס אבל לא העור", 
            "links": [
                {
                    "category": "Commentary", 
                    "sourceHeRef": "תוספות על בכורות ל״ז א:מ״ג:א׳", 
                    "sourceRef": "Tosafot on Bekhorot 37a:43:1", 
                    "ref": "Tosafot on Bekhorot 37a:43:1"
                }, 
                {
                    "category": "Commentary", 
                    "sourceHeRef": "רש\"י על בכורות ל״ז א:מ״ג:א׳", 
                    "sourceRef": "Rashi on Bekhorot 37a:43:1", 
                    "ref": "Rashi on Bekhorot 37a:43:1"
                }, 
                {
                    "category": "Commentary", 
                    "sourceHeRef": "רש\"י על בכורות ל״ז א:מ״ג:ב׳", 
                    "sourceRef": "Rashi on Bekhorot 37a:43:2", 
                    "ref": "Rashi on Bekhorot 37a:43:2"
                }
            ], 
            "text": ""
        }, 
        {
            "segmentNumber": "44", 
            "he": "נסדקה אעפ\"י שלא חסרה", 
            "links": [], 
            "text": ""
        }, 
        {
            "segmentNumber": "45", 
            "he": "ניקבה מלא כרשינה או שיבשה", 
            "links": [], 
            "text": ""
        }, 
        {
            "segmentNumber": "46", 
            "he": "איזהו יבשה", 
            "links": [], 
            "text": ""
        }, 
        {
            "segmentNumber": "47", 
            "he": "כל שתנקב ואינה מוציאה טיפת דם", 
            "links": [], 
            "text": ""
        }, 
        {
            "segmentNumber": "48", 
            "he": "ר' יוסי בן המשולם אומר", 
            "links": [], 
            "text": ""
        }, 
        {
            "segmentNumber": "49", 
            "he": "יבשה שתהא נפרכת:", 
            "links": [
                {
                    "category": "Commentary", 
                    "sourceHeRef": "רש\"י על בכורות ל״ז א:מ״ט:א׳", 
                    "sourceRef": "Rashi on Bekhorot 37a:49:1", 
                    "ref": "Rashi on Bekhorot 37a:49:1"
                }
            ], 
            "text": ""
        }, 
        {
            "segmentNumber": "50", 
            "he": "<big><strong>גמ׳</strong></big> אמאי", 
            "links": [], 
            "text": ""
        }, 
        {
            "segmentNumber": "51", 
            "he": "{דברים טו } פסח ועור כתיב", 
            "links": [
                {
                    "category": "Tanach", 
                    "sourceHeRef": "דברים ט״ו", 
                    "sourceRef": "Deuteronomy 15", 
                    "ref": "Deuteronomy 15"
                }
            ], 
            "text": ""
        }, 
        {
            "segmentNumber": "52", 
            "he": "כתיב נמי", 
            "links": [
                {
                    "category": "Commentary", 
                    "sourceHeRef": "רש\"י על בכורות ל״ז א:נ״ב:א׳", 
                    "sourceRef": "Rashi on Bekhorot 37a:52:1", 
                    "ref": "Rashi on Bekhorot 37a:52:1"
                }
            ], 
            "text": ""
        }, 
        {
            "segmentNumber": "53", 
            "he": "(דברים טו, כא) כי יהיה בו מום", 
            "links": [
                {
                    "category": "Tanach", 
                    "sourceHeRef": "דברים ט״ו:כ״א", 
                    "sourceRef": "Deuteronomy 15:21", 
                    "ref": "Deuteronomy 15:21"
                }
            ], 
            "text": ""
        }, 
        {
            "segmentNumber": "54", 
            "he": "ואימא", 
            "links": [], 
            "text": ""
        }, 
        {
            "segmentNumber": "55", 
            "he": "כי יהיה בו מום כלל פסח או עור פרט כלל ופרט אין בכלל אלא מה שבפרט", 
            "links": [], 
            "text": ""
        }, 
        {
            "segmentNumber": "56", 
            "he": "פסח ועור אין מידי אחרינא לא", 
            "links": [], 
            "text": ""
        }, 
        {
            "segmentNumber": "57", 
            "he": "(דברים טו, כא) כל מום רע חזר וכלל", 
            "links": [
                {
                    "category": "Tanach", 
                    "sourceHeRef": "דברים ט״ו:כ״א", 
                    "sourceRef": "Deuteronomy 15:21", 
                    "ref": "Deuteronomy 15:21"
                }
            ], 
            "text": ""
        }, 
        {
            "segmentNumber": "58", 
            "he": "כלל ופרט וכלל אי אתה דן אלא כעין הפרט מה הפרט מפורש מומין שבגלוי ואינן חוזרין אף כל מומין שבגלוי ואינן חוזרין", 
            "links": [
                {
                    "category": "Commentary", 
                    "sourceHeRef": "תוספות על בכורות ל״ז א:נ״ח:א׳", 
                    "sourceRef": "Tosafot on Bekhorot 37a:58:1", 
                    "ref": "Tosafot on Bekhorot 37a:58:1"
                }
            ], 
            "text": ""
        }, 
        {
            "segmentNumber": "59", 
            "he": "ואימא", 
            "links": [], 
            "text": ""
        }, 
        {
            "segmentNumber": "60", 
            "he": "מה הפרט מפורש מומין שבגלוי ובוטל ממלאכתו ואינו חוזר אף כל מומין שבגלוי ובוטל ממלאכתו ואינו חוזר", 
            "links": [
                {
                    "category": "Commentary", 
                    "sourceHeRef": "רש\"י על בכורות ל״ז א:ס׳:א׳", 
                    "sourceRef": "Rashi on Bekhorot 37a:60:1", 
                    "ref": "Rashi on Bekhorot 37a:60:1"
                }
            ], 
            "text": ""
        }, 
        {
            "segmentNumber": "61", 
            "he": "אלמה תנן", 
            "links": [
                {
                    "category": "Commentary", 
                    "sourceHeRef": "רש\"י על בכורות ל״ז א:ס״א:א׳", 
                    "sourceRef": "Rashi on Bekhorot 37a:61:1", 
                    "ref": "Rashi on Bekhorot 37a:61:1"
                }
            ], 
            "text": ""
        }, 
        {
            "segmentNumber": "62", 
            "he": "נפגמה אזנו מן החסחוס ולא מן העור", 
            "links": [
                {
                    "category": "Commentary", 
                    "sourceHeRef": " פסקי הראש על בכורות ו׳:א׳:א׳", 
                    "sourceRef": "Rosh on Bekhorot 6:1:1", 
                    "ref": "Rosh on Bekhorot 6:1:1"
                }
            ], 
            "text": ""
        }, 
        {
            "segmentNumber": "63", 
            "he": "כל מום רע ריבויא הוא", 
            "links": [
                {
                    "category": "Commentary", 
                    "sourceHeRef": "רש\"י על בכורות ל״ז א:ס״ג:א׳", 
                    "sourceRef": "Rashi on Bekhorot 37a:63:1", 
                    "ref": "Rashi on Bekhorot 37a:63:1"
                }
            ], 
            "text": ""
        }, 
        {
            "segmentNumber": "64", 
            "he": "אי הכי מומין שבסתר נמי", 
            "links": [
                {
                    "category": "Commentary", 
                    "sourceHeRef": "רש\"י על בכורות ל״ז א:ס״ד:א׳", 
                    "sourceRef": "Rashi on Bekhorot 37a:64:1", 
                    "ref": "Rashi on Bekhorot 37a:64:1"
                }
            ], 
            "text": ""
        }, 
        {
            "segmentNumber": "65", 
            "he": "אלמה תנן", 
            "links": [], 
            "text": ""
        }, 
        {
            "segmentNumber": "66", 
            "he": "חוטין החיצונות שנפגמו ושנגממו והפנימיות שנעקרו", 
            "links": [
                {
                    "category": "Commentary", 
                    "sourceHeRef": "רש\"י על בכורות ל״ז א:ס״ו:א׳", 
                    "sourceRef": "Rashi on Bekhorot 37a:66:1", 
                    "ref": "Rashi on Bekhorot 37a:66:1"
                }, 
                {
                    "category": "Commentary", 
                    "sourceHeRef": "רש\"י על בכורות ל״ז א:ס״ו:ב׳", 
                    "sourceRef": "Rashi on Bekhorot 37a:66:2", 
                    "ref": "Rashi on Bekhorot 37a:66:2"
                }, 
                {
                    "category": "Commentary", 
                    "sourceHeRef": "רש\"י על בכורות ל״ז א:ס״ו:ג׳", 
                    "sourceRef": "Rashi on Bekhorot 37a:66:3", 
                    "ref": "Rashi on Bekhorot 37a:66:3"
                }, 
                {
                    "category": "Commentary", 
                    "sourceHeRef": "רש\"י על בכורות ל״ז א:ס״ו:ד׳", 
                    "sourceRef": "Rashi on Bekhorot 37a:66:4", 
                    "ref": "Rashi on Bekhorot 37a:66:4"
                }, 
                {
                    "category": "Commentary", 
                    "sourceHeRef": "רש\"י על בכורות ל״ז א:ס״ו:ה׳", 
                    "sourceRef": "Rashi on Bekhorot 37a:66:5", 
                    "ref": "Rashi on Bekhorot 37a:66:5"
                }
            ], 
            "text": ""
        }
    ], 
    "heRef": "בכורות ל״ז א", 
    "toSections": [
        "37a"
    ], 
    "sectionRef": "Bekhorot 37a", 
    "title": "Bekhorot 37a", 
    "lengths": [
        119, 
        6174
    ], 
    "next": "Bekhorot 37b", 
    "heBook": "בכורות", 
    "book": "Bekhorot", 
    "prev": "Bekhorot 36b", 
    "textDepth": 2, 
    "sectionNames": [
        "Daf", 
        "Line"
    ], 
    "sections": [
        "37a"
    ], 
    "isComplex": false, 
    "titleVariants": [
        "Talmud Bekhorot", 
        "Tractate Bekhorot", 
        "Bekhorot", 
        "Masekhet Bekhorot"
    ], 
    "categories": [
        "Talmud", 
        "Bavli", 
        "Seder Kodashim"
    ], 
    "ref": "Bekhorot 37a", 
    "type": "Talmud", 
    "addressTypes": [
        "Talmud", 
        "Integer"
    ], 
    "length": 119, 
    "indexTitle": "Bekhorot", 
    "heIndexTitle": "בכורות", 
    "alts": [], 
    "order": [
        31, 
        4
    ]
}