{
    "heTitleVariants": [
        " חידושי הלכות על מסכת ברכות"
    ], 
    "heTitle": " חידושי הלכות על מסכת ברכות י״ג ב", 
    "content": [
        {
            "segmentNumber": "1", 
            "he": " בד\"ה על לבבך כו' לאו דאי היה יושב עומד אלא דאם היה מהלך בדרך עומד אע\"ג דב\"ה כו' כצ\"ל: ", 
            "links": [], 
            "text": ""
        }, 
        {
            "segmentNumber": "2", 
            "he": "גמרא אימא סיפא ובאמצע שואל מפני היראה ומשיב כו' מאי כו' אלא מפני הכבוד כו' ק\"ק דאימא בסיפא נמי משיב שלום לכל אדם ובהא פליג עליה דר\"י ויש ליישב וק\"ל: \n", 
            "links": [
                {
                    "category": "Talmud", 
                    "sourceHeRef": "ברכות י״ג ב:פ׳", 
                    "index_title": "Berakhot", 
                    "sourceRef": "Berakhot 13b:80"
                }
            ], 
            "text": ""
        }
    ], 
    "heRef": " חידושי הלכות על מסכת ברכות י״ג ב", 
    "toSections": [
        "13b"
    ], 
    "sectionRef": "Chidushei Halachot on Berakhot 13b", 
    "title": "Chidushei Halachot on Berakhot 13b", 
    "next": "Chidushei Halachot on Berakhot 14a", 
    "heBook": " חידושי הלכות על מסכת ברכות", 
    "book": "Chidushei Halachot on Berakhot", 
    "prev": "Chidushei Halachot on Berakhot 13a", 
    "textDepth": 2, 
    "sectionNames": [
        "Daf", 
        "Peirush"
    ], 
    "sections": [
        "13b"
    ], 
    "isComplex": false, 
    "titleVariants": [
        "Chidushei Halachot on Berakhot"
    ], 
    "categories": [
        "Commentary2", 
        "Talmud", 
        "Chidushei Halachot"
    ], 
    "ref": "Chidushei Halachot on Berakhot 13b", 
    "type": "Commentary2", 
    "addressTypes": [
        "Talmud", 
        "Integer"
    ], 
    "indexTitle": "Chidushei Halachot on Berakhot", 
    "heIndexTitle": " חידושי הלכות על מסכת ברכות", 
    "alts": [], 
    "order": ""
}