{
    "heTitleVariants": [
        "כסף משנה על משנה תורה, הלכות קרבן פסח"
    ], 
    "heTitle": "כסף משנה על משנה תורה, הלכות קרבן פסח", 
    "heRef": "כסף משנה על משנה תורה, הלכות קרבן פסח ז׳", 
    "toSections": [
        7
    ], 
    "sectionRef": "Kessef Mishneh on Mishneh Torah, Paschal Offering 7", 
    "next": "Kessef Mishneh on Mishneh Torah, Paschal Offering 8:2", 
    "content": [
        {
            "segmentNumber": "1", 
            "he": [
                "<b>רבים שהיו טמאי מת בפסח ראשון וכו'.</b> משנה בפרק כיצד צולין (דף ע''ט). \n", 
                "<b>ומ''ש או כלי שרת טמאים.</b> שם בברייתא. \n", 
                "<b>ומ''ש ודבר זה בטומאת המת בלבד כמו שביארנו בביאת המקדש.</b> פ''ד: \n\n"
            ], 
            "links": [
                {
                    "category": "Halakhah", 
                    "sourceHeRef": "משנה תורה, הלכות קרבן פסח ז׳:א׳", 
                    "index_title": "Mishneh Torah, Paschal Offering", 
                    "sourceRef": "Mishneh Torah, Paschal Offering 7:1"
                }, 
                {
                    "category": "Halakhah", 
                    "sourceHeRef": "משנה תורה, הלכות קרבן פסח ז׳:א׳", 
                    "index_title": "Mishneh Torah, Paschal Offering", 
                    "sourceRef": "Mishneh Torah, Paschal Offering 7:1"
                }, 
                {
                    "category": "Halakhah", 
                    "sourceHeRef": "משנה תורה, הלכות קרבן פסח ז׳:א׳", 
                    "index_title": "Mishneh Torah, Paschal Offering", 
                    "sourceRef": "Mishneh Torah, Paschal Offering 7:1"
                }
            ], 
            "text": ""
        }, 
        {
            "segmentNumber": "2", 
            "he": [
                "<b>היו הקהל מחצה טהורים ומחצה טמאי מת וכו'.</b> שם פלוגתא דאמוראי ופסק כרב. \n", 
                "<b>ומ''ש ואוכלים אותו בטומאה.</b> משנה שם (דף ע''ו:) הפסח שבא בטומאה נאכל בטומאה שלא בא מתחלתו אלא לאכילה. \n", 
                "<b>ומ''ש היו טמאי מת עודפים על הטהורים אפילו אחד יעשו כולם בטומאה.</b> שם (דף ע''ט) פלוגתא דתנאי בברייתא ופסק כת''ק: \n\n"
            ], 
            "links": [
                {
                    "category": "Halakhah", 
                    "sourceHeRef": "משנה תורה, הלכות קרבן פסח ז׳:ב׳", 
                    "index_title": "Mishneh Torah, Paschal Offering", 
                    "sourceRef": "Mishneh Torah, Paschal Offering 7:2"
                }, 
                {
                    "category": "Halakhah", 
                    "sourceHeRef": "משנה תורה, הלכות קרבן פסח ז׳:ב׳", 
                    "index_title": "Mishneh Torah, Paschal Offering", 
                    "sourceRef": "Mishneh Torah, Paschal Offering 7:2"
                }, 
                {
                    "category": "Halakhah", 
                    "sourceHeRef": "משנה תורה, הלכות קרבן פסח ז׳:ב׳", 
                    "index_title": "Mishneh Torah, Paschal Offering", 
                    "sourceRef": "Mishneh Torah, Paschal Offering 7:2"
                }
            ], 
            "text": ""
        }, 
        {
            "segmentNumber": "3", 
            "he": [
                "<b>היו האנשים מחצה טמאי מת ומחצה טהורים וכו'.</b> שם בדף הנזכר מתרצינן הכי ברייתא אליבא דרב דקי''ל כוותיה: \n\n"
            ], 
            "links": [
                {
                    "category": "Halakhah", 
                    "sourceHeRef": "משנה תורה, הלכות קרבן פסח ז׳:ג׳", 
                    "index_title": "Mishneh Torah, Paschal Offering", 
                    "sourceRef": "Mishneh Torah, Paschal Offering 7:3"
                }
            ], 
            "text": ""
        }, 
        {
            "segmentNumber": "4", 
            "he": [
                "<b>היה רוב הקהל זבים וכו'. ומיעוטן טמאי מת וכו'.</b> שם (דף פ') מימרא דרב: \n\n"
            ], 
            "links": [
                {
                    "category": "Halakhah", 
                    "sourceHeRef": "משנה תורה, הלכות קרבן פסח ז׳:ד׳", 
                    "index_title": "Mishneh Torah, Paschal Offering", 
                    "sourceRef": "Mishneh Torah, Paschal Offering 7:4"
                }
            ], 
            "text": ""
        }, 
        {
            "segmentNumber": "5", 
            "he": [
                "<b>היו רוב הקהל טמאי מת ומיעוטן זבים וכו'.</b> שם בדף הנזכר פלוגתא דאמוראי ופסק כרב הונא: \n\n"
            ], 
            "links": [
                {
                    "category": "Halakhah", 
                    "sourceHeRef": "משנה תורה, הלכות קרבן פסח ז׳:ה׳", 
                    "index_title": "Mishneh Torah, Paschal Offering", 
                    "sourceRef": "Mishneh Torah, Paschal Offering 7:5"
                }
            ], 
            "text": ""
        }, 
        {
            "segmentNumber": "6", 
            "he": [
                "<b>היו שליש הקהל טהורים וכו'.</b> שם בדף הנזכר: \n", 
                "<b>כיצד משערים הפסח וכו'.</b> פרק מי שהיה (דף צ''ד:) בטמאים הלך אחר רוב העומדים בעזרה. ובירושלמי פ' כיצד צולין (הלכה ו') לטומאה הלכו אחר רוב נכנסים לעזרה מה בכל כת וכת משערים או אין משערין אלא כת הראשונה בלבד א''ר יוסי ב''ר בון עד שהם מבחוץ הן משערין את עצמן: \n\n"
            ], 
            "links": [
                {
                    "category": "Halakhah", 
                    "sourceHeRef": "משנה תורה, הלכות קרבן פסח ז׳:ו׳", 
                    "index_title": "Mishneh Torah, Paschal Offering", 
                    "sourceRef": "Mishneh Torah, Paschal Offering 7:6"
                }, 
                {
                    "category": "Halakhah", 
                    "sourceHeRef": "משנה תורה, הלכות קרבן פסח ז׳:ו׳", 
                    "index_title": "Mishneh Torah, Paschal Offering", 
                    "sourceRef": "Mishneh Torah, Paschal Offering 7:6"
                }
            ], 
            "text": ""
        }, 
        {
            "segmentNumber": "7", 
            "he": [
                "<b>יחיד שנטמא בספק רה''י וכו' וצבור שנטמא בספק רשות היחיד וכו'.</b> ירושלמי סוף פרק האשה יחיד שנטמא בספק רה''י בפסח ר' הושעיא רבה אמר ידחה לפסח שני ר''י אמר משלחין אותו לדרך רחוקה וכו' צבור שנטמא בספק רשות היחיד בפסח ר''י אמר יעשו בספיקן רבי הושעיא רבה אמר יעשו בטומאה אף רבי הושעיא מודה שיעשו בספיקן לא אמר רבי הושעיא אלא לחומרן ופסק רבינו כרבי הושעיא דרביה דר''י הוא: \n\n"
            ], 
            "links": [
                {
                    "category": "Halakhah", 
                    "sourceHeRef": "משנה תורה, הלכות קרבן פסח ז׳:ז׳", 
                    "index_title": "Mishneh Torah, Paschal Offering", 
                    "sourceRef": "Mishneh Torah, Paschal Offering 7:7"
                }
            ], 
            "text": ""
        }, 
        {
            "segmentNumber": "8", 
            "he": [
                "<b>פסח שהקריבוהו בטומאה הרי זה נאכל בטהרה וכו'.</b> משנה בפרק כיצד צולין (דף ע''ו:). ויש טעות סופר בספרי רבינו וצריך להגיה ולמחוק בטהרה ולכתוב במקומו בטומאה: \n", 
                "<b>ואינו נאכל לכל טמא אלא לטמאי מת וכו'.</b> משנה בפרק מי שהיה טמא (דף צ''ה:) הפסח שבא בטומאה לא יאכלו ממנו זבים וזבות נדות ויולדות ואם אכלו פטורים ומשמע לרבינו דלא מיעטה המשנה אלא דוקא הני טמאים שטומאה יוצאה מגופם אבל שאר טמאים שאין טומאה יוצאה מגופם יאכלו והכי אמרינן בפרק חמישי דבכורות (דף ל''ג:) על משנה זו דפליג רחמנא בין טומאה יוצאה עליו מגופו לאין טומאה יוצאה עליו מגופו. \n", 
                "<b>ומה שכתב מפי השמועה למדו שהנאכל לטהורים וכו'.</b> פרק מי שהיה בגמרא. \n", 
                "<b>ומה שכתב אפילו אכלו טמאי המת מהאימורים שלו פטורים.</b> שם בעיא דאיפשיטא: \n", 
                "<b>במה דברים אמורים שהפסח יאכל בטומאה וכו'.</b> נלמד ממה שיבא בסמוך: \n\n"
            ], 
            "links": [
                {
                    "category": "Halakhah", 
                    "sourceHeRef": "משנה תורה, הלכות קרבן פסח ז׳:ח׳", 
                    "index_title": "Mishneh Torah, Paschal Offering", 
                    "sourceRef": "Mishneh Torah, Paschal Offering 7:8"
                }, 
                {
                    "category": "Halakhah", 
                    "sourceHeRef": "משנה תורה, הלכות קרבן פסח ז׳:ח׳", 
                    "index_title": "Mishneh Torah, Paschal Offering", 
                    "sourceRef": "Mishneh Torah, Paschal Offering 7:8"
                }, 
                {
                    "category": "Halakhah", 
                    "sourceHeRef": "משנה תורה, הלכות קרבן פסח ז׳:ח׳", 
                    "index_title": "Mishneh Torah, Paschal Offering", 
                    "sourceRef": "Mishneh Torah, Paschal Offering 7:8"
                }, 
                {
                    "category": "Halakhah", 
                    "sourceHeRef": "משנה תורה, הלכות קרבן פסח ז׳:ח׳", 
                    "index_title": "Mishneh Torah, Paschal Offering", 
                    "sourceRef": "Mishneh Torah, Paschal Offering 7:8"
                }, 
                {
                    "category": "Halakhah", 
                    "sourceHeRef": "משנה תורה, הלכות קרבן פסח ז׳:ח׳", 
                    "index_title": "Mishneh Torah, Paschal Offering", 
                    "sourceRef": "Mishneh Torah, Paschal Offering 7:8"
                }
            ], 
            "text": ""
        }, 
        {
            "segmentNumber": "9", 
            "he": [
                "<b>ומ''ש שחטוהו בטהרה ונטמאו רוב הצבור קודם זריקת הדם וכו'.</b> בפרק כיצד צולין (דף ע''ח:). וקשה שדברי רבינו סותרים זה את זה שבתחלה כתב בד''א שהפסח יאכל בטומאה כשנטמאו הצבור קודם זריקת הדם ואח''כ כתב שחטוהו בטהרה ונטמאו רוב הצבור קודם זריקת הפסח לא יאכל. וי''ל דאהא דת''ר שחטו בטהרה ואח''כ נטמאו הבעלים יזרק הדם בטהרה ואל יאכל בשר בטומאה וכו' אר''י הכא במאי עסקינן בצבור וכו' אי בצבור אמאי אין הבשר נאכל בטומאה גזירה שמא יטמאו הבעלים וכו' ויאמרו אשתקד לא נטמאנו ואכלנו השתא נמי ניכול ולא ידעי דאשתקד כי אזדריק דם בעלים טמאים הוו השתא בעלים טהורים הוו. ודברי רבינו כך הם מתבארים בד''א שהפסח יאכל בטומאה בשנטמאו קודם זריקת הדם אף על פי ששחטוהו בטהרה זה הוא מן הדין אבל משום גזירה אם שחטוהו אם נטמאו בעלים אפילו קודם זריקה לא יאכל: \n", 
                "<b>היו כלי שרת טמאים בשרץ וכו'.</b> בפרק כיצד צולין (דף ע''ט) פלוגתא דאמוראי ופסק כרב חסדא דרבי יצחק סבר כוותיה: \n\n"
            ], 
            "links": [
                {
                    "category": "Halakhah", 
                    "sourceHeRef": "משנה תורה, הלכות קרבן פסח ז׳:ט׳", 
                    "index_title": "Mishneh Torah, Paschal Offering", 
                    "sourceRef": "Mishneh Torah, Paschal Offering 7:9"
                }, 
                {
                    "category": "Halakhah", 
                    "sourceHeRef": "משנה תורה, הלכות קרבן פסח ז׳:ט׳", 
                    "index_title": "Mishneh Torah, Paschal Offering", 
                    "sourceRef": "Mishneh Torah, Paschal Offering 7:9"
                }
            ], 
            "text": ""
        }
    ], 
    "book": "Kessef Mishneh on Mishneh Torah, Paschal Offering", 
    "prev": "Kessef Mishneh on Mishneh Torah, Paschal Offering 6:13", 
    "textDepth": 3, 
    "sectionNames": [
        "Chapter", 
        "Halacha", 
        "Comment"
    ], 
    "sections": [
        7
    ], 
    "isComplex": false, 
    "titleVariants": [
        "Kessef Mishneh on Mishneh Torah, Paschal Offering"
    ], 
    "categories": [
        "Halakhah", 
        "Commentary", 
        "Mishneh Torah", 
        "Sefer Korbanot"
    ], 
    "ref": "Kessef Mishneh on Mishneh Torah, Paschal Offering 7", 
    "type": "Halakhah", 
    "addressTypes": [
        "Integer", 
        "Integer", 
        "Integer"
    ], 
    "indexTitle": "Kessef Mishneh on Mishneh Torah, Paschal Offering", 
    "heIndexTitle": "כסף משנה על משנה תורה, הלכות קרבן פסח", 
    "alts": [], 
    "order": ""
}