{
    "content": [
        {
            "segmentNumber": "1", 
            "he": "ביום השלישי וישא אברהם את עיניו - כתיב (הושע ו) יחיינו מיומים ביום השלישי יקימנו ונחיה לפניו ביום השלישי, של שבטים, כתיב (בראשית מב): ויאמר אליהם יוסף ביום השלישי. ביום השלישי של מרגלים, שנאמר (יהושע ב): ונחבתם שמה שלושת ימים. ביום השלישי של מתן תורה, שנאמר (שמות יט): ויהי ביום השלישי. ביום השלישי של יונה, דכתיב (יונה ב): ויהי יונה במעי הדגה שלושה ימים ושלושה לילות. ביום השלישי של עולי גולה, דכתיב (עזרא ח): ונשב שם ימים שלושה. ביום השלישי של תחיית המתים, דכתיב: יחיינו מיומים. ביום השלישי יקימנו ביום הג' של אסתר (אסתר ה) ויהי ביום השלישי ותלבש אסתר מלכות לבשה מלכות בית אביה. באיזה זכות? רבנן ורבי לוי, רבנן אמרי: בזכות יום השלישי של מתן תורה, שנאמר: ויהי ביום השלישי בהיות הבקר. ור' לוי אמר: בזכות של יום שלישי של אברהם אבינו, שנאמר: ביום השלישי וירא את המקום מרחוק. מה ראה? ראה ענן קשור בהר. אמר: דומה שאותו מקום שאמר לי הקב\"ה להקריב את בני שם:", 
            "links": [
                {
                    "category": "Tanakh", 
                    "index_title": "Genesis", 
                    "sourceHeRef": "בראשית כ״ב:ד׳", 
                    "sourceRef": "Genesis 22:4"
                }, 
                {
                    "category": "Tanakh", 
                    "index_title": "Exodus", 
                    "sourceHeRef": "שמות י״ט", 
                    "sourceRef": "Exodus 19"
                }, 
                {
                    "category": "Tanakh", 
                    "index_title": "Esther", 
                    "sourceHeRef": "אסתר ה׳", 
                    "sourceRef": "Esther 5"
                }, 
                {
                    "category": "Tanakh", 
                    "index_title": "Hosea", 
                    "sourceHeRef": "הושע ו׳", 
                    "sourceRef": "Hosea 6"
                }, 
                {
                    "category": "Tanakh", 
                    "index_title": "Hosea", 
                    "sourceHeRef": "הושע ב׳", 
                    "sourceRef": "Hosea 2"
                }, 
                {
                    "category": "Tanakh", 
                    "index_title": "Joshua", 
                    "sourceHeRef": "יהושע ב׳", 
                    "sourceRef": "Joshua 2"
                }, 
                {
                    "category": "Tanakh", 
                    "index_title": "Genesis", 
                    "sourceHeRef": "בראשית מ״ב", 
                    "sourceRef": "Genesis 42"
                }, 
                {
                    "category": "Tanakh", 
                    "index_title": "Ezra", 
                    "sourceHeRef": "עזרא ח׳", 
                    "sourceRef": "Ezra 8"
                }, 
                {
                    "category": "Tanakh", 
                    "index_title": "Jonah", 
                    "sourceHeRef": "יונה ב׳", 
                    "sourceRef": "Jonah 2"
                }, 
                {
                    "category": "Philosophy", 
                    "index_title": "Ohr Chadash", 
                    "sourceHeRef": "אור חדש ה׳:א׳", 
                    "sourceRef": "Ohr Chadash 5:1"
                }, 
                {
                    "category": "Tanakh", 
                    "index_title": "Hosea", 
                    "sourceHeRef": "הושע ו׳:ב׳", 
                    "sourceRef": "Hosea 6:2"
                }, 
                {
                    "category": "Tanakh", 
                    "index_title": "Genesis", 
                    "sourceHeRef": "בראשית מ״ב:י״ח", 
                    "sourceRef": "Genesis 42:18"
                }, 
                {
                    "category": "Tanakh", 
                    "index_title": "Joshua", 
                    "sourceHeRef": "יהושע ב׳:ט״ז", 
                    "sourceRef": "Joshua 2:16"
                }, 
                {
                    "category": "Tanakh", 
                    "index_title": "Exodus", 
                    "sourceHeRef": "שמות י״ט:ט״ז", 
                    "sourceRef": "Exodus 19:16"
                }, 
                {
                    "category": "Tanakh", 
                    "index_title": "Jonah", 
                    "sourceHeRef": "יונה ב׳:א׳", 
                    "sourceRef": "Jonah 2:1"
                }, 
                {
                    "category": "Tanakh", 
                    "index_title": "Ezra", 
                    "sourceHeRef": "עזרא ח׳:ל״ב", 
                    "sourceRef": "Ezra 8:32"
                }, 
                {
                    "category": "Tanakh", 
                    "index_title": "Esther", 
                    "sourceHeRef": "אסתר ה׳:א׳", 
                    "sourceRef": "Esther 5:1"
                }
            ], 
            "text": "“On the third day, Abraham lifted up his eyes…” (Genesis 22:4) It is written “He will revive us from the two days, on the third day He will set us up, and we will live before Him.” (Hoshea 6:2) On the third day of the tribes it is written “On the third day, Joseph said to them…” (Genesis 42:18) On the third day of the spies, as it says “…and hide yourselves there three days…” (Joshua 2:16) On the third day of the giving of the Torah, as it says “It came to pass on the third day…” (Exodus 19:16) On the third day of Jonah, as it is written “…and Jonah was in the belly of the fish for three days and three nights.” (Jonah 2:1) On the third day of those who came up from exile, as it is written “…and stayed there three days.” (Ezra 8:32) On the third day of the resurrection of the dead, as it is written “He will revive us from the two days, on the third day He will set us up, and we will live before Him.” (Hoshea 6:2) On Esther’s third day “Now it came to pass on the third day, that Esther clothed herself regally…” (Esther 5:1) The royalty of her father’s house. In what merit? This is an argument of the Rabbis and R’ Levi. The Rabbis say: in the merit of the third day of the giving of the Torah, as it says “It came to pass on the third day when it was morning…” (Exodus 19:16) R’ Levi said: in the merit of the third day of our father Avraham, as it says \"On the third day, Abraham lifted up his eyes and saw the place from afar.” (Genesis 22:4) What did he see? He saw a cloud attached to the mountain. He said: it appears that this is the place where the Holy One told me to offer up my son."
        }, 
        {
            "segmentNumber": "2", 
            "he": "אמר ליצחק בני רואה את מה שאני רואה א\"ל הין אמר לשני נעריו רואים אתם מה שאני רואה אמרו לו לאו אמר הואיל וחמור אינו רואה ואתם אין אתם רואים שבו לכם פה עם החמור ומניין שהעבדים דומין לבהמה מהכא שבו לכם פה עם החמור עם החמור רבנן מייתי ליה מהכא ממתן תורה שנאמר (שמות כ) ששת ימים תעבוד ועשית כל מלאכתך וגו' אתה ובנך ובתך ועבדך ואמתך ובהמתך א\"ר יצחק עתיד המקום לירחק מבעליו ולעולם תלמוד לומר (תהלים קלב) זאת מנוחתי עד עד פה אשב לכשיבא אותו שכתוב בו (זכריה ט) עני ורוכב על חמור ואני והנער נלכה עד כה א\"ר יהושע בן לוי נלך ונראה מה יהיה בסופו של כה ונשתחוה ונשובה אליכם בשרו שהוא חוזר מהר המוריה בשלום א\"ר יצחק הכל בזכות השתחויה ואברהם לא חזר מהר המוריה בשלום אלא בזכות השתחויה ונשתחוה ונשובה אליכם ישראל לא נגאלו אלא בזכות השתחויה שנאמר (שמות ד) ויאמן העם וגו' ויקדו וישתחוו התורה לא נתנה אלא בזכות השתחויה שנאמר (שם כד) והשתחויתם מרחוק חנה לא נפקדה אלא בזכות השתחויה שנאמר (שמואל א) וישתחו שם לה' הגליות אינן מתכנסות אלא בזכות השתחויה שנאמר (ישעיה כז) והיה ביום ההוא יתקע בשופר גדול וגו' והשתחוו לה' בהר הקדש בירושלים בהמ\"ק לא נבנה אלא בזכות השתחויה שנאמר (תהלים צט) רוממו ה' אלהינו והשתחוו להר קדשו המתים אינן חיין אלא בזכות השתחויה שנאמר (שם צה) באו ונשתחוה ונכרעה נברכה לפני ה' עושנו:", 
            "links": [
                {
                    "category": "Tanakh", 
                    "index_title": "Genesis", 
                    "sourceHeRef": "בראשית כ״ב:ה׳", 
                    "sourceRef": "Genesis 22:5"
                }, 
                {
                    "category": "Tanakh", 
                    "index_title": "Exodus", 
                    "sourceHeRef": "שמות כ׳", 
                    "sourceRef": "Exodus 20"
                }, 
                {
                    "category": "Tanakh", 
                    "index_title": "Exodus", 
                    "sourceHeRef": "שמות ד׳", 
                    "sourceRef": "Exodus 4"
                }, 
                {
                    "category": "Tanakh", 
                    "index_title": "Zechariah", 
                    "sourceHeRef": "זכריה ט׳", 
                    "sourceRef": "Zechariah 9"
                }, 
                {
                    "category": "Tanakh", 
                    "index_title": "Psalms", 
                    "sourceHeRef": "תהילים קל״ב", 
                    "sourceRef": "Psalms 132"
                }, 
                {
                    "category": "Tanakh", 
                    "index_title": "Psalms", 
                    "sourceHeRef": "תהילים צ״ט", 
                    "sourceRef": "Psalms 99"
                }, 
                {
                    "category": "Tanakh", 
                    "index_title": "Isaiah", 
                    "sourceHeRef": "ישעיהו כ״ז", 
                    "sourceRef": "Isaiah 27"
                }, 
                {
                    "category": "Quoting Commentary", 
                    "index_title": "Radak on Genesis", 
                    "sourceHeRef": "רדק על בראשית כ״ב:ט׳:ב׳", 
                    "sourceRef": "Radak on Genesis 22:9:2"
                }
            ], 
            "text": 0
        }, 
        {
            "segmentNumber": "3", 
            "he": "ויקח אברהם את עצי עולה כזה שהוא טוען צלובו בכתפו ויקח בידו את האש ואת המאכלת אמר ר' חנינא למה נקראת סכין מאכלת לפי שמכשר אוכלים ורבנן אמרי כל אכילות שישראל אוכלים בעוה\"ז אינם אוכלים אלא בזכות אותה המאכלת וילכו שניהם יחדו זה לעקוד וזה ליעקד זה לשחוט וזה לישחט:", 
            "links": [
                {
                    "category": "Tanakh", 
                    "index_title": "Genesis", 
                    "sourceHeRef": "בראשית כ״ב:ו׳", 
                    "sourceRef": "Genesis 22:6"
                }
            ], 
            "text": 0
        }, 
        {
            "segmentNumber": "4", 
            "he": "ויאמר יצחק אל אברהם אביו ויאמר אבי בא לו סמאל אצל אבינו אברהם אמר ליה סבא סבא אובדת לבך בן שניתן לך לק' שנה אתה הולך לשחטו א\"ל ע\"מ כן א\"ל ואם מנסה אותך יותר מיכן את יכול לעמוד (איוב ד) הנסה דבר אליך תלאה א\"ל ויתר על דין א\"ל למחר אומר לך שופך דם את חייב ששפכת דמו של בנך א\"ל ע\"מ כן וכיון שלא הועיל ממנו כלום בא לו אצל יצחק אמר לו ברא דעלובתא הולך הוא לשוחטך א\"ל ע\"מ כן א\"ל א\"כ כל אותן הפרגזיות שעשת אמך לישמעאל שנאיה דביתה ירותא ואתה אינך מכניס בלבך כד לא תיעול מילא תיעול פלגא הה\"ד ויאמר יצחק אל אברהם אביו אבי למה אבי אבי פ' פעמים כדי שיתמלא עליו רחמים ויאמר הנה האש והעצים א\"ל יצף לההוא גברא דיגער ביה מכל מקום אלהים יראה לו השה בני ואם לאו אתה השה לעולה בני וילכו שניהם יחדו זה לעקוד וזה ליעקד זה לשחוט וזה לישחט:", 
            "links": [
                {
                    "category": "Tanakh", 
                    "index_title": "Genesis", 
                    "sourceHeRef": "בראשית כ״ב:ז׳", 
                    "sourceRef": "Genesis 22:7"
                }, 
                {
                    "category": "Tanakh", 
                    "index_title": "Job", 
                    "sourceHeRef": "איוב ד׳", 
                    "sourceRef": "Job 4"
                }
            ], 
            "text": 0
        }, 
        {
            "segmentNumber": "5", 
            "he": "ויבאו אל המקום אשר אמר לו האלהים ויבן שם אברהם את המזבח ויצחק היכן היה אמר רבי לוי נטלו והצניעו אמר דלא יזרוק ההוא דיגער ביה אבן ויפסלנו מן הקרבן ויבן שם אברהם את המזבח וגו' ויעקד את יצחק בנו רבי חפני בר יצחק אמר כל מה שהיה אבינו אברהם עוקד את יצחק בנו מלמטן היה הקדוש ברוך הוא כובש שריהם של עובדי כוכבים מלמעלן ולא עשה אלא כיון שהפליגו ישראל עצמן בימי ירמיהו אמר להם הקב\"ה מה אתם סבורים דאלין כפתיא קיימין שנא' (נחום א) כי עד סירים סבוכים וכסבאם סבואים כי עד שרים סבוכים אלא כסבאם סבואים אשתרון יתהון כפתיא דכתיב (שם) אכלו כקש יבש מלא בשעה ששלח אבינו אברהם את ידו ליקח את המאכלת לשחוט את בנו בכו מלאכי השרת הה\"ד (ישעיה לג) הן אראלם צעקו חוצה מהו חוצה רבי עזריה אמר חוצה חיצה הוא בריה למיכס ית בריה ומה היו אומרים (שם) נשמו מסלות אין אברהם מקבל את העוברים ואת השבים שבת עובר אורח היך מה דאת אמר חדל להיות לשרה הפר ברית ואת בריתי אקים את יצחק מאס ערים וישב בין קדש לא חשב אנוש לא עמדה זכות לאברהם אתמהא ומי יאמר לך שאין הפסוק מדבר אלא במלאכי השרת נאמר כאן ממעל ונאמר להלן ממעל (שם ו) שרפים עומדים ממעל לו:", 
            "links": [
                {
                    "category": "Tanakh", 
                    "index_title": "Genesis", 
                    "sourceHeRef": "בראשית כ״ב:ט׳", 
                    "sourceRef": "Genesis 22:9"
                }, 
                {
                    "category": "Tanakh", 
                    "index_title": "Nahum", 
                    "sourceHeRef": "נחום א׳", 
                    "sourceRef": "Nahum 1"
                }, 
                {
                    "category": "Tanakh", 
                    "index_title": "Isaiah", 
                    "sourceHeRef": "ישעיהו ל״ג", 
                    "sourceRef": "Isaiah 33"
                }
            ], 
            "text": 0
        }, 
        {
            "segmentNumber": "6", 
            "he": "וישלח אברהם את ידו ויקח את המאכלת רב בעא קומי רבי חייא רבה מנין לשחיטה שהיא בדבר המטלטל מן הכא וישלח אברהם את ידו א\"ל אין מן ההגדה אמר לך חזר הוא ביה ואין מן אולפן אמר לך לית הוא חזר ביה דתני לוי היו נעוצים מתחלתן הרי אלו פסולים תלושין ונעצן הרי אלו כשרים דתנן השוחט במגל יד במגל קציר ובצור ובקנה שחיטתו כשרה אמר רבי יוסי חמשה דברים נאמרו בקרומיות של קנה אין שוחטין בה ואין מוהלין בה ואין חותכין בה בשר ואין מקנחין בה את הידים ולא מחצין בה את השנים מפני שרוח רעה שוכנת עליו:", 
            "links": [
                {
                    "category": "Tanakh", 
                    "index_title": "Genesis", 
                    "sourceHeRef": "בראשית כ״ב:י׳", 
                    "sourceRef": "Genesis 22:10"
                }
            ], 
            "text": 0
        }, 
        {
            "segmentNumber": "7", 
            "he": "ויקרא אליו מלאך ה' מן השמים אברהם אברהם תני רבי חייא לשון חיבה לשון זירוז ר' אליעזר בן יעקב אמר לו ולדורות אין דור שאין בו כאברהם ואין דור שאין בו כיעקב ואין דור שאין בו כמשה ואין דור שאין בו כשמואל ויאמר אל תשלח ידך וסכין היכן היה נשרו שלש דמעות ממלאכי השרת ושחת הסכין א\"ל אחנקנו אמר לו אל תשלח ידך אל הנער א\"ל אוציא ממנו טפת דם אמר לו אל תעש לו מאומה אל תעש לו מומה כי עתה ידעתי הודעתי לכל שאת אוהבני ולא חשכת וגו' שלא תאמר כל החלאים שחוץ לגוף אינן חלאים אלא מעלה אני עליך כאילו אמרתי לך הקרב עצמך לי ולא עיכבת:", 
            "links": [
                {
                    "category": "Tanakh", 
                    "index_title": "Genesis", 
                    "sourceHeRef": "בראשית כ״ב:י״א", 
                    "sourceRef": "Genesis 22:11"
                }
            ], 
            "text": "“There is no generation that does not have a man like Abraham, like Isaac, like Jacob… and like Moses.” But this refers only to isolated individuals. And the Torah was given to all; it “speaks of the majority.” So how can we say that to every Jew it is open to act like Moses or like the Fathers, and that in this respect they should follow the Fathers?"
        }, 
        {
            "segmentNumber": "8", 
            "he": "ד\"א א\"ר יצחק בשעה שבקש אברהם לעקוד יצחק בנו אמר לו אבא בחור אני וחוששני שמא יזדעזע גופי מפחדה של סכין ואצערך ושמא תפסל השחיטה ולא תעלה לך לקרבן אלא כפתני יפה יפה מיד ויעקד את יצחק כלום יכול אדם לכפות בן שלשים ושבע [נ\"א בן עשרים ושש שנה] אלא לדעתו מיד וישלח אברהם את ידו הוא שולח יד ליטול את הסכין ועיניו מורידות דמעות ונופלות דמעות לעיניו של יצחק מרחמנותו של אבא ואעפ\"כ הלב שמח לעשות רצון יוצרו והיו המלאכים מתקבצין כתות כתות מלמעלן מה הוון צווחין (שם לג) נשמו מסלות שבת עובר אורח הפר ברית מאס ערים אין רצונו בירושלים ובבית המקדש שהיה בדעתו להוריש לבניו של יצחק לא חשב אנוש לא עמדה זכות לאברהם לית לכל בריה חשיבות קדמוי א\"ר אחא התחיל אברהם תמיה אין הדברים הללו אלא דברים של תימה אתמול אמרת כי ביצחק יקרא לך זרע חזרת ואמרת קח נא את בנך ועכשיו את אמר לי אל תשלח ידך אל הנער אתמהא אמר לו הקדוש ברוך הוא אברהם (תהלים פט) לא אחלל בריתי ומוצא שפתי לא אשנה כשאמרתי לך קח נא את בנך לא אמרתי שחטהו אלא והעלהו לשם חיבה אמרתי לך אסיקתיה וקיימת דברי ועתה אחתיניה [נ\"א משלו משל למלך שאמר לאוהבו העלה את בנך אל שלחני הביאו אותו אוהבו וסכינו בידו אמר המלך וכי העלהו לאכלו אמרתי לך העלהו אמרתי לך מפני חיבתו] הדא הוא דכתיב (ירמיה יט) ולא עלתה על לבי זה יצחק:", 
            "links": [
                {
                    "category": "Tanakh", 
                    "index_title": "Genesis", 
                    "sourceHeRef": "בראשית כ״ב:י״א", 
                    "sourceRef": "Genesis 22:11"
                }, 
                {
                    "category": "Tanakh", 
                    "index_title": "Jeremiah", 
                    "sourceHeRef": "ירמיהו י״ט", 
                    "sourceRef": "Jeremiah 19"
                }, 
                {
                    "category": "Tanakh", 
                    "index_title": "Psalms", 
                    "sourceHeRef": "תהילים פ״ט", 
                    "sourceRef": "Psalms 89"
                }, 
                {
                    "category": "Quoting Commentary", 
                    "index_title": "Radak on Genesis", 
                    "sourceHeRef": "רדק על בראשית כ״ב:ט׳:ד׳", 
                    "sourceRef": "Radak on Genesis 22:9:4"
                }
            ], 
            "text": 0
        }, 
        {
            "segmentNumber": "9", 
            "he": "וישא אברהם את עיניו וירא והנה איל אחר מהו אחר אמר רבי יודן אחר כל המעשים ישראל נאחזים בעבירות ומסתבכין בצרות וסופן ליגאל בקרנו של איל שנאמר (זכריה ט) וה' אלהים בשופר יתקע וגו' אמר רבי יהודה בר סימון אחר כל הדורות ישראל נאחזים בעבירות ומסתבכין בצרות וסופן ליגאל בקרנו של איל הה\"ד וה' אלהים בשופר יתקע א\"ר חנינא ב\"ר יצחק כל ימות השנה ישראל נאחזים בעבירות ומסתבכין בצרות ובראש השנה הן נוטלין שופר ותוקעין בו ונזכרים לפני הקב\"ה והוא מוחל להם וסופן ליגאל בקרנו של איל שנאמר וה' אלהים בשופר יתקע רבי לוי אמר לפי שהיה אברהם אבינו רואה את האיל ניתוש מן החורש הזה והולך ומסתבך בחורש אחר אמר לו הקדוש ברוך הוא כך עתידין בניך להסתבך למלכיות מבבל למדי מן מדי ליון ומיון לאדום וסופן ליגאל בקרנו של איל הה\"ד וה' אלהים בשופר יתקע וילך אברהם ויקח את האיל ויעלהו לעולה תחת בנו רבי בנאי אמר אמר לפניו רבון העולם הוי רואה דמיו של איל זה כאילו דמו של יצחק בני אימוריו כאילו אימוריו דיצחק ברי כהדא דתנן הרי זו תחת זו הרי זו תמורת זו הרי זו חלופי זו הרי זו תמורה רבי פנחס אמר אמר לפניו רבון העולמים הוי רואה כאלו הקרבתי את יצחק בני תחלה ואחר כך הקרבתי את האיל הזה תחתיו היך מה דאת אמר (מלכים ב טו) וימלוך יותם בנו תחתיו כהדא דתנן כאימרא כדירים רבי יוחנן אמר כאימרא תמידא ריש לקיש אמר כאילו של יצחק תמן אמרי כולד החטאת תני בר קפרא כאימור דלא ינק מן יומי:", 
            "links": [
                {
                    "category": "Tanakh", 
                    "index_title": "Genesis", 
                    "sourceHeRef": "בראשית כ״ב:י״ג", 
                    "sourceRef": "Genesis 22:13"
                }, 
                {
                    "category": "Tanakh", 
                    "index_title": "Zechariah", 
                    "sourceHeRef": "זכריה ט׳", 
                    "sourceRef": "Zechariah 9"
                }, 
                {
                    "category": "Tanakh", 
                    "index_title": "II Kings", 
                    "sourceHeRef": "מלכים ב ט״ו", 
                    "sourceRef": "II Kings 15"
                }
            ], 
            "text": 0
        }, 
        {
            "segmentNumber": "10", 
            "he": "ויקרא אברהם שם המקום ההוא ה' יראה ר' יוחנן אמר אמר לפניו רבון העולמים בשעה שאמרת לי קח נא את בנך את יחידך היה לי מה להשיב אתמול אמרת כי ביצחק וגו' ועכשיו קח נא את בנך וגו' וחס ושלום לא עשיתי כן אלא כבשתי רחמי לעשות רצונך יהי רצון מלפניך ה' אלהינו בשעה שיהיו בניו של יצחק באים לידי עבירות ומעשים רעים תהא נזכר להם אותה העקידה ותתמלא עליהם רחמים אברהם קרא אותו יראה שנאמר ויקרא אברהם שם המקום ההוא ה' יראה שם קרא אותו שלם שנאמר (בראשית יז) ומלכי צדק מלך שלם אמר הקב\"ה אם קורא אני אותו יראה כשם שקרא אותו אברהם שם אדם צדיק מתרעם ואם קורא אני אותו שלם אברהם אדם צדיק מתרעם אלא הריני קורא אותו ירושלים כמו שקראו שניהם יראה שלם ירושלים ר' ברכיה בשם רבי חלבו אמר עד שהוא שלם עשה לו הקדוש ברוך הוא סוכה והיה מתפלל בתוכה שנאמר (תהלים עו) ויהי בשלם סוכו ומעונתו בציון ומה היה אומר יהי רצון שאראה בבנין ביתי ד\"א מלמד שהראה לו הקב\"ה בית המקדש חרב ובנוי חרב ובנוי שנא' שם המקום ההוא ה' יראה הרי בנוי היך מה דאת אמר (דברים טו) שלש פעמים בשנה יראה אשר יאמר היום בהר ה' הרי חרב שנאמר (איכה ה) על הר ציון ששמם ה' יראה בנוי ומשוכלל לעתיד לבא כענין שנאמר (תהלים קב) כי בנה ה' ציון נראה בכבודו:", 
            "links": [
                {
                    "category": "Tanakh", 
                    "index_title": "Genesis", 
                    "sourceHeRef": "בראשית כ״ב:י״ד", 
                    "sourceRef": "Genesis 22:14"
                }, 
                {
                    "category": "Tanakh", 
                    "index_title": "Genesis", 
                    "sourceHeRef": "בראשית י״ז", 
                    "sourceRef": "Genesis 17"
                }, 
                {
                    "category": "Tanakh", 
                    "index_title": "Lamentations", 
                    "sourceHeRef": "איכה ה׳", 
                    "sourceRef": "Lamentations 5"
                }, 
                {
                    "category": "Tanakh", 
                    "index_title": "Deuteronomy", 
                    "sourceHeRef": "דברים ט״ו", 
                    "sourceRef": "Deuteronomy 15"
                }, 
                {
                    "category": "Tanakh", 
                    "index_title": "Psalms", 
                    "sourceHeRef": "תהילים ע״ו", 
                    "sourceRef": "Psalms 76"
                }, 
                {
                    "category": "Tanakh", 
                    "index_title": "Psalms", 
                    "sourceHeRef": "תהילים ק״ב", 
                    "sourceRef": "Psalms 102"
                }, 
                {
                    "category": "Quoting Commentary", 
                    "index_title": "Shney Luchot HaBrit", 
                    "sourceHeRef": "שני לוחות הברית, וירא, תורה אור ע״ז", 
                    "sourceRef": "Shney Luchot HaBrit, Vayera, Torah Ohr 77"
                }, 
                {
                    "category": "Tanakh", 
                    "index_title": "Genesis", 
                    "sourceHeRef": "בראשית כ״א:י״ב", 
                    "sourceRef": "Genesis 21:12"
                }, 
                {
                    "category": "Tanakh", 
                    "index_title": "Genesis", 
                    "sourceHeRef": "בראשית י״ד:י״ח", 
                    "sourceRef": "Genesis 14:18"
                }, 
                {
                    "category": "Tanakh", 
                    "index_title": "Psalms", 
                    "sourceHeRef": "תהילים ע״ו:ג׳", 
                    "sourceRef": "Psalms 76:3"
                }, 
                {
                    "category": "Tanakh", 
                    "index_title": "Deuteronomy", 
                    "sourceHeRef": "דברים ט״ז:ט״ז", 
                    "sourceRef": "Deuteronomy 16:16"
                }, 
                {
                    "category": "Tanakh", 
                    "index_title": "Psalms", 
                    "sourceHeRef": "תהילים ק״ב:י״ז", 
                    "sourceRef": "Psalms 102:17"
                }
            ], 
            "text": "And Abraham called the name of the place \"Hashem Yireh- God will see\". Rabbi Yochanan said \"he said to Him: Master of Worlds, at the hour that you said to me 'Take please your son, your only son', I had what to respond yesterday. You said \"For with Yitzchak etc. (will I make your line great) but then \"Take please your son\"! God forbid that I don't do as you've asked me; instead, I conquered my mercy to do Your will.  May it be your will, GOD our god, that in the hour when the sons of Isaac come (before You) because of transgressions and bad deeds, that the Akiedah be remembered (for their benefit), and may You be filled with Mercy on them!  Abraham called it \"Yireh\", as it says \"And Abraham called the name of the place Hashem Yireh. Shem called it Shalem, as it says \"And Malchitzedek, the king of Shalem...\"(Genesis 17) The Holy One, Blessed be He, said \"If I call it Yireh, as Abraham called it, then Shem, who was a righteous man, will be hurt-- but if I call it Shalem, then Abraham, who was a righteous man, will be hurt. Instead, I call it Yerushalayim (Jerusalem), as they called it together: Yireh Shalem. Jerusalem......."
        }, 
        {
            "segmentNumber": "11", 
            "links": [
                {
                    "category": "Tanakh", 
                    "index_title": "Genesis", 
                    "sourceHeRef": "בראשית כ״ב:ט״ו", 
                    "sourceRef": "Genesis 22:15"
                }, 
                {
                    "category": "Tanakh", 
                    "index_title": "Zechariah", 
                    "sourceHeRef": "זכריה ג׳", 
                    "sourceRef": "Zechariah 3"
                }, 
                {
                    "category": "Tanakh", 
                    "index_title": "Proverbs", 
                    "sourceHeRef": "משלי י״ד", 
                    "sourceRef": "Proverbs 14"
                }
            ], 
            "he": "ויקרא מלאך ה' שנית ויאמר בי נשבעתי מה צורך לשבועה זו א\"ל השבע לי שאין אתה מנסה אותי עוד מעתה ולא את יצחק בני משל לאחד ששמר את אגינו שבולת נהר והקפיץ גם בנו עמו ד\"א מה צורך לשבועה זו רבי חמא ב\"ר חנינא א\"ל השבע לי שאין אתה מנסה אותי עוד מעתה משל למלך שהיה נשוי למטרונה ילדה ממנו בן ראשון וגרשה שני וגרשה שלישי וגרשה וכיון שילדה ממנו בן עשירי נתכנסו כולם ואמרו לו השבע לנו שאין אתה מגרש את אמנו מעתה כך כיון שנתנסה אברהם אבינו נסיון עשירי א\"ל השבע לי שאין אתה מנסה אותי עוד מעתה א\"ר חנין כי יען אשר עשית את הדבר הזה נסיון עשירי הוא ואתה אומר כי יען אשר עשית הדבר הזה אלא זה נסיון האחרון שהוא שקול כנגד הכל שאילולי לא קבלו עליו אבד את הכל [נ\"א כל מה שעשה] כי ברך אברכך וגו' ברכה לאב ברכה לבן והרבה ארבה רבות לאב רבות לבן ויירש זרעך את שער שונאיו רבי אומר זו תרמוד אשריו כל מי שהוא רואה במפלתה של תרמוד שהיתה שותפת בשני חרבנות רבי יודן ורבי חנינא חד מנהון אמר בחרבן בית ראשון העמידה פ' אלף קשתים [נ\"א קשטים] ובחרבן בית שני העמידה ח' אלפים קשתים וישב אברהם אל נעריו ויצחק היכן הוא רבי ברכיה בשם רבנן דתמן שלחו אצל שם ללמוד ממנו תורה משל לאשה שנתעשרה מפלכה אמרה הואיל ומן הפלך הזה התעשרתי עוד אינו זז מתחת ידי לעולם כך אמר אברהם כל שבא לידי אינו אלא בשביל שעסקתי בתורה ובמצות לפיכך אינו רוצה שתזוז מזרעי לעולם רבי חנינא אמר שלחו בלילה מפני העין שמשעה שעלו חנניה מישאל ועזריה מכבשן האש עוד לא נזכרו שמותן ולהיכן הלכו ר\"א אמר מתו ברוק ר' יוסי אמר מתו בעין ר' יהושע בן לוי אמר שינו את מקומם והלכו להם אצל יהושע בן יהוצדק ללמוד ממנו תורה הה\"ד (זכריה ג) שמע נא יהושע הכהן הגדול אתה ורעיך היושבים לפניך ר' חנינא אמר על מנת כן ירדו חנניה מישאל ועזריה לכבשן האש על מנת שיעשה בהן מופת. פרשה נז א ויהי אחרי הדברים האלה ויגד לאברהם לאמר הנה ילדה מלכה וגו' בנים כתיב (משלי יד) חיי בשרים לב מרפא ורקב עצמות קנאה שעד שהוא בהר המוריה נתבשר שנולד זוגתו של בנו שנאמר הנה ילדה מלכה (שם יג) רפאות תהי לשרך ושקוי לעצמותיך שעד שהוא בהר המוריה נתבשר שנולדה זוגתו של בנו שנאמר הנה ילדה מלכה גם היא בנים:"
        }
    ], 
    "heTitle": "בראשית רבה", 
    "indexTitle": "Bereishit Rabbah", 
    "sectionRef": "Bereishit Rabbah 56", 
    "prev": "Bereishit Rabbah 55", 
    "ref": "Bereishit Rabbah 56", 
    "heRef": "בראשית רבה נ״ו", 
    "next": "Bereishit Rabbah 57"
}