{
    "content": [
        {
            "segmentNumber": "1", 
            "links": [
                {
                    "category": "Liturgy", 
                    "index_title": "Pesach Haggadah", 
                    "sourceHeRef": "הגדה של פסח, מגיד, מעשה שהיה בבני ברק א׳", 
                    "sourceRef": "Pesach Haggadah, Magid, Story of the Five Rabbis 1"
                }
            ], 
            "text": "A Story of Rabbi Eliezer, Rabbi Joshua...  Why were these five sages together on Seder night? They sages got together to discuss the Exodus but when they reached midnight they began to debate the controversy regarding when the Passover offering should be consumed. This controversy was between Rabbi Elazar ben Azariah and Rabbi Akiva; a similar controversy can be found in the Talmud between Rabbi Eliezer and Rabbi Joshua. The question is about  what time the Passover sacrifice must be consumed – by midnight or by day break. Since we now eat the Afikomen in lieu of the sacrifice, this question influences the time by which we must eat the Afikomen.<br>According to Rabbi Elazar ben Azariah (and Rabbi Eliezer) the sacrifice must be eaten before midnight; according to Rabbi Akiva (and Rabbi Joshua) the sacrifice can be consumed all night long. Each brings a different proof for his point of view.  According to Rabbi Elazar ben Azariah, we learn that the sacrifice must be eaten by midnight based on a gezerah shavah.   We find two verses: “You shall it the meat on this night,”  and, “I passed through the Land of Egypt on this night.”  Just as God passed through the land at midnight so the Passover offering must be consumed by midnight. Rabbi Akiva interprets the verse: “You shall eat it in haste”  as a proof text for consuming the offering all night. Just as the Israelites ate the Passover offering ‘in haste’ that is, all night long, so we can eat the sacrifice all night long. Rabbi Akiva understands b’chipazon as a reference to the way the Israelites were supposed to eat the offering, with their loins girded, sandals on their feet and their staff in hand. B’chizpazon means they were ready to go at any minute. Rabbi Elazar Ben Azariah, on the other hand, understands ‘in haste’ to refer to the Egyptians. At midnight, as the God passed through the land of Egypt, the Egyptians came and pressed the Israelites to leave. The Israelites ate in haste because the Egyptians were pushing them to leave as quickly as possible – this would have occurred at midnight<br>Rabbi Eliezer and Rabbi Joshua bring other proof texts but the controversy, based on the verse: “You shall slaughter the Passover sacrifice in the evening, the time of day when you departed from Egypt.”  Rabbi Eliezer understands this verse to mean that you shall offer the sacrifice in the evening and burn the remains in the morning – following the opinion of Rabbi Elazar Ben Azariah. Rabbi Joshua understands the verse to mean you shall offer the sacrifice and eat it all night, following the opinion of Rabbi Akiva.<br>When the sages were together, the time for the eating of the afikomen  arrived and the sages began to debate the correct time by which the matzah had to be consumed: Was it by midnight or could they eat it all night long? Each of the rabbis wanted to follow his approach to the law. As a general matter, Jewish law follows the opinion of Rabbi Akiva when his colleagues disagree with him; therefore the law should have been that the Passover offering could be eaten all night long. However, in order to distance us from transgression we say that we should still eat the Afikomen by midnight.<br>Rabbi Tarfon was among the sages in B’nai Brak and refused to allow a compromise in this matter; as the teacher of Rabbi Akiva, he felt a compromise in this matter was wrong and as a result this argument continued all night long. Elsewhere in the Talmud when Rabbi Tarfon took the more stringent point of view he was criticized by the other sages.  As a result he was uncompromising in this matter and insisted that the sacrifice could be consumed all night long, taking a more lenient opinion. Rabbi Tarfon’s name appears last in the list of sages in B’nai Brak since he was the oldest of the group and apparently as a result he had the greatest influence in this discussion."
        }, 
        {
            "segmentNumber": "2", 
            "links": [
                {
                    "category": "Liturgy", 
                    "index_title": "Pesach Haggadah", 
                    "sourceHeRef": "הגדה של פסח, מגיד, מעשה שהיה בבני ברק א׳", 
                    "sourceRef": "Pesach Haggadah, Magid, Story of the Five Rabbis 1"
                }
            ], 
            "text": "Why does the Haggadah tell us that this incident took place in B’nai Brak? What difference does it make where the sages were when they had this discussion? We learn elsewhere in the Talmud that even if the sages disagreed about a matter of Jewish law, we follow the local authority even when his opinion is not the final ruling. Since B’nai Brak was the home of Rabbi Akiva the sages did not eat the Afikomen until the end of the night following his point of view. They did this despite the fact that the sages agreed that even though one could wait, one should eat the matzah by midnight in order to avoid transgression."
        }, 
        {
            "segmentNumber": "3", 
            "links": [
                {
                    "category": "Liturgy", 
                    "index_title": "Pesach Haggadah", 
                    "sourceHeRef": "הגדה של פסח, מגיד, מעשה שהיה בבני ברק א׳", 
                    "sourceRef": "Pesach Haggadah, Magid, Story of the Five Rabbis 1"
                }
            ], 
            "text": "And why was it necessary to tell us that they discussed the Exodus all night long? This is a way of telling us that while Rabbi Eliezer and Rabbi Joshua disagreed about the time frame in which one was allowed to eat the Pesach (and later the Afikomen), whether it was all night long or only until midnight, they both agreed that the redemption began during the night.  By discussing the Exodus all night long, they were able to celebrate the beginning of the redemption. The only thing they disagreed about is when was the period of chipazon, of hasting? Was it when the Egyptians pressed the Israelites to leave Egypt (according to Rabbi Eliezer, at midnight) or was it in the morning when the Israelites quickly left Egypt, ‘in haste’ (according to Rabbi Joshua – as a result they could eat the Passover offering all night long). "
        }, 
        {
            "segmentNumber": "4", 
            "links": [
                {
                    "category": "Liturgy", 
                    "index_title": "Pesach Haggadah", 
                    "sourceHeRef": "הגדה של פסח, מגיד, מעשה שהיה בבני ברק א׳", 
                    "sourceRef": "Pesach Haggadah, Magid, Story of the Five Rabbis 1"
                }
            ], 
            "text": "Why are we told that the students came and told the sages, ‘The time for the Sh’ma has arrived?’ This seems odd: why weren’t the students with their teachers in the first place? If they were, the passage would have said, “The students told the sages, (and not came and told the sages).” "
        }
    ], 
    "heTitle": "נפתלי שבע רצון על הגדה של פסח, מגיד, מעשה שהיה בבני ברק", 
    "indexTitle": "Naftali Seva Ratzon on Pesach Haggadah", 
    "sectionRef": "Naftali Seva Ratzon on Pesach Haggadah, Magid, Story of the Five Rabbis 1", 
    "prev": "Naftali Seva Ratzon on Pesach Haggadah, Magid, We Were Slaves in Egypt 2", 
    "ref": "Naftali Seva Ratzon on Pesach Haggadah, Magid, Story of the Five Rabbis 1", 
    "heRef": "נפתלי שבע רצון על הגדה של פסח, מגיד, מעשה שהיה בבני ברק א׳", 
    "next": "Naftali Seva Ratzon on Pesach Haggadah, Magid, The Four Sons 1"
}