{
    "heTitleVariants": [
        "תשובות הרדב\"ז חלק ד"
    ], 
    "heTitle": "תשובות הרדב\"ז חלק ד", 
    "heRef": "תשובות הרדב\"ז חלק ד א׳", 
    "toSections": [
        1
    ], 
    "sectionRef": "Teshuvot HaRadbaz Volume 4 1", 
    "next": "Teshuvot HaRadbaz Volume 4 1074", 
    "content": [], 
    "book": "Teshuvot HaRadbaz Volume 4", 
    "prev": null, 
    "textDepth": 2, 
    "sectionNames": [
        "Teshuva", 
        "Paragraph"
    ], 
    "sections": [
        1
    ], 
    "isComplex": false, 
    "titleVariants": [
        "Teshuvot HaRadbaz Volume 4"
    ], 
    "categories": [
        "Responsa", 
        "Radbaz"
    ], 
    "ref": "Teshuvot HaRadbaz Volume 4 1", 
    "type": "Responsa", 
    "addressTypes": [
        "Integer", 
        "Integer"
    ], 
    "indexTitle": "Teshuvot HaRadbaz Volume 4", 
    "heIndexTitle": "תשובות הרדב\"ז חלק ד", 
    "alts": [], 
    "order": ""
}