{
    "heTitleVariants": [
        "תשובות הרדב\"ז חלק ד"
    ], 
    "heTitle": "תשובות הרדב\"ז חלק ד", 
    "heRef": "תשובות הרדב\"ז חלק ד תתרצ״ג", 
    "toSections": [
        1093
    ], 
    "sectionRef": "Teshuvot HaRadbaz Volume 4 1093", 
    "next": "Teshuvot HaRadbaz Volume 4 1094", 
    "content": [
        {
            "segmentNumber": "1", 
            "he": "<b>שאלה </b>עלה דהא דאמרינן בדרבנן עבדינן עובדא והדר מותבינן תיובתא אם יהיה הדין כן אם נסתפקנו בדין מן הדינים בדבר שהוא מדרבנן והרי הספרים מצויים אצלנו נלך לבקש הדין או דילמא כיון שיש לנו ספק והוא מדרבנן נעשה ואחר כך נבקש הדין: ", 
            "links": [], 
            "text": ""
        }, 
        {
            "segmentNumber": "2", 
            "he": "<b>תשובה </b>זה טעות גדולה בהבנת המאמר שהרי אם הרב בעל המעשה נסתפק בדין אין לו לעשות מעשה עד שיתברר לו הדין אפי' במלתא דרבנן ואע\"ג דספיקא דרבנן לקולא הנ\"מ בדבר שהספק בא מעצמו אבל בספק שנפל מחסרון ידיעה בהא לא אזלינן לקולא כלל. וכן כתבו ז\"ל על ענין הריאה דהא דאמרינן ספק טרפות להקל היינו כשנסתפק הדבר מעצמו כגון בא זאב ונטל אבל אם נסתפקו בדין בעצמו לא אזלינן לקולא וזה דבר מסכים אל השכל ואל האמת. והא דאמרינן בדרבנן עבדינן והדר מותבינן בזמן שהרב יודע הדין וברור לו ועושה מעשה ואחד מן התלמידים יש לו ספק או קושיות על המעשה אם המעשה הוא בדאורייתא מותבינן והדר עבדינן ואם מדרבנן עבדינן ובתר מותבינן וכן הוא המעשה בעירובין. וזה פשוט מאד: ", 
            "links": [], 
            "text": ""
        }
    ], 
    "book": "Teshuvot HaRadbaz Volume 4", 
    "prev": "Teshuvot HaRadbaz Volume 4 1092", 
    "textDepth": 2, 
    "sectionNames": [
        "Teshuva", 
        "Paragraph"
    ], 
    "sections": [
        1093
    ], 
    "isComplex": false, 
    "titleVariants": [
        "Teshuvot HaRadbaz Volume 4"
    ], 
    "categories": [
        "Responsa", 
        "Radbaz"
    ], 
    "ref": "Teshuvot HaRadbaz Volume 4 1093", 
    "type": "Responsa", 
    "addressTypes": [
        "Integer", 
        "Integer"
    ], 
    "indexTitle": "Teshuvot HaRadbaz Volume 4", 
    "heIndexTitle": "תשובות הרדב\"ז חלק ד", 
    "alts": [], 
    "order": ""
}