{
    "heTitleVariants": [
        "רי\"ף שבת"
    ], 
    "heTitle": "רי\"ף שבת ה׳ ב", 
    "content": [
        {
            "segmentNumber": "1", 
            "he": " תניא ר\"ש בן אלעזר אומר אין הורגין את  המאכולת בשבת דברי ב\"ש וב\"ה מתירין וכן היה ר\"ש בן אלעזר אומר משום רשב\"ג אין  פוסקין צדקה על הצבור אפילו ליתום ויתומה ואין משדכין על התינוקת ליארס ועל התינוק ללמדו ספר וללמדו אומנות ואין מנחמים אבלים ואין מבקרים חולים בשבת דברי בית שמאי וב\"ה מתירין:", 
            "links": [], 
            "text": ""
        }, 
        {
            "segmentNumber": "2", 
            "he": "ת\"ר הנכנס לבקר את החולה בשבת אומר שבת היא מלזעוק ורפואה קרובה לבא ר\"מ אומר יכולה היא שבת שבזכותה תרחם   ר' יהודה אומר המקום ירחם עליך ועל כל חולי ישראל ר' יוסי אומר המקום ירחם עליך בתוך חולי עמו ישראל.", 
            "links": [
                {
                    "category": "Talmud", 
                    "sourceHeRef": "שבת י״ב ב", 
                    "index_title": "Shabbat", 
                    "sourceRef": "Shabbat 12b"
                }
            ], 
            "text": ""
        }, 
        {
            "segmentNumber": "3", 
            "he": "שבנא איש ירושלים אומר   בכניסתו שלום וביציאתו אומר שבת היא מלזעוק ורפואה קרובה לבא ורחמיו מרובים ושבתו לשלום:", 
            "links": [], 
            "text": ""
        }, 
        {
            "segmentNumber": "4", 
            "he": "כמאן אזלא הא דתניא מי שיש לו חולה בתוך ביתו צריך שיערבנו בתוך חולי ישראל כמאן כרבי יוסי:", 
            "links": [], 
            "text": ""
        }, 
        {
            "segmentNumber": "5", 
            "he": "א\"ר יוחנן בקושי התירו לנחם אבלים ולבקר חולים בשבת פירוש שמא יבא לזעוק בשבת אמר רבה בר בר חנה כי הוה אזלינן   בתר רבי אלעזר לשיולי בתפיחה זימנין הוה א\"ל המקום יפקדך לשלום וזמנין הוה א\"ל רחמנא ידכרינך לשלמא ואף על גב  דאמר רב יהודה אמר רב לעולם אל ישאל אדם צרכיו בלשון ארמית   דאמר רבי יוחנן השואל צרכיו בלשון ארמית אין מלאכי השרת נזקקין לו לפי שאין מלאכי השרת מכירין בלשון ארמית שאני חולה דשכינה  עמו דאמר אביי מנין שהקב\"ה  סועד את החולה שנאמר  תהלים מא  ה' יסעדנו על ערש דוי:", 
            "links": [], 
            "text": ""
        }, 
        {
            "segmentNumber": "6", 
            "he": "ת\"ר הנכנס לבקר את החולה לא ישב ע\"ג מטה ולא ע\"ג ספסל ולא ע\"ג כסא ולא ע\"ג שרפרף ולא על גבי מקום גבוה ולא למעלה מראשותיו של חולה אלא מתעטף ויושב לפניו מפני שהשכינה למעלה מראשותיו של חולה שנאמר  בראשית מז  וישתחו ישראל על ראש המטה וכתיב ה' יסעדנו על ערש דוי:", 
            "links": [], 
            "text": ""
        }, 
        {
            "segmentNumber": "7", 
            "he": "ולא יקרא לאור  הנר:", 
            "links": [], 
            "text": ""
        }, 
        {
            "segmentNumber": "8", 
            "he": "אמר רבה אפי' גבוה שני קומות ואפי' גבוה ב' מרדעות ואפי' עשרה בתים זו על גב זו.", 
            "links": [], 
            "text": ""
        }, 
        {
            "segmentNumber": "9", 
            "he": "חד הוא דלא ליקרי אבל שנים קורין  וה\"מ בענין אחד   אבל בשני ענינים אפילו שנים אין קורין:", 
            "links": [], 
            "text": ""
        }, 
        {
            "segmentNumber": "10", 
            "he": "אמר רב הונא ובמדורה אפילו עשרה בני אדם כאחד אסור לקרות אמר רבא ואדם חשוב שאין דרכו להטות את הנר מותר תני חדא שמש בודק קערות וכוסות לאור הנר ותניא אידך לא יבדוק לא קשיא כאן בשמש קבוע כאן בשמש שאינו קבוע   ואב\"א הא והא בשמש שאינו קבוע ולא קשיא באן בדמשחא כאן  בדנפטא:", 
            "links": [], 
            "text": ""
        }, 
        {
            "segmentNumber": "11", 
            "he": "איבעיא להו שמש קבוע בדמשחא מאי אמר רב הונא   הלכה ואין מורין כן ורב ירמיה בר אבא אמר הלכה ומורין כן  .", 
            "links": [], 
            "text": ""
        }, 
        {
            "segmentNumber": "12", 
            "he": "שמעינן השתא דבין שמש קבוע ובין שמש שאינו קבוע בודק קערות וכוסות לאור הנר ודוקא בדנפטא דמאיס ונפיש נהוריה ולא בעי לאצלויי אבל בדמשחא שמש שאינו קבוע ודאי אסיר ליה שמש קבוע פליגי והלכה בודק ואין מורין כן:", 
            "links": [], 
            "text": ""
        }, 
        {
            "segmentNumber": "13", 
            "he": "באמת אמרו החזן רואה וכו':", 
            "links": [], 
            "text": ""
        }, 
        {
            "segmentNumber": "14", 
            "he": "אמר רבה בר שמואל אבל מסדר הוא ראשי פרשיות אבל פרשה כולה לא   ותינוקות של בית רבן אפילו פרשה כולה קורין ומסדרין מפני שאימת רבן עליהן  ולא אתו לאצלויי שלא ברשות רבן:", 
            "links": [
                {
                    "category": "Talmud", 
                    "sourceHeRef": "שבת י״ג א", 
                    "index_title": "Shabbat", 
                    "sourceRef": "Shabbat 13a"
                }
            ], 
            "text": ""
        }, 
        {
            "segmentNumber": "15", 
            "he": " כיוצא בו לא יאכל  הזב עם הזבה וכו':", 
            "links": [], 
            "text": ""
        }, 
        {
            "segmentNumber": "16", 
            "he": "איבעיא להו מהו שתישן נדה אצל בעלה הוא בבגדו והיא בבגדה ת\"ש  יחזקאל יח  ואת אשת רעהו לא טמא ואל אשה נדה לא קרב מקיש אשתו נדה לאשת רעהו מה אשת רעהו הוא בבגדו והיא בבגדה אסור אף אשתו נדה הוא בבגדו והיא ", 
            "links": [], 
            "text": ""
        }
    ], 
    "heRef": "רי\"ף שבת ה׳ ב", 
    "toSections": [
        "5b"
    ], 
    "sectionRef": "Rif Shabbat 5b", 
    "title": "Rif Shabbat 5b", 
    "next": "Rif Shabbat 6a", 
    "heBook": "רי\"ף שבת", 
    "book": "Rif Shabbat", 
    "prev": "Rif Shabbat 5a", 
    "textDepth": 2, 
    "sectionNames": [
        "Daf", 
        "Peirush"
    ], 
    "sections": [
        "5b"
    ], 
    "isComplex": false, 
    "titleVariants": [
        "Rif Shabbat"
    ], 
    "categories": [
        "Talmud", 
        "Rif", 
        "Seder Moed"
    ], 
    "ref": "Rif Shabbat 5b", 
    "type": "Talmud", 
    "addressTypes": [
        "Talmud", 
        "Integer"
    ], 
    "indexTitle": "Rif Shabbat", 
    "heIndexTitle": "רי\"ף שבת", 
    "alts": [], 
    "order": ""
}