[{
    "links": [
        [
            "2a:2", 
            "Shabbat 5b", 
            "Talmud"
        ], 
        [
            "2a:2", 
            "Shabbat 6a", 
            "Talmud"
        ], 
        [
            "2a:3", 
            "Shabbat 7a", 
            "Talmud"
        ]
    ], 
    "text": [], 
    "heTitleVariants": [
        "רי\"ף שבת"
    ], 
    "heTitle": "רי\"ף שבת ב׳ א", 
    "heRef": "רי\"ף שבת ב׳ א", 
    "toSections": [
        "2a"
    ], 
    "sectionRef": "Rif Shabbat 2a", 
    "title": "Rif Shabbat 2a", 
    "next": "Rif Shabbat 2b", 
    "heBook": "רי\"ף שבת", 
    "book": "Rif Shabbat", 
    "prev": "Rif Shabbat 1b", 
    "textDepth": 2, 
    "sectionNames": [
        "Daf", 
        "Peirush"
    ], 
    "sections": [
        "2a"
    ], 
    "isComplex": false, 
    "titleVariants": [
        "Rif Shabbat"
    ], 
    "categories": [
        "Talmud", 
        "Rif", 
        "Seder Moed"
    ], 
    "he": [
        " איסור סקילה:", 
        "  ת\"ר המוציא מחנות לפלטיא דרך סטיו חייב ובן עזאי פוטר דקסבר מהלך כעומד דמי   אמר רבי יוחנן מודה בן עזאי בזורק תניא נמי הכי   אחד המוציא ואחד המכניס ואחד המושיט ואחד הזורק חייב  ובן עזאי אומר המכניס והמוציא פטור  והזורק והמושיט חייב תנו רבנן ארבע רשויות לשבת רשות היחיד ורשות הרבים כרמלית ומקום פטור איזהו רשות היחיד חריץ שהוא עמוק עשרה טפחים ורחב ארבעה וכן גדר שהוא גבוה עשרה ורחב ארבעה זו היא רשות היחיד גמורה ואיזו היא רה\"ר  סרטיא ופלטיא גדולה ומבואות המפולשין   היא רשות הרבים גמורה ואין מוציאין מרשות היחיד זו לרשות הרבים זו ואין מכניסין מרשות הרבים זו לרשות היחיד זו ואם הוציא והכניס בשוגג חייב חטאת במזיד ענוש כרת בעדים והתראה נסקל אבל ים ובקעה ואצטונית וכרמלית אינן לא כרשות הרבים ולא כרשות היחיד ואין נושאין ונותנין בתוכן ואם נשא ונתן פטור ואין מוציאין מתוכן לרשות הרבים ולא מרשות הרבים לתוכן ואין מכניסין מתוכן לרשות היחיד ולא מרשות היחיד לתוכן ואם הוציא והכניס פטור חצרות של רבים ומבואות שאינן מפולשין עירבו מותרין לא עירבו אסורין אדם עומד על האסקופה נוטל מבעל הבית ונותן לו ומן העני ונותן לו ובלבד שלא יטול מבעל הבית ויתן לעני ומעני ויתן לבעל הבית ואם נטל ונתן שלשתן  פטורין  :", 
        " אבל ים ובקעה ואצטונית וכרמלית אינן לא כרשות היחיד ולא כרה\"ר   אטו הני כולהו לאו כרמלית נינהו כי אתא "
    ], 
    "ref": "Rif Shabbat 2a", 
    "type": "Talmud", 
    "addressTypes": [
        "Talmud", 
        "Integer"
    ], 
    "indexTitle": "Rif Shabbat", 
    "heIndexTitle": "רי\"ף שבת", 
    "alts": [], 
    "order": ""
}]