{
    "heTitleVariants": [
        "רי\"ף שבת"
    ], 
    "heTitle": "רי\"ף שבת כ״ח ב", 
    "content": [
        {
            "segmentNumber": "1", 
            "he": " האיש במחט שאינה נקובה ובטבעת שאין עליה חותם חייב חטאת ואם יצא בטבעת שיש עליה חותם ובמחט נקובה פטור אבל אסור והכין הוא מסקנא דשמעתא ולאו הוצאה כלאחר יד הוא דכיון שפעמים שאדם נותן לאשתו בחול טבעת שיש עליה חותם להוליכה לקופסא ומניחתה בידה   עד שמגעת לקופסא נמצאת דרך הוצאתה בכך ואינה כלאחר יד ופעמים נמי שהאשה נותנת לבעלה בחול טבעת שאין עליה חותם להוליכה אצל האומן ומניחה באצבעו עד שמוליכה לאומן ונמצא דרך הוצאתו בכך בחול וכיון שדרך הוצאתו בחול   באצבעו בכך אם יצא בה בשבת חייב חטאת:", 
            "links": [], 
            "text": ""
        }, 
        {
            "segmentNumber": "2", 
            "he": "ולא בכולייר:", 
            "links": [], 
            "text": ""
        }, 
        {
            "segmentNumber": "3", 
            "he": "מאי כולייר אמר רב   מכבנתא יש שפירשו אותה טליסאן ויש שפירשו אותה מידי דמקיף לרישיה כדאמרינן ביומא (דף כה.) כהנים מוקפין ועומדין כמין כולייר:", 
            "links": [], 
            "text": ""
        }, 
        {
            "segmentNumber": "4", 
            "he": "כובלת אמר רב יוסף חמרתא דפליון פירוש חוליא של בושם שמתקשטת בו להעביר ריח רע ממנה ועיקר לשון פליון מלשון  במדבר כח  בלולה בשמן דמתרגמינן דפילא במשח:", 
            "links": [], 
            "text": ""
        }, 
        {
            "segmentNumber": "5", 
            "he": "  אמר רבי (אבהו כ\"ה בגמ') אמי ואמרי לה במתניתא תאנא ג' דברים מביאין את האדם לידי עניות ואלו הן המשתין מים בפני מטתו ערום ומי שאשתו מקללתו בפניו והמזלזל בנטילת ידים המשתין מים בפני מטתו ערום לא אמרן אלא דמהדר אפיה לפוריא אבל לבראי לית לן בה וכי מהדר אפיה לפוריא נמי לא אמרן אלא אארעא אבל במנא לית לן בה והמזלזל בנטילת ידים כדרבי זריקא דאמר רבי זריקא אמר ר' אלעזר בל המזלזל בנטילת ידים נעקר מן העולם אמר רבא לא אמרן אלא דלא משא כלל אבל משא ולא משא לית לן בה ולאו מילתא היא מדרב חסדא דאמר רב חסדא אנא משאי מלי חפנאי מיא ויהבו לי מלי חפנאי טיבותא.", 
            "links": [
                {
                    "category": "Talmud", 
                    "sourceHeRef": "שבת ס״ב ב", 
                    "index_title": "Shabbat", 
                    "sourceRef": "Shabbat 62b"
                }
            ], 
            "text": ""
        }, 
        {
            "segmentNumber": "6", 
            "he": "ומי שאשתו מקללתו בפניו אמר רב על עסקי תכשיטיה והוא דאית ליה ולא עבד לה:", 
            "links": [], 
            "text": ""
        }, 
        {
            "segmentNumber": "7", 
            "he": "<b>מתני</b> '   לא  יצא האיש לא בסייף ולא בקשת ולא בתריס ולא באלה ולא ברומח ואם יצא חייב חטאת ר' אליעזר אומר תכשיטין הן לו וחכמים אומרים אינן לו אלא גנאי שנאמר  ישעיה ב  וכתתו חרבותם לאתים וגו' והלכה כרבנן בירית טהורה ויוצאין בה בשבת כבלים טמאים ואין יוצאין בהן:", 
            "links": [
                {
                    "category": "Talmud", 
                    "sourceHeRef": "שבת ס״ג א", 
                    "index_title": "Shabbat", 
                    "sourceRef": "Shabbat 63a"
                }
            ], 
            "text": ""
        }, 
        {
            "segmentNumber": "8", 
            "he": "<b>גמ'</b>    יתיב רבי אבין ורב הונא קמיה דרבי ירמיה ויתיב רבי ירמיה וקא מנמנם ויתיב רבי אבין וקאמר בירית באחת כבלים בשתים אמר לו רב הונא אלו ואלו בשתים ומטילין שלשלת ביניהם ונעשו כבלים אתער בהו רבי ירמיה ואמר ישר וכן אמר רבי יוחנן   אמר רב ששת  למה  מנה הכתוב תכשיטין שבחוץ עם תכשיטים שבפנים טבעת וכומז לומר לך כל המסתכל אפילו באצבע קטנה של אשה כאילו מסתכל במקום התורף:", 
            "links": [
                {
                    "category": "Talmud", 
                    "sourceHeRef": "שבת ס״ג ב", 
                    "index_title": "Shabbat", 
                    "sourceRef": "Shabbat 63b"
                }, 
                {
                    "category": "Talmud", 
                    "sourceHeRef": "שבת ס״ד ב", 
                    "index_title": "Shabbat", 
                    "sourceRef": "Shabbat 64b"
                }
            ], 
            "text": ""
        }, 
        {
            "segmentNumber": "9", 
            "he": "<b>מתני'</b>  יוצאת אשה בחוטי  שער בין משלה בין משל חברתה בין  משל בהמה בטוטפת ובשרביטין בזמן שהן תפורין בכבול ", 
            "links": [], 
            "text": ""
        }
    ], 
    "heRef": "רי\"ף שבת כ״ח ב", 
    "toSections": [
        "28b"
    ], 
    "sectionRef": "Rif Shabbat 28b", 
    "title": "Rif Shabbat 28b", 
    "next": "Rif Shabbat 29a", 
    "heBook": "רי\"ף שבת", 
    "book": "Rif Shabbat", 
    "prev": "Rif Shabbat 28a", 
    "textDepth": 2, 
    "sectionNames": [
        "Daf", 
        "Peirush"
    ], 
    "sections": [
        "28b"
    ], 
    "isComplex": false, 
    "titleVariants": [
        "Rif Shabbat"
    ], 
    "categories": [
        "Talmud", 
        "Rif", 
        "Seder Moed"
    ], 
    "ref": "Rif Shabbat 28b", 
    "type": "Talmud", 
    "addressTypes": [
        "Talmud", 
        "Integer"
    ], 
    "indexTitle": "Rif Shabbat", 
    "heIndexTitle": "רי\"ף שבת", 
    "alts": [], 
    "order": ""
}