{
    "content": [
        {
            "segmentNumber": "1", 
            "he": "א\"ר בא אתא עובדא קומי רבי יסא ובעא מיעבד כרבי יוחנן כד שמע דרב ורבי חנינה תרויהון פליגין שמע מינה דאיתפלגון שירי פתילה שירי מדורה שירי שמן שכבו בשבת מהו להדליקם ביו\"ט רב ורבי חנינה תריהון אמרין אסור ורבי יוחנן אמר מותר א\"ר מנא קומי רבי יודן מה אפכן לה פתילה גבי ביצה א\"ל מן מה דאנן חמיי רבנן מדמיי לה הדא אמרה היא הדא היא הדא משם ארבעה זקנים אמרו הנאכל עירובו בראשון הרי הוא כבני עירו בשני רב חונה בשם רב הלכה כארבעה זקנים רב חסדא בעי מחלפה שטתיה דרב תמן הוא עבד לה שתי קדושות והכא הוא עבד לה קדושה אחת דאיתפלגון שירי פתילה שירי מדורה שירי שמן שכברו בשבת מהו להדליקם ביום טוב רב ור' חנינה תרויהון אמרין אסור ורבי יוחנן אמר מותר וא\"ר מנא קומי רבי יודן מה אפכן לה פתילה גבי ביצה א\"ל מן מה דאנן חמיי רבנן מדמי לה הדא אמרה היא הדא היא הדא הכל מודין בנשרין שהן אסורין רבי בון בר חייה בעא קומי ר' זעירה מה בין נשרין מה בין בצים אילו נשרין באימותיהן שמא אינן אסורין אילו בצים באימותיהן שמא אינן מותרות מעתה נולדה בי\"ט לא תיאכל בשבת בשבת לא תיאכל בי\"ט א\"ל וכיני לא דייך שהחמרתה עליה שאם נולדה ביום טוב לא תיאכל ביום טוב בשבת לא תיאכל בשבת אלא שאת מבקש להחמיר עליה שאם נולדה ביום יום טוב לא תיאכל בשבת בשבת לא תיאכל ביום טוב רבי ירמיה בעי עיטורי סוכה"
        }
    ], 
    "heTitle": "תלמוד ירושלמי ביצה ג׳ א", 
    "indexTitle": "Jerusalem Talmud Beitzah", 
    "sectionRef": "Jerusalem Talmud Beitzah 3a", 
    "prev": "Jerusalem Talmud Beitzah 2b", 
    "ref": "Jerusalem Talmud Beitzah 3a", 
    "heRef": "תלמוד ירושלמי ביצה ג׳ א", 
    "next": "Jerusalem Talmud Beitzah 3b"
}