{
    "sections": {
        "Rashi on Shabbat 26a:2": {
            "content": [
                {
                    "segmentNumber": "1", 
                    "links": [
                        {
                            "category": "Talmud", 
                            "index_title": "Shabbat", 
                            "sourceHeRef": "שבת כ״ו א:ב׳", 
                            "sourceRef": "Shabbat 26a:2"
                        }
                    ], 
                    "he": "שהוא עף - ונדבק בכותלי הבית ומדליק את הבית:"
                }
            ], 
            "heTitle": "רש\"י על שבת כ״ו א:ב׳", 
            "indexTitle": "Rashi on Shabbat", 
            "sectionRef": "Rashi on Shabbat 26a:2", 
            "prev": "Rashi on Shabbat 25b:49", 
            "ref": "Rashi on Shabbat 26a:2", 
            "heRef": "רש\"י על שבת כ״ו א:ב׳", 
            "next": "Rashi on Shabbat 26a:5"
        }, 
        "Rashi on Shabbat 26a:3": {
            "content": [], 
            "heTitle": "רש\"י על שבת כ״ו א:ג׳", 
            "indexTitle": "Rashi on Shabbat", 
            "sectionRef": "Rashi on Shabbat 26a:3", 
            "prev": "Rashi on Shabbat 26a:2", 
            "ref": "Rashi on Shabbat 26a:3", 
            "heRef": "רש\"י על שבת כ״ו א:ג׳", 
            "next": "Rashi on Shabbat 26a:5"
        }, 
        "Rashi on Shabbat 26a:1": {
            "content": [], 
            "heTitle": "רש\"י על שבת כ״ו א:א׳", 
            "indexTitle": "Rashi on Shabbat", 
            "sectionRef": "Rashi on Shabbat 26a:1", 
            "prev": "Rashi on Shabbat 25b:49", 
            "ref": "Rashi on Shabbat 26a:1", 
            "heRef": "רש\"י על שבת כ״ו א:א׳", 
            "next": "Rashi on Shabbat 26a:2"
        }, 
        "Rashi on Shabbat 26a:6": {
            "content": [], 
            "heTitle": "רש\"י על שבת כ״ו א:ו׳", 
            "indexTitle": "Rashi on Shabbat", 
            "sectionRef": "Rashi on Shabbat 26a:6", 
            "prev": "Rashi on Shabbat 26a:5", 
            "ref": "Rashi on Shabbat 26a:6", 
            "heRef": "רש\"י על שבת כ״ו א:ו׳", 
            "next": "Rashi on Shabbat 26a:9"
        }, 
        "Rashi on Shabbat 26a:7": {
            "content": [], 
            "heTitle": "רש\"י על שבת כ״ו א:ז׳", 
            "indexTitle": "Rashi on Shabbat", 
            "sectionRef": "Rashi on Shabbat 26a:7", 
            "prev": "Rashi on Shabbat 26a:5", 
            "ref": "Rashi on Shabbat 26a:7", 
            "heRef": "רש\"י על שבת כ״ו א:ז׳", 
            "next": "Rashi on Shabbat 26a:9"
        }, 
        "Rashi on Shabbat 26a:4": {
            "content": [], 
            "heTitle": "רש\"י על שבת כ״ו א:ד׳", 
            "indexTitle": "Rashi on Shabbat", 
            "sectionRef": "Rashi on Shabbat 26a:4", 
            "prev": "Rashi on Shabbat 26a:2", 
            "ref": "Rashi on Shabbat 26a:4", 
            "heRef": "רש\"י על שבת כ״ו א:ד׳", 
            "next": "Rashi on Shabbat 26a:5"
        }, 
        "Rashi on Shabbat 26a:5": {
            "content": [
                {
                    "segmentNumber": "1", 
                    "links": [
                        {
                            "category": "Talmud", 
                            "index_title": "Shabbat", 
                            "sourceHeRef": "שבת כ״ו א:ה׳", 
                            "sourceRef": "Shabbat 26a:5"
                        }
                    ], 
                    "he": "חמתא - חמותה:"
                }
            ], 
            "heTitle": "רש\"י על שבת כ״ו א:ה׳", 
            "indexTitle": "Rashi on Shabbat", 
            "sectionRef": "Rashi on Shabbat 26a:5", 
            "prev": "Rashi on Shabbat 26a:2", 
            "ref": "Rashi on Shabbat 26a:5", 
            "heRef": "רש\"י על שבת כ״ו א:ה׳", 
            "next": "Rashi on Shabbat 26a:9"
        }, 
        "Rashi on Shabbat 26a:8": {
            "content": [], 
            "heTitle": "רש\"י על שבת כ״ו א:ח׳", 
            "indexTitle": "Rashi on Shabbat", 
            "sectionRef": "Rashi on Shabbat 26a:8", 
            "prev": "Rashi on Shabbat 26a:5", 
            "ref": "Rashi on Shabbat 26a:8", 
            "heRef": "רש\"י על שבת כ״ו א:ח׳", 
            "next": "Rashi on Shabbat 26a:9"
        }, 
        "Rashi on Shabbat 26a:9": {
            "content": [
                {
                    "segmentNumber": "1", 
                    "links": [
                        {
                            "category": "Talmud", 
                            "index_title": "Shabbat", 
                            "sourceHeRef": "שבת כ״ו א:ט׳", 
                            "sourceRef": "Shabbat 26a:9"
                        }
                    ], 
                    "he": "איתלי שרגא - הדלק את הנר:"
                }
            ], 
            "heTitle": "רש\"י על שבת כ״ו א:ט׳", 
            "indexTitle": "Rashi on Shabbat", 
            "sectionRef": "Rashi on Shabbat 26a:9", 
            "prev": "Rashi on Shabbat 26a:5", 
            "ref": "Rashi on Shabbat 26a:9", 
            "heRef": "רש\"י על שבת כ״ו א:ט׳", 
            "next": "Rashi on Shabbat 26a:11"
        }, 
        "Rashi on Shabbat 26a:43": {
            "content": [], 
            "heTitle": "רש\"י על שבת כ״ו א:מ״ג", 
            "indexTitle": "Rashi on Shabbat", 
            "sectionRef": "Rashi on Shabbat 26a:43", 
            "prev": "Rashi on Shabbat 26a:42", 
            "ref": "Rashi on Shabbat 26a:43", 
            "heRef": "רש\"י על שבת כ״ו א:מ״ג", 
            "next": "Rashi on Shabbat 26b:1"
        }, 
        "Rashi on Shabbat 26a:42": {
            "content": [
                {
                    "segmentNumber": "1", 
                    "links": [
                        {
                            "category": "Talmud", 
                            "index_title": "Shabbat", 
                            "sourceHeRef": "שבת כ״ו א:מ״ב", 
                            "sourceRef": "Shabbat 26a:42"
                        }
                    ], 
                    "he": "אין בו משום שלש על שלש - לקבל טומאה בג' אצבעות:"
                }, 
                {
                    "segmentNumber": "2", 
                    "links": [
                        {
                            "category": "Talmud", 
                            "index_title": "Shabbat", 
                            "sourceHeRef": "שבת כ״ו א:מ״ב", 
                            "sourceRef": "Shabbat 26a:42"
                        }
                    ], 
                    "he": "יוצא מן העץ - כמו קנבוס וצמר גפן:"
                }, 
                {
                    "segmentNumber": "3", 
                    "links": [
                        {
                            "category": "Talmud", 
                            "index_title": "Shabbat", 
                            "sourceHeRef": "שבת כ״ו א:מ״ב", 
                            "sourceRef": "Shabbat 26a:42"
                        }
                    ], 
                    "he": "ומסככים בו - סוכה הואיל ואינו מקבל טומאה דאין מסככין בדבר המקבל טומאה כדילפינן במסכ' סוכה (דף יב:) מגרנך ומיקבך:"
                }, 
                {
                    "segmentNumber": "4", 
                    "links": [
                        {
                            "category": "Talmud", 
                            "index_title": "Shabbat", 
                            "sourceHeRef": "שבת כ״ו א:מ״ב", 
                            "sourceRef": "Shabbat 26a:42"
                        }
                    ], 
                    "he": "חוץ מפשתן - דילפינן לקמן דאיקרי עץ ומקבל טומאת נגעים אפילו אונין שבו כדלקמן הלכך אין מסככין באונין:"
                }
            ], 
            "heTitle": "רש\"י על שבת כ״ו א:מ״ב", 
            "indexTitle": "Rashi on Shabbat", 
            "sectionRef": "Rashi on Shabbat 26a:42", 
            "prev": "Rashi on Shabbat 26a:40", 
            "ref": "Rashi on Shabbat 26a:42", 
            "heRef": "רש\"י על שבת כ״ו א:מ״ב", 
            "next": "Rashi on Shabbat 26b:1"
        }, 
        "Rashi on Shabbat 26a:41": {
            "content": [], 
            "heTitle": "רש\"י על שבת כ״ו א:מ״א", 
            "indexTitle": "Rashi on Shabbat", 
            "sectionRef": "Rashi on Shabbat 26a:41", 
            "prev": "Rashi on Shabbat 26a:40", 
            "ref": "Rashi on Shabbat 26a:41", 
            "heRef": "רש\"י על שבת כ״ו א:מ״א", 
            "next": "Rashi on Shabbat 26a:42"
        }, 
        "Rashi on Shabbat 26a:40": {
            "content": [
                {
                    "segmentNumber": "1", 
                    "links": [
                        {
                            "category": "Talmud", 
                            "index_title": "Shabbat", 
                            "sourceHeRef": "שבת כ״ו א:מ׳", 
                            "sourceRef": "Shabbat 26a:40"
                        }
                    ], 
                    "he": "איכא בינייהו דרב ברונא - דאמר צריך לתת לתוכו שמן כל שהוא אי נמי דאכשר חלב מהותך בתערובת שמן כל שהוא חד מהנך תנאי סבר לדרב ברונא דחלב ניתר בתערובת אבל שמן דגים אפילו בעיניה וחד סבר שמן דגים על ידי תערובת אבל חלב כלל וכלל לא:"
                }
            ], 
            "heTitle": "רש\"י על שבת כ״ו א:מ׳", 
            "indexTitle": "Rashi on Shabbat", 
            "sectionRef": "Rashi on Shabbat 26a:40", 
            "prev": "Rashi on Shabbat 26a:39", 
            "ref": "Rashi on Shabbat 26a:40", 
            "heRef": "רש\"י על שבת כ״ו א:מ׳", 
            "next": "Rashi on Shabbat 26a:42"
        }, 
        "Rashi on Shabbat 26a:32": {
            "content": [], 
            "heTitle": "רש\"י על שבת כ״ו א:ל״ב", 
            "indexTitle": "Rashi on Shabbat", 
            "sectionRef": "Rashi on Shabbat 26a:32", 
            "prev": "Rashi on Shabbat 26a:30", 
            "ref": "Rashi on Shabbat 26a:32", 
            "heRef": "רש\"י על שבת כ״ו א:ל״ב", 
            "next": "Rashi on Shabbat 26a:36"
        }, 
        "Rashi on Shabbat 26a:33": {
            "content": [], 
            "heTitle": "רש\"י על שבת כ״ו א:ל״ג", 
            "indexTitle": "Rashi on Shabbat", 
            "sectionRef": "Rashi on Shabbat 26a:33", 
            "prev": "Rashi on Shabbat 26a:30", 
            "ref": "Rashi on Shabbat 26a:33", 
            "heRef": "רש\"י על שבת כ״ו א:ל״ג", 
            "next": "Rashi on Shabbat 26a:36"
        }, 
        "Rashi on Shabbat 26a:30": {
            "content": [
                {
                    "segmentNumber": "1", 
                    "links": [
                        {
                            "category": "Talmud", 
                            "index_title": "Shabbat", 
                            "sourceHeRef": "שבת כ״ו א:ל׳", 
                            "sourceRef": "Shabbat 26a:30"
                        }
                    ], 
                    "he": "מן הפרי - לאפוקי שמן דגים ועטרן וצרי:"
                }
            ], 
            "heTitle": "רש\"י על שבת כ״ו א:ל׳", 
            "indexTitle": "Rashi on Shabbat", 
            "sectionRef": "Rashi on Shabbat 26a:30", 
            "prev": "Rashi on Shabbat 26a:26", 
            "ref": "Rashi on Shabbat 26a:30", 
            "heRef": "רש\"י על שבת כ״ו א:ל׳", 
            "next": "Rashi on Shabbat 26a:36"
        }, 
        "Rashi on Shabbat 26a:31": {
            "content": [], 
            "heTitle": "רש\"י על שבת כ״ו א:ל״א", 
            "indexTitle": "Rashi on Shabbat", 
            "sectionRef": "Rashi on Shabbat 26a:31", 
            "prev": "Rashi on Shabbat 26a:30", 
            "ref": "Rashi on Shabbat 26a:31", 
            "heRef": "רש\"י על שבת כ״ו א:ל״א", 
            "next": "Rashi on Shabbat 26a:36"
        }, 
        "Rashi on Shabbat 26a:36": {
            "content": [
                {
                    "segmentNumber": "1", 
                    "links": [
                        {
                            "category": "Talmud", 
                            "index_title": "Shabbat", 
                            "sourceHeRef": "שבת כ״ו א:ל״ו", 
                            "sourceRef": "Shabbat 26a:36"
                        }
                    ], 
                    "he": "אין לך אלא מה שאמרו חכמים אין מדליקין בהן - כגון פסולי שמנים דמתניתין:"
                }
            ], 
            "heTitle": "רש\"י על שבת כ״ו א:ל״ו", 
            "indexTitle": "Rashi on Shabbat", 
            "sectionRef": "Rashi on Shabbat 26a:36", 
            "prev": "Rashi on Shabbat 26a:30", 
            "ref": "Rashi on Shabbat 26a:36", 
            "heRef": "רש\"י על שבת כ״ו א:ל״ו", 
            "next": "Rashi on Shabbat 26a:37"
        }, 
        "Rashi on Shabbat 26a:37": {
            "content": [
                {
                    "segmentNumber": "1", 
                    "links": [
                        {
                            "category": "Talmud", 
                            "index_title": "Shabbat", 
                            "sourceHeRef": "שבת כ״ו א:ל״ז", 
                            "sourceRef": "Shabbat 26a:37"
                        }
                    ], 
                    "he": "ומדליקין בשמן דגים - ואע\"ג דדמי לחלב ואינו יוצא מפרי:"
                }, 
                {
                    "segmentNumber": "2", 
                    "links": [
                        {
                            "category": "Talmud", 
                            "index_title": "Shabbat", 
                            "sourceHeRef": "שבת כ״ו א:ל״ז", 
                            "sourceRef": "Shabbat 26a:37"
                        }
                    ], 
                    "he": "ובעטרן - ואע\"ג דמזפת קאתי:"
                }
            ], 
            "heTitle": "רש\"י על שבת כ״ו א:ל״ז", 
            "indexTitle": "Rashi on Shabbat", 
            "sectionRef": "Rashi on Shabbat 26a:37", 
            "prev": "Rashi on Shabbat 26a:36", 
            "ref": "Rashi on Shabbat 26a:37", 
            "heRef": "רש\"י על שבת כ״ו א:ל״ז", 
            "next": "Rashi on Shabbat 26a:39"
        }, 
        "Rashi on Shabbat 26a:34": {
            "content": [], 
            "heTitle": "רש\"י על שבת כ״ו א:ל״ד", 
            "indexTitle": "Rashi on Shabbat", 
            "sectionRef": "Rashi on Shabbat 26a:34", 
            "prev": "Rashi on Shabbat 26a:30", 
            "ref": "Rashi on Shabbat 26a:34", 
            "heRef": "רש\"י על שבת כ״ו א:ל״ד", 
            "next": "Rashi on Shabbat 26a:36"
        }, 
        "Rashi on Shabbat 26a:35": {
            "content": [], 
            "heTitle": "רש\"י על שבת כ״ו א:ל״ה", 
            "indexTitle": "Rashi on Shabbat", 
            "sectionRef": "Rashi on Shabbat 26a:35", 
            "prev": "Rashi on Shabbat 26a:30", 
            "ref": "Rashi on Shabbat 26a:35", 
            "heRef": "רש\"י על שבת כ״ו א:ל״ה", 
            "next": "Rashi on Shabbat 26a:36"
        }, 
        "Rashi on Shabbat 26a:38": {
            "content": [], 
            "heTitle": "רש\"י על שבת כ״ו א:ל״ח", 
            "indexTitle": "Rashi on Shabbat", 
            "sectionRef": "Rashi on Shabbat 26a:38", 
            "prev": "Rashi on Shabbat 26a:37", 
            "ref": "Rashi on Shabbat 26a:38", 
            "heRef": "רש\"י על שבת כ״ו א:ל״ח", 
            "next": "Rashi on Shabbat 26a:39"
        }, 
        "Rashi on Shabbat 26a:39": {
            "content": [
                {
                    "segmentNumber": "1", 
                    "links": [
                        {
                            "category": "Talmud", 
                            "index_title": "Shabbat", 
                            "sourceHeRef": "שבת כ״ו א:ל״ט", 
                            "sourceRef": "Shabbat 26a:39"
                        }
                    ], 
                    "he": "סומכוס היינו ת\"ק - ר' יוחנן בן נורי דפסיל כל הנך דמתניתין וחלב אימני בהדייהו דהוא יוצא מן הבשר ואכשר בשמן דגים:"
                }
            ], 
            "heTitle": "רש\"י על שבת כ״ו א:ל״ט", 
            "indexTitle": "Rashi on Shabbat", 
            "sectionRef": "Rashi on Shabbat 26a:39", 
            "prev": "Rashi on Shabbat 26a:37", 
            "ref": "Rashi on Shabbat 26a:39", 
            "heRef": "רש\"י על שבת כ״ו א:ל״ט", 
            "next": "Rashi on Shabbat 26a:40"
        }, 
        "Rashi on Shabbat 26a:18": {
            "content": [], 
            "heTitle": "רש\"י על שבת כ״ו א:י״ח", 
            "indexTitle": "Rashi on Shabbat", 
            "sectionRef": "Rashi on Shabbat 26a:18", 
            "prev": "Rashi on Shabbat 26a:16", 
            "ref": "Rashi on Shabbat 26a:18", 
            "heRef": "רש\"י על שבת כ״ו א:י״ח", 
            "next": "Rashi on Shabbat 26a:22"
        }, 
        "Rashi on Shabbat 26a:19": {
            "content": [], 
            "heTitle": "רש\"י על שבת כ״ו א:י״ט", 
            "indexTitle": "Rashi on Shabbat", 
            "sectionRef": "Rashi on Shabbat 26a:19", 
            "prev": "Rashi on Shabbat 26a:16", 
            "ref": "Rashi on Shabbat 26a:19", 
            "heRef": "רש\"י על שבת כ״ו א:י״ט", 
            "next": "Rashi on Shabbat 26a:22"
        }, 
        "Rashi on Shabbat 26a:10": {
            "content": [], 
            "heTitle": "רש\"י על שבת כ״ו א:י׳", 
            "indexTitle": "Rashi on Shabbat", 
            "sectionRef": "Rashi on Shabbat 26a:10", 
            "prev": "Rashi on Shabbat 26a:9", 
            "ref": "Rashi on Shabbat 26a:10", 
            "heRef": "רש\"י על שבת כ״ו א:י׳", 
            "next": "Rashi on Shabbat 26a:11"
        }, 
        "Rashi on Shabbat 26a:11": {
            "content": [
                {
                    "segmentNumber": "1", 
                    "links": [
                        {
                            "category": "Talmud", 
                            "index_title": "Shabbat", 
                            "sourceHeRef": "שבת כ״ו א:י״א", 
                            "sourceRef": "Shabbat 26a:11"
                        }
                    ], 
                    "he": "לכורמים - לשון מאספים כמו כורמים עליו את הכלים לקמן בפרק רבי עקיבא (דף פח:):"
                }
            ], 
            "heTitle": "רש\"י על שבת כ״ו א:י״א", 
            "indexTitle": "Rashi on Shabbat", 
            "sectionRef": "Rashi on Shabbat 26a:11", 
            "prev": "Rashi on Shabbat 26a:9", 
            "ref": "Rashi on Shabbat 26a:11", 
            "heRef": "רש\"י על שבת כ״ו א:י״א", 
            "next": "Rashi on Shabbat 26a:13"
        }, 
        "Rashi on Shabbat 26a:12": {
            "content": [], 
            "heTitle": "רש\"י על שבת כ״ו א:י״ב", 
            "indexTitle": "Rashi on Shabbat", 
            "sectionRef": "Rashi on Shabbat 26a:12", 
            "prev": "Rashi on Shabbat 26a:11", 
            "ref": "Rashi on Shabbat 26a:12", 
            "heRef": "רש\"י על שבת כ״ו א:י״ב", 
            "next": "Rashi on Shabbat 26a:13"
        }, 
        "Rashi on Shabbat 26a:13": {
            "content": [
                {
                    "segmentNumber": "1", 
                    "links": [
                        {
                            "category": "Talmud", 
                            "index_title": "Shabbat", 
                            "sourceHeRef": "שבת כ״ו א:י״ג", 
                            "sourceRef": "Shabbat 26a:13"
                        }
                    ], 
                    "he": "עד רמתא - שם מקום:"
                }
            ], 
            "heTitle": "רש\"י על שבת כ״ו א:י״ג", 
            "indexTitle": "Rashi on Shabbat", 
            "sectionRef": "Rashi on Shabbat 26a:13", 
            "prev": "Rashi on Shabbat 26a:11", 
            "ref": "Rashi on Shabbat 26a:13", 
            "heRef": "רש\"י על שבת כ״ו א:י״ג", 
            "next": "Rashi on Shabbat 26a:14"
        }, 
        "Rashi on Shabbat 26a:14": {
            "content": [
                {
                    "segmentNumber": "1", 
                    "links": [
                        {
                            "category": "Talmud", 
                            "index_title": "Shabbat", 
                            "sourceHeRef": "שבת כ״ו א:י״ד", 
                            "sourceRef": "Shabbat 26a:14"
                        }
                    ], 
                    "he": "וליוגבים - לשון יקבים שעוצרין ופוצעין את החלזון להוציא דמו כדאמרן בפרק כלל גדול לקמן (דף עה.) והניחם נבוזראדן ללבושי המלך:"
                }, 
                {
                    "segmentNumber": "2", 
                    "links": [
                        {
                            "category": "Talmud", 
                            "index_title": "Shabbat", 
                            "sourceHeRef": "שבת כ״ו א:י״ד", 
                            "sourceRef": "Shabbat 26a:14"
                        }
                    ], 
                    "he": "סולמא דצור - מעלה הר וקצרה המסילה וגבוהה וקורין אותה פוייאיא\"ה:"
                }
            ], 
            "heTitle": "רש\"י על שבת כ״ו א:י״ד", 
            "indexTitle": "Rashi on Shabbat", 
            "sectionRef": "Rashi on Shabbat 26a:14", 
            "prev": "Rashi on Shabbat 26a:13", 
            "ref": "Rashi on Shabbat 26a:14", 
            "heRef": "רש\"י על שבת כ״ו א:י״ד", 
            "next": "Rashi on Shabbat 26a:16"
        }, 
        "Rashi on Shabbat 26a:15": {
            "content": [], 
            "heTitle": "רש\"י על שבת כ״ו א:ט״ו", 
            "indexTitle": "Rashi on Shabbat", 
            "sectionRef": "Rashi on Shabbat 26a:15", 
            "prev": "Rashi on Shabbat 26a:14", 
            "ref": "Rashi on Shabbat 26a:15", 
            "heRef": "רש\"י על שבת כ״ו א:ט״ו", 
            "next": "Rashi on Shabbat 26a:16"
        }, 
        "Rashi on Shabbat 26a:16": {
            "content": [
                {
                    "segmentNumber": "1", 
                    "links": [
                        {
                            "category": "Talmud", 
                            "index_title": "Shabbat", 
                            "sourceHeRef": "שבת כ״ו א:ט״ז", 
                            "sourceRef": "Shabbat 26a:16"
                        }
                    ], 
                    "he": "אין מדליקין בטבל טמא - וכ\"ש בטהור ולקמיה מפרש טעמא:"
                }
            ], 
            "heTitle": "רש\"י על שבת כ״ו א:ט״ז", 
            "indexTitle": "Rashi on Shabbat", 
            "sectionRef": "Rashi on Shabbat 26a:16", 
            "prev": "Rashi on Shabbat 26a:14", 
            "ref": "Rashi on Shabbat 26a:16", 
            "heRef": "רש\"י על שבת כ״ו א:ט״ז", 
            "next": "Rashi on Shabbat 26a:22"
        }, 
        "Rashi on Shabbat 26a:17": {
            "content": [], 
            "heTitle": "רש\"י על שבת כ״ו א:י״ז", 
            "indexTitle": "Rashi on Shabbat", 
            "sectionRef": "Rashi on Shabbat 26a:17", 
            "prev": "Rashi on Shabbat 26a:16", 
            "ref": "Rashi on Shabbat 26a:17", 
            "heRef": "רש\"י על שבת כ״ו א:י״ז", 
            "next": "Rashi on Shabbat 26a:22"
        }, 
        "Rashi on Shabbat 26a:25": {
            "content": [], 
            "heTitle": "רש\"י על שבת כ״ו א:כ״ה", 
            "indexTitle": "Rashi on Shabbat", 
            "sectionRef": "Rashi on Shabbat 26a:25", 
            "prev": "Rashi on Shabbat 26a:24", 
            "ref": "Rashi on Shabbat 26a:25", 
            "heRef": "רש\"י על שבת כ״ו א:כ״ה", 
            "next": "Rashi on Shabbat 26a:26"
        }, 
        "Rashi on Shabbat 26a:24": {
            "content": [
                {
                    "segmentNumber": "1", 
                    "links": [
                        {
                            "category": "Talmud", 
                            "index_title": "Shabbat", 
                            "sourceHeRef": "שבת כ״ו א:כ״ד", 
                            "sourceRef": "Shabbat 26a:24"
                        }
                    ], 
                    "he": "אין מדליקין בצרי - כדמפרש לעיל ועוד כדקתני ואזיל דאינו בא מן הפרי אלא מן העץ שרף בעלמא והוה ליה כזפת ואינו נמשך לישנא אחרינא וכן היה רבי שמעון בן אלעזר אומר כו' לאו טעמא למילתיה יהיב אלא הכי קאמר ועוד היה אומר דבר אחר בצרי:"
                }
            ], 
            "heTitle": "רש\"י על שבת כ״ו א:כ״ד", 
            "indexTitle": "Rashi on Shabbat", 
            "sectionRef": "Rashi on Shabbat 26a:24", 
            "prev": "Rashi on Shabbat 26a:22", 
            "ref": "Rashi on Shabbat 26a:24", 
            "heRef": "רש\"י על שבת כ״ו א:כ״ד", 
            "next": "Rashi on Shabbat 26a:26"
        }, 
        "Rashi on Shabbat 26a:27": {
            "content": [], 
            "heTitle": "רש\"י על שבת כ״ו א:כ״ז", 
            "indexTitle": "Rashi on Shabbat", 
            "sectionRef": "Rashi on Shabbat 26a:27", 
            "prev": "Rashi on Shabbat 26a:26", 
            "ref": "Rashi on Shabbat 26a:27", 
            "heRef": "רש\"י על שבת כ״ו א:כ״ז", 
            "next": "Rashi on Shabbat 26a:30"
        }, 
        "Rashi on Shabbat 26a:26": {
            "content": [
                {
                    "segmentNumber": "1", 
                    "links": [
                        {
                            "category": "Talmud", 
                            "index_title": "Shabbat", 
                            "sourceHeRef": "שבת כ״ו א:כ״ו", 
                            "sourceRef": "Shabbat 26a:26"
                        }
                    ], 
                    "he": "עצי הקטף - כך שמם:"
                }
            ], 
            "heTitle": "רש\"י על שבת כ״ו א:כ״ו", 
            "indexTitle": "Rashi on Shabbat", 
            "sectionRef": "Rashi on Shabbat 26a:26", 
            "prev": "Rashi on Shabbat 26a:24", 
            "ref": "Rashi on Shabbat 26a:26", 
            "heRef": "רש\"י על שבת כ״ו א:כ״ו", 
            "next": "Rashi on Shabbat 26a:30"
        }, 
        "Rashi on Shabbat 26a:21": {
            "content": [], 
            "heTitle": "רש\"י על שבת כ״ו א:כ״א", 
            "indexTitle": "Rashi on Shabbat", 
            "sectionRef": "Rashi on Shabbat 26a:21", 
            "prev": "Rashi on Shabbat 26a:16", 
            "ref": "Rashi on Shabbat 26a:21", 
            "heRef": "רש\"י על שבת כ״ו א:כ״א", 
            "next": "Rashi on Shabbat 26a:22"
        }, 
        "Rashi on Shabbat 26a:20": {
            "content": [], 
            "heTitle": "רש\"י על שבת כ״ו א:כ׳", 
            "indexTitle": "Rashi on Shabbat", 
            "sectionRef": "Rashi on Shabbat 26a:20", 
            "prev": "Rashi on Shabbat 26a:16", 
            "ref": "Rashi on Shabbat 26a:20", 
            "heRef": "רש\"י על שבת כ״ו א:כ׳", 
            "next": "Rashi on Shabbat 26a:22"
        }, 
        "Rashi on Shabbat 26a:23": {
            "content": [], 
            "heTitle": "רש\"י על שבת כ״ו א:כ״ג", 
            "indexTitle": "Rashi on Shabbat", 
            "sectionRef": "Rashi on Shabbat 26a:23", 
            "prev": "Rashi on Shabbat 26a:22", 
            "ref": "Rashi on Shabbat 26a:23", 
            "heRef": "רש\"י על שבת כ״ו א:כ״ג", 
            "next": "Rashi on Shabbat 26a:24"
        }, 
        "Rashi on Shabbat 26a:22": {
            "content": [
                {
                    "segmentNumber": "1", 
                    "links": [
                        {
                            "category": "Talmud", 
                            "index_title": "Shabbat", 
                            "sourceHeRef": "שבת כ״ו א:כ״ב", 
                            "sourceRef": "Shabbat 26a:22"
                        }
                    ], 
                    "he": "מה תרומה טהורה - שהיא לאכילה אין לך בה אלא משעת הרמה ואילך ומקמי הכי אסירא שהרי טבל במיתה לאוכלה אף תרומה טמאה אע\"פ שאין אתה אוכלה אלא מסיקה אסור להסיקו בטבלו:"
                }
            ], 
            "heTitle": "רש\"י על שבת כ״ו א:כ״ב", 
            "indexTitle": "Rashi on Shabbat", 
            "sectionRef": "Rashi on Shabbat 26a:22", 
            "prev": "Rashi on Shabbat 26a:16", 
            "ref": "Rashi on Shabbat 26a:22", 
            "heRef": "רש\"י על שבת כ״ו א:כ״ב", 
            "next": "Rashi on Shabbat 26a:24"
        }, 
        "Rashi on Shabbat 26a:29": {
            "content": [], 
            "heTitle": "רש\"י על שבת כ״ו א:כ״ט", 
            "indexTitle": "Rashi on Shabbat", 
            "sectionRef": "Rashi on Shabbat 26a:29", 
            "prev": "Rashi on Shabbat 26a:26", 
            "ref": "Rashi on Shabbat 26a:29", 
            "heRef": "רש\"י על שבת כ״ו א:כ״ט", 
            "next": "Rashi on Shabbat 26a:30"
        }, 
        "Rashi on Shabbat 26a:28": {
            "content": [], 
            "heTitle": "רש\"י על שבת כ״ו א:כ״ח", 
            "indexTitle": "Rashi on Shabbat", 
            "sectionRef": "Rashi on Shabbat 26a:28", 
            "prev": "Rashi on Shabbat 26a:26", 
            "ref": "Rashi on Shabbat 26a:28", 
            "heRef": "רש\"י על שבת כ״ו א:כ״ח", 
            "next": "Rashi on Shabbat 26a:30"
        }
    }, 
    "ref": "Rashi on Shabbat 26a"
}