{
    "heTitleVariants": [
        "מגילה"
    ], 
    "heTitle": "מגילה י״ג א", 
    "content": [
        {
            "segmentNumber": "1", 
            "he": "דלא קטליה דוד לשמעי דאתיליד מיניה מרדכי דמיקני ביה המן", 
            "links": [
                {
                    "category": "Commentary", 
                    "sourceHeRef": "רש\"י על מגילה י״ג א:א׳:א׳", 
                    "index_title": "Rashi on Megillah", 
                    "sourceRef": "Rashi on Megillah 13a:1:1"
                }
            ], 
            "text": "that David did not kill Shimei from whom was descended Mordecai who provoked Haman."
        }, 
        {
            "segmentNumber": "2", 
            "he": "ומה שילם לי ימיני דלא קטליה שאול לאגג דאתיליד מיניה המן דמצער לישראל", 
            "links": [], 
            "text": "“And how a Benjamite repaid me”, that Saul did not slay Agag from whom was descended Haman who oppressed Israel."
        }, 
        {
            "segmentNumber": "3", 
            "he": "רבי יוחנן אמר", 
            "links": [], 
            "text": "Yohanan said:"
        }, 
        {
            "segmentNumber": "4", 
            "he": "לעולם מבנימן קאתי ואמאי קרי ליה יהודי על שום שכפר בע\"ז", 
            "links": [], 
            "text": "He did indeed come from Benjamin. Why then was he called “a Jew”? Because he denied idolatry."
        }, 
        {
            "segmentNumber": "5", 
            "he": "שכל הכופר בע\"ז נקרא יהודי כדכתיב (דניאל ג, יב) איתי גוברין יהודאין וגו'", 
            "links": [
                {
                    "category": "Commentary", 
                    "sourceHeRef": "רש\"י על מגילה י״ג א:ה׳:א׳", 
                    "index_title": "Rashi on Megillah", 
                    "sourceRef": "Rashi on Megillah 13a:5:1"
                }, 
                {
                    "category": "Commentary", 
                    "sourceHeRef": "תוספות על מגילה י״ג א:ה׳:א׳", 
                    "index_title": "Tosafot on Megillah", 
                    "sourceRef": "Tosafot on Megillah 13a:5:1"
                }, 
                {
                    "category": "Tanakh", 
                    "sourceHeRef": "דניאל ג׳:י״ב", 
                    "index_title": "Daniel", 
                    "sourceRef": "Daniel 3:12"
                }, 
                {
                    "category": "Tanakh", 
                    "sourceHeRef": "דניאל ג׳:י״ג", 
                    "index_title": "Daniel", 
                    "sourceRef": "Daniel 3:13"
                }, 
                {
                    "category": "Commentary", 
                    "sourceHeRef": " חידושי אגדות על מסכת מגילה י״ג א:א׳", 
                    "index_title": "Chidushei Agadot on Megillah", 
                    "sourceRef": "Chidushei Agadot on Megillah 13a:1"
                }
            ], 
            "text": "For anyone who denies idolatry is called ‘a Jew’, as it is written, “There are certain Jews etc.” (Daniel 3:13)."
        }, 
        {
            "segmentNumber": "6", 
            "he": "רבי שמעון בן פזי כי הוה פתח בדברי הימים אמר הכי", 
            "links": [], 
            "text": "R. Shimon b. Pazzi when he would begin an exposition of the Book of Chronicles would say the following:"
        }, 
        {
            "segmentNumber": "7", 
            "he": "כל דבריך אחד הם ואנו יודעין לדורשן", 
            "links": [
                {
                    "category": "Commentary", 
                    "sourceHeRef": "רש\"י על מגילה י״ג א:ז׳:א׳", 
                    "index_title": "Rashi on Megillah", 
                    "sourceRef": "Rashi on Megillah 13a:7:1"
                }, 
                {
                    "category": "Commentary", 
                    "sourceHeRef": "רש\"י על מגילה י״ג א:ז׳:ב׳", 
                    "index_title": "Rashi on Megillah", 
                    "sourceRef": "Rashi on Megillah 13a:7:2"
                }, 
                {
                    "category": "Commentary", 
                    "sourceHeRef": " חידושי אגדות על מסכת מגילה י״ג א:ב׳", 
                    "index_title": "Chidushei Agadot on Megillah", 
                    "sourceRef": "Chidushei Agadot on Megillah 13a:2"
                }
            ], 
            "text": "“All Your words are one”, and we know how to find their inner meaning."
        }, 
        {
            "segmentNumber": "8", 
            "he": "(דברי הימים א ד, יח) ואשתו היהודיה ילדה את ירד אבי גדור ואת חבר אבי שוכו ואת יקותיאל אבי זנוח ואלה בני בתיה בת פרעה אשר לקח מרד", 
            "links": [
                {
                    "category": "Commentary", 
                    "sourceHeRef": "רש\"י על מגילה י״ג א:ח׳:א׳", 
                    "index_title": "Rashi on Megillah", 
                    "sourceRef": "Rashi on Megillah 13a:8:1"
                }, 
                {
                    "category": "Tanakh", 
                    "sourceHeRef": "דברי הימים א ד׳:י״ח", 
                    "index_title": "I Chronicles", 
                    "sourceRef": "I Chronicles 4:18"
                }, 
                {
                    "category": "Commentary", 
                    "sourceHeRef": " חידושי אגדות על מסכת מגילה י״ג א:כ״ח", 
                    "index_title": "Chidushei Agadot on Megillah", 
                    "sourceRef": "Chidushei Agadot on Megillah 13a:28"
                }
            ], 
            "text": "[It is written], “And his wife the Jewess bore Yered the father of Gedor, and Hever the father of Socho, and Yekutiel the father of Zanoah, and these are the sons of Bitya the daughter of Pharaoh, whom Mered took” (I Chronicles 4:18)."
        }, 
        {
            "segmentNumber": "9", 
            "he": "אמאי קרי לה יהודיה על שום שכפרה בע\"ז דכתיב (שמות ב, ה) ותרד בת פרעה לרחוץ על היאור ואמר רבי יוחנן", 
            "links": [
                {
                    "category": "Tanakh", 
                    "sourceHeRef": "שמות ב׳:ה׳", 
                    "index_title": "Exodus", 
                    "sourceRef": "Exodus 2:5"
                }, 
                {
                    "category": "Commentary", 
                    "sourceHeRef": " חידושי אגדות על מסכת מגילה י״ג א:ג׳", 
                    "index_title": "Chidushei Agadot on Megillah", 
                    "sourceRef": "Chidushei Agadot on Megillah 13a:3"
                }
            ], 
            "text": "Why was she [the daughter of Pharaoh] called a Jewess? Because she repudiated idolatry, as it is written, “And the daughter of Pharaoh went down to bathe in the river,” (Exodus 2:5) and R. Yohanan, [commenting on this,] said that"
        }, 
        {
            "segmentNumber": "10", 
            "he": "שירדה לרחוץ מגילולי בית אביה", 
            "links": [
                {
                    "category": "Commentary", 
                    "sourceHeRef": "רש\"י על מגילה י״ג א:י׳:א׳", 
                    "index_title": "Rashi on Megillah", 
                    "sourceRef": "Rashi on Megillah 13a:10:1"
                }
            ], 
            "text": "she went down to cleanse herself from the idols of her father’s house."
        }, 
        {
            "segmentNumber": "11", 
            "he": "ילדה", 
            "links": [], 
            "text": "“Bore”:"
        }, 
        {
            "segmentNumber": "12", 
            "he": "והא רבויי רביתיה", 
            "links": [], 
            "text": "But she only brought him [Moses] up?"
        }, 
        {
            "segmentNumber": "13", 
            "he": "לומר לך שכל המגדל יתום ויתומה בתוך ביתו מעלה עליו הכתוב כאילו ילדו", 
            "links": [], 
            "text": "This tells us that if anyone brings up an orphan boy or girl in his house, the verse treats him as if he had bore him."
        }, 
        {
            "segmentNumber": "14", 
            "he": "ירד זה משה ולמה נקרא שמו ירד שירד להם לישראל מן בימיו", 
            "links": [], 
            "text": "“Yered”: this is Moses. Why was he called Jered? Because manna came down [yarad] for Israel in his days."
        }, 
        {
            "segmentNumber": "15", 
            "he": "גדור שגדר פרצותיהן של ישראל חבר שחיבר את ישראל לאביהן שבשמים", 
            "links": [], 
            "text": "“Gedor”: [he was so called] because he fenced in [gadar] the breaches of Israel. “Heber”, because he joined [hiber] Israel to their Father in heaven."
        }, 
        {
            "segmentNumber": "16", 
            "he": "סוכו שנעשה להם לישראל כסוכה", 
            "links": [], 
            "text": "“Socho”, because he was like a sheltering booth [sukkah] for Israel."
        }, 
        {
            "segmentNumber": "17", 
            "he": "יקותיאל שקוו ישראל לאל בימיו", 
            "links": [], 
            "text": "“Yekutiel”, because Israel trusted in God [kiwu le’el] in his days."
        }, 
        {
            "segmentNumber": "18", 
            "he": "זנוח שהזניח עונותיהן של ישראל", 
            "links": [
                {
                    "category": "Commentary", 
                    "sourceHeRef": " חידושי אגדות על מסכת מגילה י״ג א:כ״ט", 
                    "index_title": "Chidushei Agadot on Megillah", 
                    "sourceRef": "Chidushei Agadot on Megillah 13a:29"
                }
            ], 
            "text": "“Zanoah”, because he made Israel abandon [hizniah] their inquities."
        }, 
        {
            "segmentNumber": "19", 
            "he": "אבי אבי אבי אב בתורה אב בחכמה אב בנביאות", 
            "links": [], 
            "text": "“Father of”, “father of”, “father of”: he was a father in Torah, a father in wisdom, a father in prophecy."
        }, 
        {
            "segmentNumber": "20", 
            "he": "ואלה בני בתיה אשר לקח מרד וכי מרד שמו", 
            "links": [], 
            "text": "“These are the sons of Bitya…whom Mered took”. Was Mered his name?"
        }, 
        {
            "segmentNumber": "21", 
            "he": "והלא כלב שמו", 
            "links": [
                {
                    "category": "Commentary", 
                    "sourceHeRef": "רש\"י על מגילה י״ג א:כ״א:א׳", 
                    "index_title": "Rashi on Megillah", 
                    "sourceRef": "Rashi on Megillah 13a:21:1"
                }
            ], 
            "text": "Was not Caleb his name? —"
        }, 
        {
            "segmentNumber": "22", 
            "he": "אמר הקב\"ה", 
            "links": [
                {
                    "category": "Commentary", 
                    "sourceHeRef": " חידושי אגדות על מסכת מגילה י״ג א:כ׳", 
                    "index_title": "Chidushei Agadot on Megillah", 
                    "sourceRef": "Chidushei Agadot on Megillah 13a:20"
                }, 
                {
                    "category": "Commentary", 
                    "sourceHeRef": " חידושי אגדות על מסכת מגילה י״ג א:כ״ג", 
                    "index_title": "Chidushei Agadot on Megillah", 
                    "sourceRef": "Chidushei Agadot on Megillah 13a:23"
                }
            ], 
            "text": "The Holy One, blessed be He, said: "
        }, 
        {
            "segmentNumber": "23", 
            "he": "יבא כלב שמרד בעצת מרגלים וישא את בת פרעה שמרדה בגלולי בית אביה", 
            "links": [
                {
                    "category": "Commentary", 
                    "sourceHeRef": "רש\"י על מגילה י״ג א:כ״ג:א׳", 
                    "index_title": "Rashi on Megillah", 
                    "sourceRef": "Rashi on Megillah 13a:23:1"
                }
            ], 
            "text": "Let Caleb who rebelled [marad] against the plan of the spies come and take the daughter of Pharaoh who rebelled against the idols of her father's house. "
        }, 
        {
            "segmentNumber": "24", 
            "he": "אשר הגלה מירושלם", 
            "links": [
                {
                    "category": "Tanakh", 
                    "sourceHeRef": "אסתר ב׳:ו׳", 
                    "index_title": "Esther", 
                    "sourceRef": "Esther 2:6"
                }
            ], 
            "text": "“Who had been carried away from Jerusalem” (Esther 2:6)."
        }, 
        {
            "segmentNumber": "25", 
            "he": "אמר רבא", 
            "links": [], 
            "text": "Rava said: "
        }, 
        {
            "segmentNumber": "26", 
            "he": "שגלה מעצמו", 
            "links": [
                {
                    "category": "Commentary", 
                    "sourceHeRef": "רש\"י על מגילה י״ג א:כ״ו:א׳", 
                    "index_title": "Rashi on Megillah", 
                    "sourceRef": "Rashi on Megillah 13a:26:1"
                }, 
                {
                    "category": "Commentary", 
                    "sourceHeRef": "תוספות על מגילה י״ג א:כ״ו:א׳", 
                    "index_title": "Tosafot on Megillah", 
                    "sourceRef": "Tosafot on Megillah 13a:26:1"
                }, 
                {
                    "category": "Commentary", 
                    "sourceHeRef": " חידושי אגדות על מסכת מגילה י״ג א:ד׳", 
                    "index_title": "Chidushei Agadot on Megillah", 
                    "sourceRef": "Chidushei Agadot on Megillah 13a:4"
                }
            ], 
            "text": "That he went into exile of his own accord."
        }, 
        {
            "segmentNumber": "27", 
            "he": "ויהי אומן את הדסה קרי לה הדסה וקרי לה אסתר", 
            "links": [
                {
                    "category": "Tanakh", 
                    "sourceHeRef": "אסתר ב׳:ו׳", 
                    "index_title": "Esther", 
                    "sourceRef": "Esther 2:6"
                }
            ], 
            "text": "“And he brought up Hadassah” (Esther 2:6). She is called Hadassah but she is called Esther."
        }, 
        {
            "segmentNumber": "28", 
            "he": "תניא ר\"מ אומר", 
            "links": [], 
            "text": "It has been taught: R. Meir says:"
        }, 
        {
            "segmentNumber": "29", 
            "he": "אסתר שמה ולמה נקרא שמה הדסה על שם הצדיקים שנקראו הדסים וכן הוא אומר (זכריה א, ח) והוא עומד בין ההדסים", 
            "links": [
                {
                    "category": "Commentary", 
                    "sourceHeRef": "רש\"י על מגילה י״ג א:כ״ט:א׳", 
                    "index_title": "Rashi on Megillah", 
                    "sourceRef": "Rashi on Megillah 13a:29:1"
                }, 
                {
                    "category": "Tanakh", 
                    "sourceHeRef": "זכריה א׳:ח׳", 
                    "index_title": "Zechariah", 
                    "sourceRef": "Zechariah 1:8"
                }, 
                {
                    "category": "Commentary", 
                    "sourceHeRef": " חידושי אגדות על מסכת מגילה י״ג א:ה׳", 
                    "index_title": "Chidushei Agadot on Megillah", 
                    "sourceRef": "Chidushei Agadot on Megillah 13a:5"
                }, 
                {
                    "category": "Commentary", 
                    "sourceHeRef": " חידושי אגדות על מסכת מגילה י״ג א:כ״ז", 
                    "index_title": "Chidushei Agadot on Megillah", 
                    "sourceRef": "Chidushei Agadot on Megillah 13a:27"
                }
            ], 
            "text": "Esther was her proper name. Why then was she called Hadassah? After the righteous who are called myrtles (hadasim), for so it says, “And he stood among the myrtle trees” (Zechariah 1:8)."
        }, 
        {
            "segmentNumber": "30", 
            "he": "רבי יהודה אומר הדסה שמה ולמה נקראת שמה אסתר על שם שהיתה מסתרת דבריה שנאמר אין אסתר מגדת את עמה וגו'", 
            "links": [
                {
                    "category": "Tanakh", 
                    "sourceHeRef": "אסתר ב׳:כ׳", 
                    "index_title": "Esther", 
                    "sourceRef": "Esther 2:20"
                }
            ], 
            "text": "R. Judah says: Hadassah was her name — Why then was she called Esther? Because she concealed [masteret] the facts about herself, as it says, “Esther did not make known her people or her kindred” (Esther 2:20)."
        }, 
        {
            "segmentNumber": "31", 
            "he": "ר' נחמיה אומר", 
            "links": [], 
            "text": "R. Nehemiah says: "
        }, 
        {
            "segmentNumber": "32", 
            "he": "הדסה שמה ולמה נקראת אסתר שהיו אומות העולם קורין אותה על שום אסתהר", 
            "links": [
                {
                    "category": "Commentary", 
                    "sourceHeRef": "רש\"י על מגילה י״ג א:ל״ב:א׳", 
                    "index_title": "Rashi on Megillah", 
                    "sourceRef": "Rashi on Megillah 13a:32:1"
                }, 
                {
                    "category": "Commentary", 
                    "sourceHeRef": " חידושי אגדות על מסכת מגילה י״ג א:ז׳", 
                    "index_title": "Chidushei Agadot on Megillah", 
                    "sourceRef": "Chidushei Agadot on Megillah 13a:7"
                }
            ], 
            "text": "Hadassah was her name. Why then was she called Esther? All peoples called her so after Istahar."
        }, 
        {
            "segmentNumber": "33", 
            "he": "בן עזאי אומר", 
            "links": [], 
            "text": "Ben Azzai said:"
        }, 
        {
            "segmentNumber": "34", 
            "he": "אסתר לא ארוכה ולא קצרה היתה אלא בינונית כהדסה", 
            "links": [
                {
                    "category": "Commentary", 
                    "sourceHeRef": " חידושי אגדות על מסכת מגילה י״ג א:ח׳", 
                    "index_title": "Chidushei Agadot on Megillah", 
                    "sourceRef": "Chidushei Agadot on Megillah 13a:8"
                }
            ], 
            "text": "Esther was neither too tall nor too short, but of medium size, like a myrtle."
        }, 
        {
            "segmentNumber": "35", 
            "he": "ר' יהושע בן קרחה אמר", 
            "links": [], 
            "text": "Joshua b. Korha said:"
        }, 
        {
            "segmentNumber": "36", 
            "he": "אסתר ירקרוקת היתה וחוט של חסד משוך עליה", 
            "links": [
                {
                    "category": "Commentary", 
                    "sourceHeRef": "רש\"י על מגילה י״ג א:ל״ו:א׳", 
                    "index_title": "Rashi on Megillah", 
                    "sourceRef": "Rashi on Megillah 13a:36:1"
                }, 
                {
                    "category": "Commentary", 
                    "sourceHeRef": "רש\"י על מגילה י״ג א:ל״ו:ב׳", 
                    "index_title": "Rashi on Megillah", 
                    "sourceRef": "Rashi on Megillah 13a:36:2"
                }
            ], 
            "text": "Esther was green, and there was an aura of kindness (hesed) about her."
        }, 
        {
            "segmentNumber": "37", 
            "he": "כי אין לה אב ואם ובמות אביה ואמה למה לי", 
            "links": [
                {
                    "category": "Commentary", 
                    "sourceHeRef": "רש\"י על מגילה י״ג א:ל״ז:א׳", 
                    "index_title": "Rashi on Megillah", 
                    "sourceRef": "Rashi on Megillah 13a:37:1"
                }, 
                {
                    "category": "Tanakh", 
                    "sourceHeRef": "אסתר ב׳:ז׳", 
                    "index_title": "Esther", 
                    "sourceRef": "Esther 2:7"
                }
            ], 
            "text": "“For she had neither father nor mother…And when her father and mother died” (Esther 2:7).   Why did it need to say this again?"
        }, 
        {
            "segmentNumber": "38", 
            "he": "אמר רב אחא", 
            "links": [], 
            "text": "Aha said:"
        }, 
        {
            "segmentNumber": "39", 
            "he": "עיברתה מת אביה ילדתה מתה אמה", 
            "links": [
                {
                    "category": "Commentary", 
                    "sourceHeRef": "רש\"י על מגילה י״ג א:ל״ט:א׳", 
                    "index_title": "Rashi on Megillah", 
                    "sourceRef": "Rashi on Megillah 13a:39:1"
                }, 
                {
                    "category": "Commentary", 
                    "sourceHeRef": "רש\"י על מגילה י״ג א:ל״ט:ב׳", 
                    "index_title": "Rashi on Megillah", 
                    "sourceRef": "Rashi on Megillah 13a:39:2"
                }
            ], 
            "text": "When her mother became pregnant with her, her father died; when she was born, her mother died."
        }, 
        {
            "segmentNumber": "40", 
            "he": "ובמות אביה ואמה לקחה מרדכי לו לבת תנא משום ר\"מ", 
            "links": [
                {
                    "category": "Tanakh", 
                    "sourceHeRef": "אסתר ב׳:ז׳", 
                    "index_title": "Esther", 
                    "sourceRef": "Esther 2:7"
                }
            ], 
            "text": "“And when her father and mother died, Mordecai took her for his own daughter” (Esther 2:7). A Tanna taught in the name of R. Meir:"
        }, 
        {
            "segmentNumber": "41", 
            "he": "אל תקרי לבת אלא לבית וכן הוא אומר (שמואל ב יב, ג) ולרש אין כל כי אם כבשה אחת קטנה אשר קנה ויחיה ותגדל עמו ועם בניו יחדו מפתו תאכל ומכוסו תשתה ובחיקו תשכב ותהי לו כבת משום דבחיקו תשכב הוות ליה (לבת)", 
            "links": [
                {
                    "category": "Commentary", 
                    "sourceHeRef": "רש\"י על מגילה י״ג א:מ״א:א׳", 
                    "index_title": "Rashi on Megillah", 
                    "sourceRef": "Rashi on Megillah 13a:41:1"
                }, 
                {
                    "category": "Commentary", 
                    "sourceHeRef": "רש\"י על מגילה י״ג א:מ״א:ב׳", 
                    "index_title": "Rashi on Megillah", 
                    "sourceRef": "Rashi on Megillah 13a:41:2"
                }, 
                {
                    "category": "Tanakh", 
                    "sourceHeRef": "שמואל ב י״ב:ג׳", 
                    "index_title": "II Samuel", 
                    "sourceRef": "II Samuel 12:3"
                }, 
                {
                    "category": "Commentary", 
                    "sourceHeRef": " חידושי אגדות על מסכת מגילה י״ג א:ט׳", 
                    "index_title": "Chidushei Agadot on Megillah", 
                    "sourceRef": "Chidushei Agadot on Megillah 13a:9"
                }
            ], 
            "text": "Do not read “for a daughter [le-bat],” but “for a house (i.e. wife) [le-bayit].” Similarly it says: “But the poor man had nothing save one little ewe lamb, which he had brought up and reared; and it grew up together with him, and with his children; it ate of his own bread, and drank from his cup, and lay in his bosom, and was unto him as a daughter” (II Samuel 12:3). Because it lay in his bosom, was it like a daughter to him?"
        }, 
        {
            "segmentNumber": "42", 
            "he": "אלא (לבית) הכי נמי לבית", 
            "links": [], 
            "text": "Rather what it means is like a wife; so here, it means a wife."
        }, 
        {
            "segmentNumber": "43", 
            "he": "ואת שבע הנערות וגו' אמר רבא", 
            "links": [
                {
                    "category": "Tanakh", 
                    "sourceHeRef": "אסתר ב׳:ט׳", 
                    "index_title": "Esther", 
                    "sourceRef": "Esther 2:9"
                }
            ], 
            "text": "“And the seven maidens who were meet to be given to her” (Esther 2:9): Rava said:"
        }, 
        {
            "segmentNumber": "44", 
            "he": "שהיתה מונה בהן ימי שבת", 
            "links": [
                {
                    "category": "Commentary", 
                    "sourceHeRef": "רש\"י על מגילה י״ג א:מ״ד:א׳", 
                    "index_title": "Rashi on Megillah", 
                    "sourceRef": "Rashi on Megillah 13a:44:1"
                }, 
                {
                    "category": "Commentary", 
                    "sourceHeRef": " חידושי אגדות על מסכת מגילה י״ג א:י׳", 
                    "index_title": "Chidushei Agadot on Megillah", 
                    "sourceRef": "Chidushei Agadot on Megillah 13a:10"
                }
            ], 
            "text": "[They were seven so that] she could count the days of the week by them."
        }, 
        {
            "segmentNumber": "45", 
            "he": "וישנה ואת נערותיה וגו' אמר רב", 
            "links": [
                {
                    "category": "Tanakh", 
                    "sourceHeRef": "אסתר ב׳:ט׳", 
                    "index_title": "Esther", 
                    "sourceRef": "Esther 2:9"
                }
            ], 
            "text": "“And he treated her better than her maidens” (Esther 2:9). Rav said:"
        }, 
        {
            "segmentNumber": "46", 
            "he": "שהאכילה מאכל יהודי", 
            "links": [
                {
                    "category": "Commentary", 
                    "sourceHeRef": " חידושי אגדות על מסכת מגילה י״ג א:י״א", 
                    "index_title": "Chidushei Agadot on Megillah", 
                    "sourceRef": "Chidushei Agadot on Megillah 13a:11"
                }
            ], 
            "text": "[This means that] he gave her Jewish food to eat. "
        }, 
        {
            "segmentNumber": "47", 
            "he": "ושמואל אמר", 
            "links": [], 
            "text": "Shmuel however said,"
        }, 
        {
            "segmentNumber": "48", 
            "he": "שהאכילה קדלי דחזירי", 
            "links": [
                {
                    "category": "Commentary", 
                    "sourceHeRef": "תוספות על מגילה י״ג א:מ״ח:א׳", 
                    "index_title": "Tosafot on Megillah", 
                    "sourceRef": "Tosafot on Megillah 13a:48:1"
                }, 
                {
                    "category": "Commentary", 
                    "sourceHeRef": "רש\"י על מגילה י״ג א:מ״ח:א׳", 
                    "index_title": "Rashi on Megillah", 
                    "sourceRef": "Rashi on Megillah 13a:48:1"
                }
            ], 
            "text": " it means that he gave her pieces of pork."
        }, 
        {
            "segmentNumber": "49", 
            "he": "ור' יוחנן אמר", 
            "links": [], 
            "text": "And R. Yohanan said that"
        }, 
        {
            "segmentNumber": "50", 
            "he": "זרעונים וכן הוא אומר (דניאל א, טז) ויהי המלצר נושא את פת בגם ונותן להם זרעונים", 
            "links": [
                {
                    "category": "Commentary", 
                    "sourceHeRef": "רש\"י על מגילה י״ג א:נ׳:א׳", 
                    "index_title": "Rashi on Megillah", 
                    "sourceRef": "Rashi on Megillah 13a:50:1"
                }, 
                {
                    "category": "Tanakh", 
                    "sourceHeRef": "דניאל א׳:ט״ז", 
                    "index_title": "Daniel", 
                    "sourceRef": "Daniel 1:16"
                }
            ], 
            "text": "he gave her legumes, and so it says, “So the steward took away their food and gave them legumes” (Daniel 1:16)."
        }, 
        {
            "segmentNumber": "51", 
            "he": "ששה חדשים בשמן המור מאי שמן המור", 
            "links": [
                {
                    "category": "Tanakh", 
                    "sourceHeRef": "אסתר ב׳:י״ב", 
                    "index_title": "Esther", 
                    "sourceRef": "Esther 2:12"
                }, 
                {
                    "category": "Commentary", 
                    "sourceHeRef": " חידושי אגדות על מסכת מגילה י״ג א:י״ב", 
                    "index_title": "Chidushei Agadot on Megillah", 
                    "sourceRef": "Chidushei Agadot on Megillah 13a:12"
                }
            ], 
            "text": "“Six months with the oil of myrrh” (Esther 2:12). What is the oil of myrrh?"
        }, 
        {
            "segmentNumber": "52", 
            "he": "ר' חייא בר אבא אמר", 
            "links": [], 
            "text": "R. Hiyya b. Abba said:"
        }, 
        {
            "segmentNumber": "53", 
            "he": "סטכת רב הונא אמר שמן זית שלא הביא שליש", 
            "links": [], 
            "text": "Stakat. R. Huna said: Oil from olives not a third grown."
        }, 
        {
            "segmentNumber": "54", 
            "he": "תניא רבי יהודה אומר", 
            "links": [], 
            "text": "It has been taught: R. Judah says:"
        }, 
        {
            "segmentNumber": "55", 
            "he": "אנפקינון שמן זית שלא הביא שליש ולמה סכין אותו שמשיר את השיער ומעדן את הבשר", 
            "links": [
                {
                    "category": "Commentary", 
                    "sourceHeRef": "רש\"י על מגילה י״ג א:נ״ה:א׳", 
                    "index_title": "Rashi on Megillah", 
                    "sourceRef": "Rashi on Megillah 13a:55:1"
                }, 
                {
                    "category": "Commentary", 
                    "sourceHeRef": "רש\"י על מגילה י״ג א:נ״ה:ב׳", 
                    "index_title": "Rashi on Megillah", 
                    "sourceRef": "Rashi on Megillah 13a:55:2"
                }
            ], 
            "text": "Anpikon is oil of olives not a third grown. Why is it used for smearing? Because it removes hair and makes the skin soft."
        }, 
        {
            "segmentNumber": "56", 
            "he": "בערב היא באה ובבקר היא שבה אמר רבי יוחנן", 
            "links": [
                {
                    "category": "Tanakh", 
                    "sourceHeRef": "אסתר ב׳:י״ד", 
                    "index_title": "Esther", 
                    "sourceRef": "Esther 2:14"
                }
            ], 
            "text": "“In the evening she went and in the morning she returned” (Esther 2:14). R. Yohanan"
        }, 
        {
            "segmentNumber": "57", 
            "he": "מגנותו של אותו רשע למדנו שבחו שלא היה משמש מטתו ביום", 
            "links": [
                {
                    "category": "Commentary", 
                    "sourceHeRef": "רש\"י על מגילה י״ג א:נ״ז:א׳", 
                    "index_title": "Rashi on Megillah", 
                    "sourceRef": "Rashi on Megillah 13a:57:1"
                }, 
                {
                    "category": "Commentary", 
                    "sourceHeRef": " חידושי אגדות על מסכת מגילה י״ג א:י״ג", 
                    "index_title": "Chidushei Agadot on Megillah", 
                    "sourceRef": "Chidushei Agadot on Megillah 13a:13"
                }
            ], 
            "text": "From the disgrace of that wicked man we can learn something to his credit, that he did not have sexual relations by day."
        }, 
        {
            "segmentNumber": "58", 
            "he": "ותהי אסתר נשאת חן אר\"א", 
            "links": [
                {
                    "category": "Tanakh", 
                    "sourceHeRef": "אסתר ב׳:ט״ו", 
                    "index_title": "Esther", 
                    "sourceRef": "Esther 2:15"
                }
            ], 
            "text": "“And Esther found favor” (Esther 2: 15). R. Elazar: said"
        }, 
        {
            "segmentNumber": "59", 
            "he": "מלמד שלכל אחד ואחד נדמתה לו כאומתו", 
            "links": [
                {
                    "category": "Commentary", 
                    "sourceHeRef": " חידושי אגדות על מסכת מגילה י״ג א:י״ד", 
                    "index_title": "Chidushei Agadot on Megillah", 
                    "sourceRef": "Chidushei Agadot on Megillah 13a:14"
                }
            ], 
            "text": "This teaches that to everyone she looked like a member of his own people."
        }, 
        {
            "segmentNumber": "60", 
            "he": "ותלקח אסתר אל המלך אחשורוש אל בית מלכותו בחדש העשירי הוא חדש טבת ירח שנהנה גוף מן הגוף", 
            "links": [
                {
                    "category": "Commentary", 
                    "sourceHeRef": "רש\"י על מגילה י״ג א:ס׳:א׳", 
                    "index_title": "Rashi on Megillah", 
                    "sourceRef": "Rashi on Megillah 13a:60:1"
                }, 
                {
                    "category": "Tanakh", 
                    "sourceHeRef": "אסתר ב׳:ט״ז", 
                    "index_title": "Esther", 
                    "sourceRef": "Esther 2:16"
                }, 
                {
                    "category": "Commentary", 
                    "sourceHeRef": " חידושי אגדות על מסכת מגילה י״ג א:ט״ו", 
                    "index_title": "Chidushei Agadot on Megillah", 
                    "sourceRef": "Chidushei Agadot on Megillah 13a:15"
                }, 
                {
                    "category": "Modern Works", 
                    "sourceHeRef": "דף שבועי על מגילה י״ג א:ט״ז", 
                    "index_title": "Daf Shevui to Megillah", 
                    "sourceRef": "Daf Shevui to Megillah 13a:16"
                }
            ], 
            "text": "“So Esther was taken to king Ahashverosh into his royal house in the tenth month, which is the month Tevet” (Esther 2: 16). The month when a body benefits from being close to another body."
        }, 
        {
            "segmentNumber": "61", 
            "he": "ויאהב המלך את אסתר מכל הנשים ותשא חן וחסד לפניו מכל הבתולות", 
            "links": [
                {
                    "category": "Tanakh", 
                    "sourceHeRef": "אסתר ב׳:י״ז", 
                    "index_title": "Esther", 
                    "sourceRef": "Esther 2:17"
                }
            ], 
            "text": "“And the king loved Esther above all the women, and she obtained grace and favor in his sight above all the virgins” (Esther 2: 17)."
        }, 
        {
            "segmentNumber": "62", 
            "he": "אמר רב", 
            "links": [], 
            "text": "Rav said:"
        }, 
        {
            "segmentNumber": "63", 
            "he": "ביקש לטעום טעם בתולה טעם טעם בעולה טעם", 
            "links": [
                {
                    "category": "Commentary", 
                    "sourceHeRef": "רש\"י על מגילה י״ג א:ס״ג:א׳", 
                    "index_title": "Rashi on Megillah", 
                    "sourceRef": "Rashi on Megillah 13a:63:1"
                }
            ], 
            "text": "If he wanted to find in her the taste of a virgin he found it; if the taste of a non-virgin, he found it."
        }, 
        {
            "segmentNumber": "64", 
            "he": "ויעש המלך משתה גדול עבד משתיא ולא גליא ליה דלי כרגא ולא גליא ליה שדר פרדישני ולא גליא ליה", 
            "links": [
                {
                    "category": "Commentary", 
                    "sourceHeRef": "רש\"י על מגילה י״ג א:ס״ד:א׳", 
                    "index_title": "Rashi on Megillah", 
                    "sourceRef": "Rashi on Megillah 13a:64:1"
                }, 
                {
                    "category": "Commentary", 
                    "sourceHeRef": "רש\"י על מגילה י״ג א:ס״ד:ב׳", 
                    "index_title": "Rashi on Megillah", 
                    "sourceRef": "Rashi on Megillah 13a:64:2"
                }, 
                {
                    "category": "Commentary", 
                    "sourceHeRef": "רש\"י על מגילה י״ג א:ס״ד:ג׳", 
                    "index_title": "Rashi on Megillah", 
                    "sourceRef": "Rashi on Megillah 13a:64:3"
                }, 
                {
                    "category": "Tanakh", 
                    "sourceHeRef": "אסתר ב׳:י״ח", 
                    "index_title": "Esther", 
                    "sourceRef": "Esther 2:18"
                }, 
                {
                    "category": "Commentary", 
                    "sourceHeRef": " חידושי אגדות על מסכת מגילה י״ג א:ט״ז", 
                    "index_title": "Chidushei Agadot on Megillah", 
                    "sourceRef": "Chidushei Agadot on Megillah 13a:16"
                }, 
                {
                    "category": "Commentary", 
                    "sourceHeRef": " חידושי אגדות על מסכת מגילה י״ג א:י״ז", 
                    "index_title": "Chidushei Agadot on Megillah", 
                    "sourceRef": "Chidushei Agadot on Megillah 13a:17"
                }
            ], 
            "text": "“Then the king made a great feast” (Esther 2: 18). He made a feast for her, and she did not tell him [who she was]. He remitted taxes, and she did not tell him. He sent gifts, and she [still] did not tell him."
        }, 
        {
            "segmentNumber": "65", 
            "he": "ובהקבץ בתולות שנית וגו' אזיל שקל עצה ממרדכי", 
            "links": [
                {
                    "category": "Tanakh", 
                    "sourceHeRef": "אסתר ב׳:י״ט", 
                    "index_title": "Esther", 
                    "sourceRef": "Esther 2:19"
                }
            ], 
            "text": "“And when the virgins were gathered together the second time, etc” (Esther 2: 19). He went and took counsel from Mordecai"
        }, 
        {
            "segmentNumber": "66", 
            "he": "אמר", 
            "links": [
                {
                    "category": "Commentary", 
                    "sourceHeRef": " חידושי אגדות על מסכת מגילה י״ג א:ו׳", 
                    "index_title": "Chidushei Agadot on Megillah", 
                    "sourceRef": "Chidushei Agadot on Megillah 13a:6"
                }, 
                {
                    "category": "Commentary", 
                    "sourceHeRef": " חידושי אגדות על מסכת מגילה י״ג א:כ״א", 
                    "index_title": "Chidushei Agadot on Megillah", 
                    "sourceRef": "Chidushei Agadot on Megillah 13a:21"
                }, 
                {
                    "category": "Commentary", 
                    "sourceHeRef": " חידושי אגדות על מסכת מגילה י״ג א:כ״ב", 
                    "index_title": "Chidushei Agadot on Megillah", 
                    "sourceRef": "Chidushei Agadot on Megillah 13a:22"
                }, 
                {
                    "category": "Commentary", 
                    "sourceHeRef": " חידושי אגדות על מסכת מגילה י״ג א:כ״ד", 
                    "index_title": "Chidushei Agadot on Megillah", 
                    "sourceRef": "Chidushei Agadot on Megillah 13a:24"
                }, 
                {
                    "category": "Commentary", 
                    "sourceHeRef": " חידושי אגדות על מסכת מגילה י״ג א:כ״ו", 
                    "index_title": "Chidushei Agadot on Megillah", 
                    "sourceRef": "Chidushei Agadot on Megillah 13a:26"
                }
            ], 
            "text": "who said,"
        }, 
        {
            "segmentNumber": "67", 
            "he": "אין אשה מתקנאה אלא בירך חבירתה ואפי' הכי לא גליא ליה דכתיב אין אסתר מגדת מולדתה וגו'", 
            "links": [
                {
                    "category": "Tanakh", 
                    "sourceHeRef": "אסתר ב׳:כ׳", 
                    "index_title": "Esther", 
                    "sourceRef": "Esther 2:20"
                }
            ], 
            "text": "The way to cause a woman to be jealous is to show her other women” and even so she did not tell as it says, “And Esther did not reveal her birthplace.”"
        }, 
        {
            "segmentNumber": "68", 
            "he": "אמר רבי אלעזר", 
            "links": [], 
            "text": "R. Elazar said: "
        }, 
        {
            "segmentNumber": "69", 
            "he": "מאי דכתיב", 
            "links": [], 
            "text": "What is the meaning of the verse,"
        }
    ], 
    "heRef": "מגילה י״ג א", 
    "toSections": [
        "13a"
    ], 
    "sectionRef": "Megillah 13a", 
    "title": "Megillah 13a", 
    "lengths": [
        61, 
        3855
    ], 
    "next": "Megillah 13b", 
    "heBook": "מגילה", 
    "book": "Megillah", 
    "prev": "Megillah 12b", 
    "textDepth": 2, 
    "sectionNames": [
        "Daf", 
        "Line"
    ], 
    "sections": [
        "13a"
    ], 
    "isComplex": false, 
    "titleVariants": [
        "Masekhet Megillah", 
        "Megilla", 
        "Megilah", 
        "Megillah", 
        "Talmud Megillah", 
        "Tractate Megillah"
    ], 
    "categories": [
        "Talmud", 
        "Bavli", 
        "Seder Moed"
    ], 
    "ref": "Megillah 13a", 
    "type": "Talmud", 
    "addressTypes": [
        "Talmud", 
        "Integer"
    ], 
    "length": 61, 
    "indexTitle": "Megillah", 
    "heIndexTitle": "מגילה", 
    "alts": [], 
    "order": [
        10, 
        9
    ]
}