{
    "sections": {
        "Kessef Mishneh on Mishneh Torah, Inheritances 8:1": {
            "content": [
                {
                    "segmentNumber": "1", 
                    "links": [
                        {
                            "category": "Halakhah", 
                            "index_title": "Mishneh Torah, Inheritances", 
                            "sourceHeRef": "משנה תורה, הלכות נחלות ח׳:א׳", 
                            "sourceRef": "Mishneh Torah, Inheritances 8:1"
                        }
                    ], 
                    "he": "<b>האחין שעדיין לא חלקו וכו' עד אבל אם שבחו נכסים מעצמן השבח לאמצע.</b> כתב ה''ה לפי מה שנמצא בספרי רבינו גירסתו בגמ' מוחלפת משלנו עד זה מורה לשון רבינו. ול''נ שהיה גורס רבינו ל''ש אלא ששבחו נכסים מחמת עצמן אבל שבחו נכסים מחמת נכסים השבח לאמצע ואסיפא דמתני' קאי דקתני אם אמרו ראו מה שהניח לנו אבא הרי אנו עושים ואוכלים השביחו לעצמן קאמר דה''מ כשהשביחו מחמת עצמן דהיינו שהוציאו הוצאות משלהם או שטרחו בגופם אבל שבחו נכסים מחמת נכסים דהיינו ששכרו פועלים מממון תפיסת הבית אפילו אמרו ראו מה שהניח לנו אבא השביחו לאמצע: \n\n"
                }
            ], 
            "heTitle": "כסף משנה על משנה תורה, הלכות נחלות", 
            "indexTitle": "Kessef Mishneh on Mishneh Torah, Inheritances", 
            "sectionRef": "Kessef Mishneh on Mishneh Torah, Inheritances 8:1", 
            "prev": "Kessef Mishneh on Mishneh Torah, Inheritances 7:2", 
            "ref": "Kessef Mishneh on Mishneh Torah, Inheritances 8:1", 
            "heRef": "כסף משנה על משנה תורה, הלכות נחלות ח׳:א׳", 
            "next": "Kessef Mishneh on Mishneh Torah, Inheritances 9:11"
        }
    }, 
    "ref": "Kessef Mishneh on Mishneh Torah, Inheritances 8"
}