{
    "heTitleVariants": [
        "רש\"י על חולין"
    ], 
    "heTitle": "רש\"י על חולין ח׳ א", 
    "content": [
        {
            "segmentNumber": "1", 
            "he": [], 
            "links": [], 
            "text": ""
        }, 
        {
            "segmentNumber": "2", 
            "he": [
                "שחיטתו כשרה - ולא אמר שריפה היא זו ולא שחיטה:", 
                "חידודה קודם לליבונה - מקדים וממהר לחתוך קודם שתכוה הבהמה מן האור:"
            ], 
            "links": [
                {
                    "category": "Talmud", 
                    "sourceHeRef": "חולין ח׳ א:ב׳", 
                    "sourceRef": "Chullin 8a:2", 
                    "ref": "Chullin 8a:2"
                }, 
                {
                    "category": "Talmud", 
                    "sourceHeRef": "חולין ח׳ א:ב׳", 
                    "sourceRef": "Chullin 8a:2", 
                    "ref": "Chullin 8a:2"
                }, 
                {
                    "category": "Talmud", 
                    "sourceHeRef": "חולין ח׳ א:ב׳", 
                    "sourceRef": "Chullin 8a:2", 
                    "ref": "Chullin 8a:2"
                }
            ], 
            "text": ""
        }, 
        {
            "segmentNumber": "3", 
            "he": [
                "והאיכא צדדין - דסכין כשנכנס לתוך החתך קודם שתשחט רוב הסימנים היא שורפת את הסימנים ונמצאת שהיא נשרפה קודם שחיטה שהרי ושט נקובתו במשהו ליטרף ושריפה כנקב הוא:"
            ], 
            "links": [
                {
                    "category": "Talmud", 
                    "sourceHeRef": "חולין ח׳ א:ג׳", 
                    "sourceRef": "Chullin 8a:3", 
                    "ref": "Chullin 8a:3"
                }
            ], 
            "text": ""
        }, 
        {
            "segmentNumber": "4", 
            "he": [
                "מירווח רווח - מתרחב החתך מצדי הסכין מכאן ומכאן ואין נוגע הסימן אלא חידודו של סכין:"
            ], 
            "links": [
                {
                    "category": "Talmud", 
                    "sourceHeRef": "חולין ח׳ א:ד׳", 
                    "sourceRef": "Chullin 8a:4", 
                    "ref": "Chullin 8a:4"
                }
            ], 
            "text": ""
        }, 
        {
            "segmentNumber": "5", 
            "he": [], 
            "links": [], 
            "text": ""
        }, 
        {
            "segmentNumber": "6", 
            "he": [
                "משום שחין נדון - לענין נגעים כדמפרש לקמן שחין בא ע\"י חום שמתחמם מחמת כח ההכאה ומכוה באה מחמת האור והכא דאיכא תרוייהו בהי מינייהו דיינינן ליה:", 
                "והכה בו - את האדם מכה בכח:"
            ], 
            "links": [
                {
                    "category": "Talmud", 
                    "sourceHeRef": "חולין ח׳ א:ו׳", 
                    "sourceRef": "Chullin 8a:6", 
                    "ref": "Chullin 8a:6"
                }, 
                {
                    "category": "Talmud", 
                    "sourceHeRef": "חולין ח׳ א:ו׳", 
                    "sourceRef": "Chullin 8a:6", 
                    "ref": "Chullin 8a:6"
                }
            ], 
            "text": ""
        }, 
        {
            "segmentNumber": "7", 
            "he": [
                "למאי נפקא מינה - באיזה דבר חלוק דין מכוה משחין דתיבעי לך:"
            ], 
            "links": [
                {
                    "category": "Talmud", 
                    "sourceHeRef": "חולין ח׳ א:ז׳", 
                    "sourceRef": "Chullin 8a:7", 
                    "ref": "Chullin 8a:7"
                }
            ], 
            "text": ""
        }, 
        {
            "segmentNumber": "8", 
            "he": [
                "מטמאים בשבוע אחד בשני סימנים בשער לבן ובפסיון - שאין בהן הסגר שני כמו שכתוב (ויקרא יג) בשאת ובספחת ב' הסגרות שאם עמד בעיניו ולא פשה שבוע ראשון מסגיר אותו בשניה שמא יפשה ויחליטנו אבל בשחין ומכוה לא נאמר אלא הסגר אחד ואם עמד בעיניו בשבוע ראשון שוב אין מסגירו לטמאו אלא פוטרו והולך:", 
                "בשני סימנין - הנך דמפרש:", 
                "שער לבן ופסיון - אם פשה ולא כנתק שסימן טומאתו בשער צהוב:", 
                "ולמה חלקן הכתוב - בשתי פרשיות ופירש משפט כל אחת בה ולא צירפם יחד שהרי משפטן שוה והיה לו לכתוב כי יהיה בו בעורו שחין או מכוה:"
            ], 
            "links": [
                {
                    "category": "Talmud", 
                    "sourceHeRef": "חולין ח׳ א:ח׳", 
                    "sourceRef": "Chullin 8a:8", 
                    "ref": "Chullin 8a:8"
                }, 
                {
                    "category": "Talmud", 
                    "sourceHeRef": "חולין ח׳ א:ח׳", 
                    "sourceRef": "Chullin 8a:8", 
                    "ref": "Chullin 8a:8"
                }, 
                {
                    "category": "Talmud", 
                    "sourceHeRef": "חולין ח׳ א:ח׳", 
                    "sourceRef": "Chullin 8a:8", 
                    "ref": "Chullin 8a:8"
                }, 
                {
                    "category": "Talmud", 
                    "sourceHeRef": "חולין ח׳ א:ח׳", 
                    "sourceRef": "Chullin 8a:8", 
                    "ref": "Chullin 8a:8"
                }, 
                {
                    "category": "Talmud", 
                    "sourceHeRef": "חולין ח׳ א:ח׳", 
                    "sourceRef": "Chullin 8a:8", 
                    "ref": "Chullin 8a:8"
                }, 
                {
                    "category": "Talmud", 
                    "sourceHeRef": "חולין ח׳ א:ח׳", 
                    "sourceRef": "Chullin 8a:8", 
                    "ref": "Chullin 8a:8"
                }, 
                {
                    "category": "Talmud", 
                    "sourceHeRef": "חולין ח׳ א:ח׳", 
                    "sourceRef": "Chullin 8a:8", 
                    "ref": "Chullin 8a:8"
                }, 
                {
                    "category": "Tanach", 
                    "sourceHeRef": "ויקרא י״ג", 
                    "sourceRef": "Leviticus 13", 
                    "ref": "Leviticus 13"
                }
            ], 
            "text": ""
        }, 
        {
            "segmentNumber": "9", 
            "he": [
                "שאין מצטרפין זה עם זה - לשיעור נגע כגריס חצי פול שאם עלה בו חצי גריס מחמת חום מכה שלא ע\"י האור וחצי גריס אצלה ע\"י כויית האור אין מצטרפין:"
            ], 
            "links": [
                {
                    "category": "Talmud", 
                    "sourceHeRef": "חולין ח׳ א:ט׳", 
                    "sourceRef": "Chullin 8a:9", 
                    "ref": "Chullin 8a:9"
                }, 
                {
                    "category": "Talmud", 
                    "sourceHeRef": "חולין ח׳ א:ט׳", 
                    "sourceRef": "Chullin 8a:9", 
                    "ref": "Chullin 8a:9"
                }
            ], 
            "text": ""
        }, 
        {
            "segmentNumber": "10", 
            "he": [], 
            "links": [], 
            "text": ""
        }, 
        {
            "segmentNumber": "11", 
            "he": [
                "שחין - לשון חמימות כמו (יומא דף נג:) שנה שחונה וכדמתרגם יונתן חמותי ראיתי אור שחינית (ישעיהו מד):"
            ], 
            "links": [
                {
                    "category": "Talmud", 
                    "sourceHeRef": "חולין ח׳ א:י״א", 
                    "sourceRef": "Chullin 8a:11", 
                    "ref": "Chullin 8a:11"
                }, 
                {
                    "category": "Talmud", 
                    "sourceHeRef": "יומא נ״ג ב", 
                    "sourceRef": "Yoma 53b", 
                    "ref": "Yoma 53b"
                }, 
                {
                    "category": "Tanach", 
                    "sourceHeRef": "ישעיהו מ״ד", 
                    "sourceRef": "Isaiah 44", 
                    "ref": "Isaiah 44"
                }
            ], 
            "text": ""
        }, 
        {
            "segmentNumber": "12", 
            "he": [
                "לקה באבן - הכהו בכח באבן אפילו בלא חבורה דכל מכה מתחמם הבשר מיד ע\"י ההכאה:", 
                "בגפת - שהטמין ידו בפסולת של זיתים והוא חם מאד מאיליו ונכוה:", 
                "אבר מעיקרו - ממקום שעוקרים העופרת והוא חם:"
            ], 
            "links": [
                {
                    "category": "Talmud", 
                    "sourceHeRef": "חולין ח׳ א:י״ב", 
                    "sourceRef": "Chullin 8a:12", 
                    "ref": "Chullin 8a:12"
                }, 
                {
                    "category": "Talmud", 
                    "sourceHeRef": "חולין ח׳ א:י״ב", 
                    "sourceRef": "Chullin 8a:12", 
                    "ref": "Chullin 8a:12"
                }, 
                {
                    "category": "Talmud", 
                    "sourceHeRef": "חולין ח׳ א:י״ב", 
                    "sourceRef": "Chullin 8a:12", 
                    "ref": "Chullin 8a:12"
                }
            ], 
            "text": ""
        }, 
        {
            "segmentNumber": "13", 
            "he": [], 
            "links": [], 
            "text": ""
        }, 
        {
            "segmentNumber": "14", 
            "he": [
                "גחלת - פחם שלא כבה:", 
                "רמץ - אפר חם וכך שמו בלשון ערבי:", 
                "גפסית - מין סיד ושורפין אותו כמין סיד:"
            ], 
            "links": [
                {
                    "category": "Talmud", 
                    "sourceHeRef": "חולין ח׳ א:י״ד", 
                    "sourceRef": "Chullin 8a:14", 
                    "ref": "Chullin 8a:14"
                }, 
                {
                    "category": "Talmud", 
                    "sourceHeRef": "חולין ח׳ א:י״ד", 
                    "sourceRef": "Chullin 8a:14", 
                    "ref": "Chullin 8a:14"
                }, 
                {
                    "category": "Talmud", 
                    "sourceHeRef": "חולין ח׳ א:י״ד", 
                    "sourceRef": "Chullin 8a:14", 
                    "ref": "Chullin 8a:14"
                }, 
                {
                    "category": "Talmud", 
                    "sourceHeRef": "חולין ח׳ א:י״ד", 
                    "sourceRef": "Chullin 8a:14", 
                    "ref": "Chullin 8a:14"
                }, 
                {
                    "category": "Talmud", 
                    "sourceHeRef": "חולין ח׳ א:י״ד", 
                    "sourceRef": "Chullin 8a:14", 
                    "ref": "Chullin 8a:14"
                }, 
                {
                    "category": "Talmud", 
                    "sourceHeRef": "חולין ח׳ א:י״ד", 
                    "sourceRef": "Chullin 8a:14", 
                    "ref": "Chullin 8a:14"
                }
            ], 
            "text": ""
        }, 
        {
            "segmentNumber": "15", 
            "he": [
                "ותניא שחין ומכוה כו' - כולהי הנך מתנייתא מצטרכי הכא לפרושי מאי תיבעי לן דהא בעיא דלעיל הכי איבעיא לן ליבן שפוד והכה בו איזה הבל קודם לבא הבל המכה או הבל האור ונפקא מינה לכדתניא דהולכין אחר האחרון דתניא שחין ומכוה במקום אחד באותו מקום שלקה בראשון לקה בשני באותו גריס עצמו:"
            ], 
            "links": [
                {
                    "category": "Talmud", 
                    "sourceHeRef": "חולין ח׳ א:ט״ו", 
                    "sourceRef": "Chullin 8a:15", 
                    "ref": "Chullin 8a:15"
                }
            ], 
            "text": ""
        }, 
        {
            "segmentNumber": "16", 
            "he": [
                "ביטל אחרון את הראשון - ונפקא מינה לענין צירוף שאם היה בו חצי גריס שחין ולקה באור באותו חצי גריס נהפך אותו גריס ונעשה מכוה ואם חזר ולקה לאחר זמן אצל מכוה זו שלא ע\"י האור ונולד בו חצי גריס שחין אחר ונעשה שלם אין מצטרף עם הראשון וטהור והשתא אהני ליה ביטול שאילו לא ביטל חצי גריס הראשון היה זה מצטרף עמו:"
            ], 
            "links": [
                {
                    "category": "Talmud", 
                    "sourceHeRef": "חולין ח׳ א:ט״ז", 
                    "sourceRef": "Chullin 8a:16", 
                    "ref": "Chullin 8a:16"
                }
            ], 
            "text": ""
        }, 
        {
            "segmentNumber": "17", 
            "he": [
                "והכא ה\"ד - לענין בעיא דלעיל היכי מתבעי לן:"
            ], 
            "links": [
                {
                    "category": "Talmud", 
                    "sourceHeRef": "חולין ח׳ א:י״ז", 
                    "sourceRef": "Chullin 8a:17", 
                    "ref": "Chullin 8a:17"
                }
            ], 
            "text": ""
        }, 
        {
            "segmentNumber": "18", 
            "he": [
                "וליבן שפוד והכה בו - ובהכאה זו יש תורת שחין ותורת מכוה ואיבעיא לן הי קדים ואתי דליתי בתרא ונבטליה:"
            ], 
            "links": [
                {
                    "category": "Talmud", 
                    "sourceHeRef": "חולין ח׳ א:י״ח", 
                    "sourceRef": "Chullin 8a:18", 
                    "ref": "Chullin 8a:18"
                }
            ], 
            "text": ""
        }, 
        {
            "segmentNumber": "19", 
            "he": [
                "חבטא קדים - כח ההכאה קדים להרע לו לאדם והוי שחין ואתי הבל האור אחרון ומבטל ליה וה\"ל מכוה ולא מצטרף בהדיה חצי גריס קמא דה\"ל שחין ומכוה:"
            ], 
            "links": [
                {
                    "category": "Talmud", 
                    "sourceHeRef": "חולין ח׳ א:י״ט", 
                    "sourceRef": "Chullin 8a:19", 
                    "ref": "Chullin 8a:19"
                }
            ], 
            "text": ""
        }, 
        {
            "segmentNumber": "20", 
            "he": [], 
            "links": [], 
            "text": ""
        }, 
        {
            "segmentNumber": "21", 
            "he": [], 
            "links": [], 
            "text": ""
        }, 
        {
            "segmentNumber": "22", 
            "he": [], 
            "links": [], 
            "text": ""
        }, 
        {
            "segmentNumber": "23", 
            "he": [
                "אלמא חבטא קדים - ואתי הבלא ומבטל ליה:"
            ], 
            "links": [
                {
                    "category": "Talmud", 
                    "sourceHeRef": "חולין ח׳ א:כ״ג", 
                    "sourceRef": "Chullin 8a:23", 
                    "ref": "Chullin 8a:23"
                }
            ], 
            "text": ""
        }, 
        {
            "segmentNumber": "24", 
            "he": [
                "חידוד שאני - דמתוך שהוא חד אין הבל האור שבו חזק וחתיכתו קדם להבלו:"
            ], 
            "links": [
                {
                    "category": "Talmud", 
                    "sourceHeRef": "חולין ח׳ א:כ״ד", 
                    "sourceRef": "Chullin 8a:24", 
                    "ref": "Chullin 8a:24"
                }, 
                {
                    "category": "Talmud", 
                    "sourceHeRef": "חולין ח׳ א:כ״ד", 
                    "sourceRef": "Chullin 8a:24", 
                    "ref": "Chullin 8a:24"
                }
            ], 
            "text": ""
        }, 
        {
            "segmentNumber": "25", 
            "he": [], 
            "links": [], 
            "text": ""
        }, 
        {
            "segmentNumber": "26", 
            "he": [], 
            "links": [], 
            "text": ""
        }, 
        {
            "segmentNumber": "27", 
            "he": [
                "דברזייה מברז - שלא הכהו בכח אלא דקרו ואין כאן חבטא אלא הבל אבל הכהו דאיכא חבטא אימא דהא הוה בתרא ומבטל הבלא:", 
                "מברז - פויינ\"ט בלע\"ז:"
            ], 
            "links": [
                {
                    "category": "Talmud", 
                    "sourceHeRef": "חולין ח׳ א:כ״ז", 
                    "sourceRef": "Chullin 8a:27", 
                    "ref": "Chullin 8a:27"
                }, 
                {
                    "category": "Talmud", 
                    "sourceHeRef": "חולין ח׳ א:כ״ז", 
                    "sourceRef": "Chullin 8a:27", 
                    "ref": "Chullin 8a:27"
                }
            ], 
            "text": ""
        }, 
        {
            "segmentNumber": "28", 
            "he": [], 
            "links": [], 
            "text": ""
        }, 
        {
            "segmentNumber": "29", 
            "he": [
                "של עבודת כוכבים - שמשמשים בה קרבנות של עבודת כוכבים ואסורה בהנאה כדאמרינן במסכת ע\"ז (דף נא:) אבד תאבדון את כל המקומות בכלים שנשתמשו לעבודת כוכבים הכתוב מדבר:"
            ], 
            "links": [
                {
                    "category": "Talmud", 
                    "sourceHeRef": "חולין ח׳ א:כ״ט", 
                    "sourceRef": "Chullin 8a:29", 
                    "ref": "Chullin 8a:29"
                }
            ], 
            "text": ""
        }, 
        {
            "segmentNumber": "30", 
            "he": [
                "מקלקל הוא - ואין זו הנאה שבחייה היו דמיה מרובין מלאחר שחיטה שבחייה היא עומדת לג' דברים לגדל ולדות ולחרישה ולאכילה:", 
                "לחתוך - מתקן הוא דכיון דשחטה להכי קיימא:"
            ], 
            "links": [
                {
                    "category": "Talmud", 
                    "sourceHeRef": "חולין ח׳ א:ל׳", 
                    "sourceRef": "Chullin 8a:30", 
                    "ref": "Chullin 8a:30"
                }, 
                {
                    "category": "Talmud", 
                    "sourceHeRef": "חולין ח׳ א:ל׳", 
                    "sourceRef": "Chullin 8a:30", 
                    "ref": "Chullin 8a:30"
                }, 
                {
                    "category": "Talmud", 
                    "sourceHeRef": "חולין ח׳ א:ל׳", 
                    "sourceRef": "Chullin 8a:30", 
                    "ref": "Chullin 8a:30"
                }, 
                {
                    "category": "Talmud", 
                    "sourceHeRef": "חולין ח׳ א:ל׳", 
                    "sourceRef": "Chullin 8a:30", 
                    "ref": "Chullin 8a:30"
                }
            ], 
            "text": ""
        }, 
        {
            "segmentNumber": "31", 
            "he": [], 
            "links": [], 
            "text": ""
        }, 
        {
            "segmentNumber": "32", 
            "he": [
                "במסוכנת - דהוי מתקן והוי הנאה שאם לא ישחטנה תמות:", 
                "באטמי דקיימי לקורבנא - נתחים טובים ירך וכתף וחזה דקיימי לשלחן דורון לאדם חשוב וזה שחתכן הפסידן:"
            ], 
            "links": [
                {
                    "category": "Talmud", 
                    "sourceHeRef": "חולין ח׳ א:ל״ב", 
                    "sourceRef": "Chullin 8a:32", 
                    "ref": "Chullin 8a:32"
                }, 
                {
                    "category": "Talmud", 
                    "sourceHeRef": "חולין ח׳ א:ל״ב", 
                    "sourceRef": "Chullin 8a:32", 
                    "ref": "Chullin 8a:32"
                }, 
                {
                    "category": "Talmud", 
                    "sourceHeRef": "חולין ח׳ א:ל״ב", 
                    "sourceRef": "Chullin 8a:32", 
                    "ref": "Chullin 8a:32"
                }
            ], 
            "text": ""
        }, 
        {
            "segmentNumber": "33", 
            "he": [
                "ותיפוק ליה - אף על גב דהוא מקלקל אסור לחתוך משום שמנונית דאיסורא דנבלות שנבלעו בסכין:"
            ], 
            "links": [
                {
                    "category": "Talmud", 
                    "sourceHeRef": "חולין ח׳ א:ל״ג", 
                    "sourceRef": "Chullin 8a:33", 
                    "ref": "Chullin 8a:33"
                }
            ], 
            "text": ""
        }
    ], 
    "commentaryBook": "Chullin", 
    "heRef": "רש\"י על חולין ח׳ א", 
    "toSections": [
        "8a"
    ], 
    "sectionRef": "Rashi on Chullin 8a", 
    "title": "Rashi on Chullin 8a", 
    "lengths": [
        281, 
        13642
    ], 
    "next": "Rashi on Chullin 8b:1", 
    "heBook": "רש\"י על חולין", 
    "book": "Rashi on Chullin", 
    "prev": "Rashi on Chullin 7b:72", 
    "textDepth": 3, 
    "sectionNames": [
        "Daf", 
        "Line", 
        "Comment"
    ], 
    "sections": [
        "8a"
    ], 
    "commentator": "Rashi", 
    "isComplex": false, 
    "commentaryCategories": [
        "Talmud", 
        "Bavli", 
        "Seder Kodashim"
    ], 
    "titleVariants": [
        "Rashi on Masekhet Chullin", 
        "Rashi on Chullin", 
        "Rashi on Tractate Chullin", 
        "Rashi on Talmud Chullin"
    ], 
    "categories": [
        "Commentary", 
        "Talmud", 
        "Rashi"
    ], 
    "ref": "Rashi on Chullin 8a", 
    "type": "Commentary", 
    "addressTypes": [
        "Talmud", 
        "Integer", 
        "Integer"
    ], 
    "heCommentator": "רש\"י", 
    "length": 281, 
    "indexTitle": "Rashi on Chullin", 
    "heIndexTitle": "רש\"י על חולין", 
    "alts": [], 
    "order": [
        30, 
        3
    ]
}