{
    "heTitleVariants": [
        "רש\"י על חולין"
    ], 
    "heTitle": "רש\"י על חולין קל״ז א", 
    "content": [
        {
            "segmentNumber": "1", 
            "he": [
                "בקדושה - בכור אינו צריך להקדיש דקדושתו מרחם וגז נמי אין צריך להקדיש דאין קדושה חלה עליו אבל מעשר מקדישו בשבט. לישנא אחרינא אמרי ליה בקדושה בכור וגז נכסי כהן לקדש בו את האשה כדתניא בגמרא דארבעה אבות (ב\"ק דף יג.) בכור מוכרין אותו תם ובעל מום חי ושחוט ומקדשין בו את האשה אבל מעשר אינו נכסי בעלים לקדש בו את האשה דהא כתיב ביה לא ימכר ולא יגאל ולאו מלתא היא דאפ\"ה ממון בעלים הוא ומקדשין בו דתנן (קדושין דף נב:) המקדש בחלקו בין בקדשים קלים כו' ואמרי' טעמא דלאחר שחיטה לאו דידיה הוא דמשלחן גבוה קא זכו אבל מחיים דידיה הוא:", 
                "ומכירה - בכור יכול כהן למוכרו וכן גז אבל מעשר אינו נמכר דתנן במסכת בכורות (דף לב.) (בבכור) [במעשר] נאמר לא יגאל ואינו נמכר לא חי ולא שחוט אלא אם כן הוי של יתומין:", 
                "והנך נפישין - הנך דבכור נפישין ולילף מיניה:"
            ], 
            "links": [
                {
                    "category": "Talmud", 
                    "sourceHeRef": "חולין קל״ז א:א׳", 
                    "index_title": "Chullin", 
                    "sourceRef": "Chullin 137a:1"
                }, 
                {
                    "category": "Talmud", 
                    "sourceHeRef": "חולין קל״ז א:א׳", 
                    "index_title": "Chullin", 
                    "sourceRef": "Chullin 137a:1"
                }, 
                {
                    "category": "Talmud", 
                    "sourceHeRef": "חולין קל״ז א:א׳", 
                    "index_title": "Chullin", 
                    "sourceRef": "Chullin 137a:1"
                }, 
                {
                    "category": "Talmud", 
                    "sourceHeRef": "בבא קמא י״ג א", 
                    "index_title": "Bava Kamma", 
                    "sourceRef": "Bava Kamma 13a"
                }
            ], 
            "text": ""
        }, 
        {
            "segmentNumber": "2", 
            "he": [], 
            "links": [], 
            "text": ""
        }, 
        {
            "segmentNumber": "3", 
            "he": [], 
            "links": [], 
            "text": ""
        }, 
        {
            "segmentNumber": "4", 
            "he": [], 
            "links": [], 
            "text": ""
        }, 
        {
            "segmentNumber": "5", 
            "he": [], 
            "links": [], 
            "text": ""
        }, 
        {
            "segmentNumber": "6", 
            "he": [], 
            "links": [], 
            "text": ""
        }, 
        {
            "segmentNumber": "7", 
            "he": [
                "ונילף גיזה מבכור - דאפילו בשור אקרי גיזה ונימא מה גיזה דהתם אפילו דשור הכא נמי אפילו דשור:"
            ], 
            "links": [
                {
                    "category": "Talmud", 
                    "sourceHeRef": "חולין קל״ז א:ז׳", 
                    "index_title": "Chullin", 
                    "sourceRef": "Chullin 137a:7"
                }
            ], 
            "text": ""
        }, 
        {
            "segmentNumber": "8", 
            "he": [], 
            "links": [], 
            "text": ""
        }, 
        {
            "segmentNumber": "9", 
            "he": [], 
            "links": [], 
            "text": ""
        }, 
        {
            "segmentNumber": "10", 
            "he": [], 
            "links": [], 
            "text": ""
        }, 
        {
            "segmentNumber": "11", 
            "he": [], 
            "links": [], 
            "text": ""
        }, 
        {
            "segmentNumber": "12", 
            "he": [
                "לו - למלבוש ולא לשקו וגיזת שורו אין ראויה אלא לשק:"
            ], 
            "links": [
                {
                    "category": "Talmud", 
                    "sourceHeRef": "חולין קל״ז א:י״ב", 
                    "index_title": "Chullin", 
                    "sourceRef": "Chullin 137a:12"
                }
            ], 
            "text": ""
        }, 
        {
            "segmentNumber": "13", 
            "he": [
                "להכי קרי ליה נוצה שאין דרך לגוזזן אלא לתולשן כנוצה של עוף:", 
                "ליחייב - דהא ראוי לאדם לבגדים נאים:"
            ], 
            "links": [
                {
                    "category": "Talmud", 
                    "sourceHeRef": "חולין קל״ז א:י״ג", 
                    "index_title": "Chullin", 
                    "sourceRef": "Chullin 137a:13"
                }, 
                {
                    "category": "Talmud", 
                    "sourceHeRef": "חולין קל״ז א:י״ג", 
                    "index_title": "Chullin", 
                    "sourceRef": "Chullin 137a:13"
                }
            ], 
            "text": ""
        }, 
        {
            "segmentNumber": "14", 
            "he": [
                "בעינן גיזה - והא תלישה הוא:"
            ], 
            "links": [
                {
                    "category": "Talmud", 
                    "sourceHeRef": "חולין קל״ז א:י״ד", 
                    "index_title": "Chullin", 
                    "sourceRef": "Chullin 137a:14"
                }
            ], 
            "text": ""
        }, 
        {
            "segmentNumber": "15", 
            "he": [
                "מאן שמעת ליה הך סברא - דדריש לישנא דקרא דכתיב גז:", 
                "רבי יוסי - דאמר לקמן לקט קצירך ולא לקט קיטוף:", 
                "הא - אמרינן לקמן:", 
                "מודה ר' יוסי במידי דאורחיה - וכיון דאורחא דעזים בתלישה כגיזה דמו:"
            ], 
            "links": [
                {
                    "category": "Talmud", 
                    "sourceHeRef": "חולין קל״ז א:ט״ו", 
                    "index_title": "Chullin", 
                    "sourceRef": "Chullin 137a:15"
                }, 
                {
                    "category": "Talmud", 
                    "sourceHeRef": "חולין קל״ז א:ט״ו", 
                    "index_title": "Chullin", 
                    "sourceRef": "Chullin 137a:15"
                }, 
                {
                    "category": "Talmud", 
                    "sourceHeRef": "חולין קל״ז א:ט״ו", 
                    "index_title": "Chullin", 
                    "sourceRef": "Chullin 137a:15"
                }, 
                {
                    "category": "Talmud", 
                    "sourceHeRef": "חולין קל״ז א:ט״ו", 
                    "index_title": "Chullin", 
                    "sourceRef": "Chullin 137a:15"
                }
            ], 
            "text": ""
        }, 
        {
            "segmentNumber": "16", 
            "he": [
                "אלא - גז דאינו אלא ברחלים:", 
                "כדר' יהושע בן לוי - לקמן בפרקין דכתיב גז וגו' וסמיך ליה כי בו בחר וגו':"
            ], 
            "links": [
                {
                    "category": "Talmud", 
                    "sourceHeRef": "חולין קל״ז א:ט״ז", 
                    "index_title": "Chullin", 
                    "sourceRef": "Chullin 137a:16"
                }, 
                {
                    "category": "Talmud", 
                    "sourceHeRef": "חולין קל״ז א:ט״ז", 
                    "index_title": "Chullin", 
                    "sourceRef": "Chullin 137a:16"
                }
            ], 
            "text": ""
        }, 
        {
            "segmentNumber": "17", 
            "he": [
                "לעמוד לשרת דבר הראוי לשירות - לתכלת דבגדי שרד והתם צמר בעינן ואין צמר אלא של רחלים:"
            ], 
            "links": [
                {
                    "category": "Talmud", 
                    "sourceHeRef": "חולין קל״ז א:י״ז", 
                    "index_title": "Chullin", 
                    "sourceRef": "Chullin 137a:17"
                }
            ], 
            "text": ""
        }, 
        {
            "segmentNumber": "18", 
            "he": [], 
            "links": [], 
            "text": ""
        }, 
        {
            "segmentNumber": "19", 
            "he": [], 
            "links": [], 
            "text": ""
        }, 
        {
            "segmentNumber": "20", 
            "he": [], 
            "links": [], 
            "text": ""
        }, 
        {
            "segmentNumber": "21", 
            "he": [], 
            "links": [], 
            "text": ""
        }, 
        {
            "segmentNumber": "22", 
            "he": [
                "שצמרן קשה - כגון שהיו משונים משאר כבשים:", 
                "יתחמם - לא מיקרי גז אלא בר חימום:"
            ], 
            "links": [
                {
                    "category": "Talmud", 
                    "sourceHeRef": "חולין קל״ז א:כ״ב", 
                    "index_title": "Chullin", 
                    "sourceRef": "Chullin 137a:22"
                }, 
                {
                    "category": "Talmud", 
                    "sourceHeRef": "חולין קל״ז א:כ״ב", 
                    "index_title": "Chullin", 
                    "sourceRef": "Chullin 137a:22"
                }, 
                {
                    "category": "Talmud", 
                    "sourceHeRef": "חולין קל״ז א:כ״ב", 
                    "index_title": "Chullin", 
                    "sourceRef": "Chullin 137a:22"
                }
            ], 
            "text": ""
        }, 
        {
            "segmentNumber": "23", 
            "he": [], 
            "links": [], 
            "text": ""
        }, 
        {
            "segmentNumber": "24", 
            "he": [], 
            "links": [], 
            "text": ""
        }, 
        {
            "segmentNumber": "25", 
            "he": [
                "הגוזז את העזים פטור - כדאמרינן אין גז אלא של רחלים דבר הראוי לשירות:", 
                "שוטף - במים בנהר ליפותן והצמר נתלש מהם:", 
                "פטור - דלאו גז הוא:"
            ], 
            "links": [
                {
                    "category": "Talmud", 
                    "sourceHeRef": "חולין קל״ז א:כ״ה", 
                    "index_title": "Chullin", 
                    "sourceRef": "Chullin 137a:25"
                }, 
                {
                    "category": "Talmud", 
                    "sourceHeRef": "חולין קל״ז א:כ״ה", 
                    "index_title": "Chullin", 
                    "sourceRef": "Chullin 137a:25"
                }, 
                {
                    "category": "Talmud", 
                    "sourceHeRef": "חולין קל״ז א:כ״ה", 
                    "index_title": "Chullin", 
                    "sourceRef": "Chullin 137a:25"
                }, 
                {
                    "category": "Talmud", 
                    "sourceHeRef": "חולין קל״ז א:כ״ה", 
                    "index_title": "Chullin", 
                    "sourceRef": "Chullin 137a:25"
                }
            ], 
            "text": ""
        }, 
        {
            "segmentNumber": "26", 
            "he": [
                "והא - דקתני שוטף פטור רבי יוסי הוא דדייק לישנא דקרא:"
            ], 
            "links": [
                {
                    "category": "Talmud", 
                    "sourceHeRef": "חולין קל״ז א:כ״ו", 
                    "index_title": "Chullin", 
                    "sourceRef": "Chullin 137a:26"
                }
            ], 
            "text": ""
        }, 
        {
            "segmentNumber": "27", 
            "he": [], 
            "links": [], 
            "text": ""
        }, 
        {
            "segmentNumber": "28", 
            "he": [
                "ולא לקט קיטוף - הקוטף בידיו שבלי קמתו אין הנושר לקט דלישנא דקרא דייקא ופליגי רבנן עליה:"
            ], 
            "links": [
                {
                    "category": "Talmud", 
                    "sourceHeRef": "חולין קל״ז א:כ״ח", 
                    "index_title": "Chullin", 
                    "sourceRef": "Chullin 137a:28"
                }
            ], 
            "text": ""
        }, 
        {
            "segmentNumber": "29", 
            "he": [], 
            "links": [], 
            "text": ""
        }, 
        {
            "segmentNumber": "30", 
            "he": [], 
            "links": [], 
            "text": ""
        }, 
        {
            "segmentNumber": "31", 
            "he": [], 
            "links": [], 
            "text": ""
        }, 
        {
            "segmentNumber": "32", 
            "he": [], 
            "links": [], 
            "text": ""
        }, 
        {
            "segmentNumber": "33", 
            "he": [], 
            "links": [], 
            "text": ""
        }, 
        {
            "segmentNumber": "34", 
            "he": [], 
            "links": [], 
            "text": ""
        }, 
        {
            "segmentNumber": "35", 
            "he": [
                "במידי דאורחיה - כגון בצלים ושומים דקיטוף שלהן זהו קצירן:"
            ], 
            "links": [
                {
                    "category": "Talmud", 
                    "sourceHeRef": "חולין קל״ז א:ל״ה", 
                    "index_title": "Chullin", 
                    "sourceRef": "Chullin 137a:35"
                }
            ], 
            "text": ""
        }, 
        {
            "segmentNumber": "36", 
            "he": [], 
            "links": [], 
            "text": ""
        }, 
        {
            "segmentNumber": "37", 
            "he": [
                "קציר - קציר ארצכם:", 
                "עוקר - עם השרשים כגון עדשים:"
            ], 
            "links": [
                {
                    "category": "Talmud", 
                    "sourceHeRef": "חולין קל״ז א:ל״ז", 
                    "index_title": "Chullin", 
                    "sourceRef": "Chullin 137a:37"
                }, 
                {
                    "category": "Talmud", 
                    "sourceHeRef": "חולין קל״ז א:ל״ז", 
                    "index_title": "Chullin", 
                    "sourceRef": "Chullin 137a:37"
                }
            ], 
            "text": ""
        }, 
        {
            "segmentNumber": "38", 
            "he": [], 
            "links": [], 
            "text": ""
        }, 
        {
            "segmentNumber": "39", 
            "he": [
                "תולש - ביד ולא עם השרשים כגון פולין:"
            ], 
            "links": [
                {
                    "category": "Talmud", 
                    "sourceHeRef": "חולין קל״ז א:ל״ט", 
                    "index_title": "Chullin", 
                    "sourceRef": "Chullin 137a:39"
                }
            ], 
            "text": ""
        }, 
        {
            "segmentNumber": "40", 
            "he": [], 
            "links": [], 
            "text": ""
        }, 
        {
            "segmentNumber": "41", 
            "he": [], 
            "links": [], 
            "text": ""
        }, 
        {
            "segmentNumber": "42", 
            "he": [
                "<b>רבי יוסי </b>לא גרסינן בהא מתניתא. ומיהו על כרחך הני קראי דריש להו ר' יוסי מדאמר אין לי אלא קציר דאיהו דדייק לישנא דקרא ומוקי להו במידי דאורחיה:", 
                "אף אנן נמי תנינא - בהדיא דמודה רבי יוסי במידי דאורחיה:"
            ], 
            "links": [
                {
                    "category": "Talmud", 
                    "sourceHeRef": "חולין קל״ז א:מ״ב", 
                    "index_title": "Chullin", 
                    "sourceRef": "Chullin 137a:42"
                }, 
                {
                    "category": "Talmud", 
                    "sourceHeRef": "חולין קל״ז א:מ״ב", 
                    "index_title": "Chullin", 
                    "sourceRef": "Chullin 137a:42"
                }
            ], 
            "text": ""
        }, 
        {
            "segmentNumber": "43", 
            "he": [
                "מלבנות - שורות שבין ירק לירק:"
            ], 
            "links": [
                {
                    "category": "Talmud", 
                    "sourceHeRef": "חולין קל״ז א:מ״ג", 
                    "index_title": "Chullin", 
                    "sourceRef": "Chullin 137a:43"
                }
            ], 
            "text": ""
        }, 
        {
            "segmentNumber": "44", 
            "he": [
                "פאה מכל אחת ואחת - מן המלבנות שהירק שבין מלבן למלבן הפסק לפאה דידה דירק אינו בכלל פאה חוץ מן השומים והבצלים כדתנן (פאה פ\"א מ\"ד) כל שהוא אוכל ונשמר ומכניסו לקיום ואמרינן במקום שנהגו (פסחים דף נו:) מכניסו לקיום פרט לירק ומיהו שומין ובצלים מכניסן לקיום. קתני מיהא לרבי יוסי דבצלים חייבין בפאה ואע\"ג דאינו קוצרן במגל אלמא מודי הוא במידי דאורחיה:"
            ], 
            "links": [
                {
                    "category": "Talmud", 
                    "sourceHeRef": "חולין קל״ז א:מ״ד", 
                    "index_title": "Chullin", 
                    "sourceRef": "Chullin 137a:44"
                }, 
                {
                    "category": "Mishnah", 
                    "sourceHeRef": "משנה פאה א׳:ד׳", 
                    "index_title": "Mishnah Peah", 
                    "sourceRef": "Mishnah Peah 1:4"
                }, 
                {
                    "category": "Talmud", 
                    "sourceHeRef": "פסחים נ״ו ב", 
                    "index_title": "Pesachim", 
                    "sourceRef": "Pesachim 56b"
                }
            ], 
            "text": ""
        }, 
        {
            "segmentNumber": "45", 
            "he": [], 
            "links": [], 
            "text": ""
        }, 
        {
            "segmentNumber": "46", 
            "he": [], 
            "links": [], 
            "text": ""
        }, 
        {
            "segmentNumber": "47", 
            "he": [
                "בשלמא לב\"ש - אשכחן תרתי דאיקרו נמי צאן הילכך אין אתה יכול להוציאן מכלל חיוב:"
            ], 
            "links": [
                {
                    "category": "Talmud", 
                    "sourceHeRef": "חולין קל״ז א:מ״ז", 
                    "index_title": "Chullin", 
                    "sourceRef": "Chullin 137a:47"
                }
            ], 
            "text": ""
        }, 
        {
            "segmentNumber": "48", 
            "he": [], 
            "links": [], 
            "text": ""
        }, 
        {
            "segmentNumber": "49", 
            "he": [
                "חמש צאן עשויות - לישנא יתירא קדרשי מאי עשויות שעושות שתי מצות ראשית הגז ומתנות דכל כמה דלא הוו חמש לא הוו נהגי בהו אלא חדא מתנות לחודייהו:"
            ], 
            "links": [
                {
                    "category": "Talmud", 
                    "sourceHeRef": "חולין קל״ז א:מ״ט", 
                    "index_title": "Chullin", 
                    "sourceRef": "Chullin 137a:49"
                }, 
                {
                    "category": "Talmud", 
                    "sourceHeRef": "חולין קל״ז א:מ״ט", 
                    "index_title": "Chullin", 
                    "sourceRef": "Chullin 137a:49"
                }
            ], 
            "text": ""
        }, 
        {
            "segmentNumber": "50", 
            "he": [], 
            "links": [], 
            "text": ""
        }, 
        {
            "segmentNumber": "51", 
            "he": [], 
            "links": [], 
            "text": ""
        }, 
        {
            "segmentNumber": "52", 
            "he": [
                "אטו בכורה חדא מי לא מחייבא - על כרחך כי תלא רחמנא בחמש ראשית הגז הוא דתלא:"
            ], 
            "links": [
                {
                    "category": "Talmud", 
                    "sourceHeRef": "חולין קל״ז א:נ״ב", 
                    "index_title": "Chullin", 
                    "sourceRef": "Chullin 137a:52"
                }, 
                {
                    "category": "Talmud", 
                    "sourceHeRef": "חולין קל״ז א:נ״ב", 
                    "index_title": "Chullin", 
                    "sourceRef": "Chullin 137a:52"
                }
            ], 
            "text": ""
        }, 
        {
            "segmentNumber": "53", 
            "he": [
                "וליטעמיך מתנות נמי חדא מי לא מחייבא - אישתכח דבתרתי ובחדא נמי איכא שתי מצות בכורה ומתנות וליכא למימר דהאי עשויות הכי מדריש והא ליכא למימר עשויות שלש מצות דהיכי משמע מיעוט עשויות שתים הוו: "
            ], 
            "links": [
                {
                    "category": "Talmud", 
                    "sourceHeRef": "חולין קל״ז א:נ״ג", 
                    "index_title": "Chullin", 
                    "sourceRef": "Chullin 137a:53"
                }
            ], 
            "text": ""
        }, 
        {
            "segmentNumber": "54", 
            "he": [
                "אלא אמר רב אשי - הכי דריש:"
            ], 
            "links": [
                {
                    "category": "Talmud", 
                    "sourceHeRef": "חולין קל״ז א:נ״ד", 
                    "index_title": "Chullin", 
                    "sourceRef": "Chullin 137a:54"
                }
            ], 
            "text": ""
        }, 
        {
            "segmentNumber": "55", 
            "he": [
                "עשויות שמעשות את בעליהן - למצוה חדשה שלא היה מצוה עליו בפחות מכן והיינו על כרחך ראשית הגז דכתיב בה צאן דמשמע מרובה דאילו בכורה דכתיב (במדבר יח) בכור שור אפילו חד וכן מתנות אם שור אם שה (דברים יח): "
            ], 
            "links": [
                {
                    "category": "Talmud", 
                    "sourceHeRef": "חולין קל״ז א:נ״ה", 
                    "index_title": "Chullin", 
                    "sourceRef": "Chullin 137a:55"
                }, 
                {
                    "category": "Tanakh", 
                    "sourceHeRef": "במדבר י״ח", 
                    "index_title": "Numbers", 
                    "sourceRef": "Numbers 18"
                }, 
                {
                    "category": "Tanakh", 
                    "sourceHeRef": "דברים י״ח", 
                    "index_title": "Deuteronomy", 
                    "sourceRef": "Deuteronomy 18"
                }
            ], 
            "text": ""
        }, 
        {
            "segmentNumber": "56", 
            "he": [], 
            "links": [], 
            "text": ""
        }, 
        {
            "segmentNumber": "57", 
            "he": [], 
            "links": [], 
            "text": ""
        }, 
        {
            "segmentNumber": "58", 
            "he": [], 
            "links": [], 
            "text": ""
        }, 
        {
            "segmentNumber": "59", 
            "he": [
                "<b>תניא א\"ר</b> גרסינן:"
            ], 
            "links": [
                {
                    "category": "Talmud", 
                    "sourceHeRef": "חולין קל״ז א:נ״ט", 
                    "index_title": "Chullin", 
                    "sourceRef": "Chullin 137a:59"
                }
            ], 
            "text": ""
        }, 
        {
            "segmentNumber": "60", 
            "he": [
                "דברי בריבי - שהיה גדול בדורו דקיימא לן רבי יוסי נמוקו עמו:", 
                "אנן דברי בריבי שומעין - קס\"ד מפני שהוא מכריע ביניהם לא חמש כבית הלל ולא שתים כב\"ש: ", 
                "תורת משה קרויה תורה לפי שנתנה תורה לדורות ושל נביאים לא קרי אלא קבלה שקבלו מרוח הקדש כל נבואה ונבואה לפי צורך השעה והדור והמעשה:"
            ], 
            "links": [
                {
                    "category": "Talmud", 
                    "sourceHeRef": "חולין קל״ז א:ס׳", 
                    "index_title": "Chullin", 
                    "sourceRef": "Chullin 137a:60"
                }, 
                {
                    "category": "Talmud", 
                    "sourceHeRef": "חולין קל״ז א:ס׳", 
                    "index_title": "Chullin", 
                    "sourceRef": "Chullin 137a:60"
                }, 
                {
                    "category": "Talmud", 
                    "sourceHeRef": "חולין קל״ז א:ס׳", 
                    "index_title": "Chullin", 
                    "sourceRef": "Chullin 137a:60"
                }
            ], 
            "text": ""
        }, 
        {
            "segmentNumber": "61", 
            "he": [], 
            "links": [], 
            "text": ""
        }, 
        {
            "segmentNumber": "62", 
            "he": [
                "והאמר מר אין הכרעה שלישית מכרעת - כשזה אומר כך וזה אומר כך וזה אומר דעת שלישית אפילו אמצעית היא ביניהם אין זה הכרע כגון (פסחים דף כ:) חבית של תרומה שנתגלתה ב\"ש אומר תשפך הכל וב\"ה אומרים תעשה זילוף א\"ר ישמעאל בר' יוסי אני אכריע בשדה תשפך הכל בבית תעשה זילוף אמרו לו אין הכרעה שלישית מכרעת והיכי הויא הכרעה כגון ההיא דקולי מטלניות דבמה מדליקין (שבת דף כט.) ר' אליעזר אומר בין מן המוכן בין שלא מן המוכן טמא ר' יהושע אומר בין מן המוכן בין שלא מן המוכן טהור ר\"ע אומר מן המוכן טמא שלא מן המוכן טהור א\"ר יוחנן עלה כל מקום שאתה מוצא שנים חולקים ואחד מכריע כו' אלמא כה\"ג קרי הכרעה היכא דגלו מאי דעתייהו דשייך לפלוגי בין מוכן לשאינו מוכן אפ\"ה לא פלגינן ואתא ר\"ע ונתן חילוק בדבר הוי הכרעה שהכריע במוכן כר' אליעזר ונמצאו שנים מטמאים במוכן ור' יהושע יחיד מטהר ובשאינו מוכן כר' יהושע והוו שנים מטהרים בשאינו מוכן אבל גבי חבית דלא גלו דעתייהו ב\"ש וב\"ה דנהוי שייך חילוק בין בית לשדה שלא אמרו כך ב\"ש אומר בין בבית בין בשדה תשפך הכל וב\"ה אומר בין בבית בין בשדה תעשה זילוף ובא שלישי וחלק בין שדה לבית התם אין זה הכרע לדבריהם אלא דעת שלישית דהכרע לשון כף מאזנים הוי בשנים חולקין ובא שלישי ומכריע המשקל כאחד מהן או בכל הדבר או בחציו כזה ובחציו כזה:"
            ], 
            "links": [
                {
                    "category": "Talmud", 
                    "sourceHeRef": "חולין קל״ז א:ס״ב", 
                    "index_title": "Chullin", 
                    "sourceRef": "Chullin 137a:62"
                }, 
                {
                    "category": "Talmud", 
                    "sourceHeRef": "פסחים כ׳ ב", 
                    "index_title": "Pesachim", 
                    "sourceRef": "Pesachim 20b"
                }, 
                {
                    "category": "Talmud", 
                    "sourceHeRef": "שבת כ״ט א", 
                    "index_title": "Shabbat", 
                    "sourceRef": "Shabbat 29a"
                }
            ], 
            "text": ""
        }, 
        {
            "segmentNumber": "63", 
            "he": [], 
            "links": [], 
            "text": ""
        }
    ], 
    "commentaryBook": "Chullin", 
    "heRef": "רש\"י על חולין קל״ז א", 
    "toSections": [
        "137a"
    ], 
    "sectionRef": "Rashi on Chullin 137a", 
    "title": "Rashi on Chullin 137a", 
    "lengths": [
        281, 
        13642
    ], 
    "next": "Rashi on Chullin 137b:1", 
    "heBook": "רש\"י על חולין", 
    "book": "Rashi on Chullin", 
    "prev": "Rashi on Chullin 136b:51", 
    "textDepth": 3, 
    "sectionNames": [
        "Daf", 
        "Line", 
        "Comment"
    ], 
    "sections": [
        "137a"
    ], 
    "commentator": "Rashi", 
    "isComplex": false, 
    "commentaryCategories": [
        "Talmud", 
        "Bavli", 
        "Seder Kodashim"
    ], 
    "titleVariants": [
        "Rashi on Masekhet Chullin", 
        "Rashi on Chullin", 
        "Rashi on Tractate Chullin", 
        "Rashi on Talmud Chullin"
    ], 
    "categories": [
        "Commentary", 
        "Talmud", 
        "Rashi"
    ], 
    "ref": "Rashi on Chullin 137a", 
    "type": "Commentary", 
    "addressTypes": [
        "Talmud", 
        "Integer", 
        "Integer"
    ], 
    "heCommentator": "רש\"י", 
    "length": 281, 
    "indexTitle": "Rashi on Chullin", 
    "heIndexTitle": "רש\"י על חולין", 
    "alts": [], 
    "order": [
        30, 
        3
    ]
}