{
    "sections": {
        "Rashi on Numbers 23:28": {
            "content": [
                {
                    "segmentNumber": "1", 
                    "he": "<b>ראש הפעור.</b> קוֹסֵם גָּדוֹל הָיָה בָלָק וְרָאָה שֶׁהֵן עֲתִידִין לִלְקוֹת עַל יְדֵי פְעוֹר, וְלֹא הָיָה יוֹדֵעַ בַּמֶּה, אָמַר שֶׁמָּא הַקְּלָלָה תָחוּל עֲלֵיהֶם מִשָּׁם! וְכֵן כָּל הַחוֹזִים בַּכּוֹכָבִים רוֹאִים וְאֵינָם יוֹדְעִים מָה רוֹאִים (סוטה י\"ב):", 
                    "links": [
                        {
                            "category": "Tanakh", 
                            "index_title": "Numbers", 
                            "sourceHeRef": "במדבר כ״ג:כ״ח", 
                            "sourceRef": "Numbers 23:28"
                        }, 
                        {
                            "category": "Talmud", 
                            "index_title": "Sotah", 
                            "sourceHeRef": "סוטה י״ב ב", 
                            "sourceRef": "Sotah 12b"
                        }, 
                        {
                            "category": "Talmud", 
                            "index_title": "Sotah", 
                            "sourceHeRef": "סוטה י״ב א", 
                            "sourceRef": "Sotah 12a"
                        }, 
                        {
                            "category": "Commentary", 
                            "index_title": "Gur Aryeh on Bamidbar", 
                            "sourceHeRef": "גור אריה על במדבר כ״ג:כ״ח:א׳", 
                            "sourceRef": "Gur Aryeh on Bamidbar 23:28:1"
                        }
                    ], 
                    "text": "ראש הפעור THE TOP OF PEOR — Balak was a great soothsayer and he foresaw that they would once be punished on account of Peor, but he knew not by what. He said: Perhaps the curse will fall upon them from there (be effective against them if pronounced there). So, too, all astrologers: they see something that will once happen but they know not exactly what they see (cf. Sota 12b)."
                }
            ], 
            "heTitle": "רש\"י על במדבר", 
            "indexTitle": "Rashi on Numbers", 
            "sectionRef": "Rashi on Numbers 23:28", 
            "prev": "Rashi on Numbers 23:27", 
            "ref": "Rashi on Numbers 23:28", 
            "heRef": "רש\"י על במדבר כ״ג:כ״ח", 
            "next": "Rashi on Numbers 24:1"
        }, 
        "Rashi on Numbers 23:21": {
            "content": [
                {
                    "segmentNumber": "1", 
                    "he": "<b>לא הביט און  ביעקב וגו'.</b> כְּתַרְגּוּמוֹ; דָּבָר אַחֵר אַחֲרֵי פְשׁוּטוֹ הוּא נִדְרַשׁ מִדְרָשׁ נָאֶה —", 
                    "links": [
                        {
                            "category": "Tanakh", 
                            "index_title": "Numbers", 
                            "sourceHeRef": "במדבר כ״ג:כ״א", 
                            "sourceRef": "Numbers 23:21"
                        }
                    ], 
                    "text": "לא הביט און ביעקב וגו׳ HE HATH NOT BEHELD INIQUITY IN JACOB, etc. — Understand this as the Targum has it (“I have seen that there are no worshippers of idols in the house of Jacob”). Another explanation: According to its plain sense it can receive a beautiful exposition:"
                }, 
                {
                    "segmentNumber": "2", 
                    "he": "<b>לא הביט.</b> הַקָּבָּ\"ה <b>און</b> שֶׁבְּיַעֲקֹב — כְּשֶׁהֵן עוֹבְרִין עַל דְּבָרָיו אֵינוֹ מְדַקְדֵּק אַחֲרֵיהֶם לְהִתְבּוֹנֵן בְּאוֹנִיּוֹת שֶׁלָּהֶם וַעֲמָלָן שֶׁהֵן עוֹבְרִין עַל דָּתוֹ:", 
                    "links": [
                        {
                            "category": "Tanakh", 
                            "index_title": "Numbers", 
                            "sourceHeRef": "במדבר כ״ג:כ״א", 
                            "sourceRef": "Numbers 23:21"
                        }
                    ], 
                    "text": "לא הביט HE DOTH NOT SEE — i. e., the Holy One, blessed be He, doth not see און THE INIQUITY which is IN JACOB: when they transgress His Words He does not deal so strictly with them as to pay regard to their iniquitous doings and their transgression by which they infringe His law (cf. Tanchuma)."
                }, 
                {
                    "segmentNumber": "3", 
                    "he": "<b>עמל.</b> לְשׁוֹן עֲבֵרָה, כְּמוֹ \"וְהָרָה עָמָל\" (תהלים ז'), \"כִּי אַתָּה עָמָל וָכַעַס תַּבִּיט\" (שם י'), לְפִי שֶׁהָעֲבֵרָה הִיא עָמָל לִפְנֵי הַמָּקוֹם:", 
                    "links": [
                        {
                            "category": "Tanakh", 
                            "index_title": "Numbers", 
                            "sourceHeRef": "במדבר כ״ג:כ״א", 
                            "sourceRef": "Numbers 23:21"
                        }, 
                        {
                            "category": "Tanakh", 
                            "index_title": "Psalms", 
                            "sourceHeRef": "תהילים ז׳:ט״ו", 
                            "sourceRef": "Psalms 7:15"
                        }, 
                        {
                            "category": "Tanakh", 
                            "index_title": "Psalms", 
                            "sourceHeRef": "תהילים י׳:י״ד", 
                            "sourceRef": "Psalms 10:14"
                        }
                    ], 
                    "text": "עמל denotes transgression, as in (Psalms 7:15): “He conceiveth transgression (עמל)\"; (Psalms 10:14) “For thou beholdest transgression (עמל) and vexation” — and it denotes this because transgression is a vexation (עמל) before the Omnipresent."
                }, 
                {
                    "segmentNumber": "4", 
                    "he": "<b>ה' אלהיו עמו.</b> אֲפִילוּ מַכְעִיסִין וּמַמְרִים לְפָנָיו, אֵנוֹ זָז מִתּוֹכָן:", 
                    "links": [
                        {
                            "category": "Tanakh", 
                            "index_title": "Numbers", 
                            "sourceHeRef": "במדבר כ״ג:כ״א", 
                            "sourceRef": "Numbers 23:21"
                        }, 
                        {
                            "category": "Tanakh", 
                            "index_title": "Psalms", 
                            "sourceHeRef": "תהילים ז׳:ט״ו", 
                            "sourceRef": "Psalms 7:15"
                        }
                    ], 
                    "text": "ה' אלקיו עמו THE LORD HIS GOD IS WITH HIM — Even when they provoke Him to anger and act rebelliously before Him He does not depart from their midst,"
                }, 
                {
                    "segmentNumber": "5", 
                    "he": "<b>ותרועת מלך בו.</b> לְשׁוֹן חִבָּה וְרֵעוּת, כְּמוֹ (שמואל ב ט') \"רֵעֶה דָּוִד\" — אוֹהֵב דָּוִד, (שופטים ט\"ו) \"וַיִּתְּנָהּ לְמֵרֵעֵהוּ\", וְכֵן תִּרְגֵּם אוּנְקְלוּס \"וּשְׁכִינַת מַלְכְּהוֹן בֵּינֵהוֹן\":", 
                    "links": [
                        {
                            "category": "Tanakh", 
                            "index_title": "Numbers", 
                            "sourceHeRef": "במדבר כ״ג:כ״א", 
                            "sourceRef": "Numbers 23:21"
                        }, 
                        {
                            "category": "Tanakh", 
                            "index_title": "Judges", 
                            "sourceHeRef": "שופטים ט״ו:ו׳", 
                            "sourceRef": "Judges 15:6"
                        }, 
                        {
                            "category": "Tanakh", 
                            "index_title": "II Samuel", 
                            "sourceHeRef": "שמואל ב ט״ו:ל״ז", 
                            "sourceRef": "II Samuel 15:37"
                        }, 
                        {
                            "category": "Tanakh", 
                            "index_title": "II Samuel", 
                            "sourceHeRef": "שמואל ב ט׳", 
                            "sourceRef": "II Samuel 9"
                        }
                    ], 
                    "text": "ותרועת מלך בו BUT THE תרועה OF A KING IS STILL WITH THEM — תרועה is an expression for love and fellowship, as (II Samuel 15:37) “the רעה of David’ — the friend of David; (Judges 15:6) “And he gave her to his friend (מרעהו).\" (The translation is therefore: and the fellowship of their king is still with them). In this sense, too, does Onkelos translate it: and the Shechina of their King is among them."
                }
            ], 
            "heTitle": "רש\"י על במדבר", 
            "indexTitle": "Rashi on Numbers", 
            "sectionRef": "Rashi on Numbers 23:21", 
            "prev": "Rashi on Numbers 23:20", 
            "ref": "Rashi on Numbers 23:21", 
            "heRef": "רש\"י על במדבר כ״ג:כ״א", 
            "next": "Rashi on Numbers 23:22"
        }, 
        "Rashi on Numbers 23:20": {
            "content": [
                {
                    "segmentNumber": "1", 
                    "he": "<b>הנה ברך לקחתי.</b> אַתָּה שׁוֹאֲלֵנִי \"מַה דִּבֶּר ה'?\", קִבַּלְתִּי מִמֶּנּוּ לְבָרֵךְ אוֹתָם:", 
                    "links": [
                        {
                            "category": "Tanakh", 
                            "index_title": "Numbers", 
                            "sourceHeRef": "במדבר כ״ג:כ׳", 
                            "sourceRef": "Numbers 23:20"
                        }
                    ], 
                    "text": "הנה ברך לקחתי BEHOLD, I HAVE RECEIVED COMMANDMENT TO BLESS — You ask me derisively, (v. 17) “What hath the Lord spoken”? I will tell you: I have received an order from Him to bless them."
                }, 
                {
                    "segmentNumber": "2", 
                    "he": "<b>וברך ולא אשיבנה.</b> הוּא בֵרַךְ אוֹתָם וַאֲנִי לֹא אָשִׁיב אֶת בִּרְכָתוֹ:", 
                    "links": [
                        {
                            "category": "Tanakh", 
                            "index_title": "Numbers", 
                            "sourceHeRef": "במדבר כ״ג:כ׳", 
                            "sourceRef": "Numbers 23:20"
                        }
                    ], 
                    "text": "וברך ולא אשיבנה AND HE HAS BLESSED AND I CANNOT REVERSE IT — “He” has blessed them, and “I” cannot reverse this blessing. "
                }, 
                {
                    "segmentNumber": "3", 
                    "he": "<b>וברך.</b> כְּמוֹ וּבִרֵּךְ, וְכֵן הִיא גִזְרַת רֵי\"ש, כְּמוֹ (תהלים ע\"ד) \"אוֹיֵב חֵרֵף\" כְּמוֹ חִרֵּף, וְכֵן (שם מ') \"וּבׂצֵעַ בֵּרֵךְ\" — הַמְהַלֵּל וּמְבָרֵךְ אֶת הַגּוֹזֵל וְאוֹמֵר אַל תִּירָא כִּי לֹא תֵעָנֵשׁ, שָׁלוֹם יִהְיֶה לְּךָ, מַרְגִּיז הוּא לְהַקָּבָּ\"ה; וְאֵין לוֹמַר <b>ברך</b> שָׁם דָּבָר, שֶׁאִם כֵּן הָיָה נָקוּד בְּפַתַ\"ח קָטׂן וְטַעְמוֹ לְמַעְלָה, אֲבָל לְפִי שֶׁהוּא לְֹשוֹן פִּעֵל, הוּא נָקוּד קָמַץ קָטׂן וְטַעְמוֹ לְמָטָה:", 
                    "links": [
                        {
                            "category": "Tanakh", 
                            "index_title": "Numbers", 
                            "sourceHeRef": "במדבר כ״ג:כ׳", 
                            "sourceRef": "Numbers 23:20"
                        }, 
                        {
                            "category": "Tanakh", 
                            "index_title": "Psalms", 
                            "sourceHeRef": "תהילים ע״ד:י״ח", 
                            "sourceRef": "Psalms 74:18"
                        }, 
                        {
                            "category": "Tanakh", 
                            "index_title": "Psalms", 
                            "sourceHeRef": "תהילים י׳:ג׳", 
                            "sourceRef": "Psalms 10:3"
                        }, 
                        {
                            "category": "Commentary", 
                            "index_title": "Gur Aryeh on Bamidbar", 
                            "sourceHeRef": "גור אריה על במדבר כ״ג:כ׳:ג׳", 
                            "sourceRef": "Gur Aryeh on Bamidbar 23:20:3"
                        }, 
                        {
                            "category": "Commentary", 
                            "index_title": "Gur Aryeh on Bamidbar", 
                            "sourceHeRef": "גור אריה על במדבר כ״ג:כ׳:ד׳", 
                            "sourceRef": "Gur Aryeh on Bamidbar 23:20:4"
                        }
                    ], 
                    "text": "וברך — This is equivalent to וּבִרֵּךְ. This is the rule of the letter ר, as in (Psalms 74:18): “the enemy blasphemeth”, חֵרֵף like חִרֵּף; and similarly (Psalms 10:3): [ובצע בֵּרֵךְ [נאץ ה׳ (where בֵּרֵךְ is for בִּרֵּךְ), which means, He who praises and blesses the robber (בצע) and says, ‘Do not be afraid, for you will not be punished; peace will be unto you’, he angers (נאץ) God thereby (but see Rashi on this verse where another translation is given). — One cannot say that ברך is a noun, for if it were, it would be voweled in both syllables with Short Patach (our Segol), and its accent would be on the first syllable (בֶּרָךְ) because it is a verb in the Piel conjugation, it is voweled with Short Kametz (our Tzéré) on both syllables, and its accent is on the last syllable."
                }
            ], 
            "heTitle": "רש\"י על במדבר", 
            "indexTitle": "Rashi on Numbers", 
            "sectionRef": "Rashi on Numbers 23:20", 
            "prev": "Rashi on Numbers 23:19", 
            "ref": "Rashi on Numbers 23:20", 
            "heRef": "רש\"י על במדבר כ״ג:כ׳", 
            "next": "Rashi on Numbers 23:21"
        }, 
        "Rashi on Numbers 23:23": {
            "content": [
                {
                    "segmentNumber": "1", 
                    "he": "<b>כי לא נחש ביעקב.</b> כִּי רְאוּיִים הֵם לִבְרָכָה, שֶׁאֵין בָּהֶם מְנַחֲשִׁים וְקוֹסְמִים:", 
                    "links": [
                        {
                            "category": "Tanakh", 
                            "index_title": "Numbers", 
                            "sourceHeRef": "במדבר כ״ג:כ״ג", 
                            "sourceRef": "Numbers 23:23"
                        }
                    ], 
                    "text": "כי לא נחש ביעקב FOR THERE IS NO ENCHANTMENT IN JACOB — For they are worthy of blessing since there are no enchanters or diviners amongst them."
                }, 
                {
                    "segmentNumber": "2", 
                    "he": "<b>כעת יאמר ליעקב וגו'.</b> עוֹד עָתִיד לִהְיוֹת עֵת כָּעֵת הַזֹּאת אֲשֶׁר תִּגָּלֶה חִבָּתָן לְעֵין כֹּל, שֶׁהֵן יוֹשְׁבִין לְפָנָיו וּלְמֵדִים תּוֹרָה מִפִּיו וּמְחִיצָתָן לִפְנִים מִמַּלְאֲכֵי הַשָּׁרֵת וְהֵם יִשְׁאֲלוּ לָהֶם <b>מה פעל אל</b>? וְזֶהוּ שֶׁנֶּאֱמַר (ישעיהו ל') \"וְהָיוּ עֵינֶיךָ רֹאוֹת אֶת מוֹרֶיךָ\".  דָּ\"אַ — <b>יאמר ליעקב</b> אֵינוֹ לְשׁוֹן עָתִיד אֶלָּא לְשׁוֹן הֹוֶה, אֵינָן צְרִיכִין לִמְנַחֵשׁ וְקוֹסֵם, כִּי בְכָל עֵת שֶׁצָּרִיךְ לְהֵאָמֵר לְיַעֲקֹב וּלְיִשְׂרָאֵל מַה פָּעַל הַקָּבָּ\"ה וּמַה גְּזֵרוֹתָיו בַּמָּרוֹם, אֵינָן מְנַחֲשִׁים וְקוֹסְמִים אֶלָּא נֶאֱמַר לָהֶם עַל פִּי נְבִיאֵיהֶם מַה הִיא גְזֵרַת הַמָּקוֹם, אוֹ אוּרִים וְתוּמִים מַגִּידִים לָהֶם (תנחומא); וְאוּנְקְלוּס לׂא תִרְגֵּם כֵּן:", 
                    "links": [
                        {
                            "category": "Tanakh", 
                            "index_title": "Numbers", 
                            "sourceHeRef": "במדבר כ״ג:כ״ג", 
                            "sourceRef": "Numbers 23:23"
                        }, 
                        {
                            "category": "Tanakh", 
                            "index_title": "Isaiah", 
                            "sourceHeRef": "ישעיהו ל׳:כ׳", 
                            "sourceRef": "Isaiah 30:20"
                        }
                    ], 
                    "text": "כעת יאמר ליעקב וגו׳ IN DUE TIME IT SHALL BE SAID TO JACOB etc. — Once again will there be a time as this time (כעת) when the love which God bears them will be made manifest in the sight of all, because they sit before Him and learn the Torah at His mouth, and the place assigned to them will be inward of that of the ministering angels and these will enquire of them, מה פעל אל WHAT HATH GOD WROUGHT. This is the meaning of what is said, (Isaiah 30:20) “And thine eyes shall see thy Teacher”. — Another explanation is that יאמר ליעקב does not express what is to happen in the future but expresses what takes place in the present: They require no enchanter nor diviner, for at every time (כעת) when it is necessary that there should be told to Jacob and to Israel what the Holy One, blessed be He, hath wrought and what are His decrees on High, they do not do enchantment nor divination, but it is told to them (יאמר ליעקב) by the mouth of their prophets what is the decree of the Omnipresent (מה פעל אל), or the Urim and Thummim declare it to them (Tanchuma). — Onkelos, however, did not translate it thus."
                }
            ], 
            "heTitle": "רש\"י על במדבר", 
            "indexTitle": "Rashi on Numbers", 
            "sectionRef": "Rashi on Numbers 23:23", 
            "prev": "Rashi on Numbers 23:22", 
            "ref": "Rashi on Numbers 23:23", 
            "heRef": "רש\"י על במדבר כ״ג:כ״ג", 
            "next": "Rashi on Numbers 23:24"
        }, 
        "Rashi on Numbers 23:22": {
            "content": [
                {
                    "segmentNumber": "1", 
                    "he": "<b>אל מוציאם ממצרים.</b> אַתָּה אָמַרְתָּ \"הִנֵּה עַם יָצָא מִמִּצְרַיִם\", לֹא יָצָא מֵעַצְמוֹ, אֶלָּא הָאֱלֹהִים הוֹצִיאָם! ", 
                    "links": [
                        {
                            "category": "Tanakh", 
                            "index_title": "Numbers", 
                            "sourceHeRef": "במדבר כ״ג:כ״ב", 
                            "sourceRef": "Numbers 23:22"
                        }, 
                        {
                            "category": "Tanakh", 
                            "index_title": "Numbers", 
                            "sourceHeRef": "במדבר כ״ב:ה׳", 
                            "sourceRef": "Numbers 22:5"
                        }
                    ], 
                    "text": "אל מוציאם ממצרים GOD BROUGHT THEM OUT FROM EGYPT — You said, (Numbers 22:5) “Behold, there is a people come out from Egypt” — it did not come out of its own account, but God brought it out (Tanchuma)."
                }, 
                {
                    "segmentNumber": "2", 
                    "he": "<b>כתועפת רעם לו.</b> כְּתוֹקֶף רוּם וְגוֹבַהּ שֶׁלּוֹ, וְכֵן \"וְכֶסֶף תּוֹעָפוֹת\" (איוב כ\"ב) לְשׁוֹן מָעוֹז הֵמָּה, וְאוֹמֵר אֲנִי שֶׁהוּא לְשׁוֹן \"וְעוֹף יְעוֹפֵף\" (בראשית א') — הַמְעוֹפֵף בְּרוּם וְגוֹבַהּ, תוֹקֶף רַב הוּא זֶה, וְתוֹעֲפֹת רְאֵם — עֲפִיפַת גּוֹבַהּ; דָּ\"אַ, תּוֹעֲפוׂת רְאֵם — תּוֹקֶף רְאֵמִים, וְאָמְרוּ רַבּוֹתֵינוּ אֵלּוּ הַשֵּׁדִים (עי' גיטין ס\"ח):", 
                    "links": [
                        {
                            "category": "Tanakh", 
                            "index_title": "Numbers", 
                            "sourceHeRef": "במדבר כ״ג:כ״ב", 
                            "sourceRef": "Numbers 23:22"
                        }, 
                        {
                            "category": "Tanakh", 
                            "index_title": "Genesis", 
                            "sourceHeRef": "בראשית א׳:כ׳", 
                            "sourceRef": "Genesis 1:20"
                        }, 
                        {
                            "category": "Tanakh", 
                            "index_title": "Job", 
                            "sourceHeRef": "איוב כ״ב:כ״ה", 
                            "sourceRef": "Job 22:25"
                        }, 
                        {
                            "category": "Talmud", 
                            "index_title": "Gittin", 
                            "sourceHeRef": "גיטין ס״ח א", 
                            "sourceRef": "Gittin 68a"
                        }
                    ], 
                    "text": "כתועפת ראם לו means [GOD BROUGHT THEM OUT OF EGYPT] IN ACCORDANCE WITH THE STRENGTH BEFITTING HIS SUBLIMITY (רום) and loftiness. Similar is (Job 22:25) “and silver of strength (‎תועפות‎)\"‏ — they (the word תועפות here and in the verse quoted) are both expressions signifying strength. — And I say that really it has the same meaning as the verb in (Genesis 1:20) ועוף יעופף which signifies: a bird that raises itself into the heights and lofty spheres — and this is evidence of great strength. Accordingly ותועפות ראם really signifies “a flight in the heights”. — Another explanation of תועפות ראם is: “the strength of Reemim” and our Rabbis said that this refers to “the demons’” (their strength is subject to Him) (cf. Git. 68b)."
                }
            ], 
            "heTitle": "רש\"י על במדבר", 
            "indexTitle": "Rashi on Numbers", 
            "sectionRef": "Rashi on Numbers 23:22", 
            "prev": "Rashi on Numbers 23:21", 
            "ref": "Rashi on Numbers 23:22", 
            "heRef": "רש\"י על במדבר כ״ג:כ״ב", 
            "next": "Rashi on Numbers 23:23"
        }, 
        "Rashi on Numbers 23:25": {
            "content": [
                {
                    "segmentNumber": "1", 
                    "he": "<b> גם קב לא תקבנו.</b> גַם רִאשׁוֹן מוׂסִיף עַל גַּם הַשֵּׁנִי וְגַם הַשֵּׁנִי עַל גַּם רִאשׁוֹן, וְכֵן \"גַּם לִי גַּם לָךְ לֹא יִהְיֶה\" (מלכים א ג'), וְכֵן \"גַּם בָּחוּר גַּם בְּתוּלָה\" (דברים ל\"ב):", 
                    "links": [
                        {
                            "category": "Tanakh", 
                            "index_title": "Numbers", 
                            "sourceHeRef": "במדבר כ״ג:כ״ה", 
                            "sourceRef": "Numbers 23:25"
                        }, 
                        {
                            "category": "Tanakh", 
                            "index_title": "Deuteronomy", 
                            "sourceHeRef": "דברים ל״ב:כ״ה", 
                            "sourceRef": "Deuteronomy 32:25"
                        }, 
                        {
                            "category": "Tanakh", 
                            "index_title": "I Kings", 
                            "sourceHeRef": "מלכים א ג׳", 
                            "sourceRef": "I Kings 3"
                        }
                    ], 
                    "text": "גם קב לא תקבנו NEITHER (גם) CURSE THEM AT ALL [NOR (גם) BLESS THEM AT ALL] — The first גם adds something to the second גם and the second גם something to the first גם, similar to (1 King 3:26): “Neither mine (גם לי) nor thine (גם לך) shall it be”; and similarly (Deuteronomy 32:25): “also youths (גם בכור) also maidens (גם בתולה)” (i.e. both youths and maidens)."
                }
            ], 
            "heTitle": "רש\"י על במדבר", 
            "indexTitle": "Rashi on Numbers", 
            "sectionRef": "Rashi on Numbers 23:25", 
            "prev": "Rashi on Numbers 23:24", 
            "ref": "Rashi on Numbers 23:25", 
            "heRef": "רש\"י על במדבר כ״ג:כ״ה", 
            "next": "Rashi on Numbers 23:27"
        }, 
        "Rashi on Numbers 23:24": {
            "content": [
                {
                    "segmentNumber": "1", 
                    "he": "<b>הן עם כלביא יקום וגו'.</b> כְּשֶׁהֵן עוֹמְדִין מִשְּׁנָתָם שַׁחֲרִית, הֵן מִתְגַּבְּרִין כְּלָבִיא וְכַאֲרִי לַחֲטוֹף אֶת הַמִּצְוֹת — לִלְבּוֹשׁ טַלִּית, לִקְרוֹא אֶת שְׁמַע וּלְהָנִיחַ תְּפִלִּין:", 
                    "links": [
                        {
                            "category": "Tanakh", 
                            "index_title": "Numbers", 
                            "sourceHeRef": "במדבר כ״ג:כ״ד", 
                            "sourceRef": "Numbers 23:24"
                        }
                    ], 
                    "text": "הן עם כלביא יקום וגו׳ BEHOLD, THE PEOPLE RISES AS A LIONESS, etc. — When they rise from their sleep in the morning they show themselves strong as a lioness and as a lion to “snatch at” the Divine precepts (to perform them immediately) — to clothe themselves with the Tallith, to read the Shema and to lay Tephillin (cf. Tanch )."
                }, 
                {
                    "segmentNumber": "2", 
                    "he": "<b>לא ישכב.</b> בַּלַּיְלָה עַל מִטָּתוֹ עַד שֶׁהוּא אוֹכֵל וּמְחַבֵּל כָּל מַזִּיק הַבָּא לְטָרְפוֹ, כֵּיצַד? קוֹרֵא אֶת אֶת שְׁמַע עַל מִטָּתוֹ וּמַפְקִיד רוּחוֹ בְּיַד הַמָּקוֹם, בָּא מַחֲנֶה וְגַיָּס לְהַזִּיקָם, הַקָּבָּ\"ה שׁוֹמְרָם וְנִלְחָם מִלְחֲמוֹתָם וּמַפִּילָם חֲלָלִים (שם); דָּ\"אַ — <b>הן עם כלביא יקום וגו'</b>, כְּתַרְגּוּמוֹ:", 
                    "links": [
                        {
                            "category": "Tanakh", 
                            "index_title": "Numbers", 
                            "sourceHeRef": "במדבר כ״ג:כ״ד", 
                            "sourceRef": "Numbers 23:24"
                        }
                    ], 
                    "text": "לא ישכב HE LIES NOT DOWN at night on his bed until he consumes (עד יאכל) and destroys every noxious thing which comes to prey upon him (טרף). How so? He reads the Shema at his bedside and commends his spirit into the hands of the Omnipresent (Tanchuma). If a camp or troop comes to injure them, the Holy One, blessed be He, protects them and fights their battles and causes them (the enemies) to fall slain (חללים).— Another explanation of הן עם כלביא יקום is as the Targum has it (“Behold the people shall dwell as a lioness and as a lion shall he raise himself; he will not dwell in his land until he hath slaughtered and he will inherit the wealth of the peoples”)."
                }, 
                {
                    "segmentNumber": "3", 
                    "he": "<b>ודם חללים ישתה.</b> נִתְנַבֵּא שֶׁאֵין מֹשֶׁה מֵת עַד שֶׁיַּפִּיל מַלְכֵי מִדְיָן חֲלָלִים וְיֵהָרֵג הוּא עִמָּהֶם, שֶׁנֶּאֱמַר (יהושע י\"ג) \"וְאֶת בִּלְעָם בֶּן בְּעוֹר הַקּוֹסֵם הָרְגוּ בְנֵי יִשְׂרָאֵל בַּחֶרֶב אֶת חַלְלֵיהֶם\"              (עי' תנחומא):", 
                    "links": [
                        {
                            "category": "Tanakh", 
                            "index_title": "Numbers", 
                            "sourceHeRef": "במדבר כ״ג:כ״ד", 
                            "sourceRef": "Numbers 23:24"
                        }, 
                        {
                            "category": "Tanakh", 
                            "index_title": "Joshua", 
                            "sourceHeRef": "יהושע י״ג:כ״ב", 
                            "sourceRef": "Joshua 13:22"
                        }
                    ], 
                    "text": "ודם חללים ישתה AND HE SHALL DRINK THE BLOOD OF THE SLAIN — He unwittingly foretold the future — that Moses would not die until he will have made the kings of Midean fall slain (חללים) and he (Balaam) will have been slain with them, — as it is said, (Joshua 13:22) “And Balaam the son of Beor, the soothsayer, did the children of Israel slay with the sword among the rest of their slain (חלליהם)\" (cf. Tanchuma)."
                }
            ], 
            "heTitle": "רש\"י על במדבר", 
            "indexTitle": "Rashi on Numbers", 
            "sectionRef": "Rashi on Numbers 23:24", 
            "prev": "Rashi on Numbers 23:23", 
            "ref": "Rashi on Numbers 23:24", 
            "heRef": "רש\"י על במדבר כ״ג:כ״ד", 
            "next": "Rashi on Numbers 23:25"
        }, 
        "Rashi on Numbers 23:27": {
            "content": [
                {
                    "segmentNumber": "1", 
                    "he": "<b> וקבתו לי.</b> אֵין זֶה לְשׁוֹן צִוּוּי כְּמוֹ וְקָבְנוֹ, אֶלָּא לְשׁוֹן עָתִיד — אוּלַי יִישַׁר בְּעֵינָיו וְתִקָּבֶנּוּ לִי מִשָּׁם, מלדי\"רש בְּלַעַז:", 
                    "links": [
                        {
                            "category": "Tanakh", 
                            "index_title": "Numbers", 
                            "sourceHeRef": "במדבר כ״ג:כ״ז", 
                            "sourceRef": "Numbers 23:27"
                        }, 
                        {
                            "category": "Commentary", 
                            "index_title": "Gur Aryeh on Bamidbar", 
                            "sourceHeRef": "גור אריה על במדבר כ״ג:כ״ז:א׳", 
                            "sourceRef": "Gur Aryeh on Bamidbar 23:27:1"
                        }
                    ], 
                    "text": "וקבתי לי — This is not a command as is וקבנו (v. 13), but it is a future tense: perhaps it will seem right in His eyes that thou shalt curse them for me from there; malderas in O. F."
                }
            ], 
            "heTitle": "רש\"י על במדבר", 
            "indexTitle": "Rashi on Numbers", 
            "sectionRef": "Rashi on Numbers 23:27", 
            "prev": "Rashi on Numbers 23:25", 
            "ref": "Rashi on Numbers 23:27", 
            "heRef": "רש\"י על במדבר כ״ג:כ״ז", 
            "next": "Rashi on Numbers 23:28"
        }, 
        "Rashi on Numbers 23:26": {
            "content": [], 
            "heTitle": "רש\"י על במדבר", 
            "indexTitle": "Rashi on Numbers", 
            "sectionRef": "Rashi on Numbers 23:26", 
            "prev": "Rashi on Numbers 23:25", 
            "ref": "Rashi on Numbers 23:26", 
            "heRef": "רש\"י על במדבר כ״ג:כ״ו", 
            "next": "Rashi on Numbers 23:27"
        }, 
        "Rashi on Numbers 23:14": {
            "content": [
                {
                    "segmentNumber": "1", 
                    "he": "<b>שדה צפים.</b> מָקוֹם גָּבוׂהַּ הָיָה שֶׁשָּׁם הַצּוֹפֶה עוֹמֵד לִשְׁמוֹר אִם יָבֹא חַיִל עַל הָעִיר:", 
                    "links": [
                        {
                            "category": "Tanakh", 
                            "index_title": "Numbers", 
                            "sourceHeRef": "במדבר כ״ג:י״ד", 
                            "sourceRef": "Numbers 23:14"
                        }
                    ], 
                    "text": "שדה צפים FIELD OF ZOPHIM — There was a high spot upon which the watchman (צופה) used to stand to observe whether any hostile force was coming against the city."
                }, 
                {
                    "segmentNumber": "2", 
                    "he": "<b>ראש הפסגה.</b> בִּלְעָם לֹא הָיָה קוֹסֵם כְּבָלָק, רָאָה בָלָק שֶׁעֲתִידָה פִרְצָה לְהִפָּרֵץ בְּיִשָׂרָאֵל מִשָּׁם, שֶׁשָּׁם מֵת מֹשֶׁה, כְּסָבוּר שֶׁשָּׁם תָּחוּל עֲלֵיהֶם הַקְּלָלָה וְזוּ הִיא הַפִּרְצָה שֶׁאֲנִי רוֹאֶה (תנחומא):", 
                    "links": [
                        {
                            "category": "Tanakh", 
                            "index_title": "Numbers", 
                            "sourceHeRef": "במדבר כ״ג:י״ד", 
                            "sourceRef": "Numbers 23:14"
                        }
                    ], 
                    "text": "ראש הפסגה THE TOP OF PISGAH — Balaam was not as expert a diviner as Balak. Balak forsaw that at some time a breach in Israel would originate from there — and as a matter of fact Moses died there, — and therefore he believed that there the curse would certainly fall upon them. “And this (the effects of the curse)” — he thought — “must be the breach which I behold” (Tanchuma)."
                }
            ], 
            "heTitle": "רש\"י על במדבר", 
            "indexTitle": "Rashi on Numbers", 
            "sectionRef": "Rashi on Numbers 23:14", 
            "prev": "Rashi on Numbers 23:13", 
            "ref": "Rashi on Numbers 23:14", 
            "heRef": "רש\"י על במדבר כ״ג:י״ד", 
            "next": "Rashi on Numbers 23:15"
        }, 
        "Rashi on Numbers 23:15": {
            "content": [
                {
                    "segmentNumber": "1", 
                    "he": "<b>אקרה כה.</b> מֵאֵת הַקָּבָּ\"ה, <b>אקרה </b>— לְשׁוֹן אִתְפַּעֵל:", 
                    "links": [
                        {
                            "category": "Tanakh", 
                            "index_title": "Numbers", 
                            "sourceHeRef": "במדבר כ״ג:ט״ו", 
                            "sourceRef": "Numbers 23:15"
                        }, 
                        {
                            "category": "Commentary", 
                            "index_title": "Gur Aryeh on Bamidbar", 
                            "sourceHeRef": "גור אריה על במדבר כ״ג:ט״ו:א׳", 
                            "sourceRef": "Gur Aryeh on Bamidbar 23:15:1"
                        }
                    ], 
                    "text": "אקרה כה — This means, I WILL BE MET YONDER by the Holy One, blessed be He, for אקרה has a passive sense."
                }
            ], 
            "heTitle": "רש\"י על במדבר", 
            "indexTitle": "Rashi on Numbers", 
            "sectionRef": "Rashi on Numbers 23:15", 
            "prev": "Rashi on Numbers 23:14", 
            "ref": "Rashi on Numbers 23:15", 
            "heRef": "רש\"י על במדבר כ״ג:ט״ו", 
            "next": "Rashi on Numbers 23:16"
        }, 
        "Rashi on Numbers 23:16": {
            "content": [
                {
                    "segmentNumber": "1", 
                    "he": "<b>וישם דבר בפיו.</b> וּמַה הִיא הַשִּׂימָה הַזֹּאת? וּמָה חָסֵר הַמִּקְרָא בְּאָמְרוֹ \"שׁוּב אֶל בָּלָק וְכֹה תְדַבֵּר\"? אֶלָּא כְּשֶׁהָיָה שׁוֹמֵעַ שֶׁאֵינוֹ נִרְשֶׁה לְקַלֵּל אָמַר מָה אֲנִי חוֹזֵר אֵצֶל בָּלָק לְצַעֲרוֹ? וְנָתַן לוֹ הַקָּבָּ\"ה רֶסֶן וְחַכָּה בְּפִיו, כְּאָדָם הַפּוֹקֵס בְּהֵמָה בְּחַכָּה לְהוֹלִיכָהּ אֶל אֲשֶׁר יִרְצֶה, אָמַר לוֹ עַל כָּרְחֲךָ תָּשׁוּב אֶל בָּלָק (שם):", 
                    "links": [
                        {
                            "category": "Tanakh", 
                            "index_title": "Numbers", 
                            "sourceHeRef": "במדבר כ״ג:ט״ז", 
                            "sourceRef": "Numbers 23:16"
                        }, 
                        {
                            "category": "Talmud", 
                            "index_title": "Sanhedrin", 
                            "sourceHeRef": "סנהדרין ק״ה ב", 
                            "sourceRef": "Sanhedrin 105b"
                        }
                    ], 
                    "text": "וישם דבר בפיו AND HE PUT A WORD IN HIS MOUTH —And what was this “putting”? What would Scripture have lacked if it had stated “[And the Lord met Balaam and said,] Return to Balak, and thus shalt thou speak”? But the explanation is: When he heard that he was not permitted to curse, he said, “Why should I return to Balak to cause him annoyance?” Therefore the Holy One, blessed be He, put a halter and hook in his mouth as a person who pricks an animal with a hook to make it go wherever he wants. He said to him, “Despite yourself shall you return to Balak’ (cf. Sanhedrin 105b; Tanchuma)."
                }
            ], 
            "heTitle": "רש\"י על במדבר", 
            "indexTitle": "Rashi on Numbers", 
            "sectionRef": "Rashi on Numbers 23:16", 
            "prev": "Rashi on Numbers 23:15", 
            "ref": "Rashi on Numbers 23:16", 
            "heRef": "רש\"י על במדבר כ״ג:ט״ז", 
            "next": "Rashi on Numbers 23:17"
        }, 
        "Rashi on Numbers 23:17": {
            "content": [
                {
                    "segmentNumber": "1", 
                    "he": "<b>ושרי מואב אתו.</b> וּלְמַעְלָה הוּא אוֹמֵר \"וְכָל שָׂרֵי מוֹאָב\", כֵּיוָן שֶׁרָאוּ שֶׁאֵין בּוֹ תִקְוָה הָלְכוּ לָהֶם מִקְצָתָם וְלֹא נִשְׁאֲרוּ אֶלָּא מִקְצָתָם:", 
                    "links": [
                        {
                            "category": "Tanakh", 
                            "index_title": "Numbers", 
                            "sourceHeRef": "במדבר כ״ג:י״ז", 
                            "sourceRef": "Numbers 23:17"
                        }
                    ], 
                    "text": "ושרי מואב עמו AND THE PRINCES OF MOAB WITH HIM — But above (v. 6) it states, “And all the princes of Moab”?! As soon as they saw that there was no hope for them in him, part of them went away, and only part of them remained (Tanchuma)."
                }, 
                {
                    "segmentNumber": "2", 
                    "he": "<b>מה דבר ה'.</b> לְשׁוֹן צְחוֹק הוּא זֶה, כְּלוֹמַר אֵינְךָ בִרְשׁוּתְךָ (שם):", 
                    "links": [
                        {
                            "category": "Tanakh", 
                            "index_title": "Numbers", 
                            "sourceHeRef": "במדבר כ״ג:י״ז", 
                            "sourceRef": "Numbers 23:17"
                        }
                    ], 
                    "text": "מה דבר ה׳ WHAT HATH THE LORD SPOKEN? — This was a derisive expression, as much as to say, “You are not your own master”."
                }
            ], 
            "heTitle": "רש\"י על במדבר", 
            "indexTitle": "Rashi on Numbers", 
            "sectionRef": "Rashi on Numbers 23:17", 
            "prev": "Rashi on Numbers 23:16", 
            "ref": "Rashi on Numbers 23:17", 
            "heRef": "רש\"י על במדבר כ״ג:י״ז", 
            "next": "Rashi on Numbers 23:18"
        }, 
        "Rashi on Numbers 23:10": {
            "content": [
                {
                    "segmentNumber": "1", 
                    "he": "<b>מי מנה עפר יעקב וגו'.</b> כְּתַרְגּוּמוֹ \"דַּעְדְּקַיָּא דְבֵית יַעֲקֹב\",  מֵאַרְבַּע מִשִּׁרְיָתָא — מֵאַרְבָּעָה דְּגָלִים; דָּ\"אַ, עֲפַר יַעֲקֹב, אֵין חֶשְׁבּוֹן בְּמִצְוֹת שֶׁהֵם מְקַיְּמִין בְּעָפָר (דברים כ\"ב) \"לֹא תַחֲרׂשׁ בְּשׁוֹר וּבַחֲמׂר\",(ויקרא י\"ט) \"לֹא תִזְרַע כִּלְאָיִם\", אֵפֶר פָּרָה וַעֲפַר סוֹטָה וְכַיּוֹצֵא בָהֶם (תנחומא):", 
                    "links": [
                        {
                            "category": "Tanakh", 
                            "index_title": "Numbers", 
                            "sourceHeRef": "במדבר כ״ג:י׳", 
                            "sourceRef": "Numbers 23:10"
                        }, 
                        {
                            "category": "Tanakh", 
                            "index_title": "Leviticus", 
                            "sourceHeRef": "ויקרא י״ט", 
                            "sourceRef": "Leviticus 19"
                        }, 
                        {
                            "category": "Tanakh", 
                            "index_title": "Deuteronomy", 
                            "sourceHeRef": "דברים כ״ב", 
                            "sourceRef": "Deuteronomy 22"
                        }, 
                        {
                            "category": "Tanakh", 
                            "index_title": "Leviticus", 
                            "sourceHeRef": "ויקרא י״ט:י״ט", 
                            "sourceRef": "Leviticus 19:19"
                        }, 
                        {
                            "category": "Tanakh", 
                            "index_title": "Deuteronomy", 
                            "sourceHeRef": "דברים כ״ב:י׳", 
                            "sourceRef": "Deuteronomy 22:10"
                        }, 
                        {
                            "category": "Tanakh", 
                            "index_title": "Genesis", 
                            "sourceHeRef": "בראשית י״ג:ט״ז", 
                            "sourceRef": "Genesis 13:16"
                        }, 
                        {
                            "category": "Tanakh", 
                            "index_title": "Numbers", 
                            "sourceHeRef": "במדבר י״ט:ט׳", 
                            "sourceRef": "Numbers 19:9"
                        }, 
                        {
                            "category": "Tanakh", 
                            "index_title": "Numbers", 
                            "sourceHeRef": "במדבר ה׳:י״ז", 
                            "sourceRef": "Numbers 5:17"
                        }
                    ], 
                    "text": "מי מנה עפר יעקב וגו׳ WHO HATH COUNTED THE DUST OF JACOB [AND THE NUMBER OF THE FOURTH PART OF ISRAEL] — Understand this as the Targum does: [who has counted] the infants of the house of Jacob, who are compared to the dust of the earth (Genesis 13:16). The words מארבע משריתא in the Targum mean; [who can count … even one] of the four (רבע “a fourth”) banners (companies of the tribes). — Another explanation of עפר יעקב is: Countless are the commandments which they practise in connection with dust: (Deuteronomy 22:10) “Thou shalt not plough with an ox and an ass [together]”; (Leviticus 19:19): “Thou shalt not sow thy field with two kinds of seeds”. There are also the ashes of the red cow (Numbers 19:9 ff.), and the dust used in the ordeal to which a woman suspected of infidelity is subjected (Numbers 5:17), and others similar to these (Tanchuma)."
                }, 
                {
                    "segmentNumber": "2", 
                    "he": "<b>ומספר את רבע ישראל.</b> רְבִיעוֹתֵיהֶן, זֶרַע הַיּוֹצֵא מִן הַתַּשְׁמִישׁ  שֶׁלָּהֶם (עי' נדה ל\"א):", 
                    "links": [
                        {
                            "category": "Tanakh", 
                            "index_title": "Numbers", 
                            "sourceHeRef": "במדבר כ״ג:י׳", 
                            "sourceRef": "Numbers 23:10"
                        }, 
                        {
                            "category": "Tanakh", 
                            "index_title": "Leviticus", 
                            "sourceHeRef": "ויקרא י״ט:י״ט", 
                            "sourceRef": "Leviticus 19:19"
                        }, 
                        {
                            "category": "Tanakh", 
                            "index_title": "Deuteronomy", 
                            "sourceHeRef": "דברים כ״ב:י׳", 
                            "sourceRef": "Deuteronomy 22:10"
                        }, 
                        {
                            "category": "Talmud", 
                            "index_title": "Nedarim", 
                            "sourceHeRef": "נדרים ל״א א", 
                            "sourceRef": "Nedarim 31a"
                        }, 
                        {
                            "category": "Quoting Commentary", 
                            "index_title": "Rashi on Numbers", 
                            "sourceHeRef": "רש\"י על במדבר כ״ד:ג׳", 
                            "sourceRef": "Rashi on Numbers 24:3"
                        }, 
                        {
                            "category": "Talmud", 
                            "index_title": "Niddah", 
                            "sourceHeRef": "נדה ל״א א", 
                            "sourceRef": "Niddah 31a"
                        }
                    ], 
                    "text": "ומספר את רבע ישראל The word רבע implies their matings — the offspring which issues from their relations  (cf. Nedarim 31a; and Rashi on Numbers 24:3)."
                }, 
                {
                    "segmentNumber": "3", 
                    "he": "<b>תמת נפשי מות ישרים.</b> שֶׁבָּהֶם:", 
                    "links": [
                        {
                            "category": "Tanakh", 
                            "index_title": "Numbers", 
                            "sourceHeRef": "במדבר כ״ג:י׳", 
                            "sourceRef": "Numbers 23:10"
                        }
                    ], 
                    "text": "תמת נפשי מות ישרים LET ME DIE THE DEATH OF THE UPRIGHT amongst them."
                }
            ], 
            "heTitle": "רש\"י על במדבר", 
            "indexTitle": "Rashi on Numbers", 
            "sectionRef": "Rashi on Numbers 23:10", 
            "prev": "Rashi on Numbers 23:9", 
            "ref": "Rashi on Numbers 23:10", 
            "heRef": "רש\"י על במדבר כ״ג:י׳", 
            "next": "Rashi on Numbers 23:13"
        }, 
        "Rashi on Numbers 23:11": {
            "content": [], 
            "heTitle": "רש\"י על במדבר", 
            "indexTitle": "Rashi on Numbers", 
            "sectionRef": "Rashi on Numbers 23:11", 
            "prev": "Rashi on Numbers 23:10", 
            "ref": "Rashi on Numbers 23:11", 
            "heRef": "רש\"י על במדבר כ״ג:י״א", 
            "next": "Rashi on Numbers 23:13"
        }, 
        "Rashi on Numbers 23:12": {
            "content": [], 
            "heTitle": "רש\"י על במדבר", 
            "indexTitle": "Rashi on Numbers", 
            "sectionRef": "Rashi on Numbers 23:12", 
            "prev": "Rashi on Numbers 23:10", 
            "ref": "Rashi on Numbers 23:12", 
            "heRef": "רש\"י על במדבר כ״ג:י״ב", 
            "next": "Rashi on Numbers 23:13"
        }, 
        "Rashi on Numbers 23:13": {
            "content": [
                {
                    "segmentNumber": "1", 
                    "he": "<b>וקבנו לי.</b> לְשׁוֹן צִוּוּי, קַלְּלֵהוּ לִי:", 
                    "links": [
                        {
                            "category": "Tanakh", 
                            "index_title": "Numbers", 
                            "sourceHeRef": "במדבר כ״ג:י״ג", 
                            "sourceRef": "Numbers 23:13"
                        }, 
                        {
                            "category": "Commentary", 
                            "index_title": "Gur Aryeh on Bamidbar", 
                            "sourceHeRef": "גור אריה על במדבר כ״ג:י״ג:א׳", 
                            "sourceRef": "Gur Aryeh on Bamidbar 23:13:1"
                        }
                    ], 
                    "text": "וקבנו לי — The verb is the imperative: CURSE THEM FOR ME (cf. Rashi on v. 27)."
                }
            ], 
            "heTitle": "רש\"י על במדבר", 
            "indexTitle": "Rashi on Numbers", 
            "sectionRef": "Rashi on Numbers 23:13", 
            "prev": "Rashi on Numbers 23:10", 
            "ref": "Rashi on Numbers 23:13", 
            "heRef": "רש\"י על במדבר כ״ג:י״ג", 
            "next": "Rashi on Numbers 23:14"
        }, 
        "Rashi on Numbers 23:18": {
            "content": [
                {
                    "segmentNumber": "1", 
                    "he": "<b>קום בלק.</b> כֵּיוָן שֶׁרָאָהוּ מְצַחֵק בּוֹ, נִתְכַּוֵּן לְצַעֲרוֹ — \"עֲמוֹד עַל רַגְלֶיךָ!, אֵינְךָ רַשַּׁאִי לֵישֵׁב וַאֲנִי שָׁלוּחַ אֵלֶיךָ בִשְׁלִיחוּתוֹ שֶׁל מָקוֹם\" (שם):", 
                    "links": [
                        {
                            "category": "Tanakh", 
                            "index_title": "Numbers", 
                            "sourceHeRef": "במדבר כ״ג:י״ח", 
                            "sourceRef": "Numbers 23:18"
                        }
                    ], 
                    "text": "קום בלק RISE UP, BALAK — When he perceived that he was mocking at him, he set himself to annoy him, saying, “Stand on your feet; you have no right to remain seated, seeing that I am sent to you on a mission by the Omnipresent” (Tanchuma)."
                }, 
                {
                    "segmentNumber": "2", 
                    "he": "<b>בנו צפר.</b> לְשׁוֹן מִקְרָא הוּא זֶה, כְּמוֹ \"חַיְתוֹ יָעַר\" (תהלים נ') \"וְחַיְתוֹ אֶרֶץ\" (בראשית א'), \"לְמַעְיְנוֹ מָיִם\" (תהילים קי\"ד):", 
                    "links": [
                        {
                            "category": "Tanakh", 
                            "index_title": "Numbers", 
                            "sourceHeRef": "במדבר כ״ג:י״ח", 
                            "sourceRef": "Numbers 23:18"
                        }, 
                        {
                            "category": "Tanakh", 
                            "index_title": "Genesis", 
                            "sourceHeRef": "בראשית א׳", 
                            "sourceRef": "Genesis 1"
                        }, 
                        {
                            "category": "Tanakh", 
                            "index_title": "Psalms", 
                            "sourceHeRef": "תהילים ק״ד", 
                            "sourceRef": "Psalms 104"
                        }, 
                        {
                            "category": "Tanakh", 
                            "index_title": "Psalms", 
                            "sourceHeRef": "תהילים קי״ד", 
                            "sourceRef": "Psalms 114"
                        }, 
                        {
                            "category": "Tanakh", 
                            "index_title": "Genesis", 
                            "sourceHeRef": "בראשית א׳:כ״ד", 
                            "sourceRef": "Genesis 1:24"
                        }, 
                        {
                            "category": "Tanakh", 
                            "index_title": "Psalms", 
                            "sourceHeRef": "תהילים ק״ד:כ׳", 
                            "sourceRef": "Psalms 104:20"
                        }, 
                        {
                            "category": "Tanakh", 
                            "index_title": "Psalms", 
                            "sourceHeRef": "תהילים קי״ד:ח׳", 
                            "sourceRef": "Psalms 114:8"
                        }, 
                        {
                            "category": "Tanakh", 
                            "index_title": "Psalms", 
                            "sourceHeRef": "תהילים נ׳:י׳", 
                            "sourceRef": "Psalms 50:10"
                        }
                    ], 
                    "text": "בנו צפור SON OF ZIPPOR — This (the suffix ו to mark the construct) is often found as a Biblical Hebrew form, as in (Psalms 50:10), “beast of (חיתו) the forest”; (Genesis 1:24) “beast of (חיתו) the earth”; (Psalms 114:8), “to a spring of (מעינו) water”."
                }
            ], 
            "heTitle": "רש\"י על במדבר", 
            "indexTitle": "Rashi on Numbers", 
            "sectionRef": "Rashi on Numbers 23:18", 
            "prev": "Rashi on Numbers 23:17", 
            "ref": "Rashi on Numbers 23:18", 
            "heRef": "רש\"י על במדבר כ״ג:י״ח", 
            "next": "Rashi on Numbers 23:19"
        }, 
        "Rashi on Numbers 23:19": {
            "content": [
                {
                    "segmentNumber": "1", 
                    "he": "<b>לא איש וגו' .</b> כְּבָר נִשְׁבַּע לָהֶם לַהֲבִיאָם וּלְהוֹרִישָׁם אֶרֶץ שִׁבְעָה אֻמּוׂת וְאַתָּה סָבוּר לַהֲמִיתָם בַּמִּדְבָּר?!:", 
                    "links": [
                        {
                            "category": "Tanakh", 
                            "index_title": "Numbers", 
                            "sourceHeRef": "במדבר כ״ג:י״ט", 
                            "sourceRef": "Numbers 23:19"
                        }
                    ], 
                    "text": "לא איש וגו׳ [GOD IS] NOT A MAN [THAT HE SHOULD LIE] — He has already sworn to them that He will bring them thither and give them as a possession the land of the seven peoples, and you think to slay them in the wilderness?! (cf. Tanchuma)"
                }, 
                {
                    "segmentNumber": "2", 
                    "he": "<b>ההוא אמר וגו'.</b> בִּלְשׁוֹן תֵּימַהּ, וְתַרְגּוּמוֹ וְתַיְּבִין וּמִתְמַלְּכִין —  חוֹזְרִים וְנִמְלָכִין לַחֲזוֹר בָּהֶם:", 
                    "links": [
                        {
                            "category": "Tanakh", 
                            "index_title": "Numbers", 
                            "sourceHeRef": "במדבר כ״ג:י״ט", 
                            "sourceRef": "Numbers 23:19"
                        }
                    ], 
                    "text": "ההוא אמר וגו׳ — Read this in the form of a question: HATH HE SAID, [AND SHALL HE NOT DO IT]? — The rendering of ויתנחם in the Targum, ותיבין ומחמלכין, means, “[and not as the doings of mortals who decide to do things] and again reconsider” — to withdraw from them."
                }
            ], 
            "heTitle": "רש\"י על במדבר", 
            "indexTitle": "Rashi on Numbers", 
            "sectionRef": "Rashi on Numbers 23:19", 
            "prev": "Rashi on Numbers 23:18", 
            "ref": "Rashi on Numbers 23:19", 
            "heRef": "רש\"י על במדבר כ״ג:י״ט", 
            "next": "Rashi on Numbers 23:20"
        }, 
        "Rashi on Numbers 23:2": {
            "content": [], 
            "heTitle": "רש\"י על במדבר", 
            "indexTitle": "Rashi on Numbers", 
            "sectionRef": "Rashi on Numbers 23:2", 
            "prev": "Rashi on Numbers 22:41", 
            "ref": "Rashi on Numbers 23:2", 
            "heRef": "רש\"י על במדבר כ״ג:ב׳", 
            "next": "Rashi on Numbers 23:3"
        }, 
        "Rashi on Numbers 23:3": {
            "content": [
                {
                    "segmentNumber": "1", 
                    "he": "<b>אולי יקרה ה' לקראתי.</b> אֵינוֹ רָגִיל לְדַבֵּר עִמִּי בַּיּוֹם:", 
                    "links": [
                        {
                            "category": "Tanakh", 
                            "index_title": "Numbers", 
                            "sourceHeRef": "במדבר כ״ג:ג׳", 
                            "sourceRef": "Numbers 23:3"
                        }, 
                        {
                            "category": "Commentary", 
                            "index_title": "Gur Aryeh on Bamidbar", 
                            "sourceHeRef": "גור אריה על במדבר כ״ג:ג׳:א׳", 
                            "sourceRef": "Gur Aryeh on Bamidbar 23:3:1"
                        }
                    ], 
                    "text": "'אולי יקרה ה‎‎ לקראתי PERHAPS THE LORD WILL HAPPEN TO MEET ME — Perhaps: He is not accustomed to speak with me by day."
                }, 
                {
                    "segmentNumber": "2", 
                    "he": "<b>וילך שפי.</b> כְּתַרְגּוּמוֹ יְחִידִי, לְשׁוֹן שׁוּפִי וָשֶׁקֶט, שֶׁאֵין עִמּוֹ אֶלָּא שְׁתִיקָה:", 
                    "links": [
                        {
                            "category": "Tanakh", 
                            "index_title": "Numbers", 
                            "sourceHeRef": "במדבר כ״ג:ג׳", 
                            "sourceRef": "Numbers 23:3"
                        }
                    ], 
                    "text": "וילך שפי AND HE WENT שפי — Understand this as the Targum does: “alone”; it is an expression denoting ease and tranquillity; the statement means that there was nothing with him except silence (nothing to disturb him)."
                }
            ], 
            "heTitle": "רש\"י על במדבר", 
            "indexTitle": "Rashi on Numbers", 
            "sectionRef": "Rashi on Numbers 23:3", 
            "prev": "Rashi on Numbers 22:41", 
            "ref": "Rashi on Numbers 23:3", 
            "heRef": "רש\"י על במדבר כ״ג:ג׳", 
            "next": "Rashi on Numbers 23:4"
        }, 
        "Rashi on Numbers 23:1": {
            "content": [], 
            "heTitle": "רש\"י על במדבר", 
            "indexTitle": "Rashi on Numbers", 
            "sectionRef": "Rashi on Numbers 23:1", 
            "prev": "Rashi on Numbers 22:41", 
            "ref": "Rashi on Numbers 23:1", 
            "heRef": "רש\"י על במדבר כ״ג:א׳", 
            "next": "Rashi on Numbers 23:3"
        }, 
        "Rashi on Numbers 23:6": {
            "content": [], 
            "heTitle": "רש\"י על במדבר", 
            "indexTitle": "Rashi on Numbers", 
            "sectionRef": "Rashi on Numbers 23:6", 
            "prev": "Rashi on Numbers 23:4", 
            "ref": "Rashi on Numbers 23:6", 
            "heRef": "רש\"י על במדבר כ״ג:ו׳", 
            "next": "Rashi on Numbers 23:7"
        }, 
        "Rashi on Numbers 23:7": {
            "content": [
                {
                    "segmentNumber": "1", 
                    "he": "<b>ארה לי יעקב ולכה זעמה ישראל.</b> בִּשְׁנֵי שְׁמוֹתֵיהֶם אָמַר לוֹ לְקַלְּלָם שֶׁמָּא אֶחָד מֵהֶם אֵינוֹ מוּבְהָק:", 
                    "links": [
                        {
                            "category": "Tanakh", 
                            "index_title": "Numbers", 
                            "sourceHeRef": "במדבר כ״ג:ז׳", 
                            "sourceRef": "Numbers 23:7"
                        }, 
                        {
                            "category": "Commentary", 
                            "index_title": "Gur Aryeh on Bamidbar", 
                            "sourceHeRef": "גור אריה על במדבר כ״ג:ז׳:א׳", 
                            "sourceRef": "Gur Aryeh on Bamidbar 23:7:1"
                        }
                    ], 
                    "text": "ארה לי יעקב ולכה זעמה ישראל CURSE JACOB FOR ME AND COME EXECRATE ISRAEL — by their two names did he bid him curse them, for perhaps one of them was not distinctive enough to point them out beyond all doubt as being the people against whom the curse was directed."
                }
            ], 
            "heTitle": "רש\"י על במדבר", 
            "indexTitle": "Rashi on Numbers", 
            "sectionRef": "Rashi on Numbers 23:7", 
            "prev": "Rashi on Numbers 23:4", 
            "ref": "Rashi on Numbers 23:7", 
            "heRef": "רש\"י על במדבר כ״ג:ז׳", 
            "next": "Rashi on Numbers 23:8"
        }, 
        "Rashi on Numbers 23:4": {
            "content": [
                {
                    "segmentNumber": "1", 
                    "he": "<b>ויקר.</b> לְשׁוֹן עֲרָאִי, לְשׁוֹן גְּנַאי, לְשׁוֹן טֻמְאַת קֶרִי, כְּלוֹמַר בְּקוּשִׁי וּבְבִזָּיוֹן, וְלֹא הָיָה נִגְלֶה אֵלָיו בַּיּוֹם אֶלָּא בִּשְׁבִיל לְהַרְאוֹת חִבָּתָן שֶׁל יִשְׂרָאֵל (בראשית רבה נ\"ב):", 
                    "links": [
                        {
                            "category": "Tanakh", 
                            "index_title": "Numbers", 
                            "sourceHeRef": "במדבר כ״ג:ד׳", 
                            "sourceRef": "Numbers 23:4"
                        }, 
                        {
                            "category": "Midrash", 
                            "index_title": "Bereishit Rabbah", 
                            "sourceHeRef": "בראשית רבה נ״ב", 
                            "sourceRef": "Bereishit Rabbah 52"
                        }, 
                        {
                            "category": "Quoting Commentary", 
                            "index_title": "Rashi on Leviticus", 
                            "sourceHeRef": "רש\"י על ויקרא א׳:א׳", 
                            "sourceRef": "Rashi on Leviticus 1:1"
                        }
                    ], 
                    "text": "ויקר AND [GOD] HAPPENED TO MEET [BALAAM] — This is an expression ordinarily used to denote events of a casual character, an expression for something shameful, an expression for an unclean happening (קרי). It is as much as to say: with reluctance and in a contemptuous manner. And on this occasion He revealed Himself to him by day, only to show how dear Israel was to Him (cf. Bereishit Rabbah 52; Rashi on Leviticus 1:1)."
                }, 
                {
                    "segmentNumber": "2", 
                    "he": "<b>את שבעת המזבחת.</b> שִׁבְעָה מִזְבְּחֹת עָרַכְתִּי אֵין כְּתִיב כַּאן, אֶלָּא אֶת שִׁבְעַת הַמִּזְבְּחֹת, אָמַר לְפָנָיו אֲבוֹתֵיהֶם שֶׁל אֵלּוּ בָּנוּ לְפָנֶיךָ שִׁבְעָה מִזְבְּחוֹת וַאֲנִי עָרַכְתִּי כְּנֶגֶד כֻּלָּן, אַבְרָהָם בָּנָה אַרְבָּעָה — \"וַיִּבֶן שָׁם מִזְבֵּחַ לַה' הַנִּרְאֶה אֵלָיו\" (בראשית י\"ב) \"וַיַּעְתֵּק מִשָׁם הָהָרָה וְגוֹ'\" (שם), \"וַיֶּאֱהַל אַבְרָהָם וְגוֹ'\" (שם י\"ג), וְאֶחָד בְּהַר הַמּוֹרִיָּה;  וְיִצְחָק בָּנָה אֶחָד — \"וַיִּבֶן שָׁם מִזְבֵּחַ וְגוֹ'\" (שם כ\"ו), וְיַעֲקֹב בָּנָה שְׁתַּיִם אֶחָד בִּשְׁכֶם וְאֶחָד בְּבֵית אֵל:", 
                    "links": [
                        {
                            "category": "Tanakh", 
                            "index_title": "Numbers", 
                            "sourceHeRef": "במדבר כ״ג:ד׳", 
                            "sourceRef": "Numbers 23:4"
                        }, 
                        {
                            "category": "Tanakh", 
                            "index_title": "Genesis", 
                            "sourceHeRef": "בראשית י״ב", 
                            "sourceRef": "Genesis 12"
                        }, 
                        {
                            "category": "Tanakh", 
                            "index_title": "Genesis", 
                            "sourceHeRef": "בראשית י״ב:ז׳", 
                            "sourceRef": "Genesis 12:7"
                        }, 
                        {
                            "category": "Tanakh", 
                            "index_title": "Genesis", 
                            "sourceHeRef": "בראשית י״ב:ח׳", 
                            "sourceRef": "Genesis 12:8"
                        }, 
                        {
                            "category": "Tanakh", 
                            "index_title": "Genesis", 
                            "sourceHeRef": "בראשית י״ג:י״ח", 
                            "sourceRef": "Genesis 13:18"
                        }, 
                        {
                            "category": "Tanakh", 
                            "index_title": "Genesis", 
                            "sourceHeRef": "בראשית כ״ב:ט׳", 
                            "sourceRef": "Genesis 22:9"
                        }, 
                        {
                            "category": "Tanakh", 
                            "index_title": "Genesis", 
                            "sourceHeRef": "בראשית כ״ו:כ״ה", 
                            "sourceRef": "Genesis 26:25"
                        }, 
                        {
                            "category": "Tanakh", 
                            "index_title": "Genesis", 
                            "sourceHeRef": "בראשית ל״ג:כ׳", 
                            "sourceRef": "Genesis 33:20"
                        }, 
                        {
                            "category": "Tanakh", 
                            "index_title": "Numbers", 
                            "sourceHeRef": "במדבר כ״ה:ז׳", 
                            "sourceRef": "Numbers 25:7"
                        }
                    ], 
                    "text": "את שבעת המזבחות — “Seven altars I have set in order” is not written here, but “THE SEVEN ALTARS”. He said to Him: The ancestors of these people together built before Thee seven altars, but I alone have built altars equal to all of them. — Abraham built four: (Genesis 12:7) “And he built there an altar to the Lord who had appeared to him”; (Genesis 12:8) “And he removed thence unto the mount… [and he built there an altar]; (Genesis 13:18) “And Abraham moved his tent … [and built there an altar]”; and one he built on on Mount Moriah (Genesis 22:9). Isaac built one: (Genesis 26:25) “And he built there an altar”. Jacob built two, one at Shechem and one at Bethel (Genesis 33:20 and Numbers 25:7)."
                }, 
                {
                    "segmentNumber": "3", 
                    "he": "<b>ואעל פר ואיל במזבח.</b> וְאַבְרָהָם לֹא הֶעֱלָה אֶלָּא אַיִל אֶחָד (תנחומא צו):", 
                    "links": [
                        {
                            "category": "Tanakh", 
                            "index_title": "Numbers", 
                            "sourceHeRef": "במדבר כ״ג:ד׳", 
                            "sourceRef": "Numbers 23:4"
                        }, 
                        {
                            "category": "Midrash", 
                            "index_title": "Midrash Tanchuma", 
                            "sourceHeRef": "מדרש תנחומא צ״ו", 
                            "sourceRef": "Midrash Tanchuma 96"
                        }, 
                        {
                            "category": "Commentary", 
                            "index_title": "Gur Aryeh on Bamidbar", 
                            "sourceHeRef": "גור אריה על במדבר כ״ג:ד׳:ג׳", 
                            "sourceRef": "Gur Aryeh on Bamidbar 23:4:3"
                        }
                    ], 
                    "text": "ואעל פר ואיל במזבח AND I HAVE OFFERED UPON EVERY ALTAR A BULLOCK AND A RAM — “but Abraham”, said he, “offered only a single ram” (Tanchuma)."
                }
            ], 
            "heTitle": "רש\"י על במדבר", 
            "indexTitle": "Rashi on Numbers", 
            "sectionRef": "Rashi on Numbers 23:4", 
            "prev": "Rashi on Numbers 23:3", 
            "ref": "Rashi on Numbers 23:4", 
            "heRef": "רש\"י על במדבר כ״ג:ד׳", 
            "next": "Rashi on Numbers 23:7"
        }, 
        "Rashi on Numbers 23:5": {
            "content": [], 
            "heTitle": "רש\"י על במדבר", 
            "indexTitle": "Rashi on Numbers", 
            "sectionRef": "Rashi on Numbers 23:5", 
            "prev": "Rashi on Numbers 23:4", 
            "ref": "Rashi on Numbers 23:5", 
            "heRef": "רש\"י על במדבר כ״ג:ה׳", 
            "next": "Rashi on Numbers 23:7"
        }, 
        "Rashi on Numbers 23:8": {
            "content": [
                {
                    "segmentNumber": "1", 
                    "he": "<b>מה אקב לא קבה אל.</b> כְּשֶׁהָיוּ רְאוּיִים לְהִתְקַלֵּל לֹא נִתְקַלְּלוּ — כְּשֶׁהִזְכִּיר אֲבִיהֶם אֶת עֲוֹנָם \"כִּי בְאַפָּם הָרְגוּ אִישׁ\", לֹא קִלֵּל אֶלָּא אַפָּם, שֶׁנֶּאֱמַר \"אָרוּר אַפָּם\" (בראשית מ\"ט); כְּשֶׁנִּכְנַס אֲבִיהֶם בְּמִרְמָה אֵצֶל אָבִיו הָיָה רָאוּי לְהִתְקַלֵּל, מַה נֶּאֱמַר שָׁם? \"גַּם בָּרוּךְ יִהְיֶה\" (שם כ\"ז), בַּמְבָרֲכִים נֶאֱמַר \"אֵלֶּה יַעַמְדוּ לְבָרֵךְ אֶת הָעָם\", בַּמְקַלְלִים לֹא נֶאֱמַר וְאֵלֶּה יַעַמְדוּ לְקַלֵּל אֶת הָעָם אֶלָּא \"וְאֵלֶּה יַעַמְדוּ עַל הַקְּלָלָה\" (דברים כ\"ז) — לֹא רָצָה לְהַזְכִּיר עֲלֵיהֶם שֵׁם קְלָלָה (תנחומא):", 
                    "links": [
                        {
                            "category": "Tanakh", 
                            "index_title": "Numbers", 
                            "sourceHeRef": "במדבר כ״ג:ח׳", 
                            "sourceRef": "Numbers 23:8"
                        }, 
                        {
                            "category": "Tanakh", 
                            "index_title": "Genesis", 
                            "sourceHeRef": "בראשית מ״ט", 
                            "sourceRef": "Genesis 49"
                        }, 
                        {
                            "category": "Tanakh", 
                            "index_title": "Deuteronomy", 
                            "sourceHeRef": "דברים כ״ז", 
                            "sourceRef": "Deuteronomy 27"
                        }, 
                        {
                            "category": "Tanakh", 
                            "index_title": "Deuteronomy", 
                            "sourceHeRef": "דברים כ״ז:י״ב", 
                            "sourceRef": "Deuteronomy 27:12"
                        }, 
                        {
                            "category": "Tanakh", 
                            "index_title": "Genesis", 
                            "sourceHeRef": "בראשית מ״ט:ו׳", 
                            "sourceRef": "Genesis 49:6"
                        }, 
                        {
                            "category": "Tanakh", 
                            "index_title": "Genesis", 
                            "sourceHeRef": "בראשית מ״ט:ז׳", 
                            "sourceRef": "Genesis 49:7"
                        }, 
                        {
                            "category": "Tanakh", 
                            "index_title": "Genesis", 
                            "sourceHeRef": "בראשית כ״ז:ל״ג", 
                            "sourceRef": "Genesis 27:33"
                        }
                    ], 
                    "text": "מה אקב ולא קבה אל HOW SHALL I CURSE WHOM GOD HATH NOT CURSED — Even when they deserved to be cursed, they were not cursed. When their ancestor, Jacob, made mention of their sin — (Genesis 49:6) “For in their anger they slew a man” — he cursed their anger only, as it is said, (Genesis 49:7) “Cursed be their anger”. When their ancestor, Jacob, went to his father with deceit he deserved to be cursed, but what is stated there (Genesis 27:33)? “Yea, he shall be blessed”. In the case of those tribes who had to recite the blessings it is said, (Deuteronomy 27:12) “These shall stand to bless the people”, but in the case of those who had to pronounce the curses it does not state, “And these shall stand to curse the people”, but, “And these shall stand for the curse”, — it does not wish to mention the term “cursing” in direct reference to them (the people) (Tanchuma)."
                }, 
                {
                    "segmentNumber": "2", 
                    "he": "<b>לא זעם ה'.</b> אֲנִי אֵין כֹּחִי אֶלָּא שֶׁאֲנִי יוֹדֵעַ לְכַוֵּן הַשָּׁעָה שֶׁהַקָּבָּ\"ה כוֹעֵס בָּהּ, וְהוּא לֹא כָעַס כָּל הַיָּמִים הֲלָלוּ שֶׁבָּאתִי אֵלֶיךָ, וְזֶהוּ שֶׁנֶּאֱמַר (מיכה ו') \"עַמִּי זְכָר נָא מַה יָּעַץ וְגוׂ' וּמֶה עָנָה אׂתוֹ בִּלְעָם וְגוֹ' לְמַעַן דַּעַת צִדְקוֹת ה'\" (סנהדרין ק\"ה):", 
                    "links": [
                        {
                            "category": "Tanakh", 
                            "index_title": "Numbers", 
                            "sourceHeRef": "במדבר כ״ג:ח׳", 
                            "sourceRef": "Numbers 23:8"
                        }, 
                        {
                            "category": "Tanakh", 
                            "index_title": "Micah", 
                            "sourceHeRef": "מיכה ו׳", 
                            "sourceRef": "Micah 6"
                        }, 
                        {
                            "category": "Talmud", 
                            "index_title": "Berakhot", 
                            "sourceHeRef": "ברכות ו׳ א", 
                            "sourceRef": "Berakhot 6a"
                        }, 
                        {
                            "category": "Tanakh", 
                            "index_title": "Micah", 
                            "sourceHeRef": "מיכה ו׳:ה׳", 
                            "sourceRef": "Micah 6:5"
                        }, 
                        {
                            "category": "Talmud", 
                            "index_title": "Sanhedrin", 
                            "sourceHeRef": "סנהדרין ק״ה ב", 
                            "sourceRef": "Sanhedrin 105b"
                        }, 
                        {
                            "category": "Talmud", 
                            "index_title": "Sanhedrin", 
                            "sourceHeRef": "סנהדרין ק״ה א", 
                            "sourceRef": "Sanhedrin 105a"
                        }
                    ], 
                    "text": "לא זעם ה׳” GOD IS NOT ANGRY — As for me, my power lies only in that I know to determine the exact moment when the Holy One, blessed be He, is angry, and He has not been angry all these days that I have been coming to you. And this is the meaning of what is said (Micah 6:5): “O my people, remember now what [Balak, king of Moab] devised and what Balaam [the son of Beor] answered him … that ye may know the righteous acts of the Lord” (Sanhedrin 105b)."
                }
            ], 
            "heTitle": "רש\"י על במדבר", 
            "indexTitle": "Rashi on Numbers", 
            "sectionRef": "Rashi on Numbers 23:8", 
            "prev": "Rashi on Numbers 23:7", 
            "ref": "Rashi on Numbers 23:8", 
            "heRef": "רש\"י על במדבר כ״ג:ח׳", 
            "next": "Rashi on Numbers 23:9"
        }, 
        "Rashi on Numbers 23:9": {
            "content": [
                {
                    "segmentNumber": "1", 
                    "he": "<b>כי מראש צרים אראנו.</b> אֲנִי מִסְתַּכֵּל בְּרֵאשִׁיתָם וּבִתְחִלַּת שָׁרְשֵׁיהֶם וַאֲנִי רוֹאֶה אוֹתָם מְיֻסָּדִים וַחֲזָקִים כְּצוּרִים וּגְבָעוֹת הֲלָלוּ עַל יְדֵי אָבוֹת וְאִמָּהוֹת (תנחומא):", 
                    "links": [
                        {
                            "category": "Tanakh", 
                            "index_title": "Numbers", 
                            "sourceHeRef": "במדבר כ״ג:ט׳", 
                            "sourceRef": "Numbers 23:9"
                        }
                    ], 
                    "text": "כי מראש צורים אראנו FOR FROM THE TOP OF THE ROCKS I SEE HIM — I look at their origin and at the beginning of their root (descent), and I behold them strongly founded as younder rocks and mountains through their ancestors and ancestresses (Rashi translates thus: For (כי) starting from their very beginning (מראש) I behold them firm as rocks)."
                }, 
                {
                    "segmentNumber": "2", 
                    "he": "<b>הן עם לבדד ישכן.</b> הוּא אֲשֶׁר זִכּוּ לוֹ אֲבוֹתָיו — לִשְׁכּוֹן בָּדָד, כְּתַרְגּוּמוֹ:", 
                    "links": [
                        {
                            "category": "Tanakh", 
                            "index_title": "Numbers", 
                            "sourceHeRef": "במדבר כ״ג:ט׳", 
                            "sourceRef": "Numbers 23:9"
                        }
                    ], 
                    "text": "הן עם לבדד ישכן LO, THE PEOPLE SHALL DWELL ALONE — This it is what their ancestors have given them as a prerogative: to dwell in the world alone — as is the sense given to the passage by the Targum (“Lo, this people is alone destined to inherit the world\")."
                }, 
                {
                    "segmentNumber": "3", 
                    "he": "<b>ובגוים לא יתחשב.</b> כְּתַרְגּוּמוֹ, לֹא יִהְיוּ נַעֲשִׂין כָּלָה עִם שְׁאָר הָאֻמּוֹת, שֶׁנֶּאֱמַר (ירמיהו ל') \"כִּי אֶעֱשֶׂה כָלָה בְּכָל הַגּוֹיִם וְגוֹ'\", אֵינָן נִמְנִין עִם הַשְּׁאָר. דָּ\"אַ — כְּשֶׁהֵן שְׂמֵחִין אֵין אֻמָּה שְׂמֵחָה עִמָּהֶם, שֶׁנֶּאֱמַר \"ה' בָּדָד יַנְחֶנּוּ\" (דברים ל\"ב), וּכְשֶׁהָאֻמּוֹת בְּטוֹבָה הֵן אוֹכְלִין עִם כָּל אֶחָד וְאֶחָד וְאֵין עוֹלֶה לָהֶם מִן הַחֶשְׁבּוֹן, וְזֶהוּ <b>ובגוים לא יתחשב</b> (תנחומא):", 
                    "links": [
                        {
                            "category": "Tanakh", 
                            "index_title": "Numbers", 
                            "sourceHeRef": "במדבר כ״ג:ט׳", 
                            "sourceRef": "Numbers 23:9"
                        }, 
                        {
                            "category": "Tanakh", 
                            "index_title": "Jeremiah", 
                            "sourceHeRef": "ירמיהו ל׳", 
                            "sourceRef": "Jeremiah 30"
                        }, 
                        {
                            "category": "Tanakh", 
                            "index_title": "Deuteronomy", 
                            "sourceHeRef": "דברים ל״ב", 
                            "sourceRef": "Deuteronomy 32"
                        }, 
                        {
                            "category": "Tanakh", 
                            "index_title": "Deuteronomy", 
                            "sourceHeRef": "דברים ל״ב:י״ב", 
                            "sourceRef": "Deuteronomy 32:12"
                        }, 
                        {
                            "category": "Tanakh", 
                            "index_title": "Jeremiah", 
                            "sourceHeRef": "ירמיהו ל׳:י״א", 
                            "sourceRef": "Jeremiah 30:11"
                        }
                    ], 
                    "text": "ובגוים לא יתחשב AND SHALL NOT RECKON ITSELF AMONG THE NATIONS — Understand this as the Targum does — They will not be exterminated with the other nations, as it is said, ( 30:11) “For I will make a full end of all the nations [… but I will not make a full end of thee]”. The words therefore mean: They do not come under the same reckoning (לא יתחשב) with other nations. — Another explanation is: When they rejoice, no other nation rejoices with them, as it is said, (Deuteronomy 32:12) “The Lord will lead him alone to future bliss”, and when the nations are in prosperity they (the Israelites) eat with each one of them and yet it is not taken into account or them thereby to diminish their reward in the future life; and this is the meaning of ובגוים לא יתחשב (“and when they enjoy with the nations it is not taken into account)."
                }
            ], 
            "heTitle": "רש\"י על במדבר", 
            "indexTitle": "Rashi on Numbers", 
            "sectionRef": "Rashi on Numbers 23:9", 
            "prev": "Rashi on Numbers 23:8", 
            "ref": "Rashi on Numbers 23:9", 
            "heRef": "רש\"י על במדבר כ״ג:ט׳", 
            "next": "Rashi on Numbers 23:10"
        }
    }, 
    "ref": "Rashi on Numbers 23"
}