{
    "heTitleVariants": [
        "רש\"י על במדבר"
    ], 
    "heTitle": "רש\"י על במדבר", 
    "commentaryBook": "Numbers", 
    "heRef": "רש\"י על במדבר ט׳", 
    "toSections": [
        9
    ], 
    "sectionRef": "Rashi on Numbers 9", 
    "title": "Rashi on Numbers 9", 
    "lengths": [
        36, 
        1288
    ], 
    "next": "Rashi on Numbers 10:2", 
    "content": [
        {
            "segmentNumber": "1", 
            "he": [
                "<b>בחדש הראשון.</b> פָּרָשָׁה שֶׁבְּרֹאשׁ הַסֵּפֶר לֹא נֶאֶמְרָה עַד אִיָּר, לָמַדְתָּ שֶׁאֵין סֵדֶר מֻקְדָּם וּמְאוּחָר בַּתּוֹרָה , וְלָמָּה לֹא פָתַח בְּזוֹ? מִפְּנֵי שֶׁהִיא גְנוּתָן שֶׁל יִשְׂרָאֵל, שֶׁכָּל אַרְבָּעִים שָׁנָה שֶׁהָיוּ יִשְׂרָאֵל בַּמִדְבָּר לֹא הִקְרִיבוּ אֶלָּא פֶּסַח זוּ בִּלְבָד (ספרי; תוספתא קידושין ל\"ח):"
            ], 
            "links": [
                {
                    "category": "Tanakh", 
                    "sourceHeRef": "במדבר ט׳:א׳", 
                    "index_title": "Numbers", 
                    "sourceRef": "Numbers 9:1"
                }, 
                {
                    "category": "Talmud", 
                    "sourceHeRef": "פסחים פ׳ א", 
                    "index_title": "Pesachim", 
                    "sourceRef": "Pesachim 80a"
                }, 
                {
                    "category": "Tanakh", 
                    "sourceHeRef": "במדבר א׳:א׳", 
                    "index_title": "Numbers", 
                    "sourceRef": "Numbers 1:1"
                }, 
                {
                    "category": "Commentary", 
                    "sourceHeRef": "גור אריה על במדבר ט׳:א׳:א׳", 
                    "index_title": "Gur Aryeh on Bamidbar", 
                    "sourceRef": "Gur Aryeh on Bamidbar 9:1:1"
                }
            ], 
            "text": [
                "בחדש הראשון [AND THE LORD SPAKE UNTO MOSES] IN THE FIRST MONTH — The section which appears at the commencement of this Book was not spoken before Eyar (the second month; cf. Numbers 1:1): you learn, therefore, that there is no “earlier” or “later” (no chronological order) in the Torah. But why, indeed, did not Scripture open the Book with this section? Because it implies something disparaging to Israel — that during all the forty years they were in the wilderness they offered only this single Passover sacrifice (Siphre; Tos. Kiddushin 38b s. v. הואיל) "
            ]
        }, 
        {
            "segmentNumber": "2", 
            "he": [
                "<b>במועדו.</b> אַף בְּשַׁבָּת, בְּמוֹעֲדוֹ —  אַף בְּטֻמְאָה (ספרי):"
            ], 
            "links": [
                {
                    "category": "Tanakh", 
                    "sourceHeRef": "במדבר ט׳:ב׳", 
                    "index_title": "Numbers", 
                    "sourceRef": "Numbers 9:2"
                }, 
                {
                    "category": "Commentary", 
                    "sourceHeRef": "גור אריה על במדבר ט׳:ב׳:א׳", 
                    "index_title": "Gur Aryeh on Bamidbar", 
                    "sourceRef": "Gur Aryeh on Bamidbar 9:2:1"
                }, 
                {
                    "category": "Commentary", 
                    "sourceHeRef": "גור אריה על במדבר ט׳:ב׳:ב׳", 
                    "index_title": "Gur Aryeh on Bamidbar", 
                    "sourceRef": "Gur Aryeh on Bamidbar 9:2:2"
                }
            ], 
            "text": [
                "במועדו AT ITS APPOINTED SEASON — even on Sabbath;  במועדו AT ITS APPOINTED SEASON (stated again in v. 3) intimates that it must be offered even in a state of uncleanness (i.e. when the whole congregation, or at least its greater part is unclean as a result of having come in contact with a human corpse) (cf. Siphre)."
            ]
        }, 
        {
            "segmentNumber": "3", 
            "he": [
                "<b>ככל חקתיו.</b> אֵלּוּ מִצְוֹת שֶׁבְּגוּפוֹ — שֶֹה תָמִים זָכָר בֶּן שָׁנָה:", 
                "<b>וככל משפטיו.</b> אֵלּוּ מִצְוֹת שֶׁעַל גּוּפוֹ מִמָּקוֹם אַחֵר, כְּגוֹן שִׁבְעַת יָמִים לְמַצָּה וּלְבִעוּר חָמֵץ (מִצְוׂת שֶׁבְּגוּפוׂ — שֶׂה תָמִים זָכָר בֶּן שָׁנָה; שֶׁעַל גוּפוׂ — צְלִי אֵשׁ רׂאשׁוׂ עַל כְּרָעָיו וְעַל קִרְבּוׂ; שֶׁחוּץ לְגוּפוׂ — מַצָּה וּבִעוּר חָמֵץ):"
            ], 
            "links": [
                {
                    "category": "Tanakh", 
                    "sourceHeRef": "במדבר ט׳:ג׳", 
                    "index_title": "Numbers", 
                    "sourceRef": "Numbers 9:3"
                }, 
                {
                    "category": "Tanakh", 
                    "sourceHeRef": "במדבר ט׳:ג׳", 
                    "index_title": "Numbers", 
                    "sourceRef": "Numbers 9:3"
                }, 
                {
                    "category": "Tanakh", 
                    "sourceHeRef": "שמות י״ב:ה׳", 
                    "index_title": "Exodus", 
                    "sourceRef": "Exodus 12:5"
                }, 
                {
                    "category": "Tanakh", 
                    "sourceHeRef": "שמות י״ב:ט׳", 
                    "index_title": "Exodus", 
                    "sourceRef": "Exodus 12:9"
                }, 
                {
                    "category": "Commentary", 
                    "sourceHeRef": "גור אריה על במדבר ט׳:ג׳:א׳", 
                    "index_title": "Gur Aryeh on Bamidbar", 
                    "sourceRef": "Gur Aryeh on Bamidbar 9:3:1"
                }
            ], 
            "text": [
                "ככל חקותיו ACCORDING TO ALL RITES OF IT [… SHALL YE KEEP IT] — This refers to the laws relating to its body itself (i.e. the animal itself) while alive — that it must be “a lamb, without blemish, a male, one year old” (Exodus 12:5). ", 
                "וככל משפטיו AND ACCORDING TO ALL THE REGULATIONS THEREOF — This again refers to commands which have a bearing upon the animal itself but originating from another place (i.e. outside the animal itself), e.g. seven days for eating unleavened bread and during which the leaven must be removed from one’s home. [Some editions have (cf. Nachmanides): the laws relating to the animal itself are that it must be “a lamb, without blemish, a male and one year old”. Such as have to be practiced upon its body (note the difference in the meaning of this phrase, and the omission of ממקום אחר) are those mentioned in Exodus 12:9: “roasted with fire, its head with its legs and the inward parts thereof”; and finally such as go beyond the sacrifice itself: the eating of unleavened bread and the removal of leaven from the house]."
            ]
        }, 
        {
            "segmentNumber": "4", 
            "he": [
                "<b>וידבר משה וגו'.</b> מַה תַּ\"ל? וַהֲלֹא  נֶאֱמַר \"וַיְדַבֵּר מֹשֶׁה אֶת מׂעֲדֵי ה'\", אֶלָּא כְּשֶׁשָּׁמַע פָּרָשַׁת מוֹעֲדִים מִסִּינַי אָמַר לָהֶם, וְחָזַר וְהִזְהִירָם בִּשְׁעַת מַעֲשֶׂה (ספרי):"
            ], 
            "links": [
                {
                    "category": "Tanakh", 
                    "sourceHeRef": "במדבר ט׳:ד׳", 
                    "index_title": "Numbers", 
                    "sourceRef": "Numbers 9:4"
                }, 
                {
                    "category": "Tanakh", 
                    "sourceHeRef": "ויקרא כ״ג", 
                    "index_title": "Leviticus", 
                    "sourceRef": "Leviticus 23"
                }, 
                {
                    "category": "Tanakh", 
                    "sourceHeRef": "ויקרא כ״ג:מ״ד", 
                    "index_title": "Leviticus", 
                    "sourceRef": "Leviticus 23:44"
                }, 
                {
                    "category": "Tanakh", 
                    "sourceHeRef": "ויקרא כ״ג:מ״ד", 
                    "index_title": "Leviticus", 
                    "sourceRef": "Leviticus 23:44"
                }, 
                {
                    "category": "Commentary", 
                    "sourceHeRef": "גור אריה על במדבר ט׳:ד׳:א׳", 
                    "index_title": "Gur Aryeh on Bamidbar", 
                    "sourceRef": "Gur Aryeh on Bamidbar 9:4:1"
                }
            ], 
            "text": [
                "וידבר משה וגו׳ AND MOSES SPAKE [TO THE CHILDREN OF ISRAEL THAT THEY SHOULD KEEP THE PASSOVER] — Why is this stated at all? Has it not already been said, (Leviticus 23:44) “And Moses declared [unto the children of Israel] the appointed festivals of the Lord”? But the reason is: when he heard on Sinai the section dealing with the festivals he told it to them then and he used to exhort them again about the festivals at the time when they had to be observed (lit., at the time of action) (Siphre)."
            ]
        }, 
        {
            "segmentNumber": "5", 
            "he": [], 
            "links": [], 
            "text": []
        }, 
        {
            "segmentNumber": "6", 
            "he": [
                "<b>לפני משה ולפני אהרן.</b> כְּשֶׁשְּׁנֵיהֶן יוֹשְׁבִין בְּבֵית הַמִּדְרָשׁ בָּאוּ וּשְׁאָלוּם, וְלֹא יִתָּכֵן לוֹמַר זֶה אַחַר זֶה, שֶׁאִם מֹשֶׁה לֹא הָיָה יוֹדֵעַ אַהֲרֹן מִנַּיִן לוֹ (ספרי; בבא בתרא קי\"ט):"
            ], 
            "links": [
                {
                    "category": "Tanakh", 
                    "sourceHeRef": "במדבר ט׳:ו׳", 
                    "index_title": "Numbers", 
                    "sourceRef": "Numbers 9:6"
                }, 
                {
                    "category": "Talmud", 
                    "sourceHeRef": "בבא בתרא קי״ט ב", 
                    "index_title": "Bava Batra", 
                    "sourceRef": "Bava Batra 119b"
                }, 
                {
                    "category": "Quoting Commentary", 
                    "sourceHeRef": "רש\"י על במדבר כ״ז:ב׳:ב׳", 
                    "index_title": "Rashi on Numbers", 
                    "sourceRef": "Rashi on Numbers 27:2:2"
                }, 
                {
                    "category": "Talmud", 
                    "sourceHeRef": "בבא בתרא קי״ט א", 
                    "index_title": "Bava Batra", 
                    "sourceRef": "Bava Batra 119a"
                }
            ], 
            "text": [
                "לפני משה ולפני אהרן [AND THERE WERE CERTAIN MEN, WHO … COULD NOT KEEP THE PASSOVER AND THEY CAME] BEFORE MOSES AND BEFORE AARON — At a time when both were sitting together in the House of Study they came and put this question to them. It would not be correct to say — as the words “”before Moses and before Aaron” might suggest — that they came to them one after the other, because if Moses did not know the reply whence could Aaron know it? (cf. Siphre; Bava Batra 119b)."
            ]
        }, 
        {
            "segmentNumber": "7", 
            "he": [
                "<b>למה נגרע.</b> אָמַר לָהֶם אֵין קֳדָשִׁים קְרֵבִים בְּטֻמְאָה, אָמְרוּ לוֹ יִזָּרֵק הַדָּם עָלֵינוּ בְכֹהֲנִים טְהוֹרִים וְיֵאָכֵל הַבָּשָֹר לִטְהוֹרִים, אָמַר לָהֶם \"עִמְדוּ וְאֶשְׁמְעָה!\" — כְּתַלְמִיד הַמֻּבְטָח לִשְׁמוֹעַ מִפִּי רַבּוֹ; אַשְׁרֵי יְלוּד אִשָּׁה שֶׁכַּךְ מֻבְטָח, שֶׁכָּל זְמַן שֶׁהָיָה רוֹצֶה הָיָה מְדַבֵּר עִם הַשְּׁכִינָה; וּרְאוּיָה הָיְתָה פָרָשָׁה זוֹ לֵאָמֵר עַ\"יְ מֹשֶׁה כִּשְׁאָר כָּל הַתּוֹרָה כֻּלָּה, אֶלָּא שֶׁזָּכוּ אֵלּוּ שֶׁתֵּאָמֵר עַל יְדֵיהֶן, שֶׁמְּגַלְגְּלִין זְכוּת עַ\"יְ זַכַּאי (שם):"
            ], 
            "links": [
                {
                    "category": "Tanakh", 
                    "sourceHeRef": "במדבר ט׳:ז׳", 
                    "index_title": "Numbers", 
                    "sourceRef": "Numbers 9:7"
                }, 
                {
                    "category": "Talmud", 
                    "sourceHeRef": "סנהדרין פ׳ א", 
                    "index_title": "Sanhedrin", 
                    "sourceRef": "Sanhedrin 80a"
                }, 
                {
                    "category": "Talmud", 
                    "sourceHeRef": "בבא בתרא קי״ט ב", 
                    "index_title": "Bava Batra", 
                    "sourceRef": "Bava Batra 119b"
                }, 
                {
                    "category": "Commentary", 
                    "sourceHeRef": "גור אריה על במדבר ט׳:ז׳:א׳", 
                    "index_title": "Gur Aryeh on Bamidbar", 
                    "sourceRef": "Gur Aryeh on Bamidbar 9:7:1"
                }, 
                {
                    "category": "Commentary", 
                    "sourceHeRef": "גור אריה על במדבר ט׳:ז׳:ב׳", 
                    "index_title": "Gur Aryeh on Bamidbar", 
                    "sourceRef": "Gur Aryeh on Bamidbar 9:7:2"
                }
            ], 
            "text": [
                "למה נגרע WHEREFORE ARE WE KEPT BACK? — He (Moses) had said to them, “Sacrifices are not permitted to be offered by anyone who is in a state of uncleanness”. They retorted, “למה נגרע” — Why should that prevent us? Let the blood be sprinkled on our behalf by clean priests, and let the flesh be eaten by the clean”. (i.e. let us partake of the flesh at night when we shall already be clean: see Note). Thereupon he said to them: “Stand still (i.e. wait a short time) and I will hear [what the Lord will command concerning you]” — he said this with confidence, like a pupil who is certain that he will get information from his teacher at any time. Happy, indeed, is a human being (lit., one born of woman) who may so confidently rely that at any time when he wishes to do so he may speak with the Shechinah! — This section, in fact, ought to have been said by Moses, just as all the other sections of the Torah, only that these men were privileged that it should be promulgated through their intervention, because “meritorious deeds are brought about by worthy men” (Siphre; Bava Batra 119b)."
            ]
        }, 
        {
            "segmentNumber": "8", 
            "he": [], 
            "links": [], 
            "text": []
        }, 
        {
            "segmentNumber": "9", 
            "he": [], 
            "links": [], 
            "text": []
        }, 
        {
            "segmentNumber": "10", 
            "he": [
                "<b>או בדרך רחקה.</b> נָקוּד עָלָיו, לוֹמַר, לֹא שֶׁרְחוֹקָה וַדַּאי, אֶלָּא שֶׁהָיָה חוּץ לְאַסְקֻפַּת הָעֲזָרָה כָּל זְמַן שְׁחִיטָה (פסח' צ\"ג); פֶּסַח שֵׁנִי מַצָּה וְחָמֵץ עִמּוֹ בַּבַּיִת, וְאֵין שָׁם יוֹם טוֹב, וְאֵין אִסּוּר חָמֵץ אֶלָא עִמּוֹ בַאֲכִילָתוֹ (שם צ\"ה):"
            ], 
            "links": [
                {
                    "category": "Tanakh", 
                    "sourceHeRef": "במדבר ט׳:י׳", 
                    "index_title": "Numbers", 
                    "sourceRef": "Numbers 9:10"
                }, 
                {
                    "category": "Quoting Commentary", 
                    "sourceHeRef": "רש\"י על בראשית י״ח:ט׳", 
                    "index_title": "Rashi on Genesis", 
                    "sourceRef": "Rashi on Genesis 18:9"
                }, 
                {
                    "category": "Talmud", 
                    "sourceHeRef": "פסחים צ״ג ב", 
                    "index_title": "Pesachim", 
                    "sourceRef": "Pesachim 93b"
                }, 
                {
                    "category": "Talmud", 
                    "sourceHeRef": "פסחים צ״ה א", 
                    "index_title": "Pesachim", 
                    "sourceRef": "Pesachim 95a"
                }, 
                {
                    "category": "Commentary", 
                    "sourceHeRef": "גור אריה על במדבר ט׳:י׳:א׳", 
                    "index_title": "Gur Aryeh on Bamidbar", 
                    "sourceRef": "Gur Aryeh on Bamidbar 9:10:1"
                }, 
                {
                    "category": "Commentary", 
                    "sourceHeRef": "גור אריה על במדבר ט׳:י׳:ב׳", 
                    "index_title": "Gur Aryeh on Bamidbar", 
                    "sourceRef": "Gur Aryeh on Bamidbar 9:10:2"
                }
            ], 
            "text": [
                "או בדרך רחקה [IF ANY MAN … SHALL BE UNCLEAN BY REASON OF A DEAD,] OR BE ON A DISTANT JOURNEY — There is a dot on it (on the ה of the word רחקה which letter is therefore regarded as non-existent; cf. Rashi on Genesis 18:9 and Note thereon), in order to tell that what Scripture means by בדרך רחקה is that it (the journey) need not really be a distant one, but that his sacrifice is postponed even though he was merely outside the threshold of the forecourt during the whole time that the ceremony of slaughtering the Passover sacrifice tasted. (Pesachim 93b, cf. Siphre). — On the “Second Passover” one may have with him unleavened and leavened bread together in his house, and there is no festival in connection with it, and the eating of leaven is forbidden only together with it (the Passover Sacrifice) — i.e. while the sacrifice is being eaten (cf. Pesachim 95a)."
            ]
        }, 
        {
            "segmentNumber": "11", 
            "he": [], 
            "links": [], 
            "text": []
        }, 
        {
            "segmentNumber": "12", 
            "he": [], 
            "links": [], 
            "text": []
        }, 
        {
            "segmentNumber": "13", 
            "he": [], 
            "links": [], 
            "text": []
        }, 
        {
            "segmentNumber": "14", 
            "he": [
                "<b>וכי יגור אתכם גר ועשה פסח.</b> יָכוֹל כָּל הַמִּתְגַּיֵּר יַעֲשֶׂה פֶסַח מִיָּד, תַּ\"ל \"חֻקָּה אַחַת וְגוֹ'\", אֶלָּא כַּךְ מַשְׁמָעוֹ — \"וְכִי יָגוּר אִתְּכֶם גֵּר\" וּבָא לַעֲשׂוֹת פֶּסַח עִם חֲבֵרָיו, \"כְּחֻקַּת הַפֶּסַח וּכְמִּשְׁפָּטוׂ יַעֲשֶׂה\" (ספרי):"
            ], 
            "links": [
                {
                    "category": "Tanakh", 
                    "sourceHeRef": "במדבר ט׳:י״ד", 
                    "index_title": "Numbers", 
                    "sourceRef": "Numbers 9:14"
                }, 
                {
                    "category": "Talmud", 
                    "sourceHeRef": "פסחים צ״ג א", 
                    "index_title": "Pesachim", 
                    "sourceRef": "Pesachim 93a"
                }, 
                {
                    "category": "Quoting Commentary", 
                    "sourceHeRef": "רש\"י על שמות י״ב:מ״ח", 
                    "index_title": "Rashi on Exodus", 
                    "sourceRef": "Rashi on Exodus 12:48"
                }
            ], 
            "text": [
                "וכי יגור אתכם גר ועשה פסח AND IF A STRANGER SHALL SOJOURN AMONG YOU, AND WILL KEEP THE PASSOVER [ACCORDING TO THE ORDINANCE OF THE PASSOVER … SO SHALL HE DO] — One might think that this verse implies that anyone who becomes a proselyte (גר) must keep the Passover offering rite immediately after his circumcision (even though it has not taken place just before Passover), therefore Scripture states, “yo shall have one ordinance, [both for the stranger, and for him that was born in the land]” (which implies that just as the native brings the offering on the fourteenth of Nisan, so the proselyte, too, must bring it only on the fourteenth of Nisan; cf. Rashi on Exodus 12:48). What the first part of the verse implies is, therefore, the following: “and if a proselyte will sojourn among you, and comes to celebrate the Passover rite together with his fellows, then according to the ordinance of the Passover and according to the manner thereof shall he do” (i.e. ועשה פסח is not a predicative clause — when he becomes a proselyte then shall he offer the Passover, i. e. offer it immediately — but it is a conditional clause, coordinate to וכי יגור אתכם and the apodosis begins with כחקת הפסח etc.) (Siphre)."
            ]
        }, 
        {
            "segmentNumber": "15", 
            "he": [
                "<b>המשכן לאהל העדת.</b> הַמִּשְׁכָּן הֶעָשׂוּי לִהְיוֹת אֹהֶל לְלוּחוֹת הָעֵדוּת:", 
                "<b>יהיה על המשכן.</b> כְּמוֹ הֹוֶה עַל  הַמִּשְׁכָּן, וְכֵן לְשׁוֹן כָּל הַפָּרָשָׁה:"
            ], 
            "links": [
                {
                    "category": "Tanakh", 
                    "sourceHeRef": "במדבר ט׳:ט״ו", 
                    "index_title": "Numbers", 
                    "sourceRef": "Numbers 9:15"
                }, 
                {
                    "category": "Tanakh", 
                    "sourceHeRef": "במדבר ט׳:ט״ו", 
                    "index_title": "Numbers", 
                    "sourceRef": "Numbers 9:15"
                }, 
                {
                    "category": "Commentary", 
                    "sourceHeRef": "גור אריה על במדבר ט׳:ט״ו:א׳", 
                    "index_title": "Gur Aryeh on Bamidbar", 
                    "sourceRef": "Gur Aryeh on Bamidbar 9:15:1"
                }, 
                {
                    "category": "Commentary", 
                    "sourceHeRef": "גור אריה על במדבר ט׳:ט״ו:ב׳", 
                    "index_title": "Gur Aryeh on Bamidbar", 
                    "sourceRef": "Gur Aryeh on Bamidbar 9:15:2"
                }
            ], 
            "text": [
                "המשכן לאהל העדות means THE TABERNACLE which is made FOR the purpose of being THE TENT for the tablets of THE TESTIMONY. ", 
                "יהיה על המשכן WAS UPON THE TABERNACLE — This has the sense of: was continuously being upon the Tabernacle. Similar is the usage in the whole section (i. e. the verbs יסעו, יחגו, ישכון etc. are imperfects expressing continuous action)."
            ]
        }, 
        {
            "segmentNumber": "16", 
            "he": [], 
            "links": [], 
            "text": []
        }, 
        {
            "segmentNumber": "17", 
            "he": [
                "<b>העלות הענן.</b> כְּתַרְגּוּמוֹ אִסְתַּלָּקוּת, וְכֵן \"וְנַעֲלָה הֶעָנָן\", וְלֹא יִתָּכֵן לִכְתּוֹב וּלְפִי עֲלוֹת הֶעָנָן, וְעָלָה הֶעָנָן, שֶׁאֵין זֶה לְשׁוֹן סִלּוּק אֶלָּא צִמּוּחַ וַעֲלִיָּה, כְּמוֹ \"הִנֵּה עָב קְטַנָּה כְּכַף אִישׁ עֹלָה מִיָּם\"(מלכים א י\"ח):"
            ], 
            "links": [
                {
                    "category": "Tanakh", 
                    "sourceHeRef": "במדבר ט׳:י״ז", 
                    "index_title": "Numbers", 
                    "sourceRef": "Numbers 9:17"
                }, 
                {
                    "category": "Tanakh", 
                    "sourceHeRef": "מלכים א י״ח", 
                    "index_title": "I Kings", 
                    "sourceRef": "I Kings 18"
                }
            ], 
            "text": [
                "העלות הענן — Understand this as the Targum does: the departure (more lit., the raising itself). Similar is, (v. 21): תעלה הענן which means “when the cloud raised itself” (departed; in both cases the verbs are Niphal). It would not be correct to have written in these passages ולפי עֲלוֹת הענן and וְעָלָה הענן (the verbs in the Kal), because this would not be an expression denoting departure, but “springing forth” and “rising”, just as, (1 King 18:44): “Behold a little cloud as small as a man’s hand rises (עלה) from the sea.\" "
            ]
        }, 
        {
            "segmentNumber": "18", 
            "he": [
                "<b>על פי ה' יסעו.</b> שָׁנִינוּ בִּמְלֶאכֶת הַמִּשְׁכָּן: כֵּיוָן שֶׁהָיוּ יִשְׂרָאֵל נוֹסְעִים, הָיָה עַמּוּד הֶעָנָן מִתְקַפֵּל וְנִמְשָׁךְ עַל גַּבֵּי בְנֵי יְהוּדָה כְּמִין קוֹרָה, תָּקְעוּ וְהֵרִיעוּ וְתָקְעוּ , לֹא הָיָה מְהַלֵּךְ עַד שֶׁמֹּשֶׁה אוֹמֵר קוּמָה ה' — זוֹ בְּסִפְרֵי — וְנָסַע דֶּגֶל מַחֲנֵה יְהוּדָה:", 
                "<b> ועל פי ה' יחנו.</b> כֵּיוָן שֶׁהָיָה יִשְׂרָאֵל חוֹנִים עַמּוּד הֶעָנָן הָיָה מְתַמֵּר וְעוֹלֶה וְנִמְשָׁךְ עַל גַּבֵּי בְנֵי יְהוּדָה כְּמִין סֻכָּה, וְלֹא הָיָה נִפְרָשׂ עַד שֶׁמֹּשֶׁה אוֹמֵר \"שׁוּבָה ה' רִבֲבוֹת אַלְפֵי יִשְֹרָאֵל\", הֱוֵי אוֹמֵר \"עַ\"פִּ ה' וּבְיַד מֹשֶׁה\" (ברייתא דמל\"ה פי\"ג):"
            ], 
            "links": [
                {
                    "category": "Tanakh", 
                    "sourceHeRef": "במדבר ט׳:י״ח", 
                    "index_title": "Numbers", 
                    "sourceRef": "Numbers 9:18"
                }, 
                {
                    "category": "Tanakh", 
                    "sourceHeRef": "במדבר ט׳:י״ח", 
                    "index_title": "Numbers", 
                    "sourceRef": "Numbers 9:18"
                }, 
                {
                    "category": "Tanakh", 
                    "sourceHeRef": "במדבר י׳:ל״ה", 
                    "index_title": "Numbers", 
                    "sourceRef": "Numbers 10:35"
                }, 
                {
                    "category": "Tanakh", 
                    "sourceHeRef": "במדבר י׳:ל״ו", 
                    "index_title": "Numbers", 
                    "sourceRef": "Numbers 10:36"
                }, 
                {
                    "category": "Tanakh", 
                    "sourceHeRef": "במדבר י׳:כ״ג", 
                    "index_title": "Numbers", 
                    "sourceRef": "Numbers 10:23"
                }, 
                {
                    "category": "Commentary", 
                    "sourceHeRef": "גור אריה על במדבר ט׳:י״ח:א׳", 
                    "index_title": "Gur Aryeh on Bamidbar", 
                    "sourceRef": "Gur Aryeh on Bamidbar 9:18:1"
                }
            ], 
            "text": [
                "(על פי ה’ יסעו (18 ” AT THE COMMANDMENT OF THE LORD [THE CHILDREN OF ISRAEL] JOURNEYED — We have learned in the Boraitha dealing with “the structure of the Tabernacle” (s. 13), “As soon as the Israelites set forth on a journey the pillar of cloud rolled itself up (contracted itself) and extended itself out above the camp of the sons of Judah, like a beam, whereupon they blew a “Tekiah”, a “Teruah”, and another “Tekiah”. It (the cloud) did not, however, move off until Moses said, (Numbers 10:35): “Rise up, O Lord!” — the latter statement is to be found in the Siphre (on the verse quoted) — and then the banner of the camp of Judah marched forward.", 
                "ועל פי ה' יחנו AT THE COMMANDMENT OF THE LORD THEY ENCAMPED — As soon as the Israelites encamped the pillar of cloud rose in a column and extended itself above the camp of the sons of Judah like the roof of a hut, and did not depart until Moses said, (Numbers 10:36), “Return, O Lord, unto the myriads of thousands of Israel!” — You must say (admit; more lit., be saying) that this is the meaning of (Numbers 10:23) “at the commandment of the Lord [they encamped and at the commandment of the Lord they journeyed ...]” but also by the agency of Moses."
            ]
        }, 
        {
            "segmentNumber": "19", 
            "he": [], 
            "links": [], 
            "text": []
        }, 
        {
            "segmentNumber": "20", 
            "he": [
                "<b>ויש.</b> כְּלוֹמַר, וּפְעָמִים:", 
                "<b>ימים מספר.</b> יָמִים מוּעָטִים:"
            ], 
            "links": [
                {
                    "category": "Tanakh", 
                    "sourceHeRef": "במדבר ט׳:כ׳", 
                    "index_title": "Numbers", 
                    "sourceRef": "Numbers 9:20"
                }, 
                {
                    "category": "Tanakh", 
                    "sourceHeRef": "במדבר ט׳:כ׳", 
                    "index_title": "Numbers", 
                    "sourceRef": "Numbers 9:20"
                }, 
                {
                    "category": "Commentary", 
                    "sourceHeRef": "גור אריה על במדבר ט׳:כ׳:א׳", 
                    "index_title": "Gur Aryeh on Bamidbar", 
                    "sourceRef": "Gur Aryeh on Bamidbar 9:20:1"
                }, 
                {
                    "category": "Commentary", 
                    "sourceHeRef": "גור אריה על במדבר ט׳:כ׳:ב׳", 
                    "index_title": "Gur Aryeh on Bamidbar", 
                    "sourceRef": "Gur Aryeh on Bamidbar 9:20:2"
                }
            ], 
            "text": [
                "ויש means as much as AND SOMETIMES; (it is therefore to be translated: and there were times).", 
                "ימים מספר means, A FEW DAYS."
            ]
        }, 
        {
            "segmentNumber": "21", 
            "he": [], 
            "links": [], 
            "text": []
        }, 
        {
            "segmentNumber": "22", 
            "he": [
                "<b>או ימים.</b> שָׁנָה, כְּמוֹ \"יָמִים תִּהְיֶה גְּאֻלָּתוֹ\" (ויקרא כ\"ה):"
            ], 
            "links": [
                {
                    "category": "Tanakh", 
                    "sourceHeRef": "במדבר ט׳:כ״ב", 
                    "index_title": "Numbers", 
                    "sourceRef": "Numbers 9:22"
                }, 
                {
                    "category": "Tanakh", 
                    "sourceHeRef": "ויקרא כ״ה", 
                    "index_title": "Leviticus", 
                    "sourceRef": "Leviticus 25"
                }, 
                {
                    "category": "Tanakh", 
                    "sourceHeRef": "ויקרא כ״ה:כ״ט", 
                    "index_title": "Leviticus", 
                    "sourceRef": "Leviticus 25:29"
                }
            ], 
            "text": [
                "או ימים means, [OR] A FULL YEAR, just as, (Leviticus 25:29) “A full year (ימים) shall he have the right of redemption”."
            ]
        }
    ], 
    "book": "Rashi on Numbers", 
    "prev": "Rashi on Numbers 8:26", 
    "textDepth": 3, 
    "sectionNames": [
        "Chapter", 
        "Verse", 
        "Comment"
    ], 
    "sections": [
        9
    ], 
    "commentator": "Rashi", 
    "isComplex": false, 
    "commentaryCategories": [
        "Tanakh", 
        "Torah"
    ], 
    "titleVariants": [
        "Rashi on Numbers", 
        "Rashi on Bemidbar", 
        "Rashi on Num.", 
        "Rashi on Num", 
        "Rashi on Bamidbar"
    ], 
    "categories": [
        "Commentary", 
        "Tanakh", 
        "Rashi"
    ], 
    "ref": "Rashi on Numbers 9", 
    "type": "Commentary", 
    "addressTypes": [
        "Integer", 
        "Integer", 
        "Integer"
    ], 
    "heCommentator": "רש\"י", 
    "length": 36, 
    "indexTitle": "Rashi on Numbers", 
    "heIndexTitle": "רש\"י על במדבר", 
    "alts": [], 
    "order": [
        4, 
        4
    ]
}