{
    "heTitleVariants": [
        "שכר קיום ההדלקה בשלימותה"
    ], 
    "heTitle": "נר מצוה, שכר קיום ההדלקה בשלימותה", 
    "heRef": "נר מצוה, שכר קיום ההדלקה בשלימותה", 
    "toSections": [], 
    "sectionRef": "Ner Mitzvah, The reward for fulfilling the lighting in full", 
    "next": null, 
    "content": [
        {
            "segmentNumber": "1", 
            "he": "והשכר על זאת המצוה, (שבת כג, ב) אמר רב הונא: הרגיל בנר, הויין ליה בנים תלמידי חכמים. הזהיר במזוזה, זוכה לדירה נאה. הזהיר בציצית, זוכה לטלית נאה. הזהיר בקדוש היום, זוכה וממלא גרבי יין, עד כאן. ומה שאמר הרגיל בנר, אין פירושו בנר של שבת בלבד, דאם כן הוי ליה לומר הזהיר בנר של שבת. ועוד, דמייתי הא דרב הונא אצל נר חנוכה, אלא איירי בכל נר של מצוה. וקשה, דהוי ליה לומר הרגיל בנר יהיה תלמיד חכם בעצמו, ולמה אמר כי יהיו לו בנים תלמידי חכמים. ועוד קשה, דלפי הסברא לו להיות מקדים לומר הזהיר בציצית שהיא מצוה בגופו ואחר כך מצוה של ביתו. ועוד, מה שאמר זוכה לדירה נאה וכן זוכה לטלית נאה, אם כן היה לו לומר גם כן הזהיר בסוכה זוכה לסוכה נאה וכן הרבה דברים: ", 
            "links": [], 
            "text": ""
        }, 
        {
            "segmentNumber": "2", 
            "he": "ופירוש זה, כי האדם הוא מוכן לעולם הזה, והעולם הזה נקרא נר, וזה מפני כי הנר הוא דולק לזמן מה ויש לו הפסק. וכך האדם שהוא בעולם הזה, יש לדבר הזה הפסק, כמו הנר שהוא לזמן מה ואחר כך הוא כבה. וכך אמרו במסכת סוטה: (כא, א) כי נר מצוה ותורה אור (משלי ו, כג), תלה הכתוב את המצוה בנר ואת התורה באור. את המצוה בנר, לומר לך, מה נר אינה מגינה אלא לפני שעה אף מצוה אינה מגינה אלא לפי שעה. ואת התורה באור, לומר לך, מה אור מגין לעולם אף תורה מגינה לעולם. וגם מפני כי העולם הזה הוא גשמי והוא מקבל הצורה, ולכך נקרא העולם הזה נר, כי הנר הוא גשמי ומקבל האור שהוא נחשב כמו צורה, לפיכך העולם הזה דומה לגמרי לנר. ואמר, כי הרגיל בנר מוכן שיהיה לו עולם הזה שהוא נר. ומפני כי האדם בעולם הזה הוא בעל מיתה, ולא נקרא שיש לו עולם הזה השלימות רק כאשר יש לו בנים שנשארים אחריו. ולפיכך אמר הזהיר בנר יש לו בנים תלמידי חכמים, כי התלמיד חכם הוא גם כן נר, שהרי יש לו השכל שהוא עומד בגוף האדם, ואז נקרא שיש לו שלימות עולם הזה. אבל כל המעלות שיש לאדם עצמו, בשביל כי האדם בעל מיתה אין זה נקרא שיש לו עולם הזה. רק כאשר יש לו בנים תלמידי חכמים זה נקרא שיש לו עולם הזה, כי הבנים נשארים אחר מותו. ולכך אמר, הרגיל בנר שהוא מצוה דומה לעולם הזה זוכה שיהיה לו עולם הזה. וזה, כאשר יהיה לו בנים תלמידי חכמים, ובזה יהיה לו עולם הזה לגמרי. ולכך אין להקשות, כי למה לא אמר בנר יהיה הוא עצמו תלמיד חכם. ומכל מקום בלא זה אין זה קשיא, כי לפעמים אינו ראוי להיות תלמיד חכם כאשר אין לו חכמה כלל. לכך אמר, הויין לו בנים תלמידי חכמים, כי הכל ראוי לזה: ", 
            "links": [], 
            "text": ""
        }, 
        {
            "segmentNumber": "3", 
            "he": "ואמר הזהיר במזוזה וכו', וזה כי האדם אחר מותו הוא מוכן שיהיה לו מנוחה כמו מי שיש לו בית שהוא מקום מנוחתו. וכן אמרו במדרש: (שבת קנב, א) כי הולך האדם אל בית עולמו (קהלת יב, ה), אמר רבי יצחק, מלמד שכל צדיק וצדיק נותנין לו מדור לפי כבודו. משל למלך שנכנס הוא ועבדיו לעיר, כשהן נכנסין, כולן בשער אחד נכנסין, כשהן לנין, כל אחד ואחד נותנין לו מדור לפי כבודו. ופירוש זה, כשהם נכנסים דבר זה הוא התחלתו. דהיינו, כאשר האדם הוא נכנס בעולם הזה שנקרא עולם הזה פרוזדור, והפרוזדור הוא התחלה בלבד. ואין להכיר מה שהוא בהתחלתו רק בסוף, וזה נקרא כאשר לנים, ואז כל אחד יש לו מקום כפי מעלתו כפי מה שהוא. ואצל האדם כאשר הוא הולך מעולמו, והוא סוף שלו, קונה מעלתו כפי מה שהוא האדם. ולכך אמר, כי הזהיר במזוזה אשר המזוזה יש עליה שם ה', ועוד המזוזה פרשיות התורה כתובים בה, ובשביל כך המזוזה היא קרובה אל השם יתברך. ולכך, כאשר הוא זהיר במזוזה זוכה אחר מיתתו להיות עם השם יתברך מנוחתו, שהיה עם השם יתברך והיה זהיר במזוזה, כך יהיה מנוחתו עם השם יתברך: ", 
            "links": [], 
            "text": ""
        }, 
        {
            "segmentNumber": "4", 
            "he": "ואמר עוד: הזהיר בציצית זוכה לטלית נאה. וזה נאמר, כי יש עוד עולם אחר התחיה, וזה שאמרו (שבת כג, ב) כי הזהיר בציצית זוכה לטלית נאה. כי לזמן התחיה יעמדו בלבושיהון, כדאיתא בפרק חלק: (סנהדרין צ, ב) שאלה קליאופטרא מלכתא את ר\"מ: ", 
            "links": [], 
            "text": ""
        }, 
        {
            "segmentNumber": "5", 
            "he": "אמרה, ידענא דחיי שכבי דכתיב (תהלים עב, טז) ויציצו מעיר כעשב הארץ, אלא כשהן עומדין עומדין ערומין או בלבושיהן עומדין. אמר לה: ק\"ו מחיטה, ומה חיטה שנקברה ערומה יוצאה בכמה לבושין, צדיקים שנקברים בלבושיהן על אחת כמה וכמה. ופירוש ענין זה, כי קליאופטרא המלכה שאלה אם עולם התחיה יהיה עולם שהוא כולו כבוד. ולא שהוא כמו עולם הזה, אף שיש בו הכבוד, אינו רק כבוד מה שיקנה האדם. ואינו כולו כבד, כי יש בו הגוף שיש בו כמה דברים של גנות. גם בא לעולם שלא בכבוד, כאשר הוא ערום. אף שהאדם מכסה עצמו במלבושי כבוד, דרבי יוחנן קרי ליה למאני מכבדותי (שבת כד, א) כי הבגדים מכסים גנות הגוף, אין זה רק מלבוש לזמן מה. ויש לאדם הסרה וסלוק מן הכבוד, ונשאר הגוף עצמו ערום שלא בכבוד. גם יצא אל העולם ערום, גם נמצא בו הגנאי בצואה ובשתן ושאר דבר. אבל התחיה יהיה האדם כולו כבוד, לכך יעמדו בלבושיהן ולא יהיו ערומים, וזה מורה על הכבוד לגמרי. ואמר, כי הוא קל וחומר מחטה, כלומר, אם האדם נולד ערום שלא בכבוד היינו מפני שהגוף נבראה מטפה סרוחה, ולכך נמצא בו הגנות ונולד ערום. אבל החטה אינה באה מטפה סרוחה, רק מחטה נקיה, לכך היא יוצאת בכמה מלבושים ואינה יוצאת בגנות. קל חומר, צדיקים הנקברים בלבושיהם דרך כבוד, וטפה סרוחה כבר הלכה ואינה נמצאת במיתת האדם, כל שכן שיעמדו במלבושיהם ולא יהיו ערומים, רק יהיה האדם כולו כבוד. ולכך אמר, הזהיר בציצית עד המלבוש שהוא כבודו, יש בו מצוה אלקית הם הציצית. ובשביל כך כבוד הזה הוא כבוד אלקי, והחוטין הם ל\"ב כמספר כבוד. לכן אמר, הזהיר במצות ציצית זוכה לטלית נאה, הטלית הנאה הזה הוא לתחיית המתים שיעמדו בלבושיהן, ואז יזכו אל טלית נאה. וכן אמרו (שבת לב, ב): אמר ר\"ל, כל הזהיר בציצית זוכה ומשמשין לו ב' אלפים וח' מאות עבדים, שנאמר, (זכריה ח, כ\"ג) כה אמר ה' צבאות בימים ההמה אשר יחזיקו עשרה אנשים מכל לשונות הגוים והחזיקו בכנף איש יהודי לאמר נלכה עמכם וגו'., וכל זה, מפני כי זוכה לכבוד על ידי מצוה זאת: ", 
            "links": [], 
            "text": ""
        }, 
        {
            "segmentNumber": "6", 
            "he": "ואמר: (שבת כג, ב) הזהיר בקדוש היום זוכה וממלא גרבי יין., דבר זה נאמר על עולם הבא, שאז יהיה להם היין המשומר לצדיקים לעתיד לבא, אשר עליו נאמר: מאי (ישעיה סד, ג) עין לא ראתה אלהים זולתך, אמר ריב\"ל זהו יין המשומר (ברכות לד, ב), והוא אחרון לכל. על כך אמר מי שהוא מקדש היום, והוא בודאי על יין, כי קדוש היום הוא על יין. והוא מקדש השבת אשר הוא מעין העולם הבא, ולכך הוא זוכה וממלא גרבי יין ויהיה לו עולם הבא, והוא רב טוב הצפון שהוא יין המשומר. ולכך אמר גרבי ולא אמר שזוכה ליין הרבה, אלא כאשר היין הוא בגרבי הוא נסתר ונעלם, אשר עליו נאמר עין לא ראתה אלהים זולתך: אסור יין נסך והחיוב תוכחה בו: ", 
            "links": [], 
            "text": ""
        }, 
        {
            "segmentNumber": "7", 
            "he": "ולכך גזרו חכמים על יין האומות, ואסרו אותו (ע\"ז לו, א) בשתיה. הנה, כי כל ישראל יש להם חלק לעולם הבא אשר הוא היין המשומר. ואל תאמר כי דבר זה יין ממש, רק הוא המעלה הפנימית אשר לא נגלה לשום בריאה כי אם להשם יתברך. ונקרא יין, כי היין בעצמו הוא משומר תוך הענב ונסתר בו. ומפני כך, צריך שיהיה לכל הפחות יין של ישראל שהוא בעולם הזה משומר מן הגוים, ואז זוכים ליין המשומר לגמרי. ולא בחנם זכרו רז\"ל לומר (ברכות לד, ב) יין המשומר ולא אמרו יין הצפון, רק להודיע שיהיה משומר מן האומות: ", 
            "links": [], 
            "text": ""
        }, 
        {
            "segmentNumber": "8", 
            "he": "לא כמו שיש אנשים שאינם נזהרים בזה, ואין משגיחים בדברי חכמים אשר גזרו והחמירו על זה מאד מאד, כמו שהוא ידוע (עיין זהר) (פרשת שמיני ח\"ג, מ, א). ויראה כיון שאין משגיחים בדברי חכמים, יש עליהם משפט ודין קראים הם הבלתי מאמינים, ואי אפשר לפרש עונשם. ועושים אלו אנשים כאלו ח\"ו ישראל שהם עם אחד, מחולק בדתם ובתורתם. ודבר זה שבחינו ותפארתינו מה שישראל הם עם אחד בתורתם, וכדכתיב: (ד\"ה א, יז) ומי כעמך ישראל גוי אחד בארץ. ועל ידי אלו אנשים המורדים והפושעים והחוטאים, כאלו ח\"ו אין אצלנו דבר שהוא שבחינו ותפארתנו. לכך, בני ישראל, סורו סורו מעל האנשים האלה ותרחיקו מדרכם הרעה הזה: ", 
            "links": [], 
            "text": ""
        }, 
        {
            "segmentNumber": "9", 
            "he": "ואותם בני אדם שנתפתו ללכת אחר יצרם הרע, להם שני דרכים. האחד, אם יחזרו מדרכם אשר הלכו בה עד הנה, ויחזיקו ללכת בדרך אבותם, ובודאי דבר זה יהיה סבה וגרם כי שאר בני אדם יחזיקו גם כן ללכת בדרכם. והנה הם בכלל המזכה את הרבים אשר זכות הרבים תלו בו (אבות פרק ה, יח), ויהיו בכלל צדיקי עולם שמסרו נפשם לזכות את הרבים ללכת בדרך הטוב. ודרך השני, אם לא יחזרו מדרכם זה וילכו עוד בדרך הרע הזה, בודאי דבר זה הוא גרם וסבה שאחרים גם כן הולכים בדרך הרעה הזאת, כאשר רואים לפניהם בני אדם אשר סרים מן הדרך הטוב. בפרט הקלים בדעתם, כאשר מורה שם נסך שמספרו קל, כי הקלים מתפתים לאיסור זה ביותר. והנה הוא תקלה לדור הזה ולדורות הבאים, עד שיבוא משיח צדקינו ויסור מאתנו לב האבן הזה. והנה האנשים האלו הם מעדת ירבעם שחטאו והחטיאו את הרבים, שודאי חטא הרבים תלוי בהם. ולכך יש לפניהם שני דרכים ויבחרו בדרך החיים ללכת בו לטוב להם ולזרעם עד עולם: ", 
            "links": [], 
            "text": ""
        }, 
        {
            "segmentNumber": "10", 
            "he": "ומאחר כי סוף דברינו נשמע יראת אלקים, הוא איסור הזה של יין נסך, יש לנו להודיע אל הכל מעשה קצת בני אדם בדור הזה. ומיום שגלו ישראל מעל אדמתם לא הגיע דבר זה לישראל שיהיה נמצא בנו כמו זה. כי ישראל שהם עם אחד ואומה אחת, איך יהיה נמצא בהם בני אדם שהם פורשים מהם במצוה אחת, שהיתה מצוה תקוע וקבוע בישראל. והוא מצוה חביבה מאד מאד, הוא הפרישה מן האומות, וזהו על ידי איסור יין נסך. לכך כתיב: (דניאל א, ח) וישם דניאל על לבו אשר לא יתגאל בפת פג המלך וביין משתיו. ומה הם הדברים שם על לבו. אבל כאשר ראה דניאל שבא אל היכל המלך להיות לו חבור וקירוב אל המלך, לכך שם על לבו לעשות פירוד ולא יתגאל בפת בגו וביין משתיו. ואמר לשון יתגאל, כי לשון גיאול כאשר מתלכלך בדבר מגונה. ומפני כי כל שלחנם מלא קיא צואה, ולכך אכילת לחמם ושתיית יינם נקרא שהוא מתגאל בלחמם וביין משתם: ", 
            "links": [], 
            "text": ""
        }, 
        {
            "segmentNumber": "11", 
            "he": "והייתי תמה, איך נהיה דבר זה בדורותינו, דבר שלא היה ולא נשמע כזה מיום שגלו ישראל בין האומות, שלא היה כמו זה. והתימה הוא בשביל ד' דברים. האחד, מחמת הענין עצמו שיהיו אנשים שהם מזרע קדושים יהיו פרושים עצמם מכלל אשר הם שומרים ומקיימים האיסור הזה, ואיך לא יהיו נמשכים אחר כל ישראל. וכי אין זה נחשב פורש מדרכי הצבור, אשר דבר זה הפורש מן הצבור הוא נחשב כמו מין ואפיקורס, וכדאמרינן בפרק קמא דראש השנה: (יז, א) המינין והמסורות והאפיקורסים שכפרו בתורה ושכפרו בתחיית המתים ושפירשו מדרכי צבור וכו'. והיה נראה הטעם שנחשב עם המינים, מפני כי הוא יתברך הוא עם הכלל שהם הצבור, וכאשר פורש מן הכלל ואין הצבור נחשב בעיניה' להיות נמשך אחריהם, הנה בזה הוא פורש מן השם יתברך עצמו, כמו שהם המינים ושאר כופרים דחשיב שם. ורש\"י ז\"ל לא רצה לגרוס בהך ברייתא ושפרשו מדרכי צבור, וכתב רש\"י ז\"ל: והך מתניתא בסדר עולם מתניא וה\"ג ליה התם שפרשו מדרכי צבור כגון המינים והמסורות וכו'. ונראה בשביל כך גרס כך, מפני שהוקשה לו שאין סברא שיהיה נחשב הפורש מדרכי הצבור בכלל המינים. אבל נראה שלא יקשה, כי הטעם הוא כמו שאמרנו. כי הפורש מדרכי צבור אשר השם יתברך עם הצבור, הפורש מן דרכי הצבור, דהיינו ממה שתקנו ונוהגים, כאלו פורש מן השם יתברך. אע\"ג דמלשון מן דרכי הצבור, משמע היינו היכי שפורשים מכל דרכיהם, כאשר יש להם דרכים הרבה. והוא אינו רוצה לכנוס בדרכיהם, זה נקרא שפורש מדרכי הצבור. מכל מקום נראה, כאשר יש דבר שהוא גדר וסייג גדול כמו דבר זה שהוא גדר גדול לכמה דברים, נקרא דבר זה שפורש מדרכי הצבור: ", 
            "links": [], 
            "text": ""
        }, 
        {
            "segmentNumber": "12", 
            "he": "ועוד דאמרי' בפרק עושין פסין: (עירובין כא, ב) דרש רבא מאי דכתיב (קהלת יב, יב) ויותר מהמה בני הזהר עשות ספרים הרבה וגו' בני הזהר בדברי סופרים יותר מדברי תורה, שדברי תורה יש בהן עשה ולא תעשה, ודברי סופרים כל העובר על דברי סופרים חייב מיתה. ויש תמהין על זה מאד, כי איך יהיו דברי סופרים יותר חמורים מן דברי תורה. ודבר זה רמז הכתוב (קהלת י, ח) ופרץ גדר ישכנו נחש, ופירש זה, כי הגדר שהוא נעשה לקיום ולשמירה והם דברי חכמים שהם נעשו לסייג ולגדר, אשר כל גדר הוא שמירה וקיום, וכאשר הוא פורץ דבר שהוא לשמירה ולקיום אין לו קיום. ולכך כתיב ישכנו נחש, כי הנחש הביא מתה לעולם והנחש מוכן אל זה ביותר כמו שהביא מיתה אל העולם. וזה שהוא פורץ הגדר שהוא לשמירה ולקיום, ראוי בעצמו אל המיתה להיות בטל לגמרי מן העולם. לכך לענין המיתה שהוא בטל מן העולם בזה גזירת חכמים חמורים, אבל לענין העונש בעולם הבא לא איירי, דודאי דבר שהוא מן התורה יותר חמור. לכך יש לתמוה שלא יהיו נזהרים מן העונש הגדול הזה: ", 
            "links": [], 
            "text": ""
        }, 
        {
            "segmentNumber": "13", 
            "he": "השני, שהיה להם לראות השכר טוב שיש לו בקיום מצות שגזרו חכמים. ובגמרא במסכת עירובין בפרק עושין פסין: (כא, ב) חדשים גם ישנים דודי צפנתי לך (שה\"ש ז, יד) אמרה כנסת ישראל לפני הקדוש ברוך הוא, רבונו של עולם, הרבה גזירות גזרתי על עצמי יותר ממה שגזרת עלי וקיימתים. וביאור ענין זה, כי ישראל אומרים שיש להם מעלה עליונה כאשר הם שומרים מצות שגזרו חכמים. כי המצות התורה גזר עליהם הקב\"ה עד שהם מוכרחים לקיימם, ואף על גב שאמרו (שמות כד, ז) נעשה ונשמע והקדימו נעשה לנשמע, סוף סוף הם גזירה מן השם יתברך. והדבר שהוא גזירה אינו כמו דבר שהוא עושה מעצמו, שדבר זה מורה על שעושה המצוה מאהבה, והוא כמו האוהב שחפץ לעבד אל אחד בשביל אהבתו אותו. אבל העובד מיראה די שיקיים מה שיגזר עליו, אבל אינו מבקש ואינו חפץ שיגזר עליו המצות. לכך המצות שגזרו ישראל על עצמם, והם אותם שהם מדברי סופרים, מורים על ישראל שהם אוהבי השם יתברך. וזה שאמר (שה\"ש ז, יד) חדשים גם ישנים דודי צפנתי לך, הנה הקדים חדשים שהם גזירות ומצות דרבנן, קודם לישנים שהם מצות התורה, וזה מורה כי מצות דרבנן הם מאהבה. לכן אמר דודי צפנתי לך, כי לשון דודי הוא בא בכל מקום על האהבה, כדכתיב (שה\"ש א, ב) כי טובים דודיך מיין, שם אתן את דודי לך (שם ז, יג), לך נרוה דודים עד הבקר (משלי ז, יח). ולכן אמר דודי צפנתי לך, כלומר, כי מצות אלו שהם גזירות דרבנן מורים על האהבה כיון שקבלו הגזירות מעצמם. ואמר צפנתי לך, כי לעתיד כאשר יבא השם יתברך לשלם שכר טוב לצדיקים לצדיקים, צפנתי אלו מצות לקבל שכר עליהם, כי בשבילם יהיה להם רב טוב הצפון שהשם יתברך נותן לאוהביו ולשומרי מצותיו. וזהו ענין השני שראוי להפלא, שלא יהיו רואים אחריתם שהוא לטוב להם כל הימים אשר הם חיים על האדמה: ", 
            "links": [], 
            "text": ""
        }, 
        {
            "segmentNumber": "14", 
            "he": "השלישי, שיש לתמוה מאד על יודעי התורה שהם הגבולה, כי אל עמל וכעס יביטו ורואים בעיניהם החלול הגדול הזה, ואין מקיימין הכתוב שאמר: (משלי כח, ד) עזבי תורה יהללו רשע ושמרי תורה יתגרו בם. ואיך יהיו נקראים בשם רבנים אשר אתם התורה, ויראו לפניהם בני אדם רבים נקבצים לסעודת מצות ולסעודת מריעות והם פורצים ועוברים איסור זה, ואינם חסים על כבוד התורה וכבוד חכמים ואין מוכיחין בני אדם אלו, כי איך יהיו עוברים מצות תוכחה: ובערכין: (טז, ב) עד היכן תוכחה. רב אמר עד הכאה, ושמואל אמר עד קללה ורבי יוחנן אמר עד נזיפה. כתנאי, רבי אליעזר אומר, עד הכאה. רבי יהושע אומר, עד קללה. בן עזאי אומר עד נזיפה. אמר רב נחמן בר יצחק, ושלשתן מקרא אחד דרשו: ", 
            "links": [], 
            "text": ""
        }, 
        {
            "segmentNumber": "15", 
            "he": "ויחר אף שאול ביהונתן ויאמר לו בן נעות המרדות (שמואל א, כ, ל), וכתיב (שם כ, לג), ויטל שאול את החנית עליו להכותו. למאן דאמר עד הכאה, דכתיב להכותו. ולמאן דאמר עד קללה, דכתיב (שם כ, ל) לבשתך ולבשת ערות אמך. ולמאן דאמר עד נזיפה, דכתיב ויחר אף שאול. עד כאן: ", 
            "links": [], 
            "text": ""
        }, 
        {
            "segmentNumber": "16", 
            "he": "וביאור זה, כי אם מוכיח אותו בדברים ואין משגיח בזה, אינו יוצא בזה מידי תוכחה עד שיקבל אותו. כי התוכחה שהוא דבר קשה וצריך שתהיה פועל בו התוכחה, ואם אין התוכחה פועל באדם אין זה נקרא תוכחה כלל, כי לגודל התוכחה צריכה שתהיה פועלת בו. ולמאן דאמר עד הכאה, כלומר שהגוף הגשמי מן האדם מקבל התוכחה וזהו על ידי הכאה, והגוף של החוטא מקבל ההכאה. ולמאן דאמר עד קללה, סבירא ליה שאין צריך כל כך שיהיה הגוף הגשמי מקבל התוכחה, רק די בזה שמקבל הנפש התוכחה, וזהו על ידי קללה. כי אין הקללה מגיע לגוף הגשמי, רק אל הנפש שהוא מקבל הקללה. ולמאן דאמר עד נזיפה, רצה לומר כי די לצלם אדם שהיה מקבל התוכחה כאשר מבייש אותו, וכך הוא התוכחה שיהיה מבייש את החוטא. ואלו שלשה דברים, שהם הגוף והנפש וצלם האדם שהוא מקבל הבושה דהיינו נזיפה, הם שלשה חלקים שהם באדם. ומכל מקום לדברי כולם, אין האדם יוצא מן מצות תוכחה מה שחייב לעשות רק על ידי דברים אלו. ואלו הם נקראים בשם רב וחבר. והם חבירים ומתחברים לאיש משחית ומקצץ דברי חכמים אשר הם נטועים כדרבונות וכמסמרות. אמנם אותם שהם עצמם הם העוברים אלו אין לדבר מהם ומעונשם, כי מעדת ירבעם הם שחטא והחטיא את הרבים, וחטא הרבים תלוי בם, כן אלו האנשים. וכי אפשר לספר ולהזכיר עונשם של בני אדם אלו, ולכך אין לדבר מהם. ומה שנקרא בשם רב, כי אין זה רק שעושים שמות וחורבן בעולם: ", 
            "links": [], 
            "text": ""
        }, 
        {
            "segmentNumber": "17", 
            "he": "התמיה הרביעית, היא על אותם שהם בעלי שם באמת ויש להם יד והכח למחות כאלו שאמרנו, והמה חכמים מחוכמים, והם נותנים גדר ואזהרה לעצמם, ומרחיקים אותם להיות נזהרים מיינם ומייחדים להם שלוחים נאמנים, וגודרים עצמם שלא יהיו נכשלים. ויש בהם כח למחות בגזירתם, ובחרמות להטיל עליהם. והיה מורא בשר ודם עליהם, שנחשב להם יותר מיראת שמים. וכי אין חוששים לדברי חכמים מה שאמרו במסכת שבת בפרק במה בהמה: (נד, ב) כל מי שאפשר למחות לאנשי ביתו ולא מיחה נתפס על אנשי ביתו, באנשי עירו נתפס על אנשי עירו, בכל העולם כולו נתפס על כל העולם כולו. ויותר מזה, שאם אחד בא למחות יאמרו אין אנו שומעין לך, כי מאחר שאלו המדינות ישימו יד לפה גם אתם תשים יד לפה. ובשביל כך נאלמתי החשיתי מן התוכחה, שהוא המביא הטוב והברכה והחיים על כל ישראל. ואותם בני אדם ששתו כוס החימה הזה והיו בתוך הקללה, אם הם חוזרים מדרכיהם ויהיו פורשים עצמם מן האיסור הזה, אין ספק כי יהיו נמשכים אחריו שאר פורצים ויהיו בכלל המזכים את את הרבים, ואשרי להם וחלקם עם הצדיקים. ומפני כי חנוכה ופורים הם מוכנים ביותר לקלקלה הזאת מפני שהם שותים ומשתכרים ביין המקולקל הזה, ועל זה נאמר (משלי טו, כג) ודבר בעתו מה טוב. והוא יתברך ברחמיו וברוב חסדיו ישלים חסרונינו על ידי משיח צדקינו: ", 
            "links": [], 
            "text": ""
        }, 
        {
            "segmentNumber": "18", 
            "he": "ובמאמר הזה שזכרנו שזכרו עולם הזה, וכן זכרו העולם אשר אחר המיתה, ועולם התחיה, ועולם הבא, ולא זכרו ימות המשיח ודבר זה מפני דקיימא לן כשמואל דאמר (שבת קנא, ב) אין בין העולם הזה לימות המשיח אלא שיעבוד מלכיות בלבד. לכך בזה שהזכיר עולם הזה, בזה גם כן ימות המשיח כי אין בין עולם הזה לימות המשיח. לכך אין זמן מיוחד לימות המשיח, ואין לימות המשיח זמן מוגבל כלל, וכמו שאמר: ", 
            "links": [], 
            "text": ""
        }, 
        {
            "segmentNumber": "19", 
            "he": "(סנהדרין צח, א) היום אתינא, אם בקולו תשמעו היום. לכן יסיר השם יתברך לב האבן מקרבינו, ויתן תורתו ויראתו בלבנו, וישלח לנו משיח צדקנו, אמן, וכן יהי רצון במהרה בימינו. תם נשלם תהלה לאל עולם \n", 
            "links": [], 
            "text": ""
        }
    ], 
    "book": "Ner Mitzvah", 
    "prev": "Ner Mitzvah, Hanuka lights after Havdala", 
    "textDepth": 1, 
    "sectionNames": [
        "Paragraph"
    ], 
    "sections": [], 
    "isComplex": true, 
    "titleVariants": [
        "The reward for fulfilling the lighting in full"
    ], 
    "categories": [
        "Philosophy"
    ], 
    "ref": "Ner Mitzvah, The reward for fulfilling the lighting in full", 
    "type": "Philosophy", 
    "addressTypes": [
        "Integer"
    ], 
    "indexTitle": "Ner Mitzvah", 
    "heIndexTitle": "נר מצוה", 
    "alts": [], 
    "order": ""
}