{
    "content": [
        {
            "segmentNumber": "1", 
            "links": [
                {
                    "category": "Tanakh", 
                    "index_title": "Exodus", 
                    "sourceHeRef": "שמות כ״ב:י״ד", 
                    "sourceRef": "Exodus 22:14"
                }, 
                {
                    "category": "Commentary", 
                    "index_title": "Rashi on Bava Metzia", 
                    "sourceHeRef": "רש\"י על בבא מציעא צ״ו א:א׳:א׳", 
                    "sourceRef": "Rashi on Bava Metzia 96a:1:1"
                }, 
                {
                    "category": "Commentary", 
                    "index_title": "Rashi on Bava Metzia", 
                    "sourceHeRef": "רש\"י על בבא מציעא צ״ו א:א׳:ב׳", 
                    "sourceRef": "Rashi on Bava Metzia 96a:1:2"
                }
            ], 
            "he": "רבא סבר לה כרבי יונתן ומתרץ לקראי כרבי יונתן דתני' (שמות כב, יד) אם בעליו עמו לא ישלם"
        }, 
        {
            "segmentNumber": "2", 
            "he": "משמע דאיתיה בתרוייהו ומשמע נמי דכי איתיה בחדא וליתיה בחדא פטור"
        }, 
        {
            "segmentNumber": "3", 
            "he": "וכתיב בעליו אין עמו שלם ישלם משמע דליתיה בתרוייהו משמע נמי דכי איתיה בחדא וליתיה בחדא חייב"
        }, 
        {
            "segmentNumber": "4", 
            "he": "לומר לך"
        }, 
        {
            "segmentNumber": "5", 
            "he": "היה עמו בשעת שאלה אין צריך להיות עמו בשעת שבורה ומתה היה עמו בשעת שבורה ומתה צריך להיות עמו בשעת שאלה"
        }, 
        {
            "segmentNumber": "6", 
            "links": [
                {
                    "category": "Commentary", 
                    "index_title": "Rashi on Bava Metzia", 
                    "sourceHeRef": "רש\"י על בבא מציעא צ״ו א:ו׳:א׳", 
                    "sourceRef": "Rashi on Bava Metzia 96a:6:1"
                }
            ], 
            "he": "איפוך אנא"
        }, 
        {
            "segmentNumber": "7", 
            "he": "מסתברא שאלה עדיפא משום דקא מייתי לה לרשותיה"
        }, 
        {
            "segmentNumber": "8", 
            "links": [
                {
                    "category": "Commentary", 
                    "index_title": "Rashi on Bava Metzia", 
                    "sourceHeRef": "רש\"י על בבא מציעא צ״ו א:ח׳:א׳", 
                    "sourceRef": "Rashi on Bava Metzia 96a:8:1"
                }
            ], 
            "he": "אדרבה שבורה ומתה עדיפא שכן חייב באונסי'"
        }, 
        {
            "segmentNumber": "9", 
            "he": "אי לא שאלה שבורה ומתה מאי עביד"
        }, 
        {
            "segmentNumber": "10", 
            "links": [
                {
                    "category": "Commentary", 
                    "index_title": "Rashi on Bava Metzia", 
                    "sourceHeRef": "רש\"י על בבא מציעא צ״ו א:י׳:א׳", 
                    "sourceRef": "Rashi on Bava Metzia 96a:10:1"
                }
            ], 
            "he": "ואי לאו שבורה ומתה שאלה מאי עביד אפילו הכי שאלה עדיפא שכן חייב במזונותיה"
        }, 
        {
            "segmentNumber": "11", 
            "links": [
                {
                    "category": "Commentary", 
                    "index_title": "Rashi on Bava Metzia", 
                    "sourceHeRef": "רש\"י על בבא מציעא צ״ו א:י״א:א׳", 
                    "sourceRef": "Rashi on Bava Metzia 96a:11:1"
                }
            ], 
            "he": "רב אשי אמר"
        }, 
        {
            "segmentNumber": "12", 
            "links": [
                {
                    "category": "Tanakh", 
                    "index_title": "Exodus", 
                    "sourceHeRef": "שמות כ״ב:י״ג", 
                    "sourceRef": "Exodus 22:13"
                }
            ], 
            "he": "קרא (שמות כב, יג) וכי ישאל איש מעם רעהו ולא רעהו עמו שלם ישלם הא רעהו עמו פטור"
        }, 
        {
            "segmentNumber": "13", 
            "he": "אי הכי בעליו אין עמו ואם בעליו עמו למה לי"
        }, 
        {
            "segmentNumber": "14", 
            "links": [
                {
                    "category": "Commentary", 
                    "index_title": "Rashi on Bava Metzia", 
                    "sourceHeRef": "רש\"י על בבא מציעא צ״ו א:י״ד:א׳", 
                    "sourceRef": "Rashi on Bava Metzia 96a:14:1"
                }
            ], 
            "he": "אי לאו הנך הוה אמינא"
        }, 
        {
            "segmentNumber": "15", 
            "he": "האי אורחיה דקרא הוא"
        }, 
        {
            "segmentNumber": "16", 
            "he": "בעי רמי בר חמא"
        }, 
        {
            "segmentNumber": "17", 
            "links": [
                {
                    "category": "Commentary", 
                    "index_title": "Rashi on Bava Metzia", 
                    "sourceHeRef": "רש\"י על בבא מציעא צ״ו א:י״ז:א׳", 
                    "sourceRef": "Rashi on Bava Metzia 96a:17:1"
                }, 
                {
                    "category": "Commentary", 
                    "index_title": "Rashi on Bava Metzia", 
                    "sourceHeRef": "רש\"י על בבא מציעא צ״ו א:י״ז:ב׳", 
                    "sourceRef": "Rashi on Bava Metzia 96a:17:2"
                }, 
                {
                    "category": "Commentary", 
                    "index_title": "Shita Mekubetzet on Bava Metzia", 
                    "sourceHeRef": "שיטה מקובצת על בבא מציעא צ״ו א:א׳", 
                    "sourceRef": "Shita Mekubetzet on Bava Metzia 96a:1"
                }
            ], 
            "he": "שאלה לרבעה מהו"
        }, 
        {
            "segmentNumber": "18", 
            "he": "כדשיילי אינשי בעינן ולהכי לא שיילי אינשי או דלמא"
        }, 
        {
            "segmentNumber": "19", 
            "he": "טעמא מאי משום הנאה והאי נמי הא אית ליה הנאה"
        }, 
        {
            "segmentNumber": "20", 
            "links": [
                {
                    "category": "Commentary", 
                    "index_title": "Rashi on Bava Metzia", 
                    "sourceHeRef": "רש\"י על בבא מציעא צ״ו א:כ׳:א׳", 
                    "sourceRef": "Rashi on Bava Metzia 96a:20:1"
                }
            ], 
            "he": "שאלה ליראות בה מהו"
        }, 
        {
            "segmentNumber": "21", 
            "links": [
                {
                    "category": "Commentary", 
                    "index_title": "Tosafot on Bava Metzia", 
                    "sourceHeRef": "תוספות על בבא מציעא צ״ו א:כ״א:א׳", 
                    "sourceRef": "Tosafot on Bava Metzia 96a:21:1"
                }, 
                {
                    "category": "Commentary", 
                    "index_title": "Tosafot on Bava Metzia", 
                    "sourceHeRef": "תוספות על בבא מציעא צ״ו א:כ״א:ב׳", 
                    "sourceRef": "Tosafot on Bava Metzia 96a:21:2"
                }, 
                {
                    "category": "Commentary", 
                    "index_title": "Rashi on Bava Metzia", 
                    "sourceHeRef": "רש\"י על בבא מציעא צ״ו א:כ״א:א׳", 
                    "sourceRef": "Rashi on Bava Metzia 96a:21:1"
                }
            ], 
            "he": "ממונא בעינן והאיכא או דלמא ממונא דאית ליה הנאה מיניה בעינן וליכא"
        }, 
        {
            "segmentNumber": "22", 
            "he": "שאלה לעשות בה פחות מפרוטה מהו"
        }, 
        {
            "segmentNumber": "23", 
            "he": "ממונא בעינן ואיכא או דלמא כל פחות מפרוטה לא כלום היא"
        }, 
        {
            "segmentNumber": "24", 
            "links": [
                {
                    "category": "Commentary", 
                    "index_title": "Rashi on Bava Metzia", 
                    "sourceHeRef": "רש\"י על בבא מציעא צ״ו א:כ״ד:א׳", 
                    "sourceRef": "Rashi on Bava Metzia 96a:24:1"
                }
            ], 
            "he": "שאל שתי פרות לעשות בהן פרוטה מהו"
        }, 
        {
            "segmentNumber": "25", 
            "links": [
                {
                    "category": "Commentary", 
                    "index_title": "Shita Mekubetzet on Bava Metzia", 
                    "sourceHeRef": "שיטה מקובצת על בבא מציעא צ״ו א:י״ג", 
                    "sourceRef": "Shita Mekubetzet on Bava Metzia 96a:13"
                }
            ], 
            "he": "מי אמרינן"
        }, 
        {
            "segmentNumber": "26", 
            "he": "זיל בתר שואל ומשאיל ואיכא או דלמא"
        }, 
        {
            "segmentNumber": "27", 
            "he": "זיל בתר פרות וכל חדא וחדא ליכא ממונא"
        }, 
        {
            "segmentNumber": "28", 
            "links": [
                {
                    "category": "Commentary", 
                    "index_title": "Tosafot on Bava Metzia", 
                    "sourceHeRef": "תוספות על בבא מציעא צ״ו א:כ״ח:א׳", 
                    "sourceRef": "Tosafot on Bava Metzia 96a:28:1"
                }, 
                {
                    "category": "Commentary", 
                    "index_title": "Rashi on Bava Metzia", 
                    "sourceHeRef": "רש\"י על בבא מציעא צ״ו א:כ״ח:א׳", 
                    "sourceRef": "Rashi on Bava Metzia 96a:28:1"
                }
            ], 
            "he": "שאל משותפין ונשאל לו אחד מהן מהו"
        }, 
        {
            "segmentNumber": "29", 
            "he": "כולו בעליו בעינן והא ליכא או דלמא"
        }, 
        {
            "segmentNumber": "30", 
            "he": "מההוא פלגא דידיה מיהא מיפטר"
        }, 
        {
            "segmentNumber": "31", 
            "links": [
                {
                    "category": "Commentary", 
                    "index_title": "Rashi on Bava Metzia", 
                    "sourceHeRef": "רש\"י על בבא מציעא צ״ו א:ל״א:א׳", 
                    "sourceRef": "Rashi on Bava Metzia 96a:31:1"
                }, 
                {
                    "category": "Commentary", 
                    "index_title": "Rashi on Bava Metzia", 
                    "sourceHeRef": "רש\"י על בבא מציעא צ״ו א:ל״א:ב׳", 
                    "sourceRef": "Rashi on Bava Metzia 96a:31:2"
                }, 
                {
                    "category": "Commentary", 
                    "index_title": "Rashi on Bava Metzia", 
                    "sourceHeRef": "רש\"י על בבא מציעא צ״ו א:ל״א:ג׳", 
                    "sourceRef": "Rashi on Bava Metzia 96a:31:3"
                }, 
                {
                    "category": "Commentary", 
                    "index_title": "Shita Mekubetzet on Bava Metzia", 
                    "sourceHeRef": "שיטה מקובצת על בבא מציעא צ״ו א:ג׳", 
                    "sourceRef": "Shita Mekubetzet on Bava Metzia 96a:3"
                }
            ], 
            "he": "שותפין ששאלו ונשאל לאחד מהן מהו"
        }, 
        {
            "segmentNumber": "32", 
            "links": [
                {
                    "category": "Commentary", 
                    "index_title": "Rashi on Bava Metzia", 
                    "sourceHeRef": "רש\"י על בבא מציעא צ״ו א:ל״ב:א׳", 
                    "sourceRef": "Rashi on Bava Metzia 96a:32:1"
                }
            ], 
            "he": "כולו שואל בעינן וליכא או דלמא בההיא פלגא דשיילי מיהת מיפטר"
        }, 
        {
            "segmentNumber": "33", 
            "links": [
                {
                    "category": "Commentary", 
                    "index_title": "Tosafot on Bava Metzia", 
                    "sourceHeRef": "תוספות על בבא מציעא צ״ו א:ל״ג:א׳", 
                    "sourceRef": "Tosafot on Bava Metzia 96a:33:1"
                }, 
                {
                    "category": "Commentary", 
                    "index_title": "Rashi on Bava Metzia", 
                    "sourceHeRef": "רש\"י על בבא מציעא צ״ו א:ל״ג:א׳", 
                    "sourceRef": "Rashi on Bava Metzia 96a:33:1"
                }, 
                {
                    "category": "Commentary", 
                    "index_title": "Rashi on Bava Metzia", 
                    "sourceHeRef": "רש\"י על בבא מציעא צ״ו א:ל״ג:ב׳", 
                    "sourceRef": "Rashi on Bava Metzia 96a:33:2"
                }, 
                {
                    "category": "Commentary", 
                    "index_title": "Rashi on Bava Metzia", 
                    "sourceHeRef": "רש\"י על בבא מציעא צ״ו א:ל״ג:ג׳", 
                    "sourceRef": "Rashi on Bava Metzia 96a:33:3"
                }, 
                {
                    "category": "Commentary", 
                    "index_title": "Shita Mekubetzet on Bava Metzia", 
                    "sourceHeRef": "שיטה מקובצת על בבא מציעא צ״ו א:ז׳", 
                    "sourceRef": "Shita Mekubetzet on Bava Metzia 96a:7"
                }
            ], 
            "he": "שאל מהאשה ונשאל בעלה אשה ששאלה ונשאל לבעל מהו"
        }, 
        {
            "segmentNumber": "34", 
            "links": [
                {
                    "category": "Commentary", 
                    "index_title": "Rashi on Bava Metzia", 
                    "sourceHeRef": "רש\"י על בבא מציעא צ״ו א:ל״ד:א׳", 
                    "sourceRef": "Rashi on Bava Metzia 96a:34:1"
                }
            ], 
            "he": "קנין פירות כקנין גוף דמי או לא"
        }, 
        {
            "segmentNumber": "35", 
            "he": "אמר ליה רבינא לרב אשי"
        }, 
        {
            "segmentNumber": "36", 
            "links": [
                {
                    "category": "Commentary", 
                    "index_title": "Rashi on Bava Metzia", 
                    "sourceHeRef": "רש\"י על בבא מציעא צ״ו א:ל״ו:א׳", 
                    "sourceRef": "Rashi on Bava Metzia 96a:36:1"
                }
            ], 
            "he": "האומר לשלוחו צא והשאל לי עם פרתי מהו"
        }, 
        {
            "segmentNumber": "37", 
            "he": "בעליו ממש בעינא וליכא או דלמא"
        }, 
        {
            "segmentNumber": "38", 
            "he": "שלוחו של אדם כמותו ואיכא"
        }, 
        {
            "segmentNumber": "39", 
            "he": "א\"ל רב אחא בריה דרב אויא לרב אשי"
        }, 
        {
            "segmentNumber": "40", 
            "links": [
                {
                    "category": "Commentary", 
                    "index_title": "Tosafot on Bava Metzia", 
                    "sourceHeRef": "תוספות על בבא מציעא צ״ו א:מ׳:א׳", 
                    "sourceRef": "Tosafot on Bava Metzia 96a:40:1"
                }
            ], 
            "he": "בעל פלוגתא דר' יוחנן ור\"ל שליח פלוגתא דר' יונתן ור' יאשיה בעל פלוגתא דר' יוחנן ור\"ל"
        }, 
        {
            "segmentNumber": "41", 
            "he": "דאיתמר"
        }, 
        {
            "segmentNumber": "42", 
            "links": [
                {
                    "category": "Commentary", 
                    "index_title": "Rashi on Bava Metzia", 
                    "sourceHeRef": "רש\"י על בבא מציעא צ״ו א:מ״ב:א׳", 
                    "sourceRef": "Rashi on Bava Metzia 96a:42:1"
                }
            ], 
            "he": "המוכר שדהו לחבירו לפירות ר' יוחנן אומר"
        }, 
        {
            "segmentNumber": "43", 
            "he": "מביא וקורא ריש לקיש אומר"
        }, 
        {
            "segmentNumber": "44", 
            "he": "מביא ואינו קורא"
        }, 
        {
            "segmentNumber": "45", 
            "he": "ר' יוחנן אומר"
        }, 
        {
            "segmentNumber": "46", 
            "he": "מביא וקורא קנין פירות כקנין הגוף דמי"
        }, 
        {
            "segmentNumber": "47", 
            "he": "וריש לקיש אומר"
        }, 
        {
            "segmentNumber": "48", 
            "he": "מביא ואינו קורא קנין פירות לאו כקנין הגוף דמי"
        }, 
        {
            "segmentNumber": "49", 
            "links": [
                {
                    "category": "Commentary", 
                    "index_title": "Tosafot on Bava Metzia", 
                    "sourceHeRef": "תוספות על בבא מציעא צ״ו א:מ״ט:א׳", 
                    "sourceRef": "Tosafot on Bava Metzia 96a:49:1"
                }
            ], 
            "he": "שליח פלוגתא דר' יונתן ור' יאשיה"
        }, 
        {
            "segmentNumber": "50", 
            "he": "דתניא"
        }, 
        {
            "segmentNumber": "51", 
            "links": [
                {
                    "category": "Commentary", 
                    "index_title": "Rashi on Bava Metzia", 
                    "sourceHeRef": "רש\"י על בבא מציעא צ״ו א:נ״א:א׳", 
                    "sourceRef": "Rashi on Bava Metzia 96a:51:1"
                }
            ], 
            "he": "האומר לאפוטרופוס"
        }, 
        {
            "segmentNumber": "52", 
            "links": [
                {
                    "category": "Tanakh", 
                    "index_title": "Numbers", 
                    "sourceHeRef": "במדבר ל׳:י״ד", 
                    "sourceRef": "Numbers 30:14"
                }
            ], 
            "he": "כל נדרים שתהא אשתי נודרת מכאן עד שאבא ממקום פלוני הפר לה והפיר לה יכול יהו מופרין ת\"ל (במדבר ל, יד) אישה יקימנו ואישה יפרנו דברי ר' יאשיה"
        }, 
        {
            "segmentNumber": "53", 
            "he": "ר' יונתן אומר"
        }, 
        {
            "segmentNumber": "54", 
            "he": "מצינו בכל מקום ששלוחו של אדם כמותו"
        }, 
        {
            "segmentNumber": "55", 
            "he": "א\"ל רב עיליש לרבא"
        }, 
        {
            "segmentNumber": "56", 
            "he": "האומר לעבדו צא והשאל עם פרתי מהו"
        }, 
        {
            "segmentNumber": "57", 
            "he": "תיבעי למ\"ד שלוחו של אדם כמותו תיבעי למאן דאמר שלוחו של אדם אינו כמותו"
        }, 
        {
            "segmentNumber": "58", 
            "links": [
                {
                    "category": "Commentary", 
                    "index_title": "Rashi on Bava Metzia", 
                    "sourceHeRef": "רש\"י על בבא מציעא צ״ו א:נ״ח:א׳", 
                    "sourceRef": "Rashi on Bava Metzia 96a:58:1"
                }
            ], 
            "he": "תיבעי למ\"ד שלוחו של אדם כמותו הני מילי שליח דבר מצוה הוא אבל עבד דלאו בר מצוה לא או דלמא"
        }, 
        {
            "segmentNumber": "59", 
            "he": "אפי' למ\"ד אין שלוחו של אדם כמותו ה\"מ שליח אבל עבד יד עבד כיד רבו דמיא"
        }, 
        {
            "segmentNumber": "60", 
            "links": [
                {
                    "category": "Commentary", 
                    "index_title": "Rosh on Bava Metzia", 
                    "sourceHeRef": " פסקי הראש על בבא מציעא ח׳:ב׳:א׳", 
                    "sourceRef": "Rosh on Bava Metzia 8:2:1"
                }
            ], 
            "he": "אמר ליה"
        }, 
        {
            "segmentNumber": "61", 
            "he": "מסתברא יד עבד כיד רבו דמיא"
        }, 
        {
            "segmentNumber": "62", 
            "he": "בעי רמי בר חמא"
        }, 
        {
            "segmentNumber": "63", 
            "he": "בעל בנכסי אשתו"
        }
    ], 
    "heTitle": "בבא מציעא צ״ו א", 
    "indexTitle": "Bava Metzia", 
    "sectionRef": "Bava Metzia 96a", 
    "prev": "Bava Metzia 95b", 
    "ref": "Bava Metzia 96a", 
    "heRef": "בבא מציעא צ״ו א", 
    "next": "Bava Metzia 96b"
}