{
    "content": [
        {
            "segmentNumber": "1", 
            "links": [
                {
                    "category": "Commentary", 
                    "index_title": "Rashi on Bava Metzia", 
                    "sourceHeRef": "רש\"י על בבא מציעא י״א א:א׳:א׳", 
                    "sourceRef": "Rashi on Bava Metzia 11a:1:1"
                }, 
                {
                    "category": "Commentary", 
                    "index_title": "Rashi on Bava Metzia", 
                    "sourceHeRef": "רש\"י על בבא מציעא י״א א:א׳:ב׳", 
                    "sourceRef": "Rashi on Bava Metzia 11a:1:2"
                }, 
                {
                    "category": "Commentary", 
                    "index_title": "Tosafot on Bava Metzia", 
                    "sourceHeRef": "תוספות על בבא מציעא י״א א:א׳:א׳", 
                    "sourceRef": "Tosafot on Bava Metzia 11a:1:1"
                }
            ], 
            "he": "ילפינן מציאה מגט ומר סבר"
        }, 
        {
            "segmentNumber": "2", 
            "he": "לא ילפינן מציאה מגט"
        }, 
        {
            "segmentNumber": "3", 
            "he": "ואיבעית אימא"
        }, 
        {
            "segmentNumber": "4", 
            "links": [
                {
                    "category": "Commentary", 
                    "index_title": "Rashi on Bava Metzia", 
                    "sourceHeRef": "רש\"י על בבא מציעא י״א א:ד׳:א׳", 
                    "sourceRef": "Rashi on Bava Metzia 11a:4:1"
                }
            ], 
            "he": "בקטנה כולי עלמא לא פליגי דילפינן מציאה מגט והכא בקטן קא מיפלגי"
        }, 
        {
            "segmentNumber": "5", 
            "he": "מר סבר"
        }, 
        {
            "segmentNumber": "6", 
            "he": "ילפינן קטן מקטנה ומר סבר"
        }, 
        {
            "segmentNumber": "7", 
            "he": "לא ילפינן קטן מקטנה"
        }, 
        {
            "segmentNumber": "8", 
            "he": "ואיבעית אימא"
        }, 
        {
            "segmentNumber": "9", 
            "links": [
                {
                    "category": "Commentary", 
                    "index_title": "Rashi on Bava Metzia", 
                    "sourceHeRef": "רש\"י על בבא מציעא י״א א:ט׳:א׳", 
                    "sourceRef": "Rashi on Bava Metzia 11a:9:1"
                }
            ], 
            "he": "מר אמר חדא ומר אמר חדא ולא פליגי:"
        }, 
        {
            "segmentNumber": "10", 
            "links": [
                {
                    "category": "Commentary", 
                    "index_title": "Rosh on Bava Metzia", 
                    "sourceHeRef": " פסקי הראש על בבא מציעא א׳:ל׳:א׳", 
                    "sourceRef": "Rosh on Bava Metzia 1:30:1"
                }, 
                {
                    "category": "Commentary", 
                    "index_title": "Rashi on Bava Metzia", 
                    "sourceHeRef": "רש\"י על בבא מציעא י״א א:י׳:א׳", 
                    "sourceRef": "Rashi on Bava Metzia 11a:10:1"
                }
            ], 
            "he": "<big><strong>מתני׳</strong></big> ראה אותן רצין אחר מציאה אחר צבי שבור אחר גוזלות שלא פרחו ואמר"
        }, 
        {
            "segmentNumber": "11", 
            "links": [
                {
                    "category": "Commentary", 
                    "index_title": "Tosafot on Bava Metzia", 
                    "sourceHeRef": "תוספות על בבא מציעא י״א א:י״א:א׳", 
                    "sourceRef": "Tosafot on Bava Metzia 11a:11:1"
                }, 
                {
                    "category": "Commentary", 
                    "index_title": "Rashba on Bava Metzia", 
                    "sourceHeRef": "רשב״א על בבא מציעא י״א א:א׳", 
                    "sourceRef": "Rashba on Bava Metzia 11a:1"
                }, 
                {
                    "category": "Commentary", 
                    "index_title": "Maharam Shif on Bava Metzia", 
                    "sourceHeRef": "מהר\"ם שיף על בבא מציעא י״א א:ג׳", 
                    "sourceRef": "Maharam Shif on Bava Metzia 11a:3"
                }, 
                {
                    "category": "Commentary", 
                    "index_title": "Shita Mekubetzet on Bava Metzia", 
                    "sourceHeRef": "שיטה מקובצת על בבא מציעא י״א א:ה׳", 
                    "sourceRef": "Shita Mekubetzet on Bava Metzia 11a:5"
                }
            ], 
            "he": "זכתה לי שדי זכתה לו"
        }, 
        {
            "segmentNumber": "12", 
            "links": [
                {
                    "category": "Commentary", 
                    "index_title": "Tosafot on Bava Metzia", 
                    "sourceHeRef": "תוספות על בבא מציעא י״א א:י״ב:א׳", 
                    "sourceRef": "Tosafot on Bava Metzia 11a:12:1"
                }, 
                {
                    "category": "Commentary", 
                    "index_title": "Shita Mekubetzet on Bava Metzia", 
                    "sourceHeRef": "שיטה מקובצת על בבא מציעא י״א א:ח׳", 
                    "sourceRef": "Shita Mekubetzet on Bava Metzia 11a:8"
                }
            ], 
            "he": "היה צבי רץ כדרכו או שהיו גוזלות מפריחין ואמר זכתה לי שדי לא אמר כלום:"
        }, 
        {
            "segmentNumber": "13", 
            "he": "<big><strong>גמ׳</strong></big> אמר רב יהודה אמר שמואל"
        }, 
        {
            "segmentNumber": "14", 
            "links": [
                {
                    "category": "Commentary", 
                    "index_title": "Shita Mekubetzet on Bava Metzia", 
                    "sourceHeRef": "שיטה מקובצת על בבא מציעא י״א א:י׳", 
                    "sourceRef": "Shita Mekubetzet on Bava Metzia 11a:10"
                }
            ], 
            "he": "והוא שעומד בצד שדהו"
        }, 
        {
            "segmentNumber": "15", 
            "links": [
                {
                    "category": "Commentary", 
                    "index_title": "Shita Mekubetzet on Bava Metzia", 
                    "sourceHeRef": "שיטה מקובצת על בבא מציעא י״א א:י״א", 
                    "sourceRef": "Shita Mekubetzet on Bava Metzia 11a:11"
                }
            ], 
            "he": "ותקני ליה שדהו דאמר ר' יוסי בר' חנינא"
        }, 
        {
            "segmentNumber": "16", 
            "he": "חצרו של אדם קונה לו שלא מדעתו"
        }, 
        {
            "segmentNumber": "17", 
            "links": [
                {
                    "category": "Commentary", 
                    "index_title": "Tosafot on Bava Metzia", 
                    "sourceHeRef": "תוספות על בבא מציעא י״א א:י״ז:א׳", 
                    "sourceRef": "Tosafot on Bava Metzia 11a:17:1"
                }, 
                {
                    "category": "Commentary", 
                    "index_title": "Rashi on Bava Metzia", 
                    "sourceHeRef": "רש\"י על בבא מציעא י״א א:י״ז:א׳", 
                    "sourceRef": "Rashi on Bava Metzia 11a:17:1"
                }, 
                {
                    "category": "Commentary", 
                    "index_title": "Maharam Shif on Bava Metzia", 
                    "sourceHeRef": "מהר\"ם שיף על בבא מציעא י״א א:ד׳", 
                    "sourceRef": "Maharam Shif on Bava Metzia 11a:4"
                }, 
                {
                    "category": "Commentary", 
                    "index_title": "Maharam Shif on Bava Metzia", 
                    "sourceHeRef": "מהר\"ם שיף על בבא מציעא י״א א:ה׳", 
                    "sourceRef": "Maharam Shif on Bava Metzia 11a:5"
                }, 
                {
                    "category": "Commentary", 
                    "index_title": "Shita Mekubetzet on Bava Metzia", 
                    "sourceHeRef": "שיטה מקובצת על בבא מציעא י״א א:י״ד", 
                    "sourceRef": "Shita Mekubetzet on Bava Metzia 11a:14"
                }
            ], 
            "he": "הני מילי בחצר המשתמרת אבל חצר שאינה משתמרת אי עומד בצד שדהו אין אי לא לא"
        }, 
        {
            "segmentNumber": "18", 
            "he": "ומנא תימרא דחצר שאינה משתמרת אי עומד בצד שדהו אין אי לא לא דתניא"
        }, 
        {
            "segmentNumber": "19", 
            "links": [
                {
                    "category": "Tanakh", 
                    "index_title": "Deuteronomy", 
                    "sourceHeRef": "דברים כ״ד:י״ט", 
                    "sourceRef": "Deuteronomy 24:19"
                }, 
                {
                    "category": "Commentary", 
                    "index_title": "Rashi on Bava Metzia", 
                    "sourceHeRef": "רש\"י על בבא מציעא י״א א:י״ט:א׳", 
                    "sourceRef": "Rashi on Bava Metzia 11a:19:1"
                }, 
                {
                    "category": "Commentary", 
                    "index_title": "Rashi on Bava Metzia", 
                    "sourceHeRef": "רש\"י על בבא מציעא י״א א:י״ט:ב׳", 
                    "sourceRef": "Rashi on Bava Metzia 11a:19:2"
                }, 
                {
                    "category": "Commentary", 
                    "index_title": "Rashi on Bava Metzia", 
                    "sourceHeRef": "רש\"י על בבא מציעא י״א א:י״ט:ג׳", 
                    "sourceRef": "Rashi on Bava Metzia 11a:19:3"
                }, 
                {
                    "category": "Commentary", 
                    "index_title": "Maharam Shif on Bava Metzia", 
                    "sourceHeRef": "מהר\"ם שיף על בבא מציעא י״א א:ב׳", 
                    "sourceRef": "Maharam Shif on Bava Metzia 11a:2"
                }, 
                {
                    "category": "Commentary", 
                    "index_title": "Shita Mekubetzet on Bava Metzia", 
                    "sourceHeRef": "שיטה מקובצת על בבא מציעא י״א א:ט״ו", 
                    "sourceRef": "Shita Mekubetzet on Bava Metzia 11a:15"
                }
            ], 
            "he": "היה עומד בעיר ואומר יודע אני שעומר שיש לי בשדה פועלים שכחוהו לא יהא שכחה יכול לא יהא שכחה תלמוד לומר (דברים כד, יט) ושכחת עומר בשדה בשדה ושכחת ולא בעיר"
        }, 
        {
            "segmentNumber": "20", 
            "he": "הא גופא קשיא"
        }, 
        {
            "segmentNumber": "21", 
            "he": "אמרת יכול לא יהא שכחה אלמא הוי שכחה ונסיב לה גמרא בשדה ושכחת ולא בעיר אלמא לא הוי שכחה"
        }, 
        {
            "segmentNumber": "22", 
            "links": [
                {
                    "category": "Commentary", 
                    "index_title": "Rashi on Bava Metzia", 
                    "sourceHeRef": "רש\"י על בבא מציעא י״א א:כ״ב:א׳", 
                    "sourceRef": "Rashi on Bava Metzia 11a:22:1"
                }
            ], 
            "he": "אלא לאו הכי קאמר"
        }, 
        {
            "segmentNumber": "23", 
            "links": [
                {
                    "category": "Commentary", 
                    "index_title": "Tosafot on Bava Metzia", 
                    "sourceHeRef": "תוספות על בבא מציעא י״א א:כ״ג:א׳", 
                    "sourceRef": "Tosafot on Bava Metzia 11a:23:1"
                }
            ], 
            "he": "בשדה שכוח מעיקרו הוי שכחה זכור ולבסוף שכוח אין שכחה"
        }, 
        {
            "segmentNumber": "24", 
            "he": "מאי טעמא דכיון דקאי גבה הויא ליה חצרו וזכתה ליה"
        }, 
        {
            "segmentNumber": "25", 
            "links": [
                {
                    "category": "Commentary", 
                    "index_title": "Rashi on Bava Metzia", 
                    "sourceHeRef": "רש\"י על בבא מציעא י״א א:כ״ה:א׳", 
                    "sourceRef": "Rashi on Bava Metzia 11a:25:1"
                }, 
                {
                    "category": "Commentary", 
                    "index_title": "Shita Mekubetzet on Bava Metzia", 
                    "sourceHeRef": "שיטה מקובצת על בבא מציעא י״א א:ט״ז", 
                    "sourceRef": "Shita Mekubetzet on Bava Metzia 11a:16"
                }
            ], 
            "he": "אבל בעיר אפילו זכור ולבסוף שכוח הויא שכחה"
        }, 
        {
            "segmentNumber": "26", 
            "he": "מאי טעמא דליתיה גביה דלזכי ליה"
        }, 
        {
            "segmentNumber": "27", 
            "links": [
                {
                    "category": "Commentary", 
                    "index_title": "Rashi on Bava Metzia", 
                    "sourceHeRef": "רש\"י על בבא מציעא י״א א:כ״ז:א׳", 
                    "sourceRef": "Rashi on Bava Metzia 11a:27:1"
                }
            ], 
            "he": "ממאי"
        }, 
        {
            "segmentNumber": "28", 
            "links": [
                {
                    "category": "Commentary", 
                    "index_title": "Tosafot on Bava Metzia", 
                    "sourceHeRef": "תוספות על בבא מציעא י״א א:כ״ח:א׳", 
                    "sourceRef": "Tosafot on Bava Metzia 11a:28:1"
                }, 
                {
                    "category": "Commentary", 
                    "index_title": "Rashi on Bava Metzia", 
                    "sourceHeRef": "רש\"י על בבא מציעא י״א א:כ״ח:א׳", 
                    "sourceRef": "Rashi on Bava Metzia 11a:28:1"
                }, 
                {
                    "category": "Commentary", 
                    "index_title": "Shita Mekubetzet on Bava Metzia", 
                    "sourceHeRef": "שיטה מקובצת על בבא מציעא י״א א:כ׳", 
                    "sourceRef": "Shita Mekubetzet on Bava Metzia 11a:20"
                }
            ], 
            "he": "דלמא גזירת הכתוב היא דבשדה נהוי שכחה ובעיר לא נהוי שכחה"
        }, 
        {
            "segmentNumber": "29", 
            "links": [
                {
                    "category": "Tanakh", 
                    "index_title": "Deuteronomy", 
                    "sourceHeRef": "דברים כ״ד:י״ט", 
                    "sourceRef": "Deuteronomy 24:19"
                }
            ], 
            "he": "אמר קרא (דברים כד, יט) לא תשוב לקחתו לרבות שכחת העיר"
        }, 
        {
            "segmentNumber": "30", 
            "he": "האי מיבעי ליה ללאו"
        }, 
        {
            "segmentNumber": "31", 
            "he": "אם כן נימא קרא לא תקחנו מאי לא תשוב לרבות שכחת העיר"
        }, 
        {
            "segmentNumber": "32", 
            "he": "ואכתי מיבעי ליה לכדתנן"
        }, 
        {
            "segmentNumber": "33", 
            "links": [
                {
                    "category": "Commentary", 
                    "index_title": "Rashi on Bava Metzia", 
                    "sourceHeRef": "רש\"י על בבא מציעא י״א א:ל״ג:א׳", 
                    "sourceRef": "Rashi on Bava Metzia 11a:33:1"
                }
            ], 
            "he": "שלפניו אין שכחה שלאחריו יש שכחה שהוא בבל תשוב"
        }, 
        {
            "segmentNumber": "34", 
            "links": [
                {
                    "category": "Commentary", 
                    "index_title": "Tosafot on Bava Metzia", 
                    "sourceHeRef": "תוספות על בבא מציעא י״א א:ל״ד:א׳", 
                    "sourceRef": "Tosafot on Bava Metzia 11a:34:1"
                }, 
                {
                    "category": "Commentary", 
                    "index_title": "Maharam Shif on Bava Metzia", 
                    "sourceHeRef": "מהר\"ם שיף על בבא מציעא י״א א:ח׳", 
                    "sourceRef": "Maharam Shif on Bava Metzia 11a:8"
                }
            ], 
            "he": "זה הכלל"
        }, 
        {
            "segmentNumber": "35", 
            "he": "כל שהוא בבל תשוב שכחה כל שאינו בבל תשוב אינו שכחה"
        }, 
        {
            "segmentNumber": "36", 
            "he": "אמר רב אשי"
        }, 
        {
            "segmentNumber": "37", 
            "links": [
                {
                    "category": "Tanakh", 
                    "index_title": "Deuteronomy", 
                    "sourceHeRef": "דברים כ״ד:י״ט", 
                    "sourceRef": "Deuteronomy 24:19"
                }, 
                {
                    "category": "Commentary", 
                    "index_title": "Rashi on Bava Metzia", 
                    "sourceHeRef": "רש\"י על בבא מציעא י״א א:ל״ז:א׳", 
                    "sourceRef": "Rashi on Bava Metzia 11a:37:1"
                }
            ], 
            "he": "אמר קרא (דברים כד, יט) יהיה לרבות שכחת העיר"
        }, 
        {
            "segmentNumber": "38", 
            "he": "וכן אמר עולא"
        }, 
        {
            "segmentNumber": "39", 
            "he": "והוא שעומד בצד שדהו"
        }, 
        {
            "segmentNumber": "40", 
            "he": "וכן אמר רבה בר בר חנה"
        }, 
        {
            "segmentNumber": "41", 
            "links": [
                {
                    "category": "Commentary", 
                    "index_title": "Rosh on Bava Metzia", 
                    "sourceHeRef": " פסקי הראש על בבא מציעא א׳:ל׳:ב׳", 
                    "sourceRef": "Rosh on Bava Metzia 1:30:2"
                }
            ], 
            "he": "והוא שעומד בצד שדהו"
        }, 
        {
            "segmentNumber": "42", 
            "he": "איתיביה רבי אבא לעולא"
        }, 
        {
            "segmentNumber": "43", 
            "he": "מעשה ברבן גמליאל וזקנים שהיו באים בספינה אמר רבן גמליאל"
        }, 
        {
            "segmentNumber": "44", 
            "links": [
                {
                    "category": "Commentary", 
                    "index_title": "Tosafot on Bava Metzia", 
                    "sourceHeRef": "תוספות על בבא מציעא י״א א:מ״ד:א׳", 
                    "sourceRef": "Tosafot on Bava Metzia 11a:44:1"
                }, 
                {
                    "category": "Commentary", 
                    "index_title": "Rashi on Bava Metzia", 
                    "sourceHeRef": "רש\"י על בבא מציעא י״א א:מ״ד:א׳", 
                    "sourceRef": "Rashi on Bava Metzia 11a:44:1"
                }, 
                {
                    "category": "Commentary", 
                    "index_title": "Rashi on Bava Metzia", 
                    "sourceHeRef": "רש\"י על בבא מציעא י״א א:מ״ד:ב׳", 
                    "sourceRef": "Rashi on Bava Metzia 11a:44:2"
                }, 
                {
                    "category": "Commentary", 
                    "index_title": "Tosafot on Bava Metzia", 
                    "sourceHeRef": "תוספות על בבא מציעא י״א א:מ״ד:ב׳", 
                    "sourceRef": "Tosafot on Bava Metzia 11a:44:2"
                }, 
                {
                    "category": "Commentary", 
                    "index_title": "Maharam Shif on Bava Metzia", 
                    "sourceHeRef": "מהר\"ם שיף על בבא מציעא י״א א:ט׳", 
                    "sourceRef": "Maharam Shif on Bava Metzia 11a:9"
                }, 
                {
                    "category": "Commentary", 
                    "index_title": "Maharam Shif on Bava Metzia", 
                    "sourceHeRef": "מהר\"ם שיף על בבא מציעא י״א א:י׳", 
                    "sourceRef": "Maharam Shif on Bava Metzia 11a:10"
                }, 
                {
                    "category": "Commentary", 
                    "index_title": "Maharam Shif on Bava Metzia", 
                    "sourceHeRef": "מהר\"ם שיף על בבא מציעא י״א א:י״א", 
                    "sourceRef": "Maharam Shif on Bava Metzia 11a:11"
                }, 
                {
                    "category": "Commentary", 
                    "index_title": "Shita Mekubetzet on Bava Metzia", 
                    "sourceHeRef": "שיטה מקובצת על בבא מציעא י״א א:כ״ד", 
                    "sourceRef": "Shita Mekubetzet on Bava Metzia 11a:24"
                }, 
                {
                    "category": "Commentary", 
                    "index_title": "Shita Mekubetzet on Bava Metzia", 
                    "sourceHeRef": "שיטה מקובצת על בבא מציעא י״א א:כ״ה", 
                    "sourceRef": "Shita Mekubetzet on Bava Metzia 11a:25"
                }, 
                {
                    "category": "Commentary", 
                    "index_title": "Shita Mekubetzet on Bava Metzia", 
                    "sourceHeRef": "שיטה מקובצת על בבא מציעא י״א א:כ״ו", 
                    "sourceRef": "Shita Mekubetzet on Bava Metzia 11a:26"
                }, 
                {
                    "category": "Commentary", 
                    "index_title": "Shita Mekubetzet on Bava Metzia", 
                    "sourceHeRef": "שיטה מקובצת על בבא מציעא י״א א:כ״ז", 
                    "sourceRef": "Shita Mekubetzet on Bava Metzia 11a:27"
                }
            ], 
            "he": "עישור שאני עתיד למוד נתון ליהושע"
        }
    ], 
    "heTitle": "בבא מציעא י״א א", 
    "indexTitle": "Bava Metzia", 
    "sectionRef": "Bava Metzia 11a", 
    "prev": "Bava Metzia 10b", 
    "ref": "Bava Metzia 11a", 
    "heRef": "בבא מציעא י״א א", 
    "next": "Bava Metzia 11b"
}