{
    "heTitleVariants": [
        "בבא מציעא", 
        "ב״מ", 
        "ב\"מ"
    ], 
    "heTitle": "בבא מציעא ל׳ א", 
    "content": [
        {
            "segmentNumber": "1", 
            "he": "בתורי דנפיש פסידייהו:", 
            "links": [
                {
                    "category": "Commentary", 
                    "sourceHeRef": "תוספות על בבא מציעא ל׳ א:א׳:א׳", 
                    "sourceRef": "Tosafot on Bava Metzia 30a:1:1", 
                    "ref": "Tosafot on Bava Metzia 30a:1:1"
                }, 
                {
                    "category": "Commentary", 
                    "sourceHeRef": "רש\"י על בבא מציעא ל׳ א:א׳:א׳", 
                    "sourceRef": "Rashi on Bava Metzia 30a:1:1", 
                    "ref": "Rashi on Bava Metzia 30a:1:1"
                }, 
                {
                    "category": "Commentary", 
                    "sourceHeRef": "רש\"י על בבא מציעא ל׳ א:א׳:ב׳", 
                    "sourceRef": "Rashi on Bava Metzia 30a:1:2", 
                    "ref": "Rashi on Bava Metzia 30a:1:2"
                }
            ], 
            "text": ""
        }, 
        {
            "segmentNumber": "2", 
            "he": "שוטחה לצורכה אבל לא לכבודו וכו':", 
            "links": [], 
            "text": ""
        }, 
        {
            "segmentNumber": "3", 
            "he": "איבעיא להו", 
            "links": [
                {
                    "category": "Commentary", 
                    "sourceHeRef": " פסקי הראש על בבא מציעא ב׳:כ׳:א׳", 
                    "sourceRef": "Rosh on Bava Metzia 2:20:1", 
                    "ref": "Rosh on Bava Metzia 2:20:1"
                }
            ], 
            "text": ""
        }, 
        {
            "segmentNumber": "4", 
            "he": "לצורכו ולצורכה מאי", 
            "links": [
                {
                    "category": "Commentary", 
                    "sourceHeRef": "תוספות על בבא מציעא ל׳ א:ד׳:א׳", 
                    "sourceRef": "Tosafot on Bava Metzia 30a:4:1", 
                    "ref": "Tosafot on Bava Metzia 30a:4:1"
                }
            ], 
            "text": ""
        }, 
        {
            "segmentNumber": "5", 
            "he": "ת\"ש", 
            "links": [], 
            "text": ""
        }, 
        {
            "segmentNumber": "6", 
            "he": "שוטחה לצורכה לצורכה אין הא לצורכו ולצורכה לא", 
            "links": [], 
            "text": ""
        }, 
        {
            "segmentNumber": "7", 
            "he": "אימא סיפא", 
            "links": [], 
            "text": ""
        }, 
        {
            "segmentNumber": "8", 
            "he": "אבל לא לכבודו לכבודו הוא דלא הא לצורכה ולצורכו שפיר דמי", 
            "links": [], 
            "text": ""
        }, 
        {
            "segmentNumber": "9", 
            "he": "אלא מהא ליכא למשמע מינה", 
            "links": [], 
            "text": ""
        }, 
        {
            "segmentNumber": "10", 
            "he": "ת\"ש", 
            "links": [], 
            "text": ""
        }, 
        {
            "segmentNumber": "11", 
            "he": "לא ישטחנה לא על גבי מטה ולא על גבי מגוד לצרכו אבל ישטחנה על גבי מטה ועל גבי מגוד לצרכה", 
            "links": [
                {
                    "category": "Commentary", 
                    "sourceHeRef": "רש\"י על בבא מציעא ל׳ א:י״א:א׳", 
                    "sourceRef": "Rashi on Bava Metzia 30a:11:1", 
                    "ref": "Rashi on Bava Metzia 30a:11:1"
                }
            ], 
            "text": ""
        }, 
        {
            "segmentNumber": "12", 
            "he": "נזדמנו לו אורחים לא ישטחנה לא על גבי מטה ולא על גבי מגוד בין לצורכו בין לצורכה", 
            "links": [
                {
                    "category": "Commentary", 
                    "sourceHeRef": "רש\"י על בבא מציעא ל׳ א:י״ב:א׳", 
                    "sourceRef": "Rashi on Bava Metzia 30a:12:1", 
                    "ref": "Rashi on Bava Metzia 30a:12:1"
                }
            ], 
            "text": ""
        }, 
        {
            "segmentNumber": "13", 
            "he": "שאני התם דמקלא קלי לה אי משום עינא אי משום גנבי", 
            "links": [
                {
                    "category": "Commentary", 
                    "sourceHeRef": "רש\"י על בבא מציעא ל׳ א:י״ג:א׳", 
                    "sourceRef": "Rashi on Bava Metzia 30a:13:1", 
                    "ref": "Rashi on Bava Metzia 30a:13:1"
                }, 
                {
                    "category": "Commentary", 
                    "sourceHeRef": "רש\"י על בבא מציעא ל׳ א:י״ג:ב׳", 
                    "sourceRef": "Rashi on Bava Metzia 30a:13:2", 
                    "ref": "Rashi on Bava Metzia 30a:13:2"
                }, 
                {
                    "category": "Commentary", 
                    "sourceHeRef": "רש\"י על בבא מציעא ל׳ א:י״ג:ג׳", 
                    "sourceRef": "Rashi on Bava Metzia 30a:13:3", 
                    "ref": "Rashi on Bava Metzia 30a:13:3"
                }
            ], 
            "text": ""
        }, 
        {
            "segmentNumber": "14", 
            "he": "תא שמע", 
            "links": [], 
            "text": ""
        }, 
        {
            "segmentNumber": "15", 
            "he": "הכניסה לרבקה ודשה כשירה בשביל שתינק ותדוש פסולה", 
            "links": [
                {
                    "category": "Commentary", 
                    "sourceHeRef": "תוספות על בבא מציעא ל׳ א:ט״ו:א׳", 
                    "sourceRef": "Tosafot on Bava Metzia 30a:15:1", 
                    "ref": "Tosafot on Bava Metzia 30a:15:1"
                }, 
                {
                    "category": "Commentary", 
                    "sourceHeRef": "תוספות על בבא מציעא ל׳ א:ט״ו:ב׳", 
                    "sourceRef": "Tosafot on Bava Metzia 30a:15:2", 
                    "ref": "Tosafot on Bava Metzia 30a:15:2"
                }, 
                {
                    "category": "Commentary", 
                    "sourceHeRef": "רש\"י על בבא מציעא ל׳ א:ט״ו:א׳", 
                    "sourceRef": "Rashi on Bava Metzia 30a:15:1", 
                    "ref": "Rashi on Bava Metzia 30a:15:1"
                }, 
                {
                    "category": "Commentary", 
                    "sourceHeRef": "רש\"י על בבא מציעא ל׳ א:ט״ו:ב׳", 
                    "sourceRef": "Rashi on Bava Metzia 30a:15:2", 
                    "ref": "Rashi on Bava Metzia 30a:15:2"
                }, 
                {
                    "category": "Commentary", 
                    "sourceHeRef": "רש\"י על בבא מציעא ל׳ א:ט״ו:ג׳", 
                    "sourceRef": "Rashi on Bava Metzia 30a:15:3", 
                    "ref": "Rashi on Bava Metzia 30a:15:3"
                }, 
                {
                    "category": "Commentary", 
                    "sourceHeRef": "רש\"י על בבא מציעא ל׳ א:ט״ו:ד׳", 
                    "sourceRef": "Rashi on Bava Metzia 30a:15:4", 
                    "ref": "Rashi on Bava Metzia 30a:15:4"
                }, 
                {
                    "category": "Commentary", 
                    "sourceHeRef": "רשב״א על בבא מציעא ל׳ א:ב׳", 
                    "sourceRef": "Rashba on Bava Metzia 30a:2", 
                    "ref": "Rashba on Bava Metzia 30a:2"
                }, 
                {
                    "category": "Commentary", 
                    "sourceHeRef": "רשב״א על בבא מציעא ל׳ א:ג׳", 
                    "sourceRef": "Rashba on Bava Metzia 30a:3", 
                    "ref": "Rashba on Bava Metzia 30a:3"
                }
            ], 
            "text": ""
        }, 
        {
            "segmentNumber": "16", 
            "he": "והא הכא דלצורכו ולצורכה הוא וקתני פסולה", 
            "links": [], 
            "text": ""
        }, 
        {
            "segmentNumber": "17", 
            "he": "שאני התם דאמר קרא (דברים כא, ג) אשר לא עובד בה מ\"מ", 
            "links": [
                {
                    "category": "Tanach", 
                    "sourceHeRef": "דברים כ״א:ג׳", 
                    "sourceRef": "Deuteronomy 21:3", 
                    "ref": "Deuteronomy 21:3"
                }
            ], 
            "text": ""
        }, 
        {
            "segmentNumber": "18", 
            "he": "אי הכי אפילו רישא נמי", 
            "links": [], 
            "text": ""
        }, 
        {
            "segmentNumber": "19", 
            "he": "הא לא דמיא אלא להא דתנן", 
            "links": [
                {
                    "category": "Commentary", 
                    "sourceHeRef": "רש\"י על בבא מציעא ל׳ א:י״ט:א׳", 
                    "sourceRef": "Rashi on Bava Metzia 30a:19:1", 
                    "ref": "Rashi on Bava Metzia 30a:19:1"
                }
            ], 
            "text": ""
        }, 
        {
            "segmentNumber": "20", 
            "he": "שכן עליה עוף כשירה עלה עליה זכר פסולה", 
            "links": [
                {
                    "category": "Commentary", 
                    "sourceHeRef": "רש\"י על בבא מציעא ל׳ א:כ׳:א׳", 
                    "sourceRef": "Rashi on Bava Metzia 30a:20:1", 
                    "ref": "Rashi on Bava Metzia 30a:20:1"
                }, 
                {
                    "category": "Commentary", 
                    "sourceHeRef": "רש\"י על בבא מציעא ל׳ א:כ׳:ב׳", 
                    "sourceRef": "Rashi on Bava Metzia 30a:20:2", 
                    "ref": "Rashi on Bava Metzia 30a:20:2"
                }
            ], 
            "text": ""
        }, 
        {
            "segmentNumber": "21", 
            "he": "מאי טעמא כדרב פפא", 
            "links": [], 
            "text": ""
        }, 
        {
            "segmentNumber": "22", 
            "he": "דאמר רב פפא", 
            "links": [], 
            "text": ""
        }, 
        {
            "segmentNumber": "23", 
            "he": "אי כתיב עובד וקרינן עובד הוה אמינא אפילו ממילא", 
            "links": [], 
            "text": ""
        }, 
        {
            "segmentNumber": "24", 
            "he": "ואי כתיב עבד וקרינן עבד הוה אמינא עד דעבד בה איהו", 
            "links": [], 
            "text": ""
        }, 
        {
            "segmentNumber": "25", 
            "he": "השתא דכתיב עבד וקרינן עובד בעינן עובד דומיא דעבד מה עבד דניחא ליה אף עובד דניחא ליה:", 
            "links": [
                {
                    "category": "Commentary", 
                    "sourceHeRef": "תוספות על בבא מציעא ל׳ א:כ״ה:א׳", 
                    "sourceRef": "Tosafot on Bava Metzia 30a:25:1", 
                    "ref": "Tosafot on Bava Metzia 30a:25:1"
                }
            ], 
            "text": ""
        }, 
        {
            "segmentNumber": "26", 
            "he": "כלי כסף וכלי נחושת משתמש בהן וכו':", 
            "links": [], 
            "text": ""
        }, 
        {
            "segmentNumber": "27", 
            "he": "ת\"ר", 
            "links": [], 
            "text": ""
        }, 
        {
            "segmentNumber": "28", 
            "he": "המוצא כלי עץ משתמש בהן בשביל שלא ירקבו כלי נחושת משתמש בהן בחמין אבל לא על ידי האור מפני שמשחיקן", 
            "links": [
                {
                    "category": "Commentary", 
                    "sourceHeRef": "רש\"י על בבא מציעא ל׳ א:כ״ח:א׳", 
                    "sourceRef": "Rashi on Bava Metzia 30a:28:1", 
                    "ref": "Rashi on Bava Metzia 30a:28:1"
                }, 
                {
                    "category": "Commentary", 
                    "sourceHeRef": "רש\"י על בבא מציעא ל׳ א:כ״ח:ב׳", 
                    "sourceRef": "Rashi on Bava Metzia 30a:28:2", 
                    "ref": "Rashi on Bava Metzia 30a:28:2"
                }
            ], 
            "text": ""
        }, 
        {
            "segmentNumber": "29", 
            "he": "כלי כסף משתמש בהן בצונן אבל לא בחמין מפני שמשחירן", 
            "links": [], 
            "text": ""
        }, 
        {
            "segmentNumber": "30", 
            "he": "מגריפות וקרדומות משתמש בהן ברך אבל לא בקשה מפני שמפחיתן", 
            "links": [
                {
                    "category": "Commentary", 
                    "sourceHeRef": "רש\"י על בבא מציעא ל׳ א:ל׳:א׳", 
                    "sourceRef": "Rashi on Bava Metzia 30a:30:1", 
                    "ref": "Rashi on Bava Metzia 30a:30:1"
                }, 
                {
                    "category": "Commentary", 
                    "sourceHeRef": "רש\"י על בבא מציעא ל׳ א:ל׳:ב׳", 
                    "sourceRef": "Rashi on Bava Metzia 30a:30:2", 
                    "ref": "Rashi on Bava Metzia 30a:30:2"
                }
            ], 
            "text": ""
        }, 
        {
            "segmentNumber": "31", 
            "he": "כלי זהב וכלי זכוכית לא יגע בהן עד שיבא אליהו", 
            "links": [], 
            "text": ""
        }, 
        {
            "segmentNumber": "32", 
            "he": "כדרך שאמרו באבידה כך אמרו בפקדון", 
            "links": [
                {
                    "category": "Commentary", 
                    "sourceHeRef": "רשב״א על בבא מציעא ל׳ א:ד׳", 
                    "sourceRef": "Rashba on Bava Metzia 30a:4", 
                    "ref": "Rashba on Bava Metzia 30a:4"
                }
            ], 
            "text": ""
        }, 
        {
            "segmentNumber": "33", 
            "he": "פקדון מאי עבידתיה גביה", 
            "links": [
                {
                    "category": "Commentary", 
                    "sourceHeRef": "רש\"י על בבא מציעא ל׳ א:ל״ג:א׳", 
                    "sourceRef": "Rashi on Bava Metzia 30a:33:1", 
                    "ref": "Rashi on Bava Metzia 30a:33:1"
                }
            ], 
            "text": ""
        }, 
        {
            "segmentNumber": "34", 
            "he": "אמר רב אדא בר חמא אמר רב ששת", 
            "links": [], 
            "text": ""
        }, 
        {
            "segmentNumber": "35", 
            "he": "בפקדון שהלכו בעליהן למדינת הים:", 
            "links": [], 
            "text": ""
        }, 
        {
            "segmentNumber": "36", 
            "he": "מצא שק או קופה [וכל דבר] שאין דרכו ליטול הרי זה לא יטול:", 
            "links": [
                {
                    "category": "Commentary", 
                    "sourceHeRef": " פסקי הראש על בבא מציעא ב׳:כ״א:א׳", 
                    "sourceRef": "Rosh on Bava Metzia 2:21:1", 
                    "ref": "Rosh on Bava Metzia 2:21:1"
                }
            ], 
            "text": ""
        }, 
        {
            "segmentNumber": "37", 
            "he": "מנהני מילי", 
            "links": [], 
            "text": ""
        }, 
        {
            "segmentNumber": "38", 
            "he": "דת\"ר", 
            "links": [], 
            "text": ""
        }, 
        {
            "segmentNumber": "39", 
            "he": "(דברים כב, א) והתעלמת פעמים שאתה מתעלם ופעמים שאי אתה מתעלם", 
            "links": [
                {
                    "category": "Tanach", 
                    "sourceHeRef": "דברים כ״ב:א׳", 
                    "sourceRef": "Deuteronomy 22:1", 
                    "ref": "Deuteronomy 22:1"
                }, 
                {
                    "category": "Commentary", 
                    "sourceHeRef": "רש\"י על בבא מציעא ל׳ א:ל״ט:א׳", 
                    "sourceRef": "Rashi on Bava Metzia 30a:39:1", 
                    "ref": "Rashi on Bava Metzia 30a:39:1"
                }, 
                {
                    "category": "Commentary", 
                    "sourceHeRef": "רש\"י על בבא מציעא ל׳ א:ל״ט:ב׳", 
                    "sourceRef": "Rashi on Bava Metzia 30a:39:2", 
                    "ref": "Rashi on Bava Metzia 30a:39:2"
                }
            ], 
            "text": ""
        }, 
        {
            "segmentNumber": "40", 
            "he": "הא כיצד", 
            "links": [], 
            "text": ""
        }, 
        {
            "segmentNumber": "41", 
            "he": "היה כהן והיא בבית הקברות או שהיה זקן ואינה לפי כבודו או שהיתה מלאכה שלו מרובה משל חבירו לכך נאמר והתעלמת מהם", 
            "links": [
                {
                    "category": "Commentary", 
                    "sourceHeRef": "רש\"י על בבא מציעא ל׳ א:מ״א:א׳", 
                    "sourceRef": "Rashi on Bava Metzia 30a:41:1", 
                    "ref": "Rashi on Bava Metzia 30a:41:1"
                }, 
                {
                    "category": "Commentary", 
                    "sourceHeRef": "רש\"י על בבא מציעא ל׳ א:מ״א:ב׳", 
                    "sourceRef": "Rashi on Bava Metzia 30a:41:2", 
                    "ref": "Rashi on Bava Metzia 30a:41:2"
                }, 
                {
                    "category": "Commentary", 
                    "sourceHeRef": "רש\"י על בבא מציעא ל׳ א:מ״א:ג׳", 
                    "sourceRef": "Rashi on Bava Metzia 30a:41:3", 
                    "ref": "Rashi on Bava Metzia 30a:41:3"
                }
            ], 
            "text": ""
        }, 
        {
            "segmentNumber": "42", 
            "he": "למאי איצטריך קרא", 
            "links": [], 
            "text": ""
        }, 
        {
            "segmentNumber": "43", 
            "he": "אילימא לכהן והיא בבית הקברות פשיטא", 
            "links": [], 
            "text": ""
        }, 
        {
            "segmentNumber": "44", 
            "he": "האי עשה והאי לא תעשה ועשה ולא אתי עשה", 
            "links": [
                {
                    "category": "Commentary", 
                    "sourceHeRef": "תוספות על בבא מציעא ל׳ א:מ״ד:א׳", 
                    "sourceRef": "Tosafot on Bava Metzia 30a:44:1", 
                    "ref": "Tosafot on Bava Metzia 30a:44:1"
                }, 
                {
                    "category": "Commentary", 
                    "sourceHeRef": "רש\"י על בבא מציעא ל׳ א:מ״ד:א׳", 
                    "sourceRef": "Rashi on Bava Metzia 30a:44:1", 
                    "ref": "Rashi on Bava Metzia 30a:44:1"
                }, 
                {
                    "category": "Commentary", 
                    "sourceHeRef": "רש\"י על בבא מציעא ל׳ א:מ״ד:ב׳", 
                    "sourceRef": "Rashi on Bava Metzia 30a:44:2", 
                    "ref": "Rashi on Bava Metzia 30a:44:2"
                }
            ], 
            "text": ""
        }, 
        {
            "segmentNumber": "45", 
            "he": "ודחי את לא תעשה ועשה ותו לא דחינן איסורא מקמי ממונא", 
            "links": [], 
            "text": ""
        }, 
        {
            "segmentNumber": "46", 
            "he": "אלא לשלו מרובה משל חבירו מדרב יהודה אמר רב נפקא דאמר רב יהודה אמר רב", 
            "links": [], 
            "text": ""
        }, 
        {
            "segmentNumber": "47", 
            "he": "(דברים טו, ד) אפס כי", 
            "links": [
                {
                    "category": "Tanach", 
                    "sourceHeRef": "דברים ט״ו:ד׳", 
                    "sourceRef": "Deuteronomy 15:4", 
                    "ref": "Deuteronomy 15:4"
                }
            ], 
            "text": ""
        }
    ], 
    "heRef": "בבא מציעא ל׳ א", 
    "toSections": [
        "30a"
    ], 
    "sectionRef": "Bava Metzia 30a", 
    "title": "Bava Metzia 30a", 
    "lengths": [
        235, 
        12026
    ], 
    "next": "Bava Metzia 30b", 
    "heBook": "בבא מציעא", 
    "book": "Bava Metzia", 
    "prev": "Bava Metzia 29b", 
    "textDepth": 2, 
    "sectionNames": [
        "Daf", 
        "Line"
    ], 
    "sections": [
        "30a"
    ], 
    "isComplex": false, 
    "titleVariants": [
        "Masekhet Bava Metzia", 
        "Talmud Bava Metzia", 
        "Tractate Bava Metzia", 
        "Bava Metzia"
    ], 
    "categories": [
        "Talmud", 
        "Bavli", 
        "Seder Nezikin"
    ], 
    "ref": "Bava Metzia 30a", 
    "type": "Talmud", 
    "addressTypes": [
        "Talmud", 
        "Integer"
    ], 
    "length": 235, 
    "indexTitle": "Bava Metzia", 
    "heIndexTitle": "בבא מציעא", 
    "alts": [], 
    "order": [
        21, 
        2
    ]
}