{
    "heTitleVariants": [
        "באר היטב אורח חיים"
    ], 
    "heTitle": "באר היטב אורח חיים", 
    "heRef": "באר היטב אורח חיים מ״ו", 
    "toSections": [
        46
    ], 
    "sectionRef": "Be'er Hetev on Shulchan Arukh, Orach Chayyim 46", 
    "next": "Be'er Hetev on Shulchan Arukh, Orach Chayyim 47", 
    "content": [
        {
            "segmentNumber": "1", 
            "he": " <b>נשמה. </b> אם בירך ברוך מחיה מתים במקום אלהי נשמה יצא. פר''ח: \n", 
            "links": [
                {
                    "category": "Halakhah", 
                    "sourceHeRef": "אורח חיים מ״ו:א׳", 
                    "sourceRef": "Shulchan Arukh, Orach Chayyim 46:1", 
                    "ref": "Shulchan Arukh, Orach Chayyim 46:1"
                }
            ], 
            "text": ""
        }, 
        {
            "segmentNumber": "2", 
            "he": " <b>כשלובש. </b> ל''ד שישן ערום אלא כיון שלובש מלבוש העליון שעליו מברך ברכה זו. פר''ח: \n", 
            "links": [
                {
                    "category": "Halakhah", 
                    "sourceHeRef": "אורח חיים מ״ו:א׳", 
                    "sourceRef": "Shulchan Arukh, Orach Chayyim 46:1", 
                    "ref": "Shulchan Arukh, Orach Chayyim 46:1"
                }
            ], 
            "text": ""
        }, 
        {
            "segmentNumber": "3", 
            "he": " <b>עיניו. </b> פי' ע''י מפה דאסור להניח ידיו על עיניו קודם נטילה כמ''ש סי' ד': \n", 
            "links": [
                {
                    "category": "Halakhah", 
                    "sourceHeRef": "אורח חיים מ״ו:א׳", 
                    "sourceRef": "Shulchan Arukh, Orach Chayyim 46:1", 
                    "ref": "Shulchan Arukh, Orach Chayyim 46:1"
                }
            ], 
            "text": ""
        }, 
        {
            "segmentNumber": "4", 
            "he": " <b>המכין. </b> ומנהגינו אשר הכין:  \n\n", 
            "links": [
                {
                    "category": "Halakhah", 
                    "sourceHeRef": "אורח חיים מ״ו:א׳", 
                    "sourceRef": "Shulchan Arukh, Orach Chayyim 46:1", 
                    "ref": "Shulchan Arukh, Orach Chayyim 46:1"
                }
            ], 
            "text": ""
        }, 
        {
            "segmentNumber": "5", 
            "he": " <b>י''ח. </b> אפי' לבקי מוציא אם מכוין בברכתו. יד אהרן ופר''ח ע''ת וברכת אברהם ועי' בשכנה''ג:  \n\n", 
            "links": [
                {
                    "category": "Halakhah", 
                    "sourceHeRef": "אורח חיים מ״ו:ב׳", 
                    "sourceRef": "Shulchan Arukh, Orach Chayyim 46:2", 
                    "ref": "Shulchan Arukh, Orach Chayyim 46:2"
                }
            ], 
            "text": ""
        }, 
        {
            "segmentNumber": "6", 
            "he": " <b>ברכות. </b> הטעם לפי שהיו מתים בכל יום מאה נפשות מישראל תיקן דוד ע''ז לברך מאה ברכות בכל יום וביום כיפור קצת פוסקים כתבו ליקח הדס בשמים ומשעה לשעה יריח ויברך. אך א''א לברך כל פעם אם לא בהיסח הדעת. וקצת פוסקים כתבו דאינו נכון להריח ריח טוב ביום שציותה תורה ענות אדם נפשו ע''כ יותר טוב לסמוך על הפוסקים דעניית אמן דחזרת הש''ץ ועניית אמן אחר העולים בתורה ובהפטרה בכלל להשלים מאה ברכות ואז לא יצטרך ליקח בשמים או הדס להריח בהן עי' מגן אברהם ובהר''ם מטראני ח''א סי' ק''ד:  \n\n", 
            "links": [
                {
                    "category": "Halakhah", 
                    "sourceHeRef": "אורח חיים מ״ו:ג׳", 
                    "sourceRef": "Shulchan Arukh, Orach Chayyim 46:3", 
                    "ref": "Shulchan Arukh, Orach Chayyim 46:3"
                }
            ], 
            "text": ""
        }, 
        {
            "segmentNumber": "7", 
            "he": " <b>אשה. </b> בב''ח משמע דלפי מ''ש בסעיף ה' גבי מתיר אסורים וכו' ה''ה הכא אם בירך שלא עשני אשה בראשונה לא יברך שוב על עכו''ם ועבד ע''ש וט''ז כ' דלא דמי להדדי ע''ש: \n", 
            "links": [
                {
                    "category": "Halakhah", 
                    "sourceHeRef": "אורח חיים מ״ו:ד׳", 
                    "sourceRef": "Shulchan Arukh, Orach Chayyim 46:4", 
                    "ref": "Shulchan Arukh, Orach Chayyim 46:4"
                }
            ], 
            "text": ""
        }, 
        {
            "segmentNumber": "8", 
            "he": " <b>לברך. </b> פי' שיאמר שעשני גר מ''א ונ''צ וט''ז. ובשכנה''ג כ' שהיותר נכון שיברך שהכניסני תחת כנפי השכינה ע''ש ושל''ה והב''ח ופר''ח פסקו שאין לברך ברכה זו כלל רק השנים עבד ואשה ע''ש. וכ''פ בתשו' מטה יוסף ח''ב סי' ח' והיד אהרן העלה להלכה דגר יוכל לברך שלא עשני גוי דהכוונה שלא עשני שאשאר גוי ע''ש:  \n\n", 
            "links": [
                {
                    "category": "Halakhah", 
                    "sourceHeRef": "אורח חיים מ״ו:ד׳", 
                    "sourceRef": "Shulchan Arukh, Orach Chayyim 46:4", 
                    "ref": "Shulchan Arukh, Orach Chayyim 46:4"
                }
            ], 
            "text": ""
        }, 
        {
            "segmentNumber": "9", 
            "he": " <b>יברכנה. </b> שכיון שנתן הודאה שנזקף לגמרי זה בכלל. דמתיר אסורים נתחייב מיד כשיושב ומהרש''ל וב''ח חולקים וס''ל דאפי' אם בירך זוקף כפופים יברך מתיר אסורים ועי' הלק''ט ח''א סימן <small>(י''ז)</small> [קי''ז] שכתב דעכשיו שנהגו לאומרם על הסדר אין קפידא בדיעבד ע''ש אבל המ''א וט''ז כתבו להקל בספק ברכות ע''ש ועי' בתשו' מטה יוסף ח''ב סימן ח':  \n\n", 
            "links": [
                {
                    "category": "Halakhah", 
                    "sourceHeRef": "אורח חיים מ״ו:ה׳", 
                    "sourceRef": "Shulchan Arukh, Orach Chayyim 46:5", 
                    "ref": "Shulchan Arukh, Orach Chayyim 46:5"
                }
            ], 
            "text": ""
        }, 
        {
            "segmentNumber": "10", 
            "he": " <b>לאומרה. </b> בכוונות כ' לאומרה בהזכרת שם ומלכות וכן כ' הב''ח וכן מנהגינו:  \n\n", 
            "links": [
                {
                    "category": "Halakhah", 
                    "sourceHeRef": "אורח חיים מ״ו:ו׳", 
                    "sourceRef": "Shulchan Arukh, Orach Chayyim 46:6", 
                    "ref": "Shulchan Arukh, Orach Chayyim 46:6"
                }
            ], 
            "text": ""
        }, 
        {
            "segmentNumber": "11", 
            "he": " <b>אלו. </b> כ' ט''ז גם מגביה שפלים אין לאומרה והאומרו אין גוערין אותו אבל ברכת סומך נופלים גוערים אותו עמ''א ומ''ש הט''ז על הרא''ש מברכת פדיון בכור ומברכת בתולים ע''ש עיין בהלק''ט ח''א סי' רכ''ד ובפרי חדש סי' נ''א:  \n\n", 
            "links": [
                {
                    "category": "Halakhah", 
                    "sourceHeRef": "אורח חיים מ״ו:ז׳", 
                    "sourceRef": "Shulchan Arukh, Orach Chayyim 46:7", 
                    "ref": "Shulchan Arukh, Orach Chayyim 46:7"
                }
            ], 
            "text": ""
        }, 
        {
            "segmentNumber": "12", 
            "he": " <b>אותן. </b> ואפי' סומא וחרש פר''ח ע''ש וכ''כ המקובלים אבל המ''א כ' דסומא לא יברך פוקח עורים אבל חרש יברך הנותן לשכוי ע''ש:  \n\n", 
            "links": [
                {
                    "category": "Halakhah", 
                    "sourceHeRef": "אורח חיים מ״ו:ח׳", 
                    "sourceRef": "Shulchan Arukh, Orach Chayyim 46:8", 
                    "ref": "Shulchan Arukh, Orach Chayyim 46:8"
                }
            ], 
            "text": ""
        }, 
        {
            "segmentNumber": "13", 
            "he": " <b>הסליחות. </b> עיין סימן תקפ''א מש''ש: \n", 
            "links": [
                {
                    "category": "Halakhah", 
                    "sourceHeRef": "אורח חיים מ״ו:ט׳", 
                    "sourceRef": "Shulchan Arukh, Orach Chayyim 46:9", 
                    "ref": "Shulchan Arukh, Orach Chayyim 46:9"
                }
            ], 
            "text": ""
        }, 
        {
            "segmentNumber": "14", 
            "he": " <b>ויוצא בזה. </b> אך לא יכוין לצאת אא''כ ירא שהציבור יעברו זמן ק''ש אבל כשלא יעברו מוטב לצאת ידי קריאת שמע עם הציבור ולקרות אותה כדינה בברכותיה ולסמוך גאולה לתפלה. ב''ח. רש''ל כ' לומר גם כן פרשה ראשונה:    \n\n", 
            "links": [
                {
                    "category": "Halakhah", 
                    "sourceHeRef": "אורח חיים מ״ו:ט׳", 
                    "sourceRef": "Shulchan Arukh, Orach Chayyim 46:9", 
                    "ref": "Shulchan Arukh, Orach Chayyim 46:9"
                }
            ], 
            "text": ""
        }
    ], 
    "book": "Be'er Hetev on Shulchan Arukh, Orach Chayyim", 
    "prev": "Be'er Hetev on Shulchan Arukh, Orach Chayyim 45", 
    "textDepth": 2, 
    "sectionNames": [
        "Siman", 
        "Se'if Katan"
    ], 
    "sections": [
        46
    ], 
    "isComplex": false, 
    "titleVariants": [
        "Ba'er Hetev on Shulchan Arukh, Orach Chayyim", 
        "Baer Hetev on Shulchan Arukh, Orach Chayyim", 
        "Beer Hetev on Shulchan Arukh, Orach Chayyim", 
        "Be'ir Hetev on Shulchan Arukh, Orach Chayyim", 
        "Beir Hetev on Shulchan Arukh, Orach Chayyim", 
        "Be'er Hetev on Shulchan Arukh, Orach Chayyim"
    ], 
    "categories": [
        "Halakhah", 
        "Shulchan Arukh"
    ], 
    "ref": "Be'er Hetev on Shulchan Arukh, Orach Chayyim 46", 
    "type": "Halakhah", 
    "addressTypes": [
        "Integer", 
        "Integer"
    ], 
    "indexTitle": "Be'er Hetev on Shulchan Arukh, Orach Chayyim", 
    "heIndexTitle": "באר היטב אורח חיים", 
    "alts": [], 
    "order": ""
}