{
    "content": [
        {
            "segmentNumber": "1", 
            "links": [
                {
                    "category": "Halakhah", 
                    "index_title": "Shulchan Arukh, Orach Chayyim", 
                    "sourceHeRef": "אורח חיים תק״נ:א׳", 
                    "sourceRef": "Shulchan Arukh, Orach Chayyim 550:1"
                }
            ], 
            "he": " <b>להחמיר. </b> כתב מ''א סימן קי''א קטנים מאכילין אותם לחם ומים להתאבל עם הציבור עכ''ל וכתב המ''א ונ''ל דוקא קטן שיש לו דעת להתאבל:  \n\n"
        }, 
        {
            "segmentNumber": "2", 
            "links": [
                {
                    "category": "Halakhah", 
                    "index_title": "Shulchan Arukh, Orach Chayyim", 
                    "sourceHeRef": "אורח חיים תק״נ:ב׳", 
                    "sourceRef": "Shulchan Arukh, Orach Chayyim 550:2"
                }
            ], 
            "he": " <b>מותרים. </b> ובעל נפש יחמיר בכולם כמו בט''ב חוץ מחליצת מנעל שלא יהא כחוכא ואיטלולא של''ה מ''מ בליל טבילה לא יפרוש מאשתו מ''א. עכשיו ברחיצה המנהג לאסור ומפני כבוד השבת מותר. ב''ח:  \n\n"
        }, 
        {
            "segmentNumber": "3", 
            "links": [
                {
                    "category": "Halakhah", 
                    "index_title": "Shulchan Arukh, Orach Chayyim", 
                    "sourceHeRef": "אורח חיים תק״נ:ג׳", 
                    "sourceRef": "Shulchan Arukh, Orach Chayyim 550:3"
                }
            ], 
            "he": " <b>כל. </b> לאו דוקא דלעולם אין עשרה בטבת בשבת כמ''ש סימן תכ''ח סעיף ב': \n"
        }, 
        {
            "segmentNumber": "4", 
            "links": [
                {
                    "category": "Halakhah", 
                    "index_title": "Shulchan Arukh, Orach Chayyim", 
                    "sourceHeRef": "אורח חיים תק״נ:ג׳", 
                    "sourceRef": "Shulchan Arukh, Orach Chayyim 550:3"
                }
            ], 
            "he": " <b>בע''ש. </b> וא''א לחול בע''ש אלא עשרה בטבת דאז אין אומרים וידוים במנחה עיין מ''ש סימן תי''ז: \n"
        }, 
        {
            "segmentNumber": "5", 
            "links": [
                {
                    "category": "Halakhah", 
                    "index_title": "Shulchan Arukh, Orach Chayyim", 
                    "sourceHeRef": "אורח חיים תק״נ:ג׳", 
                    "sourceRef": "Shulchan Arukh, Orach Chayyim 550:3"
                }
            ], 
            "he": " <b>החופה. </b> ואסור החתן לשתות מכוס של ברכה מבעוד יום ונותנין לתינוקות עיין סי' תקס''ב סעיף ב' מ''א. וכן כשחל בתוך שבעת ימי החופה ישלים תעניתו אבל יאר צייט אין צריך להתענות תוך שבעה ימי החופה אם נשא בתולה או בחור אלמנה מצאתי בעטרת זקנים ועיין במ''א סי' תקנ''ט סעיף קטן י''א:     \n\n"
        }
    ], 
    "heTitle": "באר היטב אורח חיים", 
    "indexTitle": "Be'er Hetev on Shulchan Arukh, Orach Chayyim", 
    "sectionRef": "Be'er Hetev on Shulchan Arukh, Orach Chayyim 550", 
    "prev": "Be'er Hetev on Shulchan Arukh, Orach Chayyim 549", 
    "ref": "Be'er Hetev on Shulchan Arukh, Orach Chayyim 550", 
    "heRef": "באר היטב אורח חיים תק״נ", 
    "next": "Be'er Hetev on Shulchan Arukh, Orach Chayyim 551"
}