{
    "heTitleVariants": [
        "באר היטב אורח חיים"
    ], 
    "heTitle": "באר היטב אורח חיים", 
    "heRef": "באר היטב אורח חיים כ׳", 
    "toSections": [
        20
    ], 
    "sectionRef": "Be'er Hetev on Shulchan Arukh, Orach Chayyim 20", 
    "next": "Be'er Hetev on Shulchan Arukh, Orach Chayyim 21", 
    "content": [
        {
            "segmentNumber": "1", 
            "he": " <b>מצוייצת. </b> דוקא טלית מצוייצת אבל ציצית אפי' מתגר עכו''ם אסור. ט''ז מ''א: \n", 
            "links": [
                {
                    "category": "Halakhah", 
                    "sourceHeRef": "אורח חיים כ׳:א׳", 
                    "index_title": "Shulchan Arukh, Orach Chayyim", 
                    "sourceRef": "Shulchan Arukh, Orach Chayyim 20:1"
                }
            ], 
            "text": ""
        }, 
        {
            "segmentNumber": "2", 
            "he": " <b>או מתגר עכו''ם. </b> אפי' אינו מוחזק לקנות טליתות רק מוחזק לקנות שאר סחורות מישראל. ב''י ט''ז מ''א: \n", 
            "links": [
                {
                    "category": "Halakhah", 
                    "sourceHeRef": "אורח חיים כ׳:א׳", 
                    "index_title": "Shulchan Arukh, Orach Chayyim", 
                    "sourceRef": "Shulchan Arukh, Orach Chayyim 20:1"
                }
            ], 
            "text": ""
        }, 
        {
            "segmentNumber": "3", 
            "he": " <b>מישראל נאמן. </b> רצה לומר שטוון ושזרן ותלאן לשמן:  \n\n", 
            "links": [
                {
                    "category": "Halakhah", 
                    "sourceHeRef": "אורח חיים כ׳:א׳", 
                    "index_title": "Shulchan Arukh, Orach Chayyim", 
                    "sourceRef": "Shulchan Arukh, Orach Chayyim 20:1"
                }
            ], 
            "text": ""
        }, 
        {
            "segmentNumber": "4", 
            "he": " <b>לעכו''ם. </b> נראה דאפי' לתגר עכו''ם מדלא מפרש הברייתא לגוי שאינו תגר. אבל הב''ח כ' דוקא לגוי שאינו תגר אבל לתגר גוי מוכרין. והמ''א הקשה עליו מפרש''י ע''ש. ואני אומר דמפרש''י אין הוכחה. דמנ''ל פירושו. די''ל כף כוונת הגמרא מן התגר מן הגוי כשרה. ואף ע''פ שאמרו אין מוכרין טלית מצוייצת לגוי. אפ''ה לתגר גוי מותר למכור לו טלית מצוייצת לכתחלה כיון דתגר הוא ליכא למיחש למידי ועיין יד אהרן. כ' המ''א סי' ט''ו ס''ק ב' מוכח מכאן שמותר לעשות מהטלית בת ד' כנפות בגד אחר שלא יהא לו ד' כנפות מדמתיר למכור לעכו''ם הטלית כשנוטל הציצית. אבל אם מוכר טלית לחבירו אסור ליטול הציצית אא''כ רוצה לקבעם בטלית אחר ע''ש. לשלוח ציצית ע''י עכו''ם צריף ב' חותמות. ודוקא אם יש לחוש שנהנה בחליפין ואפשר דאם הם שזורין ומופסקין שרי מ''א. אם מצא טלית מצוייצת או ציצית בשוק יש להכשירו בזמן הזה. עולת תמיד ועיין ב''י והבאר היטב אשר לפני העתיק משם ע''ת יש להחמיר ע''ש ואינו כן:    \n\n", 
            "links": [
                {
                    "category": "Halakhah", 
                    "sourceHeRef": "אורח חיים כ׳:ב׳", 
                    "index_title": "Shulchan Arukh, Orach Chayyim", 
                    "sourceRef": "Shulchan Arukh, Orach Chayyim 20:2"
                }
            ], 
            "text": ""
        }
    ], 
    "book": "Be'er Hetev on Shulchan Arukh, Orach Chayyim", 
    "prev": "Be'er Hetev on Shulchan Arukh, Orach Chayyim 19", 
    "textDepth": 2, 
    "sectionNames": [
        "Siman", 
        "Se'if Katan"
    ], 
    "sections": [
        20
    ], 
    "isComplex": false, 
    "titleVariants": [
        "Ba'er Hetev on Shulchan Arukh, Orach Chayyim", 
        "Baer Hetev on Shulchan Arukh, Orach Chayyim", 
        "Beer Hetev on Shulchan Arukh, Orach Chayyim", 
        "Be'ir Hetev on Shulchan Arukh, Orach Chayyim", 
        "Beir Hetev on Shulchan Arukh, Orach Chayyim", 
        "Be'er Hetev on Shulchan Arukh, Orach Chayyim"
    ], 
    "categories": [
        "Halakhah", 
        "Shulchan Arukh"
    ], 
    "ref": "Be'er Hetev on Shulchan Arukh, Orach Chayyim 20", 
    "type": "Halakhah", 
    "addressTypes": [
        "Integer", 
        "Integer"
    ], 
    "indexTitle": "Be'er Hetev on Shulchan Arukh, Orach Chayyim", 
    "heIndexTitle": "באר היטב אורח חיים", 
    "alts": [], 
    "order": ""
}