{
    "heTitleVariants": [
        "באר היטב אורח חיים"
    ], 
    "heTitle": "באר היטב אורח חיים", 
    "heRef": "באר היטב אורח חיים שט״ז", 
    "toSections": [
        316
    ], 
    "sectionRef": "Be'er Hetev on Shulchan Arukh, Orach Chayyim 316", 
    "next": "Be'er Hetev on Shulchan Arukh, Orach Chayyim 317", 
    "content": [
        {
            "segmentNumber": "1", 
            "he": " <b>ניצודים. </b> לאפוקי בית גדול שאין יכולין לתפשו וכן אם החלונות פתוחים אין צפור ניצוד בו ט''ז. והשולה דגים מן הים לתוך ספל של מים הוי צידה והצד ארי אינו חייב עד שיכניסנו לכיפה שלו שהוא נאסר בה. מ''א:  \n\n", 
            "links": [
                {
                    "category": "Halakhah", 
                    "sourceHeRef": "אורח חיים שט״ז:א׳", 
                    "index_title": "Shulchan Arukh, Orach Chayyim", 
                    "sourceRef": "Shulchan Arukh, Orach Chayyim 316:1"
                }
            ], 
            "text": ""
        }, 
        {
            "segmentNumber": "2", 
            "he": " <b>אחר חיה. </b> כ''כ הכלבו. וז''ל הרמב''ם המשלח כלבים שיצודו צבאים וברח הצבי מפני הכלב והיה הוא רודף אחר הצבי או שעמד בפניו ומבהילו עד שהגיעו הכלב ותפסו חייב וה''ה בעופות עכ''ל משמע דאם לא עושה בעצמו מעשה פטור והכל בו לאיסורא בעלמא קאמר מ''א <small>(ובס' אליהו רבה הוכיח דהוי איסור דאורייתא. וכתב בתשוב' רי''ט סי' רמ''ה ראה צבי ואמר לו תא ניא תא ניא ולא עשה בו מעשה ולא הכניסו למקום המשתמר וישב שם עד הערב אין כאן בית מיחוש כיון שלא נגע בו)</small>: \n", 
            "links": [
                {
                    "category": "Halakhah", 
                    "sourceHeRef": "אורח חיים שט״ז:ב׳", 
                    "index_title": "Shulchan Arukh, Orach Chayyim", 
                    "sourceRef": "Shulchan Arukh, Orach Chayyim 316:2"
                }
            ], 
            "text": ""
        }, 
        {
            "segmentNumber": "3", 
            "he": " <b>מושב. </b> ואינו זוכה לשמחת לויתן ד''מ א''ז וכ''כ במ''ר פ' שמיני:  \n\n", 
            "links": [
                {
                    "category": "Halakhah", 
                    "sourceHeRef": "אורח חיים שט״ז:ב׳", 
                    "index_title": "Shulchan Arukh, Orach Chayyim", 
                    "sourceRef": "Shulchan Arukh, Orach Chayyim 316:2"
                }
            ], 
            "text": ""
        }, 
        {
            "segmentNumber": "4", 
            "he": " <b>יברחו. </b> והב''ח פסק להחמיר וכן עיקר מ''א. וט''ז העלה הא דיש להקל דוקא בספק אם יש שם זבובים וא''צ לדקדק אחר זה ויכול להסגיר התיבה בלי בדיקה אם יש שם זבובים וכ''ש אם יפריח פעם א' ולא חיישינן שמא נשארו עוד אבל אם רואה בודאי שיש שם זבובין יפריח מה שנראה בעיניו ואין חשש יותר עכ''ל ע''ש:  \n\n", 
            "links": [
                {
                    "category": "Halakhah", 
                    "sourceHeRef": "אורח חיים שט״ז:ג׳", 
                    "index_title": "Shulchan Arukh, Orach Chayyim", 
                    "sourceRef": "Shulchan Arukh, Orach Chayyim 316:3"
                }
            ], 
            "text": ""
        }, 
        {
            "segmentNumber": "5", 
            "he": " <b>רישיה. </b> אע''ג דדבורים אין במינן ניצוד וכ''כ מהרש''א וב''ח וא''כ ליכא איסור דאורייתא אפ''ה אסור פסיק רישיה. ואם יש בו חור קטן אך אינו נראה שרי דלא הוי פסיק רישיה תוספות ביצה ועיין במהרש''א שם. הפורס מצודה ובשעת פריסתו נכנס חיה לתוכה חייב אבל אם נכנס אח''כ לתוכה פטור אבל אסור שאינו יודע אם יצוד אם לאו תוספות דף י''ז. ונ''ל דמה''ט אסור להעמיד בשבת המצודה לצוד בו עכברים. מ''א:  \n\n", 
            "links": [
                {
                    "category": "Halakhah", 
                    "sourceHeRef": "אורח חיים שט״ז:ד׳", 
                    "index_title": "Shulchan Arukh, Orach Chayyim", 
                    "sourceRef": "Shulchan Arukh, Orach Chayyim 316:4"
                }
            ], 
            "text": ""
        }, 
        {
            "segmentNumber": "6", 
            "he": " <b>חייבים. </b> ואם אחד אינו יכול והאחד יכול היכול חייב והשני הוי מסייע ואין בו ממש ופטור רמב''ם פ''א. מותר לפתוח הבית מפני הצבי או לפרקו ממצודתו ובלבד שלא יטלטלנו. מ''מ. נכנסה לו צפור תחת כנפיו יושב ומשמרה עד שתחשך גמרא ועיין מ''א:  \n\n", 
            "links": [
                {
                    "category": "Halakhah", 
                    "sourceHeRef": "אורח חיים שט״ז:ה׳", 
                    "index_title": "Shulchan Arukh, Orach Chayyim", 
                    "sourceRef": "Shulchan Arukh, Orach Chayyim 316:5"
                }
            ], 
            "text": ""
        }, 
        {
            "segmentNumber": "7", 
            "he": " <b>העור. </b> י''א דחובל חייב משום מפרק שהוא תולדה דדש ואע''ג דאין דישה אלא בגדולי קרקע בהמה מקרי גדולי קרקע ואינו חייב עד שיצא דם כגרוגרת ממקום למקום וי''א משום צובע וי''א מפני נטילת נשמה שבאותו מקום ולזה הסכימו רוב המפרשים ובחובל באדם או בבהמת חבירו דרך נקמה הרמב''ם מחייב שעושה נחת רוח ליצרו והראב''ד פוטר ע''ש ועיין במ''א סימן רע''ח מש''ש וה''ה בקורע פליגי ונ''ל דחובל לרפואה חייב לכ''ע עיין סי' שכ''ח ס''א: \n", 
            "links": [
                {
                    "category": "Halakhah", 
                    "sourceHeRef": "אורח חיים שט״ז:ח׳", 
                    "index_title": "Shulchan Arukh, Orach Chayyim", 
                    "sourceRef": "Shulchan Arukh, Orach Chayyim 316:8"
                }
            ], 
            "text": ""
        }, 
        {
            "segmentNumber": "8", 
            "he": " <b>שרצים. </b> כיון שעורן רך במהרה נצרר הדם אע''פ שאין שם חבורה: \n", 
            "links": [
                {
                    "category": "Halakhah", 
                    "sourceHeRef": "אורח חיים שט״ז:ח׳", 
                    "index_title": "Shulchan Arukh, Orach Chayyim", 
                    "sourceRef": "Shulchan Arukh, Orach Chayyim 316:8"
                }
            ], 
            "text": ""
        }, 
        {
            "segmentNumber": "9", 
            "he": " <b>פטור. </b> דהוי מלאכה שא''צ לגופה. העלה דג מן הספל של מים והניחו עד שיבש כסלע בין סנפיריו חייב משום נטילת נשמה דשוב אינו יכול לחיות רמב''ם גמ'. וא''כ צריך לזהר שלא יצוה לעכו''ם ליטול דג מן החבית של מים אע''פ שירא שימות. מ''א:  \n\n", 
            "links": [
                {
                    "category": "Halakhah", 
                    "sourceHeRef": "אורח חיים שט״ז:ח׳", 
                    "index_title": "Shulchan Arukh, Orach Chayyim", 
                    "sourceRef": "Shulchan Arukh, Orach Chayyim 316:8"
                }
            ], 
            "text": ""
        }, 
        {
            "segmentNumber": "10", 
            "he": " <b>פרעוש. </b> היינו השחורה הקופצת ופרה ורבה דילפינן ממשכן. אלים מאדמים מה אלים פרים ורבים אף כל שפרה ורבה לכך חייבים על הריגת הפרעוש אבל כינה הלבנה אינה פרה ורבה אלא באה מזיעת האדם אין חייבים על הריגתה אלא אסור מחמת גזירה שמא יהרוג פרעוש ועי' בתשו' חות יאיר סי' קס''ד: \n", 
            "links": [
                {
                    "category": "Halakhah", 
                    "sourceHeRef": "אורח חיים שט״ז:ט׳", 
                    "index_title": "Shulchan Arukh, Orach Chayyim", 
                    "sourceRef": "Shulchan Arukh, Orach Chayyim 316:9"
                }
            ], 
            "text": ""
        }, 
        {
            "segmentNumber": "11", 
            "he": " <b>אסור לצודו. </b> אבל אין חייב על צידה כיון דהוי דבר שאין במינו ניצוד: \n", 
            "links": [
                {
                    "category": "Halakhah", 
                    "sourceHeRef": "אורח חיים שט״ז:ט׳", 
                    "index_title": "Shulchan Arukh, Orach Chayyim", 
                    "sourceRef": "Shulchan Arukh, Orach Chayyim 316:9"
                }
            ], 
            "text": ""
        }, 
        {
            "segmentNumber": "12", 
            "he": " <b>ועוקצו. </b> משמע דאם הוא על בשרו ואינו עוקצו או שהוא על חלוקו מבפנים אסור לצודו אבל י''א דמותר ליטלו מעל בגדיו מבפנים מ''א. וט''ז כתב לענין הלכה כל שאפשר לו להפילו לארץ בלי נטילה ביד בקלות יש לעשות כן אם היא על חלוקו מבפנים אבל אם הוא לבוש בבתי שוקיים וקשה לו להפיל הפרעוש אם לא יטלנו ביד תחלה הסומך על המקילין לא הפסיד וכן אנו רואים מרוב העולם שעושים כן עכ''ל ע''ש: \n", 
            "links": [
                {
                    "category": "Halakhah", 
                    "sourceHeRef": "אורח חיים שט״ז:ט׳", 
                    "index_title": "Shulchan Arukh, Orach Chayyim", 
                    "sourceRef": "Shulchan Arukh, Orach Chayyim 316:9"
                }
            ], 
            "text": ""
        }, 
        {
            "segmentNumber": "13", 
            "he": " <b>להרגו. </b> וההורגו חייב ובתשובת חות יאיר סי' קס''ד אוסר לזורקו במים ע''ש: \n", 
            "links": [
                {
                    "category": "Halakhah", 
                    "sourceHeRef": "אורח חיים שט״ז:ט׳", 
                    "index_title": "Shulchan Arukh, Orach Chayyim", 
                    "sourceRef": "Shulchan Arukh, Orach Chayyim 316:9"
                }
            ], 
            "text": ""
        }, 
        {
            "segmentNumber": "14", 
            "he": " <b>לא יהרגם. </b> כיון שמצויין שם פרעושים גזרינן שמא יהרוג ג''כ פרעושים ומ''מ נ''ל דמותר לזרקן במים מ''א. לא יקח אדם הכנים מעורות שועלים וכדומה משום שהוא מנתק מן הצמר ס''ח סי' רס''ח ועיין סי' ש''מ ס''ב מש''ש. בלילה שאינו יודע אם כנה או פרעוש אל ימיתנה ס''ח שם. התולעים שגדלים בפירות במחובר אסור להרוג דמקרי שרץ גמור. מ''א:  \n\n", 
            "links": [
                {
                    "category": "Halakhah", 
                    "sourceHeRef": "אורח חיים שט״ז:ט׳", 
                    "index_title": "Shulchan Arukh, Orach Chayyim", 
                    "sourceRef": "Shulchan Arukh, Orach Chayyim 316:9"
                }
            ], 
            "text": ""
        }, 
        {
            "segmentNumber": "15", 
            "he": " <b>במתכוין. </b> וכתב המ''א ונ''ל דדוקא בנחש ועקרב שעל פי הרוב הם ממיתין ולכן אף במקום שאין ממיתין מותר לדורסן מפני חשש סכנת נפשות אבל דבר שאין ממית לעולם פשיטא דאסור לדרסו להרמב''ם ואותן אנשים שהורגין השממית שקורין שפי''ן בל''א נ''ל דאיסור גמור הוא דהא אינה מזקת ואף דיש לחוש דיפול לתוך המאכל מ''מ מילתא דלא שכיח הוא ויוכל לכסות המאכלים וגם א' מאלף שהיא מסוכנת במאכל לכן יש למחות בידם עכ''ל:   \n\n", 
            "links": [
                {
                    "category": "Halakhah", 
                    "sourceHeRef": "אורח חיים שט״ז:י׳", 
                    "index_title": "Shulchan Arukh, Orach Chayyim", 
                    "sourceRef": "Shulchan Arukh, Orach Chayyim 316:10"
                }
            ], 
            "text": ""
        }, 
        {
            "segmentNumber": "16", 
            "he": " <b>קרקע. </b> משמע דע''ג רצפה שרי לדעת המתירין כיבוד במרוצף עיין סי' של''ז ס''ב וע''ג ספסל לכ''ע שרי מ''א וכתב מהרי''ל דמותר להעמיד רגליו עליו ובלבד שלא ישפשף וכ''כ הגמ''נ: \n", 
            "links": [
                {
                    "category": "Halakhah", 
                    "sourceHeRef": "אורח חיים שט״ז:י״א", 
                    "index_title": "Shulchan Arukh, Orach Chayyim", 
                    "sourceRef": "Shulchan Arukh, Orach Chayyim 316:11"
                }
            ], 
            "text": ""
        }, 
        {
            "segmentNumber": "17", 
            "he": " <b>מאיסותא. </b> נ''ל דהאידנא דליכא דקפיד ברוק משום מאיסותא יזהר שלא ישפשף כשדורס עליו ואפשר שזהו כוונת מהרי''ל אבל ליחה היוצאת מן הפה או מן החוטם ודאי איכא משום מאיסותא ובבה''כ אפי' ברוק שרי עיין סי' צ' סי''ג. מ''א:   \n\n", 
            "links": [
                {
                    "category": "Halakhah", 
                    "sourceHeRef": "אורח חיים שט״ז:י״א", 
                    "index_title": "Shulchan Arukh, Orach Chayyim", 
                    "sourceRef": "Shulchan Arukh, Orach Chayyim 316:11"
                }
            ], 
            "text": ""
        }, 
        {
            "segmentNumber": "18", 
            "he": " <b>צדן. </b> עיין בתשובת מ''ב סי' ס' דמסיק שס דאף אווזין ותרנגולים שעדיין לא הורגלו בבית כשאין באין מעצמן לכלובן לערב הצדן חייב חטאת ואם הורגלו ובאו לכלובן לערב אף שאר עופות פטור אבל אסור ואם יצאו מהבית ומתיירא שלא יאבדו אע''פ שאסור לצודן דוחין אותן כדי להכניסן להבית משום פסידא מ''מ לטלטל ולתפוס אותן אסור אבל עופות שלא הורגלו אסורין לדחותן עט''ז ומ''א. ובאגודה כתב אם תינוקות קטנים או עכו''ם צדין אותן להחזירן אין מוחין להם:     \n\n", 
            "links": [
                {
                    "category": "Halakhah", 
                    "sourceHeRef": "אורח חיים שט״ז:י״ב", 
                    "index_title": "Shulchan Arukh, Orach Chayyim", 
                    "sourceRef": "Shulchan Arukh, Orach Chayyim 316:12"
                }
            ], 
            "text": ""
        }
    ], 
    "book": "Be'er Hetev on Shulchan Arukh, Orach Chayyim", 
    "prev": "Be'er Hetev on Shulchan Arukh, Orach Chayyim 315", 
    "textDepth": 2, 
    "sectionNames": [
        "Siman", 
        "Se'if Katan"
    ], 
    "sections": [
        316
    ], 
    "isComplex": false, 
    "titleVariants": [
        "Ba'er Hetev on Shulchan Arukh, Orach Chayyim", 
        "Baer Hetev on Shulchan Arukh, Orach Chayyim", 
        "Beer Hetev on Shulchan Arukh, Orach Chayyim", 
        "Be'ir Hetev on Shulchan Arukh, Orach Chayyim", 
        "Beir Hetev on Shulchan Arukh, Orach Chayyim", 
        "Be'er Hetev on Shulchan Arukh, Orach Chayyim"
    ], 
    "categories": [
        "Halakhah", 
        "Shulchan Arukh"
    ], 
    "ref": "Be'er Hetev on Shulchan Arukh, Orach Chayyim 316", 
    "type": "Halakhah", 
    "addressTypes": [
        "Integer", 
        "Integer"
    ], 
    "indexTitle": "Be'er Hetev on Shulchan Arukh, Orach Chayyim", 
    "heIndexTitle": "באר היטב אורח חיים", 
    "alts": [], 
    "order": ""
}