{
    "content": [
        {
            "segmentNumber": "1", 
            "links": [
                {
                    "category": "Halakhah", 
                    "index_title": "Shulchan Arukh, Orach Chayyim", 
                    "sourceHeRef": "אורח חיים רי״ח:א׳", 
                    "sourceRef": "Shulchan Arukh, Orach Chayyim 218:1"
                }
            ], 
            "he": " <b>הים. </b> דוקא הנך שניכר הנס מתוך המקום אבל בלא''ה כגון סביב ירושלים שנפלה מחנה סנחריב אין מברכין מיהו על נס שלו אפי' אינו ניכר מתוך המקום מברך. מ''א:  \n\n"
        }, 
        {
            "segmentNumber": "2", 
            "links": [
                {
                    "category": "Halakhah", 
                    "index_title": "Shulchan Arukh, Orach Chayyim", 
                    "sourceHeRef": "אורח חיים רי״ח:ב׳", 
                    "sourceRef": "Shulchan Arukh, Orach Chayyim 218:2"
                }
            ], 
            "he": " <b>שבטים. </b> עיין מ''א והיד אהרן הקשה עליו:  \n\n"
        }, 
        {
            "segmentNumber": "3", 
            "links": [
                {
                    "category": "Halakhah", 
                    "index_title": "Shulchan Arukh, Orach Chayyim", 
                    "sourceHeRef": "אורח חיים רי״ח:ג׳", 
                    "sourceRef": "Shulchan Arukh, Orach Chayyim 218:3"
                }
            ], 
            "he": " <b>לשלשים. </b> וצריך שיהיו ל' יום חוץ מיום שראה בו ויום שעומד בו כגון אם ראה ביום א' צריך שיראה ביום ד' מ''א ע''ש ועיין יד אהרן:  \n\n"
        }, 
        {
            "segmentNumber": "4", 
            "links": [
                {
                    "category": "Halakhah", 
                    "index_title": "Shulchan Arukh, Orach Chayyim", 
                    "sourceHeRef": "אורח חיים רי״ח:ד׳", 
                    "sourceRef": "Shulchan Arukh, Orach Chayyim 218:4"
                }
            ], 
            "he": " <b>לי נס. </b> משמע בשבת דף ל''ג כשנעשה לאדם נס יתקן איזה צרכי רבים בעיר: \n"
        }, 
        {
            "segmentNumber": "5", 
            "links": [
                {
                    "category": "Halakhah", 
                    "index_title": "Shulchan Arukh, Orach Chayyim", 
                    "sourceHeRef": "אורח חיים רי״ח:ד׳", 
                    "sourceRef": "Shulchan Arukh, Orach Chayyim 218:4"
                }
            ], 
            "he": " <b>יריכו. </b> אפי' אותן שנולדו קודם לכן מ''א ע''ש. והיד אהרן חולק עליו ופסק דוקא בנולדים אחר הנס חייבים לברך ע''ש ואם רבים הם יוצאי חלציו ורואים כ''א המקום ההוא יאמרו שעשה נס לאבותינו:  \n\n"
        }, 
        {
            "segmentNumber": "6", 
            "links": [
                {
                    "category": "Halakhah", 
                    "index_title": "Shulchan Arukh, Orach Chayyim", 
                    "sourceHeRef": "אורח חיים רי״ח:ה׳", 
                    "sourceRef": "Shulchan Arukh, Orach Chayyim 218:5"
                }
            ], 
            "he": " <b>המקומות. </b> אבל יוצאי יריכו א''צ להזכיר שאר המקומות. מ''א:  \n\n"
        }, 
        {
            "segmentNumber": "7", 
            "links": [
                {
                    "category": "Halakhah", 
                    "index_title": "Shulchan Arukh, Orach Chayyim", 
                    "sourceHeRef": "אורח חיים רי״ח:ו׳", 
                    "sourceRef": "Shulchan Arukh, Orach Chayyim 218:6"
                }
            ], 
            "he": " <b>האדם. </b> וה''ה אם רואה הרבים. מ''א:  \n\n"
        }, 
        {
            "segmentNumber": "8", 
            "links": [
                {
                    "category": "Halakhah", 
                    "index_title": "Shulchan Arukh, Orach Chayyim", 
                    "sourceHeRef": "אורח חיים רי״ח:ז׳", 
                    "sourceRef": "Shulchan Arukh, Orach Chayyim 218:7"
                }
            ], 
            "he": " <b>כיואב. </b> ואין עתה כיוצא בו:  \n\n"
        }, 
        {
            "segmentNumber": "9", 
            "links": [
                {
                    "category": "Halakhah", 
                    "index_title": "Shulchan Arukh, Orach Chayyim", 
                    "sourceHeRef": "אורח חיים רי״ח:ט׳", 
                    "sourceRef": "Shulchan Arukh, Orach Chayyim 218:9"
                }
            ], 
            "he": " <b>העולם. </b> כגון שנפל עליו אריה או גמלא פריצא: \n"
        }, 
        {
            "segmentNumber": "10", 
            "links": [
                {
                    "category": "Halakhah", 
                    "index_title": "Shulchan Arukh, Orach Chayyim", 
                    "sourceHeRef": "אורח חיים רי״ח:ט׳", 
                    "sourceRef": "Shulchan Arukh, Orach Chayyim 218:9"
                }
            ], 
            "he": " <b>לברך. </b> פי' על הנס אבל הגומל חייב לברך ט''ז עי' סוף סי' רי''ט:     \n\n"
        }
    ], 
    "heTitle": "באר היטב אורח חיים", 
    "indexTitle": "Be'er Hetev on Shulchan Arukh, Orach Chayyim", 
    "sectionRef": "Be'er Hetev on Shulchan Arukh, Orach Chayyim 218", 
    "prev": "Be'er Hetev on Shulchan Arukh, Orach Chayyim 217", 
    "ref": "Be'er Hetev on Shulchan Arukh, Orach Chayyim 218", 
    "heRef": "באר היטב אורח חיים רי״ח", 
    "next": "Be'er Hetev on Shulchan Arukh, Orach Chayyim 219"
}