{
    "heTitleVariants": [
        "באר היטב אורח חיים"
    ], 
    "heTitle": "באר היטב אורח חיים", 
    "heRef": "באר היטב אורח חיים תע״ד", 
    "toSections": [
        474
    ], 
    "sectionRef": "Be'er Hetev on Shulchan Arukh, Orach Chayyim 474", 
    "next": "Be'er Hetev on Shulchan Arukh, Orach Chayyim 475", 
    "content": [], 
    "book": "Be'er Hetev on Shulchan Arukh, Orach Chayyim", 
    "prev": "Be'er Hetev on Shulchan Arukh, Orach Chayyim 473", 
    "textDepth": 2, 
    "sectionNames": [
        "Siman", 
        "Se'if Katan"
    ], 
    "sections": [
        474
    ], 
    "isComplex": false, 
    "titleVariants": [
        "Ba'er Hetev on Shulchan Arukh, Orach Chayyim", 
        "Baer Hetev on Shulchan Arukh, Orach Chayyim", 
        "Beer Hetev on Shulchan Arukh, Orach Chayyim", 
        "Be'ir Hetev on Shulchan Arukh, Orach Chayyim", 
        "Beir Hetev on Shulchan Arukh, Orach Chayyim", 
        "Be'er Hetev on Shulchan Arukh, Orach Chayyim"
    ], 
    "categories": [
        "Halakhah", 
        "Shulchan Arukh"
    ], 
    "ref": "Be'er Hetev on Shulchan Arukh, Orach Chayyim 474", 
    "type": "Halakhah", 
    "addressTypes": [
        "Integer", 
        "Integer"
    ], 
    "indexTitle": "Be'er Hetev on Shulchan Arukh, Orach Chayyim", 
    "heIndexTitle": "באר היטב אורח חיים", 
    "alts": [], 
    "order": ""
}