{
    "heTitleVariants": [
        "צוואות הריב\"ש"
    ], 
    "heTitle": "צוואות הריב\"ש", 
    "heRef": "צוואות הריב\"ש קמ״ב", 
    "toSections": [
        142
    ], 
    "sectionRef": "Tzavot HaRivash", 
    "next": null, 
    "content": [
        {
            "segmentNumber": "1", 
            "he": "<", 
            "links": [], 
            "text": ""
        }, 
        {
            "segmentNumber": "2", 
            "he": "b", 
            "links": [], 
            "text": ""
        }, 
        {
            "segmentNumber": "3", 
            "he": ">", 
            "links": [], 
            "text": ""
        }, 
        {
            "segmentNumber": "4", 
            "he": "ח", 
            "links": [], 
            "text": ""
        }, 
        {
            "segmentNumber": "5", 
            "he": ")", 
            "links": [], 
            "text": ""
        }, 
        {
            "segmentNumber": "6", 
            "he": " ", 
            "links": [], 
            "text": ""
        }, 
        {
            "segmentNumber": "7", 
            "he": "ת", 
            "links": [], 
            "text": ""
        }, 
        {
            "segmentNumber": "8", 
            "he": "ר", 
            "links": [], 
            "text": ""
        }, 
        {
            "segmentNumber": "9", 
            "he": "ג", 
            "links": [], 
            "text": ""
        }, 
        {
            "segmentNumber": "10", 
            "he": "ל", 
            "links": [], 
            "text": ""
        }, 
        {
            "segmentNumber": "11", 
            "he": "ו", 
            "links": [], 
            "text": ""
        }, 
        {
            "segmentNumber": "12", 
            "he": " ", 
            "links": [], 
            "text": ""
        }, 
        {
            "segmentNumber": "13", 
            "he": "<", 
            "links": [], 
            "text": ""
        }, 
        {
            "segmentNumber": "14", 
            "he": "/", 
            "links": [], 
            "text": ""
        }, 
        {
            "segmentNumber": "15", 
            "he": "b", 
            "links": [], 
            "text": ""
        }, 
        {
            "segmentNumber": "16", 
            "he": ">", 
            "links": [], 
            "text": ""
        }, 
        {
            "segmentNumber": "17", 
            "he": " ", 
            "links": [], 
            "text": ""
        }, 
        {
            "segmentNumber": "18", 
            "he": "ע", 
            "links": [], 
            "text": ""
        }, 
        {
            "segmentNumber": "19", 
            "he": "צ", 
            "links": [], 
            "text": ""
        }, 
        {
            "segmentNumber": "20", 
            "he": "מ", 
            "links": [], 
            "text": ""
        }, 
        {
            "segmentNumber": "21", 
            "he": "י", 
            "links": [], 
            "text": ""
        }, 
        {
            "segmentNumber": "22", 
            "he": "כ", 
            "links": [], 
            "text": ""
        }, 
        {
            "segmentNumber": "23", 
            "he": "ם", 
            "links": [], 
            "text": ""
        }, 
        {
            "segmentNumber": "24", 
            "he": " ", 
            "links": [], 
            "text": ""
        }, 
        {
            "segmentNumber": "25", 
            "he": "ת", 
            "links": [], 
            "text": ""
        }, 
        {
            "segmentNumber": "26", 
            "he": "מ", 
            "links": [], 
            "text": ""
        }, 
        {
            "segmentNumber": "27", 
            "he": "י", 
            "links": [], 
            "text": ""
        }, 
        {
            "segmentNumber": "28", 
            "he": "ד", 
            "links": [], 
            "text": ""
        }, 
        {
            "segmentNumber": "29", 
            "he": " ", 
            "links": [], 
            "text": ""
        }, 
        {
            "segmentNumber": "30", 
            "he": "ע", 
            "links": [], 
            "text": ""
        }, 
        {
            "segmentNumber": "31", 
            "he": "ל", 
            "links": [], 
            "text": ""
        }, 
        {
            "segmentNumber": "32", 
            "he": " ", 
            "links": [], 
            "text": ""
        }, 
        {
            "segmentNumber": "33", 
            "he": "ש", 
            "links": [], 
            "text": ""
        }, 
        {
            "segmentNumber": "34", 
            "he": "פ", 
            "links": [], 
            "text": ""
        }, 
        {
            "segmentNumber": "35", 
            "he": "ל", 
            "links": [], 
            "text": ""
        }, 
        {
            "segmentNumber": "36", 
            "he": "ו", 
            "links": [], 
            "text": ""
        }, 
        {
            "segmentNumber": "37", 
            "he": "ת", 
            "links": [], 
            "text": ""
        }, 
        {
            "segmentNumber": "38", 
            "he": " ", 
            "links": [], 
            "text": ""
        }, 
        {
            "segmentNumber": "39", 
            "he": "ו", 
            "links": [], 
            "text": ""
        }, 
        {
            "segmentNumber": "40", 
            "he": "ע", 
            "links": [], 
            "text": ""
        }, 
        {
            "segmentNumber": "41", 
            "he": "נ", 
            "links": [], 
            "text": ""
        }, 
        {
            "segmentNumber": "42", 
            "he": "ו", 
            "links": [], 
            "text": ""
        }, 
        {
            "segmentNumber": "43", 
            "he": "ה", 
            "links": [], 
            "text": ""
        }, 
        {
            "segmentNumber": "44", 
            "he": " ", 
            "links": [], 
            "text": ""
        }, 
        {
            "segmentNumber": "45", 
            "he": "ו", 
            "links": [], 
            "text": ""
        }, 
        {
            "segmentNumber": "46", 
            "he": "ת", 
            "links": [], 
            "text": ""
        }, 
        {
            "segmentNumber": "47", 
            "he": "ה", 
            "links": [], 
            "text": ""
        }, 
        {
            "segmentNumber": "48", 
            "he": "י", 
            "links": [], 
            "text": ""
        }, 
        {
            "segmentNumber": "49", 
            "he": "ו", 
            "links": [], 
            "text": ""
        }, 
        {
            "segmentNumber": "50", 
            "he": " ", 
            "links": [], 
            "text": ""
        }, 
        {
            "segmentNumber": "51", 
            "he": "ש", 
            "links": [], 
            "text": ""
        }, 
        {
            "segmentNumber": "52", 
            "he": "פ", 
            "links": [], 
            "text": ""
        }, 
        {
            "segmentNumber": "53", 
            "he": "ל", 
            "links": [], 
            "text": ""
        }, 
        {
            "segmentNumber": "54", 
            "he": "י", 
            "links": [], 
            "text": ""
        }, 
        {
            "segmentNumber": "55", 
            "he": "ם", 
            "links": [], 
            "text": ""
        }, 
        {
            "segmentNumber": "56", 
            "he": " ", 
            "links": [], 
            "text": ""
        }, 
        {
            "segmentNumber": "57", 
            "he": "ו", 
            "links": [], 
            "text": ""
        }, 
        {
            "segmentNumber": "58", 
            "he": "נ", 
            "links": [], 
            "text": ""
        }, 
        {
            "segmentNumber": "59", 
            "he": "ב", 
            "links": [], 
            "text": ""
        }, 
        {
            "segmentNumber": "60", 
            "he": "ז", 
            "links": [], 
            "text": ""
        }, 
        {
            "segmentNumber": "61", 
            "he": "י", 
            "links": [], 
            "text": ""
        }, 
        {
            "segmentNumber": "62", 
            "he": "ם", 
            "links": [], 
            "text": ""
        }, 
        {
            "segmentNumber": "63", 
            "he": " ", 
            "links": [], 
            "text": ""
        }, 
        {
            "segmentNumber": "64", 
            "he": "ב", 
            "links": [], 
            "text": ""
        }, 
        {
            "segmentNumber": "65", 
            "he": "ע", 
            "links": [], 
            "text": ""
        }, 
        {
            "segmentNumber": "66", 
            "he": "י", 
            "links": [], 
            "text": ""
        }, 
        {
            "segmentNumber": "67", 
            "he": "נ", 
            "links": [], 
            "text": ""
        }, 
        {
            "segmentNumber": "68", 
            "he": "י", 
            "links": [], 
            "text": ""
        }, 
        {
            "segmentNumber": "69", 
            "he": "כ", 
            "links": [], 
            "text": ""
        }, 
        {
            "segmentNumber": "70", 
            "he": "ם", 
            "links": [], 
            "text": ""
        }, 
        {
            "segmentNumber": "71", 
            "he": " ", 
            "links": [], 
            "text": ""
        }, 
        {
            "segmentNumber": "72", 
            "he": "ל", 
            "links": [], 
            "text": ""
        }, 
        {
            "segmentNumber": "73", 
            "he": "פ", 
            "links": [], 
            "text": ""
        }, 
        {
            "segmentNumber": "74", 
            "he": "נ", 
            "links": [], 
            "text": ""
        }, 
        {
            "segmentNumber": "75", 
            "he": "י", 
            "links": [], 
            "text": ""
        }, 
        {
            "segmentNumber": "76", 
            "he": " ", 
            "links": [], 
            "text": ""
        }, 
        {
            "segmentNumber": "77", 
            "he": "כ", 
            "links": [], 
            "text": ""
        }, 
        {
            "segmentNumber": "78", 
            "he": "ל", 
            "links": [], 
            "text": ""
        }, 
        {
            "segmentNumber": "79", 
            "he": " ", 
            "links": [], 
            "text": ""
        }, 
        {
            "segmentNumber": "80", 
            "he": "א", 
            "links": [], 
            "text": ""
        }, 
        {
            "segmentNumber": "81", 
            "he": "ד", 
            "links": [], 
            "text": ""
        }, 
        {
            "segmentNumber": "82", 
            "he": "ם", 
            "links": [], 
            "text": ""
        }, 
        {
            "segmentNumber": "83", 
            "he": " ", 
            "links": [], 
            "text": ""
        }, 
        {
            "segmentNumber": "84", 
            "he": "ע", 
            "links": [], 
            "text": ""
        }, 
        {
            "segmentNumber": "85", 
            "he": "ד", 
            "links": [], 
            "text": ""
        }, 
        {
            "segmentNumber": "86", 
            "he": " ", 
            "links": [], 
            "text": ""
        }, 
        {
            "segmentNumber": "87", 
            "he": "מ", 
            "links": [], 
            "text": ""
        }, 
        {
            "segmentNumber": "88", 
            "he": "א", 
            "links": [], 
            "text": ""
        }, 
        {
            "segmentNumber": "89", 
            "he": "ד", 
            "links": [], 
            "text": ""
        }, 
        {
            "segmentNumber": "90", 
            "he": " ", 
            "links": [], 
            "text": ""
        }, 
        {
            "segmentNumber": "91", 
            "he": "מ", 
            "links": [], 
            "text": ""
        }, 
        {
            "segmentNumber": "92", 
            "he": "א", 
            "links": [], 
            "text": ""
        }, 
        {
            "segmentNumber": "93", 
            "he": "ד", 
            "links": [], 
            "text": ""
        }, 
        {
            "segmentNumber": "94", 
            "he": " ", 
            "links": [], 
            "text": ""
        }, 
        {
            "segmentNumber": "95", 
            "he": "ו", 
            "links": [], 
            "text": ""
        }, 
        {
            "segmentNumber": "96", 
            "he": "ב", 
            "links": [], 
            "text": ""
        }, 
        {
            "segmentNumber": "97", 
            "he": "פ", 
            "links": [], 
            "text": ""
        }, 
        {
            "segmentNumber": "98", 
            "he": "ר", 
            "links": [], 
            "text": ""
        }, 
        {
            "segmentNumber": "99", 
            "he": "ט", 
            "links": [], 
            "text": ""
        }, 
        {
            "segmentNumber": "100", 
            "he": " ", 
            "links": [], 
            "text": ""
        }, 
        {
            "segmentNumber": "101", 
            "he": "ל", 
            "links": [], 
            "text": ""
        }, 
        {
            "segmentNumber": "102", 
            "he": "פ", 
            "links": [], 
            "text": ""
        }, 
        {
            "segmentNumber": "103", 
            "he": "נ", 
            "links": [], 
            "text": ""
        }, 
        {
            "segmentNumber": "104", 
            "he": "י", 
            "links": [], 
            "text": ""
        }, 
        {
            "segmentNumber": "105", 
            "he": " ", 
            "links": [], 
            "text": ""
        }, 
        {
            "segmentNumber": "106", 
            "he": "ת", 
            "links": [], 
            "text": ""
        }, 
        {
            "segmentNumber": "107", 
            "he": "ל", 
            "links": [], 
            "text": ""
        }, 
        {
            "segmentNumber": "108", 
            "he": "מ", 
            "links": [], 
            "text": ""
        }, 
        {
            "segmentNumber": "109", 
            "he": "י", 
            "links": [], 
            "text": ""
        }, 
        {
            "segmentNumber": "110", 
            "he": "ד", 
            "links": [], 
            "text": ""
        }, 
        {
            "segmentNumber": "111", 
            "he": "י", 
            "links": [], 
            "text": ""
        }, 
        {
            "segmentNumber": "112", 
            "he": " ", 
            "links": [], 
            "text": ""
        }, 
        {
            "segmentNumber": "113", 
            "he": "ח", 
            "links": [], 
            "text": ""
        }, 
        {
            "segmentNumber": "114", 
            "he": "כ", 
            "links": [], 
            "text": ""
        }, 
        {
            "segmentNumber": "115", 
            "he": "מ", 
            "links": [], 
            "text": ""
        }, 
        {
            "segmentNumber": "116", 
            "he": "י", 
            "links": [], 
            "text": ""
        }, 
        {
            "segmentNumber": "117", 
            "he": "ם", 
            "links": [], 
            "text": ""
        }, 
        {
            "segmentNumber": "118", 
            "he": " ", 
            "links": [], 
            "text": ""
        }, 
        {
            "segmentNumber": "119", 
            "he": "ו", 
            "links": [], 
            "text": ""
        }, 
        {
            "segmentNumber": "120", 
            "he": "י", 
            "links": [], 
            "text": ""
        }, 
        {
            "segmentNumber": "121", 
            "he": "ר", 
            "links": [], 
            "text": ""
        }, 
        {
            "segmentNumber": "122", 
            "he": "א", 
            "links": [], 
            "text": ""
        }, 
        {
            "segmentNumber": "123", 
            "he": "י", 
            "links": [], 
            "text": ""
        }, 
        {
            "segmentNumber": "124", 
            "he": " ", 
            "links": [], 
            "text": ""
        }, 
        {
            "segmentNumber": "125", 
            "he": "ש", 
            "links": [], 
            "text": ""
        }, 
        {
            "segmentNumber": "126", 
            "he": "מ", 
            "links": [], 
            "text": ""
        }, 
        {
            "segmentNumber": "127", 
            "he": "י", 
            "links": [], 
            "text": ""
        }, 
        {
            "segmentNumber": "128", 
            "he": "ם", 
            "links": [], 
            "text": ""
        }, 
        {
            "segmentNumber": "129", 
            "he": " ", 
            "links": [], 
            "text": ""
        }, 
        {
            "segmentNumber": "130", 
            "he": "א", 
            "links": [], 
            "text": ""
        }, 
        {
            "segmentNumber": "131", 
            "he": "מ", 
            "links": [], 
            "text": ""
        }, 
        {
            "segmentNumber": "132", 
            "he": "י", 
            "links": [], 
            "text": ""
        }, 
        {
            "segmentNumber": "133", 
            "he": "ת", 
            "links": [], 
            "text": ""
        }, 
        {
            "segmentNumber": "134", 
            "he": "י", 
            "links": [], 
            "text": ""
        }, 
        {
            "segmentNumber": "135", 
            "he": "ם", 
            "links": [], 
            "text": ""
        }, 
        {
            "segmentNumber": "136", 
            "he": " ", 
            "links": [], 
            "text": ""
        }, 
        {
            "segmentNumber": "137", 
            "he": "כ", 
            "links": [], 
            "text": ""
        }, 
        {
            "segmentNumber": "138", 
            "he": "י", 
            "links": [], 
            "text": ""
        }, 
        {
            "segmentNumber": "139", 
            "he": " ", 
            "links": [], 
            "text": ""
        }, 
        {
            "segmentNumber": "140", 
            "he": "ז", 
            "links": [], 
            "text": ""
        }, 
        {
            "segmentNumber": "141", 
            "he": "ה", 
            "links": [], 
            "text": ""
        }, 
        {
            "segmentNumber": "142", 
            "he": " ", 
            "links": [], 
            "text": ""
        }, 
        {
            "segmentNumber": "143", 
            "he": "ה", 
            "links": [], 
            "text": ""
        }, 
        {
            "segmentNumber": "144", 
            "he": "י", 
            "links": [], 
            "text": ""
        }, 
        {
            "segmentNumber": "145", 
            "he": "ו", 
            "links": [], 
            "text": ""
        }, 
        {
            "segmentNumber": "146", 
            "he": " ", 
            "links": [], 
            "text": ""
        }, 
        {
            "segmentNumber": "147", 
            "he": "כ", 
            "links": [], 
            "text": ""
        }, 
        {
            "segmentNumber": "148", 
            "he": "ל", 
            "links": [], 
            "text": ""
        }, 
        {
            "segmentNumber": "149", 
            "he": " ", 
            "links": [], 
            "text": ""
        }, 
        {
            "segmentNumber": "150", 
            "he": "מ", 
            "links": [], 
            "text": ""
        }, 
        {
            "segmentNumber": "151", 
            "he": "ג", 
            "links": [], 
            "text": ""
        }, 
        {
            "segmentNumber": "152", 
            "he": "מ", 
            "links": [], 
            "text": ""
        }, 
        {
            "segmentNumber": "153", 
            "he": "ו", 
            "links": [], 
            "text": ""
        }, 
        {
            "segmentNumber": "154", 
            "he": "ת", 
            "links": [], 
            "text": ""
        }, 
        {
            "segmentNumber": "155", 
            "he": "י", 
            "links": [], 
            "text": ""
        }, 
        {
            "segmentNumber": "156", 
            "he": " ", 
            "links": [], 
            "text": ""
        }, 
        {
            "segmentNumber": "157", 
            "he": "ו", 
            "links": [], 
            "text": ""
        }, 
        {
            "segmentNumber": "158", 
            "he": "ר", 
            "links": [], 
            "text": ""
        }, 
        {
            "segmentNumber": "159", 
            "he": "צ", 
            "links": [], 
            "text": ""
        }, 
        {
            "segmentNumber": "160", 
            "he": "ו", 
            "links": [], 
            "text": ""
        }, 
        {
            "segmentNumber": "161", 
            "he": "נ", 
            "links": [], 
            "text": ""
        }, 
        {
            "segmentNumber": "162", 
            "he": "י", 
            "links": [], 
            "text": ""
        }, 
        {
            "segmentNumber": "163", 
            "he": " ", 
            "links": [], 
            "text": ""
        }, 
        {
            "segmentNumber": "164", 
            "he": "ב", 
            "links": [], 
            "text": ""
        }, 
        {
            "segmentNumber": "165", 
            "he": "ח", 
            "links": [], 
            "text": ""
        }, 
        {
            "segmentNumber": "166", 
            "he": "י", 
            "links": [], 
            "text": ""
        }, 
        {
            "segmentNumber": "167", 
            "he": "י", 
            "links": [], 
            "text": ""
        }, 
        {
            "segmentNumber": "168", 
            "he": "ם", 
            "links": [], 
            "text": ""
        }, 
        {
            "segmentNumber": "169", 
            "he": ":", 
            "links": [], 
            "text": ""
        }, 
        {
            "segmentNumber": "170", 
            "he": " ", 
            "links": [], 
            "text": ""
        }
    ], 
    "book": "Tzavot HaRivash", 
    "prev": null, 
    "textDepth": 1, 
    "sectionNames": [
        "Chapter"
    ], 
    "sections": [
        142
    ], 
    "isComplex": false, 
    "titleVariants": [
        "Tzavot HaRivash"
    ], 
    "categories": [
        "Musar"
    ], 
    "ref": "Tzavot HaRivash 142", 
    "type": "Musar", 
    "addressTypes": [
        "Integer"
    ], 
    "indexTitle": "Tzavot HaRivash", 
    "heIndexTitle": "צוואות הריב\"ש", 
    "alts": [], 
    "order": ""
}