{
    "heTitleVariants": [
        "אבן עזרא על משלי"
    ], 
    "heTitle": "אבן עזרא על משלי", 
    "commentaryBook": "Proverbs", 
    "heRef": "אבן עזרא על משלי ט״ז", 
    "toSections": [
        16
    ], 
    "sectionRef": "Ibn Ezra on Proverbs 16", 
    "title": "Ibn Ezra on Proverbs 16", 
    "lengths": [
        31, 
        915
    ], 
    "next": "Ibn Ezra on Proverbs 17:1", 
    "content": [
        {
            "segmentNumber": "1", 
            "he": [
                "[א-ד] לאדם, כל, גול, כל - ד' דבקים. מערכי לב שיערוך בלבו המחשבות ומאת השם דבור הלשון, שהוא יוציאנו כי טרם הדבור ידענו כענין אין מלה בלשוני, והשם שיודע ומערכי לב רואה מענה איש וזהו כל דרכי איש שהוא זך ונקי, בעיניו רואה השם דרכיו, כי הוא תוכן הרוחות לעשות רצונו."
            ], 
            "links": [
                {
                    "category": "Tanach", 
                    "sourceHeRef": "משלי ט״ז:א׳", 
                    "sourceRef": "Proverbs 16:1", 
                    "ref": "Proverbs 16:1"
                }
            ], 
            "text": ""
        }, 
        {
            "segmentNumber": "2", 
            "he": [], 
            "links": [], 
            "text": ""
        }, 
        {
            "segmentNumber": "3", 
            "he": [
                "גול - עם המוזהר ידבר, כלומר הודיעהו דרכיו כי הכל יפעל השם למען הזך ויתן שאלתו ויעשה חפצו באשר ישאל, וכאשר תגול אליו ימלא משאלותיך, וגם לרבות על משאלות הזך, כלומר אפילו גם הרשע יבוא ליום רעה, שלא יזיק לזך."
            ], 
            "links": [
                {
                    "category": "Tanach", 
                    "sourceHeRef": "משלי ט״ז:ג׳", 
                    "sourceRef": "Proverbs 16:3", 
                    "ref": "Proverbs 16:3"
                }
            ], 
            "text": ""
        }, 
        {
            "segmentNumber": "4", 
            "he": [], 
            "links": [], 
            "text": ""
        }, 
        {
            "segmentNumber": "5", 
            "he": [
                "יד ליד - יד השם בעבור יד הרשע, כלומר יד השם תשחיתהו בעבור ידו שתעשוק, על כן לא יהי נקי, כי יקבל שכרו."
            ], 
            "links": [
                {
                    "category": "Tanach", 
                    "sourceHeRef": "משלי ט״ז:ה׳", 
                    "sourceRef": "Proverbs 16:5", 
                    "ref": "Proverbs 16:5"
                }
            ], 
            "text": ""
        }, 
        {
            "segmentNumber": "6", 
            "he": [
                "סור - היראה גוררת שיסור מרע."
            ], 
            "links": [
                {
                    "category": "Tanach", 
                    "sourceHeRef": "משלי ט״ז:ו׳", 
                    "sourceRef": "Proverbs 16:6", 
                    "ref": "Proverbs 16:6"
                }
            ], 
            "text": ""
        }, 
        {
            "segmentNumber": "7", 
            "he": [
                "ישלים - יביאם בברית שלם עמו ומלת גם לרבות על הרצון."
            ], 
            "links": [
                {
                    "category": "Tanach", 
                    "sourceHeRef": "משלי ט״ז:ז׳", 
                    "sourceRef": "Proverbs 16:7", 
                    "ref": "Proverbs 16:7"
                }
            ], 
            "text": ""
        }, 
        {
            "segmentNumber": "8", 
            "he": [
                "טוב מעט - ממון מקובץ בצדקה מהמון רבה, מקובץ ברשע. ", 
                "בלא משפט - ולא יעשה צדקה כמשפט."
            ], 
            "links": [
                {
                    "category": "Tanach", 
                    "sourceHeRef": "משלי ט״ז:ח׳", 
                    "sourceRef": "Proverbs 16:8", 
                    "ref": "Proverbs 16:8"
                }, 
                {
                    "category": "Tanach", 
                    "sourceHeRef": "משלי ט״ז:ח׳", 
                    "sourceRef": "Proverbs 16:8", 
                    "ref": "Proverbs 16:8"
                }
            ], 
            "text": ""
        }, 
        {
            "segmentNumber": "9", 
            "he": [
                "לב אדם - צדיק שיחשוב דרכו הראוי לו והשם יכין צעדו שלא יכשל ויעזרהו, כענין: בא ליטהר מסייעין אותו."
            ], 
            "links": [
                {
                    "category": "Tanach", 
                    "sourceHeRef": "משלי ט״ז:ט׳", 
                    "sourceRef": "Proverbs 16:9", 
                    "ref": "Proverbs 16:9"
                }
            ], 
            "text": ""
        }, 
        {
            "segmentNumber": "10", 
            "he": [
                "קסם - חסר כף הדמיון קוסם קסמים, כלומר גוזר גזרים וקסם שם כלל, על גזרת משפט הכוכבים. וכן גזרין שיגזרהו להיות כן, כלומר כקסם שהוא דבר גזור, כן יאות להיות על שפתי מלך, שיגזור במשפט האמת ולא ימעול באמרי פיו."
            ], 
            "links": [
                {
                    "category": "Tanach", 
                    "sourceHeRef": "משלי ט״ז:י׳", 
                    "sourceRef": "Proverbs 16:10", 
                    "ref": "Proverbs 16:10"
                }
            ], 
            "text": ""
        }, 
        {
            "segmentNumber": "11", 
            "he": [
                "פלס, ומשקל - לענין אחד הם וכיס מנין, למ\"ד לה' כמו בעבור כי הוא צוה לעשות במשקל ובמאזנים כמשפט ומעשהו של הפלס. ", 
                "כל אבני כיס - כי השקל עשרים גרה והטעם שלא יהיה שם גדולה וקטנה, ע\"א לה' לו הם והטעם: כי הוא חפץ בהם."
            ], 
            "links": [
                {
                    "category": "Tanach", 
                    "sourceHeRef": "משלי ט״ז:י״א", 
                    "sourceRef": "Proverbs 16:11", 
                    "ref": "Proverbs 16:11"
                }, 
                {
                    "category": "Tanach", 
                    "sourceHeRef": "משלי ט״ז:י״א", 
                    "sourceRef": "Proverbs 16:11", 
                    "ref": "Proverbs 16:11"
                }
            ], 
            "text": ""
        }, 
        {
            "segmentNumber": "12", 
            "he": [
                "תועבת, רצון, חמת, באור, קנה - ה' דבקים. [יב-טז] יאהב כל אחד מן המלכים. ", 
                "מלקוש - הוא המטר. וכן פירושו: המלכים ראויים לתעב עושה רשע, כי בעבור הצדק שיעשו יכון כסאם וירצו דובר הצדק, כלומר דובר אמונים ישרים יאהב המלך, כי חמתו כחמת מלאכי מות, שימיתו פתאום הרשעים."
            ], 
            "links": [
                {
                    "category": "Tanach", 
                    "sourceHeRef": "משלי ט״ז:י״ב", 
                    "sourceRef": "Proverbs 16:12", 
                    "ref": "Proverbs 16:12"
                }, 
                {
                    "category": "Tanach", 
                    "sourceHeRef": "משלי ט״ז:י״ב", 
                    "sourceRef": "Proverbs 16:12", 
                    "ref": "Proverbs 16:12"
                }
            ], 
            "text": ""
        }, 
        {
            "segmentNumber": "13", 
            "he": [], 
            "links": [], 
            "text": ""
        }, 
        {
            "segmentNumber": "14", 
            "he": [
                "יכפרנה - יבטלנה וישוב חמתו מאליו, ובאור שיאיר עיניו על החכם, יש חיים ורצונו שירצהו כעב מלקוש שיצמיח הלקש, וקניין החכמה מה טוב לחכם כי יבטל חמת המלך. ", 
                "חרוץ - מלשון גזור, כמו: אתה חרצת, או שם זהב כמו כתם."
            ], 
            "links": [
                {
                    "category": "Tanach", 
                    "sourceHeRef": "משלי ט״ז:י״ד", 
                    "sourceRef": "Proverbs 16:14", 
                    "ref": "Proverbs 16:14"
                }, 
                {
                    "category": "Tanach", 
                    "sourceHeRef": "משלי ט״ז:י״ד", 
                    "sourceRef": "Proverbs 16:14", 
                    "ref": "Proverbs 16:14"
                }
            ], 
            "text": ""
        }, 
        {
            "segmentNumber": "15", 
            "he": [], 
            "links": [], 
            "text": ""
        }, 
        {
            "segmentNumber": "16", 
            "he": [], 
            "links": [], 
            "text": ""
        }, 
        {
            "segmentNumber": "17", 
            "he": [
                "מסלת - שיורו לסור מרע היא מסלתם ומי שיחפוץ לשמור נפשו שלא תמות, נוצר דרכו הראוי לו והוא דרך המצות."
            ], 
            "links": [
                {
                    "category": "Tanach", 
                    "sourceHeRef": "משלי ט״ז:י״ז", 
                    "sourceRef": "Proverbs 16:17", 
                    "ref": "Proverbs 16:17"
                }
            ], 
            "text": ""
        }, 
        {
            "segmentNumber": "18", 
            "he": [
                "לפני, טוב - שנים דבקים. ", 
                "גובה רוח - על כן טוב לשפל רוח להיות עם ענוים. ", 
                "מחלק - מקח בחלק שלל עם גאים, כי אז ישבר כהם להיותו עושק."
            ], 
            "links": [
                {
                    "category": "Tanach", 
                    "sourceHeRef": "משלי ט״ז:י״ח", 
                    "sourceRef": "Proverbs 16:18", 
                    "ref": "Proverbs 16:18"
                }, 
                {
                    "category": "Tanach", 
                    "sourceHeRef": "משלי ט״ז:י״ח", 
                    "sourceRef": "Proverbs 16:18", 
                    "ref": "Proverbs 16:18"
                }, 
                {
                    "category": "Tanach", 
                    "sourceHeRef": "משלי ט״ז:י״ח", 
                    "sourceRef": "Proverbs 16:18", 
                    "ref": "Proverbs 16:18"
                }
            ], 
            "text": ""
        }, 
        {
            "segmentNumber": "19", 
            "he": [], 
            "links": [], 
            "text": ""
        }, 
        {
            "segmentNumber": "20", 
            "he": [
                "משכיל - דבק למעלה, כלומר משכיל על דבר השפלות להשפל - הוא ימצא טוב שייטיב לו השם. ", 
                "ובוטח בשם - לא יחפוץ לחלק שלל עם גאים. ", 
                "אשריו - שיהא מאושר ברבות טובתו."
            ], 
            "links": [
                {
                    "category": "Tanach", 
                    "sourceHeRef": "משלי ט״ז:כ׳", 
                    "sourceRef": "Proverbs 16:20", 
                    "ref": "Proverbs 16:20"
                }, 
                {
                    "category": "Tanach", 
                    "sourceHeRef": "משלי ט״ז:כ׳", 
                    "sourceRef": "Proverbs 16:20", 
                    "ref": "Proverbs 16:20"
                }, 
                {
                    "category": "Tanach", 
                    "sourceHeRef": "משלי ט״ז:כ׳", 
                    "sourceRef": "Proverbs 16:20", 
                    "ref": "Proverbs 16:20"
                }
            ], 
            "text": ""
        }, 
        {
            "segmentNumber": "21", 
            "he": [
                "לחכם לב - שהחכמה בלבו. ", 
                "יקרא נבון - שיבין מה שלא למד. ", 
                "ומתק שפתים - טעם ואיש ילמד מתיקון שפתים, אז יוסיף לקח. ", 
                "והמתק - רמז לחכמה המתוקה, כענין: ומתוק מדבש."
            ], 
            "links": [
                {
                    "category": "Tanach", 
                    "sourceHeRef": "משלי ט״ז:כ״א", 
                    "sourceRef": "Proverbs 16:21", 
                    "ref": "Proverbs 16:21"
                }, 
                {
                    "category": "Tanach", 
                    "sourceHeRef": "משלי ט״ז:כ״א", 
                    "sourceRef": "Proverbs 16:21", 
                    "ref": "Proverbs 16:21"
                }, 
                {
                    "category": "Tanach", 
                    "sourceHeRef": "משלי ט״ז:כ״א", 
                    "sourceRef": "Proverbs 16:21", 
                    "ref": "Proverbs 16:21"
                }, 
                {
                    "category": "Tanach", 
                    "sourceHeRef": "משלי ט״ז:כ״א", 
                    "sourceRef": "Proverbs 16:21", 
                    "ref": "Proverbs 16:21"
                }
            ], 
            "text": ""
        }, 
        {
            "segmentNumber": "22", 
            "he": [
                "מקור - פירוש השכל הוא המקור שיקירו משם חיים לבעליו.", 
                "ומוסר אוילים - מוסר אולת."
            ], 
            "links": [
                {
                    "category": "Tanach", 
                    "sourceHeRef": "משלי ט״ז:כ״ב", 
                    "sourceRef": "Proverbs 16:22", 
                    "ref": "Proverbs 16:22"
                }, 
                {
                    "category": "Tanach", 
                    "sourceHeRef": "משלי ט״ז:כ״ב", 
                    "sourceRef": "Proverbs 16:22", 
                    "ref": "Proverbs 16:22"
                }
            ], 
            "text": ""
        }, 
        {
            "segmentNumber": "23", 
            "he": [
                "לב, צוף - שנים דבקים. חכם יראה השכל על פיהו. ", 
                "ועל שפתיו יוסיף - הלב להראות הלקח."
            ], 
            "links": [
                {
                    "category": "Tanach", 
                    "sourceHeRef": "משלי ט״ז:כ״ג", 
                    "sourceRef": "Proverbs 16:23", 
                    "ref": "Proverbs 16:23"
                }, 
                {
                    "category": "Tanach", 
                    "sourceHeRef": "משלי ט״ז:כ״ג", 
                    "sourceRef": "Proverbs 16:23", 
                    "ref": "Proverbs 16:23"
                }
            ], 
            "text": ""
        }, 
        {
            "segmentNumber": "24", 
            "he": [
                "צוף - דבש חסר כ\"ף,כלומר כצוף דבש כן אמרי נועם מתוקים:"
            ], 
            "links": [
                {
                    "category": "Tanach", 
                    "sourceHeRef": "משלי ט״ז:כ״ד", 
                    "sourceRef": "Proverbs 16:24", 
                    "ref": "Proverbs 16:24"
                }
            ], 
            "text": ""
        }, 
        {
            "segmentNumber": "25", 
            "he": [
                "יש דרך ישר - מי שם לפני איש להתעסק באמרי נועם. ", 
                "ואחריתה - שיעזבה ימצא דרכי מות. ואמר: דרכי, כי סבות המות רבות. פרוש אחר: שילך דרכים שיביאוהו למות."
            ], 
            "links": [
                {
                    "category": "Tanach", 
                    "sourceHeRef": "משלי ט״ז:כ״ה", 
                    "sourceRef": "Proverbs 16:25", 
                    "ref": "Proverbs 16:25"
                }, 
                {
                    "category": "Tanach", 
                    "sourceHeRef": "משלי ט״ז:כ״ה", 
                    "sourceRef": "Proverbs 16:25", 
                    "ref": "Proverbs 16:25"
                }
            ], 
            "text": ""
        }, 
        {
            "segmentNumber": "26", 
            "he": [
                "אכף - סבב וגרם, כלומר נפש עמל תעמל לעד כל ימיו, כי פיהו אכף גרם וסבב עליו לעמל, בעבור שלא למד אמרי נועם, והפך זה החכמה תחיה את בעליה."
            ], 
            "links": [
                {
                    "category": "Tanach", 
                    "sourceHeRef": "משלי ט״ז:כ״ו", 
                    "sourceRef": "Proverbs 16:26", 
                    "ref": "Proverbs 16:26"
                }
            ], 
            "text": ""
        }, 
        {
            "segmentNumber": "27", 
            "he": [
                "ועל שפתיו - על כל אחד משפתיו הרעה, כאש צרבת. פרוש אחר: המלשין נרגן. דברי סרה ברכילות."
            ], 
            "links": [
                {
                    "category": "Tanach", 
                    "sourceHeRef": "משלי ט״ז:כ״ז", 
                    "sourceRef": "Proverbs 16:27", 
                    "ref": "Proverbs 16:27"
                }
            ], 
            "text": ""
        }, 
        {
            "segmentNumber": "28", 
            "he": [
                "איש - העושה חמס מפתה רעהו, שיעשה חמס כמוהו."
            ], 
            "links": [
                {
                    "category": "Tanach", 
                    "sourceHeRef": "משלי ט״ז:כ״ח", 
                    "sourceRef": "Proverbs 16:28", 
                    "ref": "Proverbs 16:28"
                }
            ], 
            "text": ""
        }, 
        {
            "segmentNumber": "29", 
            "he": [
                "בדרך לא טוב - בלשון זכר."
            ], 
            "links": [
                {
                    "category": "Tanach", 
                    "sourceHeRef": "משלי ט״ז:כ״ט", 
                    "sourceRef": "Proverbs 16:29", 
                    "ref": "Proverbs 16:29"
                }
            ], 
            "text": ""
        }, 
        {
            "segmentNumber": "30", 
            "he": [
                "עוצה - לפי דעתי שיועצם את עיניהם, עוצם עיניו, הם משרש עוצה עיניו והמ\"ם סימן הפועלים והראוי עוצה אותם את עיניהם, וכמו כן ותפתח ותראהו את הילד לחללו את ביתו הנכון לחלל אותו. וכן הפירוש: עוצה עיניו - אוטם עיניו, בעבור שלא ילך לבו אחרי עיניו, בעבור שיחשוב תהפוכות כרצונו. ", 
                "כלה - משלים הרעה כאשר חשב."
            ], 
            "links": [
                {
                    "category": "Tanach", 
                    "sourceHeRef": "משלי ט״ז:ל׳", 
                    "sourceRef": "Proverbs 16:30", 
                    "ref": "Proverbs 16:30"
                }, 
                {
                    "category": "Tanach", 
                    "sourceHeRef": "משלי ט״ז:ל׳", 
                    "sourceRef": "Proverbs 16:30", 
                    "ref": "Proverbs 16:30"
                }
            ], 
            "text": ""
        }, 
        {
            "segmentNumber": "31", 
            "he": [
                "עטרת - השיבה היא, כעטרת תפארת לראש."
            ], 
            "links": [
                {
                    "category": "Tanach", 
                    "sourceHeRef": "משלי ט״ז:ל״א", 
                    "sourceRef": "Proverbs 16:31", 
                    "ref": "Proverbs 16:31"
                }
            ], 
            "text": ""
        }, 
        {
            "segmentNumber": "32", 
            "he": [
                "טוב, בחיק, טוב - ג' דבקים. [לב-לג, יז,א]", 
                "טוב - עומד במקום שנים ", 
                "וארך אפים - הוא טוב מגבור כי הוא יכבוש כעסו והגבור אע\"פ שכובש אחרים, אינו יכול לכבוש כעסו. ", 
                "מושל ברוחו- לבדו טוב ממושל לוכד עיר, שצריך לעזר אחרים וכאשר יוטל הגורל בחיק ומה' משפטו, איך יפול כן מאת השם, מי שיוכל למשול ברוחו."
            ], 
            "links": [
                {
                    "category": "Tanach", 
                    "sourceHeRef": "משלי ט״ז:ל״ב", 
                    "sourceRef": "Proverbs 16:32", 
                    "ref": "Proverbs 16:32"
                }, 
                {
                    "category": "Tanach", 
                    "sourceHeRef": "משלי ט״ז:ל״ב", 
                    "sourceRef": "Proverbs 16:32", 
                    "ref": "Proverbs 16:32"
                }, 
                {
                    "category": "Tanach", 
                    "sourceHeRef": "משלי ט״ז:ל״ב", 
                    "sourceRef": "Proverbs 16:32", 
                    "ref": "Proverbs 16:32"
                }, 
                {
                    "category": "Tanach", 
                    "sourceHeRef": "משלי ט״ז:ל״ב", 
                    "sourceRef": "Proverbs 16:32", 
                    "ref": "Proverbs 16:32"
                }
            ], 
            "text": ""
        }
    ], 
    "book": "Ibn Ezra on Proverbs", 
    "prev": "Ibn Ezra on Proverbs 15:32", 
    "textDepth": 3, 
    "sectionNames": [
        "Chapter", 
        "Verse", 
        "Comment"
    ], 
    "sections": [
        16
    ], 
    "commentator": "Ibn Ezra", 
    "isComplex": false, 
    "commentaryCategories": [
        "Tanach", 
        "Writings"
    ], 
    "titleVariants": [
        "Ibn Ezra on Prov.", 
        "Ibn Ezra on Proverbs", 
        "Ibn Ezra on Prov", 
        "Ibn Ezra on Mishlei", 
        "Ibn Ezra on Pro.", 
        "Ibn Ezra on Pro"
    ], 
    "categories": [
        "Commentary", 
        "Tanach", 
        "Ibn Ezra"
    ], 
    "ref": "Ibn Ezra on Proverbs 16", 
    "type": "Commentary", 
    "addressTypes": [
        "Integer", 
        "Integer", 
        "Integer"
    ], 
    "heCommentator": "אבן עזרא", 
    "length": 31, 
    "indexTitle": "Ibn Ezra on Proverbs", 
    "heIndexTitle": "אבן עזרא על משלי", 
    "alts": [], 
    "order": [
        28, 
        2
    ]
}