{
    "heTitleVariants": [
        "הרחב דבר על במדבר"
    ], 
    "heTitle": "הרחב דבר על במדבר", 
    "heRef": "הרחב דבר על במדבר כ״ה", 
    "toSections": [
        25
    ], 
    "sectionRef": "Harchev Davar on Numbers 25", 
    "next": "Harchev Davar on Numbers 27", 
    "content": [
        {
            "segmentNumber": "1", 
            "he": [], 
            "links": [], 
            "text": ""
        }, 
        {
            "segmentNumber": "2", 
            "he": [], 
            "links": [], 
            "text": ""
        }, 
        {
            "segmentNumber": "3", 
            "he": [], 
            "links": [], 
            "text": ""
        }, 
        {
            "segmentNumber": "4", 
            "he": [], 
            "links": [], 
            "text": ""
        }, 
        {
            "segmentNumber": "5", 
            "he": [], 
            "links": [], 
            "text": ""
        }, 
        {
            "segmentNumber": "6", 
            "he": [], 
            "links": [], 
            "text": ""
        }, 
        {
            "segmentNumber": "7", 
            "he": [], 
            "links": [], 
            "text": ""
        }, 
        {
            "segmentNumber": "8", 
            "he": [], 
            "links": [], 
            "text": ""
        }, 
        {
            "segmentNumber": "9", 
            "he": [], 
            "links": [], 
            "text": ""
        }, 
        {
            "segmentNumber": "10", 
            "he": [], 
            "links": [], 
            "text": ""
        }, 
        {
            "segmentNumber": "11", 
            "he": " ומכאן ראיה לדברי מדלא כתיב השיב חרון אפי כמו שאמר ה׳ וישוב חרון אף מישראל. אלא לא היה חרון אף ה׳ כלל. אבל חמה הוי. וכבר אמרו ברבה שמות פמ״א דשני דברים המה. וחרון אף קשה מחמה מדאי׳ שם דא״ל משה להקב״ה קומה אתה באפך ואני אעמוד בחמה. וכתיב כי כלינו באפך ובחמתך נבהלנו. הרי דאף גרע. ובב״ב ד״ט ב׳ אי׳ דהעושה צדקה בסתר אף כופה וחמה אינו כופה. פי׳ דיש בכח הצדקה להסיר את האף המכלה אבל עדיין נשאר כח החמה להעניש. ולאחר כ״ז מובן דהא דלא הוי ריתחא בכל העת מן השטים עד הגלגל. אינו אלא דלא הוי זעם דרגע דכתיב כי רגע באפו. אבל חמה הוי:\n", 
            "links": [
                {
                    "category": "Commentary", 
                    "sourceHeRef": "העמק דבר על במדבר כ״ה:י״א:ב׳", 
                    "index_title": "Haamek Davar on Numbers", 
                    "sourceRef": "Haamek Davar on Numbers 25:11:2"
                }
            ], 
            "text": ""
        }
    ], 
    "book": "Harchev Davar on Numbers", 
    "prev": "Harchev Davar on Numbers 24", 
    "textDepth": 2, 
    "sectionNames": [
        "Perek", 
        "Passuk"
    ], 
    "sections": [
        25
    ], 
    "isComplex": false, 
    "titleVariants": [
        "Harchev Davar on Numbers"
    ], 
    "categories": [
        "Tanakh", 
        "Commentary", 
        "Haamek Davar"
    ], 
    "ref": "Harchev Davar on Numbers 25", 
    "type": "Tanakh", 
    "addressTypes": [
        "Integer", 
        "Integer"
    ], 
    "indexTitle": "Harchev Davar on Numbers", 
    "heIndexTitle": "הרחב דבר על במדבר", 
    "alts": [], 
    "order": ""
}