[{
    "links": [
        [
            "118b:3:1", 
            "Chullin 118b:3", 
            "Talmud"
        ], 
        [
            "118b:39:1", 
            "Chullin 118b:39", 
            "Talmud"
        ], 
        [
            "118b:41:1", 
            "Chullin 118b:41", 
            "Talmud"
        ], 
        [
            "118b:45:1", 
            "Chullin 118b:45", 
            "Talmud"
        ], 
        [
            "118b:39:1", 
            "Mishnah Terumot 9:7", 
            "Mishnah"
        ], 
        [
            "118b:41:1", 
            "Menachot 24a", 
            "Talmud"
        ]
    ], 
    "text": [], 
    "heTitleVariants": [
        "תוספות על חולין"
    ], 
    "heTitle": "תוספות על חולין קי״ח ב", 
    "commentaryBook": "Chullin", 
    "heRef": "תוספות על חולין קי״ח ב", 
    "toSections": [
        "118b"
    ], 
    "sectionRef": "Tosafot on Chullin 118b", 
    "title": "Tosafot on Chullin 118b", 
    "lengths": [
        281, 
        13642
    ], 
    "next": "Tosafot on Chullin 119a:8", 
    "heBook": "תוספות על חולין", 
    "book": "Tosafot on Chullin", 
    "prev": "Tosafot on Chullin 117b:18", 
    "textDepth": 3, 
    "sectionNames": [
        "Daf", 
        "Line", 
        "Comment"
    ], 
    "sections": [
        "118b"
    ], 
    "commentator": "Tosafot", 
    "isComplex": false, 
    "commentaryCategories": [
        "Talmud", 
        "Bavli", 
        "Seder Kodashim"
    ], 
    "titleVariants": [
        "Tosafot on Tractate Chullin", 
        "Tosafot on Masekhet Chullin", 
        "Tosafot on Chullin", 
        "Tosafot on Talmud Chullin"
    ], 
    "categories": [
        "Commentary", 
        "Talmud", 
        "Tosafot"
    ], 
    "he": [
        [], 
        [], 
        [
            "מעיקרא כי כתיבא יד אהכנסה כתיבא. הקשה רבי אליהו מנלן ידות בכלים דעלמא דמיד דזרעים ותנור ונבלה לא אתו דמה להנך שאין להם טהרה במקוה ונראה משום דדרשינן בתורת כהנים והנוגע בהן לרבות את הידות וההוא אפשר דלשאר כלים איצטריך ואי לא כתיב אלא ההוא קרא לחודיה הוה מוקמינן ליה בדמסתבר טפי:"
        ], 
        [], 
        [], 
        [], 
        [], 
        [], 
        [], 
        [], 
        [], 
        [], 
        [], 
        [], 
        [], 
        [], 
        [], 
        [], 
        [], 
        [], 
        [], 
        [], 
        [], 
        [], 
        [], 
        [], 
        [], 
        [], 
        [], 
        [], 
        [], 
        [], 
        [], 
        [], 
        [], 
        [], 
        [], 
        [], 
        [
            "וכשם שאין מקבלין טומאה אלא לכשיתלשו. וא\"ת אדרבה יותר ראוי לתלות טומאה בהכשר דמה שאין מטמא זה תלוי בהכשר דמעיקרא לא הוכשרו וכ\"ת דאפשר באילן מלא פירות שנתלש והוכשר וחזר ונטעו אי אפשר לומר כן דהא כשחזר ונטעו בטל ליה הכשר כשהשריש שאפילו טומאה בטלה כדאמרינן (תרומות פ\"ט מ\"ז) גבי גידולי תרומה וי\"ל דפשיטא ליה שאין מקבלין טומאה אלא לכשיתלשו כדפי' בקונטרס שאם אומר מחוברין טמאין טימאת [את] הכל וקאמר דה\"נ אין מקבלין הכשר אלא לכשיתלשו אפילו לקבל טומאה אחר התלישה וא\"ת מההוא טעמא דפשוט לו בטומאה תפשוט לו בהכשר שאם אתה אומר כן הכשרת הכל במחובר וי\"ל דאין זה תימה כל כך אם נאמר דהוכשר הכל במחובר ע\"י גשמים שנופלין על הזרעים:"
        ], 
        [], 
        [
            "אין יד לפחות מכזית. פי' בקונטרס כגון' פול או חצי זית בשר ולו יד והרי הוא עם כביצה אוכלין ואין נראה דאפילו היה נוגע בחצי זית עצמו לא היה טמא מדאמרי' בפ\"ק (לעיל דף כד:) התורה העידה על כלי חרס אפילו הוא מלא חרדל אלמא אי לאו אויר כלי חרס לא הוי כמו במחובר אע\"פ שנוגעין יחד ותנן נמי בפרק בתרא דחגיגה (דף כ:) הכלי מצרף כל מה שבתוכו לקדש אבל לא לתרומה ומבעיא לן בהקומץ רבה (מנחות דף כד.) אי דוקא דנגעי אהדדי או לא ואי נגיעה חשיב כמחובר א\"כ פשיטא דבלא נגיעה איירי דבנגיעה לא היה צריך צירוף כלי ונראה לפרש שזה חצי זית מחובר עם כביצה אוכלין אבל אינו מחובר כל כך ואם היה מגביה אותו היה ניתק אותו כביצה אוכלין מאותו פחות מכזית דלא הוי יד לשאר אוכל אלא לפחות מכזית ולפי' הקונטרס שמפרש בעלמא דאוכל כל שהוא מקבל טומאה א\"צ לומר שהוא מחובר עם שאר אוכלין אלא בעי אם מכניס טומאה לאותו חצי זית אבל להוציא אפילו היה זית שלם ונגע בו לא היה טמא דצריך כביצה ואפילו אם אין מקבל טומאה בכל שהוא מדאורייתא איכא למימר דמבעיא ליה אי מקבל טומאה מדרבנן דמדרבנן מקבל טומאה בכל שהוא:"
        ], 
        [], 
        [], 
        [], 
        [
            "והבית מאהיל עליה הבית טמא. ויד למת נפקא לן במה הצד מנבלה ותנור דמה נבלה שאין מטמא באהל כו' ואי פרכת מה לנבלה שכן אוכל תאמר במת שאין אוכל כדאמרינן בפרק דם שחיטה תנור יוכיח מה לתנור שכן מטמא מאוירו נבלה תוכיח הצד השוה שבהם שמטמא וידיהם כיוצא בהם כו' וא\"ת לענין אהל נימא דיו וי\"ל דמעיקרא ודאי לא אשכחן בטומאה חמורה ידות הוה פרכינן על נבילה דיו אבל השתא דאשכחן יד בטומאה חמורה דהוי כגוף לענין מת נמי משוינן יד כגוף:"
        ], 
        [], 
        []
    ], 
    "ref": "Tosafot on Chullin 118b", 
    "type": "Commentary", 
    "addressTypes": [
        "Talmud", 
        "Integer", 
        "Integer"
    ], 
    "heCommentator": "תוספות", 
    "length": 281, 
    "indexTitle": "Tosafot on Chullin", 
    "heIndexTitle": "תוספות על חולין", 
    "alts": [], 
    "order": [
        30, 
        3
    ]
}]