{
    "heTitleVariants": [
        "תוספות על חולין"
    ], 
    "heTitle": "תוספות על חולין ג׳ א", 
    "content": [
        {
            "segmentNumber": "1", 
            "he": [], 
            "links": [], 
            "text": ""
        }, 
        {
            "segmentNumber": "2", 
            "he": [], 
            "links": [], 
            "text": ""
        }, 
        {
            "segmentNumber": "3", 
            "he": [], 
            "links": [], 
            "text": ""
        }, 
        {
            "segmentNumber": "4", 
            "he": [
                "כגון דבדק קרומית של קנה - ואם תאמר והיאך ישחוט בקרומית של קנה והא בעינן כלי כדמוכח בסוף התודה (מנחות דף פב:) ובסוף דם חטאת (זבחים דף צז:) דדריש מדכתיב ויקח את המאכלת לשחוט את בנו דעולה טעונה כלי וילפינן כולהו מעולה וי\"ל כגון דתיקנה לקרומית ועשאה כעין כלי ואע\"ג דקיימא לן כרבי דאמר פ' החליל (סוכה דף נ:) אין עושין כלי שרת של עץ ופליג אר' יוסי בר רבי יהודה דאמר בפרק החליל עושין כלי שרת של עץ לשחיטת קדשים לא בעינן כלי שרת דבפרק התודה (מנחות דף עח:) אמרי' דסכין מקדשה ככלי שרת וכן משמע בתוספתא דקתני חומר בקמיצה מבשחיטה שהקמיצה טעונה כלי והשחיטה אינה טעונה כלי אלא אפילו קרומית של קנה ועל כרחך לא בעי למימר דאינה טעונה כלי כלל דהא ילפינן מעולה דטעונה כלי אלא דאינה טעונה כלי שרת קאמר מיהו יש לדחות דלא בעינן כלי יפה קאמר ולא פסלינן קרומית של קנה משום הקריבהו נא לפחתך (מלאכי א) כדפריך גמרא בסוטה (דף יד:) גבי כפיפה מצרית דהתם דורון הוא דדרך להביאו בכלי נאה אבל בשחיטה לא חיישינן אי נמי כפיפה מצרית מכוערת יותר מקרומית של קנה ורבינו אפרים היה מביא ראיה מדתנן בפרק איזהו מקומן (זבחים דף מז.) שחיטתן בצפון וקבול דמן בכלי שרת בצפון ואילו שחיטתן בכלי שרת לא קתני כדקתני גבי קבלה ואין זה ראיה דגבי קבלה נמי לא הזכיר אלא לאשמועינן דבעי שיהא גם הכלי בצפון לאפוקי אם הכלי בדרום והבהמה בצפון והדם מקלח בתוכו תדע דבקדשים קלים דלא בעי צפון לא חש להזכיר קבלה בכלי שרת ובפ' כל הזבחים שקבל דמן (שם כו.) דתנן קדשים קלים שחיטתן בפנים וקבול דמן בכלי שרת בפנים התם נמי אתא לאשמועינן דצריך שיהא הכלי בפנים לאפוקי אם רוב הכלי בחוץ ומיעוטו בפנים ומקבל הדם במיעוט שבפנים אע\"ג שאין נפסל ביוצא:"
            ], 
            "links": [
                {
                    "category": "Talmud", 
                    "sourceHeRef": "חולין ג׳ א:ד׳", 
                    "index_title": "Chullin", 
                    "sourceRef": "Chullin 3a:4"
                }, 
                {
                    "category": "Talmud", 
                    "sourceHeRef": "זבחים צ״ז ב", 
                    "index_title": "Zevachim", 
                    "sourceRef": "Zevachim 97b"
                }, 
                {
                    "category": "Talmud", 
                    "sourceHeRef": "זבחים מ״ז א", 
                    "index_title": "Zevachim", 
                    "sourceRef": "Zevachim 47a"
                }, 
                {
                    "category": "Talmud", 
                    "sourceHeRef": "סוכה נ׳ ב", 
                    "index_title": "Sukkah", 
                    "sourceRef": "Sukkah 50b"
                }, 
                {
                    "category": "Tanakh", 
                    "sourceHeRef": "מלאכי א׳", 
                    "index_title": "Malachi", 
                    "sourceRef": "Malachi 1"
                }, 
                {
                    "category": "Talmud", 
                    "sourceHeRef": "מנחות פ״ב ב", 
                    "index_title": "Menachot", 
                    "sourceRef": "Menachot 82b"
                }, 
                {
                    "category": "Talmud", 
                    "sourceHeRef": "מנחות ע״ח ב", 
                    "index_title": "Menachot", 
                    "sourceRef": "Menachot 78b"
                }
            ], 
            "text": ""
        }, 
        {
            "segmentNumber": "5", 
            "he": [], 
            "links": [], 
            "text": ""
        }, 
        {
            "segmentNumber": "6", 
            "he": [], 
            "links": [], 
            "text": ""
        }, 
        {
            "segmentNumber": "7", 
            "he": [], 
            "links": [], 
            "text": ""
        }, 
        {
            "segmentNumber": "8", 
            "he": [], 
            "links": [], 
            "text": ""
        }, 
        {
            "segmentNumber": "9", 
            "he": [], 
            "links": [], 
            "text": ""
        }, 
        {
            "segmentNumber": "10", 
            "he": [], 
            "links": [], 
            "text": ""
        }, 
        {
            "segmentNumber": "11", 
            "he": [], 
            "links": [], 
            "text": ""
        }, 
        {
            "segmentNumber": "12", 
            "he": [], 
            "links": [], 
            "text": ""
        }, 
        {
            "segmentNumber": "13", 
            "he": [], 
            "links": [], 
            "text": ""
        }, 
        {
            "segmentNumber": "14", 
            "he": [], 
            "links": [], 
            "text": ""
        }, 
        {
            "segmentNumber": "15", 
            "he": [], 
            "links": [], 
            "text": ""
        }, 
        {
            "segmentNumber": "16", 
            "he": [], 
            "links": [], 
            "text": ""
        }, 
        {
            "segmentNumber": "17", 
            "he": [], 
            "links": [], 
            "text": ""
        }, 
        {
            "segmentNumber": "18", 
            "he": [], 
            "links": [], 
            "text": ""
        }, 
        {
            "segmentNumber": "19", 
            "he": [], 
            "links": [], 
            "text": ""
        }, 
        {
            "segmentNumber": "20", 
            "he": [], 
            "links": [], 
            "text": ""
        }, 
        {
            "segmentNumber": "21", 
            "he": [], 
            "links": [], 
            "text": ""
        }, 
        {
            "segmentNumber": "22", 
            "he": [
                "המניח קתני דיעבד - לאו לשנויי אליבא דאביי קאתי דהא אביי נמי לא שרי בדיעבד בלא חותך כזית בשר אלא בא להקשות על דברי רבא שמדקדק מכאן דשרי אף לכתחלה אי נמי כל זמן שיכול לתקן על ידי חותך כזית בשר יש לו לתקן אבל אי ליתא לכותי קמן שרי:", 
                "המניח קתני דיעבד - לא בעי למימר דמשמע דיעבד ולא לכתחלה דהא מסיק דשרי לכתחלה אלא קאמר דאף דיעבד משמע וא\"ת דלקמן (דף טו:) גבי השוחט במגל יד וגבי השוחט אחד בעוף (לקמן דף כז.) דייק השוחט דיעבד אין כו' וי\"ל דאשחיטתן כשרה סמיך התם דמשמע דיעבד אבל קשה ממתניתין דהמקנא לאשתו (סוטה דף ב.) ופ' חבית (שבת דף קמז.) גבי הרוחץ במי מערה דייק בגמרא דיעבד אין לכתחלה לא: [ועיין תוס' סוטה ב. ד\"ה המקנא דיעבד]:"
            ], 
            "links": [
                {
                    "category": "Talmud", 
                    "sourceHeRef": "חולין ג׳ א:כ״ב", 
                    "index_title": "Chullin", 
                    "sourceRef": "Chullin 3a:22"
                }, 
                {
                    "category": "Talmud", 
                    "sourceHeRef": "חולין ג׳ א:כ״ב", 
                    "index_title": "Chullin", 
                    "sourceRef": "Chullin 3a:22"
                }, 
                {
                    "category": "Talmud", 
                    "sourceHeRef": "סוטה ב׳ א", 
                    "index_title": "Sotah", 
                    "sourceRef": "Sotah 2a"
                }, 
                {
                    "category": "Talmud", 
                    "sourceHeRef": "שבת קמ״ז א", 
                    "index_title": "Shabbat", 
                    "sourceRef": "Shabbat 147a"
                }
            ], 
            "text": ""
        }, 
        {
            "segmentNumber": "23", 
            "he": [
                "אלא מהכא - גרס ולא גרס מסיפא דהך דהמניח בפ\"ב דמסכת ע\"ז (דף סט.) וההיא דאין השומר היא בפ' ר' ישמעאל (שם סא.):"
            ], 
            "links": [
                {
                    "category": "Talmud", 
                    "sourceHeRef": "חולין ג׳ א:כ״ג", 
                    "index_title": "Chullin", 
                    "sourceRef": "Chullin 3a:23"
                }
            ], 
            "text": ""
        }, 
        {
            "segmentNumber": "24", 
            "he": [
                "אין השומר צריך כו' - משמע הכא דאין צריך משמע לכתחלה וקשה דבריש גיטין (דף ד:) גבי הא דאמר רבה לפי שאין בקיאין לשמה פריך עלה מהא דתנן המביא גט ממדינה למדינה במדינת הים צריך שיאמר בפני נכתב ובפני נחתם הא באותה מדינה לא צריך ומשני לא תימא הא באותה מדינה לא צריך אלא הא ממדינה למדינה בא\"י לא צריך ופריך הא בהדיא קתני לה המביא גט בא\"י אין צריך כו' ומשני אי מההיא ה\"א ה\"מ דיעבד כו' והיכי ה\"א דיעבד הא אין צריך משמע לכתחלה כדמשמע הכא ובקונטרס פי' שם דהכי פריך הא בהדיא קתני לה וכיון דאשמועינן לה מדיוקא דרישא סיפא למאי איצטריך ומשני דאי מרישא ה\"א דוקא דיעבד להכי אצטריך סיפא לאשמועינן אפילו לכתחלה אבל לשון אי מההיא לא משמע הכי וי\"ל דהתם כיון שיכול לתקן בדיעבד כדקאמר בההוא פרקא (שם ה:) שיטלנו הימנה ויחזור ויתננו לה בפני שנים ויאמר בפני נכתב ובפני נחתם שייך למיתני אין צריך כלומר אין צריך לחזור וליטול אותו הימנה א\"נ התם ה\"א ה\"מ דיעבד דלכתחלה צריך שיראה כתיבת הגט וחתימה ואם לא ראה ה\"א אין צריך לחזור ולכתוב אלא יתן לה אע\"פ שלא ראה קמ\"ל דלכתחלה נמי אין צריך לראות ועי\"ל דהכא דייק משום דקאי ארישא דקתני בפ' ר' ישמעאל (ע\"ז דף סא.) בעיר שכולה עובדי כוכבים אסור עד שיהא שם שומר והדר תני אין השומר צריך כו' משמע שבא לפרש דיוצא ונכנס חשיב כשומר גמור והיינו כשומר דרישא:"
            ], 
            "links": [
                {
                    "category": "Talmud", 
                    "sourceHeRef": "חולין ג׳ א:כ״ד", 
                    "index_title": "Chullin", 
                    "sourceRef": "Chullin 3a:24"
                }
            ], 
            "text": ""
        }, 
        {
            "segmentNumber": "25", 
            "he": [], 
            "links": [], 
            "text": ""
        }, 
        {
            "segmentNumber": "26", 
            "he": [], 
            "links": [], 
            "text": ""
        }, 
        {
            "segmentNumber": "27", 
            "he": [
                "אבל בא ומצאו ששחט חותך כזית בשר ונותן לו - ואם תאמר כיון דרבא מדמה שחיטה ליין נסך בא ומצאו לישתרי בלא חותך כזית בשר ונותן לו כמו ביין נסך דשרי במתניתין בפ' ר' ישמעאל (ע\"ז דף ס:) בעובד כוכבים שנמצא בצד הבור כשאין לו מלוה עליו וי\"ל כדפרישית לעיל כיון שיכול לברר על ידי כזית בשר יש לו לברר:"
            ], 
            "links": [
                {
                    "category": "Talmud", 
                    "sourceHeRef": "חולין ג׳ א:כ״ז", 
                    "index_title": "Chullin", 
                    "sourceRef": "Chullin 3a:27"
                }
            ], 
            "text": ""
        }, 
        {
            "segmentNumber": "28", 
            "he": [], 
            "links": [], 
            "text": ""
        }, 
        {
            "segmentNumber": "29", 
            "he": [], 
            "links": [], 
            "text": ""
        }, 
        {
            "segmentNumber": "30", 
            "he": [], 
            "links": [], 
            "text": ""
        }, 
        {
            "segmentNumber": "31", 
            "he": [], 
            "links": [], 
            "text": ""
        }, 
        {
            "segmentNumber": "32", 
            "he": [], 
            "links": [], 
            "text": ""
        }, 
        {
            "segmentNumber": "33", 
            "he": [], 
            "links": [], 
            "text": ""
        }, 
        {
            "segmentNumber": "34", 
            "he": [], 
            "links": [], 
            "text": ""
        }, 
        {
            "segmentNumber": "35", 
            "he": [], 
            "links": [], 
            "text": ""
        }, 
        {
            "segmentNumber": "36", 
            "he": [], 
            "links": [], 
            "text": ""
        }, 
        {
            "segmentNumber": "37", 
            "he": [], 
            "links": [], 
            "text": ""
        }, 
        {
            "segmentNumber": "38", 
            "he": [], 
            "links": [], 
            "text": ""
        }
    ], 
    "commentaryBook": "Chullin", 
    "heRef": "תוספות על חולין ג׳ א", 
    "toSections": [
        "3a"
    ], 
    "sectionRef": "Tosafot on Chullin 3a", 
    "title": "Tosafot on Chullin 3a", 
    "lengths": [
        281, 
        13642
    ], 
    "next": "Tosafot on Chullin 3b:1", 
    "heBook": "תוספות על חולין", 
    "book": "Tosafot on Chullin", 
    "prev": "Tosafot on Chullin 2b:28", 
    "textDepth": 3, 
    "sectionNames": [
        "Daf", 
        "Line", 
        "Comment"
    ], 
    "sections": [
        "3a"
    ], 
    "commentator": "Tosafot", 
    "isComplex": false, 
    "commentaryCategories": [
        "Talmud", 
        "Bavli", 
        "Seder Kodashim"
    ], 
    "titleVariants": [
        "Tosafot on Tractate Chullin", 
        "Tosafot on Masekhet Chullin", 
        "Tosafot on Chullin", 
        "Tosafot on Talmud Chullin"
    ], 
    "categories": [
        "Commentary", 
        "Talmud", 
        "Tosafot"
    ], 
    "ref": "Tosafot on Chullin 3a", 
    "type": "Commentary", 
    "addressTypes": [
        "Talmud", 
        "Integer", 
        "Integer"
    ], 
    "heCommentator": "תוספות", 
    "length": 281, 
    "indexTitle": "Tosafot on Chullin", 
    "heIndexTitle": "תוספות על חולין", 
    "alts": [], 
    "order": [
        30, 
        3
    ]
}