[{
    "links": [
        [
            "32a:1:1", 
            "Chullin 32a:1", 
            "Talmud"
        ], 
        [
            "32a:6:1", 
            "Chullin 32a:6", 
            "Talmud"
        ], 
        [
            "32a:15:1", 
            "Chullin 32a:15", 
            "Talmud"
        ], 
        [
            "32a:46:1", 
            "Chullin 32a:46", 
            "Talmud"
        ], 
        [
            "32a:57:1", 
            "Chullin 32a:57", 
            "Talmud"
        ], 
        [
            "32a:57:1", 
            "Zevachim 69b", 
            "Talmud"
        ]
    ], 
    "text": [], 
    "heTitleVariants": [
        "תוספות על חולין"
    ], 
    "heTitle": "תוספות על חולין ל״ב א", 
    "commentaryBook": "Chullin", 
    "heRef": "תוספות על חולין ל״ב א", 
    "toSections": [
        "32a"
    ], 
    "sectionRef": "Tosafot on Chullin 32a", 
    "title": "Tosafot on Chullin 32a", 
    "lengths": [
        281, 
        13642
    ], 
    "next": "Tosafot on Chullin 32b:15", 
    "heBook": "תוספות על חולין", 
    "book": "Tosafot on Chullin", 
    "prev": "Tosafot on Chullin 31b:51", 
    "textDepth": 3, 
    "sectionNames": [
        "Daf", 
        "Line", 
        "Comment"
    ], 
    "sections": [
        "32a"
    ], 
    "commentator": "Tosafot", 
    "isComplex": false, 
    "commentaryCategories": [
        "Talmud", 
        "Bavli", 
        "Seder Kodashim"
    ], 
    "titleVariants": [
        "Tosafot on Tractate Chullin", 
        "Tosafot on Masekhet Chullin", 
        "Tosafot on Chullin", 
        "Tosafot on Talmud Chullin"
    ], 
    "categories": [
        "Commentary", 
        "Talmud", 
        "Tosafot"
    ], 
    "he": [
        [
            "נשחטה בהמה אחרת עמה לרבנן פרה כשרה. ואם תאמר ואותה ולא אותה וחבירתה לרבנן למה לי אי לשוחט בהמה אחרת עמה תיפוק ליה מטעם מלאכה כמו חתך דלעת עמה ויש לומר דאיצטריך לשוחט שתי פרות ונתכוין לשחוט דמשום מלאכה אחרת לא מפסלו כיון דשתיהן לשם פרה:"
        ], 
        [], 
        [], 
        [], 
        [], 
        [
            "אבל פרה דחולין אימא לא קמ\"ל. וא\"ת דאמר בריש זבחים (דף ז.) שחט אחת על מי שמחוייב חטאת פסולה על מי שמחוייב עולה כשרה דכתיב וכפר עליו ולא על חבירו חבירו דומיא דידיה שמחוייב חטאת כמותו והכא נמי נימא אותה ולא אותה וחבירתה דומיא דידה ויש לומר דהתם וכפר עליו משמע עליו מכפר ולא על חבירו מכפר על המחוייב חטאת כזה דשייכא ביה כפרה זו:"
        ], 
        [], 
        [], 
        [], 
        [], 
        [], 
        [], 
        [], 
        [], 
        [
            "ושמואל אמר אף בהמה לעוף. ר\"ח פסק כשמואל ורבי יוחנן דאמרי בהמה לעוף ובקונטרס פסק לחומרא כרב דאמר עוף לעוף דקיימי אמוראי דמערבא כוותיה דאמרי דקה לדקה וגסה לגסה וכ\"ש עוף לעוף דיותר חלוק עוף מבהמה ממה שחלוקין דקה מגסה וגם בה\"ג פסק גסה לגסה ודקה לדקה ועוף לעוף:"
        ], 
        [], 
        [], 
        [], 
        [], 
        [], 
        [], 
        [], 
        [], 
        [], 
        [], 
        [], 
        [], 
        [], 
        [], 
        [], 
        [], 
        [], 
        [], 
        [], 
        [], 
        [], 
        [], 
        [], 
        [], 
        [], 
        [], 
        [], 
        [], 
        [], 
        [], 
        [
            "כדי ביקור טבח חכם. ובסכין הראוייה לאותה בהמה חוץ לצואר כמלא צואר:"
        ], 
        [], 
        [], 
        [], 
        [], 
        [], 
        [], 
        [], 
        [], 
        [], 
        [], 
        [
            "ורמינהי אלו טרפות בבהמה פסוקת הגרגרת. וא\"ת נהי דנבלה הויא מ\"מ לא פקע מינה איסור טרפות וחייב אף משום טריפות כדמשמע בשמעתין דמסוכנת (לקמן לז.) והא דאמר בפרק חטאת העוף (זבחים דף סט:) יצא עוף טמא שאין במינו טרפה לא משום דלא שייכא ביה שחיטה ואפילו נשחטה הויא נבלה ופקע מינה איסור טרפה כי אתא איסור נבלה אלא פירוש שאין במינו טרפה היינו טרפה לחודיה דאף כי נשחט לקי אף משום נבלה וי\"ל דהכי פריך דאי איתא דלא מהניא ביה שחיטה והויא ליה נבלה לא הוה ליה למיתני אלו טרפות אלא הוה ליה למיתני ואלו נבלות שהוא עיקר האיסור ואם תאמר דנקט איסור טרפה לאשמועינן שאם חתך כזית בשר מחיים דלקי אף משום טרפה ויש לומר דמתניתין דאלו טרפות משמע ליה לאחר שחיטה מדקתני. סיפא כל שאין כמוה חיה ולא קתני כל שאין חיה:"
        ]
    ], 
    "ref": "Tosafot on Chullin 32a", 
    "type": "Commentary", 
    "addressTypes": [
        "Talmud", 
        "Integer", 
        "Integer"
    ], 
    "heCommentator": "תוספות", 
    "length": 281, 
    "indexTitle": "Tosafot on Chullin", 
    "heIndexTitle": "תוספות על חולין", 
    "alts": [], 
    "order": [
        30, 
        3
    ]
}]