{
    "heTitleVariants": [
        "תוספות על חולין"
    ], 
    "heTitle": "תוספות על חולין קל״ט ב", 
    "content": [
        {
            "segmentNumber": "1", 
            "he": [], 
            "links": [], 
            "text": ""
        }, 
        {
            "segmentNumber": "2", 
            "he": [], 
            "links": [], 
            "text": ""
        }, 
        {
            "segmentNumber": "3", 
            "he": [], 
            "links": [], 
            "text": ""
        }, 
        {
            "segmentNumber": "4", 
            "he": [
                "שכסוי הדם נוהג כו' - תימה אמאי לא תני שכסוי הדם נוהג בזכרים ונקבות ושלוח הקן אינו נוהג אלא בנקבות:"
            ], 
            "links": [
                {
                    "category": "Talmud", 
                    "sourceHeRef": "חולין קל״ט ב:ד׳", 
                    "index_title": "Chullin", 
                    "sourceRef": "Chullin 139b:4"
                }, 
                {
                    "category": "Talmud", 
                    "sourceHeRef": "חולין קל״ח ב:ט׳", 
                    "index_title": "Chullin", 
                    "sourceRef": "Chullin 138b:9"
                }
            ], 
            "text": ""
        }, 
        {
            "segmentNumber": "5", 
            "he": [], 
            "links": [], 
            "text": ""
        }, 
        {
            "segmentNumber": "6", 
            "he": [], 
            "links": [], 
            "text": ""
        }, 
        {
            "segmentNumber": "7", 
            "he": [], 
            "links": [], 
            "text": ""
        }, 
        {
            "segmentNumber": "8", 
            "he": [], 
            "links": [], 
            "text": ""
        }, 
        {
            "segmentNumber": "9", 
            "he": [], 
            "links": [], 
            "text": ""
        }, 
        {
            "segmentNumber": "10", 
            "he": [], 
            "links": [], 
            "text": ""
        }, 
        {
            "segmentNumber": "11", 
            "he": [], 
            "links": [], 
            "text": ""
        }, 
        {
            "segmentNumber": "12", 
            "he": [], 
            "links": [], 
            "text": ""
        }, 
        {
            "segmentNumber": "13", 
            "he": [], 
            "links": [], 
            "text": ""
        }, 
        {
            "segmentNumber": "14", 
            "he": [], 
            "links": [], 
            "text": ""
        }, 
        {
            "segmentNumber": "15", 
            "he": [], 
            "links": [], 
            "text": ""
        }, 
        {
            "segmentNumber": "16", 
            "he": [], 
            "links": [], 
            "text": ""
        }, 
        {
            "segmentNumber": "17", 
            "he": [], 
            "links": [], 
            "text": ""
        }, 
        {
            "segmentNumber": "18", 
            "he": [], 
            "links": [], 
            "text": ""
        }, 
        {
            "segmentNumber": "19", 
            "he": [], 
            "links": [], 
            "text": ""
        }, 
        {
            "segmentNumber": "20", 
            "he": [], 
            "links": [], 
            "text": ""
        }, 
        {
            "segmentNumber": "21", 
            "he": [], 
            "links": [], 
            "text": ""
        }, 
        {
            "segmentNumber": "22", 
            "he": [], 
            "links": [], 
            "text": ""
        }, 
        {
            "segmentNumber": "23", 
            "he": [], 
            "links": [], 
            "text": ""
        }, 
        {
            "segmentNumber": "24", 
            "he": [], 
            "links": [], 
            "text": ""
        }, 
        {
            "segmentNumber": "25", 
            "he": [], 
            "links": [], 
            "text": ""
        }, 
        {
            "segmentNumber": "26", 
            "he": [], 
            "links": [], 
            "text": ""
        }, 
        {
            "segmentNumber": "27", 
            "he": [
                "בדרך כדרב יהודה כו' - וא\"ת אמאי איצטריך ריבויא לקן שבים דאי משום דכתיב על הארץ א\"כ לא ליכתוב בדרך ולשתוק מעל הארץ ומיהו על הארץ איצטריך למעוטי נשר בשמים אבל קשה דא\"כ מאי פריך בסמוך מצא קן בשמים הכי נמי דמחייב ומאי קושיא הא כתיב על הארץ ונראה דפריך דקן בשמים נחייב מבדרך ומעל הארץ נמעט שבים במה ראית:"
            ], 
            "links": [
                {
                    "category": "Talmud", 
                    "sourceHeRef": "חולין קל״ט ב:כ״ז", 
                    "index_title": "Chullin", 
                    "sourceRef": "Chullin 139b:27"
                }
            ], 
            "text": ""
        }, 
        {
            "segmentNumber": "28", 
            "he": [], 
            "links": [], 
            "text": ""
        }, 
        {
            "segmentNumber": "29", 
            "he": [], 
            "links": [], 
            "text": ""
        }, 
        {
            "segmentNumber": "30", 
            "he": [], 
            "links": [], 
            "text": ""
        }, 
        {
            "segmentNumber": "31", 
            "he": [], 
            "links": [], 
            "text": ""
        }, 
        {
            "segmentNumber": "32", 
            "he": [], 
            "links": [], 
            "text": ""
        }, 
        {
            "segmentNumber": "33", 
            "he": [], 
            "links": [], 
            "text": ""
        }, 
        {
            "segmentNumber": "34", 
            "he": [], 
            "links": [], 
            "text": ""
        }, 
        {
            "segmentNumber": "35", 
            "he": [], 
            "links": [], 
            "text": ""
        }, 
        {
            "segmentNumber": "36", 
            "he": [], 
            "links": [], 
            "text": ""
        }, 
        {
            "segmentNumber": "37", 
            "he": [], 
            "links": [], 
            "text": ""
        }, 
        {
            "segmentNumber": "38", 
            "he": [], 
            "links": [], 
            "text": ""
        }, 
        {
            "segmentNumber": "39", 
            "he": [], 
            "links": [], 
            "text": ""
        }, 
        {
            "segmentNumber": "40", 
            "he": [], 
            "links": [], 
            "text": ""
        }, 
        {
            "segmentNumber": "41", 
            "he": [], 
            "links": [], 
            "text": ""
        }, 
        {
            "segmentNumber": "42", 
            "he": [], 
            "links": [], 
            "text": ""
        }, 
        {
            "segmentNumber": "43", 
            "he": [], 
            "links": [], 
            "text": ""
        }, 
        {
            "segmentNumber": "44", 
            "he": [], 
            "links": [], 
            "text": ""
        }, 
        {
            "segmentNumber": "45", 
            "he": [], 
            "links": [], 
            "text": ""
        }, 
        {
            "segmentNumber": "46", 
            "he": [], 
            "links": [], 
            "text": ""
        }, 
        {
            "segmentNumber": "47", 
            "he": [], 
            "links": [], 
            "text": ""
        }, 
        {
            "segmentNumber": "48", 
            "he": [], 
            "links": [], 
            "text": ""
        }, 
        {
            "segmentNumber": "49", 
            "he": [], 
            "links": [], 
            "text": ""
        }, 
        {
            "segmentNumber": "50", 
            "he": [], 
            "links": [], 
            "text": ""
        }, 
        {
            "segmentNumber": "51", 
            "he": [], 
            "links": [], 
            "text": ""
        }, 
        {
            "segmentNumber": "52", 
            "he": [], 
            "links": [], 
            "text": ""
        }, 
        {
            "segmentNumber": "53", 
            "he": [], 
            "links": [], 
            "text": ""
        }, 
        {
            "segmentNumber": "54", 
            "he": [], 
            "links": [], 
            "text": ""
        }, 
        {
            "segmentNumber": "55", 
            "he": [], 
            "links": [], 
            "text": ""
        }, 
        {
            "segmentNumber": "56", 
            "he": [], 
            "links": [], 
            "text": ""
        }, 
        {
            "segmentNumber": "57", 
            "he": [], 
            "links": [], 
            "text": ""
        }, 
        {
            "segmentNumber": "58", 
            "he": [], 
            "links": [], 
            "text": ""
        }, 
        {
            "segmentNumber": "59", 
            "he": [], 
            "links": [], 
            "text": ""
        }, 
        {
            "segmentNumber": "60", 
            "he": [], 
            "links": [], 
            "text": ""
        }, 
        {
            "segmentNumber": "61", 
            "he": [], 
            "links": [], 
            "text": ""
        }, 
        {
            "segmentNumber": "62", 
            "he": [], 
            "links": [], 
            "text": ""
        }, 
        {
            "segmentNumber": "63", 
            "he": [], 
            "links": [], 
            "text": ""
        }, 
        {
            "segmentNumber": "64", 
            "he": [], 
            "links": [], 
            "text": ""
        }, 
        {
            "segmentNumber": "65", 
            "he": [
                "תא שמע תבנית כל צפור כנף וגו' - וא\"ת והא כתיב (תהלים יא) איך תאמרו לנפשי נודי הרכם צפור י\"ל דפשיטא דדוד לעוף טהור היה מדמה עצמו וכן (שם קכד) כצפור נמלטה מפח יוקשים (ישעיהו לא) כצפרים עפות וא\"ת והא כתיב (תהלים פד) גם צפור מצאה בית דאיירי נמי בטמא דאטו טהור מצא טמא לא מצא ומיהו אפשר דמיירי בטהור כדמוכח סיפא דקרא דכתיב ודרור קן לה וצפור דרור היא טהורה כדמוכח באלו טריפות (לעיל דף סב.) והא דכתיב (תהלים קד) אשר שם צפרים יקננו חסידה וגו' אפשר דבכלל חסידה הם כל הטמאים וצפרים היינו טהורה:"
            ], 
            "links": [
                {
                    "category": "Talmud", 
                    "sourceHeRef": "חולין קל״ט ב:ס״ה", 
                    "index_title": "Chullin", 
                    "sourceRef": "Chullin 139b:65"
                }, 
                {
                    "category": "Tanakh", 
                    "sourceHeRef": "ישעיהו ל״א", 
                    "index_title": "Isaiah", 
                    "sourceRef": "Isaiah 31"
                }, 
                {
                    "category": "Tanakh", 
                    "sourceHeRef": "תהילים י״א", 
                    "index_title": "Psalms", 
                    "sourceRef": "Psalms 11"
                }, 
                {
                    "category": "Tanakh", 
                    "sourceHeRef": "תהילים פ״ד", 
                    "index_title": "Psalms", 
                    "sourceRef": "Psalms 84"
                }, 
                {
                    "category": "Tanakh", 
                    "sourceHeRef": "תהילים ק״ד", 
                    "index_title": "Psalms", 
                    "sourceRef": "Psalms 104"
                }
            ], 
            "text": ""
        }, 
        {
            "segmentNumber": "66", 
            "he": [], 
            "links": [], 
            "text": ""
        }, 
        {
            "segmentNumber": "67", 
            "he": [], 
            "links": [], 
            "text": ""
        }, 
        {
            "segmentNumber": "68", 
            "he": [], 
            "links": [], 
            "text": ""
        }, 
        {
            "segmentNumber": "69", 
            "he": [], 
            "links": [], 
            "text": ""
        }, 
        {
            "segmentNumber": "70", 
            "he": [], 
            "links": [], 
            "text": ""
        }, 
        {
            "segmentNumber": "71", 
            "he": [], 
            "links": [], 
            "text": ""
        }, 
        {
            "segmentNumber": "72", 
            "he": [], 
            "links": [], 
            "text": ""
        }, 
        {
            "segmentNumber": "73", 
            "he": [], 
            "links": [], 
            "text": ""
        }, 
        {
            "segmentNumber": "74", 
            "he": [], 
            "links": [], 
            "text": ""
        }, 
        {
            "segmentNumber": "75", 
            "he": [], 
            "links": [], 
            "text": ""
        }, 
        {
            "segmentNumber": "76", 
            "he": [], 
            "links": [], 
            "text": ""
        }, 
        {
            "segmentNumber": "77", 
            "he": [], 
            "links": [], 
            "text": ""
        }, 
        {
            "segmentNumber": "78", 
            "he": [], 
            "links": [], 
            "text": ""
        }, 
        {
            "segmentNumber": "79", 
            "he": [], 
            "links": [], 
            "text": ""
        }, 
        {
            "segmentNumber": "80", 
            "he": [], 
            "links": [], 
            "text": ""
        }
    ], 
    "commentaryBook": "Chullin", 
    "heRef": "תוספות על חולין קל״ט ב", 
    "toSections": [
        "139b"
    ], 
    "sectionRef": "Tosafot on Chullin 139b", 
    "title": "Tosafot on Chullin 139b", 
    "lengths": [
        281, 
        13642
    ], 
    "next": "Tosafot on Chullin 140a:19", 
    "heBook": "תוספות על חולין", 
    "book": "Tosafot on Chullin", 
    "prev": "Tosafot on Chullin 139a:61", 
    "textDepth": 3, 
    "sectionNames": [
        "Daf", 
        "Line", 
        "Comment"
    ], 
    "sections": [
        "139b"
    ], 
    "commentator": "Tosafot", 
    "isComplex": false, 
    "commentaryCategories": [
        "Talmud", 
        "Bavli", 
        "Seder Kodashim"
    ], 
    "titleVariants": [
        "Tosafot on Tractate Chullin", 
        "Tosafot on Masekhet Chullin", 
        "Tosafot on Chullin", 
        "Tosafot on Talmud Chullin"
    ], 
    "categories": [
        "Commentary", 
        "Talmud", 
        "Tosafot"
    ], 
    "ref": "Tosafot on Chullin 139b", 
    "type": "Commentary", 
    "addressTypes": [
        "Talmud", 
        "Integer", 
        "Integer"
    ], 
    "heCommentator": "תוספות", 
    "length": 281, 
    "indexTitle": "Tosafot on Chullin", 
    "heIndexTitle": "תוספות על חולין", 
    "alts": [], 
    "order": [
        30, 
        3
    ]
}