{
    "heTitleVariants": [
        "תוספות על חולין"
    ], 
    "heTitle": "תוספות על חולין קל״ג א", 
    "content": [
        {
            "segmentNumber": "1", 
            "he": [
                "קבלות.", 
                "קבלות. וא\"ת תיפוק ליה קבלות מהמקריב את דם השלמים דהקרבה הוי לשון קבלה כדאמרינן פרק הקומץ [רבה] (מנחות דף יט.) והקריבו בני אהרן מקבלה ואילך מצות כהונה וי\"ל דהכא כיון דכתיב המקריב את דם השלמים' ואת החלב ובחלב לא שייך קבלה דם נמי. לא משתעי בקבלה:"
            ], 
            "links": [
                {
                    "category": "Talmud", 
                    "sourceHeRef": "חולין קל״ג א:א׳", 
                    "sourceRef": "Chullin 133a:1", 
                    "ref": "Chullin 133a:1"
                }, 
                {
                    "category": "Talmud", 
                    "sourceHeRef": "חולין קל״ג א:א׳", 
                    "sourceRef": "Chullin 133a:1", 
                    "ref": "Chullin 133a:1"
                }, 
                {
                    "category": "Talmud", 
                    "sourceHeRef": "מנחות י״ט א", 
                    "sourceRef": "Menachot 19a", 
                    "ref": "Menachot 19a"
                }
            ], 
            "text": ""
        }, 
        {
            "segmentNumber": "2", 
            "he": [], 
            "links": [], 
            "text": ""
        }, 
        {
            "segmentNumber": "3", 
            "he": [], 
            "links": [], 
            "text": ""
        }, 
        {
            "segmentNumber": "4", 
            "he": [], 
            "links": [], 
            "text": ""
        }, 
        {
            "segmentNumber": "5", 
            "he": [], 
            "links": [], 
            "text": ""
        }, 
        {
            "segmentNumber": "6", 
            "he": [], 
            "links": [], 
            "text": ""
        }, 
        {
            "segmentNumber": "7", 
            "he": [], 
            "links": [], 
            "text": ""
        }, 
        {
            "segmentNumber": "8", 
            "he": [], 
            "links": [], 
            "text": ""
        }, 
        {
            "segmentNumber": "9", 
            "he": [], 
            "links": [], 
            "text": ""
        }, 
        {
            "segmentNumber": "10", 
            "he": [], 
            "links": [], 
            "text": ""
        }, 
        {
            "segmentNumber": "11", 
            "he": [], 
            "links": [], 
            "text": ""
        }, 
        {
            "segmentNumber": "12", 
            "he": [], 
            "links": [], 
            "text": ""
        }, 
        {
            "segmentNumber": "13", 
            "he": [], 
            "links": [], 
            "text": ""
        }, 
        {
            "segmentNumber": "14", 
            "he": [], 
            "links": [], 
            "text": ""
        }, 
        {
            "segmentNumber": "15", 
            "he": [], 
            "links": [], 
            "text": ""
        }, 
        {
            "segmentNumber": "16", 
            "he": [], 
            "links": [], 
            "text": ""
        }, 
        {
            "segmentNumber": "17", 
            "he": [], 
            "links": [], 
            "text": ""
        }, 
        {
            "segmentNumber": "18", 
            "he": [], 
            "links": [], 
            "text": ""
        }, 
        {
            "segmentNumber": "19", 
            "he": [], 
            "links": [], 
            "text": ""
        }, 
        {
            "segmentNumber": "20", 
            "he": [], 
            "links": [], 
            "text": ""
        }, 
        {
            "segmentNumber": "21", 
            "he": [
                "משקל נמי לא שקילנא. שלא אקרא גרגרן ולא אגזול ממי שצריך יותר ממני אע\"פ שגם הוא לא היה עשיר:", 
                "לבר ממעלי יומא דכפורי. שיום טוב הוא כדאמר בפרק אותו ואת בנו (לעיל דף פג.) ומתנות מרובות וכהנים מתאספין ואילו לא היה נוטל היו אומרים שאינו כהן:"
            ], 
            "links": [
                {
                    "category": "Talmud", 
                    "sourceHeRef": "חולין קל״ג א:כ״א", 
                    "sourceRef": "Chullin 133a:21", 
                    "ref": "Chullin 133a:21"
                }, 
                {
                    "category": "Talmud", 
                    "sourceHeRef": "חולין קל״ג א:כ״א", 
                    "sourceRef": "Chullin 133a:21", 
                    "ref": "Chullin 133a:21"
                }
            ], 
            "text": ""
        }, 
        {
            "segmentNumber": "22", 
            "he": [], 
            "links": [], 
            "text": ""
        }, 
        {
            "segmentNumber": "23", 
            "he": [], 
            "links": [], 
            "text": ""
        }, 
        {
            "segmentNumber": "24", 
            "he": [], 
            "links": [], 
            "text": ""
        }, 
        {
            "segmentNumber": "25", 
            "he": [], 
            "links": [], 
            "text": ""
        }, 
        {
            "segmentNumber": "26", 
            "he": [], 
            "links": [], 
            "text": ""
        }, 
        {
            "segmentNumber": "27", 
            "he": [], 
            "links": [], 
            "text": ""
        }, 
        {
            "segmentNumber": "28", 
            "he": [], 
            "links": [], 
            "text": ""
        }, 
        {
            "segmentNumber": "29", 
            "he": [], 
            "links": [], 
            "text": ""
        }, 
        {
            "segmentNumber": "30", 
            "he": [], 
            "links": [], 
            "text": ""
        }, 
        {
            "segmentNumber": "31", 
            "he": [], 
            "links": [], 
            "text": ""
        }, 
        {
            "segmentNumber": "32", 
            "he": [], 
            "links": [], 
            "text": ""
        }, 
        {
            "segmentNumber": "33", 
            "he": [], 
            "links": [], 
            "text": ""
        }, 
        {
            "segmentNumber": "34", 
            "he": [], 
            "links": [], 
            "text": ""
        }, 
        {
            "segmentNumber": "35", 
            "he": [], 
            "links": [], 
            "text": ""
        }, 
        {
            "segmentNumber": "36", 
            "he": [], 
            "links": [], 
            "text": ""
        }, 
        {
            "segmentNumber": "37", 
            "he": [
                "אמר ליה רבא לשמעיה כו'. רבא גרסי' דרבה כהן הוה כדאמר פרק עד כמה (בכורות דף כז.) (רבא) [רבה] הוה מבטל לה ברוב ואמרי' נמי (ר\"ה דף יח.) אביי ורבה מדבית עלי קא אתו:"
            ], 
            "links": [
                {
                    "category": "Talmud", 
                    "sourceHeRef": "חולין קל״ג א:ל״ז", 
                    "sourceRef": "Chullin 133a:37", 
                    "ref": "Chullin 133a:37"
                }, 
                {
                    "category": "Talmud", 
                    "sourceHeRef": "בכורות כ״ז א", 
                    "sourceRef": "Bekhorot 27a", 
                    "ref": "Bekhorot 27a"
                }
            ], 
            "text": ""
        }, 
        {
            "segmentNumber": "38", 
            "he": [], 
            "links": [], 
            "text": ""
        }, 
        {
            "segmentNumber": "39", 
            "he": [], 
            "links": [], 
            "text": ""
        }, 
        {
            "segmentNumber": "40", 
            "he": [], 
            "links": [], 
            "text": ""
        }, 
        {
            "segmentNumber": "41", 
            "he": [], 
            "links": [], 
            "text": ""
        }, 
        {
            "segmentNumber": "42", 
            "he": [], 
            "links": [], 
            "text": ""
        }, 
        {
            "segmentNumber": "43", 
            "he": [], 
            "links": [], 
            "text": ""
        }, 
        {
            "segmentNumber": "44", 
            "he": [], 
            "links": [], 
            "text": ""
        }, 
        {
            "segmentNumber": "45", 
            "he": [], 
            "links": [], 
            "text": ""
        }, 
        {
            "segmentNumber": "46", 
            "he": [], 
            "links": [], 
            "text": ""
        }, 
        {
            "segmentNumber": "47", 
            "he": [], 
            "links": [], 
            "text": ""
        }, 
        {
            "segmentNumber": "48", 
            "he": [], 
            "links": [], 
            "text": ""
        }, 
        {
            "segmentNumber": "49", 
            "he": [], 
            "links": [], 
            "text": ""
        }, 
        {
            "segmentNumber": "50", 
            "he": [], 
            "links": [], 
            "text": ""
        }, 
        {
            "segmentNumber": "51", 
            "he": [], 
            "links": [], 
            "text": ""
        }, 
        {
            "segmentNumber": "52", 
            "he": [], 
            "links": [], 
            "text": ""
        }, 
        {
            "segmentNumber": "53", 
            "he": [], 
            "links": [], 
            "text": ""
        }, 
        {
            "segmentNumber": "54", 
            "he": [], 
            "links": [], 
            "text": ""
        }, 
        {
            "segmentNumber": "55", 
            "he": [], 
            "links": [], 
            "text": ""
        }
    ], 
    "commentaryBook": "Chullin", 
    "heRef": "תוספות על חולין קל״ג א", 
    "toSections": [
        "133a"
    ], 
    "sectionRef": "Tosafot on Chullin 133a", 
    "title": "Tosafot on Chullin 133a", 
    "lengths": [
        281, 
        13642
    ], 
    "next": "Tosafot on Chullin 133b:43", 
    "heBook": "תוספות על חולין", 
    "book": "Tosafot on Chullin", 
    "prev": "Tosafot on Chullin 132b:56", 
    "textDepth": 3, 
    "sectionNames": [
        "Daf", 
        "Line", 
        "Comment"
    ], 
    "sections": [
        "133a"
    ], 
    "commentator": "Tosafot", 
    "isComplex": false, 
    "commentaryCategories": [
        "Talmud", 
        "Bavli", 
        "Seder Kodashim"
    ], 
    "titleVariants": [
        "Tosafot on Tractate Chullin", 
        "Tosafot on Masekhet Chullin", 
        "Tosafot on Chullin", 
        "Tosafot on Talmud Chullin"
    ], 
    "categories": [
        "Commentary", 
        "Talmud", 
        "Tosafot"
    ], 
    "ref": "Tosafot on Chullin 133a", 
    "type": "Commentary", 
    "addressTypes": [
        "Talmud", 
        "Integer", 
        "Integer"
    ], 
    "heCommentator": "תוספות", 
    "length": 281, 
    "indexTitle": "Tosafot on Chullin", 
    "heIndexTitle": "תוספות על חולין", 
    "alts": [], 
    "order": [
        30, 
        3
    ]
}