[{
    "links": [
        [
            "293:1", 
            "Sukkah 41a:23", 
            "Talmud"
        ], 
        [
            "293:1", 
            "Be'er Hetev on Shulchan Arukh, Yoreh De'ah 293:1", 
            "Halakhah"
        ], 
        [
            "293:2", 
            "Be'er Hetev on Shulchan Arukh, Yoreh De'ah 293:2", 
            "Halakhah"
        ], 
        [
            "293:3", 
            "Be'er Hetev on Shulchan Arukh, Yoreh De'ah 293:3", 
            "Halakhah"
        ], 
        [
            "293:3", 
            "Be'er Hetev on Shulchan Arukh, Yoreh De'ah 293:4", 
            "Halakhah"
        ], 
        [
            "293:3", 
            "Be'er Hetev on Shulchan Arukh, Yoreh De'ah 293:5", 
            "Halakhah"
        ]
    ], 
    "text": [
        "It is forbidden to eat new (crop) of the five types of grain until the Omer is brought, which is the 16th of Nissan. As it says, “And bread, toasted grain, and unripe (or damp) grain you may not eat until (the end of) this very day.” And in these times that there is no Omer, it is forbidden (on) all of the 16th day. And outside of Israel where we observe two days, it is forbidden (on) all of the 17th day, until the beginning of the night of the 18th.", 
        "The prohibition of (eating) new (grain) is practiced both in Israel and outside Israel, whether of a Jew’s (grain) or a non-Jew’s.", 
        "Grain that did not take root before the 16th of Nissan is forbidden until the next Omer comes. Rama: And nevertheless, all indeterminate grain is permitted after Passover because of a double doubt. Perhaps it comes from the previous year. And even if you’ll say that it came from this year, nevertheless, perhaps it took root before the Omer (Tur quoting the Rosh).  And in types of grain that they certainly plant after Pesach, for example in some countries where they plant spelt and barley after Passover, then he should be stringent after the harvest, unless the gates of the country are not closed and most of the grain comes from another place where they plant before Passover. (Hg”M Ch. 11 from the M”A &amp; Tos. End of Ch. 1 of Kiddushin) And also, in a time when the winter season extends to after Passover, and in all of that region they plant the abovementioned crops after Passover, one should be stringent and suspect unless known otherwise. But one should not teach others in a place where most of their drinking and eating is from these species, because it is better that they be negligent and not to be pre-meditated. (So it seems in the Tur quoting the Rosh and T”H Ch. 158)"
    ], 
    "heTitleVariants": [
        "שולחן ערוך יורה דעה", 
        "יורה דעה"
    ], 
    "heTitle": "יורה דעה", 
    "heRef": "יורה דעה רצ״ג", 
    "toSections": [
        293
    ], 
    "sectionRef": "Shulchan Arukh, Yoreh De'ah 293", 
    "next": "Shulchan Arukh, Yoreh De'ah 294", 
    "book": "Shulchan Arukh, Yoreh De'ah", 
    "prev": "Shulchan Arukh, Yoreh De'ah 292", 
    "textDepth": 2, 
    "sectionNames": [
        "Siman", 
        "Se'if"
    ], 
    "sections": [
        293
    ], 
    "isComplex": false, 
    "titleVariants": [
        "Shulchan Arukh, Yoreh De'ah", 
        "Yoreh Deah", 
        "Y.D.", 
        "Shulchan Aruch Yoreh Deah", 
        "Yoreh De'ah", 
        "Shulchan Arukh Yoreh De'ah"
    ], 
    "categories": [
        "Halakhah", 
        "Shulchan Arukh"
    ], 
    "he": [
        "אָסוּר לֶאֱכֹל חָדָשׁ מִתְּבוּאַת חֲמֵשֶׁת הַמִּינִים עַד שֶׁיִּקְרַב הָעֹמֶר שֶׁהוּא בְּט''ז בְּנִיסָן, שֶׁנֶּאֱמַר: וְלֶחֶם וְקָלִי וְכַרְמֶל לֹא תֹאכְלוּ עַד עֶצֶם הַיּוֹם הַזֶּה <small><small>(וַיִּקְרָא כג, יד)</small></small> וְהָאִדָּנָא, דְּלֵיכָּא עֹמֶר, אָסוּר כָּל יוֹם ט''ז. וּבְחוּץ לָאָרֶץ, שֶׁעוֹשִׂין ב' יָמִים, אָסוּר כָּל יוֹם י''ז עַד תְּחִלַּת לֵיל י''ח. \n", 
        "אִסוּר הֶחָדָשׁ נוֹהֵג בֵּין בְּאֶרֶץ בֵּין בְּחוּץ לָאָרֶץ, בֵּין בְּשֶׁל יִשְׂרָאֵל בֵּין בְּשֶׁל עוֹבֵד כּוֹכָבִים. \n", 
        "תְּבוּאָה שֶׁלֹּא הִשְׁרִישָׁה קֹדֶם לְט''ז בְּנִיסָן, אֲסוּרָה עַד שֶׁיָּבֹא הָעֹמֶר הַבָּא. <small>הַגָּה: וּמִכָּל מָקוֹם כָּל סְתָם תְּבוּאָה שָׁרֵי לְאַחַר הַפֶּסַח, מִכֹּחַ סְפֵק סְפֵיקָא, סָפֵק הִיא מִשָּׁנָה שֶׁעָבְרָה. וְאִם תִּמְצָא לוֹמַר מִשָּׁנָה זוֹ, מִכָּל מָקוֹם דִּלְמָא נִשְׁרְשָׁה קֹדֶם הָעֹמֶר <small><small>(טוּר בְּשֵׁם הָרֹא''שׁ)</small>.</small> וּבְמִינֵי תְּבוּאָה שֶׁזּוֹרְעִים וַדַּאי לְאַחַר פֶּסַח, כְּגוֹן בְּמִקְצַת מְדִינוֹת שֶׁזּוֹרְעִין שִׁבּוֹלֶת שׁוּעָל וּשְׂעוֹרִים לְאַחַר פֶּסַח, אָז יֵשׁ לוֹ לְהַחְמִיר אַחַר הַקָּצִיר, אִם לֹא שֶׁאֵין דַּלְתוֹת הַמְּדִינוֹת נְעוּלוֹת, וְרֹב הַתְּבוּאָה בָּאָה מִמָּקוֹם אַחֵר שֶׁזּוֹרְעִין קֹדֶם הַפֶּסַח <small><small>(הַגָּהוֹת מַיְמוֹנִי פי''א מהמ''א וְתוס' ספ''ק דְּקִדּוּשִׁין)</small>.</small> וְכֵן בִּזְמַן שֶׁיְמוֹת הַחֹרֶף נִמְשָׁכִים לְאַחַר פֶּסַח, וּבְכָל הַגָּלִיל הַהוּא זוֹרְעִים לְאַחַר פֶּסַח דְּבָרִים הַנִּזְכָּרִים, יֵשׁ לְהַחְמִיר וְלָחוּשׁ מִן הַסְּתָם. אֲבָל אֵין לְהוֹרוֹת לַאֲחֵרִים בְּמָקוֹם שֶׁרֹב שְׁתִיָּתָן וַאֲכִילָתָן מִמִּינִים אֵלּוּ, כִּי מוּטָב שֶׁיִּהְיוּ שׁוֹגְגִין וְאַל יִהְיוּ מְזִידִין <small><small>(כֵּן מַשְׁמָע בַּטּוּר בְּשֵׁם הָרֹא''שׁ ות''ה סִימָן קנ''ח)</small>.</small> </small> \n", 
        "תְּבוּאָה שֶׁנִּזְרְעָה אַחַר הָעֹמֶר וּקְצָרָהּ וּזְרָעָהּ, וּבִשְׁעַת הָעֹמֶר הָיְתָה תַּחַת הַקַּרְקַע וְלֹא הִתְחִילָה עֲדַיִן לְשָׁרֵשׁ, אָסוּר. \n", 
        "שִׁבֹּלֶת שֶׁהֵבִיאָה שְׁלִישׁ קֹדֶם הָעֹמֶר, וַעֲקָרָהּ אַחַר הָעֹמֶר, וְחָזַר וּשְׁתָלָהּ, וְהוֹסִיפָהּ, הַתּוֹסֶפֶת אוֹסֵר הָעִקָּר שֶׁהֻתַּר. \n"
    ], 
    "ref": "Shulchan Arukh, Yoreh De'ah 293", 
    "type": "Halakhah", 
    "addressTypes": [
        "Integer", 
        "Integer"
    ], 
    "indexTitle": "Shulchan Arukh, Yoreh De'ah", 
    "heIndexTitle": "יורה דעה", 
    "alts": [], 
    "order": [
        2
    ]
}]