{
    "content": [
        {
            "segmentNumber": "1", 
            "he": "צָרִיךְ לִזָּהֵר מְאֹד בִּכְבוֹד אָבִיו וְאִמּוֹ וּבְמוֹרָאָם. <small>הַגָּה: וּמִכָּל מָקוֹם אֵין בֵּית דִּין כּוֹפִין עַל מִצְוַת כִּבּוּד אָב וָאֵם, דְּהָוֵי לֵיהּ מִצְוַת עֲשֵׂה שֶׁמַּתַּן שְׂכָרָהּ בְּצִדָּהּ שֶׁאֵין בֵּית דִּין כּוֹפִין עָלֶיהָ <small><small>(בֵּית יוֹסֵף בְּשֵׁם הַגְּמָרָא ובתא''ו נָתִיב א')</small>.</small> </small> \n", 
            "links": [
                {
                    "category": "Halakhah", 
                    "index_title": "Be'er Hetev on Shulchan Arukh, Yoreh De'ah", 
                    "sourceHeRef": "באר היטב יורה דעה ר״מ:א׳", 
                    "sourceRef": "Be'er Hetev on Shulchan Arukh, Yoreh De'ah 240:1"
                }
            ], 
            "text": "One must take great care concerning his father and mother's honor and fear..."
        }, 
        {
            "segmentNumber": "2", 
            "he": "אֵיזֶה מוֹרָא, לֹא יַעֲמֹד בִּמְקוֹמוֹ הַמְיֻחָד לוֹ לַעֲמֹד שָׁם בְּסוֹד זְקֵנִים עִם חֲבֵרָיו, אוֹ מָקוֹם הַמְיֻחָד לוֹ לְהִתְפַּלֵּל; וְלֹא יֵשֵׁב בְּמָקוֹם הַמְיֻחָד לוֹ לְהָסֵב בְּבֵיתוֹ; וְלֹא סוֹתֵר אֶת דְּבָרָיו וְלֹא מַכְרִיעַ אֶת דְּבָרָיו בְּפָנָיו, אֲפִלּוּ לוֹמַר נִרְאִין דִּבְרֵי אַבָּא; וְלֹא יִקְרָאֶנּוּ בִּשְׁמוֹ, לֹא בְּחַיָּיו וְלֹא בְּמוֹתוֹ, אֶלָּא אוֹמֵר: אַבָּא מָארִי. הָיָה שֵׁם אָבִיו כְּשֵׁם אֲחֵרִים, מְשַׁנֶּה שְׁמָם, אִם הוּא שֵׁם שֶׁהוּא פִּלְאִי, שֶׁאֵין הַכֹּל רְגִילִים לִקְרוֹת בּוֹ. <small>אֲבָל שֵׁם שֶׁרְגִילִין בּוֹ מֻתָּר לִקְרוֹת אֲחֵרִים שֶׁלֹּא בְּפָנָיו <small><small>(טוּר)</small>.</small> </small> \n", 
            "links": [
                {
                    "category": "Halakhah", 
                    "index_title": "Be'er Hetev on Shulchan Arukh, Yoreh De'ah", 
                    "sourceHeRef": "באר היטב יורה דעה ר״מ:ב׳", 
                    "sourceRef": "Be'er Hetev on Shulchan Arukh, Yoreh De'ah 240:2"
                }, 
                {
                    "category": "Halakhah", 
                    "index_title": "Be'er Hetev on Shulchan Arukh, Yoreh De'ah", 
                    "sourceHeRef": "באר היטב יורה דעה ר״מ:ג׳", 
                    "sourceRef": "Be'er Hetev on Shulchan Arukh, Yoreh De'ah 240:3"
                }, 
                {
                    "category": "Halakhah", 
                    "index_title": "Be'er Hetev on Shulchan Arukh, Yoreh De'ah", 
                    "sourceHeRef": "באר היטב יורה דעה ר״מ:ד׳", 
                    "sourceRef": "Be'er Hetev on Shulchan Arukh, Yoreh De'ah 240:4"
                }
            ], 
            "text": "What is fear? He should not stand in the place designated for him to stand in consultation of the elders with his colleagues, or the place designated for him to pray, nor should he sit in the place designated for him to recline in his home, nor refute his words nor contradict his words  in his presence, even to say 'Father's words appear to be,' nor call him by his name, neither in life nor in death, but rather say 'Father, my teacher.' Had his father's name been like the name of others, he changes them..."
        }, 
        {
            "segmentNumber": "3", 
            "he": "עַד הֵיכָן מוֹרָאָם, הָיָה הַבֵּן לָבוּשׁ חֲמוּדוֹת וְיוֹשֵׁב בְּרֹאשׁ הַקָּהָל, וּבָאוּ אָבִיו וְאִמּוֹ וְקָרְעוּ בְּגָדָיו וְהִכּוּהוּ עַל רֹאשׁוֹ וְיָרְקוּ בְּפָנָיו, לֹא יַכְלִים אוֹתָם, אֶלָּא יִשְׁתֹּק, וְיִירָא מִן מֶּלֶךְ מַלְכֵי הַמְּלָכִים שֶׁצִּוָּהוּ בְּכָךְ. \n", 
            "links": [
                {
                    "category": "Halakhah", 
                    "index_title": "Be'er Hetev on Shulchan Arukh, Yoreh De'ah", 
                    "sourceHeRef": "באר היטב יורה דעה ר״מ:ה׳", 
                    "sourceRef": "Be'er Hetev on Shulchan Arukh, Yoreh De'ah 240:5"
                }
            ], 
            "text": "To what extent their fear? Had the son been dressed beautifully, sitting at the head of the  community, and his father and mother came and ripped his clothes, hit him on his head and spit on him, he should not shame them, but rather remain silent, and fear the King of kings of kings, who so commanded him."
        }, 
        {
            "segmentNumber": "4", 
            "he": "אֵיזֶהוּ כָּבוֹד, מַאֲכִילוֹ וּמַשְׁקֵהוּ, מַלְבִּישׁ וּמְכַסֶה, מַכְנִיס וּמוֹצִיא. וְיִתְּנֶנּוּ לוֹ בְּסֵבֶר פָּנִים יָפוֹת, שֶׁאֲפִלּוּ מַאֲכִילוֹ בְּכָל יוֹם פְּטוּמוֹת וְהֶרְאָה לוֹ פָּנִים זוֹעֲפוֹת, נֶעֱנָשׁ עָלָיו. <small>הַגָּה: וְכֵן לְהֶפֶךְ, אִם מַטְחִין אָבִיו בָּרֵחַיִם, וְכַוָּנָתוֹ לְטוֹבָה כְּדֵי שֶׁיִּנָּצֵל אָבִיו מִדָּבָר קָשֶׁה יוֹתֵר מִזֶּה, וּמְדַבֵּר פִּיּוּסִים עַל לֵב אָבִיו וּמַרְאֶה לוֹ שֶׁכַּוָנָתוֹ לְטוֹבָה עַד שֶׁיִּתְרַצֶּה אָבִיו לִטְחֹן בָּרֵחַיִם, נוֹחֵל עוֹלָם הַבָּא <small><small>(גְּמָרָא וְרַשִׁ''י פ''ק דְּקִדּוּשִׁין וִירוּשַׁלְמִי)</small>.</small> וִישַׁמְּשֶׁנּוּ בִּשְׁאָר דְּבָרִים שֶׁהַשַּׁמָּשׁ מְשַׁמֵּשׁ רַבּוֹ.</small> \n", 
            "text": "What is honor? He feeds him and gives him drink, dresses and undresses him, brings him in and takes him out, and does so with a pleasant face, for even if he feeds him delicacies every day, yet does so with a scowl, punishment will befall him..."
        }, 
        {
            "segmentNumber": "5", 
            "he": "זֶה שֶׁמַּאֲכִילוֹ וּמַשְׁקֵהוּ, מִשֶּׁל אָב וָאֵם, אִם יֵשׁ לוֹ. וְאִם אֵין לָאָב, וְיֵשׁ לַבֵּן, כּוֹפִין אוֹתוֹ וְזָן אָבִיו כְּפִי מַה שֶּׁהוּא יָכוֹל. וְאִם אֵין לַבֵּן, אֵינוֹ חַיָּב לְחַזֵּר עַל הַפְּתָחִים לְהַאֲכִיל אֶת אָבִיו. <small>הַגָּה: וְיֵשׁ אוֹמְרִים דְּאֵינוֹ חַיָּב לִתֵּן לוֹ רַק מַה שֶּׁמְּחֻיָּב לִתֵּן לִצְדָקָה <small><small>(כֵּן כָּתַב הַבֵּית יוֹסֵף דְּנִרְאֶה כֵּן מִדִּבְרֵי הָרִי''ף וְהָרֹא''שׁ, וְכֵן כָּתַב הר''ן פ''ק דְּקִדּוּשִׁין)</small>.</small> וּמִכָּל מָקוֹם אִם יָדוֹ מַשֶּׂגֶת, תָּבֹא מְאֵרָה לְמִי שֶׁמְּפַרְנֵס אָבִיו מִמָּעוֹת צְדָקָה שֶׁלּוֹ <small><small>(הַגָּהוֹת מָרְדְּכַי דב''ב וּבְהַגָּהוֹת פ''ק דב''מ וּבְחִדּוּשֵׁי אֲגֻדָּה)</small>.</small> וְאִם יֵשׁ לוֹ בָּנִים רַבִּים, מְחַשְּׁבִים לְפִי מָמוֹן שֶׁלָּהֶם, וְאִם מִקְּצָתָן עֲשִׁירִים וּמִקְּצָתָן עֲנִיִּים, מְחַיְּבִים הָעֲשִׁירִים לְבַד. <small><small>(תְּשׁוּבַת מַיְמוֹנִי הִלְכוֹת מַמְרִים בְּשֵׁם מוֹהֲרַ''ם וֶהֱבִיאָהּ הַבֵּית יוֹסֵף)</small>.</small> </small> אֲבָל חַיָּב לְכַבְּדוֹ בְּגוּפוֹ, אַף עַל פִּי שֶׁמִּתּוֹךְ כָּךְ בָּטֵל מִמְּלַאכְתּוֹ, וְיִצְטָרֵךְ לְחַזֵּר עַל הַפְּתָחִים. וְדַוְקָא דְּאִית לַבֵּן מְזוֹנוֹת לְאִיתְזוּנֵי הַהוּא יוֹמָא, אֲבָל אִי לֵית לֵיהּ, לֹא מְחֻיָּב לְבַטֵּל מִמְּלַאכְתּוֹ וְלַחֲזֹר עַל הַפְּתָחִים. \n", 
            "links": [
                {
                    "category": "Halakhah", 
                    "index_title": "Be'er Hetev on Shulchan Arukh, Yoreh De'ah", 
                    "sourceHeRef": "באר היטב יורה דעה ר״מ:ו׳", 
                    "sourceRef": "Be'er Hetev on Shulchan Arukh, Yoreh De'ah 240:6"
                }, 
                {
                    "category": "Halakhah", 
                    "index_title": "Be'er Hetev on Shulchan Arukh, Yoreh De'ah", 
                    "sourceHeRef": "באר היטב יורה דעה ר״מ:ז׳", 
                    "sourceRef": "Be'er Hetev on Shulchan Arukh, Yoreh De'ah 240:7"
                }
            ], 
            "text": ""
        }, 
        {
            "segmentNumber": "6", 
            "he": "הָיָה צָרִיךְ עַל שׁוּם דָּבָר בָּעִיר, וְיוֹדֵעַ שֶׁיַּשְׁלִימוּ חֶפְצוֹ בִּשְׁבִיל אָבִיו, אַף עַל פִּי שֶׁיּוֹדֵעַ שֶׁגַּם כֵּן יַעֲשׂוּ בִּשְׁבִילוֹ, לֹא יֹאמַר: עֲשׂוּ לִי דָּבָר פְּלוֹנִי בִּשְׁבִילִי, אֶלָּא יֹאמַר עֲשׂוּ בִּשְׁבִיל אַבָּא, כְּדֵי לִתְלוֹת הַכָּבוֹד בְּאָבִיו. \n", 
            "links": [
                {
                    "category": "Halakhah", 
                    "index_title": "Be'er Hetev on Shulchan Arukh, Yoreh De'ah", 
                    "sourceHeRef": "באר היטב יורה דעה ר״מ:ח׳", 
                    "sourceRef": "Be'er Hetev on Shulchan Arukh, Yoreh De'ah 240:8"
                }
            ], 
            "text": ""
        }, 
        {
            "segmentNumber": "7", 
            "he": "חַיָּב לַעֲמֹד מִפְּנֵי אָבִיו. וְאִם הָאָב תַּלְמִיד בְּנוֹ, כָּל אֶחָד מֵהֶם עוֹמֵד מִפְּנֵי הַשֵּׁנִי. <small><small>(טוּר בְּשֵׁם הָרֹא''שׁ)</small> <small>הַגָּה: וְאִם הַבֵּן רוֹצֶה לִמְחֹל עַל כְּבוֹדוֹ, לְשַׁמֵּשׁ אָבִיו, הָרְשׁוּת בְּיָדוֹ, דְּהָא הָרַב שֶׁמָּחַל עַל כְּבוֹדוֹ כְּבוֹדוֹ מָחוּל. וְדַוְקָא בְּצִנְעָא, אוֹ אֲפִלּוּ בְּפַרְהֶסְיָא וְדָשׁ בְּעִירוֹ שֶׁהַכֹּל יוֹדְעִים שֶׁהוּא אָבִיו, אֲבָל אִם הַבֵּן גָּדוֹל בַּתּוֹרָה וְאֵין אָבִיו דָּשׁ בְּעִירוֹ, אִיכָּא לְמֵיחַשׁ לְבִזְיוֹן הַתּוֹרָה אִם יִתְבַּזֶּה הַבֵּן לִפְנֵי הָאָב, וְיֵשׁ לָהֶם לְהַרְחִיק זֶה מִזֶּה שֶׁלֹּא יָקֵל שׁוּם אֶחָד בִּכְבוֹדוֹ לִפְנֵי חֲבֵרוֹ</small> <small>(הַכֹּל סְבָרַת הָרַב לְדַעַת ב''י)</small> ; <small>וְכֵן עָשָׂה מוֹהֲרַ''ם עִם אָבִיו.</small> </small> \n", 
            "links": [
                {
                    "category": "Halakhah", 
                    "index_title": "Be'er Hetev on Shulchan Arukh, Yoreh De'ah", 
                    "sourceHeRef": "באר היטב יורה דעה ר״מ:ט׳", 
                    "sourceRef": "Be'er Hetev on Shulchan Arukh, Yoreh De'ah 240:9"
                }, 
                {
                    "category": "Halakhah", 
                    "index_title": "Be'er Hetev on Shulchan Arukh, Yoreh De'ah", 
                    "sourceHeRef": "באר היטב יורה דעה ר״מ:י׳", 
                    "sourceRef": "Be'er Hetev on Shulchan Arukh, Yoreh De'ah 240:10"
                }
            ], 
            "text": ""
        }, 
        {
            "segmentNumber": "8", 
            "he": "עַד הֵיכָן כִּבּוּד אָב וָאֵם, אֲפִלּוּ נָטְלוּ כִּיס שֶׁל זְהוּבִים שֶׁלּוֹ, וְהִשְׁלִיכוּ בְּפָנָיו לַיָּם, לֹא יַכְלִימֵם וְלא יְצַעֵר בִּפְנֵיהֶם וְלֹא יִכְעֹס כְּנֶגְדָּם, אֶלָּא יְקַבֵּל גְּזֵרַת הַכָּתוּב וְיִשְׁתֹּק. <small>הַגָּה: וְיֵשׁ אוֹמְרִים דְּאִם רוֹצֶה לִזְרֹק מָעוֹת שֶׁל בֵּן לַיָּם דְּיָכוֹל לְמָנְעוֹ, דְּהָא אֵינוֹ חַיָּב לְכַבְּדוֹ רַק מִשֶּׁל אָב, אֲבָל לֹא מִשֶּׁל בֵּן <small><small>(טוּר בְּשֵׁם ר''י)</small>.</small> וְאֵין חִלּוּק בֵּין לְכַבְּדוֹ אוֹ לְצַעֲרוֹ <small><small>(ת''ה סִימָן מ')</small>.</small> וְדַוְקָא קֹדֶם שֶׁזְּרָקָן, דְּאֶפְשָׁר דְמִמְנַע וְלֹא עָבֵיד, אֲבָל אִם כְּבָר זְרָקוּהוּ, אָסוּר לְאַכְלוּמֵהּ אֲבָל יוּכַל לְתָבְעוֹ לְדִינָא <small><small>(טוּר בְּשֵׁם הָרֹא''שׁ)</small>.</small> וְדַוְקָא אִם רוֹצֶה לִזְרֹק כִּיסוֹ לַיָּם, דְּאִית בֵּיהּ חֶסְרוֹן כִּיס, אֲבָל אִם רוֹצֶה לְהַעֲבִיר מִמֶּנּוּ רֶוַח בְּעָלְמָא, אָסוּר בְּכָל עִנְיָן <small><small>(ר''ן פ''ק דְּקִדּוּשִׁין)</small>.</small> בֵּן שֶׁיֵּשׁ לוֹ דִּין עִם אָבִיו, וְהָאָב הוּא תּוֹבֵעַ הַבֵּן, צָרִיךְ הַבֵּן לֵילֵךְ אַחַר אָבִיו אַף עַל פִּי שֶׁהַבֵּן הוּא נִתְבָּע וְדָר בְּעִיר אַחֶרֶת, שֶׁזֶּהוּ כְּבוֹד אָבִיו. אֲבָל הָאָב חַיָּב לְשַׁלֵּם לַבֵּן הוֹצָאוֹת, דְּאֵינוֹ חַיָּב לְכַבְּדוֹ מִשֶּׁל בֵּן <small><small>(במהרי''ק שֹׁרֶשׁ נ''ח)</small>,</small> כְּמוֹ שֶׁנִּתְבָּאֵר.</small> \n", 
            "links": [
                {
                    "category": "Halakhah", 
                    "index_title": "Be'er Hetev on Shulchan Arukh, Yoreh De'ah", 
                    "sourceHeRef": "באר היטב יורה דעה ר״מ:י״א", 
                    "sourceRef": "Be'er Hetev on Shulchan Arukh, Yoreh De'ah 240:11"
                }
            ], 
            "text": ""
        }, 
        {
            "segmentNumber": "9", 
            "he": "חַיָּב לְכַבְּדוֹ אֲפִלּוּ אַחַר מוֹתוֹ. כֵּיצַד, הָיָה אוֹמֵר דְּבַר שְׁמוּעָה מִפִּיו, אוֹמֵר: כָּךְ אָמַר אַבָּא מָארִי הֲרֵינִי כַּפָּרַת מִשְׁכָּבוֹ, אִם הוּא תּוֹךְ שְׁנֵים עָשָׂר חֹדֶשׁ, וְאִם הוּא לְאַחַר שְׁנֵים עָשָׂר חֹדֶשׁ, אוֹמֵר: זִכְרוֹנוֹ לִבְרָכָה. <small>הַגָּה: וְאֵין חִלּוּק בֵּין אֵם לְאָב בְּכָל זֶה <small><small>(מהרי''ל סִימָן כ''ד)</small>.</small> יֵשׁ אוֹמְרִים דְּאִם כּוֹתֵב תּוֹךְ שְׁנֵים עָשָׂר חֹדֶשׁ דָּבָר וּמַזְכִּיר אָבִיו, אֵין צָרִיךְ לִכְתֹּב הֲרֵינִי כַּפָּרַת מִשְׁכָּבוֹ אֶלָּא זִכְרוֹנוֹ לִבְרָכָה, דְּהָא כְּתִיבָתוֹ מִתְקַיֶּמֶת לְאַחַר שְׁנֵים עָשָׂר חֹדֶשׁ <small><small>(הג' בְּאִלְפָּס פ''ק דְּקִדּוּשִׁין)</small>,</small> וְיֵשׁ מַחְמִירִים אֲפִלּוּ בִּכְתִיבָה <small><small>(בנ''י וּשְׁאָר מְחַבְּרִים וכ''מ בְּבֵית יוֹסֵף סוֹף סי' רמ''ב בְּשֵׁם רשב''ץ וּתְשׁוּבַת ן' חָבִיב רס''ד)</small>,</small> וְכֵן נוֹהֲגִין.</small> \n", 
            "links": [
                {
                    "category": "Halakhah", 
                    "index_title": "Be'er Hetev on Shulchan Arukh, Yoreh De'ah", 
                    "sourceHeRef": "באר היטב יורה דעה ר״מ:י״ב", 
                    "sourceRef": "Be'er Hetev on Shulchan Arukh, Yoreh De'ah 240:12"
                }
            ], 
            "text": ""
        }, 
        {
            "segmentNumber": "10", 
            "he": "מִי שֶׁנִּטְרְפָה דַּעַת אָבִיו אוֹ אִמּוֹ, מִשְׁתַּדֵּל לִנְהֹג עִמָּהֶם כְּפִי דַּעְתָּם עַד שֶׁיְּרֻחַם עֲלֵיהֶם. וְאִם אִי אֶפְשָׁר לוֹ לַעֲמֹד, מִפְּנֵי שֶׁנִּשְׁתַּגְּעוּ בְּיוֹתֵר, יֵלֵךְ לוֹ וְיַנִּיחֵם, וִיצַוֶּה לַאֲחֵרִים לְנַהֲגָם כָּרָאוּי. \n", 
            "links": [
                {
                    "category": "Halakhah", 
                    "index_title": "Be'er Hetev on Shulchan Arukh, Yoreh De'ah", 
                    "sourceHeRef": "באר היטב יורה דעה ר״מ:י״ג", 
                    "sourceRef": "Be'er Hetev on Shulchan Arukh, Yoreh De'ah 240:13"
                }
            ], 
            "text": ""
        }, 
        {
            "segmentNumber": "11", 
            "he": "רָאָה אָבִיו שֶׁעָבַר עַל דִּבְרֵי תּוֹרָה, לֹא יֹאמַר לוֹ: עָבַרְתָּ עַל דִּבְרֵי תּוֹרָה, אֶלָּא יֹאמַר לוֹ: אַבָּא כָּתוּב בַּתּוֹרָה כָּךְ וְכָךְ, כְּאִלּוּ הוּא שׁוֹאֵל מִמֶּנּוּ וְלֹא כְּמַזְהִירוֹ, וְהוּא יָבִין בְּעַצְמוֹ וְלֹא יִתְבַּיֵּשׁ. וְאִם הָיָה אוֹמֵר שְׁמוּעָה בְּטָעוּת, לֹא יֹאמַר לוֹ: לָא תִּתְנֵי הָכִי. \n", 
            "text": ""
        }, 
        {
            "segmentNumber": "12", 
            "he": "אָמַר לוֹ אָבִיו: הַשְׁקֵנִי מַיִם, וְיֵשׁ לְפָנָיו לַעֲשׂוֹת מִצְוָה עוֹבֶרֶת, כְּגוֹן קְבוּרַת מֵת אוֹ לְוָיָה, אִם אֶפְשָׁר לַמִּצְוָה שֶׁתֵּעָשֶׂה עַל יְדֵי אֲחֵרִים, יַעֲסֹק בִּכְבוֹד אָבִיו. <small>וְאִם הִתְחִיל בַּמִּצְוָה תְּחִלָּה, יִגְמֹר, דְּהָעוֹסֵק בְּמִצְוָה פָּטוּר מִן הַמִּצְוָה <small><small>(בֵּית יוֹסֵף בְּשֵׁם הר''ן)</small>.</small> </small> וְאִם אֵין שָׁם אֲחֵרִים לַעֲשׂוֹת, יַעֲסֹק בַּמִּצְוָה וְיַנִּיחַ כְּבוֹד אָבִיו. <small>מִיהוּ אִם אֵין זְמַן הַמִּצְוָה עוֹבֶרֶת, יַעֲסֹק בִּכְבוֹד אָבִיו וְאַחַר כָּךְ יַעֲשֶׂה הַמִּצְוָה <small><small>(רַבֵּנוּ יְרוּחָם נָתִיב א' בְּשֵׁם רֹא''שׁ)</small>.</small> </small> \n", 
            "text": ""
        }, 
        {
            "segmentNumber": "13", 
            "he": "תַּלְמוּד תּוֹרָה גָּדוֹל מִכְּבוֹד אָב וָאֵם. \n", 
            "text": ""
        }, 
        {
            "segmentNumber": "14", 
            "he": "אָבִיו אוֹמֵר לוֹ: הַשְׁקֵנִי מַיִם, וְאִמּוֹ אוֹמֶרֶת: הַשְׁקֵנִי מַיִם, מַנִּיחַ אִמּוֹ וְעוֹסֵק בִּכְבוֹד אָבִיו. וְאִם הִיא מְגֹרֶשֶׁת מֵאָבִיו, שְׁנֵיהֶם שָׁוִים וּלְאֵיזֶה מֵהֶם שֶׁיִּרְצֶה יַקְדִּים. \n", 
            "links": [
                {
                    "category": "Halakhah", 
                    "index_title": "Be'er Hetev on Shulchan Arukh, Yoreh De'ah", 
                    "sourceHeRef": "באר היטב יורה דעה ר״מ:י״ד", 
                    "sourceRef": "Be'er Hetev on Shulchan Arukh, Yoreh De'ah 240:14"
                }
            ], 
            "text": ""
        }, 
        {
            "segmentNumber": "15", 
            "he": "אָמַר לוֹ אָבִיו לַעֲבֹר עַל דִּבְרֵי תּוֹרָה, בֵּין מִצְוָה עֲשֵׂה בֵּין מִצְוַת לֹא תַּעֲשֶׂה, אֲפִלּוּ מִצְוָה שֶׁל דִּבְרֵיהֶם, לֹא יִשְׁמַע לוֹ. \n", 
            "text": ""
        }, 
        {
            "segmentNumber": "16", 
            "he": "הָאָב שֶׁצִּוָּה אֶת בְּנוֹ שֶׁלֹּא יְדַבֵּר עִם פְּלוֹנִי וְשֶׁלֹּא יִמְחֹל לוֹ עַד זְמַן קָצוּב, וְהַבֵּן הָיָה רוֹצֶה לְהִתְפַּיֵּס מִיָּד לוּלֵי צַוָּאַת אָבִיו, אֵין לוֹ לָחוּשׁ לְצַוָּאָתוֹ. \n", 
            "text": ""
        }, 
        {
            "segmentNumber": "17", 
            "he": "אֶחָד הָאִישׁ וְאֶחָד הָאִשָּׁה שָׁוִין בְּכָבוֹד וּבְמוֹרָא שֶׁל אָב וָאֵם, אֶלָּא שֶׁהָאִשָּׁה אֵין בְּיָדָהּ לַעֲשׂוֹת, שֶׁהִיא מְשֻׁעְבֶּדֶת לְבַעֲלָהּ, לְפִיכָךְ הִיא פְּטוּרָה מִכִּבּוּד אָב וָאֵם בְּעוֹדָהּ נְשׂוּאָה. וְאִם נִתְגָּרְשָׁה אוֹ נִתְאַלְמְנָה, חַיֶּבֶת. \n", 
            "links": [
                {
                    "category": "Halakhah", 
                    "index_title": "Be'er Hetev on Shulchan Arukh, Yoreh De'ah", 
                    "sourceHeRef": "באר היטב יורה דעה ר״מ:ט״ו", 
                    "sourceRef": "Be'er Hetev on Shulchan Arukh, Yoreh De'ah 240:15"
                }
            ], 
            "text": ""
        }, 
        {
            "segmentNumber": "18", 
            "he": "מַמְזֵר חַיָּב בִּכְבוֹד אָבִיו וּבְמוֹרָאוֹ. אֲפִלּוּ הָיָה אָבִיו רָשָׁע וּבַעַל עֲבֵרוֹת, מְכַבְּדוֹ וּמִתְיָרֵא מִמֶּנּוּ. <small>הַגָּה: וְיֵשׁ אוֹמְרִים דְּאֵינוֹ מְחֻיָּב לְכַבֵּד אָבִיו רָשָׁע, אֶלָּא אִם כֵּן עָשָׂה תְּשׁוּבָה <small><small>(טוּר וּמָרְדְּכַי פ' כֵּיצַד וּבְהַגָּהוֹת מַיְמוֹנִי פ''ו דְּהִלְכוֹת מַמְרִים)</small>.</small> </small> \n", 
            "links": [
                {
                    "category": "Halakhah", 
                    "index_title": "Be'er Hetev on Shulchan Arukh, Yoreh De'ah", 
                    "sourceHeRef": "באר היטב יורה דעה ר״מ:ט״ז", 
                    "sourceRef": "Be'er Hetev on Shulchan Arukh, Yoreh De'ah 240:16"
                }
            ], 
            "text": ""
        }, 
        {
            "segmentNumber": "19", 
            "he": "אָסוּר לְאָדָם לְהִכְבִּיד עֻלּוֹ עַל בָּנָיו וּלְדַקְדֵּק בִּכְבוֹדוֹ עִמָּהֶם, שֶׁלֹּא יְבִיאֵם לִידֵי מִכְשׁוֹל, אֶלָּא יִמְחֹל וְיַעֲלִים עֵינָיו מֵהֶם, שֶׁהָאָב שֶׁמָּחַל עַל כְּבוֹדוֹ, כְּבוֹדוֹ מָחוּל. \n", 
            "text": ""
        }, 
        {
            "segmentNumber": "20", 
            "he": "הַמַּכֶּה לִבְנוֹ גָּדוֹל, מְנַדִּין אוֹתוֹ, שֶׁהֲרֵי עוֹבֵר עַל לִפְנֵי עִוֵּר לֹא תִתֵּן מִכְשׁוֹל <small><small>(וַיִּקְרָא יט, יד)</small>. <small>וְלא מִקְרֵי גָּדוֹל לְדָבָר זֶה, רַק אַחַר כ''ב שָׁנָה אוֹ כ''ד שָׁנָה</small> <small>(בְּקוּנְטְרֵס פ''ק דְּקִדּוּשִׁין וּבֵית יוֹסֵף סוֹף סִימָן של''ד)</small>.</small> \n", 
            "text": ""
        }, 
        {
            "segmentNumber": "21", 
            "he": "חַיָּב אָדָם לְכַבֵּד אֵשֶׁת אָבִיו, אַף עַל פִּי שֶׁאֵינָהּ אִמּוֹ, כָּל זְמַן שֶׁאָבִיו קַיָּם. וְחַיָּב לְכַבֵּד בַּעַל אִמּוֹ, כָּל זְמַן שֶׁאִמּוֹ קַיֶּמֶת. אֲבָל לְאַחַר מִיתָה, אֵינוֹ חַיָּב בִּכְבוֹדָם. וּמִכָּל מָקוֹם דָּבָר הָגוּן לְכַבְּדָם אַף לְאַחַר מִיתָה. \n", 
            "text": ""
        }, 
        {
            "segmentNumber": "22", 
            "he": "חַיָּב אָדָם בִּכְבוֹד אָחִיו הַגָּדוֹל, בֵּין שֶׁהוּא אָחִיו מֵאָבִיו בֵּין שֶׁהוּא אָחִיו מֵאִמּוֹ. <small>וַאֲפִלּוּ הַקָּטָן הוּא תַּלְמִיד חָכָם וְגָדוֹל בְּתוֹרָה יוֹתֵר מִן הַגָּדוֹל. כֵּן מַשְׁמָע לוֹ <small><small>(מִתְּשׁוּבַת הָרֹא''שׁ שֶׁבְּסָעִיף שאח''ז וּסְמַ''ג)</small></small> וּדְלֹא כְּיֵשׁ חוֹלְקִין בָּזֶה <small><small>(ב''ז)</small>.</small> </small> \n", 
            "text": ""
        }, 
        {
            "segmentNumber": "23", 
            "he": "אָח גָּדוֹל שֶׁחֵרֵף וּבִזָּה לְאָחִיו שֶׁהוּא תַּלְמִיד חָכָם וְקָטָן מִמֶּנּוּ בְּשָׁנִים, וְנִדָּה הַקָּטָן לַגָּדוֹל, יָפֶה עָשָׂה שֶׁנִּדָּהוּ, דְּכֵיוָן שֶׁאֵינוֹ נוֹשֵׂא פָנִים לַתּוֹרָה אֵינוֹ עוֹשֶׂה מַעֲשֵׂה עַמְּךָ וְאֵינוֹ חַיָּב לְכַבְּדוֹ. \n", 
            "text": ""
        }, 
        {
            "segmentNumber": "24", 
            "he": "חַיָּב אָדָם לְכַבֵּד חָמִיו. <small>הַגָּה: יֵשׁ אוֹמְרִים דְּאֵין אָדָם חַיָּב בִּכְבוֹד אֲבִי אָבִיו <small><small>(מהרי''ק שֹׁרֶשׁ מ''ד)</small>.</small> וְאֵינוֹ נ''ל, אֶלָּא דְּחַיָּב בִּכְבוֹד אָבִיו יוֹתֵר מִכְּבוֹד אֲבִי אָבִיו <small><small>(וּרְאָיָה מִמִּדְרָשׁ גַּבֵּי וַיִּזְבַּח זְבָחִים וגו' <small>(בראשית מו, א)</small> )</small>.</small>  \n</small>", 
            "links": [
                {
                    "category": "Tanakh", 
                    "index_title": "Genesis", 
                    "sourceHeRef": "בראשית מ״ו:א׳", 
                    "sourceRef": "Genesis 46:1"
                }, 
                {
                    "category": "Halakhah", 
                    "index_title": "Be'er Hetev on Shulchan Arukh, Yoreh De'ah", 
                    "sourceHeRef": "באר היטב יורה דעה ר״מ:י״ז", 
                    "sourceRef": "Be'er Hetev on Shulchan Arukh, Yoreh De'ah 240:17"
                }, 
                {
                    "category": "Halakhah", 
                    "index_title": "Be'er Hetev on Shulchan Arukh, Yoreh De'ah", 
                    "sourceHeRef": "באר היטב יורה דעה ר״מ:י״ח", 
                    "sourceRef": "Be'er Hetev on Shulchan Arukh, Yoreh De'ah 240:18"
                }
            ], 
            "text": "...A person is obligated to honor his father-in-law. Rema: There are some that they a person is not obligated to honor his grandfather, but this does not appear correct to me. Rather he is obligated in the honoring of his father more than that of his grandfather (and we can see that from the midrash on Gen 46:1 - Jacob offers sacrifices to the God of his father Issac - not Abraham). "
        }, 
        {
            "segmentNumber": "25", 
            "he": "אִם הָאָב רוֹצֶה לְשָׁרֵת אֶת הַבֵּן, מֻתָּר לְקַבֵּל מִמֶּנּוּ אֶלָּא אִם כֵּן הָאָב בֶּן תּוֹרָה. תַּלְמִיד שֶׁרוֹצֶה לָלֶכֶת לְמָקוֹם אַחֵר, שֶׁהוּא בּוֹטֵחַ שֶׁיִּרְאֶה סִימַן בְּרָכָה בְּתַלְמוּדוֹ לִפְנֵי הָרַב שֶׁשָּׁם, וְאָבִיו מוֹחֶה בּוֹ לְפִי שֶׁדּוֹאֵג שֶׁבְּאוֹתָהּ הָעִיר הָעוֹבְדֵי כּוֹכָבִים מַעֲלִילִים, אֵינוֹ צָרִיךְ לִשְׁמֹעַ לְאָבִיו בָּזֶה. <small>הַגָּה: וְכֵן אִם הָאָב מוֹחֶה בַּבֵּן לִשָּׂא אֵיזוֹ אִשָּׁה שֶׁיַּחְפֹּץ בָּהּ הַבֵּן, אֵין צָרִיךְ לִשְׁמֹעַ אֶל הָאָב <small><small>(מהרי''ק שֹׁרֶשׁ קס''ו)</small>.</small> </small> \n"
        }
    ], 
    "heTitle": "יורה דעה", 
    "indexTitle": "Shulchan Arukh, Yoreh De'ah", 
    "sectionRef": "Shulchan Arukh, Yoreh De'ah 240", 
    "prev": "Shulchan Arukh, Yoreh De'ah 239", 
    "ref": "Shulchan Arukh, Yoreh De'ah 240", 
    "heRef": "יורה דעה ר״מ", 
    "next": "Shulchan Arukh, Yoreh De'ah 241"
}