{
    "heTitleVariants": [
        "רמב\"ם, הלכות רוצח ושמירת נפש", 
        "רמב\"ם, הל' רוצח ושמירת נפש", 
        "משנה תורה, הל' רוצח ושמירת נפש", 
        "רמב\"ם הל' רוצח ושמירת נפש", 
        "משנה תורה, הלכות רוצח ושמירת נפש", 
        "רמב\"ם הלכות רוצח ושמירת נפש"
    ], 
    "heTitle": "משנה תורה, הלכות רוצח ושמירת נפש", 
    "heRef": "משנה תורה, הלכות רוצח ושמירת נפש י״א", 
    "toSections": [
        11
    ], 
    "sectionRef": "Mishneh Torah, Murderer and the Preservation of Life 11", 
    "lengths": [
        13
    ], 
    "next": "Mishneh Torah, Murderer and the Preservation of Life 12", 
    "content": [
        {
            "segmentNumber": "1", 
            "he": "מִצְוַת עֲשֵׂה לַעֲשׂוֹת אָדָם מַעֲקֶה לְגַגּוֹ שֶׁנֶּאֱמַר <small>(דברים כב-ח)</small> \"וְעָשִׂיתָ מַעֲקֶה לְגַגֶּךָ\". וְהוּא שֶׁיִּהְיֶה בֵּית דִּירָה. אֲבָל בֵּית הָאוֹצָרוֹת וּבֵית הַבָּקָר וְכַיּוֹצֵא בָּהֶן אֵינוֹ זָקוּק לוֹ. וְכָל בַּיִת שֶׁאֵין בּוֹ אַרְבַּע אַמּוֹת עַל אַרְבַּע אַמּוֹת פָּטוּר מִן הַמַּעֲקֶה: \n", 
            "links": [
                {
                    "category": "Talmud", 
                    "sourceHeRef": "סוכה ג׳ א:נ״א", 
                    "index_title": "Sukkah", 
                    "sourceRef": "Sukkah 3a:51"
                }, 
                {
                    "category": "Tanakh", 
                    "sourceHeRef": "דברים כ״ב", 
                    "index_title": "Deuteronomy", 
                    "sourceRef": "Deuteronomy 22"
                }, 
                {
                    "category": "Halakhah", 
                    "sourceHeRef": "כסף משנה על משנה תורה, הלכות רוצח ושמירת נפש י״א:א׳:א׳", 
                    "index_title": "Kessef Mishneh on Mishneh Torah, Murderer and the Preservation of Life", 
                    "sourceRef": "Kessef Mishneh on Mishneh Torah, Murderer and the Preservation of Life 11:1:1"
                }, 
                {
                    "category": "Halakhah", 
                    "sourceHeRef": "כסף משנה על משנה תורה, הלכות רוצח ושמירת נפש י״א:א׳:ב׳", 
                    "index_title": "Kessef Mishneh on Mishneh Torah, Murderer and the Preservation of Life", 
                    "sourceRef": "Kessef Mishneh on Mishneh Torah, Murderer and the Preservation of Life 11:1:2"
                }
            ], 
            "text": ""
        }, 
        {
            "segmentNumber": "2", 
            "he": "בַּיִת שֶׁל שְׁנֵי שֻׁתָּפִין חַיָּבִין בְּמַעֲקֶה שֶׁנֶּאֱמַר <small>(דברים כב-ח)</small> \"כִּי יִפּל הַנֹּפֵל מִמֶּנּוּ\" לֹא תָּלָה אֶלָּא בְּנוֹפֵל. אִם כֵּן לָמָּה נֶאֱמַר <small>(דברים כב-ח)</small> \"גַּגֶּךָ\" לְמַעֵט בָּתֵּי כְּנֵסִיּוֹת וּבָתֵּי מִדְרָשׁוֹת לְפִי שֶׁאֵינָן עֲשׂוּיִים לְדִירָה. הָיְתָה רְשׁוּת הָרַבִּים גְּבוֹהָה מִגַּגּוֹ אֵינוֹ זָקוּק לְמַעֲקֶה שֶׁנֶּאֱמַר כִּי יִפּל הַנֹּפֵל מִמֶּנּוּ וְלֹא לְתוֹכוֹ: \n", 
            "links": [
                {
                    "category": "Tanakh", 
                    "sourceHeRef": "דברים כ״ב", 
                    "index_title": "Deuteronomy", 
                    "sourceRef": "Deuteronomy 22"
                }, 
                {
                    "category": "Halakhah", 
                    "sourceHeRef": "כסף משנה על משנה תורה, הלכות רוצח ושמירת נפש י״א:ב׳:א׳", 
                    "index_title": "Kessef Mishneh on Mishneh Torah, Murderer and the Preservation of Life", 
                    "sourceRef": "Kessef Mishneh on Mishneh Torah, Murderer and the Preservation of Life 11:2:1"
                }, 
                {
                    "category": "Halakhah", 
                    "sourceHeRef": "כסף משנה על משנה תורה, הלכות רוצח ושמירת נפש י״א:ב׳:ב׳", 
                    "index_title": "Kessef Mishneh on Mishneh Torah, Murderer and the Preservation of Life", 
                    "sourceRef": "Kessef Mishneh on Mishneh Torah, Murderer and the Preservation of Life 11:2:2"
                }
            ], 
            "text": ""
        }, 
        {
            "segmentNumber": "3", 
            "he": "גֹּבַהּ הַמַּעֲקֶה אֵין פָּחוֹת מֵעֲשָׂרָה טְפָחִים כְּדֵי שֶׁלֹּא יִפּל מִמֶּנּוּ הַנּוֹפֵל. וְצָרִיךְ לִהְיוֹת הַמְחִצָּה חֲזָקָה כְּדֵי שֶׁיִּשָּׁעֵן אָדָם עָלֶיהָ וְלֹא תִּפּל. וְכָל הַמֵּנִיחַ גַּגּוֹ בְּלֹא מַעֲקֶה בִּטֵּל מִצְוַת עֲשֵׂה וְעָבַר עַל לֹא תַּעֲשֶׂה שֶׁנֶּאֱמַר <small>(דברים כב-ח)</small> \"וְלֹא תָשִׂים דָּמִים בְּבֵיתֶךָ\". וְאֵין לוֹקִין עַל לָאו זֶה מִפְּנֵי שֶׁאֵין בּוֹ מַעֲשֶׂה: \n", 
            "links": [
                {
                    "category": "Tanakh", 
                    "sourceHeRef": "דברים כ״ב", 
                    "index_title": "Deuteronomy", 
                    "sourceRef": "Deuteronomy 22"
                }, 
                {
                    "category": "Halakhah", 
                    "sourceHeRef": "כסף משנה על משנה תורה, הלכות רוצח ושמירת נפש י״א:ג׳:א׳", 
                    "index_title": "Kessef Mishneh on Mishneh Torah, Murderer and the Preservation of Life", 
                    "sourceRef": "Kessef Mishneh on Mishneh Torah, Murderer and the Preservation of Life 11:3:1"
                }, 
                {
                    "category": "Halakhah", 
                    "sourceHeRef": "כסף משנה על משנה תורה, הלכות רוצח ושמירת נפש י״א:ג׳:ב׳", 
                    "index_title": "Kessef Mishneh on Mishneh Torah, Murderer and the Preservation of Life", 
                    "sourceRef": "Kessef Mishneh on Mishneh Torah, Murderer and the Preservation of Life 11:3:2"
                }, 
                {
                    "category": "Halakhah", 
                    "sourceHeRef": "כסף משנה על משנה תורה, הלכות רוצח ושמירת נפש י״א:ג׳:ג׳", 
                    "index_title": "Kessef Mishneh on Mishneh Torah, Murderer and the Preservation of Life", 
                    "sourceRef": "Kessef Mishneh on Mishneh Torah, Murderer and the Preservation of Life 11:3:3"
                }
            ], 
            "text": ""
        }, 
        {
            "segmentNumber": "4", 
            "he": "אֶחָד הַגַּג וְאֶחָד כָּל דָּבָר שֶׁיֵּשׁ בּוֹ סַכָּנָה וְרָאוּי שֶׁיִּכָּשֵׁל בָּהּ אָדָם וְיָמוּת. כְּגוֹן שֶׁהָיְתָה לוֹ בְּאֵר אוֹ בּוֹר בַּחֲצֵרוֹ בֵּין שֶׁיֵּשׁ בּוֹ מַיִם בֵּין שֶׁאֵין בּוֹ מַיִם חַיָּב לַעֲשׂוֹת חֻלְיָא גְּבוֹהָה עֲשָׂרָה טְפָחִים. אוֹ לַעֲשׂוֹת לָהּ כִּסּוּי כְּדֵי שֶׁלֹּא יִפּל בָּהּ אָדָם וְיָמוּת. וְכֵן כָּל מִכְשׁל שֶׁיֵּשׁ בּוֹ סַכָּנַת נְפָשׁוֹת מִצְוַת עֲשֵׂה לַהֲסִירוֹ וּלְהִשָּׁמֵר מִמֶּנּוּ וּלְהִזָּהֵר בַּדָּבָר יָפֶה יָפֶה. שֶׁנֶּאֱמַר <small>(דברים ד-ט)</small> \"הִשָּׁמֶר לְךָ וּשְׁמֹר נַפְשְׁךָ\". וְאִם לֹא הֵסִיר וְהֵנִיחַ הַמִּכְשׁוֹלוֹת הַמְּבִיאִין לִידֵי סַכָּנָה בִּטֵּל מִצְוַת עֲשֵׂה וְעָבַר בְּ<small>(דברים כב-ח)</small> \"לֹא תָשִׂים דָּמִים\": \n", 
            "links": [
                {
                    "category": "Tanakh", 
                    "sourceHeRef": "דברים ד׳", 
                    "index_title": "Deuteronomy", 
                    "sourceRef": "Deuteronomy 4"
                }, 
                {
                    "category": "Tanakh", 
                    "sourceHeRef": "דברים כ״ב", 
                    "index_title": "Deuteronomy", 
                    "sourceRef": "Deuteronomy 22"
                }, 
                {
                    "category": "Halakhah", 
                    "sourceHeRef": "כסף משנה על משנה תורה, הלכות רוצח ושמירת נפש י״א:ד׳:א׳", 
                    "index_title": "Kessef Mishneh on Mishneh Torah, Murderer and the Preservation of Life", 
                    "sourceRef": "Kessef Mishneh on Mishneh Torah, Murderer and the Preservation of Life 11:4:1"
                }, 
                {
                    "category": "Halakhah", 
                    "sourceHeRef": "כסף משנה על משנה תורה, הלכות רוצח ושמירת נפש י״א:ד׳:ב׳", 
                    "index_title": "Kessef Mishneh on Mishneh Torah, Murderer and the Preservation of Life", 
                    "sourceRef": "Kessef Mishneh on Mishneh Torah, Murderer and the Preservation of Life 11:4:2"
                }, 
                {
                    "category": "Halakhah", 
                    "sourceHeRef": "כסף משנה על משנה תורה, הלכות רוצח ושמירת נפש י״א:ד׳:ג׳", 
                    "index_title": "Kessef Mishneh on Mishneh Torah, Murderer and the Preservation of Life", 
                    "sourceRef": "Kessef Mishneh on Mishneh Torah, Murderer and the Preservation of Life 11:4:3"
                }
            ], 
            "text": ""
        }, 
        {
            "segmentNumber": "5", 
            "he": "הַרְבֵּה דְּבָרִים אָסְרוּ חֲכָמִים מִפְּנֵי שֶׁיֵּשׁ בָּהֶם סַכָּנַת נְפָשׁוֹת. וְכָל הָעוֹבֵר עֲלֵיהֶן וְאוֹמֵר הֲרֵינִי מְסַכֵּן בְּעַצְמִי וּמַה לַּאֲחֵרִים עָלַי בְּכָךְ אוֹ אֵינִי מַקְפִּיד בְּכָךְ מַכִּין אוֹתוֹ מַכַּת מַרְדּוּת: \n", 
            "links": [
                {
                    "category": "Halakhah", 
                    "sourceHeRef": "כסף משנה על משנה תורה, הלכות רוצח ושמירת נפש י״א:ה׳:א׳", 
                    "index_title": "Kessef Mishneh on Mishneh Torah, Murderer and the Preservation of Life", 
                    "sourceRef": "Kessef Mishneh on Mishneh Torah, Murderer and the Preservation of Life 11:5:1"
                }
            ], 
            "text": ""
        }, 
        {
            "segmentNumber": "6", 
            "he": "וְאֵלּוּ הֵן. לֹא יַנִּיחַ אָדָם פִּיו עַל הַסִּילוֹן הַמְקַלֵּחַ וְיִשְׁתֶּה. וְלֹא יִשְׁתֶּה בַּלַּיְלָה מִן הַנְּהָרוֹת וּמִן הָאֲגַמִּים שֶׁמָּא יִבְלַע עֲלוּקָה וְהוּא אֵינוֹ רוֹאֶה. וְלֹא יִשְׁתֶּה מַיִם מְגֻלִּים שֶׁמָּא שָׁתָה מֵהֶן נָחָשׁ וְכַיּוֹצֵא בּוֹ מִזּוֹחֲלֵי עָפָר וְיָמוּת: \n", 
            "links": [
                {
                    "category": "Halakhah", 
                    "sourceHeRef": "כסף משנה על משנה תורה, הלכות רוצח ושמירת נפש י״א:ו׳:א׳", 
                    "index_title": "Kessef Mishneh on Mishneh Torah, Murderer and the Preservation of Life", 
                    "sourceRef": "Kessef Mishneh on Mishneh Torah, Murderer and the Preservation of Life 11:6:1"
                }, 
                {
                    "category": "Halakhah", 
                    "sourceHeRef": "כסף משנה על משנה תורה, הלכות רוצח ושמירת נפש י״א:ו׳:ב׳", 
                    "index_title": "Kessef Mishneh on Mishneh Torah, Murderer and the Preservation of Life", 
                    "sourceRef": "Kessef Mishneh on Mishneh Torah, Murderer and the Preservation of Life 11:6:2"
                }
            ], 
            "text": ""
        }, 
        {
            "segmentNumber": "7", 
            "he": "וְאֵלּוּ הֵן הַמַּשְׁקִין הָאֲסוּרִין מִשּׁוּם גִּלּוּי. הַמַּיִם. וְהַיַּיִן. וַאֲפִלּוּ מָזוּג וַאֲפִלּוּ הִתְחִיל טַעֲמוֹ לְהִשְׁתַּנּוֹת לְחֹמֶץ. וְהֶחָלָב. וְהַדְּבַשׁ. וְהַצִּיר. אֲבָל שְׁאָר כָּל הַמַּשְׁקִין אֵין מַקְפִּידִין עַל גִּלּוּיָן שֶׁאֵין בַּעֲלֵי אֶרֶס שׁוֹתִין מֵהֶן: \n", 
            "links": [
                {
                    "category": "Halakhah", 
                    "sourceHeRef": "כסף משנה על משנה תורה, הלכות רוצח ושמירת נפש י״א:ז׳:א׳", 
                    "index_title": "Kessef Mishneh on Mishneh Torah, Murderer and the Preservation of Life", 
                    "sourceRef": "Kessef Mishneh on Mishneh Torah, Murderer and the Preservation of Life 11:7:1"
                }, 
                {
                    "category": "Halakhah", 
                    "sourceHeRef": "כסף משנה על משנה תורה, הלכות רוצח ושמירת נפש י״א:ז׳:ב׳", 
                    "index_title": "Kessef Mishneh on Mishneh Torah, Murderer and the Preservation of Life", 
                    "sourceRef": "Kessef Mishneh on Mishneh Torah, Murderer and the Preservation of Life 11:7:2"
                }, 
                {
                    "category": "Halakhah", 
                    "sourceHeRef": "כסף משנה על משנה תורה, הלכות רוצח ושמירת נפש י״א:ז׳:ג׳", 
                    "index_title": "Kessef Mishneh on Mishneh Torah, Murderer and the Preservation of Life", 
                    "sourceRef": "Kessef Mishneh on Mishneh Torah, Murderer and the Preservation of Life 11:7:3"
                }, 
                {
                    "category": "Halakhah", 
                    "sourceHeRef": "כסף משנה על משנה תורה, הלכות רוצח ושמירת נפש י״א:ז׳:ד׳", 
                    "index_title": "Kessef Mishneh on Mishneh Torah, Murderer and the Preservation of Life", 
                    "sourceRef": "Kessef Mishneh on Mishneh Torah, Murderer and the Preservation of Life 11:7:4"
                }
            ], 
            "text": ""
        }, 
        {
            "segmentNumber": "8", 
            "he": "הַשּׁוּם שֶׁנִּתְרַסֵּק וַאֲבַטִּיחַ שֶׁנֶּחְתַּךְ וְנִתְגַּלָּה אָסוּר. וְכֵן כָּל כַּיּוֹצֵא בָּהֶן. יַיִן מְבֻשָּׁל וְיַיִן תּוֹסֵס אֵין בָּהֶן מִשּׁוּם גִּלּוּי. וְתוֹסֵס הוּא הַיַּיִן מִשְּׁעַת דְּרִיכָתוֹ עַד שְׁלֹשָׁה יָמִים. וְיַיִן אוֹ מַיִם אוֹ חָלָב שֶׁהָיוּ חַמִּין כָּל זְמַן שֶׁהַהֶבֶל עוֹלֶה מֵהֶן וְכֵן מַשְׁקִין שֶׁהָיָה הַמַּשְׁקֶה יוֹרֵד מִלְּמַעְלָה לְתוֹכָן טִפָּה אַחַר טִפָּה וְהוּא שֶׁיִּהְיֶה טוֹרֵד וְיוֹרֵד כָּל אֵלּוּ אֵין בָּהֶן מִשּׁוּם גִּלּוּי שֶׁזּוֹחֲלֵי עָפָר מִתְיָרְאִים מִבִּעְבּוּעַ הַמַּשְׁקֶה וּמִן הַהֶבֶל וְאֵין שׁוֹתִין מִמֶּנּוּ: \n", 
            "links": [
                {
                    "category": "Halakhah", 
                    "sourceHeRef": "כסף משנה על משנה תורה, הלכות רוצח ושמירת נפש י״א:ח׳:א׳", 
                    "index_title": "Kessef Mishneh on Mishneh Torah, Murderer and the Preservation of Life", 
                    "sourceRef": "Kessef Mishneh on Mishneh Torah, Murderer and the Preservation of Life 11:8:1"
                }, 
                {
                    "category": "Halakhah", 
                    "sourceHeRef": "כסף משנה על משנה תורה, הלכות רוצח ושמירת נפש י״א:ח׳:ב׳", 
                    "index_title": "Kessef Mishneh on Mishneh Torah, Murderer and the Preservation of Life", 
                    "sourceRef": "Kessef Mishneh on Mishneh Torah, Murderer and the Preservation of Life 11:8:2"
                }, 
                {
                    "category": "Halakhah", 
                    "sourceHeRef": "כסף משנה על משנה תורה, הלכות רוצח ושמירת נפש י״א:ח׳:ג׳", 
                    "index_title": "Kessef Mishneh on Mishneh Torah, Murderer and the Preservation of Life", 
                    "sourceRef": "Kessef Mishneh on Mishneh Torah, Murderer and the Preservation of Life 11:8:3"
                }, 
                {
                    "category": "Halakhah", 
                    "sourceHeRef": "כסף משנה על משנה תורה, הלכות רוצח ושמירת נפש י״א:ח׳:ד׳", 
                    "index_title": "Kessef Mishneh on Mishneh Torah, Murderer and the Preservation of Life", 
                    "sourceRef": "Kessef Mishneh on Mishneh Torah, Murderer and the Preservation of Life 11:8:4"
                }, 
                {
                    "category": "Halakhah", 
                    "sourceHeRef": "כסף משנה על משנה תורה, הלכות רוצח ושמירת נפש י״א:ח׳:ה׳", 
                    "index_title": "Kessef Mishneh on Mishneh Torah, Murderer and the Preservation of Life", 
                    "sourceRef": "Kessef Mishneh on Mishneh Torah, Murderer and the Preservation of Life 11:8:5"
                }
            ], 
            "text": ""
        }, 
        {
            "segmentNumber": "9", 
            "he": "מֵי כְּבָשִׁין וּמִי שְׁלָקוֹת וּמֵי תּוּרְמוּסִין אֵין בָּהֶן מִשּׁוּם גִּלּוּי. מַיִם שֶׁשָּׁרָה בָּהֶן כְּבָשִׁין וּשְׁלָקוֹת וְתוּרְמוּסִין אִם נִשְׁתַּנָּה טַעְמָן אֵין בָּהֶם מִשּׁוּם גִּלּוּי. וְאִם אֵין בָּהֶם נוֹתֵן טַעַם אֲסוּרִין. וְכֵן מַיִם שֶׁהֵדִיחַ בָּהֶן פְּרִישִׁים וְדַרְמוּסְקִין לַחוֹלֶה אֲסוּרִין מִשּׁוּם גִּלּוּי: \n", 
            "links": [
                {
                    "category": "Halakhah", 
                    "sourceHeRef": "כסף משנה על משנה תורה, הלכות רוצח ושמירת נפש י״א:ט׳:א׳", 
                    "index_title": "Kessef Mishneh on Mishneh Torah, Murderer and the Preservation of Life", 
                    "sourceRef": "Kessef Mishneh on Mishneh Torah, Murderer and the Preservation of Life 11:9:1"
                }, 
                {
                    "category": "Halakhah", 
                    "sourceHeRef": "כסף משנה על משנה תורה, הלכות רוצח ושמירת נפש י״א:ט׳:ב׳", 
                    "index_title": "Kessef Mishneh on Mishneh Torah, Murderer and the Preservation of Life", 
                    "sourceRef": "Kessef Mishneh on Mishneh Torah, Murderer and the Preservation of Life 11:9:2"
                }
            ], 
            "text": ""
        }, 
        {
            "segmentNumber": "10", 
            "he": "יַיִן שֶׁנִּתְחַבֵּר בּוֹ דְּבָרִים חַדִּין כְּפִלְפְּלִין אוֹ דְּבָרִים מָרִים כְּאַפְסַנְתִּין עַד שֶׁנִּשְׁתַּנָּה טַעֲמָם אֵין בּוֹ מִשּׁוּם גִּלּוּי. וְהוּא הַדִּין בִּשְׁאָר הַמַּשְׁקִין: \n", 
            "links": [
                {
                    "category": "Halakhah", 
                    "sourceHeRef": "כסף משנה על משנה תורה, הלכות רוצח ושמירת נפש י״א:י׳:א׳", 
                    "index_title": "Kessef Mishneh on Mishneh Torah, Murderer and the Preservation of Life", 
                    "sourceRef": "Kessef Mishneh on Mishneh Torah, Murderer and the Preservation of Life 11:10:1"
                }
            ], 
            "text": ""
        }, 
        {
            "segmentNumber": "11", 
            "he": "כָּל הַמַּשְׁקִין הָאֲסוּרִין מִשּׁוּם גִּלּוּי שֶׁנִּתְגַּלּוּ בֵּין בַּיּוֹם בֵּין בַּלַּיְלָה אֲסוּרִין וַאֲפִלּוּ הָיָה בְּצִדָּן אָדָם יָשֵׁן אֵין אֵימַת יָשֵׁן עַל הַזּוֹחֲלִין. וְכַמָּה יִשְׁהוּ וְיֵאָסְרוּ. כְּדֵי שֶׁיֵּצֵא הָרַחַשׁ מִתַּחַת אֹזֶן כְּלִי וְיִשְׁתֶּה וְיַחְזֹר לִמְקוֹמוֹ: \n", 
            "links": [
                {
                    "category": "Halakhah", 
                    "sourceHeRef": "כסף משנה על משנה תורה, הלכות רוצח ושמירת נפש י״א:י״א:א׳", 
                    "index_title": "Kessef Mishneh on Mishneh Torah, Murderer and the Preservation of Life", 
                    "sourceRef": "Kessef Mishneh on Mishneh Torah, Murderer and the Preservation of Life 11:11:1"
                }, 
                {
                    "category": "Halakhah", 
                    "sourceHeRef": "כסף משנה על משנה תורה, הלכות רוצח ושמירת נפש י״א:י״א:ב׳", 
                    "index_title": "Kessef Mishneh on Mishneh Torah, Murderer and the Preservation of Life", 
                    "sourceRef": "Kessef Mishneh on Mishneh Torah, Murderer and the Preservation of Life 11:11:2"
                }
            ], 
            "text": ""
        }, 
        {
            "segmentNumber": "12", 
            "he": "שִׁעוּר הַמַּיִם שֶׁיֵּאָסְרוּ אִם נִתְגַּלּוּ כְּדֵי שֶׁיִּהְיֶה הַסַּם נִכָּר בָּהֶן וּמַזִּיק. אֲבָל אִם הָיוּ הַמַּיִם מְרֻבִּין כְּדֵי שֶׁתֹּאבַד בָּהֶן הַמָּרָה הֲרֵי אֵלּוּ מֻתָּרִין בֵּין בְּכֵלִים בֵּין בְּקַרְקָעוֹת. וְכֵן הַדִּין בִּשְׁאָר הַמַּשְׁקִין: \n", 
            "links": [
                {
                    "category": "Halakhah", 
                    "sourceHeRef": "כסף משנה על משנה תורה, הלכות רוצח ושמירת נפש י״א:י״ב:א׳", 
                    "index_title": "Kessef Mishneh on Mishneh Torah, Murderer and the Preservation of Life", 
                    "sourceRef": "Kessef Mishneh on Mishneh Torah, Murderer and the Preservation of Life 11:12:1"
                }
            ], 
            "text": ""
        }, 
        {
            "segmentNumber": "13", 
            "he": "מַעְיָן הַמּוֹשֵׁךְ כָּל שֶׁהוּא אֵין בּוֹ מִשּׁוּם גִּלּוּי. לָגִין מְגֻלֶּה שֶׁהִנִּיחוֹ בְּשִׁדָּה תֵּבָה וּמִגְדָּל אוֹ בַּתִּיק שֶׁלּוֹ אוֹ בַּבּוֹר אֲפִלּוּ עָמֹק מֵאָה אַמָּה אוֹ בְּמִגְדָּל גָּבוֹהַּ מֵאָה אַמָּה אוֹ בִּטְרַקְלִין מְיֻפֶּה וּמְסֻיָּד הֲרֵי זֶה אָסוּר. בָּדַק אֶת הַתֵּבָה אוֹ אֶת הַמִּגְדָּל וְאַחַר כָּךְ הִנִּיחוֹ הֲרֵי זֶה מֻתָּר. וְאִם הָיָה בָּהֶן נֶקֶב אָסוּר. כַּמָּה יְהֵא בַּנֶּקֶב. כְּדֵי שֶׁתִּכָּנֵס אֶצְבַּע קְטַנָּה שֶׁל קָטָן: \n", 
            "links": [
                {
                    "category": "Halakhah", 
                    "sourceHeRef": "כסף משנה על משנה תורה, הלכות רוצח ושמירת נפש י״א:י״ג:א׳", 
                    "index_title": "Kessef Mishneh on Mishneh Torah, Murderer and the Preservation of Life", 
                    "sourceRef": "Kessef Mishneh on Mishneh Torah, Murderer and the Preservation of Life 11:13:1"
                }, 
                {
                    "category": "Halakhah", 
                    "sourceHeRef": "כסף משנה על משנה תורה, הלכות רוצח ושמירת נפש י״א:י״ג:ב׳", 
                    "index_title": "Kessef Mishneh on Mishneh Torah, Murderer and the Preservation of Life", 
                    "sourceRef": "Kessef Mishneh on Mishneh Torah, Murderer and the Preservation of Life 11:13:2"
                }, 
                {
                    "category": "Halakhah", 
                    "sourceHeRef": "כסף משנה על משנה תורה, הלכות רוצח ושמירת נפש י״א:י״ג:ג׳", 
                    "index_title": "Kessef Mishneh on Mishneh Torah, Murderer and the Preservation of Life", 
                    "sourceRef": "Kessef Mishneh on Mishneh Torah, Murderer and the Preservation of Life 11:13:3"
                }, 
                {
                    "category": "Halakhah", 
                    "sourceHeRef": "כסף משנה על משנה תורה, הלכות רוצח ושמירת נפש י״א:י״ג:ד׳", 
                    "index_title": "Kessef Mishneh on Mishneh Torah, Murderer and the Preservation of Life", 
                    "sourceRef": "Kessef Mishneh on Mishneh Torah, Murderer and the Preservation of Life 11:13:4"
                }
            ], 
            "text": ""
        }, 
        {
            "segmentNumber": "14", 
            "he": "חָבִית שֶׁנִּתְגַּלְּתָה אַף עַל פִּי שֶׁשָּׁתוּ מִמֶּנּוּ תִּשְׁעָה וְלֹא מֵתוּ לֹא יִשְׁתֶּה עֲשִׂירִי. מַעֲשֶׂה הָיָה וְאָמְרוּ שֶׁשָּׁתָה עֲשִׂירִי וּמֵת מִפְּנֵי שֶׁאֶרֶס הַנָּחָשׁ שָׁקַע לְמַטָּה. וְיֵשׁ סַם חֲמַת זוֹחֲלֵי עָפָר שֶׁעוֹלֶה וְצָף לְמַעְלָה וְיֵשׁ סַם שֶׁהִיא נִתְלֵית בְּאֶמְצַע הַמַּשְׁקֶה. לְפִיכָךְ הַכּל אָסוּר וַאֲפִלּוּ סִנְּנוֹ בְּמִסְנֶנֶת. וְכֵן אֲבַטִּיחַ שֶׁנִּתְגַּלָּה אַף עַל פִּי שֶׁאָכְלוּ מִמֶּנּוּ תִּשְׁעָה וְלֹא מֵתוּ לֹא יֹאכַל עֲשִׂירִי: \n", 
            "links": [
                {
                    "category": "Talmud", 
                    "sourceHeRef": "סוכה נ׳ א:י׳", 
                    "index_title": "Sukkah", 
                    "sourceRef": "Sukkah 50a:10"
                }, 
                {
                    "category": "Halakhah", 
                    "sourceHeRef": "כסף משנה על משנה תורה, הלכות רוצח ושמירת נפש י״א:י״ד:א׳", 
                    "index_title": "Kessef Mishneh on Mishneh Torah, Murderer and the Preservation of Life", 
                    "sourceRef": "Kessef Mishneh on Mishneh Torah, Murderer and the Preservation of Life 11:14:1"
                }
            ], 
            "text": ""
        }, 
        {
            "segmentNumber": "15", 
            "he": "מַיִם שֶׁנִּתְגַּלּוּ לֹא יִשְׁפְּכֵם לִרְשׁוּת הָרַבִּים וְלֹא יְרַבֵּץ בָּהֶם אֶת הַבַּיִת וְלֹא יְגַבֵּל בָּהֶן אֶת הַטִּיט וְלֹא יִרְחַץ בָּהֶן פָּנָיו יָדָיו וְרַגְלָיו וְלֹא יַשְׁקֶה מֵהֶן לֹא בְּהֶמְתּוֹ וְלֹא בֶּהֱמַת חֲבֵרוֹ. אֲבָל מַשְׁקֶה אוֹתָן לֶחָתוּל: \n", 
            "links": [
                {
                    "category": "Halakhah", 
                    "sourceHeRef": "כסף משנה על משנה תורה, הלכות רוצח ושמירת נפש י״א:ט״ו:א׳", 
                    "index_title": "Kessef Mishneh on Mishneh Torah, Murderer and the Preservation of Life", 
                    "sourceRef": "Kessef Mishneh on Mishneh Torah, Murderer and the Preservation of Life 11:15:1"
                }, 
                {
                    "category": "Halakhah", 
                    "sourceHeRef": "כסף משנה על משנה תורה, הלכות רוצח ושמירת נפש י״א:ט״ו:ב׳", 
                    "index_title": "Kessef Mishneh on Mishneh Torah, Murderer and the Preservation of Life", 
                    "sourceRef": "Kessef Mishneh on Mishneh Torah, Murderer and the Preservation of Life 11:15:2"
                }
            ], 
            "text": ""
        }, 
        {
            "segmentNumber": "16", 
            "he": "עִסָּה שֶׁנִּלּוֹשָׁה בְּמַיִם מְגֻלִּין אֲפִלּוּ הִיא שֶׁל תְּרוּמָה תִּשָּׂרֵף וַאֲפִלּוּ נֶאֱפֵת הַפַּת אֲסוּרָה: \n", 
            "links": [
                {
                    "category": "Halakhah", 
                    "sourceHeRef": "כסף משנה על משנה תורה, הלכות רוצח ושמירת נפש י״א:ט״ז:א׳", 
                    "index_title": "Kessef Mishneh on Mishneh Torah, Murderer and the Preservation of Life", 
                    "sourceRef": "Kessef Mishneh on Mishneh Torah, Murderer and the Preservation of Life 11:16:1"
                }, 
                {
                    "category": "Halakhah", 
                    "sourceHeRef": "כסף משנה על משנה תורה, הלכות רוצח ושמירת נפש י״א:ט״ז:ב׳", 
                    "index_title": "Kessef Mishneh on Mishneh Torah, Murderer and the Preservation of Life", 
                    "sourceRef": "Kessef Mishneh on Mishneh Torah, Murderer and the Preservation of Life 11:16:2"
                }
            ], 
            "text": ""
        }
    ], 
    "book": "Mishneh Torah, Murderer and the Preservation of Life", 
    "prev": "Mishneh Torah, Murderer and the Preservation of Life 10", 
    "textDepth": 2, 
    "sectionNames": [
        "Chapter", 
        "Halacha"
    ], 
    "sections": [
        11
    ], 
    "isComplex": false, 
    "titleVariants": [
        "Rambam, Hilkhot Rotseah uShmirat Nefesh", 
        "Mishneh Torah, Hilchot Rotseah uShmirat Nefesh", 
        "Rambam, Laws of Murderer and the Preservation of Life", 
        "Rambam, Hilchot Rotseah uShmirat Nefesh", 
        "Mishneh Torah, Hilkhot Rotseah uShmirat Nefesh", 
        "Rambam, Rotseah uShmirat Nefesh", 
        "Mishneh Torah, Laws of Murderer and the Preservation of Life", 
        "Mishneh Torah, Murderer and the Preservation of Life", 
        "Mishneh Torah, Rotseah uShmirat Nefesh", 
        "Rambam, Murderer and the Preservation of Life"
    ], 
    "categories": [
        "Halakhah", 
        "Mishneh Torah", 
        "Sefer Nezikim"
    ], 
    "ref": "Mishneh Torah, Murderer and the Preservation of Life 11", 
    "type": "Halakhah", 
    "addressTypes": [
        "Integer", 
        "Integer"
    ], 
    "length": 13, 
    "indexTitle": "Mishneh Torah, Murderer and the Preservation of Life", 
    "heIndexTitle": "משנה תורה, הלכות רוצח ושמירת נפש", 
    "alts": [], 
    "order": [
        73, 
        5
    ]
}