{
    "heTitleVariants": [
        "תשובות הרדב\"ז חלק ג"
    ], 
    "heTitle": "תשובות הרדב\"ז חלק ג", 
    "heRef": "תשובות הרדב\"ז חלק ג א׳שמ״ט", 
    "toSections": [
        1349
    ], 
    "sectionRef": "Teshuvot HaRadbaz Volume 3 1349", 
    "next": "Teshuvot HaRadbaz Volume 3 1571", 
    "content": [], 
    "book": "Teshuvot HaRadbaz Volume 3", 
    "prev": "Teshuvot HaRadbaz Volume 3 1074", 
    "textDepth": 2, 
    "sectionNames": [
        "Teshuva", 
        "Paragraph"
    ], 
    "sections": [
        1349
    ], 
    "isComplex": false, 
    "titleVariants": [
        "Teshuvot HaRadbaz Volume 3"
    ], 
    "categories": [
        "Responsa", 
        "Radbaz"
    ], 
    "ref": "Teshuvot HaRadbaz Volume 3 1349", 
    "type": "Responsa", 
    "addressTypes": [
        "Integer", 
        "Integer"
    ], 
    "indexTitle": "Teshuvot HaRadbaz Volume 3", 
    "heIndexTitle": "תשובות הרדב\"ז חלק ג", 
    "alts": [], 
    "order": ""
}