{
    "heTitleVariants": [
        "תשובות הרדב\"ז חלק ה"
    ], 
    "heTitle": "תשובות הרדב\"ז חלק ה", 
    "heRef": "תשובות הרדב\"ז חלק ה א׳תרס״ג", 
    "toSections": [
        1663
    ], 
    "sectionRef": "Teshuvot HaRadbaz Volume 5 1663", 
    "next": "Teshuvot HaRadbaz Volume 5 1664", 
    "content": [
        {
            "segmentNumber": "1", 
            "he": "<b>על </b>מש\"כ פרק ז' מה' גנבה סלע שנפגמה מן הצד לא יעשנה משקל בין משקלותיו וכו' הגיה ז\"ל פי' רש\"י ז\"ל לפי שאם הרמאי ימצאנה יקוץ אותה סביב עד שיוציא הנקב ויוציאנה בשקל ואם גם רבינו סובר כך ראוי לכתוב בפנים ויעשנה שקל עכ\"ל. ואני אומר שאין כן דעת הרב דקשיא לי על פרש\"י ז\"ל כיון שהוא קוצץ סביב עד שיוציא הנקב הא חסרה לה טובא ומינכרא מילתא ואיך יוציאנה בשקל. אבל הרב ז\"ל פירש דברים כפשוטן סלע שנפגמה מן הצד וחסרה ונפסלה מלהוציאה בסלע לא יעשנה משקל בין משקלותיו לשקול בה כדי חסרונה שמא יבא אחר ויעשנה משקל לשקול בה משקל שלם ויבא לרמאות בו בני אדם: ", 
            "links": [], 
            "text": ""
        }
    ], 
    "book": "Teshuvot HaRadbaz Volume 5", 
    "prev": "Teshuvot HaRadbaz Volume 5 1662", 
    "textDepth": 2, 
    "sectionNames": [
        "Teshuva", 
        "Paragraph"
    ], 
    "sections": [
        1663
    ], 
    "isComplex": false, 
    "titleVariants": [
        "Teshuvot HaRadbaz Volume 5"
    ], 
    "categories": [
        "Responsa", 
        "Radbaz"
    ], 
    "ref": "Teshuvot HaRadbaz Volume 5 1663", 
    "type": "Responsa", 
    "addressTypes": [
        "Integer", 
        "Integer"
    ], 
    "indexTitle": "Teshuvot HaRadbaz Volume 5", 
    "heIndexTitle": "תשובות הרדב\"ז חלק ה", 
    "alts": [], 
    "order": ""
}