{
    "content": [
        {
            "segmentNumber": "1", 
            "he": "<b>(קנז) שאלת </b>ממני אודיעך דעתי במה שכתב הרב ז\"ל פי\"א מהלכות תפלה וז\"ל וכשמעמידין התיבה שיש בה ספרי תורה מעמידין אותה באמצע וכו' וכתב בסמוך עד שיהיו פני כל העם כלפי הקדש וכלפי הזקנים וכלפי התיבה ע\"כ. ואם התיבה באמצע איך אפשר שיהיו פני כל העם אליה. ועוד תיבה זו למה אם להניח בה ס\"ת הרי ס\"ת בהיכל הוא מונח ואם לקרוא עליה בתורה הרי על הבימה היה קורא כדי שישמעו וכן כתב הוא ז\"ל: "
        }, 
        {
            "segmentNumber": "2", 
            "he": "<b>תשובה </b>מנהגם היה להעמיד תיבה ובתוכה ס\"ת כדי שיהיה מוכן להעלותו משם לבימה לקרוא בתורה גם כדי שיהיה מוכן ליחידים לקרוא בו שנים מקרא ואחד תרגום שהוא מצוה בס\"ת יותר משאר החומשים גם למי שאין לו ולא יצטרכו כל העם לטרוח ולהוציא הס\"ת מן ההיכל ומוציאו מן התיבה ומניחו עליה וקורא ובזמן שהיה קורא ש\"צ להשמיע לרבים מעלהו לתיבה וקורא. ומה שאמר מעמידין באמצע לא באמצע הבית קאמר שהרי הבימה באמצע הבית היתה אלא באמצע בין צפון לדרום אבל לעולם סמוכה להיכל היו מעמידין אותה ופני כל העם אליה וזהו שלא כתב הרב באמצע הבית כאשר כתב גבי הבימה והחזן יורד לפניה בארץ ולא היה מנהגם שיתפלל ש\"צ בבימה משום ממעמקים קראתיך: "
        }
    ], 
    "heTitle": "תשובות הרדב\"ז חלק ה", 
    "indexTitle": "Teshuvot HaRadbaz Volume 5", 
    "sectionRef": "Teshuvot HaRadbaz Volume 5 1530", 
    "prev": "Teshuvot HaRadbaz Volume 5 1529", 
    "ref": "Teshuvot HaRadbaz Volume 5 1530", 
    "heRef": "תשובות הרדב\"ז חלק ה א׳תק״ל", 
    "next": "Teshuvot HaRadbaz Volume 5 1531"
}