{
    "heTitleVariants": [
        "תשובות הרדב\"ז חלק ה"
    ], 
    "heTitle": "תשובות הרדב\"ז חלק ה", 
    "heRef": "תשובות הרדב\"ז חלק ה א׳שס״ט", 
    "toSections": [
        1369
    ], 
    "sectionRef": "Teshuvot HaRadbaz Volume 5 1369", 
    "next": "Teshuvot HaRadbaz Volume 5 1374", 
    "content": [], 
    "book": "Teshuvot HaRadbaz Volume 5", 
    "prev": null, 
    "textDepth": 2, 
    "sectionNames": [
        "Teshuva", 
        "Paragraph"
    ], 
    "sections": [
        1369
    ], 
    "isComplex": false, 
    "titleVariants": [
        "Teshuvot HaRadbaz Volume 5"
    ], 
    "categories": [
        "Responsa", 
        "Radbaz"
    ], 
    "ref": "Teshuvot HaRadbaz Volume 5 1369", 
    "type": "Responsa", 
    "addressTypes": [
        "Integer", 
        "Integer"
    ], 
    "indexTitle": "Teshuvot HaRadbaz Volume 5", 
    "heIndexTitle": "תשובות הרדב\"ז חלק ה", 
    "alts": [], 
    "order": ""
}