{
    "content": [
        {
            "segmentNumber": "1", 
            "he": "<b>(קא) עוד </b>שאלת על לשון הרב פ\"ו מהלכות ביאת מקדש וז\"ל כל כהן שיש בו מום וכו' ואם עבד במקדש פסל וחלל עבודה ולוקה אף על העבודה שנאמר אשר יהיה בו מום לא יקרב מפי השמועה למדו שאזהרה זו שלא יקרב לעבודה ע\"כ. וקשיא לך מקרא מלא דבר הכתוב ומאי מפי השמועה: "
        }, 
        {
            "segmentNumber": "2", 
            "he": "<b>תשובה </b>מפי השמועה למדו שאפי' נכנס לצורך הקרבה לוקה משום נכנס בעל מום למקדש דסד\"א דלהוי פטור וקרא דאך אל הפרוכת לא יבא וגו' היינו היכא דנכנס שלא לצורך עבודה אבל לצורך עבודה ה\"א דפטור אמר קרא לא יקרב להקריב דה\"ל למכתב לא יקריב מאי לא יקרב להקריב אפי' להקריב לא יקרב וודאי מפי השמועה הוא דדרשינן להאי קרא הכי ולזה דקדק הרב ז\"ל כשהביא הפסוק לא סיימו וכתב שנאמר אשר יהיה בו מום לא יקרב משמע דקרא לא מיירי אלא לענין קריבה ומה שכתב בסוף לשונו אזהרה זו שלא יקרב לעבודה ה\"פ שלא יקרב אפילו לצורך עבודה. וא\"ת גם זו מאידך קרא נפקא דכתיב ואל המזבח לא יגש לא קשיא דאתא קרא לחייב הנכנס אפי' למזבח שלא לצורך הקרבה ולא זו אף זו קאמר: "
        }
    ], 
    "heTitle": "תשובות הרדב\"ז חלק ה", 
    "indexTitle": "Teshuvot HaRadbaz Volume 5", 
    "sectionRef": "Teshuvot HaRadbaz Volume 5 1474", 
    "prev": "Teshuvot HaRadbaz Volume 5 1473", 
    "ref": "Teshuvot HaRadbaz Volume 5 1474", 
    "heRef": "תשובות הרדב\"ז חלק ה א׳תע״ד", 
    "next": "Teshuvot HaRadbaz Volume 5 1475"
}