[{
    "links": [
        [
            "112", 
            "Leviticus 5:8", 
            "Tanach"
        ]
    ], 
    "text": "", 
    "heTitleVariants": [
        "רמב\"ם מצוות לא תעשה", 
        "משנה תורה, מצוות לא תעשה", 
        "רמב\"ם, מצוות לא תעשה"
    ], 
    "heTitle": "משנה תורה, מצוות לא תעשה", 
    "heRef": "משנה תורה, מצוות לא תעשה קי״ב", 
    "toSections": [
        112
    ], 
    "sectionRef": "Mishneh Torah, Negative Mitzvot", 
    "next": null, 
    "book": "Mishneh Torah, Negative Mitzvot", 
    "prev": null, 
    "textDepth": 1, 
    "sectionNames": [
        "Mitzvah"
    ], 
    "sections": [
        112
    ], 
    "isComplex": false, 
    "titleVariants": [
        "Mishneh Torah, Negative Mitzvot", 
        "Mishneh Torah, Mitzvot Lo Taseh", 
        "Rambam, Negative Mitzvot", 
        "Rambam, Mitzvot Lo Taseh"
    ], 
    "categories": [
        "Halakhah", 
        "Mishneh Torah", 
        "Introduction"
    ], 
    "he": "שלא יבדיל ראש חטאת העוף, שנאמר \"ומלק את ראשו ממול עורפו\" (ויקרא ה,ח).", 
    "ref": "Mishneh Torah, Negative Mitzvot 112", 
    "type": "Halakhah", 
    "addressTypes": [
        "Integer"
    ], 
    "indexTitle": "Mishneh Torah, Negative Mitzvot", 
    "heIndexTitle": "משנה תורה, מצוות לא תעשה", 
    "alts": [], 
    "order": [
        3, 
        3
    ]
}]