{
    "heTitleVariants": [
        "רמב\"ם מצוות לא תעשה", 
        "משנה תורה, מצוות לא תעשה", 
        "רמב\"ם, מצוות לא תעשה"
    ], 
    "heTitle": "משנה תורה, מצוות לא תעשה", 
    "heRef": "משנה תורה, מצוות לא תעשה קפ״א", 
    "toSections": [
        181
    ], 
    "sectionRef": "Mishneh Torah, Negative Mitzvot", 
    "next": null, 
    "content": [
        {
            "segmentNumber": "1", 
            "he": "ש", 
            "links": [
                {
                    "category": "Tanakh", 
                    "sourceHeRef": "שמות כ״ב:ל׳", 
                    "index_title": "Exodus", 
                    "sourceRef": "Exodus 22:30"
                }
            ], 
            "text": ""
        }, 
        {
            "segmentNumber": "2", 
            "he": "ל", 
            "links": [
                {
                    "category": "Tanakh", 
                    "sourceHeRef": "שמות כ״ב:ל׳", 
                    "index_title": "Exodus", 
                    "sourceRef": "Exodus 22:30"
                }
            ], 
            "text": ""
        }, 
        {
            "segmentNumber": "3", 
            "he": "א", 
            "links": [
                {
                    "category": "Tanakh", 
                    "sourceHeRef": "שמות כ״ב:ל׳", 
                    "index_title": "Exodus", 
                    "sourceRef": "Exodus 22:30"
                }
            ], 
            "text": ""
        }, 
        {
            "segmentNumber": "4", 
            "he": " ", 
            "links": [
                {
                    "category": "Tanakh", 
                    "sourceHeRef": "שמות כ״ב:ל׳", 
                    "index_title": "Exodus", 
                    "sourceRef": "Exodus 22:30"
                }
            ], 
            "text": ""
        }, 
        {
            "segmentNumber": "5", 
            "he": "ל", 
            "links": [
                {
                    "category": "Tanakh", 
                    "sourceHeRef": "שמות כ״ב:ל׳", 
                    "index_title": "Exodus", 
                    "sourceRef": "Exodus 22:30"
                }
            ], 
            "text": ""
        }, 
        {
            "segmentNumber": "6", 
            "he": "א", 
            "links": [
                {
                    "category": "Tanakh", 
                    "sourceHeRef": "שמות כ״ב:ל׳", 
                    "index_title": "Exodus", 
                    "sourceRef": "Exodus 22:30"
                }
            ], 
            "text": ""
        }, 
        {
            "segmentNumber": "7", 
            "he": "כ", 
            "links": [
                {
                    "category": "Tanakh", 
                    "sourceHeRef": "שמות כ״ב:ל׳", 
                    "index_title": "Exodus", 
                    "sourceRef": "Exodus 22:30"
                }
            ], 
            "text": ""
        }, 
        {
            "segmentNumber": "8", 
            "he": "ו", 
            "links": [
                {
                    "category": "Tanakh", 
                    "sourceHeRef": "שמות כ״ב:ל׳", 
                    "index_title": "Exodus", 
                    "sourceRef": "Exodus 22:30"
                }
            ], 
            "text": ""
        }, 
        {
            "segmentNumber": "9", 
            "he": "ל", 
            "links": [
                {
                    "category": "Tanakh", 
                    "sourceHeRef": "שמות כ״ב:ל׳", 
                    "index_title": "Exodus", 
                    "sourceRef": "Exodus 22:30"
                }
            ], 
            "text": ""
        }, 
        {
            "segmentNumber": "10", 
            "he": " ", 
            "links": [
                {
                    "category": "Tanakh", 
                    "sourceHeRef": "שמות כ״ב:ל׳", 
                    "index_title": "Exodus", 
                    "sourceRef": "Exodus 22:30"
                }
            ], 
            "text": ""
        }, 
        {
            "segmentNumber": "11", 
            "he": "ט", 
            "links": [
                {
                    "category": "Tanakh", 
                    "sourceHeRef": "שמות כ״ב:ל׳", 
                    "index_title": "Exodus", 
                    "sourceRef": "Exodus 22:30"
                }
            ], 
            "text": ""
        }, 
        {
            "segmentNumber": "12", 
            "he": "ר", 
            "links": [
                {
                    "category": "Tanakh", 
                    "sourceHeRef": "שמות כ״ב:ל׳", 
                    "index_title": "Exodus", 
                    "sourceRef": "Exodus 22:30"
                }
            ], 
            "text": ""
        }, 
        {
            "segmentNumber": "13", 
            "he": "י", 
            "links": [
                {
                    "category": "Tanakh", 
                    "sourceHeRef": "שמות כ״ב:ל׳", 
                    "index_title": "Exodus", 
                    "sourceRef": "Exodus 22:30"
                }
            ], 
            "text": ""
        }, 
        {
            "segmentNumber": "14", 
            "he": "פ", 
            "links": [
                {
                    "category": "Tanakh", 
                    "sourceHeRef": "שמות כ״ב:ל׳", 
                    "index_title": "Exodus", 
                    "sourceRef": "Exodus 22:30"
                }
            ], 
            "text": ""
        }, 
        {
            "segmentNumber": "15", 
            "he": "ה", 
            "links": [
                {
                    "category": "Tanakh", 
                    "sourceHeRef": "שמות כ״ב:ל׳", 
                    "index_title": "Exodus", 
                    "sourceRef": "Exodus 22:30"
                }
            ], 
            "text": ""
        }, 
        {
            "segmentNumber": "16", 
            "he": ",", 
            "links": [
                {
                    "category": "Tanakh", 
                    "sourceHeRef": "שמות כ״ב:ל׳", 
                    "index_title": "Exodus", 
                    "sourceRef": "Exodus 22:30"
                }
            ], 
            "text": ""
        }, 
        {
            "segmentNumber": "17", 
            "he": " ", 
            "links": [
                {
                    "category": "Tanakh", 
                    "sourceHeRef": "שמות כ״ב:ל׳", 
                    "index_title": "Exodus", 
                    "sourceRef": "Exodus 22:30"
                }
            ], 
            "text": ""
        }, 
        {
            "segmentNumber": "18", 
            "he": "ש", 
            "links": [
                {
                    "category": "Tanakh", 
                    "sourceHeRef": "שמות כ״ב:ל׳", 
                    "index_title": "Exodus", 
                    "sourceRef": "Exodus 22:30"
                }
            ], 
            "text": ""
        }, 
        {
            "segmentNumber": "19", 
            "he": "נ", 
            "links": [
                {
                    "category": "Tanakh", 
                    "sourceHeRef": "שמות כ״ב:ל׳", 
                    "index_title": "Exodus", 
                    "sourceRef": "Exodus 22:30"
                }
            ], 
            "text": ""
        }, 
        {
            "segmentNumber": "20", 
            "he": "א", 
            "links": [
                {
                    "category": "Tanakh", 
                    "sourceHeRef": "שמות כ״ב:ל׳", 
                    "index_title": "Exodus", 
                    "sourceRef": "Exodus 22:30"
                }
            ], 
            "text": ""
        }, 
        {
            "segmentNumber": "21", 
            "he": "מ", 
            "links": [
                {
                    "category": "Tanakh", 
                    "sourceHeRef": "שמות כ״ב:ל׳", 
                    "index_title": "Exodus", 
                    "sourceRef": "Exodus 22:30"
                }
            ], 
            "text": ""
        }, 
        {
            "segmentNumber": "22", 
            "he": "ר", 
            "links": [
                {
                    "category": "Tanakh", 
                    "sourceHeRef": "שמות כ״ב:ל׳", 
                    "index_title": "Exodus", 
                    "sourceRef": "Exodus 22:30"
                }
            ], 
            "text": ""
        }, 
        {
            "segmentNumber": "23", 
            "he": " ", 
            "links": [
                {
                    "category": "Tanakh", 
                    "sourceHeRef": "שמות כ״ב:ל׳", 
                    "index_title": "Exodus", 
                    "sourceRef": "Exodus 22:30"
                }
            ], 
            "text": ""
        }, 
        {
            "segmentNumber": "24", 
            "he": "\"", 
            "links": [
                {
                    "category": "Tanakh", 
                    "sourceHeRef": "שמות כ״ב:ל׳", 
                    "index_title": "Exodus", 
                    "sourceRef": "Exodus 22:30"
                }
            ], 
            "text": ""
        }, 
        {
            "segmentNumber": "25", 
            "he": "ו", 
            "links": [
                {
                    "category": "Tanakh", 
                    "sourceHeRef": "שמות כ״ב:ל׳", 
                    "index_title": "Exodus", 
                    "sourceRef": "Exodus 22:30"
                }
            ], 
            "text": ""
        }, 
        {
            "segmentNumber": "26", 
            "he": "ב", 
            "links": [
                {
                    "category": "Tanakh", 
                    "sourceHeRef": "שמות כ״ב:ל׳", 
                    "index_title": "Exodus", 
                    "sourceRef": "Exodus 22:30"
                }
            ], 
            "text": ""
        }, 
        {
            "segmentNumber": "27", 
            "he": "ש", 
            "links": [
                {
                    "category": "Tanakh", 
                    "sourceHeRef": "שמות כ״ב:ל׳", 
                    "index_title": "Exodus", 
                    "sourceRef": "Exodus 22:30"
                }
            ], 
            "text": ""
        }, 
        {
            "segmentNumber": "28", 
            "he": "ר", 
            "links": [
                {
                    "category": "Tanakh", 
                    "sourceHeRef": "שמות כ״ב:ל׳", 
                    "index_title": "Exodus", 
                    "sourceRef": "Exodus 22:30"
                }
            ], 
            "text": ""
        }, 
        {
            "segmentNumber": "29", 
            "he": " ", 
            "links": [
                {
                    "category": "Tanakh", 
                    "sourceHeRef": "שמות כ״ב:ל׳", 
                    "index_title": "Exodus", 
                    "sourceRef": "Exodus 22:30"
                }
            ], 
            "text": ""
        }, 
        {
            "segmentNumber": "30", 
            "he": "ב", 
            "links": [
                {
                    "category": "Tanakh", 
                    "sourceHeRef": "שמות כ״ב:ל׳", 
                    "index_title": "Exodus", 
                    "sourceRef": "Exodus 22:30"
                }
            ], 
            "text": ""
        }, 
        {
            "segmentNumber": "31", 
            "he": "ש", 
            "links": [
                {
                    "category": "Tanakh", 
                    "sourceHeRef": "שמות כ״ב:ל׳", 
                    "index_title": "Exodus", 
                    "sourceRef": "Exodus 22:30"
                }
            ], 
            "text": ""
        }, 
        {
            "segmentNumber": "32", 
            "he": "ד", 
            "links": [
                {
                    "category": "Tanakh", 
                    "sourceHeRef": "שמות כ״ב:ל׳", 
                    "index_title": "Exodus", 
                    "sourceRef": "Exodus 22:30"
                }
            ], 
            "text": ""
        }, 
        {
            "segmentNumber": "33", 
            "he": "ה", 
            "links": [
                {
                    "category": "Tanakh", 
                    "sourceHeRef": "שמות כ״ב:ל׳", 
                    "index_title": "Exodus", 
                    "sourceRef": "Exodus 22:30"
                }
            ], 
            "text": ""
        }, 
        {
            "segmentNumber": "34", 
            "he": " ", 
            "links": [
                {
                    "category": "Tanakh", 
                    "sourceHeRef": "שמות כ״ב:ל׳", 
                    "index_title": "Exodus", 
                    "sourceRef": "Exodus 22:30"
                }
            ], 
            "text": ""
        }, 
        {
            "segmentNumber": "35", 
            "he": "ט", 
            "links": [
                {
                    "category": "Tanakh", 
                    "sourceHeRef": "שמות כ״ב:ל׳", 
                    "index_title": "Exodus", 
                    "sourceRef": "Exodus 22:30"
                }
            ], 
            "text": ""
        }, 
        {
            "segmentNumber": "36", 
            "he": "ר", 
            "links": [
                {
                    "category": "Tanakh", 
                    "sourceHeRef": "שמות כ״ב:ל׳", 
                    "index_title": "Exodus", 
                    "sourceRef": "Exodus 22:30"
                }
            ], 
            "text": ""
        }, 
        {
            "segmentNumber": "37", 
            "he": "י", 
            "links": [
                {
                    "category": "Tanakh", 
                    "sourceHeRef": "שמות כ״ב:ל׳", 
                    "index_title": "Exodus", 
                    "sourceRef": "Exodus 22:30"
                }
            ], 
            "text": ""
        }, 
        {
            "segmentNumber": "38", 
            "he": "פ", 
            "links": [
                {
                    "category": "Tanakh", 
                    "sourceHeRef": "שמות כ״ב:ל׳", 
                    "index_title": "Exodus", 
                    "sourceRef": "Exodus 22:30"
                }
            ], 
            "text": ""
        }, 
        {
            "segmentNumber": "39", 
            "he": "ה", 
            "links": [
                {
                    "category": "Tanakh", 
                    "sourceHeRef": "שמות כ״ב:ל׳", 
                    "index_title": "Exodus", 
                    "sourceRef": "Exodus 22:30"
                }
            ], 
            "text": ""
        }, 
        {
            "segmentNumber": "40", 
            "he": " ", 
            "links": [
                {
                    "category": "Tanakh", 
                    "sourceHeRef": "שמות כ״ב:ל׳", 
                    "index_title": "Exodus", 
                    "sourceRef": "Exodus 22:30"
                }
            ], 
            "text": ""
        }, 
        {
            "segmentNumber": "41", 
            "he": "ל", 
            "links": [
                {
                    "category": "Tanakh", 
                    "sourceHeRef": "שמות כ״ב:ל׳", 
                    "index_title": "Exodus", 
                    "sourceRef": "Exodus 22:30"
                }
            ], 
            "text": ""
        }, 
        {
            "segmentNumber": "42", 
            "he": "א", 
            "links": [
                {
                    "category": "Tanakh", 
                    "sourceHeRef": "שמות כ״ב:ל׳", 
                    "index_title": "Exodus", 
                    "sourceRef": "Exodus 22:30"
                }
            ], 
            "text": ""
        }, 
        {
            "segmentNumber": "43", 
            "he": " ", 
            "links": [
                {
                    "category": "Tanakh", 
                    "sourceHeRef": "שמות כ״ב:ל׳", 
                    "index_title": "Exodus", 
                    "sourceRef": "Exodus 22:30"
                }
            ], 
            "text": ""
        }, 
        {
            "segmentNumber": "44", 
            "he": "ת", 
            "links": [
                {
                    "category": "Tanakh", 
                    "sourceHeRef": "שמות כ״ב:ל׳", 
                    "index_title": "Exodus", 
                    "sourceRef": "Exodus 22:30"
                }
            ], 
            "text": ""
        }, 
        {
            "segmentNumber": "45", 
            "he": "א", 
            "links": [
                {
                    "category": "Tanakh", 
                    "sourceHeRef": "שמות כ״ב:ל׳", 
                    "index_title": "Exodus", 
                    "sourceRef": "Exodus 22:30"
                }
            ], 
            "text": ""
        }, 
        {
            "segmentNumber": "46", 
            "he": "כ", 
            "links": [
                {
                    "category": "Tanakh", 
                    "sourceHeRef": "שמות כ״ב:ל׳", 
                    "index_title": "Exodus", 
                    "sourceRef": "Exodus 22:30"
                }
            ], 
            "text": ""
        }, 
        {
            "segmentNumber": "47", 
            "he": "ל", 
            "links": [
                {
                    "category": "Tanakh", 
                    "sourceHeRef": "שמות כ״ב:ל׳", 
                    "index_title": "Exodus", 
                    "sourceRef": "Exodus 22:30"
                }
            ], 
            "text": ""
        }, 
        {
            "segmentNumber": "48", 
            "he": "ו", 
            "links": [
                {
                    "category": "Tanakh", 
                    "sourceHeRef": "שמות כ״ב:ל׳", 
                    "index_title": "Exodus", 
                    "sourceRef": "Exodus 22:30"
                }
            ], 
            "text": ""
        }, 
        {
            "segmentNumber": "49", 
            "he": "\"", 
            "links": [
                {
                    "category": "Tanakh", 
                    "sourceHeRef": "שמות כ״ב:ל׳", 
                    "index_title": "Exodus", 
                    "sourceRef": "Exodus 22:30"
                }
            ], 
            "text": ""
        }, 
        {
            "segmentNumber": "50", 
            "he": " ", 
            "links": [
                {
                    "category": "Tanakh", 
                    "sourceHeRef": "שמות כ״ב:ל׳", 
                    "index_title": "Exodus", 
                    "sourceRef": "Exodus 22:30"
                }
            ], 
            "text": ""
        }, 
        {
            "segmentNumber": "51", 
            "he": "(", 
            "links": [
                {
                    "category": "Tanakh", 
                    "sourceHeRef": "שמות כ״ב:ל׳", 
                    "index_title": "Exodus", 
                    "sourceRef": "Exodus 22:30"
                }
            ], 
            "text": ""
        }, 
        {
            "segmentNumber": "52", 
            "he": "ש", 
            "links": [
                {
                    "category": "Tanakh", 
                    "sourceHeRef": "שמות כ״ב:ל׳", 
                    "index_title": "Exodus", 
                    "sourceRef": "Exodus 22:30"
                }
            ], 
            "text": ""
        }, 
        {
            "segmentNumber": "53", 
            "he": "מ", 
            "links": [
                {
                    "category": "Tanakh", 
                    "sourceHeRef": "שמות כ״ב:ל׳", 
                    "index_title": "Exodus", 
                    "sourceRef": "Exodus 22:30"
                }
            ], 
            "text": ""
        }, 
        {
            "segmentNumber": "54", 
            "he": "ו", 
            "links": [
                {
                    "category": "Tanakh", 
                    "sourceHeRef": "שמות כ״ב:ל׳", 
                    "index_title": "Exodus", 
                    "sourceRef": "Exodus 22:30"
                }
            ], 
            "text": ""
        }, 
        {
            "segmentNumber": "55", 
            "he": "ת", 
            "links": [
                {
                    "category": "Tanakh", 
                    "sourceHeRef": "שמות כ״ב:ל׳", 
                    "index_title": "Exodus", 
                    "sourceRef": "Exodus 22:30"
                }
            ], 
            "text": ""
        }, 
        {
            "segmentNumber": "56", 
            "he": " ", 
            "links": [
                {
                    "category": "Tanakh", 
                    "sourceHeRef": "שמות כ״ב:ל׳", 
                    "index_title": "Exodus", 
                    "sourceRef": "Exodus 22:30"
                }
            ], 
            "text": ""
        }, 
        {
            "segmentNumber": "57", 
            "he": "כ", 
            "links": [
                {
                    "category": "Tanakh", 
                    "sourceHeRef": "שמות כ״ב:ל׳", 
                    "index_title": "Exodus", 
                    "sourceRef": "Exodus 22:30"
                }
            ], 
            "text": ""
        }, 
        {
            "segmentNumber": "58", 
            "he": "ב", 
            "links": [
                {
                    "category": "Tanakh", 
                    "sourceHeRef": "שמות כ״ב:ל׳", 
                    "index_title": "Exodus", 
                    "sourceRef": "Exodus 22:30"
                }
            ], 
            "text": ""
        }, 
        {
            "segmentNumber": "59", 
            "he": ",", 
            "links": [
                {
                    "category": "Tanakh", 
                    "sourceHeRef": "שמות כ״ב:ל׳", 
                    "index_title": "Exodus", 
                    "sourceRef": "Exodus 22:30"
                }
            ], 
            "text": ""
        }, 
        {
            "segmentNumber": "60", 
            "he": "ל", 
            "links": [
                {
                    "category": "Tanakh", 
                    "sourceHeRef": "שמות כ״ב:ל׳", 
                    "index_title": "Exodus", 
                    "sourceRef": "Exodus 22:30"
                }
            ], 
            "text": ""
        }, 
        {
            "segmentNumber": "61", 
            "he": ")", 
            "links": [
                {
                    "category": "Tanakh", 
                    "sourceHeRef": "שמות כ״ב:ל׳", 
                    "index_title": "Exodus", 
                    "sourceRef": "Exodus 22:30"
                }
            ], 
            "text": ""
        }, 
        {
            "segmentNumber": "62", 
            "he": ".", 
            "links": [
                {
                    "category": "Tanakh", 
                    "sourceHeRef": "שמות כ״ב:ל׳", 
                    "index_title": "Exodus", 
                    "sourceRef": "Exodus 22:30"
                }
            ], 
            "text": ""
        }
    ], 
    "book": "Mishneh Torah, Negative Mitzvot", 
    "prev": null, 
    "textDepth": 1, 
    "sectionNames": [
        "Mitzvah"
    ], 
    "sections": [
        181
    ], 
    "isComplex": false, 
    "titleVariants": [
        "Mishneh Torah, Negative Mitzvot", 
        "Mishneh Torah, Mitzvot Lo Taseh", 
        "Rambam, Negative Mitzvot", 
        "Rambam, Mitzvot Lo Taseh"
    ], 
    "categories": [
        "Halakhah", 
        "Mishneh Torah", 
        "Introduction"
    ], 
    "ref": "Mishneh Torah, Negative Mitzvot 181", 
    "type": "Halakhah", 
    "addressTypes": [
        "Integer"
    ], 
    "indexTitle": "Mishneh Torah, Negative Mitzvot", 
    "heIndexTitle": "משנה תורה, מצוות לא תעשה", 
    "alts": [], 
    "order": [
        3, 
        3
    ]
}