{
    "heTitleVariants": [
        "רמב\"ם מצוות לא תעשה", 
        "משנה תורה, מצוות לא תעשה", 
        "רמב\"ם, מצוות לא תעשה"
    ], 
    "heTitle": "משנה תורה, מצוות לא תעשה", 
    "heRef": "משנה תורה, מצוות לא תעשה קפ״ו", 
    "toSections": [
        186
    ], 
    "sectionRef": "Mishneh Torah, Negative Mitzvot", 
    "next": null, 
    "content": [
        {
            "segmentNumber": "1", 
            "he": "ש", 
            "links": [
                {
                    "category": "Tanakh", 
                    "sourceHeRef": "שמות כ״ג:י״ט", 
                    "index_title": "Exodus", 
                    "sourceRef": "Exodus 23:19"
                }, 
                {
                    "category": "Tanakh", 
                    "sourceHeRef": "שמות ל״ד:כ״ו", 
                    "index_title": "Exodus", 
                    "sourceRef": "Exodus 34:26"
                }, 
                {
                    "category": "Tanakh", 
                    "sourceHeRef": "דברים י״ד:כ״א", 
                    "index_title": "Deuteronomy", 
                    "sourceRef": "Deuteronomy 14:21"
                }
            ], 
            "text": ""
        }, 
        {
            "segmentNumber": "2", 
            "he": "ל", 
            "links": [
                {
                    "category": "Tanakh", 
                    "sourceHeRef": "שמות כ״ג:י״ט", 
                    "index_title": "Exodus", 
                    "sourceRef": "Exodus 23:19"
                }, 
                {
                    "category": "Tanakh", 
                    "sourceHeRef": "שמות ל״ד:כ״ו", 
                    "index_title": "Exodus", 
                    "sourceRef": "Exodus 34:26"
                }, 
                {
                    "category": "Tanakh", 
                    "sourceHeRef": "דברים י״ד:כ״א", 
                    "index_title": "Deuteronomy", 
                    "sourceRef": "Deuteronomy 14:21"
                }
            ], 
            "text": ""
        }, 
        {
            "segmentNumber": "3", 
            "he": "א", 
            "links": [
                {
                    "category": "Tanakh", 
                    "sourceHeRef": "שמות כ״ג:י״ט", 
                    "index_title": "Exodus", 
                    "sourceRef": "Exodus 23:19"
                }, 
                {
                    "category": "Tanakh", 
                    "sourceHeRef": "שמות ל״ד:כ״ו", 
                    "index_title": "Exodus", 
                    "sourceRef": "Exodus 34:26"
                }, 
                {
                    "category": "Tanakh", 
                    "sourceHeRef": "דברים י״ד:כ״א", 
                    "index_title": "Deuteronomy", 
                    "sourceRef": "Deuteronomy 14:21"
                }
            ], 
            "text": ""
        }, 
        {
            "segmentNumber": "4", 
            "he": " ", 
            "links": [
                {
                    "category": "Tanakh", 
                    "sourceHeRef": "שמות כ״ג:י״ט", 
                    "index_title": "Exodus", 
                    "sourceRef": "Exodus 23:19"
                }, 
                {
                    "category": "Tanakh", 
                    "sourceHeRef": "שמות ל״ד:כ״ו", 
                    "index_title": "Exodus", 
                    "sourceRef": "Exodus 34:26"
                }, 
                {
                    "category": "Tanakh", 
                    "sourceHeRef": "דברים י״ד:כ״א", 
                    "index_title": "Deuteronomy", 
                    "sourceRef": "Deuteronomy 14:21"
                }
            ], 
            "text": ""
        }, 
        {
            "segmentNumber": "5", 
            "he": "ל", 
            "links": [
                {
                    "category": "Tanakh", 
                    "sourceHeRef": "שמות כ״ג:י״ט", 
                    "index_title": "Exodus", 
                    "sourceRef": "Exodus 23:19"
                }, 
                {
                    "category": "Tanakh", 
                    "sourceHeRef": "שמות ל״ד:כ״ו", 
                    "index_title": "Exodus", 
                    "sourceRef": "Exodus 34:26"
                }, 
                {
                    "category": "Tanakh", 
                    "sourceHeRef": "דברים י״ד:כ״א", 
                    "index_title": "Deuteronomy", 
                    "sourceRef": "Deuteronomy 14:21"
                }
            ], 
            "text": ""
        }, 
        {
            "segmentNumber": "6", 
            "he": "ב", 
            "links": [
                {
                    "category": "Tanakh", 
                    "sourceHeRef": "שמות כ״ג:י״ט", 
                    "index_title": "Exodus", 
                    "sourceRef": "Exodus 23:19"
                }, 
                {
                    "category": "Tanakh", 
                    "sourceHeRef": "שמות ל״ד:כ״ו", 
                    "index_title": "Exodus", 
                    "sourceRef": "Exodus 34:26"
                }, 
                {
                    "category": "Tanakh", 
                    "sourceHeRef": "דברים י״ד:כ״א", 
                    "index_title": "Deuteronomy", 
                    "sourceRef": "Deuteronomy 14:21"
                }
            ], 
            "text": ""
        }, 
        {
            "segmentNumber": "7", 
            "he": "ש", 
            "links": [
                {
                    "category": "Tanakh", 
                    "sourceHeRef": "שמות כ״ג:י״ט", 
                    "index_title": "Exodus", 
                    "sourceRef": "Exodus 23:19"
                }, 
                {
                    "category": "Tanakh", 
                    "sourceHeRef": "שמות ל״ד:כ״ו", 
                    "index_title": "Exodus", 
                    "sourceRef": "Exodus 34:26"
                }, 
                {
                    "category": "Tanakh", 
                    "sourceHeRef": "דברים י״ד:כ״א", 
                    "index_title": "Deuteronomy", 
                    "sourceRef": "Deuteronomy 14:21"
                }
            ], 
            "text": ""
        }, 
        {
            "segmentNumber": "8", 
            "he": "ל", 
            "links": [
                {
                    "category": "Tanakh", 
                    "sourceHeRef": "שמות כ״ג:י״ט", 
                    "index_title": "Exodus", 
                    "sourceRef": "Exodus 23:19"
                }, 
                {
                    "category": "Tanakh", 
                    "sourceHeRef": "שמות ל״ד:כ״ו", 
                    "index_title": "Exodus", 
                    "sourceRef": "Exodus 34:26"
                }, 
                {
                    "category": "Tanakh", 
                    "sourceHeRef": "דברים י״ד:כ״א", 
                    "index_title": "Deuteronomy", 
                    "sourceRef": "Deuteronomy 14:21"
                }
            ], 
            "text": ""
        }, 
        {
            "segmentNumber": "9", 
            "he": " ", 
            "links": [
                {
                    "category": "Tanakh", 
                    "sourceHeRef": "שמות כ״ג:י״ט", 
                    "index_title": "Exodus", 
                    "sourceRef": "Exodus 23:19"
                }, 
                {
                    "category": "Tanakh", 
                    "sourceHeRef": "שמות ל״ד:כ״ו", 
                    "index_title": "Exodus", 
                    "sourceRef": "Exodus 34:26"
                }, 
                {
                    "category": "Tanakh", 
                    "sourceHeRef": "דברים י״ד:כ״א", 
                    "index_title": "Deuteronomy", 
                    "sourceRef": "Deuteronomy 14:21"
                }
            ], 
            "text": ""
        }, 
        {
            "segmentNumber": "10", 
            "he": "ב", 
            "links": [
                {
                    "category": "Tanakh", 
                    "sourceHeRef": "שמות כ״ג:י״ט", 
                    "index_title": "Exodus", 
                    "sourceRef": "Exodus 23:19"
                }, 
                {
                    "category": "Tanakh", 
                    "sourceHeRef": "שמות ל״ד:כ״ו", 
                    "index_title": "Exodus", 
                    "sourceRef": "Exodus 34:26"
                }, 
                {
                    "category": "Tanakh", 
                    "sourceHeRef": "דברים י״ד:כ״א", 
                    "index_title": "Deuteronomy", 
                    "sourceRef": "Deuteronomy 14:21"
                }
            ], 
            "text": ""
        }, 
        {
            "segmentNumber": "11", 
            "he": "ש", 
            "links": [
                {
                    "category": "Tanakh", 
                    "sourceHeRef": "שמות כ״ג:י״ט", 
                    "index_title": "Exodus", 
                    "sourceRef": "Exodus 23:19"
                }, 
                {
                    "category": "Tanakh", 
                    "sourceHeRef": "שמות ל״ד:כ״ו", 
                    "index_title": "Exodus", 
                    "sourceRef": "Exodus 34:26"
                }, 
                {
                    "category": "Tanakh", 
                    "sourceHeRef": "דברים י״ד:כ״א", 
                    "index_title": "Deuteronomy", 
                    "sourceRef": "Deuteronomy 14:21"
                }
            ], 
            "text": ""
        }, 
        {
            "segmentNumber": "12", 
            "he": "ר", 
            "links": [
                {
                    "category": "Tanakh", 
                    "sourceHeRef": "שמות כ״ג:י״ט", 
                    "index_title": "Exodus", 
                    "sourceRef": "Exodus 23:19"
                }, 
                {
                    "category": "Tanakh", 
                    "sourceHeRef": "שמות ל״ד:כ״ו", 
                    "index_title": "Exodus", 
                    "sourceRef": "Exodus 34:26"
                }, 
                {
                    "category": "Tanakh", 
                    "sourceHeRef": "דברים י״ד:כ״א", 
                    "index_title": "Deuteronomy", 
                    "sourceRef": "Deuteronomy 14:21"
                }
            ], 
            "text": ""
        }, 
        {
            "segmentNumber": "13", 
            "he": " ", 
            "links": [
                {
                    "category": "Tanakh", 
                    "sourceHeRef": "שמות כ״ג:י״ט", 
                    "index_title": "Exodus", 
                    "sourceRef": "Exodus 23:19"
                }, 
                {
                    "category": "Tanakh", 
                    "sourceHeRef": "שמות ל״ד:כ״ו", 
                    "index_title": "Exodus", 
                    "sourceRef": "Exodus 34:26"
                }, 
                {
                    "category": "Tanakh", 
                    "sourceHeRef": "דברים י״ד:כ״א", 
                    "index_title": "Deuteronomy", 
                    "sourceRef": "Deuteronomy 14:21"
                }
            ], 
            "text": ""
        }, 
        {
            "segmentNumber": "14", 
            "he": "ב", 
            "links": [
                {
                    "category": "Tanakh", 
                    "sourceHeRef": "שמות כ״ג:י״ט", 
                    "index_title": "Exodus", 
                    "sourceRef": "Exodus 23:19"
                }, 
                {
                    "category": "Tanakh", 
                    "sourceHeRef": "שמות ל״ד:כ״ו", 
                    "index_title": "Exodus", 
                    "sourceRef": "Exodus 34:26"
                }, 
                {
                    "category": "Tanakh", 
                    "sourceHeRef": "דברים י״ד:כ״א", 
                    "index_title": "Deuteronomy", 
                    "sourceRef": "Deuteronomy 14:21"
                }
            ], 
            "text": ""
        }, 
        {
            "segmentNumber": "15", 
            "he": "ח", 
            "links": [
                {
                    "category": "Tanakh", 
                    "sourceHeRef": "שמות כ״ג:י״ט", 
                    "index_title": "Exodus", 
                    "sourceRef": "Exodus 23:19"
                }, 
                {
                    "category": "Tanakh", 
                    "sourceHeRef": "שמות ל״ד:כ״ו", 
                    "index_title": "Exodus", 
                    "sourceRef": "Exodus 34:26"
                }, 
                {
                    "category": "Tanakh", 
                    "sourceHeRef": "דברים י״ד:כ״א", 
                    "index_title": "Deuteronomy", 
                    "sourceRef": "Deuteronomy 14:21"
                }
            ], 
            "text": ""
        }, 
        {
            "segmentNumber": "16", 
            "he": "ל", 
            "links": [
                {
                    "category": "Tanakh", 
                    "sourceHeRef": "שמות כ״ג:י״ט", 
                    "index_title": "Exodus", 
                    "sourceRef": "Exodus 23:19"
                }, 
                {
                    "category": "Tanakh", 
                    "sourceHeRef": "שמות ל״ד:כ״ו", 
                    "index_title": "Exodus", 
                    "sourceRef": "Exodus 34:26"
                }, 
                {
                    "category": "Tanakh", 
                    "sourceHeRef": "דברים י״ד:כ״א", 
                    "index_title": "Deuteronomy", 
                    "sourceRef": "Deuteronomy 14:21"
                }
            ], 
            "text": ""
        }, 
        {
            "segmentNumber": "17", 
            "he": "ב", 
            "links": [
                {
                    "category": "Tanakh", 
                    "sourceHeRef": "שמות כ״ג:י״ט", 
                    "index_title": "Exodus", 
                    "sourceRef": "Exodus 23:19"
                }, 
                {
                    "category": "Tanakh", 
                    "sourceHeRef": "שמות ל״ד:כ״ו", 
                    "index_title": "Exodus", 
                    "sourceRef": "Exodus 34:26"
                }, 
                {
                    "category": "Tanakh", 
                    "sourceHeRef": "דברים י״ד:כ״א", 
                    "index_title": "Deuteronomy", 
                    "sourceRef": "Deuteronomy 14:21"
                }
            ], 
            "text": ""
        }, 
        {
            "segmentNumber": "18", 
            "he": ",", 
            "links": [
                {
                    "category": "Tanakh", 
                    "sourceHeRef": "שמות כ״ג:י״ט", 
                    "index_title": "Exodus", 
                    "sourceRef": "Exodus 23:19"
                }, 
                {
                    "category": "Tanakh", 
                    "sourceHeRef": "שמות ל״ד:כ״ו", 
                    "index_title": "Exodus", 
                    "sourceRef": "Exodus 34:26"
                }, 
                {
                    "category": "Tanakh", 
                    "sourceHeRef": "דברים י״ד:כ״א", 
                    "index_title": "Deuteronomy", 
                    "sourceRef": "Deuteronomy 14:21"
                }
            ], 
            "text": ""
        }, 
        {
            "segmentNumber": "19", 
            "he": " ", 
            "links": [
                {
                    "category": "Tanakh", 
                    "sourceHeRef": "שמות כ״ג:י״ט", 
                    "index_title": "Exodus", 
                    "sourceRef": "Exodus 23:19"
                }, 
                {
                    "category": "Tanakh", 
                    "sourceHeRef": "שמות ל״ד:כ״ו", 
                    "index_title": "Exodus", 
                    "sourceRef": "Exodus 34:26"
                }, 
                {
                    "category": "Tanakh", 
                    "sourceHeRef": "דברים י״ד:כ״א", 
                    "index_title": "Deuteronomy", 
                    "sourceRef": "Deuteronomy 14:21"
                }
            ], 
            "text": ""
        }, 
        {
            "segmentNumber": "20", 
            "he": "ש", 
            "links": [
                {
                    "category": "Tanakh", 
                    "sourceHeRef": "שמות כ״ג:י״ט", 
                    "index_title": "Exodus", 
                    "sourceRef": "Exodus 23:19"
                }, 
                {
                    "category": "Tanakh", 
                    "sourceHeRef": "שמות ל״ד:כ״ו", 
                    "index_title": "Exodus", 
                    "sourceRef": "Exodus 34:26"
                }, 
                {
                    "category": "Tanakh", 
                    "sourceHeRef": "דברים י״ד:כ״א", 
                    "index_title": "Deuteronomy", 
                    "sourceRef": "Deuteronomy 14:21"
                }
            ], 
            "text": ""
        }, 
        {
            "segmentNumber": "21", 
            "he": "נ", 
            "links": [
                {
                    "category": "Tanakh", 
                    "sourceHeRef": "שמות כ״ג:י״ט", 
                    "index_title": "Exodus", 
                    "sourceRef": "Exodus 23:19"
                }, 
                {
                    "category": "Tanakh", 
                    "sourceHeRef": "שמות ל״ד:כ״ו", 
                    "index_title": "Exodus", 
                    "sourceRef": "Exodus 34:26"
                }, 
                {
                    "category": "Tanakh", 
                    "sourceHeRef": "דברים י״ד:כ״א", 
                    "index_title": "Deuteronomy", 
                    "sourceRef": "Deuteronomy 14:21"
                }
            ], 
            "text": ""
        }, 
        {
            "segmentNumber": "22", 
            "he": "א", 
            "links": [
                {
                    "category": "Tanakh", 
                    "sourceHeRef": "שמות כ״ג:י״ט", 
                    "index_title": "Exodus", 
                    "sourceRef": "Exodus 23:19"
                }, 
                {
                    "category": "Tanakh", 
                    "sourceHeRef": "שמות ל״ד:כ״ו", 
                    "index_title": "Exodus", 
                    "sourceRef": "Exodus 34:26"
                }, 
                {
                    "category": "Tanakh", 
                    "sourceHeRef": "דברים י״ד:כ״א", 
                    "index_title": "Deuteronomy", 
                    "sourceRef": "Deuteronomy 14:21"
                }
            ], 
            "text": ""
        }, 
        {
            "segmentNumber": "23", 
            "he": "מ", 
            "links": [
                {
                    "category": "Tanakh", 
                    "sourceHeRef": "שמות כ״ג:י״ט", 
                    "index_title": "Exodus", 
                    "sourceRef": "Exodus 23:19"
                }, 
                {
                    "category": "Tanakh", 
                    "sourceHeRef": "שמות ל״ד:כ״ו", 
                    "index_title": "Exodus", 
                    "sourceRef": "Exodus 34:26"
                }, 
                {
                    "category": "Tanakh", 
                    "sourceHeRef": "דברים י״ד:כ״א", 
                    "index_title": "Deuteronomy", 
                    "sourceRef": "Deuteronomy 14:21"
                }
            ], 
            "text": ""
        }, 
        {
            "segmentNumber": "24", 
            "he": "ר", 
            "links": [
                {
                    "category": "Tanakh", 
                    "sourceHeRef": "שמות כ״ג:י״ט", 
                    "index_title": "Exodus", 
                    "sourceRef": "Exodus 23:19"
                }, 
                {
                    "category": "Tanakh", 
                    "sourceHeRef": "שמות ל״ד:כ״ו", 
                    "index_title": "Exodus", 
                    "sourceRef": "Exodus 34:26"
                }, 
                {
                    "category": "Tanakh", 
                    "sourceHeRef": "דברים י״ד:כ״א", 
                    "index_title": "Deuteronomy", 
                    "sourceRef": "Deuteronomy 14:21"
                }
            ], 
            "text": ""
        }, 
        {
            "segmentNumber": "25", 
            "he": " ", 
            "links": [
                {
                    "category": "Tanakh", 
                    "sourceHeRef": "שמות כ״ג:י״ט", 
                    "index_title": "Exodus", 
                    "sourceRef": "Exodus 23:19"
                }, 
                {
                    "category": "Tanakh", 
                    "sourceHeRef": "שמות ל״ד:כ״ו", 
                    "index_title": "Exodus", 
                    "sourceRef": "Exodus 34:26"
                }, 
                {
                    "category": "Tanakh", 
                    "sourceHeRef": "דברים י״ד:כ״א", 
                    "index_title": "Deuteronomy", 
                    "sourceRef": "Deuteronomy 14:21"
                }
            ], 
            "text": ""
        }, 
        {
            "segmentNumber": "26", 
            "he": "\"", 
            "links": [
                {
                    "category": "Tanakh", 
                    "sourceHeRef": "שמות כ״ג:י״ט", 
                    "index_title": "Exodus", 
                    "sourceRef": "Exodus 23:19"
                }, 
                {
                    "category": "Tanakh", 
                    "sourceHeRef": "שמות ל״ד:כ״ו", 
                    "index_title": "Exodus", 
                    "sourceRef": "Exodus 34:26"
                }, 
                {
                    "category": "Tanakh", 
                    "sourceHeRef": "דברים י״ד:כ״א", 
                    "index_title": "Deuteronomy", 
                    "sourceRef": "Deuteronomy 14:21"
                }
            ], 
            "text": ""
        }, 
        {
            "segmentNumber": "27", 
            "he": "ל", 
            "links": [
                {
                    "category": "Tanakh", 
                    "sourceHeRef": "שמות כ״ג:י״ט", 
                    "index_title": "Exodus", 
                    "sourceRef": "Exodus 23:19"
                }, 
                {
                    "category": "Tanakh", 
                    "sourceHeRef": "שמות ל״ד:כ״ו", 
                    "index_title": "Exodus", 
                    "sourceRef": "Exodus 34:26"
                }, 
                {
                    "category": "Tanakh", 
                    "sourceHeRef": "דברים י״ד:כ״א", 
                    "index_title": "Deuteronomy", 
                    "sourceRef": "Deuteronomy 14:21"
                }
            ], 
            "text": ""
        }, 
        {
            "segmentNumber": "28", 
            "he": "א", 
            "links": [
                {
                    "category": "Tanakh", 
                    "sourceHeRef": "שמות כ״ג:י״ט", 
                    "index_title": "Exodus", 
                    "sourceRef": "Exodus 23:19"
                }, 
                {
                    "category": "Tanakh", 
                    "sourceHeRef": "שמות ל״ד:כ״ו", 
                    "index_title": "Exodus", 
                    "sourceRef": "Exodus 34:26"
                }, 
                {
                    "category": "Tanakh", 
                    "sourceHeRef": "דברים י״ד:כ״א", 
                    "index_title": "Deuteronomy", 
                    "sourceRef": "Deuteronomy 14:21"
                }
            ], 
            "text": ""
        }, 
        {
            "segmentNumber": "29", 
            "he": " ", 
            "links": [
                {
                    "category": "Tanakh", 
                    "sourceHeRef": "שמות כ״ג:י״ט", 
                    "index_title": "Exodus", 
                    "sourceRef": "Exodus 23:19"
                }, 
                {
                    "category": "Tanakh", 
                    "sourceHeRef": "שמות ל״ד:כ״ו", 
                    "index_title": "Exodus", 
                    "sourceRef": "Exodus 34:26"
                }, 
                {
                    "category": "Tanakh", 
                    "sourceHeRef": "דברים י״ד:כ״א", 
                    "index_title": "Deuteronomy", 
                    "sourceRef": "Deuteronomy 14:21"
                }
            ], 
            "text": ""
        }, 
        {
            "segmentNumber": "30", 
            "he": "ת", 
            "links": [
                {
                    "category": "Tanakh", 
                    "sourceHeRef": "שמות כ״ג:י״ט", 
                    "index_title": "Exodus", 
                    "sourceRef": "Exodus 23:19"
                }, 
                {
                    "category": "Tanakh", 
                    "sourceHeRef": "שמות ל״ד:כ״ו", 
                    "index_title": "Exodus", 
                    "sourceRef": "Exodus 34:26"
                }, 
                {
                    "category": "Tanakh", 
                    "sourceHeRef": "דברים י״ד:כ״א", 
                    "index_title": "Deuteronomy", 
                    "sourceRef": "Deuteronomy 14:21"
                }
            ], 
            "text": ""
        }, 
        {
            "segmentNumber": "31", 
            "he": "ב", 
            "links": [
                {
                    "category": "Tanakh", 
                    "sourceHeRef": "שמות כ״ג:י״ט", 
                    "index_title": "Exodus", 
                    "sourceRef": "Exodus 23:19"
                }, 
                {
                    "category": "Tanakh", 
                    "sourceHeRef": "שמות ל״ד:כ״ו", 
                    "index_title": "Exodus", 
                    "sourceRef": "Exodus 34:26"
                }, 
                {
                    "category": "Tanakh", 
                    "sourceHeRef": "דברים י״ד:כ״א", 
                    "index_title": "Deuteronomy", 
                    "sourceRef": "Deuteronomy 14:21"
                }
            ], 
            "text": ""
        }, 
        {
            "segmentNumber": "32", 
            "he": "ש", 
            "links": [
                {
                    "category": "Tanakh", 
                    "sourceHeRef": "שמות כ״ג:י״ט", 
                    "index_title": "Exodus", 
                    "sourceRef": "Exodus 23:19"
                }, 
                {
                    "category": "Tanakh", 
                    "sourceHeRef": "שמות ל״ד:כ״ו", 
                    "index_title": "Exodus", 
                    "sourceRef": "Exodus 34:26"
                }, 
                {
                    "category": "Tanakh", 
                    "sourceHeRef": "דברים י״ד:כ״א", 
                    "index_title": "Deuteronomy", 
                    "sourceRef": "Deuteronomy 14:21"
                }
            ], 
            "text": ""
        }, 
        {
            "segmentNumber": "33", 
            "he": "ל", 
            "links": [
                {
                    "category": "Tanakh", 
                    "sourceHeRef": "שמות כ״ג:י״ט", 
                    "index_title": "Exodus", 
                    "sourceRef": "Exodus 23:19"
                }, 
                {
                    "category": "Tanakh", 
                    "sourceHeRef": "שמות ל״ד:כ״ו", 
                    "index_title": "Exodus", 
                    "sourceRef": "Exodus 34:26"
                }, 
                {
                    "category": "Tanakh", 
                    "sourceHeRef": "דברים י״ד:כ״א", 
                    "index_title": "Deuteronomy", 
                    "sourceRef": "Deuteronomy 14:21"
                }
            ], 
            "text": ""
        }, 
        {
            "segmentNumber": "34", 
            "he": " ", 
            "links": [
                {
                    "category": "Tanakh", 
                    "sourceHeRef": "שמות כ״ג:י״ט", 
                    "index_title": "Exodus", 
                    "sourceRef": "Exodus 23:19"
                }, 
                {
                    "category": "Tanakh", 
                    "sourceHeRef": "שמות ל״ד:כ״ו", 
                    "index_title": "Exodus", 
                    "sourceRef": "Exodus 34:26"
                }, 
                {
                    "category": "Tanakh", 
                    "sourceHeRef": "דברים י״ד:כ״א", 
                    "index_title": "Deuteronomy", 
                    "sourceRef": "Deuteronomy 14:21"
                }
            ], 
            "text": ""
        }, 
        {
            "segmentNumber": "35", 
            "he": "ג", 
            "links": [
                {
                    "category": "Tanakh", 
                    "sourceHeRef": "שמות כ״ג:י״ט", 
                    "index_title": "Exodus", 
                    "sourceRef": "Exodus 23:19"
                }, 
                {
                    "category": "Tanakh", 
                    "sourceHeRef": "שמות ל״ד:כ״ו", 
                    "index_title": "Exodus", 
                    "sourceRef": "Exodus 34:26"
                }, 
                {
                    "category": "Tanakh", 
                    "sourceHeRef": "דברים י״ד:כ״א", 
                    "index_title": "Deuteronomy", 
                    "sourceRef": "Deuteronomy 14:21"
                }
            ], 
            "text": ""
        }, 
        {
            "segmentNumber": "36", 
            "he": "ד", 
            "links": [
                {
                    "category": "Tanakh", 
                    "sourceHeRef": "שמות כ״ג:י״ט", 
                    "index_title": "Exodus", 
                    "sourceRef": "Exodus 23:19"
                }, 
                {
                    "category": "Tanakh", 
                    "sourceHeRef": "שמות ל״ד:כ״ו", 
                    "index_title": "Exodus", 
                    "sourceRef": "Exodus 34:26"
                }, 
                {
                    "category": "Tanakh", 
                    "sourceHeRef": "דברים י״ד:כ״א", 
                    "index_title": "Deuteronomy", 
                    "sourceRef": "Deuteronomy 14:21"
                }
            ], 
            "text": ""
        }, 
        {
            "segmentNumber": "37", 
            "he": "י", 
            "links": [
                {
                    "category": "Tanakh", 
                    "sourceHeRef": "שמות כ״ג:י״ט", 
                    "index_title": "Exodus", 
                    "sourceRef": "Exodus 23:19"
                }, 
                {
                    "category": "Tanakh", 
                    "sourceHeRef": "שמות ל״ד:כ״ו", 
                    "index_title": "Exodus", 
                    "sourceRef": "Exodus 34:26"
                }, 
                {
                    "category": "Tanakh", 
                    "sourceHeRef": "דברים י״ד:כ״א", 
                    "index_title": "Deuteronomy", 
                    "sourceRef": "Deuteronomy 14:21"
                }
            ], 
            "text": ""
        }, 
        {
            "segmentNumber": "38", 
            "he": ",", 
            "links": [
                {
                    "category": "Tanakh", 
                    "sourceHeRef": "שמות כ״ג:י״ט", 
                    "index_title": "Exodus", 
                    "sourceRef": "Exodus 23:19"
                }, 
                {
                    "category": "Tanakh", 
                    "sourceHeRef": "שמות ל״ד:כ״ו", 
                    "index_title": "Exodus", 
                    "sourceRef": "Exodus 34:26"
                }, 
                {
                    "category": "Tanakh", 
                    "sourceHeRef": "דברים י״ד:כ״א", 
                    "index_title": "Deuteronomy", 
                    "sourceRef": "Deuteronomy 14:21"
                }
            ], 
            "text": ""
        }, 
        {
            "segmentNumber": "39", 
            "he": " ", 
            "links": [
                {
                    "category": "Tanakh", 
                    "sourceHeRef": "שמות כ״ג:י״ט", 
                    "index_title": "Exodus", 
                    "sourceRef": "Exodus 23:19"
                }, 
                {
                    "category": "Tanakh", 
                    "sourceHeRef": "שמות ל״ד:כ״ו", 
                    "index_title": "Exodus", 
                    "sourceRef": "Exodus 34:26"
                }, 
                {
                    "category": "Tanakh", 
                    "sourceHeRef": "דברים י״ד:כ״א", 
                    "index_title": "Deuteronomy", 
                    "sourceRef": "Deuteronomy 14:21"
                }
            ], 
            "text": ""
        }, 
        {
            "segmentNumber": "40", 
            "he": "ב", 
            "links": [
                {
                    "category": "Tanakh", 
                    "sourceHeRef": "שמות כ״ג:י״ט", 
                    "index_title": "Exodus", 
                    "sourceRef": "Exodus 23:19"
                }, 
                {
                    "category": "Tanakh", 
                    "sourceHeRef": "שמות ל״ד:כ״ו", 
                    "index_title": "Exodus", 
                    "sourceRef": "Exodus 34:26"
                }, 
                {
                    "category": "Tanakh", 
                    "sourceHeRef": "דברים י״ד:כ״א", 
                    "index_title": "Deuteronomy", 
                    "sourceRef": "Deuteronomy 14:21"
                }
            ], 
            "text": ""
        }, 
        {
            "segmentNumber": "41", 
            "he": "ח", 
            "links": [
                {
                    "category": "Tanakh", 
                    "sourceHeRef": "שמות כ״ג:י״ט", 
                    "index_title": "Exodus", 
                    "sourceRef": "Exodus 23:19"
                }, 
                {
                    "category": "Tanakh", 
                    "sourceHeRef": "שמות ל״ד:כ״ו", 
                    "index_title": "Exodus", 
                    "sourceRef": "Exodus 34:26"
                }, 
                {
                    "category": "Tanakh", 
                    "sourceHeRef": "דברים י״ד:כ״א", 
                    "index_title": "Deuteronomy", 
                    "sourceRef": "Deuteronomy 14:21"
                }
            ], 
            "text": ""
        }, 
        {
            "segmentNumber": "42", 
            "he": "ל", 
            "links": [
                {
                    "category": "Tanakh", 
                    "sourceHeRef": "שמות כ״ג:י״ט", 
                    "index_title": "Exodus", 
                    "sourceRef": "Exodus 23:19"
                }, 
                {
                    "category": "Tanakh", 
                    "sourceHeRef": "שמות ל״ד:כ״ו", 
                    "index_title": "Exodus", 
                    "sourceRef": "Exodus 34:26"
                }, 
                {
                    "category": "Tanakh", 
                    "sourceHeRef": "דברים י״ד:כ״א", 
                    "index_title": "Deuteronomy", 
                    "sourceRef": "Deuteronomy 14:21"
                }
            ], 
            "text": ""
        }, 
        {
            "segmentNumber": "43", 
            "he": "ב", 
            "links": [
                {
                    "category": "Tanakh", 
                    "sourceHeRef": "שמות כ״ג:י״ט", 
                    "index_title": "Exodus", 
                    "sourceRef": "Exodus 23:19"
                }, 
                {
                    "category": "Tanakh", 
                    "sourceHeRef": "שמות ל״ד:כ״ו", 
                    "index_title": "Exodus", 
                    "sourceRef": "Exodus 34:26"
                }, 
                {
                    "category": "Tanakh", 
                    "sourceHeRef": "דברים י״ד:כ״א", 
                    "index_title": "Deuteronomy", 
                    "sourceRef": "Deuteronomy 14:21"
                }
            ], 
            "text": ""
        }, 
        {
            "segmentNumber": "44", 
            "he": " ", 
            "links": [
                {
                    "category": "Tanakh", 
                    "sourceHeRef": "שמות כ״ג:י״ט", 
                    "index_title": "Exodus", 
                    "sourceRef": "Exodus 23:19"
                }, 
                {
                    "category": "Tanakh", 
                    "sourceHeRef": "שמות ל״ד:כ״ו", 
                    "index_title": "Exodus", 
                    "sourceRef": "Exodus 34:26"
                }, 
                {
                    "category": "Tanakh", 
                    "sourceHeRef": "דברים י״ד:כ״א", 
                    "index_title": "Deuteronomy", 
                    "sourceRef": "Deuteronomy 14:21"
                }
            ], 
            "text": ""
        }, 
        {
            "segmentNumber": "45", 
            "he": "א", 
            "links": [
                {
                    "category": "Tanakh", 
                    "sourceHeRef": "שמות כ״ג:י״ט", 
                    "index_title": "Exodus", 
                    "sourceRef": "Exodus 23:19"
                }, 
                {
                    "category": "Tanakh", 
                    "sourceHeRef": "שמות ל״ד:כ״ו", 
                    "index_title": "Exodus", 
                    "sourceRef": "Exodus 34:26"
                }, 
                {
                    "category": "Tanakh", 
                    "sourceHeRef": "דברים י״ד:כ״א", 
                    "index_title": "Deuteronomy", 
                    "sourceRef": "Deuteronomy 14:21"
                }
            ], 
            "text": ""
        }, 
        {
            "segmentNumber": "46", 
            "he": "י", 
            "links": [
                {
                    "category": "Tanakh", 
                    "sourceHeRef": "שמות כ״ג:י״ט", 
                    "index_title": "Exodus", 
                    "sourceRef": "Exodus 23:19"
                }, 
                {
                    "category": "Tanakh", 
                    "sourceHeRef": "שמות ל״ד:כ״ו", 
                    "index_title": "Exodus", 
                    "sourceRef": "Exodus 34:26"
                }, 
                {
                    "category": "Tanakh", 
                    "sourceHeRef": "דברים י״ד:כ״א", 
                    "index_title": "Deuteronomy", 
                    "sourceRef": "Deuteronomy 14:21"
                }
            ], 
            "text": ""
        }, 
        {
            "segmentNumber": "47", 
            "he": "מ", 
            "links": [
                {
                    "category": "Tanakh", 
                    "sourceHeRef": "שמות כ״ג:י״ט", 
                    "index_title": "Exodus", 
                    "sourceRef": "Exodus 23:19"
                }, 
                {
                    "category": "Tanakh", 
                    "sourceHeRef": "שמות ל״ד:כ״ו", 
                    "index_title": "Exodus", 
                    "sourceRef": "Exodus 34:26"
                }, 
                {
                    "category": "Tanakh", 
                    "sourceHeRef": "דברים י״ד:כ״א", 
                    "index_title": "Deuteronomy", 
                    "sourceRef": "Deuteronomy 14:21"
                }
            ], 
            "text": ""
        }, 
        {
            "segmentNumber": "48", 
            "he": "ו", 
            "links": [
                {
                    "category": "Tanakh", 
                    "sourceHeRef": "שמות כ״ג:י״ט", 
                    "index_title": "Exodus", 
                    "sourceRef": "Exodus 23:19"
                }, 
                {
                    "category": "Tanakh", 
                    "sourceHeRef": "שמות ל״ד:כ״ו", 
                    "index_title": "Exodus", 
                    "sourceRef": "Exodus 34:26"
                }, 
                {
                    "category": "Tanakh", 
                    "sourceHeRef": "דברים י״ד:כ״א", 
                    "index_title": "Deuteronomy", 
                    "sourceRef": "Deuteronomy 14:21"
                }
            ], 
            "text": ""
        }, 
        {
            "segmentNumber": "49", 
            "he": "\"", 
            "links": [
                {
                    "category": "Tanakh", 
                    "sourceHeRef": "שמות כ״ג:י״ט", 
                    "index_title": "Exodus", 
                    "sourceRef": "Exodus 23:19"
                }, 
                {
                    "category": "Tanakh", 
                    "sourceHeRef": "שמות ל״ד:כ״ו", 
                    "index_title": "Exodus", 
                    "sourceRef": "Exodus 34:26"
                }, 
                {
                    "category": "Tanakh", 
                    "sourceHeRef": "דברים י״ד:כ״א", 
                    "index_title": "Deuteronomy", 
                    "sourceRef": "Deuteronomy 14:21"
                }
            ], 
            "text": ""
        }, 
        {
            "segmentNumber": "50", 
            "he": " ", 
            "links": [
                {
                    "category": "Tanakh", 
                    "sourceHeRef": "שמות כ״ג:י״ט", 
                    "index_title": "Exodus", 
                    "sourceRef": "Exodus 23:19"
                }, 
                {
                    "category": "Tanakh", 
                    "sourceHeRef": "שמות ל״ד:כ״ו", 
                    "index_title": "Exodus", 
                    "sourceRef": "Exodus 34:26"
                }, 
                {
                    "category": "Tanakh", 
                    "sourceHeRef": "דברים י״ד:כ״א", 
                    "index_title": "Deuteronomy", 
                    "sourceRef": "Deuteronomy 14:21"
                }
            ], 
            "text": ""
        }, 
        {
            "segmentNumber": "51", 
            "he": "(", 
            "links": [
                {
                    "category": "Tanakh", 
                    "sourceHeRef": "שמות כ״ג:י״ט", 
                    "index_title": "Exodus", 
                    "sourceRef": "Exodus 23:19"
                }, 
                {
                    "category": "Tanakh", 
                    "sourceHeRef": "שמות ל״ד:כ״ו", 
                    "index_title": "Exodus", 
                    "sourceRef": "Exodus 34:26"
                }, 
                {
                    "category": "Tanakh", 
                    "sourceHeRef": "דברים י״ד:כ״א", 
                    "index_title": "Deuteronomy", 
                    "sourceRef": "Deuteronomy 14:21"
                }
            ], 
            "text": ""
        }, 
        {
            "segmentNumber": "52", 
            "he": "ש", 
            "links": [
                {
                    "category": "Tanakh", 
                    "sourceHeRef": "שמות כ״ג:י״ט", 
                    "index_title": "Exodus", 
                    "sourceRef": "Exodus 23:19"
                }, 
                {
                    "category": "Tanakh", 
                    "sourceHeRef": "שמות ל״ד:כ״ו", 
                    "index_title": "Exodus", 
                    "sourceRef": "Exodus 34:26"
                }, 
                {
                    "category": "Tanakh", 
                    "sourceHeRef": "דברים י״ד:כ״א", 
                    "index_title": "Deuteronomy", 
                    "sourceRef": "Deuteronomy 14:21"
                }
            ], 
            "text": ""
        }, 
        {
            "segmentNumber": "53", 
            "he": "מ", 
            "links": [
                {
                    "category": "Tanakh", 
                    "sourceHeRef": "שמות כ״ג:י״ט", 
                    "index_title": "Exodus", 
                    "sourceRef": "Exodus 23:19"
                }, 
                {
                    "category": "Tanakh", 
                    "sourceHeRef": "שמות ל״ד:כ״ו", 
                    "index_title": "Exodus", 
                    "sourceRef": "Exodus 34:26"
                }, 
                {
                    "category": "Tanakh", 
                    "sourceHeRef": "דברים י״ד:כ״א", 
                    "index_title": "Deuteronomy", 
                    "sourceRef": "Deuteronomy 14:21"
                }
            ], 
            "text": ""
        }, 
        {
            "segmentNumber": "54", 
            "he": "ו", 
            "links": [
                {
                    "category": "Tanakh", 
                    "sourceHeRef": "שמות כ״ג:י״ט", 
                    "index_title": "Exodus", 
                    "sourceRef": "Exodus 23:19"
                }, 
                {
                    "category": "Tanakh", 
                    "sourceHeRef": "שמות ל״ד:כ״ו", 
                    "index_title": "Exodus", 
                    "sourceRef": "Exodus 34:26"
                }, 
                {
                    "category": "Tanakh", 
                    "sourceHeRef": "דברים י״ד:כ״א", 
                    "index_title": "Deuteronomy", 
                    "sourceRef": "Deuteronomy 14:21"
                }
            ], 
            "text": ""
        }, 
        {
            "segmentNumber": "55", 
            "he": "ת", 
            "links": [
                {
                    "category": "Tanakh", 
                    "sourceHeRef": "שמות כ״ג:י״ט", 
                    "index_title": "Exodus", 
                    "sourceRef": "Exodus 23:19"
                }, 
                {
                    "category": "Tanakh", 
                    "sourceHeRef": "שמות ל״ד:כ״ו", 
                    "index_title": "Exodus", 
                    "sourceRef": "Exodus 34:26"
                }, 
                {
                    "category": "Tanakh", 
                    "sourceHeRef": "דברים י״ד:כ״א", 
                    "index_title": "Deuteronomy", 
                    "sourceRef": "Deuteronomy 14:21"
                }
            ], 
            "text": ""
        }, 
        {
            "segmentNumber": "56", 
            "he": " ", 
            "links": [
                {
                    "category": "Tanakh", 
                    "sourceHeRef": "שמות כ״ג:י״ט", 
                    "index_title": "Exodus", 
                    "sourceRef": "Exodus 23:19"
                }, 
                {
                    "category": "Tanakh", 
                    "sourceHeRef": "שמות ל״ד:כ״ו", 
                    "index_title": "Exodus", 
                    "sourceRef": "Exodus 34:26"
                }, 
                {
                    "category": "Tanakh", 
                    "sourceHeRef": "דברים י״ד:כ״א", 
                    "index_title": "Deuteronomy", 
                    "sourceRef": "Deuteronomy 14:21"
                }
            ], 
            "text": ""
        }, 
        {
            "segmentNumber": "57", 
            "he": "כ", 
            "links": [
                {
                    "category": "Tanakh", 
                    "sourceHeRef": "שמות כ״ג:י״ט", 
                    "index_title": "Exodus", 
                    "sourceRef": "Exodus 23:19"
                }, 
                {
                    "category": "Tanakh", 
                    "sourceHeRef": "שמות ל״ד:כ״ו", 
                    "index_title": "Exodus", 
                    "sourceRef": "Exodus 34:26"
                }, 
                {
                    "category": "Tanakh", 
                    "sourceHeRef": "דברים י״ד:כ״א", 
                    "index_title": "Deuteronomy", 
                    "sourceRef": "Deuteronomy 14:21"
                }
            ], 
            "text": ""
        }, 
        {
            "segmentNumber": "58", 
            "he": "ג", 
            "links": [
                {
                    "category": "Tanakh", 
                    "sourceHeRef": "שמות כ״ג:י״ט", 
                    "index_title": "Exodus", 
                    "sourceRef": "Exodus 23:19"
                }, 
                {
                    "category": "Tanakh", 
                    "sourceHeRef": "שמות ל״ד:כ״ו", 
                    "index_title": "Exodus", 
                    "sourceRef": "Exodus 34:26"
                }, 
                {
                    "category": "Tanakh", 
                    "sourceHeRef": "דברים י״ד:כ״א", 
                    "index_title": "Deuteronomy", 
                    "sourceRef": "Deuteronomy 14:21"
                }
            ], 
            "text": ""
        }, 
        {
            "segmentNumber": "59", 
            "he": ",", 
            "links": [
                {
                    "category": "Tanakh", 
                    "sourceHeRef": "שמות כ״ג:י״ט", 
                    "index_title": "Exodus", 
                    "sourceRef": "Exodus 23:19"
                }, 
                {
                    "category": "Tanakh", 
                    "sourceHeRef": "שמות ל״ד:כ״ו", 
                    "index_title": "Exodus", 
                    "sourceRef": "Exodus 34:26"
                }, 
                {
                    "category": "Tanakh", 
                    "sourceHeRef": "דברים י״ד:כ״א", 
                    "index_title": "Deuteronomy", 
                    "sourceRef": "Deuteronomy 14:21"
                }
            ], 
            "text": ""
        }, 
        {
            "segmentNumber": "60", 
            "he": "י", 
            "links": [
                {
                    "category": "Tanakh", 
                    "sourceHeRef": "שמות כ״ג:י״ט", 
                    "index_title": "Exodus", 
                    "sourceRef": "Exodus 23:19"
                }, 
                {
                    "category": "Tanakh", 
                    "sourceHeRef": "שמות ל״ד:כ״ו", 
                    "index_title": "Exodus", 
                    "sourceRef": "Exodus 34:26"
                }, 
                {
                    "category": "Tanakh", 
                    "sourceHeRef": "דברים י״ד:כ״א", 
                    "index_title": "Deuteronomy", 
                    "sourceRef": "Deuteronomy 14:21"
                }
            ], 
            "text": ""
        }, 
        {
            "segmentNumber": "61", 
            "he": "ט", 
            "links": [
                {
                    "category": "Tanakh", 
                    "sourceHeRef": "שמות כ״ג:י״ט", 
                    "index_title": "Exodus", 
                    "sourceRef": "Exodus 23:19"
                }, 
                {
                    "category": "Tanakh", 
                    "sourceHeRef": "שמות ל״ד:כ״ו", 
                    "index_title": "Exodus", 
                    "sourceRef": "Exodus 34:26"
                }, 
                {
                    "category": "Tanakh", 
                    "sourceHeRef": "דברים י״ד:כ״א", 
                    "index_title": "Deuteronomy", 
                    "sourceRef": "Deuteronomy 14:21"
                }
            ], 
            "text": ""
        }, 
        {
            "segmentNumber": "62", 
            "he": ";", 
            "links": [
                {
                    "category": "Tanakh", 
                    "sourceHeRef": "שמות כ״ג:י״ט", 
                    "index_title": "Exodus", 
                    "sourceRef": "Exodus 23:19"
                }, 
                {
                    "category": "Tanakh", 
                    "sourceHeRef": "שמות ל״ד:כ״ו", 
                    "index_title": "Exodus", 
                    "sourceRef": "Exodus 34:26"
                }, 
                {
                    "category": "Tanakh", 
                    "sourceHeRef": "דברים י״ד:כ״א", 
                    "index_title": "Deuteronomy", 
                    "sourceRef": "Deuteronomy 14:21"
                }
            ], 
            "text": ""
        }, 
        {
            "segmentNumber": "63", 
            "he": " ", 
            "links": [
                {
                    "category": "Tanakh", 
                    "sourceHeRef": "שמות כ״ג:י״ט", 
                    "index_title": "Exodus", 
                    "sourceRef": "Exodus 23:19"
                }, 
                {
                    "category": "Tanakh", 
                    "sourceHeRef": "שמות ל״ד:כ״ו", 
                    "index_title": "Exodus", 
                    "sourceRef": "Exodus 34:26"
                }, 
                {
                    "category": "Tanakh", 
                    "sourceHeRef": "דברים י״ד:כ״א", 
                    "index_title": "Deuteronomy", 
                    "sourceRef": "Deuteronomy 14:21"
                }
            ], 
            "text": ""
        }, 
        {
            "segmentNumber": "64", 
            "he": "ש", 
            "links": [
                {
                    "category": "Tanakh", 
                    "sourceHeRef": "שמות כ״ג:י״ט", 
                    "index_title": "Exodus", 
                    "sourceRef": "Exodus 23:19"
                }, 
                {
                    "category": "Tanakh", 
                    "sourceHeRef": "שמות ל״ד:כ״ו", 
                    "index_title": "Exodus", 
                    "sourceRef": "Exodus 34:26"
                }, 
                {
                    "category": "Tanakh", 
                    "sourceHeRef": "דברים י״ד:כ״א", 
                    "index_title": "Deuteronomy", 
                    "sourceRef": "Deuteronomy 14:21"
                }
            ], 
            "text": ""
        }, 
        {
            "segmentNumber": "65", 
            "he": "מ", 
            "links": [
                {
                    "category": "Tanakh", 
                    "sourceHeRef": "שמות כ״ג:י״ט", 
                    "index_title": "Exodus", 
                    "sourceRef": "Exodus 23:19"
                }, 
                {
                    "category": "Tanakh", 
                    "sourceHeRef": "שמות ל״ד:כ״ו", 
                    "index_title": "Exodus", 
                    "sourceRef": "Exodus 34:26"
                }, 
                {
                    "category": "Tanakh", 
                    "sourceHeRef": "דברים י״ד:כ״א", 
                    "index_title": "Deuteronomy", 
                    "sourceRef": "Deuteronomy 14:21"
                }
            ], 
            "text": ""
        }, 
        {
            "segmentNumber": "66", 
            "he": "ו", 
            "links": [
                {
                    "category": "Tanakh", 
                    "sourceHeRef": "שמות כ״ג:י״ט", 
                    "index_title": "Exodus", 
                    "sourceRef": "Exodus 23:19"
                }, 
                {
                    "category": "Tanakh", 
                    "sourceHeRef": "שמות ל״ד:כ״ו", 
                    "index_title": "Exodus", 
                    "sourceRef": "Exodus 34:26"
                }, 
                {
                    "category": "Tanakh", 
                    "sourceHeRef": "דברים י״ד:כ״א", 
                    "index_title": "Deuteronomy", 
                    "sourceRef": "Deuteronomy 14:21"
                }
            ], 
            "text": ""
        }, 
        {
            "segmentNumber": "67", 
            "he": "ת", 
            "links": [
                {
                    "category": "Tanakh", 
                    "sourceHeRef": "שמות כ״ג:י״ט", 
                    "index_title": "Exodus", 
                    "sourceRef": "Exodus 23:19"
                }, 
                {
                    "category": "Tanakh", 
                    "sourceHeRef": "שמות ל״ד:כ״ו", 
                    "index_title": "Exodus", 
                    "sourceRef": "Exodus 34:26"
                }, 
                {
                    "category": "Tanakh", 
                    "sourceHeRef": "דברים י״ד:כ״א", 
                    "index_title": "Deuteronomy", 
                    "sourceRef": "Deuteronomy 14:21"
                }
            ], 
            "text": ""
        }, 
        {
            "segmentNumber": "68", 
            "he": " ", 
            "links": [
                {
                    "category": "Tanakh", 
                    "sourceHeRef": "שמות כ״ג:י״ט", 
                    "index_title": "Exodus", 
                    "sourceRef": "Exodus 23:19"
                }, 
                {
                    "category": "Tanakh", 
                    "sourceHeRef": "שמות ל״ד:כ״ו", 
                    "index_title": "Exodus", 
                    "sourceRef": "Exodus 34:26"
                }, 
                {
                    "category": "Tanakh", 
                    "sourceHeRef": "דברים י״ד:כ״א", 
                    "index_title": "Deuteronomy", 
                    "sourceRef": "Deuteronomy 14:21"
                }
            ], 
            "text": ""
        }, 
        {
            "segmentNumber": "69", 
            "he": "ל", 
            "links": [
                {
                    "category": "Tanakh", 
                    "sourceHeRef": "שמות כ״ג:י״ט", 
                    "index_title": "Exodus", 
                    "sourceRef": "Exodus 23:19"
                }, 
                {
                    "category": "Tanakh", 
                    "sourceHeRef": "שמות ל״ד:כ״ו", 
                    "index_title": "Exodus", 
                    "sourceRef": "Exodus 34:26"
                }, 
                {
                    "category": "Tanakh", 
                    "sourceHeRef": "דברים י״ד:כ״א", 
                    "index_title": "Deuteronomy", 
                    "sourceRef": "Deuteronomy 14:21"
                }
            ], 
            "text": ""
        }, 
        {
            "segmentNumber": "70", 
            "he": "ד", 
            "links": [
                {
                    "category": "Tanakh", 
                    "sourceHeRef": "שמות כ״ג:י״ט", 
                    "index_title": "Exodus", 
                    "sourceRef": "Exodus 23:19"
                }, 
                {
                    "category": "Tanakh", 
                    "sourceHeRef": "שמות ל״ד:כ״ו", 
                    "index_title": "Exodus", 
                    "sourceRef": "Exodus 34:26"
                }, 
                {
                    "category": "Tanakh", 
                    "sourceHeRef": "דברים י״ד:כ״א", 
                    "index_title": "Deuteronomy", 
                    "sourceRef": "Deuteronomy 14:21"
                }
            ], 
            "text": ""
        }, 
        {
            "segmentNumber": "71", 
            "he": ",", 
            "links": [
                {
                    "category": "Tanakh", 
                    "sourceHeRef": "שמות כ״ג:י״ט", 
                    "index_title": "Exodus", 
                    "sourceRef": "Exodus 23:19"
                }, 
                {
                    "category": "Tanakh", 
                    "sourceHeRef": "שמות ל״ד:כ״ו", 
                    "index_title": "Exodus", 
                    "sourceRef": "Exodus 34:26"
                }, 
                {
                    "category": "Tanakh", 
                    "sourceHeRef": "דברים י״ד:כ״א", 
                    "index_title": "Deuteronomy", 
                    "sourceRef": "Deuteronomy 14:21"
                }
            ], 
            "text": ""
        }, 
        {
            "segmentNumber": "72", 
            "he": "כ", 
            "links": [
                {
                    "category": "Tanakh", 
                    "sourceHeRef": "שמות כ״ג:י״ט", 
                    "index_title": "Exodus", 
                    "sourceRef": "Exodus 23:19"
                }, 
                {
                    "category": "Tanakh", 
                    "sourceHeRef": "שמות ל״ד:כ״ו", 
                    "index_title": "Exodus", 
                    "sourceRef": "Exodus 34:26"
                }, 
                {
                    "category": "Tanakh", 
                    "sourceHeRef": "דברים י״ד:כ״א", 
                    "index_title": "Deuteronomy", 
                    "sourceRef": "Deuteronomy 14:21"
                }
            ], 
            "text": ""
        }, 
        {
            "segmentNumber": "73", 
            "he": "ו", 
            "links": [
                {
                    "category": "Tanakh", 
                    "sourceHeRef": "שמות כ״ג:י״ט", 
                    "index_title": "Exodus", 
                    "sourceRef": "Exodus 23:19"
                }, 
                {
                    "category": "Tanakh", 
                    "sourceHeRef": "שמות ל״ד:כ״ו", 
                    "index_title": "Exodus", 
                    "sourceRef": "Exodus 34:26"
                }, 
                {
                    "category": "Tanakh", 
                    "sourceHeRef": "דברים י״ד:כ״א", 
                    "index_title": "Deuteronomy", 
                    "sourceRef": "Deuteronomy 14:21"
                }
            ], 
            "text": ""
        }, 
        {
            "segmentNumber": "74", 
            "he": ";", 
            "links": [
                {
                    "category": "Tanakh", 
                    "sourceHeRef": "שמות כ״ג:י״ט", 
                    "index_title": "Exodus", 
                    "sourceRef": "Exodus 23:19"
                }, 
                {
                    "category": "Tanakh", 
                    "sourceHeRef": "שמות ל״ד:כ״ו", 
                    "index_title": "Exodus", 
                    "sourceRef": "Exodus 34:26"
                }, 
                {
                    "category": "Tanakh", 
                    "sourceHeRef": "דברים י״ד:כ״א", 
                    "index_title": "Deuteronomy", 
                    "sourceRef": "Deuteronomy 14:21"
                }
            ], 
            "text": ""
        }, 
        {
            "segmentNumber": "75", 
            "he": " ", 
            "links": [
                {
                    "category": "Tanakh", 
                    "sourceHeRef": "שמות כ״ג:י״ט", 
                    "index_title": "Exodus", 
                    "sourceRef": "Exodus 23:19"
                }, 
                {
                    "category": "Tanakh", 
                    "sourceHeRef": "שמות ל״ד:כ״ו", 
                    "index_title": "Exodus", 
                    "sourceRef": "Exodus 34:26"
                }, 
                {
                    "category": "Tanakh", 
                    "sourceHeRef": "דברים י״ד:כ״א", 
                    "index_title": "Deuteronomy", 
                    "sourceRef": "Deuteronomy 14:21"
                }
            ], 
            "text": ""
        }, 
        {
            "segmentNumber": "76", 
            "he": "ד", 
            "links": [
                {
                    "category": "Tanakh", 
                    "sourceHeRef": "שמות כ״ג:י״ט", 
                    "index_title": "Exodus", 
                    "sourceRef": "Exodus 23:19"
                }, 
                {
                    "category": "Tanakh", 
                    "sourceHeRef": "שמות ל״ד:כ״ו", 
                    "index_title": "Exodus", 
                    "sourceRef": "Exodus 34:26"
                }, 
                {
                    "category": "Tanakh", 
                    "sourceHeRef": "דברים י״ד:כ״א", 
                    "index_title": "Deuteronomy", 
                    "sourceRef": "Deuteronomy 14:21"
                }
            ], 
            "text": ""
        }, 
        {
            "segmentNumber": "77", 
            "he": "ב", 
            "links": [
                {
                    "category": "Tanakh", 
                    "sourceHeRef": "שמות כ״ג:י״ט", 
                    "index_title": "Exodus", 
                    "sourceRef": "Exodus 23:19"
                }, 
                {
                    "category": "Tanakh", 
                    "sourceHeRef": "שמות ל״ד:כ״ו", 
                    "index_title": "Exodus", 
                    "sourceRef": "Exodus 34:26"
                }, 
                {
                    "category": "Tanakh", 
                    "sourceHeRef": "דברים י״ד:כ״א", 
                    "index_title": "Deuteronomy", 
                    "sourceRef": "Deuteronomy 14:21"
                }
            ], 
            "text": ""
        }, 
        {
            "segmentNumber": "78", 
            "he": "ר", 
            "links": [
                {
                    "category": "Tanakh", 
                    "sourceHeRef": "שמות כ״ג:י״ט", 
                    "index_title": "Exodus", 
                    "sourceRef": "Exodus 23:19"
                }, 
                {
                    "category": "Tanakh", 
                    "sourceHeRef": "שמות ל״ד:כ״ו", 
                    "index_title": "Exodus", 
                    "sourceRef": "Exodus 34:26"
                }, 
                {
                    "category": "Tanakh", 
                    "sourceHeRef": "דברים י״ד:כ״א", 
                    "index_title": "Deuteronomy", 
                    "sourceRef": "Deuteronomy 14:21"
                }
            ], 
            "text": ""
        }, 
        {
            "segmentNumber": "79", 
            "he": "י", 
            "links": [
                {
                    "category": "Tanakh", 
                    "sourceHeRef": "שמות כ״ג:י״ט", 
                    "index_title": "Exodus", 
                    "sourceRef": "Exodus 23:19"
                }, 
                {
                    "category": "Tanakh", 
                    "sourceHeRef": "שמות ל״ד:כ״ו", 
                    "index_title": "Exodus", 
                    "sourceRef": "Exodus 34:26"
                }, 
                {
                    "category": "Tanakh", 
                    "sourceHeRef": "דברים י״ד:כ״א", 
                    "index_title": "Deuteronomy", 
                    "sourceRef": "Deuteronomy 14:21"
                }
            ], 
            "text": ""
        }, 
        {
            "segmentNumber": "80", 
            "he": "ם", 
            "links": [
                {
                    "category": "Tanakh", 
                    "sourceHeRef": "שמות כ״ג:י״ט", 
                    "index_title": "Exodus", 
                    "sourceRef": "Exodus 23:19"
                }, 
                {
                    "category": "Tanakh", 
                    "sourceHeRef": "שמות ל״ד:כ״ו", 
                    "index_title": "Exodus", 
                    "sourceRef": "Exodus 34:26"
                }, 
                {
                    "category": "Tanakh", 
                    "sourceHeRef": "דברים י״ד:כ״א", 
                    "index_title": "Deuteronomy", 
                    "sourceRef": "Deuteronomy 14:21"
                }
            ], 
            "text": ""
        }, 
        {
            "segmentNumber": "81", 
            "he": " ", 
            "links": [
                {
                    "category": "Tanakh", 
                    "sourceHeRef": "שמות כ״ג:י״ט", 
                    "index_title": "Exodus", 
                    "sourceRef": "Exodus 23:19"
                }, 
                {
                    "category": "Tanakh", 
                    "sourceHeRef": "שמות ל״ד:כ״ו", 
                    "index_title": "Exodus", 
                    "sourceRef": "Exodus 34:26"
                }, 
                {
                    "category": "Tanakh", 
                    "sourceHeRef": "דברים י״ד:כ״א", 
                    "index_title": "Deuteronomy", 
                    "sourceRef": "Deuteronomy 14:21"
                }
            ], 
            "text": ""
        }, 
        {
            "segmentNumber": "82", 
            "he": "י", 
            "links": [
                {
                    "category": "Tanakh", 
                    "sourceHeRef": "שמות כ״ג:י״ט", 
                    "index_title": "Exodus", 
                    "sourceRef": "Exodus 23:19"
                }, 
                {
                    "category": "Tanakh", 
                    "sourceHeRef": "שמות ל״ד:כ״ו", 
                    "index_title": "Exodus", 
                    "sourceRef": "Exodus 34:26"
                }, 
                {
                    "category": "Tanakh", 
                    "sourceHeRef": "דברים י״ד:כ״א", 
                    "index_title": "Deuteronomy", 
                    "sourceRef": "Deuteronomy 14:21"
                }
            ], 
            "text": ""
        }, 
        {
            "segmentNumber": "83", 
            "he": "ד", 
            "links": [
                {
                    "category": "Tanakh", 
                    "sourceHeRef": "שמות כ״ג:י״ט", 
                    "index_title": "Exodus", 
                    "sourceRef": "Exodus 23:19"
                }, 
                {
                    "category": "Tanakh", 
                    "sourceHeRef": "שמות ל״ד:כ״ו", 
                    "index_title": "Exodus", 
                    "sourceRef": "Exodus 34:26"
                }, 
                {
                    "category": "Tanakh", 
                    "sourceHeRef": "דברים י״ד:כ״א", 
                    "index_title": "Deuteronomy", 
                    "sourceRef": "Deuteronomy 14:21"
                }
            ], 
            "text": ""
        }, 
        {
            "segmentNumber": "84", 
            "he": ",", 
            "links": [
                {
                    "category": "Tanakh", 
                    "sourceHeRef": "שמות כ״ג:י״ט", 
                    "index_title": "Exodus", 
                    "sourceRef": "Exodus 23:19"
                }, 
                {
                    "category": "Tanakh", 
                    "sourceHeRef": "שמות ל״ד:כ״ו", 
                    "index_title": "Exodus", 
                    "sourceRef": "Exodus 34:26"
                }, 
                {
                    "category": "Tanakh", 
                    "sourceHeRef": "דברים י״ד:כ״א", 
                    "index_title": "Deuteronomy", 
                    "sourceRef": "Deuteronomy 14:21"
                }
            ], 
            "text": ""
        }, 
        {
            "segmentNumber": "85", 
            "he": "כ", 
            "links": [
                {
                    "category": "Tanakh", 
                    "sourceHeRef": "שמות כ״ג:י״ט", 
                    "index_title": "Exodus", 
                    "sourceRef": "Exodus 23:19"
                }, 
                {
                    "category": "Tanakh", 
                    "sourceHeRef": "שמות ל״ד:כ״ו", 
                    "index_title": "Exodus", 
                    "sourceRef": "Exodus 34:26"
                }, 
                {
                    "category": "Tanakh", 
                    "sourceHeRef": "דברים י״ד:כ״א", 
                    "index_title": "Deuteronomy", 
                    "sourceRef": "Deuteronomy 14:21"
                }
            ], 
            "text": ""
        }, 
        {
            "segmentNumber": "86", 
            "he": "א", 
            "links": [
                {
                    "category": "Tanakh", 
                    "sourceHeRef": "שמות כ״ג:י״ט", 
                    "index_title": "Exodus", 
                    "sourceRef": "Exodus 23:19"
                }, 
                {
                    "category": "Tanakh", 
                    "sourceHeRef": "שמות ל״ד:כ״ו", 
                    "index_title": "Exodus", 
                    "sourceRef": "Exodus 34:26"
                }, 
                {
                    "category": "Tanakh", 
                    "sourceHeRef": "דברים י״ד:כ״א", 
                    "index_title": "Deuteronomy", 
                    "sourceRef": "Deuteronomy 14:21"
                }
            ], 
            "text": ""
        }, 
        {
            "segmentNumber": "87", 
            "he": ")", 
            "links": [
                {
                    "category": "Tanakh", 
                    "sourceHeRef": "שמות כ״ג:י״ט", 
                    "index_title": "Exodus", 
                    "sourceRef": "Exodus 23:19"
                }, 
                {
                    "category": "Tanakh", 
                    "sourceHeRef": "שמות ל״ד:כ״ו", 
                    "index_title": "Exodus", 
                    "sourceRef": "Exodus 34:26"
                }, 
                {
                    "category": "Tanakh", 
                    "sourceHeRef": "דברים י״ד:כ״א", 
                    "index_title": "Deuteronomy", 
                    "sourceRef": "Deuteronomy 14:21"
                }
            ], 
            "text": ""
        }, 
        {
            "segmentNumber": "88", 
            "he": ".", 
            "links": [
                {
                    "category": "Tanakh", 
                    "sourceHeRef": "שמות כ״ג:י״ט", 
                    "index_title": "Exodus", 
                    "sourceRef": "Exodus 23:19"
                }, 
                {
                    "category": "Tanakh", 
                    "sourceHeRef": "שמות ל״ד:כ״ו", 
                    "index_title": "Exodus", 
                    "sourceRef": "Exodus 34:26"
                }, 
                {
                    "category": "Tanakh", 
                    "sourceHeRef": "דברים י״ד:כ״א", 
                    "index_title": "Deuteronomy", 
                    "sourceRef": "Deuteronomy 14:21"
                }
            ], 
            "text": ""
        }
    ], 
    "book": "Mishneh Torah, Negative Mitzvot", 
    "prev": null, 
    "textDepth": 1, 
    "sectionNames": [
        "Mitzvah"
    ], 
    "sections": [
        186
    ], 
    "isComplex": false, 
    "titleVariants": [
        "Mishneh Torah, Negative Mitzvot", 
        "Mishneh Torah, Mitzvot Lo Taseh", 
        "Rambam, Negative Mitzvot", 
        "Rambam, Mitzvot Lo Taseh"
    ], 
    "categories": [
        "Halakhah", 
        "Mishneh Torah", 
        "Introduction"
    ], 
    "ref": "Mishneh Torah, Negative Mitzvot 186", 
    "type": "Halakhah", 
    "addressTypes": [
        "Integer"
    ], 
    "indexTitle": "Mishneh Torah, Negative Mitzvot", 
    "heIndexTitle": "משנה תורה, מצוות לא תעשה", 
    "alts": [], 
    "order": [
        3, 
        3
    ]
}