{
    "title": "Tosafot Yom Tov on Mishnah Taanit", 
    "heTitleVariants": [
        "תוספות יום טוב על משנה תענית"
    ], 
    "heTitle": "תוספות יום טוב על משנה תענית", 
    "titleVariants": [
        "Tosafot Yom Tov on Mishnah Taanit"
    ], 
    "categories": [
        "Commentary2", 
        "Mishnah", 
        "Tosafot Yom Tov"
    ], 
    "schema": {
        "nodes": [
            {
                "nodeType": "JaggedArrayNode", 
                "title": "Taanit, Introduction", 
                "addressTypes": [
                    "Integer"
                ], 
                "heTitle": "תענית, הקדמה", 
                "depth": 1, 
                "titles": [
                    {
                        "lang": "en", 
                        "text": "Taanit, Introduction", 
                        "primary": true
                    }, 
                    {
                        "lang": "he", 
                        "text": "תענית, הקדמה", 
                        "primary": true
                    }
                ], 
                "key": "introTaanit", 
                "heSectionNames": [
                    "פסקה"
                ], 
                "sectionNames": [
                    "Paragraph"
                ]
            }, 
            {
                "nodeType": "JaggedArrayNode", 
                "title": "", 
                "default": true, 
                "addressTypes": [
                    "Integer", 
                    "Integer", 
                    "Integer"
                ], 
                "heTitle": "", 
                "depth": 3, 
                "key": "default", 
                "heSectionNames": [
                    "פרק", 
                    "משנה", 
                    "פירוש"
                ], 
                "sectionNames": [
                    "Perek", 
                    "Mishnah", 
                    "Comment"
                ]
            }
        ], 
        "titles": [
            {
                "lang": "he", 
                "text": "תוספות יום טוב על משנה תענית", 
                "primary": true
            }, 
            {
                "lang": "en", 
                "text": "Tosafot Yom Tov on Mishnah Taanit", 
                "primary": true
            }
        ], 
        "heTitle": "תוספות יום טוב על משנה תענית", 
        "key": "Tosafot Yom Tov on Mishnah Taanit", 
        "title": "Tosafot Yom Tov on Mishnah Taanit"
    }
}