{
    "heTitleVariants": [
        "פלא יועץ"
    ], 
    "heTitle": "פלא יועץ", 
    "heRef": "פלא יועץ ד׳", 
    "toSections": [
        4
    ], 
    "sectionRef": "Pele Yoetz 4", 
    "next": "Pele Yoetz 5", 
    "content": [
        {
            "segmentNumber": "1", 
            "he": "אהבת איש ואשה - אהבת איש ואשה הוא דבר שבחובה שיהא ביניהם אהבה עזה. ונתחיל באהבת איש לאשתו, כי ידוע מאמר חז''ל שאמרו (יבמות סב, ב), שחיב לאהבה כגופו ולכבדה יותר מגופו. אפס כי לא ימנע באהבתו אותה מעבודת השם יתברך. וכבר הזהיר התנא (אבות א, ה) אל תרבה שיחה עם האשה. באשתו אמרו, שכל המרבה שיחה עם האשה גורם רעה לעצמו ובוטל מדברי תורה וסופו יורש גיהנם. ואמרו רבותינו ז\"ל (ב''מ נט, א): ההולך אחר עצת אשתו נופל בגיהנם. אי לזאת כל ערום יעשה בדעת, וכמו שאמרו (סנהדרין קז ב), שתהא שמאל דוחה וימין מקרבת. ועקר האהבה היא אהבת הנפש, ועליו מטל להוכיחה בנעם שיח, ולהדריכה בדרכי הצניעות, ולהרחיקה מלשון הרע וכעס וקללות והזכרת השם לבטלה וכהנה סדר נשים סדר נזיקין, ולהזהירה בדקדוקי המצוות, ובפרט בכל תפלות וברכות הנהנין ושמירת שבת וכדומה. ומה טוב ומה נעים ללמד לה דברי מוסר ולהגיד לה דברי חז''ל בכל הענינים הנוגעים לה וחמר שבהן, כי אז יחרד לבה ותזהר יותר מן האיש: ", 
            "links": [
                {
                    "category": "Talmud", 
                    "sourceHeRef": "יבמות ס״ב ב", 
                    "sourceRef": "Yevamot 62b", 
                    "ref": "Yevamot 62b"
                }, 
                {
                    "category": "Talmud", 
                    "sourceHeRef": "סנהדרין ק״ז ב", 
                    "sourceRef": "Sanhedrin 107b", 
                    "ref": "Sanhedrin 107b"
                }, 
                {
                    "category": "Mishnah", 
                    "sourceHeRef": "משנה אבות א׳:ה׳", 
                    "sourceRef": "Pirkei Avot 1:5", 
                    "ref": "Pirkei Avot 1:5"
                }
            ], 
            "text": ""
        }, 
        {
            "segmentNumber": "2", 
            "he": "והנה לא צריכא למימר למי שהיתה לו מה' אשה משכלת ומצא אשה טובה, כי בודאי חוט של חסד משוך עליה וחביבה על בעלה. אמנם ביותר צריך לזהר גברא דנפל בחלקה גרמא בישא, אשה קשה, הוא עומד בנסיון גדול וצריך חזק להתנהג עמה בשלום ורעות לכבוד השכינה, כי הדברים עתיקים. ויתן אל לבו כי בארזים נפלה שלהבת (מוע''ק כה, ב) עד שאמרו (יבמות סג א): דינו שמצילות אותנו מן החטא קלות, ואמרו אנשי: אשה שערה ארך ודעתה קצר, לכן ממנו צריך שיבוא השכל. ואם עוברת על דעתו ומכעיסתו, ישמר רוחו לבל יכעס עליה, ואין צריך לומר לבזותה ולקללה ולהכותה, חלילה וחס, כי זה מנהג בורים וריקים ופוחזים, ונפשו הוא חובל, רק בפה רך וחך מתוק יוכיחנה, ועל כל פנים על יסבל ויהיה עלוב ולא עולב, ויקבל עליו דין שמים בשמחה, כי מה' אשה לאיש. ולפי מאמר רבותינו זכרונם לברכה (עירובין מא, ב), שאמרו, שמי שיש לו אשה רעה אינו רואה גיהנם, היה ראוי לבקש אשה רעה אם היה יכול לעמד בנסיון לפי חמר דין גיהנם, וכיון שעומד בנסיון לא יירש תרתי גיהנם, אלא יקבל באהבה ויקבל שכר טוב בעמלו: ", 
            "links": [
                {
                    "category": "Talmud", 
                    "sourceHeRef": "יבמות ס״ג א", 
                    "sourceRef": "Yevamot 63a", 
                    "ref": "Yevamot 63a"
                }, 
                {
                    "category": "Talmud", 
                    "sourceHeRef": "עירובין מ״א ב", 
                    "sourceRef": "Eruvin 41b", 
                    "ref": "Eruvin 41b"
                }
            ], 
            "text": ""
        }, 
        {
            "segmentNumber": "3", 
            "he": "וגם צריך להתחזק לעורר את האהבה למען לא יהיו בניו בני שנואה, חס ושלום, ולפום צערא אגרא (אבות). והגדר למנע דברי ריבות מביתו הוא שלא לדקדק כל כך בהוצאות הבית על כל פרוטה ופרוטה, כי קשה כשאול אשה רעותה קנאה. לכן איש אשר כברכתו ירבה כבוד ביתו דבר בעתו, ויפיס את אשתו, כי אין הברכה שורה בתוך ביתו אלא בשביל אשתו (ב''מ נט א), וגדול שלום הבית עד שהתר למחק השם הגדול לתן שלום בין איש לאשתו (נדרים סו, ב). לכן לו בכח יגבר איש להעביר רעה מביתו ולהשרות שכינה בביתו: ", 
            "links": [
                {
                    "category": "Talmud", 
                    "sourceHeRef": "נדרים ס״ו ב", 
                    "sourceRef": "Nedarim 66b", 
                    "ref": "Nedarim 66b"
                }
            ], 
            "text": ""
        }, 
        {
            "segmentNumber": "4", 
            "he": "ומכלל האהבה שלא ירחיק נדד בדרך רחוקה זמן וזמנים, כי מלבד שהוא גורם רעה לעצמו, כאשר נבאר בערך ''מחשבה'' בסיעתא דשמיא, עוד בה צערא דגופא לאשתו, כי עזה כמות אהבה (שיר השירים ח ו), ובהפרד ממנה בעלה היא עניה צוער''ה, חיי צער תחיה. ולפחות יזהר לפיסה בדברים באגרת שלומים למרס בדם האהבה, ואשר תשיג ידו הן ישלח איש כפעם בפעם מתנות וחפצים להחיות לב נדכאים ולשמח את נפש אשתו ולהפיג צערה, ולמצוה רבה תחשב אם מעט ואם הרבה: ", 
            "links": [
                {
                    "category": "Tanach", 
                    "sourceHeRef": "שיר השירים ח׳:ו׳", 
                    "sourceRef": "Song of Songs 8:6", 
                    "ref": "Song of Songs 8:6"
                }
            ], 
            "text": ""
        }, 
        {
            "segmentNumber": "5", 
            "he": "וביותר יגדל החיוב על האשה לאהב את בעלה ולכבדו כמלך בגדוד ולירא ממנו ולמלאת חפצו ורצונו בכל כחה, וכל מגמתה ודעתה צריכה להיות, להשתדל לרדת לסוף דעת בעלה ולדעת מה חפצו, ולעשות רצונו כרצונו למען תמצא חן בעיניו. ועקר האהבה היא אהבת הנפש תמסר נפשה לסיעו בעבודת השם יתברך שמו, כי זה חלקה. ובמתק שפתיה תדבר אליו אם צריכה להדריכו בדרך טובה, ולנחמו בעת צרתי. ותקום בעוד לילה לעררו ולעבדו שכם אחד לעבודת השם יתברך שמו, ואין צריך לומר שתזהר בכל עז שלא להיות גרמא בנזיקין שיתבטל מעבודת השם יתברך שמו בעבורה, חס ושלום, כי האשה ההיא תשא את עונה. מה אדבר, כי לא כל הדעות שוות, רק הכל לפי מה שהוא אדם צריכה להתנהג עמו לפי מדותיו בחן ושכל טוב כדי שיהא זווגן עולה יפה באהבה ואחוה. חכמות נשים בנתה ביתה (משלי יד א), ואשה יראת ה' היא תתהלל (שם לא ל). כי מלבד שצריכה להיות צנועה, כל כבודה בת מלך פנימה (תהלים מה יד), למען לא תחטיא את האנשים בעינא ולבא, וצריכה להיות מתקשטת לבעלה וזהירה בנקיות וטהרה ובסדר ההוצאה למען לא יחטא בעלה בהיות נותן עיניו באחרת, אך גם זאת מעשיה יקרבוה ותהי נושאת חן בעיני בעלה: ", 
            "links": [
                {
                    "category": "Tanach", 
                    "sourceHeRef": "משלי י״ד:א׳", 
                    "sourceRef": "Proverbs 14:1", 
                    "ref": "Proverbs 14:1"
                }, 
                {
                    "category": "Tanach", 
                    "sourceHeRef": "תהילים מ״ה:י״ד", 
                    "sourceRef": "Psalms 45:14", 
                    "ref": "Psalms 45:14"
                }
            ], 
            "text": ""
        }, 
        {
            "segmentNumber": "6", 
            "he": "והנה אשה אשר בחיק ירא אלהים תנתן ומה גם אם תמצא תורה וגדלה, הא ודאי פשיטא שתכבדנו ותאהבנו אהבה עזה, אמנם ביותר צריך לזרז לאשה שנפל בחלקה איש קשה במדותיו ובדעותיו, נבזה וחדל אישים, חסר כל טוב לא משום זה יקל כבודו בעיניה ותבוז לו בלבה, חס ושלום, רק על כל פנים תזהר בכבודו, כטוב כחוטא, כנקלה כנכבד, כי דבר המלך מלכו של עולם עליה, ומה לה בהדי כבשי דרחמנא, כי אלקים מושיב יחידים והוא מזוג זווגים, על כן כל מה שמטל עליה לעשות, תעשה. הא למה זה דומה, לאיש אשר המלך חפץ ביקרו ועשאו משנה למלך, שכל העם חיבים לנהג בו כבוד אפלו אם הוא איש צרוע או זב כן הדבר הזה. וכאשר תזהר האשה במצות נדה חלה והדלקת הנר, כן תזהר בכבוד בעלה, כי כן צוה לה המלך, ויגדל שכרה כאשר מעשיה מוכיחים שעושה הדברים לשם פעלם ומקימת גזרת מלכו של עולם. ואמרו רבותינו ז''ל (תנדא' ר ט): אין לך אשה כשרה בנשים אלא מי שעושה רצון בעלה. וכל הנשים תוסרנה ממעשה שהובא בש''ס (נדרים סו! ב) גבי בבא בן בוטא באותה אשה שחלקה כבוד לבעלה והכתה על ראש בבא בן בוטא על שעשתה רצון בעלה. על כן כל הנשים יתנו יקר לבעליהן למגדול ועד קטן (אסתר א כ): ", 
            "links": [
                {
                    "category": "Talmud", 
                    "sourceHeRef": "נדרים ס״ו א", 
                    "sourceRef": "Nedarim 66a", 
                    "ref": "Nedarim 66a"
                }, 
                {
                    "category": "Tanach", 
                    "sourceHeRef": "אסתר א׳:כ׳", 
                    "sourceRef": "Esther 1:20", 
                    "ref": "Esther 1:20"
                }
            ], 
            "text": ""
        }, 
        {
            "segmentNumber": "7", 
            "he": "ויש נשים חסרות מדע, שעושות מריבה עם בעליהן על צרכי הבית שאינו מביא, והוא שטות גדולה. ממה נפשך: אם הבעל עני ואין ידו משגת דיו צערו ודחקו ובשתו וכלמתו, שמתביש לגלות לאשתו שאין ידו משגת. וצריכה האשה להיות בעלת שכל ולא תוסיף צער על צערו, אלא אדרבא, תנחמהו בנעם שיח שפתותיה ותאמר לו: אל תצטער על חסרון כיס, כי לא יזנח לעולם ה' ויבואו ימים אשר יש בהם חפץ, שנשבע לחם ונהיה טובים, או יהיה נחת שלחננו מלא דשן לעולם הבא, כי לא כל אדם זוכה לשתי שלחנות, והעולם הזה הבל וריק, יקום אבי אכל בשמחה לחמך, כי גם על הלחם לבדו יחיה האדם. וכהנה דברים טובים תדבר לו בחן וחסד, עד שיהא שמח ויתן הודאה על חלקו, גרמא טבא דנפל בחולקיה: ", 
            "links": [], 
            "text": ""
        }, 
        {
            "segmentNumber": "8", 
            "he": "ואם הרחיב ה' את גבול בעלה ואף על פי כן הוא מקמץ בצרכי הבית או מאחר להביאם מחמת איזו סבה מה אכפת לה את אשר הביא תתן לפניו ויאכל. האם יוכל לומר לה למה לא עשית לי מטעמים כאשר אהבתי, תאמר לו מאין לי לעשות את אשר לא הבאת. ואם על מלבושים ותכשיטין ותענוגות בני אדם עושה מריבה, גם זה הבל ורעות רוח, כי טוב פת חרבה ושלוה בה (משלי יז א). ואם השם הגדול שנכתב בקדשה התר למחק מפני שלום הבית (נדרים סו, ב), על אחת כמה וכמה שצריכים איש ואשה למחל ולבטל רצונם מפני שלום הבית. וצריכה האשה לחוש שמא בעלה אינו כל כך אמיד כפי שחושבת היא ואין רצונו לומר לה שאין ידו משגת, שחושב שבזה מתרע מזלה, וכדומה טענות מספיקות שיש לו שלא למלאת רצונה. לכן לא תדחק את השעה ולא תעבירנו על דעתו להרבות בהוצאה על כרחו שלא בטובתו. וכן צריכה האשה לחוש כשבעלה כועס עליה על לא דבר, שמא היה לו שום צער בשוק ומרב שיחו וכעסו דבר עד הנה, כדאמרי אנשי: יכול או לא יכול עם אשתו מתקוטט. וצריכה לסבל, ולא תכעיסנו ולא תצערנו יותר: ", 
            "links": [
                {
                    "category": "Tanach", 
                    "sourceHeRef": "משלי י״ז:א׳", 
                    "sourceRef": "Proverbs 17:1", 
                    "ref": "Proverbs 17:1"
                }, 
                {
                    "category": "Talmud", 
                    "sourceHeRef": "נדרים ס״ו ב", 
                    "sourceRef": "Nedarim 66b", 
                    "ref": "Nedarim 66b"
                }
            ], 
            "text": ""
        }, 
        {
            "segmentNumber": "9", 
            "he": "וזה כלל גדול, כי יהיה ריב בין אנשים או בין איש לאשתו, והאחד היה פוטר מים ראשית מדון (משלי יז יד), ויצא מן השורה ופער פיו לבלי חק, לו בכח יגבר שכנגדו שלא להשיבו דבר בשעת כעסו מטוב עד רע, אלא ימתין עד יעבר זעם, ואחר עבר יום או יומים אז יוכיחנו על פניו בשלום ובמישור ובלשון רכה, ויאמר לו: מדוע ככה עשית? מה פשעי מה חטאתי כי דלקת אחרי וכעסת עלי גם כעס על לא חמס בכפי? הייטב בעיני ה'? וכדומה דברים טובים. עושה זאת אוהב שלום ורודף שלום, והיה שלום בחילו שלוה בארמנותיו. הן הם מקימי עולם. כמאמר רבותינו ז''ל (חולין פט א) על פסוק (איוב כו ז) תולה ארץ על בלימה, שהעולם מתקים על מי שבולם פיו בשעת מריבה, כי בזה יהיה המחלקת עקר שאינו מוליד: ", 
            "links": [
                {
                    "category": "Tanach", 
                    "sourceHeRef": "משלי י״ז:י״ד", 
                    "sourceRef": "Proverbs 17:14", 
                    "ref": "Proverbs 17:14"
                }, 
                {
                    "category": "Talmud", 
                    "sourceHeRef": "חולין פ״ט א", 
                    "sourceRef": "Chullin 89a", 
                    "ref": "Chullin 89a"
                }, 
                {
                    "category": "Tanach", 
                    "sourceHeRef": "איוב כ״ו:ז׳", 
                    "sourceRef": "Job 26:7", 
                    "ref": "Job 26:7"
                }
            ], 
            "text": ""
        }, 
        {
            "segmentNumber": "10", 
            "he": "ואשה אשר נפל בגורלה איש רע ובליעל, מכה ומקלל, דורס ובועל תקבל עליה דין שמים, ותסבל ולא תבל לכפר על נפשה, כי טוב שכרה לעולם הבא. ואשת חיל אשה משכלת לא תגלה חרפת בעלה ורע מזגו וטבעו לבריות, וקולה לא ישמע, למען לא יתבזה בעלה ולא יוסיף לשנא אותה על אשר גלתה את חרפתו, כי אז יעשן אפו, וחמתו בערה בו, ויוסיף להכותה על אלה מכה רבה, וכל שכן שלא תגלה לאביה ואמה ואחיה שום דבר מרעתה ודחקה וצערה, כי מה בצע לה בצער אביה ואמה ואחיה, שיצטערו צער בנפש, עוד שאש תוקד בקרבם על צרת הבת, ויצאו לקראת נשק, ויעשו מריבה עם בעלה עד שתהא שלהבת המחלקת עולה, והאשה ההיא תשא את עונה, ואוכלת פרות בעולם הזה, שתהא שנואה מבעלה ויוסיף להרע לה על אשר גלתה דברים שבינו לבינה: ", 
            "links": [], 
            "text": ""
        }, 
        {
            "segmentNumber": "11", 
            "he": "ולכן אביה ואמה וקרוביה, אם דעת ותבונה בהמה, אף אם הגד להם רעת הבת כי רבה, יעשו עצמם כאלו לא ידעו כלל, ויקבלו את בעלה בסבר פנים יפות לטובת בתם. ואף אם ירצו להשמיע קולם ולהוכיחו על פניו, יבקשו אפן להראות כאלו הקול נשמע מן השכנים, ששמעו בעד החלון, וכדומה. והיותר טוב שלא תגלה כלל כמו שאמרנו, כדי שלא לצערם ושלא ישנאו אותו בלבם, אלא תהיה ככלה שנמצאת שלמה בבית חמיה ורדופה לילך להגיד שבחה בבית אביה, ותאמר להם שהכל טוב לה בביתה, ולמצוה תחשב לה שתשמח לב אביה ואמה וקרוביה, וראויה היא שתגן לתן לה אחרית טוב. ויותר שתוכיח אותו היא בעצמה בעת רצון בנעם שיח, בחן וחסד, בודאי עושים פרות יותר, כי באמת אמרו (משלי כה, טו): לשון רכה תשבר גרם. וגם תשפך נפשה לפני ה' מדי יום ביום, אולי יחנן ה' לה ותפלתה תעשה פרות להחזיר את בעלה לדרך טובה, והיא גם היא תמצא מנוחה: ", 
            "links": [
                {
                    "category": "Tanach", 
                    "sourceHeRef": "משלי כ״ה:ט״ו", 
                    "sourceRef": "Proverbs 25:15", 
                    "ref": "Proverbs 25:15"
                }
            ], 
            "text": ""
        }, 
        {
            "segmentNumber": "12", 
            "he": "ומכלל אהבת אשה לבעלה הוא, שתתפלל עליו לפני ה', כי תפלת האשה מתוך שלבה רך ודמעתה מצויה, אם צועקת היא אל ה' מתוך קירות לבה בודאי תפלתה תעשה פרות. וכן צריכה האשה להתפלל על בניה, כי בשלום בעלה ובניה יהיה לה שלום, ומי יחוס עליהם יותר ממנה. (ואם יהיה אלקים עמדי ואסדר קנטרס סדר נשים כאשר עם לבבי, אכתב גם תפלות שיכות לנשים בסיעתא דשמיא.) כל קבל דנא תזהר ותשמר האשה שלא למסר דין על בעלה ושלא להוריד עליו דמעות, דנהי שעליו מטל יותר לזהר כמאמר רבותינו ז''ל שאמרו (ב''מ נט, א): לעולם יהא אדם זהיר באונאת אשתו, שמתוך שדמעתה מצויה אונאתה קרובה לבוא פרענות על המאנה אותה ומצערה, אבל גם היא תתן אל לבה, שאם רעה תבוא על בעלה, חס ושלום, היא נוטלת חלק בראש ונפשה היא חובלת. וכל העם ישמעו וייראו ממעשה שהובא בש''ס (כתובות סב, ב) באשת רב פלוני, שהיתה מצפה אל בעלה שיבוא מן הדרך, ואחר ולא בא, והורידה עליו שתי דמעות מתוך צערה, ותכף מת בעלה על ידה, אף על פי שהוא לא עשה עמה רעה ולא נתכון לצערה. וכמדמה שיש רגע באפו שגורם שימות האדם על סבה קלה, רחמנא לצלן. לכן יחרדו בנים שלא לצער נשותיהם, ותאחזמו רעד לנשים שלא להוריד דמעה על בעליהן, כי אם לבקש רחמים עליהן. הן אלה קצות דרכי הישר לאיש ואשה שזכו, ישמע חכם ויוסף לקח. וכבר יש בספר ''שבט מוסר'' למורנו הרב אליהו הכהן, זכרונו לברכה, פרק א' בסדר הנהגת איש ואשה, יעין שם, וכה יעשו וכה יוסיפו להתנהג זה עם זה בדרך טובים על פי מדותיהם, למען תהיה שכינה שרויה ביניהם בהיות שלום באהליהם: ", 
            "links": [
                {
                    "category": "Talmud", 
                    "sourceHeRef": "כתובות ס״ב ב", 
                    "sourceRef": "Ketubot 62b", 
                    "ref": "Ketubot 62b"
                }
            ], 
            "text": ""
        }, 
        {
            "segmentNumber": "13", 
            "he": "ומצוה זו מטלת על אביה ואמה של האשה ליעצה קדם נשואין ואחר כך, שתעשה כדברים האלה וכזאת וכזאת, ושתזהר מאד בכבוד בעלה וכבוד חמיה וחמותה ואחים ואחיות של בעלה ונשי אחים ובעלי אחיות וכל קרוביו לכבוד ה' שצוה עליה שתזהר בכבוד בעלה, וכל מה שתכבד את קרובי בעלה עבידת ניח רוחא לבעלה, ותמצא חן בעיניו, ולמצוה יחשב לה. וכבר מלתא אמורה, שאין צריך לזרז להיות אוהב שלום ורודף שלום אלא למי שהשלום בורח ממנו ויש לו טענות מספיקות לעשות ריב ומדון, עליו המצוה הזאת להיות רודף שלום לכבוד אדון השלום. אבל צריך לזרז את האשה שלא תקל ראש ולא תרבה שיחה ושחוק וקלות ראש וכל שכן שאר קריבות דעת עם קרובי בעלה, אלא תהיה בבית חמיה כבודה וצנועה מבית ומחוץ, ולא תחטיא לשום אדם, כי על עברות כאלה נשים מתות ילדות או יולדות בנים משחיתים או בנים ובנות מתים כשהם קטנים, אבל הנזהרים זוכים לזרע אנשים, כשרים וקדושים, ויגיעו להיות ישישים, שמחים וששים:  ", 
            "links": [], 
            "text": ""
        }
    ], 
    "book": "Pele Yoetz", 
    "prev": "Pele Yoetz 3", 
    "textDepth": 2, 
    "sectionNames": [
        "Chapter", 
        "Paragraph"
    ], 
    "sections": [
        4
    ], 
    "isComplex": false, 
    "titleVariants": [
        "Pele Yoetz"
    ], 
    "categories": [
        "Musar"
    ], 
    "ref": "Pele Yoetz 4", 
    "type": "Musar", 
    "addressTypes": [
        "Integer", 
        "Integer"
    ], 
    "indexTitle": "Pele Yoetz", 
    "heIndexTitle": "פלא יועץ", 
    "alts": [], 
    "order": ""
}