{
    "heTitleVariants": [
        "פלא יועץ"
    ], 
    "heTitle": "פלא יועץ", 
    "heRef": "פלא יועץ קנ״א", 
    "toSections": [
        151
    ], 
    "sectionRef": "Pele Yoetz 151", 
    "next": "Pele Yoetz 152", 
    "content": [
        {
            "segmentNumber": "1", 
            "he": "טרדא - טרדא הוא דבר המפסיד כל העבודה, והאדם השלם מבעי לה למיתב דעתה וישליך על ה' יהבו, ובעת הבא לו טרדת הלב, יחשב באהבת ויראת ה', וידמה לאדם, שיש לו עסק להרויח אלף אלפים דינרי זהב, שאם קוראים אותו למקום אחר להרויח פרוטה, יתן בקולו קול עז ויאמר הניחו לי שאיני מפנה, יש לי עסק רב, ואיני חושש על אבדת פרוטה, שאין לי פנאי להשגיח עליה. ומה גם שאם הוא ישא משא דבר ה', השם יתברך ישא משאו, וקוי ה' יחליפו כח (ישעיה מ לא). וכבר אמרו במדרש (שוחר טוב תהלים י''ז) משל על זה, שאחד היה יושב בטבריה, והיה לו שדה בצפורי, ואחד מצפורי היה לו שדה בטבריה, עד שאמרו זה לזה שמר לי ואשמר לך. כך היראת שמים הוא בארץ, שהכל בידי שמים חוץ מיראת שמים, והלחם מן השמים. אמר הקדוש ברוך הוא שמר לי ואשמר לך. ויסתכל האדם על בניו ובני ביתו, איך אינם מטרידים דעתם על הפרנסה ועל שום דבר להיותם סמוכים על אביהם, שהוא בשר ודם, כמוהו כמוהם, ואומרים מה לנו ולצרה, אבינו שיחיה. אנו, שיש לנו לסמך ולהשען על אבינו שבשמים על אחת כמה וכמה, כזאת וכזאת החי יתן אל לבו, וחיי נחת יחיה, וידבק בקונו ובעבודת השם יתברך שמו: ", 
            "links": [
                {
                    "category": "Tanakh", 
                    "sourceHeRef": "תהילים י״ז", 
                    "index_title": "Psalms", 
                    "sourceRef": "Psalms 17"
                }, 
                {
                    "category": "Tanakh", 
                    "sourceHeRef": "ישעיהו מ׳:ל״א", 
                    "index_title": "Isaiah", 
                    "sourceRef": "Isaiah 40:31"
                }
            ], 
            "text": ""
        }
    ], 
    "book": "Pele Yoetz", 
    "prev": "Pele Yoetz 150", 
    "textDepth": 2, 
    "sectionNames": [
        "Chapter", 
        "Paragraph"
    ], 
    "sections": [
        151
    ], 
    "isComplex": false, 
    "titleVariants": [
        "Pele Yoetz"
    ], 
    "categories": [
        "Musar"
    ], 
    "ref": "Pele Yoetz 151", 
    "type": "Musar", 
    "addressTypes": [
        "Integer", 
        "Integer"
    ], 
    "indexTitle": "Pele Yoetz", 
    "heIndexTitle": "פלא יועץ", 
    "alts": [], 
    "order": ""
}