[{
    "links": [
        [
            "375:1", 
            "Ezekiel 18:4", 
            "Tanach"
        ], 
        [
            "375:3", 
            "Yevamot 99b", 
            "Talmud"
        ], 
        [
            "375:4", 
            "Deuteronomy 32:31", 
            "Tanach"
        ]
    ], 
    "text": [], 
    "heTitleVariants": [
        "פלא יועץ"
    ], 
    "heTitle": "פלא יועץ", 
    "heRef": "פלא יועץ שע״ה", 
    "toSections": [
        375
    ], 
    "sectionRef": "Pele Yoetz 375", 
    "next": "Pele Yoetz 376", 
    "book": "Pele Yoetz", 
    "prev": "Pele Yoetz 374", 
    "textDepth": 2, 
    "sectionNames": [
        "Chapter", 
        "Paragraph"
    ], 
    "sections": [
        375
    ], 
    "isComplex": false, 
    "titleVariants": [
        "Pele Yoetz"
    ], 
    "categories": [
        "Musar"
    ], 
    "he": [
        "שוגג - החטא בשוגג צריך תשובה מעליתא, ואי לא עבד תשובה ענוש יענש והנפש החוטאת היא תמות (יחזקאל יח ד). ובזמן שהיה בית המקדש קים היה מביא קרבן ועושה תשובה ומתכפר (עי' ירושלמי מכות פ''ג, ה''ו), וגם עתה צריך תשובה ובמקום קרבן ונשלמה פרים שפתינו. והמון העם חושבים שכשחטא בשוגג הוא פטור לגמרי, דמאי הוה לה למעבד, ואף אם מצטער מעט תכף חלף הלך צערו, וזה אפלו על המזיד. ויותר אדם מצטער על אבדת זוז אחד ממה שמצטער על עברה אחת, וזה מחמת שבעוונותינו הרבים עינינו חשכו מראות ברע אשר גרמנו מה למעלה. ולפי האמת ראוי להצטער ולהתמרמר על העברה צער בנפש, יותר ויותר מעל פרידת נפשו מגופו. וכמו שההורג בנו יחידו בשוגג, בשרו עליו יכאב ונפשו עליו תאבל, כן ביותר צריך להצטער על העברה בשוגג. וכמו שהשופך קיתון של שמן על בגדיו החמודות אפלו בשוגג, בגדיו מתלכלכים, ואם הם בגדי המלך, ענוש יענש אשר לא פקח עיניו ולא נזהר בזהירות מרבה, ואם היה באנס, נהי שלא יענש, אבל על כל פנים צריך הוא לתקן את אשר עות ולכבס הבגדים היטב ולתקנם ולהחזירם לקדמותם, כן הדבר הזה, שהחוטא במזיד יגדל ענשו על אשר זדון לבו השיאו להכעיס את המלך בפניו ולהמרות את פיו וללכלך היכלו ומלבושיו בצואת עוונותיו, ופגם בשמות ועולמות וקלקל צנורות השפע וכהנה רעות רבות שגורם החוטא. על הכל ענוש יענש ביסורים קשים ומרים. ואם רוצה לנצל צריך לסגף עצמו ולקבל עליו יסורין כאשר יוכל שאת, ואם יבואו לו יסורין מן השמים יקבלם באהבה ושמחה: ", 
        "וגם צריך לתקן את אשר עותו, על ידי ודוי וחרטה ועזיבת החטא, ולסבל עוד יסורין כדי לטהר את אשר פגם ולתקן את אשר עות, באפן שצריך יסורין משני פנים, אחד, על דעבר על מימרא דרחמנא. ואחד לתקן את אשר עותו ולרחץ צואת עוונותיו ולטהר את אשר פגם וכדומה, ולהחזיר הדבר לקדמותו. ואם החטא הוא בשוגג, נהי נמי שענוש יענש על אשר לא היה יראת השם על פניו להזהר בזהירות יתרה ולעמד על המשמר להשמר מן החטא כמפני חרב, ולא חתר ולא השתדל לידע את האסור כדי לפרש ממנו, אבל לא יגדל ענשו כל כך כמו החוטא במזיד, אבל על כל פנים צריך לתקן את אשר עותו כמו החוטא במזיד: ", 
        "וצריך להצטער על השוגג ועל האנס צער נוסף, כי הוא לאות ולמופת שנפשו לא מטהרה, שהרי אין הקדוש ברוך הוא מביא תקלה אפלו על ידי בהמתן של צדיקים, כל שכן צדיקים עצמם (יבמות צט, ב), ומגלגלין זכות על ידי זכאי וחובה על ידי חיב, והחוטא בשוגג, סוף שיחטא במזיד שעברה גוררת עברה. וראוי לאדם לשפך נפשו לפני השם, ויאמר האיש הישראלי, אם אני חיב מחמת עוונותי, יותר טוב שייסרני האל יתברך שמו ביסורין קשין על מות ולא שתצא תקלה מתחת ידי, ושיתגלגל חובה על ידי ואכעיס את בוראי חס ושלום, כי זה רע ומר לי יותר מאלף מיתות. והחוטא באנס, נהי שלא יענש דאנוס רחמנא פטרה, אבל על כל פנים הוא צריך לתקן את אשר עותו ולקנח את אשר לכלך, ועל כן אנו אומרים ביום הכפורים בסדר על חטא, על חטא שחטאנו לפניך באנס, שגם האנס צריך תקון בתשובה, ושב ורפא לו: שופטים ושוטרים ", 
        "היא אחת מתרי''ג מצות, למנות בכל עיר ועיר ובכל מדינה ומדינה שופט שישפט בצדקה, ושוטרים שיעמידו דבר המשפט, שאלמלא מוראם של שופטים ושוטרים, איש את רעהו חיים בלעו, כי הולכים אצל אויבינו פלילים, ומלבד דאיכא אסור גדול בדבר, שהמביא דיני ישראל לפני עכו''ם, מחלל את השם ומיקר את האלילים להשביחם, שנאמר (דברים לב לא) כי לא כצורנו צורם ואיבינו פלילים, כשאויבינו פלילים, זהו עדית לעלוי יראתם, כך אמרו רבותינו ז''ל והביאו רש''י ז''ל בריש פרשת משפטים, ועוד בה רעה חולה שכל דיניהם עקש ופתלתול, ודעתיהו אפרוטה מאן דיהב יותר נצח בדינא, ונמצא שמתרבה הגזל ומלאה הארץ חמס. לכן חיובא רמיא למנות שופט, ואפלו אם לא יש חכם בעיר, ימנו שלגשה הדיוטות יראי השם, על פיהם יהיה כל דבר משפט אשר יהיה בין איש ובין רעהו ולא יניחו לבני ישראל לילך לדון בערכאות של גויים, ואם איזה איש בליעל יצא מן השורה ויוליך את חברו לערכאות של גויים, יכוהו ויכתוהו וירדפוהו עד החרמה, כמו שפסק מרן בשלחן ערוך, חשן משפט סימן שפ''ח. ואוי לו לדור שכך עלתה בימיו, שיש ערים גדולות בערי אדום שיש בהן אלפי רבבות ישראל ונשתכחה תורה מביניהם ואין דנים אלא בערכאות של גוים ונעשה להם כהתר, השם הטוב יכפר בעדם: ", 
        "ודינו שבעוונותינו הרבים אין לנו שוטרים להעמיד הדת וצריכים אנו להשתמש לכף על ידי עכו''ם אויבינו פלילים, ואין אנחנו יכולים לקים מצות שוטרים, כי אם על ידי גדולי הקהל, ואשר יש להם יד ושם וקרבת דעת עם השררה ועם השופטים, שיעמדו לימין השופט להקים דגל התורה, ואשר לא ישמע לקול השופט יכפוהו על ידי חרמות ונדויים או על ידי גוים. ושבח אני מנהג אחינו בני אשכנז שהם מכים וחובטים במקלות וחובשים בבית אסורים ביד ישראל למי שיוצא מן השורה או שאינו מקים דין תורה, ואין מוסרים לא גוף ישראל ולא ממונו ביד עכו''ם, אשריהם מה טוב חלקם, וכבר כתבנו בענין זה לעיל בערך משפט ודין, עין שם: "
    ], 
    "ref": "Pele Yoetz 375", 
    "type": "Musar", 
    "addressTypes": [
        "Integer", 
        "Integer"
    ], 
    "indexTitle": "Pele Yoetz", 
    "heIndexTitle": "פלא יועץ", 
    "alts": [], 
    "order": ""
}]