{
    "heTitleVariants": [
        "תלמוד ירושלמי נדרים"
    ], 
    "heTitle": "תלמוד ירושלמי נדרים ט״ז ב", 
    "content": [
        {
            "segmentNumber": "1", 
            "he": "הדא אמרה הוא זמן מרובה הוא זמן ממועט.  הדא אמרה שלא חשו להערמה.  הדא אמרה שאדם מבקיר וחוזר וזוכה.  הדא פשטא שאלת דר' זעירא דר' זעירא אמר הוא זמן מועט הוא זמן מרובה.  והלה נוטל ואוכל.  ורבי יוסי אוסר.  מאי טעמא דרבי יוסי מפני שקדם נדרו להבקירו הא הבקירו לנדרו לא.  בעון קומי ר' יוסי מפני שקדם נדרו להבקירו.  מה בין שקדם הבקירו לנדרו.  אמר לון לא עלת על דעתו לאסור מה שהבקיר.  אמר רבי יונה הכין קשון קדמוי הא הבקר יחיד לא.  והא תנינן והלה נוטל ואוכל.  ורבי יוסה אוסר.  אמר לון לא עלת על דעתו לאסור מה שהבקיר.  רבי יונה רבי אבא רבי חייה בשם רבי שמעון בן יוצדק המבקיר שדה לעשרה בני אדם אינו חוזר בו.  א\"ר יוסה אתייא כר' מאיר.  ר' מנא בעי מה את אמרת לשלשה לפני שלשה.  על דאת מקשי על רבי מאיר מקשיתה על דרבי יוסי.  מה את אמרת לעשרה לפני עשרה.", 
            "links": [], 
            "text": ""
        }
    ], 
    "heRef": "תלמוד ירושלמי נדרים ט״ז ב", 
    "toSections": [
        "16b"
    ], 
    "sectionRef": "Jerusalem Talmud Nedarim 16b", 
    "title": "Jerusalem Talmud Nedarim 16b", 
    "lengths": [
        79, 
        254
    ], 
    "next": "Jerusalem Talmud Nedarim 17a", 
    "heBook": "תלמוד ירושלמי נדרים", 
    "book": "Jerusalem Talmud Nedarim", 
    "prev": "Jerusalem Talmud Nedarim 16a", 
    "textDepth": 2, 
    "sectionNames": [
        "Daf", 
        "Halakhah"
    ], 
    "sections": [
        "16b"
    ], 
    "isComplex": false, 
    "titleVariants": [
        "Jerusalem Talmud Nedarim", 
        "Yerushalmi Nedarim", 
        "Talmud Yerushalmi Nedarim", 
        "JT Nedarim"
    ], 
    "categories": [
        "Talmud", 
        "Yerushalmi", 
        "Seder Nashim"
    ], 
    "ref": "Jerusalem Talmud Nedarim 16b", 
    "type": "Talmud", 
    "addressTypes": [
        "Talmud", 
        "Integer"
    ], 
    "length": 79, 
    "indexTitle": "Jerusalem Talmud Nedarim", 
    "heIndexTitle": "תלמוד ירושלמי נדרים", 
    "alts": [], 
    "order": [
        27
    ]
}