{
    "sections": {
        "Kessef Mishneh on Mishneh Torah, Tefillin, Mezuzah and the Torah Scroll 10:10": {
            "content": [
                {
                    "segmentNumber": "1", 
                    "links": [
                        {
                            "category": "Halakhah", 
                            "index_title": "Mishneh Torah, Tefillin, Mezuzah and the Torah Scroll", 
                            "sourceHeRef": "משנה תורה, הלכות תפילין ומזוזה וספר תורה י׳:י׳", 
                            "sourceRef": "Mishneh Torah, Tefillin, Mezuzah and the Torah Scroll 10:10"
                        }
                    ], 
                    "he": "<b>מצוה לייחד לס''ת מקום וכו':</b> \n\n"
                }
            ], 
            "heTitle": "כסף משנה על משנה תורה, הלכות תפילין ומזוזה וספר תורה", 
            "indexTitle": "Kessef Mishneh on Mishneh Torah, Tefillin, Mezuzah and the Torah Scroll", 
            "sectionRef": "Kessef Mishneh on Mishneh Torah, Tefillin, Mezuzah and the Torah Scroll 10:10", 
            "prev": "Kessef Mishneh on Mishneh Torah, Tefillin, Mezuzah and the Torah Scroll 10:9", 
            "ref": "Kessef Mishneh on Mishneh Torah, Tefillin, Mezuzah and the Torah Scroll 10:10", 
            "heRef": "כסף משנה על משנה תורה, הלכות תפילין ומזוזה וספר תורה י׳:י׳", 
            "next": "Kessef Mishneh on Mishneh Torah, Tefillin, Mezuzah and the Torah Scroll 10:11"
        }, 
        "Kessef Mishneh on Mishneh Torah, Tefillin, Mezuzah and the Torah Scroll 10:11": {
            "content": [
                {
                    "segmentNumber": "1", 
                    "links": [
                        {
                            "category": "Talmud", 
                            "index_title": "Berakhot", 
                            "sourceHeRef": "ברכות י״ח א", 
                            "sourceRef": "Berakhot 18a"
                        }, 
                        {
                            "category": "Halakhah", 
                            "index_title": "Mishneh Torah, Tefillin, Mezuzah and the Torah Scroll", 
                            "sourceHeRef": "משנה תורה, הלכות תפילין ומזוזה וספר תורה י׳:י״א", 
                            "sourceRef": "Mishneh Torah, Tefillin, Mezuzah and the Torah Scroll 10:11"
                        }
                    ], 
                    "he": "<b>היה מהלך ממקום למקום וכו' עד והולך.</b> ר''פ מי שמתו (ברכות דף י''ח): \n"
                }, 
                {
                    "segmentNumber": "2", 
                    "links": [
                        {
                            "category": "Halakhah", 
                            "index_title": "Mishneh Torah, Tefillin, Mezuzah and the Torah Scroll", 
                            "sourceHeRef": "משנה תורה, הלכות תפילין ומזוזה וספר תורה י׳:י״א", 
                            "sourceRef": "Mishneh Torah, Tefillin, Mezuzah and the Torah Scroll 10:11"
                        }
                    ], 
                    "he": "<b>כל מי שיושב וכו': אמרו חכמים הראשונים כל המכבד וכו'.</b> במסכת אבות: \n\n"
                }
            ], 
            "heTitle": "כסף משנה על משנה תורה, הלכות תפילין ומזוזה וספר תורה", 
            "indexTitle": "Kessef Mishneh on Mishneh Torah, Tefillin, Mezuzah and the Torah Scroll", 
            "sectionRef": "Kessef Mishneh on Mishneh Torah, Tefillin, Mezuzah and the Torah Scroll 10:11", 
            "prev": "Kessef Mishneh on Mishneh Torah, Tefillin, Mezuzah and the Torah Scroll 10:10", 
            "ref": "Kessef Mishneh on Mishneh Torah, Tefillin, Mezuzah and the Torah Scroll 10:11", 
            "heRef": "כסף משנה על משנה תורה, הלכות תפילין ומזוזה וספר תורה י׳:י״א", 
            "next": null
        }, 
        "Kessef Mishneh on Mishneh Torah, Tefillin, Mezuzah and the Torah Scroll 10:7": {
            "content": [], 
            "heTitle": "כסף משנה על משנה תורה, הלכות תפילין ומזוזה וספר תורה", 
            "indexTitle": "Kessef Mishneh on Mishneh Torah, Tefillin, Mezuzah and the Torah Scroll", 
            "sectionRef": "Kessef Mishneh on Mishneh Torah, Tefillin, Mezuzah and the Torah Scroll 10:7", 
            "prev": "Kessef Mishneh on Mishneh Torah, Tefillin, Mezuzah and the Torah Scroll 10:6", 
            "ref": "Kessef Mishneh on Mishneh Torah, Tefillin, Mezuzah and the Torah Scroll 10:7", 
            "heRef": "כסף משנה על משנה תורה, הלכות תפילין ומזוזה וספר תורה י׳:ז׳", 
            "next": "Kessef Mishneh on Mishneh Torah, Tefillin, Mezuzah and the Torah Scroll 10:8"
        }, 
        "Kessef Mishneh on Mishneh Torah, Tefillin, Mezuzah and the Torah Scroll 10:6": {
            "content": [
                {
                    "segmentNumber": "1", 
                    "links": [
                        {
                            "category": "Halakhah", 
                            "index_title": "Mishneh Torah, Tefillin, Mezuzah and the Torah Scroll", 
                            "sourceHeRef": "משנה תורה, הלכות תפילין ומזוזה וספר תורה י׳:ו׳", 
                            "sourceRef": "Mishneh Torah, Tefillin, Mezuzah and the Torah Scroll 10:6"
                        }
                    ], 
                    "he": "<b>לא יאחז אדם ס''ת וכו'.</b> \n"
                }, 
                {
                    "segmentNumber": "2", 
                    "links": [
                        {
                            "category": "Halakhah", 
                            "index_title": "Mishneh Torah, Tefillin, Mezuzah and the Torah Scroll", 
                            "sourceHeRef": "משנה תורה, הלכות תפילין ומזוזה וספר תורה י׳:ו׳", 
                            "sourceRef": "Mishneh Torah, Tefillin, Mezuzah and the Torah Scroll 10:6"
                        }
                    ], 
                    "he": "<b>מ''ש שלא יכנס בו לבית הכסא או לבית המרחץ</b> פשוט הוא והכי אמרינן בפרק שני דסנהדרין (דף כ''א:) גבי מלך שאין ספר תורה זז ממנו אלא כשהוא נכנס לבה''כ או לבית המרחץ: \n"
                }, 
                {
                    "segmentNumber": "3", 
                    "links": [
                        {
                            "category": "Talmud", 
                            "index_title": "Berakhot", 
                            "sourceHeRef": "ברכות י״ח א", 
                            "sourceRef": "Berakhot 18a"
                        }, 
                        {
                            "category": "Halakhah", 
                            "index_title": "Mishneh Torah, Tefillin, Mezuzah and the Torah Scroll", 
                            "sourceHeRef": "משנה תורה, הלכות תפילין ומזוזה וספר תורה י׳:ו׳", 
                            "sourceRef": "Mishneh Torah, Tefillin, Mezuzah and the Torah Scroll 10:6"
                        }
                    ], 
                    "he": "<b>ומ''ש ולא יקרא בו עד שירחיק ד' אמות מהמת וכו'.</b> פרק מי שמתו (ברכות י''ח) תניא לא יהלך אדם בבית הקברות ותפילין בראשו וס''ת בזרועו וקורא ואם עשה כן עובר משום לועג לרש ואמרו שם בגמרא דהיינו תוך ד' אמות דוקא אבל חוץ לד' אמות שרי ואף ע''ג דפשטא דברייתא משמע דלא אסרה לילך לבית הקברות וס''ת בזרועו אלא בקורא בו נראה שרבינו מפרש דתרתי קתני לא יהלך בבית הקברות וס''ת בזרועו או קורא ובכל חד מהני איכא משום לועג לרש דאחיזת ס''ת בזרועו אף ע''פ שאינו קורא בו מצוה היא ואית בה משום לועג לרש. \n"
                }, 
                {
                    "segmentNumber": "4", 
                    "links": [
                        {
                            "category": "Halakhah", 
                            "index_title": "Mishneh Torah, Tefillin, Mezuzah and the Torah Scroll", 
                            "sourceHeRef": "משנה תורה, הלכות תפילין ומזוזה וספר תורה י׳:ו׳", 
                            "sourceRef": "Mishneh Torah, Tefillin, Mezuzah and the Torah Scroll 10:6"
                        }
                    ], 
                    "he": "<b>ומ''ש שירחיק מבית הכסא ארבע אמות</b> טעמא דמסתבר \n"
                }, 
                {
                    "segmentNumber": "5", 
                    "links": [
                        {
                            "category": "Halakhah", 
                            "index_title": "Mishneh Torah, Tefillin, Mezuzah and the Torah Scroll", 
                            "sourceHeRef": "משנה תורה, הלכות תפילין ומזוזה וספר תורה י׳:ו׳", 
                            "sourceRef": "Mishneh Torah, Tefillin, Mezuzah and the Torah Scroll 10:6"
                        }
                    ], 
                    "he": "<b>הוא אבל מ''ש שירחיק מבית המרחץ ד' אמות</b> איני יודע לו טעם. ובטור י''ד סימן רפ''ב העתיק דברי רבינו ולא נזכר שם מרחץ לענין הרחקת ד' אמות והיא הגירסא הנכונה: \n"
                }, 
                {
                    "segmentNumber": "6", 
                    "links": [
                        {
                            "category": "Talmud", 
                            "index_title": "Megillah", 
                            "sourceHeRef": "מגילה ל״ב א", 
                            "sourceRef": "Megillah 32a"
                        }, 
                        {
                            "category": "Halakhah", 
                            "index_title": "Mishneh Torah, Tefillin, Mezuzah and the Torah Scroll", 
                            "sourceHeRef": "משנה תורה, הלכות תפילין ומזוזה וספר תורה י׳:ו׳", 
                            "sourceRef": "Mishneh Torah, Tefillin, Mezuzah and the Torah Scroll 10:6"
                        }
                    ], 
                    "he": "<b>ולא יאחוז ס''ת וכו'.</b> ס''פ בני העיר (מגילה דף ל''ב) א''ר פרנך אמר רבי יוחנן כל האוחז ספר תורה ערום נקבר ערום בלא אותה מצוה: \n"
                }, 
                {
                    "segmentNumber": "7", 
                    "links": [
                        {
                            "category": "Talmud", 
                            "index_title": "Menachot", 
                            "sourceHeRef": "מנחות ל״ב א", 
                            "sourceRef": "Menachot 32a"
                        }, 
                        {
                            "category": "Halakhah", 
                            "index_title": "Mishneh Torah, Tefillin, Mezuzah and the Torah Scroll", 
                            "sourceHeRef": "משנה תורה, הלכות תפילין ומזוזה וספר תורה י׳:ו׳", 
                            "sourceRef": "Mishneh Torah, Tefillin, Mezuzah and the Torah Scroll 10:6"
                        }
                    ], 
                    "he": "<b>ואסור לישב על המטה וכו'.</b> פרק ואלו מגלחין (מ''ק דף כ''ה) ובפרק הקומץ (מנחות ל''ב) אמר רב תחליפא אנא חזיתיה לרב הונא דבעא למיתב אפוריי' והוה מנח ס''ת עלה וכף כדא אארעא ואותיב ס''ת עילוה אלמא קסבר אסור לישב על המטה שס''ת מונח עליה ואף ע''ג דבהקומץ פליג ר' יוחנן פסק רבינו כרב הונא משום דאיתא במ''ס דעבד ר' אליעזר כוותיה. וכתבו התו' דמדלא אותיבו לס''ת בגבוה ממנו נראה שאפילו הס''ת מונח בגבוה ממנו לא שרי: \n"
                }, 
                {
                    "segmentNumber": "8", 
                    "links": [
                        {
                            "category": "Halakhah", 
                            "index_title": "Mishneh Torah, Tefillin, Mezuzah and the Torah Scroll", 
                            "sourceHeRef": "משנה תורה, הלכות תפילין ומזוזה וספר תורה י׳:ו׳", 
                            "sourceRef": "Mishneh Torah, Tefillin, Mezuzah and the Torah Scroll 10:6"
                        }
                    ], 
                    "he": "<b>כתב</b> הראב''ד ואם היה מקום גבוה טפח וס''ת מונח עליו מותר והכי איתא בירושלמי עכ''ל. ורבינו סובר כמו שכתבתי בסמוך בשם התוספות שדייקו מהאי עובדא: \n\n"
                }
            ], 
            "heTitle": "כסף משנה על משנה תורה, הלכות תפילין ומזוזה וספר תורה", 
            "indexTitle": "Kessef Mishneh on Mishneh Torah, Tefillin, Mezuzah and the Torah Scroll", 
            "sectionRef": "Kessef Mishneh on Mishneh Torah, Tefillin, Mezuzah and the Torah Scroll 10:6", 
            "prev": "Kessef Mishneh on Mishneh Torah, Tefillin, Mezuzah and the Torah Scroll 10:5", 
            "ref": "Kessef Mishneh on Mishneh Torah, Tefillin, Mezuzah and the Torah Scroll 10:6", 
            "heRef": "כסף משנה על משנה תורה, הלכות תפילין ומזוזה וספר תורה י׳:ו׳", 
            "next": "Kessef Mishneh on Mishneh Torah, Tefillin, Mezuzah and the Torah Scroll 10:8"
        }, 
        "Kessef Mishneh on Mishneh Torah, Tefillin, Mezuzah and the Torah Scroll 10:5": {
            "content": [
                {
                    "segmentNumber": "1", 
                    "links": [
                        {
                            "category": "Halakhah", 
                            "index_title": "Mishneh Torah, Tefillin, Mezuzah and the Torah Scroll", 
                            "sourceHeRef": "משנה תורה, הלכות תפילין ומזוזה וספר תורה י׳:ה׳", 
                            "sourceRef": "Mishneh Torah, Tefillin, Mezuzah and the Torah Scroll 10:5"
                        }
                    ], 
                    "he": "<b>ומותר להניח וכו' עד ע''ג ס''ת.</b> ברייתא פרק בני העיר (דכ''ז): \n"
                }, 
                {
                    "segmentNumber": "2", 
                    "links": [
                        {
                            "category": "Halakhah", 
                            "index_title": "Mishneh Torah, Tefillin, Mezuzah and the Torah Scroll", 
                            "sourceHeRef": "משנה תורה, הלכות תפילין ומזוזה וספר תורה י׳:ה׳", 
                            "sourceRef": "Mishneh Torah, Tefillin, Mezuzah and the Torah Scroll 10:5"
                        }
                    ], 
                    "he": "<b>וכל כתבי הקדש וכו' אסור לזרקן.</b> בפרק בתרא דעירובין (דף צ''ח) אמר רב אחא אין מזריקין כתבי הקדש. וכתב ה''ר מנוח כלומר כשיתנם לחבירו לא יתן לו בזריקה: \n"
                }, 
                {
                    "segmentNumber": "3", 
                    "links": [
                        {
                            "category": "Talmud", 
                            "index_title": "Shabbat", 
                            "sourceHeRef": "שבת ס״א א", 
                            "sourceRef": "Shabbat 61a"
                        }, 
                        {
                            "category": "Halakhah", 
                            "index_title": "Mishneh Torah, Tefillin, Mezuzah and the Torah Scroll", 
                            "sourceHeRef": "משנה תורה, הלכות תפילין ומזוזה וספר תורה י׳:ה׳", 
                            "sourceRef": "Mishneh Torah, Tefillin, Mezuzah and the Torah Scroll 10:5"
                        }
                    ], 
                    "he": "<b>ומ''ש והקמיעין וכו'.</b> בפ' במה אשה (שבת דף ס''א ס''ב): \n"
                }, 
                {
                    "segmentNumber": "4", 
                    "links": [
                        {
                            "category": "Halakhah", 
                            "index_title": "Mishneh Torah, Tefillin, Mezuzah and the Torah Scroll", 
                            "sourceHeRef": "משנה תורה, הלכות תפילין ומזוזה וספר תורה י׳:ה׳", 
                            "sourceRef": "Mishneh Torah, Tefillin, Mezuzah and the Torah Scroll 10:5"
                        }
                    ], 
                    "he": "<b>ועל מ''ש רבינו אא''כ היו מחופות עור.</b> כתב ה''ר מנוח אבל תפילין אפילו שהן מחופין עור אסור ליכנס בהם לבית הכסא מפני השי''ן ושאר אותיות העשויות בעור: \n\n"
                }
            ], 
            "heTitle": "כסף משנה על משנה תורה, הלכות תפילין ומזוזה וספר תורה", 
            "indexTitle": "Kessef Mishneh on Mishneh Torah, Tefillin, Mezuzah and the Torah Scroll", 
            "sectionRef": "Kessef Mishneh on Mishneh Torah, Tefillin, Mezuzah and the Torah Scroll 10:5", 
            "prev": "Kessef Mishneh on Mishneh Torah, Tefillin, Mezuzah and the Torah Scroll 10:4", 
            "ref": "Kessef Mishneh on Mishneh Torah, Tefillin, Mezuzah and the Torah Scroll 10:5", 
            "heRef": "כסף משנה על משנה תורה, הלכות תפילין ומזוזה וספר תורה י׳:ה׳", 
            "next": "Kessef Mishneh on Mishneh Torah, Tefillin, Mezuzah and the Torah Scroll 10:6"
        }, 
        "Kessef Mishneh on Mishneh Torah, Tefillin, Mezuzah and the Torah Scroll 10:4": {
            "content": [
                {
                    "segmentNumber": "1", 
                    "links": [
                        {
                            "category": "Halakhah", 
                            "index_title": "Mishneh Torah, Tefillin, Mezuzah and the Torah Scroll", 
                            "sourceHeRef": "משנה תורה, הלכות תפילין ומזוזה וספר תורה י׳:ד׳", 
                            "sourceRef": "Mishneh Torah, Tefillin, Mezuzah and the Torah Scroll 10:4"
                        }
                    ], 
                    "he": "<b>תיק שהוכן וכו'.</b> ברייתא שם תשמישי קדושה נגנזין ומני בהדייהו תיק ספר תורה. וגרסינן בתר הכי אמר רבא מריש הוה אמינא כורסיא תשמיש דתשמיש הוא כיון דחזינן דמותבן ספרא עליה אמינא תשמיש קדושה הוא. ומפרש רבינו דתשמיש דתשמיש היינו שהספר בתוך התיק והתיק על הכורסיא כיון דחזא שפעמים הרבה מוציאין הספר תורה מהתיק ומותבי ליה אכורסיא אמר ודאי תשמיש קדושה הוא וכן אמר רבא דפריסא תשמישי קדושה נינהו. וכתב בתיק ובכסא שהוכן לספר תורה והונח בו או עליו משום דאי הוכן ולא הונח או הונח ולא הוכן אינו קדוש וכמ''ש בפ''ד מהלכות אלו. ומ''ש וכן המטפחות נראה דהיינו פריסא שכתבתי בסמוך: \n"
                }, 
                {
                    "segmentNumber": "2", 
                    "links": [
                        {
                            "category": "Halakhah", 
                            "index_title": "Mishneh Torah, Tefillin, Mezuzah and the Torah Scroll", 
                            "sourceHeRef": "משנה תורה, הלכות תפילין ומזוזה וספר תורה י׳:ד׳", 
                            "sourceRef": "Mishneh Torah, Tefillin, Mezuzah and the Torah Scroll 10:4"
                        }
                    ], 
                    "he": "<b>אבל הבימות וכו'.</b> שם (דף ל''ב) בסוף הפ' אמר רבי זירא אמר רבי מתנא אמר שמואל הלוחות והבימות אין בהם קדושה: \n"
                }, 
                {
                    "segmentNumber": "3", 
                    "links": [
                        {
                            "category": "Halakhah", 
                            "index_title": "Mishneh Torah, Tefillin, Mezuzah and the Torah Scroll", 
                            "sourceHeRef": "משנה תורה, הלכות תפילין ומזוזה וספר תורה י׳:ד׳", 
                            "sourceRef": "Mishneh Torah, Tefillin, Mezuzah and the Torah Scroll 10:4"
                        }
                    ], 
                    "he": "<b>וכתב</b> הראב''ד אין דעתי נוחה מזה וכו'. והכי איתא בירושלמי עכ''ל. וגם הר''ן כתב שאמר בירושלמי שאין בהם משום קדושת ספר תורה אבל משום קדושת בה''כ יש בהן ואין מכאן השגה על רבינו שהוא ז''ל העתיק המימרא ולשונה וכל מה שתפרש במימרא תוכל לפרש בלשונו: \n"
                }, 
                {
                    "segmentNumber": "4", 
                    "links": [
                        {
                            "category": "Talmud", 
                            "index_title": "Megillah", 
                            "sourceHeRef": "מגילה כ״ו א", 
                            "sourceRef": "Megillah 26a"
                        }, 
                        {
                            "category": "Halakhah", 
                            "index_title": "Mishneh Torah, Tefillin, Mezuzah and the Torah Scroll", 
                            "sourceHeRef": "משנה תורה, הלכות תפילין ומזוזה וספר תורה י׳:ד׳", 
                            "sourceRef": "Mishneh Torah, Tefillin, Mezuzah and the Torah Scroll 10:4"
                        }
                    ], 
                    "he": "<b>וכן רמוני כסף וכו'.</b> כתב טור יו''ד סי' רפ''ב על לשון זה של רבינו ומיהו בפ' בני העיר (מגילה דף כ''ו) קאמר על כל הנך דקתני בהם שאסור לשנותן לקדושה קלה אמר רבא לא שנו אלא שלא מכרוהו שבעה טובי העיר במעמד אנשי העיר אבל מכרוהו שבעה טובי העיר במעמד אנשי העיר אפילו למשתי ביה שיכרא. וכתב א''א ז''ל הילכך יחיד שמכר ספר תורה שלו מותר להשתמש בדמיו דדמי לשבעה טובי העיר ולפי זה התפוחים יכולים בעליהם למוכרם והלוקח יכול לעשות כל מה שירצה עכ''ל. ואני אומר שאין זה סותר דברי רבינו דדינו של רבינו איתיה גם לדברי הרא''ש בבה''כ של כפרים ולא מכרוהו ז' טובי העיר במעמד אנשי העיר דכל כי האי גוונא אין מורידין אותן מקדושתן ומיהו בס''ת דיחיד משמע דפליג רבינו על הרא''ש וסבר דאסור למכרו ואם עבר ומכרו משמע דצריך לקנות ס''ת אחר: \n\n"
                }
            ], 
            "heTitle": "כסף משנה על משנה תורה, הלכות תפילין ומזוזה וספר תורה", 
            "indexTitle": "Kessef Mishneh on Mishneh Torah, Tefillin, Mezuzah and the Torah Scroll", 
            "sectionRef": "Kessef Mishneh on Mishneh Torah, Tefillin, Mezuzah and the Torah Scroll 10:4", 
            "prev": "Kessef Mishneh on Mishneh Torah, Tefillin, Mezuzah and the Torah Scroll 10:3", 
            "ref": "Kessef Mishneh on Mishneh Torah, Tefillin, Mezuzah and the Torah Scroll 10:4", 
            "heRef": "כסף משנה על משנה תורה, הלכות תפילין ומזוזה וספר תורה י׳:ד׳", 
            "next": "Kessef Mishneh on Mishneh Torah, Tefillin, Mezuzah and the Torah Scroll 10:5"
        }, 
        "Kessef Mishneh on Mishneh Torah, Tefillin, Mezuzah and the Torah Scroll 10:3": {
            "content": [
                {
                    "segmentNumber": "1", 
                    "links": [
                        {
                            "category": "Halakhah", 
                            "index_title": "Mishneh Torah, Tefillin, Mezuzah and the Torah Scroll", 
                            "sourceHeRef": "משנה תורה, הלכות תפילין ומזוזה וספר תורה י׳:ג׳", 
                            "sourceRef": "Mishneh Torah, Tefillin, Mezuzah and the Torah Scroll 10:3"
                        }
                    ], 
                    "he": "<b>ספר תורה שבלה או שנפסל נותנין וכו'.</b> פרק בני העיר מגילה (דף כ''ו) מימרא דרבא ורב אחא בר יעקב: \n"
                }, 
                {
                    "segmentNumber": "2", 
                    "links": [
                        {
                            "category": "Halakhah", 
                            "index_title": "Mishneh Torah, Tefillin, Mezuzah and the Torah Scroll", 
                            "sourceHeRef": "משנה תורה, הלכות תפילין ומזוזה וספר תורה י׳:ג׳", 
                            "sourceRef": "Mishneh Torah, Tefillin, Mezuzah and the Torah Scroll 10:3"
                        }
                    ], 
                    "he": "<b>מטפחות ספרים שבלו עושין וכו'.</b> גם זה שם מימרא דמר זוטרא משמיה דרב ששת: \n\n"
                }
            ], 
            "heTitle": "כסף משנה על משנה תורה, הלכות תפילין ומזוזה וספר תורה", 
            "indexTitle": "Kessef Mishneh on Mishneh Torah, Tefillin, Mezuzah and the Torah Scroll", 
            "sectionRef": "Kessef Mishneh on Mishneh Torah, Tefillin, Mezuzah and the Torah Scroll 10:3", 
            "prev": "Kessef Mishneh on Mishneh Torah, Tefillin, Mezuzah and the Torah Scroll 10:2", 
            "ref": "Kessef Mishneh on Mishneh Torah, Tefillin, Mezuzah and the Torah Scroll 10:3", 
            "heRef": "כסף משנה על משנה תורה, הלכות תפילין ומזוזה וספר תורה י׳:ג׳", 
            "next": "Kessef Mishneh on Mishneh Torah, Tefillin, Mezuzah and the Torah Scroll 10:4"
        }, 
        "Kessef Mishneh on Mishneh Torah, Tefillin, Mezuzah and the Torah Scroll 10:2": {
            "content": [
                {
                    "segmentNumber": "1", 
                    "links": [
                        {
                            "category": "Halakhah", 
                            "index_title": "Mishneh Torah, Tefillin, Mezuzah and the Torah Scroll", 
                            "sourceHeRef": "משנה תורה, הלכות תפילין ומזוזה וספר תורה י׳:ב׳", 
                            "sourceRef": "Mishneh Torah, Tefillin, Mezuzah and the Torah Scroll 10:2"
                        }
                    ], 
                    "he": "<b>ספר תורה כשר נוהגין בו קדושה יתירה וכו'.</b> פשוט הוא ובפ''ד דאבות א''ר יוסי כל המכבד את התורה גופו מכובד על הבריות וכו': \n"
                }, 
                {
                    "segmentNumber": "2", 
                    "links": [
                        {
                            "category": "Talmud", 
                            "index_title": "Megillah", 
                            "sourceHeRef": "מגילה כ״ז א", 
                            "sourceRef": "Megillah 27a"
                        }, 
                        {
                            "category": "Halakhah", 
                            "index_title": "Mishneh Torah, Tefillin, Mezuzah and the Torah Scroll", 
                            "sourceHeRef": "משנה תורה, הלכות תפילין ומזוזה וספר תורה י׳:ב׳", 
                            "sourceRef": "Mishneh Torah, Tefillin, Mezuzah and the Torah Scroll 10:2"
                        }
                    ], 
                    "he": "<b>אסור לאדם למכור ס''ת וכו'.</b> פרק בני העיר (מגילה דף כ''ז) ת''ר לא ימכור אדם ספר תורה אף ע''פ שאינו צריך לו כלומר שיש לו אחר. יתר על כן אמר רשב''ג אפילו אין לו מה יאכל ומכר ספר תורה או בתו אינו רואה סימן ברכה לעולם: \n"
                }, 
                {
                    "segmentNumber": "3", 
                    "links": [
                        {
                            "category": "Halakhah", 
                            "index_title": "Mishneh Torah, Tefillin, Mezuzah and the Torah Scroll", 
                            "sourceHeRef": "משנה תורה, הלכות תפילין ומזוזה וספר תורה י׳:ב׳", 
                            "sourceRef": "Mishneh Torah, Tefillin, Mezuzah and the Torah Scroll 10:2"
                        }
                    ], 
                    "he": "<b>ומ''ש אפילו ישן וכו'.</b> שם בעיא דלא איפשיטא ומשום חומר קדושת ס''ת פסקה לחומרא: \n"
                }, 
                {
                    "segmentNumber": "4", 
                    "links": [
                        {
                            "category": "Halakhah", 
                            "index_title": "Mishneh Torah, Tefillin, Mezuzah and the Torah Scroll", 
                            "sourceHeRef": "משנה תורה, הלכות תפילין ומזוזה וספר תורה י׳:ב׳", 
                            "sourceRef": "Mishneh Torah, Tefillin, Mezuzah and the Torah Scroll 10:2"
                        }
                    ], 
                    "he": "<b>וכתב</b> ה''ר מנוח דטעמא משום פשיעותא הילכך אם היה החדש כתוב והוא בבית הסופר ואינו מחוסר אלא נתינת דמים מוכרים עכ''ל: \n"
                }, 
                {
                    "segmentNumber": "5", 
                    "links": [
                        {
                            "category": "Halakhah", 
                            "index_title": "Mishneh Torah, Tefillin, Mezuzah and the Torah Scroll", 
                            "sourceHeRef": "משנה תורה, הלכות תפילין ומזוזה וספר תורה י׳:ב׳", 
                            "sourceRef": "Mishneh Torah, Tefillin, Mezuzah and the Torah Scroll 10:2"
                        }
                    ], 
                    "he": "<b>ומ''ש לעולם אין מוכרים ספר תורה וכו'.</b> שם אמר ר' יוחנן משום ר' מאיר אין מוכרים ספר תורה אלא ללמוד תורה ולישא אשה ומפרש רבינו דהיינו באין לו דבר אחר למכור: \n"
                }, 
                {
                    "segmentNumber": "6", 
                    "links": [
                        {
                            "category": "Halakhah", 
                            "index_title": "Mishneh Torah, Tefillin, Mezuzah and the Torah Scroll", 
                            "sourceHeRef": "משנה תורה, הלכות תפילין ומזוזה וספר תורה י׳:ב׳", 
                            "sourceRef": "Mishneh Torah, Tefillin, Mezuzah and the Torah Scroll 10:2"
                        }
                    ], 
                    "he": "<b>וכתבו</b> הגהות שהרמ''ך תמה על רבינו שכתב אסור למכור ספר תורה אפילו אין לו מה שיאכל שהרי בירושלמי סוף בכורים גרסינן שאלו את רשב''ג מהו שימכור ספר תורה וכו' עד רבי פנחס ור' יוחנן בשם רשב''ג אמרי אדם מוכר ספר תורה לישא אשה וללמוד תורה וכל שכן מפני חייו. וכן נראה דגם גמרא דידן שרי דאמרינן פרק בני העיר אמר רשב''ג אפילו אין לו מה יאכל ומכר ספר תורה או בתו אינו רואה סימן ברכה לעולם משמע דומיא דבתו דליכא איסורא עכ''ל. ואני אומר שאין אלו ראיות דירושלמי הכי איתא ר' ינאי בשם ר' חייא בר ווא שאלו את רשב''ג מהו שימכור אדם ספר תורה לישא אשה אמר לון אין ללמוד תורה א''ל אין מפני חייו ולא אגיבון. רבי יונה בשם רבי חייא בר ווא שאלו את רבן שמעון בן גמליאל מהו שימכור אדם ס''ת לישא אמר לון אין ללמוד תורה אמר לון אין מפני חייו לא שאלו ולא אגיבון על דעתיה דרבי יוסי אין שאלון ליה ולמה לא אגיבון כי אתא ר' חנניה ר' פנחס ר' יוחנן בשם רבי שמעון בן גמליאל מוכר הוא אדם לישא אשה וללמוד תורה וכל שכן מפני חייו ע''כ. והשתא כיון דלרבי ינאי שאלון מפני חייו ולא אגיבון כלומר לא השיבם משמע דסבירא ליה שאסור למכור מפני חייו ולר' יונה דלא שאלון משמע דס''ל דלא עדיף להו כדי חייו כמו לישא אשה ולת''ת ואפשר דמשום דפשיטא להו לאיסורא במפני חייו לא שאלון ואף על גב דרבי יוחנן אמר כל שכן מפני חייו הוה פלוגתא דאמוראי ומשום חומר קדושת ס''ת נקטה לחומרא. ומ''ש מדקתני ספר תורה דומיא דבתו דליכא איסורא איכא למידק מידי איריא הא כדאיתא והא כדאיתא. ומכל מקום יש לתמוה היאך אפשר שלא התירו למכור ספר תורה מפני חייו והלא פיקוח נפש דוחה כל מצות שבתורה יש לומר דאה''נ שאם יהיה פיקוח נפש ממש כגון שאחזו בולמוס פשיטא דמותר למכור ספר תורה כדי להחיותו והכא במאי עסקינן בשמזונותיו מצומצמים ביותר אבל לא הגיעו לגדר שיהיה בו פיקוח נפש: \n\n"
                }
            ], 
            "heTitle": "כסף משנה על משנה תורה, הלכות תפילין ומזוזה וספר תורה", 
            "indexTitle": "Kessef Mishneh on Mishneh Torah, Tefillin, Mezuzah and the Torah Scroll", 
            "sectionRef": "Kessef Mishneh on Mishneh Torah, Tefillin, Mezuzah and the Torah Scroll 10:2", 
            "prev": "Kessef Mishneh on Mishneh Torah, Tefillin, Mezuzah and the Torah Scroll 10:1", 
            "ref": "Kessef Mishneh on Mishneh Torah, Tefillin, Mezuzah and the Torah Scroll 10:2", 
            "heRef": "כסף משנה על משנה תורה, הלכות תפילין ומזוזה וספר תורה י׳:ב׳", 
            "next": "Kessef Mishneh on Mishneh Torah, Tefillin, Mezuzah and the Torah Scroll 10:3"
        }, 
        "Kessef Mishneh on Mishneh Torah, Tefillin, Mezuzah and the Torah Scroll 10:1": {
            "content": [
                {
                    "segmentNumber": "1", 
                    "links": [
                        {
                            "category": "Halakhah", 
                            "index_title": "Mishneh Torah, Tefillin, Mezuzah and the Torah Scroll", 
                            "sourceHeRef": "משנה תורה, הלכות תפילין ומזוזה וספר תורה י׳:א׳", 
                            "sourceRef": "Mishneh Torah, Tefillin, Mezuzah and the Torah Scroll 10:1"
                        }
                    ], 
                    "he": "<b>נמצאת למד שעשרים דברים הם שבכל אחד מהם פוסל ספר תורה וכו'.</b> נתבארו בפרקים הקודמים וכו': \n"
                }, 
                {
                    "segmentNumber": "2", 
                    "links": [
                        {
                            "category": "Halakhah", 
                            "index_title": "Mishneh Torah, Tefillin, Mezuzah and the Torah Scroll", 
                            "sourceHeRef": "משנה תורה, הלכות תפילין ומזוזה וספר תורה י׳:א׳", 
                            "sourceRef": "Mishneh Torah, Tefillin, Mezuzah and the Torah Scroll 10:1"
                        }
                    ], 
                    "he": "<b>ומ''ש ואם נעשה בו אחד מהם הרי הוא כחומש וכו' ואין קורין בו ברבים.</b> נמצאת תשובה לרבינו שכתב בה שמברכין על ספר תורה פסול ושכך נהגו בפני גאוני עולם. והרשב''א תמה על דבריו בתשובה וכתב שנ''ל שבילדותו כתב כן וחזר בו בזקנותו וכתב בחיבורו לפסול ולפי זה יקשה מ''ש שכן נהגו לפני גאוני עולם דאם כן משוינן להנך גאונים טועים. ואפשר לומר דהתם בדלא אפשר להו ומ''ש \n"
                }, 
                {
                    "segmentNumber": "3", 
                    "links": [
                        {
                            "category": "Halakhah", 
                            "index_title": "Mishneh Torah, Tefillin, Mezuzah and the Torah Scroll", 
                            "sourceHeRef": "משנה תורה, הלכות תפילין ומזוזה וספר תורה י׳:א׳", 
                            "sourceRef": "Mishneh Torah, Tefillin, Mezuzah and the Torah Scroll 10:1"
                        }
                    ], 
                    "he": "<b>כאן שאין קורין בו בצבור</b> הוא בדאפשר להו ומאחר שכן היכא שנמצא טעות בספר תורה מוציאין ספר תורה אחר ומתחילין ממקום שנמצא הטעות ומשלימין ז' על אותם שקראו במוטעה דכיון שהוא בדיעבד הוה ליה כמו לא אפשר להו והכי משמע שהרי מן הדין קורין לכתחלה בחומשין אם לא היה מפני כבוד הצבור ואף על גב דהאי חסר במילתיה בדיעבד מיהא יצא. ולישנא דרבינו הכי דייק שלא כתב ואם קראו בו בצבור לא יצאו ידי חובת קריאה אלא אין קורין בו ברבים דמשמע לכתחלה הוא דאין קורין בו אבל בדיעבד עלתה להם קריאה. ואם נמצא הטעות באמצע קריאת הקורא גומר קריאתו בספר הכשר ומברך לאחריה ואינו מברך לפניה כי ברכה שבירך לפניה בספר תורה הפסול וכן קריאה שקראו בו עלתה להם בדיעבד וכן הנהיג מורי הרב הגדול מה''ר יעקב בירב זלה''ה וכן אנו נוהגים אחריו: \n\n"
                }
            ], 
            "heTitle": "כסף משנה על משנה תורה, הלכות תפילין ומזוזה וספר תורה", 
            "indexTitle": "Kessef Mishneh on Mishneh Torah, Tefillin, Mezuzah and the Torah Scroll", 
            "sectionRef": "Kessef Mishneh on Mishneh Torah, Tefillin, Mezuzah and the Torah Scroll 10:1", 
            "prev": "Kessef Mishneh on Mishneh Torah, Tefillin, Mezuzah and the Torah Scroll 9:15", 
            "ref": "Kessef Mishneh on Mishneh Torah, Tefillin, Mezuzah and the Torah Scroll 10:1", 
            "heRef": "כסף משנה על משנה תורה, הלכות תפילין ומזוזה וספר תורה י׳:א׳", 
            "next": "Kessef Mishneh on Mishneh Torah, Tefillin, Mezuzah and the Torah Scroll 10:2"
        }, 
        "Kessef Mishneh on Mishneh Torah, Tefillin, Mezuzah and the Torah Scroll 10:9": {
            "content": [
                {
                    "segmentNumber": "1", 
                    "links": [
                        {
                            "category": "Halakhah", 
                            "index_title": "Mishneh Torah, Tefillin, Mezuzah and the Torah Scroll", 
                            "sourceHeRef": "משנה תורה, הלכות תפילין ומזוזה וספר תורה י׳:ט׳", 
                            "sourceRef": "Mishneh Torah, Tefillin, Mezuzah and the Torah Scroll 10:9"
                        }
                    ], 
                    "he": "<b>כל הרואה ספר תורה וכו'.</b> פ''ק דקידושין (דף ל''ג:) איבעיא להו מהו לעמוד מפני ס''ת ר' חלקיה ורבי סימון ור' אלעזר אמרי ק''ו מפני לומדיה עומדים מפניה לא כ''ש. ודין הנשיא איתא בההוא פירקא וכתבו רבינו פ''י מהל' ת''ת שאינו יושב עד שישב במקומו או יתכסה מעיניו. וכתב רבינו שהוא הדין בס''ת דנשיא מטעם רבו הוא דחייב לעמוד דהא ממרע''ה גמרינן. וכתב רבינו עד שיעמוד זה שהוא מהלך בו כשיגיענו למקומו כלומר דאי עומד לפוש דינו כמהלך מאחר שאינו עומד דרך קבע: \n\n"
                }
            ], 
            "heTitle": "כסף משנה על משנה תורה, הלכות תפילין ומזוזה וספר תורה", 
            "indexTitle": "Kessef Mishneh on Mishneh Torah, Tefillin, Mezuzah and the Torah Scroll", 
            "sectionRef": "Kessef Mishneh on Mishneh Torah, Tefillin, Mezuzah and the Torah Scroll 10:9", 
            "prev": "Kessef Mishneh on Mishneh Torah, Tefillin, Mezuzah and the Torah Scroll 10:8", 
            "ref": "Kessef Mishneh on Mishneh Torah, Tefillin, Mezuzah and the Torah Scroll 10:9", 
            "heRef": "כסף משנה על משנה תורה, הלכות תפילין ומזוזה וספר תורה י׳:ט׳", 
            "next": "Kessef Mishneh on Mishneh Torah, Tefillin, Mezuzah and the Torah Scroll 10:10"
        }, 
        "Kessef Mishneh on Mishneh Torah, Tefillin, Mezuzah and the Torah Scroll 10:8": {
            "content": [
                {
                    "segmentNumber": "1", 
                    "links": [
                        {
                            "category": "Talmud", 
                            "index_title": "Berakhot", 
                            "sourceHeRef": "ברכות כ״ה א", 
                            "sourceRef": "Berakhot 25a"
                        }, 
                        {
                            "category": "Halakhah", 
                            "index_title": "Mishneh Torah, Tefillin, Mezuzah and the Torah Scroll", 
                            "sourceHeRef": "משנה תורה, הלכות תפילין ומזוזה וספר תורה י׳:ח׳", 
                            "sourceRef": "Mishneh Torah, Tefillin, Mezuzah and the Torah Scroll 10:8"
                        }
                    ], 
                    "he": "<b><small>(ז-ח)</small> בית שיש בו ס''ת וכו'.</b> ברייתא סוף פרק מי שמתו (ברכות כ''ה) בית שיש בו ס''ת או תפילין אסור לשמש בו עד שיוציאם או עד שיניחם כלי בתוך כלי אמר אביי דהיינו דוקא בכלי שאינו כליין וכמבואר בפ''ד. וגרסי' בתר הכי (שם כ''ז) אריב''ל ספר תורה צריך לעשות לו מחיצה עשרה טפחים מר זוטרא איקלע לבי רב אשי חזייה לדוכתיה דמר בר רב אשי דמנח ביה ספר תורה ועביד ליה מחיצה עשרה א''ל כמאן כריב''ל אימור דאמר ריב''ל דלית ליה ביתא אחרינא מר הא אית ליה ביתא אחרינא א''ל לאו אדעתאי פי' לא נתתי אל לבי. ומשמע לרבינו דכל דלית ליה ביתא אחרינא שרי להניחו כלי בתוך כלי וכדמשמע פשטא דברייתא דקתני בית שיש בו ספר תורה וכו' או שיניחם כלי בתוך כלי. ונ''ל לפי זה דאם אין לו בית אחר אם אפשר לו לעשות לו מחיצה גבוה י' טפחים עדיף מהנחת כלי בתוך כלי וזהו שחידש ריב''ל ואמר ס''ת צריך לעשות לו מחיצה גבוה עשרה טפחים כלומר אע''ג דבתפילין אע''פ שיכול להוציאם או לעשות להם מחיצה גבוה עשרה טפחים מותר ע''י הנחת כלי בתוך כלי בס''ת אינו כן דאם אפשר לו לעשות מחיצה גבוה י' טפחים אינו מותר ע''י הנחת כלי בתוך כלי והכי דייק לישנא דריב''ל דאמר ס''ת צריך לעשות לו מחיצה גבוה י' טפחים דמשמע שבא לחלק דין ס''ת מדין תפילין ואע''פ שאין דבר זה מפורש יפה בדברי רבינו ע''כ צריך לפרשם כן: \n"
                }, 
                {
                    "segmentNumber": "2", 
                    "links": [
                        {
                            "category": "Halakhah", 
                            "index_title": "Mishneh Torah, Tefillin, Mezuzah and the Torah Scroll", 
                            "sourceHeRef": "משנה תורה, הלכות תפילין ומזוזה וספר תורה י׳:ח׳", 
                            "sourceRef": "Mishneh Torah, Tefillin, Mezuzah and the Torah Scroll 10:8"
                        }
                    ], 
                    "he": "<b>כל הטמאים ואפילו נדות וכו':</b> \n\n"
                }
            ], 
            "heTitle": "כסף משנה על משנה תורה, הלכות תפילין ומזוזה וספר תורה", 
            "indexTitle": "Kessef Mishneh on Mishneh Torah, Tefillin, Mezuzah and the Torah Scroll", 
            "sectionRef": "Kessef Mishneh on Mishneh Torah, Tefillin, Mezuzah and the Torah Scroll 10:8", 
            "prev": "Kessef Mishneh on Mishneh Torah, Tefillin, Mezuzah and the Torah Scroll 10:6", 
            "ref": "Kessef Mishneh on Mishneh Torah, Tefillin, Mezuzah and the Torah Scroll 10:8", 
            "heRef": "כסף משנה על משנה תורה, הלכות תפילין ומזוזה וספר תורה י׳:ח׳", 
            "next": "Kessef Mishneh on Mishneh Torah, Tefillin, Mezuzah and the Torah Scroll 10:9"
        }
    }, 
    "ref": "Kessef Mishneh on Mishneh Torah, Tefillin, Mezuzah and the Torah Scroll 10"
}