{
    "content": [
        {
            "segmentNumber": "1", 
            "he": "מַקְנֶה אָדָם הַגּוּף לְפֵרוֹתָיו בֵּין בְּמֶכֶר בֵּין בְּמַתָּנָה בֵּין בְּמַתְּנַת שְׁכִיב מֵרַע. וְאֵין זֶה מַקְנֶה דָּבָר שֶׁלֹּא בָּא לְעוֹלָם שֶׁהֲרֵי הַגּוּף מָצוּי וּמַקְנֶה לְפֵרוֹת. הָא לְמָה זֶה דּוֹמֶה לְשׂוֹכֵר בַּיִת אוֹ שָׂדֶה לַחֲבֵרוֹ שֶׁלֹּא הִקְנָה לוֹ הַגּוּף אֶלָּא הֲנָאַת הַגּוּף: \n"
        }, 
        {
            "segmentNumber": "2", 
            "he": "כֵּיצַד. כְּגוֹן שֶׁמָּכַר אוֹ שֶׁנָּתַן שָׂדֶה לְפֵרוֹתֶיהָ בֵּין לִזְמַן קָצוּב בֵּין כָּל יְמֵי חַיָּיו שֶׁל מוֹכֵר אוֹ שֶׁל לוֹקֵחַ. וְהוּא הַדִּין לְמוֹכֵר וּלְנוֹתֵן אִילָן לְפֵרוֹתָיו. אוֹ רָחֵל לְגִזָּתָהּ. אוֹ בְּהֵמָה וְשִׁפְחָה לְוַלְדוֹתֵיהֶם. אוֹ עֶבֶד לְמַעֲשֵׂה יָדָיו. בַּכּל מִמְכָּרוֹ אוֹ מַתְּנוֹתָיו קַיָּמִין: \n"
        }, 
        {
            "segmentNumber": "3", 
            "he": "מָכַר עַבְדּוֹ לִקְנָס שֶׁאִם יֵגֲּח וְיָמוּת יִהְיֶה קְנָס שֶׁל לוֹקֵחַ. הֲרֵי זֶה סָפֵק לְפִיכָךְ לֹא קָנָה. וְאִם תָּפַשׂ הַקְּנָס אֵין מוֹצִיאִין מִיָּדוֹ: \n"
        }, 
        {
            "segmentNumber": "4", 
            "links": [
                {
                    "category": "Halakhah", 
                    "index_title": "Kessef Mishneh on Mishneh Torah, Sales", 
                    "sourceHeRef": "כסף משנה על משנה תורה, הלכות מכירה כ״ג:ד׳:א׳", 
                    "sourceRef": "Kessef Mishneh on Mishneh Torah, Sales 23:4:1"
                }
            ], 
            "he": "מָכַר אִילָן לָזֶה וּפֵרוֹתָיו לְאַחֵר לֹא שִׁיֵּר מְקוֹם הַפֵּרוֹת וְאֵין לָאַחֵר כְּלוּם. אֲבָל אִם מָכַר אִילָן וְשִׁיֵּר פֵּרוֹתָיו לְעַצְמוֹ הֲרֵי שִׁיֵּר מְקוֹם הַפֵּרוֹת, אַף עַל פִּי שֶׁלֹּא פֵּרֵשׁ לְגַבֵּי עַצְמוֹ בְּעַיִן יָפָה מְשַׁיֵּר: \n"
        }, 
        {
            "segmentNumber": "5", 
            "he": "הַמּוֹכֵר גּוּף הַקַּרְקַע לִזְמַן קָצוּב הֲרֵי זֶה מְכִירָה. וּמִשְׁתַּמֵּשׁ הַלּוֹקֵחַ בַּגּוּף כְּחֶפְצוֹ וְאוֹכֵל הַפֵּרוֹת כָּל זְמַן הַמְּכִירָה וּבַסּוֹף תַּחְזֹר לִבְעָלֶיהָ: \n"
        }, 
        {
            "segmentNumber": "6", 
            "he": "וּמַה הֶפְרֵשׁ יֵשׁ בֵּין הַמּוֹכֵר קַרְקַע לִזְמַן קָצוּב וּבֵין הַמַּקְנֶה אוֹתָהּ לְפֵרוֹתֶיהָ. שֶׁהַקּוֹנֶה לְפֵרוֹת אֵינוֹ יָכוֹל לְשַׁנּוֹת צוּרַת הַקַּרְקַע וְלֹא יִבְנֶה וְלֹא יַהֲרֹס. אֲבָל הַקּוֹנֶה לִזְמַן קָצוּב הוּא בּוֹנֶה וְהוֹרֵס וְעוֹשֶׂה בְּכָל זְמַנּוֹ הַקָּצוּב כְּמוֹ שֶׁעוֹשֶׂה הַקּוֹנֶה קִנְיַן עוֹלָם לְעוֹלָם: \n"
        }, 
        {
            "segmentNumber": "7", 
            "links": [
                {
                    "category": "Halakhah", 
                    "index_title": "Kessef Mishneh on Mishneh Torah, Sales", 
                    "sourceHeRef": "כסף משנה על משנה תורה, הלכות מכירה כ״ג:ז׳:א׳", 
                    "sourceRef": "Kessef Mishneh on Mishneh Torah, Sales 23:7:1"
                }, 
                {
                    "category": "Halakhah", 
                    "index_title": "Kessef Mishneh on Mishneh Torah, Sales", 
                    "sourceHeRef": "כסף משנה על משנה תורה, הלכות מכירה כ״ג:ז׳:ב׳", 
                    "sourceRef": "Kessef Mishneh on Mishneh Torah, Sales 23:7:2"
                }
            ], 
            "he": "וּמַה הֶפְרֵשׁ יֵשׁ בֵּין הַמּוֹכֵר שָׂדֶה זוֹ לְפֵרוֹתֶיהָ וּבֵין הַמּוֹכֵר פֵּרוֹת שָׂדֶה זוֹ לַחֲבֵרוֹ. שֶׁהַמּוֹכֵר פֵּרוֹת הַשָּׂדֶה אֵין לַלּוֹקֵחַ לְהִשְׁתַּמֵּשׁ בְּשָׂדֶה זוֹ כְּלָל אֲפִלּוּ לְהִכָּנֵס אֶלָּא בִּשְׁעַת הוֹצָאַת הַפֵּרוֹת וְיֵשׁ לְבַעַל הַשָּׂדֶה לְהִשְׁתַּמֵּשׁ בָּהּ כְּחֶפְצוֹ. אֲבָל הַמּוֹכֵר שָׂדֶה לְפֵרוֹתֶיהָ אֵין בַּעַל הַשָּׂדֶה יָכוֹל לְהִכָּנֵס בָּהּ אֶלָּא מִדַּעַת הַלּוֹקֵחַ וְיֵשׁ לַלּוֹקֵחַ לְהִשְׁתַּמֵּשׁ בָּהּ כְּחֶפְצוֹ: \n"
        }, 
        {
            "segmentNumber": "8", 
            "he": "וּמַה הֶפְרֵשׁ יֵשׁ בֵּין הַקּוֹנֶה שָׂדֶה זוֹ לְפֵרוֹתֶיהָ וּבֵין הַשּׂוֹכֵר שָׂדֶה מֵחֲבֵרוֹ. שֶׁהַקּוֹנֶה שָׂדֶה לְפֵרוֹתֶיהָ יֵשׁ לוֹ לְנָטְעָהּ אוֹ לְזָרְעָהּ כָּל זְמַן שֶׁיִּרְצֶה אוֹ לְהוֹבִירָהּ. וְהַשּׂוֹכֵר אֵינוֹ כֵן כְּמוֹ שֶׁיִּתְבָּאֵר בְּעִנְיַן שְׂכִירוּת. וְאֵין הַשּׂוֹכֵר רַשַּׁאי לְהַשְׂכִּיר אֲבָל הַקּוֹנֶה מַקְנֶה לַאֲחֵרִים כָּל מַה שֶּׁקָּנָה: \n"
        }, 
        {
            "segmentNumber": "9", 
            "links": [
                {
                    "category": "Halakhah", 
                    "index_title": "Kessef Mishneh on Mishneh Torah, Sales", 
                    "sourceHeRef": "כסף משנה על משנה תורה, הלכות מכירה כ״ג:ט׳:א׳", 
                    "sourceRef": "Kessef Mishneh on Mishneh Torah, Sales 23:9:1"
                }, 
                {
                    "category": "Halakhah", 
                    "index_title": "Kessef Mishneh on Mishneh Torah, Sales", 
                    "sourceHeRef": "כסף משנה על משנה תורה, הלכות מכירה כ״ג:ט׳:ב׳", 
                    "sourceRef": "Kessef Mishneh on Mishneh Torah, Sales 23:9:2"
                }
            ], 
            "he": "הַמּוֹכֵר פֵּרוֹת שׁוֹבָךְ וּפֵרוֹת כַּוֶּרֶת לַחֲבֵרוֹ קָנָה וְאֵין זֶה מוֹכֵר דָּבָר שֶׁלֹּא בָּא לָעוֹלָם. לְפִי שֶׁאֵינוֹ מוֹכֵר יוֹנִים שֶׁיִּוָּלְדוּ אוֹ דְּבַשׁ שֶׁיָּבוֹא לַכַּוֶּרֶת. אֶלָּא הוּא מוֹכֵר שׁוֹבָךְ לְפֵרוֹתָיו אוֹ כַּוֶּרֶת לְדִבְשָׁהּ. שֶׁהֲרֵי הוּא כְּשׂוֹכֵר אַמַּת הַמַּיִם לַחֲבֵרוֹ שֶׁהוּא נֶהֱנֶה בְּכָל מַה שֶּׁיָּצוּד בָּהּ. כָּךְ זֶה הִקְנָה שׁוֹבָךְ זֶה לְפֵרוֹתָיו כְּמוֹ שֶׁמּוֹכֵר אִילָן לְפֵרוֹתָיו. וְדִין כֻּלָּם כְּדִין הַשּׂוֹכֵר בַּיִת מֵחֲבֵרוֹ כְּמוֹ שֶׁאָמַרְנוּ. שֶׁהוּא נֶהֱנֶה בְּכָל הֲנָיוֹת שֶׁיֵּשׁ בּוֹ. וְכֵן כָּל כַּיּוֹצֵא בָּזֶה: \n"
        }, 
        {
            "segmentNumber": "10", 
            "links": [
                {
                    "category": "Tanakh", 
                    "index_title": "Deuteronomy", 
                    "sourceHeRef": "דברים כ״ב", 
                    "sourceRef": "Deuteronomy 22"
                }, 
                {
                    "category": "Halakhah", 
                    "index_title": "Kessef Mishneh on Mishneh Torah, Sales", 
                    "sourceHeRef": "כסף משנה על משנה תורה, הלכות מכירה כ״ג:י׳:א׳", 
                    "sourceRef": "Kessef Mishneh on Mishneh Torah, Sales 23:10:1"
                }
            ], 
            "he": "הַבֵּיצִים וְהָאֶפְרוֹחִין עַצְמָן שֶׁיֵּשׁ בַּשּׁוֹבָךְ לֹא קָנָה אוֹתָם בַּעַל שׁוֹבָךְ כָּל זְמַן שֶׁלֹּא פָּרְחוּ. וְדָבָר זֶה גְּזֵרַת חֲכָמִים הִיא וּמִשּׁוּם <small>(דברים כב-ו)</small> \"לֹא תִקַּח הָאֵם עַל הַבָּנִים\" נָגְעוּ בָּהּ. לְפִיכָךְ הָרוֹצֶה לְהַקְנוֹת אֶפְרוֹחִים וּבֵיצִים אֵלּוּ לַחֲבֵרוֹ. מְטַפֵּחַ עַל הַשּׁוֹבָךְ שֶׁיִּפְרְחוּ הָאִמָּהוֹת וְיִגְבְּהוּ מֵעַל הָאָרֶץ וְאַחַר כָּךְ יַקְנֶה אוֹתָן לַחֲבֵרוֹ בְּקִנְיָן אוֹ עַל גַּבֵּי קַרְקַע אוֹ בִּשְׁאָר דְּבָרִים שֶׁהַמִּטַּלְטְלִין נִקְנִין בָּהֶן: \n"
        }, 
        {
            "segmentNumber": "11", 
            "he": "הַלּוֹקֵחַ פֵּרוֹת שׁוֹבָךְ מֵחֲבֵרוֹ אֵינוֹ יָכוֹל לִטּל כָּל הַגּוֹזָלוֹת שֶׁיִּוָּלְדוּ בּוֹ מֵעַתָּה מִפְּנֵי שֶׁהָאִמָּהוֹת בּוֹרְחוֹת נִמְצָא שֶׁהֶחֱרִיב כָּל הַשּׁוֹבָךְ אֶלָּא מַנִּיחַ מֵהֶן כְּדֵי לְיַשֵּׁב הַשּׁוֹבָךְ: \n"
        }, 
        {
            "segmentNumber": "12", 
            "he": "וְכַמָּה מַנִּיחַ. אִם הָיוּ בּוֹ אִמָּהוֹת וּבָנוֹת בְּעֵת מְכִירַת הַפֵּרוֹת. מַנִּיחַ בְּרֵכָה רִאשׁוֹנָה שֶׁיּוֹלִידוּ הָאִמָּהוֹת כְּדֵי שֶׁיִּצְטַוְּתוּ הָאִמָּהוֹת עִם הַבְּרֵכָה הָרִאשׁוֹנָה וְעִם הַבָּנוֹת שֶׁעִמָּהֶם. וּמַנִּיחַ מִמַּה שֶּׁיּוֹלִידוּ הַבָּנוֹת שְׁתֵּי בְּרֵכוֹת כְּדֵי שֶׁיִּצְטַוְּתוּ הַבָּנוֹת עִם שְׁתֵּי הַבְּרֵכוֹת שֶׁהוֹלִידוּ. וְכָל הַנּוֹלָד מֵאַחַר שְׁתֵּי בְּרֵכוֹת שֶׁל בָּנוֹת וְהַבְּרֵכָה הָרִאשׁוֹנָה שֶׁל אִמָּהוֹת הֲרֵי אֵלּוּ שֶׁלּוֹ: \n"
        }, 
        {
            "segmentNumber": "13", 
            "links": [
                {
                    "category": "Halakhah", 
                    "index_title": "Kessef Mishneh on Mishneh Torah, Sales", 
                    "sourceHeRef": "כסף משנה על משנה תורה, הלכות מכירה כ״ג:י״ג:א׳", 
                    "sourceRef": "Kessef Mishneh on Mishneh Torah, Sales 23:13:1"
                }
            ], 
            "he": "הַלּוֹקֵחַ פֵּרוֹת כַּוֶּרֶת מֵחֲבֵרוֹ נוֹטֵל שְׁלֹשָׁה נְחִילִים זֶה אַחַר זֶה מִכָּאן וְאֵילָךְ נוֹטֵל נְחִיל וּמֵנִיחַ נְחִיל כְּדֵי לְיַשֵּׁב אֶת הַכַּוֶּרֶת: \n"
        }, 
        {
            "segmentNumber": "14", 
            "he": "הַלּוֹקֵחַ חַלּוֹת דְּבַשׁ מֵחֲבֵרוֹ מַנִּיחַ בַּכַּוֶּרֶת שְׁתֵּי חַלּוֹת כְּדֵי שֶׁלֹּא יִפְרְחוּ הַדְּבוֹרִים וְיֵלְכוּ לָהֶן: \n"
        }, 
        {
            "segmentNumber": "15", 
            "links": [
                {
                    "category": "Halakhah", 
                    "index_title": "Kessef Mishneh on Mishneh Torah, Sales", 
                    "sourceHeRef": "כסף משנה על משנה תורה, הלכות מכירה כ״ג:ט״ו:א׳", 
                    "sourceRef": "Kessef Mishneh on Mishneh Torah, Sales 23:15:1"
                }
            ], 
            "he": "הַלּוֹקֵחַ זֵיתִים מֵחֲבֵרוֹ לָקֹץ. מַנִּיחַ הָאִילָן סָמוּךְ לָאָרֶץ שְׁתֵּי גְּרוֹפִיּוֹת וְקוֹצֵץ. לָקַח בְּתוּלַת שִׁקְמָה מַגְבִּיהַּ שְׁלֹשָׁה טְפָחִים וְקוֹצֵץ. סַדָּן שֶׁל שִׁקְמָה שְׁנֵי טְפָחִים. וּבִשְׁאָר אִילָנוֹת טֶפַח וְקוֹצֵץ. בְּקָנִים וּבִגְפָנִים מִן הַפְּקָק וּלְמַעְלָה. בִּדְקָלִים וַאֲרָזִים חוֹפֵר וּמְשָׁרֵשׁ לְפִי שֶׁאֵין גִּזְעוֹ מַחְלִיף: \n"
        }
    ], 
    "heTitle": "משנה תורה, הלכות מכירה", 
    "indexTitle": "Mishneh Torah, Sales", 
    "sectionRef": "Mishneh Torah, Sales 23", 
    "prev": "Mishneh Torah, Sales 22", 
    "ref": "Mishneh Torah, Sales 23", 
    "heRef": "משנה תורה, הלכות מכירה כ״ג", 
    "next": "Mishneh Torah, Sales 24"
}