{
    "heTitleVariants": [
        "עובדיה מברטנורא על משנה נדרים", 
        "ר' עובדיה מברטנורא על משנה נדרים", 
        "ברטנורא על משנה נדרים"
    ], 
    "heTitle": "ברטנורא על משנה נדרים", 
    "commentaryBook": "Mishnah Nedarim", 
    "heRef": "ברטנורא על משנה נדרים ב׳", 
    "toSections": [
        2
    ], 
    "sectionRef": "Bartenura on Mishnah Nedarim 2", 
    "title": "Bartenura on Mishnah Nedarim 2", 
    "lengths": [
        11, 
        90
    ], 
    "next": "Bartenura on Mishnah Nedarim 3:1", 
    "content": [
        {
            "segmentNumber": "1", 
            "he": [
                "<b>ואלו מותרין</b> חולין שאוכל לך. לסימן בעלמא נקטיה, כשם שחולין שאוכל לך אין צריך שאלה לחכם, כך כל הני דאמרינן במתניתין ברישא אין צריכין שאלת חכם :", 
                "<b> כעורות לבובין</b> היו נוקבים הבהמה מחיים כנגד הלב ומוציאין הלב ומקריבין אותו לע''ז, ותקרובת ע''ז אסור בהנאה:", 
                "<b> כחלת אהרן</b> שהיה ראשון לכהנים. ולא הוי דבר הנדור, שאין חלה ותרומה באין בנדר ונדבה:", 
                "<b> הרי זה מותר</b> דאמר קרא (במדבר ל') איש כי ידור נדר, עד שידור בדבר הנדור.  וחטאת שאיני אוכל לך דאמרינן בפרק קמא דאסור ואף על פי שאינו דבר הנדור, הוי טעמא, דאפשר שיביא חטאת על ידי נדר, כגון שנדר בנזיר ומתחייב להביא חטאת:", 
                "<b> הרי את עלי כאמא</b> אע''ג דלאו דבר הנדור הוא. חמור מכל הני דלעיל, דצריך התירא מדרבנן אם הוא עם הארץ:", 
                "<b> פותחין לו פתח ממקום אחר</b> כלומר מבקשים לו פתח וטעם לחרטתו. ולא סגי בכדו תהית  או לבך עלך.  וכל זה שלא יקל ראשו ולא ירגיל לאסור אשתו עליו:", 
                "<b> קונם שאיני ישן כו'</b> הרי זה בבל יחל מדרבנן . אבל מן התורה אין הנדר חל, דנדרים אין חלים אלא על דבר שיש בו ממש:", 
                "<b> קונם שאיני משמשך</b> בגמרא מקשה, והא משועבד לה והיאך יכול להפקיע שעבודה בנדרו והא הוי כאוסר פירות חבירו על חבירו. ומשני, כגון דאמר הנאת תשמישך עלי קונם,  שאסר ההנאה עליו, ואין מאכילין לו לאדם דבר האסור לו:", 
                "<b> שבועה שאיני ישן וכו'</b> אסור מן התורה, דשבועות חלין בין על דבר שיש בו ממש בין על דבר שאין בו ממש. ואם נשבע שלא יישן שלשה ימים רצופין לילה ויום, לוקה  ויישן מיד, מפני שנשבע על דבר שאי אפשר לקיימו:\n\n"
            ], 
            "links": [
                {
                    "category": "Mishnah", 
                    "sourceHeRef": "משנה נדרים ב׳:א׳", 
                    "sourceRef": "Mishnah Nedarim 2:1", 
                    "ref": "Mishnah Nedarim 2:1"
                }, 
                {
                    "category": "Mishnah", 
                    "sourceHeRef": "משנה נדרים ב׳:א׳", 
                    "sourceRef": "Mishnah Nedarim 2:1", 
                    "ref": "Mishnah Nedarim 2:1"
                }, 
                {
                    "category": "Mishnah", 
                    "sourceHeRef": "משנה נדרים ב׳:א׳", 
                    "sourceRef": "Mishnah Nedarim 2:1", 
                    "ref": "Mishnah Nedarim 2:1"
                }, 
                {
                    "category": "Mishnah", 
                    "sourceHeRef": "משנה נדרים ב׳:א׳", 
                    "sourceRef": "Mishnah Nedarim 2:1", 
                    "ref": "Mishnah Nedarim 2:1"
                }, 
                {
                    "category": "Mishnah", 
                    "sourceHeRef": "משנה נדרים ב׳:א׳", 
                    "sourceRef": "Mishnah Nedarim 2:1", 
                    "ref": "Mishnah Nedarim 2:1"
                }, 
                {
                    "category": "Mishnah", 
                    "sourceHeRef": "משנה נדרים ב׳:א׳", 
                    "sourceRef": "Mishnah Nedarim 2:1", 
                    "ref": "Mishnah Nedarim 2:1"
                }, 
                {
                    "category": "Mishnah", 
                    "sourceHeRef": "משנה נדרים ב׳:א׳", 
                    "sourceRef": "Mishnah Nedarim 2:1", 
                    "ref": "Mishnah Nedarim 2:1"
                }, 
                {
                    "category": "Mishnah", 
                    "sourceHeRef": "משנה נדרים ב׳:א׳", 
                    "sourceRef": "Mishnah Nedarim 2:1", 
                    "ref": "Mishnah Nedarim 2:1"
                }, 
                {
                    "category": "Mishnah", 
                    "sourceHeRef": "משנה נדרים ב׳:א׳", 
                    "sourceRef": "Mishnah Nedarim 2:1", 
                    "ref": "Mishnah Nedarim 2:1"
                }, 
                {
                    "category": "Commentary", 
                    "sourceHeRef": "עיקר תוספות יום טוב על משנה נדרים ב׳:א׳:ב׳", 
                    "sourceRef": "Ikar Tosafot Yom Tov on Mishnah Nedarim 2:1:2", 
                    "ref": "Ikar Tosafot Yom Tov on Mishnah Nedarim 2:1:2"
                }, 
                {
                    "category": "Commentary", 
                    "sourceHeRef": "עיקר תוספות יום טוב על משנה נדרים ב׳:א׳:ו׳", 
                    "sourceRef": "Ikar Tosafot Yom Tov on Mishnah Nedarim 2:1:6", 
                    "ref": "Ikar Tosafot Yom Tov on Mishnah Nedarim 2:1:6"
                }, 
                {
                    "category": "Commentary", 
                    "sourceHeRef": "עיקר תוספות יום טוב על משנה נדרים ב׳:א׳:ט׳", 
                    "sourceRef": "Ikar Tosafot Yom Tov on Mishnah Nedarim 2:1:9", 
                    "ref": "Ikar Tosafot Yom Tov on Mishnah Nedarim 2:1:9"
                }, 
                {
                    "category": "Commentary", 
                    "sourceHeRef": "עיקר תוספות יום טוב על משנה נדרים ב׳:א׳:י׳", 
                    "sourceRef": "Ikar Tosafot Yom Tov on Mishnah Nedarim 2:1:10", 
                    "ref": "Ikar Tosafot Yom Tov on Mishnah Nedarim 2:1:10"
                }, 
                {
                    "category": "Commentary", 
                    "sourceHeRef": "עיקר תוספות יום טוב על משנה נדרים ב׳:א׳:י״ב", 
                    "sourceRef": "Ikar Tosafot Yom Tov on Mishnah Nedarim 2:1:12", 
                    "ref": "Ikar Tosafot Yom Tov on Mishnah Nedarim 2:1:12"
                }, 
                {
                    "category": "Commentary", 
                    "sourceHeRef": "עיקר תוספות יום טוב על משנה נדרים ב׳:א׳:י״ג", 
                    "sourceRef": "Ikar Tosafot Yom Tov on Mishnah Nedarim 2:1:13", 
                    "ref": "Ikar Tosafot Yom Tov on Mishnah Nedarim 2:1:13"
                }, 
                {
                    "category": "Commentary", 
                    "sourceHeRef": "עיקר תוספות יום טוב על משנה נדרים ב׳:א׳:ט״ו", 
                    "sourceRef": "Ikar Tosafot Yom Tov on Mishnah Nedarim 2:1:15", 
                    "ref": "Ikar Tosafot Yom Tov on Mishnah Nedarim 2:1:15"
                }, 
                {
                    "category": "Tanach", 
                    "sourceHeRef": "במדבר ל׳", 
                    "sourceRef": "Numbers 30", 
                    "ref": "Numbers 30"
                }
            ], 
            "text": ""
        }, 
        {
            "segmentNumber": "2", 
            "he": [
                "<b>קרבן לא אוכל לך כו'</b> מותר, דהוי כנשבע בקרבן  ונעשה כאומר בחיי הקרבן אם אוכל לך שום דבר:", 
                "<b> שבועה שלא אוכל לך</b> ולא אמרינן בחיי שבועה קאמר כדאמרינן בקרבן, דשבועה לית בה מששא ולא שייך לומר בה בחיי שבועה:", 
                "<b> שבועה שאוכל לך</b> זמנין דשבועה שאוכל לך דלא אכילנא משמע, כגון שהיה חבירו מסרב בו לאכול ואמר לא אכילנא לא אכילנא ושוב אמר שבועה שאוכל לך, דלא אכילנא משמע, והכי קאמר בשבועה יהא עלי אי אכילנא לך:", 
                "<b> זה חומר בשבועות</b> לא מצינן לאוקמה אשבועה שלא אוכל לך וכו', דמדקתני זה חומר משמע דנדר הוי אלא דאינו חמור כשבועה, וגבי קרבן לא אוכל לך תנן מותר דלא הוי נדר כלל. משום הכי צריך לאוקמה אדלעיל דתנינא קונם שאיני ישן שאיני מדבר הרי זה בבל יחל, ואוקימנא מדרבנן, דמדאורייתא אין הנדר חל אלא על דבר שיש בו ממש , וזה חומר בשבועות מבנדרים, ששבועה חלה אפילו על דבר שאין בו ממש:", 
                "<b> תפילין שאני מניח</b> משום דאסר חפצא עליה, ואינו נראה כנודר לבטל את המצוה שהרי לא קיבל על עצמו, אלא אסר החפץ עליו, ואם יקיים המצוה הויא מצוה הבאה בעבירה ודמי למי שחייב לאכול מצה בלילי פסח ולא מצא אלא מצה של טבל או של הקדש, שאסור לאכלה. אבל כל לשון שבועה הוא אוסר את עצמו מלעשות הדבר , וכיון שהוא מחוייב לעשות המצוה לאו כל כמיניה להפקיע עצמו מחיוב המצוה. ואם אמר הרי עלי קרבן אם אניח תפילין, חל הנדר וחייב להביא קרבן אם הניח תפילין :\n\n"
            ], 
            "links": [
                {
                    "category": "Mishnah", 
                    "sourceHeRef": "משנה נדרים ב׳:ב׳", 
                    "sourceRef": "Mishnah Nedarim 2:2", 
                    "ref": "Mishnah Nedarim 2:2"
                }, 
                {
                    "category": "Mishnah", 
                    "sourceHeRef": "משנה נדרים ב׳:ב׳", 
                    "sourceRef": "Mishnah Nedarim 2:2", 
                    "ref": "Mishnah Nedarim 2:2"
                }, 
                {
                    "category": "Mishnah", 
                    "sourceHeRef": "משנה נדרים ב׳:ב׳", 
                    "sourceRef": "Mishnah Nedarim 2:2", 
                    "ref": "Mishnah Nedarim 2:2"
                }, 
                {
                    "category": "Mishnah", 
                    "sourceHeRef": "משנה נדרים ב׳:ב׳", 
                    "sourceRef": "Mishnah Nedarim 2:2", 
                    "ref": "Mishnah Nedarim 2:2"
                }, 
                {
                    "category": "Mishnah", 
                    "sourceHeRef": "משנה נדרים ב׳:ב׳", 
                    "sourceRef": "Mishnah Nedarim 2:2", 
                    "ref": "Mishnah Nedarim 2:2"
                }, 
                {
                    "category": "Commentary", 
                    "sourceHeRef": "עיקר תוספות יום טוב על משנה נדרים ב׳:ב׳:א׳", 
                    "sourceRef": "Ikar Tosafot Yom Tov on Mishnah Nedarim 2:2:1", 
                    "ref": "Ikar Tosafot Yom Tov on Mishnah Nedarim 2:2:1"
                }, 
                {
                    "category": "Commentary", 
                    "sourceHeRef": "עיקר תוספות יום טוב על משנה נדרים ב׳:ב׳:ג׳", 
                    "sourceRef": "Ikar Tosafot Yom Tov on Mishnah Nedarim 2:2:3", 
                    "ref": "Ikar Tosafot Yom Tov on Mishnah Nedarim 2:2:3"
                }, 
                {
                    "category": "Commentary", 
                    "sourceHeRef": "עיקר תוספות יום טוב על משנה נדרים ב׳:ב׳:ו׳", 
                    "sourceRef": "Ikar Tosafot Yom Tov on Mishnah Nedarim 2:2:6", 
                    "ref": "Ikar Tosafot Yom Tov on Mishnah Nedarim 2:2:6"
                }, 
                {
                    "category": "Commentary", 
                    "sourceHeRef": "עיקר תוספות יום טוב על משנה נדרים ב׳:ב׳:ז׳", 
                    "sourceRef": "Ikar Tosafot Yom Tov on Mishnah Nedarim 2:2:7", 
                    "ref": "Ikar Tosafot Yom Tov on Mishnah Nedarim 2:2:7"
                }
            ], 
            "text": ""
        }, 
        {
            "segmentNumber": "3", 
            "he": [
                "<b>חייב על כל אחת ואחת</b> ויהיה נזיר שלשים יום אם אמר הריני נזיר סתם ויביא קרבן נזיר ויחזור להיות נזיר  כמספר הפעמים שאמר שיהיה נזיר. ובשבועה אינו חייב אלא אחת, שאינו לוקה אלא מלקות אחת. אבל אם נשאל על השבועה הראשונה, חלה השבועה השניה. וכן אם נשאל על השניה, חלה השלישית. ואסור לאכול עד שיותרו כולם, מדלא תנן הרי זו שבועה אחת, אלא אינו חייב אלא אחת:\n\n"
            ], 
            "links": [
                {
                    "category": "Mishnah", 
                    "sourceHeRef": "משנה נדרים ב׳:ג׳", 
                    "sourceRef": "Mishnah Nedarim 2:3", 
                    "ref": "Mishnah Nedarim 2:3"
                }, 
                {
                    "category": "Commentary", 
                    "sourceHeRef": "עיקר תוספות יום טוב על משנה נדרים ב׳:ג׳:ג׳", 
                    "sourceRef": "Ikar Tosafot Yom Tov on Mishnah Nedarim 2:3:3", 
                    "ref": "Ikar Tosafot Yom Tov on Mishnah Nedarim 2:3:3"
                }
            ], 
            "text": ""
        }, 
        {
            "segmentNumber": "4", 
            "he": [
                "<b>ופירושם להקל</b> אע''ג דכשפירש דבריו אזלינן בתר פירושו,  כי סתם ולא פירש אזלינן להחמיר, דסתם נודר דעתו לאסור :", 
                "<b> כבשר מליח</b> היינו קרבן, דכתיב (ויקרא ב') על כל קרבנך תקריב מלח:", 
                "<b> כחרם של כהנים מותר</b> אע''ג דחרמי כהנים מועלים בהם עד שיבואו לידי כהנים והוי דבר הנדור, מ''מ סתם חרמי כהנים משמע שכבר באו ליד כהן:", 
                "<b> אם כמעשר בהמה אסור</b> דהוי דבר הנדור, שצריך להקדישו,  ואין מעשר בהמה אוסר הדיר כמו שמעשר דגן אוסר הגורן:", 
                "<b> שאין אנשי גליל מכירין תרומת הלשכה</b> לפי שהיו רחוקים מירושלים :", 
                "<b> שאין אנשי גליל מכירין חרמי כהנים</b> וכל מה שהיו מחרימין היו מפרישין לבדק הבית . והלכה כרבי יהודה:\n\n"
            ], 
            "links": [
                {
                    "category": "Mishnah", 
                    "sourceHeRef": "משנה נדרים ב׳:ד׳", 
                    "sourceRef": "Mishnah Nedarim 2:4", 
                    "ref": "Mishnah Nedarim 2:4"
                }, 
                {
                    "category": "Mishnah", 
                    "sourceHeRef": "משנה נדרים ב׳:ד׳", 
                    "sourceRef": "Mishnah Nedarim 2:4", 
                    "ref": "Mishnah Nedarim 2:4"
                }, 
                {
                    "category": "Mishnah", 
                    "sourceHeRef": "משנה נדרים ב׳:ד׳", 
                    "sourceRef": "Mishnah Nedarim 2:4", 
                    "ref": "Mishnah Nedarim 2:4"
                }, 
                {
                    "category": "Mishnah", 
                    "sourceHeRef": "משנה נדרים ב׳:ד׳", 
                    "sourceRef": "Mishnah Nedarim 2:4", 
                    "ref": "Mishnah Nedarim 2:4"
                }, 
                {
                    "category": "Mishnah", 
                    "sourceHeRef": "משנה נדרים ב׳:ד׳", 
                    "sourceRef": "Mishnah Nedarim 2:4", 
                    "ref": "Mishnah Nedarim 2:4"
                }, 
                {
                    "category": "Mishnah", 
                    "sourceHeRef": "משנה נדרים ב׳:ד׳", 
                    "sourceRef": "Mishnah Nedarim 2:4", 
                    "ref": "Mishnah Nedarim 2:4"
                }, 
                {
                    "category": "Commentary", 
                    "sourceHeRef": "עיקר תוספות יום טוב על משנה נדרים ב׳:ד׳:א׳", 
                    "sourceRef": "Ikar Tosafot Yom Tov on Mishnah Nedarim 2:4:1", 
                    "ref": "Ikar Tosafot Yom Tov on Mishnah Nedarim 2:4:1"
                }, 
                {
                    "category": "Commentary", 
                    "sourceHeRef": "עיקר תוספות יום טוב על משנה נדרים ב׳:ד׳:ב׳", 
                    "sourceRef": "Ikar Tosafot Yom Tov on Mishnah Nedarim 2:4:2", 
                    "ref": "Ikar Tosafot Yom Tov on Mishnah Nedarim 2:4:2"
                }, 
                {
                    "category": "Commentary", 
                    "sourceHeRef": "עיקר תוספות יום טוב על משנה נדרים ב׳:ד׳:ד׳", 
                    "sourceRef": "Ikar Tosafot Yom Tov on Mishnah Nedarim 2:4:4", 
                    "ref": "Ikar Tosafot Yom Tov on Mishnah Nedarim 2:4:4"
                }, 
                {
                    "category": "Commentary", 
                    "sourceHeRef": "עיקר תוספות יום טוב על משנה נדרים ב׳:ד׳:ה׳", 
                    "sourceRef": "Ikar Tosafot Yom Tov on Mishnah Nedarim 2:4:5", 
                    "ref": "Ikar Tosafot Yom Tov on Mishnah Nedarim 2:4:5"
                }, 
                {
                    "category": "Commentary", 
                    "sourceHeRef": "עיקר תוספות יום טוב על משנה נדרים ב׳:ד׳:ו׳", 
                    "sourceRef": "Ikar Tosafot Yom Tov on Mishnah Nedarim 2:4:6", 
                    "ref": "Ikar Tosafot Yom Tov on Mishnah Nedarim 2:4:6"
                }, 
                {
                    "category": "Tanach", 
                    "sourceHeRef": "ויקרא ב׳", 
                    "sourceRef": "Leviticus 2", 
                    "ref": "Leviticus 2"
                }
            ], 
            "text": ""
        }, 
        {
            "segmentNumber": "5", 
            "he": [
                "<b>בחרמו של ים</b> לשון מצודה, כמו אשר היא מצודים וחרמים (קהלת ז'.) הרי עצמי קרבן. אסר עצמו כקרבן על חבירו:", 
                "<b> אין נשאלים עליהם</b> אין צריכין שאלת חכם, שאינן חלים:", 
                "<b> ואם נשאלו</b> ואם עם הארץ הוא זה  שנדר כהאי גוונא ובא לישאל על נדרו, אין פותחין לו פתח לחרטה ואין מתירין לו. ואם עבר על נדרו זה מנדין אותו :", 
                "<b> פותחין לו פתח ממקום אחר</b> מראים לו שהדבר קיים ופותחין לו פתח מטעם אחר ומתירין לו נדרו. אבל לא עונשין ולא מחמירין. וכן הלכה:"
            ], 
            "links": [
                {
                    "category": "Mishnah", 
                    "sourceHeRef": "משנה נדרים ב׳:ה׳", 
                    "sourceRef": "Mishnah Nedarim 2:5", 
                    "ref": "Mishnah Nedarim 2:5"
                }, 
                {
                    "category": "Mishnah", 
                    "sourceHeRef": "משנה נדרים ב׳:ה׳", 
                    "sourceRef": "Mishnah Nedarim 2:5", 
                    "ref": "Mishnah Nedarim 2:5"
                }, 
                {
                    "category": "Mishnah", 
                    "sourceHeRef": "משנה נדרים ב׳:ה׳", 
                    "sourceRef": "Mishnah Nedarim 2:5", 
                    "ref": "Mishnah Nedarim 2:5"
                }, 
                {
                    "category": "Mishnah", 
                    "sourceHeRef": "משנה נדרים ב׳:ה׳", 
                    "sourceRef": "Mishnah Nedarim 2:5", 
                    "ref": "Mishnah Nedarim 2:5"
                }, 
                {
                    "category": "Commentary", 
                    "sourceHeRef": "עיקר תוספות יום טוב על משנה נדרים ב׳:ה׳:ד׳", 
                    "sourceRef": "Ikar Tosafot Yom Tov on Mishnah Nedarim 2:5:4", 
                    "ref": "Ikar Tosafot Yom Tov on Mishnah Nedarim 2:5:4"
                }, 
                {
                    "category": "Commentary", 
                    "sourceHeRef": "עיקר תוספות יום טוב על משנה נדרים ב׳:ה׳:ה׳", 
                    "sourceRef": "Ikar Tosafot Yom Tov on Mishnah Nedarim 2:5:5", 
                    "ref": "Ikar Tosafot Yom Tov on Mishnah Nedarim 2:5:5"
                }, 
                {
                    "category": "Tanach", 
                    "sourceHeRef": "קהלת ז׳", 
                    "sourceRef": "Ecclesiastes 7", 
                    "ref": "Ecclesiastes 7"
                }
            ], 
            "text": ""
        }
    ], 
    "book": "Bartenura on Mishnah Nedarim", 
    "prev": "Bartenura on Mishnah Nedarim 1:4", 
    "textDepth": 3, 
    "sectionNames": [
        "Chapter", 
        "Mishna", 
        "Comment"
    ], 
    "sections": [
        2
    ], 
    "commentator": "Bartenura", 
    "isComplex": false, 
    "commentaryCategories": [
        "Mishnah", 
        "Seder Nashim"
    ], 
    "titleVariants": [
        "Obadiah of Bertinoro on Mishnah Nedarim", 
        "Obadiah ben Abraham of Bertinoro on M. Nedarim", 
        "Ovadia of Bartenura on M. Nedarim", 
        "Ovadia of Bartenura on Mishna Nedarim", 
        "Bartenura on M. Nedarim", 
        "Obadiah ben Abraham of Bertinoro on Mishnah Nedarim", 
        "Bartenura on Mishna Nedarim", 
        "Obadiah of Bertinoro on M. Nedarim", 
        "Bartenura on M Nedarim", 
        "Obadiah ben Abraham of Bertinoro on Mishna Nedarim", 
        "Ovadia of Bartenura on M Nedarim", 
        "Obadiah of Bertinoro on Mishna Nedarim", 
        "Bartenura on Mishnah Nedarim", 
        "Obadiah of Bertinoro on M Nedarim", 
        "Ovadia of Bartenura on Mishnah Nedarim", 
        "Obadiah ben Abraham of Bertinoro on M Nedarim"
    ], 
    "categories": [
        "Commentary", 
        "Mishnah", 
        "Bartenura"
    ], 
    "ref": "Bartenura on Mishnah Nedarim 2", 
    "type": "Commentary", 
    "addressTypes": [
        "Perek", 
        "Mishnah", 
        "Integer"
    ], 
    "heCommentator": "ברטנורא", 
    "length": 11, 
    "indexTitle": "Bartenura on Mishnah Nedarim", 
    "heIndexTitle": "ברטנורא על משנה נדרים", 
    "alts": [], 
    "order": [
        26, 
        3
    ]
}