{
    "content": [
        {
            "segmentNumber": "1", 
            "he": "הַדָּבָ֛ר אֲשֶׁר־הָיָ֥ה אֶֽל־יִרְמְיָ֖הוּ מֵאֵ֣ת יְהוָ֑ה בִּשְׁלֹ֨חַ אֵלָ֜יו הַמֶּ֣לֶךְ צִדְקִיָּ֗הוּ אֶת־פַּשְׁחוּר֙ בֶּן־מַלְכִּיָּ֔ה וְאֶת־צְפַנְיָ֧ה בֶן־מַעֲשֵׂיָ֛ה הַכֹּהֵ֖ן לֵאמֹֽר׃", 
            "text": "The word which came unto Jeremiah from the LORD, when king Zedekiah sent unto him Pashhur the son of Malchiah, and Zephaniah the son of Maaseiah the priest, saying:"
        }, 
        {
            "segmentNumber": "2", 
            "he": "דְּרָשׁ־נָ֤א בַעֲדֵ֙נוּ֙ אֶת־יְהוָ֔ה כִּ֛י נְבוּכַדְרֶאצַּ֥ר מֶֽלֶךְ־בָּבֶ֖ל נִלְחָ֣ם עָלֵ֑ינוּ אוּלַי֩ יַעֲשֶׂ֨ה יְהוָ֤ה אוֹתָ֙נוּ֙ כְּכָל־נִפְלְאֹתָ֔יו וְיַעֲלֶ֖ה מֵעָלֵֽינוּ׃ (ס)", 
            "links": [
                {
                    "category": "Commentary", 
                    "index_title": "Metzudat David on Jeremiah", 
                    "sourceHeRef": "מצודת דוד על ירמיהו כ״א:ב׳:א׳", 
                    "sourceRef": "Metzudat David on Jeremiah 21:2:1"
                }, 
                {
                    "category": "Commentary", 
                    "index_title": "Metzudat David on Jeremiah", 
                    "sourceHeRef": "מצודת דוד על ירמיהו כ״א:ב׳:ב׳", 
                    "sourceRef": "Metzudat David on Jeremiah 21:2:2"
                }, 
                {
                    "category": "Commentary", 
                    "index_title": "Metzudat David on Jeremiah", 
                    "sourceHeRef": "מצודת דוד על ירמיהו כ״א:ב׳:ג׳", 
                    "sourceRef": "Metzudat David on Jeremiah 21:2:3"
                }, 
                {
                    "category": "Commentary", 
                    "index_title": "Metzudat David on Jeremiah", 
                    "sourceHeRef": "מצודת דוד על ירמיהו כ״א:ב׳:ד׳", 
                    "sourceRef": "Metzudat David on Jeremiah 21:2:4"
                }, 
                {
                    "category": "Commentary", 
                    "index_title": "Metzudat Zion on Jeremiah", 
                    "sourceHeRef": "מצודת ציון על ירמיהו כ״א:ב׳:א׳", 
                    "sourceRef": "Metzudat Zion on Jeremiah 21:2:1"
                }, 
                {
                    "category": "Commentary", 
                    "index_title": "Malbim Beur Hamilot on Jeremiah", 
                    "sourceHeRef": "מלבי\"ם באור המילות על ירמיהו כ״א:ב׳:א׳", 
                    "sourceRef": "Malbim Beur Hamilot on Jeremiah 21:2:1"
                }, 
                {
                    "category": "Commentary", 
                    "index_title": "Malbim Beur Hamilot on Jeremiah", 
                    "sourceHeRef": "מלבי\"ם באור המילות על ירמיהו כ״א:ב׳:ב׳", 
                    "sourceRef": "Malbim Beur Hamilot on Jeremiah 21:2:2"
                }, 
                {
                    "category": "Quoting Commentary", 
                    "index_title": "Rashbam on Deuteronomy", 
                    "sourceHeRef": "רשב\"ם על דברים י״ח:י״א:א׳", 
                    "sourceRef": "Rashbam on Deuteronomy 18:11:1"
                }
            ], 
            "text": "’Inquire, I pray thee, of the LORD for us; for Nebuchadrezzar king of Babylon maketh war against us; peradventure the LORD will deal with us according to all His wondrous works, that he may go up from us.’"
        }, 
        {
            "segmentNumber": "3", 
            "he": "וַיֹּ֥אמֶר יִרְמְיָ֖הוּ אֲלֵיהֶ֑ם כֹּ֥ה תֹאמְרֻ֖ן אֶל־צִדְקִיָּֽהוּ׃", 
            "text": "Then said Jeremiah unto them: Thus shall ye say to Zedekiah:"
        }, 
        {
            "segmentNumber": "4", 
            "he": "כֹּֽה־אָמַ֨ר יְהוָ֜ה אֱלֹהֵ֣י יִשְׂרָאֵ֗ל הִנְנִ֣י מֵסֵב֮ אֶת־כְּלֵ֣י הַמִּלְחָמָה֮ אֲשֶׁ֣ר בְּיֶדְכֶם֒ אֲשֶׁ֨ר אַתֶּ֜ם נִלְחָמִ֣ים בָּ֗ם אֶת־מֶ֤לֶךְ בָּבֶל֙ וְאֶת־הַכַּשְׂדִּ֔ים הַצָּרִ֣ים עֲלֵיכֶ֔ם מִח֖וּץ לַֽחוֹמָ֑ה וְאָסַפְתִּ֣י אוֹתָ֔ם אֶל־תּ֖וֹךְ הָעִ֥יר הַזֹּֽאת׃", 
            "links": [
                {
                    "category": "Commentary", 
                    "index_title": "Malbim on Jeremiah", 
                    "sourceHeRef": "מלבי\"ם על ירמיהו כ״א:ד׳:א׳", 
                    "sourceRef": "Malbim on Jeremiah 21:4:1"
                }, 
                {
                    "category": "Commentary", 
                    "index_title": "Rashi on Jeremiah", 
                    "sourceHeRef": "רש\"י על ירמיהו כ״א:ד׳:א׳", 
                    "sourceRef": "Rashi on Jeremiah 21:4:1"
                }, 
                {
                    "category": "Commentary", 
                    "index_title": "Rashi on Jeremiah", 
                    "sourceHeRef": "רש\"י על ירמיהו כ״א:ד׳:ב׳", 
                    "sourceRef": "Rashi on Jeremiah 21:4:2"
                }, 
                {
                    "category": "Commentary", 
                    "index_title": "Metzudat Zion on Jeremiah", 
                    "sourceHeRef": "מצודת ציון על ירמיהו כ״א:ד׳:א׳", 
                    "sourceRef": "Metzudat Zion on Jeremiah 21:4:1"
                }, 
                {
                    "category": "Commentary", 
                    "index_title": "Metzudat Zion on Jeremiah", 
                    "sourceHeRef": "מצודת ציון על ירמיהו כ״א:ד׳:ב׳", 
                    "sourceRef": "Metzudat Zion on Jeremiah 21:4:2"
                }, 
                {
                    "category": "Commentary", 
                    "index_title": "Metzudat Zion on Jeremiah", 
                    "sourceHeRef": "מצודת ציון על ירמיהו כ״א:ד׳:ג׳", 
                    "sourceRef": "Metzudat Zion on Jeremiah 21:4:3"
                }, 
                {
                    "category": "Commentary", 
                    "index_title": "Metzudat Zion on Jeremiah", 
                    "sourceHeRef": "מצודת ציון על ירמיהו כ״א:ד׳:ד׳", 
                    "sourceRef": "Metzudat Zion on Jeremiah 21:4:4"
                }, 
                {
                    "category": "Quoting Commentary", 
                    "index_title": "Malbim on Ezekiel", 
                    "sourceHeRef": "מלבי\"ם על יחזקאל ד׳:ט׳:ד׳", 
                    "sourceRef": "Malbim on Ezekiel 4:9:4"
                }, 
                {
                    "category": "Quoting Commentary", 
                    "index_title": "Rashbam on Genesis", 
                    "sourceHeRef": "רשב\"ם על בראשית כ״ו:כ״ו:א׳", 
                    "sourceRef": "Rashbam on Genesis 26:26:1"
                }, 
                {
                    "category": "Midrash", 
                    "index_title": "Midrash Tehillim", 
                    "sourceHeRef": "מדרש תהילים ל״ו:ה׳", 
                    "sourceRef": "Midrash Tehillim 36:5"
                }
            ], 
            "text": "Thus saith the LORD, the God of Israel: Behold, I will turn back the weapons of war that are in your hands, wherewith ye fight against the king of Babylon, and against the Chaldeans, that besiege you without the walls, and I will gather them into the midst of this city."
        }, 
        {
            "segmentNumber": "5", 
            "he": "וְנִלְחַמְתִּ֤י אֲנִי֙ אִתְּכֶ֔ם בְּיָ֥ד נְטוּיָ֖ה וּבִזְר֣וֹעַ חֲזָקָ֑ה וּבְאַ֥ף וּבְחֵמָ֖ה וּבְקֶ֥צֶף גָּדֽוֹל׃", 
            "links": [
                {
                    "category": "Commentary", 
                    "index_title": "Malbim on Jeremiah", 
                    "sourceHeRef": "מלבי\"ם על ירמיהו כ״א:ה׳:א׳", 
                    "sourceRef": "Malbim on Jeremiah 21:5:1"
                }, 
                {
                    "category": "Commentary", 
                    "index_title": "Malbim on Jeremiah", 
                    "sourceHeRef": "מלבי\"ם על ירמיהו כ״א:ה׳:ב׳", 
                    "sourceRef": "Malbim on Jeremiah 21:5:2"
                }, 
                {
                    "category": "Commentary", 
                    "index_title": "Malbim on Jeremiah", 
                    "sourceHeRef": "מלבי\"ם על ירמיהו כ״א:ה׳:ג׳", 
                    "sourceRef": "Malbim on Jeremiah 21:5:3"
                }, 
                {
                    "category": "Commentary", 
                    "index_title": "Metzudat David on Jeremiah", 
                    "sourceHeRef": "מצודת דוד על ירמיהו כ״א:ה׳:א׳", 
                    "sourceRef": "Metzudat David on Jeremiah 21:5:1"
                }, 
                {
                    "category": "Commentary", 
                    "index_title": "Metzudat David on Jeremiah", 
                    "sourceHeRef": "מצודת דוד על ירמיהו כ״א:ה׳:ב׳", 
                    "sourceRef": "Metzudat David on Jeremiah 21:5:2"
                }, 
                {
                    "category": "Commentary", 
                    "index_title": "Malbim Beur Hamilot on Jeremiah", 
                    "sourceHeRef": "מלבי\"ם באור המילות על ירמיהו כ״א:ה׳:א׳", 
                    "sourceRef": "Malbim Beur Hamilot on Jeremiah 21:5:1"
                }, 
                {
                    "category": "Commentary", 
                    "index_title": "Malbim Beur Hamilot on Jeremiah", 
                    "sourceHeRef": "מלבי\"ם באור המילות על ירמיהו כ״א:ה׳:ב׳", 
                    "sourceRef": "Malbim Beur Hamilot on Jeremiah 21:5:2"
                }, 
                {
                    "category": "Quoting Commentary", 
                    "index_title": "Malbim on Ezekiel", 
                    "sourceHeRef": "מלבי\"ם על יחזקאל ט׳:ה׳:ג׳", 
                    "sourceRef": "Malbim on Ezekiel 9:5:3"
                }
            ], 
            "text": "And I myself will fight against you with an outstretched hand and with a strong arm, even in anger, and in fury, and in great wrath."
        }, 
        {
            "segmentNumber": "6", 
            "he": "וְהִכֵּיתִ֗י אֶת־יֽוֹשְׁבֵי֙ הָעִ֣יר הַזֹּ֔את וְאֶת־הָאָדָ֖ם וְאֶת־הַבְּהֵמָ֑ה בְּדֶ֥בֶר גָּד֖וֹל יָמֻֽתוּ׃", 
            "links": [
                {
                    "category": "Commentary", 
                    "index_title": "Malbim on Jeremiah", 
                    "sourceHeRef": "מלבי\"ם על ירמיהו כ״א:ו׳:א׳", 
                    "sourceRef": "Malbim on Jeremiah 21:6:1"
                }, 
                {
                    "category": "Commentary", 
                    "index_title": "Malbim on Jeremiah", 
                    "sourceHeRef": "מלבי\"ם על ירמיהו כ״א:ו׳:ב׳", 
                    "sourceRef": "Malbim on Jeremiah 21:6:2"
                }, 
                {
                    "category": "Commentary", 
                    "index_title": "Metzudat David on Jeremiah", 
                    "sourceHeRef": "מצודת דוד על ירמיהו כ״א:ו׳:א׳", 
                    "sourceRef": "Metzudat David on Jeremiah 21:6:1"
                }, 
                {
                    "category": "Commentary", 
                    "index_title": "Metzudat David on Jeremiah", 
                    "sourceHeRef": "מצודת דוד על ירמיהו כ״א:ו׳:ב׳", 
                    "sourceRef": "Metzudat David on Jeremiah 21:6:2"
                }
            ], 
            "text": "And I will smite the inhabitants of this city, both man and beast; they shall die of a great pestilence."
        }, 
        {
            "segmentNumber": "7", 
            "he": "וְאַחֲרֵי־כֵ֣ן נְאֻם־יְהוָ֡ה אֶתֵּ֣ן אֶת־צִדְקִיָּ֣הוּ מֶֽלֶךְ־יְהוּדָ֣ה וְאֶת־עֲבָדָ֣יו ׀ וְאֶת־הָעָ֡ם וְאֶת־הַנִּשְׁאָרִים֩ בָּעִ֨יר הַזֹּ֜את מִן־הַדֶּ֣בֶר ׀ מִן־הַחֶ֣רֶב וּמִן־הָרָעָ֗ב בְּיַד֙ נְבוּכַדְרֶאצַּ֣ר מֶֽלֶךְ־בָּבֶ֔ל וּבְיַד֙ אֹֽיְבֵיהֶ֔ם וּבְיַ֖ד מְבַקְשֵׁ֣י נַפְשָׁ֑ם וְהִכָּ֣ם לְפִי־חֶ֔רֶב לֹֽא־יָח֣וּס עֲלֵיהֶ֔ם וְלֹ֥א יַחְמֹ֖ל וְלֹ֥א יְרַחֵֽם׃", 
            "links": [
                {
                    "category": "Commentary", 
                    "index_title": "Malbim on Jeremiah", 
                    "sourceHeRef": "מלבי\"ם על ירמיהו כ״א:ז׳:א׳", 
                    "sourceRef": "Malbim on Jeremiah 21:7:1"
                }, 
                {
                    "category": "Commentary", 
                    "index_title": "Malbim on Jeremiah", 
                    "sourceHeRef": "מלבי\"ם על ירמיהו כ״א:ז׳:ב׳", 
                    "sourceRef": "Malbim on Jeremiah 21:7:2"
                }, 
                {
                    "category": "Commentary", 
                    "index_title": "Malbim on Jeremiah", 
                    "sourceHeRef": "מלבי\"ם על ירמיהו כ״א:ז׳:ג׳", 
                    "sourceRef": "Malbim on Jeremiah 21:7:3"
                }, 
                {
                    "category": "Commentary", 
                    "index_title": "Malbim on Jeremiah", 
                    "sourceHeRef": "מלבי\"ם על ירמיהו כ״א:ז׳:ד׳", 
                    "sourceRef": "Malbim on Jeremiah 21:7:4"
                }, 
                {
                    "category": "Commentary", 
                    "index_title": "Metzudat Zion on Jeremiah", 
                    "sourceHeRef": "מצודת ציון על ירמיהו כ״א:ז׳:א׳", 
                    "sourceRef": "Metzudat Zion on Jeremiah 21:7:1"
                }, 
                {
                    "category": "Commentary", 
                    "index_title": "Malbim Beur Hamilot on Jeremiah", 
                    "sourceHeRef": "מלבי\"ם באור המילות על ירמיהו כ״א:ז׳:א׳", 
                    "sourceRef": "Malbim Beur Hamilot on Jeremiah 21:7:1"
                }, 
                {
                    "category": "Commentary", 
                    "index_title": "Malbim Beur Hamilot on Jeremiah", 
                    "sourceHeRef": "מלבי\"ם באור המילות על ירמיהו כ״א:ז׳:ב׳", 
                    "sourceRef": "Malbim Beur Hamilot on Jeremiah 21:7:2"
                }, 
                {
                    "category": "Commentary", 
                    "index_title": "Malbim Beur Hamilot on Jeremiah", 
                    "sourceHeRef": "מלבי\"ם באור המילות על ירמיהו כ״א:ז׳:ג׳", 
                    "sourceRef": "Malbim Beur Hamilot on Jeremiah 21:7:3"
                }
            ], 
            "text": "And afterward, saith the LORD, I will deliver Zedekiah king of Judah, and his servants, and the people, and such as are left in this city from the pestilence, from the sword, and from the famine, into the hand of Nebuchadrezzar king of Babylon, and into the hand of their enemies, and into the hand of those that seek their life; and he shall smite them with the edge of the sword; he shall not spare them, neither have pity, nor have compassion."
        }, 
        {
            "segmentNumber": "8", 
            "he": "וְאֶל־הָעָ֤ם הַזֶּה֙ תֹּאמַ֔ר כֹּ֖ה אָמַ֣ר יְהוָ֑ה הִנְנִ֤י נֹתֵן֙ לִפְנֵיכֶ֔ם אֶת־דֶּ֥רֶךְ הַחַיִּ֖ים וְאֶת־דֶּ֥רֶךְ הַמָּֽוֶת׃", 
            "links": [
                {
                    "category": "Commentary", 
                    "index_title": "Metzudat David on Jeremiah", 
                    "sourceHeRef": "מצודת דוד על ירמיהו כ״א:ח׳:א׳", 
                    "sourceRef": "Metzudat David on Jeremiah 21:8:1"
                }, 
                {
                    "category": "Commentary", 
                    "index_title": "Metzudat Zion on Jeremiah", 
                    "sourceHeRef": "מצודת ציון על ירמיהו כ״א:ח׳:א׳", 
                    "sourceRef": "Metzudat Zion on Jeremiah 21:8:1"
                }, 
                {
                    "category": "Commentary", 
                    "index_title": "Metzudat Zion on Jeremiah", 
                    "sourceHeRef": "מצודת ציון על ירמיהו כ״א:ח׳:ב׳", 
                    "sourceRef": "Metzudat Zion on Jeremiah 21:8:2"
                }
            ], 
            "text": "And unto this people thou shalt say: Thus saith the LORD: Behold, I set before you the way of life and the way of death."
        }, 
        {
            "segmentNumber": "9", 
            "he": "הַיֹּשֵׁב֙ בָּעִ֣יר הַזֹּ֔את יָמ֕וּת בַּחֶ֖רֶב וּבָרָעָ֣ב וּבַדָּ֑בֶר וְהַיּוֹצֵא֩ וְנָפַ֨ל עַל־הַכַּשְׂדִּ֜ים הַצָּרִ֤ים עֲלֵיכֶם֙ יחיה [וְחָיָ֔ה] וְהָֽיְתָה־לּ֥וֹ נַפְשׁ֖וֹ לְשָׁלָֽל׃", 
            "links": [
                {
                    "category": "Commentary", 
                    "index_title": "Malbim on Jeremiah", 
                    "sourceHeRef": "מלבי\"ם על ירמיהו כ״א:ט׳:א׳", 
                    "sourceRef": "Malbim on Jeremiah 21:9:1"
                }, 
                {
                    "category": "Commentary", 
                    "index_title": "Rashi on Jeremiah", 
                    "sourceHeRef": "רש\"י על ירמיהו כ״א:ט׳:א׳", 
                    "sourceRef": "Rashi on Jeremiah 21:9:1"
                }, 
                {
                    "category": "Commentary", 
                    "index_title": "Metzudat David on Jeremiah", 
                    "sourceHeRef": "מצודת דוד על ירמיהו כ״א:ט׳:א׳", 
                    "sourceRef": "Metzudat David on Jeremiah 21:9:1"
                }, 
                {
                    "category": "Commentary", 
                    "index_title": "Metzudat David on Jeremiah", 
                    "sourceHeRef": "מצודת דוד על ירמיהו כ״א:ט׳:ב׳", 
                    "sourceRef": "Metzudat David on Jeremiah 21:9:2"
                }, 
                {
                    "category": "Commentary", 
                    "index_title": "Metzudat David on Jeremiah", 
                    "sourceHeRef": "מצודת דוד על ירמיהו כ״א:ט׳:ג׳", 
                    "sourceRef": "Metzudat David on Jeremiah 21:9:3"
                }, 
                {
                    "category": "Commentary", 
                    "index_title": "Metzudat Zion on Jeremiah", 
                    "sourceHeRef": "מצודת ציון על ירמיהו כ״א:ט׳:א׳", 
                    "sourceRef": "Metzudat Zion on Jeremiah 21:9:1"
                }, 
                {
                    "category": "Commentary", 
                    "index_title": "Metzudat Zion on Jeremiah", 
                    "sourceHeRef": "מצודת ציון על ירמיהו כ״א:ט׳:ב׳", 
                    "sourceRef": "Metzudat Zion on Jeremiah 21:9:2"
                }, 
                {
                    "category": "Midrash", 
                    "index_title": "Ein Yaakov (Glick Edition)", 
                    "sourceHeRef": "עין יעקב (מאת שמואל צבי גליק) , סנהדרין ד׳:י׳", 
                    "sourceRef": "Ein Yaakov (Glick Edition), Sanhedrin 4:10"
                }
            ], 
            "text": "He that abideth in this city shall die by the sword, and by the famine, and by the pestilence; but he that goeth out, and falleth away to the Chaldeans that besiege you, he shall live, and his life shall be unto him for a prey."
        }, 
        {
            "segmentNumber": "10", 
            "he": "כִּ֣י שַׂ֣מְתִּי פָ֠נַי בָּעִ֨יר הַזֹּ֧את לְרָעָ֛ה וְלֹ֥א לְטוֹבָ֖ה נְאֻם־יְהוָ֑ה בְּיַד־מֶ֤לֶךְ בָּבֶל֙ תִּנָּתֵ֔ן וּשְׂרָפָ֖הּ בָּאֵֽשׁ׃ (ס)", 
            "links": [
                {
                    "category": "Commentary", 
                    "index_title": "Malbim on Jeremiah", 
                    "sourceHeRef": "מלבי\"ם על ירמיהו כ״א:י׳:א׳", 
                    "sourceRef": "Malbim on Jeremiah 21:10:1"
                }, 
                {
                    "category": "Commentary", 
                    "index_title": "Malbim on Jeremiah", 
                    "sourceHeRef": "מלבי\"ם על ירמיהו כ״א:י׳:ב׳", 
                    "sourceRef": "Malbim on Jeremiah 21:10:2"
                }, 
                {
                    "category": "Commentary", 
                    "index_title": "Rashi on Jeremiah", 
                    "sourceHeRef": "רש\"י על ירמיהו כ״א:י׳:א׳", 
                    "sourceRef": "Rashi on Jeremiah 21:10:1"
                }, 
                {
                    "category": "Commentary", 
                    "index_title": "Metzudat David on Jeremiah", 
                    "sourceHeRef": "מצודת דוד על ירמיהו כ״א:י׳:א׳", 
                    "sourceRef": "Metzudat David on Jeremiah 21:10:1"
                }
            ], 
            "text": "For I have set My face against this city for evil, and not for good, saith the LORD; it shall be given into the hand of the king of Babylon, and he shall burn it with fire."
        }, 
        {
            "segmentNumber": "11", 
            "he": "וּלְבֵית֙ מֶ֣לֶךְ יְהוּדָ֔ה שִׁמְע֖וּ דְּבַר־יְהוָֽה׃", 
            "links": [
                {
                    "category": "Commentary", 
                    "index_title": "Malbim on Jeremiah", 
                    "sourceHeRef": "מלבי\"ם על ירמיהו כ״א:י״א:א׳", 
                    "sourceRef": "Malbim on Jeremiah 21:11:1"
                }, 
                {
                    "category": "Commentary", 
                    "index_title": "Metzudat David on Jeremiah", 
                    "sourceHeRef": "מצודת דוד על ירמיהו כ״א:י״א:א׳", 
                    "sourceRef": "Metzudat David on Jeremiah 21:11:1"
                }
            ], 
            "text": "And unto the house of the king of Judah: Hear ye the word of the LORD;"
        }, 
        {
            "segmentNumber": "12", 
            "he": "בֵּ֣ית דָּוִ֗ד כֹּ֚ה אָמַ֣ר יְהוָ֔ה דִּ֤ינוּ לַבֹּ֙קֶר֙ מִשְׁפָּ֔ט וְהַצִּ֥ילוּ גָז֖וּל מִיַּ֣ד עוֹשֵׁ֑ק פֶּן־תֵּצֵ֨א כָאֵ֜שׁ חֲמָתִ֗י וּבָעֲרָה֙ וְאֵ֣ין מְכַבֶּ֔ה מִפְּנֵ֖י רֹ֥עַ מעלליהם [מַעַלְלֵיכֶֽם׃]", 
            "links": [
                {
                    "category": "Commentary", 
                    "index_title": "Malbim on Jeremiah", 
                    "sourceHeRef": "מלבי\"ם על ירמיהו כ״א:י״ב:א׳", 
                    "sourceRef": "Malbim on Jeremiah 21:12:1"
                }, 
                {
                    "category": "Commentary", 
                    "index_title": "Malbim on Jeremiah", 
                    "sourceHeRef": "מלבי\"ם על ירמיהו כ״א:י״ב:ב׳", 
                    "sourceRef": "Malbim on Jeremiah 21:12:2"
                }, 
                {
                    "category": "Commentary", 
                    "index_title": "Rashi on Jeremiah", 
                    "sourceHeRef": "רש\"י על ירמיהו כ״א:י״ב:א׳", 
                    "sourceRef": "Rashi on Jeremiah 21:12:1"
                }, 
                {
                    "category": "Commentary", 
                    "index_title": "Rashi on Jeremiah", 
                    "sourceHeRef": "רש\"י על ירמיהו כ״א:י״ב:ב׳", 
                    "sourceRef": "Rashi on Jeremiah 21:12:2"
                }, 
                {
                    "category": "Commentary", 
                    "index_title": "Metzudat David on Jeremiah", 
                    "sourceHeRef": "מצודת דוד על ירמיהו כ״א:י״ב:א׳", 
                    "sourceRef": "Metzudat David on Jeremiah 21:12:1"
                }, 
                {
                    "category": "Commentary", 
                    "index_title": "Metzudat David on Jeremiah", 
                    "sourceHeRef": "מצודת דוד על ירמיהו כ״א:י״ב:ב׳", 
                    "sourceRef": "Metzudat David on Jeremiah 21:12:2"
                }, 
                {
                    "category": "Commentary", 
                    "index_title": "Metzudat David on Jeremiah", 
                    "sourceHeRef": "מצודת דוד על ירמיהו כ״א:י״ב:ג׳", 
                    "sourceRef": "Metzudat David on Jeremiah 21:12:3"
                }, 
                {
                    "category": "Commentary", 
                    "index_title": "Metzudat David on Jeremiah", 
                    "sourceHeRef": "מצודת דוד על ירמיהו כ״א:י״ב:ד׳", 
                    "sourceRef": "Metzudat David on Jeremiah 21:12:4"
                }, 
                {
                    "category": "Commentary", 
                    "index_title": "Metzudat David on Jeremiah", 
                    "sourceHeRef": "מצודת דוד על ירמיהו כ״א:י״ב:ה׳", 
                    "sourceRef": "Metzudat David on Jeremiah 21:12:5"
                }, 
                {
                    "category": "Commentary", 
                    "index_title": "Metzudat Zion on Jeremiah", 
                    "sourceHeRef": "מצודת ציון על ירמיהו כ״א:י״ב:א׳", 
                    "sourceRef": "Metzudat Zion on Jeremiah 21:12:1"
                }, 
                {
                    "category": "Commentary", 
                    "index_title": "Metzudat Zion on Jeremiah", 
                    "sourceHeRef": "מצודת ציון על ירמיהו כ״א:י״ב:ב׳", 
                    "sourceRef": "Metzudat Zion on Jeremiah 21:12:2"
                }, 
                {
                    "category": "Commentary", 
                    "index_title": "Malbim Beur Hamilot on Jeremiah", 
                    "sourceHeRef": "מלבי\"ם באור המילות על ירמיהו כ״א:י״ב:א׳", 
                    "sourceRef": "Malbim Beur Hamilot on Jeremiah 21:12:1"
                }, 
                {
                    "category": "Talmud", 
                    "index_title": "Shabbat", 
                    "sourceHeRef": "שבת נ״ה א:י״א", 
                    "sourceRef": "Shabbat 55a:11"
                }, 
                {
                    "category": "Talmud", 
                    "index_title": "Sanhedrin", 
                    "sourceHeRef": "סנהדרין ז׳ ב:ג׳", 
                    "sourceRef": "Sanhedrin 7b:3"
                }, 
                {
                    "category": "Talmud", 
                    "index_title": "Sanhedrin", 
                    "sourceHeRef": "סנהדרין י״ט א:נ״ח", 
                    "sourceRef": "Sanhedrin 19a:58"
                }, 
                {
                    "category": "Mishnah", 
                    "index_title": "Mishnah Sanhedrin", 
                    "sourceHeRef": "משנה סנהדרין ב׳:ב׳", 
                    "sourceRef": "Mishnah Sanhedrin 2:2"
                }, 
                {
                    "category": "Midrash", 
                    "index_title": "Ein Yaakov (Glick Edition)", 
                    "sourceHeRef": "עין יעקב (מאת שמואל צבי גליק) , שבת ה׳:ג׳", 
                    "sourceRef": "Ein Yaakov (Glick Edition), Shabbat 5:3"
                }, 
                {
                    "category": "Midrash", 
                    "index_title": "Ein Yaakov (Glick Edition)", 
                    "sourceHeRef": "עין יעקב (מאת שמואל צבי גליק) , סנהדרין א׳:ט׳", 
                    "sourceRef": "Ein Yaakov (Glick Edition), Sanhedrin 1:9"
                }, 
                {
                    "category": "Midrash", 
                    "index_title": "Ein Yaakov (Glick Edition)", 
                    "sourceHeRef": "עין יעקב (מאת שמואל צבי גליק) , סנהדרין ב׳:א׳", 
                    "sourceRef": "Ein Yaakov (Glick Edition), Sanhedrin 2:1"
                }, 
                {
                    "category": "Quoting Commentary", 
                    "index_title": "Rashba on Bava Batra", 
                    "sourceHeRef": "רשב״א על בבא בתרא קי״ג ב:א׳", 
                    "sourceRef": "Rashba on Bava Batra 113b:1"
                }
            ], 
            "text": "O house of David, thus saith the LORD: Execute justice in the morning, And deliver the spoiled out of the hand of the oppressor, Lest My fury go forth like fire, And burn that none can quench it, Because of the evil of your doings."
        }, 
        {
            "segmentNumber": "13", 
            "he": "הִנְנִ֨י אֵלַ֜יִךְ יֹשֶׁ֧בֶת הָעֵ֛מֶק צ֥וּר הַמִּישֹׁ֖ר נְאֻם־יְהוָ֑ה הָאֹֽמְרִים֙ מִֽי־יֵחַ֣ת עָלֵ֔ינוּ וּמִ֥י יָב֖וֹא בִּמְעוֹנוֹתֵֽינוּ׃", 
            "links": [
                {
                    "category": "Commentary", 
                    "index_title": "Malbim on Jeremiah", 
                    "sourceHeRef": "מלבי\"ם על ירמיהו כ״א:י״ג:א׳", 
                    "sourceRef": "Malbim on Jeremiah 21:13:1"
                }, 
                {
                    "category": "Commentary", 
                    "index_title": "Malbim on Jeremiah", 
                    "sourceHeRef": "מלבי\"ם על ירמיהו כ״א:י״ג:ב׳", 
                    "sourceRef": "Malbim on Jeremiah 21:13:2"
                }, 
                {
                    "category": "Commentary", 
                    "index_title": "Malbim on Jeremiah", 
                    "sourceHeRef": "מלבי\"ם על ירמיהו כ״א:י״ג:ג׳", 
                    "sourceRef": "Malbim on Jeremiah 21:13:3"
                }, 
                {
                    "category": "Commentary", 
                    "index_title": "Malbim on Jeremiah", 
                    "sourceHeRef": "מלבי\"ם על ירמיהו כ״א:י״ג:ד׳", 
                    "sourceRef": "Malbim on Jeremiah 21:13:4"
                }, 
                {
                    "category": "Commentary", 
                    "index_title": "Rashi on Jeremiah", 
                    "sourceHeRef": "רש\"י על ירמיהו כ״א:י״ג:א׳", 
                    "sourceRef": "Rashi on Jeremiah 21:13:1"
                }, 
                {
                    "category": "Commentary", 
                    "index_title": "Rashi on Jeremiah", 
                    "sourceHeRef": "רש\"י על ירמיהו כ״א:י״ג:ב׳", 
                    "sourceRef": "Rashi on Jeremiah 21:13:2"
                }, 
                {
                    "category": "Commentary", 
                    "index_title": "Rashi on Jeremiah", 
                    "sourceHeRef": "רש\"י על ירמיהו כ״א:י״ג:ג׳", 
                    "sourceRef": "Rashi on Jeremiah 21:13:3"
                }, 
                {
                    "category": "Commentary", 
                    "index_title": "Metzudat David on Jeremiah", 
                    "sourceHeRef": "מצודת דוד על ירמיהו כ״א:י״ג:א׳", 
                    "sourceRef": "Metzudat David on Jeremiah 21:13:1"
                }, 
                {
                    "category": "Commentary", 
                    "index_title": "Metzudat David on Jeremiah", 
                    "sourceHeRef": "מצודת דוד על ירמיהו כ״א:י״ג:ב׳", 
                    "sourceRef": "Metzudat David on Jeremiah 21:13:2"
                }, 
                {
                    "category": "Commentary", 
                    "index_title": "Metzudat David on Jeremiah", 
                    "sourceHeRef": "מצודת דוד על ירמיהו כ״א:י״ג:ג׳", 
                    "sourceRef": "Metzudat David on Jeremiah 21:13:3"
                }, 
                {
                    "category": "Commentary", 
                    "index_title": "Metzudat Zion on Jeremiah", 
                    "sourceHeRef": "מצודת ציון על ירמיהו כ״א:י״ג:א׳", 
                    "sourceRef": "Metzudat Zion on Jeremiah 21:13:1"
                }, 
                {
                    "category": "Commentary", 
                    "index_title": "Metzudat Zion on Jeremiah", 
                    "sourceHeRef": "מצודת ציון על ירמיהו כ״א:י״ג:ב׳", 
                    "sourceRef": "Metzudat Zion on Jeremiah 21:13:2"
                }, 
                {
                    "category": "Commentary", 
                    "index_title": "Metzudat Zion on Jeremiah", 
                    "sourceHeRef": "מצודת ציון על ירמיהו כ״א:י״ג:ג׳", 
                    "sourceRef": "Metzudat Zion on Jeremiah 21:13:3"
                }, 
                {
                    "category": "Commentary", 
                    "index_title": "Metzudat Zion on Jeremiah", 
                    "sourceHeRef": "מצודת ציון על ירמיהו כ״א:י״ג:ד׳", 
                    "sourceRef": "Metzudat Zion on Jeremiah 21:13:4"
                }, 
                {
                    "category": "Commentary", 
                    "index_title": "Malbim Beur Hamilot on Jeremiah", 
                    "sourceHeRef": "מלבי\"ם באור המילות על ירמיהו כ״א:י״ג:א׳", 
                    "sourceRef": "Malbim Beur Hamilot on Jeremiah 21:13:1"
                }
            ], 
            "text": "Behold, I am against thee, O inhabitant of the valley, And rock of the plain, saith the LORD; Ye that say: ‘Who shall come down against us? Or who shall enter into our habitations?’"
        }, 
        {
            "segmentNumber": "14", 
            "he": "וּפָקַדְתִּ֧י עֲלֵיכֶ֛ם כִּפְרִ֥י מַעַלְלֵיכֶ֖ם נְאֻם־יְהוָ֑ה וְהִצַּ֤תִּי אֵשׁ֙ בְּיַעְרָ֔הּ וְאָכְלָ֖ה כָּל־סְבִיבֶֽיהָ׃ (ס)", 
            "links": [
                {
                    "category": "Commentary", 
                    "index_title": "Malbim on Jeremiah", 
                    "sourceHeRef": "מלבי\"ם על ירמיהו כ״א:י״ד:א׳", 
                    "sourceRef": "Malbim on Jeremiah 21:14:1"
                }, 
                {
                    "category": "Commentary", 
                    "index_title": "Malbim on Jeremiah", 
                    "sourceHeRef": "מלבי\"ם על ירמיהו כ״א:י״ד:ב׳", 
                    "sourceRef": "Malbim on Jeremiah 21:14:2"
                }, 
                {
                    "category": "Commentary", 
                    "index_title": "Malbim on Jeremiah", 
                    "sourceHeRef": "מלבי\"ם על ירמיהו כ״א:י״ד:ג׳", 
                    "sourceRef": "Malbim on Jeremiah 21:14:3"
                }, 
                {
                    "category": "Commentary", 
                    "index_title": "Metzudat David on Jeremiah", 
                    "sourceHeRef": "מצודת דוד על ירמיהו כ״א:י״ד:א׳", 
                    "sourceRef": "Metzudat David on Jeremiah 21:14:1"
                }, 
                {
                    "category": "Commentary", 
                    "index_title": "Metzudat David on Jeremiah", 
                    "sourceHeRef": "מצודת דוד על ירמיהו כ״א:י״ד:ב׳", 
                    "sourceRef": "Metzudat David on Jeremiah 21:14:2"
                }, 
                {
                    "category": "Commentary", 
                    "index_title": "Metzudat David on Jeremiah", 
                    "sourceHeRef": "מצודת דוד על ירמיהו כ״א:י״ד:ג׳", 
                    "sourceRef": "Metzudat David on Jeremiah 21:14:3"
                }, 
                {
                    "category": "Commentary", 
                    "index_title": "Metzudat Zion on Jeremiah", 
                    "sourceHeRef": "מצודת ציון על ירמיהו כ״א:י״ד:א׳", 
                    "sourceRef": "Metzudat Zion on Jeremiah 21:14:1"
                }, 
                {
                    "category": "Commentary", 
                    "index_title": "Metzudat Zion on Jeremiah", 
                    "sourceHeRef": "מצודת ציון על ירמיהו כ״א:י״ד:ב׳", 
                    "sourceRef": "Metzudat Zion on Jeremiah 21:14:2"
                }, 
                {
                    "category": "Commentary", 
                    "index_title": "Metzudat Zion on Jeremiah", 
                    "sourceHeRef": "מצודת ציון על ירמיהו כ״א:י״ד:ג׳", 
                    "sourceRef": "Metzudat Zion on Jeremiah 21:14:3"
                }, 
                {
                    "category": "Quoting Commentary", 
                    "index_title": "Malbim Beur Hamilot on Isaiah", 
                    "sourceHeRef": "מלבי\"ם באור המילות על ישעיהו ט׳:י״ז:א׳", 
                    "sourceRef": "Malbim Beur Hamilot on Isaiah 9:17:1"
                }
            ], 
            "text": "And I will punish you according to the fruit of your doings, Saith the LORD; And I will kindle a fire in her forest, And it shall devour all that is round about her."
        }
    ], 
    "heTitle": "ירמיהו", 
    "indexTitle": "Jeremiah", 
    "sectionRef": "Jeremiah 21", 
    "prev": "Jeremiah 20", 
    "ref": "Jeremiah 21", 
    "heRef": "ירמיהו כ״א", 
    "next": "Jeremiah 22"
}