{
    "heTitleVariants": [
        "ירמיהו", 
        "ירמיה"
    ], 
    "heTitle": "ירמיהו", 
    "heRef": "ירמיהו נ״ב", 
    "toSections": [
        52
    ], 
    "sectionRef": "Jeremiah 52", 
    "lengths": [
        52, 
        1364
    ], 
    "next": null, 
    "content": [
        {
            "segmentNumber": "1", 
            "he": "בֶּן־עֶשְׂרִ֨ים וְאַחַ֤ת שָׁנָה֙ צִדְקִיָּ֣הוּ בְמָלְכ֔וֹ וְאַחַ֤ת עֶשְׂרֵה֙ שָׁנָ֔ה מָלַ֖ךְ בִּירֽוּשָׁלִָ֑ם וְשֵׁ֣ם אִמּ֔וֹ חמיטל [חֲמוּטַ֥ל] בַּֽת־יִרְמְיָ֖הוּ מִלִּבְנָֽה׃", 
            "links": [
                {
                    "category": "Commentary", 
                    "sourceHeRef": "מצודת דוד על ירמיהו נ״ב:א׳:א׳", 
                    "index_title": "Metzudat David on Jeremiah", 
                    "sourceRef": "Metzudat David on Jeremiah 52:1:1"
                }
            ], 
            "text": "Zedekiah was one and twenty years old when he began to reign; and he reigned eleven years in Jerusalem; and his mother’s name was Hamutal the daughter of Jeremiah of Libnah."
        }, 
        {
            "segmentNumber": "2", 
            "he": "וַיַּ֥עַשׂ הָרַ֖ע בְּעֵינֵ֣י יְהוָ֑ה כְּכֹ֥ל אֲשֶׁר־עָשָׂ֖ה יְהוֹיָקִֽים׃", 
            "links": [
                {
                    "category": "Commentary", 
                    "sourceHeRef": "מלבי\"ם על ירמיהו נ״ב:ב׳:א׳", 
                    "index_title": "Malbim on Jeremiah", 
                    "sourceRef": "Malbim on Jeremiah 52:2:1"
                }, 
                {
                    "category": "Commentary", 
                    "sourceHeRef": "מלבי\"ם על ירמיהו נ״ב:ב׳:ב׳", 
                    "index_title": "Malbim on Jeremiah", 
                    "sourceRef": "Malbim on Jeremiah 52:2:2"
                }, 
                {
                    "category": "Commentary", 
                    "sourceHeRef": "מלבי\"ם על ירמיהו נ״ב:ב׳:ג׳", 
                    "index_title": "Malbim on Jeremiah", 
                    "sourceRef": "Malbim on Jeremiah 52:2:3"
                }
            ], 
            "text": "And he did that which was evil in the sight of the LORD, according to all that Jehoiakim had done."
        }, 
        {
            "segmentNumber": "3", 
            "he": "כִּ֣י ׀ עַל־אַ֣ף יְהוָ֗ה הָֽיְתָה֙ בִּירוּשָׁלִַ֣ם וִֽיהוּדָ֔ה עַד־הִשְׁלִיכ֥וֹ אוֹתָ֖ם מֵעַ֣ל פָּנָ֑יו וַיִּמְרֹ֥ד צִדְקִיָּ֖הוּ בְּמֶ֥לֶךְ בָּבֶֽל׃", 
            "links": [
                {
                    "category": "Commentary", 
                    "sourceHeRef": "רש\"י על ירמיהו נ״ב:ג׳:א׳", 
                    "index_title": "Rashi on Jeremiah", 
                    "sourceRef": "Rashi on Jeremiah 52:3:1"
                }, 
                {
                    "category": "Commentary", 
                    "sourceHeRef": "מצודת דוד על ירמיהו נ״ב:ג׳:א׳", 
                    "index_title": "Metzudat David on Jeremiah", 
                    "sourceRef": "Metzudat David on Jeremiah 52:3:1"
                }, 
                {
                    "category": "Commentary", 
                    "sourceHeRef": "מצודת ציון על ירמיהו נ״ב:ג׳:א׳", 
                    "index_title": "Metzudat Zion on Jeremiah", 
                    "sourceRef": "Metzudat Zion on Jeremiah 52:3:1"
                }
            ], 
            "text": "For through the anger of the LORD did it come to pass in Jerusalem and Judah, until He had cast them out from His presence. And Zedekiah rebelled against the king of Babylon."
        }, 
        {
            "segmentNumber": "4", 
            "he": "וַיְהִי֩ בַשָּׁנָ֨ה הַתְּשִׁעִ֜ית לְמָלְכ֗וֹ בַּחֹ֣דֶשׁ הָעֲשִׂירִי֮ בֶּעָשׂ֣וֹר לַחֹדֶשׁ֒ בָּ֠א נְבוּכַדְרֶאצַּ֨ר מֶֽלֶךְ־בָּבֶ֜ל ה֤וּא וְכָל־חֵילוֹ֙ עַל־יְר֣וּשָׁלִַ֔ם וַֽיַּחֲנ֖וּ עָלֶ֑יהָ וַיִּבְנ֥וּ עָלֶ֛יהָ דָּיֵ֖ק סָבִֽיב׃", 
            "links": [
                {
                    "category": "Commentary", 
                    "sourceHeRef": "רש\"י על ירמיהו נ״ב:ד׳:א׳", 
                    "index_title": "Rashi on Jeremiah", 
                    "sourceRef": "Rashi on Jeremiah 52:4:1"
                }, 
                {
                    "category": "Commentary", 
                    "sourceHeRef": "מצודת דוד על ירמיהו נ״ב:ד׳:א׳", 
                    "index_title": "Metzudat David on Jeremiah", 
                    "sourceRef": "Metzudat David on Jeremiah 52:4:1"
                }, 
                {
                    "category": "Commentary", 
                    "sourceHeRef": "מצודת דוד על ירמיהו נ״ב:ד׳:ב׳", 
                    "index_title": "Metzudat David on Jeremiah", 
                    "sourceRef": "Metzudat David on Jeremiah 52:4:2"
                }, 
                {
                    "category": "Commentary", 
                    "sourceHeRef": "מצודת ציון על ירמיהו נ״ב:ד׳:א׳", 
                    "index_title": "Metzudat Zion on Jeremiah", 
                    "sourceRef": "Metzudat Zion on Jeremiah 52:4:1"
                }, 
                {
                    "category": "Halakhah", 
                    "sourceHeRef": "ערוך השולחן א׳:תקמ״ט:ב׳", 
                    "index_title": "Aruch HaShulchan", 
                    "sourceRef": "Aruch HaShulchan 1:549:2"
                }
            ], 
            "text": "And it came to pass in the ninth year of his reign, in the tenth month, in the tenth day of the month, that Nebuchadrezzar king of Babylon came, he and all his army, against Jerusalem, and encamped against it; and they built forts against it round about."
        }, 
        {
            "segmentNumber": "5", 
            "he": "וַתָּבֹ֥א הָעִ֖יר בַּמָּצ֑וֹר עַ֚ד עַשְׁתֵּ֣י עֶשְׂרֵ֣ה שָׁנָ֔ה לַמֶּ֖לֶךְ צִדְקִיָּֽהוּ׃", 
            "links": [
                {
                    "category": "Commentary", 
                    "sourceHeRef": "מצודת דוד על ירמיהו נ״ב:ה׳:א׳", 
                    "index_title": "Metzudat David on Jeremiah", 
                    "sourceRef": "Metzudat David on Jeremiah 52:5:1"
                }, 
                {
                    "category": "Commentary", 
                    "sourceHeRef": "מצודת ציון על ירמיהו נ״ב:ה׳:א׳", 
                    "index_title": "Metzudat Zion on Jeremiah", 
                    "sourceRef": "Metzudat Zion on Jeremiah 52:5:1"
                }
            ], 
            "text": "So the city was besieged unto the eleventh year of king Zedekiah."
        }, 
        {
            "segmentNumber": "6", 
            "he": "בַּחֹ֤דֶשׁ הָֽרְבִיעִי֙ בְּתִשְׁעָ֣ה לַחֹ֔דֶשׁ וַיֶּחֱזַ֥ק הָרָעָ֖ב בָּעִ֑יר וְלֹא־הָיָ֥ה לֶ֖חֶם לְעַ֥ם הָאָֽרֶץ׃", 
            "links": [
                {
                    "category": "Talmud", 
                    "sourceHeRef": "תענית כ״ח ב:מ״א", 
                    "index_title": "Taanit", 
                    "sourceRef": "Taanit 28b:41"
                }, 
                {
                    "category": "Talmud", 
                    "sourceHeRef": "ראש השנה י״ח ב:י״ד", 
                    "index_title": "Rosh Hashanah", 
                    "sourceRef": "Rosh Hashanah 18b:14"
                }, 
                {
                    "category": "Philosophy", 
                    "sourceHeRef": "נצח ישראל ט׳:ב׳", 
                    "index_title": "Netzach Yisrael", 
                    "sourceRef": "Netzach Yisrael 9:2"
                }, 
                {
                    "category": "Philosophy", 
                    "sourceHeRef": "נצח ישראל ט׳:ט״ז", 
                    "index_title": "Netzach Yisrael", 
                    "sourceRef": "Netzach Yisrael 9:16"
                }, 
                {
                    "category": "Midrash", 
                    "sourceHeRef": "עין יעקב (מאת שמואל צבי גליק) , ראש השנה א׳:כ״ב", 
                    "index_title": "Ein Yaakov (Glick Edition)", 
                    "sourceRef": "Ein Yaakov (Glick Edition), Rosh Hashanah 1:22"
                }, 
                {
                    "category": "Midrash", 
                    "sourceHeRef": "פסיקתא רבתי כ״ו:א׳", 
                    "index_title": "Pesikta Rabbati", 
                    "sourceRef": "Pesikta Rabbati 26:1"
                }
            ], 
            "text": "In the fourth month, in the ninth day of the month, the famine was sore in the city, so that there was no bread for the people of the land."
        }, 
        {
            "segmentNumber": "7", 
            "he": "וַתִּבָּקַ֣ע הָעִ֗יר וְכָל־אַנְשֵׁ֣י הַמִּלְחָמָ֡ה יִבְרְחוּ֩ וַיֵּצְא֨וּ מֵהָעִ֜יר לַ֗יְלָה דֶּ֜רֶךְ שַׁ֤עַר בֵּין־הַחֹמֹתַ֙יִם֙ אֲשֶׁר֙ עַל־גַּ֣ן הַמֶּ֔לֶךְ וְכַשְׂדִּ֥ים עַל־הָעִ֖יר סָבִ֑יב וַיֵּלְכ֖וּ דֶּ֥רֶךְ הָעֲרָבָֽה׃", 
            "links": [
                {
                    "category": "Commentary", 
                    "sourceHeRef": "מלבי\"ם על ירמיהו נ״ב:ז׳:א׳", 
                    "index_title": "Malbim on Jeremiah", 
                    "sourceRef": "Malbim on Jeremiah 52:7:1"
                }, 
                {
                    "category": "Commentary", 
                    "sourceHeRef": "רש\"י על ירמיהו נ״ב:ז׳:א׳", 
                    "index_title": "Rashi on Jeremiah", 
                    "sourceRef": "Rashi on Jeremiah 52:7:1"
                }, 
                {
                    "category": "Commentary", 
                    "sourceHeRef": "רש\"י על ירמיהו נ״ב:ז׳:ב׳", 
                    "index_title": "Rashi on Jeremiah", 
                    "sourceRef": "Rashi on Jeremiah 52:7:2"
                }, 
                {
                    "category": "Commentary", 
                    "sourceHeRef": "מצודת דוד על ירמיהו נ״ב:ז׳:א׳", 
                    "index_title": "Metzudat David on Jeremiah", 
                    "sourceRef": "Metzudat David on Jeremiah 52:7:1"
                }, 
                {
                    "category": "Commentary", 
                    "sourceHeRef": "מצודת דוד על ירמיהו נ״ב:ז׳:ב׳", 
                    "index_title": "Metzudat David on Jeremiah", 
                    "sourceRef": "Metzudat David on Jeremiah 52:7:2"
                }, 
                {
                    "category": "Commentary", 
                    "sourceHeRef": "מצודת דוד על ירמיהו נ״ב:ז׳:ג׳", 
                    "index_title": "Metzudat David on Jeremiah", 
                    "sourceRef": "Metzudat David on Jeremiah 52:7:3"
                }, 
                {
                    "category": "Commentary", 
                    "sourceHeRef": "מצודת דוד על ירמיהו נ״ב:ז׳:ד׳", 
                    "index_title": "Metzudat David on Jeremiah", 
                    "sourceRef": "Metzudat David on Jeremiah 52:7:4"
                }, 
                {
                    "category": "Commentary", 
                    "sourceHeRef": "מצודת ציון על ירמיהו נ״ב:ז׳:א׳", 
                    "index_title": "Metzudat Zion on Jeremiah", 
                    "sourceRef": "Metzudat Zion on Jeremiah 52:7:1"
                }, 
                {
                    "category": "Talmud", 
                    "sourceHeRef": "תענית כ״ח ב:מ״א", 
                    "index_title": "Taanit", 
                    "sourceRef": "Taanit 28b:41"
                }
            ], 
            "text": "Then a breach was made in the city, and all the men of war fled, and went forth out of the city by night by the way of the gate between the two walls, which was by the king’s garden—now the Chaldeans were against the city round about—and they went by the way of the Arabah."
        }, 
        {
            "segmentNumber": "8", 
            "he": "וַיִּרְדְּפ֤וּ חֵיל־כַּשְׂדִּים֙ אַחֲרֵ֣י הַמֶּ֔לֶךְ וַיַּשִּׂ֥יגוּ אֶת־צִדְקִיָּ֖הוּ בְּעַֽרְבֹ֣ת יְרֵח֑וֹ וְכָל־חֵיל֔וֹ נָפֹ֖צוּ מֵעָלָֽיו׃", 
            "links": [
                {
                    "category": "Commentary", 
                    "sourceHeRef": "מצודת דוד על ירמיהו נ״ב:ח׳:א׳", 
                    "index_title": "Metzudat David on Jeremiah", 
                    "sourceRef": "Metzudat David on Jeremiah 52:8:1"
                }, 
                {
                    "category": "Commentary", 
                    "sourceHeRef": "מצודת ציון על ירמיהו נ״ב:ח׳:א׳", 
                    "index_title": "Metzudat Zion on Jeremiah", 
                    "sourceRef": "Metzudat Zion on Jeremiah 52:8:1"
                }
            ], 
            "text": "But the army of the Chaldeans pursued after the king, and overtook Zedekiah in the plains of Jericho; and all his army was scattered from him."
        }, 
        {
            "segmentNumber": "9", 
            "he": "וַֽיִּתְפְּשׂוּ֙ אֶת־הַמֶּ֔לֶךְ וַיַּעֲל֨וּ אֹת֜וֹ אֶל־מֶ֧לֶךְ בָּבֶ֛ל רִבְלָ֖תָה בְּאֶ֣רֶץ חֲמָ֑ת וַיְדַבֵּ֥ר אִתּ֖וֹ מִשְׁפָּטִֽים׃", 
            "links": [
                {
                    "category": "Commentary", 
                    "sourceHeRef": "מלבי\"ם על ירמיהו נ״ב:ט׳:א׳", 
                    "index_title": "Malbim on Jeremiah", 
                    "sourceRef": "Malbim on Jeremiah 52:9:1"
                }, 
                {
                    "category": "Commentary", 
                    "sourceHeRef": "רש\"י על ירמיהו נ״ב:ט׳:א׳", 
                    "index_title": "Rashi on Jeremiah", 
                    "sourceRef": "Rashi on Jeremiah 52:9:1"
                }, 
                {
                    "category": "Commentary", 
                    "sourceHeRef": "רש\"י על ירמיהו נ״ב:ט׳:ב׳", 
                    "index_title": "Rashi on Jeremiah", 
                    "sourceRef": "Rashi on Jeremiah 52:9:2"
                }, 
                {
                    "category": "Commentary", 
                    "sourceHeRef": "מצודת דוד על ירמיהו נ״ב:ט׳:א׳", 
                    "index_title": "Metzudat David on Jeremiah", 
                    "sourceRef": "Metzudat David on Jeremiah 52:9:1"
                }, 
                {
                    "category": "Commentary", 
                    "sourceHeRef": "מצודת דוד על ירמיהו נ״ב:ט׳:ב׳", 
                    "index_title": "Metzudat David on Jeremiah", 
                    "sourceRef": "Metzudat David on Jeremiah 52:9:2"
                }, 
                {
                    "category": "Commentary", 
                    "sourceHeRef": "מצודת ציון על ירמיהו נ״ב:ט׳:א׳", 
                    "index_title": "Metzudat Zion on Jeremiah", 
                    "sourceRef": "Metzudat Zion on Jeremiah 52:9:1"
                }, 
                {
                    "category": "Commentary", 
                    "sourceHeRef": "מצודת ציון על ירמיהו נ״ב:ט׳:ב׳", 
                    "index_title": "Metzudat Zion on Jeremiah", 
                    "sourceRef": "Metzudat Zion on Jeremiah 52:9:2"
                }
            ], 
            "text": "Then they took the king, and carried him up unto the king of Babylon to Riblah in the land of Hamath; and he gave judgment upon him."
        }, 
        {
            "segmentNumber": "10", 
            "he": "וַיִּשְׁחַ֧ט מֶֽלֶךְ־בָּבֶ֛ל אֶת־בְּנֵ֥י צִדְקִיָּ֖הוּ לְעֵינָ֑יו וְגַ֛ם אֶת־כָּל־שָׂרֵ֥י יְהוּדָ֖ה שָׁחַ֥ט בְּרִבְלָֽתָה׃", 
            "links": [
                {
                    "category": "Commentary", 
                    "sourceHeRef": "רש\"י על ירמיהו נ״ב:י׳:א׳", 
                    "index_title": "Rashi on Jeremiah", 
                    "sourceRef": "Rashi on Jeremiah 52:10:1"
                }, 
                {
                    "category": "Midrash", 
                    "sourceHeRef": "ספרי במדבר צ״א:א׳", 
                    "index_title": "Sifrei Bamidbar", 
                    "sourceRef": "Sifrei Bamidbar 91:1"
                }
            ], 
            "text": "And the king of Babylon slew the sons of Zedekiah before his eyes; he slew also all the princes of Judah in Riblah."
        }, 
        {
            "segmentNumber": "11", 
            "he": "וְאֶת־עֵינֵ֥י צִדְקִיָּ֖הוּ עִוֵּ֑ר וַיַּאַסְרֵ֣הוּ בַֽנְחֻשְׁתַּ֗יִם וַיְבִאֵ֤הוּ מֶֽלֶךְ־בָּבֶל֙ בָּבֶ֔לָה וַיִּתְּנֵ֥הוּ בבית־[בֵֽית־] הַפְּקֻדֹּ֖ת עַד־י֥וֹם מוֹתֽוֹ׃", 
            "links": [
                {
                    "category": "Commentary", 
                    "sourceHeRef": "רש\"י על ירמיהו נ״ב:י״א:א׳", 
                    "index_title": "Rashi on Jeremiah", 
                    "sourceRef": "Rashi on Jeremiah 52:11:1"
                }, 
                {
                    "category": "Commentary", 
                    "sourceHeRef": "מצודת דוד על ירמיהו נ״ב:י״א:א׳", 
                    "index_title": "Metzudat David on Jeremiah", 
                    "sourceRef": "Metzudat David on Jeremiah 52:11:1"
                }, 
                {
                    "category": "Commentary", 
                    "sourceHeRef": "מצודת ציון על ירמיהו נ״ב:י״א:א׳", 
                    "index_title": "Metzudat Zion on Jeremiah", 
                    "sourceRef": "Metzudat Zion on Jeremiah 52:11:1"
                }, 
                {
                    "category": "Commentary", 
                    "sourceHeRef": "מצודת ציון על ירמיהו נ״ב:י״א:ב׳", 
                    "index_title": "Metzudat Zion on Jeremiah", 
                    "sourceRef": "Metzudat Zion on Jeremiah 52:11:2"
                }, 
                {
                    "category": "Midrash", 
                    "sourceHeRef": "שמות רבה ט״ו:כ״ו", 
                    "index_title": "Shemot Rabbah", 
                    "sourceRef": "Shemot Rabbah 15:26"
                }
            ], 
            "text": "And he put out the eyes of Zedekiah; and the king of Babylon bound him in fetters, and carried him to Babylon, and put him in prison till the day of his death."
        }, 
        {
            "segmentNumber": "12", 
            "he": "וּבַחֹ֤דֶשׁ הַֽחֲמִישִׁי֙ בֶּעָשׂ֣וֹר לַחֹ֔דֶשׁ הִ֗יא שְׁנַת֙ תְּשַֽׁע־עֶשְׂרֵ֣ה שָׁנָ֔ה לַמֶּ֖לֶךְ נְבוּכַדְרֶאצַּ֣ר מֶֽלֶךְ־בָּבֶ֑ל בָּ֗א נְבֽוּזַרְאֲדָן֙ רַב־טַבָּחִ֔ים עָמַ֛ד לִפְנֵ֥י מֶֽלֶךְ־בָּבֶ֖ל בִּירוּשָׁלִָֽם׃", 
            "links": [
                {
                    "category": "Commentary", 
                    "sourceHeRef": "מלבי\"ם על ירמיהו נ״ב:י״ב:א׳", 
                    "index_title": "Malbim on Jeremiah", 
                    "sourceRef": "Malbim on Jeremiah 52:12:1"
                }, 
                {
                    "category": "Commentary", 
                    "sourceHeRef": "מצודת דוד על ירמיהו נ״ב:י״ב:א׳", 
                    "index_title": "Metzudat David on Jeremiah", 
                    "sourceRef": "Metzudat David on Jeremiah 52:12:1"
                }, 
                {
                    "category": "Commentary", 
                    "sourceHeRef": "מצודת דוד על ירמיהו נ״ב:י״ב:ב׳", 
                    "index_title": "Metzudat David on Jeremiah", 
                    "sourceRef": "Metzudat David on Jeremiah 52:12:2"
                }, 
                {
                    "category": "Talmud", 
                    "sourceHeRef": "תענית כ״ט א:כ״ב", 
                    "index_title": "Taanit", 
                    "sourceRef": "Taanit 29a:22"
                }, 
                {
                    "category": "Talmud", 
                    "sourceHeRef": "סנהדרין צ״ו א:פ״א", 
                    "index_title": "Sanhedrin", 
                    "sourceRef": "Sanhedrin 96a:81"
                }, 
                {
                    "category": "Apocrypha", 
                    "sourceHeRef": "סדר עולם רבה כ״ז:ב׳", 
                    "index_title": "Seder Olam Rabbah", 
                    "sourceRef": "Seder Olam Rabbah 27:2"
                }, 
                {
                    "category": "Philosophy", 
                    "sourceHeRef": "נצח ישראל ט׳:ב׳", 
                    "index_title": "Netzach Yisrael", 
                    "sourceRef": "Netzach Yisrael 9:2"
                }, 
                {
                    "category": "Midrash", 
                    "sourceHeRef": "עין יעקב (מאת שמואל צבי גליק) , סנהדרין י״א:ל״ח", 
                    "index_title": "Ein Yaakov (Glick Edition)", 
                    "sourceRef": "Ein Yaakov (Glick Edition), Sanhedrin 11:38"
                }, 
                {
                    "category": "Halakhah", 
                    "sourceHeRef": "ערוך השולחן א׳:תקמ״ט:ג׳", 
                    "index_title": "Aruch HaShulchan", 
                    "sourceRef": "Aruch HaShulchan 1:549:3"
                }, 
                {
                    "category": "Quoting Commentary", 
                    "sourceHeRef": "רלב\"ג על מלכים ב כ״ה:ח׳:א׳", 
                    "index_title": "Ralbag on II Kings", 
                    "sourceRef": "Ralbag on II Kings 25:8:1"
                }
            ], 
            "text": "Now in the fifth month, in the tenth day of the month, which was the nineteenth year of king Nebuchadrezzar, king of Babylon, came Nebuzaradan the captain of the guard, who stood before the king of Babylon, into Jerusalem;"
        }, 
        {
            "segmentNumber": "13", 
            "he": "וַיִּשְׂרֹ֥ף אֶת־בֵּית־יְהוָ֖ה וְאֶת־בֵּ֣ית הַמֶּ֑לֶךְ וְאֵ֨ת כָּל־בָּתֵּ֧י יְרוּשָׁלִַ֛ם וְאֶת־כָּל־בֵּ֥ית הַגָּד֖וֹל שָׂרַ֥ף בָּאֵֽשׁ׃", 
            "links": [
                {
                    "category": "Commentary", 
                    "sourceHeRef": "רש\"י על ירמיהו נ״ב:י״ג:א׳", 
                    "index_title": "Rashi on Jeremiah", 
                    "sourceRef": "Rashi on Jeremiah 52:13:1"
                }, 
                {
                    "category": "Commentary", 
                    "sourceHeRef": "מצודת דוד על ירמיהו נ״ב:י״ג:א׳", 
                    "index_title": "Metzudat David on Jeremiah", 
                    "sourceRef": "Metzudat David on Jeremiah 52:13:1"
                }, 
                {
                    "category": "Midrash", 
                    "sourceHeRef": "פסיקתא רבתי י״ד:א׳", 
                    "index_title": "Pesikta Rabbati", 
                    "sourceRef": "Pesikta Rabbati 14:1"
                }
            ], 
            "text": "and he burned the house of the LORD, and the king’s house; and all the houses of Jerusalem, even every great man’s house, burned he with fire."
        }, 
        {
            "segmentNumber": "14", 
            "he": "וְאֶת־כָּל־חֹמ֥וֹת יְרוּשָׁלִַ֖ם סָבִ֑יב נָֽתְצוּ֙ כָּל־חֵ֣יל כַּשְׂדִּ֔ים אֲשֶׁ֖ר אֶת־רַב־טַבָּחִֽים׃", 
            "links": [
                {
                    "category": "Commentary", 
                    "sourceHeRef": "מצודת ציון על ירמיהו נ״ב:י״ד:א׳", 
                    "index_title": "Metzudat Zion on Jeremiah", 
                    "sourceRef": "Metzudat Zion on Jeremiah 52:14:1"
                }
            ], 
            "text": "And all the army of the Chaldeans, that were with the captain of the guard, broke down all the walls of Jerusalem round about."
        }, 
        {
            "segmentNumber": "15", 
            "he": "וּמִדַּלּ֨וֹת הָעָ֜ם וְֽאֶת־יֶ֥תֶר הָעָ֣ם ׀ הַנִּשְׁאָרִ֣ים בָּעִ֗יר וְאֶת־הַנֹּֽפְלִים֙ אֲשֶׁ֤ר נָֽפְלוּ֙ אֶל־מֶ֣לֶךְ בָּבֶ֔ל וְאֵ֖ת יֶ֣תֶר הָֽאָמ֑וֹן הֶגְלָ֕ה נְבוּזַרְאֲדָ֖ן רַב־טַבָּחִֽים׃", 
            "links": [
                {
                    "category": "Commentary", 
                    "sourceHeRef": "רש\"י על ירמיהו נ״ב:ט״ו:א׳", 
                    "index_title": "Rashi on Jeremiah", 
                    "sourceRef": "Rashi on Jeremiah 52:15:1"
                }, 
                {
                    "category": "Commentary", 
                    "sourceHeRef": "מצודת דוד על ירמיהו נ״ב:ט״ו:א׳", 
                    "index_title": "Metzudat David on Jeremiah", 
                    "sourceRef": "Metzudat David on Jeremiah 52:15:1"
                }, 
                {
                    "category": "Commentary", 
                    "sourceHeRef": "מצודת דוד על ירמיהו נ״ב:ט״ו:ב׳", 
                    "index_title": "Metzudat David on Jeremiah", 
                    "sourceRef": "Metzudat David on Jeremiah 52:15:2"
                }, 
                {
                    "category": "Commentary", 
                    "sourceHeRef": "מצודת דוד על ירמיהו נ״ב:ט״ו:ג׳", 
                    "index_title": "Metzudat David on Jeremiah", 
                    "sourceRef": "Metzudat David on Jeremiah 52:15:3"
                }, 
                {
                    "category": "Commentary", 
                    "sourceHeRef": "מצודת ציון על ירמיהו נ״ב:ט״ו:א׳", 
                    "index_title": "Metzudat Zion on Jeremiah", 
                    "sourceRef": "Metzudat Zion on Jeremiah 52:15:1"
                }, 
                {
                    "category": "Commentary", 
                    "sourceHeRef": "מצודת ציון על ירמיהו נ״ב:ט״ו:ב׳", 
                    "index_title": "Metzudat Zion on Jeremiah", 
                    "sourceRef": "Metzudat Zion on Jeremiah 52:15:2"
                }
            ], 
            "text": "Then Nebuzaradan the captain of the guard carried away captive of the poorest sort of the people, and the residue of the people that remained in the city, and those that fell away, that fell to the king of Babylon, and the residue of the multitude."
        }, 
        {
            "segmentNumber": "16", 
            "he": "וּמִדַּלּ֣וֹת הָאָ֔רֶץ הִשְׁאִ֕יר נְבוּזַרְאֲדָ֖ן רַב־טַבָּחִ֑ים לְכֹרְמִ֖ים וּלְיֹגְבִֽים׃", 
            "links": [
                {
                    "category": "Commentary", 
                    "sourceHeRef": "רש\"י על ירמיהו נ״ב:ט״ז:א׳", 
                    "index_title": "Rashi on Jeremiah", 
                    "sourceRef": "Rashi on Jeremiah 52:16:1"
                }, 
                {
                    "category": "Commentary", 
                    "sourceHeRef": "מצודת דוד על ירמיהו נ״ב:ט״ז:א׳", 
                    "index_title": "Metzudat David on Jeremiah", 
                    "sourceRef": "Metzudat David on Jeremiah 52:16:1"
                }, 
                {
                    "category": "Commentary", 
                    "sourceHeRef": "מצודת ציון על ירמיהו נ״ב:ט״ז:א׳", 
                    "index_title": "Metzudat Zion on Jeremiah", 
                    "sourceRef": "Metzudat Zion on Jeremiah 52:16:1"
                }, 
                {
                    "category": "Commentary", 
                    "sourceHeRef": "מצודת ציון על ירמיהו נ״ב:ט״ז:ב׳", 
                    "index_title": "Metzudat Zion on Jeremiah", 
                    "sourceRef": "Metzudat Zion on Jeremiah 52:16:2"
                }, 
                {
                    "category": "Talmud", 
                    "sourceHeRef": "שבת כ״ו א:י״א", 
                    "index_title": "Shabbat", 
                    "sourceRef": "Shabbat 26a:11"
                }
            ], 
            "text": "But Nebuzaradan the captain of the guard left of the poorest of the land to be vinedressers and husbandmen."
        }, 
        {
            "segmentNumber": "17", 
            "he": "וְאֶת־עַמּוּדֵ֨י הַנְּחֹ֜שֶׁת אֲשֶׁ֣ר לְבֵית־יְהוָ֗ה וְֽאֶת־הַמְּכֹנ֞וֹת וְאֶת־יָ֧ם הַנְּחֹ֛שֶׁת אֲשֶׁ֥ר בְּבֵית־יְהוָ֖ה שִׁבְּר֣וּ כַשְׂדִּ֑ים וַיִּשְׂא֥וּ אֶת־כָּל־נְחֻשְׁתָּ֖ם בָּבֶֽלָה׃", 
            "links": [
                {
                    "category": "Commentary", 
                    "sourceHeRef": "רש\"י על ירמיהו נ״ב:י״ז:א׳", 
                    "index_title": "Rashi on Jeremiah", 
                    "sourceRef": "Rashi on Jeremiah 52:17:1"
                }, 
                {
                    "category": "Commentary", 
                    "sourceHeRef": "מצודת ציון על ירמיהו נ״ב:י״ז:א׳", 
                    "index_title": "Metzudat Zion on Jeremiah", 
                    "sourceRef": "Metzudat Zion on Jeremiah 52:17:1"
                }, 
                {
                    "category": "Commentary", 
                    "sourceHeRef": "מצודת ציון על ירמיהו נ״ב:י״ז:ב׳", 
                    "index_title": "Metzudat Zion on Jeremiah", 
                    "sourceRef": "Metzudat Zion on Jeremiah 52:17:2"
                }
            ], 
            "text": "And the pillars of brass that were in the house of the LORD, and the bases and the brazen sea that were in the house of the LORD, did the Chaldeans break in pieces, and carried all the brass of them to Babylon."
        }, 
        {
            "segmentNumber": "18", 
            "he": "וְאֶת־הַ֠סִּרוֹת וְאֶת־הַיָּעִ֨ים וְאֶת־הַֽמְזַמְּר֜וֹת וְאֶת־הַמִּזְרָקֹ֣ת וְאֶת־הַכַּפּ֗וֹת וְאֵ֨ת כָּל־כְּלֵ֧י הַנְּחֹ֛שֶׁת אֲשֶׁר־יְשָׁרְת֥וּ בָהֶ֖ם לָקָֽחוּ׃", 
            "links": [
                {
                    "category": "Commentary", 
                    "sourceHeRef": "מלבי\"ם על ירמיהו נ״ב:י״ח:א׳", 
                    "index_title": "Malbim on Jeremiah", 
                    "sourceRef": "Malbim on Jeremiah 52:18:1"
                }, 
                {
                    "category": "Commentary", 
                    "sourceHeRef": "רש\"י על ירמיהו נ״ב:י״ח:א׳", 
                    "index_title": "Rashi on Jeremiah", 
                    "sourceRef": "Rashi on Jeremiah 52:18:1"
                }, 
                {
                    "category": "Commentary", 
                    "sourceHeRef": "מצודת דוד על ירמיהו נ״ב:י״ח:א׳", 
                    "index_title": "Metzudat David on Jeremiah", 
                    "sourceRef": "Metzudat David on Jeremiah 52:18:1"
                }, 
                {
                    "category": "Commentary", 
                    "sourceHeRef": "מצודת ציון על ירמיהו נ״ב:י״ח:א׳", 
                    "index_title": "Metzudat Zion on Jeremiah", 
                    "sourceRef": "Metzudat Zion on Jeremiah 52:18:1"
                }, 
                {
                    "category": "Commentary", 
                    "sourceHeRef": "מצודת ציון על ירמיהו נ״ב:י״ח:ב׳", 
                    "index_title": "Metzudat Zion on Jeremiah", 
                    "sourceRef": "Metzudat Zion on Jeremiah 52:18:2"
                }, 
                {
                    "category": "Commentary", 
                    "sourceHeRef": "מצודת ציון על ירמיהו נ״ב:י״ח:ג׳", 
                    "index_title": "Metzudat Zion on Jeremiah", 
                    "sourceRef": "Metzudat Zion on Jeremiah 52:18:3"
                }, 
                {
                    "category": "Commentary", 
                    "sourceHeRef": "מצודת ציון על ירמיהו נ״ב:י״ח:ד׳", 
                    "index_title": "Metzudat Zion on Jeremiah", 
                    "sourceRef": "Metzudat Zion on Jeremiah 52:18:4"
                }, 
                {
                    "category": "Commentary", 
                    "sourceHeRef": "מצודת ציון על ירמיהו נ״ב:י״ח:ה׳", 
                    "index_title": "Metzudat Zion on Jeremiah", 
                    "sourceRef": "Metzudat Zion on Jeremiah 52:18:5"
                }
            ], 
            "text": "The pots also, and the shovels, and the snuffers, and the basins, and the pans, and all the vessels of brass wherewith they ministered, took they away."
        }, 
        {
            "segmentNumber": "19", 
            "he": "וְאֶת־הַ֠סִּפִּים וְאֶת־הַמַּחְתּ֨וֹת וְאֶת־הַמִּזְרָק֜וֹת וְאֶת־הַסִּיר֣וֹת וְאֶת־הַמְּנֹר֗וֹת וְאֶת־הַכַּפּוֹת֙ וְאֶת־הַמְּנַקִי֔וֹת אֲשֶׁ֤ר זָהָב֙ זָהָ֔ב וַאֲשֶׁר־כֶּ֖סֶף כָּ֑סֶף לָקַ֖ח רַב־טַבָּחִֽים׃", 
            "links": [
                {
                    "category": "Commentary", 
                    "sourceHeRef": "מלבי\"ם על ירמיהו נ״ב:י״ט:א׳", 
                    "index_title": "Malbim on Jeremiah", 
                    "sourceRef": "Malbim on Jeremiah 52:19:1"
                }, 
                {
                    "category": "Commentary", 
                    "sourceHeRef": "רש\"י על ירמיהו נ״ב:י״ט:א׳", 
                    "index_title": "Rashi on Jeremiah", 
                    "sourceRef": "Rashi on Jeremiah 52:19:1"
                }, 
                {
                    "category": "Commentary", 
                    "sourceHeRef": "רש\"י על ירמיהו נ״ב:י״ט:ב׳", 
                    "index_title": "Rashi on Jeremiah", 
                    "sourceRef": "Rashi on Jeremiah 52:19:2"
                }, 
                {
                    "category": "Commentary", 
                    "sourceHeRef": "רש\"י על ירמיהו נ״ב:י״ט:ג׳", 
                    "index_title": "Rashi on Jeremiah", 
                    "sourceRef": "Rashi on Jeremiah 52:19:3"
                }, 
                {
                    "category": "Commentary", 
                    "sourceHeRef": "מצודת דוד על ירמיהו נ״ב:י״ט:א׳", 
                    "index_title": "Metzudat David on Jeremiah", 
                    "sourceRef": "Metzudat David on Jeremiah 52:19:1"
                }, 
                {
                    "category": "Commentary", 
                    "sourceHeRef": "מצודת ציון על ירמיהו נ״ב:י״ט:א׳", 
                    "index_title": "Metzudat Zion on Jeremiah", 
                    "sourceRef": "Metzudat Zion on Jeremiah 52:19:1"
                }, 
                {
                    "category": "Commentary", 
                    "sourceHeRef": "מצודת ציון על ירמיהו נ״ב:י״ט:ב׳", 
                    "index_title": "Metzudat Zion on Jeremiah", 
                    "sourceRef": "Metzudat Zion on Jeremiah 52:19:2"
                }
            ], 
            "text": "And the cups, and the fire-pans, and the basins, and the pots, and the candlesticks, and the pans, and the bowls—that which was of gold, in gold, and that which was of silver, in silver—the captain of the guard took away."
        }, 
        {
            "segmentNumber": "20", 
            "he": "הָעַמּוּדִ֣ים ׀ שְׁנַ֗יִם הַיָּ֤ם אֶחָד֙ וְהַבָּקָ֞ר שְׁנֵים־עָשָׂ֤ר נְחֹ֙שֶׁת֙ אֲשֶׁר־תַּ֣חַת הַמְּכֹנ֔וֹת אֲשֶׁ֥ר עָשָׂ֛ה הַמֶּ֥לֶךְ שְׁלֹמֹ֖ה לְבֵ֣ית יְהוָ֑ה לֹא־הָיָ֣ה מִשְׁקָ֔ל לִנְחֻשְׁתָּ֖ם כָּל־הַכֵּלִ֥ים הָאֵֽלֶּה׃", 
            "links": [
                {
                    "category": "Commentary", 
                    "sourceHeRef": "רש\"י על ירמיהו נ״ב:כ׳:א׳", 
                    "index_title": "Rashi on Jeremiah", 
                    "sourceRef": "Rashi on Jeremiah 52:20:1"
                }, 
                {
                    "category": "Commentary", 
                    "sourceHeRef": "מצודת דוד על ירמיהו נ״ב:כ׳:א׳", 
                    "index_title": "Metzudat David on Jeremiah", 
                    "sourceRef": "Metzudat David on Jeremiah 52:20:1"
                }, 
                {
                    "category": "Commentary", 
                    "sourceHeRef": "מצודת דוד על ירמיהו נ״ב:כ׳:ב׳", 
                    "index_title": "Metzudat David on Jeremiah", 
                    "sourceRef": "Metzudat David on Jeremiah 52:20:2"
                }
            ], 
            "text": "The two pillars, the one sea, and the twelve brazen bulls that were under the bases, which king Solomon had made for the house of the LORD—the brass of all these vessels was without weight."
        }, 
        {
            "segmentNumber": "21", 
            "he": "וְהָעַמּוּדִ֗ים שְׁמֹנֶ֨ה עֶשְׂרֵ֤ה אַמָּה֙ קומה [קוֹמַת֙] הָעַמֻּ֣ד הָאֶחָ֔ד וְח֛וּט שְׁתֵּים־עֶשְׂרֵ֥ה אַמָּ֖ה יְסֻבֶּ֑נּוּ וְעָבְי֛וֹ אַרְבַּ֥ע אַצְבָּע֖וֹת נָבֽוּב׃", 
            "links": [
                {
                    "category": "Commentary", 
                    "sourceHeRef": "רש\"י על ירמיהו נ״ב:כ״א:א׳", 
                    "index_title": "Rashi on Jeremiah", 
                    "sourceRef": "Rashi on Jeremiah 52:21:1"
                }, 
                {
                    "category": "Commentary", 
                    "sourceHeRef": "רש\"י על ירמיהו נ״ב:כ״א:ב׳", 
                    "index_title": "Rashi on Jeremiah", 
                    "sourceRef": "Rashi on Jeremiah 52:21:2"
                }, 
                {
                    "category": "Commentary", 
                    "sourceHeRef": "רש\"י על ירמיהו נ״ב:כ״א:ג׳", 
                    "index_title": "Rashi on Jeremiah", 
                    "sourceRef": "Rashi on Jeremiah 52:21:3"
                }, 
                {
                    "category": "Commentary", 
                    "sourceHeRef": "מצודת דוד על ירמיהו נ״ב:כ״א:א׳", 
                    "index_title": "Metzudat David on Jeremiah", 
                    "sourceRef": "Metzudat David on Jeremiah 52:21:1"
                }, 
                {
                    "category": "Commentary", 
                    "sourceHeRef": "מצודת דוד על ירמיהו נ״ב:כ״א:ב׳", 
                    "index_title": "Metzudat David on Jeremiah", 
                    "sourceRef": "Metzudat David on Jeremiah 52:21:2"
                }, 
                {
                    "category": "Commentary", 
                    "sourceHeRef": "מצודת דוד על ירמיהו נ״ב:כ״א:ג׳", 
                    "index_title": "Metzudat David on Jeremiah", 
                    "sourceRef": "Metzudat David on Jeremiah 52:21:3"
                }, 
                {
                    "category": "Commentary", 
                    "sourceHeRef": "מצודת ציון על ירמיהו נ״ב:כ״א:א׳", 
                    "index_title": "Metzudat Zion on Jeremiah", 
                    "sourceRef": "Metzudat Zion on Jeremiah 52:21:1"
                }, 
                {
                    "category": "Commentary", 
                    "sourceHeRef": "מצודת ציון על ירמיהו נ״ב:כ״א:ב׳", 
                    "index_title": "Metzudat Zion on Jeremiah", 
                    "sourceRef": "Metzudat Zion on Jeremiah 52:21:2"
                }, 
                {
                    "category": "Quoting Commentary", 
                    "sourceHeRef": "רש\"י על שמות ל״ח:ז׳:א׳", 
                    "index_title": "Rashi on Exodus", 
                    "sourceRef": "Rashi on Exodus 38:7:1"
                }
            ], 
            "text": "And as for the pillars, the height of the one pillar was eighteen cubits; and a line of twelve cubits did compass it; and the thickness thereof was four fingers; it was hollow."
        }, 
        {
            "segmentNumber": "22", 
            "he": "וְכֹתֶ֨רֶת עָלָ֜יו נְחֹ֗שֶׁת וְקוֹמַ֨ת הַכֹּתֶ֥רֶת הָאַחַת֮ חָמֵ֣שׁ אַמּוֹת֒ וּשְׂבָכָ֨ה וְרִמּוֹנִ֧ים עַֽל־הַכּוֹתֶ֛רֶת סָבִ֖יב הַכֹּ֣ל נְחֹ֑שֶׁת וְכָאֵ֛לֶּה לַֽעַמּ֥וּד הַשֵּׁנִ֖י וְרִמּוֹנִֽים׃", 
            "links": [
                {
                    "category": "Commentary", 
                    "sourceHeRef": "מלבי\"ם על ירמיהו נ״ב:כ״ב:א׳", 
                    "index_title": "Malbim on Jeremiah", 
                    "sourceRef": "Malbim on Jeremiah 52:22:1"
                }, 
                {
                    "category": "Commentary", 
                    "sourceHeRef": "מלבי\"ם על ירמיהו נ״ב:כ״ב:ב׳", 
                    "index_title": "Malbim on Jeremiah", 
                    "sourceRef": "Malbim on Jeremiah 52:22:2"
                }, 
                {
                    "category": "Commentary", 
                    "sourceHeRef": "רש\"י על ירמיהו נ״ב:כ״ב:א׳", 
                    "index_title": "Rashi on Jeremiah", 
                    "sourceRef": "Rashi on Jeremiah 52:22:1"
                }, 
                {
                    "category": "Commentary", 
                    "sourceHeRef": "מצודת דוד על ירמיהו נ״ב:כ״ב:א׳", 
                    "index_title": "Metzudat David on Jeremiah", 
                    "sourceRef": "Metzudat David on Jeremiah 52:22:1"
                }, 
                {
                    "category": "Commentary", 
                    "sourceHeRef": "מצודת דוד על ירמיהו נ״ב:כ״ב:ב׳", 
                    "index_title": "Metzudat David on Jeremiah", 
                    "sourceRef": "Metzudat David on Jeremiah 52:22:2"
                }, 
                {
                    "category": "Commentary", 
                    "sourceHeRef": "מצודת דוד על ירמיהו נ״ב:כ״ב:ג׳", 
                    "index_title": "Metzudat David on Jeremiah", 
                    "sourceRef": "Metzudat David on Jeremiah 52:22:3"
                }, 
                {
                    "category": "Commentary", 
                    "sourceHeRef": "מצודת דוד על ירמיהו נ״ב:כ״ב:ד׳", 
                    "index_title": "Metzudat David on Jeremiah", 
                    "sourceRef": "Metzudat David on Jeremiah 52:22:4"
                }, 
                {
                    "category": "Commentary", 
                    "sourceHeRef": "מצודת דוד על ירמיהו נ״ב:כ״ב:ה׳", 
                    "index_title": "Metzudat David on Jeremiah", 
                    "sourceRef": "Metzudat David on Jeremiah 52:22:5"
                }, 
                {
                    "category": "Commentary", 
                    "sourceHeRef": "מצודת ציון על ירמיהו נ״ב:כ״ב:א׳", 
                    "index_title": "Metzudat Zion on Jeremiah", 
                    "sourceRef": "Metzudat Zion on Jeremiah 52:22:1"
                }
            ], 
            "text": "And a capital of brass was upon it; and the height of the one capital was five cubits, with network and pomegranates upon the capital round about, all of brass; and the second pillar also had like unto these, and pomegranates."
        }, 
        {
            "segmentNumber": "23", 
            "he": "וַיִּֽהְיוּ֙ הָֽרִמֹּנִ֔ים תִּשְׁעִ֥ים וְשִׁשָּׁ֖ה ר֑וּחָה כָּל־הָרִמּוֹנִ֥ים מֵאָ֛ה עַל־הַשְּׂבָכָ֖ה סָבִֽיב׃", 
            "links": [
                {
                    "category": "Commentary", 
                    "sourceHeRef": "רש\"י על ירמיהו נ״ב:כ״ג:א׳", 
                    "index_title": "Rashi on Jeremiah", 
                    "sourceRef": "Rashi on Jeremiah 52:23:1"
                }, 
                {
                    "category": "Commentary", 
                    "sourceHeRef": "רש\"י על ירמיהו נ״ב:כ״ג:ב׳", 
                    "index_title": "Rashi on Jeremiah", 
                    "sourceRef": "Rashi on Jeremiah 52:23:2"
                }, 
                {
                    "category": "Commentary", 
                    "sourceHeRef": "מצודת דוד על ירמיהו נ״ב:כ״ג:א׳", 
                    "index_title": "Metzudat David on Jeremiah", 
                    "sourceRef": "Metzudat David on Jeremiah 52:23:1"
                }, 
                {
                    "category": "Commentary", 
                    "sourceHeRef": "מצודת דוד על ירמיהו נ״ב:כ״ג:ב׳", 
                    "index_title": "Metzudat David on Jeremiah", 
                    "sourceRef": "Metzudat David on Jeremiah 52:23:2"
                }, 
                {
                    "category": "Commentary", 
                    "sourceHeRef": "מצודת דוד על ירמיהו נ״ב:כ״ג:ג׳", 
                    "index_title": "Metzudat David on Jeremiah", 
                    "sourceRef": "Metzudat David on Jeremiah 52:23:3"
                }, 
                {
                    "category": "Commentary", 
                    "sourceHeRef": "מצודת ציון על ירמיהו נ״ב:כ״ג:א׳", 
                    "index_title": "Metzudat Zion on Jeremiah", 
                    "sourceRef": "Metzudat Zion on Jeremiah 52:23:1"
                }
            ], 
            "text": "And there were ninety and six pomegranates on the outside; all the pomegranates were a hundred upon the network round about."
        }, 
        {
            "segmentNumber": "24", 
            "he": "וַיִּקַּ֣ח רַב־טַבָּחִ֗ים אֶת־שְׂרָיָה֙ כֹּהֵ֣ן הָרֹ֔אשׁ וְאֶת־צְפַנְיָ֖ה כֹּהֵ֣ן הַמִּשְׁנֶ֑ה וְאֶת־שְׁלֹ֖שֶׁת שֹׁמְרֵ֥י הַסַּֽף׃", 
            "links": [
                {
                    "category": "Commentary", 
                    "sourceHeRef": "רש\"י על ירמיהו נ״ב:כ״ד:א׳", 
                    "index_title": "Rashi on Jeremiah", 
                    "sourceRef": "Rashi on Jeremiah 52:24:1"
                }, 
                {
                    "category": "Commentary", 
                    "sourceHeRef": "מצודת דוד על ירמיהו נ״ב:כ״ד:א׳", 
                    "index_title": "Metzudat David on Jeremiah", 
                    "sourceRef": "Metzudat David on Jeremiah 52:24:1"
                }, 
                {
                    "category": "Commentary", 
                    "sourceHeRef": "מצודת דוד על ירמיהו נ״ב:כ״ד:ב׳", 
                    "index_title": "Metzudat David on Jeremiah", 
                    "sourceRef": "Metzudat David on Jeremiah 52:24:2"
                }, 
                {
                    "category": "Commentary", 
                    "sourceHeRef": "מצודת דוד על ירמיהו נ״ב:כ״ד:ג׳", 
                    "index_title": "Metzudat David on Jeremiah", 
                    "sourceRef": "Metzudat David on Jeremiah 52:24:3"
                }, 
                {
                    "category": "Commentary", 
                    "sourceHeRef": "מצודת ציון על ירמיהו נ״ב:כ״ד:א׳", 
                    "index_title": "Metzudat Zion on Jeremiah", 
                    "sourceRef": "Metzudat Zion on Jeremiah 52:24:1"
                }
            ], 
            "text": "And the captain of the guard took Seraiah the chief priest, and Zephaniah the second priest, and the three keepers of the door;"
        }, 
        {
            "segmentNumber": "25", 
            "he": "וּמִן־הָעִ֡יר לָקַח֩ סָרִ֨יס אֶחָ֜ד אֲ‍ֽשֶׁר־הָיָ֥ה פָקִ֣יד ׀ עַל־אַנְשֵׁ֣י הַמִּלְחָמָ֗ה וְשִׁבְעָ֨ה אֲנָשִׁ֜ים מֵרֹאֵ֤י פְנֵי־הַמֶּ֙לֶךְ֙ אֲשֶׁ֣ר נִמְצְא֣וּ בָעִ֔יר וְאֵ֗ת סֹפֵר֙ שַׂ֣ר הַצָּבָ֔א הַמַּצְבִּ֖א אֶת־עַ֣ם הָאָ֑רֶץ וְשִׁשִּׁ֥ים אִישׁ֙ מֵעַ֣ם הָאָ֔רֶץ הַֽנִּמְצְאִ֖ים בְּת֥וֹךְ הָעִֽיר׃", 
            "links": [
                {
                    "category": "Commentary", 
                    "sourceHeRef": "מלבי\"ם על ירמיהו נ״ב:כ״ה:א׳", 
                    "index_title": "Malbim on Jeremiah", 
                    "sourceRef": "Malbim on Jeremiah 52:25:1"
                }, 
                {
                    "category": "Commentary", 
                    "sourceHeRef": "רש\"י על ירמיהו נ״ב:כ״ה:א׳", 
                    "index_title": "Rashi on Jeremiah", 
                    "sourceRef": "Rashi on Jeremiah 52:25:1"
                }, 
                {
                    "category": "Commentary", 
                    "sourceHeRef": "רש\"י על ירמיהו נ״ב:כ״ה:ב׳", 
                    "index_title": "Rashi on Jeremiah", 
                    "sourceRef": "Rashi on Jeremiah 52:25:2"
                }, 
                {
                    "category": "Commentary", 
                    "sourceHeRef": "מצודת דוד על ירמיהו נ״ב:כ״ה:א׳", 
                    "index_title": "Metzudat David on Jeremiah", 
                    "sourceRef": "Metzudat David on Jeremiah 52:25:1"
                }, 
                {
                    "category": "Commentary", 
                    "sourceHeRef": "מצודת דוד על ירמיהו נ״ב:כ״ה:ב׳", 
                    "index_title": "Metzudat David on Jeremiah", 
                    "sourceRef": "Metzudat David on Jeremiah 52:25:2"
                }, 
                {
                    "category": "Commentary", 
                    "sourceHeRef": "מצודת דוד על ירמיהו נ״ב:כ״ה:ג׳", 
                    "index_title": "Metzudat David on Jeremiah", 
                    "sourceRef": "Metzudat David on Jeremiah 52:25:3"
                }, 
                {
                    "category": "Commentary", 
                    "sourceHeRef": "מצודת דוד על ירמיהו נ״ב:כ״ה:ד׳", 
                    "index_title": "Metzudat David on Jeremiah", 
                    "sourceRef": "Metzudat David on Jeremiah 52:25:4"
                }, 
                {
                    "category": "Commentary", 
                    "sourceHeRef": "מצודת דוד על ירמיהו נ״ב:כ״ה:ה׳", 
                    "index_title": "Metzudat David on Jeremiah", 
                    "sourceRef": "Metzudat David on Jeremiah 52:25:5"
                }, 
                {
                    "category": "Commentary", 
                    "sourceHeRef": "מצודת ציון על ירמיהו נ״ב:כ״ה:א׳", 
                    "index_title": "Metzudat Zion on Jeremiah", 
                    "sourceRef": "Metzudat Zion on Jeremiah 52:25:1"
                }, 
                {
                    "category": "Commentary", 
                    "sourceHeRef": "מצודת ציון על ירמיהו נ״ב:כ״ה:ב׳", 
                    "index_title": "Metzudat Zion on Jeremiah", 
                    "sourceRef": "Metzudat Zion on Jeremiah 52:25:2"
                }, 
                {
                    "category": "Commentary", 
                    "sourceHeRef": "מצודת ציון על ירמיהו נ״ב:כ״ה:ג׳", 
                    "index_title": "Metzudat Zion on Jeremiah", 
                    "sourceRef": "Metzudat Zion on Jeremiah 52:25:3"
                }
            ], 
            "text": "and out of the city he took an officer that was set over the men of war; and seven men of them that saw the king’s face, who were found in the city; and the scribe of the captain of the host, who mustered the people of the land; and threescore men of the people of the land, that were found in the midst of the city."
        }, 
        {
            "segmentNumber": "26", 
            "he": "וַיִּקַּ֣ח אוֹתָ֔ם נְבוּזַרְאֲדָ֖ן רַב־טַבָּחִ֑ים וַיֹּ֧לֶךְ אוֹתָ֛ם אֶל־מֶ֥לֶךְ בָּבֶ֖ל רִבְלָֽתָה׃", 
            "links": [], 
            "text": "And Nebuzaradan the captain of the guard took them, and brought them to the king of Babylon to Riblah."
        }, 
        {
            "segmentNumber": "27", 
            "he": "וַיַּכֶּ֣ה אוֹתָם֩ מֶ֨לֶךְ בָּבֶ֧ל וַיְמִתֵ֛ם בְּרִבְלָ֖ה בְּאֶ֣רֶץ חֲמָ֑ת וַיִּ֥גֶל יְהוּדָ֖ה מֵעַ֥ל אַדְמָתֽוֹ׃", 
            "links": [
                {
                    "category": "Commentary", 
                    "sourceHeRef": "מצודת ציון על ירמיהו נ״ב:כ״ז:א׳", 
                    "index_title": "Metzudat Zion on Jeremiah", 
                    "sourceRef": "Metzudat Zion on Jeremiah 52:27:1"
                }
            ], 
            "text": "And the king of Babylon smote them, and put them to death at Riblah in the land of Hamath. So Judah was carried away captive out of his land."
        }, 
        {
            "segmentNumber": "28", 
            "he": "זֶ֣ה הָעָ֔ם אֲשֶׁ֥ר הֶגְלָ֖ה נְבֽוּכַדְרֶאצַּ֑ר בִּשְׁנַת־שֶׁ֕בַע יְהוּדִ֕ים שְׁלֹ֥שֶׁת אֲלָפִ֖ים וְעֶשְׂרִ֥ים וּשְׁלֹשָֽׁה׃", 
            "links": [
                {
                    "category": "Commentary", 
                    "sourceHeRef": "מלבי\"ם על ירמיהו נ״ב:כ״ח:א׳", 
                    "index_title": "Malbim on Jeremiah", 
                    "sourceRef": "Malbim on Jeremiah 52:28:1"
                }, 
                {
                    "category": "Commentary", 
                    "sourceHeRef": "רש\"י על ירמיהו נ״ב:כ״ח:א׳", 
                    "index_title": "Rashi on Jeremiah", 
                    "sourceRef": "Rashi on Jeremiah 52:28:1"
                }, 
                {
                    "category": "Commentary", 
                    "sourceHeRef": "רש\"י על ירמיהו נ״ב:כ״ח:ב׳", 
                    "index_title": "Rashi on Jeremiah", 
                    "sourceRef": "Rashi on Jeremiah 52:28:2"
                }, 
                {
                    "category": "Commentary", 
                    "sourceHeRef": "מצודת דוד על ירמיהו נ״ב:כ״ח:א׳", 
                    "index_title": "Metzudat David on Jeremiah", 
                    "sourceRef": "Metzudat David on Jeremiah 52:28:1"
                }, 
                {
                    "category": "Commentary", 
                    "sourceHeRef": "מצודת דוד על ירמיהו נ״ב:כ״ח:ב׳", 
                    "index_title": "Metzudat David on Jeremiah", 
                    "sourceRef": "Metzudat David on Jeremiah 52:28:2"
                }, 
                {
                    "category": "Commentary", 
                    "sourceHeRef": "מצודת דוד על ירמיהו נ״ב:כ״ח:ג׳", 
                    "index_title": "Metzudat David on Jeremiah", 
                    "sourceRef": "Metzudat David on Jeremiah 52:28:3"
                }, 
                {
                    "category": "Apocrypha", 
                    "sourceHeRef": "סדר עולם רבה כ״ה:ב׳", 
                    "index_title": "Seder Olam Rabbah", 
                    "sourceRef": "Seder Olam Rabbah 25:2"
                }
            ], 
            "text": "This is the people whom Nebuchadrezzar carried away captive: in the seventh year three thousand Jews and three and twenty;"
        }, 
        {
            "segmentNumber": "29", 
            "he": "בִּשְׁנַ֛ת שְׁמוֹנֶ֥ה עֶשְׂרֵ֖ה לִנְבֽוּכַדְרֶאצַּ֑ר מִיר֣וּשָׁלִַ֔ם נֶ֕פֶשׁ שְׁמֹנֶ֥ה מֵא֖וֹת שְׁלֹשִׁ֥ים וּשְׁנָֽיִם׃", 
            "links": [
                {
                    "category": "Commentary", 
                    "sourceHeRef": "רש\"י על ירמיהו נ״ב:כ״ט:א׳", 
                    "index_title": "Rashi on Jeremiah", 
                    "sourceRef": "Rashi on Jeremiah 52:29:1"
                }, 
                {
                    "category": "Commentary", 
                    "sourceHeRef": "מצודת דוד על ירמיהו נ״ב:כ״ט:א׳", 
                    "index_title": "Metzudat David on Jeremiah", 
                    "sourceRef": "Metzudat David on Jeremiah 52:29:1"
                }, 
                {
                    "category": "Commentary", 
                    "sourceHeRef": "מצודת דוד על ירמיהו נ״ב:כ״ט:ב׳", 
                    "index_title": "Metzudat David on Jeremiah", 
                    "sourceRef": "Metzudat David on Jeremiah 52:29:2"
                }
            ], 
            "text": "in the eighteenth year of Nebuchadrezzar, from Jerusalem, eight hundred thirty and two persons;"
        }, 
        {
            "segmentNumber": "30", 
            "he": "בִּשְׁנַ֨ת שָׁלֹ֣שׁ וְעֶשְׂרִים֮ לִנְבֽוּכַדְרֶאצַּר֒ הֶגְלָ֗ה נְבֽוּזַרְאֲדָן֙ רַב־טַבָּחִ֔ים יְהוּדִ֕ים נֶ֕פֶשׁ שְׁבַ֥ע מֵא֖וֹת אַרְבָּעִ֣ים וַחֲמִשָּׁ֑ה כָּל־נֶ֕פֶשׁ אַרְבַּ֥עַת אֲלָפִ֖ים וְשֵׁ֥שׁ מֵאֽוֹת׃ (פ)", 
            "links": [
                {
                    "category": "Commentary", 
                    "sourceHeRef": "רש\"י על ירמיהו נ״ב:ל׳:א׳", 
                    "index_title": "Rashi on Jeremiah", 
                    "sourceRef": "Rashi on Jeremiah 52:30:1"
                }, 
                {
                    "category": "Commentary", 
                    "sourceHeRef": "מצודת דוד על ירמיהו נ״ב:ל׳:א׳", 
                    "index_title": "Metzudat David on Jeremiah", 
                    "sourceRef": "Metzudat David on Jeremiah 52:30:1"
                }, 
                {
                    "category": "Commentary", 
                    "sourceHeRef": "מצודת דוד על ירמיהו נ״ב:ל׳:ב׳", 
                    "index_title": "Metzudat David on Jeremiah", 
                    "sourceRef": "Metzudat David on Jeremiah 52:30:2"
                }
            ], 
            "text": "in the three and twentieth year of Nebuchadrezzar Nebuzaradan the captain of the guard carried away captive of the Jews seven hundred forty and five persons; all the persons were four thousand and six hundred."
        }, 
        {
            "segmentNumber": "31", 
            "he": "וַיְהִי֩ בִשְׁלֹשִׁ֨ים וָשֶׁ֜בַע שָׁנָ֗ה לְגָלוּת֙ יְהוֹיָכִ֣ן מֶֽלֶךְ־יְהוּדָ֔ה בִּשְׁנֵ֤ים עָשָׂר֙ חֹ֔דֶשׁ בְּעֶשְׂרִ֥ים וַחֲמִשָּׁ֖ה לַחֹ֑דֶשׁ נָשָׂ֡א אֱוִ֣יל מְרֹדַךְ֩ מֶ֨לֶךְ בָּבֶ֜ל בִּשְׁנַ֣ת מַלְכֻת֗וֹ אֶת־רֹאשׁ֙ יְהוֹיָכִ֣ין מֶֽלֶךְ־יְהוּדָ֔ה וַיֹּצֵ֥א אוֹת֖וֹ מִבֵּ֥ית הכליא [הַכְּלֽוּא׃]", 
            "links": [
                {
                    "category": "Commentary", 
                    "sourceHeRef": "מלבי\"ם על ירמיהו נ״ב:ל״א:א׳", 
                    "index_title": "Malbim on Jeremiah", 
                    "sourceRef": "Malbim on Jeremiah 52:31:1"
                }, 
                {
                    "category": "Commentary", 
                    "sourceHeRef": "רש\"י על ירמיהו נ״ב:ל״א:א׳", 
                    "index_title": "Rashi on Jeremiah", 
                    "sourceRef": "Rashi on Jeremiah 52:31:1"
                }, 
                {
                    "category": "Commentary", 
                    "sourceHeRef": "רש\"י על ירמיהו נ״ב:ל״א:ב׳", 
                    "index_title": "Rashi on Jeremiah", 
                    "sourceRef": "Rashi on Jeremiah 52:31:2"
                }, 
                {
                    "category": "Commentary", 
                    "sourceHeRef": "מצודת דוד על ירמיהו נ״ב:ל״א:א׳", 
                    "index_title": "Metzudat David on Jeremiah", 
                    "sourceRef": "Metzudat David on Jeremiah 52:31:1"
                }, 
                {
                    "category": "Commentary", 
                    "sourceHeRef": "מצודת ציון על ירמיהו נ״ב:ל״א:א׳", 
                    "index_title": "Metzudat Zion on Jeremiah", 
                    "sourceRef": "Metzudat Zion on Jeremiah 52:31:1"
                }, 
                {
                    "category": "Commentary", 
                    "sourceHeRef": "מצודת ציון על ירמיהו נ״ב:ל״א:ב׳", 
                    "index_title": "Metzudat Zion on Jeremiah", 
                    "sourceRef": "Metzudat Zion on Jeremiah 52:31:2"
                }, 
                {
                    "category": "Talmud", 
                    "sourceHeRef": "מגילה י״א ב:כ״ו", 
                    "index_title": "Megillah", 
                    "sourceRef": "Megillah 11b:26"
                }, 
                {
                    "category": "Apocrypha", 
                    "sourceHeRef": "סדר עולם רבה כ״ח:ב׳", 
                    "index_title": "Seder Olam Rabbah", 
                    "sourceRef": "Seder Olam Rabbah 28:2"
                }
            ], 
            "text": "And it came to pass in the seven and thirtieth year of the captivity of Jehoiachin king of Judah, in the twelfth month, in the five and twentieth day of the month, that Evil-merodach king of Babylon, in the first year of his reign, lifted up the head of Jehoiachin king of Judah, and brought him forth out of prison."
        }, 
        {
            "segmentNumber": "32", 
            "he": "וַיְדַבֵּ֥ר אִתּ֖וֹ טֹב֑וֹת וַיִּתֵּן֙ אֶת־כִּסְא֔וֹ מִמַּ֗עַל לְכִסֵּ֧א מלכים [הַמְּלָכִ֛ים] אֲשֶׁ֥ר אִתּ֖וֹ בְּבָבֶֽל׃", 
            "links": [
                {
                    "category": "Commentary", 
                    "sourceHeRef": "מצודת דוד על ירמיהו נ״ב:ל״ב:א׳", 
                    "index_title": "Metzudat David on Jeremiah", 
                    "sourceRef": "Metzudat David on Jeremiah 52:32:1"
                }, 
                {
                    "category": "Commentary", 
                    "sourceHeRef": "מצודת דוד על ירמיהו נ״ב:ל״ב:ב׳", 
                    "index_title": "Metzudat David on Jeremiah", 
                    "sourceRef": "Metzudat David on Jeremiah 52:32:2"
                }
            ], 
            "text": "And he spoke kindly to him, and set his throne above the throne of the kings that were with him in Babylon."
        }, 
        {
            "segmentNumber": "33", 
            "he": "וְשִׁנָּ֕ה אֵ֖ת בִּגְדֵ֣י כִלְא֑וֹ וְאָכַ֨ל לֶ֧חֶם לְפָנָ֛יו תָּמִ֖יד כָּל־יְמֵ֥י חַיָּֽו׃", 
            "links": [
                {
                    "category": "Commentary", 
                    "sourceHeRef": "מלבי\"ם על ירמיהו נ״ב:ל״ג:א׳", 
                    "index_title": "Malbim on Jeremiah", 
                    "sourceRef": "Malbim on Jeremiah 52:33:1"
                }, 
                {
                    "category": "Commentary", 
                    "sourceHeRef": "מלבי\"ם על ירמיהו נ״ב:ל״ג:ב׳", 
                    "index_title": "Malbim on Jeremiah", 
                    "sourceRef": "Malbim on Jeremiah 52:33:2"
                }, 
                {
                    "category": "Commentary", 
                    "sourceHeRef": "מלבי\"ם על ירמיהו נ״ב:ל״ג:ג׳", 
                    "index_title": "Malbim on Jeremiah", 
                    "sourceRef": "Malbim on Jeremiah 52:33:3"
                }, 
                {
                    "category": "Commentary", 
                    "sourceHeRef": "מלבי\"ם על ירמיהו נ״ב:ל״ג:ד׳", 
                    "index_title": "Malbim on Jeremiah", 
                    "sourceRef": "Malbim on Jeremiah 52:33:4"
                }, 
                {
                    "category": "Commentary", 
                    "sourceHeRef": "מלבי\"ם על ירמיהו נ״ב:ל״ג:ה׳", 
                    "index_title": "Malbim on Jeremiah", 
                    "sourceRef": "Malbim on Jeremiah 52:33:5"
                }, 
                {
                    "category": "Commentary", 
                    "sourceHeRef": "מלבי\"ם על ירמיהו נ״ב:ל״ג:ו׳", 
                    "index_title": "Malbim on Jeremiah", 
                    "sourceRef": "Malbim on Jeremiah 52:33:6"
                }, 
                {
                    "category": "Commentary", 
                    "sourceHeRef": "מלבי\"ם על ירמיהו נ״ב:ל״ג:ז׳", 
                    "index_title": "Malbim on Jeremiah", 
                    "sourceRef": "Malbim on Jeremiah 52:33:7"
                }, 
                {
                    "category": "Commentary", 
                    "sourceHeRef": "מלבי\"ם על ירמיהו נ״ב:ל״ג:ח׳", 
                    "index_title": "Malbim on Jeremiah", 
                    "sourceRef": "Malbim on Jeremiah 52:33:8"
                }, 
                {
                    "category": "Commentary", 
                    "sourceHeRef": "מצודת דוד על ירמיהו נ״ב:ל״ג:א׳", 
                    "index_title": "Metzudat David on Jeremiah", 
                    "sourceRef": "Metzudat David on Jeremiah 52:33:1"
                }, 
                {
                    "category": "Commentary", 
                    "sourceHeRef": "מצודת דוד על ירמיהו נ״ב:ל״ג:ב׳", 
                    "index_title": "Metzudat David on Jeremiah", 
                    "sourceRef": "Metzudat David on Jeremiah 52:33:2"
                }, 
                {
                    "category": "Commentary", 
                    "sourceHeRef": "מצודת דוד על ירמיהו נ״ב:ל״ג:ג׳", 
                    "index_title": "Metzudat David on Jeremiah", 
                    "sourceRef": "Metzudat David on Jeremiah 52:33:3"
                }, 
                {
                    "category": "Commentary", 
                    "sourceHeRef": "מצודת דוד על ירמיהו נ״ב:ל״ג:ד׳", 
                    "index_title": "Metzudat David on Jeremiah", 
                    "sourceRef": "Metzudat David on Jeremiah 52:33:4"
                }, 
                {
                    "category": "Commentary", 
                    "sourceHeRef": "מצודת ציון על ירמיהו נ״ב:ל״ג:א׳", 
                    "index_title": "Metzudat Zion on Jeremiah", 
                    "sourceRef": "Metzudat Zion on Jeremiah 52:33:1"
                }, 
                {
                    "category": "Commentary", 
                    "sourceHeRef": "מצודת ציון על ירמיהו נ״ב:ל״ג:ב׳", 
                    "index_title": "Metzudat Zion on Jeremiah", 
                    "sourceRef": "Metzudat Zion on Jeremiah 52:33:2"
                }
            ], 
            "text": "And he changed his prison garments, and did eat bread before him continually all the days of his life."
        }, 
        {
            "segmentNumber": "34", 
            "he": "וַאֲרֻחָת֗וֹ אֲרֻחַת֩ תָּמִ֨יד נִתְּנָה־לּ֜וֹ מֵאֵ֧ת מֶֽלֶךְ־בָּבֶ֛ל דְּבַר־י֥וֹם בְּיוֹמ֖וֹ עַד־י֣וֹם מוֹת֑וֹ כֹּ֖ל יְמֵ֥י חַיָּֽיו׃", 
            "links": [
                {
                    "category": "Commentary", 
                    "sourceHeRef": "רש\"י על ירמיהו נ״ב:ל״ד:א׳", 
                    "index_title": "Rashi on Jeremiah", 
                    "sourceRef": "Rashi on Jeremiah 52:34:1"
                }, 
                {
                    "category": "Commentary", 
                    "sourceHeRef": "מצודת דוד על ירמיהו נ״ב:ל״ד:א׳", 
                    "index_title": "Metzudat David on Jeremiah", 
                    "sourceRef": "Metzudat David on Jeremiah 52:34:1"
                }, 
                {
                    "category": "Commentary", 
                    "sourceHeRef": "מצודת דוד על ירמיהו נ״ב:ל״ד:ב׳", 
                    "index_title": "Metzudat David on Jeremiah", 
                    "sourceRef": "Metzudat David on Jeremiah 52:34:2"
                }, 
                {
                    "category": "Commentary", 
                    "sourceHeRef": "מצודת ציון על ירמיהו נ״ב:ל״ד:א׳", 
                    "index_title": "Metzudat Zion on Jeremiah", 
                    "sourceRef": "Metzudat Zion on Jeremiah 52:34:1"
                }, 
                {
                    "category": "Quoting Commentary", 
                    "sourceHeRef": "דעת זקנים על במדבר ל״ה:ל״ב:א׳", 
                    "index_title": "Daat Zkenim on Numbers", 
                    "sourceRef": "Daat Zkenim on Numbers 35:32:1"
                }
            ], 
            "text": "And for his allowance, there was a continual allowance given him of the king of Babylon, every day a portion until the day of his death, all the days of his life."
        }
    ], 
    "book": "Jeremiah", 
    "prev": "Jeremiah 51", 
    "textDepth": 2, 
    "sectionNames": [
        "Chapter", 
        "Verse"
    ], 
    "sections": [
        52
    ], 
    "isComplex": false, 
    "titleVariants": [
        "Yirmiyahu", 
        "Jer", 
        "Jer.", 
        "Jeremiah"
    ], 
    "categories": [
        "Tanakh", 
        "Prophets"
    ], 
    "ref": "Jeremiah 52", 
    "type": "Tanakh", 
    "addressTypes": [
        "Integer", 
        "Integer"
    ], 
    "length": 52, 
    "indexTitle": "Jeremiah", 
    "heIndexTitle": "ירמיהו", 
    "alts": [], 
    "order": [
        13, 
        8
    ]
}