{
    "heTitleVariants": [
        "נתיב התשובה"
    ], 
    "heTitle": "נתיבות עולם, נתיב התשובה", 
    "heRef": "נתיבות עולם, נתיב התשובה ו׳", 
    "toSections": [
        6
    ], 
    "sectionRef": "Netivot Olam, Netiv Hatshuva 6", 
    "lengths": [
        8
    ], 
    "next": "Netivot Olam, Netiv Hatshuva 7", 
    "content": [
        {
            "segmentNumber": "1", 
            "he": "בפ\"ק דר\"ה (י\"ז, ב') אמר רבי יוחנן גדולה תשובה שמקרעת גזר דינו של אדם שנא' השמן לב העם הזה וגו' אמר ליה רב פפא לאביי ודלמא קודם גזר דין אמר ליה ושב ורפא לו כתיב איזה דבר שצריך רפואה הוי אומר זה גזר דין, מיתיבי השב בנתיים מוחלין לו לא שב בנתיים אפי' הביא כל אילי נביות שבעולם אין מוחלין לו לא קשיא הא ביחיד הא בצבור, כבר התבאר כי התשובה של רבים מגיע עד הש\"י ולפיכך מקרעת גזר דינו, ולעיל התבאר כי אפי' דוחה ל\"ת שבתורה כ\"ש וכ\"ש שדוחה ומבטלת הגזירה:", 
            "links": [], 
            "text": ""
        }, 
        {
            "segmentNumber": "2", 
            "he": "ויעבור ה' על פניו ויקרא אמר רבי יוחנן אלמלא מקרא כתוב אי אפשר לאמרו מלמד שנתעטף הקב\"ה כש\"ץ והראה לו למשה סדר תפלה אמר ליה כל זמן שישראל חוטאין לפני יעשו כסדר הזה ואני אמחול להם עונותיהם, ה' ה' אני הוא קודם שיחטא האדם אני הוא לאחר שיחטא האדם ויעשה תשובה, אל רחום וחנון ארך אפים ורב חסד ואמת אמר רב יהודה ברית כרותה לי\"ג מדות שאינן חוזרות ריקם שנ' הנה אנכי כורת ברית וגו'. אילפא רמי כתיב ורב חסד וכתיב ואמת בתחלה אמת ולבסוף ורב חסד, ר\"א אומר כתיב ולך ה' חסד וכתיב כי אתה תשלם לאיש כמעשהו בתחלה כי אתה תשלם וגו' ולבסוף ולך ה' חסד, רב הונא רמי כתיב צדיק ה' בכל דרכיו וכתיב וחסיד בכל מעשיו בתחלה צדיק ולבסוף חסיד. פי' הא דכתיב ויעבור על כרחך בא ללמד איך יתפלל, שאם בא ללמד אותו מה שיתפלל בלבד הוי ליה ללמדו כך וכך תקרא כמו שלמדו כל התורה כולה ולא היה צריך לומר ויעבור ה' על פניו ויקרא, אלא מלמד שהראה לו ג\"כ איך יהיה נוהג בתפלתו ולפיכך לא היה די במה שילמד אותו התפלה אלא שהראה לו סדר תפלה, כי מפני אמר משה הראני נא את כבודך ומאחר שמבקש משה רבינו ע\"ה לראות, אי אפשר להראות לו רק במעשה שהיה מראה לו והראה לו כי כאשר עושין כסדר הזה יפתחו להם מדת טובו. אני הוא קודם שיחטא ואני הוא לאחר שיחטא, הקשה הרא\"ש ז\"ל והלא קודם שיחטא אין צריך למדת הרחמים שלא חטא עדיין, ותירץ הרא\"ש דחשב להיות חוטא אלא שלא חטא ובחטא ע\"ז איירי שהקב\"ה מצרפה למעשה ואפ\"ה קודם שיחטא מנהיג עמו במדת הרחמים ולאחר שיחטא מצרפה למעשה ע\"כ דברי הרא\"ש. אבל הדברים פשוטים הם כי אלו י\"ג מדות הם דרכי ה' במציאות והם מדת טובו מה שעושה טוב לאדם, ואדם שלא חטא ג\"כ צריך למדת טובו כי אין לבריות על בוראם יתב' רק חסד ורחמים ואין כאן חוב, לכך קאמר שהוא נוהג עם האדם במדת הרחמים קודם שיחטא, ואחר שיחטא ועשה תשובה ג\"כ נוהג עם האדם במדת הרחמים, ומי שלא חטא ג\"כ הוא בכלל הזה שהוא צריך למדת טובו אלא שהוא ראשון קודם לכל מדת טובו. אני ה' קודם שיחטא כו' יראה לי פירושו כי הרשע ששב בתשובה והרי הוא צדיק הוא בצדקתו שוה למי שלא חטא:", 
            "links": [], 
            "text": ""
        }, 
        {
            "segmentNumber": "3", 
            "he": "ולא נתפרש בגמרא שם אל הכתוב אח\"כ על מה הוא מורה, ובשני שמות הראשונים כבר פרשו מה הם המדות האחד קודם שיחטא והשני לאחר שיחטא ויעשה תשובה, ולא פרשו על מדת אל. ויראה לומר שם הזה הוא חסד והוא ידוע כי שם הזה מדת חסד כמו שאמר הכתוב (תלים כ\"ב) אלי אלי למה עזבתני, והמדה הזאת הוא חסד עליון שהש\"י עושה בעולמו ועושה טוב שהוא גדול מאוד. ואמר רחום וחנון שתי מדות הם, האחד לעשות רחמים עם מי שאינו יכול לעמוד במדת הדין, וחנון ענין זה החנינה לאדם שהש\"י נותן מתנת חנם לאדם אף שאינו ראוי ליתן לו והוא ית' נותן לו דרך חנינה, וזה יותר מן רחום כי רחום לרחם על הבריה שלא יאבד שלא יהיה נעשה בו הדין, וחנון הוא מתנת חנם. ואמר ארך אפים פי' שהוא מאריך באפו שלא להשחית האדם מיד אף כי הוא חוטא מ\"מ מאריך לו אף אולי ישוב, ורב חסד פי' כאשר הוא יתברך משלם הטוב לאדם ומשלם ברוב טוב אף כי יש כאן דבר שלא יעשה עמו חסד מ\"מ מצד רבוי החסד שהוא עם הש\"י גובר החסד שהוא אצל הש\"י, ומפני זה דרשו רב חסד מטה ידו כלפי חסד כי כאשר הזכיות והעונות שוים הש\"י מכריע לכף זכות מפני רבוי הטוב שנמצא אצלו ית'. ואמת פי' אף ע\"ג שאינו משלם השכר טוב לצדיקים מיד הוא אמת לשלם להם לבסוף, ובזה מדותיו ית' אמת כאשר בסוף ישלם להם, נוצר חסד שאף לבניהם לאלפים דור ישלם להם וזהו יותר מן הראשון. ובגמרא קאמר אילפא רמי כתיב ורב חסד וכתיב ואמת ומתרץ בתחלה ואמת ולבסוף ורב חסד, פי' בודאי רצון הש\"י שיהי' נוהג על פי האמת ועל פי הדין ואם אינו יכול לעמוד מצד האמת אז הש\"י עושה עמו חסד, ובודאי יותר טוב אם אפשר שיכול לעמוד מצד האמת, ודברים גדולים הם אלו דברים למשכילים. נושא עון ופשע וחטאה, עון הוא מזיד ופשע מרדים וחטאה שוגג, וזכר הכתוב שלא כסדר כי מה שעובר על פשע שאם ידין אותו על פשע לגודל הפשע לא יוכל להתקיים ולכך עובר על פשע, אבל עונש השוגג אינו כל כך שתאמר שאם היה דן אותו על השוגג לא היה לו קיום, ולפיכך מה שעובר על חטא שהוא שוגג הוא יותר חסד מכל. ואח\"כ אמר ונקה דהיינו שמנקה לשבים לגמרי מן החטא וזה נקרא ונקה, וקשה הרי כבר מנה במדות אני ה' קודם שיחטא אני ה' לאחר שיחטא ויעשה תשובה, ויש לתרץ דמה שכתוב אחר שיחטא ויעשה תשובה דהיינו שעשה תשובה על כל חטאיו עד שהוא כמו צדיק גמור ועם זה הש\"י נוהג במדת הרחמים לגמרי, ולכך אמר אני הוא אחר שיחטא ויעשה תשובה, אבל כאן מדבר שעשה תשובה על קצת עבירות ואותם מנקה ועל קצת לא עשה תשובה ואותם אינו מנקה. ובפרק שבועת הדיינין (שבועות ל\"ט, א') ונקה לא ינקה אמר ר' אלעזר א\"א לומר ונקה שכבר כתיב לא ינקה ואי אפשר לומר לא ינקה שכבר כתיב ונקה הא כיצד מנקה לשבים ואינו מנקה לשאינם שבים ע\"כ. וזה גם כן ממדת טובו שאם עשה תשובה על מקצת חטאיו אף שלא עשה תשובה על כל חטאיו וזהו ונקה לא ינקה ופרשו ז\"ל מנקה לשבים ואינו מנקה לאינן שבים, וקשה פשיטא כי למה ינקה לאינם שבים, אבל מדבר הכתוב בחוטא ששב על מקצת חטאיו ועל מקצת חטאיו לא שב והיה ראוי כי מאחר שלא שב על הכל לא ינקה לו לכך אמר ונקה, ושלא תאמר ששב על מקצת מנקה לו אף אותם שלא שב ולכך אמר לא ינקה:", 
            "links": [], 
            "text": ""
        }, 
        {
            "segmentNumber": "4", 
            "he": "ואמר ברית כרותה וכו', תימא לי טובא למה מפרש דבר זה על אל רחום וחנון ולא על ה' ה' כי הוא התחלת י\"ג מדות, ויש לתרץ כי מה שכתוב רחום וחנון מורה כי נזכרים כאן מדות הקב\"ה וממילא כלם הם מדותיו ית' ולפיכך קבע על זה רחום וחנון. אבל אומר אני כי משמעות הגמרא הוא כי התחלת י\"ג מדות הוא אל רחום וחנון וכך פירשנו ויקרא ה' ומה היה קורא אל רחום וחנון וגו' והתחלת המדות מן רחום, ומעתה חסרים ג' מדות אבל פוקד עון אבות על בנים הוא מדה אחת, ועל בני בנים עוד מדה אחת, על שלשים היינו בני בנים רק הוא מפרש מאי בני בנים וקאמר על שלשים וגם על רבעים הוא מדה אחת, הרי י\"ג מדות. ובפרשת יתרו (שמות כ') כתיב על בנים על שלשים ועל רבעים ובפרש שלח (במדבר י\"ד) כתיב ג\"כ על בנים ו על שלשים ועל רבעים, וכך פירש הרמב\"ן בפרשת יתרו כי אין כאן רק בנים ובני בנים ובני בני בנים, ושלשים ורבעים דקרא היינו שלשים ורבעים דחטא כי הבן הוא שני לחטא ובני בנים שלשים לחטא ובני בני בנים רבעים לחטא, והרי הם י\"ג מדות:", 
            "links": [], 
            "text": ""
        }, 
        {
            "segmentNumber": "5", 
            "he": "ומה שזכר כאן אלו שלשה דהיינו פוקד עון אבות וגו' בכלל י\"ג מדות של רחמים הוא דעת המפרשים שהביא הרמב\"ן ז\"ל בפרשת יתרו, שפרשו פוקד עון אבות על בנים היינו שהוא זוכר עון על הבנים דהיינו אם יולד בן צדיק הקב\"ה מכפר על האב שחטא בשביל בניו, וכן עד רבעים אם יולד בן צדיק מכפר על האב החוטא ואם כלם רשעים נכרתו כלם ביחד. והנה לפי זה בודאי פוקד עון אבות על בנים הוא מדת הרחמים לגמרי, אבל הרמב\"ן ז\"ל הקשה על פי' זה כמו שמבואר בדברי הרמב\"ן ז\"ל בפרש' יתרו שאם כן למה אמר הכתוב הזכירה שהוא לטובה ולא יזכיר הנקמה שתהיה אם לא ישובו מדרכם עד דור רביעי, ובאמת כי בודאי זה קושיא, ועוד כי הכתוב אומר ועל רבעים לשונאי לא היה לו להזכיר לשונאי. אבל אם נפרש שבפרשת יתרו בודאי לא הזכיר רק הפקידה שהיא לרעה בלבד לפקוד עון האב על הבנים ולפיכך כתיב שם לשונאי, ואלו אצל י\"ג מדות של רחמים שהכתוב בא לומר רחמים של השם ית' ויאמר הכתוב כי פוקד העון על הבנים ועל בני בנים, שאם יש בבנים או בבני בנים עד רבעים בן צדיק אז השם ית' מוחל לו ומלה זאת של פוקד משמש לטובה ומשמש לרעה כמו שאמרו במדרש (ילקוט שמואל פ\"ח) ופרשנו דבר זה אצל פקד פקדתי אתכם ואת העשוי לכם בחבור גבורת ה' (פכ\"ו), ואם כן אין כאן קשיא. אבל מה שהקשה הרמב\"ן ז\"ל כי למה לא יהיה נזכר העונש והנקמה אם לא יעשה תשובה, יש לתרץ אם נפרש פקידה כמו שהוא משמע לשון פקידה לטובה ולרעה ואמר הכתוב פוקד עון אבות על בנים ועל בני בנים והיינו אם הבן צדיק ימחול הקב\"ה לאב ואם הבן אין צדיק אז יפקוד לרעה, ועל כל פנים עון האב על הבן אם צדיק יפקוד עון האב על הבן לטוב ואם אינו צדיק יפקוד עון האב על הבן לרעה. ולא קשיא ג\"כ כי לשון על שייך אצל פקידה לרעה ולא אצל פקידה לטובה, דקרא משמע כאן לטובה ולרעה וכיון שמשמע לטובה ורעה כתיב לשון על, ומעתה פוקד עון אבות על בנים מדת הרחמים הוא. ועוד אפי' אם הוא לרעה הוא מדה טובה כי פירוש עון אבות על בנים שאם יפקוד על האב בלבד אין האב יכול לעמוד ולפיכך פוקד עון האב על הבן ג\"כ עד שאפשר לאב לעמוד, ואם הבן צדיק אין עליו עונש כלל, וא\"כ פוקד עון אבות על בנים מדת טובו:", 
            "links": [], 
            "text": ""
        }, 
        {
            "segmentNumber": "6", 
            "he": "ובמדרש (ילקוט תשא שצ\"ח) משל למה הדבר דומה למלך שהיה חייב לו אחד מאה מנה שלח אליו שליח וא\"ל בא ועשה עם המלך חשבון היה מיצר שלח אליו אחר וא\"ל בא ועשה עם המלך חשבון שוב היה מיצר מה עשה המלך עמד בלילה ונטל כיס אחד ונתן לתוכו מאה מנה וזרקו דרך החלון ועמד וקבל הכיס והתחיל להיות שמח ואחר כך שלח אליו אחר א\"ל בא ועשה עם המלך חשבון בא ופרע לו מה שהיה חייב לו נמצא זה פורע חובו והמלך נוטל את שלו כך הבריות עשה אדם עבירה חייב עליו מיתה והקב\"ה ממתין לו עד שישא אשה והוא מוליד בן ראשון ושני והקב\"ה חוזר ונוטלו הימנו נמצא זה פורע את חובו והקב\"ה נוטל את שלו והגוף במקומו שנא' אם תשוב ואשיבך לפני תעמוד, הרי פוקד עון אבות על בנים הוא ממדת טובו ומעתה יבא הכל כפשטי'. וכל זה כי ג\"כ פוקד עון אבות על בנים הוא ממדת טובו כי אין הש\"י פוקד על הבן רק אם אוחז מעשה אבות בידו ואם הבן צדיק הוא מבטל הפקידה הזאת, וכך יש לתרץ מה שנזכר פוקד עון אבות על בנים במדת טובו, וכך היה נראה בעיני:", 
            "links": [], 
            "text": ""
        }, 
        {
            "segmentNumber": "7", 
            "he": "אך כל אבות העולם גאונים ראשונים כולם מפרשים כי ג' שמות הקדושים הם בכלל י\"ג מדות, רק התוספות בשם רבינו נסים גאון מפרשים כי השם הראשון אינו בכלל י\"ג מדות כי מפרש ויקרא ה' שהש\"י הוא הקורא, והוא מחלק נוצר חסד לאלפים לשתי מדות, אבל כולם הסכימו כי השמות הם בכלל המדות. אך מצאתי לי רב בספר הזוהר דמשמע בשני מקומות כדברי, דכתיב שם בפרשת נשא (ח\"ג, קל\"א, ב') דתניא תליסר מכילין דרחמי מעתיקא קדישא מי אל כמוך חד נושא עון תרי ועובר על פשע ג' לשארית נחלתו ד' וכו' לקבל דא אל רחום וחנון ואינון לתתאי משמע די\"ג מדות התחלתן מן אל רחום וחנון, ועוד יש בפרשת נשא (ק\"מ, א') ובגין כך אמר משה זימנא אחרא ה' ארך אפים ורב חסד ואלו אמת לא קאמר משום רזא דא אינון תשעה מכילין דנהרין מעתיק יומין לזעיר אנפין וכד אמר משה זימנא תנינא ט' תיקונין אמר וכו'. משמע מדבריו כי משה רבינו ע\"ה אמר בפרשת שלח כו' ט' מדות ולא מצאנו אלא עם פוקד עון אבות על בנים וגו' ואז הם ט' מדות אע\"ג דהשתא נמי צריכין למנות השם בט' מדות חלוק גדול יש בטעם כי השם בפרשת שלח הוא בטעם רביע המפסיק, ואלו אל רחום הוא בטעם שאינו מפסיק, וכל י\"ג מדות אלו כל אחד ואחד טעם בפני עצמו. ואחר שמצאתי שני עדים בספר הזוהר נהגתי לומר י\"ג מדות מן ה' ה' עד על שלשים ועל רבעים, ואף אם י\"ג מדות מתחילות מן השם הראשון למה לא נאמר כך הרי משה כשהיה מתפלל על ישראל בפרשת שלח אמר כך ולמה נגרע שלא לומר ולפיכך יש לנהוג לומר כמו שאמר משה רבינו ע\"ה לגמור עד רבעים. ויש ליישב כי שלש השמות הראשונים שהם ה' ה' אל אשר אלו שמות הם שמות הרחמים והחסד מצד אלו ג' שמות מתפשט הרחמים והחסד עד שמהם מתחייב ג' מדות של רחמים האחרונים שאמר פוקד עון אבות על בנים וגו' שנזכר בזה הטוב מן השם ית', ומפני שאין להזכיר פוקד עון אבות על בנים דזה הוא שהוא פוקד עון האב על הבן אף כי הוא לטוב אל האב וגם אין נחשב שהשם ית' מעביר משפט הבן כי מתחלה לכך נתן לו השם ית' הבן לפקוד עליו עונש הבן, מ\"מ אין להזכיר זה בתפלה כאלו הוא מבקש דבר זה בתפלתו ולכך אין להזכיר זה בפירוש והוא נרמז בג' שמות הראשונים, ועם כל זה נראה אלי לומר ג\"כ פוקד עון אבות עד סוף הפסוק:", 
            "links": [], 
            "text": ""
        }
    ], 
    "book": "Netivot Olam", 
    "prev": "Netivot Olam, Netiv Hatshuva 5", 
    "textDepth": 2, 
    "sectionNames": [
        "Chapter", 
        "Paragraph"
    ], 
    "sections": [
        6
    ], 
    "isComplex": true, 
    "titleVariants": [
        "Netiv Hatshuva"
    ], 
    "categories": [
        "Philosophy", 
        "Maharal"
    ], 
    "ref": "Netivot Olam, Netiv Hatshuva 6", 
    "type": "Philosophy", 
    "addressTypes": [
        "Integer", 
        "Integer"
    ], 
    "length": 8, 
    "indexTitle": "Netivot Olam", 
    "heIndexTitle": "נתיבות עולם", 
    "alts": [], 
    "order": ""
}