{
    "heTitleVariants": [
        "עבודה זרה"
    ], 
    "heTitle": "עבודה זרה ד׳ א", 
    "content": [
        {
            "segmentNumber": "1", 
            "he": "בה דכתיב", 
            "links": [], 
            "text": ""
        }, 
        {
            "segmentNumber": "2", 
            "he": "(מלאכי ג, יט) [כי] הנה היום בא בוער כתנור והיו כל זדים וכל עושה רשעה קש ולהט אותם היום הבא אמר ה' צבאות אשר לא יעזוב להם שורש וענף לא שורש בעולם הזה ולא ענף לעולם הבא", 
            "links": [
                {
                    "category": "Tanach", 
                    "sourceHeRef": "מלאכי ג׳:י״ט", 
                    "sourceRef": "Malachi 3:19", 
                    "ref": "Malachi 3:19"
                }, 
                {
                    "category": "Commentary", 
                    "sourceHeRef": "רש\"י על עבודה זרה ד׳ א:ב׳:א׳", 
                    "sourceRef": "Rashi on Avodah Zarah 4a:2:1", 
                    "ref": "Rashi on Avodah Zarah 4a:2:1"
                }
            ], 
            "text": ""
        }, 
        {
            "segmentNumber": "3", 
            "he": "צדיקים מתרפאין בה דכתיב", 
            "links": [], 
            "text": ""
        }, 
        {
            "segmentNumber": "4", 
            "he": "(מלאכי ג, כ) וזרחה לכם יראי שמי שמש צדקה ומרפא בכנפיה וגו' ולא עוד אלא שמתעדנין בה שנאמר", 
            "links": [
                {
                    "category": "Tanach", 
                    "sourceHeRef": "מלאכי ג׳:כ׳", 
                    "sourceRef": "Malachi 3:20", 
                    "ref": "Malachi 3:20"
                }
            ], 
            "text": ""
        }, 
        {
            "segmentNumber": "5", 
            "he": "(מלאכי ג, כ) ויצאתם ופשתם כעגלי מרבק", 
            "links": [
                {
                    "category": "Tanach", 
                    "sourceHeRef": "מלאכי ג׳:כ׳", 
                    "sourceRef": "Malachi 3:20", 
                    "ref": "Malachi 3:20"
                }, 
                {
                    "category": "Commentary", 
                    "sourceHeRef": "רש\"י על עבודה זרה ד׳ א:ה׳:א׳", 
                    "sourceRef": "Rashi on Avodah Zarah 4a:5:1", 
                    "ref": "Rashi on Avodah Zarah 4a:5:1"
                }
            ], 
            "text": ""
        }, 
        {
            "segmentNumber": "6", 
            "he": "דבר אחר", 
            "links": [], 
            "text": ""
        }, 
        {
            "segmentNumber": "7", 
            "he": "מה דגים שבים כל הגדול מחבירו בולע את חבירו אף בני אדם אלמלא מוראה של מלכות כל הגדול מחבירו בולע את חבירו", 
            "links": [
                {
                    "category": "Commentary", 
                    "sourceHeRef": " חידושי אגדות על מסכת עבודה זרה ד׳ א:ב׳", 
                    "sourceRef": "Chidushei Agadot on Avodah Zarah 4a:2", 
                    "ref": "Chidushei Agadot on Avodah Zarah 4a:2"
                }
            ], 
            "text": ""
        }, 
        {
            "segmentNumber": "8", 
            "he": "והיינו דתנן רבי חנינא סגן הכהנים אומר", 
            "links": [
                {
                    "category": "Commentary", 
                    "sourceHeRef": "תוספות על עבודה זרה ד׳ א:ח׳:א׳", 
                    "sourceRef": "Tosafot on Avodah Zarah 4a:8:1", 
                    "ref": "Tosafot on Avodah Zarah 4a:8:1"
                }
            ], 
            "text": ""
        }, 
        {
            "segmentNumber": "9", 
            "he": "הוי מתפלל בשלומה של מלכות שאלמלא מוראה של מלכות איש את רעהו חיים בלעו", 
            "links": [], 
            "text": ""
        }, 
        {
            "segmentNumber": "10", 
            "he": "רב חיננא בר פפא רמי כתיב", 
            "links": [], 
            "text": ""
        }, 
        {
            "segmentNumber": "11", 
            "he": "(איוב לז, כג) שדי לא מצאנוהו שגיא כח וכתיב", 
            "links": [
                {
                    "category": "Tanach", 
                    "sourceHeRef": "איוב ל״ז:כ״ג", 
                    "sourceRef": "Job 37:23", 
                    "ref": "Job 37:23"
                }
            ], 
            "text": ""
        }, 
        {
            "segmentNumber": "12", 
            "he": "(תהלים קמז, ה) גדול אדונינו ורב כח וכתיב", 
            "links": [
                {
                    "category": "Tanach", 
                    "sourceHeRef": "תהילים קמ״ז:ה׳", 
                    "sourceRef": "Psalms 147:5", 
                    "ref": "Psalms 147:5"
                }
            ], 
            "text": ""
        }, 
        {
            "segmentNumber": "13", 
            "he": "(שמות טו, ו) ימינך ה' נאדרי בכח", 
            "links": [
                {
                    "category": "Tanach", 
                    "sourceHeRef": "שמות ט״ו:ו׳", 
                    "sourceRef": "Exodus 15:6", 
                    "ref": "Exodus 15:6"
                }
            ], 
            "text": ""
        }, 
        {
            "segmentNumber": "14", 
            "he": "לא קשיא", 
            "links": [], 
            "text": ""
        }, 
        {
            "segmentNumber": "15", 
            "he": "כאן בשעת הדין כאן בשעת מלחמה", 
            "links": [], 
            "text": ""
        }, 
        {
            "segmentNumber": "16", 
            "he": "רבי חמא בר' חנינא רמי כתיב", 
            "links": [], 
            "text": ""
        }, 
        {
            "segmentNumber": "17", 
            "he": "(ישעיהו כז, ד) חימה אין לי וכתיב", 
            "links": [
                {
                    "category": "Tanach", 
                    "sourceHeRef": "ישעיהו כ״ז:ד׳", 
                    "sourceRef": "Isaiah 27:4", 
                    "ref": "Isaiah 27:4"
                }, 
                {
                    "category": "Commentary", 
                    "sourceHeRef": "תוספות על עבודה זרה ד׳ א:י״ז:א׳", 
                    "sourceRef": "Tosafot on Avodah Zarah 4a:17:1", 
                    "ref": "Tosafot on Avodah Zarah 4a:17:1"
                }
            ], 
            "text": ""
        }, 
        {
            "segmentNumber": "18", 
            "he": "(נחום א, ב) נוקם ה' ובעל חימה", 
            "links": [
                {
                    "category": "Tanach", 
                    "sourceHeRef": "נחום א׳:ב׳", 
                    "sourceRef": "Nahum 1:2", 
                    "ref": "Nahum 1:2"
                }
            ], 
            "text": ""
        }, 
        {
            "segmentNumber": "19", 
            "he": "לא קשיא", 
            "links": [], 
            "text": ""
        }, 
        {
            "segmentNumber": "20", 
            "he": "כאן בישראל כאן בעובדי כוכבים", 
            "links": [], 
            "text": ""
        }, 
        {
            "segmentNumber": "21", 
            "he": "רב חיננא בר פפא אמר", 
            "links": [], 
            "text": ""
        }, 
        {
            "segmentNumber": "22", 
            "he": "חימה אין לי שכבר נשבעתי מי יתנני שלא נשבעתי אהיה שמיר ושית וגו'", 
            "links": [
                {
                    "category": "Commentary", 
                    "sourceHeRef": " חידושי אגדות על מסכת עבודה זרה ד׳ א:ד׳", 
                    "sourceRef": "Chidushei Agadot on Avodah Zarah 4a:4", 
                    "ref": "Chidushei Agadot on Avodah Zarah 4a:4"
                }, 
                {
                    "category": "Commentary", 
                    "sourceHeRef": "רש\"י על עבודה זרה ד׳ א:כ״ב:א׳", 
                    "sourceRef": "Rashi on Avodah Zarah 4a:22:1", 
                    "ref": "Rashi on Avodah Zarah 4a:22:1"
                }, 
                {
                    "category": "Commentary", 
                    "sourceHeRef": "רש\"י על עבודה זרה ד׳ א:כ״ב:ב׳", 
                    "sourceRef": "Rashi on Avodah Zarah 4a:22:2", 
                    "ref": "Rashi on Avodah Zarah 4a:22:2"
                }
            ], 
            "text": ""
        }, 
        {
            "segmentNumber": "23", 
            "he": "והיינו דאמר רבי אלכסנדרי מאי דכתיב", 
            "links": [
                {
                    "category": "Commentary", 
                    "sourceHeRef": "רש\"י על עבודה זרה ד׳ א:כ״ג:א׳", 
                    "sourceRef": "Rashi on Avodah Zarah 4a:23:1", 
                    "ref": "Rashi on Avodah Zarah 4a:23:1"
                }
            ], 
            "text": ""
        }, 
        {
            "segmentNumber": "24", 
            "he": "(זכריה יב, ט) והיה ביום ההוא אבקש להשמיד את כל הגוים אבקש ממי", 
            "links": [
                {
                    "category": "Tanach", 
                    "sourceHeRef": "זכריה י״ב:ט׳", 
                    "sourceRef": "Zechariah 12:9", 
                    "ref": "Zechariah 12:9"
                }
            ], 
            "text": ""
        }, 
        {
            "segmentNumber": "25", 
            "he": "אמר הקב\"ה", 
            "links": [], 
            "text": ""
        }, 
        {
            "segmentNumber": "26", 
            "he": "אבקש בניגני שלהם אם יש להם זכות אפדם ואם לאו אשמידם", 
            "links": [
                {
                    "category": "Commentary", 
                    "sourceHeRef": " חידושי אגדות על מסכת עבודה זרה ד׳ א:ה׳", 
                    "sourceRef": "Chidushei Agadot on Avodah Zarah 4a:5", 
                    "ref": "Chidushei Agadot on Avodah Zarah 4a:5"
                }, 
                {
                    "category": "Commentary", 
                    "sourceHeRef": "תוספות על עבודה זרה ד׳ א:כ״ו:א׳", 
                    "sourceRef": "Tosafot on Avodah Zarah 4a:26:1", 
                    "ref": "Tosafot on Avodah Zarah 4a:26:1"
                }, 
                {
                    "category": "Commentary", 
                    "sourceHeRef": "רש\"י על עבודה זרה ד׳ א:כ״ו:א׳", 
                    "sourceRef": "Rashi on Avodah Zarah 4a:26:1", 
                    "ref": "Rashi on Avodah Zarah 4a:26:1"
                }, 
                {
                    "category": "Commentary", 
                    "sourceHeRef": "רש\"י על עבודה זרה ד׳ א:כ״ו:ב׳", 
                    "sourceRef": "Rashi on Avodah Zarah 4a:26:2", 
                    "ref": "Rashi on Avodah Zarah 4a:26:2"
                }
            ], 
            "text": ""
        }, 
        {
            "segmentNumber": "27", 
            "he": "והיינו דאמר רבא מאי דכתיב", 
            "links": [
                {
                    "category": "Commentary", 
                    "sourceHeRef": "רש\"י על עבודה זרה ד׳ א:כ״ז:א׳", 
                    "sourceRef": "Rashi on Avodah Zarah 4a:27:1", 
                    "ref": "Rashi on Avodah Zarah 4a:27:1"
                }
            ], 
            "text": ""
        }, 
        {
            "segmentNumber": "28", 
            "he": "(איוב ל, כד) אך לא בעי ישלח יד אם בפידו להן שוע", 
            "links": [
                {
                    "category": "Tanach", 
                    "sourceHeRef": "איוב ל׳:כ״ד", 
                    "sourceRef": "Job 30:24", 
                    "ref": "Job 30:24"
                }
            ], 
            "text": ""
        }, 
        {
            "segmentNumber": "29", 
            "he": "אמר להן הקב\"ה לישראל", 
            "links": [
                {
                    "category": "Commentary", 
                    "sourceHeRef": " חידושי אגדות על מסכת עבודה זרה ד׳ א:ו׳", 
                    "sourceRef": "Chidushei Agadot on Avodah Zarah 4a:6", 
                    "ref": "Chidushei Agadot on Avodah Zarah 4a:6"
                }
            ], 
            "text": ""
        }, 
        {
            "segmentNumber": "30", 
            "he": "כשאני דן את ישראל אין אני דן אותם כעובדי כוכבים דכתיב", 
            "links": [], 
            "text": ""
        }, 
        {
            "segmentNumber": "31", 
            "he": "(יחזקאל כא, לב) עוה עוה עוה אשימנה וגו' אלא אני נפרע מהן כפיד של תרנגולת", 
            "links": [
                {
                    "category": "Tanach", 
                    "sourceHeRef": "יחזקאל כ״א:ל״ב", 
                    "sourceRef": "Ezekiel 21:32", 
                    "ref": "Ezekiel 21:32"
                }, 
                {
                    "category": "Commentary", 
                    "sourceHeRef": " חידושי אגדות על מסכת עבודה זרה ד׳ א:ז׳", 
                    "sourceRef": "Chidushei Agadot on Avodah Zarah 4a:7", 
                    "ref": "Chidushei Agadot on Avodah Zarah 4a:7"
                }, 
                {
                    "category": "Commentary", 
                    "sourceHeRef": "רש\"י על עבודה זרה ד׳ א:ל״א:א׳", 
                    "sourceRef": "Rashi on Avodah Zarah 4a:31:1", 
                    "ref": "Rashi on Avodah Zarah 4a:31:1"
                }, 
                {
                    "category": "Commentary", 
                    "sourceHeRef": "רש\"י על עבודה זרה ד׳ א:ל״א:ב׳", 
                    "sourceRef": "Rashi on Avodah Zarah 4a:31:2", 
                    "ref": "Rashi on Avodah Zarah 4a:31:2"
                }
            ], 
            "text": ""
        }, 
        {
            "segmentNumber": "32", 
            "he": "דבר אחר", 
            "links": [], 
            "text": ""
        }, 
        {
            "segmentNumber": "33", 
            "he": "אפילו אין ישראל עושין מצוה לפני כי אם מעט כפיד של תרנגולין שמנקרין באשפה אני מצרפן לחשבון גדול [שנאמר", 
            "links": [], 
            "text": ""
        }, 
        {
            "segmentNumber": "34", 
            "he": "אם בפידו] להן שוע [דבר אחר]", 
            "links": [
                {
                    "category": "Commentary", 
                    "sourceHeRef": "רש\"י על עבודה זרה ד׳ א:ל״ד:א׳", 
                    "sourceRef": "Rashi on Avodah Zarah 4a:34:1", 
                    "ref": "Rashi on Avodah Zarah 4a:34:1"
                }
            ], 
            "text": ""
        }, 
        {
            "segmentNumber": "35", 
            "he": "בשכר שמשוועין לפני אני מושיע אותם", 
            "links": [], 
            "text": ""
        }, 
        {
            "segmentNumber": "36", 
            "he": "והיינו דאמר ר' אבא מאי דכתיב", 
            "links": [], 
            "text": ""
        }, 
        {
            "segmentNumber": "37", 
            "he": "(הושע ז, יג) ואנכי אפדם והמה דברו עלי כזבים", 
            "links": [
                {
                    "category": "Tanach", 
                    "sourceHeRef": "הושע ז׳:י״ג", 
                    "sourceRef": "Hosea 7:13", 
                    "ref": "Hosea 7:13"
                }
            ], 
            "text": ""
        }, 
        {
            "segmentNumber": "38", 
            "he": "אני אמרתי אפדם בממונם בעוה\"ז כדי שיזכו לעולם הבא והמה דברו עלי כזבים", 
            "links": [], 
            "text": ""
        }, 
        {
            "segmentNumber": "39", 
            "he": "והיינו דאמר רב פפי משמיה דרבא מאי דכתיב", 
            "links": [
                {
                    "category": "Commentary", 
                    "sourceHeRef": "רש\"י על עבודה זרה ד׳ א:ל״ט:א׳", 
                    "sourceRef": "Rashi on Avodah Zarah 4a:39:1", 
                    "ref": "Rashi on Avodah Zarah 4a:39:1"
                }
            ], 
            "text": ""
        }, 
        {
            "segmentNumber": "40", 
            "he": "(הושע ז, טו) ואני יסרתי חזקתי זרועותם ואלי יחשבו רע", 
            "links": [
                {
                    "category": "Tanach", 
                    "sourceHeRef": "הושע ז׳:ט״ו", 
                    "sourceRef": "Hosea 7:15", 
                    "ref": "Hosea 7:15"
                }
            ], 
            "text": ""
        }, 
        {
            "segmentNumber": "41", 
            "he": "אמר הקב\"ה", 
            "links": [], 
            "text": ""
        }, 
        {
            "segmentNumber": "42", 
            "he": "אני אמרתי איסרם ביסורין בעולם הזה כדי שיחזקו זרועותם לעוה\"ב ואלי יחשבו רע", 
            "links": [], 
            "text": ""
        }, 
        {
            "segmentNumber": "43", 
            "he": "משתבח להו ר' אבהו למיני ברב ספרא דאדם גדול הוא שבקו ליה מיכסא דתליסר שנין", 
            "links": [], 
            "text": ""
        }, 
        {
            "segmentNumber": "44", 
            "he": "יומא חד אשכחוהו אמרו ליה כתיב", 
            "links": [], 
            "text": ""
        }, 
        {
            "segmentNumber": "45", 
            "he": "(עמוס ג, ב) רק אתכם ידעתי מכל משפחות האדמה על כן אפקוד עליכם את כל עונותיכם מאן דאית ליה סיסיא ברחמיה מסיק ליה", 
            "links": [
                {
                    "category": "Tanach", 
                    "sourceHeRef": "עמוס ג׳:ב׳", 
                    "sourceRef": "Amos 3:2", 
                    "ref": "Amos 3:2"
                }, 
                {
                    "category": "Commentary", 
                    "sourceHeRef": " חידושי אגדות על מסכת עבודה זרה ד׳ א:ט׳", 
                    "sourceRef": "Chidushei Agadot on Avodah Zarah 4a:9", 
                    "ref": "Chidushei Agadot on Avodah Zarah 4a:9"
                }, 
                {
                    "category": "Commentary", 
                    "sourceHeRef": "רש\"י על עבודה זרה ד׳ א:מ״ה:א׳", 
                    "sourceRef": "Rashi on Avodah Zarah 4a:45:1", 
                    "ref": "Rashi on Avodah Zarah 4a:45:1"
                }, 
                {
                    "category": "Commentary", 
                    "sourceHeRef": "רש\"י על עבודה זרה ד׳ א:מ״ה:ב׳", 
                    "sourceRef": "Rashi on Avodah Zarah 4a:45:2", 
                    "ref": "Rashi on Avodah Zarah 4a:45:2"
                }, 
                {
                    "category": "Commentary", 
                    "sourceHeRef": "רש\"י על עבודה זרה ד׳ א:מ״ה:ג׳", 
                    "sourceRef": "Rashi on Avodah Zarah 4a:45:3", 
                    "ref": "Rashi on Avodah Zarah 4a:45:3"
                }
            ], 
            "text": ""
        }, 
        {
            "segmentNumber": "46", 
            "he": "אישתיק ולא אמר להו ולא מידי", 
            "links": [], 
            "text": ""
        }, 
        {
            "segmentNumber": "47", 
            "he": "רמו ליה סודרא בצואריה וקא מצערו ליה", 
            "links": [], 
            "text": ""
        }, 
        {
            "segmentNumber": "48", 
            "he": "אתא רבי אבהו אשכחינהו אמר להו", 
            "links": [], 
            "text": ""
        }, 
        {
            "segmentNumber": "49", 
            "he": "אמאי מצעריתו ליה", 
            "links": [], 
            "text": ""
        }, 
        {
            "segmentNumber": "50", 
            "he": "אמרו ליה", 
            "links": [], 
            "text": ""
        }, 
        {
            "segmentNumber": "51", 
            "he": "ולאו אמרת לן דאדם גדול הוא", 
            "links": [], 
            "text": ""
        }, 
        {
            "segmentNumber": "52", 
            "he": "[ולא ידע למימר לן פירושא דהאי פסוקא] ", 
            "links": [], 
            "text": ""
        }, 
        {
            "segmentNumber": "53", 
            "he": "אמר להו", 
            "links": [], 
            "text": ""
        }, 
        {
            "segmentNumber": "54", 
            "he": "אימר דאמרי לכו בתנאי בקראי מי אמרי לכו", 
            "links": [], 
            "text": ""
        }, 
        {
            "segmentNumber": "55", 
            "he": "אמרו ליה", 
            "links": [], 
            "text": ""
        }, 
        {
            "segmentNumber": "56", 
            "he": "מ\"ש אתון דידעיתון", 
            "links": [], 
            "text": ""
        }, 
        {
            "segmentNumber": "57", 
            "he": "אמר להו", 
            "links": [], 
            "text": ""
        }, 
        {
            "segmentNumber": "58", 
            "he": "אנן דשכיחינן גביכון רמינן אנפשין ומעיינן אינהו לא מעייני", 
            "links": [], 
            "text": ""
        }, 
        {
            "segmentNumber": "59", 
            "he": "אמרו ליה", 
            "links": [], 
            "text": ""
        }, 
        {
            "segmentNumber": "60", 
            "he": "לימא לן את", 
            "links": [], 
            "text": ""
        }, 
        {
            "segmentNumber": "61", 
            "he": "אמר להו", 
            "links": [], 
            "text": ""
        }, 
        {
            "segmentNumber": "62", 
            "he": "אמשול לכם משל למה\"ד", 
            "links": [], 
            "text": ""
        }, 
        {
            "segmentNumber": "63", 
            "he": "לאדם שנושה משני בנ\"א אחד אוהבו ואחד שונאו אוהבו נפרע ממנו מעט מעט שונאו נפרע ממנו בבת אחת", 
            "links": [
                {
                    "category": "Commentary", 
                    "sourceHeRef": "רש\"י על עבודה זרה ד׳ א:ס״ג:א׳", 
                    "sourceRef": "Rashi on Avodah Zarah 4a:63:1", 
                    "ref": "Rashi on Avodah Zarah 4a:63:1"
                }
            ], 
            "text": ""
        }, 
        {
            "segmentNumber": "64", 
            "he": "א\"ר אבא בר כהנא מאי דכתיב", 
            "links": [], 
            "text": ""
        }, 
        {
            "segmentNumber": "65", 
            "he": "(בראשית יח, כה) חלילה לך מעשות כדבר הזה להמית צדיק עם רשע", 
            "links": [
                {
                    "category": "Tanach", 
                    "sourceHeRef": "בראשית י״ח:כ״ה", 
                    "sourceRef": "Genesis 18:25", 
                    "ref": "Genesis 18:25"
                }, 
                {
                    "category": "Commentary", 
                    "sourceHeRef": " חידושי אגדות על מסכת עבודה זרה ד׳ א:י׳", 
                    "sourceRef": "Chidushei Agadot on Avodah Zarah 4a:10", 
                    "ref": "Chidushei Agadot on Avodah Zarah 4a:10"
                }
            ], 
            "text": ""
        }, 
        {
            "segmentNumber": "66", 
            "he": "אמר אברהם לפני הקב\"ה", 
            "links": [], 
            "text": ""
        }, 
        {
            "segmentNumber": "67", 
            "he": "רבש\"ע חולין הוא מעשות כדבר הזה להמית צדיק עם רשע", 
            "links": [], 
            "text": ""
        }, 
        {
            "segmentNumber": "68", 
            "he": "ולא", 
            "links": [
                {
                    "category": "Commentary", 
                    "sourceHeRef": " חידושי אגדות על מסכת עבודה זרה ד׳ א:א׳", 
                    "sourceRef": "Chidushei Agadot on Avodah Zarah 4a:1", 
                    "ref": "Chidushei Agadot on Avodah Zarah 4a:1"
                }
            ], 
            "text": ""
        }, 
        {
            "segmentNumber": "69", 
            "he": "והכתיב", 
            "links": [], 
            "text": ""
        }, 
        {
            "segmentNumber": "70", 
            "he": "(יחזקאל כא, ח) והכרתי ממך צדיק ורשע", 
            "links": [
                {
                    "category": "Tanach", 
                    "sourceHeRef": "יחזקאל כ״א:ח׳", 
                    "sourceRef": "Ezekiel 21:8", 
                    "ref": "Ezekiel 21:8"
                }
            ], 
            "text": ""
        }, 
        {
            "segmentNumber": "71", 
            "he": "בצדיק שאינו גמור", 
            "links": [], 
            "text": ""
        }, 
        {
            "segmentNumber": "72", 
            "he": "אבל בצדיק גמור לא", 
            "links": [], 
            "text": ""
        }, 
        {
            "segmentNumber": "73", 
            "he": "והכתיב", 
            "links": [], 
            "text": ""
        }, 
        {
            "segmentNumber": "74", 
            "he": "(יחזקאל ט, ו) וממקדשי תחלו ותני רב יוסף", 
            "links": [
                {
                    "category": "Tanach", 
                    "sourceHeRef": "יחזקאל ט׳:ו׳", 
                    "sourceRef": "Ezekiel 9:6", 
                    "ref": "Ezekiel 9:6"
                }, 
                {
                    "category": "Commentary", 
                    "sourceHeRef": "רש\"י על עבודה זרה ד׳ א:ע״ד:א׳", 
                    "sourceRef": "Rashi on Avodah Zarah 4a:74:1", 
                    "ref": "Rashi on Avodah Zarah 4a:74:1"
                }
            ], 
            "text": ""
        }, 
        {
            "segmentNumber": "75", 
            "he": "אל תקרי ממקדשי אלא ממקודשי אלו בני אדם שקיימו את התורה מאל\"ף ועד תי\"ו", 
            "links": [], 
            "text": ""
        }, 
        {
            "segmentNumber": "76", 
            "he": "התם נמי כיון שהיה בידם למחות ולא מיחו הוו להו כצדיקים שאינן גמורים", 
            "links": [
                {
                    "category": "Commentary", 
                    "sourceHeRef": "תוספות על עבודה זרה ד׳ א:ע״ו:א׳", 
                    "sourceRef": "Tosafot on Avodah Zarah 4a:76:1", 
                    "ref": "Tosafot on Avodah Zarah 4a:76:1"
                }
            ], 
            "text": ""
        }, 
        {
            "segmentNumber": "77", 
            "he": "רב פפא רמי כתיב", 
            "links": [], 
            "text": ""
        }, 
        {
            "segmentNumber": "78", 
            "he": "(תהלים ז, יב) אל זועם בכל יום וכתיב", 
            "links": [
                {
                    "category": "Tanach", 
                    "sourceHeRef": "תהילים ז׳:י״ב", 
                    "sourceRef": "Psalms 7:12", 
                    "ref": "Psalms 7:12"
                }, 
                {
                    "category": "Commentary", 
                    "sourceHeRef": "רש\"י על עבודה זרה ד׳ א:ע״ח:א׳", 
                    "sourceRef": "Rashi on Avodah Zarah 4a:78:1", 
                    "ref": "Rashi on Avodah Zarah 4a:78:1"
                }
            ], 
            "text": ""
        }, 
        {
            "segmentNumber": "79", 
            "he": "(נחום א, ו) לפני זעמו מי יעמוד", 
            "links": [
                {
                    "category": "Tanach", 
                    "sourceHeRef": "נחום א׳:ו׳", 
                    "sourceRef": "Nahum 1:6", 
                    "ref": "Nahum 1:6"
                }
            ], 
            "text": ""
        }, 
        {
            "segmentNumber": "80", 
            "he": "לא קשיא", 
            "links": [], 
            "text": ""
        }, 
        {
            "segmentNumber": "81", 
            "he": "כאן ביחיד כאן בצבור", 
            "links": [
                {
                    "category": "Commentary", 
                    "sourceHeRef": "רש\"י על עבודה זרה ד׳ א:פ״א:א׳", 
                    "sourceRef": "Rashi on Avodah Zarah 4a:81:1", 
                    "ref": "Rashi on Avodah Zarah 4a:81:1"
                }, 
                {
                    "category": "Commentary", 
                    "sourceHeRef": "רש\"י על עבודה זרה ד׳ א:פ״א:ב׳", 
                    "sourceRef": "Rashi on Avodah Zarah 4a:81:2", 
                    "ref": "Rashi on Avodah Zarah 4a:81:2"
                }
            ], 
            "text": ""
        }, 
        {
            "segmentNumber": "82", 
            "he": "ת\"ר", 
            "links": [], 
            "text": ""
        }, 
        {
            "segmentNumber": "83", 
            "he": "אל זועם בכל יום וכמה זעמו", 
            "links": [], 
            "text": ""
        }, 
        {
            "segmentNumber": "84", 
            "he": "רגע", 
            "links": [], 
            "text": ""
        }, 
        {
            "segmentNumber": "85", 
            "he": "וכמה רגע", 
            "links": [], 
            "text": ""
        }, 
        {
            "segmentNumber": "86", 
            "he": "אחת מחמש ריבוא ושלשת אלפים ושמונה מאות וארבעים ושמנה בשעה זו היא רגע", 
            "links": [], 
            "text": ""
        }, 
        {
            "segmentNumber": "87", 
            "he": "ואין כל בריה יכולה לכוין אותה רגע חוץ מבלעם הרשע דכתיב ביה", 
            "links": [], 
            "text": ""
        }
    ], 
    "heRef": "עבודה זרה ד׳ א", 
    "toSections": [
        "4a"
    ], 
    "sectionRef": "Avodah Zarah 4a", 
    "title": "Avodah Zarah 4a", 
    "lengths": [
        150, 
        7551
    ], 
    "next": "Avodah Zarah 4b", 
    "heBook": "עבודה זרה", 
    "book": "Avodah Zarah", 
    "prev": "Avodah Zarah 3b", 
    "textDepth": 2, 
    "sectionNames": [
        "Daf", 
        "Line"
    ], 
    "sections": [
        "4a"
    ], 
    "isComplex": false, 
    "titleVariants": [
        "Talmud Avodah Zarah", 
        "Avodah Zarah", 
        "Avodah Zara", 
        "Masekhet Avodah Zarah", 
        "Tractate Avodah Zarah", 
        "Avoda Zara", 
        "Avoda Zarah"
    ], 
    "categories": [
        "Talmud", 
        "Bavli", 
        "Seder Nezikin"
    ], 
    "ref": "Avodah Zarah 4a", 
    "type": "Talmud", 
    "addressTypes": [
        "Talmud", 
        "Integer"
    ], 
    "length": 150, 
    "indexTitle": "Avodah Zarah", 
    "heIndexTitle": "עבודה זרה", 
    "alts": [], 
    "order": [
        26, 
        7
    ]
}