{
    "content": [
        {
            "segmentNumber": "1", 
            "he": "אשר עשיתם את העגל לקחתי ואשרוף אותו באש ואכות אותו טחון היטב עד אשר דק לעפר ואשליך את עפרו אל הנחל היורד מן ההר"
        }, 
        {
            "segmentNumber": "2", 
            "he": "אמר לו"
        }, 
        {
            "segmentNumber": "3", 
            "he": "משם ראיה"
        }, 
        {
            "segmentNumber": "4", 
            "links": [
                {
                    "category": "Commentary", 
                    "index_title": "Rashi on Avodah Zarah", 
                    "sourceHeRef": "רש\"י על עבודה זרה מ״ד א:ד׳:א׳", 
                    "sourceRef": "Rashi on Avodah Zarah 44a:4:1"
                }
            ], 
            "he": "הרי הוא אומר"
        }, 
        {
            "segmentNumber": "5", 
            "links": [
                {
                    "category": "Tanakh", 
                    "index_title": "Exodus", 
                    "sourceHeRef": "שמות ל״ב:כ׳", 
                    "sourceRef": "Exodus 32:20"
                }
            ], 
            "he": "(שמות לב, כ) ויזר על פני המים וישק את בני ישראל לא נתכוין אלא לבודקן כסוטות"
        }, 
        {
            "segmentNumber": "6", 
            "he": "אמר להם רבי יוסי והלא כבר נאמר"
        }, 
        {
            "segmentNumber": "7", 
            "links": [
                {
                    "category": "Tanakh", 
                    "index_title": "II Chronicles", 
                    "sourceHeRef": "דברי הימים ב ט״ו:ט״ז", 
                    "sourceRef": "II Chronicles 15:16"
                }, 
                {
                    "category": "Commentary", 
                    "index_title": "Rashi on Avodah Zarah", 
                    "sourceHeRef": "רש\"י על עבודה זרה מ״ד א:ז׳:א׳", 
                    "sourceRef": "Rashi on Avodah Zarah 44a:7:1"
                }, 
                {
                    "category": "Commentary", 
                    "index_title": "Rashi on Avodah Zarah", 
                    "sourceHeRef": "רש\"י על עבודה זרה מ״ד א:ז׳:ב׳", 
                    "sourceRef": "Rashi on Avodah Zarah 44a:7:2"
                }, 
                {
                    "category": "Commentary", 
                    "index_title": "Rashi on Avodah Zarah", 
                    "sourceHeRef": "רש\"י על עבודה זרה מ״ד א:ז׳:ג׳", 
                    "sourceRef": "Rashi on Avodah Zarah 44a:7:3"
                }
            ], 
            "he": "(דברי הימים ב טו, טז) וגם את מעכה אמו הסירה מגבירה אשר עשתה מפלצתה וגו' וידק וישרף בנחל קדרון"
        }, 
        {
            "segmentNumber": "8", 
            "he": "אמר לו"
        }, 
        {
            "segmentNumber": "9", 
            "he": "משם ראיה"
        }, 
        {
            "segmentNumber": "10", 
            "links": [
                {
                    "category": "Commentary", 
                    "index_title": "Tosafot on Avodah Zarah", 
                    "sourceHeRef": "תוספות על עבודה זרה מ״ד א:י׳:א׳", 
                    "sourceRef": "Tosafot on Avodah Zarah 44a:10:1"
                }
            ], 
            "he": "נחל קדרון אינו מגדל צמחין"
        }, 
        {
            "segmentNumber": "11", 
            "he": "ולא"
        }, 
        {
            "segmentNumber": "12", 
            "he": "והתניא"
        }, 
        {
            "segmentNumber": "13", 
            "links": [
                {
                    "category": "Commentary", 
                    "index_title": "Rashi on Avodah Zarah", 
                    "sourceHeRef": "רש\"י על עבודה זרה מ״ד א:י״ג:א׳", 
                    "sourceRef": "Rashi on Avodah Zarah 44a:13:1"
                }, 
                {
                    "category": "Commentary", 
                    "index_title": "Rashi on Avodah Zarah", 
                    "sourceHeRef": "רש\"י על עבודה זרה מ״ד א:י״ג:ב׳", 
                    "sourceRef": "Rashi on Avodah Zarah 44a:13:2"
                }, 
                {
                    "category": "Commentary", 
                    "index_title": "Rashi on Avodah Zarah", 
                    "sourceHeRef": "רש\"י על עבודה זרה מ״ד א:י״ג:ג׳", 
                    "sourceRef": "Rashi on Avodah Zarah 44a:13:3"
                }, 
                {
                    "category": "Commentary", 
                    "index_title": "Rashi on Avodah Zarah", 
                    "sourceHeRef": "רש\"י על עבודה זרה מ״ד א:י״ג:ד׳", 
                    "sourceRef": "Rashi on Avodah Zarah 44a:13:4"
                }
            ], 
            "he": "אלו ואלו מתערבין באמה ויוצאין לנחל קדרון ונמכרין לגננין לזבל ומועלין בהן"
        }, 
        {
            "segmentNumber": "14", 
            "links": [
                {
                    "category": "Commentary", 
                    "index_title": "Tosafot on Avodah Zarah", 
                    "sourceHeRef": "תוספות על עבודה זרה מ״ד א:י״ד:א׳", 
                    "sourceRef": "Tosafot on Avodah Zarah 44a:14:1"
                }, 
                {
                    "category": "Commentary", 
                    "index_title": "Rashi on Avodah Zarah", 
                    "sourceHeRef": "רש\"י על עבודה זרה מ״ד א:י״ד:א׳", 
                    "sourceRef": "Rashi on Avodah Zarah 44a:14:1"
                }
            ], 
            "he": "מקומות מקומות יש בו יש מקום מגדל צמחין ויש מקום שאין מגדל צמחין"
        }, 
        {
            "segmentNumber": "15", 
            "he": "מאי מפלצתה"
        }, 
        {
            "segmentNumber": "16", 
            "he": "אמר רב יהודה"
        }, 
        {
            "segmentNumber": "17", 
            "links": [
                {
                    "category": "Commentary", 
                    "index_title": "Tosafot on Avodah Zarah", 
                    "sourceHeRef": "תוספות על עבודה זרה מ״ד א:י״ז:א׳", 
                    "sourceRef": "Tosafot on Avodah Zarah 44a:17:1"
                }, 
                {
                    "category": "Commentary", 
                    "index_title": "Rashi on Avodah Zarah", 
                    "sourceHeRef": "רש\"י על עבודה זרה מ״ד א:י״ז:א׳", 
                    "sourceRef": "Rashi on Avodah Zarah 44a:17:1"
                }
            ], 
            "he": "דהוה מפליא ליצנותא כדתני רב יוסף"
        }, 
        {
            "segmentNumber": "18", 
            "he": "כמין זכרות עשתה לה והיתה נבעלת לו בכל יום"
        }, 
        {
            "segmentNumber": "19", 
            "links": [
                {
                    "category": "Commentary", 
                    "index_title": "Tosafot on Avodah Zarah", 
                    "sourceHeRef": "תוספות על עבודה זרה מ״ד א:י״ט:א׳", 
                    "sourceRef": "Tosafot on Avodah Zarah 44a:19:1"
                }
            ], 
            "he": "אמר להן רבי יוסי והלא כבר נאמר"
        }, 
        {
            "segmentNumber": "20", 
            "links": [
                {
                    "category": "Tanakh", 
                    "index_title": "II Kings", 
                    "sourceHeRef": "מלכים ב י״ח:ד׳", 
                    "sourceRef": "II Kings 18:4"
                }, 
                {
                    "category": "Commentary", 
                    "index_title": "Rashi on Avodah Zarah", 
                    "sourceHeRef": "רש\"י על עבודה זרה מ״ד א:כ׳:א׳", 
                    "sourceRef": "Rashi on Avodah Zarah 44a:20:1"
                }
            ], 
            "he": "(מלכים ב יח, ד) וכתת נחש נחשת אשר עשה משה"
        }, 
        {
            "segmentNumber": "21", 
            "he": "אמרו לו"
        }, 
        {
            "segmentNumber": "22", 
            "he": "משם ראיה"
        }, 
        {
            "segmentNumber": "23", 
            "he": "הרי הוא אומר"
        }, 
        {
            "segmentNumber": "24", 
            "links": [
                {
                    "category": "Tanakh", 
                    "index_title": "Numbers", 
                    "sourceHeRef": "במדבר כ״א:ח׳", 
                    "sourceRef": "Numbers 21:8"
                }, 
                {
                    "category": "Commentary", 
                    "index_title": "Rashi on Avodah Zarah", 
                    "sourceHeRef": "רש\"י על עבודה זרה מ״ד א:כ״ד:א׳", 
                    "sourceRef": "Rashi on Avodah Zarah 44a:24:1"
                }
            ], 
            "he": "(במדבר כא, ח) ויאמר ה' אל משה עשה לך שרף לך משלך ואין אדם אוסר דבר שאינו שלו"
        }, 
        {
            "segmentNumber": "25", 
            "links": [
                {
                    "category": "Commentary", 
                    "index_title": "Rashi on Avodah Zarah", 
                    "sourceHeRef": "רש\"י על עבודה זרה מ״ד א:כ״ה:א׳", 
                    "sourceRef": "Rashi on Avodah Zarah 44a:25:1"
                }, 
                {
                    "category": "Commentary", 
                    "index_title": "Rashi on Avodah Zarah", 
                    "sourceHeRef": "רש\"י על עבודה זרה מ״ד א:כ״ה:ב׳", 
                    "sourceRef": "Rashi on Avodah Zarah 44a:25:2"
                }
            ], 
            "he": "והתם בדין הוא דכתותי לא הוה צריך אלא כיון דחזא דקא טעו ישראל בתריה עמד וכיתתו"
        }, 
        {
            "segmentNumber": "26", 
            "he": "אמר להם והלא כבר נאמר"
        }, 
        {
            "segmentNumber": "27", 
            "links": [
                {
                    "category": "Tanakh", 
                    "index_title": "II Samuel", 
                    "sourceHeRef": "שמואל ב ה׳:כ״א", 
                    "sourceRef": "II Samuel 5:21"
                }
            ], 
            "he": "(שמואל ב ה, כא) ויעזבו שם את עצביהם וישאם דוד ואנשיו"
        }, 
        {
            "segmentNumber": "28", 
            "links": [
                {
                    "category": "Commentary", 
                    "index_title": "Rashi on Avodah Zarah", 
                    "sourceHeRef": "רש\"י על עבודה זרה מ״ד א:כ״ח:א׳", 
                    "sourceRef": "Rashi on Avodah Zarah 44a:28:1"
                }
            ], 
            "he": "ומאי משמע דהאי וישאם דוד לישנא דזרויי הוא"
        }, 
        {
            "segmentNumber": "29", 
            "links": [
                {
                    "category": "Commentary", 
                    "index_title": "Rashi on Avodah Zarah", 
                    "sourceHeRef": "רש\"י על עבודה זרה מ״ד א:כ״ט:א׳", 
                    "sourceRef": "Rashi on Avodah Zarah 44a:29:1"
                }
            ], 
            "he": "כדמתרגם רב יוסף"
        }, 
        {
            "segmentNumber": "30", 
            "links": [
                {
                    "category": "Tanakh", 
                    "index_title": "Isaiah", 
                    "sourceHeRef": "ישעיהו מ״א:ט״ז", 
                    "sourceRef": "Isaiah 41:16"
                }
            ], 
            "he": "(ישעיהו מא, טז) תזרם ורוח תשאם ומתרגמינן"
        }, 
        {
            "segmentNumber": "31", 
            "he": "תזרינון ורוח תטלטלינון"
        }, 
        {
            "segmentNumber": "32", 
            "links": [
                {
                    "category": "Commentary", 
                    "index_title": "Rashi on Avodah Zarah", 
                    "sourceHeRef": "רש\"י על עבודה זרה מ״ד א:ל״ב:א׳", 
                    "sourceRef": "Rashi on Avodah Zarah 44a:32:1"
                }
            ], 
            "he": "אמרו לו"
        }, 
        {
            "segmentNumber": "33", 
            "he": "משם ראיה"
        }, 
        {
            "segmentNumber": "34", 
            "he": "הרי הוא אומר"
        }, 
        {
            "segmentNumber": "35", 
            "he": "וישרפו באש"
        }, 
        {
            "segmentNumber": "36", 
            "links": [
                {
                    "category": "Commentary", 
                    "index_title": "Rashi on Avodah Zarah", 
                    "sourceHeRef": "רש\"י על עבודה זרה מ״ד א:ל״ו:א׳", 
                    "sourceRef": "Rashi on Avodah Zarah 44a:36:1"
                }
            ], 
            "he": "ומדלא כתיב וישרפם וישאם ש\"מ וישאם ממש"
        }, 
        {
            "segmentNumber": "37", 
            "links": [
                {
                    "category": "Commentary", 
                    "index_title": "Rashi on Avodah Zarah", 
                    "sourceHeRef": "רש\"י על עבודה זרה מ״ד א:ל״ז:א׳", 
                    "sourceRef": "Rashi on Avodah Zarah 44a:37:1"
                }
            ], 
            "he": "מכל מקום קשו קראי אהדדי"
        }, 
        {
            "segmentNumber": "38", 
            "he": "כדרב הונא דרב הונא רמי כתיב"
        }, 
        {
            "segmentNumber": "39", 
            "links": [
                {
                    "category": "Tanakh", 
                    "index_title": "I Chronicles", 
                    "sourceHeRef": "דברי הימים א י״ד:י״ב", 
                    "sourceRef": "I Chronicles 14:12"
                }
            ], 
            "he": "(דברי הימים א יד, יב) ויאמר דוד וישרפו באש וכתיב"
        }, 
        {
            "segmentNumber": "40", 
            "he": "וישאם"
        }, 
        {
            "segmentNumber": "41", 
            "he": "לא קשיא"
        }, 
        {
            "segmentNumber": "42", 
            "links": [
                {
                    "category": "Commentary", 
                    "index_title": "Tosafot on Avodah Zarah", 
                    "sourceHeRef": "תוספות על עבודה זרה מ״ד א:מ״ב:א׳", 
                    "sourceRef": "Tosafot on Avodah Zarah 44a:42:1"
                }, 
                {
                    "category": "Commentary", 
                    "index_title": "Rashi on Avodah Zarah", 
                    "sourceHeRef": "רש\"י על עבודה זרה מ״ד א:מ״ב:א׳", 
                    "sourceRef": "Rashi on Avodah Zarah 44a:42:1"
                }
            ], 
            "he": "כאן קודם שבא איתי הגיתי כאן לאחר שבא איתי הגיתי"
        }, 
        {
            "segmentNumber": "43", 
            "he": "דכתיב"
        }, 
        {
            "segmentNumber": "44", 
            "links": [
                {
                    "category": "Tanakh", 
                    "index_title": "II Samuel", 
                    "sourceHeRef": "שמואל ב י״ב:ל׳", 
                    "sourceRef": "II Samuel 12:30"
                }, 
                {
                    "category": "Commentary", 
                    "index_title": "Rashi on Avodah Zarah", 
                    "sourceHeRef": "רש\"י על עבודה זרה מ״ד א:מ״ד:א׳", 
                    "sourceRef": "Rashi on Avodah Zarah 44a:44:1"
                }
            ], 
            "he": "(שמואל ב יב, ל) ויקח את עטרת מלכם מעל ראשו ומשקלה ככר זהב ומי שרי"
        }, 
        {
            "segmentNumber": "45", 
            "links": [
                {
                    "category": "Commentary", 
                    "index_title": "Chidushei Agadot on Avodah Zarah", 
                    "sourceHeRef": " חידושי אגדות על מסכת עבודה זרה מ״ד א:א׳", 
                    "sourceRef": "Chidushei Agadot on Avodah Zarah 44a:1"
                }
            ], 
            "he": "איסורי הנאה נינהו"
        }, 
        {
            "segmentNumber": "46", 
            "he": "אמר רב נחמן"
        }, 
        {
            "segmentNumber": "47", 
            "links": [
                {
                    "category": "Commentary", 
                    "index_title": "Rashi on Avodah Zarah", 
                    "sourceHeRef": "רש\"י על עבודה זרה מ״ד א:מ״ז:א׳", 
                    "sourceRef": "Rashi on Avodah Zarah 44a:47:1"
                }
            ], 
            "he": "איתי הגיתי בא וביטלה"
        }, 
        {
            "segmentNumber": "48", 
            "links": [
                {
                    "category": "Commentary", 
                    "index_title": "Rashi on Avodah Zarah", 
                    "sourceHeRef": "רש\"י על עבודה זרה מ״ד א:מ״ח:א׳", 
                    "sourceRef": "Rashi on Avodah Zarah 44a:48:1"
                }
            ], 
            "he": "משקלה ככר זהב היכי מצי מנח לה"
        }, 
        {
            "segmentNumber": "49", 
            "links": [
                {
                    "category": "Commentary", 
                    "index_title": "Rashi on Avodah Zarah", 
                    "sourceHeRef": "רש\"י על עבודה זרה מ״ד א:מ״ט:א׳", 
                    "sourceRef": "Rashi on Avodah Zarah 44a:49:1"
                }
            ], 
            "he": "אמר רב יהודה אמר רב"
        }, 
        {
            "segmentNumber": "50", 
            "he": "ראויה לנוח על ראש דוד"
        }, 
        {
            "segmentNumber": "51", 
            "he": "רבי יוסי ברבי חנינא אמר"
        }, 
        {
            "segmentNumber": "52", 
            "links": [
                {
                    "category": "Commentary", 
                    "index_title": "Tosafot on Avodah Zarah", 
                    "sourceHeRef": "תוספות על עבודה זרה מ״ד א:נ״ב:א׳", 
                    "sourceRef": "Tosafot on Avodah Zarah 44a:52:1"
                }, 
                {
                    "category": "Commentary", 
                    "index_title": "Rashi on Avodah Zarah", 
                    "sourceHeRef": "רש\"י על עבודה זרה מ״ד א:נ״ב:א׳", 
                    "sourceRef": "Rashi on Avodah Zarah 44a:52:1"
                }, 
                {
                    "category": "Commentary", 
                    "index_title": "Rashi on Avodah Zarah", 
                    "sourceHeRef": "רש\"י על עבודה זרה מ״ד א:נ״ב:ב׳", 
                    "sourceRef": "Rashi on Avodah Zarah 44a:52:2"
                }
            ], 
            "he": "אבן שואבת היתה בה דהות דרא לה"
        }, 
        {
            "segmentNumber": "53", 
            "he": "רבי אלעזר אמר"
        }, 
        {
            "segmentNumber": "54", 
            "links": [
                {
                    "category": "Commentary", 
                    "index_title": "Chidushei Agadot on Avodah Zarah", 
                    "sourceHeRef": " חידושי אגדות על מסכת עבודה זרה מ״ד א:ב׳", 
                    "sourceRef": "Chidushei Agadot on Avodah Zarah 44a:2"
                }, 
                {
                    "category": "Commentary", 
                    "index_title": "Rashi on Avodah Zarah", 
                    "sourceHeRef": "רש\"י על עבודה זרה מ״ד א:נ״ד:א׳", 
                    "sourceRef": "Rashi on Avodah Zarah 44a:54:1"
                }
            ], 
            "he": "אבן יקרה היתה בה ששוה ככר זהב:"
        }, 
        {
            "segmentNumber": "55", 
            "links": [
                {
                    "category": "Tanakh", 
                    "index_title": "Psalms", 
                    "sourceHeRef": "תהילים קי״ט:נ״ו", 
                    "sourceRef": "Psalms 119:56"
                }, 
                {
                    "category": "Commentary", 
                    "index_title": "Rashi on Avodah Zarah", 
                    "sourceHeRef": "רש\"י על עבודה זרה מ״ד א:נ״ה:א׳", 
                    "sourceRef": "Rashi on Avodah Zarah 44a:55:1"
                }
            ], 
            "he": "(תהלים קיט, נו) זאת היתה לי כי פקודיך נצרתי מאי קאמר"
        }, 
        {
            "segmentNumber": "56", 
            "he": "הכי קאמר"
        }, 
        {
            "segmentNumber": "57", 
            "links": [
                {
                    "category": "Commentary", 
                    "index_title": "Chidushei Agadot on Avodah Zarah", 
                    "sourceHeRef": " חידושי אגדות על מסכת עבודה זרה מ״ד א:ג׳", 
                    "sourceRef": "Chidushei Agadot on Avodah Zarah 44a:3"
                }
            ], 
            "he": "בשכר שפקודיך נצרתי זאת היתה לי לעדות"
        }, 
        {
            "segmentNumber": "58", 
            "he": "מאי עדותה"
        }, 
        {
            "segmentNumber": "59", 
            "he": "א\"ר יהושע בן לוי"
        }, 
        {
            "segmentNumber": "60", 
            "links": [
                {
                    "category": "Commentary", 
                    "index_title": "Tosafot on Avodah Zarah", 
                    "sourceHeRef": "תוספות על עבודה זרה מ״ד א:ס׳:א׳", 
                    "sourceRef": "Tosafot on Avodah Zarah 44a:60:1"
                }, 
                {
                    "category": "Commentary", 
                    "index_title": "Rashi on Avodah Zarah", 
                    "sourceHeRef": "רש\"י על עבודה זרה מ״ד א:ס׳:א׳", 
                    "sourceRef": "Rashi on Avodah Zarah 44a:60:1"
                }, 
                {
                    "category": "Commentary", 
                    "index_title": "Rashi on Avodah Zarah", 
                    "sourceHeRef": "רש\"י על עבודה זרה מ״ד א:ס׳:ב׳", 
                    "sourceRef": "Rashi on Avodah Zarah 44a:60:2"
                }
            ], 
            "he": "שהיה מניחה במקום תפילין והולמתו"
        }, 
        {
            "segmentNumber": "61", 
            "he": "והא בעי אנוחי תפילין"
        }, 
        {
            "segmentNumber": "62", 
            "he": "א\"ר שמואל בר רב יצחק"
        }, 
        {
            "segmentNumber": "63", 
            "links": [
                {
                    "category": "Commentary", 
                    "index_title": "Rashi on Avodah Zarah", 
                    "sourceHeRef": "רש\"י על עבודה זרה מ״ד א:ס״ג:א׳", 
                    "sourceRef": "Rashi on Avodah Zarah 44a:63:1"
                }
            ], 
            "he": "מקום יש בראש שראוי להניח בו שתי תפילין"
        }, 
        {
            "segmentNumber": "64", 
            "links": [
                {
                    "category": "Tanakh", 
                    "index_title": "II Chronicles", 
                    "sourceHeRef": "דברי הימים ב כ״ג:י״א", 
                    "sourceRef": "II Chronicles 23:11"
                }, 
                {
                    "category": "Commentary", 
                    "index_title": "Rashi on Avodah Zarah", 
                    "sourceHeRef": "רש\"י על עבודה זרה מ״ד א:ס״ד:א׳", 
                    "sourceRef": "Rashi on Avodah Zarah 44a:64:1"
                }
            ], 
            "he": "(דברי הימים ב כג, יא) ויוציאו את בן המלך ויתנו עליו את הנזר ואת העדות נזר זו כלילא עדות א\"ר יהודה אמר רב"
        }, 
        {
            "segmentNumber": "65", 
            "he": "עדות הוא לבית דוד שכל הראוי למלכות הולמתו וכל שאינו ראוי למלכות אין הולמתו"
        }, 
        {
            "segmentNumber": "66", 
            "links": [
                {
                    "category": "Tanakh", 
                    "index_title": "I Kings", 
                    "sourceHeRef": "מלכים א א׳:ה׳", 
                    "sourceRef": "I Kings 1:5"
                }, 
                {
                    "category": "Commentary", 
                    "index_title": "Rashi on Avodah Zarah", 
                    "sourceHeRef": "רש\"י על עבודה זרה מ״ד א:ס״ו:א׳", 
                    "sourceRef": "Rashi on Avodah Zarah 44a:66:1"
                }
            ], 
            "he": "(מלכים א א, ה) ואדניה בן חגית מתנשא לאמר אני אמלוך אמר רב יהודה אמר רב"
        }, 
        {
            "segmentNumber": "67", 
            "links": [
                {
                    "category": "Commentary", 
                    "index_title": "Chidushei Agadot on Avodah Zarah", 
                    "sourceHeRef": " חידושי אגדות על מסכת עבודה זרה מ״ד א:ד׳", 
                    "sourceRef": "Chidushei Agadot on Avodah Zarah 44a:4"
                }
            ], 
            "he": "שמתנשא להולמו ולא הולמתו"
        }, 
        {
            "segmentNumber": "68", 
            "links": [
                {
                    "category": "Tanakh", 
                    "index_title": "I Kings", 
                    "sourceHeRef": "מלכים א א׳:ה׳", 
                    "sourceRef": "I Kings 1:5"
                }, 
                {
                    "category": "Commentary", 
                    "index_title": "Rashi on Avodah Zarah", 
                    "sourceHeRef": "רש\"י על עבודה זרה מ״ד א:ס״ח:א׳", 
                    "sourceRef": "Rashi on Avodah Zarah 44a:68:1"
                }, 
                {
                    "category": "Commentary", 
                    "index_title": "Rashi on Avodah Zarah", 
                    "sourceHeRef": "רש\"י על עבודה זרה מ״ד א:ס״ח:ב׳", 
                    "sourceRef": "Rashi on Avodah Zarah 44a:68:2"
                }
            ], 
            "he": "(מלכים א א, ה) ויעש לו רכב ופרשים וחמשים איש רצים לפניו מאי רבותייהו"
        }, 
        {
            "segmentNumber": "69", 
            "he": "תנא"
        }, 
        {
            "segmentNumber": "70", 
            "links": [
                {
                    "category": "Commentary", 
                    "index_title": "Chidushei Agadot on Avodah Zarah", 
                    "sourceHeRef": " חידושי אגדות על מסכת עבודה זרה מ״ד א:ה׳", 
                    "sourceRef": "Chidushei Agadot on Avodah Zarah 44a:5"
                }, 
                {
                    "category": "Commentary", 
                    "index_title": "Rashi on Avodah Zarah", 
                    "sourceHeRef": "רש\"י על עבודה זרה מ״ד א:ע׳:א׳", 
                    "sourceRef": "Rashi on Avodah Zarah 44a:70:1"
                }, 
                {
                    "category": "Commentary", 
                    "index_title": "Rashi on Avodah Zarah", 
                    "sourceHeRef": "רש\"י על עבודה זרה מ״ד א:ע׳:ב׳", 
                    "sourceRef": "Rashi on Avodah Zarah 44a:70:2"
                }
            ], 
            "he": "כולם נטולי טחול וחקוקי כפות הרגלים היו:"
        }
    ], 
    "heTitle": "עבודה זרה מ״ד א", 
    "indexTitle": "Avodah Zarah", 
    "sectionRef": "Avodah Zarah 44a", 
    "prev": "Avodah Zarah 43b", 
    "ref": "Avodah Zarah 44a", 
    "heRef": "עבודה זרה מ״ד א", 
    "next": "Avodah Zarah 44b"
}