{
    "heTitleVariants": [
        "רי\"ף מנחות", 
        "הלכות קטנות לרי\"ף"
    ], 
    "heTitle": "רי\"ף מנחות ז׳ א", 
    "content": [
        {
            "segmentNumber": "1", 
            "he": "פלוגתייהו אמר רבא מדברי רבי יוסי חזר בו ר' יהודה:", 
            "links": [], 
            "text": ""
        }, 
        {
            "segmentNumber": "2", 
            "he": "   מדקאמר טולה והא אמרינן שלה ר' חנינא משום רבי יוחנן תפלה של ראש אין עושין אותה של יד ושל יד עושין אותה של ראש לפי שאין מורידין מקדושה חמורה לקדושה קלה   הכא במאי עסקינן בחדתא ולמאן דאמר הזמנה מילתא היא דאתני עלה מעיקרא:", 
            "links": [], 
            "text": ""
        }, 
        {
            "segmentNumber": "3", 
            "he": "(דף מב.) ת\"ר   ציפן זהב או שטלה עליהן עור בהמה טמאה פסולות עוד בהמה טהורה כשרות ואע\"פ שלא עיבדן   לשמה רבן שמעון בן גמליאל אומר אף עור בהמה טהורה פסולות עד שיעבדנו  לשמן:", 
            "links": [], 
            "text": ""
        }, 
        {
            "segmentNumber": "4", 
            "he": "תני רב חנינא בר רבא (דף מב:) מפרשניא  ספר תורה תפילין ומזוזות שכתבן  מין ישרף ותני חדא   יגנז מסור עבד כותי אשה נכרי קטן ישראל מומר פסולין שנא' (דברים ו) וקשרתם וכתבתם כל שישנו בקשירה ישנו בכתיבה וכל שאינו בקשירה אינו בכתיבה:", 
            "links": [
                {
                    "category": "Tanakh", 
                    "sourceHeRef": "דברים ו׳", 
                    "index_title": "Deuteronomy", 
                    "sourceRef": "Deuteronomy 6"
                }
            ], 
            "text": ""
        }, 
        {
            "segmentNumber": "5", 
            "he": "גרסינן בפרק שמונה שרצים (דף קח.) ת\"ר  כותבין תפילין על גבי עור בהמה טהורה על גבי עור חיה טהורה ועל גבי נבלות וטרפות שלהן  ונכרכות בשערן ונתפרות בגידן והלכה למשה מסיני שהתפילין נכרכות בשערן ונתפרות בגידן אבל אין כותבין לא על גבי עור בהמה טמאה ולא על גבי עור חיה טמאה ואין צריך לומר ע\"ג   גבלות וטרפות שלהן ואין נכרכות בשערן ואין נתפרות בגידן:", 
            "links": [], 
            "text": ""
        }, 
        {
            "segmentNumber": "6", 
            "he": "ת\"ר (מנחות לד:) כיצד  סודרן קדש והיה כי יביאך מימין שמע והיה אם שמוע משמאל והתניא איפכא אמר אביי לא קשיא   כאן לימין  הקורא וכאן לימין המניח   א\"ר חננאל אמר רב החליף פרשיותיה פסולות אמר אביי לא אמרן (דף לה.) אלא גואתא לברייתא וברייתא לגואתא אבל גואתא לגואתא וברייתא לברייתא לית לן בה וליתא לדאביי אלא לא שנא הכי ולא שנא הכי פסולה:", 
            "links": [
                {
                    "category": "Talmud", 
                    "sourceHeRef": "מנחות ל״ד ב", 
                    "index_title": "Menachot", 
                    "sourceRef": "Menachot 34b"
                }
            ], 
            "text": ""
        }, 
        {
            "segmentNumber": "7", 
            "he": "אמר רב חננאל אמר רב האי תיתורא  דתפילין הלכה למשה מסיני אמר אביי האי מעברתא דתפילין ושי\"ן של תפילין הלכה למשה מסיני וצריך שיגיע חריץ למקום ", 
            "links": [], 
            "text": ""
        }
    ], 
    "heRef": "רי\"ף מנחות ז׳ א", 
    "toSections": [
        "7a"
    ], 
    "sectionRef": "Rif Menachot 7a", 
    "title": "Rif Menachot 7a", 
    "next": "Rif Menachot 7b", 
    "heBook": "רי\"ף מנחות", 
    "book": "Rif Menachot", 
    "prev": "Rif Menachot 6b", 
    "textDepth": 2, 
    "sectionNames": [
        "Daf", 
        "Peirush"
    ], 
    "sections": [
        "7a"
    ], 
    "isComplex": false, 
    "titleVariants": [
        "Halachot Ketanot LaRif", 
        "Rif Menachot"
    ], 
    "categories": [
        "Talmud", 
        "Rif", 
        "Seder Kodashim"
    ], 
    "ref": "Rif Menachot 7a", 
    "type": "Talmud", 
    "addressTypes": [
        "Talmud", 
        "Integer"
    ], 
    "indexTitle": "Rif Menachot", 
    "heIndexTitle": "רי\"ף מנחות", 
    "alts": [], 
    "order": ""
}