{
    "heTitleVariants": [
        "תוספות על מנחות"
    ], 
    "heTitle": "תוספות על מנחות מ״ב א", 
    "content": [
        {
            "segmentNumber": "1", 
            "he": [], 
            "links": [], 
            "text": ""
        }, 
        {
            "segmentNumber": "2", 
            "he": [], 
            "links": [], 
            "text": ""
        }, 
        {
            "segmentNumber": "3", 
            "he": [], 
            "links": [], 
            "text": ""
        }, 
        {
            "segmentNumber": "4", 
            "he": [], 
            "links": [], 
            "text": ""
        }, 
        {
            "segmentNumber": "5", 
            "he": [], 
            "links": [], 
            "text": ""
        }, 
        {
            "segmentNumber": "6", 
            "he": [], 
            "links": [], 
            "text": ""
        }, 
        {
            "segmentNumber": "7", 
            "he": [], 
            "links": [], 
            "text": ""
        }, 
        {
            "segmentNumber": "8", 
            "he": [], 
            "links": [], 
            "text": ""
        }, 
        {
            "segmentNumber": "9", 
            "he": [], 
            "links": [], 
            "text": ""
        }, 
        {
            "segmentNumber": "10", 
            "he": [], 
            "links": [], 
            "text": ""
        }, 
        {
            "segmentNumber": "11", 
            "he": [], 
            "links": [], 
            "text": ""
        }, 
        {
            "segmentNumber": "12", 
            "he": [], 
            "links": [], 
            "text": ""
        }, 
        {
            "segmentNumber": "13", 
            "he": [], 
            "links": [], 
            "text": ""
        }, 
        {
            "segmentNumber": "14", 
            "he": [], 
            "links": [], 
            "text": ""
        }, 
        {
            "segmentNumber": "15", 
            "he": [], 
            "links": [], 
            "text": ""
        }, 
        {
            "segmentNumber": "16", 
            "he": [], 
            "links": [], 
            "text": ""
        }, 
        {
            "segmentNumber": "17", 
            "he": [], 
            "links": [], 
            "text": ""
        }, 
        {
            "segmentNumber": "18", 
            "he": [], 
            "links": [], 
            "text": ""
        }, 
        {
            "segmentNumber": "19", 
            "he": [], 
            "links": [], 
            "text": ""
        }, 
        {
            "segmentNumber": "20", 
            "he": [], 
            "links": [], 
            "text": ""
        }, 
        {
            "segmentNumber": "21", 
            "he": [], 
            "links": [], 
            "text": ""
        }, 
        {
            "segmentNumber": "22", 
            "he": [], 
            "links": [], 
            "text": ""
        }, 
        {
            "segmentNumber": "23", 
            "he": [], 
            "links": [], 
            "text": ""
        }, 
        {
            "segmentNumber": "24", 
            "he": [], 
            "links": [], 
            "text": ""
        }, 
        {
            "segmentNumber": "25", 
            "he": [], 
            "links": [], 
            "text": ""
        }, 
        {
            "segmentNumber": "26", 
            "he": [], 
            "links": [], 
            "text": ""
        }, 
        {
            "segmentNumber": "27", 
            "he": [], 
            "links": [], 
            "text": ""
        }, 
        {
            "segmentNumber": "28", 
            "he": [], 
            "links": [], 
            "text": ""
        }, 
        {
            "segmentNumber": "29", 
            "he": [], 
            "links": [], 
            "text": ""
        }, 
        {
            "segmentNumber": "30", 
            "he": [], 
            "links": [], 
            "text": ""
        }, 
        {
            "segmentNumber": "31", 
            "he": [], 
            "links": [], 
            "text": ""
        }, 
        {
            "segmentNumber": "32", 
            "he": [
                "ואביק להו מיבק. נ\"ל שלא היה מעביר דרך נקב האבק אלא שבעה חוטין לכל היותר והשמיני מניח וקושר בו דאל\"כ היה יכול להעביר הציצית מן הטלית דרך האבק אחר עשייתן ולא משכחת כלאים בציצית:"
            ], 
            "links": [
                {
                    "category": "Talmud", 
                    "sourceHeRef": "מנחות מ״ב א:ל״ב", 
                    "sourceRef": "Menachot 42a:32", 
                    "ref": "Menachot 42a:32"
                }
            ], 
            "text": ""
        }, 
        {
            "segmentNumber": "33", 
            "he": [], 
            "links": [], 
            "text": ""
        }, 
        {
            "segmentNumber": "34", 
            "he": [
                "תמניא בגלימא. דריש גדילים ארבעה וכן מתכלת שבשעת נתינתן בטלית יהו שמונה ורבי ירמיה מדפתי סובר כן ואם כן הוו להו שיתסר דלית ליה אבק:"
            ], 
            "links": [
                {
                    "category": "Talmud", 
                    "sourceHeRef": "מנחות מ״ב א:ל״ד", 
                    "sourceRef": "Menachot 42a:34", 
                    "ref": "Menachot 42a:34"
                }
            ], 
            "text": ""
        }, 
        {
            "segmentNumber": "35", 
            "he": [], 
            "links": [], 
            "text": ""
        }, 
        {
            "segmentNumber": "36", 
            "he": [], 
            "links": [], 
            "text": ""
        }, 
        {
            "segmentNumber": "37", 
            "he": [], 
            "links": [], 
            "text": ""
        }, 
        {
            "segmentNumber": "38", 
            "he": [], 
            "links": [], 
            "text": ""
        }, 
        {
            "segmentNumber": "39", 
            "he": [], 
            "links": [], 
            "text": ""
        }, 
        {
            "segmentNumber": "40", 
            "he": [], 
            "links": [], 
            "text": ""
        }, 
        {
            "segmentNumber": "41", 
            "he": [], 
            "links": [], 
            "text": ""
        }, 
        {
            "segmentNumber": "42", 
            "he": [], 
            "links": [], 
            "text": ""
        }, 
        {
            "segmentNumber": "43", 
            "he": [], 
            "links": [], 
            "text": ""
        }, 
        {
            "segmentNumber": "44", 
            "he": [], 
            "links": [], 
            "text": ""
        }, 
        {
            "segmentNumber": "45", 
            "he": [
                "מנין לציצית בעובד כוכבים שהיא פסולה. משמע הא אשה כשירה ולא אמר כל שאינו בלבישה אינו בעשייה דהא לא כתיב בגופה לבישה אלא בכלאים ומילתא אחריתי היא וגבי תפילין דרשי כי האי גוונא:"
            ], 
            "links": [
                {
                    "category": "Talmud", 
                    "sourceHeRef": "מנחות מ״ב א:מ״ה", 
                    "sourceRef": "Menachot 42a:45", 
                    "ref": "Menachot 42a:45"
                }
            ], 
            "text": ""
        }, 
        {
            "segmentNumber": "46", 
            "he": [], 
            "links": [], 
            "text": ""
        }, 
        {
            "segmentNumber": "47", 
            "he": [], 
            "links": [], 
            "text": ""
        }, 
        {
            "segmentNumber": "48", 
            "he": [], 
            "links": [], 
            "text": ""
        }, 
        {
            "segmentNumber": "49", 
            "he": [
                "בישראל אינו צריך לברך. דמשמע צונו ולא לאחרים:"
            ], 
            "links": [
                {
                    "category": "Talmud", 
                    "sourceHeRef": "מנחות מ״ב א:מ״ט", 
                    "sourceRef": "Menachot 42a:49", 
                    "ref": "Menachot 42a:49"
                }
            ], 
            "text": ""
        }, 
        {
            "segmentNumber": "50", 
            "he": [], 
            "links": [], 
            "text": ""
        }, 
        {
            "segmentNumber": "51", 
            "he": [], 
            "links": [], 
            "text": ""
        }, 
        {
            "segmentNumber": "52", 
            "he": [
                "ואל ימול כותי. לאחר שהמיר דתו דסתמייהו לשם הר גריזים אע\"ג דגירי אמת הן ועובד כוכבים אע\"ג דבפ' המביא תניין (גיטין דף כג.) קא אמר גבי גט עובד כוכבים אדעתא דנפשיה עביד שאני התם דסתם אשה לאו לגירושין קיימא אבל סתם מילה לשמה קיימא והכי משני גבי זבחים (דף ב:) ומתוך כך ניחא בסמוך דמכשר ציצית בעובד כוכבים מדכתיב ועשו להם דמשמע אחרים יעשו להם ובתר הכי מכשר רב טוייה שלא לשמה ומייתי תנאי מתפילין משמע דבציצית נמי בעי לשמה אע\"ג דעובד כוכבים כשר ותימה כיון דסתמא לשמו קאי אמאי איצטריך לרבות עובד כוכבים וי\"ל כי היכי דלא נימעטי מבני ישראל ותימה וגבי ספרים ותפילין ומזוזות למה לי למעוטי עובד כוכבים מוקשרתם וכתבתם תיפוק לי דסתמא לאו לשמו קאי דבפרק הניזקין (גיטין דף נד:) פסל אזכרות שלא כתב לשמן דאמרינן התם ס\"ת שכתבתי אזכרות שבה לא כתבתי לשמן משמע אלא סתמן כתבן דאיבעי למימר שכתבתי שלא לשמן וי\"ל דאיצטריך משום עבד ואשה צדוקי ומסור ומומר אע\"ג דתני עובד כוכבים הכי נמי תני כותי אע\"ג דסתמיה לשם הר גריזים ולא איצטריך ליה קרא אי נמי לא דק ובעי למימר שלא לשמן דפ' כל הגט (שם דף כד.) תנן כל הגט שנכתב שלא לשם אשה פסול ואע\"ג דסתמא נמי פסול אלמא לא דייק אי נמי נראה דאזכרות לבד בעינן כולי האי ואיצטריך למעוטי אי כתב בלא אזכרה:"
            ], 
            "links": [
                {
                    "category": "Talmud", 
                    "sourceHeRef": "מנחות מ״ב א:נ״ב", 
                    "sourceRef": "Menachot 42a:52", 
                    "ref": "Menachot 42a:52"
                }, 
                {
                    "category": "Talmud", 
                    "sourceHeRef": "גיטין כ״ג א", 
                    "sourceRef": "Gittin 23a", 
                    "ref": "Gittin 23a"
                }, 
                {
                    "category": "Talmud", 
                    "sourceHeRef": "גיטין נ״ד ב", 
                    "sourceRef": "Gittin 54b", 
                    "ref": "Gittin 54b"
                }
            ], 
            "text": ""
        }, 
        {
            "segmentNumber": "53", 
            "he": [], 
            "links": [], 
            "text": ""
        }, 
        {
            "segmentNumber": "54", 
            "he": [], 
            "links": [], 
            "text": ""
        }, 
        {
            "segmentNumber": "55", 
            "he": [], 
            "links": [], 
            "text": ""
        }, 
        {
            "segmentNumber": "56", 
            "he": [], 
            "links": [], 
            "text": ""
        }, 
        {
            "segmentNumber": "57", 
            "he": [], 
            "links": [], 
            "text": ""
        }, 
        {
            "segmentNumber": "58", 
            "he": [], 
            "links": [], 
            "text": ""
        }, 
        {
            "segmentNumber": "59", 
            "he": [], 
            "links": [], 
            "text": ""
        }, 
        {
            "segmentNumber": "60", 
            "he": [], 
            "links": [], 
            "text": ""
        }, 
        {
            "segmentNumber": "61", 
            "he": [], 
            "links": [], 
            "text": ""
        }, 
        {
            "segmentNumber": "62", 
            "he": [], 
            "links": [], 
            "text": ""
        }, 
        {
            "segmentNumber": "63", 
            "he": [], 
            "links": [], 
            "text": ""
        }, 
        {
            "segmentNumber": "64", 
            "he": [], 
            "links": [], 
            "text": ""
        }, 
        {
            "segmentNumber": "65", 
            "he": [], 
            "links": [], 
            "text": ""
        }, 
        {
            "segmentNumber": "66", 
            "he": [], 
            "links": [], 
            "text": ""
        }, 
        {
            "segmentNumber": "67", 
            "he": [], 
            "links": [], 
            "text": ""
        }, 
        {
            "segmentNumber": "68", 
            "he": [], 
            "links": [], 
            "text": ""
        }, 
        {
            "segmentNumber": "69", 
            "he": [], 
            "links": [], 
            "text": ""
        }, 
        {
            "segmentNumber": "70", 
            "he": [], 
            "links": [], 
            "text": ""
        }
    ], 
    "commentaryBook": "Menachot", 
    "heRef": "תוספות על מנחות מ״ב א", 
    "toSections": [
        "42a"
    ], 
    "sectionRef": "Tosafot on Menachot 42a", 
    "title": "Tosafot on Menachot 42a", 
    "lengths": [
        217, 
        10533
    ], 
    "next": "Tosafot on Menachot 42b:7", 
    "heBook": "תוספות על מנחות", 
    "book": "Tosafot on Menachot", 
    "prev": "Tosafot on Menachot 41b:57", 
    "textDepth": 3, 
    "sectionNames": [
        "Daf", 
        "Line", 
        "Comment"
    ], 
    "sections": [
        "42a"
    ], 
    "commentator": "Tosafot", 
    "isComplex": false, 
    "commentaryCategories": [
        "Talmud", 
        "Bavli", 
        "Seder Kodashim"
    ], 
    "titleVariants": [
        "Tosafot on Masekhet Menachot", 
        "Tosafot on Menachot", 
        "Tosafot on Tractate Menachot", 
        "Tosafot on Talmud Menachot"
    ], 
    "categories": [
        "Commentary", 
        "Talmud", 
        "Tosafot"
    ], 
    "ref": "Tosafot on Menachot 42a", 
    "type": "Commentary", 
    "addressTypes": [
        "Talmud", 
        "Integer", 
        "Integer"
    ], 
    "heCommentator": "תוספות", 
    "length": 217, 
    "indexTitle": "Tosafot on Menachot", 
    "heIndexTitle": "תוספות על מנחות", 
    "alts": [], 
    "order": [
        29, 
        2
    ]
}