{
    "sections": {
        "Tosafot on Menachot 17b:31": {
            "content": [], 
            "heTitle": "תוספות על מנחות י״ז ב:ל״א", 
            "indexTitle": "Tosafot on Menachot", 
            "sectionRef": "Tosafot on Menachot 17b:31", 
            "prev": "Tosafot on Menachot 17b:28", 
            "ref": "Tosafot on Menachot 17b:31", 
            "heRef": "תוספות על מנחות י״ז ב:ל״א", 
            "next": "Tosafot on Menachot 18a:3"
        }, 
        "Tosafot on Menachot 17b:30": {
            "content": [], 
            "heTitle": "תוספות על מנחות י״ז ב:ל׳", 
            "indexTitle": "Tosafot on Menachot", 
            "sectionRef": "Tosafot on Menachot 17b:30", 
            "prev": "Tosafot on Menachot 17b:28", 
            "ref": "Tosafot on Menachot 17b:30", 
            "heRef": "תוספות על מנחות י״ז ב:ל׳", 
            "next": "Tosafot on Menachot 18a:3"
        }, 
        "Tosafot on Menachot 17b:19": {
            "content": [], 
            "heTitle": "תוספות על מנחות י״ז ב:י״ט", 
            "indexTitle": "Tosafot on Menachot", 
            "sectionRef": "Tosafot on Menachot 17b:19", 
            "prev": "Tosafot on Menachot 17b:13", 
            "ref": "Tosafot on Menachot 17b:19", 
            "heRef": "תוספות על מנחות י״ז ב:י״ט", 
            "next": "Tosafot on Menachot 17b:28"
        }, 
        "Tosafot on Menachot 17b:18": {
            "content": [], 
            "heTitle": "תוספות על מנחות י״ז ב:י״ח", 
            "indexTitle": "Tosafot on Menachot", 
            "sectionRef": "Tosafot on Menachot 17b:18", 
            "prev": "Tosafot on Menachot 17b:13", 
            "ref": "Tosafot on Menachot 17b:18", 
            "heRef": "תוספות על מנחות י״ז ב:י״ח", 
            "next": "Tosafot on Menachot 17b:28"
        }, 
        "Tosafot on Menachot 17b:17": {
            "content": [], 
            "heTitle": "תוספות על מנחות י״ז ב:י״ז", 
            "indexTitle": "Tosafot on Menachot", 
            "sectionRef": "Tosafot on Menachot 17b:17", 
            "prev": "Tosafot on Menachot 17b:13", 
            "ref": "Tosafot on Menachot 17b:17", 
            "heRef": "תוספות על מנחות י״ז ב:י״ז", 
            "next": "Tosafot on Menachot 17b:28"
        }, 
        "Tosafot on Menachot 17b:16": {
            "content": [], 
            "heTitle": "תוספות על מנחות י״ז ב:ט״ז", 
            "indexTitle": "Tosafot on Menachot", 
            "sectionRef": "Tosafot on Menachot 17b:16", 
            "prev": "Tosafot on Menachot 17b:13", 
            "ref": "Tosafot on Menachot 17b:16", 
            "heRef": "תוספות על מנחות י״ז ב:ט״ז", 
            "next": "Tosafot on Menachot 17b:28"
        }, 
        "Tosafot on Menachot 17b:15": {
            "content": [], 
            "heTitle": "תוספות על מנחות י״ז ב:ט״ו", 
            "indexTitle": "Tosafot on Menachot", 
            "sectionRef": "Tosafot on Menachot 17b:15", 
            "prev": "Tosafot on Menachot 17b:13", 
            "ref": "Tosafot on Menachot 17b:15", 
            "heRef": "תוספות על מנחות י״ז ב:ט״ו", 
            "next": "Tosafot on Menachot 17b:28"
        }, 
        "Tosafot on Menachot 17b:14": {
            "content": [], 
            "heTitle": "תוספות על מנחות י״ז ב:י״ד", 
            "indexTitle": "Tosafot on Menachot", 
            "sectionRef": "Tosafot on Menachot 17b:14", 
            "prev": "Tosafot on Menachot 17b:13", 
            "ref": "Tosafot on Menachot 17b:14", 
            "heRef": "תוספות על מנחות י״ז ב:י״ד", 
            "next": "Tosafot on Menachot 17b:28"
        }, 
        "Tosafot on Menachot 17b:13": {
            "content": [
                {
                    "segmentNumber": "1", 
                    "links": [
                        {
                            "category": "Talmud", 
                            "index_title": "Menachot", 
                            "sourceHeRef": "מנחות י״ז ב:י״ג", 
                            "sourceRef": "Menachot 17b:13"
                        }
                    ], 
                    "he": "אמר ליה תנאי היא. משמע דלרבי יוחנן הא דפסיל ר\"א במתני' היינו מדאורייתא ואפי' כרת איכא מדפריש טעמיה דקרא תימה דלא הל\"ל ר\"א פוסל אלא מפגל מיבעי ליה דהכי דייק בסוף פ\"ק דזבחים (ד' יג.) וי\"ל דשאני הכא דאיירי נמי בחוץ למקומו:"
                }
            ], 
            "heTitle": "תוספות על מנחות י״ז ב:י״ג", 
            "indexTitle": "Tosafot on Menachot", 
            "sectionRef": "Tosafot on Menachot 17b:13", 
            "prev": "Tosafot on Menachot 17b:6", 
            "ref": "Tosafot on Menachot 17b:13", 
            "heRef": "תוספות על מנחות י״ז ב:י״ג", 
            "next": "Tosafot on Menachot 17b:28"
        }, 
        "Tosafot on Menachot 17b:12": {
            "content": [], 
            "heTitle": "תוספות על מנחות י״ז ב:י״ב", 
            "indexTitle": "Tosafot on Menachot", 
            "sectionRef": "Tosafot on Menachot 17b:12", 
            "prev": "Tosafot on Menachot 17b:6", 
            "ref": "Tosafot on Menachot 17b:12", 
            "heRef": "תוספות על מנחות י״ז ב:י״ב", 
            "next": "Tosafot on Menachot 17b:13"
        }, 
        "Tosafot on Menachot 17b:11": {
            "content": [], 
            "heTitle": "תוספות על מנחות י״ז ב:י״א", 
            "indexTitle": "Tosafot on Menachot", 
            "sectionRef": "Tosafot on Menachot 17b:11", 
            "prev": "Tosafot on Menachot 17b:6", 
            "ref": "Tosafot on Menachot 17b:11", 
            "heRef": "תוספות על מנחות י״ז ב:י״א", 
            "next": "Tosafot on Menachot 17b:13"
        }, 
        "Tosafot on Menachot 17b:10": {
            "content": [], 
            "heTitle": "תוספות על מנחות י״ז ב:י׳", 
            "indexTitle": "Tosafot on Menachot", 
            "sectionRef": "Tosafot on Menachot 17b:10", 
            "prev": "Tosafot on Menachot 17b:6", 
            "ref": "Tosafot on Menachot 17b:10", 
            "heRef": "תוספות על מנחות י״ז ב:י׳", 
            "next": "Tosafot on Menachot 17b:13"
        }, 
        "Tosafot on Menachot 17b:9": {
            "content": [], 
            "heTitle": "תוספות על מנחות י״ז ב:ט׳", 
            "indexTitle": "Tosafot on Menachot", 
            "sectionRef": "Tosafot on Menachot 17b:9", 
            "prev": "Tosafot on Menachot 17b:6", 
            "ref": "Tosafot on Menachot 17b:9", 
            "heRef": "תוספות על מנחות י״ז ב:ט׳", 
            "next": "Tosafot on Menachot 17b:13"
        }, 
        "Tosafot on Menachot 17b:8": {
            "content": [], 
            "heTitle": "תוספות על מנחות י״ז ב:ח׳", 
            "indexTitle": "Tosafot on Menachot", 
            "sectionRef": "Tosafot on Menachot 17b:8", 
            "prev": "Tosafot on Menachot 17b:6", 
            "ref": "Tosafot on Menachot 17b:8", 
            "heRef": "תוספות על מנחות י״ז ב:ח׳", 
            "next": "Tosafot on Menachot 17b:13"
        }, 
        "Tosafot on Menachot 17b:7": {
            "content": [], 
            "heTitle": "תוספות על מנחות י״ז ב:ז׳", 
            "indexTitle": "Tosafot on Menachot", 
            "sectionRef": "Tosafot on Menachot 17b:7", 
            "prev": "Tosafot on Menachot 17b:6", 
            "ref": "Tosafot on Menachot 17b:7", 
            "heRef": "תוספות על מנחות י״ז ב:ז׳", 
            "next": "Tosafot on Menachot 17b:13"
        }, 
        "Tosafot on Menachot 17b:6": {
            "content": [
                {
                    "segmentNumber": "1", 
                    "links": [
                        {
                            "category": "Talmud", 
                            "index_title": "Menachot", 
                            "sourceHeRef": "מנחות י״ז ב:ו׳", 
                            "sourceRef": "Menachot 17b:6"
                        }, 
                        {
                            "category": "Talmud", 
                            "index_title": "Bava Kamma", 
                            "sourceHeRef": "בבא קמא פ״ה ב", 
                            "sourceRef": "Bava Kamma 85b"
                        }
                    ], 
                    "he": "לכתוב קרא האכל האכל או יאכל יאכל. כי האי גוונא בפרק החובל (ב\"ק דף פה:) גבי ורפא ירפא אבל בסנהדרין בריש היו בודקין (דף מ:) משמע דאי הוה כתיב דרש תדרש וחקרת לא הוה מצי למדרש טפי מידי ולא אמרינן מדלא כתיב דרש דרש או תדרש תדרש:"
                }, 
                {
                    "segmentNumber": "2", 
                    "links": [
                        {
                            "category": "Talmud", 
                            "index_title": "Menachot", 
                            "sourceHeRef": "מנחות י״ז ב:ו׳", 
                            "sourceRef": "Menachot 17b:6"
                        }, 
                        {
                            "category": "Talmud", 
                            "index_title": "Yevamot", 
                            "sourceHeRef": "יבמות ע״א א", 
                            "sourceRef": "Yevamot 71a"
                        }, 
                        {
                            "category": "Talmud", 
                            "index_title": "Sanhedrin", 
                            "sourceHeRef": "סנהדרין נ״ז א", 
                            "sourceRef": "Sanhedrin 57a"
                        }, 
                        {
                            "category": "Talmud", 
                            "index_title": "Berakhot", 
                            "sourceHeRef": "ברכות ל״א ב", 
                            "sourceRef": "Berakhot 31b"
                        }, 
                        {
                            "category": "Talmud", 
                            "index_title": "Makkot", 
                            "sourceHeRef": "מכות י״ב א", 
                            "sourceRef": "Makkot 12a"
                        }, 
                        {
                            "category": "Talmud", 
                            "index_title": "Chullin", 
                            "sourceHeRef": "חולין י״ג ב", 
                            "sourceRef": "Chullin 13b"
                        }, 
                        {
                            "category": "Talmud", 
                            "index_title": "Bava Metzia", 
                            "sourceHeRef": "בבא מציעא ל״א ב", 
                            "sourceRef": "Bava Metzia 31b"
                        }, 
                        {
                            "category": "Talmud", 
                            "index_title": "Bava Metzia", 
                            "sourceHeRef": "בבא מציעא צ״ד ב", 
                            "sourceRef": "Bava Metzia 94b"
                        }, 
                        {
                            "category": "Talmud", 
                            "index_title": "Niddah", 
                            "sourceHeRef": "נדה ל״ב ב", 
                            "sourceRef": "Niddah 32b"
                        }
                    ], 
                    "he": "מאי האכל יאכל ש\"מ תרתי. משמע דלית ליה לר\"א דברה תורה כלשון בני אדם ותימה דבריש הערל (יבמות דף עא.) גבי איש איש (לא דרש וס\"ל דדברה כו') וכן רבי יוסי פרק אין מעמידין (ע\"ז דף כז.) דריש המול ימול ובסוטה פרק ארוסה ושומרת יבם (דף כז.) דריש איש איש לרבות אשת חרש ואשת שוטה ובזבחים פרק השוחט המעלה (ד' קח:) לא דריש איש איש אלמא קסבר דברה תורה כלשון בני אדם ועוד בעלמא לא אשכחן תנא דפליג אהא דדרשינן (חולין יג:) איש איש לרבות את העובדי כוכבים שנודרין נדרים ונדבות כישראל ועוד קשה דבהשוחט והמעלה (שם) דריש ר\"ש איש איש ובפ\"ק דקידושין (דף כ:) דריש ר\"ש אם גאול יגאל שלוה וגואל לחצאין וכן בפסחים בפרק מי שהיה טמא (ד' צג.) איש איש לחייב זבין ומצורעין ובועלי נדות בפסח שני ומוקי לה כרבי יהודה ור\"ש דפטרי נשים מפסח שני ולהכי לא תני זבות ומצורעות ובפרק אלו מציאות (ב\"מ ד' לא:) ובכתובות (ד' סז.) גבי העבט תעביטנו קאמר ר\"ש דברה תורה כלשון בני אדם ועוד קשיא מר' יהודה דדריש איש איש בההיא דפסחים וכן בריש בנות כותים (נדה ד' לב:) דריש ר' יהודה איש איש גבי תינוק בן יומו שמטמא בזיבה וגבי המול ימול (ע\"ז כז.) סבר רבי יהודה דברה תורה כלשון בני אדם ועוד בסוף אלו מציאות משמע דדריש ר\"ש הקם תקים והשב תשיבנו ובפ\"ק דר\"ה (דף ח.) עשר תעשר בשתי מעשרות ועוד קשיא מר\"ע בפ' אין עומדין (ברכות ד' לא:) גבי הני דדריש ר' ישמעאל אם ראה תראה ור\"ע קאמר דברה תורה כלשון בני אדם ובסנהדרין בפרק ד' מיתות (דף סד:) איפכא גבי הכרת תכרת וכן בסוף פרק שני דכריתות (ד' יא.) גבי והפדה לא נפדתה ועוד קשיא מדאחרים דהיינו ר\"מ (גבי איש איש) דאית ליה התם בכריתות דברה תורה כלשון בני אדם ובפ' ד' מיתות (סנהדרין ד' נז.) משמע דדריש ר\"מ איש איש גבי ברכת השם ונראה לפרש דמאן דאית ליה דברה תורה כלשון בני אדם לאו בכל דוכתי אית ליה אלא שום הוכחה יש לו במקום שאינו דורש הכפילות מדאמר אביי בסוף אלו הן הגולין (מכות ד' יב.) גבי ואם יצא יצא מסתברא כמ\"ד דברה תורה כלשון בני אדם שלא יהא סופו חמור מתחילתו משמע דלא בא אביי להביא ראיה אלא שם ולא שנאמר כן בכל המקומות דהא לא מייתי דאביי גבי שאר פלוגתייהו ואם תאמר א\"כ מאי קא פריך בפרק השואל (ב\"מ ד' צד:) גבי אם גנוב יגנב מעמו הניחא למאן דלית ליה דברה תורה וכן בריש נדרים (דף ג.) הניחא למ\"ד דברה תורה והא לאו בכל דוכתי פליגי ועוד למ\"ד דברה תורה נמי מי ניחא מה טעם יש שם שלא לדרוש לנדור נדר לרבות ידות נדרים כמו גבי נזירות דכתיב נזיר להזיר:"
                }
            ], 
            "heTitle": "תוספות על מנחות י״ז ב:ו׳", 
            "indexTitle": "Tosafot on Menachot", 
            "sectionRef": "Tosafot on Menachot 17b:6", 
            "prev": "Tosafot on Menachot 17b:1", 
            "ref": "Tosafot on Menachot 17b:6", 
            "heRef": "תוספות על מנחות י״ז ב:ו׳", 
            "next": "Tosafot on Menachot 17b:13"
        }, 
        "Tosafot on Menachot 17b:5": {
            "content": [], 
            "heTitle": "תוספות על מנחות י״ז ב:ה׳", 
            "indexTitle": "Tosafot on Menachot", 
            "sectionRef": "Tosafot on Menachot 17b:5", 
            "prev": "Tosafot on Menachot 17b:1", 
            "ref": "Tosafot on Menachot 17b:5", 
            "heRef": "תוספות על מנחות י״ז ב:ה׳", 
            "next": "Tosafot on Menachot 17b:6"
        }, 
        "Tosafot on Menachot 17b:4": {
            "content": [], 
            "heTitle": "תוספות על מנחות י״ז ב:ד׳", 
            "indexTitle": "Tosafot on Menachot", 
            "sectionRef": "Tosafot on Menachot 17b:4", 
            "prev": "Tosafot on Menachot 17b:1", 
            "ref": "Tosafot on Menachot 17b:4", 
            "heRef": "תוספות על מנחות י״ז ב:ד׳", 
            "next": "Tosafot on Menachot 17b:6"
        }, 
        "Tosafot on Menachot 17b:3": {
            "content": [], 
            "heTitle": "תוספות על מנחות י״ז ב:ג׳", 
            "indexTitle": "Tosafot on Menachot", 
            "sectionRef": "Tosafot on Menachot 17b:3", 
            "prev": "Tosafot on Menachot 17b:1", 
            "ref": "Tosafot on Menachot 17b:3", 
            "heRef": "תוספות על מנחות י״ז ב:ג׳", 
            "next": "Tosafot on Menachot 17b:6"
        }, 
        "Tosafot on Menachot 17b:2": {
            "content": [], 
            "heTitle": "תוספות על מנחות י״ז ב:ב׳", 
            "indexTitle": "Tosafot on Menachot", 
            "sectionRef": "Tosafot on Menachot 17b:2", 
            "prev": "Tosafot on Menachot 17b:1", 
            "ref": "Tosafot on Menachot 17b:2", 
            "heRef": "תוספות על מנחות י״ז ב:ב׳", 
            "next": "Tosafot on Menachot 17b:6"
        }, 
        "Tosafot on Menachot 17b:1": {
            "content": [
                {
                    "segmentNumber": "1", 
                    "links": [
                        {
                            "category": "Talmud", 
                            "index_title": "Menachot", 
                            "sourceHeRef": "מנחות י״ז ב:א׳", 
                            "sourceRef": "Menachot 17b:1"
                        }, 
                        {
                            "category": "Tanakh", 
                            "index_title": "Leviticus", 
                            "sourceHeRef": "ויקרא ו׳", 
                            "sourceRef": "Leviticus 6"
                        }, 
                        {
                            "category": "Tanakh", 
                            "index_title": "Leviticus", 
                            "sourceHeRef": "ויקרא כ״ה", 
                            "sourceRef": "Leviticus 25"
                        }, 
                        {
                            "category": "Tanakh", 
                            "index_title": "Exodus", 
                            "sourceHeRef": "שמות כ״ב", 
                            "sourceRef": "Exodus 22"
                        }
                    ], 
                    "he": "דלא שנא כי מחשב בלשון אכילה כו'. תימה ל\"ל קרא להכי תיפוק ליה מדאיקרי אכילת אש אכילה כמו חישב שיאכלוהו כלבים למחר שתאכלהו אש למחר דמסקינן בסוף פרק ב' דזבחים (דף לא.) דהוי פיגול משום דכתיב ואת איזבל יאכלו הכלבים וכתיב תאכלהו אש לא נופח ומסיק התם דהא דתנן לאכול כחצי זית ולהקטיר כחצי זית כשר שאין אכילה והקטרה מצטרפין אי חישב בלשון אכילה מצטרפין משום דאיקרי אכילת אש אכילה כדכתיב תאכלהו אש לא נופח וי\"ל דאיצטריך לרבויי הכא שיאכלהו מזבח למחר אע\"פ שלא הזכיר אש דמקרא דתאכלהו אש לא נפיק אא\"כ הזכיר אש ועוד נראה דהתם איירי בבשר דמחשב לאכול דבר שדרכו לאכול והכא מיירי באימורים ואי לא דרבי קרא הכא ה\"א דמחשב באימורים שתאכלם אש למחר הוי כמחשב לאכול דבר שדרכו להקטיר דלא הוי פיגול דאפי' השתא נמי דרבי קרא מחשב בלשון אכילה אי חישב באימורים שתאכלם אש של הדיוט למחר לא הוי פיגול אע\"ג דבשר הוי פיגול דמחשב לאכול דבר שדרכו להקטיר דדוקא אש של מזבח דמרבינן בלשון אכילה דהוי מחשב בלשון מזבח למזבח והא דקאמר התם דמצטרפין בלשון אכילה אי לאו דרבי הכא מחשב בלשון אכילה לא הוי פיגול באימורים אע\"ג דאיקרי אכילה וקצת קשיא מאי קא פריך התם אלא מעתה חישב שתאכלהו אש כו' וכי תימא ה\"נ והא תנן לאכול כחצי זית ולהקטיר כחצי זית כשר שאין אכילה והקטרה מצטרפין מאי קושיא דלמא חצי זית בשר וחצי זית אימורים לא מצטרפין שזה לאדם וזה למזבח אבל חצי זית בשר לאדם וחצי זית בשר למזבח מצטרפין משום דכתיב אכילה גבי אש ויותר קשה הא דמשני אי דאפקיה בלשון אכילה ה\"נ דמשמע דמצטרפין ואמאי מצטרפין כיון דאין מחשבין מאכילת אדם למזבח וממזבח לאכילת אדם וצ\"ל שכך היא סברא דמצטרפין כיון דאיקרי אכילה ואיתרבי הכא בלשון אכילה באימורים וקצת תימה דהתם דאייתי ראיה דכתיב אכילה באש מדכתיב תאכלהו אש לא נופח דה\"ל לאיתויי קרא דכתיב (ויקרא ו) אשר תאכל האש את העולה וכתיב (שם ט) ותאכל (האש) את העולה ואת החלבים ושמא ניחא ליה לאיתויי קרא דאש של הדיוט ומיהו גבי אש דהדיוט נמי כתיב (שמות כב) ונאכל גדיש וכי מייתי התם קרא ואת איזבל יאכלו הכלבים הוה מצי לאיתויי ולבהמתך ולחיה אשר בארצך תהיה כל תבואתה לאכול (ויקרא כה) ושמא משום דלא כתיב התם אכילה על בשר:"
                }
            ], 
            "heTitle": "תוספות על מנחות י״ז ב:א׳", 
            "indexTitle": "Tosafot on Menachot", 
            "sectionRef": "Tosafot on Menachot 17b:1", 
            "prev": "Tosafot on Menachot 17a:57", 
            "ref": "Tosafot on Menachot 17b:1", 
            "heRef": "תוספות על מנחות י״ז ב:א׳", 
            "next": "Tosafot on Menachot 17b:6"
        }, 
        "Tosafot on Menachot 17b:26": {
            "content": [], 
            "heTitle": "תוספות על מנחות י״ז ב:כ״ו", 
            "indexTitle": "Tosafot on Menachot", 
            "sectionRef": "Tosafot on Menachot 17b:26", 
            "prev": "Tosafot on Menachot 17b:13", 
            "ref": "Tosafot on Menachot 17b:26", 
            "heRef": "תוספות על מנחות י״ז ב:כ״ו", 
            "next": "Tosafot on Menachot 17b:28"
        }, 
        "Tosafot on Menachot 17b:27": {
            "content": [], 
            "heTitle": "תוספות על מנחות י״ז ב:כ״ז", 
            "indexTitle": "Tosafot on Menachot", 
            "sectionRef": "Tosafot on Menachot 17b:27", 
            "prev": "Tosafot on Menachot 17b:13", 
            "ref": "Tosafot on Menachot 17b:27", 
            "heRef": "תוספות על מנחות י״ז ב:כ״ז", 
            "next": "Tosafot on Menachot 17b:28"
        }, 
        "Tosafot on Menachot 17b:24": {
            "content": [], 
            "heTitle": "תוספות על מנחות י״ז ב:כ״ד", 
            "indexTitle": "Tosafot on Menachot", 
            "sectionRef": "Tosafot on Menachot 17b:24", 
            "prev": "Tosafot on Menachot 17b:13", 
            "ref": "Tosafot on Menachot 17b:24", 
            "heRef": "תוספות על מנחות י״ז ב:כ״ד", 
            "next": "Tosafot on Menachot 17b:28"
        }, 
        "Tosafot on Menachot 17b:25": {
            "content": [], 
            "heTitle": "תוספות על מנחות י״ז ב:כ״ה", 
            "indexTitle": "Tosafot on Menachot", 
            "sectionRef": "Tosafot on Menachot 17b:25", 
            "prev": "Tosafot on Menachot 17b:13", 
            "ref": "Tosafot on Menachot 17b:25", 
            "heRef": "תוספות על מנחות י״ז ב:כ״ה", 
            "next": "Tosafot on Menachot 17b:28"
        }, 
        "Tosafot on Menachot 17b:22": {
            "content": [], 
            "heTitle": "תוספות על מנחות י״ז ב:כ״ב", 
            "indexTitle": "Tosafot on Menachot", 
            "sectionRef": "Tosafot on Menachot 17b:22", 
            "prev": "Tosafot on Menachot 17b:13", 
            "ref": "Tosafot on Menachot 17b:22", 
            "heRef": "תוספות על מנחות י״ז ב:כ״ב", 
            "next": "Tosafot on Menachot 17b:28"
        }, 
        "Tosafot on Menachot 17b:23": {
            "content": [], 
            "heTitle": "תוספות על מנחות י״ז ב:כ״ג", 
            "indexTitle": "Tosafot on Menachot", 
            "sectionRef": "Tosafot on Menachot 17b:23", 
            "prev": "Tosafot on Menachot 17b:13", 
            "ref": "Tosafot on Menachot 17b:23", 
            "heRef": "תוספות על מנחות י״ז ב:כ״ג", 
            "next": "Tosafot on Menachot 17b:28"
        }, 
        "Tosafot on Menachot 17b:20": {
            "content": [], 
            "heTitle": "תוספות על מנחות י״ז ב:כ׳", 
            "indexTitle": "Tosafot on Menachot", 
            "sectionRef": "Tosafot on Menachot 17b:20", 
            "prev": "Tosafot on Menachot 17b:13", 
            "ref": "Tosafot on Menachot 17b:20", 
            "heRef": "תוספות על מנחות י״ז ב:כ׳", 
            "next": "Tosafot on Menachot 17b:28"
        }, 
        "Tosafot on Menachot 17b:21": {
            "content": [], 
            "heTitle": "תוספות על מנחות י״ז ב:כ״א", 
            "indexTitle": "Tosafot on Menachot", 
            "sectionRef": "Tosafot on Menachot 17b:21", 
            "prev": "Tosafot on Menachot 17b:13", 
            "ref": "Tosafot on Menachot 17b:21", 
            "heRef": "תוספות על מנחות י״ז ב:כ״א", 
            "next": "Tosafot on Menachot 17b:28"
        }, 
        "Tosafot on Menachot 17b:28": {
            "content": [
                {
                    "segmentNumber": "1", 
                    "links": [
                        {
                            "category": "Talmud", 
                            "index_title": "Menachot", 
                            "sourceHeRef": "מנחות י״ז ב:כ״ח", 
                            "sourceRef": "Menachot 17b:28"
                        }
                    ], 
                    "he": "דת\"ק סבר להניח פסולא בעלמא בהנך כרת נמי מיחייב. האי ת\"ק היינו ר\"י וקרי ליה ת\"ק משום דכולה רישא ר\"י דליכא אלא ב' מחלוקת מדקאמרינן בתר הכי ג' מחלוקות בדבר מכלל דעד השתא סבירא לן דליכא אלא ב' מחלוקות:"
                }
            ], 
            "heTitle": "תוספות על מנחות י״ז ב:כ״ח", 
            "indexTitle": "Tosafot on Menachot", 
            "sectionRef": "Tosafot on Menachot 17b:28", 
            "prev": "Tosafot on Menachot 17b:13", 
            "ref": "Tosafot on Menachot 17b:28", 
            "heRef": "תוספות על מנחות י״ז ב:כ״ח", 
            "next": "Tosafot on Menachot 18a:3"
        }, 
        "Tosafot on Menachot 17b:29": {
            "content": [], 
            "heTitle": "תוספות על מנחות י״ז ב:כ״ט", 
            "indexTitle": "Tosafot on Menachot", 
            "sectionRef": "Tosafot on Menachot 17b:29", 
            "prev": "Tosafot on Menachot 17b:28", 
            "ref": "Tosafot on Menachot 17b:29", 
            "heRef": "תוספות על מנחות י״ז ב:כ״ט", 
            "next": "Tosafot on Menachot 18a:3"
        }
    }, 
    "ref": "Tosafot on Menachot 17b"
}