{
    "sections": {
        "Ktav Yad Rashi on Menachot 88b:31": {
            "content": [], 
            "heTitle": "כתב יד רש\"י על מנחות פ״ח ב:ל״א", 
            "indexTitle": "Ktav Yad Rashi on Menachot", 
            "sectionRef": "Ktav Yad Rashi on Menachot 88b:31", 
            "prev": "Ktav Yad Rashi on Menachot 88b:25", 
            "ref": "Ktav Yad Rashi on Menachot 88b:31", 
            "heRef": "כתב יד רש\"י על מנחות פ״ח ב:ל״א", 
            "next": "Ktav Yad Rashi on Menachot 88b:32"
        }, 
        "Ktav Yad Rashi on Menachot 88b:41": {
            "content": [], 
            "heTitle": "כתב יד רש\"י על מנחות פ״ח ב:מ״א", 
            "indexTitle": "Ktav Yad Rashi on Menachot", 
            "sectionRef": "Ktav Yad Rashi on Menachot 88b:41", 
            "prev": "Ktav Yad Rashi on Menachot 88b:38", 
            "ref": "Ktav Yad Rashi on Menachot 88b:41", 
            "heRef": "כתב יד רש\"י על מנחות פ״ח ב:מ״א", 
            "next": "Ktav Yad Rashi on Menachot 88b:42"
        }, 
        "Ktav Yad Rashi on Menachot 88b:37": {
            "content": [], 
            "heTitle": "כתב יד רש\"י על מנחות פ״ח ב:ל״ז", 
            "indexTitle": "Ktav Yad Rashi on Menachot", 
            "sectionRef": "Ktav Yad Rashi on Menachot 88b:37", 
            "prev": "Ktav Yad Rashi on Menachot 88b:34", 
            "ref": "Ktav Yad Rashi on Menachot 88b:37", 
            "heRef": "כתב יד רש\"י על מנחות פ״ח ב:ל״ז", 
            "next": "Ktav Yad Rashi on Menachot 88b:38"
        }, 
        "Ktav Yad Rashi on Menachot 88b:38": {
            "content": [
                {
                    "segmentNumber": "1", 
                    "links": [
                        {
                            "category": "Talmud", 
                            "index_title": "Menachot", 
                            "sourceHeRef": "מנחות פ״ח ב:ל״ח", 
                            "sourceRef": "Menachot 88b:38"
                        }
                    ], 
                    "he": "מסלקן - לנרות מן המנורה:"
                }, 
                {
                    "segmentNumber": "2", 
                    "links": [
                        {
                            "category": "Talmud", 
                            "index_title": "Menachot", 
                            "sourceHeRef": "מנחות פ״ח ב:ל״ח", 
                            "sourceRef": "Menachot 88b:38"
                        }
                    ], 
                    "he": "ומניחן באהל - במקדש:"
                }, 
                {
                    "segmentNumber": "3", 
                    "links": [
                        {
                            "category": "Talmud", 
                            "index_title": "Menachot", 
                            "sourceHeRef": "מנחות פ״ח ב:ל״ח", 
                            "sourceRef": "Menachot 88b:38"
                        }
                    ], 
                    "he": "ומקנחו בספוג כו' - אלמא מקשה לאו אנרות קאי דאין באות מאותה חתיכה ויכול לסלקן:"
                }
            ], 
            "heTitle": "כתב יד רש\"י על מנחות פ״ח ב:ל״ח", 
            "indexTitle": "Ktav Yad Rashi on Menachot", 
            "sectionRef": "Ktav Yad Rashi on Menachot 88b:38", 
            "prev": "Ktav Yad Rashi on Menachot 88b:34", 
            "ref": "Ktav Yad Rashi on Menachot 88b:38", 
            "heRef": "כתב יד רש\"י על מנחות פ״ח ב:ל״ח", 
            "next": "Ktav Yad Rashi on Menachot 88b:42"
        }, 
        "Ktav Yad Rashi on Menachot 88b:36": {
            "content": [], 
            "heTitle": "כתב יד רש\"י על מנחות פ״ח ב:ל״ו", 
            "indexTitle": "Ktav Yad Rashi on Menachot", 
            "sectionRef": "Ktav Yad Rashi on Menachot 88b:36", 
            "prev": "Ktav Yad Rashi on Menachot 88b:34", 
            "ref": "Ktav Yad Rashi on Menachot 88b:36", 
            "heRef": "כתב יד רש\"י על מנחות פ״ח ב:ל״ו", 
            "next": "Ktav Yad Rashi on Menachot 88b:38"
        }, 
        "Ktav Yad Rashi on Menachot 88b:35": {
            "content": [], 
            "heTitle": "כתב יד רש\"י על מנחות פ״ח ב:ל״ה", 
            "indexTitle": "Ktav Yad Rashi on Menachot", 
            "sectionRef": "Ktav Yad Rashi on Menachot 88b:35", 
            "prev": "Ktav Yad Rashi on Menachot 88b:34", 
            "ref": "Ktav Yad Rashi on Menachot 88b:35", 
            "heRef": "כתב יד רש\"י על מנחות פ״ח ב:ל״ה", 
            "next": "Ktav Yad Rashi on Menachot 88b:38"
        }, 
        "Ktav Yad Rashi on Menachot 88b:11": {
            "content": [], 
            "heTitle": "כתב יד רש\"י על מנחות פ״ח ב:י״א", 
            "indexTitle": "Ktav Yad Rashi on Menachot", 
            "sectionRef": "Ktav Yad Rashi on Menachot 88b:11", 
            "prev": "Ktav Yad Rashi on Menachot 88b:10", 
            "ref": "Ktav Yad Rashi on Menachot 88b:11", 
            "heRef": "כתב יד רש\"י על מנחות פ״ח ב:י״א", 
            "next": "Ktav Yad Rashi on Menachot 88b:17"
        }, 
        "Ktav Yad Rashi on Menachot 88b:10": {
            "content": [
                {
                    "segmentNumber": "1", 
                    "links": [
                        {
                            "category": "Talmud", 
                            "index_title": "Menachot", 
                            "sourceHeRef": "מנחות פ״ח ב:י׳", 
                            "sourceRef": "Menachot 88b:10"
                        }
                    ], 
                    "he": "והא מים קדושים כתיב - דאמרינן בספרי אין מים קדושים אלא שנתקדשו בכיור אלמא כבר קדשו להו:"
                }, 
                {
                    "segmentNumber": "2", 
                    "links": [
                        {
                            "category": "Talmud", 
                            "index_title": "Menachot", 
                            "sourceHeRef": "מנחות פ״ח ב:י׳", 
                            "sourceRef": "Menachot 88b:10"
                        }
                    ], 
                    "he": "ה\"ג חצי לוג למה נמשח אי סוטה חולין הוא מים קדושים כתיב אי תודה כו':"
                }
            ], 
            "heTitle": "כתב יד רש\"י על מנחות פ״ח ב:י׳", 
            "indexTitle": "Ktav Yad Rashi on Menachot", 
            "sectionRef": "Ktav Yad Rashi on Menachot 88b:10", 
            "prev": "Ktav Yad Rashi on Menachot 88b:8", 
            "ref": "Ktav Yad Rashi on Menachot 88b:10", 
            "heRef": "כתב יד רש\"י על מנחות פ״ח ב:י׳", 
            "next": "Ktav Yad Rashi on Menachot 88b:17"
        }, 
        "Ktav Yad Rashi on Menachot 88b:13": {
            "content": [], 
            "heTitle": "כתב יד רש\"י על מנחות פ״ח ב:י״ג", 
            "indexTitle": "Ktav Yad Rashi on Menachot", 
            "sectionRef": "Ktav Yad Rashi on Menachot 88b:13", 
            "prev": "Ktav Yad Rashi on Menachot 88b:10", 
            "ref": "Ktav Yad Rashi on Menachot 88b:13", 
            "heRef": "כתב יד רש\"י על מנחות פ״ח ב:י״ג", 
            "next": "Ktav Yad Rashi on Menachot 88b:17"
        }, 
        "Ktav Yad Rashi on Menachot 88b:12": {
            "content": [], 
            "heTitle": "כתב יד רש\"י על מנחות פ״ח ב:י״ב", 
            "indexTitle": "Ktav Yad Rashi on Menachot", 
            "sectionRef": "Ktav Yad Rashi on Menachot 88b:12", 
            "prev": "Ktav Yad Rashi on Menachot 88b:10", 
            "ref": "Ktav Yad Rashi on Menachot 88b:12", 
            "heRef": "כתב יד רש\"י על מנחות פ״ח ב:י״ב", 
            "next": "Ktav Yad Rashi on Menachot 88b:17"
        }, 
        "Ktav Yad Rashi on Menachot 88b:15": {
            "content": [], 
            "heTitle": "כתב יד רש\"י על מנחות פ״ח ב:ט״ו", 
            "indexTitle": "Ktav Yad Rashi on Menachot", 
            "sectionRef": "Ktav Yad Rashi on Menachot 88b:15", 
            "prev": "Ktav Yad Rashi on Menachot 88b:10", 
            "ref": "Ktav Yad Rashi on Menachot 88b:15", 
            "heRef": "כתב יד רש\"י על מנחות פ״ח ב:ט״ו", 
            "next": "Ktav Yad Rashi on Menachot 88b:17"
        }, 
        "Ktav Yad Rashi on Menachot 88b:14": {
            "content": [], 
            "heTitle": "כתב יד רש\"י על מנחות פ״ח ב:י״ד", 
            "indexTitle": "Ktav Yad Rashi on Menachot", 
            "sectionRef": "Ktav Yad Rashi on Menachot 88b:14", 
            "prev": "Ktav Yad Rashi on Menachot 88b:10", 
            "ref": "Ktav Yad Rashi on Menachot 88b:14", 
            "heRef": "כתב יד רש\"י על מנחות פ״ח ב:י״ד", 
            "next": "Ktav Yad Rashi on Menachot 88b:17"
        }, 
        "Ktav Yad Rashi on Menachot 88b:17": {
            "content": [
                {
                    "segmentNumber": "1", 
                    "links": [
                        {
                            "category": "Talmud", 
                            "index_title": "Menachot", 
                            "sourceHeRef": "מנחות פ״ח ב:י״ז", 
                            "sourceRef": "Menachot 88b:17"
                        }
                    ], 
                    "he": "נדשן השמן - כלומר נתמלא [שמנו] מדשן הפתילה אינו יכול להדליקו עד שמדשנו:"
                }
            ], 
            "heTitle": "כתב יד רש\"י על מנחות פ״ח ב:י״ז", 
            "indexTitle": "Ktav Yad Rashi on Menachot", 
            "sectionRef": "Ktav Yad Rashi on Menachot 88b:17", 
            "prev": "Ktav Yad Rashi on Menachot 88b:10", 
            "ref": "Ktav Yad Rashi on Menachot 88b:17", 
            "heRef": "כתב יד רש\"י על מנחות פ״ח ב:י״ז", 
            "next": "Ktav Yad Rashi on Menachot 88b:21"
        }, 
        "Ktav Yad Rashi on Menachot 88b:16": {
            "content": [], 
            "heTitle": "כתב יד רש\"י על מנחות פ״ח ב:ט״ז", 
            "indexTitle": "Ktav Yad Rashi on Menachot", 
            "sectionRef": "Ktav Yad Rashi on Menachot 88b:16", 
            "prev": "Ktav Yad Rashi on Menachot 88b:10", 
            "ref": "Ktav Yad Rashi on Menachot 88b:16", 
            "heRef": "כתב יד רש\"י על מנחות פ״ח ב:ט״ז", 
            "next": "Ktav Yad Rashi on Menachot 88b:17"
        }, 
        "Ktav Yad Rashi on Menachot 88b:19": {
            "content": [], 
            "heTitle": "כתב יד רש\"י על מנחות פ״ח ב:י״ט", 
            "indexTitle": "Ktav Yad Rashi on Menachot", 
            "sectionRef": "Ktav Yad Rashi on Menachot 88b:19", 
            "prev": "Ktav Yad Rashi on Menachot 88b:17", 
            "ref": "Ktav Yad Rashi on Menachot 88b:19", 
            "heRef": "כתב יד רש\"י על מנחות פ״ח ב:י״ט", 
            "next": "Ktav Yad Rashi on Menachot 88b:21"
        }, 
        "Ktav Yad Rashi on Menachot 88b:18": {
            "content": [], 
            "heTitle": "כתב יד רש\"י על מנחות פ״ח ב:י״ח", 
            "indexTitle": "Ktav Yad Rashi on Menachot", 
            "sectionRef": "Ktav Yad Rashi on Menachot 88b:18", 
            "prev": "Ktav Yad Rashi on Menachot 88b:17", 
            "ref": "Ktav Yad Rashi on Menachot 88b:18", 
            "heRef": "כתב יד רש\"י על מנחות פ״ח ב:י״ח", 
            "next": "Ktav Yad Rashi on Menachot 88b:21"
        }, 
        "Ktav Yad Rashi on Menachot 88b:34": {
            "content": [
                {
                    "segmentNumber": "1", 
                    "links": [
                        {
                            "category": "Talmud", 
                            "index_title": "Menachot", 
                            "sourceHeRef": "מנחות פ״ח ב:ל״ד", 
                            "sourceRef": "Menachot 88b:34"
                        }
                    ], 
                    "he": "קסבר כי כתיב ככר ומקשה - דמשמע מחתיכה אחת יעשה הכל:"
                }, 
                {
                    "segmentNumber": "2", 
                    "links": [
                        {
                            "category": "Talmud", 
                            "index_title": "Menachot", 
                            "sourceHeRef": "מנחות פ״ח ב:ל״ד", 
                            "sourceRef": "Menachot 88b:34"
                        }
                    ], 
                    "he": "אמנורה ונרותיה - הנרות הם מחוברים בה מאותה חתיכה עצמה ואין יכול לסלקן בשעת הטבה לגרוף את הדשן ואי לאו דמפרקא הואי שיכול לכופפה לא היה מתטייבה יפה:"
                }
            ], 
            "heTitle": "כתב יד רש\"י על מנחות פ״ח ב:ל״ד", 
            "indexTitle": "Ktav Yad Rashi on Menachot", 
            "sectionRef": "Ktav Yad Rashi on Menachot 88b:34", 
            "prev": "Ktav Yad Rashi on Menachot 88b:32", 
            "ref": "Ktav Yad Rashi on Menachot 88b:34", 
            "heRef": "כתב יד רש\"י על מנחות פ״ח ב:ל״ד", 
            "next": "Ktav Yad Rashi on Menachot 88b:38"
        }, 
        "Ktav Yad Rashi on Menachot 88b:39": {
            "content": [], 
            "heTitle": "כתב יד רש\"י על מנחות פ״ח ב:ל״ט", 
            "indexTitle": "Ktav Yad Rashi on Menachot", 
            "sectionRef": "Ktav Yad Rashi on Menachot 88b:39", 
            "prev": "Ktav Yad Rashi on Menachot 88b:38", 
            "ref": "Ktav Yad Rashi on Menachot 88b:39", 
            "heRef": "כתב יד רש\"י על מנחות פ״ח ב:ל״ט", 
            "next": "Ktav Yad Rashi on Menachot 88b:42"
        }, 
        "Ktav Yad Rashi on Menachot 88b:32": {
            "content": [
                {
                    "segmentNumber": "1", 
                    "links": [
                        {
                            "category": "Talmud", 
                            "index_title": "Menachot", 
                            "sourceHeRef": "מנחות פ״ח ב:ל״ב", 
                            "sourceRef": "Menachot 88b:32"
                        }
                    ], 
                    "he": "נר של מקדש - נרות של מנורה שבהן נותנין את השמן והפתילה:"
                }, 
                {
                    "segmentNumber": "2", 
                    "links": [
                        {
                            "category": "Talmud", 
                            "index_title": "Menachot", 
                            "sourceHeRef": "מנחות פ״ח ב:ל״ב", 
                            "sourceRef": "Menachot 88b:32"
                        }
                    ], 
                    "he": "של פרקים - של חוליות לא של חוליות ממש שיוכל לפורקן ולסלקן מן המנורה אלא שיכול לכופפה למטה ולזוקפה במקומה ובלעז פליירי':"
                }
            ], 
            "heTitle": "כתב יד רש\"י על מנחות פ״ח ב:ל״ב", 
            "indexTitle": "Ktav Yad Rashi on Menachot", 
            "sectionRef": "Ktav Yad Rashi on Menachot 88b:32", 
            "prev": "Ktav Yad Rashi on Menachot 88b:25", 
            "ref": "Ktav Yad Rashi on Menachot 88b:32", 
            "heRef": "כתב יד רש\"י על מנחות פ״ח ב:ל״ב", 
            "next": "Ktav Yad Rashi on Menachot 88b:34"
        }, 
        "Ktav Yad Rashi on Menachot 88b:1": {
            "content": [
                {
                    "segmentNumber": "1", 
                    "links": [
                        {
                            "category": "Talmud", 
                            "index_title": "Menachot", 
                            "sourceHeRef": "מנחות פ״ח ב:א׳", 
                            "sourceRef": "Menachot 88b:1"
                        }
                    ], 
                    "he": "גמ' חוץ הוא - מחוץ למחנה היו מטהרין את המצורע ולמה להו לקדושי:"
                }
            ], 
            "heTitle": "כתב יד רש\"י על מנחות פ״ח ב:א׳", 
            "indexTitle": "Ktav Yad Rashi on Menachot", 
            "sectionRef": "Ktav Yad Rashi on Menachot 88b:1", 
            "prev": "Ktav Yad Rashi on Menachot 88a:52", 
            "ref": "Ktav Yad Rashi on Menachot 88b:1", 
            "heRef": "כתב יד רש\"י על מנחות פ״ח ב:א׳", 
            "next": "Ktav Yad Rashi on Menachot 88b:2"
        }, 
        "Ktav Yad Rashi on Menachot 88b:3": {
            "content": [], 
            "heTitle": "כתב יד רש\"י על מנחות פ״ח ב:ג׳", 
            "indexTitle": "Ktav Yad Rashi on Menachot", 
            "sectionRef": "Ktav Yad Rashi on Menachot 88b:3", 
            "prev": "Ktav Yad Rashi on Menachot 88b:2", 
            "ref": "Ktav Yad Rashi on Menachot 88b:3", 
            "heRef": "כתב יד רש\"י על מנחות פ״ח ב:ג׳", 
            "next": "Ktav Yad Rashi on Menachot 88b:4"
        }, 
        "Ktav Yad Rashi on Menachot 88b:2": {
            "content": [
                {
                    "segmentNumber": "1", 
                    "links": [
                        {
                            "category": "Talmud", 
                            "index_title": "Menachot", 
                            "sourceHeRef": "מנחות פ״ח ב:ב׳", 
                            "sourceRef": "Menachot 88b:2"
                        }
                    ], 
                    "he": "ואי נזיר - שמקדש רביעית ללחמי נזיר:"
                }, 
                {
                    "segmentNumber": "2", 
                    "links": [
                        {
                            "category": "Talmud", 
                            "index_title": "Menachot", 
                            "sourceHeRef": "מנחות פ״ח ב:ב׳", 
                            "sourceRef": "Menachot 88b:2"
                        }
                    ], 
                    "he": "לחם בשחיטת איל הוא דקדיש - ולא בשמן כדאמרי' בפ' התודה למה ליה לשמן כלי שרת הא לאחר אפייתו [לא קדוש] הוא עד שחיטת האיל:"
                }
            ], 
            "heTitle": "כתב יד רש\"י על מנחות פ״ח ב:ב׳", 
            "indexTitle": "Ktav Yad Rashi on Menachot", 
            "sectionRef": "Ktav Yad Rashi on Menachot 88b:2", 
            "prev": "Ktav Yad Rashi on Menachot 88b:1", 
            "ref": "Ktav Yad Rashi on Menachot 88b:2", 
            "heRef": "כתב יד רש\"י על מנחות פ״ח ב:ב׳", 
            "next": "Ktav Yad Rashi on Menachot 88b:4"
        }, 
        "Ktav Yad Rashi on Menachot 88b:5": {
            "content": [
                {
                    "segmentNumber": "1", 
                    "links": [
                        {
                            "category": "Talmud", 
                            "index_title": "Menachot", 
                            "sourceHeRef": "מנחות פ״ח ב:ה׳", 
                            "sourceRef": "Menachot 88b:5"
                        }
                    ], 
                    "he": "מארץ מרחק - ר' חייא עלה מבבל כדאיתא בפ\"ק דסוכה:"
                }
            ], 
            "heTitle": "כתב יד רש\"י על מנחות פ״ח ב:ה׳", 
            "indexTitle": "Ktav Yad Rashi on Menachot", 
            "sectionRef": "Ktav Yad Rashi on Menachot 88b:5", 
            "prev": "Ktav Yad Rashi on Menachot 88b:4", 
            "ref": "Ktav Yad Rashi on Menachot 88b:5", 
            "heRef": "כתב יד רש\"י על מנחות פ״ח ב:ה׳", 
            "next": "Ktav Yad Rashi on Menachot 88b:8"
        }, 
        "Ktav Yad Rashi on Menachot 88b:4": {
            "content": [
                {
                    "segmentNumber": "1", 
                    "links": [
                        {
                            "category": "Talmud", 
                            "index_title": "Menachot", 
                            "sourceHeRef": "מנחות פ״ח ב:ד׳", 
                            "sourceRef": "Menachot 88b:4"
                        }
                    ], 
                    "he": "רביעית שמן לכל חלה וחלה - דשש חלות היו בבוקר ולוג ומחצה שמן היינו רביעית לכל חלה:"
                }
            ], 
            "heTitle": "כתב יד רש\"י על מנחות פ״ח ב:ד׳", 
            "indexTitle": "Ktav Yad Rashi on Menachot", 
            "sectionRef": "Ktav Yad Rashi on Menachot 88b:4", 
            "prev": "Ktav Yad Rashi on Menachot 88b:2", 
            "ref": "Ktav Yad Rashi on Menachot 88b:4", 
            "heRef": "כתב יד רש\"י על מנחות פ״ח ב:ד׳", 
            "next": "Ktav Yad Rashi on Menachot 88b:5"
        }, 
        "Ktav Yad Rashi on Menachot 88b:7": {
            "content": [], 
            "heTitle": "כתב יד רש\"י על מנחות פ״ח ב:ז׳", 
            "indexTitle": "Ktav Yad Rashi on Menachot", 
            "sectionRef": "Ktav Yad Rashi on Menachot 88b:7", 
            "prev": "Ktav Yad Rashi on Menachot 88b:5", 
            "ref": "Ktav Yad Rashi on Menachot 88b:7", 
            "heRef": "כתב יד רש\"י על מנחות פ״ח ב:ז׳", 
            "next": "Ktav Yad Rashi on Menachot 88b:8"
        }, 
        "Ktav Yad Rashi on Menachot 88b:6": {
            "content": [], 
            "heTitle": "כתב יד רש\"י על מנחות פ״ח ב:ו׳", 
            "indexTitle": "Ktav Yad Rashi on Menachot", 
            "sectionRef": "Ktav Yad Rashi on Menachot 88b:6", 
            "prev": "Ktav Yad Rashi on Menachot 88b:5", 
            "ref": "Ktav Yad Rashi on Menachot 88b:6", 
            "heRef": "כתב יד רש\"י על מנחות פ״ח ב:ו׳", 
            "next": "Ktav Yad Rashi on Menachot 88b:8"
        }, 
        "Ktav Yad Rashi on Menachot 88b:9": {
            "content": [], 
            "heTitle": "כתב יד רש\"י על מנחות פ״ח ב:ט׳", 
            "indexTitle": "Ktav Yad Rashi on Menachot", 
            "sectionRef": "Ktav Yad Rashi on Menachot 88b:9", 
            "prev": "Ktav Yad Rashi on Menachot 88b:8", 
            "ref": "Ktav Yad Rashi on Menachot 88b:9", 
            "heRef": "כתב יד רש\"י על מנחות פ״ח ב:ט׳", 
            "next": "Ktav Yad Rashi on Menachot 88b:10"
        }, 
        "Ktav Yad Rashi on Menachot 88b:8": {
            "content": [
                {
                    "segmentNumber": "1", 
                    "links": [
                        {
                            "category": "Talmud", 
                            "index_title": "Menachot", 
                            "sourceHeRef": "מנחות פ״ח ב:ח׳", 
                            "sourceRef": "Menachot 88b:8"
                        }
                    ], 
                    "he": "חצי לוג למה נמשח אי לחצי לוג מים דסוטה חולין הוא - בתמיה וכי חולין הם המים שיהא צריך לקדשן:"
                }
            ], 
            "heTitle": "כתב יד רש\"י על מנחות פ״ח ב:ח׳", 
            "indexTitle": "Ktav Yad Rashi on Menachot", 
            "sectionRef": "Ktav Yad Rashi on Menachot 88b:8", 
            "prev": "Ktav Yad Rashi on Menachot 88b:5", 
            "ref": "Ktav Yad Rashi on Menachot 88b:8", 
            "heRef": "כתב יד רש\"י על מנחות פ״ח ב:ח׳", 
            "next": "Ktav Yad Rashi on Menachot 88b:10"
        }, 
        "Ktav Yad Rashi on Menachot 88b:30": {
            "content": [], 
            "heTitle": "כתב יד רש\"י על מנחות פ״ח ב:ל׳", 
            "indexTitle": "Ktav Yad Rashi on Menachot", 
            "sectionRef": "Ktav Yad Rashi on Menachot 88b:30", 
            "prev": "Ktav Yad Rashi on Menachot 88b:25", 
            "ref": "Ktav Yad Rashi on Menachot 88b:30", 
            "heRef": "כתב יד רש\"י על מנחות פ״ח ב:ל׳", 
            "next": "Ktav Yad Rashi on Menachot 88b:32"
        }, 
        "Ktav Yad Rashi on Menachot 88b:46": {
            "content": [], 
            "heTitle": "כתב יד רש\"י על מנחות פ״ח ב:מ״ו", 
            "indexTitle": "Ktav Yad Rashi on Menachot", 
            "sectionRef": "Ktav Yad Rashi on Menachot 88b:46", 
            "prev": "Ktav Yad Rashi on Menachot 88b:44", 
            "ref": "Ktav Yad Rashi on Menachot 88b:46", 
            "heRef": "כתב יד רש\"י על מנחות פ״ח ב:מ״ו", 
            "next": "Ktav Yad Rashi on Menachot 88b:48"
        }, 
        "Ktav Yad Rashi on Menachot 88b:47": {
            "content": [], 
            "heTitle": "כתב יד רש\"י על מנחות פ״ח ב:מ״ז", 
            "indexTitle": "Ktav Yad Rashi on Menachot", 
            "sectionRef": "Ktav Yad Rashi on Menachot 88b:47", 
            "prev": "Ktav Yad Rashi on Menachot 88b:44", 
            "ref": "Ktav Yad Rashi on Menachot 88b:47", 
            "heRef": "כתב יד רש\"י על מנחות פ״ח ב:מ״ז", 
            "next": "Ktav Yad Rashi on Menachot 88b:48"
        }, 
        "Ktav Yad Rashi on Menachot 88b:33": {
            "content": [], 
            "heTitle": "כתב יד רש\"י על מנחות פ״ח ב:ל״ג", 
            "indexTitle": "Ktav Yad Rashi on Menachot", 
            "sectionRef": "Ktav Yad Rashi on Menachot 88b:33", 
            "prev": "Ktav Yad Rashi on Menachot 88b:32", 
            "ref": "Ktav Yad Rashi on Menachot 88b:33", 
            "heRef": "כתב יד רש\"י על מנחות פ״ח ב:ל״ג", 
            "next": "Ktav Yad Rashi on Menachot 88b:34"
        }, 
        "Ktav Yad Rashi on Menachot 88b:44": {
            "content": [
                {
                    "segmentNumber": "1", 
                    "links": [
                        {
                            "category": "Talmud", 
                            "index_title": "Menachot", 
                            "sourceHeRef": "מנחות פ״ח ב:מ״ד", 
                            "sourceRef": "Menachot 88b:44"
                        }
                    ], 
                    "he": "אלא אימא לא היתה זזה - שאין יכול לסלקה:"
                }
            ], 
            "heTitle": "כתב יד רש\"י על מנחות פ״ח ב:מ״ד", 
            "indexTitle": "Ktav Yad Rashi on Menachot", 
            "sectionRef": "Ktav Yad Rashi on Menachot 88b:44", 
            "prev": "Ktav Yad Rashi on Menachot 88b:42", 
            "ref": "Ktav Yad Rashi on Menachot 88b:44", 
            "heRef": "כתב יד רש\"י על מנחות פ״ח ב:מ״ד", 
            "next": "Ktav Yad Rashi on Menachot 88b:48"
        }, 
        "Ktav Yad Rashi on Menachot 88b:45": {
            "content": [], 
            "heTitle": "כתב יד רש\"י על מנחות פ״ח ב:מ״ה", 
            "indexTitle": "Ktav Yad Rashi on Menachot", 
            "sectionRef": "Ktav Yad Rashi on Menachot 88b:45", 
            "prev": "Ktav Yad Rashi on Menachot 88b:44", 
            "ref": "Ktav Yad Rashi on Menachot 88b:45", 
            "heRef": "כתב יד רש\"י על מנחות פ״ח ב:מ״ה", 
            "next": "Ktav Yad Rashi on Menachot 88b:48"
        }, 
        "Ktav Yad Rashi on Menachot 88b:42": {
            "content": [
                {
                    "segmentNumber": "1", 
                    "links": [
                        {
                            "category": "Talmud", 
                            "index_title": "Menachot", 
                            "sourceHeRef": "מנחות פ״ח ב:מ״ב", 
                            "sourceRef": "Menachot 88b:42"
                        }
                    ], 
                    "he": "מצי מזיז לה - בתמיה ואי הוה מצי מזיז לה אמאי לא הוה מזיז לה לקנחה יפה יפה:"
                }
            ], 
            "heTitle": "כתב יד רש\"י על מנחות פ״ח ב:מ״ב", 
            "indexTitle": "Ktav Yad Rashi on Menachot", 
            "sectionRef": "Ktav Yad Rashi on Menachot 88b:42", 
            "prev": "Ktav Yad Rashi on Menachot 88b:38", 
            "ref": "Ktav Yad Rashi on Menachot 88b:42", 
            "heRef": "כתב יד רש\"י על מנחות פ״ח ב:מ״ב", 
            "next": "Ktav Yad Rashi on Menachot 88b:44"
        }, 
        "Ktav Yad Rashi on Menachot 88b:43": {
            "content": [], 
            "heTitle": "כתב יד רש\"י על מנחות פ״ח ב:מ״ג", 
            "indexTitle": "Ktav Yad Rashi on Menachot", 
            "sectionRef": "Ktav Yad Rashi on Menachot 88b:43", 
            "prev": "Ktav Yad Rashi on Menachot 88b:42", 
            "ref": "Ktav Yad Rashi on Menachot 88b:43", 
            "heRef": "כתב יד רש\"י על מנחות פ״ח ב:מ״ג", 
            "next": "Ktav Yad Rashi on Menachot 88b:44"
        }, 
        "Ktav Yad Rashi on Menachot 88b:28": {
            "content": [], 
            "heTitle": "כתב יד רש\"י על מנחות פ״ח ב:כ״ח", 
            "indexTitle": "Ktav Yad Rashi on Menachot", 
            "sectionRef": "Ktav Yad Rashi on Menachot 88b:28", 
            "prev": "Ktav Yad Rashi on Menachot 88b:25", 
            "ref": "Ktav Yad Rashi on Menachot 88b:28", 
            "heRef": "כתב יד רש\"י על מנחות פ״ח ב:כ״ח", 
            "next": "Ktav Yad Rashi on Menachot 88b:32"
        }, 
        "Ktav Yad Rashi on Menachot 88b:29": {
            "content": [], 
            "heTitle": "כתב יד רש\"י על מנחות פ״ח ב:כ״ט", 
            "indexTitle": "Ktav Yad Rashi on Menachot", 
            "sectionRef": "Ktav Yad Rashi on Menachot 88b:29", 
            "prev": "Ktav Yad Rashi on Menachot 88b:25", 
            "ref": "Ktav Yad Rashi on Menachot 88b:29", 
            "heRef": "כתב יד רש\"י על מנחות פ״ח ב:כ״ט", 
            "next": "Ktav Yad Rashi on Menachot 88b:32"
        }, 
        "Ktav Yad Rashi on Menachot 88b:40": {
            "content": [], 
            "heTitle": "כתב יד רש\"י על מנחות פ״ח ב:מ׳", 
            "indexTitle": "Ktav Yad Rashi on Menachot", 
            "sectionRef": "Ktav Yad Rashi on Menachot 88b:40", 
            "prev": "Ktav Yad Rashi on Menachot 88b:38", 
            "ref": "Ktav Yad Rashi on Menachot 88b:40", 
            "heRef": "כתב יד רש\"י על מנחות פ״ח ב:מ׳", 
            "next": "Ktav Yad Rashi on Menachot 88b:42"
        }, 
        "Ktav Yad Rashi on Menachot 88b:48": {
            "content": [
                {
                    "segmentNumber": "1", 
                    "links": [
                        {
                            "category": "Talmud", 
                            "index_title": "Menachot", 
                            "sourceHeRef": "מנחות פ״ח ב:מ״ח", 
                            "sourceRef": "Menachot 88b:48"
                        }
                    ], 
                    "he": "על גבה - [על כל] נר לכסויי והנר היתה ארוכה כמין ספינה קטנה:"
                }, 
                {
                    "segmentNumber": "2", 
                    "links": [
                        {
                            "category": "Talmud", 
                            "index_title": "Menachot", 
                            "sourceHeRef": "מנחות פ״ח ב:מ״ח", 
                            "sourceRef": "Menachot 88b:48"
                        }
                    ], 
                    "he": "כשהוא מטיבה - לנר דוחק לטס כלפי פיה והנר מתגלה וכופפה הנר למטה:"
                }, 
                {
                    "segmentNumber": "3", 
                    "links": [
                        {
                            "category": "Talmud", 
                            "index_title": "Menachot", 
                            "sourceHeRef": "מנחות פ״ח ב:מ״ח", 
                            "sourceRef": "Menachot 88b:48"
                        }
                    ], 
                    "he": "וכשהוא נותן בה שמו - לאחר שזקפה בתחלה דוחק את הטס:"
                }, 
                {
                    "segmentNumber": "4", 
                    "links": [
                        {
                            "category": "Talmud", 
                            "index_title": "Menachot", 
                            "sourceHeRef": "מנחות פ״ח ב:מ״ח", 
                            "sourceRef": "Menachot 88b:48"
                        }
                    ], 
                    "he": "כלפי ראשה - ראש שהוא מחובר למנורה והטס היה מנוקב באמצע ונגד הנקב נותן את השמן לתוך הנר. פיה מקום שהוא הפתילה:"
                }
            ], 
            "heTitle": "כתב יד רש\"י על מנחות פ״ח ב:מ״ח", 
            "indexTitle": "Ktav Yad Rashi on Menachot", 
            "sectionRef": "Ktav Yad Rashi on Menachot 88b:48", 
            "prev": "Ktav Yad Rashi on Menachot 88b:44", 
            "ref": "Ktav Yad Rashi on Menachot 88b:48", 
            "heRef": "כתב יד רש\"י על מנחות פ״ח ב:מ״ח", 
            "next": "Ktav Yad Rashi on Menachot 89a:1"
        }, 
        "Ktav Yad Rashi on Menachot 88b:20": {
            "content": [], 
            "heTitle": "כתב יד רש\"י על מנחות פ״ח ב:כ׳", 
            "indexTitle": "Ktav Yad Rashi on Menachot", 
            "sectionRef": "Ktav Yad Rashi on Menachot 88b:20", 
            "prev": "Ktav Yad Rashi on Menachot 88b:17", 
            "ref": "Ktav Yad Rashi on Menachot 88b:20", 
            "heRef": "כתב יד רש\"י על מנחות פ״ח ב:כ׳", 
            "next": "Ktav Yad Rashi on Menachot 88b:21"
        }, 
        "Ktav Yad Rashi on Menachot 88b:21": {
            "content": [
                {
                    "segmentNumber": "1", 
                    "links": [
                        {
                            "category": "Talmud", 
                            "index_title": "Menachot", 
                            "sourceHeRef": "מנחות פ״ח ב:כ״א", 
                            "sourceRef": "Menachot 88b:21"
                        }
                    ], 
                    "he": "כמדה ראשונה - חצי לוג:"
                }
            ], 
            "heTitle": "כתב יד רש\"י על מנחות פ״ח ב:כ״א", 
            "indexTitle": "Ktav Yad Rashi on Menachot", 
            "sectionRef": "Ktav Yad Rashi on Menachot 88b:21", 
            "prev": "Ktav Yad Rashi on Menachot 88b:17", 
            "ref": "Ktav Yad Rashi on Menachot 88b:21", 
            "heRef": "כתב יד רש\"י על מנחות פ״ח ב:כ״א", 
            "next": "Ktav Yad Rashi on Menachot 88b:23"
        }, 
        "Ktav Yad Rashi on Menachot 88b:22": {
            "content": [], 
            "heTitle": "כתב יד רש\"י על מנחות פ״ח ב:כ״ב", 
            "indexTitle": "Ktav Yad Rashi on Menachot", 
            "sectionRef": "Ktav Yad Rashi on Menachot 88b:22", 
            "prev": "Ktav Yad Rashi on Menachot 88b:21", 
            "ref": "Ktav Yad Rashi on Menachot 88b:22", 
            "heRef": "כתב יד רש\"י על מנחות פ״ח ב:כ״ב", 
            "next": "Ktav Yad Rashi on Menachot 88b:23"
        }, 
        "Ktav Yad Rashi on Menachot 88b:23": {
            "content": [
                {
                    "segmentNumber": "1", 
                    "links": [
                        {
                            "category": "Talmud", 
                            "index_title": "Menachot", 
                            "sourceHeRef": "מנחות פ״ח ב:כ״ג", 
                            "sourceRef": "Menachot 88b:23"
                        }
                    ], 
                    "he": "אי כמה שחסרה - כלומר אותה מדה שהשליך לחוץ:"
                }
            ], 
            "heTitle": "כתב יד רש\"י על מנחות פ״ח ב:כ״ג", 
            "indexTitle": "Ktav Yad Rashi on Menachot", 
            "sectionRef": "Ktav Yad Rashi on Menachot 88b:23", 
            "prev": "Ktav Yad Rashi on Menachot 88b:21", 
            "ref": "Ktav Yad Rashi on Menachot 88b:23", 
            "heRef": "כתב יד רש\"י על מנחות פ״ח ב:כ״ג", 
            "next": "Ktav Yad Rashi on Menachot 88b:24"
        }, 
        "Ktav Yad Rashi on Menachot 88b:24": {
            "content": [
                {
                    "segmentNumber": "1", 
                    "links": [
                        {
                            "category": "Talmud", 
                            "index_title": "Menachot", 
                            "sourceHeRef": "מנחות פ״ח ב:כ״ד", 
                            "sourceRef": "Menachot 88b:24"
                        }
                    ], 
                    "he": "דמשער ליה - קודם שישליכנה יתנהו במדה אחת:"
                }
            ], 
            "heTitle": "כתב יד רש\"י על מנחות פ״ח ב:כ״ד", 
            "indexTitle": "Ktav Yad Rashi on Menachot", 
            "sectionRef": "Ktav Yad Rashi on Menachot 88b:24", 
            "prev": "Ktav Yad Rashi on Menachot 88b:23", 
            "ref": "Ktav Yad Rashi on Menachot 88b:24", 
            "heRef": "כתב יד רש\"י על מנחות פ״ח ב:כ״ד", 
            "next": "Ktav Yad Rashi on Menachot 88b:25"
        }, 
        "Ktav Yad Rashi on Menachot 88b:25": {
            "content": [
                {
                    "segmentNumber": "1", 
                    "links": [
                        {
                            "category": "Talmud", 
                            "index_title": "Menachot", 
                            "sourceHeRef": "מנחות פ״ח ב:כ״ה", 
                            "sourceRef": "Menachot 88b:25"
                        }
                    ], 
                    "he": "א\"כ כו' והדרך - וחידודך כלומר מחודד אתה דהכי דרשינן במסכת [שבת ס\"ג ע\"א] והדרך צלח רכב אלו שני תלמידי חכמים שמחדדין זה את זה בהלכה:"
                }, 
                {
                    "segmentNumber": "2", 
                    "links": [
                        {
                            "category": "Talmud", 
                            "index_title": "Menachot", 
                            "sourceHeRef": "מנחות פ״ח ב:כ״ה", 
                            "sourceRef": "Menachot 88b:25"
                        }
                    ], 
                    "he": "על דבר אמת - שיפה (צערתני) [השבתני]:"
                }
            ], 
            "heTitle": "כתב יד רש\"י על מנחות פ״ח ב:כ״ה", 
            "indexTitle": "Ktav Yad Rashi on Menachot", 
            "sectionRef": "Ktav Yad Rashi on Menachot 88b:25", 
            "prev": "Ktav Yad Rashi on Menachot 88b:24", 
            "ref": "Ktav Yad Rashi on Menachot 88b:25", 
            "heRef": "כתב יד רש\"י על מנחות פ״ח ב:כ״ה", 
            "next": "Ktav Yad Rashi on Menachot 88b:32"
        }, 
        "Ktav Yad Rashi on Menachot 88b:26": {
            "content": [], 
            "heTitle": "כתב יד רש\"י על מנחות פ״ח ב:כ״ו", 
            "indexTitle": "Ktav Yad Rashi on Menachot", 
            "sectionRef": "Ktav Yad Rashi on Menachot 88b:26", 
            "prev": "Ktav Yad Rashi on Menachot 88b:25", 
            "ref": "Ktav Yad Rashi on Menachot 88b:26", 
            "heRef": "כתב יד רש\"י על מנחות פ״ח ב:כ״ו", 
            "next": "Ktav Yad Rashi on Menachot 88b:32"
        }, 
        "Ktav Yad Rashi on Menachot 88b:27": {
            "content": [], 
            "heTitle": "כתב יד רש\"י על מנחות פ״ח ב:כ״ז", 
            "indexTitle": "Ktav Yad Rashi on Menachot", 
            "sectionRef": "Ktav Yad Rashi on Menachot 88b:27", 
            "prev": "Ktav Yad Rashi on Menachot 88b:25", 
            "ref": "Ktav Yad Rashi on Menachot 88b:27", 
            "heRef": "כתב יד רש\"י על מנחות פ״ח ב:כ״ז", 
            "next": "Ktav Yad Rashi on Menachot 88b:32"
        }
    }, 
    "ref": "Ktav Yad Rashi on Menachot 88b"
}