{
    "heTitleVariants": [
        "מלבי\"ם באור המילות על יחזקאל"
    ], 
    "heTitle": "מלבי\"ם באור המילות על יחזקאל", 
    "commentaryBook": "Ezekiel", 
    "heRef": "מלבי\"ם באור המילות על יחזקאל ל״ו", 
    "toSections": [
        36
    ], 
    "sectionRef": "Malbim Beur Hamilot on Ezekiel 36", 
    "title": "Malbim Beur Hamilot on Ezekiel 36", 
    "lengths": [
        48, 
        1273
    ], 
    "next": "Malbim Beur Hamilot on Ezekiel 37:6", 
    "content": [
        {
            "segmentNumber": "1", 
            "he": [], 
            "links": [], 
            "text": ""
        }, 
        {
            "segmentNumber": "2", 
            "he": [
                "<b>כה אמר ה'. </b> במאמר הזה בא ששה פעמים הלשון כה אמר ה', ולא נמצא מה אמר ה', עד הפעם הששית ? ולא נמצא דוגמתו במקרא, והוא פליאה נשגבה מאד באין איש מן המפרשים שם על לב, ואחרי העיון ראיתי שבכאן לא השלים הדבור, רק מציין בחמשה פעמים הראשונים שאמר כה אמר ה', ר''ל שכבר אמר ע''ז נבואה מיוחדת, וציין חמשה נבואות שנבא על חמשה אומות למעלה, וציין פה החטא של כל אומה מה שחטאו נגד ישראל, ואמר כה אמר ה', ר''ל מטעם זה אמר ה' פורעניות עליהם שכבר נזכר בספר, ובפעם הששית מוסיף נבואה על יתר אומות שלא נבא עליהם עדיין למעלה, כמ''ש בפירושי : ", 
                "<b>במות עולם. </b> כמו והרכבתיך על במתי ארץ :\n"
            ], 
            "links": [
                {
                    "category": "Tanakh", 
                    "sourceHeRef": "יחזקאל ל״ו:ב׳", 
                    "index_title": "Ezekiel", 
                    "sourceRef": "Ezekiel 36:2"
                }, 
                {
                    "category": "Tanakh", 
                    "sourceHeRef": "יחזקאל ל״ו:ב׳", 
                    "index_title": "Ezekiel", 
                    "sourceRef": "Ezekiel 36:2"
                }
            ], 
            "text": ""
        }, 
        {
            "segmentNumber": "3", 
            "he": [
                "<b>שמות. </b> מקור, והוא פעל יוצא ", 
                "<b>ושאף, </b> הושאל ממשיכת הרוח אל תוכו אל כל התאב לבלוע איזה דבר : ", 
                "<b>על שפת לשון ודבת עם. </b> כמו את כל הגוים והלשונות, ר''ל שידברו בם גנות כל הלשונות והעמים, כי האיבה בין העמים תהיה מצד חילוק הלשונות ומצד חילוק הנמוסים וההנהגות, וכל לשון וכל עם ידבר בם לרעה :\n"
            ], 
            "links": [
                {
                    "category": "Tanakh", 
                    "sourceHeRef": "יחזקאל ל״ו:ג׳", 
                    "index_title": "Ezekiel", 
                    "sourceRef": "Ezekiel 36:3"
                }, 
                {
                    "category": "Tanakh", 
                    "sourceHeRef": "יחזקאל ל״ו:ג׳", 
                    "index_title": "Ezekiel", 
                    "sourceRef": "Ezekiel 36:3"
                }, 
                {
                    "category": "Tanakh", 
                    "sourceHeRef": "יחזקאל ל״ו:ג׳", 
                    "index_title": "Ezekiel", 
                    "sourceRef": "Ezekiel 36:3"
                }
            ], 
            "text": ""
        }, 
        {
            "segmentNumber": "4", 
            "he": [
                "<b>ולחרבות השממות ולערים הנעזבות. </b> ר''ל לערים שנחרבו ונשארו שממה כי יש חורבה שאינה שוממה אם משתדלים לבנותה עמ''ש ישעיה (מ''ט י''ט), ויש ערים שלא נחרבו רק שיושביהם עזבו אותם והלכו להן : ", 
                "<b>לבז, וללעג. </b> הבז הוא מפני שהדבר נקלה בעיניו, והלעג הוא מפני פחיתת מעשיו (ישעיה ל''ז כ''ב) :\n"
            ], 
            "links": [
                {
                    "category": "Tanakh", 
                    "sourceHeRef": "יחזקאל ל״ו:ד׳", 
                    "index_title": "Ezekiel", 
                    "sourceRef": "Ezekiel 36:4"
                }, 
                {
                    "category": "Tanakh", 
                    "sourceHeRef": "יחזקאל ל״ו:ד׳", 
                    "index_title": "Ezekiel", 
                    "sourceRef": "Ezekiel 36:4"
                }, 
                {
                    "category": "Tanakh", 
                    "sourceHeRef": "ישעיהו ל״ז:כ״ב", 
                    "index_title": "Isaiah", 
                    "sourceRef": "Isaiah 37:22"
                }
            ], 
            "text": ""
        }, 
        {
            "segmentNumber": "5", 
            "he": [
                "<b>מגרשה. </b> המקום הפנוי שסביב הישוב, וכן למעלה (כ''ז כ''ח) ירעשו מגרשות :\n"
            ], 
            "links": [
                {
                    "category": "Tanakh", 
                    "sourceHeRef": "יחזקאל ל״ו:ה׳", 
                    "index_title": "Ezekiel", 
                    "sourceRef": "Ezekiel 36:5"
                }
            ], 
            "text": ""
        }, 
        {
            "segmentNumber": "6", 
            "he": [], 
            "links": [], 
            "text": ""
        }, 
        {
            "segmentNumber": "7", 
            "he": [
                "<b>לכם מסביב. </b> ר''ל מסביב לכם :\n"
            ], 
            "links": [
                {
                    "category": "Tanakh", 
                    "sourceHeRef": "יחזקאל ל״ו:ז׳", 
                    "index_title": "Ezekiel", 
                    "sourceRef": "Ezekiel 36:7"
                }
            ], 
            "text": ""
        }, 
        {
            "segmentNumber": "8", 
            "he": [
                "<b>קרבו. </b> מהדגוש, ר''ל קרבו את עצמם שעושים הכנות לזה, או יתכן עפמ''ש ישעיה (כ''ו י''ז) על כמו הרה תקריב ללדת עי''ש :\n"
            ], 
            "links": [
                {
                    "category": "Tanakh", 
                    "sourceHeRef": "יחזקאל ל״ו:ח׳", 
                    "index_title": "Ezekiel", 
                    "sourceRef": "Ezekiel 36:8"
                }
            ], 
            "text": ""
        }, 
        {
            "segmentNumber": "9", 
            "he": [], 
            "links": [], 
            "text": ""
        }, 
        {
            "segmentNumber": "10", 
            "he": [], 
            "links": [], 
            "text": ""
        }, 
        {
            "segmentNumber": "11", 
            "he": [
                "<b>ורבו ופרו. </b> בכ''מ יאמרו ופרו ורבו, פרה ורבה, הנני מפרך והרביתך, שע''י הפריה ירבה, לבד פה אמר ורבו ופרו ? שר''ל שירבו שישובו הגולים מארבע כנפות הארץ, והם יפרו ויולידו בנים ובנות : ", 
                "<b>כקדמותיכם, מראשתיכם. </b> כבר בארתי ישעי' (סי' מ''ג י''ח) שלפעמים הראשון הוא לפני הקודם, בפרט פה שבא שם ראשית שהוא מורה על ראשית החלטי :\n"
            ], 
            "links": [
                {
                    "category": "Tanakh", 
                    "sourceHeRef": "יחזקאל ל״ו:י״א", 
                    "index_title": "Ezekiel", 
                    "sourceRef": "Ezekiel 36:11"
                }, 
                {
                    "category": "Tanakh", 
                    "sourceHeRef": "יחזקאל ל״ו:י״א", 
                    "index_title": "Ezekiel", 
                    "sourceRef": "Ezekiel 36:11"
                }
            ], 
            "text": ""
        }, 
        {
            "segmentNumber": "12", 
            "he": [
                "<b>וירשוך. </b> והיית לנחלה, כבר בארתי ישעיה (נ''ז י''ג) שהירושה מציין הורקת הקנין מרשות המוריש לרשות היורש, והנחלה תציין המשך הקנין לזרעו אחריו לדורות עולם :\n"
            ], 
            "links": [
                {
                    "category": "Tanakh", 
                    "sourceHeRef": "יחזקאל ל״ו:י״ב", 
                    "index_title": "Ezekiel", 
                    "sourceRef": "Ezekiel 36:12"
                }
            ], 
            "text": ""
        }, 
        {
            "segmentNumber": "13", 
            "he": [
                "<b>אוכלת אדם את, ומשכלת גוייך היית. </b> אדם יציין בני אדם יחידים, וגוי מציין הקיבוץ, עז''א היית כי עתה אין שם גוי וקיבוץ רק בזמן הקודם אז שכלה את גוייה שמציין הארץ כאם היולדת והגוים הנגרשים ממנה שמשכלת אותם, ועתה תאכל בני אדם יחידים שבה :\n"
            ], 
            "links": [
                {
                    "category": "Tanakh", 
                    "sourceHeRef": "יחזקאל ל״ו:י״ג", 
                    "index_title": "Ezekiel", 
                    "sourceRef": "Ezekiel 36:13"
                }
            ], 
            "text": ""
        }, 
        {
            "segmentNumber": "14", 
            "he": [], 
            "links": [], 
            "text": ""
        }, 
        {
            "segmentNumber": "15", 
            "he": [
                "<b>כלמת הגוים, וחרפת עמים. </b> עמים מעולים מן גוים שהעמים י''ל מלך (כמ''ש ישעיה א' ד'), וחרפה גדולה מכלימה, שיצוייר שמכלים על לא דבר ולא יצוייר שיחרף על לא דבר (ישעיה א' כ''ט) :\n"
            ], 
            "links": [
                {
                    "category": "Tanakh", 
                    "sourceHeRef": "יחזקאל ל״ו:ט״ו", 
                    "index_title": "Ezekiel", 
                    "sourceRef": "Ezekiel 36:15"
                }, 
                {
                    "category": "Tanakh", 
                    "sourceHeRef": "ישעיהו א׳", 
                    "index_title": "Isaiah", 
                    "sourceRef": "Isaiah 1"
                }
            ], 
            "text": ""
        }, 
        {
            "segmentNumber": "16", 
            "he": [], 
            "links": [], 
            "text": ""
        }, 
        {
            "segmentNumber": "17", 
            "he": [
                "<b>בדרכם, ובעלילותם. </b> הדרכים הם תכונות הנפש ומנהגיה, והעלילות הם הפעולות הצומחות מהם (כנ''ל י''ד כ''ב) :\n"
            ], 
            "links": [
                {
                    "category": "Tanakh", 
                    "sourceHeRef": "יחזקאל ל״ו:י״ז", 
                    "index_title": "Ezekiel", 
                    "sourceRef": "Ezekiel 36:17"
                }
            ], 
            "text": ""
        }, 
        {
            "segmentNumber": "18", 
            "he": [], 
            "links": [], 
            "text": ""
        }, 
        {
            "segmentNumber": "19", 
            "he": [
                "<b>ואפיץ אותם בגוים. </b> ומן הגוים זרו (שהזריה הוא יותר מן הפיזור) לארצות רחוקות כמ''ש כלל זה למעלה (י''ב ט''ו) :\n"
            ], 
            "links": [
                {
                    "category": "Tanakh", 
                    "sourceHeRef": "יחזקאל ל״ו:י״ט", 
                    "index_title": "Ezekiel", 
                    "sourceRef": "Ezekiel 36:19"
                }
            ], 
            "text": ""
        }, 
        {
            "segmentNumber": "20", 
            "he": [
                "<b>ויבוא. </b> מוסב על שם קדשי שם קדשי בא אל הגוים ששם ה' בא עמהם לגלות, כי שם ה' נקרא עליהם, והגוים חללו אותו עי''ז, וע''כ תפס בכל הענין שם קדשי, שמי הגדול, כי שם ה' נקרא על ישראל, והוא בא עמהם אל הגוים :\n"
            ], 
            "links": [
                {
                    "category": "Tanakh", 
                    "sourceHeRef": "יחזקאל ל״ו:כ׳", 
                    "index_title": "Ezekiel", 
                    "sourceRef": "Ezekiel 36:20"
                }
            ], 
            "text": ""
        }, 
        {
            "segmentNumber": "21", 
            "he": [], 
            "links": [], 
            "text": ""
        }, 
        {
            "segmentNumber": "22", 
            "he": [], 
            "links": [], 
            "text": ""
        }, 
        {
            "segmentNumber": "23", 
            "he": [], 
            "links": [], 
            "text": ""
        }, 
        {
            "segmentNumber": "24", 
            "he": [
                "<b>ולקחתי אתכם מן הגוים. </b> הקרובים, ומן הארצות ששם נפזרו יותר (כנ''ל פסוק י''ט), אקבץ הנפזרות, וכן למעלה (כ' ל''ד) :\n"
            ], 
            "links": [
                {
                    "category": "Tanakh", 
                    "sourceHeRef": "יחזקאל ל״ו:כ״ד", 
                    "index_title": "Ezekiel", 
                    "sourceRef": "Ezekiel 36:24"
                }
            ], 
            "text": ""
        }, 
        {
            "segmentNumber": "25", 
            "he": [], 
            "links": [], 
            "text": ""
        }, 
        {
            "segmentNumber": "26", 
            "he": [
                "<b>לב, רוח. </b> גדרם התבאר בפרטות בפירוש ספר משלי :\n"
            ], 
            "links": [
                {
                    "category": "Tanakh", 
                    "sourceHeRef": "יחזקאל ל״ו:כ״ו", 
                    "index_title": "Ezekiel", 
                    "sourceRef": "Ezekiel 36:26"
                }
            ], 
            "text": ""
        }, 
        {
            "segmentNumber": "27", 
            "he": [], 
            "links": [], 
            "text": ""
        }, 
        {
            "segmentNumber": "28", 
            "he": [], 
            "links": [], 
            "text": ""
        }, 
        {
            "segmentNumber": "29", 
            "he": [], 
            "links": [], 
            "text": ""
        }, 
        {
            "segmentNumber": "30", 
            "he": [], 
            "links": [], 
            "text": ""
        }, 
        {
            "segmentNumber": "31", 
            "he": [
                "<b>את דרכיכם הרעים, ומעלליכם אשר לא טובים. </b> כבר בארתי (פסוק י''ז) שהדרכים הם תכונות הנפש ומדותיה, והיו כולם רעים, כמו מדות הגאוה והנקמה ואכזריות וכדומה, והנה יצוייר שגם מן דרכים רעים יצאו מעללים טובים, כמו שמן מדת הגאוה יתעורר לעשות צדקה וחסד להתגאות במו, ובמדת הנקמה ואכזריות ינקום ויתאכזר על אויבי ה' ומחללי שמו, עז''א שגם המעללים היו לא טובים : ", 
                "<b>עונותיכם, תועבותיכם. </b> העון יוצא ע''י עוות השכל (כמ''ש ישעיה א' ד') וזה מגביל נגד דרכים, והתועבות הוא נגד מעללים :\n"
            ], 
            "links": [
                {
                    "category": "Tanakh", 
                    "sourceHeRef": "יחזקאל ל״ו:ל״א", 
                    "index_title": "Ezekiel", 
                    "sourceRef": "Ezekiel 36:31"
                }, 
                {
                    "category": "Tanakh", 
                    "sourceHeRef": "יחזקאל ל״ו:ל״א", 
                    "index_title": "Ezekiel", 
                    "sourceRef": "Ezekiel 36:31"
                }, 
                {
                    "category": "Tanakh", 
                    "sourceHeRef": "ישעיהו א׳", 
                    "index_title": "Isaiah", 
                    "sourceRef": "Isaiah 1"
                }
            ], 
            "text": ""
        }, 
        {
            "segmentNumber": "32", 
            "he": [
                "<b>בושו והכלמו. </b> הבושה היא מעצמו, והכלימה ע''י אחרים (ישעיה ל' ג', ירמיה ג' כ''ה) :\n"
            ], 
            "links": [
                {
                    "category": "Tanakh", 
                    "sourceHeRef": "יחזקאל ל״ו:ל״ב", 
                    "index_title": "Ezekiel", 
                    "sourceRef": "Ezekiel 36:32"
                }, 
                {
                    "category": "Tanakh", 
                    "sourceHeRef": "ירמיהו ג׳", 
                    "index_title": "Jeremiah", 
                    "sourceRef": "Jeremiah 3"
                }, 
                {
                    "category": "Tanakh", 
                    "sourceHeRef": "ישעיהו ל׳", 
                    "index_title": "Isaiah", 
                    "sourceRef": "Isaiah 30"
                }
            ], 
            "text": ""
        }, 
        {
            "segmentNumber": "33", 
            "he": [], 
            "links": [], 
            "text": ""
        }, 
        {
            "segmentNumber": "34", 
            "he": [], 
            "links": [], 
            "text": ""
        }, 
        {
            "segmentNumber": "35", 
            "he": [
                "<b>החרבות, והנשמות, והנהרסות. </b> השממה הוא יותר מחורבה, כי יש חורבה שאינה שוממה (כנ''ל פסוק ד') והריסה הוא יותר מחורבן, וכן (ישעיה מ''ט י''ט) כי חורבותיך ושממותיך וארץ הריסותיך, והשממה יפול גם על כלל הארץ, לכן אמר (סי' ל''ו) בניתי הנהרסות נטעתי הנשמה :\n"
            ], 
            "links": [
                {
                    "category": "Tanakh", 
                    "sourceHeRef": "יחזקאל ל״ו:ל״ה", 
                    "index_title": "Ezekiel", 
                    "sourceRef": "Ezekiel 36:35"
                }, 
                {
                    "category": "Tanakh", 
                    "sourceHeRef": "ישעיהו מ״ט:י״ט", 
                    "index_title": "Isaiah", 
                    "sourceRef": "Isaiah 49:19"
                }
            ], 
            "text": ""
        }
    ], 
    "book": "Malbim Beur Hamilot on Ezekiel", 
    "prev": "Malbim Beur Hamilot on Ezekiel 35:14", 
    "textDepth": 3, 
    "sectionNames": [
        "Chapter", 
        "Verse", 
        "Comment"
    ], 
    "sections": [
        36
    ], 
    "commentator": "Malbim Beur Hamilot", 
    "isComplex": false, 
    "commentaryCategories": [
        "Tanakh", 
        "Prophets"
    ], 
    "titleVariants": [
        "Malbim Beur Hamilot on Ezek.", 
        "Malbim Beur Hamilot on Yehezkel", 
        "Malbim Beur Hamilot on Ezek", 
        "Malbim Lexical Commentary on Yechezkel", 
        "Malbim Lexical Commentary on Yehezkel", 
        "Malbim Lexical Commentary on Ezekiel", 
        "Malbim Beur Hamilot on Ezekiel", 
        "Malbim Lexical Commentary on Ezek.", 
        "Malbim Lexical Commentary on Ezek", 
        "Malbim Beur Hamilot on Yechezkel"
    ], 
    "categories": [
        "Commentary", 
        "Tanakh", 
        "Malbim Beur Hamilot"
    ], 
    "ref": "Malbim Beur Hamilot on Ezekiel 36", 
    "type": "Commentary", 
    "addressTypes": [
        "Integer", 
        "Integer", 
        "Integer"
    ], 
    "heCommentator": "מלבי\"ם באור המילות", 
    "length": 48, 
    "indexTitle": "Malbim Beur Hamilot on Ezekiel", 
    "heIndexTitle": "מלבי\"ם באור המילות על יחזקאל", 
    "alts": [], 
    "order": [
        14, 
        9
    ]
}