{
    "content": [
        {
            "segmentNumber": "1", 
            "links": [
                {
                    "category": "Talmud", 
                    "index_title": "Berakhot", 
                    "sourceHeRef": "ברכות ט״ו ב:ל״ה-מ״ג", 
                    "sourceRef": "Berakhot 15b:35-43"
                }
            ], 
            "he": "<b>אמר רב יוסף מחלוקת בקריאת שמע אבל בשאר מצות דברי הכל יצא.</b> והלכך מתניתין דמגילה לצדדין קתני, חרש לכתחילה ושוטה אפילו בדיעבד, והא כדאיתא והא כדאיתא. ותרומה וברכת המזון אתיא בין לרבי יוסי בין לרבי יהודה, ורבי יהודה בריה דרבי שמעון בן פזי כרבי מאיר. והקשה הראב\"ד ז\"ל לרב יוסף דאמר דבדיעבד יצא והסכת ושמע בדברי תורה כתיב, אם כן לכתחילה אמאי צריך להשמיע לאזנו. ותירץ דהא דאמרינן בדברי תורה הוא דכתיב בהסכת לחודיה קאמר, כלומר, הסכת כדי שתקיים אותם, אבל שמיעת האוזן צריך לכתחילה, משום דכתיב ושמע, וגבי קריאת שמע פליגי, דרבי יוסי סבר כיון דבשאר מצות נמי לכתחילה צריך שמיעת האוזן מדכתיב ושמע, אם כן שמע ישראל דכתיב לגבי קריאת שמע למה לי, שמע מינה לעיכובא, ורבי יהודה סבר שמע דכתיב לגבי קריאת שמע בכל לשון שאתה שומע הוא, ושמיעת האוזן לכתחילה נפקא לן משאר כל המצות דכתיב ושמע.<br><b></b>ולדידי קשיא לי דהא רבי יהודה משמיה דרביה דמצריך שמיעת האוזן בקריאת שמע לכתחילה משמע ישראל מפיק ליה ואפילו הכי בדיעבד יצא. וגדולה מזו דרבי מאיר אפילו לכתחילה שרי בלא שמיעת האוזן, וכל שכן בשאר מצות ואף על גב דכתיב הסכת ושמע. אלא שנצטרך עוד לומר דבהסכת ושמע גופיה פליגי, דרבי יוסי ורבי יהודה משמיה דנפשיה דרשי ושמע להשמיע לאזנך ולכתחילה, ורבי יהודה משמיה דרביה ורבי מאיר לא דרשי ליה כלל אלא לדברי תורה כלומר הסכת וקבל. ובשמע ישראל נמי פליגי, דרבי יהודה דריש מיניה שמיעת האוזן ולכתחילה, ורבי מאיר מוקי לה לכל לשון שאתה שומע, אבל השמעת האוזן לא צריכה כלל דכתיב על לבבך אחר כוונת הלב הדברים אמורים."
        }, 
        {
            "segmentNumber": "2", 
            "links": [
                {
                    "category": "Talmud", 
                    "index_title": "Berakhot", 
                    "sourceHeRef": "ברכות ט״ו ב:מ״ז", 
                    "sourceRef": "Berakhot 15b:47"
                }
            ], 
            "he": "<b>אמר רב הלכה כדברי שניהם להקל.</b> ירושלמי (בפרקין ה\"ד): דלכן מה נן אמרין, סתמא ורבי יוסה הלכה כסתמא. רבי יוסה ורבי יהודה הלכה כרבי יוסה. ומה צריכא דאמר רב הלכה כדברי שניהם להקל, אלא בגין דשמע דתני לה רבי חייא בשם רבי מאיר לפום כן צריך למימר הלכה כדברי שניהם להקל."
        }
    ], 
    "heTitle": "רשב״א על ברכות ט״ו ב", 
    "indexTitle": "Rashba on Berakhot", 
    "sectionRef": "Rashba on Berakhot 15b", 
    "prev": "Rashba on Berakhot 15a", 
    "ref": "Rashba on Berakhot 15b", 
    "heRef": "רשב״א על ברכות ט״ו ב", 
    "next": "Rashba on Berakhot 16a"
}