{
    "heTitleVariants": [
        "רשב״א על ברכות"
    ], 
    "heTitle": "רשב״א על ברכות ב׳ א", 
    "content": [
        {
            "segmentNumber": "1", 
            "he": " [מתני']:<b> מעשה ובאו בניו מבית המשתה.</b> מה ששנינו כאן מעשה ובאו בניו, נראה לי דלאו למימרא שעשה רבן גמליאל כדבריו ודלא כרבנן, אלא אדרבא אתא לאשמועינן מדעשה מעשה, דלא נחלקו עליו חכמים אלא בלכתחילה ומשום סייג, שאילו נחלקו עליו, לא היה עושה מעשה כדבריו, וכדמשמע בגמרא וכדבעינן למכתב עלה קמן (ט, א ד\"ה ובני רבן גמליאל), וכדמוכח נמי סיפא דמתניתין דקתני ולא זו בלבד אלא כל שאמרו חכמים עד חצות מצותה עד שיעלה עמוד השחר, דאלמא בהא אף רבנן מודו בה.<br><b></b>אבל בירושלמי (פ\"א, ה\"א) פירשוהו כמו שאר מעשה שהביאו בכל מקום לומר שעשה מעשה כדבריו, וכדגרסינן התם: מעשה ובאו בניו, פליג על רבנן ועבד עובדא כוותיה, והא רבי עקיבא פליג על רבנן ולא עביד עובדא כוותיה, והא רבי שמעון פליג על רבנן ולא עביד עובדא כוותיה וכו' כדאיתא התם, ומשני שניא היא הכי שהיא לשנון, מעתה אף משיעלה עמוד השחר, ואית דבעי מימר תמן בשהיו יכולין לקיים דברי חכמים ברם הכא כבר עבר חצות ולא היו יכולין לקיים דברי חכמים, אמר לון עבדון עובדא כוותיה, ע\"כ בירושלמי.<br><b></b>ואין לנו אלא כגמרתנו. ושמא אף מסקנא דירושלמי כן דבדיעבד דאי אפשר לקיים דברי חכמים לכולי עלמא קורין אפילו לאחר חצות.<br><b></b>ולענין מאימתי, הרב אלפסי וכל הגאונים ז\"ל פסקו כסתם מתני' שהוא משעה שהכהנים נכנסין לאכול בתרומתן וסימן לדבר צאת הכוכבים, משום דללישנא דאמרינן בגמרא (מ)דסיפא רבי אליעזר רישא לאו רבי אליעזר אלמא מתניתין דמאימתי רבנן, ואף על גב דפליגי תנאי בברייתא, הוה ליה סתם במתניתין ומחלוקת בברייתא והלכה כסתם (יבמות מב, ב), ואפילו ללישנא אחרינא דמוקי מתניתין כרבי אליעזר ותרי תנאי נינהו ואליבא דרבי אליעזר, מכל מקום כיון דפליגי רבן גמליאל ורבנן עליה דרבי אליעזר בעד סוף ולא פליגי עליה במתניתין במאימתי משמע דכולהו מודו במאימתי, וכיון דכולהו מודו בה במתניתין, ובברייתא אתניא בלשון חכמים (לקמן ע\"ב), ועוד דר' יהושע אמר הכי באידך ברייתא שמע מינה דהכין הלכתא. ואם כן מה שנהגו לקרות אותה קודם הזמן הזה אין יוצאין בה ידי חובה ולא נהגו כן מתחילה אלא כדי לעמוד בתפלה מתוך דברי תורה, לפי שאילו לא היו מתפללין תפלת הערב בבית הכנסת היה כל אחד הולך לביתו ולא היו מתפללין בצבור שהיה להם טורח להתאסף לאחר מכאן, ופעמים היו שוכחין ולא היו מתפללין כלל, ולפיכך משום טורח צבור התירו להתפלל תפלת הערב קודם הזמן הזה, וקורין את שמע בברכותיה כדי לעמוד בתפלה מתוך דברי תורה וחוזרין וקורין אותה סמוך למטתן בשעת שכיבה. וכן כתב רש\"י ז\"ל והראב\"ד והרב רבי יצחק אבן גיאת זצ\"ל והרבה מן הגאונים ז\"ל.<br><b></b>וכן נראה מן הירושלמי (ריש פירקין) דגרסינן התם: תני הקורא קודם לכן לא יצא ידי חובתו. אם כן למה קורין אותה בבית הכנסת, אמר ר' יוסה אין קורין אותה בבית הכנסת אלא לעמוד בתפלה מתוך דברי תורה. ואפילו קרא אותה תוך בין השמשות שהוא ספק יום ספק לילה חוזר וקורא אותה (משום דהוה ליה כספק קרא ספק לא קרא שהוא חוזר וקורא), ולא עוד אלא שבירושלמי (שם) למדו מכאן לספק קרא שהוא חוזר וקורא, דגרסינן התם: ספק קרא קריאת שמע ספק לא קרא צריך לחזור ולקרות, נשמעינה מן הדא הקורא קודם לכן לא יצא ידי חובתו, וקודם לכן לאו ספק הוא ותימר צריך לקרות, הדא אמרה ספק קרא ספק לא קרא צריך לקרות. וכתבו בתוס' דלפי זה צריך לברך על קריאת שמע שעל מטתו לקרות את שמע. וכן כתב רב עמרם והר' יצחק ב\"ר אשר זכרונו לברכה.<br><b></b>ור\"ת ז\"ל לא נראו לו דברים אלו. חדא דקריאת שמע שעל מטתנו אין אנו קורין אלא פרק ראשון ושלא בברכותיה. ועוד דאם כן מנהג שלנו כרבי יהושע בן לוי דאמר (לקמן ד, ב) תפלות באמצע תקנום, ואנן קיימא לן כרבי יוחנן דאמר (שם) צריך לסמוך גאולה של ערבית לתפלה של ערבית.<br><b></b>ולפיכך פירש הוא ז\"ל דק\"ש של בית הכנסת עיקר, אלא דאנן כרבי יהודה עבדינן דאמר (כו, א) תפלת המנחה עד פלג המנחה דאלמא משם ואילך הוי לילה והוא שעה ורביע קודם ליציאת הכוכבים, ואמרינן בגמרא (לקמן כז, א) מאן דעבד  כרבי יהודה עבד, ורב נמי צלי של שבת בערב שבת כרבי יהודה. ואף על גב דעבדינן כר' יהודה בקריאת שמע ובתפלה כרבנן ודמיא לשדרה וגלגלת (עירובין ז, א) דתרי קולי דסתרי אהדדי, יש לומר דלגבי תפלה הקלו. ומה שאמרו בירושלמי שאין קורין אותה אלא כדי לעמוד בתפלה מתוך דברי תורה, מנהג אחר היה להם שהן היו רגילין לקרות קריאת שמע שלא בברכותיה קודם לכל תפלה שאינה סמוכה לברכות כמו שאנו נוהגים באשרי, וכמו שנראה קצת בירושלמי בפרק הזה דגרסינן התם (ה\"ה): ר' יוסי ורבי אחא נפקין לתעניתא אתא צבורא בעין מקרא את שמע בתר תלת שעין, בעיא רבי אחא מימחייא בידון, אמר ליה רבי יוסי ולא כבר קראו בעונתה כלום הן קורין אותה אלא כדי לעמוד בתפלה מתוך דבר של תורה, אמר ליה מפני הדיוטות שלא יהו אומרין בעונתה הן קורין אותה. והוא כתוב לראיה לפירוש זה בספר המאור.<br><b></b>והקשו בתוס' לדברי ר\"ת ז\"ל מדפריך לקמן (ע\"ב) רבי יהודה לרבי מאיר והלא כהנים מבעוד יום טובלין, אדרבא ליקשי איהו לנפשיה שהרי קורין אותה לדבריו מפלג המנחה ואילך שהוא יום גדול. ודחקו עצמן בקושיא זו דלטעמיה מקשי ליה, כלומר לדידך דסבירא לך כרבנן דפליגי עלאי ואמרי תפלת המנחה עד הערב, אם כן לא קרינא בשכבך עד לאחר חשיכה והלא כהנים טובלין מבעוד יום.<br><b></b>ואינו נראה כלל, דהא ודאי לר' יהודה אף על פי שאינו מתפלל תפלת המנחה מפלג המנחה ואילך לא מפני שהוא לילה קאמר אלא משום דתפלות כנגד תמידין תקנום ותמיד של בין הערבים היה קרב והולך עד פלג המנחה, ומשום הכי תפלת המנחה שהיא כנגדה אינה אלא עד אותו זמן ומשם ואילך ראוי לתפלת הערב מפני איברים ופדרים שקרבין והולכין אבל ודאי אינו לילה, ותדע לך שהרי עדיין השמש על הארץ כדי מהלך שתות המיל והאיך הוא לילה וזמן שכיבה. ועוד שהרי לר' יהודה בין השמשות אינו אלא שני חלקי מיל סמוך לצאת הכוכבים (שבת לד, ב) וקודם הזמן הזה כהנים טובלים ויום הוא, ופלג המנחה קודם ליציאת הכוכבים מהלך ארבע מילין ושתות, וכיון שכן האיך אפשר שקורא בו לרבי יהודה, ולכשתמצא לומר דאין הכי נמי דכל שעבר זמן תפלת המנחה הוי זמן שכיבה ואף על גב דאכתי יממא הוא ובשכבך כתיב לומר דבזמן שכיבה תליא רחמנא, אם כן מאי קא פריך לרבי מאיר והלא כהנים מבעוד יום הם טובלין, דדילמא אף על גב דמבעוד יום הם טובלין מאותה שעה ואילך זמן שכיבה הוי לרבי מאיר.<br><b></b>ומה שהקשה ר\"ת ז\"ל מדקיימא לן כר' יוחנן דאמר שצריך לסמוך גאולה לתפלה, אין הכי נמי מדינא הכי הוי בשמתפלל שלא בבית הכנסת אי נמי כשהגיע זמן המקרא קודם שיתפלל תפלת הערב, הא לאו הכי מתפלל עם הצבור משום דתפלת הרבים עדיפא מסמיכת גאולה לתפלה של ערבית שהיא אינה אלא רשות. ומה שאין אנו קורין  אותה על מטותנו בברכותיה משום שאין הברכות מעכבות כדמוכח בהדיא בירושלמי (פ\"ב, ה\"א) ממתניתין דהיה קורא בתורה והגיע זמן המקרא. ומה שאין אנו קורין אלא פרשה ראשונה מפני שהיא של תורה, אבל של דבריהם כיון שקראוהו בבית הכנסת לא חייבוהו לחזור ולקרות. ומנהגנו אנו ודאי נראה שהוא התפוס בידינו ובא מאבות ראשונים והיא מה שאמרו בירושלמי.<br><b></b>ונשאל מרבנו האי גאון ז\"ל לענין צבור שמתפללין ערבית וקורין שמע קודם צאת הכוכבים ולא מצי איניש לעכובינהו, אי זהו עדיף לצלויי בהדייהו ולשבוק קריאת שמע עד צאת הכוכבים, או לעכובי עד צאת הכוכבים לצלויי ביחיד במסמך גאולה לתפלה. והשיב דבארץ ישראל עושין כן, שמתפללין ערבית ואחר כך קורין בזמן קריאת שמע ולא איכפת להו למסמך גאולה לתפלה של ערבית, וחזינן דקריאת שמע עדיף יותר בעונתה וסימן לדבר צאת הכוכבים, דאורייתא עדיף ממסמך גאולה לתפלה היכא דלא אפשר לצלויי, ואי צלי ראשונה דבהדי צבור רשות ושניה חובה שפיר דמי, עד כאן.<br><b></b>ובתוס' אמרו דאיכא למימר דמה שנהגו לקרותה עכשיו קודם צאת הכוכבים, משום דסבירא לן כשאר התנאין דברייתא (ב, ב) דמקדימין זמן קריאת שמע לצאת הכוכבים. וכן כתב הרב בעל המאור ז\"ל כמותם דכדאי הן התנאים האחרים לסמוך עליהן בשעת הדחק של צבור.<br><b></b>ואינו מחוור בעיני, דהא משמע דלמסקנא דאסיקנא דכהן לחוד ועני לחוד, דבני אדם היינו עני וכדכתבינן לקמן, ואם כן אין לך בברייתא מוקדם ליציאת הכוכבים אלא או רבי אליעזר או רבי מאיר, ושיעוריה דרבי מאיר אי אפשר לעמוד עליו קודם יציאת הכוכבים וכדאיתא בגמרא (לקמן ע\"ב) דבין השמשות דרבי יוסי קאמר, וכיון שכן ליכא אלא רבי אליעזר, ורבי אליעזר לגבי רבי יהושע ליתיה דשמותי הוא, ועוד דהוה ליה יחיד לגבי רבים. וכשתמצא לומר נמי דבין רבי מאיר לרבי יהושע איכא כל בין השמשות דרבי יהודה וכמו שאני כותב לפנינו (ד\"ה אנא) משם הראב\"ד ז\"ל, מכל מקום לית הלכתא כרבי מאיר במקום רבי יהודה, וכל שכן במקום רבי יהושע ורבי יהודה ורבי אחא ורבי חנינא דרבים נינהו.", 
            "links": [
                {
                    "category": "Talmud", 
                    "sourceHeRef": "ברכות ב׳ א:ז׳", 
                    "sourceRef": "Berakhot 2a:7", 
                    "ref": "Berakhot 2a:7"
                }, 
                {
                    "category": "Talmud", 
                    "sourceHeRef": "יבמות מ״ב ב", 
                    "sourceRef": "Yevamot 42b", 
                    "ref": "Yevamot 42b"
                }, 
                {
                    "category": "Talmud", 
                    "sourceHeRef": "עירובין ז׳ א", 
                    "sourceRef": "Eruvin 7a", 
                    "ref": "Eruvin 7a"
                }, 
                {
                    "category": "Talmud", 
                    "sourceHeRef": "שבת ל״ד ב", 
                    "sourceRef": "Shabbat 34b", 
                    "ref": "Shabbat 34b"
                }
            ], 
            "text": ""
        }, 
        {
            "segmentNumber": "2", 
            "he": " גמרא: <b>איבעית אימא יליף מבריתו של עולם.</b> פירוש: אקושיין דליתני שחרית ברישא קא מהדר לתרוצי. ובתוס' פירשו דאקרא דובשכבך ובקומך קא מהדר, כלומר וקרא גופיה דאקדים שכיבה לקימה מבריתו של עולם יליף. ואינו מחוור בעיני כלל, דליכא למימר בקראי יליף מבריתו של עולם, ועוד דמאי איבעית אימא.", 
            "links": [
                {
                    "category": "Talmud", 
                    "sourceHeRef": "ברכות ב׳ א:כ׳", 
                    "sourceRef": "Berakhot 2a:20", 
                    "ref": "Berakhot 2a:20"
                }
            ], 
            "text": ""
        }, 
        {
            "segmentNumber": "3", 
            "he": "<b>הא קא משמע לן דכהני אימת קא אכלי בתרומה משעת צאת הכוכבים וכפרה לא מעכבא להו.</b> פירוש: מדיהיב סימנא לקריאת שמע של ערבית באכילת תרומה, אלמא אין לך טמא שאינו אוכל תרומה מבערב, שאם יש מעוכב מלאכול עד שיביא קרבנותיו ביום השמיני, אם כן האיך יהיב סימנא לשל ערבית הא איכא דלא אכיל עד צפרא, אלמא כולהו חד שיעורא אית להו דהיינו מבערב אחר צאת  הכוכבים, ומכל מקום זמן יציאת הכוכבים לאכילת קדשים לאו ממתניתין ילפינן דאדרבא קריאת שמע אתי למילף מאכילת קדשים ליציאת הכוכבים, אלא יציאת הכוכבים לאכילת קדשים מובא השמש וטהר ילפינן, וכדמשמע בסמוך דאקשינן על הא וממאי דהאי ובא השמש ביאת אורו הוא וכדכתבינן בסמוך. ובמתניתין אשמועינן דכולהו אכלי מאחר ביאת השמש, ופירושא דלישנא הכי: הא קא משמע לן דכל כהני אימת אכלי בתרומה משעת צאת הכוכבים דאפילו מחוסרי כפרה, כפרה לא מעכבא להו.<br><b></b>ואם תאמר אכתי דיוקא דמתניתין דהכא למה לי, מתניתין היא בהדיא בנגעים (פי\"ד, מ\"ג) טבל ועלה אוכל במעשר, העריב שמשו אוכל בתרומה, הביא כפרתו אוכל בקדשים. יש לומר דאורחא דתנא הוא בהכין, דאף על גב דתני מתניתין בהדיא כי משכח דוכתא אי מצי לאנוחי ביה דיוקא דלידוק מינה הכין עביד ולא נמנע, ודכוותה בכתובות (מח, א) לעולם היא ברשות האב עד שתכנס לחופה, מאי לעולם, לאפוקי ממשנה ראשונה וכו', ואף על גב דמשנה שלימה שנינו שם (נז, א) זו משנה ראשונה בית דין שלאחריהם אמרו אין האשה אוכלת בתרומה עד שתכנס לחופה.", 
            "links": [
                {
                    "category": "Talmud", 
                    "sourceHeRef": "ברכות ב׳ א:כ״ז", 
                    "sourceRef": "Berakhot 2a:27", 
                    "ref": "Berakhot 2a:27"
                }
            ], 
            "text": ""
        }, 
        {
            "segmentNumber": "4", 
            "he": " הכי גריס רש\"י ז\"ל:<b> וממאי דהאי ובא השמש ביאת שמשו הוא ומאי וטהר טהר יומא, דילמא ביאת אורו הוא ומאי וטהר טהר גברא.</b> פירוש האי וממאי אברייתא דקתני ובא השמש ביאת שמשו מעכבתו ואין כפרתו מעכבתו קא מקשה, כלומר מנא לן דאין כפרתו מעכבתו ואתה מפרש ובא השמש דהיינו שקיעת החמה וטהר יומא מן השמש לגמרי דהיינו צאת הכוכבים, דילמא ביאת אורו, כלומר זריחת אורו של יום השמיני הוא, ומאי וטהר טהר גברא בקרבנותיו הכל כמו שפירש הוא ז\"ל בפירושיו.<br><b></b>ואינו נכון, חדא דאין ביאה בכל מקום גבי שמש זריחה אלא שקיעה, כי בא השמש (בראשית כח, יא) ויהי השמש לבא (שם טו, יב) לא יבא עוד שמשך (ישעיה ס, כ), ואף על גב דכתיב קומי אורי כי בא אורך (שם שם, א), גבי שמש מיהא לא אשכחן. ועוד, דההוא גופיה היינו שקיעה, כלומר כי נשקע אורך שהיית משתמשת בו ושוב אינך צריכה לו כי          כבוד השם יתעלה עליך יזרח. וכענין שכתוב לא יהיה לך עוד השמש לאור יומם (שם שם, יט). ועוד דאם כן במערבא דמיבעיא להו אמאי פשטוה מברייתא ליפשטיה ממתניתין דנגעים (שם), דתנן בהדיא העריב שמשו אוכל בתרומה. אי נמי לידוק ממתניתין דידן דקתני משעה שהכהנים נכנסין לאכול בתרומתן, ואי אמרת דדילמא מתניתין איכא לדחויא בכהנים שאינן מחוסרי כפרה, אם כן ברייתא נמי דקתני סימן לדבר צאת הכוכבים דילמא בשאינן מחוסרי כפרה.<br><b></b>אלא ודאי הכי גרסינן: וממאי דהאי ובא השמש ביאת אורו הוא, ומאי וטהר טהר יומא, דילמא ביאת שמשו הוא, ומאי וטהר טהר גברא. וכן גירסת הגאונים ז\"ל. ואמאי דאמרינן לעיל הא קא משמע לן דכהני אימת אכלי בתרומה משעת צאת הכוכבים קא מהדר, כלומר, וממאי דלא אכלי בתרומה עד צאת הכוכבים וקאי דרשת ובא השמש ביאת אורו שנסתלק אורו לגמרי מחללו של עולם דהיינו סוף השקיעה ומאי וטהר טהר יומא שנטהר היום לגמרי מן השמש, דילמא ביאת שמש הוא כלומר תחילת השקיעה שבא השמש בעוביו של רקיע בלבד, ואף על פי שאין יציאת הכוכבים עד לאחר מכן כשיעור ארבעת מילין, ומאי וטהר טהר גברא, כלומר, שטבל והעריב עליו השמש, והיינו דלא פשטוה במערבא אלא מברייתא דקתני בהדיא סימן לדבר צאת הכוכבים.", 
            "links": [
                {
                    "category": "Talmud", 
                    "sourceHeRef": "ברכות ב׳ א:ל״א", 
                    "sourceRef": "Berakhot 2a:31", 
                    "ref": "Berakhot 2a:31"
                }, 
                {
                    "category": "Tanach", 
                    "sourceHeRef": "בראשית כ״ח:י״א", 
                    "sourceRef": "Genesis 28:11", 
                    "ref": "Genesis 28:11"
                }, 
                {
                    "category": "Tanach", 
                    "sourceHeRef": "ישעיהו ס׳:כ׳", 
                    "sourceRef": "Isaiah 60:20", 
                    "ref": "Isaiah 60:20"
                }
            ], 
            "text": ""
        }
    ], 
    "heRef": "רשב״א על ברכות ב׳ א", 
    "toSections": [
        "2a"
    ], 
    "sectionRef": "Rashba on Berakhot 2a", 
    "title": "Rashba on Berakhot 2a", 
    "next": "Rashba on Berakhot 2b", 
    "heBook": "רשב״א על ברכות", 
    "book": "Rashba on Berakhot", 
    "prev": null, 
    "textDepth": 2, 
    "sectionNames": [
        "Daf", 
        "Comment"
    ], 
    "sections": [
        "2a"
    ], 
    "isComplex": false, 
    "titleVariants": [
        "Rashba on Berakhot"
    ], 
    "categories": [
        "Commentary2", 
        "Talmud", 
        "Rashba"
    ], 
    "ref": "Rashba on Berakhot 2a", 
    "type": "Commentary2", 
    "addressTypes": [
        "Talmud", 
        "Integer"
    ], 
    "indexTitle": "Rashba on Berakhot", 
    "heIndexTitle": "רשב״א על ברכות", 
    "alts": [], 
    "order": ""
}