[{
    "links": [
        [
            "49b:5:1", 
            "Nedarim 49b:5", 
            "Talmud"
        ], 
        [
            "49b:22:1", 
            "Nedarim 49b:22", 
            "Talmud"
        ], 
        [
            "49b:28:1", 
            "Nedarim 49b:28", 
            "Talmud"
        ], 
        [
            "49b:44:1", 
            "Nedarim 49b:44", 
            "Talmud"
        ], 
        [
            "49b:50:1", 
            "Nedarim 49b:50", 
            "Talmud"
        ], 
        [
            "49b:56:1", 
            "Nedarim 49b:56", 
            "Talmud"
        ], 
        [
            "49b:12:1", 
            "Nedarim 49b:12", 
            "Talmud"
        ], 
        [
            "49b:34:1", 
            "Nedarim 49b:34", 
            "Talmud"
        ], 
        [
            "49b:51:1", 
            "Nedarim 49b:51", 
            "Talmud"
        ], 
        [
            "49b:1:1", 
            "Nedarim 49b:1", 
            "Talmud"
        ], 
        [
            "49b:9:1", 
            "Nedarim 49b:9", 
            "Talmud"
        ], 
        [
            "49b:9:1", 
            "Beitzah 8b", 
            "Talmud"
        ], 
        [
            "49b:9:1", 
            "Pesachim 111b", 
            "Talmud"
        ], 
        [
            "49b:9:1", 
            "Berakhot 50a", 
            "Talmud"
        ]
    ], 
    "text": [], 
    "heTitleVariants": [
        "תוספות על נדרים"
    ], 
    "heTitle": "תוספות על נדרים מ״ט ב", 
    "commentaryBook": "Nedarim", 
    "heRef": "תוספות על נדרים מ״ט ב", 
    "toSections": [
        "49b"
    ], 
    "sectionRef": "Tosafot on Nedarim 49b", 
    "title": "Tosafot on Nedarim 49b", 
    "lengths": [
        180, 
        5010
    ], 
    "next": "Tosafot on Nedarim 50a:1", 
    "heBook": "תוספות על נדרים", 
    "book": "Tosafot on Nedarim", 
    "prev": "Tosafot on Nedarim 49a:36", 
    "textDepth": 3, 
    "sectionNames": [
        "Daf", 
        "Line", 
        "Comment"
    ], 
    "sections": [
        "49b"
    ], 
    "commentator": "Tosafot", 
    "isComplex": false, 
    "commentaryCategories": [
        "Talmud", 
        "Bavli", 
        "Seder Nashim"
    ], 
    "titleVariants": [
        "Tosafot on Nedarim", 
        "Tosafot on Talmud Nedarim", 
        "Tosafot on Tractate Nedarim", 
        "Tosafot on Masekhet Nedarim"
    ], 
    "categories": [
        "Commentary", 
        "Talmud", 
        "Tosafot"
    ], 
    "he": [
        [
            "כמאן מצלינן האידנא על החולים כר' יוסי - דאמר אדם נדון בכל יום דאילו למאן דאמר דנדון בראש השנה הוי תפלת שוא:"
        ], 
        [], 
        [], 
        [], 
        [
            "מתני' דלא כבבלאי דאכלי דייסא בנהמא - וא''כ גם תבשיל עבה אסור לדידהו:"
        ], 
        [], 
        [], 
        [], 
        [
            "איכא דמשאיל להני נקרני - פירוש מי ימצא שישאל להני נקיי הדעת כמו נקיר שמיה (פסחים קיא:) וכן לנקר חצירו (ביצה ח:) ויש מפרשין נקדני כמו (ברכות נ -) הנקדנין תופסים אותו ע''כ וכל המדקד' בדברי' נקרא נקדן:\n"
        ], 
        [], 
        [], 
        [
            "בחסיסי  - קמח של קליות וכן פר''י (פרק כל שעה ד' לט) ור''ח פירש קמח של עדשים ופירושו נראה יותר דלפרש''י היה לו לקרותו קימחא דאבישונא ועוד אמר פ' כל שעה ממחו ליה קדרה בחסיסי ואי קימחא דאבשונא הא אמר לעיל מיניה בההוא פירקא דאסור:"
        ], 
        [], 
        [], 
        [], 
        [], 
        [], 
        [], 
        [], 
        [], 
        [], 
        [
            "לפלוט - כלומר אם יצטרך לרוק ירוק ואל יניח בשביל כבוד רבו:"
        ], 
        [], 
        [], 
        [], 
        [], 
        [], 
        [
            "בלוספיין - מין תאנים רעים:"
        ], 
        [], 
        [], 
        [], 
        [], 
        [], 
        [
            "כל שכן דנסמוך עליהם למחר - שלא יתעכלו מהר וכל זמן שהמאכל בתוך הבני מעיים הלב נסעד:"
        ], 
        [], 
        [], 
        [], 
        [], 
        [], 
        [], 
        [], 
        [], 
        [], 
        [
            "וחוגרני צדעי - פירוש חוגר וקושר היה צדעיו לפי שהיה חש בראשו על היין ששתה בפסח:"
        ], 
        [], 
        [], 
        [], 
        [], 
        [], 
        [
            "שקיל גולפא - לישב בבית המדרש:"
        ], 
        [
            "שמכבדת בעליה - שלא אצטרך לישב על גבי קרקע:"
        ], 
        [], 
        [], 
        [], 
        [], 
        [
            "שעטני מעיל - חשוב היה לו כמעיל:"
        ], 
        [], 
        [], 
        [], 
        []
    ], 
    "ref": "Tosafot on Nedarim 49b", 
    "type": "Commentary", 
    "addressTypes": [
        "Talmud", 
        "Integer", 
        "Integer"
    ], 
    "heCommentator": "תוספות", 
    "length": 180, 
    "indexTitle": "Tosafot on Nedarim", 
    "heIndexTitle": "תוספות על נדרים", 
    "alts": [], 
    "order": [
        15, 
        3
    ]
}]