{
    "sections": {
        "Tosafot on Nedarim 46b:9": {
            "content": [], 
            "heTitle": "תוספות על נדרים מ״ו ב:ט׳", 
            "indexTitle": "Tosafot on Nedarim", 
            "sectionRef": "Tosafot on Nedarim 46b:9", 
            "prev": "Tosafot on Nedarim 46b:7", 
            "ref": "Tosafot on Nedarim 46b:9", 
            "heRef": "תוספות על נדרים מ״ו ב:ט׳", 
            "next": "Tosafot on Nedarim 46b:13"
        }, 
        "Tosafot on Nedarim 46b:8": {
            "content": [], 
            "heTitle": "תוספות על נדרים מ״ו ב:ח׳", 
            "indexTitle": "Tosafot on Nedarim", 
            "sectionRef": "Tosafot on Nedarim 46b:8", 
            "prev": "Tosafot on Nedarim 46b:7", 
            "ref": "Tosafot on Nedarim 46b:8", 
            "heRef": "תוספות על נדרים מ״ו ב:ח׳", 
            "next": "Tosafot on Nedarim 46b:13"
        }, 
        "Tosafot on Nedarim 46b:1": {
            "content": [
                {
                    "segmentNumber": "1", 
                    "links": [
                        {
                            "category": "Talmud", 
                            "index_title": "Nedarim", 
                            "sourceHeRef": "נדרים מ״ו ב:א׳", 
                            "sourceRef": "Nedarim 46b:1"
                        }
                    ], 
                    "he": "מחלוקת בשיש בו כדי חלוקה - דאז מתהני בחלוקה שיכול לכוף את חבירו לחלוק לכך לא קנסוה רבנן אבל אין בה דין חלוקה שאין יכול לכוף את חבירו קנסו רבנן:"
                }
            ], 
            "heTitle": "תוספות על נדרים מ״ו ב:א׳", 
            "indexTitle": "Tosafot on Nedarim", 
            "sectionRef": "Tosafot on Nedarim 46b:1", 
            "prev": "Tosafot on Nedarim 46a:27", 
            "ref": "Tosafot on Nedarim 46b:1", 
            "heRef": "תוספות על נדרים מ״ו ב:א׳", 
            "next": "Tosafot on Nedarim 46b:7"
        }, 
        "Tosafot on Nedarim 46b:3": {
            "content": [], 
            "heTitle": "תוספות על נדרים מ״ו ב:ג׳", 
            "indexTitle": "Tosafot on Nedarim", 
            "sectionRef": "Tosafot on Nedarim 46b:3", 
            "prev": "Tosafot on Nedarim 46b:1", 
            "ref": "Tosafot on Nedarim 46b:3", 
            "heRef": "תוספות על נדרים מ״ו ב:ג׳", 
            "next": "Tosafot on Nedarim 46b:7"
        }, 
        "Tosafot on Nedarim 46b:2": {
            "content": [], 
            "heTitle": "תוספות על נדרים מ״ו ב:ב׳", 
            "indexTitle": "Tosafot on Nedarim", 
            "sectionRef": "Tosafot on Nedarim 46b:2", 
            "prev": "Tosafot on Nedarim 46b:1", 
            "ref": "Tosafot on Nedarim 46b:2", 
            "heRef": "תוספות על נדרים מ״ו ב:ב׳", 
            "next": "Tosafot on Nedarim 46b:7"
        }, 
        "Tosafot on Nedarim 46b:5": {
            "content": [], 
            "heTitle": "תוספות על נדרים מ״ו ב:ה׳", 
            "indexTitle": "Tosafot on Nedarim", 
            "sectionRef": "Tosafot on Nedarim 46b:5", 
            "prev": "Tosafot on Nedarim 46b:1", 
            "ref": "Tosafot on Nedarim 46b:5", 
            "heRef": "תוספות על נדרים מ״ו ב:ה׳", 
            "next": "Tosafot on Nedarim 46b:7"
        }, 
        "Tosafot on Nedarim 46b:4": {
            "content": [], 
            "heTitle": "תוספות על נדרים מ״ו ב:ד׳", 
            "indexTitle": "Tosafot on Nedarim", 
            "sectionRef": "Tosafot on Nedarim 46b:4", 
            "prev": "Tosafot on Nedarim 46b:1", 
            "ref": "Tosafot on Nedarim 46b:4", 
            "heRef": "תוספות על נדרים מ״ו ב:ד׳", 
            "next": "Tosafot on Nedarim 46b:7"
        }, 
        "Tosafot on Nedarim 46b:7": {
            "content": [
                {
                    "segmentNumber": "1", 
                    "links": [
                        {
                            "category": "Talmud", 
                            "index_title": "Nedarim", 
                            "sourceHeRef": "נדרים מ״ו ב:ז׳", 
                            "sourceRef": "Nedarim 46b:7"
                        }
                    ], 
                    "he": "אמר רב הונא הלכה כרבי אליעזר בן יעקב - וקשה דבפרק בתרא פסקינן כרבי אושעיא דאמר בדאורייתא אין ברירה בדרבנן יש ברירה והכא דאורייתא הוא ומפרש ר''ת דהא דפסקי' כרבי אליעזר בן יעקב לאו מטעם דיש ברירה אלא משום דויתור מותר במודר הנאה וכשהדירו זה את זה מדריסת הרגל לא נאסרו וא''כ לפי זה שאם אסרו עצמם בדריסה אסורין ליכנס לחצר ואדם מן השוק שאסר מותר ליכנס דויתור מותר ור''י פי' דפסקינן שפיר מטעמא דיש ברירה ובביצה (דף לח:) לא פסיק כר' אושעיא אלא ממאי דאמר בדרבנן יש ברירה הילכך שותפין שנדרו דריסת הרגל מותרין בחצר ואדם מן השוק מודר הנאה מחבירו אסור ליכנס דויתור אסור דאשכחן סתמא בפרקין דלעיל דויתור אסור:\n"
                }
            ], 
            "heTitle": "תוספות על נדרים מ״ו ב:ז׳", 
            "indexTitle": "Tosafot on Nedarim", 
            "sectionRef": "Tosafot on Nedarim 46b:7", 
            "prev": "Tosafot on Nedarim 46b:1", 
            "ref": "Tosafot on Nedarim 46b:7", 
            "heRef": "תוספות על נדרים מ״ו ב:ז׳", 
            "next": "Tosafot on Nedarim 46b:13"
        }, 
        "Tosafot on Nedarim 46b:6": {
            "content": [], 
            "heTitle": "תוספות על נדרים מ״ו ב:ו׳", 
            "indexTitle": "Tosafot on Nedarim", 
            "sectionRef": "Tosafot on Nedarim 46b:6", 
            "prev": "Tosafot on Nedarim 46b:1", 
            "ref": "Tosafot on Nedarim 46b:6", 
            "heRef": "תוספות על נדרים מ״ו ב:ו׳", 
            "next": "Tosafot on Nedarim 46b:7"
        }, 
        "Tosafot on Nedarim 46b:11": {
            "content": [], 
            "heTitle": "תוספות על נדרים מ״ו ב:י״א", 
            "indexTitle": "Tosafot on Nedarim", 
            "sectionRef": "Tosafot on Nedarim 46b:11", 
            "prev": "Tosafot on Nedarim 46b:7", 
            "ref": "Tosafot on Nedarim 46b:11", 
            "heRef": "תוספות על נדרים מ״ו ב:י״א", 
            "next": "Tosafot on Nedarim 46b:13"
        }, 
        "Tosafot on Nedarim 46b:10": {
            "content": [], 
            "heTitle": "תוספות על נדרים מ״ו ב:י׳", 
            "indexTitle": "Tosafot on Nedarim", 
            "sectionRef": "Tosafot on Nedarim 46b:10", 
            "prev": "Tosafot on Nedarim 46b:7", 
            "ref": "Tosafot on Nedarim 46b:10", 
            "heRef": "תוספות על נדרים מ״ו ב:י׳", 
            "next": "Tosafot on Nedarim 46b:13"
        }, 
        "Tosafot on Nedarim 46b:13": {
            "content": [
                {
                    "segmentNumber": "1", 
                    "links": [
                        {
                            "category": "Talmud", 
                            "index_title": "Nedarim", 
                            "sourceHeRef": "נדרים מ״ו ב:י״ג", 
                            "sourceRef": "Nedarim 46b:13"
                        }
                    ], 
                    "he": "למחצה לשליש ולרביע - שהמשכיר מקבל שליש הריוח ואין לשוכר כ''א ב' חלקים דברשותו הוא מקבל ואסור:"
                }, 
                {
                    "segmentNumber": "2", 
                    "links": [
                        {
                            "category": "Talmud", 
                            "index_title": "Nedarim", 
                            "sourceHeRef": "נדרים מ״ו ב:י״ג", 
                            "sourceRef": "Nedarim 46b:13"
                        }
                    ], 
                    "he": "אבל בבציר - פירוש בפחות מותר:"
                }
            ], 
            "heTitle": "תוספות על נדרים מ״ו ב:י״ג", 
            "indexTitle": "Tosafot on Nedarim", 
            "sectionRef": "Tosafot on Nedarim 46b:13", 
            "prev": "Tosafot on Nedarim 46b:7", 
            "ref": "Tosafot on Nedarim 46b:13", 
            "heRef": "תוספות על נדרים מ״ו ב:י״ג", 
            "next": "Tosafot on Nedarim 46b:14"
        }, 
        "Tosafot on Nedarim 46b:12": {
            "content": [], 
            "heTitle": "תוספות על נדרים מ״ו ב:י״ב", 
            "indexTitle": "Tosafot on Nedarim", 
            "sectionRef": "Tosafot on Nedarim 46b:12", 
            "prev": "Tosafot on Nedarim 46b:7", 
            "ref": "Tosafot on Nedarim 46b:12", 
            "heRef": "תוספות על נדרים מ״ו ב:י״ב", 
            "next": "Tosafot on Nedarim 46b:13"
        }, 
        "Tosafot on Nedarim 46b:15": {
            "content": [], 
            "heTitle": "תוספות על נדרים מ״ו ב:ט״ו", 
            "indexTitle": "Tosafot on Nedarim", 
            "sectionRef": "Tosafot on Nedarim 46b:15", 
            "prev": "Tosafot on Nedarim 46b:14", 
            "ref": "Tosafot on Nedarim 46b:15", 
            "heRef": "תוספות על נדרים מ״ו ב:ט״ו", 
            "next": "Tosafot on Nedarim 46b:16"
        }, 
        "Tosafot on Nedarim 46b:14": {
            "content": [
                {
                    "segmentNumber": "1", 
                    "links": [
                        {
                            "category": "Talmud", 
                            "index_title": "Nedarim", 
                            "sourceHeRef": "נדרים מ״ו ב:י״ד", 
                            "sourceRef": "Nedarim 46b:14"
                        }
                    ], 
                    "he": "אביי אמר אפילו בבציר אסור כך הגירסא ראשונה:"
                }
            ], 
            "heTitle": "תוספות על נדרים מ״ו ב:י״ד", 
            "indexTitle": "Tosafot on Nedarim", 
            "sectionRef": "Tosafot on Nedarim 46b:14", 
            "prev": "Tosafot on Nedarim 46b:13", 
            "ref": "Tosafot on Nedarim 46b:14", 
            "heRef": "תוספות על נדרים מ״ו ב:י״ד", 
            "next": "Tosafot on Nedarim 46b:16"
        }, 
        "Tosafot on Nedarim 46b:16": {
            "content": [
                {
                    "segmentNumber": "1", 
                    "links": [
                        {
                            "category": "Talmud", 
                            "index_title": "Nedarim", 
                            "sourceHeRef": "נדרים מ״ו ב:ט״ז", 
                            "sourceRef": "Nedarim 46b:16"
                        }, 
                        {
                            "category": "Talmud", 
                            "index_title": "Bava Metzia", 
                            "sourceHeRef": "בבא מציעא ע״ד א", 
                            "sourceRef": "Bava Metzia 74a"
                        }
                    ], 
                    "he": "דמקבל בטסקא - פירוש שמקבל השוכר מן המשכיר בכך וכך לשנה ואיתא ספרים דגרסי אפילו בבצין פירוש קרקע היוצר כמו על הבצין של יוצר (ב''מ דף עד.) ורגילין לייבשן במרחץ ואם רגילות להשכיר לייבש בצין של משכיר באותו מרחץ הוה תפיסת יד:"
                }
            ], 
            "heTitle": "תוספות על נדרים מ״ו ב:ט״ז", 
            "indexTitle": "Tosafot on Nedarim", 
            "sectionRef": "Tosafot on Nedarim 46b:16", 
            "prev": "Tosafot on Nedarim 46b:14", 
            "ref": "Tosafot on Nedarim 46b:16", 
            "heRef": "תוספות על נדרים מ״ו ב:ט״ז", 
            "next": "Tosafot on Nedarim 47a:1"
        }
    }, 
    "ref": "Tosafot on Nedarim 46b"
}