{
    "heTitleVariants": [
        "רש\"י על כתובות"
    ], 
    "heTitle": "רש\"י על כתובות מ׳ א", 
    "content": [
        {
            "segmentNumber": "1", 
            "he": [
                "להא מילתא - שיהיה מפתה נושא על כרחו:"
            ], 
            "links": [
                {
                    "category": "Talmud", 
                    "sourceHeRef": "כתובות מ׳ א:א׳", 
                    "sourceRef": "Ketubot 40a:1", 
                    "ref": "Ketubot 40a:1"
                }
            ], 
            "text": ""
        }, 
        {
            "segmentNumber": "2", 
            "he": [], 
            "links": [], 
            "text": ""
        }, 
        {
            "segmentNumber": "3", 
            "he": [], 
            "links": [], 
            "text": ""
        }, 
        {
            "segmentNumber": "4", 
            "he": [], 
            "links": [], 
            "text": ""
        }, 
        {
            "segmentNumber": "5", 
            "he": [
                "עשה - לו תהיה לאשה:", 
                "ונדחה את לא תעשה - דאינה ראויה לבא בישראל כגון ממזרת:"
            ], 
            "links": [
                {
                    "category": "Talmud", 
                    "sourceHeRef": "כתובות מ׳ א:ה׳", 
                    "sourceRef": "Ketubot 40a:5", 
                    "ref": "Ketubot 40a:5"
                }, 
                {
                    "category": "Talmud", 
                    "sourceHeRef": "כתובות מ׳ א:ה׳", 
                    "sourceRef": "Ketubot 40a:5", 
                    "ref": "Ketubot 40a:5"
                }
            ], 
            "text": ""
        }, 
        {
            "segmentNumber": "6", 
            "he": [], 
            "links": [], 
            "text": ""
        }, 
        {
            "segmentNumber": "7", 
            "he": [
                "ונדחה את לא תעשה - דאינה ראויה לבא בישראל כגון ממזרת:"
            ], 
            "links": [], 
            "text": ""
        }, 
        {
            "segmentNumber": "8", 
            "he": [
                "מי איתיה לעשה כלל - השתא נמי מלמדין אותה לומר איני רוצה:"
            ], 
            "links": [
                {
                    "category": "Talmud", 
                    "sourceHeRef": "כתובות מ׳ א:ח׳", 
                    "sourceRef": "Ketubot 40a:8", 
                    "ref": "Ketubot 40a:8"
                }
            ], 
            "text": ""
        }, 
        {
            "segmentNumber": "9", 
            "he": [
                "מתני' יתומה שנתארסה ונתגרשה האונס חייב והמפתה פטור - דכיון דיתומה היא וקנס שלה היא ואחילתיה דמדעתה נתפתתה לו פטור ובגמרא מפרש דנתארסה ונתגרשה מילתא אחריתי היא ולא איתומה קאי:"
            ], 
            "links": [
                {
                    "category": "Talmud", 
                    "sourceHeRef": "כתובות מ׳ א:ט׳", 
                    "sourceRef": "Ketubot 40a:9", 
                    "ref": "Ketubot 40a:9"
                }
            ], 
            "text": ""
        }, 
        {
            "segmentNumber": "10", 
            "he": [
                "מתני' יתומה שנתארסה ונתגרשה האונס חייב והמפתה פטור - דכיון דיתומה היא וקנס שלה היא ואחילתיה דמדעתה נתפתתה לו פטור ובגמרא מפרש דנתארסה ונתגרשה מילתא אחריתי היא ולא איתומה קאי:"
            ], 
            "links": [], 
            "text": ""
        }, 
        {
            "segmentNumber": "11", 
            "he": [], 
            "links": [], 
            "text": ""
        }, 
        {
            "segmentNumber": "12", 
            "he": [
                "גמ' בשיטת ר\"ע רבו אמרה - דאמר במתני' נערה שנתארסה ונתגרשה קנסה לעצמה והך נתארסה ונתגרשה דר' אלעזר כשאביה קיים וקרי לה יתומה משום דפקע זכות אב מינה לגבי קנסא:"
            ], 
            "links": [
                {
                    "category": "Talmud", 
                    "sourceHeRef": "כתובות מ׳ א:י״ב", 
                    "sourceRef": "Ketubot 40a:12", 
                    "ref": "Ketubot 40a:12"
                }
            ], 
            "text": ""
        }, 
        {
            "segmentNumber": "13", 
            "he": [], 
            "links": [], 
            "text": ""
        }, 
        {
            "segmentNumber": "14", 
            "he": [
                "ממאי - דכר\"ע סבירא ליה:"
            ], 
            "links": [
                {
                    "category": "Talmud", 
                    "sourceHeRef": "כתובות מ׳ א:י״ד", 
                    "sourceRef": "Ketubot 40a:14", 
                    "ref": "Ketubot 40a:14"
                }
            ], 
            "text": ""
        }, 
        {
            "segmentNumber": "15", 
            "he": [], 
            "links": [], 
            "text": ""
        }, 
        {
            "segmentNumber": "16", 
            "he": [
                "מדקתני אונס חייב ומפתה פטור - אלמא יש לה קנס ולעצמה הלכך מפתה פטור דמדעתה עבד ואונס חייב ואפילו אביה קיים דאי יתומה כדקתני פשיטא דמפתה פטור אלא הא קמ\"ל כו':"
            ], 
            "links": [
                {
                    "category": "Talmud", 
                    "sourceHeRef": "כתובות מ׳ א:ט״ז", 
                    "sourceRef": "Ketubot 40a:16", 
                    "ref": "Ketubot 40a:16"
                }
            ], 
            "text": ""
        }, 
        {
            "segmentNumber": "17", 
            "he": [
                "יתומה פשיטא - מסקנא דמילתא דר' יוחנן היא:"
            ], 
            "links": [
                {
                    "category": "Talmud", 
                    "sourceHeRef": "כתובות מ׳ א:י״ז", 
                    "sourceRef": "Ketubot 40a:17", 
                    "ref": "Ketubot 40a:17"
                }
            ], 
            "text": ""
        }, 
        {
            "segmentNumber": "18", 
            "he": [], 
            "links": [], 
            "text": ""
        }, 
        {
            "segmentNumber": "19", 
            "he": [], 
            "links": [], 
            "text": ""
        }, 
        {
            "segmentNumber": "20", 
            "he": [], 
            "links": [], 
            "text": ""
        }, 
        {
            "segmentNumber": "21", 
            "he": [], 
            "links": [], 
            "text": ""
        }, 
        {
            "segmentNumber": "22", 
            "he": [], 
            "links": [], 
            "text": ""
        }, 
        {
            "segmentNumber": "23", 
            "he": [
                "טובינא דחכימי - מאושר שבחכמים אשרי מתרגמינן טובאי. ר' אלעזר הוא ר' אלעזר בן שמוע ותלמידו של ר\"ע היה כדאמרינן ביבמות בהבא על יבמתו (דף סב:) והיה העולם שמם עד שבא ר\"ע אצל רבותינו שבדרום ושנה להם ר\"מ ור' יהודה ור' יוסי ור\"ש ורבי אלעזר בן שמוע:"
            ], 
            "links": [
                {
                    "category": "Talmud", 
                    "sourceHeRef": "כתובות מ׳ א:כ״ג", 
                    "sourceRef": "Ketubot 40a:23", 
                    "ref": "Ketubot 40a:23"
                }
            ], 
            "text": ""
        }, 
        {
            "segmentNumber": "24", 
            "he": [], 
            "links": [], 
            "text": ""
        }, 
        {
            "segmentNumber": "25", 
            "he": [
                "מתני' הכל לפי המבייש - אדם בינוני המבייש בושתו קשה מאדם זולל ומאדם חשוב:", 
                "והמתבייש - לפי חשיבותו בושתו:"
            ], 
            "links": [
                {
                    "category": "Talmud", 
                    "sourceHeRef": "כתובות מ׳ א:כ״ה", 
                    "sourceRef": "Ketubot 40a:25", 
                    "ref": "Ketubot 40a:25"
                }, 
                {
                    "category": "Talmud", 
                    "sourceHeRef": "כתובות מ׳ א:כ״ה", 
                    "sourceRef": "Ketubot 40a:25", 
                    "ref": "Ketubot 40a:25"
                }
            ], 
            "text": ""
        }, 
        {
            "segmentNumber": "26", 
            "he": [
                "כאילו היא שפחה - בגמרא מפרש מאי גריעותא מחמת בעילה:"
            ], 
            "links": [
                {
                    "category": "Talmud", 
                    "sourceHeRef": "כתובות מ׳ א:כ״ו", 
                    "sourceRef": "Ketubot 40a:26", 
                    "ref": "Ketubot 40a:26"
                }
            ], 
            "text": ""
        }, 
        {
            "segmentNumber": "27", 
            "he": [], 
            "links": [], 
            "text": ""
        }, 
        {
            "segmentNumber": "28", 
            "he": [], 
            "links": [], 
            "text": ""
        }, 
        {
            "segmentNumber": "29", 
            "he": [], 
            "links": [], 
            "text": ""
        }, 
        {
            "segmentNumber": "30", 
            "he": [], 
            "links": [], 
            "text": ""
        }, 
        {
            "segmentNumber": "31", 
            "he": [
                "גמ' יאמרו כו' - והיכן הוא חילוק שביניהן אצל בושת הלכך יהיב בושת:"
            ], 
            "links": [
                {
                    "category": "Talmud", 
                    "sourceHeRef": "כתובות מ׳ א:ל״א", 
                    "sourceRef": "Ketubot 40a:31", 
                    "ref": "Ketubot 40a:31"
                }
            ], 
            "text": ""
        }, 
        {
            "segmentNumber": "32", 
            "he": [], 
            "links": [], 
            "text": ""
        }, 
        {
            "segmentNumber": "33", 
            "he": [
                "גבי עבד - שנגחו שור שנתנה תורה קצבה ל' שקלים:"
            ], 
            "links": [
                {
                    "category": "Talmud", 
                    "sourceHeRef": "כתובות מ׳ א:ל״ג", 
                    "sourceRef": "Ketubot 40a:33", 
                    "ref": "Ketubot 40a:33"
                }
            ], 
            "text": ""
        }
    ], 
    "commentaryBook": "Ketubot", 
    "heRef": "רש\"י על כתובות מ׳ א", 
    "toSections": [
        "40a"
    ], 
    "sectionRef": "Rashi on Ketubot 40a", 
    "title": "Rashi on Ketubot 40a", 
    "lengths": [
        222, 
        11174
    ], 
    "next": "Rashi on Ketubot 40b:1", 
    "heBook": "רש\"י על כתובות", 
    "book": "Rashi on Ketubot", 
    "prev": "Rashi on Ketubot 39b:57", 
    "textDepth": 3, 
    "sectionNames": [
        "Daf", 
        "Line", 
        "Comment"
    ], 
    "sections": [
        "40a"
    ], 
    "commentator": "Rashi", 
    "isComplex": false, 
    "commentaryCategories": [
        "Talmud", 
        "Bavli", 
        "Seder Nashim"
    ], 
    "titleVariants": [
        "Rashi on Ketubot", 
        "Rashi on Kethuvoth", 
        "Rashi on Ketuvot", 
        "Rashi on Tractate Ketubot", 
        "Rashi on Talmud Ketubot", 
        "Rashi on Masekhet Ketubot"
    ], 
    "categories": [
        "Commentary", 
        "Talmud", 
        "Rashi"
    ], 
    "ref": "Rashi on Ketubot 40a", 
    "type": "Commentary", 
    "addressTypes": [
        "Talmud", 
        "Integer", 
        "Integer"
    ], 
    "heCommentator": "רש\"י", 
    "length": 222, 
    "indexTitle": "Rashi on Ketubot", 
    "heIndexTitle": "רש\"י על כתובות", 
    "alts": [], 
    "order": [
        14, 
        2
    ]
}