[{
    "links": [
        [
            "69b:1:1", 
            "Ketubot 69b:1", 
            "Talmud"
        ], 
        [
            "69b:11:1", 
            "Ketubot 69b:11", 
            "Talmud"
        ], 
        [
            "69b:13:1", 
            "Ketubot 69b:13", 
            "Talmud"
        ], 
        [
            "69b:16:1", 
            "Ketubot 69b:16", 
            "Talmud"
        ], 
        [
            "69b:17:1", 
            "Ketubot 69b:17", 
            "Talmud"
        ], 
        [
            "69b:19:1", 
            "Ketubot 69b:19", 
            "Talmud"
        ], 
        [
            "69b:20:1", 
            "Ketubot 69b:20", 
            "Talmud"
        ], 
        [
            "69b:28:1", 
            "Ketubot 69b:28", 
            "Talmud"
        ], 
        [
            "69b:29:1", 
            "Ketubot 69b:29", 
            "Talmud"
        ], 
        [
            "69b:32:1", 
            "Ketubot 69b:32", 
            "Talmud"
        ], 
        [
            "69b:38:1", 
            "Ketubot 69b:38", 
            "Talmud"
        ], 
        [
            "69b:43:1", 
            "Ketubot 69b:43", 
            "Talmud"
        ], 
        [
            "69b:46:1", 
            "Ketubot 69b:46", 
            "Talmud"
        ], 
        [
            "69b:47:1", 
            "Ketubot 69b:47", 
            "Talmud"
        ], 
        [
            "69b:49:1", 
            "Ketubot 69b:49", 
            "Talmud"
        ], 
        [
            "69b:51:1", 
            "Ketubot 69b:51", 
            "Talmud"
        ], 
        [
            "69b:23:1", 
            "Ketubot 69b:23", 
            "Talmud"
        ], 
        [
            "69b:27:1", 
            "Ketubot 69b:27", 
            "Talmud"
        ], 
        [
            "69b:35:1", 
            "Ketubot 69b:35", 
            "Talmud"
        ], 
        [
            "69b:42:1", 
            "Ketubot 69b:42", 
            "Talmud"
        ], 
        [
            "69b:45:1", 
            "Ketubot 69b:45", 
            "Talmud"
        ], 
        [
            "69b:48:1", 
            "Ketubot 69b:48", 
            "Talmud"
        ], 
        [
            "69b:13:2", 
            "Ketubot 69b:13", 
            "Talmud"
        ], 
        [
            "69b:16:2", 
            "Ketubot 69b:16", 
            "Talmud"
        ], 
        [
            "69b:17:2", 
            "Ketubot 69b:17", 
            "Talmud"
        ], 
        [
            "69b:20:2", 
            "Ketubot 69b:20", 
            "Talmud"
        ], 
        [
            "69b:43:2", 
            "Ketubot 69b:43", 
            "Talmud"
        ], 
        [
            "69b:47:2", 
            "Ketubot 69b:47", 
            "Talmud"
        ], 
        [
            "69b:49:2", 
            "Ketubot 69b:49", 
            "Talmud"
        ], 
        [
            "69b:43:3", 
            "Ketubot 69b:43", 
            "Talmud"
        ], 
        [
            "69b:47:3", 
            "Ketubot 69b:47", 
            "Talmud"
        ]
    ], 
    "text": [], 
    "heTitleVariants": [
        "רש\"י על כתובות"
    ], 
    "heTitle": "רש\"י על כתובות ס״ט ב", 
    "commentaryBook": "Ketubot", 
    "heRef": "רש\"י על כתובות ס״ט ב", 
    "toSections": [
        "69b"
    ], 
    "sectionRef": "Rashi on Ketubot 69b", 
    "title": "Rashi on Ketubot 69b", 
    "lengths": [
        222, 
        11174
    ], 
    "next": "Rashi on Ketubot 70a:1", 
    "heBook": "רש\"י על כתובות", 
    "book": "Rashi on Ketubot", 
    "prev": "Rashi on Ketubot 69a:65", 
    "textDepth": 3, 
    "sectionNames": [
        "Daf", 
        "Line", 
        "Comment"
    ], 
    "sections": [
        "69b"
    ], 
    "commentator": "Rashi", 
    "isComplex": false, 
    "commentaryCategories": [
        "Talmud", 
        "Bavli", 
        "Seder Nashim"
    ], 
    "titleVariants": [
        "Rashi on Ketubot", 
        "Rashi on Kethuvoth", 
        "Rashi on Ketuvot", 
        "Rashi on Tractate Ketubot", 
        "Rashi on Talmud Ketubot", 
        "Rashi on Masekhet Ketubot"
    ], 
    "categories": [
        "Commentary", 
        "Talmud", 
        "Rashi"
    ], 
    "he": [
        [
            "גופא דעובדא - תחלת הדברים מה לשון שלחת לו:"
        ], 
        [], 
        [], 
        [], 
        [], 
        [], 
        [], 
        [], 
        [], 
        [], 
        [
            "ינחם כתיב - אין לך לומר פתח בשום אות אא\"כ אל\"ף או ה' סמוכין לו או ע\"פ הנקודה שתחתיה והיא באה במקום אות כאילו כתוב ינאחם וכיון שלא כתיב כאן אל\"ף על כרחך ע\"פ מסורת הכתב אתה קורא ינחם וזהו המנוחם עצמו כלומר כאבל המתנחם:"
        ], 
        [], 
        [
            "מר וזח - מי שנפשו מרה ודעתו זחה ומעותקה מעליו:", 
            "נעשה שר לסרוחים - לגדולים הבאים לנחמו:"
        ], 
        [], 
        [], 
        [
            "מתני' המשליש מעות לבתו - מסר מעות ביד שליש לצורך בתו לקנות שדה או נדוניא לכשתנשא:", 
            "והיא אומרת - לאחר שנשאת:"
        ], 
        [
            "נאמן בעלי עלי - שלא יעכבם לעצמו תנם לו והוא יקנה לי שדה כשארצה:", 
            "יעשה שליש כו' - יקנה השדה ואין שומעין לה דמצוה לקיים דברי המת:"
        ], 
        [], 
        [
            "וכי אינה אלא שדה - וכי מה תועלת לו לקנות אפילו אין כאן מעות אלא כבר נקנה השדה והיא רוצה למוכרה הרי היא מכורה הלכך שומעין לה:"
        ], 
        [
            "בד\"א - בגמרא מפרש מאן קתני לה:", 
            "בד\"א - ששומעין לה:"
        ], 
        [], 
        [], 
        [
            "גמ' מן הנשואין הרשות בידה - שאף האב לא עלה בדעתו למוסרם ביד שליש אלא עד שתנשא דמשנשאת הבעל זכאי לאכול פירות:"
        ], 
        [], 
        [], 
        [], 
        [
            "מאי בינייהו - בהי פליגי בגדולה או בקטנה:"
        ], 
        [
            "דר\"מ סבר הרשות בידה - דהאי דקאמר ר\"מ מן הנשואין הרשות בידה אפי' בקטנה נמי אמר:"
        ], 
        [
            "אימא סיפא - דמתני':"
        ], 
        [], 
        [], 
        [
            "הא מרישא שמעינן מינה - דלא א\"ר יוסי שומעין לה אלא בגדולה מדקא מייתי טעמא למילתיה וכי אינה אלא שדה והיא רוצה למוכרה אלמא בגדולה הראויה למכור שדות קאמר:"
        ], 
        [], 
        [], 
        [
            "אלא ר\"מ - וע\"כ כי אמר בברייתא נמי מן הנשואין הרשות בידה בגדולה אמר ולא בקטנה:"
        ], 
        [], 
        [], 
        [
            "אלא גדולה מן האירוסין איכא בינייהו - דקאמר ר' מאיר מן האירוסין יעשה שליש שלישותו ואפילו היא גדולה וקא א\"ל רבי יוסי כיון דגדולה היא שומעין לה:"
        ], 
        [], 
        [], 
        [], 
        [
            "הלכה כר\"מ - טעמא משום דמצוה לקיים דברי המת:"
        ], 
        [
            "אילפא - שם חכם:", 
            "תלא נפשיה - גופא דעובדא במס' תענית משום דאותבוהו לרבי יוחנן ברישא כשהלך אילפא בסחורה כי אתא אמרו ליה אי הוה יתיב מר וגריס לא מר הוה מליך אזל תלא נפשיה באיסקריא דמכותא בכלונסות ארזים שתולים בה וילון הספינה:", 
            "מכותא - וילון:"
        ], 
        [], 
        [
            "אמר כל מאן דאתי כו' - כלומר אע\"פ שהלכתי בסחורה לא שכחתי תלמודי ויש בידי לתקן כל הברייתות שסידרו רבי חייא ורבי אושעיא [בתוספתא שלהן אמינא להן סמך במשנתנו של הש\"ס שסדר רבי ולהכי נקט רבי חייא ורבי אושעיא] לפי שהן עיקר כדאמרי' בעלמא כל מתניתא דלא מיתניא בי ר' חייא ור' אושעיא לא תותבו מינה בבי מדרשא:"
        ], 
        [
            "תנא ליה - שנה לפניו ברייתא זו ושאלו למצוא לה סמך במשנה שסדר רבי:"
        ], 
        [
            "שקל - חצי סלע:", 
            "וראוין - שאינן נזונין בפחות:", 
            "נותנים להם סלע - דאי הוה ידע שיתייקרו המזונות ויצטרכו לסלע לא הוה אמר:"
        ], 
        [
            "אל תתנו - הרי מיחה בידם ולא עשאן יורשים אלא בענין זה:"
        ], 
        [
            "אם מתו - בלא בנים:", 
            "אין נותנין להן אלא שקל - שאין לנו להפסיד את הבאים אחריהם והואיל ועשה את האחרים יורשים אחריהם ודאי דווקא שקל קאמר כדי שתפול ירושה אחריהם לאותן אחרים:"
        ], 
        [], 
        [
            "הא מני - היכא דאמר להו אל תתנו להם אלא שקל אין נותנין להם אלא שקל ואע\"ג דסוף סוף כולהו נכסי דידהו נינהו לא יהבינן להו בקוטנן אלא שקל בשבת והמותר יזונו מן הצדקה וליכא לאקשויי עלה הא דאמר בפ' נערה לא כל כמיניה שיעשיר את בניו ויפיל עצמו על הצבור דהתם הוא דאמר אל תקברוהו מנכסיו ונכסי דידיה נינהו הלכך לא צייתינן ליה לקוברו מן הצדקה כדי להעשיר את בניו אבל הכא נכסי לאו דיתמי נינהו כי אם לפי צוואתו:"
        ]
    ], 
    "ref": "Rashi on Ketubot 69b", 
    "type": "Commentary", 
    "addressTypes": [
        "Talmud", 
        "Integer", 
        "Integer"
    ], 
    "heCommentator": "רש\"י", 
    "length": 222, 
    "indexTitle": "Rashi on Ketubot", 
    "heIndexTitle": "רש\"י על כתובות", 
    "alts": [], 
    "order": [
        14, 
        2
    ]
}]