{
    "heTitleVariants": [
        "רש\"י על כתובות"
    ], 
    "heTitle": "רש\"י על כתובות ע״א א", 
    "content": [
        {
            "segmentNumber": "1", 
            "he": [
                "מעשה דבית חורון - בנדרים בפרק השותפין:"
            ], 
            "links": [
                {
                    "category": "Talmud", 
                    "sourceHeRef": "כתובות ע״א א:א׳", 
                    "sourceRef": "Ketubot 71a:1", 
                    "ref": "Ketubot 71a:1"
                }
            ], 
            "text": ""
        }, 
        {
            "segmentNumber": "2", 
            "he": [], 
            "links": [], 
            "text": ""
        }, 
        {
            "segmentNumber": "3", 
            "he": [], 
            "links": [], 
            "text": ""
        }, 
        {
            "segmentNumber": "4", 
            "he": [
                "היינו תנא קמא - דאיהו נמי שלשים יום קאמר:"
            ], 
            "links": [
                {
                    "category": "Talmud", 
                    "sourceHeRef": "כתובות ע״א א:ד׳", 
                    "sourceRef": "Ketubot 71a:4", 
                    "ref": "Ketubot 71a:4"
                }
            ], 
            "text": ""
        }, 
        {
            "segmentNumber": "5", 
            "he": [], 
            "links": [], 
            "text": ""
        }, 
        {
            "segmentNumber": "6", 
            "he": [], 
            "links": [], 
            "text": ""
        }, 
        {
            "segmentNumber": "7", 
            "he": [], 
            "links": [], 
            "text": ""
        }, 
        {
            "segmentNumber": "8", 
            "he": [], 
            "links": [], 
            "text": ""
        }, 
        {
            "segmentNumber": "9", 
            "he": [], 
            "links": [], 
            "text": ""
        }, 
        {
            "segmentNumber": "10", 
            "he": [
                "במפרש - שפירש שלשים יום הוא דלא כפינן ליה להוציא אלא יעמיד פרנס:"
            ], 
            "links": [
                {
                    "category": "Talmud", 
                    "sourceHeRef": "כתובות ע״א א:י׳", 
                    "sourceRef": "Ketubot 71a:10", 
                    "ref": "Ketubot 71a:10"
                }
            ], 
            "text": ""
        }, 
        {
            "segmentNumber": "11", 
            "he": [], 
            "links": [], 
            "text": ""
        }, 
        {
            "segmentNumber": "12", 
            "he": [], 
            "links": [], 
            "text": ""
        }, 
        {
            "segmentNumber": "13", 
            "he": [], 
            "links": [], 
            "text": ""
        }, 
        {
            "segmentNumber": "14", 
            "he": [], 
            "links": [], 
            "text": ""
        }, 
        {
            "segmentNumber": "15", 
            "he": [], 
            "links": [], 
            "text": ""
        }, 
        {
            "segmentNumber": "16", 
            "he": [], 
            "links": [], 
            "text": ""
        }, 
        {
            "segmentNumber": "17", 
            "he": [], 
            "links": [], 
            "text": ""
        }, 
        {
            "segmentNumber": "18", 
            "he": [], 
            "links": [], 
            "text": ""
        }, 
        {
            "segmentNumber": "19", 
            "he": [], 
            "links": [], 
            "text": ""
        }, 
        {
            "segmentNumber": "20", 
            "he": [], 
            "links": [], 
            "text": ""
        }, 
        {
            "segmentNumber": "21", 
            "he": [], 
            "links": [], 
            "text": ""
        }, 
        {
            "segmentNumber": "22", 
            "he": [], 
            "links": [], 
            "text": ""
        }, 
        {
            "segmentNumber": "23", 
            "he": [], 
            "links": [], 
            "text": ""
        }, 
        {
            "segmentNumber": "24", 
            "he": [
                "משום דאיכא צערא דתרווייהו לא גרסינן:"
            ], 
            "links": [
                {
                    "category": "Talmud", 
                    "sourceHeRef": "כתובות ע״א א:כ״ד", 
                    "sourceRef": "Ketubot 71a:24", 
                    "ref": "Ketubot 71a:24"
                }
            ], 
            "text": ""
        }, 
        {
            "segmentNumber": "25", 
            "he": [], 
            "links": [], 
            "text": ""
        }, 
        {
            "segmentNumber": "26", 
            "he": [
                "יוציא ויתן כתובה - לאלתר:"
            ], 
            "links": [
                {
                    "category": "Talmud", 
                    "sourceHeRef": "כתובות ע״א א:כ״ו", 
                    "sourceRef": "Ketubot 71a:26", 
                    "ref": "Ketubot 71a:26"
                }
            ], 
            "text": ""
        }, 
        {
            "segmentNumber": "27", 
            "he": [], 
            "links": [], 
            "text": ""
        }, 
        {
            "segmentNumber": "28", 
            "he": [], 
            "links": [], 
            "text": ""
        }, 
        {
            "segmentNumber": "29", 
            "he": [
                "שנדרה היא - ומה יש לו עוד להמתין אי ניחא לה לדידה למישקל כתובתה ומיפק לא תבקש פתח לנדרה אבל היכא דאדרה איהו כגון מליהנות לו ימתין שמא ימצא פתח לנדרו:"
            ], 
            "links": [
                {
                    "category": "Talmud", 
                    "sourceHeRef": "כתובות ע״א א:כ״ט", 
                    "sourceRef": "Ketubot 71a:29", 
                    "ref": "Ketubot 71a:29"
                }
            ], 
            "text": ""
        }, 
        {
            "segmentNumber": "30", 
            "he": [
                "וקסבר רבי מאיר הוא - שקיים נתן אצבע בין שיניה והשיכה לפיכך יתן כתובה וסתם מתניתין ר\"מ היא:"
            ], 
            "links": [
                {
                    "category": "Talmud", 
                    "sourceHeRef": "כתובות ע״א א:ל׳", 
                    "sourceRef": "Ketubot 71a:30", 
                    "ref": "Ketubot 71a:30"
                }
            ], 
            "text": ""
        }, 
        {
            "segmentNumber": "31", 
            "he": [], 
            "links": [], 
            "text": ""
        }, 
        {
            "segmentNumber": "32", 
            "he": [
                "וקסבר רבי מאיר הוא - שקיים נתן אצבע בין שיניה והשיכה לפיכך יתן כתובה וסתם מתניתין ר\"מ היא:"
            ], 
            "links": [], 
            "text": ""
        }, 
        {
            "segmentNumber": "33", 
            "he": [], 
            "links": [], 
            "text": ""
        }, 
        {
            "segmentNumber": "34", 
            "he": [], 
            "links": [], 
            "text": ""
        }, 
        {
            "segmentNumber": "35", 
            "he": [
                "אם רצה הבעל - מתחילה להפר יפר:", 
                "ואם - לא רצה וקיים לה ואמר אי אפשי כו':\n"
            ], 
            "links": [
                {
                    "category": "Talmud", 
                    "sourceHeRef": "כתובות ע״א א:ל״ה", 
                    "sourceRef": "Ketubot 71a:35", 
                    "ref": "Ketubot 71a:35"
                }, 
                {
                    "category": "Talmud", 
                    "sourceHeRef": "כתובות ע״א א:ל״ה", 
                    "sourceRef": "Ketubot 71a:35", 
                    "ref": "Ketubot 71a:35"
                }
            ], 
            "text": ""
        }, 
        {
            "segmentNumber": "36", 
            "he": [], 
            "links": [], 
            "text": ""
        }, 
        {
            "segmentNumber": "37", 
            "he": [], 
            "links": [], 
            "text": ""
        }, 
        {
            "segmentNumber": "38", 
            "he": [], 
            "links": [], 
            "text": ""
        }, 
        {
            "segmentNumber": "39", 
            "he": [], 
            "links": [], 
            "text": ""
        }, 
        {
            "segmentNumber": "40", 
            "he": [], 
            "links": [], 
            "text": ""
        }, 
        {
            "segmentNumber": "41", 
            "he": [], 
            "links": [], 
            "text": ""
        }, 
        {
            "segmentNumber": "42", 
            "he": [], 
            "links": [], 
            "text": ""
        }, 
        {
            "segmentNumber": "43", 
            "he": [], 
            "links": [], 
            "text": ""
        }, 
        {
            "segmentNumber": "44", 
            "he": [
                "בעניות שלא נתן קצבה - יוציא ויתן כתובה אלמא הוא נותן דהא בנדרה היא וקיים הוא אוקימתא למתניתין:"
            ], 
            "links": [
                {
                    "category": "Talmud", 
                    "sourceHeRef": "כתובות ע״א א:מ״ד", 
                    "sourceRef": "Ketubot 71a:44", 
                    "ref": "Ketubot 71a:44"
                }
            ], 
            "text": ""
        }, 
        {
            "segmentNumber": "45", 
            "he": [], 
            "links": [], 
            "text": ""
        }, 
        {
            "segmentNumber": "46", 
            "he": [], 
            "links": [], 
            "text": ""
        }, 
        {
            "segmentNumber": "47", 
            "he": [], 
            "links": [], 
            "text": ""
        }, 
        {
            "segmentNumber": "48", 
            "he": [], 
            "links": [], 
            "text": ""
        }, 
        {
            "segmentNumber": "49", 
            "he": [], 
            "links": [], 
            "text": ""
        }, 
        {
            "segmentNumber": "50", 
            "he": [
                "הכי גרסינן והא תנן רבי יהודה אומר בישראל יום אחד יקיים - גבי שלא תטעום דאוקימתא בנדרה היא וקיים הוא וקאמר רבי יהודה יום אחד יקיים יתר מיכן יוציא ויתן כתובה:"
            ], 
            "links": [
                {
                    "category": "Talmud", 
                    "sourceHeRef": "כתובות ע״א א:נ׳", 
                    "sourceRef": "Ketubot 71a:50", 
                    "ref": "Ketubot 71a:50"
                }
            ], 
            "text": ""
        }, 
        {
            "segmentNumber": "51", 
            "he": [], 
            "links": [], 
            "text": ""
        }, 
        {
            "segmentNumber": "52", 
            "he": [], 
            "links": [], 
            "text": ""
        }, 
        {
            "segmentNumber": "53", 
            "he": [], 
            "links": [], 
            "text": ""
        }, 
        {
            "segmentNumber": "54", 
            "he": [], 
            "links": [], 
            "text": ""
        }, 
        {
            "segmentNumber": "55", 
            "he": [], 
            "links": [], 
            "text": ""
        }, 
        {
            "segmentNumber": "56", 
            "he": [], 
            "links": [], 
            "text": ""
        }, 
        {
            "segmentNumber": "57", 
            "he": [], 
            "links": [], 
            "text": ""
        }, 
        {
            "segmentNumber": "58", 
            "he": [], 
            "links": [], 
            "text": ""
        }, 
        {
            "segmentNumber": "59", 
            "he": [], 
            "links": [], 
            "text": ""
        }, 
        {
            "segmentNumber": "60", 
            "he": [], 
            "links": [], 
            "text": ""
        }, 
        {
            "segmentNumber": "61", 
            "he": [], 
            "links": [], 
            "text": ""
        }, 
        {
            "segmentNumber": "62", 
            "he": [], 
            "links": [], 
            "text": ""
        }, 
        {
            "segmentNumber": "63", 
            "he": [], 
            "links": [], 
            "text": ""
        }, 
        {
            "segmentNumber": "64", 
            "he": [
                "אלמא בעל מצי מיפר - נדרי קישוט מדקניס ליה כתובה על שקיימו:"
            ], 
            "links": [
                {
                    "category": "Talmud", 
                    "sourceHeRef": "כתובות ע״א א:ס״ד", 
                    "sourceRef": "Ketubot 71a:64", 
                    "ref": "Ketubot 71a:64"
                }
            ], 
            "text": ""
        }, 
        {
            "segmentNumber": "65", 
            "he": [], 
            "links": [], 
            "text": ""
        }, 
        {
            "segmentNumber": "66", 
            "he": [], 
            "links": [], 
            "text": ""
        }, 
        {
            "segmentNumber": "67", 
            "he": [], 
            "links": [], 
            "text": ""
        }, 
        {
            "segmentNumber": "68", 
            "he": [
                "אם ארחץ אם לא ארחץ - בנדרים מפרש לה דאמרה תיאסר הנאת רחיצה עלי אם ארחץ ושבועה שלא ארחץ וכן אם אתקשט תיאסר הנאת קישוט עלי אם בבשמים אתקשט עד זמן פלוני:", 
                "אם לא אתקשט - שבועה שלא אתקשט:"
            ], 
            "links": [
                {
                    "category": "Talmud", 
                    "sourceHeRef": "כתובות ע״א א:ס״ח", 
                    "sourceRef": "Ketubot 71a:68", 
                    "ref": "Ketubot 71a:68"
                }, 
                {
                    "category": "Talmud", 
                    "sourceHeRef": "כתובות ע״א א:ס״ח", 
                    "sourceRef": "Ketubot 71a:68", 
                    "ref": "Ketubot 71a:68"
                }
            ], 
            "text": ""
        }, 
        {
            "segmentNumber": "69", 
            "he": [], 
            "links": [], 
            "text": ""
        }, 
        {
            "segmentNumber": "70", 
            "he": [
                "אין אלו נדרי עינוי נפש - ואין הבעל מיפר דלענות נפש כתיב:"
            ], 
            "links": [
                {
                    "category": "Talmud", 
                    "sourceHeRef": "כתובות ע״א א:ע׳", 
                    "sourceRef": "Ketubot 71a:70", 
                    "ref": "Ketubot 71a:70"
                }
            ], 
            "text": ""
        }
    ], 
    "commentaryBook": "Ketubot", 
    "heRef": "רש\"י על כתובות ע״א א", 
    "toSections": [
        "71a"
    ], 
    "sectionRef": "Rashi on Ketubot 71a", 
    "title": "Rashi on Ketubot 71a", 
    "lengths": [
        222, 
        11174
    ], 
    "next": "Rashi on Ketubot 71b:1", 
    "heBook": "רש\"י על כתובות", 
    "book": "Rashi on Ketubot", 
    "prev": "Rashi on Ketubot 70b:56", 
    "textDepth": 3, 
    "sectionNames": [
        "Daf", 
        "Line", 
        "Comment"
    ], 
    "sections": [
        "71a"
    ], 
    "commentator": "Rashi", 
    "isComplex": false, 
    "commentaryCategories": [
        "Talmud", 
        "Bavli", 
        "Seder Nashim"
    ], 
    "titleVariants": [
        "Rashi on Ketubot", 
        "Rashi on Kethuvoth", 
        "Rashi on Ketuvot", 
        "Rashi on Tractate Ketubot", 
        "Rashi on Talmud Ketubot", 
        "Rashi on Masekhet Ketubot"
    ], 
    "categories": [
        "Commentary", 
        "Talmud", 
        "Rashi"
    ], 
    "ref": "Rashi on Ketubot 71a", 
    "type": "Commentary", 
    "addressTypes": [
        "Talmud", 
        "Integer", 
        "Integer"
    ], 
    "heCommentator": "רש\"י", 
    "length": 222, 
    "indexTitle": "Rashi on Ketubot", 
    "heIndexTitle": "רש\"י על כתובות", 
    "alts": [], 
    "order": [
        14, 
        2
    ]
}