{
    "heTitleVariants": [
        "רש\"י על כתובות"
    ], 
    "heTitle": "רש\"י על כתובות י״ג א", 
    "content": [
        {
            "segmentNumber": "1", 
            "he": [
                "דא\"כ - דרב נחמן לא מיתוקם כרבן גמליאל אלא כרבי יהושע קשיא הלכתא אהלכתא:"
            ], 
            "links": [
                {
                    "category": "Talmud", 
                    "sourceHeRef": "כתובות י״ג א:א׳", 
                    "sourceRef": "Ketubot 13a:1", 
                    "ref": "Ketubot 13a:1"
                }
            ], 
            "text": ""
        }, 
        {
            "segmentNumber": "2", 
            "he": [], 
            "links": [], 
            "text": ""
        }, 
        {
            "segmentNumber": "3", 
            "he": [], 
            "links": [], 
            "text": ""
        }, 
        {
            "segmentNumber": "4", 
            "he": [], 
            "links": [], 
            "text": ""
        }, 
        {
            "segmentNumber": "5", 
            "he": [
                "מתני' דרוסת איש את - קודם שארסתיך:"
            ], 
            "links": [
                {
                    "category": "Talmud", 
                    "sourceHeRef": "כתובות י״ג א:ה׳", 
                    "sourceRef": "Ketubot 13a:5", 
                    "ref": "Ketubot 13a:5"
                }
            ], 
            "text": ""
        }, 
        {
            "segmentNumber": "6", 
            "he": [], 
            "links": [], 
            "text": ""
        }, 
        {
            "segmentNumber": "7", 
            "he": [], 
            "links": [], 
            "text": ""
        }, 
        {
            "segmentNumber": "8", 
            "he": [], 
            "links": [], 
            "text": ""
        }, 
        {
            "segmentNumber": "9", 
            "he": [
                "גמ' טענתייהו במאי - מה היא תובעתו ומה הוא רוצה ליתן:"
            ], 
            "links": [
                {
                    "category": "Talmud", 
                    "sourceHeRef": "כתובות י״ג א:ט׳", 
                    "sourceRef": "Ketubot 13a:9", 
                    "ref": "Ketubot 13a:9"
                }
            ], 
            "text": ""
        }, 
        {
            "segmentNumber": "10", 
            "he": [], 
            "links": [], 
            "text": ""
        }, 
        {
            "segmentNumber": "11", 
            "he": [
                "במאתים ומנה - היא אומרת מוכת עץ אני ויש לי מאתים ואע\"פ שלא הכרת בי והוא אומר דרוסת איש את ואין לך אלא מנה וקסבר כנסה בחזקת בתולה ונמצאת בעולה יש לה כתובה מנה:"
            ], 
            "links": [
                {
                    "category": "Talmud", 
                    "sourceHeRef": "כתובות י״ג א:י״א", 
                    "sourceRef": "Ketubot 13a:11", 
                    "ref": "Ketubot 13a:11"
                }
            ], 
            "text": ""
        }, 
        {
            "segmentNumber": "12", 
            "he": [
                "במנה ולא כלום - היא תובעת מנה והוא אומר אין ליך כלום:"
            ], 
            "links": [
                {
                    "category": "Talmud", 
                    "sourceHeRef": "כתובות י״ג א:י״ב", 
                    "sourceRef": "Ketubot 13a:12", 
                    "ref": "Ketubot 13a:12"
                }
            ], 
            "text": ""
        }, 
        {
            "segmentNumber": "13", 
            "he": [], 
            "links": [], 
            "text": ""
        }, 
        {
            "segmentNumber": "14", 
            "he": [
                "סבר לה - תנא דמתני' דאילו רבי יוחנן לא שביק רבנן ועביד כר\"מ:"
            ], 
            "links": [
                {
                    "category": "Talmud", 
                    "sourceHeRef": "כתובות י״ג א:י״ד", 
                    "sourceRef": "Ketubot 13a:14", 
                    "ref": "Ketubot 13a:14"
                }
            ], 
            "text": ""
        }, 
        {
            "segmentNumber": "15", 
            "he": [], 
            "links": [], 
            "text": ""
        }, 
        {
            "segmentNumber": "16", 
            "he": [], 
            "links": [], 
            "text": ""
        }, 
        {
            "segmentNumber": "17", 
            "he": [], 
            "links": [], 
            "text": ""
        }, 
        {
            "segmentNumber": "18", 
            "he": [], 
            "links": [], 
            "text": ""
        }, 
        {
            "segmentNumber": "19", 
            "he": [
                "בשלמא לרבי אלעזר - דאמר דרוסת איש אין לה כלום:"
            ], 
            "links": [], 
            "text": ""
        }, 
        {
            "segmentNumber": "20", 
            "he": [
                "קסבר - ר' יוחנן כנסה בחזקת בתולה ונמצאת בעולה יש לה מנה הלכך על כרחך מוכת עץ דמתני' ר\"מ היא דאמר מאתים והוא אומר דרוסת איש את ויש ליך מנה דאי רבנן היא לא תבעה אלא מנה והוא אומר דרוסת איש את ויש לך מנה מאי איכא בין טענתא דידיה לטענתא דידה:"
            ], 
            "links": [
                {
                    "category": "Talmud", 
                    "sourceHeRef": "כתובות י״ג א:כ׳", 
                    "sourceRef": "Ketubot 13a:20", 
                    "ref": "Ketubot 13a:20"
                }
            ], 
            "text": ""
        }, 
        {
            "segmentNumber": "21", 
            "he": [], 
            "links": [], 
            "text": ""
        }, 
        {
            "segmentNumber": "22", 
            "he": [
                "בשלמא לרבי אלעזר - דאמר דרוסת איש אין לה כלום:", 
                "היינו דקתני תרתי - בבי במתני' גבי פלוגתא דממונא היא אומרת משארסתני נאנסתי והיא אומרת מוכת עץ אני:"
            ], 
            "links": [
                {
                    "category": "Talmud", 
                    "sourceHeRef": "כתובות י״ג א:כ״ב", 
                    "sourceRef": "Ketubot 13a:22", 
                    "ref": "Ketubot 13a:22"
                }, 
                {
                    "category": "Talmud", 
                    "sourceHeRef": "כתובות י״ג א:כ״ב", 
                    "sourceRef": "Ketubot 13a:22", 
                    "ref": "Ketubot 13a:22"
                }
            ], 
            "text": ""
        }, 
        {
            "segmentNumber": "23", 
            "he": [
                "חדא לאפוקי מדרמי בר חמא וחדא לאפוקי כו' - היא אומרת משארסתני נאנסתי תנא למיתני בה והיה מקחי מקח טעות לגמרי משמע ואין לה כלום לאפוקי מדרב חייא בר אבין דאמר לעיל (דף יא:) כנסה בחזקת בתולה ונמצאת בעולה יש לה כתובה מנה ותנא היא אומרת מוכת עץ אני לאפוקי מדרמי בר חמא דאמר לעיל גבי מוכת עץ אבל לא הכיר בה דברי הכל ולא כלום:"
            ], 
            "links": [
                {
                    "category": "Talmud", 
                    "sourceHeRef": "כתובות י״ג א:כ״ג", 
                    "sourceRef": "Ketubot 13a:23", 
                    "ref": "Ketubot 13a:23"
                }
            ], 
            "text": ""
        }, 
        {
            "segmentNumber": "24", 
            "he": [
                "אלא לרבי יוחנן - דאמר כנסה בחזקת בתולה ונמצאת בעולה יש לה כתובה מנה אם כן מאי מקח טעות דקתני אמאתים אבל מנה יש לה למה לי למיתני כלל לההיא אי לאשמועינן פלוגתא דרבן גמליאל ור' יהושע בברי ושמא ואוקי ממונא בחזקת מריה ליתני חדא לאפוקי מדרמי בר חמא ולאשמעינן פלוגתייהו:"
            ], 
            "links": [
                {
                    "category": "Talmud", 
                    "sourceHeRef": "כתובות י״ג א:כ״ד", 
                    "sourceRef": "Ketubot 13a:24", 
                    "ref": "Ketubot 13a:24"
                }
            ], 
            "text": ""
        }, 
        {
            "segmentNumber": "25", 
            "he": [], 
            "links": [], 
            "text": ""
        }, 
        {
            "segmentNumber": "26", 
            "he": [
                "דאיכא למימר מגו - מגו דאי בעיא אמרה מוכת עץ אני:", 
                "בתרייתא - ליכא למימר מגו לר' יוחנן דמוקי מתני' כרבי מאיר דאמר מוכת עץ שלא הכיר בה כתובתה מאתים ליכא שום מגו דמה לי אומרת מוכת עץ אני תחתיך מה לי אמרה מעיקרא:"
            ], 
            "links": [
                {
                    "category": "Talmud", 
                    "sourceHeRef": "כתובות י״ג א:כ״ו", 
                    "sourceRef": "Ketubot 13a:26", 
                    "ref": "Ketubot 13a:26"
                }, 
                {
                    "category": "Talmud", 
                    "sourceHeRef": "כתובות י״ג א:כ״ו", 
                    "sourceRef": "Ketubot 13a:26", 
                    "ref": "Ketubot 13a:26"
                }
            ], 
            "text": ""
        }, 
        {
            "segmentNumber": "27", 
            "he": [
                "מתני' [ראוה מדברת - בפנויה ומשום חששא דפסולין לנתין ולממזר וכיון שנבעלה לפסול פסלה מן הכהונה]:"
            ], 
            "links": [
                {
                    "category": "Talmud", 
                    "sourceHeRef": "כתובות י״ג א:כ״ז", 
                    "sourceRef": "Ketubot 13a:27", 
                    "ref": "Ketubot 13a:27"
                }
            ], 
            "text": ""
        }, 
        {
            "segmentNumber": "28", 
            "he": [], 
            "links": [], 
            "text": ""
        }, 
        {
            "segmentNumber": "29", 
            "he": [], 
            "links": [], 
            "text": ""
        }, 
        {
            "segmentNumber": "30", 
            "he": [
                "נאמנת - וכשרה לכהונה ולא מספקינן לה בנבעלה לפסול לה:"
            ], 
            "links": [
                {
                    "category": "Talmud", 
                    "sourceHeRef": "כתובות י״ג א:ל׳", 
                    "sourceRef": "Ketubot 13a:30", 
                    "ref": "Ketubot 13a:30"
                }
            ], 
            "text": ""
        }, 
        {
            "segmentNumber": "31", 
            "he": [], 
            "links": [], 
            "text": ""
        }, 
        {
            "segmentNumber": "32", 
            "he": [
                "היתה מעוברת כו' - בגמ' מפרש תרתי למה לי:"
            ], 
            "links": [
                {
                    "category": "Talmud", 
                    "sourceHeRef": "כתובות י״ג א:ל״ב", 
                    "sourceRef": "Ketubot 13a:32", 
                    "ref": "Ketubot 13a:32"
                }
            ], 
            "text": ""
        }, 
        {
            "segmentNumber": "33", 
            "he": [], 
            "links": [], 
            "text": ""
        }, 
        {
            "segmentNumber": "34", 
            "he": [], 
            "links": [], 
            "text": ""
        }, 
        {
            "segmentNumber": "35", 
            "he": [], 
            "links": [], 
            "text": ""
        }, 
        {
            "segmentNumber": "36", 
            "he": [], 
            "links": [], 
            "text": ""
        }, 
        {
            "segmentNumber": "37", 
            "he": [], 
            "links": [], 
            "text": ""
        }, 
        {
            "segmentNumber": "38", 
            "he": [], 
            "links": [], 
            "text": ""
        }, 
        {
            "segmentNumber": "39", 
            "he": [], 
            "links": [], 
            "text": ""
        }, 
        {
            "segmentNumber": "40", 
            "he": [
                "גמ' נסתרה - ואע\"פ שלא ראוה שנבעלה נפסלה לכהונה לרבי יהושע כדלקמן דמעלה עשו ביוחסין:"
            ], 
            "links": [
                {
                    "category": "Talmud", 
                    "sourceHeRef": "כתובות י״ג א:מ׳", 
                    "sourceRef": "Ketubot 13a:40", 
                    "ref": "Ketubot 13a:40"
                }
            ], 
            "text": ""
        }, 
        {
            "segmentNumber": "41", 
            "he": [], 
            "links": [], 
            "text": ""
        }, 
        {
            "segmentNumber": "42", 
            "he": [], 
            "links": [], 
            "text": ""
        }, 
        {
            "segmentNumber": "43", 
            "he": [
                "אכלה ומחתה פיה - אלמא נקט תשמיש בלשון אכילה:"
            ], 
            "links": [
                {
                    "category": "Talmud", 
                    "sourceHeRef": "כתובות י״ג א:מ״ג", 
                    "sourceRef": "Ketubot 13a:43", 
                    "ref": "Ketubot 13a:43"
                }
            ], 
            "text": ""
        }, 
        {
            "segmentNumber": "44", 
            "he": [
                "בשלמא לזעירי היינו דקתני תרתי - מדברת להודיעך כחו דר' יהושע דאע\"ג דלא ראוה שנבעלה פסולה ומעוברת להודיעך כחו דרבן גמליאל:"
            ], 
            "links": [
                {
                    "category": "Talmud", 
                    "sourceHeRef": "כתובות י״ג א:מ״ד", 
                    "sourceRef": "Ketubot 13a:44", 
                    "ref": "Ketubot 13a:44"
                }
            ], 
            "text": ""
        }, 
        {
            "segmentNumber": "45", 
            "he": [], 
            "links": [], 
            "text": ""
        }, 
        {
            "segmentNumber": "46", 
            "he": [
                "בבתה - אם העובר הזה נקבה תנשא לכהונה לר\"ג דאי אשמועינן בדידה הוה אמינא איהי הואיל דהוה לה חזקה דכשרות מעיקרא אמרי' אוקמה אחזקה ואל תפסילנה מספק אבל עובר דלא הוה ליה חזקה דכשרות אימא לא:"
            ], 
            "links": [
                {
                    "category": "Talmud", 
                    "sourceHeRef": "כתובות י״ג א:מ״ו", 
                    "sourceRef": "Ketubot 13a:46", 
                    "ref": "Ketubot 13a:46"
                }
            ], 
            "text": ""
        }, 
        {
            "segmentNumber": "47", 
            "he": [
                "הניחא למ\"ד כו' - לקמן בשמעתין:"
            ], 
            "links": [
                {
                    "category": "Talmud", 
                    "sourceHeRef": "כתובות י״ג א:מ״ז", 
                    "sourceRef": "Ketubot 13a:47", 
                    "ref": "Ketubot 13a:47"
                }
            ], 
            "text": ""
        }, 
        {
            "segmentNumber": "48", 
            "he": [], 
            "links": [], 
            "text": ""
        }, 
        {
            "segmentNumber": "49", 
            "he": [
                "מאי איכא למימר - תרתי להכשיר בה למה לי כיון דמדברת בראוה שנבעלה:"
            ], 
            "links": [
                {
                    "category": "Talmud", 
                    "sourceHeRef": "כתובות י״ג א:מ״ט", 
                    "sourceRef": "Ketubot 13a:49", 
                    "ref": "Ketubot 13a:49"
                }
            ], 
            "text": ""
        }, 
        {
            "segmentNumber": "50", 
            "he": [], 
            "links": [], 
            "text": ""
        }, 
        {
            "segmentNumber": "51", 
            "he": [], 
            "links": [], 
            "text": ""
        }, 
        {
            "segmentNumber": "52", 
            "he": [], 
            "links": [], 
            "text": ""
        }, 
        {
            "segmentNumber": "53", 
            "he": [
                "מלקין על היחוד - מכת מרדות:", 
                "ואין אוסרין - אשה על בעלה בשביל יחוד בעלמא:", 
                "לימא דלא כרבי יהושע - דמשום יחוד מחזיק לה בנבעלת:"
            ], 
            "links": [
                {
                    "category": "Talmud", 
                    "sourceHeRef": "כתובות י״ג א:נ״ג", 
                    "sourceRef": "Ketubot 13a:53", 
                    "ref": "Ketubot 13a:53"
                }, 
                {
                    "category": "Talmud", 
                    "sourceHeRef": "כתובות י״ג א:נ״ג", 
                    "sourceRef": "Ketubot 13a:53", 
                    "ref": "Ketubot 13a:53"
                }, 
                {
                    "category": "Talmud", 
                    "sourceHeRef": "כתובות י״ג א:נ״ג", 
                    "sourceRef": "Ketubot 13a:53", 
                    "ref": "Ketubot 13a:53"
                }
            ], 
            "text": ""
        }, 
        {
            "segmentNumber": "54", 
            "he": [
                "ביוחסין - בכהונה:"
            ], 
            "links": [
                {
                    "category": "Talmud", 
                    "sourceHeRef": "כתובות י״ג א:נ״ד", 
                    "sourceRef": "Ketubot 13a:54", 
                    "ref": "Ketubot 13a:54"
                }
            ], 
            "text": ""
        }, 
        {
            "segmentNumber": "55", 
            "he": [], 
            "links": [], 
            "text": ""
        }, 
        {
            "segmentNumber": "56", 
            "he": [
                "לסתר - משמע יחוד בעלמא:"
            ], 
            "links": [
                {
                    "category": "Talmud", 
                    "sourceHeRef": "כתובות י״ג א:נ״ו", 
                    "sourceRef": "Ketubot 13a:56", 
                    "ref": "Ketubot 13a:56"
                }
            ], 
            "text": ""
        }
    ], 
    "commentaryBook": "Ketubot", 
    "heRef": "רש\"י על כתובות י״ג א", 
    "toSections": [
        "13a"
    ], 
    "sectionRef": "Rashi on Ketubot 13a", 
    "title": "Rashi on Ketubot 13a", 
    "lengths": [
        222, 
        11174
    ], 
    "next": "Rashi on Ketubot 13b:1", 
    "heBook": "רש\"י על כתובות", 
    "book": "Rashi on Ketubot", 
    "prev": "Rashi on Ketubot 12b:44", 
    "textDepth": 3, 
    "sectionNames": [
        "Daf", 
        "Line", 
        "Comment"
    ], 
    "sections": [
        "13a"
    ], 
    "commentator": "Rashi", 
    "isComplex": false, 
    "commentaryCategories": [
        "Talmud", 
        "Bavli", 
        "Seder Nashim"
    ], 
    "titleVariants": [
        "Rashi on Ketubot", 
        "Rashi on Kethuvoth", 
        "Rashi on Ketuvot", 
        "Rashi on Tractate Ketubot", 
        "Rashi on Talmud Ketubot", 
        "Rashi on Masekhet Ketubot"
    ], 
    "categories": [
        "Commentary", 
        "Talmud", 
        "Rashi"
    ], 
    "ref": "Rashi on Ketubot 13a", 
    "type": "Commentary", 
    "addressTypes": [
        "Talmud", 
        "Integer", 
        "Integer"
    ], 
    "heCommentator": "רש\"י", 
    "length": 222, 
    "indexTitle": "Rashi on Ketubot", 
    "heIndexTitle": "רש\"י על כתובות", 
    "alts": [], 
    "order": [
        14, 
        2
    ]
}