[{
    "links": [
        [
            "48b:1:1", 
            "Ketubot 48b:1", 
            "Talmud"
        ], 
        [
            "48b:4:1", 
            "Ketubot 48b:4", 
            "Talmud"
        ], 
        [
            "48b:6:1", 
            "Ketubot 48b:6", 
            "Talmud"
        ], 
        [
            "48b:8:1", 
            "Ketubot 48b:8", 
            "Talmud"
        ], 
        [
            "48b:13:1", 
            "Ketubot 48b:13", 
            "Talmud"
        ], 
        [
            "48b:14:1", 
            "Ketubot 48b:14", 
            "Talmud"
        ], 
        [
            "48b:17:1", 
            "Ketubot 48b:17", 
            "Talmud"
        ], 
        [
            "48b:18:1", 
            "Ketubot 48b:18", 
            "Talmud"
        ], 
        [
            "48b:20:1", 
            "Ketubot 48b:20", 
            "Talmud"
        ], 
        [
            "48b:23:1", 
            "Ketubot 48b:23", 
            "Talmud"
        ], 
        [
            "48b:26:1", 
            "Ketubot 48b:26", 
            "Talmud"
        ], 
        [
            "48b:27:1", 
            "Ketubot 48b:27", 
            "Talmud"
        ], 
        [
            "48b:29:1", 
            "Ketubot 48b:29", 
            "Talmud"
        ], 
        [
            "48b:33:1", 
            "Ketubot 48b:33", 
            "Talmud"
        ], 
        [
            "48b:46:1", 
            "Ketubot 48b:46", 
            "Talmud"
        ], 
        [
            "48b:49:1", 
            "Ketubot 48b:49", 
            "Talmud"
        ], 
        [
            "48b:53:1", 
            "Ketubot 48b:53", 
            "Talmud"
        ], 
        [
            "48b:57:1", 
            "Ketubot 48b:57", 
            "Talmud"
        ], 
        [
            "48b:35:1", 
            "Ketubot 48b:35", 
            "Talmud"
        ], 
        [
            "48b:37:1", 
            "Ketubot 48b:37", 
            "Talmud"
        ], 
        [
            "48b:42:1", 
            "Ketubot 48b:42", 
            "Talmud"
        ], 
        [
            "48b:55:1", 
            "Ketubot 48b:55", 
            "Talmud"
        ], 
        [
            "48b:8:2", 
            "Ketubot 48b:8", 
            "Talmud"
        ], 
        [
            "48b:13:2", 
            "Ketubot 48b:13", 
            "Talmud"
        ], 
        [
            "48b:33:2", 
            "Ketubot 48b:33", 
            "Talmud"
        ], 
        [
            "48b:35:2", 
            "Ketubot 48b:35", 
            "Talmud"
        ], 
        [
            "48b:8:3", 
            "Ketubot 48b:8", 
            "Talmud"
        ], 
        [
            "48b:33:3", 
            "Ketubot 48b:33", 
            "Talmud"
        ]
    ], 
    "text": [], 
    "heTitleVariants": [
        "רש\"י על כתובות"
    ], 
    "heTitle": "רש\"י על כתובות מ״ח ב", 
    "commentaryBook": "Ketubot", 
    "heRef": "רש\"י על כתובות מ״ח ב", 
    "toSections": [
        "48b"
    ], 
    "sectionRef": "Rashi on Ketubot 48b", 
    "title": "Rashi on Ketubot 48b", 
    "lengths": [
        222, 
        11174
    ], 
    "next": "Rashi on Ketubot 49a:1", 
    "heBook": "רש\"י על כתובות", 
    "book": "Rashi on Ketubot", 
    "prev": "Rashi on Ketubot 48a:45", 
    "textDepth": 3, 
    "sectionNames": [
        "Daf", 
        "Line", 
        "Comment"
    ], 
    "sections": [
        "48b"
    ], 
    "commentator": "Rashi", 
    "isComplex": false, 
    "commentaryCategories": [
        "Talmud", 
        "Bavli", 
        "Seder Nashim"
    ], 
    "titleVariants": [
        "Rashi on Ketubot", 
        "Rashi on Kethuvoth", 
        "Rashi on Ketuvot", 
        "Rashi on Tractate Ketubot", 
        "Rashi on Talmud Ketubot", 
        "Rashi on Masekhet Ketubot"
    ], 
    "categories": [
        "Commentary", 
        "Talmud", 
        "Rashi"
    ], 
    "he": [
        [
            "לרשות הבעל לנשואין - כלומר שתכנס לחופה לשם נשואין שתהא מסורה לרשות הבעל:"
        ], 
        [], 
        [], 
        [
            "מסרו שלוחי האב - שהיה האב משלחה לו ע\"י שלוחיו ופגעו בשלוחי הבעל ומסרוה להם:"
        ], 
        [], 
        [
            "גמ' ממשנה ראשונה - בפרק אע\"פ:"
        ], 
        [], 
        [
            "הגיע זמן - שנים עשר חדש לבתולה משתבעה הבעל להכין עצמה לנשואין ולאלמנה שלשים יום:", 
            "ולא נישאו - כגון שעכב החתן או אונס שלו:", 
            "ואוכלות בתרומה - אם בת ישראל מאורסת לכהן היא:"
        ], 
        [], 
        [], 
        [], 
        [], 
        [
            "מסירתה לכל - ליורשה וליטמא לה ולמעשה ידיה ולכל דבר איש באשה קיימא מסירת שלוחים במקום חופה:", 
            "חוץ מאכילת תרומה - דטעמא דידה משום סימפון כדלקמן בפרק אע\"פ (דף נז:) ואכתי איכא למיחש להכי שמא ימצאו בה מומין ויהיו קידושיה ונישואיה טעות:"
        ], 
        [
            "ורב אסי אמר אף לתרומה - קסבר הא דאמור רבנן ארוסה לא תאכל בתרומה משום שמא ימזגו לה כוס בבית אביה ותשקה לאחיה ולאחיותיה [שם] והשתא דאין אחיה ואחיותיה אצלה שרי:"
        ], 
        [], 
        [], 
        [
            "לעולם היא ברשות האב - ואוקימנא דהאי לעולם משום אכילת תרומה נקט לה וקתני עד שתכנס לחופה:"
        ], 
        [
            "אמר להו רב - לתלמידו ובנו:"
        ], 
        [], 
        [
            "לא תיזלו בתר איפכא - לא תשיבו בבית המדרש ממשנה הנהפכת לשני צדדים שיוכל המתרץ לתרץ משמעה אחר דבריו:"
        ], 
        [], 
        [], 
        [
            "שמואל אמר לירושתה - הוא דמהניא מסירה שאם מתה בדרך בעל יורש נדונייתה דאע\"ג דאמר מר (לקמן דף נג.) אשתו ארוסה מתה אינו יורשה הכא כיון דמסרה אחולי אחיל אב מהשתא מחמת קירוב נישואין אבל לתרומה ולהפרת נדריה שלא בשותפות ולמציאתה דאינה אלא משום איבה ואכתי ליכא למיחש להכי לא מהניא מסירה כי חופה:"
        ], 
        [], 
        [], 
        [
            "לכתובתה - הוא דמהניא מסירה והשתא קא בעי הש\"ס למילתיה:"
        ], 
        [
            "מאי היא דאם מתה ירית - בעל את הנדוניא שפסק לה האב:"
        ], 
        [], 
        [
            "לומר כתובתה מאחר מנה - לשוייה אלמנה מן הנשואין שלא תיקנו לה חכמים אלא מנה מן הכונסה אחרי כן:"
        ], 
        [], 
        [], 
        [], 
        [
            "הלך האב כו' - אין מסירתו מסירה:", 
            "ונכנסה עמו - עם בעלה ללון כשאר לינה בדרך בעלמא ולא לשם נשואין:", 
            "שכתובתה - מטלטלין שייחד אביה לנדונייתה:"
        ], 
        [], 
        [
            "במה דברים אמורים - שמסירתה לשלוחים הוו נשואין:", 
            "ליורשה - להא מילתא לחודא הוא דהויא נשואין:"
        ], 
        [], 
        [
            "תיובתא דכולהו - הנך דפליגי אדשמואל:"
        ], 
        [], 
        [], 
        [], 
        [], 
        [
            "הא סתמא - אם נכנסה ושהתה עמו סתם אמרינן נשואין נינהו וזו היא כניסת חופתה ואע\"פ שלא נבעלה הוי נשואין:"
        ], 
        [], 
        [], 
        [], 
        [
            "סתמי סתמי קתני - הא דקתני נכנסה עמו ללון לא שפירשה ללון אני נכנסת ולא לשם נשואין והא דקתני נכנסה עמו לנשואין לא שפירשה לנשואין אני נכנסת אלא זו וזו שנכנסה סתם ותנא הוא דקאמר דהיכא דחצר שלה סתם כניסתה לא לנשואין הן אלא ללון והיכא דחצר שלו סתם כניסתה לשם נשואין:"
        ], 
        [], 
        [], 
        [
            "הרי זו בחנק - כנשואה ולא בסקילה כארוסה:"
        ], 
        [], 
        [], 
        [], 
        [
            "ואימא פרט לכשנכנסה לחופה ולא נבעלה - דייך אם מיעטת כגון זו דלא תימא נערה בתולה כתיב גבי סקילה והא אכתי בתולה הואי אבל זו שאף לחופה לא נכנסה לא מיעטה הכתוב ואכתי בית אביה קרינא ביה:"
        ], 
        [], 
        [
            "חופה - בלא בעילה בהדיא כתיבא דלאו בסקילה היא וכי איצטריך האי למסירה:"
        ], 
        [], 
        [
            "אילימא נשואה ממש - שנכנסה לחופה ונבעלה:"
        ]
    ], 
    "ref": "Rashi on Ketubot 48b", 
    "type": "Commentary", 
    "addressTypes": [
        "Talmud", 
        "Integer", 
        "Integer"
    ], 
    "heCommentator": "רש\"י", 
    "length": 222, 
    "indexTitle": "Rashi on Ketubot", 
    "heIndexTitle": "רש\"י על כתובות", 
    "alts": [], 
    "order": [
        14, 
        2
    ]
}]