{
    "heTitleVariants": [
        "רשב״א על נדה"
    ], 
    "heTitle": "רשב״א על נדה מ״ט ב", 
    "content": [
        {
            "segmentNumber": "1", 
            "he": "<b>תנינא חדא זימנא הכל כשרין לדון דיני ממונות.</b> תימא מאי קושיא דכולהו נמי תנינא כל חדא וחדא בדוכתא כדמפרש לקמן גבי כל שחייב בפיאה חייב במעשרות וכל שיש לו ביעור יש לו שביעית, דהכא לאו לגופייהו איצטריך אלא אגב גררא דכיוצא בו קתני להו לכולהו, ותירצו בתוספו' דמימרא דרב יהודה בלחוד הוא דקשיא להו למאי איצטריך לפרושי כאן תרי זימני והכי קאמר תנינא חדא זימנא וכבר פירשה התם רב יהודה ומתרצינן דחדא מינייהו לאו ממזר איתמר אלא נר ותרוייהו איצטריכו ליה. ודומה לה איכא בשבת פרק ר' עקיבא (קלג, .) דקאמר וצריכא על מימריה דרב יהודה אמר שמואל דאמר הלכה כר' עקיבא כל מלאכה שאיפשר לעשותה מערב שבת אינה דוחה את השבת. וא\"ת מכיון דאין כאן משנה מיותרת מאין לו לרב יהודה לרבות גר וממזר. תירץ הרמב\"ן נ\"ר דרב יהודה סברא דנפשיה קאמר דכולהו פסולין שהם ישראלים, כשרים לדון דיני ממונות ולא מיפסלי יוחסין אלא לדיני נפשות.", 
            "links": [
                {
                    "category": "Talmud", 
                    "sourceHeRef": "נדה מ״ט ב:כ״ה", 
                    "index_title": "Niddah", 
                    "sourceRef": "Niddah 49b:25"
                }
            ], 
            "text": ""
        }, 
        {
            "segmentNumber": "2", 
            "he": "<b>וצריכי דאי אשמועינן ממזר משום דאתי מטפה כשרה אבל נר דאתי מטפה פסולה אימא לא צריכא ואי אשמועינן גר משום דראוי לבוא בקהל.</b> ה\"ג בספרי דוקני ואהכל כשרים דרישא קאי, אבל לדיני נפשות לא צריכא לאשמועינן גר וממזר דאפילו חלל נמי פסול להו, וכדקתני בסנהדרין (לב, א) ואין הכל כשרין לדון דיני נפשות אלא לויים כהנים וישראלים המשיאים לכהונה, אלמא חלל פסול דאף הוא אינו מן המשיאין לכהונה. ויש גורסים וצריכא דאי אשמועינן ממזר משום דאין ראוי לבוא בקהל ואי אשמועינן גר משום דאתי מטפה פסולה ואסיפא דקתני ואין הכל כשרין לדון דיני נפשות קאי, ולפי גרסא זו מפרשי דחלל כשר לדון דיני נפשות דהא לא מפיק רב יהודה אלא גר, ומשיאים לכהונה דקתני התם לאו לאפוקי חלל אלא לאפוקי גר וממזר והיינו דקא פריש רב יהודה והא דתנן בקידושין (עו, .) אין בודקין מן הסנהדרין ולמעלה ומפקינן לה מדכתיב ונשאו אתך בדומים לך, ההוא בסנהדרין קבועין אבל כשר הוא להושיבו בדיני נפשות ולהמנות לשעה עמהן. הריא\"ף ז\"ל פי' לזו במס' סנהדרין לגר שאמו מישראל. ואינו מחוור בעיני דאי בגוי שבא על בת ישראל לאו גר מיקרי דבן בתך הבא מן הגוי קרוי בנך ואי בגר שבא על בת ישראל לאחר שנתגייר לאו בא מטפה פסולה הוא וכבר כתבתיה בארוכה ביבמות פ' מצות חליצה בס\"ד.", 
            "links": [
                {
                    "category": "Talmud", 
                    "sourceHeRef": "נדה מ״ט ב:ל״ג", 
                    "index_title": "Niddah", 
                    "sourceRef": "Niddah 49b:33"
                }
            ], 
            "text": ""
        }
    ], 
    "heRef": "רשב״א על נדה מ״ט ב", 
    "toSections": [
        "49b"
    ], 
    "sectionRef": "Rashba on Niddah 49b", 
    "title": "Rashba on Niddah 49b", 
    "next": "Rashba on Niddah 50a", 
    "heBook": "רשב״א על נדה", 
    "book": "Rashba on Niddah", 
    "prev": "Rashba on Niddah 49a", 
    "textDepth": 2, 
    "sectionNames": [
        "Daf", 
        "Comment"
    ], 
    "sections": [
        "49b"
    ], 
    "isComplex": false, 
    "titleVariants": [
        "Rashba on Niddah"
    ], 
    "categories": [
        "Commentary2", 
        "Talmud", 
        "Rashba"
    ], 
    "ref": "Rashba on Niddah 49b", 
    "type": "Commentary2", 
    "addressTypes": [
        "Talmud", 
        "Integer"
    ], 
    "indexTitle": "Rashba on Niddah", 
    "heIndexTitle": "רשב״א על נדה", 
    "alts": [], 
    "order": ""
}