[{
    "links": [
        [
            "435:1", 
            "Magen Avraham 435:1", 
            "Halakhah"
        ], 
        [
            "435:1", 
            "Magen Avraham 435:2", 
            "Halakhah"
        ], 
        [
            "435:1", 
            "Be'er Hetev on Shulchan Arukh, Orach Chayyim 435:1", 
            "Halakhah"
        ], 
        [
            "435:1", 
            "Be'er Hetev on Shulchan Arukh, Orach Chayyim 435:2", 
            "Halakhah"
        ], 
        [
            "435:1", 
            "Be'er Hetev on Shulchan Arukh, Orach Chayyim 435:3", 
            "Halakhah"
        ]
    ], 
    "text": [], 
    "heTitleVariants": [
        "אורח חיים", 
        "שולחן ערוך אורח חיים"
    ], 
    "heTitle": "אורח חיים", 
    "heRef": "אורח חיים תל״ה", 
    "toSections": [
        435
    ], 
    "sectionRef": "Shulchan Arukh, Orach Chayyim 435", 
    "lengths": [
        697
    ], 
    "next": "Shulchan Arukh, Orach Chayyim 436", 
    "book": "Shulchan Arukh, Orach Chayyim", 
    "prev": "Shulchan Arukh, Orach Chayyim 434", 
    "textDepth": 2, 
    "sectionNames": [
        "Siman", 
        "Se'if"
    ], 
    "sections": [
        435
    ], 
    "isComplex": false, 
    "titleVariants": [
        "shulchan aruch orach chaim", 
        "O.Ch.", 
        "Orach Chayyim", 
        "Shulchan Arukh, Orach Chayyim", 
        "Orah Hayyim", 
        "Orach Chaim"
    ], 
    "categories": [
        "Halakhah", 
        "Shulchan Arukh"
    ], 
    "he": [
        "לֹא בָּדַק בְּלֵיל י''ד, יִבְדֹּק בְּיוֹם י''ד בְּאֵיזוֹ שָׁעָה שֶׁיִּזְכֹּר מֵהַיּוֹם. לֹא בָּדַק כָּל יוֹם י''ד, יִבְדֹּק בְּתוֹךְ הַפֶּסַח. לֹא בָּדַק בְּתוֹךְ הַפֶּסַח, יִבְדֹּק לְאַחַר הַפֶּסַח, כְּדֵי שֶׁלֹּא יִכָּשֵׁל בְּחָמֵץ שֶׁעָבַר עָלָיו הַפֶּסַח שֶׁהוּא אָסוּר בַּהֲנָאָה; וְעַל הַבְּדִיקָה שֶׁלְּאַחַר הַפֶּסַח לֹא יְבָרֵךְ. \n"
    ], 
    "ref": "Shulchan Arukh, Orach Chayyim 435", 
    "type": "Halakhah", 
    "addressTypes": [
        "Integer", 
        "Integer"
    ], 
    "length": 697, 
    "indexTitle": "Shulchan Arukh, Orach Chayyim", 
    "heIndexTitle": "אורח חיים", 
    "alts": [], 
    "order": [
        1
    ]
}]