{
    "content": [
        {
            "segmentNumber": "1", 
            "links": [
                {
                    "category": "Tanakh", 
                    "index_title": "Proverbs", 
                    "sourceHeRef": "משלי כ׳:א׳", 
                    "sourceRef": "Proverbs 20:1"
                }, 
                {
                    "category": "Tanakh", 
                    "index_title": "Proverbs", 
                    "sourceHeRef": "משלי ט׳:ה׳", 
                    "sourceRef": "Proverbs 9:5"
                }, 
                {
                    "category": "Tanakh", 
                    "index_title": "Psalms", 
                    "sourceHeRef": "תהילים ק״ד:ט״ו", 
                    "sourceRef": "Psalms 104:15"
                }
            ], 
            "he": "(משלי כ א): \"לץ היין, הומה שכר\" - אמר רבי זעירא: אלו דברי תורה שנמשלו ביין, שנאמר (משלי ט ה): \"לכו לחמו בלחמי ושתו ביין מסכתי\", וכל מי שמתלוצץ בדברי תורה הוא נקרא לץ. \"לץ היין הומה שכר\" - אמר רבי יוחנן: כל מיני משקין יפין לחלום חוץ מן היין, למה? אם זכה - משמחו, ואם לאו - משממו: משמחו - דכתיב (תהלים קד טו): \"יין ישמח לבב אנוש\". אם לא זכה משממו - דכתיב \"לץ היין הומה שכר וכל שוגה בו לא יחכם\"."
        }, 
        {
            "segmentNumber": "2", 
            "links": [
                {
                    "category": "Tanakh", 
                    "index_title": "Exodus", 
                    "sourceHeRef": "שמות י״ט:י״ח", 
                    "sourceRef": "Exodus 19:18"
                }, 
                {
                    "category": "Tanakh", 
                    "index_title": "Ezekiel", 
                    "sourceHeRef": "יחזקאל מ״ג:ב׳", 
                    "sourceRef": "Ezekiel 43:2"
                }, 
                {
                    "category": "Tanakh", 
                    "index_title": "Amos", 
                    "sourceHeRef": "עמוס ג׳:ח׳", 
                    "sourceRef": "Amos 3:8"
                }, 
                {
                    "category": "Tanakh", 
                    "index_title": "Proverbs", 
                    "sourceHeRef": "משלי כ׳:ב׳", 
                    "sourceRef": "Proverbs 20:2"
                }, 
                {
                    "category": "Tanakh", 
                    "index_title": "Deuteronomy", 
                    "sourceHeRef": "דברים ד׳:י״א", 
                    "sourceRef": "Deuteronomy 4:11"
                }
            ], 
            "he": "(משלי כ ב): \"נהם ככפיר אימת מלך\" - אמר רבי יהודה ב\"ר סימון: מה הרעמים הללו, כשהם יוצאים לעולם הן מרעישין כל העולם, אם הרעמים כך, נקמתושל הקב\"ה על אחת כמה וכמה. ד\"א \"נהם ככפיר\" - אמר רבי חמא בר חנינא: מה הכפיר הזה, כיוון שהוא צווח בקולו, אדם השומע קולו מתיירא, אם הכפיר כך, נהמתו של הקב\"ה על אחת כמה וכמה. אמר רבי לוי: שבעה שמות נקראו לאריה, ואלו הן: ארי, כפיר, לביא, ליש, שחל, שחץ: ארי - כמשמעו, שהכל מתייראין ממנו. כפיר - שכל מי שרואה אותו כופר בחייו. לביא - שהוא חוטף לבבות בני אדם. ליש - שבשרן של בני אדם כלא יש בשיניו. שחל - שהכל שוחל מלפניו. שחץ - שהוא משחיץ בשיניו. ד\"א \"נהם ככפיר\" - אמר רבי יוחנן: בוא וראה, שאפילו הנביאים עשו סייג לדבריהם, שנאמר (עמוס ג ח): \"אריה שאג מי לא יירא\", יכול שלא היה קולו אלא כקול הארי בלבד? אמרת: מי נתן קול בארי, לא הוא?! וכל כך למה מכנין אותו לבריותיו, כדי שתכרע קול אוזן ותהא יכולה לשמוע. וכן הוא אומר: (יחזקאל מג ב): \"והנה כבוד אלהי ישראל בא מדרך הקדים, וקולו כקול מים רבים וגו'\", יכול שלא היה קולו אלא כקול מים רבים? אמרת: מי נתן קול במים, לא הוא?! וכל כך למה מכנין אותו לבריותיו, כדי שתכרע האוזן ותהא יכולה לשמוע. וכן הוא אומר: (שמות יט יח): \"והר סיני עשן כולו\", יכול כעשן הכבשן בלבד? והלא נאמר: (דברים ד יא): \"וההר בוער באש עד לב השמיים חושך ענן וערפל\", וכל כך למה מכנין אותו לבריותיו, כדי שתכרע אוזן ותהא יכולה לשמוע. ד\"א \"נהם ככפיר\" - אמר רבי ישמעאל: בוא וראה כוחו וגבורתו של הקב\"ה, שכל מה שברא הקב\"ה בעולמו קבעו בכיסא כבודו: ברא את האדם ואת הנשר ואת השור ואת האריה, וקבען בכיסא כבודו, וכיוון שהמקום נוהם כיסא כבודו מזדעזע, מפני מה? מפני שדמות אריה קבועה בו, לכך נאמר \"נהם ככפיר אימת מלך\"."
        }, 
        {
            "segmentNumber": "3", 
            "links": [
                {
                    "category": "Tanakh", 
                    "index_title": "I Samuel", 
                    "sourceHeRef": "שמואל א י״ג:י״ד", 
                    "sourceRef": "I Samuel 13:14"
                }, 
                {
                    "category": "Tanakh", 
                    "index_title": "I Kings", 
                    "sourceHeRef": "מלכים א ה׳:ד׳", 
                    "sourceRef": "I Kings 5:4"
                }, 
                {
                    "category": "Tanakh", 
                    "index_title": "Psalms", 
                    "sourceHeRef": "תהילים נ״א:י״ב", 
                    "sourceRef": "Psalms 51:12"
                }, 
                {
                    "category": "Tanakh", 
                    "index_title": "Psalms", 
                    "sourceHeRef": "תהילים נ״א:ד׳", 
                    "sourceRef": "Psalms 51:4"
                }, 
                {
                    "category": "Tanakh", 
                    "index_title": "Proverbs", 
                    "sourceHeRef": "משלי כ׳:ט׳", 
                    "sourceRef": "Proverbs 20:9"
                }, 
                {
                    "category": "Tanakh", 
                    "index_title": "I Chronicles", 
                    "sourceHeRef": "דברי הימים א כ״ט:כ״ג", 
                    "sourceRef": "I Chronicles 29:23"
                }
            ], 
            "he": "(משלי כ ט): \"מי יאמר זכיתי לבי\" - יהי שמו של הקב\"ה מבורך לעלם ולעולמי עולמים, שטהרה וקדושה שלו היא, והוא בוחן ליבות וכליות, והוא מטהר את ישראל. אמר שלמה: דוד אבי אמר לפני הקב\"ה: ריבון העולמים! (תהלים נא יב): \"לב טהור ברא לי אלהים\", שאל שלא כעניין, וכיוון שידע ששאל שלא כעניין, חזר ואמר: (תהלים נא ד): \"כבסני מעווני ומחטאתי טהרני\", מה השיבתו רוח הקודש? אמרה לו: דוד, הואיל ונשפלת עצמך על השאלה ששאלת, אני נותן לך לב טהור, אף רוח הקוש אמרה עליו: (שמואל א יג יד): \"ביקש ה' לו איש כלבבו\". כיוון שראה שלמה שהשפיל דוד עצמו, אף הוא אמר \"מי יאמר זכיתי לבי טהרתי מחטאתי\". מה שכר נטל על כך? (דברי הימים א כט כג): \"וישב שלמה על כסא ה' למלך\", וכי יש אדם שישב על כסא של הקב\"ה? אלא, מה כסאו של הקב\"ה שליט בכל עולם כולו, כך שלמה שלט בכל העולם, שנאמר (מלכים א ה ד): \"כי הוא רודה בכל עבר הנהר מתפסח ועד עזה\", והלא תפסח ועזה נתונות זו אצל זו, כדרך שיצא אדם מתפסח והולך למזרח, ומן המזרח למערב, ומן המזרח לצפון, ומן הצפון לדרום, מקיף ועולה עד שעולה לעזה, כך היה שלמה הולך ושולט ומקיף כל העולם מראש ועד סוף. אמר רבי יוסי הגלילי: כל כך למה זכה שלמה? מפני שלא הגביה דעתו וליבו לפני הקב\"ה. והלא דברים קל וחומר: ומה אם שלמה, אבי החכמה ואבי הנבואה, על שהשפיל עצמו זכה לשלוט מסוף העולם ועד סופו, שאר בני אדם על אחת כמה וכמה. מכאן אמרו חכמים: אשרי אדם שמשפיל את עצמו, ואינו מגביה את עצמו, כדי שיזכה לפני הקב\"ה."
        }
    ], 
    "heTitle": "מדרש משלי", 
    "indexTitle": "Midrash Mishlei", 
    "sectionRef": "Midrash Mishlei 20", 
    "prev": "Midrash Mishlei 19", 
    "ref": "Midrash Mishlei 20", 
    "heRef": "מדרש משלי כ׳", 
    "next": "Midrash Mishlei 21"
}