[{
    "links": [
        [
            "3:1", 
            "Kessef Mishneh on Mishneh Torah, Trespass 3:1:1", 
            "Halakhah"
        ], 
        [
            "3:1", 
            "Kessef Mishneh on Mishneh Torah, Trespass 3:1:2", 
            "Halakhah"
        ], 
        [
            "3:1", 
            "Kessef Mishneh on Mishneh Torah, Trespass 3:1:3", 
            "Halakhah"
        ], 
        [
            "3:1", 
            "Kessef Mishneh on Mishneh Torah, Trespass 3:1:4", 
            "Halakhah"
        ], 
        [
            "3:1", 
            "Kessef Mishneh on Mishneh Torah, Trespass 3:1:5", 
            "Halakhah"
        ], 
        [
            "3:3", 
            "Kessef Mishneh on Mishneh Torah, Trespass 3:3:1", 
            "Halakhah"
        ], 
        [
            "3:3", 
            "Kessef Mishneh on Mishneh Torah, Trespass 3:3:2", 
            "Halakhah"
        ], 
        [
            "3:3", 
            "Kessef Mishneh on Mishneh Torah, Trespass 3:3:3", 
            "Halakhah"
        ], 
        [
            "3:4", 
            "Kessef Mishneh on Mishneh Torah, Trespass 3:4:1", 
            "Halakhah"
        ], 
        [
            "3:6", 
            "Kessef Mishneh on Mishneh Torah, Trespass 3:6:1", 
            "Halakhah"
        ], 
        [
            "3:7", 
            "Kessef Mishneh on Mishneh Torah, Trespass 3:7:1", 
            "Halakhah"
        ], 
        [
            "3:7", 
            "Kessef Mishneh on Mishneh Torah, Trespass 3:7:2", 
            "Halakhah"
        ], 
        [
            "3:8", 
            "Kessef Mishneh on Mishneh Torah, Trespass 3:8:1", 
            "Halakhah"
        ], 
        [
            "3:9", 
            "Kessef Mishneh on Mishneh Torah, Trespass 3:9:1", 
            "Halakhah"
        ], 
        [
            "3:9", 
            "Kessef Mishneh on Mishneh Torah, Trespass 3:9:2", 
            "Halakhah"
        ], 
        [
            "3:9", 
            "Kessef Mishneh on Mishneh Torah, Trespass 3:9:3", 
            "Halakhah"
        ], 
        [
            "3:10", 
            "Kessef Mishneh on Mishneh Torah, Trespass 3:10:1", 
            "Halakhah"
        ], 
        [
            "3:10", 
            "Kessef Mishneh on Mishneh Torah, Trespass 3:10:2", 
            "Halakhah"
        ], 
        [
            "3:10", 
            "Kessef Mishneh on Mishneh Torah, Trespass 3:10:3", 
            "Halakhah"
        ], 
        [
            "3:11", 
            "Kessef Mishneh on Mishneh Torah, Trespass 3:11:1", 
            "Halakhah"
        ], 
        [
            "3:12", 
            "Kessef Mishneh on Mishneh Torah, Trespass 3:12:1", 
            "Halakhah"
        ], 
        [
            "3:12", 
            "Kessef Mishneh on Mishneh Torah, Trespass 3:12:2", 
            "Halakhah"
        ], 
        [
            "3:12", 
            "Kessef Mishneh on Mishneh Torah, Trespass 3:12:3", 
            "Halakhah"
        ], 
        [
            "3:12", 
            "Kessef Mishneh on Mishneh Torah, Trespass 3:12:4", 
            "Halakhah"
        ], 
        [
            "3:13", 
            "Kessef Mishneh on Mishneh Torah, Trespass 3:13:1", 
            "Halakhah"
        ]
    ], 
    "text": [], 
    "heTitleVariants": [
        "משנה תורה, הלכות מעילה", 
        "רמב\"ם, הלכות מעילה", 
        "רמב\"ם, הל' מעילה", 
        "משנה תורה, הל' מעילה", 
        "רמב\"ם הל' מעילה", 
        "רמב\"ם הלכות מעילה"
    ], 
    "heTitle": "משנה תורה, הלכות מעילה", 
    "heRef": "משנה תורה, הלכות מעילה ג׳", 
    "toSections": [
        3
    ], 
    "sectionRef": "Mishneh Torah, Trespass 3", 
    "lengths": [
        8
    ], 
    "next": "Mishneh Torah, Trespass 4", 
    "book": "Mishneh Torah, Trespass", 
    "prev": "Mishneh Torah, Trespass 2", 
    "textDepth": 2, 
    "sectionNames": [
        "Chapter", 
        "Halacha"
    ], 
    "sections": [
        3
    ], 
    "isComplex": false, 
    "titleVariants": [
        "Rambam, Hilkhot Me'ilah", 
        "Rambam, Me'ilah", 
        "Mishneh Torah, Hilkhot Me'ilah", 
        "Rambam, Laws of Trespass", 
        "Mishneh Torah, Laws of Trespass", 
        "Mishneh Torah, Hilchot Me'ilah", 
        "Rambam, Hilchot Me'ilah", 
        "Mishneh Torah, Trespass", 
        "Rambam, Trespass", 
        "Mishneh Torah, Me'ilah"
    ], 
    "categories": [
        "Halakhah", 
        "Mishneh Torah", 
        "Sefer Avodah"
    ], 
    "he": [
        "קדשי מזבח שמתו יצאו מידי מעילה דבר תורה אבל מועלין בהן מדברי סופרים וכן אם נפסלו בדברים שיפסלו בהן הקרבנות שכבר ביארנום מועלין בהן מדברי סופרים בד\"א בשלא היה להן שעת היתר לאכילת כהנים אבל אם היה לקדשי קדשים הנאכלים שעת היתר ואחר כך נפסלו ונאסרו באכילה הואיל והותרו שעה אחת אין מועלין באותו דבר שהיה ראוי לאכילה כמו שביארנו כיצד קדשי קדשים שנפסלו קודם שיגיע הדם למזבח כהלכתן כגון ששחטן בדרום אע\"פ שקיבל בצפון או ששחטן בצפון וקיבל בדרום או ששחט ביום וזרק בלילה או ששחט בלילה וזרק ביום או שעשאן במחשבת הזמן או במחשבת המקום או שקיבלו הפסולין את דמן אף על פי שזרקוהו כשרים או שזרקוהו פסולין אף על פי שקיבלוהו כשרים או שיצא הדם והבשר כולו קודם זריקת הדם או שלן הדם בכל אלו מועלין בכולן לעולם שהרי לא היה להן שעת היתר אבל אם הגיע הדם למזבח כמצותו ואח\"כ לן הבשר או האימורין או שנטמא הבשר או האימורין או שיצא הבשר או האימורין לחוץ או שיצא מקצת הבשר קודם זריקת דמים בכל אלו וכיוצא בהן אין מועלין בשאר בשרן שהרי היה לו שעת היתר לאכילה כמו שביארנו:", 
        "קיבלו הפסולין את הדם וזרקוהו וחזרו הכשרים לעבודה וקיבלו שאר דם הנפש וזרקוהו אין מועלין בבשרן שאין הפסולין עושין שאר דם הנפש שירים חוץ מן הטמא הואיל וראוי לעבודת צבור עושה שאר דם שירים:", 
        "כיצד קיבל הטמא וזרק אע\"פ שחזר הכשר וקיבל שאר דם הנפש וזרקו הרי אלו לא היתה להן שעת היתר ומועלין בכולן שזה הדם שירים הוא ואין זריקת השירים מועלת כבר ביארנו שאין בקדשים קלים מעילה לעולם חוץ מאימוריהן אחר זריקת הדם והוא שתהיה זריקה המועלת אבל קדשים קלים שנתפגלו אף על פי שנזרק הדם אין מועלין באימוריהן וכן אם יצא הדם אע\"פ שהחזירו וזרקו אין מועלין באימוריהן:", 
        "כל חטאות המתות כגון ולד חטאת ותמורתה וכיוצא בהן אסור ליהנות בהן ואם נהנה לא מעל:", 
        "וכל חטאת שתרעה עד שיפול בה מום מועלין בה עד שתפדה:", 
        "המפריש חטאתו ואבדה והפריש אחרת תחתיה ואחר כך נמצאת הראשונה והרי שתיהן עומדות ושחט שתיהן כאחת וזרק דם אחת מהן אין מועלין לא בבשר זו שנזרק דמה ולא בבשר חברתה ואף על פי שאינו ראוי לאכילה הואיל ואם רצה מזה זורק ואם רצה מזה זורק אבל אם שחט זו אחר זו אין דמה מועיל לבשר חברתה ואפילו לאחר זריקה שהרי לא היתה לה שעה הראויה להתיר בשרה:", 
        "כל חטאת עוף או עולת עוף שנפסלה בשינוי עשייתה או בשינוי מקום עשייתה מועלין בה חוץ מעולת העוף שנמלק למטה כמליקת חטאת לשם חטאת שאע\"פ שלא עלתה לבעלים לשם חובה אין מועלין בה הואיל ושינה שמה ומקום עשייתה ושינה מעשיה לשם דבר שאין בו מעילה:", 
        "מנחה שנתפגלה או שנעשית במחשבת המקום וכן שתי הלחם ולחם הפנים שנתפגלו או שנפסלו במחשבת המקום מועלין בהן שהרי לא היתה להן שעת היתר:", 
        "וכן קומץ שיצא לחוץ או לן וחזר והקטירו מועלין בשירים שהרי לא היה שם שעת היתר אבל אם נטמא הקומץ והקטירו אין מועלין בשירים שהציץ מרצה על הטמא ואינו מרצה לא על הלן ולא על היוצא יצאו השירים או נטמאו ואח\"כ הקטיר הקומץ אף על פי שהן אסורין באכילה אין מועלין בהן שהרי קרב הקומץ כמצותו:", 
        "הנהנה מקדשי קדשים כולם לפני זריקת דמים או מאימורי קדשים קלים לאחר זריקה או שנהנה מן העולה כולה או מן הקומץ והלבונה ומנחת כהנים והחביתין יפול מה שנהנה לנדבה מעל בקרבנות הצבור יפול מה שנהנה ללשכה:", 
        "נהנה קודם זריקה מבשר קדשי קדשים שנטמא או שנהנה מאימורי קדשים קלים אע\"פשהעלן לראש המזבח הרי זה פטור:", 
        "קדשי המזבח חלבן וביציהן אסור ליהנות מהן והנהנה לא מעל לפיכך ולד הקדשים וכן ולד המעשר לא יינק מאמו אלא מבהמה אחרת חולין ויש לאדם להתנדב ולומר חלב בהמה זו החולין יהיה הקדש לוולדות הקדשים שיינקוהו כדי שלא ימותו:", 
        "הקדיש בהמה ועוף למזבח קדושת דמים כגון שאמר דמי בהמה זו לנסכים ודמי בן יונה זה לשלמים הרי הן כקדשי בדק הבית ומועלין בחלבן ובביציהן כמו שיתבאר:"
    ], 
    "ref": "Mishneh Torah, Trespass 3", 
    "type": "Halakhah", 
    "addressTypes": [
        "Integer", 
        "Integer"
    ], 
    "length": 8, 
    "indexTitle": "Mishneh Torah, Trespass", 
    "heIndexTitle": "משנה תורה, הלכות מעילה", 
    "alts": [], 
    "order": [
        54, 
        9
    ]
}]