{
    "content": [
        {
            "segmentNumber": "1", 
            "he": "והא תניא"
        }, 
        {
            "segmentNumber": "2", 
            "links": [
                {
                    "category": "Commentary", 
                    "index_title": "Rashbam on Bava Batra", 
                    "sourceHeRef": "רשב\"ם על בבא בתרא קל״ט א:ב׳:א׳", 
                    "sourceRef": "Rashbam on Bava Batra 139a:2:1"
                }, 
                {
                    "category": "Commentary", 
                    "index_title": "Tosafot on Bava Batra", 
                    "sourceHeRef": "תוספות על בבא בתרא קל״ט א:ב׳:א׳", 
                    "sourceRef": "Tosafot on Bava Batra 139a:2:1"
                }
            ], 
            "he": "שמין את המחוברין ללוקח"
        }, 
        {
            "segmentNumber": "3", 
            "links": [
                {
                    "category": "Commentary", 
                    "index_title": "Rosh on Bava Batra", 
                    "sourceHeRef": " פסקי הראש על בבא בתרא ח׳:נ״ד:א׳", 
                    "sourceRef": "Rosh on Bava Batra 8:54:1"
                }
            ], 
            "he": "אמר עולא לא קשיא"
        }, 
        {
            "segmentNumber": "4", 
            "links": [
                {
                    "category": "Commentary", 
                    "index_title": "Rashbam on Bava Batra", 
                    "sourceHeRef": "רשב\"ם על בבא בתרא קל״ט א:ד׳:א׳", 
                    "sourceRef": "Rashbam on Bava Batra 139a:4:1"
                }, 
                {
                    "category": "Commentary", 
                    "index_title": "Rashbam on Bava Batra", 
                    "sourceHeRef": "רשב\"ם על בבא בתרא קל״ט א:ד׳:ב׳", 
                    "sourceRef": "Rashbam on Bava Batra 139a:4:2"
                }
            ], 
            "he": "כאן בבנו כאן באחר הואיל ודעתו של אדם קרובה אצל בנו:"
        }, 
        {
            "segmentNumber": "5", 
            "links": [
                {
                    "category": "Commentary", 
                    "index_title": "Rashbam on Bava Batra", 
                    "sourceHeRef": "רשב\"ם על בבא בתרא קל״ט א:ה׳:א׳", 
                    "sourceRef": "Rashbam on Bava Batra 139a:5:1"
                }, 
                {
                    "category": "Commentary", 
                    "index_title": "Rashbam on Bava Batra", 
                    "sourceHeRef": "רשב\"ם על בבא בתרא קל״ט א:ה׳:ב׳", 
                    "sourceRef": "Rashbam on Bava Batra 139a:5:2"
                }, 
                {
                    "category": "Commentary", 
                    "index_title": "Rashbam on Bava Batra", 
                    "sourceHeRef": "רשב\"ם על בבא בתרא קל״ט א:ה׳:ג׳", 
                    "sourceRef": "Rashbam on Bava Batra 139a:5:3"
                }, 
                {
                    "category": "Commentary", 
                    "index_title": "Rashba on Bava Batra", 
                    "sourceHeRef": "רשב״א על בבא בתרא קל״ט א:א׳", 
                    "sourceRef": "Rashba on Bava Batra 139a:1"
                }
            ], 
            "he": "<big><strong>מתני׳</strong></big> הניח בנים גדולים וקטנים אין הגדולים מתפרנסין על ידי הקטנים ולא הקטנים נזונין על הגדולים אלא חולקין בשוה"
        }, 
        {
            "segmentNumber": "6", 
            "links": [
                {
                    "category": "Commentary", 
                    "index_title": "Rashbam on Bava Batra", 
                    "sourceHeRef": "רשב\"ם על בבא בתרא קל״ט א:ו׳:א׳", 
                    "sourceRef": "Rashbam on Bava Batra 139a:6:1"
                }, 
                {
                    "category": "Commentary", 
                    "index_title": "Rashbam on Bava Batra", 
                    "sourceHeRef": "רשב\"ם על בבא בתרא קל״ט א:ו׳:ב׳", 
                    "sourceRef": "Rashbam on Bava Batra 139a:6:2"
                }
            ], 
            "he": "נשאו הגדולים ישאו הקטנים ואם אמרו קטנים"
        }, 
        {
            "segmentNumber": "7", 
            "links": [
                {
                    "category": "Commentary", 
                    "index_title": "Rashbam on Bava Batra", 
                    "sourceHeRef": "רשב\"ם על בבא בתרא קל״ט א:ז׳:א׳", 
                    "sourceRef": "Rashbam on Bava Batra 139a:7:1"
                }
            ], 
            "he": "הרי אנו נושאין כדרך שנשאתם אתם אין שומעין להם אלא מה שנתן להם אביהם נתן"
        }, 
        {
            "segmentNumber": "8", 
            "links": [
                {
                    "category": "Commentary", 
                    "index_title": "Rashbam on Bava Batra", 
                    "sourceHeRef": "רשב\"ם על בבא בתרא קל״ט א:ח׳:א׳", 
                    "sourceRef": "Rashbam on Bava Batra 139a:8:1"
                }, 
                {
                    "category": "Commentary", 
                    "index_title": "Rashbam on Bava Batra", 
                    "sourceHeRef": "רשב\"ם על בבא בתרא קל״ט א:ח׳:ב׳", 
                    "sourceRef": "Rashbam on Bava Batra 139a:8:2"
                }, 
                {
                    "category": "Commentary", 
                    "index_title": "Yad Ramah on Bava Batra", 
                    "sourceHeRef": "יד רמה על בבא בתרא, פרק יש נוחלין, פירוש טו", 
                    "sourceRef": "Yad Ramah on Bava Batra, Perek 8, Comment 15"
                }
            ], 
            "he": "הניח בנות גדולות וקטנות אין הגדולות מתפרנסות על ידי הקטנות ולא הקטנות נזונות על הגדולות אלא חולקות בשוה"
        }, 
        {
            "segmentNumber": "9", 
            "links": [
                {
                    "category": "Commentary", 
                    "index_title": "Rashbam on Bava Batra", 
                    "sourceHeRef": "רשב\"ם על בבא בתרא קל״ט א:ט׳:א׳", 
                    "sourceRef": "Rashbam on Bava Batra 139a:9:1"
                }
            ], 
            "he": "נשאו גדולות ישאו קטנות ואם אמרו קטנות"
        }, 
        {
            "segmentNumber": "10", 
            "he": "הרי אנו נושאות כדרך שנשאתם אתם אין שומעין להן"
        }, 
        {
            "segmentNumber": "11", 
            "links": [
                {
                    "category": "Commentary", 
                    "index_title": "Rashbam on Bava Batra", 
                    "sourceHeRef": "רשב\"ם על בבא בתרא קל״ט א:י״א:א׳", 
                    "sourceRef": "Rashbam on Bava Batra 139a:11:1"
                }, 
                {
                    "category": "Commentary", 
                    "index_title": "Rashbam on Bava Batra", 
                    "sourceHeRef": "רשב\"ם על בבא בתרא קל״ט א:י״א:ב׳", 
                    "sourceRef": "Rashbam on Bava Batra 139a:11:2"
                }, 
                {
                    "category": "Commentary", 
                    "index_title": "Yad Ramah on Bava Batra", 
                    "sourceHeRef": "יד רמה על בבא בתרא, פרק יש נוחלין, פירוש טז", 
                    "sourceRef": "Yad Ramah on Bava Batra, Perek 8, Comment 16"
                }
            ], 
            "he": "זה חומר בבנות מבבנים שהבנות נזונות על הבנים ואין נזונות על הבנות:"
        }, 
        {
            "segmentNumber": "12", 
            "he": "<big><strong>גמ׳</strong></big> אמר רבא"
        }, 
        {
            "segmentNumber": "13", 
            "links": [
                {
                    "category": "Commentary", 
                    "index_title": "Rosh on Bava Batra", 
                    "sourceHeRef": " פסקי הראש על בבא בתרא ח׳:נ״ה:ב׳", 
                    "sourceRef": "Rosh on Bava Batra 8:55:2"
                }, 
                {
                    "category": "Commentary", 
                    "index_title": "Rashbam on Bava Batra", 
                    "sourceHeRef": "רשב\"ם על בבא בתרא קל״ט א:י״ג:א׳", 
                    "sourceRef": "Rashbam on Bava Batra 139a:13:1"
                }, 
                {
                    "category": "Commentary", 
                    "index_title": "Rashbam on Bava Batra", 
                    "sourceHeRef": "רשב\"ם על בבא בתרא קל״ט א:י״ג:ב׳", 
                    "sourceRef": "Rashbam on Bava Batra 139a:13:2"
                }, 
                {
                    "category": "Commentary", 
                    "index_title": "Yad Ramah on Bava Batra", 
                    "sourceHeRef": "יד רמה על בבא בתרא, פרק יש נוחלין, פירוש ר", 
                    "sourceRef": "Yad Ramah on Bava Batra, Perek 8, Comment 200"
                }
            ], 
            "he": "האי גדול אחי דלבש ואיכסי מביתא מאי דעבד עבד"
        }, 
        {
            "segmentNumber": "14", 
            "he": "והא אנן תנן"
        }, 
        {
            "segmentNumber": "15", 
            "links": [
                {
                    "category": "Commentary", 
                    "index_title": "Rosh on Bava Batra", 
                    "sourceHeRef": " פסקי הראש על בבא בתרא ח׳:נ״ה:א׳", 
                    "sourceRef": "Rosh on Bava Batra 8:55:1"
                }
            ], 
            "he": "אין הגדולים מתפרנסין על הקטנים"
        }, 
        {
            "segmentNumber": "16", 
            "links": [
                {
                    "category": "Commentary", 
                    "index_title": "Rashbam on Bava Batra", 
                    "sourceHeRef": "רשב\"ם על בבא בתרא קל״ט א:ט״ז:א׳", 
                    "sourceRef": "Rashbam on Bava Batra 139a:16:1"
                }, 
                {
                    "category": "Commentary", 
                    "index_title": "Tosafot on Bava Batra", 
                    "sourceHeRef": "תוספות על בבא בתרא קל״ט א:ט״ז:א׳", 
                    "sourceRef": "Tosafot on Bava Batra 139a:16:1"
                }
            ], 
            "he": "מתני' בשרכא"
        }, 
        {
            "segmentNumber": "17", 
            "he": "שרכא פשיטא"
        }, 
        {
            "segmentNumber": "18", 
            "he": "מהו דתימא"
        }, 
        {
            "segmentNumber": "19", 
            "he": "ניחא להו דלא נינוול קמ\"ל:"
        }, 
        {
            "segmentNumber": "20", 
            "he": "נשאו גדולים ישאו קטנים:"
        }, 
        {
            "segmentNumber": "21", 
            "links": [
                {
                    "category": "Commentary", 
                    "index_title": "Rashbam on Bava Batra", 
                    "sourceHeRef": "רשב\"ם על בבא בתרא קל״ט א:כ״א:א׳", 
                    "sourceRef": "Rashbam on Bava Batra 139a:21:1"
                }
            ], 
            "he": "מאי קאמר"
        }, 
        {
            "segmentNumber": "22", 
            "links": [
                {
                    "category": "Commentary", 
                    "index_title": "Rosh on Bava Batra", 
                    "sourceHeRef": " פסקי הראש על בבא בתרא ט׳:א׳:ב׳", 
                    "sourceRef": "Rosh on Bava Batra 9:1:2"
                }
            ], 
            "he": "אמר רב יהודה הכי קאמר"
        }, 
        {
            "segmentNumber": "23", 
            "he": "נשאו גדולים לאחר מיתת אביהן ישאו קטנים לאחר מיתת אביהן"
        }, 
        {
            "segmentNumber": "24", 
            "he": "אבל נשאו גדולים בחיי אביהן ואמרו קטנים לאחר מיתת אביהן"
        }, 
        {
            "segmentNumber": "25", 
            "he": "הרי אנו נושאין כדרך שנשאתם אתם אין שומעין להן אלא מה שנתן להן אביהן נתן:"
        }, 
        {
            "segmentNumber": "26", 
            "he": "הניח בנות גדולות וקטנות:"
        }, 
        {
            "segmentNumber": "27", 
            "he": "שלח ליה אבוה בר גניבא לרבא ילמדנו רבינו"
        }, 
        {
            "segmentNumber": "28", 
            "links": [
                {
                    "category": "Commentary", 
                    "index_title": "Rashbam on Bava Batra", 
                    "sourceHeRef": "רשב\"ם על בבא בתרא קל״ט א:כ״ח:א׳", 
                    "sourceRef": "Rashbam on Bava Batra 139a:28:1"
                }, 
                {
                    "category": "Commentary", 
                    "index_title": "Rashbam on Bava Batra", 
                    "sourceHeRef": "רשב\"ם על בבא בתרא קל״ט א:כ״ח:ב׳", 
                    "sourceRef": "Rashbam on Bava Batra 139a:28:2"
                }
            ], 
            "he": "לוותה ואכלה ועמדה ונשאת בעל לוקח הוי"
        }, 
        {
            "segmentNumber": "29", 
            "he": "או יורש הוי לוקח הוי ומלוה על פה אינו גובה מן הלקוחות"
        }, 
        {
            "segmentNumber": "30", 
            "he": "או דלמא יורש הוי ומלוה על פה גובה מן היורשין"
        }, 
        {
            "segmentNumber": "31", 
            "he": "אמר ליה תנינא"
        }, 
        {
            "segmentNumber": "32", 
            "he": "נשאו גדולות ישאו קטנות"
        }, 
        {
            "segmentNumber": "33", 
            "links": [
                {
                    "category": "Commentary", 
                    "index_title": "Rashbam on Bava Batra", 
                    "sourceHeRef": "רשב\"ם על בבא בתרא קל״ט א:ל״ג:א׳", 
                    "sourceRef": "Rashbam on Bava Batra 139a:33:1"
                }, 
                {
                    "category": "Commentary", 
                    "index_title": "Rashbam on Bava Batra", 
                    "sourceHeRef": "רשב\"ם על בבא בתרא קל״ט א:ל״ג:ב׳", 
                    "sourceRef": "Rashbam on Bava Batra 139a:33:2"
                }
            ], 
            "he": "מאי לאו נשאו גדולות לבעל ישאו קטנות מבעל"
        }, 
        {
            "segmentNumber": "34", 
            "he": "לא נשאו גדולות לבעל ישאו קטנות לבעל"
        }, 
        {
            "segmentNumber": "35", 
            "he": "איני"
        }, 
        {
            "segmentNumber": "36", 
            "links": [
                {
                    "category": "Commentary", 
                    "index_title": "Rashbam on Bava Batra", 
                    "sourceHeRef": "רשב\"ם על בבא בתרא קל״ט א:ל״ו:א׳", 
                    "sourceRef": "Rashbam on Bava Batra 139a:36:1"
                }
            ], 
            "he": "והא תני ר' חייא"
        }, 
        {
            "segmentNumber": "37", 
            "he": "נשאו גדולות לבעל ישאו קטנות מבעל"
        }, 
        {
            "segmentNumber": "38", 
            "he": "דלמא שאני פרנסה דאית לה קלא"
        }, 
        {
            "segmentNumber": "39", 
            "links": [
                {
                    "category": "Commentary", 
                    "index_title": "Rashbam on Bava Batra", 
                    "sourceHeRef": "רשב\"ם על בבא בתרא קל״ט א:ל״ט:א׳", 
                    "sourceRef": "Rashbam on Bava Batra 139a:39:1"
                }, 
                {
                    "category": "Commentary", 
                    "index_title": "Rashbam on Bava Batra", 
                    "sourceHeRef": "רשב\"ם על בבא בתרא קל״ט א:ל״ט:ב׳", 
                    "sourceRef": "Rashbam on Bava Batra 139a:39:2"
                }
            ], 
            "he": "א\"ל רב פפא לרבא לאו היינו דשלח רבין באגרתיה"
        }, 
        {
            "segmentNumber": "40", 
            "links": [
                {
                    "category": "Commentary", 
                    "index_title": "Rosh on Bava Batra", 
                    "sourceHeRef": " פסקי הראש על בבא בתרא ט׳:א׳:א׳", 
                    "sourceRef": "Rosh on Bava Batra 9:1:1"
                }, 
                {
                    "category": "Commentary", 
                    "index_title": "Rashbam on Bava Batra", 
                    "sourceHeRef": "רשב\"ם על בבא בתרא קל״ט א:מ׳:א׳", 
                    "sourceRef": "Rashbam on Bava Batra 139a:40:1"
                }
            ], 
            "he": "מי שמת והניח אלמנה ובת אלמנתו נזונת מנכסיו"
        }, 
        {
            "segmentNumber": "41", 
            "links": [
                {
                    "category": "Commentary", 
                    "index_title": "Rosh on Bava Batra", 
                    "sourceHeRef": " פסקי הראש על בבא בתרא ח׳:נ״ז:א׳", 
                    "sourceRef": "Rosh on Bava Batra 8:57:1"
                }, 
                {
                    "category": "Commentary", 
                    "index_title": "Rashbam on Bava Batra", 
                    "sourceHeRef": "רשב\"ם על בבא בתרא קל״ט א:מ״א:א׳", 
                    "sourceRef": "Rashbam on Bava Batra 139a:41:1"
                }
            ], 
            "he": "נשאת הבת אלמנתו נזונת מנכסיו"
        }, 
        {
            "segmentNumber": "42", 
            "links": [
                {
                    "category": "Commentary", 
                    "index_title": "Rashbam on Bava Batra", 
                    "sourceHeRef": "רשב\"ם על בבא בתרא קל״ט א:מ״ב:א׳", 
                    "sourceRef": "Rashbam on Bava Batra 139a:42:1"
                }, 
                {
                    "category": "Commentary", 
                    "index_title": "Rashbam on Bava Batra", 
                    "sourceHeRef": "רשב\"ם על בבא בתרא קל״ט א:מ״ב:ב׳", 
                    "sourceRef": "Rashbam on Bava Batra 139a:42:2"
                }
            ], 
            "he": "מתה הבת אמר רב יהודה בן אחותו של ר' יוסי (בן) חנינא ע\"י היה מעשה ואמרו"
        }, 
        {
            "segmentNumber": "43", 
            "links": [
                {
                    "category": "Commentary", 
                    "index_title": "Rashbam on Bava Batra", 
                    "sourceHeRef": "רשב\"ם על בבא בתרא קל״ט א:מ״ג:א׳", 
                    "sourceRef": "Rashbam on Bava Batra 139a:43:1"
                }
            ], 
            "he": "אלמנתו נזונת מנכסיו"
        }, 
        {
            "segmentNumber": "44", 
            "links": [
                {
                    "category": "Commentary", 
                    "index_title": "Rashbam on Bava Batra", 
                    "sourceHeRef": "רשב\"ם על בבא בתרא קל״ט א:מ״ד:א׳", 
                    "sourceRef": "Rashbam on Bava Batra 139a:44:1"
                }
            ], 
            "he": "אי אמרת בשלמא יורש הוי משום הכי אלמנתו נזונת מנכסיו"
        }, 
        {
            "segmentNumber": "45", 
            "links": [
                {
                    "category": "Commentary", 
                    "index_title": "Rashbam on Bava Batra", 
                    "sourceHeRef": "רשב\"ם על בבא בתרא קל״ט א:מ״ה:א׳", 
                    "sourceRef": "Rashbam on Bava Batra 139a:45:1"
                }
            ], 
            "he": "אלא אי אמרת לוקח הוי אמאי נזונת מנכסיו"
        }, 
        {
            "segmentNumber": "46", 
            "he": "אמר אביי"
        }, 
        {
            "segmentNumber": "47", 
            "he": "אי לאו דשלח רבין אנן לא ידעינן"
        }, 
        {
            "segmentNumber": "48", 
            "links": [
                {
                    "category": "Commentary", 
                    "index_title": "Rashbam on Bava Batra", 
                    "sourceHeRef": "רשב\"ם על בבא בתרא קל״ט א:מ״ח:א׳", 
                    "sourceRef": "Rashbam on Bava Batra 139a:48:1"
                }, 
                {
                    "category": "Commentary", 
                    "index_title": "Rashbam on Bava Batra", 
                    "sourceHeRef": "רשב\"ם על בבא בתרא קל״ט א:מ״ח:ב׳", 
                    "sourceRef": "Rashbam on Bava Batra 139a:48:2"
                }, 
                {
                    "category": "Commentary", 
                    "index_title": "Rashba on Bava Batra", 
                    "sourceHeRef": "רשב״א על בבא בתרא קל״ט א:ב׳", 
                    "sourceRef": "Rashba on Bava Batra 139a:2"
                }
            ], 
            "he": "והא תנן אלו הן שאין חוזרין ביובל"
        }, 
        {
            "segmentNumber": "49", 
            "links": [
                {
                    "category": "Commentary", 
                    "index_title": "Rashbam on Bava Batra", 
                    "sourceHeRef": "רשב\"ם על בבא בתרא קל״ט א:מ״ט:א׳", 
                    "sourceRef": "Rashbam on Bava Batra 139a:49:1"
                }
            ], 
            "he": "הבכורה"
        }
    ], 
    "heTitle": "בבא בתרא קל״ט א", 
    "indexTitle": "Bava Batra", 
    "sectionRef": "Bava Batra 139a", 
    "prev": "Bava Batra 138b", 
    "ref": "Bava Batra 139a", 
    "heRef": "בבא בתרא קל״ט א", 
    "next": "Bava Batra 139b"
}