{
    "heTitleVariants": [
        "ב\"ב", 
        "ב״ב", 
        "בבא בתרא"
    ], 
    "heTitle": "בבא בתרא קי״ב א", 
    "content": [
        {
            "segmentNumber": "1", 
            "he": "וכי מנין ליאיר שלא היה לו לשגוב", 
            "links": [
                {
                    "category": "Commentary", 
                    "sourceHeRef": "תוספות על בבא בתרא קי״ב א:א׳:א׳", 
                    "sourceRef": "Tosafot on Bava Batra 112a:1:1", 
                    "ref": "Tosafot on Bava Batra 112a:1:1"
                }, 
                {
                    "category": "Commentary", 
                    "sourceHeRef": "תוספות על בבא בתרא קי״ב א:א׳:ב׳", 
                    "sourceRef": "Tosafot on Bava Batra 112a:1:2", 
                    "ref": "Tosafot on Bava Batra 112a:1:2"
                }
            ], 
            "text": ""
        }, 
        {
            "segmentNumber": "2", 
            "he": "מלמד שנשא יאיר אשה ומתה וירשה", 
            "links": [], 
            "text": ""
        }, 
        {
            "segmentNumber": "3", 
            "he": "מאי ואומר", 
            "links": [], 
            "text": ""
        }, 
        {
            "segmentNumber": "4", 
            "he": "וכי תימא", 
            "links": [
                {
                    "category": "Commentary", 
                    "sourceHeRef": "רשב\"ם על בבא בתרא קי״ב א:ד׳:א׳", 
                    "sourceRef": "Rashbam on Bava Batra 112a:4:1", 
                    "ref": "Rashbam on Bava Batra 112a:4:1"
                }
            ], 
            "text": ""
        }, 
        {
            "segmentNumber": "5", 
            "he": "בסבת הבן קא קפיד קרא אבל בעל לא ירית תא שמע", 
            "links": [
                {
                    "category": "Commentary", 
                    "sourceHeRef": "רשב\"ם על בבא בתרא קי״ב א:ה׳:א׳", 
                    "sourceRef": "Rashbam on Bava Batra 112a:5:1", 
                    "ref": "Rashbam on Bava Batra 112a:5:1"
                }
            ], 
            "text": ""
        }, 
        {
            "segmentNumber": "6", 
            "he": "ולא תסוב נחלה לבני ישראל ממטה למטה", 
            "links": [], 
            "text": ""
        }, 
        {
            "segmentNumber": "7", 
            "he": "וכי תימא", 
            "links": [
                {
                    "category": "Commentary", 
                    "sourceHeRef": "רשב\"ם על בבא בתרא קי״ב א:ז׳:א׳", 
                    "sourceRef": "Rashbam on Bava Batra 112a:7:1", 
                    "ref": "Rashbam on Bava Batra 112a:7:1"
                }, 
                {
                    "category": "Commentary", 
                    "sourceHeRef": "רשב\"ם על בבא בתרא קי״ב א:ז׳:ב׳", 
                    "sourceRef": "Rashbam on Bava Batra 112a:7:2", 
                    "ref": "Rashbam on Bava Batra 112a:7:2"
                }
            ], 
            "text": ""
        }, 
        {
            "segmentNumber": "8", 
            "he": "לעבור עליו בלאו ועשה ת\"ש", 
            "links": [], 
            "text": ""
        }, 
        {
            "segmentNumber": "9", 
            "he": "לא תסוב נחלה ממטה למטה אחר", 
            "links": [], 
            "text": ""
        }, 
        {
            "segmentNumber": "10", 
            "he": "וכי תימא", 
            "links": [], 
            "text": ""
        }, 
        {
            "segmentNumber": "11", 
            "he": "לעבור עליו בשני לאוין ועשה תא שמע", 
            "links": [
                {
                    "category": "Commentary", 
                    "sourceHeRef": "רשב\"ם על בבא בתרא קי״ב א:י״א:א׳", 
                    "sourceRef": "Rashbam on Bava Batra 112a:11:1", 
                    "ref": "Rashbam on Bava Batra 112a:11:1"
                }
            ], 
            "text": ""
        }, 
        {
            "segmentNumber": "12", 
            "he": "ואלעזר בן אהרן מת וגו'", 
            "links": [], 
            "text": ""
        }, 
        {
            "segmentNumber": "13", 
            "he": "וכי תימא", 
            "links": [
                {
                    "category": "Commentary", 
                    "sourceHeRef": "רשב\"ם על בבא בתרא קי״ב א:י״ג:א׳", 
                    "sourceRef": "Rashbam on Bava Batra 112a:13:1", 
                    "ref": "Rashbam on Bava Batra 112a:13:1"
                }
            ], 
            "text": ""
        }, 
        {
            "segmentNumber": "14", 
            "he": "אלעזר הוא דנסיב איתתא ומתה וירתה פנחס תא שמע", 
            "links": [], 
            "text": ""
        }, 
        {
            "segmentNumber": "15", 
            "he": "ושגוב הוליד את יאיר וגו'", 
            "links": [], 
            "text": ""
        }, 
        {
            "segmentNumber": "16", 
            "he": "וכי תימא", 
            "links": [], 
            "text": ""
        }, 
        {
            "segmentNumber": "17", 
            "he": "התם נמי הכי הוא אם כן תרי קראי למה לי", 
            "links": [
                {
                    "category": "Commentary", 
                    "sourceHeRef": "תוספות על בבא בתרא קי״ב א:י״ז:א׳", 
                    "sourceRef": "Tosafot on Bava Batra 112a:17:1", 
                    "ref": "Tosafot on Bava Batra 112a:17:1"
                }, 
                {
                    "category": "Commentary", 
                    "sourceHeRef": "רשב\"ם על בבא בתרא קי״ב א:י״ז:א׳", 
                    "sourceRef": "Rashbam on Bava Batra 112a:17:1", 
                    "ref": "Rashbam on Bava Batra 112a:17:1"
                }
            ], 
            "text": ""
        }, 
        {
            "segmentNumber": "18", 
            "he": "אמר ליה רב פפא לאביי", 
            "links": [], 
            "text": ""
        }, 
        {
            "segmentNumber": "19", 
            "he": "ממאי", 
            "links": [], 
            "text": ""
        }, 
        {
            "segmentNumber": "20", 
            "he": "דלמא לעולם אימא לך", 
            "links": [
                {
                    "category": "Commentary", 
                    "sourceHeRef": "תוספות על בבא בתרא קי״ב א:כ׳:א׳", 
                    "sourceRef": "Tosafot on Bava Batra 112a:20:1", 
                    "ref": "Tosafot on Bava Batra 112a:20:1"
                }
            ], 
            "text": ""
        }, 
        {
            "segmentNumber": "21", 
            "he": "בעל לא ירית וקראי בסבת הבן כדשנינן ויאיר דזבין מיזבן ופנחס נמי דזבין מיזבן", 
            "links": [
                {
                    "category": "Commentary", 
                    "sourceHeRef": "רשב\"ם על בבא בתרא קי״ב א:כ״א:א׳", 
                    "sourceRef": "Rashbam on Bava Batra 112a:21:1", 
                    "ref": "Rashbam on Bava Batra 112a:21:1"
                }, 
                {
                    "category": "Commentary", 
                    "sourceHeRef": "רשב\"ם על בבא בתרא קי״ב א:כ״א:ב׳", 
                    "sourceRef": "Rashbam on Bava Batra 112a:21:2", 
                    "ref": "Rashbam on Bava Batra 112a:21:2"
                }, 
                {
                    "category": "Commentary", 
                    "sourceHeRef": "רשב\"ם על בבא בתרא קי״ב א:כ״א:ג׳", 
                    "sourceRef": "Rashbam on Bava Batra 112a:21:3", 
                    "ref": "Rashbam on Bava Batra 112a:21:3"
                }
            ], 
            "text": ""
        }, 
        {
            "segmentNumber": "22", 
            "he": "א\"ל", 
            "links": [], 
            "text": ""
        }, 
        {
            "segmentNumber": "23", 
            "he": "פנחס דזבין מיזבן לא מצית אמרת דאם כן נמצאת שדה חוזרת ביובל ונמצא צדיק קבור בקבר שאינו שלו", 
            "links": [
                {
                    "category": "Commentary", 
                    "sourceHeRef": "תוספות על בבא בתרא קי״ב א:כ״ג:א׳", 
                    "sourceRef": "Tosafot on Bava Batra 112a:23:1", 
                    "ref": "Tosafot on Bava Batra 112a:23:1"
                }
            ], 
            "text": ""
        }, 
        {
            "segmentNumber": "24", 
            "he": "אלא אימא", 
            "links": [], 
            "text": ""
        }, 
        {
            "segmentNumber": "25", 
            "he": "דנפלה ליה משדה חרמים", 
            "links": [
                {
                    "category": "Commentary", 
                    "sourceHeRef": "רשב\"ם על בבא בתרא קי״ב א:כ״ה:א׳", 
                    "sourceRef": "Rashbam on Bava Batra 112a:25:1", 
                    "ref": "Rashbam on Bava Batra 112a:25:1"
                }, 
                {
                    "category": "Commentary", 
                    "sourceHeRef": "רשב״א על בבא בתרא קי״ב א:ג׳", 
                    "sourceRef": "Rashba on Bava Batra 112a:3", 
                    "ref": "Rashba on Bava Batra 112a:3"
                }
            ], 
            "text": ""
        }, 
        {
            "segmentNumber": "26", 
            "he": "אמר אביי", 
            "links": [], 
            "text": ""
        }, 
        {
            "segmentNumber": "27", 
            "he": "סוף סוף הא קא מתעקרא נחלה משבטא דאימא לשבטא דאבא", 
            "links": [], 
            "text": ""
        }, 
        {
            "segmentNumber": "28", 
            "he": "וממאי", 
            "links": [], 
            "text": ""
        }, 
        {
            "segmentNumber": "29", 
            "he": "ודלמא שאני התם שכבר הוסבה", 
            "links": [], 
            "text": ""
        }, 
        {
            "segmentNumber": "30", 
            "he": "א\"ל", 
            "links": [], 
            "text": ""
        }, 
        {
            "segmentNumber": "31", 
            "he": "שכבר הוסבה לא אמרינן", 
            "links": [], 
            "text": ""
        }, 
        {
            "segmentNumber": "32", 
            "he": "א\"ל רב יימר לרב אשי", 
            "links": [], 
            "text": ""
        }, 
        {
            "segmentNumber": "33", 
            "he": "אי אמרת בשלמא שכבר הוסבה היינו דמתוקמא קרא בין בסבת הבן בין בסבת הבעל אלא אי אמרת לא אמרינן שכבר הוסבה כי מינסבא לאחד ממשפחת מטה אביה מאי הוה", 
            "links": [], 
            "text": ""
        }, 
        {
            "segmentNumber": "34", 
            "he": "הא מתעקרא נחלה משבטא דאימא לשבטא דאבא", 
            "links": [], 
            "text": ""
        }, 
        {
            "segmentNumber": "35", 
            "he": "דמנסבינן לה לגברא דאבוהי משבטא דאבוה ואימיה משבטא דאימה", 
            "links": [], 
            "text": ""
        }
    ], 
    "heRef": "בבא בתרא קי״ב א", 
    "toSections": [
        "112a"
    ], 
    "sectionRef": "Bava Batra 112a", 
    "title": "Bava Batra 112a", 
    "lengths": [
        350, 
        13690
    ], 
    "next": "Bava Batra 112b", 
    "heBook": "בבא בתרא", 
    "book": "Bava Batra", 
    "prev": "Bava Batra 111b", 
    "textDepth": 2, 
    "sectionNames": [
        "Daf", 
        "Line"
    ], 
    "sections": [
        "112a"
    ], 
    "isComplex": false, 
    "titleVariants": [
        "Bava Batra", 
        "Masekhet Bava Batra", 
        "Bava Bathra", 
        "Talmud Bava Batra", 
        "Tractate Bava Batra"
    ], 
    "categories": [
        "Talmud", 
        "Bavli", 
        "Seder Nezikin"
    ], 
    "ref": "Bava Batra 112a", 
    "type": "Talmud", 
    "addressTypes": [
        "Talmud", 
        "Integer"
    ], 
    "length": 350, 
    "indexTitle": "Bava Batra", 
    "heIndexTitle": "בבא בתרא", 
    "alts": [], 
    "order": [
        22, 
        3
    ]
}