{
    "heTitleVariants": [
        "ב\"ב", 
        "ב״ב", 
        "בבא בתרא"
    ], 
    "heTitle": "בבא בתרא צ״ג א", 
    "content": [
        {
            "segmentNumber": "1", 
            "he": "מאי טעמא לאו משום דרובא הכי איתנהו", 
            "links": [
                {
                    "category": "Commentary", 
                    "sourceHeRef": "רשב\"ם על בבא בתרא צ״ג א:א׳:א׳", 
                    "index_title": "Rashbam on Bava Batra", 
                    "sourceRef": "Rashbam on Bava Batra 93a:1:1"
                }, 
                {
                    "category": "Commentary", 
                    "sourceHeRef": "רשב״א על בבא בתרא צ״ג א:א׳", 
                    "index_title": "Rashba on Bava Batra", 
                    "sourceRef": "Rashba on Bava Batra 93a:1"
                }, 
                {
                    "category": "Commentary", 
                    "sourceHeRef": "רשב\"ם על בבא בתרא צ״ג א:א׳:ב׳", 
                    "index_title": "Rashbam on Bava Batra", 
                    "sourceRef": "Rashbam on Bava Batra 93a:1:2"
                }, 
                {
                    "category": "Commentary", 
                    "sourceHeRef": "יד רמה על בבא בתרא, ﻿פרק המוכר פירות, פירוש טז", 
                    "index_title": "Yad Ramah on Bava Batra", 
                    "sourceRef": "Yad Ramah on Bava Batra, Perek 6, Comment 16"
                }
            ], 
            "text": ""
        }, 
        {
            "segmentNumber": "2", 
            "he": "לא כולהו הכי איתנהו", 
            "links": [
                {
                    "category": "Commentary", 
                    "sourceHeRef": "רשב\"ם על בבא בתרא צ״ג א:ב׳:א׳", 
                    "index_title": "Rashbam on Bava Batra", 
                    "sourceRef": "Rashbam on Bava Batra 93a:2:1"
                }
            ], 
            "text": ""
        }, 
        {
            "segmentNumber": "3", 
            "he": "ת\"ש", 
            "links": [], 
            "text": ""
        }, 
        {
            "segmentNumber": "4", 
            "he": "שור שנגח את הפרה ונמצא עוברה בצדה ואינו ידוע אם עד שלא נגחה ילדה או אם משנגחה ילדה משלם חצי נזק לפרה ורביע לולד", 
            "links": [
                {
                    "category": "Commentary", 
                    "sourceHeRef": "רשב\"ם על בבא בתרא צ״ג א:ד׳:א׳", 
                    "index_title": "Rashbam on Bava Batra", 
                    "sourceRef": "Rashbam on Bava Batra 93a:4:1"
                }, 
                {
                    "category": "Commentary", 
                    "sourceHeRef": "רשב\"ם על בבא בתרא צ״ג א:ד׳:ב׳", 
                    "index_title": "Rashbam on Bava Batra", 
                    "sourceRef": "Rashbam on Bava Batra 93a:4:2"
                }, 
                {
                    "category": "Commentary", 
                    "sourceHeRef": "רשב\"ם על בבא בתרא צ״ג א:ד׳:ג׳", 
                    "index_title": "Rashbam on Bava Batra", 
                    "sourceRef": "Rashbam on Bava Batra 93a:4:3"
                }, 
                {
                    "category": "Commentary", 
                    "sourceHeRef": "רשב\"ם על בבא בתרא צ״ג א:ד׳:ד׳", 
                    "index_title": "Rashbam on Bava Batra", 
                    "sourceRef": "Rashbam on Bava Batra 93a:4:4"
                }, 
                {
                    "category": "Commentary", 
                    "sourceHeRef": "רשב\"ם על בבא בתרא צ״ג א:ד׳:ה׳", 
                    "index_title": "Rashbam on Bava Batra", 
                    "sourceRef": "Rashbam on Bava Batra 93a:4:5"
                }
            ], 
            "text": ""
        }, 
        {
            "segmentNumber": "5", 
            "he": "ואמאי", 
            "links": [], 
            "text": ""
        }, 
        {
            "segmentNumber": "6", 
            "he": "לימא", 
            "links": [], 
            "text": ""
        }, 
        {
            "segmentNumber": "7", 
            "he": "הלך אחר רוב פרות ורוב פרות מתעברות ויולדות והא ודאי מחמת נגיחה הפילה", 
            "links": [], 
            "text": ""
        }, 
        {
            "segmentNumber": "8", 
            "he": "התם משום דמספקא לן דאיכא למימר", 
            "links": [
                {
                    "category": "Commentary", 
                    "sourceHeRef": "תוספות על בבא בתרא צ״ג א:ח׳:א׳", 
                    "index_title": "Tosafot on Bava Batra", 
                    "sourceRef": "Tosafot on Bava Batra 93a:8:1"
                }, 
                {
                    "category": "Commentary", 
                    "sourceHeRef": "רשב\"ם על בבא בתרא צ״ג א:ח׳:א׳", 
                    "index_title": "Rashbam on Bava Batra", 
                    "sourceRef": "Rashbam on Bava Batra 93a:8:1"
                }
            ], 
            "text": ""
        }, 
        {
            "segmentNumber": "9", 
            "he": "מקמה אתא ומביעתותא הפילה ואיכא למימר", 
            "links": [], 
            "text": ""
        }, 
        {
            "segmentNumber": "10", 
            "he": "מאחורה אתא ומינגח נגחה והפילה הוי ממון המוטל בספק וכל ממון המוטל בספק חולקין", 
            "links": [
                {
                    "category": "Commentary", 
                    "sourceHeRef": "רשב\"ם על בבא בתרא צ״ג א:י׳:א׳", 
                    "index_title": "Rashbam on Bava Batra", 
                    "sourceRef": "Rashbam on Bava Batra 93a:10:1"
                }
            ], 
            "text": ""
        }, 
        {
            "segmentNumber": "11", 
            "he": "לימא כתנאי", 
            "links": [], 
            "text": ""
        }, 
        {
            "segmentNumber": "12", 
            "he": "שור שהיה רועה ונמצא שור הרוג בצדו אע\"פ שזה מנוגח וזה מועד ליגח זה מנושך וזה מועד לישוך אין אומרים", 
            "links": [
                {
                    "category": "Commentary", 
                    "sourceHeRef": "רשב\"ם על בבא בתרא צ״ג א:י״ב:א׳", 
                    "index_title": "Rashbam on Bava Batra", 
                    "sourceRef": "Rashbam on Bava Batra 93a:12:1"
                }, 
                {
                    "category": "Commentary", 
                    "sourceHeRef": "רשב\"ם על בבא בתרא צ״ג א:י״ב:ב׳", 
                    "index_title": "Rashbam on Bava Batra", 
                    "sourceRef": "Rashbam on Bava Batra 93a:12:2"
                }, 
                {
                    "category": "Commentary", 
                    "sourceHeRef": "רשב\"ם על בבא בתרא צ״ג א:י״ב:ג׳", 
                    "index_title": "Rashbam on Bava Batra", 
                    "sourceRef": "Rashbam on Bava Batra 93a:12:3"
                }
            ], 
            "text": ""
        }, 
        {
            "segmentNumber": "13", 
            "he": "בידוע שזה נגחו וזה נשכו", 
            "links": [], 
            "text": ""
        }, 
        {
            "segmentNumber": "14", 
            "he": "רבי אחא אומר", 
            "links": [
                {
                    "category": "Commentary", 
                    "sourceHeRef": "רשב\"ם על בבא בתרא צ״ג א:י״ד:א׳", 
                    "index_title": "Rashbam on Bava Batra", 
                    "sourceRef": "Rashbam on Bava Batra 93a:14:1"
                }
            ], 
            "text": ""
        }, 
        {
            "segmentNumber": "15", 
            "he": "גמל האוחר בין הגמלים ונמצא גמל הרוג בצדו בידוע שזה הרגו", 
            "links": [
                {
                    "category": "Commentary", 
                    "sourceHeRef": "רשב\"ם על בבא בתרא צ״ג א:ט״ו:א׳", 
                    "index_title": "Rashbam on Bava Batra", 
                    "sourceRef": "Rashbam on Bava Batra 93a:15:1"
                }, 
                {
                    "category": "Commentary", 
                    "sourceHeRef": "רשב\"ם על בבא בתרא צ״ג א:ט״ו:ב׳", 
                    "index_title": "Rashbam on Bava Batra", 
                    "sourceRef": "Rashbam on Bava Batra 93a:15:2"
                }, 
                {
                    "category": "Commentary", 
                    "sourceHeRef": "רשב״א על בבא בתרא צ״ג א:ב׳", 
                    "index_title": "Rashba on Bava Batra", 
                    "sourceRef": "Rashba on Bava Batra 93a:2"
                }, 
                {
                    "category": "Commentary", 
                    "sourceHeRef": "תוספות על בבא בתרא צ״ג א:ט״ו:א׳", 
                    "index_title": "Tosafot on Bava Batra", 
                    "sourceRef": "Tosafot on Bava Batra 93a:15:1"
                }, 
                {
                    "category": "Commentary", 
                    "sourceHeRef": "שיטה מקובצת על בבא בתרא צ״ג א:א׳", 
                    "index_title": "Shita Mekubetzet on Bava Batra", 
                    "sourceRef": "Shita Mekubetzet on Bava Batra 93a:1"
                }
            ], 
            "text": ""
        }, 
        {
            "segmentNumber": "16", 
            "he": "סברוה דרובא וחזקה כי הדדי נינהו לימא", 
            "links": [
                {
                    "category": "Commentary", 
                    "sourceHeRef": "רשב\"ם על בבא בתרא צ״ג א:ט״ז:א׳", 
                    "index_title": "Rashbam on Bava Batra", 
                    "sourceRef": "Rashbam on Bava Batra 93a:16:1"
                }, 
                {
                    "category": "Commentary", 
                    "sourceHeRef": "רשב\"ם על בבא בתרא צ״ג א:ט״ז:ב׳", 
                    "index_title": "Rashbam on Bava Batra", 
                    "sourceRef": "Rashbam on Bava Batra 93a:16:2"
                }, 
                {
                    "category": "Commentary", 
                    "sourceHeRef": "רשב״א על בבא בתרא צ״ג א:ג׳", 
                    "index_title": "Rashba on Bava Batra", 
                    "sourceRef": "Rashba on Bava Batra 93a:3"
                }
            ], 
            "text": ""
        }, 
        {
            "segmentNumber": "17", 
            "he": "רב דאמר כר' אחא ושמואל דאמר כתנא קמא", 
            "links": [], 
            "text": ""
        }, 
        {
            "segmentNumber": "18", 
            "he": "אמר לך רב", 
            "links": [], 
            "text": ""
        }, 
        {
            "segmentNumber": "19", 
            "he": "אנא דאמרי אפילו לתנא קמא", 
            "links": [], 
            "text": ""
        }, 
        {
            "segmentNumber": "20", 
            "he": "עד כאן לא קאמר תנא קמא התם אלא דלא אזלינן בתר חזקה אבל בתר רובא אזלינן", 
            "links": [
                {
                    "category": "Commentary", 
                    "sourceHeRef": "רשב\"ם על בבא בתרא צ״ג א:כ׳:א׳", 
                    "index_title": "Rashbam on Bava Batra", 
                    "sourceRef": "Rashbam on Bava Batra 93a:20:1"
                }
            ], 
            "text": ""
        }, 
        {
            "segmentNumber": "21", 
            "he": "ושמואל אמר לך", 
            "links": [], 
            "text": ""
        }, 
        {
            "segmentNumber": "22", 
            "he": "אנא דאמרי אפילו לר' אחא", 
            "links": [], 
            "text": ""
        }, 
        {
            "segmentNumber": "23", 
            "he": "עד כאן לא קאמר ר' אחא התם אלא דאזלינן בתר חזקה דהוא גופיה מוחזק אבל בתר רובא לא אזלינן", 
            "links": [
                {
                    "category": "Commentary", 
                    "sourceHeRef": "רשב\"ם על בבא בתרא צ״ג א:כ״ג:א׳", 
                    "index_title": "Rashbam on Bava Batra", 
                    "sourceRef": "Rashbam on Bava Batra 93a:23:1"
                }
            ], 
            "text": ""
        }, 
        {
            "segmentNumber": "24", 
            "he": "ת\"ש", 
            "links": [
                {
                    "category": "Commentary", 
                    "sourceHeRef": "רשב\"ם על בבא בתרא צ״ג א:כ״ד:א׳", 
                    "index_title": "Rashbam on Bava Batra", 
                    "sourceRef": "Rashbam on Bava Batra 93a:24:1"
                }
            ], 
            "text": ""
        }, 
        {
            "segmentNumber": "25", 
            "he": "המוכר פירות לחברו וזרען ולא צמחו ואפי' זרע פשתן אינו חייב באחריותן", 
            "links": [], 
            "text": ""
        }, 
        {
            "segmentNumber": "26", 
            "he": "מאי אפי'", 
            "links": [], 
            "text": ""
        }, 
        {
            "segmentNumber": "27", 
            "he": "לאו אפילו זרע פשתן דרובא לזריעה זבני ואפ\"ה לא אזלינן בתר רובא", 
            "links": [
                {
                    "category": "Commentary", 
                    "sourceHeRef": "רשב\"ם על בבא בתרא צ״ג א:כ״ז:א׳", 
                    "index_title": "Rashbam on Bava Batra", 
                    "sourceRef": "Rashbam on Bava Batra 93a:27:1"
                }
            ], 
            "text": ""
        }, 
        {
            "segmentNumber": "28", 
            "he": "תנאי היא", 
            "links": [], 
            "text": ""
        }, 
        {
            "segmentNumber": "29", 
            "he": "דתניא", 
            "links": [], 
            "text": ""
        }, 
        {
            "segmentNumber": "30", 
            "he": "המוכר פירות לחברו וזרען ולא צמחו", 
            "links": [
                {
                    "category": "Commentary", 
                    "sourceHeRef": "רשב\"ם על בבא בתרא צ״ג א:ל׳:א׳", 
                    "index_title": "Rashbam on Bava Batra", 
                    "sourceRef": "Rashbam on Bava Batra 93a:30:1"
                }
            ], 
            "text": ""
        }, 
        {
            "segmentNumber": "31", 
            "he": "זרעוני גינה שאין נאכלין חייב באחריותן זרע פשתן אינו חייב באחריותן", 
            "links": [], 
            "text": ""
        }, 
        {
            "segmentNumber": "32", 
            "he": "רבי יוסי אומר", 
            "links": [
                {
                    "category": "Commentary", 
                    "sourceHeRef": "שיטה מקובצת על בבא בתרא צ״ג א:ב׳", 
                    "index_title": "Shita Mekubetzet on Bava Batra", 
                    "sourceRef": "Shita Mekubetzet on Bava Batra 93a:2"
                }
            ], 
            "text": ""
        }
    ], 
    "heRef": "בבא בתרא צ״ג א", 
    "toSections": [
        "93a"
    ], 
    "sectionRef": "Bava Batra 93a", 
    "title": "Bava Batra 93a", 
    "lengths": [
        350, 
        13690
    ], 
    "next": "Bava Batra 93b", 
    "heBook": "בבא בתרא", 
    "book": "Bava Batra", 
    "prev": "Bava Batra 92b", 
    "textDepth": 2, 
    "sectionNames": [
        "Daf", 
        "Line"
    ], 
    "sections": [
        "93a"
    ], 
    "isComplex": false, 
    "titleVariants": [
        "Bava Bathra", 
        "Talmud Bava Batra", 
        "Bava Batra", 
        "Baba Batra", 
        "Tractate Bava Batra", 
        "Masekhet Bava Batra"
    ], 
    "categories": [
        "Talmud", 
        "Bavli", 
        "Seder Nezikin"
    ], 
    "ref": "Bava Batra 93a", 
    "type": "Talmud", 
    "addressTypes": [
        "Talmud", 
        "Integer"
    ], 
    "length": 350, 
    "indexTitle": "Bava Batra", 
    "heIndexTitle": "בבא בתרא", 
    "alts": [], 
    "order": [
        22, 
        3
    ]
}