{
    "heTitleVariants": [
        "הוריות"
    ], 
    "heTitle": "הוריות ה׳ א", 
    "content": [
        {
            "segmentNumber": "1", 
            "he": "רבי שמעון אומר", 
            "links": [], 
            "text": ""
        }, 
        {
            "segmentNumber": "2", 
            "he": "י\"ג פרים ובעבודת כוכבים שלשה עשר פרים וי\"ג שעירים פר ושעיר לכל שבט ושבט פר ושעיר לב\"ד", 
            "links": [
                {
                    "category": "Commentary", 
                    "sourceHeRef": "רש\"י על הוריות ה׳ א:ב׳:א׳", 
                    "index_title": "Rashi on Horayot", 
                    "sourceRef": "Rashi on Horayot 5a:2:1"
                }
            ], 
            "text": ""
        }, 
        {
            "segmentNumber": "3", 
            "he": "הורו ב\"ד ועשו ז' שבטים או רובן על פיהן מביאין פר ובעבודת כוכבים מביאין פר ושעיר דברי ר\"מ", 
            "links": [
                {
                    "category": "Commentary", 
                    "sourceHeRef": "רש\"י על הוריות ה׳ א:ג׳:א׳", 
                    "index_title": "Rashi on Horayot", 
                    "sourceRef": "Rashi on Horayot 5a:3:1"
                }
            ], 
            "text": ""
        }, 
        {
            "segmentNumber": "4", 
            "he": "רבי יהודה אומר", 
            "links": [], 
            "text": ""
        }, 
        {
            "segmentNumber": "5", 
            "he": "ז' שבטים שחטאו מביאין ז' פרים ושאר שבטים שלא חטאו מביאין על ידיהן פר שאף אלו שלא חטאו מביאין ע\"י חוטאין", 
            "links": [
                {
                    "category": "Commentary", 
                    "sourceHeRef": "רש\"י על הוריות ה׳ א:ה׳:א׳", 
                    "index_title": "Rashi on Horayot", 
                    "sourceRef": "Rashi on Horayot 5a:5:1"
                }
            ], 
            "text": ""
        }, 
        {
            "segmentNumber": "6", 
            "he": "ר\"ש אומר", 
            "links": [], 
            "text": ""
        }, 
        {
            "segmentNumber": "7", 
            "he": "ח' פרים ובעבודת כוכבים ח' פרים וח' שעירים פר ושעיר לכל שבט ושבט פר ושעיר לב\"ד", 
            "links": [], 
            "text": ""
        }, 
        {
            "segmentNumber": "8", 
            "he": "הורו ב\"ד של אחד מן השבטים ועשה אותו השבט על פיהן אותו שבט הוא חייב ושאר כל השבטים פטורין דברי רבי יהודה", 
            "links": [], 
            "text": ""
        }, 
        {
            "segmentNumber": "9", 
            "he": "וחכמים אומרים", 
            "links": [], 
            "text": ""
        }, 
        {
            "segmentNumber": "10", 
            "he": "אין חייבין אלא על הוריות בית דין הגדול בלבד שנאמר (ויקרא ד, יג) ואם כל עדת ישראל ישגו ולא עדת אותו שבט:", 
            "links": [
                {
                    "category": "Tanakh", 
                    "sourceHeRef": "ויקרא ד׳:י״ג", 
                    "index_title": "Leviticus", 
                    "sourceRef": "Leviticus 4:13"
                }, 
                {
                    "category": "Commentary", 
                    "sourceHeRef": "רש\"י על הוריות ה׳ א:י׳:א׳", 
                    "index_title": "Rashi on Horayot", 
                    "sourceRef": "Rashi on Horayot 5a:10:1"
                }, 
                {
                    "category": "Commentary", 
                    "sourceHeRef": "רש\"י על הוריות ה׳ א:י׳:ב׳", 
                    "index_title": "Rashi on Horayot", 
                    "sourceRef": "Rashi on Horayot 5a:10:2"
                }
            ], 
            "text": ""
        }, 
        {
            "segmentNumber": "11", 
            "he": "<big><strong>גמ׳</strong></big> ת\"ר", 
            "links": [], 
            "text": ""
        }, 
        {
            "segmentNumber": "12", 
            "he": "ידעו שהורו וטעו מה הורו יכול יהו חייבין", 
            "links": [
                {
                    "category": "Commentary", 
                    "sourceHeRef": "רש\"י על הוריות ה׳ א:י״ב:א׳", 
                    "index_title": "Rashi on Horayot", 
                    "sourceRef": "Rashi on Horayot 5a:12:1"
                }
            ], 
            "text": ""
        }, 
        {
            "segmentNumber": "13", 
            "he": "ת\"ל", 
            "links": [], 
            "text": ""
        }, 
        {
            "segmentNumber": "14", 
            "he": "(ויקרא ד, יד) ונודעה החטאת ולא שיודעו החוטאין", 
            "links": [
                {
                    "category": "Tanakh", 
                    "sourceHeRef": "ויקרא ד׳:י״ד", 
                    "index_title": "Leviticus", 
                    "sourceRef": "Leviticus 4:14"
                }, 
                {
                    "category": "Commentary", 
                    "sourceHeRef": "רש\"י על הוריות ה׳ א:י״ד:א׳", 
                    "index_title": "Rashi on Horayot", 
                    "sourceRef": "Rashi on Horayot 5a:14:1"
                }, 
                {
                    "category": "Commentary", 
                    "sourceHeRef": "רש\"י על הוריות ה׳ א:י״ד:ב׳", 
                    "index_title": "Rashi on Horayot", 
                    "sourceRef": "Rashi on Horayot 5a:14:2"
                }
            ], 
            "text": ""
        }, 
        {
            "segmentNumber": "15", 
            "he": "אשר חטאו חטאו שני שבטים מביאין שני פרים חטאו שלשה מביאין שלשה", 
            "links": [
                {
                    "category": "Commentary", 
                    "sourceHeRef": "רש\"י על הוריות ה׳ א:ט״ו:א׳", 
                    "index_title": "Rashi on Horayot", 
                    "sourceRef": "Rashi on Horayot 5a:15:1"
                }
            ], 
            "text": ""
        }, 
        {
            "segmentNumber": "16", 
            "he": "או אינו אומר אלא חטאו שני יחידים מביאין שני פרים חטאו ג' מביאין ג'", 
            "links": [], 
            "text": ""
        }, 
        {
            "segmentNumber": "17", 
            "he": "ת\"ל", 
            "links": [], 
            "text": ""
        }, 
        {
            "segmentNumber": "18", 
            "he": "הקהל הקהל חייב וכל קהל וקהל חייב כיצד", 
            "links": [], 
            "text": ""
        }, 
        {
            "segmentNumber": "19", 
            "he": "חטאו שני שבטים מביאין שני פרים חטאו ז' מביאין ז' ושאר שבטים שלא חטאו מביאין על ידיהן פר פר שאפילו אלו שלא חטאו מביאין ע\"י החוטאין לכך נאמר קהל לחייב על כל קהל וקהל דברי רבי יהודה", 
            "links": [
                {
                    "category": "Commentary", 
                    "sourceHeRef": "רש\"י על הוריות ה׳ א:י״ט:א׳", 
                    "index_title": "Rashi on Horayot", 
                    "sourceRef": "Rashi on Horayot 5a:19:1"
                }
            ], 
            "text": ""
        }, 
        {
            "segmentNumber": "20", 
            "he": "ר\"ש אומר", 
            "links": [], 
            "text": ""
        }, 
        {
            "segmentNumber": "21", 
            "he": "ז' שבטים שחטאו מביאין ז' פרים ובית דין מביאין על ידיהן פר שנאמר למטה קהל ונאמר למעלה קהל מה קהל האמור למעלה ב\"ד עם הקהל אף קהל האמור למטה ב\"ד עם הקהל", 
            "links": [
                {
                    "category": "Commentary", 
                    "sourceHeRef": "רש\"י על הוריות ה׳ א:כ״א:א׳", 
                    "index_title": "Rashi on Horayot", 
                    "sourceRef": "Rashi on Horayot 5a:21:1"
                }, 
                {
                    "category": "Commentary", 
                    "sourceHeRef": "רש\"י על הוריות ה׳ א:כ״א:ב׳", 
                    "index_title": "Rashi on Horayot", 
                    "sourceRef": "Rashi on Horayot 5a:21:2"
                }
            ], 
            "text": ""
        }, 
        {
            "segmentNumber": "22", 
            "he": "רבי מאיר אומר", 
            "links": [], 
            "text": ""
        }, 
        {
            "segmentNumber": "23", 
            "he": "ז' שבטים שחטאו ב\"ד מביאין על ידיהם פר והן פטורין נאמר קהל למטה ונאמר קהל למעלה מה קהל האמור למעלה ב\"ד ולא צבור אף קהל האמור למטה ב\"ד ולא צבור", 
            "links": [
                {
                    "category": "Commentary", 
                    "sourceHeRef": "רש\"י על הוריות ה׳ א:כ״ג:א׳", 
                    "index_title": "Rashi on Horayot", 
                    "sourceRef": "Rashi on Horayot 5a:23:1"
                }
            ], 
            "text": ""
        }, 
        {
            "segmentNumber": "24", 
            "he": "רבי שמעון בן אלעזר אומר משמו", 
            "links": [], 
            "text": ""
        }, 
        {
            "segmentNumber": "25", 
            "he": "חטאו ששה שבטים והם רובו של קהל או ז' אע\"פ שאינו רובו של קהל מביאין פר", 
            "links": [], 
            "text": ""
        }, 
        {
            "segmentNumber": "26", 
            "he": "אמר מר", 
            "links": [], 
            "text": ""
        }, 
        {
            "segmentNumber": "27", 
            "he": "ונודעה החטאת ולא שיודעו החוטאין", 
            "links": [], 
            "text": ""
        }, 
        {
            "segmentNumber": "28", 
            "he": "מאן תנא", 
            "links": [], 
            "text": ""
        }, 
        {
            "segmentNumber": "29", 
            "he": "אמר רב יהודה אמר רב ואיתימא רבא", 
            "links": [], 
            "text": ""
        }, 
        {
            "segmentNumber": "30", 
            "he": "דלא כרבי אליעזר", 
            "links": [], 
            "text": ""
        }, 
        {
            "segmentNumber": "31", 
            "he": "דתנן אמר ר' אליעזר", 
            "links": [], 
            "text": ""
        }, 
        {
            "segmentNumber": "32", 
            "he": "מה נפשך", 
            "links": [
                {
                    "category": "Commentary", 
                    "sourceHeRef": "רש\"י על הוריות ה׳ א:ל״ב:א׳", 
                    "index_title": "Rashi on Horayot", 
                    "sourceRef": "Rashi on Horayot 5a:32:1"
                }
            ], 
            "text": ""
        }, 
        {
            "segmentNumber": "33", 
            "he": "אם חלב אכל חייב נותר אכל חייב", 
            "links": [
                {
                    "category": "Commentary", 
                    "sourceHeRef": "תוספות על הוריות ה׳ א:ל״ג:א׳", 
                    "index_title": "Tosafot on Horayot", 
                    "sourceRef": "Tosafot on Horayot 5a:33:1"
                }
            ], 
            "text": ""
        }, 
        {
            "segmentNumber": "34", 
            "he": "רב אשי אמר", 
            "links": [], 
            "text": ""
        }, 
        {
            "segmentNumber": "35", 
            "he": "אפילו תימא רבי אליעזר שאני הכא דכתיב", 
            "links": [
                {
                    "category": "Commentary", 
                    "sourceHeRef": "רש\"י על הוריות ה׳ א:ל״ה:א׳", 
                    "index_title": "Rashi on Horayot", 
                    "sourceRef": "Rashi on Horayot 5a:35:1"
                }
            ], 
            "text": ""
        }, 
        {
            "segmentNumber": "36", 
            "he": "אשר חטאו עליה", 
            "links": [], 
            "text": ""
        }, 
        {
            "segmentNumber": "37", 
            "he": "התם נמי הכתי'", 
            "links": [], 
            "text": ""
        }, 
        {
            "segmentNumber": "38", 
            "he": "אשר חטא בה", 
            "links": [
                {
                    "category": "Commentary", 
                    "sourceHeRef": "רש\"י על הוריות ה׳ א:ל״ח:א׳", 
                    "index_title": "Rashi on Horayot", 
                    "sourceRef": "Rashi on Horayot 5a:38:1"
                }
            ], 
            "text": ""
        }, 
        {
            "segmentNumber": "39", 
            "he": "ההוא מיבעי ליה", 
            "links": [], 
            "text": ""
        }, 
        {
            "segmentNumber": "40", 
            "he": "פרט למתעסק", 
            "links": [
                {
                    "category": "Commentary", 
                    "sourceHeRef": "רש\"י על הוריות ה׳ א:מ׳:א׳", 
                    "index_title": "Rashi on Horayot", 
                    "sourceRef": "Rashi on Horayot 5a:40:1"
                }
            ], 
            "text": ""
        }, 
        {
            "segmentNumber": "41", 
            "he": "מ\"ט דר' יהודה", 
            "links": [], 
            "text": ""
        }, 
        {
            "segmentNumber": "42", 
            "he": "קסבר", 
            "links": [], 
            "text": ""
        }, 
        {
            "segmentNumber": "43", 
            "he": "ארבעה קהלי כתיבי קהל הקהל קהל הקהל חד לחייב על כל קהל וקהל וחד להוראה תלויה בב\"ד ומעשה תלוי בקהל וחד לגרירה וחד לשבט שעשה בהוראת ב\"ד", 
            "links": [
                {
                    "category": "Commentary", 
                    "sourceHeRef": "רש\"י על הוריות ה׳ א:מ״ג:א׳", 
                    "index_title": "Rashi on Horayot", 
                    "sourceRef": "Rashi on Horayot 5a:43:1"
                }, 
                {
                    "category": "Commentary", 
                    "sourceHeRef": "רש\"י על הוריות ה׳ א:מ״ג:ב׳", 
                    "index_title": "Rashi on Horayot", 
                    "sourceRef": "Rashi on Horayot 5a:43:2"
                }, 
                {
                    "category": "Commentary", 
                    "sourceHeRef": "רש\"י על הוריות ה׳ א:מ״ג:ג׳", 
                    "index_title": "Rashi on Horayot", 
                    "sourceRef": "Rashi on Horayot 5a:43:3"
                }, 
                {
                    "category": "Commentary", 
                    "sourceHeRef": "רש\"י על הוריות ה׳ א:מ״ג:ד׳", 
                    "index_title": "Rashi on Horayot", 
                    "sourceRef": "Rashi on Horayot 5a:43:4"
                }
            ], 
            "text": ""
        }, 
        {
            "segmentNumber": "44", 
            "he": "ור\"ש", 
            "links": [], 
            "text": ""
        }, 
        {
            "segmentNumber": "45", 
            "he": "תלתא קהלי כתיבי הקהל קהל הקהל מעיני הקהל אורחיה דקרא הוא כדאמרי אינשי", 
            "links": [
                {
                    "category": "Commentary", 
                    "sourceHeRef": "רש\"י על הוריות ה׳ א:מ״ה:א׳", 
                    "index_title": "Rashi on Horayot", 
                    "sourceRef": "Rashi on Horayot 5a:45:1"
                }, 
                {
                    "category": "Commentary", 
                    "sourceHeRef": "תוספות על הוריות ה׳ א:מ״ה:א׳", 
                    "index_title": "Tosafot on Horayot", 
                    "sourceRef": "Tosafot on Horayot 5a:45:1"
                }
            ], 
            "text": ""
        }, 
        {
            "segmentNumber": "46", 
            "he": "מעיני דפלניא חד לחייב על כל קהל וקהל ותרי אחריני נאמר למטה קהל ונאמר למעלה קהל מה להלן ב\"ד עם הקהל אף כאן ב\"ד עם הקהל", 
            "links": [
                {
                    "category": "Commentary", 
                    "sourceHeRef": "רש\"י על הוריות ה׳ א:מ״ו:א׳", 
                    "index_title": "Rashi on Horayot", 
                    "sourceRef": "Rashi on Horayot 5a:46:1"
                }
            ], 
            "text": ""
        }, 
        {
            "segmentNumber": "47", 
            "he": "ור\"מ", 
            "links": [], 
            "text": ""
        }, 
        {
            "segmentNumber": "48", 
            "he": "קהל הקהל לא דריש הלכך תרי קהלי כתיבי מיבעי ליה לנאמר למטה קהל ונאמר למעלה קהל מה להלן ב\"ד ולא צבור אף כאן ב\"ד ולא צבור", 
            "links": [], 
            "text": ""
        }, 
        {
            "segmentNumber": "49", 
            "he": "ורשב\"א מ\"ט", 
            "links": [
                {
                    "category": "Commentary", 
                    "sourceHeRef": "רש\"י על הוריות ה׳ א:מ״ט:א׳", 
                    "index_title": "Rashi on Horayot", 
                    "sourceRef": "Rashi on Horayot 5a:49:1"
                }
            ], 
            "text": ""
        }, 
        {
            "segmentNumber": "50", 
            "he": "כתי'", 
            "links": [], 
            "text": ""
        }, 
        {
            "segmentNumber": "51", 
            "he": "והיה אם מעיני העדה אלמא מיעוטא דכתיב", 
            "links": [], 
            "text": ""
        }, 
        {
            "segmentNumber": "52", 
            "he": "מעיני וכתי'", 
            "links": [], 
            "text": ""
        }, 
        {
            "segmentNumber": "53", 
            "he": "כי לכל העם בשגגה למימרא דרובא אין מיעוטא לא", 
            "links": [], 
            "text": ""
        }, 
        {
            "segmentNumber": "54", 
            "he": "הא כיצד", 
            "links": [], 
            "text": ""
        }, 
        {
            "segmentNumber": "55", 
            "he": "עשו ו' והן רובו של קהל או ז' אע\"פ שאינן רובו של קהל חייבין", 
            "links": [], 
            "text": ""
        }
    ], 
    "heRef": "הוריות ה׳ א", 
    "toSections": [
        "5a"
    ], 
    "sectionRef": "Horayot 5a", 
    "title": "Horayot 5a", 
    "lengths": [
        25, 
        1685
    ], 
    "next": "Horayot 5b", 
    "heBook": "הוריות", 
    "book": "Horayot", 
    "prev": "Horayot 4b", 
    "textDepth": 2, 
    "sectionNames": [
        "Daf", 
        "Line"
    ], 
    "sections": [
        "5a"
    ], 
    "isComplex": false, 
    "titleVariants": [
        "Horayot", 
        "Horiyot", 
        "Masekhet Horayot", 
        "Talmud Horayot", 
        "Tractate Horayot"
    ], 
    "categories": [
        "Talmud", 
        "Bavli", 
        "Seder Nezikin"
    ], 
    "ref": "Horayot 5a", 
    "type": "Talmud", 
    "addressTypes": [
        "Talmud", 
        "Integer"
    ], 
    "length": 25, 
    "indexTitle": "Horayot", 
    "heIndexTitle": "הוריות", 
    "alts": [], 
    "order": [
        27, 
        8
    ]
}