{
    "heTitleVariants": [
        "חכם צבי"
    ], 
    "heTitle": "חכם צבי", 
    "heRef": "חכם צבי מ׳", 
    "toSections": [
        40
    ], 
    "sectionRef": "Hakham Tzvi 40", 
    "next": "Hakham Tzvi 167", 
    "content": [], 
    "book": "Hakham Tzvi", 
    "prev": null, 
    "textDepth": 2, 
    "sectionNames": [
        "Teshuva", 
        "Paragraph"
    ], 
    "sections": [
        40
    ], 
    "isComplex": false, 
    "titleVariants": [
        "Hakham Tzvi"
    ], 
    "categories": [
        "Responsa"
    ], 
    "ref": "Hakham Tzvi 40", 
    "type": "Responsa", 
    "addressTypes": [
        "Integer", 
        "Integer"
    ], 
    "indexTitle": "Hakham Tzvi", 
    "heIndexTitle": "חכם צבי", 
    "alts": [], 
    "order": ""
}