{
    "content": [
        {
            "segmentNumber": "1", 
            "he": "תיבה שהיא מלאה כלים וקבע לו כסוי טמאה היתה ריקנית וקבע לה כסוי טהורה למה זה דומה לכדים ריקנית שהיא מלאה רוח שהיא טהורה.  תיבה שהיא טמא מת וקבע לה מדרס טהורה מכלל טומאה ומקבלת טומאה מכאן ולהבא תיבה שחציה פתוח וחציה נעול טמאה מדרס טמא מת נפחתה מלמעלה טמאה מפני שהיא מקבלת מלמטה נפחתה מלמטה ר\"מ מטמא וחכמים מטהרין מפני שבטל העיקר בטל הטפלה חמת שנפחתה הרי זה טמאה שבתחלה משמשת ישיבה ושכיבה עם מלאכתה ועכשיו משמשת ישיבה ושכיבה דר\"מ וחכ\"א מפני שבטל העיקר בטל הטפלה מודים חכמים לר\"מ &lt;ולר\"ש&gt; בכר וכסת של עור שנקרעו שאע\"פ שאינן מקבלין את מה שבתוכן שהן טמאין ואין צריך לומר בכרים ובשק לא שהן טמאין משום קבול אלא משום אריג רבי יוסי אומר תיבת הבלנין שהיא גבוהה י' טפחים ויש לה לזביז טמאה שמתחלה לכך נעשית להיות עולה ויושב בראשה."
        }, 
        {
            "segmentNumber": "2", 
            "he": "תיבה שמוכרין עליה שמן במרחץ טמא מת &lt;וטמא מדרס&gt; הביא נסר וקבעו מלזבז ללזביז להיות יושב עליה טמאה ואינו טמא אלא המשמש את הצורך.  ארבעה לווחין שבארבע זויותיה אם היו רחבות טפח טמאות.  טבלא העליונה שמרצים עליה את המעות אע\"פ שיש לה לזבז טהורה הביא טבלא אחרת וקבע לה לזביז להיות יושב עליה טמאה ואינו טמא אלא המשמש את הצורך.  סריד של חייטין יש לו גפים טמא אין לו גפים טהור הביא נסר וקבע מלזביז לליזביז להיות יושב עליו טמא [מדרס] ואינו טמא אלא המשמש את הצורך.  שולחנות שבכרכין שאוכלין עליהן אע\"פ שקבען במסמר טמאין הביא כסא וקבע לו מלזביז ללזביז להיות יושב עליו טמא ואין טמא אלא המשמש את הצורך.  הכוסות שבבמה הרי אלו טהורין שלא נעשו אלא לשמש עם הקרקע והבדדין טהור שאינו אלא ישיבת של צער. "
        }
    ], 
    "heTitle": "תוספתא כלים מציעא", 
    "indexTitle": "Tosefta Keilim Metsia", 
    "sectionRef": "Tosefta Keilim Metsia 10", 
    "prev": "Tosefta Keilim Metsia 9", 
    "ref": "Tosefta Keilim Metsia 10", 
    "heRef": "תוספתא כלים מציעא י׳", 
    "next": "Tosefta Keilim Metsia 11"
}