{
    "heTitleVariants": [
        "סנהדרין"
    ], 
    "heTitle": "סנהדרין ס״ה ב", 
    "content": [
        {
            "segmentNumber": "1", 
            "he": "מתיב ר' זירא", 
            "links": [
                {
                    "category": "Commentary", 
                    "sourceHeRef": "רש\"י על סנהדרין ס״ה ב:א׳:א׳", 
                    "index_title": "Rashi on Sanhedrin", 
                    "sourceRef": "Rashi on Sanhedrin 65b:1:1"
                }
            ], 
            "text": "Rabbi Zeira presented a contradiction:"
        }, 
        {
            "segmentNumber": "2", 
            "he": "יצאו עדים זוממין שאין בהן מעשה", 
            "links": [
                {
                    "category": "Commentary", 
                    "sourceHeRef": "תוספות על סנהדרין ס״ה ב:ב׳:א׳", 
                    "index_title": "Tosafot on Sanhedrin", 
                    "sourceRef": "Tosafot on Sanhedrin 65b:2:1"
                }
            ], 
            "text": ""
        }, 
        {
            "segmentNumber": "3", 
            "he": "ואמאי", 
            "links": [], 
            "text": ""
        }, 
        {
            "segmentNumber": "4", 
            "he": "הא ליתנהו בלב", 
            "links": [], 
            "text": ""
        }, 
        {
            "segmentNumber": "5", 
            "he": "אמר רבא", 
            "links": [
                {
                    "category": "Commentary", 
                    "sourceHeRef": "רש\"י על סנהדרין ס״ה ב:ה׳:א׳", 
                    "index_title": "Rashi on Sanhedrin", 
                    "sourceRef": "Rashi on Sanhedrin 65b:5:1"
                }
            ], 
            "text": ""
        }, 
        {
            "segmentNumber": "6", 
            "he": "שאני עדים זוממין הואיל וישנו בקול", 
            "links": [
                {
                    "category": "Commentary", 
                    "sourceHeRef": "תוספות על סנהדרין ס״ה ב:ו׳:א׳", 
                    "index_title": "Tosafot on Sanhedrin", 
                    "sourceRef": "Tosafot on Sanhedrin 65b:6:1"
                }
            ], 
            "text": ""
        }, 
        {
            "segmentNumber": "7", 
            "he": "וקול לרבי יוחנן לאו מעשה הוא", 
            "links": [], 
            "text": ""
        }, 
        {
            "segmentNumber": "8", 
            "he": "והא איתמר", 
            "links": [], 
            "text": ""
        }, 
        {
            "segmentNumber": "9", 
            "he": "חסמה בקול והנהיגה בקול רבי יוחנן אמר", 
            "links": [
                {
                    "category": "Commentary", 
                    "sourceHeRef": "רש\"י על סנהדרין ס״ה ב:ט׳:א׳", 
                    "index_title": "Rashi on Sanhedrin", 
                    "sourceRef": "Rashi on Sanhedrin 65b:9:1"
                }, 
                {
                    "category": "Commentary", 
                    "sourceHeRef": "רש\"י על סנהדרין ס״ה ב:ט׳:ב׳", 
                    "index_title": "Rashi on Sanhedrin", 
                    "sourceRef": "Rashi on Sanhedrin 65b:9:2"
                }
            ], 
            "text": ""
        }, 
        {
            "segmentNumber": "10", 
            "he": "חייב ור\"ל אמר", 
            "links": [], 
            "text": ""
        }, 
        {
            "segmentNumber": "11", 
            "he": "פטור רבי יוחנן אמר", 
            "links": [], 
            "text": ""
        }, 
        {
            "segmentNumber": "12", 
            "he": "חייב עקימת פיו הוי מעשה", 
            "links": [], 
            "text": ""
        }, 
        {
            "segmentNumber": "13", 
            "he": "ר\"ל אמר", 
            "links": [], 
            "text": ""
        }, 
        {
            "segmentNumber": "14", 
            "he": "פטור עקימת פיו לא הוי מעשה", 
            "links": [], 
            "text": ""
        }, 
        {
            "segmentNumber": "15", 
            "he": "אלא אמר רבא", 
            "links": [], 
            "text": ""
        }, 
        {
            "segmentNumber": "16", 
            "he": "שאני עדים זוממין הואיל וישנן בראיה", 
            "links": [
                {
                    "category": "Commentary", 
                    "sourceHeRef": "רש\"י על סנהדרין ס״ה ב:ט״ז:א׳", 
                    "index_title": "Rashi on Sanhedrin", 
                    "sourceRef": "Rashi on Sanhedrin 65b:16:1"
                }
            ], 
            "text": ""
        }, 
        {
            "segmentNumber": "17", 
            "he": "ת\"ר", 
            "links": [], 
            "text": ""
        }, 
        {
            "segmentNumber": "18", 
            "he": "בעל אוב זה המדבר בין הפרקים ומבין אצילי ידיו", 
            "links": [
                {
                    "category": "Commentary", 
                    "sourceHeRef": "רש\"י על סנהדרין ס״ה ב:י״ח:א׳", 
                    "index_title": "Rashi on Sanhedrin", 
                    "sourceRef": "Rashi on Sanhedrin 65b:18:1"
                }
            ], 
            "text": ""
        }, 
        {
            "segmentNumber": "19", 
            "he": "ידעוני זה המניח עצם ידוע בפיו והוא מדבר מאליו", 
            "links": [
                {
                    "category": "Commentary", 
                    "sourceHeRef": "רש\"י על סנהדרין ס״ה ב:י״ט:א׳", 
                    "index_title": "Rashi on Sanhedrin", 
                    "sourceRef": "Rashi on Sanhedrin 65b:19:1"
                }
            ], 
            "text": ""
        }, 
        {
            "segmentNumber": "20", 
            "he": "מיתיבי (ישעיהו כט, ד) והיה כאוב מארץ קולך מאי לאו דמשתעי כי אורחיה", 
            "links": [
                {
                    "category": "Tanakh", 
                    "sourceHeRef": "ישעיהו כ״ט:ד׳", 
                    "index_title": "Isaiah", 
                    "sourceRef": "Isaiah 29:4"
                }, 
                {
                    "category": "Commentary", 
                    "sourceHeRef": "רש\"י על סנהדרין ס״ה ב:כ׳:א׳", 
                    "index_title": "Rashi on Sanhedrin", 
                    "sourceRef": "Rashi on Sanhedrin 65b:20:1"
                }
            ], 
            "text": ""
        }, 
        {
            "segmentNumber": "21", 
            "he": "לא דסליק ויתיב בין הפרקים ומשתעי", 
            "links": [
                {
                    "category": "Commentary", 
                    "sourceHeRef": "רש\"י על סנהדרין ס״ה ב:כ״א:א׳", 
                    "index_title": "Rashi on Sanhedrin", 
                    "sourceRef": "Rashi on Sanhedrin 65b:21:1"
                }
            ], 
            "text": ""
        }, 
        {
            "segmentNumber": "22", 
            "he": "תא שמע", 
            "links": [], 
            "text": ""
        }, 
        {
            "segmentNumber": "23", 
            "he": "(שמואל א כח, יג) ותאמר האשה אל שאול אלהים ראיתי עולים מן הארץ מאי לאו דמשתעי כי אורחיה", 
            "links": [
                {
                    "category": "Tanakh", 
                    "sourceHeRef": "שמואל א כ״ח:י״ג", 
                    "index_title": "I Samuel", 
                    "sourceRef": "I Samuel 28:13"
                }
            ], 
            "text": ""
        }, 
        {
            "segmentNumber": "24", 
            "he": "לא דיתיב בין הפרקים ומשתעי", 
            "links": [], 
            "text": ""
        }, 
        {
            "segmentNumber": "25", 
            "he": "ת\"ר", 
            "links": [
                {
                    "category": "Commentary", 
                    "sourceHeRef": " פסקי הראש על סנהדרין ז׳:ה׳:א׳", 
                    "index_title": "Rosh on Sanhedrin", 
                    "sourceRef": "Rosh on Sanhedrin 7:5:1"
                }
            ], 
            "text": ""
        }, 
        {
            "segmentNumber": "26", 
            "he": "בעל אוב אחד המעלה בזכורו ואחד הנשאל בגולגולת", 
            "links": [
                {
                    "category": "Commentary", 
                    "sourceHeRef": "רש\"י על סנהדרין ס״ה ב:כ״ו:א׳", 
                    "index_title": "Rashi on Sanhedrin", 
                    "sourceRef": "Rashi on Sanhedrin 65b:26:1"
                }, 
                {
                    "category": "Commentary", 
                    "sourceHeRef": "רש\"י על סנהדרין ס״ה ב:כ״ו:ב׳", 
                    "index_title": "Rashi on Sanhedrin", 
                    "sourceRef": "Rashi on Sanhedrin 65b:26:2"
                }
            ], 
            "text": ""
        }, 
        {
            "segmentNumber": "27", 
            "he": "מה בין זה לזה", 
            "links": [], 
            "text": ""
        }, 
        {
            "segmentNumber": "28", 
            "he": "מעלה בזכורו אינו עולה כדרכו ואינו עולה בשבת", 
            "links": [
                {
                    "category": "Commentary", 
                    "sourceHeRef": "רש\"י על סנהדרין ס״ה ב:כ״ח:א׳", 
                    "index_title": "Rashi on Sanhedrin", 
                    "sourceRef": "Rashi on Sanhedrin 65b:28:1"
                }
            ], 
            "text": ""
        }, 
        {
            "segmentNumber": "29", 
            "he": "נשאל בגולגולת עולה כדרכו ועולה בשבת עולה", 
            "links": [
                {
                    "category": "Commentary", 
                    "sourceHeRef": "רש\"י על סנהדרין ס״ה ב:כ״ט:א׳", 
                    "index_title": "Rashi on Sanhedrin", 
                    "sourceRef": "Rashi on Sanhedrin 65b:29:1"
                }
            ], 
            "text": ""
        }, 
        {
            "segmentNumber": "30", 
            "he": "להיכא סליק", 
            "links": [], 
            "text": ""
        }, 
        {
            "segmentNumber": "31", 
            "he": "הא קמיה מנח", 
            "links": [], 
            "text": ""
        }, 
        {
            "segmentNumber": "32", 
            "he": "אלא אימא", 
            "links": [], 
            "text": ""
        }, 
        {
            "segmentNumber": "33", 
            "he": "עונה כדרכו ועונה בשבת", 
            "links": [], 
            "text": ""
        }, 
        {
            "segmentNumber": "34", 
            "he": "ואף שאלה זו שאל טורנוסרופוס את ר\"ע", 
            "links": [], 
            "text": ""
        }, 
        {
            "segmentNumber": "35", 
            "he": "אמר לו", 
            "links": [
                {
                    "category": "Commentary", 
                    "sourceHeRef": "תוספות על סנהדרין ס״ה ב:ל״ה:א׳", 
                    "index_title": "Tosafot on Sanhedrin", 
                    "sourceRef": "Tosafot on Sanhedrin 65b:35:1"
                }
            ], 
            "text": ""
        }, 
        {
            "segmentNumber": "36", 
            "he": "ומה יום מיומים", 
            "links": [
                {
                    "category": "Commentary", 
                    "sourceHeRef": "רש\"י על סנהדרין ס״ה ב:ל״ו:א׳", 
                    "index_title": "Rashi on Sanhedrin", 
                    "sourceRef": "Rashi on Sanhedrin 65b:36:1"
                }
            ], 
            "text": ""
        }, 
        {
            "segmentNumber": "37", 
            "he": "אמר לו", 
            "links": [], 
            "text": ""
        }, 
        {
            "segmentNumber": "38", 
            "he": "ומה גבר מגוברין", 
            "links": [
                {
                    "category": "Commentary", 
                    "sourceHeRef": "רש\"י על סנהדרין ס״ה ב:ל״ח:א׳", 
                    "index_title": "Rashi on Sanhedrin", 
                    "sourceRef": "Rashi on Sanhedrin 65b:38:1"
                }
            ], 
            "text": ""
        }, 
        {
            "segmentNumber": "39", 
            "he": "א\"ל", 
            "links": [], 
            "text": ""
        }, 
        {
            "segmentNumber": "40", 
            "he": "דמרי צבי שבת נמי דמרי צבי", 
            "links": [
                {
                    "category": "Commentary", 
                    "sourceHeRef": "רש\"י על סנהדרין ס״ה ב:מ׳:א׳", 
                    "index_title": "Rashi on Sanhedrin", 
                    "sourceRef": "Rashi on Sanhedrin 65b:40:1"
                }, 
                {
                    "category": "Commentary", 
                    "sourceHeRef": "רש\"י על סנהדרין ס״ה ב:מ׳:ב׳", 
                    "index_title": "Rashi on Sanhedrin", 
                    "sourceRef": "Rashi on Sanhedrin 65b:40:2"
                }
            ], 
            "text": ""
        }, 
        {
            "segmentNumber": "41", 
            "he": "א\"ל", 
            "links": [], 
            "text": ""
        }, 
        {
            "segmentNumber": "42", 
            "he": "הכי קאמינא לך מי יימר דהאידנא שבתא", 
            "links": [
                {
                    "category": "Commentary", 
                    "sourceHeRef": "רש\"י על סנהדרין ס״ה ב:מ״ב:א׳", 
                    "index_title": "Rashi on Sanhedrin", 
                    "sourceRef": "Rashi on Sanhedrin 65b:42:1"
                }
            ], 
            "text": ""
        }, 
        {
            "segmentNumber": "43", 
            "he": "אמר לו", 
            "links": [], 
            "text": ""
        }, 
        {
            "segmentNumber": "44", 
            "he": "נהר סבטיון יוכיח בעל אוב יוכיח קברו של אביו יוכיח שאין מעלה עשן בשבת", 
            "links": [
                {
                    "category": "Commentary", 
                    "sourceHeRef": "רש\"י על סנהדרין ס״ה ב:מ״ד:א׳", 
                    "index_title": "Rashi on Sanhedrin", 
                    "sourceRef": "Rashi on Sanhedrin 65b:44:1"
                }, 
                {
                    "category": "Commentary", 
                    "sourceHeRef": "רש\"י על סנהדרין ס״ה ב:מ״ד:ב׳", 
                    "index_title": "Rashi on Sanhedrin", 
                    "sourceRef": "Rashi on Sanhedrin 65b:44:2"
                }, 
                {
                    "category": "Commentary", 
                    "sourceHeRef": "רש\"י על סנהדרין ס״ה ב:מ״ד:ג׳", 
                    "index_title": "Rashi on Sanhedrin", 
                    "sourceRef": "Rashi on Sanhedrin 65b:44:3"
                }
            ], 
            "text": ""
        }, 
        {
            "segmentNumber": "45", 
            "he": "אמר לו", 
            "links": [], 
            "text": ""
        }, 
        {
            "segmentNumber": "46", 
            "he": "ביזיתו ביישתו וקיללתו", 
            "links": [
                {
                    "category": "Commentary", 
                    "sourceHeRef": "רש\"י על סנהדרין ס״ה ב:מ״ו:א׳", 
                    "index_title": "Rashi on Sanhedrin", 
                    "sourceRef": "Rashi on Sanhedrin 65b:46:1"
                }
            ], 
            "text": ""
        }, 
        {
            "segmentNumber": "47", 
            "he": "שואל אוב היינו ודורש אל המתים", 
            "links": [
                {
                    "category": "Commentary", 
                    "sourceHeRef": "רש\"י על סנהדרין ס״ה ב:מ״ז:א׳", 
                    "index_title": "Rashi on Sanhedrin", 
                    "sourceRef": "Rashi on Sanhedrin 65b:47:1"
                }
            ], 
            "text": ""
        }, 
        {
            "segmentNumber": "48", 
            "he": "דורש למתים כדתניא", 
            "links": [], 
            "text": ""
        }, 
        {
            "segmentNumber": "49", 
            "he": "(דברים יח, יא) ודורש אל המתים זה המרעיב עצמו והולך ולן בבה\"ק כדי שתשרה עליו רוח טומאה", 
            "links": [
                {
                    "category": "Tanakh", 
                    "sourceHeRef": "דברים י״ח:י״א", 
                    "index_title": "Deuteronomy", 
                    "sourceRef": "Deuteronomy 18:11"
                }
            ], 
            "text": ""
        }, 
        {
            "segmentNumber": "50", 
            "he": "וכשהיה ר\"ע מגיע למקרא זה היה בוכה ומה המרעיב עצמו כדי שתשרה עליו רוח טומאה שורה עליו רוח טומאה המרעיב עצמו כדי שתשרה עליו רוח טהרה על אחת כמה וכמה", 
            "links": [
                {
                    "category": "Commentary", 
                    "sourceHeRef": "רש\"י על סנהדרין ס״ה ב:נ׳:א׳", 
                    "index_title": "Rashi on Sanhedrin", 
                    "sourceRef": "Rashi on Sanhedrin 65b:50:1"
                }, 
                {
                    "category": "Commentary", 
                    "sourceHeRef": "רש\"י על סנהדרין ס״ה ב:נ׳:ב׳", 
                    "index_title": "Rashi on Sanhedrin", 
                    "sourceRef": "Rashi on Sanhedrin 65b:50:2"
                }, 
                {
                    "category": "Commentary", 
                    "sourceHeRef": "רש\"י על סנהדרין ס״ה ב:נ׳:ג׳", 
                    "index_title": "Rashi on Sanhedrin", 
                    "sourceRef": "Rashi on Sanhedrin 65b:50:3"
                }
            ], 
            "text": ""
        }, 
        {
            "segmentNumber": "51", 
            "he": "אבל מה אעשה שעונותינו גרמו לנו שנאמר (ישעיהו נט, ב) כי [אם] עונותיכם היו מבדילים ביניכם לבין אלהיכם", 
            "links": [
                {
                    "category": "Tanakh", 
                    "sourceHeRef": "ישעיהו נ״ט:ב׳", 
                    "index_title": "Isaiah", 
                    "sourceRef": "Isaiah 59:2"
                }
            ], 
            "text": ""
        }, 
        {
            "segmentNumber": "52", 
            "he": "אמר רבא", 
            "links": [], 
            "text": ""
        }, 
        {
            "segmentNumber": "53", 
            "he": "אי בעו צדיקי ברו עלמא שנאמר כי עונותיכם היו מבדילים וגו'", 
            "links": [
                {
                    "category": "Commentary", 
                    "sourceHeRef": "רש\"י על סנהדרין ס״ה ב:נ״ג:א׳", 
                    "index_title": "Rashi on Sanhedrin", 
                    "sourceRef": "Rashi on Sanhedrin 65b:53:1"
                }, 
                {
                    "category": "Commentary", 
                    "sourceHeRef": "רש\"י על סנהדרין ס״ה ב:נ״ג:ב׳", 
                    "index_title": "Rashi on Sanhedrin", 
                    "sourceRef": "Rashi on Sanhedrin 65b:53:2"
                }
            ], 
            "text": ""
        }, 
        {
            "segmentNumber": "54", 
            "he": "רבא ברא גברא שדריה לקמיה דר' זירא", 
            "links": [
                {
                    "category": "Commentary", 
                    "sourceHeRef": "רש\"י על סנהדרין ס״ה ב:נ״ד:א׳", 
                    "index_title": "Rashi on Sanhedrin", 
                    "sourceRef": "Rashi on Sanhedrin 65b:54:1"
                }
            ], 
            "text": ""
        }, 
        {
            "segmentNumber": "55", 
            "he": "הוה קא משתעי בהדיה ולא הוה קא מהדר ליה", 
            "links": [
                {
                    "category": "Commentary", 
                    "sourceHeRef": "רש\"י על סנהדרין ס״ה ב:נ״ה:א׳", 
                    "index_title": "Rashi on Sanhedrin", 
                    "sourceRef": "Rashi on Sanhedrin 65b:55:1"
                }, 
                {
                    "category": "Commentary", 
                    "sourceHeRef": " חידושי אגדות על מסכת סנהדרין ס״ה ב:ג׳", 
                    "index_title": "Chidushei Agadot on Sanhedrin", 
                    "sourceRef": "Chidushei Agadot on Sanhedrin 65b:3"
                }
            ], 
            "text": ""
        }, 
        {
            "segmentNumber": "56", 
            "he": "אמר ליה", 
            "links": [], 
            "text": ""
        }, 
        {
            "segmentNumber": "57", 
            "he": "מן חבריא את הדר לעפריך", 
            "links": [
                {
                    "category": "Commentary", 
                    "sourceHeRef": "רש\"י על סנהדרין ס״ה ב:נ״ז:א׳", 
                    "index_title": "Rashi on Sanhedrin", 
                    "sourceRef": "Rashi on Sanhedrin 65b:57:1"
                }
            ], 
            "text": ""
        }, 
        {
            "segmentNumber": "58", 
            "he": "רב חנינא ורב אושעיא הוו יתבי כל מעלי שבתא ועסקי בספר יצירה ומיברו להו עיגלא תילתא ואכלי ליה", 
            "links": [
                {
                    "category": "Commentary", 
                    "sourceHeRef": "רש\"י על סנהדרין ס״ה ב:נ״ח:א׳", 
                    "index_title": "Rashi on Sanhedrin", 
                    "sourceRef": "Rashi on Sanhedrin 65b:58:1"
                }
            ], 
            "text": ""
        }, 
        {
            "segmentNumber": "59", 
            "he": "תנו רבנן", 
            "links": [], 
            "text": ""
        }, 
        {
            "segmentNumber": "60", 
            "he": "מעונן ר' שמעון אומר", 
            "links": [], 
            "text": ""
        }, 
        {
            "segmentNumber": "61", 
            "he": "זה המעביר שבעה מיני זכור על העין", 
            "links": [
                {
                    "category": "Commentary", 
                    "sourceHeRef": "רש\"י על סנהדרין ס״ה ב:ס״א:א׳", 
                    "index_title": "Rashi on Sanhedrin", 
                    "sourceRef": "Rashi on Sanhedrin 65b:61:1"
                }
            ], 
            "text": ""
        }, 
        {
            "segmentNumber": "62", 
            "he": "וחכ\"א", 
            "links": [], 
            "text": ""
        }, 
        {
            "segmentNumber": "63", 
            "he": "זה האוחז את העינים", 
            "links": [
                {
                    "category": "Commentary", 
                    "sourceHeRef": "רש\"י על סנהדרין ס״ה ב:ס״ג:א׳", 
                    "index_title": "Rashi on Sanhedrin", 
                    "sourceRef": "Rashi on Sanhedrin 65b:63:1"
                }, 
                {
                    "category": "Commentary", 
                    "sourceHeRef": " פסקי הראש על סנהדרין ז׳:ו׳:א׳", 
                    "index_title": "Rosh on Sanhedrin", 
                    "sourceRef": "Rosh on Sanhedrin 7:6:1"
                }
            ], 
            "text": ""
        }, 
        {
            "segmentNumber": "64", 
            "he": "ר\"ע אומר", 
            "links": [], 
            "text": ""
        }, 
        {
            "segmentNumber": "65", 
            "he": "זה המחשב עתים ושעות ואומר", 
            "links": [
                {
                    "category": "Commentary", 
                    "sourceHeRef": "רש\"י על סנהדרין ס״ה ב:ס״ה:א׳", 
                    "index_title": "Rashi on Sanhedrin", 
                    "sourceRef": "Rashi on Sanhedrin 65b:65:1"
                }
            ], 
            "text": ""
        }, 
        {
            "segmentNumber": "66", 
            "he": "היום יפה לצאת למחר יפה ליקח לימודי ערבי שביעיות חיטין יפות עיקורי קטניות מהיות רעות", 
            "links": [
                {
                    "category": "Commentary", 
                    "sourceHeRef": "רש\"י על סנהדרין ס״ה ב:ס״ו:א׳", 
                    "index_title": "Rashi on Sanhedrin", 
                    "sourceRef": "Rashi on Sanhedrin 65b:66:1"
                }, 
                {
                    "category": "Commentary", 
                    "sourceHeRef": "רש\"י על סנהדרין ס״ה ב:ס״ו:ב׳", 
                    "index_title": "Rashi on Sanhedrin", 
                    "sourceRef": "Rashi on Sanhedrin 65b:66:2"
                }
            ], 
            "text": ""
        }, 
        {
            "segmentNumber": "67", 
            "he": "תנו רבנן", 
            "links": [], 
            "text": ""
        }, 
        {
            "segmentNumber": "68", 
            "he": "מנחש זה האומר פתו נפלה מפיו מקלו נפלה מידו", 
            "links": [
                {
                    "category": "Commentary", 
                    "sourceHeRef": "רש\"י על סנהדרין ס״ה ב:ס״ח:א׳", 
                    "index_title": "Rashi on Sanhedrin", 
                    "sourceRef": "Rashi on Sanhedrin 65b:68:1"
                }
            ], 
            "text": ""
        }, 
        {
            "segmentNumber": "69", 
            "he": "בנו קורא לו מאחריו", 
            "links": [
                {
                    "category": "Commentary", 
                    "sourceHeRef": " פסקי הראש על סנהדרין ז׳:ז׳:א׳", 
                    "index_title": "Rosh on Sanhedrin", 
                    "sourceRef": "Rosh on Sanhedrin 7:7:1"
                }
            ], 
            "text": ""
        }, 
        {
            "segmentNumber": "70", 
            "he": "עורב קורא לו צבי הפסיקו בדרך נחש מימינו ושועל משמאלו", 
            "links": [
                {
                    "category": "Commentary", 
                    "sourceHeRef": "רש\"י על סנהדרין ס״ה ב:ע׳:א׳", 
                    "index_title": "Rashi on Sanhedrin", 
                    "sourceRef": "Rashi on Sanhedrin 65b:70:1"
                }, 
                {
                    "category": "Commentary", 
                    "sourceHeRef": "רש\"י על סנהדרין ס״ה ב:ע׳:ב׳", 
                    "index_title": "Rashi on Sanhedrin", 
                    "sourceRef": "Rashi on Sanhedrin 65b:70:2"
                }
            ], 
            "text": ""
        }
    ], 
    "heRef": "סנהדרין ס״ה ב", 
    "toSections": [
        "65b"
    ], 
    "sectionRef": "Sanhedrin 65b", 
    "title": "Sanhedrin 65b", 
    "lengths": [
        224, 
        13487
    ], 
    "next": "Sanhedrin 66a", 
    "heBook": "סנהדרין", 
    "book": "Sanhedrin", 
    "prev": "Sanhedrin 65a", 
    "textDepth": 2, 
    "sectionNames": [
        "Daf", 
        "Line"
    ], 
    "sections": [
        "65b"
    ], 
    "isComplex": false, 
    "titleVariants": [
        "Tractate Sanhedrin", 
        "Talmud Sanhedrin", 
        "Sanhedrin", 
        "Masekhet Sanhedrin"
    ], 
    "categories": [
        "Talmud", 
        "Bavli", 
        "Seder Nezikin"
    ], 
    "ref": "Sanhedrin 65b", 
    "type": "Talmud", 
    "addressTypes": [
        "Talmud", 
        "Integer"
    ], 
    "length": 224, 
    "indexTitle": "Sanhedrin", 
    "heIndexTitle": "סנהדרין", 
    "alts": [], 
    "order": [
        23, 
        4
    ]
}