{
    "content": [
        {
            "segmentNumber": "1", 
            "links": [
                {
                    "category": "Commentary", 
                    "index_title": "Rashi on Sanhedrin", 
                    "sourceHeRef": "רש\"י על סנהדרין ל״ג א:א׳:א׳", 
                    "sourceRef": "Rashi on Sanhedrin 33a:1:1"
                }
            ], 
            "he": "מיכן שפותחין בדיני נפשות תחלה לזכות:"
        }, 
        {
            "segmentNumber": "2", 
            "he": "דיני ממונות מחזירין כו':"
        }, 
        {
            "segmentNumber": "3", 
            "he": "ורמינהו"
        }, 
        {
            "segmentNumber": "4", 
            "links": [
                {
                    "category": "Commentary", 
                    "index_title": "Rashi on Sanhedrin", 
                    "sourceHeRef": "רש\"י על סנהדרין ל״ג א:ד׳:א׳", 
                    "sourceRef": "Rashi on Sanhedrin 33a:4:1"
                }, 
                {
                    "category": "Commentary", 
                    "index_title": "Tosafot on Sanhedrin", 
                    "sourceHeRef": "תוספות על סנהדרין ל״ג א:ד׳:א׳", 
                    "sourceRef": "Tosafot on Sanhedrin 33a:4:1"
                }
            ], 
            "he": "דן את הדין זיכה את החייב חייב את הזכאי טימא את הטהור טיהר את הטמא מה שעשה עשוי וישלם מביתו"
        }, 
        {
            "segmentNumber": "5", 
            "he": "אמר רב יוסף"
        }, 
        {
            "segmentNumber": "6", 
            "he": "לא קשיא"
        }, 
        {
            "segmentNumber": "7", 
            "links": [
                {
                    "category": "Commentary", 
                    "index_title": "Tosafot on Sanhedrin", 
                    "sourceHeRef": "תוספות על סנהדרין ל״ג א:ז׳:א׳", 
                    "sourceRef": "Tosafot on Sanhedrin 33a:7:1"
                }, 
                {
                    "category": "Commentary", 
                    "index_title": "Rashi on Sanhedrin", 
                    "sourceHeRef": "רש\"י על סנהדרין ל״ג א:ז׳:א׳", 
                    "sourceRef": "Rashi on Sanhedrin 33a:7:1"
                }
            ], 
            "he": "כאן במומחה כאן בשאינו מומחה"
        }, 
        {
            "segmentNumber": "8", 
            "he": "ובמומחה מחזירין"
        }, 
        {
            "segmentNumber": "9", 
            "he": "והקתני"
        }, 
        {
            "segmentNumber": "10", 
            "links": [
                {
                    "category": "Commentary", 
                    "index_title": "Rashi on Sanhedrin", 
                    "sourceHeRef": "רש\"י על סנהדרין ל״ג א:י׳:א׳", 
                    "sourceRef": "Rashi on Sanhedrin 33a:10:1"
                }
            ], 
            "he": "אם היה מומחה לב\"ד פטור מלשלם"
        }, 
        {
            "segmentNumber": "11", 
            "he": "א\"ר נחמן"
        }, 
        {
            "segmentNumber": "12", 
            "links": [
                {
                    "category": "Commentary", 
                    "index_title": "Rashi on Sanhedrin", 
                    "sourceHeRef": "רש\"י על סנהדרין ל״ג א:י״ב:א׳", 
                    "sourceRef": "Rashi on Sanhedrin 33a:12:1"
                }, 
                {
                    "category": "Commentary", 
                    "index_title": "Rashi on Sanhedrin", 
                    "sourceHeRef": "רש\"י על סנהדרין ל״ג א:י״ב:ב׳", 
                    "sourceRef": "Rashi on Sanhedrin 33a:12:2"
                }
            ], 
            "he": "כאן שיש גדול הימנו בחכמה ובמנין כאן שאין גדול הימנו בחכמה ובמנין"
        }, 
        {
            "segmentNumber": "13", 
            "he": "רב ששת אמר"
        }, 
        {
            "segmentNumber": "14", 
            "links": [
                {
                    "category": "Commentary", 
                    "index_title": "Rashi on Sanhedrin", 
                    "sourceHeRef": "רש\"י על סנהדרין ל״ג א:י״ד:א׳", 
                    "sourceRef": "Rashi on Sanhedrin 33a:14:1"
                }, 
                {
                    "category": "Commentary", 
                    "index_title": "Rashi on Sanhedrin", 
                    "sourceHeRef": "רש\"י על סנהדרין ל״ג א:י״ד:ב׳", 
                    "sourceRef": "Rashi on Sanhedrin 33a:14:2"
                }
            ], 
            "he": "כאן שטעה בדבר משנה כאן שטעה בשיקול הדעת"
        }, 
        {
            "segmentNumber": "15", 
            "he": "דאמר רב ששת אמר רב אסי"
        }, 
        {
            "segmentNumber": "16", 
            "he": "טעה בדבר משנה חוזר טעה בשיקול הדעת אינו חוזר"
        }, 
        {
            "segmentNumber": "17", 
            "he": "א\"ל רבינא לרב אשי"
        }, 
        {
            "segmentNumber": "18", 
            "links": [
                {
                    "category": "Commentary", 
                    "index_title": "Rashi on Sanhedrin", 
                    "sourceHeRef": "רש\"י על סנהדרין ל״ג א:י״ח:א׳", 
                    "sourceRef": "Rashi on Sanhedrin 33a:18:1"
                }
            ], 
            "he": "אפילו טעה בר' חייא ורבי אושעיא"
        }, 
        {
            "segmentNumber": "19", 
            "he": "א\"ל"
        }, 
        {
            "segmentNumber": "20", 
            "he": "אין"
        }, 
        {
            "segmentNumber": "21", 
            "links": [
                {
                    "category": "Commentary", 
                    "index_title": "Rashi on Sanhedrin", 
                    "sourceHeRef": "רש\"י על סנהדרין ל״ג א:כ״א:א׳", 
                    "sourceRef": "Rashi on Sanhedrin 33a:21:1"
                }
            ], 
            "he": "אפילו בדרב ושמואל"
        }, 
        {
            "segmentNumber": "22", 
            "he": "אמר ליה"
        }, 
        {
            "segmentNumber": "23", 
            "he": "אין"
        }, 
        {
            "segmentNumber": "24", 
            "he": "אפילו בדידי ודידך"
        }, 
        {
            "segmentNumber": "25", 
            "he": "א\"ל"
        }, 
        {
            "segmentNumber": "26", 
            "links": [
                {
                    "category": "Commentary", 
                    "index_title": "Rashi on Sanhedrin", 
                    "sourceHeRef": "רש\"י על סנהדרין ל״ג א:כ״ו:א׳", 
                    "sourceRef": "Rashi on Sanhedrin 33a:26:1"
                }, 
                {
                    "category": "Commentary", 
                    "index_title": "Rashi on Sanhedrin", 
                    "sourceHeRef": "רש\"י על סנהדרין ל״ג א:כ״ו:ב׳", 
                    "sourceRef": "Rashi on Sanhedrin 33a:26:2"
                }
            ], 
            "he": "אטו אנן קטלי קני באגמא אנן"
        }, 
        {
            "segmentNumber": "27", 
            "he": "היכי דמי שיקול הדעת"
        }, 
        {
            "segmentNumber": "28", 
            "he": "אמר רב פפא"
        }, 
        {
            "segmentNumber": "29", 
            "links": [
                {
                    "category": "Commentary", 
                    "index_title": "Rashi on Sanhedrin", 
                    "sourceHeRef": "רש\"י על סנהדרין ל״ג א:כ״ט:א׳", 
                    "sourceRef": "Rashi on Sanhedrin 33a:29:1"
                }
            ], 
            "he": "כגון תרי תנאי או תרי אמוראי דפליגי אהדדי ולא איתמר הלכתא לא כמר ולא כמר ואיקרי ועבד כחד מינייהו וסוגיא דשמעת' אזלי כאידך היינו שיקול הדעת"
        }, 
        {
            "segmentNumber": "30", 
            "links": [
                {
                    "category": "Commentary", 
                    "index_title": "Rashi on Sanhedrin", 
                    "sourceHeRef": "רש\"י על סנהדרין ל״ג א:ל׳:א׳", 
                    "sourceRef": "Rashi on Sanhedrin 33a:30:1"
                }
            ], 
            "he": "איתיבי' רב המנונא לרב ששת"
        }, 
        {
            "segmentNumber": "31", 
            "links": [
                {
                    "category": "Commentary", 
                    "index_title": "Rashi on Sanhedrin", 
                    "sourceHeRef": "רש\"י על סנהדרין ל״ג א:ל״א:א׳", 
                    "sourceRef": "Rashi on Sanhedrin 33a:31:1"
                }
            ], 
            "he": "מעשה בפרה (של בית מנחם) שניטלה האם שלה והאכילה רבי טרפון לכלבים"
        }, 
        {
            "segmentNumber": "32", 
            "links": [
                {
                    "category": "Commentary", 
                    "index_title": "Rashi on Sanhedrin", 
                    "sourceHeRef": "רש\"י על סנהדרין ל״ג א:ל״ב:א׳", 
                    "sourceRef": "Rashi on Sanhedrin 33a:32:1"
                }
            ], 
            "he": "ובא מעשה לפני חכמים ביבנה והתירוה"
        }, 
        {
            "segmentNumber": "33", 
            "he": "שאמר תודוס הרופא"
        }, 
        {
            "segmentNumber": "34", 
            "links": [
                {
                    "category": "Commentary", 
                    "index_title": "Rashi on Sanhedrin", 
                    "sourceHeRef": "רש\"י על סנהדרין ל״ג א:ל״ד:א׳", 
                    "sourceRef": "Rashi on Sanhedrin 33a:34:1"
                }
            ], 
            "he": "אין פרה וחזירה יוצאת מאלכסנדריא של מצרים אלא אם כן חותכין האם שלה כדי שלא תלד"
        }, 
        {
            "segmentNumber": "35", 
            "he": "א\"ר טרפון"
        }, 
        {
            "segmentNumber": "36", 
            "links": [
                {
                    "category": "Commentary", 
                    "index_title": "Rashi on Sanhedrin", 
                    "sourceHeRef": "רש\"י על סנהדרין ל״ג א:ל״ו:א׳", 
                    "sourceRef": "Rashi on Sanhedrin 33a:36:1"
                }
            ], 
            "he": "הלכה חמורך טרפון"
        }, 
        {
            "segmentNumber": "37", 
            "he": "אמר לו רבי עקיבא"
        }, 
        {
            "segmentNumber": "38", 
            "he": "פטור אתה שכל המומחה לרבים פטור מלשלם"
        }, 
        {
            "segmentNumber": "39", 
            "he": "ואי איתא לימא ליה"
        }, 
        {
            "segmentNumber": "40", 
            "links": [
                {
                    "category": "Commentary", 
                    "index_title": "Rashi on Sanhedrin", 
                    "sourceHeRef": "רש\"י על סנהדרין ל״ג א:מ׳:א׳", 
                    "sourceRef": "Rashi on Sanhedrin 33a:40:1"
                }, 
                {
                    "category": "Commentary", 
                    "index_title": "Rashi on Sanhedrin", 
                    "sourceHeRef": "רש\"י על סנהדרין ל״ג א:מ׳:ב׳", 
                    "sourceRef": "Rashi on Sanhedrin 33a:40:2"
                }
            ], 
            "he": "טועה בדבר משנה אתה וטועה בדבר משנה חוזר"
        }, 
        {
            "segmentNumber": "41", 
            "he": "חדא ועוד קאמר חדא דטועה בדבר משנה אתה וטועה בדבר משנה חוזר"
        }, 
        {
            "segmentNumber": "42", 
            "he": "ועוד"
        }, 
        {
            "segmentNumber": "43", 
            "he": "אי נמי בשיקול הדעת טעית מומחה לרבים אתה וכל המומחה לרבים פטור מלשלם"
        }, 
        {
            "segmentNumber": "44", 
            "he": "אמר רב נחמן בר יצחק לרבא"
        }, 
        {
            "segmentNumber": "45", 
            "he": "מאי קא מותיב רב המנונא לרב ששת מפרה"
        }, 
        {
            "segmentNumber": "46", 
            "he": "פרה הרי האכילה לכלבים וליתא דתהדר"
        }, 
        {
            "segmentNumber": "47", 
            "links": [
                {
                    "category": "Commentary", 
                    "index_title": "Rashi on Sanhedrin", 
                    "sourceHeRef": "רש\"י על סנהדרין ל״ג א:מ״ז:א׳", 
                    "sourceRef": "Rashi on Sanhedrin 33a:47:1"
                }
            ], 
            "he": "הכי קאמר ליה"
        }, 
        {
            "segmentNumber": "48", 
            "links": [
                {
                    "category": "Commentary", 
                    "index_title": "Rashi on Sanhedrin", 
                    "sourceHeRef": "רש\"י על סנהדרין ל״ג א:מ״ח:א׳", 
                    "sourceRef": "Rashi on Sanhedrin 33a:48:1"
                }, 
                {
                    "category": "Commentary", 
                    "index_title": "Rashi on Sanhedrin", 
                    "sourceHeRef": "רש\"י על סנהדרין ל״ג א:מ״ח:ב׳", 
                    "sourceRef": "Rashi on Sanhedrin 33a:48:2"
                }
            ], 
            "he": "אי אמרת בשלמא טעה בדבר משנה אינו חוזר אלמא קם דינא היינו דקא מפחיד ר\"ט וקאמר ליה איהו"
        }, 
        {
            "segmentNumber": "49", 
            "he": "מומחה לב\"ד אתה ואתה פטור מלשלם"
        }, 
        {
            "segmentNumber": "50", 
            "he": "אלא אי אמרת טעה בדבר משנה חוזר לימא ליה"
        }, 
        {
            "segmentNumber": "51", 
            "links": [
                {
                    "category": "Commentary", 
                    "index_title": "Rashi on Sanhedrin", 
                    "sourceHeRef": "רש\"י על סנהדרין ל״ג א:נ״א:א׳", 
                    "sourceRef": "Rashi on Sanhedrin 33a:51:1"
                }, 
                {
                    "category": "Commentary", 
                    "index_title": "Tosafot on Sanhedrin", 
                    "sourceHeRef": "תוספות על סנהדרין ל״ג א:נ״א:א׳", 
                    "sourceRef": "Tosafot on Sanhedrin 33a:51:1"
                }
            ], 
            "he": "כיון דאילו הואי פרה דינך לאו דינא ולא כלום עבדת השתא נמי לא כלום עבדת"
        }, 
        {
            "segmentNumber": "52", 
            "links": [
                {
                    "category": "Commentary", 
                    "index_title": "Rashi on Sanhedrin", 
                    "sourceHeRef": "רש\"י על סנהדרין ל״ג א:נ״ב:א׳", 
                    "sourceRef": "Rashi on Sanhedrin 33a:52:1"
                }
            ], 
            "he": "רב חסדא אמר"
        }, 
        {
            "segmentNumber": "53", 
            "links": [
                {
                    "category": "Commentary", 
                    "index_title": "Rashi on Sanhedrin", 
                    "sourceHeRef": "רש\"י על סנהדרין ל״ג א:נ״ג:א׳", 
                    "sourceRef": "Rashi on Sanhedrin 33a:53:1"
                }, 
                {
                    "category": "Commentary", 
                    "index_title": "Rashi on Sanhedrin", 
                    "sourceHeRef": "רש\"י על סנהדרין ל״ג א:נ״ג:ב׳", 
                    "sourceRef": "Rashi on Sanhedrin 33a:53:2"
                }
            ], 
            "he": "כאן שנטל ונתן ביד כאן שלא נטל ונתן ביד"
        }, 
        {
            "segmentNumber": "54", 
            "links": [
                {
                    "category": "Commentary", 
                    "index_title": "Rashi on Sanhedrin", 
                    "sourceHeRef": "רש\"י על סנהדרין ל״ג א:נ״ד:א׳", 
                    "sourceRef": "Rashi on Sanhedrin 33a:54:1"
                }, 
                {
                    "category": "Commentary", 
                    "index_title": "Rashi on Sanhedrin", 
                    "sourceHeRef": "רש\"י על סנהדרין ל״ג א:נ״ד:ב׳", 
                    "sourceRef": "Rashi on Sanhedrin 33a:54:2"
                }, 
                {
                    "category": "Commentary", 
                    "index_title": "Rashi on Sanhedrin", 
                    "sourceHeRef": "רש\"י על סנהדרין ל״ג א:נ״ד:ג׳", 
                    "sourceRef": "Rashi on Sanhedrin 33a:54:3"
                }
            ], 
            "he": "בשלמא חייב את הזכאי כגון שנטל ונתן ביד אלא זיכה את החייב היכי משכחת לה"
        }, 
        {
            "segmentNumber": "55", 
            "he": "דאמר ליה"
        }, 
        {
            "segmentNumber": "56", 
            "he": "פטור אתה והא לא נטל ונתן ביד"
        }, 
        {
            "segmentNumber": "57", 
            "links": [
                {
                    "category": "Commentary", 
                    "index_title": "Rashi on Sanhedrin", 
                    "sourceHeRef": "רש\"י על סנהדרין ל״ג א:נ״ז:א׳", 
                    "sourceRef": "Rashi on Sanhedrin 33a:57:1"
                }
            ], 
            "he": "כיון דאמר פטור אתה כמו שנטל ונתן ביד דמי"
        }, 
        {
            "segmentNumber": "58", 
            "he": "אלא מתניתין דקתני"
        }, 
        {
            "segmentNumber": "59", 
            "he": "דיני ממונות מחזירין בין לזכות בין לחובה בשלמא לזכות משכחת לה דא\"ל מעיקרא חייב אתה ולא נטל ולא נתן ביד"
        }, 
        {
            "segmentNumber": "60", 
            "links": [
                {
                    "category": "Commentary", 
                    "index_title": "Rashi on Sanhedrin", 
                    "sourceHeRef": "רש\"י על סנהדרין ל״ג א:ס׳:א׳", 
                    "sourceRef": "Rashi on Sanhedrin 33a:60:1"
                }
            ], 
            "he": "אלא לחובה היכי משכחת לה"
        }, 
        {
            "segmentNumber": "61", 
            "he": "דאמר ליה פטור אתה"
        }, 
        {
            "segmentNumber": "62", 
            "he": "והאמרת כיון דא\"ל פטור אתה כמו שנטל ונתן ביד דמי"
        }, 
        {
            "segmentNumber": "63", 
            "links": [
                {
                    "category": "Commentary", 
                    "index_title": "Rashi on Sanhedrin", 
                    "sourceHeRef": "רש\"י על סנהדרין ל״ג א:ס״ג:א׳", 
                    "sourceRef": "Rashi on Sanhedrin 33a:63:1"
                }
            ], 
            "he": "חדא קתני"
        }, 
        {
            "segmentNumber": "64", 
            "links": [
                {
                    "category": "Commentary", 
                    "index_title": "Rashi on Sanhedrin", 
                    "sourceHeRef": "רש\"י על סנהדרין ל״ג א:ס״ד:א׳", 
                    "sourceRef": "Rashi on Sanhedrin 33a:64:1"
                }
            ], 
            "he": "דיני ממונות מחזירין לזכות שהיא חובה דכוותה גבי נפשות מחזירין לזכות"
        }
    ], 
    "heTitle": "סנהדרין ל״ג א", 
    "indexTitle": "Sanhedrin", 
    "sectionRef": "Sanhedrin 33a", 
    "prev": "Sanhedrin 32b", 
    "ref": "Sanhedrin 33a", 
    "heRef": "סנהדרין ל״ג א", 
    "next": "Sanhedrin 33b"
}