{
    "heTitleVariants": [
        "כתב יד רש\"י על בכורות"
    ], 
    "heTitle": "כתב יד רש\"י על בכורות מ״ד ב", 
    "content": [], 
    "commentaryBook": "Bekhorot", 
    "heRef": "כתב יד רש\"י על בכורות מ״ד ב", 
    "toSections": [
        "44b"
    ], 
    "sectionRef": "Ktav Yad Rashi on Bekhorot 44b", 
    "title": "Ktav Yad Rashi on Bekhorot 44b", 
    "lengths": [
        119, 
        6174
    ], 
    "next": "Ktav Yad Rashi on Bekhorot 57a:1", 
    "heBook": "כתב יד רש\"י על בכורות", 
    "book": "Ktav Yad Rashi on Bekhorot", 
    "prev": null, 
    "textDepth": 3, 
    "sectionNames": [
        "Daf", 
        "Line", 
        "Comment"
    ], 
    "sections": [
        "44b"
    ], 
    "commentator": "Ktav Yad Rashi", 
    "isComplex": false, 
    "commentaryCategories": [
        "Talmud", 
        "Bavli", 
        "Seder Kodashim"
    ], 
    "titleVariants": [
        "Ktav Yad Rashi on Tractate Bekhorot", 
        "Ktav Yad Rashi on Talmud Bekhorot", 
        "Ktav Yad Rashi on Bechorot", 
        "Ktav Yad Rashi on Bekhorot", 
        "Ktav Yad Rashi on Masekhet Bekhorot"
    ], 
    "categories": [
        "Commentary", 
        "Talmud", 
        "Ktav Yad Rashi"
    ], 
    "ref": "Ktav Yad Rashi on Bekhorot 44b", 
    "type": "Commentary", 
    "addressTypes": [
        "Talmud", 
        "Integer", 
        "Integer"
    ], 
    "heCommentator": "כתב יד רש\"י", 
    "length": 119, 
    "indexTitle": "Ktav Yad Rashi on Bekhorot", 
    "heIndexTitle": "כתב יד רש\"י על בכורות", 
    "alts": [], 
    "order": [
        31, 
        4
    ]
}