{
    "heTitleVariants": [
        "רש\"י על זבחים"
    ], 
    "heTitle": "רש\"י על זבחים מ״ד ב", 
    "content": [
        {
            "segmentNumber": "1", 
            "he": [
                "הבא בפני עצמו - מצורע שהביא אשמו היום ולוגו לאחר עשרה ימים דלכ\"ע מתנותיו שריין ליה באכילה דהואיל ולא קדש בכלי כשנזרק דם האשם לאו שירים דידיה הוא ולא שרי ליה ואפ\"ה לא מפגלין ליה לדברי הכל דאין בו משום פיגול כדקתני אף אני לא אמרתי כו' הלכך בא עם האשם נמי אע\"ג דלרבי מתנותיו שריין ליה לא מפגלים ליה שאין מפגל אלא דם או קומץ את שיריו משום דאיתקש מנחה לזבחים:"
            ], 
            "links": [
                {
                    "category": "Talmud", 
                    "sourceHeRef": "זבחים מ״ד ב:א׳", 
                    "index_title": "Zevachim", 
                    "sourceRef": "Zevachim 44b:1"
                }
            ], 
            "text": ""
        }, 
        {
            "segmentNumber": "2", 
            "he": [
                "ותנא - רישא:"
            ], 
            "links": [
                {
                    "category": "Talmud", 
                    "sourceHeRef": "זבחים מ״ד ב:ב׳", 
                    "index_title": "Zevachim", 
                    "sourceRef": "Zevachim 44b:2"
                }
            ], 
            "text": ""
        }, 
        {
            "segmentNumber": "3", 
            "he": [
                "לוג הבא עם האשם - שדם האשם מפגלו ואע\"פ שהיה לו להביאו לאחר עשרה ימים וממנו אתה למד דה\"ה לנסכים הבאים עם הזבח שדם הזבח מפגלן ואע\"פ שבידו להביאן לאחר זמן:"
            ], 
            "links": [
                {
                    "category": "Talmud", 
                    "sourceHeRef": "זבחים מ״ד ב:ג׳", 
                    "index_title": "Zevachim", 
                    "sourceRef": "Zevachim 44b:3"
                }
            ], 
            "text": ""
        }, 
        {
            "segmentNumber": "4", 
            "he": [], 
            "links": [], 
            "text": ""
        }, 
        {
            "segmentNumber": "5", 
            "he": [], 
            "links": [], 
            "text": ""
        }, 
        {
            "segmentNumber": "6", 
            "he": [], 
            "links": [], 
            "text": ""
        }, 
        {
            "segmentNumber": "7", 
            "he": [], 
            "links": [], 
            "text": ""
        }, 
        {
            "segmentNumber": "8", 
            "he": [], 
            "links": [], 
            "text": ""
        }, 
        {
            "segmentNumber": "9", 
            "he": [], 
            "links": [], 
            "text": ""
        }, 
        {
            "segmentNumber": "10", 
            "he": [], 
            "links": [], 
            "text": ""
        }, 
        {
            "segmentNumber": "11", 
            "he": [], 
            "links": [], 
            "text": ""
        }, 
        {
            "segmentNumber": "12", 
            "he": [
                "ותנא סיפא נסכים הבאים בפני עצמן - כדקתני לה דומיא דקטרת ולבונה ומנחת כהנים שאין להן מתירין וקאמר דאין מתפגלין אם הקריב מקצתן ע\"מ פיגול וה\"ה ללוג הבא בפני עצמו:"
            ], 
            "links": [
                {
                    "category": "Talmud", 
                    "sourceHeRef": "זבחים מ״ד ב:י״ב", 
                    "index_title": "Zevachim", 
                    "sourceRef": "Zevachim 44b:12"
                }
            ], 
            "text": ""
        }, 
        {
            "segmentNumber": "13", 
            "he": [], 
            "links": [], 
            "text": ""
        }, 
        {
            "segmentNumber": "14", 
            "he": [
                "מנהני מילי - דחטאת העוף נאכלת:"
            ], 
            "links": [
                {
                    "category": "Talmud", 
                    "sourceHeRef": "זבחים מ״ד ב:י״ד", 
                    "index_title": "Zevachim", 
                    "sourceRef": "Zevachim 44b:14"
                }
            ], 
            "text": ""
        }, 
        {
            "segmentNumber": "15", 
            "he": [], 
            "links": [], 
            "text": ""
        }, 
        {
            "segmentNumber": "16", 
            "he": [
                "כל קרבנם - גבי סדר מתנות כהונה שנאמר לאהרן על הסדר בפרשת קרח וזה יהיה לך מקדש הקדשים מן האש וגו' וכתיב בתריה בקדש הקדשים תאכלנו וקדריש להו הכא כל כל דכולהו:", 
                "לרבות לוג שמן - שאף הוא נאכל שהרי קרוי קרבן דכתיב (ויקרא יד) והקריב אותו לאשם ואת לוג השמן אלמא הוא נמי בכלל והקריב והיינו קרבן כ\"ש במנחות (דף עג.):"
            ], 
            "links": [
                {
                    "category": "Talmud", 
                    "sourceHeRef": "זבחים מ״ד ב:ט״ז", 
                    "index_title": "Zevachim", 
                    "sourceRef": "Zevachim 44b:16"
                }, 
                {
                    "category": "Talmud", 
                    "sourceHeRef": "זבחים מ״ד ב:ט״ז", 
                    "index_title": "Zevachim", 
                    "sourceRef": "Zevachim 44b:16"
                }, 
                {
                    "category": "Tanakh", 
                    "sourceHeRef": "ויקרא י״ד", 
                    "index_title": "Leviticus", 
                    "sourceRef": "Leviticus 14"
                }
            ], 
            "text": ""
        }, 
        {
            "segmentNumber": "17", 
            "he": [
                "ס\"ד כו' - כלומר האי דאיצטריך כל קרא לרבויי ולא נפקא ליה מקרבנו:", 
                "סד\"א מן האש כתיב - הנותר מן האש ומזה לא עלה לאשים כלל:"
            ], 
            "links": [
                {
                    "category": "Talmud", 
                    "sourceHeRef": "זבחים מ״ד ב:י״ז", 
                    "index_title": "Zevachim", 
                    "sourceRef": "Zevachim 44b:17"
                }, 
                {
                    "category": "Talmud", 
                    "sourceHeRef": "זבחים מ״ד ב:י״ז", 
                    "index_title": "Zevachim", 
                    "sourceRef": "Zevachim 44b:17"
                }
            ], 
            "text": ""
        }, 
        {
            "segmentNumber": "18", 
            "he": [], 
            "links": [], 
            "text": ""
        }, 
        {
            "segmentNumber": "19", 
            "he": [], 
            "links": [], 
            "text": ""
        }, 
        {
            "segmentNumber": "20", 
            "he": [], 
            "links": [], 
            "text": ""
        }, 
        {
            "segmentNumber": "21", 
            "he": [
                "ואכלו אותם אשר כופר בהם - דבר שיש בו כפרה נאכל ושאין בו כפרה אינו נאכל:", 
                "להתיר אתיא - חדש במדינה:"
            ], 
            "links": [
                {
                    "category": "Talmud", 
                    "sourceHeRef": "זבחים מ״ד ב:כ״א", 
                    "index_title": "Zevachim", 
                    "sourceRef": "Zevachim 44b:21"
                }, 
                {
                    "category": "Talmud", 
                    "sourceHeRef": "זבחים מ״ד ב:כ״א", 
                    "index_title": "Zevachim", 
                    "sourceRef": "Zevachim 44b:21"
                }
            ], 
            "text": ""
        }, 
        {
            "segmentNumber": "22", 
            "he": [], 
            "links": [], 
            "text": ""
        }, 
        {
            "segmentNumber": "23", 
            "he": [], 
            "links": [], 
            "text": ""
        }, 
        {
            "segmentNumber": "24", 
            "he": [
                "נבילה היא - לפי שנמלקה:"
            ], 
            "links": [
                {
                    "category": "Talmud", 
                    "sourceHeRef": "זבחים מ״ד ב:כ״ד", 
                    "index_title": "Zevachim", 
                    "sourceRef": "Zevachim 44b:24"
                }
            ], 
            "text": ""
        }, 
        {
            "segmentNumber": "25", 
            "he": [
                "לרבות אשם נזיר - נזיר שנטמא במת מביא אשם כשטהר מטומאתו ומכשירו להתחיל ולמנות נזירות טהרה והימים הראשונים יפלו ולרבות שיהא נאכל דאי לא כתיב לכל לא מרבינן להו דכתיב אשר כופר בהם והני להכשיר אתו זה להכשירו בקדשים וזה להתחיל נזירות טהרה:"
            ], 
            "links": [
                {
                    "category": "Talmud", 
                    "sourceHeRef": "זבחים מ״ד ב:כ״ה", 
                    "index_title": "Zevachim", 
                    "sourceRef": "Zevachim 44b:25"
                }
            ], 
            "text": ""
        }, 
        {
            "segmentNumber": "26", 
            "he": [], 
            "links": [], 
            "text": ""
        }, 
        {
            "segmentNumber": "27", 
            "he": [], 
            "links": [], 
            "text": ""
        }, 
        {
            "segmentNumber": "28", 
            "he": [
                "אשם מצורע בהדיא כתיב ביה - דנאכל כי כחטאת האשם הוא (ויקרא יד) ומיהו נהי דאשמם כתיב הכא לסדר בפרשה כל עשרים וארבע מתנות כהונה אלא כל למה:"
            ], 
            "links": [
                {
                    "category": "Talmud", 
                    "sourceHeRef": "זבחים מ״ד ב:כ״ח", 
                    "index_title": "Zevachim", 
                    "sourceRef": "Zevachim 44b:28"
                }, 
                {
                    "category": "Tanakh", 
                    "sourceHeRef": "ויקרא י״ד", 
                    "index_title": "Leviticus", 
                    "sourceRef": "Leviticus 14"
                }
            ], 
            "text": ""
        }, 
        {
            "segmentNumber": "29", 
            "he": [], 
            "links": [], 
            "text": ""
        }, 
        {
            "segmentNumber": "30", 
            "he": [], 
            "links": [], 
            "text": ""
        }, 
        {
            "segmentNumber": "31", 
            "he": [
                "אשר ישיבו זה גזל הגר - דכתיב (במדבר ה) האשם המושב לה' לכהן ותניא (ב\"ק דף קי.) אשם זה קרן המושב זה חומש או אינו אלא זה אשם ממש כשהוא אומר מלבד איל הכפורים (הרי אמור אלא) אשם זה קרן שהגוזל את חבירו ונשבע לו ואח\"כ הודה משלם קרן וחומש לבעלים ואשם למזבח כדכתיב בפרשת ויקרא והיה כי יחטא ואשם וגו' ואם מת נותן ליורשיו ואם גר היה ומת ואין לו יורשין להחזירו להם נתנן הכתוב לכהן ופרשת גזל הגר אמורה בפרשת נשא אם אין לאיש גואל להשיב האשם וגו' וכי יש לך אדם בישראל שאין לו גואל אלא זה גזל הגר. גזל הגר בהדיא כתיב ביה לא גרסינן דהא חטאות ואשמות ושאר האמורים בפרשה בהדיא כתיב כל אחד ואחד במקומו וסידרן לו הכתוב לאהרן כאן מפני מחלוקתו של קרח שערער עליו על הכהונה משל הדיוט אמר לטובתו נשברה רגל פרתו:", 
                "לך הוא ולבניך - שיהו כנכסים של חולין שאין בו שום קדושה דממון בעלים הוא ואגזל לחודיה קאי האי לך הוא והאי דכתיב בתריה בקדש הקדשים תאכלנו אשארא קאי דהוו מידי דאכילה:"
            ], 
            "links": [
                {
                    "category": "Talmud", 
                    "sourceHeRef": "זבחים מ״ד ב:ל״א", 
                    "index_title": "Zevachim", 
                    "sourceRef": "Zevachim 44b:31"
                }, 
                {
                    "category": "Talmud", 
                    "sourceHeRef": "זבחים מ״ד ב:ל״א", 
                    "index_title": "Zevachim", 
                    "sourceRef": "Zevachim 44b:31"
                }, 
                {
                    "category": "Tanakh", 
                    "sourceHeRef": "במדבר ה׳", 
                    "index_title": "Numbers", 
                    "sourceRef": "Numbers 5"
                }, 
                {
                    "category": "Talmud", 
                    "sourceHeRef": "בבא קמא ק״י א", 
                    "index_title": "Bava Kamma", 
                    "sourceRef": "Bava Kamma 110a"
                }
            ], 
            "text": ""
        }, 
        {
            "segmentNumber": "32", 
            "he": [
                "תניא אמר ר' אלעזר כו' - אפרים הנשרפים דאיפליגו בה במתני' קאי:"
            ], 
            "links": [
                {
                    "category": "Talmud", 
                    "sourceHeRef": "זבחים מ״ד ב:ל״ב", 
                    "index_title": "Zevachim", 
                    "sourceRef": "Zevachim 44b:32"
                }
            ], 
            "text": ""
        }, 
        {
            "segmentNumber": "33", 
            "he": [
                "פיגל בדבר הנעשה בהן בחוץ - העבודה שהיה עובד במחשבה והאכילה שחישב עליה אם מעשה עזרה הם פיגל ואם מעשה היכל הם לא פיגל ולקמן יליף טעמא מקראי:"
            ], 
            "links": [
                {
                    "category": "Talmud", 
                    "sourceHeRef": "זבחים מ״ד ב:ל״ג", 
                    "index_title": "Zevachim", 
                    "sourceRef": "Zevachim 44b:33"
                }
            ], 
            "text": ""
        }, 
        {
            "segmentNumber": "34", 
            "he": [], 
            "links": [], 
            "text": ""
        }, 
        {
            "segmentNumber": "35", 
            "he": [], 
            "links": [], 
            "text": ""
        }, 
        {
            "segmentNumber": "36", 
            "he": [
                "שוחט - שהרי שחיטתה בעזרה הוא וכל חוץ דהכא עזרה הוא:", 
                "להזות דמו למחר - הרי חישב על אכילת מזבח של פנים הריני מזה על הפרכת או על המזבח הפנימי שזו היא זריקתן המפגל:"
            ], 
            "links": [
                {
                    "category": "Talmud", 
                    "sourceHeRef": "זבחים מ״ד ב:ל״ו", 
                    "index_title": "Zevachim", 
                    "sourceRef": "Zevachim 44b:36"
                }, 
                {
                    "category": "Talmud", 
                    "sourceHeRef": "זבחים מ״ד ב:ל״ו", 
                    "index_title": "Zevachim", 
                    "sourceRef": "Zevachim 44b:36"
                }
            ], 
            "text": ""
        }, 
        {
            "segmentNumber": "37", 
            "he": [], 
            "links": [], 
            "text": ""
        }, 
        {
            "segmentNumber": "38", 
            "he": [], 
            "links": [], 
            "text": ""
        }, 
        {
            "segmentNumber": "39", 
            "he": [], 
            "links": [], 
            "text": ""
        }, 
        {
            "segmentNumber": "40", 
            "he": [
                "על מנת לשפוך שירים - שהרי זו אכילת מזבח החיצון דמהניא ביה מחשבה:", 
                "לא פיגל - מפני שמחשבה היתה בשעת עבודת פנים:"
            ], 
            "links": [
                {
                    "category": "Talmud", 
                    "sourceHeRef": "זבחים מ״ד ב:מ׳", 
                    "index_title": "Zevachim", 
                    "sourceRef": "Zevachim 44b:40"
                }, 
                {
                    "category": "Talmud", 
                    "sourceHeRef": "זבחים מ״ד ב:מ׳", 
                    "index_title": "Zevachim", 
                    "sourceRef": "Zevachim 44b:40"
                }
            ], 
            "text": ""
        }, 
        {
            "segmentNumber": "41", 
            "he": [], 
            "links": [], 
            "text": ""
        }, 
        {
            "segmentNumber": "42", 
            "he": [], 
            "links": [], 
            "text": ""
        }, 
        {
            "segmentNumber": "43", 
            "he": [], 
            "links": [], 
            "text": ""
        }, 
        {
            "segmentNumber": "44", 
            "he": [
                "כאשר יורם - בפר כהן משיח כתיב בהפרשת אימוריו:", 
                "מה למדנו לו - משלמים לענין אימורים הרי אף בזה כולן מפורשים חלב וכליות ויותרת אלא לא בא היקש הזה אלא ללמד על הפיגול שהוא למד בכל הקדשים משלמים ובא ללמדך על אלו שאין פיגול נוהג בהן אלא כשלמים מה שלמים אין פיגולן אלא על מעשי עבודה חיצונית ומחשבת אכילות חיצונות שוחט או מקבל או מוליך או זורק ע\"מ לאכול בשר לשפוך שיריים או להקטיר אימוריו חוץ לזמנו אף כאן עד שיחשב בעבודות על אכילת חוץ:"
            ], 
            "links": [
                {
                    "category": "Talmud", 
                    "sourceHeRef": "זבחים מ״ד ב:מ״ד", 
                    "index_title": "Zevachim", 
                    "sourceRef": "Zevachim 44b:44"
                }, 
                {
                    "category": "Talmud", 
                    "sourceHeRef": "זבחים מ״ד ב:מ״ד", 
                    "index_title": "Zevachim", 
                    "sourceRef": "Zevachim 44b:44"
                }
            ], 
            "text": ""
        }, 
        {
            "segmentNumber": "45", 
            "he": [], 
            "links": [], 
            "text": ""
        }, 
        {
            "segmentNumber": "46", 
            "he": [
                "מחשבותיו - מחשבת אכילתו:", 
                "ומעשיו - עבודה שהוא עובד ומחשב:"
            ], 
            "links": [
                {
                    "category": "Talmud", 
                    "sourceHeRef": "זבחים מ״ד ב:מ״ו", 
                    "index_title": "Zevachim", 
                    "sourceRef": "Zevachim 44b:46"
                }, 
                {
                    "category": "Talmud", 
                    "sourceHeRef": "זבחים מ״ד ב:מ״ו", 
                    "index_title": "Zevachim", 
                    "sourceRef": "Zevachim 44b:46"
                }
            ], 
            "text": ""
        }, 
        {
            "segmentNumber": "47", 
            "he": [], 
            "links": [], 
            "text": ""
        }, 
        {
            "segmentNumber": "48", 
            "he": [], 
            "links": [], 
            "text": ""
        }, 
        {
            "segmentNumber": "49", 
            "he": [], 
            "links": [], 
            "text": ""
        }
    ], 
    "commentaryBook": "Zevachim", 
    "heRef": "רש\"י על זבחים מ״ד ב", 
    "toSections": [
        "44b"
    ], 
    "sectionRef": "Rashi on Zevachim 44b", 
    "title": "Rashi on Zevachim 44b", 
    "lengths": [
        238, 
        10586
    ], 
    "next": "Rashi on Zevachim 45a:1", 
    "heBook": "רש\"י על זבחים", 
    "book": "Rashi on Zevachim", 
    "prev": "Rashi on Zevachim 44a:58", 
    "textDepth": 3, 
    "sectionNames": [
        "Daf", 
        "Line", 
        "Comment"
    ], 
    "sections": [
        "44b"
    ], 
    "commentator": "Rashi", 
    "isComplex": false, 
    "commentaryCategories": [
        "Talmud", 
        "Bavli", 
        "Seder Kodashim"
    ], 
    "titleVariants": [
        "Rashi on Talmud Zevachim", 
        "Rashi on Zebachim", 
        "Rashi on Masekhet Zevachim", 
        "Rashi on Zevachim", 
        "Rashi on Tractate Zevachim"
    ], 
    "categories": [
        "Commentary", 
        "Talmud", 
        "Rashi"
    ], 
    "ref": "Rashi on Zevachim 44b", 
    "type": "Commentary", 
    "addressTypes": [
        "Talmud", 
        "Integer", 
        "Integer"
    ], 
    "heCommentator": "רש\"י", 
    "length": 238, 
    "indexTitle": "Rashi on Zevachim", 
    "heIndexTitle": "רש\"י על זבחים", 
    "alts": [], 
    "order": [
        28, 
        1
    ]
}