{
    "heTitleVariants": [
        "רש\"י על זבחים"
    ], 
    "heTitle": "רש\"י על זבחים ע״ג ב", 
    "content": [
        {
            "segmentNumber": "1", 
            "he": [], 
            "links": [], 
            "text": ""
        }, 
        {
            "segmentNumber": "2", 
            "he": [
                "נכבשינהו דניניידו - יכוף אותם שינודו דלא ליהוי קבוע:"
            ], 
            "links": [
                {
                    "category": "Talmud", 
                    "sourceHeRef": "זבחים ע״ג ב:ב׳", 
                    "index_title": "Zevachim", 
                    "sourceRef": "Zevachim 73b:2"
                }
            ], 
            "text": ""
        }, 
        {
            "segmentNumber": "3", 
            "he": [], 
            "links": [], 
            "text": ""
        }, 
        {
            "segmentNumber": "4", 
            "he": [
                "אמר רבא גזירה שמא יבאו י' כהנים בבת אחת ויקרבו - קא סלקא דעתך השתא דחייש לשמא אחר שיקחם אחד אחד עד ששחטו י' והם רוב יבואו י' כהנים ויזרקו דמיהן ויקטירו אימוריהן כאחד ואפשר לצמצם והשתא דאשתכח דקריב רובא בבת אחת ואיכא למיחש איסורא ברובא איתיה דבשלמא כי משיך חד חד ומקריב קמא קמא איכא למימר דכל חד דקריב בהיתר מרובא פריש ואיסורי הנאה בהני דפיישי הוא דהוו רובא לגביה אבל השתא דקרבי כי הדדי לא הוו הני דפיישי רובא לגבייהו:"
            ], 
            "links": [
                {
                    "category": "Talmud", 
                    "sourceHeRef": "זבחים ע״ג ב:ד׳", 
                    "index_title": "Zevachim", 
                    "sourceRef": "Zevachim 73b:4"
                }
            ], 
            "text": ""
        }, 
        {
            "segmentNumber": "5", 
            "he": [], 
            "links": [], 
            "text": ""
        }, 
        {
            "segmentNumber": "6", 
            "he": [], 
            "links": [], 
            "text": ""
        }, 
        {
            "segmentNumber": "7", 
            "he": [
                "אלא מעתה מגיסא אסירא - כלומר וכי מאחר שמשכו ולקחו אחד אחד לבדו ובנידנוד דכל חד דאמר דמרובא פריש ושחטן וקבל דמן במגיס בחזקה שהוא כשר חוזרים ומצטרפין השחוטין להיות רוב ולהיאסר:"
            ], 
            "links": [
                {
                    "category": "Talmud", 
                    "sourceHeRef": "זבחים ע״ג ב:ז׳", 
                    "index_title": "Zevachim", 
                    "sourceRef": "Zevachim 73b:7"
                }
            ], 
            "text": ""
        }, 
        {
            "segmentNumber": "8", 
            "he": [
                "ומשני משום שמא יבאו י' כהנים בבת אחת ויקחו - מתוך התערובת וכיון דרובא נכסי כי הדדי איכא למיחש דאיסורא ברובא איתיה:"
            ], 
            "links": [
                {
                    "category": "Talmud", 
                    "sourceHeRef": "זבחים ע״ג ב:ח׳", 
                    "index_title": "Zevachim", 
                    "sourceRef": "Zevachim 73b:8"
                }
            ], 
            "text": ""
        }, 
        {
            "segmentNumber": "9", 
            "he": [
                "ובבת אחת מי משכחת לה - בשלמא זריקה והקטרה איכא למימר בבת אחת אבל לקיחה כיון דכבשינהו וניידי כלום אפשר לצמצם לקיחתן דלא צריך לרדוף ולהשיג כל אחד:"
            ], 
            "links": [
                {
                    "category": "Talmud", 
                    "sourceHeRef": "זבחים ע״ג ב:ט׳", 
                    "index_title": "Zevachim", 
                    "sourceRef": "Zevachim 73b:9"
                }
            ], 
            "text": ""
        }, 
        {
            "segmentNumber": "10", 
            "he": [
                "אלא אמר רבא גזירה משום קבוע - דלמא אתי למימשך ולמיסבינהו חד וחד כי לא ניידי דה\"ל קבוע וכמחצה על מחצה דמי וליכא למיסמך ולמימר מדרובא פריש:"
            ], 
            "links": [
                {
                    "category": "Talmud", 
                    "sourceHeRef": "זבחים ע״ג ב:י׳", 
                    "index_title": "Zevachim", 
                    "sourceRef": "Zevachim 73b:10"
                }
            ], 
            "text": ""
        }, 
        {
            "segmentNumber": "11", 
            "he": [], 
            "links": [], 
            "text": ""
        }, 
        {
            "segmentNumber": "12", 
            "he": [], 
            "links": [], 
            "text": ""
        }, 
        {
            "segmentNumber": "13", 
            "he": [
                "אי מקריב לא מרצי - דאידחי ליה מדרבנן (נ\"ל מדאורייתא בשעת קביעותא לא חזו עד דניידי וגזרו ביה רבנן משום קביעותא והוו להו דחויין מן התורה ומתני' אפילו הוכרו לבסוף אסורין הואיל ונדחו ושוב אין חוזר) ור' אמר לי דהאי קבוע אינו דין מן התורה כמחצה על מחצה אלא א\"כ ניכר האיסור כל שהן (דמגו דאחד דמינכר ילפי' לה) ושוב אינו חוזר ונראה ואע\"פ שהכשרין שבהן ראויין להקרבה הואיל ונדחה מלהקריב לכתחלה מחמת הפסולין המעורבין בהן נדחו לגמרי דהוה להו כפסולין:"
            ], 
            "links": [
                {
                    "category": "Talmud", 
                    "sourceHeRef": "זבחים ע״ג ב:י״ג", 
                    "index_title": "Zevachim", 
                    "sourceRef": "Zevachim 73b:13"
                }
            ], 
            "text": ""
        }, 
        {
            "segmentNumber": "14", 
            "he": [], 
            "links": [], 
            "text": ""
        }, 
        {
            "segmentNumber": "15", 
            "he": [
                "חטאת שנתערבה בעולה - בעופות קתני דלית להו תקנתא ברעייה שאין פדיון לעוף כדאמרינן במנחות בפרק המנחות והנסכים (דף ק:):"
            ], 
            "links": [
                {
                    "category": "Talmud", 
                    "sourceHeRef": "זבחים ע״ג ב:ט״ו", 
                    "index_title": "Zevachim", 
                    "sourceRef": "Zevachim 73b:15"
                }
            ], 
            "text": ""
        }, 
        {
            "segmentNumber": "16", 
            "he": [
                "מחצה כשר ומחצה פסול - ומביא חטאת ויקריבנה למטה ותיובתא לרבא מהא דקתני מחצה כשר דהא הכא אילו אתי לאימלוכי אמרי' ליה לא תקריב כדקתני ימותו שאין משנים לפסול זה בידים מפני תקנת חבירו וכי לא נמלך והקריב קתני דהעשוי כהלכתא כשר וה\"נ הכשירין ירצו:"
            ], 
            "links": [
                {
                    "category": "Talmud", 
                    "sourceHeRef": "זבחים ע״ג ב:ט״ז", 
                    "index_title": "Zevachim", 
                    "sourceRef": "Zevachim 73b:16"
                }
            ], 
            "text": ""
        }, 
        {
            "segmentNumber": "17", 
            "he": [], 
            "links": [], 
            "text": ""
        }, 
        {
            "segmentNumber": "18", 
            "he": [
                "הא כמ\"ד - פלוגתא רבי יהודה ורבנן היא בסדר יומא (דף סד:):"
            ], 
            "links": [
                {
                    "category": "Talmud", 
                    "sourceHeRef": "זבחים ע״ג ב:י״ח", 
                    "index_title": "Zevachim", 
                    "sourceRef": "Zevachim 73b:18"
                }
            ], 
            "text": ""
        }, 
        {
            "segmentNumber": "19", 
            "he": [
                "והרי שחוטין דלכ\"ע - כל הנך דפליגי בבעלי חיים מודו בשחוטין דנידחין:", 
                "ותנן - במתני' אם קרב הראש כו' אברי בעל מום ואברי עולות תמימות הרבה שנתערבו ר\"א אומר אם קודם שנמלך בה הקריב אחד מן הראשים יקרבו כל הראשים ואפי' לכתחלה דתלינן איסורא באותו שקרב ראשון והא הכא דאילו אתי ברישא לאימלוכי א\"ל לא תקריב דכתיב ואשה לא תתנו מהם (ויקרא כב) וכי לא אימליך מכשרינן הנך דפרישי ולא אמרי' ידחו: "
            ], 
            "links": [
                {
                    "category": "Talmud", 
                    "sourceHeRef": "זבחים ע״ג ב:י״ט", 
                    "index_title": "Zevachim", 
                    "sourceRef": "Zevachim 73b:19"
                }, 
                {
                    "category": "Talmud", 
                    "sourceHeRef": "זבחים ע״ג ב:י״ט", 
                    "index_title": "Zevachim", 
                    "sourceRef": "Zevachim 73b:19"
                }, 
                {
                    "category": "Tanakh", 
                    "sourceHeRef": "ויקרא כ״ב", 
                    "index_title": "Leviticus", 
                    "sourceRef": "Leviticus 22"
                }
            ], 
            "text": ""
        }
    ], 
    "commentaryBook": "Zevachim", 
    "heRef": "רש\"י על זבחים ע״ג ב", 
    "toSections": [
        "73b"
    ], 
    "sectionRef": "Rashi on Zevachim 73b", 
    "title": "Rashi on Zevachim 73b", 
    "lengths": [
        238, 
        10586
    ], 
    "next": "Rashi on Zevachim 74a:3", 
    "heBook": "רש\"י על זבחים", 
    "book": "Rashi on Zevachim", 
    "prev": "Rashi on Zevachim 73a:14", 
    "textDepth": 3, 
    "sectionNames": [
        "Daf", 
        "Line", 
        "Comment"
    ], 
    "sections": [
        "73b"
    ], 
    "commentator": "Rashi", 
    "isComplex": false, 
    "commentaryCategories": [
        "Talmud", 
        "Bavli", 
        "Seder Kodashim"
    ], 
    "titleVariants": [
        "Rashi on Talmud Zevachim", 
        "Rashi on Zebachim", 
        "Rashi on Masekhet Zevachim", 
        "Rashi on Zevachim", 
        "Rashi on Tractate Zevachim"
    ], 
    "categories": [
        "Commentary", 
        "Talmud", 
        "Rashi"
    ], 
    "ref": "Rashi on Zevachim 73b", 
    "type": "Commentary", 
    "addressTypes": [
        "Talmud", 
        "Integer", 
        "Integer"
    ], 
    "heCommentator": "רש\"י", 
    "length": 238, 
    "indexTitle": "Rashi on Zevachim", 
    "heIndexTitle": "רש\"י על זבחים", 
    "alts": [], 
    "order": [
        28, 
        1
    ]
}