{
    "heTitleVariants": [
        "רש\"י על זבחים"
    ], 
    "heTitle": "רש\"י על זבחים ס״א ב", 
    "content": [
        {
            "segmentNumber": "1", 
            "he": [], 
            "links": [], 
            "text": ""
        }, 
        {
            "segmentNumber": "2", 
            "he": [], 
            "links": [], 
            "text": ""
        }, 
        {
            "segmentNumber": "3", 
            "he": [], 
            "links": [], 
            "text": ""
        }, 
        {
            "segmentNumber": "4", 
            "he": [], 
            "links": [], 
            "text": ""
        }, 
        {
            "segmentNumber": "5", 
            "he": [], 
            "links": [], 
            "text": ""
        }, 
        {
            "segmentNumber": "6", 
            "he": [], 
            "links": [], 
            "text": ""
        }, 
        {
            "segmentNumber": "7", 
            "he": [], 
            "links": [], 
            "text": ""
        }, 
        {
            "segmentNumber": "8", 
            "he": [
                "מהו דתימא כו' - כלומר ולא אכילה משנעקר המזבח אתא לאשמועינן אלא אכילת קדשי קדשים בלא קלעים אתא לאשמועינן דלא תימא כיון שנסתלקו קלעים יש כאן פסול יוצא:"
            ], 
            "links": [
                {
                    "category": "Talmud", 
                    "sourceHeRef": "זבחים ס״א ב:ח׳", 
                    "sourceRef": "Zevachim 61b:8", 
                    "ref": "Zevachim 61b:8"
                }
            ], 
            "text": ""
        }, 
        {
            "segmentNumber": "9", 
            "he": [], 
            "links": [], 
            "text": ""
        }, 
        {
            "segmentNumber": "10", 
            "he": [], 
            "links": [], 
            "text": ""
        }, 
        {
            "segmentNumber": "11", 
            "he": [], 
            "links": [], 
            "text": ""
        }, 
        {
            "segmentNumber": "12", 
            "he": [
                "נוב וגבעון - חד חשיב להו דשניהם במה ואינן קדושים:"
            ], 
            "links": [
                {
                    "category": "Talmud", 
                    "sourceHeRef": "זבחים ס״א ב:י״ב", 
                    "sourceRef": "Zevachim 61b:12", 
                    "ref": "Zevachim 61b:12"
                }
            ], 
            "text": ""
        }, 
        {
            "segmentNumber": "13", 
            "he": [], 
            "links": [], 
            "text": ""
        }, 
        {
            "segmentNumber": "14", 
            "he": [
                "אלא בימי שלמה - שנסתלקה משם למזבח אבנים שעשה שלמה: עד שבא מנשה וסילקה גרס:", 
                "לא נסתלקה - שבשעת המסעות כופין עליו פסכתר ומניחין אותה במקומה:"
            ], 
            "links": [
                {
                    "category": "Talmud", 
                    "sourceHeRef": "זבחים ס״א ב:י״ד", 
                    "sourceRef": "Zevachim 61b:14", 
                    "ref": "Zevachim 61b:14"
                }, 
                {
                    "category": "Talmud", 
                    "sourceHeRef": "זבחים ס״א ב:י״ד", 
                    "sourceRef": "Zevachim 61b:14", 
                    "ref": "Zevachim 61b:14"
                }
            ], 
            "text": ""
        }, 
        {
            "segmentNumber": "15", 
            "he": [
                "ואם איתא מעיקרא הוא דאיסתלק - משהוקם המשכן בשילה ובנו מזבח אבנים הוזקקה להסתלק ממזבח של נחשת:"
            ], 
            "links": [
                {
                    "category": "Talmud", 
                    "sourceHeRef": "זבחים ס״א ב:ט״ו", 
                    "sourceRef": "Zevachim 61b:15", 
                    "ref": "Zevachim 61b:15"
                }
            ], 
            "text": ""
        }, 
        {
            "segmentNumber": "16", 
            "he": [
                "הוא דאמר - רב הונא דאמר כרבי נתן והא דלא אמרי' הוא דאמר כר\"א בן יעקב משום דר' נתן הוא דשמעי' ליה בהדיא מעשה היה כך אבל מדר\"א בן יעקב לא שמעינן אלא דהוכשר בשל אבנים:"
            ], 
            "links": [
                {
                    "category": "Talmud", 
                    "sourceHeRef": "זבחים ס״א ב:ט״ז", 
                    "sourceRef": "Zevachim 61b:16", 
                    "ref": "Zevachim 61b:16"
                }
            ], 
            "text": ""
        }, 
        {
            "segmentNumber": "17", 
            "he": [], 
            "links": [], 
            "text": ""
        }, 
        {
            "segmentNumber": "18", 
            "he": [
                "אבנים ג\"פ - אם מזבח אבנים וגו' מזבח אבנים לא תניף [וגו'] אבנים שלמות תבנה וגו':"
            ], 
            "links": [
                {
                    "category": "Talmud", 
                    "sourceHeRef": "זבחים ס״א ב:י״ח", 
                    "sourceRef": "Zevachim 61b:18", 
                    "ref": "Zevachim 61b:18"
                }
            ], 
            "text": ""
        }, 
        {
            "segmentNumber": "19", 
            "he": [], 
            "links": [], 
            "text": ""
        }, 
        {
            "segmentNumber": "20", 
            "he": [
                "לא נסתלקה לבטלה - שתהא בטילה ממזבח הנחושת לגמרי:"
            ], 
            "links": [
                {
                    "category": "Talmud", 
                    "sourceHeRef": "זבחים ס״א ב:כ׳", 
                    "sourceRef": "Zevachim 61b:20", 
                    "ref": "Zevachim 61b:20"
                }
            ], 
            "text": ""
        }, 
        {
            "segmentNumber": "21", 
            "he": [], 
            "links": [], 
            "text": ""
        }, 
        {
            "segmentNumber": "22", 
            "he": [], 
            "links": [], 
            "text": ""
        }, 
        {
            "segmentNumber": "23", 
            "he": [
                "שביבא הוה משדרא - כשהיו מקטירין על של אבנים היו זיקים ולהבות יוצאות מאש שמים שעל מזבח הנחשת של משה שאף הוא מונח שם:"
            ], 
            "links": [
                {
                    "category": "Talmud", 
                    "sourceHeRef": "זבחים ס״א ב:כ״ג", 
                    "sourceRef": "Zevachim 61b:23", 
                    "ref": "Zevachim 61b:23"
                }
            ], 
            "text": ""
        }, 
        {
            "segmentNumber": "24", 
            "he": [], 
            "links": [], 
            "text": ""
        }, 
        {
            "segmentNumber": "25", 
            "he": [], 
            "links": [], 
            "text": ""
        }, 
        {
            "segmentNumber": "26", 
            "he": [
                "תנן התם - במסכת מדות ר' יוסי אומר בתחילה בימי שלמה לא היה אלא כ\"ח כונס ועולה יסוד וסובב ומקום קרנות ומקום הילוך עד שהיה מקום המערכה כ' על כ' וכשעלו בני הגולה הוסיפו עליו כו' נמצא יסודו ל\"ב על ל\"ב ומקום מערכתו כ\"ד על כ\"ד:"
            ], 
            "links": [
                {
                    "category": "Talmud", 
                    "sourceHeRef": "זבחים ס״א ב:כ״ו", 
                    "sourceRef": "Zevachim 61b:26", 
                    "ref": "Zevachim 61b:26"
                }
            ], 
            "text": ""
        }, 
        {
            "segmentNumber": "27", 
            "he": [
                "גמא - גימל יוונית עשויה כמין כף פשוטה שלנו כדפרישית דרום ומערב:"
            ], 
            "links": [
                {
                    "category": "Talmud", 
                    "sourceHeRef": "זבחים ס״א ב:כ״ז", 
                    "sourceRef": "Zevachim 61b:27", 
                    "ref": "Zevachim 61b:27"
                }
            ], 
            "text": ""
        }, 
        {
            "segmentNumber": "28", 
            "he": [], 
            "links": [], 
            "text": ""
        }, 
        {
            "segmentNumber": "29", 
            "he": [], 
            "links": [], 
            "text": ""
        }, 
        {
            "segmentNumber": "30", 
            "he": [], 
            "links": [], 
            "text": ""
        }, 
        {
            "segmentNumber": "31", 
            "he": [], 
            "links": [], 
            "text": ""
        }, 
        {
            "segmentNumber": "32", 
            "he": [], 
            "links": [], 
            "text": ""
        }, 
        {
            "segmentNumber": "33", 
            "he": [], 
            "links": [], 
            "text": ""
        }, 
        {
            "segmentNumber": "34", 
            "he": [], 
            "links": [], 
            "text": ""
        }, 
        {
            "segmentNumber": "35", 
            "he": [
                "הכא - במקדש שני אין אש של שמים מסייעתן כדילפינן בפ\"ק דיומא (דף כא:) וארצה בו ואכבד מחוסר ה' אלו ה' דברים שחסר מקדש שני ואש אחד מהן ואמרינן התם מיהוי הוה סיועי לא מסייעא:"
            ], 
            "links": [
                {
                    "category": "Talmud", 
                    "sourceHeRef": "זבחים ס״א ב:ל״ה", 
                    "sourceRef": "Zevachim 61b:35", 
                    "ref": "Zevachim 61b:35"
                }
            ], 
            "text": ""
        }, 
        {
            "segmentNumber": "36", 
            "he": [], 
            "links": [], 
            "text": ""
        }, 
        {
            "segmentNumber": "37", 
            "he": [
                "שיתין הוסיפו - קרן מערבית דרומית הוסיפו למשכה לדרום ולמערב ששם היו מנסכין נסכים כדאמרינן (התם) במתני' דלקמן (דף סג.) ובימי שלמה היה כמין בור כרוי אצל המזבח באותה זוית לירד הנסכים בתוכו ויורדין מן המזבח ולרצפה ושותתין שם והם קלטו אותו הבור לתוך המזבח ועשו נקבים כנגדן בראש המזבח לירד הנסכים שם:"
            ], 
            "links": [
                {
                    "category": "Talmud", 
                    "sourceHeRef": "זבחים ס״א ב:ל״ז", 
                    "sourceRef": "Zevachim 61b:37", 
                    "ref": "Zevachim 61b:37"
                }
            ], 
            "text": ""
        }, 
        {
            "segmentNumber": "38", 
            "he": [], 
            "links": [], 
            "text": ""
        }, 
        {
            "segmentNumber": "39", 
            "he": [
                "אטום באדמה - שלא יהא חלול:"
            ], 
            "links": [
                {
                    "category": "Talmud", 
                    "sourceHeRef": "זבחים ס״א ב:ל״ט", 
                    "sourceRef": "Zevachim 61b:39", 
                    "ref": "Zevachim 61b:39"
                }
            ], 
            "text": ""
        }, 
        {
            "segmentNumber": "40", 
            "he": [], 
            "links": [], 
            "text": ""
        }, 
        {
            "segmentNumber": "41", 
            "he": [
                "שתיה כאכילה - מה אכילה מתעכלת במזבח אף שתיה תבלע במזבח:"
            ], 
            "links": [
                {
                    "category": "Talmud", 
                    "sourceHeRef": "זבחים ס״א ב:מ״א", 
                    "sourceRef": "Zevachim 61b:41", 
                    "ref": "Zevachim 61b:41"
                }
            ], 
            "text": ""
        }, 
        {
            "segmentNumber": "42", 
            "he": [], 
            "links": [], 
            "text": ""
        }, 
        {
            "segmentNumber": "43", 
            "he": [], 
            "links": [], 
            "text": ""
        }
    ], 
    "commentaryBook": "Zevachim", 
    "heRef": "רש\"י על זבחים ס״א ב", 
    "toSections": [
        "61b"
    ], 
    "sectionRef": "Rashi on Zevachim 61b", 
    "title": "Rashi on Zevachim 61b", 
    "lengths": [
        238, 
        10586
    ], 
    "next": "Rashi on Zevachim 62a:2", 
    "heBook": "רש\"י על זבחים", 
    "book": "Rashi on Zevachim", 
    "prev": "Rashi on Zevachim 61a:3", 
    "textDepth": 3, 
    "sectionNames": [
        "Daf", 
        "Line", 
        "Comment"
    ], 
    "sections": [
        "61b"
    ], 
    "commentator": "Rashi", 
    "isComplex": false, 
    "commentaryCategories": [
        "Talmud", 
        "Bavli", 
        "Seder Kodashim"
    ], 
    "titleVariants": [
        "Rashi on Talmud Zevachim", 
        "Rashi on Masekhet Zevachim", 
        "Rashi on Zevachim", 
        "Rashi on Tractate Zevachim"
    ], 
    "categories": [
        "Commentary", 
        "Talmud", 
        "Rashi"
    ], 
    "ref": "Rashi on Zevachim 61b", 
    "type": "Commentary", 
    "addressTypes": [
        "Talmud", 
        "Integer", 
        "Integer"
    ], 
    "heCommentator": "רש\"י", 
    "length": 238, 
    "indexTitle": "Rashi on Zevachim", 
    "heIndexTitle": "רש\"י על זבחים", 
    "alts": [], 
    "order": [
        28, 
        1
    ]
}