{
    "title": "Redeeming Relevance", 
    "heTitleVariants": [
        "פדיון הרלוונטיות"
    ], 
    "heTitle": "פדיון הרלוונטיות", 
    "authors": [
        "Francis Nataf"
    ], 
    "titleVariants": [
        "Redeeming Relevance"
    ], 
    "categories": [
        "Modern Works"
    ], 
    "schema": {
        "nodes": [
            {
                "nodeType": "JaggedArrayNode", 
                "title": "Approbation of Rabbi Dr. Aharon Lichtenstein", 
                "addressTypes": [
                    "Integer"
                ], 
                "heTitle": "הסכמה", 
                "content_counts": 6, 
                "depth": 1, 
                "titles": [
                    {
                        "lang": "en", 
                        "text": "Approbation of Rabbi Dr. Aharon Lichtenstein", 
                        "primary": true
                    }, 
                    {
                        "lang": "he", 
                        "text": "הסכמה", 
                        "primary": true
                    }
                ], 
                "key": "intro", 
                "heSectionNames": [
                    "פסקה"
                ], 
                "sectionNames": [
                    "Paragraph"
                ]
            }, 
            {
                "nodeType": "JaggedArrayNode", 
                "title": "Genesis Chapter 1", 
                "addressTypes": [
                    "Integer"
                ], 
                "heTitle": "בראשית א", 
                "content_counts": 29, 
                "depth": 1, 
                "titles": [
                    {
                        "lang": "en", 
                        "text": "Genesis Chapter 1", 
                        "primary": true
                    }, 
                    {
                        "lang": "he", 
                        "text": "בראשית א", 
                        "primary": true
                    }
                ], 
                "key": "Genesis Chapter 1", 
                "heSectionNames": [
                    "פסקה"
                ], 
                "sectionNames": [
                    "Paragraph"
                ]
            }, 
            {
                "nodeType": "JaggedArrayNode", 
                "title": "Exodus Chapter 3", 
                "addressTypes": [
                    "Integer"
                ], 
                "heTitle": "שמות ג", 
                "content_counts": 74, 
                "depth": 1, 
                "titles": [
                    {
                        "lang": "en", 
                        "text": "Exodus Chapter 3", 
                        "primary": true
                    }, 
                    {
                        "lang": "he", 
                        "text": "שמות ג", 
                        "primary": true
                    }
                ], 
                "key": "Exodus Chapter 3", 
                "heSectionNames": [
                    "פסקה"
                ], 
                "sectionNames": [
                    "Paragraph"
                ]
            }, 
            {
                "nodeType": "JaggedArrayNode", 
                "title": "Bamidbar Chapter 6", 
                "addressTypes": [
                    "Integer"
                ], 
                "heTitle": "במדבר ו", 
                "content_counts": 50, 
                "depth": 1, 
                "titles": [
                    {
                        "lang": "en", 
                        "text": "Bamidbar Chapter 6", 
                        "primary": true
                    }, 
                    {
                        "lang": "he", 
                        "text": "במדבר ו", 
                        "primary": true
                    }
                ], 
                "key": "Bamidbar Chapter 6", 
                "heSectionNames": [
                    "פסקה"
                ], 
                "sectionNames": [
                    "Paragraph"
                ]
            }
        ], 
        "titles": [
            {
                "lang": "he", 
                "text": "פדיון הרלוונטיות", 
                "primary": true
            }, 
            {
                "lang": "en", 
                "text": "Redeeming Relevance", 
                "primary": true
            }
        ], 
        "heTitle": "פדיון הרלוונטיות", 
        "key": "Redeeming Relevance", 
        "title": "Redeeming Relevance"
    }
}