{
    "heTitleVariants": [
        "תורה תמימה על תהלים", 
        "תורה תמימה על תהילים"
    ], 
    "heTitle": "תורה תמימה על תהילים", 
    "commentaryBook": "Psalms", 
    "heRef": "תורה תמימה על תהילים ה׳", 
    "toSections": [
        5
    ], 
    "sectionRef": "Torah Temimah on Psalms 5", 
    "title": "Torah Temimah on Psalms 5", 
    "lengths": [
        150, 
        2529
    ], 
    "next": "Torah Temimah on Psalms 6:7", 
    "content": [
        {
            "segmentNumber": "1", 
            "he": [], 
            "links": [], 
            "text": ""
        }, 
        {
            "segmentNumber": "2", 
            "he": [], 
            "links": [], 
            "text": ""
        }, 
        {
            "segmentNumber": "3", 
            "he": [], 
            "links": [], 
            "text": ""
        }, 
        {
            "segmentNumber": "4", 
            "he": [
                "<b>יְהֹוָה בֹּקֶר תִּשְׁמַע קוֹלִי: </b>רב נחמן בר יצחק אמר אף תפלת שחרית שנאמר ה' בקר תשמע קולי בקר אערך לך ואצפה:(ברכות ו ע\"ב)\n"
            ], 
            "links": [
                {
                    "category": "Tanach", 
                    "sourceHeRef": "תהילים ה׳:ד׳", 
                    "sourceRef": "Psalms 5:4", 
                    "ref": "Psalms 5:4"
                }, 
                {
                    "category": "Talmud", 
                    "sourceHeRef": "ברכות ו׳ ב", 
                    "sourceRef": "Berakhot 6b", 
                    "ref": "Berakhot 6b"
                }
            ], 
            "text": ""
        }, 
        {
            "segmentNumber": "5", 
            "he": [
                "<b>כִּי לֹא אֵל חָפֵץ רֶשַׁע: </b>אמר רב יהודה אמר רב דוד ביקש עליהם רחמים והורידן לארץ אמר לפניו רבש\"ע לא אל חפץ רשע אתה לא יגורך (במגורך) רע צדיק אתה ה' לא יגור במגורך רע וכו'.(חגיגה יב ע\"ב)\n", 
                "<b>כִּי לֹא אֵל: </b>א\"ר ירמיה בר אבא ארבע כיתות אין מקבלות פני שכינה כת ליצים וכת חניפים וכת שקרים וכת מספרי לשון הרע כת ליצים דכתיב משך ידו את לוצצים כת חניפים דכתיב כי לא לפניו חנף יבא כת שקרים דכתיבב דובר שקרים לא יכון לנגד עיני כת מספרי לשון הרע דכתיב כי לא אל חפץ רשע אתה לא יגורך רע צדיק אתה ה' לא יגור במגורך רע:(סוטה מב ע\"א)\n", 
                "<b>כִּי לֹא אֵל: </b>איכא דאמרי אמר רבי אמי כל המביא עצמו לידי הרהור אין מכניסין אותו במחיצתו של הקב\"ה כתיב הכא וירע בעיני ה' וכתיב התם כי לא אל חפץ רשע אתה לא יגורך רע וכו'.(נדה יג ע\"ב)\n"
            ], 
            "links": [
                {
                    "category": "Tanach", 
                    "sourceHeRef": "תהילים ה׳:ה׳", 
                    "sourceRef": "Psalms 5:5", 
                    "ref": "Psalms 5:5"
                }, 
                {
                    "category": "Tanach", 
                    "sourceHeRef": "תהילים ה׳:ה׳", 
                    "sourceRef": "Psalms 5:5", 
                    "ref": "Psalms 5:5"
                }, 
                {
                    "category": "Tanach", 
                    "sourceHeRef": "תהילים ה׳:ה׳", 
                    "sourceRef": "Psalms 5:5", 
                    "ref": "Psalms 5:5"
                }, 
                {
                    "category": "Talmud", 
                    "sourceHeRef": "חגיגה י״ב ב", 
                    "sourceRef": "Chagigah 12b", 
                    "ref": "Chagigah 12b"
                }, 
                {
                    "category": "Talmud", 
                    "sourceHeRef": "סוטה מ״ב א", 
                    "sourceRef": "Sotah 42a", 
                    "ref": "Sotah 42a"
                }, 
                {
                    "category": "Talmud", 
                    "sourceHeRef": "נדה י״ג ב", 
                    "sourceRef": "Niddah 13b", 
                    "ref": "Niddah 13b"
                }
            ], 
            "text": ""
        }, 
        {
            "segmentNumber": "6", 
            "he": [], 
            "links": [], 
            "text": ""
        }, 
        {
            "segmentNumber": "7", 
            "he": [], 
            "links": [], 
            "text": ""
        }, 
        {
            "segmentNumber": "8", 
            "he": [
                "<b>בְּיִרְאָתֶךָ: </b>אין עומדין להתפלל אלא מתוך כובד ראש וכו' מנא ה\"מ א\"ר אלעזר דאמר קרא והיא מרת נפש ממאי דילמא חנה שאני דהות מרירא לבא טובא אלא א\"ר יוסי בר' חנינא מהכא ואני ברב חסדך אבא ביתך אשתחוה אל היכל קדשך ביראתך ממאי דילמא דוד שאני דהוה מצער נפשיה ברחמי טובא וכו'.(ברכות ל ע\"ב)\n"
            ], 
            "links": [
                {
                    "category": "Tanach", 
                    "sourceHeRef": "תהילים ה׳:ח׳", 
                    "sourceRef": "Psalms 5:8", 
                    "ref": "Psalms 5:8"
                }, 
                {
                    "category": "Talmud", 
                    "sourceHeRef": "ברכות ל׳ ב", 
                    "sourceRef": "Berakhot 30b", 
                    "ref": "Berakhot 30b"
                }
            ], 
            "text": ""
        }
    ], 
    "book": "Torah Temimah on Psalms", 
    "prev": "Torah Temimah on Psalms 4:5", 
    "textDepth": 3, 
    "sectionNames": [
        "Chapter", 
        "Verse", 
        "Comment"
    ], 
    "sections": [
        5
    ], 
    "commentator": "Torah Temimah", 
    "isComplex": false, 
    "commentaryCategories": [
        "Tanach", 
        "Writings"
    ], 
    "titleVariants": [
        "Torah Temimah on Tehillim", 
        "Torah Temimah on Psalm", 
        "Torah Temimah on Tehilim", 
        "Torah Temimah on Psa.", 
        "Torah Temimah on Ps", 
        "Torah Temimah on Psa", 
        "Torah Temimah on Ps.", 
        "Torah Temimah on Psalms"
    ], 
    "categories": [
        "Commentary", 
        "Tanach", 
        "Torah Temimah"
    ], 
    "ref": "Torah Temimah on Psalms 5", 
    "type": "Commentary", 
    "addressTypes": [
        "Integer", 
        "Integer", 
        "Integer"
    ], 
    "heCommentator": "תורה תמימה", 
    "length": 150, 
    "indexTitle": "Torah Temimah on Psalms", 
    "heIndexTitle": "תורה תמימה על תהילים", 
    "alts": [], 
    "order": [
        27, 
        1
    ]
}