{
    "heTitleVariants": [
        "מצודת ציון על תהלים", 
        "מצודת ציון על תהילים"
    ], 
    "heTitle": "מצודת ציון על תהילים", 
    "commentaryBook": "Psalms", 
    "heRef": "מצודת ציון על תהילים נ״ט", 
    "toSections": [
        59
    ], 
    "sectionRef": "Metzudat Zion on Psalms 59", 
    "title": "Metzudat Zion on Psalms 59", 
    "lengths": [
        150, 
        2529
    ], 
    "next": "Metzudat Zion on Psalms 60:1", 
    "content": [
        {
            "segmentNumber": "1", 
            "he": [], 
            "links": [], 
            "text": ""
        }, 
        {
            "segmentNumber": "2", 
            "he": [], 
            "links": [], 
            "text": ""
        }, 
        {
            "segmentNumber": "3", 
            "he": [], 
            "links": [], 
            "text": ""
        }, 
        {
            "segmentNumber": "4", 
            "he": [], 
            "links": [], 
            "text": ""
        }, 
        {
            "segmentNumber": "5", 
            "he": [], 
            "links": [], 
            "text": ""
        }, 
        {
            "segmentNumber": "6", 
            "he": [], 
            "links": [], 
            "text": ""
        }, 
        {
            "segmentNumber": "7", 
            "he": [], 
            "links": [], 
            "text": ""
        }, 
        {
            "segmentNumber": "8", 
            "he": [
                "<b>יביעון .</b> ידברו כמו יביע אומר ( לעיל י''ט ) :\n"
            ], 
            "links": [
                {
                    "category": "Tanakh", 
                    "sourceHeRef": "תהילים נ״ט:ח׳", 
                    "index_title": "Psalms", 
                    "sourceRef": "Psalms 59:8"
                }
            ], 
            "text": ""
        }, 
        {
            "segmentNumber": "9", 
            "he": [], 
            "links": [], 
            "text": ""
        }, 
        {
            "segmentNumber": "10", 
            "he": [
                "<b>אשמרה .</b> ענין המתנה כמו ואביו שמר את הדבר ( ברא' ל''ז ) :\n"
            ], 
            "links": [
                {
                    "category": "Tanakh", 
                    "sourceHeRef": "תהילים נ״ט:י׳", 
                    "index_title": "Psalms", 
                    "sourceRef": "Psalms 59:10"
                }
            ], 
            "text": ""
        }, 
        {
            "segmentNumber": "11", 
            "he": [
                "<b>בשוררי .</b> ענין ראיה והבטה :\n"
            ], 
            "links": [
                {
                    "category": "Tanakh", 
                    "sourceHeRef": "תהילים נ״ט:י״א", 
                    "index_title": "Psalms", 
                    "sourceRef": "Psalms 59:11"
                }
            ], 
            "text": ""
        }, 
        {
            "segmentNumber": "12", 
            "he": [
                "<b>הניעמו .</b> מל' נע ונד : ", 
                "<b>בחילך .</b> בכוחך : ", 
                "<b>מגננו .</b> מבטח לנו כגבור במגנו :\n"
            ], 
            "links": [
                {
                    "category": "Tanakh", 
                    "sourceHeRef": "תהילים נ״ט:י״ב", 
                    "index_title": "Psalms", 
                    "sourceRef": "Psalms 59:12"
                }, 
                {
                    "category": "Tanakh", 
                    "sourceHeRef": "תהילים נ״ט:י״ב", 
                    "index_title": "Psalms", 
                    "sourceRef": "Psalms 59:12"
                }, 
                {
                    "category": "Tanakh", 
                    "sourceHeRef": "תהילים נ״ט:י״ב", 
                    "index_title": "Psalms", 
                    "sourceRef": "Psalms 59:12"
                }
            ], 
            "text": ""
        }, 
        {
            "segmentNumber": "13", 
            "he": [
                "<b>בגאונם .</b> מלשון גאוה : ", 
                "<b>ומאלה .</b> מקללה : ", 
                "<b>ומכחש .</b> רזון :\n"
            ], 
            "links": [
                {
                    "category": "Tanakh", 
                    "sourceHeRef": "תהילים נ״ט:י״ג", 
                    "index_title": "Psalms", 
                    "sourceRef": "Psalms 59:13"
                }, 
                {
                    "category": "Tanakh", 
                    "sourceHeRef": "תהילים נ״ט:י״ג", 
                    "index_title": "Psalms", 
                    "sourceRef": "Psalms 59:13"
                }, 
                {
                    "category": "Tanakh", 
                    "sourceHeRef": "תהילים נ״ט:י״ג", 
                    "index_title": "Psalms", 
                    "sourceRef": "Psalms 59:13"
                }
            ], 
            "text": ""
        }, 
        {
            "segmentNumber": "14", 
            "he": [], 
            "links": [], 
            "text": ""
        }, 
        {
            "segmentNumber": "15", 
            "he": [], 
            "links": [], 
            "text": ""
        }, 
        {
            "segmentNumber": "16", 
            "he": [
                "<b>יניעון .</b> מל' נע ונד : ", 
                "<b>וילינו .</b> מל' תלונה :\n"
            ], 
            "links": [
                {
                    "category": "Tanakh", 
                    "sourceHeRef": "תהילים נ״ט:ט״ז", 
                    "index_title": "Psalms", 
                    "sourceRef": "Psalms 59:16"
                }, 
                {
                    "category": "Tanakh", 
                    "sourceHeRef": "תהילים נ״ט:ט״ז", 
                    "index_title": "Psalms", 
                    "sourceRef": "Psalms 59:16"
                }
            ], 
            "text": ""
        }, 
        {
            "segmentNumber": "17", 
            "he": [
                "<b>מנוס .</b> מל' ניסה ובריחה :\n\n"
            ], 
            "links": [
                {
                    "category": "Tanakh", 
                    "sourceHeRef": "תהילים נ״ט:י״ז", 
                    "index_title": "Psalms", 
                    "sourceRef": "Psalms 59:17"
                }
            ], 
            "text": ""
        }
    ], 
    "book": "Metzudat Zion on Psalms", 
    "prev": "Metzudat Zion on Psalms 58:11", 
    "textDepth": 3, 
    "sectionNames": [
        "Chapter", 
        "Verse", 
        "Comment"
    ], 
    "sections": [
        59
    ], 
    "commentator": "Metzudat Zion", 
    "isComplex": false, 
    "commentaryCategories": [
        "Tanakh", 
        "Writings"
    ], 
    "titleVariants": [
        "Metzudat Zion on Ps", 
        "Metzudat Zion on Tehillim", 
        "Metzudat Zion on Psalms", 
        "Metzudat Zion on Ps.", 
        "Metzudat Zion on Psa.", 
        "Metzudat Zion on Psalm", 
        "Metzudat Zion on Tehilim", 
        "Metzudat Zion on Psa"
    ], 
    "categories": [
        "Commentary", 
        "Tanakh", 
        "Metzudat Zion"
    ], 
    "ref": "Metzudat Zion on Psalms 59", 
    "type": "Commentary", 
    "addressTypes": [
        "Integer", 
        "Integer", 
        "Integer"
    ], 
    "heCommentator": "מצודת ציון", 
    "length": 150, 
    "indexTitle": "Metzudat Zion on Psalms", 
    "heIndexTitle": "מצודת ציון על תהילים", 
    "alts": [], 
    "order": [
        27, 
        1
    ]
}