[{
    "links": [
        [
            "34:1:1", 
            "Psalms 34:1", 
            "Tanach"
        ], 
        [
            "34:5:1", 
            "Psalms 34:5", 
            "Tanach"
        ], 
        [
            "34:6:1", 
            "Psalms 34:6", 
            "Tanach"
        ], 
        [
            "34:9:1", 
            "Psalms 34:9", 
            "Tanach"
        ], 
        [
            "34:10:1", 
            "Psalms 34:10", 
            "Tanach"
        ], 
        [
            "34:11:1", 
            "Psalms 34:11", 
            "Tanach"
        ], 
        [
            "34:12:1", 
            "Psalms 34:12", 
            "Tanach"
        ], 
        [
            "34:17:1", 
            "Psalms 34:17", 
            "Tanach"
        ], 
        [
            "34:19:1", 
            "Psalms 34:19", 
            "Tanach"
        ], 
        [
            "34:21:1", 
            "Psalms 34:21", 
            "Tanach"
        ], 
        [
            "34:22:1", 
            "Psalms 34:22", 
            "Tanach"
        ], 
        [
            "34:1:1", 
            "Job 12", 
            "Tanach"
        ], 
        [
            "34:9:1", 
            "Proverbs 31", 
            "Tanach"
        ], 
        [
            "34:12:1", 
            "Genesis 37", 
            "Tanach"
        ], 
        [
            "34:17:1", 
            "Leviticus 20", 
            "Tanach"
        ], 
        [
            "34:22:1", 
            "Joel 1", 
            "Tanach"
        ], 
        [
            "34:1:2", 
            "Psalms 34:1", 
            "Tanach"
        ], 
        [
            "34:6:2", 
            "Psalms 34:6", 
            "Tanach"
        ]
    ], 
    "text": [], 
    "heTitleVariants": [
        "מצודת ציון על תהלים", 
        "מצודת ציון על תהילים"
    ], 
    "heTitle": "מצודת ציון על תהילים", 
    "commentaryBook": "Psalms", 
    "heRef": "מצודת ציון על תהילים ל״ד", 
    "toSections": [
        34
    ], 
    "sectionRef": "Metzudat Zion on Psalms 34", 
    "title": "Metzudat Zion on Psalms 34", 
    "lengths": [
        150, 
        2529
    ], 
    "next": "Metzudat Zion on Psalms 35:1", 
    "book": "Metzudat Zion on Psalms", 
    "prev": "Metzudat Zion on Psalms 33:20", 
    "textDepth": 3, 
    "sectionNames": [
        "Chapter", 
        "Verse", 
        "Comment"
    ], 
    "sections": [
        34
    ], 
    "commentator": "Metzudat Zion", 
    "isComplex": false, 
    "commentaryCategories": [
        "Tanach", 
        "Writings"
    ], 
    "titleVariants": [
        "Metzudat Zion on Ps", 
        "Metzudat Zion on Tehillim", 
        "Metzudat Zion on Psalms", 
        "Metzudat Zion on Ps.", 
        "Metzudat Zion on Psa.", 
        "Metzudat Zion on Psalm", 
        "Metzudat Zion on Tehilim", 
        "Metzudat Zion on Psa"
    ], 
    "categories": [
        "Commentary", 
        "Tanach", 
        "Metzudat Zion"
    ], 
    "he": [
        [
            "<b>טעמו .</b> ענין דבור החכמה כמו וטעם זקנים יקח ( איוב יב ) : ", 
            "<b>אבימלך .</b> זה אכיש ונקרא אבימלך כי הוא שם כולל לכל מלכי פלשתים כמו ששם פרעה כולל לכל מלכי מצרים :\n"
        ], 
        [], 
        [], 
        [], 
        [
            "<b>מגורותי .</b> פחדי :\n"
        ], 
        [
            "<b>ונהרו .</b> ענין הארה כמו ואל תופע עליו נהרה ( שם ב' ) : ", 
            "<b>יחפרו .</b> ענין כלימה :\n"
        ], 
        [], 
        [], 
        [
            "<b>טעמו .</b> כן יקרא ידיעת השכל ובחינתו כמו טעמה כי טוב סחרה ( משלי ל''א ) :\n"
        ], 
        [
            "<b>יראו .</b> פחדו :\n"
        ], 
        [
            "<b>רשו .</b> מלשון רש ועני :\n"
        ], 
        [
            "<b>לכו .</b> הוא ענין ל' זרוז כמו ועתה לכו ונהרגהו ( בראשית ל''ז ) והלא הוא בא אליהם :\n"
        ], 
        [], 
        [], 
        [], 
        [], 
        [
            "<b>פני .</b> ענין כעס הוא וכן אתן את פני ( ויקרא כ ) וזהו לפי שבהפנים נראה הכעס :\n"
        ], 
        [], 
        [
            "<b>דכאי .</b> ענין כתות ונשבר :\n"
        ], 
        [], 
        [
            "<b>מהנה .</b> מהן :\n"
        ], 
        [
            "<b>יאשמו .</b> מל' שממה וכן עדרי הצאן נאשמו ( יואל א' ) :\n\n"
        ]
    ], 
    "ref": "Metzudat Zion on Psalms 34", 
    "type": "Commentary", 
    "addressTypes": [
        "Integer", 
        "Integer", 
        "Integer"
    ], 
    "heCommentator": "מצודת ציון", 
    "length": 150, 
    "indexTitle": "Metzudat Zion on Psalms", 
    "heIndexTitle": "מצודת ציון על תהילים", 
    "alts": [], 
    "order": [
        27, 
        1
    ]
}]