{
    "heTitleVariants": [
        " חידושי הלכות על מסכת מגילה"
    ], 
    "heTitle": " חידושי הלכות על מסכת מגילה ז׳ א", 
    "content": [
        {
            "segmentNumber": "1", 
            "he": "תד\"ה נאמרה לקרות ולא לכתוב כו' ור' יוחנן נמי אמר דאם קראה בין הכתובים לא יצא כו' עכ\"ל צ\"ע אמאי לא הביאו מדברי רב יהודה אמר שמואל גופיה דאית ליה נמי הכי בפ\"ב דאם קראה בין הכתובים דלא יצא ונראה לפרש משום דמלתא דשמואל איכא לפרושי דקראה בין הכתובים גרע מקראה בע\"פ אבל בההיא דאר\"י קראה בין הכתובים לא יצא א\"א לפרש דגרע מקראה בע\"פ דקאמר בצבור שנו ואי גרע מקראה בע\"פ יחיד נמי לא יצא דיחיד לא יצא בע\"פ וק\"ל: ", 
            "links": [
                {
                    "category": "Talmud", 
                    "sourceHeRef": "מגילה ז׳ א:ל״א", 
                    "index_title": "Megillah", 
                    "sourceRef": "Megillah 7a:31"
                }
            ], 
            "text": ""
        }, 
        {
            "segmentNumber": "2", 
            "he": "בא\"ד ואכתי קשיא כו' ואין לומר דהא דניתן ליכתב מדרבנן קרי כתיבה כו' עכ\"ל פי' כיון דמדרבנן ניתן לכתב ולקרות אכתי קשיא אההיא דפ' אמר להם הממונה דקאמר הניחא למ\"ד כו' אלא למ\"ד לא ניתן ליכתב מא\"ל כיון דניתן לכתוב מדרבנן לא ה\"ל לסתום דבריו למקרי לא ניתן ליכתב סתמא וא\"ל דאה\"נ הא דקאמר הניחא למ\"ד ניתן ליכתב היינו נמי מדרבנן דקרי כתיבה ואלא למ\"ד לא ניתן ליכתב היינו נמי אפי' מדרבנן דאם כן הדרא קושיין לדוכתין האיכא נמי חנוכה כו' ולא הל\"ל הניחא למ\"ד ניתן ליכתב ותירץ הרר\"א דזו הסברא קיימת הא דמגילה ניתן ליכתב מדרבנן קרי כתיבה ושפיר קאמר [א] הניחא למ\"ד ניתן לכתב משום דכתיבה דמגילה מהניא טפי כו' [ב] וק\"ק לפי דרך זה הא דקאמר אלא למ\"ד לא ניתן לכתב היינו אפי' מדרבנן ולא אשכחן הך דעת שלישית הכא ובשום דוכתא דאיכא מאן דאית ליה הכי ודו\"ק: ", 
            "links": [
                {
                    "category": "Talmud", 
                    "sourceHeRef": "מגילה ז׳ א:נ״ב", 
                    "index_title": "Megillah", 
                    "sourceRef": "Megillah 7a:52"
                }
            ], 
            "text": ""
        }, 
        {
            "segmentNumber": "3", 
            "he": "בד\"ה לכולהו איכא פירכא כו' דלשמואל נמי איכא פירכא כו' עכ\"ל כצ\"ל: ", 
            "links": [
                {
                    "category": "Talmud", 
                    "sourceHeRef": "מגילה ז׳ א:ס׳", 
                    "index_title": "Megillah", 
                    "sourceRef": "Megillah 7a:60"
                }
            ], 
            "text": ""
        }
    ], 
    "heRef": " חידושי הלכות על מסכת מגילה ז׳ א", 
    "toSections": [
        "7a"
    ], 
    "sectionRef": "Chidushei Halachot on Megillah 7a", 
    "title": "Chidushei Halachot on Megillah 7a", 
    "next": "Chidushei Halachot on Megillah 7b", 
    "heBook": " חידושי הלכות על מסכת מגילה", 
    "book": "Chidushei Halachot on Megillah", 
    "prev": "Chidushei Halachot on Megillah 6b", 
    "textDepth": 2, 
    "sectionNames": [
        "Daf", 
        "Peirush"
    ], 
    "sections": [
        "7a"
    ], 
    "isComplex": false, 
    "titleVariants": [
        "Chidushei Halachot on Megillah"
    ], 
    "categories": [
        "Commentary2", 
        "Talmud", 
        "Chidushei Halachot"
    ], 
    "ref": "Chidushei Halachot on Megillah 7a", 
    "type": "Commentary2", 
    "addressTypes": [
        "Talmud", 
        "Integer"
    ], 
    "indexTitle": "Chidushei Halachot on Megillah", 
    "heIndexTitle": " חידושי הלכות על מסכת מגילה", 
    "alts": [], 
    "order": ""
}