{
    "sections": {
        "Kessef Mishneh on Mishneh Torah, Defilement by a Corpse 14:4": {
            "content": [
                {
                    "segmentNumber": "1", 
                    "links": [
                        {
                            "category": "Halakhah", 
                            "index_title": "Mishneh Torah, Defilement by a Corpse", 
                            "sourceHeRef": "משנה תורה, הלכות טומאת מת י״ד:ד׳", 
                            "sourceRef": "Mishneh Torah, Defilement by a Corpse 14:4"
                        }
                    ], 
                    "he": "<b>חלון גדול העשוי לאורה וכו'.</b> בפרק י''ג דאהלות שנינו הסריגות והרפפות מצטרפות כמלא מקדח כדברי ב''ש וב''ה אומרים עד שיהא במקום אחד מלא מקדח: \n"
                }, 
                {
                    "segmentNumber": "2", 
                    "links": [
                        {
                            "category": "Halakhah", 
                            "index_title": "Mishneh Torah, Defilement by a Corpse", 
                            "sourceHeRef": "משנה תורה, הלכות טומאת מת י״ד:ד׳", 
                            "sourceRef": "Mishneh Torah, Defilement by a Corpse 14:4"
                        }
                    ], 
                    "he": "<b>וכן חלון העשויה לתשמיש ובה סככות ורפפות וכו'.</b> נלמד מהדין הקודם: \n\n"
                }
            ], 
            "heTitle": "כסף משנה על משנה תורה, הלכות טומאת מת", 
            "indexTitle": "Kessef Mishneh on Mishneh Torah, Defilement by a Corpse", 
            "sectionRef": "Kessef Mishneh on Mishneh Torah, Defilement by a Corpse 14:4", 
            "prev": "Kessef Mishneh on Mishneh Torah, Defilement by a Corpse 14:3", 
            "ref": "Kessef Mishneh on Mishneh Torah, Defilement by a Corpse 14:4", 
            "heRef": "כסף משנה על משנה תורה, הלכות טומאת מת י״ד:ד׳", 
            "next": "Kessef Mishneh on Mishneh Torah, Defilement by a Corpse 14:5"
        }, 
        "Kessef Mishneh on Mishneh Torah, Defilement by a Corpse 14:5": {
            "content": [
                {
                    "segmentNumber": "1", 
                    "links": [
                        {
                            "category": "Halakhah", 
                            "index_title": "Mishneh Torah, Defilement by a Corpse", 
                            "sourceHeRef": "משנה תורה, הלכות טומאת מת י״ד:ה׳", 
                            "sourceRef": "Mishneh Torah, Defilement by a Corpse 14:5"
                        }
                    ], 
                    "he": "<b>חלון שהיא גלויה לאויר וכו' עד מפני שהוא גלוי לאויר.</b> פי''ג דאהלות שם: \n\n"
                }
            ], 
            "heTitle": "כסף משנה על משנה תורה, הלכות טומאת מת", 
            "indexTitle": "Kessef Mishneh on Mishneh Torah, Defilement by a Corpse", 
            "sectionRef": "Kessef Mishneh on Mishneh Torah, Defilement by a Corpse 14:5", 
            "prev": "Kessef Mishneh on Mishneh Torah, Defilement by a Corpse 14:4", 
            "ref": "Kessef Mishneh on Mishneh Torah, Defilement by a Corpse 14:5", 
            "heRef": "כסף משנה על משנה תורה, הלכות טומאת מת י״ד:ה׳", 
            "next": "Kessef Mishneh on Mishneh Torah, Defilement by a Corpse 14:6"
        }, 
        "Kessef Mishneh on Mishneh Torah, Defilement by a Corpse 14:6": {
            "content": [
                {
                    "segmentNumber": "1", 
                    "links": [
                        {
                            "category": "Halakhah", 
                            "index_title": "Mishneh Torah, Defilement by a Corpse", 
                            "sourceHeRef": "משנה תורה, הלכות טומאת מת י״ד:ו׳", 
                            "sourceRef": "Mishneh Torah, Defilement by a Corpse 14:6"
                        }
                    ], 
                    "he": "<b>החור שבדלת וכו' עד הרי הוא כסתום.</b> שם וכר''ע: \n\n"
                }
            ], 
            "heTitle": "כסף משנה על משנה תורה, הלכות טומאת מת", 
            "indexTitle": "Kessef Mishneh on Mishneh Torah, Defilement by a Corpse", 
            "sectionRef": "Kessef Mishneh on Mishneh Torah, Defilement by a Corpse 14:6", 
            "prev": "Kessef Mishneh on Mishneh Torah, Defilement by a Corpse 14:5", 
            "ref": "Kessef Mishneh on Mishneh Torah, Defilement by a Corpse 14:6", 
            "heRef": "כסף משנה על משנה תורה, הלכות טומאת מת י״ד:ו׳", 
            "next": "Kessef Mishneh on Mishneh Torah, Defilement by a Corpse 14:7"
        }, 
        "Kessef Mishneh on Mishneh Torah, Defilement by a Corpse 14:7": {
            "content": [
                {
                    "segmentNumber": "1", 
                    "links": [
                        {
                            "category": "Halakhah", 
                            "index_title": "Mishneh Torah, Defilement by a Corpse", 
                            "sourceHeRef": "משנה תורה, הלכות טומאת מת י״ד:ז׳", 
                            "sourceRef": "Mishneh Torah, Defilement by a Corpse 14:7"
                        }
                    ], 
                    "he": "<b>ומ''ש העושה חור בכותל.</b> שם העושה מקום לקנה ולאספתי ולנר שיעורו כל שהוא כדברי בית שמאי בית הלל אומרים בפותח טפח לזון את עיניו ולדבר עם חבירו ולתשמיש בפותח טפח ופירש שם רבינו יאמר שמי שניקב בכותל נקב עובר להגביה בו קנה לענין מה או מסמר ינעול בו הפתח הוא אשר יקרא אספתי וכו' או לשום שם כלי ישימו עליו נר או להשקיף ממנו מי שילך מביתו או לקרות ממנו מי שירצה הנה שיעור זה הנקב פותח טפח עכ''ל: \n"
                }, 
                {
                    "segmentNumber": "2", 
                    "links": [
                        {
                            "category": "Halakhah", 
                            "index_title": "Mishneh Torah, Defilement by a Corpse", 
                            "sourceHeRef": "משנה תורה, הלכות טומאת מת י״ד:ז׳", 
                            "sourceRef": "Mishneh Torah, Defilement by a Corpse 14:7"
                        }
                    ], 
                    "he": "<b>וכתב</b> הראב''ד העושה מקום בכותל וכו'. א''א זה עשה פירוש לאספתי ששנינו וכו'. מה שתמה על פי' הרב היוני נתיישב בדברי רבינו שמשון שפירש קנה של גרדי אספתי חרב ויש לאורגים כלי שנקרא חרב עכ''ל. ומה שהקשה על פי' רבינו למה הוציאו בלשון אספתי י''ל שמפני שהמסמר שעושין לנעול בו הפתח הוא משונה משאר מסמרים בעביו ואפשר שגם בתבניתו הוא משונה ייחדו לו שם אחר ולפי' הראב''ד ניחא שכל שלשת הדברים הם מיוחדים למנורה וגם כי כתב ר''ש שי''ג במשנה עצמה לאצבתי אבל איני יודע מה ענין לקנה מנורה בחור שבכותל הלא במנורה עצמה הם מונחים: \n\n"
                }
            ], 
            "heTitle": "כסף משנה על משנה תורה, הלכות טומאת מת", 
            "indexTitle": "Kessef Mishneh on Mishneh Torah, Defilement by a Corpse", 
            "sectionRef": "Kessef Mishneh on Mishneh Torah, Defilement by a Corpse 14:7", 
            "prev": "Kessef Mishneh on Mishneh Torah, Defilement by a Corpse 14:6", 
            "ref": "Kessef Mishneh on Mishneh Torah, Defilement by a Corpse 14:7", 
            "heRef": "כסף משנה על משנה תורה, הלכות טומאת מת י״ד:ז׳", 
            "next": "Kessef Mishneh on Mishneh Torah, Defilement by a Corpse 15:1"
        }, 
        "Kessef Mishneh on Mishneh Torah, Defilement by a Corpse 14:1": {
            "content": [
                {
                    "segmentNumber": "1", 
                    "links": [
                        {
                            "category": "Halakhah", 
                            "index_title": "Mishneh Torah, Defilement by a Corpse", 
                            "sourceHeRef": "משנה תורה, הלכות טומאת מת י״ד:א׳", 
                            "sourceRef": "Mishneh Torah, Defilement by a Corpse 14:1"
                        }
                    ], 
                    "he": "<b>אין טומאה נכנסת לאהל וכו' בד''א בחלון שעשה אותו האדם לתשמיש וכו'.</b> בפרק י''ג דאהלות. \n"
                }, 
                {
                    "segmentNumber": "2", 
                    "links": [
                        {
                            "category": "Halakhah", 
                            "index_title": "Mishneh Torah, Defilement by a Corpse", 
                            "sourceHeRef": "משנה תורה, הלכות טומאת מת י״ד:א׳", 
                            "sourceRef": "Mishneh Torah, Defilement by a Corpse 14:1"
                        }
                    ], 
                    "he": "<b>ומה שכתב שיעורו כפונדיון.</b> לשון המשנה שיעורו מלא מקדח גדול של לשכה ובפי''ז דכלים תנן דהיינו כפונדיון האיטלקי. \n"
                }, 
                {
                    "segmentNumber": "3", 
                    "links": [
                        {
                            "category": "Halakhah", 
                            "index_title": "Mishneh Torah, Defilement by a Corpse", 
                            "sourceHeRef": "משנה תורה, הלכות טומאת מת י״ד:א׳", 
                            "sourceRef": "Mishneh Torah, Defilement by a Corpse 14:1"
                        }
                    ], 
                    "he": "<b>ומ''ש וחלון העשוי לאורה הוא שאין עליו תקרה וכו'.</b> זה הוא פי' רבינו במה ששנינו בפרק י''ג חלון שהוא לאויר שיעורו מלא מקדח: \n\n"
                }
            ], 
            "heTitle": "כסף משנה על משנה תורה, הלכות טומאת מת", 
            "indexTitle": "Kessef Mishneh on Mishneh Torah, Defilement by a Corpse", 
            "sectionRef": "Kessef Mishneh on Mishneh Torah, Defilement by a Corpse 14:1", 
            "prev": "Kessef Mishneh on Mishneh Torah, Defilement by a Corpse 13:8", 
            "ref": "Kessef Mishneh on Mishneh Torah, Defilement by a Corpse 14:1", 
            "heRef": "כסף משנה על משנה תורה, הלכות טומאת מת י״ד:א׳", 
            "next": "Kessef Mishneh on Mishneh Torah, Defilement by a Corpse 14:2"
        }, 
        "Kessef Mishneh on Mishneh Torah, Defilement by a Corpse 14:2": {
            "content": [
                {
                    "segmentNumber": "1", 
                    "links": [
                        {
                            "category": "Halakhah", 
                            "index_title": "Mishneh Torah, Defilement by a Corpse", 
                            "sourceHeRef": "משנה תורה, הלכות טומאת מת י״ד:ב׳", 
                            "sourceRef": "Mishneh Torah, Defilement by a Corpse 14:2"
                        }
                    ], 
                    "he": "<b>חלון הנעשה שלא בידי אדם וכו'.</b> בפרק י''ג דאהלות. \n"
                }, 
                {
                    "segmentNumber": "2", 
                    "links": [
                        {
                            "category": "Halakhah", 
                            "index_title": "Mishneh Torah, Defilement by a Corpse", 
                            "sourceHeRef": "משנה תורה, הלכות טומאת מת י״ד:ב׳", 
                            "sourceRef": "Mishneh Torah, Defilement by a Corpse 14:2"
                        }
                    ], 
                    "he": "<b>ומה שכתב והוא כראש גדול של אדם.</b> בפרק י''ז דכלים. \n"
                }, 
                {
                    "segmentNumber": "3", 
                    "links": [
                        {
                            "category": "Halakhah", 
                            "index_title": "Mishneh Torah, Defilement by a Corpse", 
                            "sourceHeRef": "משנה תורה, הלכות טומאת מת י״ד:ב׳", 
                            "sourceRef": "Mishneh Torah, Defilement by a Corpse 14:2"
                        }
                    ], 
                    "he": "<b>ומה שכתב או שהיה חלון פקוק ונטל הפקק או שהיתה בו זכוכית ונשברה.</b> תוספתא דאהלות פרק י''ד. \n"
                }, 
                {
                    "segmentNumber": "4", 
                    "links": [
                        {
                            "category": "Halakhah", 
                            "index_title": "Mishneh Torah, Defilement by a Corpse", 
                            "sourceHeRef": "משנה תורה, הלכות טומאת מת י״ד:ב׳", 
                            "sourceRef": "Mishneh Torah, Defilement by a Corpse 14:2"
                        }
                    ], 
                    "he": "<b>ומה שכתב והוא שלא חשב עליו לתשמיש וכו'.</b> בפרק י''ג דאהלות: \n\n"
                }
            ], 
            "heTitle": "כסף משנה על משנה תורה, הלכות טומאת מת", 
            "indexTitle": "Kessef Mishneh on Mishneh Torah, Defilement by a Corpse", 
            "sectionRef": "Kessef Mishneh on Mishneh Torah, Defilement by a Corpse 14:2", 
            "prev": "Kessef Mishneh on Mishneh Torah, Defilement by a Corpse 14:1", 
            "ref": "Kessef Mishneh on Mishneh Torah, Defilement by a Corpse 14:2", 
            "heRef": "כסף משנה על משנה תורה, הלכות טומאת מת י״ד:ב׳", 
            "next": "Kessef Mishneh on Mishneh Torah, Defilement by a Corpse 14:3"
        }, 
        "Kessef Mishneh on Mishneh Torah, Defilement by a Corpse 14:3": {
            "content": [
                {
                    "segmentNumber": "1", 
                    "links": [
                        {
                            "category": "Halakhah", 
                            "index_title": "Mishneh Torah, Defilement by a Corpse", 
                            "sourceHeRef": "משנה תורה, הלכות טומאת מת י״ד:ג׳", 
                            "sourceRef": "Mishneh Torah, Defilement by a Corpse 14:3"
                        }
                    ], 
                    "he": "<b>מאור שהתחיל לסתמו וכו'.</b> גם זה שם. \n"
                }, 
                {
                    "segmentNumber": "2", 
                    "links": [
                        {
                            "category": "Halakhah", 
                            "index_title": "Mishneh Torah, Defilement by a Corpse", 
                            "sourceHeRef": "משנה תורה, הלכות טומאת מת י״ד:ג׳", 
                            "sourceRef": "Mishneh Torah, Defilement by a Corpse 14:3"
                        }
                    ], 
                    "he": "<b>ומה שכתב מפני שלא היה לו טיט לגומרו או שקראו חבירו או שחשכה לילי שבת.</b> פי''ד דתוספתא דאהלות: \n\n"
                }
            ], 
            "heTitle": "כסף משנה על משנה תורה, הלכות טומאת מת", 
            "indexTitle": "Kessef Mishneh on Mishneh Torah, Defilement by a Corpse", 
            "sectionRef": "Kessef Mishneh on Mishneh Torah, Defilement by a Corpse 14:3", 
            "prev": "Kessef Mishneh on Mishneh Torah, Defilement by a Corpse 14:2", 
            "ref": "Kessef Mishneh on Mishneh Torah, Defilement by a Corpse 14:3", 
            "heRef": "כסף משנה על משנה תורה, הלכות טומאת מת י״ד:ג׳", 
            "next": "Kessef Mishneh on Mishneh Torah, Defilement by a Corpse 14:4"
        }
    }, 
    "ref": "Kessef Mishneh on Mishneh Torah, Defilement by a Corpse 14"
}