[{
    "links": [], 
    "text": [], 
    "heTitleVariants": [
        " חידושי אגדות על מסכת בכורות"
    ], 
    "heTitle": " חידושי אגדות על מסכת בכורות ל״ט ב", 
    "heRef": " חידושי אגדות על מסכת בכורות ל״ט ב", 
    "toSections": [
        "39b"
    ], 
    "sectionRef": "Chidushei Agadot on Bekhorot 39b", 
    "title": "Chidushei Agadot on Bekhorot 39b", 
    "next": "Chidushei Agadot on Bekhorot 45a", 
    "heBook": " חידושי אגדות על מסכת בכורות", 
    "book": "Chidushei Agadot on Bekhorot", 
    "prev": "Chidushei Agadot on Bekhorot 37a", 
    "textDepth": 2, 
    "sectionNames": [
        "Daf", 
        "Peirush"
    ], 
    "sections": [
        "39b"
    ], 
    "isComplex": false, 
    "titleVariants": [
        "Chidushei Agadot on Bekhorot"
    ], 
    "categories": [
        "Commentary2", 
        "Talmud", 
        "Chidushei Agadot"
    ], 
    "he": [], 
    "ref": "Chidushei Agadot on Bekhorot 39b", 
    "type": "Commentary2", 
    "addressTypes": [
        "Talmud", 
        "Integer"
    ], 
    "indexTitle": "Chidushei Agadot on Bekhorot", 
    "heIndexTitle": " חידושי אגדות על מסכת בכורות", 
    "alts": [], 
    "order": ""
}]