{
    "heTitleVariants": [
        "תוספות על עבודה זרה"
    ], 
    "heTitle": "תוספות על עבודה זרה כ״ג א", 
    "content": [
        {
            "segmentNumber": "1", 
            "he": [
                "רבינא אמר הא לכתחילה הא דיעבד -  לכאורה משמע דרבינא דהכא ורבי פדת דבסמוך לית להו ההוא שנויא דלעיל דאדם חס על בהמתו כו' מדמהדרי אשנויא אחרינא ותימה א\"כ מה יתרצו משני המשניות ההיא דאין מעמידין וההיא דמקום שנהגו למכור מוכרין דלעיל בפ\"ק (דף יד:) ואין לומר שיתרצו כשנוייא קמא דרב דלעיל במקום שהתירו למכור התירו ליחד דלא נחשדו ארביעה כיון דלא קם דאף רב הדר ביה משום טעמא דפרשי' וי\"ל דודאי בין רבינא בין רבי פדת אית להו שנויא דעובד כוכבים חס על בהמתו לענין שלא יאסור למכור להם בשום מקום ואף במקום שנהגו שלא למכור נמי ליכא איסורא אלא מנהגא כדפרישית מיהו מיסתבר להו דלענין קרבן יש לנו להחמיר ולאסור אף במקום שמוכרין ולא לסמוך על אותו טעם דעובד כוכבים חס על בהמתו אי לאו טעמא דדיעבד לרבינא ולר' פדת דמוקי לה כרבנן דלא חיישינן לרביעה כלל וא\"ת ור' יוחנן דמשני לקמן (דף כד:) גבול יש לה פחותה מבת שלש נעקרת בת שלש אינה נעקרת מה יתרץ מההיא דמקום שנהגו למכור מוכרין משמע כל בהמות אפילו יתרות על שלש ועוד דפחות מבת שלש נמי היה לו לאסור שמא תשהה אצלו עד שתהיה בת ג' וירבענה וי\"ל דכן פירוש דבריו פחותה מבת ג' ודאי נעקרת ובת ג' רוב הפעמים אינה נעקרת אבל אינו ודאי כ\"כ הילכך במקום שנהגו מוכרין אפילו בת שלש דעובד כוכבים חס לפי שאינו יודע בודאי ודואג שלא תעקר ולענין קרבן מוקי ההוא דלוקחין בפחותה מבת ג' ולא מיבעיא במקום שמוכרין דשרי ליקח אלא אף במקום שנהגו שלא למכור לוקחין לקרבן דכיון דודאי נעקרת חייס עלה ולא רבעה ומה שנהגו שלא למכור משוש חשש דרביעה לאחר שלש כדפרשינן אבל בת שלש אין לוקחין דאינה נעקרת כ\"כ בודאי ואיכא למיחש דלמא רבעה:"
            ], 
            "links": [
                {
                    "category": "Talmud", 
                    "sourceHeRef": "עבודה זרה כ״ג א:א׳", 
                    "sourceRef": "Avodah Zarah 23a:1", 
                    "ref": "Avodah Zarah 23a:1"
                }
            ], 
            "text": ""
        }, 
        {
            "segmentNumber": "2", 
            "he": [], 
            "links": [], 
            "text": ""
        }, 
        {
            "segmentNumber": "3", 
            "he": [], 
            "links": [], 
            "text": ""
        }, 
        {
            "segmentNumber": "4", 
            "he": [], 
            "links": [], 
            "text": ""
        }, 
        {
            "segmentNumber": "5", 
            "he": [
                "על ידי ממון מותרת לבעלה -  פ\"ה דמיירי באשת ישראל וקשיא דא\"כ היכי מוכח דשריא בדיעבד משום דאמרינן דודאי לא נבעלה דלמא לעולם אימא לך דנבעלה ומיהו להכי שריא משום דאשת ישראל שנבעלה באונס מותרת ואין לאוסרה משום דשמא נתרצית לו דודאי כיון דאינה נתפסת אנפשות לא מפחדה ולא מתרצית ליה לכך נראה לפרש דודאי מיירי באשת כהן דאף באונס אסורה והכא מותרת דאמרינן ודאי לא נבעלה וכן משמע בפרק שני דכתובות (דף כו: ושם) דפשיטא ליה לתלמודא דמתניתין מיירי באשת כהן דמייתי עלה בגמרא התם ההוא מעשה באשה אחת שהורהנה באשקלון ורחקוה בני משפחתה ואי באשת ישראל הוה ההוא עובדא מאי קאמר ורחקוה בני משפחתה לא הוה להו לרחק אלא לבעלה ועוד מתוך המשנה יש להוכיח דמיירי באשת כהן דקתני על ידי ממון מותרת לבעלה טעמא דע\"י ממון דמרתת אהפסד ממונו הא שלא על ידי ממון אסורה ואף על פי שאין לתלות נתרצית כיון שאינו ע\"י נפשות ואי באשת ישראל אמאי אסורה אלא ודאי באשת כהן והא דנקט מותרת לבעלה ולא נקט מותרת לכהונה משום סיפא נקט דע\"י נפשות אסורה לבעלה והתם אף באשת ישראל אסורה לבעלה דאיכא למימר משום פחד נפשות נתרצית לו וא\"ת מאי ס\"ד דרבינא דבעי לאוכוחי היתר דיעבד מהכא הא ודאי דמשום הפסד ממונו הוא וי\"ל דסבר רבינא דכיון דנחבשה שהיא מסורה בידו היה לו לאסור באשת כהן ולמיחש מיהא לבעילת אונס ואע\"ג דאיכא הפסד ממון ומדשרינן הכא דיעבד ה\"ה אף היכא דליכא הפסד ממון ותלמודא דחי דלית ליה הך סברא אלא אית ליה הפסד ממונו שאני:"
            ], 
            "links": [
                {
                    "category": "Talmud", 
                    "sourceHeRef": "עבודה זרה כ״ג א:ה׳", 
                    "sourceRef": "Avodah Zarah 23a:5", 
                    "ref": "Avodah Zarah 23a:5"
                }
            ], 
            "text": ""
        }, 
        {
            "segmentNumber": "6", 
            "he": [], 
            "links": [], 
            "text": ""
        }, 
        {
            "segmentNumber": "7", 
            "he": [], 
            "links": [], 
            "text": ""
        }, 
        {
            "segmentNumber": "8", 
            "he": [], 
            "links": [], 
            "text": ""
        }, 
        {
            "segmentNumber": "9", 
            "he": [], 
            "links": [], 
            "text": ""
        }, 
        {
            "segmentNumber": "10", 
            "he": [], 
            "links": [], 
            "text": ""
        }, 
        {
            "segmentNumber": "11", 
            "he": [], 
            "links": [], 
            "text": ""
        }, 
        {
            "segmentNumber": "12", 
            "he": [], 
            "links": [], 
            "text": ""
        }, 
        {
            "segmentNumber": "13", 
            "he": [
                "תדע דקתני סיפא ע\"י נפשות אסורה לבעלה -  תימה מאי קאמר תדע דלמא שאני ע\"י נפשות דאיכא למימר מחמת פחד נתרצית לו ותבעתו אבל שלא ע\"י נפשות מותרת ואף היכא דליכא הפסד ממון וי\"ל דודאי שלא ע\"י ממון אסורה דאי ס\"ד מותרת אמאי נקט רישא הפסד ממון ליתני שלא ע\"י נפשות מותרת אלא ודאי הפסד ממון דוקא נקט וסיפא דקתני ע\"י נפשות ה\"ה שלא ע\"י נפשות אסורה לכהן דבה איירי אלא בא להשמיענו דאף לישראל אסורה דאיכא למימר מחמת פחד נתרצית לו:"
            ], 
            "links": [
                {
                    "category": "Talmud", 
                    "sourceHeRef": "עבודה זרה כ״ג א:י״ג", 
                    "sourceRef": "Avodah Zarah 23a:13", 
                    "ref": "Avodah Zarah 23a:13"
                }
            ], 
            "text": ""
        }, 
        {
            "segmentNumber": "14", 
            "he": [
                "ותו לא מידי -  פי' דודאי הפסד ממון שאני אבל יחוד בעלמא אימא דאסור אף בדיעבד תימה אם כן לא הנחת בת לאברהם אבינו אשת כהן יושבת תחת בעלה דא\"א שלא תתיחד עם שום עובד כוכבים שעה אחת וכיון דליכא הפסד ממון חיישינן וי\"ל דאין זה אלא דחוי בעלמא כלומר מהכא לא תוכיח ומכל מקום דברי רבינא אמת הן ועי\"ל דאפילו לפי המסקנא אין לאסור יחוד מועט דדוקא נחבשה שאני לפי שהיא מסורה בידו כעין בהמה דהכא דבידו לרבעה אבל היכא שאינה תחת ידו של עובד כוכבים כלל ויכולה לצעוק ויהיה לה מושיע ודאי העובד כוכבים מרתת ואין לאוסרה על אותו יחוד וכן עיקר ובירושלמי דחי דאין דמיון אשה לבהמה שאני אשה שדרכה לצווח ואפילו חרשת דרכה לרמז:"
            ], 
            "links": [
                {
                    "category": "Talmud", 
                    "sourceHeRef": "עבודה זרה כ״ג א:י״ד", 
                    "sourceRef": "Avodah Zarah 23a:14", 
                    "ref": "Avodah Zarah 23a:14"
                }
            ], 
            "text": ""
        }, 
        {
            "segmentNumber": "15", 
            "he": [], 
            "links": [], 
            "text": ""
        }, 
        {
            "segmentNumber": "16", 
            "he": [], 
            "links": [], 
            "text": ""
        }, 
        {
            "segmentNumber": "17", 
            "he": [], 
            "links": [], 
            "text": ""
        }, 
        {
            "segmentNumber": "18", 
            "he": [], 
            "links": [], 
            "text": ""
        }, 
        {
            "segmentNumber": "19", 
            "he": [], 
            "links": [], 
            "text": ""
        }, 
        {
            "segmentNumber": "20", 
            "he": [], 
            "links": [], 
            "text": ""
        }, 
        {
            "segmentNumber": "21", 
            "he": [], 
            "links": [], 
            "text": ""
        }, 
        {
            "segmentNumber": "22", 
            "he": [], 
            "links": [], 
            "text": ""
        }, 
        {
            "segmentNumber": "23", 
            "he": [], 
            "links": [], 
            "text": ""
        }, 
        {
            "segmentNumber": "24", 
            "he": [], 
            "links": [], 
            "text": ""
        }, 
        {
            "segmentNumber": "25", 
            "he": [], 
            "links": [], 
            "text": ""
        }, 
        {
            "segmentNumber": "26", 
            "he": [], 
            "links": [], 
            "text": ""
        }, 
        {
            "segmentNumber": "27", 
            "he": [], 
            "links": [], 
            "text": ""
        }, 
        {
            "segmentNumber": "28", 
            "he": [], 
            "links": [], 
            "text": ""
        }, 
        {
            "segmentNumber": "29", 
            "he": [], 
            "links": [], 
            "text": ""
        }, 
        {
            "segmentNumber": "30", 
            "he": [], 
            "links": [], 
            "text": ""
        }, 
        {
            "segmentNumber": "31", 
            "he": [
                "התם יצרו תקפו -  תימה לעיל דאמר רב עובד כוכבים חס על בהמתו ורבי פדת נמי אית ליה ההוא שנוייא כדפרי' נימא יצרו תקפו מכ\"ש דפרה דדמיה יקרים י\"ל שאני הכא כיון דדמיה יקרים עומדת למכור לישראל וכיון שהוא ודאי מוכר הפרה וסבור הוא להעלים ואינו חושש כיון שיצרו תקפו:"
            ], 
            "links": [
                {
                    "category": "Talmud", 
                    "sourceHeRef": "עבודה זרה כ״ג א:ל״א", 
                    "sourceRef": "Avodah Zarah 23a:31", 
                    "ref": "Avodah Zarah 23a:31"
                }
            ], 
            "text": ""
        }
    ], 
    "commentaryBook": "Avodah Zarah", 
    "heRef": "תוספות על עבודה זרה כ״ג א", 
    "toSections": [
        "23a"
    ], 
    "sectionRef": "Tosafot on Avodah Zarah 23a", 
    "title": "Tosafot on Avodah Zarah 23a", 
    "lengths": [
        150, 
        7551
    ], 
    "next": "Tosafot on Avodah Zarah 23b:1", 
    "heBook": "תוספות על עבודה זרה", 
    "book": "Tosafot on Avodah Zarah", 
    "prev": "Tosafot on Avodah Zarah 22b:27", 
    "textDepth": 3, 
    "sectionNames": [
        "Daf", 
        "Line", 
        "Comment"
    ], 
    "sections": [
        "23a"
    ], 
    "commentator": "Tosafot", 
    "isComplex": false, 
    "commentaryCategories": [
        "Talmud", 
        "Bavli", 
        "Seder Nezikin"
    ], 
    "titleVariants": [
        "Tosafot on Talmud Avodah Zarah", 
        "Tosafot on Masekhet Avodah Zarah", 
        "Tosafot on Avoda Zara", 
        "Tosafot on Avodah Zara", 
        "Tosafot on Avoda Zarah", 
        "Tosafot on Avodah Zarah", 
        "Tosafot on Tractate Avodah Zarah"
    ], 
    "categories": [
        "Commentary", 
        "Talmud", 
        "Tosafot"
    ], 
    "ref": "Tosafot on Avodah Zarah 23a", 
    "type": "Commentary", 
    "addressTypes": [
        "Talmud", 
        "Integer", 
        "Integer"
    ], 
    "heCommentator": "תוספות", 
    "length": 150, 
    "indexTitle": "Tosafot on Avodah Zarah", 
    "heIndexTitle": "תוספות על עבודה זרה", 
    "alts": [], 
    "order": [
        26, 
        7
    ]
}