{
    "heTitleVariants": [
        " חידושי אגדות על מסכת בבא מציעא"
    ], 
    "heTitle": " חידושי אגדות על מסכת בבא מציעא ע״א א", 
    "content": [], 
    "heRef": " חידושי אגדות על מסכת בבא מציעא ע״א א", 
    "toSections": [
        "71a"
    ], 
    "sectionRef": "Chidushei Agadot on Bava Metzia 71a", 
    "title": "Chidushei Agadot on Bava Metzia 71a", 
    "next": "Chidushei Agadot on Bava Metzia 71b", 
    "heBook": " חידושי אגדות על מסכת בבא מציעא", 
    "book": "Chidushei Agadot on Bava Metzia", 
    "prev": "Chidushei Agadot on Bava Metzia 70b", 
    "textDepth": 2, 
    "sectionNames": [
        "Daf", 
        "Peirush"
    ], 
    "sections": [
        "71a"
    ], 
    "isComplex": false, 
    "titleVariants": [
        "Chidushei Agadot on Bava Metzia"
    ], 
    "categories": [
        "Commentary2", 
        "Talmud", 
        "Chidushei Agadot"
    ], 
    "ref": "Chidushei Agadot on Bava Metzia 71a", 
    "type": "Commentary2", 
    "addressTypes": [
        "Talmud", 
        "Integer"
    ], 
    "indexTitle": "Chidushei Agadot on Bava Metzia", 
    "heIndexTitle": " חידושי אגדות על מסכת בבא מציעא", 
    "alts": [], 
    "order": ""
}