{
    "heTitleVariants": [
        "תוספות על ב\"ק", 
        "תוספות על ב״ק", 
        "תוספות על בבא קמא"
    ], 
    "heTitle": "תוספות על בבא קמא ו׳ א", 
    "content": [
        {
            "segmentNumber": "1", 
            "he": [], 
            "links": [], 
            "text": ""
        }, 
        {
            "segmentNumber": "2", 
            "he": [], 
            "links": [], 
            "text": ""
        }, 
        {
            "segmentNumber": "3", 
            "he": [
                "אי לרב דאמר כו' לא גרסינן כדפירשנו לעיל:\n"
            ], 
            "links": [
                {
                    "category": "Talmud", 
                    "sourceHeRef": "בבא קמא ו׳ א:ג׳", 
                    "sourceRef": "Bava Kamma 6a:3", 
                    "ref": "Bava Kamma 6a:3"
                }
            ], 
            "text": ""
        }, 
        {
            "segmentNumber": "4", 
            "he": [], 
            "links": [], 
            "text": ""
        }, 
        {
            "segmentNumber": "5", 
            "he": [], 
            "links": [], 
            "text": ""
        }, 
        {
            "segmentNumber": "6", 
            "he": [], 
            "links": [], 
            "text": ""
        }, 
        {
            "segmentNumber": "7", 
            "he": [], 
            "links": [], 
            "text": ""
        }, 
        {
            "segmentNumber": "8", 
            "he": [], 
            "links": [], 
            "text": ""
        }, 
        {
            "segmentNumber": "9", 
            "he": [], 
            "links": [], 
            "text": ""
        }, 
        {
            "segmentNumber": "10", 
            "he": [], 
            "links": [], 
            "text": ""
        }, 
        {
            "segmentNumber": "11", 
            "he": [], 
            "links": [], 
            "text": ""
        }, 
        {
            "segmentNumber": "12", 
            "he": [
                "מה לבור שכן אין כח אחר מעורב בו - למאי דפריך דלא חשיב אש מעשיו גרמו לו לפי שהרוח מסייע לו ה\"מ למפרך הכא מה לבור שכן מעשיו גרמו לו תאמר באבנו וסכינו אלא לפי דפירכא שכן אין כח אחר מעורב בו חשיב טפי דהשתא ליכא למימר שור יוכיח אלא אש גרידא ולקמן גבי בור המתגלגל פריך מה לבור שכן מעשיו גרמו לו דלא שייך התם שכן אין כח אחר מעורב בו דהיכי נימא תאמר בור המתגלגל שכן כח אחר מעורב בו דמשמע דלא הוי בור אלא על ידי כח אחר וזה אינו שהרי נעשה בור בלא כח אחר משמניחו ברה\"ר:"
            ], 
            "links": [
                {
                    "category": "Talmud", 
                    "sourceHeRef": "בבא קמא ו׳ א:י״ב", 
                    "sourceRef": "Bava Kamma 6a:12", 
                    "ref": "Bava Kamma 6a:12"
                }
            ], 
            "text": ""
        }, 
        {
            "segmentNumber": "13", 
            "he": [], 
            "links": [], 
            "text": ""
        }, 
        {
            "segmentNumber": "14", 
            "he": [], 
            "links": [], 
            "text": ""
        }, 
        {
            "segmentNumber": "15", 
            "he": [], 
            "links": [], 
            "text": ""
        }, 
        {
            "segmentNumber": "16", 
            "he": [
                "לאתויי בור המתגלגל - בכל הספרים כתוב אי בהדי דקא אזלי קמזקי כחו הוא ופירש הקונטרס דלא גרס ליה וטעמא משום דאמרינן לקמן בהמניח (דף כז:) אין דרכן של בני אדם להתבונן בדרכים ובעל התקלה נמי אין לחייבו מטעם אדם המזיק אלא משום דחשיב כרוח מצויה והוי אשו ואין למוחקו בשביל כך דלענין כדי שלא ילכו כ\"כ בחוזק שיתיזו ויזיקו דרכו להתבונן שפיר ולהכי פריך כחו הוא ויתחייב המגלגל הכל ולא בעל . התקלה ואע\"ג דלגבי כלב שנטל החררה והלך לגדיש כו' (לקמן ד' כא:) ופריך בגמרא (ד' כג.) וליחייב בעל הגחלת נמי שהוא בעל התקלה היינו משום דכלב לאו בר דעה הוא אבל הכא המקלקל בר דעה הוא תדע דאם הדליק אש ובא אחר ושרף טלית חבירו או חפר בור ובא אחר ודחף שור חבירו לתוכו אין סברא שיתחייב בעל הבור או בעל האש והמגלגל ברגלי בהמה אם הזיק בהדי דאזלי יתחייבו שניהם בעל הבהמה ובעל התקלה והא דאמרינן לקמן בפרק הפרה (ד' נג:) שור ואדם שדחפו לבור לענין נזקין כולן חייבין דמשמע אפילו בעל הבור צריך לומר דמיירי אדם בלא כוונה דכיון דאין בכוונה כלל חייב בעל הבור כמו האדם והא דאמרינן (שם) לענין ד' דברים ודמי ולדות אדם חייב האי ד' דברים היינו נזק צער וריפוי ושבת אבל בושת אין חייב עד שיתכוין כדאמר בהחובל (לקמן ד' פו.) ולא הוי כארבעה דברים דלעיל דהתם לא חשיב נזק והא דאמר (לקמן נג:) לענין כופר ושלשים של עבד שור חייב צ\"ל דהיינו דוקא בכוונה אע\"ג דלא הוי דומיא דאדם דבשלא בכוונה ליכא כופר ושלשים של עבד כדאי' בשילהי שור שנגח ד' וה' (לקמן ד' מג.):"
            ], 
            "links": [
                {
                    "category": "Talmud", 
                    "sourceHeRef": "בבא קמא ו׳ א:ט״ז", 
                    "sourceRef": "Bava Kamma 6a:16", 
                    "ref": "Bava Kamma 6a:16"
                }
            ], 
            "text": ""
        }, 
        {
            "segmentNumber": "17", 
            "he": [], 
            "links": [], 
            "text": ""
        }, 
        {
            "segmentNumber": "18", 
            "he": [], 
            "links": [], 
            "text": ""
        }, 
        {
            "segmentNumber": "19", 
            "he": [], 
            "links": [], 
            "text": ""
        }, 
        {
            "segmentNumber": "20", 
            "he": [], 
            "links": [], 
            "text": ""
        }, 
        {
            "segmentNumber": "21", 
            "he": [], 
            "links": [], 
            "text": ""
        }, 
        {
            "segmentNumber": "22", 
            "he": [], 
            "links": [], 
            "text": ""
        }, 
        {
            "segmentNumber": "23", 
            "he": [], 
            "links": [], 
            "text": ""
        }, 
        {
            "segmentNumber": "24", 
            "he": [], 
            "links": [], 
            "text": ""
        }, 
        {
            "segmentNumber": "25", 
            "he": [], 
            "links": [], 
            "text": ""
        }, 
        {
            "segmentNumber": "26", 
            "he": [], 
            "links": [], 
            "text": ""
        }, 
        {
            "segmentNumber": "27", 
            "he": [], 
            "links": [], 
            "text": ""
        }, 
        {
            "segmentNumber": "28", 
            "he": [], 
            "links": [], 
            "text": ""
        }, 
        {
            "segmentNumber": "29", 
            "he": [], 
            "links": [], 
            "text": ""
        }, 
        {
            "segmentNumber": "30", 
            "he": [], 
            "links": [], 
            "text": ""
        }, 
        {
            "segmentNumber": "31", 
            "he": [], 
            "links": [], 
            "text": ""
        }, 
        {
            "segmentNumber": "32", 
            "he": [], 
            "links": [], 
            "text": ""
        }, 
        {
            "segmentNumber": "33", 
            "he": [], 
            "links": [], 
            "text": ""
        }, 
        {
            "segmentNumber": "34", 
            "he": [
                "מה לבור שכן שלא ברשות - דאפילו עשאו ברשות ואח\"כ הפקיר כיון שהפקיר היינו שלא ברשות:", 
                "תאמר בהני דברשות שור יוכיח וא\"ת למ\"ד  - תנא שור לרגלו היכי קאמר שור יוכיח דברשות חייב והא רגל לא מיחייב אלא ברשות הניזק ושם אין לו רשות וי\"ל כגון שהלך ברה\"ר והתיז והזיק ברה\"י דחייב כדאמרינן לקמן (דף יט.):"
            ], 
            "links": [
                {
                    "category": "Talmud", 
                    "sourceHeRef": "בבא קמא ו׳ א:ל״ד", 
                    "sourceRef": "Bava Kamma 6a:34", 
                    "ref": "Bava Kamma 6a:34"
                }, 
                {
                    "category": "Talmud", 
                    "sourceHeRef": "בבא קמא ו׳ א:ל״ד", 
                    "sourceRef": "Bava Kamma 6a:34", 
                    "ref": "Bava Kamma 6a:34"
                }
            ], 
            "text": ""
        }
    ], 
    "commentaryBook": "Bava Kamma", 
    "heRef": "תוספות על בבא קמא ו׳ א", 
    "toSections": [
        "6a"
    ], 
    "sectionRef": "Tosafot on Bava Kamma 6a", 
    "title": "Tosafot on Bava Kamma 6a", 
    "lengths": [
        236, 
        12050
    ], 
    "next": "Tosafot on Bava Kamma 6b:5", 
    "heBook": "תוספות על בבא קמא", 
    "book": "Tosafot on Bava Kamma", 
    "prev": "Tosafot on Bava Kamma 5b:16", 
    "textDepth": 3, 
    "sectionNames": [
        "Daf", 
        "Line", 
        "Comment"
    ], 
    "sections": [
        "6a"
    ], 
    "commentator": "Tosafot", 
    "isComplex": false, 
    "commentaryCategories": [
        "Talmud", 
        "Bavli", 
        "Seder Nezikin"
    ], 
    "titleVariants": [
        "Tosafot on Tractate Bava Kamma", 
        "Tosafot on Talmud Bava Kamma", 
        "Tosafot on Masekhet Bava Kamma", 
        "Tosafot on Bava Kamma", 
        "Tosafot on Bava Kama"
    ], 
    "categories": [
        "Commentary", 
        "Talmud", 
        "Tosafot"
    ], 
    "ref": "Tosafot on Bava Kamma 6a", 
    "type": "Commentary", 
    "addressTypes": [
        "Talmud", 
        "Integer", 
        "Integer"
    ], 
    "heCommentator": "תוספות", 
    "length": 236, 
    "indexTitle": "Tosafot on Bava Kamma", 
    "heIndexTitle": "תוספות על בבא קמא", 
    "alts": [], 
    "order": [
        20, 
        1
    ]
}