[{
    "links": [], 
    "text": "", 
    "heTitleVariants": [
        "דעת תבונות", 
        "ספר דעת תבונות"
    ], 
    "heTitle": "דעת תבונות", 
    "heRef": "דעת תבונות קי״ב", 
    "toSections": [
        112
    ], 
    "sectionRef": "Da'at Tevunoth", 
    "next": null, 
    "book": "Da'at Tevunoth", 
    "prev": null, 
    "textDepth": 1, 
    "sectionNames": [
        "Number"
    ], 
    "sections": [
        112
    ], 
    "isComplex": false, 
    "titleVariants": [
        "Da'at Tevunoth", 
        "Da'ath Tevunoth", 
        "Da'at Tevunot", 
        "Daat Tevunot"
    ], 
    "categories": [
        "Kabbalah"
    ], 
    "he": "(סה) אמרה הנשמה - דבר דבריך:", 
    "ref": "Da'at Tevunoth 112", 
    "type": "Kabbalah", 
    "addressTypes": [
        "Integer"
    ], 
    "indexTitle": "Da'at Tevunoth", 
    "heIndexTitle": "דעת תבונות", 
    "alts": [], 
    "order": ""
}]