{
    "content": [
        {
            "segmentNumber": "1", 
            "he": "[א] \"וכי תשיג יד גר ותושב עמך\"-- מי גרם לזה שיעשיר? דבוקו עמך. \"ומך אחיך עמו\"-- מי גרם לזה שיעני? דבוקו עמו. \"ונמכר לגר\", זה גר צדק; \"..תושב\"-- זה גר אוכל נבלות.   \"משפחת גר\"-- זה העכו\"ם.   כשהוא אומר \"או לעקר..\"-- זה הנמכר לעכו\"ם עצמה. בא ואמר לו \"הרי אני נמכר!\", יכול הזקק לו? תלמוד לומר \"אחרי נמכר\"-- הא אין אתה נזקק לו אלא משימכר. \"גאולה תהיה לו\"-- מיד; אל תניחנו שיטמע. מנין שאחיו מאביו קודם לאחיו מאמו? תלמוד לומר \"אחד מאחיו יגאלנו\".", 
            "text": "1)\t(25:47) (\"And if the hand of a stranger and sojourner attain with you, and your brother grow poor with him, and he be sold to the stranger sojourning with you or to the uprooted of the family of a stranger,\") \"And if the hand of a stranger and sojourner attain with you\": What caused him to grow rich? His attachment to you. \"and your brother grow poor with him.\" What caused him to grow poor? His attachment to him. \"and he be sold to the stranger\": This is a righteous convert. \"sojourner\": This is a convert who eats carcass. \"the family of a stranger\": This is a gentile. \"or to the uprooted\": To include one who is sold to idolatry itself. (25:48) (\"After he is sold, redemption shall there be for him; one of his brothers shall redeem him.\") If one came and said to him (his kin): \"I will sell myself\" (if you do not help me), I might think that he must help him; it is, therefore, written \"After he is sold\" — he is to be helped only after he is sold. \"redemption shall there be for him\": immediately — do not allow him to become assimilated. Whence is it derived that his paternal brother takes precedence to his maternal brother (vis-à-vis redemption)? From \"one of his brothers shall redeem him.\""
        }, 
        {
            "segmentNumber": "2", 
            "he": "[ב] \"דודו\"-- זה אחי אביו. \"בן דודו\"-- זה בן אחי אביו. \"או משאר בשרו ממשפחתו\"-- מלמד שהקרוב קודם.", 
            "text": "2)\t(25:49) (\"Or his uncle, or his uncle's son shall redeem him; or those of his near of kin of his family shall redeem him; or if his hand attain, he shall be redeemed.\") \"his uncle\": This is his father's brother; \"his uncle's son\": This is the son of his father's brother. \"or those of his near of kin of his family\": This teaches that the nearest of kin takes precedence."
        }, 
        {
            "segmentNumber": "3", 
            "he": "[ג] \"או השיגה ידו\"-- יד עצמו.  \"ונגאל\"-- ביד כל אדם. מה תלמוד לומר? \"יגאלנו\" \"יגאלנו\" שלשה פעמים? לרבות את כל הגאולות שיהיו כסדר הזה.", 
            "text": "3)\t\"or if his hand attain\": his own hand. \"and he shall be redeemed\": by all men. Why is \"shall redeem him\" mentioned three times? To include all redemptions (in addition to his own, i.e., those of houses in open cities and of fields of holding) in this order (of precedence)."
        }, 
        {
            "segmentNumber": "4", 
            "he": "[ד] \"וחשב עם קונהו\"-- ולא יורשי קונהו. \"משנת המכרו לו עד שנת היובל\"-- אינו יוצא בשש. \"והיה כסף ממכרו במספר שנים כימי שכיר יהיה עמו\"-- בכסף הוא נגאל ואינו נגאל בתבואה ולא בכלים.", 
            "text": "4)\t(25:50) (\"And he shall reckon with his buyer from the year that he was sold to him until the Yovel year. And the money of his selling shall be according to the number of years. According to the days of a hired man shall he be with him.\") \"And he shall reckon with his buyer\": and not with the heirs (of his buyer). \"from the year that he was sold until the Yovel year\": He does not go out in the sixth year. \"And the money of his selling shall be according to the number of years. According to the days of a hired man shall he be with him.\": He is acquired with money, and not with grain or vessels."
        }, 
        {
            "segmentNumber": "5", 
            "he": "[ה] ומנין שהוא יוצא בגרעון כסף? תלמוד לומר \"אם עוד רבות בשנים לפיהן ישיב גאולתו מכסף מקנתו\". מנין אתה אומר, נמכר לו ממנה מנה, והשביח, והרי הוא יפה ממאתים מאתים כסף; מנין שאין מחשב אלא ממנה מנה? תלמוד לומר (ויקרא כה, נא) 'מכסף מקנתו ישיב'. נמכר לו ממאתים מאתים כסף, ואינו יפה אלא ממנה מנה; מנין שאינו מחשב אלא ממנה מנה? תלמוד לומר (ויקרא כה, נב) \"כפי שניו ישיב את גאולתו\".", 
            "links": [
                {
                    "category": "Tanakh", 
                    "index_title": "Leviticus", 
                    "sourceHeRef": "ויקרא כ״ה:נ״א", 
                    "sourceRef": "Leviticus 25:51"
                }, 
                {
                    "category": "Tanakh", 
                    "index_title": "Leviticus", 
                    "sourceHeRef": "ויקרא כ״ה:נ״ב", 
                    "sourceRef": "Leviticus 25:52"
                }
            ], 
            "text": "5)\t(25:51) (\"If there are yet many in the years, according to them shall he return his redemption from the money of his acquisition.\") And whence is it derived that he goes out by deduction of money (i.e., by deducting the value of the years that he worked from that of the years until Yovel and giving that as redemption)? From \"If there are yet many in the years, according to them shall he return his redemption from the money of his acquisition.\" Whence is it derived that if he were sold to him for one hundred a year and he increased in value and is now worth two hundred a year — whence is it derived that (for purposes of redemption) he is reckoned at one hundred a year? From \"he shall return his redemption from the money of his acquisition.\" (25:52) (\"And if few are left in the years until the Yovel year, then he shall reckon with him. According to his years shall he return his redemption.\") If he were sold to him for two hundred a year and he is now worth only one hundred a year, whence is it derived that he is reckoned at one hundred a year? From \"According to his years shall he return his redemption.\""
        }, 
        {
            "segmentNumber": "6", 
            "he": "[ו] למדנו לנמכר לעכו\"ם כשהוא נגאל, ידו על העליונה. מנין לנמכר לישראל כשהוא נמכר, ידו על העליונה? תלמוד לומר \"שכיר\" \"שכיר\" (ויקרא כה, נג) (ויקרא כה, מ) לגזירה שוה: מה \"שכיר\" האמור לעכו\"ם-- כשהוא נגאל ידו על העליונה, אף \"שכיר\" האמור לישראל-- ידו על העליונה.", 
            "links": [
                {
                    "category": "Tanakh", 
                    "index_title": "Leviticus", 
                    "sourceHeRef": "ויקרא כ״ה:נ״ג", 
                    "sourceRef": "Leviticus 25:53"
                }, 
                {
                    "category": "Tanakh", 
                    "index_title": "Leviticus", 
                    "sourceHeRef": "ויקרא כ״ה:מ׳", 
                    "sourceRef": "Leviticus 25:40"
                }, 
                {
                    "category": "Tanakh", 
                    "index_title": "Deuteronomy", 
                    "sourceHeRef": "דברים ט״ו:י״ח", 
                    "sourceRef": "Deuteronomy 15:18"
                }
            ], 
            "text": "6)\t— whence we derive that one who was sold to a gentile has the upper hand (in the reckoning). Whence is it derived that when he is sold to a Jew, when he is redeemed he has the upper hand? From \"hired man\" (here) - \"hired man\" (Devarim 15:18, with respect to one who is sold by beth-din) — a gezeirah shavah (identity) — Just as with \"hired man\" mentioned in respect to (his being sold to) a gentile, he (the servant) has the upper hand (in his redemption), so, with \"hired man\" mentioned in respect to (his being sold to) a Jew, he (the servant) has the upper hand in his redemption."
        }, 
        {
            "segmentNumber": "7", 
            "he": "[ז] \"כשכיר שנה בשנה יהיה עמו\"-- מה שהוא אוכל, הוא אוכל; ומה שהוא שותה, הוא שותה.", 
            "text": "7)\t(25:22) (\"As a hired man, year by year, shall he be with him; he shall not rule over him oppressively before your eyes.\") — What he (the master) eats, he (the servant) eats; what he drinks, he drinks."
        }, 
        {
            "segmentNumber": "8", 
            "he": "[ח] \"לא ירדנו בפרך\"-- יכול יכנס לביתו לידע מה הוא עושה לו? תלמוד לומר \"לעיניך\"-- אין אתה מצווה אלא לעיניך. ", 
            "text": "8)\t\"He shall not rule over him oppressively\": I might think that one should enter his (the gentile's) house to discover what is being done to him (the servant); it is, therefore, written \"before your eyes\" — You are commanded only in respect to what you see before your eyes.\n"
        }
    ], 
    "heTitle": "ספרא, בהר, פרק ח", 
    "indexTitle": "Sifra", 
    "sectionRef": "Sifra, Behar, Chapter 8", 
    "prev": "Sifra, Behar, Section 6", 
    "ref": "Sifra, Behar, Chapter 8", 
    "heRef": "ספרא, בהר, פרק ח", 
    "next": "Sifra, Behar, Chapter 9"
}