{
    "heTitleVariants": [
        "עקדת יצחק"
    ], 
    "heTitle": "עקדת יצחק", 
    "heRef": "עקדת יצחק צ״ד", 
    "toSections": [
        94
    ], 
    "sectionRef": "Akeidat Yitzchak 94", 
    "next": "Akeidat Yitzchak 95", 
    "content": [
        {
            "segmentNumber": "1", 
            "he": "", 
            "links": [], 
            "text": "\"You shall surely tithe\""
        }, 
        {
            "segmentNumber": "2", 
            "he": "", 
            "links": [], 
            "text": "The Talmud Makkot 27, relates: The Sanhedrin, Supreme Court, made three decrees which were approved by the celestial Court subsequently."
        }, 
        {
            "segmentNumber": "3", 
            "he": "", 
            "links": [
                {
                    "category": "Tanach", 
                    "sourceHeRef": "אסתר ט׳:כ״ז", 
                    "sourceRef": "Esther 9:27", 
                    "ref": "Esther 9:27"
                }, 
                {
                    "category": "Tanach", 
                    "sourceHeRef": "דברי הימים ב ל״א:ה׳", 
                    "sourceRef": "II Chronicles 31:5", 
                    "ref": "II Chronicles 31:5"
                }, 
                {
                    "category": "Tanach", 
                    "sourceHeRef": "רות ב׳", 
                    "sourceRef": "Ruth 2", 
                    "ref": "Ruth 2"
                }, 
                {
                    "category": "Tanach", 
                    "sourceHeRef": "שופטים ו׳:י״ב", 
                    "sourceRef": "Judges 6:12", 
                    "ref": "Judges 6:12"
                }
            ], 
            "text": "1) Public reading of megillat Esther on an annual basis. It says in Esther 9,27, \"the Jews confirmed and took upon themselves,\" meaning their observance was approved from on high, because they had accepted it down below. 2) The giving of tithes of such products as vegetables. This law was not written in the Torah which requires tithes to be given only from dagan, cereal products, grapes and oil. We read in Chronicles II 31,5, \"in accordance with the king's urgings, the Israelites brought large quantities of their grain, wine and oil tithes.\" In Maleachi 3,10, we read \"bring all the tithes to the treasure house, and it shall be food in My house.\" 3) The use of the Lord's name in greeting between people. (Ruth 2) \"Boaz would say to the harvesters \"may Gd be with you,\" and they would reply \"may the Lord bless you.\" We read in Judges 6,12 \"and the angel of G'd said to Gideon \"may the Lord be with you, man of valour.\""
        }, 
        {
            "segmentNumber": "4", 
            "he": "", 
            "links": [], 
            "text": "Why did the book of Judges have to report this greeting by the angel? In case we thought that Boaz had acted without Heavenly approval in using the name of the Lord, this shows that Heaven approved his conduct."
        }, 
        {
            "segmentNumber": "5", 
            "he": "", 
            "links": [
                {
                    "category": "Tanach", 
                    "sourceHeRef": "בראשית י״ח:י״ח", 
                    "sourceRef": "Genesis 18:18", 
                    "ref": "Genesis 18:18"
                }
            ], 
            "text": "While it is a truism that G'ds love for man preceded man's love for Him,- since without the ability to recognise certain truths  man could never hope to become a servant of the Lord,- such demonstration of G'ds love for man did not prejudice man's freedom of choice. When we read in Genesis 18, 18, \"I have loved him...so that he will command his sons and his household after him to observe the way of the Lord to do righteousness and justice,\" G'd means that He has created man in a manner that would insure that man would instruct his offspring to observe traditional values. By the same token, however, man has also been equipped in a manner that enables him to reject the ways of G'd so that he can enjoy true freedom of choice."
        }, 
        {
            "segmentNumber": "6", 
            "he": "", 
            "links": [], 
            "text": "The references to man as beloved of G'd do not mean that the love of G'd was demonstrated before its recipient had demonstrated some personal accomplishment in the field of yir-at shamayim, fear of Heaven."
        }, 
        {
            "segmentNumber": "7", 
            "he": "", 
            "links": [], 
            "text": "All men are created with equal opportunity in this respect, though G'd provides blandishments to attract those who choose His way, whereas no incentives are provided for the potential sinner."
        }, 
        {
            "segmentNumber": "8", 
            "he": "", 
            "links": [], 
            "text": "The fact that we find ba-aley teshuvah, repentant sinners on the one hand and on the other hand one encounters people who have lived a devout life most of their years only to suddenly forsake that path, shows clearly that we are all free agents in this respect."
        }, 
        {
            "segmentNumber": "9", 
            "he": "", 
            "links": [
                {
                    "category": "Tanach", 
                    "sourceHeRef": "תהילים פ״ה:י״ב", 
                    "sourceRef": "Psalms 85:12", 
                    "ref": "Psalms 85:12"
                }, 
                {
                    "category": "Tanach", 
                    "sourceHeRef": "מלכים א ג׳:ו׳", 
                    "sourceRef": "I Kings 3:6", 
                    "ref": "I Kings 3:6"
                }
            ], 
            "text": "The initial amount of Divine love each person is endowed with at birth, is augmented as man pursues the path of righteousness. emet me-eretz titzmach, truth grows from the earth. (Psalms 85,12) This means the recognition of truth is rooted in our world. \"Righteousness however, is subsequently looking down from above.\" Solomon's prayer at the beginning of his career, (Kings I 3,6) is the best illustration of our contention. Solomon said: \"You have done great kindness with Your servant David my father, when he walked before You in truth and righteousness and with upright heart; You preserved this kindness for him, and gave him a son who sits on his throne as of this day.\" Solomon talks of two acts of kindness by G'd. The first is the kindness extended to all men at birth, the second that which accrued due to David's personal conduct. In chapter sixteen we have explained in detail why in the case of Abraham, G'ds special love is reported before we know of Abraham's good deeds. The initial endowment of man by G'd at birth can be divided into three categories."
        }, 
        {
            "segmentNumber": "10", 
            "he": "", 
            "links": [], 
            "text": "1)\tThe physical aspect; the gift of life, a sound body. 2) Endowment with certain character tendencies that will help to smooth his path in life. 3) Endowment with certain intellectual powers. When we quoted the Talmud in Makkot at the outset, the three types of decrees the rabbis instituted may reflect these three categories."
        }, 
        {
            "segmentNumber": "11", 
            "he": "", 
            "links": [], 
            "text": "(1)\tThe reading of the megillah annually, is an act of appreciation that our physical lives had been preserved at the time of Haman. When Jews found that this basic gift of G'd had become endangered, they did penitence, a gift G'd had granted mankind prior to man having been created. This act therefore awakens the bond that links man to G'd. By fasting, i.e. denying oneself the needs of the body, Jews atoned for having indulged their bodies at the feast of Ahasverus some years previously."
        }, 
        {
            "segmentNumber": "12", 
            "he": "", 
            "links": [], 
            "text": "(2)\tWhen the Rabbis expanded the tithes legislation, they imposed restraints on certain character traits, primarily greed. The giving of alms is proof that one is able to restrain one's natural greed. Once man makes a move in this direction, he can be sure that G'ds kindness will respond in equal or even far greater measure. Also, the dispensation of alms, tithes, on a regular basis, eventually results in such acts of kindness becoming part of our very nature. When one observes good deeds being performed, one cannot always be sure of the motive of the person performing such good deeds. It may be an outgrowth of a mature personality, or it may still be motivated by ulterior considerations. The only criterion that offers guidance in this respect is the donor's facial expression at the time he performs the deed of kindness. If he seems to genuinely enjoy performing the deed, we can be sure he has attained the personality level when this mitzvah has become a natural for him. Such a person is called nadiv, generous, the other kind is merely called noten, a donor."
        }, 
        {
            "segmentNumber": "13", 
            "he": "", 
            "links": [
                {
                    "category": "Tanach", 
                    "sourceHeRef": "דברי הימים א כ״ט:י״ז", 
                    "sourceRef": "I Chronicles 29:17", 
                    "ref": "I Chronicles 29:17"
                }
            ], 
            "text": "David expressed this thought very clearly in Chronicles I 29,17. After having acknowledged that all the silver and gold man has amassed is in truth G'ds, he continues \"and I am aware my Lord that you examine the heart, that you are desirous of uprightness; I have donated all these items from the uprightness of my heart; and now Your people present here, I have observed that they donate for You joyfully.\" G'd can tell motivation by examining the heart. David only has the venue of watching people's faces when they make their donations to tell how genuine their motivation may be."
        }, 
        {
            "segmentNumber": "14", 
            "he": "", 
            "links": [], 
            "text": "The verse commencing with the words asser te-asser, tithe repeatedly, (14,22) just like the words naton titten, give repeatedly, (14, 10) reminds us that only repeated action of that kind leads to generous gestures becoming second nature to us. Alternately, the repetition could mean that for every act of generosity we perform, a compensating act is performed in Heaven."
        }, 
        {
            "segmentNumber": "15", 
            "he": "", 
            "links": [], 
            "text": "(3)\tOffering greetings by using the name of G'd, indicates man's intellectual awareness that without the blessing of G'd and our proximity to Him, all our intellectaul powers would be to no avail. Here too, once the recognition and practical expression of this truth has been demonstrated by man, Heaven in turn, responds and ensures that man will not lose that awareness, but will feel ever closer to G'd. The reply by Boaz's farmhands \"may the Lord bless you,\" then expressed their wish that Boaz who had displayed this awareness by his own initiative, would be granted further blessing by hashem as a result."
        }, 
        {
            "segmentNumber": "16", 
            "he": "", 
            "links": [], 
            "text": "Some problems in the text of our Parshah."
        }, 
        {
            "segmentNumber": "17", 
            "he": "", 
            "links": [
                {
                    "category": "Talmud", 
                    "sourceHeRef": "תענית ט׳ א", 
                    "sourceRef": "Taanit 9a", 
                    "ref": "Taanit 9a"
                }, 
                {
                    "category": "Talmud", 
                    "sourceHeRef": "נדרים ס״ב א", 
                    "sourceRef": "Nedarim 62a", 
                    "ref": "Nedarim 62a"
                }
            ], 
            "text": "1)\tHow do we explain the statement in Taanit 9, that the meaning of asser te-asser is \"give tithes in order that you will be enriched?\" This statement seems completely at variance with our outlook, when the same Talmud in Nedarim 62, teaches \"man should not say that he is studying Torah in order to become rich,\" and the same no doubt applies to the performance of other mitzvot?"
        }, 
        {
            "segmentNumber": "18", 
            "he": "", 
            "links": [], 
            "text": "2)\tIf the Torah says on the one hand \"so that there will not be a destitute amongst you\" (15,4), and in verse eleven of the same chapter the Torah says \"but the destitute will not cease in your land,\" how does one reconcile these two statements?"
        }, 
        {
            "segmentNumber": "19", 
            "he": "", 
            "links": [], 
            "text": "3)\tVerse seventeen states \"and he shall be your servant forever, and also to your servant maid you shall do likewise.\" This line needs elaboration."
        }, 
        {
            "segmentNumber": "20", 
            "he": "", 
            "links": [], 
            "text": "4)\tWhat is meant in verse eighteen by the words \"for he has served you twofold during the six years?\""
        }, 
        {
            "segmentNumber": "21", 
            "he": "", 
            "links": [
                {
                    "category": "Talmud", 
                    "sourceHeRef": "תענית ט׳ א", 
                    "sourceRef": "Taanit 9a", 
                    "ref": "Taanit 9a"
                }
            ], 
            "text": "(1)\tThe Talmud in Taanit 9, relates that once, when Rabbi Yochanan met the young Rabbi Shimon ben Lakish, he asked him what verse of scripture he had learned that day. The boy replied \"asser te-asser.” The boy then asked Rabbi Yochanan to explain the verse to him, and the latter explained asser bishvil she-titasher, give tithes in order that you may become rich. Thereupon the boy asked Rabbi Yochanan \"who has given permission to put G'd to the test\"? Rabbi Yochanan told him in the name of Rabbi Oshiyah that this instance is an exception. The prophet Maleachi declares in the name of G'd: \"bring all your tithes to the treasury of G'd, and if you try Me in this way, watch if I will not open for you all the windows of heaven and pour out a blessing of infinite dimension.\" (Maleachi 3,10) The boy said: \"if I had already studied this verse, I would not have needed Rabbi Oshiyah to explain this to me.\""
        }, 
        {
            "segmentNumber": "22", 
            "he": "", 
            "links": [
                {
                    "category": "Tanach", 
                    "sourceHeRef": "משלי כ״ד:י״א", 
                    "sourceRef": "Proverbs 24:11", 
                    "ref": "Proverbs 24:11"
                }
            ], 
            "text": "Something which appears impossible when viewed within a narrow context, may nevertheless be found possible when viewed within a larger context. Although in Proverbs 24,11, Solomons states \"sometimes dispersal may result in additional accumulation,\" meaning that even in accordance with natural law, there can be results which seem quite the opposite of what the original action had called for, we need to approach the problem on a different plane."
        }, 
        {
            "segmentNumber": "23", 
            "he": "", 
            "links": [], 
            "text": "Although according to the ways of providence, i.e. hashgachah peratit, the trial method is forbidden, when one combines both principles known from natural law and principles of hashgachah peratit, the statement of our sages will be seen to be correct. Remembering that deeds performed on a regular basis, make such deeds second nature to the one who performs them regularly, i.e. they become natural and therefore evoke responses from G'd as a kind of encouragement, the receipt of ever increasing quantities of G'ds largesse will not be seen as something unusual. It is essential that the primary motivation for performing the good deed, i.e. tithing, had not been the reward expected."
        }, 
        {
            "segmentNumber": "24", 
            "he": "", 
            "links": [
                {
                    "category": "Talmud", 
                    "sourceHeRef": "ברכות ג׳ א", 
                    "sourceRef": "Berakhot 3a", 
                    "ref": "Berakhot 3a"
                }, 
                {
                    "category": "Tanach", 
                    "sourceHeRef": "במדבר ה׳:י׳", 
                    "sourceRef": "Numbers 5:10", 
                    "ref": "Numbers 5:10"
                }
            ], 
            "text": "The result of generous behaviour then is the exact opposite of the miser described in Berachot 3, who became progressively more impoverished until he was described as kohen, i.e. the recipient of hand outs instead of remaining a donor. The Talmud based this interpretation on the verse in Numbers 5,10, \"a man's holy things will remain his.\""
        }, 
        {
            "segmentNumber": "25", 
            "he": "", 
            "links": [], 
            "text": "The child in our story had already recognised that in money matters, the apparent paradox is true., i.e miserliness results in loss of one's wealth. Generosity to the poor, on the other hand will result in increasing wealth. It is the acquisition of the good and moral characteristics that result in G'ds response, not the experiment to test G'ds keeping His promise. It also teaches that trying to hold on to one's money is no insurance against loss. The Midrash in Parshat Eykev describes Rabbi Pinchas as getting rid of the mice in a mice infested town by persuading the inhabitants to give their tithes. -lema-an tifmad le-yir-ah, in order that you may learn to fear. This mitzvah is designed to implant true yir-at shamayim, since the giving away of hard earned produce needs disciplining oneself, something that man can only achieve through steady habit. When the unexpected result is increased wealth instead of impoverishment, true faith in G'd will be acquired"
        }, 
        {
            "segmentNumber": "26", 
            "he": "", 
            "links": [], 
            "text": "The shemittah legislation (law to let your field lie fallow every seven years) follows, as well as the laws about not demanding repayment of overdue interest free loans which have been cancelled by the advent of the shemittah year. These are all additional demands made on the Jew to train him in the habit of foregoing what he might rightfully have considered his. Permission to charge gentiles interest on loans extended to them, and not to release overdue loans in the shemittah year, is a concession to our natural instincts. Only in this way can one prove one's restraint in money matters when dealing with a fellow Jew."
        }, 
        {
            "segmentNumber": "27", 
            "he": "", 
            "links": [], 
            "text": "There is, however, a proviso. Should you be afraid that the calls on your willingness to extend interest free loans will become too frequent, and will occur at times when the borrower can easily avail himself of the shemittah year cancelling his indebtednes to you, the Torah assures the potential lender \"there will hardly be a destitute person since the Lord will bless you collectively.\" No one will be that destitute that he has to default on loans extended to him. Therefore, you will not really face any losses due to this legislation. In effect, therefore, what sounds at first glance like a colossal demand on our generosity, will in fact prove to be quite minor and insignificant."
        }, 
        {
            "segmentNumber": "28", 
            "he": "", 
            "links": [], 
            "text": "Therefore, the Torah continues \"if you will listen,\" you will be in a position to extend loans to many nations, have spare capital that you can employ profitably."
        }, 
        {
            "segmentNumber": "29", 
            "he": "", 
            "links": [], 
            "text": "(2)\t\"There will not cease to be destitutes in the land\" This refers to gentiles, the ones to whom you can lend charging interest. . However, there will not be destitutes amongst you, meaning your own fellow Jews. \"You will rule over many nations, and they will not rule over you.\" (15,6) If you have to assert your authority over your own people instead of asserting it over other nations, that is a tragedy, not a blessing. U-vecha lo yimsholu. The meaning of these words is \"no overlordship of one Jew over another Jew.\" This is also the subject matter of the High Priest's prayer on the Day of Atonement when he enters the sanctuary."
        }, 
        {
            "segmentNumber": "30", 
            "he": "", 
            "links": [], 
            "text": "Details about the character building properties of the shemittah legislation, have been discussed in chapter sixty nine. All the examples the Torah lists in the event ki yihyeh becha evyon, if there is a destitute in your midst, are based on the assumption of ki yihyeh becha chet, if sin is rampant amongst you, if you are remiss in some way. Economic hardship amongst you is evidence of social wrongs being committed within your society, such as non observance of the shemittah legislation or the ma-asser legislation. Should you fail to respond to the request of the poor,- though he may not be in a position to demand something from you legally,- and should he complain to G'd about your attitude, about G'd having granted wealth to such tightfisted people, his plea will result in ve-hayah becha chet, sin will be found in you. You will then be to blame for the chilul hashem, desecration of the Lord's name by causing the poor to question G'ds justice! Therefore, the Torah urges you not only to give, but to give gladly!"
        }, 
        {
            "segmentNumber": "31", 
            "he": "", 
            "links": [], 
            "text": "When the Torah says al yera levavcha betitcha lo, do not be displeased when you donate to him, this refers to those people to whom \"giving\" has not yet become a habit."
        }, 
        {
            "segmentNumber": "32", 
            "he": "", 
            "links": [
                {
                    "category": "Tanach", 
                    "sourceHeRef": "דברי הימים א כ״ט:ט׳", 
                    "sourceRef": "I Chronicles 29:9", 
                    "ref": "I Chronicles 29:9"
                }
            ], 
            "text": "After the third time, one establishes a habit, i.e. chazakah. The Talmud on this matter can be understood quite literally. The first donation, being an exceptional act, hardly counts in establishing a pattern of giving. The second donation may arouse feelings of displeasure. Only by the time one donates a third time, can the act be construed as truly positive, from a character building point of view. From that point on, the satisfaction felt when giving increases. See Chronicles I, 29, 9, \"the people rejoiced when they donated.\""
        }, 
        {
            "segmentNumber": "33", 
            "he": "", 
            "links": [], 
            "text": "Since these actions are character building, the Torah says \"for the sake of this thing the Lord will bless you in all your undertakings.\""
        }, 
        {
            "segmentNumber": "34", 
            "he": "", 
            "links": [], 
            "text": "(15,10)\tThe word ma-assim, unless applied to specific actions, always means deeds that are character building, ki lo yechdal becha evyon, \"for there will never be an absence of destitutes.\" The presence of the destitute enables the wealthy to improve his character. We observe many people who feel superior when they see a poor man in tattered clothing; people feel superior when they encounter someone of unbalanced mind. This is wrong, of course, and one way of curing a person from such a distorted viewpoint is to enjoin him to help the destitute in such manner as to bring him up to his own socio economic level. (dey machsoro, verse 8) One's attitude should not be one of revulsion at having to help an inferior person, and by so doing wiping out the social gap between him and you. The destitute gentile in your country then will be the catalyst that ensures that you do not allow a fellow Jew to fall into economic distress."
        }, 
        {
            "segmentNumber": "35", 
            "he": "", 
            "links": [], 
            "text": "If a situation has arisen however, when a fellow Jew has been sold into service to you, your treatment of him must demonstrate that you do not view him as inferior to you in any way. (Kidushim  15) He does nof receive inferior food, perform menial tasks, have inferior bedding, or even drink poorer quality wine. You also provide him with capital so that he can establish himself independently once his years in your employ are over."
        }, 
        {
            "segmentNumber": "36", 
            "he": "", 
            "links": [], 
            "text": "Since all this sounds quite demanding, the Torah adds a rationale. \"Remember! you yourself used to be a slave in Egypt; the Lord your G'd freed you. Therefore, I can command you this matter this day!\" (verse 15) The recollection of the Jewish experience in Egypt serves two purposes. 1) G'd who became your Master is entitled to order you to do the things that are easy as well as the ones that seem hard on you. 2) Your experience enables you to feel empathy with slaves and to understand their despair. This will help you to do what is asked of you."
        }, 
        {
            "segmentNumber": "37", 
            "he": "", 
            "links": [], 
            "text": "(3)\tIf you treat the servant in the manner the Torah prescribes, he may at the end of the term of service have grown to love you, and be anxious to remain your servant for the rest of his life. If this thought prompted you to treat him so, remember you have to treat a servant maid in the same manner, although in her case, continued service in your household under such conditions is not permitted."
        }, 
        {
            "segmentNumber": "38", 
            "he": "", 
            "links": [], 
            "text": "(4)\tWhichever way things turn out, the end of the term of service should not become a source of bad feeling for you. Since a day labourer hires himself out only for the daylight hours, the night being completely his own, the situation of the servant who must remain in service during six years makes him subservient to you at nightime also. Should his employer call on him to perform certain tasks at night, the servant is obliged to do so. In this way the servant really rendered the master double the service of a hired hand, mishneh sechar sachir, that an ordinary labourer would render for that amount of pay."
        }, 
        {
            "segmentNumber": "39", 
            "he": "", 
            "links": [], 
            "text": "The passage commencing with verse nineteen, warns against abuses of the firstborn that can occur easily through oversight. Either the priest works the animal before he slaughters it, or the owner has worked it before handing it over to the priest. Other aspects of this passage have been dealt with on the occasion the subject had first come up. Ve-hayita ach sameach, be only joyful. The word \"only\" reveals that joy must not replace \"fear,\" reverence, but that the two have to go hand in hand. The expression ach is always a limitation of some kind. The commandment of the pilgrimage to Jerusalem is to accomplish three purposes. 1) To thank G'd for our liberation from Egypt. 2) Renewed experience of the miracles constantly occurring in Jerusalem, which strengthen one's faith. 3) Strengthening the feeling of brotherhood among the entire nation. Socialising on joyous occasions helps reinforce this bond. This occurs in even greater degree every seven years at hak-hel, when not only the males but the entire nation meets in Jerusalem for the festival of sukkot, Tabernacles.\n"
        }
    ], 
    "book": "Akeidat Yitzchak", 
    "prev": "Akeidat Yitzchak 93", 
    "textDepth": 2, 
    "sectionNames": [
        "Gate", 
        "Paragraph"
    ], 
    "sections": [
        94
    ], 
    "isComplex": false, 
    "titleVariants": [
        "Akeidat Yitzchak"
    ], 
    "categories": [
        "Parshanut"
    ], 
    "ref": "Akeidat Yitzchak 94", 
    "type": "Parshanut", 
    "addressTypes": [
        "Integer", 
        "Integer"
    ], 
    "indexTitle": "Akeidat Yitzchak", 
    "heIndexTitle": "עקדת יצחק", 
    "alts": [], 
    "order": ""
}