{
    "heTitleVariants": [
        "עקדת יצחק"
    ], 
    "heTitle": "עקדת יצחק", 
    "heRef": "עקדת יצחק י״ט", 
    "toSections": [
        19
    ], 
    "sectionRef": "Akeidat Yitzchak 19", 
    "next": "Akeidat Yitzchak 20", 
    "content": [
        {
            "segmentNumber": "1", 
            "he": "", 
            "links": [
                {
                    "category": "Midrash", 
                    "sourceHeRef": "בראשית רבה מ״ח", 
                    "index_title": "Bereishit Rabbah", 
                    "sourceRef": "Bereishit Rabbah 48"
                }, 
                {
                    "category": "Tanakh", 
                    "sourceHeRef": "ישעיהו ל״ג:ט״ו", 
                    "index_title": "Isaiah", 
                    "sourceRef": "Isaiah 33:15"
                }, 
                {
                    "category": "Tanakh", 
                    "sourceHeRef": "בראשית י״ח:י״ט", 
                    "index_title": "Genesis", 
                    "sourceRef": "Genesis 18:19"
                }, 
                {
                    "category": "Tanakh", 
                    "sourceHeRef": "שיר השירים א׳", 
                    "index_title": "Song of Songs", 
                    "sourceRef": "Song of Songs 1"
                }, 
                {
                    "category": "Tanakh", 
                    "sourceHeRef": "בראשית י״ד:כ״ג", 
                    "index_title": "Genesis", 
                    "sourceRef": "Genesis 14:23"
                }, 
                {
                    "category": "Tanakh", 
                    "sourceHeRef": "בראשית י״ד:כ״ב", 
                    "index_title": "Genesis", 
                    "sourceRef": "Genesis 14:22"
                }
            ], 
            "text": "Bereshit Rabbah 48, quotes Isaiah 33,15-17 \"He who walks righteously,\" meaning Abraham, seeing that the Torah writes that he will command his sons and household after him to act righteously. (Genesis 18,19) \"He speaks uprightly;\" this too refers to Abraham, since we read in Song of Songs 1, \"the upright ones love you.\" \"He who disdains profit gained through oppression.\" This too refers to Abraham, since the Torah testifies in Genesis 14,23, that Abraham refused to take as much as a shoelace from the booty of war. \"He shakes off his hands in order not to hold bribes in them.\" This also is a reference to Abraham who said to G'd \"I raise my hand high to G'd who dwells on high.\"(Genesis 14,22)"
        }, 
        {
            "segmentNumber": "2", 
            "he": "", 
            "links": [], 
            "text": "Rabbi Yehudah said in the name of Rabbi Yochanan \"G'd lifted him beyond the horizon, since He said to Abraham \"please look at the skies.\" The term habet for \"look\" always means to look down rather than up. Abraham was asked to look down at the sky since he had been transported beyond it."
        }, 
        {
            "segmentNumber": "3", 
            "he": "", 
            "links": [], 
            "text": "\"His fortress is his stronghold,\" refers to the protective clouds G'd spread over Israel in the desert. \"His bread was supplied, his waters were dependable,\" refers to the angels whom Abraham had hosted. \"The king in his beauty your eyes behold,\" refers to Abraham's vision of G'd after his circumcision. So far Isaiah."
        }, 
        {
            "segmentNumber": "4", 
            "he": "", 
            "links": [
                {
                    "category": "Talmud", 
                    "sourceHeRef": "נדרים ל״ח א", 
                    "index_title": "Nedarim", 
                    "sourceRef": "Nedarim 38a"
                }
            ], 
            "text": "Philosophers have confirmed what we are taught in Nedarim 38, that the gift of prophecy is bestowed only on those who combine wisdom, physical prowess and material wealth. It is not a gift that one obtains accidentally; if someone lies down at night as a fool, he certainly will not awake as prophet."
        }, 
        {
            "segmentNumber": "5", 
            "he": "", 
            "links": [], 
            "text": "The view of some, that the term prophet used to be applied to whoever happened to be the person of outstanding calibre in his generation, and that the definition is therefore not subject to objective criteria, is incorrect. Those who believe that prophecy is merely confirmation by G'd of wisdom acquired previously, are also mistaken. The idea that a blind man-through frequent usage- may know his surroundings well, and regaining his eyesight will merely find confirmation of the truth of what he had surmised, is also not correct."
        }, 
        {
            "segmentNumber": "6", 
            "he": "", 
            "links": [], 
            "text": "If the onset of prophecy would not bestow additional information on the prophet, it would not be worth having. Whoever thinks along those lines, belongs to the people who wish to limit the freedom of the Creator to change preordained events. Such people are therefore not of our faith!"
        }, 
        {
            "segmentNumber": "7", 
            "he": "", 
            "links": [], 
            "text": "Anyone one who thinks in these terms cannot believe any part of the Torah which involves the supernatural or the miraculous."
        }, 
        {
            "segmentNumber": "8", 
            "he": "", 
            "links": [
                {
                    "category": "Tanakh", 
                    "sourceHeRef": "משלי ל׳:ז׳", 
                    "index_title": "Proverbs", 
                    "sourceRef": "Proverbs 30:7"
                }, 
                {
                    "category": "Tanakh", 
                    "sourceHeRef": "יחזקאל ח׳", 
                    "index_title": "Ezekiel", 
                    "sourceRef": "Ezekiel 8"
                }
            ], 
            "text": "Solomon, in Proverbs 30,7-8, asks to be spared such fallacious logic as is expressed in the four generations of the verses following. (10-14) Despite many opinions to the contrary, the events related in our verse did indeed take place. Abraham did not see all these events only in his mind's eye. True, there are occasions in the Bible when visions described very graphically,- such as Ezekiel's trip to Jerusalem (Ezekiel 8)- were in fact merely visions. Those instances do not prove that all supernatural encounters of outstanding men were merely visions of the mind and spirit. The wealth of detail reported about these encounters, such as reports of sitting, standing, running, etc. bear out the claim that these events took place physically."
        }, 
        {
            "segmentNumber": "9", 
            "he": "", 
            "links": [], 
            "text": "There are numerous reasons for the visions and encounters Abraham was granted, which are listed at the beginning of our Parshah."
        }, 
        {
            "segmentNumber": "10", 
            "he": "", 
            "links": [
                {
                    "category": "Tanakh", 
                    "sourceHeRef": "שמות מ׳:ל״ד", 
                    "index_title": "Exodus", 
                    "sourceRef": "Exodus 40:34"
                }
            ], 
            "text": "1) To reward Abraham for prompt fulfilment of the commandment to circumcise himself. If it is G'ds practice to appear to those who build altars for Him, surely those who undergo circumcision deserve so even more. (The reference is to the revelation of the Divine Presence as the result of erecting the tabernacle in the desert. Exodus 40, 34 to end) 2) Abraham had been concerned that the flow of visitors would stop once people found out that he had circumcised himself. He needed to be reassured on that score."
        }, 
        {
            "segmentNumber": "11", 
            "he": "", 
            "links": [], 
            "text": "3) The incidence with the angels is to illustrate Abraham's behaviour with any stranger, his loving kindness, personal involvement, ensuring that his wife in the kitchen responded equally generously. Had this whole vision only been a dream, none of these qualities of Abraham could have been proven. The reason the Torah lists only one such example of Abraham's conduct is, that once it has been recorded, it will impress itself on the reader like the engraving of stone by the king's sword will leave a permanent impression."
        }, 
        {
            "segmentNumber": "12", 
            "he": "", 
            "links": [], 
            "text": "4) G'd used this opportunity to indirectly rebuke Abraham for having doubted that Sarah would bear a child for him, a promise made at the time Abraham had been commanded to circumcise himself. For these reasons, all these things happened to Abraham rather than to Sarah."
        }, 
        {
            "segmentNumber": "13", 
            "he": "", 
            "links": [
                {
                    "category": "Tanakh", 
                    "sourceHeRef": "בראשית ו׳:ה׳", 
                    "index_title": "Genesis", 
                    "sourceRef": "Genesis 6:5"
                }, 
                {
                    "category": "Tanakh", 
                    "sourceHeRef": "בראשית י״ט:כ״ז", 
                    "index_title": "Genesis", 
                    "sourceRef": "Genesis 19:27"
                }
            ], 
            "text": "An additional purpose of these encounters is to acquaint Abraham with the scope of Personal Divine intervention, and how it extends both to groups of people and to individuals. It also taught Abraham about the effectiveness of prayer, when it is offered to save someone from evil decrees. The fact that G'd takes the trouble to re-examine what He had already known about the Sodomites, is the subject of prophetic revelation to Abraham, and triggers the dialogue about the manner in which the innocent should be spared. We know already from Genesis 6,5, that G'd is aware of the state of man, whether good or sinful. \"G'd saw that man's wickedness upon the earth had become widespread, and that thoughts of evil preoccupied man all day long.\" Abraham stood facing G'd while fully awake, when he made his plea on behalf of the good people of Sodom. The reference to \"was still standing,\" is to the continuity of prophetic insights granted to him at the opening of our Parshah. He \"approached,\" refers perhaps to a spot from which Sodom was visible, or to a location Abraham considered suitable for prayer. For this reason we read at the end of the dialogue that \"Abraham returned to his place.\" The fact that on the following morning Abraham returned to the spot from which he had offered his prayer, (Genesis 19,27-28) and loked down on what had been Sodom, Gomorrah etc., indicates the place at which he had prayed the previous evening."
        }, 
        {
            "segmentNumber": "14", 
            "he": "", 
            "links": [], 
            "text": "The whole life story of Abraham reveals that he advanced step by step both morally and spiritually. At the outset he had been a \"prophet\" among his contemporaries, as defined by them, by virtue of the purity of his lifestyle. This is what the Midrash meant when it referred to Abraham \"walking in righteousness.\""
        }, 
        {
            "segmentNumber": "15", 
            "he": "", 
            "links": [], 
            "text": "Then he reached the level of being a prophet in the community he lived in, by reason of his superior intelligence, (compare Midrash dover meysharim) As such, he instructed the people in wisdom directly, not only by means of his lifestyle."
        }, 
        {
            "segmentNumber": "16", 
            "he": "", 
            "links": [], 
            "text": "After he had achieved the level of rejecting material wealth acquired through oppression, or even gifts from oppressors, and had vowed that only G'd Himself should be the One he felt indebted to, he qualified for the first level of prophecy as defined by our standards, and G'd appeared to him in a nocturnal vision, (machazeh)"
        }, 
        {
            "segmentNumber": "17", 
            "he": "", 
            "links": [], 
            "text": "As a result of this, Abraham overcame the limitations his belief in astrology had imposed on him. He was raised to a level beyond the \"shell of the sky,\" see our opening Midrash. For the first time he became privy to visions beyond the realm of the natural."
        }, 
        {
            "segmentNumber": "18", 
            "he": "", 
            "links": [], 
            "text": "From then on, due to a change in name and his circumcision, he kept advancing so that his conduct secured for his descendants the protection of the Heavenly cloud cover, the travelling well, and the supply of bread from the celestial regions. All of this was achieved with the help of the mitzvah of circumcision."
        }, 
        {
            "segmentNumber": "19", 
            "he": "", 
            "links": [], 
            "text": "The ultimate purpose of Abraham's progress had been described by the Midrash in the words \"he was allowed to glimpse the king in his majesty.\""
        }, 
        {
            "segmentNumber": "20", 
            "he": "", 
            "links": [], 
            "text": "Some problems in the text."
        }, 
        {
            "segmentNumber": "21", 
            "he": "", 
            "links": [], 
            "text": "1) Why did the site where G'd appeared to Abraham have to be mentioned? It seems of no consequence. Also, what was the subject matter of that vision? Even our sages seem to view it as merely bikkur cholim a visit to the sick!"
        }, 
        {
            "segmentNumber": "22", 
            "he": "", 
            "links": [], 
            "text": "2) Why did Abraham start running towards the three men after they had already reached him, i.e. ve-hinney?"
        }, 
        {
            "segmentNumber": "23", 
            "he": "", 
            "links": [], 
            "text": "3) Why is Abraham's long winded invitation to the men reported in full? Why did Abraham first address one of the three men, and subsequently the others? Why did he do so much personally, seeing he had hundreds of servants? Why did he interfere in the way Sarah managed her kitchen by issuing instructions to her as to the kind of flour she should use?"
        }, 
        {
            "segmentNumber": "24", 
            "he": "", 
            "links": [], 
            "text": "4) Why does the Torah describe Abraham as standing \"over\" the angels under the tree while the latter ate?"
        }, 
        {
            "segmentNumber": "25", 
            "he": "", 
            "links": [], 
            "text": "5) What was the point of the whole mission? Abraham had been told before the circumcision that he would have a son by Sarah. Surely he must have told Sarah about this vision! Why would he have concealed such a promise from her?"
        }, 
        {
            "segmentNumber": "26", 
            "he": "", 
            "links": [], 
            "text": "6) Since the angel enquired about Sarah's whereabouts, why did he turn around and tell Abraham \"I shall return to you,\" instead of to \"both of you\" or \"to Sarah?\""
        }, 
        {
            "segmentNumber": "27", 
            "he": "", 
            "links": [], 
            "text": "7) Why did G'd seem to mind Sarah's laughter, although He had not seemed to mind Abraham's laughter, though it is described in similar terms? If Sarah had acted improperly, why did the angels question Abraham about it? They should have questioned Sarah directly? The angel in affirming, should have said \"I shall return to her next year etc.\" Why would Sarah lie out of fear, on the contrary, she should have admitted the truth because of her fear!"
        }, 
        {
            "segmentNumber": "28", 
            "he": "", 
            "links": [], 
            "text": "8) Why did G'd have to give a reason for revealing the impending fate of Sodom to Abraham? He had not given any explanations to Noach before He brought on the deluge? Since G'd had remained in uninterrupted conversation with Abraham, why did the Torah report only \"G'd said,” instead of \"G'd said to Abraham?\" Where did Abraham \"approach\" from suddenly? He had been standing praying to G'd immediately before this !"
        }, 
        {
            "segmentNumber": "29", 
            "he": "", 
            "links": [], 
            "text": "9) What is the real reason for G'd saying \"I will still go down and have a look?\""
        }, 
        {
            "segmentNumber": "30", 
            "he": "", 
            "links": [], 
            "text": "10) Why does the Torah have to mention that Abraham \"was still standing before G'd?\" Where else would he be? He surely had not taken French leave?"
        }, 
        {
            "segmentNumber": "31", 
            "he": "", 
            "links": [], 
            "text": "Abraham's prayer indicates that his original concern had only been the simultaneous destruction of good and wicked people. Later on, he seemed concerned about anyone being killed, i.e. \"the whole town.\" What brought about this change?"
        }, 
        {
            "segmentNumber": "32", 
            "he": "", 
            "links": [], 
            "text": "11) Why was the number fifty chosen as the starting point, i.e. as the number of righteous people that would suffice to save the whole city for their sake? The usual explanation which divides the number fifty equally amongst the five towns involved does not stand up, since the singular is used when speaking about the cities, i.e. ha-ir by both Abraham and G'd."
        }, 
        {
            "segmentNumber": "33", 
            "he": "", 
            "links": [], 
            "text": "Why did Abraham reduce the number by five the first time, whereas later he lowers the target number always by ten at a time?"
        }, 
        {
            "segmentNumber": "34", 
            "he": "", 
            "links": [], 
            "text": "12) Why did Abraham apologise each time after he had lowered the initial number to forty five?"
        }, 
        {
            "segmentNumber": "35", 
            "he": "", 
            "links": [], 
            "text": "13) Since the result of Abraham's pleas was zero, and therefore would not show Abraham as a successful interlocutor, why was all this reported in so much detail?"
        }, 
        {
            "segmentNumber": "36", 
            "he": "", 
            "links": [], 
            "text": "\u00031) Since fulfilment of the commandment to circumcise himself and all the male members of his household simultaneously, could put his whole household in jeopardy in the event of a hostile attack, Abraham might have decided to temporarily move close to his allies Aner, Eshkol and Mamre, in order to discourage any attack. Therefore it is reported where G'd spoke to Abraham."
        }, 
        {
            "segmentNumber": "37", 
            "he": "", 
            "links": [
                {
                    "category": "Talmud", 
                    "sourceHeRef": "בבא מציעא פ״ו א", 
                    "index_title": "Bava Metzia", 
                    "sourceRef": "Bava Metzia 86a"
                }
            ], 
            "text": "Even though Abraham was only in temporay quarters, he qualified for the vision. That Abraham had greatly risen in stature is clear from the fact that he did not have to move from his seat when G'd spoke to him, as he had on previous occasions. Our sages say that G'd came to visit Abraham on the third day of his being sick due to the effects of the circumcision. (Bava Metzia 86) Since Abraham and Sarah hosted what looked like very ordinary individuals in such a generous fashion, it was fitting that the reward for such hospitality should be announced by one of the guests himself."
        }, 
        {
            "segmentNumber": "38", 
            "he": "", 
            "links": [], 
            "text": "\u00032) This is the reason why all the details of this act of hospitality are worth recording. Abraham could have skipped having dinner guests this once, in view of his state of health; he could have withdrawn into his tent long before the travellers had a chance to reach him. Instead, he ran forward, imploring them, as if they were doing him a favour by dining with him, instead of his doing them a favour by inviting them."
        }, 
        {
            "segmentNumber": "39", 
            "he": "", 
            "links": [], 
            "text": "\u00033) He begged one of them to interrupt his journey, so as not to be guilty of detaining all three of them. However, the hospitality offer was extended to all three of them, so that they would not misinterpret his first statement \"please do not pass by.\""
        }, 
        {
            "segmentNumber": "40", 
            "he": "", 
            "links": [], 
            "text": "The dot on the word \"my lord\", indicates that what these men were going to say to Abraham later, would be a message from the shechinah, the Divine Presence."
        }, 
        {
            "segmentNumber": "41", 
            "he": "", 
            "links": [], 
            "text": "Abraham offered little, to prove that he did not mean to delay his guests unduly, knowing, that had they really been interested in food, they would not have chosen to take a route that bypassed population centres with ample food supplies. However, he emphasized the quality of the bread which, since it refreshes the heart as proven in many other places in the Bible, restores one's spirits also."
        }, 
        {
            "segmentNumber": "42", 
            "he": "", 
            "links": [
                {
                    "category": "Midrash", 
                    "sourceHeRef": "בראשית רבה מ״ח", 
                    "index_title": "Bereishit Rabbah", 
                    "sourceRef": "Bereishit Rabbah 48"
                }
            ], 
            "text": "By rushing about personally, and attending to all the details, he caused his guests a minimum of delay. The angels followed the talmudic dictum \"when in Rome, do as the Romans do.\" (Bereshit Rabbah 48) When Moses went to heaven, he did not eat or drink; when the angels came to earth, they ate and drank."
        }, 
        {
            "segmentNumber": "43", 
            "he": "", 
            "links": [], 
            "text": "The fact that their eating is especially mentioned, teaches that one is to conform with local customs. Their purpose in eating, of course, was to derive the spiritual nourishment contained in the food."
        }, 
        {
            "segmentNumber": "44", 
            "he": "", 
            "links": [], 
            "text": "Just as abstinence from certain types of food is prescribed because of the negative influence of such food on our spiritual equipment, so consumption of the right kind of food at the right time and in the correct amount, is of benefit to our spiritual equipment, (compare chapter 32) Further details about this can be found in Numbers chapter 28, in connection with the daily offerings."
        }, 
        {
            "segmentNumber": "45", 
            "he": "", 
            "links": [], 
            "text": "\u00034) The fact that Abraham is described as standing in a position enabling him to wait on the travelers and to observe them in detail, is to show that they really did eat the food served to them."
        }, 
        {
            "segmentNumber": "46", 
            "he": "", 
            "links": [], 
            "text": "\u00037) After all these efforts on Abraham's part, the angels enquire after Sarah. They want Abraham present for the message, so that from the criticism they will voice about Sarah's attitude, Abraham will realise that he himself should have been subject to similar criticism from G'd at the time G'd had made the promise to him, although at that time G'd had not voiced such criticism."
        }, 
        {
            "segmentNumber": "47", 
            "he": "", 
            "links": [
                {
                    "category": "Tanakh", 
                    "sourceHeRef": "מלכים ב ד׳", 
                    "index_title": "II Kings", 
                    "sourceRef": "II Kings 4"
                }
            ], 
            "text": "When the prophet Elisha asked the woman what he could do for her (Kings II 4), he had been inspired by the tidings Abraham and Sarah had received in our Parshah in return for their hospitality. He assumed that the woman and her husband would qualify for a similar reward, just as later proved to be the case."
        }, 
        {
            "segmentNumber": "48", 
            "he": "", 
            "links": [], 
            "text": "\u00035) We must assume that Abraham had indeed not told Sarah about her becoming a mother, in order for G'd to tell her directly. Perhaps he felt that if she heard such a promise only second hand, she would be even more incredulous than he himself had been when G'd had told him directly."
        }, 
        {
            "segmentNumber": "49", 
            "he": "", 
            "links": [], 
            "text": "G'd had reserved this moment to criticise Abraham, and that is the reason he was asked \"why did Sarah laugh?\" Her denial may be understood as follows. When one's conduct is questioned by someone superior to oneself, it is seemly to appear bashful and to ask rhetorically and deprecatingly \"could I really have been guilty of such a misdemeanour?\" Sarah's \"denial\" then and the \"fear\" mentioned is the reverence Sarah felt for the words of the angels. Or, as Maimonides says, the fact that she had no idea that these men were angels made her discount their words. Only after she realised that these men had been able to read her mind, did she become afraid. She denied only having laughed at the fact that the prediction had been made in the name of G'd."
        }, 
        {
            "segmentNumber": "50", 
            "he": "", 
            "links": [], 
            "text": "When the angels departed, Abraham accompanied them, unaware that he was in fact impeding their task in Sodom. The angels on their part refrained from discussing their mission until G'd said \"shall I hide from Abraham etc.\" Thereupon they began to discuss it, no longer concerned if Abraham was listening."
        }, 
        {
            "segmentNumber": "51", 
            "he": "", 
            "links": [], 
            "text": "\u00038) Two preconditions are needed to allow one to be present when the judge makes his judgment. 1) An intimate relationship with the accused, such as being father, mother, master, servant etc. 2) An individual who is truly searching for justice. In the first case, the father is allowed to be present since he could assist in the defence of his son; in the second case, such a third party would learn moral lessons from the judgments imposed and instil those lessons in his own environment. In Abraham's case, he qualified on both counts. He was destined to become the father of a multitude of nations, and thus had a paternal interest in other human beings; also as a truth seeking individual, he would instruct his household and environment in ways to apply the judgments he had observed in the making."
        }, 
        {
            "segmentNumber": "52", 
            "he": "", 
            "links": [], 
            "text": "G'd decided to view Abraham in this role, because having made all the promises to Abraham, his involvement in the decision making process about the punishment for the people of Sodom etc., would ensure further that all G'ds promises concerning Abraham's seed would be fulfilled. The expression yadativ, for I know him, instead of hikartiv, is not accidental. The latter expression is used when one knows someone intellectually, understands how his mind works; the former refers to knowing how someone's heart, someone senses work. It is clear that when G'd speaks, He always uses yadati, since He has such intimate knowledge of all of us."
        }, 
        {
            "segmentNumber": "53", 
            "he": "", 
            "links": [], 
            "text": "The difference between G'ds \"knowledge” and our \"knowledge\" is that man arrives at an understanding of a whole only after having comprehended the parts and then combining knowledge of the parts to obtain an overview of things. The reverse applies to G'd. He has a knowledge of man's whole personality. Only on special occasions does He examine the constituent parts of man. In this instance, G'd was well aware of the character and actions of the Sodomites."
        }, 
        {
            "segmentNumber": "54", 
            "he": "", 
            "links": [], 
            "text": "\u00039) This knowledge was reinforced by the complaints of the victims of the Sodomites. G'd still had to check if these complaints constituted exceptions to the general behaviour of the Sodomites within their city."
        }, 
        {
            "segmentNumber": "55", 
            "he": "", 
            "links": [], 
            "text": "If so, i.e. \"as its outcry that has come to Me,\" if indeed all the Sodomites participated in that kind of behaviour, that would mark their end, their destruction. If not, other kinds of retribution might be in order."
        }, 
        {
            "segmentNumber": "56", 
            "he": "", 
            "links": [], 
            "text": "The test then would be the way the Sodomites would treat the angels that had come to Lot. (strangers to the townsfolk) Contrary to the view held by some, that nissayon test, is designed to make the meritorious person emerge victoriously from such test, and that those unable to prove themselves, G'd does not bother to test at all, I do not believe that that is the function of tests."
        }, 
        {
            "segmentNumber": "57", 
            "he": "", 
            "links": [
                {
                    "category": "Tanakh", 
                    "sourceHeRef": "שמות ט״ז:ד׳", 
                    "index_title": "Exodus", 
                    "sourceRef": "Exodus 16:4"
                }, 
                {
                    "category": "Tanakh", 
                    "sourceHeRef": "דברים י״ג:ד׳", 
                    "index_title": "Deuteronomy", 
                    "sourceRef": "Deuteronomy 13:4"
                }
            ], 
            "text": "When G'd gave the Israelites the man, heavenly bread, the Torah writes \"in order to test them if they will walk in My teachings or not.\" (Exodus 16,4) We observe in that instance that some people failed the test. Similarly, the case of the false prophet, the appearance of which is described by the Torah as a test of the people's true faith. (Deut. 13,4) We know that numerous people failed such test when confronted by false prophets at various times in our history. Here too, the arrival of these strangers at Lot's house is made the final test of the population's attitude. This will be discussed in greater detail in the next chapter."
        }, 
        {
            "segmentNumber": "58", 
            "he": "", 
            "links": [], 
            "text": "\u000310) When Abraham overheard the conversation between the angels, and they had departed from him, he decided to remain standing before G'd to approach Him on behalf of the people who appeared doomed. Since the angels had obviously had permission to discuss their mission in Abraham's presence, Abraham felt obliged to engage G'd in conversation about it. His opening remarks were as follows: \"Since You obviously will not destroy the righteous together with the wicked, if by chance there are fifty righteous people, will You really rather destroy than save the place on account of the fifty righteous people within it?\" The few innocents left to themselves, especially if minors, would ultimately suffer the same fate as the adults that had been killed, and thus G'ds justice would appear as not having distinguished between the guilty and the innocent? (the example of Nineveh being saved on account of the innocent children who needed parents to look after them is discussed in chapter 13 in a slightly different context)"
        }, 
        {
            "segmentNumber": "59", 
            "he": "", 
            "links": [], 
            "text": "Abraham referred to two possibilities, a) chalilah!, unthinkable! to kill both the guilty and the innocent simultaneously, b) It would not appear just even if the innocent would die merely because their environment had been destroyed and they had been left to fend for themselves in impossible circumstances."
        }, 
        {
            "segmentNumber": "60", 
            "he": "", 
            "links": [], 
            "text": "\u000311) Abraham chose the number fifty as an opening gambit, because on the one hand forced migration by such a group of people is a major hardship, whereas a larger number of people form a self contained unit and can easily form a new community. Fifty are not yet enough to survive comfortably on their own strength and resources."
        }, 
        {
            "segmentNumber": "61", 
            "he": "", 
            "links": [], 
            "text": "\u000312) When Abraham saw that G'd concurred readily, he surmised that there simply were not fifty good people in Sodom; therefore he lowered the target figure gradually. The justification \"since I have started to speak already,\" signifies that he is aware he has already overstepped the bounds of propriety, that he is asking lifnim mishurat hadin, something beyond the demands of justice. As the numbers get smaller, and removal of so few people from the city is less of an upheaval, Abraham each time justifies his continued pleading on behalf of the innocent. Once it had become clear that there was only Lot that could be saved, saving him rather than saving the city became the easier solution. The mention of G'd departing from Abraham indicates, that for the moment, Abraham's prophetic"
        }, 
        {
            "segmentNumber": "62", 
            "he": "", 
            "links": [], 
            "text": "powers had ceased to be operational. False prophets, however, never experience the difference between the time G'd is in contact with them, and when they have been tuned out."
        }, 
        {
            "segmentNumber": "63", 
            "he": "", 
            "links": [], 
            "text": "The contrast of the hospitality of an Abraham with that of Lot is demonstrated by the manner of the invitation. Abraham rushes to welcome strangers; Lot, though he sees distinguished strangers like angels, waits until the last possible moment to invite them in."
        }, 
        {
            "segmentNumber": "64", 
            "he": "", 
            "links": [], 
            "text": "It is evening, the men have nowhere to go; they look distinguished, a time when it is natural to offer hospitality. Abraham, on the other hand, had been busy talking to G'd, was in physical discomfort. It certainly was not the time of day when one expected visitors to drop in. Despite all this, and the nondescript appearance of the strangers, Abraham invites them in a manner that makes them feel they are honouring him by accepting the invitation. Lot invites the strangers in a manner that makes them keenly aware that they are a burden for him. He asks them to detour, to be gone first thing in the morning; he does not even mention food. Only after the men make it clear that they have no other place to go but to spend the night in the street, does Lot become persuasive in a belated effort to make up for the ungracious manner in which he had tendered the invitation originally."
        }, 
        {
            "segmentNumber": "65", 
            "he": "", 
            "links": [], 
            "text": "\u000313) Again, G'd had engineered things in a way that would afford Him an opportunity not to let Abraham's prayer go completely unanswered."
        }
    ], 
    "book": "Akeidat Yitzchak", 
    "prev": "Akeidat Yitzchak 18", 
    "textDepth": 2, 
    "sectionNames": [
        "Gate", 
        "Paragraph"
    ], 
    "sections": [
        19
    ], 
    "isComplex": false, 
    "titleVariants": [
        "Akeidat Yitzchak"
    ], 
    "categories": [
        "Commentary2", 
        "Tanakh", 
        "Akeidat Yitzchak"
    ], 
    "ref": "Akeidat Yitzchak 19", 
    "type": "Commentary2", 
    "addressTypes": [
        "Integer", 
        "Integer"
    ], 
    "indexTitle": "Akeidat Yitzchak", 
    "heIndexTitle": "עקדת יצחק", 
    "alts": [], 
    "order": ""
}