{
    "heTitleVariants": [
        "קידושין"
    ], 
    "heTitle": "קידושין י״ז א", 
    "content": [
        {
            "segmentNumber": "1", 
            "he": "יכול אפילו חלה ת\"ל (שמות כא, ב) ובשביעית יצא", 
            "links": [
                {
                    "category": "Tanakh", 
                    "sourceHeRef": "שמות כ״א:ב׳", 
                    "index_title": "Exodus", 
                    "sourceRef": "Exodus 21:2"
                }, 
                {
                    "category": "Commentary", 
                    "sourceHeRef": "רש\"י על קידושין י״ז א:א׳:א׳", 
                    "index_title": "Rashi on Kiddushin", 
                    "sourceRef": "Rashi on Kiddushin 17a:1:1"
                }, 
                {
                    "category": "Commentary", 
                    "sourceHeRef": "רש\"י על קידושין י״ז א:א׳:ב׳", 
                    "index_title": "Rashi on Kiddushin", 
                    "sourceRef": "Rashi on Kiddushin 17a:1:2"
                }
            ], 
            "text": ""
        }, 
        {
            "segmentNumber": "2", 
            "he": "אמר רב ששת", 
            "links": [
                {
                    "category": "Talmud", 
                    "sourceHeRef": "סוכה ה׳ א:ל״ב", 
                    "index_title": "Sukkah", 
                    "sourceRef": "Sukkah 5a:32"
                }
            ], 
            "text": ""
        }, 
        {
            "segmentNumber": "3", 
            "he": "הכא במאי עסקינן כגון שברח ופגע בו יובל", 
            "links": [
                {
                    "category": "Commentary", 
                    "sourceHeRef": "רש\"י על קידושין י״ז א:ג׳:א׳", 
                    "index_title": "Rashi on Kiddushin", 
                    "sourceRef": "Rashi on Kiddushin 17a:3:1"
                }
            ], 
            "text": ""
        }, 
        {
            "segmentNumber": "4", 
            "he": "מהו דתימא", 
            "links": [], 
            "text": ""
        }, 
        {
            "segmentNumber": "5", 
            "he": "הואיל ואפיק ליה יובל שילוחו מעמך קרינן ביה ולא ניקנסיה ונעניק ליה קמ\"ל", 
            "links": [], 
            "text": ""
        }, 
        {
            "segmentNumber": "6", 
            "he": "אמר מר", 
            "links": [], 
            "text": ""
        }, 
        {
            "segmentNumber": "7", 
            "he": "יכול אפילו חלה ת\"ל ובשביעית יצא", 
            "links": [
                {
                    "category": "Commentary", 
                    "sourceHeRef": "רש\"י על קידושין י״ז א:ז׳:א׳", 
                    "index_title": "Rashi on Kiddushin", 
                    "sourceRef": "Rashi on Kiddushin 17a:7:1"
                }
            ], 
            "text": ""
        }, 
        {
            "segmentNumber": "8", 
            "he": "אפילו חלה כל שש", 
            "links": [], 
            "text": ""
        }, 
        {
            "segmentNumber": "9", 
            "he": "והתניא", 
            "links": [], 
            "text": ""
        }, 
        {
            "segmentNumber": "10", 
            "he": "חלה שלש ועבד שלש אינו חייב להשלים חלה כל שש חייב להשלים", 
            "links": [
                {
                    "category": "Commentary", 
                    "sourceHeRef": "תוספות על קידושין י״ז א:י׳:א׳", 
                    "index_title": "Tosafot on Kiddushin", 
                    "sourceRef": "Tosafot on Kiddushin 17a:10:1"
                }
            ], 
            "text": ""
        }, 
        {
            "segmentNumber": "11", 
            "he": "אמר רב ששת", 
            "links": [], 
            "text": ""
        }, 
        {
            "segmentNumber": "12", 
            "he": "בעושה מעשה מחט", 
            "links": [
                {
                    "category": "Commentary", 
                    "sourceHeRef": "רש\"י על קידושין י״ז א:י״ב:א׳", 
                    "index_title": "Rashi on Kiddushin", 
                    "sourceRef": "Rashi on Kiddushin 17a:12:1"
                }, 
                {
                    "category": "Commentary", 
                    "sourceHeRef": "רש\"י על קידושין י״ז א:י״ב:ב׳", 
                    "index_title": "Rashi on Kiddushin", 
                    "sourceRef": "Rashi on Kiddushin 17a:12:2"
                }
            ], 
            "text": ""
        }, 
        {
            "segmentNumber": "13", 
            "he": "הא גופא קשיא", 
            "links": [], 
            "text": ""
        }, 
        {
            "segmentNumber": "14", 
            "he": "אמרת חלה שלש ועבד שלש אין חייב להשלים הא ארבע חייב להשלים", 
            "links": [], 
            "text": ""
        }, 
        {
            "segmentNumber": "15", 
            "he": "אימא סיפא", 
            "links": [], 
            "text": ""
        }, 
        {
            "segmentNumber": "16", 
            "he": "חלה כל שש חייב להשלים הא ד' אין חייב להשלים", 
            "links": [], 
            "text": ""
        }, 
        {
            "segmentNumber": "17", 
            "he": "הכי קאמר", 
            "links": [], 
            "text": ""
        }, 
        {
            "segmentNumber": "18", 
            "he": "חלה ד' נעשה כמי שחלה כל שש וחייב להשלים :", 
            "links": [
                {
                    "category": "Commentary", 
                    "sourceHeRef": "רש\"י על קידושין י״ז א:י״ח:א׳", 
                    "index_title": "Rashi on Kiddushin", 
                    "sourceRef": "Rashi on Kiddushin 17a:18:1"
                }
            ], 
            "text": ""
        }, 
        {
            "segmentNumber": "19", 
            "he": "תנו רבנן", 
            "links": [], 
            "text": ""
        }, 
        {
            "segmentNumber": "20", 
            "he": "כמה מעניקים לו", 
            "links": [], 
            "text": ""
        }, 
        {
            "segmentNumber": "21", 
            "he": "חמש סלעים מכל מין ומין שהן חמש עשרה סלעים דברי ר' מאיר", 
            "links": [
                {
                    "category": "Commentary", 
                    "sourceHeRef": "רש\"י על קידושין י״ז א:כ״א:א׳", 
                    "index_title": "Rashi on Kiddushin", 
                    "sourceRef": "Rashi on Kiddushin 17a:21:1"
                }
            ], 
            "text": ""
        }, 
        {
            "segmentNumber": "22", 
            "he": "ר' יהודה אומר", 
            "links": [], 
            "text": ""
        }, 
        {
            "segmentNumber": "23", 
            "he": "שלשים כשלשים של עבד", 
            "links": [
                {
                    "category": "Commentary", 
                    "sourceHeRef": "רש\"י על קידושין י״ז א:כ״ג:א׳", 
                    "index_title": "Rashi on Kiddushin", 
                    "sourceRef": "Rashi on Kiddushin 17a:23:1"
                }
            ], 
            "text": ""
        }, 
        {
            "segmentNumber": "24", 
            "he": "ר\"ש אומר", 
            "links": [], 
            "text": ""
        }, 
        {
            "segmentNumber": "25", 
            "he": "חמשים כחמשים שבערכין", 
            "links": [
                {
                    "category": "Commentary", 
                    "sourceHeRef": "רש\"י על קידושין י״ז א:כ״ה:א׳", 
                    "index_title": "Rashi on Kiddushin", 
                    "sourceRef": "Rashi on Kiddushin 17a:25:1"
                }
            ], 
            "text": ""
        }, 
        {
            "segmentNumber": "26", 
            "he": "אמר מר", 
            "links": [], 
            "text": ""
        }, 
        {
            "segmentNumber": "27", 
            "he": "חמש סלעים מכל מין ומין שהם חמש עשרה סלעים דברי ר' מאיר", 
            "links": [], 
            "text": ""
        }, 
        {
            "segmentNumber": "28", 
            "he": "ור\"מ מנינא אתא לאשמועינן", 
            "links": [
                {
                    "category": "Commentary", 
                    "sourceHeRef": "רש\"י על קידושין י״ז א:כ״ח:א׳", 
                    "index_title": "Rashi on Kiddushin", 
                    "sourceRef": "Rashi on Kiddushin 17a:28:1"
                }
            ], 
            "text": ""
        }, 
        {
            "segmentNumber": "29", 
            "he": "הא קמ\"ל", 
            "links": [
                {
                    "category": "Commentary", 
                    "sourceHeRef": "רש\"י על קידושין י״ז א:כ״ט:א׳", 
                    "index_title": "Rashi on Kiddushin", 
                    "sourceRef": "Rashi on Kiddushin 17a:29:1"
                }
            ], 
            "text": ""
        }, 
        {
            "segmentNumber": "30", 
            "he": "מיבצר הוא דלא מבצר ליה מהאי מנינא ואי בצר ליה מחד מינא וטפי ליה מחד מינא לית לן בה", 
            "links": [], 
            "text": ""
        }, 
        {
            "segmentNumber": "31", 
            "he": "מאי טעמא דרבי מאיר", 
            "links": [], 
            "text": ""
        }, 
        {
            "segmentNumber": "32", 
            "he": "יליף ריקם (שמות לד, כ) ריקם מבכור מה להלן חמש סלעים אף כאן חמש סלעים", 
            "links": [
                {
                    "category": "Tanakh", 
                    "sourceHeRef": "שמות ל״ד:כ׳", 
                    "index_title": "Exodus", 
                    "sourceRef": "Exodus 34:20"
                }, 
                {
                    "category": "Commentary", 
                    "sourceHeRef": "רש\"י על קידושין י״ז א:ל״ב:א׳", 
                    "index_title": "Rashi on Kiddushin", 
                    "sourceRef": "Rashi on Kiddushin 17a:32:1"
                }
            ], 
            "text": ""
        }, 
        {
            "segmentNumber": "33", 
            "he": "ואימא חמש סלעים מכולהו", 
            "links": [], 
            "text": ""
        }, 
        {
            "segmentNumber": "34", 
            "he": "אי כתיב ריקם לבסוף כדקאמרת השתא דכתיב ריקם ברישא שדי ריקם אצאן ריקם אגורן ריקם איקב", 
            "links": [
                {
                    "category": "Commentary", 
                    "sourceHeRef": "רש\"י על קידושין י״ז א:ל״ד:א׳", 
                    "index_title": "Rashi on Kiddushin", 
                    "sourceRef": "Rashi on Kiddushin 17a:34:1"
                }, 
                {
                    "category": "Commentary", 
                    "sourceHeRef": "רש\"י על קידושין י״ז א:ל״ד:ב׳", 
                    "index_title": "Rashi on Kiddushin", 
                    "sourceRef": "Rashi on Kiddushin 17a:34:2"
                }
            ], 
            "text": ""
        }, 
        {
            "segmentNumber": "35", 
            "he": "ונילף ריקם ריקם מעולת ראיה", 
            "links": [
                {
                    "category": "Commentary", 
                    "sourceHeRef": "תוספות על קידושין י״ז א:ל״ה:א׳", 
                    "index_title": "Tosafot on Kiddushin", 
                    "sourceRef": "Tosafot on Kiddushin 17a:35:1"
                }, 
                {
                    "category": "Commentary", 
                    "sourceHeRef": "רש\"י על קידושין י״ז א:ל״ה:ב׳", 
                    "index_title": "Rashi on Kiddushin", 
                    "sourceRef": "Rashi on Kiddushin 17a:35:2"
                }, 
                {
                    "category": "Commentary", 
                    "sourceHeRef": "רש\"י על קידושין י״ז א:ל״ה:א׳", 
                    "index_title": "Rashi on Kiddushin", 
                    "sourceRef": "Rashi on Kiddushin 17a:35:1"
                }
            ], 
            "text": ""
        }, 
        {
            "segmentNumber": "36", 
            "he": "אמר קרא", 
            "links": [], 
            "text": ""
        }, 
        {
            "segmentNumber": "37", 
            "he": "(דברים טו, יד) אשר ברכך יי' אלהיך", 
            "links": [
                {
                    "category": "Tanakh", 
                    "sourceHeRef": "דברים ט״ו:י״ד", 
                    "index_title": "Deuteronomy", 
                    "sourceRef": "Deuteronomy 15:14"
                }, 
                {
                    "category": "Commentary", 
                    "sourceHeRef": "רש\"י על קידושין י״ז א:ל״ז:א׳", 
                    "index_title": "Rashi on Kiddushin", 
                    "sourceRef": "Rashi on Kiddushin 17a:37:1"
                }
            ], 
            "text": ""
        }, 
        {
            "segmentNumber": "38", 
            "he": "רבי יהודה אומר", 
            "links": [], 
            "text": ""
        }, 
        {
            "segmentNumber": "39", 
            "he": "שלשים כשלשים של עבד", 
            "links": [], 
            "text": ""
        }, 
        {
            "segmentNumber": "40", 
            "he": "מאי טעמא דרבי יהודה", 
            "links": [], 
            "text": ""
        }, 
        {
            "segmentNumber": "41", 
            "he": "יליף נתינה נתינה מעבד מה להלן שלשים אף כאן שלשים", 
            "links": [
                {
                    "category": "Commentary", 
                    "sourceHeRef": "רש\"י על קידושין י״ז א:מ״א:א׳", 
                    "index_title": "Rashi on Kiddushin", 
                    "sourceRef": "Rashi on Kiddushin 17a:41:1"
                }
            ], 
            "text": ""
        }, 
        {
            "segmentNumber": "42", 
            "he": "ונילף נתינה נתינה מערכין מה להלן חמשים אף כאן חמשים", 
            "links": [
                {
                    "category": "Commentary", 
                    "sourceHeRef": "רשב״א על קידושין י״ז א:ג׳", 
                    "index_title": "Rashba on Kiddushin", 
                    "sourceRef": "Rashba on Kiddushin 17a:3"
                }
            ], 
            "text": ""
        }, 
        {
            "segmentNumber": "43", 
            "he": "חדא", 
            "links": [
                {
                    "category": "Commentary", 
                    "sourceHeRef": "רש\"י על קידושין י״ז א:מ״ג:א׳", 
                    "index_title": "Rashi on Kiddushin", 
                    "sourceRef": "Rashi on Kiddushin 17a:43:1"
                }, 
                {
                    "category": "Commentary", 
                    "sourceHeRef": "תוספות על קידושין י״ז א:מ״ג:א׳", 
                    "index_title": "Tosafot on Kiddushin", 
                    "sourceRef": "Tosafot on Kiddushin 17a:43:1"
                }
            ], 
            "text": ""
        }, 
        {
            "segmentNumber": "44", 
            "he": "דתפשתה מרובה לא תפשתה תפשתה מועט תפשתה", 
            "links": [], 
            "text": ""
        }, 
        {
            "segmentNumber": "45", 
            "he": "ועוד", 
            "links": [], 
            "text": ""
        }, 
        {
            "segmentNumber": "46", 
            "he": "עבד מעבד הוה ליה למילף", 
            "links": [], 
            "text": ""
        }, 
        {
            "segmentNumber": "47", 
            "he": "ר' שמעון אומר", 
            "links": [], 
            "text": ""
        }, 
        {
            "segmentNumber": "48", 
            "he": "חמשים כחמשים שבערכין", 
            "links": [], 
            "text": ""
        }, 
        {
            "segmentNumber": "49", 
            "he": "מאי טעמיה דרבי שמעון", 
            "links": [], 
            "text": ""
        }, 
        {
            "segmentNumber": "50", 
            "he": "גמר נתינה נתינה מערכין מה להלן חמשים אף כאן חמשים", 
            "links": [], 
            "text": ""
        }, 
        {
            "segmentNumber": "51", 
            "he": "ואימא בפחות שבערכין", 
            "links": [], 
            "text": ""
        }, 
        {
            "segmentNumber": "52", 
            "he": "אשר ברכך יי' אלהיך כתיב", 
            "links": [], 
            "text": ""
        }, 
        {
            "segmentNumber": "53", 
            "he": "ונילף נתינה נתינה מעבד מה להלן שלשים אף כאן שלשים", 
            "links": [], 
            "text": ""
        }, 
        {
            "segmentNumber": "54", 
            "he": "חדא", 
            "links": [], 
            "text": ""
        }, 
        {
            "segmentNumber": "55", 
            "he": "דתפשתה מרובה לא תפשתה ועוד", 
            "links": [], 
            "text": ""
        }, 
        {
            "segmentNumber": "56", 
            "he": "עבד מעבד הוה ליה למילף", 
            "links": [], 
            "text": ""
        }, 
        {
            "segmentNumber": "57", 
            "he": "ר' שמעון מיכה מיכה גמר", 
            "links": [
                {
                    "category": "Commentary", 
                    "sourceHeRef": "רש\"י על קידושין י״ז א:נ״ז:א׳", 
                    "index_title": "Rashi on Kiddushin", 
                    "sourceRef": "Rashi on Kiddushin 17a:57:1"
                }
            ], 
            "text": ""
        }, 
        {
            "segmentNumber": "58", 
            "he": "בשלמא לר' מאיר היינו דכתיב צאן גורן ויקב אלא לר' יהודה ורבי שמעון האי צאן גורן ויקב למה לי", 
            "links": [
                {
                    "category": "Commentary", 
                    "sourceHeRef": "רש\"י על קידושין י״ז א:נ״ח:א׳", 
                    "index_title": "Rashi on Kiddushin", 
                    "sourceRef": "Rashi on Kiddushin 17a:58:1"
                }, 
                {
                    "category": "Commentary", 
                    "sourceHeRef": "רש\"י על קידושין י״ז א:נ״ח:ב׳", 
                    "index_title": "Rashi on Kiddushin", 
                    "sourceRef": "Rashi on Kiddushin 17a:58:2"
                }
            ], 
            "text": ""
        }, 
        {
            "segmentNumber": "59", 
            "he": "האי מיבעי ליה לכדתניא", 
            "links": [], 
            "text": ""
        }, 
        {
            "segmentNumber": "60", 
            "he": "יכול לא יהו מעניקין אלא מצאן גורן ויקב מנין לרבות כל דבר ת\"ל אשר ברכך יי' אלהיך", 
            "links": [], 
            "text": ""
        }, 
        {
            "segmentNumber": "61", 
            "he": "א\"כ מה ת\"ל צאן גורן ויקב לומר לך", 
            "links": [], 
            "text": ""
        }, 
        {
            "segmentNumber": "62", 
            "he": "מה צאן גורן ויקב מיוחדים שישנן בכלל ברכה אף כל שישנן בכלל ברכה יצאו כספים דברי ר' שמעון רבי אליעזר בן יעקב אומר", 
            "links": [
                {
                    "category": "Commentary", 
                    "sourceHeRef": "רש\"י על קידושין י״ז א:ס״ב:א׳", 
                    "index_title": "Rashi on Kiddushin", 
                    "sourceRef": "Rashi on Kiddushin 17a:62:1"
                }, 
                {
                    "category": "Commentary", 
                    "sourceHeRef": "רשב״א על קידושין י״ז א:ד׳", 
                    "index_title": "Rashba on Kiddushin", 
                    "sourceRef": "Rashba on Kiddushin 17a:4"
                }
            ], 
            "text": ""
        }, 
        {
            "segmentNumber": "63", 
            "he": "יצאו פרדות", 
            "links": [], 
            "text": ""
        }, 
        {
            "segmentNumber": "64", 
            "he": "ור' שמעון פרדות משבחן בגופייהו", 
            "links": [], 
            "text": ""
        }, 
        {
            "segmentNumber": "65", 
            "he": "ורבי אליעזר בן יעקב", 
            "links": [], 
            "text": ""
        }, 
        {
            "segmentNumber": "66", 
            "he": "כספים עביד בהו עיסקא", 
            "links": [], 
            "text": ""
        }, 
        {
            "segmentNumber": "67", 
            "he": "וצריכא דאי כתב רחמנא צאן הוה אמינא", 
            "links": [], 
            "text": ""
        }, 
        {
            "segmentNumber": "68", 
            "he": "בעלי חיים אין גידולי קרקע לא כתב רחמנא גורן", 
            "links": [], 
            "text": ""
        }, 
        {
            "segmentNumber": "69", 
            "he": "ואי כתב גורן הוה אמינא", 
            "links": [], 
            "text": ""
        }, 
        {
            "segmentNumber": "70", 
            "he": "גידולי קרקע אין בעלי חיים לא כתב רחמנא צאן", 
            "links": [], 
            "text": ""
        }, 
        {
            "segmentNumber": "71", 
            "he": "יקב למה לי", 
            "links": [], 
            "text": ""
        }
    ], 
    "heRef": "קידושין י״ז א", 
    "toSections": [
        "17a"
    ], 
    "sectionRef": "Kiddushin 17a", 
    "title": "Kiddushin 17a", 
    "lengths": [
        162, 
        8517
    ], 
    "next": "Kiddushin 17b", 
    "heBook": "קידושין", 
    "book": "Kiddushin", 
    "prev": "Kiddushin 16b", 
    "textDepth": 2, 
    "sectionNames": [
        "Daf", 
        "Line"
    ], 
    "sections": [
        "17a"
    ], 
    "isComplex": false, 
    "titleVariants": [
        "Masechet Kiddushin", 
        "Masekhet Qiddushin", 
        "Qiddushin", 
        "Kiddushin", 
        "Tractate Kiddushin", 
        "Talmud Kiddushin", 
        "Masekhet Kiddushin"
    ], 
    "categories": [
        "Talmud", 
        "Bavli", 
        "Seder Nashim"
    ], 
    "ref": "Kiddushin 17a", 
    "type": "Talmud", 
    "addressTypes": [
        "Talmud", 
        "Integer"
    ], 
    "length": 162, 
    "indexTitle": "Kiddushin", 
    "heIndexTitle": "קידושין", 
    "alts": [], 
    "order": [
        19, 
        7
    ]
}