[{
    "links": [
        [
            "32b:1", 
            "Rashi on Kiddushin 32b:1:1", 
            "Commentary"
        ], 
        [
            "32b:3", 
            "Rashi on Kiddushin 32b:3:1", 
            "Commentary"
        ], 
        [
            "32b:3", 
            "Psalms 1:2", 
            "Tanach"
        ], 
        [
            "32b:4", 
            "Chidushei Agadot on Kiddushin 32b:4", 
            "Commentary"
        ], 
        [
            "32b:5", 
            "Rosh on Kiddushin 1:52:1", 
            "Commentary"
        ], 
        [
            "32b:7", 
            "Rashi on Kiddushin 32b:7:1", 
            "Commentary"
        ], 
        [
            "32b:8", 
            "Chidushei Agadot on Kiddushin 32b:1", 
            "Commentary"
        ], 
        [
            "32b:9", 
            "Rashi on Kiddushin 32b:9:1", 
            "Commentary"
        ], 
        [
            "32b:20", 
            "Genesis 18:8", 
            "Tanach"
        ], 
        [
            "32b:20", 
            "Chidushei Agadot on Kiddushin 32b:2", 
            "Commentary"
        ], 
        [
            "32b:21", 
            "Rashi on Kiddushin 32b:21:1", 
            "Commentary"
        ], 
        [
            "32b:22", 
            "Rashi on Kiddushin 32b:22:1", 
            "Commentary"
        ], 
        [
            "32b:23", 
            "Chidushei Agadot on Kiddushin 32b:3", 
            "Commentary"
        ], 
        [
            "32b:28", 
            "Deuteronomy 17:15", 
            "Tanach"
        ], 
        [
            "32b:30", 
            "Leviticus 19:32", 
            "Tanach"
        ], 
        [
            "32b:31", 
            "Rashi on Kiddushin 32b:31:1", 
            "Commentary"
        ], 
        [
            "32b:31", 
            "Rashi on Kiddushin 32b:31:2", 
            "Commentary"
        ], 
        [
            "32b:31", 
            "Tosafot on Kiddushin 32b:31:1", 
            "Commentary"
        ], 
        [
            "32b:31", 
            "Tosafot on Kiddushin 32b:31:2", 
            "Commentary"
        ], 
        [
            "32b:31", 
            "Numbers 11:16", 
            "Tanach"
        ], 
        [
            "32b:33", 
            "Rashi on Kiddushin 32b:33:1", 
            "Commentary"
        ], 
        [
            "32b:33", 
            "Proverbs 8:22", 
            "Tanach"
        ], 
        [
            "32b:34", 
            "Rashi on Kiddushin 32b:34:1", 
            "Commentary"
        ], 
        [
            "32b:35", 
            "Rashi on Kiddushin 32b:35:1", 
            "Commentary"
        ], 
        [
            "32b:37", 
            "Rashi on Kiddushin 32b:37:1", 
            "Commentary"
        ], 
        [
            "32b:37", 
            "Rashi on Kiddushin 32b:37:2", 
            "Commentary"
        ], 
        [
            "32b:37", 
            "Leviticus 19:14", 
            "Tanach"
        ], 
        [
            "32b:38", 
            "Rashi on Kiddushin 32b:38:1", 
            "Commentary"
        ], 
        [
            "32b:38", 
            "Rashi on Kiddushin 32b:38:2", 
            "Commentary"
        ], 
        [
            "32b:39", 
            "Rashi on Kiddushin 32b:39:1", 
            "Commentary"
        ], 
        [
            "32b:42", 
            "Rashi on Kiddushin 32b:42:1", 
            "Commentary"
        ], 
        [
            "32b:43", 
            "Rashi on Kiddushin 32b:43:1", 
            "Commentary"
        ], 
        [
            "32b:47", 
            "Rashi on Kiddushin 32b:47:1", 
            "Commentary"
        ], 
        [
            "32b:48", 
            "Tosafot on Kiddushin 32b:48:1", 
            "Commentary"
        ], 
        [
            "32b:49", 
            "Rashi on Kiddushin 32b:49:1", 
            "Commentary"
        ], 
        [
            "32b:51", 
            "Rashi on Kiddushin 32b:51:1", 
            "Commentary"
        ], 
        [
            "32b", 
            "Me'or Einayim 4:4:3", 
            "Chasidut"
        ], 
        [
            "32b", 
            "Mishneh Torah, Torah Study 6:2", 
            "Halakhah"
        ], 
        [
            "32b", 
            "Sefer HaChinukh 257:1", 
            "Halakhah"
        ], 
        [
            "32b", 
            "Ramban on Leviticus 19:32:1", 
            "Quoting Commentary"
        ], 
        [
            "32b", 
            "Kli Yakar on Leviticus 19:32:1", 
            "Quoting Commentary"
        ], 
        [
            "32b", 
            "Or HaChaim on Genesis 47:29:1", 
            "Quoting Commentary"
        ], 
        [
            "32b", 
            "Or HaChaim on Leviticus 19:32:1", 
            "Quoting Commentary"
        ], 
        [
            "32b", 
            "Or HaChaim on Numbers 12:11:1", 
            "Quoting Commentary"
        ], 
        [
            "32b", 
            "Derech Chaim 1:88", 
            "Philosophy"
        ], 
        [
            "32b", 
            "Drashot Maharal, Drush L'Shabbat T'Shuva 2", 
            "Philosophy"
        ], 
        [
            "32b", 
            "Tosafot on Yevamot 105b:8:1", 
            "Quoting Commentary"
        ]
    ], 
    "text": [], 
    "heTitleVariants": [
        "קידושין"
    ], 
    "heTitle": "קידושין ל״ב ב", 
    "heRef": "קידושין ל״ב ב", 
    "toSections": [
        "32b"
    ], 
    "sectionRef": "Kiddushin 32b", 
    "title": "Kiddushin 32b", 
    "lengths": [
        162, 
        8517
    ], 
    "next": "Kiddushin 33a", 
    "heBook": "קידושין", 
    "book": "Kiddushin", 
    "prev": "Kiddushin 32a", 
    "textDepth": 2, 
    "sectionNames": [
        "Daf", 
        "Line"
    ], 
    "sections": [
        "32b"
    ], 
    "isComplex": false, 
    "titleVariants": [
        "Masechet Kiddushin", 
        "Masekhet Qiddushin", 
        "Qiddushin", 
        "Kiddushin", 
        "Tractate Kiddushin", 
        "Talmud Kiddushin", 
        "Masekhet Kiddushin"
    ], 
    "categories": [
        "Talmud", 
        "Bavli", 
        "Seder Nashim"
    ], 
    "he": [
        "הכא תורה דיליה היא ", 
        "הדר אמר רבא ", 
        "אין תורה דיליה היא דכתיב (תהלים א, ב) ובתורתו יהגה יומם ולילה ", 
        "איני ", 
        "והא רבא משקי בי הלולא דבריה ודל ליה כסא לרב פפא ולרב הונא בריה דרב יהושע וקמו מקמיה לרב מרי ולרב פנחס בריה דרב חסדא ולא קמו מקמיה ", 
        "איקפד ואמר ", 
        "הנו רבנן רבנן והנו רבנן לאו רבנן ", 
        "ותו רב פפא הוה משקי בי הלולא דאבא מר בריה ודלי ליה כסא לר' יצחק בריה דרב יהודה ולא קם מקמיה ואיקפד ", 
        "אפ\"ה הידור מיעבד ליה בעו ", 
        "אמר רב אשי ", 
        "אפילו למ\"ד הרב שמחל על כבודו כבודו מחול נשיא שמחל על כבודו אין כבודו מחול ", 
        "מיתיבי ", 
        "מעשה ברבי אליעזר ורבי יהושע ורבי צדוק שהיו מסובין בבית המשתה בנו של רבן גמליאל והיה רבן גמליאל עומד ומשקה עליהם ", 
        "נתן הכוס לר' אליעזר ולא נטלו נתנו לר' יהושע וקיבלו ", 
        "אמר לו רבי אליעזר ", 
        "מה זה יהושע ", 
        "אנו יושבין ורבן גמליאל (ברבי) עומד ומשקה עלינו ", 
        "אמר ליה ", 
        "מצינו גדול ממנו ששמש (אברהם גדול ממנו ושמש) ", 
        "אברהם גדול הדור היה וכתוב בו (בראשית יח, ח) והוא עומד עליהם ", 
        "ושמא תאמרו כמלאכי השרת נדמו לו לא נדמו לו אלא לערביים ", 
        "ואנו לא יהא רבן גמליאל ברבי עומד ומשקה עלינו ", 
        "אמר להם רבי צדוק ", 
        "עד מתי אתם מניחים כבודו של מקום ואתם עוסקים בכבוד הבריות ", 
        "הקב\"ה משיב רוחות ומעלה נשיאים ומוריד מטר ומצמיח אדמה ועורך שולחן לפני כל אחד ואחד ואנו לא יהא רבן גמליאל ברבי עומד ומשקה עלינו ", 
        "אלא אי איתמר הכי איתמר ", 
        "אמר רב אשי ", 
        "אפילו למ\"ד נשיא שמחל על כבודו כבודו מחול מלך שמחל על כבודו אין כבודו מחול שנאמר (דברים יז, טו) שום תשים עליך מלך שתהא אימתו עליך", 
        "ת\"ר ", 
        "(ויקרא יט, לב) מפני שיבה תקום ", 
        "יכול אפילו מפני זקן אשמאי ת\"ל זקן ואין זקן אלא חכם שנאמר (במדבר יא, טז) אספה לי שבעים איש מזקני ישראל ", 
        "רבי יוסי הגלילי אומר ", 
        "אין זקן אלא מי שקנה חכמה שנאמר (משלי ח, כב) ה' קנני ראשית דרכו ", 
        "יכול יעמוד מפניו ממקום רחוק ת\"ל תקום והדרת לא אמרתי קימה אלא במקום שיש הידור ", 
        "יכול יהדרנו בממון ת\"ל תקום והדרת מה קימה שאין בה חסרון כיס אף הידור שאין בו חסרון כיס ", 
        "יכול יעמוד מפניו מבית הכסא ומבית המרחץ ת\"ל תקום והדרת לא אמרתי קימה אלא במקום שיש הידור ", 
        "יכול יעצים עיניו כמי שלא ראהו ת\"ל תקום ויראת דבר המסור ללב נאמר בו (ויקרא יט, יד) ויראת מאלהיך ", 
        "רבי שמעון בן אלעזר אומר מנין לזקן שלא יטריח ת\"ל זקן ויראת ", 
        "איסי בן יהודה אומר מפני שיבה תקום אפילו כל שיבה במשמע ", 
        "רבי יוסי הגלילי היינו תנא קמא ", 
        "איכא בינייהו יניק וחכים ", 
        "ת\"ק סבר ", 
        "יניק וחכים לא רבי יוסי הגלילי סבר ", 
        "אפילו יניק וחכים ", 
        "מ\"ט דרבי יוסי הגלילי ", 
        "אמר לך ", 
        "אי ס\"ד כדקאמר ת\"ק א\"כ נכתוב רחמנא מפני שיבה זקן תקום והדרת מ\"ש דפלגינהו רחמנא למימר ", 
        "דהאי לאו האי והאי לאו האי ש\"מ אפי' יניק וחכים ", 
        "ות\"ק משום דבעי למיסמך זקן ויראת ", 
        "ותנא קמא מ\"ט ", 
        "אי ס\"ד כדקאמר רבי יוסי הגלילי א\"כ נכתוב רחמנא"
    ], 
    "ref": "Kiddushin 32b", 
    "type": "Talmud", 
    "addressTypes": [
        "Talmud", 
        "Integer"
    ], 
    "length": 162, 
    "indexTitle": "Kiddushin", 
    "heIndexTitle": "קידושין", 
    "alts": [], 
    "order": [
        19, 
        7
    ]
}]