{
    "heTitleVariants": [
        "כתובות"
    ], 
    "heTitle": "כתובות י״ז א", 
    "content": [
        {
            "segmentNumber": "1", 
            "he": "כלה כמות שהיא ובית הלל אומרים", 
            "links": [
                {
                    "category": "Commentary", 
                    "sourceHeRef": "רש\"י על כתובות י״ז א:א׳:א׳", 
                    "index_title": "Rashi on Ketubot", 
                    "sourceRef": "Rashi on Ketubot 17a:1:1"
                }, 
                {
                    "category": "Commentary", 
                    "sourceHeRef": "תוספות על כתובות י״ז א:א׳:א׳", 
                    "index_title": "Tosafot on Ketubot", 
                    "sourceRef": "Tosafot on Ketubot 17a:1:1"
                }, 
                {
                    "category": "Commentary", 
                    "sourceHeRef": "רשב״א על כתובות י״ז א:א׳", 
                    "index_title": "Rashba on Ketubot", 
                    "sourceRef": "Rashba on Ketubot 17a:1"
                }
            ], 
            "text": "The bride as she is. And Bet Hillel say:"
        }, 
        {
            "segmentNumber": "2", 
            "he": "כלה נאה וחסודה", 
            "links": [
                {
                    "category": "Commentary", 
                    "sourceHeRef": "רש\"י על כתובות י״ז א:ב׳:א׳", 
                    "index_title": "Rashi on Ketubot", 
                    "sourceRef": "Rashi on Ketubot 17a:2:1"
                }, 
                {
                    "category": "Commentary", 
                    "sourceHeRef": "מהר\"ם שיף על כתובות י״ז א:א׳", 
                    "index_title": "Maharam Shif on Ketubot", 
                    "sourceRef": "Maharam Shif on Ketubot 17a:1"
                }
            ], 
            "text": "“A beautiful and graceful bride”!"
        }, 
        {
            "segmentNumber": "3", 
            "he": "אמרו להן ב\"ש לב\"ה", 
            "links": [], 
            "text": "Bet Shammai said to Bet Hillel:"
        }, 
        {
            "segmentNumber": "4", 
            "he": "הרי שהיתה חיגרת או סומא אומרי' לה כלה נאה וחסודה", 
            "links": [], 
            "text": "If she was lame or blind, does one say of her, “Beautiful and graceful bride”?"
        }, 
        {
            "segmentNumber": "5", 
            "he": "והתורה אמרה (שמות כג, ז) מדבר שקר תרחק", 
            "links": [
                {
                    "category": "Tanakh", 
                    "sourceHeRef": "שמות כ״ג:ז׳", 
                    "index_title": "Exodus", 
                    "sourceRef": "Exodus 23:7"
                }
            ], 
            "text": "Whereas the Torah said, “Keep away from a lie” (Exodus 23:7)."
        }, 
        {
            "segmentNumber": "6", 
            "he": "אמרו להם ב\"ה לב\"ש", 
            "links": [], 
            "text": "Bet Hillel said to Bet Shammai:"
        }, 
        {
            "segmentNumber": "7", 
            "he": "לדבריכם מי שלקח מקח רע מן השוק ישבחנו בעיניו או יגננו בעיניו", 
            "links": [
                {
                    "category": "Commentary", 
                    "sourceHeRef": "תוספות על כתובות י״ז א:ז׳:א׳", 
                    "index_title": "Tosafot on Ketubot", 
                    "sourceRef": "Tosafot on Ketubot 17a:7:1"
                }, 
                {
                    "category": "Commentary", 
                    "sourceHeRef": "שיטה מקובצת על כתובות י״ז א:ב׳", 
                    "index_title": "Shita Mekubetzet on Ketubot", 
                    "sourceRef": "Shita Mekubetzet on Ketubot 17a:2"
                }
            ], 
            "text": "According to your words, if one has made a bad purchase in the market, should one praise it in front of him or denigrate it?"
        }, 
        {
            "segmentNumber": "8", 
            "he": "הוי אומר ישבחנו בעיניו", 
            "links": [], 
            "text": "Surely, one should praise it in front of him."
        }, 
        {
            "segmentNumber": "9", 
            "he": "מכאן אמרו חכמים", 
            "links": [
                {
                    "category": "Commentary", 
                    "sourceHeRef": "רש\"י על כתובות י״ז א:ט׳:א׳", 
                    "index_title": "Rashi on Ketubot", 
                    "sourceRef": "Rashi on Ketubot 17a:9:1"
                }, 
                {
                    "category": "Commentary", 
                    "sourceHeRef": "שיטה מקובצת על כתובות י״ז א:ג׳", 
                    "index_title": "Shita Mekubetzet on Ketubot", 
                    "sourceRef": "Shita Mekubetzet on Ketubot 17a:3"
                }
            ], 
            "text": "Therefore, the sages said:"
        }, 
        {
            "segmentNumber": "10", 
            "he": "לעולם תהא דעתו של אדם מעורבת עם הבריות", 
            "links": [
                {
                    "category": "Commentary", 
                    "sourceHeRef": "רש\"י על כתובות י״ז א:י׳:א׳", 
                    "index_title": "Rashi on Ketubot", 
                    "sourceRef": "Rashi on Ketubot 17a:10:1"
                }
            ], 
            "text": "One should always have a pleasing disposition in front of other people."
        }, 
        {
            "segmentNumber": "11", 
            "he": "כי אתא רב דימי אמר", 
            "links": [], 
            "text": "When Rav Dimi came, he said:"
        }, 
        {
            "segmentNumber": "12", 
            "he": "הכי משרו קמי כלתא במערבא", 
            "links": [
                {
                    "category": "Commentary", 
                    "sourceHeRef": "רש\"י על כתובות י״ז א:י״ב:א׳", 
                    "index_title": "Rashi on Ketubot", 
                    "sourceRef": "Rashi on Ketubot 17a:12:1"
                }
            ], 
            "text": "Thus they sing before the bride in the West:"
        }, 
        {
            "segmentNumber": "13", 
            "he": "לא כחל ולא שרק ולא פירכוס ויעלת חן", 
            "links": [
                {
                    "category": "Commentary", 
                    "sourceHeRef": "רש\"י על כתובות י״ז א:י״ג:א׳", 
                    "index_title": "Rashi on Ketubot", 
                    "sourceRef": "Rashi on Ketubot 17a:13:1"
                }, 
                {
                    "category": "Commentary", 
                    "sourceHeRef": "רש\"י על כתובות י״ז א:י״ג:ב׳", 
                    "index_title": "Rashi on Ketubot", 
                    "sourceRef": "Rashi on Ketubot 17a:13:2"
                }, 
                {
                    "category": "Commentary", 
                    "sourceHeRef": "רש\"י על כתובות י״ז א:י״ג:ג׳", 
                    "index_title": "Rashi on Ketubot", 
                    "sourceRef": "Rashi on Ketubot 17a:13:3"
                }
            ], 
            "text": "No blue makeup and no rouge and no braiding [of the hair], and still a graceful gazelle."
        }, 
        {
            "segmentNumber": "14", 
            "he": "כי סמכו רבנן לרבי זירא שרו ליה הכי", 
            "links": [], 
            "text": "When the Rabbis ordained R. Zera they sang before him:"
        }, 
        {
            "segmentNumber": "15", 
            "he": "לא כחל ולא שרק ולא פירכוס ויעלת חן", 
            "links": [], 
            "text": "No blue makeup and no rouge and no braiding [of the hair], and still a graceful gazelle."
        }, 
        {
            "segmentNumber": "16", 
            "he": "כי סמכו רבנן לרבי אמי ולרבי אסי שרו להו הכי", 
            "links": [], 
            "text": "When the Rabbis ordained R. Ammi and R. Assi they sang before them thus:"
        }, 
        {
            "segmentNumber": "17", 
            "he": "כל מן דין וכל מן דין סמוכו לנא לא תסמכו לנא לא מן סרמיסין ולא מן סרמיטין", 
            "links": [
                {
                    "category": "Commentary", 
                    "sourceHeRef": "רש\"י על כתובות י״ז א:י״ז:א׳", 
                    "index_title": "Rashi on Ketubot", 
                    "sourceRef": "Rashi on Ketubot 17a:17:1"
                }, 
                {
                    "category": "Commentary", 
                    "sourceHeRef": "רש\"י על כתובות י״ז א:י״ז:ב׳", 
                    "index_title": "Rashi on Ketubot", 
                    "sourceRef": "Rashi on Ketubot 17a:17:2"
                }, 
                {
                    "category": "Commentary", 
                    "sourceHeRef": "רש\"י על כתובות י״ז א:י״ז:ג׳", 
                    "index_title": "Rashi on Ketubot", 
                    "sourceRef": "Rashi on Ketubot 17a:17:3"
                }, 
                {
                    "category": "Commentary", 
                    "sourceHeRef": " חידושי אגדות על מסכת כתובות י״ז א:ב׳", 
                    "index_title": "Chidushei Agadot on Ketubot", 
                    "sourceRef": "Chidushei Agadot on Ketubot 17a:2"
                }
            ], 
            "text": "All such as this, and all such as this ordain for us, but do not ordain for us of those who garble or babble,"
        }, 
        {
            "segmentNumber": "18", 
            "he": "ואמרי לה לא מן חמיסין ולא מן טורמיסין", 
            "links": [
                {
                    "category": "Commentary", 
                    "sourceHeRef": "רש\"י על כתובות י״ז א:י״ח:א׳", 
                    "index_title": "Rashi on Ketubot", 
                    "sourceRef": "Rashi on Ketubot 17a:18:1"
                }, 
                {
                    "category": "Commentary", 
                    "sourceHeRef": "רש\"י על כתובות י״ז א:י״ח:ב׳", 
                    "index_title": "Rashi on Ketubot", 
                    "sourceRef": "Rashi on Ketubot 17a:18:2"
                }, 
                {
                    "category": "Quoting Commentary", 
                    "sourceHeRef": " חידושי הלכות על מסכת כתובות י״ז א:א׳", 
                    "index_title": "Chidushei Halachot on Ketubot", 
                    "sourceRef": "Chidushei Halachot on Ketubot 17a:1"
                }
            ], 
            "text": "and some say: of the one-fifth scholars or one-third-scholars. "
        }, 
        {
            "segmentNumber": "19", 
            "he": "ר' אבהו כי הוה אתי ממתיבתא לבי קיסר נפקן אמהתא דבי קיסר לאפיה ומשרין ליה הכי", 
            "links": [
                {
                    "category": "Commentary", 
                    "sourceHeRef": "רש\"י על כתובות י״ז א:י״ט:א׳", 
                    "index_title": "Rashi on Ketubot", 
                    "sourceRef": "Rashi on Ketubot 17a:19:1"
                }
            ], 
            "text": "When R. Abbahu came from the Yeshiva to the court of the Emperor, handmaids from the Emperor’s house went out towards him and sang before him thus:"
        }, 
        {
            "segmentNumber": "20", 
            "he": "רבא דעמיה ומדברנא דאומתיה בוצינא דנהורא בריך מתייך לשלם", 
            "links": [
                {
                    "category": "Commentary", 
                    "sourceHeRef": "רש\"י על כתובות י״ז א:כ׳:א׳", 
                    "index_title": "Rashi on Ketubot", 
                    "sourceRef": "Rashi on Ketubot 17a:20:1"
                }, 
                {
                    "category": "Commentary", 
                    "sourceHeRef": "רש\"י על כתובות י״ז א:כ׳:ב׳", 
                    "index_title": "Rashi on Ketubot", 
                    "sourceRef": "Rashi on Ketubot 17a:20:2"
                }, 
                {
                    "category": "Commentary", 
                    "sourceHeRef": "רש\"י על כתובות י״ז א:כ׳:ג׳", 
                    "index_title": "Rashi on Ketubot", 
                    "sourceRef": "Rashi on Ketubot 17a:20:3"
                }, 
                {
                    "category": "Commentary", 
                    "sourceHeRef": "רש\"י על כתובות י״ז א:כ׳:ד׳", 
                    "index_title": "Rashi on Ketubot", 
                    "sourceRef": "Rashi on Ketubot 17a:20:4"
                }, 
                {
                    "category": "Commentary", 
                    "sourceHeRef": " חידושי אגדות על מסכת כתובות י״ז א:ג׳", 
                    "index_title": "Chidushei Agadot on Ketubot", 
                    "sourceRef": "Chidushei Agadot on Ketubot 17a:3"
                }, 
                {
                    "category": "Commentary", 
                    "sourceHeRef": "שיטה מקובצת על כתובות י״ז א:ד׳", 
                    "index_title": "Shita Mekubetzet on Ketubot", 
                    "sourceRef": "Shita Mekubetzet on Ketubot 17a:4"
                }
            ], 
            "text": "“Prince of his people, leader of his nation, shining light, blessed be your coming in peace!”"
        }, 
        {
            "segmentNumber": "21", 
            "he": "אמרו עליו על רבי יהודה בר אילעאי שהיה נוטל בד של הדס ומרקד לפני הכלה ואומר", 
            "links": [
                {
                    "category": "Commentary", 
                    "sourceHeRef": " חידושי אגדות על מסכת כתובות י״ז א:ד׳", 
                    "index_title": "Chidushei Agadot on Ketubot", 
                    "sourceRef": "Chidushei Agadot on Ketubot 17a:4"
                }
            ], 
            "text": "They tell of R. Judah b. Ilai that he used to take a myrtle twig and dance before the bride and say:"
        }, 
        {
            "segmentNumber": "22", 
            "he": "כלה נאה וחסודה", 
            "links": [], 
            "text": "“Beautiful and graceful bride.”"
        }, 
        {
            "segmentNumber": "23", 
            "he": "רב שמואל בר רב יצחק מרקד אתלת", 
            "links": [
                {
                    "category": "Commentary", 
                    "sourceHeRef": "רש\"י על כתובות י״ז א:כ״ג:א׳", 
                    "index_title": "Rashi on Ketubot", 
                    "sourceRef": "Rashi on Ketubot 17a:23:1"
                }, 
                {
                    "category": "Commentary", 
                    "sourceHeRef": " חידושי אגדות על מסכת כתובות י״ז א:ה׳", 
                    "index_title": "Chidushei Agadot on Ketubot", 
                    "sourceRef": "Chidushei Agadot on Ketubot 17a:5"
                }
            ], 
            "text": "Rav Shmuel the son of Rav Yitzchak danced with three [twigs].  "
        }, 
        {
            "segmentNumber": "24", 
            "he": "א\"ר זירא", 
            "links": [], 
            "text": "Zera said:"
        }, 
        {
            "segmentNumber": "25", 
            "he": "קא מכסיף לן סבא", 
            "links": [
                {
                    "category": "Commentary", 
                    "sourceHeRef": "רש\"י על כתובות י״ז א:כ״ה:א׳", 
                    "index_title": "Rashi on Ketubot", 
                    "sourceRef": "Rashi on Ketubot 17a:25:1"
                }
            ], 
            "text": "The old man is putting us to shame."
        }, 
        {
            "segmentNumber": "26", 
            "he": "כי נח נפשיה איפסיק עמודא דנורא בין דידיה לכולי עלמא וגמירי דלא אפסיק עמודא דנורא אלא אי לחד בדרא אי לתרי בדרא", 
            "links": [
                {
                    "category": "Commentary", 
                    "sourceHeRef": " חידושי אגדות על מסכת כתובות י״ז א:ו׳", 
                    "index_title": "Chidushei Agadot on Ketubot", 
                    "sourceRef": "Chidushei Agadot on Ketubot 17a:6"
                }
            ], 
            "text": "When he died, a pillar of fire came between him and the rest of the world. And we have a tradition that a pillar of fire has made such a separation only either for one in a generation or for two in a generation only. "
        }, 
        {
            "segmentNumber": "27", 
            "he": "א\"ר זירא", 
            "links": [], 
            "text": "Zera said:"
        }, 
        {
            "segmentNumber": "28", 
            "he": "אהנייה ליה שוטיתיה לסבא ואמרי לה", 
            "links": [
                {
                    "category": "Commentary", 
                    "sourceHeRef": "רש\"י על כתובות י״ז א:כ״ח:א׳", 
                    "index_title": "Rashi on Ketubot", 
                    "sourceRef": "Rashi on Ketubot 17a:28:1"
                }, 
                {
                    "category": "Commentary", 
                    "sourceHeRef": "רשב״א על כתובות י״ז א:ב׳", 
                    "index_title": "Rashba on Ketubot", 
                    "sourceRef": "Rashba on Ketubot 17a:2"
                }, 
                {
                    "category": "Commentary", 
                    "sourceHeRef": "שיטה מקובצת על כתובות י״ז א:ה׳", 
                    "index_title": "Shita Mekubetzet on Ketubot", 
                    "sourceRef": "Shita Mekubetzet on Ketubot 17a:5"
                }, 
                {
                    "category": "Commentary", 
                    "sourceHeRef": "מהר\"ם שיף על כתובות י״ז א:ב׳", 
                    "index_title": "Maharam Shif on Ketubot", 
                    "sourceRef": "Maharam Shif on Ketubot 17a:2"
                }
            ], 
            "text": "His twig (shotiteh) [benefited] the old man, and some say:"
        }, 
        {
            "segmentNumber": "29", 
            "he": "שטותיה לסבא ואמרי לה", 
            "links": [
                {
                    "category": "Commentary", 
                    "sourceHeRef": "רש\"י על כתובות י״ז א:כ״ט:ב׳", 
                    "index_title": "Rashi on Ketubot", 
                    "sourceRef": "Rashi on Ketubot 17a:29:2"
                }
            ], 
            "text": "His craziness (shtuteh) [benefited] the old man, and some say:"
        }, 
        {
            "segmentNumber": "30", 
            "he": "שיטתיה לסבא", 
            "links": [
                {
                    "category": "Commentary", 
                    "sourceHeRef": "רש\"י על כתובות י״ז א:ל׳:א׳", 
                    "index_title": "Rashi on Ketubot", 
                    "sourceRef": "Rashi on Ketubot 17a:30:1"
                }, 
                {
                    "category": "Commentary", 
                    "sourceHeRef": "תוספות על כתובות י״ז א:ל׳:א׳", 
                    "index_title": "Tosafot on Ketubot", 
                    "sourceRef": "Tosafot on Ketubot 17a:30:1"
                }
            ], 
            "text": "his method (shitateh) [benefited] the old man"
        }, 
        {
            "segmentNumber": "31", 
            "he": "רב אחא מרכיב לה אכתפיה ומרקד", 
            "links": [
                {
                    "category": "Commentary", 
                    "sourceHeRef": "רש\"י על כתובות י״ז א:ל״א:א׳", 
                    "index_title": "Rashi on Ketubot", 
                    "sourceRef": "Rashi on Ketubot 17a:31:1"
                }
            ], 
            "text": "Rav Aha took her on his shoulder and danced [with her]."
        }, 
        {
            "segmentNumber": "32", 
            "he": "אמרי ליה רבנן", 
            "links": [], 
            "text": "The Rabbis said to him:"
        }, 
        {
            "segmentNumber": "33", 
            "he": "אנן מהו למיעבד הכי", 
            "links": [], 
            "text": "Can we also do this?"
        }, 
        {
            "segmentNumber": "34", 
            "he": "אמר להו", 
            "links": [
                {
                    "category": "Commentary", 
                    "sourceHeRef": " פסקי הראש על כתובות ב׳:ב׳:א׳", 
                    "index_title": "Rosh on Ketubot", 
                    "sourceRef": "Rosh on Ketubot 2:2:1"
                }
            ], 
            "text": "He said to them:"
        }, 
        {
            "segmentNumber": "35", 
            "he": "אי דמיין עלייכו ככשורא לחיי ואי לא לא", 
            "links": [
                {
                    "category": "Commentary", 
                    "sourceHeRef": "רש\"י על כתובות י״ז א:ל״ה:א׳", 
                    "index_title": "Rashi on Ketubot", 
                    "sourceRef": "Rashi on Ketubot 17a:35:1"
                }
            ], 
            "text": "If they are like a beam to you, [then it is] permitted and if not, [you may] not."
        }, 
        {
            "segmentNumber": "36", 
            "he": "א\"ר שמואל בר נחמני א\"ר יונתן", 
            "links": [], 
            "text": "Shmuel b. Nahmani said [that] R. Yonatan said:"
        }, 
        {
            "segmentNumber": "37", 
            "he": "מותר להסתכל בפני כלה כל שבעה כדי לחבבה על בעלה", 
            "links": [
                {
                    "category": "Commentary", 
                    "sourceHeRef": "רש\"י על כתובות י״ז א:ל״ז:א׳", 
                    "index_title": "Rashi on Ketubot", 
                    "sourceRef": "Rashi on Ketubot 17a:37:1"
                }, 
                {
                    "category": "Commentary", 
                    "sourceHeRef": " פסקי הראש על כתובות ב׳:ג׳:א׳", 
                    "index_title": "Rosh on Ketubot", 
                    "sourceRef": "Rosh on Ketubot 2:3:1"
                }, 
                {
                    "category": "Commentary", 
                    "sourceHeRef": "שיטה מקובצת על כתובות י״ז א:ו׳", 
                    "index_title": "Shita Mekubetzet on Ketubot", 
                    "sourceRef": "Shita Mekubetzet on Ketubot 17a:6"
                }
            ], 
            "text": "It is permitted to look at the face of the bride all the seven days in order to make her beloved to her husband."
        }, 
        {
            "segmentNumber": "38", 
            "he": "ולית הלכתא כוותיה", 
            "links": [
                {
                    "category": "Commentary", 
                    "sourceHeRef": "שיטה מקובצת על כתובות י״ז א:ז׳", 
                    "index_title": "Shita Mekubetzet on Ketubot", 
                    "sourceRef": "Shita Mekubetzet on Ketubot 17a:7"
                }
            ], 
            "text": "But the halakhah is not according to him."
        }, 
        {
            "segmentNumber": "39", 
            "he": "ת\"ר", 
            "links": [], 
            "text": "Our Rabbis taught:"
        }, 
        {
            "segmentNumber": "40", 
            "he": "מעבירין את המת מלפני כלה וזה וזה מלפני מלך ישראל", 
            "links": [
                {
                    "category": "Commentary", 
                    "sourceHeRef": "רש\"י על כתובות י״ז א:מ׳:א׳", 
                    "index_title": "Rashi on Ketubot", 
                    "sourceRef": "Rashi on Ketubot 17a:40:1"
                }, 
                {
                    "category": "Commentary", 
                    "sourceHeRef": " פסקי הראש על כתובות ב׳:ד׳:א׳", 
                    "index_title": "Rosh on Ketubot", 
                    "sourceRef": "Rosh on Ketubot 2:4:1"
                }
            ], 
            "text": "They move aside a funeral procession to make way for a bridal procession, and both of them for the King of Israel. "
        }, 
        {
            "segmentNumber": "41", 
            "he": "אמרו עליו על אגריפס המלך שעבר מלפני כלה ושבחוהו חכמים", 
            "links": [], 
            "text": "They said of King Agrippa that he made way for a bride, and the sages praised him."
        }, 
        {
            "segmentNumber": "42", 
            "he": "שבחוהו מכלל דשפיר עבד", 
            "links": [
                {
                    "category": "Commentary", 
                    "sourceHeRef": "שיטה מקובצת על כתובות י״ז א:ט׳", 
                    "index_title": "Shita Mekubetzet on Ketubot", 
                    "sourceRef": "Shita Mekubetzet on Ketubot 17a:9"
                }
            ], 
            "text": "They praised him, from this we can conclude that what he did was appropriate."
        }, 
        {
            "segmentNumber": "43", 
            "he": "והא א\"ר אשי", 
            "links": [], 
            "text": "But did not R. Ashi say:"
        }, 
        {
            "segmentNumber": "44", 
            "he": "אפילו למ\"ד נשיא שמחל על כבודו כבודו מחול מלך שמחל על כבודו אין כבודו מחול", 
            "links": [
                {
                    "category": "Commentary", 
                    "sourceHeRef": "רש\"י על כתובות י״ז א:מ״ד:א׳", 
                    "index_title": "Rashi on Ketubot", 
                    "sourceRef": "Rashi on Ketubot 17a:44:1"
                }, 
                {
                    "category": "Commentary", 
                    "sourceHeRef": "תוספות על כתובות י״ז א:מ״ד:א׳", 
                    "index_title": "Tosafot on Ketubot", 
                    "sourceRef": "Tosafot on Ketubot 17a:44:1"
                }
            ], 
            "text": "Even according to he who says [that] if a prince forgoes his honor, his honor is forgone, if a king forgoes his honor, his honor is not forgone"
        }, 
        {
            "segmentNumber": "45", 
            "he": "דאמר מר", 
            "links": [], 
            "text": "for a Master said:"
        }, 
        {
            "segmentNumber": "46", 
            "he": "(דברים יז, טו) שום תשים עליך מלך שתהא אימתו עליך", 
            "links": [
                {
                    "category": "Commentary", 
                    "sourceHeRef": "רש\"י על כתובות י״ז א:מ״ו:א׳", 
                    "index_title": "Rashi on Ketubot", 
                    "sourceRef": "Rashi on Ketubot 17a:46:1"
                }, 
                {
                    "category": "Tanakh", 
                    "sourceHeRef": "דברים י״ז:ט״ו", 
                    "index_title": "Deuteronomy", 
                    "sourceRef": "Deuteronomy 17:15"
                }, 
                {
                    "category": "Commentary", 
                    "sourceHeRef": "מהר\"ם שיף על כתובות י״ז א:ג׳", 
                    "index_title": "Maharam Shif on Ketubot", 
                    "sourceRef": "Maharam Shif on Ketubot 17a:3"
                }
            ], 
            "text": "You shall set over yourself a king” (Deuteronomy 17:15) [this means] that his awe shall be over your? "
        }, 
        {
            "segmentNumber": "47", 
            "he": "פרשת דרכים הואי", 
            "links": [
                {
                    "category": "Commentary", 
                    "sourceHeRef": "רש\"י על כתובות י״ז א:מ״ז:א׳", 
                    "index_title": "Rashi on Ketubot", 
                    "sourceRef": "Rashi on Ketubot 17a:47:1"
                }, 
                {
                    "category": "Commentary", 
                    "sourceHeRef": "תוספות על כתובות י״ז א:מ״ז:א׳", 
                    "index_title": "Tosafot on Ketubot", 
                    "sourceRef": "Tosafot on Ketubot 17a:47:1"
                }
            ], 
            "text": "It was [at] a crossroads."
        }, 
        {
            "segmentNumber": "48", 
            "he": "תנו רבנן", 
            "links": [], 
            "text": "Our Rabbis taught:"
        }, 
        {
            "segmentNumber": "49", 
            "he": "מבטלין תלמוד תורה להוצאת המת ולהכנסת כלה", 
            "links": [
                {
                    "category": "Commentary", 
                    "sourceHeRef": "תוספות על כתובות י״ז א:מ״ט:א׳", 
                    "index_title": "Tosafot on Ketubot", 
                    "sourceRef": "Tosafot on Ketubot 17a:49:1"
                }, 
                {
                    "category": "Commentary", 
                    "sourceHeRef": "תוספות על כתובות י״ז א:מ״ט:ב׳", 
                    "index_title": "Tosafot on Ketubot", 
                    "sourceRef": "Tosafot on Ketubot 17a:49:2"
                }, 
                {
                    "category": "Commentary", 
                    "sourceHeRef": " פסקי הראש על כתובות ב׳:ה׳:א׳", 
                    "index_title": "Rosh on Ketubot", 
                    "sourceRef": "Rosh on Ketubot 2:5:1"
                }, 
                {
                    "category": "Commentary", 
                    "sourceHeRef": "מהר\"ם שיף על כתובות י״ז א:ד׳", 
                    "index_title": "Maharam Shif on Ketubot", 
                    "sourceRef": "Maharam Shif on Ketubot 17a:4"
                }
            ], 
            "text": "One interrupts the study of the Torah for the sake of a funeral procession and bringing the bride [into the huppah]."
        }, 
        {
            "segmentNumber": "50", 
            "he": "אמרו עליו על רבי יהודה ברבי אלעאי שהיה מבטל תלמוד תורה להוצאת המת ולהכנסת כלה", 
            "links": [], 
            "text": "They said about R. Judah b. Ila’i that he would interrupt the study of Torah for the sake of a funeral procession and bringing the bride [into the huppah]."
        }, 
        {
            "segmentNumber": "51", 
            "he": "במה דברים אמורים כשאין עמו כל צרכו אבל יש עמו כל צרכו אין מבטלין", 
            "links": [], 
            "text": "When is this so? When there are not sufficient people at the funeral procession,   but if there are sufficient people one does not interrupt [the study of the Torah]."
        }, 
        {
            "segmentNumber": "52", 
            "he": "וכמה כל צרכו", 
            "links": [
                {
                    "category": "Commentary", 
                    "sourceHeRef": "שיטה מקובצת על כתובות י״ז א:י״ג", 
                    "index_title": "Shita Mekubetzet on Ketubot", 
                    "sourceRef": "Shita Mekubetzet on Ketubot 17a:13"
                }
            ], 
            "text": "And how many are sufficient?"
        }, 
        {
            "segmentNumber": "53", 
            "he": "אמר רב שמואל בר איני משמיה דרב", 
            "links": [], 
            "text": "R. Shmuel the son of Ini said in the name of Rav:"
        }, 
        {
            "segmentNumber": "54", 
            "he": "תריסר אלפי גברי ושיתא אלפי שיפורי", 
            "links": [
                {
                    "category": "Commentary", 
                    "sourceHeRef": "רש\"י על כתובות י״ז א:נ״ד:א׳", 
                    "index_title": "Rashi on Ketubot", 
                    "sourceRef": "Rashi on Ketubot 17a:54:1"
                }
            ], 
            "text": "Twelve thousand men and six thousand trumpets."
        }, 
        {
            "segmentNumber": "55", 
            "he": "ואמרי לה", 
            "links": [], 
            "text": "And some say:"
        }, 
        {
            "segmentNumber": "56", 
            "he": "תליסר אלפי גברי ומינייהו שיתא אלפי שיפורי", 
            "links": [], 
            "text": "Thirteen thousand men and among them six thousand trumpets."
        }, 
        {
            "segmentNumber": "57", 
            "he": "עולא אמר", 
            "links": [], 
            "text": "Ulla said:"
        }, 
        {
            "segmentNumber": "58", 
            "he": "כגון דחייצי גברי מאבולא ועד סיכרא", 
            "links": [
                {
                    "category": "Commentary", 
                    "sourceHeRef": "רש\"י על כתובות י״ז א:נ״ח:א׳", 
                    "index_title": "Rashi on Ketubot", 
                    "sourceRef": "Rashi on Ketubot 17a:58:1"
                }
            ], 
            "text": "For instance when people form a line from the city-gate to the burial place."
        }, 
        {
            "segmentNumber": "59", 
            "he": "רב ששת ואיתימא רבי יוחנן אמר", 
            "links": [], 
            "text": "Sheshet, and some say R. Yohanan said: "
        }, 
        {
            "segmentNumber": "60", 
            "he": "נטילתה כנתינתה מה נתינתה בששים רבוא אף נטילתה בששים רבוא", 
            "links": [
                {
                    "category": "Commentary", 
                    "sourceHeRef": "רש\"י על כתובות י״ז א:ס׳:א׳", 
                    "index_title": "Rashi on Ketubot", 
                    "sourceRef": "Rashi on Ketubot 17a:60:1"
                }, 
                {
                    "category": "Commentary", 
                    "sourceHeRef": "שיטה מקובצת על כתובות י״ז א:י״ד", 
                    "index_title": "Shita Mekubetzet on Ketubot", 
                    "sourceRef": "Shita Mekubetzet on Ketubot 17a:14"
                }
            ], 
            "text": "Its taking away is like its giving. Just as its giving was in [the presence of] sixty myriads of people, so its taking away should be in [the presence of] sixty myriads of people."
        }, 
        {
            "segmentNumber": "61", 
            "he": "וה\"מ למאן דקרי ותני", 
            "links": [
                {
                    "category": "Commentary", 
                    "sourceHeRef": "רש\"י על כתובות י״ז א:ס״א:א׳", 
                    "index_title": "Rashi on Ketubot", 
                    "sourceRef": "Rashi on Ketubot 17a:61:1"
                }, 
                {
                    "category": "Commentary", 
                    "sourceHeRef": "רש\"י על כתובות י״ז א:ס״א:ב׳", 
                    "index_title": "Rashi on Ketubot", 
                    "sourceRef": "Rashi on Ketubot 17a:61:2"
                }
            ], 
            "text": "And this is the case only with regard to one who read [the Bible] and recited [the oral Torah.]  "
        }
    ], 
    "heRef": "כתובות י״ז א", 
    "toSections": [
        "17a"
    ], 
    "sectionRef": "Ketubot 17a", 
    "title": "Ketubot 17a", 
    "lengths": [
        222, 
        11174
    ], 
    "next": "Ketubot 17b", 
    "heBook": "כתובות", 
    "book": "Ketubot", 
    "prev": "Ketubot 16b", 
    "textDepth": 2, 
    "sectionNames": [
        "Daf", 
        "Line"
    ], 
    "sections": [
        "17a"
    ], 
    "isComplex": false, 
    "titleVariants": [
        "Kethuvoth", 
        "Ketubot", 
        "Masekhet Ketubot", 
        "Tractate Ketubot", 
        "Ketuvot", 
        "Talmud Ketubot"
    ], 
    "categories": [
        "Talmud", 
        "Bavli", 
        "Seder Nashim"
    ], 
    "ref": "Ketubot 17a", 
    "type": "Talmud", 
    "addressTypes": [
        "Talmud", 
        "Integer"
    ], 
    "length": 222, 
    "indexTitle": "Ketubot", 
    "heIndexTitle": "כתובות", 
    "alts": [], 
    "order": [
        14, 
        2
    ]
}