{
    "heTitleVariants": [
        " קרבן נתנאל על כתובות"
    ], 
    "heTitle": " קרבן נתנאל על כתובות", 
    "heRef": " קרבן נתנאל על כתובות מ׳", 
    "toSections": [
        40
    ], 
    "sectionRef": "Korban Netanel on Ketubot 40", 
    "next": "Korban Netanel on Ketubot 41", 
    "content": [
        {
            "segmentNumber": "1", 
            "he": "<b>  אבל </b>  אי אמרי שלא ידעו כו' ושוב נתברר להם מהימני. אפילו בשכתב ידן יוצא ממקום אחר שאין זה כחוזר ומגיד אלא עדות אחרת היא זו שנודע להן אח\"כ ה\"ל כמעידים על השטר שחתומים עליו שפרע או מחלו לו. כ\"כ הש\"ך סי' מ\"ו ס\"ק קי\"ד: \n", 
            "links": [
                {
                    "category": "Commentary", 
                    "sourceHeRef": " פסקי הראש על כתובות ב׳:י׳:א׳", 
                    "index_title": "Rosh on Ketubot", 
                    "sourceRef": "Rosh on Ketubot 2:10:1"
                }
            ], 
            "text": ""
        }
    ], 
    "book": "Korban Netanel on Ketubot", 
    "prev": "Korban Netanel on Ketubot 39", 
    "textDepth": 2, 
    "sectionNames": [
        "Seif", 
        "siman"
    ], 
    "sections": [
        40
    ], 
    "isComplex": false, 
    "titleVariants": [
        "Korban Netanel on Ketubot"
    ], 
    "categories": [
        "Commentary2", 
        "Talmud", 
        "Korban Netanel"
    ], 
    "ref": "Korban Netanel on Ketubot 40", 
    "type": "Commentary2", 
    "addressTypes": [
        "Integer", 
        "Integer"
    ], 
    "indexTitle": "Korban Netanel on Ketubot", 
    "heIndexTitle": " קרבן נתנאל על כתובות", 
    "alts": [], 
    "order": ""
}