{
    "heTitleVariants": [
        " קרבן נתנאל על כתובות"
    ], 
    "heTitle": " קרבן נתנאל על כתובות", 
    "heRef": " קרבן נתנאל על כתובות ל״ג", 
    "toSections": [
        33
    ], 
    "sectionRef": "Korban Netanel on Ketubot 33", 
    "next": "Korban Netanel on Ketubot 34", 
    "content": [], 
    "book": "Korban Netanel on Ketubot", 
    "prev": "Korban Netanel on Ketubot 32", 
    "textDepth": 2, 
    "sectionNames": [
        "Seif", 
        "siman"
    ], 
    "sections": [
        33
    ], 
    "isComplex": false, 
    "titleVariants": [
        "Korban Netanel on Ketubot"
    ], 
    "categories": [
        "Commentary2", 
        "Talmud", 
        "Korban Netanel"
    ], 
    "ref": "Korban Netanel on Ketubot 33", 
    "type": "Commentary2", 
    "addressTypes": [
        "Integer", 
        "Integer"
    ], 
    "indexTitle": "Korban Netanel on Ketubot", 
    "heIndexTitle": " קרבן נתנאל על כתובות", 
    "alts": [], 
    "order": ""
}