{
    "heTitleVariants": [
        " קרבן נתנאל על כתובות"
    ], 
    "heTitle": " קרבן נתנאל על כתובות", 
    "heRef": " קרבן נתנאל על כתובות ו׳", 
    "toSections": [
        6
    ], 
    "sectionRef": "Korban Netanel on Ketubot 6", 
    "next": "Korban Netanel on Ketubot 8", 
    "content": [
        {
            "segmentNumber": "1", 
            "he": "<b>  דתניא </b>  באבל רבתי. והר\"ן והרא\"ה הביאו ג\"כ קושיא זו זו ובמס' שמחות פרק ז' שלפנינו ליתא להך ברייתא אך ביבמות פ' החולץ דף מ\"ג ד\"ה במקום שמותר הביאו תוס' בשם בה\"ג שגרס בברייתא דפ' בתרא דמועד קטן והאשה מותרת בנטילת שער לאחר ז' ע\"ש ובמהרש\"א שם ועיין במ\"ש רבינו בפ' ואלו מגלחין ס\"ס ק': \n", 
            "links": [
                {
                    "category": "Commentary", 
                    "sourceHeRef": " פסקי הראש על כתובות א׳:ו׳:א׳", 
                    "index_title": "Rosh on Ketubot", 
                    "sourceRef": "Rosh on Ketubot 1:6:1"
                }
            ], 
            "text": ""
        }, 
        {
            "segmentNumber": "2", 
            "he": "<b>  ומוכח </b>  התם דכל דין שלשים דהיינו תספורת וגיהוץ אינו נוהג בא\"א. ואני לא מצאתי שם הוכחה לדין זה. אבל מן השכל הוא כי היכי דשרינן תספורת כדי שלא תתגנה על בעלה ה\"ה גיהוץ דמ\"ש: \n", 
            "links": [
                {
                    "category": "Commentary", 
                    "sourceHeRef": " פסקי הראש על כתובות א׳:ו׳:א׳", 
                    "index_title": "Rosh on Ketubot", 
                    "sourceRef": "Rosh on Ketubot 1:6:1"
                }
            ], 
            "text": ""
        }, 
        {
            "segmentNumber": "3", 
            "he": "<b>  והיא </b>  מתקשטת ככלה אפילו בתוך שבעת ימי האבילות. ויש לדקדק לפי מה דמסיק רב אשי כיון דאקילו בה רבנן אתי לזלזולי מ\"ה ישן בין האנשים א\"כ בהך אבילות אקילו רבנן בה יותר דתתקשט עצמה ככלה אפילו תוך שבעה מן הסברא נמי דאסרינן ביחוד ולא מצינו בשום פוסק שזכר דין זה. ויש לחלק דעיקר קולא שחייש רב אשי שהתירו לו שמחת חופה וביאה כדי לדחות האבילות מעליו שהיה לו קדימה כמ\"ש רבינו בסמוך בהשגתו על הרמ\"ה. אבל בכלה כל שלשים יום כ\"ע ידעי הא דמקלינן משום דהוי ככלה כל שלשים יום והחופה והנשואין היו חלי' קודם לאבילתה: \n", 
            "links": [
                {
                    "category": "Commentary", 
                    "sourceHeRef": " פסקי הראש על כתובות א׳:ו׳:א׳", 
                    "index_title": "Rosh on Ketubot", 
                    "sourceRef": "Rosh on Ketubot 1:6:1"
                }
            ], 
            "text": ""
        }, 
        {
            "segmentNumber": "4", 
            "he": "<b>  דהתם </b>  נהג דין שלשים שהוא גיהוץ ותספורת תוך הרגל. שהרי מתורת רגל מותר ללבוש כלים מגוהצים חדשים ולבנים ונוטל צפרניו במספרים אבל מתורת אבל אסור בהם דהוי דבר שבצנעא דמי יאמר שיש לו בגד מגוהץ כ\"כ הרמב\"ן. ועי\"ל אע\"פ שאין נוהג איסור מחמת אבילות טפי מרגל אלא מה שאסור ברגל מ\"מ עולה הרגל למנין ל' כיון דעכ\"פ נוהג בו איסור: \n", 
            "links": [
                {
                    "category": "Commentary", 
                    "sourceHeRef": " פסקי הראש על כתובות א׳:ו׳:א׳", 
                    "index_title": "Rosh on Ketubot", 
                    "sourceRef": "Rosh on Ketubot 1:6:1"
                }
            ], 
            "text": ""
        }, 
        {
            "segmentNumber": "5", 
            "he": "<b>  וגם </b>  כתבתי שם מי שמת אביו ואמו דמותר לישא אחר שלשים. היינו בשיש לו בנים ע\"ש: \n", 
            "links": [
                {
                    "category": "Commentary", 
                    "sourceHeRef": " פסקי הראש על כתובות א׳:ו׳:א׳", 
                    "index_title": "Rosh on Ketubot", 
                    "sourceRef": "Rosh on Ketubot 1:6:1"
                }
            ], 
            "text": ""
        }, 
        {
            "segmentNumber": "6", 
            "he": "<b>  ושמעינן </b>  מהא כו' עד שבעת ימי המשתה ברישא. ע\"כ דברי רב אלפס: @11ה\"ג", 
            "links": [
                {
                    "category": "Commentary", 
                    "sourceHeRef": " פסקי הראש על כתובות א׳:ו׳:א׳", 
                    "index_title": "Rosh on Ketubot", 
                    "sourceRef": "Rosh on Ketubot 1:6:1"
                }
            ], 
            "text": ""
        }
    ], 
    "book": "Korban Netanel on Ketubot", 
    "prev": "Korban Netanel on Ketubot 5", 
    "textDepth": 2, 
    "sectionNames": [
        "Seif", 
        "siman"
    ], 
    "sections": [
        6
    ], 
    "isComplex": false, 
    "titleVariants": [
        "Korban Netanel on Ketubot"
    ], 
    "categories": [
        "Commentary2", 
        "Talmud", 
        "Korban Netanel"
    ], 
    "ref": "Korban Netanel on Ketubot 6", 
    "type": "Commentary2", 
    "addressTypes": [
        "Integer", 
        "Integer"
    ], 
    "indexTitle": "Korban Netanel on Ketubot", 
    "heIndexTitle": " קרבן נתנאל על כתובות", 
    "alts": [], 
    "order": ""
}