{
    "heTitleVariants": [
        " קרבן נתנאל על כתובות"
    ], 
    "heTitle": " קרבן נתנאל על כתובות", 
    "heRef": " קרבן נתנאל על כתובות ל״ה", 
    "toSections": [
        35
    ], 
    "sectionRef": "Korban Netanel on Ketubot 35", 
    "next": "Korban Netanel on Ketubot 37", 
    "content": [
        {
            "segmentNumber": "1", 
            "he": "<b>  אין </b>  חבורות אחרות צריכות להתבטל ממלאכתן. וכ\"ש שאין מבטלין ת\"ת: \n", 
            "links": [
                {
                    "category": "Commentary", 
                    "sourceHeRef": " פסקי הראש על כתובות ב׳:ה׳:א׳", 
                    "index_title": "Rosh on Ketubot", 
                    "sourceRef": "Rosh on Ketubot 2:5:1"
                }
            ], 
            "text": ""
        }, 
        {
            "segmentNumber": "2", 
            "he": "<b>  כולן </b>  צריכין לבא. אפי' למאן דלא קרי ותני וכמ\"ש רבינו בסמוך ובפ' אלו מגלחין סימן ק\"ח: \n", 
            "links": [
                {
                    "category": "Commentary", 
                    "sourceHeRef": " פסקי הראש על כתובות ב׳:ה׳:א׳", 
                    "index_title": "Rosh on Ketubot", 
                    "sourceRef": "Rosh on Ketubot 2:5:1"
                }
            ], 
            "text": ""
        }, 
        {
            "segmentNumber": "3", 
            "he": "<b>  ואי </b>  כל אדם חייב לבטל ת\"ת מאי רבותא דר\"י. ואין לומר דר\"י היה מבטל ת\"ת אפי' כשהיה עמו כל צרכו. דא\"כ הכא ה\"ל לתנא לסדר הך אמרו עליו על ר\"י בתר בד\"א בשאין עמו כל צרכו הא יש עמו כל צרכו אין מבטלין אמרו עליו על ר\"י שהיה מבעל שהיה משמעותו אפי' יש עמו כל צרכו: \n", 
            "links": [
                {
                    "category": "Commentary", 
                    "sourceHeRef": " פסקי הראש על כתובות ב׳:ה׳:א׳", 
                    "index_title": "Rosh on Ketubot", 
                    "sourceRef": "Rosh on Ketubot 2:5:1"
                }
            ], 
            "text": ""
        }, 
        {
            "segmentNumber": "4", 
            "he": "<b>  ועוד </b>  מביאין ראיה מן הירושלמי. והך עובדא דהירושלמי בפ' מי שמתו הלכה א' מהו שיטמא כהן לכבוד התורה ר' יוסי הוי מתני ועאל מיתא מאן דנפיק ליה לא א\"ל כלום. מאן דיתיב ליה לא א\"ל כלום משמע דהך עובדא איירי שאין מצריכין לכהן לצאת מפני הטומאה דמותר לטמא לת\"ת צ\"ל דס\"ל דתרי עובדא הוי: \n", 
            "links": [
                {
                    "category": "Commentary", 
                    "sourceHeRef": " פסקי הראש על כתובות ב׳:ה׳:א׳", 
                    "index_title": "Rosh on Ketubot", 
                    "sourceRef": "Rosh on Ketubot 2:5:1"
                }
            ], 
            "text": ""
        }, 
        {
            "segmentNumber": "5", 
            "he": "<b>  והוו </b>  תמן. באותו העיר: \n", 
            "links": [
                {
                    "category": "Commentary", 
                    "sourceHeRef": " פסקי הראש על כתובות ב׳:ה׳:א׳", 
                    "index_title": "Rosh on Ketubot", 
                    "sourceRef": "Rosh on Ketubot 2:5:1"
                }
            ], 
            "text": ""
        }, 
        {
            "segmentNumber": "6", 
            "he": "<b>  מאן </b>  דנפק לא א\"ל כלום. למה אתה מפסיק מלימודך: \n", 
            "links": [
                {
                    "category": "Commentary", 
                    "sourceHeRef": " פסקי הראש על כתובות ב׳:ה׳:א׳", 
                    "index_title": "Rosh on Ketubot", 
                    "sourceRef": "Rosh on Ketubot 2:5:1"
                }
            ], 
            "text": ""
        }, 
        {
            "segmentNumber": "7", 
            "he": "<b>  מאן </b>  דיתיב לא א\"ל כלום. למה אינו עוסק בהוצאת המת: \n", 
            "links": [
                {
                    "category": "Commentary", 
                    "sourceHeRef": " פסקי הראש על כתובות ב׳:ה׳:א׳", 
                    "index_title": "Rosh on Ketubot", 
                    "sourceRef": "Rosh on Ketubot 2:5:1"
                }
            ], 
            "text": ""
        }, 
        {
            "segmentNumber": "8", 
            "he": "<b>  וההיא </b>  דר\"י מייתי סייעתא מיניה. לענין החיוב אשאר העם שמבטלין ת\"ת להוצאת המת. אבל למי שתורתו אומנתו אין התיוב לבטל מלימודו דאל\"כ מאי רבותיה דר\"י בן אלעאי אלא ודאי מי שתורתו אומנתו רשאי. ואמרו עליו על ר\"י שהיה מנהיג עצמו כחיוב ומבטל תמיד. ודלא כב\"ש סי' ס\"ד ס\"ק ג' שכתב אפילו מי שתורתו אומנתו חייב לבטל: \n", 
            "links": [
                {
                    "category": "Commentary", 
                    "sourceHeRef": " פסקי הראש על כתובות ב׳:ה׳:א׳", 
                    "index_title": "Rosh on Ketubot", 
                    "sourceRef": "Rosh on Ketubot 2:5:1"
                }
            ], 
            "text": ""
        }, 
        {
            "segmentNumber": "9", 
            "he": "<b>  וההיא </b>  דירושלמי הכי פירושא. וא\"ת דה\"ל למדחי דההיא דירושלמי תורתו אומנתו היה. וי\"ל לדברי היש מפרשים קאי אהתלמידים שלא אמרו להם כלום וכי לא יש מהם שאין תורתם אומנתם: \n", 
            "links": [
                {
                    "category": "Commentary", 
                    "sourceHeRef": " פסקי הראש על כתובות ב׳:ה׳:א׳", 
                    "index_title": "Rosh on Ketubot", 
                    "sourceRef": "Rosh on Ketubot 2:5:1"
                }
            ], 
            "text": ""
        }, 
        {
            "segmentNumber": "10", 
            "he": "<b>  אבל </b>  טומאה דאורייתא לא. ואפשר לומר דהירושלמי איירי בטומאת המשכה דהיא נמי לא הוה אלא מדרבנן כמ\"ש הש\"ך טוי\"ד סי' שע\"ב בשם כל הפוסקים: \n", 
            "links": [
                {
                    "category": "Commentary", 
                    "sourceHeRef": " פסקי הראש על כתובות ב׳:ה׳:א׳", 
                    "index_title": "Rosh on Ketubot", 
                    "sourceRef": "Rosh on Ketubot 2:5:1"
                }
            ], 
            "text": ""
        }, 
        {
            "segmentNumber": "11", 
            "he": "<b>  התלמוד </b>  קודם למעשה. ומיירי למאן דלא קרי ותני בה\"ג: \n", 
            "links": [
                {
                    "category": "Commentary", 
                    "sourceHeRef": " פסקי הראש על כתובות ב׳:ה׳:א׳", 
                    "index_title": "Rosh on Ketubot", 
                    "sourceRef": "Rosh on Ketubot 2:5:1"
                }
            ], 
            "text": ""
        }
    ], 
    "book": "Korban Netanel on Ketubot", 
    "prev": "Korban Netanel on Ketubot 34", 
    "textDepth": 2, 
    "sectionNames": [
        "Seif", 
        "siman"
    ], 
    "sections": [
        35
    ], 
    "isComplex": false, 
    "titleVariants": [
        "Korban Netanel on Ketubot"
    ], 
    "categories": [
        "Commentary2", 
        "Talmud", 
        "Korban Netanel"
    ], 
    "ref": "Korban Netanel on Ketubot 35", 
    "type": "Commentary2", 
    "addressTypes": [
        "Integer", 
        "Integer"
    ], 
    "indexTitle": "Korban Netanel on Ketubot", 
    "heIndexTitle": " קרבן נתנאל על כתובות", 
    "alts": [], 
    "order": ""
}