{
    "heTitleVariants": [
        " קרבן נתנאל על כתובות"
    ], 
    "heTitle": " קרבן נתנאל על כתובות", 
    "heRef": " קרבן נתנאל על כתובות ש״ד", 
    "toSections": [
        304
    ], 
    "sectionRef": "Korban Netanel on Ketubot 304", 
    "next": "Korban Netanel on Ketubot 305", 
    "content": [
        {
            "segmentNumber": "1", 
            "he": "<b>  כי </b>  פליגי דאית ליה לחד עידית ובינונית. הא דלא הביא הרי\"ף ורבינו דין ביומא דמשלים זימניה. ודברי בעל המאור והרמב\"ן באריכות עי' בש\"ך ח\"מ סי' פ\"ה ס\"ק ז': \n", 
            "links": [
                {
                    "category": "Commentary", 
                    "sourceHeRef": " פסקי הראש על כתובות י״ג:ט״ז:ב׳", 
                    "index_title": "Rosh on Ketubot", 
                    "sourceRef": "Rosh on Ketubot 13:16:2"
                }
            ], 
            "text": ""
        }
    ], 
    "book": "Korban Netanel on Ketubot", 
    "prev": "Korban Netanel on Ketubot 303", 
    "textDepth": 2, 
    "sectionNames": [
        "Seif", 
        "siman"
    ], 
    "sections": [
        304
    ], 
    "isComplex": false, 
    "titleVariants": [
        "Korban Netanel on Ketubot"
    ], 
    "categories": [
        "Commentary2", 
        "Talmud", 
        "Korban Netanel"
    ], 
    "ref": "Korban Netanel on Ketubot 304", 
    "type": "Commentary2", 
    "addressTypes": [
        "Integer", 
        "Integer"
    ], 
    "indexTitle": "Korban Netanel on Ketubot", 
    "heIndexTitle": " קרבן נתנאל על כתובות", 
    "alts": [], 
    "order": ""
}