{
    "heTitleVariants": [
        " קרבן נתנאל על כתובות"
    ], 
    "heTitle": " קרבן נתנאל על כתובות", 
    "heRef": " קרבן נתנאל על כתובות קמ״ט", 
    "toSections": [
        149
    ], 
    "sectionRef": "Korban Netanel on Ketubot 149", 
    "next": "Korban Netanel on Ketubot 150", 
    "content": [
        {
            "segmentNumber": "1", 
            "he": "<b>  והכי </b>  משמע. דלא תימא כמאן דפריש בירושלמי פירושא אחרינא דוקא בפוסק מעות לחתנו שאמר לו בפירוש כשתכניס את בתי אתן לך כך וכך. אבל סתמא קנתה בתו והיבם. ע\"ז כתב דהכי משמע כפי' הרי\"ף דאפילו בסתמא מדקאמר הירושלמי פוסק ע\"מ כו' ולא קאמר כשפסק עיין מגיד משנה והר\"ן: \n", 
            "links": [
                {
                    "category": "Commentary", 
                    "sourceHeRef": " פסקי הראש על כתובות ו׳:ג׳:ב׳", 
                    "sourceRef": "Rosh on Ketubot 6:3:2", 
                    "ref": "Rosh on Ketubot 6:3:2"
                }
            ], 
            "text": ""
        }, 
        {
            "segmentNumber": "2", 
            "he": "<b>  יחזיר </b>  המעות לאב. עיין פרק נערה סי' י\"ט: \n", 
            "links": [
                {
                    "category": "Commentary", 
                    "sourceHeRef": " פסקי הראש על כתובות ו׳:ג׳:ב׳", 
                    "sourceRef": "Rosh on Ketubot 6:3:2", 
                    "ref": "Rosh on Ketubot 6:3:2"
                }
            ], 
            "text": ""
        }
    ], 
    "book": "Korban Netanel on Ketubot", 
    "prev": "Korban Netanel on Ketubot 148", 
    "textDepth": 2, 
    "sectionNames": [
        "Seif", 
        "siman"
    ], 
    "sections": [
        149
    ], 
    "isComplex": false, 
    "titleVariants": [
        "Korban Netanel on Ketubot"
    ], 
    "categories": [
        "Commentary2", 
        "Talmud", 
        "Korban Netanel"
    ], 
    "ref": "Korban Netanel on Ketubot 149", 
    "type": "Commentary2", 
    "addressTypes": [
        "Integer", 
        "Integer"
    ], 
    "indexTitle": "Korban Netanel on Ketubot", 
    "heIndexTitle": " קרבן נתנאל על כתובות", 
    "alts": [], 
    "order": ""
}