[{
    "links": [
        [
            "1242", 
            "Rosh on Berakhot 7:20:1", 
            "Commentary"
        ]
    ], 
    "text": "", 
    "heTitleVariants": [
        " מעדני יום טוב על ברכות"
    ], 
    "heTitle": " מעדני יום טוב על ברכות", 
    "heRef": " מעדני יום טוב על ברכות א׳רמ״ב", 
    "toSections": [
        1242
    ], 
    "sectionRef": "Maadaney Yom Tov on Berakhot", 
    "next": null, 
    "book": "Maadaney Yom Tov on Berakhot", 
    "prev": null, 
    "textDepth": 1, 
    "sectionNames": [
        "Siman"
    ], 
    "sections": [
        1242
    ], 
    "isComplex": false, 
    "titleVariants": [
        "Maadaney Yom Tov on Berakhot"
    ], 
    "categories": [
        "Commentary2", 
        "Talmud", 
        "Maadaney Yom Tov"
    ], 
    "he": "<b>  ובלבד  </b> שיהו תשעה גדולים. עי' בפ' דלקמן ס\"ס ה': \n", 
    "ref": "Maadaney Yom Tov on Berakhot 1242", 
    "type": "Commentary2", 
    "addressTypes": [
        "Integer"
    ], 
    "indexTitle": "Maadaney Yom Tov on Berakhot", 
    "heIndexTitle": " מעדני יום טוב על ברכות", 
    "alts": [], 
    "order": ""
}]