{
    "heTitleVariants": [
        " מעדני יום טוב על ברכות"
    ], 
    "heTitle": " מעדני יום טוב על ברכות", 
    "heRef": " מעדני יום טוב על ברכות תתרכ״א", 
    "toSections": [
        1021
    ], 
    "sectionRef": "Maadaney Yom Tov on Berakhot", 
    "next": null, 
    "content": [
        {
            "segmentNumber": "1", 
            "he": "<", 
            "links": [
                {
                    "category": "Commentary", 
                    "sourceHeRef": " פסקי הראש על ברכות ו׳:כ״ז:א׳", 
                    "sourceRef": "Rosh on Berakhot 6:27:1", 
                    "ref": "Rosh on Berakhot 6:27:1"
                }
            ], 
            "text": ""
        }, 
        {
            "segmentNumber": "2", 
            "he": "b", 
            "links": [
                {
                    "category": "Commentary", 
                    "sourceHeRef": " פסקי הראש על ברכות ו׳:כ״ז:א׳", 
                    "sourceRef": "Rosh on Berakhot 6:27:1", 
                    "ref": "Rosh on Berakhot 6:27:1"
                }
            ], 
            "text": ""
        }, 
        {
            "segmentNumber": "3", 
            "he": ">", 
            "links": [
                {
                    "category": "Commentary", 
                    "sourceHeRef": " פסקי הראש על ברכות ו׳:כ״ז:א׳", 
                    "sourceRef": "Rosh on Berakhot 6:27:1", 
                    "ref": "Rosh on Berakhot 6:27:1"
                }
            ], 
            "text": ""
        }, 
        {
            "segmentNumber": "4", 
            "he": " ", 
            "links": [
                {
                    "category": "Commentary", 
                    "sourceHeRef": " פסקי הראש על ברכות ו׳:כ״ז:א׳", 
                    "sourceRef": "Rosh on Berakhot 6:27:1", 
                    "ref": "Rosh on Berakhot 6:27:1"
                }
            ], 
            "text": ""
        }, 
        {
            "segmentNumber": "5", 
            "he": " ", 
            "links": [
                {
                    "category": "Commentary", 
                    "sourceHeRef": " פסקי הראש על ברכות ו׳:כ״ז:א׳", 
                    "sourceRef": "Rosh on Berakhot 6:27:1", 
                    "ref": "Rosh on Berakhot 6:27:1"
                }
            ], 
            "text": ""
        }, 
        {
            "segmentNumber": "6", 
            "he": "ו", 
            "links": [
                {
                    "category": "Commentary", 
                    "sourceHeRef": " פסקי הראש על ברכות ו׳:כ״ז:א׳", 
                    "sourceRef": "Rosh on Berakhot 6:27:1", 
                    "ref": "Rosh on Berakhot 6:27:1"
                }
            ], 
            "text": ""
        }, 
        {
            "segmentNumber": "7", 
            "he": "מ", 
            "links": [
                {
                    "category": "Commentary", 
                    "sourceHeRef": " פסקי הראש על ברכות ו׳:כ״ז:א׳", 
                    "sourceRef": "Rosh on Berakhot 6:27:1", 
                    "ref": "Rosh on Berakhot 6:27:1"
                }
            ], 
            "text": ""
        }, 
        {
            "segmentNumber": "8", 
            "he": "פ", 
            "links": [
                {
                    "category": "Commentary", 
                    "sourceHeRef": " פסקי הראש על ברכות ו׳:כ״ז:א׳", 
                    "sourceRef": "Rosh on Berakhot 6:27:1", 
                    "ref": "Rosh on Berakhot 6:27:1"
                }
            ], 
            "text": ""
        }, 
        {
            "segmentNumber": "9", 
            "he": "ר", 
            "links": [
                {
                    "category": "Commentary", 
                    "sourceHeRef": " פסקי הראש על ברכות ו׳:כ״ז:א׳", 
                    "sourceRef": "Rosh on Berakhot 6:27:1", 
                    "ref": "Rosh on Berakhot 6:27:1"
                }
            ], 
            "text": ""
        }, 
        {
            "segmentNumber": "10", 
            "he": "ש", 
            "links": [
                {
                    "category": "Commentary", 
                    "sourceHeRef": " פסקי הראש על ברכות ו׳:כ״ז:א׳", 
                    "sourceRef": "Rosh on Berakhot 6:27:1", 
                    "ref": "Rosh on Berakhot 6:27:1"
                }
            ], 
            "text": ""
        }, 
        {
            "segmentNumber": "11", 
            "he": " ", 
            "links": [
                {
                    "category": "Commentary", 
                    "sourceHeRef": " פסקי הראש על ברכות ו׳:כ״ז:א׳", 
                    "sourceRef": "Rosh on Berakhot 6:27:1", 
                    "ref": "Rosh on Berakhot 6:27:1"
                }
            ], 
            "text": ""
        }, 
        {
            "segmentNumber": "12", 
            "he": " ", 
            "links": [
                {
                    "category": "Commentary", 
                    "sourceHeRef": " פסקי הראש על ברכות ו׳:כ״ז:א׳", 
                    "sourceRef": "Rosh on Berakhot 6:27:1", 
                    "ref": "Rosh on Berakhot 6:27:1"
                }
            ], 
            "text": ""
        }, 
        {
            "segmentNumber": "13", 
            "he": "<", 
            "links": [
                {
                    "category": "Commentary", 
                    "sourceHeRef": " פסקי הראש על ברכות ו׳:כ״ז:א׳", 
                    "sourceRef": "Rosh on Berakhot 6:27:1", 
                    "ref": "Rosh on Berakhot 6:27:1"
                }
            ], 
            "text": ""
        }, 
        {
            "segmentNumber": "14", 
            "he": "/", 
            "links": [
                {
                    "category": "Commentary", 
                    "sourceHeRef": " פסקי הראש על ברכות ו׳:כ״ז:א׳", 
                    "sourceRef": "Rosh on Berakhot 6:27:1", 
                    "ref": "Rosh on Berakhot 6:27:1"
                }
            ], 
            "text": ""
        }, 
        {
            "segmentNumber": "15", 
            "he": "b", 
            "links": [
                {
                    "category": "Commentary", 
                    "sourceHeRef": " פסקי הראש על ברכות ו׳:כ״ז:א׳", 
                    "sourceRef": "Rosh on Berakhot 6:27:1", 
                    "ref": "Rosh on Berakhot 6:27:1"
                }
            ], 
            "text": ""
        }, 
        {
            "segmentNumber": "16", 
            "he": ">", 
            "links": [
                {
                    "category": "Commentary", 
                    "sourceHeRef": " פסקי הראש על ברכות ו׳:כ״ז:א׳", 
                    "sourceRef": "Rosh on Berakhot 6:27:1", 
                    "ref": "Rosh on Berakhot 6:27:1"
                }
            ], 
            "text": ""
        }, 
        {
            "segmentNumber": "17", 
            "he": " ", 
            "links": [
                {
                    "category": "Commentary", 
                    "sourceHeRef": " פסקי הראש על ברכות ו׳:כ״ז:א׳", 
                    "sourceRef": "Rosh on Berakhot 6:27:1", 
                    "ref": "Rosh on Berakhot 6:27:1"
                }
            ], 
            "text": ""
        }, 
        {
            "segmentNumber": "18", 
            "he": "ט", 
            "links": [
                {
                    "category": "Commentary", 
                    "sourceHeRef": " פסקי הראש על ברכות ו׳:כ״ז:א׳", 
                    "sourceRef": "Rosh on Berakhot 6:27:1", 
                    "ref": "Rosh on Berakhot 6:27:1"
                }
            ], 
            "text": ""
        }, 
        {
            "segmentNumber": "19", 
            "he": "ע", 
            "links": [
                {
                    "category": "Commentary", 
                    "sourceHeRef": " פסקי הראש על ברכות ו׳:כ״ז:א׳", 
                    "sourceRef": "Rosh on Berakhot 6:27:1", 
                    "ref": "Rosh on Berakhot 6:27:1"
                }
            ], 
            "text": ""
        }, 
        {
            "segmentNumber": "20", 
            "he": "מ", 
            "links": [
                {
                    "category": "Commentary", 
                    "sourceHeRef": " פסקי הראש על ברכות ו׳:כ״ז:א׳", 
                    "sourceRef": "Rosh on Berakhot 6:27:1", 
                    "ref": "Rosh on Berakhot 6:27:1"
                }
            ], 
            "text": ""
        }, 
        {
            "segmentNumber": "21", 
            "he": "א", 
            "links": [
                {
                    "category": "Commentary", 
                    "sourceHeRef": " פסקי הראש על ברכות ו׳:כ״ז:א׳", 
                    "sourceRef": "Rosh on Berakhot 6:27:1", 
                    "ref": "Rosh on Berakhot 6:27:1"
                }
            ], 
            "text": ""
        }, 
        {
            "segmentNumber": "22", 
            "he": " ", 
            "links": [
                {
                    "category": "Commentary", 
                    "sourceHeRef": " פסקי הראש על ברכות ו׳:כ״ז:א׳", 
                    "sourceRef": "Rosh on Berakhot 6:27:1", 
                    "ref": "Rosh on Berakhot 6:27:1"
                }
            ], 
            "text": ""
        }, 
        {
            "segmentNumber": "23", 
            "he": "ב", 
            "links": [
                {
                    "category": "Commentary", 
                    "sourceHeRef": " פסקי הראש על ברכות ו׳:כ״ז:א׳", 
                    "sourceRef": "Rosh on Berakhot 6:27:1", 
                    "ref": "Rosh on Berakhot 6:27:1"
                }
            ], 
            "text": ""
        }, 
        {
            "segmentNumber": "24", 
            "he": "פ", 
            "links": [
                {
                    "category": "Commentary", 
                    "sourceHeRef": " פסקי הראש על ברכות ו׳:כ״ז:א׳", 
                    "sourceRef": "Rosh on Berakhot 6:27:1", 
                    "ref": "Rosh on Berakhot 6:27:1"
                }
            ], 
            "text": ""
        }, 
        {
            "segmentNumber": "25", 
            "he": "ר", 
            "links": [
                {
                    "category": "Commentary", 
                    "sourceHeRef": " פסקי הראש על ברכות ו׳:כ״ז:א׳", 
                    "sourceRef": "Rosh on Berakhot 6:27:1", 
                    "ref": "Rosh on Berakhot 6:27:1"
                }
            ], 
            "text": ""
        }, 
        {
            "segmentNumber": "26", 
            "he": "ק", 
            "links": [
                {
                    "category": "Commentary", 
                    "sourceHeRef": " פסקי הראש על ברכות ו׳:כ״ז:א׳", 
                    "sourceRef": "Rosh on Berakhot 6:27:1", 
                    "ref": "Rosh on Berakhot 6:27:1"
                }
            ], 
            "text": ""
        }, 
        {
            "segmentNumber": "27", 
            "he": " ", 
            "links": [
                {
                    "category": "Commentary", 
                    "sourceHeRef": " פסקי הראש על ברכות ו׳:כ״ז:א׳", 
                    "sourceRef": "Rosh on Berakhot 6:27:1", 
                    "ref": "Rosh on Berakhot 6:27:1"
                }
            ], 
            "text": ""
        }, 
        {
            "segmentNumber": "28", 
            "he": "כ", 
            "links": [
                {
                    "category": "Commentary", 
                    "sourceHeRef": " פסקי הראש על ברכות ו׳:כ״ז:א׳", 
                    "sourceRef": "Rosh on Berakhot 6:27:1", 
                    "ref": "Rosh on Berakhot 6:27:1"
                }
            ], 
            "text": ""
        }, 
        {
            "segmentNumber": "29", 
            "he": "י", 
            "links": [
                {
                    "category": "Commentary", 
                    "sourceHeRef": " פסקי הראש על ברכות ו׳:כ״ז:א׳", 
                    "sourceRef": "Rosh on Berakhot 6:27:1", 
                    "ref": "Rosh on Berakhot 6:27:1"
                }
            ], 
            "text": ""
        }, 
        {
            "segmentNumber": "30", 
            "he": "ס", 
            "links": [
                {
                    "category": "Commentary", 
                    "sourceHeRef": " פסקי הראש על ברכות ו׳:כ״ז:א׳", 
                    "sourceRef": "Rosh on Berakhot 6:27:1", 
                    "ref": "Rosh on Berakhot 6:27:1"
                }
            ], 
            "text": ""
        }, 
        {
            "segmentNumber": "31", 
            "he": "ו", 
            "links": [
                {
                    "category": "Commentary", 
                    "sourceHeRef": " פסקי הראש על ברכות ו׳:כ״ז:א׳", 
                    "sourceRef": "Rosh on Berakhot 6:27:1", 
                    "ref": "Rosh on Berakhot 6:27:1"
                }
            ], 
            "text": ""
        }, 
        {
            "segmentNumber": "32", 
            "he": "י", 
            "links": [
                {
                    "category": "Commentary", 
                    "sourceHeRef": " פסקי הראש על ברכות ו׳:כ״ז:א׳", 
                    "sourceRef": "Rosh on Berakhot 6:27:1", 
                    "ref": "Rosh on Berakhot 6:27:1"
                }
            ], 
            "text": ""
        }, 
        {
            "segmentNumber": "33", 
            "he": " ", 
            "links": [
                {
                    "category": "Commentary", 
                    "sourceHeRef": " פסקי הראש על ברכות ו׳:כ״ז:א׳", 
                    "sourceRef": "Rosh on Berakhot 6:27:1", 
                    "ref": "Rosh on Berakhot 6:27:1"
                }
            ], 
            "text": ""
        }, 
        {
            "segmentNumber": "34", 
            "he": "ה", 
            "links": [
                {
                    "category": "Commentary", 
                    "sourceHeRef": " פסקי הראש על ברכות ו׳:כ״ז:א׳", 
                    "sourceRef": "Rosh on Berakhot 6:27:1", 
                    "ref": "Rosh on Berakhot 6:27:1"
                }
            ], 
            "text": ""
        }, 
        {
            "segmentNumber": "35", 
            "he": "ד", 
            "links": [
                {
                    "category": "Commentary", 
                    "sourceHeRef": " פסקי הראש על ברכות ו׳:כ״ז:א׳", 
                    "sourceRef": "Rosh on Berakhot 6:27:1", 
                    "ref": "Rosh on Berakhot 6:27:1"
                }
            ], 
            "text": ""
        }, 
        {
            "segmentNumber": "36", 
            "he": "ם", 
            "links": [
                {
                    "category": "Commentary", 
                    "sourceHeRef": " פסקי הראש על ברכות ו׳:כ״ז:א׳", 
                    "sourceRef": "Rosh on Berakhot 6:27:1", 
                    "ref": "Rosh on Berakhot 6:27:1"
                }
            ], 
            "text": ""
        }, 
        {
            "segmentNumber": "37", 
            "he": ".", 
            "links": [
                {
                    "category": "Commentary", 
                    "sourceHeRef": " פסקי הראש על ברכות ו׳:כ״ז:א׳", 
                    "sourceRef": "Rosh on Berakhot 6:27:1", 
                    "ref": "Rosh on Berakhot 6:27:1"
                }
            ], 
            "text": ""
        }, 
        {
            "segmentNumber": "38", 
            "he": " ", 
            "links": [
                {
                    "category": "Commentary", 
                    "sourceHeRef": " פסקי הראש על ברכות ו׳:כ״ז:א׳", 
                    "sourceRef": "Rosh on Berakhot 6:27:1", 
                    "ref": "Rosh on Berakhot 6:27:1"
                }
            ], 
            "text": ""
        }, 
        {
            "segmentNumber": "39", 
            "he": "ל", 
            "links": [
                {
                    "category": "Commentary", 
                    "sourceHeRef": " פסקי הראש על ברכות ו׳:כ״ז:א׳", 
                    "sourceRef": "Rosh on Berakhot 6:27:1", 
                    "ref": "Rosh on Berakhot 6:27:1"
                }
            ], 
            "text": ""
        }, 
        {
            "segmentNumber": "40", 
            "he": "א", 
            "links": [
                {
                    "category": "Commentary", 
                    "sourceHeRef": " פסקי הראש על ברכות ו׳:כ״ז:א׳", 
                    "sourceRef": "Rosh on Berakhot 6:27:1", 
                    "ref": "Rosh on Berakhot 6:27:1"
                }
            ], 
            "text": ""
        }, 
        {
            "segmentNumber": "41", 
            "he": " ", 
            "links": [
                {
                    "category": "Commentary", 
                    "sourceHeRef": " פסקי הראש על ברכות ו׳:כ״ז:א׳", 
                    "sourceRef": "Rosh on Berakhot 6:27:1", 
                    "ref": "Rosh on Berakhot 6:27:1"
                }
            ], 
            "text": ""
        }, 
        {
            "segmentNumber": "42", 
            "he": "ב", 
            "links": [
                {
                    "category": "Commentary", 
                    "sourceHeRef": " פסקי הראש על ברכות ו׳:כ״ז:א׳", 
                    "sourceRef": "Rosh on Berakhot 6:27:1", 
                    "ref": "Rosh on Berakhot 6:27:1"
                }
            ], 
            "text": ""
        }, 
        {
            "segmentNumber": "43", 
            "he": "ג", 
            "links": [
                {
                    "category": "Commentary", 
                    "sourceHeRef": " פסקי הראש על ברכות ו׳:כ״ז:א׳", 
                    "sourceRef": "Rosh on Berakhot 6:27:1", 
                    "ref": "Rosh on Berakhot 6:27:1"
                }
            ], 
            "text": ""
        }, 
        {
            "segmentNumber": "44", 
            "he": "מ", 
            "links": [
                {
                    "category": "Commentary", 
                    "sourceHeRef": " פסקי הראש על ברכות ו׳:כ״ז:א׳", 
                    "sourceRef": "Rosh on Berakhot 6:27:1", 
                    "ref": "Rosh on Berakhot 6:27:1"
                }
            ], 
            "text": ""
        }, 
        {
            "segmentNumber": "45", 
            "he": "ר", 
            "links": [
                {
                    "category": "Commentary", 
                    "sourceHeRef": " פסקי הראש על ברכות ו׳:כ״ז:א׳", 
                    "sourceRef": "Rosh on Berakhot 6:27:1", 
                    "ref": "Rosh on Berakhot 6:27:1"
                }
            ], 
            "text": ""
        }, 
        {
            "segmentNumber": "46", 
            "he": "א", 
            "links": [
                {
                    "category": "Commentary", 
                    "sourceHeRef": " פסקי הראש על ברכות ו׳:כ״ז:א׳", 
                    "sourceRef": "Rosh on Berakhot 6:27:1", 
                    "ref": "Rosh on Berakhot 6:27:1"
                }
            ], 
            "text": ""
        }, 
        {
            "segmentNumber": "47", 
            "he": " ", 
            "links": [
                {
                    "category": "Commentary", 
                    "sourceHeRef": " פסקי הראש על ברכות ו׳:כ״ז:א׳", 
                    "sourceRef": "Rosh on Berakhot 6:27:1", 
                    "ref": "Rosh on Berakhot 6:27:1"
                }
            ], 
            "text": ""
        }, 
        {
            "segmentNumber": "48", 
            "he": "ד", 
            "links": [
                {
                    "category": "Commentary", 
                    "sourceHeRef": " פסקי הראש על ברכות ו׳:כ״ז:א׳", 
                    "sourceRef": "Rosh on Berakhot 6:27:1", 
                    "ref": "Rosh on Berakhot 6:27:1"
                }
            ], 
            "text": ""
        }, 
        {
            "segmentNumber": "49", 
            "he": "ה", 
            "links": [
                {
                    "category": "Commentary", 
                    "sourceHeRef": " פסקי הראש על ברכות ו׳:כ״ז:א׳", 
                    "sourceRef": "Rosh on Berakhot 6:27:1", 
                    "ref": "Rosh on Berakhot 6:27:1"
                }
            ], 
            "text": ""
        }, 
        {
            "segmentNumber": "50", 
            "he": "ת", 
            "links": [
                {
                    "category": "Commentary", 
                    "sourceHeRef": " פסקי הראש על ברכות ו׳:כ״ז:א׳", 
                    "sourceRef": "Rosh on Berakhot 6:27:1", 
                    "ref": "Rosh on Berakhot 6:27:1"
                }
            ], 
            "text": ""
        }, 
        {
            "segmentNumber": "51", 
            "he": "ם", 
            "links": [
                {
                    "category": "Commentary", 
                    "sourceHeRef": " פסקי הראש על ברכות ו׳:כ״ז:א׳", 
                    "sourceRef": "Rosh on Berakhot 6:27:1", 
                    "ref": "Rosh on Berakhot 6:27:1"
                }
            ], 
            "text": ""
        }, 
        {
            "segmentNumber": "52", 
            "he": " ", 
            "links": [
                {
                    "category": "Commentary", 
                    "sourceHeRef": " פסקי הראש על ברכות ו׳:כ״ז:א׳", 
                    "sourceRef": "Rosh on Berakhot 6:27:1", 
                    "ref": "Rosh on Berakhot 6:27:1"
                }
            ], 
            "text": ""
        }, 
        {
            "segmentNumber": "53", 
            "he": "א", 
            "links": [
                {
                    "category": "Commentary", 
                    "sourceHeRef": " פסקי הראש על ברכות ו׳:כ״ז:א׳", 
                    "sourceRef": "Rosh on Berakhot 6:27:1", 
                    "ref": "Rosh on Berakhot 6:27:1"
                }
            ], 
            "text": ""
        }, 
        {
            "segmentNumber": "54", 
            "he": "ל", 
            "links": [
                {
                    "category": "Commentary", 
                    "sourceHeRef": " פסקי הראש על ברכות ו׳:כ״ז:א׳", 
                    "sourceRef": "Rosh on Berakhot 6:27:1", 
                    "ref": "Rosh on Berakhot 6:27:1"
                }
            ], 
            "text": ""
        }, 
        {
            "segmentNumber": "55", 
            "he": "א", 
            "links": [
                {
                    "category": "Commentary", 
                    "sourceHeRef": " פסקי הראש על ברכות ו׳:כ״ז:א׳", 
                    "sourceRef": "Rosh on Berakhot 6:27:1", 
                    "ref": "Rosh on Berakhot 6:27:1"
                }
            ], 
            "text": ""
        }, 
        {
            "segmentNumber": "56", 
            "he": " ", 
            "links": [
                {
                    "category": "Commentary", 
                    "sourceHeRef": " פסקי הראש על ברכות ו׳:כ״ז:א׳", 
                    "sourceRef": "Rosh on Berakhot 6:27:1", 
                    "ref": "Rosh on Berakhot 6:27:1"
                }
            ], 
            "text": ""
        }, 
        {
            "segmentNumber": "57", 
            "he": "ר", 
            "links": [
                {
                    "category": "Commentary", 
                    "sourceHeRef": " פסקי הראש על ברכות ו׳:כ״ז:א׳", 
                    "sourceRef": "Rosh on Berakhot 6:27:1", 
                    "ref": "Rosh on Berakhot 6:27:1"
                }
            ], 
            "text": ""
        }, 
        {
            "segmentNumber": "58", 
            "he": "ב", 
            "links": [
                {
                    "category": "Commentary", 
                    "sourceHeRef": " פסקי הראש על ברכות ו׳:כ״ז:א׳", 
                    "sourceRef": "Rosh on Berakhot 6:27:1", 
                    "ref": "Rosh on Berakhot 6:27:1"
                }
            ], 
            "text": ""
        }, 
        {
            "segmentNumber": "59", 
            "he": "י", 
            "links": [
                {
                    "category": "Commentary", 
                    "sourceHeRef": " פסקי הראש על ברכות ו׳:כ״ז:א׳", 
                    "sourceRef": "Rosh on Berakhot 6:27:1", 
                    "ref": "Rosh on Berakhot 6:27:1"
                }
            ], 
            "text": ""
        }, 
        {
            "segmentNumber": "60", 
            "he": "נ", 
            "links": [
                {
                    "category": "Commentary", 
                    "sourceHeRef": " פסקי הראש על ברכות ו׳:כ״ז:א׳", 
                    "sourceRef": "Rosh on Berakhot 6:27:1", 
                    "ref": "Rosh on Berakhot 6:27:1"
                }
            ], 
            "text": ""
        }, 
        {
            "segmentNumber": "61", 
            "he": "ו", 
            "links": [
                {
                    "category": "Commentary", 
                    "sourceHeRef": " פסקי הראש על ברכות ו׳:כ״ז:א׳", 
                    "sourceRef": "Rosh on Berakhot 6:27:1", 
                    "ref": "Rosh on Berakhot 6:27:1"
                }
            ], 
            "text": ""
        }, 
        {
            "segmentNumber": "62", 
            "he": " ", 
            "links": [
                {
                    "category": "Commentary", 
                    "sourceHeRef": " פסקי הראש על ברכות ו׳:כ״ז:א׳", 
                    "sourceRef": "Rosh on Berakhot 6:27:1", 
                    "ref": "Rosh on Berakhot 6:27:1"
                }
            ], 
            "text": ""
        }, 
        {
            "segmentNumber": "63", 
            "he": "מ", 
            "links": [
                {
                    "category": "Commentary", 
                    "sourceHeRef": " פסקי הראש על ברכות ו׳:כ״ז:א׳", 
                    "sourceRef": "Rosh on Berakhot 6:27:1", 
                    "ref": "Rosh on Berakhot 6:27:1"
                }
            ], 
            "text": ""
        }, 
        {
            "segmentNumber": "64", 
            "he": "פ", 
            "links": [
                {
                    "category": "Commentary", 
                    "sourceHeRef": " פסקי הראש על ברכות ו׳:כ״ז:א׳", 
                    "sourceRef": "Rosh on Berakhot 6:27:1", 
                    "ref": "Rosh on Berakhot 6:27:1"
                }
            ], 
            "text": ""
        }, 
        {
            "segmentNumber": "65", 
            "he": "ר", 
            "links": [
                {
                    "category": "Commentary", 
                    "sourceHeRef": " פסקי הראש על ברכות ו׳:כ״ז:א׳", 
                    "sourceRef": "Rosh on Berakhot 6:27:1", 
                    "ref": "Rosh on Berakhot 6:27:1"
                }
            ], 
            "text": ""
        }, 
        {
            "segmentNumber": "66", 
            "he": "ש", 
            "links": [
                {
                    "category": "Commentary", 
                    "sourceHeRef": " פסקי הראש על ברכות ו׳:כ״ז:א׳", 
                    "sourceRef": "Rosh on Berakhot 6:27:1", 
                    "ref": "Rosh on Berakhot 6:27:1"
                }
            ], 
            "text": ""
        }, 
        {
            "segmentNumber": "67", 
            "he": " ", 
            "links": [
                {
                    "category": "Commentary", 
                    "sourceHeRef": " פסקי הראש על ברכות ו׳:כ״ז:א׳", 
                    "sourceRef": "Rosh on Berakhot 6:27:1", 
                    "ref": "Rosh on Berakhot 6:27:1"
                }
            ], 
            "text": ""
        }, 
        {
            "segmentNumber": "68", 
            "he": "כ", 
            "links": [
                {
                    "category": "Commentary", 
                    "sourceHeRef": " פסקי הראש על ברכות ו׳:כ״ז:א׳", 
                    "sourceRef": "Rosh on Berakhot 6:27:1", 
                    "ref": "Rosh on Berakhot 6:27:1"
                }
            ], 
            "text": ""
        }, 
        {
            "segmentNumber": "69", 
            "he": "ך", 
            "links": [
                {
                    "category": "Commentary", 
                    "sourceHeRef": " פסקי הראש על ברכות ו׳:כ״ז:א׳", 
                    "sourceRef": "Rosh on Berakhot 6:27:1", 
                    "ref": "Rosh on Berakhot 6:27:1"
                }
            ], 
            "text": ""
        }, 
        {
            "segmentNumber": "70", 
            "he": " ", 
            "links": [
                {
                    "category": "Commentary", 
                    "sourceHeRef": " פסקי הראש על ברכות ו׳:כ״ז:א׳", 
                    "sourceRef": "Rosh on Berakhot 6:27:1", 
                    "ref": "Rosh on Berakhot 6:27:1"
                }
            ], 
            "text": ""
        }, 
        {
            "segmentNumber": "71", 
            "he": "ש", 
            "links": [
                {
                    "category": "Commentary", 
                    "sourceHeRef": " פסקי הראש על ברכות ו׳:כ״ז:א׳", 
                    "sourceRef": "Rosh on Berakhot 6:27:1", 
                    "ref": "Rosh on Berakhot 6:27:1"
                }
            ], 
            "text": ""
        }, 
        {
            "segmentNumber": "72", 
            "he": "ם", 
            "links": [
                {
                    "category": "Commentary", 
                    "sourceHeRef": " פסקי הראש על ברכות ו׳:כ״ז:א׳", 
                    "sourceRef": "Rosh on Berakhot 6:27:1", 
                    "ref": "Rosh on Berakhot 6:27:1"
                }
            ], 
            "text": ""
        }, 
        {
            "segmentNumber": "73", 
            "he": " ", 
            "links": [
                {
                    "category": "Commentary", 
                    "sourceHeRef": " פסקי הראש על ברכות ו׳:כ״ז:א׳", 
                    "sourceRef": "Rosh on Berakhot 6:27:1", 
                    "ref": "Rosh on Berakhot 6:27:1"
                }
            ], 
            "text": ""
        }, 
        {
            "segmentNumber": "74", 
            "he": "ו", 
            "links": [
                {
                    "category": "Commentary", 
                    "sourceHeRef": " פסקי הראש על ברכות ו׳:כ״ז:א׳", 
                    "sourceRef": "Rosh on Berakhot 6:27:1", 
                    "ref": "Rosh on Berakhot 6:27:1"
                }
            ], 
            "text": ""
        }, 
        {
            "segmentNumber": "75", 
            "he": "כ", 
            "links": [
                {
                    "category": "Commentary", 
                    "sourceHeRef": " פסקי הראש על ברכות ו׳:כ״ז:א׳", 
                    "sourceRef": "Rosh on Berakhot 6:27:1", 
                    "ref": "Rosh on Berakhot 6:27:1"
                }
            ], 
            "text": ""
        }, 
        {
            "segmentNumber": "76", 
            "he": "ן", 
            "links": [
                {
                    "category": "Commentary", 
                    "sourceHeRef": " פסקי הראש על ברכות ו׳:כ״ז:א׳", 
                    "sourceRef": "Rosh on Berakhot 6:27:1", 
                    "ref": "Rosh on Berakhot 6:27:1"
                }
            ], 
            "text": ""
        }, 
        {
            "segmentNumber": "77", 
            "he": " ", 
            "links": [
                {
                    "category": "Commentary", 
                    "sourceHeRef": " פסקי הראש על ברכות ו׳:כ״ז:א׳", 
                    "sourceRef": "Rosh on Berakhot 6:27:1", 
                    "ref": "Rosh on Berakhot 6:27:1"
                }
            ], 
            "text": ""
        }, 
        {
            "segmentNumber": "78", 
            "he": "ה", 
            "links": [
                {
                    "category": "Commentary", 
                    "sourceHeRef": " פסקי הראש על ברכות ו׳:כ״ז:א׳", 
                    "sourceRef": "Rosh on Berakhot 6:27:1", 
                    "ref": "Rosh on Berakhot 6:27:1"
                }
            ], 
            "text": ""
        }, 
        {
            "segmentNumber": "79", 
            "he": "ו", 
            "links": [
                {
                    "category": "Commentary", 
                    "sourceHeRef": " פסקי הראש על ברכות ו׳:כ״ז:א׳", 
                    "sourceRef": "Rosh on Berakhot 6:27:1", 
                    "ref": "Rosh on Berakhot 6:27:1"
                }
            ], 
            "text": ""
        }, 
        {
            "segmentNumber": "80", 
            "he": "א", 
            "links": [
                {
                    "category": "Commentary", 
                    "sourceHeRef": " פסקי הראש על ברכות ו׳:כ״ז:א׳", 
                    "sourceRef": "Rosh on Berakhot 6:27:1", 
                    "ref": "Rosh on Berakhot 6:27:1"
                }
            ], 
            "text": ""
        }, 
        {
            "segmentNumber": "81", 
            "he": " ", 
            "links": [
                {
                    "category": "Commentary", 
                    "sourceHeRef": " פסקי הראש על ברכות ו׳:כ״ז:א׳", 
                    "sourceRef": "Rosh on Berakhot 6:27:1", 
                    "ref": "Rosh on Berakhot 6:27:1"
                }
            ], 
            "text": ""
        }, 
        {
            "segmentNumber": "82", 
            "he": "ש", 
            "links": [
                {
                    "category": "Commentary", 
                    "sourceHeRef": " פסקי הראש על ברכות ו׳:כ״ז:א׳", 
                    "sourceRef": "Rosh on Berakhot 6:27:1", 
                    "ref": "Rosh on Berakhot 6:27:1"
                }
            ], 
            "text": ""
        }, 
        {
            "segmentNumber": "83", 
            "he": "ם", 
            "links": [
                {
                    "category": "Commentary", 
                    "sourceHeRef": " פסקי הראש על ברכות ו׳:כ״ז:א׳", 
                    "sourceRef": "Rosh on Berakhot 6:27:1", 
                    "ref": "Rosh on Berakhot 6:27:1"
                }
            ], 
            "text": ""
        }, 
        {
            "segmentNumber": "84", 
            "he": " ", 
            "links": [
                {
                    "category": "Commentary", 
                    "sourceHeRef": " פסקי הראש על ברכות ו׳:כ״ז:א׳", 
                    "sourceRef": "Rosh on Berakhot 6:27:1", 
                    "ref": "Rosh on Berakhot 6:27:1"
                }
            ], 
            "text": ""
        }, 
        {
            "segmentNumber": "85", 
            "he": "ב", 
            "links": [
                {
                    "category": "Commentary", 
                    "sourceHeRef": " פסקי הראש על ברכות ו׳:כ״ז:א׳", 
                    "sourceRef": "Rosh on Berakhot 6:27:1", 
                    "ref": "Rosh on Berakhot 6:27:1"
                }
            ], 
            "text": ""
        }, 
        {
            "segmentNumber": "86", 
            "he": "ת", 
            "links": [
                {
                    "category": "Commentary", 
                    "sourceHeRef": " פסקי הראש על ברכות ו׳:כ״ז:א׳", 
                    "sourceRef": "Rosh on Berakhot 6:27:1", 
                    "ref": "Rosh on Berakhot 6:27:1"
                }
            ], 
            "text": ""
        }, 
        {
            "segmentNumber": "87", 
            "he": "ו", 
            "links": [
                {
                    "category": "Commentary", 
                    "sourceHeRef": " פסקי הראש על ברכות ו׳:כ״ז:א׳", 
                    "sourceRef": "Rosh on Berakhot 6:27:1", 
                    "ref": "Rosh on Berakhot 6:27:1"
                }
            ], 
            "text": ""
        }, 
        {
            "segmentNumber": "88", 
            "he": "ס", 
            "links": [
                {
                    "category": "Commentary", 
                    "sourceHeRef": " פסקי הראש על ברכות ו׳:כ״ז:א׳", 
                    "sourceRef": "Rosh on Berakhot 6:27:1", 
                    "ref": "Rosh on Berakhot 6:27:1"
                }
            ], 
            "text": ""
        }, 
        {
            "segmentNumber": "89", 
            "he": "'", 
            "links": [
                {
                    "category": "Commentary", 
                    "sourceHeRef": " פסקי הראש על ברכות ו׳:כ״ז:א׳", 
                    "sourceRef": "Rosh on Berakhot 6:27:1", 
                    "ref": "Rosh on Berakhot 6:27:1"
                }
            ], 
            "text": ""
        }, 
        {
            "segmentNumber": "90", 
            "he": " ", 
            "links": [
                {
                    "category": "Commentary", 
                    "sourceHeRef": " פסקי הראש על ברכות ו׳:כ״ז:א׳", 
                    "sourceRef": "Rosh on Berakhot 6:27:1", 
                    "ref": "Rosh on Berakhot 6:27:1"
                }
            ], 
            "text": ""
        }, 
        {
            "segmentNumber": "91", 
            "he": "ו", 
            "links": [
                {
                    "category": "Commentary", 
                    "sourceHeRef": " פסקי הראש על ברכות ו׳:כ״ז:א׳", 
                    "sourceRef": "Rosh on Berakhot 6:27:1", 
                    "ref": "Rosh on Berakhot 6:27:1"
                }
            ], 
            "text": ""
        }, 
        {
            "segmentNumber": "92", 
            "he": "ע", 
            "links": [
                {
                    "category": "Commentary", 
                    "sourceHeRef": " פסקי הראש על ברכות ו׳:כ״ז:א׳", 
                    "sourceRef": "Rosh on Berakhot 6:27:1", 
                    "ref": "Rosh on Berakhot 6:27:1"
                }
            ], 
            "text": ""
        }, 
        {
            "segmentNumber": "93", 
            "he": "ל", 
            "links": [
                {
                    "category": "Commentary", 
                    "sourceHeRef": " פסקי הראש על ברכות ו׳:כ״ז:א׳", 
                    "sourceRef": "Rosh on Berakhot 6:27:1", 
                    "ref": "Rosh on Berakhot 6:27:1"
                }
            ], 
            "text": ""
        }, 
        {
            "segmentNumber": "94", 
            "he": "י", 
            "links": [
                {
                    "category": "Commentary", 
                    "sourceHeRef": " פסקי הראש על ברכות ו׳:כ״ז:א׳", 
                    "sourceRef": "Rosh on Berakhot 6:27:1", 
                    "ref": "Rosh on Berakhot 6:27:1"
                }
            ], 
            "text": ""
        }, 
        {
            "segmentNumber": "95", 
            "he": "י", 
            "links": [
                {
                    "category": "Commentary", 
                    "sourceHeRef": " פסקי הראש על ברכות ו׳:כ״ז:א׳", 
                    "sourceRef": "Rosh on Berakhot 6:27:1", 
                    "ref": "Rosh on Berakhot 6:27:1"
                }
            ], 
            "text": ""
        }, 
        {
            "segmentNumber": "96", 
            "he": "ה", 
            "links": [
                {
                    "category": "Commentary", 
                    "sourceHeRef": " פסקי הראש על ברכות ו׳:כ״ז:א׳", 
                    "sourceRef": "Rosh on Berakhot 6:27:1", 
                    "ref": "Rosh on Berakhot 6:27:1"
                }
            ], 
            "text": ""
        }, 
        {
            "segmentNumber": "97", 
            "he": "ו", 
            "links": [
                {
                    "category": "Commentary", 
                    "sourceHeRef": " פסקי הראש על ברכות ו׳:כ״ז:א׳", 
                    "sourceRef": "Rosh on Berakhot 6:27:1", 
                    "ref": "Rosh on Berakhot 6:27:1"
                }
            ], 
            "text": ""
        }, 
        {
            "segmentNumber": "98", 
            "he": " ", 
            "links": [
                {
                    "category": "Commentary", 
                    "sourceHeRef": " פסקי הראש על ברכות ו׳:כ״ז:א׳", 
                    "sourceRef": "Rosh on Berakhot 6:27:1", 
                    "ref": "Rosh on Berakhot 6:27:1"
                }
            ], 
            "text": ""
        }, 
        {
            "segmentNumber": "99", 
            "he": "ה", 
            "links": [
                {
                    "category": "Commentary", 
                    "sourceHeRef": " פסקי הראש על ברכות ו׳:כ״ז:א׳", 
                    "sourceRef": "Rosh on Berakhot 6:27:1", 
                    "ref": "Rosh on Berakhot 6:27:1"
                }
            ], 
            "text": ""
        }, 
        {
            "segmentNumber": "100", 
            "he": "ו", 
            "links": [
                {
                    "category": "Commentary", 
                    "sourceHeRef": " פסקי הראש על ברכות ו׳:כ״ז:א׳", 
                    "sourceRef": "Rosh on Berakhot 6:27:1", 
                    "ref": "Rosh on Berakhot 6:27:1"
                }
            ], 
            "text": ""
        }, 
        {
            "segmentNumber": "101", 
            "he": "א", 
            "links": [
                {
                    "category": "Commentary", 
                    "sourceHeRef": " פסקי הראש על ברכות ו׳:כ״ז:א׳", 
                    "sourceRef": "Rosh on Berakhot 6:27:1", 
                    "ref": "Rosh on Berakhot 6:27:1"
                }
            ], 
            "text": ""
        }, 
        {
            "segmentNumber": "102", 
            "he": " ", 
            "links": [
                {
                    "category": "Commentary", 
                    "sourceHeRef": " פסקי הראש על ברכות ו׳:כ״ז:א׳", 
                    "sourceRef": "Rosh on Berakhot 6:27:1", 
                    "ref": "Rosh on Berakhot 6:27:1"
                }
            ], 
            "text": ""
        }, 
        {
            "segmentNumber": "103", 
            "he": "ד", 
            "links": [
                {
                    "category": "Commentary", 
                    "sourceHeRef": " פסקי הראש על ברכות ו׳:כ״ז:א׳", 
                    "sourceRef": "Rosh on Berakhot 6:27:1", 
                    "ref": "Rosh on Berakhot 6:27:1"
                }
            ], 
            "text": ""
        }, 
        {
            "segmentNumber": "104", 
            "he": "ק", 
            "links": [
                {
                    "category": "Commentary", 
                    "sourceHeRef": " פסקי הראש על ברכות ו׳:כ״ז:א׳", 
                    "sourceRef": "Rosh on Berakhot 6:27:1", 
                    "ref": "Rosh on Berakhot 6:27:1"
                }
            ], 
            "text": ""
        }, 
        {
            "segmentNumber": "105", 
            "he": "א", 
            "links": [
                {
                    "category": "Commentary", 
                    "sourceHeRef": " פסקי הראש על ברכות ו׳:כ״ז:א׳", 
                    "sourceRef": "Rosh on Berakhot 6:27:1", 
                    "ref": "Rosh on Berakhot 6:27:1"
                }
            ], 
            "text": ""
        }, 
        {
            "segmentNumber": "106", 
            "he": "מ", 
            "links": [
                {
                    "category": "Commentary", 
                    "sourceHeRef": " פסקי הראש על ברכות ו׳:כ״ז:א׳", 
                    "sourceRef": "Rosh on Berakhot 6:27:1", 
                    "ref": "Rosh on Berakhot 6:27:1"
                }
            ], 
            "text": ""
        }, 
        {
            "segmentNumber": "107", 
            "he": "ר", 
            "links": [
                {
                    "category": "Commentary", 
                    "sourceHeRef": " פסקי הראש על ברכות ו׳:כ״ז:א׳", 
                    "sourceRef": "Rosh on Berakhot 6:27:1", 
                    "ref": "Rosh on Berakhot 6:27:1"
                }
            ], 
            "text": ""
        }, 
        {
            "segmentNumber": "108", 
            "he": "י", 
            "links": [
                {
                    "category": "Commentary", 
                    "sourceHeRef": " פסקי הראש על ברכות ו׳:כ״ז:א׳", 
                    "sourceRef": "Rosh on Berakhot 6:27:1", 
                    "ref": "Rosh on Berakhot 6:27:1"
                }
            ], 
            "text": ""
        }, 
        {
            "segmentNumber": "109", 
            "he": " ", 
            "links": [
                {
                    "category": "Commentary", 
                    "sourceHeRef": " פסקי הראש על ברכות ו׳:כ״ז:א׳", 
                    "sourceRef": "Rosh on Berakhot 6:27:1", 
                    "ref": "Rosh on Berakhot 6:27:1"
                }
            ], 
            "text": ""
        }, 
        {
            "segmentNumber": "110", 
            "he": "ו", 
            "links": [
                {
                    "category": "Commentary", 
                    "sourceHeRef": " פסקי הראש על ברכות ו׳:כ״ז:א׳", 
                    "sourceRef": "Rosh on Berakhot 6:27:1", 
                    "ref": "Rosh on Berakhot 6:27:1"
                }
            ], 
            "text": ""
        }, 
        {
            "segmentNumber": "111", 
            "he": "מ", 
            "links": [
                {
                    "category": "Commentary", 
                    "sourceHeRef": " פסקי הראש על ברכות ו׳:כ״ז:א׳", 
                    "sourceRef": "Rosh on Berakhot 6:27:1", 
                    "ref": "Rosh on Berakhot 6:27:1"
                }
            ], 
            "text": ""
        }, 
        {
            "segmentNumber": "112", 
            "he": "פ", 
            "links": [
                {
                    "category": "Commentary", 
                    "sourceHeRef": " פסקי הראש על ברכות ו׳:כ״ז:א׳", 
                    "sourceRef": "Rosh on Berakhot 6:27:1", 
                    "ref": "Rosh on Berakhot 6:27:1"
                }
            ], 
            "text": ""
        }, 
        {
            "segmentNumber": "113", 
            "he": "ר", 
            "links": [
                {
                    "category": "Commentary", 
                    "sourceHeRef": " פסקי הראש על ברכות ו׳:כ״ז:א׳", 
                    "sourceRef": "Rosh on Berakhot 6:27:1", 
                    "ref": "Rosh on Berakhot 6:27:1"
                }
            ], 
            "text": ""
        }, 
        {
            "segmentNumber": "114", 
            "he": "ש", 
            "links": [
                {
                    "category": "Commentary", 
                    "sourceHeRef": " פסקי הראש על ברכות ו׳:כ״ז:א׳", 
                    "sourceRef": "Rosh on Berakhot 6:27:1", 
                    "ref": "Rosh on Berakhot 6:27:1"
                }
            ], 
            "text": ""
        }, 
        {
            "segmentNumber": "115", 
            "he": " ", 
            "links": [
                {
                    "category": "Commentary", 
                    "sourceHeRef": " פסקי הראש על ברכות ו׳:כ״ז:א׳", 
                    "sourceRef": "Rosh on Berakhot 6:27:1", 
                    "ref": "Rosh on Berakhot 6:27:1"
                }
            ], 
            "text": ""
        }, 
        {
            "segmentNumber": "116", 
            "he": "ה", 
            "links": [
                {
                    "category": "Commentary", 
                    "sourceHeRef": " פסקי הראש על ברכות ו׳:כ״ז:א׳", 
                    "sourceRef": "Rosh on Berakhot 6:27:1", 
                    "ref": "Rosh on Berakhot 6:27:1"
                }
            ], 
            "text": ""
        }, 
        {
            "segmentNumber": "117", 
            "he": "ת", 
            "links": [
                {
                    "category": "Commentary", 
                    "sourceHeRef": " פסקי הראש על ברכות ו׳:כ״ז:א׳", 
                    "sourceRef": "Rosh on Berakhot 6:27:1", 
                    "ref": "Rosh on Berakhot 6:27:1"
                }
            ], 
            "text": ""
        }, 
        {
            "segmentNumber": "118", 
            "he": "ם", 
            "links": [
                {
                    "category": "Commentary", 
                    "sourceHeRef": " פסקי הראש על ברכות ו׳:כ״ז:א׳", 
                    "sourceRef": "Rosh on Berakhot 6:27:1", 
                    "ref": "Rosh on Berakhot 6:27:1"
                }
            ], 
            "text": ""
        }, 
        {
            "segmentNumber": "119", 
            "he": " ", 
            "links": [
                {
                    "category": "Commentary", 
                    "sourceHeRef": " פסקי הראש על ברכות ו׳:כ״ז:א׳", 
                    "sourceRef": "Rosh on Berakhot 6:27:1", 
                    "ref": "Rosh on Berakhot 6:27:1"
                }
            ], 
            "text": ""
        }, 
        {
            "segmentNumber": "120", 
            "he": "ו", 
            "links": [
                {
                    "category": "Commentary", 
                    "sourceHeRef": " פסקי הראש על ברכות ו׳:כ״ז:א׳", 
                    "sourceRef": "Rosh on Berakhot 6:27:1", 
                    "ref": "Rosh on Berakhot 6:27:1"
                }
            ], 
            "text": ""
        }, 
        {
            "segmentNumber": "121", 
            "he": "מ", 
            "links": [
                {
                    "category": "Commentary", 
                    "sourceHeRef": " פסקי הראש על ברכות ו׳:כ״ז:א׳", 
                    "sourceRef": "Rosh on Berakhot 6:27:1", 
                    "ref": "Rosh on Berakhot 6:27:1"
                }
            ], 
            "text": ""
        }, 
        {
            "segmentNumber": "122", 
            "he": "\"", 
            "links": [
                {
                    "category": "Commentary", 
                    "sourceHeRef": " פסקי הראש על ברכות ו׳:כ״ז:א׳", 
                    "sourceRef": "Rosh on Berakhot 6:27:1", 
                    "ref": "Rosh on Berakhot 6:27:1"
                }
            ], 
            "text": ""
        }, 
        {
            "segmentNumber": "123", 
            "he": "מ", 
            "links": [
                {
                    "category": "Commentary", 
                    "sourceHeRef": " פסקי הראש על ברכות ו׳:כ״ז:א׳", 
                    "sourceRef": "Rosh on Berakhot 6:27:1", 
                    "ref": "Rosh on Berakhot 6:27:1"
                }
            ], 
            "text": ""
        }, 
        {
            "segmentNumber": "124", 
            "he": " ", 
            "links": [
                {
                    "category": "Commentary", 
                    "sourceHeRef": " פסקי הראש על ברכות ו׳:כ״ז:א׳", 
                    "sourceRef": "Rosh on Berakhot 6:27:1", 
                    "ref": "Rosh on Berakhot 6:27:1"
                }
            ], 
            "text": ""
        }, 
        {
            "segmentNumber": "125", 
            "he": "ג", 
            "links": [
                {
                    "category": "Commentary", 
                    "sourceHeRef": " פסקי הראש על ברכות ו׳:כ״ז:א׳", 
                    "sourceRef": "Rosh on Berakhot 6:27:1", 
                    "ref": "Rosh on Berakhot 6:27:1"
                }
            ], 
            "text": ""
        }, 
        {
            "segmentNumber": "126", 
            "he": "ם", 
            "links": [
                {
                    "category": "Commentary", 
                    "sourceHeRef": " פסקי הראש על ברכות ו׳:כ״ז:א׳", 
                    "sourceRef": "Rosh on Berakhot 6:27:1", 
                    "ref": "Rosh on Berakhot 6:27:1"
                }
            ], 
            "text": ""
        }, 
        {
            "segmentNumber": "127", 
            "he": " ", 
            "links": [
                {
                    "category": "Commentary", 
                    "sourceHeRef": " פסקי הראש על ברכות ו׳:כ״ז:א׳", 
                    "sourceRef": "Rosh on Berakhot 6:27:1", 
                    "ref": "Rosh on Berakhot 6:27:1"
                }
            ], 
            "text": ""
        }, 
        {
            "segmentNumber": "128", 
            "he": "ב", 
            "links": [
                {
                    "category": "Commentary", 
                    "sourceHeRef": " פסקי הראש על ברכות ו׳:כ״ז:א׳", 
                    "sourceRef": "Rosh on Berakhot 6:27:1", 
                    "ref": "Rosh on Berakhot 6:27:1"
                }
            ], 
            "text": ""
        }, 
        {
            "segmentNumber": "129", 
            "he": "ג", 
            "links": [
                {
                    "category": "Commentary", 
                    "sourceHeRef": " פסקי הראש על ברכות ו׳:כ״ז:א׳", 
                    "sourceRef": "Rosh on Berakhot 6:27:1", 
                    "ref": "Rosh on Berakhot 6:27:1"
                }
            ], 
            "text": ""
        }, 
        {
            "segmentNumber": "130", 
            "he": "מ", 
            "links": [
                {
                    "category": "Commentary", 
                    "sourceHeRef": " פסקי הראש על ברכות ו׳:כ״ז:א׳", 
                    "sourceRef": "Rosh on Berakhot 6:27:1", 
                    "ref": "Rosh on Berakhot 6:27:1"
                }
            ], 
            "text": ""
        }, 
        {
            "segmentNumber": "131", 
            "he": "'", 
            "links": [
                {
                    "category": "Commentary", 
                    "sourceHeRef": " פסקי הראש על ברכות ו׳:כ״ז:א׳", 
                    "sourceRef": "Rosh on Berakhot 6:27:1", 
                    "ref": "Rosh on Berakhot 6:27:1"
                }
            ], 
            "text": ""
        }, 
        {
            "segmentNumber": "132", 
            "he": " ", 
            "links": [
                {
                    "category": "Commentary", 
                    "sourceHeRef": " פסקי הראש על ברכות ו׳:כ״ז:א׳", 
                    "sourceRef": "Rosh on Berakhot 6:27:1", 
                    "ref": "Rosh on Berakhot 6:27:1"
                }
            ], 
            "text": ""
        }, 
        {
            "segmentNumber": "133", 
            "he": "ד", 
            "links": [
                {
                    "category": "Commentary", 
                    "sourceHeRef": " פסקי הראש על ברכות ו׳:כ״ז:א׳", 
                    "sourceRef": "Rosh on Berakhot 6:27:1", 
                    "ref": "Rosh on Berakhot 6:27:1"
                }
            ], 
            "text": ""
        }, 
        {
            "segmentNumber": "134", 
            "he": "ע", 
            "links": [
                {
                    "category": "Commentary", 
                    "sourceHeRef": " פסקי הראש על ברכות ו׳:כ״ז:א׳", 
                    "sourceRef": "Rosh on Berakhot 6:27:1", 
                    "ref": "Rosh on Berakhot 6:27:1"
                }
            ], 
            "text": ""
        }, 
        {
            "segmentNumber": "135", 
            "he": "\"", 
            "links": [
                {
                    "category": "Commentary", 
                    "sourceHeRef": " פסקי הראש על ברכות ו׳:כ״ז:א׳", 
                    "sourceRef": "Rosh on Berakhot 6:27:1", 
                    "ref": "Rosh on Berakhot 6:27:1"
                }
            ], 
            "text": ""
        }, 
        {
            "segmentNumber": "136", 
            "he": "ע", 
            "links": [
                {
                    "category": "Commentary", 
                    "sourceHeRef": " פסקי הראש על ברכות ו׳:כ״ז:א׳", 
                    "sourceRef": "Rosh on Berakhot 6:27:1", 
                    "ref": "Rosh on Berakhot 6:27:1"
                }
            ], 
            "text": ""
        }, 
        {
            "segmentNumber": "137", 
            "he": " ", 
            "links": [
                {
                    "category": "Commentary", 
                    "sourceHeRef": " פסקי הראש על ברכות ו׳:כ״ז:א׳", 
                    "sourceRef": "Rosh on Berakhot 6:27:1", 
                    "ref": "Rosh on Berakhot 6:27:1"
                }
            ], 
            "text": ""
        }, 
        {
            "segmentNumber": "138", 
            "he": "ג", 
            "links": [
                {
                    "category": "Commentary", 
                    "sourceHeRef": " פסקי הראש על ברכות ו׳:כ״ז:א׳", 
                    "sourceRef": "Rosh on Berakhot 6:27:1", 
                    "ref": "Rosh on Berakhot 6:27:1"
                }
            ], 
            "text": ""
        }, 
        {
            "segmentNumber": "139", 
            "he": "ו", 
            "links": [
                {
                    "category": "Commentary", 
                    "sourceHeRef": " פסקי הראש על ברכות ו׳:כ״ז:א׳", 
                    "sourceRef": "Rosh on Berakhot 6:27:1", 
                    "ref": "Rosh on Berakhot 6:27:1"
                }
            ], 
            "text": ""
        }, 
        {
            "segmentNumber": "140", 
            "he": "פ", 
            "links": [
                {
                    "category": "Commentary", 
                    "sourceHeRef": " פסקי הראש על ברכות ו׳:כ״ז:א׳", 
                    "sourceRef": "Rosh on Berakhot 6:27:1", 
                    "ref": "Rosh on Berakhot 6:27:1"
                }
            ], 
            "text": ""
        }, 
        {
            "segmentNumber": "141", 
            "he": "י", 
            "links": [
                {
                    "category": "Commentary", 
                    "sourceHeRef": " פסקי הראש על ברכות ו׳:כ״ז:א׳", 
                    "sourceRef": "Rosh on Berakhot 6:27:1", 
                    "ref": "Rosh on Berakhot 6:27:1"
                }
            ], 
            "text": ""
        }, 
        {
            "segmentNumber": "142", 
            "he": "ה", 
            "links": [
                {
                    "category": "Commentary", 
                    "sourceHeRef": " פסקי הראש על ברכות ו׳:כ״ז:א׳", 
                    "sourceRef": "Rosh on Berakhot 6:27:1", 
                    "ref": "Rosh on Berakhot 6:27:1"
                }
            ], 
            "text": ""
        }, 
        {
            "segmentNumber": "143", 
            "he": " ", 
            "links": [
                {
                    "category": "Commentary", 
                    "sourceHeRef": " פסקי הראש על ברכות ו׳:כ״ז:א׳", 
                    "sourceRef": "Rosh on Berakhot 6:27:1", 
                    "ref": "Rosh on Berakhot 6:27:1"
                }
            ], 
            "text": ""
        }, 
        {
            "segmentNumber": "144", 
            "he": "מ", 
            "links": [
                {
                    "category": "Commentary", 
                    "sourceHeRef": " פסקי הראש על ברכות ו׳:כ״ז:א׳", 
                    "sourceRef": "Rosh on Berakhot 6:27:1", 
                    "ref": "Rosh on Berakhot 6:27:1"
                }
            ], 
            "text": ""
        }, 
        {
            "segmentNumber": "145", 
            "he": "ו", 
            "links": [
                {
                    "category": "Commentary", 
                    "sourceHeRef": " פסקי הראש על ברכות ו׳:כ״ז:א׳", 
                    "sourceRef": "Rosh on Berakhot 6:27:1", 
                    "ref": "Rosh on Berakhot 6:27:1"
                }
            ], 
            "text": ""
        }, 
        {
            "segmentNumber": "146", 
            "he": "כ", 
            "links": [
                {
                    "category": "Commentary", 
                    "sourceHeRef": " פסקי הראש על ברכות ו׳:כ״ז:א׳", 
                    "sourceRef": "Rosh on Berakhot 6:27:1", 
                    "ref": "Rosh on Berakhot 6:27:1"
                }
            ], 
            "text": ""
        }, 
        {
            "segmentNumber": "147", 
            "he": "ח", 
            "links": [
                {
                    "category": "Commentary", 
                    "sourceHeRef": " פסקי הראש על ברכות ו׳:כ״ז:א׳", 
                    "sourceRef": "Rosh on Berakhot 6:27:1", 
                    "ref": "Rosh on Berakhot 6:27:1"
                }
            ], 
            "text": ""
        }, 
        {
            "segmentNumber": "148", 
            "he": " ", 
            "links": [
                {
                    "category": "Commentary", 
                    "sourceHeRef": " פסקי הראש על ברכות ו׳:כ״ז:א׳", 
                    "sourceRef": "Rosh on Berakhot 6:27:1", 
                    "ref": "Rosh on Berakhot 6:27:1"
                }
            ], 
            "text": ""
        }, 
        {
            "segmentNumber": "149", 
            "he": "ד", 
            "links": [
                {
                    "category": "Commentary", 
                    "sourceHeRef": " פסקי הראש על ברכות ו׳:כ״ז:א׳", 
                    "sourceRef": "Rosh on Berakhot 6:27:1", 
                    "ref": "Rosh on Berakhot 6:27:1"
                }
            ], 
            "text": ""
        }, 
        {
            "segmentNumber": "150", 
            "he": "ט", 
            "links": [
                {
                    "category": "Commentary", 
                    "sourceHeRef": " פסקי הראש על ברכות ו׳:כ״ז:א׳", 
                    "sourceRef": "Rosh on Berakhot 6:27:1", 
                    "ref": "Rosh on Berakhot 6:27:1"
                }
            ], 
            "text": ""
        }, 
        {
            "segmentNumber": "151", 
            "he": "ע", 
            "links": [
                {
                    "category": "Commentary", 
                    "sourceHeRef": " פסקי הראש על ברכות ו׳:כ״ז:א׳", 
                    "sourceRef": "Rosh on Berakhot 6:27:1", 
                    "ref": "Rosh on Berakhot 6:27:1"
                }
            ], 
            "text": ""
        }, 
        {
            "segmentNumber": "152", 
            "he": "מ", 
            "links": [
                {
                    "category": "Commentary", 
                    "sourceHeRef": " פסקי הראש על ברכות ו׳:כ״ז:א׳", 
                    "sourceRef": "Rosh on Berakhot 6:27:1", 
                    "ref": "Rosh on Berakhot 6:27:1"
                }
            ], 
            "text": ""
        }, 
        {
            "segmentNumber": "153", 
            "he": "א", 
            "links": [
                {
                    "category": "Commentary", 
                    "sourceHeRef": " פסקי הראש על ברכות ו׳:כ״ז:א׳", 
                    "sourceRef": "Rosh on Berakhot 6:27:1", 
                    "ref": "Rosh on Berakhot 6:27:1"
                }
            ], 
            "text": ""
        }, 
        {
            "segmentNumber": "154", 
            "he": " ", 
            "links": [
                {
                    "category": "Commentary", 
                    "sourceHeRef": " פסקי הראש על ברכות ו׳:כ״ז:א׳", 
                    "sourceRef": "Rosh on Berakhot 6:27:1", 
                    "ref": "Rosh on Berakhot 6:27:1"
                }
            ], 
            "text": ""
        }, 
        {
            "segmentNumber": "155", 
            "he": "ה", 
            "links": [
                {
                    "category": "Commentary", 
                    "sourceHeRef": " פסקי הראש על ברכות ו׳:כ״ז:א׳", 
                    "sourceRef": "Rosh on Berakhot 6:27:1", 
                    "ref": "Rosh on Berakhot 6:27:1"
                }
            ], 
            "text": ""
        }, 
        {
            "segmentNumber": "156", 
            "he": "כ", 
            "links": [
                {
                    "category": "Commentary", 
                    "sourceHeRef": " פסקי הראש על ברכות ו׳:כ״ז:א׳", 
                    "sourceRef": "Rosh on Berakhot 6:27:1", 
                    "ref": "Rosh on Berakhot 6:27:1"
                }
            ], 
            "text": ""
        }, 
        {
            "segmentNumber": "157", 
            "he": "י", 
            "links": [
                {
                    "category": "Commentary", 
                    "sourceHeRef": " פסקי הראש על ברכות ו׳:כ״ז:א׳", 
                    "sourceRef": "Rosh on Berakhot 6:27:1", 
                    "ref": "Rosh on Berakhot 6:27:1"
                }
            ], 
            "text": ""
        }, 
        {
            "segmentNumber": "158", 
            "he": " ", 
            "links": [
                {
                    "category": "Commentary", 
                    "sourceHeRef": " פסקי הראש על ברכות ו׳:כ״ז:א׳", 
                    "sourceRef": "Rosh on Berakhot 6:27:1", 
                    "ref": "Rosh on Berakhot 6:27:1"
                }
            ], 
            "text": ""
        }, 
        {
            "segmentNumber": "159", 
            "he": "ה", 
            "links": [
                {
                    "category": "Commentary", 
                    "sourceHeRef": " פסקי הראש על ברכות ו׳:כ״ז:א׳", 
                    "sourceRef": "Rosh on Berakhot 6:27:1", 
                    "ref": "Rosh on Berakhot 6:27:1"
                }
            ], 
            "text": ""
        }, 
        {
            "segmentNumber": "160", 
            "he": "ו", 
            "links": [
                {
                    "category": "Commentary", 
                    "sourceHeRef": " פסקי הראש על ברכות ו׳:כ״ז:א׳", 
                    "sourceRef": "Rosh on Berakhot 6:27:1", 
                    "ref": "Rosh on Berakhot 6:27:1"
                }
            ], 
            "text": ""
        }, 
        {
            "segmentNumber": "161", 
            "he": "ה", 
            "links": [
                {
                    "category": "Commentary", 
                    "sourceHeRef": " פסקי הראש על ברכות ו׳:כ״ז:א׳", 
                    "sourceRef": "Rosh on Berakhot 6:27:1", 
                    "ref": "Rosh on Berakhot 6:27:1"
                }
            ], 
            "text": ""
        }, 
        {
            "segmentNumber": "162", 
            "he": " ", 
            "links": [
                {
                    "category": "Commentary", 
                    "sourceHeRef": " פסקי הראש על ברכות ו׳:כ״ז:א׳", 
                    "sourceRef": "Rosh on Berakhot 6:27:1", 
                    "ref": "Rosh on Berakhot 6:27:1"
                }
            ], 
            "text": ""
        }, 
        {
            "segmentNumber": "163", 
            "he": "ד", 
            "links": [
                {
                    "category": "Commentary", 
                    "sourceHeRef": " פסקי הראש על ברכות ו׳:כ״ז:א׳", 
                    "sourceRef": "Rosh on Berakhot 6:27:1", 
                    "ref": "Rosh on Berakhot 6:27:1"
                }
            ], 
            "text": ""
        }, 
        {
            "segmentNumber": "164", 
            "he": "ה", 
            "links": [
                {
                    "category": "Commentary", 
                    "sourceHeRef": " פסקי הראש על ברכות ו׳:כ״ז:א׳", 
                    "sourceRef": "Rosh on Berakhot 6:27:1", 
                    "ref": "Rosh on Berakhot 6:27:1"
                }
            ], 
            "text": ""
        }, 
        {
            "segmentNumber": "165", 
            "he": "א", 
            "links": [
                {
                    "category": "Commentary", 
                    "sourceHeRef": " פסקי הראש על ברכות ו׳:כ״ז:א׳", 
                    "sourceRef": "Rosh on Berakhot 6:27:1", 
                    "ref": "Rosh on Berakhot 6:27:1"
                }
            ], 
            "text": ""
        }, 
        {
            "segmentNumber": "166", 
            "he": " ", 
            "links": [
                {
                    "category": "Commentary", 
                    "sourceHeRef": " פסקי הראש על ברכות ו׳:כ״ז:א׳", 
                    "sourceRef": "Rosh on Berakhot 6:27:1", 
                    "ref": "Rosh on Berakhot 6:27:1"
                }
            ], 
            "text": ""
        }, 
        {
            "segmentNumber": "167", 
            "he": "מ", 
            "links": [
                {
                    "category": "Commentary", 
                    "sourceHeRef": " פסקי הראש על ברכות ו׳:כ״ז:א׳", 
                    "sourceRef": "Rosh on Berakhot 6:27:1", 
                    "ref": "Rosh on Berakhot 6:27:1"
                }
            ], 
            "text": ""
        }, 
        {
            "segmentNumber": "168", 
            "he": "ה", 
            "links": [
                {
                    "category": "Commentary", 
                    "sourceHeRef": " פסקי הראש על ברכות ו׳:כ״ז:א׳", 
                    "sourceRef": "Rosh on Berakhot 6:27:1", 
                    "ref": "Rosh on Berakhot 6:27:1"
                }
            ], 
            "text": ""
        }, 
        {
            "segmentNumber": "169", 
            "he": "ג", 
            "links": [
                {
                    "category": "Commentary", 
                    "sourceHeRef": " פסקי הראש על ברכות ו׳:כ״ז:א׳", 
                    "sourceRef": "Rosh on Berakhot 6:27:1", 
                    "ref": "Rosh on Berakhot 6:27:1"
                }
            ], 
            "text": ""
        }, 
        {
            "segmentNumber": "170", 
            "he": "מ", 
            "links": [
                {
                    "category": "Commentary", 
                    "sourceHeRef": " פסקי הראש על ברכות ו׳:כ״ז:א׳", 
                    "sourceRef": "Rosh on Berakhot 6:27:1", 
                    "ref": "Rosh on Berakhot 6:27:1"
                }
            ], 
            "text": ""
        }, 
        {
            "segmentNumber": "171", 
            "he": "ר", 
            "links": [
                {
                    "category": "Commentary", 
                    "sourceHeRef": " פסקי הראש על ברכות ו׳:כ״ז:א׳", 
                    "sourceRef": "Rosh on Berakhot 6:27:1", 
                    "ref": "Rosh on Berakhot 6:27:1"
                }
            ], 
            "text": ""
        }, 
        {
            "segmentNumber": "172", 
            "he": "א", 
            "links": [
                {
                    "category": "Commentary", 
                    "sourceHeRef": " פסקי הראש על ברכות ו׳:כ״ז:א׳", 
                    "sourceRef": "Rosh on Berakhot 6:27:1", 
                    "ref": "Rosh on Berakhot 6:27:1"
                }
            ], 
            "text": ""
        }, 
        {
            "segmentNumber": "173", 
            "he": " ", 
            "links": [
                {
                    "category": "Commentary", 
                    "sourceHeRef": " פסקי הראש על ברכות ו׳:כ״ז:א׳", 
                    "sourceRef": "Rosh on Berakhot 6:27:1", 
                    "ref": "Rosh on Berakhot 6:27:1"
                }
            ], 
            "text": ""
        }, 
        {
            "segmentNumber": "174", 
            "he": "ד", 
            "links": [
                {
                    "category": "Commentary", 
                    "sourceHeRef": " פסקי הראש על ברכות ו׳:כ״ז:א׳", 
                    "sourceRef": "Rosh on Berakhot 6:27:1", 
                    "ref": "Rosh on Berakhot 6:27:1"
                }
            ], 
            "text": ""
        }, 
        {
            "segmentNumber": "175", 
            "he": "ה", 
            "links": [
                {
                    "category": "Commentary", 
                    "sourceHeRef": " פסקי הראש על ברכות ו׳:כ״ז:א׳", 
                    "sourceRef": "Rosh on Berakhot 6:27:1", 
                    "ref": "Rosh on Berakhot 6:27:1"
                }
            ], 
            "text": ""
        }, 
        {
            "segmentNumber": "176", 
            "he": "ת", 
            "links": [
                {
                    "category": "Commentary", 
                    "sourceHeRef": " פסקי הראש על ברכות ו׳:כ״ז:א׳", 
                    "sourceRef": "Rosh on Berakhot 6:27:1", 
                    "ref": "Rosh on Berakhot 6:27:1"
                }
            ], 
            "text": ""
        }, 
        {
            "segmentNumber": "177", 
            "he": "ם", 
            "links": [
                {
                    "category": "Commentary", 
                    "sourceHeRef": " פסקי הראש על ברכות ו׳:כ״ז:א׳", 
                    "sourceRef": "Rosh on Berakhot 6:27:1", 
                    "ref": "Rosh on Berakhot 6:27:1"
                }
            ], 
            "text": ""
        }, 
        {
            "segmentNumber": "178", 
            "he": " ", 
            "links": [
                {
                    "category": "Commentary", 
                    "sourceHeRef": " פסקי הראש על ברכות ו׳:כ״ז:א׳", 
                    "sourceRef": "Rosh on Berakhot 6:27:1", 
                    "ref": "Rosh on Berakhot 6:27:1"
                }
            ], 
            "text": ""
        }, 
        {
            "segmentNumber": "179", 
            "he": "ה", 
            "links": [
                {
                    "category": "Commentary", 
                    "sourceHeRef": " פסקי הראש על ברכות ו׳:כ״ז:א׳", 
                    "sourceRef": "Rosh on Berakhot 6:27:1", 
                    "ref": "Rosh on Berakhot 6:27:1"
                }
            ], 
            "text": ""
        }, 
        {
            "segmentNumber": "180", 
            "he": "ו", 
            "links": [
                {
                    "category": "Commentary", 
                    "sourceHeRef": " פסקי הראש על ברכות ו׳:כ״ז:א׳", 
                    "sourceRef": "Rosh on Berakhot 6:27:1", 
                    "ref": "Rosh on Berakhot 6:27:1"
                }
            ], 
            "text": ""
        }, 
        {
            "segmentNumber": "181", 
            "he": "א", 
            "links": [
                {
                    "category": "Commentary", 
                    "sourceHeRef": " פסקי הראש על ברכות ו׳:כ״ז:א׳", 
                    "sourceRef": "Rosh on Berakhot 6:27:1", 
                    "ref": "Rosh on Berakhot 6:27:1"
                }
            ], 
            "text": ""
        }, 
        {
            "segmentNumber": "182", 
            "he": " ", 
            "links": [
                {
                    "category": "Commentary", 
                    "sourceHeRef": " פסקי הראש על ברכות ו׳:כ״ז:א׳", 
                    "sourceRef": "Rosh on Berakhot 6:27:1", 
                    "ref": "Rosh on Berakhot 6:27:1"
                }
            ], 
            "text": ""
        }, 
        {
            "segmentNumber": "183", 
            "he": "ד", 
            "links": [
                {
                    "category": "Commentary", 
                    "sourceHeRef": " פסקי הראש על ברכות ו׳:כ״ז:א׳", 
                    "sourceRef": "Rosh on Berakhot 6:27:1", 
                    "ref": "Rosh on Berakhot 6:27:1"
                }
            ], 
            "text": ""
        }, 
        {
            "segmentNumber": "184", 
            "he": "ד", 
            "links": [
                {
                    "category": "Commentary", 
                    "sourceHeRef": " פסקי הראש על ברכות ו׳:כ״ז:א׳", 
                    "sourceRef": "Rosh on Berakhot 6:27:1", 
                    "ref": "Rosh on Berakhot 6:27:1"
                }
            ], 
            "text": ""
        }, 
        {
            "segmentNumber": "185", 
            "he": "י", 
            "links": [
                {
                    "category": "Commentary", 
                    "sourceHeRef": " פסקי הראש על ברכות ו׳:כ״ז:א׳", 
                    "sourceRef": "Rosh on Berakhot 6:27:1", 
                    "ref": "Rosh on Berakhot 6:27:1"
                }
            ], 
            "text": ""
        }, 
        {
            "segmentNumber": "186", 
            "he": "י", 
            "links": [
                {
                    "category": "Commentary", 
                    "sourceHeRef": " פסקי הראש על ברכות ו׳:כ״ז:א׳", 
                    "sourceRef": "Rosh on Berakhot 6:27:1", 
                    "ref": "Rosh on Berakhot 6:27:1"
                }
            ], 
            "text": ""
        }, 
        {
            "segmentNumber": "187", 
            "he": "ק", 
            "links": [
                {
                    "category": "Commentary", 
                    "sourceHeRef": " פסקי הראש על ברכות ו׳:כ״ז:א׳", 
                    "sourceRef": "Rosh on Berakhot 6:27:1", 
                    "ref": "Rosh on Berakhot 6:27:1"
                }
            ], 
            "text": ""
        }, 
        {
            "segmentNumber": "188", 
            "he": "י", 
            "links": [
                {
                    "category": "Commentary", 
                    "sourceHeRef": " פסקי הראש על ברכות ו׳:כ״ז:א׳", 
                    "sourceRef": "Rosh on Berakhot 6:27:1", 
                    "ref": "Rosh on Berakhot 6:27:1"
                }
            ], 
            "text": ""
        }, 
        {
            "segmentNumber": "189", 
            "he": " ", 
            "links": [
                {
                    "category": "Commentary", 
                    "sourceHeRef": " פסקי הראש על ברכות ו׳:כ״ז:א׳", 
                    "sourceRef": "Rosh on Berakhot 6:27:1", 
                    "ref": "Rosh on Berakhot 6:27:1"
                }
            ], 
            "text": ""
        }, 
        {
            "segmentNumber": "190", 
            "he": "ה", 
            "links": [
                {
                    "category": "Commentary", 
                    "sourceHeRef": " פסקי הראש על ברכות ו׳:כ״ז:א׳", 
                    "sourceRef": "Rosh on Berakhot 6:27:1", 
                    "ref": "Rosh on Berakhot 6:27:1"
                }
            ], 
            "text": ""
        }, 
        {
            "segmentNumber": "191", 
            "he": "כ", 
            "links": [
                {
                    "category": "Commentary", 
                    "sourceHeRef": " פסקי הראש על ברכות ו׳:כ״ז:א׳", 
                    "sourceRef": "Rosh on Berakhot 6:27:1", 
                    "ref": "Rosh on Berakhot 6:27:1"
                }
            ], 
            "text": ""
        }, 
        {
            "segmentNumber": "192", 
            "he": "י", 
            "links": [
                {
                    "category": "Commentary", 
                    "sourceHeRef": " פסקי הראש על ברכות ו׳:כ״ז:א׳", 
                    "sourceRef": "Rosh on Berakhot 6:27:1", 
                    "ref": "Rosh on Berakhot 6:27:1"
                }
            ], 
            "text": ""
        }, 
        {
            "segmentNumber": "193", 
            "he": " ", 
            "links": [
                {
                    "category": "Commentary", 
                    "sourceHeRef": " פסקי הראש על ברכות ו׳:כ״ז:א׳", 
                    "sourceRef": "Rosh on Berakhot 6:27:1", 
                    "ref": "Rosh on Berakhot 6:27:1"
                }
            ], 
            "text": ""
        }, 
        {
            "segmentNumber": "194", 
            "he": "ה", 
            "links": [
                {
                    "category": "Commentary", 
                    "sourceHeRef": " פסקי הראש על ברכות ו׳:כ״ז:א׳", 
                    "sourceRef": "Rosh on Berakhot 6:27:1", 
                    "ref": "Rosh on Berakhot 6:27:1"
                }
            ], 
            "text": ""
        }, 
        {
            "segmentNumber": "195", 
            "he": "ת", 
            "links": [
                {
                    "category": "Commentary", 
                    "sourceHeRef": " פסקי הראש על ברכות ו׳:כ״ז:א׳", 
                    "sourceRef": "Rosh on Berakhot 6:27:1", 
                    "ref": "Rosh on Berakhot 6:27:1"
                }
            ], 
            "text": ""
        }, 
        {
            "segmentNumber": "196", 
            "he": "ו", 
            "links": [
                {
                    "category": "Commentary", 
                    "sourceHeRef": " פסקי הראש על ברכות ו׳:כ״ז:א׳", 
                    "sourceRef": "Rosh on Berakhot 6:27:1", 
                    "ref": "Rosh on Berakhot 6:27:1"
                }
            ], 
            "text": ""
        }, 
        {
            "segmentNumber": "197", 
            "he": "ס", 
            "links": [
                {
                    "category": "Commentary", 
                    "sourceHeRef": " פסקי הראש על ברכות ו׳:כ״ז:א׳", 
                    "sourceRef": "Rosh on Berakhot 6:27:1", 
                    "ref": "Rosh on Berakhot 6:27:1"
                }
            ], 
            "text": ""
        }, 
        {
            "segmentNumber": "198", 
            "he": "'", 
            "links": [
                {
                    "category": "Commentary", 
                    "sourceHeRef": " פסקי הראש על ברכות ו׳:כ״ז:א׳", 
                    "sourceRef": "Rosh on Berakhot 6:27:1", 
                    "ref": "Rosh on Berakhot 6:27:1"
                }
            ], 
            "text": ""
        }, 
        {
            "segmentNumber": "199", 
            "he": " ", 
            "links": [
                {
                    "category": "Commentary", 
                    "sourceHeRef": " פסקי הראש על ברכות ו׳:כ״ז:א׳", 
                    "sourceRef": "Rosh on Berakhot 6:27:1", 
                    "ref": "Rosh on Berakhot 6:27:1"
                }
            ], 
            "text": ""
        }, 
        {
            "segmentNumber": "200", 
            "he": "ו", 
            "links": [
                {
                    "category": "Commentary", 
                    "sourceHeRef": " פסקי הראש על ברכות ו׳:כ״ז:א׳", 
                    "sourceRef": "Rosh on Berakhot 6:27:1", 
                    "ref": "Rosh on Berakhot 6:27:1"
                }
            ], 
            "text": ""
        }, 
        {
            "segmentNumber": "201", 
            "he": "ר", 
            "links": [
                {
                    "category": "Commentary", 
                    "sourceHeRef": " פסקי הראש על ברכות ו׳:כ״ז:א׳", 
                    "sourceRef": "Rosh on Berakhot 6:27:1", 
                    "ref": "Rosh on Berakhot 6:27:1"
                }
            ], 
            "text": ""
        }, 
        {
            "segmentNumber": "202", 
            "he": "ב", 
            "links": [
                {
                    "category": "Commentary", 
                    "sourceHeRef": " פסקי הראש על ברכות ו׳:כ״ז:א׳", 
                    "sourceRef": "Rosh on Berakhot 6:27:1", 
                    "ref": "Rosh on Berakhot 6:27:1"
                }
            ], 
            "text": ""
        }, 
        {
            "segmentNumber": "203", 
            "he": "י", 
            "links": [
                {
                    "category": "Commentary", 
                    "sourceHeRef": " פסקי הראש על ברכות ו׳:כ״ז:א׳", 
                    "sourceRef": "Rosh on Berakhot 6:27:1", 
                    "ref": "Rosh on Berakhot 6:27:1"
                }
            ], 
            "text": ""
        }, 
        {
            "segmentNumber": "204", 
            "he": "נ", 
            "links": [
                {
                    "category": "Commentary", 
                    "sourceHeRef": " פסקי הראש על ברכות ו׳:כ״ז:א׳", 
                    "sourceRef": "Rosh on Berakhot 6:27:1", 
                    "ref": "Rosh on Berakhot 6:27:1"
                }
            ], 
            "text": ""
        }, 
        {
            "segmentNumber": "205", 
            "he": "ו", 
            "links": [
                {
                    "category": "Commentary", 
                    "sourceHeRef": " פסקי הראש על ברכות ו׳:כ״ז:א׳", 
                    "sourceRef": "Rosh on Berakhot 6:27:1", 
                    "ref": "Rosh on Berakhot 6:27:1"
                }
            ], 
            "text": ""
        }, 
        {
            "segmentNumber": "206", 
            "he": " ", 
            "links": [
                {
                    "category": "Commentary", 
                    "sourceHeRef": " פסקי הראש על ברכות ו׳:כ״ז:א׳", 
                    "sourceRef": "Rosh on Berakhot 6:27:1", 
                    "ref": "Rosh on Berakhot 6:27:1"
                }
            ], 
            "text": ""
        }, 
        {
            "segmentNumber": "207", 
            "he": "ב", 
            "links": [
                {
                    "category": "Commentary", 
                    "sourceHeRef": " פסקי הראש על ברכות ו׳:כ״ז:א׳", 
                    "sourceRef": "Rosh on Berakhot 6:27:1", 
                    "ref": "Rosh on Berakhot 6:27:1"
                }
            ], 
            "text": ""
        }, 
        {
            "segmentNumber": "208", 
            "he": "פ", 
            "links": [
                {
                    "category": "Commentary", 
                    "sourceHeRef": " פסקי הראש על ברכות ו׳:כ״ז:א׳", 
                    "sourceRef": "Rosh on Berakhot 6:27:1", 
                    "ref": "Rosh on Berakhot 6:27:1"
                }
            ], 
            "text": ""
        }, 
        {
            "segmentNumber": "209", 
            "he": "'", 
            "links": [
                {
                    "category": "Commentary", 
                    "sourceHeRef": " פסקי הראש על ברכות ו׳:כ״ז:א׳", 
                    "sourceRef": "Rosh on Berakhot 6:27:1", 
                    "ref": "Rosh on Berakhot 6:27:1"
                }
            ], 
            "text": ""
        }, 
        {
            "segmentNumber": "210", 
            "he": " ", 
            "links": [
                {
                    "category": "Commentary", 
                    "sourceHeRef": " פסקי הראש על ברכות ו׳:כ״ז:א׳", 
                    "sourceRef": "Rosh on Berakhot 6:27:1", 
                    "ref": "Rosh on Berakhot 6:27:1"
                }
            ], 
            "text": ""
        }, 
        {
            "segmentNumber": "211", 
            "he": "כ", 
            "links": [
                {
                    "category": "Commentary", 
                    "sourceHeRef": " פסקי הראש על ברכות ו׳:כ״ז:א׳", 
                    "sourceRef": "Rosh on Berakhot 6:27:1", 
                    "ref": "Rosh on Berakhot 6:27:1"
                }
            ], 
            "text": ""
        }, 
        {
            "segmentNumber": "212", 
            "he": "י", 
            "links": [
                {
                    "category": "Commentary", 
                    "sourceHeRef": " פסקי הראש על ברכות ו׳:כ״ז:א׳", 
                    "sourceRef": "Rosh on Berakhot 6:27:1", 
                    "ref": "Rosh on Berakhot 6:27:1"
                }
            ], 
            "text": ""
        }, 
        {
            "segmentNumber": "213", 
            "he": "ס", 
            "links": [
                {
                    "category": "Commentary", 
                    "sourceHeRef": " פסקי הראש על ברכות ו׳:כ״ז:א׳", 
                    "sourceRef": "Rosh on Berakhot 6:27:1", 
                    "ref": "Rosh on Berakhot 6:27:1"
                }
            ], 
            "text": ""
        }, 
        {
            "segmentNumber": "214", 
            "he": "ו", 
            "links": [
                {
                    "category": "Commentary", 
                    "sourceHeRef": " פסקי הראש על ברכות ו׳:כ״ז:א׳", 
                    "sourceRef": "Rosh on Berakhot 6:27:1", 
                    "ref": "Rosh on Berakhot 6:27:1"
                }
            ], 
            "text": ""
        }, 
        {
            "segmentNumber": "215", 
            "he": "י", 
            "links": [
                {
                    "category": "Commentary", 
                    "sourceHeRef": " פסקי הראש על ברכות ו׳:כ״ז:א׳", 
                    "sourceRef": "Rosh on Berakhot 6:27:1", 
                    "ref": "Rosh on Berakhot 6:27:1"
                }
            ], 
            "text": ""
        }, 
        {
            "segmentNumber": "216", 
            "he": " ", 
            "links": [
                {
                    "category": "Commentary", 
                    "sourceHeRef": " פסקי הראש על ברכות ו׳:כ״ז:א׳", 
                    "sourceRef": "Rosh on Berakhot 6:27:1", 
                    "ref": "Rosh on Berakhot 6:27:1"
                }
            ], 
            "text": ""
        }, 
        {
            "segmentNumber": "217", 
            "he": "ה", 
            "links": [
                {
                    "category": "Commentary", 
                    "sourceHeRef": " פסקי הראש על ברכות ו׳:כ״ז:א׳", 
                    "sourceRef": "Rosh on Berakhot 6:27:1", 
                    "ref": "Rosh on Berakhot 6:27:1"
                }
            ], 
            "text": ""
        }, 
        {
            "segmentNumber": "218", 
            "he": "ד", 
            "links": [
                {
                    "category": "Commentary", 
                    "sourceHeRef": " פסקי הראש על ברכות ו׳:כ״ז:א׳", 
                    "sourceRef": "Rosh on Berakhot 6:27:1", 
                    "ref": "Rosh on Berakhot 6:27:1"
                }
            ], 
            "text": ""
        }, 
        {
            "segmentNumber": "219", 
            "he": "ם", 
            "links": [
                {
                    "category": "Commentary", 
                    "sourceHeRef": " פסקי הראש על ברכות ו׳:כ״ז:א׳", 
                    "sourceRef": "Rosh on Berakhot 6:27:1", 
                    "ref": "Rosh on Berakhot 6:27:1"
                }
            ], 
            "text": ""
        }, 
        {
            "segmentNumber": "220", 
            "he": ":", 
            "links": [
                {
                    "category": "Commentary", 
                    "sourceHeRef": " פסקי הראש על ברכות ו׳:כ״ז:א׳", 
                    "sourceRef": "Rosh on Berakhot 6:27:1", 
                    "ref": "Rosh on Berakhot 6:27:1"
                }
            ], 
            "text": ""
        }, 
        {
            "segmentNumber": "221", 
            "he": " ", 
            "links": [
                {
                    "category": "Commentary", 
                    "sourceHeRef": " פסקי הראש על ברכות ו׳:כ״ז:א׳", 
                    "sourceRef": "Rosh on Berakhot 6:27:1", 
                    "ref": "Rosh on Berakhot 6:27:1"
                }
            ], 
            "text": ""
        }, 
        {
            "segmentNumber": "222", 
            "he": "\n", 
            "links": [
                {
                    "category": "Commentary", 
                    "sourceHeRef": " פסקי הראש על ברכות ו׳:כ״ז:א׳", 
                    "sourceRef": "Rosh on Berakhot 6:27:1", 
                    "ref": "Rosh on Berakhot 6:27:1"
                }
            ], 
            "text": ""
        }
    ], 
    "book": "Maadaney Yom Tov on Berakhot", 
    "prev": null, 
    "textDepth": 1, 
    "sectionNames": [
        "Siman"
    ], 
    "sections": [
        1021
    ], 
    "isComplex": false, 
    "titleVariants": [
        "Maadaney Yom Tov on Berakhot"
    ], 
    "categories": [
        "Commentary2", 
        "Talmud", 
        "Maadaney Yom Tov"
    ], 
    "ref": "Maadaney Yom Tov on Berakhot 1021", 
    "type": "Commentary2", 
    "addressTypes": [
        "Integer"
    ], 
    "indexTitle": "Maadaney Yom Tov on Berakhot", 
    "heIndexTitle": " מעדני יום טוב על ברכות", 
    "alts": [], 
    "order": ""
}