{
    "heTitleVariants": [
        " מעדני יום טוב על ברכות"
    ], 
    "heTitle": " מעדני יום טוב על ברכות", 
    "heRef": " מעדני יום טוב על ברכות תתרפ״א", 
    "toSections": [
        1081
    ], 
    "sectionRef": "Maadaney Yom Tov on Berakhot", 
    "next": null, 
    "content": [
        {
            "segmentNumber": "1", 
            "he": "<", 
            "links": [
                {
                    "category": "Commentary", 
                    "sourceHeRef": " פסקי הראש על ברכות ו׳:ל״ה:א׳", 
                    "sourceRef": "Rosh on Berakhot 6:35:1", 
                    "ref": "Rosh on Berakhot 6:35:1"
                }
            ], 
            "text": ""
        }, 
        {
            "segmentNumber": "2", 
            "he": "b", 
            "links": [
                {
                    "category": "Commentary", 
                    "sourceHeRef": " פסקי הראש על ברכות ו׳:ל״ה:א׳", 
                    "sourceRef": "Rosh on Berakhot 6:35:1", 
                    "ref": "Rosh on Berakhot 6:35:1"
                }
            ], 
            "text": ""
        }, 
        {
            "segmentNumber": "3", 
            "he": ">", 
            "links": [
                {
                    "category": "Commentary", 
                    "sourceHeRef": " פסקי הראש על ברכות ו׳:ל״ה:א׳", 
                    "sourceRef": "Rosh on Berakhot 6:35:1", 
                    "ref": "Rosh on Berakhot 6:35:1"
                }
            ], 
            "text": ""
        }, 
        {
            "segmentNumber": "4", 
            "he": " ", 
            "links": [
                {
                    "category": "Commentary", 
                    "sourceHeRef": " פסקי הראש על ברכות ו׳:ל״ה:א׳", 
                    "sourceRef": "Rosh on Berakhot 6:35:1", 
                    "ref": "Rosh on Berakhot 6:35:1"
                }
            ], 
            "text": ""
        }, 
        {
            "segmentNumber": "5", 
            "he": " ", 
            "links": [
                {
                    "category": "Commentary", 
                    "sourceHeRef": " פסקי הראש על ברכות ו׳:ל״ה:א׳", 
                    "sourceRef": "Rosh on Berakhot 6:35:1", 
                    "ref": "Rosh on Berakhot 6:35:1"
                }
            ], 
            "text": ""
        }, 
        {
            "segmentNumber": "6", 
            "he": "ב", 
            "links": [
                {
                    "category": "Commentary", 
                    "sourceHeRef": " פסקי הראש על ברכות ו׳:ל״ה:א׳", 
                    "sourceRef": "Rosh on Berakhot 6:35:1", 
                    "ref": "Rosh on Berakhot 6:35:1"
                }
            ], 
            "text": ""
        }, 
        {
            "segmentNumber": "7", 
            "he": "א", 
            "links": [
                {
                    "category": "Commentary", 
                    "sourceHeRef": " פסקי הראש על ברכות ו׳:ל״ה:א׳", 
                    "sourceRef": "Rosh on Berakhot 6:35:1", 
                    "ref": "Rosh on Berakhot 6:35:1"
                }
            ], 
            "text": ""
        }, 
        {
            "segmentNumber": "8", 
            "he": " ", 
            "links": [
                {
                    "category": "Commentary", 
                    "sourceHeRef": " פסקי הראש על ברכות ו׳:ל״ה:א׳", 
                    "sourceRef": "Rosh on Berakhot 6:35:1", 
                    "ref": "Rosh on Berakhot 6:35:1"
                }
            ], 
            "text": ""
        }, 
        {
            "segmentNumber": "9", 
            "he": " ", 
            "links": [
                {
                    "category": "Commentary", 
                    "sourceHeRef": " פסקי הראש על ברכות ו׳:ל״ה:א׳", 
                    "sourceRef": "Rosh on Berakhot 6:35:1", 
                    "ref": "Rosh on Berakhot 6:35:1"
                }
            ], 
            "text": ""
        }, 
        {
            "segmentNumber": "10", 
            "he": "<", 
            "links": [
                {
                    "category": "Commentary", 
                    "sourceHeRef": " פסקי הראש על ברכות ו׳:ל״ה:א׳", 
                    "sourceRef": "Rosh on Berakhot 6:35:1", 
                    "ref": "Rosh on Berakhot 6:35:1"
                }
            ], 
            "text": ""
        }, 
        {
            "segmentNumber": "11", 
            "he": "/", 
            "links": [
                {
                    "category": "Commentary", 
                    "sourceHeRef": " פסקי הראש על ברכות ו׳:ל״ה:א׳", 
                    "sourceRef": "Rosh on Berakhot 6:35:1", 
                    "ref": "Rosh on Berakhot 6:35:1"
                }
            ], 
            "text": ""
        }, 
        {
            "segmentNumber": "12", 
            "he": "b", 
            "links": [
                {
                    "category": "Commentary", 
                    "sourceHeRef": " פסקי הראש על ברכות ו׳:ל״ה:א׳", 
                    "sourceRef": "Rosh on Berakhot 6:35:1", 
                    "ref": "Rosh on Berakhot 6:35:1"
                }
            ], 
            "text": ""
        }, 
        {
            "segmentNumber": "13", 
            "he": ">", 
            "links": [
                {
                    "category": "Commentary", 
                    "sourceHeRef": " פסקי הראש על ברכות ו׳:ל״ה:א׳", 
                    "sourceRef": "Rosh on Berakhot 6:35:1", 
                    "ref": "Rosh on Berakhot 6:35:1"
                }
            ], 
            "text": ""
        }, 
        {
            "segmentNumber": "14", 
            "he": " ", 
            "links": [
                {
                    "category": "Commentary", 
                    "sourceHeRef": " פסקי הראש על ברכות ו׳:ל״ה:א׳", 
                    "sourceRef": "Rosh on Berakhot 6:35:1", 
                    "ref": "Rosh on Berakhot 6:35:1"
                }
            ], 
            "text": ""
        }, 
        {
            "segmentNumber": "15", 
            "he": "ל", 
            "links": [
                {
                    "category": "Commentary", 
                    "sourceHeRef": " פסקי הראש על ברכות ו׳:ל״ה:א׳", 
                    "sourceRef": "Rosh on Berakhot 6:35:1", 
                    "ref": "Rosh on Berakhot 6:35:1"
                }
            ], 
            "text": ""
        }, 
        {
            "segmentNumber": "16", 
            "he": "ה", 
            "links": [
                {
                    "category": "Commentary", 
                    "sourceHeRef": " פסקי הראש על ברכות ו׳:ל״ה:א׳", 
                    "sourceRef": "Rosh on Berakhot 6:35:1", 
                    "ref": "Rosh on Berakhot 6:35:1"
                }
            ], 
            "text": ""
        }, 
        {
            "segmentNumber": "17", 
            "he": "ם", 
            "links": [
                {
                    "category": "Commentary", 
                    "sourceHeRef": " פסקי הראש על ברכות ו׳:ל״ה:א׳", 
                    "sourceRef": "Rosh on Berakhot 6:35:1", 
                    "ref": "Rosh on Berakhot 6:35:1"
                }
            ], 
            "text": ""
        }, 
        {
            "segmentNumber": "18", 
            "he": " ", 
            "links": [
                {
                    "category": "Commentary", 
                    "sourceHeRef": " פסקי הראש על ברכות ו׳:ל״ה:א׳", 
                    "sourceRef": "Rosh on Berakhot 6:35:1", 
                    "ref": "Rosh on Berakhot 6:35:1"
                }
            ], 
            "text": ""
        }, 
        {
            "segmentNumber": "19", 
            "he": "י", 
            "links": [
                {
                    "category": "Commentary", 
                    "sourceHeRef": " פסקי הראש על ברכות ו׳:ל״ה:א׳", 
                    "sourceRef": "Rosh on Berakhot 6:35:1", 
                    "ref": "Rosh on Berakhot 6:35:1"
                }
            ], 
            "text": ""
        }, 
        {
            "segmentNumber": "20", 
            "he": "י", 
            "links": [
                {
                    "category": "Commentary", 
                    "sourceHeRef": " פסקי הראש על ברכות ו׳:ל״ה:א׳", 
                    "sourceRef": "Rosh on Berakhot 6:35:1", 
                    "ref": "Rosh on Berakhot 6:35:1"
                }
            ], 
            "text": ""
        }, 
        {
            "segmentNumber": "21", 
            "he": "ן", 
            "links": [
                {
                    "category": "Commentary", 
                    "sourceHeRef": " פסקי הראש על ברכות ו׳:ל״ה:א׳", 
                    "sourceRef": "Rosh on Berakhot 6:35:1", 
                    "ref": "Rosh on Berakhot 6:35:1"
                }
            ], 
            "text": ""
        }, 
        {
            "segmentNumber": "22", 
            "he": " ", 
            "links": [
                {
                    "category": "Commentary", 
                    "sourceHeRef": " פסקי הראש על ברכות ו׳:ל״ה:א׳", 
                    "sourceRef": "Rosh on Berakhot 6:35:1", 
                    "ref": "Rosh on Berakhot 6:35:1"
                }
            ], 
            "text": ""
        }, 
        {
            "segmentNumber": "23", 
            "he": "ב", 
            "links": [
                {
                    "category": "Commentary", 
                    "sourceHeRef": " פסקי הראש על ברכות ו׳:ל״ה:א׳", 
                    "sourceRef": "Rosh on Berakhot 6:35:1", 
                    "ref": "Rosh on Berakhot 6:35:1"
                }
            ], 
            "text": ""
        }, 
        {
            "segmentNumber": "24", 
            "he": "ת", 
            "links": [
                {
                    "category": "Commentary", 
                    "sourceHeRef": " פסקי הראש על ברכות ו׳:ל״ה:א׳", 
                    "sourceRef": "Rosh on Berakhot 6:35:1", 
                    "ref": "Rosh on Berakhot 6:35:1"
                }
            ], 
            "text": ""
        }, 
        {
            "segmentNumber": "25", 
            "he": "ו", 
            "links": [
                {
                    "category": "Commentary", 
                    "sourceHeRef": " פסקי הראש על ברכות ו׳:ל״ה:א׳", 
                    "sourceRef": "Rosh on Berakhot 6:35:1", 
                    "ref": "Rosh on Berakhot 6:35:1"
                }
            ], 
            "text": ""
        }, 
        {
            "segmentNumber": "26", 
            "he": "ך", 
            "links": [
                {
                    "category": "Commentary", 
                    "sourceHeRef": " פסקי הראש על ברכות ו׳:ל״ה:א׳", 
                    "sourceRef": "Rosh on Berakhot 6:35:1", 
                    "ref": "Rosh on Berakhot 6:35:1"
                }
            ], 
            "text": ""
        }, 
        {
            "segmentNumber": "27", 
            "he": " ", 
            "links": [
                {
                    "category": "Commentary", 
                    "sourceHeRef": " פסקי הראש על ברכות ו׳:ל״ה:א׳", 
                    "sourceRef": "Rosh on Berakhot 6:35:1", 
                    "ref": "Rosh on Berakhot 6:35:1"
                }
            ], 
            "text": ""
        }, 
        {
            "segmentNumber": "28", 
            "he": "ה", 
            "links": [
                {
                    "category": "Commentary", 
                    "sourceHeRef": " פסקי הראש על ברכות ו׳:ל״ה:א׳", 
                    "sourceRef": "Rosh on Berakhot 6:35:1", 
                    "ref": "Rosh on Berakhot 6:35:1"
                }
            ], 
            "text": ""
        }, 
        {
            "segmentNumber": "29", 
            "he": "מ", 
            "links": [
                {
                    "category": "Commentary", 
                    "sourceHeRef": " פסקי הראש על ברכות ו׳:ל״ה:א׳", 
                    "sourceRef": "Rosh on Berakhot 6:35:1", 
                    "ref": "Rosh on Berakhot 6:35:1"
                }
            ], 
            "text": ""
        }, 
        {
            "segmentNumber": "30", 
            "he": "ז", 
            "links": [
                {
                    "category": "Commentary", 
                    "sourceHeRef": " פסקי הראש על ברכות ו׳:ל״ה:א׳", 
                    "sourceRef": "Rosh on Berakhot 6:35:1", 
                    "ref": "Rosh on Berakhot 6:35:1"
                }
            ], 
            "text": ""
        }, 
        {
            "segmentNumber": "31", 
            "he": "ו", 
            "links": [
                {
                    "category": "Commentary", 
                    "sourceHeRef": " פסקי הראש על ברכות ו׳:ל״ה:א׳", 
                    "sourceRef": "Rosh on Berakhot 6:35:1", 
                    "ref": "Rosh on Berakhot 6:35:1"
                }
            ], 
            "text": ""
        }, 
        {
            "segmentNumber": "32", 
            "he": "ן", 
            "links": [
                {
                    "category": "Commentary", 
                    "sourceHeRef": " פסקי הראש על ברכות ו׳:ל״ה:א׳", 
                    "sourceRef": "Rosh on Berakhot 6:35:1", 
                    "ref": "Rosh on Berakhot 6:35:1"
                }
            ], 
            "text": ""
        }, 
        {
            "segmentNumber": "33", 
            "he": " ", 
            "links": [
                {
                    "category": "Commentary", 
                    "sourceHeRef": " פסקי הראש על ברכות ו׳:ל״ה:א׳", 
                    "sourceRef": "Rosh on Berakhot 6:35:1", 
                    "ref": "Rosh on Berakhot 6:35:1"
                }
            ], 
            "text": ""
        }, 
        {
            "segmentNumber": "34", 
            "he": "כ", 
            "links": [
                {
                    "category": "Commentary", 
                    "sourceHeRef": " פסקי הראש על ברכות ו׳:ל״ה:א׳", 
                    "sourceRef": "Rosh on Berakhot 6:35:1", 
                    "ref": "Rosh on Berakhot 6:35:1"
                }
            ], 
            "text": ""
        }, 
        {
            "segmentNumber": "35", 
            "he": "ו", 
            "links": [
                {
                    "category": "Commentary", 
                    "sourceHeRef": " פסקי הראש על ברכות ו׳:ל״ה:א׳", 
                    "sourceRef": "Rosh on Berakhot 6:35:1", 
                    "ref": "Rosh on Berakhot 6:35:1"
                }
            ], 
            "text": ""
        }, 
        {
            "segmentNumber": "36", 
            "he": "'", 
            "links": [
                {
                    "category": "Commentary", 
                    "sourceHeRef": " פסקי הראש על ברכות ו׳:ל״ה:א׳", 
                    "sourceRef": "Rosh on Berakhot 6:35:1", 
                    "ref": "Rosh on Berakhot 6:35:1"
                }
            ], 
            "text": ""
        }, 
        {
            "segmentNumber": "37", 
            "he": ".", 
            "links": [
                {
                    "category": "Commentary", 
                    "sourceHeRef": " פסקי הראש על ברכות ו׳:ל״ה:א׳", 
                    "sourceRef": "Rosh on Berakhot 6:35:1", 
                    "ref": "Rosh on Berakhot 6:35:1"
                }
            ], 
            "text": ""
        }, 
        {
            "segmentNumber": "38", 
            "he": " ", 
            "links": [
                {
                    "category": "Commentary", 
                    "sourceHeRef": " פסקי הראש על ברכות ו׳:ל״ה:א׳", 
                    "sourceRef": "Rosh on Berakhot 6:35:1", 
                    "ref": "Rosh on Berakhot 6:35:1"
                }
            ], 
            "text": ""
        }, 
        {
            "segmentNumber": "39", 
            "he": "א", 
            "links": [
                {
                    "category": "Commentary", 
                    "sourceHeRef": " פסקי הראש על ברכות ו׳:ל״ה:א׳", 
                    "sourceRef": "Rosh on Berakhot 6:35:1", 
                    "ref": "Rosh on Berakhot 6:35:1"
                }
            ], 
            "text": ""
        }, 
        {
            "segmentNumber": "40", 
            "he": "פ", 
            "links": [
                {
                    "category": "Commentary", 
                    "sourceHeRef": " פסקי הראש על ברכות ו׳:ל״ה:א׳", 
                    "sourceRef": "Rosh on Berakhot 6:35:1", 
                    "ref": "Rosh on Berakhot 6:35:1"
                }
            ], 
            "text": ""
        }, 
        {
            "segmentNumber": "41", 
            "he": "י", 
            "links": [
                {
                    "category": "Commentary", 
                    "sourceHeRef": " פסקי הראש על ברכות ו׳:ל״ה:א׳", 
                    "sourceRef": "Rosh on Berakhot 6:35:1", 
                    "ref": "Rosh on Berakhot 6:35:1"
                }
            ], 
            "text": ""
        }, 
        {
            "segmentNumber": "42", 
            "he": "'", 
            "links": [
                {
                    "category": "Commentary", 
                    "sourceHeRef": " פסקי הראש על ברכות ו׳:ל״ה:א׳", 
                    "sourceRef": "Rosh on Berakhot 6:35:1", 
                    "ref": "Rosh on Berakhot 6:35:1"
                }
            ], 
            "text": ""
        }, 
        {
            "segmentNumber": "43", 
            "he": " ", 
            "links": [
                {
                    "category": "Commentary", 
                    "sourceHeRef": " פסקי הראש על ברכות ו׳:ל״ה:א׳", 
                    "sourceRef": "Rosh on Berakhot 6:35:1", 
                    "ref": "Rosh on Berakhot 6:35:1"
                }
            ], 
            "text": ""
        }, 
        {
            "segmentNumber": "44", 
            "he": "ה", 
            "links": [
                {
                    "category": "Commentary", 
                    "sourceHeRef": " פסקי הראש על ברכות ו׳:ל״ה:א׳", 
                    "sourceRef": "Rosh on Berakhot 6:35:1", 
                    "ref": "Rosh on Berakhot 6:35:1"
                }
            ], 
            "text": ""
        }, 
        {
            "segmentNumber": "45", 
            "he": "ס", 
            "links": [
                {
                    "category": "Commentary", 
                    "sourceHeRef": " פסקי הראש על ברכות ו׳:ל״ה:א׳", 
                    "sourceRef": "Rosh on Berakhot 6:35:1", 
                    "ref": "Rosh on Berakhot 6:35:1"
                }
            ], 
            "text": ""
        }, 
        {
            "segmentNumber": "46", 
            "he": "י", 
            "links": [
                {
                    "category": "Commentary", 
                    "sourceHeRef": " פסקי הראש על ברכות ו׳:ל״ה:א׳", 
                    "sourceRef": "Rosh on Berakhot 6:35:1", 
                    "ref": "Rosh on Berakhot 6:35:1"
                }
            ], 
            "text": ""
        }, 
        {
            "segmentNumber": "47", 
            "he": "ב", 
            "links": [
                {
                    "category": "Commentary", 
                    "sourceHeRef": " פסקי הראש על ברכות ו׳:ל״ה:א׳", 
                    "sourceRef": "Rosh on Berakhot 6:35:1", 
                    "ref": "Rosh on Berakhot 6:35:1"
                }
            ], 
            "text": ""
        }, 
        {
            "segmentNumber": "48", 
            "he": "ו", 
            "links": [
                {
                    "category": "Commentary", 
                    "sourceHeRef": " פסקי הראש על ברכות ו׳:ל״ה:א׳", 
                    "sourceRef": "Rosh on Berakhot 6:35:1", 
                    "ref": "Rosh on Berakhot 6:35:1"
                }
            ], 
            "text": ""
        }, 
        {
            "segmentNumber": "49", 
            "he": " ", 
            "links": [
                {
                    "category": "Commentary", 
                    "sourceHeRef": " פסקי הראש על ברכות ו׳:ל״ה:א׳", 
                    "sourceRef": "Rosh on Berakhot 6:35:1", 
                    "ref": "Rosh on Berakhot 6:35:1"
                }
            ], 
            "text": ""
        }, 
        {
            "segmentNumber": "50", 
            "he": "י", 
            "links": [
                {
                    "category": "Commentary", 
                    "sourceHeRef": " פסקי הראש על ברכות ו׳:ל״ה:א׳", 
                    "sourceRef": "Rosh on Berakhot 6:35:1", 
                    "ref": "Rosh on Berakhot 6:35:1"
                }
            ], 
            "text": ""
        }, 
        {
            "segmentNumber": "51", 
            "he": "ח", 
            "links": [
                {
                    "category": "Commentary", 
                    "sourceHeRef": " פסקי הראש על ברכות ו׳:ל״ה:א׳", 
                    "sourceRef": "Rosh on Berakhot 6:35:1", 
                    "ref": "Rosh on Berakhot 6:35:1"
                }
            ], 
            "text": ""
        }, 
        {
            "segmentNumber": "52", 
            "he": "ד", 
            "links": [
                {
                    "category": "Commentary", 
                    "sourceHeRef": " פסקי הראש על ברכות ו׳:ל״ה:א׳", 
                    "sourceRef": "Rosh on Berakhot 6:35:1", 
                    "ref": "Rosh on Berakhot 6:35:1"
                }
            ], 
            "text": ""
        }, 
        {
            "segmentNumber": "53", 
            "he": " ", 
            "links": [
                {
                    "category": "Commentary", 
                    "sourceHeRef": " פסקי הראש על ברכות ו׳:ל״ה:א׳", 
                    "sourceRef": "Rosh on Berakhot 6:35:1", 
                    "ref": "Rosh on Berakhot 6:35:1"
                }
            ], 
            "text": ""
        }, 
        {
            "segmentNumber": "54", 
            "he": "ל", 
            "links": [
                {
                    "category": "Commentary", 
                    "sourceHeRef": " פסקי הראש על ברכות ו׳:ל״ה:א׳", 
                    "sourceRef": "Rosh on Berakhot 6:35:1", 
                    "ref": "Rosh on Berakhot 6:35:1"
                }
            ], 
            "text": ""
        }, 
        {
            "segmentNumber": "55", 
            "he": "א", 
            "links": [
                {
                    "category": "Commentary", 
                    "sourceHeRef": " פסקי הראש על ברכות ו׳:ל״ה:א׳", 
                    "sourceRef": "Rosh on Berakhot 6:35:1", 
                    "ref": "Rosh on Berakhot 6:35:1"
                }
            ], 
            "text": ""
        }, 
        {
            "segmentNumber": "56", 
            "he": "ח", 
            "links": [
                {
                    "category": "Commentary", 
                    "sourceHeRef": " פסקי הראש על ברכות ו׳:ל״ה:א׳", 
                    "sourceRef": "Rosh on Berakhot 6:35:1", 
                    "ref": "Rosh on Berakhot 6:35:1"
                }
            ], 
            "text": ""
        }, 
        {
            "segmentNumber": "57", 
            "he": "ר", 
            "links": [
                {
                    "category": "Commentary", 
                    "sourceHeRef": " פסקי הראש על ברכות ו׳:ל״ה:א׳", 
                    "sourceRef": "Rosh on Berakhot 6:35:1", 
                    "ref": "Rosh on Berakhot 6:35:1"
                }
            ], 
            "text": ""
        }, 
        {
            "segmentNumber": "58", 
            "he": " ", 
            "links": [
                {
                    "category": "Commentary", 
                    "sourceHeRef": " פסקי הראש על ברכות ו׳:ל״ה:א׳", 
                    "sourceRef": "Rosh on Berakhot 6:35:1", 
                    "ref": "Rosh on Berakhot 6:35:1"
                }
            ], 
            "text": ""
        }, 
        {
            "segmentNumber": "59", 
            "he": "ה", 
            "links": [
                {
                    "category": "Commentary", 
                    "sourceHeRef": " פסקי הראש על ברכות ו׳:ל״ה:א׳", 
                    "sourceRef": "Rosh on Berakhot 6:35:1", 
                    "ref": "Rosh on Berakhot 6:35:1"
                }
            ], 
            "text": ""
        }, 
        {
            "segmentNumber": "60", 
            "he": "מ", 
            "links": [
                {
                    "category": "Commentary", 
                    "sourceHeRef": " פסקי הראש על ברכות ו׳:ל״ה:א׳", 
                    "sourceRef": "Rosh on Berakhot 6:35:1", 
                    "ref": "Rosh on Berakhot 6:35:1"
                }
            ], 
            "text": ""
        }, 
        {
            "segmentNumber": "61", 
            "he": "ז", 
            "links": [
                {
                    "category": "Commentary", 
                    "sourceHeRef": " פסקי הראש על ברכות ו׳:ל״ה:א׳", 
                    "sourceRef": "Rosh on Berakhot 6:35:1", 
                    "ref": "Rosh on Berakhot 6:35:1"
                }
            ], 
            "text": ""
        }, 
        {
            "segmentNumber": "62", 
            "he": "ו", 
            "links": [
                {
                    "category": "Commentary", 
                    "sourceHeRef": " פסקי הראש על ברכות ו׳:ל״ה:א׳", 
                    "sourceRef": "Rosh on Berakhot 6:35:1", 
                    "ref": "Rosh on Berakhot 6:35:1"
                }
            ], 
            "text": ""
        }, 
        {
            "segmentNumber": "63", 
            "he": "ן", 
            "links": [
                {
                    "category": "Commentary", 
                    "sourceHeRef": " פסקי הראש על ברכות ו׳:ל״ה:א׳", 
                    "sourceRef": "Rosh on Berakhot 6:35:1", 
                    "ref": "Rosh on Berakhot 6:35:1"
                }
            ], 
            "text": ""
        }, 
        {
            "segmentNumber": "64", 
            "he": " ", 
            "links": [
                {
                    "category": "Commentary", 
                    "sourceHeRef": " פסקי הראש על ברכות ו׳:ל״ה:א׳", 
                    "sourceRef": "Rosh on Berakhot 6:35:1", 
                    "ref": "Rosh on Berakhot 6:35:1"
                }
            ], 
            "text": ""
        }, 
        {
            "segmentNumber": "65", 
            "he": "א", 
            "links": [
                {
                    "category": "Commentary", 
                    "sourceHeRef": " פסקי הראש על ברכות ו׳:ל״ה:א׳", 
                    "sourceRef": "Rosh on Berakhot 6:35:1", 
                    "ref": "Rosh on Berakhot 6:35:1"
                }
            ], 
            "text": ""
        }, 
        {
            "segmentNumber": "66", 
            "he": "ם", 
            "links": [
                {
                    "category": "Commentary", 
                    "sourceHeRef": " פסקי הראש על ברכות ו׳:ל״ה:א׳", 
                    "sourceRef": "Rosh on Berakhot 6:35:1", 
                    "ref": "Rosh on Berakhot 6:35:1"
                }
            ], 
            "text": ""
        }, 
        {
            "segmentNumber": "67", 
            "he": " ", 
            "links": [
                {
                    "category": "Commentary", 
                    "sourceHeRef": " פסקי הראש על ברכות ו׳:ל״ה:א׳", 
                    "sourceRef": "Rosh on Berakhot 6:35:1", 
                    "ref": "Rosh on Berakhot 6:35:1"
                }
            ], 
            "text": ""
        }, 
        {
            "segmentNumber": "68", 
            "he": "ה", 
            "links": [
                {
                    "category": "Commentary", 
                    "sourceHeRef": " פסקי הראש על ברכות ו׳:ל״ה:א׳", 
                    "sourceRef": "Rosh on Berakhot 6:35:1", 
                    "ref": "Rosh on Berakhot 6:35:1"
                }
            ], 
            "text": ""
        }, 
        {
            "segmentNumber": "69", 
            "he": "ס", 
            "links": [
                {
                    "category": "Commentary", 
                    "sourceHeRef": " פסקי הראש על ברכות ו׳:ל״ה:א׳", 
                    "sourceRef": "Rosh on Berakhot 6:35:1", 
                    "ref": "Rosh on Berakhot 6:35:1"
                }
            ], 
            "text": ""
        }, 
        {
            "segmentNumber": "70", 
            "he": "י", 
            "links": [
                {
                    "category": "Commentary", 
                    "sourceHeRef": " פסקי הראש על ברכות ו׳:ל״ה:א׳", 
                    "sourceRef": "Rosh on Berakhot 6:35:1", 
                    "ref": "Rosh on Berakhot 6:35:1"
                }
            ], 
            "text": ""
        }, 
        {
            "segmentNumber": "71", 
            "he": "ב", 
            "links": [
                {
                    "category": "Commentary", 
                    "sourceHeRef": " פסקי הראש על ברכות ו׳:ל״ה:א׳", 
                    "sourceRef": "Rosh on Berakhot 6:35:1", 
                    "ref": "Rosh on Berakhot 6:35:1"
                }
            ], 
            "text": ""
        }, 
        {
            "segmentNumber": "72", 
            "he": "ו", 
            "links": [
                {
                    "category": "Commentary", 
                    "sourceHeRef": " פסקי הראש על ברכות ו׳:ל״ה:א׳", 
                    "sourceRef": "Rosh on Berakhot 6:35:1", 
                    "ref": "Rosh on Berakhot 6:35:1"
                }
            ], 
            "text": ""
        }, 
        {
            "segmentNumber": "73", 
            "he": " ", 
            "links": [
                {
                    "category": "Commentary", 
                    "sourceHeRef": " פסקי הראש על ברכות ו׳:ל״ה:א׳", 
                    "sourceRef": "Rosh on Berakhot 6:35:1", 
                    "ref": "Rosh on Berakhot 6:35:1"
                }
            ], 
            "text": ""
        }, 
        {
            "segmentNumber": "74", 
            "he": "י", 
            "links": [
                {
                    "category": "Commentary", 
                    "sourceHeRef": " פסקי הראש על ברכות ו׳:ל״ה:א׳", 
                    "sourceRef": "Rosh on Berakhot 6:35:1", 
                    "ref": "Rosh on Berakhot 6:35:1"
                }
            ], 
            "text": ""
        }, 
        {
            "segmentNumber": "75", 
            "he": "ח", 
            "links": [
                {
                    "category": "Commentary", 
                    "sourceHeRef": " פסקי הראש על ברכות ו׳:ל״ה:א׳", 
                    "sourceRef": "Rosh on Berakhot 6:35:1", 
                    "ref": "Rosh on Berakhot 6:35:1"
                }
            ], 
            "text": ""
        }, 
        {
            "segmentNumber": "76", 
            "he": "ד", 
            "links": [
                {
                    "category": "Commentary", 
                    "sourceHeRef": " פסקי הראש על ברכות ו׳:ל״ה:א׳", 
                    "sourceRef": "Rosh on Berakhot 6:35:1", 
                    "ref": "Rosh on Berakhot 6:35:1"
                }
            ], 
            "text": ""
        }, 
        {
            "segmentNumber": "77", 
            "he": " ", 
            "links": [
                {
                    "category": "Commentary", 
                    "sourceHeRef": " פסקי הראש על ברכות ו׳:ל״ה:א׳", 
                    "sourceRef": "Rosh on Berakhot 6:35:1", 
                    "ref": "Rosh on Berakhot 6:35:1"
                }
            ], 
            "text": ""
        }, 
        {
            "segmentNumber": "78", 
            "he": "א", 
            "links": [
                {
                    "category": "Commentary", 
                    "sourceHeRef": " פסקי הראש על ברכות ו׳:ל״ה:א׳", 
                    "sourceRef": "Rosh on Berakhot 6:35:1", 
                    "ref": "Rosh on Berakhot 6:35:1"
                }
            ], 
            "text": ""
        }, 
        {
            "segmentNumber": "79", 
            "he": "'", 
            "links": [
                {
                    "category": "Commentary", 
                    "sourceHeRef": " פסקי הראש על ברכות ו׳:ל״ה:א׳", 
                    "sourceRef": "Rosh on Berakhot 6:35:1", 
                    "ref": "Rosh on Berakhot 6:35:1"
                }
            ], 
            "text": ""
        }, 
        {
            "segmentNumber": "80", 
            "he": " ", 
            "links": [
                {
                    "category": "Commentary", 
                    "sourceHeRef": " פסקי הראש על ברכות ו׳:ל״ה:א׳", 
                    "sourceRef": "Rosh on Berakhot 6:35:1", 
                    "ref": "Rosh on Berakhot 6:35:1"
                }
            ], 
            "text": ""
        }, 
        {
            "segmentNumber": "81", 
            "he": "מ", 
            "links": [
                {
                    "category": "Commentary", 
                    "sourceHeRef": " פסקי הראש על ברכות ו׳:ל״ה:א׳", 
                    "sourceRef": "Rosh on Berakhot 6:35:1", 
                    "ref": "Rosh on Berakhot 6:35:1"
                }
            ], 
            "text": ""
        }, 
        {
            "segmentNumber": "82", 
            "he": "ב", 
            "links": [
                {
                    "category": "Commentary", 
                    "sourceHeRef": " פסקי הראש על ברכות ו׳:ל״ה:א׳", 
                    "sourceRef": "Rosh on Berakhot 6:35:1", 
                    "ref": "Rosh on Berakhot 6:35:1"
                }
            ], 
            "text": ""
        }, 
        {
            "segmentNumber": "83", 
            "he": "ר", 
            "links": [
                {
                    "category": "Commentary", 
                    "sourceHeRef": " פסקי הראש על ברכות ו׳:ל״ה:א׳", 
                    "sourceRef": "Rosh on Berakhot 6:35:1", 
                    "ref": "Rosh on Berakhot 6:35:1"
                }
            ], 
            "text": ""
        }, 
        {
            "segmentNumber": "84", 
            "he": "ך", 
            "links": [
                {
                    "category": "Commentary", 
                    "sourceHeRef": " פסקי הראש על ברכות ו׳:ל״ה:א׳", 
                    "sourceRef": "Rosh on Berakhot 6:35:1", 
                    "ref": "Rosh on Berakhot 6:35:1"
                }
            ], 
            "text": ""
        }, 
        {
            "segmentNumber": "85", 
            "he": " ", 
            "links": [
                {
                    "category": "Commentary", 
                    "sourceHeRef": " פסקי הראש על ברכות ו׳:ל״ה:א׳", 
                    "sourceRef": "Rosh on Berakhot 6:35:1", 
                    "ref": "Rosh on Berakhot 6:35:1"
                }
            ], 
            "text": ""
        }, 
        {
            "segmentNumber": "86", 
            "he": "ל", 
            "links": [
                {
                    "category": "Commentary", 
                    "sourceHeRef": " פסקי הראש על ברכות ו׳:ל״ה:א׳", 
                    "sourceRef": "Rosh on Berakhot 6:35:1", 
                    "ref": "Rosh on Berakhot 6:35:1"
                }
            ], 
            "text": ""
        }, 
        {
            "segmentNumber": "87", 
            "he": "כ", 
            "links": [
                {
                    "category": "Commentary", 
                    "sourceHeRef": " פסקי הראש על ברכות ו׳:ל״ה:א׳", 
                    "sourceRef": "Rosh on Berakhot 6:35:1", 
                    "ref": "Rosh on Berakhot 6:35:1"
                }
            ], 
            "text": ""
        }, 
        {
            "segmentNumber": "88", 
            "he": "ו", 
            "links": [
                {
                    "category": "Commentary", 
                    "sourceHeRef": " פסקי הראש על ברכות ו׳:ל״ה:א׳", 
                    "sourceRef": "Rosh on Berakhot 6:35:1", 
                    "ref": "Rosh on Berakhot 6:35:1"
                }
            ], 
            "text": ""
        }, 
        {
            "segmentNumber": "89", 
            "he": "ל", 
            "links": [
                {
                    "category": "Commentary", 
                    "sourceHeRef": " פסקי הראש על ברכות ו׳:ל״ה:א׳", 
                    "sourceRef": "Rosh on Berakhot 6:35:1", 
                    "ref": "Rosh on Berakhot 6:35:1"
                }
            ], 
            "text": ""
        }, 
        {
            "segmentNumber": "90", 
            "he": "ן", 
            "links": [
                {
                    "category": "Commentary", 
                    "sourceHeRef": " פסקי הראש על ברכות ו׳:ל״ה:א׳", 
                    "sourceRef": "Rosh on Berakhot 6:35:1", 
                    "ref": "Rosh on Berakhot 6:35:1"
                }
            ], 
            "text": ""
        }, 
        {
            "segmentNumber": "91", 
            "he": ".", 
            "links": [
                {
                    "category": "Commentary", 
                    "sourceHeRef": " פסקי הראש על ברכות ו׳:ל״ה:א׳", 
                    "sourceRef": "Rosh on Berakhot 6:35:1", 
                    "ref": "Rosh on Berakhot 6:35:1"
                }
            ], 
            "text": ""
        }, 
        {
            "segmentNumber": "92", 
            "he": " ", 
            "links": [
                {
                    "category": "Commentary", 
                    "sourceHeRef": " פסקי הראש על ברכות ו׳:ל״ה:א׳", 
                    "sourceRef": "Rosh on Berakhot 6:35:1", 
                    "ref": "Rosh on Berakhot 6:35:1"
                }
            ], 
            "text": ""
        }, 
        {
            "segmentNumber": "93", 
            "he": "ט", 
            "links": [
                {
                    "category": "Commentary", 
                    "sourceHeRef": " פסקי הראש על ברכות ו׳:ל״ה:א׳", 
                    "sourceRef": "Rosh on Berakhot 6:35:1", 
                    "ref": "Rosh on Berakhot 6:35:1"
                }
            ], 
            "text": ""
        }, 
        {
            "segmentNumber": "94", 
            "he": "ו", 
            "links": [
                {
                    "category": "Commentary", 
                    "sourceHeRef": " פסקי הראש על ברכות ו׳:ל״ה:א׳", 
                    "sourceRef": "Rosh on Berakhot 6:35:1", 
                    "ref": "Rosh on Berakhot 6:35:1"
                }
            ], 
            "text": ""
        }, 
        {
            "segmentNumber": "95", 
            "he": "ר", 
            "links": [
                {
                    "category": "Commentary", 
                    "sourceHeRef": " פסקי הראש על ברכות ו׳:ל״ה:א׳", 
                    "sourceRef": "Rosh on Berakhot 6:35:1", 
                    "ref": "Rosh on Berakhot 6:35:1"
                }
            ], 
            "text": ""
        }, 
        {
            "segmentNumber": "96", 
            "he": " ", 
            "links": [
                {
                    "category": "Commentary", 
                    "sourceHeRef": " פסקי הראש על ברכות ו׳:ל״ה:א׳", 
                    "sourceRef": "Rosh on Berakhot 6:35:1", 
                    "ref": "Rosh on Berakhot 6:35:1"
                }
            ], 
            "text": ""
        }, 
        {
            "segmentNumber": "97", 
            "he": "ס", 
            "links": [
                {
                    "category": "Commentary", 
                    "sourceHeRef": " פסקי הראש על ברכות ו׳:ל״ה:א׳", 
                    "sourceRef": "Rosh on Berakhot 6:35:1", 
                    "ref": "Rosh on Berakhot 6:35:1"
                }
            ], 
            "text": ""
        }, 
        {
            "segmentNumber": "98", 
            "he": "י", 
            "links": [
                {
                    "category": "Commentary", 
                    "sourceHeRef": " פסקי הראש על ברכות ו׳:ל״ה:א׳", 
                    "sourceRef": "Rosh on Berakhot 6:35:1", 
                    "ref": "Rosh on Berakhot 6:35:1"
                }
            ], 
            "text": ""
        }, 
        {
            "segmentNumber": "99", 
            "he": "'", 
            "links": [
                {
                    "category": "Commentary", 
                    "sourceHeRef": " פסקי הראש על ברכות ו׳:ל״ה:א׳", 
                    "sourceRef": "Rosh on Berakhot 6:35:1", 
                    "ref": "Rosh on Berakhot 6:35:1"
                }
            ], 
            "text": ""
        }, 
        {
            "segmentNumber": "100", 
            "he": " ", 
            "links": [
                {
                    "category": "Commentary", 
                    "sourceHeRef": " פסקי הראש על ברכות ו׳:ל״ה:א׳", 
                    "sourceRef": "Rosh on Berakhot 6:35:1", 
                    "ref": "Rosh on Berakhot 6:35:1"
                }
            ], 
            "text": ""
        }, 
        {
            "segmentNumber": "101", 
            "he": "ק", 
            "links": [
                {
                    "category": "Commentary", 
                    "sourceHeRef": " פסקי הראש על ברכות ו׳:ל״ה:א׳", 
                    "sourceRef": "Rosh on Berakhot 6:35:1", 
                    "ref": "Rosh on Berakhot 6:35:1"
                }
            ], 
            "text": ""
        }, 
        {
            "segmentNumber": "102", 
            "he": "ע", 
            "links": [
                {
                    "category": "Commentary", 
                    "sourceHeRef": " פסקי הראש על ברכות ו׳:ל״ה:א׳", 
                    "sourceRef": "Rosh on Berakhot 6:35:1", 
                    "ref": "Rosh on Berakhot 6:35:1"
                }
            ], 
            "text": ""
        }, 
        {
            "segmentNumber": "103", 
            "he": "\"", 
            "links": [
                {
                    "category": "Commentary", 
                    "sourceHeRef": " פסקי הראש על ברכות ו׳:ל״ה:א׳", 
                    "sourceRef": "Rosh on Berakhot 6:35:1", 
                    "ref": "Rosh on Berakhot 6:35:1"
                }
            ], 
            "text": ""
        }, 
        {
            "segmentNumber": "104", 
            "he": "ד", 
            "links": [
                {
                    "category": "Commentary", 
                    "sourceHeRef": " פסקי הראש על ברכות ו׳:ל״ה:א׳", 
                    "sourceRef": "Rosh on Berakhot 6:35:1", 
                    "ref": "Rosh on Berakhot 6:35:1"
                }
            ], 
            "text": ""
        }, 
        {
            "segmentNumber": "105", 
            "he": ":", 
            "links": [
                {
                    "category": "Commentary", 
                    "sourceHeRef": " פסקי הראש על ברכות ו׳:ל״ה:א׳", 
                    "sourceRef": "Rosh on Berakhot 6:35:1", 
                    "ref": "Rosh on Berakhot 6:35:1"
                }
            ], 
            "text": ""
        }, 
        {
            "segmentNumber": "106", 
            "he": " ", 
            "links": [
                {
                    "category": "Commentary", 
                    "sourceHeRef": " פסקי הראש על ברכות ו׳:ל״ה:א׳", 
                    "sourceRef": "Rosh on Berakhot 6:35:1", 
                    "ref": "Rosh on Berakhot 6:35:1"
                }
            ], 
            "text": ""
        }, 
        {
            "segmentNumber": "107", 
            "he": "\n", 
            "links": [
                {
                    "category": "Commentary", 
                    "sourceHeRef": " פסקי הראש על ברכות ו׳:ל״ה:א׳", 
                    "sourceRef": "Rosh on Berakhot 6:35:1", 
                    "ref": "Rosh on Berakhot 6:35:1"
                }
            ], 
            "text": ""
        }
    ], 
    "book": "Maadaney Yom Tov on Berakhot", 
    "prev": null, 
    "textDepth": 1, 
    "sectionNames": [
        "Siman"
    ], 
    "sections": [
        1081
    ], 
    "isComplex": false, 
    "titleVariants": [
        "Maadaney Yom Tov on Berakhot"
    ], 
    "categories": [
        "Commentary2", 
        "Talmud", 
        "Maadaney Yom Tov"
    ], 
    "ref": "Maadaney Yom Tov on Berakhot 1081", 
    "type": "Commentary2", 
    "addressTypes": [
        "Integer"
    ], 
    "indexTitle": "Maadaney Yom Tov on Berakhot", 
    "heIndexTitle": " מעדני יום טוב על ברכות", 
    "alts": [], 
    "order": ""
}