[{
    "links": [], 
    "text": "<small>On Rosh Chodesh, Chol Hamoed Pesach, and the last days of Pesach, omit the following paragraph.</small>", 
    "heTitleVariants": [
        "הלל"
    ], 
    "heTitle": "הלל", 
    "heRef": "הלל ד׳", 
    "toSections": [
        4
    ], 
    "sectionRef": "Hallel", 
    "next": null, 
    "book": "Hallel", 
    "prev": null, 
    "textDepth": 1, 
    "sectionNames": [
        "Paragraph"
    ], 
    "sections": [
        4
    ], 
    "isComplex": false, 
    "titleVariants": [
        "Hallel"
    ], 
    "categories": [
        "Liturgy"
    ], 
    "he": "<small>בר\"ח ובחוה\"מ פסח גם שני הימים האחרונים של פסח מדלגין זה:</small>", 
    "ref": "Hallel 4", 
    "type": "Liturgy", 
    "addressTypes": [
        "Integer"
    ], 
    "indexTitle": "Hallel", 
    "heIndexTitle": "הלל", 
    "alts": [], 
    "order": ""
}]