{
    "heTitleVariants": [
        "תוספות על ביצה"
    ], 
    "heTitle": "תוספות על ביצה ל׳ ב", 
    "content": [
        {
            "segmentNumber": "1", 
            "he": [], 
            "links": [], 
            "text": ""
        }, 
        {
            "segmentNumber": "2", 
            "he": [], 
            "links": [], 
            "text": ""
        }, 
        {
            "segmentNumber": "3", 
            "he": [], 
            "links": [], 
            "text": ""
        }, 
        {
            "segmentNumber": "4", 
            "he": [], 
            "links": [], 
            "text": ""
        }, 
        {
            "segmentNumber": "5", 
            "he": [], 
            "links": [], 
            "text": ""
        }, 
        {
            "segmentNumber": "6", 
            "he": [], 
            "links": [], 
            "text": ""
        }, 
        {
            "segmentNumber": "7", 
            "he": [], 
            "links": [], 
            "text": ""
        }, 
        {
            "segmentNumber": "8", 
            "he": [], 
            "links": [], 
            "text": ""
        }, 
        {
            "segmentNumber": "9", 
            "he": [], 
            "links": [], 
            "text": ""
        }, 
        {
            "segmentNumber": "10", 
            "he": [], 
            "links": [], 
            "text": ""
        }, 
        {
            "segmentNumber": "11", 
            "he": [], 
            "links": [], 
            "text": ""
        }, 
        {
            "segmentNumber": "12", 
            "he": [], 
            "links": [], 
            "text": ""
        }, 
        {
            "segmentNumber": "13", 
            "he": [], 
            "links": [], 
            "text": ""
        }, 
        {
            "segmentNumber": "14", 
            "he": [], 
            "links": [], 
            "text": ""
        }, 
        {
            "segmentNumber": "15", 
            "he": [], 
            "links": [], 
            "text": ""
        }, 
        {
            "segmentNumber": "16", 
            "he": [], 
            "links": [], 
            "text": ""
        }, 
        {
            "segmentNumber": "17", 
            "he": [], 
            "links": [], 
            "text": ""
        }, 
        {
            "segmentNumber": "18", 
            "he": [], 
            "links": [], 
            "text": ""
        }, 
        {
            "segmentNumber": "19", 
            "he": [], 
            "links": [], 
            "text": ""
        }, 
        {
            "segmentNumber": "20", 
            "he": [], 
            "links": [], 
            "text": ""
        }, 
        {
            "segmentNumber": "21", 
            "he": [], 
            "links": [], 
            "text": ""
        }, 
        {
            "segmentNumber": "22", 
            "he": [], 
            "links": [], 
            "text": ""
        }, 
        {
            "segmentNumber": "23", 
            "he": [], 
            "links": [], 
            "text": ""
        }, 
        {
            "segmentNumber": "24", 
            "he": [], 
            "links": [], 
            "text": ""
        }, 
        {
            "segmentNumber": "25", 
            "he": [
                "אמר רב מנשיא בריה דרבא סיפא אתאן לסוכה דעלמא כו'. מצי נמי למפרך דלמאי דס\"ל דהוי מוקצה מחמת איסור לא אשכחנא דמהני ביה תנאה אלא דאינו חושש למפרך משום דאינו נשאר במסקנא אלא נקט האמת:\n"
            ], 
            "links": [
                {
                    "category": "Talmud", 
                    "sourceHeRef": "ביצה ל׳ ב:כ״ה", 
                    "sourceRef": "Beitzah 30b:25", 
                    "ref": "Beitzah 30b:25"
                }
            ], 
            "text": ""
        }, 
        {
            "segmentNumber": "26", 
            "he": [], 
            "links": [], 
            "text": ""
        }, 
        {
            "segmentNumber": "27", 
            "he": [], 
            "links": [], 
            "text": ""
        }, 
        {
            "segmentNumber": "28", 
            "he": [], 
            "links": [], 
            "text": ""
        }, 
        {
            "segmentNumber": "29", 
            "he": [], 
            "links": [], 
            "text": ""
        }, 
        {
            "segmentNumber": "30", 
            "he": [
                "עד מוצאי י\"ט האחרון. עד שיתחיל יום החול וא\"ת התינח י\"ט שמיני מוקצה הוא משום דהוי ספק שביעי וגם ביום תשיעי שם מוקצה עליו הואיל ואתקצאי לבין השמשות אתקצאי נמי לכולי יומא ושפיר אמרינן מוקצה מחמת יום שעבר במוקצה מחמת מצוה כגון הכא בעצי סוכה אבל נהגו העולם כשחל תשיעי של חג בע\"ש שאין מסתפקין מהן בשבת שהוא עשירי ומאי טעמא אי משום סתירת אהל לא שייך בפירות ואי משום דאתקצאי בין השמשות דתשיעי תרי מגו כה\"ג לא אמרינן דבתשיעי נמי לא נאסר אלא מטעם מגו וי\"ל דהיינו טעמא משום הכנה דהואיל ובע\"ש היה אסור שהוא תשיעי והוא י\"ט אם היה נאכל בשבת היה מכין י\"ט לשבת והוי כעין נולד כיון שבא עתה ראויות שלו ולא בא בי\"ט ומזה הטעם יש נזהרין כשחל שמחת תורה אחר השבת מלאכול האתרוג באותו יום דהואיל ובשבת היה אסור שהוא שמיני ועוד כי היה ראוי לברך בו אם אתי אליהו ואמר דעברו לאלול א\"כ אם היה אוכל אותו בשמחת התורה כדאמרן הוי שבת מכין לי\"ט:\n"
            ], 
            "links": [
                {
                    "category": "Talmud", 
                    "sourceHeRef": "ביצה ל׳ ב:ל׳", 
                    "sourceRef": "Beitzah 30b:30", 
                    "ref": "Beitzah 30b:30"
                }
            ], 
            "text": ""
        }, 
        {
            "segmentNumber": "31", 
            "he": [], 
            "links": [], 
            "text": ""
        }, 
        {
            "segmentNumber": "32", 
            "he": [], 
            "links": [], 
            "text": ""
        }, 
        {
            "segmentNumber": "33", 
            "he": [], 
            "links": [], 
            "text": ""
        }, 
        {
            "segmentNumber": "34", 
            "he": [
                "אבל עצי סוכה דחל קדושה עלייהו אתקצאי לשבעה. וקשה דמשמע הכא דמה שעצי סוכה אסורין היינו מטעם מוקצה וכן משמע בשבת (דף מה. ושם) הואיל והוקצה למצותו הוקצה לאיסורו ולעיל קאמר מה חג לה' אף סוכה לה' אלמא דאסורין מדאורייתא ותירץ ר\"ת דמה שאמר מה חג לשם אף סוכה לשם היינו לפי שיעור סוכה כגון ב' דפנות ושלישית אפי' טפח אבל אי עביד דפנות שלמות יותר משיעור סוכה לא נפיק מקרא ועל היותר קאמר שאסור מטעם מוקצה ור\"י פירש דודאי כל זמן שהסוכה בעמידה שייך בה מה חג לה' אף סוכה לה' אבל כשנפלה לא שייך בה מה חג וכו' ואם כן היה יכול לתרוצי הכא מה שעצי סוכה אסורין מקרא דלעיל מה חג היינו כשהיו בעמידה אבל כשנפלו מותרין אלא נקט האמת דכשנפלו נמי אסורין מטעם מוקצה:"
            ], 
            "links": [
                {
                    "category": "Talmud", 
                    "sourceHeRef": "ביצה ל׳ ב:ל״ד", 
                    "sourceRef": "Beitzah 30b:34", 
                    "ref": "Beitzah 30b:34"
                }
            ], 
            "text": ""
        }, 
        {
            "segmentNumber": "35", 
            "he": [], 
            "links": [], 
            "text": ""
        }, 
        {
            "segmentNumber": "36", 
            "he": [], 
            "links": [], 
            "text": ""
        }, 
        {
            "segmentNumber": "37", 
            "he": [
                "כל אחת ואחת יוצא בה ואוכלה לאלתר. לאו דוקא לאלתר דהא אתרוג של יום ראשון אסור כל היום עד למחר ולא פליג רב ורב אסי אלא בשאר ימים:"
            ], 
            "links": [
                {
                    "category": "Talmud", 
                    "sourceHeRef": "ביצה ל׳ ב:ל״ז", 
                    "sourceRef": "Beitzah 30b:37", 
                    "ref": "Beitzah 30b:37"
                }
            ], 
            "text": ""
        }, 
        {
            "segmentNumber": "38", 
            "he": [], 
            "links": [], 
            "text": ""
        }, 
        {
            "segmentNumber": "39", 
            "he": [], 
            "links": [], 
            "text": ""
        }, 
        {
            "segmentNumber": "40", 
            "he": [], 
            "links": [], 
            "text": ""
        }
    ], 
    "commentaryBook": "Beitzah", 
    "heRef": "תוספות על ביצה ל׳ ב", 
    "toSections": [
        "30b"
    ], 
    "sectionRef": "Tosafot on Beitzah 30b", 
    "title": "Tosafot on Beitzah 30b", 
    "lengths": [
        78, 
        3880
    ], 
    "next": "Tosafot on Beitzah 31a:8", 
    "heBook": "תוספות על ביצה", 
    "book": "Tosafot on Beitzah", 
    "prev": "Tosafot on Beitzah 30a:41", 
    "textDepth": 3, 
    "sectionNames": [
        "Daf", 
        "Line", 
        "Comment"
    ], 
    "sections": [
        "30b"
    ], 
    "commentator": "Tosafot", 
    "isComplex": false, 
    "commentaryCategories": [
        "Talmud", 
        "Bavli", 
        "Seder Moed"
    ], 
    "titleVariants": [
        "Tosafot on Talmud Beitzah", 
        "Tosafot on Beiah", 
        "Tosafot on Tractate Beitzah", 
        "Tosafot on Masekhet Beitzah", 
        "Tosafot on Beitzah"
    ], 
    "categories": [
        "Commentary", 
        "Talmud", 
        "Tosafot"
    ], 
    "ref": "Tosafot on Beitzah 30b", 
    "type": "Commentary", 
    "addressTypes": [
        "Talmud", 
        "Integer", 
        "Integer"
    ], 
    "heCommentator": "תוספות", 
    "length": 78, 
    "indexTitle": "Tosafot on Beitzah", 
    "heIndexTitle": "תוספות על ביצה", 
    "alts": [], 
    "order": [
        8, 
        7
    ]
}