[{
    "links": [
        [
            "56b:1:1", 
            "Bava Metzia 56b:1", 
            "Talmud"
        ], 
        [
            "56b:3:1", 
            "Bava Metzia 56b:3", 
            "Talmud"
        ], 
        [
            "56b:7:1", 
            "Bava Metzia 56b:7", 
            "Talmud"
        ], 
        [
            "56b:8:1", 
            "Bava Metzia 56b:8", 
            "Talmud"
        ], 
        [
            "56b:9:1", 
            "Bava Metzia 56b:9", 
            "Talmud"
        ], 
        [
            "56b:11:1", 
            "Bava Metzia 56b:11", 
            "Talmud"
        ], 
        [
            "56b:18:1", 
            "Bava Metzia 56b:18", 
            "Talmud"
        ], 
        [
            "56b:21:1", 
            "Bava Metzia 56b:21", 
            "Talmud"
        ], 
        [
            "56b:22:1", 
            "Bava Metzia 56b:22", 
            "Talmud"
        ], 
        [
            "56b:32:1", 
            "Bava Metzia 56b:32", 
            "Talmud"
        ], 
        [
            "56b:41:1", 
            "Bava Metzia 56b:41", 
            "Talmud"
        ], 
        [
            "56b:46:1", 
            "Bava Metzia 56b:46", 
            "Talmud"
        ], 
        [
            "56b:48:1", 
            "Bava Metzia 56b:48", 
            "Talmud"
        ], 
        [
            "56b:50:1", 
            "Bava Metzia 56b:50", 
            "Talmud"
        ], 
        [
            "56b:52:1", 
            "Bava Metzia 56b:52", 
            "Talmud"
        ], 
        [
            "56b:54:1", 
            "Bava Metzia 56b:54", 
            "Talmud"
        ], 
        [
            "56b:57:1", 
            "Bava Metzia 56b:57", 
            "Talmud"
        ], 
        [
            "56b:6:1", 
            "Bava Metzia 56b:6", 
            "Talmud"
        ], 
        [
            "56b:16:1", 
            "Bava Metzia 56b:16", 
            "Talmud"
        ], 
        [
            "56b:42:1", 
            "Bava Metzia 56b:42", 
            "Talmud"
        ], 
        [
            "56b:45:1", 
            "Bava Metzia 56b:45", 
            "Talmud"
        ], 
        [
            "56b:1:2", 
            "Bava Metzia 56b:1", 
            "Talmud"
        ], 
        [
            "56b:21:2", 
            "Bava Metzia 56b:21", 
            "Talmud"
        ], 
        [
            "56b:54:2", 
            "Bava Metzia 56b:54", 
            "Talmud"
        ], 
        [
            "56b:57:2", 
            "Bava Metzia 56b:57", 
            "Talmud"
        ], 
        [
            "56b:6:2", 
            "Bava Metzia 56b:6", 
            "Talmud"
        ], 
        [
            "56b:6:2", 
            "Leviticus 25", 
            "Tanach"
        ], 
        [
            "56b:8:2", 
            "Bava Metzia 56b:8", 
            "Talmud"
        ], 
        [
            "56b:1:3", 
            "Bava Metzia 56b:1", 
            "Talmud"
        ], 
        [
            "56b:21:3", 
            "Bava Metzia 56b:21", 
            "Talmud"
        ], 
        [
            "56b:54:3", 
            "Bava Metzia 56b:54", 
            "Talmud"
        ]
    ], 
    "text": [], 
    "heTitleVariants": [
        "רש\"י על ב״מ", 
        "רש\"י על ב\"מ", 
        "רש\"י על בבא מציעא"
    ], 
    "heTitle": "רש\"י על בבא מציעא נ״ו ב", 
    "commentaryBook": "Bava Metzia", 
    "heRef": "רש\"י על בבא מציעא נ״ו ב", 
    "toSections": [
        "56b"
    ], 
    "sectionRef": "Rashi on Bava Metzia 56b", 
    "title": "Rashi on Bava Metzia 56b", 
    "lengths": [
        235, 
        12026
    ], 
    "next": "Rashi on Bava Metzia 57a:1", 
    "heBook": "רש\"י על בבא מציעא", 
    "book": "Rashi on Bava Metzia", 
    "prev": "Rashi on Bava Metzia 56a:30", 
    "textDepth": 3, 
    "sectionNames": [
        "Daf", 
        "Line", 
        "Comment"
    ], 
    "sections": [
        "56b"
    ], 
    "commentator": "Rashi", 
    "isComplex": false, 
    "commentaryCategories": [
        "Talmud", 
        "Bavli", 
        "Seder Nezikin"
    ], 
    "titleVariants": [
        "Rashi on Tractate Bava Metzia", 
        "Rashi on Masekhet Bava Metzia", 
        "Rashi on Talmud Bava Metzia", 
        "Rashi on Bava Metzia"
    ], 
    "categories": [
        "Commentary", 
        "Talmud", 
        "Rashi"
    ], 
    "he": [
        [
            "קדשים שחייב באחריותן - אמר הרי עלי עולה והפרישה והוממה ומכרה:", 
            "יש להן אונאה - דכיון דאם מתה או נגנבה חייב באחריותה דידיה היא ואל תונו איש את אחיו קרינא ביה:", 
            "ושאינו חייב באחריותן - כגון דאמר הרי זו:"
        ], 
        [], 
        [
            "אף המוכר ספר תורה כו' - מפרש טעמא בגמרא בברייתא:"
        ], 
        [], 
        [], 
        [
            "גמ' דבר הנקנה מיד ליד - הזהיר עליו בבל תונו:", 
            "שהוקשו לקרקעות - [דכתיב] והתנחלתם אותם וגו' (ויקרא כה) הוקשו לאחוזה:"
        ], 
        [
            "מכאן אמרו - מדלא אמעוט שטרות אלא משום דאין גופן קנוי ומכור:"
        ], 
        [
            "המוכר שטרותיו לבשם - לצור בהם אבקת סממנין נמצא ממכרן של אלו לצורך תשמיש גופן הוא:", 
            "יש להן אונאה - דגופן קנוי ומכור:"
        ], 
        [
            "פשיטא - מאי שנא מכל מטלטלי דעלמא:"
        ], 
        [], 
        [
            "לפרוטות - סתם מוכר שטרות לבשם אין שם המקח של איסר ביחד אלא של פרוטות:"
        ], 
        [], 
        [], 
        [], 
        [], 
        [
            "ידו ממש הוא - דקדייקת לעיל מיד עמיתך מטלטלים דוקא הנקחין מיד אל יד:"
        ], 
        [], 
        [
            "הכא נמי מרשות - עמיתך קאמר ואפילו קרקעות נמי במשמע:"
        ], 
        [], 
        [], 
        [
            "אין לי - שיתחייב כפל:", 
            "אלא - בזמן שלקחה בידו:", 
            "גגו חצירו [קרפיפו] מנין - שאם נכנסה שם ונעל בפניה לגנבה מנין שקנתה לו חצירו ומתחייב כפל:"
        ], 
        [
            "ת\"ל ונתן מ\"מ - מדלא כתיב ובידה יתננו:"
        ], 
        [], 
        [], 
        [], 
        [], 
        [], 
        [], 
        [], 
        [], 
        [], 
        [
            "ושאני התם - ויקח את כל ארצו:"
        ], 
        [], 
        [], 
        [], 
        [], 
        [], 
        [], 
        [], 
        [], 
        [
            "יש להם אונאה - אם מכרן:"
        ], 
        [
            "בטלינהו אגב ארעא - ואין אונאה לקרקעות ובשלא השרישו קאי:"
        ], 
        [], 
        [], 
        [
            "שדאי - זרעתי בה שש סאין:"
        ], 
        [
            "חוזר - דמקח טעות הוא דהא בהדיא פי' בחזקת כן ואינו כן וכיון שהמקח טעות הוא אפי' בטיל להו אגב ארעא חוזר דנהי דאימעיט קרקעות מדין אונאה מדין מקח טעות לא אימעיט שהרי אין זה מכר דאדעתא דהכי לא זבן:"
        ], 
        [], 
        [
            "כדבעי לה - כמה שצריך לקרקע דמידי דאומדנא דשכיח דטעו הוי כדין אונאה:"
        ], 
        [], 
        [
            "נשבעין עליהן - אם הודה במקצת כגון טענו פסקת עמי לזרוע ו' שמסרתי לך וזרעת חמש והוא אומר זרעתי חמש ומחצה:"
        ], 
        [], 
        [
            "עומר מתירן - קס\"ד אגידולין דידהו קמיבעיא ליה ולהכי קמהדר אי דאשרוש קודם לעומר:"
        ], 
        [], 
        [
            "תנינא - דעומר מתיר את גידוליהן במסכת מנחות (דף עא.) והתם מפרש טעמא:", 
            "ואי דלא אשרוש - בשעת הבאת עומר:", 
            "תנינא - דאין עומר מתירן:"
        ], 
        [], 
        [], 
        [
            "דחצדינהו - מן החדש והיו צריכין שיתירם עומר לאכילה:", 
            "וזרעינהו קודם לעומר - וחלף ליה עומר עלייהו בדלא אשרוש:"
        ]
    ], 
    "ref": "Rashi on Bava Metzia 56b", 
    "type": "Commentary", 
    "addressTypes": [
        "Talmud", 
        "Integer", 
        "Integer"
    ], 
    "heCommentator": "רש\"י", 
    "length": 235, 
    "indexTitle": "Rashi on Bava Metzia", 
    "heIndexTitle": "רש\"י על בבא מציעא", 
    "alts": [], 
    "order": [
        21, 
        2
    ]
}]