{
    "heTitleVariants": [
        "עיקר התוספות יום-טוב על משנה חגיגה", 
        "עיקר ר' יום טוב ליפמן הלוי הלר על משנה חגיגה", 
        "עיקר תוספות יום טוב על משנה חגיגה", 
        "עיקר התוספות יו\"ט על משנה חגיגה"
    ], 
    "heTitle": "עיקר תוספות יום טוב על משנה חגיגה", 
    "commentaryBook": "Mishnah Chagigah", 
    "heRef": "עיקר תוספות יום טוב על משנה חגיגה א׳", 
    "toSections": [
        1
    ], 
    "sectionRef": "Ikar Tosafot Yom Tov on Mishnah Chagigah 1", 
    "title": "Ikar Tosafot Yom Tov on Mishnah Chagigah 1", 
    "lengths": [
        3, 
        23
    ], 
    "next": "Ikar Tosafot Yom Tov on Mishnah Chagigah 2:1", 
    "content": [
        {
            "segmentNumber": "1", 
            "he": [
                "בפרשת הקהל וילפינן ראיה ראיה. ומתניתין דקתני חרש סתם והתנן בפ''ק דתרומות מ''ב חרש שדברו כו' אינו לא שומע ולא מדבר אמרי' בגמרא דמתניתין ח''מ וה''ק כו':", 
                "ורבותא נקט דלא מבעיא מעירו דלא מצי סליק לעזרה והה''נ אם אינו יכול לעלות מעירו לירושלים. תוספ'.", 
                "ובגמרא שנאמר יראה יראה כדרך שבא ליראות (לפני המקום) בב' עיניו (של מקום) כך בא לראות (המקום) בב' עיניו:"
            ], 
            "links": [
                {
                    "category": "Mishnah", 
                    "sourceHeRef": "משנה חגיגה א׳:א׳", 
                    "sourceRef": "Mishnah Chagigah 1:1", 
                    "ref": "Mishnah Chagigah 1:1"
                }, 
                {
                    "category": "Mishnah", 
                    "sourceHeRef": "משנה חגיגה א׳:א׳", 
                    "sourceRef": "Mishnah Chagigah 1:1", 
                    "ref": "Mishnah Chagigah 1:1"
                }, 
                {
                    "category": "Mishnah", 
                    "sourceHeRef": "משנה חגיגה א׳:א׳", 
                    "sourceRef": "Mishnah Chagigah 1:1", 
                    "ref": "Mishnah Chagigah 1:1"
                }, 
                {
                    "category": "Commentary", 
                    "sourceHeRef": "ברטנורא על משנה חגיגה א׳:א׳:ב׳", 
                    "sourceRef": "Bartenura on Mishnah Chagigah 1:1:2", 
                    "ref": "Bartenura on Mishnah Chagigah 1:1:2"
                }, 
                {
                    "category": "Commentary", 
                    "sourceHeRef": "ברטנורא על משנה חגיגה א׳:א׳:ה׳", 
                    "sourceRef": "Bartenura on Mishnah Chagigah 1:1:5", 
                    "ref": "Bartenura on Mishnah Chagigah 1:1:5"
                }, 
                {
                    "category": "Commentary", 
                    "sourceHeRef": "ברטנורא על משנה חגיגה א׳:א׳:ו׳", 
                    "sourceRef": "Bartenura on Mishnah Chagigah 1:1:6", 
                    "ref": "Bartenura on Mishnah Chagigah 1:1:6"
                }
            ], 
            "text": ""
        }, 
        {
            "segmentNumber": "2", 
            "he": [
                "דנאמר חגיגה להדיוט ונאמר ראיה לגבוה מה חגיגה האמור להדיוט בראוי לו אף ראיה האמורה לגבוה בראוי לו. גמרא דף ז':", 
                "משמע שאתם תהנו ממנו. ומנלן דקרבן בהמה היא פירש''י דכתיב לא ילין חלב חגי עד בוקר במידי דאית ליה חלב הקרב לגבוה:", 
                "פסוק זה אינו כתוב בחג אלא גבי הר עיבל ומשם ילפינן דסתם שמחה הוי בזביחת שלמי' ומינה דושמחת בחגיך היינו בזביחת שלמים. תוספ':", 
                "והאי קרא במעשר שני כתיב. וצריך לומר דיליף ממעשר. תוספ'."
            ], 
            "links": [
                {
                    "category": "Mishnah", 
                    "sourceHeRef": "משנה חגיגה א׳:ב׳", 
                    "sourceRef": "Mishnah Chagigah 1:2", 
                    "ref": "Mishnah Chagigah 1:2"
                }, 
                {
                    "category": "Mishnah", 
                    "sourceHeRef": "משנה חגיגה א׳:ב׳", 
                    "sourceRef": "Mishnah Chagigah 1:2", 
                    "ref": "Mishnah Chagigah 1:2"
                }, 
                {
                    "category": "Mishnah", 
                    "sourceHeRef": "משנה חגיגה א׳:ב׳", 
                    "sourceRef": "Mishnah Chagigah 1:2", 
                    "ref": "Mishnah Chagigah 1:2"
                }, 
                {
                    "category": "Mishnah", 
                    "sourceHeRef": "משנה חגיגה א׳:ב׳", 
                    "sourceRef": "Mishnah Chagigah 1:2", 
                    "ref": "Mishnah Chagigah 1:2"
                }, 
                {
                    "category": "Commentary", 
                    "sourceHeRef": "ברטנורא על משנה חגיגה א׳:ב׳:א׳", 
                    "sourceRef": "Bartenura on Mishnah Chagigah 1:2:1", 
                    "ref": "Bartenura on Mishnah Chagigah 1:2:1"
                }, 
                {
                    "category": "Commentary", 
                    "sourceHeRef": "ברטנורא על משנה חגיגה א׳:ב׳:ב׳", 
                    "sourceRef": "Bartenura on Mishnah Chagigah 1:2:2", 
                    "ref": "Bartenura on Mishnah Chagigah 1:2:2"
                }, 
                {
                    "category": "Commentary", 
                    "sourceHeRef": "ברטנורא על משנה חגיגה א׳:ב׳:ג׳", 
                    "sourceRef": "Bartenura on Mishnah Chagigah 1:2:3", 
                    "ref": "Bartenura on Mishnah Chagigah 1:2:3"
                }, 
                {
                    "category": "Commentary", 
                    "sourceHeRef": "ברטנורא על משנה חגיגה א׳:ב׳:ג׳", 
                    "sourceRef": "Bartenura on Mishnah Chagigah 1:2:3", 
                    "ref": "Bartenura on Mishnah Chagigah 1:2:3"
                }
            ], 
            "text": ""
        }, 
        {
            "segmentNumber": "3", 
            "he": [
                "דרשות היא ולא חובה:", 
                "אבל בעולת ראיה לא תנן מן המעשר דלמה טופלה יביא מעה כסף. רש''י:"
            ], 
            "links": [
                {
                    "category": "Mishnah", 
                    "sourceHeRef": "משנה חגיגה א׳:ג׳", 
                    "sourceRef": "Mishnah Chagigah 1:3", 
                    "ref": "Mishnah Chagigah 1:3"
                }, 
                {
                    "category": "Mishnah", 
                    "sourceHeRef": "משנה חגיגה א׳:ג׳", 
                    "sourceRef": "Mishnah Chagigah 1:3", 
                    "ref": "Mishnah Chagigah 1:3"
                }, 
                {
                    "category": "Commentary", 
                    "sourceHeRef": "ברטנורא על משנה חגיגה א׳:ג׳:ב׳", 
                    "sourceRef": "Bartenura on Mishnah Chagigah 1:3:2", 
                    "ref": "Bartenura on Mishnah Chagigah 1:3:2"
                }, 
                {
                    "category": "Commentary", 
                    "sourceHeRef": "ברטנורא על משנה חגיגה א׳:ג׳:ג׳", 
                    "sourceRef": "Bartenura on Mishnah Chagigah 1:3:3", 
                    "ref": "Bartenura on Mishnah Chagigah 1:3:3"
                }
            ], 
            "text": ""
        }, 
        {
            "segmentNumber": "4", 
            "he": [
                "בנדרים כו'. שהתנדבו כל השנה וכשעולין לירושלים ברגל מביאין אותן ומקריבין אמוריהן והבשר נאכל לבעלים יוצאין בהן משום שמחה אם יש בהן בשר לשובע. ומשום דבעי למתני סיפא והכהנים בחטאות כו' נקט ברישא ישראל רש''י:"
            ], 
            "links": [
                {
                    "category": "Mishnah", 
                    "sourceHeRef": "משנה חגיגה א׳:ד׳", 
                    "sourceRef": "Mishnah Chagigah 1:4", 
                    "ref": "Mishnah Chagigah 1:4"
                }
            ], 
            "text": ""
        }, 
        {
            "segmentNumber": "5", 
            "he": [
                "אוכלים. שם התואר. כמא דאת אמר ונתן זרע לזורע ולחם לאוכל:", 
                "בגמרא הא לית ליה. וקאמר דטופל מעות חולין למעות מע''ש ומביא פר גדול דלא בעינן אלא שתהא שעור דמי אכילה ראשונה מהחולין:", 
                "ועולות. ראיה. רש''י:", 
                "עולות מרובות. דכתיב איש כמתנת ידו. רש''י:"
            ], 
            "links": [
                {
                    "category": "Mishnah", 
                    "sourceHeRef": "משנה חגיגה א׳:ה׳", 
                    "sourceRef": "Mishnah Chagigah 1:5", 
                    "ref": "Mishnah Chagigah 1:5"
                }, 
                {
                    "category": "Mishnah", 
                    "sourceHeRef": "משנה חגיגה א׳:ה׳", 
                    "sourceRef": "Mishnah Chagigah 1:5", 
                    "ref": "Mishnah Chagigah 1:5"
                }, 
                {
                    "category": "Mishnah", 
                    "sourceHeRef": "משנה חגיגה א׳:ה׳", 
                    "sourceRef": "Mishnah Chagigah 1:5", 
                    "ref": "Mishnah Chagigah 1:5"
                }, 
                {
                    "category": "Mishnah", 
                    "sourceHeRef": "משנה חגיגה א׳:ה׳", 
                    "sourceRef": "Mishnah Chagigah 1:5", 
                    "ref": "Mishnah Chagigah 1:5"
                }, 
                {
                    "category": "Commentary", 
                    "sourceHeRef": "ברטנורא על משנה חגיגה א׳:ה׳:ב׳", 
                    "sourceRef": "Bartenura on Mishnah Chagigah 1:5:2", 
                    "ref": "Bartenura on Mishnah Chagigah 1:5:2"
                }
            ], 
            "text": ""
        }, 
        {
            "segmentNumber": "6", 
            "he": [
                "אבל שלמי שמחה כל הימים חייבים בשמחה ולפיכך לא שייך לומר בהם שהם תשלומי הראשון:", 
                "כל הרגל. בגמרא למדוהו מקרא:", 
                "דאותו יום ראשון עשאו הכתוב עיקר והשאר תשלומין לו:", 
                "האחרון. בגמרא למדוהו מקרא:"
            ], 
            "links": [
                {
                    "category": "Mishnah", 
                    "sourceHeRef": "משנה חגיגה א׳:ו׳", 
                    "sourceRef": "Mishnah Chagigah 1:6", 
                    "ref": "Mishnah Chagigah 1:6"
                }, 
                {
                    "category": "Mishnah", 
                    "sourceHeRef": "משנה חגיגה א׳:ו׳", 
                    "sourceRef": "Mishnah Chagigah 1:6", 
                    "ref": "Mishnah Chagigah 1:6"
                }, 
                {
                    "category": "Mishnah", 
                    "sourceHeRef": "משנה חגיגה א׳:ו׳", 
                    "sourceRef": "Mishnah Chagigah 1:6", 
                    "ref": "Mishnah Chagigah 1:6"
                }, 
                {
                    "category": "Mishnah", 
                    "sourceHeRef": "משנה חגיגה א׳:ו׳", 
                    "sourceRef": "Mishnah Chagigah 1:6", 
                    "ref": "Mishnah Chagigah 1:6"
                }, 
                {
                    "category": "Commentary", 
                    "sourceHeRef": "ברטנורא על משנה חגיגה א׳:ו׳:א׳", 
                    "sourceRef": "Bartenura on Mishnah Chagigah 1:6:1", 
                    "ref": "Bartenura on Mishnah Chagigah 1:6:1"
                }, 
                {
                    "category": "Commentary", 
                    "sourceHeRef": "ברטנורא על משנה חגיגה א׳:ו׳:ב׳", 
                    "sourceRef": "Bartenura on Mishnah Chagigah 1:6:2", 
                    "ref": "Bartenura on Mishnah Chagigah 1:6:2"
                }
            ], 
            "text": ""
        }, 
        {
            "segmentNumber": "7", 
            "he": [
                "איזהו כו'. דדרשא דלעיל מסיפיה דקרא נפקא לה דכיון שישב ובטל ממ''ע שייך ביה חסרון ולא מעוות ולאו לאפלוגי אתא:", 
                "אבל שאר עבירות רוצח וגוזל (נ''ל שצ''ל ועבודה זרה. תוי''ט) אין עדיו לפניו. תוספ':"
            ], 
            "links": [
                {
                    "category": "Mishnah", 
                    "sourceHeRef": "משנה חגיגה א׳:ז׳", 
                    "sourceRef": "Mishnah Chagigah 1:7", 
                    "ref": "Mishnah Chagigah 1:7"
                }, 
                {
                    "category": "Mishnah", 
                    "sourceHeRef": "משנה חגיגה א׳:ז׳", 
                    "sourceRef": "Mishnah Chagigah 1:7", 
                    "ref": "Mishnah Chagigah 1:7"
                }, 
                {
                    "category": "Commentary", 
                    "sourceHeRef": "ברטנורא על משנה חגיגה א׳:ז׳:א׳", 
                    "sourceRef": "Bartenura on Mishnah Chagigah 1:7:1", 
                    "ref": "Bartenura on Mishnah Chagigah 1:7:1"
                }
            ], 
            "text": ""
        }, 
        {
            "segmentNumber": "8", 
            "he": [
                "שדרשו לא יחל הוא אינו מיחל אבל אחרים מיחלין לו. גמרא:", 
                "בגמרא מכתב כתיבי צריכי להא דאמרינן מלאכת מחשבת אסרה תורה. לא כתיבא בשבת אלא במשכן כתיב. ומדסמיך פרשת שבת לפרשת משכן אנו למדין. וחגיגות דהא דילפינן מחלב חגי דדוקא בהמה איכא למידחי דללאו תניין אתי לקרבנות הבאין בחג כו' וחגותם נפרש מלשון מחול כמו יחוגו וינועו אלא אתיא מדבר מדבר כו' וכיון דמדברי קבלה יליף הוי כהררים כו'. מעילות דתנן נזכר בעה''ב ולא נזכר שליח שליח מעל ואע''ג דלא הוי ליה למידע וקרוב לאונס. גמרא:", 
                "הדינין כו'. לכדתניא נפש תחת נפש ממון. ויליף לה נתינה נתינה מדמי ולדות. גמרא:", 
                "והעבודות. להולכת הדם דאע''ג שהיא עבודה שאפשר לבטלה שישחוט בצד המזבח וזורק אפ''ה דין עבודה יש לה לפגול כו' וילפינן מדכתיב והקריבו וזו קבלה כו' ואפקיה בלשון הולכה לומר לך דהולכה עבודה היא. גמרא:", 
                "הטהרות. דתניא ורחץ את בשרו כו' מים שכל גופו עולה בהן כו':", 
                "והטומאות. לכעדשה מן השרץ ויליף דכתיב הנוגע בהם וגו' מהם כו' עד שנגע במקצתו שהוא ככלו כו'. גמרא. ועיין ריש פ''ז דנדה:", 
                "ועריות. לבתו מאנוסתו לא כתיבא ואתיא הנה הנה, זימה זימה. גמרא:"
            ], 
            "links": [
                {
                    "category": "Mishnah", 
                    "sourceHeRef": "משנה חגיגה א׳:ח׳", 
                    "sourceRef": "Mishnah Chagigah 1:8", 
                    "ref": "Mishnah Chagigah 1:8"
                }, 
                {
                    "category": "Mishnah", 
                    "sourceHeRef": "משנה חגיגה א׳:ח׳", 
                    "sourceRef": "Mishnah Chagigah 1:8", 
                    "ref": "Mishnah Chagigah 1:8"
                }, 
                {
                    "category": "Mishnah", 
                    "sourceHeRef": "משנה חגיגה א׳:ח׳", 
                    "sourceRef": "Mishnah Chagigah 1:8", 
                    "ref": "Mishnah Chagigah 1:8"
                }, 
                {
                    "category": "Mishnah", 
                    "sourceHeRef": "משנה חגיגה א׳:ח׳", 
                    "sourceRef": "Mishnah Chagigah 1:8", 
                    "ref": "Mishnah Chagigah 1:8"
                }, 
                {
                    "category": "Mishnah", 
                    "sourceHeRef": "משנה חגיגה א׳:ח׳", 
                    "sourceRef": "Mishnah Chagigah 1:8", 
                    "ref": "Mishnah Chagigah 1:8"
                }, 
                {
                    "category": "Mishnah", 
                    "sourceHeRef": "משנה חגיגה א׳:ח׳", 
                    "sourceRef": "Mishnah Chagigah 1:8", 
                    "ref": "Mishnah Chagigah 1:8"
                }, 
                {
                    "category": "Mishnah", 
                    "sourceHeRef": "משנה חגיגה א׳:ח׳", 
                    "sourceRef": "Mishnah Chagigah 1:8", 
                    "ref": "Mishnah Chagigah 1:8"
                }, 
                {
                    "category": "Commentary", 
                    "sourceHeRef": "ברטנורא על משנה חגיגה א׳:ח׳:א׳", 
                    "sourceRef": "Bartenura on Mishnah Chagigah 1:8:1", 
                    "ref": "Bartenura on Mishnah Chagigah 1:8:1"
                }, 
                {
                    "category": "Commentary", 
                    "sourceHeRef": "ברטנורא על משנה חגיגה א׳:ח׳:ב׳", 
                    "sourceRef": "Bartenura on Mishnah Chagigah 1:8:2", 
                    "ref": "Bartenura on Mishnah Chagigah 1:8:2"
                }
            ], 
            "text": ""
        }
    ], 
    "book": "Ikar Tosafot Yom Tov on Mishnah Chagigah", 
    "prev": null, 
    "textDepth": 3, 
    "sectionNames": [
        "Chapter", 
        "Mishna", 
        "Comment"
    ], 
    "sections": [
        1
    ], 
    "commentator": "Ikar Tosafot Yom Tov", 
    "isComplex": false, 
    "commentaryCategories": [
        "Mishnah", 
        "Seder Moed"
    ], 
    "titleVariants": [
        "Ikar Tosafot Yom Tov on Mishnah Chagigah", 
        "Ikar Tosafot Yom Tov on Mishna Chagigah", 
        "Ikar Tosafot Yom Tov on M. Chagigah", 
        "Ikar Tosafot Yom Tov on M Chagigah"
    ], 
    "categories": [
        "Commentary", 
        "Mishnah", 
        "Ikar Tosafot Yom Tov"
    ], 
    "ref": "Ikar Tosafot Yom Tov on Mishnah Chagigah 1", 
    "type": "Commentary", 
    "addressTypes": [
        "Perek", 
        "Mishnah", 
        "Integer"
    ], 
    "heCommentator": "עיקר תוספות יום טוב", 
    "length": 3, 
    "indexTitle": "Ikar Tosafot Yom Tov on Mishnah Chagigah", 
    "heIndexTitle": "עיקר תוספות יום טוב על משנה חגיגה", 
    "alts": [], 
    "order": [
        23, 
        12
    ]
}