[{
    "links": [], 
    "text": [], 
    "heTitleVariants": [
        "הערות שוליים על תשובות הרשב\"א מיוחס להרמב\"ן"
    ], 
    "heTitle": "הערות שוליים על תשובות הרשב\"א מיוחס להרמב\"ן", 
    "type": "Commentary", 
    "commentaryBook": "Teshuvot haRashba Meyuchas LehaRamban", 
    "heRef": "הערות שוליים על תשובות הרשב\"א מיוחס להרמב\"ן קצ״ח", 
    "toSections": [
        198
    ], 
    "sectionRef": "Footnotes on Teshuvot haRashba Meyuchas LehaRamban 198", 
    "title": "Footnotes on Teshuvot haRashba Meyuchas LehaRamban 198", 
    "next": "Footnotes on Teshuvot haRashba Meyuchas LehaRamban 241:2", 
    "book": "Footnotes on Teshuvot haRashba Meyuchas LehaRamban", 
    "prev": "Footnotes on Teshuvot haRashba Meyuchas LehaRamban 133:2", 
    "textDepth": 3, 
    "sectionNames": [
        "Teshuva", 
        "Paragraph", 
        "Comment"
    ], 
    "sections": [
        198
    ], 
    "isComplex": false, 
    "commentaryCategories": [
        "Responsa", 
        "Rashba"
    ], 
    "titleVariants": [
        "Footnotes on Teshuvot haRashba Meyuchas LehaRamban"
    ], 
    "categories": [
        "Commentary", 
        "Responsa", 
        "Footnotes"
    ], 
    "he": [], 
    "ref": "Footnotes on Teshuvot haRashba Meyuchas LehaRamban 198", 
    "commentator": "Footnotes", 
    "addressTypes": [
        "Integer", 
        "Integer", 
        "Integer"
    ], 
    "heCommentator": "הערות שוליים", 
    "indexTitle": "Footnotes on Teshuvot haRashba Meyuchas LehaRamban", 
    "heIndexTitle": "הערות שוליים על תשובות הרשב\"א מיוחס להרמב\"ן", 
    "alts": [], 
    "order": ""
}]