[{
    "links": [
        [
            "24b:1", 
            "Ezekiel 9", 
            "Tanach"
        ], 
        [
            "24b:2", 
            "Jeremiah 2", 
            "Tanach"
        ]
    ], 
    "text": [], 
    "heTitleVariants": [
        "תלמוד ירושלמי סוכה"
    ], 
    "heTitle": "תלמוד ירושלמי סוכה כ״ד ב", 
    "heRef": "תלמוד ירושלמי סוכה כ״ד ב", 
    "toSections": [
        "24b"
    ], 
    "sectionRef": "Jerusalem Talmud Sukkah 24b", 
    "title": "Jerusalem Talmud Sukkah 24b", 
    "lengths": [
        52, 
        138
    ], 
    "next": "Jerusalem Talmud Sukkah 25a", 
    "heBook": "תלמוד ירושלמי סוכה", 
    "book": "Jerusalem Talmud Sukkah", 
    "prev": "Jerusalem Talmud Sukkah 24a", 
    "textDepth": 2, 
    "sectionNames": [
        "Daf", 
        "Halakhah"
    ], 
    "sections": [
        "24b"
    ], 
    "isComplex": false, 
    "titleVariants": [
        "Talmud Yerushalmi Sukkah", 
        "JT Sukkah", 
        "Jerusalem Talmud Sukkah", 
        "Yerushalmi Sukkah"
    ], 
    "categories": [
        "Talmud", 
        "Yerushalmi", 
        "Seder Moed"
    ], 
    "he": [
        "והפכו פניהן למערב ואמרו אבותינו היו במקום הזה (יחזקאל ט) אחוריהם אל היכל ה' ופניהם קדמה והמה משתחוים קדמה לשמש ואנו ליה וליה עינינו רבי יהודה אומר שונין אותו לומר אנו ליה וליה עינינו:", 
        "תירגם רב קומי דבית ר' שילה קרא גברא.  אכריז כרוזא.  אמרין ליה קרא תרנגולא אמר לון והא תנינן בן גבר.  אית לך מימר בר תרנגולא.  רבי ירמיה בעי עשירית מלמעלן עשירית מלמטן א\"ר חייה בר בא והמה משתחוים אין כתיב כאן אלא והמה משתחויתם שהיו משתחוים לחמה ומשתחוים להיכל.  א\"ר אבא בר כהנא (ירמיהו ב) כי שתים רעות עשה עמי וכי שתים רעות עשה עמי הא וותרה לאלף אלא שהיו משתחוים לחמה ומשתחוים להיכל:", 
        "אין פוחתין מכ\"א תקיעות במקדש ולא מוסיפין על מ\"ח בכל יום היו שם כ\"א תקיעה ג' לפתיחת שערים ט' לתמיד של שחר וט' לתמיד של בין הערבים ולמוספין מוסיפין עוד ט' ובע\"ש מוסיפין עוד שש ג' להפטיר את העם מן המלאכה ושלש להבדיל בין קודש לחול.  ע\"ש שבתוך החג היו שם מ\"ח ג' לפתיחת שערים ג' לשער העליון ג' לשער התחתון ג' למילוי המים ג' ע\"ג המזבח ט' לתמיד של שחר וט' לתמיד של בין הערבים ט' למוספין ג' להפטיר את העם מן המלאכה וג' להבדיל בין קדש לחול:", 
        "תני אין פחות מז' ולא יותר על ט\"ז ההן תנייא עבד תקיעה ותרועה ותקיעה חדא.  וההן תנייא עביד כל חדא חדא מינהון חדא.  שתמצא אומר ג' על כל מטה ומטה.  ר' יהודא אומר ג' על כל דגל ודגל.  ותני וט' למעלה עשירית הא חורי מאן דאית ליה על גבי המזבח לית ליה למעלה עשירית מאן דאית ליה למעלה עשירית לית ליה על גבי המזבח.  אמר רבי זעירה זאת אומרת שלא היו תוקעין אלא לניסוך המים בלבד אין תימר למילויין ניתנו שלש למילוי המים של יום ושלש למילוי המים של מחר.  אילין אינון והא אית לך חורנין.  תשע למוספי שבת תשע למוספי ראש חדש ותשע למוספי יום טוב של ראש השנה."
    ], 
    "ref": "Jerusalem Talmud Sukkah 24b", 
    "type": "Talmud", 
    "addressTypes": [
        "Talmud", 
        "Integer"
    ], 
    "length": 52, 
    "indexTitle": "Jerusalem Talmud Sukkah", 
    "heIndexTitle": "תלמוד ירושלמי סוכה", 
    "alts": [], 
    "order": [
        17
    ]
}]