{
    "heTitleVariants": [
        "תרגום אונקלוס על שמות"
    ], 
    "heTitle": "תרגום אונקלוס על שמות", 
    "heRef": "תרגום אונקלוס על שמות ז׳", 
    "toSections": [
        7
    ], 
    "sectionRef": "Onkelos Exodus 7", 
    "next": "Onkelos Exodus 8", 
    "content": [
        {
            "segmentNumber": "1", 
            "he": "וַאֲמַר יְיָ לְמשֶׁה חֲזֵי מַנֵיתָךְ רַב לְפַרְעֹה וְאַהֲרֹן אָחוּךְ יְהֵי מְתֻרְגְמָנָךְ", 
            "links": [
                {
                    "category": "Targum", 
                    "sourceHeRef": "שמות ז׳:א׳", 
                    "index_title": "Exodus", 
                    "sourceRef": "Exodus 7:1"
                }
            ], 
            "text": ""
        }, 
        {
            "segmentNumber": "2", 
            "he": "אַתְּ תְּמַלֵל יָת כָּל דִי אֲפַקְדִנָךְ וְאַהֲרֹן אָחוּךְ יְמַלֵל עִם פַּרְעֹה וִישַׁלַח יָת בְּנֵי יִשְׂרָאֵל מֵאַרְעֵהּ", 
            "links": [
                {
                    "category": "Targum", 
                    "sourceHeRef": "שמות ז׳:ב׳", 
                    "index_title": "Exodus", 
                    "sourceRef": "Exodus 7:2"
                }
            ], 
            "text": ""
        }, 
        {
            "segmentNumber": "3", 
            "he": "וַאֲנָא אַקְשֵׁי יָת לִבָּא דְפַרְעֹה וְאַסְגֵיתִי יָת אַתְוָתַי וְיָת מוֹפְתַי בְּאַרְעָא דְמִצְרָיִם", 
            "links": [
                {
                    "category": "Targum", 
                    "sourceHeRef": "שמות ז׳:ג׳", 
                    "index_title": "Exodus", 
                    "sourceRef": "Exodus 7:3"
                }
            ], 
            "text": ""
        }, 
        {
            "segmentNumber": "4", 
            "he": "וְלָא יְקַבֵּל מִנְכוֹן פַּרְעֹה וְאֶתֵּן יָת מָחַת גְבֻרְתִּי בְּמִצְרָיִם וְאַפֵּיק יָת חֵילִי יָת עַמִי בְנֵי יִשְׂרָאֵל מֵאַרְעָא דְמִצְרַיִם בְּדִינִין רַבְרְבִין", 
            "links": [
                {
                    "category": "Targum", 
                    "sourceHeRef": "שמות ז׳:ד׳", 
                    "index_title": "Exodus", 
                    "sourceRef": "Exodus 7:4"
                }
            ], 
            "text": ""
        }, 
        {
            "segmentNumber": "5", 
            "he": "וְיִדְעוּן מִצְרַיִם אֲרֵי אֲנָא יְיָ כַּד אָרֵים יָת מָחַת גְבֻרְתִּי עַל מִצְרָיִם וְאַפֵּיק יָת בְּנֵי יִשְׂרָאֵל מִבֵּינֵיהוֹן", 
            "links": [
                {
                    "category": "Targum", 
                    "sourceHeRef": "שמות ז׳:ה׳", 
                    "index_title": "Exodus", 
                    "sourceRef": "Exodus 7:5"
                }
            ], 
            "text": ""
        }, 
        {
            "segmentNumber": "6", 
            "he": "וַעֲבַד משֶׁה וְאַהֲרֹן כְּמָא דְפַקִיד יְיָ יָתְהוֹן כֵּן עֲבָדוּ", 
            "links": [
                {
                    "category": "Targum", 
                    "sourceHeRef": "שמות ז׳:ו׳", 
                    "index_title": "Exodus", 
                    "sourceRef": "Exodus 7:6"
                }
            ], 
            "text": ""
        }, 
        {
            "segmentNumber": "7", 
            "he": "וּמשֶׁה בַּר תְּמָנָן שְׁנִין וְאַהֲרֹן בַּר תְּמָנָן וּתְלָת שְׁנִין בְּמַלָלוּתְהוֹן עִם פַּרְעֹה", 
            "links": [
                {
                    "category": "Targum", 
                    "sourceHeRef": "שמות ז׳:ז׳", 
                    "index_title": "Exodus", 
                    "sourceRef": "Exodus 7:7"
                }
            ], 
            "text": ""
        }, 
        {
            "segmentNumber": "8", 
            "he": "וַאֲמַר יְיָ לְמשֶׁה וּלְאַהֲרֹן לְמֵימָר", 
            "links": [
                {
                    "category": "Targum", 
                    "sourceHeRef": "שמות ז׳:ח׳", 
                    "index_title": "Exodus", 
                    "sourceRef": "Exodus 7:8"
                }
            ], 
            "text": ""
        }, 
        {
            "segmentNumber": "9", 
            "he": "אֲרֵי יְמַלֵל לְוָתְכוֹן פַּרְעֹה לְמֵימַר הָבוּ לְכוֹן אָתָא וְתֵימַר לְאַהֲרֹן סַב יָת חוּטְרָךְ וּרְמֵי קֳדָם פַּרְעֹה יְהִי לְתַנִינָא", 
            "links": [
                {
                    "category": "Targum", 
                    "sourceHeRef": "שמות ז׳:ט׳", 
                    "index_title": "Exodus", 
                    "sourceRef": "Exodus 7:9"
                }
            ], 
            "text": ""
        }, 
        {
            "segmentNumber": "10", 
            "he": "וְעַל משֶׁה וְאַהֲרֹן לְוָת פַּרְעֹה וַעֲבָדוּ כֵן כְּמָא דְפַקֵיד יְיָ וּרְמָא אַהֲרֹן יָת חוּטְרֵהּ קֳדָם פַּרְעֹה וְקָדָם עַבְדוֹהִי וַהֲוָה לְתַנִינָא", 
            "links": [
                {
                    "category": "Targum", 
                    "sourceHeRef": "שמות ז׳:י׳", 
                    "index_title": "Exodus", 
                    "sourceRef": "Exodus 7:10"
                }
            ], 
            "text": ""
        }, 
        {
            "segmentNumber": "11", 
            "he": "וּקְרָא אַף פַּרְעֹה לְחַכִּימַיָא וּלְחָרָשַׁיָא וַעֲבָדוּ אַף אִנּוּן חָרָשֵׁי מִצְרַיִם בְּלַחֲשֵׁיהוֹן כֵּן", 
            "links": [
                {
                    "category": "Targum", 
                    "sourceHeRef": "שמות ז׳:י״א", 
                    "index_title": "Exodus", 
                    "sourceRef": "Exodus 7:11"
                }
            ], 
            "text": ""
        }, 
        {
            "segmentNumber": "12", 
            "he": "וּרְמוֹ גְבַר חוּטְרֵהּ וַהֲווֹ לְתַנִינַיָא וּבְלַע חֻטְרָא דְאַהֲרֹן יָת חֻטְרֵיהוֹן", 
            "links": [
                {
                    "category": "Targum", 
                    "sourceHeRef": "שמות ז׳:י״ב", 
                    "index_title": "Exodus", 
                    "sourceRef": "Exodus 7:12"
                }
            ], 
            "text": ""
        }, 
        {
            "segmentNumber": "13", 
            "he": "וְאִתַּקַף לִבָּא דְפַרְעֹה וְלָא קַבִּיל מִנְהוֹן כְּמָא דְמַלִיל יְיָ", 
            "links": [
                {
                    "category": "Targum", 
                    "sourceHeRef": "שמות ז׳:י״ג", 
                    "index_title": "Exodus", 
                    "sourceRef": "Exodus 7:13"
                }
            ], 
            "text": ""
        }, 
        {
            "segmentNumber": "14", 
            "he": "וַאֲמַר יְיָ לְמשׁה אִתְיַקַר (לפרש''י יַקִיר) לִבָּא דְפַרְעֹה סָרִיב לְשַׁלָחָא עַמָא", 
            "links": [
                {
                    "category": "Targum", 
                    "sourceHeRef": "שמות ז׳:י״ד", 
                    "index_title": "Exodus", 
                    "sourceRef": "Exodus 7:14"
                }
            ], 
            "text": ""
        }, 
        {
            "segmentNumber": "15", 
            "he": "אִזֵיל לְוָת פַּרְעֹה בְּצַפְרָא הָא נָפֵיק לְמַיָא וְתִתְעַתַּד לְקַדָמוּתֵהּ עַל כֵּיף נַהֲרָא וְחֻטְרָא דְאִתְהֲפִיךְ לְחִוְיָא תִּסַב בִּידָךְ", 
            "links": [
                {
                    "category": "Targum", 
                    "sourceHeRef": "שמות ז׳:ט״ו", 
                    "index_title": "Exodus", 
                    "sourceRef": "Exodus 7:15"
                }
            ], 
            "text": ""
        }, 
        {
            "segmentNumber": "16", 
            "he": "וְתֵימַר לֵהּ יְיָ אֱלָהָא דִיהוּדָאֵי שַׁלְחַנִי לְוָתָךְ לְמֵימַר שַׁלַח יָת עַמִי וְיִפְלְחוּן קֳדָמַי בְּמַדְבְּרָא וְהָא לָא קַבִּלְתָּא עַד כְּעָן", 
            "links": [
                {
                    "category": "Targum", 
                    "sourceHeRef": "שמות ז׳:ט״ז", 
                    "index_title": "Exodus", 
                    "sourceRef": "Exodus 7:16"
                }
            ], 
            "text": ""
        }, 
        {
            "segmentNumber": "17", 
            "he": "כִּדְנַן אֲמַר יְיָ בְּדָא תִדַע אֲרֵי אֲנָא יְיָ הָא אֲנָא מָחֵי בְּחֻטְרָא דִי בִידִי עַל מַיָא דִי בְנַהֲרָא וְיִתְהַפְּכוּן לִדְמָא", 
            "links": [
                {
                    "category": "Targum", 
                    "sourceHeRef": "שמות ז׳:י״ז", 
                    "index_title": "Exodus", 
                    "sourceRef": "Exodus 7:17"
                }
            ], 
            "text": ""
        }, 
        {
            "segmentNumber": "18", 
            "he": "וְנוּנֵי דִי בְנַהֲרָא תְּמוּת וּסְרִי נַהֲרָא וְיִלְאוּן מִצְרָאֵי לְמִשְׁתֵּי מַיָא מִן נַהֲרָא", 
            "links": [
                {
                    "category": "Targum", 
                    "sourceHeRef": "שמות ז׳:י״ח", 
                    "index_title": "Exodus", 
                    "sourceRef": "Exodus 7:18"
                }
            ], 
            "text": ""
        }, 
        {
            "segmentNumber": "19", 
            "he": "וַאֲמַר יְיָ לְמשֶׁה אֱמַר לְאַהֲרֹן טּוֹל חֻטְרָךְ וַאֲרֵים יְדָךְ עַל מַיָא דְמִצְרַיִם עַל נַהֲרֵיהוֹן עַל אֲרִתֵּיהוֹן וְעַל אַגְמֵיהוֹן וְעַל כָּל בֵּית כְּנִישׁוּת מֵימֵיהוֹן וִיהוֹן דְמָא וִיהֵי דְמָא בְּכָל אַרְעָא דְמִצְרַיִם וּבְמָנֵי אָעָא וּבְמָנֵי אַבְנָא", 
            "links": [
                {
                    "category": "Targum", 
                    "sourceHeRef": "שמות ז׳:י״ט", 
                    "index_title": "Exodus", 
                    "sourceRef": "Exodus 7:19"
                }
            ], 
            "text": ""
        }, 
        {
            "segmentNumber": "20", 
            "he": "וַעֲבָדוּ כֵן משֶׁה וְאַהֲרֹן כְּמָא דְפַקֵיד יְיָ וַאֲרֵים בְּחֻטְרָא וּמְחָא יָת מַיָא דִי בְנַהֲרָא לְעֵינֵי פַּרְעֹה וּלְעֵינֵי עַבְדוֹהִי וְאִתְהַפִיכוּ כָּל מַיָא דִי בְנַהֲרָא לִדְמָא", 
            "links": [
                {
                    "category": "Targum", 
                    "sourceHeRef": "שמות ז׳:כ׳", 
                    "index_title": "Exodus", 
                    "sourceRef": "Exodus 7:20"
                }
            ], 
            "text": ""
        }, 
        {
            "segmentNumber": "21", 
            "he": "וְנוּנֵי דִי בְנַהֲרָא מִיתוּ וּסְרִי נַהֲרָא וְלָא יְכִילוּ מִצְרָאֵי לְמִשְׁתֵּי מַיָא מִן נַהֲרָא וַהֲוָה דְמָא בְּכָל אַרְעָא דְמִצְרָיִם", 
            "links": [
                {
                    "category": "Targum", 
                    "sourceHeRef": "שמות ז׳:כ״א", 
                    "index_title": "Exodus", 
                    "sourceRef": "Exodus 7:21"
                }
            ], 
            "text": ""
        }, 
        {
            "segmentNumber": "22", 
            "he": "וַעֲבָדוּ כֵן חָרָשֵׁי מִצְרַיִם בְּלַחֲשֵׁיהוֹן וְאִתַּקַף לִבָּא דְפַרְעֹה וְלָא קַבֵּיל מִנְהוֹן כְּמָא דְמַלִיל יְיָ", 
            "links": [
                {
                    "category": "Targum", 
                    "sourceHeRef": "שמות ז׳:כ״ב", 
                    "index_title": "Exodus", 
                    "sourceRef": "Exodus 7:22"
                }
            ], 
            "text": ""
        }, 
        {
            "segmentNumber": "23", 
            "he": "וְאִתְפְּנִי פַרְעֹה וְעַל לְבֵיתֵהּ וְלָא שַׁוִי לִבֵּהּ אַף לְדָא", 
            "links": [
                {
                    "category": "Targum", 
                    "sourceHeRef": "שמות ז׳:כ״ג", 
                    "index_title": "Exodus", 
                    "sourceRef": "Exodus 7:23"
                }
            ], 
            "text": ""
        }, 
        {
            "segmentNumber": "24", 
            "he": "וַחֲפָרוּ כָל מִצְרָאֵי סַחֲרָנוּת נַהֲרָא מַיָא לְמִשְׁתֵּי אֲרֵי לָא יְכִילוּ לְמִשְׁתֵּי מִמַיָא דְנַהֲרָא", 
            "links": [
                {
                    "category": "Targum", 
                    "sourceHeRef": "שמות ז׳:כ״ד", 
                    "index_title": "Exodus", 
                    "sourceRef": "Exodus 7:24"
                }
            ], 
            "text": ""
        }, 
        {
            "segmentNumber": "25", 
            "he": "וְאַשְׁלֵם שִׁבְעַת יוֹמִין בָּתַר דִמְחָא יְיָ יָת נַהֲרָא", 
            "links": [
                {
                    "category": "Targum", 
                    "sourceHeRef": "שמות ז׳:כ״ה", 
                    "index_title": "Exodus", 
                    "sourceRef": "Exodus 7:25"
                }
            ], 
            "text": ""
        }, 
        {
            "segmentNumber": "26", 
            "he": "וַאֲמַר יְיָ לְמשֶׁה עוּל לְוָת פַּרְעֹה וְתֵימַר לֵהּ כִּדְנַן אֲמַר יְיָ שַׁלַח יָת עַמִי וְיִפְלְחוּן קֳדָמָי", 
            "links": [
                {
                    "category": "Targum", 
                    "sourceHeRef": "שמות ז׳:כ״ו", 
                    "index_title": "Exodus", 
                    "sourceRef": "Exodus 7:26"
                }
            ], 
            "text": ""
        }, 
        {
            "segmentNumber": "27", 
            "he": "וְאִם סָרִיב אַתְּ לְשַׁלָחָא הָא אֲנָא מָחֵי יָת כָּל תְּחוּמָךְ בְּעֻרְדְעָנַיָא", 
            "links": [
                {
                    "category": "Targum", 
                    "sourceHeRef": "שמות ז׳:כ״ז", 
                    "index_title": "Exodus", 
                    "sourceRef": "Exodus 7:27"
                }
            ], 
            "text": ""
        }, 
        {
            "segmentNumber": "28", 
            "he": "וִירַבֵּי נַהֲרָא עֻרְדְעָנַיָא וְיִסְקוּן וְיֶעֱלוּן בְּבֵיתָךְ וּבְאִדְרוֹן בֵּית מִשְׁכְּבָךְ וְעַל עַרְסָךְ וּבְבֵית עַבְדָיךְ וּבְעַמָךְ וּבְתַנוּרָךְ וּבְאַצְוָתָךְ", 
            "links": [
                {
                    "category": "Targum", 
                    "sourceHeRef": "שמות ז׳:כ״ח", 
                    "index_title": "Exodus", 
                    "sourceRef": "Exodus 7:28"
                }
            ], 
            "text": ""
        }, 
        {
            "segmentNumber": "29", 
            "he": "וּבָךְ וּבְעַמָךְ וּבְכָל עַבְדָיךְ יִסְקוּן עֻרְדְעָנַיָא", 
            "links": [
                {
                    "category": "Targum", 
                    "sourceHeRef": "שמות ז׳:כ״ט", 
                    "index_title": "Exodus", 
                    "sourceRef": "Exodus 7:29"
                }
            ], 
            "text": ""
        }
    ], 
    "book": "Onkelos Exodus", 
    "prev": "Onkelos Exodus 6", 
    "textDepth": 2, 
    "sectionNames": [
        "Chapter", 
        "Verse"
    ], 
    "sections": [
        7
    ], 
    "isComplex": false, 
    "titleVariants": [
        "Targum Onkelos Exodus", 
        "Onkelos Exodus"
    ], 
    "categories": [
        "Tanakh", 
        "Targum"
    ], 
    "ref": "Onkelos Exodus 7", 
    "type": "Tanakh", 
    "addressTypes": [
        "Integer", 
        "Integer"
    ], 
    "indexTitle": "Onkelos Exodus", 
    "heIndexTitle": "תרגום אונקלוס על שמות", 
    "alts": [], 
    "order": ""
}