{
    "sections": {
        "Tosafot on Pesachim 53a:44": {
            "content": [], 
            "heTitle": "תוספות על פסחים נ״ג א:מ״ד", 
            "indexTitle": "Tosafot on Pesachim", 
            "sectionRef": "Tosafot on Pesachim 53a:44", 
            "prev": "Tosafot on Pesachim 52b:27", 
            "ref": "Tosafot on Pesachim 53a:44", 
            "heRef": "תוספות על פסחים נ״ג א:מ״ד", 
            "next": "Tosafot on Pesachim 53a:45"
        }, 
        "Tosafot on Pesachim 53a:45": {
            "content": [
                {
                    "segmentNumber": "1", 
                    "links": [
                        {
                            "category": "Talmud", 
                            "index_title": "Pesachim", 
                            "sourceHeRef": "פסחים נ״ג א:מ״ה", 
                            "sourceRef": "Pesachim 53a:45"
                        }
                    ], 
                    "he": "מפני שנראה כמקדיש קדשים בחוץ - בכולי שמעתא פירש\"י שעכשיו קורא שם ופירש נמי שלא התנדב כדרך המתנדבים היינו דמחיים לא קרא לו שם פסח ואי נמי קרא לו שם בשעת צלייה הוי שלא כדרך המקדישין וקשה דקאמר נראה כמאכיל קדשים בחוץ והלא גם בפנים אין לעשות כן דאינו קדוש אלא לדמיו והוה ליה למימר שהוא קרוב למעילת קדשים ועוד בגדי מקולס לר' שמעון נהי דליכא למיחש שמא הקדישו עכשיו שאין זה כדרך המתנדבים מכל מקום ליתסר למיעבד הכי שלא יאמר מחיים אקדשיה דסופו מוכיח על תחלתו שעשאו מקולס וע\"כ טעמא משום הכי הוא דהא מוקמינן לא שנא אמר ולא שנא לא אמר לכך נראה דעל ידי שאומר עכשיו בשר זה לפסח סברי אינשי דמחיים אקדשה ורבי שמעון אפילו אקדשה מחיים [לשחוט] בחוץ לא הוי הקדש משום שלא התנדב כדרך המתנדבים כדמוכח בתוספתא בפרק בתרא דמנחות דקאמר הרי עלי עולה על מנת שאקריבנה בבית חוניו רבי שמעון אומר אין זה עולה וה\"נ הוי כמקדיש על מנת להקריב בחוץ הוא דאינו קדוש והא דלא מייתי לה הכא אלא מייתי ההיא דמנחה משום דמפרש בה בהדיא שלא התנדב כדרך המתנדבים:"
                }
            ], 
            "heTitle": "תוספות על פסחים נ״ג א:מ״ה", 
            "indexTitle": "Tosafot on Pesachim", 
            "sectionRef": "Tosafot on Pesachim 53a:45", 
            "prev": "Tosafot on Pesachim 52b:27", 
            "ref": "Tosafot on Pesachim 53a:45", 
            "heRef": "תוספות על פסחים נ״ג א:מ״ה", 
            "next": "Tosafot on Pesachim 53b:14"
        }, 
        "Tosafot on Pesachim 53a:46": {
            "content": [], 
            "heTitle": "תוספות על פסחים נ״ג א:מ״ו", 
            "indexTitle": "Tosafot on Pesachim", 
            "sectionRef": "Tosafot on Pesachim 53a:46", 
            "prev": "Tosafot on Pesachim 53a:45", 
            "ref": "Tosafot on Pesachim 53a:46", 
            "heRef": "תוספות על פסחים נ״ג א:מ״ו", 
            "next": "Tosafot on Pesachim 53b:14"
        }, 
        "Tosafot on Pesachim 53a:47": {
            "content": [], 
            "heTitle": "תוספות על פסחים נ״ג א:מ״ז", 
            "indexTitle": "Tosafot on Pesachim", 
            "sectionRef": "Tosafot on Pesachim 53a:47", 
            "prev": "Tosafot on Pesachim 53a:45", 
            "ref": "Tosafot on Pesachim 53a:47", 
            "heRef": "תוספות על פסחים נ״ג א:מ״ז", 
            "next": "Tosafot on Pesachim 53b:14"
        }, 
        "Tosafot on Pesachim 53a:40": {
            "content": [], 
            "heTitle": "תוספות על פסחים נ״ג א:מ׳", 
            "indexTitle": "Tosafot on Pesachim", 
            "sectionRef": "Tosafot on Pesachim 53a:40", 
            "prev": "Tosafot on Pesachim 52b:27", 
            "ref": "Tosafot on Pesachim 53a:40", 
            "heRef": "תוספות על פסחים נ״ג א:מ׳", 
            "next": "Tosafot on Pesachim 53a:45"
        }, 
        "Tosafot on Pesachim 53a:41": {
            "content": [], 
            "heTitle": "תוספות על פסחים נ״ג א:מ״א", 
            "indexTitle": "Tosafot on Pesachim", 
            "sectionRef": "Tosafot on Pesachim 53a:41", 
            "prev": "Tosafot on Pesachim 52b:27", 
            "ref": "Tosafot on Pesachim 53a:41", 
            "heRef": "תוספות על פסחים נ״ג א:מ״א", 
            "next": "Tosafot on Pesachim 53a:45"
        }, 
        "Tosafot on Pesachim 53a:42": {
            "content": [], 
            "heTitle": "תוספות על פסחים נ״ג א:מ״ב", 
            "indexTitle": "Tosafot on Pesachim", 
            "sectionRef": "Tosafot on Pesachim 53a:42", 
            "prev": "Tosafot on Pesachim 52b:27", 
            "ref": "Tosafot on Pesachim 53a:42", 
            "heRef": "תוספות על פסחים נ״ג א:מ״ב", 
            "next": "Tosafot on Pesachim 53a:45"
        }, 
        "Tosafot on Pesachim 53a:43": {
            "content": [], 
            "heTitle": "תוספות על פסחים נ״ג א:מ״ג", 
            "indexTitle": "Tosafot on Pesachim", 
            "sectionRef": "Tosafot on Pesachim 53a:43", 
            "prev": "Tosafot on Pesachim 52b:27", 
            "ref": "Tosafot on Pesachim 53a:43", 
            "heRef": "תוספות על פסחים נ״ג א:מ״ג", 
            "next": "Tosafot on Pesachim 53a:45"
        }, 
        "Tosafot on Pesachim 53a:48": {
            "content": [], 
            "heTitle": "תוספות על פסחים נ״ג א:מ״ח", 
            "indexTitle": "Tosafot on Pesachim", 
            "sectionRef": "Tosafot on Pesachim 53a:48", 
            "prev": "Tosafot on Pesachim 53a:45", 
            "ref": "Tosafot on Pesachim 53a:48", 
            "heRef": "תוספות על פסחים נ״ג א:מ״ח", 
            "next": "Tosafot on Pesachim 53b:14"
        }, 
        "Tosafot on Pesachim 53a:49": {
            "content": [], 
            "heTitle": "תוספות על פסחים נ״ג א:מ״ט", 
            "indexTitle": "Tosafot on Pesachim", 
            "sectionRef": "Tosafot on Pesachim 53a:49", 
            "prev": "Tosafot on Pesachim 53a:45", 
            "ref": "Tosafot on Pesachim 53a:49", 
            "heRef": "תוספות על פסחים נ״ג א:מ״ט", 
            "next": "Tosafot on Pesachim 53b:14"
        }, 
        "Tosafot on Pesachim 53a:53": {
            "content": [], 
            "heTitle": "תוספות על פסחים נ״ג א:נ״ג", 
            "indexTitle": "Tosafot on Pesachim", 
            "sectionRef": "Tosafot on Pesachim 53a:53", 
            "prev": "Tosafot on Pesachim 53a:45", 
            "ref": "Tosafot on Pesachim 53a:53", 
            "heRef": "תוספות על פסחים נ״ג א:נ״ג", 
            "next": "Tosafot on Pesachim 53b:14"
        }, 
        "Tosafot on Pesachim 53a:28": {
            "content": [], 
            "heTitle": "תוספות על פסחים נ״ג א:כ״ח", 
            "indexTitle": "Tosafot on Pesachim", 
            "sectionRef": "Tosafot on Pesachim 53a:28", 
            "prev": "Tosafot on Pesachim 52b:27", 
            "ref": "Tosafot on Pesachim 53a:28", 
            "heRef": "תוספות על פסחים נ״ג א:כ״ח", 
            "next": "Tosafot on Pesachim 53a:45"
        }, 
        "Tosafot on Pesachim 53a:29": {
            "content": [], 
            "heTitle": "תוספות על פסחים נ״ג א:כ״ט", 
            "indexTitle": "Tosafot on Pesachim", 
            "sectionRef": "Tosafot on Pesachim 53a:29", 
            "prev": "Tosafot on Pesachim 52b:27", 
            "ref": "Tosafot on Pesachim 53a:29", 
            "heRef": "תוספות על פסחים נ״ג א:כ״ט", 
            "next": "Tosafot on Pesachim 53a:45"
        }, 
        "Tosafot on Pesachim 53a:26": {
            "content": [], 
            "heTitle": "תוספות על פסחים נ״ג א:כ״ו", 
            "indexTitle": "Tosafot on Pesachim", 
            "sectionRef": "Tosafot on Pesachim 53a:26", 
            "prev": "Tosafot on Pesachim 52b:27", 
            "ref": "Tosafot on Pesachim 53a:26", 
            "heRef": "תוספות על פסחים נ״ג א:כ״ו", 
            "next": "Tosafot on Pesachim 53a:45"
        }, 
        "Tosafot on Pesachim 53a:27": {
            "content": [], 
            "heTitle": "תוספות על פסחים נ״ג א:כ״ז", 
            "indexTitle": "Tosafot on Pesachim", 
            "sectionRef": "Tosafot on Pesachim 53a:27", 
            "prev": "Tosafot on Pesachim 52b:27", 
            "ref": "Tosafot on Pesachim 53a:27", 
            "heRef": "תוספות על פסחים נ״ג א:כ״ז", 
            "next": "Tosafot on Pesachim 53a:45"
        }, 
        "Tosafot on Pesachim 53a:24": {
            "content": [], 
            "heTitle": "תוספות על פסחים נ״ג א:כ״ד", 
            "indexTitle": "Tosafot on Pesachim", 
            "sectionRef": "Tosafot on Pesachim 53a:24", 
            "prev": "Tosafot on Pesachim 52b:27", 
            "ref": "Tosafot on Pesachim 53a:24", 
            "heRef": "תוספות על פסחים נ״ג א:כ״ד", 
            "next": "Tosafot on Pesachim 53a:45"
        }, 
        "Tosafot on Pesachim 53a:25": {
            "content": [], 
            "heTitle": "תוספות על פסחים נ״ג א:כ״ה", 
            "indexTitle": "Tosafot on Pesachim", 
            "sectionRef": "Tosafot on Pesachim 53a:25", 
            "prev": "Tosafot on Pesachim 52b:27", 
            "ref": "Tosafot on Pesachim 53a:25", 
            "heRef": "תוספות על פסחים נ״ג א:כ״ה", 
            "next": "Tosafot on Pesachim 53a:45"
        }, 
        "Tosafot on Pesachim 53a:22": {
            "content": [], 
            "heTitle": "תוספות על פסחים נ״ג א:כ״ב", 
            "indexTitle": "Tosafot on Pesachim", 
            "sectionRef": "Tosafot on Pesachim 53a:22", 
            "prev": "Tosafot on Pesachim 52b:27", 
            "ref": "Tosafot on Pesachim 53a:22", 
            "heRef": "תוספות על פסחים נ״ג א:כ״ב", 
            "next": "Tosafot on Pesachim 53a:45"
        }, 
        "Tosafot on Pesachim 53a:23": {
            "content": [], 
            "heTitle": "תוספות על פסחים נ״ג א:כ״ג", 
            "indexTitle": "Tosafot on Pesachim", 
            "sectionRef": "Tosafot on Pesachim 53a:23", 
            "prev": "Tosafot on Pesachim 52b:27", 
            "ref": "Tosafot on Pesachim 53a:23", 
            "heRef": "תוספות על פסחים נ״ג א:כ״ג", 
            "next": "Tosafot on Pesachim 53a:45"
        }, 
        "Tosafot on Pesachim 53a:20": {
            "content": [], 
            "heTitle": "תוספות על פסחים נ״ג א:כ׳", 
            "indexTitle": "Tosafot on Pesachim", 
            "sectionRef": "Tosafot on Pesachim 53a:20", 
            "prev": "Tosafot on Pesachim 52b:27", 
            "ref": "Tosafot on Pesachim 53a:20", 
            "heRef": "תוספות על פסחים נ״ג א:כ׳", 
            "next": "Tosafot on Pesachim 53a:45"
        }, 
        "Tosafot on Pesachim 53a:21": {
            "content": [], 
            "heTitle": "תוספות על פסחים נ״ג א:כ״א", 
            "indexTitle": "Tosafot on Pesachim", 
            "sectionRef": "Tosafot on Pesachim 53a:21", 
            "prev": "Tosafot on Pesachim 52b:27", 
            "ref": "Tosafot on Pesachim 53a:21", 
            "heRef": "תוספות על פסחים נ״ג א:כ״א", 
            "next": "Tosafot on Pesachim 53a:45"
        }, 
        "Tosafot on Pesachim 53a:7": {
            "content": [], 
            "heTitle": "תוספות על פסחים נ״ג א:ז׳", 
            "indexTitle": "Tosafot on Pesachim", 
            "sectionRef": "Tosafot on Pesachim 53a:7", 
            "prev": "Tosafot on Pesachim 52b:27", 
            "ref": "Tosafot on Pesachim 53a:7", 
            "heRef": "תוספות על פסחים נ״ג א:ז׳", 
            "next": "Tosafot on Pesachim 53a:45"
        }, 
        "Tosafot on Pesachim 53a:6": {
            "content": [], 
            "heTitle": "תוספות על פסחים נ״ג א:ו׳", 
            "indexTitle": "Tosafot on Pesachim", 
            "sectionRef": "Tosafot on Pesachim 53a:6", 
            "prev": "Tosafot on Pesachim 52b:27", 
            "ref": "Tosafot on Pesachim 53a:6", 
            "heRef": "תוספות על פסחים נ״ג א:ו׳", 
            "next": "Tosafot on Pesachim 53a:45"
        }, 
        "Tosafot on Pesachim 53a:5": {
            "content": [], 
            "heTitle": "תוספות על פסחים נ״ג א:ה׳", 
            "indexTitle": "Tosafot on Pesachim", 
            "sectionRef": "Tosafot on Pesachim 53a:5", 
            "prev": "Tosafot on Pesachim 52b:27", 
            "ref": "Tosafot on Pesachim 53a:5", 
            "heRef": "תוספות על פסחים נ״ג א:ה׳", 
            "next": "Tosafot on Pesachim 53a:45"
        }, 
        "Tosafot on Pesachim 53a:4": {
            "content": [], 
            "heTitle": "תוספות על פסחים נ״ג א:ד׳", 
            "indexTitle": "Tosafot on Pesachim", 
            "sectionRef": "Tosafot on Pesachim 53a:4", 
            "prev": "Tosafot on Pesachim 52b:27", 
            "ref": "Tosafot on Pesachim 53a:4", 
            "heRef": "תוספות על פסחים נ״ג א:ד׳", 
            "next": "Tosafot on Pesachim 53a:45"
        }, 
        "Tosafot on Pesachim 53a:3": {
            "content": [], 
            "heTitle": "תוספות על פסחים נ״ג א:ג׳", 
            "indexTitle": "Tosafot on Pesachim", 
            "sectionRef": "Tosafot on Pesachim 53a:3", 
            "prev": "Tosafot on Pesachim 52b:27", 
            "ref": "Tosafot on Pesachim 53a:3", 
            "heRef": "תוספות על פסחים נ״ג א:ג׳", 
            "next": "Tosafot on Pesachim 53a:45"
        }, 
        "Tosafot on Pesachim 53a:2": {
            "content": [], 
            "heTitle": "תוספות על פסחים נ״ג א:ב׳", 
            "indexTitle": "Tosafot on Pesachim", 
            "sectionRef": "Tosafot on Pesachim 53a:2", 
            "prev": "Tosafot on Pesachim 52b:27", 
            "ref": "Tosafot on Pesachim 53a:2", 
            "heRef": "תוספות על פסחים נ״ג א:ב׳", 
            "next": "Tosafot on Pesachim 53a:45"
        }, 
        "Tosafot on Pesachim 53a:1": {
            "content": [], 
            "heTitle": "תוספות על פסחים נ״ג א:א׳", 
            "indexTitle": "Tosafot on Pesachim", 
            "sectionRef": "Tosafot on Pesachim 53a:1", 
            "prev": "Tosafot on Pesachim 52b:27", 
            "ref": "Tosafot on Pesachim 53a:1", 
            "heRef": "תוספות על פסחים נ״ג א:א׳", 
            "next": "Tosafot on Pesachim 53a:45"
        }, 
        "Tosafot on Pesachim 53a:9": {
            "content": [], 
            "heTitle": "תוספות על פסחים נ״ג א:ט׳", 
            "indexTitle": "Tosafot on Pesachim", 
            "sectionRef": "Tosafot on Pesachim 53a:9", 
            "prev": "Tosafot on Pesachim 52b:27", 
            "ref": "Tosafot on Pesachim 53a:9", 
            "heRef": "תוספות על פסחים נ״ג א:ט׳", 
            "next": "Tosafot on Pesachim 53a:45"
        }, 
        "Tosafot on Pesachim 53a:8": {
            "content": [], 
            "heTitle": "תוספות על פסחים נ״ג א:ח׳", 
            "indexTitle": "Tosafot on Pesachim", 
            "sectionRef": "Tosafot on Pesachim 53a:8", 
            "prev": "Tosafot on Pesachim 52b:27", 
            "ref": "Tosafot on Pesachim 53a:8", 
            "heRef": "תוספות על פסחים נ״ג א:ח׳", 
            "next": "Tosafot on Pesachim 53a:45"
        }, 
        "Tosafot on Pesachim 53a:52": {
            "content": [], 
            "heTitle": "תוספות על פסחים נ״ג א:נ״ב", 
            "indexTitle": "Tosafot on Pesachim", 
            "sectionRef": "Tosafot on Pesachim 53a:52", 
            "prev": "Tosafot on Pesachim 53a:45", 
            "ref": "Tosafot on Pesachim 53a:52", 
            "heRef": "תוספות על פסחים נ״ג א:נ״ב", 
            "next": "Tosafot on Pesachim 53b:14"
        }, 
        "Tosafot on Pesachim 53a:33": {
            "content": [], 
            "heTitle": "תוספות על פסחים נ״ג א:ל״ג", 
            "indexTitle": "Tosafot on Pesachim", 
            "sectionRef": "Tosafot on Pesachim 53a:33", 
            "prev": "Tosafot on Pesachim 52b:27", 
            "ref": "Tosafot on Pesachim 53a:33", 
            "heRef": "תוספות על פסחים נ״ג א:ל״ג", 
            "next": "Tosafot on Pesachim 53a:45"
        }, 
        "Tosafot on Pesachim 53a:51": {
            "content": [], 
            "heTitle": "תוספות על פסחים נ״ג א:נ״א", 
            "indexTitle": "Tosafot on Pesachim", 
            "sectionRef": "Tosafot on Pesachim 53a:51", 
            "prev": "Tosafot on Pesachim 53a:45", 
            "ref": "Tosafot on Pesachim 53a:51", 
            "heRef": "תוספות על פסחים נ״ג א:נ״א", 
            "next": "Tosafot on Pesachim 53b:14"
        }, 
        "Tosafot on Pesachim 53a:32": {
            "content": [], 
            "heTitle": "תוספות על פסחים נ״ג א:ל״ב", 
            "indexTitle": "Tosafot on Pesachim", 
            "sectionRef": "Tosafot on Pesachim 53a:32", 
            "prev": "Tosafot on Pesachim 52b:27", 
            "ref": "Tosafot on Pesachim 53a:32", 
            "heRef": "תוספות על פסחים נ״ג א:ל״ב", 
            "next": "Tosafot on Pesachim 53a:45"
        }, 
        "Tosafot on Pesachim 53a:17": {
            "content": [], 
            "heTitle": "תוספות על פסחים נ״ג א:י״ז", 
            "indexTitle": "Tosafot on Pesachim", 
            "sectionRef": "Tosafot on Pesachim 53a:17", 
            "prev": "Tosafot on Pesachim 52b:27", 
            "ref": "Tosafot on Pesachim 53a:17", 
            "heRef": "תוספות על פסחים נ״ג א:י״ז", 
            "next": "Tosafot on Pesachim 53a:45"
        }, 
        "Tosafot on Pesachim 53a:16": {
            "content": [], 
            "heTitle": "תוספות על פסחים נ״ג א:ט״ז", 
            "indexTitle": "Tosafot on Pesachim", 
            "sectionRef": "Tosafot on Pesachim 53a:16", 
            "prev": "Tosafot on Pesachim 52b:27", 
            "ref": "Tosafot on Pesachim 53a:16", 
            "heRef": "תוספות על פסחים נ״ג א:ט״ז", 
            "next": "Tosafot on Pesachim 53a:45"
        }, 
        "Tosafot on Pesachim 53a:15": {
            "content": [], 
            "heTitle": "תוספות על פסחים נ״ג א:ט״ו", 
            "indexTitle": "Tosafot on Pesachim", 
            "sectionRef": "Tosafot on Pesachim 53a:15", 
            "prev": "Tosafot on Pesachim 52b:27", 
            "ref": "Tosafot on Pesachim 53a:15", 
            "heRef": "תוספות על פסחים נ״ג א:ט״ו", 
            "next": "Tosafot on Pesachim 53a:45"
        }, 
        "Tosafot on Pesachim 53a:14": {
            "content": [], 
            "heTitle": "תוספות על פסחים נ״ג א:י״ד", 
            "indexTitle": "Tosafot on Pesachim", 
            "sectionRef": "Tosafot on Pesachim 53a:14", 
            "prev": "Tosafot on Pesachim 52b:27", 
            "ref": "Tosafot on Pesachim 53a:14", 
            "heRef": "תוספות על פסחים נ״ג א:י״ד", 
            "next": "Tosafot on Pesachim 53a:45"
        }, 
        "Tosafot on Pesachim 53a:13": {
            "content": [], 
            "heTitle": "תוספות על פסחים נ״ג א:י״ג", 
            "indexTitle": "Tosafot on Pesachim", 
            "sectionRef": "Tosafot on Pesachim 53a:13", 
            "prev": "Tosafot on Pesachim 52b:27", 
            "ref": "Tosafot on Pesachim 53a:13", 
            "heRef": "תוספות על פסחים נ״ג א:י״ג", 
            "next": "Tosafot on Pesachim 53a:45"
        }, 
        "Tosafot on Pesachim 53a:12": {
            "content": [], 
            "heTitle": "תוספות על פסחים נ״ג א:י״ב", 
            "indexTitle": "Tosafot on Pesachim", 
            "sectionRef": "Tosafot on Pesachim 53a:12", 
            "prev": "Tosafot on Pesachim 52b:27", 
            "ref": "Tosafot on Pesachim 53a:12", 
            "heRef": "תוספות על פסחים נ״ג א:י״ב", 
            "next": "Tosafot on Pesachim 53a:45"
        }, 
        "Tosafot on Pesachim 53a:11": {
            "content": [], 
            "heTitle": "תוספות על פסחים נ״ג א:י״א", 
            "indexTitle": "Tosafot on Pesachim", 
            "sectionRef": "Tosafot on Pesachim 53a:11", 
            "prev": "Tosafot on Pesachim 52b:27", 
            "ref": "Tosafot on Pesachim 53a:11", 
            "heRef": "תוספות על פסחים נ״ג א:י״א", 
            "next": "Tosafot on Pesachim 53a:45"
        }, 
        "Tosafot on Pesachim 53a:10": {
            "content": [], 
            "heTitle": "תוספות על פסחים נ״ג א:י׳", 
            "indexTitle": "Tosafot on Pesachim", 
            "sectionRef": "Tosafot on Pesachim 53a:10", 
            "prev": "Tosafot on Pesachim 52b:27", 
            "ref": "Tosafot on Pesachim 53a:10", 
            "heRef": "תוספות על פסחים נ״ג א:י׳", 
            "next": "Tosafot on Pesachim 53a:45"
        }, 
        "Tosafot on Pesachim 53a:35": {
            "content": [], 
            "heTitle": "תוספות על פסחים נ״ג א:ל״ה", 
            "indexTitle": "Tosafot on Pesachim", 
            "sectionRef": "Tosafot on Pesachim 53a:35", 
            "prev": "Tosafot on Pesachim 52b:27", 
            "ref": "Tosafot on Pesachim 53a:35", 
            "heRef": "תוספות על פסחים נ״ג א:ל״ה", 
            "next": "Tosafot on Pesachim 53a:45"
        }, 
        "Tosafot on Pesachim 53a:34": {
            "content": [], 
            "heTitle": "תוספות על פסחים נ״ג א:ל״ד", 
            "indexTitle": "Tosafot on Pesachim", 
            "sectionRef": "Tosafot on Pesachim 53a:34", 
            "prev": "Tosafot on Pesachim 52b:27", 
            "ref": "Tosafot on Pesachim 53a:34", 
            "heRef": "תוספות על פסחים נ״ג א:ל״ד", 
            "next": "Tosafot on Pesachim 53a:45"
        }, 
        "Tosafot on Pesachim 53a:37": {
            "content": [], 
            "heTitle": "תוספות על פסחים נ״ג א:ל״ז", 
            "indexTitle": "Tosafot on Pesachim", 
            "sectionRef": "Tosafot on Pesachim 53a:37", 
            "prev": "Tosafot on Pesachim 52b:27", 
            "ref": "Tosafot on Pesachim 53a:37", 
            "heRef": "תוספות על פסחים נ״ג א:ל״ז", 
            "next": "Tosafot on Pesachim 53a:45"
        }, 
        "Tosafot on Pesachim 53a:36": {
            "content": [], 
            "heTitle": "תוספות על פסחים נ״ג א:ל״ו", 
            "indexTitle": "Tosafot on Pesachim", 
            "sectionRef": "Tosafot on Pesachim 53a:36", 
            "prev": "Tosafot on Pesachim 52b:27", 
            "ref": "Tosafot on Pesachim 53a:36", 
            "heRef": "תוספות על פסחים נ״ג א:ל״ו", 
            "next": "Tosafot on Pesachim 53a:45"
        }, 
        "Tosafot on Pesachim 53a:31": {
            "content": [], 
            "heTitle": "תוספות על פסחים נ״ג א:ל״א", 
            "indexTitle": "Tosafot on Pesachim", 
            "sectionRef": "Tosafot on Pesachim 53a:31", 
            "prev": "Tosafot on Pesachim 52b:27", 
            "ref": "Tosafot on Pesachim 53a:31", 
            "heRef": "תוספות על פסחים נ״ג א:ל״א", 
            "next": "Tosafot on Pesachim 53a:45"
        }, 
        "Tosafot on Pesachim 53a:30": {
            "content": [], 
            "heTitle": "תוספות על פסחים נ״ג א:ל׳", 
            "indexTitle": "Tosafot on Pesachim", 
            "sectionRef": "Tosafot on Pesachim 53a:30", 
            "prev": "Tosafot on Pesachim 52b:27", 
            "ref": "Tosafot on Pesachim 53a:30", 
            "heRef": "תוספות על פסחים נ״ג א:ל׳", 
            "next": "Tosafot on Pesachim 53a:45"
        }, 
        "Tosafot on Pesachim 53a:19": {
            "content": [], 
            "heTitle": "תוספות על פסחים נ״ג א:י״ט", 
            "indexTitle": "Tosafot on Pesachim", 
            "sectionRef": "Tosafot on Pesachim 53a:19", 
            "prev": "Tosafot on Pesachim 52b:27", 
            "ref": "Tosafot on Pesachim 53a:19", 
            "heRef": "תוספות על פסחים נ״ג א:י״ט", 
            "next": "Tosafot on Pesachim 53a:45"
        }, 
        "Tosafot on Pesachim 53a:18": {
            "content": [], 
            "heTitle": "תוספות על פסחים נ״ג א:י״ח", 
            "indexTitle": "Tosafot on Pesachim", 
            "sectionRef": "Tosafot on Pesachim 53a:18", 
            "prev": "Tosafot on Pesachim 52b:27", 
            "ref": "Tosafot on Pesachim 53a:18", 
            "heRef": "תוספות על פסחים נ״ג א:י״ח", 
            "next": "Tosafot on Pesachim 53a:45"
        }, 
        "Tosafot on Pesachim 53a:50": {
            "content": [], 
            "heTitle": "תוספות על פסחים נ״ג א:נ׳", 
            "indexTitle": "Tosafot on Pesachim", 
            "sectionRef": "Tosafot on Pesachim 53a:50", 
            "prev": "Tosafot on Pesachim 53a:45", 
            "ref": "Tosafot on Pesachim 53a:50", 
            "heRef": "תוספות על פסחים נ״ג א:נ׳", 
            "next": "Tosafot on Pesachim 53b:14"
        }, 
        "Tosafot on Pesachim 53a:39": {
            "content": [], 
            "heTitle": "תוספות על פסחים נ״ג א:ל״ט", 
            "indexTitle": "Tosafot on Pesachim", 
            "sectionRef": "Tosafot on Pesachim 53a:39", 
            "prev": "Tosafot on Pesachim 52b:27", 
            "ref": "Tosafot on Pesachim 53a:39", 
            "heRef": "תוספות על פסחים נ״ג א:ל״ט", 
            "next": "Tosafot on Pesachim 53a:45"
        }, 
        "Tosafot on Pesachim 53a:38": {
            "content": [], 
            "heTitle": "תוספות על פסחים נ״ג א:ל״ח", 
            "indexTitle": "Tosafot on Pesachim", 
            "sectionRef": "Tosafot on Pesachim 53a:38", 
            "prev": "Tosafot on Pesachim 52b:27", 
            "ref": "Tosafot on Pesachim 53a:38", 
            "heRef": "תוספות על פסחים נ״ג א:ל״ח", 
            "next": "Tosafot on Pesachim 53a:45"
        }
    }, 
    "ref": "Tosafot on Pesachim 53a"
}