{
    "sections": {
        "Tosafot on Pesachim 87b:66": {
            "content": [
                {
                    "segmentNumber": "1", 
                    "links": [
                        {
                            "category": "Talmud", 
                            "index_title": "Pesachim", 
                            "sourceHeRef": "פסחים פ״ז ב:ס״ו", 
                            "sourceRef": "Pesachim 87b:66"
                        }
                    ], 
                    "he": "והגלה אותם לבבל - והא דאמר בגיטין (דף יז. ושם) רחמנא בטולך או בטולא דבר עשו אלמא בני עשו מעלו טפי היינו לבתר דאתו חברי לבבל:"
                }
            ], 
            "heTitle": "תוספות על פסחים פ״ז ב:ס״ו", 
            "indexTitle": "Tosafot on Pesachim", 
            "sectionRef": "Tosafot on Pesachim 87b:66", 
            "prev": "Tosafot on Pesachim 87b:11", 
            "ref": "Tosafot on Pesachim 87b:66", 
            "heRef": "תוספות על פסחים פ״ז ב:ס״ו", 
            "next": "Tosafot on Pesachim 88a:20"
        }, 
        "Tosafot on Pesachim 87b:65": {
            "content": [], 
            "heTitle": "תוספות על פסחים פ״ז ב:ס״ה", 
            "indexTitle": "Tosafot on Pesachim", 
            "sectionRef": "Tosafot on Pesachim 87b:65", 
            "prev": "Tosafot on Pesachim 87b:11", 
            "ref": "Tosafot on Pesachim 87b:65", 
            "heRef": "תוספות על פסחים פ״ז ב:ס״ה", 
            "next": "Tosafot on Pesachim 87b:66"
        }, 
        "Tosafot on Pesachim 87b:81": {
            "content": [], 
            "heTitle": "תוספות על פסחים פ״ז ב:פ״א", 
            "indexTitle": "Tosafot on Pesachim", 
            "sectionRef": "Tosafot on Pesachim 87b:81", 
            "prev": "Tosafot on Pesachim 87b:66", 
            "ref": "Tosafot on Pesachim 87b:81", 
            "heRef": "תוספות על פסחים פ״ז ב:פ״א", 
            "next": "Tosafot on Pesachim 88a:20"
        }, 
        "Tosafot on Pesachim 87b:75": {
            "content": [], 
            "heTitle": "תוספות על פסחים פ״ז ב:ע״ה", 
            "indexTitle": "Tosafot on Pesachim", 
            "sectionRef": "Tosafot on Pesachim 87b:75", 
            "prev": "Tosafot on Pesachim 87b:66", 
            "ref": "Tosafot on Pesachim 87b:75", 
            "heRef": "תוספות על פסחים פ״ז ב:ע״ה", 
            "next": "Tosafot on Pesachim 88a:20"
        }, 
        "Tosafot on Pesachim 87b:67": {
            "content": [], 
            "heTitle": "תוספות על פסחים פ״ז ב:ס״ז", 
            "indexTitle": "Tosafot on Pesachim", 
            "sectionRef": "Tosafot on Pesachim 87b:67", 
            "prev": "Tosafot on Pesachim 87b:66", 
            "ref": "Tosafot on Pesachim 87b:67", 
            "heRef": "תוספות על פסחים פ״ז ב:ס״ז", 
            "next": "Tosafot on Pesachim 88a:20"
        }, 
        "Tosafot on Pesachim 87b:70": {
            "content": [], 
            "heTitle": "תוספות על פסחים פ״ז ב:ע׳", 
            "indexTitle": "Tosafot on Pesachim", 
            "sectionRef": "Tosafot on Pesachim 87b:70", 
            "prev": "Tosafot on Pesachim 87b:66", 
            "ref": "Tosafot on Pesachim 87b:70", 
            "heRef": "תוספות על פסחים פ״ז ב:ע׳", 
            "next": "Tosafot on Pesachim 88a:20"
        }, 
        "Tosafot on Pesachim 87b:79": {
            "content": [], 
            "heTitle": "תוספות על פסחים פ״ז ב:ע״ט", 
            "indexTitle": "Tosafot on Pesachim", 
            "sectionRef": "Tosafot on Pesachim 87b:79", 
            "prev": "Tosafot on Pesachim 87b:66", 
            "ref": "Tosafot on Pesachim 87b:79", 
            "heRef": "תוספות על פסחים פ״ז ב:ע״ט", 
            "next": "Tosafot on Pesachim 88a:20"
        }, 
        "Tosafot on Pesachim 87b:33": {
            "content": [], 
            "heTitle": "תוספות על פסחים פ״ז ב:ל״ג", 
            "indexTitle": "Tosafot on Pesachim", 
            "sectionRef": "Tosafot on Pesachim 87b:33", 
            "prev": "Tosafot on Pesachim 87b:11", 
            "ref": "Tosafot on Pesachim 87b:33", 
            "heRef": "תוספות על פסחים פ״ז ב:ל״ג", 
            "next": "Tosafot on Pesachim 87b:66"
        }, 
        "Tosafot on Pesachim 87b:62": {
            "content": [], 
            "heTitle": "תוספות על פסחים פ״ז ב:ס״ב", 
            "indexTitle": "Tosafot on Pesachim", 
            "sectionRef": "Tosafot on Pesachim 87b:62", 
            "prev": "Tosafot on Pesachim 87b:11", 
            "ref": "Tosafot on Pesachim 87b:62", 
            "heRef": "תוספות על פסחים פ״ז ב:ס״ב", 
            "next": "Tosafot on Pesachim 87b:66"
        }, 
        "Tosafot on Pesachim 87b:78": {
            "content": [], 
            "heTitle": "תוספות על פסחים פ״ז ב:ע״ח", 
            "indexTitle": "Tosafot on Pesachim", 
            "sectionRef": "Tosafot on Pesachim 87b:78", 
            "prev": "Tosafot on Pesachim 87b:66", 
            "ref": "Tosafot on Pesachim 87b:78", 
            "heRef": "תוספות על פסחים פ״ז ב:ע״ח", 
            "next": "Tosafot on Pesachim 88a:20"
        }, 
        "Tosafot on Pesachim 87b:42": {
            "content": [], 
            "heTitle": "תוספות על פסחים פ״ז ב:מ״ב", 
            "indexTitle": "Tosafot on Pesachim", 
            "sectionRef": "Tosafot on Pesachim 87b:42", 
            "prev": "Tosafot on Pesachim 87b:11", 
            "ref": "Tosafot on Pesachim 87b:42", 
            "heRef": "תוספות על פסחים פ״ז ב:מ״ב", 
            "next": "Tosafot on Pesachim 87b:66"
        }, 
        "Tosafot on Pesachim 87b:43": {
            "content": [], 
            "heTitle": "תוספות על פסחים פ״ז ב:מ״ג", 
            "indexTitle": "Tosafot on Pesachim", 
            "sectionRef": "Tosafot on Pesachim 87b:43", 
            "prev": "Tosafot on Pesachim 87b:11", 
            "ref": "Tosafot on Pesachim 87b:43", 
            "heRef": "תוספות על פסחים פ״ז ב:מ״ג", 
            "next": "Tosafot on Pesachim 87b:66"
        }, 
        "Tosafot on Pesachim 87b:40": {
            "content": [], 
            "heTitle": "תוספות על פסחים פ״ז ב:מ׳", 
            "indexTitle": "Tosafot on Pesachim", 
            "sectionRef": "Tosafot on Pesachim 87b:40", 
            "prev": "Tosafot on Pesachim 87b:11", 
            "ref": "Tosafot on Pesachim 87b:40", 
            "heRef": "תוספות על פסחים פ״ז ב:מ׳", 
            "next": "Tosafot on Pesachim 87b:66"
        }, 
        "Tosafot on Pesachim 87b:41": {
            "content": [], 
            "heTitle": "תוספות על פסחים פ״ז ב:מ״א", 
            "indexTitle": "Tosafot on Pesachim", 
            "sectionRef": "Tosafot on Pesachim 87b:41", 
            "prev": "Tosafot on Pesachim 87b:11", 
            "ref": "Tosafot on Pesachim 87b:41", 
            "heRef": "תוספות על פסחים פ״ז ב:מ״א", 
            "next": "Tosafot on Pesachim 87b:66"
        }, 
        "Tosafot on Pesachim 87b:46": {
            "content": [], 
            "heTitle": "תוספות על פסחים פ״ז ב:מ״ו", 
            "indexTitle": "Tosafot on Pesachim", 
            "sectionRef": "Tosafot on Pesachim 87b:46", 
            "prev": "Tosafot on Pesachim 87b:11", 
            "ref": "Tosafot on Pesachim 87b:46", 
            "heRef": "תוספות על פסחים פ״ז ב:מ״ו", 
            "next": "Tosafot on Pesachim 87b:66"
        }, 
        "Tosafot on Pesachim 87b:47": {
            "content": [], 
            "heTitle": "תוספות על פסחים פ״ז ב:מ״ז", 
            "indexTitle": "Tosafot on Pesachim", 
            "sectionRef": "Tosafot on Pesachim 87b:47", 
            "prev": "Tosafot on Pesachim 87b:11", 
            "ref": "Tosafot on Pesachim 87b:47", 
            "heRef": "תוספות על פסחים פ״ז ב:מ״ז", 
            "next": "Tosafot on Pesachim 87b:66"
        }, 
        "Tosafot on Pesachim 87b:44": {
            "content": [], 
            "heTitle": "תוספות על פסחים פ״ז ב:מ״ד", 
            "indexTitle": "Tosafot on Pesachim", 
            "sectionRef": "Tosafot on Pesachim 87b:44", 
            "prev": "Tosafot on Pesachim 87b:11", 
            "ref": "Tosafot on Pesachim 87b:44", 
            "heRef": "תוספות על פסחים פ״ז ב:מ״ד", 
            "next": "Tosafot on Pesachim 87b:66"
        }, 
        "Tosafot on Pesachim 87b:45": {
            "content": [], 
            "heTitle": "תוספות על פסחים פ״ז ב:מ״ה", 
            "indexTitle": "Tosafot on Pesachim", 
            "sectionRef": "Tosafot on Pesachim 87b:45", 
            "prev": "Tosafot on Pesachim 87b:11", 
            "ref": "Tosafot on Pesachim 87b:45", 
            "heRef": "תוספות על פסחים פ״ז ב:מ״ה", 
            "next": "Tosafot on Pesachim 87b:66"
        }, 
        "Tosafot on Pesachim 87b:48": {
            "content": [], 
            "heTitle": "תוספות על פסחים פ״ז ב:מ״ח", 
            "indexTitle": "Tosafot on Pesachim", 
            "sectionRef": "Tosafot on Pesachim 87b:48", 
            "prev": "Tosafot on Pesachim 87b:11", 
            "ref": "Tosafot on Pesachim 87b:48", 
            "heRef": "תוספות על פסחים פ״ז ב:מ״ח", 
            "next": "Tosafot on Pesachim 87b:66"
        }, 
        "Tosafot on Pesachim 87b:49": {
            "content": [], 
            "heTitle": "תוספות על פסחים פ״ז ב:מ״ט", 
            "indexTitle": "Tosafot on Pesachim", 
            "sectionRef": "Tosafot on Pesachim 87b:49", 
            "prev": "Tosafot on Pesachim 87b:11", 
            "ref": "Tosafot on Pesachim 87b:49", 
            "heRef": "תוספות על פסחים פ״ז ב:מ״ט", 
            "next": "Tosafot on Pesachim 87b:66"
        }, 
        "Tosafot on Pesachim 87b:68": {
            "content": [], 
            "heTitle": "תוספות על פסחים פ״ז ב:ס״ח", 
            "indexTitle": "Tosafot on Pesachim", 
            "sectionRef": "Tosafot on Pesachim 87b:68", 
            "prev": "Tosafot on Pesachim 87b:66", 
            "ref": "Tosafot on Pesachim 87b:68", 
            "heRef": "תוספות על פסחים פ״ז ב:ס״ח", 
            "next": "Tosafot on Pesachim 88a:20"
        }, 
        "Tosafot on Pesachim 87b:69": {
            "content": [], 
            "heTitle": "תוספות על פסחים פ״ז ב:ס״ט", 
            "indexTitle": "Tosafot on Pesachim", 
            "sectionRef": "Tosafot on Pesachim 87b:69", 
            "prev": "Tosafot on Pesachim 87b:66", 
            "ref": "Tosafot on Pesachim 87b:69", 
            "heRef": "תוספות על פסחים פ״ז ב:ס״ט", 
            "next": "Tosafot on Pesachim 88a:20"
        }, 
        "Tosafot on Pesachim 87b:20": {
            "content": [], 
            "heTitle": "תוספות על פסחים פ״ז ב:כ׳", 
            "indexTitle": "Tosafot on Pesachim", 
            "sectionRef": "Tosafot on Pesachim 87b:20", 
            "prev": "Tosafot on Pesachim 87b:11", 
            "ref": "Tosafot on Pesachim 87b:20", 
            "heRef": "תוספות על פסחים פ״ז ב:כ׳", 
            "next": "Tosafot on Pesachim 87b:66"
        }, 
        "Tosafot on Pesachim 87b:21": {
            "content": [], 
            "heTitle": "תוספות על פסחים פ״ז ב:כ״א", 
            "indexTitle": "Tosafot on Pesachim", 
            "sectionRef": "Tosafot on Pesachim 87b:21", 
            "prev": "Tosafot on Pesachim 87b:11", 
            "ref": "Tosafot on Pesachim 87b:21", 
            "heRef": "תוספות על פסחים פ״ז ב:כ״א", 
            "next": "Tosafot on Pesachim 87b:66"
        }, 
        "Tosafot on Pesachim 87b:22": {
            "content": [], 
            "heTitle": "תוספות על פסחים פ״ז ב:כ״ב", 
            "indexTitle": "Tosafot on Pesachim", 
            "sectionRef": "Tosafot on Pesachim 87b:22", 
            "prev": "Tosafot on Pesachim 87b:11", 
            "ref": "Tosafot on Pesachim 87b:22", 
            "heRef": "תוספות על פסחים פ״ז ב:כ״ב", 
            "next": "Tosafot on Pesachim 87b:66"
        }, 
        "Tosafot on Pesachim 87b:23": {
            "content": [], 
            "heTitle": "תוספות על פסחים פ״ז ב:כ״ג", 
            "indexTitle": "Tosafot on Pesachim", 
            "sectionRef": "Tosafot on Pesachim 87b:23", 
            "prev": "Tosafot on Pesachim 87b:11", 
            "ref": "Tosafot on Pesachim 87b:23", 
            "heRef": "תוספות על פסחים פ״ז ב:כ״ג", 
            "next": "Tosafot on Pesachim 87b:66"
        }, 
        "Tosafot on Pesachim 87b:24": {
            "content": [], 
            "heTitle": "תוספות על פסחים פ״ז ב:כ״ד", 
            "indexTitle": "Tosafot on Pesachim", 
            "sectionRef": "Tosafot on Pesachim 87b:24", 
            "prev": "Tosafot on Pesachim 87b:11", 
            "ref": "Tosafot on Pesachim 87b:24", 
            "heRef": "תוספות על פסחים פ״ז ב:כ״ד", 
            "next": "Tosafot on Pesachim 87b:66"
        }, 
        "Tosafot on Pesachim 87b:25": {
            "content": [], 
            "heTitle": "תוספות על פסחים פ״ז ב:כ״ה", 
            "indexTitle": "Tosafot on Pesachim", 
            "sectionRef": "Tosafot on Pesachim 87b:25", 
            "prev": "Tosafot on Pesachim 87b:11", 
            "ref": "Tosafot on Pesachim 87b:25", 
            "heRef": "תוספות על פסחים פ״ז ב:כ״ה", 
            "next": "Tosafot on Pesachim 87b:66"
        }, 
        "Tosafot on Pesachim 87b:26": {
            "content": [], 
            "heTitle": "תוספות על פסחים פ״ז ב:כ״ו", 
            "indexTitle": "Tosafot on Pesachim", 
            "sectionRef": "Tosafot on Pesachim 87b:26", 
            "prev": "Tosafot on Pesachim 87b:11", 
            "ref": "Tosafot on Pesachim 87b:26", 
            "heRef": "תוספות על פסחים פ״ז ב:כ״ו", 
            "next": "Tosafot on Pesachim 87b:66"
        }, 
        "Tosafot on Pesachim 87b:27": {
            "content": [], 
            "heTitle": "תוספות על פסחים פ״ז ב:כ״ז", 
            "indexTitle": "Tosafot on Pesachim", 
            "sectionRef": "Tosafot on Pesachim 87b:27", 
            "prev": "Tosafot on Pesachim 87b:11", 
            "ref": "Tosafot on Pesachim 87b:27", 
            "heRef": "תוספות על פסחים פ״ז ב:כ״ז", 
            "next": "Tosafot on Pesachim 87b:66"
        }, 
        "Tosafot on Pesachim 87b:28": {
            "content": [], 
            "heTitle": "תוספות על פסחים פ״ז ב:כ״ח", 
            "indexTitle": "Tosafot on Pesachim", 
            "sectionRef": "Tosafot on Pesachim 87b:28", 
            "prev": "Tosafot on Pesachim 87b:11", 
            "ref": "Tosafot on Pesachim 87b:28", 
            "heRef": "תוספות על פסחים פ״ז ב:כ״ח", 
            "next": "Tosafot on Pesachim 87b:66"
        }, 
        "Tosafot on Pesachim 87b:29": {
            "content": [], 
            "heTitle": "תוספות על פסחים פ״ז ב:כ״ט", 
            "indexTitle": "Tosafot on Pesachim", 
            "sectionRef": "Tosafot on Pesachim 87b:29", 
            "prev": "Tosafot on Pesachim 87b:11", 
            "ref": "Tosafot on Pesachim 87b:29", 
            "heRef": "תוספות על פסחים פ״ז ב:כ״ט", 
            "next": "Tosafot on Pesachim 87b:66"
        }, 
        "Tosafot on Pesachim 87b:77": {
            "content": [], 
            "heTitle": "תוספות על פסחים פ״ז ב:ע״ז", 
            "indexTitle": "Tosafot on Pesachim", 
            "sectionRef": "Tosafot on Pesachim 87b:77", 
            "prev": "Tosafot on Pesachim 87b:66", 
            "ref": "Tosafot on Pesachim 87b:77", 
            "heRef": "תוספות על פסחים פ״ז ב:ע״ז", 
            "next": "Tosafot on Pesachim 88a:20"
        }, 
        "Tosafot on Pesachim 87b:32": {
            "content": [], 
            "heTitle": "תוספות על פסחים פ״ז ב:ל״ב", 
            "indexTitle": "Tosafot on Pesachim", 
            "sectionRef": "Tosafot on Pesachim 87b:32", 
            "prev": "Tosafot on Pesachim 87b:11", 
            "ref": "Tosafot on Pesachim 87b:32", 
            "heRef": "תוספות על פסחים פ״ז ב:ל״ב", 
            "next": "Tosafot on Pesachim 87b:66"
        }, 
        "Tosafot on Pesachim 87b:5": {
            "content": [], 
            "heTitle": "תוספות על פסחים פ״ז ב:ה׳", 
            "indexTitle": "Tosafot on Pesachim", 
            "sectionRef": "Tosafot on Pesachim 87b:5", 
            "prev": "Tosafot on Pesachim 87a:48", 
            "ref": "Tosafot on Pesachim 87b:5", 
            "heRef": "תוספות על פסחים פ״ז ב:ה׳", 
            "next": "Tosafot on Pesachim 87b:11"
        }, 
        "Tosafot on Pesachim 87b:4": {
            "content": [], 
            "heTitle": "תוספות על פסחים פ״ז ב:ד׳", 
            "indexTitle": "Tosafot on Pesachim", 
            "sectionRef": "Tosafot on Pesachim 87b:4", 
            "prev": "Tosafot on Pesachim 87a:48", 
            "ref": "Tosafot on Pesachim 87b:4", 
            "heRef": "תוספות על פסחים פ״ז ב:ד׳", 
            "next": "Tosafot on Pesachim 87b:11"
        }, 
        "Tosafot on Pesachim 87b:7": {
            "content": [], 
            "heTitle": "תוספות על פסחים פ״ז ב:ז׳", 
            "indexTitle": "Tosafot on Pesachim", 
            "sectionRef": "Tosafot on Pesachim 87b:7", 
            "prev": "Tosafot on Pesachim 87a:48", 
            "ref": "Tosafot on Pesachim 87b:7", 
            "heRef": "תוספות על פסחים פ״ז ב:ז׳", 
            "next": "Tosafot on Pesachim 87b:11"
        }, 
        "Tosafot on Pesachim 87b:6": {
            "content": [], 
            "heTitle": "תוספות על פסחים פ״ז ב:ו׳", 
            "indexTitle": "Tosafot on Pesachim", 
            "sectionRef": "Tosafot on Pesachim 87b:6", 
            "prev": "Tosafot on Pesachim 87a:48", 
            "ref": "Tosafot on Pesachim 87b:6", 
            "heRef": "תוספות על פסחים פ״ז ב:ו׳", 
            "next": "Tosafot on Pesachim 87b:11"
        }, 
        "Tosafot on Pesachim 87b:1": {
            "content": [], 
            "heTitle": "תוספות על פסחים פ״ז ב:א׳", 
            "indexTitle": "Tosafot on Pesachim", 
            "sectionRef": "Tosafot on Pesachim 87b:1", 
            "prev": "Tosafot on Pesachim 87a:48", 
            "ref": "Tosafot on Pesachim 87b:1", 
            "heRef": "תוספות על פסחים פ״ז ב:א׳", 
            "next": "Tosafot on Pesachim 87b:11"
        }, 
        "Tosafot on Pesachim 87b:39": {
            "content": [], 
            "heTitle": "תוספות על פסחים פ״ז ב:ל״ט", 
            "indexTitle": "Tosafot on Pesachim", 
            "sectionRef": "Tosafot on Pesachim 87b:39", 
            "prev": "Tosafot on Pesachim 87b:11", 
            "ref": "Tosafot on Pesachim 87b:39", 
            "heRef": "תוספות על פסחים פ״ז ב:ל״ט", 
            "next": "Tosafot on Pesachim 87b:66"
        }, 
        "Tosafot on Pesachim 87b:3": {
            "content": [], 
            "heTitle": "תוספות על פסחים פ״ז ב:ג׳", 
            "indexTitle": "Tosafot on Pesachim", 
            "sectionRef": "Tosafot on Pesachim 87b:3", 
            "prev": "Tosafot on Pesachim 87a:48", 
            "ref": "Tosafot on Pesachim 87b:3", 
            "heRef": "תוספות על פסחים פ״ז ב:ג׳", 
            "next": "Tosafot on Pesachim 87b:11"
        }, 
        "Tosafot on Pesachim 87b:2": {
            "content": [], 
            "heTitle": "תוספות על פסחים פ״ז ב:ב׳", 
            "indexTitle": "Tosafot on Pesachim", 
            "sectionRef": "Tosafot on Pesachim 87b:2", 
            "prev": "Tosafot on Pesachim 87a:48", 
            "ref": "Tosafot on Pesachim 87b:2", 
            "heRef": "תוספות על פסחים פ״ז ב:ב׳", 
            "next": "Tosafot on Pesachim 87b:11"
        }, 
        "Tosafot on Pesachim 87b:73": {
            "content": [], 
            "heTitle": "תוספות על פסחים פ״ז ב:ע״ג", 
            "indexTitle": "Tosafot on Pesachim", 
            "sectionRef": "Tosafot on Pesachim 87b:73", 
            "prev": "Tosafot on Pesachim 87b:66", 
            "ref": "Tosafot on Pesachim 87b:73", 
            "heRef": "תוספות על פסחים פ״ז ב:ע״ג", 
            "next": "Tosafot on Pesachim 88a:20"
        }, 
        "Tosafot on Pesachim 87b:9": {
            "content": [], 
            "heTitle": "תוספות על פסחים פ״ז ב:ט׳", 
            "indexTitle": "Tosafot on Pesachim", 
            "sectionRef": "Tosafot on Pesachim 87b:9", 
            "prev": "Tosafot on Pesachim 87a:48", 
            "ref": "Tosafot on Pesachim 87b:9", 
            "heRef": "תוספות על פסחים פ״ז ב:ט׳", 
            "next": "Tosafot on Pesachim 87b:11"
        }, 
        "Tosafot on Pesachim 87b:8": {
            "content": [], 
            "heTitle": "תוספות על פסחים פ״ז ב:ח׳", 
            "indexTitle": "Tosafot on Pesachim", 
            "sectionRef": "Tosafot on Pesachim 87b:8", 
            "prev": "Tosafot on Pesachim 87a:48", 
            "ref": "Tosafot on Pesachim 87b:8", 
            "heRef": "תוספות על פסחים פ״ז ב:ח׳", 
            "next": "Tosafot on Pesachim 87b:11"
        }, 
        "Tosafot on Pesachim 87b:64": {
            "content": [], 
            "heTitle": "תוספות על פסחים פ״ז ב:ס״ד", 
            "indexTitle": "Tosafot on Pesachim", 
            "sectionRef": "Tosafot on Pesachim 87b:64", 
            "prev": "Tosafot on Pesachim 87b:11", 
            "ref": "Tosafot on Pesachim 87b:64", 
            "heRef": "תוספות על פסחים פ״ז ב:ס״ד", 
            "next": "Tosafot on Pesachim 87b:66"
        }, 
        "Tosafot on Pesachim 87b:52": {
            "content": [], 
            "heTitle": "תוספות על פסחים פ״ז ב:נ״ב", 
            "indexTitle": "Tosafot on Pesachim", 
            "sectionRef": "Tosafot on Pesachim 87b:52", 
            "prev": "Tosafot on Pesachim 87b:11", 
            "ref": "Tosafot on Pesachim 87b:52", 
            "heRef": "תוספות על פסחים פ״ז ב:נ״ב", 
            "next": "Tosafot on Pesachim 87b:66"
        }, 
        "Tosafot on Pesachim 87b:82": {
            "content": [], 
            "heTitle": "תוספות על פסחים פ״ז ב:פ״ב", 
            "indexTitle": "Tosafot on Pesachim", 
            "sectionRef": "Tosafot on Pesachim 87b:82", 
            "prev": "Tosafot on Pesachim 87b:66", 
            "ref": "Tosafot on Pesachim 87b:82", 
            "heRef": "תוספות על פסחים פ״ז ב:פ״ב", 
            "next": "Tosafot on Pesachim 88a:20"
        }, 
        "Tosafot on Pesachim 87b:80": {
            "content": [], 
            "heTitle": "תוספות על פסחים פ״ז ב:פ׳", 
            "indexTitle": "Tosafot on Pesachim", 
            "sectionRef": "Tosafot on Pesachim 87b:80", 
            "prev": "Tosafot on Pesachim 87b:66", 
            "ref": "Tosafot on Pesachim 87b:80", 
            "heRef": "תוספות על פסחים פ״ז ב:פ׳", 
            "next": "Tosafot on Pesachim 88a:20"
        }, 
        "Tosafot on Pesachim 87b:72": {
            "content": [], 
            "heTitle": "תוספות על פסחים פ״ז ב:ע״ב", 
            "indexTitle": "Tosafot on Pesachim", 
            "sectionRef": "Tosafot on Pesachim 87b:72", 
            "prev": "Tosafot on Pesachim 87b:66", 
            "ref": "Tosafot on Pesachim 87b:72", 
            "heRef": "תוספות על פסחים פ״ז ב:ע״ב", 
            "next": "Tosafot on Pesachim 88a:20"
        }, 
        "Tosafot on Pesachim 87b:60": {
            "content": [], 
            "heTitle": "תוספות על פסחים פ״ז ב:ס׳", 
            "indexTitle": "Tosafot on Pesachim", 
            "sectionRef": "Tosafot on Pesachim 87b:60", 
            "prev": "Tosafot on Pesachim 87b:11", 
            "ref": "Tosafot on Pesachim 87b:60", 
            "heRef": "תוספות על פסחים פ״ז ב:ס׳", 
            "next": "Tosafot on Pesachim 87b:66"
        }, 
        "Tosafot on Pesachim 87b:71": {
            "content": [], 
            "heTitle": "תוספות על פסחים פ״ז ב:ע״א", 
            "indexTitle": "Tosafot on Pesachim", 
            "sectionRef": "Tosafot on Pesachim 87b:71", 
            "prev": "Tosafot on Pesachim 87b:66", 
            "ref": "Tosafot on Pesachim 87b:71", 
            "heRef": "תוספות על פסחים פ״ז ב:ע״א", 
            "next": "Tosafot on Pesachim 88a:20"
        }, 
        "Tosafot on Pesachim 87b:61": {
            "content": [], 
            "heTitle": "תוספות על פסחים פ״ז ב:ס״א", 
            "indexTitle": "Tosafot on Pesachim", 
            "sectionRef": "Tosafot on Pesachim 87b:61", 
            "prev": "Tosafot on Pesachim 87b:11", 
            "ref": "Tosafot on Pesachim 87b:61", 
            "heRef": "תוספות על פסחים פ״ז ב:ס״א", 
            "next": "Tosafot on Pesachim 87b:66"
        }, 
        "Tosafot on Pesachim 87b:51": {
            "content": [], 
            "heTitle": "תוספות על פסחים פ״ז ב:נ״א", 
            "indexTitle": "Tosafot on Pesachim", 
            "sectionRef": "Tosafot on Pesachim 87b:51", 
            "prev": "Tosafot on Pesachim 87b:11", 
            "ref": "Tosafot on Pesachim 87b:51", 
            "heRef": "תוספות על פסחים פ״ז ב:נ״א", 
            "next": "Tosafot on Pesachim 87b:66"
        }, 
        "Tosafot on Pesachim 87b:50": {
            "content": [], 
            "heTitle": "תוספות על פסחים פ״ז ב:נ׳", 
            "indexTitle": "Tosafot on Pesachim", 
            "sectionRef": "Tosafot on Pesachim 87b:50", 
            "prev": "Tosafot on Pesachim 87b:11", 
            "ref": "Tosafot on Pesachim 87b:50", 
            "heRef": "תוספות על פסחים פ״ז ב:נ׳", 
            "next": "Tosafot on Pesachim 87b:66"
        }, 
        "Tosafot on Pesachim 87b:53": {
            "content": [], 
            "heTitle": "תוספות על פסחים פ״ז ב:נ״ג", 
            "indexTitle": "Tosafot on Pesachim", 
            "sectionRef": "Tosafot on Pesachim 87b:53", 
            "prev": "Tosafot on Pesachim 87b:11", 
            "ref": "Tosafot on Pesachim 87b:53", 
            "heRef": "תוספות על פסחים פ״ז ב:נ״ג", 
            "next": "Tosafot on Pesachim 87b:66"
        }, 
        "Tosafot on Pesachim 87b:38": {
            "content": [], 
            "heTitle": "תוספות על פסחים פ״ז ב:ל״ח", 
            "indexTitle": "Tosafot on Pesachim", 
            "sectionRef": "Tosafot on Pesachim 87b:38", 
            "prev": "Tosafot on Pesachim 87b:11", 
            "ref": "Tosafot on Pesachim 87b:38", 
            "heRef": "תוספות על פסחים פ״ז ב:ל״ח", 
            "next": "Tosafot on Pesachim 87b:66"
        }, 
        "Tosafot on Pesachim 87b:55": {
            "content": [], 
            "heTitle": "תוספות על פסחים פ״ז ב:נ״ה", 
            "indexTitle": "Tosafot on Pesachim", 
            "sectionRef": "Tosafot on Pesachim 87b:55", 
            "prev": "Tosafot on Pesachim 87b:11", 
            "ref": "Tosafot on Pesachim 87b:55", 
            "heRef": "תוספות על פסחים פ״ז ב:נ״ה", 
            "next": "Tosafot on Pesachim 87b:66"
        }, 
        "Tosafot on Pesachim 87b:54": {
            "content": [], 
            "heTitle": "תוספות על פסחים פ״ז ב:נ״ד", 
            "indexTitle": "Tosafot on Pesachim", 
            "sectionRef": "Tosafot on Pesachim 87b:54", 
            "prev": "Tosafot on Pesachim 87b:11", 
            "ref": "Tosafot on Pesachim 87b:54", 
            "heRef": "תוספות על פסחים פ״ז ב:נ״ד", 
            "next": "Tosafot on Pesachim 87b:66"
        }, 
        "Tosafot on Pesachim 87b:57": {
            "content": [], 
            "heTitle": "תוספות על פסחים פ״ז ב:נ״ז", 
            "indexTitle": "Tosafot on Pesachim", 
            "sectionRef": "Tosafot on Pesachim 87b:57", 
            "prev": "Tosafot on Pesachim 87b:11", 
            "ref": "Tosafot on Pesachim 87b:57", 
            "heRef": "תוספות על פסחים פ״ז ב:נ״ז", 
            "next": "Tosafot on Pesachim 87b:66"
        }, 
        "Tosafot on Pesachim 87b:56": {
            "content": [], 
            "heTitle": "תוספות על פסחים פ״ז ב:נ״ו", 
            "indexTitle": "Tosafot on Pesachim", 
            "sectionRef": "Tosafot on Pesachim 87b:56", 
            "prev": "Tosafot on Pesachim 87b:11", 
            "ref": "Tosafot on Pesachim 87b:56", 
            "heRef": "תוספות על פסחים פ״ז ב:נ״ו", 
            "next": "Tosafot on Pesachim 87b:66"
        }, 
        "Tosafot on Pesachim 87b:59": {
            "content": [], 
            "heTitle": "תוספות על פסחים פ״ז ב:נ״ט", 
            "indexTitle": "Tosafot on Pesachim", 
            "sectionRef": "Tosafot on Pesachim 87b:59", 
            "prev": "Tosafot on Pesachim 87b:11", 
            "ref": "Tosafot on Pesachim 87b:59", 
            "heRef": "תוספות על פסחים פ״ז ב:נ״ט", 
            "next": "Tosafot on Pesachim 87b:66"
        }, 
        "Tosafot on Pesachim 87b:58": {
            "content": [], 
            "heTitle": "תוספות על פסחים פ״ז ב:נ״ח", 
            "indexTitle": "Tosafot on Pesachim", 
            "sectionRef": "Tosafot on Pesachim 87b:58", 
            "prev": "Tosafot on Pesachim 87b:11", 
            "ref": "Tosafot on Pesachim 87b:58", 
            "heRef": "תוספות על פסחים פ״ז ב:נ״ח", 
            "next": "Tosafot on Pesachim 87b:66"
        }, 
        "Tosafot on Pesachim 87b:74": {
            "content": [], 
            "heTitle": "תוספות על פסחים פ״ז ב:ע״ד", 
            "indexTitle": "Tosafot on Pesachim", 
            "sectionRef": "Tosafot on Pesachim 87b:74", 
            "prev": "Tosafot on Pesachim 87b:66", 
            "ref": "Tosafot on Pesachim 87b:74", 
            "heRef": "תוספות על פסחים פ״ז ב:ע״ד", 
            "next": "Tosafot on Pesachim 88a:20"
        }, 
        "Tosafot on Pesachim 87b:63": {
            "content": [], 
            "heTitle": "תוספות על פסחים פ״ז ב:ס״ג", 
            "indexTitle": "Tosafot on Pesachim", 
            "sectionRef": "Tosafot on Pesachim 87b:63", 
            "prev": "Tosafot on Pesachim 87b:11", 
            "ref": "Tosafot on Pesachim 87b:63", 
            "heRef": "תוספות על פסחים פ״ז ב:ס״ג", 
            "next": "Tosafot on Pesachim 87b:66"
        }, 
        "Tosafot on Pesachim 87b:76": {
            "content": [], 
            "heTitle": "תוספות על פסחים פ״ז ב:ע״ו", 
            "indexTitle": "Tosafot on Pesachim", 
            "sectionRef": "Tosafot on Pesachim 87b:76", 
            "prev": "Tosafot on Pesachim 87b:66", 
            "ref": "Tosafot on Pesachim 87b:76", 
            "heRef": "תוספות על פסחים פ״ז ב:ע״ו", 
            "next": "Tosafot on Pesachim 88a:20"
        }, 
        "Tosafot on Pesachim 87b:37": {
            "content": [], 
            "heTitle": "תוספות על פסחים פ״ז ב:ל״ז", 
            "indexTitle": "Tosafot on Pesachim", 
            "sectionRef": "Tosafot on Pesachim 87b:37", 
            "prev": "Tosafot on Pesachim 87b:11", 
            "ref": "Tosafot on Pesachim 87b:37", 
            "heRef": "תוספות על פסחים פ״ז ב:ל״ז", 
            "next": "Tosafot on Pesachim 87b:66"
        }, 
        "Tosafot on Pesachim 87b:36": {
            "content": [], 
            "heTitle": "תוספות על פסחים פ״ז ב:ל״ו", 
            "indexTitle": "Tosafot on Pesachim", 
            "sectionRef": "Tosafot on Pesachim 87b:36", 
            "prev": "Tosafot on Pesachim 87b:11", 
            "ref": "Tosafot on Pesachim 87b:36", 
            "heRef": "תוספות על פסחים פ״ז ב:ל״ו", 
            "next": "Tosafot on Pesachim 87b:66"
        }, 
        "Tosafot on Pesachim 87b:35": {
            "content": [], 
            "heTitle": "תוספות על פסחים פ״ז ב:ל״ה", 
            "indexTitle": "Tosafot on Pesachim", 
            "sectionRef": "Tosafot on Pesachim 87b:35", 
            "prev": "Tosafot on Pesachim 87b:11", 
            "ref": "Tosafot on Pesachim 87b:35", 
            "heRef": "תוספות על פסחים פ״ז ב:ל״ה", 
            "next": "Tosafot on Pesachim 87b:66"
        }, 
        "Tosafot on Pesachim 87b:34": {
            "content": [], 
            "heTitle": "תוספות על פסחים פ״ז ב:ל״ד", 
            "indexTitle": "Tosafot on Pesachim", 
            "sectionRef": "Tosafot on Pesachim 87b:34", 
            "prev": "Tosafot on Pesachim 87b:11", 
            "ref": "Tosafot on Pesachim 87b:34", 
            "heRef": "תוספות על פסחים פ״ז ב:ל״ד", 
            "next": "Tosafot on Pesachim 87b:66"
        }, 
        "Tosafot on Pesachim 87b:19": {
            "content": [], 
            "heTitle": "תוספות על פסחים פ״ז ב:י״ט", 
            "indexTitle": "Tosafot on Pesachim", 
            "sectionRef": "Tosafot on Pesachim 87b:19", 
            "prev": "Tosafot on Pesachim 87b:11", 
            "ref": "Tosafot on Pesachim 87b:19", 
            "heRef": "תוספות על פסחים פ״ז ב:י״ט", 
            "next": "Tosafot on Pesachim 87b:66"
        }, 
        "Tosafot on Pesachim 87b:18": {
            "content": [], 
            "heTitle": "תוספות על פסחים פ״ז ב:י״ח", 
            "indexTitle": "Tosafot on Pesachim", 
            "sectionRef": "Tosafot on Pesachim 87b:18", 
            "prev": "Tosafot on Pesachim 87b:11", 
            "ref": "Tosafot on Pesachim 87b:18", 
            "heRef": "תוספות על פסחים פ״ז ב:י״ח", 
            "next": "Tosafot on Pesachim 87b:66"
        }, 
        "Tosafot on Pesachim 87b:31": {
            "content": [], 
            "heTitle": "תוספות על פסחים פ״ז ב:ל״א", 
            "indexTitle": "Tosafot on Pesachim", 
            "sectionRef": "Tosafot on Pesachim 87b:31", 
            "prev": "Tosafot on Pesachim 87b:11", 
            "ref": "Tosafot on Pesachim 87b:31", 
            "heRef": "תוספות על פסחים פ״ז ב:ל״א", 
            "next": "Tosafot on Pesachim 87b:66"
        }, 
        "Tosafot on Pesachim 87b:30": {
            "content": [], 
            "heTitle": "תוספות על פסחים פ״ז ב:ל׳", 
            "indexTitle": "Tosafot on Pesachim", 
            "sectionRef": "Tosafot on Pesachim 87b:30", 
            "prev": "Tosafot on Pesachim 87b:11", 
            "ref": "Tosafot on Pesachim 87b:30", 
            "heRef": "תוספות על פסחים פ״ז ב:ל׳", 
            "next": "Tosafot on Pesachim 87b:66"
        }, 
        "Tosafot on Pesachim 87b:15": {
            "content": [], 
            "heTitle": "תוספות על פסחים פ״ז ב:ט״ו", 
            "indexTitle": "Tosafot on Pesachim", 
            "sectionRef": "Tosafot on Pesachim 87b:15", 
            "prev": "Tosafot on Pesachim 87b:11", 
            "ref": "Tosafot on Pesachim 87b:15", 
            "heRef": "תוספות על פסחים פ״ז ב:ט״ו", 
            "next": "Tosafot on Pesachim 87b:66"
        }, 
        "Tosafot on Pesachim 87b:14": {
            "content": [], 
            "heTitle": "תוספות על פסחים פ״ז ב:י״ד", 
            "indexTitle": "Tosafot on Pesachim", 
            "sectionRef": "Tosafot on Pesachim 87b:14", 
            "prev": "Tosafot on Pesachim 87b:11", 
            "ref": "Tosafot on Pesachim 87b:14", 
            "heRef": "תוספות על פסחים פ״ז ב:י״ד", 
            "next": "Tosafot on Pesachim 87b:66"
        }, 
        "Tosafot on Pesachim 87b:17": {
            "content": [], 
            "heTitle": "תוספות על פסחים פ״ז ב:י״ז", 
            "indexTitle": "Tosafot on Pesachim", 
            "sectionRef": "Tosafot on Pesachim 87b:17", 
            "prev": "Tosafot on Pesachim 87b:11", 
            "ref": "Tosafot on Pesachim 87b:17", 
            "heRef": "תוספות על פסחים פ״ז ב:י״ז", 
            "next": "Tosafot on Pesachim 87b:66"
        }, 
        "Tosafot on Pesachim 87b:16": {
            "content": [], 
            "heTitle": "תוספות על פסחים פ״ז ב:ט״ז", 
            "indexTitle": "Tosafot on Pesachim", 
            "sectionRef": "Tosafot on Pesachim 87b:16", 
            "prev": "Tosafot on Pesachim 87b:11", 
            "ref": "Tosafot on Pesachim 87b:16", 
            "heRef": "תוספות על פסחים פ״ז ב:ט״ז", 
            "next": "Tosafot on Pesachim 87b:66"
        }, 
        "Tosafot on Pesachim 87b:11": {
            "content": [
                {
                    "segmentNumber": "1", 
                    "links": [
                        {
                            "category": "Talmud", 
                            "index_title": "Pesachim", 
                            "sourceHeRef": "פסחים פ״ז ב:י״א", 
                            "sourceRef": "Pesachim 87b:11"
                        }
                    ], 
                    "he": "יזרעאל - על שם העתיד שיזרעו בגולה:"
                }
            ], 
            "heTitle": "תוספות על פסחים פ״ז ב:י״א", 
            "indexTitle": "Tosafot on Pesachim", 
            "sectionRef": "Tosafot on Pesachim 87b:11", 
            "prev": "Tosafot on Pesachim 87a:48", 
            "ref": "Tosafot on Pesachim 87b:11", 
            "heRef": "תוספות על פסחים פ״ז ב:י״א", 
            "next": "Tosafot on Pesachim 87b:66"
        }, 
        "Tosafot on Pesachim 87b:10": {
            "content": [], 
            "heTitle": "תוספות על פסחים פ״ז ב:י׳", 
            "indexTitle": "Tosafot on Pesachim", 
            "sectionRef": "Tosafot on Pesachim 87b:10", 
            "prev": "Tosafot on Pesachim 87a:48", 
            "ref": "Tosafot on Pesachim 87b:10", 
            "heRef": "תוספות על פסחים פ״ז ב:י׳", 
            "next": "Tosafot on Pesachim 87b:11"
        }, 
        "Tosafot on Pesachim 87b:13": {
            "content": [], 
            "heTitle": "תוספות על פסחים פ״ז ב:י״ג", 
            "indexTitle": "Tosafot on Pesachim", 
            "sectionRef": "Tosafot on Pesachim 87b:13", 
            "prev": "Tosafot on Pesachim 87b:11", 
            "ref": "Tosafot on Pesachim 87b:13", 
            "heRef": "תוספות על פסחים פ״ז ב:י״ג", 
            "next": "Tosafot on Pesachim 87b:66"
        }, 
        "Tosafot on Pesachim 87b:12": {
            "content": [], 
            "heTitle": "תוספות על פסחים פ״ז ב:י״ב", 
            "indexTitle": "Tosafot on Pesachim", 
            "sectionRef": "Tosafot on Pesachim 87b:12", 
            "prev": "Tosafot on Pesachim 87b:11", 
            "ref": "Tosafot on Pesachim 87b:12", 
            "heRef": "תוספות על פסחים פ״ז ב:י״ב", 
            "next": "Tosafot on Pesachim 87b:66"
        }
    }, 
    "ref": "Tosafot on Pesachim 87b"
}