{
    "heTitleVariants": [
        "תוספות על פסחים"
    ], 
    "heTitle": "תוספות על פסחים קי״ב א", 
    "content": [
        {
            "segmentNumber": "1", 
            "he": [], 
            "links": [], 
            "text": ""
        }, 
        {
            "segmentNumber": "2", 
            "he": [], 
            "links": [], 
            "text": ""
        }, 
        {
            "segmentNumber": "3", 
            "he": [], 
            "links": [
                {
                    "category": "Talmud", 
                    "sourceHeRef": "פסחים קי״ב א:ג׳", 
                    "sourceRef": "Pesachim 112a:3", 
                    "ref": "Pesachim 112a:3"
                }
            ], 
            "text": ""
        }, 
        {
            "segmentNumber": "4", 
            "he": [], 
            "links": [], 
            "text": ""
        }, 
        {
            "segmentNumber": "5", 
            "he": [], 
            "links": [], 
            "text": ""
        }, 
        {
            "segmentNumber": "6", 
            "he": [], 
            "links": [], 
            "text": ""
        }, 
        {
            "segmentNumber": "7", 
            "he": [], 
            "links": [], 
            "text": ""
        }, 
        {
            "segmentNumber": "8", 
            "he": [], 
            "links": [], 
            "text": ""
        }, 
        {
            "segmentNumber": "9", 
            "he": [], 
            "links": [], 
            "text": ""
        }, 
        {
            "segmentNumber": "10", 
            "he": [], 
            "links": [], 
            "text": ""
        }, 
        {
            "segmentNumber": "11", 
            "he": [], 
            "links": [], 
            "text": ""
        }, 
        {
            "segmentNumber": "12", 
            "he": [], 
            "links": [], 
            "text": ""
        }, 
        {
            "segmentNumber": "13", 
            "he": [], 
            "links": [
                {
                    "category": "Talmud", 
                    "sourceHeRef": "ביצה ל״ו ב", 
                    "sourceRef": "Beitzah 36b", 
                    "ref": "Beitzah 36b"
                }, 
                {
                    "category": "Talmud", 
                    "sourceHeRef": "שבת מ״ה א", 
                    "sourceRef": "Shabbat 45a", 
                    "ref": "Shabbat 45a"
                }
            ], 
            "text": ""
        }, 
        {
            "segmentNumber": "14", 
            "he": [], 
            "links": [], 
            "text": ""
        }, 
        {
            "segmentNumber": "15", 
            "he": [], 
            "links": [], 
            "text": ""
        }, 
        {
            "segmentNumber": "16", 
            "he": [], 
            "links": [], 
            "text": ""
        }, 
        {
            "segmentNumber": "17", 
            "he": [], 
            "links": [], 
            "text": ""
        }, 
        {
            "segmentNumber": "18", 
            "he": [], 
            "links": [], 
            "text": ""
        }, 
        {
            "segmentNumber": "19", 
            "he": [], 
            "links": [], 
            "text": ""
        }, 
        {
            "segmentNumber": "20", 
            "he": [], 
            "links": [], 
            "text": ""
        }, 
        {
            "segmentNumber": "21", 
            "he": [], 
            "links": [], 
            "text": ""
        }, 
        {
            "segmentNumber": "22", 
            "he": [], 
            "links": [], 
            "text": ""
        }, 
        {
            "segmentNumber": "23", 
            "he": [], 
            "links": [], 
            "text": ""
        }, 
        {
            "segmentNumber": "24", 
            "he": [], 
            "links": [], 
            "text": ""
        }, 
        {
            "segmentNumber": "25", 
            "he": [], 
            "links": [], 
            "text": ""
        }, 
        {
            "segmentNumber": "26", 
            "he": [], 
            "links": [], 
            "text": ""
        }, 
        {
            "segmentNumber": "27", 
            "he": [], 
            "links": [], 
            "text": ""
        }, 
        {
            "segmentNumber": "28", 
            "he": [], 
            "links": [], 
            "text": ""
        }, 
        {
            "segmentNumber": "29", 
            "he": [], 
            "links": [], 
            "text": ""
        }, 
        {
            "segmentNumber": "30", 
            "he": [], 
            "links": [], 
            "text": ""
        }, 
        {
            "segmentNumber": "31", 
            "he": [], 
            "links": [], 
            "text": ""
        }, 
        {
            "segmentNumber": "32", 
            "he": [], 
            "links": [], 
            "text": ""
        }, 
        {
            "segmentNumber": "33", 
            "he": [], 
            "links": [], 
            "text": ""
        }, 
        {
            "segmentNumber": "34", 
            "he": [], 
            "links": [], 
            "text": ""
        }, 
        {
            "segmentNumber": "35", 
            "he": [], 
            "links": [], 
            "text": ""
        }, 
        {
            "segmentNumber": "36", 
            "he": [], 
            "links": [], 
            "text": ""
        }, 
        {
            "segmentNumber": "37", 
            "he": [
                "צוה רבי עקיבא את רבי יהושע בנו - פירש רשב\"ם דהוא ר' יהושע בן קרחה דר\"ע קרח היה כדאמרינן [בבכורות] (דף נח.) שהיה בן עזאי אומר כל חכמי ישראל דומין לפני כקליפת השום חוץ מן הקרח הזה ואין נראה שיהיה הגמרא קורא אותו בן קרחה דרך גנאי שהרי נענשו הנערים שקראו לאלישע עלה קרח (מלכים ב ב) ובן עזאי קראו כן דרך בדיחותא:"
            ], 
            "links": [
                {
                    "category": "Talmud", 
                    "sourceHeRef": "פסחים קי״ב א:ל״ז", 
                    "sourceRef": "Pesachim 112a:37", 
                    "ref": "Pesachim 112a:37"
                }
            ], 
            "text": ""
        }, 
        {
            "segmentNumber": "38", 
            "he": [], 
            "links": [], 
            "text": ""
        }, 
        {
            "segmentNumber": "39", 
            "he": [], 
            "links": [], 
            "text": ""
        }, 
        {
            "segmentNumber": "40", 
            "he": [], 
            "links": [], 
            "text": ""
        }, 
        {
            "segmentNumber": "41", 
            "he": [], 
            "links": [], 
            "text": ""
        }, 
        {
            "segmentNumber": "42", 
            "he": [], 
            "links": [], 
            "text": ""
        }, 
        {
            "segmentNumber": "43", 
            "he": [], 
            "links": [], 
            "text": ""
        }, 
        {
            "segmentNumber": "44", 
            "he": [], 
            "links": [], 
            "text": ""
        }, 
        {
            "segmentNumber": "45", 
            "he": [], 
            "links": [], 
            "text": ""
        }, 
        {
            "segmentNumber": "46", 
            "he": [], 
            "links": [], 
            "text": ""
        }, 
        {
            "segmentNumber": "47", 
            "he": [], 
            "links": [], 
            "text": ""
        }, 
        {
            "segmentNumber": "48", 
            "he": [], 
            "links": [], 
            "text": ""
        }, 
        {
            "segmentNumber": "49", 
            "he": [], 
            "links": [], 
            "text": ""
        }, 
        {
            "segmentNumber": "50", 
            "he": [], 
            "links": [], 
            "text": ""
        }, 
        {
            "segmentNumber": "51", 
            "he": [], 
            "links": [], 
            "text": ""
        }, 
        {
            "segmentNumber": "52", 
            "he": [], 
            "links": [], 
            "text": ""
        }, 
        {
            "segmentNumber": "53", 
            "he": [], 
            "links": [], 
            "text": ""
        }, 
        {
            "segmentNumber": "54", 
            "he": [], 
            "links": [], 
            "text": ""
        }, 
        {
            "segmentNumber": "55", 
            "he": [], 
            "links": [], 
            "text": ""
        }, 
        {
            "segmentNumber": "56", 
            "he": [], 
            "links": [], 
            "text": ""
        }, 
        {
            "segmentNumber": "57", 
            "he": [], 
            "links": [], 
            "text": ""
        }, 
        {
            "segmentNumber": "58", 
            "he": [], 
            "links": [], 
            "text": ""
        }, 
        {
            "segmentNumber": "59", 
            "he": [], 
            "links": [], 
            "text": ""
        }, 
        {
            "segmentNumber": "60", 
            "he": [], 
            "links": [], 
            "text": ""
        }, 
        {
            "segmentNumber": "61", 
            "he": [], 
            "links": [], 
            "text": ""
        }, 
        {
            "segmentNumber": "62", 
            "he": [], 
            "links": [], 
            "text": ""
        }, 
        {
            "segmentNumber": "63", 
            "he": [
                "שבשתא דעל על - תימה דרבא גופא אית ליה בלא יחפור (ב\"ב דף כא.) שבשתא ממילא נפקא ויש לומר דהיינו כשלומד קמי דגריס ולא דייק שיכול להבין מעצמו כשיגדל אבל כאן דאיירי בספר שאינו מוגה סומך על ספרו ואינו יוצא מידי טעותו:"
            ], 
            "links": [
                {
                    "category": "Talmud", 
                    "sourceHeRef": "פסחים קי״ב א:ס״ג", 
                    "sourceRef": "Pesachim 112a:63", 
                    "ref": "Pesachim 112a:63"
                }, 
                {
                    "category": "Talmud", 
                    "sourceHeRef": "בבא בתרא כ״א א", 
                    "sourceRef": "Bava Batra 21a", 
                    "ref": "Bava Batra 21a"
                }
            ], 
            "text": ""
        }, 
        {
            "segmentNumber": "64", 
            "he": [], 
            "links": [], 
            "text": ""
        }, 
        {
            "segmentNumber": "65", 
            "he": [], 
            "links": [], 
            "text": ""
        }, 
        {
            "segmentNumber": "66", 
            "he": [], 
            "links": [], 
            "text": ""
        }, 
        {
            "segmentNumber": "67", 
            "he": [], 
            "links": [], 
            "text": ""
        }, 
        {
            "segmentNumber": "68", 
            "he": [], 
            "links": [], 
            "text": ""
        }, 
        {
            "segmentNumber": "69", 
            "he": [], 
            "links": [], 
            "text": ""
        }
    ], 
    "commentaryBook": "Pesachim", 
    "heRef": "תוספות על פסחים קי״ב א", 
    "toSections": [
        "112a"
    ], 
    "sectionRef": "Tosafot on Pesachim 112a", 
    "title": "Tosafot on Pesachim 112a", 
    "lengths": [
        240, 
        11546
    ], 
    "next": "Tosafot on Pesachim 113a:6", 
    "heBook": "תוספות על פסחים", 
    "book": "Tosafot on Pesachim", 
    "prev": "Tosafot on Pesachim 111b:42", 
    "textDepth": 3, 
    "sectionNames": [
        "Daf", 
        "Line", 
        "Comment"
    ], 
    "sections": [
        "112a"
    ], 
    "commentator": "Tosafot", 
    "isComplex": false, 
    "commentaryCategories": [
        "Talmud", 
        "Bavli", 
        "Seder Moed"
    ], 
    "titleVariants": [
        "Tosafot on Talmud Pesachim", 
        "Tosafot on Pesahim", 
        "Tosafot on Tractate Pesachim", 
        "Tosafot on Pesachim", 
        "Tosafot on Masekhet Pesachim"
    ], 
    "categories": [
        "Commentary", 
        "Talmud", 
        "Tosafot"
    ], 
    "ref": "Tosafot on Pesachim 112a", 
    "type": "Commentary", 
    "addressTypes": [
        "Talmud", 
        "Integer", 
        "Integer"
    ], 
    "heCommentator": "תוספות", 
    "length": 240, 
    "indexTitle": "Tosafot on Pesachim", 
    "heIndexTitle": "תוספות על פסחים", 
    "alts": [], 
    "order": [
        4, 
        3
    ]
}