{
    "sections": {
        "Tosafot on Pesachim 26b:35": {
            "content": [], 
            "heTitle": "תוספות על פסחים כ״ו ב:ל״ה", 
            "indexTitle": "Tosafot on Pesachim", 
            "sectionRef": "Tosafot on Pesachim 26b:35", 
            "prev": "Tosafot on Pesachim 26b:27", 
            "ref": "Tosafot on Pesachim 26b:35", 
            "heRef": "תוספות על פסחים כ״ו ב:ל״ה", 
            "next": "Tosafot on Pesachim 27a:1"
        }, 
        "Tosafot on Pesachim 26b:12": {
            "content": [], 
            "heTitle": "תוספות על פסחים כ״ו ב:י״ב", 
            "indexTitle": "Tosafot on Pesachim", 
            "sectionRef": "Tosafot on Pesachim 26b:12", 
            "prev": "Tosafot on Pesachim 26b:10", 
            "ref": "Tosafot on Pesachim 26b:12", 
            "heRef": "תוספות על פסחים כ״ו ב:י״ב", 
            "next": "Tosafot on Pesachim 26b:21"
        }, 
        "Tosafot on Pesachim 26b:13": {
            "content": [], 
            "heTitle": "תוספות על פסחים כ״ו ב:י״ג", 
            "indexTitle": "Tosafot on Pesachim", 
            "sectionRef": "Tosafot on Pesachim 26b:13", 
            "prev": "Tosafot on Pesachim 26b:10", 
            "ref": "Tosafot on Pesachim 26b:13", 
            "heRef": "תוספות על פסחים כ״ו ב:י״ג", 
            "next": "Tosafot on Pesachim 26b:21"
        }, 
        "Tosafot on Pesachim 26b:10": {
            "content": [
                {
                    "segmentNumber": "1", 
                    "links": [
                        {
                            "category": "Talmud", 
                            "index_title": "Pesachim", 
                            "sourceHeRef": "פסחים כ״ו ב:י׳", 
                            "sourceRef": "Pesachim 26b:10"
                        }, 
                        {
                            "category": "Talmud", 
                            "index_title": "Eruvin", 
                            "sourceHeRef": "עירובין צ״ד א", 
                            "sourceRef": "Eruvin 94a"
                        }
                    ], 
                    "he": "מגוד - פירש ר\"ת כמו נגוד ליה גלימא (עירובין ד' צד.):"
                }
            ], 
            "heTitle": "תוספות על פסחים כ״ו ב:י׳", 
            "indexTitle": "Tosafot on Pesachim", 
            "sectionRef": "Tosafot on Pesachim 26b:10", 
            "prev": "Tosafot on Pesachim 26b:2", 
            "ref": "Tosafot on Pesachim 26b:10", 
            "heRef": "תוספות על פסחים כ״ו ב:י׳", 
            "next": "Tosafot on Pesachim 26b:21"
        }, 
        "Tosafot on Pesachim 26b:11": {
            "content": [], 
            "heTitle": "תוספות על פסחים כ״ו ב:י״א", 
            "indexTitle": "Tosafot on Pesachim", 
            "sectionRef": "Tosafot on Pesachim 26b:11", 
            "prev": "Tosafot on Pesachim 26b:10", 
            "ref": "Tosafot on Pesachim 26b:11", 
            "heRef": "תוספות על פסחים כ״ו ב:י״א", 
            "next": "Tosafot on Pesachim 26b:21"
        }, 
        "Tosafot on Pesachim 26b:16": {
            "content": [], 
            "heTitle": "תוספות על פסחים כ״ו ב:ט״ז", 
            "indexTitle": "Tosafot on Pesachim", 
            "sectionRef": "Tosafot on Pesachim 26b:16", 
            "prev": "Tosafot on Pesachim 26b:10", 
            "ref": "Tosafot on Pesachim 26b:16", 
            "heRef": "תוספות על פסחים כ״ו ב:ט״ז", 
            "next": "Tosafot on Pesachim 26b:21"
        }, 
        "Tosafot on Pesachim 26b:17": {
            "content": [], 
            "heTitle": "תוספות על פסחים כ״ו ב:י״ז", 
            "indexTitle": "Tosafot on Pesachim", 
            "sectionRef": "Tosafot on Pesachim 26b:17", 
            "prev": "Tosafot on Pesachim 26b:10", 
            "ref": "Tosafot on Pesachim 26b:17", 
            "heRef": "תוספות על פסחים כ״ו ב:י״ז", 
            "next": "Tosafot on Pesachim 26b:21"
        }, 
        "Tosafot on Pesachim 26b:14": {
            "content": [], 
            "heTitle": "תוספות על פסחים כ״ו ב:י״ד", 
            "indexTitle": "Tosafot on Pesachim", 
            "sectionRef": "Tosafot on Pesachim 26b:14", 
            "prev": "Tosafot on Pesachim 26b:10", 
            "ref": "Tosafot on Pesachim 26b:14", 
            "heRef": "תוספות על פסחים כ״ו ב:י״ד", 
            "next": "Tosafot on Pesachim 26b:21"
        }, 
        "Tosafot on Pesachim 26b:15": {
            "content": [], 
            "heTitle": "תוספות על פסחים כ״ו ב:ט״ו", 
            "indexTitle": "Tosafot on Pesachim", 
            "sectionRef": "Tosafot on Pesachim 26b:15", 
            "prev": "Tosafot on Pesachim 26b:10", 
            "ref": "Tosafot on Pesachim 26b:15", 
            "heRef": "תוספות על פסחים כ״ו ב:ט״ו", 
            "next": "Tosafot on Pesachim 26b:21"
        }, 
        "Tosafot on Pesachim 26b:18": {
            "content": [], 
            "heTitle": "תוספות על פסחים כ״ו ב:י״ח", 
            "indexTitle": "Tosafot on Pesachim", 
            "sectionRef": "Tosafot on Pesachim 26b:18", 
            "prev": "Tosafot on Pesachim 26b:10", 
            "ref": "Tosafot on Pesachim 26b:18", 
            "heRef": "תוספות על פסחים כ״ו ב:י״ח", 
            "next": "Tosafot on Pesachim 26b:21"
        }, 
        "Tosafot on Pesachim 26b:19": {
            "content": [], 
            "heTitle": "תוספות על פסחים כ״ו ב:י״ט", 
            "indexTitle": "Tosafot on Pesachim", 
            "sectionRef": "Tosafot on Pesachim 26b:19", 
            "prev": "Tosafot on Pesachim 26b:10", 
            "ref": "Tosafot on Pesachim 26b:19", 
            "heRef": "תוספות על פסחים כ״ו ב:י״ט", 
            "next": "Tosafot on Pesachim 26b:21"
        }, 
        "Tosafot on Pesachim 26b:1": {
            "content": [
                {
                    "segmentNumber": "1", 
                    "links": [
                        {
                            "category": "Talmud", 
                            "index_title": "Pesachim", 
                            "sourceHeRef": "פסחים כ״ו ב:א׳", 
                            "sourceRef": "Pesachim 26b:1"
                        }
                    ], 
                    "he": "הא לא דמיא אלא להא שכן עליה עוף - מייתי לה משום דרב פפא אמר מילתיה עלה לפי שהיא משנה:"
                }
            ], 
            "heTitle": "תוספות על פסחים כ״ו ב:א׳", 
            "indexTitle": "Tosafot on Pesachim", 
            "sectionRef": "Tosafot on Pesachim 26b:1", 
            "prev": "Tosafot on Pesachim 26a:46", 
            "ref": "Tosafot on Pesachim 26b:1", 
            "heRef": "תוספות על פסחים כ״ו ב:א׳", 
            "next": "Tosafot on Pesachim 26b:2"
        }, 
        "Tosafot on Pesachim 26b:2": {
            "content": [
                {
                    "segmentNumber": "1", 
                    "links": [
                        {
                            "category": "Talmud", 
                            "index_title": "Pesachim", 
                            "sourceHeRef": "פסחים כ״ו ב:ב׳", 
                            "sourceRef": "Pesachim 26b:2"
                        }, 
                        {
                            "category": "Talmud", 
                            "index_title": "Sotah", 
                            "sourceHeRef": "סוטה מ״ו א", 
                            "sourceRef": "Sotah 46a"
                        }
                    ], 
                    "he": "עלה עליה זכר פסולה - וא\"ת אמאי פסולה הא ודאי לא ניחא ליה להפסיד פרה שדמיה יקרים בשביל דבר מועט וי\"ל דאם נאמר כשירה הוה ניחא ליה ולכך אין להכשירה וא\"ת הכניסה לרבקה ודשה אמאי כשירה מ\"ש מעלה עליה זכר דפסולה וי\"ל דהתם לא ניחא ליה בדישתה שאין מרויח כלום בדישתה דבלאו הכי נידושה התבואה וה\"ר יהודה פירש דסתם פרה בחורה היא ומסתמא אין אדם רוצה להטריחה וא\"ת והא דתנן פרה מעוברת ר' אליעזר מכשיר וחכמים פוסלין והכא אמר עלה עליה זכר פסולה וי\"ל דהכא כחכמים דפוסלין דה\"נ ר' יהודה פליג ואמר דוקא העלה עליה זכר אבל עלה מעצמו כשירה אי נמי הא דאמר הכא פסולה היינו כשרואה בשעת עלייה וניחא ליה כדאמר גבי הכשר (בפ\"ק דחולין) (דף יג.) עודהו הטל עליהן ושמח הרי זה בכי יותן נגבו אינן בכי יותן דבעינן יותן דומיא דיתן אף על פי שאם היה יודע בעוד הטל עליהן היה שמח והא דאמרינן בפרק עגלה ערופה (סוטה מו.) עול פוסל בין בשעת עבודה ובין שלא בשעת עבודה שאר דברים אינן פוסלין אלא בשעת עבודה מה שהזכר משמש בה חשוב עבודה:"
                }
            ], 
            "heTitle": "תוספות על פסחים כ״ו ב:ב׳", 
            "indexTitle": "Tosafot on Pesachim", 
            "sectionRef": "Tosafot on Pesachim 26b:2", 
            "prev": "Tosafot on Pesachim 26b:1", 
            "ref": "Tosafot on Pesachim 26b:2", 
            "heRef": "תוספות על פסחים כ״ו ב:ב׳", 
            "next": "Tosafot on Pesachim 26b:10"
        }, 
        "Tosafot on Pesachim 26b:3": {
            "content": [], 
            "heTitle": "תוספות על פסחים כ״ו ב:ג׳", 
            "indexTitle": "Tosafot on Pesachim", 
            "sectionRef": "Tosafot on Pesachim 26b:3", 
            "prev": "Tosafot on Pesachim 26b:2", 
            "ref": "Tosafot on Pesachim 26b:3", 
            "heRef": "תוספות על פסחים כ״ו ב:ג׳", 
            "next": "Tosafot on Pesachim 26b:10"
        }, 
        "Tosafot on Pesachim 26b:4": {
            "content": [], 
            "heTitle": "תוספות על פסחים כ״ו ב:ד׳", 
            "indexTitle": "Tosafot on Pesachim", 
            "sectionRef": "Tosafot on Pesachim 26b:4", 
            "prev": "Tosafot on Pesachim 26b:2", 
            "ref": "Tosafot on Pesachim 26b:4", 
            "heRef": "תוספות על פסחים כ״ו ב:ד׳", 
            "next": "Tosafot on Pesachim 26b:10"
        }, 
        "Tosafot on Pesachim 26b:5": {
            "content": [], 
            "heTitle": "תוספות על פסחים כ״ו ב:ה׳", 
            "indexTitle": "Tosafot on Pesachim", 
            "sectionRef": "Tosafot on Pesachim 26b:5", 
            "prev": "Tosafot on Pesachim 26b:2", 
            "ref": "Tosafot on Pesachim 26b:5", 
            "heRef": "תוספות על פסחים כ״ו ב:ה׳", 
            "next": "Tosafot on Pesachim 26b:10"
        }, 
        "Tosafot on Pesachim 26b:6": {
            "content": [], 
            "heTitle": "תוספות על פסחים כ״ו ב:ו׳", 
            "indexTitle": "Tosafot on Pesachim", 
            "sectionRef": "Tosafot on Pesachim 26b:6", 
            "prev": "Tosafot on Pesachim 26b:2", 
            "ref": "Tosafot on Pesachim 26b:6", 
            "heRef": "תוספות על פסחים כ״ו ב:ו׳", 
            "next": "Tosafot on Pesachim 26b:10"
        }, 
        "Tosafot on Pesachim 26b:7": {
            "content": [], 
            "heTitle": "תוספות על פסחים כ״ו ב:ז׳", 
            "indexTitle": "Tosafot on Pesachim", 
            "sectionRef": "Tosafot on Pesachim 26b:7", 
            "prev": "Tosafot on Pesachim 26b:2", 
            "ref": "Tosafot on Pesachim 26b:7", 
            "heRef": "תוספות על פסחים כ״ו ב:ז׳", 
            "next": "Tosafot on Pesachim 26b:10"
        }, 
        "Tosafot on Pesachim 26b:8": {
            "content": [], 
            "heTitle": "תוספות על פסחים כ״ו ב:ח׳", 
            "indexTitle": "Tosafot on Pesachim", 
            "sectionRef": "Tosafot on Pesachim 26b:8", 
            "prev": "Tosafot on Pesachim 26b:2", 
            "ref": "Tosafot on Pesachim 26b:8", 
            "heRef": "תוספות על פסחים כ״ו ב:ח׳", 
            "next": "Tosafot on Pesachim 26b:10"
        }, 
        "Tosafot on Pesachim 26b:9": {
            "content": [], 
            "heTitle": "תוספות על פסחים כ״ו ב:ט׳", 
            "indexTitle": "Tosafot on Pesachim", 
            "sectionRef": "Tosafot on Pesachim 26b:9", 
            "prev": "Tosafot on Pesachim 26b:2", 
            "ref": "Tosafot on Pesachim 26b:9", 
            "heRef": "תוספות על פסחים כ״ו ב:ט׳", 
            "next": "Tosafot on Pesachim 26b:10"
        }, 
        "Tosafot on Pesachim 26b:36": {
            "content": [], 
            "heTitle": "תוספות על פסחים כ״ו ב:ל״ו", 
            "indexTitle": "Tosafot on Pesachim", 
            "sectionRef": "Tosafot on Pesachim 26b:36", 
            "prev": "Tosafot on Pesachim 26b:27", 
            "ref": "Tosafot on Pesachim 26b:36", 
            "heRef": "תוספות על פסחים כ״ו ב:ל״ו", 
            "next": "Tosafot on Pesachim 27a:1"
        }, 
        "Tosafot on Pesachim 26b:37": {
            "content": [], 
            "heTitle": "תוספות על פסחים כ״ו ב:ל״ז", 
            "indexTitle": "Tosafot on Pesachim", 
            "sectionRef": "Tosafot on Pesachim 26b:37", 
            "prev": "Tosafot on Pesachim 26b:27", 
            "ref": "Tosafot on Pesachim 26b:37", 
            "heRef": "תוספות על פסחים כ״ו ב:ל״ז", 
            "next": "Tosafot on Pesachim 27a:1"
        }, 
        "Tosafot on Pesachim 26b:30": {
            "content": [], 
            "heTitle": "תוספות על פסחים כ״ו ב:ל׳", 
            "indexTitle": "Tosafot on Pesachim", 
            "sectionRef": "Tosafot on Pesachim 26b:30", 
            "prev": "Tosafot on Pesachim 26b:27", 
            "ref": "Tosafot on Pesachim 26b:30", 
            "heRef": "תוספות על פסחים כ״ו ב:ל׳", 
            "next": "Tosafot on Pesachim 27a:1"
        }, 
        "Tosafot on Pesachim 26b:31": {
            "content": [], 
            "heTitle": "תוספות על פסחים כ״ו ב:ל״א", 
            "indexTitle": "Tosafot on Pesachim", 
            "sectionRef": "Tosafot on Pesachim 26b:31", 
            "prev": "Tosafot on Pesachim 26b:27", 
            "ref": "Tosafot on Pesachim 26b:31", 
            "heRef": "תוספות על פסחים כ״ו ב:ל״א", 
            "next": "Tosafot on Pesachim 27a:1"
        }, 
        "Tosafot on Pesachim 26b:32": {
            "content": [], 
            "heTitle": "תוספות על פסחים כ״ו ב:ל״ב", 
            "indexTitle": "Tosafot on Pesachim", 
            "sectionRef": "Tosafot on Pesachim 26b:32", 
            "prev": "Tosafot on Pesachim 26b:27", 
            "ref": "Tosafot on Pesachim 26b:32", 
            "heRef": "תוספות על פסחים כ״ו ב:ל״ב", 
            "next": "Tosafot on Pesachim 27a:1"
        }, 
        "Tosafot on Pesachim 26b:33": {
            "content": [], 
            "heTitle": "תוספות על פסחים כ״ו ב:ל״ג", 
            "indexTitle": "Tosafot on Pesachim", 
            "sectionRef": "Tosafot on Pesachim 26b:33", 
            "prev": "Tosafot on Pesachim 26b:27", 
            "ref": "Tosafot on Pesachim 26b:33", 
            "heRef": "תוספות על פסחים כ״ו ב:ל״ג", 
            "next": "Tosafot on Pesachim 27a:1"
        }, 
        "Tosafot on Pesachim 26b:29": {
            "content": [], 
            "heTitle": "תוספות על פסחים כ״ו ב:כ״ט", 
            "indexTitle": "Tosafot on Pesachim", 
            "sectionRef": "Tosafot on Pesachim 26b:29", 
            "prev": "Tosafot on Pesachim 26b:27", 
            "ref": "Tosafot on Pesachim 26b:29", 
            "heRef": "תוספות על פסחים כ״ו ב:כ״ט", 
            "next": "Tosafot on Pesachim 27a:1"
        }, 
        "Tosafot on Pesachim 26b:28": {
            "content": [], 
            "heTitle": "תוספות על פסחים כ״ו ב:כ״ח", 
            "indexTitle": "Tosafot on Pesachim", 
            "sectionRef": "Tosafot on Pesachim 26b:28", 
            "prev": "Tosafot on Pesachim 26b:27", 
            "ref": "Tosafot on Pesachim 26b:28", 
            "heRef": "תוספות על פסחים כ״ו ב:כ״ח", 
            "next": "Tosafot on Pesachim 27a:1"
        }, 
        "Tosafot on Pesachim 26b:34": {
            "content": [], 
            "heTitle": "תוספות על פסחים כ״ו ב:ל״ד", 
            "indexTitle": "Tosafot on Pesachim", 
            "sectionRef": "Tosafot on Pesachim 26b:34", 
            "prev": "Tosafot on Pesachim 26b:27", 
            "ref": "Tosafot on Pesachim 26b:34", 
            "heRef": "תוספות על פסחים כ״ו ב:ל״ד", 
            "next": "Tosafot on Pesachim 27a:1"
        }, 
        "Tosafot on Pesachim 26b:23": {
            "content": [], 
            "heTitle": "תוספות על פסחים כ״ו ב:כ״ג", 
            "indexTitle": "Tosafot on Pesachim", 
            "sectionRef": "Tosafot on Pesachim 26b:23", 
            "prev": "Tosafot on Pesachim 26b:21", 
            "ref": "Tosafot on Pesachim 26b:23", 
            "heRef": "תוספות על פסחים כ״ו ב:כ״ג", 
            "next": "Tosafot on Pesachim 26b:25"
        }, 
        "Tosafot on Pesachim 26b:22": {
            "content": [], 
            "heTitle": "תוספות על פסחים כ״ו ב:כ״ב", 
            "indexTitle": "Tosafot on Pesachim", 
            "sectionRef": "Tosafot on Pesachim 26b:22", 
            "prev": "Tosafot on Pesachim 26b:21", 
            "ref": "Tosafot on Pesachim 26b:22", 
            "heRef": "תוספות על פסחים כ״ו ב:כ״ב", 
            "next": "Tosafot on Pesachim 26b:25"
        }, 
        "Tosafot on Pesachim 26b:21": {
            "content": [
                {
                    "segmentNumber": "1", 
                    "links": [
                        {
                            "category": "Talmud", 
                            "index_title": "Pesachim", 
                            "sourceHeRef": "פסחים כ״ו ב:כ״א", 
                            "sourceRef": "Pesachim 26b:21"
                        }, 
                        {
                            "category": "Mishnah", 
                            "index_title": "Mishnah Terumot", 
                            "sourceHeRef": "משנה תרומות ב׳:ג׳", 
                            "sourceRef": "Mishnah Terumot 2:3"
                        }
                    ], 
                    "he": "חדש יותץ - קסבר יש שבח עצים בפת וה\"נ יש שבח עצים בתנור וזה וזה גורם אסור ויש שבח עצים בפת היינו העצים שהן גורמים אפיית הפת כשאבוקה כנגדו ורבנן סברי אין שבח עצים בפת אף על פי שהאבוקה כנגדו דשלהבת אינה באה מן העצים אלא מחמת משהו הנשרף וא\"כ היא כמו גחלת דאין האיסור בעין וכן פירש\"י הקשה ה\"ר אהרן לרבי הא דאמר (תרומות פ\"ב מ\"ג) המבשל בשבת בשוגג יאכל ואפילו בשבת ואמאי נימא יש שבח מוקצה בפת דגחלים מוקנין הן ואומר ר\"י דלא שייך אלא באיסורי הנאה דווקא וכן פי' הקונטרס בפרק בתרא דע\"ז (דף סו. ושם) גבי תנור שהסיקו בכמון של תרומה:"
                }
            ], 
            "heTitle": "תוספות על פסחים כ״ו ב:כ״א", 
            "indexTitle": "Tosafot on Pesachim", 
            "sectionRef": "Tosafot on Pesachim 26b:21", 
            "prev": "Tosafot on Pesachim 26b:10", 
            "ref": "Tosafot on Pesachim 26b:21", 
            "heRef": "תוספות על פסחים כ״ו ב:כ״א", 
            "next": "Tosafot on Pesachim 26b:25"
        }, 
        "Tosafot on Pesachim 26b:20": {
            "content": [], 
            "heTitle": "תוספות על פסחים כ״ו ב:כ׳", 
            "indexTitle": "Tosafot on Pesachim", 
            "sectionRef": "Tosafot on Pesachim 26b:20", 
            "prev": "Tosafot on Pesachim 26b:10", 
            "ref": "Tosafot on Pesachim 26b:20", 
            "heRef": "תוספות על פסחים כ״ו ב:כ׳", 
            "next": "Tosafot on Pesachim 26b:21"
        }, 
        "Tosafot on Pesachim 26b:27": {
            "content": [
                {
                    "segmentNumber": "1", 
                    "links": [
                        {
                            "category": "Talmud", 
                            "index_title": "Pesachim", 
                            "sourceHeRef": "פסחים כ״ו ב:כ״ז", 
                            "sourceRef": "Pesachim 26b:27"
                        }
                    ], 
                    "he": "בין חדש בין ישן יוצן - דזה וזה גורם מותר אף על גב דזה וזה גורם דוקא בדיעבד מותר כדמוכח בסוף פרק כל הצלמים (ע\"ז מח:) דאמר רבי יוסי אין נוטעין אגוז של ערלה ומודה ר' יוסי שאם נטע שהוא מותר וחשיב ליה זה וזה גורם דהכא הוי כדיעבד דאם נאמר חדש יותץ יפסיד התנור:"
                }, 
                {
                    "segmentNumber": "2", 
                    "links": [
                        {
                            "category": "Talmud", 
                            "index_title": "Pesachim", 
                            "sourceHeRef": "פסחים כ״ו ב:כ״ז", 
                            "sourceRef": "Pesachim 26b:27"
                        }
                    ], 
                    "he": "בין חדש ובין ישן יוצן - ואף על גב דזה וזה גורם מותר מ\"מ ישן כיון דסגי ליה בצינון ולא מפסיד מידי אלא איסור הנאה לחודה לכך צריך צינון:"
                }
            ], 
            "heTitle": "תוספות על פסחים כ״ו ב:כ״ז", 
            "indexTitle": "Tosafot on Pesachim", 
            "sectionRef": "Tosafot on Pesachim 26b:27", 
            "prev": "Tosafot on Pesachim 26b:25", 
            "ref": "Tosafot on Pesachim 26b:27", 
            "heRef": "תוספות על פסחים כ״ו ב:כ״ז", 
            "next": "Tosafot on Pesachim 27a:1"
        }, 
        "Tosafot on Pesachim 26b:26": {
            "content": [], 
            "heTitle": "תוספות על פסחים כ״ו ב:כ״ו", 
            "indexTitle": "Tosafot on Pesachim", 
            "sectionRef": "Tosafot on Pesachim 26b:26", 
            "prev": "Tosafot on Pesachim 26b:25", 
            "ref": "Tosafot on Pesachim 26b:26", 
            "heRef": "תוספות על פסחים כ״ו ב:כ״ו", 
            "next": "Tosafot on Pesachim 26b:27"
        }, 
        "Tosafot on Pesachim 26b:25": {
            "content": [
                {
                    "segmentNumber": "1", 
                    "links": [
                        {
                            "category": "Talmud", 
                            "index_title": "Pesachim", 
                            "sourceHeRef": "פסחים כ״ו ב:כ״ה", 
                            "sourceRef": "Pesachim 26b:25"
                        }
                    ], 
                    "he": "בישלה על גבי גחלים - בישלה דווקא בדיעבד אף על גב דכל הנשרפין אפרן מותר אפילו לכתחלה יש לחלק בין אפרן לגחלים:"
                }
            ], 
            "heTitle": "תוספות על פסחים כ״ו ב:כ״ה", 
            "indexTitle": "Tosafot on Pesachim", 
            "sectionRef": "Tosafot on Pesachim 26b:25", 
            "prev": "Tosafot on Pesachim 26b:21", 
            "ref": "Tosafot on Pesachim 26b:25", 
            "heRef": "תוספות על פסחים כ״ו ב:כ״ה", 
            "next": "Tosafot on Pesachim 26b:27"
        }, 
        "Tosafot on Pesachim 26b:24": {
            "content": [], 
            "heTitle": "תוספות על פסחים כ״ו ב:כ״ד", 
            "indexTitle": "Tosafot on Pesachim", 
            "sectionRef": "Tosafot on Pesachim 26b:24", 
            "prev": "Tosafot on Pesachim 26b:21", 
            "ref": "Tosafot on Pesachim 26b:24", 
            "heRef": "תוספות על פסחים כ״ו ב:כ״ד", 
            "next": "Tosafot on Pesachim 26b:25"
        }
    }, 
    "ref": "Tosafot on Pesachim 26b"
}