{
    "content": [
        {
            "segmentNumber": "1", 
            "he": "<b> דכולי עלמא מיהת לנפילה דחד לא חיישינן  אלא הא דתניא כשם שאין מוציאין שט\"ח זה על זה כך אין מוציאין על אחרים  במאי קא מפלגי באותיות נקנות במסירה קא מפלגי תנא דידן סבר אותיות נקנות במסירה</b>.  וממה נפשך אי האי שטרא מהאי גברא דנפיק מתותי ידיה הוא דאיהו ניהו המלוה גופיה שפיר, ואי האיך אחרינא הוה ומסריה להאי במסירה גרידתא, קסבר אותיות נקנות במסירה, מאי אמרת ליחוש לנפילה, לנפילה לא חיישינן. ותנא ברא סבר אין אותיות נקנות במסירה. בלא כתיבה, ונהי דלנפילה לא חיישינן אלא ליחוש דילמא האי שטרא דאידך יוסף בן שמעון הוה ויהביה להאי במסירה גרידתא ולא קנייה בהכי דאין אותיות נקנות במסירה.<br>ואיבעית תימא דכולי עלמא אותיות נקנות במסירה והכא בצריך להביא ראיה קא מפלגי תנא דידן סבר אין המקבל מתנה צריך להביא ראיה שהנותן מסר לו שטר זה בתורת מתנה, אלא כיון דנפק שטרא מתותי ידיה וקא טעין דבתורת מתנה אתא לידיה מהימן. ואמטול הכי יכולין להוציא שטר חוב על אחרים ולא מצי הלוה למדחייה לחד מיניהו ולמימר ליה מחברך יזיפנא, ודילמא כי מטא שטרא לידך בתורת נפילה או בתורת פקדון אתא לידך, דאי משום לנפילה לנפילה לא חיישינן, ואי משום פקדון כיון דנפיק שטרא מתותי ידיה מהימן עלויה למימר דבתורת מתנה אתא לידיה. ותנא ברא סבר נהי דלנפילה לא חיישינן, לפקדון מיהת חיישינן, ואע\"ג דנפיק שטרא מתותי ידיה צריך להביא ראיה דיהביה נהליה מאריה במתנה, ואי לא לא מצי גאבי ביה.<br>דאיתמר אותיות נקנות במסירה אביי אמר צריך להביא ראיה0 כדפרישנא. וליתה לדאביי ורבא בהא מילתא, דקי\"ל כאמימר דפסק הילכתא בהדיא בפרק המוכר את הספינה (לעיל עז,א) דאין אותיות נקנות במסירה. ורב אסי נמי אסיק בה סברא נמי היא מילי נינהו ומילי במילי לא מיקניאן, וקי\"ל כאמימר ורב אסי דבתראי נינהו. ועוד דהלכה עדיפא משיקלא וטריא דגמרא הלכה הא דתניא כשם שאין מוציאין שט\"ח זה ע\"ז אין מוציאין על אחרים, ותנא דידן דקתני מוציאין בהא פליגי, תנא דידן לא חייש לנפילה ותנא ברא חייש לנפילה, וקי\"ל כתנא דידן. ואי קשיא לך לתנא דידן נהי נמי דלא חייש לנפילה ליחוש למסירה גרידתא או לפקדון. ולטעמיך לנפילה אמאי לא חייש, דכיון דנפיק שטרא מתותי ידיה מאן דטעין ביה טענה דפקדון או דמסירה גרידתא עליו להביא ראיה. וכן הלכתא:<br>"
        }
    ], 
    "heTitle": "יד רמה על בבא בתרא, ﻿פרק גט פשוט, פירוש קטז", 
    "indexTitle": "Yad Ramah on Bava Batra", 
    "sectionRef": "Yad Ramah on Bava Batra, Perek 10, Comment 116", 
    "prev": "Yad Ramah on Bava Batra, Perek 10, Comment 115", 
    "ref": "Yad Ramah on Bava Batra, Perek 10, Comment 116", 
    "heRef": "יד רמה על בבא בתרא, ﻿פרק גט פשוט, פירוש קטז", 
    "next": "Yad Ramah on Bava Batra, Perek 10, Comment 117"
}