{
    "heTitleVariants": [
        "פירוש יד"
    ], 
    "heTitle": "יד רמה על בבא בתרא, ﻿פרק גט פשוט, פירוש יד", 
    "heRef": "יד רמה על בבא בתרא, ﻿פרק גט פשוט, פירוש יד", 
    "toSections": [], 
    "sectionRef": "Yad Ramah on Bava Batra, Perek 10, Comment 14", 
    "next": "Yad Ramah on Bava Batra, Perek 10, Comment 101", 
    "content": [
        {
            "segmentNumber": "1", 
            "he": "<b> מי שפרע מקצת חובו ר' יאודה אומר יחליף רבי יוסי אומר יכתוב שובר א\"ר יאודה נמצא זה צריך להיות שומר שוברו מן העכברים אמר לו רבי יוסי וכן יפה לו ואל י(א)רע כחו של זה</b>.  הא דקתני מי שפרע מקצת חובו, לא תימא דוקא היכא דקביל מלוה מיניה ההוא מקצת בתורת פרעון, אלא אפי' היכא דלוה קא בעי למפרעיה מקצת ומלוה קאמר ליה או הב לי כוליה חוב ושקול שטרך ואי לא לא מקבילנא מינך מידי, הדין עם הלוה ומיחייב לקבולי מיניה ההוא מקצת. ולמר כדאית ליה ולמר כדאית ליה, לרבי יהודה יחליף, ולרבי יוסי יכתוב שובר. דהא בהדיא אמרינן התם (ב\"מ עז,ב) האי מאן דמסיק ביה מאה זוזי בחבריה ופרעיה זוזא זוזא פירעון הוי תרעומת אית ליה עילויה, ואי דלא מחייב לקבולינהו מיניה לא קבולי ליקבלינהו מיניה ולא תרעומת תהוי ליה עלויה. אלא לאו ש\"מ דמיחייב לקבלינהו מיניה, ואפילו במלוה בשטר נמי כדבעינן לברורי קמן. ובהא פליגי, רבי יהודה סבר יחליף, כלומר עידי השטר מקרעין לו את השטר הראשון וכותבין לו שטר אחר בשאר הממון מזמן ראשון, אבל למכתב שובר לא כדאמרינן טעמא שלא יהא הלוה צריך לשמור שוברו מן העכברים. ורבי יוסי סבר יכתוב שובר כדי שיחוש הלוה לעצמו שמא יאבד שוברו וימהר לפרעו כדי ליטול את שטרו. וקימא לן כרבי יוסי. ואי קשיא לך בין לרבי יאודה בין לרבי יוסי אמאי יחליף ואמאי יכתוב שובר, לכתביה ביני שיטי שטרא, דאמחיק ליה מיפסיל ליה שטרא, דאמרי' דילמא תנאה הוה ביה ומחקיה. לא תיקשי לך, לרבי יהודה היינו טעמא דיחליף כי היכי דלא לפגום שטריה, לרבי יוסי היינו טעמא דיכתוב שובר כדי שיכוף לפרעו:<br>", 
            "links": [
                {
                    "category": "Talmud", 
                    "sourceHeRef": "בבא מציעא ע״ז ב", 
                    "index_title": "Bava Metzia", 
                    "sourceRef": "Bava Metzia 77b"
                }
            ], 
            "text": ""
        }
    ], 
    "book": "Yad Ramah on Bava Batra", 
    "prev": "Yad Ramah on Bava Batra, Perek 10, Comment 100", 
    "textDepth": 1, 
    "sectionNames": [
        "Paragraph"
    ], 
    "sections": [], 
    "isComplex": true, 
    "titleVariants": [
        "Comment 14"
    ], 
    "categories": [
        "Commentary2", 
        "Talmud", 
        "Yad Ramah"
    ], 
    "ref": "Yad Ramah on Bava Batra, Perek 10, Comment 14", 
    "type": "Commentary2", 
    "addressTypes": [
        "Integer"
    ], 
    "indexTitle": "Yad Ramah on Bava Batra", 
    "heIndexTitle": "יד רמה על בבא בתרא", 
    "alts": [], 
    "order": ""
}