{
    "heTitleVariants": [
        "פירוש סח"
    ], 
    "heTitle": "יד רמה על בבא בתרא, ﻿פרק גט פשוט, פירוש סח", 
    "heRef": "יד רמה על בבא בתרא, ﻿פרק גט פשוט, פירוש סח", 
    "toSections": [], 
    "sectionRef": "Yad Ramah on Bava Batra, Perek 10, Comment 68", 
    "next": "Yad Ramah on Bava Batra, Perek 10, Comment 69", 
    "content": [
        {
            "segmentNumber": "1", 
            "he": "<b> ההוא דהוה כתיב ביה מנת ראובן ושמעון אחי</b>.  ושטר זביני הוה דהוה כתיב ביה אנחנא סהדי כן הוה דזבן קדמנא פלניא מנת ראובן ושמעון אחי מנייהו ושאר ענייני דזביני. הוה להו אחא אחרינא דשמיה אחי אזל איהו (שרא) [שדא] ביה ו\"ו שוייה ואחי אתא לקמיה דאביי אמר ליה מאי טעמא דחיק ליה עלמא להאי ו\"ו כולי האי כפתיה ואודי. ושמעינן נמי מיהא מעשה כדשמעינן מההוא מעשה אחרינא.<br>ושמעינן נמי מתרויהו דמבעי ליה לספרא לאזדהורי בכתיבת השטר שיהו אותיותיו דומות זו לזו כדי שיוכל הדיין ללמוד זו מזו. ויהא הכתב מיושר ושוה בכל דבריו שלא ירחיק את האותיות זו מזו יתר מדאי, ואל ירחיק את הכתב יתר מדאי ואל ירחיב במקום [אחד] וירחיק במקום אחר שמא יוסיף המזייף אות אחת ולא יוכל הדיין להכיר זיופו ונמצא קולר תלוי בצואר הסופר ובצואר העדים שחתמו בשטר שלא נכתב כהוגן. לפיכך אין העדים רשאין לחתום על השטר עד שידקדקו בכל אותיותיו ויראו שנכתב כראוי:<br>", 
            "links": [], 
            "text": ""
        }
    ], 
    "book": "Yad Ramah on Bava Batra, Perek 10, Comment 68", 
    "prev": "Yad Ramah on Bava Batra, Perek 10, Comment 67", 
    "textDepth": 1, 
    "sectionNames": [
        "Paragraph"
    ], 
    "sections": [], 
    "isComplex": true, 
    "titleVariants": [
        "Comment 68"
    ], 
    "categories": [
        "Commentary2", 
        "Talmud", 
        "Yad Ramah"
    ], 
    "ref": "Yad Ramah on Bava Batra, Perek 10, Comment 68", 
    "type": "Commentary2", 
    "addressTypes": [
        "Integer"
    ], 
    "indexTitle": "Yad Ramah on Bava Batra", 
    "heIndexTitle": "יד רמה על בבא בתרא", 
    "alts": [], 
    "order": ""
}