{
    "sections": {
        "Tosafot on Megillah 31a:23": {
            "content": [], 
            "heTitle": "תוספות על מגילה ל״א א:כ״ג", 
            "indexTitle": "Tosafot on Megillah", 
            "sectionRef": "Tosafot on Megillah 31a:23", 
            "prev": "Tosafot on Megillah 31a:22", 
            "ref": "Tosafot on Megillah 31a:23", 
            "heRef": "תוספות על מגילה ל״א א:כ״ג", 
            "next": "Tosafot on Megillah 31a:31"
        }, 
        "Tosafot on Megillah 31a:22": {
            "content": [
                {
                    "segmentNumber": "1", 
                    "he": "במנחה קורין בעריות. לפי שהנשים מקושטות בשביל כבוד היום לפיכך צריך להזכירם שלא יכשלו בהן ובמדרש יש שלכך קורין בעריות לפי שישראל עושין רמז להקב\"ה שכשם שהזהיר אותם שלא לגלות ערוה כך לא תגלה ערותם בעונותם:"
                }
            ], 
            "heTitle": "תוספות על מגילה ל״א א:כ״ב", 
            "indexTitle": "Tosafot on Megillah", 
            "sectionRef": "Tosafot on Megillah 31a:22", 
            "prev": "Tosafot on Megillah 31a:21", 
            "ref": "Tosafot on Megillah 31a:22", 
            "heRef": "תוספות על מגילה ל״א א:כ״ב", 
            "next": "Tosafot on Megillah 31a:31"
        }, 
        "Tosafot on Megillah 31a:21": {
            "content": [
                {
                    "segmentNumber": "1", 
                    "links": [
                        {
                            "category": "Talmud", 
                            "index_title": "Megillah", 
                            "sourceHeRef": "מגילה ל״א א:כ״א", 
                            "sourceRef": "Megillah 31a:21"
                        }
                    ], 
                    "he": "במנחה קורין בעריות - לפי שהנשים מקושטות בשביל כבוד היום לפיכך צריך להזכירם שלא יכשלו בהן ובמדרש יש שלכך קורין בעריות לפי שישראל עושין רמז להקב\"ה שכשם שהזהיר אותם שלא לגלות ערוה כך לא תגלה ערותם בעונותם:"
                }
            ], 
            "heTitle": "תוספות על מגילה ל״א א:כ״א", 
            "indexTitle": "Tosafot on Megillah", 
            "sectionRef": "Tosafot on Megillah 31a:21", 
            "prev": "Tosafot on Megillah 31a:15", 
            "ref": "Tosafot on Megillah 31a:21", 
            "heRef": "תוספות על מגילה ל״א א:כ״א", 
            "next": "Tosafot on Megillah 31a:22"
        }, 
        "Tosafot on Megillah 31a:20": {
            "content": [], 
            "heTitle": "תוספות על מגילה ל״א א:כ׳", 
            "indexTitle": "Tosafot on Megillah", 
            "sectionRef": "Tosafot on Megillah 31a:20", 
            "prev": "Tosafot on Megillah 31a:15", 
            "ref": "Tosafot on Megillah 31a:20", 
            "heRef": "תוספות על מגילה ל״א א:כ׳", 
            "next": "Tosafot on Megillah 31a:21"
        }, 
        "Tosafot on Megillah 31a:27": {
            "content": [], 
            "heTitle": "תוספות על מגילה ל״א א:כ״ז", 
            "indexTitle": "Tosafot on Megillah", 
            "sectionRef": "Tosafot on Megillah 31a:27", 
            "prev": "Tosafot on Megillah 31a:22", 
            "ref": "Tosafot on Megillah 31a:27", 
            "heRef": "תוספות על מגילה ל״א א:כ״ז", 
            "next": "Tosafot on Megillah 31a:31"
        }, 
        "Tosafot on Megillah 31a:26": {
            "content": [], 
            "heTitle": "תוספות על מגילה ל״א א:כ״ו", 
            "indexTitle": "Tosafot on Megillah", 
            "sectionRef": "Tosafot on Megillah 31a:26", 
            "prev": "Tosafot on Megillah 31a:22", 
            "ref": "Tosafot on Megillah 31a:26", 
            "heRef": "תוספות על מגילה ל״א א:כ״ו", 
            "next": "Tosafot on Megillah 31a:31"
        }, 
        "Tosafot on Megillah 31a:25": {
            "content": [], 
            "heTitle": "תוספות על מגילה ל״א א:כ״ה", 
            "indexTitle": "Tosafot on Megillah", 
            "sectionRef": "Tosafot on Megillah 31a:25", 
            "prev": "Tosafot on Megillah 31a:22", 
            "ref": "Tosafot on Megillah 31a:25", 
            "heRef": "תוספות על מגילה ל״א א:כ״ה", 
            "next": "Tosafot on Megillah 31a:31"
        }, 
        "Tosafot on Megillah 31a:24": {
            "content": [], 
            "heTitle": "תוספות על מגילה ל״א א:כ״ד", 
            "indexTitle": "Tosafot on Megillah", 
            "sectionRef": "Tosafot on Megillah 31a:24", 
            "prev": "Tosafot on Megillah 31a:22", 
            "ref": "Tosafot on Megillah 31a:24", 
            "heRef": "תוספות על מגילה ל״א א:כ״ד", 
            "next": "Tosafot on Megillah 31a:31"
        }, 
        "Tosafot on Megillah 31a:30": {
            "content": [], 
            "heTitle": "תוספות על מגילה ל״א א:ל׳", 
            "indexTitle": "Tosafot on Megillah", 
            "sectionRef": "Tosafot on Megillah 31a:30", 
            "prev": "Tosafot on Megillah 31a:22", 
            "ref": "Tosafot on Megillah 31a:30", 
            "heRef": "תוספות על מגילה ל״א א:ל׳", 
            "next": "Tosafot on Megillah 31a:31"
        }, 
        "Tosafot on Megillah 31a:29": {
            "content": [], 
            "heTitle": "תוספות על מגילה ל״א א:כ״ט", 
            "indexTitle": "Tosafot on Megillah", 
            "sectionRef": "Tosafot on Megillah 31a:29", 
            "prev": "Tosafot on Megillah 31a:22", 
            "ref": "Tosafot on Megillah 31a:29", 
            "heRef": "תוספות על מגילה ל״א א:כ״ט", 
            "next": "Tosafot on Megillah 31a:31"
        }, 
        "Tosafot on Megillah 31a:28": {
            "content": [], 
            "heTitle": "תוספות על מגילה ל״א א:כ״ח", 
            "indexTitle": "Tosafot on Megillah", 
            "sectionRef": "Tosafot on Megillah 31a:28", 
            "prev": "Tosafot on Megillah 31a:22", 
            "ref": "Tosafot on Megillah 31a:28", 
            "heRef": "תוספות על מגילה ל״א א:כ״ח", 
            "next": "Tosafot on Megillah 31a:31"
        }, 
        "Tosafot on Megillah 31a:34": {
            "content": [], 
            "heTitle": "תוספות על מגילה ל״א א:ל״ד", 
            "indexTitle": "Tosafot on Megillah", 
            "sectionRef": "Tosafot on Megillah 31a:34", 
            "prev": "Tosafot on Megillah 31a:31", 
            "ref": "Tosafot on Megillah 31a:34", 
            "heRef": "תוספות על מגילה ל״א א:ל״ד", 
            "next": "Tosafot on Megillah 31a:39"
        }, 
        "Tosafot on Megillah 31a:40": {
            "content": [
                {
                    "segmentNumber": "1", 
                    "he": "מפטיר ויאמר לו יהונתן מחר חדש - קשיא אמאי אין עושין כן כשחל ר\"ח אדר וראש חדש ניסן באחד בשבת ואמאי מפטירין ביהוידע ובראשון באחד לחדש וי\"ל משום דהפטרה דיהוידע מדברת בשקלים ומזכרת שראש חדש אדר יהיה באותו שבוע:"
                }
            ], 
            "heTitle": "תוספות על מגילה ל״א א:מ׳", 
            "indexTitle": "Tosafot on Megillah", 
            "sectionRef": "Tosafot on Megillah 31a:40", 
            "prev": "Tosafot on Megillah 31a:39", 
            "ref": "Tosafot on Megillah 31a:40", 
            "heRef": "תוספות על מגילה ל״א א:מ׳", 
            "next": "Tosafot on Megillah 31b:1"
        }, 
        "Tosafot on Megillah 31a:31": {
            "content": [
                {
                    "segmentNumber": "1", 
                    "links": [
                        {
                            "category": "Talmud", 
                            "index_title": "Megillah", 
                            "sourceHeRef": "מגילה ל״א א:ל״א", 
                            "sourceRef": "Megillah 31a:31"
                        }
                    ], 
                    "he": "למחר קרינן וזאת הברכה ומפטירין ויעמוד שלמה - ויש מקומות שנהגו להפטיר בויהי אחרי מות משה ושיבוש הוא שהרי הש\"ס אין אומר כן ויש אומרים שרב האי גאון תקן לומר ויהי אחרי מות משה אבל אינן יודעין הסברא אמאי שנה סדר הש\"ס:"
                }
            ], 
            "heTitle": "תוספות על מגילה ל״א א:ל״א", 
            "indexTitle": "Tosafot on Megillah", 
            "sectionRef": "Tosafot on Megillah 31a:31", 
            "prev": "Tosafot on Megillah 31a:22", 
            "ref": "Tosafot on Megillah 31a:31", 
            "heRef": "תוספות על מגילה ל״א א:ל״א", 
            "next": "Tosafot on Megillah 31a:39"
        }, 
        "Tosafot on Megillah 31a:8": {
            "content": [], 
            "heTitle": "תוספות על מגילה ל״א א:ח׳", 
            "indexTitle": "Tosafot on Megillah", 
            "sectionRef": "Tosafot on Megillah 31a:8", 
            "prev": "Tosafot on Megillah 30b:25", 
            "ref": "Tosafot on Megillah 31a:8", 
            "heRef": "תוספות על מגילה ל״א א:ח׳", 
            "next": "Tosafot on Megillah 31a:14"
        }, 
        "Tosafot on Megillah 31a:9": {
            "content": [], 
            "heTitle": "תוספות על מגילה ל״א א:ט׳", 
            "indexTitle": "Tosafot on Megillah", 
            "sectionRef": "Tosafot on Megillah 31a:9", 
            "prev": "Tosafot on Megillah 30b:25", 
            "ref": "Tosafot on Megillah 31a:9", 
            "heRef": "תוספות על מגילה ל״א א:ט׳", 
            "next": "Tosafot on Megillah 31a:14"
        }, 
        "Tosafot on Megillah 31a:35": {
            "content": [], 
            "heTitle": "תוספות על מגילה ל״א א:ל״ה", 
            "indexTitle": "Tosafot on Megillah", 
            "sectionRef": "Tosafot on Megillah 31a:35", 
            "prev": "Tosafot on Megillah 31a:31", 
            "ref": "Tosafot on Megillah 31a:35", 
            "heRef": "תוספות על מגילה ל״א א:ל״ה", 
            "next": "Tosafot on Megillah 31a:39"
        }, 
        "Tosafot on Megillah 31a:1": {
            "content": [], 
            "heTitle": "תוספות על מגילה ל״א א:א׳", 
            "indexTitle": "Tosafot on Megillah", 
            "sectionRef": "Tosafot on Megillah 31a:1", 
            "prev": "Tosafot on Megillah 30b:25", 
            "ref": "Tosafot on Megillah 31a:1", 
            "heRef": "תוספות על מגילה ל״א א:א׳", 
            "next": "Tosafot on Megillah 31a:14"
        }, 
        "Tosafot on Megillah 31a:2": {
            "content": [], 
            "heTitle": "תוספות על מגילה ל״א א:ב׳", 
            "indexTitle": "Tosafot on Megillah", 
            "sectionRef": "Tosafot on Megillah 31a:2", 
            "prev": "Tosafot on Megillah 30b:25", 
            "ref": "Tosafot on Megillah 31a:2", 
            "heRef": "תוספות על מגילה ל״א א:ב׳", 
            "next": "Tosafot on Megillah 31a:14"
        }, 
        "Tosafot on Megillah 31a:3": {
            "content": [], 
            "heTitle": "תוספות על מגילה ל״א א:ג׳", 
            "indexTitle": "Tosafot on Megillah", 
            "sectionRef": "Tosafot on Megillah 31a:3", 
            "prev": "Tosafot on Megillah 30b:25", 
            "ref": "Tosafot on Megillah 31a:3", 
            "heRef": "תוספות על מגילה ל״א א:ג׳", 
            "next": "Tosafot on Megillah 31a:14"
        }, 
        "Tosafot on Megillah 31a:4": {
            "content": [], 
            "heTitle": "תוספות על מגילה ל״א א:ד׳", 
            "indexTitle": "Tosafot on Megillah", 
            "sectionRef": "Tosafot on Megillah 31a:4", 
            "prev": "Tosafot on Megillah 30b:25", 
            "ref": "Tosafot on Megillah 31a:4", 
            "heRef": "תוספות על מגילה ל״א א:ד׳", 
            "next": "Tosafot on Megillah 31a:14"
        }, 
        "Tosafot on Megillah 31a:5": {
            "content": [], 
            "heTitle": "תוספות על מגילה ל״א א:ה׳", 
            "indexTitle": "Tosafot on Megillah", 
            "sectionRef": "Tosafot on Megillah 31a:5", 
            "prev": "Tosafot on Megillah 30b:25", 
            "ref": "Tosafot on Megillah 31a:5", 
            "heRef": "תוספות על מגילה ל״א א:ה׳", 
            "next": "Tosafot on Megillah 31a:14"
        }, 
        "Tosafot on Megillah 31a:6": {
            "content": [], 
            "heTitle": "תוספות על מגילה ל״א א:ו׳", 
            "indexTitle": "Tosafot on Megillah", 
            "sectionRef": "Tosafot on Megillah 31a:6", 
            "prev": "Tosafot on Megillah 30b:25", 
            "ref": "Tosafot on Megillah 31a:6", 
            "heRef": "תוספות על מגילה ל״א א:ו׳", 
            "next": "Tosafot on Megillah 31a:14"
        }, 
        "Tosafot on Megillah 31a:7": {
            "content": [], 
            "heTitle": "תוספות על מגילה ל״א א:ז׳", 
            "indexTitle": "Tosafot on Megillah", 
            "sectionRef": "Tosafot on Megillah 31a:7", 
            "prev": "Tosafot on Megillah 30b:25", 
            "ref": "Tosafot on Megillah 31a:7", 
            "heRef": "תוספות על מגילה ל״א א:ז׳", 
            "next": "Tosafot on Megillah 31a:14"
        }, 
        "Tosafot on Megillah 31a:18": {
            "content": [], 
            "heTitle": "תוספות על מגילה ל״א א:י״ח", 
            "indexTitle": "Tosafot on Megillah", 
            "sectionRef": "Tosafot on Megillah 31a:18", 
            "prev": "Tosafot on Megillah 31a:15", 
            "ref": "Tosafot on Megillah 31a:18", 
            "heRef": "תוספות על מגילה ל״א א:י״ח", 
            "next": "Tosafot on Megillah 31a:21"
        }, 
        "Tosafot on Megillah 31a:19": {
            "content": [], 
            "heTitle": "תוספות על מגילה ל״א א:י״ט", 
            "indexTitle": "Tosafot on Megillah", 
            "sectionRef": "Tosafot on Megillah 31a:19", 
            "prev": "Tosafot on Megillah 31a:15", 
            "ref": "Tosafot on Megillah 31a:19", 
            "heRef": "תוספות על מגילה ל״א א:י״ט", 
            "next": "Tosafot on Megillah 31a:21"
        }, 
        "Tosafot on Megillah 31a:38": {
            "content": [], 
            "heTitle": "תוספות על מגילה ל״א א:ל״ח", 
            "indexTitle": "Tosafot on Megillah", 
            "sectionRef": "Tosafot on Megillah 31a:38", 
            "prev": "Tosafot on Megillah 31a:31", 
            "ref": "Tosafot on Megillah 31a:38", 
            "heRef": "תוספות על מגילה ל״א א:ל״ח", 
            "next": "Tosafot on Megillah 31a:39"
        }, 
        "Tosafot on Megillah 31a:39": {
            "content": [
                {
                    "segmentNumber": "1", 
                    "links": [
                        {
                            "category": "Talmud", 
                            "index_title": "Megillah", 
                            "sourceHeRef": "מגילה ל״א א:ל״ט", 
                            "sourceRef": "Megillah 31a:39"
                        }
                    ], 
                    "he": "מפטיר ויאמר לו יהונתן מחר חדש - קשיא אמאי אין עושין כן כשחל ר\"ח אדר וראש חדש ניסן באחד בשבת ואמאי מפטירין ביהוידע ובראשון באחד לחדש וי\"ל משום דהפטרה דיהוידע מדברת בשקלים ומזכרת שראש חדש אדר יהיה באותו שבוע:"
                }
            ], 
            "heTitle": "תוספות על מגילה ל״א א:ל״ט", 
            "indexTitle": "Tosafot on Megillah", 
            "sectionRef": "Tosafot on Megillah 31a:39", 
            "prev": "Tosafot on Megillah 31a:31", 
            "ref": "Tosafot on Megillah 31a:39", 
            "heRef": "תוספות על מגילה ל״א א:ל״ט", 
            "next": "Tosafot on Megillah 31a:40"
        }, 
        "Tosafot on Megillah 31a:12": {
            "content": [], 
            "heTitle": "תוספות על מגילה ל״א א:י״ב", 
            "indexTitle": "Tosafot on Megillah", 
            "sectionRef": "Tosafot on Megillah 31a:12", 
            "prev": "Tosafot on Megillah 30b:25", 
            "ref": "Tosafot on Megillah 31a:12", 
            "heRef": "תוספות על מגילה ל״א א:י״ב", 
            "next": "Tosafot on Megillah 31a:14"
        }, 
        "Tosafot on Megillah 31a:13": {
            "content": [], 
            "heTitle": "תוספות על מגילה ל״א א:י״ג", 
            "indexTitle": "Tosafot on Megillah", 
            "sectionRef": "Tosafot on Megillah 31a:13", 
            "prev": "Tosafot on Megillah 30b:25", 
            "ref": "Tosafot on Megillah 31a:13", 
            "heRef": "תוספות על מגילה ל״א א:י״ג", 
            "next": "Tosafot on Megillah 31a:14"
        }, 
        "Tosafot on Megillah 31a:10": {
            "content": [], 
            "heTitle": "תוספות על מגילה ל״א א:י׳", 
            "indexTitle": "Tosafot on Megillah", 
            "sectionRef": "Tosafot on Megillah 31a:10", 
            "prev": "Tosafot on Megillah 30b:25", 
            "ref": "Tosafot on Megillah 31a:10", 
            "heRef": "תוספות על מגילה ל״א א:י׳", 
            "next": "Tosafot on Megillah 31a:14"
        }, 
        "Tosafot on Megillah 31a:11": {
            "content": [], 
            "heTitle": "תוספות על מגילה ל״א א:י״א", 
            "indexTitle": "Tosafot on Megillah", 
            "sectionRef": "Tosafot on Megillah 31a:11", 
            "prev": "Tosafot on Megillah 30b:25", 
            "ref": "Tosafot on Megillah 31a:11", 
            "heRef": "תוספות על מגילה ל״א א:י״א", 
            "next": "Tosafot on Megillah 31a:14"
        }, 
        "Tosafot on Megillah 31a:16": {
            "content": [], 
            "heTitle": "תוספות על מגילה ל״א א:ט״ז", 
            "indexTitle": "Tosafot on Megillah", 
            "sectionRef": "Tosafot on Megillah 31a:16", 
            "prev": "Tosafot on Megillah 31a:15", 
            "ref": "Tosafot on Megillah 31a:16", 
            "heRef": "תוספות על מגילה ל״א א:ט״ז", 
            "next": "Tosafot on Megillah 31a:21"
        }, 
        "Tosafot on Megillah 31a:17": {
            "content": [], 
            "heTitle": "תוספות על מגילה ל״א א:י״ז", 
            "indexTitle": "Tosafot on Megillah", 
            "sectionRef": "Tosafot on Megillah 31a:17", 
            "prev": "Tosafot on Megillah 31a:15", 
            "ref": "Tosafot on Megillah 31a:17", 
            "heRef": "תוספות על מגילה ל״א א:י״ז", 
            "next": "Tosafot on Megillah 31a:21"
        }, 
        "Tosafot on Megillah 31a:14": {
            "content": [
                {
                    "segmentNumber": "1", 
                    "links": [
                        {
                            "category": "Talmud", 
                            "index_title": "Megillah", 
                            "sourceHeRef": "מגילה ל״א א:י״ד", 
                            "sourceRef": "Megillah 31a:14"
                        }
                    ], 
                    "he": "והאידנא נהוג עלמא למקרי משך תורא וכו' - אומר ר\"י דזה הסדר לא ישתנה רק כשחל פסח ביום חמישי שא' ב' קורין משך תורא וביום שלישי שהוא שבת של חול המועד קורין ראה אתה אומר אלי ובכללה הוי פסל לך כדאמרינן לקמן דשבת של חול המועד בין בניסן בין בתשרי קורין ראה אתה אומר אלי וביום ד' וחמישי וששי של פסח שהוא אב\"ג דשבת לא יקראו פסל לך בחמישי של פסח כמו שרגילין בשאר שנים אלא ביום ארבע וחמישי וששי יקראו קדש בכספא במדברא:"
                }
            ], 
            "heTitle": "תוספות על מגילה ל״א א:י״ד", 
            "indexTitle": "Tosafot on Megillah", 
            "sectionRef": "Tosafot on Megillah 31a:14", 
            "prev": "Tosafot on Megillah 30b:25", 
            "ref": "Tosafot on Megillah 31a:14", 
            "heRef": "תוספות על מגילה ל״א א:י״ד", 
            "next": "Tosafot on Megillah 31a:15"
        }, 
        "Tosafot on Megillah 31a:15": {
            "content": [
                {
                    "segmentNumber": "1", 
                    "he": "והאידנא נהוג עלמא למקרי משך תורא וכו' - אומר ר\"י דזה הסדר לא ישתנה רק כשחל פסח ביום חמישי שא' ב' קורין משך תורא וביום שלישי שהוא שבת של חול המועד קורין ראה אתה אומר אלי ובכללה הוי פסל לך כדאמרינן לקמן דשבת של חול המועד בין בניסן בין בתשרי קורין ראה אתה אומר אלי וביום ד' וחמישי וששי של פסח שהוא אב\"ג דשבת לא יקראו פסל לך בחמישי של פסח כמו שרגילין בשאר שנים אלא ביום ארבע וחמישי וששי יקראו קדש בכספא במדברא:"
                }
            ], 
            "heTitle": "תוספות על מגילה ל״א א:ט״ו", 
            "indexTitle": "Tosafot on Megillah", 
            "sectionRef": "Tosafot on Megillah 31a:15", 
            "prev": "Tosafot on Megillah 31a:14", 
            "ref": "Tosafot on Megillah 31a:15", 
            "heRef": "תוספות על מגילה ל״א א:ט״ו", 
            "next": "Tosafot on Megillah 31a:21"
        }, 
        "Tosafot on Megillah 31a:32": {
            "content": [], 
            "heTitle": "תוספות על מגילה ל״א א:ל״ב", 
            "indexTitle": "Tosafot on Megillah", 
            "sectionRef": "Tosafot on Megillah 31a:32", 
            "prev": "Tosafot on Megillah 31a:31", 
            "ref": "Tosafot on Megillah 31a:32", 
            "heRef": "תוספות על מגילה ל״א א:ל״ב", 
            "next": "Tosafot on Megillah 31a:39"
        }, 
        "Tosafot on Megillah 31a:33": {
            "content": [], 
            "heTitle": "תוספות על מגילה ל״א א:ל״ג", 
            "indexTitle": "Tosafot on Megillah", 
            "sectionRef": "Tosafot on Megillah 31a:33", 
            "prev": "Tosafot on Megillah 31a:31", 
            "ref": "Tosafot on Megillah 31a:33", 
            "heRef": "תוספות על מגילה ל״א א:ל״ג", 
            "next": "Tosafot on Megillah 31a:39"
        }, 
        "Tosafot on Megillah 31a:37": {
            "content": [], 
            "heTitle": "תוספות על מגילה ל״א א:ל״ז", 
            "indexTitle": "Tosafot on Megillah", 
            "sectionRef": "Tosafot on Megillah 31a:37", 
            "prev": "Tosafot on Megillah 31a:31", 
            "ref": "Tosafot on Megillah 31a:37", 
            "heRef": "תוספות על מגילה ל״א א:ל״ז", 
            "next": "Tosafot on Megillah 31a:39"
        }, 
        "Tosafot on Megillah 31a:36": {
            "content": [], 
            "heTitle": "תוספות על מגילה ל״א א:ל״ו", 
            "indexTitle": "Tosafot on Megillah", 
            "sectionRef": "Tosafot on Megillah 31a:36", 
            "prev": "Tosafot on Megillah 31a:31", 
            "ref": "Tosafot on Megillah 31a:36", 
            "heRef": "תוספות על מגילה ל״א א:ל״ו", 
            "next": "Tosafot on Megillah 31a:39"
        }
    }, 
    "ref": "Tosafot on Megillah 31a"
}