[{
    "links": [
        [
            "13b:33:1", 
            "Megillah 13b:33", 
            "Talmud"
        ], 
        [
            "13b:79:1", 
            "Megillah 13b:79", 
            "Talmud"
        ]
    ], 
    "text": [], 
    "heTitleVariants": [
        "תוספות על מגילה"
    ], 
    "heTitle": "תוספות על מגילה י״ג ב", 
    "commentaryBook": "Megillah", 
    "heRef": "תוספות על מגילה י״ג ב", 
    "toSections": [
        "13b"
    ], 
    "sectionRef": "Tosafot on Megillah 13b", 
    "title": "Tosafot on Megillah 13b", 
    "lengths": [
        61, 
        3855
    ], 
    "next": "Tosafot on Megillah 14a:63", 
    "heBook": "תוספות על מגילה", 
    "book": "Tosafot on Megillah", 
    "prev": "Tosafot on Megillah 13a:48", 
    "textDepth": 3, 
    "sectionNames": [
        "Daf", 
        "Line", 
        "Comment"
    ], 
    "sections": [
        "13b"
    ], 
    "commentator": "Tosafot", 
    "isComplex": false, 
    "commentaryCategories": [
        "Talmud", 
        "Bavli", 
        "Seder Moed"
    ], 
    "titleVariants": [
        "Tosafot on Megillah", 
        "Tosafot on Megilah", 
        "Tosafot on Masekhet Megillah", 
        "Tosafot on Tractate Megillah", 
        "Tosafot on Talmud Megillah", 
        "Tosafot on Megilla"
    ], 
    "categories": [
        "Commentary", 
        "Talmud", 
        "Tosafot"
    ], 
    "he": [
        [], 
        [], 
        [], 
        [], 
        [], 
        [], 
        [], 
        [], 
        [], 
        [], 
        [], 
        [], 
        [], 
        [], 
        [], 
        [], 
        [], 
        [], 
        [], 
        [], 
        [], 
        [], 
        [], 
        [], 
        [], 
        [], 
        [], 
        [], 
        [], 
        [], 
        [], 
        [], 
        [
            "וטובלת ויושבת בחיקו של מרדכי - ואם תאמר והא לא הי' שם הבחנת שלש' חדשים שהרי בכל יום היה אותו רשע מצוי אצלה וי\"ל שהיתה משמשת במוך:"
        ], 
        [], 
        [], 
        [], 
        [], 
        [], 
        [], 
        [], 
        [], 
        [], 
        [], 
        [], 
        [], 
        [], 
        [], 
        [], 
        [], 
        [], 
        [], 
        [], 
        [], 
        [], 
        [], 
        [], 
        [], 
        [], 
        [], 
        [], 
        [], 
        [], 
        [], 
        [], 
        [], 
        [], 
        [], 
        [], 
        [], 
        [], 
        [], 
        [], 
        [], 
        [], 
        [], 
        [], 
        [], 
        [], 
        [
            "הכסף נתון לך - גימטריא דהכסף עולה הע\"ץ רמז לו שיתלה עליו:"
        ]
    ], 
    "ref": "Tosafot on Megillah 13b", 
    "type": "Commentary", 
    "addressTypes": [
        "Talmud", 
        "Integer", 
        "Integer"
    ], 
    "heCommentator": "תוספות", 
    "length": 61, 
    "indexTitle": "Tosafot on Megillah", 
    "heIndexTitle": "תוספות על מגילה", 
    "alts": [], 
    "order": [
        10, 
        9
    ]
}]