{
    "heTitleVariants": [
        "תוספתא סוטה"
    ], 
    "heTitle": "תוספתא סוטה", 
    "heRef": "תוספתא סוטה ח׳", 
    "toSections": [
        8
    ], 
    "sectionRef": "Tosefta Sotah 8", 
    "lengths": [
        15
    ], 
    "next": "Tosefta Sotah 9", 
    "content": [
        {
            "segmentNumber": "1", 
            "he": "ברכות וקללות אלו שאמרו ישראל בשעה שעברו [ישראל] את הירדן שנאמר (דברים כז) והיה ביום אשר תעברו את הירדן כיצד עברו ישראל את הירדן בכל יום [היה] ארון נוסע אחר שני דגלים והיה נוסע תחלה שנאמר (יהושוע ג) הנה ארון הברית אדון [וגו'] בכל יום [היו] לוים נושאין את הארון והיום נשאוהו כהנים שנאמר (שם) והיה כנוח כפות רגלי הכהנים וגו' ר' יוסי אומר בשלשה מקומות [נשאו כהנים] את הארון [אחת] כשעברו [ישראל] את הירדן ואחת כשסבבו את יריחו ואחת כשהחזירוהו למקומו.", 
            "links": [
                {
                    "category": "Tanach", 
                    "sourceHeRef": "דברים כ״ז", 
                    "sourceRef": "Deuteronomy 27", 
                    "ref": "Deuteronomy 27"
                }
            ], 
            "text": ""
        }, 
        {
            "segmentNumber": "2", 
            "he": "וכיון שהוטבלו מקצת רגלי הכהנים [בירדן עמדו מי הירדן] שנאמר (יהושוע ג) ויעמדו המים וגו' [צרתן] שנים עשר מיל על שנים עשר מיל [היה גובהן של מים] דברי רבי יהודה אמר ר' אלעזר בר\"ש וכי איזה קל אדם או מים הוי אומר מים קלין יותר מבני אדם מלמד שהיו מגדשין ועולין למעלה כיפין על גבי כיפין כשלש מאות מיל עד שראו אותם כל מלכי האומות שנאמר (יהושוע ה) ויהי כשמוע כל מלכי האמורי אשר בעבר הירדן ימה [וגו'] וכן רחב [אומרת] לשלוחי יהושע (יהושוע ב) כי שמענו את אשר הוביש ה' את מי ים סוף מפניכם וגו' ונשמע וימס לבבנו [וגו'].", 
            "links": [], 
            "text": ""
        }, 
        {
            "segmentNumber": "3", 
            "he": "עודם [בעברם] הירדן אמר להם יהושע על מנת כן אתם נכנסין לארץ שתורישו את יושביה שנאמר (במדבר לג) והורשתם את כל יושבי הארץ מפניכם [ואבדתם] וגו' [ואם לא תורישו והיה כאשר דמיתי לעשות להם אעשה לכם] ואם אין אתם מקבלין באין מים ושוטפין אתכם.  עודם בירדן אמר להם יהושע (יהושוע ד) הרימו לכם איש אבן אחת על שכמו למספר שבטי בני ישראל (שם) והנחתם אותם [וגו'] תחת מצב רגלי הכהנים סימן לבנים שעברו [אבותם בירדן] עודם בירדן אמר להם יהושע (שם) שאו לכם מזה מתוך הירדן ממצב רגלי הכהנים [וגו'] ר' יהודה אומר [ר' חלפתא ואלעזר] בן מתיא וחנניא בן [חכינאי] עמדו על אותן אבנים ושיערו כל אחת ואחת משאו ארבעים סאה מכאן אתה מחשב כמה היה באשכול וכיון שעלה האחרון שבישראל מן הירדן חזרו מי הירדן למקומן שנאמר (שם) וישובו מי הירדן למקומם וילכו כתמול שלשום על כל גדותיו [נמצא] ישראל לצד אחד וארון ונושאיו לצד אחר נשא ארון את נושאיו והעבירן בירדן.", 
            "links": [
                {
                    "category": "Tanach", 
                    "sourceHeRef": "במדבר ל״ג", 
                    "sourceRef": "Numbers 33", 
                    "ref": "Numbers 33"
                }
            ], 
            "text": ""
        }, 
        {
            "segmentNumber": "4", 
            "he": "נמצאת אומר שלשה מיני אבנים הן אחד [שהעמיד] משה על שפת הירדן בערבות מואב [ואחד] שנתן תחת מצב רגלי הכהנים [ואחד שהעבירו עמהן].", 
            "links": [], 
            "text": ""
        }, 
        {
            "segmentNumber": "5", 
            "he": "ר' יהודה אומר על אבני [המזבח כתבום אמרו לו] האיך למדו [אותם] עובדי כוכבים את התורה אמר [להם] מלמד שנתן [המקום] בלב כל אומה ומלכות והשיאו את הכתב מגבי האבנים בשבעים לשון באותה שעה נתחתם גזר דינן של עובדי כוכבים לבאר שחת ר\"ש אומר על הסיד כתבו כיצד כידוהו וסידוהו בסיד וכתבו עליו את כל דברי התורה בע' לשון וכתבו [מלמטה] (דברים כ) למען אשר לא ילמדו אתכם וגו' אם אתם חוזרין בכם אנו מקבלין אתכם.", 
            "links": [
                {
                    "category": "Tanach", 
                    "sourceHeRef": "דברים כ׳", 
                    "sourceRef": "Deuteronomy 20", 
                    "ref": "Deuteronomy 20"
                }
            ], 
            "text": ""
        }, 
        {
            "segmentNumber": "6", 
            "he": "בא וראה כמה נסים נעשו לישראל באותו היום עברו [מי] הירדן ובאו [אל הר גריזים ואל הר עיבל שבשומרון שבצד שכם שאצל אלוני מורה שנאמר (דברים יא) הלא המה בעבר הירדן אחרי דרך מבוא השמש יותר מששים מיל ולא עמד איש בפניהם וכל שעמד] בפניהם מיד נתרז שנא' (שמות כג) את אימתי אשלח לפניך [וגו'] ואומר (שמות טו) תפול עליהם אימתה ופחד וגו' עד יעבור עמך ה' זו ביאה ראשונה עד יעבור עם זו קנית זו ביאה שניה אמור מעתה ראוין היו ישראל ליעשות להם [נסים] כדרך שנעשה על הים אלא [שחטאו] ואח\"כ הביאו [את האבנים] ובנו את המזבח והעלו עליו עולות ושלמים וישבו ואכלו ושתו [ונטלו אבנים] ובאו ולנו במקומן שנאמר (יהושוע ד) והעברתם אותם עמכם והנחתם אותם במלון יכול [בכל מלון] ת\"ל (שם) במלון אשר תלינו בו הלילה [ונאמר] (שם) ואת שתים עשרה האבנים האלה [וגו'] הא למדת שבגלגל העמידום.", 
            "links": [
                {
                    "category": "Tanach", 
                    "sourceHeRef": "שמות כ״ג", 
                    "sourceRef": "Exodus 23", 
                    "ref": "Exodus 23"
                }, 
                {
                    "category": "Tanach", 
                    "sourceHeRef": "שמות ט״ו", 
                    "sourceRef": "Exodus 15", 
                    "ref": "Exodus 15"
                }, 
                {
                    "category": "Tanach", 
                    "sourceHeRef": "דברים י״א", 
                    "sourceRef": "Deuteronomy 11", 
                    "ref": "Deuteronomy 11"
                }
            ], 
            "text": ""
        }, 
        {
            "segmentNumber": "7", 
            "he": "כיצד אמרו ישראל ברכות וקללות ששה שבטים עלו לראש הר גריזים וששה שבטים עלו לראש הר עיבל [כהנים ולוים וארון] עומדים למטה באמצע הכהנים מקיפין את הארון והלוים את הכהנים [וישראל מכן וכן] שנאמר (יהושוע ח) וכל ישראל וזקניו מה ת\"ל חציו אל מול הר גריזים והחציו אל מול הר עיבל מלמד ששלוחי הר גריזים מרובין משלוחי הר עיבל מפני שמקצת שבטו של לוי למטה ר\"א בן יעקב אומר [אי אתה יכול] לומר לוי למטה שכבר נאמר [לוי] למעלה [ואי אתה יכול] לומר לוי למעלה שכבר נאמר [לוי] למטה אמור מעתה זקני כהונה ולויה למטה ושאר למעלה רבי אומר הראוין לשרת עומדין למטה [ושאין ראוין לשרת עומדין למעלה] הפכו פניהם כלפי הר גריזים ופתחו בברכה ברוך האיש אשר לא יעשה פסל ומסכה תועבת ה' מעשה ידי חרש והיו אלו ואלו עונין ואומרין אמן הפכו פניהם [כלפי] הר עיבל ופתחו בקללה (דברים כז) ארור האיש אשר יעשה וגו' והיו אלו ואלו עונין אמן הפכו פניהם כלפי הר גריזים פתחו בברכות ברוך אשר יקים את דברי התורה כלפי הר עיבל פתחו [בקללות] (שם) ארור האיש אשר לא יקים [וגו'] ארור בכלל ארור בפרט ללמוד וללמד לשמור ולעשות [ארבע על ארבע הרי ח' על ח' הרי שש עשרה על שש עשרה] ושלש [כריתות] עם כל אחת ואחת הרי ארבעים ושמונה [כריתות] וכן בערבות מואב ר' שמעון מוציא של הר גריזים [ושל הר עיבל ומביא] של אהל מועד ואין לך כל דבר [ודבר שלא נכרתו עליו בארבעים ושמונה כריתות ר\"ש בן יהודה איש כפר עכו אמר משם ר\"ש אין לך כל דבר ודבר בתורה שלא נכרתו עליו חמש מאות אלף ושלשת אלפים וחמש מאות וחמשים כריתות כיוצאי מצרים] א\"ר [אם] לדברי ר\"ש בן יהודה איש כפר עכו שאמר [משם ר\"ש אין כל דבר ודבר בתורה שלא נכרתו עליו שלש עשרה כריתות ויש עם כל אחת ואחת מהן שש מאות אלף ושלשת אלפים וחמש מאות וחמשים]. ", 
            "links": [
                {
                    "category": "Tanach", 
                    "sourceHeRef": "דברים כ״ז", 
                    "sourceRef": "Deuteronomy 27", 
                    "ref": "Deuteronomy 27"
                }
            ], 
            "text": ""
        }
    ], 
    "book": "Tosefta Sotah", 
    "prev": "Tosefta Sotah 7", 
    "textDepth": 2, 
    "sectionNames": [
        "Chapter", 
        "Tosefta"
    ], 
    "sections": [
        8
    ], 
    "isComplex": false, 
    "titleVariants": [
        "T. Sotah", 
        "Tos. Sotah", 
        "Tosefta Sotah"
    ], 
    "categories": [
        "Tosefta", 
        "Seder Nashim"
    ], 
    "ref": "Tosefta Sotah 8", 
    "type": "Tosefta", 
    "addressTypes": [
        "Integer", 
        "Integer"
    ], 
    "length": 15, 
    "indexTitle": "Tosefta Sotah", 
    "heIndexTitle": "תוספתא סוטה", 
    "alts": [], 
    "order": [
        5
    ]
}