{
    "heTitleVariants": [
        "דף שבועי על כתובות"
    ], 
    "heTitle": "דף שבועי על כתובות ד׳ ב", 
    "content": [
        {
            "segmentNumber": "1", 
            "he": "", 
            "links": [
                {
                    "category": "Talmud", 
                    "sourceHeRef": "כתובות ד׳ א:ל״א", 
                    "index_title": "Ketubot", 
                    "sourceRef": "Ketubot 4a:31"
                }, 
                {
                    "category": "Talmud", 
                    "sourceHeRef": "כתובות ד׳ ב:א׳-ב׳", 
                    "index_title": "Ketubot", 
                    "sourceRef": "Ketubot 4b:1-2"
                }
            ], 
            "text": "The problem with the above resolution is that it sounds like the same exact rule applies to mourning as to a case where she is a menstruant—if they had sex once, they may sleep in the same room. But this is not true, for in the case of mourning even though they had sex once, they must still sleep in separate rooms in the case where they are mourners during the first week of their marriage. This was stated explicitly by the baraita.<br>The Talmud resolves this by adding the words “and he had not yet had intercourse with her” to the baraita. When mourning during the first week of marriage, they must sleep in separate rooms, but if she is a menstruant during the first week of marriage, they sleep in separate rooms only if they have not yet had sex."
        }, 
        {
            "segmentNumber": "2", 
            "he": "", 
            "links": [], 
            "text": "Introduction<br>In yesterday’s section we learned that if he had slept with his new wife after their marriage, he could now sleep in the same room as her even if she becomes a menstruant. This means we assume they won’t have sex in such a situation. However, if he is a mourner during the first week of marriage, even if they have already had sex, they still have to sleep in separate rooms. This implies that it is easier for him (and her) to transgress the laws of mourning than it would be to transgress the laws of prohibited sex during menstruation. Today the Talmud questions that assumption."
        }, 
        {
            "segmentNumber": "3", 
            "he": "", 
            "links": [
                {
                    "category": "Talmud", 
                    "sourceHeRef": "כתובות ד׳ ב:ג׳-ט׳", 
                    "index_title": "Ketubot", 
                    "sourceRef": "Ketubot 4b:3-9"
                }
            ], 
            "text": "These two sources both deal with the relations between a husband and wife when they are not allowed to have sex: mourning and menstruation. When she is a “niddah” (a menstruant) she can continue to perform the normal household work, but she cannot perform any forms of work that are considered to be acts of affection: mixing for him a cup of water and wine, making his bed or washing his face, hands and feet. This means that we are concerned lest by performing these acts, they will be led to have sex.<br>On the other hand, when mourning she may perform these actions. This implies that we are less concerned that they have sex when mourning.<br>Taken together, this contradicts the relationship between the two times in which sex is prohibited that we saw in the earlier sugya about the first week of marriage."
        }, 
        {
            "segmentNumber": "4", 
            "he": "", 
            "links": [
                {
                    "category": "Talmud", 
                    "sourceHeRef": "כתובות ד׳ ב:י׳-י״ב", 
                    "index_title": "Ketubot", 
                    "sourceRef": "Ketubot 4b:10-12"
                }
            ], 
            "text": "The Talmud resolves the difficult by positing that there is a difference between a case where he is in mourning and a case where she is in mourning. The earlier sources about sleeping in separate rooms were a case where he was mourning. When he is in mourning, they must sleep in separate rooms. Evidently he will still desire sex (perhaps as a comfort) and since she is not herself mourning, she will not stop him. But when she is mourning, she may perform actions of affection for him. Even if this causes him to desire her, she will rebuff him because she is in mourning.<br>The problem with this resolution is that the earlier baraita had referred to either of them being in mourning. So how could we limit that to a case where only he is in mourning?<br>The resolution is that the line “the father of the bridegroom or mother of the bride” refers to the other rules in the baraita concerning having the wedding before the funeral. These rules are true no matter who is in mourning. But as far as sleeping in separate rooms, this is true only if his family member died.<br>If some of this seems counterintuitive (for instance that he would be tempted to have sex while a mourner) we will continue the discussion tomorrow. Also there are other versions of this text that reverse the version found in the printed edition (the words for his/her are only a “yod” apart in Aramaic.) There are major problems with these other versions as well, so I have stuck with explaining the version preserved here."
        }, 
        {
            "segmentNumber": "5", 
            "he": "", 
            "links": [], 
            "text": "Introduction<br>In yesterday’s section we learned that if the husband is in mourning during the first week of his marriage he and his wife must sleep in separate rooms. His mourning is not so serious in his own eyes, therefore we fear that he will transgress and sleep with his wife. But if she is mourning, she may perform work that shows her affections for him and we are not afraid they will have sex. This difference between her mourning and his mourning is questioned by today’s section."
        }, 
        {
            "segmentNumber": "6", 
            "he": "", 
            "links": [
                {
                    "category": "Talmud", 
                    "sourceHeRef": "כתובות ד׳ ב:י״ג-ט״ז", 
                    "index_title": "Ketubot", 
                    "sourceRef": "Ketubot 4b:13-16"
                }
            ], 
            "text": "The first baraita states that there are no differences between her mourning and his mourning. In both cases they basically observe mourning together. She does not put on makeup, and they both overturn the beds, a prominent sign of mourning in the Talmudic period. So how can we say above that there is a difference between the two?"
        }, 
        {
            "segmentNumber": "7", 
            "he": "", 
            "links": [
                {
                    "category": "Talmud", 
                    "sourceHeRef": "כתובות ד׳ ב:י״ז-י״ח", 
                    "index_title": "Ketubot", 
                    "sourceRef": "Ketubot 4b:17-18"
                }
            ], 
            "text": "To resolve the problem the Talmud basically adds in a line. When he is mourning, they sleep in separate rooms. But when she is in mourning they need not do so."
        }, 
        {
            "segmentNumber": "8", 
            "he": "", 
            "links": [], 
            "text": "The problem with distinguishing between his mourning and hers is that the baraita explicitly stated “and so too,” implying that both situations are treated the same.<br>The resolution is that they are both the same vis a vis putting on paint and rouge. No matter who is mourning, she does not put on makeup. But if he is mourning, they must sleep in separate rooms, whereas if she is in mourning, they may sleep in the same room."
        }, 
        {
            "segmentNumber": "9", 
            "he": "", 
            "links": [
                {
                    "category": "Talmud", 
                    "sourceHeRef": "כתובות ד׳ ב:כ״א-כ״ד", 
                    "index_title": "Ketubot", 
                    "sourceRef": "Ketubot 4b:21-24"
                }
            ], 
            "text": "The second problem is that the baraita explicitly stated that she is with him, seeming to imply that although he is mourning, they may sleep in the same bed.<br>This too is resolved. “With him” means only that they sleep in the same house. This is confirmed by a halakhah stated by Rav to his son Hiyya upon the death of Hiyya’s wife’s parent. Rav told Hiyya that he must observe customs of mourning with her when in the same house. But when in a separate house, he need not mourn, for it was not his relative that died. What the word “he/she observes mourning with him” means is that they must keep mourning when in front of each other, but not when apart. It does not mean that they can necessarily sleep in the same bed.<br>I should note that this last halakhah is no longer really observed. We only mourn for our close relatives, and when a relative of our relative dies (in-laws) we may act out of great sympathy, but people no longer observe laws of mourning, even when in the presence of their partner. This is part of a long process of reducing the circle of people over whom we mourn."
        }, 
        {
            "segmentNumber": "10", 
            "he": "", 
            "links": [
                {
                    "category": "Talmud", 
                    "sourceHeRef": "כתובות ד׳ ב:כ״ה-כ״ח", 
                    "index_title": "Ketubot", 
                    "sourceRef": "Ketubot 4b:25-28"
                }
            ], 
            "text": "Ashi says that the mourning practices during the first week of marriage are different from normal cases of mourning. Since the rabbis were more lenient in that case, the husband might come to sleep with his wife. But in other cases, since the laws are stricter, we have no such concern and they may sleep in the same room. "
        }, 
        {
            "segmentNumber": "11", 
            "he": "", 
            "links": [], 
            "text": "Introduction<br>At the beginning of this amud (half-page) of Talmud there was a complex difficulty comparing the laws of the first week of marriage (if mourning, they sleep apart, if menstruating they may sleep in same room) with other times of one’s life (if mourning she may perform acts of affection, if menstruating she may not). These seem to be opposite, for in the first case we fear that he will sleep with her despite the fact that he is mourning, whereas in the second case we have no such fear. In today’s section, R. Ashi says that this comparison is not justified."
        }, 
        {
            "segmentNumber": "12", 
            "he": "", 
            "links": [
                {
                    "category": "Talmud", 
                    "sourceHeRef": "כתובות ד׳ ב:כ״ט-ל״ג", 
                    "index_title": "Ketubot", 
                    "sourceRef": "Ketubot 4b:29-33"
                }
            ], 
            "text": "What is the leniency to which R. Ashi refers? It cannot be that he is allowed to have relations with her before the burial. That is not a leniency since he is not yet considered by law to be a mourner. The tannaim dispute when mourning begins. R. Eliezer holds that it is when the body has been taken out of the house to be brought to the cemetery. R. Joshua holds that it is when the tomb has been sealed with the stone rolled in front of the grave. But as long as the body is still in the house, all agree that mourning has not yet begun.<br>The leniency is therefore that they can celebrate the seven days of the wedding feast before they begin sitting “shiva,” the seven days of mourning. This really is a leniency that might lead to them having sex. They are partying and celebrating all day long, and at night we can imagine that despite the fact that they are also in mourning, they might come to have sex. But under more normal circumstances, the fact that a person is in mourning will deter them from having sex. They can therefore sleep in the same room."
        }, 
        {
            "segmentNumber": "13", 
            "he": "", 
            "links": [
                {
                    "category": "Talmud", 
                    "sourceHeRef": "כתובות ד׳ ב:ל״ד-ל״ו", 
                    "index_title": "Ketubot", 
                    "sourceRef": "Ketubot 4b:34-36"
                }
            ], 
            "text": "We already learned earlier why the husband is not allowed to have sex with his virginal wife on Shabbat. The wound that first time sex on Shabbat is considered (by some) to be prohibited. But why should they not have sex for the first time after Shabbat."
        }
    ], 
    "heRef": "דף שבועי על כתובות ד׳ ב", 
    "toSections": [
        "4b"
    ], 
    "sectionRef": "Daf Shevui to Ketubot 4b", 
    "title": "Daf Shevui to Ketubot 4b", 
    "next": "Daf Shevui to Ketubot 5a", 
    "heBook": "דף שבועי על כתובות", 
    "book": "Daf Shevui to Ketubot", 
    "prev": "Daf Shevui to Ketubot 4a", 
    "textDepth": 2, 
    "sectionNames": [
        "Daf", 
        "Comment"
    ], 
    "sections": [
        "4b"
    ], 
    "isComplex": false, 
    "titleVariants": [
        "Daf Shevui to Ketubot"
    ], 
    "categories": [
        "Modern Works"
    ], 
    "ref": "Daf Shevui to Ketubot 4b", 
    "type": "Modern Works", 
    "addressTypes": [
        "Talmud", 
        "Integer"
    ], 
    "indexTitle": "Daf Shevui to Ketubot", 
    "heIndexTitle": "דף שבועי על כתובות", 
    "alts": [], 
    "order": ""
}