{
    "sections": {
        "Rashi on Eruvin 13b:21": {
            "content": [], 
            "heTitle": "רש\"י על עירובין י״ג ב:כ״א", 
            "indexTitle": "Rashi on Eruvin", 
            "sectionRef": "Rashi on Eruvin 13b:21", 
            "prev": "Rashi on Eruvin 13b:15", 
            "ref": "Rashi on Eruvin 13b:21", 
            "heRef": "רש\"י על עירובין י״ג ב:כ״א", 
            "next": "Rashi on Eruvin 13b:25"
        }, 
        "Rashi on Eruvin 13b:20": {
            "content": [], 
            "heTitle": "רש\"י על עירובין י״ג ב:כ׳", 
            "indexTitle": "Rashi on Eruvin", 
            "sectionRef": "Rashi on Eruvin 13b:20", 
            "prev": "Rashi on Eruvin 13b:15", 
            "ref": "Rashi on Eruvin 13b:20", 
            "heRef": "רש\"י על עירובין י״ג ב:כ׳", 
            "next": "Rashi on Eruvin 13b:25"
        }, 
        "Rashi on Eruvin 13b:23": {
            "content": [], 
            "heTitle": "רש\"י על עירובין י״ג ב:כ״ג", 
            "indexTitle": "Rashi on Eruvin", 
            "sectionRef": "Rashi on Eruvin 13b:23", 
            "prev": "Rashi on Eruvin 13b:15", 
            "ref": "Rashi on Eruvin 13b:23", 
            "heRef": "רש\"י על עירובין י״ג ב:כ״ג", 
            "next": "Rashi on Eruvin 13b:25"
        }, 
        "Rashi on Eruvin 13b:22": {
            "content": [], 
            "heTitle": "רש\"י על עירובין י״ג ב:כ״ב", 
            "indexTitle": "Rashi on Eruvin", 
            "sectionRef": "Rashi on Eruvin 13b:22", 
            "prev": "Rashi on Eruvin 13b:15", 
            "ref": "Rashi on Eruvin 13b:22", 
            "heRef": "רש\"י על עירובין י״ג ב:כ״ב", 
            "next": "Rashi on Eruvin 13b:25"
        }, 
        "Rashi on Eruvin 13b:25": {
            "content": [
                {
                    "segmentNumber": "1", 
                    "links": [
                        {
                            "category": "Talmud", 
                            "index_title": "Eruvin", 
                            "sourceHeRef": "עירובין י״ג ב:כ״ה", 
                            "sourceRef": "Eruvin 13b:25"
                        }
                    ], 
                    "he": "נחש שממית - אדם ובהמה ומביא טומאה בעולם:"
                }, 
                {
                    "segmentNumber": "2", 
                    "links": [
                        {
                            "category": "Talmud", 
                            "index_title": "Eruvin", 
                            "sourceHeRef": "עירובין י״ג ב:כ״ה", 
                            "sourceRef": "Eruvin 13b:25"
                        }
                    ], 
                    "he": "טהור - כשמת דהא שמונה שרצים כתיבי:"
                }
            ], 
            "heTitle": "רש\"י על עירובין י״ג ב:כ״ה", 
            "indexTitle": "Rashi on Eruvin", 
            "sectionRef": "Rashi on Eruvin 13b:25", 
            "prev": "Rashi on Eruvin 13b:15", 
            "ref": "Rashi on Eruvin 13b:25", 
            "heRef": "רש\"י על עירובין י״ג ב:כ״ה", 
            "next": "Rashi on Eruvin 13b:26"
        }, 
        "Rashi on Eruvin 13b:24": {
            "content": [], 
            "heTitle": "רש\"י על עירובין י״ג ב:כ״ד", 
            "indexTitle": "Rashi on Eruvin", 
            "sectionRef": "Rashi on Eruvin 13b:24", 
            "prev": "Rashi on Eruvin 13b:15", 
            "ref": "Rashi on Eruvin 13b:24", 
            "heRef": "רש\"י על עירובין י״ג ב:כ״ד", 
            "next": "Rashi on Eruvin 13b:25"
        }, 
        "Rashi on Eruvin 13b:27": {
            "content": [], 
            "heTitle": "רש\"י על עירובין י״ג ב:כ״ז", 
            "indexTitle": "Rashi on Eruvin", 
            "sectionRef": "Rashi on Eruvin 13b:27", 
            "prev": "Rashi on Eruvin 13b:26", 
            "ref": "Rashi on Eruvin 13b:27", 
            "heRef": "רש\"י על עירובין י״ג ב:כ״ז", 
            "next": "Rashi on Eruvin 13b:31"
        }, 
        "Rashi on Eruvin 13b:26": {
            "content": [
                {
                    "segmentNumber": "1", 
                    "links": [
                        {
                            "category": "Talmud", 
                            "index_title": "Eruvin", 
                            "sourceHeRef": "עירובין י״ג ב:כ״ו", 
                            "sourceRef": "Eruvin 13b:26"
                        }
                    ], 
                    "he": "הכי גרסינן מעשה קוץ בעלמא קעביד:"
                }
            ], 
            "heTitle": "רש\"י על עירובין י״ג ב:כ״ו", 
            "indexTitle": "Rashi on Eruvin", 
            "sectionRef": "Rashi on Eruvin 13b:26", 
            "prev": "Rashi on Eruvin 13b:25", 
            "ref": "Rashi on Eruvin 13b:26", 
            "heRef": "רש\"י על עירובין י״ג ב:כ״ו", 
            "next": "Rashi on Eruvin 13b:31"
        }, 
        "Rashi on Eruvin 13b:29": {
            "content": [], 
            "heTitle": "רש\"י על עירובין י״ג ב:כ״ט", 
            "indexTitle": "Rashi on Eruvin", 
            "sectionRef": "Rashi on Eruvin 13b:29", 
            "prev": "Rashi on Eruvin 13b:26", 
            "ref": "Rashi on Eruvin 13b:29", 
            "heRef": "רש\"י על עירובין י״ג ב:כ״ט", 
            "next": "Rashi on Eruvin 13b:31"
        }, 
        "Rashi on Eruvin 13b:28": {
            "content": [], 
            "heTitle": "רש\"י על עירובין י״ג ב:כ״ח", 
            "indexTitle": "Rashi on Eruvin", 
            "sectionRef": "Rashi on Eruvin 13b:28", 
            "prev": "Rashi on Eruvin 13b:26", 
            "ref": "Rashi on Eruvin 13b:28", 
            "heRef": "רש\"י על עירובין י״ג ב:כ״ח", 
            "next": "Rashi on Eruvin 13b:31"
        }, 
        "Rashi on Eruvin 13b:45": {
            "content": [], 
            "heTitle": "רש\"י על עירובין י״ג ב:מ״ה", 
            "indexTitle": "Rashi on Eruvin", 
            "sectionRef": "Rashi on Eruvin 13b:45", 
            "prev": "Rashi on Eruvin 13b:43", 
            "ref": "Rashi on Eruvin 13b:45", 
            "heRef": "רש\"י על עירובין י״ג ב:מ״ה", 
            "next": "Rashi on Eruvin 13b:49"
        }, 
        "Rashi on Eruvin 13b:49": {
            "content": [
                {
                    "segmentNumber": "1", 
                    "links": [
                        {
                            "category": "Talmud", 
                            "index_title": "Eruvin", 
                            "sourceHeRef": "עירובין י״ג ב:מ״ט", 
                            "sourceRef": "Eruvin 13b:49"
                        }
                    ], 
                    "he": "יפשפש מעשיו - שעשה כבר ויבדוק עבירות שבידו ויתודה וישוב:"
                }
            ], 
            "heTitle": "רש\"י על עירובין י״ג ב:מ״ט", 
            "indexTitle": "Rashi on Eruvin", 
            "sectionRef": "Rashi on Eruvin 13b:49", 
            "prev": "Rashi on Eruvin 13b:43", 
            "ref": "Rashi on Eruvin 13b:49", 
            "heRef": "רש\"י על עירובין י״ג ב:מ״ט", 
            "next": "Rashi on Eruvin 13b:51"
        }, 
        "Rashi on Eruvin 13b:48": {
            "content": [], 
            "heTitle": "רש\"י על עירובין י״ג ב:מ״ח", 
            "indexTitle": "Rashi on Eruvin", 
            "sectionRef": "Rashi on Eruvin 13b:48", 
            "prev": "Rashi on Eruvin 13b:43", 
            "ref": "Rashi on Eruvin 13b:48", 
            "heRef": "רש\"י על עירובין י״ג ב:מ״ח", 
            "next": "Rashi on Eruvin 13b:49"
        }, 
        "Rashi on Eruvin 13b:44": {
            "content": [], 
            "heTitle": "רש\"י על עירובין י״ג ב:מ״ד", 
            "indexTitle": "Rashi on Eruvin", 
            "sectionRef": "Rashi on Eruvin 13b:44", 
            "prev": "Rashi on Eruvin 13b:43", 
            "ref": "Rashi on Eruvin 13b:44", 
            "heRef": "רש\"י על עירובין י״ג ב:מ״ד", 
            "next": "Rashi on Eruvin 13b:49"
        }, 
        "Rashi on Eruvin 13b:36": {
            "content": [], 
            "heTitle": "רש\"י על עירובין י״ג ב:ל״ו", 
            "indexTitle": "Rashi on Eruvin", 
            "sectionRef": "Rashi on Eruvin 13b:36", 
            "prev": "Rashi on Eruvin 13b:32", 
            "ref": "Rashi on Eruvin 13b:36", 
            "heRef": "רש\"י על עירובין י״ג ב:ל״ו", 
            "next": "Rashi on Eruvin 13b:43"
        }, 
        "Rashi on Eruvin 13b:37": {
            "content": [], 
            "heTitle": "רש\"י על עירובין י״ג ב:ל״ז", 
            "indexTitle": "Rashi on Eruvin", 
            "sectionRef": "Rashi on Eruvin 13b:37", 
            "prev": "Rashi on Eruvin 13b:32", 
            "ref": "Rashi on Eruvin 13b:37", 
            "heRef": "רש\"י על עירובין י״ג ב:ל״ז", 
            "next": "Rashi on Eruvin 13b:43"
        }, 
        "Rashi on Eruvin 13b:58": {
            "content": [
                {
                    "segmentNumber": "1", 
                    "links": [
                        {
                            "category": "Talmud", 
                            "index_title": "Eruvin", 
                            "sourceHeRef": "עירובין י״ג ב:נ״ח", 
                            "sourceRef": "Eruvin 13b:58"
                        }
                    ], 
                    "he": "היתה של קש כו' - רבי יהודה קאמר לה:"
                }
            ], 
            "heTitle": "רש\"י על עירובין י״ג ב:נ״ח", 
            "indexTitle": "Rashi on Eruvin", 
            "sectionRef": "Rashi on Eruvin 13b:58", 
            "prev": "Rashi on Eruvin 13b:54", 
            "ref": "Rashi on Eruvin 13b:58", 
            "heRef": "רש\"י על עירובין י״ג ב:נ״ח", 
            "next": "Rashi on Eruvin 13b:59"
        }, 
        "Rashi on Eruvin 13b:41": {
            "content": [], 
            "heTitle": "רש\"י על עירובין י״ג ב:מ״א", 
            "indexTitle": "Rashi on Eruvin", 
            "sectionRef": "Rashi on Eruvin 13b:41", 
            "prev": "Rashi on Eruvin 13b:32", 
            "ref": "Rashi on Eruvin 13b:41", 
            "heRef": "רש\"י על עירובין י״ג ב:מ״א", 
            "next": "Rashi on Eruvin 13b:43"
        }, 
        "Rashi on Eruvin 13b:40": {
            "content": [], 
            "heTitle": "רש\"י על עירובין י״ג ב:מ׳", 
            "indexTitle": "Rashi on Eruvin", 
            "sectionRef": "Rashi on Eruvin 13b:40", 
            "prev": "Rashi on Eruvin 13b:32", 
            "ref": "Rashi on Eruvin 13b:40", 
            "heRef": "רש\"י על עירובין י״ג ב:מ׳", 
            "next": "Rashi on Eruvin 13b:43"
        }, 
        "Rashi on Eruvin 13b:39": {
            "content": [], 
            "heTitle": "רש\"י על עירובין י״ג ב:ל״ט", 
            "indexTitle": "Rashi on Eruvin", 
            "sectionRef": "Rashi on Eruvin 13b:39", 
            "prev": "Rashi on Eruvin 13b:32", 
            "ref": "Rashi on Eruvin 13b:39", 
            "heRef": "רש\"י על עירובין י״ג ב:ל״ט", 
            "next": "Rashi on Eruvin 13b:43"
        }, 
        "Rashi on Eruvin 13b:38": {
            "content": [], 
            "heTitle": "רש\"י על עירובין י״ג ב:ל״ח", 
            "indexTitle": "Rashi on Eruvin", 
            "sectionRef": "Rashi on Eruvin 13b:38", 
            "prev": "Rashi on Eruvin 13b:32", 
            "ref": "Rashi on Eruvin 13b:38", 
            "heRef": "רש\"י על עירובין י״ג ב:ל״ח", 
            "next": "Rashi on Eruvin 13b:43"
        }, 
        "Rashi on Eruvin 13b:32": {
            "content": [
                {
                    "segmentNumber": "1", 
                    "he": "שמקדימין דברי ב\"ש לדבריהן - דקאמרי להו מעשה שהלכו זקני ב\"ש והדר זקני ב\"ה:", 
                    "links": [
                        {
                            "category": "Talmud", 
                            "index_title": "Eruvin", 
                            "sourceHeRef": "עירובין י״ג ב:ל״ב", 
                            "sourceRef": "Eruvin 13b:32"
                        }
                    ], 
                    "text": "They mention the actions of Beth Shammai before theirs - As they first said in the story that the \"elders of Beth Shammai went\" and subsequently, the \"elders of Beth Hillel\"."
                }
            ], 
            "heTitle": "רש\"י על עירובין י״ג ב:ל״ב", 
            "indexTitle": "Rashi on Eruvin", 
            "sectionRef": "Rashi on Eruvin 13b:32", 
            "prev": "Rashi on Eruvin 13b:31", 
            "ref": "Rashi on Eruvin 13b:32", 
            "heRef": "רש\"י על עירובין י״ג ב:ל״ב", 
            "next": "Rashi on Eruvin 13b:43"
        }, 
        "Rashi on Eruvin 13b:33": {
            "content": [], 
            "heTitle": "רש\"י על עירובין י״ג ב:ל״ג", 
            "indexTitle": "Rashi on Eruvin", 
            "sectionRef": "Rashi on Eruvin 13b:33", 
            "prev": "Rashi on Eruvin 13b:32", 
            "ref": "Rashi on Eruvin 13b:33", 
            "heRef": "רש\"י על עירובין י״ג ב:ל״ג", 
            "next": "Rashi on Eruvin 13b:43"
        }, 
        "Rashi on Eruvin 13b:30": {
            "content": [], 
            "heTitle": "רש\"י על עירובין י״ג ב:ל׳", 
            "indexTitle": "Rashi on Eruvin", 
            "sectionRef": "Rashi on Eruvin 13b:30", 
            "prev": "Rashi on Eruvin 13b:26", 
            "ref": "Rashi on Eruvin 13b:30", 
            "heRef": "רש\"י על עירובין י״ג ב:ל׳", 
            "next": "Rashi on Eruvin 13b:31"
        }, 
        "Rashi on Eruvin 13b:31": {
            "content": [
                {
                    "segmentNumber": "1", 
                    "he": "עלובין - סבלנין:", 
                    "links": [
                        {
                            "category": "Talmud", 
                            "index_title": "Eruvin", 
                            "sourceHeRef": "עירובין י״ג ב:ל״א", 
                            "sourceRef": "Eruvin 13b:31"
                        }
                    ], 
                    "text": ""
                }, 
                {
                    "segmentNumber": "2", 
                    "he": "ושונין דבריהן ודברי בית שמאי - כשהיו ב\"ש מביאין ראיה לדבריהם מן התורה וב\"ה מביאין ראיה ממקרא אחר והיו ב\"ה דורשין את המקרא של ב\"ש למה בא ולא היה קל בעיניהם כאותה ששנינו במסכת ברכות (ד' י:) ב\"ש אומרים בערב כל אדם יטה ויקרא ובבקר יעמוד שנאמר בשכבך ובקומך וב\"ה אומרים כל אדם קורא כדרכו שנאמר ובלכתך בדרך אם כן למה נאמר בשכבך ובקומך בשעה שדרך בני אדם שוכבין ובשעה שדרך בני אדם עומדין:", 
                    "links": [
                        {
                            "category": "Talmud", 
                            "index_title": "Eruvin", 
                            "sourceHeRef": "עירובין י״ג ב:ל״א", 
                            "sourceRef": "Eruvin 13b:31"
                        }, 
                        {
                            "category": "Talmud", 
                            "index_title": "Berakhot", 
                            "sourceHeRef": "ברכות י׳ ב", 
                            "sourceRef": "Berakhot 10b"
                        }, 
                        {
                            "category": "Tanakh", 
                            "index_title": "Deuteronomy", 
                            "sourceHeRef": "דברים ו׳:ז׳", 
                            "sourceRef": "Deuteronomy 6:7"
                        }
                    ], 
                    "text": "They studied their own rulings and those of Beit Shammai - When Beit Shammai would bring proof to their rulings from the Torah and Beit Hillel would bring proof from another verse, and Beit Hillel would expound the verse of Beit Shammai to show its relevance, and it was not light in their eyes, as they studied in Tractate Berakhot (Berakhot 10b), \"Beit Shammai say, In the morning, every man should lean and read [Kiryat Shema'] and in the morning he should stand as it says, (Devarim 6:7) 'When you lie down and when you arise'; and Beit Hillel say, Every man should read as he is, as it says, (Ibid.) 'When you are on the way'. If so, what does it say, 'When you lie down and when you arise'? - [Recite] at the time that people normally lie down and at the time that people normally arise [i.e., in the evening and in the morning].\""
                }
            ], 
            "heTitle": "רש\"י על עירובין י״ג ב:ל״א", 
            "indexTitle": "Rashi on Eruvin", 
            "sectionRef": "Rashi on Eruvin 13b:31", 
            "prev": "Rashi on Eruvin 13b:26", 
            "ref": "Rashi on Eruvin 13b:31", 
            "heRef": "רש\"י על עירובין י״ג ב:ל״א", 
            "next": "Rashi on Eruvin 13b:32"
        }, 
        "Rashi on Eruvin 13b:18": {
            "content": [], 
            "heTitle": "רש\"י על עירובין י״ג ב:י״ח", 
            "indexTitle": "Rashi on Eruvin", 
            "sectionRef": "Rashi on Eruvin 13b:18", 
            "prev": "Rashi on Eruvin 13b:15", 
            "ref": "Rashi on Eruvin 13b:18", 
            "heRef": "רש\"י על עירובין י״ג ב:י״ח", 
            "next": "Rashi on Eruvin 13b:25"
        }, 
        "Rashi on Eruvin 13b:19": {
            "content": [], 
            "heTitle": "רש\"י על עירובין י״ג ב:י״ט", 
            "indexTitle": "Rashi on Eruvin", 
            "sectionRef": "Rashi on Eruvin 13b:19", 
            "prev": "Rashi on Eruvin 13b:15", 
            "ref": "Rashi on Eruvin 13b:19", 
            "heRef": "רש\"י על עירובין י״ג ב:י״ט", 
            "next": "Rashi on Eruvin 13b:25"
        }, 
        "Rashi on Eruvin 13b:34": {
            "content": [], 
            "heTitle": "רש\"י על עירובין י״ג ב:ל״ד", 
            "indexTitle": "Rashi on Eruvin", 
            "sectionRef": "Rashi on Eruvin 13b:34", 
            "prev": "Rashi on Eruvin 13b:32", 
            "ref": "Rashi on Eruvin 13b:34", 
            "heRef": "רש\"י על עירובין י״ג ב:ל״ד", 
            "next": "Rashi on Eruvin 13b:43"
        }, 
        "Rashi on Eruvin 13b:35": {
            "content": [], 
            "heTitle": "רש\"י על עירובין י״ג ב:ל״ה", 
            "indexTitle": "Rashi on Eruvin", 
            "sectionRef": "Rashi on Eruvin 13b:35", 
            "prev": "Rashi on Eruvin 13b:32", 
            "ref": "Rashi on Eruvin 13b:35", 
            "heRef": "רש\"י על עירובין י״ג ב:ל״ה", 
            "next": "Rashi on Eruvin 13b:43"
        }, 
        "Rashi on Eruvin 13b:14": {
            "content": [], 
            "heTitle": "רש\"י על עירובין י״ג ב:י״ד", 
            "indexTitle": "Rashi on Eruvin", 
            "sectionRef": "Rashi on Eruvin 13b:14", 
            "prev": "Rashi on Eruvin 13b:6", 
            "ref": "Rashi on Eruvin 13b:14", 
            "heRef": "רש\"י על עירובין י״ג ב:י״ד", 
            "next": "Rashi on Eruvin 13b:15"
        }, 
        "Rashi on Eruvin 13b:15": {
            "content": [
                {
                    "segmentNumber": "1", 
                    "links": [
                        {
                            "category": "Talmud", 
                            "index_title": "Eruvin", 
                            "sourceHeRef": "עירובין י״ג ב:ט״ו", 
                            "sourceRef": "Eruvin 13b:15"
                        }
                    ], 
                    "he": "דחזיתיה לרבי מאיר מאחוריה - כשלמדתי לפניו ישבתי בשורה של אחריו:"
                }
            ], 
            "heTitle": "רש\"י על עירובין י״ג ב:ט״ו", 
            "indexTitle": "Rashi on Eruvin", 
            "sectionRef": "Rashi on Eruvin 13b:15", 
            "prev": "Rashi on Eruvin 13b:6", 
            "ref": "Rashi on Eruvin 13b:15", 
            "heRef": "רש\"י על עירובין י״ג ב:ט״ו", 
            "next": "Rashi on Eruvin 13b:25"
        }, 
        "Rashi on Eruvin 13b:16": {
            "content": [], 
            "heTitle": "רש\"י על עירובין י״ג ב:ט״ז", 
            "indexTitle": "Rashi on Eruvin", 
            "sectionRef": "Rashi on Eruvin 13b:16", 
            "prev": "Rashi on Eruvin 13b:15", 
            "ref": "Rashi on Eruvin 13b:16", 
            "heRef": "רש\"י על עירובין י״ג ב:ט״ז", 
            "next": "Rashi on Eruvin 13b:25"
        }, 
        "Rashi on Eruvin 13b:17": {
            "content": [], 
            "heTitle": "רש\"י על עירובין י״ג ב:י״ז", 
            "indexTitle": "Rashi on Eruvin", 
            "sectionRef": "Rashi on Eruvin 13b:17", 
            "prev": "Rashi on Eruvin 13b:15", 
            "ref": "Rashi on Eruvin 13b:17", 
            "heRef": "רש\"י על עירובין י״ג ב:י״ז", 
            "next": "Rashi on Eruvin 13b:25"
        }, 
        "Rashi on Eruvin 13b:10": {
            "content": [], 
            "heTitle": "רש\"י על עירובין י״ג ב:י׳", 
            "indexTitle": "Rashi on Eruvin", 
            "sectionRef": "Rashi on Eruvin 13b:10", 
            "prev": "Rashi on Eruvin 13b:6", 
            "ref": "Rashi on Eruvin 13b:10", 
            "heRef": "רש\"י על עירובין י״ג ב:י׳", 
            "next": "Rashi on Eruvin 13b:15"
        }, 
        "Rashi on Eruvin 13b:11": {
            "content": [], 
            "heTitle": "רש\"י על עירובין י״ג ב:י״א", 
            "indexTitle": "Rashi on Eruvin", 
            "sectionRef": "Rashi on Eruvin 13b:11", 
            "prev": "Rashi on Eruvin 13b:6", 
            "ref": "Rashi on Eruvin 13b:11", 
            "heRef": "רש\"י על עירובין י״ג ב:י״א", 
            "next": "Rashi on Eruvin 13b:15"
        }, 
        "Rashi on Eruvin 13b:12": {
            "content": [], 
            "heTitle": "רש\"י על עירובין י״ג ב:י״ב", 
            "indexTitle": "Rashi on Eruvin", 
            "sectionRef": "Rashi on Eruvin 13b:12", 
            "prev": "Rashi on Eruvin 13b:6", 
            "ref": "Rashi on Eruvin 13b:12", 
            "heRef": "רש\"י על עירובין י״ג ב:י״ב", 
            "next": "Rashi on Eruvin 13b:15"
        }, 
        "Rashi on Eruvin 13b:13": {
            "content": [], 
            "heTitle": "רש\"י על עירובין י״ג ב:י״ג", 
            "indexTitle": "Rashi on Eruvin", 
            "sectionRef": "Rashi on Eruvin 13b:13", 
            "prev": "Rashi on Eruvin 13b:6", 
            "ref": "Rashi on Eruvin 13b:13", 
            "heRef": "רש\"י על עירובין י״ג ב:י״ג", 
            "next": "Rashi on Eruvin 13b:15"
        }, 
        "Rashi on Eruvin 13b:43": {
            "content": [
                {
                    "segmentNumber": "1", 
                    "links": [
                        {
                            "category": "Talmud", 
                            "index_title": "Eruvin", 
                            "sourceHeRef": "עירובין י״ג ב:מ״ג", 
                            "sourceRef": "Eruvin 13b:43"
                        }
                    ], 
                    "he": "הדוחק את השעה - מתיגע להעשיר ולהתגדל ורואה שאינו מצליח ואעפ\"כ חוזר והולך למרחקים ומכניס עצמו לגבוהות:"
                }, 
                {
                    "segmentNumber": "2", 
                    "links": [
                        {
                            "category": "Talmud", 
                            "index_title": "Eruvin", 
                            "sourceHeRef": "עירובין י״ג ב:מ״ג", 
                            "sourceRef": "Eruvin 13b:43"
                        }
                    ], 
                    "he": "שעה עומדת לו - לאחר זמן עתידה לעמוד לו שעה מצלחת:"
                }
            ], 
            "heTitle": "רש\"י על עירובין י״ג ב:מ״ג", 
            "indexTitle": "Rashi on Eruvin", 
            "sectionRef": "Rashi on Eruvin 13b:43", 
            "prev": "Rashi on Eruvin 13b:32", 
            "ref": "Rashi on Eruvin 13b:43", 
            "heRef": "רש\"י על עירובין י״ג ב:מ״ג", 
            "next": "Rashi on Eruvin 13b:49"
        }, 
        "Rashi on Eruvin 13b:8": {
            "content": [], 
            "heTitle": "רש\"י על עירובין י״ג ב:ח׳", 
            "indexTitle": "Rashi on Eruvin", 
            "sectionRef": "Rashi on Eruvin 13b:8", 
            "prev": "Rashi on Eruvin 13b:6", 
            "ref": "Rashi on Eruvin 13b:8", 
            "heRef": "רש\"י על עירובין י״ג ב:ח׳", 
            "next": "Rashi on Eruvin 13b:15"
        }, 
        "Rashi on Eruvin 13b:9": {
            "content": [], 
            "heTitle": "רש\"י על עירובין י״ג ב:ט׳", 
            "indexTitle": "Rashi on Eruvin", 
            "sectionRef": "Rashi on Eruvin 13b:9", 
            "prev": "Rashi on Eruvin 13b:6", 
            "ref": "Rashi on Eruvin 13b:9", 
            "heRef": "רש\"י על עירובין י״ג ב:ט׳", 
            "next": "Rashi on Eruvin 13b:15"
        }, 
        "Rashi on Eruvin 13b:51": {
            "content": [
                {
                    "segmentNumber": "1", 
                    "links": [
                        {
                            "category": "Talmud", 
                            "index_title": "Eruvin", 
                            "sourceHeRef": "עירובין י״ג ב:נ״א", 
                            "sourceRef": "Eruvin 13b:51"
                        }
                    ], 
                    "he": "ימשמש במעשיו - כגון אם בא מצוה לידו יחשב הפסד מצוה כנגד שכרה ולא יניח לעשותה בשביל ההפסד שהרי שכרה עתיד לבוא ואם באת לידו עבירה יחשב שכרו שמשתכר בה עכשיו כנגד הפסדה העתיד ליפרע ממנו:"
                }
            ], 
            "heTitle": "רש\"י על עירובין י״ג ב:נ״א", 
            "indexTitle": "Rashi on Eruvin", 
            "sectionRef": "Rashi on Eruvin 13b:51", 
            "prev": "Rashi on Eruvin 13b:49", 
            "ref": "Rashi on Eruvin 13b:51", 
            "heRef": "רש\"י על עירובין י״ג ב:נ״א", 
            "next": "Rashi on Eruvin 13b:52"
        }, 
        "Rashi on Eruvin 13b:2": {
            "content": [
                {
                    "segmentNumber": "1", 
                    "links": [
                        {
                            "category": "Talmud", 
                            "index_title": "Eruvin", 
                            "sourceHeRef": "עירובין י״ג ב:ב׳", 
                            "sourceRef": "Eruvin 13b:2"
                        }
                    ], 
                    "he": "פסול - אלמא וכתב לה משמע לשמה הכי נמי כתיב ועשה לה משמע לשמה:"
                }
            ], 
            "heTitle": "רש\"י על עירובין י״ג ב:ב׳", 
            "indexTitle": "Rashi on Eruvin", 
            "sectionRef": "Rashi on Eruvin 13b:2", 
            "prev": "Rashi on Eruvin 13b:1", 
            "ref": "Rashi on Eruvin 13b:2", 
            "heRef": "רש\"י על עירובין י״ג ב:ב׳", 
            "next": "Rashi on Eruvin 13b:4"
        }, 
        "Rashi on Eruvin 13b:3": {
            "content": [], 
            "heTitle": "רש\"י על עירובין י״ג ב:ג׳", 
            "indexTitle": "Rashi on Eruvin", 
            "sectionRef": "Rashi on Eruvin 13b:3", 
            "prev": "Rashi on Eruvin 13b:2", 
            "ref": "Rashi on Eruvin 13b:3", 
            "heRef": "רש\"י על עירובין י״ג ב:ג׳", 
            "next": "Rashi on Eruvin 13b:4"
        }, 
        "Rashi on Eruvin 13b:1": {
            "content": [
                {
                    "segmentNumber": "1", 
                    "links": [
                        {
                            "category": "Talmud", 
                            "index_title": "Eruvin", 
                            "sourceHeRef": "עירובין י״ג ב:א׳", 
                            "sourceRef": "Eruvin 13b:1"
                        }
                    ], 
                    "he": "ונמלך - וחזר בו מלגרש אותה:"
                }
            ], 
            "heTitle": "רש\"י על עירובין י״ג ב:א׳", 
            "indexTitle": "Rashi on Eruvin", 
            "sectionRef": "Rashi on Eruvin 13b:1", 
            "prev": "Rashi on Eruvin 13a:49", 
            "ref": "Rashi on Eruvin 13b:1", 
            "heRef": "רש\"י על עירובין י״ג ב:א׳", 
            "next": "Rashi on Eruvin 13b:2"
        }, 
        "Rashi on Eruvin 13b:6": {
            "content": [
                {
                    "segmentNumber": "1", 
                    "links": [
                        {
                            "category": "Talmud", 
                            "index_title": "Eruvin", 
                            "sourceHeRef": "עירובין י״ג ב:ו׳", 
                            "sourceRef": "Eruvin 13b:6"
                        }
                    ], 
                    "he": "על סוף דעתו - לא יכלו להבין באיזה דבריו נכונים ובאיזה אין דבריו נכונים שהיה נותן דעת מיושב והגון על אין הלכה כהלכה:"
                }
            ], 
            "heTitle": "רש\"י על עירובין י״ג ב:ו׳", 
            "indexTitle": "Rashi on Eruvin", 
            "sectionRef": "Rashi on Eruvin 13b:6", 
            "prev": "Rashi on Eruvin 13b:4", 
            "ref": "Rashi on Eruvin 13b:6", 
            "heRef": "רש\"י על עירובין י״ג ב:ו׳", 
            "next": "Rashi on Eruvin 13b:15"
        }, 
        "Rashi on Eruvin 13b:7": {
            "content": [], 
            "heTitle": "רש\"י על עירובין י״ג ב:ז׳", 
            "indexTitle": "Rashi on Eruvin", 
            "sectionRef": "Rashi on Eruvin 13b:7", 
            "prev": "Rashi on Eruvin 13b:6", 
            "ref": "Rashi on Eruvin 13b:7", 
            "heRef": "רש\"י על עירובין י״ג ב:ז׳", 
            "next": "Rashi on Eruvin 13b:15"
        }, 
        "Rashi on Eruvin 13b:4": {
            "content": [
                {
                    "segmentNumber": "1", 
                    "links": [
                        {
                            "category": "Talmud", 
                            "index_title": "Eruvin", 
                            "sourceHeRef": "עירובין י״ג ב:ד׳", 
                            "sourceRef": "Eruvin 13b:4"
                        }
                    ], 
                    "he": "התם כתיב לה - לגבי כתיבה:"
                }, 
                {
                    "segmentNumber": "2", 
                    "links": [
                        {
                            "category": "Talmud", 
                            "index_title": "Eruvin", 
                            "sourceHeRef": "עירובין י״ג ב:ד׳", 
                            "sourceRef": "Eruvin 13b:4"
                        }
                    ], 
                    "he": "הכא - כתיב לה לגבי עשייה עשייה היינו מחיקה:"
                }
            ], 
            "heTitle": "רש\"י על עירובין י״ג ב:ד׳", 
            "indexTitle": "Rashi on Eruvin", 
            "sectionRef": "Rashi on Eruvin 13b:4", 
            "prev": "Rashi on Eruvin 13b:2", 
            "ref": "Rashi on Eruvin 13b:4", 
            "heRef": "רש\"י על עירובין י״ג ב:ד׳", 
            "next": "Rashi on Eruvin 13b:6"
        }, 
        "Rashi on Eruvin 13b:5": {
            "content": [], 
            "heTitle": "רש\"י על עירובין י״ג ב:ה׳", 
            "indexTitle": "Rashi on Eruvin", 
            "sectionRef": "Rashi on Eruvin 13b:5", 
            "prev": "Rashi on Eruvin 13b:4", 
            "ref": "Rashi on Eruvin 13b:5", 
            "heRef": "רש\"י על עירובין י״ג ב:ה׳", 
            "next": "Rashi on Eruvin 13b:6"
        }, 
        "Rashi on Eruvin 13b:42": {
            "content": [], 
            "heTitle": "רש\"י על עירובין י״ג ב:מ״ב", 
            "indexTitle": "Rashi on Eruvin", 
            "sectionRef": "Rashi on Eruvin 13b:42", 
            "prev": "Rashi on Eruvin 13b:32", 
            "ref": "Rashi on Eruvin 13b:42", 
            "heRef": "רש\"י על עירובין י״ג ב:מ״ב", 
            "next": "Rashi on Eruvin 13b:43"
        }, 
        "Rashi on Eruvin 13b:60": {
            "content": [
                {
                    "segmentNumber": "1", 
                    "links": [
                        {
                            "category": "Talmud", 
                            "index_title": "Eruvin", 
                            "sourceHeRef": "עירובין י״ג ב:ס׳", 
                            "sourceRef": "Eruvin 13b:60"
                        }
                    ], 
                    "he": "כל שיש בהקיפה ג' טפחים - שצריכה חוט ארוך ג' טפחים להקיפה סביב בידוע שיש בה רוחב טפח אם תחלק:"
                }
            ], 
            "heTitle": "רש\"י על עירובין י״ג ב:ס׳", 
            "indexTitle": "Rashi on Eruvin", 
            "sectionRef": "Rashi on Eruvin 13b:60", 
            "prev": "Rashi on Eruvin 13b:59", 
            "ref": "Rashi on Eruvin 13b:60", 
            "heRef": "רש\"י על עירובין י״ג ב:ס׳", 
            "next": "Rashi on Eruvin 14a:3"
        }, 
        "Rashi on Eruvin 13b:46": {
            "content": [], 
            "heTitle": "רש\"י על עירובין י״ג ב:מ״ו", 
            "indexTitle": "Rashi on Eruvin", 
            "sectionRef": "Rashi on Eruvin 13b:46", 
            "prev": "Rashi on Eruvin 13b:43", 
            "ref": "Rashi on Eruvin 13b:46", 
            "heRef": "רש\"י על עירובין י״ג ב:מ״ו", 
            "next": "Rashi on Eruvin 13b:49"
        }, 
        "Rashi on Eruvin 13b:59": {
            "content": [
                {
                    "segmentNumber": "1", 
                    "links": [
                        {
                            "category": "Talmud", 
                            "index_title": "Eruvin", 
                            "sourceHeRef": "עירובין י״ג ב:נ״ט", 
                            "sourceRef": "Eruvin 13b:59"
                        }
                    ], 
                    "he": "עקומה - שאין אריח יכול לעמוד עליה:"
                }, 
                {
                    "segmentNumber": "2", 
                    "links": [
                        {
                            "category": "Talmud", 
                            "index_title": "Eruvin", 
                            "sourceHeRef": "עירובין י״ג ב:נ״ט", 
                            "sourceRef": "Eruvin 13b:59"
                        }
                    ], 
                    "he": "עגולה - ואין אריח יכול לעמוד עליה אבל עבה היא שאם תחלק יהא רחבה טפח:"
                }, 
                {
                    "segmentNumber": "3", 
                    "links": [
                        {
                            "category": "Talmud", 
                            "index_title": "Eruvin", 
                            "sourceHeRef": "עירובין י״ג ב:נ״ט", 
                            "sourceRef": "Eruvin 13b:59"
                        }
                    ], 
                    "he": "רואין אותה כאלו היא מרובעת - נפסלת או חלוקה ואי זו היא מדת עגולה להכשיר:"
                }
            ], 
            "heTitle": "רש\"י על עירובין י״ג ב:נ״ט", 
            "indexTitle": "Rashi on Eruvin", 
            "sectionRef": "Rashi on Eruvin 13b:59", 
            "prev": "Rashi on Eruvin 13b:58", 
            "ref": "Rashi on Eruvin 13b:59", 
            "heRef": "רש\"י על עירובין י״ג ב:נ״ט", 
            "next": "Rashi on Eruvin 13b:60"
        }, 
        "Rashi on Eruvin 13b:50": {
            "content": [], 
            "heTitle": "רש\"י על עירובין י״ג ב:נ׳", 
            "indexTitle": "Rashi on Eruvin", 
            "sectionRef": "Rashi on Eruvin 13b:50", 
            "prev": "Rashi on Eruvin 13b:49", 
            "ref": "Rashi on Eruvin 13b:50", 
            "heRef": "רש\"י על עירובין י״ג ב:נ׳", 
            "next": "Rashi on Eruvin 13b:51"
        }, 
        "Rashi on Eruvin 13b:47": {
            "content": [], 
            "heTitle": "רש\"י על עירובין י״ג ב:מ״ז", 
            "indexTitle": "Rashi on Eruvin", 
            "sectionRef": "Rashi on Eruvin 13b:47", 
            "prev": "Rashi on Eruvin 13b:43", 
            "ref": "Rashi on Eruvin 13b:47", 
            "heRef": "רש\"י על עירובין י״ג ב:מ״ז", 
            "next": "Rashi on Eruvin 13b:49"
        }, 
        "Rashi on Eruvin 13b:52": {
            "content": [
                {
                    "segmentNumber": "1", 
                    "links": [
                        {
                            "category": "Talmud", 
                            "index_title": "Eruvin", 
                            "sourceHeRef": "עירובין י״ג ב:נ״ב", 
                            "sourceRef": "Eruvin 13b:52"
                        }
                    ], 
                    "he": "מתני' רחבה כדי לקבל אריח - שתהא דומה לקביעות לבנות עליה בנין:"
                }
            ], 
            "heTitle": "רש\"י על עירובין י״ג ב:נ״ב", 
            "indexTitle": "Rashi on Eruvin", 
            "sectionRef": "Rashi on Eruvin 13b:52", 
            "prev": "Rashi on Eruvin 13b:51", 
            "ref": "Rashi on Eruvin 13b:52", 
            "heRef": "רש\"י על עירובין י״ג ב:נ״ב", 
            "next": "Rashi on Eruvin 13b:53"
        }, 
        "Rashi on Eruvin 13b:53": {
            "content": [
                {
                    "segmentNumber": "1", 
                    "links": [
                        {
                            "category": "Talmud", 
                            "index_title": "Eruvin", 
                            "sourceHeRef": "עירובין י״ג ב:נ״ג", 
                            "sourceRef": "Eruvin 13b:53"
                        }
                    ], 
                    "he": "ואריח חצי לבנה של ג' טפחים - נמצא אריח טפח ומחצה רוחב:"
                }
            ], 
            "heTitle": "רש\"י על עירובין י״ג ב:נ״ג", 
            "indexTitle": "Rashi on Eruvin", 
            "sectionRef": "Rashi on Eruvin 13b:53", 
            "prev": "Rashi on Eruvin 13b:52", 
            "ref": "Rashi on Eruvin 13b:53", 
            "heRef": "רש\"י על עירובין י״ג ב:נ״ג", 
            "next": "Rashi on Eruvin 13b:54"
        }, 
        "Rashi on Eruvin 13b:54": {
            "content": [
                {
                    "segmentNumber": "1", 
                    "links": [
                        {
                            "category": "Talmud", 
                            "index_title": "Eruvin", 
                            "sourceHeRef": "עירובין י״ג ב:נ״ד", 
                            "sourceRef": "Eruvin 13b:54"
                        }
                    ], 
                    "he": "דייה לקורה ברוחב טפח כדי לקבל אריח זה ברחבו - ובגמרא פריך טפח ומחצה בעי:"
                }
            ], 
            "heTitle": "רש\"י על עירובין י״ג ב:נ״ד", 
            "indexTitle": "Rashi on Eruvin", 
            "sectionRef": "Rashi on Eruvin 13b:54", 
            "prev": "Rashi on Eruvin 13b:53", 
            "ref": "Rashi on Eruvin 13b:54", 
            "heRef": "רש\"י על עירובין י״ג ב:נ״ד", 
            "next": "Rashi on Eruvin 13b:58"
        }, 
        "Rashi on Eruvin 13b:55": {
            "content": [], 
            "heTitle": "רש\"י על עירובין י״ג ב:נ״ה", 
            "indexTitle": "Rashi on Eruvin", 
            "sectionRef": "Rashi on Eruvin 13b:55", 
            "prev": "Rashi on Eruvin 13b:54", 
            "ref": "Rashi on Eruvin 13b:55", 
            "heRef": "רש\"י על עירובין י״ג ב:נ״ה", 
            "next": "Rashi on Eruvin 13b:58"
        }, 
        "Rashi on Eruvin 13b:56": {
            "content": [], 
            "heTitle": "רש\"י על עירובין י״ג ב:נ״ו", 
            "indexTitle": "Rashi on Eruvin", 
            "sectionRef": "Rashi on Eruvin 13b:56", 
            "prev": "Rashi on Eruvin 13b:54", 
            "ref": "Rashi on Eruvin 13b:56", 
            "heRef": "רש\"י על עירובין י״ג ב:נ״ו", 
            "next": "Rashi on Eruvin 13b:58"
        }, 
        "Rashi on Eruvin 13b:57": {
            "content": [], 
            "heTitle": "רש\"י על עירובין י״ג ב:נ״ז", 
            "indexTitle": "Rashi on Eruvin", 
            "sectionRef": "Rashi on Eruvin 13b:57", 
            "prev": "Rashi on Eruvin 13b:54", 
            "ref": "Rashi on Eruvin 13b:57", 
            "heRef": "רש\"י על עירובין י״ג ב:נ״ז", 
            "next": "Rashi on Eruvin 13b:58"
        }
    }, 
    "ref": "Rashi on Eruvin 13b"
}