[{
    "links": [], 
    "text": [], 
    "heTitleVariants": [
        "ילקות שמעוני על התורה"
    ], 
    "heTitle": "ילקות שמעוני על התורה", 
    "heRef": "ילקות שמעוני על התורה תקכ״ו", 
    "toSections": [
        526
    ], 
    "sectionRef": "Yalkut Shimoni on Torah 526", 
    "next": "Yalkut Shimoni on Torah 527", 
    "book": "Yalkut Shimoni on Torah", 
    "prev": "Yalkut Shimoni on Torah 525", 
    "textDepth": 2, 
    "sectionNames": [
        "Remez", 
        "Paragraph"
    ], 
    "sections": [
        526
    ], 
    "isComplex": false, 
    "titleVariants": [
        "Yalkut Shimoni on Torah"
    ], 
    "categories": [
        "Midrash", 
        "Aggadic Midrash"
    ], 
    "he": [
        "ויקרא משה אל מישאל ואל אלצפון מכאן אמרו אין הכהנים מיטמאים למתים שהרי אלעזר ואיתמר הכהנים לא נטמאו להם. ומי נתמאו להם הלוים. ממשמע שנאמר ובני קהת עמרם ויצהר וחברון ועוזיאל איני יודע שעוזיאל דוד אהרן מה תלמוד לומר דוד אהרן. מקיש מעשה עוזיאל למעשה אהרן מה אהרן רודף שלום בישראל אף עוזיאל רודף שלום בישראל. מנין שהיה אהרן רודף שלום בישראל שנאמר ויראו כל העדה כי גוע אהרן ויבכו את אהרן שלשים יום כל בית ישראל ובמשה הוא אומר ויבכו בני ישראל את משה מפני מה בכו את אהרן שלשים יום כל בית ישראל ובמשה לא בכו אלא בני ישראל שאהרן לא אמר לאיש סרחת ולא לאשה סרחת אבל משה מפני שהוכיחן נאמר בו בני ישראל. וכן הכתוב מפורש על ידי אהרן בקבלה בריתי היתה אתו החיים והשלום שהיה רודף שלום בישראל. ואתנם לו מורא וייראני שקבל עליו כל דברי תורה באימה ברתת ובזיע. מה ת\"ל ומפני שמי נתת הוא אמרו בשעה שיצק משה שמן המשחה על ראש אהרן נרתע ונפל לאחוריו אמר אוי לי שמא מעלתי בשמן המשחה, השיבתו רוח הקדש והנה מה טוב ומה נעים שבת אחים גם יחד כשמן הטוב על הראש יורד על הזקן זקן אהרן שיורד על פי מדותיו כטל חרמון שיורד על הררי ציון, מהטל זה אין בו מעילה אף שמן המשחה אין בו מעילה תורת אמת היתה בפיהו ולא אסר המותר ולא התיר האסור. בשלום ובמישור הלך אתי שלא הרהר אחר דרכי המקום כדרך שלא הרהר אברהם אבינו. רבים השיב מעון שהשיב פושעים לתורה ואומר מישרים אהבוך. ויקרבו וישאום בכתנותם מלמד שחס המקום עליהן במיתתן מבחייהן שאילו נשרף גופן ואין בגדיהן קיימין היו מפורסמין ומבוזין אלא נשרף גופיהן ובגדיהן קיימין. והרי דברים קל וחומר ומה אם אלו שהכעיסו המקום ונכנסו לפניו שלא ברצונו כך עשה להם קל וחומר לשאר צדיקים:", 
        "ויאמר משה אל אהרן ולאלעזר ולאיתמר בניו. רבי אומר בגדולה מתחילין מן הגדול דכתיב אל אהרן ולאלעזר ובקלקלה מתחילין מן הקטן דכתיב ויאמר ה' אל הנחש וגו' ואיבה אשית וגו' ואל האשה אמר נתקלל הנחש ואחר כך נתקללה חוה ואחר כך נתקלל אדם:", 
        "ראשיכם אל תפרעו אל תגדלו פרע. יכול לא תפרעו מן הכובע הרי אתה דן נאמרכאן פריעה ונאמר להלן פריעה מה פריעה האמור להלן גידול שער אף כאן גידול שער. ובגדיכם אל תפרומו אל תקרעו בגדיכם. ולא תמותו ממשמע שנאמר לאואתה שומע הן. ועל כל העדה יקצוף ואחיכם כל בית ישראל יבכו זה מקרא מסורס ואין ראוי לומר אלא ואחיכם יבכו ועל כל העדה יקצוף אם אחיכם אין בוכים יקצוף על כל העדה. יבכואת השרפה וגו' מה ת\"ל השרפה הרי אני דן נאמר כאן שרפה ונאמר להלן שרפה מה שרפה האמורה כאן שרפת נשמה וגוף קיים אף שרפה האמור להלן שרפת נשמה (כגון גוף קיים (משא\"כ) בשרפה האמורה בבת כהן ובשרפה האמורה באשה ואמה:"
    ], 
    "ref": "Yalkut Shimoni on Torah 526", 
    "type": "Midrash", 
    "addressTypes": [
        "Integer", 
        "Integer"
    ], 
    "indexTitle": "Yalkut Shimoni on Torah", 
    "heIndexTitle": "ילקות שמעוני על התורה", 
    "alts": [], 
    "order": ""
}]