{
    "heTitleVariants": [
        "ילקות שמעוני על התורה"
    ], 
    "heTitle": "ילקות שמעוני על התורה", 
    "heRef": "ילקות שמעוני על התורה ל״ד", 
    "toSections": [
        34
    ], 
    "sectionRef": "Yalkut Shimoni on Torah 34", 
    "next": "Yalkut Shimoni on Torah 35", 
    "content": [
        {
            "segmentNumber": "1", 
            "he": "בתורתו של ר' מאיר מצאו כתוב כתנות אור אלו בגדיו של אדם הראשון שהיו דומין לפנס רחבין מלמטה וצרין מלמעלה חלקין כצפורן ונאים כמרגלית ככלי פשתן הדקין הבאין מבית שאן כתנות עור שהן דבוקין לעור ובהן היו הבכורות משמשין. רבי שמואל בר נחמן אמר צמר גמלים וצמר ארנבים היו כתנות עור שהיו באין מעור אמר ר' לוי למדתך תורה דרך ארץ לפום חילך אכול. מכל עץ הגן תאכל ופרא מן מה דאת לביש ויעש לאדם ולאשתו כתנות עור ויותר ממה דאת שרי שהרי שנים הוו שרויין בכל העולם כלו. ", 
            "links": [], 
            "text": ""
        }, 
        {
            "segmentNumber": "2", 
            "he": "דבר אחר כתנות עור אמר ר' אלעזר מן העור שהפשיט הנחש לקח הקב\"ה ועשה להם כתנות כבוד לאדם ולעזרו. בין השמשות דמוצאי שבת היה אדם מהרהר בלבו אוי לי שמא הנחש שהתעה אותי יבוא וישופני ונשתלח לו עמוד של אש להאיר לו ולשמרו מכל רע ראה אדם ושמח בלבו ופשט ידיו לאורו ואמר ברוך אתה ה' בורא מאורי האש אמר עכשיו אני יודע שנבדל יום הקדש מיום החול שאין להבעיר אש ביום השבת וכל מי שמבדיל במוצאי שבת או שומע מן המבדיל הקב\"ה קורא לו קדוש וסגולה ומצילו מצרת העמים שנאמר והייתם לי סגלה מכל העמים. באחד בשבת נכנס אדם במימי (כט) גיחון העליון עד שהגיעו המים עד צוארו והיה מתענה שבע שבתות ימים עד שנעשה גופו כלבו. עד שאני בחיים אבנה לי בית מלון לרבצי. אמר ומה הלוחות על ידי שהן עתידין לכתוב באצבעו של הקב\"ה עתידין (לא) מימי הירדן לברוח מפניהם גופי שגבלו שתי ידיו ורוח נשמת פיו שנפח באפי על אחת כמה וכמה ולאחר מיתתי יבואו ויקחו את עצמותי ויעשו להם עבודה זרה אלא הריני מעמיק את ארוני למטה בארץ מערה לפנים ממערה לפיכך נקראת מערת המכפלה:", 
            "links": [], 
            "text": ""
        }, 
        {
            "segmentNumber": "3", 
            "he": "הן האדם היה מתוקן למיתה. אמר ר' ברכיה כשבקש הקב\"ה לבראות העולם תחלת ברייתו לא התחיל אלא אדם ועשאו גולם בא לזרוק בו נשמה אמר אם אני מעמידו עכשיו יאמרו שותף נעשה עמי במעשה בראשית אלא הריני מניחו גולם עד שאברא הכל משגמר הכל א\"ל מלאכי השרת אי אתה עושה אדם שאמרת א\"ל כבר עשיתיו ואינו חסר אלא זריקת נשמה והעמידו וכילל בו העולם בו התחיל בו סיים דכתיב אחור וקדם צרתני (לב) אמר הקב\"ה הן האדם היה כאחד ממנו. ", 
            "links": [], 
            "text": ""
        }, 
        {
            "segmentNumber": "4", 
            "he": "דבר אחר מה כתיב למעלה ויעש ה' אלהים כתנות עור וילבישם מלמד שעשה לו הקב\"ה בגדי כהונה כענין שנאמר והנה איש לבוש הבדים וכתיב כתנת בד קדש ילבש מכאן אתה למד שכהן גדול דומה למלאך כי מלאך ה' צבאות הוא למה הדבר דומה למלך שראה קרתי אחד והלבישו כבני פלטין א\"ל בני פלטין למלך אפילו אותו שהוא קרתני הוא כמונו כך אמרו המלאכים לפני הקב\"ה אפילו אדם שהוא יציר עפר הרי הוא כמונו. הן האדם היה כאחד ממנו למלך שחיבב עבדו ועשה לו מונייק של זהב סרח נטלו ממנו ונתן עליו כבלין כך עשה לו הקב\"ה בגדי כהונה וכשחטא העבירו ממנו שנאמר ויתפרו עלה תאנה. ", 
            "links": [], 
            "text": ""
        }, 
        {
            "segmentNumber": "5", 
            "he": "דבר אחר למלך שהיה לו בן בית והשליטו על כל אשר לו התחילו הכל אומרים שותפו הוא מה עשה המלך טרדו כך וישלחהו ה' מגן עדן. ", 
            "links": [], 
            "text": ""
        }, 
        {
            "segmentNumber": "6", 
            "he": "דבר אחר למלך שנשא אשה ועשה לה שלשלת של מרגליות סרחה נטלו הימנה וכתב לה גט כך הקב\"ה הניחו לאדם בגן עדן ועשה לו עשר חופות כיון שחטא נתן לו גט שנאמר וישלחהו ואין שלוח אלא גט שנאמר ושלחה מביתו:", 
            "links": [], 
            "text": ""
        }, 
        {
            "segmentNumber": "7", 
            "he": "דרש ר' פפייס הן האדם היה כאחד ממנו כאחד ממלאכי השרת א\"ל ר' עקיבא דייך פפייס אלא שנתן הקב\"ה לפניו שני דרכים ועזב דרך חיים וברר לו דרך המות. רבי יהודה בר' סימון אמר כיחידו של עולם שנאמר ה' אלהינו ה' אחד רבנן אמרין כגבריאל שנאמר והנה איש אחד לבוש הבדים ריש לקיש אמר כיונה מה זה בורח אף זה בורח. ויגרש את האדם מלמד שנתן לו הקב\"ה גירושין כאשה. וישכן מקדם לגן עדן את הכרובים מלמד שהכרובים קודמין לכל מעשה בראשית. ואת להט החרב זו גיהנם. לשמור את דרך זו דרך הארץ מלמד שדרך ארץ קדמה לעץ החיים ואין עץ אלא תורה שנאמר עץ חיים היא מה זה לא לן כבודו עמו אף זה לא לן כבודו עמו. ר' ברכיה אמר כאליהו מה זה לא טעם טעם מיתה אף זה לא היה ראוי לטעום טעם מיתה כל זמן שהיה אדם היה כאחד כיון שנטלה ממנו צלעתו שב לדעת טוב ורע. ועתה מלמד שפתח לו ה' בה פתח של תשובה כמה דאת אמר ועתה ישראל מה ה' אלהיך שואל מעמך. וישלחהו ר' יהודה אומר שילוח מגן עדן בעולם הזה ובעולם הבא הקשה עליו רבי נחמיה אומר שילוח מגן עדן בעולם הזה ולא שילוח בעולם הבא ודא מסייעא לרבי נחמיה אני בצדק אחזה פניך אשבעה בהקיץ תמונתך לכשיקיץ אותו שנברא כתמונתך באותה שעה אני מצדיקו מאותה גזרה. וישלחהו ה' אלהים כשבראו בראו במדת רחמים ובמדת הדין וכשטרדו טרדו במדת רחמים הן האדם לא יכול לעמוד בצוויך אפילו שעה אחת והרי בניך ממתינין לערלה ג' שנים שנאמר שלש שנים יהיה לכם ערלים לא יאכל. ויגרש את האדם למלך שהיו לו ג' אוהבין ולא היה עושה דבר חוץ מדעתן פעם אחת בקש המלך לעשות דבר חוץ מדעתן נטל את הראשון טרדו והוציאו חוץ מפלטין שלו השני חבשו בבית האסורין ונתן אספרוס עליו שלישי שהיה עליו חביב ביותר אמר איני עושה דבר חוץ מדעתו כך אדם הראשון ויגרש את האדם. נח ויסגר ה' בעדו. אברהם שהיה חביב עליו ביותר אמר איני עושה דבר חוץ מדעתו שנאמר וה' אמר המכסה אני מאברהם. ויגרש הראה לו חורבן בית המקדש כמה דאת אמר ויגרס בחצץ שני למגרשה של גן עדן טרדו והושיב עליו שומרים שישמרו אותו. מקדם רב אמר בכל מקום רוח מזרחית קולטת. קין וישב בארץ נוד קדמת עדן. רוצח אז יבדיל משה שלש ערים וגו' מזרחה שמש. ", 
            "links": [], 
            "text": ""
        }, 
        {
            "segmentNumber": "8", 
            "he": "דבר אחר מקדם לגן עדן נבראו המלאכים הדא הוא דכתיב היא החיה אשר ראיתי ואדע כי כרובים המה. ואת להט החרב על שם משרתיו אש לוהט. המתהפכת שהן מתהפכין פעמים אנשים פעמים נשים פעמים רוחות פעמים מלאכים. ", 
            "links": [], 
            "text": ""
        }, 
        {
            "segmentNumber": "9", 
            "he": "דבר אחר מקדם לגן עדן נברא גיהנם. גיהנם נברא בשני וגן עדן בשלישי. ואת להט החרב על שם ולהט אותם היום הבא. המתהפכת שהיא מתהפכת על האדם ומלהטתו מראשו ועד רגליו ומרגליו ועד ראשו אמר אדם מי מציל את בני מאש לוהט זו חרב מילה שנאמר עשה לך חרבות רבנן אמרין חרב תורה שנאמר וחרב פיפיות בידם וכיון שראה אדם שבניו עתידין ליאבד בגיהנם מעט עצמו מפריה ורביה וכיון שראה שאחר כ\"ו דורות עתידין בניו לקבל התורה נזקק להעמיד תולדות והאדם ידע את חוה אשתו. ויגרש את האדם יצא אדם וישב לו חוץ לגן עדן בהר המוריה ששערי גן עדן סמוך להר המוריה ומשם לקחו ולשם החזירו שנאמר לעבוד את האדמה (לג) אשר לוקח משם. כ\"ו דורות קדמה דרך ארץ את התורה שנאמר לשמור את דרך עץ החיים דרך זה דרך ארץ ואחר כך עץ החיים זה תורה:", 
            "links": [], 
            "text": ""
        }
    ], 
    "book": "Yalkut Shimoni on Torah", 
    "prev": "Yalkut Shimoni on Torah 33", 
    "textDepth": 2, 
    "sectionNames": [
        "Remez", 
        "Paragraph"
    ], 
    "sections": [
        34
    ], 
    "isComplex": false, 
    "titleVariants": [
        "Yalkut Shimoni on Torah"
    ], 
    "categories": [
        "Midrash", 
        "Aggadic Midrash"
    ], 
    "ref": "Yalkut Shimoni on Torah 34", 
    "type": "Midrash", 
    "addressTypes": [
        "Integer", 
        "Integer"
    ], 
    "indexTitle": "Yalkut Shimoni on Torah", 
    "heIndexTitle": "ילקות שמעוני על התורה", 
    "alts": [], 
    "order": ""
}