{
    "heTitleVariants": [
        "מצודת ציון על משלי"
    ], 
    "heTitle": "מצודת ציון על משלי", 
    "commentaryBook": "Proverbs", 
    "heRef": "מצודת ציון על משלי ט׳", 
    "toSections": [
        9
    ], 
    "sectionRef": "Metzudat Zion on Proverbs 9", 
    "title": "Metzudat Zion on Proverbs 9", 
    "lengths": [
        31, 
        915
    ], 
    "next": "Metzudat Zion on Proverbs 10:1", 
    "content": [
        {
            "segmentNumber": "1", 
            "he": [
                "<b>חצבה .</b> ענין כריתה וחתוך הנופל באבנים :\n"
            ], 
            "links": [
                {
                    "category": "Tanakh", 
                    "sourceHeRef": "משלי ט׳:א׳", 
                    "index_title": "Proverbs", 
                    "sourceRef": "Proverbs 9:1"
                }
            ], 
            "text": ""
        }, 
        {
            "segmentNumber": "2", 
            "he": [
                "<b>מסכה .</b> ענין מזיגת היין במים כמו למסוך שכר ( ישעיה ה ) : ", 
                "<b>ערכה .</b> ענין סדור :\n"
            ], 
            "links": [
                {
                    "category": "Tanakh", 
                    "sourceHeRef": "משלי ט׳:ב׳", 
                    "index_title": "Proverbs", 
                    "sourceRef": "Proverbs 9:2"
                }, 
                {
                    "category": "Tanakh", 
                    "sourceHeRef": "משלי ט׳:ב׳", 
                    "index_title": "Proverbs", 
                    "sourceRef": "Proverbs 9:2"
                }, 
                {
                    "category": "Tanakh", 
                    "sourceHeRef": "ישעיהו ה׳", 
                    "index_title": "Isaiah", 
                    "sourceRef": "Isaiah 5"
                }
            ], 
            "text": ""
        }, 
        {
            "segmentNumber": "3", 
            "he": [
                "<b>גפי .</b> ענין כנף ובדרז''ל עד בין אגפים ( חולין מ''ו ) ור''ל במקום גבוה שהעוף יפרח שם באגפיו : ", 
                "<b>קרת .</b> מל' קריה ועיר :\n"
            ], 
            "links": [
                {
                    "category": "Tanakh", 
                    "sourceHeRef": "משלי ט׳:ג׳", 
                    "index_title": "Proverbs", 
                    "sourceRef": "Proverbs 9:3"
                }, 
                {
                    "category": "Tanakh", 
                    "sourceHeRef": "משלי ט׳:ג׳", 
                    "index_title": "Proverbs", 
                    "sourceRef": "Proverbs 9:3"
                }, 
                {
                    "category": "Talmud", 
                    "sourceHeRef": "חולין מ״ו א", 
                    "index_title": "Chullin", 
                    "sourceRef": "Chullin 46a"
                }
            ], 
            "text": ""
        }, 
        {
            "segmentNumber": "4", 
            "he": [], 
            "links": [], 
            "text": ""
        }, 
        {
            "segmentNumber": "5", 
            "he": [
                "<b>לחמו .</b> אכלו לחם ולתוספת ביאור אמר בלחמי וכן מסעף פארה ( ישעיה י' ) :\n"
            ], 
            "links": [
                {
                    "category": "Tanakh", 
                    "sourceHeRef": "משלי ט׳:ה׳", 
                    "index_title": "Proverbs", 
                    "sourceRef": "Proverbs 9:5"
                }, 
                {
                    "category": "Tanakh", 
                    "sourceHeRef": "ישעיהו י׳", 
                    "index_title": "Isaiah", 
                    "sourceRef": "Isaiah 10"
                }
            ], 
            "text": ""
        }, 
        {
            "segmentNumber": "6", 
            "he": [
                "<b>ואשרו .</b> וצעדו כמו ואשר בדרך לבך ( לקמן כ''ג ) :\n"
            ], 
            "links": [
                {
                    "category": "Tanakh", 
                    "sourceHeRef": "משלי ט׳:ו׳", 
                    "index_title": "Proverbs", 
                    "sourceRef": "Proverbs 9:6"
                }
            ], 
            "text": ""
        }, 
        {
            "segmentNumber": "7", 
            "he": [], 
            "links": [], 
            "text": ""
        }, 
        {
            "segmentNumber": "8", 
            "he": [], 
            "links": [], 
            "text": ""
        }, 
        {
            "segmentNumber": "9", 
            "he": [], 
            "links": [], 
            "text": ""
        }, 
        {
            "segmentNumber": "10", 
            "he": [], 
            "links": [], 
            "text": ""
        }, 
        {
            "segmentNumber": "11", 
            "he": [], 
            "links": [], 
            "text": ""
        }, 
        {
            "segmentNumber": "12", 
            "he": [], 
            "links": [], 
            "text": ""
        }, 
        {
            "segmentNumber": "13", 
            "he": [], 
            "links": [], 
            "text": ""
        }, 
        {
            "segmentNumber": "14", 
            "he": [], 
            "links": [], 
            "text": ""
        }, 
        {
            "segmentNumber": "15", 
            "he": [], 
            "links": [], 
            "text": ""
        }, 
        {
            "segmentNumber": "16", 
            "he": [], 
            "links": [], 
            "text": ""
        }, 
        {
            "segmentNumber": "17", 
            "he": [
                "<b>ינעם .</b> ענין מתיקות וערבות :\n\n"
            ], 
            "links": [
                {
                    "category": "Tanakh", 
                    "sourceHeRef": "משלי ט׳:י״ז", 
                    "index_title": "Proverbs", 
                    "sourceRef": "Proverbs 9:17"
                }
            ], 
            "text": ""
        }
    ], 
    "book": "Metzudat Zion on Proverbs", 
    "prev": "Metzudat Zion on Proverbs 8:35", 
    "textDepth": 3, 
    "sectionNames": [
        "Chapter", 
        "Verse", 
        "Comment"
    ], 
    "sections": [
        9
    ], 
    "commentator": "Metzudat Zion", 
    "isComplex": false, 
    "commentaryCategories": [
        "Tanakh", 
        "Writings"
    ], 
    "titleVariants": [
        "Metzudat Zion on Pro.", 
        "Metzudat Zion on Prov.", 
        "Metzudat Zion on Pro", 
        "Metzudat Zion on Prov", 
        "Metzudat Zion on Proverbs", 
        "Metzudat Zion on Mishlei"
    ], 
    "categories": [
        "Commentary", 
        "Tanakh", 
        "Metzudat Zion"
    ], 
    "ref": "Metzudat Zion on Proverbs 9", 
    "type": "Commentary", 
    "addressTypes": [
        "Integer", 
        "Integer", 
        "Integer"
    ], 
    "heCommentator": "מצודת ציון", 
    "length": 31, 
    "indexTitle": "Metzudat Zion on Proverbs", 
    "heIndexTitle": "מצודת ציון על משלי", 
    "alts": [], 
    "order": [
        28, 
        2
    ]
}