{
    "content": [
        {
            "segmentNumber": "1", 
            "he": " בא\"ד דלשכת טלאים כו' ונימא דכולה אקצויי מקצו כזה "
        }, 
        {
            "segmentNumber": "2", 
            "he": "ג עכ\"ל: "
        }, 
        {
            "segmentNumber": "3", 
            "he": " "
        }, 
        {
            "segmentNumber": "4", 
            "he": " "
        }, 
        {
            "segmentNumber": "5", 
            "links": [
                {
                    "category": "Talmud", 
                    "index_title": "Yoma", 
                    "sourceHeRef": "יומא י״ז א:ה׳", 
                    "sourceRef": "Yoma 17a:5"
                }
            ], 
            "he": "ג מזרח מזרח מזרח לחם מוקד מוקד מוקד לחם הפנים בית המוקד הגדול דרום בית המוקד הגדול צפון דרום בית המוקד הגדול צפון דרום צפון חותמות טלאים ב א חותם חותמות טלאי' אקצויי מערב וקרוב לצפון טלאים מערב מערב "
        }, 
        {
            "segmentNumber": "6", 
            "he": "בא\"ד וי\"ל דהיינו כו' שנראה לו דוחק קצת לומר דכולהו אקצויי מקצו עכ\"ל ק\"ק דאכתי נימא דלשכת טלאים במקצוע צפונית מערבית והני תרתי לשכת טלאים ולשכת לחם הפנים אקצויי מקצו כזה "
        }, 
        {
            "segmentNumber": "7", 
            "he": "ד: "
        }, 
        {
            "segmentNumber": "8", 
            "he": "בפרש\"י בד\"ה אי אמרת כו' הטלאים בדרומית מערבית לשכת חותמות כי אזלת כו' כצ\"ל: "
        }, 
        {
            "segmentNumber": "9", 
            "he": "תוס' בד\"ה והאמר מר כו' היינו בקרן צפונית מערבית של עזרה כו' ועוד דאלחם הפנים כו' רביעית לה דרומית מזרחית של בית המוקד גדול כזה "
        }, 
        {
            "segmentNumber": "10", 
            "he": "ה: \n"
        }
    ], 
    "heTitle": " חידושי הלכות על מסכת יומא י״ז א", 
    "indexTitle": "Chidushei Halachot on Yoma", 
    "sectionRef": "Chidushei Halachot on Yoma 17a", 
    "prev": "Chidushei Halachot on Yoma 16b", 
    "ref": "Chidushei Halachot on Yoma 17a", 
    "heRef": " חידושי הלכות על מסכת יומא י״ז א", 
    "next": "Chidushei Halachot on Yoma 17b"
}