{
    "heTitleVariants": [
        "רשב\"ם על בבא בתרא", 
        "רשב\"ם על ב״ב", 
        "רשב\"ם על ב\"ב"
    ], 
    "heTitle": "רשב\"ם על בבא בתרא ק״ט ב", 
    "content": [
        {
            "segmentNumber": "1", 
            "he": [
                "ואי אתה מעביר נחלה מן האב אפי' במקום בת - הך לאו דוקא מקרא משתמעא מידי אלא ה\"ק מהאי קרא לא תילף דבת קודמת לאב דלא מיירי קרא באב אלא באחיו אלא לעולם אימא לך דאב קודם לבת דהוא קרוב טפי:"
            ], 
            "links": [
                {
                    "category": "Talmud", 
                    "sourceHeRef": "בבא בתרא ק״ט ב:א׳", 
                    "sourceRef": "Bava Batra 109b:1", 
                    "ref": "Bava Batra 109b:1"
                }
            ], 
            "text": ""
        }, 
        {
            "segmentNumber": "2", 
            "he": [], 
            "links": [], 
            "text": ""
        }, 
        {
            "segmentNumber": "3", 
            "he": [], 
            "links": [], 
            "text": ""
        }, 
        {
            "segmentNumber": "4", 
            "he": [], 
            "links": [], 
            "text": ""
        }, 
        {
            "segmentNumber": "5", 
            "he": [
                "שארו זו אשתו - כדכתיב והיו לבשר אחד (בראשית ב) וכתב נמי שארה כסותה ועונתה לא יגרע (שמות כא):", 
                "יורש את אשתו - דקסבר גורעין ומוסיפין ודורשין וקרי הכי ונתתם את נחלת שארו לו והכי מפרשינן לה לקמן בפירקין ויליף לה מוירש אותה לשון נקבה:"
            ], 
            "links": [
                {
                    "category": "Talmud", 
                    "sourceHeRef": "בבא בתרא ק״ט ב:ה׳", 
                    "sourceRef": "Bava Batra 109b:5", 
                    "ref": "Bava Batra 109b:5"
                }, 
                {
                    "category": "Talmud", 
                    "sourceHeRef": "בבא בתרא ק״ט ב:ה׳", 
                    "sourceRef": "Bava Batra 109b:5", 
                    "ref": "Bava Batra 109b:5"
                }, 
                {
                    "category": "Tanach", 
                    "sourceHeRef": "שמות כ״א", 
                    "sourceRef": "Exodus 21", 
                    "ref": "Exodus 21"
                }, 
                {
                    "category": "Tanach", 
                    "sourceHeRef": "בראשית ב׳", 
                    "sourceRef": "Genesis 2", 
                    "ref": "Genesis 2"
                }
            ], 
            "text": ""
        }, 
        {
            "segmentNumber": "6", 
            "he": [
                "האי והעברתם מאי עביד ליה - לכתוב ונתתם:"
            ], 
            "links": [
                {
                    "category": "Talmud", 
                    "sourceHeRef": "בבא בתרא ק״ט ב:ו׳", 
                    "sourceRef": "Bava Batra 109b:6", 
                    "ref": "Bava Batra 109b:6"
                }
            ], 
            "text": ""
        }, 
        {
            "segmentNumber": "7", 
            "he": [], 
            "links": [], 
            "text": ""
        }, 
        {
            "segmentNumber": "8", 
            "he": [
                "משבט לשבט - נחלת שבט ראובן לשבט שמעון:", 
                "הואיל ובנה ובעלה יורשין אותה - כגון סרח בת אשר שנשואה לחנוך בן ראובן ומת אשר בלא בנים זכרים וירשתו סרח בתו ומתה סרח וירשה בנה או בעלה שהם משבט ראובן נמצא שהוסבה נחלת שבט אשר לשבט ראובן ואשמעינן קרא שהבעל או הבן יורש את אשתו ואת אמו ואיכא דדריש לקמן ירושת הבן את אמו מקרא אחרינא ורבי דריש לה מהכא:"
            ], 
            "links": [
                {
                    "category": "Talmud", 
                    "sourceHeRef": "בבא בתרא ק״ט ב:ח׳", 
                    "sourceRef": "Bava Batra 109b:8", 
                    "ref": "Bava Batra 109b:8"
                }, 
                {
                    "category": "Talmud", 
                    "sourceHeRef": "בבא בתרא ק״ט ב:ח׳", 
                    "sourceRef": "Bava Batra 109b:8", 
                    "ref": "Bava Batra 109b:8"
                }
            ], 
            "text": ""
        }, 
        {
            "segmentNumber": "9", 
            "he": [
                "אימא שארו זו האם - ונילף מכאן דבין אביו בין אמו יורשין אותו:"
            ], 
            "links": [
                {
                    "category": "Talmud", 
                    "sourceHeRef": "בבא בתרא ק״ט ב:ט׳", 
                    "sourceRef": "Bava Batra 109b:9", 
                    "ref": "Bava Batra 109b:9"
                }
            ], 
            "text": ""
        }, 
        {
            "segmentNumber": "10", 
            "he": [], 
            "links": [], 
            "text": ""
        }, 
        {
            "segmentNumber": "11", 
            "he": [], 
            "links": [], 
            "text": ""
        }, 
        {
            "segmentNumber": "12", 
            "he": [], 
            "links": [], 
            "text": ""
        }, 
        {
            "segmentNumber": "13", 
            "he": [], 
            "links": [], 
            "text": ""
        }, 
        {
            "segmentNumber": "14", 
            "he": [], 
            "links": [], 
            "text": ""
        }, 
        {
            "segmentNumber": "15", 
            "he": [
                "ממשפחתו - היינו הקרובים לו מצד אביו:"
            ], 
            "links": [
                {
                    "category": "Talmud", 
                    "sourceHeRef": "בבא בתרא ק״ט ב:ט״ו", 
                    "sourceRef": "Bava Batra 109b:15", 
                    "ref": "Bava Batra 109b:15"
                }
            ], 
            "text": ""
        }, 
        {
            "segmentNumber": "16", 
            "he": [], 
            "links": [], 
            "text": ""
        }, 
        {
            "segmentNumber": "17", 
            "he": [], 
            "links": [], 
            "text": ""
        }, 
        {
            "segmentNumber": "18", 
            "he": [], 
            "links": [], 
            "text": ""
        }, 
        {
            "segmentNumber": "19", 
            "he": [
                "ויהי נער וגו' - בספר שופטים כתיב בפרשת פסלו של מיכה: וקא מתמה גמרא ממשפחת יהודה אלמא מיהודה קאתי וכתיב והוא לוי אלמא מלוי קאתי קשיין אהדדי:"
            ], 
            "links": [
                {
                    "category": "Talmud", 
                    "sourceHeRef": "בבא בתרא ק״ט ב:י״ט", 
                    "sourceRef": "Bava Batra 109b:19", 
                    "ref": "Bava Batra 109b:19"
                }
            ], 
            "text": ""
        }, 
        {
            "segmentNumber": "20", 
            "he": [], 
            "links": [], 
            "text": ""
        }, 
        {
            "segmentNumber": "21", 
            "he": [
                "אלא לאו דאבוה מלוי - להכי קרו ליה לוי שהלוים למטה אבותם נקראים לוים והאי דקאמר ממשפחת יהודה על שם שאמו משבט יהודה:"
            ], 
            "links": [
                {
                    "category": "Talmud", 
                    "sourceHeRef": "בבא בתרא ק״ט ב:כ״א", 
                    "sourceRef": "Bava Batra 109b:21", 
                    "ref": "Bava Batra 109b:21"
                }
            ], 
            "text": ""
        }, 
        {
            "segmentNumber": "22", 
            "he": [], 
            "links": [], 
            "text": ""
        }, 
        {
            "segmentNumber": "23", 
            "he": [], 
            "links": [], 
            "text": ""
        }, 
        {
            "segmentNumber": "24", 
            "he": [
                "ומשני לא גברא דשמיה לוי - האי דכתיב והוא לוי כלומר כך שמו ולא משבט לוי הוא אלא משבט יהודה כדכתיב ממשפחת יהודה דמשפחת אב קרויה משפחה:"
            ], 
            "links": [
                {
                    "category": "Talmud", 
                    "sourceHeRef": "בבא בתרא ק״ט ב:כ״ד", 
                    "sourceRef": "Bava Batra 109b:24", 
                    "ref": "Bava Batra 109b:24"
                }
            ], 
            "text": ""
        }, 
        {
            "segmentNumber": "25", 
            "he": [
                "היינו דקאמר מיכה כו' - בתמיה שהיה מתגאה בעצמו על שנקרה לו איש לוי לכהן לע\"ז ואי משבט יהודה הוא ממה היה משתבח לעצמו אלא ודאי משום דמשבט לוי הוא שבהם בחר הקדוש ברוך הוא לשרתו ולעולם אבוה מלוי ואימיה מיהודה והדרא קושיין לדוכתה:"
            ], 
            "links": [
                {
                    "category": "Talmud", 
                    "sourceHeRef": "בבא בתרא ק״ט ב:כ״ה", 
                    "sourceRef": "Bava Batra 109b:25", 
                    "ref": "Bava Batra 109b:25"
                }
            ], 
            "text": ""
        }, 
        {
            "segmentNumber": "26", 
            "he": [], 
            "links": [], 
            "text": ""
        }, 
        {
            "segmentNumber": "27", 
            "he": [
                "ומשני דאתרמי ליה גברא ששמיה לוי - בכך היה משתבח כאילו הוה משבט לוי ולעולם לאו לוי הוא אלא משבט יהודה:"
            ], 
            "links": [
                {
                    "category": "Talmud", 
                    "sourceHeRef": "בבא בתרא ק״ט ב:כ״ז", 
                    "sourceRef": "Bava Batra 109b:27", 
                    "ref": "Bava Batra 109b:27"
                }
            ], 
            "text": ""
        }, 
        {
            "segmentNumber": "28", 
            "he": [], 
            "links": [], 
            "text": ""
        }, 
        {
            "segmentNumber": "29", 
            "he": [
                "והלא יונתן שמו - בעל כרחך האי דקרי ליה לוי היינו דמשבט לוי הוי וקרי ליה משפחת יהודה אלמא משפחת האם קרויה משפחה:"
            ], 
            "links": [
                {
                    "category": "Talmud", 
                    "sourceHeRef": "בבא בתרא ק״ט ב:כ״ט", 
                    "sourceRef": "Bava Batra 109b:29", 
                    "ref": "Bava Batra 109b:29"
                }
            ], 
            "text": ""
        }, 
        {
            "segmentNumber": "30", 
            "he": [
                "בן מנשה - הנו\"ן תלויה לפי שהיא יתירה דבן משה הוא ויהונתן בן גרשם כו' בההיא פרשתא כתיב שגזלו שבט הדני פסלו של מיכה והלוי הלך עמהם להיות להם לכהן ומשני וכי בן מנשה הוא והלא בן משה הוא דלכך הנו\"ן תלויה וגם מדקרי ליה לוי שהיה משבט לוי וכדכתיב בדברי הימים ובני משה גרשום ואליעזר:"
            ], 
            "links": [
                {
                    "category": "Talmud", 
                    "sourceHeRef": "בבא בתרא ק״ט ב:ל׳", 
                    "sourceRef": "Bava Batra 109b:30", 
                    "ref": "Bava Batra 109b:30"
                }
            ], 
            "text": ""
        }, 
        {
            "segmentNumber": "31", 
            "he": [], 
            "links": [], 
            "text": ""
        }, 
        {
            "segmentNumber": "32", 
            "he": [], 
            "links": [], 
            "text": ""
        }, 
        {
            "segmentNumber": "33", 
            "he": [], 
            "links": [], 
            "text": ""
        }, 
        {
            "segmentNumber": "34", 
            "he": [], 
            "links": [], 
            "text": ""
        }, 
        {
            "segmentNumber": "35", 
            "he": [
                "אלא מתוך שעשה מעשה מנשה - בן חזקיה מלך יהודה שעבד ע\"ז תלאו הכתוב במנשה הכא נמי לעולם משבט לוי הוא כדקאמרת והאי דקרי ליה ממשפחת יהודה לאו משום דאתי מיהודה לא אביו ולא אמו אלא מתוך שעשה מעשה מנשה בן חזקיה כו':"
            ], 
            "links": [
                {
                    "category": "Talmud", 
                    "sourceHeRef": "בבא בתרא ק״ט ב:ל״ה", 
                    "sourceRef": "Bava Batra 109b:35", 
                    "ref": "Bava Batra 109b:35"
                }
            ], 
            "text": ""
        }, 
        {
            "segmentNumber": "36", 
            "he": [], 
            "links": [], 
            "text": ""
        }, 
        {
            "segmentNumber": "37", 
            "he": [], 
            "links": [], 
            "text": ""
        }, 
        {
            "segmentNumber": "38", 
            "he": [
                "מכאן - מדקרי ליה בן מנשה וממשפחת יהודה:", 
                "הקלקלה - דבהך פרשתא מיירי שנעשה כהן לע\"ז:", 
                "במקולקל - מנשה:"
            ], 
            "links": [
                {
                    "category": "Talmud", 
                    "sourceHeRef": "בבא בתרא ק״ט ב:ל״ח", 
                    "sourceRef": "Bava Batra 109b:38", 
                    "ref": "Bava Batra 109b:38"
                }, 
                {
                    "category": "Talmud", 
                    "sourceHeRef": "בבא בתרא ק״ט ב:ל״ח", 
                    "sourceRef": "Bava Batra 109b:38", 
                    "ref": "Bava Batra 109b:38"
                }, 
                {
                    "category": "Talmud", 
                    "sourceHeRef": "בבא בתרא ק״ט ב:ל״ח", 
                    "sourceRef": "Bava Batra 109b:38", 
                    "ref": "Bava Batra 109b:38"
                }
            ], 
            "text": ""
        }, 
        {
            "segmentNumber": "39", 
            "he": [], 
            "links": [], 
            "text": ""
        }, 
        {
            "segmentNumber": "40", 
            "he": [
                "ילדה אחרי אבשלום - משמע שמאם אחת היו:", 
                "והלא אדניה - היה בן חגית:"
            ], 
            "links": [
                {
                    "category": "Talmud", 
                    "sourceHeRef": "בבא בתרא ק״ט ב:מ׳", 
                    "sourceRef": "Bava Batra 109b:40", 
                    "ref": "Bava Batra 109b:40"
                }, 
                {
                    "category": "Talmud", 
                    "sourceHeRef": "בבא בתרא ק״ט ב:מ׳", 
                    "sourceRef": "Bava Batra 109b:40", 
                    "ref": "Bava Batra 109b:40"
                }
            ], 
            "text": ""
        }, 
        {
            "segmentNumber": "41", 
            "he": [], 
            "links": [], 
            "text": ""
        }, 
        {
            "segmentNumber": "42", 
            "he": [], 
            "links": [], 
            "text": ""
        }, 
        {
            "segmentNumber": "43", 
            "he": [], 
            "links": [], 
            "text": ""
        }, 
        {
            "segmentNumber": "44", 
            "he": [
                "יצא ממנו יהונתן - בן בנו של משה:", 
                "פנחס - בן בנו של אהרן: ומתמהינן פנחס והלא מיתרו קאתי מבת יתרו אלמא קרוב היה ליתרו יותר מיהונתן בן גרשום ואפי' הכי חסיד היה ואין ללמוד מכאן שידבק אדם בטובים שהרי אלעזר אבי פנחס לקח בת יתרו ויצא ממנה פנחס ואם אהרן דבק בטובים אלעזר בנו לא דבק בטובים:"
            ], 
            "links": [
                {
                    "category": "Talmud", 
                    "sourceHeRef": "בבא בתרא ק״ט ב:מ״ד", 
                    "sourceRef": "Bava Batra 109b:44", 
                    "ref": "Bava Batra 109b:44"
                }, 
                {
                    "category": "Talmud", 
                    "sourceHeRef": "בבא בתרא ק״ט ב:מ״ד", 
                    "sourceRef": "Bava Batra 109b:44", 
                    "ref": "Bava Batra 109b:44"
                }
            ], 
            "text": ""
        }, 
        {
            "segmentNumber": "45", 
            "he": [], 
            "links": [], 
            "text": ""
        }, 
        {
            "segmentNumber": "46", 
            "he": [], 
            "links": [], 
            "text": ""
        }, 
        {
            "segmentNumber": "47", 
            "he": [
                "מאי לאו - מבנות יתרו כו' כלומר בת יתרו ממש אחת מבנותיו:", 
                "מבנות יוסף - כלומר משבט יוסף:"
            ], 
            "links": [
                {
                    "category": "Talmud", 
                    "sourceHeRef": "בבא בתרא ק״ט ב:מ״ז", 
                    "sourceRef": "Bava Batra 109b:47", 
                    "ref": "Bava Batra 109b:47"
                }, 
                {
                    "category": "Talmud", 
                    "sourceHeRef": "בבא בתרא ק״ט ב:מ״ז", 
                    "sourceRef": "Bava Batra 109b:47", 
                    "ref": "Bava Batra 109b:47"
                }
            ], 
            "text": ""
        }, 
        {
            "segmentNumber": "48", 
            "he": [
                "שפטפט - מתריס ונלחם כנגד יצרו כדאמרי' לקמן בפירקין (דף קטו:) חוץ מזקן אחד שהיה מפטפט כנגדו:"
            ], 
            "links": [
                {
                    "category": "Talmud", 
                    "sourceHeRef": "בבא בתרא ק״ט ב:מ״ח", 
                    "sourceRef": "Bava Batra 109b:48", 
                    "ref": "Bava Batra 109b:48"
                }
            ], 
            "text": ""
        }, 
        {
            "segmentNumber": "49", 
            "he": [
                "ופרכינן והלא שבטים מבזין אותו כו' - בסנהדרין בפרק אלו הן הנשרפין התחילו שבטים מבזין אותו כו':"
            ], 
            "links": [
                {
                    "category": "Talmud", 
                    "sourceHeRef": "בבא בתרא ק״ט ב:מ״ט", 
                    "sourceRef": "Bava Batra 109b:49", 
                    "ref": "Bava Batra 109b:49"
                }
            ], 
            "text": ""
        }, 
        {
            "segmentNumber": "50", 
            "he": [
                "שפיטם - כדכתיב כהן און (בראשית מא) כומר:"
            ], 
            "links": [
                {
                    "category": "Talmud", 
                    "sourceHeRef": "בבא בתרא ק״ט ב:נ׳", 
                    "sourceRef": "Bava Batra 109b:50", 
                    "ref": "Bava Batra 109b:50"
                }, 
                {
                    "category": "Tanach", 
                    "sourceHeRef": "בראשית מ״א", 
                    "sourceRef": "Genesis 41", 
                    "ref": "Genesis 41"
                }
            ], 
            "text": ""
        }
    ], 
    "commentaryBook": "Bava Batra", 
    "heRef": "רשב\"ם על בבא בתרא ק״ט ב", 
    "toSections": [
        "109b"
    ], 
    "sectionRef": "Rashbam on Bava Batra 109b", 
    "title": "Rashbam on Bava Batra 109b", 
    "lengths": [
        350, 
        13690
    ], 
    "next": "Rashbam on Bava Batra 110a:1", 
    "heBook": "רשב\"ם על בבא בתרא", 
    "book": "Rashbam on Bava Batra", 
    "prev": "Rashbam on Bava Batra 109a:23", 
    "textDepth": 3, 
    "sectionNames": [
        "Daf", 
        "Line", 
        "Comment"
    ], 
    "sections": [
        "109b"
    ], 
    "commentator": "Rashbam", 
    "isComplex": false, 
    "commentaryCategories": [
        "Talmud", 
        "Bavli", 
        "Seder Nezikin"
    ], 
    "titleVariants": [
        "Samuel ben Meir on Talmud Bava Batra", 
        "Shumel ben Meir on Bava Batra", 
        "Rashbam on Masekhet Bava Batra", 
        "Samuel ben Meir on Bava Bathra", 
        "Rashbam on Tractate Bava Batra", 
        "Rashbam on Bava Batra", 
        "Samuel ben Meir on Tractate Bava Batra", 
        "Shumel ben Meir on Tractate Bava Batra", 
        "Samuel ben Meir on Masekhet Bava Batra", 
        "Samuel ben Meir on Bava Batra", 
        "Rashbam on Talmud Bava Batra", 
        "Shumel ben Meir on Bava Bathra", 
        "Shumel ben Meir on Masekhet Bava Batra", 
        "Shumel ben Meir on Talmud Bava Batra", 
        "Rashbam on Bava Bathra"
    ], 
    "categories": [
        "Commentary", 
        "Talmud", 
        "Rashbam"
    ], 
    "ref": "Rashbam on Bava Batra 109b", 
    "type": "Commentary", 
    "addressTypes": [
        "Talmud", 
        "Integer", 
        "Integer"
    ], 
    "heCommentator": "רשב\"ם", 
    "length": 350, 
    "indexTitle": "Rashbam on Bava Batra", 
    "heIndexTitle": "רשב\"ם על בבא בתרא", 
    "alts": [], 
    "order": [
        22, 
        3
    ]
}