{
    "heTitleVariants": [
        "רשב\"ם על בבא בתרא", 
        "רשב\"ם על ב״ב", 
        "רשב\"ם על ב\"ב"
    ], 
    "heTitle": "רשב\"ם על בבא בתרא ק״ו א", 
    "content": [
        {
            "segmentNumber": "1", 
            "he": [
                "מתני' בסימניו ובמצריו - האומר לחבירו בית כור עפר אני מוכר לך בתוך הסימנין והמצרים הללו שאתה רואה הכל קח לך:", 
                "פחות משתות הגיעו - דהיינו טפי מרובע לסאה כפלי כפלים דשתות היינו קב לסאה וה\"נ טעמא דלא דמי להן חסר הן יתר דהתם הוי שיעוריה ברובע לסאה אבל הכא בעי טפי דהא כיון. דאמר בית כור עפר אני מוכר לך כהן חסר הן יתר דמי כדאוקימנן לעיל והשתא דאמר בית כור בסימניו ובמצריו אני מוכר לך מטפינן שיעורא ואמרי' אפילו פחות משתות הגיעו דכיון דהראה לו המצרים כמאן דזבין ליה שדה זו סתמא דמי כמות שהוא בין קטן בין גדול אלא דאהני מאי דאמר בית כור שיהא קרוב לבית כור שאינו חסר יותר משתות וכן דלא ליהוי מותר יתר על שתות: הכי גרסי' בסדר המשנה פחות משתות הגיעו עד שתות ינכה ובגמ' פליגי אמוראי בשתות עצמה אי הוי כפחות משתות והגיעו וה\"ק פיחת מן הבית כור שתות וכ\"ש פחות משתות הגיעו אבל יותר משתות ולמטה עד שתות ולא שתות בכלל ינכה או דלמא שתות כיתר משתות וה\"ק פחות משתות הגיעו כלומר אם יש אונאה ביניהן פחות משתות כגון שהותיר או חיסר פחות משתות הגיעו אבל יותר משתות עד שתות ושתות בכלל ינכה:", 
                "ינכה - מן הדמים ואם הותיר יחזיר לו קרקע והאי שתות לאו משום דין אונאה דאין אונאה אלא למטלטלי אבל במקרקעי אין אונאה שאם מכר לו שוה פרוטה במנה או שוה מנה בפרוטה הגיעו אלא שיעורא דרבנן היא דהכי מחיל איניש היכא דאמר בסימניו ובמצריו טפי לא מחיל:", 
                "גמ' שתות - הגיעו כפחות משתות היכא דא\"ל בסימניו ובמצריו וה\"ק פחות משתות ושתות הגיעו דהאי דקתני פחות משתות הגיעו היינו פיחת מן הבית כור שתות וכ\"ש פחות משתות הגיעו וממתני' דקתני עד שתות ינכה משמע ליה לרב הונא עד ולא עד בכלל ולרב יהודה עד ועד בכלל:"
            ], 
            "links": [
                {
                    "category": "Talmud", 
                    "sourceHeRef": "בבא בתרא ק״ו א:א׳", 
                    "sourceRef": "Bava Batra 106a:1", 
                    "ref": "Bava Batra 106a:1"
                }, 
                {
                    "category": "Talmud", 
                    "sourceHeRef": "בבא בתרא ק״ו א:א׳", 
                    "sourceRef": "Bava Batra 106a:1", 
                    "ref": "Bava Batra 106a:1"
                }, 
                {
                    "category": "Talmud", 
                    "sourceHeRef": "בבא בתרא ק״ו א:א׳", 
                    "sourceRef": "Bava Batra 106a:1", 
                    "ref": "Bava Batra 106a:1"
                }, 
                {
                    "category": "Talmud", 
                    "sourceHeRef": "בבא בתרא ק״ו א:א׳", 
                    "sourceRef": "Bava Batra 106a:1", 
                    "ref": "Bava Batra 106a:1"
                }
            ], 
            "text": ""
        }, 
        {
            "segmentNumber": "2", 
            "he": [], 
            "links": [], 
            "text": ""
        }, 
        {
            "segmentNumber": "3", 
            "he": [], 
            "links": [], 
            "text": ""
        }, 
        {
            "segmentNumber": "4", 
            "he": [], 
            "links": [], 
            "text": ""
        }, 
        {
            "segmentNumber": "5", 
            "he": [], 
            "links": [], 
            "text": ""
        }, 
        {
            "segmentNumber": "6", 
            "he": [], 
            "links": [], 
            "text": ""
        }, 
        {
            "segmentNumber": "7", 
            "he": [], 
            "links": [], 
            "text": ""
        }, 
        {
            "segmentNumber": "8", 
            "he": [], 
            "links": [], 
            "text": ""
        }, 
        {
            "segmentNumber": "9", 
            "he": [], 
            "links": [], 
            "text": ""
        }, 
        {
            "segmentNumber": "10", 
            "he": [
                "מיתיבי - לרב הונא: הכי גרסינן בתוספתא (פ\"ו) בסימניו ובמצריו פיחת שתות או הותיר שתות כשום הדיינין הגיעו בכתובות בפרק אלמנה ניזונת (דף צט:) תנן שום הדיינין שפחתו שתות או הותירו שתות מכרן בטל. שום הדיינין ב\"ד שירדו לשום נכסי יתומים למכרן למזון האשה והבנות:"
            ], 
            "links": [
                {
                    "category": "Talmud", 
                    "sourceHeRef": "בבא בתרא ק״ו א:י׳", 
                    "sourceRef": "Bava Batra 106a:10", 
                    "ref": "Bava Batra 106a:10"
                }
            ], 
            "text": ""
        }, 
        {
            "segmentNumber": "11", 
            "he": [], 
            "links": [], 
            "text": ""
        }, 
        {
            "segmentNumber": "12", 
            "he": [
                "והא שום הדיינין - דטעות שתות דידהו הוי ביטול מקח כיתר משתות כדתנן בפרק אלמנה ניזונת כדפרישית וכיון דמדמי שתות דמכירת בית כור דמתני' כשום הדיינין אלמא כיתר משתות הוא ויחזיר וקשיא לרב הונא והאי דקתני הגיעו לקמיה מפרש לה שפיר:"
            ], 
            "links": [
                {
                    "category": "Talmud", 
                    "sourceHeRef": "בבא בתרא ק״ו א:י״ב", 
                    "sourceRef": "Bava Batra 106a:12", 
                    "ref": "Bava Batra 106a:12"
                }
            ], 
            "text": ""
        }, 
        {
            "segmentNumber": "13", 
            "he": [
                "אמר לך רב הונא ולטעמיך הגיעו קתני - דמשמע דהוי כפחות משתות ואדמקשית לי מרישא תקשי לך מסיפא אלא ודאי ה\"ק פיחת שתות או הותיר שתות הגיעו כשום הדיינין דאמרי' נמי הגיעו ורשב\"ג הוא דפליג בכתובות ואמר א\"כ מה כח ב\"ד יפה ולכך הוי מכרן קיים והגיעו דקתני הכא אתרוייהו קאי דהוי שתות דידהו כפחות משתות וקשיא לרב יהודה ואמר לך רב יהודה לדידי נמי ל\"ק דאיכא לתרוצי כשום הדיינין ולא כשום הדיינין כו' דהאי דקתני הגיעו לאו משום דשתות הוי מחילה כפחות משתות ולעולם שתות כיתר משתות ויחזיר והאי דקא מדמי ליה לשום הדיינין ה\"מ בשתות כי היכי דבשום הדיינין לא הוי מחילה ה\"נ לא הוי מחילה ולא כשום הדיינין דבשום הדיינין הוי השתות ביטול מקח כדתנן התם מכרן בטל ואילו הכא הגיעו כלומר אין המקח בטל אלא מקחו קיים ויחזיר כדתנן במתני' עד שתות ינכה ואתא לאשמועינן אע\"ג דדמו להדדי דבתרוייהו שתות כיתר משתות אפ\"ה התם ביטול מקח ואילו הכא המקח קיים והתם היינו טעמא דכיון דטעו ב\"ד חוזרין מכל מה שעשו אבל הכא דתרוייהו חפצים במכר זה למכור וזה ליקח המקח קיים והאונאה יחזיר כן נראה בעיני שיטה זו וכן עיקר דליכא הכא תיובתא לא לרב הונא ולא לרב יהודה וה\"נ מסתברא מדתרצינן כשום הדיינין ולא כשום הדיינין כו' ואין כתוב בספרים אלא כשום הדיינין הלכך ליכא לפרושי דמסקנא דמאן דאמר ולטעמיך הוא כו' יש לשונות אחרים ואין בהן ממש וזה שלי הוא ועיקר (והשתא לא איפשיט לן אי כרב הונא אי כרב יהודה) ויש מפרשים אמר לך רב הונא ולטעמיך הא מתרצתא היא משבשתא היא דקתני הגיעו דאי שתות כיתר משתות דמי ינכה איבעי ליה למימר ואמאי קתני הגיעו אלא הכי קתני לה בסימניו ובמצריו הרי זה כשום הדיינין לשתות דלא יהבינן ליה ז' ומחצה לכור ולא כשום הדיינין ממש כלומר ולא לגבי מקח כשום הדיינין הוא דאילו כשום הדיינין שתות בטל מקח ואילו הכא הגיעו דעד שתות ושתות עצמו הגיעו וללשון זה כתוב בספרים אלא כשום הדיינין ולא כשום כו':", 
                "אמר ליה - ההוא מוכר לרב פפא הך קרקע דמזבנא לך הויא עשרים גריוי מישחא עשרים סאין מדתה וכגון דאמר ליה בסימניו ובמצריו ולא הוי אלא חמיסר דהיינו פחות רביע:", 
                "אמר ליה - אביי לרב פפא סברת וקבילת:"
            ], 
            "links": [
                {
                    "category": "Talmud", 
                    "sourceHeRef": "בבא בתרא ק״ו א:י״ג", 
                    "sourceRef": "Bava Batra 106a:13", 
                    "ref": "Bava Batra 106a:13"
                }, 
                {
                    "category": "Talmud", 
                    "sourceHeRef": "בבא בתרא ק״ו א:י״ג", 
                    "sourceRef": "Bava Batra 106a:13", 
                    "ref": "Bava Batra 106a:13"
                }, 
                {
                    "category": "Talmud", 
                    "sourceHeRef": "בבא בתרא ק״ו א:י״ג", 
                    "sourceRef": "Bava Batra 106a:13", 
                    "ref": "Bava Batra 106a:13"
                }
            ], 
            "text": ""
        }
    ], 
    "commentaryBook": "Bava Batra", 
    "heRef": "רשב\"ם על בבא בתרא ק״ו א", 
    "toSections": [
        "106a"
    ], 
    "sectionRef": "Rashbam on Bava Batra 106a", 
    "title": "Rashbam on Bava Batra 106a", 
    "lengths": [
        350, 
        13690
    ], 
    "next": "Rashbam on Bava Batra 106b:8", 
    "heBook": "רשב\"ם על בבא בתרא", 
    "book": "Rashbam on Bava Batra", 
    "prev": "Rashbam on Bava Batra 105b:9", 
    "textDepth": 3, 
    "sectionNames": [
        "Daf", 
        "Line", 
        "Comment"
    ], 
    "sections": [
        "106a"
    ], 
    "commentator": "Rashbam", 
    "isComplex": false, 
    "commentaryCategories": [
        "Talmud", 
        "Bavli", 
        "Seder Nezikin"
    ], 
    "titleVariants": [
        "Samuel ben Meir on Talmud Bava Batra", 
        "Shumel ben Meir on Bava Batra", 
        "Rashbam on Masekhet Bava Batra", 
        "Samuel ben Meir on Bava Bathra", 
        "Rashbam on Tractate Bava Batra", 
        "Rashbam on Bava Batra", 
        "Samuel ben Meir on Tractate Bava Batra", 
        "Shumel ben Meir on Tractate Bava Batra", 
        "Samuel ben Meir on Masekhet Bava Batra", 
        "Samuel ben Meir on Bava Batra", 
        "Rashbam on Talmud Bava Batra", 
        "Shumel ben Meir on Bava Bathra", 
        "Shumel ben Meir on Masekhet Bava Batra", 
        "Shumel ben Meir on Talmud Bava Batra", 
        "Rashbam on Bava Bathra"
    ], 
    "categories": [
        "Commentary", 
        "Talmud", 
        "Rashbam"
    ], 
    "ref": "Rashbam on Bava Batra 106a", 
    "type": "Commentary", 
    "addressTypes": [
        "Talmud", 
        "Integer", 
        "Integer"
    ], 
    "heCommentator": "רשב\"ם", 
    "length": 350, 
    "indexTitle": "Rashbam on Bava Batra", 
    "heIndexTitle": "רשב\"ם על בבא בתרא", 
    "alts": [], 
    "order": [
        22, 
        3
    ]
}