{
    "sections": {
        "Rashbam on Bava Batra 143a:43": {
            "content": [], 
            "heTitle": "רשב\"ם על בבא בתרא קמ״ג א:מ״ג", 
            "indexTitle": "Rashbam on Bava Batra", 
            "sectionRef": "Rashbam on Bava Batra 143a:43", 
            "prev": "Rashbam on Bava Batra 143a:40", 
            "ref": "Rashbam on Bava Batra 143a:43", 
            "heRef": "רשב\"ם על בבא בתרא קמ״ג א:מ״ג", 
            "next": "Rashbam on Bava Batra 143a:44"
        }, 
        "Rashbam on Bava Batra 143a:42": {
            "content": [], 
            "heTitle": "רשב\"ם על בבא בתרא קמ״ג א:מ״ב", 
            "indexTitle": "Rashbam on Bava Batra", 
            "sectionRef": "Rashbam on Bava Batra 143a:42", 
            "prev": "Rashbam on Bava Batra 143a:40", 
            "ref": "Rashbam on Bava Batra 143a:42", 
            "heRef": "רשב\"ם על בבא בתרא קמ״ג א:מ״ב", 
            "next": "Rashbam on Bava Batra 143a:44"
        }, 
        "Rashbam on Bava Batra 143a:41": {
            "content": [], 
            "heTitle": "רשב\"ם על בבא בתרא קמ״ג א:מ״א", 
            "indexTitle": "Rashbam on Bava Batra", 
            "sectionRef": "Rashbam on Bava Batra 143a:41", 
            "prev": "Rashbam on Bava Batra 143a:40", 
            "ref": "Rashbam on Bava Batra 143a:41", 
            "heRef": "רשב\"ם על בבא בתרא קמ״ג א:מ״א", 
            "next": "Rashbam on Bava Batra 143a:44"
        }, 
        "Rashbam on Bava Batra 143a:40": {
            "content": [
                {
                    "segmentNumber": "1", 
                    "links": [
                        {
                            "category": "Talmud", 
                            "index_title": "Bava Batra", 
                            "sourceHeRef": "בבא בתרא קמ״ג א:מ׳", 
                            "sourceRef": "Bava Batra 143a:40"
                        }
                    ], 
                    "he": "חלוקה הוא - בכלל שאר כהנים אע\"ג דלא גלי ביה קרא שלא כתב אהרן אלא והיתה לכהנים היה חולק עמהן:"
                }
            ], 
            "heTitle": "רשב\"ם על בבא בתרא קמ״ג א:מ׳", 
            "indexTitle": "Rashbam on Bava Batra", 
            "sectionRef": "Rashbam on Bava Batra 143a:40", 
            "prev": "Rashbam on Bava Batra 143a:38", 
            "ref": "Rashbam on Bava Batra 143a:40", 
            "heRef": "רשב\"ם על בבא בתרא קמ״ג א:מ׳", 
            "next": "Rashbam on Bava Batra 143a:44"
        }, 
        "Rashbam on Bava Batra 143a:47": {
            "content": [
                {
                    "segmentNumber": "1", 
                    "links": [
                        {
                            "category": "Talmud", 
                            "index_title": "Bava Batra", 
                            "sourceHeRef": "בבא בתרא קמ״ג א:מ״ז", 
                            "sourceRef": "Bava Batra 143a:47"
                        }
                    ], 
                    "he": "אבולי הוו כתיבי - בכתב של מלך ליתן הכל אלא שאיסטרטיגי מסייעי להו פורתא:"
                }
            ], 
            "heTitle": "רשב\"ם על בבא בתרא קמ״ג א:מ״ז", 
            "indexTitle": "Rashbam on Bava Batra", 
            "sectionRef": "Rashbam on Bava Batra 143a:47", 
            "prev": "Rashbam on Bava Batra 143a:45", 
            "ref": "Rashbam on Bava Batra 143a:47", 
            "heRef": "רשב\"ם על בבא בתרא קמ״ג א:מ״ז", 
            "next": "Rashbam on Bava Batra 143a:48"
        }, 
        "Rashbam on Bava Batra 143a:46": {
            "content": [], 
            "heTitle": "רשב\"ם על בבא בתרא קמ״ג א:מ״ו", 
            "indexTitle": "Rashbam on Bava Batra", 
            "sectionRef": "Rashbam on Bava Batra 143a:46", 
            "prev": "Rashbam on Bava Batra 143a:45", 
            "ref": "Rashbam on Bava Batra 143a:46", 
            "heRef": "רשב\"ם על בבא בתרא קמ״ג א:מ״ו", 
            "next": "Rashbam on Bava Batra 143a:47"
        }, 
        "Rashbam on Bava Batra 143a:45": {
            "content": [
                {
                    "segmentNumber": "1", 
                    "links": [
                        {
                            "category": "Talmud", 
                            "index_title": "Bava Batra", 
                            "sourceHeRef": "בבא בתרא קמ״ג א:מ״ה", 
                            "sourceRef": "Bava Batra 143a:45"
                        }
                    ], 
                    "he": "ואיסטרטיגי פלגא - אע\"ג דאבולי עשירים יותר:"
                }
            ], 
            "heTitle": "רשב\"ם על בבא בתרא קמ״ג א:מ״ה", 
            "indexTitle": "Rashbam on Bava Batra", 
            "sectionRef": "Rashbam on Bava Batra 143a:45", 
            "prev": "Rashbam on Bava Batra 143a:44", 
            "ref": "Rashbam on Bava Batra 143a:45", 
            "heRef": "רשב\"ם על בבא בתרא קמ״ג א:מ״ה", 
            "next": "Rashbam on Bava Batra 143a:47"
        }, 
        "Rashbam on Bava Batra 143a:44": {
            "content": [
                {
                    "segmentNumber": "1", 
                    "links": [
                        {
                            "category": "Talmud", 
                            "index_title": "Bava Batra", 
                            "sourceHeRef": "בבא בתרא קמ״ג א:מ״ד", 
                            "sourceRef": "Bava Batra 143a:44"
                        }
                    ], 
                    "he": "דמי כלילא - כתר מלכות:"
                }, 
                {
                    "segmentNumber": "2", 
                    "links": [
                        {
                            "category": "Talmud", 
                            "index_title": "Bava Batra", 
                            "sourceHeRef": "בבא בתרא קמ״ג א:מ״ד", 
                            "sourceRef": "Bava Batra 143a:44"
                        }
                    ], 
                    "he": "דשדו בי קיסר - הטילו על אלו לעשותה:"
                }, 
                {
                    "segmentNumber": "3", 
                    "links": [
                        {
                            "category": "Talmud", 
                            "index_title": "Bava Batra", 
                            "sourceHeRef": "בבא בתרא קמ״ג א:מ״ד", 
                            "sourceRef": "Bava Batra 143a:44"
                        }, 
                        {
                            "category": "Tanakh", 
                            "index_title": "I Kings", 
                            "sourceHeRef": "מלכים א ד׳", 
                            "sourceRef": "I Kings 4"
                        }, 
                        {
                            "category": "Tanakh", 
                            "index_title": "I Samuel", 
                            "sourceHeRef": "שמואל א י״ד", 
                            "sourceRef": "I Samuel 14"
                        }, 
                        {
                            "category": "Talmud", 
                            "index_title": "Megillah", 
                            "sourceHeRef": "מגילה ט״ו א", 
                            "sourceRef": "Megillah 15a"
                        }
                    ], 
                    "he": "אבולי ואיסטרטיגי - עשירים ושרים כדגרסינן (במגילה דף טו.) במרדכי והמן זה בא בפרוזבולי וזה בא בפרוזבוטי נציבים ומצב פלשתים מתרגמינן איסטרטיגי (שמואל א יד מלכים א ד):"
                }
            ], 
            "heTitle": "רשב\"ם על בבא בתרא קמ״ג א:מ״ד", 
            "indexTitle": "Rashbam on Bava Batra", 
            "sectionRef": "Rashbam on Bava Batra 143a:44", 
            "prev": "Rashbam on Bava Batra 143a:40", 
            "ref": "Rashbam on Bava Batra 143a:44", 
            "heRef": "רשב\"ם על בבא בתרא קמ״ג א:מ״ד", 
            "next": "Rashbam on Bava Batra 143a:45"
        }, 
        "Rashbam on Bava Batra 143a:49": {
            "content": [], 
            "heTitle": "רשב\"ם על בבא בתרא קמ״ג א:מ״ט", 
            "indexTitle": "Rashbam on Bava Batra", 
            "sectionRef": "Rashbam on Bava Batra 143a:49", 
            "prev": "Rashbam on Bava Batra 143a:48", 
            "ref": "Rashbam on Bava Batra 143a:49", 
            "heRef": "רשב\"ם על בבא בתרא קמ״ג א:מ״ט", 
            "next": "Rashbam on Bava Batra 143a:50"
        }, 
        "Rashbam on Bava Batra 143a:48": {
            "content": [
                {
                    "segmentNumber": "1", 
                    "links": [
                        {
                            "category": "Talmud", 
                            "index_title": "Bava Batra", 
                            "sourceHeRef": "בבא בתרא קמ״ג א:מ״ח", 
                            "sourceRef": "Bava Batra 143a:48"
                        }
                    ], 
                    "he": "השתא דקא כתבי כו' - להוסיף על מה שהיו רגילין ליתן נכתבו עתה:"
                }
            ], 
            "heTitle": "רשב\"ם על בבא בתרא קמ״ג א:מ״ח", 
            "indexTitle": "Rashbam on Bava Batra", 
            "sectionRef": "Rashbam on Bava Batra 143a:48", 
            "prev": "Rashbam on Bava Batra 143a:47", 
            "ref": "Rashbam on Bava Batra 143a:48", 
            "heRef": "רשב\"ם על בבא בתרא קמ״ג א:מ״ח", 
            "next": "Rashbam on Bava Batra 143a:50"
        }, 
        "Rashbam on Bava Batra 143a:38": {
            "content": [
                {
                    "segmentNumber": "1", 
                    "links": [
                        {
                            "category": "Talmud", 
                            "index_title": "Bava Batra", 
                            "sourceHeRef": "בבא בתרא קמ״ג א:ל״ח", 
                            "sourceRef": "Bava Batra 143a:38"
                        }
                    ], 
                    "he": "והיתה לאהרן וגו' - בלחם הפנים כתיב אהרן זה כהן גדול מחצה לכהן גדול ומחצה למשמרת כהנים והך ברייתא במסכת יומא בפרק ראשון (דף יז:) דתנן התם גבי כהן גדול מקריב חלק בראש ונוטל חלק בראש ותניא בגמרא ונוטל חלה אחת משתי חלות של עצרת ארבע או חמש ממעשה לחם הפנים רבי אומר לעולם חמש שנאמר והיתה לאהרן ולבניו מחצה לאהרן ומחצה לבניו והתם מפרש למה אינו נוטל שש דהאיכא י\"ב חלות שתים מערכות שש המערכת ומכאן אנו למדין דהמזכיר יחיד אצל מרובין לענין מתנה נוטל כנגד המרובין:"
                }
            ], 
            "heTitle": "רשב\"ם על בבא בתרא קמ״ג א:ל״ח", 
            "indexTitle": "Rashbam on Bava Batra", 
            "sectionRef": "Rashbam on Bava Batra 143a:38", 
            "prev": "Rashbam on Bava Batra 143a:34", 
            "ref": "Rashbam on Bava Batra 143a:38", 
            "heRef": "רשב\"ם על בבא בתרא קמ״ג א:ל״ח", 
            "next": "Rashbam on Bava Batra 143a:40"
        }, 
        "Rashbam on Bava Batra 143a:29": {
            "content": [], 
            "heTitle": "רשב\"ם על בבא בתרא קמ״ג א:כ״ט", 
            "indexTitle": "Rashbam on Bava Batra", 
            "sectionRef": "Rashbam on Bava Batra 143a:29", 
            "prev": "Rashbam on Bava Batra 143a:27", 
            "ref": "Rashbam on Bava Batra 143a:29", 
            "heRef": "רשב\"ם על בבא בתרא קמ״ג א:כ״ט", 
            "next": "Rashbam on Bava Batra 143a:30"
        }, 
        "Rashbam on Bava Batra 143a:28": {
            "content": [], 
            "heTitle": "רשב\"ם על בבא בתרא קמ״ג א:כ״ח", 
            "indexTitle": "Rashbam on Bava Batra", 
            "sectionRef": "Rashbam on Bava Batra 143a:28", 
            "prev": "Rashbam on Bava Batra 143a:27", 
            "ref": "Rashbam on Bava Batra 143a:28", 
            "heRef": "רשב\"ם על בבא בתרא קמ״ג א:כ״ח", 
            "next": "Rashbam on Bava Batra 143a:30"
        }, 
        "Rashbam on Bava Batra 143a:39": {
            "content": [], 
            "heTitle": "רשב\"ם על בבא בתרא קמ״ג א:ל״ט", 
            "indexTitle": "Rashbam on Bava Batra", 
            "sectionRef": "Rashbam on Bava Batra 143a:39", 
            "prev": "Rashbam on Bava Batra 143a:38", 
            "ref": "Rashbam on Bava Batra 143a:39", 
            "heRef": "רשב\"ם על בבא בתרא קמ״ג א:ל״ט", 
            "next": "Rashbam on Bava Batra 143a:40"
        }, 
        "Rashbam on Bava Batra 143a:21": {
            "content": [], 
            "heTitle": "רשב\"ם על בבא בתרא קמ״ג א:כ״א", 
            "indexTitle": "Rashbam on Bava Batra", 
            "sectionRef": "Rashbam on Bava Batra 143a:21", 
            "prev": "Rashbam on Bava Batra 143a:20", 
            "ref": "Rashbam on Bava Batra 143a:21", 
            "heRef": "רשב\"ם על בבא בתרא קמ״ג א:כ״א", 
            "next": "Rashbam on Bava Batra 143a:23"
        }, 
        "Rashbam on Bava Batra 143a:20": {
            "content": [
                {
                    "segmentNumber": "1", 
                    "links": [
                        {
                            "category": "Talmud", 
                            "index_title": "Bava Batra", 
                            "sourceHeRef": "בבא בתרא קמ״ג א:כ׳", 
                            "sourceRef": "Bava Batra 143a:20"
                        }
                    ], 
                    "he": "לא תשאו - על התרומה חטא אם תרימו את חלבו מן היפה הא אם תרימו מן הרע תשאו עליו חטא שלא עשית מצוה מן המובחר:"
                }, 
                {
                    "segmentNumber": "2", 
                    "links": [
                        {
                            "category": "Talmud", 
                            "index_title": "Bava Batra", 
                            "sourceHeRef": "בבא בתרא קמ״ג א:כ׳", 
                            "sourceRef": "Bava Batra 143a:20"
                        }
                    ], 
                    "he": "נשיאות חטא למה - אלא יחזור ויתרום מן היפה:"
                }
            ], 
            "heTitle": "רשב\"ם על בבא בתרא קמ״ג א:כ׳", 
            "indexTitle": "Rashbam on Bava Batra", 
            "sectionRef": "Rashbam on Bava Batra 143a:20", 
            "prev": "Rashbam on Bava Batra 143a:16", 
            "ref": "Rashbam on Bava Batra 143a:20", 
            "heRef": "רשב\"ם על בבא בתרא קמ״ג א:כ׳", 
            "next": "Rashbam on Bava Batra 143a:23"
        }, 
        "Rashbam on Bava Batra 143a:23": {
            "content": [
                {
                    "segmentNumber": "1", 
                    "links": [
                        {
                            "category": "Talmud", 
                            "index_title": "Bava Batra", 
                            "sourceHeRef": "בבא בתרא קמ״ג א:כ״ג", 
                            "sourceRef": "Bava Batra 143a:23"
                        }
                    ], 
                    "he": "מעשה בחמש נשים - בפ' האיש מקדש והתם מפרש לה רב שפיר אמר רב שמע מינה ממתניתין ארבעה ונקט בידיה תלת שמע מינה המקדש בפירות שביעית מקודשת וש\"מ קדשה בגזל אינה מקודשת ואפילו בגזל דידה מדקתני שלהן היתה ושל שביעית היתה טעמא דשביעית דהפקר הוא הא דשאר שני שבוע לא וש\"מ אשה נעשית שליח לחבירתה ואפי' במקום שנעשית לה צרה שהרי קבלה אחת על ידי כולן ונתקדשה היא וחברותיה בכלכלה זו ונעשו צרות זו לזו:"
                }
            ], 
            "heTitle": "רשב\"ם על בבא בתרא קמ״ג א:כ״ג", 
            "indexTitle": "Rashbam on Bava Batra", 
            "sectionRef": "Rashbam on Bava Batra 143a:23", 
            "prev": "Rashbam on Bava Batra 143a:20", 
            "ref": "Rashbam on Bava Batra 143a:23", 
            "heRef": "רשב\"ם על בבא בתרא קמ״ג א:כ״ג", 
            "next": "Rashbam on Bava Batra 143a:25"
        }, 
        "Rashbam on Bava Batra 143a:22": {
            "content": [], 
            "heTitle": "רשב\"ם על בבא בתרא קמ״ג א:כ״ב", 
            "indexTitle": "Rashbam on Bava Batra", 
            "sectionRef": "Rashbam on Bava Batra 143a:22", 
            "prev": "Rashbam on Bava Batra 143a:20", 
            "ref": "Rashbam on Bava Batra 143a:22", 
            "heRef": "רשב\"ם על בבא בתרא קמ״ג א:כ״ב", 
            "next": "Rashbam on Bava Batra 143a:23"
        }, 
        "Rashbam on Bava Batra 143a:25": {
            "content": [
                {
                    "segmentNumber": "1", 
                    "links": [
                        {
                            "category": "Talmud", 
                            "index_title": "Bava Batra", 
                            "sourceHeRef": "בבא בתרא קמ״ג א:כ״ה", 
                            "sourceRef": "Bava Batra 143a:25"
                        }
                    ], 
                    "he": "אין אחיות מקודשות - דקדושין שאין מסורין לביאה לא הוו קדושין כלל ואפי' בחדא מינייהו:"
                }
            ], 
            "heTitle": "רשב\"ם על בבא בתרא קמ״ג א:כ״ה", 
            "indexTitle": "Rashbam on Bava Batra", 
            "sectionRef": "Rashbam on Bava Batra 143a:25", 
            "prev": "Rashbam on Bava Batra 143a:23", 
            "ref": "Rashbam on Bava Batra 143a:25", 
            "heRef": "רשב\"ם על בבא בתרא קמ״ג א:כ״ה", 
            "next": "Rashbam on Bava Batra 143a:27"
        }, 
        "Rashbam on Bava Batra 143a:24": {
            "content": [], 
            "heTitle": "רשב\"ם על בבא בתרא קמ״ג א:כ״ד", 
            "indexTitle": "Rashbam on Bava Batra", 
            "sectionRef": "Rashbam on Bava Batra 143a:24", 
            "prev": "Rashbam on Bava Batra 143a:23", 
            "ref": "Rashbam on Bava Batra 143a:24", 
            "heRef": "רשב\"ם על בבא בתרא קמ״ג א:כ״ד", 
            "next": "Rashbam on Bava Batra 143a:25"
        }, 
        "Rashbam on Bava Batra 143a:27": {
            "content": [
                {
                    "segmentNumber": "1", 
                    "links": [
                        {
                            "category": "Talmud", 
                            "index_title": "Bava Batra", 
                            "sourceHeRef": "בבא בתרא קמ״ג א:כ״ז", 
                            "sourceRef": "Bava Batra 143a:27"
                        }
                    ], 
                    "he": "ואמאי - נכריות מקודשות והא את וחמור הוא הרי מקדש בכלכלה זו כולן חמש נכריות ואחיות וכי היכי דאחיות לא קנו נכריות נמי לא יקנו אלא שמע מינה מה שיש בידו כח לקנות יקנה הכל כרב ששת:"
                }
            ], 
            "heTitle": "רשב\"ם על בבא בתרא קמ״ג א:כ״ז", 
            "indexTitle": "Rashbam on Bava Batra", 
            "sectionRef": "Rashbam on Bava Batra 143a:27", 
            "prev": "Rashbam on Bava Batra 143a:25", 
            "ref": "Rashbam on Bava Batra 143a:27", 
            "heRef": "רשב\"ם על בבא בתרא קמ״ג א:כ״ז", 
            "next": "Rashbam on Bava Batra 143a:30"
        }, 
        "Rashbam on Bava Batra 143a:26": {
            "content": [], 
            "heTitle": "רשב\"ם על בבא בתרא קמ״ג א:כ״ו", 
            "indexTitle": "Rashbam on Bava Batra", 
            "sectionRef": "Rashbam on Bava Batra 143a:26", 
            "prev": "Rashbam on Bava Batra 143a:25", 
            "ref": "Rashbam on Bava Batra 143a:26", 
            "heRef": "רשב\"ם על בבא בתרא קמ״ג א:כ״ו", 
            "next": "Rashbam on Bava Batra 143a:27"
        }, 
        "Rashbam on Bava Batra 143a:2": {
            "content": [], 
            "heTitle": "רשב\"ם על בבא בתרא קמ״ג א:ב׳", 
            "indexTitle": "Rashbam on Bava Batra", 
            "sectionRef": "Rashbam on Bava Batra 143a:2", 
            "prev": "Rashbam on Bava Batra 143a:1", 
            "ref": "Rashbam on Bava Batra 143a:2", 
            "heRef": "רשב\"ם על בבא בתרא קמ״ג א:ב׳", 
            "next": "Rashbam on Bava Batra 143a:3"
        }, 
        "Rashbam on Bava Batra 143a:3": {
            "content": [
                {
                    "segmentNumber": "1", 
                    "links": [
                        {
                            "category": "Talmud", 
                            "index_title": "Bava Batra", 
                            "sourceHeRef": "בבא בתרא קמ״ג א:ג׳", 
                            "sourceRef": "Bava Batra 143a:3"
                        }
                    ], 
                    "he": "קני כחמור מי קנה - כמו שהחמור לא קנה כן הוא לא קנה הכא נמי כי היכי דבנים העתידים לבא בעולם לא קנו איהו נמי לא קנה:"
                }
            ], 
            "heTitle": "רשב\"ם על בבא בתרא קמ״ג א:ג׳", 
            "indexTitle": "Rashbam on Bava Batra", 
            "sectionRef": "Rashbam on Bava Batra 143a:3", 
            "prev": "Rashbam on Bava Batra 143a:1", 
            "ref": "Rashbam on Bava Batra 143a:3", 
            "heRef": "רשב\"ם על בבא בתרא קמ״ג א:ג׳", 
            "next": "Rashbam on Bava Batra 143a:6"
        }, 
        "Rashbam on Bava Batra 143a:1": {
            "content": [
                {
                    "segmentNumber": "1", 
                    "links": [
                        {
                            "category": "Talmud", 
                            "index_title": "Bava Batra", 
                            "sourceHeRef": "בבא בתרא קמ״ג א:א׳", 
                            "sourceRef": "Bava Batra 143a:1"
                        }
                    ], 
                    "he": "וכרכיש - הודה לדבריי:"
                }
            ], 
            "heTitle": "רשב\"ם על בבא בתרא קמ״ג א:א׳", 
            "indexTitle": "Rashbam on Bava Batra", 
            "sectionRef": "Rashbam on Bava Batra 143a:1", 
            "prev": "Rashbam on Bava Batra 142b:37", 
            "ref": "Rashbam on Bava Batra 143a:1", 
            "heRef": "רשב\"ם על בבא בתרא קמ״ג א:א׳", 
            "next": "Rashbam on Bava Batra 143a:3"
        }, 
        "Rashbam on Bava Batra 143a:6": {
            "content": [
                {
                    "segmentNumber": "1", 
                    "links": [
                        {
                            "category": "Talmud", 
                            "index_title": "Bava Batra", 
                            "sourceHeRef": "בבא בתרא קמ״ג א:ו׳", 
                            "sourceRef": "Bava Batra 143a:6"
                        }
                    ], 
                    "he": "את וחמור - את ובהמה זו תקנו נכסיי:"
                }
            ], 
            "heTitle": "רשב\"ם על בבא בתרא קמ״ג א:ו׳", 
            "indexTitle": "Rashbam on Bava Batra", 
            "sectionRef": "Rashbam on Bava Batra 143a:6", 
            "prev": "Rashbam on Bava Batra 143a:3", 
            "ref": "Rashbam on Bava Batra 143a:6", 
            "heRef": "רשב\"ם על בבא בתרא קמ״ג א:ו׳", 
            "next": "Rashbam on Bava Batra 143a:7"
        }, 
        "Rashbam on Bava Batra 143a:7": {
            "content": [
                {
                    "segmentNumber": "1", 
                    "links": [
                        {
                            "category": "Talmud", 
                            "index_title": "Bava Batra", 
                            "sourceHeRef": "בבא בתרא קמ״ג א:ז׳", 
                            "sourceRef": "Bava Batra 143a:7"
                        }
                    ], 
                    "he": "קנה מחצה - דהכי אמר ליה אתה וחמור תקנו שניכם הוא מחצה ואתה מחצה ולא אבד האיש חלקו בשביל החמור שלא תלאן זה בזה:"
                }
            ], 
            "heTitle": "רשב\"ם על בבא בתרא קמ״ג א:ז׳", 
            "indexTitle": "Rashbam on Bava Batra", 
            "sectionRef": "Rashbam on Bava Batra 143a:7", 
            "prev": "Rashbam on Bava Batra 143a:6", 
            "ref": "Rashbam on Bava Batra 143a:7", 
            "heRef": "רשב\"ם על בבא בתרא קמ״ג א:ז׳", 
            "next": "Rashbam on Bava Batra 143a:8"
        }, 
        "Rashbam on Bava Batra 143a:4": {
            "content": [], 
            "heTitle": "רשב\"ם על בבא בתרא קמ״ג א:ד׳", 
            "indexTitle": "Rashbam on Bava Batra", 
            "sectionRef": "Rashbam on Bava Batra 143a:4", 
            "prev": "Rashbam on Bava Batra 143a:3", 
            "ref": "Rashbam on Bava Batra 143a:4", 
            "heRef": "רשב\"ם על בבא בתרא קמ״ג א:ד׳", 
            "next": "Rashbam on Bava Batra 143a:6"
        }, 
        "Rashbam on Bava Batra 143a:5": {
            "content": [], 
            "heTitle": "רשב\"ם על בבא בתרא קמ״ג א:ה׳", 
            "indexTitle": "Rashbam on Bava Batra", 
            "sectionRef": "Rashbam on Bava Batra 143a:5", 
            "prev": "Rashbam on Bava Batra 143a:3", 
            "ref": "Rashbam on Bava Batra 143a:5", 
            "heRef": "רשב\"ם על בבא בתרא קמ״ג א:ה׳", 
            "next": "Rashbam on Bava Batra 143a:6"
        }, 
        "Rashbam on Bava Batra 143a:8": {
            "content": [
                {
                    "segmentNumber": "1", 
                    "links": [
                        {
                            "category": "Talmud", 
                            "index_title": "Bava Batra", 
                            "sourceHeRef": "בבא בתרא קמ״ג א:ח׳", 
                            "sourceRef": "Bava Batra 143a:8"
                        }
                    ], 
                    "he": "לא קנה ולא כלום - דכיון דבקנין אחד שיתף שניהם לא נגמרה בדעתו להקנות לזה בלא זה כלום וכיון דחמור לא קנה איהו נמי לא קנה:"
                }
            ], 
            "heTitle": "רשב\"ם על בבא בתרא קמ״ג א:ח׳", 
            "indexTitle": "Rashbam on Bava Batra", 
            "sectionRef": "Rashbam on Bava Batra 143a:8", 
            "prev": "Rashbam on Bava Batra 143a:7", 
            "ref": "Rashbam on Bava Batra 143a:8", 
            "heRef": "רשב\"ם על בבא בתרא קמ״ג א:ח׳", 
            "next": "Rashbam on Bava Batra 143a:9"
        }, 
        "Rashbam on Bava Batra 143a:9": {
            "content": [
                {
                    "segmentNumber": "1", 
                    "links": [
                        {
                            "category": "Talmud", 
                            "index_title": "Bava Batra", 
                            "sourceHeRef": "בבא בתרא קמ״ג א:ט׳", 
                            "sourceRef": "Bava Batra 143a:9"
                        }
                    ], 
                    "he": "רב ששת אמר קנה הכל - אדם יודע שאין חמור קונה וגמר בדעתו שמי שיוכל לקנות משניהם יקנה:"
                }
            ], 
            "heTitle": "רשב\"ם על בבא בתרא קמ״ג א:ט׳", 
            "indexTitle": "Rashbam on Bava Batra", 
            "sectionRef": "Rashbam on Bava Batra 143a:9", 
            "prev": "Rashbam on Bava Batra 143a:8", 
            "ref": "Rashbam on Bava Batra 143a:9", 
            "heRef": "רשב\"ם על בבא בתרא קמ״ג א:ט׳", 
            "next": "Rashbam on Bava Batra 143a:13"
        }, 
        "Rashbam on Bava Batra 143a:32": {
            "content": [], 
            "heTitle": "רשב\"ם על בבא בתרא קמ״ג א:ל״ב", 
            "indexTitle": "Rashbam on Bava Batra", 
            "sectionRef": "Rashbam on Bava Batra 143a:32", 
            "prev": "Rashbam on Bava Batra 143a:31", 
            "ref": "Rashbam on Bava Batra 143a:32", 
            "heRef": "רשב\"ם על בבא בתרא קמ״ג א:ל״ב", 
            "next": "Rashbam on Bava Batra 143a:34"
        }, 
        "Rashbam on Bava Batra 143a:33": {
            "content": [], 
            "heTitle": "רשב\"ם על בבא בתרא קמ״ג א:ל״ג", 
            "indexTitle": "Rashbam on Bava Batra", 
            "sectionRef": "Rashbam on Bava Batra 143a:33", 
            "prev": "Rashbam on Bava Batra 143a:31", 
            "ref": "Rashbam on Bava Batra 143a:33", 
            "heRef": "רשב\"ם על בבא בתרא קמ״ג א:ל״ג", 
            "next": "Rashbam on Bava Batra 143a:34"
        }, 
        "Rashbam on Bava Batra 143a:50": {
            "content": [
                {
                    "segmentNumber": "1", 
                    "links": [
                        {
                            "category": "Talmud", 
                            "index_title": "Bava Batra", 
                            "sourceHeRef": "בבא בתרא קמ״ג א:נ׳", 
                            "sourceRef": "Bava Batra 143a:50"
                        }
                    ], 
                    "he": "מתיב ר' זירא - לרב יוסף: "
                }, 
                {
                    "segmentNumber": "2", 
                    "links": [
                        {
                            "category": "Talmud", 
                            "index_title": "Bava Batra", 
                            "sourceHeRef": "בבא בתרא קמ״ג א:נ׳", 
                            "sourceRef": "Bava Batra 143a:50"
                        }
                    ], 
                    "he": "האומר הרי עלי מנחה מאה עשרון להביאם בשני כלים מביא ששים בכלי אחד ומ' בכלי אחד כו' - הרי זה שפירש מאה עשרון בשני כלים כגון זה שאמר לך ולבנייך ולא קתני חמשים בכלי וחמשים בכלי אלא דיעבד אבל לכתחלה לא אלא מביא ששים בכלי אחד וארבעים בכלי אחד וקשיא לרב יוסף דאמר מחצה:"
                }
            ], 
            "heTitle": "רשב\"ם על בבא בתרא קמ״ג א:נ׳", 
            "indexTitle": "Rashbam on Bava Batra", 
            "sectionRef": "Rashbam on Bava Batra 143a:50", 
            "prev": "Rashbam on Bava Batra 143a:48", 
            "ref": "Rashbam on Bava Batra 143a:50", 
            "heRef": "רשב\"ם על בבא בתרא קמ״ג א:נ׳", 
            "next": "Rashbam on Bava Batra 143b:5"
        }, 
        "Rashbam on Bava Batra 143a:10": {
            "content": [], 
            "heTitle": "רשב\"ם על בבא בתרא קמ״ג א:י׳", 
            "indexTitle": "Rashbam on Bava Batra", 
            "sectionRef": "Rashbam on Bava Batra 143a:10", 
            "prev": "Rashbam on Bava Batra 143a:9", 
            "ref": "Rashbam on Bava Batra 143a:10", 
            "heRef": "רשב\"ם על בבא בתרא קמ״ג א:י׳", 
            "next": "Rashbam on Bava Batra 143a:13"
        }, 
        "Rashbam on Bava Batra 143a:11": {
            "content": [], 
            "heTitle": "רשב\"ם על בבא בתרא קמ״ג א:י״א", 
            "indexTitle": "Rashbam on Bava Batra", 
            "sectionRef": "Rashbam on Bava Batra 143a:11", 
            "prev": "Rashbam on Bava Batra 143a:9", 
            "ref": "Rashbam on Bava Batra 143a:11", 
            "heRef": "רשב\"ם על בבא בתרא קמ״ג א:י״א", 
            "next": "Rashbam on Bava Batra 143a:13"
        }, 
        "Rashbam on Bava Batra 143a:12": {
            "content": [], 
            "heTitle": "רשב\"ם על בבא בתרא קמ״ג א:י״ב", 
            "indexTitle": "Rashbam on Bava Batra", 
            "sectionRef": "Rashbam on Bava Batra 143a:12", 
            "prev": "Rashbam on Bava Batra 143a:9", 
            "ref": "Rashbam on Bava Batra 143a:12", 
            "heRef": "רשב\"ם על בבא בתרא קמ״ג א:י״ב", 
            "next": "Rashbam on Bava Batra 143a:13"
        }, 
        "Rashbam on Bava Batra 143a:13": {
            "content": [
                {
                    "segmentNumber": "1", 
                    "links": [
                        {
                            "category": "Talmud", 
                            "index_title": "Bava Batra", 
                            "sourceHeRef": "בבא בתרא קמ״ג א:י״ג", 
                            "sourceRef": "Bava Batra 143a:13"
                        }
                    ], 
                    "he": "כשהוא תורם - קישות אחד מחמשים איכא למיחש דלמא איכא מר בפנימי שבזה טפי מאינך ואין כאן אחד מחמשים במתוק ונמצא תורם מן המר על המתוק הלכך כשהוא תורם מוסיף על המתוק כביצה מקישות אחרת ותורם קישות וכביצה על הארבעים ותשע ואיכא השתא מתוק בתרומה טובא ונמצא תורם מן המתוק על המתוק:"
                }
            ], 
            "heTitle": "רשב\"ם על בבא בתרא קמ״ג א:י״ג", 
            "indexTitle": "Rashbam on Bava Batra", 
            "sectionRef": "Rashbam on Bava Batra 143a:13", 
            "prev": "Rashbam on Bava Batra 143a:9", 
            "ref": "Rashbam on Bava Batra 143a:13", 
            "heRef": "רשב\"ם על בבא בתרא קמ״ג א:י״ג", 
            "next": "Rashbam on Bava Batra 143a:15"
        }, 
        "Rashbam on Bava Batra 143a:14": {
            "content": [], 
            "heTitle": "רשב\"ם על בבא בתרא קמ״ג א:י״ד", 
            "indexTitle": "Rashbam on Bava Batra", 
            "sectionRef": "Rashbam on Bava Batra 143a:14", 
            "prev": "Rashbam on Bava Batra 143a:13", 
            "ref": "Rashbam on Bava Batra 143a:14", 
            "heRef": "רשב\"ם על בבא בתרא קמ״ג א:י״ד", 
            "next": "Rashbam on Bava Batra 143a:15"
        }, 
        "Rashbam on Bava Batra 143a:15": {
            "content": [
                {
                    "segmentNumber": "1", 
                    "links": [
                        {
                            "category": "Talmud", 
                            "index_title": "Bava Batra", 
                            "sourceHeRef": "בבא בתרא קמ״ג א:ט״ו", 
                            "sourceRef": "Bava Batra 143a:15"
                        }
                    ], 
                    "he": "ואמאי את וחמור הוא - שאמר קישות זה יהא תרומה על אלו וכיון דיש בה מר ומתוק כי היכי דמר לא חייל בה תרומה ולא מבטל שם טבל מן המ\"ט הכי נמי המתוק ולא יחול עליו שם תרומה אלא מאי אית למימר המתוק קנה הכל ופטר מטבל את המ\"ט ולעיל נמי את וחמור אף על גב דחמור לא קנה הוא קנה הכל כי היכי דהכא דמר לא קנה ומתוק קנה הכל:"
                }
            ], 
            "heTitle": "רשב\"ם על בבא בתרא קמ״ג א:ט״ו", 
            "indexTitle": "Rashbam on Bava Batra", 
            "sectionRef": "Rashbam on Bava Batra 143a:15", 
            "prev": "Rashbam on Bava Batra 143a:13", 
            "ref": "Rashbam on Bava Batra 143a:15", 
            "heRef": "רשב\"ם על בבא בתרא קמ״ג א:ט״ו", 
            "next": "Rashbam on Bava Batra 143a:16"
        }, 
        "Rashbam on Bava Batra 143a:16": {
            "content": [
                {
                    "segmentNumber": "1", 
                    "links": [
                        {
                            "category": "Talmud", 
                            "index_title": "Bava Batra", 
                            "sourceHeRef": "בבא בתרא קמ״ג א:ט״ז", 
                            "sourceRef": "Bava Batra 143a:16"
                        }
                    ], 
                    "he": "ומשני שאני תרומה - דמר נמי תרומה מעלייתא הוא כמתוק ואין כאן את וחמור ושניהן קונין זה כזה:"
                }
            ], 
            "heTitle": "רשב\"ם על בבא בתרא קמ״ג א:ט״ז", 
            "indexTitle": "Rashbam on Bava Batra", 
            "sectionRef": "Rashbam on Bava Batra 143a:16", 
            "prev": "Rashbam on Bava Batra 143a:15", 
            "ref": "Rashbam on Bava Batra 143a:16", 
            "heRef": "רשב\"ם על בבא בתרא קמ״ג א:ט״ז", 
            "next": "Rashbam on Bava Batra 143a:20"
        }, 
        "Rashbam on Bava Batra 143a:17": {
            "content": [], 
            "heTitle": "רשב\"ם על בבא בתרא קמ״ג א:י״ז", 
            "indexTitle": "Rashbam on Bava Batra", 
            "sectionRef": "Rashbam on Bava Batra 143a:17", 
            "prev": "Rashbam on Bava Batra 143a:16", 
            "ref": "Rashbam on Bava Batra 143a:17", 
            "heRef": "רשב\"ם על בבא בתרא קמ״ג א:י״ז", 
            "next": "Rashbam on Bava Batra 143a:20"
        }, 
        "Rashbam on Bava Batra 143a:18": {
            "content": [], 
            "heTitle": "רשב\"ם על בבא בתרא קמ״ג א:י״ח", 
            "indexTitle": "Rashbam on Bava Batra", 
            "sectionRef": "Rashbam on Bava Batra 143a:18", 
            "prev": "Rashbam on Bava Batra 143a:16", 
            "ref": "Rashbam on Bava Batra 143a:18", 
            "heRef": "רשב\"ם על בבא בתרא קמ״ג א:י״ח", 
            "next": "Rashbam on Bava Batra 143a:20"
        }, 
        "Rashbam on Bava Batra 143a:19": {
            "content": [], 
            "heTitle": "רשב\"ם על בבא בתרא קמ״ג א:י״ט", 
            "indexTitle": "Rashbam on Bava Batra", 
            "sectionRef": "Rashbam on Bava Batra 143a:19", 
            "prev": "Rashbam on Bava Batra 143a:16", 
            "ref": "Rashbam on Bava Batra 143a:19", 
            "heRef": "רשב\"ם על בבא בתרא קמ״ג א:י״ט", 
            "next": "Rashbam on Bava Batra 143a:20"
        }, 
        "Rashbam on Bava Batra 143a:30": {
            "content": [
                {
                    "segmentNumber": "1", 
                    "links": [
                        {
                            "category": "Talmud", 
                            "index_title": "Bava Batra", 
                            "sourceHeRef": "בבא בתרא קמ״ג א:ל׳", 
                            "sourceRef": "Bava Batra 143a:30"
                        }
                    ], 
                    "he": "היינו דחזאי רב הונא בר אויא בחלום - ומשום דאמרת לי דמותיב רב אויא תיובתא נתקיים חלומי מיהו לאו קושיא הוא דלאו מי אוקימנא כו' בתמיה:"
                }
            ], 
            "heTitle": "רשב\"ם על בבא בתרא קמ״ג א:ל׳", 
            "indexTitle": "Rashbam on Bava Batra", 
            "sectionRef": "Rashbam on Bava Batra 143a:30", 
            "prev": "Rashbam on Bava Batra 143a:27", 
            "ref": "Rashbam on Bava Batra 143a:30", 
            "heRef": "רשב\"ם על בבא בתרא קמ״ג א:ל׳", 
            "next": "Rashbam on Bava Batra 143a:31"
        }, 
        "Rashbam on Bava Batra 143a:31": {
            "content": [
                {
                    "segmentNumber": "1", 
                    "links": [
                        {
                            "category": "Talmud", 
                            "index_title": "Bava Batra", 
                            "sourceHeRef": "בבא בתרא קמ״ג א:ל״א", 
                            "sourceRef": "Bava Batra 143a:31"
                        }
                    ], 
                    "he": "הראויה מכם - ואין אחיות בכלל ואביי הוא דמוקי לה הכי בקדושין וקי\"ל כרב נחמן דאמר דאת וחמור קנה מחצה והמזכה לעובר לכשתלד קנה כרב נחמן בפירוש רבינו חננאל:"
                }
            ], 
            "heTitle": "רשב\"ם על בבא בתרא קמ״ג א:ל״א", 
            "indexTitle": "Rashbam on Bava Batra", 
            "sectionRef": "Rashbam on Bava Batra 143a:31", 
            "prev": "Rashbam on Bava Batra 143a:30", 
            "ref": "Rashbam on Bava Batra 143a:31", 
            "heRef": "רשב\"ם על בבא בתרא קמ״ג א:ל״א", 
            "next": "Rashbam on Bava Batra 143a:34"
        }, 
        "Rashbam on Bava Batra 143a:36": {
            "content": [], 
            "heTitle": "רשב\"ם על בבא בתרא קמ״ג א:ל״ו", 
            "indexTitle": "Rashbam on Bava Batra", 
            "sectionRef": "Rashbam on Bava Batra 143a:36", 
            "prev": "Rashbam on Bava Batra 143a:34", 
            "ref": "Rashbam on Bava Batra 143a:36", 
            "heRef": "רשב\"ם על בבא בתרא קמ״ג א:ל״ו", 
            "next": "Rashbam on Bava Batra 143a:38"
        }, 
        "Rashbam on Bava Batra 143a:37": {
            "content": [], 
            "heTitle": "רשב\"ם על בבא בתרא קמ״ג א:ל״ז", 
            "indexTitle": "Rashbam on Bava Batra", 
            "sectionRef": "Rashbam on Bava Batra 143a:37", 
            "prev": "Rashbam on Bava Batra 143a:34", 
            "ref": "Rashbam on Bava Batra 143a:37", 
            "heRef": "רשב\"ם על בבא בתרא קמ״ג א:ל״ז", 
            "next": "Rashbam on Bava Batra 143a:38"
        }, 
        "Rashbam on Bava Batra 143a:34": {
            "content": [
                {
                    "segmentNumber": "1", 
                    "links": [
                        {
                            "category": "Talmud", 
                            "index_title": "Bava Batra", 
                            "sourceHeRef": "בבא בתרא קמ״ג א:ל״ד", 
                            "sourceRef": "Bava Batra 143a:34"
                        }
                    ], 
                    "he": "קני פלגא - כנגד הבנים היא מחצה והם מחצה:"
                }
            ], 
            "heTitle": "רשב\"ם על בבא בתרא קמ״ג א:ל״ד", 
            "indexTitle": "Rashbam on Bava Batra", 
            "sectionRef": "Rashbam on Bava Batra 143a:34", 
            "prev": "Rashbam on Bava Batra 143a:31", 
            "ref": "Rashbam on Bava Batra 143a:34", 
            "heRef": "רשב\"ם על בבא בתרא קמ״ג א:ל״ד", 
            "next": "Rashbam on Bava Batra 143a:38"
        }, 
        "Rashbam on Bava Batra 143a:35": {
            "content": [], 
            "heTitle": "רשב\"ם על בבא בתרא קמ״ג א:ל״ה", 
            "indexTitle": "Rashbam on Bava Batra", 
            "sectionRef": "Rashbam on Bava Batra 143a:35", 
            "prev": "Rashbam on Bava Batra 143a:34", 
            "ref": "Rashbam on Bava Batra 143a:35", 
            "heRef": "רשב\"ם על בבא בתרא קמ״ג א:ל״ה", 
            "next": "Rashbam on Bava Batra 143a:38"
        }
    }, 
    "ref": "Rashbam on Bava Batra 143a"
}