{
    "heTitleVariants": [
        "רשב\"ם על בבא בתרא", 
        "רשב\"ם על ב״ב", 
        "רשב\"ם על ב\"ב"
    ], 
    "heTitle": "רשב\"ם על בבא בתרא ל״ח א", 
    "content": [
        {
            "segmentNumber": "1", 
            "he": [
                "מתקיף לה רבא - אמאי קנה קרקע דכנגד האילן מאחר דתנן לא קנה קרקע כלל לא קנה ודקשיא לכו דכיון דלהתקיים בקרקע זו קנאו נמצא שקנה יניקת הקרקע גם ליטע אחר במקומו של זה אחר שייבש או יקצץ:", 
                "לימא ליה - מוכר:"
            ], 
            "links": [
                {
                    "category": "Talmud", 
                    "sourceHeRef": "בבא בתרא ל״ח א:א׳", 
                    "index_title": "Bava Batra", 
                    "sourceRef": "Bava Batra 38a:1"
                }, 
                {
                    "category": "Talmud", 
                    "sourceHeRef": "בבא בתרא ל״ח א:א׳", 
                    "index_title": "Bava Batra", 
                    "sourceRef": "Bava Batra 38a:1"
                }
            ], 
            "text": ""
        }, 
        {
            "segmentNumber": "2", 
            "he": [
                "כורכמא דרישקא זביני לך - קרוג אוריינטי\"ל ורגילים למכרו בקרקע ומניחו עד שיגמור פריו ועוקרו אף האילן שמכרתי לך לפירותיו הקרקע לא מכרתי לך אלא להניח אילנך בקרקע שלי כל ימי שצריך לקרקע עד שייבש היינו דומיא דכרכום ומאחר שיבש לא תהני לו הקרקע עוד:", 
                "עקור כורכמא דרישקא וזיל - כמו שעוקרים את הכרכום אחר שנתבשל ואינו יכול ליטע כרכום אחר במקומו גם אתה לא תטע אילן אחר במקומו:"
            ], 
            "links": [
                {
                    "category": "Talmud", 
                    "sourceHeRef": "בבא בתרא ל״ח א:ב׳", 
                    "index_title": "Bava Batra", 
                    "sourceRef": "Bava Batra 38a:2"
                }, 
                {
                    "category": "Talmud", 
                    "sourceHeRef": "בבא בתרא ל״ח א:ב׳", 
                    "index_title": "Bava Batra", 
                    "sourceRef": "Bava Batra 38a:2"
                }
            ], 
            "text": ""
        }, 
        {
            "segmentNumber": "3", 
            "he": [
                "אלא אמר רבא - הכא הוא דקני לקרקע שתחת האילן בבא מחמת הטענה שטוען למוכר בפירוש מכרת לי האילן והקרקע שתחתיו ליטע אחר במקומו ובשטר ואכלתיה שני חזקה ולא נזהרתי בשטרי יותר משלש שנים דהשתא לא דמי לכורכמא דרישקא:"
            ], 
            "links": [
                {
                    "category": "Talmud", 
                    "sourceHeRef": "בבא בתרא ל״ח א:ג׳", 
                    "index_title": "Bava Batra", 
                    "sourceRef": "Bava Batra 38a:3"
                }
            ], 
            "text": ""
        }, 
        {
            "segmentNumber": "4", 
            "he": [], 
            "links": [], 
            "text": ""
        }, 
        {
            "segmentNumber": "5", 
            "he": [
                "א\"ל מר קשישא בריה דרב חסדא לרב אשי - מאחר שהקונה דקל יחידי נאמן בטענה זו ויטע אחר במקומו אי כורכמא דרישקא זבין ליה אם מכר לו סתם דקל לפירותיו ולא פירש לו קרקע דקיימא לן אין לו קרקע דאם יבש או נעקר לא יטע אחר במקומו:"
            ], 
            "links": [
                {
                    "category": "Talmud", 
                    "sourceHeRef": "בבא בתרא ל״ח א:ה׳", 
                    "index_title": "Bava Batra", 
                    "sourceRef": "Bava Batra 38a:5"
                }
            ], 
            "text": ""
        }, 
        {
            "segmentNumber": "6", 
            "he": [
                "מאי הוה ליה - למוכר למעבד שלא יהא זה בא מחמת טענה ויטע אחר במקומו דכל אדם יטעון אחר שלש שנים שפירש לו קרקע מאחר שהוא נאמן בטענתו:"
            ], 
            "links": [
                {
                    "category": "Talmud", 
                    "sourceHeRef": "בבא בתרא ל״ח א:ו׳", 
                    "index_title": "Bava Batra", 
                    "sourceRef": "Bava Batra 38a:6"
                }
            ], 
            "text": ""
        }, 
        {
            "segmentNumber": "7", 
            "he": [
                "איבעי ליה למחויי - בתוך כל שלש להודיע שלא מכר לו קרקע אלא כי כורכמא דרישקא ושוב לא יכול לטעון אחר שלש שטר היה לי ואבד דכיון דמיחה בו זה היה לו להזהר בשטרו:"
            ], 
            "links": [
                {
                    "category": "Talmud", 
                    "sourceHeRef": "בבא בתרא ל״ח א:ז׳", 
                    "index_title": "Bava Batra", 
                    "sourceRef": "Bava Batra 38a:7"
                }
            ], 
            "text": ""
        }, 
        {
            "segmentNumber": "8", 
            "he": [
                "דאי לא תימא הכי - דמחאה כי האי גוונא לא הויא מחאה מאחר שמודה בו שאוכל עכשיו מן הקרקע מן הדין דלא הויא מחאה אלא בטוען פלניא גזלנא הוא כדלקמן:"
            ], 
            "links": [
                {
                    "category": "Talmud", 
                    "sourceHeRef": "בבא בתרא ל״ח א:ח׳", 
                    "index_title": "Bava Batra", 
                    "sourceRef": "Bava Batra 38a:8"
                }
            ], 
            "text": ""
        }, 
        {
            "segmentNumber": "9", 
            "he": [], 
            "links": [], 
            "text": ""
        }, 
        {
            "segmentNumber": "10", 
            "he": [], 
            "links": [], 
            "text": ""
        }, 
        {
            "segmentNumber": "11", 
            "he": [], 
            "links": [], 
            "text": ""
        }, 
        {
            "segmentNumber": "12", 
            "he": [
                "מתני' אמרינן בגמרת ארץ ישראל א\"ר אלעזר אפי' שתי אכסניות כגון שלומי ונבורו והירדן מפסיק בינתים ועומד ורואה אחד מחזיק בשדה שלו אינה חזקה עד שיהא עמו באותה העיר ובאותה מדינה רב אמר עיקר חזקה הכנסת פירות דאפי' ראהו חורש וקוצר ומעמר ודש וזורה ובורר ולא ראהו מכניס פירות אינה חזקה עד שיראהו מכניס פירות:", 
                "מתני' שלש ארצות - בארץ ישראל:", 
                "לחזקה - חלוקות זו מזו לענין חזקת שלש שנים כדמפרש ואזיל:"
            ], 
            "links": [
                {
                    "category": "Talmud", 
                    "sourceHeRef": "בבא בתרא ל״ח א:י״ב", 
                    "index_title": "Bava Batra", 
                    "sourceRef": "Bava Batra 38a:12"
                }, 
                {
                    "category": "Talmud", 
                    "sourceHeRef": "בבא בתרא ל״ח א:י״ב", 
                    "index_title": "Bava Batra", 
                    "sourceRef": "Bava Batra 38a:12"
                }, 
                {
                    "category": "Talmud", 
                    "sourceHeRef": "בבא בתרא ל״ח א:י״ב", 
                    "index_title": "Bava Batra", 
                    "sourceRef": "Bava Batra 38a:12"
                }
            ], 
            "text": ""
        }, 
        {
            "segmentNumber": "13", 
            "he": [], 
            "links": [], 
            "text": ""
        }, 
        {
            "segmentNumber": "14", 
            "he": [
                "היה - בעל הקרקע ביהודה והחזיק בגליל שהיה הקרקע בגליל והחזיק בה אדם שלש שנים בלא מחאה אינה חזקה כדמפרש טעמא בגמרא דסתם יהודה וגליל כשעת חירום דמי שאין שיירות מצויות מזו לזו ולא הויא מחאת בעל הקרקע מחאה שהרי אין מי שיגיד לו למחזיק שמיחה זה ויזהר בשטרו דהא אין שיירות מצויות הלכך כיון דאינו יכול למחות אע\"ג דלא מיחה לא הפסיד בשתיקתו והיה לו לזה המחזיק ליזהר בשטרו שהרי יודע שאין בעל הקרקע יכול למחות:", 
                "עד שיהא עמו במדינה - כגון שהיה ביהודה בעיר אחת והחזיק ביהודה בעיר אחרת דכיון דשיירות מצויות הוה ליה למחויי ומדלא מיחה הפסיד:"
            ], 
            "links": [
                {
                    "category": "Talmud", 
                    "sourceHeRef": "בבא בתרא ל״ח א:י״ד", 
                    "index_title": "Bava Batra", 
                    "sourceRef": "Bava Batra 38a:14"
                }, 
                {
                    "category": "Talmud", 
                    "sourceHeRef": "בבא בתרא ל״ח א:י״ד", 
                    "index_title": "Bava Batra", 
                    "sourceRef": "Bava Batra 38a:14"
                }
            ], 
            "text": ""
        }, 
        {
            "segmentNumber": "15", 
            "he": [], 
            "links": [], 
            "text": ""
        }, 
        {
            "segmentNumber": "16", 
            "he": [
                "א\"ר יהודה לא אמרו שלש שנים כו' - לחלוק בא ולומר דאינן חלוקות לחזקה דהיה בגליל והחזיק ביהודה הויא חזקה ואפילו היה באספמיא שהוא רחוק מהלך שנה מארץ ישראל והחזיק בארץ ישראל הויא חזקה שהרי לכך האריכו שני חזקה זמן מרובה של שלש שנים כדי שיעור שאם היה באספמיא ואם יחזיק זה בקרקע שלו שנה ובתוך שנה ראשונה יצא הקול ילכו בשנה שניה ויודיעוהו לבעל הקרקע ולשנה שלישית יבא וימחה ובגמרא מפרש אי בעי ר' יהודה מחאה בפניו או לא ויותר ממהלך שנה אין דרך אדם להרחיק מביתו ולפי ההוה תקנו וטעמא דר' יהודה לא משום דתלת שנין מיזדהר איניש בשטריה אלא כדמפרש כדי שיהא כו' וטעמא דחזקה לדידיה דלא שביק איניש דאכלוה לארעיה בלא רשותיה ואפילו שעה אחת ושתיק אלא לכך האריכו שלש שנים שפעמים היה המערער רחוק אבל אי הוי המערער בעיר הוי חזקה מיד כדאמרי' לקמן בפירקין:"
            ], 
            "links": [
                {
                    "category": "Talmud", 
                    "sourceHeRef": "בבא בתרא ל״ח א:ט״ז", 
                    "index_title": "Bava Batra", 
                    "sourceRef": "Bava Batra 38a:16"
                }
            ], 
            "text": ""
        }, 
        {
            "segmentNumber": "17", 
            "he": [
                "גמ' מאי קסבר תנא קמא - דר' יהודה:"
            ], 
            "links": [
                {
                    "category": "Talmud", 
                    "sourceHeRef": "בבא בתרא ל״ח א:י״ז", 
                    "index_title": "Bava Batra", 
                    "sourceRef": "Bava Batra 38a:17"
                }
            ], 
            "text": ""
        }, 
        {
            "segmentNumber": "18", 
            "he": [], 
            "links": [], 
            "text": ""
        }, 
        {
            "segmentNumber": "19", 
            "he": [
                "אי קסבר מחאה - שמוחה בעל הקרקע במחזיק אפי' שלא בפניו כגון ששניהם דרין בעיר אחת ומיחה בפני שנים מן השוק שלא בפניו של מחזיק אפי' הכי הויא מחאה דחברך חברא אית ליה ושמע המחזיק בדבר זה והיה לו להזהר בשטרו ומדלא נזהר הפסיד והלכך קתני עד שיהא עמו במדינה אחת דכיון ששניהם במדינה אחת הויא מחאה אע\"פ שאינם בעיר אחת:", 
                "אפי' יהודה וגליל נמי - היה ביהודה והחזיק בגליל תיהוי מחאה:"
            ], 
            "links": [
                {
                    "category": "Talmud", 
                    "sourceHeRef": "בבא בתרא ל״ח א:י״ט", 
                    "index_title": "Bava Batra", 
                    "sourceRef": "Bava Batra 38a:19"
                }, 
                {
                    "category": "Talmud", 
                    "sourceHeRef": "בבא בתרא ל״ח א:י״ט", 
                    "index_title": "Bava Batra", 
                    "sourceRef": "Bava Batra 38a:19"
                }
            ], 
            "text": ""
        }, 
        {
            "segmentNumber": "20", 
            "he": [
                "ואי קסבר לא הויא מחאה - כדקתני דהיה ביהודה והחזיק בגליל אינה חזקה:", 
                "אפי' היה ביהודה והחזיק ביהודה - בעיר אחרת נמי לא תיהוי מחאה ואמאי קתני עד שיהא עמו במדינה:"
            ], 
            "links": [
                {
                    "category": "Talmud", 
                    "sourceHeRef": "בבא בתרא ל״ח א:כ׳", 
                    "index_title": "Bava Batra", 
                    "sourceRef": "Bava Batra 38a:20"
                }, 
                {
                    "category": "Talmud", 
                    "sourceHeRef": "בבא בתרא ל״ח א:כ׳", 
                    "index_title": "Bava Batra", 
                    "sourceRef": "Bava Batra 38a:20"
                }
            ], 
            "text": ""
        }, 
        {
            "segmentNumber": "21", 
            "he": [], 
            "links": [], 
            "text": ""
        }, 
        {
            "segmentNumber": "22", 
            "he": [
                "לעולם קסבר מחאה שלא בפניו הויא מחאה - ומשום הכי קתני עד שיהא עמו במדינה ודקשיא לך אפילו יהודה וגליל נמי תיהוי מחאה מתני' בשעת חירום תיגרות יש בין יהודה וגליל ואין שיירות מצויות מזו לזו ואם ימחה לא יבא הדבר לאזניו של מחזיק שיזהר בשטרו והלכך לא הויא מחאה וכיון דלא הויא מחאתו של מערער מחאה חזקתו של זה נמי לא הוי חזקה דטעמא דחזקה ג' שנים קונה משום דמצי טעין ליה מחזיק אמאי לא מחית בתוך שלש ואילו הכא לא מצי למטען הכי דהא לא יכול למחות דהא אינה מחאה:"
            ], 
            "links": [
                {
                    "category": "Talmud", 
                    "sourceHeRef": "בבא בתרא ל״ח א:כ״ב", 
                    "index_title": "Bava Batra", 
                    "sourceRef": "Bava Batra 38a:22"
                }
            ], 
            "text": ""
        }, 
        {
            "segmentNumber": "23", 
            "he": [
                "ומ\"ש יהודה וגליל דנקט - דכיון דבשעת חירום מיירי הוא הדין לכל המלכיות שיש חירום בין זו לזו והכי הוה ליה למיתני כל הארצות חלוקות לחזקה בשעת חירום ואית דמפרשי מ\"ש יהודה וגליל דנקט כיון דבשעת חירום מוקמת לה מ\"ש יהודה וגליל דלא הויא חזקה אפילו יהודה ויהודה לא תיהוי חזקה ואין נראה בעיני דאם כן הוה ליה למימר כדלעיל אי הכי אפילו יהודה ויהודה נמי לא ועוד דהכי מתרץ ר' אבא בשעת חירום שנו שיש תגרה בין המלכיות אבל עיירות של מדינה ומדינה אין בינותם תגרה:"
            ], 
            "links": [
                {
                    "category": "Talmud", 
                    "sourceHeRef": "בבא בתרא ל״ח א:כ״ג", 
                    "index_title": "Bava Batra", 
                    "sourceRef": "Bava Batra 38a:23"
                }
            ], 
            "text": ""
        }, 
        {
            "segmentNumber": "24", 
            "he": [
                "הא קמ\"ל - ר' אבא:"
            ], 
            "links": [
                {
                    "category": "Talmud", 
                    "sourceHeRef": "בבא בתרא ל״ח א:כ״ד", 
                    "index_title": "Bava Batra", 
                    "sourceRef": "Bava Batra 38a:24"
                }
            ], 
            "text": ""
        }
    ], 
    "commentaryBook": "Bava Batra", 
    "heRef": "רשב\"ם על בבא בתרא ל״ח א", 
    "toSections": [
        "38a"
    ], 
    "sectionRef": "Rashbam on Bava Batra 38a", 
    "title": "Rashbam on Bava Batra 38a", 
    "lengths": [
        350, 
        13690
    ], 
    "next": "Rashbam on Bava Batra 38b:1", 
    "heBook": "רשב\"ם על בבא בתרא", 
    "book": "Rashbam on Bava Batra", 
    "prev": "Rashbam on Bava Batra 37b:22", 
    "textDepth": 3, 
    "sectionNames": [
        "Daf", 
        "Line", 
        "Comment"
    ], 
    "sections": [
        "38a"
    ], 
    "commentator": "Rashbam", 
    "isComplex": false, 
    "commentaryCategories": [
        "Talmud", 
        "Bavli", 
        "Seder Nezikin"
    ], 
    "titleVariants": [
        "Samuel ben Meir on Talmud Bava Batra", 
        "Shumel ben Meir on Bava Batra", 
        "Rashbam on Masekhet Bava Batra", 
        "Samuel ben Meir on Bava Bathra", 
        "Rashbam on Tractate Bava Batra", 
        "Rashbam on Bava Batra", 
        "Samuel ben Meir on Tractate Bava Batra", 
        "Shumel ben Meir on Tractate Bava Batra", 
        "Samuel ben Meir on Masekhet Bava Batra", 
        "Samuel ben Meir on Bava Batra", 
        "Shumel ben Meir on Baba Batra", 
        "Rashbam on Talmud Bava Batra", 
        "Shumel ben Meir on Bava Bathra", 
        "Shumel ben Meir on Masekhet Bava Batra", 
        "Rashbam on Baba Batra", 
        "Samuel ben Meir on Baba Batra", 
        "Shumel ben Meir on Talmud Bava Batra", 
        "Rashbam on Bava Bathra"
    ], 
    "categories": [
        "Commentary", 
        "Talmud", 
        "Rashbam"
    ], 
    "ref": "Rashbam on Bava Batra 38a", 
    "type": "Commentary", 
    "addressTypes": [
        "Talmud", 
        "Integer", 
        "Integer"
    ], 
    "heCommentator": "רשב\"ם", 
    "length": 350, 
    "indexTitle": "Rashbam on Bava Batra", 
    "heIndexTitle": "רשב\"ם על בבא בתרא", 
    "alts": [], 
    "order": [
        22, 
        3
    ]
}