{
    "heTitleVariants": [
        "רשב\"ם על בבא בתרא", 
        "רשב\"ם על ב״ב", 
        "רשב\"ם על ב\"ב"
    ], 
    "heTitle": "רשב\"ם על בבא בתרא ס״ח א", 
    "content": [
        {
            "segmentNumber": "1", 
            "he": [
                "בין בימות החמה - שהן מועטין וסד\"א ליבטלו גבי המרחץ:", 
                "ולא בית כניסת העצים - גרסינן בתוספתא לא מכר לא את הבית ולא את העצים דכי היכי דעצים לאו תשמישין נינהו גם הבית שעשוי לצרכו לא מיקרי תשמיש מרחץ כל כך:"
            ], 
            "links": [
                {
                    "category": "Talmud", 
                    "sourceHeRef": "בבא בתרא ס״ח א:א׳", 
                    "index_title": "Bava Batra", 
                    "sourceRef": "Bava Batra 68a:1"
                }, 
                {
                    "category": "Talmud", 
                    "sourceHeRef": "בבא בתרא ס״ח א:א׳", 
                    "index_title": "Bava Batra", 
                    "sourceRef": "Bava Batra 68a:1"
                }
            ], 
            "text": ""
        }, 
        {
            "segmentNumber": "2", 
            "he": [
                "וכל תשמישיו - לטפויי אתא בריכות ואוצרות של עצים דהוו תשמיש למרחץ פורתא וכדמפרש לקמן שכתב לו מצרים החיצונים והנם בתוך המצר:"
            ], 
            "links": [
                {
                    "category": "Talmud", 
                    "sourceHeRef": "בבא בתרא ס״ח א:ב׳", 
                    "index_title": "Bava Batra", 
                    "sourceRef": "Bava Batra 68a:2"
                }
            ], 
            "text": ""
        }, 
        {
            "segmentNumber": "3", 
            "he": [], 
            "links": [], 
            "text": ""
        }, 
        {
            "segmentNumber": "4", 
            "he": [
                "חנואתא - חנויות למכור בו פת ויין:", 
                "שטחו בה שומשמי - ליבשן כדי לעשות מהן שמן בבית הבד זה כדתנן (שבת דף כד:) בשמן שומשמין אבל עיקר תשמישן למכור פת ויין הוא:"
            ], 
            "links": [
                {
                    "category": "Talmud", 
                    "sourceHeRef": "בבא בתרא ס״ח א:ד׳", 
                    "index_title": "Bava Batra", 
                    "sourceRef": "Bava Batra 68a:4"
                }, 
                {
                    "category": "Talmud", 
                    "sourceHeRef": "בבא בתרא ס״ח א:ד׳", 
                    "index_title": "Bava Batra", 
                    "sourceRef": "Bava Batra 68a:4"
                }, 
                {
                    "category": "Talmud", 
                    "sourceHeRef": "שבת כ״ד ב", 
                    "index_title": "Shabbat", 
                    "sourceRef": "Shabbat 24b"
                }
            ], 
            "text": ""
        }, 
        {
            "segmentNumber": "5", 
            "he": [], 
            "links": [], 
            "text": ""
        }, 
        {
            "segmentNumber": "6", 
            "he": [
                "הרי כולן מכורין - ואפילו אוצרות של עצים וה\"ה לחנות זה:"
            ], 
            "links": [
                {
                    "category": "Talmud", 
                    "sourceHeRef": "בבא בתרא ס״ח א:ו׳", 
                    "index_title": "Bava Batra", 
                    "sourceRef": "Bava Batra 68a:6"
                }
            ], 
            "text": ""
        }, 
        {
            "segmentNumber": "7", 
            "he": [], 
            "links": [], 
            "text": ""
        }, 
        {
            "segmentNumber": "8", 
            "he": [
                "אין כולן מכורין - שהרי אין מיוחדין לבית הבד:"
            ], 
            "links": [
                {
                    "category": "Talmud", 
                    "sourceHeRef": "בבא בתרא ס״ח א:ח׳", 
                    "index_title": "Bava Batra", 
                    "sourceRef": "Bava Batra 68a:8"
                }
            ], 
            "text": ""
        }, 
        {
            "segmentNumber": "9", 
            "he": [
                "הכי כתוב בפירושי רבינו חננאל וכן עיקר אמר רב אשי חזינן אי א\"ל בית הבד וכל תשמישיו ואלין מצרנוהי והני בכלל הנהו מצרני קנה להו ואי לא לא קנה וסוגיא דשמעתא דאמר הכי סלקא וקיימא לן כרב אשי דהוא בתרא ושמעינן מינה בזמן שא\"ל בית המרחץ וכל מה שבתוכו אני מוכר אע\"פ שמצר לו מצרים החיצונים לא קנה בריכות של מים ולא בית כינוס עצים דקיימא לן מצרים הרחיב אבל אם א\"ל מרחץ וכל תשמישיו ומצר לו מצריו והנם בתוך המצר הרי הן מכורין הואיל וחזו פורתא לתשמיש בית הבד ואע\"ג דאמרן לעיל בריש פירקין מצרים הרחיב לו הכא לא אמרינן הכי דכיון דחזי להך בית קצת לתשמיש בית הבד והוא בתוך המצר ודאי מכרו לו דלכך תיחם את המיצר חוצה לו לשון אחר כתוב בספרים אי אמר לי' בית הבד וכל תשמישיו ואלין מצרנהא לא קני דהשתא לא קאי ואלין מצרנהא אתשמישין אלא אבית הבד קאי הלכך לגבי תשמישין נאמר מצרים הרחיב לו אבל אי אמר אלין מצרני בית הבד וכל תשמישיו קני דהשתא אתרוייהו קאי וכמאן דאמר אלו מצרני בית הבד ואלו מצרני כל תשמישיו דמי ולא נהירא דלא שנא הכי ולא שנא הכי אתרוייהו קאי וראשון עיקר:"
            ], 
            "links": [
                {
                    "category": "Talmud", 
                    "sourceHeRef": "בבא בתרא ס״ח א:ט׳", 
                    "index_title": "Bava Batra", 
                    "sourceRef": "Bava Batra 68a:9"
                }
            ], 
            "text": ""
        }, 
        {
            "segmentNumber": "10", 
            "he": [], 
            "links": [], 
            "text": ""
        }, 
        {
            "segmentNumber": "11", 
            "he": [], 
            "links": [], 
            "text": ""
        }, 
        {
            "segmentNumber": "12", 
            "he": [
                "מתני' מכר את הבתים - דבתים בכלל עיר ומכר את החצרות לא איצטריך למיתני דהיינו עיקר עיר דעיר משמע אויר העיר:", 
                "בית השלחין - שחוץ לעיר וסמוכין לעיר ובגמרא מפרש מאי שלחין:", 
                "אבל לא את המטלטלין - מאני תשמישתיה כגון תנור וכירים וכל הנך מטלטלין דלעיל דאמרן בהו לא מכר וכ\"ש חיטי ושערי:"
            ], 
            "links": [
                {
                    "category": "Talmud", 
                    "sourceHeRef": "בבא בתרא ס״ח א:י״ב", 
                    "index_title": "Bava Batra", 
                    "sourceRef": "Bava Batra 68a:12"
                }, 
                {
                    "category": "Talmud", 
                    "sourceHeRef": "בבא בתרא ס״ח א:י״ב", 
                    "index_title": "Bava Batra", 
                    "sourceRef": "Bava Batra 68a:12"
                }, 
                {
                    "category": "Talmud", 
                    "sourceHeRef": "בבא בתרא ס״ח א:י״ב", 
                    "index_title": "Bava Batra", 
                    "sourceRef": "Bava Batra 68a:12"
                }
            ], 
            "text": ""
        }, 
        {
            "segmentNumber": "13", 
            "he": [], 
            "links": [], 
            "text": ""
        }, 
        {
            "segmentNumber": "14", 
            "he": [
                "ואפילו היו בה כו' - בגמ' מפרש מאי אפילו ממה חמורין יותר משאר מטלטלין לימכר בכלל העיר:", 
                "בהמה ועבדים - אין נקראין מאני תשמישתיה ומאחר שהן מכורין כ\"ש חיטי ושערי וכסף וזהב דהוו מטלטלי דלא ניידי כדמוכח בגמ':"
            ], 
            "links": [
                {
                    "category": "Talmud", 
                    "sourceHeRef": "בבא בתרא ס״ח א:י״ד", 
                    "index_title": "Bava Batra", 
                    "sourceRef": "Bava Batra 68a:14"
                }, 
                {
                    "category": "Talmud", 
                    "sourceHeRef": "בבא בתרא ס״ח א:י״ד", 
                    "index_title": "Bava Batra", 
                    "sourceRef": "Bava Batra 68a:14"
                }
            ], 
            "text": ""
        }, 
        {
            "segmentNumber": "15", 
            "he": [], 
            "links": [], 
            "text": ""
        }, 
        {
            "segmentNumber": "16", 
            "he": [
                "הסנטר - בגמ' מפרש:"
            ], 
            "links": [
                {
                    "category": "Talmud", 
                    "sourceHeRef": "בבא בתרא ס״ח א:ט״ז", 
                    "index_title": "Bava Batra", 
                    "sourceRef": "Bava Batra 68a:16"
                }
            ], 
            "text": ""
        }, 
        {
            "segmentNumber": "17", 
            "he": [
                "גמ' ש\"מ - ממתני' דקתני ברישא לא מכר את המטלטלין וקאמר בסיפא אבל אם אמר לו כל מה שבתוכה אז העבדים מכורין מכלל דמעיקרא לא הוו מזדבני אגב מתא משום דמטלטלי נינהו בתמיה ואנן מיבעיא לן בפרק מי שמת אי כמטלטלי אי כמקרקעי דמי כלומר הא מיבעיא ליה אם לפי לשון בני אדם קרוי מטלטלי או מקרקעי דמדאורייתא ודאי כמקרקעי דמי לקנות בכסף בשטר ובחזקה כדתנן בקידושין (דף כב:) משום דאיתקוש לקרקעות דכתיב והתנחלתם אותם אבל לגבי לשון בני אדם לגבי מאן דאמר מטלטלי לפלניא מיבעיא לן התם אי דעתו של אדם ליתן עבדו בלשון זה או לא ולא איפשוט התם ואמאי הא איכא למפשטה ממתני' דהכא דלפי דעת בני אדם חשוב מטלטלי שהרי המוכר את העיר סתמא דעתו אמקרקעי ואפי' הכי לא מכר את העבדים:"
            ], 
            "links": [
                {
                    "category": "Talmud", 
                    "sourceHeRef": "בבא בתרא ס״ח א:י״ז", 
                    "index_title": "Bava Batra", 
                    "sourceRef": "Bava Batra 68a:17"
                }
            ], 
            "text": ""
        }, 
        {
            "segmentNumber": "18", 
            "he": [], 
            "links": [], 
            "text": ""
        }, 
        {
            "segmentNumber": "19", 
            "he": [], 
            "links": [], 
            "text": ""
        }, 
        {
            "segmentNumber": "20", 
            "he": [
                "מאי אפילו - דמשמע אפי' עבדים שאין להם דין מטלטלי:"
            ], 
            "links": [
                {
                    "category": "Talmud", 
                    "sourceHeRef": "בבא בתרא ס״ח א:כ׳", 
                    "index_title": "Bava Batra", 
                    "sourceRef": "Bava Batra 68a:20"
                }
            ], 
            "text": ""
        }, 
        {
            "segmentNumber": "21", 
            "he": [
                "אלא מאי אית לך למימר - אמאי קתני אפי' משום דשאני מטלטלי דנייד שיש בו רוח חיים ויכול להוליכו לעיר אחרת ממטלטלי דלא ניידי סד\"א אפי' כי אמר כל מה שבתוכה ונמכרו מטלטלי דלא ניידי אלו העבדים והבהמות אינן מכורין דלא מבטלו אגב מתא קמ\"ל דמכורין הן ואפי' תימא נמי דעבדא לגבי שאר דיני כמקרקעי דמו ואמאי לא קני להו הכא גבי מקרקעי משום דשאני כו' דאין דעתו של מוכר עיר אלא לדברים הקבועים בעיר ונקראין על שם העיר אבל זה שיכול לצאת מן העיר אינו בכלל עיר:"
            ], 
            "links": [
                {
                    "category": "Talmud", 
                    "sourceHeRef": "בבא בתרא ס״ח א:כ״א", 
                    "index_title": "Bava Batra", 
                    "sourceRef": "Bava Batra 68a:21"
                }
            ], 
            "text": ""
        }, 
        {
            "segmentNumber": "22", 
            "he": [], 
            "links": [], 
            "text": ""
        }, 
        {
            "segmentNumber": "23", 
            "he": [], 
            "links": [], 
            "text": ""
        }, 
        {
            "segmentNumber": "24", 
            "he": [], 
            "links": [], 
            "text": ""
        }, 
        {
            "segmentNumber": "25", 
            "he": [], 
            "links": [], 
            "text": ""
        }, 
        {
            "segmentNumber": "26", 
            "he": [], 
            "links": [], 
            "text": ""
        }, 
        {
            "segmentNumber": "27", 
            "he": [], 
            "links": [], 
            "text": ""
        }, 
        {
            "segmentNumber": "28", 
            "he": [
                "בר מחווניתא - עבד הממונה להגיד ולאחוויי תחומי השדות של מי זה ושל מי זה והוא עבד לשר העיר ואי אפשר לעיר בלא אותו ורבינו חננאל פירש סנטר הוא שומר העיר לשון נוטרה את הכרמים (שיר א):"
            ], 
            "links": [
                {
                    "category": "Talmud", 
                    "sourceHeRef": "בבא בתרא ס״ח א:כ״ח", 
                    "index_title": "Bava Batra", 
                    "sourceRef": "Bava Batra 68a:28"
                }
            ], 
            "text": ""
        }, 
        {
            "segmentNumber": "29", 
            "he": [
                "שמעון בן אבטולמוס - כפר\"ח:"
            ], 
            "links": [
                {
                    "category": "Talmud", 
                    "sourceHeRef": "בבא בתרא ס״ח א:כ״ט", 
                    "index_title": "Bava Batra", 
                    "sourceRef": "Bava Batra 68a:29"
                }
            ], 
            "text": ""
        }, 
        {
            "segmentNumber": "30", 
            "he": [
                "באגי - שדות שסביב המדינה:"
            ], 
            "links": [
                {
                    "category": "Talmud", 
                    "sourceHeRef": "בבא בתרא ס״ח א:ל׳", 
                    "index_title": "Bava Batra", 
                    "sourceRef": "Bava Batra 68a:30"
                }
            ], 
            "text": ""
        }, 
        {
            "segmentNumber": "31", 
            "he": [
                "כל שכן באגי - דלא ניידי:"
            ], 
            "links": [
                {
                    "category": "Talmud", 
                    "sourceHeRef": "בבא בתרא ס״ח א:ל״א", 
                    "index_title": "Bava Batra", 
                    "sourceRef": "Bava Batra 68a:31"
                }
            ], 
            "text": ""
        }, 
        {
            "segmentNumber": "32", 
            "he": [
                "לא מזדבן - משום דנייד:"
            ], 
            "links": [
                {
                    "category": "Talmud", 
                    "sourceHeRef": "בבא בתרא ס״ח א:ל״ב", 
                    "index_title": "Bava Batra", 
                    "sourceRef": "Bava Batra 68a:32"
                }
            ], 
            "text": ""
        }, 
        {
            "segmentNumber": "33", 
            "he": [], 
            "links": [], 
            "text": ""
        }, 
        {
            "segmentNumber": "34", 
            "he": [], 
            "links": [], 
            "text": ""
        }, 
        {
            "segmentNumber": "35", 
            "he": [], 
            "links": [], 
            "text": ""
        }, 
        {
            "segmentNumber": "36", 
            "he": [], 
            "links": [], 
            "text": ""
        }, 
        {
            "segmentNumber": "37", 
            "he": [
                "דכתיב ושולח מים - כלומר להכי נקראין שלחין שצריכין לגשמים הכא לא גרסינן אבל בר מחווניתא לא אלא הכי גרסינן ושולח מים וגו':"
            ], 
            "links": [
                {
                    "category": "Talmud", 
                    "sourceHeRef": "בבא בתרא ס״ח א:ל״ז", 
                    "index_title": "Bava Batra", 
                    "sourceRef": "Bava Batra 68a:37"
                }
            ], 
            "text": ""
        }, 
        {
            "segmentNumber": "38", 
            "he": [
                "בשלמא למאן דאמר בר מחווניתא כו' - אלא למאן דאמר סנטר דרבי שמעון היינו באגי מה בא להוסיף על תנא קמא היינו שלחין דקאמר תנא קמא:"
            ], 
            "links": [
                {
                    "category": "Talmud", 
                    "sourceHeRef": "בבא בתרא ס״ח א:ל״ח", 
                    "index_title": "Bava Batra", 
                    "sourceRef": "Bava Batra 68a:38"
                }
            ], 
            "text": ""
        }, 
        {
            "segmentNumber": "39", 
            "he": [], 
            "links": [], 
            "text": ""
        }, 
        {
            "segmentNumber": "40", 
            "he": [], 
            "links": [], 
            "text": ""
        }, 
        {
            "segmentNumber": "41", 
            "he": [], 
            "links": [], 
            "text": ""
        }, 
        {
            "segmentNumber": "42", 
            "he": [], 
            "links": [], 
            "text": ""
        }, 
        {
            "segmentNumber": "43", 
            "he": [
                "גינונייתא - גנות הסמוכין לעיר ושבתוך העיר דשייכי לעיר טפי מבאגי שהרי גן ראוי לטייל בו כמו בבית:"
            ], 
            "links": [
                {
                    "category": "Talmud", 
                    "sourceHeRef": "בבא בתרא ס״ח א:מ״ג", 
                    "index_title": "Bava Batra", 
                    "sourceRef": "Bava Batra 68a:43"
                }
            ], 
            "text": ""
        }, 
        {
            "segmentNumber": "44", 
            "he": [
                "שלחיך - גנות המשלחין פירות בכל שנה:"
            ], 
            "links": [
                {
                    "category": "Talmud", 
                    "sourceHeRef": "בבא בתרא ס״ח א:מ״ד", 
                    "index_title": "Bava Batra", 
                    "sourceRef": "Bava Batra 68a:44"
                }
            ], 
            "text": ""
        }, 
        {
            "segmentNumber": "45", 
            "he": [], 
            "links": [], 
            "text": ""
        }, 
        {
            "segmentNumber": "46", 
            "he": [], 
            "links": [], 
            "text": ""
        }, 
        {
            "segmentNumber": "47", 
            "he": [], 
            "links": [], 
            "text": ""
        }, 
        {
            "segmentNumber": "48", 
            "he": [], 
            "links": [], 
            "text": ""
        }, 
        {
            "segmentNumber": "49", 
            "he": [
                "בשלמא למאן דאמר - דסנטר היינו באגי היינו דקאמר תנא קמא גינונייתא דהיינו שלחין מזדבני אבל באגי לא ואתא רבן שמעון בן גמליאל למימר אפילו באגי מזדבני:"
            ], 
            "links": [
                {
                    "category": "Talmud", 
                    "sourceHeRef": "בבא בתרא ס״ח א:מ״ט", 
                    "index_title": "Bava Batra", 
                    "sourceRef": "Bava Batra 68a:49"
                }
            ], 
            "text": ""
        }
    ], 
    "commentaryBook": "Bava Batra", 
    "heRef": "רשב\"ם על בבא בתרא ס״ח א", 
    "toSections": [
        "68a"
    ], 
    "sectionRef": "Rashbam on Bava Batra 68a", 
    "title": "Rashbam on Bava Batra 68a", 
    "lengths": [
        350, 
        13690
    ], 
    "next": "Rashbam on Bava Batra 68b:1", 
    "heBook": "רשב\"ם על בבא בתרא", 
    "book": "Rashbam on Bava Batra", 
    "prev": "Rashbam on Bava Batra 67b:30", 
    "textDepth": 3, 
    "sectionNames": [
        "Daf", 
        "Line", 
        "Comment"
    ], 
    "sections": [
        "68a"
    ], 
    "commentator": "Rashbam", 
    "isComplex": false, 
    "commentaryCategories": [
        "Talmud", 
        "Bavli", 
        "Seder Nezikin"
    ], 
    "titleVariants": [
        "Samuel ben Meir on Talmud Bava Batra", 
        "Shumel ben Meir on Bava Batra", 
        "Rashbam on Masekhet Bava Batra", 
        "Samuel ben Meir on Bava Bathra", 
        "Rashbam on Tractate Bava Batra", 
        "Rashbam on Bava Batra", 
        "Samuel ben Meir on Tractate Bava Batra", 
        "Shumel ben Meir on Tractate Bava Batra", 
        "Samuel ben Meir on Masekhet Bava Batra", 
        "Samuel ben Meir on Bava Batra", 
        "Shumel ben Meir on Baba Batra", 
        "Rashbam on Talmud Bava Batra", 
        "Shumel ben Meir on Bava Bathra", 
        "Shumel ben Meir on Masekhet Bava Batra", 
        "Rashbam on Baba Batra", 
        "Samuel ben Meir on Baba Batra", 
        "Shumel ben Meir on Talmud Bava Batra", 
        "Rashbam on Bava Bathra"
    ], 
    "categories": [
        "Commentary", 
        "Talmud", 
        "Rashbam"
    ], 
    "ref": "Rashbam on Bava Batra 68a", 
    "type": "Commentary", 
    "addressTypes": [
        "Talmud", 
        "Integer", 
        "Integer"
    ], 
    "heCommentator": "רשב\"ם", 
    "length": 350, 
    "indexTitle": "Rashbam on Bava Batra", 
    "heIndexTitle": "רשב\"ם על בבא בתרא", 
    "alts": [], 
    "order": [
        22, 
        3
    ]
}