{
    "heTitleVariants": [
        "שו\"ת הרשב\"א ד", 
        "שו\"ת הרשב\"א חלק ד", 
        "שאלות ותשובות הרשב\"א חלק ד"
    ], 
    "heTitle": "שו\"ת הרשב\"א חלק ד", 
    "heRef": "שו\"ת הרשב\"א חלק ד רנ״ב", 
    "toSections": [
        252
    ], 
    "sectionRef": "Teshuvot haRashba part IV 252", 
    "next": "Teshuvot haRashba part IV 253", 
    "content": [
        {
            "segmentNumber": "1", 
            "he": "סימן רנב", 
            "links": [], 
            "text": ""
        }, 
        {
            "segmentNumber": "2", 
            "he": "<b>ומה </b>ששאלת ג\"כ, איך נותנים זמן על פי אשה, ומנדין אותו, דדילמא תשכח: נשים דעתן קלה עליהן. לא ידעתי מה זו שאלה. דמה לי איש, מה לי אשה. חזקה אפילו אשה, מימר אמרה לו. שאין האשה עשויה נמנעת, ממה שאמרו לה ב\"ד, שאין דעתן קלה כל כך.", 
            "links": [], 
            "text": ""
        }
    ], 
    "book": "Teshuvot haRashba part IV", 
    "prev": "Teshuvot haRashba part IV 251", 
    "textDepth": 2, 
    "sectionNames": [
        "Teshuva", 
        "Paragraph"
    ], 
    "sections": [
        252
    ], 
    "isComplex": false, 
    "titleVariants": [
        "Teshuvot haRashba part IV", 
        "Teshuvot helek arba", 
        "shut harashba d'"
    ], 
    "categories": [
        "Responsa", 
        "Rashba"
    ], 
    "ref": "Teshuvot haRashba part IV 252", 
    "type": "Responsa", 
    "addressTypes": [
        "Integer", 
        "Integer"
    ], 
    "indexTitle": "Teshuvot haRashba part IV", 
    "heIndexTitle": "שו\"ת הרשב\"א חלק ד", 
    "alts": [], 
    "order": ""
}