[{
    "links": [], 
    "text": [], 
    "heTitleVariants": [
        "שו\"ת הרשב\"א ד", 
        "שו\"ת הרשב\"א חלק ד", 
        "שאלות ותשובות הרשב\"א חלק ד"
    ], 
    "heTitle": "שו\"ת הרשב\"א חלק ד", 
    "heRef": "שו\"ת הרשב\"א חלק ד רל״ח", 
    "toSections": [
        238
    ], 
    "sectionRef": "Teshuvot haRashba part IV 238", 
    "next": "Teshuvot haRashba part IV 239", 
    "book": "Teshuvot haRashba part IV", 
    "prev": "Teshuvot haRashba part IV 237", 
    "textDepth": 2, 
    "sectionNames": [
        "Teshuva", 
        "Paragraph"
    ], 
    "sections": [
        238
    ], 
    "isComplex": false, 
    "titleVariants": [
        "Teshuvot haRashba part IV", 
        "Teshuvot helek arba", 
        "shut harashba d'"
    ], 
    "categories": [
        "Responsa", 
        "Rashba"
    ], 
    "he": [
        "סימן רלח", 
        "<b>בושלאדון.</b>", 
        "<b>אמרת: </b>כיון דקי\"ל כר\"י, קידושין (דף ע\"א ע\"א), דאמר: עתידין ממזרים ליטהר, לעתיד לבא. למה אמרו: צדקה עושה הקדוש ברוך הוא עם ישראל. משפחה שנטמעה, נטמעה. ומאי  נפקא מינה, דאפי' ממזרים ידועים מטהרים.", 
        "<b>תשובה: </b>דברים אלו, דברי אגדה הם. ועוד, דמנין לנו דמשפחה שנטמעה, אתיא כר' יוסי. דילמא כר\"מ. ועוד, דהתם נמי אמרינן: דכגון אלו, אליהו בא לרחק ולקרב."
    ], 
    "ref": "Teshuvot haRashba part IV 238", 
    "type": "Responsa", 
    "addressTypes": [
        "Integer", 
        "Integer"
    ], 
    "indexTitle": "Teshuvot haRashba part IV", 
    "heIndexTitle": "שו\"ת הרשב\"א חלק ד", 
    "alts": [], 
    "order": ""
}]