{
    "heTitleVariants": [
        "ספר החינוך"
    ], 
    "heTitle": "ספר החינוך", 
    "heRef": "ספר החינוך רכ״ג", 
    "toSections": [
        223
    ], 
    "sectionRef": "Sefer HaChinukh 223", 
    "next": "Sefer HaChinukh 224", 
    "content": [
        {
            "segmentNumber": "1", 
            "he": "שלא ללקט פרט הכרם - שלא (נ) ללקט פרט הכרם אבל נעזב אותם לעניים, שנאמר (ויקרא יט י) ופרט כרמך לא תלקט. והוא הגרעינים הנושרין בשעת קטיפת הענבים, והוא הדין לשאר האילנות הדומין לכרם, שנתחיבנו שלא ללקט הגרעינין הנושרין. (ריש מ''ע).", 
            "links": [
                {
                    "category": "Tanach", 
                    "sourceHeRef": "ויקרא י״ט:י׳", 
                    "sourceRef": "Leviticus 19:10", 
                    "ref": "Leviticus 19:10"
                }
            ], 
            "text": ""
        }, 
        {
            "segmentNumber": "2", 
            "he": "רמז משרשי המצוה. כענין שכתבנו למעלה בפאה (מצוה רטז).", 
            "links": [], 
            "text": ""
        }, 
        {
            "segmentNumber": "3", 
            "he": "מדיני המצוה. מה שאמרו זכרונם לברכה (פאה ו, ה) איזהו פרט? זה גרגיר אחד או שני גרגרים הנפרטים מן האשכל בשעת הבצירה, אבל שלשה גרגרין שנפלו בבת אחת אינו פרט. היה בוצר ומשליך לארץ כשמפנה האשכולות אפילו חצי אשכל הנמצא שם פרט, וכן אשכל שלם שנפרט שם הרי הוא פרט. והמניח את הכלכלה תחת הגפן בשעה שבוצר הרי זה גוזל את העניים (פאהז ה). ויתר פרטיה, במסכת פאה [יו''ד סימן שלב].", 
            "links": [
                {
                    "category": "Mishnah", 
                    "sourceHeRef": "משנה פאה ו׳:ה׳", 
                    "sourceRef": "Mishnah Peah 6:5", 
                    "ref": "Mishnah Peah 6:5"
                }
            ], 
            "text": ""
        }, 
        {
            "segmentNumber": "4", 
            "he": "וענין המצוה באיזה מקום נוהגת ובמי, כתוב למעלה במצות פאה (מצוה רטז רכ).", 
            "links": [], 
            "text": ""
        }
    ], 
    "book": "Sefer HaChinukh", 
    "prev": "Sefer HaChinukh 222", 
    "textDepth": 2, 
    "sectionNames": [
        "Mitzvah", 
        "Paragraph"
    ], 
    "sections": [
        223
    ], 
    "isComplex": false, 
    "titleVariants": [
        "Sefer HaHinuch", 
        "Sefer HaChinuch", 
        "Sefer HaChinukh"
    ], 
    "categories": [
        "Halakhah"
    ], 
    "ref": "Sefer HaChinukh 223", 
    "type": "Halakhah", 
    "addressTypes": [
        "Integer", 
        "Integer"
    ], 
    "indexTitle": "Sefer HaChinukh", 
    "heIndexTitle": "ספר החינוך", 
    "alts": [], 
    "order": ""
}