{
    "heTitleVariants": [
        "ספר החינוך"
    ], 
    "heTitle": "ספר החינוך", 
    "heRef": "ספר החינוך שצ״ג", 
    "toSections": [
        393
    ], 
    "sectionRef": "Sefer HaChinukh 393", 
    "next": "Sefer HaChinukh 394", 
    "content": [
        {
            "segmentNumber": "1", 
            "he": "שלא לפדות בכור בהמה טהורה - שלא נפדה בכור בהמה טהורה, מפני שהתורה צותה לפדות פטר חמור, אולי יעלה על דעתנו לפדות גם כן בכור בהמה טהורה בבהמה אחרת על כן באתנו המניעה בזה, שלא נפדה אותו לעולם. ואפילו עבר ופדהו אינו פדוי, ועל זה נאמר (במדבר יח יז) אך בכור שור או בכור כשב או בכור עז לא תפדה קדש הם. באר הכתוב שלש הבהמות הטהורות, שהן בחיוב מצות בכור, כי מיני החיה שהם שבעה, אינם בתורת בכורות, וכמו שכתבתי בסדר ''בא'' (מצוה יח).", 
            "links": [
                {
                    "category": "Tanakh", 
                    "sourceHeRef": "במדבר י״ח:י״ז", 
                    "index_title": "Numbers", 
                    "sourceRef": "Numbers 18:17"
                }, 
                {
                    "category": "Halakhah", 
                    "sourceHeRef": "ספר החינוך י״ז", 
                    "index_title": "Sefer HaChinukh", 
                    "sourceRef": "Sefer HaChinukh 17"
                }
            ], 
            "text": "It is forbidden to redeem the first born of out kosher cattle.  Since the Torah had commanded that the first born donkey be redeemed on might have assumed that the kosher cattle should also be redeemed with another animal.  Therefore we arrive at this prohibition, that they never be redeemed.  Even is one trangressed and attempted to redeem it, it is not redeemed.  On this the verse says, \"However, the first born of your ox, sheep, or goat should not be redeemed.  They are sacred.\" (Num. 18:17)  The Torah specified the three types of kosher cattle that are subject to this command, as the seven varieties of wild animal are not included, as I explained in Parashat Bo. (Sefer HaChinukh 17) "
        }, 
        {
            "segmentNumber": "2", 
            "he": "משרשי מצות הבכור לתתו לכהן, כתבתי שם. וענין האזהרה שלא לפדותו, נקשר עמו וקחנו משם.", 
            "links": [], 
            "text": "I wrote about the root of the mitvzah of the first born and giving it to the kohen there.  This prohibition is related to that topic, so take it from there."
        }, 
        {
            "segmentNumber": "3", 
            "he": "מדיני המצוה. כתב הרמב''ם זכרונו לברכה (בכורות א, יז) הבכור כמו שאין פודין אותו כך אין הכהן יכול למכרו בעודו תם, דכיון שהוא עומד לקרבן אין לכהן זכות בו למכרו. ובזמן הזה שאין בית, הואיל ולאכילה עומד הרי זה מתר למכרו, ואף על פי שהוא תמים, בין לכהן, בין לישראל, עד כאן. ודאי שזה שאמר רבנו זכרונו לברכה הואיל ולאכילה עומד כונתו לומר לכשיפל בו מום. ובכור בעל מום יש לכהן למכרו בכל זמן, בין בפני הבית ושלא בפני הבית, בין חי בין שחוט, לכל אדם, ואפילו לגוי, דכחלין גמורין הוא. כמו שכתוב (דברים יב טו) הטמא והטהור יחדו כצבי וכאיל. ומכל מקום, הזהירו חכמים שלא למכרו בשוק דרך פרהסיא, אלא בבית. יתר פרטיה, מבארים במסכת בכורות (פ''ה) [יו''ד סי' שו].", 
            "links": [
                {
                    "category": "Tanakh", 
                    "sourceHeRef": "דברים י״ב:ט״ו", 
                    "index_title": "Deuteronomy", 
                    "sourceRef": "Deuteronomy 12:15"
                }, 
                {
                    "category": "Talmud", 
                    "sourceHeRef": "בכורות א׳ א", 
                    "index_title": "Bekhorot", 
                    "sourceRef": "Bekhorot 1a"
                }
            ], 
            "text": "From the laws of the mitzvot: Maimonides wrote (Laws of the first born, 1:17) that just as the first born cannot be redeemed, the kohen also cannot sell it while it is still unblemished.  Since it stands to be offered as a sacrifice the Kohen has not right to sell it.  Today (when there is no Temple), since it is destined to be eaten the Kohen may sell it, even though it is unblemished, to a kohen or an Israelite.  Obviously, Maimonides meant that it will be eaten when it gets a blemish.  A blemished first born can be sold by the Kohen at any time, whether the Temple is standing or not, whether it is alive or already slaughtered, to any person, even a non-Jew, as it is completely un-sacred.  This is the meaning of the verse, \"The pure and the impure together, like the gazelle and the deer.\"  (Deut. 12:15)  Still, the Sages said that he should not sell it in the public market, but in his house.  More details are explained in Tractate Bekhorot."
        }, 
        {
            "segmentNumber": "4", 
            "he": "ונוהגת מצוה זו בארץ ישראל, כמו מצות קדוש בכור בהמה טהורה, שהוא נוהג בארץ בלבד, כדעת קצת המפרשים (עי' ב''י סימן שו), בין בפני הבית ושלא בפני הבית, שנאמר (דברים יד כג) ואכלת לפני יי אלהיך מעשר דגנך וגו' ובכרות בקרך וצאנך. ודרשו זכרונם לברכה (תמורה כא, ב) ממקום שאתה מביא מעשר, דהינו ארץ ישראל אתה מביא צאן ובקר. ומי שהביא מחוצה לארץ בכור לארץ אין מקבלים ממנו, ולא יקרב דחלין גמורין הוא. והכל חיבים במצוה זו (רמב''ם שם ה''ז) כהנים, לוים וישראלים, שנאמר (דברים טו יט) כל הבכור אשר יולד וגו'. ואף על פי שנפטרו כהנים ולוים מפדיון בכור אדם ופטר חמור, כמו שכתבנו בכל אחד מהם בסדר זה (מצוה שצב), ובסדר בא אל פרעה (מצוה כב) חיבים הם בזו. והעובר על זה ופדה בכור בהמה טהורה, אף על פי שלא הועילו לו מעשיו ואינו פדוי, אלא בקדשתו הוא כמו שהיה עבר על לאו, שלענין העברת הלאו לא אכפת לן אי אהנו מעשיו או לא, וכדאיתא בתמורה פרק ראשון (ד, ב) במחלקת אביי ורבא. אבל אינו לוקה, לפי שאפשר לעבר עליו מבלי מעשה.", 
            "links": [
                {
                    "category": "Tanakh", 
                    "sourceHeRef": "דברים י״ד:כ״ג", 
                    "index_title": "Deuteronomy", 
                    "sourceRef": "Deuteronomy 14:23"
                }, 
                {
                    "category": "Tanakh", 
                    "sourceHeRef": "דברים ט״ו:י״ט", 
                    "index_title": "Deuteronomy", 
                    "sourceRef": "Deuteronomy 15:19"
                }, 
                {
                    "category": "Talmud", 
                    "sourceHeRef": "תמורה כ״א ב", 
                    "index_title": "Temurah", 
                    "sourceRef": "Temurah 21b"
                }
            ], 
            "text": "The mitzvah applies in Israel, just like the mitzvah of sanctifying the first born animals which only applie sin Israel (according to some authorities), and both when the Temple is standing and when it is not, as it is written, \"And you shall eat before HaShem you Lord your tithes ... and the first born of your cattle.\" (Deut 14:23)   The Sages derived (Temura 21b) that from the place that you bring your tithes (meaning Israel) you must bring your cattle.  If one brought a first born animal from the Diaspora it may not be offered as a sacrifice, as it is completely unsacred.  Everyone is obligated in this mitzvah, Kohanim, Levites, and Israelites, as it says, \"Any firstborn that is born.\" (Deut 15:19)  Even though the Kohanim and Levites are exempt from redeeming the firstborn sons and donkeys, as we have written elsewhere, they are obligated in this.  One who transgressed redeemed his forstborn kosher cattle, even though it is not effective and the animal remains sacred, has violated a negative commandment.  The efficacy of a violation is not generally relevant to the transgression, as we see in the first chapter of Temura (Temura 4b), in the debate between Abayei and Rava.  He is not flogged as he could transgress without a deed."
        }
    ], 
    "book": "Sefer HaChinukh", 
    "prev": "Sefer HaChinukh 392", 
    "textDepth": 2, 
    "sectionNames": [
        "Mitzvah", 
        "Paragraph"
    ], 
    "sections": [
        393
    ], 
    "isComplex": false, 
    "titleVariants": [
        "Sefer HaHinuch", 
        "Sefer HaChinuch", 
        "Sefer HaChinukh"
    ], 
    "categories": [
        "Halakhah"
    ], 
    "ref": "Sefer HaChinukh 393", 
    "type": "Halakhah", 
    "addressTypes": [
        "Integer", 
        "Integer"
    ], 
    "indexTitle": "Sefer HaChinukh", 
    "heIndexTitle": "ספר החינוך", 
    "alts": [], 
    "order": ""
}