{
    "heTitleVariants": [
        "ספר החינוך"
    ], 
    "heTitle": "ספר החינוך", 
    "heRef": "ספר החינוך ת״ע", 
    "toSections": [
        470
    ], 
    "sectionRef": "Sefer HaChinukh 470", 
    "next": "Sefer HaChinukh 471", 
    "content": [
        {
            "segmentNumber": "1", 
            "he": "לבדק בסימני העוף - לבדק בסימני העוף, ועל זה נאמר (דברים יד יא) כל צפור טהורה תאכלו. וכן אמרו בספרי (עי, מ''מ מאכלות אסורות ב ד) כל צפור טהורה תאכלו זו מצות עשה. כל ענין מצוה זו, שרשה ודיניה ובאיזה מקום נוהגת ובאיזה זמן, הכל כתבתי בראש סדר ויהי ביום השמיני (מצוה קנג) בענין בדיקת סימני בהמה וחיה ודגים וחגבים, שדין כלם שוה. וגם שם כתבתי, שהרמב''ן זכרונו לברכה, יחלק עם הרמב''ם זכרונו לברכה, בחשבו הבדיקה בבהמה ובשאר המינין מצות עשה, והוא סובר שלא בא אלא לתן עשה ולא תעשה לאכל מן הטמא, ושם באותו סדר כתבתי (מצוה קנז) בסימני העוף קצת ממה ששמעתי בהן מרבותי, ישמרם אל, וקחנו משם.", 
            "links": [
                {
                    "category": "Tanach", 
                    "sourceHeRef": "דברים י״ד:י״א", 
                    "sourceRef": "Deuteronomy 14:11", 
                    "ref": "Deuteronomy 14:11"
                }, 
                {
                    "category": "Tanach", 
                    "sourceHeRef": "רות ב׳:ד׳", 
                    "sourceRef": "Ruth 2:4", 
                    "ref": "Ruth 2:4"
                }
            ], 
            "text": ""
        }
    ], 
    "book": "Sefer HaChinukh", 
    "prev": "Sefer HaChinukh 469", 
    "textDepth": 2, 
    "sectionNames": [
        "Mitzvah", 
        "Paragraph"
    ], 
    "sections": [
        470
    ], 
    "isComplex": false, 
    "titleVariants": [
        "Sefer HaHinuch", 
        "Sefer HaChinuch", 
        "Sefer HaChinukh"
    ], 
    "categories": [
        "Halakhah"
    ], 
    "ref": "Sefer HaChinukh 470", 
    "type": "Halakhah", 
    "addressTypes": [
        "Integer", 
        "Integer"
    ], 
    "indexTitle": "Sefer HaChinukh", 
    "heIndexTitle": "ספר החינוך", 
    "alts": [], 
    "order": ""
}