{
    "content": [
        {
            "segmentNumber": "1", 
            "links": [
                {
                    "category": "Tanakh", 
                    "index_title": "Deuteronomy", 
                    "sourceHeRef": "דברים כ״ב:ו׳", 
                    "sourceRef": "Deuteronomy 22:6"
                }
            ], 
            "he": "שלא לקח אם על בנים - שלא נקח קן צפור האם והאפרוחים או הביצים בכללו, אלא שנשלח האם, ועל זה נאמר (דברים כב ו) לא תקח האם על הבנים."
        }, 
        {
            "segmentNumber": "2", 
            "links": [
                {
                    "category": "Tanakh", 
                    "index_title": "Proverbs", 
                    "sourceHeRef": "משלי ט״ו:כ״ג", 
                    "sourceRef": "Proverbs 15:23"
                }
            ], 
            "he": "משרשי המצוה. וקצת דיניה וכל ענינה כתבתי בעשה שלו שבסדר זה (מצוה תקמה), תראנו משם, ושם דברנו גם כן על הלאו הזה שהוא ניתק לעשה דשלח תשלח את האם. וכבר למדונו זכרונם לברכה במסכת מכות פרק אלו הן הלוקין (טו, ב) שכל מצות לא תעשה שיש בה קום עשה, קים עשה שבה פטור, לא קים עשה שבה ואי אפשר לו לקימו עוד חיב מלקות, וכדאתמר התם, דאמר לה רבי יוחנן לתנא, תני קימו ולא קימו, וזו היא הגרסא הנכונה (כגרסת הרי''ף והרמב''ן שם). ומן הדעת הזו למדנו, שכל זמן שמתה האם או שלחה אדם אחר שחיב, ואף על פי שעכשיו לא בטל הוא העשה בידיו, שהרי לא המיתה הוא אלא שמתה מאליה, ואין צריך לומר שאם המיתה הוא בידיו שחיב לכלי עלמא. אבל כל זמן ששלחה קדם שתמות, אף על פי שלא שלחה בשעה שלקחה מן הקן לא בטל הלאו ולא העשה, מכיון שהתורה נתקו לעשה, והרי קימו. ואף על פי כן אין ראוי לעשות כן, דשמא תמות האם או המשלח קדם שלוח ולא יוכל לתקן, ועוד שהזריזין מקדימין למצות, ודבר בעתו מה טוב (משלי טו, כג)."
        }
    ], 
    "heTitle": "ספר החינוך", 
    "indexTitle": "Sefer HaChinukh", 
    "sectionRef": "Sefer HaChinukh 544", 
    "prev": "Sefer HaChinukh 543", 
    "ref": "Sefer HaChinukh 544", 
    "heRef": "ספר החינוך תקמ״ד", 
    "next": "Sefer HaChinukh 545"
}