{
    "content": [
        {
            "segmentNumber": "1", 
            "links": [
                {
                    "category": "Tanakh", 
                    "index_title": "Leviticus", 
                    "sourceHeRef": "ויקרא ה׳:ח׳", 
                    "sourceRef": "Leviticus 5:8"
                }, 
                {
                    "category": "Talmud", 
                    "index_title": "Zevachim", 
                    "sourceHeRef": "זבחים ס״ה א", 
                    "sourceRef": "Zevachim 65a"
                }
            ], 
            "he": "שלא להבדיל בחטאת העוף - שלא יפריד הכהן מן העוף הבא לקרבן והוא הנקרא חטאת העוף הראש מן הגוף כשימלק אותו, שנאמר (ויקרא ה ח) ומלק את ראשו ממול ערפו ולא יבדיל. ופרוש מליקה הוא (רש''י זבחים סה א) שנועץ הכהן צפרניו ממול ערפו דהינו עצם הנקרא עצם המפרקת, וחותך העצם בצפרניו עד שמגיע לסמנין וחותך גם הסמנין בצפדנו או רבו של אחד מהם, וזאת היא שחיטתו של חטאת העוף, וצריך הכהן שלא יחתך הכל לגמרי עד שיהא נפרד הראש מן הגוף. ועל זה נאמר ולא יבדיל. כבר אמרנו במצות בנין הבית שאין בנו יכלת וגם לא לאשר קטנו עבה ממתנינו למצא טענה גם על צד הפשט בפרטי הקרבנות, ודי לנו למלאכתנו זאת להודיע בענין הקרבנות דרך כלל קצת טעם על צד הפשט, וכבר כתבתי למעלה (מצוה צה) מה שידעתי ושמעתי."
        }, 
        {
            "segmentNumber": "2", 
            "he": "וענין המליקה והאזהרה שלא יבדיל גם זה מפרטי הקרבן הוא. ואך אמנה אשר לא יחוש להוציא כל רוחו יוכל להשיב כי אולי בדבר המליקה הנעשית ביד הכהן בחטאת העוף, שהוא קרבן של עני, רמז שימהר כל אדם בתכלית המהירות צרכו של עני, ועל כן אינו צריך קרבנו שחיטה, שלא יצטרך הכהן לחזר אחר הסכין ולבדקו, ויתבטל העני שם ממלאכתו בינתים. גם להפליג המהירות אמר שיתחיל ממול ערפו, כי הוא המכן אל ידו ולא יצטרך להפך הצואר אל צד הסימנין. ועוד יש רמז בענין המליקה שהיא ממול הערף בתורים ובני יונה, שנמשלו ישראל בהן שלא נהיה קשי ערף."
        }, 
        {
            "segmentNumber": "3", 
            "he": "וענין אסור הבדלת הראש מן הגוף דבר ראוי להדור הקרבן, כי באמת כשראש העוף דבק עמו הוא יותר מהדר, וראוי לנו להדר קרבנו של עני בכל כחנו, די לנו בעניותו, אין לנו להוסיף בדלותו לפחת תאר קרבנו. וכל זה מן היסוד אשר בנינו תחלה כי משרשי הקרבנות לקנות בנפשנו מדות טובות ומעלות, ולהכשיר פעלותינו בכח הדמיונות שאנחנו עסוקים בהם, כי מהיות האדם בעל חמר לא יציר ויקבע הדברים ציור חזק בנפשו כי אם על ידי הפעלות. ועד ששמענו טעם אחר נחזיק בזה."
        }, 
        {
            "segmentNumber": "4", 
            "links": [
                {
                    "category": "Talmud", 
                    "index_title": "Zevachim", 
                    "sourceHeRef": "זבחים ס״ד ב", 
                    "sourceRef": "Zevachim 64b"
                }
            ], 
            "he": "מדיני המצוה. כגון מה שאמרו זכרונם לברכה (זבחים סד ב) כיצד אוחז הכהן חטאת העוף בשעת מליקה, אוחז שתי רגלי העוף בין שתי אצבעותיו, ושתי גפיה בין שתי אצבעותיו, ומותח צוארה אל רחב שתי אצבעותיו ומולק, וזו מעבודות קשות שבמקדש. ואם שנה ואחז, מכל מקום כשרה. וכל המקום מן המזבח כשר למליקה. (שם סג א) פרוש גם זה נאמר שהוא למהר ענינו של עני, ולפיכך אין לו מקום מיחד. ויתר פרטיה מבארים בזבחים (סג א, ע ב) [הלכות מעשה הקרבנות פ''ו]."
        }, 
        {
            "segmentNumber": "5", 
            "he": "ונוהגת בזמן הבית בכהנים ובכל אדם, שכל מי שהבדיל בחטאת עוף, לוקה."
        }
    ], 
    "heTitle": "ספר החינוך", 
    "indexTitle": "Sefer HaChinukh", 
    "sectionRef": "Sefer HaChinukh 124", 
    "prev": "Sefer HaChinukh 123", 
    "ref": "Sefer HaChinukh 124", 
    "heRef": "ספר החינוך קכ״ד", 
    "next": "Sefer HaChinukh 125"
}