[{
    "links": [
        [
            "6a:1", 
            "Leviticus 22:23", 
            "Tanach"
        ], 
        [
            "6a:1", 
            "Rashi on Temurah 6a:1:1", 
            "Commentary"
        ], 
        [
            "6a:3", 
            "Rashi on Temurah 6a:3:1", 
            "Commentary"
        ], 
        [
            "6a:3", 
            "Tosafot on Temurah 6a:3:1", 
            "Commentary"
        ], 
        [
            "6a:4", 
            "Rashi on Temurah 6a:4:1", 
            "Commentary"
        ], 
        [
            "6a:4", 
            "Tosafot on Temurah 6a:4:1", 
            "Commentary"
        ], 
        [
            "6a:5", 
            "Rashi on Temurah 6a:5:1", 
            "Commentary"
        ], 
        [
            "6a:6", 
            "Leviticus 19", 
            "Tanach"
        ], 
        [
            "6a:7", 
            "Rashi on Temurah 6a:7:1", 
            "Commentary"
        ], 
        [
            "6a:8", 
            "Rashi on Temurah 6a:8:1", 
            "Commentary"
        ], 
        [
            "6a:9", 
            "Leviticus 5:23", 
            "Tanach"
        ], 
        [
            "6a:9", 
            "Rashi on Temurah 6a:9:1", 
            "Commentary"
        ], 
        [
            "6a:9", 
            "Tosafot on Temurah 6a:9:1", 
            "Commentary"
        ], 
        [
            "6a:10", 
            "Rashi on Temurah 6a:10:1", 
            "Commentary"
        ], 
        [
            "6a", 
            "Sefer HaChinukh 285:1", 
            "Halakhah"
        ], 
        [
            "6a", 
            "Rashi on Leviticus 22:22:6", 
            "Quoting Commentary"
        ], 
        [
            "6a", 
            "Rashi on Leviticus 22:25:1", 
            "Quoting Commentary"
        ], 
        [
            "6a", 
            "Tosafot on Bava Kamma 33b:34:1", 
            "Quoting Commentary"
        ], 
        [
            "6a:12", 
            "Deuteronomy 24:10", 
            "Tanach"
        ], 
        [
            "6a:13", 
            "Rashi on Temurah 6a:13:1", 
            "Commentary"
        ], 
        [
            "6a:13", 
            "Tosafot on Temurah 6a:13:1", 
            "Commentary"
        ], 
        [
            "6a:15", 
            "Deuteronomy 24:13", 
            "Tanach"
        ], 
        [
            "6a:19", 
            "Leviticus 23:22", 
            "Tanach"
        ], 
        [
            "6a:21", 
            "Rashi on Temurah 6a:21:1", 
            "Commentary"
        ], 
        [
            "6a:22", 
            "Rashi on Temurah 6a:22:1", 
            "Commentary"
        ], 
        [
            "6a:24", 
            "Tosafot on Temurah 6a:24:1", 
            "Commentary"
        ], 
        [
            "6a:25", 
            "Rashi on Temurah 6a:25:1", 
            "Commentary"
        ], 
        [
            "6a:27", 
            "Leviticus 19", 
            "Tanach"
        ], 
        [
            "6a:27", 
            "Leviticus 23", 
            "Tanach"
        ], 
        [
            "6a:27", 
            "Rashi on Temurah 6a:27:1", 
            "Commentary"
        ], 
        [
            "6a:30", 
            "Rashi on Temurah 6a:30:1", 
            "Commentary"
        ], 
        [
            "6a:30", 
            "Rashi on Temurah 6a:30:2", 
            "Commentary"
        ], 
        [
            "6a:30", 
            "Rashi on Temurah 6a:30:3", 
            "Commentary"
        ], 
        [
            "6a:33", 
            "Rashi on Temurah 6a:33:1", 
            "Commentary"
        ], 
        [
            "6a:33", 
            "Tosafot on Temurah 6a:33:1", 
            "Commentary"
        ]
    ], 
    "text": [], 
    "heTitleVariants": [
        "תמורה"
    ], 
    "heTitle": "תמורה ו׳ א", 
    "heRef": "תמורה ו׳ א", 
    "toSections": [
        "6a"
    ], 
    "sectionRef": "Temurah 6a", 
    "title": "Temurah 6a", 
    "lengths": [
        65, 
        3282
    ], 
    "next": "Temurah 6b", 
    "heBook": "תמורה", 
    "book": "Temurah", 
    "prev": "Temurah 5b", 
    "textDepth": 2, 
    "sectionNames": [
        "Daf", 
        "Line"
    ], 
    "sections": [
        "6a"
    ], 
    "isComplex": false, 
    "titleVariants": [
        "Temurah", 
        "Masekhet Temurah", 
        "Talmud Temurah", 
        "Tractate Temurah"
    ], 
    "categories": [
        "Talmud", 
        "Bavli", 
        "Seder Kodashim"
    ], 
    "he": [
        "(ויקרא כב, כג) נדבה תעשה אותו זה קדשי בדק הבית ", 
        "ותנן ", 
        "המקדיש תמימין לבדק הבית אע\"פ שהוא בלא תעשה מה שעשה עשוי תיובתא דרבא ", 
        "אמר לך [רבא] ", 
        "ממקום שנתרבו בעלי מומין לגבי מזבח נתרבו תמימין לבדק הבית ", 
        "והרי גזל דרחמנא אמר {ויקרא יט } לא תגזול ותנן ", 
        "הגוזל עצים ועשאן כלים צמר ועשאן בגדים משלם כשעת הגזילה תיובתא דרבא ", 
        "אמר לך רבא ", 
        "שאני התם דאמר קרא (ויקרא ה, כג) אשר גזל כמה שגזל ", 
        "ולאביי האי אשר גזל מיבעי ליה ", 
        "על גזילו שלו מוסיף חומש על גזילו של אביו אינו מוסיף חומש ", 
        "והרי משכון דרחמנא אמר (דברים כד, י) לא תבא אל ביתו לעבוט עבוטו ותנן ", 
        "מחזיר את הכר בלילה ואת המחרישה ביום תיובתא דרבא ", 
        "אמר לך רבא ", 
        "שאני התם דאמר קרא (דברים כד, יג) השב תשיב ", 
        "ולאביי אי לאו דאמר רחמנא השב תשיב ה\"א ", 
        "איסורא עבד אי בעי ניהדר ואי בעי לא נהדר קמ\"ל ", 
        "(חסר ל\"א) ", 
        "והרי פאה דרחמנא אמר (ויקרא כג, כב) לא תכלה פאת שדך בקוצרך ותנן ", 
        "מצות פאה להפריש מן הקמה ", 
        "לא הפריש מן הקמה יפריש מן העמרים לא הפריש מן העמרים יפריש מן הכרי עד שלא מירחו ", 
        "מירחו מעשרו ונותן לו ", 
        "משום רבי ישמעאל אמרו ", 
        "אף מפריש מן העיסה ", 
        "תיובתא דאביי ", 
        "אמר לך אביי ", 
        "שאני התם דאמר קרא (עזב) {ויקרא יט } תעזוב {ויקרא כג } תעזוב יתירא ", 
        "ורבא אמר לך ", 
        "יש לך עזיבה אחרת שכזו ואיזו זה המפקיר כרמו ", 
        "דתניא ", 
        "המפקיר כרמו והשכי' לשחר ובצרו חייב בפרט ועוללות בשכחה ובפאה ופטור מן המעשר ", 
        "אמר ליה רב אחא בריה דרבא לרב אשי ", 
        "והשתא דשנינן כל הני שינויי דאביי ורבא במאי פליגי ", 
        "ברבית קצוצה קמיפלגי וכדרבי אלעזר ", 
        "דא\"ר אלעז' ", 
        "רבית קצוצה יוצאה בדיינין"
    ], 
    "ref": "Temurah 6a", 
    "type": "Talmud", 
    "addressTypes": [
        "Talmud", 
        "Integer"
    ], 
    "length": 65, 
    "indexTitle": "Temurah", 
    "heIndexTitle": "תמורה", 
    "alts": [], 
    "order": [
        33, 
        6
    ]
}]