{
    "sections": {
        "Rosh on Gittin 8:12": {
            "content": [
                {
                    "segmentNumber": "1", 
                    "links": [
                        {
                            "category": "Talmud", 
                            "index_title": "Gittin", 
                            "sourceHeRef": "גיטין פ״א א:ב׳", 
                            "sourceRef": "Gittin 81a:2"
                        }
                    ], 
                    "he": " מתני' כתב לגרש את אשתו ונמלך בית שמאי אומרים פסלה מן הכהונה ובית הלל אומרים אפי' נתן לה גט על תנאי ולא נעשה התנאי לא פסלה מן הכהונה והיכא דכתב גיטא לדביתהו ואמר לה הרי את מגורשת ממני ואי את מותרת לכל אדם אע\"ג דלא משתריא לעלמא פסלה מן הכהונה דתניא לקמן דף פב: ואשה גרושה מאישה אע\"פ שלא נתגרשה אלא מאישה פסלה לכהונה והיינו ריח הגט דפסיל לכהונה: "
                }, 
                {
                    "segmentNumber": "2", 
                    "links": [
                        {
                            "category": "Talmud", 
                            "index_title": "Gittin", 
                            "sourceHeRef": "גיטין פ״א א:ז׳", 
                            "sourceRef": "Gittin 81a:7"
                        }
                    ], 
                    "he": "גמ' שלח ליה רב יוסף בר מנשיא מדויל לשמואל ילמדנו רבינו יצא עליו קול איש פלוני כהן כתב גט לאשתו והרי היא יושבת תחתיו ומשמשתו מהו שלח ליה תצא והדבר צריך בדיקה מאי היא דאי מגליא מילתא דקרו לנתינה כתיבה דלמא נתן קאמרי ותצא. תצא והאמר רב אשי כל קלא דבתר נישואין לא חיישינן ליה מאי תצא דקאמר שמואל משני א\"כ אתה מוציא לעז על בניו של ראשון כיון דמשני מפקינן לה ומראשון לא מפקינן לה אתי למימר סמוך למיתה גרסה: \n"
                }
            ], 
            "heTitle": " פסקי הראש על גיטין", 
            "indexTitle": "Rosh on Gittin", 
            "sectionRef": "Rosh on Gittin 8:12", 
            "prev": "Rosh on Gittin 8:11", 
            "ref": "Rosh on Gittin 8:12", 
            "heRef": " פסקי הראש על גיטין ח׳:י״ב", 
            "next": "Rosh on Gittin 8:13"
        }, 
        "Rosh on Gittin 8:13": {
            "content": [
                {
                    "segmentNumber": "1", 
                    "links": [
                        {
                            "category": "Commentary", 
                            "index_title": "Korban Netanel on Gittin", 
                            "sourceHeRef": " קרבן נתנאל על גיטין קפ״א:א׳", 
                            "sourceRef": "Korban Netanel on Gittin 181:1"
                        }, 
                        {
                            "category": "Talmud", 
                            "index_title": "Gittin", 
                            "sourceHeRef": "גיטין פ״א א:ל״ו", 
                            "sourceRef": "Gittin 81a:36"
                        }
                    ], 
                    "he": "מתני' המגרש את האשה ולנה עמו בפונדק ב\"ש אומרים אין צריכה ממנו גט וב\"ה אומרים צריכה הימנו גט ומודים שאם נתגרשה מן האירוסין שאין צריכה ממנו גט שני מפני שאין לבו גס בה  כנסה בגט קרח תצא מזה ומזה וכל הדרכים האלו בה גט קרח הכל משלימין עליו כדברי בן ננס ר' עקיבא אומר אין משלימין עליו אלא קרובים הראוין להעיד במקום אחר איזהו גט קרח כל שקשריו מרובין מעדיו:  "
                }, 
                {
                    "segmentNumber": "2", 
                    "links": [
                        {
                            "category": "Commentary", 
                            "index_title": "Tiferet Shmuel on Gittin", 
                            "sourceHeRef": " תפארת שמואל על גיטין ס״ב", 
                            "sourceRef": "Tiferet Shmuel on Gittin 62"
                        }, 
                        {
                            "category": "Commentary", 
                            "index_title": "Korban Netanel on Gittin", 
                            "sourceHeRef": " קרבן נתנאל על גיטין קפ״א:ב׳", 
                            "sourceRef": "Korban Netanel on Gittin 181:2"
                        }, 
                        {
                            "category": "Commentary", 
                            "index_title": "Korban Netanel on Gittin", 
                            "sourceHeRef": " קרבן נתנאל על גיטין קפ״א:ג׳", 
                            "sourceRef": "Korban Netanel on Gittin 181:3"
                        }, 
                        {
                            "category": "Commentary", 
                            "index_title": "Korban Netanel on Gittin", 
                            "sourceHeRef": " קרבן נתנאל על גיטין קפ״א:ד׳", 
                            "sourceRef": "Korban Netanel on Gittin 181:4"
                        }, 
                        {
                            "category": "Talmud", 
                            "index_title": "Gittin", 
                            "sourceHeRef": "גיטין פ״א ב:ט״ו", 
                            "sourceRef": "Gittin 81b:15"
                        }, 
                        {
                            "category": "Talmud", 
                            "index_title": "Gittin", 
                            "sourceHeRef": "גיטין פ״ב א:ח׳", 
                            "sourceRef": "Gittin 82a:8"
                        }
                    ], 
                    "he": "גמ' מתניתין כשלא ראוה כשנבעלה ודאיכא עדי יחוד וליכא עדי ביאה פליגי ב\"ש וב\"ה ב\"ש סברי לא אמרינן הן הן עדי יחוד הן הן עדי ביאה וב\"ה סברי אמרינן הן הן עדי יחוד הן הן עדי ביאה ומודים שאם נתגרשה וכו' לא אמרינן הן הן עדי יחוד הן הן עדי ביאה דאין לבו גס בה אבל אם ראוה שנבעלה בין ארוסה בין נשואה צריכה הימנו גט דאין אדם עושה בעילתו בעילת זנות ובעל לשם קידושין ומסתבר דווקא בגרושתו מן האירוסין כיון שכבר היתה ארוסתו אימר נתחרטו על הגירושין וחזר ובעל לשם קידושין   אבל אם ראו עדים שבעל אשה דעלמא אין חוששין לקידושין דהא אמר ר' אלעזר פנוי הבא על הפנויה עשאה זונה ולא אמרינן שבעל לשם קידושין ולא מפליג בין בעל בפני עדים ובין בעל שלא בפני עדים וכן נושא אדם אנוסת אביו ומפותת אביו ולא חיישינן שמא בעל לשם קידושין והויא אשת אביו וכן  כתב הרמב\"ם ז\"ל בפ\"י דקידושין.  כי אתו לקמיה  דר' ינאי אמר ליה צא והשלים עליו עבד מן השוק האי לישנא כי אתו לקמיה דרבי ינאי משמע שכבר נחתמו כל העדים שהזמין וגם לשון צא והשלים משמע כן ומכאן דקדק רבינו תם ז\"ל דגט פשוט שנחתם בשני עדים וחזר הבעל והוסיף בו עד שלישי כשר מכל שכן דהכא שהרי כאן היה צריך השלמה והכשירוהו אע\"פ שלא חתם בפני הראשונים וגם הם לא חתמו בפניו כל שכן בגט פשוט שא\"צ לעד השלישי כלום  וה\"ר משולם ז\"ל נתן טעם לדבריו דהא דאמרי' דעדי הגט אין חותמין אלא זה בפני זה גזירה משום כולכם  היינו דווקא השנים דלא סגי בלא אינהו ודמי לכולכם דלא סגי עד דחתימי כולהו: \n"
                }
            ], 
            "heTitle": " פסקי הראש על גיטין", 
            "indexTitle": "Rosh on Gittin", 
            "sectionRef": "Rosh on Gittin 8:13", 
            "prev": "Rosh on Gittin 8:12", 
            "ref": "Rosh on Gittin 8:13", 
            "heRef": " פסקי הראש על גיטין ח׳:י״ג", 
            "next": "Rosh on Gittin 9:1"
        }, 
        "Rosh on Gittin 8:10": {
            "content": [
                {
                    "segmentNumber": "1", 
                    "links": [
                        {
                            "category": "Talmud", 
                            "index_title": "Gittin", 
                            "sourceHeRef": "גיטין פ׳ א:ה׳", 
                            "sourceRef": "Gittin 80a:5"
                        }
                    ], 
                    "he": "מתני' כל העריות שאמרו צרותיהן מותרות הלכו הצרות ונישאו ונמצאו איילונית תצא מזה ומזה וכל הדרכים האלו בה הכונס את יבמתו והלכה צרתה ונשאת ונמצאת איילונית תצא מזה ומזה וכל הדרכים האלו בה. ירושלמי ה\"ז זו דברי רבי מאיר אבל חכמים אומרים אין ממזר מיבמה וקיימא לן כחכמים וביבמות פ\"י סי' ג הארכתי בו: \n"
                }
            ], 
            "heTitle": " פסקי הראש על גיטין", 
            "indexTitle": "Rosh on Gittin", 
            "sectionRef": "Rosh on Gittin 8:10", 
            "prev": "Rosh on Gittin 8:9", 
            "ref": "Rosh on Gittin 8:10", 
            "heRef": " פסקי הראש על גיטין ח׳:י׳", 
            "next": "Rosh on Gittin 8:11"
        }, 
        "Rosh on Gittin 8:11": {
            "content": [
                {
                    "segmentNumber": "1", 
                    "links": [
                        {
                            "category": "Talmud", 
                            "index_title": "Gittin", 
                            "sourceHeRef": "גיטין פ׳ א:ז׳", 
                            "sourceRef": "Gittin 80a:7"
                        }
                    ], 
                    "he": "כתב סופר גט לאיש ושובר לאשה וטעה ונתן גט לאשה ושובר לאיש ונתנו זה לזה ולאחר זמן הרי הגט יוצא מתחת יד האיש ושובר מתחת ידי האשה תצא מזה ומזה וכל הדרכים האלו בה רבי אלעזר אומר אם לאלתר יצא אינו גט ואם לאחר זמן יצא הרי זה גט לא כל הימנו של ראשון לאבד זכותו של שני:  "
                }, 
                {
                    "segmentNumber": "2", 
                    "links": [
                        {
                            "category": "Commentary", 
                            "index_title": "Tiferet Shmuel on Gittin", 
                            "sourceHeRef": " תפארת שמואל על גיטין ס״א", 
                            "sourceRef": "Tiferet Shmuel on Gittin 61"
                        }, 
                        {
                            "category": "Commentary", 
                            "index_title": "Korban Netanel on Gittin", 
                            "sourceHeRef": " קרבן נתנאל על גיטין קע״ט:א׳", 
                            "sourceRef": "Korban Netanel on Gittin 179:1"
                        }, 
                        {
                            "category": "Talmud", 
                            "index_title": "Gittin", 
                            "sourceHeRef": "גיטין פ׳ ב:ל״ז", 
                            "sourceRef": "Gittin 80b:37"
                        }
                    ], 
                    "he": "גמ' ה\"ד לאלתר וה\"ד לאחר זמן אמר רב יהודה אמר שמואל כל זמן שיושבין זהו לאלתר עמדו זהו לאחר זמן ורב אדא בר אהבה אמר כל זמן שלא נשאת זהו לאלתר נשאת זהו לאחר זמן    מדקא מפרשי אמוראי דברי ר\"א שמעינן דהלכתא כוותיה ומסתברא כדקא פריש רב אדא בר אהבה  דדייקא מתניתין כוותיה ואע\"ג דפריק שמואל שינויא בעלמא הוא ולא סמכינן אשינויא ועוד דלא מסתבר טעמא דשמואל כלל לאחר שעמדו אמאי חייש ר' אלעזר מה קנוניא שייך הכא אם הם מתחרטין על הגט יכול לקדשה פעם שנית: \n"
                }
            ], 
            "heTitle": " פסקי הראש על גיטין", 
            "indexTitle": "Rosh on Gittin", 
            "sectionRef": "Rosh on Gittin 8:11", 
            "prev": "Rosh on Gittin 8:10", 
            "ref": "Rosh on Gittin 8:11", 
            "heRef": " פסקי הראש על גיטין ח׳:י״א", 
            "next": "Rosh on Gittin 8:12"
        }, 
        "Rosh on Gittin 8:8": {
            "content": [
                {
                    "segmentNumber": "1", 
                    "links": [
                        {
                            "category": "Talmud", 
                            "index_title": "Gittin", 
                            "sourceHeRef": "גיטין ע״ט ב:י״ג", 
                            "sourceRef": "Gittin 79b:13"
                        }
                    ], 
                    "he": "מתני' בית שמאי אומרים פוטר אדם את אשתו בגט ישן ובית הלל אוסרין איזהו גט ישן כל שנתייחד עמה לאחר שכתבו לה: "
                }, 
                {
                    "segmentNumber": "2", 
                    "links": [
                        {
                            "category": "Commentary", 
                            "index_title": "Tiferet Shmuel on Gittin", 
                            "sourceHeRef": " תפארת שמואל על גיטין נ״ט", 
                            "sourceRef": "Tiferet Shmuel on Gittin 59"
                        }, 
                        {
                            "category": "Commentary", 
                            "index_title": "Korban Netanel on Gittin", 
                            "sourceHeRef": " קרבן נתנאל על גיטין קע״ו:א׳", 
                            "sourceRef": "Korban Netanel on Gittin 176:1"
                        }, 
                        {
                            "category": "Commentary", 
                            "index_title": "Korban Netanel on Gittin", 
                            "sourceHeRef": " קרבן נתנאל על גיטין קע״ו:ב׳", 
                            "sourceRef": "Korban Netanel on Gittin 176:2"
                        }, 
                        {
                            "category": "Talmud", 
                            "index_title": "Gittin", 
                            "sourceHeRef": "גיטין ע״ט ב:ט״ז", 
                            "sourceRef": "Gittin 79b:16"
                        }
                    ], 
                    "he": "גמ' במאי קמיפלגי בית שמאי סברי לא אמרינן גזירה שמא יאמרו גיטה קודם לבנה ובית הלל סברי גזרינן שמא יאמרו גיטה קודם לבנה אמר ר' אבא אמר שמואל אם נישאת לא תצא ואיכא דאמרי א\"ר אבא אמר שמואל אם נתגרשה תינשא לכתחלה והלכתא כלישנא בתרא וכן מוכח לקמן בפרק בתרא סי' ז וכן מוכח לישנא ובית הלל אוסרין משמע אוסרין לכתחלה לפוטרה בגט ישן אבל אם גרשה מגורשת כתב הרמ\"ה ז\"ל ואי תקשי לך הא דאמר לעיל בפרק שני דף יח. המשליש גט לאשתו ואמר לו אל תתנהו אלא לאחר שלשה חדשים משנתנו לה מותרת לינשא מיד ולגט ישן אין חוששין שהרי לא נתייחד עמה משמע הא אם נתיחדה עמו חוששין לגט ישן ואסורה לינשא ואמרינן נמי בפרק מי שאחזו דף עו. גבי הרי זה גיטיך כל זמן שאעבור מכנגד פניך שלשים יום והיה הולך ובא הואיל ולא נתייחד עמה הרי זה גט והא לא עבר אמר רב הונא מאי פניך תשמיש ורבי יוחנן אמר פניך ממש מי קתני הרי זו מגורשת הרי זה גט קתני דלא הוי גט ישן ולכי מלו תלתין יומין הוי גיטא משמע טעמא דלא נתייחד עמה הא נתייחד עמה הוה ליה גט ישן  ואי שריא לאינסובי ביה מאי נפקא מיניה דהוי גט ישן  ותירץ הא דאמרי' הכא אם נתגרשה בגט ישן תינשא לכתחלה  היינו היכא דנתנו לה אחר היחוד דלכתחלה אסרו חכמים לגרש ביה גזירה שמא יאמרו גיטה קודם לבנה אבל אם נתנו לה הבעל אחר היחוד תינשא לכתחלה דאם איתא דבא עליה הוה חייש לפגמא דבריה וכתיב לה גיטא אחרינא אבל היכא דיצא הגט מתחת ידו קודם יחוד ונתנו לה השליח לאחר יחוד לא תינשא לכתחילה דאי הוה מימליך ביה שליח היה מצוה לכתוב גט אחר  ותדע דהא רבי יוחנן גופיה דאית ליה האי סברא דכל זמן שאעבור מכנגד פניך שלשים יום איהו לא סבירא ליה לקמן בפ' בתרא דף פו. שלשה גיטין פסולין דאם נישאת לא תצא ומאן דאית ליה לא תצא סבירא ליה גבי גט ישן תינשא לכתחלה: \n"
                }
            ], 
            "heTitle": " פסקי הראש על גיטין", 
            "indexTitle": "Rosh on Gittin", 
            "sectionRef": "Rosh on Gittin 8:8", 
            "prev": "Rosh on Gittin 8:7", 
            "ref": "Rosh on Gittin 8:8", 
            "heRef": " פסקי הראש על גיטין ח׳:ח׳", 
            "next": "Rosh on Gittin 8:9"
        }, 
        "Rosh on Gittin 8:9": {
            "content": [
                {
                    "segmentNumber": "1", 
                    "links": [
                        {
                            "category": "Commentary", 
                            "index_title": "Korban Netanel on Gittin", 
                            "sourceHeRef": " קרבן נתנאל על גיטין קע״ז:א׳", 
                            "sourceRef": "Korban Netanel on Gittin 177:1"
                        }, 
                        {
                            "category": "Talmud", 
                            "index_title": "Gittin", 
                            "sourceHeRef": "גיטין ע״ט ב:כ״ה", 
                            "sourceRef": "Gittin 79b:25"
                        }, 
                        {
                            "category": "Talmud", 
                            "index_title": "Gittin", 
                            "sourceHeRef": "גיטין פ׳ א:ב׳", 
                            "sourceRef": "Gittin 80a:2"
                        }
                    ], 
                    "he": "מתני'   כתב לשם מלכות שאינה הוגנת לשם מלכות פרס ומדי לשם מלכות יון לבנין הבית לחורבן הבית היה במזרח וכתב במערב תצא מזה ומזה וצריכה גט מזה ומזה ואין לה לא כתובה ולא פירות ולא מזונות ולא בלאות על זה ועל זה ואם נטלה מזה ומזה תחזיר והולד ממזר מזה ומזה ולא זה וזה מטמאין לה ולא זה וזה זכאין לא במציאתה ולא במעשה ידיה ולא בהפרת נדריה היתה בת ישראל נפסלה מן הכהונה  בת לוי מן המעשר בת כהן מן התרומה ואין יורשין של זה ויורשין של זה יורשין כתובתה מתו אחיו של זה ואחיו של זה חולצין ולא מיבמין שינה שמו ושמה שם עירו ושם עירה תצא מזה ומזה וכל הדרכים האלו בה: "
                }, 
                {
                    "segmentNumber": "2", 
                    "links": [
                        {
                            "category": "Commentary", 
                            "index_title": "Tiferet Shmuel on Gittin", 
                            "sourceHeRef": " תפארת שמואל על גיטין ס׳", 
                            "sourceRef": "Tiferet Shmuel on Gittin 60"
                        }, 
                        {
                            "category": "Commentary", 
                            "index_title": "Korban Netanel on Gittin", 
                            "sourceHeRef": " קרבן נתנאל על גיטין קע״ז:ב׳", 
                            "sourceRef": "Korban Netanel on Gittin 177:2"
                        }, 
                        {
                            "category": "Commentary", 
                            "index_title": "Korban Netanel on Gittin", 
                            "sourceHeRef": " קרבן נתנאל על גיטין קע״ז:ג׳", 
                            "sourceRef": "Korban Netanel on Gittin 177:3"
                        }, 
                        {
                            "category": "Commentary", 
                            "index_title": "Korban Netanel on Gittin", 
                            "sourceHeRef": " קרבן נתנאל על גיטין קע״ז:ד׳", 
                            "sourceRef": "Korban Netanel on Gittin 177:4"
                        }, 
                        {
                            "category": "Commentary", 
                            "index_title": "Korban Netanel on Gittin", 
                            "sourceHeRef": " קרבן נתנאל על גיטין קע״ז:ה׳", 
                            "sourceRef": "Korban Netanel on Gittin 177:5"
                        }, 
                        {
                            "category": "Commentary", 
                            "index_title": "Korban Netanel on Gittin", 
                            "sourceHeRef": " קרבן נתנאל על גיטין קע״ז:ו׳", 
                            "sourceRef": "Korban Netanel on Gittin 177:6"
                        }, 
                        {
                            "category": "Commentary", 
                            "index_title": "Korban Netanel on Gittin", 
                            "sourceHeRef": " קרבן נתנאל על גיטין קע״ז:ז׳", 
                            "sourceRef": "Korban Netanel on Gittin 177:7"
                        }, 
                        {
                            "category": "Commentary", 
                            "index_title": "Korban Netanel on Gittin", 
                            "sourceHeRef": " קרבן נתנאל על גיטין קע״ז:ח׳", 
                            "sourceRef": "Korban Netanel on Gittin 177:8"
                        }, 
                        {
                            "category": "Commentary", 
                            "index_title": "Korban Netanel on Gittin", 
                            "sourceHeRef": " קרבן נתנאל על גיטין קע״ז:ט׳", 
                            "sourceRef": "Korban Netanel on Gittin 177:9"
                        }, 
                        {
                            "category": "Commentary", 
                            "index_title": "Korban Netanel on Gittin", 
                            "sourceHeRef": " קרבן נתנאל על גיטין קע״ז:י׳", 
                            "sourceRef": "Korban Netanel on Gittin 177:10"
                        }, 
                        {
                            "category": "Commentary", 
                            "index_title": "Korban Netanel on Gittin", 
                            "sourceHeRef": " קרבן נתנאל על גיטין קע״ז:י״א", 
                            "sourceRef": "Korban Netanel on Gittin 177:11"
                        }, 
                        {
                            "category": "Talmud", 
                            "index_title": "Gittin", 
                            "sourceHeRef": "גיטין פ׳ א:י״ז", 
                            "sourceRef": "Gittin 80a:17"
                        }
                    ], 
                    "he": "גמ' אמר עולא מפני מה תקנו מלכות בגיטין משום שלום מלכות ומשום שלום מלכות תצא והולד ממזר אין ר' מאיר לטעמיה דאמר רב המנונא משמיה דעולא אומר היה ר' מאיר כל המשנה ממטבע שטבעו חכמים בגיטין יוציא והולד ממזר: היה במזרח וכתב במערב מאן אילימא בעל היינו שינה שמו ושמה שם עירו ושם עירה תימה אמאי לא מוקי לה בבעל ושם עירו היינו מקום דירתו והיה במזרח וכתב במערב היינו מקום עמידתו ביום הכתיבה דומיא דהא דמוקי לה בסופר  ומדלא מוקי לה הכי משמע שאין צריך לכתוב מקום עמידת הבעל והאשה ביום הכתיבה דכל גיטין הבאין ממדינת הים מי יודע באיזה מקום האשה עומדת והוא הדין באיש נמי וגם מקום הלידה אין צריך לכתוב דעירו ועירה אמקום עיקר הדירה קאי כיהודה וגליל דלעיל בפרק השולח דף לד:  וגם  עירו ועירה אין עיכוב בכתיבתו דמתניתין לא קאמר אלא שינה אבל אם לא כתב כלל לא מיפסיל גיטא בהכי ונהגו באשכנז ובצרפת לכתוב מקום הלידה ועמידה ודירה היכא דיודעין משום חששת דשני יוסף בן שמעון ואם טעו ושינו מקום הלידה מעשה היה  והכשירו ר\"ת ז\"ל דדווקא שינה מקום הדירה הוא דאיכא חששא משום שהוא ידוע לכל שכל אדם נקרא על שם מקום דירתו פלוני ממקום פלוני וכשרואין שינוי מקום אומרים לא גירש זה אלא אחר הוא שגירש אבל מקום לידת האדם אינו ידוע וגם אינו נקרא על מקום לידתו וליכא חששא ומשום העדים אין לפוסלו דחתימי אשיקרא דכיון דאין צריך לכותבו לא קיימי סהדי עליה כדאמרינן בכתובות דף כד: דאין מעלין משטרות ליוחסין אם היה כתוב בן איש פלוני כהן דעדים אמנה שבשטר קא מסהדי ולא אפלוני כהן דאין צריך לכותבו. אלא אסופר כדאמר להו רב לספריה כי יתביתו בשילי כתובו בשילי אע\"ג דמסירי לכו מילי בהיני והאי דקאמר אלא אסופר לאו דווקא אלא משום חששת העדים דצריך לכתוב בשטר שם העיר שהעדים חותמין בו אפי' נכתב בעיר אחרת שלא יאמרו לעדים עמנו הייתם באותו היום במקום אחר ואין חוששין אם שינה בשטר הכתיבה. תדע דאמרינן לעיל דף ג: מצאו באשפה חתמו ונתנו לה כשר לר' מאיר ואמאי לא חיישינן שמא לא נכתב בו מקום הכתיבה ונפסל וזרקו לאשפה אלא ודאי אין חשש בזה. אמר רב יהודה אמר שמואל זו דברי רבי מאיר אבל חכמים אומרים אפילו לא כתב אלא לשם סנטר שבעיר הרי זו מגורשת אמר רבי אבא אמר רב הונא אמר רב זו דברי רבי מאיר אבל חכמים אומרים הולד כשר ומודים חכמים לר' מאיר שאם שינה שמו ושמה שם עירו ושם עירה שהולד ממזר א\"ר אשי אף אנן נמי תנינא שינה שמו ושמה שם עירו ושם עירה תצא מזה ומזה וכל הדרכים האלו בה מאן קתני לה אילימא ר' מאיר ליערבינהו וליתנינהו אלא לאו שמע מינה רבנן היא שמע מינה פירש רש\"י דהך מילתא דרב אשלום מלכות קאי כההיא דשמואל וכן משמע מתוך דברי רב אלפס ז\"ל כי לא הביא דברי שמואל והביא דברי רב אמתני' דשלום מלכות והאי דלא קאמר וכן אמר רבי אבא וכו' משום דפליג אדרב יהודה אמר שמואל דאיהו קאמר לרבנן אפילו לא כתב אלא לשם סנטר שבעיר מגורשת דמשמע שמותר לכתחלה לינשא בו אע\"ג דהוי כאילו לא כתב בו מלכות כלל דזילא בהו מילתא אבל רב קאמר אבל חכמים אומרים הולד כשר משמע אבל לינשא לכתחלה אסורה והלכתא כרב באיסורי ור\"ת פירש דמילתא דרב יהודה אכתב במזרח והיה במערב קאי ולא פליגי בשלום מלכות  וכן מוכח מדקאמר ומודים חכמים לר' מאיר שאם שינה שמו ושמה ושם עירו ושם עירה משום דדמיא להיה במזרח וכתב במערב ורבינו תם חננאל כתב דהלכה כר' מאיר בהיה במזרח וכתב במערב מדחזינן לרב ורב הונא  דחיישי להכי  משמע דאיהו מפרש מילתיה דרב אשלום מלכות ומה שפסק כרבי מאיר משום דרב הונא ורב חיישי להכי  אין נראה לי ראיה דגם רבנן מודו לכתחלה איכא למיחש אבל אין ראיה משם דהוולד ממזר וכל הדרכים האלו בה ולענין שלום מלכות אין נפקותא האידנא בפסק זה דדווקא בימיהם שהיו עובדי כוכבים מונין בשטרות לשנות המלכים כדאמרינן בפרק גט פשוט דף קסד: כך מנהגה של אומה זו מלך שנה מונין לו שתים תקנו שגם הישראל יעשה כן משום שלום מלכות אבל האידנא לא קפדי וליכא שלום מלכות ונהגו למנות לבריאת עולם אבל היה במזרח וכתב במערב לדברי ר\"ת ז\"ל הוולד כשר אבל לא תינשא ולרבינו חננאל ז\"ל הולד ממזר  ולשאר המפרשים רבנן לא מודו לרבי מאיר אלא בשינה שמו אבל היה במזרח  וכתב במערב  מכשרי רבנן לגמרי: \n"
                }
            ], 
            "heTitle": " פסקי הראש על גיטין", 
            "indexTitle": "Rosh on Gittin", 
            "sectionRef": "Rosh on Gittin 8:9", 
            "prev": "Rosh on Gittin 8:8", 
            "ref": "Rosh on Gittin 8:9", 
            "heRef": " פסקי הראש על גיטין ח׳:ט׳", 
            "next": "Rosh on Gittin 8:10"
        }, 
        "Rosh on Gittin 8:1": {
            "content": [
                {
                    "segmentNumber": "1", 
                    "links": [
                        {
                            "category": "Talmud", 
                            "index_title": "Gittin", 
                            "sourceHeRef": "גיטין ע״ז א:כ״ו", 
                            "sourceRef": "Gittin 77a:26"
                        }
                    ], 
                    "he": " הזורק גט לאשתו והיא בתוך ביתה או בתוך חצירה הרי זו מגורשת זרקו לתוך ביתו או לתוך חצירו. אפי' הוא עמה במטה אינה מגורשת לתוך חיקה או לתוך קלתה מגורשת: "
                }, 
                {
                    "segmentNumber": "2", 
                    "links": [
                        {
                            "category": "Talmud", 
                            "index_title": "Gittin", 
                            "sourceHeRef": "גיטין ע״ז א:מ״ד", 
                            "sourceRef": "Gittin 77a:44"
                        }, 
                        {
                            "category": "Talmud", 
                            "index_title": "Gittin", 
                            "sourceHeRef": "גיטין ע״ז ב:כ״ז", 
                            "sourceRef": "Gittin 77b:27"
                        }
                    ], 
                    "he": "גמ' חצירה מה שקנתה אשה קנה בעלה  אמר רבא אטו עבד למאן דאמר בשטר על ידי עצמו לא ידו כיד רבו דמיא אלא גיטו וידו באין כאחת הכא נמי גיטה וחצירה באין כאחת: \n"
                }
            ], 
            "heTitle": " פסקי הראש על גיטין", 
            "indexTitle": "Rosh on Gittin", 
            "sectionRef": "Rosh on Gittin 8:1", 
            "prev": "Rosh on Gittin 7:21", 
            "ref": "Rosh on Gittin 8:1", 
            "heRef": " פסקי הראש על גיטין ח׳:א׳", 
            "next": "Rosh on Gittin 8:2"
        }, 
        "Rosh on Gittin 8:2": {
            "content": [
                {
                    "segmentNumber": "1", 
                    "links": [
                        {
                            "category": "Commentary", 
                            "index_title": "Korban Netanel on Gittin", 
                            "sourceHeRef": " קרבן נתנאל על גיטין ק״ע:א׳", 
                            "sourceRef": "Korban Netanel on Gittin 170:1"
                        }, 
                        {
                            "category": "Commentary", 
                            "index_title": "Korban Netanel on Gittin", 
                            "sourceHeRef": " קרבן נתנאל על גיטין ק״ע:ב׳", 
                            "sourceRef": "Korban Netanel on Gittin 170:2"
                        }, 
                        {
                            "category": "Commentary", 
                            "index_title": "Korban Netanel on Gittin", 
                            "sourceHeRef": " קרבן נתנאל על גיטין ק״ע:ג׳", 
                            "sourceRef": "Korban Netanel on Gittin 170:3"
                        }, 
                        {
                            "category": "Commentary", 
                            "index_title": "Korban Netanel on Gittin", 
                            "sourceHeRef": " קרבן נתנאל על גיטין ק״ע:ד׳", 
                            "sourceRef": "Korban Netanel on Gittin 170:4"
                        }, 
                        {
                            "category": "Talmud", 
                            "index_title": "Gittin", 
                            "sourceHeRef": "גיטין ע״ז ב:ט״ו", 
                            "sourceRef": "Gittin 77b:15"
                        }
                    ], 
                    "he": "ההוא שכיב מרע דכתב גיטא לדביתהו בפניא דמעלי שבתא ולא הספיק למיתביה ניהלה למחר תקיף ליה עלמא אתא לקמיה דרבא אמר להו לקנייה לההוא דוכתיה דמנח ביה ותיזיל איהי ותיחוד ותיפתח דתנן נעל וגדר ופרץ כל שהו הרי זו חזקה והוי ליה גיטה וחצירה באין כאחד וכן הלכתא. תקיף ליה עלמא פירש רש\"י ואסור לטלטל הגט ולמוסרו לה ואע\"פ שרגילין לטלטל איגרת בשבת היינו משום דחזי לצור על פי צלוחיתו אבל גט מקצה ליה  ודמי לספרא דאגדתא דאסור לטלטולי לעיל בפ' הניזקין דף ס. ושטרי הדיוטות דאמרו אין קורין בהן אף לטלטלן אסור אם מקפיד עליהן לצור ע\"פ צלוחיתו  ורשב\"ם פי' שהגט מותר לטלטל אלא שלא היו יכולין להביאו אצל החולה דרך רשות הרבים ולא נהירא שהרי היה יכול לעשות שליח וילך שם ויתן לה הגט ואף על פי שאסור לקנות בשבת כדאמרינן בעירובין דף עא. גבי בטול רשות דמקני רשותא בשבתא אסור גבי ש\"מ התירו כדאמרינן בפרק מי שמת דף קנו: קונין מש\"מ ואפי' בשבת וכן התירו לגרש אע\"פ דתניא  בתוספתא בפ\"ב די\"ט אין מקדשין ואין מגרשין בשבת  אבל טלטול לא רצה להתיר בשבת  דניחא טפי להתיר קנין מה שמצינו שהתירו חכמים בשכיב מרע  ואפשר אם היה הגט מונח ברשות אחרים היו מתירין גם טלטול: \n"
                }
            ], 
            "heTitle": " פסקי הראש על גיטין", 
            "indexTitle": "Rosh on Gittin", 
            "sectionRef": "Rosh on Gittin 8:2", 
            "prev": "Rosh on Gittin 8:1", 
            "ref": "Rosh on Gittin 8:2", 
            "heRef": " פסקי הראש על גיטין ח׳:ב׳", 
            "next": "Rosh on Gittin 8:3"
        }, 
        "Rosh on Gittin 8:3": {
            "content": [
                {
                    "segmentNumber": "1", 
                    "links": [
                        {
                            "category": "Commentary", 
                            "index_title": "Korban Netanel on Gittin", 
                            "sourceHeRef": " קרבן נתנאל על גיטין קע״א:א׳", 
                            "sourceRef": "Korban Netanel on Gittin 171:1"
                        }, 
                        {
                            "category": "Talmud", 
                            "index_title": "Gittin", 
                            "sourceHeRef": "גיטין ע״ח א:א׳", 
                            "sourceRef": "Gittin 78a:1"
                        }
                    ], 
                    "he": "מכאן מוכח דנעל הוי נעילת דלת בעלמא ולא כמו שפירש רשב\"ם בפרק חזקת הבתים דף מב. דנעל הוי תיקון מנעול דאי נעילה לחודיה מבריח ארי בעלמא הוא כמו נתן צרור וסכר מיניה מיא שם דף נג.  דהכא אי אפשר לתקן מנעול בשבת דאיסור דאורייתא הוא ונעילת דלת לא דמי למבריח ארי דכיון שנועל דלת בפני כל אדם מוכחא מילתא שהבית שלו ומהאי טעמא אמרינן בפרק חזקת הבתים דף נז. דהעמדת תרנגולין בבית הוי חזקה לפי שנועל הדלת עליהן לשמרן ראיתי מפרשים שפירשו דפתיחת דלת קונה כמו נעילת דלת מדקאמרינן הכא ותיחוד ותפתח דמשמע תיחוד או תפתח ולא נהירא לי דאפי' למאי דפרישית דנעילת דלת קונה היינו נעילה במפתח שמונע כל אדם מליכנס בו אבל פתיחת דלת לא מוכחא שתהיה קנייה ולא דמי לפרץ דהתם מיירי שפרץ גדר ותיקן הפתח ליכנס בשדה ותפתח דהכא לאו דווקא א\"נ בנעילה לחודה לא מוכחא שיהא לשום קנין אלא כמו שהיתה רגילה בכל פעם לסגור בתים של בעלה כדי שיהא שמור מה שבתוכו אבל כיון שהיא פותחת מיד אחר הנעילה ניכר שהנעילה היתה לצורך קנין: בתוך ביתה או בתוך חצרה אמר עולא והוא שעומדת בתוך ביתה או בתוך חצרה ור' הושעיא אמר אפי' היא בטבריא וחצירה בציפורי והלכתא כעולא דהכי אסקה רב אשי בפ\"ק דמציעא דף יב. דאמר רב אשי חצר איתרבאי מידה ולא גרע משליחות גבי גט דחוב הוא לה ואין חבין לאדם אלא בפניו הלכך בעינן והיא שעומדת בצד ביתה או בצד חצירה גבי מתנה דזכות הוא לה זכין לאדם שלא בפניו: ההוא גברא דזרק לה גיטא לדביתהו הות קיימא בחצר אזל גיטא נפל אפיסלא א\"ר יוסף אי הוה ד' אמות על ד' אמות פליג ליה רשותא לנפשיה ומוקי לה בחצר דידיה ואושלה מקום וחדא מקום מושלי אינשי ב' מקומות לא מושלי אינשי ולא אמרן אלא דלא גבוה עשרה אבל גבוה עשרה אף ע\"ג דלא הוי ד' אמות ולא אמרן אלא דלית ליה שם לווי  אבל אית ליה שם לווי אע\"ג דלא גבוה עשרה ואע\"ג דלא הוי ד' אמות: אפי' הוא עמה במטה אמר רבא לא שנו אלא במטה שלו אבל במטה שלה מגורשת תניא נמי הכי רבי אלעזר אמר במטה שלו אינה מגורשת במטה שלה מגורשת שמע מינה כליו של לוקח ברשות מוכר קנה לוקח לא צריכא במטה דגבוה י' והאיכא מקום כרעי המטה מקום כרעי המטה לא קפדי אינשי פירוש באשתו: לתוך חיקה או לתוך קלתה מאי טעמא לפי שאין אדם מקפיד לא על מקום חיקה ולא על מקום קלתה ולא על דבר שהוא כקלתה ומאי נינהו מקום טסקא דאכלה ביה תמרי: \n"
                }
            ], 
            "heTitle": " פסקי הראש על גיטין", 
            "indexTitle": "Rosh on Gittin", 
            "sectionRef": "Rosh on Gittin 8:3", 
            "prev": "Rosh on Gittin 8:2", 
            "ref": "Rosh on Gittin 8:3", 
            "heRef": " פסקי הראש על גיטין ח׳:ג׳", 
            "next": "Rosh on Gittin 8:4"
        }, 
        "Rosh on Gittin 8:4": {
            "content": [
                {
                    "segmentNumber": "1", 
                    "links": [
                        {
                            "category": "Commentary", 
                            "index_title": "Korban Netanel on Gittin", 
                            "sourceHeRef": " קרבן נתנאל על גיטין קע״ב:א׳", 
                            "sourceRef": "Korban Netanel on Gittin 172:1"
                        }, 
                        {
                            "category": "Commentary", 
                            "index_title": "Korban Netanel on Gittin", 
                            "sourceHeRef": " קרבן נתנאל על גיטין קע״ב:ב׳", 
                            "sourceRef": "Korban Netanel on Gittin 172:2"
                        }, 
                        {
                            "category": "Talmud", 
                            "index_title": "Gittin", 
                            "sourceHeRef": "גיטין ע״ח א:ל״ו", 
                            "sourceRef": "Gittin 78a:36"
                        }
                    ], 
                    "he": "מתני'  אמר לה כנסי שטר חוב זה או שמצאתהו מאחוריו קוראה והרי הוא גיטה אינו גט עד שיאמר לה הא גיטך נתן לה והיא ישנה ניעורה קוראה והרי הוא גיטה אינו גט עד שיאמר לה הא גיטך  דגרעה מחרשת דישנה לית בה דעת כלל.  וכתב הרמ\"ה ז\"ל ואם אין הגט בידה בשעת שניעורה אינו גט עד שיטלנו מידה ויחזור ויתננו לה ויאמר לה הא גיטך. וכן מסתבר דמה שנתן לידה בשעה שהיא ישנה אינה נתינה כיון שנפל מידה בשעת שניעורה: \n"
                }
            ], 
            "heTitle": " פסקי הראש על גיטין", 
            "indexTitle": "Rosh on Gittin", 
            "sectionRef": "Rosh on Gittin 8:4", 
            "prev": "Rosh on Gittin 8:3", 
            "ref": "Rosh on Gittin 8:4", 
            "heRef": " פסקי הראש על גיטין ח׳:ד׳", 
            "next": "Rosh on Gittin 8:5"
        }, 
        "Rosh on Gittin 8:5": {
            "content": [
                {
                    "segmentNumber": "1", 
                    "links": [
                        {
                            "category": "Commentary", 
                            "index_title": "Tiferet Shmuel on Gittin", 
                            "sourceHeRef": " תפארת שמואל על גיטין נ״ח", 
                            "sourceRef": "Tiferet Shmuel on Gittin 58"
                        }, 
                        {
                            "category": "Commentary", 
                            "index_title": "Korban Netanel on Gittin", 
                            "sourceHeRef": " קרבן נתנאל על גיטין קע״ג:א׳", 
                            "sourceRef": "Korban Netanel on Gittin 173:1"
                        }, 
                        {
                            "category": "Commentary", 
                            "index_title": "Korban Netanel on Gittin", 
                            "sourceHeRef": " קרבן נתנאל על גיטין קע״ג:ב׳", 
                            "sourceRef": "Korban Netanel on Gittin 173:2"
                        }, 
                        {
                            "category": "Commentary", 
                            "index_title": "Korban Netanel on Gittin", 
                            "sourceHeRef": " קרבן נתנאל על גיטין קע״ג:ג׳", 
                            "sourceRef": "Korban Netanel on Gittin 173:3"
                        }, 
                        {
                            "category": "Commentary", 
                            "index_title": "Korban Netanel on Gittin", 
                            "sourceHeRef": " קרבן נתנאל על גיטין קע״ג:ד׳", 
                            "sourceRef": "Korban Netanel on Gittin 173:4"
                        }, 
                        {
                            "category": "Commentary", 
                            "index_title": "Korban Netanel on Gittin", 
                            "sourceHeRef": " קרבן נתנאל על גיטין קע״ג:ה׳", 
                            "sourceRef": "Korban Netanel on Gittin 173:5"
                        }, 
                        {
                            "category": "Commentary", 
                            "index_title": "Korban Netanel on Gittin", 
                            "sourceHeRef": " קרבן נתנאל על גיטין קע״ג:ו׳", 
                            "sourceRef": "Korban Netanel on Gittin 173:6"
                        }, 
                        {
                            "category": "Commentary", 
                            "index_title": "Korban Netanel on Gittin", 
                            "sourceHeRef": " קרבן נתנאל על גיטין קע״ג:ז׳", 
                            "sourceRef": "Korban Netanel on Gittin 173:7"
                        }, 
                        {
                            "category": "Commentary", 
                            "index_title": "Korban Netanel on Gittin", 
                            "sourceHeRef": " קרבן נתנאל על גיטין קע״ג:ח׳", 
                            "sourceRef": "Korban Netanel on Gittin 173:8"
                        }, 
                        {
                            "category": "Commentary", 
                            "index_title": "Korban Netanel on Gittin", 
                            "sourceHeRef": " קרבן נתנאל על גיטין קע״ג:ט׳", 
                            "sourceRef": "Korban Netanel on Gittin 173:9"
                        }, 
                        {
                            "category": "Commentary", 
                            "index_title": "Korban Netanel on Gittin", 
                            "sourceHeRef": " קרבן נתנאל על גיטין קע״ג:י׳", 
                            "sourceRef": "Korban Netanel on Gittin 173:10"
                        }, 
                        {
                            "category": "Talmud", 
                            "index_title": "Gittin", 
                            "sourceHeRef": "גיטין ע״ח א:ל״ח", 
                            "sourceRef": "Gittin 78a:38"
                        }
                    ], 
                    "he": "גמ' מצאתהו מאחוריו כי אמר לה הא גיטך מאי הוי הוה ליה טלי גיטך מעל גבי קרקע ואמר רבא טלי גיטך מעל גבי קרקע לא אמר כלום אימא שלפתו מאחוריו והא בעינן ונתן בידה וליכא לא צריכא דעזק לה חרציה ושקליה פירוש עקם מתניו לקרב אליה הגט והוי כאילו קירב לה את ידו והיא לקחה הגט מתוכה אבל אם היתה ידו פתוחה והגט מונחת עליה ולקחתו משם  והוא לא קירב ידו אליה אין זו נתינה ואינה מגורשת. אבל אם אוחזו בראש האחד והושיטו לה ולקחתו בראש השני הרי זה גט דהוה כשלפתו דהכא ורבינו נתנאל ז\"ל פירש כגון שהיה הגט דבוק במתניו בדוחק וצמצם מתניו ונתחלחל ונטלתו והוי כאילו נתנו לה הוא ונראה דגם הוא צריך לומר לפירושו שקירב עצמו אליה  דאם לא כן אם היה הגט סגור בידו ופתח ידו ונטלתו הוי גיטא ולהך פירושא אם היתה ידו פתוחה  וקרבה אליה ונטלתו לא הוי גיטא דבעינן תרתי שיסייענה בנטילתה וגם שיקרב הגט אליה. אמר רבא כתב לה גט ונתנו ביד עבדה ישן ומשמרתו ה\"ז גט ניעור אינו גט דהויא ליה חצר המשתמרת שלא לדעתה ישן ומשמרתו הרי זה גט אמאי חצר מהלכת היא וחצר מהלכת לא קנה וכי תימא ישן שאני והאמר רבא כל שאילו מהלך לא קנה עומד ויושב לא קנה והלכתא בכפות.  משמע הכא דכפות וישן בעינן וקשה דבפ\"ק דב\"ק דף יב. ובפ' קמא  דבבא מציעא דף ט: ולעיל בפרק שני דף כא. משמע דבכפות לחודיה סגי דלא מדכר ישן בכל הנך והוה מצי לפרושי דהכי קאמר והלכתא בכפות  כלומר בכפות מודים דלא חשיב חצר מהלכת דלא דמי לעומד ויושב הוא הדין נמי ישן לחודיה לא דמי לעומד ויושב אבל רש\"י פי' והלכתא בכפות בהא קאמר רבא דהוה גט פירוש כשהוא ישן אלמא תרווייהו בעינן וכן פסקו הלכות גדולות דכפות וישן בעינן וכן מוכחת הסוגיא דאי באינו כפות איירי רבא אמאי קאמר רבא ניעור אינו גט משום דהוי חצר המשתמרת שלא לדעתה  הוה ליה למימר משום דהוי חצר המהלכת ואפי' היה משתמר לדעתה שהיו ידיו כפותות שאינו יכול לזורקו וגט וגם קשור בחבל אוחזת בידה  כי ההיא דקלתה דמפרש טעמא בפ' קמא דמציעא דף ט: דקלתה מינח נייחא ואיהי דמסגיא תותה וכן קפצו דגים לתוך הספינה דאי לאו הכי משום דספינה מינח נייחא ומיא קא ממטי לה לא קונה דהוה חצר מהלכת אע\"ג דמשתמרת לדעתו וכן בהמה שהוא תופס באפסר אי אמר ליה קני בהמה וקני כלים שעליה לא קנה כלים במשיכת בהמה משום דהוי חצר מהלכת ולפי זה אם היו ידיו ורגליו כפותות וקשור בחבל והיא אוחזתו לא בעינן ישן דעתה משתמר לדעתה וגם אינו מהלך והכי איכא לאוקומה בההיא דלעיל פרק שני וכן ראיתי כתוב בשם ריצב\"א ולי נראה דאע\"ג דידיו ורגליו כפותות וקשור בחבל והיא אוחזתו בידה כיון דניעור ויש לו דעת לעצמו חשיב חצר המשתמרת שלא לדעתה ולא דמי לקלתה וספינה ובהמה  מהאי טעמא נמי ניחא דלא תיקשי לך דכי היכי דחשבת ישן חצר מהלכת משום דאמרינן אילו הוה ניעור הוה מהלך הכי נמי הוה לן למחשב ישן אינו משתמר לדעתו משום דאילו הוה ניעור לא הוה משתמר לדעתו אלא בהכי תליא מילתא דבעינן דלא ליהוי חצר מהלכת משום דדומיא דידו בעינן דמינח ניחא וגברא קא ממטי לה הלכך בעינן דבר דנייח תמיד ולא ישתנה לעתים בין כשהוא ישן בין כשהוא ער בין כשהוא מהלך בין כשהוא עומד ויושב משום דגזירת הכתוב הוא אבל הא דבעינן חצר המשתמרת לדעתה לאו גזירת הכתוב הוא משום דבעינן  דומיא דידה  דכשהיא ישנה אין ידה משתמרת לדעתה אלא מילתא דתליא בסברא היא דאין אדם רוצה שיהו חפציו מונחים אלא במקום המשתמר לדעתו אבל על הילוך החצר לא קפיד איניש רק שיהא משתמר לדעתו הלכך ישן חשוב משתמר לדעתו אע\"ג דחשיב חצר מהלכת ואי תקשי לך אמאי לא קני חצר מהלכת לגבי ממון הא מסקינן בפ\"ק דמציעא ד' י: דלגבי ממון ילפינן חצר משליחות ושליח מהלך הוא ויש לומר כיון דאפקיה רחמנא בלשון יד דכתיב אם המצא תמצא בידו אע\"ג דהאי בידו מפרשינן ברשותו כמו ויקח את כל ארצו מידו  מכל מקום מדאפקיה בלשון יד בעינן דומיא דיד: \n"
                }
            ], 
            "heTitle": " פסקי הראש על גיטין", 
            "indexTitle": "Rosh on Gittin", 
            "sectionRef": "Rosh on Gittin 8:5", 
            "prev": "Rosh on Gittin 8:4", 
            "ref": "Rosh on Gittin 8:5", 
            "heRef": " פסקי הראש על גיטין ח׳:ה׳", 
            "next": "Rosh on Gittin 8:6"
        }, 
        "Rosh on Gittin 8:6": {
            "content": [
                {
                    "segmentNumber": "1", 
                    "links": [
                        {
                            "category": "Commentary", 
                            "index_title": "Korban Netanel on Gittin", 
                            "sourceHeRef": " קרבן נתנאל על גיטין קע״ד:א׳", 
                            "sourceRef": "Korban Netanel on Gittin 174:1"
                        }, 
                        {
                            "category": "Talmud", 
                            "index_title": "Gittin", 
                            "sourceHeRef": "גיטין ע״ח א:ס״ג", 
                            "sourceRef": "Gittin 78a:63"
                        }
                    ], 
                    "he": "מתני' היתה עומדת ברשות הרבים וזרקו לה קרוב לה מגורשת קרוב לו אינה מגורשת מחצה על מחצה מגורשת ואינה מגורשת וכן לענין הקידושין וכן לענין החוב אמר לו  זרוק לי חובי וזרק לו קרוב למלוה זכה המלוה קרוב ללוה הלוה חייב מחצה על מחצה יחלוקו: "
                }, 
                {
                    "segmentNumber": "2", 
                    "links": [
                        {
                            "category": "Commentary", 
                            "index_title": "Korban Netanel on Gittin", 
                            "sourceHeRef": " קרבן נתנאל על גיטין קע״ד:ב׳", 
                            "sourceRef": "Korban Netanel on Gittin 174:2"
                        }, 
                        {
                            "category": "Commentary", 
                            "index_title": "Korban Netanel on Gittin", 
                            "sourceHeRef": " קרבן נתנאל על גיטין קע״ד:ג׳", 
                            "sourceRef": "Korban Netanel on Gittin 174:3"
                        }, 
                        {
                            "category": "Commentary", 
                            "index_title": "Korban Netanel on Gittin", 
                            "sourceHeRef": " קרבן נתנאל על גיטין קע״ד:ד׳", 
                            "sourceRef": "Korban Netanel on Gittin 174:4"
                        }, 
                        {
                            "category": "Commentary", 
                            "index_title": "Korban Netanel on Gittin", 
                            "sourceHeRef": " קרבן נתנאל על גיטין קע״ד:ה׳", 
                            "sourceRef": "Korban Netanel on Gittin 174:5"
                        }, 
                        {
                            "category": "Commentary", 
                            "index_title": "Korban Netanel on Gittin", 
                            "sourceHeRef": " קרבן נתנאל על גיטין קע״ד:ו׳", 
                            "sourceRef": "Korban Netanel on Gittin 174:6"
                        }, 
                        {
                            "category": "Commentary", 
                            "index_title": "Korban Netanel on Gittin", 
                            "sourceHeRef": " קרבן נתנאל על גיטין קע״ד:ז׳", 
                            "sourceRef": "Korban Netanel on Gittin 174:7"
                        }, 
                        {
                            "category": "Commentary", 
                            "index_title": "Korban Netanel on Gittin", 
                            "sourceHeRef": " קרבן נתנאל על גיטין קע״ד:ח׳", 
                            "sourceRef": "Korban Netanel on Gittin 174:8"
                        }, 
                        {
                            "category": "Commentary", 
                            "index_title": "Korban Netanel on Gittin", 
                            "sourceHeRef": " קרבן נתנאל על גיטין קע״ד:ט׳", 
                            "sourceRef": "Korban Netanel on Gittin 174:9"
                        }, 
                        {
                            "category": "Commentary", 
                            "index_title": "Korban Netanel on Gittin", 
                            "sourceHeRef": " קרבן נתנאל על גיטין קע״ד:י׳", 
                            "sourceRef": "Korban Netanel on Gittin 174:10"
                        }, 
                        {
                            "category": "Talmud", 
                            "index_title": "Gittin", 
                            "sourceHeRef": "גיטין ע״ח ב:ד׳", 
                            "sourceRef": "Gittin 78b:4"
                        }
                    ], 
                    "he": "גמ' ה\"ד קרוב לה ה\"ד קרוב לו אמר רב ארבע אמות שלה זהו קרוב לה ארבע אמות שלו זהו קרוב לו  אפי' נכנסה האשה בארבע אמות שלו כיון שהוא קדם לתוכן זכה בהן והן שלו ומחצה על מחצה מסיק  רבה ורב יוסף דאמרי תרוייהו  בשתי כיתי עדים אחת אומרת קרוב לו ואחת אומרת קרוב לה רבי יוחנן אמר קרוב לה שנינו אפי' מאה אמה  ה\"ד מחצה על מחצה אמר רב שמן בר אבא לדידי מיפרשא לי מיניה דרבי יוחנן הוא יכול לשומרו והיא אינה יכולה לשומרו זהו קרוב לו  היא יכולה לשומרו והוא אינו יכול לשומרו זהו קרוב לה שניהם יכולין לשומרו שניהם אינן יכולים לשומרו זהו מחצה על מחצה רבי יוחנן לא אתא לאיפלוגי אדרב  דשפיר אית ליה דאם זרק לה גט לתוך ארבע אמותיה שהיא מגורשת דהא רבי יוחנן גופיה קאמר בפרק קמא דבבא מציעא דף י: קטנה יש לה חצר ויש לה ארבע אמות דיליף מציאה מגט אלא דלשון קרוב לה וקרוב לו לא משמע ליה לפרושי בארבע אמות דמשמע אפי' רחוק ממנה הרבה  וגם מחצה על מחצה אינו מתפרש יפה אליבא דרב לכך נראה לו לפרש קרוב לו אפי' מאה אמה ומשום עיגונא תקנו חכמים בגיטין וכל דמקדש אדעתא דרבנן מקדש ולכך אמר ר' יוחנן לגיטין אמרו ולא לדבר אחר. אמר ליה שמואל לרב יהודה שיננא כדי שתשוח ותטלנו ואת לא תעביד עובדא עד דמטי לה גיטא לידה אמר ליה רב מרדכי לרב אשי הוה עובדא ואצרכוה חליצה שמואל לאו לפרושי מתני' אתא דאי לפרושי מתני' אתא א\"כ לא הל\"ל א\"ל שמואל לרב יהודה אלא הכי הוה ליה למימר ושמואל אמר כדי שתשוח ותטלנו זהו קרוב לה  כדי שישוח ויטלנו זהו קרוב לו שניהם יכולין לשוח וליטלו זהו מחצה על מחצה אלא שמואל מודה אם זרק לה גט לתוך ארבע אמותיה והוא עומד חוץ לארבע אמותיה שהיא מגורשת דליכא מאן דפליג אהא דד' אמות של אדם קונות לו וכל שכן בגט משום עיגונא וכן מוכח לקמן דרב יהודה אית ליה ד' אמות לענין גיטא דאמר רב יהודה לקמן היתה ידה עשוייה כקטפרס וזרקו לה אינה מגורשת ופריך הש\"ס אמאי והא קא נפיל לד' אמות דידה וצריך לאוקמה בעומדת על גב הנהר אלמא דקים ליה להש\"ס דרב יהודה אית ליה ד' אמות לענין גיטין וגם אדר' יוחנן לא פליג אלא שמואל אמר לתלמידו שראוי להחמיר אם שניהם עומדין בתוך ד' אמות אע\"פ שקדמה האשה לתוכן וזכתה בהן שאינו גט  אלא קרוב לה כדי שתשוח ותטלנו לפי שפעמים שהאיש יקרב לתוך ד' אמות וגם אם הם חוץ לד' אמות אלא שהיא יכולה לשומרו ולא הוא אין לסמוך על זה שלפעמים הוא יכול לשומרו ולא היא או שניהם יכולין לשומרו ובקל יבא לידי קלקול הלכך ראוי להחמיר בכל אלו עד שתשוח ותטלנו ואתה תחמיר יותר עד שיבא הגט לידה והלכה כשמואל דמחמיר היכא דשתיהם עומדים בתוך ד' אמות או חוץ לד' אמות אבל אם זרק לתוך ארבע אמותיה והוא עומד חוץ לארבע אמותיה בהא מודה שמואל דמגורשת כך נראה לפרש שיטה זו אבל רב אלפס ז\"ל כתב היכי דמי קרוב לה אמר ליה שמואל לרב יהודה וכו' ולא הביא דברי רב ורבי יוחנן משמע דסבירא ליה דשמואל לפרושי מתניתין קא אתי ותימה היכי פסיק כוותיה דשמואל והא קי\"ל הלכתא כרב באיסורי ועוד דהלכה כרבי יוחנן בכל מקום כנגד רב ושמואל ועוד דרבי יונתן סבר לה כרבי יוחנן  וגם תניא כוותיה לכך אני אומר שרב אלפס כתב ה\"ד קרוב לה וכו' ודילג דברי רב ורבי יוחנן משום דסבירא ליה הלכה כשמואל שמחמיר ולא בא לפרש המשנה ולא חשש להאריך בדברי האמוראים המפרשים המשנה  ואם אמר זרוק לי חובי בתורת גיטין הלכה כדברי רבי יוחנן בזה ורבינו חננאל ז\"ל כתב קבלנו מרבותינו דאפי' זרק לה גט בחצירה לא מישתריא לעלמא עד דמטי גיטה לידה וגרסי' נמי בירושלמי ה\"ב המחוור שבכולן עד שיתן לה גיטה לידה ודבריו תמוהין דהיאך נלמוד מתוך חומרא זו שנחמיר גם בחצירה דהא רבא דהוא בתראה עבד עובדא בחצירה גבי תיזיל איהי ותיחוד ותפתח וגם סתמא דהש\"ס פשיטא ליה דד' אמות זוכות לה בגט גבי היתה ידה עשויה כקטפרס והירושלמי שהביא קאי אקרוב לה ואקרוב לו דהכי איתא בירושלמי שם תניא רבי אלעזר אפילו הוא קרוב לה מלו ובא כלב ונטלו אינה מגורשת שמואל כהדא דרבי אלעזר המחוור שבכולן עד שיתנו לידה: וכן לעען קידושין.  א\"ר אסי אמר ר' יוחנן לגיטין ולקידושין אמרו ולא לדבר אחר איתיביה רבי אבא וכן לענין החוב אמר לו זרוק לי חובי וכו' ופריק הכא במאי עסקינן דאמר זרוק לי חובי בתורת גיטין אי הכי מאי למימרא מהו דתימא מצי א\"ל משטה אני בך קמ\"ל: \n"
                }
            ], 
            "heTitle": " פסקי הראש על גיטין", 
            "indexTitle": "Rosh on Gittin", 
            "sectionRef": "Rosh on Gittin 8:6", 
            "prev": "Rosh on Gittin 8:5", 
            "ref": "Rosh on Gittin 8:6", 
            "heRef": " פסקי הראש על גיטין ח׳:ו׳", 
            "next": "Rosh on Gittin 8:7"
        }, 
        "Rosh on Gittin 8:7": {
            "content": [
                {
                    "segmentNumber": "1", 
                    "links": [
                        {
                            "category": "Commentary", 
                            "index_title": "Korban Netanel on Gittin", 
                            "sourceHeRef": " קרבן נתנאל על גיטין קע״ה:א׳", 
                            "sourceRef": "Korban Netanel on Gittin 175:1"
                        }, 
                        {
                            "category": "Commentary", 
                            "index_title": "Korban Netanel on Gittin", 
                            "sourceHeRef": " קרבן נתנאל על גיטין קע״ה:ב׳", 
                            "sourceRef": "Korban Netanel on Gittin 175:2"
                        }, 
                        {
                            "category": "Talmud", 
                            "index_title": "Gittin", 
                            "sourceHeRef": "גיטין ע״ח ב:ל״ח", 
                            "sourceRef": "Gittin 78b:38"
                        }
                    ], 
                    "he": "אמר רב חסדא גט בידה ומשיחה בידו אם יכול לנתקו ולהביאו אצלו אינה מגורשת ואם לאו מגורשת פי' ר\"ת כגון שהגט כבד והמשיחה דקה דאי משיך ליה לגביה מיפסיק וכענין זה פירש ה\"ר יוסף ז\"ל בשם רשב\"ם כגון דמיהדק הקשר יפה ולא מיפסק כשיביאנו אצלו אבל אם קפצה ידה ומחמת זה יפסיק החוט כשהוא מושך  לא מיקרי נתינה  ור\"י אומר דמיקרי שפיר נתינה כיון שהוא התחיל הנתינה קרינן ביה שפיר ונתן אע\"פ שהיא גמרה הנתינה וכן לעיל בפ\"ב דף כד. אל תתגרשי אלא בבית דין פלוני ואמר מכי מטא התם איגרשא לה ומסתברא אפילו הוציאה הגט מרשותה בינתיים ושוב נטלתו ובאה לאותו ב\"ד אע\"פ שבנטילה האחרונה לא בא הגט לידה מיד הבעל כיון דתחילת נתינתו להתגרש נתנו בידה ונתן קרינא ביה ולא טלי גיטך מעל גבי קרקע הוא וכן האומר לאשה הרי זה גיטיך ולא תתגרשי בו עד לאחר ל' יום דמיבעיא ליה בפרק הכותב דף פו: אם הניחו בצידי ר\"ה אי הוי גט אבל אם שוב נטלתו וישנו בידה בסוף ל' יום משמע דמגורשת אע\"פ שמעצמה גומרת הנתינה ונראה לי דלא דמי דהתם מעיקרא נתינה מעלייתא היא אע\"פ שיש הפסק בינתיים מכל מקום כשיגיע הזמן והגט בידה מגורשת על ידי נתינה הראשונה אבל הכא מעיקרא לא הויא נתינה דכל זמן שידה פתוחה יכול לנתקו ולהביאו אצלו וכשקפצה ידה הרי היא עושה כל הנתינה:  "
                }, 
                {
                    "segmentNumber": "2", 
                    "links": [
                        {
                            "category": "Commentary", 
                            "index_title": "Korban Netanel on Gittin", 
                            "sourceHeRef": " קרבן נתנאל על גיטין קע״ה:ג׳", 
                            "sourceRef": "Korban Netanel on Gittin 175:3"
                        }
                    ], 
                    "he": "מתני' היתה עומדת בראש הגג וזרקו לה  כיון שהגיע לאויר הגג ה\"ז מגורשת הוא מלמעלה והיא מלמטה וזרקו לה כיון שיצא מרשות הגג נמחק או נשרף ה\"ז מגורשת: "
                }, 
                {
                    "segmentNumber": "3", 
                    "links": [
                        {
                            "category": "Commentary", 
                            "index_title": "Korban Netanel on Gittin", 
                            "sourceHeRef": " קרבן נתנאל על גיטין קע״ה:ד׳", 
                            "sourceRef": "Korban Netanel on Gittin 175:4"
                        }, 
                        {
                            "category": "Commentary", 
                            "index_title": "Korban Netanel on Gittin", 
                            "sourceHeRef": " קרבן נתנאל על גיטין קע״ה:ה׳", 
                            "sourceRef": "Korban Netanel on Gittin 175:5"
                        }, 
                        {
                            "category": "Commentary", 
                            "index_title": "Korban Netanel on Gittin", 
                            "sourceHeRef": " קרבן נתנאל על גיטין קע״ה:ו׳", 
                            "sourceRef": "Korban Netanel on Gittin 175:6"
                        }, 
                        {
                            "category": "Talmud", 
                            "index_title": "Gittin", 
                            "sourceHeRef": "גיטין ע״ט א:ג׳", 
                            "sourceRef": "Gittin 79a:3"
                        }, 
                        {
                            "category": "Talmud", 
                            "index_title": "Gittin", 
                            "sourceHeRef": "גיטין ע״ט ב:א׳", 
                            "sourceRef": "Gittin 79b:1"
                        }
                    ], 
                    "he": "גמ' כיון שהגיע לאויר הגג וכו' והא לא מינטר  אמר רב יהודה אמר שמואל בגג שיש לו מעקה עסקינן עולא בר מנשיא משמיה דאבימי אמר הכא בפחות משלשה סמיך לגג עסקינן דכל פחות משלשה סמוך לגג כגג דמי: הוא מלמעלה והיא מלמטה וכו' והא לא מינטר אמר רב יהודה אמר שמואל כגון שהיו מחיצות התחתונות עודפות על העליונות ואפי' רבנן דרבי עקיבא דלית להו קלוטה כמי שהונחה דמיא הני מילי לענין שבת אבל הכא משום אינטורי הוא והא מינטר: נמחק. אמר רב נחמן אמר רבה בר אבוה לא שנו אלא שנמחק דרך ירידה אבל נמחק דרך עליה לא מאי טעמא לאו למינח קאי: נשרף. אמר רב נחמן בר יצחק לא שנו אלא שקדם גט לדליקה אבל קדמה דליקה לגט לא מאי טעמא מעיקרא לשרפה קאזיל אמר רבא ג' מדות בגיטין הא דאמר רבי קלוטה כמי שהונחה דמיא ופליגי רבנן עליה הני מילי לענין שבת אבל הכא משום אינטורי הוא והא מינטר   והא דאמר רב חסדא נעץ קנה ברשות היחיד וזרק ונח על גביו אפי' גבוה מאה אמה חייב שרשות היחיד עולה עד לרקיע הני מילי לענין שבת אבל הכא משום אינטורי הוא והא לא מינטר  והא דאמר רב יהודה אמר שמואל לא יעמוד אדם על גג זה ויקלוט מגגו של חבירו שכשם שדיורין חלוקין מלמטה כך דיורין חלוקין מלמעלה הני מילי לענין שבת אבל הכא משום קפידא הוא וכולי האי לא קפדי אינשי אמר אביי שתי חצירות זו לפנים מזו פנימית שלה חיצונה שלו ומחיצה החיצונה עודפת על הפנימית זרקו לה כיון שהגיע לאויר מחיצה הפנימית הרי זו מגורשת  מאי טעמא פנימית גופה במחיצה החיצונה קא מינטרא מה שאין כן בקופות שתי קופות זו בתוך זו פנימית שלה וחיצונה שלו וזרקו לה אפי' הגיע לאויר הפנימית אינה מגורשת מאי טעמא דהא לא נח וכי נח מאי הוי כליו של לוקח ברשות מוכר הוא הכא במאי עסקינן בקופה שאין לה שוליים: \n"
                }
            ], 
            "heTitle": " פסקי הראש על גיטין", 
            "indexTitle": "Rosh on Gittin", 
            "sectionRef": "Rosh on Gittin 8:7", 
            "prev": "Rosh on Gittin 8:6", 
            "ref": "Rosh on Gittin 8:7", 
            "heRef": " פסקי הראש על גיטין ח׳:ז׳", 
            "next": "Rosh on Gittin 8:8"
        }
    }, 
    "ref": "Rosh on Gittin 8"
}