{
    "heTitleVariants": [
        "רש\"י על פסחים"
    ], 
    "heTitle": "רש\"י על פסחים צ״ה ב", 
    "content": [
        {
            "segmentNumber": "1", 
            "he": [
                "מאי קא מרבי אל תאכלו ממנו נא - דחייב בפסח שני:", 
                "לא תשחט על חמץ - דמותר לשוחטו על חמץ כדתנן מצה וחמץ עמו בבית אע\"ג דכבר מיעט ליה מהשבתת שאור ומבל יראה הוה אמינא הני מילי שלא בשעת שחיטה אבל בשעת שחיטה לא להכי איצטריך למעוטי מלא תשחט:"
            ], 
            "links": [
                {
                    "category": "Talmud", 
                    "sourceHeRef": "פסחים צ״ה ב:א׳", 
                    "sourceRef": "Pesachim 95b:1", 
                    "ref": "Pesachim 95b:1"
                }, 
                {
                    "category": "Talmud", 
                    "sourceHeRef": "פסחים צ״ה ב:א׳", 
                    "sourceRef": "Pesachim 95b:1", 
                    "ref": "Pesachim 95b:1"
                }
            ], 
            "text": ""
        }, 
        {
            "segmentNumber": "2", 
            "he": [], 
            "links": [], 
            "text": ""
        }, 
        {
            "segmentNumber": "3", 
            "he": [], 
            "links": [], 
            "text": ""
        }, 
        {
            "segmentNumber": "4", 
            "he": [], 
            "links": [], 
            "text": ""
        }, 
        {
            "segmentNumber": "5", 
            "he": [], 
            "links": [], 
            "text": ""
        }, 
        {
            "segmentNumber": "6", 
            "he": [
                "השיר יהיה לכם - ביום שתגאלו מן הגלות:", 
                "כליל התקדש חג - כמו שאתם נוהגים לשורר בליל התקדש חג ואין לך לילי חג להטעין שירה חוץ מלילי פסחים על אכילתו:", 
                "לילה המקודש לחג - כגון פסח ראשון:", 
                "שאין מקודש לחג - כגון ליל אכילת פסח שני שאינו י\"ט:", 
                "לילה - דפסח שני מיעט אבל יום שהוא זמן עשייתו לא מיעט והרי הוא כפסח ראשון שטעון הלל בשעת שחיטתו כדאמרן בתמיד נשחט (לעיל דף סד.) ולקמן (דף קיז.) אמרינן נביאים שביניהן תקנו להם שיהו אומרים על כל פרק ופרק וכל דבר חידוש:"
            ], 
            "links": [
                {
                    "category": "Talmud", 
                    "sourceHeRef": "פסחים צ״ה ב:ו׳", 
                    "sourceRef": "Pesachim 95b:6", 
                    "ref": "Pesachim 95b:6"
                }, 
                {
                    "category": "Talmud", 
                    "sourceHeRef": "פסחים צ״ה ב:ו׳", 
                    "sourceRef": "Pesachim 95b:6", 
                    "ref": "Pesachim 95b:6"
                }, 
                {
                    "category": "Talmud", 
                    "sourceHeRef": "פסחים צ״ה ב:ו׳", 
                    "sourceRef": "Pesachim 95b:6", 
                    "ref": "Pesachim 95b:6"
                }, 
                {
                    "category": "Talmud", 
                    "sourceHeRef": "פסחים צ״ה ב:ו׳", 
                    "sourceRef": "Pesachim 95b:6", 
                    "ref": "Pesachim 95b:6"
                }, 
                {
                    "category": "Talmud", 
                    "sourceHeRef": "פסחים צ״ה ב:ו׳", 
                    "sourceRef": "Pesachim 95b:6", 
                    "ref": "Pesachim 95b:6"
                }
            ], 
            "text": ""
        }, 
        {
            "segmentNumber": "7", 
            "he": [], 
            "links": [], 
            "text": ""
        }, 
        {
            "segmentNumber": "8", 
            "he": [], 
            "links": [], 
            "text": ""
        }, 
        {
            "segmentNumber": "9", 
            "he": [], 
            "links": [], 
            "text": ""
        }, 
        {
            "segmentNumber": "10", 
            "he": [], 
            "links": [], 
            "text": ""
        }, 
        {
            "segmentNumber": "11", 
            "he": [], 
            "links": [], 
            "text": ""
        }, 
        {
            "segmentNumber": "12", 
            "he": [
                "אפשר כו' - דכיון דדבר מצוה הוא טעון הלל:", 
                "נוטלין את לולביהן - אגררא נסבא דברייתא היא הכי בפרק בתרא (שם):"
            ], 
            "links": [
                {
                    "category": "Talmud", 
                    "sourceHeRef": "פסחים צ״ה ב:י״ב", 
                    "sourceRef": "Pesachim 95b:12", 
                    "ref": "Pesachim 95b:12"
                }, 
                {
                    "category": "Talmud", 
                    "sourceHeRef": "פסחים צ״ה ב:י״ב", 
                    "sourceRef": "Pesachim 95b:12", 
                    "ref": "Pesachim 95b:12"
                }
            ], 
            "text": ""
        }, 
        {
            "segmentNumber": "13", 
            "he": [
                "צלי - דאיתרבי מכלליה דמצות ומרורים:"
            ], 
            "links": [
                {
                    "category": "Talmud", 
                    "sourceHeRef": "פסחים צ״ה ב:י״ג", 
                    "sourceRef": "Pesachim 95b:13", 
                    "ref": "Pesachim 95b:13"
                }
            ], 
            "text": ""
        }, 
        {
            "segmentNumber": "14", 
            "he": [], 
            "links": [], 
            "text": ""
        }, 
        {
            "segmentNumber": "15", 
            "he": [], 
            "links": [], 
            "text": ""
        }, 
        {
            "segmentNumber": "16", 
            "he": [], 
            "links": [], 
            "text": ""
        }, 
        {
            "segmentNumber": "17", 
            "he": [
                "דוחה את השבת - דבשני כתיב ביה במועדו למ\"ד קרבן ה' לא הקריב במועדו בשני (לעיל דף צג.):"
            ], 
            "links": [
                {
                    "category": "Talmud", 
                    "sourceHeRef": "פסחים צ״ה ב:י״ז", 
                    "sourceRef": "Pesachim 95b:17", 
                    "ref": "Pesachim 95b:17"
                }
            ], 
            "text": ""
        }, 
        {
            "segmentNumber": "18", 
            "he": [], 
            "links": [], 
            "text": ""
        }, 
        {
            "segmentNumber": "19", 
            "he": [], 
            "links": [], 
            "text": ""
        }, 
        {
            "segmentNumber": "20", 
            "he": [
                "יחזור ויעשה בטומאה - בתמיה אלא מוטב ידחה לגמרי:"
            ], 
            "links": [
                {
                    "category": "Talmud", 
                    "sourceHeRef": "פסחים צ״ה ב:כ׳", 
                    "sourceRef": "Pesachim 95b:20", 
                    "ref": "Pesachim 95b:20"
                }
            ], 
            "text": ""
        }, 
        {
            "segmentNumber": "21", 
            "he": [], 
            "links": [], 
            "text": ""
        }, 
        {
            "segmentNumber": "22", 
            "he": [], 
            "links": [], 
            "text": ""
        }, 
        {
            "segmentNumber": "23", 
            "he": [], 
            "links": [], 
            "text": ""
        }, 
        {
            "segmentNumber": "24", 
            "he": [], 
            "links": [], 
            "text": ""
        }, 
        {
            "segmentNumber": "25", 
            "he": [], 
            "links": [], 
            "text": ""
        }, 
        {
            "segmentNumber": "26", 
            "he": [
                "טעון לינה - לילה הראשון ילין בירושלים מיכן ואילך רשאי לדור חוץ לחומה בתוך התחום והיינו לאהליך לאהל שחוץ לחומה ולא לביתו ממש דהא י\"ט הוא ועוד דקא בעי לאיתויי עולת ראייה:"
            ], 
            "links": [
                {
                    "category": "Talmud", 
                    "sourceHeRef": "פסחים צ״ה ב:כ״ו", 
                    "sourceRef": "Pesachim 95b:26", 
                    "ref": "Pesachim 95b:26"
                }
            ], 
            "text": ""
        }, 
        {
            "segmentNumber": "27", 
            "he": [], 
            "links": [], 
            "text": ""
        }, 
        {
            "segmentNumber": "28", 
            "he": [], 
            "links": [], 
            "text": ""
        }, 
        {
            "segmentNumber": "29", 
            "he": [], 
            "links": [], 
            "text": ""
        }, 
        {
            "segmentNumber": "30", 
            "he": [
                "הנאכל לששה - שאוכלין עליו מצות ששה ימים ולישנא דקרא נקט וקרא לדרשה אתא ללמד על ימות הפסח שהן רשות באכילת מצה חוץ מלילה הראשון בפרק בתרא (דף קכ.):", 
                "טעון לינה - לילה אחד בתוך העיר:"
            ], 
            "links": [
                {
                    "category": "Talmud", 
                    "sourceHeRef": "פסחים צ״ה ב:ל׳", 
                    "sourceRef": "Pesachim 95b:30", 
                    "ref": "Pesachim 95b:30"
                }, 
                {
                    "category": "Talmud", 
                    "sourceHeRef": "פסחים צ״ה ב:ל׳", 
                    "sourceRef": "Pesachim 95b:30", 
                    "ref": "Pesachim 95b:30"
                }
            ], 
            "text": ""
        }, 
        {
            "segmentNumber": "31", 
            "he": [], 
            "links": [], 
            "text": ""
        }, 
        {
            "segmentNumber": "32", 
            "he": [
                "מתני' לא יאכלו ממנו זבין - דגבי טמא לנפש כתיב איש איש נדחה ואין ציבור נידחין אבל גבי זיבה אף ציבור נדחין בפרק אלו דברים (לעיל דף סז.):", 
                "ואם אכלו פטורין מכרת - דאוכל קדשים בטומאה כדיליף בברייתא בגמרא אבל מביאת מקדש לא פטרינהו רחמנא:", 
                "ורבי אליעזר פוטר - אף מכרת דביאת מקדש וטעמא יליף בגמרא:"
            ], 
            "links": [
                {
                    "category": "Talmud", 
                    "sourceHeRef": "פסחים צ״ה ב:ל״ב", 
                    "sourceRef": "Pesachim 95b:32", 
                    "ref": "Pesachim 95b:32"
                }, 
                {
                    "category": "Talmud", 
                    "sourceHeRef": "פסחים צ״ה ב:ל״ב", 
                    "sourceRef": "Pesachim 95b:32", 
                    "ref": "Pesachim 95b:32"
                }, 
                {
                    "category": "Talmud", 
                    "sourceHeRef": "פסחים צ״ה ב:ל״ב", 
                    "sourceRef": "Pesachim 95b:32", 
                    "ref": "Pesachim 95b:32"
                }
            ], 
            "text": ""
        }, 
        {
            "segmentNumber": "33", 
            "he": [], 
            "links": [], 
            "text": ""
        }, 
        {
            "segmentNumber": "34", 
            "he": [], 
            "links": [
                {
                    "category": "Talmud", 
                    "sourceHeRef": "פסחים צ״ה ב:ל״ד", 
                    "sourceRef": "Pesachim 95b:34", 
                    "ref": "Pesachim 95b:34"
                }
            ], 
            "text": ""
        }, 
        {
            "segmentNumber": "35", 
            "he": [], 
            "links": [], 
            "text": ""
        }, 
        {
            "segmentNumber": "36", 
            "he": [], 
            "links": [], 
            "text": ""
        }, 
        {
            "segmentNumber": "37", 
            "he": [
                "גמ' וישלחו מן המחנה כו' - ות\"ק לא דריש להכי דכולהו איצטריכו כדאמרינן באלו דברים (שם) לחלקם למחנותיהם:"
            ], 
            "links": [
                {
                    "category": "Talmud", 
                    "sourceHeRef": "פסחים צ״ה ב:ל״ז", 
                    "sourceRef": "Pesachim 95b:37", 
                    "ref": "Pesachim 95b:37"
                }
            ], 
            "text": ""
        }, 
        {
            "segmentNumber": "38", 
            "he": [], 
            "links": [], 
            "text": ""
        }, 
        {
            "segmentNumber": "39", 
            "he": [], 
            "links": [], 
            "text": ""
        }, 
        {
            "segmentNumber": "40", 
            "he": [
                "ונכנסו להיכל - מקום שלא הותרו שם דאין שם צרכי פסח ואלו כהנים אסורין ליכנס לשם אלא לצורך משום דכתיב אל יבא בכל עת וזה שנכנס בטומאה יכול יתחייב על ביאת מקדש בטומאה:"
            ], 
            "links": [
                {
                    "category": "Talmud", 
                    "sourceHeRef": "פסחים צ״ה ב:מ׳", 
                    "sourceRef": "Pesachim 95b:40", 
                    "ref": "Pesachim 95b:40"
                }
            ], 
            "text": ""
        }, 
        {
            "segmentNumber": "41", 
            "he": [], 
            "links": [], 
            "text": ""
        }, 
        {
            "segmentNumber": "42", 
            "he": [], 
            "links": [], 
            "text": ""
        }, 
        {
            "segmentNumber": "43", 
            "he": [], 
            "links": [], 
            "text": ""
        }, 
        {
            "segmentNumber": "44", 
            "he": [
                "אפילו מקצת מחנה - אע\"פ שאין משתלחין מכל מחנה שכינה שהרי מותרין בעזרה טמאי מתים בפסח הבא בטומאה משתלחין מיהא ממקצתו מן ההיכל:"
            ], 
            "links": [
                {
                    "category": "Talmud", 
                    "sourceHeRef": "פסחים צ״ה ב:מ״ד", 
                    "sourceRef": "Pesachim 95b:44", 
                    "ref": "Pesachim 95b:44"
                }
            ], 
            "text": ""
        }, 
        {
            "segmentNumber": "45", 
            "he": [
                "איכא דאמרי כו' - ורבא לקולא פשט דאין חייבין על ביאת מקדש דהיכל:"
            ], 
            "links": [
                {
                    "category": "Talmud", 
                    "sourceHeRef": "פסחים צ״ה ב:מ״ה", 
                    "sourceRef": "Pesachim 95b:45", 
                    "ref": "Pesachim 95b:45"
                }
            ], 
            "text": ""
        }, 
        {
            "segmentNumber": "46", 
            "he": [
                "אל מחוץ למחנה תשלחום - היינו היכל כדסמיך ליה אשר אני שוכן בתוכם:", 
                "וישלחו מן המחנה - עזרה כך קבל רבי ונ\"ל דאיפכא גרסי' לה כל היכא דקרינא אל מחוץ למחנה שצריך להוציאם לגמרי אף מן העזרה קרינא ביה מן המחנה היכל וכל היכא דלא קרינא ביה אל מחוץ לא קרינא ביה וישלחו מקצת מחנה:"
            ], 
            "links": [
                {
                    "category": "Talmud", 
                    "sourceHeRef": "פסחים צ״ה ב:מ״ו", 
                    "sourceRef": "Pesachim 95b:46", 
                    "ref": "Pesachim 95b:46"
                }, 
                {
                    "category": "Talmud", 
                    "sourceHeRef": "פסחים צ״ה ב:מ״ו", 
                    "sourceRef": "Pesachim 95b:46", 
                    "ref": "Pesachim 95b:46"
                }
            ], 
            "text": ""
        }, 
        {
            "segmentNumber": "47", 
            "he": [], 
            "links": [], 
            "text": ""
        }, 
        {
            "segmentNumber": "48", 
            "he": [
                "אימורי פסח - כגון כליות ויותרת הכבד:"
            ], 
            "links": [
                {
                    "category": "Talmud", 
                    "sourceHeRef": "פסחים צ״ה ב:מ״ח", 
                    "sourceRef": "Pesachim 95b:48", 
                    "ref": "Pesachim 95b:48"
                }
            ], 
            "text": ""
        }
    ], 
    "commentaryBook": "Pesachim", 
    "heRef": "רש\"י על פסחים צ״ה ב", 
    "toSections": [
        "95b"
    ], 
    "sectionRef": "Rashi on Pesachim 95b", 
    "title": "Rashi on Pesachim 95b", 
    "lengths": [
        240, 
        11546
    ], 
    "next": "Rashi on Pesachim 96a:1", 
    "heBook": "רש\"י על פסחים", 
    "book": "Rashi on Pesachim", 
    "prev": "Rashi on Pesachim 95a:35", 
    "textDepth": 3, 
    "sectionNames": [
        "Daf", 
        "Line", 
        "Comment"
    ], 
    "sections": [
        "95b"
    ], 
    "commentator": "Rashi", 
    "isComplex": false, 
    "commentaryCategories": [
        "Talmud", 
        "Bavli", 
        "Seder Moed"
    ], 
    "titleVariants": [
        "Rashi on Tractate Pesachim", 
        "Rashi on Talmud Pesachim", 
        "Rashi on Masekhet Pesachim", 
        "Rashi on Pesahim", 
        "Rashi on Pesachim"
    ], 
    "categories": [
        "Commentary", 
        "Talmud", 
        "Rashi"
    ], 
    "ref": "Rashi on Pesachim 95b", 
    "type": "Commentary", 
    "addressTypes": [
        "Talmud", 
        "Integer", 
        "Integer"
    ], 
    "heCommentator": "רש\"י", 
    "length": 240, 
    "indexTitle": "Rashi on Pesachim", 
    "heIndexTitle": "רש\"י על פסחים", 
    "alts": [], 
    "order": [
        4, 
        3
    ]
}