{
    "heTitleVariants": [
        "הערות באנגלית של אברהם כהן על מסכת ברכות"
    ], 
    "heTitle": "הערות באנגלית של אברהם כהן על מסכת ברכות כ״ג א", 
    "content": [
        {
            "segmentNumber": "1", 
            "he": "", 
            "links": [
                {
                    "category": "Talmud", 
                    "sourceHeRef": "ברכות כ״ג א:כ׳", 
                    "sourceRef": "Berakhot 23a:20", 
                    "ref": "Berakhot 23a:20"
                }
            ], 
            "text": "According to this version, these words follow on \"If a man feels the need ...his prayer is an abomination.\" "
        }, 
        {
            "segmentNumber": "2", 
            "he": "", 
            "links": [
                {
                    "category": "Talmud", 
                    "sourceHeRef": "ברכות כ״ג א:ל״ג", 
                    "sourceRef": "Berakhot 23a:33", 
                    "ref": "Berakhot 23a:33"
                }
            ], 
            "text": "This is the literal rendering of the Hebrew, and it suggests the comment which follows, R.V. \"for they know not that they do evil,\" "
        }, 
        {
            "segmentNumber": "3", 
            "he": "", 
            "links": [
                {
                    "category": "Talmud", 
                    "sourceHeRef": "ברכות כ״ג א:ל״ח", 
                    "sourceRef": "Berakhot 23a:38", 
                    "ref": "Berakhot 23a:38"
                }
            ], 
            "text": "This is the reading of M. which is preferable to that of edd. : Ashe. "
        }, 
        {
            "segmentNumber": "4", 
            "he": "", 
            "links": [
                {
                    "category": "Talmud", 
                    "sourceHeRef": "ברכות כ״ג א:ל״ח", 
                    "sourceRef": "Berakhot 23a:38", 
                    "ref": "Berakhot 23a:38"
                }
            ], 
            "text": "M.: Rab Pappa, "
        }, 
        {
            "segmentNumber": "5", 
            "he": "", 
            "links": [
                {
                    "category": "Talmud", 
                    "sourceHeRef": "ברכות כ״ג א:ל״ט", 
                    "sourceRef": "Berakhot 23a:39", 
                    "ref": "Berakhot 23a:39"
                }
            ], 
            "text": "This is an alternative explanation of \"Guard thy foot\" — \"foot\" being explained as in I Sam. xxiv. 4. "
        }, 
        {
            "segmentNumber": "6", 
            "he": "", 
            "links": [
                {
                    "category": "Talmud", 
                    "sourceHeRef": "ברכות כ״ג א:ל״ט", 
                    "sourceRef": "Berakhot 23a:39", 
                    "ref": "Berakhot 23a:39"
                }
            ], 
            "text": "M. : before Him. "
        }, 
        {
            "segmentNumber": "7", 
            "he": "", 
            "links": [
                {
                    "category": "Talmud", 
                    "sourceHeRef": "ברכות כ״ג א:מ״ב", 
                    "sourceRef": "Berakhot 23a:42", 
                    "ref": "Berakhot 23a:42"
                }
            ], 
            "text": "This means any spot which has already been used for such a purpose; whereas the \"occasional\" is one which is thus used for the first time. "
        }, 
        {
            "segmentNumber": "8", 
            "he": "", 
            "links": [
                {
                    "category": "Talmud", 
                    "sourceHeRef": "ברכות כ״ג א:ע׳", 
                    "sourceRef": "Berakhot 23a:70", 
                    "ref": "Berakhot 23a:70"
                }
            ], 
            "text": "This reading of M. (instead of \"son\" in edd.) is confirmed by fol. 24b, p. 161. "
        }, 
        {
            "segmentNumber": "9", 
            "he": "", 
            "links": [
                {
                    "category": "Talmud", 
                    "sourceHeRef": "ברכות כ״ג א:ע״א", 
                    "sourceRef": "Berakhot 23a:71", 
                    "ref": "Berakhot 23a:71"
                }
            ], 
            "text": "M. : like a Scroll of the Law. In ancient times, books were in scroll form. "
        }, 
        {
            "segmentNumber": "10", 
            "he": "", 
            "links": [
                {
                    "category": "Talmud", 
                    "sourceHeRef": "ברכות כ״ג א:ע״ו", 
                    "sourceRef": "Berakhot 23a:76", 
                    "ref": "Berakhot 23a:76"
                }
            ], 
            "text": "A bag of that size would prevent its contents from contracting defilement. "
        }, 
        {
            "segmentNumber": "11", 
            "he": "", 
            "links": [
                {
                    "category": "Talmud", 
                    "sourceHeRef": "ברכות כ״ג א:פ״ב", 
                    "sourceRef": "Berakhot 23a:82", 
                    "ref": "Berakhot 23a:82"
                }
            ], 
            "text": "Even less than a handbreadth in size. "
        }, 
        {
            "segmentNumber": "12", 
            "he": "", 
            "links": [
                {
                    "category": "Talmud", 
                    "sourceHeRef": "ברכות כ״ג א:פ״ד", 
                    "sourceRef": "Berakhot 23a:84", 
                    "ref": "Berakhot 23a:84"
                }
            ], 
            "text": "As his disciples. "
        }
    ], 
    "heRef": "הערות באנגלית של אברהם כהן על מסכת ברכות כ״ג א", 
    "toSections": [
        "23a"
    ], 
    "sectionRef": "Abraham Cohen Footnotes to the English Translation of Masechet Berakhot 23a", 
    "title": "Abraham Cohen Footnotes to the English Translation of Masechet Berakhot 23a", 
    "next": "Abraham Cohen Footnotes to the English Translation of Masechet Berakhot 23b", 
    "heBook": "הערות באנגלית של אברהם כהן על מסכת ברכות", 
    "book": "Abraham Cohen Footnotes to the English Translation of Masechet Berakhot", 
    "prev": "Abraham Cohen Footnotes to the English Translation of Masechet Berakhot 22b", 
    "textDepth": 2, 
    "sectionNames": [
        "Daf", 
        "Comment"
    ], 
    "sections": [
        "23a"
    ], 
    "isComplex": false, 
    "titleVariants": [
        "Abraham Cohen Footnotes to the English Translation of Masechet Berakhot"
    ], 
    "categories": [
        "Modern Works"
    ], 
    "ref": "Abraham Cohen Footnotes to the English Translation of Masechet Berakhot 23a", 
    "type": "Modern Works", 
    "addressTypes": [
        "Talmud", 
        "Integer"
    ], 
    "indexTitle": "Abraham Cohen Footnotes to the English Translation of Masechet Berakhot", 
    "heIndexTitle": "הערות באנגלית של אברהם כהן על מסכת ברכות", 
    "alts": [], 
    "order": ""
}