{
    "sections": {
        "Tosafot on Bava Batra 17a:51": {
            "content": [
                {
                    "segmentNumber": "1", 
                    "links": [
                        {
                            "category": "Talmud", 
                            "index_title": "Bava Batra", 
                            "sourceHeRef": "בבא בתרא י״ז א:נ״א", 
                            "sourceRef": "Bava Batra 17a:51"
                        }
                    ], 
                    "he": "סלעים. אבנים שאש יוצא מהן ולא סלעי נחושת דאין דרך להניחן אצל הכתלים והא דאמר בירושלמי אית תנא תני טומנין בסלעים ואית תני דאין טומנין כאן בסלעים של כסף כאן בסלעים של נחושת הוה מצי לשנויי כאן בסלעים של אבנים כאן בשל כסף אלא ניחא ליה לשנויי כולהו במתכת:"
                }, 
                {
                    "segmentNumber": "2", 
                    "links": [
                        {
                            "category": "Talmud", 
                            "index_title": "Bava Batra", 
                            "sourceHeRef": "בבא בתרא י״ז א:נ״א", 
                            "sourceRef": "Bava Batra 17a:51"
                        }
                    ], 
                    "he": "וסד בסיד. נראה לר\"י דבסיפא נמי גרס וסד בסיד ולא גרס או דאי גרסי' בסיפא או סד בסיד אם כן תפשוט דברישא וסד בסיד תנן מדלא קתני או סד ברישא כמו בסיפא אלא ודאי בסיפא נמי גרס וסד והא דפשיטא ליה בגמרא (לקמן דף יט.) דבסיפא הוי או סד בסיד היינו משום דאין ההיזק כל כך מרובה שלא יועיל לו סיד לחודיה:"
                }
            ], 
            "heTitle": "תוספות על בבא בתרא י״ז א:נ״א", 
            "indexTitle": "Tosafot on Bava Batra", 
            "sectionRef": "Tosafot on Bava Batra 17a:51", 
            "prev": "Tosafot on Bava Batra 17a:50", 
            "ref": "Tosafot on Bava Batra 17a:51", 
            "heRef": "תוספות על בבא בתרא י״ז א:נ״א", 
            "next": "Tosafot on Bava Batra 17a:54"
        }, 
        "Tosafot on Bava Batra 17a:50": {
            "content": [
                {
                    "segmentNumber": "1", 
                    "links": [
                        {
                            "category": "Talmud", 
                            "index_title": "Bava Batra", 
                            "sourceHeRef": "בבא בתרא י״ז א:נ׳", 
                            "sourceRef": "Bava Batra 17a:50"
                        }
                    ], 
                    "he": "מתני' לא יחפור. כל הני איירי דאית בהו מיא וטעמא משום מתונתא כדאמרינן בגמרא ותימה לר\"י והא אמרי' בגמ' כל מרא ומרא דקא מחית כו' ואומר ר\"י דלא קאמר אלא שמאותה שעה מתחיל ההיזק וכיון דבתחילת ההיזק הוו גירי דיליה מודה ר' יוסי ומיהו אי לאו משום מיא לא היה צריך הרחקה ג' טפחים:"
                }, 
                {
                    "segmentNumber": "2", 
                    "links": [
                        {
                            "category": "Talmud", 
                            "index_title": "Bava Batra", 
                            "sourceHeRef": "בבא בתרא י״ז א:נ׳", 
                            "sourceRef": "Bava Batra 17a:50"
                        }, 
                        {
                            "category": "Talmud", 
                            "index_title": "Bava Kamma", 
                            "sourceHeRef": "בבא קמא נ׳ ב", 
                            "sourceRef": "Bava Kamma 50b"
                        }
                    ], 
                    "he": "לא שיח ולא מערה. וה\"ה חריצין ונעיצין והני נקט אגב בור דבכל מקום רגיל לשנות שיח ומערה בהדי בור ואמת המים ונברכת הכובסין דאין רגיל לשנותן גבי בור מפרש בגמ' דצריכי תרוייהו ומיהו הא לא מפרש אמאי לא הוה שמעינן להו מבור דמצי למימר דבור ושיח דעמוקין טפי בעי הרחקת שלשה אבל הנך דלא עמיקי כולי האי הוה אמינא דלא בעי הרחקת שלשה ואי תנא הני הוה אמינא דבור ושיח דעמיקי טפי בעי הרחקה יותר מג' ובפרק הפרה (ב\"ק דף נ:) דתנן אחד החופר בור ושיח ומערות ומצריך להו לכולהו בגמרא התם ניחא דלא הוה ליה לתנא למינקטינהו אגב בור כיון דכתיב בור בקרא אלא הוה ליה למיתני בור לחודיה:"
                }
            ], 
            "heTitle": "תוספות על בבא בתרא י״ז א:נ׳", 
            "indexTitle": "Tosafot on Bava Batra", 
            "sectionRef": "Tosafot on Bava Batra 17a:50", 
            "prev": "Tosafot on Bava Batra 17a:27", 
            "ref": "Tosafot on Bava Batra 17a:50", 
            "heRef": "תוספות על בבא בתרא י״ז א:נ׳", 
            "next": "Tosafot on Bava Batra 17a:51"
        }, 
        "Tosafot on Bava Batra 17a:53": {
            "content": [], 
            "heTitle": "תוספות על בבא בתרא י״ז א:נ״ג", 
            "indexTitle": "Tosafot on Bava Batra", 
            "sectionRef": "Tosafot on Bava Batra 17a:53", 
            "prev": "Tosafot on Bava Batra 17a:51", 
            "ref": "Tosafot on Bava Batra 17a:53", 
            "heRef": "תוספות על בבא בתרא י״ז א:נ״ג", 
            "next": "Tosafot on Bava Batra 17a:54"
        }, 
        "Tosafot on Bava Batra 17a:52": {
            "content": [], 
            "heTitle": "תוספות על בבא בתרא י״ז א:נ״ב", 
            "indexTitle": "Tosafot on Bava Batra", 
            "sectionRef": "Tosafot on Bava Batra 17a:52", 
            "prev": "Tosafot on Bava Batra 17a:51", 
            "ref": "Tosafot on Bava Batra 17a:52", 
            "heRef": "תוספות על בבא בתרא י״ז א:נ״ב", 
            "next": "Tosafot on Bava Batra 17a:54"
        }, 
        "Tosafot on Bava Batra 17a:54": {
            "content": [
                {
                    "segmentNumber": "1", 
                    "links": [
                        {
                            "category": "Talmud", 
                            "index_title": "Bava Batra", 
                            "sourceHeRef": "בבא בתרא י״ז א:נ״ד", 
                            "sourceRef": "Bava Batra 17a:54"
                        }
                    ], 
                    "he": "כליא פירש ר\"ח בטן דתנור צר מלמטה ובאמצעיתו מרחיב ובולט ויוצא כשיעור טפח ומאמצעיתו מיצר ועולה:"
                }
            ], 
            "heTitle": "תוספות על בבא בתרא י״ז א:נ״ד", 
            "indexTitle": "Tosafot on Bava Batra", 
            "sectionRef": "Tosafot on Bava Batra 17a:54", 
            "prev": "Tosafot on Bava Batra 17a:51", 
            "ref": "Tosafot on Bava Batra 17a:54", 
            "heRef": "תוספות על בבא בתרא י״ז א:נ״ד", 
            "next": "Tosafot on Bava Batra 17b:1"
        }, 
        "Tosafot on Bava Batra 17a:32": {
            "content": [], 
            "heTitle": "תוספות על בבא בתרא י״ז א:ל״ב", 
            "indexTitle": "Tosafot on Bava Batra", 
            "sectionRef": "Tosafot on Bava Batra 17a:32", 
            "prev": "Tosafot on Bava Batra 17a:27", 
            "ref": "Tosafot on Bava Batra 17a:32", 
            "heRef": "תוספות על בבא בתרא י״ז א:ל״ב", 
            "next": "Tosafot on Bava Batra 17a:50"
        }, 
        "Tosafot on Bava Batra 17a:15": {
            "content": [], 
            "heTitle": "תוספות על בבא בתרא י״ז א:ט״ו", 
            "indexTitle": "Tosafot on Bava Batra", 
            "sectionRef": "Tosafot on Bava Batra 17a:15", 
            "prev": "Tosafot on Bava Batra 17a:6", 
            "ref": "Tosafot on Bava Batra 17a:15", 
            "heRef": "תוספות על בבא בתרא י״ז א:ט״ו", 
            "next": "Tosafot on Bava Batra 17a:27"
        }, 
        "Tosafot on Bava Batra 17a:14": {
            "content": [], 
            "heTitle": "תוספות על בבא בתרא י״ז א:י״ד", 
            "indexTitle": "Tosafot on Bava Batra", 
            "sectionRef": "Tosafot on Bava Batra 17a:14", 
            "prev": "Tosafot on Bava Batra 17a:6", 
            "ref": "Tosafot on Bava Batra 17a:14", 
            "heRef": "תוספות על בבא בתרא י״ז א:י״ד", 
            "next": "Tosafot on Bava Batra 17a:27"
        }, 
        "Tosafot on Bava Batra 17a:17": {
            "content": [], 
            "heTitle": "תוספות על בבא בתרא י״ז א:י״ז", 
            "indexTitle": "Tosafot on Bava Batra", 
            "sectionRef": "Tosafot on Bava Batra 17a:17", 
            "prev": "Tosafot on Bava Batra 17a:6", 
            "ref": "Tosafot on Bava Batra 17a:17", 
            "heRef": "תוספות על בבא בתרא י״ז א:י״ז", 
            "next": "Tosafot on Bava Batra 17a:27"
        }, 
        "Tosafot on Bava Batra 17a:16": {
            "content": [], 
            "heTitle": "תוספות על בבא בתרא י״ז א:ט״ז", 
            "indexTitle": "Tosafot on Bava Batra", 
            "sectionRef": "Tosafot on Bava Batra 17a:16", 
            "prev": "Tosafot on Bava Batra 17a:6", 
            "ref": "Tosafot on Bava Batra 17a:16", 
            "heRef": "תוספות על בבא בתרא י״ז א:ט״ז", 
            "next": "Tosafot on Bava Batra 17a:27"
        }, 
        "Tosafot on Bava Batra 17a:11": {
            "content": [], 
            "heTitle": "תוספות על בבא בתרא י״ז א:י״א", 
            "indexTitle": "Tosafot on Bava Batra", 
            "sectionRef": "Tosafot on Bava Batra 17a:11", 
            "prev": "Tosafot on Bava Batra 17a:6", 
            "ref": "Tosafot on Bava Batra 17a:11", 
            "heRef": "תוספות על בבא בתרא י״ז א:י״א", 
            "next": "Tosafot on Bava Batra 17a:27"
        }, 
        "Tosafot on Bava Batra 17a:10": {
            "content": [], 
            "heTitle": "תוספות על בבא בתרא י״ז א:י׳", 
            "indexTitle": "Tosafot on Bava Batra", 
            "sectionRef": "Tosafot on Bava Batra 17a:10", 
            "prev": "Tosafot on Bava Batra 17a:6", 
            "ref": "Tosafot on Bava Batra 17a:10", 
            "heRef": "תוספות על בבא בתרא י״ז א:י׳", 
            "next": "Tosafot on Bava Batra 17a:27"
        }, 
        "Tosafot on Bava Batra 17a:13": {
            "content": [], 
            "heTitle": "תוספות על בבא בתרא י״ז א:י״ג", 
            "indexTitle": "Tosafot on Bava Batra", 
            "sectionRef": "Tosafot on Bava Batra 17a:13", 
            "prev": "Tosafot on Bava Batra 17a:6", 
            "ref": "Tosafot on Bava Batra 17a:13", 
            "heRef": "תוספות על בבא בתרא י״ז א:י״ג", 
            "next": "Tosafot on Bava Batra 17a:27"
        }, 
        "Tosafot on Bava Batra 17a:12": {
            "content": [], 
            "heTitle": "תוספות על בבא בתרא י״ז א:י״ב", 
            "indexTitle": "Tosafot on Bava Batra", 
            "sectionRef": "Tosafot on Bava Batra 17a:12", 
            "prev": "Tosafot on Bava Batra 17a:6", 
            "ref": "Tosafot on Bava Batra 17a:12", 
            "heRef": "תוספות על בבא בתרא י״ז א:י״ב", 
            "next": "Tosafot on Bava Batra 17a:27"
        }, 
        "Tosafot on Bava Batra 17a:37": {
            "content": [], 
            "heTitle": "תוספות על בבא בתרא י״ז א:ל״ז", 
            "indexTitle": "Tosafot on Bava Batra", 
            "sectionRef": "Tosafot on Bava Batra 17a:37", 
            "prev": "Tosafot on Bava Batra 17a:27", 
            "ref": "Tosafot on Bava Batra 17a:37", 
            "heRef": "תוספות על בבא בתרא י״ז א:ל״ז", 
            "next": "Tosafot on Bava Batra 17a:50"
        }, 
        "Tosafot on Bava Batra 17a:36": {
            "content": [], 
            "heTitle": "תוספות על בבא בתרא י״ז א:ל״ו", 
            "indexTitle": "Tosafot on Bava Batra", 
            "sectionRef": "Tosafot on Bava Batra 17a:36", 
            "prev": "Tosafot on Bava Batra 17a:27", 
            "ref": "Tosafot on Bava Batra 17a:36", 
            "heRef": "תוספות על בבא בתרא י״ז א:ל״ו", 
            "next": "Tosafot on Bava Batra 17a:50"
        }, 
        "Tosafot on Bava Batra 17a:35": {
            "content": [], 
            "heTitle": "תוספות על בבא בתרא י״ז א:ל״ה", 
            "indexTitle": "Tosafot on Bava Batra", 
            "sectionRef": "Tosafot on Bava Batra 17a:35", 
            "prev": "Tosafot on Bava Batra 17a:27", 
            "ref": "Tosafot on Bava Batra 17a:35", 
            "heRef": "תוספות על בבא בתרא י״ז א:ל״ה", 
            "next": "Tosafot on Bava Batra 17a:50"
        }, 
        "Tosafot on Bava Batra 17a:34": {
            "content": [], 
            "heTitle": "תוספות על בבא בתרא י״ז א:ל״ד", 
            "indexTitle": "Tosafot on Bava Batra", 
            "sectionRef": "Tosafot on Bava Batra 17a:34", 
            "prev": "Tosafot on Bava Batra 17a:27", 
            "ref": "Tosafot on Bava Batra 17a:34", 
            "heRef": "תוספות על בבא בתרא י״ז א:ל״ד", 
            "next": "Tosafot on Bava Batra 17a:50"
        }, 
        "Tosafot on Bava Batra 17a:19": {
            "content": [], 
            "heTitle": "תוספות על בבא בתרא י״ז א:י״ט", 
            "indexTitle": "Tosafot on Bava Batra", 
            "sectionRef": "Tosafot on Bava Batra 17a:19", 
            "prev": "Tosafot on Bava Batra 17a:6", 
            "ref": "Tosafot on Bava Batra 17a:19", 
            "heRef": "תוספות על בבא בתרא י״ז א:י״ט", 
            "next": "Tosafot on Bava Batra 17a:27"
        }, 
        "Tosafot on Bava Batra 17a:18": {
            "content": [], 
            "heTitle": "תוספות על בבא בתרא י״ז א:י״ח", 
            "indexTitle": "Tosafot on Bava Batra", 
            "sectionRef": "Tosafot on Bava Batra 17a:18", 
            "prev": "Tosafot on Bava Batra 17a:6", 
            "ref": "Tosafot on Bava Batra 17a:18", 
            "heRef": "תוספות על בבא בתרא י״ז א:י״ח", 
            "next": "Tosafot on Bava Batra 17a:27"
        }, 
        "Tosafot on Bava Batra 17a:31": {
            "content": [], 
            "heTitle": "תוספות על בבא בתרא י״ז א:ל״א", 
            "indexTitle": "Tosafot on Bava Batra", 
            "sectionRef": "Tosafot on Bava Batra 17a:31", 
            "prev": "Tosafot on Bava Batra 17a:27", 
            "ref": "Tosafot on Bava Batra 17a:31", 
            "heRef": "תוספות על בבא בתרא י״ז א:ל״א", 
            "next": "Tosafot on Bava Batra 17a:50"
        }, 
        "Tosafot on Bava Batra 17a:30": {
            "content": [], 
            "heTitle": "תוספות על בבא בתרא י״ז א:ל׳", 
            "indexTitle": "Tosafot on Bava Batra", 
            "sectionRef": "Tosafot on Bava Batra 17a:30", 
            "prev": "Tosafot on Bava Batra 17a:27", 
            "ref": "Tosafot on Bava Batra 17a:30", 
            "heRef": "תוספות על בבא בתרא י״ז א:ל׳", 
            "next": "Tosafot on Bava Batra 17a:50"
        }, 
        "Tosafot on Bava Batra 17a:45": {
            "content": [], 
            "heTitle": "תוספות על בבא בתרא י״ז א:מ״ה", 
            "indexTitle": "Tosafot on Bava Batra", 
            "sectionRef": "Tosafot on Bava Batra 17a:45", 
            "prev": "Tosafot on Bava Batra 17a:27", 
            "ref": "Tosafot on Bava Batra 17a:45", 
            "heRef": "תוספות על בבא בתרא י״ז א:מ״ה", 
            "next": "Tosafot on Bava Batra 17a:50"
        }, 
        "Tosafot on Bava Batra 17a:39": {
            "content": [], 
            "heTitle": "תוספות על בבא בתרא י״ז א:ל״ט", 
            "indexTitle": "Tosafot on Bava Batra", 
            "sectionRef": "Tosafot on Bava Batra 17a:39", 
            "prev": "Tosafot on Bava Batra 17a:27", 
            "ref": "Tosafot on Bava Batra 17a:39", 
            "heRef": "תוספות על בבא בתרא י״ז א:ל״ט", 
            "next": "Tosafot on Bava Batra 17a:50"
        }, 
        "Tosafot on Bava Batra 17a:48": {
            "content": [], 
            "heTitle": "תוספות על בבא בתרא י״ז א:מ״ח", 
            "indexTitle": "Tosafot on Bava Batra", 
            "sectionRef": "Tosafot on Bava Batra 17a:48", 
            "prev": "Tosafot on Bava Batra 17a:27", 
            "ref": "Tosafot on Bava Batra 17a:48", 
            "heRef": "תוספות על בבא בתרא י״ז א:מ״ח", 
            "next": "Tosafot on Bava Batra 17a:50"
        }, 
        "Tosafot on Bava Batra 17a:49": {
            "content": [], 
            "heTitle": "תוספות על בבא בתרא י״ז א:מ״ט", 
            "indexTitle": "Tosafot on Bava Batra", 
            "sectionRef": "Tosafot on Bava Batra 17a:49", 
            "prev": "Tosafot on Bava Batra 17a:27", 
            "ref": "Tosafot on Bava Batra 17a:49", 
            "heRef": "תוספות על בבא בתרא י״ז א:מ״ט", 
            "next": "Tosafot on Bava Batra 17a:50"
        }, 
        "Tosafot on Bava Batra 17a:46": {
            "content": [], 
            "heTitle": "תוספות על בבא בתרא י״ז א:מ״ו", 
            "indexTitle": "Tosafot on Bava Batra", 
            "sectionRef": "Tosafot on Bava Batra 17a:46", 
            "prev": "Tosafot on Bava Batra 17a:27", 
            "ref": "Tosafot on Bava Batra 17a:46", 
            "heRef": "תוספות על בבא בתרא י״ז א:מ״ו", 
            "next": "Tosafot on Bava Batra 17a:50"
        }, 
        "Tosafot on Bava Batra 17a:47": {
            "content": [], 
            "heTitle": "תוספות על בבא בתרא י״ז א:מ״ז", 
            "indexTitle": "Tosafot on Bava Batra", 
            "sectionRef": "Tosafot on Bava Batra 17a:47", 
            "prev": "Tosafot on Bava Batra 17a:27", 
            "ref": "Tosafot on Bava Batra 17a:47", 
            "heRef": "תוספות על בבא בתרא י״ז א:מ״ז", 
            "next": "Tosafot on Bava Batra 17a:50"
        }, 
        "Tosafot on Bava Batra 17a:44": {
            "content": [], 
            "heTitle": "תוספות על בבא בתרא י״ז א:מ״ד", 
            "indexTitle": "Tosafot on Bava Batra", 
            "sectionRef": "Tosafot on Bava Batra 17a:44", 
            "prev": "Tosafot on Bava Batra 17a:27", 
            "ref": "Tosafot on Bava Batra 17a:44", 
            "heRef": "תוספות על בבא בתרא י״ז א:מ״ד", 
            "next": "Tosafot on Bava Batra 17a:50"
        }, 
        "Tosafot on Bava Batra 17a:38": {
            "content": [], 
            "heTitle": "תוספות על בבא בתרא י״ז א:ל״ח", 
            "indexTitle": "Tosafot on Bava Batra", 
            "sectionRef": "Tosafot on Bava Batra 17a:38", 
            "prev": "Tosafot on Bava Batra 17a:27", 
            "ref": "Tosafot on Bava Batra 17a:38", 
            "heRef": "תוספות על בבא בתרא י״ז א:ל״ח", 
            "next": "Tosafot on Bava Batra 17a:50"
        }, 
        "Tosafot on Bava Batra 17a:42": {
            "content": [], 
            "heTitle": "תוספות על בבא בתרא י״ז א:מ״ב", 
            "indexTitle": "Tosafot on Bava Batra", 
            "sectionRef": "Tosafot on Bava Batra 17a:42", 
            "prev": "Tosafot on Bava Batra 17a:27", 
            "ref": "Tosafot on Bava Batra 17a:42", 
            "heRef": "תוספות על בבא בתרא י״ז א:מ״ב", 
            "next": "Tosafot on Bava Batra 17a:50"
        }, 
        "Tosafot on Bava Batra 17a:43": {
            "content": [], 
            "heTitle": "תוספות על בבא בתרא י״ז א:מ״ג", 
            "indexTitle": "Tosafot on Bava Batra", 
            "sectionRef": "Tosafot on Bava Batra 17a:43", 
            "prev": "Tosafot on Bava Batra 17a:27", 
            "ref": "Tosafot on Bava Batra 17a:43", 
            "heRef": "תוספות על בבא בתרא י״ז א:מ״ג", 
            "next": "Tosafot on Bava Batra 17a:50"
        }, 
        "Tosafot on Bava Batra 17a:40": {
            "content": [], 
            "heTitle": "תוספות על בבא בתרא י״ז א:מ׳", 
            "indexTitle": "Tosafot on Bava Batra", 
            "sectionRef": "Tosafot on Bava Batra 17a:40", 
            "prev": "Tosafot on Bava Batra 17a:27", 
            "ref": "Tosafot on Bava Batra 17a:40", 
            "heRef": "תוספות על בבא בתרא י״ז א:מ׳", 
            "next": "Tosafot on Bava Batra 17a:50"
        }, 
        "Tosafot on Bava Batra 17a:41": {
            "content": [], 
            "heTitle": "תוספות על בבא בתרא י״ז א:מ״א", 
            "indexTitle": "Tosafot on Bava Batra", 
            "sectionRef": "Tosafot on Bava Batra 17a:41", 
            "prev": "Tosafot on Bava Batra 17a:27", 
            "ref": "Tosafot on Bava Batra 17a:41", 
            "heRef": "תוספות על בבא בתרא י״ז א:מ״א", 
            "next": "Tosafot on Bava Batra 17a:50"
        }, 
        "Tosafot on Bava Batra 17a:9": {
            "content": [], 
            "heTitle": "תוספות על בבא בתרא י״ז א:ט׳", 
            "indexTitle": "Tosafot on Bava Batra", 
            "sectionRef": "Tosafot on Bava Batra 17a:9", 
            "prev": "Tosafot on Bava Batra 17a:6", 
            "ref": "Tosafot on Bava Batra 17a:9", 
            "heRef": "תוספות על בבא בתרא י״ז א:ט׳", 
            "next": "Tosafot on Bava Batra 17a:27"
        }, 
        "Tosafot on Bava Batra 17a:8": {
            "content": [], 
            "heTitle": "תוספות על בבא בתרא י״ז א:ח׳", 
            "indexTitle": "Tosafot on Bava Batra", 
            "sectionRef": "Tosafot on Bava Batra 17a:8", 
            "prev": "Tosafot on Bava Batra 17a:6", 
            "ref": "Tosafot on Bava Batra 17a:8", 
            "heRef": "תוספות על בבא בתרא י״ז א:ח׳", 
            "next": "Tosafot on Bava Batra 17a:27"
        }, 
        "Tosafot on Bava Batra 17a:1": {
            "content": [], 
            "heTitle": "תוספות על בבא בתרא י״ז א:א׳", 
            "indexTitle": "Tosafot on Bava Batra", 
            "sectionRef": "Tosafot on Bava Batra 17a:1", 
            "prev": "Tosafot on Bava Batra 16b:121", 
            "ref": "Tosafot on Bava Batra 17a:1", 
            "heRef": "תוספות על בבא בתרא י״ז א:א׳", 
            "next": "Tosafot on Bava Batra 17a:6"
        }, 
        "Tosafot on Bava Batra 17a:33": {
            "content": [], 
            "heTitle": "תוספות על בבא בתרא י״ז א:ל״ג", 
            "indexTitle": "Tosafot on Bava Batra", 
            "sectionRef": "Tosafot on Bava Batra 17a:33", 
            "prev": "Tosafot on Bava Batra 17a:27", 
            "ref": "Tosafot on Bava Batra 17a:33", 
            "heRef": "תוספות על בבא בתרא י״ז א:ל״ג", 
            "next": "Tosafot on Bava Batra 17a:50"
        }, 
        "Tosafot on Bava Batra 17a:3": {
            "content": [], 
            "heTitle": "תוספות על בבא בתרא י״ז א:ג׳", 
            "indexTitle": "Tosafot on Bava Batra", 
            "sectionRef": "Tosafot on Bava Batra 17a:3", 
            "prev": "Tosafot on Bava Batra 16b:121", 
            "ref": "Tosafot on Bava Batra 17a:3", 
            "heRef": "תוספות על בבא בתרא י״ז א:ג׳", 
            "next": "Tosafot on Bava Batra 17a:6"
        }, 
        "Tosafot on Bava Batra 17a:2": {
            "content": [], 
            "heTitle": "תוספות על בבא בתרא י״ז א:ב׳", 
            "indexTitle": "Tosafot on Bava Batra", 
            "sectionRef": "Tosafot on Bava Batra 17a:2", 
            "prev": "Tosafot on Bava Batra 16b:121", 
            "ref": "Tosafot on Bava Batra 17a:2", 
            "heRef": "תוספות על בבא בתרא י״ז א:ב׳", 
            "next": "Tosafot on Bava Batra 17a:6"
        }, 
        "Tosafot on Bava Batra 17a:5": {
            "content": [], 
            "heTitle": "תוספות על בבא בתרא י״ז א:ה׳", 
            "indexTitle": "Tosafot on Bava Batra", 
            "sectionRef": "Tosafot on Bava Batra 17a:5", 
            "prev": "Tosafot on Bava Batra 16b:121", 
            "ref": "Tosafot on Bava Batra 17a:5", 
            "heRef": "תוספות על בבא בתרא י״ז א:ה׳", 
            "next": "Tosafot on Bava Batra 17a:6"
        }, 
        "Tosafot on Bava Batra 17a:4": {
            "content": [], 
            "heTitle": "תוספות על בבא בתרא י״ז א:ד׳", 
            "indexTitle": "Tosafot on Bava Batra", 
            "sectionRef": "Tosafot on Bava Batra 17a:4", 
            "prev": "Tosafot on Bava Batra 16b:121", 
            "ref": "Tosafot on Bava Batra 17a:4", 
            "heRef": "תוספות על בבא בתרא י״ז א:ד׳", 
            "next": "Tosafot on Bava Batra 17a:6"
        }, 
        "Tosafot on Bava Batra 17a:7": {
            "content": [], 
            "heTitle": "תוספות על בבא בתרא י״ז א:ז׳", 
            "indexTitle": "Tosafot on Bava Batra", 
            "sectionRef": "Tosafot on Bava Batra 17a:7", 
            "prev": "Tosafot on Bava Batra 17a:6", 
            "ref": "Tosafot on Bava Batra 17a:7", 
            "heRef": "תוספות על בבא בתרא י״ז א:ז׳", 
            "next": "Tosafot on Bava Batra 17a:27"
        }, 
        "Tosafot on Bava Batra 17a:6": {
            "content": [
                {
                    "segmentNumber": "1", 
                    "links": [
                        {
                            "category": "Talmud", 
                            "index_title": "Bava Batra", 
                            "sourceHeRef": "בבא בתרא י״ז א:ו׳", 
                            "sourceRef": "Bava Batra 17a:6"
                        }, 
                        {
                            "category": "Talmud", 
                            "index_title": "Yoma", 
                            "sourceHeRef": "יומא ל״ח ב", 
                            "sourceRef": "Yoma 38b"
                        }
                    ], 
                    "he": "שלשה לא שלט בהן יצר הרע. אין לפרש שלא שלט כלל דא\"כ היכי קבלו עליה אגרא אלא כדאמר (יומא דף לח:) מאי דכתיב רגלי חסידיו ישמור כיון שעבר אדם רוב שנותיו ולא חטא שוב אינו חוטא ה\"נ כיון שראה הקב\"ה שהיו דוחקין עצמן כל כך להתרחק מן העבירה סייעם הקדוש ברוך הוא מכאן ואילך שלא שלט בהן יצר הרע:"
                }
            ], 
            "heTitle": "תוספות על בבא בתרא י״ז א:ו׳", 
            "indexTitle": "Tosafot on Bava Batra", 
            "sectionRef": "Tosafot on Bava Batra 17a:6", 
            "prev": "Tosafot on Bava Batra 16b:121", 
            "ref": "Tosafot on Bava Batra 17a:6", 
            "heRef": "תוספות על בבא בתרא י״ז א:ו׳", 
            "next": "Tosafot on Bava Batra 17a:27"
        }, 
        "Tosafot on Bava Batra 17a:28": {
            "content": [], 
            "heTitle": "תוספות על בבא בתרא י״ז א:כ״ח", 
            "indexTitle": "Tosafot on Bava Batra", 
            "sectionRef": "Tosafot on Bava Batra 17a:28", 
            "prev": "Tosafot on Bava Batra 17a:27", 
            "ref": "Tosafot on Bava Batra 17a:28", 
            "heRef": "תוספות על בבא בתרא י״ז א:כ״ח", 
            "next": "Tosafot on Bava Batra 17a:50"
        }, 
        "Tosafot on Bava Batra 17a:29": {
            "content": [], 
            "heTitle": "תוספות על בבא בתרא י״ז א:כ״ט", 
            "indexTitle": "Tosafot on Bava Batra", 
            "sectionRef": "Tosafot on Bava Batra 17a:29", 
            "prev": "Tosafot on Bava Batra 17a:27", 
            "ref": "Tosafot on Bava Batra 17a:29", 
            "heRef": "תוספות על בבא בתרא י״ז א:כ״ט", 
            "next": "Tosafot on Bava Batra 17a:50"
        }, 
        "Tosafot on Bava Batra 17a:24": {
            "content": [], 
            "heTitle": "תוספות על בבא בתרא י״ז א:כ״ד", 
            "indexTitle": "Tosafot on Bava Batra", 
            "sectionRef": "Tosafot on Bava Batra 17a:24", 
            "prev": "Tosafot on Bava Batra 17a:6", 
            "ref": "Tosafot on Bava Batra 17a:24", 
            "heRef": "תוספות על בבא בתרא י״ז א:כ״ד", 
            "next": "Tosafot on Bava Batra 17a:27"
        }, 
        "Tosafot on Bava Batra 17a:25": {
            "content": [], 
            "heTitle": "תוספות על בבא בתרא י״ז א:כ״ה", 
            "indexTitle": "Tosafot on Bava Batra", 
            "sectionRef": "Tosafot on Bava Batra 17a:25", 
            "prev": "Tosafot on Bava Batra 17a:6", 
            "ref": "Tosafot on Bava Batra 17a:25", 
            "heRef": "תוספות על בבא בתרא י״ז א:כ״ה", 
            "next": "Tosafot on Bava Batra 17a:27"
        }, 
        "Tosafot on Bava Batra 17a:26": {
            "content": [], 
            "heTitle": "תוספות על בבא בתרא י״ז א:כ״ו", 
            "indexTitle": "Tosafot on Bava Batra", 
            "sectionRef": "Tosafot on Bava Batra 17a:26", 
            "prev": "Tosafot on Bava Batra 17a:6", 
            "ref": "Tosafot on Bava Batra 17a:26", 
            "heRef": "תוספות על בבא בתרא י״ז א:כ״ו", 
            "next": "Tosafot on Bava Batra 17a:27"
        }, 
        "Tosafot on Bava Batra 17a:27": {
            "content": [
                {
                    "segmentNumber": "1", 
                    "links": [
                        {
                            "category": "Talmud", 
                            "index_title": "Bava Batra", 
                            "sourceHeRef": "בבא בתרא י״ז א:כ״ז", 
                            "sourceRef": "Bava Batra 17a:27"
                        }, 
                        {
                            "category": "Talmud", 
                            "index_title": "Bava Metzia", 
                            "sourceHeRef": "בבא מציעא פ״ד ב", 
                            "sourceRef": "Bava Metzia 84b"
                        }
                    ], 
                    "he": "שבעה שלא שלטה בהן רמה. תימה לרשב\"א דכולהו צדיקי נמי דאמר בשבת בפ' שואל (דף קנב:) ורקב עצמות קנאה מי שיש לו קנאה בלבו עצמותיו נרקבין ושאין קנאה בלבו אין עצמותיו מרקיבין וי\"ל דיכול להיות שלא ירקב וישלוט בו רמה כדאמר במעשה דרבי אלעזר בן שמעון בהשוכר את הפועלים (ב\"מ דף פד:) דנפיק ריחשא מאודניה:"
                }
            ], 
            "heTitle": "תוספות על בבא בתרא י״ז א:כ״ז", 
            "indexTitle": "Tosafot on Bava Batra", 
            "sectionRef": "Tosafot on Bava Batra 17a:27", 
            "prev": "Tosafot on Bava Batra 17a:6", 
            "ref": "Tosafot on Bava Batra 17a:27", 
            "heRef": "תוספות על בבא בתרא י״ז א:כ״ז", 
            "next": "Tosafot on Bava Batra 17a:50"
        }, 
        "Tosafot on Bava Batra 17a:20": {
            "content": [], 
            "heTitle": "תוספות על בבא בתרא י״ז א:כ׳", 
            "indexTitle": "Tosafot on Bava Batra", 
            "sectionRef": "Tosafot on Bava Batra 17a:20", 
            "prev": "Tosafot on Bava Batra 17a:6", 
            "ref": "Tosafot on Bava Batra 17a:20", 
            "heRef": "תוספות על בבא בתרא י״ז א:כ׳", 
            "next": "Tosafot on Bava Batra 17a:27"
        }, 
        "Tosafot on Bava Batra 17a:21": {
            "content": [], 
            "heTitle": "תוספות על בבא בתרא י״ז א:כ״א", 
            "indexTitle": "Tosafot on Bava Batra", 
            "sectionRef": "Tosafot on Bava Batra 17a:21", 
            "prev": "Tosafot on Bava Batra 17a:6", 
            "ref": "Tosafot on Bava Batra 17a:21", 
            "heRef": "תוספות על בבא בתרא י״ז א:כ״א", 
            "next": "Tosafot on Bava Batra 17a:27"
        }, 
        "Tosafot on Bava Batra 17a:22": {
            "content": [], 
            "heTitle": "תוספות על בבא בתרא י״ז א:כ״ב", 
            "indexTitle": "Tosafot on Bava Batra", 
            "sectionRef": "Tosafot on Bava Batra 17a:22", 
            "prev": "Tosafot on Bava Batra 17a:6", 
            "ref": "Tosafot on Bava Batra 17a:22", 
            "heRef": "תוספות על בבא בתרא י״ז א:כ״ב", 
            "next": "Tosafot on Bava Batra 17a:27"
        }, 
        "Tosafot on Bava Batra 17a:23": {
            "content": [], 
            "heTitle": "תוספות על בבא בתרא י״ז א:כ״ג", 
            "indexTitle": "Tosafot on Bava Batra", 
            "sectionRef": "Tosafot on Bava Batra 17a:23", 
            "prev": "Tosafot on Bava Batra 17a:6", 
            "ref": "Tosafot on Bava Batra 17a:23", 
            "heRef": "תוספות על בבא בתרא י״ז א:כ״ג", 
            "next": "Tosafot on Bava Batra 17a:27"
        }
    }, 
    "ref": "Tosafot on Bava Batra 17a"
}