{
    "sections": {
        "Tosafot on Bava Batra 123a:34": {
            "content": [], 
            "heTitle": "תוספות על בבא בתרא קכ״ג א:ל״ד", 
            "indexTitle": "Tosafot on Bava Batra", 
            "sectionRef": "Tosafot on Bava Batra 123a:34", 
            "prev": "Tosafot on Bava Batra 122b:36", 
            "ref": "Tosafot on Bava Batra 123a:34", 
            "heRef": "תוספות על בבא בתרא קכ״ג א:ל״ד", 
            "next": "Tosafot on Bava Batra 123a:90"
        }, 
        "Tosafot on Bava Batra 123a:35": {
            "content": [], 
            "heTitle": "תוספות על בבא בתרא קכ״ג א:ל״ה", 
            "indexTitle": "Tosafot on Bava Batra", 
            "sectionRef": "Tosafot on Bava Batra 123a:35", 
            "prev": "Tosafot on Bava Batra 122b:36", 
            "ref": "Tosafot on Bava Batra 123a:35", 
            "heRef": "תוספות על בבא בתרא קכ״ג א:ל״ה", 
            "next": "Tosafot on Bava Batra 123a:90"
        }, 
        "Tosafot on Bava Batra 123a:36": {
            "content": [], 
            "heTitle": "תוספות על בבא בתרא קכ״ג א:ל״ו", 
            "indexTitle": "Tosafot on Bava Batra", 
            "sectionRef": "Tosafot on Bava Batra 123a:36", 
            "prev": "Tosafot on Bava Batra 122b:36", 
            "ref": "Tosafot on Bava Batra 123a:36", 
            "heRef": "תוספות על בבא בתרא קכ״ג א:ל״ו", 
            "next": "Tosafot on Bava Batra 123a:90"
        }, 
        "Tosafot on Bava Batra 123a:37": {
            "content": [], 
            "heTitle": "תוספות על בבא בתרא קכ״ג א:ל״ז", 
            "indexTitle": "Tosafot on Bava Batra", 
            "sectionRef": "Tosafot on Bava Batra 123a:37", 
            "prev": "Tosafot on Bava Batra 122b:36", 
            "ref": "Tosafot on Bava Batra 123a:37", 
            "heRef": "תוספות על בבא בתרא קכ״ג א:ל״ז", 
            "next": "Tosafot on Bava Batra 123a:90"
        }, 
        "Tosafot on Bava Batra 123a:30": {
            "content": [], 
            "heTitle": "תוספות על בבא בתרא קכ״ג א:ל׳", 
            "indexTitle": "Tosafot on Bava Batra", 
            "sectionRef": "Tosafot on Bava Batra 123a:30", 
            "prev": "Tosafot on Bava Batra 122b:36", 
            "ref": "Tosafot on Bava Batra 123a:30", 
            "heRef": "תוספות על בבא בתרא קכ״ג א:ל׳", 
            "next": "Tosafot on Bava Batra 123a:90"
        }, 
        "Tosafot on Bava Batra 123a:31": {
            "content": [], 
            "heTitle": "תוספות על בבא בתרא קכ״ג א:ל״א", 
            "indexTitle": "Tosafot on Bava Batra", 
            "sectionRef": "Tosafot on Bava Batra 123a:31", 
            "prev": "Tosafot on Bava Batra 122b:36", 
            "ref": "Tosafot on Bava Batra 123a:31", 
            "heRef": "תוספות על בבא בתרא קכ״ג א:ל״א", 
            "next": "Tosafot on Bava Batra 123a:90"
        }, 
        "Tosafot on Bava Batra 123a:32": {
            "content": [], 
            "heTitle": "תוספות על בבא בתרא קכ״ג א:ל״ב", 
            "indexTitle": "Tosafot on Bava Batra", 
            "sectionRef": "Tosafot on Bava Batra 123a:32", 
            "prev": "Tosafot on Bava Batra 122b:36", 
            "ref": "Tosafot on Bava Batra 123a:32", 
            "heRef": "תוספות על בבא בתרא קכ״ג א:ל״ב", 
            "next": "Tosafot on Bava Batra 123a:90"
        }, 
        "Tosafot on Bava Batra 123a:33": {
            "content": [], 
            "heTitle": "תוספות על בבא בתרא קכ״ג א:ל״ג", 
            "indexTitle": "Tosafot on Bava Batra", 
            "sectionRef": "Tosafot on Bava Batra 123a:33", 
            "prev": "Tosafot on Bava Batra 122b:36", 
            "ref": "Tosafot on Bava Batra 123a:33", 
            "heRef": "תוספות על בבא בתרא קכ״ג א:ל״ג", 
            "next": "Tosafot on Bava Batra 123a:90"
        }, 
        "Tosafot on Bava Batra 123a:38": {
            "content": [], 
            "heTitle": "תוספות על בבא בתרא קכ״ג א:ל״ח", 
            "indexTitle": "Tosafot on Bava Batra", 
            "sectionRef": "Tosafot on Bava Batra 123a:38", 
            "prev": "Tosafot on Bava Batra 122b:36", 
            "ref": "Tosafot on Bava Batra 123a:38", 
            "heRef": "תוספות על בבא בתרא קכ״ג א:ל״ח", 
            "next": "Tosafot on Bava Batra 123a:90"
        }, 
        "Tosafot on Bava Batra 123a:39": {
            "content": [], 
            "heTitle": "תוספות על בבא בתרא קכ״ג א:ל״ט", 
            "indexTitle": "Tosafot on Bava Batra", 
            "sectionRef": "Tosafot on Bava Batra 123a:39", 
            "prev": "Tosafot on Bava Batra 122b:36", 
            "ref": "Tosafot on Bava Batra 123a:39", 
            "heRef": "תוספות על בבא בתרא קכ״ג א:ל״ט", 
            "next": "Tosafot on Bava Batra 123a:90"
        }, 
        "Tosafot on Bava Batra 123a:41": {
            "content": [], 
            "heTitle": "תוספות על בבא בתרא קכ״ג א:מ״א", 
            "indexTitle": "Tosafot on Bava Batra", 
            "sectionRef": "Tosafot on Bava Batra 123a:41", 
            "prev": "Tosafot on Bava Batra 122b:36", 
            "ref": "Tosafot on Bava Batra 123a:41", 
            "heRef": "תוספות על בבא בתרא קכ״ג א:מ״א", 
            "next": "Tosafot on Bava Batra 123a:90"
        }, 
        "Tosafot on Bava Batra 123a:40": {
            "content": [], 
            "heTitle": "תוספות על בבא בתרא קכ״ג א:מ׳", 
            "indexTitle": "Tosafot on Bava Batra", 
            "sectionRef": "Tosafot on Bava Batra 123a:40", 
            "prev": "Tosafot on Bava Batra 122b:36", 
            "ref": "Tosafot on Bava Batra 123a:40", 
            "heRef": "תוספות על בבא בתרא קכ״ג א:מ׳", 
            "next": "Tosafot on Bava Batra 123a:90"
        }, 
        "Tosafot on Bava Batra 123a:43": {
            "content": [], 
            "heTitle": "תוספות על בבא בתרא קכ״ג א:מ״ג", 
            "indexTitle": "Tosafot on Bava Batra", 
            "sectionRef": "Tosafot on Bava Batra 123a:43", 
            "prev": "Tosafot on Bava Batra 122b:36", 
            "ref": "Tosafot on Bava Batra 123a:43", 
            "heRef": "תוספות על בבא בתרא קכ״ג א:מ״ג", 
            "next": "Tosafot on Bava Batra 123a:90"
        }, 
        "Tosafot on Bava Batra 123a:42": {
            "content": [], 
            "heTitle": "תוספות על בבא בתרא קכ״ג א:מ״ב", 
            "indexTitle": "Tosafot on Bava Batra", 
            "sectionRef": "Tosafot on Bava Batra 123a:42", 
            "prev": "Tosafot on Bava Batra 122b:36", 
            "ref": "Tosafot on Bava Batra 123a:42", 
            "heRef": "תוספות על בבא בתרא קכ״ג א:מ״ב", 
            "next": "Tosafot on Bava Batra 123a:90"
        }, 
        "Tosafot on Bava Batra 123a:45": {
            "content": [], 
            "heTitle": "תוספות על בבא בתרא קכ״ג א:מ״ה", 
            "indexTitle": "Tosafot on Bava Batra", 
            "sectionRef": "Tosafot on Bava Batra 123a:45", 
            "prev": "Tosafot on Bava Batra 122b:36", 
            "ref": "Tosafot on Bava Batra 123a:45", 
            "heRef": "תוספות על בבא בתרא קכ״ג א:מ״ה", 
            "next": "Tosafot on Bava Batra 123a:90"
        }, 
        "Tosafot on Bava Batra 123a:44": {
            "content": [], 
            "heTitle": "תוספות על בבא בתרא קכ״ג א:מ״ד", 
            "indexTitle": "Tosafot on Bava Batra", 
            "sectionRef": "Tosafot on Bava Batra 123a:44", 
            "prev": "Tosafot on Bava Batra 122b:36", 
            "ref": "Tosafot on Bava Batra 123a:44", 
            "heRef": "תוספות על בבא בתרא קכ״ג א:מ״ד", 
            "next": "Tosafot on Bava Batra 123a:90"
        }, 
        "Tosafot on Bava Batra 123a:47": {
            "content": [], 
            "heTitle": "תוספות על בבא בתרא קכ״ג א:מ״ז", 
            "indexTitle": "Tosafot on Bava Batra", 
            "sectionRef": "Tosafot on Bava Batra 123a:47", 
            "prev": "Tosafot on Bava Batra 122b:36", 
            "ref": "Tosafot on Bava Batra 123a:47", 
            "heRef": "תוספות על בבא בתרא קכ״ג א:מ״ז", 
            "next": "Tosafot on Bava Batra 123a:90"
        }, 
        "Tosafot on Bava Batra 123a:46": {
            "content": [], 
            "heTitle": "תוספות על בבא בתרא קכ״ג א:מ״ו", 
            "indexTitle": "Tosafot on Bava Batra", 
            "sectionRef": "Tosafot on Bava Batra 123a:46", 
            "prev": "Tosafot on Bava Batra 122b:36", 
            "ref": "Tosafot on Bava Batra 123a:46", 
            "heRef": "תוספות על בבא בתרא קכ״ג א:מ״ו", 
            "next": "Tosafot on Bava Batra 123a:90"
        }, 
        "Tosafot on Bava Batra 123a:49": {
            "content": [], 
            "heTitle": "תוספות על בבא בתרא קכ״ג א:מ״ט", 
            "indexTitle": "Tosafot on Bava Batra", 
            "sectionRef": "Tosafot on Bava Batra 123a:49", 
            "prev": "Tosafot on Bava Batra 122b:36", 
            "ref": "Tosafot on Bava Batra 123a:49", 
            "heRef": "תוספות על בבא בתרא קכ״ג א:מ״ט", 
            "next": "Tosafot on Bava Batra 123a:90"
        }, 
        "Tosafot on Bava Batra 123a:48": {
            "content": [], 
            "heTitle": "תוספות על בבא בתרא קכ״ג א:מ״ח", 
            "indexTitle": "Tosafot on Bava Batra", 
            "sectionRef": "Tosafot on Bava Batra 123a:48", 
            "prev": "Tosafot on Bava Batra 122b:36", 
            "ref": "Tosafot on Bava Batra 123a:48", 
            "heRef": "תוספות על בבא בתרא קכ״ג א:מ״ח", 
            "next": "Tosafot on Bava Batra 123a:90"
        }, 
        "Tosafot on Bava Batra 123a:52": {
            "content": [], 
            "heTitle": "תוספות על בבא בתרא קכ״ג א:נ״ב", 
            "indexTitle": "Tosafot on Bava Batra", 
            "sectionRef": "Tosafot on Bava Batra 123a:52", 
            "prev": "Tosafot on Bava Batra 122b:36", 
            "ref": "Tosafot on Bava Batra 123a:52", 
            "heRef": "תוספות על בבא בתרא קכ״ג א:נ״ב", 
            "next": "Tosafot on Bava Batra 123a:90"
        }, 
        "Tosafot on Bava Batra 123a:53": {
            "content": [], 
            "heTitle": "תוספות על בבא בתרא קכ״ג א:נ״ג", 
            "indexTitle": "Tosafot on Bava Batra", 
            "sectionRef": "Tosafot on Bava Batra 123a:53", 
            "prev": "Tosafot on Bava Batra 122b:36", 
            "ref": "Tosafot on Bava Batra 123a:53", 
            "heRef": "תוספות על בבא בתרא קכ״ג א:נ״ג", 
            "next": "Tosafot on Bava Batra 123a:90"
        }, 
        "Tosafot on Bava Batra 123a:50": {
            "content": [], 
            "heTitle": "תוספות על בבא בתרא קכ״ג א:נ׳", 
            "indexTitle": "Tosafot on Bava Batra", 
            "sectionRef": "Tosafot on Bava Batra 123a:50", 
            "prev": "Tosafot on Bava Batra 122b:36", 
            "ref": "Tosafot on Bava Batra 123a:50", 
            "heRef": "תוספות על בבא בתרא קכ״ג א:נ׳", 
            "next": "Tosafot on Bava Batra 123a:90"
        }, 
        "Tosafot on Bava Batra 123a:51": {
            "content": [], 
            "heTitle": "תוספות על בבא בתרא קכ״ג א:נ״א", 
            "indexTitle": "Tosafot on Bava Batra", 
            "sectionRef": "Tosafot on Bava Batra 123a:51", 
            "prev": "Tosafot on Bava Batra 122b:36", 
            "ref": "Tosafot on Bava Batra 123a:51", 
            "heRef": "תוספות על בבא בתרא קכ״ג א:נ״א", 
            "next": "Tosafot on Bava Batra 123a:90"
        }, 
        "Tosafot on Bava Batra 123a:56": {
            "content": [], 
            "heTitle": "תוספות על בבא בתרא קכ״ג א:נ״ו", 
            "indexTitle": "Tosafot on Bava Batra", 
            "sectionRef": "Tosafot on Bava Batra 123a:56", 
            "prev": "Tosafot on Bava Batra 122b:36", 
            "ref": "Tosafot on Bava Batra 123a:56", 
            "heRef": "תוספות על בבא בתרא קכ״ג א:נ״ו", 
            "next": "Tosafot on Bava Batra 123a:90"
        }, 
        "Tosafot on Bava Batra 123a:57": {
            "content": [], 
            "heTitle": "תוספות על בבא בתרא קכ״ג א:נ״ז", 
            "indexTitle": "Tosafot on Bava Batra", 
            "sectionRef": "Tosafot on Bava Batra 123a:57", 
            "prev": "Tosafot on Bava Batra 122b:36", 
            "ref": "Tosafot on Bava Batra 123a:57", 
            "heRef": "תוספות על בבא בתרא קכ״ג א:נ״ז", 
            "next": "Tosafot on Bava Batra 123a:90"
        }, 
        "Tosafot on Bava Batra 123a:54": {
            "content": [], 
            "heTitle": "תוספות על בבא בתרא קכ״ג א:נ״ד", 
            "indexTitle": "Tosafot on Bava Batra", 
            "sectionRef": "Tosafot on Bava Batra 123a:54", 
            "prev": "Tosafot on Bava Batra 122b:36", 
            "ref": "Tosafot on Bava Batra 123a:54", 
            "heRef": "תוספות על בבא בתרא קכ״ג א:נ״ד", 
            "next": "Tosafot on Bava Batra 123a:90"
        }, 
        "Tosafot on Bava Batra 123a:55": {
            "content": [], 
            "heTitle": "תוספות על בבא בתרא קכ״ג א:נ״ה", 
            "indexTitle": "Tosafot on Bava Batra", 
            "sectionRef": "Tosafot on Bava Batra 123a:55", 
            "prev": "Tosafot on Bava Batra 122b:36", 
            "ref": "Tosafot on Bava Batra 123a:55", 
            "heRef": "תוספות על בבא בתרא קכ״ג א:נ״ה", 
            "next": "Tosafot on Bava Batra 123a:90"
        }, 
        "Tosafot on Bava Batra 123a:58": {
            "content": [], 
            "heTitle": "תוספות על בבא בתרא קכ״ג א:נ״ח", 
            "indexTitle": "Tosafot on Bava Batra", 
            "sectionRef": "Tosafot on Bava Batra 123a:58", 
            "prev": "Tosafot on Bava Batra 122b:36", 
            "ref": "Tosafot on Bava Batra 123a:58", 
            "heRef": "תוספות על בבא בתרא קכ״ג א:נ״ח", 
            "next": "Tosafot on Bava Batra 123a:90"
        }, 
        "Tosafot on Bava Batra 123a:59": {
            "content": [], 
            "heTitle": "תוספות על בבא בתרא קכ״ג א:נ״ט", 
            "indexTitle": "Tosafot on Bava Batra", 
            "sectionRef": "Tosafot on Bava Batra 123a:59", 
            "prev": "Tosafot on Bava Batra 122b:36", 
            "ref": "Tosafot on Bava Batra 123a:59", 
            "heRef": "תוספות על בבא בתרא קכ״ג א:נ״ט", 
            "next": "Tosafot on Bava Batra 123a:90"
        }, 
        "Tosafot on Bava Batra 123a:69": {
            "content": [], 
            "heTitle": "תוספות על בבא בתרא קכ״ג א:ס״ט", 
            "indexTitle": "Tosafot on Bava Batra", 
            "sectionRef": "Tosafot on Bava Batra 123a:69", 
            "prev": "Tosafot on Bava Batra 122b:36", 
            "ref": "Tosafot on Bava Batra 123a:69", 
            "heRef": "תוספות על בבא בתרא קכ״ג א:ס״ט", 
            "next": "Tosafot on Bava Batra 123a:90"
        }, 
        "Tosafot on Bava Batra 123a:68": {
            "content": [], 
            "heTitle": "תוספות על בבא בתרא קכ״ג א:ס״ח", 
            "indexTitle": "Tosafot on Bava Batra", 
            "sectionRef": "Tosafot on Bava Batra 123a:68", 
            "prev": "Tosafot on Bava Batra 122b:36", 
            "ref": "Tosafot on Bava Batra 123a:68", 
            "heRef": "תוספות על בבא בתרא קכ״ג א:ס״ח", 
            "next": "Tosafot on Bava Batra 123a:90"
        }, 
        "Tosafot on Bava Batra 123a:67": {
            "content": [], 
            "heTitle": "תוספות על בבא בתרא קכ״ג א:ס״ז", 
            "indexTitle": "Tosafot on Bava Batra", 
            "sectionRef": "Tosafot on Bava Batra 123a:67", 
            "prev": "Tosafot on Bava Batra 122b:36", 
            "ref": "Tosafot on Bava Batra 123a:67", 
            "heRef": "תוספות על בבא בתרא קכ״ג א:ס״ז", 
            "next": "Tosafot on Bava Batra 123a:90"
        }, 
        "Tosafot on Bava Batra 123a:66": {
            "content": [], 
            "heTitle": "תוספות על בבא בתרא קכ״ג א:ס״ו", 
            "indexTitle": "Tosafot on Bava Batra", 
            "sectionRef": "Tosafot on Bava Batra 123a:66", 
            "prev": "Tosafot on Bava Batra 122b:36", 
            "ref": "Tosafot on Bava Batra 123a:66", 
            "heRef": "תוספות על בבא בתרא קכ״ג א:ס״ו", 
            "next": "Tosafot on Bava Batra 123a:90"
        }, 
        "Tosafot on Bava Batra 123a:65": {
            "content": [], 
            "heTitle": "תוספות על בבא בתרא קכ״ג א:ס״ה", 
            "indexTitle": "Tosafot on Bava Batra", 
            "sectionRef": "Tosafot on Bava Batra 123a:65", 
            "prev": "Tosafot on Bava Batra 122b:36", 
            "ref": "Tosafot on Bava Batra 123a:65", 
            "heRef": "תוספות על בבא בתרא קכ״ג א:ס״ה", 
            "next": "Tosafot on Bava Batra 123a:90"
        }, 
        "Tosafot on Bava Batra 123a:64": {
            "content": [], 
            "heTitle": "תוספות על בבא בתרא קכ״ג א:ס״ד", 
            "indexTitle": "Tosafot on Bava Batra", 
            "sectionRef": "Tosafot on Bava Batra 123a:64", 
            "prev": "Tosafot on Bava Batra 122b:36", 
            "ref": "Tosafot on Bava Batra 123a:64", 
            "heRef": "תוספות על בבא בתרא קכ״ג א:ס״ד", 
            "next": "Tosafot on Bava Batra 123a:90"
        }, 
        "Tosafot on Bava Batra 123a:63": {
            "content": [], 
            "heTitle": "תוספות על בבא בתרא קכ״ג א:ס״ג", 
            "indexTitle": "Tosafot on Bava Batra", 
            "sectionRef": "Tosafot on Bava Batra 123a:63", 
            "prev": "Tosafot on Bava Batra 122b:36", 
            "ref": "Tosafot on Bava Batra 123a:63", 
            "heRef": "תוספות על בבא בתרא קכ״ג א:ס״ג", 
            "next": "Tosafot on Bava Batra 123a:90"
        }, 
        "Tosafot on Bava Batra 123a:62": {
            "content": [], 
            "heTitle": "תוספות על בבא בתרא קכ״ג א:ס״ב", 
            "indexTitle": "Tosafot on Bava Batra", 
            "sectionRef": "Tosafot on Bava Batra 123a:62", 
            "prev": "Tosafot on Bava Batra 122b:36", 
            "ref": "Tosafot on Bava Batra 123a:62", 
            "heRef": "תוספות על בבא בתרא קכ״ג א:ס״ב", 
            "next": "Tosafot on Bava Batra 123a:90"
        }, 
        "Tosafot on Bava Batra 123a:61": {
            "content": [], 
            "heTitle": "תוספות על בבא בתרא קכ״ג א:ס״א", 
            "indexTitle": "Tosafot on Bava Batra", 
            "sectionRef": "Tosafot on Bava Batra 123a:61", 
            "prev": "Tosafot on Bava Batra 122b:36", 
            "ref": "Tosafot on Bava Batra 123a:61", 
            "heRef": "תוספות על בבא בתרא קכ״ג א:ס״א", 
            "next": "Tosafot on Bava Batra 123a:90"
        }, 
        "Tosafot on Bava Batra 123a:60": {
            "content": [], 
            "heTitle": "תוספות על בבא בתרא קכ״ג א:ס׳", 
            "indexTitle": "Tosafot on Bava Batra", 
            "sectionRef": "Tosafot on Bava Batra 123a:60", 
            "prev": "Tosafot on Bava Batra 122b:36", 
            "ref": "Tosafot on Bava Batra 123a:60", 
            "heRef": "תוספות על בבא בתרא קכ״ג א:ס׳", 
            "next": "Tosafot on Bava Batra 123a:90"
        }, 
        "Tosafot on Bava Batra 123a:78": {
            "content": [], 
            "heTitle": "תוספות על בבא בתרא קכ״ג א:ע״ח", 
            "indexTitle": "Tosafot on Bava Batra", 
            "sectionRef": "Tosafot on Bava Batra 123a:78", 
            "prev": "Tosafot on Bava Batra 122b:36", 
            "ref": "Tosafot on Bava Batra 123a:78", 
            "heRef": "תוספות על בבא בתרא קכ״ג א:ע״ח", 
            "next": "Tosafot on Bava Batra 123a:90"
        }, 
        "Tosafot on Bava Batra 123a:79": {
            "content": [], 
            "heTitle": "תוספות על בבא בתרא קכ״ג א:ע״ט", 
            "indexTitle": "Tosafot on Bava Batra", 
            "sectionRef": "Tosafot on Bava Batra 123a:79", 
            "prev": "Tosafot on Bava Batra 122b:36", 
            "ref": "Tosafot on Bava Batra 123a:79", 
            "heRef": "תוספות על בבא בתרא קכ״ג א:ע״ט", 
            "next": "Tosafot on Bava Batra 123a:90"
        }, 
        "Tosafot on Bava Batra 123a:70": {
            "content": [], 
            "heTitle": "תוספות על בבא בתרא קכ״ג א:ע׳", 
            "indexTitle": "Tosafot on Bava Batra", 
            "sectionRef": "Tosafot on Bava Batra 123a:70", 
            "prev": "Tosafot on Bava Batra 122b:36", 
            "ref": "Tosafot on Bava Batra 123a:70", 
            "heRef": "תוספות על בבא בתרא קכ״ג א:ע׳", 
            "next": "Tosafot on Bava Batra 123a:90"
        }, 
        "Tosafot on Bava Batra 123a:71": {
            "content": [], 
            "heTitle": "תוספות על בבא בתרא קכ״ג א:ע״א", 
            "indexTitle": "Tosafot on Bava Batra", 
            "sectionRef": "Tosafot on Bava Batra 123a:71", 
            "prev": "Tosafot on Bava Batra 122b:36", 
            "ref": "Tosafot on Bava Batra 123a:71", 
            "heRef": "תוספות על בבא בתרא קכ״ג א:ע״א", 
            "next": "Tosafot on Bava Batra 123a:90"
        }, 
        "Tosafot on Bava Batra 123a:72": {
            "content": [], 
            "heTitle": "תוספות על בבא בתרא קכ״ג א:ע״ב", 
            "indexTitle": "Tosafot on Bava Batra", 
            "sectionRef": "Tosafot on Bava Batra 123a:72", 
            "prev": "Tosafot on Bava Batra 122b:36", 
            "ref": "Tosafot on Bava Batra 123a:72", 
            "heRef": "תוספות על בבא בתרא קכ״ג א:ע״ב", 
            "next": "Tosafot on Bava Batra 123a:90"
        }, 
        "Tosafot on Bava Batra 123a:73": {
            "content": [], 
            "heTitle": "תוספות על בבא בתרא קכ״ג א:ע״ג", 
            "indexTitle": "Tosafot on Bava Batra", 
            "sectionRef": "Tosafot on Bava Batra 123a:73", 
            "prev": "Tosafot on Bava Batra 122b:36", 
            "ref": "Tosafot on Bava Batra 123a:73", 
            "heRef": "תוספות על בבא בתרא קכ״ג א:ע״ג", 
            "next": "Tosafot on Bava Batra 123a:90"
        }, 
        "Tosafot on Bava Batra 123a:74": {
            "content": [], 
            "heTitle": "תוספות על בבא בתרא קכ״ג א:ע״ד", 
            "indexTitle": "Tosafot on Bava Batra", 
            "sectionRef": "Tosafot on Bava Batra 123a:74", 
            "prev": "Tosafot on Bava Batra 122b:36", 
            "ref": "Tosafot on Bava Batra 123a:74", 
            "heRef": "תוספות על בבא בתרא קכ״ג א:ע״ד", 
            "next": "Tosafot on Bava Batra 123a:90"
        }, 
        "Tosafot on Bava Batra 123a:75": {
            "content": [], 
            "heTitle": "תוספות על בבא בתרא קכ״ג א:ע״ה", 
            "indexTitle": "Tosafot on Bava Batra", 
            "sectionRef": "Tosafot on Bava Batra 123a:75", 
            "prev": "Tosafot on Bava Batra 122b:36", 
            "ref": "Tosafot on Bava Batra 123a:75", 
            "heRef": "תוספות על בבא בתרא קכ״ג א:ע״ה", 
            "next": "Tosafot on Bava Batra 123a:90"
        }, 
        "Tosafot on Bava Batra 123a:76": {
            "content": [], 
            "heTitle": "תוספות על בבא בתרא קכ״ג א:ע״ו", 
            "indexTitle": "Tosafot on Bava Batra", 
            "sectionRef": "Tosafot on Bava Batra 123a:76", 
            "prev": "Tosafot on Bava Batra 122b:36", 
            "ref": "Tosafot on Bava Batra 123a:76", 
            "heRef": "תוספות על בבא בתרא קכ״ג א:ע״ו", 
            "next": "Tosafot on Bava Batra 123a:90"
        }, 
        "Tosafot on Bava Batra 123a:77": {
            "content": [], 
            "heTitle": "תוספות על בבא בתרא קכ״ג א:ע״ז", 
            "indexTitle": "Tosafot on Bava Batra", 
            "sectionRef": "Tosafot on Bava Batra 123a:77", 
            "prev": "Tosafot on Bava Batra 122b:36", 
            "ref": "Tosafot on Bava Batra 123a:77", 
            "heRef": "תוספות על בבא בתרא קכ״ג א:ע״ז", 
            "next": "Tosafot on Bava Batra 123a:90"
        }, 
        "Tosafot on Bava Batra 123a:8": {
            "content": [], 
            "heTitle": "תוספות על בבא בתרא קכ״ג א:ח׳", 
            "indexTitle": "Tosafot on Bava Batra", 
            "sectionRef": "Tosafot on Bava Batra 123a:8", 
            "prev": "Tosafot on Bava Batra 122b:36", 
            "ref": "Tosafot on Bava Batra 123a:8", 
            "heRef": "תוספות על בבא בתרא קכ״ג א:ח׳", 
            "next": "Tosafot on Bava Batra 123a:90"
        }, 
        "Tosafot on Bava Batra 123a:9": {
            "content": [], 
            "heTitle": "תוספות על בבא בתרא קכ״ג א:ט׳", 
            "indexTitle": "Tosafot on Bava Batra", 
            "sectionRef": "Tosafot on Bava Batra 123a:9", 
            "prev": "Tosafot on Bava Batra 122b:36", 
            "ref": "Tosafot on Bava Batra 123a:9", 
            "heRef": "תוספות על בבא בתרא קכ״ג א:ט׳", 
            "next": "Tosafot on Bava Batra 123a:90"
        }, 
        "Tosafot on Bava Batra 123a:4": {
            "content": [], 
            "heTitle": "תוספות על בבא בתרא קכ״ג א:ד׳", 
            "indexTitle": "Tosafot on Bava Batra", 
            "sectionRef": "Tosafot on Bava Batra 123a:4", 
            "prev": "Tosafot on Bava Batra 122b:36", 
            "ref": "Tosafot on Bava Batra 123a:4", 
            "heRef": "תוספות על בבא בתרא קכ״ג א:ד׳", 
            "next": "Tosafot on Bava Batra 123a:90"
        }, 
        "Tosafot on Bava Batra 123a:5": {
            "content": [], 
            "heTitle": "תוספות על בבא בתרא קכ״ג א:ה׳", 
            "indexTitle": "Tosafot on Bava Batra", 
            "sectionRef": "Tosafot on Bava Batra 123a:5", 
            "prev": "Tosafot on Bava Batra 122b:36", 
            "ref": "Tosafot on Bava Batra 123a:5", 
            "heRef": "תוספות על בבא בתרא קכ״ג א:ה׳", 
            "next": "Tosafot on Bava Batra 123a:90"
        }, 
        "Tosafot on Bava Batra 123a:6": {
            "content": [], 
            "heTitle": "תוספות על בבא בתרא קכ״ג א:ו׳", 
            "indexTitle": "Tosafot on Bava Batra", 
            "sectionRef": "Tosafot on Bava Batra 123a:6", 
            "prev": "Tosafot on Bava Batra 122b:36", 
            "ref": "Tosafot on Bava Batra 123a:6", 
            "heRef": "תוספות על בבא בתרא קכ״ג א:ו׳", 
            "next": "Tosafot on Bava Batra 123a:90"
        }, 
        "Tosafot on Bava Batra 123a:7": {
            "content": [], 
            "heTitle": "תוספות על בבא בתרא קכ״ג א:ז׳", 
            "indexTitle": "Tosafot on Bava Batra", 
            "sectionRef": "Tosafot on Bava Batra 123a:7", 
            "prev": "Tosafot on Bava Batra 122b:36", 
            "ref": "Tosafot on Bava Batra 123a:7", 
            "heRef": "תוספות על בבא בתרא קכ״ג א:ז׳", 
            "next": "Tosafot on Bava Batra 123a:90"
        }, 
        "Tosafot on Bava Batra 123a:1": {
            "content": [], 
            "heTitle": "תוספות על בבא בתרא קכ״ג א:א׳", 
            "indexTitle": "Tosafot on Bava Batra", 
            "sectionRef": "Tosafot on Bava Batra 123a:1", 
            "prev": "Tosafot on Bava Batra 122b:36", 
            "ref": "Tosafot on Bava Batra 123a:1", 
            "heRef": "תוספות על בבא בתרא קכ״ג א:א׳", 
            "next": "Tosafot on Bava Batra 123a:90"
        }, 
        "Tosafot on Bava Batra 123a:2": {
            "content": [], 
            "heTitle": "תוספות על בבא בתרא קכ״ג א:ב׳", 
            "indexTitle": "Tosafot on Bava Batra", 
            "sectionRef": "Tosafot on Bava Batra 123a:2", 
            "prev": "Tosafot on Bava Batra 122b:36", 
            "ref": "Tosafot on Bava Batra 123a:2", 
            "heRef": "תוספות על בבא בתרא קכ״ג א:ב׳", 
            "next": "Tosafot on Bava Batra 123a:90"
        }, 
        "Tosafot on Bava Batra 123a:3": {
            "content": [], 
            "heTitle": "תוספות על בבא בתרא קכ״ג א:ג׳", 
            "indexTitle": "Tosafot on Bava Batra", 
            "sectionRef": "Tosafot on Bava Batra 123a:3", 
            "prev": "Tosafot on Bava Batra 122b:36", 
            "ref": "Tosafot on Bava Batra 123a:3", 
            "heRef": "תוספות על בבא בתרא קכ״ג א:ג׳", 
            "next": "Tosafot on Bava Batra 123a:90"
        }, 
        "Tosafot on Bava Batra 123a:85": {
            "content": [], 
            "heTitle": "תוספות על בבא בתרא קכ״ג א:פ״ה", 
            "indexTitle": "Tosafot on Bava Batra", 
            "sectionRef": "Tosafot on Bava Batra 123a:85", 
            "prev": "Tosafot on Bava Batra 122b:36", 
            "ref": "Tosafot on Bava Batra 123a:85", 
            "heRef": "תוספות על בבא בתרא קכ״ג א:פ״ה", 
            "next": "Tosafot on Bava Batra 123a:90"
        }, 
        "Tosafot on Bava Batra 123a:84": {
            "content": [], 
            "heTitle": "תוספות על בבא בתרא קכ״ג א:פ״ד", 
            "indexTitle": "Tosafot on Bava Batra", 
            "sectionRef": "Tosafot on Bava Batra 123a:84", 
            "prev": "Tosafot on Bava Batra 122b:36", 
            "ref": "Tosafot on Bava Batra 123a:84", 
            "heRef": "תוספות על בבא בתרא קכ״ג א:פ״ד", 
            "next": "Tosafot on Bava Batra 123a:90"
        }, 
        "Tosafot on Bava Batra 123a:87": {
            "content": [], 
            "heTitle": "תוספות על בבא בתרא קכ״ג א:פ״ז", 
            "indexTitle": "Tosafot on Bava Batra", 
            "sectionRef": "Tosafot on Bava Batra 123a:87", 
            "prev": "Tosafot on Bava Batra 122b:36", 
            "ref": "Tosafot on Bava Batra 123a:87", 
            "heRef": "תוספות על בבא בתרא קכ״ג א:פ״ז", 
            "next": "Tosafot on Bava Batra 123a:90"
        }, 
        "Tosafot on Bava Batra 123a:86": {
            "content": [], 
            "heTitle": "תוספות על בבא בתרא קכ״ג א:פ״ו", 
            "indexTitle": "Tosafot on Bava Batra", 
            "sectionRef": "Tosafot on Bava Batra 123a:86", 
            "prev": "Tosafot on Bava Batra 122b:36", 
            "ref": "Tosafot on Bava Batra 123a:86", 
            "heRef": "תוספות על בבא בתרא קכ״ג א:פ״ו", 
            "next": "Tosafot on Bava Batra 123a:90"
        }, 
        "Tosafot on Bava Batra 123a:81": {
            "content": [], 
            "heTitle": "תוספות על בבא בתרא קכ״ג א:פ״א", 
            "indexTitle": "Tosafot on Bava Batra", 
            "sectionRef": "Tosafot on Bava Batra 123a:81", 
            "prev": "Tosafot on Bava Batra 122b:36", 
            "ref": "Tosafot on Bava Batra 123a:81", 
            "heRef": "תוספות על בבא בתרא קכ״ג א:פ״א", 
            "next": "Tosafot on Bava Batra 123a:90"
        }, 
        "Tosafot on Bava Batra 123a:80": {
            "content": [], 
            "heTitle": "תוספות על בבא בתרא קכ״ג א:פ׳", 
            "indexTitle": "Tosafot on Bava Batra", 
            "sectionRef": "Tosafot on Bava Batra 123a:80", 
            "prev": "Tosafot on Bava Batra 122b:36", 
            "ref": "Tosafot on Bava Batra 123a:80", 
            "heRef": "תוספות על בבא בתרא קכ״ג א:פ׳", 
            "next": "Tosafot on Bava Batra 123a:90"
        }, 
        "Tosafot on Bava Batra 123a:83": {
            "content": [], 
            "heTitle": "תוספות על בבא בתרא קכ״ג א:פ״ג", 
            "indexTitle": "Tosafot on Bava Batra", 
            "sectionRef": "Tosafot on Bava Batra 123a:83", 
            "prev": "Tosafot on Bava Batra 122b:36", 
            "ref": "Tosafot on Bava Batra 123a:83", 
            "heRef": "תוספות על בבא בתרא קכ״ג א:פ״ג", 
            "next": "Tosafot on Bava Batra 123a:90"
        }, 
        "Tosafot on Bava Batra 123a:82": {
            "content": [], 
            "heTitle": "תוספות על בבא בתרא קכ״ג א:פ״ב", 
            "indexTitle": "Tosafot on Bava Batra", 
            "sectionRef": "Tosafot on Bava Batra 123a:82", 
            "prev": "Tosafot on Bava Batra 122b:36", 
            "ref": "Tosafot on Bava Batra 123a:82", 
            "heRef": "תוספות על בבא בתרא קכ״ג א:פ״ב", 
            "next": "Tosafot on Bava Batra 123a:90"
        }, 
        "Tosafot on Bava Batra 123a:89": {
            "content": [], 
            "heTitle": "תוספות על בבא בתרא קכ״ג א:פ״ט", 
            "indexTitle": "Tosafot on Bava Batra", 
            "sectionRef": "Tosafot on Bava Batra 123a:89", 
            "prev": "Tosafot on Bava Batra 122b:36", 
            "ref": "Tosafot on Bava Batra 123a:89", 
            "heRef": "תוספות על בבא בתרא קכ״ג א:פ״ט", 
            "next": "Tosafot on Bava Batra 123a:90"
        }, 
        "Tosafot on Bava Batra 123a:88": {
            "content": [], 
            "heTitle": "תוספות על בבא בתרא קכ״ג א:פ״ח", 
            "indexTitle": "Tosafot on Bava Batra", 
            "sectionRef": "Tosafot on Bava Batra 123a:88", 
            "prev": "Tosafot on Bava Batra 122b:36", 
            "ref": "Tosafot on Bava Batra 123a:88", 
            "heRef": "תוספות על בבא בתרא קכ״ג א:פ״ח", 
            "next": "Tosafot on Bava Batra 123a:90"
        }, 
        "Tosafot on Bava Batra 123a:18": {
            "content": [], 
            "heTitle": "תוספות על בבא בתרא קכ״ג א:י״ח", 
            "indexTitle": "Tosafot on Bava Batra", 
            "sectionRef": "Tosafot on Bava Batra 123a:18", 
            "prev": "Tosafot on Bava Batra 122b:36", 
            "ref": "Tosafot on Bava Batra 123a:18", 
            "heRef": "תוספות על בבא בתרא קכ״ג א:י״ח", 
            "next": "Tosafot on Bava Batra 123a:90"
        }, 
        "Tosafot on Bava Batra 123a:19": {
            "content": [], 
            "heTitle": "תוספות על בבא בתרא קכ״ג א:י״ט", 
            "indexTitle": "Tosafot on Bava Batra", 
            "sectionRef": "Tosafot on Bava Batra 123a:19", 
            "prev": "Tosafot on Bava Batra 122b:36", 
            "ref": "Tosafot on Bava Batra 123a:19", 
            "heRef": "תוספות על בבא בתרא קכ״ג א:י״ט", 
            "next": "Tosafot on Bava Batra 123a:90"
        }, 
        "Tosafot on Bava Batra 123a:16": {
            "content": [], 
            "heTitle": "תוספות על בבא בתרא קכ״ג א:ט״ז", 
            "indexTitle": "Tosafot on Bava Batra", 
            "sectionRef": "Tosafot on Bava Batra 123a:16", 
            "prev": "Tosafot on Bava Batra 122b:36", 
            "ref": "Tosafot on Bava Batra 123a:16", 
            "heRef": "תוספות על בבא בתרא קכ״ג א:ט״ז", 
            "next": "Tosafot on Bava Batra 123a:90"
        }, 
        "Tosafot on Bava Batra 123a:17": {
            "content": [], 
            "heTitle": "תוספות על בבא בתרא קכ״ג א:י״ז", 
            "indexTitle": "Tosafot on Bava Batra", 
            "sectionRef": "Tosafot on Bava Batra 123a:17", 
            "prev": "Tosafot on Bava Batra 122b:36", 
            "ref": "Tosafot on Bava Batra 123a:17", 
            "heRef": "תוספות על בבא בתרא קכ״ג א:י״ז", 
            "next": "Tosafot on Bava Batra 123a:90"
        }, 
        "Tosafot on Bava Batra 123a:14": {
            "content": [], 
            "heTitle": "תוספות על בבא בתרא קכ״ג א:י״ד", 
            "indexTitle": "Tosafot on Bava Batra", 
            "sectionRef": "Tosafot on Bava Batra 123a:14", 
            "prev": "Tosafot on Bava Batra 122b:36", 
            "ref": "Tosafot on Bava Batra 123a:14", 
            "heRef": "תוספות על בבא בתרא קכ״ג א:י״ד", 
            "next": "Tosafot on Bava Batra 123a:90"
        }, 
        "Tosafot on Bava Batra 123a:15": {
            "content": [], 
            "heTitle": "תוספות על בבא בתרא קכ״ג א:ט״ו", 
            "indexTitle": "Tosafot on Bava Batra", 
            "sectionRef": "Tosafot on Bava Batra 123a:15", 
            "prev": "Tosafot on Bava Batra 122b:36", 
            "ref": "Tosafot on Bava Batra 123a:15", 
            "heRef": "תוספות על בבא בתרא קכ״ג א:ט״ו", 
            "next": "Tosafot on Bava Batra 123a:90"
        }, 
        "Tosafot on Bava Batra 123a:12": {
            "content": [], 
            "heTitle": "תוספות על בבא בתרא קכ״ג א:י״ב", 
            "indexTitle": "Tosafot on Bava Batra", 
            "sectionRef": "Tosafot on Bava Batra 123a:12", 
            "prev": "Tosafot on Bava Batra 122b:36", 
            "ref": "Tosafot on Bava Batra 123a:12", 
            "heRef": "תוספות על בבא בתרא קכ״ג א:י״ב", 
            "next": "Tosafot on Bava Batra 123a:90"
        }, 
        "Tosafot on Bava Batra 123a:13": {
            "content": [], 
            "heTitle": "תוספות על בבא בתרא קכ״ג א:י״ג", 
            "indexTitle": "Tosafot on Bava Batra", 
            "sectionRef": "Tosafot on Bava Batra 123a:13", 
            "prev": "Tosafot on Bava Batra 122b:36", 
            "ref": "Tosafot on Bava Batra 123a:13", 
            "heRef": "תוספות על בבא בתרא קכ״ג א:י״ג", 
            "next": "Tosafot on Bava Batra 123a:90"
        }, 
        "Tosafot on Bava Batra 123a:10": {
            "content": [], 
            "heTitle": "תוספות על בבא בתרא קכ״ג א:י׳", 
            "indexTitle": "Tosafot on Bava Batra", 
            "sectionRef": "Tosafot on Bava Batra 123a:10", 
            "prev": "Tosafot on Bava Batra 122b:36", 
            "ref": "Tosafot on Bava Batra 123a:10", 
            "heRef": "תוספות על בבא בתרא קכ״ג א:י׳", 
            "next": "Tosafot on Bava Batra 123a:90"
        }, 
        "Tosafot on Bava Batra 123a:11": {
            "content": [], 
            "heTitle": "תוספות על בבא בתרא קכ״ג א:י״א", 
            "indexTitle": "Tosafot on Bava Batra", 
            "sectionRef": "Tosafot on Bava Batra 123a:11", 
            "prev": "Tosafot on Bava Batra 122b:36", 
            "ref": "Tosafot on Bava Batra 123a:11", 
            "heRef": "תוספות על בבא בתרא קכ״ג א:י״א", 
            "next": "Tosafot on Bava Batra 123a:90"
        }, 
        "Tosafot on Bava Batra 123a:90": {
            "content": [
                {
                    "segmentNumber": "1", 
                    "links": [
                        {
                            "category": "Talmud", 
                            "index_title": "Bava Batra", 
                            "sourceHeRef": "בבא בתרא קכ״ג א:צ׳", 
                            "sourceRef": "Bava Batra 123a:90"
                        }
                    ], 
                    "he": "תיומה היתה עם בנימין. ובעלמא אמרינן תיומה היתה עם כל השבטים:"
                }
            ], 
            "heTitle": "תוספות על בבא בתרא קכ״ג א:צ׳", 
            "indexTitle": "Tosafot on Bava Batra", 
            "sectionRef": "Tosafot on Bava Batra 123a:90", 
            "prev": "Tosafot on Bava Batra 122b:36", 
            "ref": "Tosafot on Bava Batra 123a:90", 
            "heRef": "תוספות על בבא בתרא קכ״ג א:צ׳", 
            "next": "Tosafot on Bava Batra 123b:24"
        }, 
        "Tosafot on Bava Batra 123a:29": {
            "content": [], 
            "heTitle": "תוספות על בבא בתרא קכ״ג א:כ״ט", 
            "indexTitle": "Tosafot on Bava Batra", 
            "sectionRef": "Tosafot on Bava Batra 123a:29", 
            "prev": "Tosafot on Bava Batra 122b:36", 
            "ref": "Tosafot on Bava Batra 123a:29", 
            "heRef": "תוספות על בבא בתרא קכ״ג א:כ״ט", 
            "next": "Tosafot on Bava Batra 123a:90"
        }, 
        "Tosafot on Bava Batra 123a:28": {
            "content": [], 
            "heTitle": "תוספות על בבא בתרא קכ״ג א:כ״ח", 
            "indexTitle": "Tosafot on Bava Batra", 
            "sectionRef": "Tosafot on Bava Batra 123a:28", 
            "prev": "Tosafot on Bava Batra 122b:36", 
            "ref": "Tosafot on Bava Batra 123a:28", 
            "heRef": "תוספות על בבא בתרא קכ״ג א:כ״ח", 
            "next": "Tosafot on Bava Batra 123a:90"
        }, 
        "Tosafot on Bava Batra 123a:23": {
            "content": [], 
            "heTitle": "תוספות על בבא בתרא קכ״ג א:כ״ג", 
            "indexTitle": "Tosafot on Bava Batra", 
            "sectionRef": "Tosafot on Bava Batra 123a:23", 
            "prev": "Tosafot on Bava Batra 122b:36", 
            "ref": "Tosafot on Bava Batra 123a:23", 
            "heRef": "תוספות על בבא בתרא קכ״ג א:כ״ג", 
            "next": "Tosafot on Bava Batra 123a:90"
        }, 
        "Tosafot on Bava Batra 123a:22": {
            "content": [], 
            "heTitle": "תוספות על בבא בתרא קכ״ג א:כ״ב", 
            "indexTitle": "Tosafot on Bava Batra", 
            "sectionRef": "Tosafot on Bava Batra 123a:22", 
            "prev": "Tosafot on Bava Batra 122b:36", 
            "ref": "Tosafot on Bava Batra 123a:22", 
            "heRef": "תוספות על בבא בתרא קכ״ג א:כ״ב", 
            "next": "Tosafot on Bava Batra 123a:90"
        }, 
        "Tosafot on Bava Batra 123a:21": {
            "content": [], 
            "heTitle": "תוספות על בבא בתרא קכ״ג א:כ״א", 
            "indexTitle": "Tosafot on Bava Batra", 
            "sectionRef": "Tosafot on Bava Batra 123a:21", 
            "prev": "Tosafot on Bava Batra 122b:36", 
            "ref": "Tosafot on Bava Batra 123a:21", 
            "heRef": "תוספות על בבא בתרא קכ״ג א:כ״א", 
            "next": "Tosafot on Bava Batra 123a:90"
        }, 
        "Tosafot on Bava Batra 123a:20": {
            "content": [], 
            "heTitle": "תוספות על בבא בתרא קכ״ג א:כ׳", 
            "indexTitle": "Tosafot on Bava Batra", 
            "sectionRef": "Tosafot on Bava Batra 123a:20", 
            "prev": "Tosafot on Bava Batra 122b:36", 
            "ref": "Tosafot on Bava Batra 123a:20", 
            "heRef": "תוספות על בבא בתרא קכ״ג א:כ׳", 
            "next": "Tosafot on Bava Batra 123a:90"
        }, 
        "Tosafot on Bava Batra 123a:27": {
            "content": [], 
            "heTitle": "תוספות על בבא בתרא קכ״ג א:כ״ז", 
            "indexTitle": "Tosafot on Bava Batra", 
            "sectionRef": "Tosafot on Bava Batra 123a:27", 
            "prev": "Tosafot on Bava Batra 122b:36", 
            "ref": "Tosafot on Bava Batra 123a:27", 
            "heRef": "תוספות על בבא בתרא קכ״ג א:כ״ז", 
            "next": "Tosafot on Bava Batra 123a:90"
        }, 
        "Tosafot on Bava Batra 123a:26": {
            "content": [], 
            "heTitle": "תוספות על בבא בתרא קכ״ג א:כ״ו", 
            "indexTitle": "Tosafot on Bava Batra", 
            "sectionRef": "Tosafot on Bava Batra 123a:26", 
            "prev": "Tosafot on Bava Batra 122b:36", 
            "ref": "Tosafot on Bava Batra 123a:26", 
            "heRef": "תוספות על בבא בתרא קכ״ג א:כ״ו", 
            "next": "Tosafot on Bava Batra 123a:90"
        }, 
        "Tosafot on Bava Batra 123a:25": {
            "content": [], 
            "heTitle": "תוספות על בבא בתרא קכ״ג א:כ״ה", 
            "indexTitle": "Tosafot on Bava Batra", 
            "sectionRef": "Tosafot on Bava Batra 123a:25", 
            "prev": "Tosafot on Bava Batra 122b:36", 
            "ref": "Tosafot on Bava Batra 123a:25", 
            "heRef": "תוספות על בבא בתרא קכ״ג א:כ״ה", 
            "next": "Tosafot on Bava Batra 123a:90"
        }, 
        "Tosafot on Bava Batra 123a:24": {
            "content": [], 
            "heTitle": "תוספות על בבא בתרא קכ״ג א:כ״ד", 
            "indexTitle": "Tosafot on Bava Batra", 
            "sectionRef": "Tosafot on Bava Batra 123a:24", 
            "prev": "Tosafot on Bava Batra 122b:36", 
            "ref": "Tosafot on Bava Batra 123a:24", 
            "heRef": "תוספות על בבא בתרא קכ״ג א:כ״ד", 
            "next": "Tosafot on Bava Batra 123a:90"
        }
    }, 
    "ref": "Tosafot on Bava Batra 123a"
}