{
    "heTitleVariants": [
        "תוספות על בבא בתרא", 
        "תוספות על ב״ב", 
        "תוספות על ב\"ב"
    ], 
    "heTitle": "תוספות על בבא בתרא ס״ג ב", 
    "content": [
        {
            "segmentNumber": "1", 
            "he": [], 
            "links": [], 
            "text": ""
        }, 
        {
            "segmentNumber": "2", 
            "he": [], 
            "links": [], 
            "text": ""
        }, 
        {
            "segmentNumber": "3", 
            "he": [], 
            "links": [], 
            "text": ""
        }, 
        {
            "segmentNumber": "4", 
            "he": [], 
            "links": [], 
            "text": ""
        }, 
        {
            "segmentNumber": "5", 
            "he": [
                "שאם רצה לבנות עלייה על גבה. לאו על גבה ממש אלא דאי נפלה הדר בני לה כדמסיק לקמן אבל אם לא אמר ע\"מ לא בני לה אע\"ג דתנן (ב\"מ דף קיז.) הבית והעלייה של שנים שנפלו ואמר בעה\"ב לבעל העלייה לבנות כו' ואומר רבינו יצחק דוקא בעלייה דעדיפא וחשיבא טפי מדיוטא אבל דיוטא דלא חשיבא כולי האי לא יפה כחה כמו עלייה ובקונט' דחק בחנם לפרש בע\"א:"
            ], 
            "links": [
                {
                    "category": "Talmud", 
                    "sourceHeRef": "בבא בתרא ס״ג ב:ה׳", 
                    "sourceRef": "Bava Batra 63b:5", 
                    "ref": "Bava Batra 63b:5"
                }, 
                {
                    "category": "Talmud", 
                    "sourceHeRef": "בבא מציעא קי״ז א", 
                    "sourceRef": "Bava Metzia 117a", 
                    "ref": "Bava Metzia 117a"
                }
            ], 
            "text": ""
        }, 
        {
            "segmentNumber": "6", 
            "he": [], 
            "links": [], 
            "text": ""
        }, 
        {
            "segmentNumber": "7", 
            "he": [], 
            "links": [], 
            "text": ""
        }, 
        {
            "segmentNumber": "8", 
            "he": [], 
            "links": [], 
            "text": ""
        }, 
        {
            "segmentNumber": "9", 
            "he": [], 
            "links": [], 
            "text": ""
        }, 
        {
            "segmentNumber": "10", 
            "he": [], 
            "links": [], 
            "text": ""
        }, 
        {
            "segmentNumber": "11", 
            "he": [], 
            "links": [], 
            "text": ""
        }, 
        {
            "segmentNumber": "12", 
            "he": [
                "אהני מתהום ארעא ועד רום רקיעא למיקני בור ודות ומחילות. פי' בקונט' דעד רום רקיעא לא מהני מידי דמשכתב לו עומקא ורומא קני עד רום רקיעא ואפי' גג שיש לו מעקה גבוה י' טפחים והא דקתני במתני' אע\"פ שכתב לו עומקא ורומא אבור ודות קאי ולא אגג ולא אצטריך עד רום רקיעא אלא סוף דיבור הוא דלא מצי למימר עד שיפולי ביתא וקשה לר\"י דה\"מ למימר רומא ועומקא עד ארעית תהומא לכן נראה לר\"י דאגג נמי קאי דאע\"ג דכתב ליה עומקא ורומא לא קני לגג שיש לו מעקה גבוה י\"ט וה\"מ למימר ואהני עד רום רקיעא למיקני גג שיש לו מעקה גבוה י' טפחים אלא דלא חש למינקט אלא גבי בור ודות וה\"ה גג וכ\"ש הוא ודחק ר\"י לקיים פירוש הקונטרס דמדכתב עומקא ורומא קני גג ואהני עד רום רקיעא למיקני בור ודות שעל הגג שהיו רגילין לעשות מקואות על ראש הגג כמו שמצינו בפ\"ק דיומא (דף יט.) על גג הפרווה ועל גג שער המים:"
            ], 
            "links": [
                {
                    "category": "Talmud", 
                    "sourceHeRef": "בבא בתרא ס״ג ב:י״ב", 
                    "sourceRef": "Bava Batra 63b:12", 
                    "ref": "Bava Batra 63b:12"
                }
            ], 
            "text": ""
        }, 
        {
            "segmentNumber": "13", 
            "he": [], 
            "links": [], 
            "text": ""
        }, 
        {
            "segmentNumber": "14", 
            "he": [], 
            "links": [], 
            "text": ""
        }, 
        {
            "segmentNumber": "15", 
            "he": [], 
            "links": [], 
            "text": ""
        }, 
        {
            "segmentNumber": "16", 
            "he": [], 
            "links": [], 
            "text": ""
        }, 
        {
            "segmentNumber": "17", 
            "he": [], 
            "links": [], 
            "text": ""
        }, 
        {
            "segmentNumber": "18", 
            "he": [], 
            "links": [], 
            "text": ""
        }, 
        {
            "segmentNumber": "19", 
            "he": [], 
            "links": [], 
            "text": ""
        }, 
        {
            "segmentNumber": "20", 
            "he": [], 
            "links": [], 
            "text": ""
        }, 
        {
            "segmentNumber": "21", 
            "he": [
                "תא שמע ולא את הגג. פי' הקונט' והך דרישא בלא כתב לו עומקא ורומא איירי דהא לא קתני בה אע\"פ שכתב לו עומקא ורומא ובחנם פירש כן דאפילו הוה קאי ארישא הא אסיק לעיל למאי דבעי למימר בסתמא קני דה\"ק אע\"פ שלא כתב כמו שכתב דמי למיקני עומקא ורומא:"
            ], 
            "links": [
                {
                    "category": "Talmud", 
                    "sourceHeRef": "בבא בתרא ס״ג ב:כ״א", 
                    "sourceRef": "Bava Batra 63b:21", 
                    "ref": "Bava Batra 63b:21"
                }
            ], 
            "text": ""
        }
    ], 
    "commentaryBook": "Bava Batra", 
    "heRef": "תוספות על בבא בתרא ס״ג ב", 
    "toSections": [
        "63b"
    ], 
    "sectionRef": "Tosafot on Bava Batra 63b", 
    "title": "Tosafot on Bava Batra 63b", 
    "lengths": [
        350, 
        13690
    ], 
    "next": "Tosafot on Bava Batra 64a:1", 
    "heBook": "תוספות על בבא בתרא", 
    "book": "Tosafot on Bava Batra", 
    "prev": "Tosafot on Bava Batra 63a:17", 
    "textDepth": 3, 
    "sectionNames": [
        "Daf", 
        "Line", 
        "Comment"
    ], 
    "sections": [
        "63b"
    ], 
    "commentator": "Tosafot", 
    "isComplex": false, 
    "commentaryCategories": [
        "Talmud", 
        "Bavli", 
        "Seder Nezikin"
    ], 
    "titleVariants": [
        "Tosafot on Masekhet Bava Batra", 
        "Tosafot on Bava Bathra", 
        "Tosafot on Bava Batra", 
        "Tosafot on Talmud Bava Batra", 
        "Tosafot on Tractate Bava Batra"
    ], 
    "categories": [
        "Commentary", 
        "Talmud", 
        "Tosafot"
    ], 
    "ref": "Tosafot on Bava Batra 63b", 
    "type": "Commentary", 
    "addressTypes": [
        "Talmud", 
        "Integer", 
        "Integer"
    ], 
    "heCommentator": "תוספות", 
    "length": 350, 
    "indexTitle": "Tosafot on Bava Batra", 
    "heIndexTitle": "תוספות על בבא בתרא", 
    "alts": [], 
    "order": [
        22, 
        3
    ]
}