{
    "content": [
        {
            "segmentNumber": "1", 
            "links": [
                {
                    "category": "Halakhah", 
                    "index_title": "Sefer HaChinukh", 
                    "sourceHeRef": "ספר החינוך צ״ה", 
                    "sourceRef": "Sefer HaChinukh 95"
                }, 
                {
                    "category": "Tanakh", 
                    "index_title": "Deuteronomy", 
                    "sourceHeRef": "דברים י׳:י״ב", 
                    "sourceRef": "Deuteronomy 10:12"
                }, 
                {
                    "category": "Tanakh", 
                    "index_title": "Leviticus", 
                    "sourceHeRef": "ויקרא א׳:ט׳", 
                    "sourceRef": "Leviticus 1:9"
                }, 
                {
                    "category": "Tanakh", 
                    "index_title": "Exodus", 
                    "sourceHeRef": "שמות כ״ה:א׳-כ״ז:י״ט", 
                    "sourceRef": "Exodus 25:1-27:19"
                }
            ], 
            "he": " ביא שצונו לבנות בית הבחירה לעבודה, בו יהיה ההקרבה והבערת האש תמיד ואליו תהיה ההליכה והעליה לרגל והקבוץ בכל שנה. והוא אמרו יתעלה ועשו לי מקדש. ולשון ספרי שלש מצות נצטוו ישראל בעת כניסתן לארץ למנות להם מלך ולבנות להם בית הבחירה ולהכרית זרעו של עמלק. הנה התבאר שבנין בית הבחירה מצוה בפני עצמה. וכבר בארנו שזה הכלל כולל מינים רבים שהם המנורה והשלחן והמזבח וזולתם כלם מחלקי המקדש והכל יקרא מקדש, וכבר ייחד הצווי בכל חלק וחלק. אמנם אמרו במזבח מזבח אדמה תעשה לי שיחשב בזה שהיא מצוה בפני עצמה חוץ ממצות מקדש. הענין בו כמו שאספר לך אמנם פשטיה דקרא הנה הוא מבואר כי הוא מדבר בשעת היתר הבמות שהיה מותר לנו בזמן ההוא שנעשה מזבח אדמה בכל מקום ונקריב בו. וכבר אמרו כי ענין זה הוא שצוה לבנות מזבח שיהא מחובר בארץ ושלא יהיה נעתק ומטלטל כמו שהיה במדבר. והוא אמרם במכילתא דרבי ישמעאל בפירוש זה הפסוק כשתכנס לארץ עשה לי מזבח מחובר באדמה. וכאשר היה הדבר כן הנה זה הצווי נוהג לדורות ויהיה מחלקי המקדש, רוצה לומר שיבנה מזבח אבנים בהכרח. ובמכילתא אמרו בפירוש ואם מזבח אבנים תעשה לי רבי ישמעאל אומר כל אם ואם שבתורה רשות חוץ משלשה האחד מהם ואם מזבח אבנים, אמרו ואם מזבח אבנים חובה אתה אומר חובה או אינו אלא רשות תלמוד לומר אבנים שלמות תבנה וגו'. וכבר התבארו משפטי מצוה זו בכללה כלומר בנין בית המקדש ותארו ובנין המזבח והיא מבכת מחוברת לזו והיא מסכת מדות. וכן התבאר תבנית המנורה והשלחן ומזבח הזהב ומקום הנחתם מן ההיכל בגמרא מנחות ויומא. (תרומה, עבודה, בית הבחירה פ\"א): "
        }
    ], 
    "heTitle": "ספר המצוות לרמב\"ם, מצוות עשה", 
    "indexTitle": "Sefer HaMitzvot LaRambam", 
    "sectionRef": "Sefer HaMitzvot LaRambam, Mitzvot Ase 20", 
    "prev": "Sefer HaMitzvot LaRambam, Mitzvot Ase 19", 
    "ref": "Sefer HaMitzvot LaRambam, Mitzvot Ase 20", 
    "heRef": "ספר המצוות לרמב\"ם, מצוות עשה כ׳", 
    "next": "Sefer HaMitzvot LaRambam, Mitzvot Ase 21"
}