{
    "heTitleVariants": [
        "מצוות לא תעשה"
    ], 
    "heTitle": "ספר המצוות לרמב\"ם, מצוות לא תעשה", 
    "heRef": "ספר המצוות לרמב\"ם, מצוות לא תעשה קצ״ה", 
    "toSections": [
        195
    ], 
    "sectionRef": "Sefer HaMitzvot LaRambam, Mitzvot Lo Taase 195", 
    "next": "Sefer HaMitzvot LaRambam, Mitzvot Lo Taase 196", 
    "content": [
        {
            "segmentNumber": "1", 
            "he": " הזהירנו מהיות זולל וסובא במאכל ובמשתה בימי הנערות ובתנאים מתוארים בדין סורר ומורה. והוא אמרו לא תאכלו על הדם. ובאור זה שבן סורר ומורה מכלל חייבי מיתת בית דין, ולשון התורה בו בסקילה. וכבר התבאר בהקדמת זה המאמר שכל מי שחייב כרת או מיתת בית דין הוא מצות לא תעשה זולת הפסח ומילה כמו שבארנו, אם כן אחר שנדון בן זולל וסובא על התנאים הנזכרים בסקילה, ידענו זה המעשה שהוא מוזהר ממנו בהכרח ונתבאר העונש. אם כן צריך שנחקור על האזהרה לפי שלא ענש הכתוב אלא אם כן הזהיר. ולשון גמרת סנהדרין (דף ס\"ג) אזהרה לבן סורר ומורה מנין תלמוד לומר לא תאכלו על הדם רוצה לומר לא תאכל אכילה שהיא מביאה לשפוך דם, והיא אכילת סורר ומורה שחייב עליה מיתה. וכשאכל האכילה ההיא הרעה על הדרכים ההם אשר לא טובים כבר עבר על לאו אע\"פ שזה הלאו שבכללות כמו שבארנו בשרש תשיעי. כי זה אינו רחוק שאחר שהעונש מפורש אין לחוש על האזהרה אם היא מן הדין או מלאו שבכללות. וכבר התבארו דיני מצוה זו בפרק ח' מסנהדרין. (קדושים תהיו, הלכות ממרים פ\"ז): ", 
            "links": [], 
            "text": ""
        }
    ], 
    "book": "Sefer HaMitzvot LaRambam", 
    "prev": "Sefer HaMitzvot LaRambam, Mitzvot Lo Taase 194", 
    "textDepth": 2, 
    "sectionNames": [
        "Mitzvah", 
        "Seif"
    ], 
    "sections": [
        195
    ], 
    "isComplex": true, 
    "titleVariants": [
        "Mitzvot Lo Taase"
    ], 
    "categories": [
        "Halakhah"
    ], 
    "ref": "Sefer HaMitzvot LaRambam, Mitzvot Lo Taase 195", 
    "type": "Halakhah", 
    "addressTypes": [
        "Integer", 
        "Integer"
    ], 
    "indexTitle": "Sefer HaMitzvot LaRambam", 
    "heIndexTitle": "ספר המצוות לרמב\"ם", 
    "alts": [], 
    "order": ""
}