{
    "content": [
        {
            "segmentNumber": "1", 
            "links": [
                {
                    "category": "Halakhah", 
                    "index_title": "Sefer HaChinukh", 
                    "sourceHeRef": "ספר החינוך קס״ט", 
                    "sourceRef": "Sefer HaChinukh 169"
                }, 
                {
                    "category": "Tanakh", 
                    "index_title": "Leviticus", 
                    "sourceHeRef": "ויקרא י״ג:ב׳", 
                    "sourceRef": "Leviticus 13:2"
                }
            ], 
            "he": " היא שצונו להיות מצורע טמא, ומצוה זו כוללת דיני צרעת אדם ומה שממנה טהור ומה שממנה צריכה הסגר או אינה צריכה ומה שיצטרך עם ההסגר גלוח או אינו צריך והוא גלוח הנתק וזולת זה מחלקי דיניה ואיכות טומאתה. (תזריע, טהרה הלכות טומאת צרעת בז' פרקים הראשונים): "
        }
    ], 
    "heTitle": "ספר המצוות לרמב\"ם, מצוות עשה", 
    "indexTitle": "Sefer HaMitzvot LaRambam", 
    "sectionRef": "Sefer HaMitzvot LaRambam, Mitzvot Ase 101", 
    "prev": "Sefer HaMitzvot LaRambam, Mitzvot Ase 100", 
    "ref": "Sefer HaMitzvot LaRambam, Mitzvot Ase 101", 
    "heRef": "ספר המצוות לרמב\"ם, מצוות עשה ק״א", 
    "next": "Sefer HaMitzvot LaRambam, Mitzvot Ase 102"
}