{
    "heTitleVariants": [
        "תוספתא סוכה"
    ], 
    "heTitle": "תוספתא סוכה", 
    "heRef": "תוספתא סוכה ב׳", 
    "toSections": [
        2
    ], 
    "sectionRef": "Tosefta Sukkah 2", 
    "lengths": [
        4
    ], 
    "next": "Tosefta Sukkah 3", 
    "content": [
        {
            "segmentNumber": "1", 
            "he": "שלוחי מצוה פטורין מן הסוכה אע\"פ שאמרו אין שבחו של אדם להניח [את] ביתו ברגל מעשה ברבי אלעי שהלך [אצל ר\"א ללוד] אמר לו [מה זה] אלעי [אי אתה משובתי הרגל לא אמרו אין שבחו של אדם להניח ביתו] ברגל משום שנאמר (דברים טז) ושמחת בחגך.", 
            "links": [
                {
                    "category": "Tanakh", 
                    "sourceHeRef": "דברים ט״ז", 
                    "index_title": "Deuteronomy", 
                    "sourceRef": "Deuteronomy 16"
                }
            ], 
            "text": "Those out on a religious mission are exempt from [the mitzvah of living in] the sukkah, however it is said: \"It is no praise for a man to leave his house during the festival.\" There is a story of Rabbi Ilai, that he went to visit Rabbi Elieser in Lud. He said to him, What does this mean, Ilai? Are you not one of those who rest on the festival? Is it not said, It is no praise for man to leave his house during the festival since it is said, And thou shalt rejoice, thou and thy house?"
        }, 
        {
            "segmentNumber": "2", 
            "he": "חולין ומשמשיהן פטורין מן הסוכה ולא חולה מסוכן אלא אפי' חש בראשו [אפילו] חש [בעינו ואמר רשב\"ג מעשה וחשתי] בעיני בקיסרין והתיר לי רבי יוסי [בר ר'] לישן אני [ושמשי] חוץ לסוכה [אמר רבי כשהיינו באין אני ור\"א בר' צדוק אצל רבי יוחנן בן נורי לבית שערים והיינו אוכלים תאנים וענבים חוץ לסוכה וכן היה רבי אומר כל סוכה שאין בה ד\"א על ד\"א פסולה וחכ\"א אין מחזקת אלא ראשו ורובו בלבד כשרה.  מעשה באנשי ירושלים שהיו משלשלין מטותיהן בחלונות שגבוהין עשרה ומסככין על גביהם וישנים תחתיהן פסל היוצא חוץ לסוכה נידון כסוכה].", 
            "links": [
                {
                    "category": "Talmud", 
                    "sourceHeRef": "סוכה ג׳ א:ל״ו", 
                    "index_title": "Sukkah", 
                    "sourceRef": "Sukkah 3a:36"
                }, 
                {
                    "category": "Talmud", 
                    "sourceHeRef": "סוכה י״ט א:ל״ב", 
                    "index_title": "Sukkah", 
                    "sourceRef": "Sukkah 19a:32"
                }, 
                {
                    "category": "Talmud", 
                    "sourceHeRef": "סוכה כ״ו א:כ״ח-ל׳", 
                    "index_title": "Sukkah", 
                    "sourceRef": "Sukkah 26a:28-30"
                }
            ], 
            "text": "The sick and their attendants are exempt from observance of the festival ; and not only one who is dangerously ill, but even one who has a headache or a pain in his eyes. Rabbi Simeon ben Gamaliel said: Once I was in Csesarea with pain in my eyes, and R. Jose allowed me and my attendant to sleep outside the sukkah. Rabbi said, \"Once I and Rabbi Elieser ben Rabbi Zadok were visiting Rabbi Yohanan ben Nuri at Beth-Shearim, and we were eating figs and grapes outside the sukkah, and Rabbi was saying, 'Every sukkah which is not four cubits square is not valid.'\" But the sages say, \"If it contains space for the head, and the greater part of the body only, it is valid.\" There is a story of the men of Jerusalem that they were lowering their beds through windows which were ten handbreadths high, and were sleeping under them. A lath roof prolonged beyond the walls of a sukkah is to be judged like a sukkah. "
        }, 
        {
            "segmentNumber": "3", 
            "he": "שומרי העיר ביום פטורים מן הסוכה ביום וחייבין בלילה שומרי העיר בלילה פטורין בלילה וחייבין ביום שומרי העיר בין ביום בין בלילה פטורין בין ביום בין בלילה [הולכי דרכים פטורין ביום וחייבין בלילה] שומרי גנות [ופרדסות פטורין בלילה וחייבין ביום].", 
            "links": [
                {
                    "category": "Talmud", 
                    "sourceHeRef": "סוכה כ״ו א:ט״ז", 
                    "index_title": "Sukkah", 
                    "sourceRef": "Sukkah 26a:16"
                }
            ], 
            "text": "The watchmen of the city who watch by day are exempt from the law of the sukkah by day, but under obligation by night; those who watch by day and by night are exempted both by day and by night. Travellers are under obligation by night, but exempted by day. Keepers of gardens and parks are exempted both by day and by night. "
        }, 
        {
            "segmentNumber": "4", 
            "he": "אמר רבי אלעזר ברבי צדוק כשהייתי למד [אצל יוחנן בן החרבית ראיתיו שהוא אוכל פת חרבה שהיו שני בצורת באתי ואמרתי לאבא ואמר לי הילך זיתים הולכתי לו זיתים ונטלן והסתכל בהן וראה שהן לחין אמר איני אוכל זיתים לחין באתי ואמרתי לאבא אמר לי לך אמור לו מנוקבת היתה כדברי בית הלל אלא שסתמוה שמרים להודיעך שהיה אוכל חולין בטהרה שאע\"פ שהוא מתלמידי בית שמאי לא היה נוהג אלא כדברי ב\"ה לעולם הלכה כדברי ב\"ה הרוצה להחמיר על עצמו לנהוג כדברי ב\"ש וכדברי ב\"ה עליו נאמר (קוהלת ב) הכסיל בחושך הולך התופס קולי ב\"ה וקולי ב\"ש הרי זה רשע אלא כדברי ב\"ש בקוליהון ובחומריהון או כדברי ב\"ה בקוליהון ובחומריהון].", 
            "links": [], 
            "text": "Said Rabbi Eliezer ben Rabbi Zadok: When I was studying Torah with Rabbi Yohanan the Horohite, I observed him eating his bread dry, for those were years of scarcity. I went and told my father, who said to me: Take him some olives. So I took some to him. He took them and looked at them; but when he saw that they were moist he said to me, I do not eat moist olives. So I went and told my father, who said to me, go and tell him that the olive (bottle) is perforated according to the laws of the school of Hillel, but the lees have stopped it up, to show that one may eat profane things from no impure motive. So though he was a disciple of the school of Shammai he was guided by the opinions of the school of Hillel."
        }, 
        {
            "segmentNumber": "5", 
            "he": "היה אוכל [בסוכה] וירדו [עליו] גשמים והלך לו אף על פי שפסקו [גשמים] אין מחייבין אותו לחזור עד שיגמור היה ישן בסוכה וירדו [עליו] גשמים והלך [אע\"פ שפסקו גשמים] אין מחייבין אותו לחזור עד [שיעור].", 
            "links": [
                {
                    "category": "Talmud", 
                    "sourceHeRef": "סוכה כ״ט א:י״ט", 
                    "index_title": "Sukkah", 
                    "sourceRef": "Sukkah 29a:19"
                }
            ], 
            "text": "Should one eat in the sukkah and rain falls, and one leaves it, even if the rain ceases, we do not oblige him to return and finish his meal. Should one be sleeping in the sukkah and rain falls, and one leaves it, even if the rain ceases we do not oblige him to return until he wake up again."
        }, 
        {
            "segmentNumber": "6", 
            "he": "מפני ד' דברים מאורות לוקין מפני כותבי פלסתר [ומפני מעידי] עדות שקר ומפני מגדלי בהמה דקה ומפני קוצצי אילנות טובות.  [מפני] ד' דברים נכסי בעלי בתים ישראל נמסרין למלכות מפני כובשי שטרות ומפני מלוי ברבית ומפני שפוסקין צדקה [ואין נותנין ושסיפק בידו] למחות ואין ממחין.", 
            "links": [], 
            "text": "On account of four things are the luminaries eclipsed: on account of writing forgeries, on account of breeding small cattle, on account of bearing false witness, and on account of cutting down good trees. On account of four things the property of householders in Israel is confiscated by the government: on account of delaying a satisfied bond of indebtedness, on account of lending on interest, on account of promising and not performing, on account of offering to remit a debt and not doing so."
        }, 
        {
            "segmentNumber": "7", 
            "he": "בזמן שהמאורות לוקין סימן רע לעולם משל למלך בשר ודם שבנה פלטרין ושכללם והתקין [בהם את הסעודה ואחר כך הכניס את האורחין כעס עליהן אמר לשמש טול את הנר מלפניהם] ונמצאו כולן יושבין בחשיכה היה ר\"מ אומר בזמן שהמאורות לוקין סימן רע לשונאיהם של ישראל משל לסופר שנכנס לבית הספר ואמר הביאו לי רצועה מי הוא דואג מי שלמוד להיות לוקה בזמן שהחמה לוקה סימן רע לעכו\"ם לבנה לוקה סימן רע לשונאיהם של ישראל שהעכו\"ם מונין לחמה [וישראל מונין ללבנה] בזמן שלוקה במזרח סימן רע ליושבי מזרח במערב סימן רע ליושבי מערב באמצע סימן רע לכל העולם בזמן שנהפכו [זיויה] כמין דם פורענות של חרב בא לעולם [פורענות של דבר ושל] רעב בא לעולם [בזמן שלקו בכניסתן פורענות שוהה לבא ביציאתן פורענות ממהרת לבא] וי\"א חלוף הדברים [אין] לך כל אומה ואומה שלוקה שאין אלוה שלה לוקין שנא' ובכל אלהי מצרים וגו' בזמן שישראל עסוקין בתורה אין דואגין מכל שנאמר (ירמיהו י) כה אמר ה' אל דרך הגוים אל תלמדו וגו'.", 
            "links": [
                {
                    "category": "Tanakh", 
                    "sourceHeRef": "ירמיהו י׳", 
                    "index_title": "Jeremiah", 
                    "sourceRef": "Jeremiah 10"
                }
            ], 
            "text": "When the luminaries are eclipsed it is a bad omen to the whole world. What is this to be compared to? To a king who made a feast and notified the wayfarers; he was angry with them, and bade the steward remove the lamp from before them, so that they were all sitting in darkness. Rabbi Meir says: When the luminaries are eclipsed it is an ill omen to the enemies of Israel. What is this to be compared to? To a teacher who went to a secondary school, and said, \"Bring me a strap.\" Who is more afraid? The child who is accustomed to being beaten. When the sun is eclipsed it is a bad omen to the nations of the world; when the moon is eclipsed it is a bad omen to the nations of the world, but a good omen to Israel; for the Gentiles reckon time from the sun, but Israel reckons time from the moon; when it is eclipsed in the east, it is a bad omen to the dwellers in the east; when in the west, it is a bad omen to the dwellers in the west; when in the center, it is a bad omen to the whole world. When the sun and the moon are turned as it were to blood, punishment by the sword comes on the world, punishment by pestilence and by famine. When they are eclipsed at the time of their rising punishment tarries in coming; when at the time of their setting punishment hastens to come; but there are those who say just the reverse of this. There is no nation punished whose gods are not punished with it, as it is said, \"And against all the gods of Egypt, etc.\" When Israel is busied in the study of Torah it is not troubled by these things, for it is said, \"Thus said God, Learn not the way of the nations, etc.\" [Jerimiah 10]"
        }, 
        {
            "segmentNumber": "8", 
            "he": "[לולב העשוי כמין חרות או שנפרצו רוב עליו פסול ערבה] של בעל ושל הרים [כשרה] א\"כ למה נאמר (ויקרא כג) ערבי נחל פרט [לצפצף].", 
            "links": [
                {
                    "category": "Tanakh", 
                    "sourceHeRef": "ויקרא כ״ג", 
                    "index_title": "Leviticus", 
                    "sourceRef": "Leviticus 23"
                }
            ], 
            "text": "A palm-branch which is dried up, or whose top is broken, is not valid. A willow of a naturally watered field, or a mountain willow, is valid. If this is so, why is it said, \"Willows of the brook?\" [Leviticus 23] To exclude the tsaphtsaph. "
        }, 
        {
            "segmentNumber": "9", 
            "he": "[איזהו צפצף העשוי כמין מסר איזו היא ערבה כשרה] קנה שלה אדום ועלה [ארוך איזו היא ערבה פסולה] קנה שלה לבן ועלה שלה עגול הדס וערבה שנקטמו תמרות [העולות מתוכן] כשירות [שיעור הדס וערבה שלשה טפחים ולולב ד' טפחים רבי טרפון אומר באמה של חמשה טפחים].", 
            "links": [
                {
                    "category": "Talmud", 
                    "sourceHeRef": "סוכה ל״ב ב:כ״א", 
                    "index_title": "Sukkah", 
                    "sourceRef": "Sukkah 32b:21"
                }, 
                {
                    "category": "Talmud", 
                    "sourceHeRef": "סוכה ל״ד א:כ״ד", 
                    "index_title": "Sukkah", 
                    "sourceRef": "Sukkah 34a:24"
                }
            ], 
            "text": "What is the tsaphtsaph? It has leaves serrated like a saw, and such a willow is not valid ; its stem is white and its leaf rounded. A myrtle and a willow which have been lopped, and palms coming out between them, are valid. The size of a myrtle and a willow must be three handbreadths, that of a palm-branch four. Rabbi Tarphon says: In a cubit there are five handbreadths. As for these four kinds of plants, just as nothing must be taken away from them so must nothing be added to them."
        }, 
        {
            "segmentNumber": "10", 
            "he": "ארבעה מינין הללו כשם שאין פוחתין [מהם] כך אין מוסיפין עליהם [אם אין לו אתרוג לא יטול עמו רמון פריש] ולא דבר אחר היו כמושין כשרין יבשין פסולין ר' יהודה אומר אם היו יבשין כשרין אמר רבי יהודה מעשה באנשי כרכין שהיו מורישין לולביהן [לבניהן] בשעת הדחק אמרו לו אין שעת הדחק ראיה.", 
            "links": [
                {
                    "category": "Talmud", 
                    "sourceHeRef": "סוכה ל״א א:נ״ד", 
                    "index_title": "Sukkah", 
                    "sourceRef": "Sukkah 31a:54"
                }
            ], 
            "text": "If one does not have a citron, he must not take in his hand a quince, or any other fruit. Withered fruits are valid, but dried ones are not valid. Rabbi Yehudah, however, says that even dried-up ones are valid. And again he says: There is a story of the men of Carbin that they used to transmit their lulavs in the time of persecution. They said to him, The time of persecution is no proof."
        }, 
        {
            "segmentNumber": "11", 
            "he": "לולב בין אגוד בין שאינו אגוד כשר ר' יהודה אומר אגוד כשר ושאינו אגוד פסול לא יאגדנו ביו\"ט אבל נוטל הימנו שרביט ואוגדו אין אוגדין את הלולב אלא במינו דברי רבי יהודה רבי מאיר אומר אפילו במשיחה א\"ר [מעשה באנשי] ירושלים שהיו אוגדין [לולביהן בגימונות] של זהב אמרו לו [משם ראיה אף הן] היו אוגדין אותו [במינו] מלמטה.", 
            "links": [
                {
                    "category": "Talmud", 
                    "sourceHeRef": "סוכה י״א ב:מ״ח", 
                    "index_title": "Sukkah", 
                    "sourceRef": "Sukkah 11b:48"
                }, 
                {
                    "category": "Talmud", 
                    "sourceHeRef": "סוכה ל״ג א:מ״ח-מ״ט", 
                    "index_title": "Sukkah", 
                    "sourceRef": "Sukkah 33a:48-49"
                }, 
                {
                    "category": "Talmud", 
                    "sourceHeRef": "סוכה ל״ז א:י״ז", 
                    "index_title": "Sukkah", 
                    "sourceRef": "Sukkah 37a:17"
                }
            ], 
            "text": "A lulav, whether bound or not bound is valid. Rabbi Yehudah says, \"One bound is valid, but one not bound is not valid.\" One must not tie it together on the day of the festival; but one can draw out a twig from it, and bind it. \"They do not bind the lulav but with its own kind\" - the words of Rabbi Yehudah. Rabbi Meir says, \"It may be tied even with a cord.\" He also says, \"There is a story of the men of Jerusalem, that they were binding their lulavs with gold bands.\" They said to him, \"Do you seek a proof from this?\" The fact is, they were binding them with their own kind beneath the gold bands!"
        }, 
        {
            "segmentNumber": "12", 
            "he": "אמר ר\"א בר צדוק כך היו [אנשי ירושלים נוהגין נכנס לבית הכנסת לולבו בידו עמד לתרגם ולעבור לפני התיבה לולבו בידו עמד לקרות בתורה ולישא את כפיו מניחו בארץ יצא מבית הכנסת לולבו בידו נכנס לבקר את החולים ולנחם אבלים לולבו בידו נכנס לבית המדרש נותנו לבנו או לשלוחו ומחזירו לתוך ביתו].", 
            "links": [
                {
                    "category": "Talmud", 
                    "sourceHeRef": "סוכה מ״א ב:מ״א", 
                    "index_title": "Sukkah", 
                    "sourceRef": "Sukkah 41b:41"
                }
            ], 
            "text": "Rabbi Eleazar ben Rabbi Zadok said: Thus were the men of Jerusalem accustomed to do: each went to the synagogue with his lulav in his hand; when he stood up to interpret or when he passed before the ark, the lulav was in his hand ; when he stood up to read the Law or to lift up his hands 1 he laid the lulav on the ground; when he went forth from the synagogue he held the lulav in his hand; with it in his hand he went forth to comfort mourners; with it in his hand he went to visit the sick; when he went to the college he then gave it to his servant, who carried it back again to his house."
        }, 
        {
            "segmentNumber": "13", 
            "he": "[יום טוב הראשון של חג אין אדם יוצא ידי חובתו בלולבו של חבירו אלא אם כן נותנו לו במתנה גמורה מעשה ברבן גמליאל וזקנים שהיו באים בספינה ולא היה עמהן לולב לקח ר\"ג לולב [בדינר] כיון שיצא בו ידי חובתו נתנו לחברו במתנה וחברו לחברו עד שיצאו כולן ידי חובתן והחזירוהו לו רבי יוסי אומר יו\"ט הראשון של חג כיון שיצא בו ידי חובתו אסור לטלטלו].", 
            "links": [
                {
                    "category": "Talmud", 
                    "sourceHeRef": "סוכה מ״א ב:כ״ג", 
                    "index_title": "Sukkah", 
                    "sourceRef": "Sukkah 41b:23"
                }
            ], 
            "text": "On the first day of the festival no man fulfills his duty with his neighbor's lulav, except if he has given it to him as a real gift. There is a story of Rabban Gamaliel and the elders who were going on board a ship and had no lulav with them. Rabban Gamaliel bought a lulav for a gold denarius, and when he had fulfilled his duty with it, he gave it as a real gift to his fellows, and when they had in turn passed it on and fulfilled their duty they returned it to him. Rabbi Yose said, \"On the first day of the festival, after one has fulfilled his duty with the lulav, he is forbidden to remove it.\""
        }
    ], 
    "book": "Tosefta Sukkah", 
    "prev": "Tosefta Sukkah 1", 
    "textDepth": 2, 
    "sectionNames": [
        "Chapter", 
        "Tosefta"
    ], 
    "sections": [
        2
    ], 
    "isComplex": false, 
    "titleVariants": [
        "T. Sukkah", 
        "Tosefta Sukkah", 
        "Tos. Sukkah", 
        "Tosefta Succah", 
        "Tos. Sukah", 
        "Tosefta Sukah", 
        "T. Sukah"
    ], 
    "categories": [
        "Tosefta", 
        "Seder Moed"
    ], 
    "ref": "Tosefta Sukkah 2", 
    "type": "Tosefta", 
    "addressTypes": [
        "Integer", 
        "Integer"
    ], 
    "length": 4, 
    "indexTitle": "Tosefta Sukkah", 
    "heIndexTitle": "תוספתא סוכה", 
    "alts": [], 
    "order": [
        6
    ]
}