{
    "heTitleVariants": [
        "מהר\"ם שיף על גיטין"
    ], 
    "heTitle": "מהר\"ם שיף על גיטין ל״ו ב", 
    "content": [
        {
            "segmentNumber": "1", 
            "he": "גמ' <b>שב ואל תעשה הוא.  </b> הלשון משמע כאילו להס\"ד דהמקשה לא חשיב שב ואל תעשה וכן פירש הרשב\"א [דצריך שיאמר משמט אני] ע\"ש: עב\"פ תקנות הלל מפני תיקון העולם משום תקנות עניים לא משום העברת דת [כמשמעות לשון פרוזבולי ובוטי] אף שפרש\"י בד\"ה רבא משום סייג וגדר גם זה גדר הוא גם משום קושיות ותקינו רבנן דתישמט [דהוא גדר זכר לשביעית]: ", 
            "links": [
                {
                    "category": "Talmud", 
                    "sourceHeRef": "גיטין ל״ו ב:ה׳", 
                    "index_title": "Gittin", 
                    "sourceRef": "Gittin 36b:5"
                }
            ], 
            "text": ""
        }, 
        {
            "segmentNumber": "2", 
            "he": "גמ' <b>ואי ס\"ד לדרי עלמא נמי תיקן בשאר בי דינא נמי לכתבו.  </b> לפי\"ז נ\"מ של האיבעיא כפשוטו לענין אי כתבינן בשאר ב\"ד ותלמודא דנקיט נ\"מ לבטולי משום דדחי הת\"ש כי תיקן הלל נמי לדרי עלמא כגון בי דינא דידיה וכו' ובזה מיושב נמי בסמוך אבטליניה הא אין ב\"ד כו' למה ליה הך סיומא הא שפיר פשיט דיכול לבטל כדקאמר אבטליניה אלא משום דלפי סברת הפשטן הנ\"מ בלא לבטולי רק לענין בשאר ב\"ד [והיה צריך לאתויי אידך דשמואל ולכך סיים הא אין ב\"ד כו' דתיפשט מינה כולה] ודו\"ק: ", 
            "links": [
                {
                    "category": "Talmud", 
                    "sourceHeRef": "גיטין ל״ו ב:כ״א", 
                    "index_title": "Gittin", 
                    "sourceRef": "Gittin 36b:21"
                }
            ], 
            "text": ""
        }, 
        {
            "segmentNumber": "3", 
            "he": "גמ' <b>אע\"ג דלא כתב ככתב דמי פרש\"י יהיו כמוסרין כו'  .  </b> משמע אע\"ג דלא מסר וא\"ל א\"כ מבטל תקנת ב\"ד ראשון דתישמט זכר לשביעית בשלמא הלל לא ביטל דאם לא כתב פרוזבול משמט וזה עצמו הדבר מה שצריך לכתוב פרוזבול י\"ל דר\"נ קאי על איישר חילי פירוש יותר מב\"ד הראשון ועי\"ל במלוה ע\"פ מתקיים תקנתן עי\"ל לענין שב ואל תעשה יכול לבעל דברי ב\"ד חבירו: ", 
            "links": [], 
            "text": ""
        }, 
        {
            "segmentNumber": "4", 
            "he": "גמ' <b>או לישנא דניחותא הוא כו'   פי' רש\"י לא עשאוהו אלא לנחת.  </b> אע\"ג דתנן כשראו שנמנעו פירוש משום שנמנעו כו' עשה תקנה אבל מה שעשה פרוזבול והיה יכול לתקן בע\"א לכוף כל אחד לפרוע קודם שביעית זה היה משום ניחותא. והיה אפשר לומר משום ניחותא ר\"ל ענותנותו של דיינים הוא שהיו יכולין לתקן אלימי מזה אף בלא פרוזבול [אלא] דא\"כ מאי אבטלינה: <br>מה משמעות עולבנא לניחותא אי משום עולב או עלוב הו\"ל למיבעי עולב או עלוב: ", 
            "links": [
                {
                    "category": "Talmud", 
                    "sourceHeRef": "גיטין ל״ו ב:ל״ו", 
                    "index_title": "Gittin", 
                    "sourceRef": "Gittin 36b:36"
                }
            ], 
            "text": ""
        }, 
        {
            "segmentNumber": "5", 
            "he": "גמ' <b>הסריח.  </b> לשון תרגום ור\"ל הבאיש: ", 
            "links": [
                {
                    "category": "Talmud", 
                    "sourceHeRef": "גיטין ל״ו ב:מ״ב", 
                    "index_title": "Gittin", 
                    "sourceRef": "Gittin 36b:42"
                }
            ], 
            "text": ""
        }, 
        {
            "segmentNumber": "6", 
            "he": "גמ' <b>כצאת השמש.  </b> נעלב מן הלבנה דאמרה אי אפשר לב' מלכים ושותק. עושין מאהבה כמו שאמרו שמחים בצאתם וששים וכו' והוא כחתן יוצא וכו' ישיש כגבור לרוץ אורח אף שיש לה יסורין כמו שאמרו כשיוצא מפלת חררת דם כנדה שנא' ישיש כגבור לרוץ אורח כנשים ודו\"ק: ", 
            "links": [
                {
                    "category": "Talmud", 
                    "sourceHeRef": "גיטין ל״ו ב:מ״ה", 
                    "index_title": "Gittin", 
                    "sourceRef": "Gittin 36b:45"
                }
            ], 
            "text": ""
        }, 
        {
            "segmentNumber": "7", 
            "he": "גמ' <b>ובוטי.  </b> דאותיות דטלנ\"ת מתחלפין דאל\"כ למה קרא עשירים בלשון בולי בכאן הול\"ל פרוז עשיר אלא כדי לכלול העניים: ", 
            "links": [
                {
                    "category": "Talmud", 
                    "sourceHeRef": "גיטין ל״ו ב:מ״ח", 
                    "index_title": "Gittin", 
                    "sourceRef": "Gittin 36b:48"
                }
            ], 
            "text": ""
        }, 
        {
            "segmentNumber": "8", 
            "he": "ברש\"י <b>בד\"ה ואמרו רבנן דתישמט ונמצא הלוה גזלן וכו'  .  </b> אבל לעיל פריך כפשוטו בלא\"ה דעוקר מצוה: ", 
            "links": [
                {
                    "category": "Commentary", 
                    "sourceHeRef": "רש\"י על גיטין ל״ו ב:ג׳:ב׳", 
                    "index_title": "Rashi on Gittin", 
                    "sourceRef": "Rashi on Gittin 36b:3:2"
                }, 
                {
                    "category": "Talmud", 
                    "sourceHeRef": "גיטין ל״ו ב:ג׳", 
                    "index_title": "Gittin", 
                    "sourceRef": "Gittin 36b:3"
                }
            ], 
            "text": ""
        }, 
        {
            "segmentNumber": "9", 
            "he": "ברש\"י <b>בד\"ה לבטולי כו'  .  </b> לבטל כו' שאפילו כתב בפרוזבול ישמט. להתוספות הא דאורייתא הוא דאינו משמט מוסר וכו' דא\"ל כגון במלוה ע\"פ דע\"כ צ\"ל או מדאורייתא במוסר החוב בע\"פ או בכתב נמי לא ישמט או אף לתקנת הלל משמט מדהקשו לעיל בד\"ה מי איכא מידי ואע\"ג דבספרי כו': ", 
            "links": [
                {
                    "category": "Commentary", 
                    "sourceHeRef": "רש\"י על גיטין ל״ו ב:י״ז:א׳", 
                    "index_title": "Rashi on Gittin", 
                    "sourceRef": "Rashi on Gittin 36b:17:1"
                }, 
                {
                    "category": "Talmud", 
                    "sourceHeRef": "גיטין ל״ו ב:י״ז", 
                    "index_title": "Gittin", 
                    "sourceRef": "Gittin 36b:17"
                }
            ], 
            "text": ""
        }, 
        {
            "segmentNumber": "10", 
            "he": "בתוס' <b>בד\"ה ותיקן רבנן כו'  .  </b> ולא רצו לתקן יובל לענין חזרת קרקעות לחודא או שביעית להשמטת כספים לחודיה: ", 
            "links": [
                {
                    "category": "Commentary", 
                    "sourceHeRef": "תוספות על גיטין ל״ו ב:א׳:א׳-י״ח:א׳", 
                    "index_title": "Tosafot on Gittin", 
                    "sourceRef": "Tosafot on Gittin 36b:1:1-18:1"
                }, 
                {
                    "category": "Talmud", 
                    "sourceHeRef": "גיטין ל״ו ב:א׳-י״ח", 
                    "index_title": "Gittin", 
                    "sourceRef": "Gittin 36b:1-18"
                }
            ], 
            "text": ""
        }, 
        {
            "segmentNumber": "11", 
            "he": "בתוס' <b>בד\"ה אא\"כ.  </b> בע\"ז הקשו מכח פרוזבול דהכא [דקאמר אי איישר חילא יותר מהילל היכי דמי אי דפשיט כו'] ולא כפשוטו על אא\"כ גדול וכו' [כדמסקו הכא] משום דבקשיא מציינים שם (ש) וזה בעצמו קושית הגמ' שם ואה\"נ לפי התירוץ שם הומ\"ל [על אא\"כ] ועוד משום קושיא שניה שהקשו שם הא פרוזבול מסתמא פשט ויכול לעמוד וכו' [וכ\"כ מהרש\"א שם]: ", 
            "links": [
                {
                    "category": "Commentary", 
                    "sourceHeRef": "תוספות על גיטין ל״ו ב:י״ח:א׳", 
                    "index_title": "Tosafot on Gittin", 
                    "sourceRef": "Tosafot on Gittin 36b:18:1"
                }, 
                {
                    "category": "Talmud", 
                    "sourceHeRef": "גיטין ל״ו ב:י״ח", 
                    "index_title": "Gittin", 
                    "sourceRef": "Gittin 36b:18"
                }
            ], 
            "text": ""
        }, 
        {
            "segmentNumber": "12", 
            "he": "בא\"ד <b>והיכא דלא פשט כגון שמן אע\"ג דעמדו כו'   דשמן מי\"ח דבר כדאיתא בע\"ז ובירושלמי דפריך ולא כן תנינן שאין ב\"ד יכול כו'.  </b> אף בגדול אינו יכול לבטל ובגמרא דע\"ז נמי פריך מזה ועוד הא אמר כו' אפילו אם יבא אליהו כו': <br>הא דירושלמי ר\"י כדעתיה כו' ולא קבלו רוב ציבור כו'. היינו לא פשט ואע\"ג דבעבודת כוכבים שהביאו לעיל וסמכו רבותינו כו' ועל דברי ר\"א ב\"צ כו' אא\"כ רוב ציבור יכולין לעמוד [מ\"מ הך דאמר ר\"י בירושלמי בשם ר\"א ב\"צ פירושו לא פשט] כנ\"ל פשוט ולא כאשר ראיתי מי שהבין שפירושו אין יכולין לעמוד ונדחק עצמו ע\"ש ודו\"ק: ", 
            "links": [
                {
                    "category": "Commentary", 
                    "sourceHeRef": "תוספות על גיטין ל״ו ב:י״ח:א׳", 
                    "index_title": "Tosafot on Gittin", 
                    "sourceRef": "Tosafot on Gittin 36b:18:1"
                }, 
                {
                    "category": "Talmud", 
                    "sourceHeRef": "גיטין ל״ו ב:י״ח", 
                    "index_title": "Gittin", 
                    "sourceRef": "Gittin 36b:18"
                }
            ], 
            "text": ""
        }, 
        {
            "segmentNumber": "13", 
            "he": "בא\"ד <b>ומיהו בדבר שלא תקנו וכו'  .  </b> הא דשמעתין תקנו שיתפשט בכ\"מ שיהיה שם ב\"ד חשוב [מיישב בזה קושית מהרש\"א ע\"ש]: ", 
            "links": [
                {
                    "category": "Commentary", 
                    "sourceHeRef": "תוספות על גיטין ל״ו ב:י״ח:א׳", 
                    "index_title": "Tosafot on Gittin", 
                    "sourceRef": "Tosafot on Gittin 36b:18:1"
                }, 
                {
                    "category": "Talmud", 
                    "sourceHeRef": "גיטין ל״ו ב:י״ח", 
                    "index_title": "Gittin", 
                    "sourceRef": "Gittin 36b:18"
                }
            ], 
            "text": ""
        }, 
        {
            "segmentNumber": "14", 
            "he": "בתוס' <b>בד\"ה דאלימי כו'   תנן במס' שביעית כו'.  </b> מלתא באפי נפשיה הוא ובגמ' שלי מוגה והא דתנן ואינו מובן: ", 
            "links": [
                {
                    "category": "Commentary", 
                    "sourceHeRef": "תוספות על גיטין ל״ו ב:כ״ב:א׳", 
                    "index_title": "Tosafot on Gittin", 
                    "sourceRef": "Tosafot on Gittin 36b:22:1"
                }, 
                {
                    "category": "Talmud", 
                    "sourceHeRef": "גיטין ל״ו ב:כ״ב", 
                    "index_title": "Gittin", 
                    "sourceRef": "Gittin 36b:22"
                }
            ], 
            "text": ""
        }, 
        {
            "segmentNumber": "15", 
            "he": "בתוס' <b>בד\"ה דכתיב נתן ולא כתיב הסריח כו'   מ\"מ הומ\"ל עזב.  </b> להתוס' הול\"ל ולא כתב עזב ולולי דבריהם נראה דדיוקא דחביבותא דהו\"ל לקצר ולכתוב נרדי הסריח ורמו שאיתא ריש פסחים תנא דבי ר\"י לעולם אל יוציא אדם לשון מגונה מפיו שהרי עיקם וכו' ופריך ובדאורייתא לא כתיב טמא כו' ה\"מ היכא דכי הדדי נינהו וכו' לשון קצרה עדיף וכו': ", 
            "links": [
                {
                    "category": "Commentary", 
                    "sourceHeRef": "תוספות על גיטין ל״ו ב:מ״ב:א׳", 
                    "index_title": "Tosafot on Gittin", 
                    "sourceRef": "Tosafot on Gittin 36b:42:1"
                }, 
                {
                    "category": "Talmud", 
                    "sourceHeRef": "גיטין ל״ו ב:מ״ב", 
                    "index_title": "Gittin", 
                    "sourceRef": "Gittin 36b:42"
                }
            ], 
            "text": ""
        }
    ], 
    "heRef": "מהר\"ם שיף על גיטין ל״ו ב", 
    "toSections": [
        "36b"
    ], 
    "sectionRef": "Maharam Shif on Gittin 36b", 
    "title": "Maharam Shif on Gittin 36b", 
    "next": "Maharam Shif on Gittin 37a", 
    "heBook": "מהר\"ם שיף על גיטין", 
    "book": "Maharam Shif on Gittin", 
    "prev": "Maharam Shif on Gittin 36a", 
    "textDepth": 2, 
    "sectionNames": [
        "Daf", 
        "Comment"
    ], 
    "sections": [
        "36b"
    ], 
    "isComplex": false, 
    "titleVariants": [
        "Maharam Shif on Gittin"
    ], 
    "categories": [
        "Commentary2", 
        "Talmud", 
        "Maharam Shif"
    ], 
    "ref": "Maharam Shif on Gittin 36b", 
    "type": "Commentary2", 
    "addressTypes": [
        "Talmud", 
        "Integer"
    ], 
    "indexTitle": "Maharam Shif on Gittin", 
    "heIndexTitle": "מהר\"ם שיף על גיטין", 
    "alts": [], 
    "order": ""
}