{
    "heTitleVariants": [
        "פרה", 
        "משנה פרה"
    ], 
    "heTitle": "משנה פרה", 
    "heRef": "משנה פרה ח׳", 
    "toSections": [
        8
    ], 
    "sectionRef": "Mishnah Parah 8", 
    "lengths": [
        12, 
        96
    ], 
    "next": "Mishnah Parah 9", 
    "content": [
        {
            "segmentNumber": "1", 
            "he": "שנים שהיו שומרים את השקת, נטמא אחד מהם, כשרים, מפני שהן ברשותו של שני.טהר, ונטמא שני, כשרים, מפני שהן ברשותו של ראשון.נטמאו שניהן כאחת, פסולין.עשה אחד מהן מלאכה, כשרין, מפני שהן ברשותו של שני.עמד, ועשה השני מלאכה, כשרין, מפני שהן ברשותו של ראשון.עשו שניהן כאחד, פסולין.", 
            "links": [
                {
                    "category": "Commentary", 
                    "sourceHeRef": "ברטנורא על משנה פרה ח׳:א׳:א׳", 
                    "index_title": "Bartenura on Mishnah Parah", 
                    "sourceRef": "Bartenura on Mishnah Parah 8:1:1"
                }, 
                {
                    "category": "Commentary", 
                    "sourceHeRef": "ברטנורא על משנה פרה ח׳:א׳:ב׳", 
                    "index_title": "Bartenura on Mishnah Parah", 
                    "sourceRef": "Bartenura on Mishnah Parah 8:1:2"
                }, 
                {
                    "category": "Commentary", 
                    "sourceHeRef": "ברטנורא על משנה פרה ח׳:א׳:ג׳", 
                    "index_title": "Bartenura on Mishnah Parah", 
                    "sourceRef": "Bartenura on Mishnah Parah 8:1:3"
                }, 
                {
                    "category": "Commentary", 
                    "sourceHeRef": "ברטנורא על משנה פרה ח׳:א׳:ד׳", 
                    "index_title": "Bartenura on Mishnah Parah", 
                    "sourceRef": "Bartenura on Mishnah Parah 8:1:4"
                }, 
                {
                    "category": "Commentary", 
                    "sourceHeRef": "ברטנורא על משנה פרה ח׳:א׳:ה׳", 
                    "index_title": "Bartenura on Mishnah Parah", 
                    "sourceRef": "Bartenura on Mishnah Parah 8:1:5"
                }, 
                {
                    "category": "Commentary", 
                    "sourceHeRef": "עיקר תוספות יום טוב על משנה פרה ח׳:א׳:א׳", 
                    "index_title": "Ikar Tosafot Yom Tov on Mishnah Parah", 
                    "sourceRef": "Ikar Tosafot Yom Tov on Mishnah Parah 8:1:1"
                }, 
                {
                    "category": "Commentary", 
                    "sourceHeRef": "תוספות יום טוב על משנה פרה ח׳:א׳:א׳", 
                    "index_title": "Tosafot Yom Tov on Mishnah Parah", 
                    "sourceRef": "Tosafot Yom Tov on Mishnah Parah 8:1:1"
                }, 
                {
                    "category": "Commentary", 
                    "sourceHeRef": "תוספות יום טוב על משנה פרה ח׳:א׳:ב׳", 
                    "index_title": "Tosafot Yom Tov on Mishnah Parah", 
                    "sourceRef": "Tosafot Yom Tov on Mishnah Parah 8:1:2"
                }
            ], 
            "text": "Two who were guarding the jug [containing water for mixing with ashes], if one became impure, they [the waters] are valid, because they were in the domain of the second one. If he [the one who became impure] purified himself, and the second one became impure, they are valid because they are in the domain of the first. If they both became impure at once, they [the waters] are invalid. If one of them did work, they are valid because they were in the domain of the second one. If he [the one who was working] stopped and the second did work, they are valid because they were in the domain of the first. If they both did work at once, they [the waters] are invalid."
        }, 
        {
            "segmentNumber": "2", 
            "he": "המקדש מי חטאת, לא ינעול את הסנדל.שאם נפלו משקין על הסנדל, נטמא וטמאהו.הרי הוא אומר, מטמאיך לא טמאוני ואתה טמאתני.נפלו משקין על בשרו, טהור.נפלו על כסותו, נטמאת וטמאתו.הרי זה אומר, מטמאיך לא טמאוני ואתה טמאתני.", 
            "links": [
                {
                    "category": "Commentary", 
                    "sourceHeRef": "ברטנורא על משנה פרה ח׳:ב׳:א׳", 
                    "index_title": "Bartenura on Mishnah Parah", 
                    "sourceRef": "Bartenura on Mishnah Parah 8:2:1"
                }, 
                {
                    "category": "Commentary", 
                    "sourceHeRef": "ברטנורא על משנה פרה ח׳:ב׳:ב׳", 
                    "index_title": "Bartenura on Mishnah Parah", 
                    "sourceRef": "Bartenura on Mishnah Parah 8:2:2"
                }, 
                {
                    "category": "Commentary", 
                    "sourceHeRef": "עיקר תוספות יום טוב על משנה פרה ח׳:ב׳:א׳", 
                    "index_title": "Ikar Tosafot Yom Tov on Mishnah Parah", 
                    "sourceRef": "Ikar Tosafot Yom Tov on Mishnah Parah 8:2:1"
                }, 
                {
                    "category": "Commentary", 
                    "sourceHeRef": "עיקר תוספות יום טוב על משנה פרה ח׳:ב׳:ב׳", 
                    "index_title": "Ikar Tosafot Yom Tov on Mishnah Parah", 
                    "sourceRef": "Ikar Tosafot Yom Tov on Mishnah Parah 8:2:2"
                }, 
                {
                    "category": "Commentary", 
                    "sourceHeRef": "תוספות יום טוב על משנה פרה ח׳:ב׳:א׳", 
                    "index_title": "Tosafot Yom Tov on Mishnah Parah", 
                    "sourceRef": "Tosafot Yom Tov on Mishnah Parah 8:2:1"
                }, 
                {
                    "category": "Commentary", 
                    "sourceHeRef": "תוספות יום טוב על משנה פרה ח׳:ב׳:ב׳", 
                    "index_title": "Tosafot Yom Tov on Mishnah Parah", 
                    "sourceRef": "Tosafot Yom Tov on Mishnah Parah 8:2:2"
                }, 
                {
                    "category": "Commentary", 
                    "sourceHeRef": "תוספות יום טוב על משנה פרה ח׳:ב׳:ג׳", 
                    "index_title": "Tosafot Yom Tov on Mishnah Parah", 
                    "sourceRef": "Tosafot Yom Tov on Mishnah Parah 8:2:3"
                }
            ], 
            "text": "One who is sanctifying the <i>chatat</i> waters should not wear shoes, for if liquid should fall on the shoe, it becomes impure [relative to the <i>chatat</i>], and it makes him [who wears it] impure. Behold [it is as though] he says [to the shoe]: \"That which renders you impure [i.e. liquid] does not impurify me [for liquids to not render people impure], yet you have rendered me impure!\" If liquid fell on his flesh, he is [still] pure. If it fell on his clothing, they become impure and they make him [who wears them] impure. Behold [it is as though] he says [to the clothing]: \"That which renders you impure [i.e. liquid] does not impurify me, yet you have rendered me impure!\""
        }, 
        {
            "segmentNumber": "3", 
            "he": "השורף פרה, ופרים, והמשלח את השעיר, מטמא בגדים.פרה ופרים ושעיר המשתלח עצמן אי(נ)ן מטמאין בגדים.הרי זה אומר, מטמאיך לא טמאוני ואתה טמאתני.", 
            "links": [
                {
                    "category": "Tanakh", 
                    "sourceHeRef": "במדבר י״ט:א׳", 
                    "index_title": "Numbers", 
                    "sourceRef": "Numbers 19:1"
                }, 
                {
                    "category": "Tanakh", 
                    "sourceHeRef": "ויקרא ד׳:ג׳", 
                    "index_title": "Leviticus", 
                    "sourceRef": "Leviticus 4:3"
                }, 
                {
                    "category": "Tanakh", 
                    "sourceHeRef": "ויקרא ט״ז:ז׳-י׳", 
                    "index_title": "Leviticus", 
                    "sourceRef": "Leviticus 16:7-10"
                }, 
                {
                    "category": "Commentary", 
                    "sourceHeRef": "ברטנורא על משנה פרה ח׳:ג׳:א׳", 
                    "index_title": "Bartenura on Mishnah Parah", 
                    "sourceRef": "Bartenura on Mishnah Parah 8:3:1"
                }, 
                {
                    "category": "Commentary", 
                    "sourceHeRef": "ברטנורא על משנה פרה ח׳:ג׳:ב׳", 
                    "index_title": "Bartenura on Mishnah Parah", 
                    "sourceRef": "Bartenura on Mishnah Parah 8:3:2"
                }, 
                {
                    "category": "Commentary", 
                    "sourceHeRef": "עיקר תוספות יום טוב על משנה פרה ח׳:ג׳:א׳", 
                    "index_title": "Ikar Tosafot Yom Tov on Mishnah Parah", 
                    "sourceRef": "Ikar Tosafot Yom Tov on Mishnah Parah 8:3:1"
                }, 
                {
                    "category": "Commentary", 
                    "sourceHeRef": "עיקר תוספות יום טוב על משנה פרה ח׳:ג׳:ב׳", 
                    "index_title": "Ikar Tosafot Yom Tov on Mishnah Parah", 
                    "sourceRef": "Ikar Tosafot Yom Tov on Mishnah Parah 8:3:2"
                }, 
                {
                    "category": "Tanakh", 
                    "sourceHeRef": "ויקרא ט״ז:ז׳", 
                    "index_title": "Leviticus", 
                    "sourceRef": "Leviticus 16:7"
                }, 
                {
                    "category": "Commentary", 
                    "sourceHeRef": "תוספות יום טוב על משנה פרה ח׳:ג׳:א׳", 
                    "index_title": "Tosafot Yom Tov on Mishnah Parah", 
                    "sourceRef": "Tosafot Yom Tov on Mishnah Parah 8:3:1"
                }, 
                {
                    "category": "Commentary", 
                    "sourceHeRef": "תוספות יום טוב על משנה פרה ח׳:ג׳:ב׳", 
                    "index_title": "Tosafot Yom Tov on Mishnah Parah", 
                    "sourceRef": "Tosafot Yom Tov on Mishnah Parah 8:3:2"
                }, 
                {
                    "category": "Commentary", 
                    "sourceHeRef": "תוספות יום טוב על משנה פרה ח׳:ג׳:ג׳", 
                    "index_title": "Tosafot Yom Tov on Mishnah Parah", 
                    "sourceRef": "Tosafot Yom Tov on Mishnah Parah 8:3:3"
                }
            ], 
            "text": "The person who burns the red cow (of Numbers 19:1–22) or the bulls (that are burned pursuant to Leviticus 4:3–21 or 16:27) and the person who leads away the scapegoat (pursuant to Leviticus 16:7-10 and 26) render clothes [that they wear while so doing] unclean.  The red cow, the bulls, and the scapegoat do not themselves render clothes [with which they come in contact] unclean.  This one [the clothing] says [to the person]: “Those that render you unclean do not render me unclean, but you render me unclean.”"
        }, 
        {
            "segmentNumber": "4", 
            "he": "האוכל מנבלת העוף הטהור והיא בבית הבליעה, מטמא בגדים.הנבלה עצמה אינה מטמאה בגדים.הרי זה אומר, מטמאיך לא טמאוני ואתה טמאתני.", 
            "links": [
                {
                    "category": "Commentary", 
                    "sourceHeRef": "ברטנורא על משנה פרה ח׳:ד׳:א׳", 
                    "index_title": "Bartenura on Mishnah Parah", 
                    "sourceRef": "Bartenura on Mishnah Parah 8:4:1"
                }, 
                {
                    "category": "Commentary", 
                    "sourceHeRef": "תוספות יום טוב על משנה פרה ח׳:ד׳:א׳", 
                    "index_title": "Tosafot Yom Tov on Mishnah Parah", 
                    "sourceRef": "Tosafot Yom Tov on Mishnah Parah 8:4:1"
                }
            ], 
            "text": "One who eats from the unslaughtered corpse of a kosher bird and it [the meat] is in his throat, the clothing [he is wearing] becomes impure. The corpse itself does not make the clothing impure [through contact]. Behold it [is as though the clothing] says [to the person]: That which renders you impure [i.e. the corpse] does not impurify me, yet you have rendered me impure!\""
        }, 
        {
            "segmentNumber": "5", 
            "he": "כל ולד הטמאות אינו מטמא כלים, אלא משקה.נטמא משקה, טמאן.הרי זה אומר, מטמאיך לא טמאוני ואתה טמאתני.", 
            "links": [
                {
                    "category": "Commentary", 
                    "sourceHeRef": "ברטנורא על משנה פרה ח׳:ה׳:א׳", 
                    "index_title": "Bartenura on Mishnah Parah", 
                    "sourceRef": "Bartenura on Mishnah Parah 8:5:1"
                }, 
                {
                    "category": "Commentary", 
                    "sourceHeRef": "תוספות יום טוב על משנה פרה ח׳:ה׳:א׳", 
                    "index_title": "Tosafot Yom Tov on Mishnah Parah", 
                    "sourceRef": "Tosafot Yom Tov on Mishnah Parah 8:5:1"
                }
            ], 
            "text": "All offspring of impurity [i.e. items which contracted secondary or tertiary levels of ritual impurity, as opposed to inherently impure items] cannot render vessels impure, but a liquid [they can render impure]. If a liquid became impure [from an offspring of impurity], it renders them [vessels with which it comes into contact] impure. Behold it [is as though the vessel] says [to the liquid]: That which renders you impure [i.e. the offspring of impurity] does not impurify me, yet you have rendered me impure!\""
        }, 
        {
            "segmentNumber": "6", 
            "he": "אין כלי חרש מטמא חברו, אלא משקה.נטמא משקה, טמאהו.הרי זה אומר, מטמאיך לא טמאוני ואתה טמאתני.", 
            "links": [
                {
                    "category": "Commentary", 
                    "sourceHeRef": "ברטנורא על משנה פרה ח׳:ו׳:א׳", 
                    "index_title": "Bartenura on Mishnah Parah", 
                    "sourceRef": "Bartenura on Mishnah Parah 8:6:1"
                }, 
                {
                    "category": "Commentary", 
                    "sourceHeRef": "ברטנורא על משנה פרה ח׳:ו׳:ב׳", 
                    "index_title": "Bartenura on Mishnah Parah", 
                    "sourceRef": "Bartenura on Mishnah Parah 8:6:2"
                }, 
                {
                    "category": "Commentary", 
                    "sourceHeRef": "תוספות יום טוב על משנה פרה ח׳:ו׳:א׳", 
                    "index_title": "Tosafot Yom Tov on Mishnah Parah", 
                    "sourceRef": "Tosafot Yom Tov on Mishnah Parah 8:6:1"
                }
            ], 
            "text": "An earthenware vessel cannot render its fellow [earthenware vessel] impure, but a liquid [it can render impure]. If a liquid became impure, it makes it [the vessel which holds it] ritually impure. Behold it [is as though the vessel] says [to the liquid]: That which renders you impure [i.e. the other earthenware vessel] does not impurify me, yet you have rendered me impure!\""
        }, 
        {
            "segmentNumber": "7", 
            "he": "כל הפוסל את התרומה, מטמא את המשקין להיות תחלה לטמא אחד ולפסול אחד, חוץ מטבול יום.הרי זה אומר, מטמאיך לא טמאוני ואתה טמאתני.", 
            "links": [
                {
                    "category": "Commentary", 
                    "sourceHeRef": "ברטנורא על משנה פרה ח׳:ז׳:א׳", 
                    "index_title": "Bartenura on Mishnah Parah", 
                    "sourceRef": "Bartenura on Mishnah Parah 8:7:1"
                }, 
                {
                    "category": "Commentary", 
                    "sourceHeRef": "ברטנורא על משנה פרה ח׳:ז׳:ב׳", 
                    "index_title": "Bartenura on Mishnah Parah", 
                    "sourceRef": "Bartenura on Mishnah Parah 8:7:2"
                }, 
                {
                    "category": "Commentary", 
                    "sourceHeRef": "עיקר תוספות יום טוב על משנה פרה ח׳:ז׳:א׳", 
                    "index_title": "Ikar Tosafot Yom Tov on Mishnah Parah", 
                    "sourceRef": "Ikar Tosafot Yom Tov on Mishnah Parah 8:7:1"
                }, 
                {
                    "category": "Commentary", 
                    "sourceHeRef": "עיקר תוספות יום טוב על משנה פרה ח׳:ז׳:ב׳", 
                    "index_title": "Ikar Tosafot Yom Tov on Mishnah Parah", 
                    "sourceRef": "Ikar Tosafot Yom Tov on Mishnah Parah 8:7:2"
                }, 
                {
                    "category": "Quoting Commentary", 
                    "sourceHeRef": "תוספות על פסחים קט״ו א:כ״ה:א׳", 
                    "index_title": "Tosafot on Pesachim", 
                    "sourceRef": "Tosafot on Pesachim 115a:25:1"
                }, 
                {
                    "category": "Quoting Commentary", 
                    "sourceHeRef": "רש\"י על ברכות נ״ב א:מ״ד:א׳", 
                    "index_title": "Rashi on Berakhot", 
                    "sourceRef": "Rashi on Berakhot 52a:44:1"
                }, 
                {
                    "category": "Commentary", 
                    "sourceHeRef": "תוספות יום טוב על משנה פרה ח׳:ז׳:א׳", 
                    "index_title": "Tosafot Yom Tov on Mishnah Parah", 
                    "sourceRef": "Tosafot Yom Tov on Mishnah Parah 8:7:1"
                }, 
                {
                    "category": "Commentary", 
                    "sourceHeRef": "תוספות יום טוב על משנה פרה ח׳:ז׳:ב׳", 
                    "index_title": "Tosafot Yom Tov on Mishnah Parah", 
                    "sourceRef": "Tosafot Yom Tov on Mishnah Parah 8:7:2"
                }, 
                {
                    "category": "Quoting Commentary", 
                    "sourceHeRef": "רשב״א על ביצה י״ח א:ז׳", 
                    "index_title": "Rashba on Beitzah", 
                    "sourceRef": "Rashba on Beitzah 18a:7"
                }
            ], 
            "text": "Anything which [is sufficiently impure such that it] invalidates <i>trumah</i> [a portion of produce which must be given to a priest and is not allowed to become ritually impure] upon contact makes liquids impure [to the extent] that they become a 'primary' [source of impurity] to make one thing impure, and [then] to invalidate another. [The intensity of ritual impurity depends on how many steps removed it was from the original source. Our Mishnah teaches that when a liquid becomes impure by coming into contact with something impure, it is considered 'primary' to the source of impurity, meaning that any liquid or food  it comes into contact with then becomes impure as a 'secondary' source of impurity, which in turn is sufficient to impurify and therefore invalidate <i>trumah</i> with which it comes into contact.]  The exception to this is one who immersed [for purification] that day and is yet to have the sun set [for such an individual invalidates <i>trumah</i> upon contact but does not make liquids he touches into 'primary' sources of impurity]. Behold it [is as though the food] says [to the liquid]: That which renders you impure [i.e. something of a 'secondary' level of impurity] does not impurify me, yet you [the liquid, after becoming impure through contact with that impurity of a 'secondary' level] have rendered me impure!\""
        }, 
        {
            "segmentNumber": "8", 
            "he": "כל הימים כמקוה, שנאמר (בראשית א), ולמקוה המים קרא ימים, דברי רבי מאיר.רבי יהודה אומר, הים הגדול כמקוה, לא נאמר ימים, אלא שיש בו מיני ימים הרבה.רבי יוסי אומר, כל הימים מטהרין בזוחלין, ופסולין לזבים ולמצורעים ולקדש מהן מי חטאת.", 
            "links": [
                {
                    "category": "Tanakh", 
                    "sourceHeRef": "בראשית א׳:י׳", 
                    "index_title": "Genesis", 
                    "sourceRef": "Genesis 1:10"
                }, 
                {
                    "category": "Commentary", 
                    "sourceHeRef": "ברטנורא על משנה פרה ח׳:ח׳:א׳", 
                    "index_title": "Bartenura on Mishnah Parah", 
                    "sourceRef": "Bartenura on Mishnah Parah 8:8:1"
                }, 
                {
                    "category": "Commentary", 
                    "sourceHeRef": "ברטנורא על משנה פרה ח׳:ח׳:ב׳", 
                    "index_title": "Bartenura on Mishnah Parah", 
                    "sourceRef": "Bartenura on Mishnah Parah 8:8:2"
                }, 
                {
                    "category": "Commentary", 
                    "sourceHeRef": "ברטנורא על משנה פרה ח׳:ח׳:ג׳", 
                    "index_title": "Bartenura on Mishnah Parah", 
                    "sourceRef": "Bartenura on Mishnah Parah 8:8:3"
                }, 
                {
                    "category": "Commentary", 
                    "sourceHeRef": "ברטנורא על משנה פרה ח׳:ח׳:ד׳", 
                    "index_title": "Bartenura on Mishnah Parah", 
                    "sourceRef": "Bartenura on Mishnah Parah 8:8:4"
                }, 
                {
                    "category": "Commentary", 
                    "sourceHeRef": "עיקר תוספות יום טוב על משנה פרה ח׳:ח׳:א׳", 
                    "index_title": "Ikar Tosafot Yom Tov on Mishnah Parah", 
                    "sourceRef": "Ikar Tosafot Yom Tov on Mishnah Parah 8:8:1"
                }, 
                {
                    "category": "Commentary", 
                    "sourceHeRef": "תוספות יום טוב על משנה פרה ח׳:ח׳:א׳", 
                    "index_title": "Tosafot Yom Tov on Mishnah Parah", 
                    "sourceRef": "Tosafot Yom Tov on Mishnah Parah 8:8:1"
                }, 
                {
                    "category": "Quoting Commentary", 
                    "sourceHeRef": "רשב״א על שבת ס״ה ב:ב׳", 
                    "index_title": "Rashba on Shabbat", 
                    "sourceRef": "Rashba on Shabbat 65b:2"
                }
            ], 
            "text": "All the seas are like a <i>mikvah</i> [a collection of water in which one can immerse in order to remove certain ritual impurities], as it is Said (Genesis 1:10), \"And the gatherings [literally: mikvahs] of water, he called seas,\" these are the words of Rabbi Meir. Rabbi Yehuda says: [Only] the great sea [i.e. the Mediterranean] is like a <i>mikvah</i>. It only says \"seas\" [in the plural] regarding something contains many types of seas [i.e. the ocean, into which flow many bodies of water]. Rabbi Yose says: All seas purify [as a mikvah] with [even only] a gradual flow [of water], yet they are invalid for a <i>zav</i> [an individual who is ritually impure due to having had a type of seminal emission, and who must immerse in naturally flowing waters as part of the purification process], a <i>metzorah</i> [one who is ritually impure due to having a type of skin disease, and who must have a bird sacrificed above flowing waters as part of his purification process], and to sanctify the waters of a <i>chatat</i> [the red heifer ritual, which also must come from flowing waters; Rabbi Yossi says that seas are not a valid source for these three rituals, which require use of naturally flowing waters]."
        }, 
        {
            "segmentNumber": "9", 
            "he": "המים המכים, פסולים.אלו הן המכים, המלוחים והפושרים.המים המכזבים, פסולין.אלו הם המים המכזבים, המכזבים אחד בשבוע.המכזבים בפלמסיות ובשני בצרון, כשרים.רבי יהודה פוסל.", 
            "links": [
                {
                    "category": "Commentary", 
                    "sourceHeRef": "ברטנורא על משנה פרה ח׳:ט׳:א׳", 
                    "index_title": "Bartenura on Mishnah Parah", 
                    "sourceRef": "Bartenura on Mishnah Parah 8:9:1"
                }, 
                {
                    "category": "Commentary", 
                    "sourceHeRef": "ברטנורא על משנה פרה ח׳:ט׳:ב׳", 
                    "index_title": "Bartenura on Mishnah Parah", 
                    "sourceRef": "Bartenura on Mishnah Parah 8:9:2"
                }, 
                {
                    "category": "Commentary", 
                    "sourceHeRef": "ברטנורא על משנה פרה ח׳:ט׳:ג׳", 
                    "index_title": "Bartenura on Mishnah Parah", 
                    "sourceRef": "Bartenura on Mishnah Parah 8:9:3"
                }, 
                {
                    "category": "Commentary", 
                    "sourceHeRef": "ברטנורא על משנה פרה ח׳:ט׳:ד׳", 
                    "index_title": "Bartenura on Mishnah Parah", 
                    "sourceRef": "Bartenura on Mishnah Parah 8:9:4"
                }, 
                {
                    "category": "Commentary", 
                    "sourceHeRef": "ברטנורא על משנה פרה ח׳:ט׳:ה׳", 
                    "index_title": "Bartenura on Mishnah Parah", 
                    "sourceRef": "Bartenura on Mishnah Parah 8:9:5"
                }, 
                {
                    "category": "Commentary", 
                    "sourceHeRef": "ברטנורא על משנה פרה ח׳:ט׳:ו׳", 
                    "index_title": "Bartenura on Mishnah Parah", 
                    "sourceRef": "Bartenura on Mishnah Parah 8:9:6"
                }, 
                {
                    "category": "Commentary", 
                    "sourceHeRef": "ברטנורא על משנה פרה ח׳:ט׳:ז׳", 
                    "index_title": "Bartenura on Mishnah Parah", 
                    "sourceRef": "Bartenura on Mishnah Parah 8:9:7"
                }, 
                {
                    "category": "Commentary", 
                    "sourceHeRef": "ברטנורא על משנה פרה ח׳:ט׳:ח׳", 
                    "index_title": "Bartenura on Mishnah Parah", 
                    "sourceRef": "Bartenura on Mishnah Parah 8:9:8"
                }, 
                {
                    "category": "Commentary", 
                    "sourceHeRef": "עיקר תוספות יום טוב על משנה פרה ח׳:ט׳:א׳", 
                    "index_title": "Ikar Tosafot Yom Tov on Mishnah Parah", 
                    "sourceRef": "Ikar Tosafot Yom Tov on Mishnah Parah 8:9:1"
                }, 
                {
                    "category": "Commentary", 
                    "sourceHeRef": "עיקר תוספות יום טוב על משנה פרה ח׳:ט׳:ב׳", 
                    "index_title": "Ikar Tosafot Yom Tov on Mishnah Parah", 
                    "sourceRef": "Ikar Tosafot Yom Tov on Mishnah Parah 8:9:2"
                }, 
                {
                    "category": "Commentary", 
                    "sourceHeRef": "עיקר תוספות יום טוב על משנה פרה ח׳:ט׳:ג׳", 
                    "index_title": "Ikar Tosafot Yom Tov on Mishnah Parah", 
                    "sourceRef": "Ikar Tosafot Yom Tov on Mishnah Parah 8:9:3"
                }, 
                {
                    "category": "Quoting Commentary", 
                    "sourceHeRef": "ר\"ן על נדרים מ״א א:א׳:א׳", 
                    "index_title": "Ran on Nedarim", 
                    "sourceRef": "Ran on Nedarim 41a:1:1"
                }, 
                {
                    "category": "Commentary", 
                    "sourceHeRef": "תוספות יום טוב על משנה פרה ח׳:ט׳:א׳", 
                    "index_title": "Tosafot Yom Tov on Mishnah Parah", 
                    "sourceRef": "Tosafot Yom Tov on Mishnah Parah 8:9:1"
                }, 
                {
                    "category": "Commentary", 
                    "sourceHeRef": "תוספות יום טוב על משנה פרה ח׳:ט׳:ב׳", 
                    "index_title": "Tosafot Yom Tov on Mishnah Parah", 
                    "sourceRef": "Tosafot Yom Tov on Mishnah Parah 8:9:2"
                }, 
                {
                    "category": "Commentary", 
                    "sourceHeRef": "תוספות יום טוב על משנה פרה ח׳:ט׳:ג׳", 
                    "index_title": "Tosafot Yom Tov on Mishnah Parah", 
                    "sourceRef": "Tosafot Yom Tov on Mishnah Parah 8:9:3"
                }, 
                {
                    "category": "Commentary", 
                    "sourceHeRef": "תוספות יום טוב על משנה פרה ח׳:ט׳:ד׳", 
                    "index_title": "Tosafot Yom Tov on Mishnah Parah", 
                    "sourceRef": "Tosafot Yom Tov on Mishnah Parah 8:9:4"
                }
            ], 
            "text": "Blighted waters are invalid [for sanctification for the <i>chatat</i> ritual]. The following are blighted: salted and warm [waters]. Inconsistent waters are [also] invalid. The following are inconsistent waters: those which flow inconsistently once in seven [years]. Inconsistent waters in wartimes or years of drought are valid. Rabbi Yehuda invalidates [them]."
        }, 
        {
            "segmentNumber": "10", 
            "he": "מי קרמיון ומי פוגה, פסולים, מפני שהם מי בצים.מי הירדן ומי ירמוך, פסולים, מפני שהם מי תערובות.ואלו הן מי תערובות, אחד כשר ואחד פסול שנתערבו.שניהן כשרין ונתערבו, כשרין.רבי יהודה פוסל.", 
            "links": [
                {
                    "category": "Commentary", 
                    "sourceHeRef": "ברטנורא על משנה פרה ח׳:י׳:א׳", 
                    "index_title": "Bartenura on Mishnah Parah", 
                    "sourceRef": "Bartenura on Mishnah Parah 8:10:1"
                }, 
                {
                    "category": "Commentary", 
                    "sourceHeRef": "ברטנורא על משנה פרה ח׳:י׳:ב׳", 
                    "index_title": "Bartenura on Mishnah Parah", 
                    "sourceRef": "Bartenura on Mishnah Parah 8:10:2"
                }, 
                {
                    "category": "Commentary", 
                    "sourceHeRef": "ברטנורא על משנה פרה ח׳:י׳:ג׳", 
                    "index_title": "Bartenura on Mishnah Parah", 
                    "sourceRef": "Bartenura on Mishnah Parah 8:10:3"
                }, 
                {
                    "category": "Commentary", 
                    "sourceHeRef": "ברטנורא על משנה פרה ח׳:י׳:ד׳", 
                    "index_title": "Bartenura on Mishnah Parah", 
                    "sourceRef": "Bartenura on Mishnah Parah 8:10:4"
                }, 
                {
                    "category": "Commentary", 
                    "sourceHeRef": "ברטנורא על משנה פרה ח׳:י׳:ה׳", 
                    "index_title": "Bartenura on Mishnah Parah", 
                    "sourceRef": "Bartenura on Mishnah Parah 8:10:5"
                }, 
                {
                    "category": "Commentary", 
                    "sourceHeRef": "עיקר תוספות יום טוב על משנה פרה ח׳:י׳:א׳", 
                    "index_title": "Ikar Tosafot Yom Tov on Mishnah Parah", 
                    "sourceRef": "Ikar Tosafot Yom Tov on Mishnah Parah 8:10:1"
                }, 
                {
                    "category": "Commentary", 
                    "sourceHeRef": "תוספות יום טוב על משנה פרה ח׳:י׳:א׳", 
                    "index_title": "Tosafot Yom Tov on Mishnah Parah", 
                    "sourceRef": "Tosafot Yom Tov on Mishnah Parah 8:10:1"
                }
            ], 
            "text": "Waters of Karmion and waters of Fugah [two of rivers in Israel] are invalid for they are marsh waters. The waters of the Jordan and waters of Yarmuch are invalid for they are mixed waters. And the following are mixed waters: one valid [water source] and one invalid which became mixed. Two valid [water sources] that became mixed are valid; Rabbi Yehuda invalidates [them]."
        }, 
        {
            "segmentNumber": "11", 
            "he": "באר אחאב ומערת פמיס, כשרה.המים שנשתנו ושנוין מחמת עצמן, כשרין.אמת המים הבאה מרחוק, כשרה, ובלבד שישמרנה שלא יפסיקנה אדם.רבי יהודה אומר, הרי היא בחזקת מתרת.באר שנפל לתוכה חרסית או אדמה, ימתין לה עד שתצל, דברי רבי ישמעאל.רבי עקיבא אומר, אינו צריך להמתין.", 
            "links": [
                {
                    "category": "Commentary", 
                    "sourceHeRef": "ברטנורא על משנה פרה ח׳:י״א:א׳", 
                    "index_title": "Bartenura on Mishnah Parah", 
                    "sourceRef": "Bartenura on Mishnah Parah 8:11:1"
                }, 
                {
                    "category": "Commentary", 
                    "sourceHeRef": "ברטנורא על משנה פרה ח׳:י״א:ב׳", 
                    "index_title": "Bartenura on Mishnah Parah", 
                    "sourceRef": "Bartenura on Mishnah Parah 8:11:2"
                }, 
                {
                    "category": "Commentary", 
                    "sourceHeRef": "ברטנורא על משנה פרה ח׳:י״א:ג׳", 
                    "index_title": "Bartenura on Mishnah Parah", 
                    "sourceRef": "Bartenura on Mishnah Parah 8:11:3"
                }, 
                {
                    "category": "Commentary", 
                    "sourceHeRef": "ברטנורא על משנה פרה ח׳:י״א:ד׳", 
                    "index_title": "Bartenura on Mishnah Parah", 
                    "sourceRef": "Bartenura on Mishnah Parah 8:11:4"
                }, 
                {
                    "category": "Commentary", 
                    "sourceHeRef": "עיקר תוספות יום טוב על משנה פרה ח׳:י״א:א׳", 
                    "index_title": "Ikar Tosafot Yom Tov on Mishnah Parah", 
                    "sourceRef": "Ikar Tosafot Yom Tov on Mishnah Parah 8:11:1"
                }, 
                {
                    "category": "Commentary", 
                    "sourceHeRef": "עיקר תוספות יום טוב על משנה פרה ח׳:י״א:ב׳", 
                    "index_title": "Ikar Tosafot Yom Tov on Mishnah Parah", 
                    "sourceRef": "Ikar Tosafot Yom Tov on Mishnah Parah 8:11:2"
                }, 
                {
                    "category": "Commentary", 
                    "sourceHeRef": "תוספות יום טוב על משנה פרה ח׳:י״א:א׳", 
                    "index_title": "Tosafot Yom Tov on Mishnah Parah", 
                    "sourceRef": "Tosafot Yom Tov on Mishnah Parah 8:11:1"
                }, 
                {
                    "category": "Commentary", 
                    "sourceHeRef": "תוספות יום טוב על משנה פרה ח׳:י״א:ב׳", 
                    "index_title": "Tosafot Yom Tov on Mishnah Parah", 
                    "sourceRef": "Tosafot Yom Tov on Mishnah Parah 8:11:2"
                }
            ], 
            "text": "Achav's well and the cave of Pamyas are valid. Waters which were changed [in appearance] and the change occurred by itself are valid. A channel of water which came from afar is valid, so long as it was guarded such that [it is known] that a person did not stop it [in its flow from the spring]. Rabbi Yehuda says: Behold, it is presumed to be permitted [i.e. even without guarding it is presumed that no one stopped its flow]. A well into which fell earthenware shards or earth, one should wait [before using the water] until it becomes clear, according to Rabbi Yishmael; Rabbi Akiva says: There is no need to wait."
        }
    ], 
    "book": "Mishnah Parah", 
    "prev": "Mishnah Parah 7", 
    "textDepth": 2, 
    "sectionNames": [
        "Chapter", 
        "Mishna"
    ], 
    "sections": [
        8
    ], 
    "isComplex": false, 
    "titleVariants": [
        "Mishnah Parah", 
        "M Parah", 
        "Mishna Parah", 
        "M. Parah"
    ], 
    "categories": [
        "Mishnah", 
        "Seder Tahorot"
    ], 
    "ref": "Mishnah Parah 8", 
    "type": "Mishnah", 
    "addressTypes": [
        "Perek", 
        "Mishnah"
    ], 
    "length": 12, 
    "indexTitle": "Mishnah Parah", 
    "heIndexTitle": "משנה פרה", 
    "alts": [], 
    "order": [
        55, 
        4
    ]
}