{
    "sections": {
        "Tosafot on Zevachim 54a:9": {
            "content": [], 
            "heTitle": "תוספות על זבחים נ״ד א:ט׳", 
            "indexTitle": "Tosafot on Zevachim", 
            "sectionRef": "Tosafot on Zevachim 54a:9", 
            "prev": "Tosafot on Zevachim 54a:6", 
            "ref": "Tosafot on Zevachim 54a:9", 
            "heRef": "תוספות על זבחים נ״ד א:ט׳", 
            "next": "Tosafot on Zevachim 54a:10"
        }, 
        "Tosafot on Zevachim 54a:8": {
            "content": [], 
            "heTitle": "תוספות על זבחים נ״ד א:ח׳", 
            "indexTitle": "Tosafot on Zevachim", 
            "sectionRef": "Tosafot on Zevachim 54a:8", 
            "prev": "Tosafot on Zevachim 54a:6", 
            "ref": "Tosafot on Zevachim 54a:8", 
            "heRef": "תוספות על זבחים נ״ד א:ח׳", 
            "next": "Tosafot on Zevachim 54a:10"
        }, 
        "Tosafot on Zevachim 54a:3": {
            "content": [], 
            "heTitle": "תוספות על זבחים נ״ד א:ג׳", 
            "indexTitle": "Tosafot on Zevachim", 
            "sectionRef": "Tosafot on Zevachim 54a:3", 
            "prev": "Tosafot on Zevachim 53b:22", 
            "ref": "Tosafot on Zevachim 54a:3", 
            "heRef": "תוספות על זבחים נ״ד א:ג׳", 
            "next": "Tosafot on Zevachim 54a:6"
        }, 
        "Tosafot on Zevachim 54a:2": {
            "content": [], 
            "heTitle": "תוספות על זבחים נ״ד א:ב׳", 
            "indexTitle": "Tosafot on Zevachim", 
            "sectionRef": "Tosafot on Zevachim 54a:2", 
            "prev": "Tosafot on Zevachim 53b:22", 
            "ref": "Tosafot on Zevachim 54a:2", 
            "heRef": "תוספות על זבחים נ״ד א:ב׳", 
            "next": "Tosafot on Zevachim 54a:6"
        }, 
        "Tosafot on Zevachim 54a:1": {
            "content": [], 
            "heTitle": "תוספות על זבחים נ״ד א:א׳", 
            "indexTitle": "Tosafot on Zevachim", 
            "sectionRef": "Tosafot on Zevachim 54a:1", 
            "prev": "Tosafot on Zevachim 53b:22", 
            "ref": "Tosafot on Zevachim 54a:1", 
            "heRef": "תוספות על זבחים נ״ד א:א׳", 
            "next": "Tosafot on Zevachim 54a:6"
        }, 
        "Tosafot on Zevachim 54a:7": {
            "content": [], 
            "heTitle": "תוספות על זבחים נ״ד א:ז׳", 
            "indexTitle": "Tosafot on Zevachim", 
            "sectionRef": "Tosafot on Zevachim 54a:7", 
            "prev": "Tosafot on Zevachim 54a:6", 
            "ref": "Tosafot on Zevachim 54a:7", 
            "heRef": "תוספות על זבחים נ״ד א:ז׳", 
            "next": "Tosafot on Zevachim 54a:10"
        }, 
        "Tosafot on Zevachim 54a:6": {
            "content": [
                {
                    "segmentNumber": "1", 
                    "links": [
                        {
                            "category": "Talmud", 
                            "index_title": "Zevachim", 
                            "sourceHeRef": "זבחים נ״ד א:ו׳", 
                            "sourceRef": "Zevachim 54a:6"
                        }
                    ], 
                    "he": "ואי אמרת לא היה לו יסוד באוירא בעלמא קעביד - בתמיה דלקמן (דף סד:) אמרי' שעל קרן מזרחית דרומית היא נעשית ואי אין לה יסוד נמצא כשהוא מולקה באויר היא נמלקת והדם נופל לארץ לאיבוד ואם תאמר נופל הוא על הסובב שהרי למעלה היא נעשית הא קתני התם עשאה למטה מרגליו ואפילו אמה אחת כשרה דלא קפיד אלא למעלה מן החוט כך פירש בקונטרס ונראה שלא היה כתוב בהך ברייתא שירי הדם היה שופך ליסוד מדלא מדקדק בקונטרס אלא מהא שהדם הולך לאיבוד וקשה דאם כן הוה ליה לאקשויי ממתני' דקדשי קדשי' (שם סד:) דתנן בא לו לקרן דרומית מזרחית היה מולק ראשה כו' וברוב ספרים גורסין כאן שירי הדם היה שופך ליסוד ומפרש ה\"ר חיים דודאי גרסי' ליה ומכח זה פריך דעל כרחין לאותו קרן שמולק שם היה שופך שירי הדם קרי לה יסוד מדלא קתני שהיה הולך לקרן דרומית מערבית שהיה בו יסוד לשפוך שירים ועוד דלקמן פ' קדשי קדשים (גם זה שם.) מפרש שעושה אותה באותו קרן לפי שהוא קרוב לבית הדשן ויכול לזרוק משם מוראה ונוצה ואם היה זקוק לילך לקרן אחר לשפוך שירים מה היה מרויח כיון שהיה צריך לחזור ואין לומר דלאחר זריקת מוראה ונוצה היה הולך לשפוך שירים דאם היה מאחר כל כך היה דם כלה אלא על כרחין במקומו היה שופך ליסוד ולכך פריך ואי אמרת לא היה לה יסוד באוירא בעלמא קעביד ומשני אימר כן התנו אוירא דבנימין ועשו כמין בליטה ועל אותה בליטה היה שופך שירים ומיהו קשה דאי חשיב יסוד לענין שאר דמים נמי יחשב יסוד וי\"ל דלא חשיב יסוד אלא לענין דמים הניתנין למעלה מחוט הסיקרא אבל לענין דמים הניתנין למטה אי מכשרת ליה לההוא קרן זימנין דאתי למיתב תחת אותה בליטה ונמצא נותן תחת היסוד אבל דמים העליונים לעולם הם למעלה מן הבליטה ומיהו קשה דאם כן היכי ממעט הכא עולה דלא הוה ארבע קרנות בחטאת משום דטעונה יסוד לענין דמים העליונים ונראה לרבינו תם דלא גרסינן שירי הדם היה שופך ליסוד דשופך משמע מן הכלי מדלא תני מתמצה ליסוד כדקתני גבי חטאת העוף ועוד דבמתני' דלקמן פרק קדשי קדשים (דף סד:) קתני בחטאת העוף שירי הדם ובעולת העוף לא תני משמע דלית ליה שירים והא דמרבינן לעיל שירים בכל הקרבנות היינו לבד מעולת העוף וכיון דנעשית מצותו מה לנו במה שהדם נופל אחר כך לארץ והולך לאיבוד דכל דמים נמי לאחר שנשפכו ליסוד הולכין לאיבוד אחרי כן ועוד כשמתרץ כך התנו אוירא ופירש בקונטרס שהיה עושה כמין בליטה במזבח לקבל דמים היה לו להש\"ס לפרש זה ונראה לר\"ת דפריך ממליקה עצמה דבעי בראשו של מזבח דומיא דהקטרה כדלקמן ואי עביד ליה באויר דיהודה אם כן אינה עולה לקדשי מזבח ומשני דאוירא דבנימין וקדיש האויר בקדושת מזבח ואף על גב דהקטרה באויר אי אפשר לא חייש אלא בהא דליהוי קדושת מזבח ומיהו למאן דאמר (לקמן דף סה.) אין עושין מערכה על גבי סובב נראה דמליקה נמי לא מהניא התם אף על גב דקדוש בקדושת מזבח והכא איירי למאן דאמר עושין מערכה על גבי סובב:"
                }
            ], 
            "heTitle": "תוספות על זבחים נ״ד א:ו׳", 
            "indexTitle": "Tosafot on Zevachim", 
            "sectionRef": "Tosafot on Zevachim 54a:6", 
            "prev": "Tosafot on Zevachim 53b:22", 
            "ref": "Tosafot on Zevachim 54a:6", 
            "heRef": "תוספות על זבחים נ״ד א:ו׳", 
            "next": "Tosafot on Zevachim 54a:10"
        }, 
        "Tosafot on Zevachim 54a:5": {
            "content": [], 
            "heTitle": "תוספות על זבחים נ״ד א:ה׳", 
            "indexTitle": "Tosafot on Zevachim", 
            "sectionRef": "Tosafot on Zevachim 54a:5", 
            "prev": "Tosafot on Zevachim 53b:22", 
            "ref": "Tosafot on Zevachim 54a:5", 
            "heRef": "תוספות על זבחים נ״ד א:ה׳", 
            "next": "Tosafot on Zevachim 54a:6"
        }, 
        "Tosafot on Zevachim 54a:4": {
            "content": [], 
            "heTitle": "תוספות על זבחים נ״ד א:ד׳", 
            "indexTitle": "Tosafot on Zevachim", 
            "sectionRef": "Tosafot on Zevachim 54a:4", 
            "prev": "Tosafot on Zevachim 53b:22", 
            "ref": "Tosafot on Zevachim 54a:4", 
            "heRef": "תוספות על זבחים נ״ד א:ד׳", 
            "next": "Tosafot on Zevachim 54a:6"
        }, 
        "Tosafot on Zevachim 54a:28": {
            "content": [], 
            "heTitle": "תוספות על זבחים נ״ד א:כ״ח", 
            "indexTitle": "Tosafot on Zevachim", 
            "sectionRef": "Tosafot on Zevachim 54a:28", 
            "prev": "Tosafot on Zevachim 54a:10", 
            "ref": "Tosafot on Zevachim 54a:28", 
            "heRef": "תוספות על זבחים נ״ד א:כ״ח", 
            "next": "Tosafot on Zevachim 54a:30"
        }, 
        "Tosafot on Zevachim 54a:29": {
            "content": [], 
            "heTitle": "תוספות על זבחים נ״ד א:כ״ט", 
            "indexTitle": "Tosafot on Zevachim", 
            "sectionRef": "Tosafot on Zevachim 54a:29", 
            "prev": "Tosafot on Zevachim 54a:10", 
            "ref": "Tosafot on Zevachim 54a:29", 
            "heRef": "תוספות על זבחים נ״ד א:כ״ט", 
            "next": "Tosafot on Zevachim 54a:30"
        }, 
        "Tosafot on Zevachim 54a:22": {
            "content": [], 
            "heTitle": "תוספות על זבחים נ״ד א:כ״ב", 
            "indexTitle": "Tosafot on Zevachim", 
            "sectionRef": "Tosafot on Zevachim 54a:22", 
            "prev": "Tosafot on Zevachim 54a:10", 
            "ref": "Tosafot on Zevachim 54a:22", 
            "heRef": "תוספות על זבחים נ״ד א:כ״ב", 
            "next": "Tosafot on Zevachim 54a:30"
        }, 
        "Tosafot on Zevachim 54a:23": {
            "content": [], 
            "heTitle": "תוספות על זבחים נ״ד א:כ״ג", 
            "indexTitle": "Tosafot on Zevachim", 
            "sectionRef": "Tosafot on Zevachim 54a:23", 
            "prev": "Tosafot on Zevachim 54a:10", 
            "ref": "Tosafot on Zevachim 54a:23", 
            "heRef": "תוספות על זבחים נ״ד א:כ״ג", 
            "next": "Tosafot on Zevachim 54a:30"
        }, 
        "Tosafot on Zevachim 54a:20": {
            "content": [], 
            "heTitle": "תוספות על זבחים נ״ד א:כ׳", 
            "indexTitle": "Tosafot on Zevachim", 
            "sectionRef": "Tosafot on Zevachim 54a:20", 
            "prev": "Tosafot on Zevachim 54a:10", 
            "ref": "Tosafot on Zevachim 54a:20", 
            "heRef": "תוספות על זבחים נ״ד א:כ׳", 
            "next": "Tosafot on Zevachim 54a:30"
        }, 
        "Tosafot on Zevachim 54a:21": {
            "content": [], 
            "heTitle": "תוספות על זבחים נ״ד א:כ״א", 
            "indexTitle": "Tosafot on Zevachim", 
            "sectionRef": "Tosafot on Zevachim 54a:21", 
            "prev": "Tosafot on Zevachim 54a:10", 
            "ref": "Tosafot on Zevachim 54a:21", 
            "heRef": "תוספות על זבחים נ״ד א:כ״א", 
            "next": "Tosafot on Zevachim 54a:30"
        }, 
        "Tosafot on Zevachim 54a:26": {
            "content": [], 
            "heTitle": "תוספות על זבחים נ״ד א:כ״ו", 
            "indexTitle": "Tosafot on Zevachim", 
            "sectionRef": "Tosafot on Zevachim 54a:26", 
            "prev": "Tosafot on Zevachim 54a:10", 
            "ref": "Tosafot on Zevachim 54a:26", 
            "heRef": "תוספות על זבחים נ״ד א:כ״ו", 
            "next": "Tosafot on Zevachim 54a:30"
        }, 
        "Tosafot on Zevachim 54a:27": {
            "content": [], 
            "heTitle": "תוספות על זבחים נ״ד א:כ״ז", 
            "indexTitle": "Tosafot on Zevachim", 
            "sectionRef": "Tosafot on Zevachim 54a:27", 
            "prev": "Tosafot on Zevachim 54a:10", 
            "ref": "Tosafot on Zevachim 54a:27", 
            "heRef": "תוספות על זבחים נ״ד א:כ״ז", 
            "next": "Tosafot on Zevachim 54a:30"
        }, 
        "Tosafot on Zevachim 54a:24": {
            "content": [], 
            "heTitle": "תוספות על זבחים נ״ד א:כ״ד", 
            "indexTitle": "Tosafot on Zevachim", 
            "sectionRef": "Tosafot on Zevachim 54a:24", 
            "prev": "Tosafot on Zevachim 54a:10", 
            "ref": "Tosafot on Zevachim 54a:24", 
            "heRef": "תוספות על זבחים נ״ד א:כ״ד", 
            "next": "Tosafot on Zevachim 54a:30"
        }, 
        "Tosafot on Zevachim 54a:25": {
            "content": [], 
            "heTitle": "תוספות על זבחים נ״ד א:כ״ה", 
            "indexTitle": "Tosafot on Zevachim", 
            "sectionRef": "Tosafot on Zevachim 54a:25", 
            "prev": "Tosafot on Zevachim 54a:10", 
            "ref": "Tosafot on Zevachim 54a:25", 
            "heRef": "תוספות על זבחים נ״ד א:כ״ה", 
            "next": "Tosafot on Zevachim 54a:30"
        }, 
        "Tosafot on Zevachim 54a:32": {
            "content": [], 
            "heTitle": "תוספות על זבחים נ״ד א:ל״ב", 
            "indexTitle": "Tosafot on Zevachim", 
            "sectionRef": "Tosafot on Zevachim 54a:32", 
            "prev": "Tosafot on Zevachim 54a:30", 
            "ref": "Tosafot on Zevachim 54a:32", 
            "heRef": "תוספות על זבחים נ״ד א:ל״ב", 
            "next": "Tosafot on Zevachim 54b:1"
        }, 
        "Tosafot on Zevachim 54a:13": {
            "content": [], 
            "heTitle": "תוספות על זבחים נ״ד א:י״ג", 
            "indexTitle": "Tosafot on Zevachim", 
            "sectionRef": "Tosafot on Zevachim 54a:13", 
            "prev": "Tosafot on Zevachim 54a:10", 
            "ref": "Tosafot on Zevachim 54a:13", 
            "heRef": "תוספות על זבחים נ״ד א:י״ג", 
            "next": "Tosafot on Zevachim 54a:30"
        }, 
        "Tosafot on Zevachim 54a:12": {
            "content": [], 
            "heTitle": "תוספות על זבחים נ״ד א:י״ב", 
            "indexTitle": "Tosafot on Zevachim", 
            "sectionRef": "Tosafot on Zevachim 54a:12", 
            "prev": "Tosafot on Zevachim 54a:10", 
            "ref": "Tosafot on Zevachim 54a:12", 
            "heRef": "תוספות על זבחים נ״ד א:י״ב", 
            "next": "Tosafot on Zevachim 54a:30"
        }, 
        "Tosafot on Zevachim 54a:11": {
            "content": [], 
            "heTitle": "תוספות על זבחים נ״ד א:י״א", 
            "indexTitle": "Tosafot on Zevachim", 
            "sectionRef": "Tosafot on Zevachim 54a:11", 
            "prev": "Tosafot on Zevachim 54a:10", 
            "ref": "Tosafot on Zevachim 54a:11", 
            "heRef": "תוספות על זבחים נ״ד א:י״א", 
            "next": "Tosafot on Zevachim 54a:30"
        }, 
        "Tosafot on Zevachim 54a:10": {
            "content": [
                {
                    "segmentNumber": "1", 
                    "links": [
                        {
                            "category": "Talmud", 
                            "index_title": "Zevachim", 
                            "sourceHeRef": "זבחים נ״ד א:י׳", 
                            "sourceRef": "Zevachim 54a:10"
                        }
                    ], 
                    "he": "רב אמר בבנין - אף על גב דלמטה לא הוי רבוע למעלה במקום המערכה הוי רבוע וקשה קצת לישנא דמתני' לרב דתנן במסכת יומא (דף יב.) דרצועה יוצאה מחלקו של יהודה ונכנסת לחלקו של בנימין ובה מזבח בנוי משמע שהיה בה מבנין:"
                }
            ], 
            "heTitle": "תוספות על זבחים נ״ד א:י׳", 
            "indexTitle": "Tosafot on Zevachim", 
            "sectionRef": "Tosafot on Zevachim 54a:10", 
            "prev": "Tosafot on Zevachim 54a:6", 
            "ref": "Tosafot on Zevachim 54a:10", 
            "heRef": "תוספות על זבחים נ״ד א:י׳", 
            "next": "Tosafot on Zevachim 54a:30"
        }, 
        "Tosafot on Zevachim 54a:17": {
            "content": [], 
            "heTitle": "תוספות על זבחים נ״ד א:י״ז", 
            "indexTitle": "Tosafot on Zevachim", 
            "sectionRef": "Tosafot on Zevachim 54a:17", 
            "prev": "Tosafot on Zevachim 54a:10", 
            "ref": "Tosafot on Zevachim 54a:17", 
            "heRef": "תוספות על זבחים נ״ד א:י״ז", 
            "next": "Tosafot on Zevachim 54a:30"
        }, 
        "Tosafot on Zevachim 54a:16": {
            "content": [], 
            "heTitle": "תוספות על זבחים נ״ד א:ט״ז", 
            "indexTitle": "Tosafot on Zevachim", 
            "sectionRef": "Tosafot on Zevachim 54a:16", 
            "prev": "Tosafot on Zevachim 54a:10", 
            "ref": "Tosafot on Zevachim 54a:16", 
            "heRef": "תוספות על זבחים נ״ד א:ט״ז", 
            "next": "Tosafot on Zevachim 54a:30"
        }, 
        "Tosafot on Zevachim 54a:15": {
            "content": [], 
            "heTitle": "תוספות על זבחים נ״ד א:ט״ו", 
            "indexTitle": "Tosafot on Zevachim", 
            "sectionRef": "Tosafot on Zevachim 54a:15", 
            "prev": "Tosafot on Zevachim 54a:10", 
            "ref": "Tosafot on Zevachim 54a:15", 
            "heRef": "תוספות על זבחים נ״ד א:ט״ו", 
            "next": "Tosafot on Zevachim 54a:30"
        }, 
        "Tosafot on Zevachim 54a:14": {
            "content": [], 
            "heTitle": "תוספות על זבחים נ״ד א:י״ד", 
            "indexTitle": "Tosafot on Zevachim", 
            "sectionRef": "Tosafot on Zevachim 54a:14", 
            "prev": "Tosafot on Zevachim 54a:10", 
            "ref": "Tosafot on Zevachim 54a:14", 
            "heRef": "תוספות על זבחים נ״ד א:י״ד", 
            "next": "Tosafot on Zevachim 54a:30"
        }, 
        "Tosafot on Zevachim 54a:31": {
            "content": [], 
            "heTitle": "תוספות על זבחים נ״ד א:ל״א", 
            "indexTitle": "Tosafot on Zevachim", 
            "sectionRef": "Tosafot on Zevachim 54a:31", 
            "prev": "Tosafot on Zevachim 54a:30", 
            "ref": "Tosafot on Zevachim 54a:31", 
            "heRef": "תוספות על זבחים נ״ד א:ל״א", 
            "next": "Tosafot on Zevachim 54b:1"
        }, 
        "Tosafot on Zevachim 54a:30": {
            "content": [
                {
                    "segmentNumber": "1", 
                    "links": [
                        {
                            "category": "Talmud", 
                            "index_title": "Zevachim", 
                            "sourceHeRef": "זבחים נ״ד א:ל׳", 
                            "sourceRef": "Zevachim 54a:30"
                        }, 
                        {
                            "category": "Talmud", 
                            "index_title": "Beitzah", 
                            "sourceHeRef": "ביצה כ״ד ב", 
                            "sourceRef": "Beitzah 24b"
                        }
                    ], 
                    "he": "מפולמות - כגון דגים מפולמין פרק אין צדין (ביצה כד:):"
                }
            ], 
            "heTitle": "תוספות על זבחים נ״ד א:ל׳", 
            "indexTitle": "Tosafot on Zevachim", 
            "sectionRef": "Tosafot on Zevachim 54a:30", 
            "prev": "Tosafot on Zevachim 54a:10", 
            "ref": "Tosafot on Zevachim 54a:30", 
            "heRef": "תוספות על זבחים נ״ד א:ל׳", 
            "next": "Tosafot on Zevachim 54b:1"
        }, 
        "Tosafot on Zevachim 54a:19": {
            "content": [], 
            "heTitle": "תוספות על זבחים נ״ד א:י״ט", 
            "indexTitle": "Tosafot on Zevachim", 
            "sectionRef": "Tosafot on Zevachim 54a:19", 
            "prev": "Tosafot on Zevachim 54a:10", 
            "ref": "Tosafot on Zevachim 54a:19", 
            "heRef": "תוספות על זבחים נ״ד א:י״ט", 
            "next": "Tosafot on Zevachim 54a:30"
        }, 
        "Tosafot on Zevachim 54a:18": {
            "content": [], 
            "heTitle": "תוספות על זבחים נ״ד א:י״ח", 
            "indexTitle": "Tosafot on Zevachim", 
            "sectionRef": "Tosafot on Zevachim 54a:18", 
            "prev": "Tosafot on Zevachim 54a:10", 
            "ref": "Tosafot on Zevachim 54a:18", 
            "heRef": "תוספות על זבחים נ״ד א:י״ח", 
            "next": "Tosafot on Zevachim 54a:30"
        }, 
        "Tosafot on Zevachim 54a:34": {
            "content": [], 
            "heTitle": "תוספות על זבחים נ״ד א:ל״ד", 
            "indexTitle": "Tosafot on Zevachim", 
            "sectionRef": "Tosafot on Zevachim 54a:34", 
            "prev": "Tosafot on Zevachim 54a:30", 
            "ref": "Tosafot on Zevachim 54a:34", 
            "heRef": "תוספות על זבחים נ״ד א:ל״ד", 
            "next": "Tosafot on Zevachim 54b:1"
        }, 
        "Tosafot on Zevachim 54a:33": {
            "content": [], 
            "heTitle": "תוספות על זבחים נ״ד א:ל״ג", 
            "indexTitle": "Tosafot on Zevachim", 
            "sectionRef": "Tosafot on Zevachim 54a:33", 
            "prev": "Tosafot on Zevachim 54a:30", 
            "ref": "Tosafot on Zevachim 54a:33", 
            "heRef": "תוספות על זבחים נ״ד א:ל״ג", 
            "next": "Tosafot on Zevachim 54b:1"
        }
    }, 
    "ref": "Tosafot on Zevachim 54a"
}