[{
    "links": [
        [
            "77a:27:1", 
            "Zevachim 77a:27", 
            "Talmud"
        ], 
        [
            "77a:27:1", 
            "Menachot 57b", 
            "Talmud"
        ], 
        [
            "77a:6:1", 
            "Zevachim 77a:6", 
            "Talmud"
        ], 
        [
            "77a:9:1", 
            "Zevachim 77a:9", 
            "Talmud"
        ], 
        [
            "77a:12:1", 
            "Zevachim 77a:12", 
            "Talmud"
        ], 
        [
            "77a:25:1", 
            "Zevachim 77a:25", 
            "Talmud"
        ], 
        [
            "77a:6:1", 
            "Bava Batra 81b", 
            "Talmud"
        ], 
        [
            "77a:6:1", 
            "Chullin 130a", 
            "Talmud"
        ], 
        [
            "77a:6:1", 
            "Menachot 80b", 
            "Talmud"
        ]
    ], 
    "text": [], 
    "heTitleVariants": [
        "תוספות על זבחים"
    ], 
    "heTitle": "תוספות על זבחים ע״ז א", 
    "commentaryBook": "Zevachim", 
    "heRef": "תוספות על זבחים ע״ז א", 
    "toSections": [
        "77a"
    ], 
    "sectionRef": "Tosafot on Zevachim 77a", 
    "title": "Tosafot on Zevachim 77a", 
    "lengths": [
        238, 
        10586
    ], 
    "next": "Tosafot on Zevachim 77b:3", 
    "heBook": "תוספות על זבחים", 
    "book": "Tosafot on Zevachim", 
    "prev": "Tosafot on Zevachim 76b:18", 
    "textDepth": 3, 
    "sectionNames": [
        "Daf", 
        "Line", 
        "Comment"
    ], 
    "sections": [
        "77a"
    ], 
    "commentator": "Tosafot", 
    "isComplex": false, 
    "commentaryCategories": [
        "Talmud", 
        "Bavli", 
        "Seder Kodashim"
    ], 
    "titleVariants": [
        "Tosafot on Masekhet Zevachim", 
        "Tosafot on Tractate Zevachim", 
        "Tosafot on Talmud Zevachim", 
        "Tosafot on Zevachim"
    ], 
    "categories": [
        "Commentary", 
        "Talmud", 
        "Tosafot"
    ], 
    "he": [
        [], 
        [], 
        [], 
        [], 
        [], 
        [
            "וחולין ממילא הואי. וכי האי גוונא משני בפ' התכלת (שם דף מח.) גבי שחט שני כבשים על ארבע חלות דשתים מהן נאכלות ע\"י פדיון וכי האי גוונא משני בפ' המוכר את הספינה (ב\"ב דף פא:) גבי ביכורים דמקדיש להו ותימה דבפרק התודה (מנחות דף פ:) גבי תודה שנתערבה בתמורתה ומתה אחת מהן חבירתה אין לה תקנה ופריך ולייתי לחם ולימא אי הך קמייתא תודה היא הא לחמה ואי לא ליפוק לחולין ומשני וכי מכניסין חולין בעזרה והשתא אמאי לא מקדש להו והדר פריק להו וכן בפ' הזרוע (חולין דף קל.) דקאמר טעמא דכתב רחמנא זה הא לאו הכי הוה אמינא חולין חייבין בחזה ושוק הא בעי תנופה היכא לינופינהו אי אבראי לפני ה' כתיב אי אגואי קמעייל חולין בעזרה אמאי ליקדשינהו והדר ליפרקינהו ומיהו התם ניחא דמקרא קא דריש וזה לא חייבה תורה אבל עוד קשה בפרק בתרא דמנחות (דף קד:) גבי פירשתי ואיני יודע מה פירשתי יביא מנחה של ששים עשרון דברי חכמים רבי אומר כו' וקאמר דפליגי במותר להכניס חולין לעזרה דרבי סבר דאסור להכניס חולין לעזרה ואסור לערב חובה בנדבה והשתא ליקדשינהו קדושת דמים והדר לפרקינהו וי\"ל דגבי תודה לא בעי למימר דמקדישה ופריק גזירה שמא יאמרו יש פדיון ללחמי תודה וכן בההיא דפ' בתרא (גז\"ש) שיש שם שיעור מנחה אתי למימר שיש לה פדיון אבל הכא דליכא שיעורא ידעי דהא דיש לה פדיון משום דאין לה שיעור לכך אין קדוש קדושת הגוף וכן בביכורים ידעי דמשום ספיקא הוא דאין ביכורים נפדין כתרומות ומעשרות דהשתא נמי לאחר פדיון אין נאכלין אלא לכהנים וליכא למיטעי מידי וכן בההיא דהתכלת (שם דף מח.) גבי שחט שני כבשים על ארבע חלות ידעי דלא קדשי אלא שתים ובלחמי תודה דלא קדשי אלא ארבעים ואין להקשות הנך שיריים דהכא דליפרקינהו לשם עצים חדא דרחמנא אמר דליכלינהו למצוה ועוד דלא שרינן לשם עצים אלא בדבר שנתערב במידי דבר הקרבה כגון איברי עולה באיברי חטאת:"
        ], 
        [], 
        [], 
        [
            "תקוני גברא שאני. תימה אי דאורייתא קאמר ר\"ש אין מתנדבין שמן היכי שרי משום תקוני גברא ועוד כיון דאין מתנדבין חולין גמורין הוו:"
        ], 
        [], 
        [], 
        [
            "מאן תנא דפליג עליה דר' אליעזר ר' שמעון הוא. וההוא דקדושין (דף נה.) דבהמה שנמצאת בין ירושלים למגדל עדר דמשמע התם דאי אישתכח בן שתי שנים דאיכא לספוקי באשם לית ליה תקנתא צריך לומר דפליגא אדר' אליעזר דאי מתנדבין לייתי בהמה וליתני באשם תלוי:"
        ], 
        [], 
        [], 
        [], 
        [], 
        [], 
        [], 
        [], 
        [], 
        [], 
        [], 
        [], 
        [], 
        [
            "ורבי אליעזר אותם הוא דרבאי לך כבש כמזבח אבל מידי אחריני לא. וא\"ת מה סברא היא זו לר' אליעזר דאותם לא קאי אכולהו ולריח ניחוח דבתריה קאי אכולהו אפי' אשיריים ויש לומר משום דלא מסתבר ליה טעמא לר' אליעזר להחמיר בשיריים טפי משאור ודבש ודרשא דכבש כמזבח חומרא היא ולא קאי אלא אשאור ודבש דחמיר:"
        ], 
        [], 
        [
            "ורבנן תרתי שמעת מינה. הך סוגיא כרבי אלעזר דאמר בפרק כל המנחות באות מצה (מנחות דף נז:) המעלה מכולן ע\"ג הכבש פטור ור' יוחנן מחייב התם והא דקאמר התם ור' יוחנן האי אותם מאי עביד ליה הוה ליה למימר דאיצטריך לכדדרשינן הכא רבנן אבל ניחא ליה לשנויי אפי' כר' אליעזר ועוד בכמה מקומות סוגיא דשמעתא כוותיה לעיל דמשני דמסיק לשם עצים ובפרק (שני) דמנחות (דף כ.):"
        ], 
        [], 
        [], 
        [], 
        [], 
        [], 
        [], 
        [], 
        [], 
        [], 
        []
    ], 
    "ref": "Tosafot on Zevachim 77a", 
    "type": "Commentary", 
    "addressTypes": [
        "Talmud", 
        "Integer", 
        "Integer"
    ], 
    "heCommentator": "תוספות", 
    "length": 238, 
    "indexTitle": "Tosafot on Zevachim", 
    "heIndexTitle": "תוספות על זבחים", 
    "alts": [], 
    "order": [
        28, 
        1
    ]
}]