[{
    "links": [
        [
            "108a:18:1", 
            "Zevachim 108a:18", 
            "Talmud"
        ], 
        [
            "108a:25:1", 
            "Zevachim 108a:25", 
            "Talmud"
        ], 
        [
            "108a:25:1", 
            "Chullin 101a", 
            "Talmud"
        ]
    ], 
    "text": [], 
    "heTitleVariants": [
        "תוספות על זבחים"
    ], 
    "heTitle": "תוספות על זבחים ק״ח א", 
    "commentaryBook": "Zevachim", 
    "heRef": "תוספות על זבחים ק״ח א", 
    "toSections": [
        "108a"
    ], 
    "sectionRef": "Tosafot on Zevachim 108a", 
    "title": "Tosafot on Zevachim 108a", 
    "lengths": [
        238, 
        10586
    ], 
    "next": "Tosafot on Zevachim 108b:1", 
    "heBook": "תוספות על זבחים", 
    "book": "Tosafot on Zevachim", 
    "prev": "Tosafot on Zevachim 107b:60", 
    "textDepth": 3, 
    "sectionNames": [
        "Daf", 
        "Line", 
        "Comment"
    ], 
    "sections": [
        "108a"
    ], 
    "commentator": "Tosafot", 
    "isComplex": false, 
    "commentaryCategories": [
        "Talmud", 
        "Bavli", 
        "Seder Kodashim"
    ], 
    "titleVariants": [
        "Tosafot on Masekhet Zevachim", 
        "Tosafot on Tractate Zevachim", 
        "Tosafot on Talmud Zevachim", 
        "Tosafot on Zevachim"
    ], 
    "categories": [
        "Commentary", 
        "Talmud", 
        "Tosafot"
    ], 
    "he": [
        [], 
        [], 
        [], 
        [], 
        [], 
        [], 
        [], 
        [], 
        [], 
        [], 
        [], 
        [], 
        [], 
        [], 
        [], 
        [], 
        [], 
        [
            "שחיטת לילה איכא בינייהו. לכאורה רבי ורבי אלעזר בר\"ש סברי כר\"ש דאמר בפרק המזבח מקדש (לעיל דף פד.) נשחטה בלילה אם עלתה לא תרד דהשתא קדש מקבלו ולא היתה לו שעת הכושר אבל לרבי יהודה דאמר אם עלתה תרד בין לרבי בין לרבי אלעזר בר\"ש שחט בלילה בפנים והעלה בחוץ לא מבעיא (ליה) לרבי יוסי הגלילי דפטור אלא אפילו לרבנן נמי פטור כדמוכח בסוף פירקין (לקמן קיא:) גבי הא דתנן ר\"ש אומר כל שחייבין עליו בחוץ חייבין על כיוצא בו בפנים שהעלה בחוץ ומפרש זעירי גופיה שחיטת בהמה בלילה איכא בינייהו וה\"ק השוחט בהמה בלילה בפנים והעלה בחוץ פטור פירוש דאין מתקבל בפנים כר' יהודה דאמר אם עלה (לא) ירד שחט בחוץ והעלה בחוץ חייב אלמא דאפילו לרבנן דמחייבי שוחט בחוץ ומעלה בחוץ מודו בשוחט בלילה בפנים ומעלה בחוץ דפטור לר' יהודה וקצת תימה זעירי ורבה אמאי נקטי הכא שחיטת לילה וקבלה בכלי חול דהיינו כמו נשפך דמה דלא הוי אלא לר\"ש דלרבי יהודה תרוייהו ירדו הוי להו למימר איכא בינייהו נשחטה חוץ לזמנו וחוץ למקומו דלכולי עלמא לא ירד דהרי קדש מקבלו ולא היתה לו שעת הכושר ושמא אגב דנקטי רבה וזעירי בסוף פירקין (שם) גבי פלוגתא דר\"ש ורבנן שחיטת לילה וקבלה בכלי חול נקטי נמי הכא וצריך לדקדק לר' יהודה דאמר (לעיל דף פד.) ביצא דמה אם עלה ירד הרי זורק מקצת דמים בחוץ דחייב אע\"ג דאין קדש מקבלו ושמא לרבי יהודה לא היה חייב והא דדרשינן מקרא לרבות הזורק דלמא בשחוטי חוץ ולא בשחוטי פנים מידי דהוה אשחיטת לילה בסוף פירקין אבל לרבי יוסי הגלילי אליבא דרבי יהודה ודאי לא משכחת לה זורק בחוץ דחייב ועוד נראה דהא דמיפטר לר' יהודה משום דאין קדש מקבלו היינו כשאין קדש מקבלו מחמת פסול אחר מלבד פסול זה שיצא לחוץ והעלהו וניחא נמי דמתני' מחייב הקומץ והלבונה והקטרת ומנחת כהנים שהעלן בחוץ אף על גב דאמרינן בריש המזבח (לעיל דף פג:) דמנחות לר\"י הגלילי ירדו וכן נסכים הבאים עם הזבח דאמרינן לדברי כולן ירדו וברייתא דבסמוך (דף קט.) דמרבי פסולין לא חשיב נשחטה בלילה ונשפך דמה שמע מינה דרבי יהודה היא ולא מחייבי אהני משום דירדו ואפילו הכי מחייב אקומץ ומנחת נסכים וניסוך היין והמים והיינו טעמא כדפרישית וקצת קשה דלרבי יהודה אין מתיישב מה שהשיב ר' אלעזר בר\"ש תחת ר\"י הגלילי דאכתי תיקשי ליה אף הקומץ בפנים והעלה בחוץ כיון שהוציאו פסלו:"
        ], 
        [], 
        [], 
        [], 
        [], 
        [], 
        [], 
        [
            "רבנן סברי מיגו. באיסור כולל פליגי כדמפרש בסוף גיד הנשה (חולין דף קא.):"
        ], 
        [], 
        [], 
        [], 
        [], 
        [], 
        [], 
        [], 
        [], 
        [], 
        [], 
        [], 
        [], 
        [], 
        [], 
        [], 
        [], 
        [], 
        [], 
        [], 
        [], 
        [], 
        [], 
        [], 
        [], 
        [], 
        [], 
        [], 
        []
    ], 
    "ref": "Tosafot on Zevachim 108a", 
    "type": "Commentary", 
    "addressTypes": [
        "Talmud", 
        "Integer", 
        "Integer"
    ], 
    "heCommentator": "תוספות", 
    "length": 238, 
    "indexTitle": "Tosafot on Zevachim", 
    "heIndexTitle": "תוספות על זבחים", 
    "alts": [], 
    "order": [
        28, 
        1
    ]
}]