{
    "heTitleVariants": [
        "תוספות על זבחים"
    ], 
    "heTitle": "תוספות על זבחים מ״ח א", 
    "content": [
        {
            "segmentNumber": "1", 
            "he": [], 
            "links": [], 
            "text": ""
        }, 
        {
            "segmentNumber": "2", 
            "he": [], 
            "links": [], 
            "text": ""
        }, 
        {
            "segmentNumber": "3", 
            "he": [
                "איידי [דאתי מדרשא] חביבא ליה. ואם תאמר אם כן ליתני עולה לבסוף כדפריך בשמעתא קמייתא דיבמות (דף ג.) גבי אחות אשה ויש לומר איידי דאתיא עולה בציבור תניא בהדי חטאות דבאות בציבור והדר תניא אשם דאינו אלא ביחיד:"
            ], 
            "links": [
                {
                    "category": "Talmud", 
                    "sourceHeRef": "זבחים מ״ח א:ג׳", 
                    "sourceRef": "Zevachim 48a:3", 
                    "ref": "Zevachim 48a:3"
                }
            ], 
            "text": ""
        }, 
        {
            "segmentNumber": "4", 
            "he": [], 
            "links": [], 
            "text": ""
        }, 
        {
            "segmentNumber": "5", 
            "he": [], 
            "links": [], 
            "text": ""
        }, 
        {
            "segmentNumber": "6", 
            "he": [], 
            "links": [], 
            "text": ""
        }, 
        {
            "segmentNumber": "7", 
            "he": [], 
            "links": [], 
            "text": ""
        }, 
        {
            "segmentNumber": "8", 
            "he": [
                "אשכחן בן צאן בן בקר מנלן. תימה דלעיל פרק כל הפסולין (דף לב:) דרשינן בן הבקר לפני ה' ואין השוחט לפני ה' ולא אמרינן בן צאן מנין ולכמה דרשות לא מצרכינן תרי קראי לבן בקר ולבן צאן ושמא אהך דרשא הוי\"ו מוסף סמיך אי נמי משום דבבן צאן כתיב אותו למעוטי איצטריך הכא לרבויי מיהו בההיא דבן הבקר לפני ה' וסמיכה והפשט ניחא דלא קאמר בן צאן מנין דפשיטא דילפינן תחתון מעליון אבל עליון מתחתון ס\"ד דלא יליף:"
            ], 
            "links": [
                {
                    "category": "Talmud", 
                    "sourceHeRef": "זבחים מ״ח א:ח׳", 
                    "sourceRef": "Zevachim 48a:8", 
                    "ref": "Zevachim 48a:8"
                }
            ], 
            "text": ""
        }, 
        {
            "segmentNumber": "9", 
            "he": [], 
            "links": [], 
            "text": ""
        }, 
        {
            "segmentNumber": "10", 
            "he": [], 
            "links": [], 
            "text": ""
        }, 
        {
            "segmentNumber": "11", 
            "he": [], 
            "links": [], 
            "text": ""
        }, 
        {
            "segmentNumber": "12", 
            "he": [], 
            "links": [], 
            "text": ""
        }, 
        {
            "segmentNumber": "13", 
            "he": [], 
            "links": [], 
            "text": ""
        }, 
        {
            "segmentNumber": "14", 
            "he": [], 
            "links": [], 
            "text": ""
        }, 
        {
            "segmentNumber": "15", 
            "he": [], 
            "links": [], 
            "text": ""
        }, 
        {
            "segmentNumber": "16", 
            "he": [], 
            "links": [], 
            "text": ""
        }, 
        {
            "segmentNumber": "17", 
            "he": [], 
            "links": [], 
            "text": ""
        }, 
        {
            "segmentNumber": "18", 
            "he": [
                "דכולי עלמא היקשא עדיפא. וא\"ת והאמרינן פ' השולח (גיטין דף מא:) דכ\"ע גזירה שוה עדיפא וי\"ל הא דקאמר דכ\"ע היקש עדיף היינו לענין דטוב לנו לעשות הגז\"ש למחצה ממה שנבטל ההיקש לגמרי אבל התם דמקיש או חופשה דהיינו שטר להפדה לא נפדתה דהיינו כסף לומר משחרר חצי עבדו בשטר מועיל כמו בכסף וקאמר גזירה שוה דלה לה מאשה עדיפא מה אשה חציה לא מועיל והתם לא נתבטל ההיקש דשמא צריך למילי אוחרי ועוד י\"ל דשטר בשפחה כנענית לא קמ\"ל אלא בגזירה שוה דלה לה מאשה לכך קאמר דגזירה שוה עדיפא דטוב לעשות גזירה שוה דתהוי שטר בשפחה כמו גט דאשה שלא להועיל חציה מלעשותו כמו כסף שסמוך לו והפדה דהא מגט אשה נפקא שטר שחרור ועיקר. ברוך:"
            ], 
            "links": [
                {
                    "category": "Talmud", 
                    "sourceHeRef": "זבחים מ״ח א:י״ח", 
                    "sourceRef": "Zevachim 48a:18", 
                    "ref": "Zevachim 48a:18"
                }, 
                {
                    "category": "Talmud", 
                    "sourceHeRef": "גיטין מ״א ב", 
                    "sourceRef": "Gittin 41b", 
                    "ref": "Gittin 41b"
                }
            ], 
            "text": ""
        }, 
        {
            "segmentNumber": "19", 
            "he": [
                "מה להלן דבר שחייבין על זדונו כרת. ואם תאמר היכי יליף מגזירה שוה מצות מצות הא חטאת חלב גופה בהיקישא ילפא כדאמר הוקשה כל התורה לעבודת כוכבים וי\"ל דכי האי גוונא לא חשיב למד בהיקש אינו חוזר ומלמד בהיקש כיון דאי לאו היקשא הוה מוקמינא ליה בכל דבר ולא אתא היקשא אלא למימר דלא איירי אלא בדבר שיש בו כרת:"
            ], 
            "links": [
                {
                    "category": "Talmud", 
                    "sourceHeRef": "זבחים מ״ח א:י״ט", 
                    "sourceRef": "Zevachim 48a:19", 
                    "ref": "Zevachim 48a:19"
                }
            ], 
            "text": ""
        }, 
        {
            "segmentNumber": "20", 
            "he": [], 
            "links": [], 
            "text": ""
        }, 
        {
            "segmentNumber": "21", 
            "he": [], 
            "links": [], 
            "text": ""
        }, 
        {
            "segmentNumber": "22", 
            "he": [], 
            "links": [], 
            "text": ""
        }, 
        {
            "segmentNumber": "23", 
            "he": [], 
            "links": [], 
            "text": ""
        }, 
        {
            "segmentNumber": "24", 
            "he": [], 
            "links": [], 
            "text": ""
        }, 
        {
            "segmentNumber": "25", 
            "he": [], 
            "links": [], 
            "text": ""
        }, 
        {
            "segmentNumber": "26", 
            "he": [], 
            "links": [], 
            "text": ""
        }, 
        {
            "segmentNumber": "27", 
            "he": [], 
            "links": [], 
            "text": ""
        }, 
        {
            "segmentNumber": "28", 
            "he": [], 
            "links": [], 
            "text": ""
        }, 
        {
            "segmentNumber": "29", 
            "he": [], 
            "links": [], 
            "text": ""
        }, 
        {
            "segmentNumber": "30", 
            "he": [], 
            "links": [], 
            "text": ""
        }, 
        {
            "segmentNumber": "31", 
            "he": [], 
            "links": [], 
            "text": ""
        }, 
        {
            "segmentNumber": "32", 
            "he": [], 
            "links": [], 
            "text": ""
        }, 
        {
            "segmentNumber": "33", 
            "he": [], 
            "links": [], 
            "text": ""
        }, 
        {
            "segmentNumber": "34", 
            "he": [], 
            "links": [], 
            "text": ""
        }, 
        {
            "segmentNumber": "35", 
            "he": [
                "וחטאת בת דנקא. פי' בקונטרס לאו דווקא אלא דמים קלים שלא ניתן קצבה והדין עמו דבהדיא איתא בפ' בתרא דכריתות (דף כז.) גבי מפני מה לא נתנה תורה שיעור במחוסרי כפרה ופריך אלא מעתה חטאת חלב תהא לה קצבה וא\"ת הא בפ' מחוסרי כפרה (כריתות דף י:) משמע דהוי בסלע גבי האומר הרי עלי בסלע למזבח יביא כבש שאין לך דבר שקרב בסלע אלא כבש והאי סלע היינו בלא נסכים דקאמר דחס רחמנא עליה למיהוי [חד] משיתסר בעשירות וי\"ל דהתם למצוה מן המובחר:"
            ], 
            "links": [
                {
                    "category": "Talmud", 
                    "sourceHeRef": "זבחים מ״ח א:ל״ה", 
                    "sourceRef": "Zevachim 48a:35", 
                    "ref": "Zevachim 48a:35"
                }, 
                {
                    "category": "Talmud", 
                    "sourceHeRef": "כריתות י׳ ב", 
                    "sourceRef": "Keritot 10b", 
                    "ref": "Keritot 10b"
                }
            ], 
            "text": ""
        }, 
        {
            "segmentNumber": "36", 
            "he": [], 
            "links": [], 
            "text": ""
        }, 
        {
            "segmentNumber": "37", 
            "he": [], 
            "links": [], 
            "text": ""
        }, 
        {
            "segmentNumber": "38", 
            "he": [
                "תינח למאן דאית ליה זאת תורת. פלוגתא בשמעתא קמייתא במנחות (דף ג:) והכי נמי הוה מצי למיבעי לרבנן מנא להו אשם בכסף שקלים בכל אשמות כיון דלית להו זאת תורת:"
            ], 
            "links": [
                {
                    "category": "Talmud", 
                    "sourceHeRef": "זבחים מ״ח א:ל״ח", 
                    "sourceRef": "Zevachim 48a:38", 
                    "ref": "Zevachim 48a:38"
                }, 
                {
                    "category": "Talmud", 
                    "sourceHeRef": "כריתות כ״ב ב", 
                    "sourceRef": "Keritot 22b", 
                    "ref": "Keritot 22b"
                }
            ], 
            "text": ""
        }, 
        {
            "segmentNumber": "39", 
            "he": [
                "גמר בערכך בערכך. וא\"ת רבנן אי אית להו גזירה שוה דבערכך בערכך א\"כ [ואם] נפש למה לי ואי לית להו א\"כ אשם גזילות בכסף שקלים מנא להו ואומר ר\"ת דאע\"ג דאית להו איצטריך ואם נפש שלא יהא ספיקו חמור מודאו דכי האי גוונא אמר פ' דם שחיטה (כריתות כב:) ורבנן אע\"ג דכתיב זאת תורת איצטריך ואם נפש כו' דאי מתורה אחת הני מילי לשאר אשמות אבל אשם תלוי לא יהא חמור ספיקו מודאו וא\"ת לרבנן מגזירה שוה דבערכך נמי נילף אשם תלוי בספק מעילות וי\"ל דבערכך לא משמע להקיש אלא לענין כסף שקלים ומהאי טעמא נמי איצטריך לר\"ע ואם נפש לספק מעילות:"
            ], 
            "links": [
                {
                    "category": "Talmud", 
                    "sourceHeRef": "זבחים מ״ח א:ל״ט", 
                    "sourceRef": "Zevachim 48a:39", 
                    "ref": "Zevachim 48a:39"
                }, 
                {
                    "category": "Talmud", 
                    "sourceHeRef": "כריתות כ״ב ב", 
                    "sourceRef": "Keritot 22b", 
                    "ref": "Keritot 22b"
                }
            ], 
            "text": ""
        }, 
        {
            "segmentNumber": "40", 
            "he": [], 
            "links": [], 
            "text": ""
        }, 
        {
            "segmentNumber": "41", 
            "he": [
                "אשם שפחה חרופה באיל איל. ובתורת כהנים יליף אשם שפחה לכסף שקלים מגזירה שוה אשם אשם יכול אף אשם נזיר ומצורע כו' ת\"ל הוא והיינו טעמא דממעט אשם נזיר ומצורע טפי משאר אשמות משום דבאין כבש שהוא בן שנה כדפירש רש\"י:"
            ], 
            "links": [
                {
                    "category": "Talmud", 
                    "sourceHeRef": "זבחים מ״ח א:מ״א", 
                    "sourceRef": "Zevachim 48a:41", 
                    "ref": "Zevachim 48a:41"
                }
            ], 
            "text": ""
        }, 
        {
            "segmentNumber": "42", 
            "he": [], 
            "links": [], 
            "text": ""
        }, 
        {
            "segmentNumber": "43", 
            "he": [], 
            "links": [], 
            "text": ""
        }, 
        {
            "segmentNumber": "44", 
            "he": [], 
            "links": [], 
            "text": ""
        }, 
        {
            "segmentNumber": "45", 
            "he": [], 
            "links": [], 
            "text": ""
        }, 
        {
            "segmentNumber": "46", 
            "he": [], 
            "links": [], 
            "text": ""
        }, 
        {
            "segmentNumber": "47", 
            "he": [], 
            "links": [], 
            "text": ""
        }, 
        {
            "segmentNumber": "48", 
            "he": [], 
            "links": [], 
            "text": ""
        }, 
        {
            "segmentNumber": "49", 
            "he": [], 
            "links": [], 
            "text": ""
        }, 
        {
            "segmentNumber": "50", 
            "he": [], 
            "links": [], 
            "text": ""
        }, 
        {
            "segmentNumber": "51", 
            "he": [], 
            "links": [], 
            "text": ""
        }, 
        {
            "segmentNumber": "52", 
            "he": [], 
            "links": [], 
            "text": ""
        }, 
        {
            "segmentNumber": "53", 
            "he": [], 
            "links": [], 
            "text": ""
        }
    ], 
    "commentaryBook": "Zevachim", 
    "heRef": "תוספות על זבחים מ״ח א", 
    "toSections": [
        "48a"
    ], 
    "sectionRef": "Tosafot on Zevachim 48a", 
    "title": "Tosafot on Zevachim 48a", 
    "lengths": [
        238, 
        10586
    ], 
    "next": "Tosafot on Zevachim 48b:43", 
    "heBook": "תוספות על זבחים", 
    "book": "Tosafot on Zevachim", 
    "prev": "Tosafot on Zevachim 47b:19", 
    "textDepth": 3, 
    "sectionNames": [
        "Daf", 
        "Line", 
        "Comment"
    ], 
    "sections": [
        "48a"
    ], 
    "commentator": "Tosafot", 
    "isComplex": false, 
    "commentaryCategories": [
        "Talmud", 
        "Bavli", 
        "Seder Kodashim"
    ], 
    "titleVariants": [
        "Tosafot on Masekhet Zevachim", 
        "Tosafot on Tractate Zevachim", 
        "Tosafot on Talmud Zevachim", 
        "Tosafot on Zevachim"
    ], 
    "categories": [
        "Commentary", 
        "Talmud", 
        "Tosafot"
    ], 
    "ref": "Tosafot on Zevachim 48a", 
    "type": "Commentary", 
    "addressTypes": [
        "Talmud", 
        "Integer", 
        "Integer"
    ], 
    "heCommentator": "תוספות", 
    "length": 238, 
    "indexTitle": "Tosafot on Zevachim", 
    "heIndexTitle": "תוספות על זבחים", 
    "alts": [], 
    "order": [
        28, 
        1
    ]
}