{
    "heTitleVariants": [
        "רשב״א על יבמות"
    ], 
    "heTitle": "רשב״א על יבמות ל״ה ב", 
    "content": [
        {
            "segmentNumber": "1", 
            "he": "<b>גמרא. אינה צריכה מן האחין. </b>ולאו דוקא נקט מן האחין, אלא בין ממנו בין מן האחין אינה צריכה. ולריש לקיש צריכה חליצה או מן האחין או ממנו אי סבר לה ריש לקיש כשמואל דאמר (לעיל כז, א) בחליצה פסולה למיפטר נפשה פטרה. וכן כתב הרמב\"ם ז\"ל (הלכות יבום פ\"א ה\"כ) שחולצות ממנו או מן האחין. ויש לפרש דמשום דריש לקיש נקט מן האחין דדוקא מן האחין, אבל חליצה דידיה לא פטרה דסבר לה כרב דאמר חליצה פסולה צריכה לחזר על כל האחין (ועיין רמב\"ם שם פ\"ד ה\"כ וצ\"ע).", 
            "links": [
                {
                    "category": "Talmud", 
                    "sourceHeRef": "יבמות ל״ה ב:ט׳-י״ג", 
                    "index_title": "Yevamot", 
                    "sourceRef": "Yevamot 35b:9-13"
                }
            ], 
            "text": ""
        }, 
        {
            "segmentNumber": "2", 
            "he": "<b>אלא לדידך אמאי פסלה מן הכהונה. </b>הא דלא אקשי אם אינה חליצה אמאי אסור בקרובותיה והיא אסורה בקרוביו. משום דאיכא למימר דהאי תנא סבר יש זיקה, וכיון שאין חליצתה כשרה עדיין זיקתו קיימת.", 
            "links": [
                {
                    "category": "Talmud", 
                    "sourceHeRef": "יבמות ל״ה ב:כ״ח", 
                    "index_title": "Yevamot", 
                    "sourceRef": "Yevamot 35b:28"
                }
            ], 
            "text": ""
        }, 
        {
            "segmentNumber": "3", 
            "he": " ופריק <b>מדרבנן ולחומרא. </b>וקשיא לי ואם כן אפילו היה ולד של קיימא אמאי לא פסלה נמי ולחומרא. ויש לומר בולד שאינו של קיימא דוקא הוא דחומר משום דאיכא דהוי בחליצה ולא הוי בלידה, וגזרינן דלמא אמרי חליצה אינה פוסלת מן הכוהנ, ואהכרזה נמי לא סמכינן דכיון דליכא ולד דלוכח, חיישינן דלמא איכא דשמע בחליצה ולא שמע בהכרזה ואתו למשרי חלוצה לכהן וכדאמרינן לקמן (לו, א). אבל בזמן שהולד של קיימא סמכינן אהכרזה דהא איכא ולד של קיימא דמוכח. ולקמן דאמרינן שמא יהא ולד של קיימא ונמצא אתה מצריכה כרוז לכהונה ודלמא איכא דהוה בחליצה ולא שמע בהכרזה, התם נמי לא מוכח עלה ולד צרתה דנתון במדינת הים ואפילו בדיעבד לא סמכינן אהכרזה ופסלו לכונה כנ\"ל.", 
            "links": [
                {
                    "category": "Talmud", 
                    "sourceHeRef": "יבמות ל״ה ב:כ״ט-ל׳", 
                    "index_title": "Yevamot", 
                    "sourceRef": "Yevamot 35b:29-30"
                }
            ], 
            "text": ""
        }, 
        {
            "segmentNumber": "4", 
            "he": " הא דפריק ריש לקיש <b>מאי יקיים יחזיר ויקיים דלא סגיא. </b>תמיהא לי מאי קא מסיים בה דלא סגיא לא הוה ליה למימר אלא מאי יקיים יחזור יקיים. ויש לומר דאלומי לפירוקיה קאמר לומר דעל כרחך לא סגיא בלאו הכי, דאלו הרשות בידו לקיים קאמר, רצה יוציא רצה יקיים מיבעי ליה, וכלישנא בתרא דמותיב מינה ריש לקיש לר' יוחנן בשלמא לדידי דאמינא מאי יקיים יחזור ויקיים שפיר. ואם תאמר הא משמע יקיים ופטורים מן הקרבן, ואם איתא דביאת מעוברת לא הויא ביאה, אשת אח שלא במקום מצוה היא, יש לומר דאף על גב דלא שמה ביאה לפוטרה, היינו משום דכתיב ובן אין לו עיין עליו בעיונא בעלמא, מכל מקום כיון שהפילה ואיגלי מלתא דהוזקקה לו משעה ראשונה, לא הוה עליה כאשת אח שלא במקום מצוה, שאם אין אתה אומר כן היכן מצינו לריש לקיש יבמה שהפילה האיך מתיבמת והלא בשעת נפילה אין אני קורה ?בת? יבמה יבא עליה, וכל שאין אני קורא בה בשעת נפילה יבמה יבא עליה הרי היא כאשת אחת שיש לה בנים. אלא דטעמא כדאמרן שלא נאסרה עליו לגמרי, אלא שצריכה להמתין עד שנדע אם הוזקקה לו אם לאו, וכשהפילה כבר נודע שהוזקקה.", 
            "links": [
                {
                    "category": "Talmud", 
                    "sourceHeRef": "יבמות ל״ה ב:מ״ב-מ״ה", 
                    "index_title": "Yevamot", 
                    "sourceRef": "Yevamot 35b:42-45"
                }
            ], 
            "text": ""
        }, 
        {
            "segmentNumber": "5", 
            "he": "<b>אי חליצת מעוברת לא שמה חליצה ביאת מעוברת לא שמה ביאה. </b>דאי משום ספק שמא יפגע באיסור אשת אח, היינו לכתחלה הא דיעבד אמאי לא נפטרה צרתה. ואף על גב דאיכא חייבי לאו ועשה באלמנה מן הנשואין לכהן גדול דעולה לחליצה אף על פי שאינה עולה ליבום, ואם בעל לא קנה וצריכה חליצה, התם נמי מרבויא דקרא דועלתה יבמתו דרחמנא רבינהו לחליצה כדאיתא בפרק כיצד (לעיל כ, א) אבל הכא דמשום דמעוברת אינה ראויה ליבום היא אם כן אשת אח שלא במקום מצוה היא ולחליצה נמי לא חזיא.", 
            "links": [
                {
                    "category": "Talmud", 
                    "sourceHeRef": "יבמות ל״ה ב:מ״ה-נ״ח", 
                    "index_title": "Yevamot", 
                    "sourceRef": "Yevamot 35b:45-58"
                }
            ], 
            "text": ""
        }
    ], 
    "heRef": "רשב״א על יבמות ל״ה ב", 
    "toSections": [
        "35b"
    ], 
    "sectionRef": "Rashba on Yevamot 35b", 
    "title": "Rashba on Yevamot 35b", 
    "next": "Rashba on Yevamot 36a", 
    "heBook": "רשב״א על יבמות", 
    "book": "Rashba on Yevamot", 
    "prev": "Rashba on Yevamot 34b", 
    "textDepth": 2, 
    "sectionNames": [
        "Daf", 
        "Comment"
    ], 
    "sections": [
        "35b"
    ], 
    "isComplex": false, 
    "titleVariants": [
        "Rashba on Yevamot"
    ], 
    "categories": [
        "Commentary2", 
        "Talmud", 
        "Rashba"
    ], 
    "ref": "Rashba on Yevamot 35b", 
    "type": "Commentary2", 
    "addressTypes": [
        "Talmud", 
        "Integer"
    ], 
    "indexTitle": "Rashba on Yevamot", 
    "heIndexTitle": "רשב״א על יבמות", 
    "alts": [], 
    "order": ""
}