{
    "heTitleVariants": [
        "רשב״א על יבמות"
    ], 
    "heTitle": "רשב״א על יבמות ל״א א", 
    "content": [
        {
            "segmentNumber": "1", 
            "he": "<b>ומתניתין בכת אחת כו'. </b>כת אחת מספקא להו אי קרוב לו או קרוב לה וכן פר\"ח ז\"ל. ורש\"י ז\"ל שפירוש אחד אומר קרוב לה ואחד אומר קרוב לו אינו מחוור, דמאן דאמר קרוב לה הוה ליה חד עד בהכחשה ועד אחד בהכחשה לאו כלום וכדאיתא בכתובות (כג, א) תרווייהו בפנויה קא מסהדי ומאן דאמר נתקדשה הוה ליה חד ואין דבריו של אחד במקום שנים וכן בגרושין ואפילו ספיקא דרבנן ליכא. (ועיין ריטב\"א בשם תוס' כפי' ר\"ח וצ\"ע מש\"כ בב\"ש סי' ל' סק\"ט שאין בזה חשש קדושין. ועיין פת\"ש שם סק\"ב ובבית הלוי ח\"ג סי' טז ועוד).", 
            "links": [
                {
                    "category": "Talmud", 
                    "sourceHeRef": "יבמות ל״א א:ל׳-ל״א", 
                    "sourceRef": "Yevamot 31a:30-31", 
                    "ref": "Yevamot 31a.30-31"
                }
            ], 
            "text": ""
        }, 
        {
            "segmentNumber": "2", 
            "he": " הכי גרסינן בכלהו נוסחאי וכן היא בספר ישן ספרדי מוגה בישיבת הגאונים ז\"ל <b>אי בשתי כתי עדים תתיבם ואין בכך כלום קיימי עדים וקאמרי קרוב לערוה הוי וקא מיבמה צרה, ודלמא בשתי כתי עדים נמי ספיקא דרבנן הוא כו'. </b>ופירוש תתיבם ואין בכך כלום בתמיהא כלומר אי בשתי כתי עדים היינו אמרין תתיבם ואין בכך כלום והא תרי ותרי ספיקא דאורייתא הוא, ודחינן ודלמא ספיקא דרבנן היא מידי דהוה אנכסי דבר שטיא. ורש\"י ז\"ל דחה גרסא זו משום דהא דאמרינן לעיל תתיבם ואין בכך כלום רבה גופיה הוא דאמר הכי והיכי מייתי סיעתא למלתיה מדנפשיה. ומשום הכי גריס הוא ז\"ל אי בשתי כתי עדים תתיבם ואין בכך כלום קיימי עדים ואמרי קרוב לערוה הוי ואת אמרת תתיבם ואין בכך כלום. ותו תרי ותרי ספיקא דרבנן היא כו'. ופי' דהכי קאמר, אי בשתי כתי עדים ודאי תתיבם ואין בכך כלום דנעמידנה על חזקתה דתרי ותרי ספיקא דרבנן היא וכו' ולא הוה תנא במתניתין ולא מתיבמות. ואקשינן ושתי כתי עדים נמי היכי קאמרי תתייבם והא איכא תרי דקאמרי דקרוב לערוה הוה ואת הוא דקאמרת תרי ותרי ספיקא דאורייתא היא. ותו בתרי כתי עדים נמי ספיקא דרבנן הוא ובגרושין גופייהו אף על גב דכת אחת אמרה קרוב לה לא הוה ליה לאפוקה מחזקת היתר לשוק דכיון דאיכא כת אחרת דאמרה קרוב לו אמאי קתני חולצת ע\"כ. ואין גירסתו מחוורת חדא דמעיקרא סבירא ליה לרבא תרי ותרי ספיקא דאורייתא והשתא אמרינן דסבירא ליה ספיקא דרבנן, ואי מהדר קא הדר ביה הוה ליה למירמ הכי בהדיא. ועוד דאי מהדר קא הדר ביה מאי קא מקשה ליה קיימי עדים ואמרי קרוב לערוה הוה ואת אמרת תתייבם, אין ודאי דספיקא דרבנן היא, ואי לאקשויי ליה מדידיה דאמר ספיקא דאורייתא היא הכי הוה ליה למימר והא את הוא דאמרת ספיקא דאורייתא. ועוד מאי קא מקשה ליה ותו תרי ותרי ספיקא דרבנן היא מידי דהוה אנכסי דבר שטיא, דאיהו נמי הכי קאמר דספיקא דרבנן היא. ואי לאקשויי ליה ממתניתין דהזורק קא מהדר ולומר דספיקא דרבנן היא ובספיקא דרבנן לא מחמרינן אלא העמד על חזקתו לגמרי כדאמר ליה תתייבם ואין בכך כלום, לא הוה ליה לאקשויי בהאי לישנא ולא לאתויי סיעתא מדבר שטיא, דהא רבא גופיה הדר ביה ומודה בה והכי הוה ליה לאקשויי, ותו כיון דתרי ותרי ספיקא דרבנן היא והעמד דבר על חזקתו,היכי קתני מחצה על מחצה מגורשת ואינה מגורשת. ועוד קשיא (ל, א) דאם איתא מאי קא מוכח רבא מדאינה מתיבמת דבכת אחת היא דאי בשתי כתי עדים אף ליבום סלקא דתרי ותרי ספיקא דרבנן היא ואוקי אתתא אחזקתה, אדרבה כי ליכא אלא כת אחת איכא טפי למימר אוקי אתתא אחזקתה, דלכולי עלמא כת אחת ספיקא דרבנן היא ותתיבם יבומי.ואולי בזו נאמר דכל שיש שתי כתי עדים ואחת אומרת קרוב לו הוו מסייעי לחזקתה ואלימא חזקתה טפי. וזה דחוק מאוד ורחוק מאוד. אלא גרסתן של ראשונים מחוורת. ומאי דקאמר תתיבם ואין בכך כלום, לאו מדנפשיה קא מייתי סיעתא אלא ממתניתין, דודאי חולצת דקא אמרינן בספק קדושין חומרא בעלמא הוא, ואם תתיבם אין בכך כלום (כלומר) דהא דומיא דספק גרושין קתני לה. ושלשה גטין ודאי כשרים הן דבר תורה, אלא שהחמירו בהן חכמים משום דאי תתיבם אין בכך כלום, ואי מתניתין בשתי כתי עדים מדינא חולצת. ואקשינן דלמא תרי ותרי ספקא דרבנן היא ולעולם חולצת משום חומרא בעלמא דמדינא מתיבמת ואין בכך כלום דבחזקתה קיימא. ועוד היא צריכה ישוב.", 
            "links": [
                {
                    "category": "Talmud", 
                    "sourceHeRef": "יבמות ל״א א:ל״ד-ל״ז", 
                    "sourceRef": "Yevamot 31a:34-37", 
                    "ref": "Yevamot 31a.34-37"
                }
            ], 
            "text": ""
        }
    ], 
    "heRef": "רשב״א על יבמות ל״א א", 
    "toSections": [
        "31a"
    ], 
    "sectionRef": "Rashba on Yevamot 31a", 
    "title": "Rashba on Yevamot 31a", 
    "next": "Rashba on Yevamot 31b", 
    "heBook": "רשב״א על יבמות", 
    "book": "Rashba on Yevamot", 
    "prev": "Rashba on Yevamot 30b", 
    "textDepth": 2, 
    "sectionNames": [
        "Daf", 
        "Comment"
    ], 
    "sections": [
        "31a"
    ], 
    "isComplex": false, 
    "titleVariants": [
        "Rashba on Yevamot"
    ], 
    "categories": [
        "Commentary2", 
        "Talmud", 
        "Rashba"
    ], 
    "ref": "Rashba on Yevamot 31a", 
    "type": "Commentary2", 
    "addressTypes": [
        "Talmud", 
        "Integer"
    ], 
    "indexTitle": "Rashba on Yevamot", 
    "heIndexTitle": "רשב״א על יבמות", 
    "alts": [], 
    "order": ""
}