{
    "heTitleVariants": [
        "רש\"י על יומא"
    ], 
    "heTitle": "רש\"י על יומא ד׳ א", 
    "content": [
        {
            "segmentNumber": "1", 
            "he": [
                "לטומאת ביתו - שמא אם יזקק לאשתו ותראה דם בשעת ביאה ונמצא טמא שבעת ימים כמשפט בועל נדה ולא יכול לעבוד ביום הכפורים:"
            ], 
            "links": [
                {
                    "category": "Talmud", 
                    "sourceHeRef": "יומא ד׳ א:א׳", 
                    "index_title": "Yoma", 
                    "sourceRef": "Yoma 4a:1"
                }
            ], 
            "text": ""
        }, 
        {
            "segmentNumber": "2", 
            "he": [], 
            "links": [], 
            "text": ""
        }, 
        {
            "segmentNumber": "3", 
            "he": [], 
            "links": [], 
            "text": ""
        }, 
        {
            "segmentNumber": "4", 
            "he": [
                "זה וזה - כהן דיום הכפורים וכהן דפרה:", 
                "כל שבעה - ימי דהפרשה:", 
                "מכל חטאות שהיו שם - מכל פרה ופרה היו נותנין קצת למשמרת מן האפר בחיל כך שנינו במסכת פרה (פ\"נ משנה יא) ואני שמעתי אפר פרה של משה לא כלה:", 
                "דהואי נמי הזאה - בפרישה דמלואים כל ז' דכתיב (ויקרא ח) ויז על אהרן וגו' וכתיב שבעת ימים ימלא את ידם כל ז' עשה להם כחוק יום הראשון:"
            ], 
            "links": [
                {
                    "category": "Talmud", 
                    "sourceHeRef": "יומא ד׳ א:ד׳", 
                    "index_title": "Yoma", 
                    "sourceRef": "Yoma 4a:4"
                }, 
                {
                    "category": "Talmud", 
                    "sourceHeRef": "יומא ד׳ א:ד׳", 
                    "index_title": "Yoma", 
                    "sourceRef": "Yoma 4a:4"
                }, 
                {
                    "category": "Talmud", 
                    "sourceHeRef": "יומא ד׳ א:ד׳", 
                    "index_title": "Yoma", 
                    "sourceRef": "Yoma 4a:4"
                }, 
                {
                    "category": "Talmud", 
                    "sourceHeRef": "יומא ד׳ א:ד׳", 
                    "index_title": "Yoma", 
                    "sourceRef": "Yoma 4a:4"
                }, 
                {
                    "category": "Tanakh", 
                    "sourceHeRef": "ויקרא ח׳", 
                    "index_title": "Leviticus", 
                    "sourceRef": "Leviticus 8"
                }
            ], 
            "text": ""
        }, 
        {
            "segmentNumber": "5", 
            "he": [], 
            "links": [], 
            "text": ""
        }, 
        {
            "segmentNumber": "6", 
            "he": [], 
            "links": [], 
            "text": ""
        }, 
        {
            "segmentNumber": "7", 
            "he": [], 
            "links": [], 
            "text": ""
        }, 
        {
            "segmentNumber": "8", 
            "he": [
                "ובמלואים דם - הזאת מלואים של דם כדכתיב:"
            ], 
            "links": [
                {
                    "category": "Talmud", 
                    "sourceHeRef": "יומא ד׳ א:ח׳", 
                    "index_title": "Yoma", 
                    "sourceRef": "Yoma 4a:8"
                }
            ], 
            "text": ""
        }, 
        {
            "segmentNumber": "9", 
            "he": [
                "דתני ר' חייא כו' - לקמיה בשמעתין מייתי לה:"
            ], 
            "links": [
                {
                    "category": "Talmud", 
                    "sourceHeRef": "יומא ד׳ א:ט׳", 
                    "index_title": "Yoma", 
                    "sourceRef": "Yoma 4a:9"
                }
            ], 
            "text": ""
        }, 
        {
            "segmentNumber": "10", 
            "he": [], 
            "links": [], 
            "text": ""
        }, 
        {
            "segmentNumber": "11", 
            "he": [], 
            "links": [], 
            "text": ""
        }, 
        {
            "segmentNumber": "12", 
            "he": [
                "מעלה בעלמא - בפרה כדאמרן וביוה\"כ לכבוד כניסת מחנה שכינה:"
            ], 
            "links": [
                {
                    "category": "Talmud", 
                    "sourceHeRef": "יומא ד׳ א:י״ב", 
                    "index_title": "Yoma", 
                    "sourceRef": "Yoma 4a:12"
                }
            ], 
            "text": ""
        }, 
        {
            "segmentNumber": "13", 
            "he": [
                "תניא כוותיה דרבי יוחנן - דיליף ממלואים:", 
                "כריש לקיש - דיליף מסיני:"
            ], 
            "links": [
                {
                    "category": "Talmud", 
                    "sourceHeRef": "יומא ד׳ א:י״ג", 
                    "index_title": "Yoma", 
                    "sourceRef": "Yoma 4a:13"
                }, 
                {
                    "category": "Talmud", 
                    "sourceHeRef": "יומא ד׳ א:י״ג", 
                    "index_title": "Yoma", 
                    "sourceRef": "Yoma 4a:13"
                }
            ], 
            "text": ""
        }, 
        {
            "segmentNumber": "14", 
            "he": [], 
            "links": [], 
            "text": ""
        }, 
        {
            "segmentNumber": "15", 
            "he": [
                "בזאת - קרא יתירא הוא כדלקמן למדרש ביה ודרוש ביה הכי בזאת התורה האמורה בענין במקום אחר יבא אהרן אל הקדש:"
            ], 
            "links": [
                {
                    "category": "Talmud", 
                    "sourceHeRef": "יומא ד׳ א:ט״ו", 
                    "index_title": "Yoma", 
                    "sourceRef": "Yoma 4a:15"
                }
            ], 
            "text": ""
        }, 
        {
            "segmentNumber": "16", 
            "he": [
                "מאי היא - באיזה ענין:"
            ], 
            "links": [
                {
                    "category": "Talmud", 
                    "sourceHeRef": "יומא ד׳ א:ט״ז", 
                    "index_title": "Yoma", 
                    "sourceRef": "Yoma 4a:16"
                }
            ], 
            "text": ""
        }, 
        {
            "segmentNumber": "17", 
            "he": [
                "ושימש יום אחד - עבודת שמיני הוטלה עליו שנאמר (ויקרא ט) קרב אל המזבח:"
            ], 
            "links": [
                {
                    "category": "Talmud", 
                    "sourceHeRef": "יומא ד׳ א:י״ז", 
                    "index_title": "Yoma", 
                    "sourceRef": "Yoma 4a:17"
                }, 
                {
                    "category": "Tanakh", 
                    "sourceHeRef": "ויקרא ט׳", 
                    "index_title": "Leviticus", 
                    "sourceRef": "Leviticus 9"
                }
            ], 
            "text": ""
        }, 
        {
            "segmentNumber": "18", 
            "he": [
                "לאפוקי צדוקים - שהיו משנין עבודת קטורת יוה\"כ כדלקמן בהוציאו לו (דף נג.) שהיו נותנין הקטורת על האש בחוץ ואחר כך מכניסים:"
            ], 
            "links": [
                {
                    "category": "Talmud", 
                    "sourceHeRef": "יומא ד׳ א:י״ח", 
                    "index_title": "Yoma", 
                    "sourceRef": "Yoma 4a:18"
                }
            ], 
            "text": ""
        }, 
        {
            "segmentNumber": "19", 
            "he": [], 
            "links": [], 
            "text": ""
        }, 
        {
            "segmentNumber": "20", 
            "he": [
                "וכשם שמפרישים - לא מקרא יליף לה אלא מעלה בעלמא: ", 
                "לחנכו - ללמדו:"
            ], 
            "links": [
                {
                    "category": "Talmud", 
                    "sourceHeRef": "יומא ד׳ א:כ׳", 
                    "index_title": "Yoma", 
                    "sourceRef": "Yoma 4a:20"
                }, 
                {
                    "category": "Quoting Commentary", 
                    "sourceHeRef": " חידושי הלכות על מסכת יומא ד׳ א:א׳", 
                    "index_title": "Chidushei Halachot on Yoma", 
                    "sourceRef": "Chidushei Halachot on Yoma 4a:1"
                }, 
                {
                    "category": "Talmud", 
                    "sourceHeRef": "יומא ד׳ א:כ׳", 
                    "index_title": "Yoma", 
                    "sourceRef": "Yoma 4a:20"
                }
            ], 
            "text": ""
        }, 
        {
            "segmentNumber": "21", 
            "he": [
                "אמרת - אמור מעתה:"
            ], 
            "links": [
                {
                    "category": "Talmud", 
                    "sourceHeRef": "יומא ד׳ א:כ״א", 
                    "index_title": "Yoma", 
                    "sourceRef": "Yoma 4a:21"
                }
            ], 
            "text": ""
        }, 
        {
            "segmentNumber": "22", 
            "he": [], 
            "links": [], 
            "text": ""
        }, 
        {
            "segmentNumber": "23", 
            "he": [], 
            "links": [], 
            "text": ""
        }, 
        {
            "segmentNumber": "24", 
            "he": [], 
            "links": [], 
            "text": ""
        }, 
        {
            "segmentNumber": "25", 
            "he": [], 
            "links": [], 
            "text": ""
        }, 
        {
            "segmentNumber": "26", 
            "he": [
                "מאי בזאת - לשון נקבה פר ואיל דכתיבי בתריה לאו נקיבות הן:", 
                "שמע מינה - בענין מלואים ופרישה לשון נקבה:"
            ], 
            "links": [
                {
                    "category": "Talmud", 
                    "sourceHeRef": "יומא ד׳ א:כ״ו", 
                    "index_title": "Yoma", 
                    "sourceRef": "Yoma 4a:26"
                }, 
                {
                    "category": "Talmud", 
                    "sourceHeRef": "יומא ד׳ א:כ״ו", 
                    "index_title": "Yoma", 
                    "sourceRef": "Yoma 4a:26"
                }
            ], 
            "text": ""
        }, 
        {
            "segmentNumber": "27", 
            "he": [], 
            "links": [], 
            "text": ""
        }, 
        {
            "segmentNumber": "28", 
            "he": [], 
            "links": [], 
            "text": ""
        }, 
        {
            "segmentNumber": "29", 
            "he": [
                "כהן גדול קמא - אהרן לבדו כל ימיו אבל דורות הבאים לא תנהוג שלא נאמר אלא אהרן:"
            ], 
            "links": [
                {
                    "category": "Talmud", 
                    "sourceHeRef": "יומא ד׳ א:כ״ט", 
                    "index_title": "Yoma", 
                    "sourceRef": "Yoma 4a:29"
                }
            ], 
            "text": ""
        }, 
        {
            "segmentNumber": "30", 
            "he": [], 
            "links": [], 
            "text": ""
        }, 
        {
            "segmentNumber": "31", 
            "he": [], 
            "links": [], 
            "text": ""
        }, 
        {
            "segmentNumber": "32", 
            "he": [], 
            "links": [], 
            "text": ""
        }, 
        {
            "segmentNumber": "33", 
            "he": [
                "זה מעשה כו' - כלומר אי אתה יכול לומר ויכסהו להר ולא למשה ואלו ששה ימים הן שהיו מראש חדש שבאו לסיני עד יום מתן תורה ואין כאן פרישה כלל למשה שהרי אותן ששה ימים עלה וירד בהשכמה להזהירן על פרישתן מן האשה ומצות הגבלה זאת לא תאמר לפי שזה מעשה היה אחר עשרת הדברות בתחילת ארבעים יום שנכנס למחנה שכינה להיות שם עם ה' לקבל הלוחות ולקמן מפרש מהיכא פשיטא ליה דאחר עשרת הדברות היה ששה ימים הללו:", 
                "ר\"ע אומר - קודם עשרת הדברות היה וששה ימים הללו הם ששה ימים שמראש חדש עד יום מתן תורה ובשביעי קבלום ומשה וכל ישראל עומדים לקבל עשרת הדברות כדאמרינן (מכות דף כד.) אנכי ולא יהיה לך מפי הגבורה שמענום ואחר כך עלה כדי לקבל את הלוחות ולא היה שם פרישה כלל:"
            ], 
            "links": [
                {
                    "category": "Talmud", 
                    "sourceHeRef": "יומא ד׳ א:ל״ג", 
                    "index_title": "Yoma", 
                    "sourceRef": "Yoma 4a:33"
                }, 
                {
                    "category": "Talmud", 
                    "sourceHeRef": "מכות כ״ד א", 
                    "index_title": "Makkot", 
                    "sourceRef": "Makkot 24a"
                }, 
                {
                    "category": "Talmud", 
                    "sourceHeRef": "יומא ד׳ א:ל״ג", 
                    "index_title": "Yoma", 
                    "sourceRef": "Yoma 4a:33"
                }, 
                {
                    "category": "Talmud", 
                    "sourceHeRef": "מכות כ״ד א", 
                    "index_title": "Makkot", 
                    "sourceRef": "Makkot 24a"
                }
            ], 
            "text": ""
        }, 
        {
            "segmentNumber": "34", 
            "he": [], 
            "links": [], 
            "text": ""
        }
    ], 
    "commentaryBook": "Yoma", 
    "heRef": "רש\"י על יומא ד׳ א", 
    "toSections": [
        "4a"
    ], 
    "sectionRef": "Rashi on Yoma 4a", 
    "title": "Rashi on Yoma 4a", 
    "lengths": [
        173, 
        7753
    ], 
    "next": "Rashi on Yoma 4b:1", 
    "heBook": "רש\"י על יומא", 
    "book": "Rashi on Yoma", 
    "prev": "Rashi on Yoma 3b:58", 
    "textDepth": 3, 
    "sectionNames": [
        "Daf", 
        "Line", 
        "Comment"
    ], 
    "sections": [
        "4a"
    ], 
    "commentator": "Rashi", 
    "isComplex": false, 
    "commentaryCategories": [
        "Talmud", 
        "Bavli", 
        "Seder Moed"
    ], 
    "titleVariants": [
        "Rashi on Masekhet Yoma", 
        "Rashi on Tractate Yoma", 
        "Rashi on Yoma", 
        "Rashi on Talmud Yoma"
    ], 
    "categories": [
        "Commentary", 
        "Talmud", 
        "Rashi"
    ], 
    "ref": "Rashi on Yoma 4a", 
    "type": "Commentary", 
    "addressTypes": [
        "Talmud", 
        "Integer", 
        "Integer"
    ], 
    "heCommentator": "רש\"י", 
    "length": 173, 
    "indexTitle": "Rashi on Yoma", 
    "heIndexTitle": "רש\"י על יומא", 
    "alts": [], 
    "order": [
        6, 
        5
    ]
}