{
    "heTitleVariants": [
        "רש\"י על יומא"
    ], 
    "heTitle": "רש\"י על יומא י״ב א", 
    "content": [
        {
            "segmentNumber": "1", 
            "he": [
                "דכרכים - שהוא מקום שווקים ומתקבצים שם ממקומות הרבה והיא עשויה לכל הבא להתפלל ואין לה בעלים מיוחדים:", 
                "דכפרים - כל בעליו ניכרים והרי הוא כבית השותפין:"
            ], 
            "links": [
                {
                    "category": "Talmud", 
                    "sourceHeRef": "יומא י״ב א:א׳", 
                    "sourceRef": "Yoma 12a:1", 
                    "ref": "Yoma 12a:1"
                }, 
                {
                    "category": "Talmud", 
                    "sourceHeRef": "יומא י״ב א:א׳", 
                    "sourceRef": "Yoma 12a:1", 
                    "ref": "Yoma 12a:1"
                }
            ], 
            "text": ""
        }, 
        {
            "segmentNumber": "2", 
            "he": [], 
            "links": [], 
            "text": ""
        }, 
        {
            "segmentNumber": "3", 
            "he": [], 
            "links": [], 
            "text": ""
        }, 
        {
            "segmentNumber": "4", 
            "he": [
                "ואין ירושלים מטמאה בנגעים - שאין אחוזה להם קסבר לא נתחלקה לשבט יהודה ובנימין אלא כל השבטים שוין בה:"
            ], 
            "links": [
                {
                    "category": "Talmud", 
                    "sourceHeRef": "יומא י״ב א:ד׳", 
                    "sourceRef": "Yoma 12a:4", 
                    "ref": "Yoma 12a:4"
                }
            ], 
            "text": ""
        }, 
        {
            "segmentNumber": "5", 
            "he": [], 
            "links": [], 
            "text": ""
        }, 
        {
            "segmentNumber": "6", 
            "he": [
                "אני לא שמעתי - קסבר נתחלקה לשבטים:", 
                "אלא מקום מקדש בלבד - שכשקנה דוד את גורן מארונה היבוסי גבה הכסף מכל שבט ושבט כדאמרינן בספרי ובשחיטת קדשים [זבחים קטז:]:"
            ], 
            "links": [
                {
                    "category": "Talmud", 
                    "sourceHeRef": "יומא י״ב א:ו׳", 
                    "sourceRef": "Yoma 12a:6", 
                    "ref": "Yoma 12a:6"
                }, 
                {
                    "category": "Talmud", 
                    "sourceHeRef": "יומא י״ב א:ו׳", 
                    "sourceRef": "Yoma 12a:6", 
                    "ref": "Yoma 12a:6"
                }
            ], 
            "text": ""
        }, 
        {
            "segmentNumber": "7", 
            "he": [], 
            "links": [], 
            "text": ""
        }, 
        {
            "segmentNumber": "8", 
            "he": [], 
            "links": [], 
            "text": ""
        }, 
        {
            "segmentNumber": "9", 
            "he": [], 
            "links": [], 
            "text": ""
        }, 
        {
            "segmentNumber": "10", 
            "he": [], 
            "links": [], 
            "text": ""
        }, 
        {
            "segmentNumber": "11", 
            "he": [
                "במאי קא מיפלגי - ר' יהודה ורבנן:"
            ], 
            "links": [
                {
                    "category": "Talmud", 
                    "sourceHeRef": "יומא י״ב א:י״א", 
                    "sourceRef": "Yoma 12a:11", 
                    "ref": "Yoma 12a:11"
                }
            ], 
            "text": ""
        }, 
        {
            "segmentNumber": "12", 
            "he": [], 
            "links": [], 
            "text": ""
        }, 
        {
            "segmentNumber": "13", 
            "he": [], 
            "links": [], 
            "text": ""
        }, 
        {
            "segmentNumber": "14", 
            "he": [], 
            "links": [], 
            "text": ""
        }, 
        {
            "segmentNumber": "15", 
            "he": [], 
            "links": [], 
            "text": ""
        }, 
        {
            "segmentNumber": "16", 
            "he": [
                "הר הבית והלשכות והעזרות - צד המזרחי רוחב הר הבית עזרת נשים כולה ועזרת ישראל כולה י\"א אמה של מקום רגלי דריסת הכהנים להלן מרגלי ישראל ושם המזבח מתחיל משם ולמערב בחלקו של בנימין אלא שבמקום מושב המזבח יוצאה רצועה מחלקו של יהודה ונכנסה לקרן מזרחית דרומית:"
            ], 
            "links": [
                {
                    "category": "Talmud", 
                    "sourceHeRef": "יומא י״ב א:ט״ז", 
                    "sourceRef": "Yoma 12a:16", 
                    "ref": "Yoma 12a:16"
                }
            ], 
            "text": ""
        }, 
        {
            "segmentNumber": "17", 
            "he": [], 
            "links": [], 
            "text": ""
        }, 
        {
            "segmentNumber": "18", 
            "he": [], 
            "links": [], 
            "text": ""
        }, 
        {
            "segmentNumber": "19", 
            "he": [
                "חופף - כאדם המתחכך מחמת שאינו משיג תאותו לשון נזיר (לא יחוף ראשו) (נזיר דף מב.):"
            ], 
            "links": [
                {
                    "category": "Talmud", 
                    "sourceHeRef": "יומא י״ב א:י״ט", 
                    "sourceRef": "Yoma 12a:19", 
                    "ref": "Yoma 12a:19"
                }, 
                {
                    "category": "Talmud", 
                    "sourceHeRef": "נזיר מ״ב א", 
                    "sourceRef": "Nazir 42a", 
                    "ref": "Nazir 42a"
                }
            ], 
            "text": ""
        }, 
        {
            "segmentNumber": "20", 
            "he": [
                "אושפיזכן - שהיה הארון נתון בחלקו:"
            ], 
            "links": [
                {
                    "category": "Talmud", 
                    "sourceHeRef": "יומא י״ב א:כ׳", 
                    "sourceRef": "Yoma 12a:20", 
                    "ref": "Yoma 12a:20"
                }
            ], 
            "text": ""
        }, 
        {
            "segmentNumber": "21", 
            "he": [
                "והאי תנא - דלקמן סבר לא נתחלקה והיינו תנאי:"
            ], 
            "links": [
                {
                    "category": "Talmud", 
                    "sourceHeRef": "יומא י״ב א:כ״א", 
                    "sourceRef": "Yoma 12a:21", 
                    "ref": "Yoma 12a:21"
                }
            ], 
            "text": ""
        }, 
        {
            "segmentNumber": "22", 
            "he": [], 
            "links": [], 
            "text": ""
        }, 
        {
            "segmentNumber": "23", 
            "he": [], 
            "links": [], 
            "text": ""
        }, 
        {
            "segmentNumber": "24", 
            "he": [], 
            "links": [], 
            "text": ""
        }, 
        {
            "segmentNumber": "25", 
            "he": [
                "עורות קדשים - של שלמי חגיגה ושמחה שעולי רגלים שוחטין ואוכלין שם:"
            ], 
            "links": [
                {
                    "category": "Talmud", 
                    "sourceHeRef": "יומא י״ב א:כ״ה", 
                    "sourceRef": "Yoma 12a:25", 
                    "ref": "Yoma 12a:25"
                }
            ], 
            "text": ""
        }, 
        {
            "segmentNumber": "26", 
            "he": [], 
            "links": [], 
            "text": ""
        }, 
        {
            "segmentNumber": "27", 
            "he": [
                "גולפא - קנקן של חרס:", 
                "ומשכא - עור בהמה שהוא שוחט ואוכל בבית בעל הבית:"
            ], 
            "links": [
                {
                    "category": "Talmud", 
                    "sourceHeRef": "יומא י״ב א:כ״ז", 
                    "sourceRef": "Yoma 12a:27", 
                    "ref": "Yoma 12a:27"
                }, 
                {
                    "category": "Talmud", 
                    "sourceHeRef": "יומא י״ב א:כ״ז", 
                    "sourceRef": "Yoma 12a:27", 
                    "ref": "Yoma 12a:27"
                }
            ], 
            "text": ""
        }, 
        {
            "segmentNumber": "28", 
            "he": [], 
            "links": [], 
            "text": ""
        }, 
        {
            "segmentNumber": "29", 
            "he": [], 
            "links": [], 
            "text": ""
        }, 
        {
            "segmentNumber": "30", 
            "he": [
                "לאחוזה - גבי נגעים כתיב (ויקרא יד) אשר אני נותן לכם לאחוזה לבית אחוזה:", 
                "לבית אבות - למשפחות:", 
                "ואין כל אחד ואחד - שלא חלקו אחוזת המשפחה לגברים:"
            ], 
            "links": [
                {
                    "category": "Talmud", 
                    "sourceHeRef": "יומא י״ב א:ל׳", 
                    "sourceRef": "Yoma 12a:30", 
                    "ref": "Yoma 12a:30"
                }, 
                {
                    "category": "Talmud", 
                    "sourceHeRef": "יומא י״ב א:ל׳", 
                    "sourceRef": "Yoma 12a:30", 
                    "ref": "Yoma 12a:30"
                }, 
                {
                    "category": "Tanach", 
                    "sourceHeRef": "ויקרא י״ד", 
                    "sourceRef": "Leviticus 14", 
                    "ref": "Leviticus 14"
                }, 
                {
                    "category": "Talmud", 
                    "sourceHeRef": "יומא י״ב א:ל׳", 
                    "sourceRef": "Yoma 12a:30", 
                    "ref": "Yoma 12a:30"
                }
            ], 
            "text": ""
        }, 
        {
            "segmentNumber": "31", 
            "he": [], 
            "links": [], 
            "text": ""
        }, 
        {
            "segmentNumber": "32", 
            "he": [
                "כדשנין מעיקרא - דאית ביה דירה:"
            ], 
            "links": [
                {
                    "category": "Talmud", 
                    "sourceHeRef": "יומא י״ב א:ל״ב", 
                    "sourceRef": "Yoma 12a:32", 
                    "ref": "Yoma 12a:32"
                }
            ], 
            "text": ""
        }, 
        {
            "segmentNumber": "33", 
            "he": [], 
            "links": [], 
            "text": ""
        }, 
        {
            "segmentNumber": "34", 
            "he": [
                "פשיטא אירע - בכהן גדול פסול ביוה\"כ קודם תמיד של שחר מחנכין אותו לזה המשמש תחתיו בתמיד של שחר שיעשה הוא תמיד של שחר בשמונה בגדים ויהא מחונך לכהונה גדולה קודם שיגיע עבודת יום הכפורים:"
            ], 
            "links": [
                {
                    "category": "Talmud", 
                    "sourceHeRef": "יומא י״ב א:ל״ד", 
                    "sourceRef": "Yoma 12a:34", 
                    "ref": "Yoma 12a:34"
                }
            ], 
            "text": ""
        }, 
        {
            "segmentNumber": "35", 
            "he": [], 
            "links": [], 
            "text": ""
        }, 
        {
            "segmentNumber": "36", 
            "he": [
                "במה מחנכין אותו - הרי עבודת יום הכפורים שאחר התמיד בארבעה בגדים היא ובמה הוא ניכר שהוא כהן גדול מעולם והיכן יצא מהדיוטות שתהא עבודת היום נעשית בכהן גדול:"
            ], 
            "links": [
                {
                    "category": "Talmud", 
                    "sourceHeRef": "יומא י״ב א:ל״ו", 
                    "sourceRef": "Yoma 12a:36", 
                    "ref": "Yoma 12a:36"
                }
            ], 
            "text": ""
        }, 
        {
            "segmentNumber": "37", 
            "he": [], 
            "links": [], 
            "text": ""
        }, 
        {
            "segmentNumber": "38", 
            "he": [
                "באבנט - באותן ד' בגדים עצמן יש היכר לכהונה גדולה שאבנטו של כהן גדול בעבודת יוה\"כ של בוץ הוא כדכתי' (ויקרא טו) ובאבנט בד יחגור וזה עד עכשיו היה רגיל לעבוד בשל כלאים:"
            ], 
            "links": [
                {
                    "category": "Talmud", 
                    "sourceHeRef": "יומא י״ב א:ל״ח", 
                    "sourceRef": "Yoma 12a:38", 
                    "ref": "Yoma 12a:38"
                }, 
                {
                    "category": "Tanach", 
                    "sourceHeRef": "ויקרא ט״ו", 
                    "sourceRef": "Leviticus 15", 
                    "ref": "Leviticus 15"
                }
            ], 
            "text": ""
        }, 
        {
            "segmentNumber": "39", 
            "he": [
                "הניחא למ\"ד אבנטו של כהן גדול - של כל ימות השנה היה של כלאים כדכתיב ואת האבנט שש משזר ותכלת:", 
                "זהו אבנטו של כהן הדיוט - שאין חילוק באבנטיהם איכא היכירא ביום הכפורים באבנט לפי שאבנטו של כהן גדול משתנה ביום הכפורים להיות של בוץ:"
            ], 
            "links": [
                {
                    "category": "Talmud", 
                    "sourceHeRef": "יומא י״ב א:ל״ט", 
                    "sourceRef": "Yoma 12a:39", 
                    "ref": "Yoma 12a:39"
                }, 
                {
                    "category": "Talmud", 
                    "sourceHeRef": "יומא י״ב א:ל״ט", 
                    "sourceRef": "Yoma 12a:39", 
                    "ref": "Yoma 12a:39"
                }
            ], 
            "text": ""
        }, 
        {
            "segmentNumber": "40", 
            "he": [
                "אלא למאן דאמר - לקמן אבנטו של כהן גדול בכל השנה לא זהו של הדיוט שההדיוט של בוץ נמצאו אבנטיהם שוין ביום הכפורים ומאי היכירא כהונה גדולה איכא להאי:"
            ], 
            "links": [
                {
                    "category": "Talmud", 
                    "sourceHeRef": "יומא י״ב א:מ׳", 
                    "sourceRef": "Yoma 12a:40", 
                    "ref": "Yoma 12a:40"
                }
            ], 
            "text": ""
        }, 
        {
            "segmentNumber": "41", 
            "he": [
                "אמר אביי - קודם שיתחיל עבודת היום שהוא בבגדים השוין בהדיוט לובש שמונה בגדים ויהפוך במזבח החיצון אחד מאיברי התמיד במזלג של ברזל דקירוב עבודה היא שממהר להתעכל מחמת הפיכה זו ועבודה היא כדרב הונא ונמצא שנתחנך לכהונה גדולה קודם לכן:"
            ], 
            "links": [
                {
                    "category": "Talmud", 
                    "sourceHeRef": "יומא י״ב א:מ״א", 
                    "sourceRef": "Yoma 12a:41", 
                    "ref": "Yoma 12a:41"
                }
            ], 
            "text": ""
        }, 
        {
            "segmentNumber": "42", 
            "he": [
                "בצינורא - במזלג:"
            ], 
            "links": [
                {
                    "category": "Talmud", 
                    "sourceHeRef": "יומא י״ב א:מ״ב", 
                    "sourceRef": "Yoma 12a:42", 
                    "ref": "Yoma 12a:42"
                }
            ], 
            "text": ""
        }, 
        {
            "segmentNumber": "43", 
            "he": [
                "חייב מיתה - משום והזר הקרב יומת (במדבר יח) אלמא קרובי עבודה הוי עבודה:"
            ], 
            "links": [
                {
                    "category": "Talmud", 
                    "sourceHeRef": "יומא י״ב א:מ״ג", 
                    "sourceRef": "Yoma 12a:43", 
                    "ref": "Yoma 12a:43"
                }, 
                {
                    "category": "Tanach", 
                    "sourceHeRef": "במדבר י״ח", 
                    "sourceRef": "Numbers 18", 
                    "ref": "Numbers 18"
                }
            ], 
            "text": ""
        }, 
        {
            "segmentNumber": "44", 
            "he": [], 
            "links": [], 
            "text": ""
        }
    ], 
    "commentaryBook": "Yoma", 
    "heRef": "רש\"י על יומא י״ב א", 
    "toSections": [
        "12a"
    ], 
    "sectionRef": "Rashi on Yoma 12a", 
    "title": "Rashi on Yoma 12a", 
    "lengths": [
        173, 
        7753
    ], 
    "next": "Rashi on Yoma 12b:1", 
    "heBook": "רש\"י על יומא", 
    "book": "Rashi on Yoma", 
    "prev": "Rashi on Yoma 11b:40", 
    "textDepth": 3, 
    "sectionNames": [
        "Daf", 
        "Line", 
        "Comment"
    ], 
    "sections": [
        "12a"
    ], 
    "commentator": "Rashi", 
    "isComplex": false, 
    "commentaryCategories": [
        "Talmud", 
        "Bavli", 
        "Seder Moed"
    ], 
    "titleVariants": [
        "Rashi on Masekhet Yoma", 
        "Rashi on Tractate Yoma", 
        "Rashi on Yoma", 
        "Rashi on Talmud Yoma"
    ], 
    "categories": [
        "Commentary", 
        "Talmud", 
        "Rashi"
    ], 
    "ref": "Rashi on Yoma 12a", 
    "type": "Commentary", 
    "addressTypes": [
        "Talmud", 
        "Integer", 
        "Integer"
    ], 
    "heCommentator": "רש\"י", 
    "length": 173, 
    "indexTitle": "Rashi on Yoma", 
    "heIndexTitle": "רש\"י על יומא", 
    "alts": [], 
    "order": [
        6, 
        5
    ]
}