{
    "sections": {
        "Rashi on Bava Batra 3b:42": {
            "content": [], 
            "heTitle": "רש\"י על בבא בתרא ג׳ ב:מ״ב", 
            "indexTitle": "Rashi on Bava Batra", 
            "sectionRef": "Rashi on Bava Batra 3b:42", 
            "prev": "Rashi on Bava Batra 3b:40", 
            "ref": "Rashi on Bava Batra 3b:42", 
            "heRef": "רש\"י על בבא בתרא ג׳ ב:מ״ב", 
            "next": "Rashi on Bava Batra 3b:43"
        }, 
        "Rashi on Bava Batra 3b:43": {
            "content": [
                {
                    "segmentNumber": "1", 
                    "links": [
                        {
                            "category": "Talmud", 
                            "index_title": "Bava Batra", 
                            "sourceHeRef": "בבא בתרא ג׳ ב:מ״ג", 
                            "sourceRef": "Bava Batra 3b:43"
                        }
                    ], 
                    "he": "ולא אמרן - דלא ליסתרוה לעתיקא:"
                }, 
                {
                    "segmentNumber": "2", 
                    "links": [
                        {
                            "category": "Talmud", 
                            "index_title": "Bava Batra", 
                            "sourceHeRef": "בבא בתרא ג׳ ב:מ״ג", 
                            "sourceRef": "Bava Batra 3b:43"
                        }
                    ], 
                    "he": "אלא דלא חזו ביה תיוהא - ביקוע שיהא מזומן ליפול:"
                }
            ], 
            "heTitle": "רש\"י על בבא בתרא ג׳ ב:מ״ג", 
            "indexTitle": "Rashi on Bava Batra", 
            "sectionRef": "Rashi on Bava Batra 3b:43", 
            "prev": "Rashi on Bava Batra 3b:40", 
            "ref": "Rashi on Bava Batra 3b:43", 
            "heRef": "רש\"י על בבא בתרא ג׳ ב:מ״ג", 
            "next": "Rashi on Bava Batra 3b:44"
        }, 
        "Rashi on Bava Batra 3b:40": {
            "content": [
                {
                    "segmentNumber": "1", 
                    "links": [
                        {
                            "category": "Talmud", 
                            "index_title": "Bava Batra", 
                            "sourceHeRef": "בבא בתרא ג׳ ב:מ׳", 
                            "sourceRef": "Bava Batra 3b:40"
                        }
                    ], 
                    "he": "כי בנו נמי - בי כנישתא חדתא לא נסתרוה לעתיקא דדילמא מתרמי פדיון שבויין ומזבני ליה:"
                }
            ], 
            "heTitle": "רש\"י על בבא בתרא ג׳ ב:מ׳", 
            "indexTitle": "Rashi on Bava Batra", 
            "sectionRef": "Rashi on Bava Batra 3b:40", 
            "prev": "Rashi on Bava Batra 3b:37", 
            "ref": "Rashi on Bava Batra 3b:40", 
            "heRef": "רש\"י על בבא בתרא ג׳ ב:מ׳", 
            "next": "Rashi on Bava Batra 3b:43"
        }, 
        "Rashi on Bava Batra 3b:41": {
            "content": [], 
            "heTitle": "רש\"י על בבא בתרא ג׳ ב:מ״א", 
            "indexTitle": "Rashi on Bava Batra", 
            "sectionRef": "Rashi on Bava Batra 3b:41", 
            "prev": "Rashi on Bava Batra 3b:40", 
            "ref": "Rashi on Bava Batra 3b:41", 
            "heRef": "רש\"י על בבא בתרא ג׳ ב:מ״א", 
            "next": "Rashi on Bava Batra 3b:43"
        }, 
        "Rashi on Bava Batra 3b:44": {
            "content": [
                {
                    "segmentNumber": "1", 
                    "links": [
                        {
                            "category": "Talmud", 
                            "index_title": "Bava Batra", 
                            "sourceHeRef": "בבא בתרא ג׳ ב:מ״ד", 
                            "sourceRef": "Bava Batra 3b:44"
                        }
                    ], 
                    "he": "עייליה לפורייה התם - כדי שלא יתייאש בבנינו שהחמה והגשמים מצערין אותו:"
                }, 
                {
                    "segmentNumber": "2", 
                    "links": [
                        {
                            "category": "Talmud", 
                            "index_title": "Bava Batra", 
                            "sourceHeRef": "בבא בתרא ג׳ ב:מ״ד", 
                            "sourceRef": "Bava Batra 3b:44"
                        }
                    ], 
                    "he": "שפכי - מרזבין:"
                }
            ], 
            "heTitle": "רש\"י על בבא בתרא ג׳ ב:מ״ד", 
            "indexTitle": "Rashi on Bava Batra", 
            "sectionRef": "Rashi on Bava Batra 3b:44", 
            "prev": "Rashi on Bava Batra 3b:43", 
            "ref": "Rashi on Bava Batra 3b:44", 
            "heRef": "רש\"י על בבא בתרא ג׳ ב:מ״ד", 
            "next": "Rashi on Bava Batra 3b:45"
        }, 
        "Rashi on Bava Batra 3b:45": {
            "content": [
                {
                    "segmentNumber": "1", 
                    "links": [
                        {
                            "category": "Talmud", 
                            "index_title": "Bava Batra", 
                            "sourceHeRef": "בבא בתרא ג׳ ב:מ״ה", 
                            "sourceRef": "Bava Batra 3b:45"
                        }
                    ], 
                    "he": "היכי אסביה עצה להורדוס - כדאמרי' לקמן בשמעתין וכתובה היא ביוסיפון בן גוריון:"
                }
            ], 
            "heTitle": "רש\"י על בבא בתרא ג׳ ב:מ״ה", 
            "indexTitle": "Rashi on Bava Batra", 
            "sectionRef": "Rashi on Bava Batra 3b:45", 
            "prev": "Rashi on Bava Batra 3b:44", 
            "ref": "Rashi on Bava Batra 3b:45", 
            "heRef": "רש\"י על בבא בתרא ג׳ ב:מ״ה", 
            "next": "Rashi on Bava Batra 4a:1"
        }, 
        "Rashi on Bava Batra 3b:28": {
            "content": [], 
            "heTitle": "רש\"י על בבא בתרא ג׳ ב:כ״ח", 
            "indexTitle": "Rashi on Bava Batra", 
            "sectionRef": "Rashi on Bava Batra 3b:28", 
            "prev": "Rashi on Bava Batra 3b:27", 
            "ref": "Rashi on Bava Batra 3b:28", 
            "heRef": "רש\"י על בבא בתרא ג׳ ב:כ״ח", 
            "next": "Rashi on Bava Batra 3b:29"
        }, 
        "Rashi on Bava Batra 3b:29": {
            "content": [
                {
                    "segmentNumber": "1", 
                    "links": [
                        {
                            "category": "Talmud", 
                            "index_title": "Bava Batra", 
                            "sourceHeRef": "בבא בתרא ג׳ ב:כ״ט", 
                            "sourceRef": "Bava Batra 3b:29"
                        }
                    ], 
                    "he": "משום צלויי - כל זמן הבנין:"
                }
            ], 
            "heTitle": "רש\"י על בבא בתרא ג׳ ב:כ״ט", 
            "indexTitle": "Rashi on Bava Batra", 
            "sectionRef": "Rashi on Bava Batra 3b:29", 
            "prev": "Rashi on Bava Batra 3b:27", 
            "ref": "Rashi on Bava Batra 3b:29", 
            "heRef": "רש\"י על בבא בתרא ג׳ ב:כ״ט", 
            "next": "Rashi on Bava Batra 3b:32"
        }, 
        "Rashi on Bava Batra 3b:24": {
            "content": [], 
            "heTitle": "רש\"י על בבא בתרא ג׳ ב:כ״ד", 
            "indexTitle": "Rashi on Bava Batra", 
            "sectionRef": "Rashi on Bava Batra 3b:24", 
            "prev": "Rashi on Bava Batra 3b:21", 
            "ref": "Rashi on Bava Batra 3b:24", 
            "heRef": "רש\"י על בבא בתרא ג׳ ב:כ״ד", 
            "next": "Rashi on Bava Batra 3b:27"
        }, 
        "Rashi on Bava Batra 3b:25": {
            "content": [], 
            "heTitle": "רש\"י על בבא בתרא ג׳ ב:כ״ה", 
            "indexTitle": "Rashi on Bava Batra", 
            "sectionRef": "Rashi on Bava Batra 3b:25", 
            "prev": "Rashi on Bava Batra 3b:21", 
            "ref": "Rashi on Bava Batra 3b:25", 
            "heRef": "רש\"י על בבא בתרא ג׳ ב:כ״ה", 
            "next": "Rashi on Bava Batra 3b:27"
        }, 
        "Rashi on Bava Batra 3b:26": {
            "content": [], 
            "heTitle": "רש\"י על בבא בתרא ג׳ ב:כ״ו", 
            "indexTitle": "Rashi on Bava Batra", 
            "sectionRef": "Rashi on Bava Batra 3b:26", 
            "prev": "Rashi on Bava Batra 3b:21", 
            "ref": "Rashi on Bava Batra 3b:26", 
            "heRef": "רש\"י על בבא בתרא ג׳ ב:כ״ו", 
            "next": "Rashi on Bava Batra 3b:27"
        }, 
        "Rashi on Bava Batra 3b:27": {
            "content": [
                {
                    "segmentNumber": "1", 
                    "links": [
                        {
                            "category": "Talmud", 
                            "index_title": "Bava Batra", 
                            "sourceHeRef": "בבא בתרא ג׳ ב:כ״ז", 
                            "sourceRef": "Bava Batra 3b:27"
                        }
                    ], 
                    "he": "משום פשיעותא - דילמא מתרמי אונס ופשעי ולא בנו אחריתי:"
                }
            ], 
            "heTitle": "רש\"י על בבא בתרא ג׳ ב:כ״ז", 
            "indexTitle": "Rashi on Bava Batra", 
            "sectionRef": "Rashi on Bava Batra 3b:27", 
            "prev": "Rashi on Bava Batra 3b:21", 
            "ref": "Rashi on Bava Batra 3b:27", 
            "heRef": "רש\"י על בבא בתרא ג׳ ב:כ״ז", 
            "next": "Rashi on Bava Batra 3b:29"
        }, 
        "Rashi on Bava Batra 3b:20": {
            "content": [
                {
                    "segmentNumber": "1", 
                    "links": [
                        {
                            "category": "Talmud", 
                            "index_title": "Bava Batra", 
                            "sourceHeRef": "בבא בתרא ג׳ ב:כ׳", 
                            "sourceRef": "Bava Batra 3b:20"
                        }
                    ], 
                    "he": "הקורה שאמרו - לענין הכשר מבוי:"
                }, 
                {
                    "segmentNumber": "2", 
                    "links": [
                        {
                            "category": "Talmud", 
                            "index_title": "Bava Batra", 
                            "sourceHeRef": "בבא בתרא ג׳ ב:כ׳", 
                            "sourceRef": "Bava Batra 3b:20"
                        }
                    ], 
                    "he": "ג' טפחים - אלמא ג' טפחים דקתני לגבי מתני' גבי לבינין כדקתני זה נותן טפח ומחצה וזה נותן טפח ומחצה הן בלא סידן קאמר דהא לבינה לחודה שלשה טפחים:"
                }
            ], 
            "heTitle": "רש\"י על בבא בתרא ג׳ ב:כ׳", 
            "indexTitle": "Rashi on Bava Batra", 
            "sectionRef": "Rashi on Bava Batra 3b:20", 
            "prev": "Rashi on Bava Batra 3b:18", 
            "ref": "Rashi on Bava Batra 3b:20", 
            "heRef": "רש\"י על בבא בתרא ג׳ ב:כ׳", 
            "next": "Rashi on Bava Batra 3b:21"
        }, 
        "Rashi on Bava Batra 3b:21": {
            "content": [
                {
                    "segmentNumber": "1", 
                    "links": [
                        {
                            "category": "Talmud", 
                            "index_title": "Bava Batra", 
                            "sourceHeRef": "בבא בתרא ג׳ ב:כ״א", 
                            "sourceRef": "Bava Batra 3b:21"
                        }
                    ], 
                    "he": "התם ברברבתא - ומתני' בזוטרתא דעם סידן לא הוו אלא ג' טפחים:"
                }
            ], 
            "heTitle": "רש\"י על בבא בתרא ג׳ ב:כ״א", 
            "indexTitle": "Rashi on Bava Batra", 
            "sectionRef": "Rashi on Bava Batra 3b:21", 
            "prev": "Rashi on Bava Batra 3b:20", 
            "ref": "Rashi on Bava Batra 3b:21", 
            "heRef": "רש\"י על בבא בתרא ג׳ ב:כ״א", 
            "next": "Rashi on Bava Batra 3b:27"
        }, 
        "Rashi on Bava Batra 3b:22": {
            "content": [], 
            "heTitle": "רש\"י על בבא בתרא ג׳ ב:כ״ב", 
            "indexTitle": "Rashi on Bava Batra", 
            "sectionRef": "Rashi on Bava Batra 3b:22", 
            "prev": "Rashi on Bava Batra 3b:21", 
            "ref": "Rashi on Bava Batra 3b:22", 
            "heRef": "רש\"י על בבא בתרא ג׳ ב:כ״ב", 
            "next": "Rashi on Bava Batra 3b:27"
        }, 
        "Rashi on Bava Batra 3b:23": {
            "content": [], 
            "heTitle": "רש\"י על בבא בתרא ג׳ ב:כ״ג", 
            "indexTitle": "Rashi on Bava Batra", 
            "sectionRef": "Rashi on Bava Batra 3b:23", 
            "prev": "Rashi on Bava Batra 3b:21", 
            "ref": "Rashi on Bava Batra 3b:23", 
            "heRef": "רש\"י על בבא בתרא ג׳ ב:כ״ג", 
            "next": "Rashi on Bava Batra 3b:27"
        }, 
        "Rashi on Bava Batra 3b:9": {
            "content": [
                {
                    "segmentNumber": "1", 
                    "links": [
                        {
                            "category": "Talmud", 
                            "index_title": "Bava Batra", 
                            "sourceHeRef": "בבא בתרא ג׳ ב:ט׳", 
                            "sourceRef": "Bava Batra 3b:9"
                        }
                    ], 
                    "he": "הן וסידן או הן בלא סידן - הני שיעורי דמתני' עם עובי הטיח קא חשיב להן או דילמא מקום האבנים הוי בפותיא לבד טיח הסיד:"
                }
            ], 
            "heTitle": "רש\"י על בבא בתרא ג׳ ב:ט׳", 
            "indexTitle": "Rashi on Bava Batra", 
            "sectionRef": "Rashi on Bava Batra 3b:9", 
            "prev": "Rashi on Bava Batra 3b:3", 
            "ref": "Rashi on Bava Batra 3b:9", 
            "heRef": "רש\"י על בבא בתרא ג׳ ב:ט׳", 
            "next": "Rashi on Bava Batra 3b:16"
        }, 
        "Rashi on Bava Batra 3b:8": {
            "content": [], 
            "heTitle": "רש\"י על בבא בתרא ג׳ ב:ח׳", 
            "indexTitle": "Rashi on Bava Batra", 
            "sectionRef": "Rashi on Bava Batra 3b:8", 
            "prev": "Rashi on Bava Batra 3b:3", 
            "ref": "Rashi on Bava Batra 3b:8", 
            "heRef": "רש\"י על בבא בתרא ג׳ ב:ח׳", 
            "next": "Rashi on Bava Batra 3b:9"
        }, 
        "Rashi on Bava Batra 3b:5": {
            "content": [], 
            "heTitle": "רש\"י על בבא בתרא ג׳ ב:ה׳", 
            "indexTitle": "Rashi on Bava Batra", 
            "sectionRef": "Rashi on Bava Batra 3b:5", 
            "prev": "Rashi on Bava Batra 3b:3", 
            "ref": "Rashi on Bava Batra 3b:5", 
            "heRef": "רש\"י על בבא בתרא ג׳ ב:ה׳", 
            "next": "Rashi on Bava Batra 3b:9"
        }, 
        "Rashi on Bava Batra 3b:4": {
            "content": [], 
            "heTitle": "רש\"י על בבא בתרא ג׳ ב:ד׳", 
            "indexTitle": "Rashi on Bava Batra", 
            "sectionRef": "Rashi on Bava Batra 3b:4", 
            "prev": "Rashi on Bava Batra 3b:3", 
            "ref": "Rashi on Bava Batra 3b:4", 
            "heRef": "רש\"י על בבא בתרא ג׳ ב:ד׳", 
            "next": "Rashi on Bava Batra 3b:9"
        }, 
        "Rashi on Bava Batra 3b:7": {
            "content": [], 
            "heTitle": "רש\"י על בבא בתרא ג׳ ב:ז׳", 
            "indexTitle": "Rashi on Bava Batra", 
            "sectionRef": "Rashi on Bava Batra 3b:7", 
            "prev": "Rashi on Bava Batra 3b:3", 
            "ref": "Rashi on Bava Batra 3b:7", 
            "heRef": "רש\"י על בבא בתרא ג׳ ב:ז׳", 
            "next": "Rashi on Bava Batra 3b:9"
        }, 
        "Rashi on Bava Batra 3b:6": {
            "content": [], 
            "heTitle": "רש\"י על בבא בתרא ג׳ ב:ו׳", 
            "indexTitle": "Rashi on Bava Batra", 
            "sectionRef": "Rashi on Bava Batra 3b:6", 
            "prev": "Rashi on Bava Batra 3b:3", 
            "ref": "Rashi on Bava Batra 3b:6", 
            "heRef": "רש\"י על בבא בתרא ג׳ ב:ו׳", 
            "next": "Rashi on Bava Batra 3b:9"
        }, 
        "Rashi on Bava Batra 3b:1": {
            "content": [
                {
                    "segmentNumber": "1", 
                    "links": [
                        {
                            "category": "Talmud", 
                            "index_title": "Bava Batra", 
                            "sourceHeRef": "בבא בתרא ג׳ ב:א׳", 
                            "sourceRef": "Bava Batra 3b:1"
                        }
                    ], 
                    "he": "בשנים - בית ראשון עמד ד' מאות ועשר ובית שני ד' מאות ועשרים:"
                }
            ], 
            "heTitle": "רש\"י על בבא בתרא ג׳ ב:א׳", 
            "indexTitle": "Rashi on Bava Batra", 
            "sectionRef": "Rashi on Bava Batra 3b:1", 
            "prev": "Rashi on Bava Batra 3a:94", 
            "ref": "Rashi on Bava Batra 3b:1", 
            "heRef": "רש\"י על בבא בתרא ג׳ ב:א׳", 
            "next": "Rashi on Bava Batra 3b:3"
        }, 
        "Rashi on Bava Batra 3b:3": {
            "content": [
                {
                    "segmentNumber": "1", 
                    "links": [
                        {
                            "category": "Talmud", 
                            "index_title": "Bava Batra", 
                            "sourceHeRef": "בבא בתרא ג׳ ב:ג׳", 
                            "sourceRef": "Bava Batra 3b:3"
                        }
                    ], 
                    "he": "אגב תקרה ומעזיבה - שהעלייה היתה נתונה עליו ומעזיבה של טיט טרכס על גבה וכובד המשא מעמיד הכותל שלא יטה לצדדין הלכך במקדש שני שלא היה כותל ל' מגיע לעלייה לא יוכל לעמוד:"
                }
            ], 
            "heTitle": "רש\"י על בבא בתרא ג׳ ב:ג׳", 
            "indexTitle": "Rashi on Bava Batra", 
            "sectionRef": "Rashi on Bava Batra 3b:3", 
            "prev": "Rashi on Bava Batra 3b:1", 
            "ref": "Rashi on Bava Batra 3b:3", 
            "heRef": "רש\"י על בבא בתרא ג׳ ב:ג׳", 
            "next": "Rashi on Bava Batra 3b:9"
        }, 
        "Rashi on Bava Batra 3b:2": {
            "content": [], 
            "heTitle": "רש\"י על בבא בתרא ג׳ ב:ב׳", 
            "indexTitle": "Rashi on Bava Batra", 
            "sectionRef": "Rashi on Bava Batra 3b:2", 
            "prev": "Rashi on Bava Batra 3b:1", 
            "ref": "Rashi on Bava Batra 3b:2", 
            "heRef": "רש\"י על בבא בתרא ג׳ ב:ב׳", 
            "next": "Rashi on Bava Batra 3b:3"
        }, 
        "Rashi on Bava Batra 3b:15": {
            "content": [], 
            "heTitle": "רש\"י על בבא בתרא ג׳ ב:ט״ו", 
            "indexTitle": "Rashi on Bava Batra", 
            "sectionRef": "Rashi on Bava Batra 3b:15", 
            "prev": "Rashi on Bava Batra 3b:9", 
            "ref": "Rashi on Bava Batra 3b:15", 
            "heRef": "רש\"י על בבא בתרא ג׳ ב:ט״ו", 
            "next": "Rashi on Bava Batra 3b:16"
        }, 
        "Rashi on Bava Batra 3b:14": {
            "content": [], 
            "heTitle": "רש\"י על בבא בתרא ג׳ ב:י״ד", 
            "indexTitle": "Rashi on Bava Batra", 
            "sectionRef": "Rashi on Bava Batra 3b:14", 
            "prev": "Rashi on Bava Batra 3b:9", 
            "ref": "Rashi on Bava Batra 3b:14", 
            "heRef": "רש\"י על בבא בתרא ג׳ ב:י״ד", 
            "next": "Rashi on Bava Batra 3b:16"
        }, 
        "Rashi on Bava Batra 3b:17": {
            "content": [], 
            "heTitle": "רש\"י על בבא בתרא ג׳ ב:י״ז", 
            "indexTitle": "Rashi on Bava Batra", 
            "sectionRef": "Rashi on Bava Batra 3b:17", 
            "prev": "Rashi on Bava Batra 3b:16", 
            "ref": "Rashi on Bava Batra 3b:17", 
            "heRef": "רש\"י על בבא בתרא ג׳ ב:י״ז", 
            "next": "Rashi on Bava Batra 3b:18"
        }, 
        "Rashi on Bava Batra 3b:16": {
            "content": [
                {
                    "segmentNumber": "1", 
                    "links": [
                        {
                            "category": "Talmud", 
                            "index_title": "Bava Batra", 
                            "sourceHeRef": "בבא בתרא ג׳ ב:ט״ז", 
                            "sourceRef": "Bava Batra 3b:16"
                        }
                    ], 
                    "he": "והא קתני טפחיים ומחצה - אלמא חצי טפח נמי חשיב:"
                }
            ], 
            "heTitle": "רש\"י על בבא בתרא ג׳ ב:ט״ז", 
            "indexTitle": "Rashi on Bava Batra", 
            "sectionRef": "Rashi on Bava Batra 3b:16", 
            "prev": "Rashi on Bava Batra 3b:9", 
            "ref": "Rashi on Bava Batra 3b:16", 
            "heRef": "רש\"י על בבא בתרא ג׳ ב:ט״ז", 
            "next": "Rashi on Bava Batra 3b:18"
        }, 
        "Rashi on Bava Batra 3b:11": {
            "content": [], 
            "heTitle": "רש\"י על בבא בתרא ג׳ ב:י״א", 
            "indexTitle": "Rashi on Bava Batra", 
            "sectionRef": "Rashi on Bava Batra 3b:11", 
            "prev": "Rashi on Bava Batra 3b:9", 
            "ref": "Rashi on Bava Batra 3b:11", 
            "heRef": "רש\"י על בבא בתרא ג׳ ב:י״א", 
            "next": "Rashi on Bava Batra 3b:16"
        }, 
        "Rashi on Bava Batra 3b:10": {
            "content": [], 
            "heTitle": "רש\"י על בבא בתרא ג׳ ב:י׳", 
            "indexTitle": "Rashi on Bava Batra", 
            "sectionRef": "Rashi on Bava Batra 3b:10", 
            "prev": "Rashi on Bava Batra 3b:9", 
            "ref": "Rashi on Bava Batra 3b:10", 
            "heRef": "רש\"י על בבא בתרא ג׳ ב:י׳", 
            "next": "Rashi on Bava Batra 3b:16"
        }, 
        "Rashi on Bava Batra 3b:13": {
            "content": [], 
            "heTitle": "רש\"י על בבא בתרא ג׳ ב:י״ג", 
            "indexTitle": "Rashi on Bava Batra", 
            "sectionRef": "Rashi on Bava Batra 3b:13", 
            "prev": "Rashi on Bava Batra 3b:9", 
            "ref": "Rashi on Bava Batra 3b:13", 
            "heRef": "רש\"י על בבא בתרא ג׳ ב:י״ג", 
            "next": "Rashi on Bava Batra 3b:16"
        }, 
        "Rashi on Bava Batra 3b:12": {
            "content": [], 
            "heTitle": "רש\"י על בבא בתרא ג׳ ב:י״ב", 
            "indexTitle": "Rashi on Bava Batra", 
            "sectionRef": "Rashi on Bava Batra 3b:12", 
            "prev": "Rashi on Bava Batra 3b:9", 
            "ref": "Rashi on Bava Batra 3b:12", 
            "heRef": "רש\"י על בבא בתרא ג׳ ב:י״ב", 
            "next": "Rashi on Bava Batra 3b:16"
        }, 
        "Rashi on Bava Batra 3b:19": {
            "content": [], 
            "heTitle": "רש\"י על בבא בתרא ג׳ ב:י״ט", 
            "indexTitle": "Rashi on Bava Batra", 
            "sectionRef": "Rashi on Bava Batra 3b:19", 
            "prev": "Rashi on Bava Batra 3b:18", 
            "ref": "Rashi on Bava Batra 3b:19", 
            "heRef": "רש\"י על בבא בתרא ג׳ ב:י״ט", 
            "next": "Rashi on Bava Batra 3b:20"
        }, 
        "Rashi on Bava Batra 3b:18": {
            "content": [
                {
                    "segmentNumber": "1", 
                    "links": [
                        {
                            "category": "Talmud", 
                            "index_title": "Bava Batra", 
                            "sourceHeRef": "בבא בתרא ג׳ ב:י״ח", 
                            "sourceRef": "Bava Batra 3b:18"
                        }
                    ], 
                    "he": "חזי לאיצטרופי - של זה ושל זה מצטרפין לטפח:"
                }
            ], 
            "heTitle": "רש\"י על בבא בתרא ג׳ ב:י״ח", 
            "indexTitle": "Rashi on Bava Batra", 
            "sectionRef": "Rashi on Bava Batra 3b:18", 
            "prev": "Rashi on Bava Batra 3b:16", 
            "ref": "Rashi on Bava Batra 3b:18", 
            "heRef": "רש\"י על בבא בתרא ג׳ ב:י״ח", 
            "next": "Rashi on Bava Batra 3b:20"
        }, 
        "Rashi on Bava Batra 3b:39": {
            "content": [], 
            "heTitle": "רש\"י על בבא בתרא ג׳ ב:ל״ט", 
            "indexTitle": "Rashi on Bava Batra", 
            "sectionRef": "Rashi on Bava Batra 3b:39", 
            "prev": "Rashi on Bava Batra 3b:37", 
            "ref": "Rashi on Bava Batra 3b:39", 
            "heRef": "רש\"י על בבא בתרא ג׳ ב:ל״ט", 
            "next": "Rashi on Bava Batra 3b:40"
        }, 
        "Rashi on Bava Batra 3b:38": {
            "content": [], 
            "heTitle": "רש\"י על בבא בתרא ג׳ ב:ל״ח", 
            "indexTitle": "Rashi on Bava Batra", 
            "sectionRef": "Rashi on Bava Batra 3b:38", 
            "prev": "Rashi on Bava Batra 3b:37", 
            "ref": "Rashi on Bava Batra 3b:38", 
            "heRef": "רש\"י על בבא בתרא ג׳ ב:ל״ח", 
            "next": "Rashi on Bava Batra 3b:40"
        }, 
        "Rashi on Bava Batra 3b:33": {
            "content": [], 
            "heTitle": "רש\"י על בבא בתרא ג׳ ב:ל״ג", 
            "indexTitle": "Rashi on Bava Batra", 
            "sectionRef": "Rashi on Bava Batra 3b:33", 
            "prev": "Rashi on Bava Batra 3b:32", 
            "ref": "Rashi on Bava Batra 3b:33", 
            "heRef": "רש\"י על בבא בתרא ג׳ ב:ל״ג", 
            "next": "Rashi on Bava Batra 3b:34"
        }, 
        "Rashi on Bava Batra 3b:32": {
            "content": [
                {
                    "segmentNumber": "1", 
                    "links": [
                        {
                            "category": "Talmud", 
                            "index_title": "Bava Batra", 
                            "sourceHeRef": "בבא בתרא ג׳ ב:ל״ב", 
                            "sourceRef": "Bava Batra 3b:32"
                        }
                    ], 
                    "he": "בי קייטא בסיתווא - בית הכנסת היה להם לימות החורף נמוך בכתלים רחבים וחלונות מועטין מפני הצינה ובימות החמה בית הכנסת אחר שאויר שולט בו:"
                }
            ], 
            "heTitle": "רש\"י על בבא בתרא ג׳ ב:ל״ב", 
            "indexTitle": "Rashi on Bava Batra", 
            "sectionRef": "Rashi on Bava Batra 3b:32", 
            "prev": "Rashi on Bava Batra 3b:29", 
            "ref": "Rashi on Bava Batra 3b:32", 
            "heRef": "רש\"י על בבא בתרא ג׳ ב:ל״ב", 
            "next": "Rashi on Bava Batra 3b:34"
        }, 
        "Rashi on Bava Batra 3b:31": {
            "content": [], 
            "heTitle": "רש\"י על בבא בתרא ג׳ ב:ל״א", 
            "indexTitle": "Rashi on Bava Batra", 
            "sectionRef": "Rashi on Bava Batra 3b:31", 
            "prev": "Rashi on Bava Batra 3b:29", 
            "ref": "Rashi on Bava Batra 3b:31", 
            "heRef": "רש\"י על בבא בתרא ג׳ ב:ל״א", 
            "next": "Rashi on Bava Batra 3b:32"
        }, 
        "Rashi on Bava Batra 3b:30": {
            "content": [], 
            "heTitle": "רש\"י על בבא בתרא ג׳ ב:ל׳", 
            "indexTitle": "Rashi on Bava Batra", 
            "sectionRef": "Rashi on Bava Batra 3b:30", 
            "prev": "Rashi on Bava Batra 3b:29", 
            "ref": "Rashi on Bava Batra 3b:30", 
            "heRef": "רש\"י על בבא בתרא ג׳ ב:ל׳", 
            "next": "Rashi on Bava Batra 3b:32"
        }, 
        "Rashi on Bava Batra 3b:37": {
            "content": [
                {
                    "segmentNumber": "1", 
                    "links": [
                        {
                            "category": "Talmud", 
                            "index_title": "Bava Batra", 
                            "sourceHeRef": "בבא בתרא ג׳ ב:ל״ז", 
                            "sourceRef": "Bava Batra 3b:37"
                        }
                    ], 
                    "he": "שריגי ליבני - מסודרים הלבינים זה על גב זה ומזומנין לתתן בבנין:"
                }, 
                {
                    "segmentNumber": "2", 
                    "links": [
                        {
                            "category": "Talmud", 
                            "index_title": "Bava Batra", 
                            "sourceHeRef": "בבא בתרא ג׳ ב:ל״ז", 
                            "sourceRef": "Bava Batra 3b:37"
                        }
                    ], 
                    "he": "הדרי הודרי - משופין ומתוקנין רהיטי הגג קיברונ\"ש:"
                }
            ], 
            "heTitle": "רש\"י על בבא בתרא ג׳ ב:ל״ז", 
            "indexTitle": "Rashi on Bava Batra", 
            "sectionRef": "Rashi on Bava Batra 3b:37", 
            "prev": "Rashi on Bava Batra 3b:34", 
            "ref": "Rashi on Bava Batra 3b:37", 
            "heRef": "רש\"י על בבא בתרא ג׳ ב:ל״ז", 
            "next": "Rashi on Bava Batra 3b:40"
        }, 
        "Rashi on Bava Batra 3b:36": {
            "content": [], 
            "heTitle": "רש\"י על בבא בתרא ג׳ ב:ל״ו", 
            "indexTitle": "Rashi on Bava Batra", 
            "sectionRef": "Rashi on Bava Batra 3b:36", 
            "prev": "Rashi on Bava Batra 3b:34", 
            "ref": "Rashi on Bava Batra 3b:36", 
            "heRef": "רש\"י על בבא בתרא ג׳ ב:ל״ו", 
            "next": "Rashi on Bava Batra 3b:37"
        }, 
        "Rashi on Bava Batra 3b:35": {
            "content": [], 
            "heTitle": "רש\"י על בבא בתרא ג׳ ב:ל״ה", 
            "indexTitle": "Rashi on Bava Batra", 
            "sectionRef": "Rashi on Bava Batra 3b:35", 
            "prev": "Rashi on Bava Batra 3b:34", 
            "ref": "Rashi on Bava Batra 3b:35", 
            "heRef": "רש\"י על בבא בתרא ג׳ ב:ל״ה", 
            "next": "Rashi on Bava Batra 3b:37"
        }, 
        "Rashi on Bava Batra 3b:34": {
            "content": [
                {
                    "segmentNumber": "1", 
                    "links": [
                        {
                            "category": "Talmud", 
                            "index_title": "Bava Batra", 
                            "sourceHeRef": "בבא בתרא ג׳ ב:ל״ד", 
                            "sourceRef": "Bava Batra 3b:34"
                        }
                    ], 
                    "he": "זוזי - לצורך בית הכנסת החדש ומונחים ביד הגבאי מי איכא למיחש לפשיעות או לא:"
                }
            ], 
            "heTitle": "רש\"י על בבא בתרא ג׳ ב:ל״ד", 
            "indexTitle": "Rashi on Bava Batra", 
            "sectionRef": "Rashi on Bava Batra 3b:34", 
            "prev": "Rashi on Bava Batra 3b:32", 
            "ref": "Rashi on Bava Batra 3b:34", 
            "heRef": "רש\"י על בבא בתרא ג׳ ב:ל״ד", 
            "next": "Rashi on Bava Batra 3b:37"
        }
    }, 
    "ref": "Rashi on Bava Batra 3b"
}