[{
    "links": [], 
    "text": [], 
    "heTitleVariants": [
        "רש\"י על ב״ב", 
        "רש\"י על בבא בתרא", 
        "רש\"י על ב\"ב"
    ], 
    "heTitle": "רש\"י על בבא בתרא א׳ ב", 
    "commentaryBook": "Bava Batra", 
    "heRef": "רש\"י על בבא בתרא א׳ ב", 
    "toSections": [
        "1b"
    ], 
    "sectionRef": "Rashi on Bava Batra 1b", 
    "title": "Rashi on Bava Batra 1b", 
    "lengths": [
        350, 
        13690
    ], 
    "next": "Rashi on Bava Batra 2a:1", 
    "heBook": "רש\"י על בבא בתרא", 
    "book": "Rashi on Bava Batra", 
    "prev": null, 
    "textDepth": 3, 
    "sectionNames": [
        "Daf", 
        "Line", 
        "Comment"
    ], 
    "sections": [
        "1b"
    ], 
    "commentator": "Rashi", 
    "isComplex": false, 
    "commentaryCategories": [
        "Talmud", 
        "Bavli", 
        "Seder Nezikin"
    ], 
    "titleVariants": [
        "Rashi on Bava Bathra", 
        "Rashi on Talmud Bava Batra", 
        "Rashi on Masekhet Bava Batra", 
        "Rashi on Tractate Bava Batra", 
        "Rashi on Bava Batra"
    ], 
    "categories": [
        "Commentary", 
        "Talmud", 
        "Rashi"
    ], 
    "he": [], 
    "ref": "Rashi on Bava Batra 1b", 
    "type": "Commentary", 
    "addressTypes": [
        "Talmud", 
        "Integer", 
        "Integer"
    ], 
    "heCommentator": "רש\"י", 
    "length": 350, 
    "indexTitle": "Rashi on Bava Batra", 
    "heIndexTitle": "רש\"י על בבא בתרא", 
    "alts": [], 
    "order": [
        22, 
        3
    ]
}]