{
    "heTitleVariants": [
        "רש\"י על ב״ב", 
        "רש\"י על בבא בתרא", 
        "רש\"י על ב\"ב"
    ], 
    "heTitle": "רש\"י על בבא בתרא ח׳ א", 
    "content": [
        {
            "segmentNumber": "1", 
            "he": [
                "אלו תלמידי חכמים - אלמא אין צריכין חומה:"
            ], 
            "links": [
                {
                    "category": "Talmud", 
                    "sourceHeRef": "בבא בתרא ח׳ א:א׳", 
                    "index_title": "Bava Batra", 
                    "sourceRef": "Bava Batra 8a:1"
                }
            ], 
            "text": ""
        }, 
        {
            "segmentNumber": "2", 
            "he": [], 
            "links": [], 
            "text": ""
        }, 
        {
            "segmentNumber": "3", 
            "he": [
                "[זו] כנסת ישראל - כולם שוין לענין חומה וגודרים עצמן מלטמע בעובדי כוכבים:"
            ], 
            "links": [
                {
                    "category": "Talmud", 
                    "sourceHeRef": "בבא בתרא ח׳ א:ג׳", 
                    "index_title": "Bava Batra", 
                    "sourceRef": "Bava Batra 8a:3"
                }
            ], 
            "text": ""
        }, 
        {
            "segmentNumber": "4", 
            "he": [], 
            "links": [], 
            "text": ""
        }, 
        {
            "segmentNumber": "5", 
            "he": [], 
            "links": [], 
            "text": ""
        }, 
        {
            "segmentNumber": "6", 
            "he": [], 
            "links": [], 
            "text": ""
        }, 
        {
            "segmentNumber": "7", 
            "he": [], 
            "links": [], 
            "text": ""
        }, 
        {
            "segmentNumber": "8", 
            "he": [], 
            "links": [], 
            "text": ""
        }, 
        {
            "segmentNumber": "9", 
            "he": [], 
            "links": [], 
            "text": ""
        }, 
        {
            "segmentNumber": "10", 
            "he": [
                "שאתה מחבב עמים - שאתה מצהיב להם פניך להשליטן על בניך:", 
                "כל קדושיו - של ישראל בידך [הם] לשומרן:"
            ], 
            "links": [
                {
                    "category": "Talmud", 
                    "sourceHeRef": "בבא בתרא ח׳ א:י׳", 
                    "index_title": "Bava Batra", 
                    "sourceRef": "Bava Batra 8a:10"
                }, 
                {
                    "category": "Talmud", 
                    "sourceHeRef": "בבא בתרא ח׳ א:י׳", 
                    "index_title": "Bava Batra", 
                    "sourceRef": "Bava Batra 8a:10"
                }
            ], 
            "text": ""
        }, 
        {
            "segmentNumber": "11", 
            "he": [], 
            "links": [], 
            "text": ""
        }, 
        {
            "segmentNumber": "12", 
            "he": [], 
            "links": [], 
            "text": ""
        }, 
        {
            "segmentNumber": "13", 
            "he": [], 
            "links": [], 
            "text": ""
        }, 
        {
            "segmentNumber": "14", 
            "he": [], 
            "links": [], 
            "text": ""
        }, 
        {
            "segmentNumber": "15", 
            "he": [], 
            "links": [], 
            "text": ""
        }, 
        {
            "segmentNumber": "16", 
            "he": [], 
            "links": [], 
            "text": ""
        }, 
        {
            "segmentNumber": "17", 
            "he": [], 
            "links": [], 
            "text": ""
        }, 
        {
            "segmentNumber": "18", 
            "he": [], 
            "links": [], 
            "text": ""
        }, 
        {
            "segmentNumber": "19", 
            "he": [
                "בלשון ארמי נאמר - יתנו תרגום של ישנו כמו ושננתם ותנינון (דברים ו):"
            ], 
            "links": [
                {
                    "category": "Talmud", 
                    "sourceHeRef": "בבא בתרא ח׳ א:י״ט", 
                    "index_title": "Bava Batra", 
                    "sourceRef": "Bava Batra 8a:19"
                }, 
                {
                    "category": "Tanakh", 
                    "sourceHeRef": "דברים ו׳", 
                    "index_title": "Deuteronomy", 
                    "sourceRef": "Deuteronomy 6"
                }
            ], 
            "text": ""
        }, 
        {
            "segmentNumber": "20", 
            "he": [
                "אם תנו כולם - וכן רובן יהיו שונין ועוסקים בתורה כשיגלו בעמים:", 
                "עתה אקבצם - בקרוב אקבצם:", 
                "ויחלו מעט וגו' - ואף [אם] מועטין הן השונין בעמים יחלו ממשא מלך ושרים יהיו בטלים מלשאת משא מלך ושרים. יחלו כמו לא יחל דברו (במדבר ל):"
            ], 
            "links": [
                {
                    "category": "Talmud", 
                    "sourceHeRef": "בבא בתרא ח׳ א:כ׳", 
                    "index_title": "Bava Batra", 
                    "sourceRef": "Bava Batra 8a:20"
                }, 
                {
                    "category": "Talmud", 
                    "sourceHeRef": "בבא בתרא ח׳ א:כ׳", 
                    "index_title": "Bava Batra", 
                    "sourceRef": "Bava Batra 8a:20"
                }, 
                {
                    "category": "Talmud", 
                    "sourceHeRef": "בבא בתרא ח׳ א:כ׳", 
                    "index_title": "Bava Batra", 
                    "sourceRef": "Bava Batra 8a:20"
                }, 
                {
                    "category": "Tanakh", 
                    "sourceHeRef": "במדבר ל׳", 
                    "index_title": "Numbers", 
                    "sourceRef": "Numbers 30"
                }
            ], 
            "text": ""
        }, 
        {
            "segmentNumber": "21", 
            "he": [], 
            "links": [], 
            "text": ""
        }, 
        {
            "segmentNumber": "22", 
            "he": [
                "מנדה בלו והלך - דריוש צוה את פחת עבר הנהר על אנשי כנסת הגדולה:"
            ], 
            "links": [
                {
                    "category": "Talmud", 
                    "sourceHeRef": "בבא בתרא ח׳ א:כ״ב", 
                    "index_title": "Bava Batra", 
                    "sourceRef": "Bava Batra 8a:22"
                }
            ], 
            "text": ""
        }, 
        {
            "segmentNumber": "23", 
            "he": [], 
            "links": [], 
            "text": ""
        }, 
        {
            "segmentNumber": "24", 
            "he": [
                "מנת המלך - מגבת מסים שהן מטילין תמיד על בני המדינה:"
            ], 
            "links": [
                {
                    "category": "Talmud", 
                    "sourceHeRef": "בבא בתרא ח׳ א:כ״ד", 
                    "index_title": "Bava Batra", 
                    "sourceRef": "Bava Batra 8a:24"
                }
            ], 
            "text": ""
        }, 
        {
            "segmentNumber": "25", 
            "he": [], 
            "links": [], 
            "text": ""
        }, 
        {
            "segmentNumber": "26", 
            "he": [
                "ארנונא - עישורי תבואות ובהמות מדי שנה בשנה:"
            ], 
            "links": [
                {
                    "category": "Talmud", 
                    "sourceHeRef": "בבא בתרא ח׳ א:כ״ו", 
                    "index_title": "Bava Batra", 
                    "sourceRef": "Bava Batra 8a:26"
                }
            ], 
            "text": ""
        }, 
        {
            "segmentNumber": "27", 
            "he": [
                "כריא חדתא - יציאת כריית באר מים חיים לשתות:"
            ], 
            "links": [
                {
                    "category": "Talmud", 
                    "sourceHeRef": "בבא בתרא ח׳ א:כ״ז", 
                    "index_title": "Bava Batra", 
                    "sourceRef": "Bava Batra 8a:27"
                }
            ], 
            "text": ""
        }, 
        {
            "segmentNumber": "28", 
            "he": [], 
            "links": [], 
            "text": ""
        }, 
        {
            "segmentNumber": "29", 
            "he": [
                "לא מידויל - לא ימצאו בו מים והפסדתם חנם ויתמי לאו בני מחילה נינהו דליחלו:"
            ], 
            "links": [
                {
                    "category": "Talmud", 
                    "sourceHeRef": "בבא בתרא ח׳ א:כ״ט", 
                    "index_title": "Bava Batra", 
                    "sourceRef": "Bava Batra 8a:29"
                }
            ], 
            "text": ""
        }, 
        {
            "segmentNumber": "30", 
            "he": [], 
            "links": [], 
            "text": ""
        }, 
        {
            "segmentNumber": "31", 
            "he": [], 
            "links": [], 
            "text": ""
        }, 
        {
            "segmentNumber": "32", 
            "he": [], 
            "links": [], 
            "text": ""
        }, 
        {
            "segmentNumber": "33", 
            "he": [
                "לאגלי גפא - לשערי חומות העיר להציב בהן דלתות. אגלי דלתות כמו טרוקו גלי ברכות (דף כח.) גפא סתימה כמו מצא אחר הגפה באלו מציאות (ב\"מ דף כה:):"
            ], 
            "links": [
                {
                    "category": "Talmud", 
                    "sourceHeRef": "בבא בתרא ח׳ א:ל״ג", 
                    "index_title": "Bava Batra", 
                    "sourceRef": "Bava Batra 8a:33"
                }, 
                {
                    "category": "Talmud", 
                    "sourceHeRef": "בבא מציעא כ״ה ב", 
                    "index_title": "Bava Metzia", 
                    "sourceRef": "Bava Metzia 25b"
                }
            ], 
            "text": ""
        }, 
        {
            "segmentNumber": "34", 
            "he": [
                "לכריא פתיא - חפירת בור לשתות מים ועל שם הכלי המונח שם בבור תמיד לשתות בו עוברי דרכים קורהו פתיא:", 
                "אפילו מרבנן - שהכל צריכין למים:"
            ], 
            "links": [
                {
                    "category": "Talmud", 
                    "sourceHeRef": "בבא בתרא ח׳ א:ל״ד", 
                    "index_title": "Bava Batra", 
                    "sourceRef": "Bava Batra 8a:34"
                }, 
                {
                    "category": "Talmud", 
                    "sourceHeRef": "בבא בתרא ח׳ א:ל״ד", 
                    "index_title": "Bava Batra", 
                    "sourceRef": "Bava Batra 8a:34"
                }
            ], 
            "text": ""
        }, 
        {
            "segmentNumber": "35", 
            "he": [
                "דלא נפקי באכלוזא - שאין הן עצמם יוצאין בהכרזה לחפור אלא שוכרים פועלים:"
            ], 
            "links": [
                {
                    "category": "Talmud", 
                    "sourceHeRef": "בבא בתרא ח׳ א:ל״ה", 
                    "index_title": "Bava Batra", 
                    "sourceRef": "Bava Batra 8a:35"
                }
            ], 
            "text": ""
        }, 
        {
            "segmentNumber": "36", 
            "he": [], 
            "links": [], 
            "text": ""
        }, 
        {
            "segmentNumber": "37", 
            "he": [], 
            "links": [], 
            "text": ""
        }, 
        {
            "segmentNumber": "38", 
            "he": [], 
            "links": [], 
            "text": ""
        }, 
        {
            "segmentNumber": "39", 
            "he": [], 
            "links": [], 
            "text": ""
        }, 
        {
            "segmentNumber": "40", 
            "he": [], 
            "links": [], 
            "text": ""
        }, 
        {
            "segmentNumber": "41", 
            "he": [], 
            "links": [], 
            "text": ""
        }, 
        {
            "segmentNumber": "42", 
            "he": [], 
            "links": [], 
            "text": ""
        }, 
        {
            "segmentNumber": "43", 
            "he": [], 
            "links": [], 
            "text": ""
        }, 
        {
            "segmentNumber": "44", 
            "he": [], 
            "links": [], 
            "text": ""
        }, 
        {
            "segmentNumber": "45", 
            "he": [], 
            "links": [], 
            "text": ""
        }, 
        {
            "segmentNumber": "46", 
            "he": [], 
            "links": [], 
            "text": ""
        }, 
        {
            "segmentNumber": "47", 
            "he": [], 
            "links": [], 
            "text": ""
        }, 
        {
            "segmentNumber": "48", 
            "he": [], 
            "links": [], 
            "text": ""
        }, 
        {
            "segmentNumber": "49", 
            "he": [], 
            "links": [], 
            "text": ""
        }, 
        {
            "segmentNumber": "50", 
            "he": [], 
            "links": [], 
            "text": ""
        }, 
        {
            "segmentNumber": "51", 
            "he": [
                "ככלב וכעורב - שחס הקב\"ה עליהם (שבת קנה:) שנאמר יודע צדיק דין דלים (משלי כט) לפי שהכלב מזונותיו מועטין לפיכך שוהה אכילתו במעיו שלשת ימים וגבי עורב כתיב לבני עורב אשר יקראו (תהלים קמז) לפי שהעורב אכזרי על בניו והקב\"ה מזמין להן יתושין מתוך צואתם ואוכלין:"
            ], 
            "links": [
                {
                    "category": "Talmud", 
                    "sourceHeRef": "בבא בתרא ח׳ א:נ״א", 
                    "index_title": "Bava Batra", 
                    "sourceRef": "Bava Batra 8a:51"
                }, 
                {
                    "category": "Tanakh", 
                    "sourceHeRef": "משלי כ״ט", 
                    "index_title": "Proverbs", 
                    "sourceRef": "Proverbs 29"
                }, 
                {
                    "category": "Tanakh", 
                    "sourceHeRef": "תהילים קמ״ז", 
                    "index_title": "Psalms", 
                    "sourceRef": "Psalms 147"
                }, 
                {
                    "category": "Talmud", 
                    "sourceHeRef": "שבת קנ״ה ב", 
                    "index_title": "Shabbat", 
                    "sourceRef": "Shabbat 155b"
                }
            ], 
            "text": ""
        }, 
        {
            "segmentNumber": "52", 
            "he": [], 
            "links": [], 
            "text": ""
        }, 
        {
            "segmentNumber": "53", 
            "he": [], 
            "links": [], 
            "text": ""
        }, 
        {
            "segmentNumber": "54", 
            "he": [], 
            "links": [], 
            "text": ""
        }, 
        {
            "segmentNumber": "55", 
            "he": [], 
            "links": [], 
            "text": ""
        }, 
        {
            "segmentNumber": "56", 
            "he": [], 
            "links": [], 
            "text": ""
        }, 
        {
            "segmentNumber": "57", 
            "he": [], 
            "links": [], 
            "text": ""
        }, 
        {
            "segmentNumber": "58", 
            "he": [], 
            "links": [], 
            "text": ""
        }, 
        {
            "segmentNumber": "59", 
            "he": [], 
            "links": [], 
            "text": ""
        }, 
        {
            "segmentNumber": "60", 
            "he": [], 
            "links": [], 
            "text": ""
        }, 
        {
            "segmentNumber": "61", 
            "he": [], 
            "links": [], 
            "text": ""
        }, 
        {
            "segmentNumber": "62", 
            "he": [
                "דמי כלילא - עטרה למלך קיסר:", 
                "אתו - עמי הארץ לקמיה דרבי:"
            ], 
            "links": [
                {
                    "category": "Talmud", 
                    "sourceHeRef": "בבא בתרא ח׳ א:ס״ב", 
                    "index_title": "Bava Batra", 
                    "sourceRef": "Bava Batra 8a:62"
                }, 
                {
                    "category": "Talmud", 
                    "sourceHeRef": "בבא בתרא ח׳ א:ס״ב", 
                    "index_title": "Bava Batra", 
                    "sourceRef": "Bava Batra 8a:62"
                }
            ], 
            "text": ""
        }, 
        {
            "segmentNumber": "63", 
            "he": [], 
            "links": [], 
            "text": ""
        }, 
        {
            "segmentNumber": "64", 
            "he": [], 
            "links": [], 
            "text": ""
        }, 
        {
            "segmentNumber": "65", 
            "he": [], 
            "links": [], 
            "text": ""
        }, 
        {
            "segmentNumber": "66", 
            "he": [], 
            "links": [], 
            "text": ""
        }, 
        {
            "segmentNumber": "67", 
            "he": [], 
            "links": [], 
            "text": ""
        }, 
        {
            "segmentNumber": "68", 
            "he": [], 
            "links": [], 
            "text": ""
        }, 
        {
            "segmentNumber": "69", 
            "he": [], 
            "links": [], 
            "text": ""
        }, 
        {
            "segmentNumber": "70", 
            "he": [
                "דליוה לפלגא - מחל המלך דמי החצי וסילקה מעליהן:"
            ], 
            "links": [
                {
                    "category": "Talmud", 
                    "sourceHeRef": "בבא בתרא ח׳ א:ע׳", 
                    "index_title": "Bava Batra", 
                    "sourceRef": "Bava Batra 8a:70"
                }
            ], 
            "text": ""
        }, 
        {
            "segmentNumber": "71", 
            "he": [], 
            "links": [], 
            "text": ""
        }, 
        {
            "segmentNumber": "72", 
            "he": [], 
            "links": [], 
            "text": ""
        }, 
        {
            "segmentNumber": "73", 
            "he": [], 
            "links": [], 
            "text": ""
        }, 
        {
            "segmentNumber": "74", 
            "he": [], 
            "links": [], 
            "text": ""
        }, 
        {
            "segmentNumber": "75", 
            "he": [], 
            "links": [], 
            "text": ""
        }, 
        {
            "segmentNumber": "76", 
            "he": [
                "שדיוה אכובס - הטילוה פחתי המלך על הכובס:"
            ], 
            "links": [
                {
                    "category": "Talmud", 
                    "sourceHeRef": "בבא בתרא ח׳ א:ע״ו", 
                    "index_title": "Bava Batra", 
                    "sourceRef": "Bava Batra 8a:76"
                }
            ], 
            "text": ""
        }, 
        {
            "segmentNumber": "77", 
            "he": [], 
            "links": [], 
            "text": ""
        }, 
        {
            "segmentNumber": "78", 
            "he": [], 
            "links": [], 
            "text": ""
        }, 
        {
            "segmentNumber": "79", 
            "he": [], 
            "links": [], 
            "text": ""
        }, 
        {
            "segmentNumber": "80", 
            "he": [], 
            "links": [], 
            "text": ""
        }, 
        {
            "segmentNumber": "81", 
            "he": [], 
            "links": [], 
            "text": ""
        }, 
        {
            "segmentNumber": "82", 
            "he": [
                "החמרת והגמלת - שיירא של חמרים ושל גמלים:", 
                "הרי אלו בסקילה - כדין שאר יחידים:"
            ], 
            "links": [
                {
                    "category": "Talmud", 
                    "sourceHeRef": "בבא בתרא ח׳ א:פ״ב", 
                    "index_title": "Bava Batra", 
                    "sourceRef": "Bava Batra 8a:82"
                }, 
                {
                    "category": "Talmud", 
                    "sourceHeRef": "בבא בתרא ח׳ א:פ״ב", 
                    "index_title": "Bava Batra", 
                    "sourceRef": "Bava Batra 8a:82"
                }
            ], 
            "text": ""
        }, 
        {
            "segmentNumber": "83", 
            "he": [], 
            "links": [], 
            "text": ""
        }, 
        {
            "segmentNumber": "84", 
            "he": [
                "יתובי מתא - בשלשים יום וגבי עיר הנדחת כתיב יושבי העיר (דברים יג):"
            ], 
            "links": [
                {
                    "category": "Talmud", 
                    "sourceHeRef": "בבא בתרא ח׳ א:פ״ד", 
                    "index_title": "Bava Batra", 
                    "sourceRef": "Bava Batra 8a:84"
                }, 
                {
                    "category": "Tanakh", 
                    "sourceHeRef": "דברים י״ג", 
                    "index_title": "Deuteronomy", 
                    "sourceRef": "Deuteronomy 13"
                }
            ], 
            "text": ""
        }, 
        {
            "segmentNumber": "85", 
            "he": [], 
            "links": [], 
            "text": ""
        }, 
        {
            "segmentNumber": "86", 
            "he": [], 
            "links": [], 
            "text": ""
        }, 
        {
            "segmentNumber": "87", 
            "he": [], 
            "links": [], 
            "text": ""
        }, 
        {
            "segmentNumber": "88", 
            "he": [
                "ולכל מילי - ומקמי הכי לא יהיב מידי עם בני העיר:"
            ], 
            "links": [
                {
                    "category": "Talmud", 
                    "sourceHeRef": "בבא בתרא ח׳ א:פ״ח", 
                    "index_title": "Bava Batra", 
                    "sourceRef": "Bava Batra 8a:88"
                }
            ], 
            "text": ""
        }, 
        {
            "segmentNumber": "89", 
            "he": [], 
            "links": [], 
            "text": ""
        }, 
        {
            "segmentNumber": "90", 
            "he": [
                "שלשים יום לתמחוי - כיון ששהה שם שלשים יום גובין הימנו [גבאי] תמחוי מאכל לעניים:", 
                "לקופה - לצדקה:", 
                "לכסות - עניי העיר:", 
                "לקבורה - לקבור עניי העיר שהיא יציאה יתירא:"
            ], 
            "links": [
                {
                    "category": "Talmud", 
                    "sourceHeRef": "בבא בתרא ח׳ א:צ׳", 
                    "index_title": "Bava Batra", 
                    "sourceRef": "Bava Batra 8a:90"
                }, 
                {
                    "category": "Talmud", 
                    "sourceHeRef": "בבא בתרא ח׳ א:צ׳", 
                    "index_title": "Bava Batra", 
                    "sourceRef": "Bava Batra 8a:90"
                }, 
                {
                    "category": "Talmud", 
                    "sourceHeRef": "בבא בתרא ח׳ א:צ׳", 
                    "index_title": "Bava Batra", 
                    "sourceRef": "Bava Batra 8a:90"
                }, 
                {
                    "category": "Talmud", 
                    "sourceHeRef": "בבא בתרא ח׳ א:צ׳", 
                    "index_title": "Bava Batra", 
                    "sourceRef": "Bava Batra 8a:90"
                }
            ], 
            "text": ""
        }, 
        {
            "segmentNumber": "91", 
            "he": [], 
            "links": [], 
            "text": ""
        }, 
        {
            "segmentNumber": "92", 
            "he": [], 
            "links": [], 
            "text": ""
        }, 
        {
            "segmentNumber": "93", 
            "he": [], 
            "links": [], 
            "text": ""
        }, 
        {
            "segmentNumber": "94", 
            "he": [], 
            "links": [], 
            "text": ""
        }, 
        {
            "segmentNumber": "95", 
            "he": [], 
            "links": [], 
            "text": ""
        }, 
        {
            "segmentNumber": "96", 
            "he": [
                "לשורא - לתיקון החומה:", 
                "לפרשא - פרש שהולך סביבות העיר לשומר' ולידע מה היא צריכה:", 
                "לטרזינא - שומר כלי זיין של בני העיר ויושב בבית אצל השער:"
            ], 
            "links": [
                {
                    "category": "Talmud", 
                    "sourceHeRef": "בבא בתרא ח׳ א:צ״ו", 
                    "index_title": "Bava Batra", 
                    "sourceRef": "Bava Batra 8a:96"
                }, 
                {
                    "category": "Talmud", 
                    "sourceHeRef": "בבא בתרא ח׳ א:צ״ו", 
                    "index_title": "Bava Batra", 
                    "sourceRef": "Bava Batra 8a:96"
                }, 
                {
                    "category": "Talmud", 
                    "sourceHeRef": "בבא בתרא ח׳ א:צ״ו", 
                    "index_title": "Bava Batra", 
                    "sourceRef": "Bava Batra 8a:96"
                }
            ], 
            "text": ""
        }
    ], 
    "commentaryBook": "Bava Batra", 
    "heRef": "רש\"י על בבא בתרא ח׳ א", 
    "toSections": [
        "8a"
    ], 
    "sectionRef": "Rashi on Bava Batra 8a", 
    "title": "Rashi on Bava Batra 8a", 
    "lengths": [
        350, 
        13690
    ], 
    "next": "Rashi on Bava Batra 8b:19", 
    "heBook": "רש\"י על בבא בתרא", 
    "book": "Rashi on Bava Batra", 
    "prev": "Rashi on Bava Batra 7b:68", 
    "textDepth": 3, 
    "sectionNames": [
        "Daf", 
        "Line", 
        "Comment"
    ], 
    "sections": [
        "8a"
    ], 
    "commentator": "Rashi", 
    "isComplex": false, 
    "commentaryCategories": [
        "Talmud", 
        "Bavli", 
        "Seder Nezikin"
    ], 
    "titleVariants": [
        "Rashi on Talmud Bava Batra", 
        "Rashi on Bava Bathra", 
        "Rashi on Baba Batra", 
        "Rashi on Masekhet Bava Batra", 
        "Rashi on Tractate Bava Batra", 
        "Rashi on Bava Batra"
    ], 
    "categories": [
        "Commentary", 
        "Talmud", 
        "Rashi"
    ], 
    "ref": "Rashi on Bava Batra 8a", 
    "type": "Commentary", 
    "addressTypes": [
        "Talmud", 
        "Integer", 
        "Integer"
    ], 
    "heCommentator": "רש\"י", 
    "length": 350, 
    "indexTitle": "Rashi on Bava Batra", 
    "heIndexTitle": "רש\"י על בבא בתרא", 
    "alts": [], 
    "order": [
        22, 
        3
    ]
}