{
    "heTitleVariants": [
        "רש\"י על ב״ב", 
        "רש\"י על בבא בתרא", 
        "רש\"י על ב\"ב"
    ], 
    "heTitle": "רש\"י על בבא בתרא ט׳ ב", 
    "content": [
        {
            "segmentNumber": "1", 
            "he": [
                "משגש - לשון מהומה ושגעון:"
            ], 
            "links": [
                {
                    "category": "Talmud", 
                    "sourceHeRef": "בבא בתרא ט׳ ב:א׳", 
                    "sourceRef": "Bava Batra 9b:1", 
                    "ref": "Bava Batra 9b:1"
                }
            ], 
            "text": ""
        }, 
        {
            "segmentNumber": "2", 
            "he": [], 
            "links": [], 
            "text": ""
        }, 
        {
            "segmentNumber": "3", 
            "he": [], 
            "links": [], 
            "text": ""
        }, 
        {
            "segmentNumber": "4", 
            "he": [
                "קליפה - מייל\"א בלע\"ז:"
            ], 
            "links": [
                {
                    "category": "Talmud", 
                    "sourceHeRef": "בבא בתרא ט׳ ב:ד׳", 
                    "sourceRef": "Bava Batra 9b:4", 
                    "ref": "Bava Batra 9b:4"
                }
            ], 
            "text": ""
        }, 
        {
            "segmentNumber": "5", 
            "he": [], 
            "links": [], 
            "text": ""
        }, 
        {
            "segmentNumber": "6", 
            "he": [
                "וכבגד עדים כל צדקותינו - כלומר אף כל צדקותינו נמאסו מחמת רשעינו כבגד מאוס שהאדם מסירו מעליו:", 
                "עדים - כדמתרגמינן ויסר ואעדי וכן מעדה בגד ביום קרה (משלי כה) מ\"מ מקיש צדקה לבגד צדקת הצדיקים לבגד הגון:"
            ], 
            "links": [
                {
                    "category": "Talmud", 
                    "sourceHeRef": "בבא בתרא ט׳ ב:ו׳", 
                    "sourceRef": "Bava Batra 9b:6", 
                    "ref": "Bava Batra 9b:6"
                }, 
                {
                    "category": "Talmud", 
                    "sourceHeRef": "בבא בתרא ט׳ ב:ו׳", 
                    "sourceRef": "Bava Batra 9b:6", 
                    "ref": "Bava Batra 9b:6"
                }, 
                {
                    "category": "Tanach", 
                    "sourceHeRef": "משלי כ״ה", 
                    "sourceRef": "Proverbs 25", 
                    "ref": "Proverbs 25"
                }
            ], 
            "text": ""
        }, 
        {
            "segmentNumber": "7", 
            "he": [], 
            "links": [], 
            "text": ""
        }, 
        {
            "segmentNumber": "8", 
            "he": [], 
            "links": [], 
            "text": ""
        }, 
        {
            "segmentNumber": "9", 
            "he": [], 
            "links": [], 
            "text": ""
        }, 
        {
            "segmentNumber": "10", 
            "he": [
                "בימי ספורו - בשבעת ימים שבין טהרת הצפרים להבאת קרבנותיו בשלמא בימי חלוטו איתקש למת לטמא אף באהל:"
            ], 
            "links": [
                {
                    "category": "Talmud", 
                    "sourceHeRef": "בבא בתרא ט׳ ב:י׳", 
                    "sourceRef": "Bava Batra 9b:10", 
                    "ref": "Bava Batra 9b:10"
                }
            ], 
            "text": ""
        }, 
        {
            "segmentNumber": "11", 
            "he": [], 
            "links": [], 
            "text": ""
        }, 
        {
            "segmentNumber": "12", 
            "he": [
                "הואיל ומטמא בגדים - דהא ביום השביעי כתיב וכבס בגדיו:"
            ], 
            "links": [
                {
                    "category": "Talmud", 
                    "sourceHeRef": "בבא בתרא ט׳ ב:י״ב", 
                    "sourceRef": "Bava Batra 9b:12", 
                    "ref": "Bava Batra 9b:12"
                }
            ], 
            "text": ""
        }, 
        {
            "segmentNumber": "13", 
            "he": [], 
            "links": [], 
            "text": ""
        }, 
        {
            "segmentNumber": "14", 
            "he": [
                "טומאה בחבורין - כגון בגדי לבושו הרי הן כמוהו אבל שאר בגדים הנוגע בהן וכן אם יגע באדם לא מטמא תדע שהרי המסיט נבילה כתיב ביה והנושא את נבלתה יכבס בגדיו (ויקרא יא) ולא אשכחן דלהוי אב הטומאה לטמא אדם ושאר בגדים:"
            ], 
            "links": [
                {
                    "category": "Talmud", 
                    "sourceHeRef": "בבא בתרא ט׳ ב:י״ד", 
                    "sourceRef": "Bava Batra 9b:14", 
                    "ref": "Bava Batra 9b:14"
                }, 
                {
                    "category": "Tanach", 
                    "sourceHeRef": "ויקרא י״א", 
                    "sourceRef": "Leviticus 11", 
                    "ref": "Leviticus 11"
                }
            ], 
            "text": ""
        }, 
        {
            "segmentNumber": "15", 
            "he": [], 
            "links": [], 
            "text": ""
        }, 
        {
            "segmentNumber": "16", 
            "he": [], 
            "links": [], 
            "text": ""
        }, 
        {
            "segmentNumber": "17", 
            "he": [], 
            "links": [], 
            "text": ""
        }, 
        {
            "segmentNumber": "18", 
            "he": [], 
            "links": [], 
            "text": ""
        }, 
        {
            "segmentNumber": "19", 
            "he": [], 
            "links": [], 
            "text": ""
        }, 
        {
            "segmentNumber": "20", 
            "he": [
                "שכבת זרע מטמא בגדים - וכל בגד וכל עור אשר יהיה עליו שכבת זרע וגו':"
            ], 
            "links": [
                {
                    "category": "Talmud", 
                    "sourceHeRef": "בבא בתרא ט׳ ב:כ׳", 
                    "sourceRef": "Bava Batra 9b:20", 
                    "ref": "Bava Batra 9b:20"
                }
            ], 
            "text": ""
        }, 
        {
            "segmentNumber": "21", 
            "he": [], 
            "links": [], 
            "text": ""
        }, 
        {
            "segmentNumber": "22", 
            "he": [
                "בהדיא כתיב ביה כו' - ה\"ה נמי דהוה מצי למיפרך דהא טומאת בגדים לא דמיא לבגדים דבימי ספורו דהא בגדים דהכא לאו בגדי לבוש שרץ הן וטומאת מגע הוא אלא דעדיפא מיניה קא מותיב ליה:"
            ], 
            "links": [
                {
                    "category": "Talmud", 
                    "sourceHeRef": "בבא בתרא ט׳ ב:כ״ב", 
                    "sourceRef": "Bava Batra 9b:22", 
                    "ref": "Bava Batra 9b:22"
                }
            ], 
            "text": ""
        }, 
        {
            "segmentNumber": "23", 
            "he": [], 
            "links": [], 
            "text": ""
        }, 
        {
            "segmentNumber": "24", 
            "he": [
                "או לרבות הנוגע - דהכי תניא במסכת נדה (דף מג:) מנין לרבות הנוגע בשכבת זרע ת\"ל או איש:"
            ], 
            "links": [
                {
                    "category": "Talmud", 
                    "sourceHeRef": "בבא בתרא ט׳ ב:כ״ד", 
                    "sourceRef": "Bava Batra 9b:24", 
                    "ref": "Bava Batra 9b:24"
                }
            ], 
            "text": ""
        }, 
        {
            "segmentNumber": "25", 
            "he": [
                "הוה קמהדר ליה - רב אחדבוי לרב ששת בבדיחותא לפי שהיה רב ששת נכשל בתשובותיו:"
            ], 
            "links": [
                {
                    "category": "Talmud", 
                    "sourceHeRef": "בבא בתרא ט׳ ב:כ״ה", 
                    "sourceRef": "Bava Batra 9b:25", 
                    "ref": "Bava Batra 9b:25"
                }
            ], 
            "text": ""
        }, 
        {
            "segmentNumber": "26", 
            "he": [
                "אשתתק רב אחדבוי - נעשה אלם:"
            ], 
            "links": [
                {
                    "category": "Talmud", 
                    "sourceHeRef": "בבא בתרא ט׳ ב:כ״ו", 
                    "sourceRef": "Bava Batra 9b:26", 
                    "ref": "Bava Batra 9b:26"
                }
            ], 
            "text": ""
        }, 
        {
            "segmentNumber": "27", 
            "he": [
                "אתיא אימיה - דרב ששת:", 
                "צווחה קמיה - שיתפלל עליו:"
            ], 
            "links": [
                {
                    "category": "Talmud", 
                    "sourceHeRef": "בבא בתרא ט׳ ב:כ״ז", 
                    "sourceRef": "Bava Batra 9b:27", 
                    "ref": "Bava Batra 9b:27"
                }, 
                {
                    "category": "Talmud", 
                    "sourceHeRef": "בבא בתרא ט׳ ב:כ״ז", 
                    "sourceRef": "Bava Batra 9b:27", 
                    "ref": "Bava Batra 9b:27"
                }
            ], 
            "text": ""
        }, 
        {
            "segmentNumber": "28", 
            "he": [], 
            "links": [], 
            "text": ""
        }, 
        {
            "segmentNumber": "29", 
            "he": [
                "להני חדיי - הדדים הללו חדיי תרגום של חזה:", 
                "דמצית מינייהו - שינקת מהן:"
            ], 
            "links": [
                {
                    "category": "Talmud", 
                    "sourceHeRef": "בבא בתרא ט׳ ב:כ״ט", 
                    "sourceRef": "Bava Batra 9b:29", 
                    "ref": "Bava Batra 9b:29"
                }, 
                {
                    "category": "Talmud", 
                    "sourceHeRef": "בבא בתרא ט׳ ב:כ״ט", 
                    "sourceRef": "Bava Batra 9b:29", 
                    "ref": "Bava Batra 9b:29"
                }
            ], 
            "text": ""
        }, 
        {
            "segmentNumber": "30", 
            "he": [], 
            "links": [], 
            "text": ""
        }, 
        {
            "segmentNumber": "31", 
            "he": [
                "ודאתאן עלה - ואחרי שבא לידינו שאלה זו לקובעה בגמ' מנלן דמטמא אדם:"
            ], 
            "links": [
                {
                    "category": "Talmud", 
                    "sourceHeRef": "בבא בתרא ט׳ ב:ל״א", 
                    "sourceRef": "Bava Batra 9b:31", 
                    "ref": "Bava Batra 9b:31"
                }
            ], 
            "text": ""
        }, 
        {
            "segmentNumber": "32", 
            "he": [], 
            "links": [], 
            "text": ""
        }, 
        {
            "segmentNumber": "33", 
            "he": [
                "נאמר כיבוס בגדים בימי ספורו - והיה ביום השביעי יגלח את כל שערו וגו' ונאמר כיבוס בגדים למעלה ביום טהרת הצפרים כשיוצא מטומאת החלט וכבס המטהר את בגדיו:"
            ], 
            "links": [
                {
                    "category": "Talmud", 
                    "sourceHeRef": "בבא בתרא ט׳ ב:ל״ג", 
                    "sourceRef": "Bava Batra 9b:33", 
                    "ref": "Bava Batra 9b:33"
                }
            ], 
            "text": ""
        }, 
        {
            "segmentNumber": "34", 
            "he": [], 
            "links": [], 
            "text": ""
        }, 
        {
            "segmentNumber": "35", 
            "he": [], 
            "links": [], 
            "text": ""
        }, 
        {
            "segmentNumber": "36", 
            "he": [], 
            "links": [], 
            "text": ""
        }, 
        {
            "segmentNumber": "37", 
            "he": [
                "אף וחימה - שני לגיונות קשים הם ליפרע מן החוטאים:"
            ], 
            "links": [
                {
                    "category": "Talmud", 
                    "sourceHeRef": "בבא בתרא ט׳ ב:ל״ז", 
                    "sourceRef": "Bava Batra 9b:37", 
                    "ref": "Bava Batra 9b:37"
                }
            ], 
            "text": ""
        }, 
        {
            "segmentNumber": "38", 
            "he": [], 
            "links": [], 
            "text": ""
        }, 
        {
            "segmentNumber": "39", 
            "he": [], 
            "links": [], 
            "text": ""
        }, 
        {
            "segmentNumber": "40", 
            "he": [], 
            "links": [], 
            "text": ""
        }, 
        {
            "segmentNumber": "41", 
            "he": [], 
            "links": [], 
            "text": ""
        }, 
        {
            "segmentNumber": "42", 
            "he": [], 
            "links": [], 
            "text": ""
        }, 
        {
            "segmentNumber": "43", 
            "he": [
                "אע\"פ ששוחד בחיק - שהוא עושה צדקה בסתר:", 
                "חימה עזה - עדיין היא בתוקפה ורבי אלעזר סבר דהאי שוחד בחיק ארישא קאי ושוחד בחיק יכפה חימה עזה:"
            ], 
            "links": [
                {
                    "category": "Talmud", 
                    "sourceHeRef": "בבא בתרא ט׳ ב:מ״ג", 
                    "sourceRef": "Bava Batra 9b:43", 
                    "ref": "Bava Batra 9b:43"
                }, 
                {
                    "category": "Talmud", 
                    "sourceHeRef": "בבא בתרא ט׳ ב:מ״ג", 
                    "sourceRef": "Bava Batra 9b:43", 
                    "ref": "Bava Batra 9b:43"
                }
            ], 
            "text": ""
        }, 
        {
            "segmentNumber": "44", 
            "he": [], 
            "links": [], 
            "text": ""
        }, 
        {
            "segmentNumber": "45", 
            "he": [], 
            "links": [], 
            "text": ""
        }, 
        {
            "segmentNumber": "46", 
            "he": [], 
            "links": [], 
            "text": ""
        }, 
        {
            "segmentNumber": "47", 
            "he": [], 
            "links": [], 
            "text": ""
        }, 
        {
            "segmentNumber": "48", 
            "he": [], 
            "links": [], 
            "text": ""
        }, 
        {
            "segmentNumber": "49", 
            "he": [], 
            "links": [], 
            "text": ""
        }, 
        {
            "segmentNumber": "50", 
            "he": [], 
            "links": [], 
            "text": ""
        }, 
        {
            "segmentNumber": "51", 
            "he": [], 
            "links": [], 
            "text": ""
        }, 
        {
            "segmentNumber": "52", 
            "he": [], 
            "links": [], 
            "text": ""
        }, 
        {
            "segmentNumber": "53", 
            "he": [
                "ותפק לרעב נפשך - הוא פיוס דברי נחומים:"
            ], 
            "links": [
                {
                    "category": "Talmud", 
                    "sourceHeRef": "בבא בתרא ט׳ ב:נ״ג", 
                    "sourceRef": "Bava Batra 9b:53", 
                    "ref": "Bava Batra 9b:53"
                }
            ], 
            "text": ""
        }, 
        {
            "segmentNumber": "54", 
            "he": [], 
            "links": [], 
            "text": ""
        }, 
        {
            "segmentNumber": "55", 
            "he": [], 
            "links": [], 
            "text": ""
        }, 
        {
            "segmentNumber": "56", 
            "he": [
                "ימצא צדקה - משמע יבא לידי עניות וימצא בני אדם שיעשו לו צדקה:"
            ], 
            "links": [
                {
                    "category": "Talmud", 
                    "sourceHeRef": "בבא בתרא ט׳ ב:נ״ו", 
                    "sourceRef": "Bava Batra 9b:56", 
                    "ref": "Bava Batra 9b:56"
                }
            ], 
            "text": ""
        }, 
        {
            "segmentNumber": "57", 
            "he": [], 
            "links": [], 
            "text": ""
        }, 
        {
            "segmentNumber": "58", 
            "he": [], 
            "links": [], 
            "text": ""
        }, 
        {
            "segmentNumber": "59", 
            "he": [], 
            "links": [], 
            "text": ""
        }, 
        {
            "segmentNumber": "60", 
            "he": [], 
            "links": [], 
            "text": ""
        }, 
        {
            "segmentNumber": "61", 
            "he": [], 
            "links": [], 
            "text": ""
        }, 
        {
            "segmentNumber": "62", 
            "he": [], 
            "links": [], 
            "text": ""
        }, 
        {
            "segmentNumber": "63", 
            "he": [], 
            "links": [], 
            "text": ""
        }, 
        {
            "segmentNumber": "64", 
            "he": [
                "ויהיו מוכשלים לפניך - את אנשי ענתות היה מקלל שהיו מבקשין נפשו:"
            ], 
            "links": [
                {
                    "category": "Talmud", 
                    "sourceHeRef": "בבא בתרא ט׳ ב:ס״ד", 
                    "sourceRef": "Bava Batra 9b:64", 
                    "ref": "Bava Batra 9b:64"
                }
            ], 
            "text": ""
        }
    ], 
    "commentaryBook": "Bava Batra", 
    "heRef": "רש\"י על בבא בתרא ט׳ ב", 
    "toSections": [
        "9b"
    ], 
    "sectionRef": "Rashi on Bava Batra 9b", 
    "title": "Rashi on Bava Batra 9b", 
    "lengths": [
        350, 
        13690
    ], 
    "next": "Rashi on Bava Batra 10a:1", 
    "heBook": "רש\"י על בבא בתרא", 
    "book": "Rashi on Bava Batra", 
    "prev": "Rashi on Bava Batra 9a:79", 
    "textDepth": 3, 
    "sectionNames": [
        "Daf", 
        "Line", 
        "Comment"
    ], 
    "sections": [
        "9b"
    ], 
    "commentator": "Rashi", 
    "isComplex": false, 
    "commentaryCategories": [
        "Talmud", 
        "Bavli", 
        "Seder Nezikin"
    ], 
    "titleVariants": [
        "Rashi on Bava Bathra", 
        "Rashi on Talmud Bava Batra", 
        "Rashi on Masekhet Bava Batra", 
        "Rashi on Tractate Bava Batra", 
        "Rashi on Bava Batra"
    ], 
    "categories": [
        "Commentary", 
        "Talmud", 
        "Rashi"
    ], 
    "ref": "Rashi on Bava Batra 9b", 
    "type": "Commentary", 
    "addressTypes": [
        "Talmud", 
        "Integer", 
        "Integer"
    ], 
    "heCommentator": "רש\"י", 
    "length": 350, 
    "indexTitle": "Rashi on Bava Batra", 
    "heIndexTitle": "רש\"י על בבא בתרא", 
    "alts": [], 
    "order": [
        22, 
        3
    ]
}