{
    "content": [
        {
            "segmentNumber": "1", 
            "links": [
                {
                    "category": "Talmud", 
                    "index_title": "Nedarim", 
                    "sourceHeRef": "נדרים נ׳ ב:ל״ה", 
                    "sourceRef": "Nedarim 50b:35"
                }
            ], 
            "he": "<b>עבדא דעביד לה שויא אלפי דינרי העבד שיודע לעשותה ולתקנה כראוי שוי אלף דינרים. </b>או נוכל לפרש דעל הביצה קאי שלאחר שהיא מתוקנת כראוי שויא אלף דנרים. ומעייל לה אלף זימני לאו דוקא אלא בא לאשמועינן שצריך לשרות אותה פעמים הרבה במים חמים ובמים צוננים עד שתקטין הביצה מאד בענין שיוכל לבולעה שלימה.  "
        }, 
        {
            "segmentNumber": "2", 
            "links": [
                {
                    "category": "Talmud", 
                    "index_title": "Nedarim", 
                    "sourceHeRef": "נדרים נ׳ ב:ל״ה-מ״ט", 
                    "sourceRef": "Nedarim 50b:35-49"
                }
            ], 
            "he": "<b>קולחא הם ששותין אותו להעיר השלשול. </b>ויש אומרים דהיינו ביצה טרמיטא. ובערוך פירש קלח כרוב שפולט ובודק עצמו בו והיה מחלישו מאד. הרי\"ץ ז\"ל. "
        }, 
        {
            "segmentNumber": "3", 
            "links": [
                {
                    "category": "Talmud", 
                    "index_title": "Nedarim", 
                    "sourceHeRef": "נדרים נ׳ ב:מ״ט", 
                    "sourceRef": "Nedarim 50b:49"
                }
            ], 
            "he": "<b>לא זמניה לבר קפרא. </b>אית דאמרי משום דהוה בדחן ואית דאמרי ששכח להזמינו. פירוש. <br>יומא דמחיך ביה רבי יום שהיה משחק היה בא פורענות לעולם לפי שרבי היה ראש גולות ישראל והיה לו ליצטער על חרבן בית המקדש ועל הגלות ומתוך שהיה עשיר גדול היה נראה כשהיה שוחק כאלו אינו חושש ואינו מצטער על הדבר. הרי\"ץ ז\"ל. "
        }
    ], 
    "heTitle": "שיטה מקובצת על נדרים נ׳ ב", 
    "indexTitle": "Shita Mekubetzet on Nedarim", 
    "sectionRef": "Shita Mekubetzet on Nedarim 50b", 
    "prev": "Shita Mekubetzet on Nedarim 50a", 
    "ref": "Shita Mekubetzet on Nedarim 50b", 
    "heRef": "שיטה מקובצת על נדרים נ׳ ב", 
    "next": "Shita Mekubetzet on Nedarim 51a"
}