{
    "heTitleVariants": [
        "עיקר ר' יום טוב ליפמן הלוי הלר על משנה יבמות", 
        "עיקר התוספות יום-טוב על משנה יבמות", 
        "עיקר התוספות יו\"ט על משנה יבמות", 
        "עיקר תוספות יום טוב על משנה יבמות"
    ], 
    "heTitle": "עיקר תוספות יום טוב על משנה יבמות", 
    "commentaryBook": "Mishnah Yevamot", 
    "heRef": "עיקר תוספות יום טוב על משנה יבמות ט׳", 
    "toSections": [
        9
    ], 
    "sectionRef": "Ikar Tosafot Yom Tov on Mishnah Yevamot 9", 
    "title": "Ikar Tosafot Yom Tov on Mishnah Yevamot 9", 
    "lengths": [
        16, 
        123
    ], 
    "next": "Ikar Tosafot Yom Tov on Mishnah Yevamot 10:1", 
    "content": [
        {
            "segmentNumber": "1", 
            "he": [
                "חלל כו'. כן גירסת רש''י ז''ל והחלל מותר בה והיא מותרת בו מ''מ כיון שבא עליה נתחללה לכהונה. והר''מ גרס כגירסת הירושלמי ופשט מינה דהוזהרה כשרה להנשא לפסולים. ולפי גמרא דידן א''א לגרוס כן דדייקינן דלא הוזהרו. נ''י:"
            ], 
            "links": [
                {
                    "category": "Mishnah", 
                    "sourceHeRef": "משנה יבמות ט׳:א׳", 
                    "sourceRef": "Mishnah Yevamot 9:1", 
                    "ref": "Mishnah Yevamot 9:1"
                }
            ], 
            "text": ""
        }, 
        {
            "segmentNumber": "2", 
            "he": [
                "שקידש. כאן שנה רבי שדין יבום מן האירוסין:", 
                "ושאר כו'. לאו דוקא דהא איכא פצוע דכא וחמש עשרה עריות שמותרות לבעליהן ואסורות ליבמיהן (וכן ברישא תנא ושייר. גמרא) נ''י:"
            ], 
            "links": [
                {
                    "category": "Mishnah", 
                    "sourceHeRef": "משנה יבמות ט׳:ב׳", 
                    "sourceRef": "Mishnah Yevamot 9:2", 
                    "ref": "Mishnah Yevamot 9:2"
                }, 
                {
                    "category": "Mishnah", 
                    "sourceHeRef": "משנה יבמות ט׳:ב׳", 
                    "sourceRef": "Mishnah Yevamot 9:2", 
                    "ref": "Mishnah Yevamot 9:2"
                }
            ], 
            "text": ""
        }, 
        {
            "segmentNumber": "3", 
            "he": [
                "רש''י ונקטו קמייתא דמתני בברייתא דמשכחת טפי ואפילו בתולות דמותרות לבעל ואסורות ליבם:", 
                "דמתנה בעלמא יהיב לה משום חיבת ביאה. רש''י:", 
                "כ''כ רש''י והקשו בתוספות דמאי קמ''ל בפירות דהא קרן גופיה אם אכלו אין לה כדתנן ולא בלאות אלא אין לה פירות שליקט והם עדיין בעין כו'. ולי נראה דמכל מקום נקטה התנא בהדיא משום סיפא דאלמנה לכה''ג דהוי רבותא דאפילו פירות שאכל יש לה (ועיין רש''י סוף פרק י''א דכתובות):", 
                "ומש''ה ה''ה לכל תנאי כתובה אלא דפירות איצטריך דסד''א דמשום פורקנה וכן מזונות איצטריך דסד''א דא''א לה בלא מזונות ולחייב בה ומ''מ קשה דלא תני לאידך דיני דריש פ''י. ונ''י הביא לא זכאין במציאתה כו' בשם תוספתא:", 
                "ותימא דהא בכי הא אפילו אלמנה לכהן גדול לית לה כדפירש הר''ב בסמוך כו' והתוספות מפרש דלאחר מיתה איירינן:", 
                "ודין נכסי צאן ברזל פירש בסוף פי''א דכתובות:", 
                "כשר. ואפילו מזוהם לכהונה לא הוי מדאמרינן בגמ' שהיא מרגילתו אלמא לא פסיל לה ולא לזרעה כלל. נ''י:", 
                "וכופין כו'. אף על פי שיש לה בנים ואיכא לעז עליהם ביציאתה הכא לא חיישינן. נ''י:", 
                "עתוי''ט שהר''ב סותר דבריו. דבהדיא אמרינן בגמרא דהכא ודפ''ב דחליצה דרבנן אלא דאסמכוה אקרא והכא טעמא כדמסיק בגמרא זה הוא מרגילה וזו היא מרגילתו:"
            ], 
            "links": [
                {
                    "category": "Commentary", 
                    "sourceHeRef": "ברטנורא על משנה יבמות ט׳:ג׳:א׳", 
                    "sourceRef": "Bartenura on Mishnah Yevamot 9:3:1", 
                    "ref": "Bartenura on Mishnah Yevamot 9:3:1"
                }, 
                {
                    "category": "Commentary", 
                    "sourceHeRef": "ברטנורא על משנה יבמות ט׳:ג׳:ב׳", 
                    "sourceRef": "Bartenura on Mishnah Yevamot 9:3:2", 
                    "ref": "Bartenura on Mishnah Yevamot 9:3:2"
                }, 
                {
                    "category": "Commentary", 
                    "sourceHeRef": "ברטנורא על משנה יבמות ט׳:ג׳:ג׳", 
                    "sourceRef": "Bartenura on Mishnah Yevamot 9:3:3", 
                    "ref": "Bartenura on Mishnah Yevamot 9:3:3"
                }, 
                {
                    "category": "Commentary", 
                    "sourceHeRef": "ברטנורא על משנה יבמות ט׳:ג׳:ג׳", 
                    "sourceRef": "Bartenura on Mishnah Yevamot 9:3:3", 
                    "ref": "Bartenura on Mishnah Yevamot 9:3:3"
                }, 
                {
                    "category": "Commentary", 
                    "sourceHeRef": "ברטנורא על משנה יבמות ט׳:ג׳:ד׳", 
                    "sourceRef": "Bartenura on Mishnah Yevamot 9:3:4", 
                    "ref": "Bartenura on Mishnah Yevamot 9:3:4"
                }, 
                {
                    "category": "Commentary", 
                    "sourceHeRef": "ברטנורא על משנה יבמות ט׳:ג׳:ה׳", 
                    "sourceRef": "Bartenura on Mishnah Yevamot 9:3:5", 
                    "ref": "Bartenura on Mishnah Yevamot 9:3:5"
                }, 
                {
                    "category": "Commentary", 
                    "sourceHeRef": "ברטנורא על משנה יבמות ט׳:ג׳:ו׳", 
                    "sourceRef": "Bartenura on Mishnah Yevamot 9:3:6", 
                    "ref": "Bartenura on Mishnah Yevamot 9:3:6"
                }, 
                {
                    "category": "Mishnah", 
                    "sourceHeRef": "משנה יבמות ט׳:ג׳", 
                    "sourceRef": "Mishnah Yevamot 9:3", 
                    "ref": "Mishnah Yevamot 9:3"
                }, 
                {
                    "category": "Mishnah", 
                    "sourceHeRef": "משנה יבמות ט׳:ג׳", 
                    "sourceRef": "Mishnah Yevamot 9:3", 
                    "ref": "Mishnah Yevamot 9:3"
                }, 
                {
                    "category": "Mishnah", 
                    "sourceHeRef": "משנה יבמות ט׳:ג׳", 
                    "sourceRef": "Mishnah Yevamot 9:3", 
                    "ref": "Mishnah Yevamot 9:3"
                }, 
                {
                    "category": "Mishnah", 
                    "sourceHeRef": "משנה יבמות ט׳:ג׳", 
                    "sourceRef": "Mishnah Yevamot 9:3", 
                    "ref": "Mishnah Yevamot 9:3"
                }, 
                {
                    "category": "Mishnah", 
                    "sourceHeRef": "משנה יבמות ט׳:ג׳", 
                    "sourceRef": "Mishnah Yevamot 9:3", 
                    "ref": "Mishnah Yevamot 9:3"
                }, 
                {
                    "category": "Mishnah", 
                    "sourceHeRef": "משנה יבמות ט׳:ג׳", 
                    "sourceRef": "Mishnah Yevamot 9:3", 
                    "ref": "Mishnah Yevamot 9:3"
                }, 
                {
                    "category": "Mishnah", 
                    "sourceHeRef": "משנה יבמות ט׳:ג׳", 
                    "sourceRef": "Mishnah Yevamot 9:3", 
                    "ref": "Mishnah Yevamot 9:3"
                }, 
                {
                    "category": "Mishnah", 
                    "sourceHeRef": "משנה יבמות ט׳:ג׳", 
                    "sourceRef": "Mishnah Yevamot 9:3", 
                    "ref": "Mishnah Yevamot 9:3"
                }, 
                {
                    "category": "Mishnah", 
                    "sourceHeRef": "משנה יבמות ט׳:ג׳", 
                    "sourceRef": "Mishnah Yevamot 9:3", 
                    "ref": "Mishnah Yevamot 9:3"
                }
            ], 
            "text": ""
        }, 
        {
            "segmentNumber": "4", 
            "he": [], 
            "links": [], 
            "text": ""
        }, 
        {
            "segmentNumber": "5", 
            "he": [
                "ואע''ג דקרא וזרע אין לה ושבה בבת כהן כתיב מרבינן מיניה לקמן בת ישראל האוכלת בשביל בנה כהן וניסת לזר. רש''י:", 
                "תאכל. דהדרא אכלה ילפינן מובת כהן וגו' דכולא ובת יתירא:"
            ], 
            "links": [
                {
                    "category": "Commentary", 
                    "sourceHeRef": "ברטנורא על משנה יבמות ט׳:ה׳:ד׳", 
                    "sourceRef": "Bartenura on Mishnah Yevamot 9:5:4", 
                    "ref": "Bartenura on Mishnah Yevamot 9:5:4"
                }, 
                {
                    "category": "Mishnah", 
                    "sourceHeRef": "משנה יבמות ט׳:ה׳", 
                    "sourceRef": "Mishnah Yevamot 9:5", 
                    "ref": "Mishnah Yevamot 9:5"
                }, 
                {
                    "category": "Mishnah", 
                    "sourceHeRef": "משנה יבמות ט׳:ה׳", 
                    "sourceRef": "Mishnah Yevamot 9:5", 
                    "ref": "Mishnah Yevamot 9:5"
                }
            ], 
            "text": ""
        }
    ], 
    "book": "Ikar Tosafot Yom Tov on Mishnah Yevamot", 
    "prev": "Ikar Tosafot Yom Tov on Mishnah Yevamot 8:6", 
    "textDepth": 3, 
    "sectionNames": [
        "Chapter", 
        "Mishna", 
        "Comment"
    ], 
    "sections": [
        9
    ], 
    "commentator": "Ikar Tosafot Yom Tov", 
    "isComplex": false, 
    "commentaryCategories": [
        "Mishnah", 
        "Seder Nashim"
    ], 
    "titleVariants": [
        "Ikar Tosafot Yom Tov on M. Yevamot", 
        "Ikar Tosafot Yom Tov on M Yevamot", 
        "Ikar Tosafot Yom Tov on Mishnah Yevamot", 
        "Ikar Tosafot Yom Tov on Mishna Yevamot"
    ], 
    "categories": [
        "Commentary", 
        "Mishnah", 
        "Ikar Tosafot Yom Tov"
    ], 
    "ref": "Ikar Tosafot Yom Tov on Mishnah Yevamot 9", 
    "type": "Commentary", 
    "addressTypes": [
        "Perek", 
        "Mishnah", 
        "Integer"
    ], 
    "heCommentator": "עיקר תוספות יום טוב", 
    "length": 16, 
    "indexTitle": "Ikar Tosafot Yom Tov on Mishnah Yevamot", 
    "heIndexTitle": "עיקר תוספות יום טוב על משנה יבמות", 
    "alts": [], 
    "order": [
        24, 
        1
    ]
}