{
    "heTitleVariants": [
        "פאר הדור תשובות הרמב\"ם"
    ], 
    "heTitle": "פאר הדור תשובות הרמב\"ם", 
    "heRef": "פאר הדור תשובות הרמב\"ם ל״ז", 
    "toSections": [
        37
    ], 
    "sectionRef": "Pe'er HaDor Teshuvot HaRambam 37", 
    "next": "Pe'er HaDor Teshuvot HaRambam 132", 
    "content": [], 
    "book": "Pe'er HaDor Teshuvot HaRambam", 
    "prev": null, 
    "textDepth": 2, 
    "sectionNames": [
        "Teshuva", 
        "Paragraph"
    ], 
    "sections": [
        37
    ], 
    "isComplex": false, 
    "titleVariants": [
        "Pe'er HaDor Teshuvot HaRambam"
    ], 
    "categories": [
        "Responsa"
    ], 
    "ref": "Pe'er HaDor Teshuvot HaRambam 37", 
    "type": "Responsa", 
    "addressTypes": [
        "Integer", 
        "Integer"
    ], 
    "indexTitle": "Pe'er HaDor Teshuvot HaRambam", 
    "heIndexTitle": "פאר הדור תשובות הרמב\"ם", 
    "alts": [], 
    "order": ""
}