{
    "heTitleVariants": [
        "תלמוד ירושלמי מעשר שני"
    ], 
    "heTitle": "תלמוד ירושלמי מעשר שני י״א א", 
    "content": [
        {
            "segmentNumber": "1", 
            "he": "כיני מתניתא מותרת להיאכל צמחונין מה ביניהון אמר רבי יונה שולה ביניהון.  בית שמאי אומרים שולה בידים טהורות ובית הלל אומרים שולה בידים טמאות.  תני זו דברי רבי מאיר אבל דברי רבי יהודה אומר בית שמאי אומרים כל מעשיה בטהרה חוץ מחפיפתה ובית הלל אומרים כל מעשיה בטומאה חוץ משליתה.  מה ביניהון אמר רבי מתניא מגיגה ביניהון.  בית שמאי אומרים מוגג בידים טהורות ובית הלל אומרים מוגג בידים טמאות:  כדי לעשות עיסה ולחזור כדי לעשות [עיסה] ולחזור:  מתניתא דרבן שמעון בן גמליאל [דרשב\"ג אמר] אף הפירות נכנסין ויוצאין", 
            "links": [], 
            "text": ""
        }
    ], 
    "heRef": "תלמוד ירושלמי מעשר שני י״א א", 
    "toSections": [
        "11a"
    ], 
    "sectionRef": "Jerusalem Talmud Ma'aser Sheni 11a", 
    "title": "Jerusalem Talmud Ma'aser Sheni 11a", 
    "lengths": [
        66, 
        103
    ], 
    "next": "Jerusalem Talmud Ma'aser Sheni 11b", 
    "heBook": "תלמוד ירושלמי מעשר שני", 
    "book": "Jerusalem Talmud Ma'aser Sheni", 
    "prev": "Jerusalem Talmud Ma'aser Sheni 10b", 
    "textDepth": 2, 
    "sectionNames": [
        "Daf", 
        "Halakhah"
    ], 
    "sections": [
        "11a"
    ], 
    "isComplex": false, 
    "titleVariants": [
        "Yerushalmi Ma'aser Sheni", 
        "JT Ma'aser Sheni", 
        "Yerushalmi Maaser Sheni", 
        "Talmud Yerushalmi Ma'aser Sheni", 
        "Jerusalem Talmud Ma'aser Sheni", 
        "JT Maaser Sheni"
    ], 
    "categories": [
        "Talmud", 
        "Yerushalmi", 
        "Seder Zeraim"
    ], 
    "ref": "Jerusalem Talmud Ma'aser Sheni 11a", 
    "type": "Talmud", 
    "addressTypes": [
        "Talmud", 
        "Integer"
    ], 
    "length": 66, 
    "indexTitle": "Jerusalem Talmud Ma'aser Sheni", 
    "heIndexTitle": "תלמוד ירושלמי מעשר שני", 
    "alts": [], 
    "order": [
        8
    ]
}