{
    "heTitleVariants": [
        "מצודת דוד על ש״א", 
        "מצודת דוד על ש\"א", 
        "מצודת דוד על שמואל א", 
        "מצודת דוד על שמואל א׳", 
        "מצודת דוד על שמואל א'"
    ], 
    "heTitle": "מצודת דוד על שמואל א", 
    "commentaryBook": "I Samuel", 
    "heRef": "מצודת דוד על שמואל א ו׳", 
    "toSections": [
        6
    ], 
    "sectionRef": "Metzudat David on I Samuel 6", 
    "title": "Metzudat David on I Samuel 6", 
    "lengths": [
        31, 
        812
    ], 
    "next": "Metzudat David on I Samuel 7:1", 
    "content": [
        {
            "segmentNumber": "1", 
            "he": [], 
            "links": [], 
            "text": ""
        }, 
        {
            "segmentNumber": "2", 
            "he": [
                "<b>מה נעשה .</b> אם לשלחו למקומו : ", 
                "<b>הודיענו .</b> רצה לומר : ואם יהיה מההכרח לשלחו , הודיענו במה נשלחנו , אם להניחו בעגלה ולמשכו בבהמות , אם לשאתו בכתף :\n"
            ], 
            "links": [
                {
                    "category": "Tanakh", 
                    "sourceHeRef": "שמואל א ו׳:ב׳", 
                    "index_title": "I Samuel", 
                    "sourceRef": "I Samuel 6:2"
                }, 
                {
                    "category": "Tanakh", 
                    "sourceHeRef": "שמואל א ו׳:ב׳", 
                    "index_title": "I Samuel", 
                    "sourceRef": "I Samuel 6:2"
                }
            ], 
            "text": ""
        }, 
        {
            "segmentNumber": "3", 
            "he": [
                "<b>אם משלחים .</b> רצה לומר : אם יצא הדבר לשלחו למקומו , אל תשלחנו ריקם מבלי מנחה ותשורה : ", 
                "<b>תשיבו לו אשם .</b> תשיבו לה' קרבן אשם , כדין המועל בהקדש : ", 
                "<b>אז תרפאו .</b> רצה לומר : כשתרפאו , אז יהיה נודע לכם בבירור , למה לא תסור ידו קודם ההשבה , רצה לומר : אז תדעו שיד ה' עשתה זאת :\n"
            ], 
            "links": [
                {
                    "category": "Tanakh", 
                    "sourceHeRef": "שמואל א ו׳:ג׳", 
                    "index_title": "I Samuel", 
                    "sourceRef": "I Samuel 6:3"
                }, 
                {
                    "category": "Tanakh", 
                    "sourceHeRef": "שמואל א ו׳:ג׳", 
                    "index_title": "I Samuel", 
                    "sourceRef": "I Samuel 6:3"
                }, 
                {
                    "category": "Tanakh", 
                    "sourceHeRef": "שמואל א ו׳:ג׳", 
                    "index_title": "I Samuel", 
                    "sourceRef": "I Samuel 6:3"
                }
            ], 
            "text": ""
        }, 
        {
            "segmentNumber": "4", 
            "he": [
                "<b>מספר .</b> כפי מספר סרני פלשתים שהם חמשה , ככה תשיבו חמשה עפולים עשוים מזהב : ", 
                "<b>וחמשה עכברי .</b> כי העפולים היו דומים בצד מה לדמות עכברים , ולזה אמר להשיב גם חמשה עכברי זהב , לכפר על העם חמשת האומות שבארץ פלשתים : ", 
                "<b>לכולם .</b> לכל העם ולהסרנים , וכולכם צריכים כפרה :\n"
            ], 
            "links": [
                {
                    "category": "Tanakh", 
                    "sourceHeRef": "שמואל א ו׳:ד׳", 
                    "index_title": "I Samuel", 
                    "sourceRef": "I Samuel 6:4"
                }, 
                {
                    "category": "Tanakh", 
                    "sourceHeRef": "שמואל א ו׳:ד׳", 
                    "index_title": "I Samuel", 
                    "sourceRef": "I Samuel 6:4"
                }, 
                {
                    "category": "Tanakh", 
                    "sourceHeRef": "שמואל א ו׳:ד׳", 
                    "index_title": "I Samuel", 
                    "sourceRef": "I Samuel 6:4"
                }
            ], 
            "text": ""
        }, 
        {
            "segmentNumber": "5", 
            "he": [
                "<b>צלמי וכו' המשחיתים וכו' .</b> רצה לומר : עשו צלמי דמות העפולים והעכברים , אשר הם משחיתים וכו' : ", 
                "<b>ונתתם וכו' כבוד .</b> רצה לומר : לא שהוא צריך לזה , אלא תנו לכבודו : ", 
                "<b>אולי יקל .</b> בעבור הכבוד אשר תעשו לו : ", 
                "<b>מעליכם .</b> על הסרנים יאמר : ", 
                "<b>ומעל ארצכם .</b> מעל יושבי ארצכם , מותר העם :\n"
            ], 
            "links": [
                {
                    "category": "Tanakh", 
                    "sourceHeRef": "שמואל א ו׳:ה׳", 
                    "index_title": "I Samuel", 
                    "sourceRef": "I Samuel 6:5"
                }, 
                {
                    "category": "Tanakh", 
                    "sourceHeRef": "שמואל א ו׳:ה׳", 
                    "index_title": "I Samuel", 
                    "sourceRef": "I Samuel 6:5"
                }, 
                {
                    "category": "Tanakh", 
                    "sourceHeRef": "שמואל א ו׳:ה׳", 
                    "index_title": "I Samuel", 
                    "sourceRef": "I Samuel 6:5"
                }, 
                {
                    "category": "Tanakh", 
                    "sourceHeRef": "שמואל א ו׳:ה׳", 
                    "index_title": "I Samuel", 
                    "sourceRef": "I Samuel 6:5"
                }, 
                {
                    "category": "Tanakh", 
                    "sourceHeRef": "שמואל א ו׳:ה׳", 
                    "index_title": "I Samuel", 
                    "sourceRef": "I Samuel 6:5"
                }
            ], 
            "text": ""
        }, 
        {
            "segmentNumber": "6", 
            "he": [
                "<b>ולמה תכבדו .</b> על ששאלו מה נעשה לארון , כאלו היו מסופקים אם לשלחו אם להחזיקו , לזה אמרו ולמה תכבדו וכו' : ", 
                "<b>הלא כאשר התעלל בהם .</b> רצה לומר : הלא סוף הדבר יהיה כאשר היה במצרים , שהיה משחק ומהתל בהם , ואחרי זה בעל כרחם שלחו את בני ישראל והלכו להם , וכמו כן יהיה סופכם :\n"
            ], 
            "links": [
                {
                    "category": "Tanakh", 
                    "sourceHeRef": "שמואל א ו׳:ו׳", 
                    "index_title": "I Samuel", 
                    "sourceRef": "I Samuel 6:6"
                }, 
                {
                    "category": "Tanakh", 
                    "sourceHeRef": "שמואל א ו׳:ו׳", 
                    "index_title": "I Samuel", 
                    "sourceRef": "I Samuel 6:6"
                }
            ], 
            "text": ""
        }, 
        {
            "segmentNumber": "7", 
            "he": [
                "<b>ועתה קחו .</b> רצה לומר : קחו עצים ועשו עגלה חדשה לכבוד הארון : ", 
                "<b>ושתי פרות עלות .</b> רצה לומר : ", 
                "<b>בחנו הדבר לדעת שהאמת אתנו , וזאת עשו .</b> קחו פרות מניקות אשר לא משכו מעולם בעול , ואסרו אתהן בעגלה , וקחו את בניהן מהן , והנה מדרך הנהוג לא יזוזו ממקומן ללכת מבניהן , ומכל שכן שגם לא הורגלו במשיכת העול :\n"
            ], 
            "links": [
                {
                    "category": "Tanakh", 
                    "sourceHeRef": "שמואל א ו׳:ז׳", 
                    "index_title": "I Samuel", 
                    "sourceRef": "I Samuel 6:7"
                }, 
                {
                    "category": "Tanakh", 
                    "sourceHeRef": "שמואל א ו׳:ז׳", 
                    "index_title": "I Samuel", 
                    "sourceRef": "I Samuel 6:7"
                }, 
                {
                    "category": "Tanakh", 
                    "sourceHeRef": "שמואל א ו׳:ז׳", 
                    "index_title": "I Samuel", 
                    "sourceRef": "I Samuel 6:7"
                }
            ], 
            "text": ""
        }, 
        {
            "segmentNumber": "8", 
            "he": [
                "<b>והלך .</b> רצה לומר הניחו ללכת מעצמו , לבל ינהג מי את הפרות :\n"
            ], 
            "links": [
                {
                    "category": "Tanakh", 
                    "sourceHeRef": "שמואל א ו׳:ח׳", 
                    "index_title": "I Samuel", 
                    "sourceRef": "I Samuel 6:8"
                }
            ], 
            "text": ""
        }, 
        {
            "segmentNumber": "9", 
            "he": [
                "<b>וראיתם .</b> ואז תראו , אם מעצמו יעלה הארון דרך גבול ארצו אל בית שמש , אז בודאי בעבורו באה הרעה , ואם לא יעלה מעצמו דרך גבולו , אז נודע שבמקרה באה הרעה :\n"
            ], 
            "links": [
                {
                    "category": "Tanakh", 
                    "sourceHeRef": "שמואל א ו׳:ט׳", 
                    "index_title": "I Samuel", 
                    "sourceRef": "I Samuel 6:9"
                }
            ], 
            "text": ""
        }, 
        {
            "segmentNumber": "10", 
            "he": [], 
            "links": [], 
            "text": ""
        }, 
        {
            "segmentNumber": "11", 
            "he": [
                "<b>טחוריהם .</b> הם העפולים שהיו דומים בצד מה לטחורים :\n"
            ], 
            "links": [
                {
                    "category": "Tanakh", 
                    "sourceHeRef": "שמואל א ו׳:י״א", 
                    "index_title": "I Samuel", 
                    "sourceRef": "I Samuel 6:11"
                }
            ], 
            "text": ""
        }, 
        {
            "segmentNumber": "12", 
            "he": [
                "<b>וישרנה הפרות .</b> הלכו בדרך הישר , לדרך העולה בית שמש : ", 
                "<b>במסלה אחת .</b> ולא הטו ימין ושמאול : ", 
                "<b>הלוך וגעו .</b> רצה לומר : עם כי הלכו וצעקו בעבור חסרון בניהן , מכל מקום לא סרו ימין ושמאול :\n"
            ], 
            "links": [
                {
                    "category": "Tanakh", 
                    "sourceHeRef": "שמואל א ו׳:י״ב", 
                    "index_title": "I Samuel", 
                    "sourceRef": "I Samuel 6:12"
                }, 
                {
                    "category": "Tanakh", 
                    "sourceHeRef": "שמואל א ו׳:י״ב", 
                    "index_title": "I Samuel", 
                    "sourceRef": "I Samuel 6:12"
                }, 
                {
                    "category": "Tanakh", 
                    "sourceHeRef": "שמואל א ו׳:י״ב", 
                    "index_title": "I Samuel", 
                    "sourceRef": "I Samuel 6:12"
                }
            ], 
            "text": ""
        }, 
        {
            "segmentNumber": "13", 
            "he": [
                "<b>וישמחו לראות .</b> לפי שאחרי זה התאבלו בסבת הארון , אמר עתה בעת ראותם , שמחו :\n"
            ], 
            "links": [
                {
                    "category": "Tanakh", 
                    "sourceHeRef": "שמואל א ו׳:י״ג", 
                    "index_title": "I Samuel", 
                    "sourceRef": "I Samuel 6:13"
                }
            ], 
            "text": ""
        }, 
        {
            "segmentNumber": "14", 
            "he": [], 
            "links": [], 
            "text": ""
        }, 
        {
            "segmentNumber": "15", 
            "he": [
                "<b>העלו עולות .</b> לבד הפרות האמור למעלה :\n"
            ], 
            "links": [
                {
                    "category": "Tanakh", 
                    "sourceHeRef": "שמואל א ו׳:ט״ו", 
                    "index_title": "I Samuel", 
                    "sourceRef": "I Samuel 6:15"
                }
            ], 
            "text": ""
        }, 
        {
            "segmentNumber": "16", 
            "he": [
                "<b>ראו .</b> שנבחן הדבר ונמצא כן :\n"
            ], 
            "links": [
                {
                    "category": "Tanakh", 
                    "sourceHeRef": "שמואל א ו׳:ט״ז", 
                    "index_title": "I Samuel", 
                    "sourceRef": "I Samuel 6:16"
                }
            ], 
            "text": ""
        }, 
        {
            "segmentNumber": "17", 
            "he": [
                "<b>ואלה טחורי .</b> רצה לומר : באלו לא הוסיפו על מה שאמרו הקוסמים והכהנים : ", 
                "<b>לאשדוד אחד .</b> רצה לומר : בעבור שר אשדוד אחד , וכן כולם :\n"
            ], 
            "links": [
                {
                    "category": "Tanakh", 
                    "sourceHeRef": "שמואל א ו׳:י״ז", 
                    "index_title": "I Samuel", 
                    "sourceRef": "I Samuel 6:17"
                }, 
                {
                    "category": "Tanakh", 
                    "sourceHeRef": "שמואל א ו׳:י״ז", 
                    "index_title": "I Samuel", 
                    "sourceRef": "I Samuel 6:17"
                }
            ], 
            "text": ""
        }, 
        {
            "segmentNumber": "18", 
            "he": [
                "<b>ועכברי וכו' .</b> אבל על עכברי הזהב הוסיפו , והביאו אחד מול כל עיר , ולא חמשה לבד כדברי הקוסמים : ", 
                "<b>לחמשת .</b> אשר הם לחמשת הסרנים ותחת ממשלתם : ", 
                "<b>מעיר מבצר .</b> בין מול עיר מבצר , בין מול כפר פרוז מבלי חומה סביב : ", 
                "<b>ועד אבל הגדולה .</b> היא האבן הגדולה האמור למעלה , וקראו 'אבל' , לפי שהעם התאבלו שם על אשר הכה ה' בהם כמו שכתוב למטה , ורצה לומר , אין זה סוף הדבר אשר נכר ונודע עד היום הזה שדה יהושע , כי אפילו האבן הגדולה וכו' נכר הוא עד היום הזה בשדה יהושע בית השמשי :\n"
            ], 
            "links": [
                {
                    "category": "Tanakh", 
                    "sourceHeRef": "שמואל א ו׳:י״ח", 
                    "index_title": "I Samuel", 
                    "sourceRef": "I Samuel 6:18"
                }, 
                {
                    "category": "Tanakh", 
                    "sourceHeRef": "שמואל א ו׳:י״ח", 
                    "index_title": "I Samuel", 
                    "sourceRef": "I Samuel 6:18"
                }, 
                {
                    "category": "Tanakh", 
                    "sourceHeRef": "שמואל א ו׳:י״ח", 
                    "index_title": "I Samuel", 
                    "sourceRef": "I Samuel 6:18"
                }, 
                {
                    "category": "Tanakh", 
                    "sourceHeRef": "שמואל א ו׳:י״ח", 
                    "index_title": "I Samuel", 
                    "sourceRef": "I Samuel 6:18"
                }
            ], 
            "text": ""
        }, 
        {
            "segmentNumber": "19", 
            "he": [
                "<b>ויך .</b> ה' הכה בהם על שפתחו הארון וראו בו בפנים , ולזה הכה בעם שבעים איש מגדולי העיר , והיו שקולים כחמשים אלף איש ( סוטה לה ב ) :\n"
            ], 
            "links": [
                {
                    "category": "Tanakh", 
                    "sourceHeRef": "שמואל א ו׳:י״ט", 
                    "index_title": "I Samuel", 
                    "sourceRef": "I Samuel 6:19"
                }, 
                {
                    "category": "Talmud", 
                    "sourceHeRef": "סוטה ל״ה ב", 
                    "index_title": "Sotah", 
                    "sourceRef": "Sotah 35b"
                }
            ], 
            "text": ""
        }, 
        {
            "segmentNumber": "20", 
            "he": [
                "<b>מי יוכל לעמד וכו' .</b> רצה לומר : הלא הגדולים שבנו מתו , ומי הוא הנשאר אשר יוכל לעמוד לפני ארון ה' , לשמרו ולהזהר בקדושתו :\n"
            ], 
            "links": [
                {
                    "category": "Tanakh", 
                    "sourceHeRef": "שמואל א ו׳:כ׳", 
                    "index_title": "I Samuel", 
                    "sourceRef": "I Samuel 6:20"
                }
            ], 
            "text": ""
        }, 
        {
            "segmentNumber": "21", 
            "he": [
                "<b>רדו העלו .</b> רדו אלינו והעלו אליכם :\n\n"
            ], 
            "links": [
                {
                    "category": "Tanakh", 
                    "sourceHeRef": "שמואל א ו׳:כ״א", 
                    "index_title": "I Samuel", 
                    "sourceRef": "I Samuel 6:21"
                }
            ], 
            "text": ""
        }
    ], 
    "book": "Metzudat David on I Samuel", 
    "prev": "Metzudat David on I Samuel 5:12", 
    "textDepth": 3, 
    "sectionNames": [
        "Chapter", 
        "Verse", 
        "Comment"
    ], 
    "sections": [
        6
    ], 
    "commentator": "Metzudat David", 
    "isComplex": false, 
    "commentaryCategories": [
        "Tanakh", 
        "Prophets"
    ], 
    "titleVariants": [
        "Metzudat David on I Shmuel", 
        "Metzudat David on First Samuel", 
        "Metzudat David on Shmuel I", 
        "Metzudat David on I Samuel", 
        "Metzudat David on I Sam.", 
        "Metzudat David on 1Sam", 
        "Metzudat David on I Shemuel", 
        "Metzudat David on 1Sam.", 
        "Metzudat David on 1 Samuel", 
        "Metzudat David on Samuel I", 
        "Metzudat David on I Sam", 
        "Metzudat David on Shmuel Aleph"
    ], 
    "categories": [
        "Commentary", 
        "Tanakh", 
        "Metzudat David"
    ], 
    "ref": "Metzudat David on I Samuel 6", 
    "type": "Commentary", 
    "addressTypes": [
        "Integer", 
        "Integer", 
        "Integer"
    ], 
    "heCommentator": "מצודת דוד", 
    "length": 31, 
    "indexTitle": "Metzudat David on I Samuel", 
    "heIndexTitle": "מצודת דוד על שמואל א", 
    "alts": [], 
    "order": [
        8, 
        3
    ]
}