[{
    "links": [
        [
            "8:3", 
            "Leviticus 7", 
            "Tanach"
        ], 
        [
            "8:3", 
            "Leviticus 2", 
            "Tanach"
        ], 
        [
            "8:14", 
            "Exodus 13", 
            "Tanach"
        ]
    ], 
    "text": [], 
    "heTitleVariants": [
        "תוספתא מנחות"
    ], 
    "heTitle": "תוספתא מנחות", 
    "heRef": "תוספתא מנחות ח׳", 
    "toSections": [
        8
    ], 
    "sectionRef": "Tosefta Menahot 8", 
    "lengths": [
        13
    ], 
    "next": "Tosefta Menahot 9", 
    "book": "Tosefta Menahot", 
    "prev": "Tosefta Menahot 7", 
    "textDepth": 2, 
    "sectionNames": [
        "Chapter", 
        "Tosefta"
    ], 
    "sections": [
        8
    ], 
    "isComplex": false, 
    "titleVariants": [
        "Tosefta Menachot", 
        "Tosefta Menachos", 
        "Tos. Menachos", 
        "Tos. Menachot", 
        "T. Menachot", 
        "Tosefta Menahot"
    ], 
    "categories": [
        "Tosefta", 
        "Seder Kodashim"
    ], 
    "he": [
        "כל המנחות שריבה מדת חלות או שחיסר מדת חלות או שהיתה מדה חסרה מחברתה או יתירה מחברתה הרי אלו פסולות שתי הלחם ולחם הפנים חלות תודה ורקיקי נזיר שריבה מדת חלות או שחיסר מדת חלות או שהיתה מדה יתירה מחברתה או חסרה מחברתה הרי אלו פסולות ושאר כל המנחות בין משל יחיד ובין משל צבור אין להם קצבה ובלבד שיביאו מן המובחר.", 
        "שתי הלחם ולחם הפנים נאכלות אבל לא נקמצות מנחת כ\"ג מנחת כהן משיח ומנחת נסכים לא נאכלות ולא נקמצות ר' שמעון אומר מנחת חוטא של כהנים נקמצות.  הקומץ קרב לעצמו ושירים קרבין לעצמן.  ר' אלעזר בר\"ש אומר הקומץ קרב בעצמו והשירים מתפזרין על גבי הדשן.", 
        "כל המנחות נעשות בכלי וטעונות שלשה מתנות שמן יציקה ובלילה ומתן שמן בכלי קודם לעשייתה כיצד הוא עושה נותן שמן בכלי ומטגנו שמן בסולת ובוללה ופותתה ויצק עליה שמן כדרך שיצק על הגריסין.  חלות טעונות בלילה ורקיקה משיחה נמצאת אומר כשר בחלות פסול ברקיקין כשר ברקיקין פסול בחלות כיצד בוללין חלות חלות בוללין דברי רבי שנאמר (ויקרא ז) חלות בלולות בשמן וחכ\"א סולת שנאמר (ויקרא ב) סולת בלולה בשמן אמר להן עד אין הדבר שקול מי מכריע אמרו לו נאמר כאן חלות ונאמר בתודה חלות מה חלות האמורות בתודה אי אפשר לבוללן בלא סולת אף חלות האמורות כאן א\"א לבוללן בלא סולת אמר רבי רואה אני את דבריהם מדברי.", 
        "כיצד מושחן מושח פני כל הרקיק ר' שמעון אומר מושח את הרקיקין כמין כ\"י ושאר השמן נאכל לכהנים.  מנחה שהיתה באה מחצה חלות ומחצה רקיקין נותן מחצה לחלות ומחצה לרקיקין ר\"ש אומר משח את הרקיקין כמין כ\"י ושאר השמן נותן לחלות וכן היה ר\"ש אומר מותר רקיקי מנחת ישראל פתיתיהן כזיתים כדי שיהיה שולט בהן לקומצן.", 
        "חצי לוג מים לסוטה וחצי לוג שמן לתודה נותן מחצה לחלות ומחצה לרקיקין ר' שמעון אומר מושח את הרקיקין כמין כ\"י ושאר השמן נאכל לכהנים וכן היה ר' שמעון אומר האומר מאפה מביא מחצה חלות ומחצה רקיקין בולל ונוטל מן האמצע ואם נתן ממין על חברו יצא.", 
        "רבי שמעון אומר ג' מינין טעונים שלש מצות שתים בכל אחד ושלישית אין בהן אלו הן זבחי שלמי צבור וזבחי שלמי יחיד ואשם מצורע.  זבחי שלמי יחיד טעונין סמיכה חיים ותנופה שחוטין ואין בהם תנופה חיים היכן תנופתן בזבחי שלמי צבור.  זבחי שלמי צבור טעונין תנופה חיין ושחוטין ואין בהן סמיכה והיכן סמיכתן באשם מצורע.  אשם מצורע טעון סמיכה ותנופה חיין ואין טעון תנופה שחוט והיכן תנופתו בזבחי שלמי צבור.", 
        "כל המנחות טעונות שלש מאות שיפה וחמש מאות בעיטה אחרים אומרים שיפה ובעיטה בחטין ר' יוסי אומר בבצק העומר היה בא עשרון משלש סאין כמה עשרון שלש סאין נמצא עשרון שלו קב ומחצה.  העומר היה מנפהו בשלש עשרה נפה שתי הלחם בשתים עשרה לחם הפנים באחת עשרה בדקה ובגסה בדקה שתהא קולטת [את הסולת] ובגסה שתהא קולטת את הסובין ר\"ש בן אלעזר אומר שלש עשרה נפה היו זו ע\"ג זו תחתונה שבכולן עשויה שתהא קולטת את הסולת.", 
        "העומר ושתי הלחם ולחם הפנים שריבה מדת עשרונן או שחיסר מדת עשרונן שהיתה מדה מרובה מחברתה או חיסרה מחברתה הרי אלו פסולות ריבה מדת סאין או שחיסר מדת סאין הרי אלו כשרות.  תודה היתה באה חמש סאין ירושלמיות שהן ו' מדבריות נמצאת ירושלמיות יתירה על מדבריות שתות.", 
        "איל המלואים היה בא במצה שבתודה חלות רקיקין ורבוכה שמנן כשמן תודה ותנופה כתנופת.  איל נזיר היה בא שני ידות כמצה שבתודה חלות ורקיקין אין בו רבוכה שמנו כשמן תודה ותנופתו כתנופת תודה.", 
        "השוחט את התודה לפנים ולחומה אבית פגי לא קדש הלחם אפילו כולם בפנים ואחד מהם בחוץ לא קדש הלחם שחטה ונמצא רובע ונרבע מוקצה ונעבד אתנן ומחיר לא קדש הלחם.  זה הכלל כל שפסלה קודם לשחיטה לא קדש הלחם.  שחטה חוץ לזמנה וחוץ למקומה קדש הלחם שחטה ונמצאת טריפה לא קדש הלחם.  שחטה ונמצאת בעלת מום ר\"א אומר קדש ר' יהושע אומר לא קדש דברי ר\"מ אמר ר' יהודה לא נחלקו ר' אליעזר ור' יהושע על ששחטה חוץ לזמנה שקדש הלחם ועל ששחטה ונמצאת בעלת מום שלא קדש הלחם על מה נחלקו על ששחטה חוץ למקומה שר' אליעזר אומר קדש ור' יהושע אומר לא קדש.  א\"ל ר' אליעזר אי אתה מודה ששחטה חוץ לזמנה שקדש הלחם אף ששחטה חוץ למקומה יקדש הלחם א\"ל ר' יהושע אי אתה מודה ששחטה ונמצאת בעלת מום שלא קדש הלחם אף ששחטה חוץ למקומה לא יקדש הלחם א\"ל ר' אליעזר אתה מקישו לבעל מום ואני מקישו חוץ לזמנו נראה למי דומה אם דומה לבעל מום נלמדו מבעל מום ואם דומה לחוץ לזמנו נלמדו מחוץ לזמנו ר' אליעזר אומר חוץ לזמנו נפסל במחשבה וחוץ למקומו נפסל במחשבה ואל יוכיח בעל מום שאין נפסל במחשבה אלא במעשה ר' יהושע אומר בעל מום פסול ואין בו כרת וחוץ למקומו פסול ואין בו כרת ואל יוכיח חוץ לזמנו שפיגול וחייבין עליו כרת.", 
        "תודה טעונה לחם והטועה אינה טעונה לחם איזה הוא טועה המפריש תודה ואבדה והפריש אחרת תחתיה ולא הספיק להקריבה עד שנמצאת הראשונה והרי שתיהן עומדות ראשונה תקרב וטעונה לחם וטעונה נסכים ושניה תקרב ואין טעונה לחם אבל טעונה נסכים.", 
        "המפריש מעות לתודתו ואבדו והפריש מעות תחתיהם ולא הספיק ליקח בהן תודה עד שנמצאו מעות הראשונות יביא מאלו ומאלו תודה ותקרב וטעונה לחם וטעונה נסכים והשאר יביא בהן תודה ותקרב ואין טעונה לחם אבל טעונה נסכים.  המפריש מעות לתודתו ואבדו והפריש תודה תחתיהן ולא הספיק להקריבה עד שנמצאו המעות יביא בהן תודה ותקרב וטעונה לחם וטעונה נסכים והתודה תקרב ואין טעונה לחם אבל טעונה נסכים.  המפריש תודתו ואבדה והפריש מעות תחתיה ולא הספיק ליקח בהן תודה עד שנמצאת תודה.  תודה תקרב וטעונה לחם וטעונה נסכים והמעות יביא בהן תודה ותקרב ואין טעונה לחם אבל טעונה נסכים.  המפריש תודתו ואבדה והפריש אחרת תחתיה והקריבה ואח\"כ נמצאת הראשונה תקרב וטעונה לחם וטעונה נסכים.  המפריש מעות לתודתו ואבדו והפריש מעות תחתיהן ולקח בהן תודה והקריבה ואח\"כ נמצאו מעות הראשונות יביא מאלו ומאלו תודה ותקרב וטעונה לחם וטעונה נסכים לקח בהן תודה והותיר יביא בהן תודה ותקרב ואין טעונה לחם אבל טעונה נסכים.", 
        "עד שלא שחטה ויצא חוץ לחומה יחזור וישחוט עליה וכשרה מששחטה ויצא חוץ לחומה הדם יזרק ולא יצא ידי נדרו תודה מותרת באכילה והלחם אסור.  משנזרק הדם תורמין ממה שבפנים על מה שבחוץ.  עד שלא שחטה ונפרס הלחם יביא לחם אחר וישחט עליו וכשרה.  מששחטה ונפרס הלחם הדם יזרק ויצא ידי נדרו תודה מותרת באכילה והלחם אסור משנזרק הדם תורמין מן השלם על הפרוס.  מששחטה נטמא לחמה הדם יזרק ולא יצא ידי חובת נדרו תודה מותרת באכילה והלחם אסור.  משנזרק הדם תורמין מן הטהור על הטמא.", 
        "תודה חציה מן החולין וחציה מן המעשר יביא לחמה כיוצא בה.  חציה מן החולין וחציה מן המעשר.  תודה היא ולחמה מן המעשר אבל חובתו אינו מביא אלא מן החולין שנאמר (שמות יג) ועבדת את העבודה הזאת בחדש הזה מה זו אינה באה אלא מן החולין אף כל דבר שבחובה לא יביא אלא מן החולין לא יביא מחטי מעשר שני אלא ממעות מעשר שני הרי עלי תודה והרי עלי שלמים הואיל והן באין חובה לא יביא אלא מן החולין נסכים בכל מקום לא יביא אלא מן החולין מכאן אמרו אין מביאין מנחות ונסכים מנחת בהמה ולחמה של תודה מן הטבל ומן התבואה מעשר ראשון שנטלה תרומתו ומעשר שני והקדש שנפדו מן המדומע ומן החדש ומפירות שביעית ואם הביא הרי אלו פסולין ואצ\"ל מן הערלה ומכלאי הכרם. "
    ], 
    "ref": "Tosefta Menahot 8", 
    "type": "Tosefta", 
    "addressTypes": [
        "Integer", 
        "Integer"
    ], 
    "length": 13, 
    "indexTitle": "Tosefta Menahot", 
    "heIndexTitle": "תוספתא מנחות", 
    "alts": [], 
    "order": [
        3
    ]
}]