{
    "heTitleVariants": [
        "אבן העזר", 
        "שולחן ערוך אבן העזר"
    ], 
    "heTitle": "אבן העזר", 
    "heRef": "אבן העזר קי״ב", 
    "toSections": [
        112
    ], 
    "sectionRef": "Shulchan Arukh, Even HaEzer 112", 
    "next": "Shulchan Arukh, Even HaEzer 113", 
    "content": [
        {
            "segmentNumber": "1", 
            "he": "מִתְּנָאֵי כְּתֻבָּה שֶׁתִּהְיֶינָה הַבָּנוֹת נִזּוֹנוֹת מִנִּכְסֵי אֲבִיהֶם אַחַר מוֹתוֹ, עַד שֶׁיִּתְאָרְסוּ אוֹ עַד שֶׁיִּבְגְּרוּ. <small> הַגָּה: אֲפִלּוּ לֹא נִכְתַּב </small> <small> בַּכְּתֻבָּה, אוֹ אֲפִלּוּ אֵין לָהּ כְּתֻבָּה וּבְמָקוֹם שֶׁאֵין כּוֹתְבִין כְּתֻבָּה </small> <small><small>(טוּר)</small>. </small> <small> וְיֵשׁ אוֹמְרִים דַּאֲפִלּוּ בְּמָקוֹם שֶׁכּוֹתְבִין כְּתֻבָּה וְאֵין לָהֶם שְׁטַר כְּתֻבָּה, וַאֲפִלּוּ מָחֲלָה אִמָּם כְּתֻבָּתָהּ בְּפֵרוּשׁ, יֵשׁ </small> <small> לַבָּנוֹת מְזוֹנוֹת </small> <small><small>(הָרַאֲבַ''ד פֶּרֶק י''ט דְּאִשּׁוּת)</small>. </small> <small> וְכֵן אִם נִתְגָּרְשָׁה הָאֵם, אֲפִלּוּ הָכִי חַיָּב בִּמְזוֹנוֹת הַבָּנוֹת: </small> \n", 
            "links": [
                {
                    "category": "Halakhah", 
                    "sourceHeRef": "בית שמואל קי״ב:א׳", 
                    "index_title": "Beit Shmuel", 
                    "sourceRef": "Beit Shmuel 112:1"
                }, 
                {
                    "category": "Halakhah", 
                    "sourceHeRef": "בית שמואל קי״ב:ב׳", 
                    "index_title": "Beit Shmuel", 
                    "sourceRef": "Beit Shmuel 112:2"
                }, 
                {
                    "category": "Halakhah", 
                    "sourceHeRef": "בית שמואל קי״ב:ג׳", 
                    "index_title": "Beit Shmuel", 
                    "sourceRef": "Beit Shmuel 112:3"
                }, 
                {
                    "category": "Halakhah", 
                    "sourceHeRef": "בית שמואל קי״ב:ד׳", 
                    "index_title": "Beit Shmuel", 
                    "sourceRef": "Beit Shmuel 112:4"
                }, 
                {
                    "category": "Halakhah", 
                    "sourceHeRef": "באר היטב אבן העזר קי״ב:א׳", 
                    "index_title": "Be'er Hetev on Shulchan Arukh, Even HaEzer", 
                    "sourceRef": "Be'er Hetev on Shulchan Arukh, Even HaEzer 112:1"
                }, 
                {
                    "category": "Halakhah", 
                    "sourceHeRef": "באר היטב אבן העזר קי״ב:ב׳", 
                    "index_title": "Be'er Hetev on Shulchan Arukh, Even HaEzer", 
                    "sourceRef": "Be'er Hetev on Shulchan Arukh, Even HaEzer 112:2"
                }, 
                {
                    "category": "Halakhah", 
                    "sourceHeRef": "באר היטב אבן העזר קי״ב:ג׳", 
                    "index_title": "Be'er Hetev on Shulchan Arukh, Even HaEzer", 
                    "sourceRef": "Be'er Hetev on Shulchan Arukh, Even HaEzer 112:3"
                }, 
                {
                    "category": "Halakhah", 
                    "sourceHeRef": "חלקת מחוקק קי״ב:א׳", 
                    "index_title": "Chelkat Mechokek", 
                    "sourceRef": "Chelkat Mechokek 112:1"
                }, 
                {
                    "category": "Halakhah", 
                    "sourceHeRef": "חלקת מחוקק קי״ב:ב׳", 
                    "index_title": "Chelkat Mechokek", 
                    "sourceRef": "Chelkat Mechokek 112:2"
                }, 
                {
                    "category": "Halakhah", 
                    "sourceHeRef": "חלקת מחוקק קי״ב:ג׳", 
                    "index_title": "Chelkat Mechokek", 
                    "sourceRef": "Chelkat Mechokek 112:3"
                }, 
                {
                    "category": "Halakhah", 
                    "sourceHeRef": "חלקת מחוקק קי״ב:ד׳", 
                    "index_title": "Chelkat Mechokek", 
                    "sourceRef": "Chelkat Mechokek 112:4"
                }, 
                {
                    "category": "Halakhah", 
                    "sourceHeRef": "חלקת מחוקק קי״ב:ה׳", 
                    "index_title": "Chelkat Mechokek", 
                    "sourceRef": "Chelkat Mechokek 112:5"
                }
            ], 
            "text": "Among the [automatic] conditions of the ketuba is that daughters shall be fed from the estate of the father after his death, until they are engaged (with kiddushin) or until they reach the age of majority.    Note: [This rule holds] even if it was not explicitly written in the ketuba, or even if there is no ketuba, as in a place where ketubot are not written (Tur). Some say that even in a place where ketubot are written and they do not have the ketuba document, and even if the mother explicitly relinquished her financial rights in the ketuba, the daughters still receive food (Ra\"avad to Hilchot Ishut Chapter 19).  Similarly, if the mother was divorced, even so the father is required to feed the daughters.  "
        }, 
        {
            "segmentNumber": "2", 
            "he": "בַּת הַנִּזּוֹנֵית מִנִּכְסֵי אָבִיהָ לְאַחַר מוֹתוֹ, מַעֲשֵׂה יָדֶיהָ וּמְצִיאָתָהּ לְעַצְמָהּ: \n", 
            "links": [
                {
                    "category": "Halakhah", 
                    "sourceHeRef": "בית שמואל קי״ב:ה׳", 
                    "index_title": "Beit Shmuel", 
                    "sourceRef": "Beit Shmuel 112:5"
                }, 
                {
                    "category": "Halakhah", 
                    "sourceHeRef": "חלקת מחוקק קי״ב:ו׳", 
                    "index_title": "Chelkat Mechokek", 
                    "sourceRef": "Chelkat Mechokek 112:6"
                }
            ], 
            "text": "A daughter who is being fed from the estate of her father after his death, the fruit of her labor and found items belong to her. "
        }, 
        {
            "segmentNumber": "3", 
            "he": "נִתְאָרְסָה בְּעוֹדָהּ קְטַנָּה, אִבְּדָה מְזוֹנוֹת מִן הָאַחִין וְהָאָרוּס חַיָּב בִּמְזוֹנוֹתֶיהָ. <small> הַגָּה: וְיֵשׁ אוֹמְרִים דְּלֹא אִבְּדָה מְזוֹנוֹת אֶלָּא כְּשֶׁתִּתְאָרֵס מִשֶּׁהִיא נַעֲרָה </small> <small><small>(כֵּן כָּתַב הַמַּגִּיד מִשְׁנֶה פֶּרֶק י''ט בְּשֵׁם ר''ח וְהָרַשְׁבָּ''א)</small>. </small> <small> וְיֵשׁ אוֹמְרִים דַּוְקָא שֶׁנִּתְאָרְסָה מֵעַצְמָהּ, אֲבָל נִתְאָרְסָה מִדַּעַת אַחֶיהָ לֹא אִבְּדָה מְזוֹנוֹת </small> <small><small>(טוּר בְּשֵׁם הָרְמַ''ה)</small>: </small> \n", 
            "links": [
                {
                    "category": "Halakhah", 
                    "sourceHeRef": "בית שמואל קי״ב:ו׳", 
                    "index_title": "Beit Shmuel", 
                    "sourceRef": "Beit Shmuel 112:6"
                }, 
                {
                    "category": "Halakhah", 
                    "sourceHeRef": "בית שמואל קי״ב:ז׳", 
                    "index_title": "Beit Shmuel", 
                    "sourceRef": "Beit Shmuel 112:7"
                }, 
                {
                    "category": "Halakhah", 
                    "sourceHeRef": "בית שמואל קי״ב:ח׳", 
                    "index_title": "Beit Shmuel", 
                    "sourceRef": "Beit Shmuel 112:8"
                }, 
                {
                    "category": "Halakhah", 
                    "sourceHeRef": "באר היטב אבן העזר קי״ב:ד׳", 
                    "index_title": "Be'er Hetev on Shulchan Arukh, Even HaEzer", 
                    "sourceRef": "Be'er Hetev on Shulchan Arukh, Even HaEzer 112:4"
                }, 
                {
                    "category": "Halakhah", 
                    "sourceHeRef": "חלקת מחוקק קי״ב:ז׳", 
                    "index_title": "Chelkat Mechokek", 
                    "sourceRef": "Chelkat Mechokek 112:7"
                }, 
                {
                    "category": "Halakhah", 
                    "sourceHeRef": "חלקת מחוקק קי״ב:ח׳", 
                    "index_title": "Chelkat Mechokek", 
                    "sourceRef": "Chelkat Mechokek 112:8"
                }, 
                {
                    "category": "Halakhah", 
                    "sourceHeRef": "חלקת מחוקק קי״ב:ט׳", 
                    "index_title": "Chelkat Mechokek", 
                    "sourceRef": "Chelkat Mechokek 112:9"
                }
            ], 
            "text": "If she was betrothed while still a minor, she loses her food support from her brothers, and the groom is liable for her sustenance. Rama: Some authorities say that she does not lose food support unless betrothed from the time of reaching maidenhood (between 12 and 12.5 years old) (so writes Magid Mishna chapter 19 in the name of Rabbenu Chananel and Rashba). Some authorities qualify the rule (of a minor losing food support) by applying it only when she betrothed herself, but if she was betrothed with the knowledge of her brothers, she does not lose food support (Tur in the name of Ramah)."
        }, 
        {
            "segmentNumber": "4", 
            "he": " נִשֵּׂאת הַבַּת, אוֹ מֵאֲנָה אוֹ נִתְגָּרְשָׁה אוֹ נִתְאַלְמְנָה, אֲפִלּוּ הִיא שׁוֹמֶרֶת יָבָם, הוֹאִיל וְחָזְרָה לְבֵית אָבִיהָ וַעֲדַיִן לֹא בָּגְרָה, הֲרֵי זוֹ נִזּוֹנֵית מִנִּכְסֵי אָבִיהָ עַד שֶׁתִּבְגַּר אוֹ עַד שֶׁתִּתְאָרֵס. <small> הַגָּה: וְיֵשׁ אוֹמְרִים דַּוְקָא מִן הָאֵרוּסִין, אֲבָל מִשֶּׁנִּשֵּׂאת שׁוּב אֵין לָהּ מְזוֹנוֹת </small> <small><small>(טוּר)</small>. </small> <small> וְיֵשׁ אוֹמְרִים עוֹד, דַּוְקָא בְּחַיֵּי </small> <small> אָבִיהָ, דִּכְשֶׁמֵּת אָבִיהָ הָיְתָה בִּרְשׁוּתוֹ, אֲבָל לְאַחַר מִיתַת אָבִיהָ אִבְּדָה מְזוֹנוֹת מִיָּד שֶׁנִּתְאָרְסָה </small> <small><small>(טוּר בְּשֵׁם הָרֹא''שׁ)</small>, </small> <small> וְכֵן נִרְאֶה עִקָּר: </small> \n", 
            "links": [
                {
                    "category": "Halakhah", 
                    "sourceHeRef": "בית שמואל קי״ב:ט׳", 
                    "index_title": "Beit Shmuel", 
                    "sourceRef": "Beit Shmuel 112:9"
                }, 
                {
                    "category": "Halakhah", 
                    "sourceHeRef": "באר היטב אבן העזר קי״ב:ה׳", 
                    "index_title": "Be'er Hetev on Shulchan Arukh, Even HaEzer", 
                    "sourceRef": "Be'er Hetev on Shulchan Arukh, Even HaEzer 112:5"
                }, 
                {
                    "category": "Halakhah", 
                    "sourceHeRef": "באר היטב אבן העזר קי״ב:ו׳", 
                    "index_title": "Be'er Hetev on Shulchan Arukh, Even HaEzer", 
                    "sourceRef": "Be'er Hetev on Shulchan Arukh, Even HaEzer 112:6"
                }, 
                {
                    "category": "Halakhah", 
                    "sourceHeRef": "חלקת מחוקק קי״ב:י׳", 
                    "index_title": "Chelkat Mechokek", 
                    "sourceRef": "Chelkat Mechokek 112:10"
                }, 
                {
                    "category": "Halakhah", 
                    "sourceHeRef": "חלקת מחוקק קי״ב:י״א", 
                    "index_title": "Chelkat Mechokek", 
                    "sourceRef": "Chelkat Mechokek 112:11"
                }
            ], 
            "text": "A daughter was married, and either refused, or was divorced, or was widowed, even if she is a <i>yivama</i>. Since she returns to her fathers house and has not yet grown up [past the age of 12 1/2], she feeds from her father's possessions until she grows up or until she is engaged. Rem\"a: And some say specifically [if she refused/was divorced/was widowed] from the engagement [does she feed from her father's possessions], but if [she refused/was divorced/was widowed] from marriage, she no longer has food [from her father] (Tur). And some say further that specifically in her father's life, since when her father died she was in his authority, but after her father dies, she loses the food immediately since she is engaged (Tur in the name of the Rosh). And this is the main [law]."
        }, 
        {
            "segmentNumber": "5", 
            "he": "יִבֵּם אֵשֶׁת אָחִיו וְיָלְדָה לוֹ בַּת, אִם לֹא הָיָה לְאָחִיו נְכָסִים, הַבַּת נִזּוֹנֶת מִנִּכְסֵי אָבִיהָ. אֲבָל אִם הָיוּ לְאָחִיו נְכָסִים, וְכֵן בַּת שְׁנִיָּה וְכֵן בַּת אֲנוּסָתוֹ אֲפִלּוּ נוֹלְדוּ לוֹ אַחַר שֶׁנְּשָׂאָהּ, וְכֵן בַּת אֲרוּסָתוֹ שֶׁנּוֹלְדָה לוֹ בְּעוֹדָהּ אֲרוּסָה וְאַחַר כָּךְ נְשָׂאָהּ, אֵין לָהֶן מְזוֹנוֹת אַחַר מִיתַת אֲבִיהֶן, אֲבָל בְּחַיָּיו הוּא חַיָּב בִּמְזוֹנוֹתָן כְּדִין שְׁאָר הַבָּנִים וְהַבָּנוֹת בְּחַיֵּי אֲבִיהֶן: \n", 
            "links": [
                {
                    "category": "Halakhah", 
                    "sourceHeRef": "בית שמואל קי״ב:י׳", 
                    "index_title": "Beit Shmuel", 
                    "sourceRef": "Beit Shmuel 112:10"
                }, 
                {
                    "category": "Halakhah", 
                    "sourceHeRef": "בית שמואל קי״ב:י״א", 
                    "index_title": "Beit Shmuel", 
                    "sourceRef": "Beit Shmuel 112:11"
                }, 
                {
                    "category": "Halakhah", 
                    "sourceHeRef": "בית שמואל קי״ב:י״ב", 
                    "index_title": "Beit Shmuel", 
                    "sourceRef": "Beit Shmuel 112:12"
                }, 
                {
                    "category": "Halakhah", 
                    "sourceHeRef": "בית שמואל קי״ב:י״ג", 
                    "index_title": "Beit Shmuel", 
                    "sourceRef": "Beit Shmuel 112:13"
                }, 
                {
                    "category": "Halakhah", 
                    "sourceHeRef": "באר היטב אבן העזר קי״ב:ז׳", 
                    "index_title": "Be'er Hetev on Shulchan Arukh, Even HaEzer", 
                    "sourceRef": "Be'er Hetev on Shulchan Arukh, Even HaEzer 112:7"
                }, 
                {
                    "category": "Halakhah", 
                    "sourceHeRef": "חלקת מחוקק קי״ב:י״ב", 
                    "index_title": "Chelkat Mechokek", 
                    "sourceRef": "Chelkat Mechokek 112:12"
                }, 
                {
                    "category": "Halakhah", 
                    "sourceHeRef": "חלקת מחוקק קי״ב:י״ג", 
                    "index_title": "Chelkat Mechokek", 
                    "sourceRef": "Chelkat Mechokek 112:13"
                }, 
                {
                    "category": "Halakhah", 
                    "sourceHeRef": "חלקת מחוקק קי״ב:י״ד", 
                    "index_title": "Chelkat Mechokek", 
                    "sourceRef": "Chelkat Mechokek 112:14"
                }, 
                {
                    "category": "Halakhah", 
                    "sourceHeRef": "חלקת מחוקק קי״ב:ט״ו", 
                    "index_title": "Chelkat Mechokek", 
                    "sourceRef": "Chelkat Mechokek 112:15"
                }
            ], 
            "text": "If a man performed levirate marriage with his sister-in-law and she gave birth to a daughter, if the other brother's have no assets, the daughter is fed from her father's estate.  If, however, the brothers do have assets, or if the daughter was produced by a rabbinically forbidden union or as the product of rape, even if she was born after they married, or the daughter of his betrothed who was born while they were still betrothed and they subsequently wed, she is not supported after her father died, but during his lifetime he must sustain them like any other sons and daughters during the father's lifetime."
        }, 
        {
            "segmentNumber": "6", 
            "he": "פּוֹסְקִין לַבַּת מְזוֹנוֹת וּכְסוּת וּמָדוֹר מִנִּכְסֵי אָבִיהָ, כְּדֶרֶךְ שֶׁפּוֹסְקִין לְאַלְמָנָה. וּמוֹכְרִין לִמְזוֹן הַבָּנוֹת וּכְסוּתָן בְּלֹא הַכְרָזָה, כְּדֶרֶךְ שֶׁמּוֹכְרִין לִמְזוֹן הָאַלְמָנָה וּכְסוּתָהּ; אֶלָּא שֶׁהָאִשָּׁה פּוֹסְקִין לָהּ לְפִי כְּבוֹדָהּ וּכְבוֹד בַּעֲלָהּ, וְלַבַּת פּוֹסְקִין לָהּ דָּבָר הַמַּסְפִּיק לָהּ בִּלְבַד. וְאֵין הַבָּנוֹת נִשְׁבָּעוֹת: \n", 
            "links": [
                {
                    "category": "Halakhah", 
                    "sourceHeRef": "בית שמואל קי״ב:י״ד", 
                    "index_title": "Beit Shmuel", 
                    "sourceRef": "Beit Shmuel 112:14"
                }, 
                {
                    "category": "Halakhah", 
                    "sourceHeRef": "בית שמואל קי״ב:ט״ו", 
                    "index_title": "Beit Shmuel", 
                    "sourceRef": "Beit Shmuel 112:15"
                }, 
                {
                    "category": "Halakhah", 
                    "sourceHeRef": "באר היטב אבן העזר קי״ב:ח׳", 
                    "index_title": "Be'er Hetev on Shulchan Arukh, Even HaEzer", 
                    "sourceRef": "Be'er Hetev on Shulchan Arukh, Even HaEzer 112:8"
                }, 
                {
                    "category": "Halakhah", 
                    "sourceHeRef": "באר היטב אבן העזר קי״ב:ט׳", 
                    "index_title": "Be'er Hetev on Shulchan Arukh, Even HaEzer", 
                    "sourceRef": "Be'er Hetev on Shulchan Arukh, Even HaEzer 112:9"
                }, 
                {
                    "category": "Halakhah", 
                    "sourceHeRef": "חלקת מחוקק קי״ב:ט״ז", 
                    "index_title": "Chelkat Mechokek", 
                    "sourceRef": "Chelkat Mechokek 112:16"
                }
            ], 
            "text": "A daughter is supplied with food, clothing and shelter from her father's assets in the same manner that a widow is supplied.  [The court] sells [assets] for the daughters' food and clothing without first announcing the sale, in the same manner that assets are sold to feed and clothe a widow.  They differ only in that a wife is suppled in a manner that is dignified for her and her husband, and a daughter is given what she needs.  Daughters need not swear [in order to collect their sustenance]."
        }, 
        {
            "segmentNumber": "7", 
            "he": "עַכְשָׁו שֶׁכְּתֻבָּה נִגְבֵּית אֲפִלּוּ מִמִּטַּלְטְלִין, גַּם הַבָּנוֹת נִזּוֹנוֹת מֵהֶם. וְאֵינָם נִזּוֹנוֹת אֶלָּא מִבְּנֵי חָרֵי, אֲבָל לֹא מִמְּשַׁעְבְּדֵי, כְּגוֹן אִם מָכַר הָאָב אוֹ נָתַן הָאָב בְּמַתְּנַת בָּרִיא אוֹ אִם הַבָּנִים אַחַר מִיתַת אֲבִיהֶם מָכְרוּ אוֹ מִשְׁכְּנוּ אוֹ נָתְנוּ, אֵינָן נִזּוֹנוֹת מֵהֶן: \n", 
            "links": [
                {
                    "category": "Halakhah", 
                    "sourceHeRef": "בית שמואל קי״ב:ט״ז", 
                    "index_title": "Beit Shmuel", 
                    "sourceRef": "Beit Shmuel 112:16"
                }, 
                {
                    "category": "Halakhah", 
                    "sourceHeRef": "באר היטב אבן העזר קי״ב:י׳", 
                    "index_title": "Be'er Hetev on Shulchan Arukh, Even HaEzer", 
                    "sourceRef": "Be'er Hetev on Shulchan Arukh, Even HaEzer 112:10"
                }, 
                {
                    "category": "Halakhah", 
                    "sourceHeRef": "באר היטב אבן העזר קי״ב:י״א", 
                    "index_title": "Be'er Hetev on Shulchan Arukh, Even HaEzer", 
                    "sourceRef": "Be'er Hetev on Shulchan Arukh, Even HaEzer 112:11"
                }, 
                {
                    "category": "Halakhah", 
                    "sourceHeRef": "חלקת מחוקק קי״ב:י״ז", 
                    "index_title": "Chelkat Mechokek", 
                    "sourceRef": "Chelkat Mechokek 112:17"
                }, 
                {
                    "category": "Halakhah", 
                    "sourceHeRef": "חלקת מחוקק קי״ב:י״ח", 
                    "index_title": "Chelkat Mechokek", 
                    "sourceRef": "Chelkat Mechokek 112:18"
                }
            ], 
            "text": "Nowadays, when ketuba monies are collected even from movables, daughters also receive sustenance support from them. But they receive support only from free and clear chattels, but not from mortgaged chattels. For instance, if the father sold or gave - as a healthy person (i.e. as opposed to a deathbed grant), or if the sons after the death of their father sold or collateralized, or gave [movables to someone else], [the daughters] do not receive sustenance support from those items. "
        }, 
        {
            "segmentNumber": "8", 
            "he": "אֵין הַבָּנוֹת נִזּוֹנוֹת מִמְּשַׁעְבְּדֵי, אֲפִלּוּ קָנוּ מִמֶּנּוּ, וַאֲפִלּוּ הָיוּ בִּשְׁעַת קִנְיָן, כְּגוֹן שֶׁגֵּרְשָׁהּ וְהָיוּ לָהּ בָּנוֹת מִמֶּנּוּ וְהֶחֱזִירָהּ וְקָנוּ מִמֶּנּוּ. וְיֵשׁ מִי שֶׁאוֹמֵר, דְּהָנֵי מִלֵּי כְּשֶׁקָּנוּ מִמֶּנּוּ בִּשְׁעַת נִשּׂוּאִין בִּכְלַל מַה שֶּׁקָּנוּ מִמֶּנּוּ בִּתְנָאֵי כְּתֻבָּה, אֲבָל אִם קָנוּ מִמֶּנּוּ לְאַחַר נִשּׂוּאִין עַל מְזוֹן הַבָּנוֹת, נִזּוֹנוֹת אַף מִמְּשַׁעְבְּדֵי: \n", 
            "links": [
                {
                    "category": "Halakhah", 
                    "sourceHeRef": "בית שמואל קי״ב:י״ז", 
                    "index_title": "Beit Shmuel", 
                    "sourceRef": "Beit Shmuel 112:17"
                }, 
                {
                    "category": "Halakhah", 
                    "sourceHeRef": "בית שמואל קי״ב:י״ח", 
                    "index_title": "Beit Shmuel", 
                    "sourceRef": "Beit Shmuel 112:18"
                }, 
                {
                    "category": "Halakhah", 
                    "sourceHeRef": "באר היטב אבן העזר קי״ב:י״ב", 
                    "index_title": "Be'er Hetev on Shulchan Arukh, Even HaEzer", 
                    "sourceRef": "Be'er Hetev on Shulchan Arukh, Even HaEzer 112:12"
                }, 
                {
                    "category": "Halakhah", 
                    "sourceHeRef": "חלקת מחוקק קי״ב:י״ט", 
                    "index_title": "Chelkat Mechokek", 
                    "sourceRef": "Chelkat Mechokek 112:19"
                }, 
                {
                    "category": "Halakhah", 
                    "sourceHeRef": "חלקת מחוקק קי״ב:כ׳", 
                    "index_title": "Chelkat Mechokek", 
                    "sourceRef": "Chelkat Mechokek 112:20"
                }
            ], 
            "text": "Daughters may not be fed from funds against which there is a lien, even if they bought from him, even at the moment of acquisition, e.g. where she was divorced and she had daughters from that husband and he took her back, and they bought from him.  And some say, this is only when they bought from him at the moment of marriage, such that what they bought from him was under a condition in the ketubah, but if they bought from him after the marriage for the feeding of the daughters, they may be fed even from funds against which there is a lien."
        }, 
        {
            "segmentNumber": "9", 
            "he": "אִם פָּסַק עִם הָאִשָּׁה שֶׁיִּתְפַּרְנְסוּ הַבָּנוֹת אַף אַחַר שֶׁיִּבְגְּרוּ, נִזּוֹנוֹת מִמְּשַׁעְבְּדֵי: \n", 
            "links": [
                {
                    "category": "Halakhah", 
                    "sourceHeRef": "בית שמואל קי״ב:י״ט", 
                    "index_title": "Beit Shmuel", 
                    "sourceRef": "Beit Shmuel 112:19"
                }, 
                {
                    "category": "Halakhah", 
                    "sourceHeRef": "חלקת מחוקק קי״ב:כ״א", 
                    "index_title": "Chelkat Mechokek", 
                    "sourceRef": "Chelkat Mechokek 112:21"
                }
            ], 
            "text": "If he decided [in agreement] with the wife that he would support the daughters even after they matured, they are supported from property subject to a lien. "
        }, 
        {
            "segmentNumber": "10", 
            "he": "מִי שֶׁצִּוָּה בִּשְׁעַת מִיתָתוֹ: אַל יִזּוֹנוּ בְּנוֹתַי מִנְּכָסַי, אֵין שׁוֹמְעִין לוֹ. וְאִם בִּשְׁעַת נִשּׁוּאִין הִתְנָה שֶׁלֹּא יִזּוֹנוּ מִנְּכָסָיו, הָוֵי בִּכְלַל תְּנַאי שֶׁבְּמָמוֹן, וְקַיָּם: \n", 
            "links": [], 
            "text": "One who commanded at his time of death, \"My daughters shall not be fed using my property,\" we do not listen to him.  If at the time of marriage he made the condition that they would not be fed using his property, it falls under the general rules of conditions relating to money, and is upheld."
        }, 
        {
            "segmentNumber": "11", 
            "he": "מִי שֶׁמֵּת וְהִנִּיחַ בָּנִים וּבָנוֹת, יִירְשׁוּ הַבָּנִים כָּל הַנְּכָסִים וְהֵם זָנִים אַחְיוֹתֵיהֶם עַד שֶׁיִּבְגְּרוּ אוֹ עַד שֶׁיִּתְאָרְסוּ. <small> הַגָּה: וְאֵין מְחַיְּבִים הַבָּנִים לְצַמְצֵם בִּמְזוֹנוֹת, אֶלָּא אִם יִרְצוּ יוֹתִירוּ בִּמְזוֹנוֹת. וּמִכָּל מָקוֹם אִם רוֹאִים בֵּית דִּין שֶׁהַבָּנִים מְכַלִּין הַמָּמוֹן וְאֵין מַשְׁגִּיחִין בְּיִשּׁוּב הָעוֹלָם, חַיָּבִין בֵּית דִּין לְהַשְׁגִּיחַ בְּתִקּוּן הַבָּנוֹת וּלְהַפְרִישׁ לָהֶן חֶלְקָן </small> <small><small>(טוּר)</small>: </small> בַּמֶּה דְבָרִים אֲמוּרִים, כְּשֶׁהִנִּיחַ נְכָסִים שֶׁאֶפְשָׁר שֶׁיִּזּוֹנוּ מֵהֶם הַבָּנִים וְהַבָּנוֹת כְּאֶחָד עַד שֶׁיִּבְגְּרוּ הַבָּנוֹת, וְאֵלּוּ הֵם הַנִּקְרָאִים נְכָסִים מְרֻבִּים. אֲבָל אִם אֵין בַּנְּכָסִים שֶׁהִנִּיחַ אֶלָּא פָּחוֹת מִזֶּה, מוֹצִיאִים מֵהֶם מְזוֹנוֹת לַבָּנוֹת עַד שֶׁיִּבְגְּרוּ, וְנוֹתְנִים הַשְּׁאָר לַבָּנִים. וְאִם אֵין שָׁם אֶלָּא כְּדֵי מְזוֹן הַבָּנוֹת בִּלְבַד, נִזּוֹנִים מֵהֶם עַד שֶׁיִּבְגְּרוּ אוֹ עַד שֶׁיִּתְאָרְסוּ, וְהַבָּנִים יִשְׁאֲלוּ עַל הַפְּתָחִים. <small> הַגָּה: וְיֵשׁ אוֹמְרִים דְּאָסוּר לַבָּנִים </small> <small> לִמְכֹּר אֲפִלּוּ נְכָסִים מְרֻבִּים, אִם לֹא שֶׁהוּא לְצֹרֶךְ פִּדְיוֹן שְׁבוּיִים וְכַיּוֹצֵא בָּזֶה; אֲבָל בִּנְכָסִים מוּעָטִים, אֲפִלּוּ בִּכְהַאי גַּוְנָא אָסוּר </small> <small><small>(מָרְדְּכַי פֶּרֶק מִי שֶׁמֵּת)</small>. </small> <small> וְאִם עָבְרוּ וּמָכְרוּ, יִתְבָּאֵר לְקַמָּן סָעִיף י''ד: </small> \n", 
            "links": [
                {
                    "category": "Halakhah", 
                    "sourceHeRef": "בית שמואל קי״ב:כ׳", 
                    "index_title": "Beit Shmuel", 
                    "sourceRef": "Beit Shmuel 112:20"
                }, 
                {
                    "category": "Halakhah", 
                    "sourceHeRef": "בית שמואל קי״ב:כ״א", 
                    "index_title": "Beit Shmuel", 
                    "sourceRef": "Beit Shmuel 112:21"
                }, 
                {
                    "category": "Halakhah", 
                    "sourceHeRef": "בית שמואל קי״ב:כ״ב", 
                    "index_title": "Beit Shmuel", 
                    "sourceRef": "Beit Shmuel 112:22"
                }, 
                {
                    "category": "Halakhah", 
                    "sourceHeRef": "בית שמואל קי״ב:כ״ג", 
                    "index_title": "Beit Shmuel", 
                    "sourceRef": "Beit Shmuel 112:23"
                }, 
                {
                    "category": "Halakhah", 
                    "sourceHeRef": "באר היטב אבן העזר קי״ב:י״ג", 
                    "index_title": "Be'er Hetev on Shulchan Arukh, Even HaEzer", 
                    "sourceRef": "Be'er Hetev on Shulchan Arukh, Even HaEzer 112:13"
                }, 
                {
                    "category": "Halakhah", 
                    "sourceHeRef": "באר היטב אבן העזר קי״ב:י״ד", 
                    "index_title": "Be'er Hetev on Shulchan Arukh, Even HaEzer", 
                    "sourceRef": "Be'er Hetev on Shulchan Arukh, Even HaEzer 112:14"
                }, 
                {
                    "category": "Halakhah", 
                    "sourceHeRef": "באר היטב אבן העזר קי״ב:ט״ו", 
                    "index_title": "Be'er Hetev on Shulchan Arukh, Even HaEzer", 
                    "sourceRef": "Be'er Hetev on Shulchan Arukh, Even HaEzer 112:15"
                }, 
                {
                    "category": "Halakhah", 
                    "sourceHeRef": "באר היטב אבן העזר קי״ב:ט״ז", 
                    "index_title": "Be'er Hetev on Shulchan Arukh, Even HaEzer", 
                    "sourceRef": "Be'er Hetev on Shulchan Arukh, Even HaEzer 112:16"
                }, 
                {
                    "category": "Halakhah", 
                    "sourceHeRef": "חלקת מחוקק קי״ב:כ״ב", 
                    "index_title": "Chelkat Mechokek", 
                    "sourceRef": "Chelkat Mechokek 112:22"
                }, 
                {
                    "category": "Halakhah", 
                    "sourceHeRef": "חלקת מחוקק קי״ב:כ״ג", 
                    "index_title": "Chelkat Mechokek", 
                    "sourceRef": "Chelkat Mechokek 112:23"
                }
            ], 
            "text": "One who dies and leaves behind sons and daughters, the sons inherit all of the property and they feed their sisters until they [the sisters] mature or are married.  Rem\"a:  The sons are not obligated to diminish their payments for food, but if they want, they may give extra.  Nonetheless, if the court sees that the sons are destroying the money and are not paying attention to developing the community, the court is obligated to oversee the welfare of the daughters and separate their portion (Tur).  When does this apply?  When he left behind property that can be used to feed both the sons and the daughters together until the daughters mature, and this is what is called \"plentiful property.\"  However, if there is less property than that, they take from it enough to feed the daughters until they mature, and they give the remainder to the sons.  If there is exactly enough to feed the daughters, they will be fed from it until they mature or marry, and the sons will beg at the doors.  Rem\"a:  There are those who say that the sons are forbidden from selling even plentiful property, unless it is for the need of redeeming captives and the like.  However, regarding scant property, even in such a case it is forbidden [for the sons to sell it] (Mordechai).  If they transgressed and did sell, this will be explained below in paragraph fourteen."
        }, 
        {
            "segmentNumber": "12", 
            "he": "בַּמֶּה דְבָרִים אֲמוּרִים, כְּשֶׁהִנִּיחַ קַרְקַע. אֲבָל אִם לֹא הִנִּיחַ אֶלָּא מִטַּלְטְלִין, אִם הַנְּכָסִים מוּעָטִים יִזּוֹנוּ אֵלּוּ וָאֵלּוּ יַחַד עַד שֶׁיִּכְלוּ, דְּכֵיוָן שֶׁאֵינָן נִזּוֹנוֹת אֶלָּא בְּתַקָּנַת הַגְּאוֹנִים דַּי שֶׁתִּהְיֶינָה כַּבָּנִים וְלֹא שֶׁיָּפֶה כֹּחָן יוֹתֵר מֵהַבָּנִים. וְאִם הִנִּיחַ מִטַּלְטְלִים וּמְקַרְקְעֵי, וְהַמְּקַרְקְעֵי הֵם מוּעָטִים וְעַל יְדֵי הַמִּטַּלְטְלִים יִהְיוּ מְרֻבִּים, יִירְשׁוּ הַבָּנִים. <small> הַגָּה: מִיהוּ, בְּמָקוֹם </small> <small> שֶׁכּוֹתְבִין בִּכְתֻבּוֹת מִטַּלְטְלִין אַגַּב קַרְקַע, אִכָּא לְמֵימַר דְּמִטַּלְטְלִין הָוֵי כְּמוֹ קַרְקַע </small> <small><small>(בֵּית יוֹסֵף)</small>, </small> <small> וּכְמוֹ שֶׁהִתְבָּאֵר לְעֵיל סִימָן קי''א סָעִיף י''ד: </small> \n", 
            "links": [
                {
                    "category": "Halakhah", 
                    "sourceHeRef": "בית שמואל קי״ב:כ״ד", 
                    "index_title": "Beit Shmuel", 
                    "sourceRef": "Beit Shmuel 112:24"
                }, 
                {
                    "category": "Halakhah", 
                    "sourceHeRef": "בית שמואל קי״ב:כ״ה", 
                    "index_title": "Beit Shmuel", 
                    "sourceRef": "Beit Shmuel 112:25"
                }, 
                {
                    "category": "Halakhah", 
                    "sourceHeRef": "בית שמואל קי״ב:כ״ו", 
                    "index_title": "Beit Shmuel", 
                    "sourceRef": "Beit Shmuel 112:26"
                }, 
                {
                    "category": "Halakhah", 
                    "sourceHeRef": "באר היטב אבן העזר קי״ב:י״ז", 
                    "index_title": "Be'er Hetev on Shulchan Arukh, Even HaEzer", 
                    "sourceRef": "Be'er Hetev on Shulchan Arukh, Even HaEzer 112:17"
                }, 
                {
                    "category": "Halakhah", 
                    "sourceHeRef": "חלקת מחוקק קי״ב:כ״ד", 
                    "index_title": "Chelkat Mechokek", 
                    "sourceRef": "Chelkat Mechokek 112:24"
                }, 
                {
                    "category": "Halakhah", 
                    "sourceHeRef": "חלקת מחוקק קי״ב:כ״ה", 
                    "index_title": "Chelkat Mechokek", 
                    "sourceRef": "Chelkat Mechokek 112:25"
                }, 
                {
                    "category": "Halakhah", 
                    "sourceHeRef": "חלקת מחוקק קי״ב:כ״ו", 
                    "index_title": "Chelkat Mechokek", 
                    "sourceRef": "Chelkat Mechokek 112:26"
                }
            ], 
            "text": "In what are things said? when he left land. But when he did not leave anything other than chattel, if the chattel is minimal, these and these should be nourished [off it] together until they (the chattel) are depleted, because since they are only nourished because of an institute of the Gaonim, it is sufficient that they should be like sons, and not that the strength of their claim should be greater than sons. If he left chattel and land, and the land is minimal and through the chattel they would be maximal, the sons should inherit: gloss: however, in a place that they write in marriage document chattel on the back of land, it is [possible] to say that chattel is like land (Bet Yosef), and like it was explained earlier, section 111, article 14:"
        }, 
        {
            "segmentNumber": "13", 
            "he": "הָיוּ מְרֻבִּים בִּשְׁעַת מִיתָה וְנִתְמַעֲטוּ אַחַר כָּךְ, כְּבָר זָכוּ בָּהֶם הַבָּנִים וְיֵשׁ לָהֶם דִּין מְרֻבִּים: \n", 
            "links": [
                {
                    "category": "Halakhah", 
                    "sourceHeRef": "בית שמואל קי״ב:כ״ז", 
                    "index_title": "Beit Shmuel", 
                    "sourceRef": "Beit Shmuel 112:27"
                }
            ], 
            "text": "If the properties were plentiful at the time of the father's death, and subsequently diminished, the sons have already acquired the properties, and we still treat it as a plentiful estate. "
        }, 
        {
            "segmentNumber": "14", 
            "he": "הָיוּ מוּעָטִים בִּשְׁעַת מִיתָה וְנִתְרַבּוּ אַחַר כָּךְ, הַבָּנִים יוֹרְשִׁים אוֹתָם כְּדִין מְרֻבִּים. <small> הַגָּה: וְיֵשׁ אוֹמְרִים אֲפִלּוּ עָמְדוּ כְּבָר בְּדִין וּפָסְקוּ לָהֶם דִּין נְכָסִים מוּעָטִים, כֵּיוָן שֶׁנִּתְרַבּוּ חָזְרוּ לְדִין מְרֻבִּים, וַאֲפִלּוּ חָזְרוּ אַחַר כָּךְ וְנִתְמַעֲטוּ יֵשׁ לָהֶם דִּין נְכָסִים מְרֻבִּים וְנִתְמַעֲטוּ </small> <small><small>(טוּר)</small>. </small> וַאֲפִלּוּ לֹא נִתְרַבּוּ, אִם קָדְמוּ הַבָּנִים וּמָכְרוּ נְכָסִים מוּעָטִים, מִכְרָן קַיָּם, <small> הַגָּה: וְנִדְחוּ הַבָּנוֹת אֲפִלּוּ מִמָּעוֹת </small> <small> שֶׁקִּבְּלוּ מִן הַמֶּקָּח </small> <small><small>(טוּר בְּשֵׁם הָרֹא''שׁ)</small>. </small> <small> וְיֵשׁ אוֹמְרִים דְּדַוְקָא קֹדֶם שֶׁהֶחֱזִיקוּ הַבֵּית דִּין הַבָּנוֹת בַּנְּכָסִים </small> <small><small>(טוּר בְּשֵׁם רַשִׁ''י וְהָרֹא''שׁ)</small>: </small> \n", 
            "links": [
                {
                    "category": "Halakhah", 
                    "sourceHeRef": "בית שמואל קי״ב:כ״ח", 
                    "index_title": "Beit Shmuel", 
                    "sourceRef": "Beit Shmuel 112:28"
                }, 
                {
                    "category": "Halakhah", 
                    "sourceHeRef": "בית שמואל קי״ב:כ״ט", 
                    "index_title": "Beit Shmuel", 
                    "sourceRef": "Beit Shmuel 112:29"
                }, 
                {
                    "category": "Halakhah", 
                    "sourceHeRef": "בית שמואל קי״ב:ל׳", 
                    "index_title": "Beit Shmuel", 
                    "sourceRef": "Beit Shmuel 112:30"
                }, 
                {
                    "category": "Halakhah", 
                    "sourceHeRef": "באר היטב אבן העזר קי״ב:י״ח", 
                    "index_title": "Be'er Hetev on Shulchan Arukh, Even HaEzer", 
                    "sourceRef": "Be'er Hetev on Shulchan Arukh, Even HaEzer 112:18"
                }, 
                {
                    "category": "Halakhah", 
                    "sourceHeRef": "באר היטב אבן העזר קי״ב:י״ט", 
                    "index_title": "Be'er Hetev on Shulchan Arukh, Even HaEzer", 
                    "sourceRef": "Be'er Hetev on Shulchan Arukh, Even HaEzer 112:19"
                }, 
                {
                    "category": "Halakhah", 
                    "sourceHeRef": "חלקת מחוקק קי״ב:כ״ז", 
                    "index_title": "Chelkat Mechokek", 
                    "sourceRef": "Chelkat Mechokek 112:27"
                }, 
                {
                    "category": "Halakhah", 
                    "sourceHeRef": "חלקת מחוקק קי״ב:כ״ח", 
                    "index_title": "Chelkat Mechokek", 
                    "sourceRef": "Chelkat Mechokek 112:28"
                }, 
                {
                    "category": "Halakhah", 
                    "sourceHeRef": "חלקת מחוקק קי״ב:כ״ט", 
                    "index_title": "Chelkat Mechokek", 
                    "sourceRef": "Chelkat Mechokek 112:29"
                }, 
                {
                    "category": "Halakhah", 
                    "sourceHeRef": "חלקת מחוקק קי״ב:ל״א", 
                    "index_title": "Chelkat Mechokek", 
                    "sourceRef": "Chelkat Mechokek 112:31"
                }
            ], 
            "text": "If the estate was small at the time of the father's death, and then increased to become plentiful, the sons inherit the estate as in the case of an estate that was plentiful from the start.  Rama: Some say that even if the case had already come before court and it ruled to treat the case as a small estate, since the properties have increased, they have changed to a case of plentiful properties, and even if they subsequently decreased in value, they have the law of a plentiful estate which had diminished [in which the sons inherit, as above] (Tur).  Mechaber: Even if they did not become plentiful, if the sons acted prior to judgment and sold a small estate, the sale is valid (Tur in the name of Rosh). Some say that this last rule applies only when they sold before the court placed the daughters in possession of the properties (Tur in the name of Rashi and Rosh)."
        }, 
        {
            "segmentNumber": "15", 
            "he": "הָיוּ הַנְּכָסִים מְרֻבִּים וְיֵשׁ עָלָיו חוֹב אוֹ חִיּוּב מְזוֹנוֹת בַּת אִשְׁתּוֹ אוֹ חִיּוּב עִשּׂוּר נְכָסִים לְפַרְנָסַת בִּתּוֹ, וּכְשֶׁיּוֹצִיא אֶחָד מֵאֵלּוּ יִשָּׁאֲרוּ מוּעָטִים, יֵשׁ לָהֶם דִּין מְרֻבִּים. אֲבָל כְּתֻבַּת הָאַלְמָנָה מְמַעֶטֶת וְעוֹשָׂה אוֹתָהּ מוּעָטִים. וּמְזוֹנוֹת הָאַלְמָנָה, יֵשׁ אוֹמְרִים שֶׁמְּמַעֲטִים וְיֵשׁ אוֹמְרִים שֶׁאֵין מְמַעֲטִין: \n", 
            "links": [
                {
                    "category": "Halakhah", 
                    "sourceHeRef": "בית שמואל קי״ב:ל״א", 
                    "index_title": "Beit Shmuel", 
                    "sourceRef": "Beit Shmuel 112:31"
                }, 
                {
                    "category": "Halakhah", 
                    "sourceHeRef": "בית שמואל קי״ב:ל״ב", 
                    "index_title": "Beit Shmuel", 
                    "sourceRef": "Beit Shmuel 112:32"
                }, 
                {
                    "category": "Halakhah", 
                    "sourceHeRef": "בית שמואל קי״ב:ל״ג", 
                    "index_title": "Beit Shmuel", 
                    "sourceRef": "Beit Shmuel 112:33"
                }, 
                {
                    "category": "Halakhah", 
                    "sourceHeRef": "באר היטב אבן העזר קי״ב:כ׳", 
                    "index_title": "Be'er Hetev on Shulchan Arukh, Even HaEzer", 
                    "sourceRef": "Be'er Hetev on Shulchan Arukh, Even HaEzer 112:20"
                }, 
                {
                    "category": "Halakhah", 
                    "sourceHeRef": "חלקת מחוקק קי״ב:ל״ב", 
                    "index_title": "Chelkat Mechokek", 
                    "sourceRef": "Chelkat Mechokek 112:32"
                }, 
                {
                    "category": "Halakhah", 
                    "sourceHeRef": "חלקת מחוקק קי״ב:ל״ג", 
                    "index_title": "Chelkat Mechokek", 
                    "sourceRef": "Chelkat Mechokek 112:33"
                }, 
                {
                    "category": "Halakhah", 
                    "sourceHeRef": "חלקת מחוקק קי״ב:ל״ד", 
                    "index_title": "Chelkat Mechokek", 
                    "sourceRef": "Chelkat Mechokek 112:34"
                }
            ], 
            "text": "If the estate was great and had a lien on it, or an obligation to feed the daughter of his wife or an obligation of enriching the estate for the benefit of his daughter, and when any one of these are paid the remainder is small, it is considered large.  But if the ketubah of the widow has shrunk, she has reduced it.  And the food for the widow, some say that we reduce it and some say that we do not."
        }, 
        {
            "segmentNumber": "16", 
            "he": "הִנִּיחַ אַלְמָנָה וּבַת מִמֶּנָּה אוֹ מֵאִשָּׁה אַחֶרֶת, וְאֵין בַּנְּכָסִים כְּדֵי שֶׁיִּזּוֹנוּ שְׁתֵּיהֶם, הָאַלְמָנָה נִזּוֹנֵית וְהַבַּת תִּשְׁאַל עַל הַפְּתָחִים. וְיֵשׁ חוֹלְקִין. כְּמוֹ שֶׁנִּתְבָּאֵר בְּסִימָן צ''ג: \n", 
            "links": [], 
            "text": "If he left a widow and a daughter from her or from another wife, and the estate is insufficient to feed both of them, the widow receives sustenance support, and the daughter needs to beg (lit. ask on doorsteps). Some authorities disagree, as explained in chapter 93."
        }, 
        {
            "segmentNumber": "17", 
            "he": "מְזוֹנוֹת הַבַּת קוֹדֶמֶת לִכְתֻבַּת בְּנִין דִּכְרִין: \n", 
            "links": [
                {
                    "category": "Halakhah", 
                    "sourceHeRef": "חלקת מחוקק קי״ב:ל״ה", 
                    "index_title": "Chelkat Mechokek", 
                    "sourceRef": "Chelkat Mechokek 112:35"
                }
            ], 
            "text": "Sustenance support for the daughters takes precedence over the \"male sons\" clause in the ketuba (whereby male sons inherit their mother's ketuba in advance of splitting the estate with sons of a different wife)."
        }, 
        {
            "segmentNumber": "18", 
            "he": "מִי שֶׁמֵּת וְהִנִּיחַ בָּנוֹת גְּדוֹלוֹת וּקְטַנּוֹת, וְלֹא הִנִּיחַ בֵּן, אֵין אוֹמְרִים: יִזּוֹנוּ הַקְּטַנּוֹת עַד שֶׁיִּבְגְּרוּ וְיַחַלְקוּ שְׁאָר נְכָסִים בְּשָׁוֶה, אֶלָּא כֻּלָּן חוֹלְקוֹת בְּשָׁוֶה: \n", 
            "links": [], 
            "text": "If someone died, leaving adult (older than 12.5 years) and minor children, and there was no son, we do not say that the minor daughters receive sustenance from the estate until they reach the age of majority, and then split the remainder of the estate equally, rather they all split equally [from the outset]."
        }
    ], 
    "book": "Shulchan Arukh, Even HaEzer", 
    "prev": "Shulchan Arukh, Even HaEzer 111", 
    "textDepth": 2, 
    "sectionNames": [
        "Siman", 
        "Se'if"
    ], 
    "sections": [
        112
    ], 
    "isComplex": false, 
    "titleVariants": [
        "Even HaEzer", 
        "EH", 
        "Shulchan Aruch Even HaEzer", 
        "E.H.", 
        "Even Haezer", 
        "Shulchan Aruch, Even HaEzer", 
        "Shulchan Arukh Even HaEzer", 
        "Shulchan Arukh, Even HaEzer"
    ], 
    "categories": [
        "Halakhah", 
        "Shulchan Arukh"
    ], 
    "ref": "Shulchan Arukh, Even HaEzer 112", 
    "type": "Halakhah", 
    "addressTypes": [
        "Integer", 
        "Integer"
    ], 
    "indexTitle": "Shulchan Arukh, Even HaEzer", 
    "heIndexTitle": "אבן העזר", 
    "alts": [], 
    "order": [
        3
    ]
}