{
    "sections": {
        "Kessef Mishneh on Mishneh Torah, Divorce 13:19": {
            "content": [
                {
                    "segmentNumber": "1", 
                    "links": [
                        {
                            "category": "Halakhah", 
                            "index_title": "Mishneh Torah, Divorce", 
                            "sourceHeRef": "משנה תורה, הלכות גירושין י״ג:י״ט", 
                            "sourceRef": "Mishneh Torah, Divorce 13:19"
                        }
                    ], 
                    "he": "<b>ומיום כתיבת הגט מונים למגורשת.</b> כתב הרב המגיד פסק הלכה בפרק כל הגט וטעות סופר שאינו אלא בפרק ב' דגיטין ומ''ש שהוא פסק הלכה כך היא גירסת ספרים אבל בנוסחי דידן אין כתיב בגמרא פסק הלכה והכי איתא בגמרא (דף י''ח) אתמר מאימתי מונין לגט רב אמר משעת נתינה ושמואל אמר משעת כתיבה וכו' ת''כ דרב ות''כ דשמואל ואמרינן בתר הכי רב כהנא ורב פפי ורב אשי עבדי משעת כתיבה רב פפא ורב הונא בריה דרב יהושע עבדי משעת נתינה וכתב הרא''ש רב אלפס לא הביא אלא ת''כ דשמואל וכתב וכן הלכתא ודבריו תמוהים למה פסק כשמואל הא קי''ל הלכתא כרב באיסורי. ועוד דרב פפא ורב הונא בריה דרב יהושע דאינון אמוראי עבדי כרב [ויש ספרים שכתוב בהם והלכתא משעת כתיבה] ומשמע דהרי''ף אינו גורס אותו מאחר שלא כתבו בהלכותיו עכ''ל. ונראה שטעם הרי''ף משום דכיון דרב אשי דבתראה טובא הוא ומאריה דגמ' הוא עביד משעת כתיבה הכי נקטינן וכן פסקו סמ''ג והרשב''א והר''ן והריב''ש וספר א''ח: \n\n"
                }
            ], 
            "heTitle": "כסף משנה על משנה תורה, הלכות גירושין", 
            "indexTitle": "Kessef Mishneh on Mishneh Torah, Divorce", 
            "sectionRef": "Kessef Mishneh on Mishneh Torah, Divorce 13:19", 
            "prev": "Kessef Mishneh on Mishneh Torah, Divorce 13:18", 
            "ref": "Kessef Mishneh on Mishneh Torah, Divorce 13:19", 
            "heRef": "כסף משנה על משנה תורה, הלכות גירושין י״ג:י״ט", 
            "next": "Kessef Mishneh on Mishneh Torah, Divorce 13:24"
        }, 
        "Kessef Mishneh on Mishneh Torah, Divorce 13:18": {
            "content": [
                {
                    "segmentNumber": "1", 
                    "links": [
                        {
                            "category": "Halakhah", 
                            "index_title": "Mishneh Torah, Divorce", 
                            "sourceHeRef": "משנה תורה, הלכות גירושין י״ג:י״ח", 
                            "sourceRef": "Mishneh Torah, Divorce 13:18"
                        }
                    ], 
                    "he": "<b>כל אשה שנתגרשה או שנתאלמנה וכו' ה''ז לא תנשא וכו' להבחין בין זרעו של ראשון וכו'.</b> בפרק החולץ (דף מ''ב) בגמ' יהיב טעמא משום דכתיב להיות לך לאלהים ולזרעך אחריך ופי' רש''י שאין השכינה שורה אלא על הודאים שזרעו מיוחס אחריו: \n\n"
                }
            ], 
            "heTitle": "כסף משנה על משנה תורה, הלכות גירושין", 
            "indexTitle": "Kessef Mishneh on Mishneh Torah, Divorce", 
            "sectionRef": "Kessef Mishneh on Mishneh Torah, Divorce 13:18", 
            "prev": "Kessef Mishneh on Mishneh Torah, Divorce 13:14", 
            "ref": "Kessef Mishneh on Mishneh Torah, Divorce 13:18", 
            "heRef": "כסף משנה על משנה תורה, הלכות גירושין י״ג:י״ח", 
            "next": "Kessef Mishneh on Mishneh Torah, Divorce 13:19"
        }, 
        "Kessef Mishneh on Mishneh Torah, Divorce 13:13": {
            "content": [], 
            "heTitle": "כסף משנה על משנה תורה, הלכות גירושין", 
            "indexTitle": "Kessef Mishneh on Mishneh Torah, Divorce", 
            "sectionRef": "Kessef Mishneh on Mishneh Torah, Divorce 13:13", 
            "prev": "Kessef Mishneh on Mishneh Torah, Divorce 13:12", 
            "ref": "Kessef Mishneh on Mishneh Torah, Divorce 13:13", 
            "heRef": "כסף משנה על משנה תורה, הלכות גירושין י״ג:י״ג", 
            "next": "Kessef Mishneh on Mishneh Torah, Divorce 13:14"
        }, 
        "Kessef Mishneh on Mishneh Torah, Divorce 13:12": {
            "content": [
                {
                    "segmentNumber": "1", 
                    "links": [
                        {
                            "category": "Halakhah", 
                            "index_title": "Mishneh Torah, Divorce", 
                            "sourceHeRef": "משנה תורה, הלכות גירושין י״ג:י״ב", 
                            "sourceRef": "Mishneh Torah, Divorce 13:12"
                        }
                    ], 
                    "he": "<b>המגרש את אשתו ונתקדשה לאחר וכו' ואם החזיר הראשון ובעלה לוקה.</b> בפ' עשרה יוחסין (קדושין ע''א) אמרינן שאם קידש ולא בעל או בעל ולא קידש אינו לוקה ולזה נתכוון רבינו: \n\n"
                }
            ], 
            "heTitle": "כסף משנה על משנה תורה, הלכות גירושין", 
            "indexTitle": "Kessef Mishneh on Mishneh Torah, Divorce", 
            "sectionRef": "Kessef Mishneh on Mishneh Torah, Divorce 13:12", 
            "prev": "Kessef Mishneh on Mishneh Torah, Divorce 12:4", 
            "ref": "Kessef Mishneh on Mishneh Torah, Divorce 13:12", 
            "heRef": "כסף משנה על משנה תורה, הלכות גירושין י״ג:י״ב", 
            "next": "Kessef Mishneh on Mishneh Torah, Divorce 13:14"
        }, 
        "Kessef Mishneh on Mishneh Torah, Divorce 13:11": {
            "content": [], 
            "heTitle": "כסף משנה על משנה תורה, הלכות גירושין", 
            "indexTitle": "Kessef Mishneh on Mishneh Torah, Divorce", 
            "sectionRef": "Kessef Mishneh on Mishneh Torah, Divorce 13:11", 
            "prev": "Kessef Mishneh on Mishneh Torah, Divorce 12:4", 
            "ref": "Kessef Mishneh on Mishneh Torah, Divorce 13:11", 
            "heRef": "כסף משנה על משנה תורה, הלכות גירושין י״ג:י״א", 
            "next": "Kessef Mishneh on Mishneh Torah, Divorce 13:12"
        }, 
        "Kessef Mishneh on Mishneh Torah, Divorce 13:10": {
            "content": [], 
            "heTitle": "כסף משנה על משנה תורה, הלכות גירושין", 
            "indexTitle": "Kessef Mishneh on Mishneh Torah, Divorce", 
            "sectionRef": "Kessef Mishneh on Mishneh Torah, Divorce 13:10", 
            "prev": "Kessef Mishneh on Mishneh Torah, Divorce 12:4", 
            "ref": "Kessef Mishneh on Mishneh Torah, Divorce 13:10", 
            "heRef": "כסף משנה על משנה תורה, הלכות גירושין י״ג:י׳", 
            "next": "Kessef Mishneh on Mishneh Torah, Divorce 13:12"
        }, 
        "Kessef Mishneh on Mishneh Torah, Divorce 13:17": {
            "content": [], 
            "heTitle": "כסף משנה על משנה תורה, הלכות גירושין", 
            "indexTitle": "Kessef Mishneh on Mishneh Torah, Divorce", 
            "sectionRef": "Kessef Mishneh on Mishneh Torah, Divorce 13:17", 
            "prev": "Kessef Mishneh on Mishneh Torah, Divorce 13:14", 
            "ref": "Kessef Mishneh on Mishneh Torah, Divorce 13:17", 
            "heRef": "כסף משנה על משנה תורה, הלכות גירושין י״ג:י״ז", 
            "next": "Kessef Mishneh on Mishneh Torah, Divorce 13:18"
        }, 
        "Kessef Mishneh on Mishneh Torah, Divorce 13:16": {
            "content": [], 
            "heTitle": "כסף משנה על משנה תורה, הלכות גירושין", 
            "indexTitle": "Kessef Mishneh on Mishneh Torah, Divorce", 
            "sectionRef": "Kessef Mishneh on Mishneh Torah, Divorce 13:16", 
            "prev": "Kessef Mishneh on Mishneh Torah, Divorce 13:14", 
            "ref": "Kessef Mishneh on Mishneh Torah, Divorce 13:16", 
            "heRef": "כסף משנה על משנה תורה, הלכות גירושין י״ג:ט״ז", 
            "next": "Kessef Mishneh on Mishneh Torah, Divorce 13:18"
        }, 
        "Kessef Mishneh on Mishneh Torah, Divorce 13:15": {
            "content": [], 
            "heTitle": "כסף משנה על משנה תורה, הלכות גירושין", 
            "indexTitle": "Kessef Mishneh on Mishneh Torah, Divorce", 
            "sectionRef": "Kessef Mishneh on Mishneh Torah, Divorce 13:15", 
            "prev": "Kessef Mishneh on Mishneh Torah, Divorce 13:14", 
            "ref": "Kessef Mishneh on Mishneh Torah, Divorce 13:15", 
            "heRef": "כסף משנה על משנה תורה, הלכות גירושין י״ג:ט״ו", 
            "next": "Kessef Mishneh on Mishneh Torah, Divorce 13:18"
        }, 
        "Kessef Mishneh on Mishneh Torah, Divorce 13:14": {
            "content": [
                {
                    "segmentNumber": "1", 
                    "links": [
                        {
                            "category": "Halakhah", 
                            "index_title": "Mishneh Torah, Divorce", 
                            "sourceHeRef": "משנה תורה, הלכות גירושין י״ג:י״ד", 
                            "sourceRef": "Mishneh Torah, Divorce 13:14"
                        }
                    ], 
                    "he": "<b>ובכלל לאו זה וכו'.</b> כתב הרב המגיד וחכ''א אחד זה ואחד זה אסורה וכו' ומן הסוגיא הזו משמע לכאורה שאם לא נבעלה אין בה לאו אע''פ שנסתרה אחרי קינוי ומה שאמרו במסכת סוטה שאם בא עליה בעלה בדרך לוקה פי' רבינו לוקה מכת מרדות דכל זמן שלא זינתה ודאי אינו לוקה עליה מלקות גמור מספק עכ''ל. ויש לתמוה על זה שהרי רבינו כתב בספ''א מהא''ב המקנא לאשתו ונסתרה ובא עד אחד והעיד שנטמאת והיה בעלה כהן ובא עליה אחר כך הרי זה לוקה עליה משום זונה אע''פ שאין עיקר העדות בע''א כבר הוחזקה בזונה, וכתב ה''ה אע''פ ששנינו ביבמות וחכ''א מה אני מקיים אחרי אשר הוטמאה לרבות סוטה שנסתרה ואמרו שם מאי נסתרה נבעלה וכו' ולמיקם עליה בלאו וכו' ואע''פ כן סבור רבינו שאין ישראל שזינתה תחתיו לוקה על לאו (זה) מפני שעיקר הלאו הוי למחזיר גרושתו אחר שנתארסה או שנשאת לאחר וכו' ואע''פ שחכמים דרשו בו שני דברים מניעת חזרת הגרושה ומניעה לבא אל האשה אחרי אשר הוטמאה וכו' ה''ל לאו שבכללות וכו' ואין לוקין עליו וכו' זהו דעת רבינו ומפני כן לא מנה בכלל מצות הלאוין שלא לבא על אשתו אחר שזינתה ולא חייב עליה מלקות בספר שופטים ולא בשום מקום וכאן כתב בעלה כהן בדוקא וחייב לו מלקות משום זונה ולא משום טומאה עכ''ל. וסתירת הדברים מכאן לשם מבוארת ששם כתב ה''ה שדייק מלשון רבינו שאינו לוקה משום לאו דאחרי אשר הוטמאה וכתב שלא חייב עליה רבינו מלקות בשום מקום ולא זכר שפה כתב בפירוש לוקה עליה משום לאו דאחרי אשר הוטמאה. ועל רבינו קשה דידיה אדידיה שכאן כתב שלוקה עליה ומדייק דבריו בספ''א מהא''ב נראה שאינו לוקה עליה וכן נראה מדהשמיטה בפי''ט מהלכות סנהדרין ולא מנאה בכלל הלאוין שלוקין עליהם וכן נראה שהוא דעתו משום דהוי [לאו] שבכללות וצריך לדחוק ולומר לוקה שכתב כאן היינו מכת מרדות, ויש מי שתירץ דברי רבינו שמ''ש כאן רבינו שלוקה עליה היינו דוקא כשגירשה והחזירה ואחר כך בא עליה כגון מחזיר גרושתו אחר שנתקדשה לאחר וזו אם גירשה והחזירה אף על פי שלא נתקדשה לאחר לוקה עליה דכי אמרינן אחרי אשר הוטמאה לרבות סוטה שנסתרה ארישא דקרא קאי וכתב לה ספר כריתות וכו' לא יוכל בעלה לשוב לקחתה אם היתה לאיש אחר וכן אע''פ שלא היתה לאיש אחר אם הוטמאה תחתיו וגירשה לא יוכל לשוב לקחתה והשתא ניחא דאין זה לאו שבכללות שאין כאן אלא לאו אחד שלא להחזיר גרושתו אם היתה לאיש אחר או אם הוטמאה תחתיו וניחא נמי שלא מנאה בפי''ט מהלכות סנהדרין שאין כאן אלא לאו אחד ובפ''א מהלכות א''ב מיירי כשבא עליה ולא החזירה ומש''ה אינו לוקה אם אינו כהן: \n\n"
                }
            ], 
            "heTitle": "כסף משנה על משנה תורה, הלכות גירושין", 
            "indexTitle": "Kessef Mishneh on Mishneh Torah, Divorce", 
            "sectionRef": "Kessef Mishneh on Mishneh Torah, Divorce 13:14", 
            "prev": "Kessef Mishneh on Mishneh Torah, Divorce 13:12", 
            "ref": "Kessef Mishneh on Mishneh Torah, Divorce 13:14", 
            "heRef": "כסף משנה על משנה תורה, הלכות גירושין י״ג:י״ד", 
            "next": "Kessef Mishneh on Mishneh Torah, Divorce 13:18"
        }, 
        "Kessef Mishneh on Mishneh Torah, Divorce 13:22": {
            "content": [], 
            "heTitle": "כסף משנה על משנה תורה, הלכות גירושין", 
            "indexTitle": "Kessef Mishneh on Mishneh Torah, Divorce", 
            "sectionRef": "Kessef Mishneh on Mishneh Torah, Divorce 13:22", 
            "prev": "Kessef Mishneh on Mishneh Torah, Divorce 13:19", 
            "ref": "Kessef Mishneh on Mishneh Torah, Divorce 13:22", 
            "heRef": "כסף משנה על משנה תורה, הלכות גירושין י״ג:כ״ב", 
            "next": "Kessef Mishneh on Mishneh Torah, Divorce 13:24"
        }, 
        "Kessef Mishneh on Mishneh Torah, Divorce 13:23": {
            "content": [], 
            "heTitle": "כסף משנה על משנה תורה, הלכות גירושין", 
            "indexTitle": "Kessef Mishneh on Mishneh Torah, Divorce", 
            "sectionRef": "Kessef Mishneh on Mishneh Torah, Divorce 13:23", 
            "prev": "Kessef Mishneh on Mishneh Torah, Divorce 13:19", 
            "ref": "Kessef Mishneh on Mishneh Torah, Divorce 13:23", 
            "heRef": "כסף משנה על משנה תורה, הלכות גירושין י״ג:כ״ג", 
            "next": "Kessef Mishneh on Mishneh Torah, Divorce 13:24"
        }, 
        "Kessef Mishneh on Mishneh Torah, Divorce 13:20": {
            "content": [], 
            "heTitle": "כסף משנה על משנה תורה, הלכות גירושין", 
            "indexTitle": "Kessef Mishneh on Mishneh Torah, Divorce", 
            "sectionRef": "Kessef Mishneh on Mishneh Torah, Divorce 13:20", 
            "prev": "Kessef Mishneh on Mishneh Torah, Divorce 13:19", 
            "ref": "Kessef Mishneh on Mishneh Torah, Divorce 13:20", 
            "heRef": "כסף משנה על משנה תורה, הלכות גירושין י״ג:כ׳", 
            "next": "Kessef Mishneh on Mishneh Torah, Divorce 13:24"
        }, 
        "Kessef Mishneh on Mishneh Torah, Divorce 13:21": {
            "content": [], 
            "heTitle": "כסף משנה על משנה תורה, הלכות גירושין", 
            "indexTitle": "Kessef Mishneh on Mishneh Torah, Divorce", 
            "sectionRef": "Kessef Mishneh on Mishneh Torah, Divorce 13:21", 
            "prev": "Kessef Mishneh on Mishneh Torah, Divorce 13:19", 
            "ref": "Kessef Mishneh on Mishneh Torah, Divorce 13:21", 
            "heRef": "כסף משנה על משנה תורה, הלכות גירושין י״ג:כ״א", 
            "next": "Kessef Mishneh on Mishneh Torah, Divorce 13:24"
        }, 
        "Kessef Mishneh on Mishneh Torah, Divorce 13:24": {
            "content": [
                {
                    "segmentNumber": "1", 
                    "links": [
                        {
                            "category": "Halakhah", 
                            "index_title": "Mishneh Torah, Divorce", 
                            "sourceHeRef": "משנה תורה, הלכות גירושין י״ג:כ״ד", 
                            "sourceRef": "Mishneh Torah, Divorce 13:24"
                        }
                    ], 
                    "he": "<b>המארס בתוך צ' יום וכו'.</b> כתב הראב''ד אומר אני מנדין אותו עד שיגרש וכו' ומתני' בבא על יבמתו בתוך שלשה חדשים וכו'. ואיני מבין זה שהרי אמרו בפרק החולץ (דף ל''ט) אהא דתנן כנסה הרי היא כאשתו לכל דבר לומר שמגרשה בגט ומחזירה: \n\n"
                }
            ], 
            "heTitle": "כסף משנה על משנה תורה, הלכות גירושין", 
            "indexTitle": "Kessef Mishneh on Mishneh Torah, Divorce", 
            "sectionRef": "Kessef Mishneh on Mishneh Torah, Divorce 13:24", 
            "prev": "Kessef Mishneh on Mishneh Torah, Divorce 13:19", 
            "ref": "Kessef Mishneh on Mishneh Torah, Divorce 13:24", 
            "heRef": "כסף משנה על משנה תורה, הלכות גירושין י״ג:כ״ד", 
            "next": "Kessef Mishneh on Mishneh Torah, Divorce 13:25"
        }, 
        "Kessef Mishneh on Mishneh Torah, Divorce 13:25": {
            "content": [
                {
                    "segmentNumber": "1", 
                    "links": [
                        {
                            "category": "Halakhah", 
                            "index_title": "Mishneh Torah, Divorce", 
                            "sourceHeRef": "משנה תורה, הלכות גירושין י״ג:כ״ה", 
                            "sourceRef": "Mishneh Torah, Divorce 13:25"
                        }
                    ], 
                    "he": "<b>וכן גזרו חכמים וכו' שמא יזיק הולד בשעת תשמיש שאינו מקפיד וכו'.</b> בפ' החולץ אמרינן דטעמא דלא ישא מעוברת חבירו משום דחסא כלומר שממעכו בשעת תשמיש א''ה דידיה נמי דידיה חייס עילויה ה''נ חייס עילויה ופירש''י שאין אדם מתכוון להרוג הנפש אלא סתם מעוברות למניקה קיימא דילמא איעברה ומיעכר חלבה וקטלה ליה אי הכי דידיה נמי דידיה ממסמסא ליה בביצין וחלב דידה נמי ממסמסא ליה בביצים וחלב לא יהב לה בעל ליתבעינהו ליורשים אמר אביי אשה בושה לבא לב''ד והורגת את בנה, ומאחר דטעמא דדחסא אידחי ואוקימנא דטעמא משום דילמא איעברא ואיעכר חלבא יש לתמוה על רבינו למה השמיט טעמא דמיעכר חלבא דקם ונקט טעמא דדחסא דאידחי וכתב מהר''י קולון שטעמו משום דטעמא דמיעכר חלבא אינו כולל דהא כמה נשים דלא שייך בהו ההוא טעמא כגון צמוקי דדים או מת הולד ומש''ה תלה הטעם בשמא יזיק אשר בו יספיק לכל הנשים עכ''ל. ועדיין קשה למה לו לתפוס הטעם הדחוי אף אם יהיה כולל כיון דאידחי ליה. לכך נ''ל דרבינו לא גריס אלא וטעמא דדחסא לעולם איתיה ואע''ג דאקשי ליה דידה נמי חייס עליה ה''מ לאהדורי ליה דלא חייס כולי האי על דחבריה כדחייס על דידיה וכיון דלא חייס על דחבריה כדחייס על דידיה איכא למיחש דדחיס ליה שלא במתכוין אלא דאהדר ליה לפי דרכו דאפילו תימא דחייס על דחבריה כעל דידיה איכא למיחש דילמא איעברא ומיעכר חלבא והאי טעמא היה צריך לאומרו כדי לתת טעם למינקת חבירו ומש''ה קאמר דשייך נמי במעוברת חבירו אבל לפום קושטא עיקר טעמא דמניקת לא הוי אלא משום דחסא דהא ודאי לא חייס על דחבריה כדחייס על דידיה וכמו שכתבתי: \n\n"
                }
            ], 
            "heTitle": "כסף משנה על משנה תורה, הלכות גירושין", 
            "indexTitle": "Kessef Mishneh on Mishneh Torah, Divorce", 
            "sectionRef": "Kessef Mishneh on Mishneh Torah, Divorce 13:25", 
            "prev": "Kessef Mishneh on Mishneh Torah, Divorce 13:24", 
            "ref": "Kessef Mishneh on Mishneh Torah, Divorce 13:25", 
            "heRef": "כסף משנה על משנה תורה, הלכות גירושין י״ג:כ״ה", 
            "next": "Kessef Mishneh on Mishneh Torah, Divorce 14:16"
        }, 
        "Kessef Mishneh on Mishneh Torah, Divorce 13:9": {
            "content": [], 
            "heTitle": "כסף משנה על משנה תורה, הלכות גירושין", 
            "indexTitle": "Kessef Mishneh on Mishneh Torah, Divorce", 
            "sectionRef": "Kessef Mishneh on Mishneh Torah, Divorce 13:9", 
            "prev": "Kessef Mishneh on Mishneh Torah, Divorce 12:4", 
            "ref": "Kessef Mishneh on Mishneh Torah, Divorce 13:9", 
            "heRef": "כסף משנה על משנה תורה, הלכות גירושין י״ג:ט׳", 
            "next": "Kessef Mishneh on Mishneh Torah, Divorce 13:12"
        }, 
        "Kessef Mishneh on Mishneh Torah, Divorce 13:8": {
            "content": [], 
            "heTitle": "כסף משנה על משנה תורה, הלכות גירושין", 
            "indexTitle": "Kessef Mishneh on Mishneh Torah, Divorce", 
            "sectionRef": "Kessef Mishneh on Mishneh Torah, Divorce 13:8", 
            "prev": "Kessef Mishneh on Mishneh Torah, Divorce 12:4", 
            "ref": "Kessef Mishneh on Mishneh Torah, Divorce 13:8", 
            "heRef": "כסף משנה על משנה תורה, הלכות גירושין י״ג:ח׳", 
            "next": "Kessef Mishneh on Mishneh Torah, Divorce 13:12"
        }, 
        "Kessef Mishneh on Mishneh Torah, Divorce 13:3": {
            "content": [], 
            "heTitle": "כסף משנה על משנה תורה, הלכות גירושין", 
            "indexTitle": "Kessef Mishneh on Mishneh Torah, Divorce", 
            "sectionRef": "Kessef Mishneh on Mishneh Torah, Divorce 13:3", 
            "prev": "Kessef Mishneh on Mishneh Torah, Divorce 12:4", 
            "ref": "Kessef Mishneh on Mishneh Torah, Divorce 13:3", 
            "heRef": "כסף משנה על משנה תורה, הלכות גירושין י״ג:ג׳", 
            "next": "Kessef Mishneh on Mishneh Torah, Divorce 13:12"
        }, 
        "Kessef Mishneh on Mishneh Torah, Divorce 13:2": {
            "content": [], 
            "heTitle": "כסף משנה על משנה תורה, הלכות גירושין", 
            "indexTitle": "Kessef Mishneh on Mishneh Torah, Divorce", 
            "sectionRef": "Kessef Mishneh on Mishneh Torah, Divorce 13:2", 
            "prev": "Kessef Mishneh on Mishneh Torah, Divorce 12:4", 
            "ref": "Kessef Mishneh on Mishneh Torah, Divorce 13:2", 
            "heRef": "כסף משנה על משנה תורה, הלכות גירושין י״ג:ב׳", 
            "next": "Kessef Mishneh on Mishneh Torah, Divorce 13:12"
        }, 
        "Kessef Mishneh on Mishneh Torah, Divorce 13:1": {
            "content": [], 
            "heTitle": "כסף משנה על משנה תורה, הלכות גירושין", 
            "indexTitle": "Kessef Mishneh on Mishneh Torah, Divorce", 
            "sectionRef": "Kessef Mishneh on Mishneh Torah, Divorce 13:1", 
            "prev": "Kessef Mishneh on Mishneh Torah, Divorce 12:4", 
            "ref": "Kessef Mishneh on Mishneh Torah, Divorce 13:1", 
            "heRef": "כסף משנה על משנה תורה, הלכות גירושין י״ג:א׳", 
            "next": "Kessef Mishneh on Mishneh Torah, Divorce 13:12"
        }, 
        "Kessef Mishneh on Mishneh Torah, Divorce 13:7": {
            "content": [], 
            "heTitle": "כסף משנה על משנה תורה, הלכות גירושין", 
            "indexTitle": "Kessef Mishneh on Mishneh Torah, Divorce", 
            "sectionRef": "Kessef Mishneh on Mishneh Torah, Divorce 13:7", 
            "prev": "Kessef Mishneh on Mishneh Torah, Divorce 12:4", 
            "ref": "Kessef Mishneh on Mishneh Torah, Divorce 13:7", 
            "heRef": "כסף משנה על משנה תורה, הלכות גירושין י״ג:ז׳", 
            "next": "Kessef Mishneh on Mishneh Torah, Divorce 13:12"
        }, 
        "Kessef Mishneh on Mishneh Torah, Divorce 13:6": {
            "content": [], 
            "heTitle": "כסף משנה על משנה תורה, הלכות גירושין", 
            "indexTitle": "Kessef Mishneh on Mishneh Torah, Divorce", 
            "sectionRef": "Kessef Mishneh on Mishneh Torah, Divorce 13:6", 
            "prev": "Kessef Mishneh on Mishneh Torah, Divorce 12:4", 
            "ref": "Kessef Mishneh on Mishneh Torah, Divorce 13:6", 
            "heRef": "כסף משנה על משנה תורה, הלכות גירושין י״ג:ו׳", 
            "next": "Kessef Mishneh on Mishneh Torah, Divorce 13:12"
        }, 
        "Kessef Mishneh on Mishneh Torah, Divorce 13:5": {
            "content": [], 
            "heTitle": "כסף משנה על משנה תורה, הלכות גירושין", 
            "indexTitle": "Kessef Mishneh on Mishneh Torah, Divorce", 
            "sectionRef": "Kessef Mishneh on Mishneh Torah, Divorce 13:5", 
            "prev": "Kessef Mishneh on Mishneh Torah, Divorce 12:4", 
            "ref": "Kessef Mishneh on Mishneh Torah, Divorce 13:5", 
            "heRef": "כסף משנה על משנה תורה, הלכות גירושין י״ג:ה׳", 
            "next": "Kessef Mishneh on Mishneh Torah, Divorce 13:12"
        }, 
        "Kessef Mishneh on Mishneh Torah, Divorce 13:4": {
            "content": [], 
            "heTitle": "כסף משנה על משנה תורה, הלכות גירושין", 
            "indexTitle": "Kessef Mishneh on Mishneh Torah, Divorce", 
            "sectionRef": "Kessef Mishneh on Mishneh Torah, Divorce 13:4", 
            "prev": "Kessef Mishneh on Mishneh Torah, Divorce 12:4", 
            "ref": "Kessef Mishneh on Mishneh Torah, Divorce 13:4", 
            "heRef": "כסף משנה על משנה תורה, הלכות גירושין י״ג:ד׳", 
            "next": "Kessef Mishneh on Mishneh Torah, Divorce 13:12"
        }
    }, 
    "ref": "Kessef Mishneh on Mishneh Torah, Divorce 13"
}