{
    "heTitleVariants": [
        " חידושי אגדות על מסכת יבמות"
    ], 
    "heTitle": " חידושי אגדות על מסכת יבמות ע״ד ב", 
    "content": [], 
    "heRef": " חידושי אגדות על מסכת יבמות ע״ד ב", 
    "toSections": [
        "74b"
    ], 
    "sectionRef": "Chidushei Agadot on Yevamot 74b", 
    "title": "Chidushei Agadot on Yevamot 74b", 
    "next": "Chidushei Agadot on Yevamot 76b", 
    "heBook": " חידושי אגדות על מסכת יבמות", 
    "book": "Chidushei Agadot on Yevamot", 
    "prev": "Chidushei Agadot on Yevamot 72a", 
    "textDepth": 2, 
    "sectionNames": [
        "Daf", 
        "Peirush"
    ], 
    "sections": [
        "74b"
    ], 
    "isComplex": false, 
    "titleVariants": [
        "Chidushei Agadot on Yevamot"
    ], 
    "categories": [
        "Commentary2", 
        "Talmud", 
        "Chidushei Agadot"
    ], 
    "ref": "Chidushei Agadot on Yevamot 74b", 
    "type": "Commentary2", 
    "addressTypes": [
        "Talmud", 
        "Integer"
    ], 
    "indexTitle": "Chidushei Agadot on Yevamot", 
    "heIndexTitle": " חידושי אגדות על מסכת יבמות", 
    "alts": [], 
    "order": ""
}