{
    "content": [
        {
            "segmentNumber": "1", 
            "he": " בפרש\"י בד\"ה מת הוא דאינו גט משום דאין גט לאחר מיתה כו' ניתני חלה וכ\"ש מת שאין אונס גדול כו' עכ\"ל וכה\"ג כתבו התוס' אין לדקדק על דבריהם. מאי קאמר ליתני חלה וכ\"ש מת דהא במת בכה\"ג בתנאי דאם לא באתי כו' בלאו הכי אינו גט משום דאין גט לאחר מיתה די\"ל דאיכא לקיומי במעכשיו דאין זה גט לאחר מיתה דהא למפרע מעכשיו מגורשת ואפ\"ה אינו גט משום דיש אונס בגיטין במת מכל שכן בחלה ובזה יתיישב נמי מה שכתבו התוספות בזה דהשתא אכתי לא אסיק אדעתיה למימר ניחא ליה דלא תפול קמי יבם ומה בכך דאי נמי אסיק אדעתיה למימר הכי ולא הוה מת מכ\"ש דחלה הא מ\"מ אינו גט משום דאין גט לאחר מיתה די\"ל במעכשיו איכא נפקותא דאי הוה אסיק אדעתיה למימר לא ניחא ליה דתפול קמי יבם לא הוה מת מכ\"ש דחלה והוה גט ואע\"ג דבהדיא תנא בסיפא גבי מעכשיו דהוי גט לא נחית השתא למידק מידי מסיפא ודו\"ק היטב: "
        }, 
        {
            "segmentNumber": "2", 
            "he": "תוס' בד\"ה לפיכך חלה כו' די\"ל דארוסתו אגידה ביה טפי מיבמתו כו' עכ\"ל ואין לדקדק דהא לדבריהם נמי אית לן למימר הך סברא דארוסתו אגידה ביה טפי דאל\"כ מאי קמיבעיא ליה הכא בארוסתו תפשוט ליה מההוא דיבם דדוקא עמד בדין אבל לא עמד לא די\"ל דלפום דקמבעיא ליה הכא ה\"נ דהכי קמבעיא ליה אי איכא לפלוגי בין עמד בדין ובין לא עמד בדין ודוקא נקט התם עמד בדין ואי ליכא לפלוגי ולאו דוקא נקט התם עמד בדין ואין לדקדק נמי לדברי התוס' רב אשי אמאי לא מוקי לה באונס דחלה הוא ולאחר שהגיע זמן דהא כיון דע\"כ לא נישאו איידי קתני ניחא ליה לאוקמא בפשיטות בלא חלה כלל דחלה נמי דחייב ליתן לה משום דלא חולה היה בהגעת זמן הוא וק\"ל: "
        }, 
        {
            "segmentNumber": "3", 
            "he": "בד\"ה ודלמא כו' ואתא לאשמועינן תרוייהו דיש אונס ואין גט כו' עכ\"ל משום דלפי סברתו דהשתא גט זה פסול מתרי טעמי דהיינו משום דיש אונס ומשום דאין גט לאחר מיתה וכיון דהתנא ודאי דינא אתי לאשמועינן ואנן חד מינייהו נמי לא שמעינן מיניה דבכל חד וחד מינייהו איכא למימר דלא מטעם זה פסול אלא מאידך טעמא ולא ה\"ל למיתני הך בבא כלל דאית ביה תרי פסולי ולא שמעינן מיניה מאיזה טעם הוא פסול וקאמרי דשפיר שמעינן מיניה תרוייהו דאי יש אונס גרידא אתא כו' ומיהו למאי דמסיק לאפוקי מרבותינו ודאי לא שמעינן הך דיש אונס כלל אלא הך דאין גט לאחר מיתה גרידא ודו\"ק: "
        }, 
        {
            "segmentNumber": "4", 
            "links": [
                {
                    "category": "Talmud", 
                    "index_title": "Ketubot", 
                    "sourceHeRef": "כתובות ב׳ ב:כ״ז", 
                    "sourceRef": "Ketubot 2b:27"
                }
            ], 
            "he": "בד\"ה דלמא לאפוקי כו' הא אמרינן אם נשאת הולד כשר ומשום דאין גט כו' עכ\"ל ומיהו אכתי קשה דמאי קאמר רבי יוסי זמנו של שטר מוכיח עליו דלא לחנם נכתב זמנו כו' כפרש\"י הא איכא למימר דנכתב זמנו כדי שיהא גט כשר לכתחלה ויש ליישב דה\"ק (ב) דלא לחנם נכתב זמנו בכה\"ג דאם לא באתי כו' דהוי סגי כשכתוב בו שבוע או שנה או חודש דכשר אף לכתחלה ודו\"ק: "
        }, 
        {
            "segmentNumber": "5", 
            "he": "בד\"ה דלמא מת כו' וי\"ל דבאונס דלא שכיח כלל לא אסיק כו' עכ\"ל לא הוו איצטריכו למימר השתא דאכלו ארי לא הוה שכיח כלל אלא הוה כמו חלה ולא כמת בעלמא דאיכא למימר בזה דמסיק אדעתיה דלא ניחא כו' אלא לקמן שפסקו כלישנא קמא דרבא דחלה נמי לא הוה אונס אע\"ג דלא שכיח הוא ע\"כ אית לן למימר הך דאכלו ארי לא שכיח כלל וג' מיני אונס הן כו' כמ\"ש לקמן וק\"ל: \n"
        }
    ], 
    "heTitle": " חידושי הלכות על מסכת כתובות ב׳ ב", 
    "indexTitle": "Chidushei Halachot on Ketubot", 
    "sectionRef": "Chidushei Halachot on Ketubot 2b", 
    "prev": "Chidushei Halachot on Ketubot 2a", 
    "ref": "Chidushei Halachot on Ketubot 2b", 
    "heRef": " חידושי הלכות על מסכת כתובות ב׳ ב", 
    "next": "Chidushei Halachot on Ketubot 3a"
}