{
    "heTitleVariants": [
        " חידושי הלכות על מסכת כתובות"
    ], 
    "heTitle": " חידושי הלכות על מסכת כתובות נ׳ א", 
    "content": [
        {
            "segmentNumber": "1", 
            "he": "בפרש\"י בד\"ה ובתינוקת כו' י\"ב גופה קאמר דאי בת י\"ב ויום אחד דאורייתא היא כו' עכ\"ל והא דלא פירש כן גבי תינוק דתליסר גופה קאמר דהא י\"ג ויום אחד דאורייתא הוא משום דלא היה כתוב כלל בנוסחות הגמרות שלהם הא דבר תליסר כו' וכ\"ה ברא\"ש וק\"ל: ", 
            "links": [
                {
                    "category": "Quoting Commentary", 
                    "sourceHeRef": "רש\"י על כתובות נ׳ א:ל׳", 
                    "sourceRef": "Rashi on Ketubot 50a:30", 
                    "ref": "Rashi on Ketubot 50a:30"
                }
            ], 
            "text": ""
        }, 
        {
            "segmentNumber": "2", 
            "he": "תוס' בד\"ה שיהא אדם מגלגל כו' בן עשר למשנה לא כו' אלא לגלגל עכ\"ל הוצרכו לזה לתירוץ דאיבעית אימא דהך דמתגלגל עמו עד י\"ב כו' איירי למשנה אבל לתירוץ קמא דספי ליה כתורא לאו היינו יורד עמו לחייו ומתוקמא שפיר הך דמתגלגל עד י\"ב ומכאן ואילך יורד כו' נמי למקרא ואיכא לאוקמא שפיר הך דבן עשר למשנה היינו למספי ליה אבל ליכא למימר לתירוץ קמא דהך דספי ליה כי תורא איירי נמי למשנה דאם כן היאך מתוקמא הך דבן עשר למשנה דלא שייך גלגול בתר למספי וכן מוכח מדבריהם שכתבו לתירוץ קמא דבן ה' למקרא היינו לגלגל כו' ודו\"ק: ", 
            "links": [], 
            "text": ""
        }, 
        {
            "segmentNumber": "3", 
            "he": "בד\"ה וספי ליה כי כו' והא דתנן כו' בן ה' למקרא היינו לגלגל כו' עכ\"ל בלאו הך אוקימתא אהך גופה דבר שית ספי ליה כו' נמי ע\"כ דלא מתוקמא הך דבן חמש למקרא אלא לגלגל אלא דהשתא צריכין לדחוקי טפי דאיכא ג' חלוקית בדבר לגלגל ולמספי ולירד עמו לחייו דהיינו לגלגל מבן ה' ולמספי מבר שית ומי\"ב לירד לחייו ודו\"ק: ", 
            "links": [
                {
                    "category": "Talmud", 
                    "sourceHeRef": "כתובות נ׳ א:ס״ז", 
                    "sourceRef": "Ketubot 50a:67", 
                    "ref": "Ketubot 50a:67"
                }
            ], 
            "text": ""
        }, 
        {
            "segmentNumber": "4", 
            "he": "בד\"ה הבעל מוציא כו' א\"נ דכתב כו' אין לי בפירות נכסייך כו' אבל אם כתב כו' אין לי בנכסייך ובפירותיהן כו' עכ\"ל הכי מתנייא התם ברישא גבי אין לי בנכסייך דאם מכרה ונתנה קיים ומשמע להו דמכל שכן בסיפא אין לי בנכסייך ובפירותיהן (דלא) [דאם] מכרה ונתנה קיים וכ\"ה בהדיא ברא\"ש שכתב וכן בבבא מציעתא לא חזר ושנה אם מכרה ונתנה קיים לפי שגם בבבא ראשונה הדין כן כו' ע\"ש ובאין לי בנכסייך כבבבא דרישא פסיקא להו דא\"נ אין מכרה קיים ליכא לאוקמא הכא לר\"י דכיון דיש לו פירות בבבא דרישא אמאי קאמר דהתקינו דוקא במתה הבעל מוציא מיד הלקוחות בחייה נמי יהא מוציא מיד הלקוחות לפירותיו כיון דקנין פירות כקנין הגוף דמי אין לחלק בין חייה למותה אבל לר\"ל ניחא דאע\"ג דיש לבעל פירות בנכסי מלוג מ\"מ כיון דאינו כקנין הגוף אם מכרה אותן מכרה קיים ולא תקנו שיוציא אותן הבעל אלא לאחר מיתה שעשו אותו כלוקח ראשון וכה\"ג אשכחן במזונות הבנות שיש להן מן הבנים אם מכרו או משכנו אין מוציאין למזונות אבל התוס' בפרק החובל כתבו לקיים דלר\"י אצטריך תקנת אושא בכותב לה דין ודברים אין לי בנכסייך ובפירותיהן ובפירי פירותיהן עד עולם כו' דאין לו פירות והיינו אליבא דר' יהודה בפרק הכותב ולא תקשי להו התם בפרק החובל הא דקתני התם בפרק הכותב דאם מכרה ונתנה קיים אפילו באין לי בנכסייך לחוד וכ\"ש בכה\"ג די\"ל דהתם בעו התוס' למימר דמתני' דהכותב דקתני אם מכרה ונתנה קיים היינו קודם תקנת אושא אבל התוס' דהכא ניחא להו לאוקמא מתני' דהכותב לבתר תקנת אושא דרבי דסתם המשניות בתר תקנת אושא הוה וכה\"ג משני תלמודא בפ' החובל ארומיא דב' ברייתות הא קודם תקנת אושא הא לאחר תקנת אושא אלו הדברים ברורים למבין אבל מהרש\"ל הגיה כאן בדברי התוס' אין לי בנכסייך ובפירותיהן אבל אם כתב לה דין ודברים אין לי בנכסייך אין כו' ע\"ש והוא הבין דברישא באין לי בנכסייך דוקא קתני דמכרה ונתנה קיים אבל באין לי בנכסייך ובפירותיהן כו' אין מכרה ונתנה קיים וכן הבין הב\"י בדברי הטור אה\"ע סי' צ\"ב ע\"ש ואינו כן כמ\"ש בהדיא בשם הרא\"ש וגם אין הדעת סובל כן (ב) למימר דטפי מכרה ונתנה קיים באין לי בנכסייך מבכותב לה אין לי בנכסייך ובפירותיהם דיציבא בארעא וגיורא בשמי שמיא וכי משום דסילק עצמו גם מפירותיהן יגרע כחה אבל הדברים ברורים כמ\"ש ותו לא מידי ודו\"ק: \n", 
            "links": [
                {
                    "category": "Talmud", 
                    "sourceHeRef": "כתובות נ׳ א:מ״ז", 
                    "sourceRef": "Ketubot 50a:47", 
                    "ref": "Ketubot 50a:47"
                }
            ], 
            "text": ""
        }
    ], 
    "heRef": " חידושי הלכות על מסכת כתובות נ׳ א", 
    "toSections": [
        "50a"
    ], 
    "sectionRef": "Chidushei Halachot on Ketubot 50a", 
    "title": "Chidushei Halachot on Ketubot 50a", 
    "next": "Chidushei Halachot on Ketubot 51a", 
    "heBook": " חידושי הלכות על מסכת כתובות", 
    "book": "Chidushei Halachot on Ketubot", 
    "prev": "Chidushei Halachot on Ketubot 49b", 
    "textDepth": 2, 
    "sectionNames": [
        "Daf", 
        "Peirush"
    ], 
    "sections": [
        "50a"
    ], 
    "isComplex": false, 
    "titleVariants": [
        "Chidushei Halachot on Ketubot"
    ], 
    "categories": [
        "Commentary2", 
        "Talmud", 
        "Chidushei Halachot"
    ], 
    "ref": "Chidushei Halachot on Ketubot 50a", 
    "type": "Commentary2", 
    "addressTypes": [
        "Talmud", 
        "Integer"
    ], 
    "indexTitle": "Chidushei Halachot on Ketubot", 
    "heIndexTitle": " חידושי הלכות על מסכת כתובות", 
    "alts": [], 
    "order": ""
}