{
    "heTitleVariants": [
        "דעת זקנים על התורה על ויקרא", 
        "דעת זקנים בעלי התוספות על ויקרא", 
        "דעת זקנים על ויקרא"
    ], 
    "heTitle": "דעת זקנים על ויקרא", 
    "commentaryBook": "Leviticus", 
    "heRef": "דעת זקנים על ויקרא ב׳", 
    "toSections": [
        2
    ], 
    "sectionRef": "Daat Zkenim on Leviticus 2", 
    "title": "Daat Zkenim on Leviticus 2", 
    "lengths": [
        27, 
        859
    ], 
    "next": "Daat Zkenim on Leviticus 4:2", 
    "content": [
        {
            "segmentNumber": "1", 
            "he": [], 
            "links": [], 
            "text": []
        }, 
        {
            "segmentNumber": "2", 
            "he": [], 
            "links": [], 
            "text": []
        }, 
        {
            "segmentNumber": "3", 
            "he": [], 
            "links": [], 
            "text": []
        }, 
        {
            "segmentNumber": "4", 
            "he": [], 
            "links": [], 
            "text": []
        }, 
        {
            "segmentNumber": "5", 
            "he": [], 
            "links": [], 
            "text": []
        }, 
        {
            "segmentNumber": "6", 
            "he": [], 
            "links": [], 
            "text": []
        }, 
        {
            "segmentNumber": "7", 
            "he": [], 
            "links": [], 
            "text": []
        }, 
        {
            "segmentNumber": "8", 
            "he": [], 
            "links": [], 
            "text": []
        }, 
        {
            "segmentNumber": "9", 
            "he": [], 
            "links": [], 
            "text": []
        }, 
        {
            "segmentNumber": "10", 
            "he": [], 
            "links": [], 
            "text": []
        }, 
        {
            "segmentNumber": "11", 
            "he": [
                "<b>כי כל שאור וכל דבש לא \nתקטירו. </b>לפי שאמר הקב\"ה על כל קרבנך תקריב מלח והללו אין מקבלין מלח: "
            ], 
            "links": [
                {
                    "category": "Tanakh", 
                    "sourceHeRef": "ויקרא ב׳:י״א", 
                    "index_title": "Leviticus", 
                    "sourceRef": "Leviticus 2:11"
                }, 
                {
                    "category": "Tanakh", 
                    "sourceHeRef": "ויקרא ב׳:י״ג", 
                    "index_title": "Leviticus", 
                    "sourceRef": "Leviticus 2:13"
                }
            ], 
            "text": [
                "כי כל שאור וכל דבש לא תקטירו, “for you must not let go up in smoke anything leavened or any honey.” The reason was that G’d had said that every offering had to be accompanied with a certain amount of salt (Leviticus 2,13) and the two ingredients mentioned here are not compatible with salt."
            ]
        }, 
        {
            "segmentNumber": "12", 
            "he": [], 
            "links": [], 
            "text": []
        }, 
        {
            "segmentNumber": "13", 
            "he": [
                "<b>ולא תשבית \nמלח. </b>לפי שהוא דבר המתקיים להודיע כי הקרבנות ברית לעולם לכפרה ולא לצורך הקב\"ה שהרי אין \nלפניו לא אכילה ולא שתייה אלא לזכו' בהם את ישראל כי כשאדם חוטא ומקריב קרבן ומתכפר לו \nויודע שהוא נקי מחטאו הוא נזהר אחרי כן מלחטוא ומלהיות עוד מלוכלך בעבירו' אבל אם לא היה \nמתכפר היה מוסיף לחטוא כמו שאחז\"ל כיון שעבר אדם עבירה ושנה בה הותרה לו הותרה לו ס\"ד \nאלא נעשית לו כהיתר. משל לאדם שבגדיו צואים אינו משמרן מן הטיט אבל אדם שבגדיו נקיים ויפים \nמשמרן מכל טינוף ועל זה אמר שלמה בכל עת יהיו בגדיך לבנים וכן ארז\"ל רצה המקום לזכות את \nישראל לפיכך הרבה להם תורה ומצות ולא יטנפו בחטא וגם צוה הרבה מצות שמן הדין אדם משמרן \nמעצמו וצוה אותם הקב\"ה כדי להרבות בשכרן של ישראל: "
            ], 
            "links": [
                {
                    "category": "Tanakh", 
                    "sourceHeRef": "ויקרא ב׳:י״ג", 
                    "index_title": "Leviticus", 
                    "sourceRef": "Leviticus 2:13"
                }, 
                {
                    "category": "Tanakh", 
                    "sourceHeRef": "קהלת ט׳:ח׳", 
                    "index_title": "Ecclesiastes", 
                    "sourceRef": "Ecclesiastes 9:8"
                }
            ], 
            "text": [
                "ולא תשבית מלח, “and you must not omit salt;” the reason salt must not be omitted is that it is something that endures, and one of the most important symbolic features of animal sacrifice is to remind the Jewish people as well as individuals of the permanence of G’d’s covenant with us, and that it is not He who has to worry about being transient but we mortals. Seeing that He is not in need of food or drink, this legislation is clearly meant for the benefit of the Jewish people. When a person has sinned, and offered a sacrifice to further his atonement, knowing that after that he will be free of sin, he will be careful not to commit a careless act which resulted in his becoming obligated to cleanse himself from sin. If, on the other hand, he fails to take steps to obtain atonement, he will undoubtedly continue to commit sins as our sages have said in the Talmud tractate Kidushin, folio 20: “once a person has committed a sin-and has not repented and taken steps to rehabilitate himself,-the sin will no longer appear to him as having been a trespass against G’d, but he will treat it as if it had not even been a sin.” They explain this by comparing it to someone who has found a stain on his outer garment. Unless he takes steps to remove it, it will soon become something that he gets used to and before long his whole garment will become soiled. Concerning this subject, Solomon, in Kohelet, 9,8 says: בכל עת יהיו בגדיך לבנים, “be sure that your garments are white at all times;” our sages in the Talmud, tractate Makkot folio 2,add: “do not let them become stained by sin.” The Torah added numerous commandments, which the average person would perform even if the Torah had not specifically commanded him to do so. The reason is that it wished to give us additional opportunities to acquire spiritual merits."
            ]
        }
    ], 
    "book": "Daat Zkenim on Leviticus", 
    "prev": "Daat Zkenim on Leviticus 1:15", 
    "textDepth": 3, 
    "sectionNames": [
        "Chapter", 
        "Verse", 
        "Comment"
    ], 
    "sections": [
        2
    ], 
    "commentator": "Daat Zkenim", 
    "isComplex": false, 
    "commentaryCategories": [
        "Tanakh", 
        "Torah"
    ], 
    "titleVariants": [
        "Daat zkenim al hatora on Vayikra", 
        "Daat Zkenim on Lev", 
        "Daat Zkenim on Lev.", 
        "Daat Zkenim on Leviticus", 
        "Minchat yehuda baaley hatosfot on Leviticus", 
        "Daat zkenim al hatora on Lev", 
        "Minchat yehuda baaley hatosfot on Lev", 
        "Minchat yehuda baaley hatosfot on Lev.", 
        "Daat zkenim al hatora on Lev.", 
        "Daat zkenim al hatora on Leviticus", 
        "Minchat yehuda baaley hatosfot on Vayikra", 
        "Daat Zkenim on Vayikra"
    ], 
    "categories": [
        "Commentary", 
        "Tanakh", 
        "Daat Zkenim"
    ], 
    "ref": "Daat Zkenim on Leviticus 2", 
    "type": "Commentary", 
    "addressTypes": [
        "Integer", 
        "Integer", 
        "Integer"
    ], 
    "heCommentator": "דעת זקנים", 
    "length": 27, 
    "indexTitle": "Daat Zkenim on Leviticus", 
    "heIndexTitle": "דעת זקנים על ויקרא", 
    "alts": [], 
    "order": [
        3, 
        3
    ]
}