{
    "content": [
        {
            "segmentNumber": "1", 
            "he": "וְאַתָּ֨ה בֶן־אָדָ֜ם קַח־לְךָ֣ ׀ חֶ֣רֶב חַדָּ֗ה תַּ֤עַר הַגַּלָּבִים֙ תִּקָּחֶ֣נָּה לָּ֔ךְ וְהַעֲבַרְתָּ֥ עַל־רֹאשְׁךָ֖ וְעַל־זְקָנֶ֑ךָ וְלָקַחְתָּ֥ לְךָ֛ מֹאזְנֵ֥י מִשְׁקָ֖ל וְחִלַּקְתָּֽם׃", 
            "links": [
                {
                    "category": "Commentary", 
                    "index_title": "Malbim on Ezekiel", 
                    "sourceHeRef": "מלבי\"ם על יחזקאל ה׳:א׳:א׳", 
                    "sourceRef": "Malbim on Ezekiel 5:1:1"
                }, 
                {
                    "category": "Commentary", 
                    "index_title": "Malbim on Ezekiel", 
                    "sourceHeRef": "מלבי\"ם על יחזקאל ה׳:א׳:ב׳", 
                    "sourceRef": "Malbim on Ezekiel 5:1:2"
                }, 
                {
                    "category": "Commentary", 
                    "index_title": "Malbim on Ezekiel", 
                    "sourceHeRef": "מלבי\"ם על יחזקאל ה׳:א׳:ג׳", 
                    "sourceRef": "Malbim on Ezekiel 5:1:3"
                }, 
                {
                    "category": "Commentary", 
                    "index_title": "Rashi on Ezekiel", 
                    "sourceHeRef": "רש\"י על יחזקאל ה׳:א׳:א׳", 
                    "sourceRef": "Rashi on Ezekiel 5:1:1"
                }, 
                {
                    "category": "Commentary", 
                    "index_title": "Rashi on Ezekiel", 
                    "sourceHeRef": "רש\"י על יחזקאל ה׳:א׳:ב׳", 
                    "sourceRef": "Rashi on Ezekiel 5:1:2"
                }, 
                {
                    "category": "Commentary", 
                    "index_title": "Metzudat David on Ezekiel", 
                    "sourceHeRef": "מצודת דוד על יחזקאל ה׳:א׳:א׳", 
                    "sourceRef": "Metzudat David on Ezekiel 5:1:1"
                }, 
                {
                    "category": "Commentary", 
                    "index_title": "Metzudat David on Ezekiel", 
                    "sourceHeRef": "מצודת דוד על יחזקאל ה׳:א׳:ב׳", 
                    "sourceRef": "Metzudat David on Ezekiel 5:1:2"
                }, 
                {
                    "category": "Commentary", 
                    "index_title": "Metzudat David on Ezekiel", 
                    "sourceHeRef": "מצודת דוד על יחזקאל ה׳:א׳:ג׳", 
                    "sourceRef": "Metzudat David on Ezekiel 5:1:3"
                }, 
                {
                    "category": "Commentary", 
                    "index_title": "Metzudat Zion on Ezekiel", 
                    "sourceHeRef": "מצודת ציון על יחזקאל ה׳:א׳:א׳", 
                    "sourceRef": "Metzudat Zion on Ezekiel 5:1:1"
                }, 
                {
                    "category": "Commentary", 
                    "index_title": "Metzudat Zion on Ezekiel", 
                    "sourceHeRef": "מצודת ציון על יחזקאל ה׳:א׳:ב׳", 
                    "sourceRef": "Metzudat Zion on Ezekiel 5:1:2"
                }, 
                {
                    "category": "Commentary", 
                    "index_title": "Metzudat Zion on Ezekiel", 
                    "sourceHeRef": "מצודת ציון על יחזקאל ה׳:א׳:ג׳", 
                    "sourceRef": "Metzudat Zion on Ezekiel 5:1:3"
                }, 
                {
                    "category": "Quoting Commentary", 
                    "index_title": "Ramban on Leviticus", 
                    "sourceHeRef": "רמב\"ן על ויקרא י״א:ט׳:א׳", 
                    "sourceRef": "Ramban on Leviticus 11:9:1"
                }, 
                {
                    "category": "Quoting Commentary", 
                    "index_title": "Ramban on Exodus", 
                    "sourceHeRef": "רמב\"ן על שמות כ׳:כ״א:א׳", 
                    "sourceRef": "Ramban on Exodus 20:21:1"
                }, 
                {
                    "category": "Quoting Commentary", 
                    "index_title": "Ramban on Exodus", 
                    "sourceHeRef": "רמב\"ן על שמות כ׳:כ״ב:ב׳", 
                    "sourceRef": "Ramban on Exodus 20:22:2"
                }
            ], 
            "text": "And thou, son of man, take thee a sharp sword, as a barber’s razor shalt thou take it unto thee, and cause it to pass upon thy head and upon thy beard; then take thee balances to weigh, and divide the hair."
        }, 
        {
            "segmentNumber": "2", 
            "he": "שְׁלִשִׁ֗ית בָּא֤וּר תַּבְעִיר֙ בְּת֣וֹךְ הָעִ֔יר כִּמְלֹ֖את יְמֵ֣י הַמָּצ֑וֹר וְלָֽקַחְתָּ֣ אֶת־הַשְּׁלִשִׁ֗ית תַּכֶּ֤ה בַחֶ֙רֶב֙ סְבִ֣יבוֹתֶ֔יהָ וְהַשְּׁלִשִׁית֙ תִּזְרֶ֣ה לָר֔וּחַ וְחֶ֖רֶב אָרִ֥יק אַחֲרֵיהֶֽם׃", 
            "links": [
                {
                    "category": "Commentary", 
                    "index_title": "Malbim on Ezekiel", 
                    "sourceHeRef": "מלבי\"ם על יחזקאל ה׳:ב׳:א׳", 
                    "sourceRef": "Malbim on Ezekiel 5:2:1"
                }, 
                {
                    "category": "Commentary", 
                    "index_title": "Malbim on Ezekiel", 
                    "sourceHeRef": "מלבי\"ם על יחזקאל ה׳:ב׳:ב׳", 
                    "sourceRef": "Malbim on Ezekiel 5:2:2"
                }, 
                {
                    "category": "Commentary", 
                    "index_title": "Malbim on Ezekiel", 
                    "sourceHeRef": "מלבי\"ם על יחזקאל ה׳:ב׳:ג׳", 
                    "sourceRef": "Malbim on Ezekiel 5:2:3"
                }, 
                {
                    "category": "Commentary", 
                    "index_title": "Malbim on Ezekiel", 
                    "sourceHeRef": "מלבי\"ם על יחזקאל ה׳:ב׳:ד׳", 
                    "sourceRef": "Malbim on Ezekiel 5:2:4"
                }, 
                {
                    "category": "Commentary", 
                    "index_title": "Rashi on Ezekiel", 
                    "sourceHeRef": "רש\"י על יחזקאל ה׳:ב׳:א׳", 
                    "sourceRef": "Rashi on Ezekiel 5:2:1"
                }, 
                {
                    "category": "Commentary", 
                    "index_title": "Rashi on Ezekiel", 
                    "sourceHeRef": "רש\"י על יחזקאל ה׳:ב׳:ב׳", 
                    "sourceRef": "Rashi on Ezekiel 5:2:2"
                }, 
                {
                    "category": "Commentary", 
                    "index_title": "Rashi on Ezekiel", 
                    "sourceHeRef": "רש\"י על יחזקאל ה׳:ב׳:ג׳", 
                    "sourceRef": "Rashi on Ezekiel 5:2:3"
                }, 
                {
                    "category": "Commentary", 
                    "index_title": "Rashi on Ezekiel", 
                    "sourceHeRef": "רש\"י על יחזקאל ה׳:ב׳:ד׳", 
                    "sourceRef": "Rashi on Ezekiel 5:2:4"
                }, 
                {
                    "category": "Commentary", 
                    "index_title": "Metzudat David on Ezekiel", 
                    "sourceHeRef": "מצודת דוד על יחזקאל ה׳:ב׳:א׳", 
                    "sourceRef": "Metzudat David on Ezekiel 5:2:1"
                }, 
                {
                    "category": "Commentary", 
                    "index_title": "Metzudat David on Ezekiel", 
                    "sourceHeRef": "מצודת דוד על יחזקאל ה׳:ב׳:ב׳", 
                    "sourceRef": "Metzudat David on Ezekiel 5:2:2"
                }, 
                {
                    "category": "Commentary", 
                    "index_title": "Metzudat David on Ezekiel", 
                    "sourceHeRef": "מצודת דוד על יחזקאל ה׳:ב׳:ג׳", 
                    "sourceRef": "Metzudat David on Ezekiel 5:2:3"
                }, 
                {
                    "category": "Commentary", 
                    "index_title": "Metzudat David on Ezekiel", 
                    "sourceHeRef": "מצודת דוד על יחזקאל ה׳:ב׳:ד׳", 
                    "sourceRef": "Metzudat David on Ezekiel 5:2:4"
                }, 
                {
                    "category": "Commentary", 
                    "index_title": "Metzudat Zion on Ezekiel", 
                    "sourceHeRef": "מצודת ציון על יחזקאל ה׳:ב׳:א׳", 
                    "sourceRef": "Metzudat Zion on Ezekiel 5:2:1"
                }, 
                {
                    "category": "Commentary", 
                    "index_title": "Metzudat Zion on Ezekiel", 
                    "sourceHeRef": "מצודת ציון על יחזקאל ה׳:ב׳:ב׳", 
                    "sourceRef": "Metzudat Zion on Ezekiel 5:2:2"
                }, 
                {
                    "category": "Commentary", 
                    "index_title": "Metzudat Zion on Ezekiel", 
                    "sourceHeRef": "מצודת ציון על יחזקאל ה׳:ב׳:ג׳", 
                    "sourceRef": "Metzudat Zion on Ezekiel 5:2:3"
                }, 
                {
                    "category": "Commentary", 
                    "index_title": "Metzudat Zion on Ezekiel", 
                    "sourceHeRef": "מצודת ציון על יחזקאל ה׳:ב׳:ד׳", 
                    "sourceRef": "Metzudat Zion on Ezekiel 5:2:4"
                }, 
                {
                    "category": "Commentary", 
                    "index_title": "Metzudat Zion on Ezekiel", 
                    "sourceHeRef": "מצודת ציון על יחזקאל ה׳:ב׳:ה׳", 
                    "sourceRef": "Metzudat Zion on Ezekiel 5:2:5"
                }, 
                {
                    "category": "Commentary", 
                    "index_title": "Malbim Beur Hamilot on Ezekiel", 
                    "sourceHeRef": "מלבי\"ם באור המילות על יחזקאל ה׳:ב׳:א׳", 
                    "sourceRef": "Malbim Beur Hamilot on Ezekiel 5:2:1"
                }, 
                {
                    "category": "Commentary", 
                    "index_title": "Malbim Beur Hamilot on Ezekiel", 
                    "sourceHeRef": "מלבי\"ם באור המילות על יחזקאל ה׳:ב׳:ב׳", 
                    "sourceRef": "Malbim Beur Hamilot on Ezekiel 5:2:2"
                }
            ], 
            "text": "A third part shalt thou burn in the fire in the midst of the city, when the days of the siege are fulfilled; and thou shalt take a third part, and smite it with the sword round about her; and a third part thou shalt scatter to the wind, and I will draw out a sword after them."
        }, 
        {
            "segmentNumber": "3", 
            "he": "וְלָקַחְתָּ֥ מִשָּׁ֖ם מְעַ֣ט בְּמִסְפָּ֑ר וְצַרְתָּ֥ אוֹתָ֖ם בִּכְנָפֶֽיךָ׃", 
            "links": [
                {
                    "category": "Commentary", 
                    "index_title": "Malbim on Ezekiel", 
                    "sourceHeRef": "מלבי\"ם על יחזקאל ה׳:ג׳:א׳", 
                    "sourceRef": "Malbim on Ezekiel 5:3:1"
                }, 
                {
                    "category": "Commentary", 
                    "index_title": "Malbim on Ezekiel", 
                    "sourceHeRef": "מלבי\"ם על יחזקאל ה׳:ג׳:ב׳", 
                    "sourceRef": "Malbim on Ezekiel 5:3:2"
                }, 
                {
                    "category": "Commentary", 
                    "index_title": "Rashi on Ezekiel", 
                    "sourceHeRef": "רש\"י על יחזקאל ה׳:ג׳:א׳", 
                    "sourceRef": "Rashi on Ezekiel 5:3:1"
                }, 
                {
                    "category": "Commentary", 
                    "index_title": "Metzudat David on Ezekiel", 
                    "sourceHeRef": "מצודת דוד על יחזקאל ה׳:ג׳:א׳", 
                    "sourceRef": "Metzudat David on Ezekiel 5:3:1"
                }, 
                {
                    "category": "Commentary", 
                    "index_title": "Metzudat Zion on Ezekiel", 
                    "sourceHeRef": "מצודת ציון על יחזקאל ה׳:ג׳:א׳", 
                    "sourceRef": "Metzudat Zion on Ezekiel 5:3:1"
                }, 
                {
                    "category": "Commentary", 
                    "index_title": "Metzudat Zion on Ezekiel", 
                    "sourceHeRef": "מצודת ציון על יחזקאל ה׳:ג׳:ב׳", 
                    "sourceRef": "Metzudat Zion on Ezekiel 5:3:2"
                }
            ], 
            "text": "Thou shalt also take thereof a few by number, and bind them in thy skirts."
        }, 
        {
            "segmentNumber": "4", 
            "he": "וּמֵהֶם֙ ע֣וֹד תִּקָּ֔ח וְהִשְׁלַכְתָּ֤ אוֹתָם֙ אֶל־תּ֣וֹךְ הָאֵ֔שׁ וְשָׂרַפְתָּ֥ אֹתָ֖ם בָּאֵ֑שׁ מִמֶּ֥נּוּ תֵצֵא־אֵ֖שׁ אֶל־כָּל־בֵּ֥ית יִשְׂרָאֵֽל׃ (פ)", 
            "links": [
                {
                    "category": "Commentary", 
                    "index_title": "Malbim on Ezekiel", 
                    "sourceHeRef": "מלבי\"ם על יחזקאל ה׳:ד׳:א׳", 
                    "sourceRef": "Malbim on Ezekiel 5:4:1"
                }, 
                {
                    "category": "Commentary", 
                    "index_title": "Malbim on Ezekiel", 
                    "sourceHeRef": "מלבי\"ם על יחזקאל ה׳:ד׳:ב׳", 
                    "sourceRef": "Malbim on Ezekiel 5:4:2"
                }, 
                {
                    "category": "Commentary", 
                    "index_title": "Rashi on Ezekiel", 
                    "sourceHeRef": "רש\"י על יחזקאל ה׳:ד׳:א׳", 
                    "sourceRef": "Rashi on Ezekiel 5:4:1"
                }, 
                {
                    "category": "Commentary", 
                    "index_title": "Rashi on Ezekiel", 
                    "sourceHeRef": "רש\"י על יחזקאל ה׳:ד׳:ב׳", 
                    "sourceRef": "Rashi on Ezekiel 5:4:2"
                }, 
                {
                    "category": "Commentary", 
                    "index_title": "Rashi on Ezekiel", 
                    "sourceHeRef": "רש\"י על יחזקאל ה׳:ד׳:ג׳", 
                    "sourceRef": "Rashi on Ezekiel 5:4:3"
                }, 
                {
                    "category": "Commentary", 
                    "index_title": "Metzudat David on Ezekiel", 
                    "sourceHeRef": "מצודת דוד על יחזקאל ה׳:ד׳:א׳", 
                    "sourceRef": "Metzudat David on Ezekiel 5:4:1"
                }, 
                {
                    "category": "Commentary", 
                    "index_title": "Metzudat David on Ezekiel", 
                    "sourceHeRef": "מצודת דוד על יחזקאל ה׳:ד׳:ב׳", 
                    "sourceRef": "Metzudat David on Ezekiel 5:4:2"
                }
            ], 
            "text": "And of them again shalt thou take, and cast them into the midst of the fire, and burn them in the fire; therefrom shall a fire come forth into all the house of Israel."
        }, 
        {
            "segmentNumber": "5", 
            "he": "כֹּ֤ה אָמַר֙ אֲדֹנָ֣י יְהֹוִ֔ה זֹ֚את יְר֣וּשָׁלִַ֔ם בְּת֥וֹךְ הַגּוֹיִ֖ם שַׂמְתִּ֑יהָ וּסְבִיבוֹתֶ֖יהָ אֲרָצֽוֹת׃", 
            "links": [
                {
                    "category": "Commentary", 
                    "index_title": "Malbim on Ezekiel", 
                    "sourceHeRef": "מלבי\"ם על יחזקאל ה׳:ה׳:א׳", 
                    "sourceRef": "Malbim on Ezekiel 5:5:1"
                }, 
                {
                    "category": "Commentary", 
                    "index_title": "Malbim on Ezekiel", 
                    "sourceHeRef": "מלבי\"ם על יחזקאל ה׳:ה׳:ב׳", 
                    "sourceRef": "Malbim on Ezekiel 5:5:2"
                }, 
                {
                    "category": "Commentary", 
                    "index_title": "Malbim on Ezekiel", 
                    "sourceHeRef": "מלבי\"ם על יחזקאל ה׳:ה׳:ג׳", 
                    "sourceRef": "Malbim on Ezekiel 5:5:3"
                }, 
                {
                    "category": "Commentary", 
                    "index_title": "Malbim on Ezekiel", 
                    "sourceHeRef": "מלבי\"ם על יחזקאל ה׳:ה׳:ד׳", 
                    "sourceRef": "Malbim on Ezekiel 5:5:4"
                }, 
                {
                    "category": "Commentary", 
                    "index_title": "Rashi on Ezekiel", 
                    "sourceHeRef": "רש\"י על יחזקאל ה׳:ה׳:א׳", 
                    "sourceRef": "Rashi on Ezekiel 5:5:1"
                }, 
                {
                    "category": "Commentary", 
                    "index_title": "Metzudat David on Ezekiel", 
                    "sourceHeRef": "מצודת דוד על יחזקאל ה׳:ה׳:א׳", 
                    "sourceRef": "Metzudat David on Ezekiel 5:5:1"
                }, 
                {
                    "category": "Commentary", 
                    "index_title": "Malbim Beur Hamilot on Ezekiel", 
                    "sourceHeRef": "מלבי\"ם באור המילות על יחזקאל ה׳:ה׳:א׳", 
                    "sourceRef": "Malbim Beur Hamilot on Ezekiel 5:5:1"
                }, 
                {
                    "category": "Quoting Commentary", 
                    "index_title": "Ramban on Leviticus", 
                    "sourceHeRef": "רמב\"ן על ויקרא ט״ז:ג׳:א׳", 
                    "sourceRef": "Ramban on Leviticus 16:3:1"
                }, 
                {
                    "category": "Midrash", 
                    "index_title": "Pesikta Rabbati", 
                    "sourceHeRef": "פסיקתא רבתי כ״ז:א׳", 
                    "sourceRef": "Pesikta Rabbati 27:1"
                }, 
                {
                    "category": "Midrash", 
                    "index_title": "Shir HaShirim Rabbah", 
                    "sourceHeRef": "שיר השירים רבה ב׳:ב׳:ה׳", 
                    "sourceRef": "Shir HaShirim Rabbah 2:2:5"
                }
            ], 
            "text": "Thus saith the Lord GOD: This is Jerusalem! I have set her in the midst of the nations, and countries are round about her."
        }, 
        {
            "segmentNumber": "6", 
            "he": "וַתֶּ֨מֶר אֶת־מִשְׁפָּטַ֤י לְרִשְׁעָה֙ מִן־הַגּוֹיִ֔ם וְאֶ֨ת־חֻקּוֹתַ֔י מִן־הָאֲרָצ֖וֹת אֲשֶׁ֣ר סְבִיבוֹתֶ֑יהָ כִּ֤י בְמִשְׁפָּטַי֙ מָאָ֔סוּ וְחֻקּוֹתַ֖י לֹא־הָלְכ֥וּ בָהֶֽם׃ (ס)", 
            "links": [
                {
                    "category": "Commentary", 
                    "index_title": "Malbim on Ezekiel", 
                    "sourceHeRef": "מלבי\"ם על יחזקאל ה׳:ו׳:א׳", 
                    "sourceRef": "Malbim on Ezekiel 5:6:1"
                }, 
                {
                    "category": "Commentary", 
                    "index_title": "Malbim on Ezekiel", 
                    "sourceHeRef": "מלבי\"ם על יחזקאל ה׳:ו׳:ב׳", 
                    "sourceRef": "Malbim on Ezekiel 5:6:2"
                }, 
                {
                    "category": "Commentary", 
                    "index_title": "Malbim on Ezekiel", 
                    "sourceHeRef": "מלבי\"ם על יחזקאל ה׳:ו׳:ג׳", 
                    "sourceRef": "Malbim on Ezekiel 5:6:3"
                }, 
                {
                    "category": "Commentary", 
                    "index_title": "Rashi on Ezekiel", 
                    "sourceHeRef": "רש\"י על יחזקאל ה׳:ו׳:א׳", 
                    "sourceRef": "Rashi on Ezekiel 5:6:1"
                }, 
                {
                    "category": "Commentary", 
                    "index_title": "Rashi on Ezekiel", 
                    "sourceHeRef": "רש\"י על יחזקאל ה׳:ו׳:ב׳", 
                    "sourceRef": "Rashi on Ezekiel 5:6:2"
                }, 
                {
                    "category": "Commentary", 
                    "index_title": "Metzudat David on Ezekiel", 
                    "sourceHeRef": "מצודת דוד על יחזקאל ה׳:ו׳:א׳", 
                    "sourceRef": "Metzudat David on Ezekiel 5:6:1"
                }, 
                {
                    "category": "Commentary", 
                    "index_title": "Metzudat David on Ezekiel", 
                    "sourceHeRef": "מצודת דוד על יחזקאל ה׳:ו׳:ב׳", 
                    "sourceRef": "Metzudat David on Ezekiel 5:6:2"
                }, 
                {
                    "category": "Commentary", 
                    "index_title": "Metzudat Zion on Ezekiel", 
                    "sourceHeRef": "מצודת ציון על יחזקאל ה׳:ו׳:א׳", 
                    "sourceRef": "Metzudat Zion on Ezekiel 5:6:1"
                }, 
                {
                    "category": "Commentary", 
                    "index_title": "Malbim Beur Hamilot on Ezekiel", 
                    "sourceHeRef": "מלבי\"ם באור המילות על יחזקאל ה׳:ו׳:א׳", 
                    "sourceRef": "Malbim Beur Hamilot on Ezekiel 5:6:1"
                }, 
                {
                    "category": "Commentary", 
                    "index_title": "Malbim Beur Hamilot on Ezekiel", 
                    "sourceHeRef": "מלבי\"ם באור המילות על יחזקאל ה׳:ו׳:ב׳", 
                    "sourceRef": "Malbim Beur Hamilot on Ezekiel 5:6:2"
                }, 
                {
                    "category": "Quoting Commentary", 
                    "index_title": "Ramban on Numbers", 
                    "sourceHeRef": "רמב\"ן על במדבר כ׳:ח׳:א׳", 
                    "sourceRef": "Ramban on Numbers 20:8:1"
                }, 
                {
                    "category": "Midrash", 
                    "index_title": "Pesikta Rabbati", 
                    "sourceHeRef": "פסיקתא רבתי כ״ז:א׳", 
                    "sourceRef": "Pesikta Rabbati 27:1"
                }
            ], 
            "text": "And she hath rebelled against Mine ordinances in doing wickedness more than the nations, and against My statutes more than the countries that are round about her; for they have rejected Mine ordinances, and as for My statutes, they have not walked in them."
        }, 
        {
            "segmentNumber": "7", 
            "he": "לָכֵ֞ן כֹּֽה־אָמַ֣ר ׀ אֲדֹנָ֣י יְהוִ֗ה יַ֤עַן הֲמָנְכֶם֙ מִן־הַגּוֹיִם֙ אֲשֶׁ֣ר סְבִיבֽוֹתֵיכֶ֔ם בְּחֻקּוֹתַי֙ לֹ֣א הֲלַכְתֶּ֔ם וְאֶת־מִשְׁפָּטַ֖י לֹ֣א עֲשִׂיתֶ֑ם וּֽכְמִשְׁפְּטֵ֧י הַגּוֹיִ֛ם אֲשֶׁ֥ר סְבִיבוֹתֵיכֶ֖ם לֹ֥א עֲשִׂיתֶֽם׃ (ס)", 
            "links": [
                {
                    "category": "Commentary", 
                    "index_title": "Malbim on Ezekiel", 
                    "sourceHeRef": "מלבי\"ם על יחזקאל ה׳:ז׳:א׳", 
                    "sourceRef": "Malbim on Ezekiel 5:7:1"
                }, 
                {
                    "category": "Commentary", 
                    "index_title": "Malbim on Ezekiel", 
                    "sourceHeRef": "מלבי\"ם על יחזקאל ה׳:ז׳:ב׳", 
                    "sourceRef": "Malbim on Ezekiel 5:7:2"
                }, 
                {
                    "category": "Commentary", 
                    "index_title": "Malbim on Ezekiel", 
                    "sourceHeRef": "מלבי\"ם על יחזקאל ה׳:ז׳:ג׳", 
                    "sourceRef": "Malbim on Ezekiel 5:7:3"
                }, 
                {
                    "category": "Commentary", 
                    "index_title": "Malbim on Ezekiel", 
                    "sourceHeRef": "מלבי\"ם על יחזקאל ה׳:ז׳:ד׳", 
                    "sourceRef": "Malbim on Ezekiel 5:7:4"
                }, 
                {
                    "category": "Commentary", 
                    "index_title": "Malbim on Ezekiel", 
                    "sourceHeRef": "מלבי\"ם על יחזקאל ה׳:ז׳:ה׳", 
                    "sourceRef": "Malbim on Ezekiel 5:7:5"
                }, 
                {
                    "category": "Commentary", 
                    "index_title": "Malbim on Ezekiel", 
                    "sourceHeRef": "מלבי\"ם על יחזקאל ה׳:ז׳:ו׳", 
                    "sourceRef": "Malbim on Ezekiel 5:7:6"
                }, 
                {
                    "category": "Commentary", 
                    "index_title": "Rashi on Ezekiel", 
                    "sourceHeRef": "רש\"י על יחזקאל ה׳:ז׳:א׳", 
                    "sourceRef": "Rashi on Ezekiel 5:7:1"
                }, 
                {
                    "category": "Commentary", 
                    "index_title": "Rashi on Ezekiel", 
                    "sourceHeRef": "רש\"י על יחזקאל ה׳:ז׳:ב׳", 
                    "sourceRef": "Rashi on Ezekiel 5:7:2"
                }, 
                {
                    "category": "Commentary", 
                    "index_title": "Rashi on Ezekiel", 
                    "sourceHeRef": "רש\"י על יחזקאל ה׳:ז׳:ג׳", 
                    "sourceRef": "Rashi on Ezekiel 5:7:3"
                }, 
                {
                    "category": "Commentary", 
                    "index_title": "Metzudat David on Ezekiel", 
                    "sourceHeRef": "מצודת דוד על יחזקאל ה׳:ז׳:א׳", 
                    "sourceRef": "Metzudat David on Ezekiel 5:7:1"
                }, 
                {
                    "category": "Commentary", 
                    "index_title": "Metzudat David on Ezekiel", 
                    "sourceHeRef": "מצודת דוד על יחזקאל ה׳:ז׳:ב׳", 
                    "sourceRef": "Metzudat David on Ezekiel 5:7:2"
                }, 
                {
                    "category": "Commentary", 
                    "index_title": "Metzudat Zion on Ezekiel", 
                    "sourceHeRef": "מצודת ציון על יחזקאל ה׳:ז׳:א׳", 
                    "sourceRef": "Metzudat Zion on Ezekiel 5:7:1"
                }, 
                {
                    "category": "Commentary", 
                    "index_title": "Metzudat Zion on Ezekiel", 
                    "sourceHeRef": "מצודת ציון על יחזקאל ה׳:ז׳:ב׳", 
                    "sourceRef": "Metzudat Zion on Ezekiel 5:7:2"
                }, 
                {
                    "category": "Commentary", 
                    "index_title": "Malbim Beur Hamilot on Ezekiel", 
                    "sourceHeRef": "מלבי\"ם באור המילות על יחזקאל ה׳:ז׳:א׳", 
                    "sourceRef": "Malbim Beur Hamilot on Ezekiel 5:7:1"
                }, 
                {
                    "category": "Talmud", 
                    "index_title": "Sanhedrin", 
                    "sourceHeRef": "סנהדרין ל״ט ב:נ״ז", 
                    "sourceRef": "Sanhedrin 39b:57"
                }, 
                {
                    "category": "Midrash", 
                    "index_title": "Ein Yaakov (Glick Edition)", 
                    "sourceHeRef": "עין יעקב (מאת שמואל צבי גליק) , סנהדרין ד׳:כ״ח", 
                    "sourceRef": "Ein Yaakov (Glick Edition), Sanhedrin 4:28"
                }
            ], 
            "text": "Therefore thus saith the Lord GOD: Because ye have outdone the nations that are round about you, in that ye have not walked in My statutes, neither have kept Mine ordinances, neither have done after the ordinances of the nations that are round about you;"
        }, 
        {
            "segmentNumber": "8", 
            "he": "לָכֵ֗ן כֹּ֤ה אָמַר֙ אֲדֹנָ֣י יְהוִ֔ה הִנְנִ֥י עָלַ֖יִךְ גַּם־אָ֑נִי וְעָשִׂ֧יתִי בְתוֹכֵ֛ךְ מִשְׁפָּטִ֖ים לְעֵינֵ֥י הַגּוֹיִֽם׃", 
            "links": [
                {
                    "category": "Commentary", 
                    "index_title": "Malbim on Ezekiel", 
                    "sourceHeRef": "מלבי\"ם על יחזקאל ה׳:ח׳:א׳", 
                    "sourceRef": "Malbim on Ezekiel 5:8:1"
                }, 
                {
                    "category": "Commentary", 
                    "index_title": "Malbim on Ezekiel", 
                    "sourceHeRef": "מלבי\"ם על יחזקאל ה׳:ח׳:ב׳", 
                    "sourceRef": "Malbim on Ezekiel 5:8:2"
                }, 
                {
                    "category": "Commentary", 
                    "index_title": "Rashi on Ezekiel", 
                    "sourceHeRef": "רש\"י על יחזקאל ה׳:ח׳:א׳", 
                    "sourceRef": "Rashi on Ezekiel 5:8:1"
                }, 
                {
                    "category": "Commentary", 
                    "index_title": "Metzudat David on Ezekiel", 
                    "sourceHeRef": "מצודת דוד על יחזקאל ה׳:ח׳:א׳", 
                    "sourceRef": "Metzudat David on Ezekiel 5:8:1"
                }, 
                {
                    "category": "Commentary", 
                    "index_title": "Metzudat David on Ezekiel", 
                    "sourceHeRef": "מצודת דוד על יחזקאל ה׳:ח׳:ב׳", 
                    "sourceRef": "Metzudat David on Ezekiel 5:8:2"
                }, 
                {
                    "category": "Commentary", 
                    "index_title": "Metzudat David on Ezekiel", 
                    "sourceHeRef": "מצודת דוד על יחזקאל ה׳:ח׳:ג׳", 
                    "sourceRef": "Metzudat David on Ezekiel 5:8:3"
                }
            ], 
            "text": "therefore thus saith the Lord GOD: Behold, I, even I, am against thee, and I will execute judgments in the midst of thee in the sight of the nations."
        }, 
        {
            "segmentNumber": "9", 
            "he": "וְעָשִׂ֣יתִי בָ֗ךְ אֵ֚ת אֲשֶׁ֣ר לֹֽא־עָשִׂ֔יתִי וְאֵ֛ת אֲשֶֽׁר־לֹֽא־אֶעֱשֶׂ֥ה כָמֹ֖הוּ ע֑וֹד יַ֖עַן כָּל־תּוֹעֲבֹתָֽיִךְ׃ (ס)", 
            "links": [
                {
                    "category": "Commentary", 
                    "index_title": "Malbim on Ezekiel", 
                    "sourceHeRef": "מלבי\"ם על יחזקאל ה׳:ט׳:א׳", 
                    "sourceRef": "Malbim on Ezekiel 5:9:1"
                }, 
                {
                    "category": "Commentary", 
                    "index_title": "Malbim on Ezekiel", 
                    "sourceHeRef": "מלבי\"ם על יחזקאל ה׳:ט׳:ב׳", 
                    "sourceRef": "Malbim on Ezekiel 5:9:2"
                }, 
                {
                    "category": "Commentary", 
                    "index_title": "Malbim on Ezekiel", 
                    "sourceHeRef": "מלבי\"ם על יחזקאל ה׳:ט׳:ג׳", 
                    "sourceRef": "Malbim on Ezekiel 5:9:3"
                }, 
                {
                    "category": "Commentary", 
                    "index_title": "Metzudat David on Ezekiel", 
                    "sourceHeRef": "מצודת דוד על יחזקאל ה׳:ט׳:א׳", 
                    "sourceRef": "Metzudat David on Ezekiel 5:9:1"
                }, 
                {
                    "category": "Commentary", 
                    "index_title": "Metzudat David on Ezekiel", 
                    "sourceHeRef": "מצודת דוד על יחזקאל ה׳:ט׳:ב׳", 
                    "sourceRef": "Metzudat David on Ezekiel 5:9:2"
                }
            ], 
            "text": "And I will do in thee that which I have not done, and whereunto I will not do any more the like, because of all thine abominations."
        }, 
        {
            "segmentNumber": "10", 
            "he": "לָכֵ֗ן אָב֞וֹת יֹאכְל֤וּ בָנִים֙ בְּתוֹכֵ֔ךְ וּבָנִ֖ים יֹאכְל֣וּ אֲבוֹתָ֑ם וְעָשִׂ֤יתִי בָךְ֙ שְׁפָטִ֔ים וְזֵרִיתִ֥י אֶת־כָּל־שְׁאֵרִיתֵ֖ךְ לְכָל־רֽוּחַ׃ (פ)", 
            "links": [
                {
                    "category": "Commentary", 
                    "index_title": "Malbim on Ezekiel", 
                    "sourceHeRef": "מלבי\"ם על יחזקאל ה׳:י׳:א׳", 
                    "sourceRef": "Malbim on Ezekiel 5:10:1"
                }, 
                {
                    "category": "Commentary", 
                    "index_title": "Malbim on Ezekiel", 
                    "sourceHeRef": "מלבי\"ם על יחזקאל ה׳:י׳:ב׳", 
                    "sourceRef": "Malbim on Ezekiel 5:10:2"
                }, 
                {
                    "category": "Commentary", 
                    "index_title": "Malbim on Ezekiel", 
                    "sourceHeRef": "מלבי\"ם על יחזקאל ה׳:י׳:ג׳", 
                    "sourceRef": "Malbim on Ezekiel 5:10:3"
                }, 
                {
                    "category": "Commentary", 
                    "index_title": "Malbim on Ezekiel", 
                    "sourceHeRef": "מלבי\"ם על יחזקאל ה׳:י׳:ד׳", 
                    "sourceRef": "Malbim on Ezekiel 5:10:4"
                }, 
                {
                    "category": "Commentary", 
                    "index_title": "Metzudat David on Ezekiel", 
                    "sourceHeRef": "מצודת דוד על יחזקאל ה׳:י׳:א׳", 
                    "sourceRef": "Metzudat David on Ezekiel 5:10:1"
                }, 
                {
                    "category": "Commentary", 
                    "index_title": "Metzudat David on Ezekiel", 
                    "sourceHeRef": "מצודת דוד על יחזקאל ה׳:י׳:ב׳", 
                    "sourceRef": "Metzudat David on Ezekiel 5:10:2"
                }, 
                {
                    "category": "Commentary", 
                    "index_title": "Metzudat Zion on Ezekiel", 
                    "sourceHeRef": "מצודת ציון על יחזקאל ה׳:י׳:א׳", 
                    "sourceRef": "Metzudat Zion on Ezekiel 5:10:1"
                }, 
                {
                    "category": "Commentary", 
                    "index_title": "Metzudat Zion on Ezekiel", 
                    "sourceHeRef": "מצודת ציון על יחזקאל ה׳:י׳:ב׳", 
                    "sourceRef": "Metzudat Zion on Ezekiel 5:10:2"
                }, 
                {
                    "category": "Commentary", 
                    "index_title": "Malbim Beur Hamilot on Ezekiel", 
                    "sourceHeRef": "מלבי\"ם באור המילות על יחזקאל ה׳:י׳:א׳", 
                    "sourceRef": "Malbim Beur Hamilot on Ezekiel 5:10:1"
                }, 
                {
                    "category": "Midrash", 
                    "index_title": "Sifra", 
                    "sourceHeRef": "ספרא, בחוקתי, פרק ו ג׳", 
                    "sourceRef": "Sifra, Bechukotai, Chapter 6 3"
                }, 
                {
                    "category": "Midrash", 
                    "index_title": "Pesikta Rabbati", 
                    "sourceHeRef": "פסיקתא רבתי כ״ט:א׳", 
                    "sourceRef": "Pesikta Rabbati 29:1"
                }
            ], 
            "text": "Therefore the fathers shall eat the sons in the midst of thee, and the sons shall eat their fathers; and I will execute judgments in thee, and the whole remnant of thee will I scatter unto all the winds."
        }, 
        {
            "segmentNumber": "11", 
            "he": "לָכֵ֣ן חַי־אָ֗נִי נְאֻם֮ אֲדֹנָ֣י יְהוִה֒ אִם־לֹ֗א יַ֚עַן אֶת־מִקְדָּשִׁ֣י טִמֵּ֔את בְּכָל־שִׁקּוּצַ֖יִךְ וּבְכָל־תּוֹעֲבֹתָ֑יִךְ וְגַם־אֲנִ֤י אֶגְרַע֙ וְלֹא־תָח֣וֹס עֵינִ֔י וְגַם־אֲנִ֖י לֹ֥א אֶחְמֽוֹל׃", 
            "links": [
                {
                    "category": "Commentary", 
                    "index_title": "Malbim on Ezekiel", 
                    "sourceHeRef": "מלבי\"ם על יחזקאל ה׳:י״א:א׳", 
                    "sourceRef": "Malbim on Ezekiel 5:11:1"
                }, 
                {
                    "category": "Commentary", 
                    "index_title": "Malbim on Ezekiel", 
                    "sourceHeRef": "מלבי\"ם על יחזקאל ה׳:י״א:ב׳", 
                    "sourceRef": "Malbim on Ezekiel 5:11:2"
                }, 
                {
                    "category": "Commentary", 
                    "index_title": "Malbim on Ezekiel", 
                    "sourceHeRef": "מלבי\"ם על יחזקאל ה׳:י״א:ג׳", 
                    "sourceRef": "Malbim on Ezekiel 5:11:3"
                }, 
                {
                    "category": "Commentary", 
                    "index_title": "Malbim on Ezekiel", 
                    "sourceHeRef": "מלבי\"ם על יחזקאל ה׳:י״א:ד׳", 
                    "sourceRef": "Malbim on Ezekiel 5:11:4"
                }, 
                {
                    "category": "Commentary", 
                    "index_title": "Malbim on Ezekiel", 
                    "sourceHeRef": "מלבי\"ם על יחזקאל ה׳:י״א:ה׳", 
                    "sourceRef": "Malbim on Ezekiel 5:11:5"
                }, 
                {
                    "category": "Commentary", 
                    "index_title": "Malbim on Ezekiel", 
                    "sourceHeRef": "מלבי\"ם על יחזקאל ה׳:י״א:ו׳", 
                    "sourceRef": "Malbim on Ezekiel 5:11:6"
                }, 
                {
                    "category": "Commentary", 
                    "index_title": "Metzudat David on Ezekiel", 
                    "sourceHeRef": "מצודת דוד על יחזקאל ה׳:י״א:א׳", 
                    "sourceRef": "Metzudat David on Ezekiel 5:11:1"
                }, 
                {
                    "category": "Commentary", 
                    "index_title": "Metzudat David on Ezekiel", 
                    "sourceHeRef": "מצודת דוד על יחזקאל ה׳:י״א:ב׳", 
                    "sourceRef": "Metzudat David on Ezekiel 5:11:2"
                }, 
                {
                    "category": "Commentary", 
                    "index_title": "Metzudat David on Ezekiel", 
                    "sourceHeRef": "מצודת דוד על יחזקאל ה׳:י״א:ג׳", 
                    "sourceRef": "Metzudat David on Ezekiel 5:11:3"
                }, 
                {
                    "category": "Commentary", 
                    "index_title": "Metzudat Zion on Ezekiel", 
                    "sourceHeRef": "מצודת ציון על יחזקאל ה׳:י״א:א׳", 
                    "sourceRef": "Metzudat Zion on Ezekiel 5:11:1"
                }, 
                {
                    "category": "Commentary", 
                    "index_title": "Metzudat Zion on Ezekiel", 
                    "sourceHeRef": "מצודת ציון על יחזקאל ה׳:י״א:ב׳", 
                    "sourceRef": "Metzudat Zion on Ezekiel 5:11:2"
                }, 
                {
                    "category": "Commentary", 
                    "index_title": "Metzudat Zion on Ezekiel", 
                    "sourceHeRef": "מצודת ציון על יחזקאל ה׳:י״א:ג׳", 
                    "sourceRef": "Metzudat Zion on Ezekiel 5:11:3"
                }, 
                {
                    "category": "Commentary", 
                    "index_title": "Metzudat Zion on Ezekiel", 
                    "sourceHeRef": "מצודת ציון על יחזקאל ה׳:י״א:ד׳", 
                    "sourceRef": "Metzudat Zion on Ezekiel 5:11:4"
                }, 
                {
                    "category": "Commentary", 
                    "index_title": "Malbim Beur Hamilot on Ezekiel", 
                    "sourceHeRef": "מלבי\"ם באור המילות על יחזקאל ה׳:י״א:א׳", 
                    "sourceRef": "Malbim Beur Hamilot on Ezekiel 5:11:1"
                }, 
                {
                    "category": "Commentary", 
                    "index_title": "Malbim Beur Hamilot on Ezekiel", 
                    "sourceHeRef": "מלבי\"ם באור המילות על יחזקאל ה׳:י״א:ב׳", 
                    "sourceRef": "Malbim Beur Hamilot on Ezekiel 5:11:2"
                }, 
                {
                    "category": "Quoting Commentary", 
                    "index_title": "Rashba on Shevuot", 
                    "sourceHeRef": "רשב״א על שבועות ט׳ א:ג׳", 
                    "sourceRef": "Rashba on Shevuot 9a:3"
                }
            ], 
            "text": "Wherefore, as I live, saith the Lord GOD, surely, because thou hast defiled My sanctuary with all thy detestable things, and with all thine abominations, therefore will I also diminish thee; neither shall Mine eye spare, and I also will have no pity."
        }, 
        {
            "segmentNumber": "12", 
            "he": "שְׁלִשִׁתֵ֞יךְ בַּדֶּ֣בֶר יָמ֗וּתוּ וּבָֽרָעָב֙ יִכְל֣וּ בְתוֹכֵ֔ךְ וְהַ֨שְּׁלִשִׁ֔ית בַּחֶ֖רֶב יִפְּל֣וּ סְבִיבוֹתָ֑יִךְ וְהַשְּׁלִישִׁית֙ לְכָל־ר֣וּחַ אֱזָרֶ֔ה וְחֶ֖רֶב אָרִ֥יק אַחֲרֵיהֶֽם׃", 
            "links": [
                {
                    "category": "Commentary", 
                    "index_title": "Malbim on Ezekiel", 
                    "sourceHeRef": "מלבי\"ם על יחזקאל ה׳:י״ב:א׳", 
                    "sourceRef": "Malbim on Ezekiel 5:12:1"
                }, 
                {
                    "category": "Commentary", 
                    "index_title": "Malbim on Ezekiel", 
                    "sourceHeRef": "מלבי\"ם על יחזקאל ה׳:י״ב:ב׳", 
                    "sourceRef": "Malbim on Ezekiel 5:12:2"
                }, 
                {
                    "category": "Commentary", 
                    "index_title": "Malbim on Ezekiel", 
                    "sourceHeRef": "מלבי\"ם על יחזקאל ה׳:י״ב:ג׳", 
                    "sourceRef": "Malbim on Ezekiel 5:12:3"
                }, 
                {
                    "category": "Commentary", 
                    "index_title": "Malbim on Ezekiel", 
                    "sourceHeRef": "מלבי\"ם על יחזקאל ה׳:י״ב:ד׳", 
                    "sourceRef": "Malbim on Ezekiel 5:12:4"
                }, 
                {
                    "category": "Commentary", 
                    "index_title": "Malbim on Ezekiel", 
                    "sourceHeRef": "מלבי\"ם על יחזקאל ה׳:י״ב:ה׳", 
                    "sourceRef": "Malbim on Ezekiel 5:12:5"
                }, 
                {
                    "category": "Commentary", 
                    "index_title": "Malbim on Ezekiel", 
                    "sourceHeRef": "מלבי\"ם על יחזקאל ה׳:י״ב:ו׳", 
                    "sourceRef": "Malbim on Ezekiel 5:12:6"
                }, 
                {
                    "category": "Commentary", 
                    "index_title": "Malbim on Ezekiel", 
                    "sourceHeRef": "מלבי\"ם על יחזקאל ה׳:י״ב:ז׳", 
                    "sourceRef": "Malbim on Ezekiel 5:12:7"
                }, 
                {
                    "category": "Commentary", 
                    "index_title": "Metzudat David on Ezekiel", 
                    "sourceHeRef": "מצודת דוד על יחזקאל ה׳:י״ב:א׳", 
                    "sourceRef": "Metzudat David on Ezekiel 5:12:1"
                }, 
                {
                    "category": "Commentary", 
                    "index_title": "Metzudat David on Ezekiel", 
                    "sourceHeRef": "מצודת דוד על יחזקאל ה׳:י״ב:ב׳", 
                    "sourceRef": "Metzudat David on Ezekiel 5:12:2"
                }, 
                {
                    "category": "Commentary", 
                    "index_title": "Metzudat David on Ezekiel", 
                    "sourceHeRef": "מצודת דוד על יחזקאל ה׳:י״ב:ג׳", 
                    "sourceRef": "Metzudat David on Ezekiel 5:12:3"
                }, 
                {
                    "category": "Commentary", 
                    "index_title": "Metzudat Zion on Ezekiel", 
                    "sourceHeRef": "מצודת ציון על יחזקאל ה׳:י״ב:א׳", 
                    "sourceRef": "Metzudat Zion on Ezekiel 5:12:1"
                }, 
                {
                    "category": "Commentary", 
                    "index_title": "Metzudat Zion on Ezekiel", 
                    "sourceHeRef": "מצודת ציון על יחזקאל ה׳:י״ב:ב׳", 
                    "sourceRef": "Metzudat Zion on Ezekiel 5:12:2"
                }
            ], 
            "text": "A third part of thee shall die with the pestilence, and with famine shall they be consumed in the midst of thee; and a third part shall fall by the sword round about thee; and a third part I will scatter unto all the winds, and will draw out a sword after them."
        }, 
        {
            "segmentNumber": "13", 
            "he": "וְכָלָ֣ה אַפִּ֗י וַהֲנִחוֹתִ֧י חֲמָתִ֛י בָּ֖ם וְהִנֶּחָ֑מְתִּי וְֽיָדְע֞וּ כִּי־אֲנִ֣י יְהוָ֗ה דִּבַּ֙רְתִּי֙ בְּקִנְאָתִ֔י בְּכַלּוֹתִ֥י חֲמָתִ֖י בָּֽם׃", 
            "links": [
                {
                    "category": "Commentary", 
                    "index_title": "Malbim on Ezekiel", 
                    "sourceHeRef": "מלבי\"ם על יחזקאל ה׳:י״ג:א׳", 
                    "sourceRef": "Malbim on Ezekiel 5:13:1"
                }, 
                {
                    "category": "Commentary", 
                    "index_title": "Malbim on Ezekiel", 
                    "sourceHeRef": "מלבי\"ם על יחזקאל ה׳:י״ג:ב׳", 
                    "sourceRef": "Malbim on Ezekiel 5:13:2"
                }, 
                {
                    "category": "Commentary", 
                    "index_title": "Malbim on Ezekiel", 
                    "sourceHeRef": "מלבי\"ם על יחזקאל ה׳:י״ג:ג׳", 
                    "sourceRef": "Malbim on Ezekiel 5:13:3"
                }, 
                {
                    "category": "Commentary", 
                    "index_title": "Malbim on Ezekiel", 
                    "sourceHeRef": "מלבי\"ם על יחזקאל ה׳:י״ג:ד׳", 
                    "sourceRef": "Malbim on Ezekiel 5:13:4"
                }, 
                {
                    "category": "Commentary", 
                    "index_title": "Malbim on Ezekiel", 
                    "sourceHeRef": "מלבי\"ם על יחזקאל ה׳:י״ג:ה׳", 
                    "sourceRef": "Malbim on Ezekiel 5:13:5"
                }, 
                {
                    "category": "Commentary", 
                    "index_title": "Malbim on Ezekiel", 
                    "sourceHeRef": "מלבי\"ם על יחזקאל ה׳:י״ג:ו׳", 
                    "sourceRef": "Malbim on Ezekiel 5:13:6"
                }, 
                {
                    "category": "Commentary", 
                    "index_title": "Rashi on Ezekiel", 
                    "sourceHeRef": "רש\"י על יחזקאל ה׳:י״ג:א׳", 
                    "sourceRef": "Rashi on Ezekiel 5:13:1"
                }, 
                {
                    "category": "Commentary", 
                    "index_title": "Rashi on Ezekiel", 
                    "sourceHeRef": "רש\"י על יחזקאל ה׳:י״ג:ב׳", 
                    "sourceRef": "Rashi on Ezekiel 5:13:2"
                }, 
                {
                    "category": "Commentary", 
                    "index_title": "Metzudat David on Ezekiel", 
                    "sourceHeRef": "מצודת דוד על יחזקאל ה׳:י״ג:א׳", 
                    "sourceRef": "Metzudat David on Ezekiel 5:13:1"
                }, 
                {
                    "category": "Commentary", 
                    "index_title": "Metzudat David on Ezekiel", 
                    "sourceHeRef": "מצודת דוד על יחזקאל ה׳:י״ג:ב׳", 
                    "sourceRef": "Metzudat David on Ezekiel 5:13:2"
                }, 
                {
                    "category": "Commentary", 
                    "index_title": "Metzudat Zion on Ezekiel", 
                    "sourceHeRef": "מצודת ציון על יחזקאל ה׳:י״ג:א׳", 
                    "sourceRef": "Metzudat Zion on Ezekiel 5:13:1"
                }, 
                {
                    "category": "Commentary", 
                    "index_title": "Metzudat Zion on Ezekiel", 
                    "sourceHeRef": "מצודת ציון על יחזקאל ה׳:י״ג:ב׳", 
                    "sourceRef": "Metzudat Zion on Ezekiel 5:13:2"
                }, 
                {
                    "category": "Commentary", 
                    "index_title": "Metzudat Zion on Ezekiel", 
                    "sourceHeRef": "מצודת ציון על יחזקאל ה׳:י״ג:ג׳", 
                    "sourceRef": "Metzudat Zion on Ezekiel 5:13:3"
                }, 
                {
                    "category": "Commentary", 
                    "index_title": "Metzudat Zion on Ezekiel", 
                    "sourceHeRef": "מצודת ציון על יחזקאל ה׳:י״ג:ד׳", 
                    "sourceRef": "Metzudat Zion on Ezekiel 5:13:4"
                }, 
                {
                    "category": "Commentary", 
                    "index_title": "Malbim Beur Hamilot on Ezekiel", 
                    "sourceHeRef": "מלבי\"ם באור המילות על יחזקאל ה׳:י״ג:א׳", 
                    "sourceRef": "Malbim Beur Hamilot on Ezekiel 5:13:1"
                }, 
                {
                    "category": "Quoting Commentary", 
                    "index_title": "Ramban on Exodus", 
                    "sourceHeRef": "רמב\"ן על שמות ל״ג:י״ג:א׳", 
                    "sourceRef": "Ramban on Exodus 33:13:1"
                }, 
                {
                    "category": "Quoting Commentary", 
                    "index_title": "Ramban on Exodus", 
                    "sourceHeRef": "רמב\"ן על שמות ל״ג:י״ד:ב׳", 
                    "sourceRef": "Ramban on Exodus 33:14:2"
                }, 
                {
                    "category": "Talmud", 
                    "index_title": "Berakhot", 
                    "sourceHeRef": "ברכות נ״ט א:כ״ט", 
                    "sourceRef": "Berakhot 59a:29"
                }, 
                {
                    "category": "Midrash", 
                    "index_title": "Midrash Tehillim", 
                    "sourceHeRef": "מדרש תהילים פ״ה:א׳", 
                    "sourceRef": "Midrash Tehillim 85:1"
                }
            ], 
            "text": "Thus shall Mine anger spend itself, and I will satisfy My fury upon them, and I will be eased; and they shall know that I the LORD have spoken in My zeal, when I have spent My fury upon them."
        }, 
        {
            "segmentNumber": "14", 
            "he": "וְאֶתְּנֵךְ֙ לְחָרְבָּ֣ה וּלְחֶרְפָּ֔ה בַּגּוֹיִ֖ם אֲשֶׁ֣ר סְבִיבוֹתָ֑יִךְ לְעֵינֵ֖י כָּל־עוֹבֵֽר׃", 
            "links": [
                {
                    "category": "Commentary", 
                    "index_title": "Malbim on Ezekiel", 
                    "sourceHeRef": "מלבי\"ם על יחזקאל ה׳:י״ד:א׳", 
                    "sourceRef": "Malbim on Ezekiel 5:14:1"
                }, 
                {
                    "category": "Commentary", 
                    "index_title": "Malbim on Ezekiel", 
                    "sourceHeRef": "מלבי\"ם על יחזקאל ה׳:י״ד:ב׳", 
                    "sourceRef": "Malbim on Ezekiel 5:14:2"
                }, 
                {
                    "category": "Commentary", 
                    "index_title": "Rashi on Ezekiel", 
                    "sourceHeRef": "רש\"י על יחזקאל ה׳:י״ד:א׳", 
                    "sourceRef": "Rashi on Ezekiel 5:14:1"
                }, 
                {
                    "category": "Commentary", 
                    "index_title": "Metzudat David on Ezekiel", 
                    "sourceHeRef": "מצודת דוד על יחזקאל ה׳:י״ד:א׳", 
                    "sourceRef": "Metzudat David on Ezekiel 5:14:1"
                }, 
                {
                    "category": "Commentary", 
                    "index_title": "Metzudat Zion on Ezekiel", 
                    "sourceHeRef": "מצודת ציון על יחזקאל ה׳:י״ד:א׳", 
                    "sourceRef": "Metzudat Zion on Ezekiel 5:14:1"
                }
            ], 
            "text": "Moreover I will make thee an amazement and a reproach, among the nations that are round about thee, in the sight of all that pass by."
        }, 
        {
            "segmentNumber": "15", 
            "he": "וְֽהָ֨יְתָ֜ה חֶרְפָּ֤ה וּגְדוּפָה֙ מוּסָ֣ר וּמְשַׁמָּ֔ה לַגּוֹיִ֖ם אֲשֶׁ֣ר סְבִיבוֹתָ֑יִךְ בַּעֲשׂוֹתִי֩ בָ֨ךְ שְׁפָטִ֜ים בְּאַ֤ף וּבְחֵמָה֙ וּבְתֹכְח֣וֹת חֵמָ֔ה אֲנִ֥י יְהוָ֖ה דִּבַּֽרְתִּי׃", 
            "links": [
                {
                    "category": "Commentary", 
                    "index_title": "Malbim on Ezekiel", 
                    "sourceHeRef": "מלבי\"ם על יחזקאל ה׳:ט״ו:א׳", 
                    "sourceRef": "Malbim on Ezekiel 5:15:1"
                }, 
                {
                    "category": "Commentary", 
                    "index_title": "Malbim on Ezekiel", 
                    "sourceHeRef": "מלבי\"ם על יחזקאל ה׳:ט״ו:ב׳", 
                    "sourceRef": "Malbim on Ezekiel 5:15:2"
                }, 
                {
                    "category": "Commentary", 
                    "index_title": "Malbim on Ezekiel", 
                    "sourceHeRef": "מלבי\"ם על יחזקאל ה׳:ט״ו:ג׳", 
                    "sourceRef": "Malbim on Ezekiel 5:15:3"
                }, 
                {
                    "category": "Commentary", 
                    "index_title": "Malbim on Ezekiel", 
                    "sourceHeRef": "מלבי\"ם על יחזקאל ה׳:ט״ו:ד׳", 
                    "sourceRef": "Malbim on Ezekiel 5:15:4"
                }, 
                {
                    "category": "Commentary", 
                    "index_title": "Malbim on Ezekiel", 
                    "sourceHeRef": "מלבי\"ם על יחזקאל ה׳:ט״ו:ה׳", 
                    "sourceRef": "Malbim on Ezekiel 5:15:5"
                }, 
                {
                    "category": "Commentary", 
                    "index_title": "Malbim on Ezekiel", 
                    "sourceHeRef": "מלבי\"ם על יחזקאל ה׳:ט״ו:ו׳", 
                    "sourceRef": "Malbim on Ezekiel 5:15:6"
                }, 
                {
                    "category": "Commentary", 
                    "index_title": "Malbim on Ezekiel", 
                    "sourceHeRef": "מלבי\"ם על יחזקאל ה׳:ט״ו:ז׳", 
                    "sourceRef": "Malbim on Ezekiel 5:15:7"
                }, 
                {
                    "category": "Commentary", 
                    "index_title": "Rashi on Ezekiel", 
                    "sourceHeRef": "רש\"י על יחזקאל ה׳:ט״ו:א׳", 
                    "sourceRef": "Rashi on Ezekiel 5:15:1"
                }, 
                {
                    "category": "Commentary", 
                    "index_title": "Rashi on Ezekiel", 
                    "sourceHeRef": "רש\"י על יחזקאל ה׳:ט״ו:ב׳", 
                    "sourceRef": "Rashi on Ezekiel 5:15:2"
                }, 
                {
                    "category": "Commentary", 
                    "index_title": "Rashi on Ezekiel", 
                    "sourceHeRef": "רש\"י על יחזקאל ה׳:ט״ו:ג׳", 
                    "sourceRef": "Rashi on Ezekiel 5:15:3"
                }, 
                {
                    "category": "Commentary", 
                    "index_title": "Metzudat David on Ezekiel", 
                    "sourceHeRef": "מצודת דוד על יחזקאל ה׳:ט״ו:א׳", 
                    "sourceRef": "Metzudat David on Ezekiel 5:15:1"
                }, 
                {
                    "category": "Commentary", 
                    "index_title": "Metzudat David on Ezekiel", 
                    "sourceHeRef": "מצודת דוד על יחזקאל ה׳:ט״ו:ב׳", 
                    "sourceRef": "Metzudat David on Ezekiel 5:15:2"
                }, 
                {
                    "category": "Commentary", 
                    "index_title": "Metzudat David on Ezekiel", 
                    "sourceHeRef": "מצודת דוד על יחזקאל ה׳:ט״ו:ג׳", 
                    "sourceRef": "Metzudat David on Ezekiel 5:15:3"
                }, 
                {
                    "category": "Commentary", 
                    "index_title": "Metzudat David on Ezekiel", 
                    "sourceHeRef": "מצודת דוד על יחזקאל ה׳:ט״ו:ד׳", 
                    "sourceRef": "Metzudat David on Ezekiel 5:15:4"
                }, 
                {
                    "category": "Commentary", 
                    "index_title": "Metzudat David on Ezekiel", 
                    "sourceHeRef": "מצודת דוד על יחזקאל ה׳:ט״ו:ה׳", 
                    "sourceRef": "Metzudat David on Ezekiel 5:15:5"
                }, 
                {
                    "category": "Commentary", 
                    "index_title": "Metzudat David on Ezekiel", 
                    "sourceHeRef": "מצודת דוד על יחזקאל ה׳:ט״ו:ו׳", 
                    "sourceRef": "Metzudat David on Ezekiel 5:15:6"
                }, 
                {
                    "category": "Commentary", 
                    "index_title": "Metzudat David on Ezekiel", 
                    "sourceHeRef": "מצודת דוד על יחזקאל ה׳:ט״ו:ז׳", 
                    "sourceRef": "Metzudat David on Ezekiel 5:15:7"
                }, 
                {
                    "category": "Commentary", 
                    "index_title": "Metzudat Zion on Ezekiel", 
                    "sourceHeRef": "מצודת ציון על יחזקאל ה׳:ט״ו:א׳", 
                    "sourceRef": "Metzudat Zion on Ezekiel 5:15:1"
                }, 
                {
                    "category": "Commentary", 
                    "index_title": "Metzudat Zion on Ezekiel", 
                    "sourceHeRef": "מצודת ציון על יחזקאל ה׳:ט״ו:ב׳", 
                    "sourceRef": "Metzudat Zion on Ezekiel 5:15:2"
                }, 
                {
                    "category": "Commentary", 
                    "index_title": "Metzudat Zion on Ezekiel", 
                    "sourceHeRef": "מצודת ציון על יחזקאל ה׳:ט״ו:ג׳", 
                    "sourceRef": "Metzudat Zion on Ezekiel 5:15:3"
                }, 
                {
                    "category": "Commentary", 
                    "index_title": "Metzudat Zion on Ezekiel", 
                    "sourceHeRef": "מצודת ציון על יחזקאל ה׳:ט״ו:ד׳", 
                    "sourceRef": "Metzudat Zion on Ezekiel 5:15:4"
                }, 
                {
                    "category": "Quoting Commentary", 
                    "index_title": "Rashi on Numbers", 
                    "sourceHeRef": "רש\"י על במדבר ט״ו:ל׳:ב׳", 
                    "sourceRef": "Rashi on Numbers 15:30:2"
                }
            ], 
            "text": "So it shall be a reproach and a taunt, an instruction and an astonishment, unto the nations that are round about thee, when I shall execute judgments in thee in anger and in fury, and in furious rebukes; I the LORD have spoken it;"
        }, 
        {
            "segmentNumber": "16", 
            "he": "בְּֽשַׁלְּחִ֡י אֶת־חִצֵּי֩ הָרָעָ֨ב הָרָעִ֤ים בָּהֶם֙ אֲשֶׁ֣ר הָי֣וּ לְמַשְׁחִ֔ית אֲשֶׁר־אֲשַׁלַּ֥ח אוֹתָ֖ם לְשַֽׁחֶתְכֶ֑ם וְרָעָב֙ אֹסֵ֣ף עֲלֵיכֶ֔ם וְשָׁבַרְתִּ֥י לָכֶ֖ם מַטֵּה־לָֽחֶם׃", 
            "links": [
                {
                    "category": "Commentary", 
                    "index_title": "Malbim on Ezekiel", 
                    "sourceHeRef": "מלבי\"ם על יחזקאל ה׳:ט״ז:א׳", 
                    "sourceRef": "Malbim on Ezekiel 5:16:1"
                }, 
                {
                    "category": "Commentary", 
                    "index_title": "Malbim on Ezekiel", 
                    "sourceHeRef": "מלבי\"ם על יחזקאל ה׳:ט״ז:ב׳", 
                    "sourceRef": "Malbim on Ezekiel 5:16:2"
                }, 
                {
                    "category": "Commentary", 
                    "index_title": "Malbim on Ezekiel", 
                    "sourceHeRef": "מלבי\"ם על יחזקאל ה׳:ט״ז:ג׳", 
                    "sourceRef": "Malbim on Ezekiel 5:16:3"
                }, 
                {
                    "category": "Commentary", 
                    "index_title": "Malbim on Ezekiel", 
                    "sourceHeRef": "מלבי\"ם על יחזקאל ה׳:ט״ז:ד׳", 
                    "sourceRef": "Malbim on Ezekiel 5:16:4"
                }, 
                {
                    "category": "Commentary", 
                    "index_title": "Malbim on Ezekiel", 
                    "sourceHeRef": "מלבי\"ם על יחזקאל ה׳:ט״ז:ה׳", 
                    "sourceRef": "Malbim on Ezekiel 5:16:5"
                }, 
                {
                    "category": "Commentary", 
                    "index_title": "Rashi on Ezekiel", 
                    "sourceHeRef": "רש\"י על יחזקאל ה׳:ט״ז:א׳", 
                    "sourceRef": "Rashi on Ezekiel 5:16:1"
                }, 
                {
                    "category": "Commentary", 
                    "index_title": "Rashi on Ezekiel", 
                    "sourceHeRef": "רש\"י על יחזקאל ה׳:ט״ז:ב׳", 
                    "sourceRef": "Rashi on Ezekiel 5:16:2"
                }, 
                {
                    "category": "Commentary", 
                    "index_title": "Metzudat David on Ezekiel", 
                    "sourceHeRef": "מצודת דוד על יחזקאל ה׳:ט״ז:א׳", 
                    "sourceRef": "Metzudat David on Ezekiel 5:16:1"
                }, 
                {
                    "category": "Commentary", 
                    "index_title": "Metzudat Zion on Ezekiel", 
                    "sourceHeRef": "מצודת ציון על יחזקאל ה׳:ט״ז:א׳", 
                    "sourceRef": "Metzudat Zion on Ezekiel 5:16:1"
                }, 
                {
                    "category": "Commentary", 
                    "index_title": "Metzudat Zion on Ezekiel", 
                    "sourceHeRef": "מצודת ציון על יחזקאל ה׳:ט״ז:ב׳", 
                    "sourceRef": "Metzudat Zion on Ezekiel 5:16:2"
                }, 
                {
                    "category": "Commentary", 
                    "index_title": "Malbim Beur Hamilot on Ezekiel", 
                    "sourceHeRef": "מלבי\"ם באור המילות על יחזקאל ה׳:ט״ז:א׳", 
                    "sourceRef": "Malbim Beur Hamilot on Ezekiel 5:16:1"
                }, 
                {
                    "category": "Quoting Commentary", 
                    "index_title": "Rashi on Leviticus", 
                    "sourceHeRef": "רש\"י על ויקרא כ״ו:כ״ו:ב׳", 
                    "sourceRef": "Rashi on Leviticus 26:26:2"
                }
            ], 
            "text": "when I shall send upon them the evil arrows of famine, that are for destruction, which I will send to destroy you; and I will increase the famine upon you, and will break your staff of bread;"
        }, 
        {
            "segmentNumber": "17", 
            "he": "וְשִׁלַּחְתִּ֣י עֲ֠לֵיכֶם רָעָ֞ב וְחַיָּ֤ה רָעָה֙ וְשִׁכְּלֻ֔ךְ וְדֶ֥בֶר וָדָ֖ם יַעֲבָר־בָּ֑ךְ וְחֶ֙רֶב֙ אָבִ֣יא עָלַ֔יִךְ אֲנִ֥י יְהוָ֖ה דִּבַּֽרְתִּי׃ (פ)", 
            "links": [
                {
                    "category": "Commentary", 
                    "index_title": "Malbim on Ezekiel", 
                    "sourceHeRef": "מלבי\"ם על יחזקאל ה׳:י״ז:א׳", 
                    "sourceRef": "Malbim on Ezekiel 5:17:1"
                }, 
                {
                    "category": "Commentary", 
                    "index_title": "Malbim on Ezekiel", 
                    "sourceHeRef": "מלבי\"ם על יחזקאל ה׳:י״ז:ב׳", 
                    "sourceRef": "Malbim on Ezekiel 5:17:2"
                }, 
                {
                    "category": "Commentary", 
                    "index_title": "Metzudat David on Ezekiel", 
                    "sourceHeRef": "מצודת דוד על יחזקאל ה׳:י״ז:א׳", 
                    "sourceRef": "Metzudat David on Ezekiel 5:17:1"
                }, 
                {
                    "category": "Commentary", 
                    "index_title": "Metzudat David on Ezekiel", 
                    "sourceHeRef": "מצודת דוד על יחזקאל ה׳:י״ז:ב׳", 
                    "sourceRef": "Metzudat David on Ezekiel 5:17:2"
                }, 
                {
                    "category": "Commentary", 
                    "index_title": "Metzudat David on Ezekiel", 
                    "sourceHeRef": "מצודת דוד על יחזקאל ה׳:י״ז:ג׳", 
                    "sourceRef": "Metzudat David on Ezekiel 5:17:3"
                }, 
                {
                    "category": "Commentary", 
                    "index_title": "Metzudat David on Ezekiel", 
                    "sourceHeRef": "מצודת דוד על יחזקאל ה׳:י״ז:ד׳", 
                    "sourceRef": "Metzudat David on Ezekiel 5:17:4"
                }, 
                {
                    "category": "Commentary", 
                    "index_title": "Metzudat Zion on Ezekiel", 
                    "sourceHeRef": "מצודת ציון על יחזקאל ה׳:י״ז:א׳", 
                    "sourceRef": "Metzudat Zion on Ezekiel 5:17:1"
                }
            ], 
            "text": "and I will send upon you famine and evil beasts, and they shall bereave thee; and pestilence and blood shall pass through thee; and I will bring the sword upon thee. I the LORD have spoken it.’"
        }
    ], 
    "heTitle": "יחזקאל", 
    "indexTitle": "Ezekiel", 
    "sectionRef": "Ezekiel 5", 
    "prev": "Ezekiel 4", 
    "ref": "Ezekiel 5", 
    "heRef": "יחזקאל ה׳", 
    "next": "Ezekiel 6"
}