{
    "heTitleVariants": [
        " פילפולא חריפתא על שבועות"
    ], 
    "heTitle": " פילפולא חריפתא על שבועות", 
    "heRef": " פילפולא חריפתא על שבועות נ״ה", 
    "toSections": [
        55
    ], 
    "sectionRef": "Pilpula Charifta on Shevuot 55", 
    "next": "Pilpula Charifta on Shevuot 56", 
    "content": [
        {
            "segmentNumber": "1", 
            "he": "<b>  ה\"ג </b>  ועל שגגתה עם זדון השבועה ואינו חייב על שגגתה מה חייב: ", 
            "links": [
                {
                    "category": "Commentary", 
                    "sourceHeRef": " פסקי הראש על שבועות ה׳:א׳:א׳", 
                    "index_title": "Rosh on Shevuot", 
                    "sourceRef": "Rosh on Shevuot 5:1:1"
                }
            ], 
            "text": ""
        }
    ], 
    "book": "Pilpula Charifta on Shevuot", 
    "prev": "Pilpula Charifta on Shevuot 54", 
    "textDepth": 2, 
    "sectionNames": [
        "Seif", 
        "siman"
    ], 
    "sections": [
        55
    ], 
    "isComplex": false, 
    "titleVariants": [
        "Pilpula Charifta on Shevuot"
    ], 
    "categories": [
        "Commentary2", 
        "Talmud", 
        "Pilpula Charifta"
    ], 
    "ref": "Pilpula Charifta on Shevuot 55", 
    "type": "Commentary2", 
    "addressTypes": [
        "Integer", 
        "Integer"
    ], 
    "indexTitle": "Pilpula Charifta on Shevuot", 
    "heIndexTitle": " פילפולא חריפתא על שבועות", 
    "alts": [], 
    "order": ""
}