{
    "heTitleVariants": [
        "רלב\"ג על איוב"
    ], 
    "heTitle": "רלב\"ג על איוב", 
    "commentaryBook": "Job", 
    "heRef": "רלב\"ג על איוב כ״ו", 
    "toSections": [
        26
    ], 
    "sectionRef": "Ralbag on Job 26", 
    "title": "Ralbag on Job 26", 
    "lengths": [
        42, 
        1070
    ], 
    "next": "Ralbag on Job 27:1", 
    "content": [
        {
            "segmentNumber": "1", 
            "he": [
                "<b>ביאור מלות המענה </b>ויען איוב ויאמר :\n"
            ], 
            "links": [
                {
                    "category": "Tanach", 
                    "sourceHeRef": "איוב כ״ו:א׳", 
                    "sourceRef": "Job 26:1", 
                    "ref": "Job 26:1"
                }
            ], 
            "text": ""
        }, 
        {
            "segmentNumber": "2", 
            "he": [], 
            "links": [], 
            "text": ""
        }, 
        {
            "segmentNumber": "3", 
            "he": [
                "<b>ותושיה .</b> הנימוס והסידור האלהי הנמצא בנמצאות :\n"
            ], 
            "links": [
                {
                    "category": "Tanach", 
                    "sourceHeRef": "איוב כ״ו:ג׳", 
                    "sourceRef": "Job 26:3", 
                    "ref": "Job 26:3"
                }
            ], 
            "text": ""
        }, 
        {
            "segmentNumber": "4", 
            "he": [
                "<b>ונשמת מי יצאה ממך .</b> ונפש מי יצאה ממך והרצון מה למדת בני האדם במאמריך כי מי שילמד חבירו דבר דומה כאלו עושה נפשו בדבר המגיע לנפש בלמוד ההוא כי הנפש תשלם ותעשה בלמוד המושכלות ותהיה היא והמושכלות אשר תשיגם דבר אחד ולזה אמר ואת הנפש אשר עשו בחרן והם האנשים אשר משכום אברהם ושרה לעבודת השם ולהשגת האמת :\n"
            ], 
            "links": [
                {
                    "category": "Tanach", 
                    "sourceHeRef": "איוב כ״ו:ד׳", 
                    "sourceRef": "Job 26:4", 
                    "ref": "Job 26:4"
                }
            ], 
            "text": ""
        }, 
        {
            "segmentNumber": "5", 
            "he": [
                "<b>הרפאים .</b> הם גרעיני הזרע וקראם רפאים להיותם קודם הזריעה כמתים וימצא להם כח נפשי כשנזרעו וזה פלא גדול ואמר זה בצמחים אשר יצמחו בקרקע הים והנהרות כמו האלמוג והדומה לו ממה שיצמח תחת המים וזה פלא שיגיע פועל השם באמצעות הגרמים השמימיים לכמו אלו המקומות ולא ימנעום המים והארץ אשר עליהם משיגיע שם פועל הכוכבים או ירצה ברפאים הדומימיים והם המחצבים כמו המתכות ושאר הדברים ההוים בבטן הארץ מתחת המים ותחת שוכניהם מצד האידים אשר ימציאו שם הכוכבים כמו שהתבאר בטבעיות וקראם רפאים להיותם כמתים שאין בהם כח נפשי כלל והנה זה הביאור יותר נאות מצד הלשון כי לפי הביאור הראשון היה ראוי שיאמר הרפאים יצמחו : ", 
                "<b>יחוללו .</b> יבראו : ", 
                "<b>ושוכניהם .</b> ומתחת שוכניהם :\n"
            ], 
            "links": [
                {
                    "category": "Tanach", 
                    "sourceHeRef": "איוב כ״ו:ה׳", 
                    "sourceRef": "Job 26:5", 
                    "ref": "Job 26:5"
                }, 
                {
                    "category": "Tanach", 
                    "sourceHeRef": "איוב כ״ו:ה׳", 
                    "sourceRef": "Job 26:5", 
                    "ref": "Job 26:5"
                }, 
                {
                    "category": "Tanach", 
                    "sourceHeRef": "איוב כ״ו:ה׳", 
                    "sourceRef": "Job 26:5", 
                    "ref": "Job 26:5"
                }
            ], 
            "text": ""
        }, 
        {
            "segmentNumber": "6", 
            "he": [
                "<b>שאול .</b> הוא המטה במוחלט והיא מרכו הארץ ואמר זה על צד ההפלגה וגוזמא רצוני שאפילו במקום ההוא יגיע פועל השם יתברך כאילו היה ערום שלא יהיה למעלה ממנו גשם יכסהו וימנעהו מקבול פועל הגרמים השמימיים וקרא המקום ההוא אבדון ג''כ להיותו יותר רחוק מקבול פועל הגרמים השמימיים מכל מקומות הארץ ולוה היה נעדר השלמות יותר משאר חלקי הארץ כי המות והאבדון ייוחס לנעדר הצורה והשלימות :\n"
            ], 
            "links": [
                {
                    "category": "Tanach", 
                    "sourceHeRef": "איוב כ״ו:ו׳", 
                    "sourceRef": "Job 26:6", 
                    "ref": "Job 26:6"
                }
            ], 
            "text": ""
        }, 
        {
            "segmentNumber": "7", 
            "he": [
                "<b>על בלימה .</b> על מה שאין לו מציאות בעצמותו והוא מרכז הארץ כי עליו נתלית הארץ כמו שהתבאר בטבעיות :\n"
            ], 
            "links": [
                {
                    "category": "Tanach", 
                    "sourceHeRef": "איוב כ״ו:ז׳", 
                    "sourceRef": "Job 26:7", 
                    "ref": "Job 26:7"
                }
            ], 
            "text": ""
        }, 
        {
            "segmentNumber": "8", 
            "he": [], 
            "links": [], 
            "text": ""
        }, 
        {
            "segmentNumber": "9", 
            "he": [
                "<b>מאחז פני כסא .</b> מאחז ומעבה האויר אשר על פני רקיע השמים אשר נקרא כסא כאמרו השמים כסאו : ", 
                "<b>פרשז עליו עננו .</b> ובזה האופן פרש עליו עננו ר''ל כי בהתעבות האויר ההוא יתחדש ממנו הענן כמו שהתבאר בספר האותות :\n"
            ], 
            "links": [
                {
                    "category": "Tanach", 
                    "sourceHeRef": "איוב כ״ו:ט׳", 
                    "sourceRef": "Job 26:9", 
                    "ref": "Job 26:9"
                }, 
                {
                    "category": "Tanach", 
                    "sourceHeRef": "איוב כ״ו:ט׳", 
                    "sourceRef": "Job 26:9", 
                    "ref": "Job 26:9"
                }
            ], 
            "text": ""
        }, 
        {
            "segmentNumber": "10", 
            "he": [
                "<b>חג .</b> הגביל וייחסו למחוגה לפי שהמחוגה מגבלת תכליות השטח העגול המתחדש בסבתה :\n"
            ], 
            "links": [
                {
                    "category": "Tanach", 
                    "sourceHeRef": "איוב כ״ו:י׳", 
                    "sourceRef": "Job 26:10", 
                    "ref": "Job 26:10"
                }
            ], 
            "text": ""
        }, 
        {
            "segmentNumber": "11", 
            "he": [
                "<b>ירופפו .</b> יתנועעו ויזדעזעו :\n"
            ], 
            "links": [
                {
                    "category": "Tanach", 
                    "sourceHeRef": "איוב כ״ו:י״א", 
                    "sourceRef": "Job 26:11", 
                    "ref": "Job 26:11"
                }
            ], 
            "text": ""
        }, 
        {
            "segmentNumber": "12", 
            "he": [
                "<b>רגע .</b> נח : ", 
                "<b>מחץ רהב .</b> הנה מה שיגבה מהים על הארץ ר''ל שסבב שלא יגבה הים על החלק הנגלה מהארץ :\n"
            ], 
            "links": [
                {
                    "category": "Tanach", 
                    "sourceHeRef": "איוב כ״ו:י״ב", 
                    "sourceRef": "Job 26:12", 
                    "ref": "Job 26:12"
                }, 
                {
                    "category": "Tanach", 
                    "sourceHeRef": "איוב כ״ו:י״ב", 
                    "sourceRef": "Job 26:12", 
                    "ref": "Job 26:12"
                }
            ], 
            "text": ""
        }, 
        {
            "segmentNumber": "13", 
            "he": [
                "<b>ברוחו שמים שפרה .</b> ברצון השם היו השמים בזה האופן מהיופי והשלימו' אשר הם בו : ", 
                "<b>חוללה .</b> בראה : ", 
                "<b>נחש בריח .</b> הוא דמות הנחש הנראה סובב בגלגל המזלות והוא העגול החלבי :\n"
            ], 
            "links": [
                {
                    "category": "Tanach", 
                    "sourceHeRef": "איוב כ״ו:י״ג", 
                    "sourceRef": "Job 26:13", 
                    "ref": "Job 26:13"
                }, 
                {
                    "category": "Tanach", 
                    "sourceHeRef": "איוב כ״ו:י״ג", 
                    "sourceRef": "Job 26:13", 
                    "ref": "Job 26:13"
                }, 
                {
                    "category": "Tanach", 
                    "sourceHeRef": "איוב כ״ו:י״ג", 
                    "sourceRef": "Job 26:13", 
                    "ref": "Job 26:13"
                }
            ], 
            "text": ""
        }, 
        {
            "segmentNumber": "14", 
            "he": [
                "<b>שמץ מנהו .</b> מעט : ", 
                "<b>ורעם גבורותיו .</b> ורבוי גזרותיו : ביאור דברי המענה , ענה איוב ואמר מה עזרת לדעתך בהשגחה לפי מחשבותיך באלו המאמרים אשר אמרת הנה אין להם כח לעזור לדעתך ולהתנצל מהספקות אשר ספקתי על דבריך ומה יעצת עם לבבך להשיב על הספיקות אשר ספקתי לך מאין חכמה ואיפה נימוס השם בנמצאות וסדורו אשר הודעת לרוב ר''ל שמה שהגיד ממנו הוא מעט מזער , את מי הגדת אלו הדברים ומה למדת אותנו בזה הלא אני יודע יותר ויותר מנימוס פעולות השם וגבורותיו ונפלאותיו , הלא המחצבים יברא השם יתברך מתחת המים ותחת הדברים השוכנים בארץ וזה בתכלית הפלא ר''ל שיגיע שם בבטן הארץ בזה האופן מהעומק פעל הגרמים השמימיים השופע מהשם יתברך , הנה המטה במוחלט והוא מרכז הארץ הוא לפני השם כאילו הוא ערום ואין לו כסות עם כסותו אותו הארץ עד שכבר יגיע פועל השם שם עם עומקו , הנה השם מטה הצפון אשר שם היישוב על תוהו כי הוא נשען על מרכז הארץ אשר אינו כי אם נקודה ותולה הארץ על בלמה ר''ל שהיא נשענת ונסמכת על הנקודה שהיא מרכזה לא בדבר חוץ ממנה כמו שהתבאר בטבעיות וזה בתכלית הפלא , הנה הוא צורר מים בענניו ולא נבקע ענן תחתם כאשר יוליכום הרוחות עד הגיעם אל המקום אשר ירד שם המטר , הנה השם יתברך סבה שיאחז האויר אשר על פני השמים ויתעבה מצד הקרירות ואז פירש עליו עננו כי בזה האופן יהיו הויות הענן וספר זה לפי שנעלם מהמון האנשים , גזר חק על פני מים שלא יעבור גבולו בדרך שיראה זה החלק הנגלה מן הארץ בצד הצפוני תמיד ויתהוו בו אלו ההויות עד המקום שיכלה בו היות האור עם החשך בכל יום ר''ל שיהיה קצת כל יום מימי השנה אור וקצתו חשך וזה דבר ימשך עד מרחב ס''ו מעלות וכ''ה דקים ועד שם נמשך הישוב לפי מה שספרו הקודמים ואולם שם יהיה יום אחד בשנה אין בו לילה ויום אחד כנגדו אין בו יום ומשם ואילך יתוסף זה השיעור מעט מעט עד שיגיע אל מה שתחת הקוטב הצפוני ויהיה שם ששה חדשים בשנה אין בהם לילה והם ימות החמה וששה חדשים בשנה אין בהם יום והם ימות הגשמים , עמודי שמים ינועו ויזדעזעו והם חלקי הארץ אשר ירעשו מגערת השם בבא הרעש אשר סבתו הרוח ההווה תחת הארץ בסבת האיד העשני הנעצר שם וקראם עמודי שמים להיות השמים נסמך על הארץ כמו שהתבאר בספר השמע , בכח השם וגבורותיו נח הים ולא ירוץ על הארץ כדי שלא יטבעו ההווים שם ובתבונת השם הכה מה שיגבה מן הים על הארץ ויפסידהו , וזה כי להיות שאר המימות מתערבים במי הים והולכות בים היה ראוי שיגביהו מי הים על החלק הנראה מהארץ ויטבע אלא שהשם סבב בתבונתו שיכלה השמש ושאר הכוכבים בחומ' מימי הים בשיעור מה שיבא אליו מהנהרות עד שלא יתוסף בזה הים כלל , ברצון השם וחכמתו היו השמים בזה האופן מן היופי והשלימות אשר הם בו בבריאתם עד שאי אפשר להיותם באופן אחר יותר שלם להגיע לזה המציאות השפל מה שיצטרך אליו הגעתו מהם , בראה ידו ויצרה העגול החלבי אשר בגלגל הכוכבים הקיימים אשר בו מן הפלא וההעלם מה שכבר התבאר בספר האותות והנה אנחנו אמרנו בכל זה קצת מאמר בחמישי מספר מלחמות ה' , הנה אלו הדברים אשר ספרתי הם קצת דרכי השם ומה מעט הדבר שנשמע בו בזה הספור , ואולם תוקף גבורותיו ונפלאותיו לא ימצא מי שיבין אותם : והכלל העולה מהדברים הוא מבואר ולא רצה איוב להשיב על דברי בלדד יותר מזה השיעור לפי מה שזכרנו במענה הקודם ובכלל אם היה משיב אותו עליהם לא יהיה כי אם כפל דברים לפי שכבר השיב על זאת הטענה במה שקדם וסתר אותה מהחוש :\n\n"
            ], 
            "links": [
                {
                    "category": "Tanach", 
                    "sourceHeRef": "איוב כ״ו:י״ד", 
                    "sourceRef": "Job 26:14", 
                    "ref": "Job 26:14"
                }, 
                {
                    "category": "Tanach", 
                    "sourceHeRef": "איוב כ״ו:י״ד", 
                    "sourceRef": "Job 26:14", 
                    "ref": "Job 26:14"
                }
            ], 
            "text": ""
        }
    ], 
    "book": "Ralbag on Job", 
    "prev": "Ralbag on Job 25:5", 
    "textDepth": 3, 
    "sectionNames": [
        "Chapter", 
        "Verse", 
        "Comment"
    ], 
    "sections": [
        26
    ], 
    "commentator": "Ralbag", 
    "isComplex": false, 
    "commentaryCategories": [
        "Tanach", 
        "Writings"
    ], 
    "titleVariants": [
        "Ralbag on Job", 
        "Gersonides on Job", 
        "Gersonides on Iyov", 
        "Ralbag on Iyov"
    ], 
    "categories": [
        "Commentary", 
        "Tanach", 
        "Ralbag"
    ], 
    "ref": "Ralbag on Job 26", 
    "type": "Commentary", 
    "addressTypes": [
        "Integer", 
        "Integer", 
        "Integer"
    ], 
    "heCommentator": "רלב\"ג", 
    "length": 42, 
    "indexTitle": "Ralbag on Job", 
    "heIndexTitle": "רלב\"ג על איוב", 
    "alts": [], 
    "order": [
        29, 
        3
    ]
}