{
    "heTitleVariants": [
        "רלב\"ג על איוב"
    ], 
    "heTitle": "רלב\"ג על איוב", 
    "commentaryBook": "Job", 
    "heRef": "רלב\"ג על איוב י״ב", 
    "toSections": [
        12
    ], 
    "sectionRef": "Ralbag on Job 12", 
    "title": "Ralbag on Job 12", 
    "lengths": [
        42, 
        1070
    ], 
    "next": "Ralbag on Job 13:2", 
    "content": [
        {
            "segmentNumber": "1", 
            "he": [
                "<b>ביאור מלות המענה</b> , ויען איוב ויאמר :\n"
            ], 
            "links": [
                {
                    "category": "Tanach", 
                    "sourceHeRef": "איוב י״ב:א׳", 
                    "sourceRef": "Job 12:1", 
                    "ref": "Job 12:1"
                }
            ], 
            "text": ""
        }, 
        {
            "segmentNumber": "2", 
            "he": [], 
            "links": [], 
            "text": ""
        }, 
        {
            "segmentNumber": "3", 
            "he": [], 
            "links": [], 
            "text": ""
        }, 
        {
            "segmentNumber": "4", 
            "he": [
                "<b>שחוק .</b> לעג :\n"
            ], 
            "links": [
                {
                    "category": "Tanach", 
                    "sourceHeRef": "איוב י״ב:ד׳", 
                    "sourceRef": "Job 12:4", 
                    "ref": "Job 12:4"
                }
            ], 
            "text": ""
        }, 
        {
            "segmentNumber": "5", 
            "he": [
                "<b>לפיד .</b> מעניין לפידים ויהיה אומרו לפיד בוז כמו לפיד ובוז : ", 
                "<b>לעשתות .</b> למחשבות מענין עשתונותיו ואיפשר שתהיה למ''ד לפיד משמש' ויהיה עניינו מי שהוא נכון לפיד ואיד הוא נבזה למחשבו' השאנן וכן מי שהו' נכון למועדי רגל וכפל הענין במלו' שונו' :\n"
            ], 
            "links": [
                {
                    "category": "Tanach", 
                    "sourceHeRef": "איוב י״ב:ה׳", 
                    "sourceRef": "Job 12:5", 
                    "ref": "Job 12:5"
                }, 
                {
                    "category": "Tanach", 
                    "sourceHeRef": "איוב י״ב:ה׳", 
                    "sourceRef": "Job 12:5", 
                    "ref": "Job 12:5"
                }
            ], 
            "text": ""
        }, 
        {
            "segmentNumber": "6", 
            "he": [
                "<b>לשודדים .</b> לעושים חמס ושודדים האנשים : ", 
                "<b>ובטוחות .</b> חסר מלת משכנות והרצון בזה שכבר ימצאו משכנות למרגיזי אל שיבטחו בהיותם בהם ולא יפחדו משום דבר : ", 
                "<b>לאשר הביא אלוה בידו .</b> ר''ל לעובדי כו''ם שיביאו הכו''ם בידיה' וישתחוו להם או ירצה בזה שבידו הביא והמציא אלוה ר''ל שידיו עשו הפסל ואחר יסגוד לו וישתחוה ולא יפקח עיניו כי הפסל ההוא הוא מעשה ידיו כדרך אמרו למעשה ידיו ישתחוו לאשר עשו אצבעותיו :\n"
            ], 
            "links": [
                {
                    "category": "Tanach", 
                    "sourceHeRef": "איוב י״ב:ו׳", 
                    "sourceRef": "Job 12:6", 
                    "ref": "Job 12:6"
                }, 
                {
                    "category": "Tanach", 
                    "sourceHeRef": "איוב י״ב:ו׳", 
                    "sourceRef": "Job 12:6", 
                    "ref": "Job 12:6"
                }, 
                {
                    "category": "Tanach", 
                    "sourceHeRef": "איוב י״ב:ו׳", 
                    "sourceRef": "Job 12:6", 
                    "ref": "Job 12:6"
                }
            ], 
            "text": ""
        }, 
        {
            "segmentNumber": "7", 
            "he": [
                "<b>בהמות ותורך .</b> תלמדך כל אחת מהם :\n"
            ], 
            "links": [
                {
                    "category": "Tanach", 
                    "sourceHeRef": "איוב י״ב:ז׳", 
                    "sourceRef": "Job 12:7", 
                    "ref": "Job 12:7"
                }
            ], 
            "text": ""
        }, 
        {
            "segmentNumber": "8", 
            "he": [
                "<b>שיח .</b> דבר :\n"
            ], 
            "links": [
                {
                    "category": "Tanach", 
                    "sourceHeRef": "איוב י״ב:ח׳", 
                    "sourceRef": "Job 12:8", 
                    "ref": "Job 12:8"
                }
            ], 
            "text": ""
        }, 
        {
            "segmentNumber": "9", 
            "he": [], 
            "links": [], 
            "text": ""
        }, 
        {
            "segmentNumber": "10", 
            "he": [], 
            "links": [], 
            "text": ""
        }, 
        {
            "segmentNumber": "11", 
            "he": [], 
            "links": [], 
            "text": ""
        }, 
        {
            "segmentNumber": "12", 
            "he": [], 
            "links": [], 
            "text": ""
        }, 
        {
            "segmentNumber": "13", 
            "he": [], 
            "links": [], 
            "text": ""
        }, 
        {
            "segmentNumber": "14", 
            "he": [
                "<b>יסגור על איש .</b> ר''ל כבר ישים איש במסגר ולא יצא ממאסרו לעולם :\n"
            ], 
            "links": [
                {
                    "category": "Tanach", 
                    "sourceHeRef": "איוב י״ב:י״ד", 
                    "sourceRef": "Job 12:14", 
                    "ref": "Job 12:14"
                }
            ], 
            "text": ""
        }, 
        {
            "segmentNumber": "15", 
            "he": [], 
            "links": [], 
            "text": ""
        }, 
        {
            "segmentNumber": "16", 
            "he": [
                "<b>שוגג ומשגה .</b> שני שרשים בענין אחד :\n"
            ], 
            "links": [
                {
                    "category": "Tanach", 
                    "sourceHeRef": "איוב י״ב:ט״ז", 
                    "sourceRef": "Job 12:16", 
                    "ref": "Job 12:16"
                }
            ], 
            "text": ""
        }, 
        {
            "segmentNumber": "17", 
            "he": [
                "<b>מוליך יועצים שולל .</b> ר''ל שהוא מוליך שלל כל אחד מהיועצים כאשר ירצה ואף על פי שהם טובי העצה לא יועיל להם טוב עצתם : ", 
                "<b>יהולל .</b> מענין הוללות וסכלות :\n"
            ], 
            "links": [
                {
                    "category": "Tanach", 
                    "sourceHeRef": "איוב י״ב:י״ז", 
                    "sourceRef": "Job 12:17", 
                    "ref": "Job 12:17"
                }, 
                {
                    "category": "Tanach", 
                    "sourceHeRef": "איוב י״ב:י״ז", 
                    "sourceRef": "Job 12:17", 
                    "ref": "Job 12:17"
                }
            ], 
            "text": ""
        }, 
        {
            "segmentNumber": "18", 
            "he": [
                "<b>מוסר מלכים .</b> מאסר מלכים : ", 
                "<b>פתח .</b> התיר :\n"
            ], 
            "links": [
                {
                    "category": "Tanach", 
                    "sourceHeRef": "איוב י״ב:י״ח", 
                    "sourceRef": "Job 12:18", 
                    "ref": "Job 12:18"
                }, 
                {
                    "category": "Tanach", 
                    "sourceHeRef": "איוב י״ב:י״ח", 
                    "sourceRef": "Job 12:18", 
                    "ref": "Job 12:18"
                }
            ], 
            "text": ""
        }, 
        {
            "segmentNumber": "19", 
            "he": [
                "<b>כהנים .</b> שרים וכמוהו ובני דוד כהנים היו : ", 
                "<b>ואיתנים .</b> חזקים : ", 
                "<b>יסלף .</b> יעות :\n"
            ], 
            "links": [
                {
                    "category": "Tanach", 
                    "sourceHeRef": "איוב י״ב:י״ט", 
                    "sourceRef": "Job 12:19", 
                    "ref": "Job 12:19"
                }, 
                {
                    "category": "Tanach", 
                    "sourceHeRef": "איוב י״ב:י״ט", 
                    "sourceRef": "Job 12:19", 
                    "ref": "Job 12:19"
                }, 
                {
                    "category": "Tanach", 
                    "sourceHeRef": "איוב י״ב:י״ט", 
                    "sourceRef": "Job 12:19", 
                    "ref": "Job 12:19"
                }
            ], 
            "text": ""
        }, 
        {
            "segmentNumber": "20", 
            "he": [
                "<b>לנאמנים .</b> הם האנשים הממהרים לדבר צחות או ירצה בזה האנשים הנאמנים בדבריהם לטוב טעמם וחכמתם : ", 
                "<b>זקנים .</b> חכמים :\n"
            ], 
            "links": [
                {
                    "category": "Tanach", 
                    "sourceHeRef": "איוב י״ב:כ׳", 
                    "sourceRef": "Job 12:20", 
                    "ref": "Job 12:20"
                }, 
                {
                    "category": "Tanach", 
                    "sourceHeRef": "איוב י״ב:כ׳", 
                    "sourceRef": "Job 12:20", 
                    "ref": "Job 12:20"
                }
            ], 
            "text": ""
        }, 
        {
            "segmentNumber": "21", 
            "he": [
                "<b>ומזיח אפיקים רפה .</b> וחוזק חזקים החליש או ירצה בזה ואזור חזקים התיר מענין ולמזח תמיד יחגרה :\n"
            ], 
            "links": [
                {
                    "category": "Tanach", 
                    "sourceHeRef": "איוב י״ב:כ״א", 
                    "sourceRef": "Job 12:21", 
                    "ref": "Job 12:21"
                }
            ], 
            "text": ""
        }, 
        {
            "segmentNumber": "22", 
            "he": [], 
            "links": [], 
            "text": ""
        }, 
        {
            "segmentNumber": "23", 
            "he": [
                "<b>משגיא .</b> מרבה : ", 
                "<b>שוטח .</b> מפזר :\n\n"
            ], 
            "links": [
                {
                    "category": "Tanach", 
                    "sourceHeRef": "איוב י״ב:כ״ג", 
                    "sourceRef": "Job 12:23", 
                    "ref": "Job 12:23"
                }, 
                {
                    "category": "Tanach", 
                    "sourceHeRef": "איוב י״ב:כ״ג", 
                    "sourceRef": "Job 12:23", 
                    "ref": "Job 12:23"
                }
            ], 
            "text": ""
        }
    ], 
    "book": "Ralbag on Job", 
    "prev": "Ralbag on Job 11:20", 
    "textDepth": 3, 
    "sectionNames": [
        "Chapter", 
        "Verse", 
        "Comment"
    ], 
    "sections": [
        12
    ], 
    "commentator": "Ralbag", 
    "isComplex": false, 
    "commentaryCategories": [
        "Tanach", 
        "Writings"
    ], 
    "titleVariants": [
        "Ralbag on Job", 
        "Gersonides on Job", 
        "Gersonides on Iyov", 
        "Ralbag on Iyov"
    ], 
    "categories": [
        "Commentary", 
        "Tanach", 
        "Ralbag"
    ], 
    "ref": "Ralbag on Job 12", 
    "type": "Commentary", 
    "addressTypes": [
        "Integer", 
        "Integer", 
        "Integer"
    ], 
    "heCommentator": "רלב\"ג", 
    "length": 42, 
    "indexTitle": "Ralbag on Job", 
    "heIndexTitle": "רלב\"ג על איוב", 
    "alts": [], 
    "order": [
        29, 
        3
    ]
}