[{
    "links": [
        [
            "39:1:1", 
            "Job 39:1", 
            "Tanach"
        ], 
        [
            "39:3:1", 
            "Job 39:3", 
            "Tanach"
        ], 
        [
            "39:4:1", 
            "Job 39:4", 
            "Tanach"
        ], 
        [
            "39:5:1", 
            "Job 39:5", 
            "Tanach"
        ], 
        [
            "39:6:1", 
            "Job 39:6", 
            "Tanach"
        ], 
        [
            "39:7:1", 
            "Job 39:7", 
            "Tanach"
        ], 
        [
            "39:8:1", 
            "Job 39:8", 
            "Tanach"
        ], 
        [
            "39:9:1", 
            "Job 39:9", 
            "Tanach"
        ], 
        [
            "39:10:1", 
            "Job 39:10", 
            "Tanach"
        ], 
        [
            "39:13:1", 
            "Job 39:13", 
            "Tanach"
        ], 
        [
            "39:15:1", 
            "Job 39:15", 
            "Tanach"
        ], 
        [
            "39:16:1", 
            "Job 39:16", 
            "Tanach"
        ], 
        [
            "39:17:1", 
            "Job 39:17", 
            "Tanach"
        ], 
        [
            "39:18:1", 
            "Job 39:18", 
            "Tanach"
        ], 
        [
            "39:19:1", 
            "Job 39:19", 
            "Tanach"
        ], 
        [
            "39:20:1", 
            "Job 39:20", 
            "Tanach"
        ], 
        [
            "39:21:1", 
            "Job 39:21", 
            "Tanach"
        ], 
        [
            "39:23:1", 
            "Job 39:23", 
            "Tanach"
        ], 
        [
            "39:24:1", 
            "Job 39:24", 
            "Tanach"
        ], 
        [
            "39:25:1", 
            "Job 39:25", 
            "Tanach"
        ], 
        [
            "39:26:1", 
            "Job 39:26", 
            "Tanach"
        ], 
        [
            "39:28:1", 
            "Job 39:28", 
            "Tanach"
        ], 
        [
            "39:29:1", 
            "Job 39:29", 
            "Tanach"
        ], 
        [
            "39:30:1", 
            "Job 39:30", 
            "Tanach"
        ], 
        [
            "39:1:2", 
            "Job 39:1", 
            "Tanach"
        ], 
        [
            "39:3:2", 
            "Job 39:3", 
            "Tanach"
        ], 
        [
            "39:4:2", 
            "Job 39:4", 
            "Tanach"
        ], 
        [
            "39:5:2", 
            "Job 39:5", 
            "Tanach"
        ], 
        [
            "39:6:2", 
            "Job 39:6", 
            "Tanach"
        ], 
        [
            "39:9:2", 
            "Job 39:9", 
            "Tanach"
        ], 
        [
            "39:10:2", 
            "Job 39:10", 
            "Tanach"
        ], 
        [
            "39:13:2", 
            "Job 39:13", 
            "Tanach"
        ], 
        [
            "39:20:2", 
            "Job 39:20", 
            "Tanach"
        ], 
        [
            "39:21:2", 
            "Job 39:21", 
            "Tanach"
        ], 
        [
            "39:23:2", 
            "Job 39:23", 
            "Tanach"
        ], 
        [
            "39:26:2", 
            "Job 39:26", 
            "Tanach"
        ], 
        [
            "39:30:2", 
            "Job 39:30", 
            "Tanach"
        ], 
        [
            "39:13:3", 
            "Job 39:13", 
            "Tanach"
        ], 
        [
            "39:23:3", 
            "Job 39:23", 
            "Tanach"
        ], 
        [
            "39:13:4", 
            "Job 39:13", 
            "Tanach"
        ], 
        [
            "39:13:5", 
            "Job 39:13", 
            "Tanach"
        ]
    ], 
    "text": [], 
    "heTitleVariants": [
        "רלב\"ג על איוב"
    ], 
    "heTitle": "רלב\"ג על איוב", 
    "commentaryBook": "Job", 
    "heRef": "רלב\"ג על איוב ל״ט", 
    "toSections": [
        39
    ], 
    "sectionRef": "Ralbag on Job 39", 
    "title": "Ralbag on Job 39", 
    "lengths": [
        42, 
        1070
    ], 
    "next": "Ralbag on Job 40:1", 
    "book": "Ralbag on Job", 
    "prev": "Ralbag on Job 38:41", 
    "textDepth": 3, 
    "sectionNames": [
        "Chapter", 
        "Verse", 
        "Comment"
    ], 
    "sections": [
        39
    ], 
    "commentator": "Ralbag", 
    "isComplex": false, 
    "commentaryCategories": [
        "Tanach", 
        "Writings"
    ], 
    "titleVariants": [
        "Ralbag on Job", 
        "Gersonides on Job", 
        "Ralbag on Iyov", 
        "Gersonides on Iyov"
    ], 
    "categories": [
        "Commentary", 
        "Tanach", 
        "Ralbag"
    ], 
    "he": [
        [
            "<b>יעלי סלע .</b> שטאיי''ן בוק בלע''ז והיא עולה בראש הסלע בשעה שכורעת לילד והשם יתברך מזמן לה נשר שמקבל אותם הולדות בכנפיו ומציל אותם שלא יפילו כך אמרו רבותינו ז''ל ואם הענין אמת הנה פירוש הפסוק כן ואם לא הנה יהיה הרצון בזה לפי מה שאחשוב שזה הב''ח אינו נולד כי אם בקושי גדול ולזה יהיה נולד בתכלית הסכנה לולי השגחת השם יתברך להמציא הוולדים באופן מהחוזק שלא ימותו בעת הלידה : ", 
            "<b>חולל אילות .</b> הוא מענין חיל וחבלי יולדה ואמרו רבותינו ז''ל כי האילה רחמ' צר ולא תלד אם לא הכיש' נחש ברחמה והש''י סבב שיבא אליה גחש בעת הלידה להכיש' ברחמ' ותלד ואם לא ימצא הענין כן יהיה הרצון בזה לפי מה שאחשוב שזה הב''ח אינו נולד כי אם בקושי גדול לזה יהיה הענין בו כמו הענין ביעלי סלע ולזאת הסבה יהיה הולד בתכלית הסכנה ועם כל זה ינצל להשגחת הש''י בנמצאות :\n"
        ], 
        [], 
        [
            "<b>תפלחנה .</b> תשברנה ותכתתנה : ", 
            "<b>חבליהם .</b> ציריה' :\n"
        ], 
        [
            "<b>יחלמו .</b> מענין בריאות והוא מענין תחלימני והחייני : ", 
            "<b>ובבר .</b> בחוץ :\n"
        ], 
        [
            "<b>פרא .</b> חיה הנמצאת במדבר והיא אוכלת עשב כבהמה : ", 
            "<b>ערוד .</b> חמור הבר :\n"
        ], 
        [
            "<b>ערבה .</b> מדבר : ", 
            "<b>מליחה .</b> ארץ מליחה והוא מדבר ג''כ :\n"
        ], 
        [
            "<b>תשואות .</b> ענין המיה :\n"
        ], 
        [
            "<b>יתור .</b> מן ויתורו את הארץ והוא שם בשקל יבול :\n"
        ], 
        [
            "<b>רים .</b> ראם : ", 
            "<b>אבוסיך .</b> הוא אבוס שאוכלת בו הבהמה :\n"
        ], 
        [
            "<b>התקשר רים בתלם עבותו .</b> הרצון בו האם העבות תקשור רים בתלם לחרוש בתלמי השדה כמו הענין בשור ובחמור וזולת' מבעלי חיים שיחרושו בהם : ", 
            "<b>ישדד .</b> מגזרת שדה והוא החרישה כמו יפתח וישדד אדמתו :\n"
        ], 
        [], 
        [], 
        [
            "<b>כנף רננים .</b> שם עוף או אפשר שיהיה שם הענף רננים וידבר מכנף העוף ההוא : ", 
            "<b>נעלסה .</b> שמח' ונעלס' : ", 
            "<b>אברה .</b> כנף שלה : ", 
            "<b>חסידה .</b> שם עוף : ", 
            "<b>ונוצה .</b> ר''ל נוצת העוף ההוא :\n"
        ], 
        [], 
        [
            "<b>תזוריה .</b> תדרכה ותרמסה והוא מגזר' ויזר את הגיזה :\n"
        ], 
        [
            "<b>הקשיח בניה .</b> הסיר מדמיונה נתינת לבה לבניה ושכחה אותם :\n"
        ], 
        [
            "<b>השה .</b> שכח אותה והעלים ממנה :\n"
        ], 
        [
            "<b>תמריא .</b> מענין הגבהה :\n"
        ], 
        [
            "<b>רעמה .</b> חוזק ועוז הקול והגבהה והצהלה היוצאת ממנו :\n"
        ], 
        [
            "<b>התרעישנו כארבה .</b> התביא לו הרעש והנענוע אשר הוא רועש כארבה : ", 
            "<b>הוד נחרו אימה .</b> עוצם עיטושו היוצא מנחיריו הוא אימה לשומעיו :\n"
        ], 
        [
            "<b>יחפרו בעמק .</b> יחפרו רגליו בעמק כמנהג הסוסים : ", 
            "<b>נשק .</b> כלי מלחמה :\n"
        ], 
        [], 
        [
            "<b>תרנה .</b> תזעק מגזרת ותעבור הרנה במחנה : ", 
            "<b>אשפה .</b> הוא כלי שישימו בו החצים : ", 
            "<b>חנית וכידון .</b> הם כלי זיין :\n"
        ], 
        [
            "<b>ברעש ורוגז יגמא ארץ .</b> ברעש ותנועה חזקה ובחמה ירוץ עד שידמה כאילו הוא מגמא את הארץ ובולעה לחוזק המרוצה :\n"
        ], 
        [
            "<b>האח .</b> מענין שמחה :\n"
        ], 
        [
            "<b>יאבר .</b> יעוף  ולפי שהעופפות הוא בכנף אמר יאבר : ", 
            "<b>נץ .</b> שם עוף :\n"
        ], 
        [], 
        [
            "<b>ומצודה .</b> סלע חזק וגבוה :\n"
        ], 
        [
            "<b>חפר אוכל .</b> יבקש ויחפש האוכל שיהיה נזון ממנו מגזרת ויחפרו לנו את הארץ :\n"
        ], 
        [
            "<b>יעלעו .</b> יבלעו : ", 
            "<b>חללים .</b> הרוגים :\n\n"
        ]
    ], 
    "ref": "Ralbag on Job 39", 
    "type": "Commentary", 
    "addressTypes": [
        "Integer", 
        "Integer", 
        "Integer"
    ], 
    "heCommentator": "רלב\"ג", 
    "length": 42, 
    "indexTitle": "Ralbag on Job", 
    "heIndexTitle": "רלב\"ג על איוב", 
    "alts": [], 
    "order": [
        29, 
        3
    ]
}]