{
    "heTitleVariants": [
        "רלב\"ג על איוב"
    ], 
    "heTitle": "רלב\"ג על איוב", 
    "commentaryBook": "Job", 
    "heRef": "רלב\"ג על איוב ו׳", 
    "toSections": [
        6
    ], 
    "sectionRef": "Ralbag on Job 6", 
    "title": "Ralbag on Job 6", 
    "lengths": [
        42, 
        1070
    ], 
    "next": "Ralbag on Job 7:1", 
    "content": [
        {
            "segmentNumber": "1", 
            "he": [
                "<b>ביאור מלות המענה </b>, ויען איוב ויאמר :\n"
            ], 
            "links": [
                {
                    "category": "Tanakh", 
                    "sourceHeRef": "איוב ו׳:א׳", 
                    "index_title": "Job", 
                    "sourceRef": "Job 6:1"
                }
            ], 
            "text": ""
        }, 
        {
            "segmentNumber": "2", 
            "he": [], 
            "links": [], 
            "text": ""
        }, 
        {
            "segmentNumber": "3", 
            "he": [
                "<b>לעו .</b> נשחתו :\n"
            ], 
            "links": [
                {
                    "category": "Tanakh", 
                    "sourceHeRef": "איוב ו׳:ג׳", 
                    "index_title": "Job", 
                    "sourceRef": "Job 6:3"
                }
            ], 
            "text": ""
        }, 
        {
            "segmentNumber": "4", 
            "he": [
                "<b>חצי שדי .</b> חצים חזקים על דרך כקול שדי והי' שדי בצריך : ", 
                "<b>חמתם .</b> ארסם על דרך חמת תנינים יינם : ", 
                "<b>ביעותי אלוה .</b> ביעותים חזקים על דרך רוח אלהים כהררי אל :\n"
            ], 
            "links": [
                {
                    "category": "Tanakh", 
                    "sourceHeRef": "איוב ו׳:ד׳", 
                    "index_title": "Job", 
                    "sourceRef": "Job 6:4"
                }, 
                {
                    "category": "Tanakh", 
                    "sourceHeRef": "איוב ו׳:ד׳", 
                    "index_title": "Job", 
                    "sourceRef": "Job 6:4"
                }, 
                {
                    "category": "Tanakh", 
                    "sourceHeRef": "איוב ו׳:ד׳", 
                    "index_title": "Job", 
                    "sourceRef": "Job 6:4"
                }
            ], 
            "text": ""
        }, 
        {
            "segmentNumber": "5", 
            "he": [
                "<b>בלילו .</b> ר''ל תבואתו שאוכל ממנ' :\n"
            ], 
            "links": [
                {
                    "category": "Tanakh", 
                    "sourceHeRef": "איוב ו׳:ה׳", 
                    "index_title": "Job", 
                    "sourceRef": "Job 6:5"
                }
            ], 
            "text": ""
        }, 
        {
            "segmentNumber": "6", 
            "he": [
                "<b>בריר חלמות .</b> הוא ריר הבריא מהחלימני והחייני רצה בזה שאין טעם בריר הבריא ואולם בריר החול' יש בו טעם לפי הליחה הגוברת עליו או יהי' בריר חלמות ריר מלובן הביצ' שהיא כלה חלמון תחל' ואח' יברו' הטבע ממנה החלק היותר דק והו' החלבון והנ' הריר ההו' לא ימצ' בו טעם :\n"
            ], 
            "links": [
                {
                    "category": "Tanakh", 
                    "sourceHeRef": "איוב ו׳:ו׳", 
                    "index_title": "Job", 
                    "sourceRef": "Job 6:6"
                }
            ], 
            "text": ""
        }, 
        {
            "segmentNumber": "7", 
            "he": [
                "<b>כדוי לחמי .</b> כמו חליי בשרי :\n"
            ], 
            "links": [
                {
                    "category": "Tanakh", 
                    "sourceHeRef": "איוב ו׳:ז׳", 
                    "index_title": "Job", 
                    "sourceRef": "Job 6:7"
                }
            ], 
            "text": ""
        }, 
        {
            "segmentNumber": "8", 
            "he": [], 
            "links": [], 
            "text": ""
        }, 
        {
            "segmentNumber": "9", 
            "he": [
                "<b>ויבצעני .</b> ענין השלמה וכלוי והרצון בו ויכלני או יהי' זה מעניין כריתה והענין אחד :\n"
            ], 
            "links": [
                {
                    "category": "Tanakh", 
                    "sourceHeRef": "איוב ו׳:ט׳", 
                    "index_title": "Job", 
                    "sourceRef": "Job 6:9"
                }
            ], 
            "text": ""
        }, 
        {
            "segmentNumber": "10", 
            "he": [
                "<b>ואסלדה בחילה .</b> ר''ל אע''פ שהי' מתחמם ונכו' בחיל ובמכאוב אשר הביא עליו השם ית' :\n"
            ], 
            "links": [
                {
                    "category": "Tanakh", 
                    "sourceHeRef": "איוב ו׳:י׳", 
                    "index_title": "Job", 
                    "sourceRef": "Job 6:10"
                }
            ], 
            "text": ""
        }, 
        {
            "segmentNumber": "11", 
            "he": [], 
            "links": [], 
            "text": ""
        }, 
        {
            "segmentNumber": "12", 
            "he": [
                "<b>אם בשרי נחוש .</b> ר''ל האם בשרי מהברזל החזק והוא הנקרא נחשת אשר יעשה ממנו החרבות :\n"
            ], 
            "links": [
                {
                    "category": "Tanakh", 
                    "sourceHeRef": "איוב ו׳:י״ב", 
                    "index_title": "Job", 
                    "sourceRef": "Job 6:12"
                }
            ], 
            "text": ""
        }, 
        {
            "segmentNumber": "13", 
            "he": [
                "<b>ותושיה נדחה ממני .</b> ר''ל האם נדחה ממני תושיה היא ההנהג' האנושי' אשר היה ראוי שיתנהג בה :\n"
            ], 
            "links": [
                {
                    "category": "Tanakh", 
                    "sourceHeRef": "איוב ו׳:י״ג", 
                    "index_title": "Job", 
                    "sourceRef": "Job 6:13"
                }
            ], 
            "text": ""
        }, 
        {
            "segmentNumber": "14", 
            "he": [
                "<b>למס מרעהו חסד .</b> בתמיה והרצון בו היתכן שלאיש המס אשר המסו אותו רוב הצרות הבאות עליו יהי' מרעהו חרפ' ויאמר עליו שיראת שדי היה עוזב על כן באה עליו הצר' הזאת או יהי' חסד דבק עם יראת שדי ויהי' פי' אם יתכן שייחסו אליו רעיו מפני שהוא מס חסד ויראת שדי היה עוזב :\n"
            ], 
            "links": [
                {
                    "category": "Tanakh", 
                    "sourceHeRef": "איוב ו׳:י״ד", 
                    "index_title": "Job", 
                    "sourceRef": "Job 6:14"
                }
            ], 
            "text": ""
        }, 
        {
            "segmentNumber": "15", 
            "he": [], 
            "links": [], 
            "text": ""
        }, 
        {
            "segmentNumber": "16", 
            "he": [
                "<b>הקודרים מני קרח .</b> ר''ל שאלו הנחלים קודרי' לרוב עמקם בסבת הקרח והשלג הנתך ונעלם בהם וזה שקצת הנהרו' יהיו מימיהם השלגים אשר בהרים כאשר יותכו ואלו הנהרו' לא יתמידו כל השנה :\n"
            ], 
            "links": [
                {
                    "category": "Tanakh", 
                    "sourceHeRef": "איוב ו׳:ט״ז", 
                    "index_title": "Job", 
                    "sourceRef": "Job 6:16"
                }
            ], 
            "text": ""
        }, 
        {
            "segmentNumber": "17", 
            "he": [
                "<b>יזורבו .</b> ר''ל ירוצו ויגרו ואז נצמתו ר''ל נכרתו ויש מי שפירש יזורבו יתחממו והרצון בו יצורבו בחלוף צד''י בזי''ן לפי שהם ממוצא אח' , ויעיד על פירושו מה שאמר בחומו נדעכו ממקומם ר''ל בהגיע החום נעקרו ממקומם וזה שאלו הנהרות ההוי' ממימי הגשמים והקרח והשלג יעדרו בעת הקיץ :\n"
            ], 
            "links": [
                {
                    "category": "Tanakh", 
                    "sourceHeRef": "איוב ו׳:י״ז", 
                    "index_title": "Job", 
                    "sourceRef": "Job 6:17"
                }
            ], 
            "text": ""
        }, 
        {
            "segmentNumber": "18", 
            "he": [], 
            "links": [], 
            "text": ""
        }, 
        {
            "segmentNumber": "19", 
            "he": [
                "<b>ארחות תימא .</b> הם השיירות ההולכות לתימא וכן הליכות שבא הם שיירות סוחרי' ההולכו' לשבא והנה זכר אלו השיירו' לפי מה שאחשו' לפי שמהלכ' היו למקומו' הרחוקים כאש' יסעו מן הארץ אשר הי' שם איוב והיה שם באמצע דרכם מדברו' לא ישב אדם שם :\n"
            ], 
            "links": [
                {
                    "category": "Tanakh", 
                    "sourceHeRef": "איוב ו׳:י״ט", 
                    "index_title": "Job", 
                    "sourceRef": "Job 6:19"
                }
            ], 
            "text": ""
        }, 
        {
            "segmentNumber": "20", 
            "he": [], 
            "links": [], 
            "text": ""
        }, 
        {
            "segmentNumber": "21", 
            "he": [], 
            "links": [], 
            "text": ""
        }, 
        {
            "segmentNumber": "22", 
            "he": [
                "<b>שחדו בעדי .</b> הרצון בו תנו שחד בעדי :\n"
            ], 
            "links": [
                {
                    "category": "Tanakh", 
                    "sourceHeRef": "איוב ו׳:כ״ב", 
                    "index_title": "Job", 
                    "sourceRef": "Job 6:22"
                }
            ], 
            "text": ""
        }, 
        {
            "segmentNumber": "23", 
            "he": [], 
            "links": [], 
            "text": ""
        }, 
        {
            "segmentNumber": "24", 
            "he": [], 
            "links": [], 
            "text": ""
        }, 
        {
            "segmentNumber": "25", 
            "he": [], 
            "links": [], 
            "text": ""
        }, 
        {
            "segmentNumber": "26", 
            "he": [
                "<b>אמרי נואש .</b> קרא עצמו נואש להיותו נואש מטוב לחוז' שברו :\n"
            ], 
            "links": [
                {
                    "category": "Tanakh", 
                    "sourceHeRef": "איוב ו׳:כ״ו", 
                    "index_title": "Job", 
                    "sourceRef": "Job 6:26"
                }
            ], 
            "text": ""
        }, 
        {
            "segmentNumber": "27", 
            "he": [
                "<b>ותכרו .</b> הרצון ותחפרו ותעמיקו סרה :\n\n"
            ], 
            "links": [
                {
                    "category": "Tanakh", 
                    "sourceHeRef": "איוב ו׳:כ״ז", 
                    "index_title": "Job", 
                    "sourceRef": "Job 6:27"
                }
            ], 
            "text": ""
        }
    ], 
    "book": "Ralbag on Job", 
    "prev": "Ralbag on Job 5:26", 
    "textDepth": 3, 
    "sectionNames": [
        "Chapter", 
        "Verse", 
        "Comment"
    ], 
    "sections": [
        6
    ], 
    "commentator": "Ralbag", 
    "isComplex": false, 
    "commentaryCategories": [
        "Tanakh", 
        "Writings"
    ], 
    "titleVariants": [
        "Ralbag on Job", 
        "Gersonides on Job", 
        "Gersonides on Iyov", 
        "Ralbag on Iyov"
    ], 
    "categories": [
        "Commentary", 
        "Tanakh", 
        "Ralbag"
    ], 
    "ref": "Ralbag on Job 6", 
    "type": "Commentary", 
    "addressTypes": [
        "Integer", 
        "Integer", 
        "Integer"
    ], 
    "heCommentator": "רלב\"ג", 
    "length": 42, 
    "indexTitle": "Ralbag on Job", 
    "heIndexTitle": "רלב\"ג על איוב", 
    "alts": [], 
    "order": [
        29, 
        3
    ]
}