{
    "heTitleVariants": [
        "רמב\"ם על משנה כתובות"
    ], 
    "heTitle": "רמב\"ם על משנה כתובות", 
    "commentaryBook": "Mishnah Ketubot", 
    "heRef": "רמב\"ם על משנה כתובות ח׳", 
    "toSections": [
        8
    ], 
    "sectionRef": "Rambam on Mishnah Ketubot 8", 
    "title": "Rambam on Mishnah Ketubot 8", 
    "lengths": [
        13, 
        111
    ], 
    "next": "Rambam on Mishnah Ketubot 9:1", 
    "content": [
        {
            "segmentNumber": "1", 
            "he": [
                "<b>האשה שנפלו לה נכסים עד שלא תתארס מודים בית שמאי ובית הלל שמוכרת ונותנת וקיים כו': </b>אמרו שמוכרת ונותנת וקיים ר\"ל ואפי' אחר שנתארסה. ואמרו הואיל וזכה באשה ר\"ל בארוסה הואיל וזכה בה יזכה בנכסים ויהיה מכרה בטל כאילו נפלו לה והיא נשואה ואמר להם רב\"ג על החדשים אנו בושים והם נכסים שנפלו לה והיא נשואה לפי שאני ג\"כ דעתי באלו הנכסים שאם מכרה קיים אלא שאתם מגלגלין עלינו נכסים שנפלו לה והיא ארוסה ותאמרו הואיל וזכה באשה זכה בנכסים ויהיה מכרה בטל ופסק ההלכה בין שנפלו לה נכסים עד שלא תתארס ובין שנפלו לה משנתארסה ומכרה אחר שנשאת מוציא הבעל הפירות מיד הלקוחות בחייה ומוציא הקרקע אחר מיתתה: ", 
                "<b>נפלו לה משנשאת אלו ואלו מודים שאם מכרה ונתנה שהבעל מוציא מיד הלקוחות כו': </b>פסק ההלכה כבר נקדם לן ונכסים הידועים לבעל הוא מה שיש לה מן הנכסים באותה המדינה שהיא יושבת שם או במקומות הקרובים מזאת המדינה המיוחסת אליה ונכסים שאינם ידועים לבעל הוא מה שראוי לה מן הנכסים במדינה אחרת והלכה כר\"ש: "
            ], 
            "links": [
                {
                    "category": "Mishnah", 
                    "sourceHeRef": "משנה כתובות ח׳:א׳", 
                    "index_title": "Mishnah Ketubot", 
                    "sourceRef": "Mishnah Ketubot 8:1"
                }, 
                {
                    "category": "Mishnah", 
                    "sourceHeRef": "משנה כתובות ח׳:א׳", 
                    "index_title": "Mishnah Ketubot", 
                    "sourceRef": "Mishnah Ketubot 8:1"
                }
            ], 
            "text": ""
        }, 
        {
            "segmentNumber": "2", 
            "he": [], 
            "links": [], 
            "text": ""
        }, 
        {
            "segmentNumber": "3", 
            "he": [
                "<b>נפלו לה כספים ילקח בהן קרקע והוא אוכל פירות כו': </b>כל זמן שנפל מחלוקת בין הבעל ובין האשה בקרקע שלוקחין מאלו הדמים ילקח בהן קרקע שמוציא פירות יותר והלכה כחכמים: "
            ], 
            "links": [
                {
                    "category": "Mishnah", 
                    "sourceHeRef": "משנה כתובות ח׳:ג׳", 
                    "index_title": "Mishnah Ketubot", 
                    "sourceRef": "Mishnah Ketubot 8:3"
                }
            ], 
            "text": ""
        }, 
        {
            "segmentNumber": "4", 
            "he": [
                "<b>רש\"א מקום שיפה כחו בכניסתה הורע כחו ביציאתה כו': </b>ר\"ש חולק עם חכמים בפירות מחוברין בשעת יציאה ר\"ל כשמגרשה ויש לה פירות מחוברין לקרקע שצמחו בעודה תחתיו ר\"ש אומר של אשה וחכ\"א במה שקדם מחוברין לקרקע שלו לעולם בין בכניסתה בין ביציאתה והלכה כר\"ש: "
            ], 
            "links": [
                {
                    "category": "Mishnah", 
                    "sourceHeRef": "משנה כתובות ח׳:ד׳", 
                    "index_title": "Mishnah Ketubot", 
                    "sourceRef": "Mishnah Ketubot 8:4"
                }
            ], 
            "text": ""
        }, 
        {
            "segmentNumber": "5", 
            "he": [
                "<b>נפלו לה עבדים ושפחות זקנים ימכרו וילקח בהן קרקע והוא אוכל פירות כו': </b>והלכה כרבן שמעון בן גמליאל וכר' יהודה: ", 
                "<b>המוציא הוצאות על נכסי אשתו הוציא הרבה ואכל קימעא כו': </b>קמעא דבר מועט ואפי' כל שהוא ואמרו ישבע כמה יוציא ויטול ר\"ל שבועה כעין תורה ובתנאי שיהיה שבח כנגד הוצאה או יותר אבל אם היתה הוצאה יתירה על השבח ישבע שבועת התורה שהוציא כנגד השבח ונוטל כנגד השבח בלבד ויפסיד השאר וזה כולו בנכסי מלוג והוא כשגרשה הבעל אבל כשמרדה בין אכל בין לא אכל ישבע כמה הוציא ויטול כנגד השבח כמו שבארנו אבל בנכסי צאן ברזל כל השבח לו כמו שבארנו אם הוסיפו הוסיפו לו: "
            ], 
            "links": [
                {
                    "category": "Mishnah", 
                    "sourceHeRef": "משנה כתובות ח׳:ה׳", 
                    "index_title": "Mishnah Ketubot", 
                    "sourceRef": "Mishnah Ketubot 8:5"
                }, 
                {
                    "category": "Mishnah", 
                    "sourceHeRef": "משנה כתובות ח׳:ה׳", 
                    "index_title": "Mishnah Ketubot", 
                    "sourceRef": "Mishnah Ketubot 8:5"
                }
            ], 
            "text": ""
        }, 
        {
            "segmentNumber": "6", 
            "he": [
                "<b>שומרת יבם שנפלו לה נכסים מודים בית שמאי ובית הלל שמוכרת ונותנת וקיים כו': </b>כבר נקדם לך פירוש זאת ההלכה אות באות בפרק ד' ממסכת יבמות (הלכה ג) ועייין אותה לשם: "
            ], 
            "links": [
                {
                    "category": "Mishnah", 
                    "sourceHeRef": "משנה כתובות ח׳:ו׳", 
                    "index_title": "Mishnah Ketubot", 
                    "sourceRef": "Mishnah Ketubot 8:6"
                }
            ], 
            "text": ""
        }, 
        {
            "segmentNumber": "7", 
            "he": [
                "<b>הניח אחיו מעות ילקח בהן קרקע והוא אוכל פירות כו': </b>אלו הפירות והמעות מנכסי אחיו לפי שכל מה שהניח מנכסים אם הותירו ואם פחתו הם תחת שעבוד הכתובה וזה כולו דעת מי שסובר מטלטלי משתעבדי לכתובה ואינה הלכה ואף על גב דרבנן בתראי כבר תקנו לגבות כתובה מן המטלטלין תכלית כח האחרונים לגבות אבל שיהיו המטלטלין מונחין ולא יהיה כח לאח שהוא היבם להשתמש בהן אחר היבום זהו אצלי בלתי אמת ואין דעתי בזה ואין נוטה לזה דעת התוריים בשום פנים. ואמרו פירות המחוברין לקרקע שלו פירשו ואמרו תני שלה. וענין אמרו כאשתו לכל דבר שהוא כשגרשה מותר לו להחזירה אחר כן כמו שבארנו בפרק ד' מיבמות (הלכה ד) ואין הלכה כר\"מ: "
            ], 
            "links": [
                {
                    "category": "Mishnah", 
                    "sourceHeRef": "משנה כתובות ח׳:ז׳", 
                    "index_title": "Mishnah Ketubot", 
                    "sourceRef": "Mishnah Ketubot 8:7"
                }
            ], 
            "text": ""
        }, 
        {
            "segmentNumber": "8", 
            "he": [
                "<b>לא יאמר לה הרי כתובתיך מונחת על השלחן אלא כל נכסיו אחראין לכתובתה כו': </b>זה כולו מבואר: "
            ], 
            "links": [
                {
                    "category": "Mishnah", 
                    "sourceHeRef": "משנה כתובות ח׳:ח׳", 
                    "index_title": "Mishnah Ketubot", 
                    "sourceRef": "Mishnah Ketubot 8:8"
                }
            ], 
            "text": ""
        }
    ], 
    "book": "Rambam on Mishnah Ketubot", 
    "prev": "Rambam on Mishnah Ketubot 7:10", 
    "textDepth": 3, 
    "sectionNames": [
        "Chapter", 
        "Mishna", 
        "Comment"
    ], 
    "sections": [
        8
    ], 
    "commentator": "Rambam", 
    "isComplex": false, 
    "commentaryCategories": [
        "Mishnah", 
        "Seder Nashim"
    ], 
    "titleVariants": [
        "Maimonides on Mishna Ketubot", 
        "Rambam on M. Ketubot", 
        "Rambam on M Ketubot", 
        "Maimonides on Mishnah Ketubot", 
        "Rambam on Mishnah Ketubot", 
        "Rambam on Mishna Ketubot", 
        "Maimonides on M. Ketubot", 
        "Maimonides on M Ketubot"
    ], 
    "categories": [
        "Commentary", 
        "Mishnah", 
        "Rambam"
    ], 
    "ref": "Rambam on Mishnah Ketubot 8", 
    "type": "Commentary", 
    "addressTypes": [
        "Perek", 
        "Mishnah", 
        "Integer"
    ], 
    "heCommentator": "רמב\"ם", 
    "length": 13, 
    "indexTitle": "Rambam on Mishnah Ketubot", 
    "heIndexTitle": "רמב\"ם על משנה כתובות", 
    "alts": [], 
    "order": [
        25, 
        2
    ]
}