{
    "heTitleVariants": [
        "מהר\"ם שיף על שבת"
    ], 
    "heTitle": "מהר\"ם שיף על שבת קי״ט ב", 
    "content": [], 
    "heRef": "מהר\"ם שיף על שבת קי״ט ב", 
    "toSections": [
        "119b"
    ], 
    "sectionRef": "Maharam Shif on Shabbat 119b", 
    "title": "Maharam Shif on Shabbat 119b", 
    "next": "Maharam Shif on Shabbat 130a", 
    "heBook": "מהר\"ם שיף על שבת", 
    "book": "Maharam Shif on Shabbat", 
    "prev": "Maharam Shif on Shabbat 118a", 
    "textDepth": 2, 
    "sectionNames": [
        "Daf", 
        "Comment"
    ], 
    "sections": [
        "119b"
    ], 
    "isComplex": false, 
    "titleVariants": [
        "Maharam Shif on Shabbat"
    ], 
    "categories": [
        "Commentary2", 
        "Talmud", 
        "Maharam Shif"
    ], 
    "ref": "Maharam Shif on Shabbat 119b", 
    "type": "Commentary2", 
    "addressTypes": [
        "Talmud", 
        "Integer"
    ], 
    "indexTitle": "Maharam Shif on Shabbat", 
    "heIndexTitle": "מהר\"ם שיף על שבת", 
    "alts": [], 
    "order": ""
}