[{
    "links": [
        [
            "43a:1:1", 
            "Menachot 43a:1", 
            "Talmud"
        ], 
        [
            "43a:3:1", 
            "Menachot 43a:3", 
            "Talmud"
        ], 
        [
            "43a:6:1", 
            "Menachot 43a:6", 
            "Talmud"
        ], 
        [
            "43a:7:1", 
            "Menachot 43a:7", 
            "Talmud"
        ], 
        [
            "43a:9:1", 
            "Menachot 43a:9", 
            "Talmud"
        ], 
        [
            "43a:10:1", 
            "Menachot 43a:10", 
            "Talmud"
        ], 
        [
            "43a:15:1", 
            "Menachot 43a:15", 
            "Talmud"
        ], 
        [
            "43a:19:1", 
            "Menachot 43a:19", 
            "Talmud"
        ], 
        [
            "43a:22:1", 
            "Menachot 43a:22", 
            "Talmud"
        ], 
        [
            "43a:24:1", 
            "Menachot 43a:24", 
            "Talmud"
        ], 
        [
            "43a:26:1", 
            "Menachot 43a:26", 
            "Talmud"
        ], 
        [
            "43a:27:1", 
            "Menachot 43a:27", 
            "Talmud"
        ], 
        [
            "43a:29:1", 
            "Menachot 43a:29", 
            "Talmud"
        ], 
        [
            "43a:35:1", 
            "Menachot 43a:35", 
            "Talmud"
        ], 
        [
            "43a:36:1", 
            "Menachot 43a:36", 
            "Talmud"
        ], 
        [
            "43a:39:1", 
            "Menachot 43a:39", 
            "Talmud"
        ], 
        [
            "43a:55:1", 
            "Menachot 43a:55", 
            "Talmud"
        ], 
        [
            "43a:24:1", 
            "Deuteronomy 7", 
            "Tanach"
        ], 
        [
            "43a:20:1", 
            "Menachot 43a:20", 
            "Talmud"
        ], 
        [
            "43a:34:1", 
            "Menachot 43a:34", 
            "Talmud"
        ], 
        [
            "43a:40:1", 
            "Menachot 43a:40", 
            "Talmud"
        ], 
        [
            "43a:1:2", 
            "Menachot 43a:1", 
            "Talmud"
        ], 
        [
            "43a:3:2", 
            "Menachot 43a:3", 
            "Talmud"
        ], 
        [
            "43a:15:2", 
            "Menachot 43a:15", 
            "Talmud"
        ], 
        [
            "43a:27:2", 
            "Menachot 43a:27", 
            "Talmud"
        ], 
        [
            "43a:7:2", 
            "Menachot 43a:7", 
            "Talmud"
        ], 
        [
            "43a:20:2", 
            "Menachot 43a:20", 
            "Talmud"
        ]
    ], 
    "text": [], 
    "heTitleVariants": [
        "רש\"י על מנחות"
    ], 
    "heTitle": "רש\"י על מנחות מ״ג א", 
    "commentaryBook": "Menachot", 
    "heRef": "רש\"י על מנחות מ״ג א", 
    "toSections": [
        "43a"
    ], 
    "sectionRef": "Rashi on Menachot 43a", 
    "title": "Rashi on Menachot 43a", 
    "lengths": [
        217, 
        10533
    ], 
    "next": "Rashi on Menachot 43b:11", 
    "heBook": "רש\"י על מנחות", 
    "book": "Rashi on Menachot", 
    "prev": "Rashi on Menachot 42b:47", 
    "textDepth": 3, 
    "sectionNames": [
        "Daf", 
        "Line", 
        "Comment"
    ], 
    "sections": [
        "43a"
    ], 
    "commentator": "Rashi", 
    "isComplex": false, 
    "commentaryCategories": [
        "Talmud", 
        "Bavli", 
        "Seder Kodashim"
    ], 
    "titleVariants": [
        "Rashi on Masekhet Menachot", 
        "Rashi on Tractate Menachot", 
        "Rashi on Talmud Menachot", 
        "Rashi on Menachot"
    ], 
    "categories": [
        "Commentary", 
        "Talmud", 
        "Rashi"
    ], 
    "he": [
        [
            "בן ארבעים יום - מתינוק בן ארבעים ל\"א שעברו מ' יום משיצאו מגוף האדם (נתקלקל):", 
            "ונפרד חזותא - נתקלקל המראה פסולה דקלא אילן הוא:"
        ], 
        [], 
        [
            "חמירא ארכסא - שאור קשה:", 
            "וסימניך - איזה שינוי כשר ואיזה שינוי פסול שינוי שקר המשנה דברו לרעה הכל יודעין שרע הוא [שינוי אמת המשנה דברו להוסיף עליו ולקיימו הכל יודעין שטוב הוא]:"
        ], 
        [], 
        [], 
        [
            "מאי אין לה בדיקה דקאמר נמי אטעימה - אין אדם יכול לבדוק הצמר אם לשם תכלת נצבע אם לטעימה לשם ניסיון ואמרו לעיל דטעימה פסולה ל\"א אטעימה וה\"ק אין בודקין יורה של תכלת בטעימה שלא יפסל כל היורה אלא שקיל בביעתא כדמפרש לעיל:"
        ], 
        [
            "ממשכי - שם מקום:", 
            "מר - שם חכם:"
        ], 
        [], 
        [
            "לאו תכלת הוא - דהא איפרד חזותא בדרב יצחק ולאו קלא אילן דהא אישתני למעליותא כדר\"א:"
        ], 
        [
            "שמועתא - דרב יצחק ודרב אדא אהדדי איתמר כלומר בשתיהן יחד בדקינן ולא פליגי אלא היכא דבדקנא כו' והא דרב אדא מוספת על דרב יצחק ומפרש אותה:"
        ], 
        [], 
        [], 
        [], 
        [], 
        [
            "דייק וזבין - מן המומחה:", 
            "כחומרי מתנייתא - דלעיל דקתני טעימה פסולה הלכך בעי מומחה:"
        ], 
        [], 
        [], 
        [], 
        [
            "מן העובד כוכבים - אם תגר הוא כשרה דלא מרע נפשיה וזבין לה מישראל וכשרה:"
        ], 
        [
            "ואע\"פ שאמרו כו' - אפ\"ה אמרינן (גבי) תגר ישראל מכרה לו:", 
            "פסולה - דשמא הוא צבעה ושלא לשמה נעשית:"
        ], 
        [], 
        [
            "מאי טעמא - אין מוכרין מצוייצת לעובד כוכבים:"
        ], 
        [], 
        [
            "משום זונה - דלמא הויא ליה זונה ישראלית וסבורה ישראל הוא ותבעל ליה ועברין משום לא תתחתן בם (דברים ז) ל\"א משום זונה עובדת כוכבים דלמא יהיב לה ההוא עובד כוכבים באתננה ואמרה כי ישראל נתנה לי ואתי למחשדיה:"
        ], 
        [], 
        [
            "שמא יתלוה - ישראל עם העובד כוכבים זה וסבור ישראל הוא דהא יש לו ציצית ויהרגנו:"
        ], 
        [
            "רב יהודה רמי ליה תכילתא לפורזימא דאינשי ביתיה - היה מטיל ציצית לבגד שמתכסה בו אשתו:", 
            "ומברך כל צפרא - ועוד עושה דבר זה כשמתעטף בטליתו בכל בוקר ובוקר היה מברך:"
        ], 
        [], 
        [
            "מדרמי - תכילתא לכסות אשתו קסבר נשים חייבות בה אלמא קסבר מצות עשה שלא הזמן גרמא היא דזמנה בין ביום ובין בלילה דאי זמן גרמא נשים פטורות:"
        ], 
        [], 
        [], 
        [], 
        [], 
        [
            "ולא הוה שרי לה כל יומא - אלא בלילה והלכך לא מברך אלא בצפרא ולעולם כרבי:"
        ], 
        [
            "ומאי שנא מצפרא - לבריך כשהוא עומד ומתעטף בה באשמורת קודם היום לגירסיה:"
        ], 
        [
            "ומשני כי משני מכסות לילה לכסות יום - שני טליתות מצוייצות היו אחת ליום ואחת ללילה:"
        ], 
        [], 
        [], 
        [
            "שהזמן גרמא היא - דלילה לר\"ש לאו זמן ציצית והוי יום זמנה:"
        ], 
        [
            "אם כן דלילה זמנה אמאי מברך - אלא פעם ראשון כשנתעטף כשהיתה חדשה ה\"ל לברך הא מכאן ואילך יומא אריכא דמי דהא אין לילה מפסיקו:"
        ], 
        [], 
        [], 
        [], 
        [], 
        [], 
        [], 
        [], 
        [], 
        [], 
        [], 
        [], 
        [], 
        [], 
        [], 
        [
            "ורבנן - דאית להו לילה זמן ציצית והויא מצות [עשה] שלא הזמן גרמא ונשים חייבות:"
        ]
    ], 
    "ref": "Rashi on Menachot 43a", 
    "type": "Commentary", 
    "addressTypes": [
        "Talmud", 
        "Integer", 
        "Integer"
    ], 
    "heCommentator": "רש\"י", 
    "length": 217, 
    "indexTitle": "Rashi on Menachot", 
    "heIndexTitle": "רש\"י על מנחות", 
    "alts": [], 
    "order": [
        29, 
        2
    ]
}]