{
    "heTitleVariants": [
        "רש\"י על מנחות"
    ], 
    "heTitle": "רש\"י על מנחות ק״ו א", 
    "content": [
        {
            "segmentNumber": "1", 
            "he": [], 
            "links": [], 
            "text": ""
        }, 
        {
            "segmentNumber": "2", 
            "he": [
                "שמעינן ליה לר\"ש - בפ' כל המנחות באות מצה (לעיל סג:):"
            ], 
            "links": [
                {
                    "category": "Talmud", 
                    "sourceHeRef": "מנחות ק״ו א:ב׳", 
                    "index_title": "Menachot", 
                    "sourceRef": "Menachot 106a:2"
                }
            ], 
            "text": ""
        }, 
        {
            "segmentNumber": "3", 
            "he": [], 
            "links": [], 
            "text": ""
        }, 
        {
            "segmentNumber": "4", 
            "he": [
                "מותר השמן - אמרי' בפ' ואלו מנחות (לעיל עה.) מנחה הבאה מחצה חלות ומחצה רקיקין מביא לוג שמן וחוצהו לחלות ורקיקין וחלות בוללן ומושח הרקיקין על פני כולן ושאר השמן מחזירו לחלות וגבי כולה רקיקין תניא לעיל מההיא מושחן כמין כי ושאר השמן נאכל לכהנים:"
            ], 
            "links": [
                {
                    "category": "Talmud", 
                    "sourceHeRef": "מנחות ק״ו א:ד׳", 
                    "index_title": "Menachot", 
                    "sourceRef": "Menachot 106a:4"
                }
            ], 
            "text": ""
        }, 
        {
            "segmentNumber": "5", 
            "he": [], 
            "links": [], 
            "text": ""
        }, 
        {
            "segmentNumber": "6", 
            "he": [
                "רבי שמעון בן יהודה - גבי מחצה חלות ומחצה רקיקין קאי:"
            ], 
            "links": [
                {
                    "category": "Talmud", 
                    "sourceHeRef": "מנחות ק״ו א:ו׳", 
                    "index_title": "Menachot", 
                    "sourceRef": "Menachot 106a:6"
                }
            ], 
            "text": ""
        }, 
        {
            "segmentNumber": "7", 
            "he": [
                "מותר השמן נאכל לכהנים - כדין רקיקין הבאים בפני עצמן הלכך ממה נפשך מותר של רקיקין נאכל לכהנים:"
            ], 
            "links": [
                {
                    "category": "Talmud", 
                    "sourceHeRef": "מנחות ק״ו א:ז׳", 
                    "index_title": "Menachot", 
                    "sourceRef": "Menachot 106a:7"
                }
            ], 
            "text": ""
        }, 
        {
            "segmentNumber": "8", 
            "he": [], 
            "links": [], 
            "text": ""
        }, 
        {
            "segmentNumber": "9", 
            "he": [], 
            "links": [], 
            "text": ""
        }, 
        {
            "segmentNumber": "10", 
            "he": [], 
            "links": [], 
            "text": ""
        }, 
        {
            "segmentNumber": "11", 
            "he": [
                "כי קא מספקא ליה - לנדר ממנחת יחיד שאינה באה בצבור דהיינו הנך חמש מנחות הנדבה דאינן באות בצבור כדאמר לעיל (דף קד:) אין שנים מתנדבים עשרון אחד שהרי כתיב בה נפש אבל מנחת נסכים הבאה בצבור לא מספקא ליה דודאי ידע שלא נדרה:"
            ], 
            "links": [
                {
                    "category": "Talmud", 
                    "sourceHeRef": "מנחות ק״ו א:י״א", 
                    "index_title": "Menachot", 
                    "sourceRef": "Menachot 106a:11"
                }
            ], 
            "text": ""
        }, 
        {
            "segmentNumber": "12", 
            "he": [], 
            "links": [], 
            "text": ""
        }, 
        {
            "segmentNumber": "13", 
            "he": [], 
            "links": [], 
            "text": ""
        }, 
        {
            "segmentNumber": "14", 
            "he": [], 
            "links": [], 
            "text": ""
        }, 
        {
            "segmentNumber": "15", 
            "he": [], 
            "links": [], 
            "text": ""
        }, 
        {
            "segmentNumber": "16", 
            "he": [], 
            "links": [], 
            "text": ""
        }, 
        {
            "segmentNumber": "17", 
            "he": [], 
            "links": [], 
            "text": ""
        }, 
        {
            "segmentNumber": "18", 
            "he": [], 
            "links": [], 
            "text": ""
        }, 
        {
            "segmentNumber": "19", 
            "he": [], 
            "links": [], 
            "text": ""
        }, 
        {
            "segmentNumber": "20", 
            "he": [], 
            "links": [], 
            "text": ""
        }, 
        {
            "segmentNumber": "21", 
            "he": [], 
            "links": [], 
            "text": ""
        }, 
        {
            "segmentNumber": "22", 
            "he": [], 
            "links": [], 
            "text": ""
        }, 
        {
            "segmentNumber": "23", 
            "he": [], 
            "links": [], 
            "text": ""
        }, 
        {
            "segmentNumber": "24", 
            "he": [], 
            "links": [], 
            "text": ""
        }, 
        {
            "segmentNumber": "25", 
            "he": [], 
            "links": [], 
            "text": ""
        }, 
        {
            "segmentNumber": "26", 
            "he": [], 
            "links": [], 
            "text": ""
        }, 
        {
            "segmentNumber": "27", 
            "he": [
                "של עשרוני' מאחד ועד ששים - שיביא ששים מנחות בששים כלים בחד כלי חד עשרון ובאידך שנים ובאידך שלשה ובאידך [ארבעה וכן עד] ששים:", 
                "שהם אלף ושמנה מאות ושלשים עשרונות - ובכל כלי יאמר אם כזו נדרתי זו לנדרי ואם לאו תהא נדבה דממה נפשך חדא מינייהו נדר:"
            ], 
            "links": [
                {
                    "category": "Talmud", 
                    "sourceHeRef": "מנחות ק״ו א:כ״ז", 
                    "index_title": "Menachot", 
                    "sourceRef": "Menachot 106a:27"
                }, 
                {
                    "category": "Talmud", 
                    "sourceHeRef": "מנחות ק״ו א:כ״ז", 
                    "index_title": "Menachot", 
                    "sourceRef": "Menachot 106a:27"
                }
            ], 
            "text": ""
        }, 
        {
            "segmentNumber": "28", 
            "he": [
                "פירשתי - עשרונות ופירשתי מאיזה מנחה מן החמש המנחות ואיני יודע מאיזה מנחה פירשתי וכמה עשרונים פירשתי בה יביא חמש מנחות של ששים עשרונות:"
            ], 
            "links": [
                {
                    "category": "Talmud", 
                    "sourceHeRef": "מנחות ק״ו א:כ״ח", 
                    "index_title": "Menachot", 
                    "sourceRef": "Menachot 106a:28"
                }
            ], 
            "text": ""
        }, 
        {
            "segmentNumber": "29", 
            "he": [], 
            "links": [], 
            "text": ""
        }, 
        {
            "segmentNumber": "30", 
            "he": [], 
            "links": [], 
            "text": ""
        }, 
        {
            "segmentNumber": "31", 
            "he": [], 
            "links": [], 
            "text": ""
        }, 
        {
            "segmentNumber": "32", 
            "he": [], 
            "links": [], 
            "text": ""
        }, 
        {
            "segmentNumber": "33", 
            "he": [
                "במותר להכניס חולין לעזרה - ודכולי עלמא אסור לערב חובה בנדבה:"
            ], 
            "links": [
                {
                    "category": "Talmud", 
                    "sourceHeRef": "מנחות ק״ו א:ל״ג", 
                    "index_title": "Menachot", 
                    "sourceRef": "Menachot 106a:33"
                }
            ], 
            "text": ""
        }, 
        {
            "segmentNumber": "34", 
            "he": [], 
            "links": [], 
            "text": ""
        }, 
        {
            "segmentNumber": "35", 
            "he": [
                "ורבי סבר אסור להכניס חולין לעזרה - הלכך לא מצי איתויי בכלי אחד ומתנה אבל יביא ששים מנחות מאחד ועד ששים בששים כלים ויאמר אותם שנדרתי יהו לחובתי והשאר נדבה ואי קשיא לייתי ששים עשרונות בששים כלים ויאמר לפי חשבון שנדרתי יהא לנדרי והשאר נדבה הא לא קשיא דקביעות המנחה מילתא היא ולא מצי לאיתויי בכלי אחד פחות ממה שקבע בו:"
            ], 
            "links": [
                {
                    "category": "Talmud", 
                    "sourceHeRef": "מנחות ק״ו א:ל״ה", 
                    "index_title": "Menachot", 
                    "sourceRef": "Menachot 106a:35"
                }
            ], 
            "text": ""
        }, 
        {
            "segmentNumber": "36", 
            "he": [
                "רבנן סברי מותר להכניס חולין לעזרה - הלכך יביא ששים עשרון בכלי אחד ויתנה אם כולן נדרתי כולן לחובתי ואם לאו מה שנדרתי יהא לחובתי והשאר חולין אבל השאר לנדבה לא מצי לאיתויי דאסור לערב חובה בנדבה ואי קשיא הכא נמי היכי קריב קומץ הא הוי קצת מן הקומץ חולין ועוד מנחה היכי מישתרי והא לא איקמצ' קומץ שלם דקצת מן הקומץ הוי חולין תריץ כדתרצינן בהקומץ רבה (לעיל כד:) קומץ בדעתא דכהן תליא מילתא וכהן דעתו אקודש ולא אחולין:"
            ], 
            "links": [
                {
                    "category": "Talmud", 
                    "sourceHeRef": "מנחות ק״ו א:ל״ו", 
                    "index_title": "Menachot", 
                    "sourceRef": "Menachot 106a:36"
                }
            ], 
            "text": ""
        }, 
        {
            "segmentNumber": "37", 
            "he": [], 
            "links": [], 
            "text": ""
        }, 
        {
            "segmentNumber": "38", 
            "he": [
                "מותר לערב חובה בנדבה - הלכך מייתי ס' עשרונות ויאמר כפי מה שנדרתי יהו לחובתי והשאר לנדבה:"
            ], 
            "links": [
                {
                    "category": "Talmud", 
                    "sourceHeRef": "מנחות ק״ו א:ל״ח", 
                    "index_title": "Menachot", 
                    "sourceRef": "Menachot 106a:38"
                }
            ], 
            "text": ""
        }, 
        {
            "segmentNumber": "39", 
            "he": [], 
            "links": [], 
            "text": ""
        }, 
        {
            "segmentNumber": "40", 
            "he": [], 
            "links": [], 
            "text": ""
        }, 
        {
            "segmentNumber": "41", 
            "he": [], 
            "links": [], 
            "text": ""
        }, 
        {
            "segmentNumber": "42", 
            "he": [], 
            "links": [], 
            "text": ""
        }, 
        {
            "segmentNumber": "43", 
            "he": [
                "שני קמצים - חד לחובה וחד לנדבה:"
            ], 
            "links": [
                {
                    "category": "Talmud", 
                    "sourceHeRef": "מנחות ק״ו א:מ״ג", 
                    "index_title": "Menachot", 
                    "sourceRef": "Menachot 106a:43"
                }
            ], 
            "text": ""
        }, 
        {
            "segmentNumber": "44", 
            "he": [
                "ומשני דקמיץ - שני קמצים:"
            ], 
            "links": [
                {
                    "category": "Talmud", 
                    "sourceHeRef": "מנחות ק״ו א:מ״ד", 
                    "index_title": "Menachot", 
                    "sourceRef": "Menachot 106a:44"
                }
            ], 
            "text": ""
        }, 
        {
            "segmentNumber": "45", 
            "he": [], 
            "links": [], 
            "text": ""
        }, 
        {
            "segmentNumber": "46", 
            "he": [], 
            "links": [], 
            "text": ""
        }, 
        {
            "segmentNumber": "47", 
            "he": [
                "כל היכא דמטי ידיה דכהן השתא - בקומץ ראשון יהא חובה וכל היכא דמטו ידיה בקומץ אחרון תהא נדבה:"
            ], 
            "links": [
                {
                    "category": "Talmud", 
                    "sourceHeRef": "מנחות ק״ו א:מ״ז", 
                    "index_title": "Menachot", 
                    "sourceRef": "Menachot 106a:47"
                }
            ], 
            "text": ""
        }, 
        {
            "segmentNumber": "48", 
            "he": [], 
            "links": [], 
            "text": ""
        }, 
        {
            "segmentNumber": "49", 
            "he": [], 
            "links": [], 
            "text": ""
        }, 
        {
            "segmentNumber": "50", 
            "he": [], 
            "links": [], 
            "text": ""
        }, 
        {
            "segmentNumber": "51", 
            "he": [], 
            "links": [], 
            "text": ""
        }, 
        {
            "segmentNumber": "52", 
            "he": [], 
            "links": [], 
            "text": ""
        }
    ], 
    "commentaryBook": "Menachot", 
    "heRef": "רש\"י על מנחות ק״ו א", 
    "toSections": [
        "106a"
    ], 
    "sectionRef": "Rashi on Menachot 106a", 
    "title": "Rashi on Menachot 106a", 
    "lengths": [
        217, 
        10533
    ], 
    "next": "Rashi on Menachot 106b:1", 
    "heBook": "רש\"י על מנחות", 
    "book": "Rashi on Menachot", 
    "prev": "Rashi on Menachot 105b:17", 
    "textDepth": 3, 
    "sectionNames": [
        "Daf", 
        "Line", 
        "Comment"
    ], 
    "sections": [
        "106a"
    ], 
    "commentator": "Rashi", 
    "isComplex": false, 
    "commentaryCategories": [
        "Talmud", 
        "Bavli", 
        "Seder Kodashim"
    ], 
    "titleVariants": [
        "Rashi on Masekhet Menachot", 
        "Rashi on Tractate Menachot", 
        "Rashi on Menahot", 
        "Rashi on Talmud Menachot", 
        "Rashi on Menachot"
    ], 
    "categories": [
        "Commentary", 
        "Talmud", 
        "Rashi"
    ], 
    "ref": "Rashi on Menachot 106a", 
    "type": "Commentary", 
    "addressTypes": [
        "Talmud", 
        "Integer", 
        "Integer"
    ], 
    "heCommentator": "רש\"י", 
    "length": 217, 
    "indexTitle": "Rashi on Menachot", 
    "heIndexTitle": "רש\"י על מנחות", 
    "alts": [], 
    "order": [
        29, 
        2
    ]
}