{
    "heTitleVariants": [
        "רש\"י על מנחות"
    ], 
    "heTitle": "רש\"י על מנחות ט׳ א", 
    "content": [
        {
            "segmentNumber": "1", 
            "he": [
                "בקדש הקדשים וגו' - בפרשת ויקח קרח ולעיל מיניה כתיב לכל חטאתם ולכל אשמם וגו' בקדש הקדשים דמשמע היכל דאי עזרה בהדיא כתיב (ויקרא ו) בחצר אהל מועד ואם איתא דילפינן מהאי טעמא דלא יהא טפל חמור מעיקר:"
            ], 
            "links": [
                {
                    "category": "Talmud", 
                    "sourceHeRef": "מנחות ט׳ א:א׳", 
                    "sourceRef": "Menachot 9a:1", 
                    "ref": "Menachot 9a:1"
                }, 
                {
                    "category": "Tanach", 
                    "sourceHeRef": "ויקרא ו׳", 
                    "sourceRef": "Leviticus 6", 
                    "ref": "Leviticus 6"
                }
            ], 
            "text": ""
        }, 
        {
            "segmentNumber": "2", 
            "he": [
                "הא למה לי קרא - לבן בתירא לילף מאידך קרא (שם) בחצר אהל מועד יאכלוה וכל שכן היכל והאי בקדש הקדשים למה לי דכתיב רחמנא: ומשני האי דאיצטריך בקדש הקדשים לאו לאשמועינן דלא מיפסלי קדשים בכניסת היכל אלא למישרי אכילה בהיכל דלא נפקא מההוא דלא יהא טפל חמור מעיקר:"
            ], 
            "links": [
                {
                    "category": "Talmud", 
                    "sourceHeRef": "מנחות ט׳ א:ב׳", 
                    "sourceRef": "Menachot 9a:2", 
                    "ref": "Menachot 9a:2"
                }
            ], 
            "text": ""
        }, 
        {
            "segmentNumber": "3", 
            "he": [], 
            "links": [], 
            "text": ""
        }, 
        {
            "segmentNumber": "4", 
            "he": [], 
            "links": [], 
            "text": ""
        }, 
        {
            "segmentNumber": "5", 
            "he": [
                "דעבודה היא - דדרך ארץ היא לעבוד בפני רבו אמרי' לא יהא טפל וכו' אבל אכילה אין דרך ארץ לאכול במקום רבו לא אמרי' דכיון דעיקר הוא כ\"ש דמצי אכיל בגוויה אי לא אשמעינן קרא:"
            ], 
            "links": [
                {
                    "category": "Talmud", 
                    "sourceHeRef": "מנחות ט׳ א:ה׳", 
                    "sourceRef": "Menachot 9a:5", 
                    "ref": "Menachot 9a:5"
                }
            ], 
            "text": ""
        }, 
        {
            "segmentNumber": "6", 
            "he": [], 
            "links": [], 
            "text": ""
        }, 
        {
            "segmentNumber": "7", 
            "he": [], 
            "links": [], 
            "text": ""
        }, 
        {
            "segmentNumber": "8", 
            "he": [], 
            "links": [], 
            "text": ""
        }, 
        {
            "segmentNumber": "9", 
            "he": [], 
            "links": [], 
            "text": ""
        }, 
        {
            "segmentNumber": "10", 
            "he": [], 
            "links": [], 
            "text": ""
        }, 
        {
            "segmentNumber": "11", 
            "he": [], 
            "links": [], 
            "text": ""
        }, 
        {
            "segmentNumber": "12", 
            "he": [], 
            "links": [], 
            "text": ""
        }, 
        {
            "segmentNumber": "13", 
            "he": [], 
            "links": [], 
            "text": ""
        }, 
        {
            "segmentNumber": "14", 
            "he": [], 
            "links": [], 
            "text": ""
        }, 
        {
            "segmentNumber": "15", 
            "he": [], 
            "links": [], 
            "text": ""
        }, 
        {
            "segmentNumber": "16", 
            "he": [], 
            "links": [], 
            "text": ""
        }, 
        {
            "segmentNumber": "17", 
            "he": [], 
            "links": [], 
            "text": ""
        }, 
        {
            "segmentNumber": "18", 
            "he": [], 
            "links": [], 
            "text": ""
        }, 
        {
            "segmentNumber": "19", 
            "he": [], 
            "links": [], 
            "text": ""
        }, 
        {
            "segmentNumber": "20", 
            "he": [], 
            "links": [], 
            "text": ""
        }, 
        {
            "segmentNumber": "21", 
            "he": [], 
            "links": [], 
            "text": ""
        }, 
        {
            "segmentNumber": "22", 
            "he": [], 
            "links": [], 
            "text": ""
        }, 
        {
            "segmentNumber": "23", 
            "he": [
                "קמיצה קבעה לה - דכל כמה דלא קמיץ לא מיקריא מנחה ולא קרינא ביה מן המנחה פרט לשחסרה כדמפרש לקמן כל לשון קביעות דאמור במנחות כלומר זקוק זה לזה ואין אתה יכול לשנות קצת ממנו להביא אחר תחתיו לפי שהוקבעו יחד:"
            ], 
            "links": [
                {
                    "category": "Talmud", 
                    "sourceHeRef": "מנחות ט׳ א:כ״ג", 
                    "sourceRef": "Menachot 9a:23", 
                    "ref": "Menachot 9a:23"
                }
            ], 
            "text": ""
        }, 
        {
            "segmentNumber": "24", 
            "he": [
                "קדושת כלי קבעה לה - בשם וקרינא בה מן המנחה פרט לכשחסרה:"
            ], 
            "links": [
                {
                    "category": "Talmud", 
                    "sourceHeRef": "מנחות ט׳ א:כ״ד", 
                    "sourceRef": "Menachot 9a:24", 
                    "ref": "Menachot 9a:24"
                }
            ], 
            "text": ""
        }, 
        {
            "segmentNumber": "25", 
            "he": [], 
            "links": [], 
            "text": ""
        }, 
        {
            "segmentNumber": "26", 
            "he": [
                "חסר הלוג - שמן של מצורע עד שלא יצק על כפו השמאלית ימלאנה ולא אמרי' דקבעה להו לוג שהוא כלי שרת:"
            ], 
            "links": [
                {
                    "category": "Talmud", 
                    "sourceHeRef": "מנחות ט׳ א:כ״ו", 
                    "sourceRef": "Menachot 9a:26", 
                    "ref": "Menachot 9a:26"
                }
            ], 
            "text": ""
        }, 
        {
            "segmentNumber": "27", 
            "he": [], 
            "links": [], 
            "text": ""
        }, 
        {
            "segmentNumber": "28", 
            "he": [], 
            "links": [], 
            "text": ""
        }, 
        {
            "segmentNumber": "29", 
            "he": [], 
            "links": [], 
            "text": ""
        }, 
        {
            "segmentNumber": "30", 
            "he": [], 
            "links": [], 
            "text": ""
        }, 
        {
            "segmentNumber": "31", 
            "he": [], 
            "links": [], 
            "text": ""
        }, 
        {
            "segmentNumber": "32", 
            "he": [
                "כ\"ע לא פליגי - דמה היכא דאבדו שירים או נשרפו קמכשר ר' אליעזר לקמן להקטיר קומץ כ\"ש חסרו דאיכא שיור במקצתה:"
            ], 
            "links": [
                {
                    "category": "Talmud", 
                    "sourceHeRef": "מנחות ט׳ א:ל״ב", 
                    "sourceRef": "Menachot 9a:32", 
                    "ref": "Menachot 9a:32"
                }
            ], 
            "text": ""
        }, 
        {
            "segmentNumber": "33", 
            "he": [], 
            "links": [], 
            "text": ""
        }, 
        {
            "segmentNumber": "34", 
            "he": [
                "כמדת ר' אליעזר - דאמר בפ' כיצד צולין (פסחים עז.) ועשית עולותיך הבשר והדם דם אע\"פ שאין בשר (בשר אע\"פ שאין דם):", 
                "כמדת ר' יהושע - דאמר אם אין בשר אין דם אם אין דם אין בשר פסול להקטיר הקומץ:", 
                "כשרה - להקטיר הקומץ דקומץ בלא שירים דומיא דדם בלא בשר:"
            ], 
            "links": [
                {
                    "category": "Talmud", 
                    "sourceHeRef": "מנחות ט׳ א:ל״ד", 
                    "sourceRef": "Menachot 9a:34", 
                    "ref": "Menachot 9a:34"
                }, 
                {
                    "category": "Talmud", 
                    "sourceHeRef": "מנחות ט׳ א:ל״ד", 
                    "sourceRef": "Menachot 9a:34", 
                    "ref": "Menachot 9a:34"
                }, 
                {
                    "category": "Talmud", 
                    "sourceHeRef": "מנחות ט׳ א:ל״ד", 
                    "sourceRef": "Menachot 9a:34", 
                    "ref": "Menachot 9a:34"
                }, 
                {
                    "category": "Talmud", 
                    "sourceHeRef": "פסחים ע״ז א", 
                    "sourceRef": "Pesachim 77a", 
                    "ref": "Pesachim 77a"
                }, 
                {
                    "category": "Talmud", 
                    "sourceHeRef": "פסחים ע״ז א", 
                    "sourceRef": "Pesachim 77a", 
                    "ref": "Pesachim 77a"
                }
            ], 
            "text": ""
        }, 
        {
            "segmentNumber": "35", 
            "he": [], 
            "links": [], 
            "text": ""
        }, 
        {
            "segmentNumber": "36", 
            "he": [], 
            "links": [], 
            "text": ""
        }, 
        {
            "segmentNumber": "37", 
            "he": [
                "כזית בשר או כזית חלב - בפסחים נפקא לן בכיצד צולין (דף עט.) דמשום חלב נמי זריק דכתיב (ויקרא יז) וזרק הכהן את הדם וגו' והקטיר החלב אלמא חלב אע\"פ שאין בשר:", 
                "כחצי זית חלב אין זורק - שאין אכילת בשר ואכילת מזבח מצטרפין זריקת דם אינה אלא להתיר אימורים למזבח ובשר לאדם וכיון דאבדו שניהם זריקה למה:"
            ], 
            "links": [
                {
                    "category": "Talmud", 
                    "sourceHeRef": "מנחות ט׳ א:ל״ז", 
                    "sourceRef": "Menachot 9a:37", 
                    "ref": "Menachot 9a:37"
                }, 
                {
                    "category": "Talmud", 
                    "sourceHeRef": "מנחות ט׳ א:ל״ז", 
                    "sourceRef": "Menachot 9a:37", 
                    "ref": "Menachot 9a:37"
                }, 
                {
                    "category": "Tanach", 
                    "sourceHeRef": "ויקרא י״ז", 
                    "sourceRef": "Leviticus 17", 
                    "ref": "Leviticus 17"
                }, 
                {
                    "category": "Tanach", 
                    "sourceHeRef": "ויקרא י״ז", 
                    "sourceRef": "Leviticus 17", 
                    "ref": "Leviticus 17"
                }
            ], 
            "text": ""
        }, 
        {
            "segmentNumber": "38", 
            "he": [
                "ובעולה - דבין בשר בין חלב כולהו למזבח סלקי מצטרפים:"
            ], 
            "links": [
                {
                    "category": "Talmud", 
                    "sourceHeRef": "מנחות ט׳ א:ל״ח", 
                    "sourceRef": "Menachot 9a:38", 
                    "ref": "Menachot 9a:38"
                }
            ], 
            "text": ""
        }, 
        {
            "segmentNumber": "39", 
            "he": [], 
            "links": [], 
            "text": ""
        }
    ], 
    "commentaryBook": "Menachot", 
    "heRef": "רש\"י על מנחות ט׳ א", 
    "toSections": [
        "9a"
    ], 
    "sectionRef": "Rashi on Menachot 9a", 
    "title": "Rashi on Menachot 9a", 
    "lengths": [
        217, 
        10533
    ], 
    "next": "Rashi on Menachot 9b:1", 
    "heBook": "רש\"י על מנחות", 
    "book": "Rashi on Menachot", 
    "prev": "Rashi on Menachot 8b:47", 
    "textDepth": 3, 
    "sectionNames": [
        "Daf", 
        "Line", 
        "Comment"
    ], 
    "sections": [
        "9a"
    ], 
    "commentator": "Rashi", 
    "isComplex": false, 
    "commentaryCategories": [
        "Talmud", 
        "Bavli", 
        "Seder Kodashim"
    ], 
    "titleVariants": [
        "Rashi on Masekhet Menachot", 
        "Rashi on Tractate Menachot", 
        "Rashi on Talmud Menachot", 
        "Rashi on Menachot"
    ], 
    "categories": [
        "Commentary", 
        "Talmud", 
        "Rashi"
    ], 
    "ref": "Rashi on Menachot 9a", 
    "type": "Commentary", 
    "addressTypes": [
        "Talmud", 
        "Integer", 
        "Integer"
    ], 
    "heCommentator": "רש\"י", 
    "length": 217, 
    "indexTitle": "Rashi on Menachot", 
    "heIndexTitle": "רש\"י על מנחות", 
    "alts": [], 
    "order": [
        29, 
        2
    ]
}