[{
    "links": [
        [
            "76a:1:1", 
            "Menachot 76a:1", 
            "Talmud"
        ], 
        [
            "76a:3:1", 
            "Menachot 76a:3", 
            "Talmud"
        ], 
        [
            "76a:4:1", 
            "Menachot 76a:4", 
            "Talmud"
        ], 
        [
            "76a:5:1", 
            "Menachot 76a:5", 
            "Talmud"
        ], 
        [
            "76a:8:1", 
            "Menachot 76a:8", 
            "Talmud"
        ], 
        [
            "76a:9:1", 
            "Menachot 76a:9", 
            "Talmud"
        ], 
        [
            "76a:10:1", 
            "Menachot 76a:10", 
            "Talmud"
        ], 
        [
            "76a:22:1", 
            "Menachot 76a:22", 
            "Talmud"
        ], 
        [
            "76a:24:1", 
            "Menachot 76a:24", 
            "Talmud"
        ], 
        [
            "76a:35:1", 
            "Menachot 76a:35", 
            "Talmud"
        ], 
        [
            "76a:37:1", 
            "Menachot 76a:37", 
            "Talmud"
        ], 
        [
            "76a:42:1", 
            "Menachot 76a:42", 
            "Talmud"
        ], 
        [
            "76a:45:1", 
            "Menachot 76a:45", 
            "Talmud"
        ], 
        [
            "76a:47:1", 
            "Menachot 76a:47", 
            "Talmud"
        ], 
        [
            "76a:49:1", 
            "Menachot 76a:49", 
            "Talmud"
        ], 
        [
            "76a:52:1", 
            "Menachot 76a:52", 
            "Talmud"
        ], 
        [
            "76a:53:1", 
            "Menachot 76a:53", 
            "Talmud"
        ], 
        [
            "76a:54:1", 
            "Menachot 76a:54", 
            "Talmud"
        ], 
        [
            "76a:56:1", 
            "Menachot 76a:56", 
            "Talmud"
        ], 
        [
            "76a:22:1", 
            "Leviticus 24", 
            "Tanach"
        ], 
        [
            "76a:52:1", 
            "Leviticus 7", 
            "Tanach"
        ], 
        [
            "76a:13:1", 
            "Menachot 76a:13", 
            "Talmud"
        ], 
        [
            "76a:15:1", 
            "Menachot 76a:15", 
            "Talmud"
        ], 
        [
            "76a:21:1", 
            "Menachot 76a:21", 
            "Talmud"
        ], 
        [
            "76a:23:1", 
            "Menachot 76a:23", 
            "Talmud"
        ], 
        [
            "76a:25:1", 
            "Menachot 76a:25", 
            "Talmud"
        ], 
        [
            "76a:28:1", 
            "Menachot 76a:28", 
            "Talmud"
        ], 
        [
            "76a:38:1", 
            "Menachot 76a:38", 
            "Talmud"
        ], 
        [
            "76a:41:1", 
            "Menachot 76a:41", 
            "Talmud"
        ], 
        [
            "76a:57:1", 
            "Menachot 76a:57", 
            "Talmud"
        ], 
        [
            "76a:27:1", 
            "Menachot 76a:27", 
            "Talmud"
        ], 
        [
            "76a:1:2", 
            "Menachot 76a:1", 
            "Talmud"
        ], 
        [
            "76a:8:2", 
            "Menachot 76a:8", 
            "Talmud"
        ], 
        [
            "76a:22:2", 
            "Menachot 76a:22", 
            "Talmud"
        ], 
        [
            "76a:52:2", 
            "Menachot 76a:52", 
            "Talmud"
        ], 
        [
            "76a:53:2", 
            "Menachot 76a:53", 
            "Talmud"
        ], 
        [
            "76a:56:2", 
            "Menachot 76a:56", 
            "Talmud"
        ], 
        [
            "76a:37:2", 
            "Menachot 76a:37", 
            "Talmud"
        ], 
        [
            "76a:41:2", 
            "Menachot 76a:41", 
            "Talmud"
        ], 
        [
            "76a:49:2", 
            "Menachot 76a:49", 
            "Talmud"
        ], 
        [
            "76a:22:2", 
            "Leviticus 24", 
            "Tanach"
        ], 
        [
            "76a:52:2", 
            "Leviticus 7", 
            "Tanach"
        ], 
        [
            "76a:1:3", 
            "Menachot 76a:1", 
            "Talmud"
        ], 
        [
            "76a:37:3", 
            "Menachot 76a:37", 
            "Talmud"
        ], 
        [
            "76a:41:3", 
            "Menachot 76a:41", 
            "Talmud"
        ], 
        [
            "76a:1:4", 
            "Menachot 76a:1", 
            "Talmud"
        ], 
        [
            "76a:37:4", 
            "Menachot 76a:37", 
            "Talmud"
        ]
    ], 
    "text": [], 
    "heTitleVariants": [
        "רש\"י על מנחות"
    ], 
    "heTitle": "רש\"י על מנחות ע״ו א", 
    "commentaryBook": "Menachot", 
    "heRef": "רש\"י על מנחות ע״ו א", 
    "toSections": [
        "76a"
    ], 
    "sectionRef": "Rashi on Menachot 76a", 
    "title": "Rashi on Menachot 76a", 
    "lengths": [
        217, 
        10533
    ], 
    "next": "Rashi on Menachot 76b:1", 
    "heBook": "רש\"י על מנחות", 
    "book": "Rashi on Menachot", 
    "prev": "Rashi on Menachot 75b:50", 
    "textDepth": 3, 
    "sectionNames": [
        "Daf", 
        "Line", 
        "Comment"
    ], 
    "sections": [
        "76a"
    ], 
    "commentator": "Rashi", 
    "isComplex": false, 
    "commentaryCategories": [
        "Talmud", 
        "Bavli", 
        "Seder Kodashim"
    ], 
    "titleVariants": [
        "Rashi on Masekhet Menachot", 
        "Rashi on Tractate Menachot", 
        "Rashi on Talmud Menachot", 
        "Rashi on Menachot"
    ], 
    "categories": [
        "Commentary", 
        "Talmud", 
        "Rashi"
    ], 
    "he": [
        [
            "מתני' שיפה - שמשפשף בידו שמוליך ומביא בפיסת ידו עליהן:", 
            "מתני' שיפה - שמשפשף החיטין בין ידיו שתהא נוחה קליפה להשיר או הבצק כדי שיהא נאה:", 
            "בעיטה - שבועט בהן בגבות אצבעותיו באגרופו:", 
            "בעיטה - בועט בעובי אגרוף כדרך הגבלים או בעובי פס ידו הסמוך לזרוע. לישנא אחרינא בעיטה ברגל:"
        ], 
        [], 
        [
            "ר' יוסי אומר שיפה ובעיטה בבצק - ולא בחיטים:"
        ], 
        [
            "חוץ מלחם הפנים וחביתין ולחמי תודה - שאם מיעט או ריבה במדת חלתן פסולות וקשיא לשמואל דאמר לחמי תודה שאפאן וכו':"
        ], 
        [
            "רבי מאיר אומר וכו' - דהיינו טעמא דאי סבירא ליה דבר הלמד כו' וטעמא משום הנך נפישן כדאמר לעיל:"
        ], 
        [], 
        [], 
        [
            "גמ' שף אחת ובועט שתים שף שתים ובועט שלשה - נמצא דכי שף שלש פעמים בועט ה' פעמים ותו חוזר ועושה עד שגומר ש' פעמים שיפה ות\"ק פעמים בעיטה:", 
            "גמ' שף אחת בועט שתים שף שתים ובועט שלש - הכי עביד כסדרן דאיכא לשלש שיפות חמש בעיטות נמצא ת\"ק בעיטות לשלש מאות שיפות כדקתני מתני':"
        ], 
        [
            "בעי רבי ירמיה - הא דקתני שף אחת היינו אמטויי ואתויי דמה שמוליך ומביא בידו חשוב חד שיפה:"
        ], 
        [
            "אמטויי ואתויי חד - שיפה דמתני' היכי חשיב דרך השף להוליך [ולהביא] ידו ולהכי חשיב להולכה והבאה חד:"
        ], 
        [], 
        [], 
        [
            "בחיטין - כדי שישרו קליפתן:"
        ], 
        [], 
        [
            "בבצק - בלישת הבצק שף ובועט:"
        ], 
        [], 
        [], 
        [], 
        [], 
        [], 
        [
            "לחם הפנים בהדיא כתיב ביה - י\"ב חלות:"
        ], 
        [
            "אתי חוקה מלחם הפנים - דכתיב בלחם הפנים (ויקרא כד) (מאת בני ישראל) חק עולם וכתיב בחביתין (שם ו) חק עולם לה' מה להלן י\"ב אף כאן י\"ב: שאר מנחות דבאות עשר עשר מנלן:", 
            "גמ' חוקה חוקה - חק עולם לה' כליל תקטר כי קדש קדשים הוא לו מאשי ה' חק עולם:"
        ], 
        [
            "מתני' כל המנחות באות עשר עשר - חלות ומנחת סולת נמי אע\"ג דקודם אפייה נקמצת אפילו הכי עשר חלות קא עבדי ליה בנזיר כתיב (לחם) וסל מצות חלות מצות:"
        ], 
        [
            "גמר - שאר מנחות:"
        ], 
        [
            "מה להלן - בלחמי תודה לכל מין עשר כדאמרינן בפירקין דלקמן (דף עז.):"
        ], 
        [], 
        [
            "שכן יחיד - דלחמי תודה ושאר מנחות הן קריבין יחיד שנתנדב דתרוייהו אתו בנדבה ותרוייהו טעונות שמן ותרוייהו נפסלות בלינה ותרוייהו לא דחו שבת ולא טומאה לאפוקי לחם הפנים שהן קרבן של צבור ואין באות בנדבה ואין טעונות שמן ואין נפסלות בלינה שהרי מניחם ח' ימים על השולחן ודוחה שבת וטומאה:"
        ], 
        [
            "מלחמי תודה - דבאות עשר עשר דהם פשיטא לן בפ' התודה:"
        ], 
        [], 
        [], 
        [], 
        [], 
        [], 
        [], 
        [
            "שנתנדב - שתיהן נדבה אבל לחם הפנים חובה: ואין דוחין [שבת] דלאו קרבן צבור הוא:"
        ], 
        [], 
        [
            "שכן הקדש - המנחות ולחם הפנים קדשי קדשים: מנחות טעונים לבונה והויין מצה תרוייהו:", 
            "ועצם - באין בגלל עצמם מה שאין כן בלחמי תודה שאין טעונין לבונה ויש בהן חמץ ובאות בגלל זבח: ואכתי פריך ואי סבירא לן דדבר הלמד בג\"ש כגון חביתין דילפי חוק חוק מלחם הפנים דחוזר ומלמד בבנין אב ולאו בבנין אב הוא אלא במה מצינו דפלוגתא במס' זבחים (דף נ:) אי חוזר ומלמד הואיל ויליף מלחם הפנים:", 
            "כלי - חביתין ומנחות טעונות כלי כ\"ש. ע\"א כלי מקדשן ולחמי תודה שחיטת הזבח מקדשן:", 
            "הקדש - דחביתין ומנחות הויין קדשי קדשים: מנחות וחביתין טעונים הגשה למזבח ובאות לאישים על המזבח מה שאין כן בלחמי תודה שאין טעונין הגשה ואין מהם לאישים:"
        ], 
        [
            "הדיוט מהדיוט - מנחות מתודה דתרוייהו מנחת הדיוט לאפוקי חביתין שהן קרבן כהן גדול:"
        ], 
        [], 
        [], 
        [
            "לילף מחביתין - מה מצינו חביתין שהן י\"ב חלות אף כל המנחות כו':", 
            "שכן הדיוט - לחמי תודה ושאר מנחות הדיוט יכול להביאן ובאין נדבה ואין באין לחצאין ויש בהם משום פגול ואין דוחין לא שבת ולא טומאה וחביתין הן קרבן של כהן גדול ואין באין בנדבה וקריבה לחצאין מחציתה בבקר ומחציתה בערב ואין בהן פיגול לפי שאין להם מתירין ודוחין שבת וטומאה:", 
            "אי סבירא ליה כו' - בניחותא. לחמי תודה בהדיא כתיב בהו. עשר דכתיב והקריב ממנו אחת מכל קרבן תרומה ואמרי' בפ' התודה נאמר כאן תרומה ונאמר בתרומת מעשר תרומה מה להלן אחד מעשרה אף כאן אחד מעשרה. לרבות שלמי נזיר. (למין) [למידת] לחמי תודה לעשרת קבין ירושלמית ולחצי לוג שמן ושיהיו באות עשר:"
        ], 
        [
            "יליף מלחם הפנים - דהקדש מהקדש עדיף ליה למילף לאפוקי לחמי תודה דקדשים קלים:"
        ], 
        [], 
        [], 
        [
            "בהדיא כתיב בהו - מפרש בפרק התודה (לקמן עז.):"
        ], 
        [], 
        [
            "שלמיו - על זבח תודת שלמיו לרבות שלמי נזיר לעשרה קבין ירושלמיות נמי מרבינן שבאין עשר חלות כתודה:"
        ], 
        [], 
        [
            "שאפאן ד' חלות - שהיה לו לעשות ארבעים ולא עשה כי אם ד' אחד מכל מין:", 
            "שאפאן ארבע חלות - אחד ממצה ואחד מחמץ ואחד מרקיקין ואחד מרבוכה דארבע למינין יש בהן:"
        ], 
        [], 
        [], 
        [
            "והא בעי אפרושי תרומה מינייהו - דכתיב והקריב ממנו אחד מכל קרבן תרומה (ויקרא ז) והך תרומה אמרינן לקמן (דף עז:) דהויא אחת מי':", 
            "והא בעי אפרושי תרומה - כדכתיב בהן תרומה שנוטל אחד מכל מין ונאכלת לכהנים כדכתיב לכהן הזורק את הדם לו יהיה והתשעה נאכל לבעלים:"
        ], 
        [
            "דמפריש מכל חדא - מכל אחת של ד' חלות:", 
            "אחד אמר רחמנא - והקריב ממנו אחד מכל קרבן ואחד שלם משמע שגא יטול פרוס:"
        ], 
        [
            "דאפרשינהו בלישה - כל זמן שהן עיסה ושוב עשה החלות שלימות דלא הוי פרוס:"
        ], 
        [], 
        [
            "שריבה במדת חלתן - כגון שהיה לעשות י' חלות ועשה חלות גדולות שלא עשה מהן אלא או ז' או ח' או שמיעט שעשה י\"ב חלות או י\"ג חלות. ע\"א שריבה היינו שהוסיף במנין החלות כגון שעשה י\"ב:", 
            "שריבה במדת החלות - שעשה י\"א חלות או י\"ב חלות:"
        ], 
        [
            "הוא - שמואל:"
        ]
    ], 
    "ref": "Rashi on Menachot 76a", 
    "type": "Commentary", 
    "addressTypes": [
        "Talmud", 
        "Integer", 
        "Integer"
    ], 
    "heCommentator": "רש\"י", 
    "length": 217, 
    "indexTitle": "Rashi on Menachot", 
    "heIndexTitle": "רש\"י על מנחות", 
    "alts": [], 
    "order": [
        29, 
        2
    ]
}]