[{
    "links": [
        [
            "75b:1:1", 
            "Menachot 75b:1", 
            "Talmud"
        ], 
        [
            "75b:2:1", 
            "Menachot 75b:2", 
            "Talmud"
        ], 
        [
            "75b:5:1", 
            "Menachot 75b:5", 
            "Talmud"
        ], 
        [
            "75b:6:1", 
            "Menachot 75b:6", 
            "Talmud"
        ], 
        [
            "75b:9:1", 
            "Menachot 75b:9", 
            "Talmud"
        ], 
        [
            "75b:10:1", 
            "Menachot 75b:10", 
            "Talmud"
        ], 
        [
            "75b:16:1", 
            "Menachot 75b:16", 
            "Talmud"
        ], 
        [
            "75b:22:1", 
            "Menachot 75b:22", 
            "Talmud"
        ], 
        [
            "75b:26:1", 
            "Menachot 75b:26", 
            "Talmud"
        ], 
        [
            "75b:31:1", 
            "Menachot 75b:31", 
            "Talmud"
        ], 
        [
            "75b:33:1", 
            "Menachot 75b:33", 
            "Talmud"
        ], 
        [
            "75b:34:1", 
            "Menachot 75b:34", 
            "Talmud"
        ], 
        [
            "75b:36:1", 
            "Menachot 75b:36", 
            "Talmud"
        ], 
        [
            "75b:38:1", 
            "Menachot 75b:38", 
            "Talmud"
        ], 
        [
            "75b:41:1", 
            "Menachot 75b:41", 
            "Talmud"
        ], 
        [
            "75b:42:1", 
            "Menachot 75b:42", 
            "Talmud"
        ], 
        [
            "75b:43:1", 
            "Menachot 75b:43", 
            "Talmud"
        ], 
        [
            "75b:44:1", 
            "Menachot 75b:44", 
            "Talmud"
        ], 
        [
            "75b:45:1", 
            "Menachot 75b:45", 
            "Talmud"
        ], 
        [
            "75b:46:1", 
            "Menachot 75b:46", 
            "Talmud"
        ], 
        [
            "75b:48:1", 
            "Menachot 75b:48", 
            "Talmud"
        ], 
        [
            "75b:50:1", 
            "Menachot 75b:50", 
            "Talmud"
        ], 
        [
            "75b:13:1", 
            "Menachot 75b:13", 
            "Talmud"
        ], 
        [
            "75b:15:1", 
            "Menachot 75b:15", 
            "Talmud"
        ], 
        [
            "75b:17:1", 
            "Menachot 75b:17", 
            "Talmud"
        ], 
        [
            "75b:18:1", 
            "Menachot 75b:18", 
            "Talmud"
        ], 
        [
            "75b:20:1", 
            "Menachot 75b:20", 
            "Talmud"
        ], 
        [
            "75b:2:2", 
            "Menachot 75b:2", 
            "Talmud"
        ], 
        [
            "75b:5:2", 
            "Menachot 75b:5", 
            "Talmud"
        ], 
        [
            "75b:26:2", 
            "Menachot 75b:26", 
            "Talmud"
        ], 
        [
            "75b:31:2", 
            "Menachot 75b:31", 
            "Talmud"
        ], 
        [
            "75b:33:2", 
            "Menachot 75b:33", 
            "Talmud"
        ], 
        [
            "75b:38:2", 
            "Menachot 75b:38", 
            "Talmud"
        ], 
        [
            "75b:41:2", 
            "Menachot 75b:41", 
            "Talmud"
        ], 
        [
            "75b:44:2", 
            "Menachot 75b:44", 
            "Talmud"
        ], 
        [
            "75b:50:2", 
            "Menachot 75b:50", 
            "Talmud"
        ], 
        [
            "75b:42:2", 
            "Menachot 75b:42", 
            "Talmud"
        ], 
        [
            "75b:41:3", 
            "Menachot 75b:41", 
            "Talmud"
        ], 
        [
            "75b:44:3", 
            "Menachot 75b:44", 
            "Talmud"
        ], 
        [
            "75b:5:3", 
            "Menachot 75b:5", 
            "Talmud"
        ], 
        [
            "75b:26:3", 
            "Menachot 75b:26", 
            "Talmud"
        ], 
        [
            "75b:41:4", 
            "Menachot 75b:41", 
            "Talmud"
        ], 
        [
            "75b:5:4", 
            "Menachot 75b:5", 
            "Talmud"
        ], 
        [
            "75b:44:4", 
            "Menachot 75b:44", 
            "Talmud"
        ], 
        [
            "75b:5:5", 
            "Menachot 75b:5", 
            "Talmud"
        ], 
        [
            "75b:44:5", 
            "Menachot 75b:44", 
            "Talmud"
        ], 
        [
            "75b:5:6", 
            "Menachot 75b:5", 
            "Talmud"
        ]
    ], 
    "text": [], 
    "heTitleVariants": [
        "רש\"י על מנחות"
    ], 
    "heTitle": "רש\"י על מנחות ע״ה ב", 
    "commentaryBook": "Menachot", 
    "heRef": "רש\"י על מנחות ע״ה ב", 
    "toSections": [
        "75b"
    ], 
    "sectionRef": "Rashi on Menachot 75b", 
    "title": "Rashi on Menachot 75b", 
    "lengths": [
        217, 
        10533
    ], 
    "next": "Rashi on Menachot 76a:1", 
    "heBook": "רש\"י על מנחות", 
    "book": "Rashi on Menachot", 
    "prev": "Rashi on Menachot 75a:62", 
    "textDepth": 3, 
    "sectionNames": [
        "Daf", 
        "Line", 
        "Comment"
    ], 
    "sections": [
        "75b"
    ], 
    "commentator": "Rashi", 
    "isComplex": false, 
    "commentaryCategories": [
        "Talmud", 
        "Bavli", 
        "Seder Kodashim"
    ], 
    "titleVariants": [
        "Rashi on Masekhet Menachot", 
        "Rashi on Tractate Menachot", 
        "Rashi on Talmud Menachot", 
        "Rashi on Menachot"
    ], 
    "categories": [
        "Commentary", 
        "Talmud", 
        "Rashi"
    ], 
    "he": [
        [
            "איזו דבר שצריך שני מיעוטים - שני מקראות עליה והיא:"
        ], 
        [
            "הוי אומר מנחת מאפה - שיש בה שני מינין חלות ורקיקין לפיכך צריכה ב' מעוטין הלכך קממעט מהנך תרי מיעוטי:", 
            "הוי אומר זו מנחת מאפה - שבאה משני מינין ואי קשיא גבי פתיתה נמי ליפרוך אימא להוציא מנחת כהנים תריץ מסתברא מנחת כהנים הוי ליה לרבויי כדין מנחת מחבת שפתיתה כתיבה בה משום דשתיהן מנחת יחיד ונפש כתיב בפרשה ולמעוטי שתי הלחם ולחם הפנים דצבור הן וגם יציקה לא צריך למעוטי שתי הלחם ולחם הפנים שאפי' שמן אינן טעונין כדממעט להו בפ' כל המנחות באות מצה:"
        ], 
        [], 
        [], 
        [
            "מתני' קופל - כמו כופל חלה אחת לשתים ושתים לארבע:", 
            "מנחת כהנים קופל - כדי לקיים מצות פתיתה:", 
            "ואין מבדיל - וכולה כליל:", 
            "ואינו מבדיל - דכיון דאין צריכה קמיצה אין צריכה הבדלה:", 
            "מתני' קופל - משבר:", 
            "מבדיל - משברה היינו פתיתה:"
        ], 
        [
            "מנחת כהן משיח - היינו חביתין:"
        ], 
        [], 
        [], 
        [
            "וכולן פותתן כזיתים - פתיתין דקות כזית ור\"ש קאמר ובתרתי פליגי:"
        ], 
        [
            "גמ' פתות - היינו שנים דכיון דנשבר הוי ליה שתי חתיכות ומדכתיב פתים שיהיה בה שתי פתיתות משמע דהוי ארבע:"
        ], 
        [], 
        [], 
        [
            "גמ' ת\"ל פתים - דמצי למכתב תעשינה פתות וכתיב פתים דמשמע לשני פתים יותר:"
        ], 
        [], 
        [
            "תלמוד לומר אותה לפתיתים - שיעשה אותה לפתיתים דהיינו אחד לשנים וב' לד' ולא יותר:"
        ], 
        [
            "ולא פתיתין לפתיתין - ולר\"ש דאמר וכולן פותתן כזיתים דריש ליה הכי פתות יכול פתיתין גדולים ת\"ל פתים אי פתים יכול פחותים מכזית ת\"ל אותה:"
        ], 
        [
            "ומבדיל - משום דבעי קמיצה:"
        ], 
        [
            "מכפלה - הואיל ולא כתיב בה אלא מנחת פתים ולא פתות אותה פתים:"
        ], 
        [], 
        [
            "לא היה מקפלה - כשאר מנחת כהנים לפי שהיא חובתו ואין נקמצת כלל וכליל היא: רבי שמעון אומר מנחת נדבה של כהנים ומנחת כהן משיח אין בהן פתיתה. כלומר שלא היה מקפלן וכו' ופליג את\"ק דסבר מנחת כהנים קופל:"
        ], 
        [], 
        [
            "אבל מקפלה לשנים - דכיון דאין אלא חצי עשרון אין מקפל אלא לשנים:"
        ], 
        [], 
        [], 
        [], 
        [
            "האי חביצא - (של רקיקין):", 
            "חביצא - תבשיל שקורין שלנקיק שמפררין בה פת:", 
            "פרורין כזית - דבחד פירור איכא כזית:"
        ], 
        [], 
        [], 
        [], 
        [], 
        [
            "היה עומד ומקריב מנחות בירושלים - כגון שלא הקריב כהן זה עדיין מנחה מימיו או שהקריב מנחה חדשה כגון מנחת העומר אומר כהן שהחיינו:", 
            "היה עומד - כהן שלא הביא מנחה בשנה זו. לישנא אחרינא ישראל שלא הביא מנחה מימיו:"
        ], 
        [], 
        [
            "נטלן - הכהן לאוכלן:", 
            "נטלן לאכלן - כהן:"
        ], 
        [
            "ותנן - במתני' וכולן פותתן כזיתים אלמא פתיתין כזית מברכינן עליהן המוציא:"
        ], 
        [], 
        [
            "אמר ליה - רב יוסף אלא לעולם שלא עירסו ואפילו הכי לא תפרוך:"
        ], 
        [], 
        [
            "מברך - הכהן המוציא ותנן וכולן כל המנחות אפילו מנחת העומר פתיתין כזיתים ולהכי מברך הכהן המוציא ואי לא הוו כזיתים אינו מברך:", 
            "מפרכן - למנחות לאחר אפיית:"
        ], 
        [], 
        [], 
        [
            "ליקט מכולן - פירורין כזית:", 
            "ואכלן אם חמץ כו' - ומדיוצא בהן ידי חובתו דחשיב ליה לחם נמי מברך עליו המוציא:", 
            "ליקט מכולן - אפתיתין שאין בהן כזית קאי ולא איתפרש לן היכא והא ליכא למימר דאמנחות קאי דקתני ואם חמץ הוא וכל המנחות באות מצה:", 
            "אם מצה כו' - אלמא חשיבי:"
        ], 
        [
            "הכא במאי עסקינן - דקתני ליקט מכולן:", 
            "הכא במאי עסקינן - דיוצא בפירורין כגון שבאו מלחם גדול שעדיין הוא בעין הככר שבאו ממנו והוי חשוב ובר ברכה הלכך פירורין נמי שלקטן חשובין נינהו ומברך עליהן אבל המנחות שפירכן ולא נשתייר מהן דבר חשוב אימא לך דבעינן כזית והאי חביצא נמי דקאמר אי אית בה כזית וכו' אף על פי שבא מלחם גדול אי לא הוי הלחם בעין בעינן כזית לענין המוציא:"
        ], 
        [
            "אי הכי היינו דקתני עלה והוא שאכלן - לאותן פרורין:"
        ], 
        [
            "בשעירסן - שקיבץ הפירורין ביחד וגוללן בידו וחברן והוי כזית:", 
            "כשיעור אכילת פרס - שלא שהה בין פירור לפירור יותר מכדי אכילת פרס דהתם הויא אכילה ויוצא בה ידי חובתו:", 
            "ואי בשעירסן - שגובלן דהוו חתיכה אחת:", 
            "שאכלו מיבעי ליה - דכיון דתני שאכלן משמע דרוב פירורין הם ולא חתיכה אחת שלא פיררה:", 
            "כשערסן - שלשן וצירפן יחד לכזית שלם:"
        ], 
        [
            "בבא מלחם גדול - פירורים פחות מכזית שפתתן מלחם גדול הן חשובות אגב אביהן דכי פתתן הוי בלחם יותר מכזית ואהכי חייב לברך על הפירורין שנטל מן הלחם:"
        ], 
        [
            "מאי הוי עלה - דברכת המוציא:"
        ], 
        [], 
        [
            "אפילו פירורין שאין בהן כזית - מברך עליהן המוציא:"
        ], 
        [], 
        [
            "תוריתא דנהמא - שיהא בהן מראה לחם ולא שיהו שרוי כל כך שאין נראה אם הם לחם או לאו:", 
            "תוריתא דנהמא - תאר מראית לחם:"
        ]
    ], 
    "ref": "Rashi on Menachot 75b", 
    "type": "Commentary", 
    "addressTypes": [
        "Talmud", 
        "Integer", 
        "Integer"
    ], 
    "heCommentator": "רש\"י", 
    "length": 217, 
    "indexTitle": "Rashi on Menachot", 
    "heIndexTitle": "רש\"י על מנחות", 
    "alts": [], 
    "order": [
        29, 
        2
    ]
}]