{
    "sections": {
        "Rashi on Menachot 67b:19": {
            "content": [], 
            "heTitle": "רש\"י על מנחות ס״ז ב:י״ט", 
            "indexTitle": "Rashi on Menachot", 
            "sectionRef": "Rashi on Menachot 67b:19", 
            "prev": "Rashi on Menachot 67b:17", 
            "ref": "Rashi on Menachot 67b:19", 
            "heRef": "רש\"י על מנחות ס״ז ב:י״ט", 
            "next": "Rashi on Menachot 68a:1"
        }, 
        "Rashi on Menachot 67b:18": {
            "content": [], 
            "heTitle": "רש\"י על מנחות ס״ז ב:י״ח", 
            "indexTitle": "Rashi on Menachot", 
            "sectionRef": "Rashi on Menachot 67b:18", 
            "prev": "Rashi on Menachot 67b:17", 
            "ref": "Rashi on Menachot 67b:18", 
            "heRef": "רש\"י על מנחות ס״ז ב:י״ח", 
            "next": "Rashi on Menachot 68a:1"
        }, 
        "Rashi on Menachot 67b:13": {
            "content": [
                {
                    "segmentNumber": "1", 
                    "links": [
                        {
                            "category": "Talmud", 
                            "index_title": "Menachot", 
                            "sourceHeRef": "מנחות ס״ז ב:י״ג", 
                            "sourceRef": "Menachot 67b:13"
                        }
                    ], 
                    "he": "רבי יהודה אומר כו' - דלא גזר שמא יאכל:"
                }
            ], 
            "heTitle": "רש\"י על מנחות ס״ז ב:י״ג", 
            "indexTitle": "Rashi on Menachot", 
            "sectionRef": "Rashi on Menachot 67b:13", 
            "prev": "Rashi on Menachot 67b:12", 
            "ref": "Rashi on Menachot 67b:13", 
            "heRef": "רש\"י על מנחות ס״ז ב:י״ג", 
            "next": "Rashi on Menachot 67b:17"
        }, 
        "Rashi on Menachot 67b:12": {
            "content": [
                {
                    "segmentNumber": "1", 
                    "links": [
                        {
                            "category": "Talmud", 
                            "index_title": "Menachot", 
                            "sourceHeRef": "מנחות ס״ז ב:י״ב", 
                            "sourceRef": "Menachot 67b:12"
                        }
                    ], 
                    "he": "משקרב עומר - מיד כשיוצאים מוצאין שוקי ירושלים מליאות קמח וקלי מתבואה חדשה:"
                }, 
                {
                    "segmentNumber": "2", 
                    "links": [
                        {
                            "category": "Talmud", 
                            "index_title": "Menachot", 
                            "sourceHeRef": "מנחות ס״ז ב:י״ב", 
                            "sourceRef": "Menachot 67b:12"
                        }
                    ], 
                    "he": "שלא ברצון חכמים - דגזרינן שמא יאכל כשיקצור ויאכל חדש קודם העומר וזה שכבר הוא קמח ודאי נקצר קודם העומר:"
                }
            ], 
            "heTitle": "רש\"י על מנחות ס״ז ב:י״ב", 
            "indexTitle": "Rashi on Menachot", 
            "sectionRef": "Rashi on Menachot 67b:12", 
            "prev": "Rashi on Menachot 67b:10", 
            "ref": "Rashi on Menachot 67b:12", 
            "heRef": "רש\"י על מנחות ס״ז ב:י״ב", 
            "next": "Rashi on Menachot 67b:13"
        }, 
        "Rashi on Menachot 67b:11": {
            "content": [], 
            "heTitle": "רש\"י על מנחות ס״ז ב:י״א", 
            "indexTitle": "Rashi on Menachot", 
            "sectionRef": "Rashi on Menachot 67b:11", 
            "prev": "Rashi on Menachot 67b:10", 
            "ref": "Rashi on Menachot 67b:11", 
            "heRef": "רש\"י על מנחות ס״ז ב:י״א", 
            "next": "Rashi on Menachot 67b:12"
        }, 
        "Rashi on Menachot 67b:10": {
            "content": [
                {
                    "segmentNumber": "1", 
                    "links": [
                        {
                            "category": "Talmud", 
                            "index_title": "Menachot", 
                            "sourceHeRef": "מנחות ס״ז ב:י׳", 
                            "sourceRef": "Menachot 67b:10"
                        }
                    ], 
                    "he": "מתני' בא לו לעשרון נותן תחילה שמנו ולבונתו יצק ובלל - שכן דרך כל המנחות שנותן שמן תחילה בכלי ואחר כך נותן סולת וחוזר ויוצק עליה שמן ובולל כדאמר בפרק אלו מנחות (לקמן עד:):"
                }, 
                {
                    "segmentNumber": "2", 
                    "links": [
                        {
                            "category": "Talmud", 
                            "index_title": "Menachot", 
                            "sourceHeRef": "מנחות ס״ז ב:י׳", 
                            "sourceRef": "Menachot 67b:10"
                        }
                    ], 
                    "he": "הניף והגיש - דאמרינן בפרק כל המנחות (שם סא.) דמנחת העומר טעונה תנופה והגשה:"
                }
            ], 
            "heTitle": "רש\"י על מנחות ס״ז ב:י׳", 
            "indexTitle": "Rashi on Menachot", 
            "sectionRef": "Rashi on Menachot 67b:10", 
            "prev": "Rashi on Menachot 67b:9", 
            "ref": "Rashi on Menachot 67b:10", 
            "heRef": "רש\"י על מנחות ס״ז ב:י׳", 
            "next": "Rashi on Menachot 67b:12"
        }, 
        "Rashi on Menachot 67b:17": {
            "content": [
                {
                    "segmentNumber": "1", 
                    "links": [
                        {
                            "category": "Talmud", 
                            "index_title": "Menachot", 
                            "sourceHeRef": "מנחות ס״ז ב:י״ז", 
                            "sourceRef": "Menachot 67b:17"
                        }
                    ], 
                    "he": "גמ' בודקים - חמץ:"
                }, 
                {
                    "segmentNumber": "2", 
                    "links": [
                        {
                            "category": "Talmud", 
                            "index_title": "Menachot", 
                            "sourceHeRef": "מנחות ס״ז ב:י״ז", 
                            "sourceRef": "Menachot 67b:17"
                        }
                    ], 
                    "he": "ובשעת הביעור - בשעה ששית אבל מכאן ואילך לא [יבדוק] אפילו לא בדק בזמנו דגזרינן משום דלמא אתי למיכל כשמוצא בפסח ורבנן פליגי עליה דאמרי לא בדק בתוך המועד כלומר במועד שריפתו דהיינו בשש יבדוק לאחר המועד בתוך הפסח עצמו ולא גזרינן דלמא אתי למיכל מיניה:"
                }
            ], 
            "heTitle": "רש\"י על מנחות ס״ז ב:י״ז", 
            "indexTitle": "Rashi on Menachot", 
            "sectionRef": "Rashi on Menachot 67b:17", 
            "prev": "Rashi on Menachot 67b:13", 
            "ref": "Rashi on Menachot 67b:17", 
            "heRef": "רש\"י על מנחות ס״ז ב:י״ז", 
            "next": "Rashi on Menachot 68a:1"
        }, 
        "Rashi on Menachot 67b:16": {
            "content": [], 
            "heTitle": "רש\"י על מנחות ס״ז ב:ט״ז", 
            "indexTitle": "Rashi on Menachot", 
            "sectionRef": "Rashi on Menachot 67b:16", 
            "prev": "Rashi on Menachot 67b:13", 
            "ref": "Rashi on Menachot 67b:16", 
            "heRef": "רש\"י על מנחות ס״ז ב:ט״ז", 
            "next": "Rashi on Menachot 67b:17"
        }, 
        "Rashi on Menachot 67b:15": {
            "content": [], 
            "heTitle": "רש\"י על מנחות ס״ז ב:ט״ו", 
            "indexTitle": "Rashi on Menachot", 
            "sectionRef": "Rashi on Menachot 67b:15", 
            "prev": "Rashi on Menachot 67b:13", 
            "ref": "Rashi on Menachot 67b:15", 
            "heRef": "רש\"י על מנחות ס״ז ב:ט״ו", 
            "next": "Rashi on Menachot 67b:17"
        }, 
        "Rashi on Menachot 67b:14": {
            "content": [], 
            "heTitle": "רש\"י על מנחות ס״ז ב:י״ד", 
            "indexTitle": "Rashi on Menachot", 
            "sectionRef": "Rashi on Menachot 67b:14", 
            "prev": "Rashi on Menachot 67b:13", 
            "ref": "Rashi on Menachot 67b:14", 
            "heRef": "רש\"י על מנחות ס״ז ב:י״ד", 
            "next": "Rashi on Menachot 67b:17"
        }, 
        "Rashi on Menachot 67b:7": {
            "content": [
                {
                    "segmentNumber": "1", 
                    "links": [
                        {
                            "category": "Talmud", 
                            "index_title": "Menachot", 
                            "sourceHeRef": "מנחות ס״ז ב:ז׳", 
                            "sourceRef": "Menachot 67b:7"
                        }, 
                        {
                            "category": "Talmud", 
                            "index_title": "Bava Metzia", 
                            "sourceHeRef": "בבא מציעא פ״ח א", 
                            "sourceRef": "Bava Metzia 88a"
                        }
                    ], 
                    "he": "דרך גגות דרך חצירות - דאין טבל מוקבע למעשר עד שיכניסוהו דרך השער דכתיב ואכלו בשעריך ושבעו ובמעשר כתיב בפ' השוכר את הפועלים (ב\"מ פח.):"
                }
            ], 
            "heTitle": "רש\"י על מנחות ס״ז ב:ז׳", 
            "indexTitle": "Rashi on Menachot", 
            "sectionRef": "Rashi on Menachot 67b:7", 
            "prev": "Rashi on Menachot 67b:6", 
            "ref": "Rashi on Menachot 67b:7", 
            "heRef": "רש\"י על מנחות ס״ז ב:ז׳", 
            "next": "Rashi on Menachot 67b:8"
        }, 
        "Rashi on Menachot 67b:6": {
            "content": [
                {
                    "segmentNumber": "1", 
                    "links": [
                        {
                            "category": "Talmud", 
                            "index_title": "Menachot", 
                            "sourceHeRef": "מנחות ס״ז ב:ו׳", 
                            "sourceRef": "Menachot 67b:6"
                        }
                    ], 
                    "he": "במוץ שלה - כעין מאכל בהמה ומאכל בהמה פטור מן המעשר ל\"א במוץ שלה שלא יראה פני הבית:"
                }
            ], 
            "heTitle": "רש\"י על מנחות ס״ז ב:ו׳", 
            "indexTitle": "Rashi on Menachot", 
            "sectionRef": "Rashi on Menachot 67b:6", 
            "prev": "Rashi on Menachot 67b:2", 
            "ref": "Rashi on Menachot 67b:6", 
            "heRef": "רש\"י על מנחות ס״ז ב:ו׳", 
            "next": "Rashi on Menachot 67b:7"
        }, 
        "Rashi on Menachot 67b:5": {
            "content": [], 
            "heTitle": "רש\"י על מנחות ס״ז ב:ה׳", 
            "indexTitle": "Rashi on Menachot", 
            "sectionRef": "Rashi on Menachot 67b:5", 
            "prev": "Rashi on Menachot 67b:2", 
            "ref": "Rashi on Menachot 67b:5", 
            "heRef": "רש\"י על מנחות ס״ז ב:ה׳", 
            "next": "Rashi on Menachot 67b:6"
        }, 
        "Rashi on Menachot 67b:4": {
            "content": [], 
            "heTitle": "רש\"י על מנחות ס״ז ב:ד׳", 
            "indexTitle": "Rashi on Menachot", 
            "sectionRef": "Rashi on Menachot 67b:4", 
            "prev": "Rashi on Menachot 67b:2", 
            "ref": "Rashi on Menachot 67b:4", 
            "heRef": "רש\"י על מנחות ס״ז ב:ד׳", 
            "next": "Rashi on Menachot 67b:6"
        }, 
        "Rashi on Menachot 67b:3": {
            "content": [], 
            "heTitle": "רש\"י על מנחות ס״ז ב:ג׳", 
            "indexTitle": "Rashi on Menachot", 
            "sectionRef": "Rashi on Menachot 67b:3", 
            "prev": "Rashi on Menachot 67b:2", 
            "ref": "Rashi on Menachot 67b:3", 
            "heRef": "רש\"י על מנחות ס״ז ב:ג׳", 
            "next": "Rashi on Menachot 67b:6"
        }, 
        "Rashi on Menachot 67b:2": {
            "content": [
                {
                    "segmentNumber": "1", 
                    "links": [
                        {
                            "category": "Talmud", 
                            "index_title": "Menachot", 
                            "sourceHeRef": "מנחות ס״ז ב:ב׳", 
                            "sourceRef": "Menachot 67b:2"
                        }
                    ], 
                    "he": "אפשר דאפי לה כו' - כלומר להכי לא גזרינן בחלה דאי הוה בעי לאערומי מצי לאיערומי בהיתירא:"
                }, 
                {
                    "segmentNumber": "2", 
                    "links": [
                        {
                            "category": "Talmud", 
                            "index_title": "Menachot", 
                            "sourceHeRef": "מנחות ס״ז ב:ב׳", 
                            "sourceRef": "Menachot 67b:2"
                        }
                    ], 
                    "he": "דאפי לה פחות מה' רבעים קמח ועוד - דלא מחייב בחלה דזהו שיעור עיסה לחלה במסכת עירובין בפרק כיצד משתתפין (דף פג:):"
                }
            ], 
            "heTitle": "רש\"י על מנחות ס״ז ב:ב׳", 
            "indexTitle": "Rashi on Menachot", 
            "sectionRef": "Rashi on Menachot 67b:2", 
            "prev": "Rashi on Menachot 67b:1", 
            "ref": "Rashi on Menachot 67b:2", 
            "heRef": "רש\"י על מנחות ס״ז ב:ב׳", 
            "next": "Rashi on Menachot 67b:6"
        }, 
        "Rashi on Menachot 67b:1": {
            "content": [
                {
                    "segmentNumber": "1", 
                    "links": [
                        {
                            "category": "Talmud", 
                            "index_title": "Menachot", 
                            "sourceHeRef": "מנחות ס״ז ב:א׳", 
                            "sourceRef": "Menachot 67b:1"
                        }
                    ], 
                    "he": "א\"ה בחלה נמי - ליגזור גלגול נמי משום בעלי כיסין:"
                }
            ], 
            "heTitle": "רש\"י על מנחות ס״ז ב:א׳", 
            "indexTitle": "Rashi on Menachot", 
            "sectionRef": "Rashi on Menachot 67b:1", 
            "prev": "Rashi on Menachot 67a:28", 
            "ref": "Rashi on Menachot 67b:1", 
            "heRef": "רש\"י על מנחות ס״ז ב:א׳", 
            "next": "Rashi on Menachot 67b:2"
        }, 
        "Rashi on Menachot 67b:20": {
            "content": [], 
            "heTitle": "רש\"י על מנחות ס״ז ב:כ׳", 
            "indexTitle": "Rashi on Menachot", 
            "sectionRef": "Rashi on Menachot 67b:20", 
            "prev": "Rashi on Menachot 67b:17", 
            "ref": "Rashi on Menachot 67b:20", 
            "heRef": "רש\"י על מנחות ס״ז ב:כ׳", 
            "next": "Rashi on Menachot 68a:1"
        }, 
        "Rashi on Menachot 67b:21": {
            "content": [], 
            "heTitle": "רש\"י על מנחות ס״ז ב:כ״א", 
            "indexTitle": "Rashi on Menachot", 
            "sectionRef": "Rashi on Menachot 67b:21", 
            "prev": "Rashi on Menachot 67b:17", 
            "ref": "Rashi on Menachot 67b:21", 
            "heRef": "רש\"י על מנחות ס״ז ב:כ״א", 
            "next": "Rashi on Menachot 68a:1"
        }, 
        "Rashi on Menachot 67b:9": {
            "content": [
                {
                    "segmentNumber": "1", 
                    "links": [
                        {
                            "category": "Talmud", 
                            "index_title": "Menachot", 
                            "sourceHeRef": "מנחות ס״ז ב:ט׳", 
                            "sourceRef": "Menachot 67b:9"
                        }
                    ], 
                    "he": "הכא - גבי חלה הפחות מחמשת רבעים ועוד:"
                }, 
                {
                    "segmentNumber": "2", 
                    "links": [
                        {
                            "category": "Talmud", 
                            "index_title": "Menachot", 
                            "sourceHeRef": "מנחות ס״ז ב:ט׳", 
                            "sourceRef": "Menachot 67b:9"
                        }
                    ], 
                    "he": "צנעא היא ולא זילא ביה מילתא - הלכך לא עביד ע\"י עובדי כוכבים:"
                }
            ], 
            "heTitle": "רש\"י על מנחות ס״ז ב:ט׳", 
            "indexTitle": "Rashi on Menachot", 
            "sectionRef": "Rashi on Menachot 67b:9", 
            "prev": "Rashi on Menachot 67b:8", 
            "ref": "Rashi on Menachot 67b:9", 
            "heRef": "רש\"י על מנחות ס״ז ב:ט׳", 
            "next": "Rashi on Menachot 67b:10"
        }, 
        "Rashi on Menachot 67b:8": {
            "content": [
                {
                    "segmentNumber": "1", 
                    "links": [
                        {
                            "category": "Talmud", 
                            "index_title": "Menachot", 
                            "sourceHeRef": "מנחות ס״ז ב:ח׳", 
                            "sourceRef": "Menachot 67b:8"
                        }
                    ], 
                    "he": "התם - במוץ ובדרך גגות פרהסיא זילא מילתא שיאמרו פלוני מערים למיפטר ממעשר הלכך עביד להו על ידי עובדי כוכבים בצנעא:"
                }
            ], 
            "heTitle": "רש\"י על מנחות ס״ז ב:ח׳", 
            "indexTitle": "Rashi on Menachot", 
            "sectionRef": "Rashi on Menachot 67b:8", 
            "prev": "Rashi on Menachot 67b:7", 
            "ref": "Rashi on Menachot 67b:8", 
            "heRef": "רש\"י על מנחות ס״ז ב:ח׳", 
            "next": "Rashi on Menachot 67b:9"
        }
    }, 
    "ref": "Rashi on Menachot 67b"
}