{
    "commentaryCategories": [
        "Tanakh", 
        "Writings"
    ], 
    "heTitleVariants": [
        "מצודת ציון על עזרא"
    ], 
    "maps": [], 
    "heTitle": "מצודת ציון על עזרא", 
    "titleVariants": [
        "Metzudat Zion on Ezra", 
        "Metzudat Zion on Ezr.", 
        "Metzudat Zion on Ezr"
    ], 
    "commentaryBook": "Ezra", 
    "_title": "Metzudat Zion on Ezra", 
    "categories": [
        "Commentary", 
        "Tanakh", 
        "Metzudat Zion"
    ], 
    "heSectionNames": [
        "פרק", 
        "פסוק", 
        "פירוש"
    ], 
    "title": "Metzudat Zion on Ezra", 
    "depth": 3, 
    "heBook": "מצודת ציון", 
    "heCommentator": "מצודת ציון", 
    "length": 10, 
    "textDepth": 3, 
    "sectionNames": [
        "Chapter", 
        "Verse", 
        "Comment"
    ], 
    "commentator": "Metzudat Zion", 
    "order": [
        36, 
        10
    ], 
    "schema": {
        "nodeType": "JaggedArrayNode", 
        "addressTypes": [
            "Integer", 
            "Integer", 
            "Integer"
        ], 
        "lengths": [
            10, 
            280
        ], 
        "title": "Metzudat Zion on Ezra", 
        "heTitle": "מצודת ציון על עזרא", 
        "depth": 3, 
        "titles": [
            {
                "lang": "en", 
                "text": "Metzudat Zion on Ezra", 
                "primary": true
            }, 
            {
                "lang": "en", 
                "text": "Metzudat Zion on Ezr."
            }, 
            {
                "lang": "en", 
                "text": "Metzudat Zion on Ezr"
            }, 
            {
                "lang": "he", 
                "text": "מצודת ציון על עזרא", 
                "primary": true
            }
        ], 
        "key": "Metzudat Zion on Ezra", 
        "heSectionNames": [
            "פרק", 
            "פסוק", 
            "פירוש"
        ], 
        "sectionNames": [
            "Chapter", 
            "Verse", 
            "Comment"
        ]
    }
}