{
    "heTitleVariants": [
        " קרבן נתנאל על תענית"
    ], 
    "heTitle": " קרבן נתנאל על תענית", 
    "heRef": " קרבן נתנאל על תענית י״ט", 
    "toSections": [
        19
    ], 
    "sectionRef": "Korban Netanel on Taanit 19", 
    "next": "Korban Netanel on Taanit 20", 
    "content": [
        {
            "segmentNumber": "1", 
            "he": "<b>  וכן  </b> הלכתא. עיין לעיל סי' ט': ", 
            "links": [
                {
                    "category": "Commentary", 
                    "sourceHeRef": " פסקי הראש על תענית י״ט:ג׳", 
                    "index_title": "Rosh on Taanit", 
                    "sourceRef": "Rosh on Taanit 19:3"
                }
            ], 
            "text": ""
        }
    ], 
    "book": "Korban Netanel on Taanit", 
    "prev": "Korban Netanel on Taanit 18", 
    "textDepth": 2, 
    "sectionNames": [
        "Seif", 
        "siman"
    ], 
    "sections": [
        19
    ], 
    "isComplex": false, 
    "titleVariants": [
        "Korban Netanel on Taanit"
    ], 
    "categories": [
        "Commentary2", 
        "Talmud", 
        "Korban Netanel"
    ], 
    "ref": "Korban Netanel on Taanit 19", 
    "type": "Commentary2", 
    "addressTypes": [
        "Integer", 
        "Integer"
    ], 
    "indexTitle": "Korban Netanel on Taanit", 
    "heIndexTitle": " קרבן נתנאל על תענית", 
    "alts": [], 
    "order": ""
}