{
    "heTitleVariants": [
        "תוספות על סוכה"
    ], 
    "heTitle": "תוספות על סוכה נ״ו ב", 
    "content": [
        {
            "segmentNumber": "1", 
            "he": [], 
            "links": [], 
            "text": ""
        }, 
        {
            "segmentNumber": "2", 
            "he": [], 
            "links": [], 
            "text": ""
        }, 
        {
            "segmentNumber": "3", 
            "he": [], 
            "links": [], 
            "text": ""
        }, 
        {
            "segmentNumber": "4", 
            "he": [], 
            "links": [], 
            "text": ""
        }, 
        {
            "segmentNumber": "5", 
            "he": [], 
            "links": [], 
            "text": ""
        }, 
        {
            "segmentNumber": "6", 
            "he": [], 
            "links": [], 
            "text": ""
        }, 
        {
            "segmentNumber": "7", 
            "he": [
                "בוצינא טבא מקרא. משל הדיוט הוא האומר לחברו דלעת קטנה אני נותן לך במחובר אם תרצה להניחה עד שתיגדל ותיעשה קרא תניחה טוב לו ליטלה מיד שמא לאחר זמן יתחרט בו זה או שמא לא יצטרך זה לזה כך פי' בקונטרס ור\"ת מפרש דעל כרחך בוצינא וקרא שני מינים הם דקשואין מתרגמינן בוצינא ודלעת היינו קרא כדמוכח בנדרים פרק הנודר מן המבושל (דף נא.) דאמרינן מאי דלעת הרמוצה קרי קרקוזאי וקישואין ודילועין ב' מינים כדמוכח במסכת כלאים (פ\"ג מ\"ה) דתנן נוטע אדם קישות ודלעת בתוך גומא א' ובלבד שתהא זו נוטה לצד זו וזו נוטה לצד זו ונוטה שער של זו לכאן ושער של זו לכאן ועוד ראיה מהא דאמרינן בפרק שלשה שאכלו (ברבות דף מח.) בוצינא מקטפי' ידיע משמע דלאחר שנגמר הפרי נקרא בוצינא ואומר ר\"ת שהקישות מין פרי קטן מדלעת שממהר להתבשל ויכול לתולשו מיד והדלעת גדולה ואינה ממהרת להתבשל ואין יכול לתולשה עד לאחר זמן ואוהב אדם דבר מועט לאלתר מדבר מרובה לאחר זמן.:"
            ], 
            "links": [
                {
                    "category": "Talmud", 
                    "sourceHeRef": "סוכה נ״ו ב:ז׳", 
                    "sourceRef": "Sukkah 56b:7", 
                    "ref": "Sukkah 56b:7"
                }
            ], 
            "text": ""
        }
    ], 
    "commentaryBook": "Sukkah", 
    "heRef": "תוספות על סוכה נ״ו ב", 
    "toSections": [
        "56b"
    ], 
    "sectionRef": "Tosafot on Sukkah 56b", 
    "title": "Tosafot on Sukkah 56b", 
    "lengths": [
        110, 
        4640
    ], 
    "next": null, 
    "heBook": "תוספות על סוכה", 
    "book": "Tosafot on Sukkah", 
    "prev": "Tosafot on Sukkah 56a:47", 
    "textDepth": 3, 
    "sectionNames": [
        "Daf", 
        "Line", 
        "Comment"
    ], 
    "sections": [
        "56b"
    ], 
    "commentator": "Tosafot", 
    "isComplex": false, 
    "commentaryCategories": [
        "Talmud", 
        "Bavli", 
        "Seder Moed"
    ], 
    "titleVariants": [
        "Tosafot on Tractate Sukkah", 
        "Tosafot on Talmud Sukkah", 
        "Tosafot on Masekhet Sukkah", 
        "Tosafot on Succah", 
        "Tosafot on Sukkah"
    ], 
    "categories": [
        "Commentary", 
        "Talmud", 
        "Tosafot"
    ], 
    "ref": "Tosafot on Sukkah 56b", 
    "type": "Commentary", 
    "addressTypes": [
        "Talmud", 
        "Integer", 
        "Integer"
    ], 
    "heCommentator": "תוספות", 
    "length": 110, 
    "indexTitle": "Tosafot on Sukkah", 
    "heIndexTitle": "תוספות על סוכה", 
    "alts": [], 
    "order": [
        7, 
        6
    ]
}