[{
    "links": [
        [
            "14b:8:1", 
            "Sukkah 14b:8", 
            "Talmud"
        ], 
        [
            "14b:11:1", 
            "Sukkah 14b:11", 
            "Talmud"
        ], 
        [
            "14b:26:1", 
            "Sukkah 14b:26", 
            "Talmud"
        ], 
        [
            "14b:28:1", 
            "Sukkah 14b:28", 
            "Talmud"
        ], 
        [
            "14b:28:1", 
            "Eruvin 46b", 
            "Talmud"
        ]
    ], 
    "text": [], 
    "heTitleVariants": [
        "תוספות על סוכה"
    ], 
    "heTitle": "תוספות על סוכה י״ד ב", 
    "commentaryBook": "Sukkah", 
    "heRef": "תוספות על סוכה י״ד ב", 
    "toSections": [
        "14b"
    ], 
    "sectionRef": "Tosafot on Sukkah 14b", 
    "title": "Tosafot on Sukkah 14b", 
    "lengths": [
        110, 
        4640
    ], 
    "next": "Tosafot on Sukkah 15a:5", 
    "heBook": "תוספות על סוכה", 
    "book": "Tosafot on Sukkah", 
    "prev": "Tosafot on Sukkah 14a:15", 
    "textDepth": 3, 
    "sectionNames": [
        "Daf", 
        "Line", 
        "Comment"
    ], 
    "sections": [
        "14b"
    ], 
    "commentator": "Tosafot", 
    "isComplex": false, 
    "commentaryCategories": [
        "Talmud", 
        "Bavli", 
        "Seder Moed"
    ], 
    "titleVariants": [
        "Tosafot on Tractate Sukkah", 
        "Tosafot on Talmud Sukkah", 
        "Tosafot on Masekhet Sukkah", 
        "Tosafot on Succah", 
        "Tosafot on Sukkah"
    ], 
    "categories": [
        "Commentary", 
        "Talmud", 
        "Tosafot"
    ], 
    "he": [
        [], 
        [], 
        [], 
        [], 
        [], 
        [], 
        [], 
        [
            "אי דאית בהו ארבעה למה להו לאצטרופי. לההוא לישנא דאמר רב לקמן דבאמצע פוסל בארבעה פריך דלאידך לישנא דאמר דאפילו באמצע אינו פוסל אלא. בארבע אמות לא קשיא מידי:"
        ], 
        [], 
        [], 
        [
            "מצטרפין לארבע אמות. ולרבי יהודה אין מצטרפין דאפילו מכוסה כולה בהן כשרה:"
        ], 
        [], 
        [], 
        [], 
        [], 
        [], 
        [], 
        [], 
        [], 
        [], 
        [], 
        [], 
        [], 
        [], 
        [], 
        [
            "ומודה רבי מאיר שאם יש בין נסר לנסר כמלא נסר. אנסר שיש בו ארבעה נמי קאי כדמוכח לקמן דפריך מינה לשמואל דאמר סכך פסול באמצע פוסל בארבעה והכי נמי הוה מצי למיתני ומודה רבי יהודה והא דנקט רבי מאיר רבותא היא כדפירש בקונטרס דאפילו רבי מאיר דמחמיר מודה בהא ועוד משום דעיקר ומודה אאין בהן ארבעה דאיפליגו בהו קאי ודוקא נקט בין נסר לנסר כמלא נסר דאי איכא פחות אע\"פ שסכך פסול בפחות מד' ישנים תחתיו היכא דמקום הפסול מרובה גרע ומיהו בנסר ארבעה למאי דמוקי לה לשמואל לקמן בסוכה בת ח' אמות מצומצמות דכי יהיב נסר ופסל עד אמצעה מהאי גיסא וחוזר ומתחיל מצדה השני ונותן תחלה נסר ואחר כך פסל דהוו להו שני פסלים באמצע דאיכא בהו הכשר סוכה בשאר הפסלים לא נפקא מינה מידי בין כמלא נסר לפחות ממלא נסר דאי משום הכשר סוכה שבאמצע אפילו כל השאר מכוסה בנסרים עד הדופן אמרינן דופן עקומה ואי משום להכשיר שאר הפסלין שבין נסר לנסר הוו להו כבאמצעה דאמר שמואל באמצע בארבעה א\"כ אינו מועיל וזהו כללו של דבר דנסר ופסל כמלא נסר בנסרים פחותים מארבעה אפילו כל הסוכה עשויה כן כשרה אפילו תחת הנסרים ואפילו לרבי מאיר דהא ליכא ארבעה במקום אחד וכי פסיל להו ר' מאיר היכא דאיכא תרתי נסרים בהדדי דמצטרפין שני הנסרים לארבעה אי נמי היכא דליכא בין נסר לנסר כמלא נסר דלא הוי מחצה על מחצה והיכא דנסרים רחבים ארבעה ויש בין נסר לנסר כמלא נסר לרב דאמר לקמן בין מן האמצע בין מן הצד אינו פוסל אלא בד' אמות מיתוקמא הך ברייתא דעבידא כולה הכי וכשרה תחת הפסל ולא תחת הנסר ולשמואל מיתוקמא כששני הפסלים באמצע וליכא ארבע אמות עד הדופן וכולה פסולה אף תחת הפסלים חוץ מתחת שני הפסלים שבאמצע דכשרה:"
        ], 
        [], 
        [
            "הפכן על צידיהן. אליבא דרב לא מיתוקמא הך פלוגתא דאמוראי אלא כרבי מאיר וברחבים ארבעה וקיימא לן בפרק מי שהוציאוהו (עירובין דף מו:) ר' מאיר ורבי יהודה הלכה כרבי יהודה אבל לשמואל מיתוקמא שפיר ככולי עלמא ומתוך כך נראה דהלכה כשמואל אף על גב דבעלמא הלכה כרב באיסורי ועוד לקמן פ' לולב הגזול (דף לו:) דקאמר רבי יהודה סוכה אינה נוהגת אלא בארבעה מינין שבלולב ופריך מההיא ברייתא דתניא כוותיה דשמואל דקתני סיככה בנסרים של ארז ולא מייתי מההיא דתניא כוותיה דרב שמע מינה הא דשמואל עיקר:"
        ]
    ], 
    "ref": "Tosafot on Sukkah 14b", 
    "type": "Commentary", 
    "addressTypes": [
        "Talmud", 
        "Integer", 
        "Integer"
    ], 
    "heCommentator": "תוספות", 
    "length": 110, 
    "indexTitle": "Tosafot on Sukkah", 
    "heIndexTitle": "תוספות על סוכה", 
    "alts": [], 
    "order": [
        7, 
        6
    ]
}]