{
    "pubDate": "1565", 
    "title": "Torat HaBayit HaKatzar", 
    "compDate": "1250", 
    "pubPlace": "Cremona", 
    "compPlace": "Barcelona, Spain", 
    "heTitleVariants": [
        "תורת הבית הקצר"
    ], 
    "heTitle": "תורת הבית הקצר", 
    "era": "RI", 
    "authors": [
        "Rashba"
    ], 
    "titleVariants": [
        "Torat HaBayit HaKatzar"
    ], 
    "errorMargin": "25", 
    "categories": [
        "Halakhah"
    ], 
    "schema": {
        "nodes": [
            {
                "nodes": [
                    {
                        "nodeType": "JaggedArrayNode", 
                        "title": "The First Gate", 
                        "addressTypes": [
                            "Integer"
                        ], 
                        "heTitle": "השער הראשון", 
                        "depth": 1, 
                        "titles": [
                            {
                                "lang": "he", 
                                "text": "השער הראשון", 
                                "primary": true
                            }, 
                            {
                                "lang": "en", 
                                "text": "The First Gate", 
                                "primary": true
                            }
                        ], 
                        "key": "gate0", 
                        "heSectionNames": [
                            "פסקה"
                        ], 
                        "sectionNames": [
                            "Paragraph"
                        ]
                    }, 
                    {
                        "nodeType": "JaggedArrayNode", 
                        "title": "The Second Gate", 
                        "addressTypes": [
                            "Integer"
                        ], 
                        "heTitle": "השער השני", 
                        "depth": 1, 
                        "titles": [
                            {
                                "lang": "he", 
                                "text": "השער השני", 
                                "primary": true
                            }, 
                            {
                                "lang": "en", 
                                "text": "The Second Gate", 
                                "primary": true
                            }
                        ], 
                        "key": "gate1", 
                        "heSectionNames": [
                            "פסקה"
                        ], 
                        "sectionNames": [
                            "Paragraph"
                        ]
                    }, 
                    {
                        "nodeType": "JaggedArrayNode", 
                        "title": "The Third Gate", 
                        "addressTypes": [
                            "Integer"
                        ], 
                        "heTitle": "השער השלישי", 
                        "depth": 1, 
                        "titles": [
                            {
                                "lang": "he", 
                                "text": "השער השלישי", 
                                "primary": true
                            }, 
                            {
                                "lang": "en", 
                                "text": "The Third Gate", 
                                "primary": true
                            }
                        ], 
                        "key": "gate2", 
                        "heSectionNames": [
                            "פסקה"
                        ], 
                        "sectionNames": [
                            "Paragraph"
                        ]
                    }, 
                    {
                        "nodeType": "JaggedArrayNode", 
                        "title": "The Fourth Gate", 
                        "addressTypes": [
                            "Integer"
                        ], 
                        "heTitle": "השער הרביעי", 
                        "depth": 1, 
                        "titles": [
                            {
                                "lang": "he", 
                                "text": "השער הרביעי", 
                                "primary": true
                            }, 
                            {
                                "lang": "en", 
                                "text": "The Fourth Gate", 
                                "primary": true
                            }
                        ], 
                        "key": "gate3", 
                        "heSectionNames": [
                            "פסקה"
                        ], 
                        "sectionNames": [
                            "Paragraph"
                        ]
                    }, 
                    {
                        "nodeType": "JaggedArrayNode", 
                        "title": "The Fifth Gate", 
                        "addressTypes": [
                            "Integer"
                        ], 
                        "heTitle": "השער החמישי", 
                        "depth": 1, 
                        "titles": [
                            {
                                "lang": "he", 
                                "text": "השער החמישי", 
                                "primary": true
                            }, 
                            {
                                "lang": "en", 
                                "text": "The Fifth Gate", 
                                "primary": true
                            }
                        ], 
                        "key": "gate4", 
                        "heSectionNames": [
                            "פסקה"
                        ], 
                        "sectionNames": [
                            "Paragraph"
                        ]
                    }
                ], 
                "titles": [
                    {
                        "lang": "he", 
                        "text": "הבית הראשון", 
                        "primary": true
                    }, 
                    {
                        "lang": "en", 
                        "text": "The First House", 
                        "primary": true
                    }
                ], 
                "heTitle": "הבית הראשון", 
                "key": "house0", 
                "title": "The First House"
            }, 
            {
                "nodes": [
                    {
                        "nodeType": "JaggedArrayNode", 
                        "title": "The First Gate", 
                        "addressTypes": [
                            "Integer"
                        ], 
                        "heTitle": "השער הראשון", 
                        "depth": 1, 
                        "titles": [
                            {
                                "lang": "he", 
                                "text": "השער הראשון", 
                                "primary": true
                            }, 
                            {
                                "lang": "en", 
                                "text": "The First Gate", 
                                "primary": true
                            }
                        ], 
                        "key": "gate0", 
                        "heSectionNames": [
                            "פסקה"
                        ], 
                        "sectionNames": [
                            "Paragraph"
                        ]
                    }, 
                    {
                        "nodeType": "JaggedArrayNode", 
                        "title": "The Second Gate", 
                        "addressTypes": [
                            "Integer"
                        ], 
                        "heTitle": "השער השני", 
                        "depth": 1, 
                        "titles": [
                            {
                                "lang": "he", 
                                "text": "השער השני", 
                                "primary": true
                            }, 
                            {
                                "lang": "en", 
                                "text": "The Second Gate", 
                                "primary": true
                            }
                        ], 
                        "key": "gate1", 
                        "heSectionNames": [
                            "פסקה"
                        ], 
                        "sectionNames": [
                            "Paragraph"
                        ]
                    }, 
                    {
                        "nodeType": "JaggedArrayNode", 
                        "title": "The Third Gate", 
                        "addressTypes": [
                            "Integer"
                        ], 
                        "heTitle": "השער השלישי", 
                        "depth": 1, 
                        "titles": [
                            {
                                "lang": "he", 
                                "text": "השער השלישי", 
                                "primary": true
                            }, 
                            {
                                "lang": "en", 
                                "text": "The Third Gate", 
                                "primary": true
                            }
                        ], 
                        "key": "gate2", 
                        "heSectionNames": [
                            "פסקה"
                        ], 
                        "sectionNames": [
                            "Paragraph"
                        ]
                    }, 
                    {
                        "nodeType": "JaggedArrayNode", 
                        "title": "The Fourth Gate", 
                        "addressTypes": [
                            "Integer"
                        ], 
                        "heTitle": "השער הרביעי", 
                        "depth": 1, 
                        "titles": [
                            {
                                "lang": "he", 
                                "text": "השער הרביעי", 
                                "primary": true
                            }, 
                            {
                                "lang": "en", 
                                "text": "The Fourth Gate", 
                                "primary": true
                            }
                        ], 
                        "key": "gate3", 
                        "heSectionNames": [
                            "פסקה"
                        ], 
                        "sectionNames": [
                            "Paragraph"
                        ]
                    }, 
                    {
                        "nodeType": "JaggedArrayNode", 
                        "title": "The Fifth Gate", 
                        "addressTypes": [
                            "Integer"
                        ], 
                        "heTitle": "השער החמישי", 
                        "depth": 1, 
                        "titles": [
                            {
                                "lang": "he", 
                                "text": "השער החמישי", 
                                "primary": true
                            }, 
                            {
                                "lang": "en", 
                                "text": "The Fifth Gate", 
                                "primary": true
                            }
                        ], 
                        "key": "gate4", 
                        "heSectionNames": [
                            "פסקה"
                        ], 
                        "sectionNames": [
                            "Paragraph"
                        ]
                    }
                ], 
                "titles": [
                    {
                        "lang": "he", 
                        "text": "הבית השני", 
                        "primary": true
                    }, 
                    {
                        "lang": "en", 
                        "text": "The Second House", 
                        "primary": true
                    }
                ], 
                "heTitle": "הבית השני", 
                "key": "house1", 
                "title": "The Second House"
            }, 
            {
                "nodes": [
                    {
                        "nodeType": "JaggedArrayNode", 
                        "title": "The First Gate", 
                        "addressTypes": [
                            "Integer"
                        ], 
                        "heTitle": "השער הראשון", 
                        "depth": 1, 
                        "titles": [
                            {
                                "lang": "he", 
                                "text": "השער הראשון", 
                                "primary": true
                            }, 
                            {
                                "lang": "en", 
                                "text": "The First Gate", 
                                "primary": true
                            }
                        ], 
                        "key": "gate0", 
                        "heSectionNames": [
                            "פסקה"
                        ], 
                        "sectionNames": [
                            "Paragraph"
                        ]
                    }, 
                    {
                        "nodeType": "JaggedArrayNode", 
                        "title": "The Second Gate", 
                        "addressTypes": [
                            "Integer"
                        ], 
                        "heTitle": "השער השני", 
                        "depth": 1, 
                        "titles": [
                            {
                                "lang": "he", 
                                "text": "השער השני", 
                                "primary": true
                            }, 
                            {
                                "lang": "en", 
                                "text": "The Second Gate", 
                                "primary": true
                            }
                        ], 
                        "key": "gate1", 
                        "heSectionNames": [
                            "פסקה"
                        ], 
                        "sectionNames": [
                            "Paragraph"
                        ]
                    }, 
                    {
                        "nodeType": "JaggedArrayNode", 
                        "title": "The Third Gate", 
                        "addressTypes": [
                            "Integer"
                        ], 
                        "heTitle": "השער השלישי", 
                        "depth": 1, 
                        "titles": [
                            {
                                "lang": "he", 
                                "text": "השער השלישי", 
                                "primary": true
                            }, 
                            {
                                "lang": "en", 
                                "text": "The Third Gate", 
                                "primary": true
                            }
                        ], 
                        "key": "gate2", 
                        "heSectionNames": [
                            "פסקה"
                        ], 
                        "sectionNames": [
                            "Paragraph"
                        ]
                    }, 
                    {
                        "nodeType": "JaggedArrayNode", 
                        "title": "The Fourth Gate", 
                        "addressTypes": [
                            "Integer"
                        ], 
                        "heTitle": "השער הרביעי", 
                        "depth": 1, 
                        "titles": [
                            {
                                "lang": "he", 
                                "text": "השער הרביעי", 
                                "primary": true
                            }, 
                            {
                                "lang": "en", 
                                "text": "The Fourth Gate", 
                                "primary": true
                            }
                        ], 
                        "key": "gate3", 
                        "heSectionNames": [
                            "פסקה"
                        ], 
                        "sectionNames": [
                            "Paragraph"
                        ]
                    }, 
                    {
                        "nodeType": "JaggedArrayNode", 
                        "title": "The Fifth Gate", 
                        "addressTypes": [
                            "Integer"
                        ], 
                        "heTitle": "השער החמישי", 
                        "depth": 1, 
                        "titles": [
                            {
                                "lang": "he", 
                                "text": "השער החמישי", 
                                "primary": true
                            }, 
                            {
                                "lang": "en", 
                                "text": "The Fifth Gate", 
                                "primary": true
                            }
                        ], 
                        "key": "gate4", 
                        "heSectionNames": [
                            "פסקה"
                        ], 
                        "sectionNames": [
                            "Paragraph"
                        ]
                    }, 
                    {
                        "nodeType": "JaggedArrayNode", 
                        "title": "The Sixth Gate", 
                        "addressTypes": [
                            "Integer"
                        ], 
                        "heTitle": "השער השישי", 
                        "depth": 1, 
                        "titles": [
                            {
                                "lang": "he", 
                                "text": "השער השישי", 
                                "primary": true
                            }, 
                            {
                                "lang": "en", 
                                "text": "The Sixth Gate", 
                                "primary": true
                            }
                        ], 
                        "key": "gate5", 
                        "heSectionNames": [
                            "פסקה"
                        ], 
                        "sectionNames": [
                            "Paragraph"
                        ]
                    }, 
                    {
                        "nodeType": "JaggedArrayNode", 
                        "title": "The Seventh Gate", 
                        "addressTypes": [
                            "Integer"
                        ], 
                        "heTitle": "השער השביעי", 
                        "depth": 1, 
                        "titles": [
                            {
                                "lang": "he", 
                                "text": "השער השביעי", 
                                "primary": true
                            }, 
                            {
                                "lang": "en", 
                                "text": "The Seventh Gate", 
                                "primary": true
                            }
                        ], 
                        "key": "gate6", 
                        "heSectionNames": [
                            "פסקה"
                        ], 
                        "sectionNames": [
                            "Paragraph"
                        ]
                    }
                ], 
                "titles": [
                    {
                        "lang": "he", 
                        "text": "הבית השלישי", 
                        "primary": true
                    }, 
                    {
                        "lang": "en", 
                        "text": "The Third House", 
                        "primary": true
                    }
                ], 
                "heTitle": "הבית השלישי", 
                "key": "house2", 
                "title": "The Third House"
            }, 
            {
                "nodes": [
                    {
                        "nodeType": "JaggedArrayNode", 
                        "title": "The First Gate", 
                        "addressTypes": [
                            "Integer"
                        ], 
                        "heTitle": "השער הראשון", 
                        "depth": 1, 
                        "titles": [
                            {
                                "lang": "he", 
                                "text": "השער הראשון", 
                                "primary": true
                            }, 
                            {
                                "lang": "en", 
                                "text": "The First Gate", 
                                "primary": true
                            }
                        ], 
                        "key": "gate0", 
                        "heSectionNames": [
                            "פסקה"
                        ], 
                        "sectionNames": [
                            "Paragraph"
                        ]
                    }, 
                    {
                        "nodeType": "JaggedArrayNode", 
                        "title": "The Second Gate", 
                        "addressTypes": [
                            "Integer"
                        ], 
                        "heTitle": "השער השני", 
                        "depth": 1, 
                        "titles": [
                            {
                                "lang": "he", 
                                "text": "השער השני", 
                                "primary": true
                            }, 
                            {
                                "lang": "en", 
                                "text": "The Second Gate", 
                                "primary": true
                            }
                        ], 
                        "key": "gate1", 
                        "heSectionNames": [
                            "פסקה"
                        ], 
                        "sectionNames": [
                            "Paragraph"
                        ]
                    }, 
                    {
                        "nodeType": "JaggedArrayNode", 
                        "title": "The Third Gate", 
                        "addressTypes": [
                            "Integer"
                        ], 
                        "heTitle": "השער השלישי", 
                        "depth": 1, 
                        "titles": [
                            {
                                "lang": "he", 
                                "text": "השער השלישי", 
                                "primary": true
                            }, 
                            {
                                "lang": "en", 
                                "text": "The Third Gate", 
                                "primary": true
                            }
                        ], 
                        "key": "gate2", 
                        "heSectionNames": [
                            "פסקה"
                        ], 
                        "sectionNames": [
                            "Paragraph"
                        ]
                    }, 
                    {
                        "nodeType": "JaggedArrayNode", 
                        "title": "The Fourth Gate", 
                        "addressTypes": [
                            "Integer"
                        ], 
                        "heTitle": "השער הרביעי", 
                        "depth": 1, 
                        "titles": [
                            {
                                "lang": "he", 
                                "text": "השער הרביעי", 
                                "primary": true
                            }, 
                            {
                                "lang": "en", 
                                "text": "The Fourth Gate", 
                                "primary": true
                            }
                        ], 
                        "key": "gate3", 
                        "heSectionNames": [
                            "פסקה"
                        ], 
                        "sectionNames": [
                            "Paragraph"
                        ]
                    }
                ], 
                "titles": [
                    {
                        "lang": "he", 
                        "text": "הבית הרביעי", 
                        "primary": true
                    }, 
                    {
                        "lang": "en", 
                        "text": "The Fourth House", 
                        "primary": true
                    }
                ], 
                "heTitle": "הבית הרביעי", 
                "key": "house3", 
                "title": "The Fourth House"
            }, 
            {
                "nodes": [
                    {
                        "nodeType": "JaggedArrayNode", 
                        "title": "The First Gate", 
                        "addressTypes": [
                            "Integer"
                        ], 
                        "heTitle": "השער הראשון", 
                        "depth": 1, 
                        "titles": [
                            {
                                "lang": "he", 
                                "text": "השער הראשון", 
                                "primary": true
                            }, 
                            {
                                "lang": "en", 
                                "text": "The First Gate", 
                                "primary": true
                            }
                        ], 
                        "key": "gate0", 
                        "heSectionNames": [
                            "פסקה"
                        ], 
                        "sectionNames": [
                            "Paragraph"
                        ]
                    }, 
                    {
                        "nodeType": "JaggedArrayNode", 
                        "title": "The Second Gate", 
                        "addressTypes": [
                            "Integer"
                        ], 
                        "heTitle": "השער השני", 
                        "depth": 1, 
                        "titles": [
                            {
                                "lang": "he", 
                                "text": "השער השני", 
                                "primary": true
                            }, 
                            {
                                "lang": "en", 
                                "text": "The Second Gate", 
                                "primary": true
                            }
                        ], 
                        "key": "gate1", 
                        "heSectionNames": [
                            "פסקה"
                        ], 
                        "sectionNames": [
                            "Paragraph"
                        ]
                    }, 
                    {
                        "nodeType": "JaggedArrayNode", 
                        "title": "The Third Gate", 
                        "addressTypes": [
                            "Integer"
                        ], 
                        "heTitle": "השער השלישי", 
                        "depth": 1, 
                        "titles": [
                            {
                                "lang": "he", 
                                "text": "השער השלישי", 
                                "primary": true
                            }, 
                            {
                                "lang": "en", 
                                "text": "The Third Gate", 
                                "primary": true
                            }
                        ], 
                        "key": "gate2", 
                        "heSectionNames": [
                            "פסקה"
                        ], 
                        "sectionNames": [
                            "Paragraph"
                        ]
                    }, 
                    {
                        "nodeType": "JaggedArrayNode", 
                        "title": "The Fourth Gate", 
                        "addressTypes": [
                            "Integer"
                        ], 
                        "heTitle": "השער הרביעי", 
                        "depth": 1, 
                        "titles": [
                            {
                                "lang": "he", 
                                "text": "השער הרביעי", 
                                "primary": true
                            }, 
                            {
                                "lang": "en", 
                                "text": "The Fourth Gate", 
                                "primary": true
                            }
                        ], 
                        "key": "gate3", 
                        "heSectionNames": [
                            "פסקה"
                        ], 
                        "sectionNames": [
                            "Paragraph"
                        ]
                    }, 
                    {
                        "nodeType": "JaggedArrayNode", 
                        "title": "The Fifth Gate", 
                        "addressTypes": [
                            "Integer"
                        ], 
                        "heTitle": "השער החמישי", 
                        "depth": 1, 
                        "titles": [
                            {
                                "lang": "he", 
                                "text": "השער החמישי", 
                                "primary": true
                            }, 
                            {
                                "lang": "en", 
                                "text": "The Fifth Gate", 
                                "primary": true
                            }
                        ], 
                        "key": "gate4", 
                        "heSectionNames": [
                            "פסקה"
                        ], 
                        "sectionNames": [
                            "Paragraph"
                        ]
                    }, 
                    {
                        "nodeType": "JaggedArrayNode", 
                        "title": "The Sixth Gate", 
                        "addressTypes": [
                            "Integer"
                        ], 
                        "heTitle": "השער השישי", 
                        "depth": 1, 
                        "titles": [
                            {
                                "lang": "he", 
                                "text": "השער השישי", 
                                "primary": true
                            }, 
                            {
                                "lang": "en", 
                                "text": "The Sixth Gate", 
                                "primary": true
                            }
                        ], 
                        "key": "gate5", 
                        "heSectionNames": [
                            "פסקה"
                        ], 
                        "sectionNames": [
                            "Paragraph"
                        ]
                    }
                ], 
                "titles": [
                    {
                        "lang": "he", 
                        "text": "הבית החמישי", 
                        "primary": true
                    }, 
                    {
                        "lang": "en", 
                        "text": "The Fifth House", 
                        "primary": true
                    }
                ], 
                "heTitle": "הבית החמישי", 
                "key": "house4", 
                "title": "The Fifth House"
            }, 
            {
                "nodes": [
                    {
                        "nodeType": "JaggedArrayNode", 
                        "title": "The First Gate", 
                        "addressTypes": [
                            "Integer"
                        ], 
                        "heTitle": "השער הראשון", 
                        "depth": 1, 
                        "titles": [
                            {
                                "lang": "he", 
                                "text": "השער הראשון", 
                                "primary": true
                            }, 
                            {
                                "lang": "en", 
                                "text": "The First Gate", 
                                "primary": true
                            }
                        ], 
                        "key": "gate0", 
                        "heSectionNames": [
                            "פסקה"
                        ], 
                        "sectionNames": [
                            "Paragraph"
                        ]
                    }, 
                    {
                        "nodeType": "JaggedArrayNode", 
                        "title": "The Second Gate", 
                        "addressTypes": [
                            "Integer"
                        ], 
                        "heTitle": "השער השני", 
                        "depth": 1, 
                        "titles": [
                            {
                                "lang": "he", 
                                "text": "השער השני", 
                                "primary": true
                            }, 
                            {
                                "lang": "en", 
                                "text": "The Second Gate", 
                                "primary": true
                            }
                        ], 
                        "key": "gate1", 
                        "heSectionNames": [
                            "פסקה"
                        ], 
                        "sectionNames": [
                            "Paragraph"
                        ]
                    }, 
                    {
                        "nodeType": "JaggedArrayNode", 
                        "title": "The Third Gate", 
                        "addressTypes": [
                            "Integer"
                        ], 
                        "heTitle": "השער השלישי", 
                        "depth": 1, 
                        "titles": [
                            {
                                "lang": "he", 
                                "text": "השער השלישי", 
                                "primary": true
                            }, 
                            {
                                "lang": "en", 
                                "text": "The Third Gate", 
                                "primary": true
                            }
                        ], 
                        "key": "gate2", 
                        "heSectionNames": [
                            "פסקה"
                        ], 
                        "sectionNames": [
                            "Paragraph"
                        ]
                    }, 
                    {
                        "nodeType": "JaggedArrayNode", 
                        "title": "The Fourth Gate", 
                        "addressTypes": [
                            "Integer"
                        ], 
                        "heTitle": "השער הרביעי", 
                        "depth": 1, 
                        "titles": [
                            {
                                "lang": "he", 
                                "text": "השער הרביעי", 
                                "primary": true
                            }, 
                            {
                                "lang": "en", 
                                "text": "The Fourth Gate", 
                                "primary": true
                            }
                        ], 
                        "key": "gate3", 
                        "heSectionNames": [
                            "פסקה"
                        ], 
                        "sectionNames": [
                            "Paragraph"
                        ]
                    }, 
                    {
                        "nodeType": "JaggedArrayNode", 
                        "title": "The Fifth Gate", 
                        "addressTypes": [
                            "Integer"
                        ], 
                        "heTitle": "השער החמישי", 
                        "depth": 1, 
                        "titles": [
                            {
                                "lang": "he", 
                                "text": "השער החמישי", 
                                "primary": true
                            }, 
                            {
                                "lang": "en", 
                                "text": "The Fifth Gate", 
                                "primary": true
                            }
                        ], 
                        "key": "gate4", 
                        "heSectionNames": [
                            "פסקה"
                        ], 
                        "sectionNames": [
                            "Paragraph"
                        ]
                    }
                ], 
                "titles": [
                    {
                        "lang": "he", 
                        "text": "הבית השישי", 
                        "primary": true
                    }, 
                    {
                        "lang": "en", 
                        "text": "The Sixth House", 
                        "primary": true
                    }
                ], 
                "heTitle": "הבית השישי", 
                "key": "house5", 
                "title": "The Sixth House"
            }, 
            {
                "nodes": [
                    {
                        "nodeType": "JaggedArrayNode", 
                        "title": "The First Gate", 
                        "addressTypes": [
                            "Integer"
                        ], 
                        "heTitle": "השער הראשון", 
                        "depth": 1, 
                        "titles": [
                            {
                                "lang": "he", 
                                "text": "השער הראשון", 
                                "primary": true
                            }, 
                            {
                                "lang": "en", 
                                "text": "The First Gate", 
                                "primary": true
                            }
                        ], 
                        "key": "gate0", 
                        "heSectionNames": [
                            "פסקה"
                        ], 
                        "sectionNames": [
                            "Paragraph"
                        ]
                    }, 
                    {
                        "nodeType": "JaggedArrayNode", 
                        "title": "The Second Gate", 
                        "addressTypes": [
                            "Integer"
                        ], 
                        "heTitle": "השער השני", 
                        "depth": 1, 
                        "titles": [
                            {
                                "lang": "he", 
                                "text": "השער השני", 
                                "primary": true
                            }, 
                            {
                                "lang": "en", 
                                "text": "The Second Gate", 
                                "primary": true
                            }
                        ], 
                        "key": "gate1", 
                        "heSectionNames": [
                            "פסקה"
                        ], 
                        "sectionNames": [
                            "Paragraph"
                        ]
                    }, 
                    {
                        "nodeType": "JaggedArrayNode", 
                        "title": "The Third Gate", 
                        "addressTypes": [
                            "Integer"
                        ], 
                        "heTitle": "השער השלישי", 
                        "depth": 1, 
                        "titles": [
                            {
                                "lang": "he", 
                                "text": "השער השלישי", 
                                "primary": true
                            }, 
                            {
                                "lang": "en", 
                                "text": "The Third Gate", 
                                "primary": true
                            }
                        ], 
                        "key": "gate2", 
                        "heSectionNames": [
                            "פסקה"
                        ], 
                        "sectionNames": [
                            "Paragraph"
                        ]
                    }, 
                    {
                        "nodeType": "JaggedArrayNode", 
                        "title": "The Fourth Gate", 
                        "addressTypes": [
                            "Integer"
                        ], 
                        "heTitle": "השער הרביעי", 
                        "depth": 1, 
                        "titles": [
                            {
                                "lang": "he", 
                                "text": "השער הרביעי", 
                                "primary": true
                            }, 
                            {
                                "lang": "en", 
                                "text": "The Fourth Gate", 
                                "primary": true
                            }
                        ], 
                        "key": "gate3", 
                        "heSectionNames": [
                            "פסקה"
                        ], 
                        "sectionNames": [
                            "Paragraph"
                        ]
                    }, 
                    {
                        "nodeType": "JaggedArrayNode", 
                        "title": "The Fifth Gate", 
                        "addressTypes": [
                            "Integer"
                        ], 
                        "heTitle": "השער החמישי", 
                        "depth": 1, 
                        "titles": [
                            {
                                "lang": "he", 
                                "text": "השער החמישי", 
                                "primary": true
                            }, 
                            {
                                "lang": "en", 
                                "text": "The Fifth Gate", 
                                "primary": true
                            }
                        ], 
                        "key": "gate4", 
                        "heSectionNames": [
                            "פסקה"
                        ], 
                        "sectionNames": [
                            "Paragraph"
                        ]
                    }, 
                    {
                        "nodeType": "JaggedArrayNode", 
                        "title": "The Sixth Gate", 
                        "addressTypes": [
                            "Integer"
                        ], 
                        "heTitle": "השער השישי", 
                        "depth": 1, 
                        "titles": [
                            {
                                "lang": "he", 
                                "text": "השער השישי", 
                                "primary": true
                            }, 
                            {
                                "lang": "en", 
                                "text": "The Sixth Gate", 
                                "primary": true
                            }
                        ], 
                        "key": "gate5", 
                        "heSectionNames": [
                            "פסקה"
                        ], 
                        "sectionNames": [
                            "Paragraph"
                        ]
                    }, 
                    {
                        "nodeType": "JaggedArrayNode", 
                        "title": "The Seventh Gate", 
                        "addressTypes": [
                            "Integer"
                        ], 
                        "heTitle": "השער השביעי", 
                        "depth": 1, 
                        "titles": [
                            {
                                "lang": "he", 
                                "text": "השער השביעי", 
                                "primary": true
                            }, 
                            {
                                "lang": "en", 
                                "text": "The Seventh Gate", 
                                "primary": true
                            }
                        ], 
                        "key": "gate6", 
                        "heSectionNames": [
                            "פסקה"
                        ], 
                        "sectionNames": [
                            "Paragraph"
                        ]
                    }
                ], 
                "titles": [
                    {
                        "lang": "he", 
                        "text": "הבית השביעי", 
                        "primary": true
                    }, 
                    {
                        "lang": "en", 
                        "text": "The Seventh House", 
                        "primary": true
                    }
                ], 
                "heTitle": "הבית השביעי", 
                "key": "house6", 
                "title": "The Seventh House"
            }
        ], 
        "titles": [
            {
                "lang": "he", 
                "text": "תורת הבית הקצר", 
                "primary": true
            }, 
            {
                "lang": "en", 
                "text": "Torat HaBayit HaKatzar", 
                "primary": true
            }
        ], 
        "heTitle": "תורת הבית הקצר", 
        "key": "Torat HaBayit HaKatzar", 
        "title": "Torat HaBayit HaKatzar"
    }
}