[{
    "links": [
        [
            "32b:1", 
            "Rashi on Gittin 32b:1:1", 
            "Commentary"
        ], 
        [
            "32b:3", 
            "Rashi on Gittin 32b:3:1", 
            "Commentary"
        ], 
        [
            "32b:4", 
            "Tosafot on Gittin 32b:4:1", 
            "Commentary"
        ], 
        [
            "32b:4", 
            "Rashi on Gittin 32b:4:1", 
            "Commentary"
        ], 
        [
            "32b:5", 
            "Rashi on Gittin 32b:5:1", 
            "Commentary"
        ], 
        [
            "32b:6", 
            "Rosh on Gittin 4:2:2", 
            "Commentary"
        ], 
        [
            "32b:6", 
            "Rashi on Gittin 32b:6:1", 
            "Commentary"
        ], 
        [
            "32b:10", 
            "Rashi on Gittin 32b:10:1", 
            "Commentary"
        ], 
        [
            "32b:10", 
            "Rashi on Gittin 32b:10:2", 
            "Commentary"
        ], 
        [
            "32b:12", 
            "Rashi on Gittin 32b:12:1", 
            "Commentary"
        ], 
        [
            "32b:14", 
            "Tosafot on Gittin 32b:14:1", 
            "Commentary"
        ], 
        [
            "32b:14", 
            "Rashi on Gittin 32b:14:1", 
            "Commentary"
        ], 
        [
            "32b:15", 
            "Rashi on Gittin 32b:15:1", 
            "Commentary"
        ], 
        [
            "32b:15", 
            "Rashi on Gittin 32b:15:2", 
            "Commentary"
        ], 
        [
            "32b:18", 
            "Rosh on Gittin 4:4:1", 
            "Commentary"
        ], 
        [
            "32b:18", 
            "Tosafot on Gittin 32b:18:1", 
            "Commentary"
        ], 
        [
            "32b:22", 
            "Rashi on Gittin 32b:22:1", 
            "Commentary"
        ], 
        [
            "32b:24", 
            "Tosafot on Gittin 32b:24:1", 
            "Commentary"
        ], 
        [
            "32b:24", 
            "Rashi on Gittin 32b:24:1", 
            "Commentary"
        ], 
        [
            "32b:24", 
            "Rashi on Gittin 32b:24:2", 
            "Commentary"
        ], 
        [
            "32b:25", 
            "Rosh on Gittin 4:4:2", 
            "Commentary"
        ], 
        [
            "32b:26", 
            "Rosh on Gittin 4:4:3", 
            "Commentary"
        ], 
        [
            "32b:27", 
            "Rashi on Gittin 32b:27:1", 
            "Commentary"
        ], 
        [
            "32b:28", 
            "Tosafot on Gittin 32b:28:1", 
            "Commentary"
        ], 
        [
            "32b:30", 
            "Rashi on Gittin 32b:30:1", 
            "Commentary"
        ], 
        [
            "32b:34", 
            "Tosafot on Gittin 32b:34:1", 
            "Commentary"
        ], 
        [
            "32b:35", 
            "Rosh on Gittin 4:3:1", 
            "Commentary"
        ], 
        [
            "32b:38", 
            "Rashi on Gittin 32b:38:1", 
            "Commentary"
        ], 
        [
            "32b", 
            "Tosafot on Yevamot 25b:35:1", 
            "Quoting Commentary"
        ], 
        [
            "32b", 
            "Tosafot on Kiddushin 59b:46:1", 
            "Quoting Commentary"
        ], 
        [
            "32b", 
            "Tosafot on Bava Batra 138a:1:1", 
            "Quoting Commentary"
        ]
    ], 
    "text": [], 
    "heTitleVariants": [
        "גיטין"
    ], 
    "heTitle": "גיטין ל״ב ב", 
    "heRef": "גיטין ל״ב ב", 
    "toSections": [
        "32b"
    ], 
    "sectionRef": "Gittin 32b", 
    "title": "Gittin 32b", 
    "lengths": [
        178, 
        8860
    ], 
    "next": "Gittin 33a", 
    "heBook": "גיטין", 
    "book": "Gittin", 
    "prev": "Gittin 32a", 
    "textDepth": 2, 
    "sectionNames": [
        "Daf", 
        "Line"
    ], 
    "sections": [
        "32b"
    ], 
    "isComplex": false, 
    "titleVariants": [
        "Tractate Gittin", 
        "Talmud Gittin", 
        "Masekhet Gittin", 
        "Gittin"
    ], 
    "categories": [
        "Talmud", 
        "Bavli", 
        "Seder Nashim"
    ], 
    "he": [
        "שתי לשונות משמע משמע דבטל ומשמע דליבטיל גבי גט לישנא דמהני ביה קאמר גבי מתנה לישנא דמהני בה קאמר", 
        "אמר אביי נקיטינן", 
        "שליח מתנה הרי הוא כשליח הגט", 
        "נפקא מינה להולך לאו כזכי דמי", 
        "רבינא אשכחיה לרב נחמן בר יצחק דתלי וקאי בעיברא דדשא וקא מיבעיא ליה", 
        "בטל מהו", 
        "תיקו", 
        "אמר רב ששת ואמרי לה במתניתא תנא", 
        "גט זה לא יועיל לא יתיר לא יעזיב לא ישלח ולא יגרש יהא חרס יהא כחרס דבריו קיימין", 
        "אינו מועיל אינו מתיר אינו מעזיב אינו משלח אינו מגרש חרס הוא כחרס הוא לא אמר כלום", 
        "איבעיא להו", 
        "הרי הוא חרס מהו", 
        "א\"ל רבינא לרב אחא בריה דרבא ואמרי לה רב אחא בריה דרבא לרב אשי", 
        "מאי שנא מהרי הוא הקדש הרי הוא הפקר", 
        "חוזר ומגרש בו או אינו חוזר ומגרש בו", 
        "רב נחמן אמר", 
        "חוזר ומגרש בו ורב ששת אמר", 
        "אינו חוזר ומגרש בו", 
        "והלכתא כוותיה דרב נחמן", 
        "איני", 
        "והא קי\"ל הלכתא כוותיה דר' יוחנן דאמר", 
        "חוזרת", 
        "הכי השתא", 
        "התם דיבור ודיבור הוא אתי דיבור ומבטל דיבור והכא נהי דבטליה לשליחותא דשליח גיטא גופיה מי קא בטיל:", 
        "בראשונה היה עושה:", 
        "איתמר", 
        "בפני כמה הוא מבטלו", 
        "רב נחמן אמר", 
        "בפני ב' רב ששת אמר", 
        "בפני ג'", 
        "רב ששת אמר", 
        "בפני ג' ב\"ד קתני", 
        "ורב נחמן אמר", 
        "בפני ב' לבי תרי נמי ב\"ד קרי להו", 
        "אמר רב נחמן", 
        "מנא אמינא לה", 
        "דתנן", 
        "מוסרני לפניכם"
    ], 
    "ref": "Gittin 32b", 
    "type": "Talmud", 
    "addressTypes": [
        "Talmud", 
        "Integer"
    ], 
    "length": 178, 
    "indexTitle": "Gittin", 
    "heIndexTitle": "גיטין", 
    "alts": [], 
    "order": [
        18, 
        6
    ]
}]