{
    "heTitleVariants": [
        "גיטין"
    ], 
    "heTitle": "גיטין ס״א א", 
    "content": [
        {
            "segmentNumber": "1", 
            "he": "כולי עלמא לא פליגי כי פליגי בלחי וקוקרי:", 
            "links": [
                {
                    "category": "Commentary", 
                    "sourceHeRef": "רש\"י על גיטין ס״א א:א׳:א׳", 
                    "sourceRef": "Rashi on Gittin 61a:1:1", 
                    "ref": "Rashi on Gittin 61a:1:1"
                }, 
                {
                    "category": "Commentary", 
                    "sourceHeRef": "רש\"י על גיטין ס״א א:א׳:ב׳", 
                    "sourceRef": "Rashi on Gittin 61a:1:2", 
                    "ref": "Rashi on Gittin 61a:1:2"
                }, 
                {
                    "category": "Commentary", 
                    "sourceHeRef": "רש\"י על גיטין ס״א א:א׳:ג׳", 
                    "sourceRef": "Rashi on Gittin 61a:1:3", 
                    "ref": "Rashi on Gittin 61a:1:3"
                }
            ], 
            "text": ""
        }, 
        {
            "segmentNumber": "2", 
            "he": "מציאת חרש שוטה וכו' ר' יוסי אומר", 
            "links": [], 
            "text": ""
        }, 
        {
            "segmentNumber": "3", 
            "he": "גזל גמור:", 
            "links": [
                {
                    "category": "Commentary", 
                    "sourceHeRef": " פסקי הראש על גיטין ה׳:כ״א:א׳", 
                    "sourceRef": "Rosh on Gittin 5:21:1", 
                    "ref": "Rosh on Gittin 5:21:1"
                }
            ], 
            "text": ""
        }, 
        {
            "segmentNumber": "4", 
            "he": "אמר רב חסדא", 
            "links": [], 
            "text": ""
        }, 
        {
            "segmentNumber": "5", 
            "he": "גזל גמור מדבריהם", 
            "links": [
                {
                    "category": "Commentary", 
                    "sourceHeRef": "רש\"י על גיטין ס״א א:ה׳:א׳", 
                    "sourceRef": "Rashi on Gittin 61a:5:1", 
                    "ref": "Rashi on Gittin 61a:5:1"
                }
            ], 
            "text": ""
        }, 
        {
            "segmentNumber": "6", 
            "he": "למאי נפקא מינה", 
            "links": [
                {
                    "category": "Commentary", 
                    "sourceHeRef": "רש\"י על גיטין ס״א א:ו׳:א׳", 
                    "sourceRef": "Rashi on Gittin 61a:6:1", 
                    "ref": "Rashi on Gittin 61a:6:1"
                }
            ], 
            "text": ""
        }, 
        {
            "segmentNumber": "7", 
            "he": "להוציאו בדיינין:", 
            "links": [
                {
                    "category": "Commentary", 
                    "sourceHeRef": "רש\"י על גיטין ס״א א:ז׳:א׳", 
                    "sourceRef": "Rashi on Gittin 61a:7:1", 
                    "ref": "Rashi on Gittin 61a:7:1"
                }
            ], 
            "text": ""
        }, 
        {
            "segmentNumber": "8", 
            "he": "עני המנקף בראש הזית מה שתחתיו וכו':", 
            "links": [], 
            "text": ""
        }, 
        {
            "segmentNumber": "9", 
            "he": "תנא", 
            "links": [], 
            "text": ""
        }, 
        {
            "segmentNumber": "10", 
            "he": "אם ליקט ונתן ביד ה\"ז גזל גמור", 
            "links": [
                {
                    "category": "Commentary", 
                    "sourceHeRef": " פסקי הראש על גיטין ה׳:כ״ב:א׳", 
                    "sourceRef": "Rosh on Gittin 5:22:1", 
                    "ref": "Rosh on Gittin 5:22:1"
                }, 
                {
                    "category": "Commentary", 
                    "sourceHeRef": "רש\"י על גיטין ס״א א:י׳:א׳", 
                    "sourceRef": "Rashi on Gittin 61a:10:1", 
                    "ref": "Rashi on Gittin 61a:10:1"
                }, 
                {
                    "category": "Commentary", 
                    "sourceHeRef": "תוספות על גיטין ס״א א:י׳:א׳", 
                    "sourceRef": "Tosafot on Gittin 61a:10:1", 
                    "ref": "Tosafot on Gittin 61a:10:1"
                }
            ], 
            "text": ""
        }, 
        {
            "segmentNumber": "11", 
            "he": "רב כהנא הוה קאזיל להוצל חזייה לההוא גברא דהוה שדי אופיי וקא נתרן תמרי אזל קא מנקיט ואכיל", 
            "links": [
                {
                    "category": "Commentary", 
                    "sourceHeRef": "רש\"י על גיטין ס״א א:י״א:א׳", 
                    "sourceRef": "Rashi on Gittin 61a:11:1", 
                    "ref": "Rashi on Gittin 61a:11:1"
                }, 
                {
                    "category": "Commentary", 
                    "sourceHeRef": "תוספות על גיטין ס״א א:י״א:א׳", 
                    "sourceRef": "Tosafot on Gittin 61a:11:1", 
                    "ref": "Tosafot on Gittin 61a:11:1"
                }
            ], 
            "text": ""
        }, 
        {
            "segmentNumber": "12", 
            "he": "א\"ל", 
            "links": [], 
            "text": ""
        }, 
        {
            "segmentNumber": "13", 
            "he": "חזי מר דבידאי שדיתינהו א\"ל", 
            "links": [], 
            "text": ""
        }, 
        {
            "segmentNumber": "14", 
            "he": "מאתריה דר' יאשיה אתה קרי עליה", 
            "links": [
                {
                    "category": "Commentary", 
                    "sourceHeRef": "רש\"י על גיטין ס״א א:י״ד:א׳", 
                    "sourceRef": "Rashi on Gittin 61a:14:1", 
                    "ref": "Rashi on Gittin 61a:14:1"
                }, 
                {
                    "category": "Commentary", 
                    "sourceHeRef": "רש\"י על גיטין ס״א א:י״ד:ב׳", 
                    "sourceRef": "Rashi on Gittin 61a:14:2", 
                    "ref": "Rashi on Gittin 61a:14:2"
                }
            ], 
            "text": ""
        }, 
        {
            "segmentNumber": "15", 
            "he": "(משלי י, כה) וצדיק יסוד עולם:", 
            "links": [
                {
                    "category": "Tanach", 
                    "sourceHeRef": "משלי י׳:כ״ה", 
                    "sourceRef": "Proverbs 10:25", 
                    "ref": "Proverbs 10:25"
                }
            ], 
            "text": ""
        }, 
        {
            "segmentNumber": "16", 
            "he": "אין ממחין ביד עניי נכרים בלקט בשכחה ובפאה מפני דרכי שלום:", 
            "links": [], 
            "text": ""
        }, 
        {
            "segmentNumber": "17", 
            "he": "ת\"ר", 
            "links": [
                {
                    "category": "Commentary", 
                    "sourceHeRef": " פסקי הראש על גיטין ה׳:כ״ג:א׳", 
                    "sourceRef": "Rosh on Gittin 5:23:1", 
                    "ref": "Rosh on Gittin 5:23:1"
                }
            ], 
            "text": "Our rabbis taught:"
        }, 
        {
            "segmentNumber": "18", 
            "he": "מפרנסים עניי נכרים עם עניי ישראל ומבקרין חולי נכרים עם חולי ישראל וקוברין מתי נכרים עם מתי ישראל מפני דרכי שלום:", 
            "links": [
                {
                    "category": "Commentary", 
                    "sourceHeRef": "רש\"י על גיטין ס״א א:י״ח:א׳", 
                    "sourceRef": "Rashi on Gittin 61a:18:1", 
                    "ref": "Rashi on Gittin 61a:18:1"
                }
            ], 
            "text": "We provide for the gentiles' poor with Israel's poor, we visit gentiles' sick with Israel's sick, and we bury the gentiles' dead with Israel's dead, due to the ways of peace."
        }, 
        {
            "segmentNumber": "19", 
            "he": "<big><strong>מתני׳</strong></big> משאלת אשה לחבירתה החשודה על השביעית נפה וכברה וריחים ותנור אבל לא תבור ולא תטחן עמה", 
            "links": [
                {
                    "category": "Commentary", 
                    "sourceHeRef": "רש\"י על גיטין ס״א א:י״ט:א׳", 
                    "sourceRef": "Rashi on Gittin 61a:19:1", 
                    "ref": "Rashi on Gittin 61a:19:1"
                }, 
                {
                    "category": "Commentary", 
                    "sourceHeRef": "רש\"י על גיטין ס״א א:י״ט:ב׳", 
                    "sourceRef": "Rashi on Gittin 61a:19:2", 
                    "ref": "Rashi on Gittin 61a:19:2"
                }, 
                {
                    "category": "Commentary", 
                    "sourceHeRef": "תוספות על גיטין ס״א א:י״ט:א׳", 
                    "sourceRef": "Tosafot on Gittin 61a:19:1", 
                    "ref": "Tosafot on Gittin 61a:19:1"
                }, 
                {
                    "category": "Commentary", 
                    "sourceHeRef": "תוספות על גיטין ס״א א:י״ט:ב׳", 
                    "sourceRef": "Tosafot on Gittin 61a:19:2", 
                    "ref": "Tosafot on Gittin 61a:19:2"
                }, 
                {
                    "category": "Commentary", 
                    "sourceHeRef": "רשב״א על גיטין ס״א א:ד׳", 
                    "sourceRef": "Rashba on Gittin 61a:4", 
                    "ref": "Rashba on Gittin 61a:4"
                }, 
                {
                    "category": "Commentary", 
                    "sourceHeRef": "רשב״א על גיטין ס״א א:ה׳", 
                    "sourceRef": "Rashba on Gittin 61a:5", 
                    "ref": "Rashba on Gittin 61a:5"
                }
            ], 
            "text": ""
        }, 
        {
            "segmentNumber": "20", 
            "he": "אשת חבר משאלת לאשת עם הארץ נפה וכברה ובוררת וטוחנת ומרקדת עמה אבל משתטיל את המים לא תגע עמה לפי שאין מחזיקין ידי עוברי עבירה", 
            "links": [
                {
                    "category": "Commentary", 
                    "sourceHeRef": "רש\"י על גיטין ס״א א:כ׳:א׳", 
                    "sourceRef": "Rashi on Gittin 61a:20:1", 
                    "ref": "Rashi on Gittin 61a:20:1"
                }, 
                {
                    "category": "Commentary", 
                    "sourceHeRef": "רש\"י על גיטין ס״א א:כ׳:ב׳", 
                    "sourceRef": "Rashi on Gittin 61a:20:2", 
                    "ref": "Rashi on Gittin 61a:20:2"
                }, 
                {
                    "category": "Commentary", 
                    "sourceHeRef": "רש\"י על גיטין ס״א א:כ׳:ג׳", 
                    "sourceRef": "Rashi on Gittin 61a:20:3", 
                    "ref": "Rashi on Gittin 61a:20:3"
                }
            ], 
            "text": ""
        }, 
        {
            "segmentNumber": "21", 
            "he": "וכולן לא אמרו אלא מפני דרכי שלום", 
            "links": [
                {
                    "category": "Commentary", 
                    "sourceHeRef": " חידושי אגדות על מסכת גיטין ס״א א:א׳", 
                    "sourceRef": "Chidushei Agadot on Gittin 61a:1", 
                    "ref": "Chidushei Agadot on Gittin 61a:1"
                }, 
                {
                    "category": "Commentary", 
                    "sourceHeRef": "רש\"י על גיטין ס״א א:כ״א:א׳", 
                    "sourceRef": "Rashi on Gittin 61a:21:1", 
                    "ref": "Rashi on Gittin 61a:21:1"
                }
            ], 
            "text": ""
        }, 
        {
            "segmentNumber": "22", 
            "he": "ומחזיקין ידי נכרים בשביעית אבל לא ידי ישראל ושואלין בשלומן מפני דרכי שלום:", 
            "links": [
                {
                    "category": "Commentary", 
                    "sourceHeRef": "רש\"י על גיטין ס״א א:כ״ב:א׳", 
                    "sourceRef": "Rashi on Gittin 61a:22:1", 
                    "ref": "Rashi on Gittin 61a:22:1"
                }, 
                {
                    "category": "Commentary", 
                    "sourceHeRef": "רש\"י על גיטין ס״א א:כ״ב:ב׳", 
                    "sourceRef": "Rashi on Gittin 61a:22:2", 
                    "ref": "Rashi on Gittin 61a:22:2"
                }
            ], 
            "text": ""
        }, 
        {
            "segmentNumber": "23", 
            "he": "<big><strong>גמ׳</strong></big> מאי שנא רישא ומ\"ש סיפא", 
            "links": [
                {
                    "category": "Commentary", 
                    "sourceHeRef": "רש\"י על גיטין ס״א א:כ״ג:א׳", 
                    "sourceRef": "Rashi on Gittin 61a:23:1", 
                    "ref": "Rashi on Gittin 61a:23:1"
                }, 
                {
                    "category": "Commentary", 
                    "sourceHeRef": "רש\"י על גיטין ס״א א:כ״ג:ב׳", 
                    "sourceRef": "Rashi on Gittin 61a:23:2", 
                    "ref": "Rashi on Gittin 61a:23:2"
                }
            ], 
            "text": ""
        }, 
        {
            "segmentNumber": "24", 
            "he": "אמר אביי", 
            "links": [], 
            "text": ""
        }, 
        {
            "segmentNumber": "25", 
            "he": "רוב עמי הארץ מעשרין הן", 
            "links": [
                {
                    "category": "Commentary", 
                    "sourceHeRef": "רש\"י על גיטין ס״א א:כ״ה:א׳", 
                    "sourceRef": "Rashi on Gittin 61a:25:1", 
                    "ref": "Rashi on Gittin 61a:25:1"
                }
            ], 
            "text": ""
        }, 
        {
            "segmentNumber": "26", 
            "he": "רבא אמר", 
            "links": [
                {
                    "category": "Commentary", 
                    "sourceHeRef": "רש\"י על גיטין ס״א א:כ״ו:א׳", 
                    "sourceRef": "Rashi on Gittin 61a:26:1", 
                    "ref": "Rashi on Gittin 61a:26:1"
                }, 
                {
                    "category": "Commentary", 
                    "sourceHeRef": "תוספות על גיטין ס״א א:כ״ו:א׳", 
                    "sourceRef": "Tosafot on Gittin 61a:26:1", 
                    "ref": "Tosafot on Gittin 61a:26:1"
                }
            ], 
            "text": ""
        }, 
        {
            "segmentNumber": "27", 
            "he": "הכא בעם הארץ דר\"מ וטומאה וטהרה דרבנן", 
            "links": [], 
            "text": ""
        }, 
        {
            "segmentNumber": "28", 
            "he": "דתניא", 
            "links": [], 
            "text": ""
        }, 
        {
            "segmentNumber": "29", 
            "he": "איזהו ע\"ה", 
            "links": [
                {
                    "category": "Commentary", 
                    "sourceHeRef": "תוספות על גיטין ס״א א:כ״ט:א׳", 
                    "sourceRef": "Tosafot on Gittin 61a:29:1", 
                    "ref": "Tosafot on Gittin 61a:29:1"
                }
            ], 
            "text": ""
        }, 
        {
            "segmentNumber": "30", 
            "he": "כל שאינו אוכל חוליו בטהרה דברי ר\"מ", 
            "links": [], 
            "text": ""
        }, 
        {
            "segmentNumber": "31", 
            "he": "וחכ\"א", 
            "links": [], 
            "text": ""
        }, 
        {
            "segmentNumber": "32", 
            "he": "כל שאינו מעשר פירותיו", 
            "links": [], 
            "text": ""
        }, 
        {
            "segmentNumber": "33", 
            "he": "והא מדקתני סיפא", 
            "links": [
                {
                    "category": "Commentary", 
                    "sourceHeRef": "רש\"י על גיטין ס״א א:ל״ג:א׳", 
                    "sourceRef": "Rashi on Gittin 61a:33:1", 
                    "ref": "Rashi on Gittin 61a:33:1"
                }
            ], 
            "text": ""
        }, 
        {
            "segmentNumber": "34", 
            "he": "משתטיל את המים לא תגע עמה מכלל דרישא לאו בטומאה וטהרה עסקינן", 
            "links": [
                {
                    "category": "Commentary", 
                    "sourceHeRef": "רש\"י על גיטין ס״א א:ל״ד:א׳", 
                    "sourceRef": "Rashi on Gittin 61a:34:1", 
                    "ref": "Rashi on Gittin 61a:34:1"
                }
            ], 
            "text": ""
        }, 
        {
            "segmentNumber": "35", 
            "he": "רישא וסיפא בטומאה וטהרה ורישא בטומאת חולין וסיפא בטומאת חלה", 
            "links": [
                {
                    "category": "Commentary", 
                    "sourceHeRef": "רש\"י על גיטין ס״א א:ל״ה:א׳", 
                    "sourceRef": "Rashi on Gittin 61a:35:1", 
                    "ref": "Rashi on Gittin 61a:35:1"
                }, 
                {
                    "category": "Commentary", 
                    "sourceHeRef": "רש\"י על גיטין ס״א א:ל״ה:ב׳", 
                    "sourceRef": "Rashi on Gittin 61a:35:2", 
                    "ref": "Rashi on Gittin 61a:35:2"
                }, 
                {
                    "category": "Commentary", 
                    "sourceHeRef": "תוספות על גיטין ס״א א:ל״ה:א׳", 
                    "sourceRef": "Tosafot on Gittin 61a:35:1", 
                    "ref": "Tosafot on Gittin 61a:35:1"
                }, 
                {
                    "category": "Commentary", 
                    "sourceHeRef": "רשב״א על גיטין ס״א א:ז׳", 
                    "sourceRef": "Rashba on Gittin 61a:7", 
                    "ref": "Rashba on Gittin 61a:7"
                }
            ], 
            "text": ""
        }, 
        {
            "segmentNumber": "36", 
            "he": "ורמינהו", 
            "links": [], 
            "text": ""
        }
    ], 
    "heRef": "גיטין ס״א א", 
    "toSections": [
        "61a"
    ], 
    "sectionRef": "Gittin 61a", 
    "title": "Gittin 61a", 
    "lengths": [
        178, 
        8860
    ], 
    "next": "Gittin 61b", 
    "heBook": "גיטין", 
    "book": "Gittin", 
    "prev": "Gittin 60b", 
    "textDepth": 2, 
    "sectionNames": [
        "Daf", 
        "Line"
    ], 
    "sections": [
        "61a"
    ], 
    "isComplex": false, 
    "titleVariants": [
        "Tractate Gittin", 
        "Talmud Gittin", 
        "Masekhet Gittin", 
        "Gittin"
    ], 
    "categories": [
        "Talmud", 
        "Bavli", 
        "Seder Nashim"
    ], 
    "ref": "Gittin 61a", 
    "type": "Talmud", 
    "addressTypes": [
        "Talmud", 
        "Integer"
    ], 
    "length": 178, 
    "indexTitle": "Gittin", 
    "heIndexTitle": "גיטין", 
    "alts": [], 
    "order": [
        18, 
        6
    ]
}