{
    "sections": {
        "Rashi on Arakhin 7a:55": {
            "content": [], 
            "heTitle": "רש\"י על ערכין ז׳ א:נ״ה", 
            "indexTitle": "Rashi on Arakhin", 
            "sectionRef": "Rashi on Arakhin 7a:55", 
            "prev": "Rashi on Arakhin 7a:54", 
            "ref": "Rashi on Arakhin 7a:55", 
            "heRef": "רש\"י על ערכין ז׳ א:נ״ה", 
            "next": "Rashi on Arakhin 7a:58"
        }, 
        "Rashi on Arakhin 7a:65": {
            "content": [
                {
                    "segmentNumber": "1", 
                    "links": [
                        {
                            "category": "Talmud", 
                            "index_title": "Arakhin", 
                            "sourceHeRef": "ערכין ז׳ א:ס״ה", 
                            "sourceRef": "Arakhin 7a:65"
                        }
                    ], 
                    "he": "ומקרעין את כריסה - דזימנין דמיקרי דהיא מייתא ברישא:"
                }
            ], 
            "heTitle": "רש\"י על ערכין ז׳ א:ס״ה", 
            "indexTitle": "Rashi on Arakhin", 
            "sectionRef": "Rashi on Arakhin 7a:65", 
            "prev": "Rashi on Arakhin 7a:63", 
            "ref": "Rashi on Arakhin 7a:65", 
            "heRef": "רש\"י על ערכין ז׳ א:ס״ה", 
            "next": "Rashi on Arakhin 7b:1"
        }, 
        "Rashi on Arakhin 7a:62": {
            "content": [], 
            "heTitle": "רש\"י על ערכין ז׳ א:ס״ב", 
            "indexTitle": "Rashi on Arakhin", 
            "sectionRef": "Rashi on Arakhin 7a:62", 
            "prev": "Rashi on Arakhin 7a:60", 
            "ref": "Rashi on Arakhin 7a:62", 
            "heRef": "רש\"י על ערכין ז׳ א:ס״ב", 
            "next": "Rashi on Arakhin 7a:63"
        }, 
        "Rashi on Arakhin 7a:45": {
            "content": [], 
            "heTitle": "רש\"י על ערכין ז׳ א:מ״ה", 
            "indexTitle": "Rashi on Arakhin", 
            "sectionRef": "Rashi on Arakhin 7a:45", 
            "prev": "Rashi on Arakhin 7a:40", 
            "ref": "Rashi on Arakhin 7a:45", 
            "heRef": "רש\"י על ערכין ז׳ א:מ״ה", 
            "next": "Rashi on Arakhin 7a:46"
        }, 
        "Rashi on Arakhin 7a:63": {
            "content": [
                {
                    "segmentNumber": "1", 
                    "links": [
                        {
                            "category": "Talmud", 
                            "index_title": "Arakhin", 
                            "sourceHeRef": "ערכין ז׳ א:ס״ג", 
                            "sourceRef": "Arakhin 7a:63"
                        }
                    ], 
                    "he": "זנב הלטאה - אם חותכין אותה מפרכסת החתיכה ואע\"פ שאין בה חיות:"
                }
            ], 
            "heTitle": "רש\"י על ערכין ז׳ א:ס״ג", 
            "indexTitle": "Rashi on Arakhin", 
            "sectionRef": "Rashi on Arakhin 7a:63", 
            "prev": "Rashi on Arakhin 7a:60", 
            "ref": "Rashi on Arakhin 7a:63", 
            "heRef": "רש\"י על ערכין ז׳ א:ס״ג", 
            "next": "Rashi on Arakhin 7a:65"
        }, 
        "Rashi on Arakhin 7a:54": {
            "content": [
                {
                    "segmentNumber": "1", 
                    "links": [
                        {
                            "category": "Talmud", 
                            "index_title": "Arakhin", 
                            "sourceHeRef": "ערכין ז׳ א:נ״ד", 
                            "sourceRef": "Arakhin 7a:54"
                        }
                    ], 
                    "he": "לידי ניוול - שאם יהא חיות בולד יצא לאחר מיתת אמו וניוול הוא:"
                }
            ], 
            "heTitle": "רש\"י על ערכין ז׳ א:נ״ד", 
            "indexTitle": "Rashi on Arakhin", 
            "sectionRef": "Rashi on Arakhin 7a:54", 
            "prev": "Rashi on Arakhin 7a:48", 
            "ref": "Rashi on Arakhin 7a:54", 
            "heRef": "רש\"י על ערכין ז׳ א:נ״ד", 
            "next": "Rashi on Arakhin 7a:58"
        }, 
        "Rashi on Arakhin 7a:60": {
            "content": [
                {
                    "segmentNumber": "1", 
                    "links": [
                        {
                            "category": "Talmud", 
                            "index_title": "Arakhin", 
                            "sourceHeRef": "ערכין ז׳ א:ס׳", 
                            "sourceRef": "Arakhin 7a:60"
                        }
                    ], 
                    "he": "אבל עובר - אם מתה מעוברת לא ירתי לה קרובי העובר דהוא מת ברישא:"
                }
            ], 
            "heTitle": "רש\"י על ערכין ז׳ א:ס׳", 
            "indexTitle": "Rashi on Arakhin", 
            "sectionRef": "Rashi on Arakhin 7a:60", 
            "prev": "Rashi on Arakhin 7a:59", 
            "ref": "Rashi on Arakhin 7a:60", 
            "heRef": "רש\"י על ערכין ז׳ א:ס׳", 
            "next": "Rashi on Arakhin 7a:63"
        }, 
        "Rashi on Arakhin 7a:61": {
            "content": [], 
            "heTitle": "רש\"י על ערכין ז׳ א:ס״א", 
            "indexTitle": "Rashi on Arakhin", 
            "sectionRef": "Rashi on Arakhin 7a:61", 
            "prev": "Rashi on Arakhin 7a:60", 
            "ref": "Rashi on Arakhin 7a:61", 
            "heRef": "רש\"י על ערכין ז׳ א:ס״א", 
            "next": "Rashi on Arakhin 7a:63"
        }, 
        "Rashi on Arakhin 7a:58": {
            "content": [
                {
                    "segmentNumber": "1", 
                    "links": [
                        {
                            "category": "Talmud", 
                            "index_title": "Arakhin", 
                            "sourceHeRef": "ערכין ז׳ א:נ״ח", 
                            "sourceRef": "Arakhin 7a:58"
                        }
                    ], 
                    "he": "ואמר רב ששת - האי נוחל ומנחיל ליכא לאוקומי בנכסי אביו דא\"נ לא אתיליד איהו הוו ירתי קרוביו נכסי אביו היכא דאין בנים:"
                }, 
                {
                    "segmentNumber": "2", 
                    "links": [
                        {
                            "category": "Talmud", 
                            "index_title": "Arakhin", 
                            "sourceHeRef": "ערכין ז׳ א:נ״ח", 
                            "sourceRef": "Arakhin 7a:58"
                        }
                    ], 
                    "he": "נוחל - אם נפלה לו ירושה בו ביום ובו ביום מת מנחילה לקרוביו מאביו:"
                }
            ], 
            "heTitle": "רש\"י על ערכין ז׳ א:נ״ח", 
            "indexTitle": "Rashi on Arakhin", 
            "sectionRef": "Rashi on Arakhin 7a:58", 
            "prev": "Rashi on Arakhin 7a:54", 
            "ref": "Rashi on Arakhin 7a:58", 
            "heRef": "רש\"י על ערכין ז׳ א:נ״ח", 
            "next": "Rashi on Arakhin 7a:59"
        }, 
        "Rashi on Arakhin 7a:64": {
            "content": [], 
            "heTitle": "רש\"י על ערכין ז׳ א:ס״ד", 
            "indexTitle": "Rashi on Arakhin", 
            "sectionRef": "Rashi on Arakhin 7a:64", 
            "prev": "Rashi on Arakhin 7a:63", 
            "ref": "Rashi on Arakhin 7a:64", 
            "heRef": "רש\"י על ערכין ז׳ א:ס״ד", 
            "next": "Rashi on Arakhin 7a:65"
        }, 
        "Rashi on Arakhin 7a:48": {
            "content": [
                {
                    "segmentNumber": "1", 
                    "links": [
                        {
                            "category": "Talmud", 
                            "index_title": "Arakhin", 
                            "sourceHeRef": "ערכין ז׳ א:מ״ח", 
                            "sourceRef": "Arakhin 7a:48"
                        }
                    ], 
                    "he": "שניהן שוין - הנואף והנואפת יהו בני עונשין אבל אם היתה היא קטנה והוא גדול או הוא קטן דלאו בר עונשין והיא גדולה ובת עונשין אין הגדול נהרג: ומשני אנו מגם ילפינן:"
                }
            ], 
            "heTitle": "רש\"י על ערכין ז׳ א:מ״ח", 
            "indexTitle": "Rashi on Arakhin", 
            "sectionRef": "Rashi on Arakhin 7a:48", 
            "prev": "Rashi on Arakhin 7a:46", 
            "ref": "Rashi on Arakhin 7a:48", 
            "heRef": "רש\"י על ערכין ז׳ א:מ״ח", 
            "next": "Rashi on Arakhin 7a:54"
        }, 
        "Rashi on Arakhin 7a:49": {
            "content": [], 
            "heTitle": "רש\"י על ערכין ז׳ א:מ״ט", 
            "indexTitle": "Rashi on Arakhin", 
            "sectionRef": "Rashi on Arakhin 7a:49", 
            "prev": "Rashi on Arakhin 7a:48", 
            "ref": "Rashi on Arakhin 7a:49", 
            "heRef": "רש\"י על ערכין ז׳ א:מ״ט", 
            "next": "Rashi on Arakhin 7a:54"
        }, 
        "Rashi on Arakhin 7a:66": {
            "content": [], 
            "heTitle": "רש\"י על ערכין ז׳ א:ס״ו", 
            "indexTitle": "Rashi on Arakhin", 
            "sectionRef": "Rashi on Arakhin 7a:66", 
            "prev": "Rashi on Arakhin 7a:65", 
            "ref": "Rashi on Arakhin 7a:66", 
            "heRef": "רש\"י על ערכין ז׳ א:ס״ו", 
            "next": "Rashi on Arakhin 7b:1"
        }, 
        "Rashi on Arakhin 7a:56": {
            "content": [], 
            "heTitle": "רש\"י על ערכין ז׳ א:נ״ו", 
            "indexTitle": "Rashi on Arakhin", 
            "sectionRef": "Rashi on Arakhin 7a:56", 
            "prev": "Rashi on Arakhin 7a:54", 
            "ref": "Rashi on Arakhin 7a:56", 
            "heRef": "רש\"י על ערכין ז׳ א:נ״ו", 
            "next": "Rashi on Arakhin 7a:58"
        }, 
        "Rashi on Arakhin 7a:40": {
            "content": [
                {
                    "segmentNumber": "1", 
                    "links": [
                        {
                            "category": "Talmud", 
                            "index_title": "Arakhin", 
                            "sourceHeRef": "ערכין ז׳ א:מ׳", 
                            "sourceRef": "Arakhin 7a:40"
                        }, 
                        {
                            "category": "Talmud", 
                            "index_title": "Pesachim", 
                            "sourceHeRef": "פסחים כ״ב ב", 
                            "sourceRef": "Pesachim 22b"
                        }
                    ], 
                    "he": "אסורה בהנאה - כדקי\"ל (פסחים דף כב:) ובעל השור נקי כאדם שאומר לחבירו יצא פלוני נקי מנכסיו ואין לו בהן הנאה של כלום:"
                }
            ], 
            "heTitle": "רש\"י על ערכין ז׳ א:מ׳", 
            "indexTitle": "Rashi on Arakhin", 
            "sectionRef": "Rashi on Arakhin 7a:40", 
            "prev": "Rashi on Arakhin 7a:39", 
            "ref": "Rashi on Arakhin 7a:40", 
            "heRef": "רש\"י על ערכין ז׳ א:מ׳", 
            "next": "Rashi on Arakhin 7a:46"
        }, 
        "Rashi on Arakhin 7a:41": {
            "content": [], 
            "heTitle": "רש\"י על ערכין ז׳ א:מ״א", 
            "indexTitle": "Rashi on Arakhin", 
            "sectionRef": "Rashi on Arakhin 7a:41", 
            "prev": "Rashi on Arakhin 7a:40", 
            "ref": "Rashi on Arakhin 7a:41", 
            "heRef": "רש\"י על ערכין ז׳ א:מ״א", 
            "next": "Rashi on Arakhin 7a:46"
        }, 
        "Rashi on Arakhin 7a:42": {
            "content": [], 
            "heTitle": "רש\"י על ערכין ז׳ א:מ״ב", 
            "indexTitle": "Rashi on Arakhin", 
            "sectionRef": "Rashi on Arakhin 7a:42", 
            "prev": "Rashi on Arakhin 7a:40", 
            "ref": "Rashi on Arakhin 7a:42", 
            "heRef": "רש\"י על ערכין ז׳ א:מ״ב", 
            "next": "Rashi on Arakhin 7a:46"
        }, 
        "Rashi on Arakhin 7a:43": {
            "content": [], 
            "heTitle": "רש\"י על ערכין ז׳ א:מ״ג", 
            "indexTitle": "Rashi on Arakhin", 
            "sectionRef": "Rashi on Arakhin 7a:43", 
            "prev": "Rashi on Arakhin 7a:40", 
            "ref": "Rashi on Arakhin 7a:43", 
            "heRef": "רש\"י על ערכין ז׳ א:מ״ג", 
            "next": "Rashi on Arakhin 7a:46"
        }, 
        "Rashi on Arakhin 7a:44": {
            "content": [], 
            "heTitle": "רש\"י על ערכין ז׳ א:מ״ד", 
            "indexTitle": "Rashi on Arakhin", 
            "sectionRef": "Rashi on Arakhin 7a:44", 
            "prev": "Rashi on Arakhin 7a:40", 
            "ref": "Rashi on Arakhin 7a:44", 
            "heRef": "רש\"י על ערכין ז׳ א:מ״ד", 
            "next": "Rashi on Arakhin 7a:46"
        }, 
        "Rashi on Arakhin 7a:33": {
            "content": [
                {
                    "segmentNumber": "1", 
                    "links": [
                        {
                            "category": "Talmud", 
                            "index_title": "Arakhin", 
                            "sourceHeRef": "ערכין ז׳ א:ל״ג", 
                            "sourceRef": "Arakhin 7a:33"
                        }
                    ], 
                    "he": "אין נזקקין לו - שיפריש קרבן ליקרב:"
                }
            ], 
            "heTitle": "רש\"י על ערכין ז׳ א:ל״ג", 
            "indexTitle": "Rashi on Arakhin", 
            "sectionRef": "Rashi on Arakhin 7a:33", 
            "prev": "Rashi on Arakhin 7a:30", 
            "ref": "Rashi on Arakhin 7a:33", 
            "heRef": "רש\"י על ערכין ז׳ א:ל״ג", 
            "next": "Rashi on Arakhin 7a:37"
        }, 
        "Rashi on Arakhin 7a:46": {
            "content": [
                {
                    "segmentNumber": "1", 
                    "links": [
                        {
                            "category": "Talmud", 
                            "index_title": "Arakhin", 
                            "sourceHeRef": "ערכין ז׳ א:מ״ו", 
                            "sourceRef": "Arakhin 7a:46"
                        }
                    ], 
                    "he": "גמ' לרבות את הולד - קס\"ד משניהם יליף מדה\"ל למיכתב ומתו ואנא ידענא דאין ומתו פחות משנים:"
                }, 
                {
                    "segmentNumber": "2", 
                    "links": [
                        {
                            "category": "Talmud", 
                            "index_title": "Arakhin", 
                            "sourceHeRef": "ערכין ז׳ א:מ״ו", 
                            "sourceRef": "Arakhin 7a:46"
                        }
                    ], 
                    "he": "שניהם - מיותר לדרשה:"
                }
            ], 
            "heTitle": "רש\"י על ערכין ז׳ א:מ״ו", 
            "indexTitle": "Rashi on Arakhin", 
            "sectionRef": "Rashi on Arakhin 7a:46", 
            "prev": "Rashi on Arakhin 7a:40", 
            "ref": "Rashi on Arakhin 7a:46", 
            "heRef": "רש\"י על ערכין ז׳ א:מ״ו", 
            "next": "Rashi on Arakhin 7a:48"
        }, 
        "Rashi on Arakhin 7a:47": {
            "content": [], 
            "heTitle": "רש\"י על ערכין ז׳ א:מ״ז", 
            "indexTitle": "Rashi on Arakhin", 
            "sectionRef": "Rashi on Arakhin 7a:47", 
            "prev": "Rashi on Arakhin 7a:46", 
            "ref": "Rashi on Arakhin 7a:47", 
            "heRef": "רש\"י על ערכין ז׳ א:מ״ז", 
            "next": "Rashi on Arakhin 7a:48"
        }, 
        "Rashi on Arakhin 7a:22": {
            "content": [], 
            "heTitle": "רש\"י על ערכין ז׳ א:כ״ב", 
            "indexTitle": "Rashi on Arakhin", 
            "sectionRef": "Rashi on Arakhin 7a:22", 
            "prev": "Rashi on Arakhin 7a:21", 
            "ref": "Rashi on Arakhin 7a:22", 
            "heRef": "רש\"י על ערכין ז׳ א:כ״ב", 
            "next": "Rashi on Arakhin 7a:23"
        }, 
        "Rashi on Arakhin 7a:23": {
            "content": [
                {
                    "segmentNumber": "1", 
                    "links": [
                        {
                            "category": "Talmud", 
                            "index_title": "Arakhin", 
                            "sourceHeRef": "ערכין ז׳ א:כ״ג", 
                            "sourceRef": "Arakhin 7a:23"
                        }
                    ], 
                    "he": "מזין עליו - זורקין בשבילו דם חטאתו ואשמו ולא הויא כחטאת שמתו בעליה כל זמן שלא נהרג:"
                }
            ], 
            "heTitle": "רש\"י על ערכין ז׳ א:כ״ג", 
            "indexTitle": "Rashi on Arakhin", 
            "sectionRef": "Rashi on Arakhin 7a:23", 
            "prev": "Rashi on Arakhin 7a:21", 
            "ref": "Rashi on Arakhin 7a:23", 
            "heRef": "רש\"י על ערכין ז׳ א:כ״ג", 
            "next": "Rashi on Arakhin 7a:27"
        }, 
        "Rashi on Arakhin 7a:20": {
            "content": [
                {
                    "segmentNumber": "1", 
                    "links": [
                        {
                            "category": "Talmud", 
                            "index_title": "Arakhin", 
                            "sourceHeRef": "ערכין ז׳ א:כ׳", 
                            "sourceRef": "Arakhin 7a:20"
                        }
                    ], 
                    "he": "והא תני חגא מת וקברו - השור בבור כגון שהפיל עמו חוליא ואפ\"ה חייבין יורשין:"
                }
            ], 
            "heTitle": "רש\"י על ערכין ז׳ א:כ׳", 
            "indexTitle": "Rashi on Arakhin", 
            "sectionRef": "Rashi on Arakhin 7a:20", 
            "prev": "Rashi on Arakhin 7a:15", 
            "ref": "Rashi on Arakhin 7a:20", 
            "heRef": "רש\"י על ערכין ז׳ א:כ׳", 
            "next": "Rashi on Arakhin 7a:21"
        }, 
        "Rashi on Arakhin 7a:21": {
            "content": [
                {
                    "segmentNumber": "1", 
                    "links": [
                        {
                            "category": "Talmud", 
                            "index_title": "Arakhin", 
                            "sourceHeRef": "ערכין ז׳ א:כ״א", 
                            "sourceRef": "Arakhin 7a:21"
                        }
                    ], 
                    "he": "והילכתא - הא דקתני יורשין חייבין כגון דייתבי דייני אפומא דבירא וחייבוהו מיד לשלם:"
                }
            ], 
            "heTitle": "רש\"י על ערכין ז׳ א:כ״א", 
            "indexTitle": "Rashi on Arakhin", 
            "sectionRef": "Rashi on Arakhin 7a:21", 
            "prev": "Rashi on Arakhin 7a:20", 
            "ref": "Rashi on Arakhin 7a:21", 
            "heRef": "רש\"י על ערכין ז׳ א:כ״א", 
            "next": "Rashi on Arakhin 7a:23"
        }, 
        "Rashi on Arakhin 7a:26": {
            "content": [], 
            "heTitle": "רש\"י על ערכין ז׳ א:כ״ו", 
            "indexTitle": "Rashi on Arakhin", 
            "sectionRef": "Rashi on Arakhin 7a:26", 
            "prev": "Rashi on Arakhin 7a:23", 
            "ref": "Rashi on Arakhin 7a:26", 
            "heRef": "רש\"י על ערכין ז׳ א:כ״ו", 
            "next": "Rashi on Arakhin 7a:27"
        }, 
        "Rashi on Arakhin 7a:27": {
            "content": [
                {
                    "segmentNumber": "1", 
                    "links": [
                        {
                            "category": "Talmud", 
                            "index_title": "Arakhin", 
                            "sourceHeRef": "ערכין ז׳ א:כ״ז", 
                            "sourceRef": "Arakhin 7a:27"
                        }
                    ], 
                    "he": "מפני שאין מענין את דינו - שימתינו מלהורגו עד שישחטו הזבח ויזרק הדם שעינוי הדין הוא:"
                }
            ], 
            "heTitle": "רש\"י על ערכין ז׳ א:כ״ז", 
            "indexTitle": "Rashi on Arakhin", 
            "sectionRef": "Rashi on Arakhin 7a:27", 
            "prev": "Rashi on Arakhin 7a:23", 
            "ref": "Rashi on Arakhin 7a:27", 
            "heRef": "רש\"י על ערכין ז׳ א:כ״ז", 
            "next": "Rashi on Arakhin 7a:29"
        }, 
        "Rashi on Arakhin 7a:24": {
            "content": [], 
            "heTitle": "רש\"י על ערכין ז׳ א:כ״ד", 
            "indexTitle": "Rashi on Arakhin", 
            "sectionRef": "Rashi on Arakhin 7a:24", 
            "prev": "Rashi on Arakhin 7a:23", 
            "ref": "Rashi on Arakhin 7a:24", 
            "heRef": "רש\"י על ערכין ז׳ א:כ״ד", 
            "next": "Rashi on Arakhin 7a:27"
        }, 
        "Rashi on Arakhin 7a:25": {
            "content": [], 
            "heTitle": "רש\"י על ערכין ז׳ א:כ״ה", 
            "indexTitle": "Rashi on Arakhin", 
            "sectionRef": "Rashi on Arakhin 7a:25", 
            "prev": "Rashi on Arakhin 7a:23", 
            "ref": "Rashi on Arakhin 7a:25", 
            "heRef": "רש\"י על ערכין ז׳ א:כ״ה", 
            "next": "Rashi on Arakhin 7a:27"
        }, 
        "Rashi on Arakhin 7a:53": {
            "content": [], 
            "heTitle": "רש\"י על ערכין ז׳ א:נ״ג", 
            "indexTitle": "Rashi on Arakhin", 
            "sectionRef": "Rashi on Arakhin 7a:53", 
            "prev": "Rashi on Arakhin 7a:48", 
            "ref": "Rashi on Arakhin 7a:53", 
            "heRef": "רש\"י על ערכין ז׳ א:נ״ג", 
            "next": "Rashi on Arakhin 7a:54"
        }, 
        "Rashi on Arakhin 7a:28": {
            "content": [], 
            "heTitle": "רש\"י על ערכין ז׳ א:כ״ח", 
            "indexTitle": "Rashi on Arakhin", 
            "sectionRef": "Rashi on Arakhin 7a:28", 
            "prev": "Rashi on Arakhin 7a:27", 
            "ref": "Rashi on Arakhin 7a:28", 
            "heRef": "רש\"י על ערכין ז׳ א:כ״ח", 
            "next": "Rashi on Arakhin 7a:29"
        }, 
        "Rashi on Arakhin 7a:29": {
            "content": [
                {
                    "segmentNumber": "1", 
                    "links": [
                        {
                            "category": "Talmud", 
                            "index_title": "Arakhin", 
                            "sourceHeRef": "ערכין ז׳ א:כ״ט", 
                            "sourceRef": "Arakhin 7a:29"
                        }
                    ], 
                    "he": "רישא נמי - דקתני כשחטא קודם לכן מזין עליו הרי ממתינים לו עד שישחט ויזרק:"
                }
            ], 
            "heTitle": "רש\"י על ערכין ז׳ א:כ״ט", 
            "indexTitle": "Rashi on Arakhin", 
            "sectionRef": "Rashi on Arakhin 7a:29", 
            "prev": "Rashi on Arakhin 7a:27", 
            "ref": "Rashi on Arakhin 7a:29", 
            "heRef": "רש\"י על ערכין ז׳ א:כ״ט", 
            "next": "Rashi on Arakhin 7a:30"
        }, 
        "Rashi on Arakhin 7a:52": {
            "content": [], 
            "heTitle": "רש\"י על ערכין ז׳ א:נ״ב", 
            "indexTitle": "Rashi on Arakhin", 
            "sectionRef": "Rashi on Arakhin 7a:52", 
            "prev": "Rashi on Arakhin 7a:48", 
            "ref": "Rashi on Arakhin 7a:52", 
            "heRef": "רש\"י על ערכין ז׳ א:נ״ב", 
            "next": "Rashi on Arakhin 7a:54"
        }, 
        "Rashi on Arakhin 7a:9": {
            "content": [], 
            "heTitle": "רש\"י על ערכין ז׳ א:ט׳", 
            "indexTitle": "Rashi on Arakhin", 
            "sectionRef": "Rashi on Arakhin 7a:9", 
            "prev": "Rashi on Arakhin 7a:2", 
            "ref": "Rashi on Arakhin 7a:9", 
            "heRef": "רש\"י על ערכין ז׳ א:ט׳", 
            "next": "Rashi on Arakhin 7a:12"
        }, 
        "Rashi on Arakhin 7a:8": {
            "content": [], 
            "heTitle": "רש\"י על ערכין ז׳ א:ח׳", 
            "indexTitle": "Rashi on Arakhin", 
            "sectionRef": "Rashi on Arakhin 7a:8", 
            "prev": "Rashi on Arakhin 7a:2", 
            "ref": "Rashi on Arakhin 7a:8", 
            "heRef": "רש\"י על ערכין ז׳ א:ח׳", 
            "next": "Rashi on Arakhin 7a:12"
        }, 
        "Rashi on Arakhin 7a:51": {
            "content": [], 
            "heTitle": "רש\"י על ערכין ז׳ א:נ״א", 
            "indexTitle": "Rashi on Arakhin", 
            "sectionRef": "Rashi on Arakhin 7a:51", 
            "prev": "Rashi on Arakhin 7a:48", 
            "ref": "Rashi on Arakhin 7a:51", 
            "heRef": "רש\"י על ערכין ז׳ א:נ״א", 
            "next": "Rashi on Arakhin 7a:54"
        }, 
        "Rashi on Arakhin 7a:3": {
            "content": [], 
            "heTitle": "רש\"י על ערכין ז׳ א:ג׳", 
            "indexTitle": "Rashi on Arakhin", 
            "sectionRef": "Rashi on Arakhin 7a:3", 
            "prev": "Rashi on Arakhin 7a:2", 
            "ref": "Rashi on Arakhin 7a:3", 
            "heRef": "רש\"י על ערכין ז׳ א:ג׳", 
            "next": "Rashi on Arakhin 7a:12"
        }, 
        "Rashi on Arakhin 7a:2": {
            "content": [
                {
                    "segmentNumber": "1", 
                    "links": [
                        {
                            "category": "Talmud", 
                            "index_title": "Arakhin", 
                            "sourceHeRef": "ערכין ז׳ א:ב׳", 
                            "sourceRef": "Arakhin 7a:2"
                        }
                    ], 
                    "he": "לחזרת עמידת ב\"ד - שאין אתה יכול להחזירו לב\"ד ולעמוד בדין על מה שחבל שאין מענין את דינו:"
                }
            ], 
            "heTitle": "רש\"י על ערכין ז׳ א:ב׳", 
            "indexTitle": "Rashi on Arakhin", 
            "sectionRef": "Rashi on Arakhin 7a:2", 
            "prev": "Rashi on Arakhin 7a:1", 
            "ref": "Rashi on Arakhin 7a:2", 
            "heRef": "רש\"י על ערכין ז׳ א:ב׳", 
            "next": "Rashi on Arakhin 7a:12"
        }, 
        "Rashi on Arakhin 7a:1": {
            "content": [
                {
                    "segmentNumber": "1", 
                    "links": [
                        {
                            "category": "Talmud", 
                            "index_title": "Arakhin", 
                            "sourceHeRef": "ערכין ז׳ א:א׳", 
                            "sourceRef": "Arakhin 7a:1"
                        }
                    ], 
                    "he": "מכלל דת\"ק סבר כו' - בתמיה:"
                }
            ], 
            "heTitle": "רש\"י על ערכין ז׳ א:א׳", 
            "indexTitle": "Rashi on Arakhin", 
            "sectionRef": "Rashi on Arakhin 7a:1", 
            "prev": "Rashi on Arakhin 6b:62", 
            "ref": "Rashi on Arakhin 7a:1", 
            "heRef": "רש\"י על ערכין ז׳ א:א׳", 
            "next": "Rashi on Arakhin 7a:2"
        }, 
        "Rashi on Arakhin 7a:50": {
            "content": [], 
            "heTitle": "רש\"י על ערכין ז׳ א:נ׳", 
            "indexTitle": "Rashi on Arakhin", 
            "sectionRef": "Rashi on Arakhin 7a:50", 
            "prev": "Rashi on Arakhin 7a:48", 
            "ref": "Rashi on Arakhin 7a:50", 
            "heRef": "רש\"י על ערכין ז׳ א:נ׳", 
            "next": "Rashi on Arakhin 7a:54"
        }, 
        "Rashi on Arakhin 7a:7": {
            "content": [], 
            "heTitle": "רש\"י על ערכין ז׳ א:ז׳", 
            "indexTitle": "Rashi on Arakhin", 
            "sectionRef": "Rashi on Arakhin 7a:7", 
            "prev": "Rashi on Arakhin 7a:2", 
            "ref": "Rashi on Arakhin 7a:7", 
            "heRef": "רש\"י על ערכין ז׳ א:ז׳", 
            "next": "Rashi on Arakhin 7a:12"
        }, 
        "Rashi on Arakhin 7a:6": {
            "content": [], 
            "heTitle": "רש\"י על ערכין ז׳ א:ו׳", 
            "indexTitle": "Rashi on Arakhin", 
            "sectionRef": "Rashi on Arakhin 7a:6", 
            "prev": "Rashi on Arakhin 7a:2", 
            "ref": "Rashi on Arakhin 7a:6", 
            "heRef": "רש\"י על ערכין ז׳ א:ו׳", 
            "next": "Rashi on Arakhin 7a:12"
        }, 
        "Rashi on Arakhin 7a:5": {
            "content": [], 
            "heTitle": "רש\"י על ערכין ז׳ א:ה׳", 
            "indexTitle": "Rashi on Arakhin", 
            "sectionRef": "Rashi on Arakhin 7a:5", 
            "prev": "Rashi on Arakhin 7a:2", 
            "ref": "Rashi on Arakhin 7a:5", 
            "heRef": "רש\"י על ערכין ז׳ א:ה׳", 
            "next": "Rashi on Arakhin 7a:12"
        }, 
        "Rashi on Arakhin 7a:4": {
            "content": [], 
            "heTitle": "רש\"י על ערכין ז׳ א:ד׳", 
            "indexTitle": "Rashi on Arakhin", 
            "sectionRef": "Rashi on Arakhin 7a:4", 
            "prev": "Rashi on Arakhin 7a:2", 
            "ref": "Rashi on Arakhin 7a:4", 
            "heRef": "רש\"י על ערכין ז׳ א:ד׳", 
            "next": "Rashi on Arakhin 7a:12"
        }, 
        "Rashi on Arakhin 7a:39": {
            "content": [
                {
                    "segmentNumber": "1", 
                    "links": [
                        {
                            "category": "Talmud", 
                            "index_title": "Arakhin", 
                            "sourceHeRef": "ערכין ז׳ א:ל״ט", 
                            "sourceRef": "Arakhin 7a:39"
                        }
                    ], 
                    "he": "נהנין בשערה - ובגמ' מפרש טעמא:"
                }
            ], 
            "heTitle": "רש\"י על ערכין ז׳ א:ל״ט", 
            "indexTitle": "Rashi on Arakhin", 
            "sectionRef": "Rashi on Arakhin 7a:39", 
            "prev": "Rashi on Arakhin 7a:38", 
            "ref": "Rashi on Arakhin 7a:39", 
            "heRef": "רש\"י על ערכין ז׳ א:ל״ט", 
            "next": "Rashi on Arakhin 7a:40"
        }, 
        "Rashi on Arakhin 7a:57": {
            "content": [], 
            "heTitle": "רש\"י על ערכין ז׳ א:נ״ז", 
            "indexTitle": "Rashi on Arakhin", 
            "sectionRef": "Rashi on Arakhin 7a:57", 
            "prev": "Rashi on Arakhin 7a:54", 
            "ref": "Rashi on Arakhin 7a:57", 
            "heRef": "רש\"י על ערכין ז׳ א:נ״ז", 
            "next": "Rashi on Arakhin 7a:58"
        }, 
        "Rashi on Arakhin 7a:38": {
            "content": [
                {
                    "segmentNumber": "1", 
                    "links": [
                        {
                            "category": "Talmud", 
                            "index_title": "Arakhin", 
                            "sourceHeRef": "ערכין ז׳ א:ל״ח", 
                            "sourceRef": "Arakhin 7a:38"
                        }
                    ], 
                    "he": "ומשני ה\"מ - דהוא מיית ברישא לגבי מיתה כשהיא מתה מיתת עצמה: ופרכינן וגבי מיתה מי מיית הוא ברישא והא הוה עובדא ופרכיס לאחר מיתת אמו:"
                }, 
                {
                    "segmentNumber": "2", 
                    "links": [
                        {
                            "category": "Talmud", 
                            "index_title": "Arakhin", 
                            "sourceHeRef": "ערכין ז׳ א:ל״ח", 
                            "sourceRef": "Arakhin 7a:38"
                        }
                    ], 
                    "he": "ישבה על המשבר - קודם שנגמר דינה:"
                }, 
                {
                    "segmentNumber": "3", 
                    "links": [
                        {
                            "category": "Talmud", 
                            "index_title": "Arakhin", 
                            "sourceHeRef": "ערכין ז׳ א:ל״ח", 
                            "sourceRef": "Arakhin 7a:38"
                        }
                    ], 
                    "he": "ממתינין לה עד שתלד - דכיון דעקר ונע ממקומו גופא אחרינא הוא:"
                }
            ], 
            "heTitle": "רש\"י על ערכין ז׳ א:ל״ח", 
            "indexTitle": "Rashi on Arakhin", 
            "sectionRef": "Rashi on Arakhin 7a:38", 
            "prev": "Rashi on Arakhin 7a:37", 
            "ref": "Rashi on Arakhin 7a:38", 
            "heRef": "רש\"י על ערכין ז׳ א:ל״ח", 
            "next": "Rashi on Arakhin 7a:39"
        }, 
        "Rashi on Arakhin 7a:59": {
            "content": [
                {
                    "segmentNumber": "1", 
                    "links": [
                        {
                            "category": "Talmud", 
                            "index_title": "Arakhin", 
                            "sourceHeRef": "ערכין ז׳ א:נ״ט", 
                            "sourceRef": "Arakhin 7a:59"
                        }
                    ], 
                    "he": "אלא נוחל בנכסי אמו - אם מתה בו ביום ואפי' הוא מת בו ביום נוחל נכסי אמו ומנחילן מכחו לאחיו מאביו שאינן בני אמו דאי לאו הוא הוו ירתי לה קרוביה ולא אמרי' נפל הוא ואינו בן נחלה:"
                }
            ], 
            "heTitle": "רש\"י על ערכין ז׳ א:נ״ט", 
            "indexTitle": "Rashi on Arakhin", 
            "sectionRef": "Rashi on Arakhin 7a:59", 
            "prev": "Rashi on Arakhin 7a:58", 
            "ref": "Rashi on Arakhin 7a:59", 
            "heRef": "רש\"י על ערכין ז׳ א:נ״ט", 
            "next": "Rashi on Arakhin 7a:60"
        }, 
        "Rashi on Arakhin 7a:32": {
            "content": [], 
            "heTitle": "רש\"י על ערכין ז׳ א:ל״ב", 
            "indexTitle": "Rashi on Arakhin", 
            "sectionRef": "Rashi on Arakhin 7a:32", 
            "prev": "Rashi on Arakhin 7a:30", 
            "ref": "Rashi on Arakhin 7a:32", 
            "heRef": "רש\"י על ערכין ז׳ א:ל״ב", 
            "next": "Rashi on Arakhin 7a:33"
        }, 
        "Rashi on Arakhin 7a:31": {
            "content": [], 
            "heTitle": "רש\"י על ערכין ז׳ א:ל״א", 
            "indexTitle": "Rashi on Arakhin", 
            "sectionRef": "Rashi on Arakhin 7a:31", 
            "prev": "Rashi on Arakhin 7a:30", 
            "ref": "Rashi on Arakhin 7a:31", 
            "heRef": "רש\"י על ערכין ז׳ א:ל״א", 
            "next": "Rashi on Arakhin 7a:33"
        }, 
        "Rashi on Arakhin 7a:30": {
            "content": [
                {
                    "segmentNumber": "1", 
                    "links": [
                        {
                            "category": "Talmud", 
                            "index_title": "Arakhin", 
                            "sourceHeRef": "ערכין ז׳ א:ל׳", 
                            "sourceRef": "Arakhin 7a:30"
                        }
                    ], 
                    "he": "חטא בשוגג באותה שעה - שיצא ליהרג כגון שראה חלב וכסבור שומן הוא ואכלו:"
                }
            ], 
            "heTitle": "רש\"י על ערכין ז׳ א:ל׳", 
            "indexTitle": "Rashi on Arakhin", 
            "sectionRef": "Rashi on Arakhin 7a:30", 
            "prev": "Rashi on Arakhin 7a:29", 
            "ref": "Rashi on Arakhin 7a:30", 
            "heRef": "רש\"י על ערכין ז׳ א:ל׳", 
            "next": "Rashi on Arakhin 7a:33"
        }, 
        "Rashi on Arakhin 7a:19": {
            "content": [], 
            "heTitle": "רש\"י על ערכין ז׳ א:י״ט", 
            "indexTitle": "Rashi on Arakhin", 
            "sectionRef": "Rashi on Arakhin 7a:19", 
            "prev": "Rashi on Arakhin 7a:15", 
            "ref": "Rashi on Arakhin 7a:19", 
            "heRef": "רש\"י על ערכין ז׳ א:י״ט", 
            "next": "Rashi on Arakhin 7a:20"
        }, 
        "Rashi on Arakhin 7a:18": {
            "content": [], 
            "heTitle": "רש\"י על ערכין ז׳ א:י״ח", 
            "indexTitle": "Rashi on Arakhin", 
            "sectionRef": "Rashi on Arakhin 7a:18", 
            "prev": "Rashi on Arakhin 7a:15", 
            "ref": "Rashi on Arakhin 7a:18", 
            "heRef": "רש\"י על ערכין ז׳ א:י״ח", 
            "next": "Rashi on Arakhin 7a:20"
        }, 
        "Rashi on Arakhin 7a:35": {
            "content": [], 
            "heTitle": "רש\"י על ערכין ז׳ א:ל״ה", 
            "indexTitle": "Rashi on Arakhin", 
            "sectionRef": "Rashi on Arakhin 7a:35", 
            "prev": "Rashi on Arakhin 7a:33", 
            "ref": "Rashi on Arakhin 7a:35", 
            "heRef": "רש\"י על ערכין ז׳ א:ל״ה", 
            "next": "Rashi on Arakhin 7a:37"
        }, 
        "Rashi on Arakhin 7a:34": {
            "content": [], 
            "heTitle": "רש\"י על ערכין ז׳ א:ל״ד", 
            "indexTitle": "Rashi on Arakhin", 
            "sectionRef": "Rashi on Arakhin 7a:34", 
            "prev": "Rashi on Arakhin 7a:33", 
            "ref": "Rashi on Arakhin 7a:34", 
            "heRef": "רש\"י על ערכין ז׳ א:ל״ד", 
            "next": "Rashi on Arakhin 7a:37"
        }, 
        "Rashi on Arakhin 7a:37": {
            "content": [
                {
                    "segmentNumber": "1", 
                    "links": [
                        {
                            "category": "Talmud", 
                            "index_title": "Arakhin", 
                            "sourceHeRef": "ערכין ז׳ א:ל״ז", 
                            "sourceRef": "Arakhin 7a:37"
                        }
                    ], 
                    "he": "מתני' אין ממתינין לה עד שתלד - אלא הורגין ולדה עמה דחד גופא הוא:"
                }
            ], 
            "heTitle": "רש\"י על ערכין ז׳ א:ל״ז", 
            "indexTitle": "Rashi on Arakhin", 
            "sectionRef": "Rashi on Arakhin 7a:37", 
            "prev": "Rashi on Arakhin 7a:33", 
            "ref": "Rashi on Arakhin 7a:37", 
            "heRef": "רש\"י על ערכין ז׳ א:ל״ז", 
            "next": "Rashi on Arakhin 7a:38"
        }, 
        "Rashi on Arakhin 7a:36": {
            "content": [], 
            "heTitle": "רש\"י על ערכין ז׳ א:ל״ו", 
            "indexTitle": "Rashi on Arakhin", 
            "sectionRef": "Rashi on Arakhin 7a:36", 
            "prev": "Rashi on Arakhin 7a:33", 
            "ref": "Rashi on Arakhin 7a:36", 
            "heRef": "רש\"י על ערכין ז׳ א:ל״ו", 
            "next": "Rashi on Arakhin 7a:37"
        }, 
        "Rashi on Arakhin 7a:13": {
            "content": [
                {
                    "segmentNumber": "1", 
                    "links": [
                        {
                            "category": "Talmud", 
                            "index_title": "Arakhin", 
                            "sourceHeRef": "ערכין ז׳ א:י״ג", 
                            "sourceRef": "Arakhin 7a:13"
                        }
                    ], 
                    "he": "חייבין לשלם - אלמא מלוה הכתובה בתורה ככתובה בשטר דמיא וקשיא למאן דאוקי פלוגתייהו דרבי יוסי ות\"ק דמתני' באם הזיק דא\"כ קשיא סתמא אסתמא ואיכא דמותיב הך תיובתא לר\"ש בן אלעזר אבל פליאה בעיני היאך יכול להקשות הא ר\"ש תנא הוא ופליג:"
                }
            ], 
            "heTitle": "רש\"י על ערכין ז׳ א:י״ג", 
            "indexTitle": "Rashi on Arakhin", 
            "sectionRef": "Rashi on Arakhin 7a:13", 
            "prev": "Rashi on Arakhin 7a:12", 
            "ref": "Rashi on Arakhin 7a:13", 
            "heRef": "רש\"י על ערכין ז׳ א:י״ג", 
            "next": "Rashi on Arakhin 7a:15"
        }, 
        "Rashi on Arakhin 7a:12": {
            "content": [
                {
                    "segmentNumber": "1", 
                    "links": [
                        {
                            "category": "Talmud", 
                            "index_title": "Arakhin", 
                            "sourceHeRef": "ערכין ז׳ א:י״ב", 
                            "sourceRef": "Arakhin 7a:12"
                        }
                    ], 
                    "he": "והרגו - השור הרג את החופר:"
                }, 
                {
                    "segmentNumber": "2", 
                    "links": [
                        {
                            "category": "Talmud", 
                            "index_title": "Arakhin", 
                            "sourceHeRef": "ערכין ז׳ א:י״ב", 
                            "sourceRef": "Arakhin 7a:12"
                        }
                    ], 
                    "he": "פטור - בעל השור:"
                }
            ], 
            "heTitle": "רש\"י על ערכין ז׳ א:י״ב", 
            "indexTitle": "Rashi on Arakhin", 
            "sectionRef": "Rashi on Arakhin 7a:12", 
            "prev": "Rashi on Arakhin 7a:2", 
            "ref": "Rashi on Arakhin 7a:12", 
            "heRef": "רש\"י על ערכין ז׳ א:י״ב", 
            "next": "Rashi on Arakhin 7a:13"
        }, 
        "Rashi on Arakhin 7a:11": {
            "content": [], 
            "heTitle": "רש\"י על ערכין ז׳ א:י״א", 
            "indexTitle": "Rashi on Arakhin", 
            "sectionRef": "Rashi on Arakhin 7a:11", 
            "prev": "Rashi on Arakhin 7a:2", 
            "ref": "Rashi on Arakhin 7a:11", 
            "heRef": "רש\"י על ערכין ז׳ א:י״א", 
            "next": "Rashi on Arakhin 7a:12"
        }, 
        "Rashi on Arakhin 7a:10": {
            "content": [], 
            "heTitle": "רש\"י על ערכין ז׳ א:י׳", 
            "indexTitle": "Rashi on Arakhin", 
            "sectionRef": "Rashi on Arakhin 7a:10", 
            "prev": "Rashi on Arakhin 7a:2", 
            "ref": "Rashi on Arakhin 7a:10", 
            "heRef": "רש\"י על ערכין ז׳ א:י׳", 
            "next": "Rashi on Arakhin 7a:12"
        }, 
        "Rashi on Arakhin 7a:17": {
            "content": [], 
            "heTitle": "רש\"י על ערכין ז׳ א:י״ז", 
            "indexTitle": "Rashi on Arakhin", 
            "sectionRef": "Rashi on Arakhin 7a:17", 
            "prev": "Rashi on Arakhin 7a:15", 
            "ref": "Rashi on Arakhin 7a:17", 
            "heRef": "רש\"י על ערכין ז׳ א:י״ז", 
            "next": "Rashi on Arakhin 7a:20"
        }, 
        "Rashi on Arakhin 7a:16": {
            "content": [], 
            "heTitle": "רש\"י על ערכין ז׳ א:ט״ז", 
            "indexTitle": "Rashi on Arakhin", 
            "sectionRef": "Rashi on Arakhin 7a:16", 
            "prev": "Rashi on Arakhin 7a:15", 
            "ref": "Rashi on Arakhin 7a:16", 
            "heRef": "רש\"י על ערכין ז׳ א:ט״ז", 
            "next": "Rashi on Arakhin 7a:20"
        }, 
        "Rashi on Arakhin 7a:15": {
            "content": [
                {
                    "segmentNumber": "1", 
                    "links": [
                        {
                            "category": "Talmud", 
                            "index_title": "Arakhin", 
                            "sourceHeRef": "ערכין ז׳ א:ט״ו", 
                            "sourceRef": "Arakhin 7a:15"
                        }
                    ], 
                    "he": "בשעמד בדין - קודם שמת וחייבוהו לשלם לפיכך גובה מן היורשין דכיון דדינו חרוץ לשלם ה\"ל כמלוה בשטר:"
                }
            ], 
            "heTitle": "רש\"י על ערכין ז׳ א:ט״ו", 
            "indexTitle": "Rashi on Arakhin", 
            "sectionRef": "Rashi on Arakhin 7a:15", 
            "prev": "Rashi on Arakhin 7a:13", 
            "ref": "Rashi on Arakhin 7a:15", 
            "heRef": "רש\"י על ערכין ז׳ א:ט״ו", 
            "next": "Rashi on Arakhin 7a:20"
        }, 
        "Rashi on Arakhin 7a:14": {
            "content": [], 
            "heTitle": "רש\"י על ערכין ז׳ א:י״ד", 
            "indexTitle": "Rashi on Arakhin", 
            "sectionRef": "Rashi on Arakhin 7a:14", 
            "prev": "Rashi on Arakhin 7a:13", 
            "ref": "Rashi on Arakhin 7a:14", 
            "heRef": "רש\"י על ערכין ז׳ א:י״ד", 
            "next": "Rashi on Arakhin 7a:15"
        }
    }, 
    "ref": "Rashi on Arakhin 7a"
}