{
    "sections": {
        "Rashi on Arakhin 13b:38": {
            "content": [
                {
                    "segmentNumber": "1", 
                    "links": [
                        {
                            "category": "Talmud", 
                            "index_title": "Arakhin", 
                            "sourceHeRef": "ערכין י״ג ב:ל״ח", 
                            "sourceRef": "Arakhin 13b:38"
                        }
                    ], 
                    "he": "מתני' להקל - נאה שבישראל. שוה מאה מנה אין נותן אלא נ' סלע:"
                }
            ], 
            "heTitle": "רש\"י על ערכין י״ג ב:ל״ח", 
            "indexTitle": "Rashi on Arakhin", 
            "sectionRef": "Rashi on Arakhin 13b:38", 
            "prev": "Rashi on Arakhin 13b:26", 
            "ref": "Rashi on Arakhin 13b:38", 
            "heRef": "רש\"י על ערכין י״ג ב:ל״ח", 
            "next": "Rashi on Arakhin 13b:47"
        }, 
        "Rashi on Arakhin 13b:39": {
            "content": [], 
            "heTitle": "רש\"י על ערכין י״ג ב:ל״ט", 
            "indexTitle": "Rashi on Arakhin", 
            "sectionRef": "Rashi on Arakhin 13b:39", 
            "prev": "Rashi on Arakhin 13b:38", 
            "ref": "Rashi on Arakhin 13b:39", 
            "heRef": "רש\"י על ערכין י״ג ב:ל״ט", 
            "next": "Rashi on Arakhin 13b:47"
        }, 
        "Rashi on Arakhin 13b:14": {
            "content": [], 
            "heTitle": "רש\"י על ערכין י״ג ב:י״ד", 
            "indexTitle": "Rashi on Arakhin", 
            "sectionRef": "Rashi on Arakhin 13b:14", 
            "prev": "Rashi on Arakhin 13b:8", 
            "ref": "Rashi on Arakhin 13b:14", 
            "heRef": "רש\"י על ערכין י״ג ב:י״ד", 
            "next": "Rashi on Arakhin 13b:19"
        }, 
        "Rashi on Arakhin 13b:15": {
            "content": [], 
            "heTitle": "רש\"י על ערכין י״ג ב:ט״ו", 
            "indexTitle": "Rashi on Arakhin", 
            "sectionRef": "Rashi on Arakhin 13b:15", 
            "prev": "Rashi on Arakhin 13b:8", 
            "ref": "Rashi on Arakhin 13b:15", 
            "heRef": "רש\"י על ערכין י״ג ב:ט״ו", 
            "next": "Rashi on Arakhin 13b:19"
        }, 
        "Rashi on Arakhin 13b:16": {
            "content": [], 
            "heTitle": "רש\"י על ערכין י״ג ב:ט״ז", 
            "indexTitle": "Rashi on Arakhin", 
            "sectionRef": "Rashi on Arakhin 13b:16", 
            "prev": "Rashi on Arakhin 13b:8", 
            "ref": "Rashi on Arakhin 13b:16", 
            "heRef": "רש\"י על ערכין י״ג ב:ט״ז", 
            "next": "Rashi on Arakhin 13b:19"
        }, 
        "Rashi on Arakhin 13b:17": {
            "content": [], 
            "heTitle": "רש\"י על ערכין י״ג ב:י״ז", 
            "indexTitle": "Rashi on Arakhin", 
            "sectionRef": "Rashi on Arakhin 13b:17", 
            "prev": "Rashi on Arakhin 13b:8", 
            "ref": "Rashi on Arakhin 13b:17", 
            "heRef": "רש\"י על ערכין י״ג ב:י״ז", 
            "next": "Rashi on Arakhin 13b:19"
        }, 
        "Rashi on Arakhin 13b:10": {
            "content": [], 
            "heTitle": "רש\"י על ערכין י״ג ב:י׳", 
            "indexTitle": "Rashi on Arakhin", 
            "sectionRef": "Rashi on Arakhin 13b:10", 
            "prev": "Rashi on Arakhin 13b:8", 
            "ref": "Rashi on Arakhin 13b:10", 
            "heRef": "רש\"י על ערכין י״ג ב:י׳", 
            "next": "Rashi on Arakhin 13b:19"
        }, 
        "Rashi on Arakhin 13b:11": {
            "content": [], 
            "heTitle": "רש\"י על ערכין י״ג ב:י״א", 
            "indexTitle": "Rashi on Arakhin", 
            "sectionRef": "Rashi on Arakhin 13b:11", 
            "prev": "Rashi on Arakhin 13b:8", 
            "ref": "Rashi on Arakhin 13b:11", 
            "heRef": "רש\"י על ערכין י״ג ב:י״א", 
            "next": "Rashi on Arakhin 13b:19"
        }, 
        "Rashi on Arakhin 13b:12": {
            "content": [], 
            "heTitle": "רש\"י על ערכין י״ג ב:י״ב", 
            "indexTitle": "Rashi on Arakhin", 
            "sectionRef": "Rashi on Arakhin 13b:12", 
            "prev": "Rashi on Arakhin 13b:8", 
            "ref": "Rashi on Arakhin 13b:12", 
            "heRef": "רש\"י על ערכין י״ג ב:י״ב", 
            "next": "Rashi on Arakhin 13b:19"
        }, 
        "Rashi on Arakhin 13b:13": {
            "content": [], 
            "heTitle": "רש\"י על ערכין י״ג ב:י״ג", 
            "indexTitle": "Rashi on Arakhin", 
            "sectionRef": "Rashi on Arakhin 13b:13", 
            "prev": "Rashi on Arakhin 13b:8", 
            "ref": "Rashi on Arakhin 13b:13", 
            "heRef": "רש\"י על ערכין י״ג ב:י״ג", 
            "next": "Rashi on Arakhin 13b:19"
        }, 
        "Rashi on Arakhin 13b:36": {
            "content": [], 
            "heTitle": "רש\"י על ערכין י״ג ב:ל״ו", 
            "indexTitle": "Rashi on Arakhin", 
            "sectionRef": "Rashi on Arakhin 13b:36", 
            "prev": "Rashi on Arakhin 13b:26", 
            "ref": "Rashi on Arakhin 13b:36", 
            "heRef": "רש\"י על ערכין י״ג ב:ל״ו", 
            "next": "Rashi on Arakhin 13b:38"
        }, 
        "Rashi on Arakhin 13b:37": {
            "content": [], 
            "heTitle": "רש\"י על ערכין י״ג ב:ל״ז", 
            "indexTitle": "Rashi on Arakhin", 
            "sectionRef": "Rashi on Arakhin 13b:37", 
            "prev": "Rashi on Arakhin 13b:26", 
            "ref": "Rashi on Arakhin 13b:37", 
            "heRef": "רש\"י על ערכין י״ג ב:ל״ז", 
            "next": "Rashi on Arakhin 13b:38"
        }, 
        "Rashi on Arakhin 13b:34": {
            "content": [], 
            "heTitle": "רש\"י על ערכין י״ג ב:ל״ד", 
            "indexTitle": "Rashi on Arakhin", 
            "sectionRef": "Rashi on Arakhin 13b:34", 
            "prev": "Rashi on Arakhin 13b:26", 
            "ref": "Rashi on Arakhin 13b:34", 
            "heRef": "רש\"י על ערכין י״ג ב:ל״ד", 
            "next": "Rashi on Arakhin 13b:38"
        }, 
        "Rashi on Arakhin 13b:35": {
            "content": [], 
            "heTitle": "רש\"י על ערכין י״ג ב:ל״ה", 
            "indexTitle": "Rashi on Arakhin", 
            "sectionRef": "Rashi on Arakhin 13b:35", 
            "prev": "Rashi on Arakhin 13b:26", 
            "ref": "Rashi on Arakhin 13b:35", 
            "heRef": "רש\"י על ערכין י״ג ב:ל״ה", 
            "next": "Rashi on Arakhin 13b:38"
        }, 
        "Rashi on Arakhin 13b:18": {
            "content": [], 
            "heTitle": "רש\"י על ערכין י״ג ב:י״ח", 
            "indexTitle": "Rashi on Arakhin", 
            "sectionRef": "Rashi on Arakhin 13b:18", 
            "prev": "Rashi on Arakhin 13b:8", 
            "ref": "Rashi on Arakhin 13b:18", 
            "heRef": "רש\"י על ערכין י״ג ב:י״ח", 
            "next": "Rashi on Arakhin 13b:19"
        }, 
        "Rashi on Arakhin 13b:19": {
            "content": [
                {
                    "segmentNumber": "1", 
                    "links": [
                        {
                            "category": "Talmud", 
                            "index_title": "Arakhin", 
                            "sourceHeRef": "ערכין י״ג ב:י״ט", 
                            "sourceRef": "Arakhin 13b:19"
                        }
                    ], 
                    "he": "ואסף - שם הלוי:"
                }
            ], 
            "heTitle": "רש\"י על ערכין י״ג ב:י״ט", 
            "indexTitle": "Rashi on Arakhin", 
            "sectionRef": "Rashi on Arakhin 13b:19", 
            "prev": "Rashi on Arakhin 13b:8", 
            "ref": "Rashi on Arakhin 13b:19", 
            "heRef": "רש\"י על ערכין י״ג ב:י״ט", 
            "next": "Rashi on Arakhin 13b:21"
        }, 
        "Rashi on Arakhin 13b:30": {
            "content": [], 
            "heTitle": "רש\"י על ערכין י״ג ב:ל׳", 
            "indexTitle": "Rashi on Arakhin", 
            "sectionRef": "Rashi on Arakhin 13b:30", 
            "prev": "Rashi on Arakhin 13b:26", 
            "ref": "Rashi on Arakhin 13b:30", 
            "heRef": "רש\"י על ערכין י״ג ב:ל׳", 
            "next": "Rashi on Arakhin 13b:38"
        }, 
        "Rashi on Arakhin 13b:31": {
            "content": [], 
            "heTitle": "רש\"י על ערכין י״ג ב:ל״א", 
            "indexTitle": "Rashi on Arakhin", 
            "sectionRef": "Rashi on Arakhin 13b:31", 
            "prev": "Rashi on Arakhin 13b:26", 
            "ref": "Rashi on Arakhin 13b:31", 
            "heRef": "רש\"י על ערכין י״ג ב:ל״א", 
            "next": "Rashi on Arakhin 13b:38"
        }, 
        "Rashi on Arakhin 13b:65": {
            "content": [
                {
                    "segmentNumber": "1", 
                    "links": [
                        {
                            "category": "Talmud", 
                            "index_title": "Arakhin", 
                            "sourceHeRef": "ערכין י״ג ב:ס״ה", 
                            "sourceRef": "Arakhin 13b:65"
                        }
                    ], 
                    "he": "נערך אבל לא מעריך - טעמא מפרש בפ\"ק (לעיל דף ה:):"
                }
            ], 
            "heTitle": "רש\"י על ערכין י״ג ב:ס״ה", 
            "indexTitle": "Rashi on Arakhin", 
            "sectionRef": "Rashi on Arakhin 13b:65", 
            "prev": "Rashi on Arakhin 13b:62", 
            "ref": "Rashi on Arakhin 13b:65", 
            "heRef": "רש\"י על ערכין י״ג ב:ס״ה", 
            "next": "Rashi on Arakhin 14a:1"
        }, 
        "Rashi on Arakhin 13b:64": {
            "content": [], 
            "heTitle": "רש\"י על ערכין י״ג ב:ס״ד", 
            "indexTitle": "Rashi on Arakhin", 
            "sectionRef": "Rashi on Arakhin 13b:64", 
            "prev": "Rashi on Arakhin 13b:62", 
            "ref": "Rashi on Arakhin 13b:64", 
            "heRef": "רש\"י על ערכין י״ג ב:ס״ד", 
            "next": "Rashi on Arakhin 13b:65"
        }, 
        "Rashi on Arakhin 13b:53": {
            "content": [
                {
                    "segmentNumber": "1", 
                    "links": [
                        {
                            "category": "Talmud", 
                            "index_title": "Arakhin", 
                            "sourceHeRef": "ערכין י״ג ב:נ״ג", 
                            "sourceRef": "Arakhin 13b:53"
                        }
                    ], 
                    "he": "וסועדי - עוזרי: לויים עבו קלייהו קטנים קטין קלייהו דק קולם:"
                }
            ], 
            "heTitle": "רש\"י על ערכין י״ג ב:נ״ג", 
            "indexTitle": "Rashi on Arakhin", 
            "sectionRef": "Rashi on Arakhin 13b:53", 
            "prev": "Rashi on Arakhin 13b:52", 
            "ref": "Rashi on Arakhin 13b:53", 
            "heRef": "רש\"י על ערכין י״ג ב:נ״ג", 
            "next": "Rashi on Arakhin 13b:55"
        }, 
        "Rashi on Arakhin 13b:61": {
            "content": [], 
            "heTitle": "רש\"י על ערכין י״ג ב:ס״א", 
            "indexTitle": "Rashi on Arakhin", 
            "sectionRef": "Rashi on Arakhin 13b:61", 
            "prev": "Rashi on Arakhin 13b:59", 
            "ref": "Rashi on Arakhin 13b:61", 
            "heRef": "רש\"י על ערכין י״ג ב:ס״א", 
            "next": "Rashi on Arakhin 13b:62"
        }, 
        "Rashi on Arakhin 13b:60": {
            "content": [], 
            "heTitle": "רש\"י על ערכין י״ג ב:ס׳", 
            "indexTitle": "Rashi on Arakhin", 
            "sectionRef": "Rashi on Arakhin 13b:60", 
            "prev": "Rashi on Arakhin 13b:59", 
            "ref": "Rashi on Arakhin 13b:60", 
            "heRef": "רש\"י על ערכין י״ג ב:ס׳", 
            "next": "Rashi on Arakhin 13b:62"
        }, 
        "Rashi on Arakhin 13b:63": {
            "content": [], 
            "heTitle": "רש\"י על ערכין י״ג ב:ס״ג", 
            "indexTitle": "Rashi on Arakhin", 
            "sectionRef": "Rashi on Arakhin 13b:63", 
            "prev": "Rashi on Arakhin 13b:62", 
            "ref": "Rashi on Arakhin 13b:63", 
            "heRef": "רש\"י על ערכין י״ג ב:ס״ג", 
            "next": "Rashi on Arakhin 13b:65"
        }, 
        "Rashi on Arakhin 13b:62": {
            "content": [
                {
                    "segmentNumber": "1", 
                    "links": [
                        {
                            "category": "Talmud", 
                            "index_title": "Arakhin", 
                            "sourceHeRef": "ערכין י״ג ב:ס״ב", 
                            "sourceRef": "Arakhin 13b:62"
                        }
                    ], 
                    "he": "גמ' בעובד כוכבים לא - שאם אמר ישראל ערך עובד כוכבים פלוני עלי לא אמר כלום דעובד כוכבים אינו נערך:"
                }
            ], 
            "heTitle": "רש\"י על ערכין י״ג ב:ס״ב", 
            "indexTitle": "Rashi on Arakhin", 
            "sectionRef": "Rashi on Arakhin 13b:62", 
            "prev": "Rashi on Arakhin 13b:59", 
            "ref": "Rashi on Arakhin 13b:62", 
            "heRef": "רש\"י על ערכין י״ג ב:ס״ב", 
            "next": "Rashi on Arakhin 13b:65"
        }, 
        "Rashi on Arakhin 13b:43": {
            "content": [], 
            "heTitle": "רש\"י על ערכין י״ג ב:מ״ג", 
            "indexTitle": "Rashi on Arakhin", 
            "sectionRef": "Rashi on Arakhin 13b:43", 
            "prev": "Rashi on Arakhin 13b:38", 
            "ref": "Rashi on Arakhin 13b:43", 
            "heRef": "רש\"י על ערכין י״ג ב:מ״ג", 
            "next": "Rashi on Arakhin 13b:47"
        }, 
        "Rashi on Arakhin 13b:32": {
            "content": [], 
            "heTitle": "רש\"י על ערכין י״ג ב:ל״ב", 
            "indexTitle": "Rashi on Arakhin", 
            "sectionRef": "Rashi on Arakhin 13b:32", 
            "prev": "Rashi on Arakhin 13b:26", 
            "ref": "Rashi on Arakhin 13b:32", 
            "heRef": "רש\"י על ערכין י״ג ב:ל״ב", 
            "next": "Rashi on Arakhin 13b:38"
        }, 
        "Rashi on Arakhin 13b:33": {
            "content": [], 
            "heTitle": "רש\"י על ערכין י״ג ב:ל״ג", 
            "indexTitle": "Rashi on Arakhin", 
            "sectionRef": "Rashi on Arakhin 13b:33", 
            "prev": "Rashi on Arakhin 13b:26", 
            "ref": "Rashi on Arakhin 13b:33", 
            "heRef": "רש\"י על ערכין י״ג ב:ל״ג", 
            "next": "Rashi on Arakhin 13b:38"
        }, 
        "Rashi on Arakhin 13b:54": {
            "content": [], 
            "heTitle": "רש\"י על ערכין י״ג ב:נ״ד", 
            "indexTitle": "Rashi on Arakhin", 
            "sectionRef": "Rashi on Arakhin 13b:54", 
            "prev": "Rashi on Arakhin 13b:53", 
            "ref": "Rashi on Arakhin 13b:54", 
            "heRef": "רש\"י על ערכין י״ג ב:נ״ד", 
            "next": "Rashi on Arakhin 13b:55"
        }, 
        "Rashi on Arakhin 13b:56": {
            "content": [], 
            "heTitle": "רש\"י על ערכין י״ג ב:נ״ו", 
            "indexTitle": "Rashi on Arakhin", 
            "sectionRef": "Rashi on Arakhin 13b:56", 
            "prev": "Rashi on Arakhin 13b:55", 
            "ref": "Rashi on Arakhin 13b:56", 
            "heRef": "רש\"י על ערכין י״ג ב:נ״ו", 
            "next": "Rashi on Arakhin 13b:57"
        }, 
        "Rashi on Arakhin 13b:50": {
            "content": [], 
            "heTitle": "רש\"י על ערכין י״ג ב:נ׳", 
            "indexTitle": "Rashi on Arakhin", 
            "sectionRef": "Rashi on Arakhin 13b:50", 
            "prev": "Rashi on Arakhin 13b:49", 
            "ref": "Rashi on Arakhin 13b:50", 
            "heRef": "רש\"י על ערכין י״ג ב:נ׳", 
            "next": "Rashi on Arakhin 13b:52"
        }, 
        "Rashi on Arakhin 13b:57": {
            "content": [
                {
                    "segmentNumber": "1", 
                    "links": [
                        {
                            "category": "Talmud", 
                            "index_title": "Arakhin", 
                            "sourceHeRef": "ערכין י״ג ב:נ״ז", 
                            "sourceRef": "Arakhin 13b:57"
                        }
                    ], 
                    "he": "בשדה אחוזה - במקדיש שדה אחוזה:"
                }, 
                {
                    "segmentNumber": "2", 
                    "links": [
                        {
                            "category": "Talmud", 
                            "index_title": "Arakhin", 
                            "sourceHeRef": "ערכין י״ג ב:נ״ז", 
                            "sourceRef": "Arakhin 13b:57"
                        }
                    ], 
                    "he": "להחמיר - שהמעריך הכעור שבישראל אפי' אינו שוה אלא ה' סלעים נותן נ' סלעים מן עשרים עד בן ס':"
                }
            ], 
            "heTitle": "רש\"י על ערכין י״ג ב:נ״ז", 
            "indexTitle": "Rashi on Arakhin", 
            "sectionRef": "Rashi on Arakhin 13b:57", 
            "prev": "Rashi on Arakhin 13b:55", 
            "ref": "Rashi on Arakhin 13b:57", 
            "heRef": "רש\"י על ערכין י״ג ב:נ״ז", 
            "next": "Rashi on Arakhin 13b:59"
        }, 
        "Rashi on Arakhin 13b:6": {
            "content": [], 
            "heTitle": "רש\"י על ערכין י״ג ב:ו׳", 
            "indexTitle": "Rashi on Arakhin", 
            "sectionRef": "Rashi on Arakhin 13b:6", 
            "prev": "Rashi on Arakhin 13a:27", 
            "ref": "Rashi on Arakhin 13b:6", 
            "heRef": "רש\"י על ערכין י״ג ב:ו׳", 
            "next": "Rashi on Arakhin 13b:8"
        }, 
        "Rashi on Arakhin 13b:7": {
            "content": [], 
            "heTitle": "רש\"י על ערכין י״ג ב:ז׳", 
            "indexTitle": "Rashi on Arakhin", 
            "sectionRef": "Rashi on Arakhin 13b:7", 
            "prev": "Rashi on Arakhin 13a:27", 
            "ref": "Rashi on Arakhin 13b:7", 
            "heRef": "רש\"י על ערכין י״ג ב:ז׳", 
            "next": "Rashi on Arakhin 13b:8"
        }, 
        "Rashi on Arakhin 13b:4": {
            "content": [], 
            "heTitle": "רש\"י על ערכין י״ג ב:ד׳", 
            "indexTitle": "Rashi on Arakhin", 
            "sectionRef": "Rashi on Arakhin 13b:4", 
            "prev": "Rashi on Arakhin 13a:27", 
            "ref": "Rashi on Arakhin 13b:4", 
            "heRef": "רש\"י על ערכין י״ג ב:ד׳", 
            "next": "Rashi on Arakhin 13b:8"
        }, 
        "Rashi on Arakhin 13b:5": {
            "content": [], 
            "heTitle": "רש\"י על ערכין י״ג ב:ה׳", 
            "indexTitle": "Rashi on Arakhin", 
            "sectionRef": "Rashi on Arakhin 13b:5", 
            "prev": "Rashi on Arakhin 13a:27", 
            "ref": "Rashi on Arakhin 13b:5", 
            "heRef": "רש\"י על ערכין י״ג ב:ה׳", 
            "next": "Rashi on Arakhin 13b:8"
        }, 
        "Rashi on Arakhin 13b:2": {
            "content": [], 
            "heTitle": "רש\"י על ערכין י״ג ב:ב׳", 
            "indexTitle": "Rashi on Arakhin", 
            "sectionRef": "Rashi on Arakhin 13b:2", 
            "prev": "Rashi on Arakhin 13a:27", 
            "ref": "Rashi on Arakhin 13b:2", 
            "heRef": "רש\"י על ערכין י״ג ב:ב׳", 
            "next": "Rashi on Arakhin 13b:8"
        }, 
        "Rashi on Arakhin 13b:3": {
            "content": [], 
            "heTitle": "רש\"י על ערכין י״ג ב:ג׳", 
            "indexTitle": "Rashi on Arakhin", 
            "sectionRef": "Rashi on Arakhin 13b:3", 
            "prev": "Rashi on Arakhin 13a:27", 
            "ref": "Rashi on Arakhin 13b:3", 
            "heRef": "רש\"י על ערכין י״ג ב:ג׳", 
            "next": "Rashi on Arakhin 13b:8"
        }, 
        "Rashi on Arakhin 13b:42": {
            "content": [], 
            "heTitle": "רש\"י על ערכין י״ג ב:מ״ב", 
            "indexTitle": "Rashi on Arakhin", 
            "sectionRef": "Rashi on Arakhin 13b:42", 
            "prev": "Rashi on Arakhin 13b:38", 
            "ref": "Rashi on Arakhin 13b:42", 
            "heRef": "רש\"י על ערכין י״ג ב:מ״ב", 
            "next": "Rashi on Arakhin 13b:47"
        }, 
        "Rashi on Arakhin 13b:1": {
            "content": [], 
            "heTitle": "רש\"י על ערכין י״ג ב:א׳", 
            "indexTitle": "Rashi on Arakhin", 
            "sectionRef": "Rashi on Arakhin 13b:1", 
            "prev": "Rashi on Arakhin 13a:27", 
            "ref": "Rashi on Arakhin 13b:1", 
            "heRef": "רש\"י על ערכין י״ג ב:א׳", 
            "next": "Rashi on Arakhin 13b:8"
        }, 
        "Rashi on Arakhin 13b:55": {
            "content": [
                {
                    "segmentNumber": "1", 
                    "links": [
                        {
                            "category": "Talmud", 
                            "index_title": "Arakhin", 
                            "sourceHeRef": "ערכין י״ג ב:נ״ה", 
                            "sourceRef": "Arakhin 13b:55"
                        }
                    ], 
                    "he": "מקטטי - כלומר מקטינין ועושים קולם דק דק ויפה ומצערין הלוים שאין יכולים לבסם קולם כמותן:"
                }
            ], 
            "heTitle": "רש\"י על ערכין י״ג ב:נ״ה", 
            "indexTitle": "Rashi on Arakhin", 
            "sectionRef": "Rashi on Arakhin 13b:55", 
            "prev": "Rashi on Arakhin 13b:53", 
            "ref": "Rashi on Arakhin 13b:55", 
            "heRef": "רש\"י על ערכין י״ג ב:נ״ה", 
            "next": "Rashi on Arakhin 13b:57"
        }, 
        "Rashi on Arakhin 13b:8": {
            "content": [
                {
                    "segmentNumber": "1", 
                    "links": [
                        {
                            "category": "Talmud", 
                            "index_title": "Arakhin", 
                            "sourceHeRef": "ערכין י״ג ב:ח׳", 
                            "sourceRef": "Arakhin 13b:8"
                        }
                    ], 
                    "he": "דיקא נמי - דסימנא בעלמא הוא ולאו משום טעמא דשבת וראש השנה קא בעי להו מדלא קתני לשבת ולשני ימים כו' דהוי משמע לצורך שבת ור\"ה מדקתני כדי ש\"מ כפי חשבון הראוי לשבת ולראש השנה דהיינו ששה וסימנא בעלמא הוא:"
                }
            ], 
            "heTitle": "רש\"י על ערכין י״ג ב:ח׳", 
            "indexTitle": "Rashi on Arakhin", 
            "sectionRef": "Rashi on Arakhin 13b:8", 
            "prev": "Rashi on Arakhin 13a:27", 
            "ref": "Rashi on Arakhin 13b:8", 
            "heRef": "רש\"י על ערכין י״ג ב:ח׳", 
            "next": "Rashi on Arakhin 13b:19"
        }, 
        "Rashi on Arakhin 13b:9": {
            "content": [], 
            "heTitle": "רש\"י על ערכין י״ג ב:ט׳", 
            "indexTitle": "Rashi on Arakhin", 
            "sectionRef": "Rashi on Arakhin 13b:9", 
            "prev": "Rashi on Arakhin 13b:8", 
            "ref": "Rashi on Arakhin 13b:9", 
            "heRef": "רש\"י על ערכין י״ג ב:ט׳", 
            "next": "Rashi on Arakhin 13b:19"
        }, 
        "Rashi on Arakhin 13b:21": {
            "content": [
                {
                    "segmentNumber": "1", 
                    "links": [
                        {
                            "category": "Talmud", 
                            "index_title": "Arakhin", 
                            "sourceHeRef": "ערכין י״ג ב:כ״א", 
                            "sourceRef": "Arakhin 13b:21"
                        }
                    ], 
                    "he": "עבידתא חד עבדי - דאין אחד מועיל בלא חבירו שהן ב' חתיכות רחבות של מתכת ומכין זו על זו וקורין צינב\"ש:"
                }
            ], 
            "heTitle": "רש\"י על ערכין י״ג ב:כ״א", 
            "indexTitle": "Rashi on Arakhin", 
            "sectionRef": "Rashi on Arakhin 13b:21", 
            "prev": "Rashi on Arakhin 13b:19", 
            "ref": "Rashi on Arakhin 13b:21", 
            "heRef": "רש\"י על ערכין י״ג ב:כ״א", 
            "next": "Rashi on Arakhin 13b:24"
        }, 
        "Rashi on Arakhin 13b:20": {
            "content": [], 
            "heTitle": "רש\"י על ערכין י״ג ב:כ׳", 
            "indexTitle": "Rashi on Arakhin", 
            "sectionRef": "Rashi on Arakhin 13b:20", 
            "prev": "Rashi on Arakhin 13b:19", 
            "ref": "Rashi on Arakhin 13b:20", 
            "heRef": "רש\"י על ערכין י״ג ב:כ׳", 
            "next": "Rashi on Arakhin 13b:21"
        }, 
        "Rashi on Arakhin 13b:23": {
            "content": [], 
            "heTitle": "רש\"י על ערכין י״ג ב:כ״ג", 
            "indexTitle": "Rashi on Arakhin", 
            "sectionRef": "Rashi on Arakhin 13b:23", 
            "prev": "Rashi on Arakhin 13b:21", 
            "ref": "Rashi on Arakhin 13b:23", 
            "heRef": "רש\"י על ערכין י״ג ב:כ״ג", 
            "next": "Rashi on Arakhin 13b:24"
        }, 
        "Rashi on Arakhin 13b:22": {
            "content": [], 
            "heTitle": "רש\"י על ערכין י״ג ב:כ״ב", 
            "indexTitle": "Rashi on Arakhin", 
            "sectionRef": "Rashi on Arakhin 13b:22", 
            "prev": "Rashi on Arakhin 13b:21", 
            "ref": "Rashi on Arakhin 13b:22", 
            "heRef": "רש\"י על ערכין י״ג ב:כ״ב", 
            "next": "Rashi on Arakhin 13b:24"
        }, 
        "Rashi on Arakhin 13b:25": {
            "content": [], 
            "heTitle": "רש\"י על ערכין י״ג ב:כ״ה", 
            "indexTitle": "Rashi on Arakhin", 
            "sectionRef": "Rashi on Arakhin 13b:25", 
            "prev": "Rashi on Arakhin 13b:24", 
            "ref": "Rashi on Arakhin 13b:25", 
            "heRef": "רש\"י על ערכין י״ג ב:כ״ה", 
            "next": "Rashi on Arakhin 13b:26"
        }, 
        "Rashi on Arakhin 13b:24": {
            "content": [
                {
                    "segmentNumber": "1", 
                    "links": [
                        {
                            "category": "Talmud", 
                            "index_title": "Arakhin", 
                            "sourceHeRef": "ערכין י״ג ב:כ״ד", 
                            "sourceRef": "Arakhin 13b:24"
                        }
                    ], 
                    "he": "ולא היו - אותן קטנים:"
                }, 
                {
                    "segmentNumber": "2", 
                    "links": [
                        {
                            "category": "Talmud", 
                            "index_title": "Arakhin", 
                            "sourceHeRef": "ערכין י״ג ב:כ״ד", 
                            "sourceRef": "Arakhin 13b:24"
                        }
                    ], 
                    "he": "אומרים בנבל וכנור אלא בפה ליתן תבל בנעימה - ליתן תבלין בנעימות הלוים לפי שקול הלוים הקטנים דק ומתבל את קול הלוים הגדולים:"
                }
            ], 
            "heTitle": "רש\"י על ערכין י״ג ב:כ״ד", 
            "indexTitle": "Rashi on Arakhin", 
            "sectionRef": "Rashi on Arakhin 13b:24", 
            "prev": "Rashi on Arakhin 13b:21", 
            "ref": "Rashi on Arakhin 13b:24", 
            "heRef": "רש\"י על ערכין י״ג ב:כ״ד", 
            "next": "Rashi on Arakhin 13b:26"
        }, 
        "Rashi on Arakhin 13b:27": {
            "content": [], 
            "heTitle": "רש\"י על ערכין י״ג ב:כ״ז", 
            "indexTitle": "Rashi on Arakhin", 
            "sectionRef": "Rashi on Arakhin 13b:27", 
            "prev": "Rashi on Arakhin 13b:26", 
            "ref": "Rashi on Arakhin 13b:27", 
            "heRef": "רש\"י על ערכין י״ג ב:כ״ז", 
            "next": "Rashi on Arakhin 13b:38"
        }, 
        "Rashi on Arakhin 13b:26": {
            "content": [
                {
                    "segmentNumber": "1", 
                    "links": [
                        {
                            "category": "Talmud", 
                            "index_title": "Arakhin", 
                            "sourceHeRef": "ערכין י״ג ב:כ״ו", 
                            "sourceRef": "Arakhin 13b:26"
                        }
                    ], 
                    "he": "[ואין עולין למנין] - דלא מנו אותן לוים למנין שנים עשר לוים הצריכין לדוכן:"
                }, 
                {
                    "segmentNumber": "2", 
                    "links": [
                        {
                            "category": "Talmud", 
                            "index_title": "Arakhin", 
                            "sourceHeRef": "ערכין י״ג ב:כ״ו", 
                            "sourceRef": "Arakhin 13b:26"
                        }
                    ], 
                    "he": "וצוערי הלוים - שמצערין את הלוים כדמפרש בגמרא:"
                }, 
                {
                    "segmentNumber": "3", 
                    "links": [
                        {
                            "category": "Talmud", 
                            "index_title": "Arakhin", 
                            "sourceHeRef": "ערכין י״ג ב:כ״ו", 
                            "sourceRef": "Arakhin 13b:26"
                        }
                    ], 
                    "he": "ולא עולין - על האצטבא המוכנת לדוכן אלא בארץ היו עומדין:"
                }
            ], 
            "heTitle": "רש\"י על ערכין י״ג ב:כ״ו", 
            "indexTitle": "Rashi on Arakhin", 
            "sectionRef": "Rashi on Arakhin 13b:26", 
            "prev": "Rashi on Arakhin 13b:24", 
            "ref": "Rashi on Arakhin 13b:26", 
            "heRef": "רש\"י על ערכין י״ג ב:כ״ו", 
            "next": "Rashi on Arakhin 13b:38"
        }, 
        "Rashi on Arakhin 13b:29": {
            "content": [], 
            "heTitle": "רש\"י על ערכין י״ג ב:כ״ט", 
            "indexTitle": "Rashi on Arakhin", 
            "sectionRef": "Rashi on Arakhin 13b:29", 
            "prev": "Rashi on Arakhin 13b:26", 
            "ref": "Rashi on Arakhin 13b:29", 
            "heRef": "רש\"י על ערכין י״ג ב:כ״ט", 
            "next": "Rashi on Arakhin 13b:38"
        }, 
        "Rashi on Arakhin 13b:28": {
            "content": [], 
            "heTitle": "רש\"י על ערכין י״ג ב:כ״ח", 
            "indexTitle": "Rashi on Arakhin", 
            "sectionRef": "Rashi on Arakhin 13b:28", 
            "prev": "Rashi on Arakhin 13b:26", 
            "ref": "Rashi on Arakhin 13b:28", 
            "heRef": "רש\"י על ערכין י״ג ב:כ״ח", 
            "next": "Rashi on Arakhin 13b:38"
        }, 
        "Rashi on Arakhin 13b:41": {
            "content": [], 
            "heTitle": "רש\"י על ערכין י״ג ב:מ״א", 
            "indexTitle": "Rashi on Arakhin", 
            "sectionRef": "Rashi on Arakhin 13b:41", 
            "prev": "Rashi on Arakhin 13b:38", 
            "ref": "Rashi on Arakhin 13b:41", 
            "heRef": "רש\"י על ערכין י״ג ב:מ״א", 
            "next": "Rashi on Arakhin 13b:47"
        }, 
        "Rashi on Arakhin 13b:40": {
            "content": [], 
            "heTitle": "רש\"י על ערכין י״ג ב:מ׳", 
            "indexTitle": "Rashi on Arakhin", 
            "sectionRef": "Rashi on Arakhin 13b:40", 
            "prev": "Rashi on Arakhin 13b:38", 
            "ref": "Rashi on Arakhin 13b:40", 
            "heRef": "רש\"י על ערכין י״ג ב:מ׳", 
            "next": "Rashi on Arakhin 13b:47"
        }, 
        "Rashi on Arakhin 13b:47": {
            "content": [
                {
                    "segmentNumber": "1", 
                    "links": [
                        {
                            "category": "Talmud", 
                            "index_title": "Arakhin", 
                            "sourceHeRef": "ערכין י״ג ב:מ״ז", 
                            "sourceRef": "Arakhin 13b:47"
                        }
                    ], 
                    "he": "גמ' בנבל עשור - של עשר נימין ולעולם הבא משתעי מדכתיב שיר חדש לשון זכר דשירות העולם הזה לשון נקבה כדאמר במכילת' כשם שנקבה זו יולדת כך תשועות הללו סופן לילד צרות אבל שיר של עולם הבא ל' זכר שאינו יולד: מדמפיק ר' יהודה כנור בנבל עשור אלמא כנור היינו נבל:"
                }
            ], 
            "heTitle": "רש\"י על ערכין י״ג ב:מ״ז", 
            "indexTitle": "Rashi on Arakhin", 
            "sectionRef": "Rashi on Arakhin 13b:47", 
            "prev": "Rashi on Arakhin 13b:38", 
            "ref": "Rashi on Arakhin 13b:47", 
            "heRef": "רש\"י על ערכין י״ג ב:מ״ז", 
            "next": "Rashi on Arakhin 13b:49"
        }, 
        "Rashi on Arakhin 13b:46": {
            "content": [], 
            "heTitle": "רש\"י על ערכין י״ג ב:מ״ו", 
            "indexTitle": "Rashi on Arakhin", 
            "sectionRef": "Rashi on Arakhin 13b:46", 
            "prev": "Rashi on Arakhin 13b:38", 
            "ref": "Rashi on Arakhin 13b:46", 
            "heRef": "רש\"י על ערכין י״ג ב:מ״ו", 
            "next": "Rashi on Arakhin 13b:47"
        }, 
        "Rashi on Arakhin 13b:45": {
            "content": [], 
            "heTitle": "רש\"י על ערכין י״ג ב:מ״ה", 
            "indexTitle": "Rashi on Arakhin", 
            "sectionRef": "Rashi on Arakhin 13b:45", 
            "prev": "Rashi on Arakhin 13b:38", 
            "ref": "Rashi on Arakhin 13b:45", 
            "heRef": "רש\"י על ערכין י״ג ב:מ״ה", 
            "next": "Rashi on Arakhin 13b:47"
        }, 
        "Rashi on Arakhin 13b:44": {
            "content": [], 
            "heTitle": "רש\"י על ערכין י״ג ב:מ״ד", 
            "indexTitle": "Rashi on Arakhin", 
            "sectionRef": "Rashi on Arakhin 13b:44", 
            "prev": "Rashi on Arakhin 13b:38", 
            "ref": "Rashi on Arakhin 13b:44", 
            "heRef": "רש\"י על ערכין י״ג ב:מ״ד", 
            "next": "Rashi on Arakhin 13b:47"
        }, 
        "Rashi on Arakhin 13b:58": {
            "content": [], 
            "heTitle": "רש\"י על ערכין י״ג ב:נ״ח", 
            "indexTitle": "Rashi on Arakhin", 
            "sectionRef": "Rashi on Arakhin 13b:58", 
            "prev": "Rashi on Arakhin 13b:57", 
            "ref": "Rashi on Arakhin 13b:58", 
            "heRef": "רש\"י על ערכין י״ג ב:נ״ח", 
            "next": "Rashi on Arakhin 13b:59"
        }, 
        "Rashi on Arakhin 13b:66": {
            "content": [], 
            "heTitle": "רש\"י על ערכין י״ג ב:ס״ו", 
            "indexTitle": "Rashi on Arakhin", 
            "sectionRef": "Rashi on Arakhin 13b:66", 
            "prev": "Rashi on Arakhin 13b:65", 
            "ref": "Rashi on Arakhin 13b:66", 
            "heRef": "רש\"י על ערכין י״ג ב:ס״ו", 
            "next": "Rashi on Arakhin 14a:1"
        }, 
        "Rashi on Arakhin 13b:59": {
            "content": [
                {
                    "segmentNumber": "1", 
                    "links": [
                        {
                            "category": "Talmud", 
                            "index_title": "Arakhin", 
                            "sourceHeRef": "ערכין י״ג ב:נ״ט", 
                            "sourceRef": "Arakhin 13b:59"
                        }
                    ], 
                    "he": "שהעריך - שאמר ערך פלוני עלי:"
                }
            ], 
            "heTitle": "רש\"י על ערכין י״ג ב:נ״ט", 
            "indexTitle": "Rashi on Arakhin", 
            "sectionRef": "Rashi on Arakhin 13b:59", 
            "prev": "Rashi on Arakhin 13b:57", 
            "ref": "Rashi on Arakhin 13b:59", 
            "heRef": "רש\"י על ערכין י״ג ב:נ״ט", 
            "next": "Rashi on Arakhin 13b:62"
        }, 
        "Rashi on Arakhin 13b:49": {
            "content": [
                {
                    "segmentNumber": "1", 
                    "links": [
                        {
                            "category": "Talmud", 
                            "index_title": "Arakhin", 
                            "sourceHeRef": "ערכין י״ג ב:מ״ט", 
                            "sourceRef": "Arakhin 13b:49"
                        }
                    ], 
                    "he": "דנפיש קליה כי נבל - ונבל עשוי כמפוח של נפחים ומוציא קול ע\"י רוח:"
                }
            ], 
            "heTitle": "רש\"י על ערכין י״ג ב:מ״ט", 
            "indexTitle": "Rashi on Arakhin", 
            "sectionRef": "Rashi on Arakhin 13b:49", 
            "prev": "Rashi on Arakhin 13b:47", 
            "ref": "Rashi on Arakhin 13b:49", 
            "heRef": "רש\"י על ערכין י״ג ב:מ״ט", 
            "next": "Rashi on Arakhin 13b:52"
        }, 
        "Rashi on Arakhin 13b:51": {
            "content": [], 
            "heTitle": "רש\"י על ערכין י״ג ב:נ״א", 
            "indexTitle": "Rashi on Arakhin", 
            "sectionRef": "Rashi on Arakhin 13b:51", 
            "prev": "Rashi on Arakhin 13b:49", 
            "ref": "Rashi on Arakhin 13b:51", 
            "heRef": "רש\"י על ערכין י״ג ב:נ״א", 
            "next": "Rashi on Arakhin 13b:52"
        }, 
        "Rashi on Arakhin 13b:48": {
            "content": [], 
            "heTitle": "רש\"י על ערכין י״ג ב:מ״ח", 
            "indexTitle": "Rashi on Arakhin", 
            "sectionRef": "Rashi on Arakhin 13b:48", 
            "prev": "Rashi on Arakhin 13b:47", 
            "ref": "Rashi on Arakhin 13b:48", 
            "heRef": "רש\"י על ערכין י״ג ב:מ״ח", 
            "next": "Rashi on Arakhin 13b:49"
        }, 
        "Rashi on Arakhin 13b:52": {
            "content": [
                {
                    "segmentNumber": "1", 
                    "links": [
                        {
                            "category": "Talmud", 
                            "index_title": "Arakhin", 
                            "sourceHeRef": "ערכין י״ג ב:נ״ב", 
                            "sourceRef": "Arakhin 13b:52"
                        }
                    ], 
                    "he": "מתני' אין לוי קטן נכנס לעזרה - לשום עבודה כגון לכבד את העזרה ולהגיף את הדלתות אלא בשעה שהלוים עומדים על הדוכן בשיר אז נכנסים לוים קטנים לשורר עמהן:"
                }
            ], 
            "heTitle": "רש\"י על ערכין י״ג ב:נ״ב", 
            "indexTitle": "Rashi on Arakhin", 
            "sectionRef": "Rashi on Arakhin 13b:52", 
            "prev": "Rashi on Arakhin 13b:49", 
            "ref": "Rashi on Arakhin 13b:52", 
            "heRef": "רש\"י על ערכין י״ג ב:נ״ב", 
            "next": "Rashi on Arakhin 13b:53"
        }
    }, 
    "ref": "Rashi on Arakhin 13b"
}