{
    "heTitleVariants": [
        "תרגום יונתן על שמות"
    ], 
    "heTitle": "תרגום יונתן על שמות", 
    "heRef": "תרגום יונתן על שמות ב׳", 
    "toSections": [
        2
    ], 
    "sectionRef": "Targum Jonathan on Exodus 2", 
    "next": "Targum Jonathan on Exodus 3", 
    "content": [
        {
            "segmentNumber": "1", 
            "he": "וַאֲזַל עַמְרָם גַבְרָא דְמִשֵׁבֶט לֵוִי וְאוֹתִיב בְּכִילְתָא וְגִינוּנָא דְהִלוּלָא יַת יוֹכֶבֶד אִנְתְּתֵיהּ דְתָרִיךְ מִן קֳדָם גְזֵירְתָּא דְפַרְעה וַהֲוַת בְּרַת מֵאָה וּתְלָתִין שְׁנִין כַּד אֲהַדְרָהּ לְוָותֵיהּ וְאִתְעֲבֵיד לָהּ נִיסָא וְהַדְרַת לְעַלֵימוֹתָא כְּמָא דַהֲוַת כַּד הִיא זְעֵירְתָּא מִקְרְיָיא בְּרַת לֵוִי", 
            "links": [
                {
                    "category": "Targum", 
                    "sourceHeRef": "שמות ב׳:א׳", 
                    "sourceRef": "Exodus 2:1", 
                    "ref": "Exodus 2:1"
                }
            ], 
            "text": ""
        }, 
        {
            "segmentNumber": "2", 
            "he": "וְאִיתְעֲבָּרַת אִיתְּתָא וִילֵדַת בִּיר בְּסוֹף שִׁיתָּא יַרְחִין וְחָמַת יָתֵיהּ אֲרוּם בַּר קְיוֹמֵי הוּא וְאַטְמַרְתֵּיהּ תְּלַת יַרְחִין דִסְכוּמְהוֹן תִּשְׁעָא", 
            "links": [
                {
                    "category": "Targum", 
                    "sourceHeRef": "שמות ב׳:ב׳", 
                    "sourceRef": "Exodus 2:2", 
                    "ref": "Exodus 2:2"
                }
            ], 
            "text": ""
        }, 
        {
            "segmentNumber": "3", 
            "he": "וְלָא הֲוַת אֶפְשַׁר לָהּ תּוּב לְאַטְמַרְתֵּיהּ דְמִצְרַיִם מַרְגִישִׁין עֲלָהּ וּנְסִיבַת לֵיהּ תֵּיבוּתָא דְטוּנֵס וַחֲפָהָא בְּחֵימְרָא וּבְזֵיפָתָא וְשַׁוְיַית בְּגַווָהּ יַת טַלְיָא וְשַׁוְיָתֵיהּ בְּגוֹ גוּמַיָא עַל גֵיף נַהֲרָא", 
            "links": [
                {
                    "category": "Targum", 
                    "sourceHeRef": "שמות ב׳:ג׳", 
                    "sourceRef": "Exodus 2:3", 
                    "ref": "Exodus 2:3"
                }
            ], 
            "text": ""
        }, 
        {
            "segmentNumber": "4", 
            "he": "וְאִתְעֲתָּדַת מִרְיָם אַחְתֵיהּ מֵרָחִיק לְאִתְחַכְּמָא מָה יִתְעֲבֵד לֵיהּ", 
            "links": [
                {
                    "category": "Targum", 
                    "sourceHeRef": "שמות ב׳:ד׳", 
                    "sourceRef": "Exodus 2:4", 
                    "ref": "Exodus 2:4"
                }
            ], 
            "text": ""
        }, 
        {
            "segmentNumber": "5", 
            "he": "וְגָרֵי מֵימְרָא דַיְיָ צוּלְקָא דְשִׁחֲנָא וְטָרֵיב בִּשְרָא בְּאַרְעָא דְמִצְרַיִם וְנִחְתַת בְּרַתֵּיהּ דְפַרְעה לְאִתְקַרְרָא עַל נַהֲרָא וְעוּלֵימְתָּהָא אָזְלַן עַל גֵיף נַהֲרָא וַחֲמַת יַת תֵּיבוּתָא בְּגוֹ גוּמַיָיא וְאוֹשִׁיטַת יַת גַרְמִידָא וּנְסִיבְתָּא וּמִן יַד אִיתַּסְיַית מִן שִׁיחְנָא וּמִן טְרִיבָא", 
            "links": [
                {
                    "category": "Targum", 
                    "sourceHeRef": "שמות ב׳:ה׳", 
                    "sourceRef": "Exodus 2:5", 
                    "ref": "Exodus 2:5"
                }
            ], 
            "text": ""
        }, 
        {
            "segmentNumber": "6", 
            "he": "וּפְתָחַת וְחָמַת יַת רַבְיָא וְהָא טַלְיָא בָּכֵי וְחָסַת עֲלוֹי וַאֲמָרַת מִן בְּנֵי יְהוּדָאֵי הוּא דֵין", 
            "links": [
                {
                    "category": "Targum", 
                    "sourceHeRef": "שמות ב׳:ו׳", 
                    "sourceRef": "Exodus 2:6", 
                    "ref": "Exodus 2:6"
                }
            ], 
            "text": ""
        }, 
        {
            "segmentNumber": "7", 
            "he": "וַאֲמָרַת אַחְתֵיהּ לְבַת פַּרְעה הַאִיזֵיל וְאִיקְרֵי לִיךְ אִיתְּתָא מֵנִיקְתָא יְהוּדַיְיתָא וְתוֹנִיק לִיךְ יַת רַבְיָא", 
            "links": [
                {
                    "category": "Targum", 
                    "sourceHeRef": "שמות ב׳:ז׳", 
                    "sourceRef": "Exodus 2:7", 
                    "ref": "Exodus 2:7"
                }
            ], 
            "text": ""
        }, 
        {
            "segmentNumber": "8", 
            "he": "וַאֲמָרַת לָהּ בְּרַת פַּרְעה אִיזִילִי וְאָזְלַת טַלְיָתָא וּקְרַת לְאִמֵיהּ דְרַבְיָא", 
            "links": [
                {
                    "category": "Targum", 
                    "sourceHeRef": "שמות ב׳:ח׳", 
                    "sourceRef": "Exodus 2:8", 
                    "ref": "Exodus 2:8"
                }
            ], 
            "text": ""
        }, 
        {
            "segmentNumber": "9", 
            "he": "וַאֲמָרַת לָהּ בְּרַת פַּרְעה אוֹבִילִי יַת רַבְיָא הָדֵין וְאוֹנִיקְתֵּיה לִי וַאֲנָא אִיתִּין יַת סוּטְרָךְ וּנְסִיבַת אִיתְּתָא יַת רַבְיָא וְאוֹנִיקְתֵּיהּ", 
            "links": [
                {
                    "category": "Targum", 
                    "sourceHeRef": "שמות ב׳:ט׳", 
                    "sourceRef": "Exodus 2:9", 
                    "ref": "Exodus 2:9"
                }
            ], 
            "text": ""
        }, 
        {
            "segmentNumber": "10", 
            "he": "וּרְבָא רַבְיָא וְאַיְיתִיתֵיהּ לִבְרַת פַּרְעה וַהֲוָה לָהּ חָבִיב הֵי כְּבִיר וּקְרַת שְׁמֵיהּ משֶה אֲרוּם אֲמָרַת מִן מוֹי דְנַהֲרָא שְׁחִילְתֵּיהּ", 
            "links": [
                {
                    "category": "Targum", 
                    "sourceHeRef": "שמות ב׳:י׳", 
                    "sourceRef": "Exodus 2:10", 
                    "ref": "Exodus 2:10"
                }
            ], 
            "text": ""
        }, 
        {
            "segmentNumber": "11", 
            "he": "וַהֲוָה בְּיוֹמַיָא הָאִינוּן וּרְבָא משֶׁה וּנְפַק לְוַת אָחוֹהִי וַחֲמָא בַּאֲנֵיק נַפְשֵׁיהוֹן וּבְסוּגֵי פּוּלְחַנְהוֹן וַחֲמָא גְבַר מִצְרָאֵי מָחֵי גְבַר יְהוּדָאֵי מֵאֲחוֹי", 
            "links": [
                {
                    "category": "Targum", 
                    "sourceHeRef": "שמות ב׳:י״א", 
                    "sourceRef": "Exodus 2:11", 
                    "ref": "Exodus 2:11"
                }
            ], 
            "text": ""
        }, 
        {
            "segmentNumber": "12", 
            "he": "וְאִיסְתַּכֵּל משֶׁה בְחָכְמַת דַעְתֵּיהּ וְאִתְבּוֹנָן בְּכָל דַר וְדַר וְהָא לָא קָאִים מִן הַהוּא מִצְרָאֵי גְבַר גִיוֹר וְלָא דְעָבִיד תְּתוּבָא מִן בְּנֵי בְּנוֹי עַד עַלְמָא וּמְחָא יַת מִצְרָאֵי וְטַמְרֵיהּ בְּחָלָא", 
            "links": [
                {
                    "category": "Targum", 
                    "sourceHeRef": "שמות ב׳:י״ב", 
                    "sourceRef": "Exodus 2:12", 
                    "ref": "Exodus 2:12"
                }
            ], 
            "text": ""
        }, 
        {
            "segmentNumber": "13", 
            "he": "וּנְפַק בְּיוֹמָא תִּנְיָינָא וְאוֹדִיק וְהָא דָתָן וַאֲבִירָם גוּבְרִין יְהוּדָאִין נָצָן וְכַד חֲמָא דִי זְקַף דָתָן יְדֵיהּ עַל אֲבִירָם לְמִימְחֵיהּ אָמַר לֵיהּ לְמָא אַנְתְּ מָחֵי לְחַבְרָךְ", 
            "links": [
                {
                    "category": "Targum", 
                    "sourceHeRef": "שמות ב׳:י״ג", 
                    "sourceRef": "Exodus 2:13", 
                    "ref": "Exodus 2:13"
                }
            ], 
            "text": ""
        }, 
        {
            "segmentNumber": "14", 
            "he": "וַאֲמַר לֵיהּ דָתָן מַאן הוּא דְמַנֵי יָתָךְ לִגְבַר רַב וְדַיָין עֲלָנָא הֲלָא לְמִקְטְלִי אַנְתְּ אָמַר כְּמָא דִקְטַלְתָּ יַת מִצְרָאֵי וּדְחֵיל משֶׁה וַאֲמַר בְּקוּשְׁטָא אִתְפַּרְסַם פִּתְגָמָא", 
            "links": [
                {
                    "category": "Targum", 
                    "sourceHeRef": "שמות ב׳:י״ד", 
                    "sourceRef": "Exodus 2:14", 
                    "ref": "Exodus 2:14"
                }
            ], 
            "text": ""
        }, 
        {
            "segmentNumber": "15", 
            "he": "וּשְׁמַע פַּרְעה יַת פִּתְגָמָא הָדֵין וּבְעָא לְמִקְטוֹל יַת משֶׁה וְעָרַק משֶׁה מִן קֳדָם פַּרְעה וִיתֵיב בְּאַרְעָא דְמִדְיָן וִיתֵב עַל בֵּירָא", 
            "links": [
                {
                    "category": "Targum", 
                    "sourceHeRef": "שמות ב׳:ט״ו", 
                    "sourceRef": "Exodus 2:15", 
                    "ref": "Exodus 2:15"
                }
            ], 
            "text": ""
        }, 
        {
            "segmentNumber": "16", 
            "he": "וּלְאוֹנֵיס דְמִדְיָן שְׁבַע בְּנָתָא וַאֲתוֹ וּדְלָאָה וּמְלָאָה יַת מוּרְכְוָותָא לְאַשְׁקָאָה יַת עָנָא דַאֲבוּהֶן", 
            "links": [
                {
                    "category": "Targum", 
                    "sourceHeRef": "שמות ב׳:ט״ז", 
                    "sourceRef": "Exodus 2:16", 
                    "ref": "Exodus 2:16"
                }
            ], 
            "text": ""
        }, 
        {
            "segmentNumber": "17", 
            "he": "וְאָתוּן רַעֲיָא וּטְרָדוּנִין וְקָם משֶׁה בְּכחַ גְבוּרְתֵּיהּ וּפְרָקִינִין וְאַשְׁקֵי יַת עַנְהֶן", 
            "links": [
                {
                    "category": "Targum", 
                    "sourceHeRef": "שמות ב׳:י״ז", 
                    "sourceRef": "Exodus 2:17", 
                    "ref": "Exodus 2:17"
                }
            ], 
            "text": ""
        }, 
        {
            "segmentNumber": "18", 
            "he": "וַאֲתָאָה לְוַת רְעוּאֵל אָבוּהָא דַאֲבוּהוֹן וַאֲמַר מַה דֵין אוֹחֵיתוּן לְמֵיתֵי יוֹמָא דֵין", 
            "links": [
                {
                    "category": "Targum", 
                    "sourceHeRef": "שמות ב׳:י״ח", 
                    "sourceRef": "Exodus 2:18", 
                    "ref": "Exodus 2:18"
                }
            ], 
            "text": ""
        }, 
        {
            "segmentNumber": "19", 
            "he": "וְאָמָרָא גַבְרָא שֵׁיזְבָנָא מִן יְדָא דְרַעֲיָא לְחוֹד מִדוֹל חַד דָלָה לָן וְאַשְׁקֵי יַת עָנָא", 
            "links": [
                {
                    "category": "Targum", 
                    "sourceHeRef": "שמות ב׳:י״ט", 
                    "sourceRef": "Exodus 2:19", 
                    "ref": "Exodus 2:19"
                }
            ], 
            "text": ""
        }, 
        {
            "segmentNumber": "20", 
            "he": "וַאֲמַר לִבְנָתֵיהּ דִבְרֵיהּ וְהָאן הוּא דְנַן שְׁבַקְתּוּן יַת גַבְרָא קְרֵין לֵיהּ וְיֵיכוּל לַחֲמָא", 
            "links": [
                {
                    "category": "Targum", 
                    "sourceHeRef": "שמות ב׳:כ׳", 
                    "sourceRef": "Exodus 2:20", 
                    "ref": "Exodus 2:20"
                }
            ], 
            "text": ""
        }, 
        {
            "segmentNumber": "21", 
            "he": "וְכַד חַכִּים רְעוּאֵל דְעָרַק משֶׁה מִן קֳדָם פַרְעה טָלַק יָתֵיהּ לְגוּבָא וַהֲוַת צִפּוֹרָה בְּרַתֵּיהּ דִבְרֵיהּ מְפַרְנָסָא יָתֵיהּ בְּסִיתְרָא בִּזְמַן עִשַרְתִּי שְׁנִין וּלְסוֹף עִשַרְתִּי שְׁנִין אַפְקֵיהּ מִן גוּבָא וְעַל משֶׁה בְּגוֹי גִינוּנִיתָא דִרְעוּאֵל וַהֲוָה מוֹדֵי וּמַצְלֵי קֳדָם יְיָ דַעֲבֵד עִמֵיהּ נִיסִין וּגְבוּרַן וְאִיסְתְּכִיַית חוּטְרָא דְאִיתְבְּרִאַת בֵּינֵי שִׁמְשְׁתָא וְחַקְיָין וּמְפָרַשׁ עֲלָהּ שְׁמָא רַבָּא וְיַקִירָא דְבֵיהּ עָתִיד לְמֶעֱבַד יַת תִּמְהַיָא בְּמִצְרַיִם וּבֵיהּ עָתִיד לְמִבְזַע יַת יַמָא דְסוּף וּלְהַנְפָקָא מוֹי מִן כֵּיפָא וַהֲוָה דָעִיץ בְּגוֹ גִינוּנִיתָא וּמִן יַד אוֹשִׁיט יְדֵיהּ וְנַסְבֵיהּ הָא בְּכֵין צָבֵי משֶׁה לְמִתַּב עִם גַבְרָא וִיהַב יַת צִפּוֹרָה בְּרַת בְּרַתֵּיהּ לְמשֶׁה", 
            "links": [
                {
                    "category": "Targum", 
                    "sourceHeRef": "שמות ב׳:כ״א", 
                    "sourceRef": "Exodus 2:21", 
                    "ref": "Exodus 2:21"
                }
            ], 
            "text": ""
        }, 
        {
            "segmentNumber": "22", 
            "he": "וִילֵידַת בִּיר דְכַר וּקְרָא שְׁמֵיהּ גֵרְשׁוֹם אֲרוּם אָמַר דַיָר הֲוֵיתִי בְּאַרְעָא נוּכְרַיָיא דְלָא דִידִי", 
            "links": [
                {
                    "category": "Targum", 
                    "sourceHeRef": "שמות ב׳:כ״ב", 
                    "sourceRef": "Exodus 2:22", 
                    "ref": "Exodus 2:22"
                }
            ], 
            "text": ""
        }, 
        {
            "segmentNumber": "23", 
            "he": "וַהֲוָה בְּיוֹמַיָא סְגִיאַיָיא הָאִינוּן וְאִתְכְּתַשׁ מַלְכָּא דְמִצְרָיִם וּפַקֵיד לְקַטָלָא בּוּכְרַיָיא דִבְנֵי יִשְרָאֵל בְגִין לְמִסְחֵי בְּאַדְמֵיהוֹן וְאִתְאַנָחוּ בְּנֵי יִשְרָאֵל מִן פּוּלְחָנָא דַהֲוָה קַשְׁיָא עֲלֵיהוֹן וּזְעָקוּ וּסְלֵיקַת קְבֵילְתְּהוֹן לִשְׁמֵי מְרוֹמָא דַיְיָ וַאֲמַר בְּמֵימְרֵיהּ לְמִפְרוֹקִינוּן מִן פּוּלְחָנָא", 
            "links": [
                {
                    "category": "Targum", 
                    "sourceHeRef": "שמות ב׳:כ״ג", 
                    "sourceRef": "Exodus 2:23", 
                    "ref": "Exodus 2:23"
                }
            ], 
            "text": ""
        }, 
        {
            "segmentNumber": "24", 
            "he": "וּשְׁמִיעַ קֳדָם יְיָ קְבֵילְתְּהוֹן וּדְכִיר קֳדָם יְיָ יַת קְיָימֵיהּ דְקַיֵים עִם אַבְרָהָם וְעִם יִצְחָק וְעִם יַעֲקב", 
            "links": [
                {
                    "category": "Targum", 
                    "sourceHeRef": "שמות ב׳:כ״ד", 
                    "sourceRef": "Exodus 2:24", 
                    "ref": "Exodus 2:24"
                }
            ], 
            "text": ""
        }, 
        {
            "segmentNumber": "25", 
            "he": "וַחֲמָא יְיָ צַעַר שִׁעֲבּוּדְהוֹן דִבְנֵי יִשְרָאֵל וּגְלֵי קֳדָמוֹי יַת תִּיוֹבְתָּא דְעָבָדוּ בְּטוּמְרָא דְלָא יָדְעוּ אַנַשׁ בְּחַבְרֵיהּ", 
            "links": [
                {
                    "category": "Targum", 
                    "sourceHeRef": "שמות ב׳:כ״ה", 
                    "sourceRef": "Exodus 2:25", 
                    "ref": "Exodus 2:25"
                }
            ], 
            "text": ""
        }
    ], 
    "book": "Targum Jonathan on Exodus", 
    "prev": "Targum Jonathan on Exodus 1", 
    "textDepth": 2, 
    "sectionNames": [
        "Chapter", 
        "Verse"
    ], 
    "sections": [
        2
    ], 
    "isComplex": false, 
    "titleVariants": [
        "Targum Yonatan on Exodus", 
        "Targum Jonathan on Exodus"
    ], 
    "categories": [
        "Tanach", 
        "Targum"
    ], 
    "ref": "Targum Jonathan on Exodus 2", 
    "type": "Tanach", 
    "addressTypes": [
        "Integer", 
        "Integer"
    ], 
    "indexTitle": "Targum Jonathan on Exodus", 
    "heIndexTitle": "תרגום יונתן על שמות", 
    "alts": [], 
    "order": ""
}