{
    "content": [
        {
            "segmentNumber": "1", 
            "links": [
                {
                    "category": "Commentary", 
                    "index_title": "Rashi on Pesachim", 
                    "sourceHeRef": "רש\"י על פסחים ל״ו א:א׳:א׳", 
                    "sourceRef": "Rashi on Pesachim 36a:1:1"
                }, 
                {
                    "category": "Commentary", 
                    "index_title": "Rashi on Pesachim", 
                    "sourceHeRef": "רש\"י על פסחים ל״ו א:א׳:ב׳", 
                    "sourceRef": "Rashi on Pesachim 36a:1:2"
                }, 
                {
                    "category": "Commentary", 
                    "index_title": "Tosafot on Pesachim", 
                    "sourceHeRef": "תוספות על פסחים ל״ו א:א׳:א׳", 
                    "sourceRef": "Tosafot on Pesachim 36a:1:1"
                }
            ], 
            "he": "האוכל נבלה ביום הכפורים פטור"
        }, 
        {
            "segmentNumber": "2", 
            "he": "רבינא אמר"
        }, 
        {
            "segmentNumber": "3", 
            "he": "אפילו תימא רבנן"
        }, 
        {
            "segmentNumber": "4", 
            "he": "מי שאיסורו משום בל תאכל חמץ בלבד יצא זה שאין איסורו משום בל תאכל חמץ בלבד אלא אף משום בל תאכל טבל"
        }, 
        {
            "segmentNumber": "5", 
            "links": [
                {
                    "category": "Commentary", 
                    "index_title": "Rashi on Pesachim", 
                    "sourceHeRef": "רש\"י על פסחים ל״ו א:ה׳:א׳", 
                    "sourceRef": "Rashi on Pesachim 36a:5:1"
                }
            ], 
            "he": "מידי בלבד כתיב"
        }, 
        {
            "segmentNumber": "6", 
            "he": "אלא מחוורתא כדרב ששת"
        }, 
        {
            "segmentNumber": "7", 
            "he": "ת\"ר"
        }, 
        {
            "segmentNumber": "8", 
            "links": [
                {
                    "category": "Commentary", 
                    "index_title": "Rashi on Pesachim", 
                    "sourceHeRef": "רש\"י על פסחים ל״ו א:ח׳:א׳", 
                    "sourceRef": "Rashi on Pesachim 36a:8:1"
                }, 
                {
                    "category": "Tanakh", 
                    "index_title": "Deuteronomy", 
                    "sourceHeRef": "דברים ט״ז:ג׳", 
                    "sourceRef": "Deuteronomy 16:3"
                }
            ], 
            "he": "יכול יוצא אדם ידי חובתו במעשר שני בירושלים ת\"ל (דברים טז, ג) לחם עוני מה שנאכל באנינות יצא זה שאינו נאכל באנינות אלא בשמחה דברי ר' יוסי הגלילי"
        }, 
        {
            "segmentNumber": "9", 
            "he": "ר' עקיבא אומר"
        }, 
        {
            "segmentNumber": "10", 
            "he": "מצות מצות ריבה אם כן מה ת\"ל לחם עוני פרט לעיסה שנילושה ביין ושמן ודבש"
        }, 
        {
            "segmentNumber": "11", 
            "he": "מאי טעמא דר' עקיבא"
        }, 
        {
            "segmentNumber": "12", 
            "links": [
                {
                    "category": "Commentary", 
                    "index_title": "Rashi on Pesachim", 
                    "sourceHeRef": "רש\"י על פסחים ל״ו א:י״ב:א׳", 
                    "sourceRef": "Rashi on Pesachim 36a:12:1"
                }
            ], 
            "he": "מי כתיב לחם עוני עני כתיב"
        }, 
        {
            "segmentNumber": "13", 
            "he": "ור' יוסי הגלילי"
        }, 
        {
            "segmentNumber": "14", 
            "he": "מי קרינן עני"
        }, 
        {
            "segmentNumber": "15", 
            "links": [
                {
                    "category": "Commentary", 
                    "index_title": "Tosafot on Pesachim", 
                    "sourceHeRef": "תוספות על פסחים ל״ו א:ט״ו:א׳", 
                    "sourceRef": "Tosafot on Pesachim 36a:15:1"
                }
            ], 
            "he": "עוני קרינן"
        }, 
        {
            "segmentNumber": "16", 
            "he": "ור' עקיבא"
        }, 
        {
            "segmentNumber": "17", 
            "he": "האי דקרינן ביה עוני כדשמואל דאמר שמואל"
        }, 
        {
            "segmentNumber": "18", 
            "links": [
                {
                    "category": "Commentary", 
                    "index_title": "Rashi on Pesachim", 
                    "sourceHeRef": "רש\"י על פסחים ל״ו א:י״ח:א׳", 
                    "sourceRef": "Rashi on Pesachim 36a:18:1"
                }
            ], 
            "he": "לחם עוני לחם שעונין עליו דברים הרבה"
        }, 
        {
            "segmentNumber": "19", 
            "he": "וסבר ר\"ע עיסה שנילושה ביין ושמן ודבש לא"
        }, 
        {
            "segmentNumber": "20", 
            "he": "והתניא"
        }, 
        {
            "segmentNumber": "21", 
            "links": [
                {
                    "category": "Commentary", 
                    "index_title": "Rashi on Pesachim", 
                    "sourceHeRef": "רש\"י על פסחים ל״ו א:כ״א:א׳", 
                    "sourceRef": "Rashi on Pesachim 36a:21:1"
                }, 
                {
                    "category": "Commentary", 
                    "index_title": "Rosh on Pesachim", 
                    "sourceHeRef": " פסקי הראש על פסחים ב׳:י״ג:א׳", 
                    "sourceRef": "Rosh on Pesachim 2:13:1"
                }
            ], 
            "he": "אין לשין עיסה בפסח ביין ושמן ודבש"
        }, 
        {
            "segmentNumber": "22", 
            "he": "ואם לש רבן גמליאל אומר"
        }, 
        {
            "segmentNumber": "23", 
            "links": [
                {
                    "category": "Commentary", 
                    "index_title": "Rashi on Pesachim", 
                    "sourceHeRef": "רש\"י על פסחים ל״ו א:כ״ג:א׳", 
                    "sourceRef": "Rashi on Pesachim 36a:23:1"
                }
            ], 
            "he": "תשרף מיד וחכמים אומרים"
        }, 
        {
            "segmentNumber": "24", 
            "he": "יאכל"
        }, 
        {
            "segmentNumber": "25", 
            "he": "ואמר רבי עקיבא"
        }, 
        {
            "segmentNumber": "26", 
            "links": [
                {
                    "category": "Commentary", 
                    "index_title": "Rashi on Pesachim", 
                    "sourceHeRef": "רש\"י על פסחים ל״ו א:כ״ו:א׳", 
                    "sourceRef": "Rashi on Pesachim 36a:26:1"
                }
            ], 
            "he": "שבתי היתה אצל רבי אליעזר ורבי יהושע ולשתי להם עיסה ביין ושמן ודבש ולא אמרו לי דבר"
        }, 
        {
            "segmentNumber": "27", 
            "links": [
                {
                    "category": "Commentary", 
                    "index_title": "Rashi on Pesachim", 
                    "sourceHeRef": "רש\"י על פסחים ל״ו א:כ״ז:א׳", 
                    "sourceRef": "Rashi on Pesachim 36a:27:1"
                }
            ], 
            "he": "ואף על פי שאין לשין מקטפין בו"
        }, 
        {
            "segmentNumber": "28", 
            "he": "אתאן לתנא קמא"
        }, 
        {
            "segmentNumber": "29", 
            "links": [
                {
                    "category": "Commentary", 
                    "index_title": "Rashi on Pesachim", 
                    "sourceHeRef": "רש\"י על פסחים ל״ו א:כ״ט:א׳", 
                    "sourceRef": "Rashi on Pesachim 36a:29:1"
                }
            ], 
            "he": "וחכמים אומרים"
        }, 
        {
            "segmentNumber": "30", 
            "he": "את שלשין בו מקטפין בו ואת שאין לשין בו אין מקטפין בו"
        }, 
        {
            "segmentNumber": "31", 
            "links": [
                {
                    "category": "Commentary", 
                    "index_title": "Rashi on Pesachim", 
                    "sourceHeRef": "רש\"י על פסחים ל״ו א:ל״א:א׳", 
                    "sourceRef": "Rashi on Pesachim 36a:31:1"
                }
            ], 
            "he": "ושוין שאין לשין את העיסה בפושרין"
        }, 
        {
            "segmentNumber": "32", 
            "links": [
                {
                    "category": "Commentary", 
                    "index_title": "Rashi on Pesachim", 
                    "sourceHeRef": "רש\"י על פסחים ל״ו א:ל״ב:א׳", 
                    "sourceRef": "Rashi on Pesachim 36a:32:1"
                }
            ], 
            "he": "לא קשיא הא ביום טוב ראשון הא ביום טוב שני"
        }, 
        {
            "segmentNumber": "33", 
            "he": "כדאמר להו ר' יהושע לבניה"
        }, 
        {
            "segmentNumber": "34", 
            "he": "יומא קמא לא תלושו לי בחלבא מכאן ואילך לושו לי בחלבא"
        }, 
        {
            "segmentNumber": "35", 
            "he": "והתניא"
        }, 
        {
            "segmentNumber": "36", 
            "links": [
                {
                    "category": "Commentary", 
                    "index_title": "Rashi on Pesachim", 
                    "sourceHeRef": "רש\"י על פסחים ל״ו א:ל״ו:א׳", 
                    "sourceRef": "Rashi on Pesachim 36a:36:1"
                }
            ], 
            "he": "אין לשין את העיסה בחלב ואם לש כל הפת אסורה מפני הרגל עבירה"
        }, 
        {
            "segmentNumber": "37", 
            "he": "אלא הכי קאמר"
        }, 
        {
            "segmentNumber": "38", 
            "he": "יומא קמא לא תלושו לי בדובשא מכאן ואילך לושו לי בדובשא"
        }, 
        {
            "segmentNumber": "39", 
            "he": "ואיבעית אימא"
        }, 
        {
            "segmentNumber": "40", 
            "he": "לעולם בחלבא כדאמר רבינא"
        }, 
        {
            "segmentNumber": "41", 
            "links": [
                {
                    "category": "Commentary", 
                    "index_title": "Rashi on Pesachim", 
                    "sourceHeRef": "רש\"י על פסחים ל״ו א:מ״א:א׳", 
                    "sourceRef": "Rashi on Pesachim 36a:41:1"
                }
            ], 
            "he": "כעין תורא שרי הכא נמי"
        }, 
        {
            "segmentNumber": "42", 
            "he": "כעין תורא:"
        }, 
        {
            "segmentNumber": "43", 
            "he": "ושוין שאין לשין את העיסה בפושרין:"
        }, 
        {
            "segmentNumber": "44", 
            "links": [
                {
                    "category": "Commentary", 
                    "index_title": "Rashi on Pesachim", 
                    "sourceHeRef": "רש\"י על פסחים ל״ו א:מ״ד:א׳", 
                    "sourceRef": "Rashi on Pesachim 36a:44:1"
                }, 
                {
                    "category": "Commentary", 
                    "index_title": "Rashi on Pesachim", 
                    "sourceHeRef": "רש\"י על פסחים ל״ו א:מ״ד:ב׳", 
                    "sourceRef": "Rashi on Pesachim 36a:44:2"
                }
            ], 
            "he": "מאי שנא ממנחות"
        }, 
        {
            "segmentNumber": "45", 
            "he": "דתנן"
        }, 
        {
            "segmentNumber": "46", 
            "links": [
                {
                    "category": "Commentary", 
                    "index_title": "Rashi on Pesachim", 
                    "sourceHeRef": "רש\"י על פסחים ל״ו א:מ״ו:א׳", 
                    "sourceRef": "Rashi on Pesachim 36a:46:1"
                }
            ], 
            "he": "כל המנחות נילושות בפושרין (ומשתמרין) שלא יחמצו"
        }, 
        {
            "segmentNumber": "47", 
            "he": "אם אמרו בזריזין יאמרו בשאין זריזין"
        }, 
        {
            "segmentNumber": "48", 
            "links": [
                {
                    "category": "Commentary", 
                    "index_title": "Rashi on Pesachim", 
                    "sourceHeRef": "רש\"י על פסחים ל״ו א:מ״ח:א׳", 
                    "sourceRef": "Rashi on Pesachim 36a:48:1"
                }
            ], 
            "he": "אי הכי מילתת נמי לתית"
        }, 
        {
            "segmentNumber": "49", 
            "he": "אלמה אמר רבי זירא אמר רבה בר ירמיה אמר שמואל"
        }, 
        {
            "segmentNumber": "50", 
            "he": "חיטין של מנחות אין לותתין אותה"
        }, 
        {
            "segmentNumber": "51", 
            "links": [
                {
                    "category": "Commentary", 
                    "index_title": "Rashi on Pesachim", 
                    "sourceHeRef": "רש\"י על פסחים ל״ו א:נ״א:א׳", 
                    "sourceRef": "Rashi on Pesachim 36a:51:1"
                }, 
                {
                    "category": "Commentary", 
                    "index_title": "Rashi on Pesachim", 
                    "sourceHeRef": "רש\"י על פסחים ל״ו א:נ״א:ב׳", 
                    "sourceRef": "Rashi on Pesachim 36a:51:2"
                }, 
                {
                    "category": "Commentary", 
                    "index_title": "Rashi on Pesachim", 
                    "sourceHeRef": "רש\"י על פסחים ל״ו א:נ״א:ג׳", 
                    "sourceRef": "Rashi on Pesachim 36a:51:3"
                }
            ], 
            "he": "לישה בזריזין איתא לתיתה ליתא בזריזין"
        }, 
        {
            "segmentNumber": "52", 
            "he": "ולישה מי איתא בזריזין"
        }, 
        {
            "segmentNumber": "53", 
            "links": [
                {
                    "category": "Commentary", 
                    "index_title": "Rashi on Pesachim", 
                    "sourceHeRef": "רש\"י על פסחים ל״ו א:נ״ג:א׳", 
                    "sourceRef": "Rashi on Pesachim 36a:53:1"
                }, 
                {
                    "category": "Tanakh", 
                    "index_title": "Leviticus", 
                    "sourceHeRef": "ויקרא ב׳:א׳", 
                    "sourceRef": "Leviticus 2:1"
                }
            ], 
            "he": "והכתיב (ויקרא ב, א) ויצק עליה שמן וגו' והביאה אל הכהן מקמיצה ואילך מצות כהונה לימד על יציקה ובלילה שכשירה בכל אדם"
        }, 
        {
            "segmentNumber": "54", 
            "links": [
                {
                    "category": "Commentary", 
                    "index_title": "Rashi on Pesachim", 
                    "sourceHeRef": "רש\"י על פסחים ל״ו א:נ״ד:א׳", 
                    "sourceRef": "Rashi on Pesachim 36a:54:1"
                }, 
                {
                    "category": "Commentary", 
                    "index_title": "Tosafot on Pesachim", 
                    "sourceHeRef": "תוספות על פסחים ל״ו א:נ״ד:א׳", 
                    "sourceRef": "Tosafot on Pesachim 36a:54:1"
                }
            ], 
            "he": "לישה נהי דבזריזין ליתא במקום זריזין איתא"
        }, 
        {
            "segmentNumber": "55", 
            "he": "דאמר מר"
        }, 
        {
            "segmentNumber": "56", 
            "he": "בלילה כשירה בזר חוץ לחומת עזרה פסולה"
        }, 
        {
            "segmentNumber": "57", 
            "he": "לאפוקי לתיתה דאינה בזריזין ולא במקום זריזין"
        }, 
        {
            "segmentNumber": "58", 
            "links": [
                {
                    "category": "Commentary", 
                    "index_title": "Rashi on Pesachim", 
                    "sourceHeRef": "רש\"י על פסחים ל״ו א:נ״ח:א׳", 
                    "sourceRef": "Rashi on Pesachim 36a:58:1"
                }
            ], 
            "he": "ומאי שנא ממנחת העומר"
        }, 
        {
            "segmentNumber": "59", 
            "he": "דתניא"
        }, 
        {
            "segmentNumber": "60", 
            "he": "מנחת העומר לותתין אותה וצוברין אותה"
        }, 
        {
            "segmentNumber": "61", 
            "links": [
                {
                    "category": "Commentary", 
                    "index_title": "Rashi on Pesachim", 
                    "sourceHeRef": "רש\"י על פסחים ל״ו א:ס״א:א׳", 
                    "sourceRef": "Rashi on Pesachim 36a:61:1"
                }
            ], 
            "he": "ציבור שאני"
        }, 
        {
            "segmentNumber": "62", 
            "he": "תנו רבנן"
        }, 
        {
            "segmentNumber": "63", 
            "links": [
                {
                    "category": "Commentary", 
                    "index_title": "Rashi on Pesachim", 
                    "sourceHeRef": "רש\"י על פסחים ל״ו א:ס״ג:א׳", 
                    "sourceRef": "Rashi on Pesachim 36a:63:1"
                }, 
                {
                    "category": "Commentary", 
                    "index_title": "Rashi on Pesachim", 
                    "sourceHeRef": "רש\"י על פסחים ל״ו א:ס״ג:ב׳", 
                    "sourceRef": "Rashi on Pesachim 36a:63:2"
                }, 
                {
                    "category": "Tanakh", 
                    "index_title": "Exodus", 
                    "sourceHeRef": "שמות י״ב:כ׳", 
                    "sourceRef": "Exodus 12:20"
                }
            ], 
            "he": "יכול יוצא אדם ידי חובתו בבכורים תלמוד לומר (שמות יב, כ) בכל מושבותיכם תאכלו מצות מצה הנאכלת בכל מושבותיכם יצאו בכורים שאין נאכלין בכל מושבותיכם אלא בירושלים דברי רבי יוסי הגלילי"
        }, 
        {
            "segmentNumber": "64", 
            "he": "רבי עקיבא אומר"
        }, 
        {
            "segmentNumber": "65", 
            "links": [
                {
                    "category": "Commentary", 
                    "index_title": "Rashi on Pesachim", 
                    "sourceHeRef": "רש\"י על פסחים ל״ו א:ס״ה:א׳", 
                    "sourceRef": "Rashi on Pesachim 36a:65:1"
                }, 
                {
                    "category": "Commentary", 
                    "index_title": "Rashi on Pesachim", 
                    "sourceHeRef": "רש\"י על פסחים ל״ו א:ס״ה:ב׳", 
                    "sourceRef": "Rashi on Pesachim 36a:65:2"
                }, 
                {
                    "category": "Commentary", 
                    "index_title": "Tosafot on Pesachim", 
                    "sourceHeRef": "תוספות על פסחים ל״ו א:ס״ה:א׳", 
                    "sourceRef": "Tosafot on Pesachim 36a:65:1"
                }
            ], 
            "he": "מצה ומרור מה מרור שאינו בכורים אף מצה שאינה בכורים"
        }, 
        {
            "segmentNumber": "66", 
            "links": [
                {
                    "category": "Commentary", 
                    "index_title": "Tosafot on Pesachim", 
                    "sourceHeRef": "תוספות על פסחים ל״ו א:ס״ו:א׳", 
                    "sourceRef": "Tosafot on Pesachim 36a:66:1"
                }
            ], 
            "he": "אי מה מרור שאין במינו בכורים אף מצה שאין במינה בכורים"
        }
    ], 
    "heTitle": "פסחים ל״ו א", 
    "indexTitle": "Pesachim", 
    "sectionRef": "Pesachim 36a", 
    "prev": "Pesachim 35b", 
    "ref": "Pesachim 36a", 
    "heRef": "פסחים ל״ו א", 
    "next": "Pesachim 36b"
}