{
    "heTitleVariants": [
        "פסחים"
    ], 
    "heTitle": "פסחים מ״ה א", 
    "content": [
        {
            "segmentNumber": "1", 
            "he": "משום דהוה נזיר וחטאת שני כתובין הבאין כאחד ואין מלמדין", 
            "links": [
                {
                    "category": "Commentary", 
                    "sourceHeRef": "רש\"י על פסחים מ״ה א:א׳:א׳", 
                    "sourceRef": "Rashi on Pesachim 45a:1:1", 
                    "ref": "Rashi on Pesachim 45a:1:1"
                }, 
                {
                    "category": "Commentary", 
                    "sourceHeRef": "תוספות על פסחים מ״ה א:א׳:א׳", 
                    "sourceRef": "Tosafot on Pesachim 45a:1:1", 
                    "ref": "Tosafot on Pesachim 45a:1:1"
                }
            ], 
            "text": ""
        }, 
        {
            "segmentNumber": "2", 
            "he": "נזיר הא דאמרן חטאת מאי היא", 
            "links": [], 
            "text": ""
        }, 
        {
            "segmentNumber": "3", 
            "he": "דתניא", 
            "links": [], 
            "text": ""
        }, 
        {
            "segmentNumber": "4", 
            "he": "(ויקרא ו, כ) כל אשר יגע בבשרה יקדש וגו' יכול אפילו לא בלעה ת\"ל בבשרה (יקדש) עד שיבלע בבשר", 
            "links": [
                {
                    "category": "Commentary", 
                    "sourceHeRef": "רש\"י על פסחים מ״ה א:ד׳:א׳", 
                    "sourceRef": "Rashi on Pesachim 45a:4:1", 
                    "ref": "Rashi on Pesachim 45a:4:1"
                }, 
                {
                    "category": "Commentary", 
                    "sourceHeRef": "רש\"י על פסחים מ״ה א:ד׳:ב׳", 
                    "sourceRef": "Rashi on Pesachim 45a:4:2", 
                    "ref": "Rashi on Pesachim 45a:4:2"
                }, 
                {
                    "category": "Tanach", 
                    "sourceHeRef": "ויקרא ו׳:כ׳", 
                    "sourceRef": "Leviticus 6:20", 
                    "ref": "Leviticus 6:20"
                }
            ], 
            "text": ""
        }, 
        {
            "segmentNumber": "5", 
            "he": "יקדש להיות כמוה שאם פסולה היא תיפסל ואם כשירה היא תאכל כחמור שבה", 
            "links": [
                {
                    "category": "Commentary", 
                    "sourceHeRef": "רש\"י על פסחים מ״ה א:ה׳:א׳", 
                    "sourceRef": "Rashi on Pesachim 45a:5:1", 
                    "ref": "Rashi on Pesachim 45a:5:1"
                }
            ], 
            "text": ""
        }, 
        {
            "segmentNumber": "6", 
            "he": "ורבנן נמי ניהוי נזיר וחטאת שני כתובין הבאין כאחד ואין מלמדין", 
            "links": [
                {
                    "category": "Commentary", 
                    "sourceHeRef": "תוספות על פסחים מ״ה א:ו׳:א׳", 
                    "sourceRef": "Tosafot on Pesachim 45a:6:1", 
                    "ref": "Tosafot on Pesachim 45a:6:1"
                }
            ], 
            "text": ""
        }, 
        {
            "segmentNumber": "7", 
            "he": "אמרי", 
            "links": [
                {
                    "category": "Commentary", 
                    "sourceHeRef": "תוספות על פסחים מ״ה א:ז׳:א׳", 
                    "sourceRef": "Tosafot on Pesachim 45a:7:1", 
                    "ref": "Tosafot on Pesachim 45a:7:1"
                }, 
                {
                    "category": "Commentary", 
                    "sourceHeRef": "תוספות על פסחים מ״ה א:ז׳:ב׳", 
                    "sourceRef": "Tosafot on Pesachim 45a:7:2", 
                    "ref": "Tosafot on Pesachim 45a:7:2"
                }
            ], 
            "text": ""
        }, 
        {
            "segmentNumber": "8", 
            "he": "הנהו מיצריך צריכי", 
            "links": [], 
            "text": ""
        }, 
        {
            "segmentNumber": "9", 
            "he": "ור\"ע", 
            "links": [], 
            "text": ""
        }, 
        {
            "segmentNumber": "10", 
            "he": "מאי צריכי", 
            "links": [], 
            "text": ""
        }, 
        {
            "segmentNumber": "11", 
            "he": "בשלמא אי כתב רחמנא בחטאת לא גמר נזיר מינה דחולין מקדשים לא גמרינן", 
            "links": [], 
            "text": ""
        }, 
        {
            "segmentNumber": "12", 
            "he": "אלא לכתוב רחמנא בנזיר ותיתי חטאת ותגמור מיניה דהא כל איסורין שבתורה קא גמר מנזיר", 
            "links": [], 
            "text": ""
        }, 
        {
            "segmentNumber": "13", 
            "he": "ורבנן אמרי לך", 
            "links": [
                {
                    "category": "Commentary", 
                    "sourceHeRef": "תוספות על פסחים מ״ה א:י״ג:א׳", 
                    "sourceRef": "Tosafot on Pesachim 45a:13:1", 
                    "ref": "Tosafot on Pesachim 45a:13:1"
                }, 
                {
                    "category": "Commentary", 
                    "sourceHeRef": "רש\"י על פסחים מ״ה א:י״ג:א׳", 
                    "sourceRef": "Rashi on Pesachim 45a:13:1", 
                    "ref": "Rashi on Pesachim 45a:13:1"
                }
            ], 
            "text": ""
        }, 
        {
            "segmentNumber": "14", 
            "he": "מיצרך צריכי", 
            "links": [
                {
                    "category": "Commentary", 
                    "sourceHeRef": "רש\"י על פסחים מ״ה א:י״ד:א׳", 
                    "sourceRef": "Rashi on Pesachim 45a:14:1", 
                    "ref": "Rashi on Pesachim 45a:14:1"
                }
            ], 
            "text": ""
        }, 
        {
            "segmentNumber": "15", 
            "he": "חטאת להיתר מצטרף לאיסור וחולין מקדשים לא גמר", 
            "links": [
                {
                    "category": "Commentary", 
                    "sourceHeRef": "רש\"י על פסחים מ״ה א:ט״ו:א׳", 
                    "sourceRef": "Rashi on Pesachim 45a:15:1", 
                    "ref": "Rashi on Pesachim 45a:15:1"
                }
            ], 
            "text": ""
        }, 
        {
            "segmentNumber": "16", 
            "he": "ומשרת ליתן טעם כעיקר ומכאן אתה דן לכל התורה כולה", 
            "links": [], 
            "text": ""
        }, 
        {
            "segmentNumber": "17", 
            "he": "ור' עקיבא תרוייהו להיתר מצטרף לאיסור והוו להו שני כתובין הבאין כאחד וכל שני כתובין הבאין כאחד אין מלמדין", 
            "links": [
                {
                    "category": "Commentary", 
                    "sourceHeRef": "רש\"י על פסחים מ״ה א:י״ז:א׳", 
                    "sourceRef": "Rashi on Pesachim 45a:17:1", 
                    "ref": "Rashi on Pesachim 45a:17:1"
                }
            ], 
            "text": ""
        }, 
        {
            "segmentNumber": "18", 
            "he": "א\"ל רב אשי לרב כהנא", 
            "links": [], 
            "text": ""
        }, 
        {
            "segmentNumber": "19", 
            "he": "אלא הא דתניא", 
            "links": [], 
            "text": ""
        }, 
        {
            "segmentNumber": "20", 
            "he": "(במדבר ו, ד) מכל אשר יעשה מגפן היין מחרצנים ועד זג לימד על איסורי נזיר שמצטרפים זה עם זה", 
            "links": [
                {
                    "category": "Commentary", 
                    "sourceHeRef": "רש\"י על פסחים מ״ה א:כ׳:א׳", 
                    "sourceRef": "Rashi on Pesachim 45a:20:1", 
                    "ref": "Rashi on Pesachim 45a:20:1"
                }, 
                {
                    "category": "Tanach", 
                    "sourceHeRef": "במדבר ו׳:ד׳", 
                    "sourceRef": "Numbers 6:4", 
                    "ref": "Numbers 6:4"
                }
            ], 
            "text": ""
        }, 
        {
            "segmentNumber": "21", 
            "he": "השתא לר\"ע איסור והיתר מצטרפין איסור ואיסור מיבעיא", 
            "links": [
                {
                    "category": "Commentary", 
                    "sourceHeRef": "רש\"י על פסחים מ״ה א:כ״א:א׳", 
                    "sourceRef": "Rashi on Pesachim 45a:21:1", 
                    "ref": "Rashi on Pesachim 45a:21:1"
                }
            ], 
            "text": ""
        }, 
        {
            "segmentNumber": "22", 
            "he": "אמר ליה", 
            "links": [], 
            "text": ""
        }, 
        {
            "segmentNumber": "23", 
            "he": "איסור והיתר בבת אחת איסור ואיסור בזה אחר זה:", 
            "links": [], 
            "text": ""
        }, 
        {
            "segmentNumber": "24", 
            "he": "<big><strong>מתני׳</strong></big> בצק שבסידקי עריבה אם יש כזית במקום אחד חייב לבער ואם (לא) בטל במיעוטו", 
            "links": [], 
            "text": ""
        }, 
        {
            "segmentNumber": "25", 
            "he": "וכן לענין הטומאה אם מקפיד עליו חוצץ ואם רוצה בקיומו הרי הוא כעריבה:", 
            "links": [
                {
                    "category": "Commentary", 
                    "sourceHeRef": "רש\"י על פסחים מ״ה א:כ״ה:א׳", 
                    "sourceRef": "Rashi on Pesachim 45a:25:1", 
                    "ref": "Rashi on Pesachim 45a:25:1"
                }
            ], 
            "text": ""
        }, 
        {
            "segmentNumber": "26", 
            "he": "<big><strong>גמ׳</strong></big> אמר רב יהודה אמר שמואל", 
            "links": [
                {
                    "category": "Commentary", 
                    "sourceHeRef": "רש\"י על פסחים מ״ה א:כ״ו:א׳", 
                    "sourceRef": "Rashi on Pesachim 45a:26:1", 
                    "ref": "Rashi on Pesachim 45a:26:1"
                }
            ], 
            "text": ""
        }, 
        {
            "segmentNumber": "27", 
            "he": "לא שנו אלא במקום שאין עשויין לחזק אבל במקום שעשויין לחזק אינו חייב לבער", 
            "links": [
                {
                    "category": "Commentary", 
                    "sourceHeRef": "תוספות על פסחים מ״ה א:כ״ז:א׳", 
                    "sourceRef": "Tosafot on Pesachim 45a:27:1", 
                    "ref": "Tosafot on Pesachim 45a:27:1"
                }
            ], 
            "text": ""
        }, 
        {
            "segmentNumber": "28", 
            "he": "מכלל דפחות מכזית אפי' במקום שאין עשוי לחזק אינו חייב לבער", 
            "links": [
                {
                    "category": "Commentary", 
                    "sourceHeRef": "רש\"י על פסחים מ״ה א:כ״ח:א׳", 
                    "sourceRef": "Rashi on Pesachim 45a:28:1", 
                    "ref": "Rashi on Pesachim 45a:28:1"
                }
            ], 
            "text": ""
        }, 
        {
            "segmentNumber": "29", 
            "he": "איכא דמתני לה אסיפא", 
            "links": [
                {
                    "category": "Commentary", 
                    "sourceHeRef": "רש\"י על פסחים מ״ה א:כ״ט:א׳", 
                    "sourceRef": "Rashi on Pesachim 45a:29:1", 
                    "ref": "Rashi on Pesachim 45a:29:1"
                }
            ], 
            "text": ""
        }, 
        {
            "segmentNumber": "30", 
            "he": "ואם לאו בטל במיעוטו", 
            "links": [
                {
                    "category": "Commentary", 
                    "sourceHeRef": " פסקי הראש על פסחים ג׳:ב׳:א׳", 
                    "sourceRef": "Rosh on Pesachim 3:2:1", 
                    "ref": "Rosh on Pesachim 3:2:1"
                }
            ], 
            "text": ""
        }, 
        {
            "segmentNumber": "31", 
            "he": "אמר רב יהודה אמר שמואל", 
            "links": [
                {
                    "category": "Commentary", 
                    "sourceHeRef": " פסקי הראש על פסחים ג׳:ב׳:ב׳", 
                    "sourceRef": "Rosh on Pesachim 3:2:2", 
                    "ref": "Rosh on Pesachim 3:2:2"
                }
            ], 
            "text": ""
        }, 
        {
            "segmentNumber": "32", 
            "he": "לא שנו אלא במקום העשוי לחזק אבל במקום שאין עשוי לחזק חייב לבער", 
            "links": [], 
            "text": ""
        }, 
        {
            "segmentNumber": "33", 
            "he": "מכלל דכזית אפילו במקום העשוי לחזק חייב לבער", 
            "links": [], 
            "text": ""
        }, 
        {
            "segmentNumber": "34", 
            "he": "תניא כלישנא קמא תניא כלישנא בתרא", 
            "links": [], 
            "text": ""
        }, 
        {
            "segmentNumber": "35", 
            "he": "תניא כלישנא קמא", 
            "links": [], 
            "text": ""
        }, 
        {
            "segmentNumber": "36", 
            "he": "בצק שבסידקי עריבה במקום העשוי לחזק אינו חוצץ ואינו עובר", 
            "links": [], 
            "text": ""
        }, 
        {
            "segmentNumber": "37", 
            "he": "ובמקום שאין עשוי לחזק חוצץ ועובר", 
            "links": [], 
            "text": ""
        }, 
        {
            "segmentNumber": "38", 
            "he": "במה דברים אמורים בכזית אבל בפחות מכזית אפילו במקום שאין עשוי לחזק אינו חוצץ ואינו עובר", 
            "links": [], 
            "text": ""
        }, 
        {
            "segmentNumber": "39", 
            "he": "ותניא כלישנא בתרא", 
            "links": [], 
            "text": ""
        }, 
        {
            "segmentNumber": "40", 
            "he": "בצק שבסידקי עריבה במקום העשוי לחזק", 
            "links": [], 
            "text": ""
        }
    ], 
    "heRef": "פסחים מ״ה א", 
    "toSections": [
        "45a"
    ], 
    "sectionRef": "Pesachim 45a", 
    "title": "Pesachim 45a", 
    "lengths": [
        240, 
        11546
    ], 
    "next": "Pesachim 45b", 
    "heBook": "פסחים", 
    "book": "Pesachim", 
    "prev": "Pesachim 44b", 
    "textDepth": 2, 
    "sectionNames": [
        "Daf", 
        "Line"
    ], 
    "sections": [
        "45a"
    ], 
    "isComplex": false, 
    "titleVariants": [
        "Pesachim", 
        "Masekhet Pesachim", 
        "Talmud Pesachim", 
        "Tractate Pesachim", 
        "Pesahim"
    ], 
    "categories": [
        "Talmud", 
        "Bavli", 
        "Seder Moed"
    ], 
    "ref": "Pesachim 45a", 
    "type": "Talmud", 
    "addressTypes": [
        "Talmud", 
        "Integer"
    ], 
    "length": 240, 
    "indexTitle": "Pesachim", 
    "heIndexTitle": "פסחים", 
    "alts": [], 
    "order": [
        4, 
        3
    ]
}