[{
    "links": [
        [
            "59b:1", 
            "Rashi on Pesachim 59b:1:1", 
            "Commentary"
        ], 
        [
            "59b:1", 
            "Leviticus 14:20", 
            "Tanach"
        ], 
        [
            "59b:4", 
            "Rashi on Pesachim 59b:4:1", 
            "Commentary"
        ], 
        [
            "59b:6", 
            "Rashi on Pesachim 59b:6:1", 
            "Commentary"
        ], 
        [
            "59b:7", 
            "Rashi on Pesachim 59b:7:1", 
            "Commentary"
        ], 
        [
            "59b:8", 
            "Rashi on Pesachim 59b:8:1", 
            "Commentary"
        ], 
        [
            "59b:10", 
            "Rashi on Pesachim 59b:10:1", 
            "Commentary"
        ], 
        [
            "59b:10", 
            "Leviticus 7:31", 
            "Tanach"
        ], 
        [
            "59b:12", 
            "Rashi on Pesachim 59b:12:1", 
            "Commentary"
        ], 
        [
            "59b:12", 
            "Rashi on Pesachim 59b:12:2", 
            "Commentary"
        ], 
        [
            "59b:12", 
            "Exodus 29:33", 
            "Tanach"
        ], 
        [
            "59b:14", 
            "Rashi on Pesachim 59b:14:1", 
            "Commentary"
        ], 
        [
            "59b:14", 
            "Tosafot on Pesachim 59b:14:1", 
            "Commentary"
        ], 
        [
            "59b:16", 
            "Tosafot on Pesachim 59b:16:1", 
            "Commentary"
        ], 
        [
            "59b:16", 
            "Leviticus 7:31", 
            "Tanach"
        ], 
        [
            "59b:18", 
            "Rashi on Pesachim 59b:18:1", 
            "Commentary"
        ], 
        [
            "59b:18", 
            "Exodus 23:18", 
            "Tanach"
        ], 
        [
            "59b:19", 
            "Rashi on Pesachim 59b:19:1", 
            "Commentary"
        ], 
        [
            "59b:19", 
            "Leviticus 6:5", 
            "Tanach"
        ], 
        [
            "59b:21", 
            "Rashi on Pesachim 59b:21:1", 
            "Commentary"
        ], 
        [
            "59b:23", 
            "Exodus 34:25", 
            "Tanach"
        ], 
        [
            "59b:24", 
            "Rashi on Pesachim 59b:24:1", 
            "Commentary"
        ], 
        [
            "59b:24", 
            "Rashi on Pesachim 59b:24:2", 
            "Commentary"
        ], 
        [
            "59b:25", 
            "Tosafot on Pesachim 59b:25:1", 
            "Commentary"
        ], 
        [
            "59b:25", 
            "Numbers 28:10", 
            "Tanach"
        ], 
        [
            "59b:28", 
            "Tosafot on Pesachim 59b:28:1", 
            "Commentary"
        ], 
        [
            "59b:30", 
            "Rashi on Pesachim 59b:30:1", 
            "Commentary"
        ], 
        [
            "59b:32", 
            "Rashi on Pesachim 59b:32:1", 
            "Commentary"
        ], 
        [
            "59b:33", 
            "Rashi on Pesachim 59b:33:1", 
            "Commentary"
        ], 
        [
            "59b:33", 
            "Rashi on Pesachim 59b:33:2", 
            "Commentary"
        ], 
        [
            "59b:33", 
            "Rashi on Pesachim 59b:33:3", 
            "Commentary"
        ], 
        [
            "59b:33", 
            "Rashi on Pesachim 59b:33:4", 
            "Commentary"
        ], 
        [
            "59b:33-36", 
            "Mishnah Pesachim 5:2", 
            "Mishnah"
        ], 
        [
            "59b:38", 
            "Rashi on Pesachim 59b:38:1", 
            "Commentary"
        ], 
        [
            "59b:40", 
            "Rashi on Pesachim 59b:40:1", 
            "Commentary"
        ], 
        [
            "59b:40", 
            "Tosafot on Pesachim 59b:40:1", 
            "Commentary"
        ], 
        [
            "59b", 
            "Messilat Yesharim 27:4", 
            "Musar"
        ], 
        [
            "59b", 
            "Sefer HaChinukh 102:1", 
            "Halakhah"
        ], 
        [
            "59b", 
            "Sefer HaChinukh 446:2", 
            "Halakhah"
        ], 
        [
            "59b", 
            "Sefer HaChinukh 608:2", 
            "Halakhah"
        ], 
        [
            "59b", 
            "Tosafot on Yoma 5a:2:1", 
            "Quoting Commentary"
        ], 
        [
            "59b", 
            "Rashi on Yevamot 104b:32:2", 
            "Quoting Commentary"
        ], 
        [
            "59b", 
            "Sforno on Leviticus 4:27:1", 
            "Quoting Commentary"
        ], 
        [
            "59b", 
            "Tosafot on Kiddushin 13b:4:1", 
            "Quoting Commentary"
        ], 
        [
            "59b", 
            "Kessef Mishneh on Mishneh Torah, Sacrificial Procedure 9:11:1", 
            "Halakhah"
        ], 
        [
            "59b", 
            "Tosafot on Zevachim 2b:22:1", 
            "Quoting Commentary"
        ], 
        [
            "59b", 
            "Tosafot on Menachot 26b:24:1", 
            "Quoting Commentary"
        ], 
        [
            "59b", 
            "Tosafot on Zevachim 6a:39:1", 
            "Quoting Commentary"
        ]
    ], 
    "text": [], 
    "heTitleVariants": [
        "פסחים"
    ], 
    "heTitle": "פסחים נ״ט ב", 
    "heRef": "פסחים נ״ט ב", 
    "toSections": [
        "59b"
    ], 
    "sectionRef": "Pesachim 59b", 
    "title": "Pesachim 59b", 
    "lengths": [
        240, 
        11546
    ], 
    "next": "Pesachim 60a", 
    "heBook": "פסחים", 
    "book": "Pesachim", 
    "prev": "Pesachim 59a", 
    "textDepth": 2, 
    "sectionNames": [
        "Daf", 
        "Line"
    ], 
    "sections": [
        "59b"
    ], 
    "isComplex": false, 
    "titleVariants": [
        "Pesachim", 
        "Masekhet Pesachim", 
        "Talmud Pesachim", 
        "Tractate Pesachim", 
        "Pesahim"
    ], 
    "categories": [
        "Talmud", 
        "Bavli", 
        "Seder Moed"
    ], 
    "he": [
        "(ויקרא יד, כ) והעלה הכהן את העולה שהעלה כבר", 
        "אמר ליה רב שמן בר אבא לרב פפא", 
        "לדידך דאמרת מעלה ומלינה בראשו של מזבח קיימין ועבדינן מילתא לכהנים דאתו בה לידי תקלה", 
        "דסברי דיומיה הוא ואתו לאקטורי", 
        "אמר ליה", 
        "כהנים זריזין הן", 
        "אמר ליה רב אשי לרב כהנא ואמרי לה רב הונא בריה דרב נתן לרב פפא", 
        "והא כמה דלא מתקטרי אמורין כהנים לא מצו אכלי בשר", 
        "דתניא", 
        "יכול יהו כהנים רשאין בחזה ושוק קודם הקטרת אמורין תלמוד לומר (ויקרא ז, לא) והקטיר הכהן את החלב המזבחה והדר (ויקרא ז, לא) והיה החזה לאהרן ולבניו", 
        "וכמה דכהנים לא אכלי בשר בעלים לא מתכפרי דתניא", 
        "(שמות כט, לג) ואכלו אותם אשר כפר בהם מלמד שהכהנים אוכלים ובעלים מתכפרין", 
        "אמר ליה", 
        "כיון דלא אפשר עשאום כמי שנטמאו או שאבדו", 
        "דתניא", 
        "יכול נטמאו אמורין או שאבדו לא יהו כהנים זכאין בחזה ושוק תלמוד לומר (ויקרא ז, לא) והיה החזה לאהרן ולבניו מכל מקום", 
        "רב כהנא רמי", 
        "כתיב (שמות כג, יח) לא ילין חלב חגי עד בקר עד בוקר הוא דלא ילין הא כל הלילה כולה ילין", 
        "וכתיב (ויקרא ו, ה) והקטיר עליה חלבי השלמים עליה השלם כל הקרבנות כולן", 
        "הוא מותיב לה והוא מפרק לה", 
        "כשנתותרו", 
        "רמי לי' רב ספרא לרב", 
        "כתיב (שמות לד, כה) לא ילין לבקר זבח חג הפסח", 
        "לבקר הוא דלא ילין הא כל הלילה ילין והכתיב", 
        "(במדבר כח, י) עולת שבת בשבתו ולא עולת חול בשבת ולא עולת חול ביום טוב", 
        "אמר ליה", 
        "כבר רמייה ניהליה רב אבא בר חייא לר' אבהו ושני ליה", 
        "הכא בארבעה עשר שחל להיות בשבת עסקינן דחלבי שבת קריבין ביום טוב", 
        "אמר ליה", 
        "משום דחלבי שבת קריבין ביום טוב אנן ניקו ונימא ליה דהאי קרא בארבעה עשר שחל להיות בשבת הוא דכתיב", 
        "אמר ליה", 
        "שבקיה לקרא דהוא דחיק ומוקים אנפשיה:", 
        "<big><strong>מתני׳</strong></big> הפסח ששחטו שלא לשמו וקבל והלך וזרק שלא לשמו או לשמו ושלא לשמו או שלא לשמו ולשמו פסול", 
        "כיצד לשמו ושלא לשמו", 
        "לשם פסח ולשם שלמים", 
        "שלא לשמו ולשמו לשם שלמים ולשם פסח:", 
        "<big><strong>גמ׳</strong></big> בעי רב פפא", 
        "בעבודה אחת תנן או בשתי עבודות תנן", 
        "בעבודה אחת תנן ורבי יוסי היא דאמר אף בגמר דבריו אדם נתפס", 
        "דאי ר\"מ הא אמר תפוס לשון ראשון"
    ], 
    "ref": "Pesachim 59b", 
    "type": "Talmud", 
    "addressTypes": [
        "Talmud", 
        "Integer"
    ], 
    "length": 240, 
    "indexTitle": "Pesachim", 
    "heIndexTitle": "פסחים", 
    "alts": [], 
    "order": [
        4, 
        3
    ]
}]