{
    "heTitleVariants": [
        "אב הרחמים"
    ], 
    "heTitle": "סידור אשכנז, שבת, שחרית, תפילות לציבור, אב הרחמים", 
    "heRef": "סידור אשכנז, שבת, שחרית, תפילות לציבור, אב הרחמים", 
    "toSections": [], 
    "sectionRef": "Siddur Ashkenaz, Shabbat, Shacharit, Communal Prayers, Av HaRachamim", 
    "next": "Siddur Ashkenaz, Shabbat, Shacharit, Ashrei", 
    "content": [
        {
            "segmentNumber": "1", 
            "he": "<em><small>אין אומרים \"אב הרחמים\" בשבת שאם היה חל ביום חול לא היו אומרים תחנון, ולא בשבת של ארבע הפרשיות, ולא בשבת שמברכין החודש. אבל כשמברכים את החודשים אייר סיון ואב, אומרים אב הרחמים אפילו אם יש ברית מילה או חתן:</small></em>", 
            "links": [], 
            "text": ""
        }, 
        {
            "segmentNumber": "2", 
            "he": "אַב הָרַחֲמִים שׁוכֵן מְרומִים. בְּרַחֲמָיו הָעֲצוּמִים הוּא יִפְקד בְּרַחֲמִים הַחֲסִידִים וְהַיְשָׁרִים וְהַתְּמִימִים. קְהִלּות הַקּדֶשׁ שֶׁמָּסְרוּ נַפְשָׁם עַל קְדֻשַּׁת הַשֵּׁם. הַנֶּאֱהָבִים וְהַנְּעִימִים בְּחַיֵּיהֶם וּבְמותָם לא נִפְרָדוּ. מִנְּשָׁרִים קַלּוּ מֵאֲרָיות גָּבֵרוּ לַעֲשות רְצון קונָם וְחֵפֶץ צוּרָם. יִזְכְּרֵם אֱלהֵינוּ לְטובָה עִם שְׁאָר צַדִּיקֵי עולָם. וְיִקום נִקְמַת דַּם עֲבָדָיו הַשָּׁפוּךְ. כַּכָּתוּב בְּתורַת משֶׁה אִישׁ הָאֱלהִים. הַרְנִינוּ גויִם עַמּו כִּי דַם עֲבָדָיו יִקּום וְנָקָם יָשִׁיב לְצָרָיו וְכִפֶּר אַדְמָתו עַמּו: וְעַל יְדֵי עֲבָדֶיךָ הַנְּבִיאִים כָּתוּב לֵאמר. וְנִקֵּיתִי דָּמָם לא נִקֵּיתִי וה' שׁכֵן בְּצִיּון: וּבְכִתְבֵי הַקּדֶשׁ נֶאֱמַר לָמָּה יאמְרוּ הַגּויִם אַיֵּה אֱלהֵיהֶם. יִוָּדַע בַּגּויִם לְעֵינֵינוּ נִקְמַת דַּם עֲבָדֶיךָ הַשָּׁפוּךְ: וְאומֵר, כִּי דרֵשׁ דָּמִים אותָם זָכָר לא שָׁכַח צַעֲקַת עֲנָוִים: וְאומֵר, יָדִין בַּגּויִם מָלֵא גְוִיּות מָחַץ ראשׁ עַל אֶרֶץ רַבָּה. מִנַּחַל בַּדֶּרֶךְ יִשְׁתֶּה עַל כֵּן יָרִים ראשׁ:", 
            "links": [], 
            "text": ""
        }
    ], 
    "book": "Siddur Ashkenaz", 
    "prev": "Siddur Ashkenaz, Shabbat, Shacharit, Communal Prayers, Birkat Hachodesh", 
    "textDepth": 1, 
    "sectionNames": [
        "Paragraph"
    ], 
    "sections": [], 
    "isComplex": true, 
    "titleVariants": [
        "Av HaRachamim"
    ], 
    "categories": [
        "Liturgy", 
        "Siddur"
    ], 
    "ref": "Siddur Ashkenaz, Shabbat, Shacharit, Communal Prayers, Av HaRachamim", 
    "type": "Liturgy", 
    "addressTypes": [
        "Integer"
    ], 
    "indexTitle": "Siddur Ashkenaz", 
    "heIndexTitle": "סידור אשכנז", 
    "alts": [], 
    "order": ""
}