{
    "content": [
        {
            "segmentNumber": "1", 
            "he": "נִשְׁמַת כָּל חַי תְּבָרֵךְ אֶת שִׁמְךָ ה' אֱלהֵינוּ. וְרוּחַ כָּל בָּשר תְּפָאֵר וּתְרומֵם זִכְרְךָ מַלְכֵּנוּ תָּמִיד: מִן הָעולָם וְעַד הָעולָם אַתָּה אֵל. וּמִבַּלְעָדֶיךָ אֵין לָנוּ מֶלֶךְ גּואֵל וּמושִׁיעַ. פּודֶה וּמַצִּיל וּמְפַרְנֵס וּמְרַחֵם בְּכָל עֵת צָרָה וְצוּקָה. אֵין לָנוּ מֶלֶךְ עוזֵר וְסומֵךְ אֶלָּא אָתָּה: אֱלהֵי הָרִאשׁונִים וְהָאַחֲרונִים. אֱלוהַּ כָּל בְּרִיות. אֲדון כָּל תּולָדות. הַמְּהֻלָּל בְּרוב הַתִּשְׁבָּחות. הַמְּנַהֵג עולָמו בְּחֶסֶד וּבְרִיּותָיו בְּרַחֲמִים: וה' לא יָנוּם וְלא יִישָׁן. הַמְעורֵר יְשֵׁנִים. וְהַמֵּקִיץ נִרְדָּמִים. וְהַמֵּשיחַ אִלְמִים. וְהַמַּתִּיר אֲסוּרִים. וְהַסּומֵךְ נופְלִים. וְהַזּוקֵף כְּפוּפִים. לְךָ לְבַדְּךָ אֲנַחְנוּ מודִים: אִלּוּ פִינוּ מָלֵא שִׁירָה כַּיָּם. וּלְשׁונֵנוּ רִנָּה כַּהֲמון גַּלָּיו. וְשפְתותֵינוּ שֶׁבַח כְּמֶרְחֲבֵי רָקִיעַ. וְעֵינֵינוּ מְאִירות כַּשֶּׁמֶשׁ וְכַיָּרֵחַ. וְיָדֵינוּ פְרוּשות כְּנִשְׁרֵי שָׁמָיִם. וְרַגְלֵינוּ קַלּות כָּאַיָּלות. אֵין אֲנַחְנוּ מַסְפִּיקִים לְהודות לְךָ ה' אֱלהֵינוּ וֵאלהֵי אֲבותֵינוּ. וּלְבָרֵךְ אֶת שְׁמֶךָ עַל אַחַת מֵאֶלֶף אַלְפֵי אֲלָפִים וְרִבֵּי רְבָבות פְּעָמִים. הַטּובות שֶׁעָשיתָ עִם אֲבותֵינוּ וְעִמָּנוּ: מִמִּצְרַיִם גְּאַלְתָּנוּ ה' אֱלהֵינוּ. וּמִבֵּית עֲבָדִים פְּדִיתָנוּ. בְּרָעָב זַנְתָּנוּ. וּבְשבָע כִּלְכַּלְתָּנוּ. מֵחֶרֶב הִצַּלְתָּנוּ. וּמִדֶּבֶר מִלַּטְתָּנוּ. וּמֵחֳלָיִם רָעִים וְנֶאֱמָנִים דִּלִּיתָנוּ: עַד הֵנָּה עֲזָרוּנוּ רַחֲמֶיךָ. וְלא עֲזָבוּנוּ חֲסָדֶיךָ וְאַל תִּטְּשֵׁנוּ ה' אֱלהֵינוּ לָנֶצַח: מִמִּצְרַיִם גְּאַלְתָּנוּ ה' אֱלהֵינוּ. וּמִבֵּית עֲבָדִים פְּדִיתָנוּ. בְּרָעָב זַנְתָּנוּ. וּבְשבָע כִּלְכַּלְתָּנוּ. מֵחֶרֶב הִצַּלְתָּנוּ. וּמִדֶּבֶר מִלַּטְתָּנוּ. וּמֵחֳלָיִם רָעִים וְנֶאֱמָנִים : עַד הֵנָּה עֲזָרוּנוּ רַחֲמֶיךָ. וְלא עֲזָבוּנוּ חֲסָדֶיךָ וְאַל תִּטְּשֵׁנוּ ה' אֱלהֵינוּ לָנֶצַח: עַל כֵּן אֵבָרִים שֶׁפִּלַּגְתָּ בָּנוּ. וְרוּחַ וּנְשָׁמָה שֶׁנָּפַחְתָּ בְּאַפֵּינוּ. וְלָשׁון אֲשֶׁר שמְתָּ בְּפִינוּ. הֵן הֵם. יודוּ וִיבָרְכוּ וִישַׁבְּחוּ וִיפָאֲרוּ וִירומְמוּ וְיַעֲרִיצוּ וְיַקְדִּישׁוּ וְיַמְלִיכוּ אֶת שִׁמְךָ מַלְכֵּנוּ: כִּי כָל פֶּה לְךָ יודֶה. וְכָל לָשׁון לְךָ תִשָּׁבַע. וְכָל בֶּרֶךְ לְךָ תִכְרַע. וְכָל קומָה לְפָנֶיךָ תִשְׁתַּחֲוֶה. וְכָל לְּבָבות יִירָאוּךָ. וְכָל קֶרֶב וּכְלָיות יְזַמְּרוּ לִשְׁמֶךָ. כַּדָּבָר שֶׁכָּתוּב. כָּל עַצְמותַי תּאמַרְנָה ה' מִי כָמוךָ. מַצִּיל עָנִי מֵחָזָק מִמֶּנּוּ. וְעָנִי וְאֶבְיון מִגּוזְלו. מִי יִדְמֶה לָּךְ. וּמִי יִשְׁוֶה לָּךְ. וּמִי יַעֲרָךְ לָךְ. הָאֵל הַגָּדול הַגִּבּור וְהַנּורָא אֵל עֶלְיון. קונֵה שָׁמַיִם וָאָרֶץ: נְהַלֶּלְךָ וּנְשַׁבֵּחֲךָ וּנְפָאֶרְךָ וּנְבָרֵךְ אֶת שֵׁם קָדְשֶׁךָ. כָּאָמוּר, לְדָוִד, בָּרְכִי נַפְשִׁי אֶת ה'. וְכָל קְרָבַי אֶת שֵׁם קָדְשׁו:"
        }
    ], 
    "heTitle": "סידור אשכנז, שבת, שחרית, פסוקי דזמרה, נשמת כל חי", 
    "indexTitle": "Siddur Ashkenaz", 
    "sectionRef": "Siddur Ashkenaz, Shabbat, Shacharit, Pesukei D'Zimra, Nishmat Kol Chai", 
    "prev": "Siddur Ashkenaz, Shabbat, Shacharit, Pesukei D'Zimra, Shirat HaYam", 
    "ref": "Siddur Ashkenaz, Shabbat, Shacharit, Pesukei D'Zimra, Nishmat Kol Chai", 
    "heRef": "סידור אשכנז, שבת, שחרית, פסוקי דזמרה, נשמת כל חי", 
    "next": "Siddur Ashkenaz, Shabbat, Shacharit, Pesukei D'Zimra, Shochen Ad"
}