{
    "heTitleVariants": [
        "רמב\"ם, הלכות מתנות עניים", 
        "רמב\"ם הלכות מתנות עניים", 
        "רמב\"ם הל' מתנות עניים", 
        "רמב\"ם, הל' מתנות עניים", 
        "משנה תורה, הל' מתנות עניים", 
        "משנה תורה, הלכות מתנות עניים"
    ], 
    "heTitle": "משנה תורה, הלכות מתנות עניים", 
    "heRef": "משנה תורה, הלכות מתנות עניים ו׳", 
    "toSections": [
        6
    ], 
    "sectionRef": "Mishneh Torah, Gifts to the Poor 6", 
    "lengths": [
        10
    ], 
    "next": "Mishneh Torah, Gifts to the Poor 7", 
    "content": [
        {
            "segmentNumber": "1", 
            "he": "מַתָּנָּה אַחֶרֶת שִׁשִּׁית יֵשׁ לָעֲנִיִּים בְּזֶרַע הָאָרֶץ וְהוּא הַמַּעֲשֵׂר שֶׁנּוֹתְנִין לָעֲנִיִּים וְהוּא הַנִּקְרָא מַעֲשַׂר עָנִי: \n", 
            "links": [], 
            "text": ""
        }, 
        {
            "segmentNumber": "2", 
            "he": "וְזֶהוּ סֵדֶר תְּרוּמוֹת וּמַעַשְׂרוֹת. אַחַר שֶׁקּוֹצֵר זֶרַע הָאָרֶץ אוֹ אוֹסֵף פְּרִי הָעֵץ וְתִגָּמֵר מְלַאכְתּוֹ מַפְרִישׁ מִמֶּנּוּ אֶחָד מִן הַחֲמִשִּׁים. וְזֶהוּ הַנִּקְרָא תְּרוּמָה גְּדוֹלָה וְנוֹתְנָהּ לַכֹּהֵן. וְעַל זֶה נֶאֱמַר בַּתּוֹרָה <small>(דברים יח-ד)</small> \"רֵאשִׁית דְּגָנְךָ תִּירשְׁךָ וְיִצְהָרֶךָ\". וְאַחַר כָּךְ מַפְרִישׁ מִן הַשְּׁאָר אֶחָד מֵעֲשָׂרָה. וְזֶהוּ הַנִּקְרָא מַעֲשֵׂר רִאשׁוֹן. וְנוֹתְנוֹ לַלֵּוִי. וְעַל זֶה נֶאֱמַר בַּתּוֹרָה <small>(במדבר יח-כד)</small> \"כִּי אֶת מַעְשַׂר בְּנֵי יִשְׂרָאֵל\" וְגוֹ' וְנֶאֱמַר <small>(במדבר יח-כא)</small> \"וְלִבְנֵי לֵוִי הִנֵּה נָתַתִּי אֶת כָּל מַעֲשֵׂר בְּיִשְׂרָאֵל\": \n", 
            "links": [
                {
                    "category": "Tanakh", 
                    "sourceHeRef": "במדבר י״ח", 
                    "index_title": "Numbers", 
                    "sourceRef": "Numbers 18"
                }, 
                {
                    "category": "Tanakh", 
                    "sourceHeRef": "דברים י״ח", 
                    "index_title": "Deuteronomy", 
                    "sourceRef": "Deuteronomy 18"
                }, 
                {
                    "category": "Halakhah", 
                    "sourceHeRef": "כסף משנה על משנה תורה, הלכות מתנות עניים ו׳:ב׳:א׳", 
                    "index_title": "Kessef Mishneh on Mishneh Torah, Gifts to the Poor", 
                    "sourceRef": "Kessef Mishneh on Mishneh Torah, Gifts to the Poor 6:2:1"
                }
            ], 
            "text": ""
        }, 
        {
            "segmentNumber": "3", 
            "he": "וְאַחַר כָּךְ מַפְרִישׁ מִן הַשְּׁאָר אֶחָד מֵעֲשָׂרָה וְהוּא הַנִּקְרָא מַעֲשֵׂר שֵׁנִי. וְהוּא לִבְעָלָיו וְאוֹכְלִין אוֹתוֹ בִּירוּשָׁלַיִם. וְעָלָיו נֶאֱמַר <small>(ויקרא כז-לא)</small> \"וְאִם גָּאל יִגְאַל אִישׁ מִמַּעַשְׂרוֹ\". וְעָלָיו נֶאֱמַר <small>(דברים יד-כב)</small> \"עַשֵּׂר תְּעַשֵּׂר\" <small>(דברים יד-כג)</small> \"וְאָכַלְתָּ לִפְנֵי ה' אֱלֹהֶיךָ בַּמָּקוֹם אֲשֶׁר יִבְחַר\": \n", 
            "links": [
                {
                    "category": "Tanakh", 
                    "sourceHeRef": "ויקרא כ״ז", 
                    "index_title": "Leviticus", 
                    "sourceRef": "Leviticus 27"
                }, 
                {
                    "category": "Tanakh", 
                    "sourceHeRef": "דברים י״ד", 
                    "index_title": "Deuteronomy", 
                    "sourceRef": "Deuteronomy 14"
                }, 
                {
                    "category": "Halakhah", 
                    "sourceHeRef": "כסף משנה על משנה תורה, הלכות מתנות עניים ו׳:ג׳:א׳", 
                    "index_title": "Kessef Mishneh on Mishneh Torah, Gifts to the Poor", 
                    "sourceRef": "Kessef Mishneh on Mishneh Torah, Gifts to the Poor 6:3:1"
                }
            ], 
            "text": ""
        }, 
        {
            "segmentNumber": "4", 
            "he": "עַל הַסֵּדֶר הַזֶּה מַפְרִישִׁין בְּשָׁנָה רִאשׁוֹנָה מִן הַשָּׁבוּעַ וּבַשְּׁנִיָּה וּבָרְבִיעִית וּבַחֲמִישִׁית. אֲבָל בַּשְּׁלִישִׁית וּבַשִּׁשִּׁית מִן הַשָּׁבוּעַ אַחַר שֶׁמַּפְרִישִׁים מַעֲשֵׂר רִאשׁוֹן מַפְרִישׁ מִן הַשְּׁאָר מַעֲשֵׂר אַחֵר וְנוֹתְנוֹ לָעֲנִיִּים וְהוּא הַנִּקְרָא מַעֲשַׂר עָנִי. וְאֵין בִּשְׁתֵּי שָׁנִים אֵלּוּ מַעֲשֵׂר שֵׁנִי אֶלָּא מַעֲשַׂר עָנִי. וְעָלָיו נֶאֱמַר <small>(דברים יד-כח)</small> \"מִקְצֵה שָׁלֹשׁ שָׁנִים תּוֹצִיא אֶת כָּל מַעְשַׂר תְּבוּאָתְךָ בַּשָּׁנָה הַהִיא וְהִנַּחְתָּ בִּשְׁעָרֶיךָ\" <small>(דברים יד-כט)</small> \"וּבָא הַלֵּוִי\". וְעָלָיו נֶאֱמַר <small>(דברים כו-יב)</small> \"כִּי תְכַלֶּה לַעְשֵׂר\": \n", 
            "links": [
                {
                    "category": "Tanakh", 
                    "sourceHeRef": "דברים י״ד", 
                    "index_title": "Deuteronomy", 
                    "sourceRef": "Deuteronomy 14"
                }, 
                {
                    "category": "Tanakh", 
                    "sourceHeRef": "דברים כ״ו", 
                    "index_title": "Deuteronomy", 
                    "sourceRef": "Deuteronomy 26"
                }, 
                {
                    "category": "Halakhah", 
                    "sourceHeRef": "כסף משנה על משנה תורה, הלכות מתנות עניים ו׳:ד׳:א׳", 
                    "index_title": "Kessef Mishneh on Mishneh Torah, Gifts to the Poor", 
                    "sourceRef": "Kessef Mishneh on Mishneh Torah, Gifts to the Poor 6:4:1"
                }
            ], 
            "text": ""
        }, 
        {
            "segmentNumber": "5", 
            "he": "שְׁנַת הַשְּׁמִטָּה כֻּלָּהּ הֶפְקֵר וְאֵין בָּהּ לֹא תְּרוּמָה וְלֹא מַעַשְׂרוֹת כְּלָל לֹא רִאשׁוֹן וְלֹא שֵׁנִי וְלֹא מַעֲשַׂר עָנִי. וּבְחוּצָה לָאָרֶץ שֶׁאֵין בָּהּ שְׁמִטַּת קַרְקַע מַפְרִישִׁין בְּאֶרֶץ מִצְרַיִם וּבְעַמּוֹן וּבְמוֹאָב מַעֲשֵׂר רִאשׁוֹן וּמַעֲשַׂר עָנִי. מִפְּנֵי שֶׁהָאֲרָצוֹת אֵלּוּ קְרוֹבוֹת לְאֶרֶץ יִשְׂרָאֵל כְּדֵי שֶׁיְּהְיוּ עֲנִיֵּי יִשְׂרָאֵל נִסְמָכִין עָלֶיהָ בַּשְּׁבִיעִית. וַהֲלָכָה לְמשֶׁה מִסִּינַי שֶׁיִּהְיוּ מַפְרִישִׁים בְּאֶרֶץ עַמּוֹן וּמוֹאָב מַעֲשַׂר עָנִי בַּשְּׁבִיעִית. אֲבָל בְּאֶרֶץ שִׁנְעָר מַפְרִישִׁין בַּשְּׁבִיעִית מַעֲשֵׂר שֵׁנִי כְּסֵדֶר רֹב הַשָּׁנִים: \n", 
            "links": [
                {
                    "category": "Halakhah", 
                    "sourceHeRef": "כסף משנה על משנה תורה, הלכות מתנות עניים ו׳:ה׳:א׳", 
                    "index_title": "Kessef Mishneh on Mishneh Torah, Gifts to the Poor", 
                    "sourceRef": "Kessef Mishneh on Mishneh Torah, Gifts to the Poor 6:5:1"
                }, 
                {
                    "category": "Halakhah", 
                    "sourceHeRef": "כסף משנה על משנה תורה, הלכות מתנות עניים ו׳:ה׳:ב׳", 
                    "index_title": "Kessef Mishneh on Mishneh Torah, Gifts to the Poor", 
                    "sourceRef": "Kessef Mishneh on Mishneh Torah, Gifts to the Poor 6:5:2"
                }, 
                {
                    "category": "Halakhah", 
                    "sourceHeRef": "כסף משנה על משנה תורה, הלכות מתנות עניים ו׳:ה׳:ג׳", 
                    "index_title": "Kessef Mishneh on Mishneh Torah, Gifts to the Poor", 
                    "sourceRef": "Kessef Mishneh on Mishneh Torah, Gifts to the Poor 6:5:3"
                }
            ], 
            "text": ""
        }, 
        {
            "segmentNumber": "6", 
            "he": "מַעֲשֵׂר רִאשׁוֹן שֶׁלָּקַח הַלֵּוִי מַפְרִישׁ מִמֶּנּוּ אֶחָד מֵעֲשָׂרָה וְנוֹתְנוֹ לַכֹּהֵן וְהוּא הַנִּקְרָא תְּרוּמַת מַעֲשֵׂר. וְעָלָיו נֶאֱמַר <small>(במדבר יח-כו)</small> \"וְאֶל הַלְוִיִּם תְּדַבֵּר\": \n", 
            "links": [
                {
                    "category": "Tanakh", 
                    "sourceHeRef": "במדבר י״ח", 
                    "index_title": "Numbers", 
                    "sourceRef": "Numbers 18"
                }, 
                {
                    "category": "Halakhah", 
                    "sourceHeRef": "כסף משנה על משנה תורה, הלכות מתנות עניים ו׳:ו׳:א׳", 
                    "index_title": "Kessef Mishneh on Mishneh Torah, Gifts to the Poor", 
                    "sourceRef": "Kessef Mishneh on Mishneh Torah, Gifts to the Poor 6:6:1"
                }
            ], 
            "text": ""
        }, 
        {
            "segmentNumber": "7", 
            "he": "בַּעַל הַשָּׂדֶה שֶׁעָבְרוּ עָלָיו עֲנִיִּים וְהָיָה לוֹ שָׁם מַעֲשַׂר עָנִי. נוֹתֵן לְכָל עָנִי שֶׁיַּעֲבֹר עָלָיו מִן הַמַּעֲשֵׂר כְּדֵי שָׂבְעוֹ שֶׁנֶּאֱמַר <small>(דברים כו-יב)</small> \"וְאָכְלוּ בִשְׁעָרֶיךָ וְשָׂבֵעוּ\": \n", 
            "links": [
                {
                    "category": "Tanakh", 
                    "sourceHeRef": "דברים כ״ו", 
                    "index_title": "Deuteronomy", 
                    "sourceRef": "Deuteronomy 26"
                }, 
                {
                    "category": "Halakhah", 
                    "sourceHeRef": "כסף משנה על משנה תורה, הלכות מתנות עניים ו׳:ז׳:א׳", 
                    "index_title": "Kessef Mishneh on Mishneh Torah, Gifts to the Poor", 
                    "sourceRef": "Kessef Mishneh on Mishneh Torah, Gifts to the Poor 6:7:1"
                }
            ], 
            "text": ""
        }, 
        {
            "segmentNumber": "8", 
            "he": "כְּדֵי שָׂבְעוֹ כַּמָּה. אִם מִן הַחִטִּים נוֹתֵן לֹא יִפְחֹת מֵחֲצִי קַב. וְאִם מִן הַשְּׂעוֹרִים לֹא יִפְחֹת מִקַּב. וְאִם מִן הַכֻּסְּמִין לֹא יִפְחֹת מִקַּב. וּמִן הַגְּרוֹגָרוֹת לֹא יִפְחֹת מִקַּב. וְאִם מִן הַדְּבֵלָה לֹא יִפְחֹת מִמִּשְׁקַל חָמֵשׁ וְעֶשְׂרִים סֶלַע. וְאִם מִן הַיַּיִן לֹא יִפְחֹת מֵחֲצִי לֹג. וְאִם מִן הַשֶּׁמֶן לֹא יִפְחֹת מֵרְבִיעִית. וְאִם מִן הָאֹרֶז רֹבַע הַקַּב. נָתַן לוֹ יָרָק נוֹתֵן לוֹ מִשְׁקַל לִיטְרָא וְהוּא מִשְׁקַל חֲמִשָּׁה וּשְׁלֹשִׁים דִּינָר. מִן הֶחָרוּבִין שְׁלֹשָׁה קַבִּין. מִן הָאֱגוֹזִים עֲשָׂרָה. מִן הָאֲפַרְסְקִין חֲמִשָּׁה. מִן הָרִמּוֹנִים שְׁנַיִם. אֶתְרוֹג אֶחָד. וְאִם נָתַן לוֹ מִשְּׁאָר הַפֵּרוֹת לֹא יִפְחֹת מִכְּדֵי שֶׁיִּמְכְּרֵם וְיִקַּח בִּדְמֵיהֶן מְזוֹן שְׁתֵּי סְעֻדּוֹת: \n", 
            "links": [
                {
                    "category": "Halakhah", 
                    "sourceHeRef": "כסף משנה על משנה תורה, הלכות מתנות עניים ו׳:ח׳:א׳", 
                    "index_title": "Kessef Mishneh on Mishneh Torah, Gifts to the Poor", 
                    "sourceRef": "Kessef Mishneh on Mishneh Torah, Gifts to the Poor 6:8:1"
                }, 
                {
                    "category": "Halakhah", 
                    "sourceHeRef": "כסף משנה על משנה תורה, הלכות מתנות עניים ו׳:ח׳:ב׳", 
                    "index_title": "Kessef Mishneh on Mishneh Torah, Gifts to the Poor", 
                    "sourceRef": "Kessef Mishneh on Mishneh Torah, Gifts to the Poor 6:8:2"
                }, 
                {
                    "category": "Halakhah", 
                    "sourceHeRef": "כסף משנה על משנה תורה, הלכות מתנות עניים ו׳:ח׳:ג׳", 
                    "index_title": "Kessef Mishneh on Mishneh Torah, Gifts to the Poor", 
                    "sourceRef": "Kessef Mishneh on Mishneh Torah, Gifts to the Poor 6:8:3"
                }
            ], 
            "text": ""
        }, 
        {
            "segmentNumber": "9", 
            "he": "הָיָה לוֹ דָּבָר מֻעָט וְהָעֲנִיִּים מְרֻבִּין וְאֵין בּוֹ כְּדֵי לִתֵּן לְכָל אֶחָד וְאֶחָד כַּשִּׁעוּר נוֹתֵן לִפְנֵיהֶם וְהֵן מְחַלְּקִין בֵּינֵיהֶם: \n", 
            "links": [
                {
                    "category": "Halakhah", 
                    "sourceHeRef": "כסף משנה על משנה תורה, הלכות מתנות עניים ו׳:ט׳:א׳", 
                    "index_title": "Kessef Mishneh on Mishneh Torah, Gifts to the Poor", 
                    "sourceRef": "Kessef Mishneh on Mishneh Torah, Gifts to the Poor 6:9:1"
                }
            ], 
            "text": ""
        }, 
        {
            "segmentNumber": "10", 
            "he": "וּמַעֲשַׂר עָנִי הַמִּתְחַלֵּק בַּגֹּרֶן אֵין בּוֹ טוֹבַת הֲנָאָה לַבְּעָלִים אֶלָּא הָעֲנִיִּים בָּאִים וְנוֹטְלִין עַל כָּרְחוֹ וַאֲפִלּוּ עָנִי שֶׁבְּיִשְׂרָאֵל מוֹצִיאִין אוֹתוֹ מִיָּדוֹ. אֲבָל הַמִּתְחַלֵּק בַּבַּיִת יֵשׁ לוֹ טוֹבַת הֲנָאָה לַבְּעָלִים וְנוֹתְנוֹ לְכָל עָנִי שֶׁיִּרְצֶה: \n", 
            "links": [
                {
                    "category": "Halakhah", 
                    "sourceHeRef": "כסף משנה על משנה תורה, הלכות מתנות עניים ו׳:י׳:א׳", 
                    "index_title": "Kessef Mishneh on Mishneh Torah, Gifts to the Poor", 
                    "sourceRef": "Kessef Mishneh on Mishneh Torah, Gifts to the Poor 6:10:1"
                }
            ], 
            "text": ""
        }, 
        {
            "segmentNumber": "11", 
            "he": "הָיָה לוֹ מַעֲשֵׂר בַּגֹּרֶן וְרָצָה לִתְּנוֹ לְעָנִי קְרוֹבוֹ אוֹ מְיֻדָּעוֹ. יֵשׁ לְהַפְרִישׁ מֶחֱצָה לִתְּנוֹ לוֹ. וְהַחֵצִי מְחַלְּקוֹ לְכָל עָנִי שֶׁיַּעֲבֹר כַּשִּׁעוּר שֶׁאָמַרְנוּ: \n", 
            "links": [
                {
                    "category": "Halakhah", 
                    "sourceHeRef": "כסף משנה על משנה תורה, הלכות מתנות עניים ו׳:י״א:א׳", 
                    "index_title": "Kessef Mishneh on Mishneh Torah, Gifts to the Poor", 
                    "sourceRef": "Kessef Mishneh on Mishneh Torah, Gifts to the Poor 6:11:1"
                }
            ], 
            "text": ""
        }, 
        {
            "segmentNumber": "12", 
            "he": "בַּמֶּה דְּבָרִים אֲמוּרִים שֶׁאֵינוֹ נוֹתֵן לֶעָנִי אֶלָּא כְּדֵי שָׂבְעוֹ בַּשָּׂדֶה. אֲבָל אִם הָיָה הַמַּעֲשֵׂר בַּבַּיִת מְחַלְּקוֹ לְכָל הָעֲנִיִּים אֲפִלּוּ כְּזַיִת כְּזַיִת. שֶׁאֵינוֹ מְצֻוֶּה לִתֵּן כְּדֵי שָׂבְעוֹ אֶלָּא בַּשָּׂדֶה. שֶׁהֲרֵי אֵינוֹ מוֹצֵא שָׁם לִקַּח שֶׁנֶּאֱמַר <small>(דברים כו-יב)</small> \"וְאָכְלוּ בִשְׁעָרֶיךָ וְשָׂבֵעוּ\": \n", 
            "links": [
                {
                    "category": "Tanakh", 
                    "sourceHeRef": "דברים כ״ו", 
                    "index_title": "Deuteronomy", 
                    "sourceRef": "Deuteronomy 26"
                }, 
                {
                    "category": "Halakhah", 
                    "sourceHeRef": "כסף משנה על משנה תורה, הלכות מתנות עניים ו׳:י״ב:א׳", 
                    "index_title": "Kessef Mishneh on Mishneh Torah, Gifts to the Poor", 
                    "sourceRef": "Kessef Mishneh on Mishneh Torah, Gifts to the Poor 6:12:1"
                }
            ], 
            "text": ""
        }, 
        {
            "segmentNumber": "13", 
            "he": "בָּאוּ אִישׁ וְאִשָּׁה לַבַּיִת. נוֹתְנִין לָאִשָּׁה תְּחִלָּה וּפוֹטְרִין אוֹתָהּ וְאַחַר כָּךְ נוֹתְנִין לָאִישׁ. אָב וּבְנוֹ. אִישׁ וּקְרוֹבוֹ. שְׁנֵי אַחִין. שְׁנֵי שֻׁתָּפִין. שֶׁהָיָה אֶחָד מֵהֶן עָנִי. נוֹתֵן לוֹ הָאַחֵר מַעֲשַׂר עָנִי שֶׁלּוֹ: \n", 
            "links": [
                {
                    "category": "Halakhah", 
                    "sourceHeRef": "כסף משנה על משנה תורה, הלכות מתנות עניים ו׳:י״ג:א׳", 
                    "index_title": "Kessef Mishneh on Mishneh Torah, Gifts to the Poor", 
                    "sourceRef": "Kessef Mishneh on Mishneh Torah, Gifts to the Poor 6:13:1"
                }, 
                {
                    "category": "Halakhah", 
                    "sourceHeRef": "כסף משנה על משנה תורה, הלכות מתנות עניים ו׳:י״ג:ב׳", 
                    "index_title": "Kessef Mishneh on Mishneh Torah, Gifts to the Poor", 
                    "sourceRef": "Kessef Mishneh on Mishneh Torah, Gifts to the Poor 6:13:2"
                }
            ], 
            "text": ""
        }, 
        {
            "segmentNumber": "14", 
            "he": "שְׁתֵּי עֲנִיִּים שֶׁקִּבְּלוּ שָׂדֶה בַּאֲרִיסוּת. זֶה מַפְרִישׁ מַעֲשַׂר עָנִי מֵחֶלְקוֹ וְנוֹתְנוֹ לַחֲבֵרוֹ. וְכֵן חֲבֵרוֹ מַפְרִישׁ מֵחֶלְקוֹ וְנוֹתֵן לוֹ: \n", 
            "links": [
                {
                    "category": "Halakhah", 
                    "sourceHeRef": "כסף משנה על משנה תורה, הלכות מתנות עניים ו׳:י״ד:א׳", 
                    "index_title": "Kessef Mishneh on Mishneh Torah, Gifts to the Poor", 
                    "sourceRef": "Kessef Mishneh on Mishneh Torah, Gifts to the Poor 6:14:1"
                }
            ], 
            "text": ""
        }, 
        {
            "segmentNumber": "15", 
            "he": "הַמְקַבֵּל שָׂדֶה לִקְצֹר אָסוּר בְּלֶקֶט שִׁכְחָה וּפֵאָה וּמַעֲשַׂר עָנִי. אֵימָתַי בִּזְמַן שֶׁקִּבְּלָהּ מִמֶּנּוּ לִקַּח חֵלֶק בְּכָל הַשָּׂדֶה כְּגוֹן שֶׁנָּתַן לוֹ שְׁלִישָׁהּ אוֹ רְבִיעָהּ בִּשְׂכָרוֹ. אֲבָל אִם אָמַר לוֹ בַּעַל הַשָּׂדֶה שְׁלִישׁ מַה שֶּׁאַתָּה קוֹצֵר בִּלְבַד הוּא שֶׁלְּךָ אוֹ רְבִיעַ מַה שֶּׁתִּקְצֹר הֲרֵי זֶה אֵין לוֹ כְּלוּם עַד שֶׁיִּקְצֹר. וּבִשְׁעַת הַקָּצִיר הוּא עָנִי. לְפִיכָךְ מֻתָּר בְּלֶקֶט שִׁכְחָה וּפֵאָה. וְאָסוּר בְּמַעֲשַׂר עָנִי שֶׁאֵין מַפְרִישִׁין מַעֲשַׂר עָנִי אֶלָּא אַחַר שֶׁקָּצַר וַהֲרֵי זָכָה בְּחֶלְקוֹ שֶׁקָּצַר: \n", 
            "links": [
                {
                    "category": "Halakhah", 
                    "sourceHeRef": "כסף משנה על משנה תורה, הלכות מתנות עניים ו׳:ט״ו:א׳", 
                    "index_title": "Kessef Mishneh on Mishneh Torah, Gifts to the Poor", 
                    "sourceRef": "Kessef Mishneh on Mishneh Torah, Gifts to the Poor 6:15:1"
                }
            ], 
            "text": ""
        }, 
        {
            "segmentNumber": "16", 
            "he": "הַמּוֹכֵר אֶת שָׂדֵהוּ קַרְקַע וּפֵרוֹת וְהֶעֱנִי. הֲרֵי זֶה מֻתָּר בְּלֶקֶט שִׁכְחָה וּפֵאָה וּמַעֲשַׂר עָנִי שֶׁלָּהּ. וְהַלּוֹקֵחַ אָסוּר בָּהֶן אַף עַל פִּי שֶׁעֲדַיִן לֹא נָתַן דָּמִים. וַאֲפִלּוּ לָוָה הַדָּמִים וּלְקָחָהּ הֲרֵי זֶה אָסוּר בְּמַתְּנוֹת עֲנִיִּים: \n", 
            "links": [
                {
                    "category": "Halakhah", 
                    "sourceHeRef": "כסף משנה על משנה תורה, הלכות מתנות עניים ו׳:ט״ז:א׳", 
                    "index_title": "Kessef Mishneh on Mishneh Torah, Gifts to the Poor", 
                    "sourceRef": "Kessef Mishneh on Mishneh Torah, Gifts to the Poor 6:16:1"
                }, 
                {
                    "category": "Halakhah", 
                    "sourceHeRef": "כסף משנה על משנה תורה, הלכות מתנות עניים ו׳:ט״ז:ב׳", 
                    "index_title": "Kessef Mishneh on Mishneh Torah, Gifts to the Poor", 
                    "sourceRef": "Kessef Mishneh on Mishneh Torah, Gifts to the Poor 6:16:2"
                }
            ], 
            "text": ""
        }, 
        {
            "segmentNumber": "17", 
            "he": "מַעֲשַׂר עָנִי אֵין פּוֹרְעִין מִמֶּנּוּ מִלְוֶה. וְאֵין מְשַׁלְּמִין מִמֶּנּוּ אֶת הַתַּגְמוּלִין. אֲבָל מְשַׁלְּמִין מִמֶּנּוּ דָּבָר שֶׁל גְּמִילוּת חֲסָדִים וְצָרִיךְ לְהוֹדִיעוֹ שֶׁהוּא מַעֲשַׂר עָנִי. וְאֵין פּוֹדִין בּוֹ שְׁבוּיִים. וְאֵין עוֹשִׂין בּוֹ שׁוֹשְׁבִינוּת. וְאֵין נוֹתְנִין מִמֶּנּוּ דָּבָר לִצְדָקָה. וְנוֹתְנִין אוֹתוֹ לַחֲבֵר עִיר בְּטוֹבַת הֲנָאָה. וְאֵין מוֹצִיאִין אוֹתוֹ מֵהָאָרֶץ לְחוּץ לָאָרֶץ שֶׁנֶּאֱמַר <small>(דברים יד-כח)</small> \"וְהִנַּחְתָּ בִּשְׁעָרֶיךָ\" וְנֶאֱמַר <small>(דברים כו-יב)</small> \"וְאָכְלוּ בִשְׁעָרֶיךָ וְשָׂבֵעוּ\": \n", 
            "links": [
                {
                    "category": "Tanakh", 
                    "sourceHeRef": "דברים י״ד", 
                    "index_title": "Deuteronomy", 
                    "sourceRef": "Deuteronomy 14"
                }, 
                {
                    "category": "Tanakh", 
                    "sourceHeRef": "דברים כ״ו", 
                    "index_title": "Deuteronomy", 
                    "sourceRef": "Deuteronomy 26"
                }, 
                {
                    "category": "Halakhah", 
                    "sourceHeRef": "כסף משנה על משנה תורה, הלכות מתנות עניים ו׳:י״ז:א׳", 
                    "index_title": "Kessef Mishneh on Mishneh Torah, Gifts to the Poor", 
                    "sourceRef": "Kessef Mishneh on Mishneh Torah, Gifts to the Poor 6:17:1"
                }, 
                {
                    "category": "Halakhah", 
                    "sourceHeRef": "כסף משנה על משנה תורה, הלכות מתנות עניים ו׳:י״ז:ב׳", 
                    "index_title": "Kessef Mishneh on Mishneh Torah, Gifts to the Poor", 
                    "sourceRef": "Kessef Mishneh on Mishneh Torah, Gifts to the Poor 6:17:2"
                }
            ], 
            "text": ""
        }
    ], 
    "book": "Mishneh Torah, Gifts to the Poor", 
    "prev": "Mishneh Torah, Gifts to the Poor 5", 
    "textDepth": 2, 
    "sectionNames": [
        "Chapter", 
        "Halacha"
    ], 
    "sections": [
        6
    ], 
    "isComplex": false, 
    "titleVariants": [
        "Rambam, Laws of Gifts to the Poor", 
        "Rambam, Matnot Aniyiim", 
        "Rambam, Hilkhot Matnot Aniyiim", 
        "Mishneh Torah, Laws of Gifts to the Poor", 
        "Rambam, Gifts to the Poor", 
        "Mishneh Torah, Hilchot Matnot Aniyiim", 
        "Mishneh Torah, Matnot Aniyiim", 
        "Rambam, Hilchot Matnot Aniyiim", 
        "Mishneh Torah, Hilkhot Matnot Aniyiim", 
        "Mishneh Torah, Gifts to the Poor"
    ], 
    "categories": [
        "Halakhah", 
        "Mishneh Torah", 
        "Sefer Zeraim"
    ], 
    "ref": "Mishneh Torah, Gifts to the Poor 6", 
    "type": "Halakhah", 
    "addressTypes": [
        "Integer", 
        "Integer"
    ], 
    "length": 10, 
    "indexTitle": "Mishneh Torah, Gifts to the Poor", 
    "heIndexTitle": "משנה תורה, הלכות מתנות עניים", 
    "alts": [], 
    "order": [
        40, 
        2
    ]
}