{
    "heTitleVariants": [
        "רש\"י על תמורה"
    ], 
    "heTitle": "רש\"י על תמורה ט״ז ב", 
    "content": [
        {
            "segmentNumber": "1", 
            "he": [
                "וכי דנין אפשר משאי אפשר - הא דלא איתנהו להנך שלשה בצבור למיתה משום דלא משכחת להו בצבור לא לענין מיתה ולא לענין הקרבה דהא לא מיתרמו בצבור לעולם:"
            ], 
            "links": [
                {
                    "category": "Talmud", 
                    "sourceHeRef": "תמורה ט״ז ב:א׳", 
                    "sourceRef": "Temurah 16b:1", 
                    "ref": "Temurah 16b:1"
                }
            ], 
            "text": ""
        }, 
        {
            "segmentNumber": "2", 
            "he": [], 
            "links": [], 
            "text": ""
        }, 
        {
            "segmentNumber": "3", 
            "he": [
                "ארבעה ניתנו להם - כולם ארבעה חטאות ניתנו להם מסיני דמתות ולא חמש (או ביחיד או בצבור ושכחו באיזו נאמר להו מתה) והחמישית נאמר להם רועה ובימי אבלו של משה שכחו איזו היתה רועה והלכו לחומרא ואמרו כולן מתות הלכך אי ס\"ד בצבור נאמר להם מי משכחת להו בצבור הא לא מיתרמו בצבור אלא שתים מהם אלא ודאי לא הוי אלא ביחיד:"
            ], 
            "links": [
                {
                    "category": "Talmud", 
                    "sourceHeRef": "תמורה ט״ז ב:ג׳", 
                    "sourceRef": "Temurah 16b:3", 
                    "ref": "Temurah 16b:3"
                }
            ], 
            "text": ""
        }, 
        {
            "segmentNumber": "4", 
            "he": [], 
            "links": [], 
            "text": ""
        }, 
        {
            "segmentNumber": "5", 
            "he": [], 
            "links": [], 
            "text": ""
        }, 
        {
            "segmentNumber": "6", 
            "he": [], 
            "links": [], 
            "text": ""
        }, 
        {
            "segmentNumber": "7", 
            "he": [], 
            "links": [], 
            "text": ""
        }, 
        {
            "segmentNumber": "8", 
            "he": [
                "אחת ניתנה להן - למיתה וארבעה לרעייה והעמידוה על חמשה ששכחו איזו המתה ור' נתן לפרושי טעמיה דרבי שמעון דמתני' אתא אלא מקמי דמסיק למילתיה קפריך ליה הש\"ס ומתרץ לפירוכיה והדר מסיק למילתיה:"
            ], 
            "links": [
                {
                    "category": "Talmud", 
                    "sourceHeRef": "תמורה ט״ז ב:ח׳", 
                    "sourceRef": "Temurah 16b:8", 
                    "ref": "Temurah 16b:8"
                }
            ], 
            "text": ""
        }, 
        {
            "segmentNumber": "9", 
            "he": [
                "וליחזי בהי סדרא גמירי - אמאי העמידוה על חמשה משום ספיקא דחדא ליחזי בהי סדרא גמירי לה לההיא חדא אם היו זכורים שאותה המתה שנאמרה להם היתה יכולה להיות ביחיד ובצבור למדו דחטאת שכיפרו בעליה ושעברה שנתה מתה מספיקא אבל הנך שלשה ליכא לספוקי דלא הוו בצבור דלא דמו לההיא ואם היו זכורים שאותה המתה לא היתה יכולה להיות אלא ביחיד לימא דהנך שלשה מתות אבל (הכא) ליכא לספוקא דהא לא דמי לה:"
            ], 
            "links": [
                {
                    "category": "Talmud", 
                    "sourceHeRef": "תמורה ט״ז ב:ט׳", 
                    "sourceRef": "Temurah 16b:9", 
                    "ref": "Temurah 16b:9"
                }
            ], 
            "text": ""
        }, 
        {
            "segmentNumber": "10", 
            "he": [
                "שתי שכחות שכחו - מהי סדרא ואי זו היא והלכך מדשכחו הכל קשיא להו לאותן שבימי יהושע אי סלקא דעתך דצבור הויא ההיא דמתה ד' דרעייה היכי משכחת להו בצבור הא לא מיתרמו לעולם אלא ודאי מדאדכר חמשה בין מיתה ורעייה ביחיד איתמר דמשכחת להו כולהו ביה והיינו טעמיה דרבי שמעון ורבנן אית להו ארבעה ניתנו להן כל היכא דמשכחינן להו דאיתיה ביחיד ובצבור איתיה דליתיה בצבור ליתיה ובמקום אחר פירשה רבי הכי אמר רשב\"ל לאו דינא הויא אלא גמרא הוא דארבעה ניתנו להן למיתה בחדא מימרא וכיון דכי הדדי בחדא גמרא אגמרינהו ודאי בחדא דוכתא אגמרינהו לארבעה ולא משכחת ארבעה אלא ביחיד והעמידום על ה' חמישית ניתנה להן לרעייה גזרו עליה מיתה לחומרא מספק ששכחו איזו היא ובימי אבלו של משה נשתכחה וקשיא להו כו' לאותן שבימי יהושע אי סלקא דעתך בצבור אגמרן מכדי חדא דוכתא הואי מדאגמרי לרביעית בחדא גמרא ובציבור מי משכחת ארבעה הלכך מתה ביחיד נאמר ולא בצבור וכל היכא דמיתרמא בצבור רועה דמתה דחטאות פשיטא לן דבצבור לא הוי והאי דנקט ד' ניתנו להן כו' משום דמעשה שהיה כך היה דודאי הלכה זו נשתכחה בימי אבלו של משה ולא משום תירוצא דר' שמעון נקיט לה הכי דכל שכן אי כולן ניתנו למיתה מיתרצא מילתיה דרבי שמעון שפיר טפי רבי נתן אומר כו' לתרוצי נמי אהא אחת ניתנה להן למיתה וארבע לרעייה ושכחו איזו המתה והעמידום כולן למיתה וכיון דד' דרעייה בחדא גמרא ובחדא זימנא גמור ודאי בחדא דוכתא איגמור אי כולהו ביחיד אי כולהו בין ביחיד בין בצבור הלכך על כרחיך בחדא דוכתא לא משכחת לה אלא ביחיד דגמרינן לה מדרעייה ולאו משאי אפשר הוא דהא בהנהו ארבעה דרעייה על כרחיך איכא חדא דמצי לאיתרמויי בציבור ואפי' הכי ביחיד הוא דגמרוה דהא בחדא מילתא איתמר הלכך ה' דמתה גמרינן מינה מה זו אפשר להיות ביחיד ובצבור לא נאמרה (מיתתה) אלא ביחיד אף זו אפי' היא מאותן שאפשר להיות בצבור לא נאמרה מיתתה אלא ביחיד הלכך אפשר משאי אפשר גמרינן ומוקמינן מיתה ביחיד ולא בצבור והיכי דמי אפשר משאי אפשר דלא גמרינן כגון אי הוו גמירי תלתא בחדא גמרא לרעייה ותרתי בחדא גמרא למיתה ובעו למילף הני מהני מה תלתא דרעייה לא נאמרו אלא ביחיד דבצבור לא משתכחי שלשה אף תרי דמיתה לא נאמרו אלא ביחיד התם איכא למיפרך וכי דנין אפשר משאי אפשר דלמא הנך שלשה דלא מתרמו בצבור אוקי לרעייה והנך תרי דמיתרמו הכא והכא אוקי למיתה כל היכא דמיתרמו וכי נמי אתו לקמן מהנך שלשה דליתנהו אלא ביחיד איכא לספוקי דלמא מיתה ביחיד נאמרה ובתרי מהנך שלשה והרעייה בשלשה האחרות שהרי כולן מצויות ביחיד וליחזי בהי סידרא גמירי אמאי העמידום על חמשה בשביל אחת ליחזי אותה אחת מאיזה סדר היתה אם מסדר הנמצאות ביחיד ובצבור המתה מהנהו תרתי חטאות שכיפרו בעליה ושעברה שנתה איכא לספוקא אבל ולד חטאת ותמורה ושמתו בעליה ליכא לספוקא דהא פשיטא לן דאותה של מיתה מאותן הראויות להמצא בצבור היתה אם מהשלשה היתה שאינן נמצאות בצבור אותן שלשה יעמידו כולן למיתה אבל שכיפרו ושעיברה שנתה אמאי העמידו הא פשיטא להו שהמתה לא היתה יכולה להמצא בצבור:", 
                "ב' שכחיות שכחו - מאיזה סדר היתה ואיזו היא לפיכך העמידו כולן למיתה וקשה להו השתא הדר לתירוצא קמא ומסיים רבי נתן למילתיה לתרוצי מילתיה דר\"ש ועד השתא מפסקה הש\"ס דפרכה למילתיה אמאי דאמר העמידום על ה':"
            ], 
            "links": [
                {
                    "category": "Talmud", 
                    "sourceHeRef": "תמורה ט״ז ב:י׳", 
                    "sourceRef": "Temurah 16b:10", 
                    "ref": "Temurah 16b:10"
                }, 
                {
                    "category": "Talmud", 
                    "sourceHeRef": "תמורה ט״ז ב:י׳", 
                    "sourceRef": "Temurah 16b:10", 
                    "ref": "Temurah 16b:10"
                }
            ], 
            "text": ""
        }, 
        {
            "segmentNumber": "11", 
            "he": [], 
            "links": [], 
            "text": ""
        }, 
        {
            "segmentNumber": "12", 
            "he": [], 
            "links": [], 
            "text": ""
        }, 
        {
            "segmentNumber": "13", 
            "he": [], 
            "links": [], 
            "text": ""
        }, 
        {
            "segmentNumber": "14", 
            "he": [], 
            "links": [], 
            "text": ""
        }, 
        {
            "segmentNumber": "15", 
            "he": [], 
            "links": [], 
            "text": ""
        }, 
        {
            "segmentNumber": "16", 
            "he": [], 
            "links": [], 
            "text": ""
        }, 
        {
            "segmentNumber": "17", 
            "he": [
                "מתני' ומקדישין אברין ועוברין אבל לא ממירין - רבי יהודה הוא דדריש בהמה בבהמה בפרק קמא (לעיל דף י.):"
            ], 
            "links": [
                {
                    "category": "Talmud", 
                    "sourceHeRef": "תמורה ט״ז ב:י״ז", 
                    "sourceRef": "Temurah 16b:17", 
                    "ref": "Temurah 16b:17"
                }
            ], 
            "text": ""
        }, 
        {
            "segmentNumber": "18", 
            "he": [], 
            "links": [], 
            "text": ""
        }, 
        {
            "segmentNumber": "19", 
            "he": [
                "על בעלת מום קבוע - שאם המיר בעלת מום בתמימה של הקדש חלה עליה קדושה חמורה כ\"כ שאם יפדה לא תצא לחולין:"
            ], 
            "links": [
                {
                    "category": "Talmud", 
                    "sourceHeRef": "תמורה ט״ז ב:י״ט", 
                    "sourceRef": "Temurah 16b:19", 
                    "ref": "Temurah 16b:19"
                }
            ], 
            "text": ""
        }
    ], 
    "commentaryBook": "Temurah", 
    "heRef": "רש\"י על תמורה ט״ז ב", 
    "toSections": [
        "16b"
    ], 
    "sectionRef": "Rashi on Temurah 16b", 
    "title": "Rashi on Temurah 16b", 
    "lengths": [
        65, 
        3282
    ], 
    "next": "Rashi on Temurah 17a:1", 
    "heBook": "רש\"י על תמורה", 
    "book": "Rashi on Temurah", 
    "prev": "Rashi on Temurah 16a:85", 
    "textDepth": 3, 
    "sectionNames": [
        "Daf", 
        "Line", 
        "Comment"
    ], 
    "sections": [
        "16b"
    ], 
    "commentator": "Rashi", 
    "isComplex": false, 
    "commentaryCategories": [
        "Talmud", 
        "Bavli", 
        "Seder Kodashim"
    ], 
    "titleVariants": [
        "Rashi on Masekhet Temurah", 
        "Rashi on Talmud Temurah", 
        "Rashi on Temurah", 
        "Rashi on Tractate Temurah"
    ], 
    "categories": [
        "Commentary", 
        "Talmud", 
        "Rashi"
    ], 
    "ref": "Rashi on Temurah 16b", 
    "type": "Commentary", 
    "addressTypes": [
        "Talmud", 
        "Integer", 
        "Integer"
    ], 
    "heCommentator": "רש\"י", 
    "length": 65, 
    "indexTitle": "Rashi on Temurah", 
    "heIndexTitle": "רש\"י על תמורה", 
    "alts": [], 
    "order": [
        33, 
        6
    ]
}