{
    "heTitleVariants": [
        "כסף משנה על משנה תורה, הלכות נזקי ממון"
    ], 
    "heTitle": "כסף משנה על משנה תורה, הלכות נזקי ממון", 
    "heRef": "כסף משנה על משנה תורה, הלכות נזקי ממון י׳", 
    "toSections": [
        10
    ], 
    "sectionRef": "Kessef Mishneh on Mishneh Torah, Damages to Property 10", 
    "next": "Kessef Mishneh on Mishneh Torah, Damages to Property 11:6", 
    "content": [
        {
            "segmentNumber": "1", 
            "he": [], 
            "links": [], 
            "text": ""
        }, 
        {
            "segmentNumber": "2", 
            "he": [], 
            "links": [], 
            "text": ""
        }, 
        {
            "segmentNumber": "3", 
            "he": [], 
            "links": [], 
            "text": ""
        }, 
        {
            "segmentNumber": "4", 
            "he": [], 
            "links": [], 
            "text": ""
        }, 
        {
            "segmentNumber": "5", 
            "he": [
                "<b>התליע מתוכו ונפלו בו וכו'.</b> כתב ה''ה וכבר חילקו בין זו לתחלתה בפשיעה וכו'. עיין בדברי התוס' והרא''ש: \n\n"
            ], 
            "links": [
                {
                    "category": "Halakhah", 
                    "sourceHeRef": "משנה תורה, הלכות נזקי ממון י׳:ה׳", 
                    "index_title": "Mishneh Torah, Damages to Property", 
                    "sourceRef": "Mishneh Torah, Damages to Property 10:5"
                }
            ], 
            "text": ""
        }, 
        {
            "segmentNumber": "6", 
            "he": [], 
            "links": [], 
            "text": ""
        }, 
        {
            "segmentNumber": "7", 
            "he": [], 
            "links": [], 
            "text": ""
        }, 
        {
            "segmentNumber": "8", 
            "he": [], 
            "links": [], 
            "text": ""
        }, 
        {
            "segmentNumber": "9", 
            "he": [], 
            "links": [], 
            "text": ""
        }, 
        {
            "segmentNumber": "10", 
            "he": [], 
            "links": [], 
            "text": ""
        }, 
        {
            "segmentNumber": "11", 
            "he": [], 
            "links": [], 
            "text": ""
        }, 
        {
            "segmentNumber": "12", 
            "he": [], 
            "links": [], 
            "text": ""
        }, 
        {
            "segmentNumber": "13", 
            "he": [
                "<b>חפר הראשון בור עמוק ובא האחרון והרחיבו וכו' וכן אם נפל השור מאותו הצד שהרחיב האחרון וכו'.</b> דברי רבינו מבוארים דמיירי בשלא הרחיבו בהיקף וה''ק אם נפל השור מאותו הצד שהרחיבו אפילו מת מחמת הבל הבור חייב שאם לא הרחיב זה האחרון את הבור לא היה נופל שם ואם נפל השור בצד האחר שלא הרחיב אם מת מחמת הבל הבור פטור שהרי זה מיעט הבלו ואם מחמת חבט האחרון חייב: \n", 
                "<b>וכתב</b> הטור על דברי רבינו ותימה הוא היאך פוסק כתרי לישני דודאי פליגי אהדדי וגם ה''ה תמה עליו היאך עירב הלשונות והניח הדבר בצ''ע. ול''נ שרבינו סובר שא''א לומר דפליגי לישני אהדדי דא''כ קשיא אלישנא קמא אמאי פטור כי מיית מחמת הבלא אפי' נפל מהצד שהרחיב הא אם לא היה מרחיבו לא היה נופל וכן קשה ללישנא בתרא כי נפל מאידך גיסא אמאי פטור אי מיית מחמת חבטא הרי כיון שעשה מעשה בבור אין ראוי ליפטר וכבר הרגישו התוס' בקושית לישנא קמא וכדי לתרץ זה מפרש רבינו דהני לישני כל חד סמיך אחבריה ולא פליגי ודברים נכונים הם: \n\n"
            ], 
            "links": [
                {
                    "category": "Halakhah", 
                    "sourceHeRef": "משנה תורה, הלכות נזקי ממון י׳:י״ג", 
                    "index_title": "Mishneh Torah, Damages to Property", 
                    "sourceRef": "Mishneh Torah, Damages to Property 10:13"
                }, 
                {
                    "category": "Halakhah", 
                    "sourceHeRef": "משנה תורה, הלכות נזקי ממון י׳:י״ג", 
                    "index_title": "Mishneh Torah, Damages to Property", 
                    "sourceRef": "Mishneh Torah, Damages to Property 10:13"
                }
            ], 
            "text": ""
        }, 
        {
            "segmentNumber": "14", 
            "he": [
                "<b>בור שחייבה עליו תורה וכו'.</b> כתב ה''ה פסק כשמואל וכו'. \n", 
                "<b>ומ''ש לפיכך אם היה הבור עמוק וכו'.</b> מימרא שם וכו'. עיין בהרא''ש: \n\n"
            ], 
            "links": [
                {
                    "category": "Halakhah", 
                    "sourceHeRef": "משנה תורה, הלכות נזקי ממון י׳:י״ד", 
                    "index_title": "Mishneh Torah, Damages to Property", 
                    "sourceRef": "Mishneh Torah, Damages to Property 10:14"
                }, 
                {
                    "category": "Halakhah", 
                    "sourceHeRef": "משנה תורה, הלכות נזקי ממון י׳:י״ד", 
                    "index_title": "Mishneh Torah, Damages to Property", 
                    "sourceRef": "Mishneh Torah, Damages to Property 10:14"
                }
            ], 
            "text": ""
        }
    ], 
    "book": "Kessef Mishneh on Mishneh Torah, Damages to Property", 
    "prev": "Kessef Mishneh on Mishneh Torah, Damages to Property 9:7", 
    "textDepth": 3, 
    "sectionNames": [
        "Chapter", 
        "Halacha", 
        "Comment"
    ], 
    "sections": [
        10
    ], 
    "isComplex": false, 
    "titleVariants": [
        "Kessef Mishneh on Mishneh Torah, Damages to Property"
    ], 
    "categories": [
        "Halakhah", 
        "Commentary", 
        "Mishneh Torah", 
        "Sefer Nezikim"
    ], 
    "ref": "Kessef Mishneh on Mishneh Torah, Damages to Property 10", 
    "type": "Halakhah", 
    "addressTypes": [
        "Integer", 
        "Integer", 
        "Integer"
    ], 
    "indexTitle": "Kessef Mishneh on Mishneh Torah, Damages to Property", 
    "heIndexTitle": "כסף משנה על משנה תורה, הלכות נזקי ממון", 
    "alts": [], 
    "order": ""
}