[{
    "links": [
        [
            "17a:1", 
            "Numbers 18", 
            "Tanach"
        ]
    ], 
    "text": [], 
    "heTitleVariants": [
        "תלמוד ירושלמי חלה"
    ], 
    "heTitle": "תלמוד ירושלמי חלה י״ז א", 
    "heRef": "תלמוד ירושלמי חלה י״ז א", 
    "toSections": [
        "17a"
    ], 
    "sectionRef": "Jerusalem Talmud Hallah 17a", 
    "title": "Jerusalem Talmud Hallah 17a", 
    "lengths": [
        56, 
        87
    ], 
    "next": "Jerusalem Talmud Hallah 17b", 
    "heBook": "תלמוד ירושלמי חלה", 
    "book": "Jerusalem Talmud Hallah", 
    "prev": "Jerusalem Talmud Hallah 16b", 
    "textDepth": 2, 
    "sectionNames": [
        "Daf", 
        "Halakhah"
    ], 
    "sections": [
        "17a"
    ], 
    "isComplex": false, 
    "titleVariants": [
        "Yerushalmi Hallah", 
        "Talmud Yerushalmi Challah", 
        "JT Hallah", 
        "Yerushalmi Challah", 
        "JT Challah", 
        "Jerusalem Talmud Hallah"
    ], 
    "categories": [
        "Talmud", 
        "Yerushalmi", 
        "Seder Zeraim"
    ], 
    "he": [
        "כן.  אית לך מימר יעשנה קבין בספיקן.  רבי זבידא אמר אנא בעיתה.  רבי יוסי בשם רבי הילא בדין היה שיטמא אדם טבלו דבר תורה דכתיב (במדבר יח) ואני הנה נתתי לך את משמרת תרומתי.  תרומה צריכה שימור אין הטבל צירכה שימור.  מה אני מקיים (שם) ונתתם ממנו את תרומת ה' לאהרן הכהן.  עשה שינתן לו לאהרן הכהן בכהונתו.  וכאן הואיל ואין את יכול ליתנו לכהן בכהונתו רשאי את לטמותו:", 
        "הקדישה עיסתה עד שלא גילגילה ופדייתה חייבת.  הקדישתה עד שלא גילגילה וגילגלה הגיזבר ואח\"כ פדיתה פטורה שבשעת חובתה היתה פטורה.  כיוצא בו המקדיש פירותיו עד שלא באו לעונת המעשרות ופדיין חייבין ומשבאו לעונת המעשרות ופדאן חייבין.  הקדישן עד שלא נגמרו גמרן הגזבר ואח\"כ פדיין פטורין שבשעת חובתן היו פטורין:", 
        "ולמה תנינתא תרי זימנין.  רבי חונא רבי חייא רבי יהושע בן לוי בשם ר' פדיה אחת למירוח ואחת לשליש.  רבי יוסי אמר רבי בא וחבריא.  חברייא אמרין אחת למירוח ואחת לשליש.  רבי בא מפרש לחלה למירוח ופיאה לשליש.  ומתניתא דרבי עקיבה היא דרבי עקיבה אמר אחר שליש האחרון את מהלך.  דאיתפלגון שדה שהביא' שליש לפני גוי ולקחה ישראל רבי עקיבה אומר התוספות פטור וחכמים אומרים התוספות חייוב.  מיי כדון.  תיפתר או כרבי עקיבה במחלוקת או כדברי הכל בקוצר מיד:", 
        "נכרי שנתן לישראל עיסה לעשות לו פטורה מן החלה.  נתנה לו מתנה עד שלא גילגל חייבת.  ומשגילגל פטורה.  העושה עיסה עם הנכרי אם אין בשל ישראל כשיעור חלה פטורה מן החלה.  גר שנתגייר והיתה לו עיסה אם נעשית עד שלא נתגייר פטור ומשנתגייר חייב ואם ספק חייב.  ואין חייבין עליה חומש.  רבי עקיבה אומר הכל הולך אחר הקרימה דתנור:", 
        "מה בינה לעיסת ארנונא"
    ], 
    "ref": "Jerusalem Talmud Hallah 17a", 
    "type": "Talmud", 
    "addressTypes": [
        "Talmud", 
        "Integer"
    ], 
    "length": 56, 
    "indexTitle": "Jerusalem Talmud Hallah", 
    "heIndexTitle": "תלמוד ירושלמי חלה", 
    "alts": [], 
    "order": [
        9
    ]
}]