{
    "heTitleVariants": [
        "רש\"י על ראש השנה"
    ], 
    "heTitle": "רש\"י על ראש השנה ו׳ ב", 
    "content": [
        {
            "segmentNumber": "1", 
            "he": [
                "שהיה חולה - הולד:"
            ], 
            "links": [
                {
                    "category": "Talmud", 
                    "sourceHeRef": "ראש השנה ו׳ ב:א׳", 
                    "sourceRef": "Rosh Hashanah 6b:1", 
                    "ref": "Rosh Hashanah 6b:1"
                }
            ], 
            "text": ""
        }, 
        {
            "segmentNumber": "2", 
            "he": [], 
            "links": [], 
            "text": ""
        }, 
        {
            "segmentNumber": "3", 
            "he": [], 
            "links": [], 
            "text": ""
        }, 
        {
            "segmentNumber": "4", 
            "he": [
                "כל היכא דקתני פסח - דבעי למיתני בתריה שבועות תני עצרת ולא חג:"
            ], 
            "links": [
                {
                    "category": "Talmud", 
                    "sourceHeRef": "ראש השנה ו׳ ב:ד׳", 
                    "sourceRef": "Rosh Hashanah 6b:4", 
                    "ref": "Rosh Hashanah 6b:4"
                }
            ], 
            "text": ""
        }, 
        {
            "segmentNumber": "5", 
            "he": [], 
            "links": [], 
            "text": ""
        }, 
        {
            "segmentNumber": "6", 
            "he": [], 
            "links": [], 
            "text": ""
        }, 
        {
            "segmentNumber": "7", 
            "he": [], 
            "links": [], 
            "text": ""
        }, 
        {
            "segmentNumber": "8", 
            "he": [
                "שנה בלא רגלים - לקמיה מפרש:"
            ], 
            "links": [
                {
                    "category": "Talmud", 
                    "sourceHeRef": "ראש השנה ו׳ ב:ח׳", 
                    "sourceRef": "Rosh Hashanah 6b:8", 
                    "ref": "Rosh Hashanah 6b:8"
                }
            ], 
            "text": ""
        }, 
        {
            "segmentNumber": "9", 
            "he": [], 
            "links": [], 
            "text": ""
        }, 
        {
            "segmentNumber": "10", 
            "he": [], 
            "links": [], 
            "text": ""
        }, 
        {
            "segmentNumber": "11", 
            "he": [], 
            "links": [], 
            "text": ""
        }, 
        {
            "segmentNumber": "12", 
            "he": [], 
            "links": [], 
            "text": ""
        }, 
        {
            "segmentNumber": "13", 
            "he": [], 
            "links": [], 
            "text": ""
        }, 
        {
            "segmentNumber": "14", 
            "he": [], 
            "links": [], 
            "text": ""
        }, 
        {
            "segmentNumber": "15", 
            "he": [
                "למיקבעיה בלאו קא מהדר - להודיעך כל צידי זמן התחלת בל תאחר שבו:", 
                "אלאוי יתירי לא מהדר - להודיעך לאוין הרבים שבו:"
            ], 
            "links": [
                {
                    "category": "Talmud", 
                    "sourceHeRef": "ראש השנה ו׳ ב:ט״ו", 
                    "sourceRef": "Rosh Hashanah 6b:15", 
                    "ref": "Rosh Hashanah 6b:15"
                }, 
                {
                    "category": "Talmud", 
                    "sourceHeRef": "ראש השנה ו׳ ב:ט״ו", 
                    "sourceRef": "Rosh Hashanah 6b:15", 
                    "ref": "Rosh Hashanah 6b:15"
                }
            ], 
            "text": ""
        }, 
        {
            "segmentNumber": "16", 
            "he": [], 
            "links": [], 
            "text": ""
        }, 
        {
            "segmentNumber": "17", 
            "he": [], 
            "links": [], 
            "text": ""
        }, 
        {
            "segmentNumber": "18", 
            "he": [], 
            "links": [], 
            "text": ""
        }, 
        {
            "segmentNumber": "19", 
            "he": [
                "הניחא למאן דבעי כסדרן משכחת לה - דעברה שנה ולא עברו רגלים כסדרן ולמדך דכיון דעברה שנה אע\"פ שלא עברו רגלים כסדרן חייב וסבר לה כר\"ש בחדא ופליג עליה בחדא:"
            ], 
            "links": [
                {
                    "category": "Talmud", 
                    "sourceHeRef": "ראש השנה ו׳ ב:י״ט", 
                    "sourceRef": "Rosh Hashanah 6b:19", 
                    "ref": "Rosh Hashanah 6b:19"
                }
            ], 
            "text": ""
        }, 
        {
            "segmentNumber": "20", 
            "he": [], 
            "links": [], 
            "text": ""
        }, 
        {
            "segmentNumber": "21", 
            "he": [
                "בשלמא לרבי - דאמר חדש העיבור אינו מן השנה חוץ מי\"א יום ששנת חמה יתירה על הלבנה משכחת לה בשנה מעוברת:"
            ], 
            "links": [
                {
                    "category": "Talmud", 
                    "sourceHeRef": "ראש השנה ו׳ ב:כ״א", 
                    "sourceRef": "Rosh Hashanah 6b:21", 
                    "ref": "Rosh Hashanah 6b:21"
                }
            ], 
            "text": ""
        }, 
        {
            "segmentNumber": "22", 
            "he": [
                "שנה תמימה - האמורה בבתי ערי חומה מונה שס\"ה ימים ואפי' בשנה פשוטה ואף בשנה מעוברת כיון שעברו ג' מאות וששים וחמשה ימים משמכרה נחלט לו:"
            ], 
            "links": [
                {
                    "category": "Talmud", 
                    "sourceHeRef": "ראש השנה ו׳ ב:כ״ב", 
                    "sourceRef": "Rosh Hashanah 6b:22", 
                    "ref": "Rosh Hashanah 6b:22"
                }
            ], 
            "text": ""
        }, 
        {
            "segmentNumber": "23", 
            "he": [], 
            "links": [], 
            "text": ""
        }, 
        {
            "segmentNumber": "24", 
            "he": [], 
            "links": [], 
            "text": ""
        }, 
        {
            "segmentNumber": "25", 
            "he": [
                "מיום ליום - מט\"ו בניסן לחמשה עשר בניסן אם מכרה בט\"ו בניסן נתעברה לו למוכר ועל כרחו של לוקח אינו נחלט עד שיגיע ט\"ו בניסן:"
            ], 
            "links": [
                {
                    "category": "Talmud", 
                    "sourceHeRef": "ראש השנה ו׳ ב:כ״ה", 
                    "sourceRef": "Rosh Hashanah 6b:25", 
                    "ref": "Rosh Hashanah 6b:25"
                }
            ], 
            "text": ""
        }, 
        {
            "segmentNumber": "26", 
            "he": [
                "בתר חג המצות - בתוך הרגל ואית דאמרי לאחר הרגל ושילהי אדר בתרא לאו דוקא אלא לאחר שיצא אדר קאמר:", 
                "שנה מליא - ג' מאות וששים וחמשה ימים:"
            ], 
            "links": [
                {
                    "category": "Talmud", 
                    "sourceHeRef": "ראש השנה ו׳ ב:כ״ו", 
                    "sourceRef": "Rosh Hashanah 6b:26", 
                    "ref": "Rosh Hashanah 6b:26"
                }, 
                {
                    "category": "Talmud", 
                    "sourceHeRef": "ראש השנה ו׳ ב:כ״ו", 
                    "sourceRef": "Rosh Hashanah 6b:26", 
                    "ref": "Rosh Hashanah 6b:26"
                }
            ], 
            "text": ""
        }, 
        {
            "segmentNumber": "27", 
            "he": [], 
            "links": [], 
            "text": ""
        }, 
        {
            "segmentNumber": "28", 
            "he": [], 
            "links": [], 
            "text": ""
        }, 
        {
            "segmentNumber": "29", 
            "he": [
                "פעמים ששה - שהוא ששה בסיון יום החמשים לעומר:"
            ], 
            "links": [
                {
                    "category": "Talmud", 
                    "sourceHeRef": "ראש השנה ו׳ ב:כ״ט", 
                    "sourceRef": "Rosh Hashanah 6b:29", 
                    "ref": "Rosh Hashanah 6b:29"
                }
            ], 
            "text": ""
        }, 
        {
            "segmentNumber": "30", 
            "he": [], 
            "links": [], 
            "text": ""
        }, 
        {
            "segmentNumber": "31", 
            "he": [
                "שניהם מלאים - ניסן ואייר הרי ט\"ו ימים מניסן ול' דאייר מלא להו חמשים בחמשה בסיון:", 
                "א' מלא כו' - ומשכחת לה שנה בלא רגלים כגון שניהם מלאים ואירע עצרת בה' בסיון והקדישה למחרת בו' בסיון ולשנה הבאה היו שניהן חסרים ואירע עצרת בז' בסיון והשנה מלאה ביום ו' בסיון משהקדישה ועדיין לא עבר עצרת עליו:"
            ], 
            "links": [
                {
                    "category": "Talmud", 
                    "sourceHeRef": "ראש השנה ו׳ ב:ל״א", 
                    "sourceRef": "Rosh Hashanah 6b:31", 
                    "ref": "Rosh Hashanah 6b:31"
                }, 
                {
                    "category": "Talmud", 
                    "sourceHeRef": "ראש השנה ו׳ ב:ל״א", 
                    "sourceRef": "Rosh Hashanah 6b:31", 
                    "ref": "Rosh Hashanah 6b:31"
                }
            ], 
            "text": ""
        }, 
        {
            "segmentNumber": "32", 
            "he": [
                "מאן תנא כו' - ת\"ק דלא איירי בשנה בלא רגלים:"
            ], 
            "links": [
                {
                    "category": "Talmud", 
                    "sourceHeRef": "ראש השנה ו׳ ב:ל״ב", 
                    "sourceRef": "Rosh Hashanah 6b:32", 
                    "ref": "Rosh Hashanah 6b:32"
                }
            ], 
            "text": ""
        }, 
        {
            "segmentNumber": "33", 
            "he": [], 
            "links": [], 
            "text": ""
        }, 
        {
            "segmentNumber": "34", 
            "he": [
                "אלא ד' ימים - קסברי לעולם כל חדשי השנה אחד מלא ואחד חסר ואין מעברין ואין מחסרין שום חדש לצורך והויא לה שנה שנ\"ד ימים נמצאת כל השנה שבועים שלמים חוץ מד' הימים והן הדוחין קביעות השנה מקביעות חברתה:"
            ], 
            "links": [
                {
                    "category": "Talmud", 
                    "sourceHeRef": "ראש השנה ו׳ ב:ל״ד", 
                    "sourceRef": "Rosh Hashanah 6b:34", 
                    "ref": "Rosh Hashanah 6b:34"
                }
            ], 
            "text": ""
        }, 
        {
            "segmentNumber": "35", 
            "he": [
                "ואם היתה שנה מעוברת חמשה - קסבר חדש עיבור לעולם חסר ואינו דוחה את המועדות אלא יום אחד שהוא יתר על ד' שבועות:"
            ], 
            "links": [
                {
                    "category": "Talmud", 
                    "sourceHeRef": "ראש השנה ו׳ ב:ל״ה", 
                    "sourceRef": "Rosh Hashanah 6b:35", 
                    "ref": "Rosh Hashanah 6b:35"
                }
            ], 
            "text": ""
        }, 
        {
            "segmentNumber": "36", 
            "he": [], 
            "links": [], 
            "text": ""
        }, 
        {
            "segmentNumber": "37", 
            "he": [
                "יורש מהו בבל תאחר - על נדר אביו:"
            ], 
            "links": [
                {
                    "category": "Talmud", 
                    "sourceHeRef": "ראש השנה ו׳ ב:ל״ז", 
                    "sourceRef": "Rosh Hashanah 6b:37", 
                    "ref": "Rosh Hashanah 6b:37"
                }
            ], 
            "text": ""
        }, 
        {
            "segmentNumber": "38", 
            "he": [], 
            "links": [], 
            "text": ""
        }, 
        {
            "segmentNumber": "39", 
            "he": [], 
            "links": [], 
            "text": ""
        }, 
        {
            "segmentNumber": "40", 
            "he": [], 
            "links": [], 
            "text": ""
        }, 
        {
            "segmentNumber": "41", 
            "he": [], 
            "links": [], 
            "text": ""
        }, 
        {
            "segmentNumber": "42", 
            "he": [
                "קרי ביה עמך ומעמך - ודריש בה תרתי דעמך משמע ליה חלקו של עני ומ יתירא למעוטי יורש:"
            ], 
            "links": [
                {
                    "category": "Talmud", 
                    "sourceHeRef": "ראש השנה ו׳ ב:מ״ב", 
                    "sourceRef": "Rosh Hashanah 6b:42", 
                    "ref": "Rosh Hashanah 6b:42"
                }
            ], 
            "text": ""
        }, 
        {
            "segmentNumber": "43", 
            "he": [], 
            "links": [], 
            "text": ""
        }, 
        {
            "segmentNumber": "44", 
            "he": [], 
            "links": [], 
            "text": ""
        }, 
        {
            "segmentNumber": "45", 
            "he": [
                "מי אמרי' הא לא מיחייבא בראיה - דכתיב (דברים טז) כל זכורך וכיון דלא מיחייבא למיסק לא שייך בה זמן רגלים לבל תאחר או דלמא מיחייבא למיסק משום שמחה דכתיב (שם) ושמחת בחגך ואמר מר (פסחים ד' קט.) בזמן שבית המקדש קיים אין שמחה אלא בבשר שלמים שנאמר וזבחת שלמים ואכלת שם (ואכלת) ושמחת:"
            ], 
            "links": [
                {
                    "category": "Talmud", 
                    "sourceHeRef": "ראש השנה ו׳ ב:מ״ה", 
                    "sourceRef": "Rosh Hashanah 6b:45", 
                    "ref": "Rosh Hashanah 6b:45"
                }, 
                {
                    "category": "Tanach", 
                    "sourceHeRef": "דברים ט״ז", 
                    "sourceRef": "Deuteronomy 16", 
                    "ref": "Deuteronomy 16"
                }, 
                {
                    "category": "Talmud", 
                    "sourceHeRef": "פסחים ק״ט א", 
                    "sourceRef": "Pesachim 109a", 
                    "ref": "Pesachim 109a"
                }
            ], 
            "text": ""
        }, 
        {
            "segmentNumber": "46", 
            "he": [], 
            "links": [], 
            "text": ""
        }, 
        {
            "segmentNumber": "47", 
            "he": [], 
            "links": [], 
            "text": ""
        }, 
        {
            "segmentNumber": "48", 
            "he": [], 
            "links": [], 
            "text": ""
        }, 
        {
            "segmentNumber": "49", 
            "he": [], 
            "links": [], 
            "text": ""
        }, 
        {
            "segmentNumber": "50", 
            "he": [], 
            "links": [], 
            "text": ""
        }, 
        {
            "segmentNumber": "51", 
            "he": [
                "בעלה משמחה - בבבל בבגדי צבעונין בא\"י בבגדי פשתן המגוהצים הכי איתא בקדושין (ד' לד:):"
            ], 
            "links": [
                {
                    "category": "Talmud", 
                    "sourceHeRef": "ראש השנה ו׳ ב:נ״א", 
                    "sourceRef": "Rosh Hashanah 6b:51", 
                    "ref": "Rosh Hashanah 6b:51"
                }
            ], 
            "text": ""
        }, 
        {
            "segmentNumber": "52", 
            "he": [], 
            "links": [], 
            "text": ""
        }, 
        {
            "segmentNumber": "53", 
            "he": [], 
            "links": [], 
            "text": ""
        }, 
        {
            "segmentNumber": "54", 
            "he": [], 
            "links": [], 
            "text": ""
        }, 
        {
            "segmentNumber": "55", 
            "he": [], 
            "links": [], 
            "text": ""
        }, 
        {
            "segmentNumber": "56", 
            "he": [], 
            "links": [], 
            "text": ""
        }, 
        {
            "segmentNumber": "57", 
            "he": [], 
            "links": [], 
            "text": ""
        }, 
        {
            "segmentNumber": "58", 
            "he": [
                "הא בתם - דקאי להרצאה משנראה להרצאה:"
            ], 
            "links": [
                {
                    "category": "Talmud", 
                    "sourceHeRef": "ראש השנה ו׳ ב:נ״ח", 
                    "sourceRef": "Rosh Hashanah 6b:58", 
                    "ref": "Rosh Hashanah 6b:58"
                }
            ], 
            "text": ""
        }
    ], 
    "commentaryBook": "Rosh Hashanah", 
    "heRef": "רש\"י על ראש השנה ו׳ ב", 
    "toSections": [
        "6b"
    ], 
    "sectionRef": "Rashi on Rosh Hashanah 6b", 
    "title": "Rashi on Rosh Hashanah 6b", 
    "lengths": [
        67, 
        3168
    ], 
    "next": "Rashi on Rosh Hashanah 7a:1", 
    "heBook": "רש\"י על ראש השנה", 
    "book": "Rashi on Rosh Hashanah", 
    "prev": "Rashi on Rosh Hashanah 6a:53", 
    "textDepth": 3, 
    "sectionNames": [
        "Daf", 
        "Line", 
        "Comment"
    ], 
    "sections": [
        "6b"
    ], 
    "commentator": "Rashi", 
    "isComplex": false, 
    "commentaryCategories": [
        "Talmud", 
        "Bavli", 
        "Seder Moed"
    ], 
    "titleVariants": [
        "Rashi on Rosh HaShanah", 
        "Rashi on Rosh Hashanah", 
        "Rashi on Tractate Rosh Hashanah", 
        "Rashi on Talmud Rosh Hashanah", 
        "Rashi on Masekhet Rosh Hashanah"
    ], 
    "categories": [
        "Commentary", 
        "Talmud", 
        "Rashi"
    ], 
    "ref": "Rashi on Rosh Hashanah 6b", 
    "type": "Commentary", 
    "addressTypes": [
        "Talmud", 
        "Integer", 
        "Integer"
    ], 
    "heCommentator": "רש\"י", 
    "length": 67, 
    "indexTitle": "Rashi on Rosh Hashanah", 
    "heIndexTitle": "רש\"י על ראש השנה", 
    "alts": [], 
    "order": [
        5, 
        4
    ]
}