{
    "sections": {
        "Tosafot on Sotah 2a:12": {
            "content": [], 
            "heTitle": "תוספות על סוטה ב׳ א:י״ב", 
            "indexTitle": "Tosafot on Sotah", 
            "sectionRef": "Tosafot on Sotah 2a:12", 
            "prev": "Tosafot on Sotah 2a:1", 
            "ref": "Tosafot on Sotah 2a:12", 
            "heRef": "תוספות על סוטה ב׳ א:י״ב", 
            "next": "Tosafot on Sotah 2a:18"
        }, 
        "Tosafot on Sotah 2a:13": {
            "content": [], 
            "heTitle": "תוספות על סוטה ב׳ א:י״ג", 
            "indexTitle": "Tosafot on Sotah", 
            "sectionRef": "Tosafot on Sotah 2a:13", 
            "prev": "Tosafot on Sotah 2a:1", 
            "ref": "Tosafot on Sotah 2a:13", 
            "heRef": "תוספות על סוטה ב׳ א:י״ג", 
            "next": "Tosafot on Sotah 2a:18"
        }, 
        "Tosafot on Sotah 2a:10": {
            "content": [], 
            "heTitle": "תוספות על סוטה ב׳ א:י׳", 
            "indexTitle": "Tosafot on Sotah", 
            "sectionRef": "Tosafot on Sotah 2a:10", 
            "prev": "Tosafot on Sotah 2a:1", 
            "ref": "Tosafot on Sotah 2a:10", 
            "heRef": "תוספות על סוטה ב׳ א:י׳", 
            "next": "Tosafot on Sotah 2a:18"
        }, 
        "Tosafot on Sotah 2a:11": {
            "content": [], 
            "heTitle": "תוספות על סוטה ב׳ א:י״א", 
            "indexTitle": "Tosafot on Sotah", 
            "sectionRef": "Tosafot on Sotah 2a:11", 
            "prev": "Tosafot on Sotah 2a:1", 
            "ref": "Tosafot on Sotah 2a:11", 
            "heRef": "תוספות על סוטה ב׳ א:י״א", 
            "next": "Tosafot on Sotah 2a:18"
        }, 
        "Tosafot on Sotah 2a:16": {
            "content": [], 
            "heTitle": "תוספות על סוטה ב׳ א:ט״ז", 
            "indexTitle": "Tosafot on Sotah", 
            "sectionRef": "Tosafot on Sotah 2a:16", 
            "prev": "Tosafot on Sotah 2a:1", 
            "ref": "Tosafot on Sotah 2a:16", 
            "heRef": "תוספות על סוטה ב׳ א:ט״ז", 
            "next": "Tosafot on Sotah 2a:18"
        }, 
        "Tosafot on Sotah 2a:17": {
            "content": [], 
            "heTitle": "תוספות על סוטה ב׳ א:י״ז", 
            "indexTitle": "Tosafot on Sotah", 
            "sectionRef": "Tosafot on Sotah 2a:17", 
            "prev": "Tosafot on Sotah 2a:1", 
            "ref": "Tosafot on Sotah 2a:17", 
            "heRef": "תוספות על סוטה ב׳ א:י״ז", 
            "next": "Tosafot on Sotah 2a:18"
        }, 
        "Tosafot on Sotah 2a:14": {
            "content": [], 
            "heTitle": "תוספות על סוטה ב׳ א:י״ד", 
            "indexTitle": "Tosafot on Sotah", 
            "sectionRef": "Tosafot on Sotah 2a:14", 
            "prev": "Tosafot on Sotah 2a:1", 
            "ref": "Tosafot on Sotah 2a:14", 
            "heRef": "תוספות על סוטה ב׳ א:י״ד", 
            "next": "Tosafot on Sotah 2a:18"
        }, 
        "Tosafot on Sotah 2a:15": {
            "content": [], 
            "heTitle": "תוספות על סוטה ב׳ א:ט״ו", 
            "indexTitle": "Tosafot on Sotah", 
            "sectionRef": "Tosafot on Sotah 2a:15", 
            "prev": "Tosafot on Sotah 2a:1", 
            "ref": "Tosafot on Sotah 2a:15", 
            "heRef": "תוספות על סוטה ב׳ א:ט״ו", 
            "next": "Tosafot on Sotah 2a:18"
        }, 
        "Tosafot on Sotah 2a:34": {
            "content": [], 
            "heTitle": "תוספות על סוטה ב׳ א:ל״ד", 
            "indexTitle": "Tosafot on Sotah", 
            "sectionRef": "Tosafot on Sotah 2a:34", 
            "prev": "Tosafot on Sotah 2a:33", 
            "ref": "Tosafot on Sotah 2a:34", 
            "heRef": "תוספות על סוטה ב׳ א:ל״ד", 
            "next": "Tosafot on Sotah 2b:3"
        }, 
        "Tosafot on Sotah 2a:35": {
            "content": [], 
            "heTitle": "תוספות על סוטה ב׳ א:ל״ה", 
            "indexTitle": "Tosafot on Sotah", 
            "sectionRef": "Tosafot on Sotah 2a:35", 
            "prev": "Tosafot on Sotah 2a:33", 
            "ref": "Tosafot on Sotah 2a:35", 
            "heRef": "תוספות על סוטה ב׳ א:ל״ה", 
            "next": "Tosafot on Sotah 2b:3"
        }, 
        "Tosafot on Sotah 2a:18": {
            "content": [
                {
                    "segmentNumber": "1", 
                    "links": [
                        {
                            "category": "Talmud", 
                            "index_title": "Sotah", 
                            "sourceHeRef": "סוטה ב׳ א:י״ח", 
                            "sourceRef": "Sotah 2a:18"
                        }, 
                        {
                            "category": "Talmud", 
                            "index_title": "Pesachim", 
                            "sourceHeRef": "פסחים מ״ט א", 
                            "sourceRef": "Pesachim 49a"
                        }, 
                        {
                            "category": "Talmud", 
                            "index_title": "Shabbat", 
                            "sourceHeRef": "שבת קמ״ז א", 
                            "sourceRef": "Shabbat 147a"
                        }
                    ], 
                    "he": "המקנא דיעבד אין - וא\"ת וכי כל היכא דתני ה\"א בתחילתן לשון דיעבד הוא והא קתני בסוף אלו עוברין (פסחים דף מט.) ההולך לשחוט את פסחו ובעבודה זרה פרק השוכר (דף סט.) המניח עובד כוכבים בחנותו דמסיק בשמעתתא קמייתא דשחיטת חולין (דף ג.) דמיירי לכתחילה ובפרק ב' דשחיטת חולין (דף לז.) השוחט את המסוכנת ובפרק קמא דביצה (דף ו:) השוחט את התרנגולת ומצא בה ביצים גמורות ויש לומר דכל היכא דאיכא למיתלי בלישנא דייק הכי כגון הכא ובריש פ\"ב דשחיטת חולין (דף כז.) והתם נמי בפ' קמא (דף טו:) השוחט במגל יד ובפ' קמא דביצה (דף ז:) השוחט חיה ועוף יחפור בדקר ובפ' חבית (שבת דף קמז.) הרוחץ במי מערה או במי טבריא ותימה היכי דייק מהכא דאסור לקנאות אמאי לא מתרץ המקנא שבא כדמתרץ בפ\"ק דביצה (דף ז:) ועל כרחך אית לן למימר דהכא ממשנה יתירא דייק כדפרש\"י:"
                }
            ], 
            "heTitle": "תוספות על סוטה ב׳ א:י״ח", 
            "indexTitle": "Tosafot on Sotah", 
            "sectionRef": "Tosafot on Sotah 2a:18", 
            "prev": "Tosafot on Sotah 2a:1", 
            "ref": "Tosafot on Sotah 2a:18", 
            "heRef": "תוספות על סוטה ב׳ א:י״ח", 
            "next": "Tosafot on Sotah 2a:27"
        }, 
        "Tosafot on Sotah 2a:19": {
            "content": [], 
            "heTitle": "תוספות על סוטה ב׳ א:י״ט", 
            "indexTitle": "Tosafot on Sotah", 
            "sectionRef": "Tosafot on Sotah 2a:19", 
            "prev": "Tosafot on Sotah 2a:18", 
            "ref": "Tosafot on Sotah 2a:19", 
            "heRef": "תוספות על סוטה ב׳ א:י״ט", 
            "next": "Tosafot on Sotah 2a:27"
        }, 
        "Tosafot on Sotah 2a:30": {
            "content": [
                {
                    "segmentNumber": "1", 
                    "links": [
                        {
                            "category": "Talmud", 
                            "index_title": "Sotah", 
                            "sourceHeRef": "סוטה ב׳ א:ל׳", 
                            "sourceRef": "Sotah 2a:30"
                        }
                    ], 
                    "he": "הא בזוג ראשון הא בזוג שני - תימה בפ' ואלו מגלחין (מו\"ק דף יח:) דאמר שמואל מותר לארס בחולו של מועד שמא יקדמנו אחר קפריך ליה מהכא ארבעים יום קודם יצירת הולד אמאי לא מוקי התם מלתיה דשמואל בזוג שני:"
                }
            ], 
            "heTitle": "תוספות על סוטה ב׳ א:ל׳", 
            "indexTitle": "Tosafot on Sotah", 
            "sectionRef": "Tosafot on Sotah 2a:30", 
            "prev": "Tosafot on Sotah 2a:27", 
            "ref": "Tosafot on Sotah 2a:30", 
            "heRef": "תוספות על סוטה ב׳ א:ל׳", 
            "next": "Tosafot on Sotah 2a:33"
        }, 
        "Tosafot on Sotah 2a:31": {
            "content": [], 
            "heTitle": "תוספות על סוטה ב׳ א:ל״א", 
            "indexTitle": "Tosafot on Sotah", 
            "sectionRef": "Tosafot on Sotah 2a:31", 
            "prev": "Tosafot on Sotah 2a:30", 
            "ref": "Tosafot on Sotah 2a:31", 
            "heRef": "תוספות על סוטה ב׳ א:ל״א", 
            "next": "Tosafot on Sotah 2a:33"
        }, 
        "Tosafot on Sotah 2a:32": {
            "content": [], 
            "heTitle": "תוספות על סוטה ב׳ א:ל״ב", 
            "indexTitle": "Tosafot on Sotah", 
            "sectionRef": "Tosafot on Sotah 2a:32", 
            "prev": "Tosafot on Sotah 2a:30", 
            "ref": "Tosafot on Sotah 2a:32", 
            "heRef": "תוספות על סוטה ב׳ א:ל״ב", 
            "next": "Tosafot on Sotah 2a:33"
        }, 
        "Tosafot on Sotah 2a:33": {
            "content": [
                {
                    "segmentNumber": "1", 
                    "links": [
                        {
                            "category": "Talmud", 
                            "index_title": "Sotah", 
                            "sourceHeRef": "סוטה ב׳ א:ל״ג", 
                            "sourceRef": "Sotah 2a:33"
                        }
                    ], 
                    "he": "אבל בטומאה עד אחד מהימן - תימה אדרבה איכא למימר איפכא אבל בטומאה בעינן בי תרי ומשום דאוסרתה איסור עולם ואי לאו ממתני' דמייתי מהיכא פשיטא ליה למימר הכי וי\"ל דעדיפא ליה טומאה מקינוי וסתירה אף על גב דאוסרתה איסור עולם משום דרגלים לדבר:"
                }
            ], 
            "heTitle": "תוספות על סוטה ב׳ א:ל״ג", 
            "indexTitle": "Tosafot on Sotah", 
            "sectionRef": "Tosafot on Sotah 2a:33", 
            "prev": "Tosafot on Sotah 2a:30", 
            "ref": "Tosafot on Sotah 2a:33", 
            "heRef": "תוספות על סוטה ב׳ א:ל״ג", 
            "next": "Tosafot on Sotah 2b:3"
        }, 
        "Tosafot on Sotah 2a:8": {
            "content": [], 
            "heTitle": "תוספות על סוטה ב׳ א:ח׳", 
            "indexTitle": "Tosafot on Sotah", 
            "sectionRef": "Tosafot on Sotah 2a:8", 
            "prev": "Tosafot on Sotah 2a:1", 
            "ref": "Tosafot on Sotah 2a:8", 
            "heRef": "תוספות על סוטה ב׳ א:ח׳", 
            "next": "Tosafot on Sotah 2a:18"
        }, 
        "Tosafot on Sotah 2a:9": {
            "content": [], 
            "heTitle": "תוספות על סוטה ב׳ א:ט׳", 
            "indexTitle": "Tosafot on Sotah", 
            "sectionRef": "Tosafot on Sotah 2a:9", 
            "prev": "Tosafot on Sotah 2a:1", 
            "ref": "Tosafot on Sotah 2a:9", 
            "heRef": "תוספות על סוטה ב׳ א:ט׳", 
            "next": "Tosafot on Sotah 2a:18"
        }, 
        "Tosafot on Sotah 2a:1": {
            "content": [
                {
                    "segmentNumber": "1", 
                    "links": [
                        {
                            "category": "Talmud", 
                            "index_title": "Sotah", 
                            "sourceHeRef": "סוטה ב׳ א:א׳", 
                            "sourceRef": "Sotah 2a:1"
                        }
                    ], 
                    "he": "מתני' המקנא. איידי דתנא נדרים תנא נמי נזיר דדמיא לנדרים - תימה והא בריש מסכת נזיר (דף ב.) אמר דלא תנא ליה אלא אגב סוטה כדרבי וי\"ל דלא קבעה בסדר נשים אלא אגב סוטה ומשום דדמיא לנדרים קבעה בתר נדרים מ\"ר. ותימה אמאי לא קבעה אגב נדרים דהא בפ\"ד [דנזיר] תנא משניות טובא דמיירי בנדרי נשים ובהפרת בעל ויש לומר דעדיפא ליה למימר משום סוטה דפרשיות נמי נסמכו ובריש מסכת שבועות (דף ב:) דייק נמי בכה\"ג:"
                }
            ], 
            "heTitle": "תוספות על סוטה ב׳ א:א׳", 
            "indexTitle": "Tosafot on Sotah", 
            "sectionRef": "Tosafot on Sotah 2a:1", 
            "prev": null, 
            "ref": "Tosafot on Sotah 2a:1", 
            "heRef": "תוספות על סוטה ב׳ א:א׳", 
            "next": "Tosafot on Sotah 2a:18"
        }, 
        "Tosafot on Sotah 2a:2": {
            "content": [], 
            "heTitle": "תוספות על סוטה ב׳ א:ב׳", 
            "indexTitle": "Tosafot on Sotah", 
            "sectionRef": "Tosafot on Sotah 2a:2", 
            "prev": "Tosafot on Sotah 2a:1", 
            "ref": "Tosafot on Sotah 2a:2", 
            "heRef": "תוספות על סוטה ב׳ א:ב׳", 
            "next": "Tosafot on Sotah 2a:18"
        }, 
        "Tosafot on Sotah 2a:3": {
            "content": [], 
            "heTitle": "תוספות על סוטה ב׳ א:ג׳", 
            "indexTitle": "Tosafot on Sotah", 
            "sectionRef": "Tosafot on Sotah 2a:3", 
            "prev": "Tosafot on Sotah 2a:1", 
            "ref": "Tosafot on Sotah 2a:3", 
            "heRef": "תוספות על סוטה ב׳ א:ג׳", 
            "next": "Tosafot on Sotah 2a:18"
        }, 
        "Tosafot on Sotah 2a:4": {
            "content": [], 
            "heTitle": "תוספות על סוטה ב׳ א:ד׳", 
            "indexTitle": "Tosafot on Sotah", 
            "sectionRef": "Tosafot on Sotah 2a:4", 
            "prev": "Tosafot on Sotah 2a:1", 
            "ref": "Tosafot on Sotah 2a:4", 
            "heRef": "תוספות על סוטה ב׳ א:ד׳", 
            "next": "Tosafot on Sotah 2a:18"
        }, 
        "Tosafot on Sotah 2a:5": {
            "content": [], 
            "heTitle": "תוספות על סוטה ב׳ א:ה׳", 
            "indexTitle": "Tosafot on Sotah", 
            "sectionRef": "Tosafot on Sotah 2a:5", 
            "prev": "Tosafot on Sotah 2a:1", 
            "ref": "Tosafot on Sotah 2a:5", 
            "heRef": "תוספות על סוטה ב׳ א:ה׳", 
            "next": "Tosafot on Sotah 2a:18"
        }, 
        "Tosafot on Sotah 2a:6": {
            "content": [], 
            "heTitle": "תוספות על סוטה ב׳ א:ו׳", 
            "indexTitle": "Tosafot on Sotah", 
            "sectionRef": "Tosafot on Sotah 2a:6", 
            "prev": "Tosafot on Sotah 2a:1", 
            "ref": "Tosafot on Sotah 2a:6", 
            "heRef": "תוספות על סוטה ב׳ א:ו׳", 
            "next": "Tosafot on Sotah 2a:18"
        }, 
        "Tosafot on Sotah 2a:7": {
            "content": [], 
            "heTitle": "תוספות על סוטה ב׳ א:ז׳", 
            "indexTitle": "Tosafot on Sotah", 
            "sectionRef": "Tosafot on Sotah 2a:7", 
            "prev": "Tosafot on Sotah 2a:1", 
            "ref": "Tosafot on Sotah 2a:7", 
            "heRef": "תוספות על סוטה ב׳ א:ז׳", 
            "next": "Tosafot on Sotah 2a:18"
        }, 
        "Tosafot on Sotah 2a:37": {
            "content": [], 
            "heTitle": "תוספות על סוטה ב׳ א:ל״ז", 
            "indexTitle": "Tosafot on Sotah", 
            "sectionRef": "Tosafot on Sotah 2a:37", 
            "prev": "Tosafot on Sotah 2a:33", 
            "ref": "Tosafot on Sotah 2a:37", 
            "heRef": "תוספות על סוטה ב׳ א:ל״ז", 
            "next": "Tosafot on Sotah 2b:3"
        }, 
        "Tosafot on Sotah 2a:36": {
            "content": [], 
            "heTitle": "תוספות על סוטה ב׳ א:ל״ו", 
            "indexTitle": "Tosafot on Sotah", 
            "sectionRef": "Tosafot on Sotah 2a:36", 
            "prev": "Tosafot on Sotah 2a:33", 
            "ref": "Tosafot on Sotah 2a:36", 
            "heRef": "תוספות על סוטה ב׳ א:ל״ו", 
            "next": "Tosafot on Sotah 2b:3"
        }, 
        "Tosafot on Sotah 2a:29": {
            "content": [], 
            "heTitle": "תוספות על סוטה ב׳ א:כ״ט", 
            "indexTitle": "Tosafot on Sotah", 
            "sectionRef": "Tosafot on Sotah 2a:29", 
            "prev": "Tosafot on Sotah 2a:27", 
            "ref": "Tosafot on Sotah 2a:29", 
            "heRef": "תוספות על סוטה ב׳ א:כ״ט", 
            "next": "Tosafot on Sotah 2a:30"
        }, 
        "Tosafot on Sotah 2a:28": {
            "content": [], 
            "heTitle": "תוספות על סוטה ב׳ א:כ״ח", 
            "indexTitle": "Tosafot on Sotah", 
            "sectionRef": "Tosafot on Sotah 2a:28", 
            "prev": "Tosafot on Sotah 2a:27", 
            "ref": "Tosafot on Sotah 2a:28", 
            "heRef": "תוספות על סוטה ב׳ א:כ״ח", 
            "next": "Tosafot on Sotah 2a:30"
        }, 
        "Tosafot on Sotah 2a:23": {
            "content": [], 
            "heTitle": "תוספות על סוטה ב׳ א:כ״ג", 
            "indexTitle": "Tosafot on Sotah", 
            "sectionRef": "Tosafot on Sotah 2a:23", 
            "prev": "Tosafot on Sotah 2a:18", 
            "ref": "Tosafot on Sotah 2a:23", 
            "heRef": "תוספות על סוטה ב׳ א:כ״ג", 
            "next": "Tosafot on Sotah 2a:27"
        }, 
        "Tosafot on Sotah 2a:22": {
            "content": [], 
            "heTitle": "תוספות על סוטה ב׳ א:כ״ב", 
            "indexTitle": "Tosafot on Sotah", 
            "sectionRef": "Tosafot on Sotah 2a:22", 
            "prev": "Tosafot on Sotah 2a:18", 
            "ref": "Tosafot on Sotah 2a:22", 
            "heRef": "תוספות על סוטה ב׳ א:כ״ב", 
            "next": "Tosafot on Sotah 2a:27"
        }, 
        "Tosafot on Sotah 2a:21": {
            "content": [], 
            "heTitle": "תוספות על סוטה ב׳ א:כ״א", 
            "indexTitle": "Tosafot on Sotah", 
            "sectionRef": "Tosafot on Sotah 2a:21", 
            "prev": "Tosafot on Sotah 2a:18", 
            "ref": "Tosafot on Sotah 2a:21", 
            "heRef": "תוספות על סוטה ב׳ א:כ״א", 
            "next": "Tosafot on Sotah 2a:27"
        }, 
        "Tosafot on Sotah 2a:20": {
            "content": [], 
            "heTitle": "תוספות על סוטה ב׳ א:כ׳", 
            "indexTitle": "Tosafot on Sotah", 
            "sectionRef": "Tosafot on Sotah 2a:20", 
            "prev": "Tosafot on Sotah 2a:18", 
            "ref": "Tosafot on Sotah 2a:20", 
            "heRef": "תוספות על סוטה ב׳ א:כ׳", 
            "next": "Tosafot on Sotah 2a:27"
        }, 
        "Tosafot on Sotah 2a:27": {
            "content": [
                {
                    "segmentNumber": "1", 
                    "links": [
                        {
                            "category": "Talmud", 
                            "index_title": "Sotah", 
                            "sourceHeRef": "סוטה ב׳ א:כ״ז", 
                            "sourceRef": "Sotah 2a:27"
                        }
                    ], 
                    "he": "קודם יצירת הולד - נראה לרבי קודם יצירת הזכר בין אם לא נולדה הנקיבה עדיין בין אם נולדה:"
                }
            ], 
            "heTitle": "תוספות על סוטה ב׳ א:כ״ז", 
            "indexTitle": "Tosafot on Sotah", 
            "sectionRef": "Tosafot on Sotah 2a:27", 
            "prev": "Tosafot on Sotah 2a:18", 
            "ref": "Tosafot on Sotah 2a:27", 
            "heRef": "תוספות על סוטה ב׳ א:כ״ז", 
            "next": "Tosafot on Sotah 2a:30"
        }, 
        "Tosafot on Sotah 2a:26": {
            "content": [], 
            "heTitle": "תוספות על סוטה ב׳ א:כ״ו", 
            "indexTitle": "Tosafot on Sotah", 
            "sectionRef": "Tosafot on Sotah 2a:26", 
            "prev": "Tosafot on Sotah 2a:18", 
            "ref": "Tosafot on Sotah 2a:26", 
            "heRef": "תוספות על סוטה ב׳ א:כ״ו", 
            "next": "Tosafot on Sotah 2a:27"
        }, 
        "Tosafot on Sotah 2a:25": {
            "content": [], 
            "heTitle": "תוספות על סוטה ב׳ א:כ״ה", 
            "indexTitle": "Tosafot on Sotah", 
            "sectionRef": "Tosafot on Sotah 2a:25", 
            "prev": "Tosafot on Sotah 2a:18", 
            "ref": "Tosafot on Sotah 2a:25", 
            "heRef": "תוספות על סוטה ב׳ א:כ״ה", 
            "next": "Tosafot on Sotah 2a:27"
        }, 
        "Tosafot on Sotah 2a:24": {
            "content": [], 
            "heTitle": "תוספות על סוטה ב׳ א:כ״ד", 
            "indexTitle": "Tosafot on Sotah", 
            "sectionRef": "Tosafot on Sotah 2a:24", 
            "prev": "Tosafot on Sotah 2a:18", 
            "ref": "Tosafot on Sotah 2a:24", 
            "heRef": "תוספות על סוטה ב׳ א:כ״ד", 
            "next": "Tosafot on Sotah 2a:27"
        }, 
        "Tosafot on Sotah 2a:38": {
            "content": [], 
            "heTitle": "תוספות על סוטה ב׳ א:ל״ח", 
            "indexTitle": "Tosafot on Sotah", 
            "sectionRef": "Tosafot on Sotah 2a:38", 
            "prev": "Tosafot on Sotah 2a:33", 
            "ref": "Tosafot on Sotah 2a:38", 
            "heRef": "תוספות על סוטה ב׳ א:ל״ח", 
            "next": "Tosafot on Sotah 2b:3"
        }
    }, 
    "ref": "Tosafot on Sotah 2a"
}