{
    "heTitleVariants": [
        "תוספות על מועד קטן"
    ], 
    "heTitle": "תוספות על מועד קטן ב׳ ב", 
    "content": [
        {
            "segmentNumber": "1", 
            "he": [], 
            "links": [], 
            "text": ""
        }, 
        {
            "segmentNumber": "2", 
            "he": [], 
            "links": [], 
            "text": ""
        }, 
        {
            "segmentNumber": "3", 
            "he": [
                "אם כן אמאן תרמייה. ואם נפשך לומר ממאי דרמינן אליבא דר' יהודה יותר מר\"א כמו דאקשינן לעיל לר\"א הכי נמי פרכינן אליבא דרבי יהודה ומאי אלימא להש\"ס מילתא דרבי יהודה דמוכח מיניה דמתניתין אתיא אליביה יותר מדרבי אליעזר איכא למימר משום דבתרתי מילי אשכחן בהדיא במילתיה דר\"י כמו במתניתין דפסידא אין הרווחה לא ובמקום פסידא נמי מיטרח לא טרח אבל לר\"א ליכא לאוכוחי ממילתיה אלא חד מילתא כדלעיל דהרווחה אסיר הלכך ניחא ליה לאוקמי כר' יהודה ולא כרבי אליעזר:"
            ], 
            "links": [
                {
                    "category": "Talmud", 
                    "sourceHeRef": "מועד קטן ב׳ ב:ג׳", 
                    "index_title": "Moed Katan", 
                    "sourceRef": "Moed Katan 2b:3"
                }
            ], 
            "text": ""
        }, 
        {
            "segmentNumber": "4", 
            "he": [], 
            "links": [], 
            "text": ""
        }, 
        {
            "segmentNumber": "5", 
            "he": [], 
            "links": [], 
            "text": ""
        }, 
        {
            "segmentNumber": "6", 
            "he": [
                "כחו דר' מאיר דמיקל. ואם תאמר וליתני שלא יצאו בתחילה להודיעך כחו דר' יהודה דמחמיר כח דהתירא עדיף:"
            ], 
            "links": [
                {
                    "category": "Talmud", 
                    "sourceHeRef": "מועד קטן ב׳ ב:ו׳", 
                    "index_title": "Moed Katan", 
                    "sourceRef": "Moed Katan 2b:6"
                }
            ], 
            "text": ""
        }, 
        {
            "segmentNumber": "7", 
            "he": [
                "משום מאי מתרינן. דאין אדם לוקה ולא נהרג אלא בהתראה שמתרינן בו לא תעשה הך איסורא כדמפקינן בסנהדרין (דף מא.) מקרא דצריך לפרש שם האיסור בהדיא:"
            ], 
            "links": [
                {
                    "category": "Talmud", 
                    "sourceHeRef": "מועד קטן ב׳ ב:ז׳", 
                    "index_title": "Moed Katan", 
                    "sourceRef": "Moed Katan 2b:7"
                }
            ], 
            "text": ""
        }, 
        {
            "segmentNumber": "8", 
            "he": [], 
            "links": [], 
            "text": ""
        }, 
        {
            "segmentNumber": "9", 
            "he": [], 
            "links": [], 
            "text": ""
        }, 
        {
            "segmentNumber": "10", 
            "he": [], 
            "links": [], 
            "text": ""
        }, 
        {
            "segmentNumber": "11", 
            "he": [], 
            "links": [], 
            "text": ""
        }, 
        {
            "segmentNumber": "12", 
            "he": [
                "קא מרפויי ארעא. דבתר עיקר המלאכה אזלינן ודומה לחורש ורב יוסף אע\"ג דעיקר מלאכה דומה לחורש מחשבת הנפש לאו לרפויי ארעא ובהכי פליגי דרבה סבר לבתר המעשה מדמינן לה ולא אחר המחשבה ורב יוסף סבר בתר מחשבה אזלינן דהויא עיקר ולא אזלינן בתר הדמיון:"
            ], 
            "links": [
                {
                    "category": "Talmud", 
                    "sourceHeRef": "מועד קטן ב׳ ב:י״ב", 
                    "index_title": "Moed Katan", 
                    "sourceRef": "Moed Katan 2b:12"
                }
            ], 
            "text": ""
        }, 
        {
            "segmentNumber": "13", 
            "he": [], 
            "links": [], 
            "text": ""
        }, 
        {
            "segmentNumber": "14", 
            "he": [], 
            "links": [], 
            "text": ""
        }, 
        {
            "segmentNumber": "15", 
            "he": [], 
            "links": [], 
            "text": ""
        }, 
        {
            "segmentNumber": "16", 
            "he": [], 
            "links": [], 
            "text": ""
        }, 
        {
            "segmentNumber": "17", 
            "he": [], 
            "links": [], 
            "text": ""
        }, 
        {
            "segmentNumber": "18", 
            "he": [], 
            "links": [], 
            "text": ""
        }, 
        {
            "segmentNumber": "19", 
            "he": [], 
            "links": [], 
            "text": ""
        }, 
        {
            "segmentNumber": "20", 
            "he": [], 
            "links": [], 
            "text": ""
        }, 
        {
            "segmentNumber": "21", 
            "he": [], 
            "links": [], 
            "text": ""
        }, 
        {
            "segmentNumber": "22", 
            "he": [
                "וצריך לעצים. אבל אם אין צריך לעצים לא נאמר בו דחייב משום קצירה דלא דמיא לקצירה דקוצרין למאכל או מידי שצריכין לאיזה דבר כגון רפואה וכיוצא בהן ואי לאו שקוצרין לצורך גופו פטור דלא מיחייב אפילו משום תולדה דתולדה צריך שתהא דמי לאב מלאכה:", 
                "חייב שתים. קשיא לרבה דאזיל בתר הדמיון דהכא זומר לא דמי כלל לנוטע ואעפ\"כ חייב משום נוטע וקשיא לרב יוסף דאפילי אינו מתכוין לצמוח הגפן כיון דודאי מצמחה מחמת הזימור חייב משום נוטע דהא סתם קאמר רב כהנא אפילו לא חישב ליטע ואי קשיא הא דאמרינן בדוכתא אחריתי (כתובות דף לז.) משום רשעה אחת אתה מחייבו ואי אתה מחייבו משום שתי רשעיות תריץ הכי כגון דאיכא מיתה ומלקות אבל תרתי מילי דאסירן דדמיין להדדי בשתי מלקיות תרוייהו חד רשעה הוא ולא ממעטי מרשעתו דכל שם מלקות חד רשעה הוא והכי נמי אמר במס' פסחים בפ' כל שעה (דף כד. ושם) אמר אביי אכל פוטיתא לוקה ארבע ואע\"ג דרב כהנא אמורא הוא מקשי מיניה לרבה ורב יוסף משום דגברא רבה הוה כדאשכחן (ב\"ק דף קיז.) במעשה דר' יוחנן דהוה חריף טובא וקשיא ל\"ג כיון דלאו תנא הוא לא חשיב לה כל כך ופליגי עליה:"
            ], 
            "links": [
                {
                    "category": "Talmud", 
                    "sourceHeRef": "מועד קטן ב׳ ב:כ״ב", 
                    "index_title": "Moed Katan", 
                    "sourceRef": "Moed Katan 2b:22"
                }, 
                {
                    "category": "Talmud", 
                    "sourceHeRef": "מועד קטן ב׳ ב:כ״ב", 
                    "index_title": "Moed Katan", 
                    "sourceRef": "Moed Katan 2b:22"
                }, 
                {
                    "category": "Talmud", 
                    "sourceHeRef": "כתובות ל״ז א", 
                    "index_title": "Ketubot", 
                    "sourceRef": "Ketubot 37a"
                }, 
                {
                    "category": "Talmud", 
                    "sourceHeRef": "בבא קמא קי״ז א", 
                    "index_title": "Bava Kamma", 
                    "sourceRef": "Bava Kamma 117a"
                }, 
                {
                    "category": "Commentary", 
                    "sourceHeRef": " חידושי הלכות על מסכת מועד קטן ב׳ ב:ג׳", 
                    "index_title": "Chidushei Halachot on Moed Katan", 
                    "sourceRef": "Chidushei Halachot on Moed Katan 2b:3"
                }
            ], 
            "text": ""
        }, 
        {
            "segmentNumber": "23", 
            "he": [], 
            "links": [], 
            "text": ""
        }, 
        {
            "segmentNumber": "24", 
            "he": [], 
            "links": [], 
            "text": ""
        }, 
        {
            "segmentNumber": "25", 
            "he": [], 
            "links": [], 
            "text": ""
        }, 
        {
            "segmentNumber": "26", 
            "he": [], 
            "links": [], 
            "text": ""
        }, 
        {
            "segmentNumber": "27", 
            "he": [], 
            "links": [], 
            "text": ""
        }, 
        {
            "segmentNumber": "28", 
            "he": [], 
            "links": [], 
            "text": ""
        }, 
        {
            "segmentNumber": "29", 
            "he": [], 
            "links": [], 
            "text": ""
        }, 
        {
            "segmentNumber": "30", 
            "he": [], 
            "links": [], 
            "text": ""
        }, 
        {
            "segmentNumber": "31", 
            "he": [], 
            "links": [], 
            "text": ""
        }, 
        {
            "segmentNumber": "32", 
            "he": [], 
            "links": [], 
            "text": ""
        }, 
        {
            "segmentNumber": "33", 
            "he": [], 
            "links": [], 
            "text": ""
        }, 
        {
            "segmentNumber": "34", 
            "he": [], 
            "links": [], 
            "text": ""
        }, 
        {
            "segmentNumber": "35", 
            "he": [], 
            "links": [], 
            "text": ""
        }, 
        {
            "segmentNumber": "36", 
            "he": [], 
            "links": [], 
            "text": ""
        }, 
        {
            "segmentNumber": "37", 
            "he": [], 
            "links": [], 
            "text": ""
        }, 
        {
            "segmentNumber": "38", 
            "he": [], 
            "links": [], 
            "text": ""
        }, 
        {
            "segmentNumber": "39", 
            "he": [], 
            "links": [], 
            "text": ""
        }, 
        {
            "segmentNumber": "40", 
            "he": [], 
            "links": [], 
            "text": ""
        }, 
        {
            "segmentNumber": "41", 
            "he": [], 
            "links": [], 
            "text": ""
        }, 
        {
            "segmentNumber": "42", 
            "he": [], 
            "links": [], 
            "text": ""
        }, 
        {
            "segmentNumber": "43", 
            "he": [], 
            "links": [], 
            "text": ""
        }, 
        {
            "segmentNumber": "44", 
            "he": [], 
            "links": [], 
            "text": ""
        }, 
        {
            "segmentNumber": "45", 
            "he": [], 
            "links": [], 
            "text": ""
        }, 
        {
            "segmentNumber": "46", 
            "he": [], 
            "links": [], 
            "text": ""
        }, 
        {
            "segmentNumber": "47", 
            "he": [], 
            "links": [], 
            "text": ""
        }
    ], 
    "commentaryBook": "Moed Katan", 
    "heRef": "תוספות על מועד קטן ב׳ ב", 
    "toSections": [
        "2b"
    ], 
    "sectionRef": "Tosafot on Moed Katan 2b", 
    "title": "Tosafot on Moed Katan 2b", 
    "lengths": [
        55, 
        3322
    ], 
    "next": "Tosafot on Moed Katan 3a:17", 
    "heBook": "תוספות על מועד קטן", 
    "book": "Tosafot on Moed Katan", 
    "prev": "Tosafot on Moed Katan 2a:32", 
    "textDepth": 3, 
    "sectionNames": [
        "Daf", 
        "Line", 
        "Comment"
    ], 
    "sections": [
        "2b"
    ], 
    "commentator": "Tosafot", 
    "isComplex": false, 
    "commentaryCategories": [
        "Talmud", 
        "Bavli", 
        "Seder Moed"
    ], 
    "titleVariants": [
        "Tosafot on Masekhet Moed Katan", 
        "Tosafot on Tractate Mo'ed Katan", 
        "Tosafot on Moed Katan", 
        "Tosafot on Talmud Moed Katan", 
        "Tosafot on Tractate Moed Katan", 
        "Tosafot on Talmud Mo'ed Katan", 
        "Tosafot on Mo'ed Katan", 
        "Tosafot on Masekhet Mo'ed Katan"
    ], 
    "categories": [
        "Commentary", 
        "Talmud", 
        "Tosafot"
    ], 
    "ref": "Tosafot on Moed Katan 2b", 
    "type": "Commentary", 
    "addressTypes": [
        "Talmud", 
        "Integer", 
        "Integer"
    ], 
    "heCommentator": "תוספות", 
    "length": 55, 
    "indexTitle": "Tosafot on Moed Katan", 
    "heIndexTitle": "תוספות על מועד קטן", 
    "alts": [], 
    "order": [
        11, 
        10
    ]
}