{
    "heTitleVariants": [
        "עיקר שפתי חכמים על שמות"
    ], 
    "heTitle": "עיקר שפתי חכמים על שמות", 
    "commentaryBook": "Exodus", 
    "heRef": "עיקר שפתי חכמים על שמות ל״ד", 
    "toSections": [
        34
    ], 
    "sectionRef": "Ikar Siftei Hachamim on Exodus 34", 
    "title": "Ikar Siftei Hachamim on Exodus 34", 
    "lengths": [
        40, 
        1210
    ], 
    "next": "Ikar Siftei Hachamim on Exodus 35:1", 
    "content": [
        {
            "segmentNumber": "1", 
            "he": [], 
            "links": [], 
            "text": ""
        }, 
        {
            "segmentNumber": "2", 
            "he": [
                "כמו שלחו מנות לאין נכון לו לא מכוון כמו הנה אמת נכון הדבר:"
            ], 
            "links": [
                {
                    "category": "Tanach", 
                    "sourceHeRef": "שמות ל״ד:ב׳", 
                    "sourceRef": "Exodus 34:2", 
                    "ref": "Exodus 34:2"
                }
            ], 
            "text": ""
        }, 
        {
            "segmentNumber": "3", 
            "he": [
                "לשון הרמת קול:"
            ], 
            "links": [
                {
                    "category": "Tanach", 
                    "sourceHeRef": "שמות ל״ד:ג׳", 
                    "sourceRef": "Exodus 34:3", 
                    "ref": "Exodus 34:3"
                }
            ], 
            "text": ""
        }, 
        {
            "segmentNumber": "4", 
            "he": [], 
            "links": [], 
            "text": ""
        }, 
        {
            "segmentNumber": "5", 
            "he": [
                "דמוכח מן התרגום שהיה משה הקורא שאלו היה השם הקורא היה מתורגם וקרא בשם ה' שפירושו ויקרא ה' בשם. רא\"ם:"
            ], 
            "links": [
                {
                    "category": "Tanach", 
                    "sourceHeRef": "שמות ל״ד:ה׳", 
                    "sourceRef": "Exodus 34:5", 
                    "ref": "Exodus 34:5"
                }
            ], 
            "text": ""
        }, 
        {
            "segmentNumber": "6", 
            "he": [
                "כלומר אף על פי שגלוי לפניו שעתיד הוא שיחטא אפילו הכי מרחם עליו מאחר שלא חטא עדיין:", 
                "אבל אינו רחמים פשוטות כמו מדת השם בן ד' כי מדת הרחמים מדרגות רבות הם:", 
                "אף על פי שמדה השניה של ה' ה' מרחם עליהם אחר שיחטא וישוב היינו כשעושה תשובה מיד שמרחם עליהם ומוחל להם אבל מדה זו מאריך להם ומצפה שמא יעשו תשובה:", 
                "כלומר מדכתיב ורב חסד משמע שאף על פי שחטא ואין זכיותיו יכולין להגן עליו לפי שהם מועטות הוא מטה כלפי חסד ומרחם עליו. ומדה הראשונה של ה' ה' שעדיין לא חטא רק שגלוי לפניו שיחטא. הרא\"ם:"
            ], 
            "links": [
                {
                    "category": "Tanach", 
                    "sourceHeRef": "שמות ל״ד:ו׳", 
                    "sourceRef": "Exodus 34:6", 
                    "ref": "Exodus 34:6"
                }, 
                {
                    "category": "Tanach", 
                    "sourceHeRef": "שמות ל״ד:ו׳", 
                    "sourceRef": "Exodus 34:6", 
                    "ref": "Exodus 34:6"
                }, 
                {
                    "category": "Tanach", 
                    "sourceHeRef": "שמות ל״ד:ו׳", 
                    "sourceRef": "Exodus 34:6", 
                    "ref": "Exodus 34:6"
                }, 
                {
                    "category": "Tanach", 
                    "sourceHeRef": "שמות ל״ד:ו׳", 
                    "sourceRef": "Exodus 34:6", 
                    "ref": "Exodus 34:6"
                }
            ], 
            "text": ""
        }, 
        {
            "segmentNumber": "7", 
            "he": [
                "לא החסד שיש להקב\"ה לעשות עמו כי נוצר לא יפול רק על העשוי כבר:", 
                "ואף על פי שמדה השנית ממדות ה' ה' יש לה מדה זו שהיא מרחמת לשבים. יש לומר דהמדה הזאת מוותרת לו את העון ומנקה אותו כאלו לא עשה אבל אינו עושה לו שום טובה מה שאין כן במדה השנית שמוחל לו וגם עושה לו טובה וזהו ההפרש שבין פשוטו למדרשו שמפשוטו משמע שאינו מוותר העון לגמרי אלא נפרע מעט מעט ומדרשו הוא שמוותר העון לגמרי. רא\"ם:", 
                "פירוש דור אחד במדת פורעניות הוא ה' מאות במדה טובה נמצא הד' דורות שבמדת פורעניות הם ב' אלפים במדה טובה:"
            ], 
            "links": [
                {
                    "category": "Tanach", 
                    "sourceHeRef": "שמות ל״ד:ז׳", 
                    "sourceRef": "Exodus 34:7", 
                    "ref": "Exodus 34:7"
                }, 
                {
                    "category": "Tanach", 
                    "sourceHeRef": "שמות ל״ד:ז׳", 
                    "sourceRef": "Exodus 34:7", 
                    "ref": "Exodus 34:7"
                }, 
                {
                    "category": "Tanach", 
                    "sourceHeRef": "שמות ל״ד:ז׳", 
                    "sourceRef": "Exodus 34:7", 
                    "ref": "Exodus 34:7"
                }
            ], 
            "text": ""
        }, 
        {
            "segmentNumber": "8", 
            "he": [], 
            "links": [], 
            "text": ""
        }, 
        {
            "segmentNumber": "9", 
            "he": [
                "דק\"ל אדרבה בשביל שהם עם קשה עורף לא היה לו לילך עמהם כמ\"ש לעיל אתם עם קשה עורף רגע אחד אעלה בקרבך וכליתיך ומפרש דהאי כי כמו אם:", 
                "(ס\"א) שתתן לנו נחלה מיוחדת פירוש שתהא השראת שכינתך בנו בלבד ולא בשאר אומות ולפי שכבר השיב לו ה' על זה אמר זו היא בקשת ונפלינו וכו' כלומר שהזכיר פה מה שביקש בראשונה:"
            ], 
            "links": [
                {
                    "category": "Tanach", 
                    "sourceHeRef": "שמות ל״ד:ט׳", 
                    "sourceRef": "Exodus 34:9", 
                    "ref": "Exodus 34:9"
                }, 
                {
                    "category": "Tanach", 
                    "sourceHeRef": "שמות ל״ד:ט׳", 
                    "sourceRef": "Exodus 34:9", 
                    "ref": "Exodus 34:9"
                }
            ], 
            "text": ""
        }, 
        {
            "segmentNumber": "10", 
            "he": [
                "פירוש על בקשת ונפלינו והוא הכתוב אחריו נגד כל עמך אעשה נפלאות שהוא פי' ונפלינו:"
            ], 
            "links": [
                {
                    "category": "Tanach", 
                    "sourceHeRef": "שמות ל״ד:י׳", 
                    "sourceRef": "Exodus 34:10", 
                    "ref": "Exodus 34:10"
                }
            ], 
            "text": ""
        }, 
        {
            "segmentNumber": "11", 
            "he": [], 
            "links": [], 
            "text": ""
        }, 
        {
            "segmentNumber": "12", 
            "he": [], 
            "links": [], 
            "text": ""
        }, 
        {
            "segmentNumber": "13", 
            "he": [], 
            "links": [], 
            "text": ""
        }, 
        {
            "segmentNumber": "14", 
            "he": [], 
            "links": [], 
            "text": ""
        }, 
        {
            "segmentNumber": "15", 
            "he": [
                "ר\"ל שהוא טעם אלעיל כלומר שמא תעלה על דעתך לומר שאין האיסור והאזהרה אלא בעבודה שלהן בלבד כיון שהזהרתיך את מזבחותם וגו' אבל שתכרות להם ברית כדי שתהיה אוכל מזבחו יחד עמהם בחבורה אחת כסבור אתה שאין בכך כלום אל תעלה על דעתך בזה כי אני מעלה עליך וכו':"
            ], 
            "links": [
                {
                    "category": "Tanach", 
                    "sourceHeRef": "שמות ל״ד:ט״ו", 
                    "sourceRef": "Exodus 34:15", 
                    "ref": "Exodus 34:15"
                }
            ], 
            "text": ""
        }, 
        {
            "segmentNumber": "16", 
            "he": [], 
            "links": [], 
            "text": ""
        }, 
        {
            "segmentNumber": "17", 
            "he": [], 
            "links": [], 
            "text": ""
        }, 
        {
            "segmentNumber": "18", 
            "he": [], 
            "links": [], 
            "text": ""
        }, 
        {
            "segmentNumber": "19", 
            "he": [
                "חסר מלת אשר מן תזכר וגו' ובי\"ת מפטר והוסיף בי\"ת על פטר מפני שתזכר שב על המקצה שהיא היולדת לא על הפטר ופירושו וכל מקנך אשר יפטור זכור את רחמה:"
            ], 
            "links": [
                {
                    "category": "Tanach", 
                    "sourceHeRef": "שמות ל״ד:י״ט", 
                    "sourceRef": "Exodus 34:19", 
                    "ref": "Exodus 34:19"
                }
            ], 
            "text": ""
        }, 
        {
            "segmentNumber": "20", 
            "he": [
                "ובסוף פרשת בא מפרש רש\"י הטעם:", 
                "מה שאין כן בשאר פסולי המקודשים שנפדו שהם ותמורתן אסורות בגיזה ועבודה כיון שנכנסו במקומן:", 
                "דכתיב הכא ריקם ובפרשת ראה כתיב ריקם גבי הענקה מה פדיון בכור חמש סלעים אף הענקה ה' סלעים ומדכתיב ריקם דהענקה ברישא דקרא דה\"ל למכתב בסיפא שדי ריקם אצאן ריקם איקב ריקם אגורן שיהא מכל מין ומין ה' סלעים:"
            ], 
            "links": [
                {
                    "category": "Tanach", 
                    "sourceHeRef": "שמות ל״ד:כ׳", 
                    "sourceRef": "Exodus 34:20", 
                    "ref": "Exodus 34:20"
                }, 
                {
                    "category": "Tanach", 
                    "sourceHeRef": "שמות ל״ד:כ׳", 
                    "sourceRef": "Exodus 34:20", 
                    "ref": "Exodus 34:20"
                }, 
                {
                    "category": "Tanach", 
                    "sourceHeRef": "שמות ל״ד:כ׳", 
                    "sourceRef": "Exodus 34:20", 
                    "ref": "Exodus 34:20"
                }
            ], 
            "text": ""
        }, 
        {
            "segmentNumber": "21", 
            "he": [
                "במס' ראש השנה פירש\"י שלא יחרוש שדה לבן ושדה אילן חרישה שיועיל לשביעית וקציר של שביעית תבואה שהביאה שליש בשביעית אתה נוהג בה מנהג שביעית בשמינית דאי אשבת קאי הא שאר מלאכות נמי אסורים:", 
                "פירוש מה חריש אין לך של מצוה אפילו לחרוש לצורך עומר ושתי הלחם אני אוסרו לך בשבת אף קציר שאני אוסר לך דוקא של רשות ולא של מצוה שאפילו מצאו קצור מצוה לקצור ויש לך ללמד מכאן שהוא דוחה שבת:"
            ], 
            "links": [
                {
                    "category": "Tanach", 
                    "sourceHeRef": "שמות ל״ד:כ״א", 
                    "sourceRef": "Exodus 34:21", 
                    "ref": "Exodus 34:21"
                }, 
                {
                    "category": "Tanach", 
                    "sourceHeRef": "שמות ל״ד:כ״א", 
                    "sourceRef": "Exodus 34:21", 
                    "ref": "Exodus 34:21"
                }
            ], 
            "text": ""
        }, 
        {
            "segmentNumber": "22", 
            "he": [
                "פירוש לא שהוא זמן בכורי קציר חטים רק מפני שמתחילין להקריב מנחה מן החטים החדשים:"
            ], 
            "links": [
                {
                    "category": "Tanach", 
                    "sourceHeRef": "שמות ל״ד:כ״ב", 
                    "sourceRef": "Exodus 34:22", 
                    "ref": "Exodus 34:22"
                }
            ], 
            "text": ""
        }, 
        {
            "segmentNumber": "23", 
            "he": [
                "לא הזכרים שלך שהרי אף זכרים הקטנים אינם שלך פירוש אינם ברשותך כל שכן הגדולים שחייבים במצות רק פירושו הזכרים הנמצאים בך כלומר בעמך:"
            ], 
            "links": [
                {
                    "category": "Tanach", 
                    "sourceHeRef": "שמות ל״ד:כ״ג", 
                    "sourceRef": "Exodus 34:23", 
                    "ref": "Exodus 34:23"
                }
            ], 
            "text": ""
        }, 
        {
            "segmentNumber": "24", 
            "he": [
                "דאם לא כן מאי כי אוריש וגו' מאי נתינת טעם יש בו:"
            ], 
            "links": [
                {
                    "category": "Tanach", 
                    "sourceHeRef": "שמות ל״ד:כ״ד", 
                    "sourceRef": "Exodus 34:24", 
                    "ref": "Exodus 34:24"
                }
            ], 
            "text": ""
        }, 
        {
            "segmentNumber": "25", 
            "he": [
                "שהמקרא מסורס וקצר וכאלו כתיב לא תשחט את זבחי ולא תזרוק דמו על החמץ כלומר שעדיין החמץ קיים ולא עליו ממש:", 
                "אם לאחד מאלו יש לו חמץ בביתו עובר בלאו אבל לא פירש מי הוא העובר או השוחט או הזורק או שניהם כאחד:", 
                "פירוש מועלת לשון מעילה הוא כלומר אין לינה פוסל בראש המזבח כלומר אם עלו איבריו בראש המזבח קודם עלות השחר אף על פי שלא נקרבו אינם נפסלים:", 
                "כלומר לא מיפסל בלינה אלא עד שילין בעמוד השחר אבל אם לן כל הלילה וקודם שעלה עמוד השחר הקטיר אין זה לינה (אבל אם לא הקטירן הוי לינה לענין שאם ירדו לאחר ע\"ה לא יעלו עיין זבחים דף פ\"ו):", 
                "דהא הפסח אינו נקרב אלא אמוריו:", 
                "כלומר שלא יקריב אחר עמוד השחר מדכתיב זבח ולא כתיב חג הפסח אלא לרבות כל הזבחים שנפסלים בלינה:"
            ], 
            "links": [
                {
                    "category": "Tanach", 
                    "sourceHeRef": "שמות ל״ד:כ״ה", 
                    "sourceRef": "Exodus 34:25", 
                    "ref": "Exodus 34:25"
                }, 
                {
                    "category": "Tanach", 
                    "sourceHeRef": "שמות ל״ד:כ״ה", 
                    "sourceRef": "Exodus 34:25", 
                    "ref": "Exodus 34:25"
                }, 
                {
                    "category": "Tanach", 
                    "sourceHeRef": "שמות ל״ד:כ״ה", 
                    "sourceRef": "Exodus 34:25", 
                    "ref": "Exodus 34:25"
                }, 
                {
                    "category": "Tanach", 
                    "sourceHeRef": "שמות ל״ד:כ״ה", 
                    "sourceRef": "Exodus 34:25", 
                    "ref": "Exodus 34:25"
                }, 
                {
                    "category": "Tanach", 
                    "sourceHeRef": "שמות ל״ד:כ״ה", 
                    "sourceRef": "Exodus 34:25", 
                    "ref": "Exodus 34:25"
                }, 
                {
                    "category": "Tanach", 
                    "sourceHeRef": "שמות ל״ד:כ״ה", 
                    "sourceRef": "Exodus 34:25", 
                    "ref": "Exodus 34:25"
                }, 
                {
                    "category": "Talmud", 
                    "sourceHeRef": "זבחים פ״ו א", 
                    "sourceRef": "Zevachim 86a", 
                    "ref": "Zevachim 86a"
                }
            ], 
            "text": ""
        }, 
        {
            "segmentNumber": "26", 
            "he": [
                "אינו רוצה לומר דמאדמתך מפיק ליה דהא בפרשת כי תצא מפיק מגזירה שוה דארצך ארצך אלא ר\"ל דהא דכתיב הכא אדמתך לאו למימרא דמכל הפירות שבארצך מחויב להביא בכורים אלא דוקא מז' המינים בלבד כדילפינן מגזירה שוה דארץ ארץ:", 
                "דק\"ל דבז' המינים חשיב נמי דבש ודבש אינו פרי ובבכורים כתיב מפרי אדמתך משמע דוקא פרי ומתרץ הוא דבש תמרים שתמרים נמי פרי:", 
                "פי' לא בחלב אמו דוקא אלא הוא הדין בחלב עצמו והא דנקט בחלב אמו לאפוקי עוף שאין לאמו חלב כמו שפירש\"י בסמוך:", 
                "והא דמצריך גבי בשר בחלב ב' פסוקים לאכילה והנאה יותר מכל איסורים שבתורה שבכולן כתיב נמי לשון אכילה וכולל בהו אכילה וגם הנאה. יש לומר דגבי בשר בחלב חייב על האכילה אף שאינו נהנה באכילתו כגון שנשרף גרונו באכילה לכך לא כתב בו נמי לשון אכילה שיכלול גם ההנאה מה שאין כן בשאר אכילת איסורים:", 
                "דאי לא הוי מפורש אלא במקום אחד גדי עזים הייתי אומר שבכאן נמי דוקא גדי עזים דנלמוד סתום מן המפורש אבל אם בכמה מקומות כתב גדי עזים למדנו דוקא היכא דגלי גלי משום דג' פסוקים הבאים כאחד לכולי עלמא אין מלמדין והיכא דלא גלי כמו הכא דכתיב סתם כל יונקים במשמע:"
            ], 
            "links": [
                {
                    "category": "Tanach", 
                    "sourceHeRef": "שמות ל״ד:כ״ו", 
                    "sourceRef": "Exodus 34:26", 
                    "ref": "Exodus 34:26"
                }, 
                {
                    "category": "Tanach", 
                    "sourceHeRef": "שמות ל״ד:כ״ו", 
                    "sourceRef": "Exodus 34:26", 
                    "ref": "Exodus 34:26"
                }, 
                {
                    "category": "Tanach", 
                    "sourceHeRef": "שמות ל״ד:כ״ו", 
                    "sourceRef": "Exodus 34:26", 
                    "ref": "Exodus 34:26"
                }, 
                {
                    "category": "Tanach", 
                    "sourceHeRef": "שמות ל״ד:כ״ו", 
                    "sourceRef": "Exodus 34:26", 
                    "ref": "Exodus 34:26"
                }, 
                {
                    "category": "Tanach", 
                    "sourceHeRef": "שמות ל״ד:כ״ו", 
                    "sourceRef": "Exodus 34:26", 
                    "ref": "Exodus 34:26"
                }
            ], 
            "text": ""
        }, 
        {
            "segmentNumber": "27", 
            "he": [
                "דאלה מיעוט הוא:"
            ], 
            "links": [
                {
                    "category": "Tanach", 
                    "sourceHeRef": "שמות ל״ד:כ״ז", 
                    "sourceRef": "Exodus 34:27", 
                    "ref": "Exodus 34:27"
                }
            ], 
            "text": ""
        }, 
        {
            "segmentNumber": "28", 
            "he": [], 
            "links": [], 
            "text": ""
        }, 
        {
            "segmentNumber": "29", 
            "he": [
                "אף על פי שגם שכשהביא לוחות ראשונות בי\"ז בתמוז כתיב נמי וירד משה מן ההר ושני לוחות העדות בידו כמש\"כ כאן מכל מקום כל הספורים הבאים אחר מקרא זה לא היו רק בלוחות אחרונות:", 
                "כלומר שבלוחות אחרונות זכה לקרני הוד יותר מבלוחות הראשונות:"
            ], 
            "links": [
                {
                    "category": "Tanach", 
                    "sourceHeRef": "שמות ל״ד:כ״ט", 
                    "sourceRef": "Exodus 34:29", 
                    "ref": "Exodus 34:29"
                }, 
                {
                    "category": "Tanach", 
                    "sourceHeRef": "שמות ל״ד:כ״ט", 
                    "sourceRef": "Exodus 34:29", 
                    "ref": "Exodus 34:29"
                }
            ], 
            "text": ""
        }, 
        {
            "segmentNumber": "30", 
            "he": [], 
            "links": [], 
            "text": ""
        }, 
        {
            "segmentNumber": "31", 
            "he": [
                "פירוש מכיון שאין כאן דבור מיוחד כלל על כרחך לומר שהדיבור הזה אינו אלא מה שנדבר עמו השם בהר סיני שהוא שליחותו של מקום לישראל שילמוד להם כל התורה כולה ואם כן על כרחך צריך לומר שלשון הוה הוא כל הענין שהיה משה קורא להם בכל יום ולומד אותם התורה והמצות לנשיאים ואחר כך לכל ישראל כמו שמפרש והולך וזה היה אף לאחר שהוקם המשכן: חסלת פרשת כי תשא"
            ], 
            "links": [
                {
                    "category": "Tanach", 
                    "sourceHeRef": "שמות ל״ד:ל״א", 
                    "sourceRef": "Exodus 34:31", 
                    "ref": "Exodus 34:31"
                }
            ], 
            "text": ""
        }
    ], 
    "book": "Ikar Siftei Hachamim on Exodus", 
    "prev": "Ikar Siftei Hachamim on Exodus 33:23", 
    "textDepth": 3, 
    "sectionNames": [
        "Chapter", 
        "Verse", 
        "Comment"
    ], 
    "sections": [
        34
    ], 
    "commentator": "Ikar Siftei Hachamim", 
    "isComplex": false, 
    "commentaryCategories": [
        "Tanach", 
        "Torah"
    ], 
    "titleVariants": [
        "Ikar Siftei Hachamim on Exod.", 
        "Ikar Siftei Hachamim on Shemot", 
        "Ikar Siftei Hachamim on Ex", 
        "Ikar Siftei Hachamim on Ex.", 
        "Ikar Siftei Hachamim on Exo", 
        "Ikar Siftei Hachamim on Exo.", 
        "Ikar Siftei Hachamim on Shmot", 
        "Ikar Siftei Hachamim on Exodus", 
        "Ikar Siftei Hachamim on Exod"
    ], 
    "categories": [
        "Commentary", 
        "Tanach", 
        "Ikar Siftei Hachamim"
    ], 
    "ref": "Ikar Siftei Hachamim on Exodus 34", 
    "type": "Commentary", 
    "addressTypes": [
        "Integer", 
        "Integer", 
        "Integer"
    ], 
    "heCommentator": "עיקר שפתי חכמים", 
    "length": 40, 
    "indexTitle": "Ikar Siftei Hachamim on Exodus", 
    "heIndexTitle": "עיקר שפתי חכמים על שמות", 
    "alts": [], 
    "order": [
        2, 
        2
    ]
}