{
    "heTitleVariants": [
        "רש\"י על עבודה זרה"
    ], 
    "heTitle": "רש\"י על עבודה זרה י״ט א", 
    "content": [
        {
            "segmentNumber": "1", 
            "he": [
                "אברהם אבינו - בימי דור הפלגה היה בסוף ימי פלג נפלגה הארץ כדתניא בסדר עולם א\"ר יוסי נביא גדול היה עבר שקרא לבנו פלג וא\"ת בתחילת ימיו כו' ופלג ראה את אברהם כמה שנים דהא לקצ\"א דפלג נולד אברהם וחיה פלג אחר כך כמה שנים:"
            ], 
            "links": [
                {
                    "category": "Talmud", 
                    "sourceHeRef": "עבודה זרה י״ט א:א׳", 
                    "sourceRef": "Avodah Zarah 19a:1", 
                    "ref": "Avodah Zarah 19a:1"
                }
            ], 
            "text": ""
        }, 
        {
            "segmentNumber": "2", 
            "he": [], 
            "links": [], 
            "text": ""
        }, 
        {
            "segmentNumber": "3", 
            "he": [], 
            "links": [], 
            "text": ""
        }, 
        {
            "segmentNumber": "4", 
            "he": [], 
            "links": [], 
            "text": ""
        }, 
        {
            "segmentNumber": "5", 
            "he": [
                "במושב אנשי פלשתים - כשגר ביניהם דכתיב ויגר אברהם בארץ פלשתים:"
            ], 
            "links": [
                {
                    "category": "Talmud", 
                    "sourceHeRef": "עבודה זרה י״ט א:ה׳", 
                    "sourceRef": "Avodah Zarah 19a:5", 
                    "ref": "Avodah Zarah 19a:5"
                }
            ], 
            "text": ""
        }, 
        {
            "segmentNumber": "6", 
            "he": [], 
            "links": [], 
            "text": ""
        }, 
        {
            "segmentNumber": "7", 
            "he": [], 
            "links": [], 
            "text": ""
        }, 
        {
            "segmentNumber": "8", 
            "he": [], 
            "links": [], 
            "text": ""
        }, 
        {
            "segmentNumber": "9", 
            "he": [
                "כשהוא איש - כשהוא בחור בכחו כלומר ממהר להכיר בוראו קודם ימי הזקנה:"
            ], 
            "links": [
                {
                    "category": "Talmud", 
                    "sourceHeRef": "עבודה זרה י״ט א:ט׳", 
                    "sourceRef": "Avodah Zarah 19a:9", 
                    "ref": "Avodah Zarah 19a:9"
                }
            ], 
            "text": ""
        }, 
        {
            "segmentNumber": "10", 
            "he": [], 
            "links": [], 
            "text": ""
        }, 
        {
            "segmentNumber": "11", 
            "he": [
                "כאיש - גבור:"
            ], 
            "links": [
                {
                    "category": "Talmud", 
                    "sourceHeRef": "עבודה זרה י״ט א:י״א", 
                    "sourceRef": "Avodah Zarah 19a:11", 
                    "ref": "Avodah Zarah 19a:11"
                }
            ], 
            "text": ""
        }, 
        {
            "segmentNumber": "12", 
            "he": [], 
            "links": [], 
            "text": ""
        }, 
        {
            "segmentNumber": "13", 
            "he": [
                "ולא בשכר מצותיו - שעובד את יוצרו מאהבת שמו ומאהבת מצות פיו ולא לשם קיבול שכר:"
            ], 
            "links": [
                {
                    "category": "Talmud", 
                    "sourceHeRef": "עבודה זרה י״ט א:י״ג", 
                    "sourceRef": "Avodah Zarah 19a:13", 
                    "ref": "Avodah Zarah 19a:13"
                }
            ], 
            "text": ""
        }, 
        {
            "segmentNumber": "14", 
            "he": [], 
            "links": [], 
            "text": ""
        }, 
        {
            "segmentNumber": "15", 
            "he": [
                "על מנת שלא לקבל פרס - יהי לבך עמו לומר אפילו אין סופי לקבל שכר אוהב אני את בוראי וחפץ במצותיו:"
            ], 
            "links": [
                {
                    "category": "Talmud", 
                    "sourceHeRef": "עבודה זרה י״ט א:ט״ו", 
                    "sourceRef": "Avodah Zarah 19a:15", 
                    "ref": "Avodah Zarah 19a:15"
                }
            ], 
            "text": ""
        }, 
        {
            "segmentNumber": "16", 
            "he": [], 
            "links": [], 
            "text": ""
        }, 
        {
            "segmentNumber": "17", 
            "he": [
                "ממקום שלבו חפץ - לא ישנה לו רבו אלא מסכת שהוא מבקש הימנו שאם ישנה לו מסכת אחרת אין מתקיימת לפי שלבו על תאותו:"
            ], 
            "links": [
                {
                    "category": "Talmud", 
                    "sourceHeRef": "עבודה זרה י״ט א:י״ז", 
                    "sourceRef": "Avodah Zarah 19a:17", 
                    "ref": "Avodah Zarah 19a:17"
                }
            ], 
            "text": ""
        }, 
        {
            "segmentNumber": "18", 
            "he": [
                "חפצו - באותו שאדם חפץ מדלא כתיב חפץ:"
            ], 
            "links": [
                {
                    "category": "Talmud", 
                    "sourceHeRef": "עבודה זרה י״ט א:י״ח", 
                    "sourceRef": "Avodah Zarah 19a:18", 
                    "ref": "Avodah Zarah 19a:18"
                }
            ], 
            "text": ""
        }, 
        {
            "segmentNumber": "19", 
            "he": [
                "פסקי סידרא - פרשיות של מקרא:", 
                "סליק סיפרא - סיימו את אחד מן הספרים:"
            ], 
            "links": [
                {
                    "category": "Talmud", 
                    "sourceHeRef": "עבודה זרה י״ט א:י״ט", 
                    "sourceRef": "Avodah Zarah 19a:19", 
                    "ref": "Avodah Zarah 19a:19"
                }, 
                {
                    "category": "Talmud", 
                    "sourceHeRef": "עבודה זרה י״ט א:י״ט", 
                    "sourceRef": "Avodah Zarah 19a:19", 
                    "ref": "Avodah Zarah 19a:19"
                }
            ], 
            "text": ""
        }, 
        {
            "segmentNumber": "20", 
            "he": [], 
            "links": [], 
            "text": ""
        }, 
        {
            "segmentNumber": "21", 
            "he": [
                "תילים - ספר תהלים:"
            ], 
            "links": [
                {
                    "category": "Talmud", 
                    "sourceHeRef": "עבודה זרה י״ט א:כ״א", 
                    "sourceRef": "Avodah Zarah 19a:21", 
                    "ref": "Avodah Zarah 19a:21"
                }
            ], 
            "text": ""
        }, 
        {
            "segmentNumber": "22", 
            "he": [], 
            "links": [], 
            "text": ""
        }, 
        {
            "segmentNumber": "23", 
            "he": [], 
            "links": [], 
            "text": ""
        }, 
        {
            "segmentNumber": "24", 
            "he": [], 
            "links": [], 
            "text": ""
        }, 
        {
            "segmentNumber": "25", 
            "he": [], 
            "links": [], 
            "text": ""
        }, 
        {
            "segmentNumber": "26", 
            "he": [], 
            "links": [], 
            "text": ""
        }, 
        {
            "segmentNumber": "27", 
            "he": [], 
            "links": [], 
            "text": ""
        }, 
        {
            "segmentNumber": "28", 
            "he": [
                "עושה לו חפציו - הכי קאמר קרא כי אם בתורת ה' עושה חפצו:"
            ], 
            "links": [
                {
                    "category": "Talmud", 
                    "sourceHeRef": "עבודה זרה י״ט א:כ״ח", 
                    "sourceRef": "Avodah Zarah 19a:28", 
                    "ref": "Avodah Zarah 19a:28"
                }
            ], 
            "text": ""
        }, 
        {
            "segmentNumber": "29", 
            "he": [], 
            "links": [], 
            "text": ""
        }, 
        {
            "segmentNumber": "30", 
            "he": [], 
            "links": [], 
            "text": ""
        }, 
        {
            "segmentNumber": "31", 
            "he": [], 
            "links": [], 
            "text": ""
        }, 
        {
            "segmentNumber": "32", 
            "he": [], 
            "links": [], 
            "text": ""
        }, 
        {
            "segmentNumber": "33", 
            "he": [], 
            "links": [], 
            "text": ""
        }, 
        {
            "segmentNumber": "34", 
            "he": [
                "נקראת על שמו - של [אותו] תלמיד שטרח בה כדכתיב ובתורתו דמשמע של כל אדם:"
            ], 
            "links": [
                {
                    "category": "Talmud", 
                    "sourceHeRef": "עבודה זרה י״ט א:ל״ד", 
                    "sourceRef": "Avodah Zarah 19a:34", 
                    "ref": "Avodah Zarah 19a:34"
                }
            ], 
            "text": ""
        }, 
        {
            "segmentNumber": "35", 
            "he": [], 
            "links": [], 
            "text": ""
        }, 
        {
            "segmentNumber": "36", 
            "he": [], 
            "links": [], 
            "text": ""
        }, 
        {
            "segmentNumber": "37", 
            "he": [
                "ילמד אדם - מרבו עד שתהא גירסת התלמוד ופירושו שגורה לו בפיו:", 
                "ואח\"כ יהגה - יעיין בתלמודו לדמות מילתא למילתא להקשות ולתרץ ובראשונה לא יעשה כן שמא יבטל והרב לא ימצא לו כל שעה ועוד לאחר ששנה הרבה הוא מתיישב בתלמודו ומתרץ לעצמו דבר הקשה וה\"נ אמרינן בהרואה (ברכות דף סג:) הסכת הס ואח\"כ כתת ומייתינן להא דרבא התם:"
            ], 
            "links": [
                {
                    "category": "Talmud", 
                    "sourceHeRef": "עבודה זרה י״ט א:ל״ז", 
                    "sourceRef": "Avodah Zarah 19a:37", 
                    "ref": "Avodah Zarah 19a:37"
                }, 
                {
                    "category": "Talmud", 
                    "sourceHeRef": "עבודה זרה י״ט א:ל״ז", 
                    "sourceRef": "Avodah Zarah 19a:37", 
                    "ref": "Avodah Zarah 19a:37"
                }, 
                {
                    "category": "Talmud", 
                    "sourceHeRef": "ברכות ס״ג ב", 
                    "sourceRef": "Berakhot 63b", 
                    "ref": "Berakhot 63b"
                }
            ], 
            "text": ""
        }, 
        {
            "segmentNumber": "38", 
            "he": [], 
            "links": [], 
            "text": ""
        }, 
        {
            "segmentNumber": "39", 
            "he": [], 
            "links": [], 
            "text": ""
        }, 
        {
            "segmentNumber": "40", 
            "he": [], 
            "links": [], 
            "text": ""
        }, 
        {
            "segmentNumber": "41", 
            "he": [
                "דלא ידע מאי קאמר - שאין רבו יודע לפרש לו כלום:"
            ], 
            "links": [
                {
                    "category": "Talmud", 
                    "sourceHeRef": "עבודה זרה י״ט א:מ״א", 
                    "sourceRef": "Avodah Zarah 19a:41", 
                    "ref": "Avodah Zarah 19a:41"
                }
            ], 
            "text": ""
        }, 
        {
            "segmentNumber": "42", 
            "he": [
                "גרסה - לשון גרש וכרמל (ויקרא ב) שלא היה טוחן הדק אלא כריחים של גרוסות המחלקין חיטה לשנים או לארבע [לצורך] מאכל:", 
                "גרסה נפשי לתאבה - מרוב תאותי לתורה הייתי שובר לפי היכולת אע\"פ שאיני טוחנה הדק ליכנס בעומקה:"
            ], 
            "links": [
                {
                    "category": "Talmud", 
                    "sourceHeRef": "עבודה זרה י״ט א:מ״ב", 
                    "sourceRef": "Avodah Zarah 19a:42", 
                    "ref": "Avodah Zarah 19a:42"
                }, 
                {
                    "category": "Tanach", 
                    "sourceHeRef": "ויקרא ב׳", 
                    "sourceRef": "Leviticus 2", 
                    "ref": "Leviticus 2"
                }, 
                {
                    "category": "Talmud", 
                    "sourceHeRef": "עבודה זרה י״ט א:מ״ב", 
                    "sourceRef": "Avodah Zarah 19a:42", 
                    "ref": "Avodah Zarah 19a:42"
                }
            ], 
            "text": ""
        }, 
        {
            "segmentNumber": "43", 
            "he": [], 
            "links": [], 
            "text": ""
        }, 
        {
            "segmentNumber": "44", 
            "he": [], 
            "links": [], 
            "text": ""
        }, 
        {
            "segmentNumber": "45", 
            "he": [], 
            "links": [], 
            "text": ""
        }, 
        {
            "segmentNumber": "46", 
            "he": [], 
            "links": [], 
            "text": ""
        }, 
        {
            "segmentNumber": "47", 
            "he": [
                "כתיב על גפי - בתורה משתעי שלחה נערותיה תקרא תלמידים העוסקין בה על גפי משמע כעל כנפים מושב שאינו קבוע:", 
                "וכתיב - קרא אחרינא על כסא מקום כבוד קבוע כמו רק הכסא אגדל ממך (בראשית מא) ל\"א בתחילה על גפי יחידי בלא תלמידים כמו אם בגפו יבא:"
            ], 
            "links": [
                {
                    "category": "Talmud", 
                    "sourceHeRef": "עבודה זרה י״ט א:מ״ז", 
                    "sourceRef": "Avodah Zarah 19a:47", 
                    "ref": "Avodah Zarah 19a:47"
                }, 
                {
                    "category": "Talmud", 
                    "sourceHeRef": "עבודה זרה י״ט א:מ״ז", 
                    "sourceRef": "Avodah Zarah 19a:47", 
                    "ref": "Avodah Zarah 19a:47"
                }, 
                {
                    "category": "Tanach", 
                    "sourceHeRef": "בראשית מ״א", 
                    "sourceRef": "Genesis 41", 
                    "ref": "Genesis 41"
                }
            ], 
            "text": ""
        }, 
        {
            "segmentNumber": "48", 
            "he": [
                "בראש מרומים - מסתלק במחבואות:"
            ], 
            "links": [
                {
                    "category": "Talmud", 
                    "sourceHeRef": "עבודה זרה י״ט א:מ״ח", 
                    "sourceRef": "Avodah Zarah 19a:48", 
                    "ref": "Avodah Zarah 19a:48"
                }
            ], 
            "text": ""
        }, 
        {
            "segmentNumber": "49", 
            "he": [
                "ולבסוף עלי דרך - מורה הוראה לעין כל:"
            ], 
            "links": [
                {
                    "category": "Talmud", 
                    "sourceHeRef": "עבודה זרה י״ט א:מ״ט", 
                    "sourceRef": "Avodah Zarah 19a:49", 
                    "ref": "Avodah Zarah 19a:49"
                }
            ], 
            "text": ""
        }, 
        {
            "segmentNumber": "50", 
            "he": [], 
            "links": [], 
            "text": ""
        }, 
        {
            "segmentNumber": "51", 
            "he": [], 
            "links": [], 
            "text": ""
        }, 
        {
            "segmentNumber": "52", 
            "he": [
                "בורך - מים מכונסין וסופן כלים:"
            ], 
            "links": [
                {
                    "category": "Talmud", 
                    "sourceHeRef": "עבודה זרה י״ט א:נ״ב", 
                    "sourceRef": "Avodah Zarah 19a:52", 
                    "ref": "Avodah Zarah 19a:52"
                }
            ], 
            "text": ""
        }, 
        {
            "segmentNumber": "53", 
            "he": [
                "בארך - מים חיים ואין פוסקין:"
            ], 
            "links": [
                {
                    "category": "Talmud", 
                    "sourceHeRef": "עבודה זרה י״ט א:נ״ג", 
                    "sourceRef": "Avodah Zarah 19a:53", 
                    "ref": "Avodah Zarah 19a:53"
                }
            ], 
            "text": ""
        }, 
        {
            "segmentNumber": "54", 
            "he": [], 
            "links": [], 
            "text": ""
        }, 
        {
            "segmentNumber": "55", 
            "he": [], 
            "links": [], 
            "text": ""
        }, 
        {
            "segmentNumber": "56", 
            "he": [], 
            "links": [], 
            "text": ""
        }, 
        {
            "segmentNumber": "57", 
            "he": [
                "חבילות - דגריס הרבה [יחד אינו יכול לחזור עליו פעמים רבות ומשכח:", 
                "על יד - מעט]:"
            ], 
            "links": [
                {
                    "category": "Talmud", 
                    "sourceHeRef": "עבודה זרה י״ט א:נ״ז", 
                    "sourceRef": "Avodah Zarah 19a:57", 
                    "ref": "Avodah Zarah 19a:57"
                }, 
                {
                    "category": "Talmud", 
                    "sourceHeRef": "עבודה זרה י״ט א:נ״ז", 
                    "sourceRef": "Avodah Zarah 19a:57", 
                    "ref": "Avodah Zarah 19a:57"
                }
            ], 
            "text": ""
        }, 
        {
            "segmentNumber": "58", 
            "he": [], 
            "links": [], 
            "text": ""
        }, 
        {
            "segmentNumber": "59", 
            "he": [], 
            "links": [], 
            "text": ""
        }, 
        {
            "segmentNumber": "60", 
            "he": [], 
            "links": [], 
            "text": ""
        }, 
        {
            "segmentNumber": "61", 
            "he": [], 
            "links": [], 
            "text": ""
        }, 
        {
            "segmentNumber": "62", 
            "he": [], 
            "links": [], 
            "text": ""
        }, 
        {
            "segmentNumber": "63", 
            "he": [
                "יחרוך - נוטריקון יחיה ויאריך:"
            ], 
            "links": [
                {
                    "category": "Talmud", 
                    "sourceHeRef": "עבודה זרה י״ט א:ס״ג", 
                    "sourceRef": "Avodah Zarah 19a:63", 
                    "ref": "Avodah Zarah 19a:63"
                }
            ], 
            "text": ""
        }, 
        {
            "segmentNumber": "64", 
            "he": [
                "צייד הרמאי - שמרמה אנשים להראות כמה אני חכם להעמיד גירסות הרבה והוא משכח ומקצר ימיו דכתיב (דברים ל) כי הוא חייך ואורך ימיך:"
            ], 
            "links": [
                {
                    "category": "Talmud", 
                    "sourceHeRef": "עבודה זרה י״ט א:ס״ד", 
                    "sourceRef": "Avodah Zarah 19a:64", 
                    "ref": "Avodah Zarah 19a:64"
                }, 
                {
                    "category": "Tanach", 
                    "sourceHeRef": "דברים ל׳", 
                    "sourceRef": "Deuteronomy 30", 
                    "ref": "Deuteronomy 30"
                }
            ], 
            "text": ""
        }, 
        {
            "segmentNumber": "65", 
            "he": [
                "ורב ששת אמר צייד הרמאי הוא יחרוך - בלשון (שבת דף כ:) איחרוכי איחריך כלומר יש לו עופות לחרוך ולאכול כל מי שלומד וגורס מעט מעט ומחזר עליו פעמים הרבה עד ששגור בפיו ואח\"כ חוזר ולומד תלמודו מתקיים וקרא אתמוהי מתמה וכי לא יחרוך מי שצידו רמייה:"
            ], 
            "links": [
                {
                    "category": "Talmud", 
                    "sourceHeRef": "עבודה זרה י״ט א:ס״ה", 
                    "sourceRef": "Avodah Zarah 19a:65", 
                    "ref": "Avodah Zarah 19a:65"
                }, 
                {
                    "category": "Talmud", 
                    "sourceHeRef": "שבת כ׳ ב", 
                    "sourceRef": "Shabbat 20b", 
                    "ref": "Shabbat 20b"
                }
            ], 
            "text": ""
        }, 
        {
            "segmentNumber": "66", 
            "he": [], 
            "links": [], 
            "text": ""
        }, 
        {
            "segmentNumber": "67", 
            "he": [], 
            "links": [], 
            "text": ""
        }, 
        {
            "segmentNumber": "68", 
            "he": [
                "כנפיה - שלא תברח:"
            ], 
            "links": [
                {
                    "category": "Talmud", 
                    "sourceHeRef": "עבודה זרה י״ט א:ס״ח", 
                    "sourceRef": "Avodah Zarah 19a:68", 
                    "ref": "Avodah Zarah 19a:68"
                }
            ], 
            "text": ""
        }, 
        {
            "segmentNumber": "69", 
            "he": [
                "שתול - נעקר מכאן וחזר ונשתל במקום אחר:"
            ], 
            "links": [
                {
                    "category": "Talmud", 
                    "sourceHeRef": "עבודה זרה י״ט א:ס״ט", 
                    "sourceRef": "Avodah Zarah 19a:69", 
                    "ref": "Avodah Zarah 19a:69"
                }
            ], 
            "text": ""
        }, 
        {
            "segmentNumber": "70", 
            "he": [
                "נטוע - מעיקרו ולא זז משם לעולם כלומר כעץ שתול יעשה תלמיד עצמו לילך וללמוד מכל האדם ולא כעץ נטוע להשתקע לפני רב אחד:"
            ], 
            "links": [
                {
                    "category": "Talmud", 
                    "sourceHeRef": "עבודה זרה י״ט א:ע׳", 
                    "sourceRef": "Avodah Zarah 19a:70", 
                    "ref": "Avodah Zarah 19a:70"
                }
            ], 
            "text": ""
        }, 
        {
            "segmentNumber": "71", 
            "he": [], 
            "links": [], 
            "text": ""
        }, 
        {
            "segmentNumber": "72", 
            "he": [], 
            "links": [], 
            "text": ""
        }, 
        {
            "segmentNumber": "73", 
            "he": [], 
            "links": [], 
            "text": ""
        }, 
        {
            "segmentNumber": "74", 
            "he": [], 
            "links": [], 
            "text": ""
        }, 
        {
            "segmentNumber": "75", 
            "he": [
                "סברא - ללמוד חריפות וחידוד הלב לאחר שלמד ושגורה בפיו גירסת התלמוד:"
            ], 
            "links": [
                {
                    "category": "Talmud", 
                    "sourceHeRef": "עבודה זרה י״ט א:ע״ה", 
                    "sourceRef": "Avodah Zarah 19a:75", 
                    "ref": "Avodah Zarah 19a:75"
                }
            ], 
            "text": ""
        }
    ], 
    "commentaryBook": "Avodah Zarah", 
    "heRef": "רש\"י על עבודה זרה י״ט א", 
    "toSections": [
        "19a"
    ], 
    "sectionRef": "Rashi on Avodah Zarah 19a", 
    "title": "Rashi on Avodah Zarah 19a", 
    "lengths": [
        150, 
        7551
    ], 
    "next": "Rashi on Avodah Zarah 19b:1", 
    "heBook": "רש\"י על עבודה זרה", 
    "book": "Rashi on Avodah Zarah", 
    "prev": "Rashi on Avodah Zarah 18b:63", 
    "textDepth": 3, 
    "sectionNames": [
        "Daf", 
        "Line", 
        "Comment"
    ], 
    "sections": [
        "19a"
    ], 
    "commentator": "Rashi", 
    "isComplex": false, 
    "commentaryCategories": [
        "Talmud", 
        "Bavli", 
        "Seder Nezikin"
    ], 
    "titleVariants": [
        "Rashi on Talmud Avodah Zarah", 
        "Rashi on Avodah Zara", 
        "Rashi on Tractate Avodah Zarah", 
        "Rashi on Avoda Zarah", 
        "Rashi on Avoda Zara", 
        "Rashi on Avodah Zarah", 
        "Rashi on Masekhet Avodah Zarah"
    ], 
    "categories": [
        "Commentary", 
        "Talmud", 
        "Rashi"
    ], 
    "ref": "Rashi on Avodah Zarah 19a", 
    "type": "Commentary", 
    "addressTypes": [
        "Talmud", 
        "Integer", 
        "Integer"
    ], 
    "heCommentator": "רש\"י", 
    "length": 150, 
    "indexTitle": "Rashi on Avodah Zarah", 
    "heIndexTitle": "רש\"י על עבודה זרה", 
    "alts": [], 
    "order": [
        26, 
        7
    ]
}