[{
    "links": [
        [
            "10a:1:1", 
            "Avodah Zarah 10a:1", 
            "Talmud"
        ], 
        [
            "10a:2:1", 
            "Avodah Zarah 10a:2", 
            "Talmud"
        ], 
        [
            "10a:4:1", 
            "Avodah Zarah 10a:4", 
            "Talmud"
        ], 
        [
            "10a:8:1", 
            "Avodah Zarah 10a:8", 
            "Talmud"
        ], 
        [
            "10a:9:1", 
            "Avodah Zarah 10a:9", 
            "Talmud"
        ], 
        [
            "10a:11:1", 
            "Avodah Zarah 10a:11", 
            "Talmud"
        ], 
        [
            "10a:16:1", 
            "Avodah Zarah 10a:16", 
            "Talmud"
        ], 
        [
            "10a:19:1", 
            "Avodah Zarah 10a:19", 
            "Talmud"
        ], 
        [
            "10a:28:1", 
            "Avodah Zarah 10a:28", 
            "Talmud"
        ], 
        [
            "10a:38:1", 
            "Avodah Zarah 10a:38", 
            "Talmud"
        ], 
        [
            "10a:39:1", 
            "Avodah Zarah 10a:39", 
            "Talmud"
        ], 
        [
            "10a:53:1", 
            "Avodah Zarah 10a:53", 
            "Talmud"
        ], 
        [
            "10a:55:1", 
            "Avodah Zarah 10a:55", 
            "Talmud"
        ], 
        [
            "10a:56:1", 
            "Avodah Zarah 10a:56", 
            "Talmud"
        ], 
        [
            "10a:59:1", 
            "Avodah Zarah 10a:59", 
            "Talmud"
        ], 
        [
            "10a:2:2", 
            "Avodah Zarah 10a:2", 
            "Talmud"
        ], 
        [
            "10a:9:2", 
            "Avodah Zarah 10a:9", 
            "Talmud"
        ], 
        [
            "10a:53:2", 
            "Avodah Zarah 10a:53", 
            "Talmud"
        ]
    ], 
    "text": [], 
    "heTitleVariants": [
        "רש\"י על עבודה זרה"
    ], 
    "heTitle": "רש\"י על עבודה זרה י׳ א", 
    "commentaryBook": "Avodah Zarah", 
    "heRef": "רש\"י על עבודה זרה י׳ א", 
    "toSections": [
        "10a"
    ], 
    "sectionRef": "Rashi on Avodah Zarah 10a", 
    "title": "Rashi on Avodah Zarah 10a", 
    "lengths": [
        150, 
        7551
    ], 
    "next": "Rashi on Avodah Zarah 10b:1", 
    "heBook": "רש\"י על עבודה זרה", 
    "book": "Rashi on Avodah Zarah", 
    "prev": "Rashi on Avodah Zarah 9b:14", 
    "textDepth": 3, 
    "sectionNames": [
        "Daf", 
        "Line", 
        "Comment"
    ], 
    "sections": [
        "10a"
    ], 
    "commentator": "Rashi", 
    "isComplex": false, 
    "commentaryCategories": [
        "Talmud", 
        "Bavli", 
        "Seder Nezikin"
    ], 
    "titleVariants": [
        "Rashi on Talmud Avodah Zarah", 
        "Rashi on Avodah Zara", 
        "Rashi on Tractate Avodah Zarah", 
        "Rashi on Avoda Zarah", 
        "Rashi on Avoda Zara", 
        "Rashi on Avodah Zarah", 
        "Rashi on Masekhet Avodah Zarah"
    ], 
    "categories": [
        "Commentary", 
        "Talmud", 
        "Rashi"
    ], 
    "he": [
        [
            "שית שנין יתירתא - שבא לפני ב\"ד בשנה שנכתב בו ומצא בו שש שנים יותר ממניינם כגון שהיו עומדים בשנת חמש מאות למלכות יון ובו היה כתוב בשנת חמש מאות ושש שנים לוה פלוני מפלוני וסתם היה כתוב ולא היה כתוב בו שום מלכות:"
        ], 
        [
            "מאוחר הוא - מלוה עשה עמו טובה ומחל לו שעבוד קרקעות של שש שנים וכל מי שיקנה קרקעו בתוך שש שנים אינו מפסיד שהרי זמן מכירה קודם לזמן טריפת השטר:", 
            "ועד דמטי זמניה לא טריף - אינו יכול לטרוף לקוחות אלא אותן שיקחו ממנו משש ואילך:"
        ], 
        [], 
        [
            "ספרא דוקנא כתביה - מדקדק בחשבונות הוא ואינו הולך אחרינו שאין אנו מתחילין למנות לתחלת מלכות יון אלא לאחר שש שנים שמלכו בעילם והוא מונה לתחלת מלכותן ושיעבודו מיום כתיבתו הוא ומהיום והלאה יטרוף ואין כאן מחילה לפי שחמש מאות שלנו הן חמש מאות ושש לתחלתן:"
        ], 
        [], 
        [], 
        [], 
        [
            "ממאי - דהאי דמנינן לשטרי לש\"פ שנים קודם חורבן דעתין למלכי יון דתימא דהנך שית שני יתירתא היינו האי דאתחיל למימני מתחלת מלכותן דניחא לך למימר הכי ולא ניחא לך למימר מאוחר הוא לפי שאין דרך למחול שעבודו שמא ימכור זה כל נכסיו בתוך זמן האיחור ויפסיד את חובו:"
        ], 
        [
            "דלמא - בין אנן בין הא ספרא האי דמנינן לש\"פ שנים קודם חורבן לאו דעתין אמלכות יון אלא ליציאת מצרים מנינן:", 
            "ושבקיה לאלפא קמא - דמיציאת מצרים ומתחלינן למימני מתחילת אלפא בתרא והיא שנה ראשונה ליון שפשטה מלכותן בכל העולם דמיציאת מצרים ועד חורבן אלף וש\"פ שנים ת\"פ שנים עד בנין בית ראשון ות\"י דבניינו הרי תת\"צ ושבעים דגלות בבל ות\"כ דבית שני הרי אלף וש\"פ שנים ומלכות יון נמי פשטה בכל העולם ג' מאות ושמונים שנים קודם חורבן שהוא תחלת אלף שנים וכיון דדעתין איציאת מצרים ליכא למתלי הנך שית שנין אלא במחילת השעבוד ושטר מאוחר הוא:"
        ], 
        [], 
        [
            "אין מונין אלא למלכי יונים - וכיון דלמלכות יון מנינן ואיכא למיתלי להנך שית שנין בספרא דוקנא תלינן ביה ולא תלינן ליה במחילת השעבוד שאין כל אדם עושה כן:"
        ], 
        [], 
        [], 
        [], 
        [], 
        [
            "דיקא - דלמלכות יון מנינן:"
        ], 
        [], 
        [], 
        [
            "לשטרות - דכל אימת דקאי מלכא מכי מטי שילהי אדר סלקא ליה שתא ובניסן ריש שתא תנינא למיכתב בשטרי:"
        ], 
        [], 
        [], 
        [], 
        [], 
        [], 
        [], 
        [], 
        [], 
        [
            "ואנן השתא מתשרי מנינן - כל תשרי מחדשים שתא אלמא ודאי מניינא דידן למלכי האומות הואי ואין לך מלכות באומות מתחלת שלש מאות ושמונים שנה קודם אלא מלכות יון דאי סלקא דעתך דהאי דמנינן לשלש מאות ושמונים שנה קודם חורבן דדעתין איציאת מצרים מניסן בעו למימני ולחדושי שתא דקיי\"ל בשמעתא קמייתא במסכת ראש השנה דליציאת מצרים מניסן מנינן:"
        ], 
        [], 
        [], 
        [], 
        [], 
        [], 
        [], 
        [], 
        [], 
        [], 
        [
            "הא דידיה הא דבריה - כשמעמידין בן מלך בחיי אביו להחזיקו במלוכה שמח האב ועושה אותו יום איד:"
        ], 
        [
            "ומי מוקמי - רומיים מלכא בר מלכא כל הני יום אידיהן דמתני' דרומיים נינהו כדתניא לעיל יום שתפסה בו רומי מלכות ותניא רומי עשתה קלנדא: כתב ולשון של רומיים מאומה אחרת באה להן אחרים תקנו להן כל ספריהם:"
        ], 
        [], 
        [], 
        [], 
        [], 
        [], 
        [], 
        [], 
        [], 
        [], 
        [], 
        [], 
        [], 
        [], 
        [
            "ע\"י שאלה - נוטלין רשות מן השרים ומבקש האב מהן להעמיד בנו תחתיו:", 
            "כגון אסוירוס בן אנטונינוס - דמלך על ידי שאלת אביו:"
        ], 
        [], 
        [
            "קלניא - בת חורין שלא תתן מס לעולם משום דאית בה רבנן ואנטונינוס עצמו היה משמש בפני רבי כדלקמן ומשום הכי היה אוהב לרבנן:"
        ], 
        [
            "אייתי רבי גברא ארכביה וכו' - כלומר הרכב את בנך עליהן ועליך ותהא טבריא מסורה בידו:"
        ], 
        [], 
        [], 
        [
            "ואימא ליה - לברך דליפרחה ליונה מן ידיה כלומר דליעבד טבריא קלניא להוציאה מתחת עולו:"
        ]
    ], 
    "ref": "Rashi on Avodah Zarah 10a", 
    "type": "Commentary", 
    "addressTypes": [
        "Talmud", 
        "Integer", 
        "Integer"
    ], 
    "heCommentator": "רש\"י", 
    "length": 150, 
    "indexTitle": "Rashi on Avodah Zarah", 
    "heIndexTitle": "רש\"י על עבודה זרה", 
    "alts": [], 
    "order": [
        26, 
        7
    ]
}]