{
    "heTitleVariants": [
        "רש\"י על עבודה זרה"
    ], 
    "heTitle": "רש\"י על עבודה זרה מ״ט ב", 
    "content": [
        {
            "segmentNumber": "1", 
            "he": [], 
            "links": [], 
            "text": ""
        }, 
        {
            "segmentNumber": "2", 
            "he": [], 
            "links": [], 
            "text": ""
        }, 
        {
            "segmentNumber": "3", 
            "he": [], 
            "links": [], 
            "text": ""
        }, 
        {
            "segmentNumber": "4", 
            "he": [], 
            "links": [], 
            "text": ""
        }, 
        {
            "segmentNumber": "5", 
            "he": [], 
            "links": [], 
            "text": ""
        }, 
        {
            "segmentNumber": "6", 
            "he": [], 
            "links": [], 
            "text": ""
        }, 
        {
            "segmentNumber": "7", 
            "he": [
                "מתני' כרכור - דויל\"ו בלע\"ז:"
            ], 
            "links": [
                {
                    "category": "Talmud", 
                    "sourceHeRef": "עבודה זרה מ״ט ב:ז׳", 
                    "sourceRef": "Avodah Zarah 49b:7", 
                    "ref": "Avodah Zarah 49b:7"
                }
            ], 
            "text": ""
        }, 
        {
            "segmentNumber": "8", 
            "he": [], 
            "links": [], 
            "text": ""
        }, 
        {
            "segmentNumber": "9", 
            "he": [], 
            "links": [], 
            "text": ""
        }, 
        {
            "segmentNumber": "10", 
            "he": [], 
            "links": [], 
            "text": ""
        }, 
        {
            "segmentNumber": "11", 
            "he": [], 
            "links": [], 
            "text": ""
        }, 
        {
            "segmentNumber": "12", 
            "he": [
                "גמ' בהא קאמר ר\"א - דיש פדיון:"
            ], 
            "links": [
                {
                    "category": "Talmud", 
                    "sourceHeRef": "עבודה זרה מ״ט ב:י״ב", 
                    "sourceRef": "Avodah Zarah 49b:12", 
                    "ref": "Avodah Zarah 49b:12"
                }
            ], 
            "text": ""
        }, 
        {
            "segmentNumber": "13", 
            "he": [], 
            "links": [], 
            "text": ""
        }, 
        {
            "segmentNumber": "14", 
            "he": [], 
            "links": [], 
            "text": ""
        }, 
        {
            "segmentNumber": "15", 
            "he": [], 
            "links": [], 
            "text": ""
        }, 
        {
            "segmentNumber": "16", 
            "he": [], 
            "links": [], 
            "text": ""
        }, 
        {
            "segmentNumber": "17", 
            "he": [], 
            "links": [], 
            "text": ""
        }, 
        {
            "segmentNumber": "18", 
            "he": [], 
            "links": [], 
            "text": ""
        }, 
        {
            "segmentNumber": "19", 
            "he": [], 
            "links": [], 
            "text": ""
        }, 
        {
            "segmentNumber": "20", 
            "he": [
                "אלא פת - משום דלא מנכרא ביה איסור ממש:", 
                "אבל חבית - של יין נסך שנתערבה בחביות של היתר כולן אסורות בהנאה ואין לה תקנה בהולכת הנאה לים המלח להתיר ולהמכר כל חבית לבדה או להשקות מהן לחמרים עובדי כוכבים משום דאיתיה לאיסור בעיניה אבל מוכרן כולן חוץ מדמי יין נסך שבהן דהשתא לא מתהני מחבית דאיסורא:"
            ], 
            "links": [
                {
                    "category": "Talmud", 
                    "sourceHeRef": "עבודה זרה מ״ט ב:כ׳", 
                    "sourceRef": "Avodah Zarah 49b:20", 
                    "ref": "Avodah Zarah 49b:20"
                }, 
                {
                    "category": "Talmud", 
                    "sourceHeRef": "עבודה זרה מ״ט ב:כ׳", 
                    "sourceRef": "Avodah Zarah 49b:20", 
                    "ref": "Avodah Zarah 49b:20"
                }
            ], 
            "text": ""
        }, 
        {
            "segmentNumber": "21", 
            "he": [], 
            "links": [], 
            "text": ""
        }, 
        {
            "segmentNumber": "22", 
            "he": [], 
            "links": [], 
            "text": ""
        }, 
        {
            "segmentNumber": "23", 
            "he": [], 
            "links": [], 
            "text": ""
        }, 
        {
            "segmentNumber": "24", 
            "he": [
                "ונשתרי לך - בהנאה למכרן לבד לבד או לעשות מהן כביסה או להשקות מהן לעובדי כוכבים ולא דמיא הך מילתא לפלוגתא דרשב\"ג ורבנן דפליגי בפ' בתרא (לקמן עד.) ביין נסך שנפל לבור כולו אסור בהנאה רשב\"ג אומר מוכר כולו לעובדי כוכבים חוץ מדמי יין נסך שבו דהתם תרוייהו סבירא להו כרבנן דהכא דאין פדיון ליין נסך ומיהו כי מזבין ליה חוץ מדמי יין נסך שבו לא מיתהני מיין נסך מידי משום דליתיה לאיסורא בעיניה:"
            ], 
            "links": [
                {
                    "category": "Talmud", 
                    "sourceHeRef": "עבודה זרה מ״ט ב:כ״ד", 
                    "sourceRef": "Avodah Zarah 49b:24", 
                    "ref": "Avodah Zarah 49b:24"
                }
            ], 
            "text": ""
        }, 
        {
            "segmentNumber": "25", 
            "he": [
                "מתני' כיצד מבטלה - לאשירה:"
            ], 
            "links": [
                {
                    "category": "Talmud", 
                    "sourceHeRef": "עבודה זרה מ״ט ב:כ״ה", 
                    "sourceRef": "Avodah Zarah 49b:25", 
                    "ref": "Avodah Zarah 49b:25"
                }
            ], 
            "text": ""
        }, 
        {
            "segmentNumber": "26", 
            "he": [
                "קירסם - קיסמין יבשין שבאילן נטל לצרכו לשרוף:", 
                "זרד - זרודין לחין שבה:"
            ], 
            "links": [
                {
                    "category": "Talmud", 
                    "sourceHeRef": "עבודה זרה מ״ט ב:כ״ו", 
                    "sourceRef": "Avodah Zarah 49b:26", 
                    "ref": "Avodah Zarah 49b:26"
                }, 
                {
                    "category": "Talmud", 
                    "sourceHeRef": "עבודה זרה מ״ט ב:כ״ו", 
                    "sourceRef": "Avodah Zarah 49b:26", 
                    "ref": "Avodah Zarah 49b:26"
                }
            ], 
            "text": ""
        }, 
        {
            "segmentNumber": "27", 
            "he": [
                "לצרכה - לייפותה:"
            ], 
            "links": [
                {
                    "category": "Talmud", 
                    "sourceHeRef": "עבודה זרה מ״ט ב:כ״ז", 
                    "sourceRef": "Avodah Zarah 49b:27", 
                    "ref": "Avodah Zarah 49b:27"
                }
            ], 
            "text": ""
        }, 
        {
            "segmentNumber": "28", 
            "he": [
                "גמ' אותן שפאים - ששיפה לצרכה ולא בטלה:", 
                "מה תהא עליהן - שפאין מי בטילי או לאו:"
            ], 
            "links": [
                {
                    "category": "Talmud", 
                    "sourceHeRef": "עבודה זרה מ״ט ב:כ״ח", 
                    "sourceRef": "Avodah Zarah 49b:28", 
                    "ref": "Avodah Zarah 49b:28"
                }, 
                {
                    "category": "Talmud", 
                    "sourceHeRef": "עבודה זרה מ״ט ב:כ״ח", 
                    "sourceRef": "Avodah Zarah 49b:28", 
                    "ref": "Avodah Zarah 49b:28"
                }
            ], 
            "text": ""
        }, 
        {
            "segmentNumber": "29", 
            "he": [], 
            "links": [], 
            "text": ""
        }, 
        {
            "segmentNumber": "30", 
            "he": [], 
            "links": [], 
            "text": ""
        }, 
        {
            "segmentNumber": "31", 
            "he": [], 
            "links": [], 
            "text": ""
        }, 
        {
            "segmentNumber": "32", 
            "he": [], 
            "links": [], 
            "text": ""
        }, 
        {
            "segmentNumber": "33", 
            "he": [], 
            "links": [], 
            "text": ""
        }, 
        {
            "segmentNumber": "34", 
            "he": [], 
            "links": [], 
            "text": ""
        }, 
        {
            "segmentNumber": "35", 
            "he": [
                "ישראל ששיפה כו' אסור - שאין ישראל מבטל עבודת כוכבים:"
            ], 
            "links": [
                {
                    "category": "Talmud", 
                    "sourceHeRef": "עבודה זרה מ״ט ב:ל״ה", 
                    "sourceRef": "Avodah Zarah 49b:35", 
                    "ref": "Avodah Zarah 49b:35"
                }
            ], 
            "text": ""
        }, 
        {
            "segmentNumber": "36", 
            "he": [], 
            "links": [], 
            "text": ""
        }, 
        {
            "segmentNumber": "37", 
            "he": [
                "רב אמר - אע\"פ שנשתברה מאליה צריכה ביטול וכל קיסם וקיסם נעשית עבודת כוכבים בפני עצמה הלכך לא סגי לחד בביטולא דחבריה:"
            ], 
            "links": [
                {
                    "category": "Talmud", 
                    "sourceHeRef": "עבודה זרה מ״ט ב:ל״ז", 
                    "sourceRef": "Avodah Zarah 49b:37", 
                    "ref": "Avodah Zarah 49b:37"
                }
            ], 
            "text": ""
        }, 
        {
            "segmentNumber": "38", 
            "he": [], 
            "links": [], 
            "text": ""
        }, 
        {
            "segmentNumber": "39", 
            "he": [], 
            "links": [], 
            "text": ""
        }, 
        {
            "segmentNumber": "40", 
            "he": [], 
            "links": [], 
            "text": ""
        }, 
        {
            "segmentNumber": "41", 
            "he": [], 
            "links": [], 
            "text": ""
        }, 
        {
            "segmentNumber": "42", 
            "he": [
                "אין עבודת כוכבים צריכה לבטל אלא כשהיא דרך גדילתה - אבל זו שנשתברה בטלה מעצמה דמימר אמר איהי נפשה לא מצלה לההוא לגברא מצלה ליה:"
            ], 
            "links": [
                {
                    "category": "Talmud", 
                    "sourceHeRef": "עבודה זרה מ״ט ב:מ״ב", 
                    "sourceRef": "Avodah Zarah 49b:42", 
                    "ref": "Avodah Zarah 49b:42"
                }
            ], 
            "text": ""
        }, 
        {
            "segmentNumber": "43", 
            "he": [], 
            "links": [], 
            "text": ""
        }, 
        {
            "segmentNumber": "44", 
            "he": [], 
            "links": [], 
            "text": ""
        }, 
        {
            "segmentNumber": "45", 
            "he": [], 
            "links": [], 
            "text": ""
        }, 
        {
            "segmentNumber": "46", 
            "he": [
                "לא דכ\"ע עובדין לשברים - שנשתברו מאליהן והא דאמר שמואל בריש פירקין (דף מא.) אפי' שברי עבודת כוכבים מותרין בהנאה למוצאן התם הוא דלא חזינן לה דנשתברה מאיליה דאמרינן עובד כוכבים שברן ואזלינן בתר רובא דהא עבודת כוכבים דנשתברה מאיליה לא שכיחא:", 
                "והכא - דקאמר רב כל קיסם וקיסם לשון שברי שברים כגון דנשתברו שברים לשברים ובשברי שברים הוא דפליג שמואל עילויה: ה\"ג ואיבעית אימא דכ\"ע אין עובדין לשברי שברים והכא בעבודת כוכבים שהיתה של חוליות דקין והרי הן כשברי שברים ונפלה ונתפרקו חליותיה עסקינן:"
            ], 
            "links": [
                {
                    "category": "Talmud", 
                    "sourceHeRef": "עבודה זרה מ״ט ב:מ״ו", 
                    "sourceRef": "Avodah Zarah 49b:46", 
                    "ref": "Avodah Zarah 49b:46"
                }, 
                {
                    "category": "Talmud", 
                    "sourceHeRef": "עבודה זרה מ״ט ב:מ״ו", 
                    "sourceRef": "Avodah Zarah 49b:46", 
                    "ref": "Avodah Zarah 49b:46"
                }
            ], 
            "text": ""
        }, 
        {
            "segmentNumber": "47", 
            "he": [], 
            "links": [], 
            "text": ""
        }, 
        {
            "segmentNumber": "48", 
            "he": [], 
            "links": [], 
            "text": ""
        }, 
        {
            "segmentNumber": "49", 
            "he": [], 
            "links": [], 
            "text": ""
        }, 
        {
            "segmentNumber": "50", 
            "he": [], 
            "links": [], 
            "text": ""
        }, 
        {
            "segmentNumber": "51", 
            "he": [
                "והדיוט יכול להחזירה - שאין צריכה אומן:"
            ], 
            "links": [
                {
                    "category": "Talmud", 
                    "sourceHeRef": "עבודה זרה מ״ט ב:נ״א", 
                    "sourceRef": "Avodah Zarah 49b:51", 
                    "ref": "Avodah Zarah 49b:51"
                }
            ], 
            "text": ""
        }, 
        {
            "segmentNumber": "52", 
            "he": [], 
            "links": [], 
            "text": ""
        }, 
        {
            "segmentNumber": "53", 
            "he": [
                "אין עבודת כוכבים - שנשתברה צריכה לבטל:", 
                "אלא דרך גדילתה - כשהיא קיימא כגון נבייה דמתני' דשברי שברים הן שנופל עלה אחר עלה א\"כ העלה עצמו משתבר לכמה שברים ואפ\"ה אסור משום דדרך גדילתה היא דהיינו אורחה כל שתא אבל הכא לאו היינו אורחיה ליפול ולהתפרק הלכך בטלה:"
            ], 
            "links": [
                {
                    "category": "Talmud", 
                    "sourceHeRef": "עבודה זרה מ״ט ב:נ״ג", 
                    "sourceRef": "Avodah Zarah 49b:53", 
                    "ref": "Avodah Zarah 49b:53"
                }, 
                {
                    "category": "Talmud", 
                    "sourceHeRef": "עבודה זרה מ״ט ב:נ״ג", 
                    "sourceRef": "Avodah Zarah 49b:53", 
                    "ref": "Avodah Zarah 49b:53"
                }
            ], 
            "text": ""
        }, 
        {
            "segmentNumber": "54", 
            "he": [], 
            "links": [], 
            "text": ""
        }, 
        {
            "segmentNumber": "55", 
            "he": [
                "מתני' רבי ישמעאל: זו בצד זו - וכ\"ש אחת ע\"ג שתים דזהו עיקר מרקוליס ותחלתו:"
            ], 
            "links": [
                {
                    "category": "Talmud", 
                    "sourceHeRef": "עבודה זרה מ״ט ב:נ״ה", 
                    "sourceRef": "Avodah Zarah 49b:55", 
                    "ref": "Avodah Zarah 49b:55"
                }
            ], 
            "text": ""
        }, 
        {
            "segmentNumber": "56", 
            "he": [
                "בצד מרקוליס - מרקוליס גדול שכבר עבדוהו וזרקו עליו אבנים הרבה:", 
                "שתים מותרות - ובגמרא מפרש טעמא:"
            ], 
            "links": [
                {
                    "category": "Talmud", 
                    "sourceHeRef": "עבודה זרה מ״ט ב:נ״ו", 
                    "sourceRef": "Avodah Zarah 49b:56", 
                    "ref": "Avodah Zarah 49b:56"
                }, 
                {
                    "category": "Talmud", 
                    "sourceHeRef": "עבודה זרה מ״ט ב:נ״ו", 
                    "sourceRef": "Avodah Zarah 49b:56", 
                    "ref": "Avodah Zarah 49b:56"
                }
            ], 
            "text": ""
        }, 
        {
            "segmentNumber": "57", 
            "he": [], 
            "links": [], 
            "text": ""
        }, 
        {
            "segmentNumber": "58", 
            "he": [
                "שנראות עמו - דנראה שנפלו משם אסורות בין ג' בין שתים:", 
                "ושאין נראין עמו - אין סמוכות לו מותרות ואפי' ג':"
            ], 
            "links": [
                {
                    "category": "Talmud", 
                    "sourceHeRef": "עבודה זרה מ״ט ב:נ״ח", 
                    "sourceRef": "Avodah Zarah 49b:58", 
                    "ref": "Avodah Zarah 49b:58"
                }, 
                {
                    "category": "Talmud", 
                    "sourceHeRef": "עבודה זרה מ״ט ב:נ״ח", 
                    "sourceRef": "Avodah Zarah 49b:58", 
                    "ref": "Avodah Zarah 49b:58"
                }
            ], 
            "text": ""
        }, 
        {
            "segmentNumber": "59", 
            "he": [], 
            "links": [], 
            "text": ""
        }, 
        {
            "segmentNumber": "60", 
            "he": [
                "גמ' עובדין לשברים - כל האבנים הנזרקות שם נתוספו על המרקוליס ונעשה גדול עבודת כוכבים וכשהן נושרות הוו שברי עבודת כוכבים והשתא לא חשיב להו תקרובת אלא עבודת כוכבים בפני עצמה:"
            ], 
            "links": [
                {
                    "category": "Talmud", 
                    "sourceHeRef": "עבודה זרה מ״ט ב:ס׳", 
                    "sourceRef": "Avodah Zarah 49b:60", 
                    "ref": "Avodah Zarah 49b:60"
                }
            ], 
            "text": ""
        }, 
        {
            "segmentNumber": "61", 
            "he": [], 
            "links": [], 
            "text": ""
        }, 
        {
            "segmentNumber": "62", 
            "he": [], 
            "links": [], 
            "text": ""
        }, 
        {
            "segmentNumber": "63", 
            "he": [], 
            "links": [], 
            "text": ""
        }, 
        {
            "segmentNumber": "64", 
            "he": [], 
            "links": [], 
            "text": ""
        }, 
        {
            "segmentNumber": "65", 
            "he": [], 
            "links": [], 
            "text": ""
        }, 
        {
            "segmentNumber": "66", 
            "he": [], 
            "links": [], 
            "text": ""
        }, 
        {
            "segmentNumber": "67", 
            "he": [
                "מעיקרא תבורי מיתברי - שאינן מחוברות ודרכן ליפול:"
            ], 
            "links": [
                {
                    "category": "Talmud", 
                    "sourceHeRef": "עבודה זרה מ״ט ב:ס״ז", 
                    "sourceRef": "Avodah Zarah 49b:67", 
                    "ref": "Avodah Zarah 49b:67"
                }
            ], 
            "text": ""
        }
    ], 
    "commentaryBook": "Avodah Zarah", 
    "heRef": "רש\"י על עבודה זרה מ״ט ב", 
    "toSections": [
        "49b"
    ], 
    "sectionRef": "Rashi on Avodah Zarah 49b", 
    "title": "Rashi on Avodah Zarah 49b", 
    "lengths": [
        150, 
        7551
    ], 
    "next": "Rashi on Avodah Zarah 50a:1", 
    "heBook": "רש\"י על עבודה זרה", 
    "book": "Rashi on Avodah Zarah", 
    "prev": "Rashi on Avodah Zarah 49a:38", 
    "textDepth": 3, 
    "sectionNames": [
        "Daf", 
        "Line", 
        "Comment"
    ], 
    "sections": [
        "49b"
    ], 
    "commentator": "Rashi", 
    "isComplex": false, 
    "commentaryCategories": [
        "Talmud", 
        "Bavli", 
        "Seder Nezikin"
    ], 
    "titleVariants": [
        "Rashi on Talmud Avodah Zarah", 
        "Rashi on Avodah Zara", 
        "Rashi on Tractate Avodah Zarah", 
        "Rashi on Avoda Zarah", 
        "Rashi on Avoda Zara", 
        "Rashi on Avodah Zarah", 
        "Rashi on Masekhet Avodah Zarah"
    ], 
    "categories": [
        "Commentary", 
        "Talmud", 
        "Rashi"
    ], 
    "ref": "Rashi on Avodah Zarah 49b", 
    "type": "Commentary", 
    "addressTypes": [
        "Talmud", 
        "Integer", 
        "Integer"
    ], 
    "heCommentator": "רש\"י", 
    "length": 150, 
    "indexTitle": "Rashi on Avodah Zarah", 
    "heIndexTitle": "רש\"י על עבודה זרה", 
    "alts": [], 
    "order": [
        26, 
        7
    ]
}