{
    "heTitleVariants": [
        "רש\"י על עבודה זרה"
    ], 
    "heTitle": "רש\"י על עבודה זרה ס״ג ב", 
    "content": [
        {
            "segmentNumber": "1", 
            "he": [
                "לא משום שביעית - שמא יקחו בו פירות שביעית מן החשוד למכרם ותניא במס' סוכה (דף לט.) אין מוסרין דמי פירות שביעית לעם הארץ יותר מג' סעודות:", 
                "ולא משום מעשר - דאם עמי הארץ הם ויקחו שאינו מעושר ונמצא זה מאכילו דהא איהו לא ספי להו מידי אלא פריטי יהב להו:", 
                "ולא משום יין נסך - אם עובדי כוכבים הם ונמצא מאכילן יין נסך והרי מזונותיהן עליו ונהנה מיין נסך:"
            ], 
            "links": [
                {
                    "category": "Talmud", 
                    "sourceHeRef": "עבודה זרה ס״ג ב:א׳", 
                    "index_title": "Avodah Zarah", 
                    "sourceRef": "Avodah Zarah 63b:1"
                }, 
                {
                    "category": "Talmud", 
                    "sourceHeRef": "עבודה זרה ס״ג ב:א׳", 
                    "index_title": "Avodah Zarah", 
                    "sourceRef": "Avodah Zarah 63b:1"
                }, 
                {
                    "category": "Talmud", 
                    "sourceHeRef": "עבודה זרה ס״ג ב:א׳", 
                    "index_title": "Avodah Zarah", 
                    "sourceRef": "Avodah Zarah 63b:1"
                }
            ], 
            "text": ""
        }, 
        {
            "segmentNumber": "2", 
            "he": [
                "ואני פורע - הוי איהו לוקח האיסור ומאכילו דהשתא לא סליק נפשיה מינייהו בפריטי:"
            ], 
            "links": [
                {
                    "category": "Talmud", 
                    "sourceHeRef": "עבודה זרה ס״ג ב:ב׳", 
                    "index_title": "Avodah Zarah", 
                    "sourceRef": "Avodah Zarah 63b:2"
                }
            ], 
            "text": ""
        }, 
        {
            "segmentNumber": "3", 
            "he": [], 
            "links": [], 
            "text": ""
        }, 
        {
            "segmentNumber": "4", 
            "he": [], 
            "links": [], 
            "text": ""
        }, 
        {
            "segmentNumber": "5", 
            "he": [], 
            "links": [], 
            "text": ""
        }, 
        {
            "segmentNumber": "6", 
            "he": [
                "המקיפו - שרגיל אצלו בהקפה:", 
                "דמשעבד ליה - האי בעל הבית משעתא דיהיב חנוני פירי והוי כנותן מיד ליד:", 
                "קני ליה דינר גביה - חנוני סמיך על זה שכבר הכיר בו שכל מקום שישנו הדינר קנוי לו לחנוני הלכך חליפי נינהו. אבל הנך דבי ר' ינאי כיון דהנך עניי דמוזפי להו פירי לאו חנוני הרגיל להקיפן נינהו לא סמכא דעתיה כולי האי ולא משתעבד להו דבי ר' ינאי הלכך כי פרע לאחר זמן לאו חליפי שביעית נינהו:"
            ], 
            "links": [
                {
                    "category": "Talmud", 
                    "sourceHeRef": "עבודה זרה ס״ג ב:ו׳", 
                    "index_title": "Avodah Zarah", 
                    "sourceRef": "Avodah Zarah 63b:6"
                }, 
                {
                    "category": "Talmud", 
                    "sourceHeRef": "עבודה זרה ס״ג ב:ו׳", 
                    "index_title": "Avodah Zarah", 
                    "sourceRef": "Avodah Zarah 63b:6"
                }, 
                {
                    "category": "Talmud", 
                    "sourceHeRef": "עבודה זרה ס״ג ב:ו׳", 
                    "index_title": "Avodah Zarah", 
                    "sourceRef": "Avodah Zarah 63b:6"
                }
            ], 
            "text": ""
        }, 
        {
            "segmentNumber": "7", 
            "he": [], 
            "links": [], 
            "text": ""
        }, 
        {
            "segmentNumber": "8", 
            "he": [
                "אי הכי - דטעמא משום מקיפו הוא אבל אין מקיפו שרי:", 
                "אדתני - רישא דמהדר תנא בתר היתרא ולא אשכח אלא בצאו ואכלו בדינר זה דסליק מינייהו נפשיה בפריטי:"
            ], 
            "links": [
                {
                    "category": "Talmud", 
                    "sourceHeRef": "עבודה זרה ס״ג ב:ח׳", 
                    "index_title": "Avodah Zarah", 
                    "sourceRef": "Avodah Zarah 63b:8"
                }, 
                {
                    "category": "Talmud", 
                    "sourceHeRef": "עבודה זרה ס״ג ב:ח׳", 
                    "index_title": "Avodah Zarah", 
                    "sourceRef": "Avodah Zarah 63b:8"
                }
            ], 
            "text": ""
        }, 
        {
            "segmentNumber": "9", 
            "he": [
                "ליפלוג ולתני - היתרא אפי' בדלא סליק וכגון צאו ואכלו ואני פורע ובחנוני שאין מקיפו דלא משתעבד ליה האי בעל הבית מידי וכ\"ש היכי דנסתלק לגמרי:"
            ], 
            "links": [
                {
                    "category": "Talmud", 
                    "sourceHeRef": "עבודה זרה ס״ג ב:ט׳", 
                    "index_title": "Avodah Zarah", 
                    "sourceRef": "Avodah Zarah 63b:9"
                }
            ], 
            "text": ""
        }, 
        {
            "segmentNumber": "10", 
            "he": [], 
            "links": [], 
            "text": ""
        }, 
        {
            "segmentNumber": "11", 
            "he": [
                "ותו חנוני שאין מקיפו - אי יהיב לשלוחיה דבעל הבית:", 
                "מי לא משתעבד - ליה בעל הבית מהשתא דקא שרית להו לדבי ר' ינאי משום האי טעמא:"
            ], 
            "links": [
                {
                    "category": "Talmud", 
                    "sourceHeRef": "עבודה זרה ס״ג ב:י״א", 
                    "index_title": "Avodah Zarah", 
                    "sourceRef": "Avodah Zarah 63b:11"
                }, 
                {
                    "category": "Talmud", 
                    "sourceHeRef": "עבודה זרה ס״ג ב:י״א", 
                    "index_title": "Avodah Zarah", 
                    "sourceRef": "Avodah Zarah 63b:11"
                }
            ], 
            "text": ""
        }, 
        {
            "segmentNumber": "12", 
            "he": [
                "והאמר רבא האומר לחבירו תן מנה לפלוני ויקנו נכסאי לך - באותו מנה ונתן:"
            ], 
            "links": [
                {
                    "category": "Talmud", 
                    "sourceHeRef": "עבודה זרה ס״ג ב:י״ב", 
                    "index_title": "Avodah Zarah", 
                    "sourceRef": "Avodah Zarah 63b:12"
                }
            ], 
            "text": ""
        }, 
        {
            "segmentNumber": "13", 
            "he": [
                "קנה - הלוקח את נכסיו של זה ואע\"ג דלא מטא הנאת האי מנה לידיה:", 
                "מדין ערב - מההוא דינר דמחייב ערב לשלומי ואע\"ג דלא מטי הנאה לידיה. והאי נמי לא שנא אלמא אע\"ג דלאו חנוני המקיפו הוא כי יהיב ליה לשלוחיה משתעבד ליה האי:"
            ], 
            "links": [
                {
                    "category": "Talmud", 
                    "sourceHeRef": "עבודה זרה ס״ג ב:י״ג", 
                    "index_title": "Avodah Zarah", 
                    "sourceRef": "Avodah Zarah 63b:13"
                }, 
                {
                    "category": "Talmud", 
                    "sourceHeRef": "עבודה זרה ס״ג ב:י״ג", 
                    "index_title": "Avodah Zarah", 
                    "sourceRef": "Avodah Zarah 63b:13"
                }
            ], 
            "text": ""
        }, 
        {
            "segmentNumber": "14", 
            "he": [
                "אלא אמר רבא - לא תיתני טעמא דברייתא משום שיעבודא ובמקיפו דאפילו אין מקיפו איכא שיעבודא ומיהו לדבי ר' ינאי לא תקשי דבין מקיפו בין אין מקיפו:"
            ], 
            "links": [
                {
                    "category": "Talmud", 
                    "sourceHeRef": "עבודה זרה ס״ג ב:י״ד", 
                    "index_title": "Avodah Zarah", 
                    "sourceRef": "Avodah Zarah 63b:14"
                }
            ], 
            "text": ""
        }, 
        {
            "segmentNumber": "15", 
            "he": [
                "אע\"ג דמשעבדי ליה - נכסיה לשלומי:", 
                "כיון דלא מייחד שיעבודיה - שלא ייחד לו מיד מעות לכך לאו חליפין נינהו ולא מיתסר: "
            ], 
            "links": [
                {
                    "category": "Talmud", 
                    "sourceHeRef": "עבודה זרה ס״ג ב:ט״ו", 
                    "index_title": "Avodah Zarah", 
                    "sourceRef": "Avodah Zarah 63b:15"
                }, 
                {
                    "category": "Talmud", 
                    "sourceHeRef": "עבודה זרה ס״ג ב:ט״ו", 
                    "index_title": "Avodah Zarah", 
                    "sourceRef": "Avodah Zarah 63b:15"
                }
            ], 
            "text": ""
        }, 
        {
            "segmentNumber": "16", 
            "he": [], 
            "links": [], 
            "text": ""
        }, 
        {
            "segmentNumber": "17", 
            "he": [
                "ה\"ג והכא אמר רב פפא ולא גרסינן אלא הכא דקתני חושש אמר רב פפא:"
            ], 
            "links": [
                {
                    "category": "Talmud", 
                    "sourceHeRef": "עבודה זרה ס״ג ב:י״ז", 
                    "index_title": "Avodah Zarah", 
                    "sourceRef": "Avodah Zarah 63b:17"
                }
            ], 
            "text": ""
        }, 
        {
            "segmentNumber": "18", 
            "he": [], 
            "links": [], 
            "text": ""
        }, 
        {
            "segmentNumber": "19", 
            "he": [
                "כשהקדים לו - בעל הבית דינר לחנוני קודם ששלח אצלו דהשתא מדבעל הבית קאכלי ואיסורא דידיה הוא:"
            ], 
            "links": [
                {
                    "category": "Talmud", 
                    "sourceHeRef": "עבודה זרה ס״ג ב:י״ט", 
                    "index_title": "Avodah Zarah", 
                    "sourceRef": "Avodah Zarah 63b:19"
                }
            ], 
            "text": ""
        }, 
        {
            "segmentNumber": "20", 
            "he": [], 
            "links": [], 
            "text": ""
        }, 
        {
            "segmentNumber": "21", 
            "he": [], 
            "links": [], 
            "text": ""
        }, 
        {
            "segmentNumber": "22", 
            "he": [], 
            "links": [], 
            "text": ""
        }, 
        {
            "segmentNumber": "23", 
            "he": [
                "ואני פורע - הא כבר פרע:", 
                "ואני מחשב מבעי ליה - אני אעשה לו חשבון ממה שהקדמתי לו:"
            ], 
            "links": [
                {
                    "category": "Talmud", 
                    "sourceHeRef": "עבודה זרה ס״ג ב:כ״ג", 
                    "index_title": "Avodah Zarah", 
                    "sourceRef": "Avodah Zarah 63b:23"
                }, 
                {
                    "category": "Talmud", 
                    "sourceHeRef": "עבודה זרה ס״ג ב:כ״ג", 
                    "index_title": "Avodah Zarah", 
                    "sourceRef": "Avodah Zarah 63b:23"
                }
            ], 
            "text": ""
        }, 
        {
            "segmentNumber": "24", 
            "he": [], 
            "links": [], 
            "text": ""
        }, 
        {
            "segmentNumber": "25", 
            "he": [], 
            "links": [], 
            "text": ""
        }, 
        {
            "segmentNumber": "26", 
            "he": [], 
            "links": [], 
            "text": ""
        }, 
        {
            "segmentNumber": "27", 
            "he": [
                "שנשא - מיד החנוני ונתן להם דהשתא איהו ספי להו איסורא ולאו משום פרעון דלאחר זמן הוא אלא דקננהו במשיכה ואשתכח שלקח יין נסך והשקהו לפועליו. אבל הנך דבי רבי ינאי כי שקלי פירי שעת היתר הוא וכי פרעו לאחר זמן בשעת איסור שביעית לאו חליפין נינהו לאיתפוסי:"
            ], 
            "links": [
                {
                    "category": "Talmud", 
                    "sourceHeRef": "עבודה זרה ס״ג ב:כ״ז", 
                    "index_title": "Avodah Zarah", 
                    "sourceRef": "Avodah Zarah 63b:27"
                }
            ], 
            "text": ""
        }, 
        {
            "segmentNumber": "28", 
            "he": [], 
            "links": [], 
            "text": ""
        }, 
        {
            "segmentNumber": "29", 
            "he": [], 
            "links": [], 
            "text": ""
        }, 
        {
            "segmentNumber": "30", 
            "he": [
                "צאו - משמע שאינו הולך עמהן:"
            ], 
            "links": [
                {
                    "category": "Talmud", 
                    "sourceHeRef": "עבודה זרה ס״ג ב:ל׳", 
                    "index_title": "Avodah Zarah", 
                    "sourceRef": "Avodah Zarah 63b:30"
                }
            ], 
            "text": ""
        }, 
        {
            "segmentNumber": "31", 
            "he": [], 
            "links": [], 
            "text": ""
        }, 
        {
            "segmentNumber": "32", 
            "he": [], 
            "links": [], 
            "text": ""
        }, 
        {
            "segmentNumber": "33", 
            "he": [], 
            "links": [], 
            "text": ""
        }, 
        {
            "segmentNumber": "34", 
            "he": [
                "לשבור ביין נסך - לשבר חבית ולשפוך את היין:", 
                "מהו - שיהא שכרה מותר:"
            ], 
            "links": [
                {
                    "category": "Talmud", 
                    "sourceHeRef": "עבודה זרה ס״ג ב:ל״ד", 
                    "index_title": "Avodah Zarah", 
                    "sourceRef": "Avodah Zarah 63b:34"
                }, 
                {
                    "category": "Talmud", 
                    "sourceHeRef": "עבודה זרה ס״ג ב:ל״ד", 
                    "index_title": "Avodah Zarah", 
                    "sourceRef": "Avodah Zarah 63b:34"
                }
            ], 
            "text": ""
        }, 
        {
            "segmentNumber": "35", 
            "he": [
                "מי אמרינן כיון - דישראל זה רוצה בקיומן של חביות האלו שלא ישתברו עכשיו מאליהם עד שישברם הוא ויטול שכרם אסור:"
            ], 
            "links": [
                {
                    "category": "Talmud", 
                    "sourceHeRef": "עבודה זרה ס״ג ב:ל״ה", 
                    "index_title": "Avodah Zarah", 
                    "sourceRef": "Avodah Zarah 63b:35"
                }
            ], 
            "text": ""
        }, 
        {
            "segmentNumber": "36", 
            "he": [], 
            "links": [], 
            "text": ""
        }, 
        {
            "segmentNumber": "37", 
            "he": [], 
            "links": [], 
            "text": ""
        }, 
        {
            "segmentNumber": "38", 
            "he": [], 
            "links": [], 
            "text": ""
        }, 
        {
            "segmentNumber": "39", 
            "he": [], 
            "links": [], 
            "text": ""
        }, 
        {
            "segmentNumber": "40", 
            "he": [
                "אין עודרין - אין חופרין:"
            ], 
            "links": [
                {
                    "category": "Talmud", 
                    "sourceHeRef": "עבודה זרה ס״ג ב:מ׳", 
                    "index_title": "Avodah Zarah", 
                    "sourceRef": "Avodah Zarah 63b:40"
                }
            ], 
            "text": ""
        }
    ], 
    "commentaryBook": "Avodah Zarah", 
    "heRef": "רש\"י על עבודה זרה ס״ג ב", 
    "toSections": [
        "63b"
    ], 
    "sectionRef": "Rashi on Avodah Zarah 63b", 
    "title": "Rashi on Avodah Zarah 63b", 
    "lengths": [
        150, 
        7551
    ], 
    "next": "Rashi on Avodah Zarah 64a:1", 
    "heBook": "רש\"י על עבודה זרה", 
    "book": "Rashi on Avodah Zarah", 
    "prev": "Rashi on Avodah Zarah 63a:41", 
    "textDepth": 3, 
    "sectionNames": [
        "Daf", 
        "Line", 
        "Comment"
    ], 
    "sections": [
        "63b"
    ], 
    "commentator": "Rashi", 
    "isComplex": false, 
    "commentaryCategories": [
        "Talmud", 
        "Bavli", 
        "Seder Nezikin"
    ], 
    "titleVariants": [
        "Rashi on Talmud Avodah Zarah", 
        "Rashi on Avodah Zara", 
        "Rashi on Tractate Avodah Zarah", 
        "Rashi on Avoda Zarah", 
        "Rashi on Avoda Zara", 
        "Rashi on Avodah Zarah", 
        "Rashi on Masekhet Avodah Zarah"
    ], 
    "categories": [
        "Commentary", 
        "Talmud", 
        "Rashi"
    ], 
    "ref": "Rashi on Avodah Zarah 63b", 
    "type": "Commentary", 
    "addressTypes": [
        "Talmud", 
        "Integer", 
        "Integer"
    ], 
    "heCommentator": "רש\"י", 
    "length": 150, 
    "indexTitle": "Rashi on Avodah Zarah", 
    "heIndexTitle": "רש\"י על עבודה זרה", 
    "alts": [], 
    "order": [
        26, 
        7
    ]
}