{
    "heTitleVariants": [
        "תקוני הזהר"
    ], 
    "heTitle": "תקוני הזהר קמ״ב ב", 
    "content": [
        {
            "segmentNumber": "1", 
            "he": " לְמֵיכַל לֵיהּ. וְאִית חֵלֶב טָמֵא דְאִיהוּ נָחָשׁ, דְּאִיהוּ אֲסִיר לְמֵיכַל עַמָּא קַדִּישָׁא, בְּגִין דַּעֲלֵיהּ אִתְּמַר (בראשית ג יד) אָרוּר אַתָּה מִכָּל הַבְּהֵמָה. \n", 
            "links": [
                {
                    "category": "Tanakh", 
                    "sourceHeRef": "בראשית ג׳:י״ד", 
                    "index_title": "Genesis", 
                    "sourceRef": "Genesis 3:14"
                }
            ], 
            "text": ""
        }, 
        {
            "segmentNumber": "2", 
            "he": "(זהו תיקון כ''ה) \n", 
            "links": [], 
            "text": ""
        }, 
        {
            "segmentNumber": "3", 
            "he": "בְּרֵאשִׁית תַּמָּן יֵ''שׁ, (משלי ח כא) לְהַנְחִיל אוֹהֲבַי יֵשׁ וְאוֹצְרוֹתֵיהֶם אֲמַלֵּא, וּבְגִין דְּתַמָּן אוֹצָר דְּאִיהִי יִרְאַת יהו''ה, מִנֵּיהּ אִתְמַלְיָא לְצַדִּיקַיָּא, וְאִינוּן דָּחֲלִין לְקוּדְשָׁא בְּרִיךְ הוּא יָרְתִין הַאי יֵשׁ, וְעִרְבוּבְיָא בִישָׁא לָא הֲווֹ דָחֲלִין לְקוּדְשָׁא בְּרִיךְ הוּא אֶלָּא בְגִין עוּתְרָא, וַהֲווֹ מְנַסִּין לֵיהּ, כְּגַוְונָא דָא (שמות יז ז) הֲיֵשׁ יהו''ה בְּקִרְבֵּנוּ אִם אָיִן, וְכָל אִינוּן דִּמְנַסִּין לְקוּדְשָׁא בְּרִיךְ הוּא וְדָחֲלִין לֵיהּ בְּעוּתְרָא וְלָא דָחֲלִין מִנֵּיהּ בַּעֲנִיּוּתָא כְּמוֹ בְּעוּתְרָא, לַאו אִינוּן אֶלָּא עִרְבוּבְיָא בִישָׁא, דְּאִית יִרְאָה וְאִית יִרְאָה, אִית אַהֲבָה וְאִית אַהֲבָה, אִית מָאן דְּדָחִיל לְקוּדְשָׁא בְּרִיךְ הוּא בְּגִין דְּיֵחוּן בְּנוֹי אוֹ דְלָא נָחִית לַעֲנִיּוּתָא, אוֹ דְרָחִים לֵיהּ בְּגִין דִּיְהִיב לֵיהּ עוּתְרָא, וּמְנַסֶּה לֵיהּ כְּגוֹן נַעֲבֵיד הַאי פִּקּוּדָא הָכִי, וְנֶחזֵי הֲיֵשׁ יהו''ה בְּקִרְבֵּנוּ וְיָהִיב לָן אַגְרָא בְגִינֵיהּ אִם אָיִן, דְּאִי לָא יָהִיב לֵיהּ אַגְרָא בְגִינָהָא לָא רָחִים לֵיהּ, וְלָא יָהִיב לֵיהּ צְדָקָה וְלָא יַעֲבִיד פִּקּוּדָא, וּמְנַסֵּי לְקוּדְשָׁא בְּרִיךְ הוּא בְּכָל פִּקּוּדָא וְעוֹבָדָא, בְּוַדַּאי הַאי אִיהוּ מֵאִלֵּין עִרְבוּבְיָא בִישָׁא, דְאִתְּמַר בְּהוֹן הֲיֵשׁ יהו''ה בְּקִרְבֵּנוּ אִם אָיִן. \n", 
            "links": [
                {
                    "category": "Tanakh", 
                    "sourceHeRef": "שמות י״ז:ז׳", 
                    "index_title": "Exodus", 
                    "sourceRef": "Exodus 17:7"
                }, 
                {
                    "category": "Tanakh", 
                    "sourceHeRef": "משלי ח׳:כ״א", 
                    "index_title": "Proverbs", 
                    "sourceRef": "Proverbs 8:21"
                }
            ], 
            "text": ""
        }, 
        {
            "segmentNumber": "4", 
            "he": "אֶלָּא רְחִימוּ וּדְחִילוּ דְקוּדְשָׁא בְּרִיךְ הוּא, שְׁלִים בְּכָל פִּקּוּדָא וּפִקּוּדָא דְעָבִיד, בֵּין דִּיְהִיב לֵיהּ אַגְרָא בְטִיבוּ בֵין דְּלָא יְהִיב לֵיהּ, וּבְגִין דָּא מַנִּי בְאוֹרַיְיתָא (דברים ו ד) וְאָהַבְתָּ אֵת יהו''ה אלהי''ך בְּכָל לְבָבְךָ וּבְכָל נַפְשְׁךָ וּבְכָל מְאֹדֶךָ, וְאוּקְמוּהוּ קַדְמָאִין, אִם חָבִיב עָלֶיךָ נַפְשְׁךָ מִמָּמוֹנְךָ לְכַךְ נֶאֱמַר בְּכָל נַפְשְׁךָ, וְאִם חָבִיב עָלֶיךָ מָמוֹנְךָ מִנַּפְשְׁךָ לְכַךְ נֶאֱמַר בְּכָל מְאֹדֶךָ, דְּאִית בַּר נַשׁ דְּצַלִּי וְאָזִיל בְּכָל פִּקּוּדִין דְּלָא יָהִיב עֲלַיְיהוּ אַגְרָא, וְאִם הֲוָה יָהִיב אַגְרָא עֲלַיְיהוּ לָא הֲוָה עָבִיד לוֹן, דְּוַדַּאי סַגִּיאִין אִינוּן מִבְּנֵי נָשָׁא דְאִינוּן עֲתִירִין בְּעוּתְרָא סַגִּיא, וְאִינוּן חֲבִיבִין עוּתְרָא דִלְהוֹן יַתִּיר מִנִּשְׁמָתָא דִלְהוֹן, דְּעוּתְרָא דְנַפְשָׁא אִיהוּ פִּקּוּדִין טָבִין בְּעָלְמָא דְאָתֵי, וְעוּתְרָא דְגוּפָא מָמוֹנָא וְעִדּוּנָא בְעָלְמָא דֵין. \n", 
            "links": [
                {
                    "category": "Tanakh", 
                    "sourceHeRef": "דברים ו׳:ד׳", 
                    "index_title": "Deuteronomy", 
                    "sourceRef": "Deuteronomy 6:4"
                }
            ], 
            "text": ""
        }, 
        {
            "segmentNumber": "5", 
            "he": "וְאִינוּן דִּמְחַבְבִין מָמוֹנָא מִנַּפְשָׁא, אִם הֲווֹ יָהֲבִין לֵיהּ כָּל אוֹרַיְיתָא בְּמֵאָה זוּזֵי לָא הֲווֹ יָהֲבִין לְהוּ בְּגִינָהּ, בְּגִין דְּמָמוֹנָא חָבִיב עֲלַיְיהוּ מִנַּפְשָׁא, וּמַה דְּדָחִיל וְרָחִים לֵיהּ לַאו אִיהוּ אֶלָּא בְגִין מָמוֹנָא, הַאי דְּשַׁוִּי מָמוֹנָא עִקָּרָא וְאוֹרַיְיתָא דְרָחִים קוּדְשָׁא בְּרִיךְ הוּא טָפֵל, הַאי רְחִימוּ וּדְחִילוּ לָא חָשִׁיב לֵיהּ קוּדְשָׁא בְּרִיךְ הוּא, אֶלָּא עִקָּרָא דִרְחִימוּ וּדְחִילוּ דְקוּדְשָׁא בְּרִיךְ הוּא, דְאַף עַל גַּב דְּאִיהוּ רָחִים מָמוֹנֵיהּ מִנַּפְשֵׁיהּ, דְּיִרְחֵים לֵיהּ בְּמָמוֹנֵיהּ, בַּמֶּה דְּאִיהוּ חָשִׁיב עֲלֵיהּ, וְלָא בְטָפֵל דִּילֵיהּ, לְכַךְ נֶאֱמַר בְּכָל מְאֹדֶךָ, וְכֵן מָאן דְּחָשִׁיב נַפְשֵׁיהּ מִמָּמוֹנֵיהּ, וַהֲוָה יָהֵיב כָּל מָמוֹנָא דְעָלְמָא וְלָא הֲוָה נָזִיק אֲפִילוּ בְּאֵבָרָא זְעִירָא דְאִית בֵּיהּ, לְכַךְ נֶאֱמַר בְּכָל נַפְשְׁךָ בְּמַאי דְרָחִים לֵיהּ. \n", 
            "links": [], 
            "text": ""
        }, 
        {
            "segmentNumber": "6", 
            "he": "(זהו תקון כ''ו) \n", 
            "links": [], 
            "text": ""
        }, 
        {
            "segmentNumber": "7", 
            "he": "בְּרֵאשִׁית (ישעיה סו טז) כִּי בָאֵשׁ יהו''ה נִשְׁפָּט, אלהי''ם מָארֵי דְּדִינָא, וַעֲלֵיהּ אִתְּמַר (שמות כב כז) אלהי''ם לֹא תְקַלֵּל, בְּוַדַּאי כְּמָה דִלְעִילָא אִתְּמַר (תהלים עה ח) כִּי אלהי''ם שֹׁפֵט זֶה יַשְׁפִּיל וְזֶה יָרִים, כַּךְ אִיהוּ צָרִיךְ לְמֶהֱוִי דַיָּינָא לְתַתָּא, לְדָא יַשְׁפִּיל בְּדִינָא וּלְדָא יָרִים, כְּפוּם  \n", 
            "links": [
                {
                    "category": "Tanakh", 
                    "sourceHeRef": "שמות כ״ב:כ״ז", 
                    "index_title": "Exodus", 
                    "sourceRef": "Exodus 22:27"
                }, 
                {
                    "category": "Tanakh", 
                    "sourceHeRef": "תהילים ע״ה:ח׳", 
                    "index_title": "Psalms", 
                    "sourceRef": "Psalms 75:8"
                }, 
                {
                    "category": "Tanakh", 
                    "sourceHeRef": "ישעיהו ס״ו:ט״ז", 
                    "index_title": "Isaiah", 
                    "sourceRef": "Isaiah 66:16"
                }
            ], 
            "text": ""
        }
    ], 
    "heRef": "תקוני הזהר קמ״ב ב", 
    "toSections": [
        "142b"
    ], 
    "sectionRef": "Tikkunei Zohar 142b", 
    "title": "Tikkunei Zohar 142b", 
    "next": "Tikkunei Zohar 143a", 
    "heBook": "תקוני הזהר", 
    "book": "Tikkunei Zohar", 
    "prev": "Tikkunei Zohar 142a", 
    "textDepth": 2, 
    "sectionNames": [
        "Daf", 
        "Paragraph"
    ], 
    "sections": [
        "142b"
    ], 
    "isComplex": false, 
    "titleVariants": [
        "Tikkunei Zohar", 
        "Tikkunei haZohar"
    ], 
    "categories": [
        "Kabbalah"
    ], 
    "ref": "Tikkunei Zohar 142b", 
    "type": "Kabbalah", 
    "addressTypes": [
        "Talmud", 
        "Integer"
    ], 
    "indexTitle": "Tikkunei Zohar", 
    "heIndexTitle": "תקוני הזהר", 
    "alts": [], 
    "order": ""
}