[{
    "links": [
        [
            "117b:1", 
            "Genesis 2:4", 
            "Tanach"
        ], 
        [
            "117b:1", 
            "Job 34:15", 
            "Tanach"
        ], 
        [
            "117b:4", 
            "Genesis 1:27", 
            "Tanach"
        ], 
        [
            "117b:4", 
            "Proverbs 14:1", 
            "Tanach"
        ], 
        [
            "117b:4", 
            "Isaiah 44:13", 
            "Tanach"
        ], 
        [
            "117b:5", 
            "Exodus 2:2", 
            "Tanach"
        ], 
        [
            "117b:5", 
            "Genesis 1:26", 
            "Tanach"
        ], 
        [
            "117b:5", 
            "Psalms 103:19", 
            "Tanach"
        ], 
        [
            "117b:5", 
            "Isaiah 3:10", 
            "Tanach"
        ], 
        [
            "117b:6", 
            "Genesis 1:26", 
            "Tanach"
        ], 
        [
            "117b:6", 
            "Jeremiah 2:2", 
            "Tanach"
        ], 
        [
            "117b:8", 
            "I Kings 5:26", 
            "Tanach"
        ]
    ], 
    "text": [], 
    "heTitleVariants": [
        "תקוני הזהר"
    ], 
    "heTitle": "תקוני הזהר קי״ז ב", 
    "heRef": "תקוני הזהר קי״ז ב", 
    "toSections": [
        "117b"
    ], 
    "sectionRef": "Tikkunei Zohar 117b", 
    "title": "Tikkunei Zohar 117b", 
    "next": "Tikkunei Zohar 118a", 
    "heBook": "תקוני הזהר", 
    "book": "Tikkunei Zohar", 
    "prev": "Tikkunei Zohar 117a", 
    "textDepth": 2, 
    "sectionNames": [
        "Daf", 
        "Paragraph"
    ], 
    "sections": [
        "117b"
    ], 
    "isComplex": false, 
    "titleVariants": [
        "Tikkunei Zohar", 
        "Tikkunei haZohar"
    ], 
    "categories": [
        "Kabbalah"
    ], 
    "he": [
        " בִּתְרֵין צִיּוּרִין, הֲדָא הוּא דִכְתִיב (בראשית ב ד) וַיִּיצֶר יהו''ה אלהי''ם וַיִּיצֶר בִּתְרֵין צִיּוּרִין, צִיּוּרָא דְאַבָּא דְאִיהוּ יהו''ה, וְצִיּוּרָא דֶאלהי''ם דְּאִיהִי אִימָּא, וְדָא אִיהוּ וַיִּיצֶר יהו''ה אלהי''ם, וּלְבָתַר עָבַד לֵיהּ מָאנָא הֲדָא הוּא דִכְתִיב (שם) עָפָר מִן הָאֲדָמָה, מִן הָאֲדָמָה לָא כְתִיב, אֶלָּא עָפָר מִן הָאֲדָמָה, וְדָא שְׁכִינְתָּא תַּתָּאָה דְאִתְּמַר בָּהּ (איוב לד טו) וְאָדָם עַל עָפָר יָשׁוּב דְּאִיהִי גִלְגּוּלָא דִילֵיהּ. \n", 
        "אָמַר רַבִּי אֶלְעָזָר, אַבָּא, בָּתַר דְּרַעֲוָא אִשְׁתַּכַּח צָרִיךְ לְמִפְתַּח מִלִּין בְּאִתְגַּלְיָא, מַאי אָדָם דְּבָרָא עִלַּת הָעִלּוֹת בְּדִיּוֹקְנֵיהּ, דְּהָא כְתִיב דְּלֵית בֵּיהּ דְּמוּת, אָמַר לֵיהּ, בְּרִי, הָכָא לָא אָמַר בְּצַלְמֵנוּ, דְּאִית בֵּיהּ דִּיּוֹקְנָא, אֶלָּא בְּצַלְמוֹ רוֹצֶה לוֹמַר כְּגַוְונָא דְאִיהוּ רוֹאֶה וְאֵינוֹ נִרְאֶה, דִּיהֵא אִיהוּ הָכִי, וּכְגַוְונָא דְלֵית בֵּיהּ דִּיּוֹקְנָא, דִּיהֵא אִיהוּ הָכִי, וּכְגַוְונָא דְלֵית קַדְמוֹן עֲלֵיהּ דִּיהֵא אִיהוּ הָכִי, וּכְגַוְונָא דְאִיהוּ עִלַּת הָעִלּוֹת חַד בְּלָא שׁוּתָּפוּ וּבְלָא חֻשְׁבָּן, דִּיהֵא אִיהוּ הָכִי, כֹּלָּא כְּגַוְונָא דִילֵיהּ. \n", 
        "וְאִית אָדָם דִּבְרִיאָה וִיצִירָה וַעֲשִׂיָּה בְּגַוָּונָא אָחֳרָא בִּלְבוּשִׁין וְגוּפָא (דלבר) (נ''א בלבד), דְּבַאֲצִילוּת הָא אִתְּמַר דְּלֵית בֵּיהּ בְּרִיאָה וִיצִירָה וַעֲשִׂיָּה כְּלָל, אִית בְּרִיאָה דְבָרָא הוּא לְתַתָּא בְדִיּוֹקְנֵיהּ, אֲבָל לַאו דְּאִתְבְּרֵי אִיהוּ. \n", 
        "וְתָא חֲזִי אַף עַל גַּב דְּאִתְּמַר בִּסְפִירָן בְּרִיאָה, בִּלְבוּשָׁא מִלְּבָר אִיהוּ, וְלַאו אִיהוּ מִלְּגָאו, וּבְגִין דָּא כְּתִיב (בראשית א כז) וַיִּבְרָא אלהי''ם אֶת הָאָדָם בְּצַלְמוֹ הָכָא רָזָא אָחֳרָא בְּגוּפָא, אִית סְפִירָן דִּבְרִיאָה וְאִית סְפִירָן דַּאֲצִילוּת, וּבְגִין דָּא וַיִּבְרָא אלהי''ם אֶת הָאָדָם, דָּא עַמּוּדָא דְאֶמְצָעִיתָא דְאִתְּמַר בֵּיהּ (ישעיה מד יג) כְּתִפְאֶרֶת אָדָם לָשֶׁבֶת בָּיִת, בְּצַלְמוֹ שְׁכִינְתָּא תַּתָּאָה, בְּצֶלֶם אלהי''ם שְׁכִינְתָּא עִלָּאָה, וַיִּיצֶר יהו''ה אלהי''ם אֶת הָאָדָם דָּא צַדִּיק חַי עָלְמִין, יְצָרוֹ בִיצִירָה עִלָּאָה וּבִיצִירָה תַּתָּאָה, דְּאִינוּן י' י' מִן א, ו' מִן וַיִּיצֶר אִיהוּ ו' דְּאֶמְצָעִיתָא, דְּאִיהוּ בִתְרֵין יוּדִין בְּאָת א, וּתְרֵין יוּדִי''ן עֲלַיְיהוּ אִתְּמַר (משלי יד א) חַכְמוֹת נָשִׁים בָּנְתָה בֵיתָהּ וְאִינוּן חָכְמָה קְדוּמָה וְחָכְמָה תַּתָּאָה. \n", 
        "וְאָדָם מִסִּטְרָא דְאוֹת בְּרִית י' אִתְיְלִיד מָהוּל, הֲדָא הוּא דִכְתִיב (שמות ב ב) וַתֵּרֶא אוֹתוֹ כִּי טוֹב הוּא, (ישעיה ג י) אִמְרוּ צַדִּיק כִּי טוֹב, דְּתַמָּן לַאו קְלִיפָה דְעָרְלָה כְּלָל, וְהָא דְאִתְּמַר אָדָם הָרִאשׁוֹן מוֹשֵׁךְ בְּעָרְלָתוֹ הֲוָה, דָא אָדָם דַּעֲשִׂיָּה, וּמַאי נִיהוּ דָא קְלִיפָה דְאִתְלַבְּשָׁא בֵּיהּ (נ''א דאתלבשת בה) לְשַׁלְטָאָה עַל כֹּלָּא, הֲדָא הוּא דִכְתִיב (תהלים קג יט) וּמַלְכוּתוֹ בַּכֹּל מָשָׁלָה, וּבְגִין דָּא אִתְּמַר בָּהּ (בראשית א כו) נַעֲשֶׂה אָדָם בְּצַלְמֵנוּ כִּדְמוּתֵנוּ לְאִתְלַבְּשָׁא בְּכָל דִּיּוֹקְנִין וּקְלִיפִין. \n", 
        "וְעוֹד אִתְּמַר בָּהּ בִּשְׁכִינְתָּא תַּתָּאָה, נַעֲשֶׂה אָדָם בְּצַלְמֵנוּ כִּדְמוּתֵנוּ, דִתְהֵא כְלִילָא מִכָּל סְפִירָן, דְּכָל עִִשֶׂר סְפִירָן יְהִיבוּ בָּהּ כָּל חַד חוּלָקֵיהּ, וּמַאי חוּלָקֵיהּ, אֶלָּא כָּל סְפִירָה יְהִיב בָּהּ עִשּׂוּר דִּילֵיהּ, דְּכָל סְפִירָה סָלִיק לַעֲשָׂרָה, וְיַהֲבוּ לֵיהּ כָּל חַד וְחַד עִשּׂוּר דִּילֵיהּ אִשְׁתָּאֲרוּ אִינוּן תֵּשַׁע תֵּשַׁע, וְכָל חַד וְחַד אִשְׁתַּלִּים בָּהּ לַעֲשָׂרָה, וּבְגִין דָּא מְעַשְּׂרִין חַד מֵעֲשָׂרָה, וּבְגִין דְּאִיהִי כְּלִילָא מִכֻּלְּהוּ אִתְּמַר בָּהּ (ירמיה ב ב) אַהֲבַת כְּלוּלוֹתָיִךְ, כְּלִילָא מִכֹּלָּא, וּלְבָתַר דְּאִתְכְּלִילַת מֵעִלָּאִין אִתְּמַר בָּהּ (בראשית א כו) וּרְדוּ בִדְגַת הַיָּם וּבְעוֹף הַשָּׁמַיִם וּבַבְּהֵמָה וּבְכָל הָאָרֶץ, אִתְכְּלִילַת בְּתַתָּאִין, וַאֲפִילוּ בְּכָל קְלִיפִין דְּסִטְרָא אָחֳרָא אִתְלַבְּשַׁת, לְקַיְימָא בָּהּ וּמַלְכוּתוֹ בַּכֹּל מָשָׁלָה, וּבְכָל מַה דְּאִתְלַבְּשַׁת אִתְכְּלִילַת (נ''א אתקריאת) בִּשְׁמֵיהּ, הָא הָכָא אָדָם דַּעֲשִׂיָּה וִיצִירָה. \n", 
        "אָדָם דִּבְרִיאָה אוּקְמוּהוּ עַל תִּפְאֶרֶת, מַאי בְּצַלְמוֹ, בְּצֶלֶם, תְּרֵין דִּיּוֹקְנִין דִּילֵיהּ לְעִילָא, אֶלָּא (ס''א אלין) אִינוּן וָא''ו תְּרֵין וָוִי''ן, אִינוּן תְּרֵין דִּיּוֹקְנִין דְּא דְּאִיהוּ אָדָם דְּאֶמְצָעִיתָא, דִּשְׁכִינְתָּא עִלָּאָה אִיהִי דְמוּת אָדָם עִלָּאָה דְאִיהוּ חָכְמָה עִלָּאָה, וּשְׁכִינְתָּא תַּתָּאָה דְמוּת אָדָם דְּאִיהוּ עַמּוּדָא דְאֶמְצָעִיתָא. \n", 
        "וְעוֹד, עַמּוּדָא דְאֶמְצָעִיתָא בְדִיּוֹקְנָא דְכֶתֶר וְדָא אָדָם דִּבְרִיאָה, וְאָדָם דִּיצִירָה צַדִּיק בְּדִיּוֹקְנָא דְחָכְמָה, וּבְגִין דָּא (מלכים א ה כו) וַיהוָֹה נָתַן חָכְמָה לִשְׁלֹמֹה דְאִיהוּ צַדִּיק בְּרִית שָׁלוֹם שָׁלֵם ה', וּשְׁכִינְתָּא תַּתָּאָה אָדָם דַּעֲשִׂיָּה דְמוּת דִּשְׁכִינְתָּא עִלָּאָה וְכֹלָּא קְשׁוֹט, (ושכינתא ודאי אתכלילת בכלא), וּבְגִין דָּא זִמְנִין אִתְקְרִיאַת נֶשֶׁר, זִמְנִין חַיָּה.  \n"
    ], 
    "ref": "Tikkunei Zohar 117b", 
    "type": "Kabbalah", 
    "addressTypes": [
        "Talmud", 
        "Integer"
    ], 
    "indexTitle": "Tikkunei Zohar", 
    "heIndexTitle": "תקוני הזהר", 
    "alts": [], 
    "order": ""
}]