{
    "heTitleVariants": [
        "תמיד"
    ], 
    "heTitle": "תמיד י״ד ב", 
    "content": [], 
    "heRef": "תמיד י״ד ב", 
    "toSections": [
        "14b"
    ], 
    "sectionRef": "Tamid 14b", 
    "title": "Tamid 14b", 
    "lengths": [
        66, 
        665
    ], 
    "next": "Tamid 25b", 
    "heBook": "תמיד", 
    "book": "Tamid", 
    "prev": null, 
    "textDepth": 2, 
    "sectionNames": [
        "Daf", 
        "Line"
    ], 
    "sections": [
        "14b"
    ], 
    "isComplex": false, 
    "titleVariants": [
        "Tractate Tamid", 
        "Talmud Tamid", 
        "Tamid", 
        "Masekhet Tamid"
    ], 
    "categories": [
        "Talmud", 
        "Bavli", 
        "Seder Kodashim"
    ], 
    "ref": "Tamid 14b", 
    "type": "Talmud", 
    "addressTypes": [
        "Talmud", 
        "Integer"
    ], 
    "length": 66, 
    "indexTitle": "Tamid", 
    "heIndexTitle": "תמיד", 
    "alts": [], 
    "order": [
        36, 
        9
    ]
}