{
    "heTitleVariants": [
        " חידושי אגדות על מסכת שבועות"
    ], 
    "heTitle": " חידושי אגדות על מסכת שבועות י״א א", 
    "content": [], 
    "heRef": " חידושי אגדות על מסכת שבועות י״א א", 
    "toSections": [
        "11a"
    ], 
    "sectionRef": "Chidushei Agadot on Shevuot 11a", 
    "title": "Chidushei Agadot on Shevuot 11a", 
    "next": "Chidushei Agadot on Shevuot 15a", 
    "heBook": " חידושי אגדות על מסכת שבועות", 
    "book": "Chidushei Agadot on Shevuot", 
    "prev": "Chidushei Agadot on Shevuot 9a", 
    "textDepth": 2, 
    "sectionNames": [
        "Daf", 
        "Peirush"
    ], 
    "sections": [
        "11a"
    ], 
    "isComplex": false, 
    "titleVariants": [
        "Chidushei Agadot on Shevuot"
    ], 
    "categories": [
        "Commentary2", 
        "Talmud", 
        "Chidushei Agadot"
    ], 
    "ref": "Chidushei Agadot on Shevuot 11a", 
    "type": "Commentary2", 
    "addressTypes": [
        "Talmud", 
        "Integer"
    ], 
    "indexTitle": "Chidushei Agadot on Shevuot", 
    "heIndexTitle": " חידושי אגדות על מסכת שבועות", 
    "alts": [], 
    "order": ""
}