{
    "pubDate": "1670", 
    "title": "Chidushei Agadot on Shevuot", 
    "pubPlace": "Vilna", 
    "compPlace": "Posen", 
    "heTitleVariants": [
        " חידושי אגדות על מסכת שבועות"
    ], 
    "depth": 2, 
    "heTitle": " חידושי אגדות על מסכת שבועות", 
    "era": "AH", 
    "authors": [
        "Maharsha"
    ], 
    "titleVariants": [
        "Chidushei Agadot on Shevuot"
    ], 
    "sectionNames": [
        "Daf", 
        "Peirush"
    ], 
    "categories": [
        "Commentary2", 
        "Talmud", 
        "Chidushei Agadot"
    ], 
    "schema": {
        "nodeType": "JaggedArrayNode", 
        "title": "Chidushei Agadot on Shevuot", 
        "addressTypes": [
            "Talmud", 
            "Integer"
        ], 
        "heTitle": " חידושי אגדות על מסכת שבועות", 
        "content_counts": [
            0, 
            0, 
            0, 
            0, 
            0, 
            0, 
            0, 
            0, 
            0, 
            0, 
            0, 
            1, 
            0, 
            0, 
            0, 
            0, 
            1, 
            0, 
            0, 
            0, 
            0, 
            0, 
            0, 
            0, 
            0, 
            0, 
            0, 
            0, 
            1, 
            4, 
            0, 
            0, 
            0, 
            0, 
            0, 
            5, 
            0, 
            0, 
            0, 
            1, 
            0, 
            0, 
            0, 
            0, 
            0, 
            0, 
            0, 
            0, 
            0, 
            0, 
            0, 
            0, 
            0, 
            0, 
            0, 
            0, 
            4, 
            1, 
            2, 
            3, 
            6, 
            0, 
            0, 
            0, 
            0, 
            0, 
            0, 
            0, 
            0, 
            11, 
            4, 
            0, 
            0, 
            0, 
            0, 
            0, 
            11, 
            2, 
            0, 
            0, 
            0, 
            0, 
            0, 
            0, 
            0, 
            0, 
            0, 
            0, 
            0, 
            0, 
            0, 
            0, 
            0, 
            4
        ], 
        "depth": 2, 
        "titles": [
            {
                "lang": "he", 
                "text": " חידושי אגדות על מסכת שבועות", 
                "primary": true
            }, 
            {
                "lang": "en", 
                "text": "Chidushei Agadot on Shevuot", 
                "primary": true
            }
        ], 
        "key": "Chidushei Agadot on Shevuot", 
        "heSectionNames": [
            "דף", 
            "פירוש"
        ], 
        "sectionNames": [
            "Daf", 
            "Peirush"
        ]
    }
}