{
    "sections": {
        "Tosafot on Horayot 8b:8": {
            "content": [], 
            "heTitle": "תוספות על הוריות ח׳ ב:ח׳", 
            "indexTitle": "Tosafot on Horayot", 
            "sectionRef": "Tosafot on Horayot 8b:8", 
            "prev": "Tosafot on Horayot 8b:5", 
            "ref": "Tosafot on Horayot 8b:8", 
            "heRef": "תוספות על הוריות ח׳ ב:ח׳", 
            "next": "Tosafot on Horayot 8b:9"
        }, 
        "Tosafot on Horayot 8b:9": {
            "content": [
                {
                    "segmentNumber": "1", 
                    "links": [
                        {
                            "category": "Talmud", 
                            "index_title": "Horayot", 
                            "sourceHeRef": "הוריות ח׳ ב:ט׳", 
                            "sourceRef": "Horayot 8b:9"
                        }
                    ], 
                    "he": "חייב על עשה ועל לא תעשה שבנדה. בפרק ידיעות הטומאה מפרש שפירש מן הנדה בקושי שיציאתו הנאה לו כביאתו אלא ינעץ צפרניו ויפרוש באבר מת ולהכי חייב על אותו עשה דהוי בלא תעשה שיש לפרוש באבר מת. ובת\"כ מפרש דאין חייבין על עשה דכתיב אשר לא תעשינה יכול שאני מוציא אף עשה שבנדה ת\"ל מצות ה' ריבה וכו' ומה ראית כו' מוציא אני שאר מצות שאין בהן לא תעשה ומרבה אני עשה שבנדה שיש בה לא תעשה: סליק"
                }
            ], 
            "heTitle": "תוספות על הוריות ח׳ ב:ט׳", 
            "indexTitle": "Tosafot on Horayot", 
            "sectionRef": "Tosafot on Horayot 8b:9", 
            "prev": "Tosafot on Horayot 8b:5", 
            "ref": "Tosafot on Horayot 8b:9", 
            "heRef": "תוספות על הוריות ח׳ ב:ט׳", 
            "next": null
        }, 
        "Tosafot on Horayot 8b:1": {
            "content": [], 
            "heTitle": "תוספות על הוריות ח׳ ב:א׳", 
            "indexTitle": "Tosafot on Horayot", 
            "sectionRef": "Tosafot on Horayot 8b:1", 
            "prev": "Tosafot on Horayot 8a:55", 
            "ref": "Tosafot on Horayot 8b:1", 
            "heRef": "תוספות על הוריות ח׳ ב:א׳", 
            "next": "Tosafot on Horayot 8b:5"
        }, 
        "Tosafot on Horayot 8b:2": {
            "content": [], 
            "heTitle": "תוספות על הוריות ח׳ ב:ב׳", 
            "indexTitle": "Tosafot on Horayot", 
            "sectionRef": "Tosafot on Horayot 8b:2", 
            "prev": "Tosafot on Horayot 8a:55", 
            "ref": "Tosafot on Horayot 8b:2", 
            "heRef": "תוספות על הוריות ח׳ ב:ב׳", 
            "next": "Tosafot on Horayot 8b:5"
        }, 
        "Tosafot on Horayot 8b:3": {
            "content": [], 
            "heTitle": "תוספות על הוריות ח׳ ב:ג׳", 
            "indexTitle": "Tosafot on Horayot", 
            "sectionRef": "Tosafot on Horayot 8b:3", 
            "prev": "Tosafot on Horayot 8a:55", 
            "ref": "Tosafot on Horayot 8b:3", 
            "heRef": "תוספות על הוריות ח׳ ב:ג׳", 
            "next": "Tosafot on Horayot 8b:5"
        }, 
        "Tosafot on Horayot 8b:4": {
            "content": [], 
            "heTitle": "תוספות על הוריות ח׳ ב:ד׳", 
            "indexTitle": "Tosafot on Horayot", 
            "sectionRef": "Tosafot on Horayot 8b:4", 
            "prev": "Tosafot on Horayot 8a:55", 
            "ref": "Tosafot on Horayot 8b:4", 
            "heRef": "תוספות על הוריות ח׳ ב:ד׳", 
            "next": "Tosafot on Horayot 8b:5"
        }, 
        "Tosafot on Horayot 8b:5": {
            "content": [
                {
                    "segmentNumber": "1", 
                    "links": [
                        {
                            "category": "Talmud", 
                            "index_title": "Horayot", 
                            "sourceHeRef": "הוריות ח׳ ב:ה׳", 
                            "sourceRef": "Horayot 8b:5"
                        }
                    ], 
                    "he": "והא אמר מר עשר מצות נצטוו במרה. הא דלא מייתי מהני דכתיב בהדיא כגון מילה לאברהם שפיכת דמים דכתיב שופך דם האדם וגילוי עריות. משום דהכא נצטוו ישראל והתם בני נח:"
                }
            ], 
            "heTitle": "תוספות על הוריות ח׳ ב:ה׳", 
            "indexTitle": "Tosafot on Horayot", 
            "sectionRef": "Tosafot on Horayot 8b:5", 
            "prev": "Tosafot on Horayot 8a:55", 
            "ref": "Tosafot on Horayot 8b:5", 
            "heRef": "תוספות על הוריות ח׳ ב:ה׳", 
            "next": "Tosafot on Horayot 8b:9"
        }, 
        "Tosafot on Horayot 8b:6": {
            "content": [], 
            "heTitle": "תוספות על הוריות ח׳ ב:ו׳", 
            "indexTitle": "Tosafot on Horayot", 
            "sectionRef": "Tosafot on Horayot 8b:6", 
            "prev": "Tosafot on Horayot 8b:5", 
            "ref": "Tosafot on Horayot 8b:6", 
            "heRef": "תוספות על הוריות ח׳ ב:ו׳", 
            "next": "Tosafot on Horayot 8b:9"
        }, 
        "Tosafot on Horayot 8b:7": {
            "content": [], 
            "heTitle": "תוספות על הוריות ח׳ ב:ז׳", 
            "indexTitle": "Tosafot on Horayot", 
            "sectionRef": "Tosafot on Horayot 8b:7", 
            "prev": "Tosafot on Horayot 8b:5", 
            "ref": "Tosafot on Horayot 8b:7", 
            "heRef": "תוספות על הוריות ח׳ ב:ז׳", 
            "next": "Tosafot on Horayot 8b:9"
        }
    }, 
    "ref": "Tosafot on Horayot 8b"
}