{
    "content": [
        {
            "segmentNumber": "1", 
            "he": "אין פרץ שלא תהא סיעתנו כסיעתו של דוד שיצא ממנו אחיתופל ואין יוצאת שלא תהא סיעתנו כסיעתו של שאול שיצא ממנו דואג האדומי ואין צוחה שלא תהא סיעתנו כסיעתו של אלישע שיצא ממנו גחזי ברחובותינו שלא יהא לנו בן או תלמיד שמקדיח תבשילו ברבים:", 
            "links": [
                {
                    "category": "Commentary", 
                    "index_title": "Tosafot on Berakhot", 
                    "sourceHeRef": "תוספות על ברכות י״ז ב:א׳:א׳", 
                    "sourceRef": "Tosafot on Berakhot 17b:1:1"
                }, 
                {
                    "category": "Commentary", 
                    "index_title": "Tosafot on Berakhot", 
                    "sourceHeRef": "תוספות על ברכות י״ז ב:א׳:ב׳", 
                    "sourceRef": "Tosafot on Berakhot 17b:1:2"
                }, 
                {
                    "category": "Commentary", 
                    "index_title": "Shita Mekubetzet on Berakhot", 
                    "sourceHeRef": "שיטה מקובצת על ברכות י״ז ב:א׳:א׳", 
                    "sourceRef": "Shita Mekubetzet on Berakhot 17b:1:1"
                }, 
                {
                    "category": "Commentary", 
                    "index_title": "Shita Mekubetzet on Berakhot", 
                    "sourceHeRef": "שיטה מקובצת על ברכות י״ז ב:א׳:ב׳", 
                    "sourceRef": "Shita Mekubetzet on Berakhot 17b:1:2"
                }, 
                {
                    "category": "Modern Works", 
                    "index_title": "Abraham Cohen Footnotes to the English Translation of Masechet Berakhot", 
                    "sourceHeRef": "הערות באנגלית של אברהם כהן על מסכת ברכות י״ז ב:א׳", 
                    "sourceRef": "Abraham Cohen Footnotes to the English Translation of Masechet Berakhot 17b:1"
                }
            ], 
            "text": " \"With no breach\" — may not our company be like the company of David from which issued Ahitophel ; \"and no going forth\" — may not our company be like the company of Saul from which issued Doeg the Edomite; \"and no outcry\" — may not our company be like the company of Elisha from which issued Gehazi ; \"in our broad places\" — that we may not have a son or disciple who spoiled his food in public, like the Nazarene. "
        }, 
        {
            "segmentNumber": "2", 
            "he": "(ישעיהו מו, יב) שמעו אלי אבירי לב הרחוקים מצדקה", 
            "links": [
                {
                    "category": "Tanakh", 
                    "index_title": "Isaiah", 
                    "sourceHeRef": "ישעיהו מ״ו:י״ב", 
                    "sourceRef": "Isaiah 46:12"
                }
            ], 
            "text": "\"Hearken unto Me, ye stout-hearted, that are far from righteousness\" (Is. xlvi. 12). "
        }, 
        {
            "segmentNumber": "3", 
            "he": "רב ושמואל ואמרי לה רבי יוחנן ורבי אלעזר חד אמר", 
            "text": "Rab and Samuel (another version : R. Johanan and R. Eleazar) [differ in interpretation]. One says : "
        }, 
        {
            "segmentNumber": "4", 
            "he": "כל העולם כולו נזונין בצדקה והם נזונין בזרוע", 
            "links": [
                {
                    "category": "Commentary", 
                    "index_title": "Rashi on Berakhot", 
                    "sourceHeRef": "רש\"י על ברכות י״ז ב:ד׳:א׳", 
                    "sourceRef": "Rashi on Berakhot 17b:4:1"
                }, 
                {
                    "category": "Commentary", 
                    "index_title": "Rashi on Berakhot", 
                    "sourceHeRef": "רש\"י על ברכות י״ז ב:ד׳:ב׳", 
                    "sourceRef": "Rashi on Berakhot 17b:4:2"
                }, 
                {
                    "category": "Commentary", 
                    "index_title": "Tosafot on Berakhot", 
                    "sourceHeRef": "תוספות על ברכות י״ז ב:ד׳:א׳", 
                    "sourceRef": "Tosafot on Berakhot 17b:4:1"
                }, 
                {
                    "category": "Quoting Commentary", 
                    "index_title": "Chidushei Agadot on Berakhot", 
                    "sourceHeRef": " חידושי אגדות על מסכת ברכות י״ז ב:ב׳", 
                    "sourceRef": "Chidushei Agadot on Berakhot 17b:2"
                }, 
                {
                    "category": "Quoting Commentary", 
                    "index_title": "Chidushei Agadot on Berakhot", 
                    "sourceHeRef": " חידושי אגדות על מסכת ברכות י״ז ב:ד׳", 
                    "sourceRef": "Chidushei Agadot on Berakhot 17b:4"
                }, 
                {
                    "category": "Modern Works", 
                    "index_title": "Abraham Cohen Footnotes to the English Translation of Masechet Berakhot", 
                    "sourceHeRef": "הערות באנגלית של אברהם כהן על מסכת ברכות י״ז ב:ב׳", 
                    "sourceRef": "Abraham Cohen Footnotes to the English Translation of Masechet Berakhot 17b:2"
                }
            ], 
            "text": "The whole world is nourished through righteousness, but the \"stout-hearted\" are nourished by the arm."
        }, 
        {
            "segmentNumber": "5", 
            "he": "וחד אמר", 
            "text": " The other says :"
        }, 
        {
            "segmentNumber": "6", 
            "he": "כל העולם כולו נזונין בזכותם והם אפילו בזכות עצמן אין נזונין", 
            "text": " The whole world is nourished through their merit, but they are not nourished even by their own merit. "
        }, 
        {
            "segmentNumber": "7", 
            "he": "כדרב יהודה אמר רב דאמר רב יהודה אמר רב", 
            "text": "This is like the statement of Rab Judah who says in the name of Rab : "
        }, 
        {
            "segmentNumber": "8", 
            "he": "בכל יום ויום בת קול יוצאת מהר חורב ואומרת", 
            "links": [
                {
                    "category": "Quoting Commentary", 
                    "index_title": "Chidushei Agadot on Berakhot", 
                    "sourceHeRef": " חידושי אגדות על מסכת ברכות י״ז ב:ה׳", 
                    "sourceRef": "Chidushei Agadot on Berakhot 17b:5"
                }, 
                {
                    "category": "Modern Works", 
                    "index_title": "Abraham Cohen Footnotes to the English Translation of Masechet Berakhot", 
                    "sourceHeRef": "הערות באנגלית של אברהם כהן על מסכת ברכות י״ז ב:ג׳", 
                    "sourceRef": "Abraham Cohen Footnotes to the English Translation of Masechet Berakhot 17b:3"
                }
            ], 
            "text": "Every day a Bat Kol issues from Mount Horeb and proclaims : "
        }, 
        {
            "segmentNumber": "9", 
            "he": "כל העולם כולו נזונין בשביל חנינא בני וחנינא בני די לו בקב חרובין מערב שבת לערב שבת", 
            "links": [
                {
                    "category": "Modern Works", 
                    "index_title": "Abraham Cohen Footnotes to the English Translation of Masechet Berakhot", 
                    "sourceHeRef": "הערות באנגלית של אברהם כהן על מסכת ברכות י״ז ב:ד׳", 
                    "sourceRef": "Abraham Cohen Footnotes to the English Translation of Masechet Berakhot 17b:4"
                }, 
                {
                    "category": "Modern Works", 
                    "index_title": "Abraham Cohen Footnotes to the English Translation of Masechet Berakhot", 
                    "sourceHeRef": "הערות באנגלית של אברהם כהן על מסכת ברכות י״ז ב:ה׳", 
                    "sourceRef": "Abraham Cohen Footnotes to the English Translation of Masechet Berakhot 17b:5"
                }
            ], 
            "text": "\"All the world is nourished for the sake of My son, Hannina, but My son, Hannina, is satisfied with a Kab of locusts from the Sabbath-eve to the next Sabbath-eve.\" "
        }, 
        {
            "segmentNumber": "10", 
            "he": "ופליגא דרב יהודה דאמר רב יהודה", 
            "links": [
                {
                    "category": "Commentary", 
                    "index_title": "Rashi on Berakhot", 
                    "sourceHeRef": "רש\"י על ברכות י״ז ב:י׳:א׳", 
                    "sourceRef": "Rashi on Berakhot 17b:10:1"
                }
            ], 
            "text": "This contradicts the statement of Rab Judah who says : "
        }, 
        {
            "segmentNumber": "11", 
            "he": "מאן אבירי לב גובאי טפשאי", 
            "links": [
                {
                    "category": "Commentary", 
                    "index_title": "Rashi on Berakhot", 
                    "sourceHeRef": "רש\"י על ברכות י״ז ב:י״א:א׳", 
                    "sourceRef": "Rashi on Berakhot 17b:11:1"
                }, 
                {
                    "category": "Quoting Commentary", 
                    "index_title": "Chidushei Agadot on Berakhot", 
                    "sourceHeRef": " חידושי אגדות על מסכת ברכות י״ז ב:ו׳", 
                    "sourceRef": "Chidushei Agadot on Berakhot 17b:6"
                }, 
                {
                    "category": "Modern Works", 
                    "index_title": "Abraham Cohen Footnotes to the English Translation of Masechet Berakhot", 
                    "sourceHeRef": "הערות באנגלית של אברהם כהן על מסכת ברכות י״ז ב:ו׳", 
                    "sourceRef": "Abraham Cohen Footnotes to the English Translation of Masechet Berakhot 17b:6"
                }
            ], 
            "text": "Who are the \"stout-hearted\"? They are the foolish Gobeans. "
        }, 
        {
            "segmentNumber": "12", 
            "he": "אמר רב יוסף", 
            "links": [
                {
                    "category": "Modern Works", 
                    "index_title": "Abraham Cohen Footnotes to the English Translation of Masechet Berakhot", 
                    "sourceHeRef": "הערות באנגלית של אברהם כהן על מסכת ברכות י״ז ב:ז׳", 
                    "sourceRef": "Abraham Cohen Footnotes to the English Translation of Masechet Berakhot 17b:7"
                }
            ], 
            "text": "Rab Joseph said : "
        }, 
        {
            "segmentNumber": "13", 
            "he": "תדע דהא לא איגייר גיורא מינייהו", 
            "text": "Thou canst know [that the \"stout-hearted\" are the Gobeans] because not one of them has ever been made a proselyte. "
        }, 
        {
            "segmentNumber": "14", 
            "he": "אמר רב אשי", 
            "text": "Rab Ashe said : "
        }, 
        {
            "segmentNumber": "15", 
            "he": "בני מתא מחסיא אבירי לב נינהו דקא חזו יקרא דאורייתא תרי זמני בשתא ולא קמגייר גיורא מינייהו:", 
            "links": [
                {
                    "category": "Commentary", 
                    "index_title": "Tosafot on Berakhot", 
                    "sourceHeRef": "תוספות על ברכות י״ז ב:ט״ו:א׳", 
                    "sourceRef": "Tosafot on Berakhot 17b:15:1"
                }, 
                {
                    "category": "Commentary", 
                    "index_title": "Rashi on Berakhot", 
                    "sourceHeRef": "רש\"י על ברכות י״ז ב:ט״ו:א׳", 
                    "sourceRef": "Rashi on Berakhot 17b:15:1"
                }, 
                {
                    "category": "Modern Works", 
                    "index_title": "Abraham Cohen Footnotes to the English Translation of Masechet Berakhot", 
                    "sourceHeRef": "הערות באנגלית של אברהם כהן על מסכת ברכות י״ז ב:ח׳", 
                    "sourceRef": "Abraham Cohen Footnotes to the English Translation of Masechet Berakhot 17b:8"
                }
            ], 
            "text": "[The \"stout-hearted\" are] the inhabitants of Mata Mehasya, for they beheld the glory of the Torah twice yearly, but not one of them has ever been made a proselyte. "
        }, 
        {
            "segmentNumber": "16", 
            "he": "חתן אם רוצה לקרות וכו':", 
            "text": "If a bridegroom wishes to read the Shema', etc. "
        }, 
        {
            "segmentNumber": "17", 
            "he": "למימרא דרבן שמעון בן גמליאל חייש ליוהרא ורבנן לא חיישי ליוהרא והא איפכא שמעינן להו", 
            "text": "It is to be inferred that Rabban Simeon b. Gamaliel is concerned lest a charge of presumption [be brought against a bridegroom who reads the Shema' on the first night of his marriage and therefore forbids it], whereas the Rabbis have no such concern [and permit it]. But we understood just the opposite of them ! "
        }, 
        {
            "segmentNumber": "18", 
            "he": "דתנן", 
            "text": "For there is a Mishnaic teaching :"
        }, 
        {
            "segmentNumber": "19", 
            "he": "מקום שנהגו לעשות מלאכה בתשעה באב עושין מקום שנהגו שלא לעשות אין עושין וכל מקום תלמידי חכמים בטלים", 
            "links": [
                {
                    "category": "Modern Works", 
                    "index_title": "Abraham Cohen Footnotes to the English Translation of Masechet Berakhot", 
                    "sourceHeRef": "הערות באנגלית של אברהם כהן על מסכת ברכות י״ז ב:ט׳", 
                    "sourceRef": "Abraham Cohen Footnotes to the English Translation of Masechet Berakhot 17b:9"
                }
            ], 
            "text": " In a place where they are accustomed to work on the ninth of Ab, we may work ; but in a place where they are not accustomed to work, we may not. Disciples of the wise must cease work in every place."
        }, 
        {
            "segmentNumber": "20", 
            "he": "רבן שמעון בן גמליאל אומר", 
            "text": " Rabban Simeon b. Gamaliel says :"
        }, 
        {
            "segmentNumber": "21", 
            "he": "לעולם יעשה כל אדם את עצמו כתלמיד חכם", 
            "links": [
                {
                    "category": "Modern Works", 
                    "index_title": "Abraham Cohen Footnotes to the English Translation of Masechet Berakhot", 
                    "sourceHeRef": "הערות באנגלית של אברהם כהן על מסכת ברכות י״ז ב:י׳", 
                    "sourceRef": "Abraham Cohen Footnotes to the English Translation of Masechet Berakhot 17b:10"
                }
            ], 
            "text": " Everyone should regard himself as a disciple of the wise. "
        }, 
        {
            "segmentNumber": "22", 
            "he": "קשיא דרבנן אדרבנן קשיא דרבן שמעון בן גמליאל אדרבן שמעון בן גמליאל", 
            "text": "Here is an inconsistency of the Rabbis and an inconsistency of Rabban Simeon b. Gamaliel ! "
        }, 
        {
            "segmentNumber": "23", 
            "he": "אמר רבי יוחנן", 
            "text": "R. Johanan said :"
        }, 
        {
            "segmentNumber": "24", 
            "he": "מוחלפת השיטה", 
            "links": [
                {
                    "category": "Modern Works", 
                    "index_title": "Abraham Cohen Footnotes to the English Translation of Masechet Berakhot", 
                    "sourceHeRef": "הערות באנגלית של אברהם כהן על מסכת ברכות י״ז ב:י״א", 
                    "sourceRef": "Abraham Cohen Footnotes to the English Translation of Masechet Berakhot 17b:11"
                }
            ], 
            "text": " The statement must be reversed; "
        }, 
        {
            "segmentNumber": "25", 
            "he": "רב שישא בריה דרב אידי אמר", 
            "links": [
                {
                    "category": "Commentary", 
                    "index_title": "Tosafot on Berakhot", 
                    "sourceHeRef": "תוספות על ברכות י״ז ב:כ״ה:א׳", 
                    "sourceRef": "Tosafot on Berakhot 17b:25:1"
                }
            ], 
            "text": "but Rab Shesha b. Rab Iddi said : "
        }, 
        {
            "segmentNumber": "26", 
            "he": "לעולם לא תחליף דרבנן אדרבנן לא קשיא", 
            "text": "Thou hast surely no need to reverse the statement, because the Rabbis do not here contradict themselves."
        }, 
        {
            "segmentNumber": "27", 
            "he": "ק\"ש כיון דכ\"ע קא קרו ואיהו נמי קרי לא מיחזי כיוהרא הכא כיון דכולי עלמא עבדי מלאכה ואיהו לא קא עביד מיחזי כיוהרא", 
            "text": " In the case of the reading of the Shema' which everybody reads, if [the bridegroom] also reads it, it would not seem presumptuous ; but in the latter instance, since everybody works [on the ninth of Ab] and he does not, it would appear presumptuous. "
        }, 
        {
            "segmentNumber": "28", 
            "he": "דרבן שמעון בן גמליאל אדרבן שמעון בן גמליאל לא קשיא", 
            "text": "Likewise, Rabban Simeon b. Gamaliel does not contradict himself."
        }, 
        {
            "segmentNumber": "29", 
            "he": "התם בכונה תליא מילתא ואנן סהדי דלא מצי לכווני דעתיה", 
            "links": [
                {
                    "category": "Commentary", 
                    "index_title": "Rashi on Berakhot", 
                    "sourceHeRef": "רש\"י על ברכות י״ז ב:כ״ט:א׳", 
                    "sourceRef": "Rashi on Berakhot 17b:29:1"
                }
            ], 
            "text": " In the case of the reading of the Shema', its validity depends on Kawwanah, and we testify that [the bridegroom] would not be able to concentrate his mind ; "
        }, 
        {
            "segmentNumber": "30", 
            "he": "אבל הכא הרואה אומר", 
            "text": "but here, if one saw [a man not working on the ninth of Ab] he would merely say"
        }, 
        {
            "segmentNumber": "31", 
            "he": "מלאכה הוא דאין לו פוק חזי כמה בטלני איכא בשוקא:", 
            "links": [
                {
                    "category": "Commentary", 
                    "index_title": "Rashi on Berakhot", 
                    "sourceHeRef": "רש\"י על ברכות י״ז ב:ל״א:א׳", 
                    "sourceRef": "Rashi on Berakhot 17b:31:1"
                }, 
                {
                    "category": "Modern Works", 
                    "index_title": "Abraham Cohen Footnotes to the English Translation of Masechet Berakhot", 
                    "sourceHeRef": "הערות באנגלית של אברהם כהן על מסכת ברכות י״ז ב:י״ב", 
                    "sourceRef": "Abraham Cohen Footnotes to the English Translation of Masechet Berakhot 17b:12"
                }
            ], 
            "text": " \"He has no work to do.\" Go out and see how many idle men there are in the street. "
        }, 
        {
            "segmentNumber": "32", 
            "he": "<br><br><big><strong>הדרן עלך היה קורא</strong></big><br><br>", 
            "links": [
                {
                    "category": "Commentary", 
                    "index_title": "Tosafot on Berakhot", 
                    "sourceHeRef": "תוספות על ברכות י״ז ב:ל״ב:א׳", 
                    "sourceRef": "Tosafot on Berakhot 17b:32:1"
                }, 
                {
                    "category": "Commentary", 
                    "index_title": "Rashi on Berakhot", 
                    "sourceHeRef": "רש\"י על ברכות י״ז ב:ל״ב:א׳", 
                    "sourceRef": "Rashi on Berakhot 17b:32:1"
                }
            ], 
            "text": "May we return to thee : Who reads. "
        }, 
        {
            "segmentNumber": "33", 
            "he": "מתני׳ <big><strong>מי</strong></big> שמתו מוטל לפניו פטור מק\"ש ומן התפלה ומן התפילין ומכל מצות האמורות בתורה", 
            "links": [
                {
                    "category": "Commentary", 
                    "index_title": "Tosafot on Berakhot", 
                    "sourceHeRef": "תוספות על ברכות י״ז ב:ל״ג:א׳", 
                    "sourceRef": "Tosafot on Berakhot 17b:33:1"
                }, 
                {
                    "category": "Commentary", 
                    "index_title": "Rashi on Berakhot", 
                    "sourceHeRef": "רש\"י על ברכות י״ז ב:ל״ג:א׳", 
                    "sourceRef": "Rashi on Berakhot 17b:33:1"
                }, 
                {
                    "category": "Commentary", 
                    "index_title": "Tosafot on Berakhot", 
                    "sourceHeRef": "תוספות על ברכות י״ז ב:ל״ג:ב׳", 
                    "sourceRef": "Tosafot on Berakhot 17b:33:2"
                }, 
                {
                    "category": "Commentary", 
                    "index_title": "Shita Mekubetzet on Berakhot", 
                    "sourceHeRef": "שיטה מקובצת על ברכות י״ז ב:ל״ג:א׳", 
                    "sourceRef": "Shita Mekubetzet on Berakhot 17b:33:1"
                }, 
                {
                    "category": "Commentary", 
                    "index_title": "Rashba on Berakhot", 
                    "sourceHeRef": "רשב״א על ברכות י״ז ב:א׳", 
                    "sourceRef": "Rashba on Berakhot 17b:1"
                }
            ], 
            "text": "MISHNAH  He whose dead is lying before him [unburied] is exempt from the reading of the Shema', from Tefillah, Tefillin and all the commandments mentioned in the Torah. "
        }, 
        {
            "segmentNumber": "34", 
            "he": "נושאי המטה וחלופיהן וחלופי חלופיהן את שלפני המטה ואת שלאחר המטה", 
            "links": [
                {
                    "category": "Commentary", 
                    "index_title": "Rashi on Berakhot", 
                    "sourceHeRef": "רש\"י על ברכות י״ז ב:ל״ד:א׳", 
                    "sourceRef": "Rashi on Berakhot 17b:34:1"
                }, 
                {
                    "category": "Commentary", 
                    "index_title": "Rashi on Berakhot", 
                    "sourceHeRef": "רש\"י על ברכות י״ז ב:ל״ד:ב׳", 
                    "sourceRef": "Rashi on Berakhot 17b:34:2"
                }, 
                {
                    "category": "Commentary", 
                    "index_title": "Rashi on Berakhot", 
                    "sourceHeRef": "רש\"י על ברכות י״ז ב:ל״ד:ג׳", 
                    "sourceRef": "Rashi on Berakhot 17b:34:3"
                }, 
                {
                    "category": "Modern Works", 
                    "index_title": "Abraham Cohen Footnotes to the English Translation of Masechet Berakhot", 
                    "sourceHeRef": "הערות באנגלית של אברהם כהן על מסכת ברכות י״ז ב:י״ג", 
                    "sourceRef": "Abraham Cohen Footnotes to the English Translation of Masechet Berakhot 17b:13"
                }, 
                {
                    "category": "Modern Works", 
                    "index_title": "Abraham Cohen Footnotes to the English Translation of Masechet Berakhot", 
                    "sourceHeRef": "הערות באנגלית של אברהם כהן על מסכת ברכות י״ז ב:י״ד", 
                    "sourceRef": "Abraham Cohen Footnotes to the English Translation of Masechet Berakhot 17b:14"
                }
            ], 
            "text": "The bearers of the bier and they who relieve them, and they who relieve these latter — such as are before the bier and such as are behind it — "
        }, 
        {
            "segmentNumber": "35", 
            "he": "את שלפני המטה צורך בהם פטורים ואת שלאחר המטה צורך בהם חייבין ואלו ואלו פטורים מן התפלה", 
            "links": [
                {
                    "category": "Commentary", 
                    "index_title": "Rashi on Berakhot", 
                    "sourceHeRef": "רש\"י על ברכות י״ז ב:ל״ה:א׳", 
                    "sourceRef": "Rashi on Berakhot 17b:35:1"
                }, 
                {
                    "category": "Commentary", 
                    "index_title": "Rashi on Berakhot", 
                    "sourceHeRef": "רש\"י על ברכות י״ז ב:ל״ה:ב׳", 
                    "sourceRef": "Rashi on Berakhot 17b:35:2"
                }, 
                {
                    "category": "Commentary", 
                    "index_title": "Rashi on Berakhot", 
                    "sourceHeRef": "רש\"י על ברכות י״ז ב:ל״ה:ג׳", 
                    "sourceRef": "Rashi on Berakhot 17b:35:3"
                }, 
                {
                    "category": "Commentary", 
                    "index_title": "Tosafot on Berakhot", 
                    "sourceHeRef": "תוספות על ברכות י״ז ב:ל״ה:א׳", 
                    "sourceRef": "Tosafot on Berakhot 17b:35:1"
                }, 
                {
                    "category": "Commentary", 
                    "index_title": "Tosafot on Berakhot", 
                    "sourceHeRef": "תוספות על ברכות י״ז ב:ל״ה:ב׳", 
                    "sourceRef": "Tosafot on Berakhot 17b:35:2"
                }, 
                {
                    "category": "Quoting Commentary", 
                    "index_title": "Chidushei Agadot on Berakhot", 
                    "sourceHeRef": " חידושי אגדות על מסכת ברכות י״ז ב:ח׳", 
                    "sourceRef": "Chidushei Agadot on Berakhot 17b:8"
                }
            ], 
            "text": "they who are before it, whose services will be required, are exempt ; but they who are behind it, whose services may still be required, are under the obligation. But both are exempt from the Tefillah. "
        }, 
        {
            "segmentNumber": "36", 
            "he": "קברו את המת וחזרו אם יכולין להתחיל ולגמור עד שלא יגיעו לשורה יתחילו ואם לאו לא יתחילו", 
            "links": [
                {
                    "category": "Commentary", 
                    "index_title": "Rashi on Berakhot", 
                    "sourceHeRef": "רש\"י על ברכות י״ז ב:ל״ו:א׳", 
                    "sourceRef": "Rashi on Berakhot 17b:36:1"
                }, 
                {
                    "category": "Modern Works", 
                    "index_title": "Abraham Cohen Footnotes to the English Translation of Masechet Berakhot", 
                    "sourceHeRef": "הערות באנגלית של אברהם כהן על מסכת ברכות י״ז ב:ט״ו", 
                    "sourceRef": "Abraham Cohen Footnotes to the English Translation of Masechet Berakhot 17b:15"
                }
            ], 
            "text": "Having buried the dead and returned [from the grave], if they have sufficient time to begin and finish [the Shema'] before arriving at the row, they should commence it ; but if they have not sufficient time, they should not commence it. "
        }, 
        {
            "segmentNumber": "37", 
            "he": "העומדים בשורה הפנימיים פטורים והחיצונים חייבים", 
            "links": [
                {
                    "category": "Modern Works", 
                    "index_title": "Abraham Cohen Footnotes to the English Translation of Masechet Berakhot", 
                    "sourceHeRef": "הערות באנגלית של אברהם כהן על מסכת ברכות י״ז ב:ט״ז", 
                    "sourceRef": "Abraham Cohen Footnotes to the English Translation of Masechet Berakhot 17b:16"
                }
            ], 
            "text": "As for those who stand in the row, the inner line is exempt, the outer line under the obligation. "
        }, 
        {
            "segmentNumber": "38", 
            "he": "(נשים ועבדים וקטנים פטורים מק\"ש ומן התפילין וחייבין בתפלה ובמזוזה ובברכת המזון):", 
            "text": "[not translated]"
        }, 
        {
            "segmentNumber": "39", 
            "he": "<big><strong>גמ׳</strong></big> מוטל לפניו אין ושאינו מוטל לפניו לא", 
            "links": [
                {
                    "category": "Commentary", 
                    "index_title": "Rashi on Berakhot", 
                    "sourceHeRef": "רש\"י על ברכות י״ז ב:ל״ט:א׳", 
                    "sourceRef": "Rashi on Berakhot 17b:39:1"
                }
            ], 
            "text": "GEMARA When the body is lying before him, he is exempt; [it is consequently to be inferred that] when it is not lying before him, he is not exempt ! "
        }, 
        {
            "segmentNumber": "40", 
            "he": "ורמינהי", 
            "text": "I quote in objection : "
        }, 
        {
            "segmentNumber": "41", 
            "he": "מי שמתו מוטל", 
            "links": [
                {
                    "category": "Commentary", 
                    "index_title": "Rosh on Berakhot", 
                    "sourceHeRef": " פסקי הראש על ברכות ג׳:א׳:א׳", 
                    "sourceRef": "Rosh on Berakhot 3:1:1"
                }, 
                {
                    "category": "Commentary", 
                    "index_title": "Rosh on Berakhot", 
                    "sourceHeRef": " פסקי הראש על ברכות ג׳:א׳:ב׳", 
                    "sourceRef": "Rosh on Berakhot 3:1:2"
                }
            ], 
            "text": "He whose dead is lying"
        }, 
        {
            "segmentNumber": "42", 
            "he": "לפניו אוכל בבית אחר ואם אין לו בית אחר אוכל בבית חבירו ואם אין לו בית חבירו עושה מחיצה ואוכל ואם אין לו דבר לעשות מחיצה מחזיר פניו ואוכל ואינו מיסב ואוכל ואינו אוכל בשר ואינו שותה יין ואינו מברך ואינו מזמן", 
            "links": [
                {
                    "category": "Commentary", 
                    "index_title": "Rashi on Berakhot", 
                    "sourceHeRef": "רש\"י על ברכות י״ז ב:מ״ב:א׳", 
                    "sourceRef": "Rashi on Berakhot 17b:42:1"
                }, 
                {
                    "category": "Commentary", 
                    "index_title": "Rashi on Berakhot", 
                    "sourceHeRef": "רש\"י על ברכות י״ז ב:מ״ב:ב׳", 
                    "sourceRef": "Rashi on Berakhot 17b:42:2"
                }, 
                {
                    "category": "Commentary", 
                    "index_title": "Rashi on Berakhot", 
                    "sourceHeRef": "רש\"י על ברכות י״ז ב:מ״ב:ג׳", 
                    "sourceRef": "Rashi on Berakhot 17b:42:3"
                }, 
                {
                    "category": "Commentary", 
                    "index_title": "Rashi on Berakhot", 
                    "sourceHeRef": "רש\"י על ברכות י״ז ב:מ״ב:ד׳", 
                    "sourceRef": "Rashi on Berakhot 17b:42:4"
                }, 
                {
                    "category": "Commentary", 
                    "index_title": "Tosafot on Berakhot", 
                    "sourceHeRef": "תוספות על ברכות י״ז ב:מ״ב:א׳", 
                    "sourceRef": "Tosafot on Berakhot 17b:42:1"
                }, 
                {
                    "category": "Commentary", 
                    "index_title": "Shita Mekubetzet on Berakhot", 
                    "sourceHeRef": "שיטה מקובצת על ברכות י״ז ב:מ״ב:א׳", 
                    "sourceRef": "Shita Mekubetzet on Berakhot 17b:42:1"
                }, 
                {
                    "category": "Quoting Commentary", 
                    "index_title": "Chidushei Agadot on Berakhot", 
                    "sourceHeRef": " חידושי אגדות על מסכת ברכות י״ז ב:ט׳", 
                    "sourceRef": "Chidushei Agadot on Berakhot 17b:9"
                }, 
                {
                    "category": "Modern Works", 
                    "index_title": "Abraham Cohen Footnotes to the English Translation of Masechet Berakhot", 
                    "sourceHeRef": "הערות באנגלית של אברהם כהן על מסכת ברכות י״ז ב:י״ז", 
                    "sourceRef": "Abraham Cohen Footnotes to the English Translation of Masechet Berakhot 17b:17"
                }, 
                {
                    "category": "Commentary", 
                    "index_title": "Rashba on Berakhot", 
                    "sourceHeRef": "רשב״א על ברכות י״ז ב:ג׳", 
                    "sourceRef": "Rashba on Berakhot 17b:3"
                }, 
                {
                    "category": "Commentary", 
                    "index_title": "Tosafot on Berakhot", 
                    "sourceHeRef": "תוספות על ברכות י״ז ב:מ״ב:ב׳", 
                    "sourceRef": "Tosafot on Berakhot 17b:42:2"
                }
            ], 
            "text": " before him should eat his meal in another room, and if he has no other room he should eat in a neighbour's house ; if such be not available, he should put up a partition and have his meal ; if he has nothing wherewith to make a partition, he should turn his face away [from the body] and eat. But he must not have his meal in a reclining position, or partake of meat or drink wine ; nor does he say Grace or arrange Zimmun, \n"
        }
    ], 
    "heTitle": "ברכות י״ז ב", 
    "indexTitle": "Berakhot", 
    "sectionRef": "Berakhot 17b", 
    "prev": "Berakhot 17a", 
    "ref": "Berakhot 17b", 
    "heRef": "ברכות י״ז ב", 
    "next": "Berakhot 18a"
}