{
    "heTitleVariants": [
        "ברכות"
    ], 
    "heTitle": "ברכות י״ז א", 
    "content": [
        {
            "segmentNumber": "1", 
            "he": "בפמליא של מעלה ובפמליא של מטה ובין התלמידים העוסקים בתורתך בין עוסקין לשמה בין עוסקין שלא לשמה וכל העוסקין שלא לשמה יהי רצון שיהו עוסקין לשמה.", 
            "links": [
                {
                    "category": "Commentary", 
                    "sourceHeRef": "רש\"י על ברכות י״ז א:א׳:א׳", 
                    "sourceRef": "Rashi on Berakhot 17a:1:1", 
                    "ref": "Rashi on Berakhot 17a:1:1"
                }, 
                {
                    "category": "Commentary", 
                    "sourceHeRef": "רש\"י על ברכות י״ז א:א׳:ב׳", 
                    "sourceRef": "Rashi on Berakhot 17a:1:2", 
                    "ref": "Rashi on Berakhot 17a:1:2"
                }, 
                {
                    "category": "Modern Works", 
                    "sourceHeRef": "הערות באנגלית של אברהם כהן על מסכת ברכות י״ז א:א׳", 
                    "sourceRef": "Abraham Cohen Footnotes to the English Translation of Masechet Berakhot 17a:1", 
                    "ref": "Abraham Cohen Footnotes to the English Translation of Masechet Berakhot 17a:1"
                }, 
                {
                    "category": "Modern Works", 
                    "sourceHeRef": "הערות באנגלית של אברהם כהן על מסכת ברכות י״ז א:ב׳", 
                    "sourceRef": "Abraham Cohen Footnotes to the English Translation of Masechet Berakhot 17a:2", 
                    "ref": "Abraham Cohen Footnotes to the English Translation of Masechet Berakhot 17a:2"
                }
            ], 
            "text": " in the household above and the household below, and among the students who occupy themselves with Thy Torah, whether they devote themselves thereto for its own sake or not for its own sake; and as for them that devote themselves thereto not for its own sake, may it be Thy will that they do devote themselves thereto for its own sake. "
        }, 
        {
            "segmentNumber": "2", 
            "he": "ר' אלכסנדרי בתר צלותיה אמר הכי", 
            "links": [], 
            "text": "R. Alexander used to add at the conclusion of his prayer : "
        }, 
        {
            "segmentNumber": "3", 
            "he": "יהי רצון מלפניך ה' אלהינו שתעמידנו בקרן אורה ואל תעמידנו בקרן חשכה ואל ידוה לבנו ואל יחשכו עינינו", 
            "links": [
                {
                    "category": "Commentary", 
                    "sourceHeRef": "רש\"י על ברכות י״ז א:ג׳:א׳", 
                    "sourceRef": "Rashi on Berakhot 17a:3:1", 
                    "ref": "Rashi on Berakhot 17a:3:1"
                }, 
                {
                    "category": "Quoting Commentary", 
                    "sourceHeRef": " חידושי אגדות על מסכת ברכות י״ז א:א׳", 
                    "sourceRef": "Chidushei Agadot on Berakhot 17a:1", 
                    "ref": "Chidushei Agadot on Berakhot 17a:1"
                }
            ], 
            "text": "May it be Thy will, O Lord our God, to place us in a corner of light and not in a corner of darkness ; and may not our heart grow faint nor our eyes dim. "
        }, 
        {
            "segmentNumber": "4", 
            "he": "איכא דאמרי", 
            "links": [], 
            "text": "There are some who say "
        }, 
        {
            "segmentNumber": "5", 
            "he": "הא רב המנונא מצלי לה ור' אלכסנדרי בתר דמצלי אמר הכי", 
            "links": [], 
            "text": "this was Rab Hamnuna's prayer ; and R. Alexander used to add at the conclusion of his prayer : "
        }, 
        {
            "segmentNumber": "6", 
            "he": "רבון העולמים גלוי וידוע לפניך שרצוננו לעשות רצונך ומי מעכב", 
            "links": [
                {
                    "category": "Commentary", 
                    "sourceHeRef": "רש\"י על ברכות י״ז א:ו׳:א׳", 
                    "sourceRef": "Rashi on Berakhot 17a:6:1", 
                    "ref": "Rashi on Berakhot 17a:6:1"
                }, 
                {
                    "category": "Quoting Commentary", 
                    "sourceHeRef": " חידושי אגדות על מסכת ברכות י״ז א:ב׳", 
                    "sourceRef": "Chidushei Agadot on Berakhot 17a:2", 
                    "ref": "Chidushei Agadot on Berakhot 17a:2"
                }
            ], 
            "text": "Lord of the universe ! It is revealed and known before Thee that it is our will to perform Thy will ; but what stands in the way?"
        }, 
        {
            "segmentNumber": "7", 
            "he": "שאור שבעיסה ושעבוד מלכיות", 
            "links": [
                {
                    "category": "Commentary", 
                    "sourceHeRef": "רש\"י על ברכות י״ז א:ז׳:א׳", 
                    "sourceRef": "Rashi on Berakhot 17a:7:1", 
                    "ref": "Rashi on Berakhot 17a:7:1"
                }, 
                {
                    "category": "Modern Works", 
                    "sourceHeRef": "הערות באנגלית של אברהם כהן על מסכת ברכות י״ז א:ג׳", 
                    "sourceRef": "Abraham Cohen Footnotes to the English Translation of Masechet Berakhot 17a:3", 
                    "ref": "Abraham Cohen Footnotes to the English Translation of Masechet Berakhot 17a:3"
                }, 
                {
                    "category": "Modern Works", 
                    "sourceHeRef": "הערות באנגלית של אברהם כהן על מסכת ברכות י״ז א:ד׳", 
                    "sourceRef": "Abraham Cohen Footnotes to the English Translation of Masechet Berakhot 17a:4", 
                    "ref": "Abraham Cohen Footnotes to the English Translation of Masechet Berakhot 17a:4"
                }
            ], 
            "text": " The leaven that is in the dough and the servitude of the kingdoms. "
        }, 
        {
            "segmentNumber": "8", 
            "he": "יהי רצון מלפניך שתצילנו מידם ונשוב לעשות חוקי רצונך בלבב שלם.", 
            "links": [
                {
                    "category": "Modern Works", 
                    "sourceHeRef": "הערות באנגלית של אברהם כהן על מסכת ברכות י״ז א:ה׳", 
                    "sourceRef": "Abraham Cohen Footnotes to the English Translation of Masechet Berakhot 17a:5", 
                    "ref": "Abraham Cohen Footnotes to the English Translation of Masechet Berakhot 17a:5"
                }
            ], 
            "text": "May it be Thy will to deliver us from their hand, so that we may again perform the statutes of Thy will with a perfect heart. "
        }, 
        {
            "segmentNumber": "9", 
            "he": "רבא בתר צלותיה אמר הכי", 
            "links": [], 
            "text": "Raba used to add at the conclusion of his prayer : "
        }, 
        {
            "segmentNumber": "10", 
            "he": "אלהי עד שלא נוצרתי איני כדאי ועכשיו שנוצרתי כאלו לא נוצרתי עפר אני בחיי ק\"ו במיתתי הרי אני לפניך ככלי מלא בושה וכלימה יהי רצון מלפניך ה' אלהי שלא אחטא עוד ומה שחטאתי לפניך מרק ברחמיך הרבים אבל לא ע\"י יסורין וחלאים רעים", 
            "links": [
                {
                    "category": "Commentary", 
                    "sourceHeRef": "רש\"י על ברכות י״ז א:י׳:א׳", 
                    "sourceRef": "Rashi on Berakhot 17a:10:1", 
                    "ref": "Rashi on Berakhot 17a:10:1"
                }, 
                {
                    "category": "Commentary", 
                    "sourceHeRef": "רש\"י על ברכות י״ז א:י׳:ב׳", 
                    "sourceRef": "Rashi on Berakhot 17a:10:2", 
                    "ref": "Rashi on Berakhot 17a:10:2"
                }, 
                {
                    "category": "Commentary", 
                    "sourceHeRef": "רש\"י על ברכות י״ז א:י׳:ג׳", 
                    "sourceRef": "Rashi on Berakhot 17a:10:3", 
                    "ref": "Rashi on Berakhot 17a:10:3"
                }, 
                {
                    "category": "Commentary", 
                    "sourceHeRef": "רש\"י על ברכות י״ז א:י׳:ד׳", 
                    "sourceRef": "Rashi on Berakhot 17a:10:4", 
                    "ref": "Rashi on Berakhot 17a:10:4"
                }, 
                {
                    "category": "Quoting Commentary", 
                    "sourceHeRef": " חידושי אגדות על מסכת ברכות י״ז א:ג׳", 
                    "sourceRef": "Chidushei Agadot on Berakhot 17a:3", 
                    "ref": "Chidushei Agadot on Berakhot 17a:3"
                }
            ], 
            "text": "O my God, before I was formed I was nothing worth, and now that I have been formed I am but as though I had not been formed. Dust am I in my life ; how much more so in my death. Behold I am before Thee like a vessel filled with shame and confusion. O may it be Thy will, O Lord my God, that I may sin no more; and as to the sins I have committed, purge them away in Thine abounding compassion though not by means of affliction and sore diseases."
        }, 
        {
            "segmentNumber": "11", 
            "he": "והיינו וידוי דרב המנונא זוטי ביומא דכפורי.", 
            "links": [
                {
                    "category": "Modern Works", 
                    "sourceHeRef": "הערות באנגלית של אברהם כהן על מסכת ברכות י״ז א:ו׳", 
                    "sourceRef": "Abraham Cohen Footnotes to the English Translation of Masechet Berakhot 17a:6", 
                    "ref": "Abraham Cohen Footnotes to the English Translation of Masechet Berakhot 17a:6"
                }, 
                {
                    "category": "Modern Works", 
                    "sourceHeRef": "הערות באנגלית של אברהם כהן על מסכת ברכות י״ז א:ז׳", 
                    "sourceRef": "Abraham Cohen Footnotes to the English Translation of Masechet Berakhot 17a:7", 
                    "ref": "Abraham Cohen Footnotes to the English Translation of Masechet Berakhot 17a:7"
                }
            ], 
            "text": " That is the confession of Rab Hamnuna Zuta on the Day of Atonement. "
        }, 
        {
            "segmentNumber": "12", 
            "he": "מר בריה דרבינא כי הוה מסיים צלותיה אמר הכי", 
            "links": [
                {
                    "category": "Commentary", 
                    "sourceHeRef": "רשב״א על ברכות י״ז א:א׳", 
                    "sourceRef": "Rashba on Berakhot 17a:1", 
                    "ref": "Rashba on Berakhot 17a:1"
                }
            ], 
            "text": "Mar b. Kabina used to add at the conclusion of his prayer : "
        }, 
        {
            "segmentNumber": "13", 
            "he": "אלהי נצור לשוני מרע ושפתותי מדבר מרמה ולמקללי נפשי תדום ונפשי כעפר לכל תהיה פתח לבי בתורתך ובמצותיך תרדוף נפשי ותצילני מפגע רע מיצר הרע ומאשה רעה ומכל רעות המתרגשות לבא בעולם וכל החושבים עלי רעה מהרה הפר עצתם וקלקל מחשבותם יהיו לרצון אמרי פי והגיון לבי לפניך ה' צורי וגואלי.", 
            "links": [
                {
                    "category": "Commentary", 
                    "sourceHeRef": "תוספות על ברכות י״ז א:י״ג:א׳", 
                    "sourceRef": "Tosafot on Berakhot 17a:13:1", 
                    "ref": "Tosafot on Berakhot 17a:13:1"
                }, 
                {
                    "category": "Modern Works", 
                    "sourceHeRef": "הערות באנגלית של אברהם כהן על מסכת ברכות י״ז א:ח׳", 
                    "sourceRef": "Abraham Cohen Footnotes to the English Translation of Masechet Berakhot 17a:8", 
                    "ref": "Abraham Cohen Footnotes to the English Translation of Masechet Berakhot 17a:8"
                }, 
                {
                    "category": "Modern Works", 
                    "sourceHeRef": "הערות באנגלית של אברהם כהן על מסכת ברכות י״ז א:ט׳", 
                    "sourceRef": "Abraham Cohen Footnotes to the English Translation of Masechet Berakhot 17a:9", 
                    "ref": "Abraham Cohen Footnotes to the English Translation of Masechet Berakhot 17a:9"
                }
            ], 
            "text": "O my God ! (Guard my tongue from evil and my lips from speaking guile ; and to such as curse me let my soul be dumb, yea, let my soul be unto all as the dust. Open my heart to Thy Torah, and let my soul pursue Thy commandments. And do Thou deliver me from mishap, from the evil impulse, and from an evil woman and all evil which breaks forth to come upon the world. If any design evil against me, speedily make their counsel of none effect, and frustrate their designs. Let the words of my mouth and the meditation of my heart be acceptable before Thee, O Lord my Rock and Redeemer. "
        }, 
        {
            "segmentNumber": "14", 
            "he": "רב ששת כי הוה יתיב בתעניתא בתר דמצלי אמר הכי", 
            "links": [], 
            "text": "Rab Sheshet, when observing a fast, used to add at the conclusion of his prayer :"
        }, 
        {
            "segmentNumber": "15", 
            "he": "רבון העולמים גלוי לפניך בזמן שבית המקדש קיים אדם חוטא ומקריב קרבן ואין מקריבין ממנו אלא חלבו ודמו ומתכפר לו", 
            "links": [
                {
                    "category": "Quoting Commentary", 
                    "sourceHeRef": " חידושי אגדות על מסכת ברכות י״ז א:ה׳", 
                    "sourceRef": "Chidushei Agadot on Berakhot 17a:5", 
                    "ref": "Chidushei Agadot on Berakhot 17a:5"
                }
            ], 
            "text": " Lord of the universe ! It is revealed before Thee that when the Sanctuary was in existence, a man sinned and brought an offering, of which they sacrificed only the fat and the blood, and atonement was made for him. "
        }, 
        {
            "segmentNumber": "16", 
            "he": "ועכשיו ישבתי בתענית ונתמעט חלבי ודמי יהי רצון מלפניך שיהא חלבי ודמי שנתמעט כאילו הקרבתיו לפניך על גבי המזבח ותרצני.", 
            "links": [
                {
                    "category": "Modern Works", 
                    "sourceHeRef": "הערות באנגלית של אברהם כהן על מסכת ברכות י״ז א:י׳", 
                    "sourceRef": "Abraham Cohen Footnotes to the English Translation of Masechet Berakhot 17a:10", 
                    "ref": "Abraham Cohen Footnotes to the English Translation of Masechet Berakhot 17a:10"
                }
            ], 
            "text": "But now, I observe a fast, and my fat and blood are diminished. May it be Thy will, that my fat and blood which have been diminished may be accounted as though I had offered them before Thee upon the altar, and do Thou favour me. "
        }, 
        {
            "segmentNumber": "17", 
            "he": "ר' יוחנן כי הוה מסיים ספרא דאיוב אמר הכי", 
            "links": [
                {
                    "category": "Commentary", 
                    "sourceHeRef": "רש\"י על ברכות י״ז א:י״ז:א׳", 
                    "sourceRef": "Rashi on Berakhot 17a:17:1", 
                    "ref": "Rashi on Berakhot 17a:17:1"
                }, 
                {
                    "category": "Quoting Commentary", 
                    "sourceHeRef": " חידושי אגדות על מסכת ברכות י״ז א:ו׳", 
                    "sourceRef": "Chidushei Agadot on Berakhot 17a:6", 
                    "ref": "Chidushei Agadot on Berakhot 17a:6"
                }, 
                {
                    "category": "Modern Works", 
                    "sourceHeRef": "הערות באנגלית של אברהם כהן על מסכת ברכות י״ז א:י״א", 
                    "sourceRef": "Abraham Cohen Footnotes to the English Translation of Masechet Berakhot 17a:11", 
                    "ref": "Abraham Cohen Footnotes to the English Translation of Masechet Berakhot 17a:11"
                }
            ], 
            "text": "R. Johanan said : R. Meir, on concluding the reading of the Book of Job, used to say:"
        }, 
        {
            "segmentNumber": "18", 
            "he": "סוף אדם למות וסוף בהמה לשחיטה והכל למיתה הם עומדים", 
            "links": [], 
            "text": " It is the fate of man to die and of cattle to be slaughtered, and all are destined to die. "
        }, 
        {
            "segmentNumber": "19", 
            "he": "אשרי מי שגדל בתורה ועמלו בתורה ועושה נחת רוח ליוצרו וגדל בשם טוב ונפטר בשם טוב מן העולם ועליו אמר שלמה (קהלת ז, א) טוב שם משמן טוב ויום המות מיום הולדו.", 
            "links": [
                {
                    "category": "Tanach", 
                    "sourceHeRef": "קהלת ז׳:א׳", 
                    "sourceRef": "Ecclesiastes 7:1", 
                    "ref": "Ecclesiastes 7:1"
                }
            ], 
            "text": "Happy is he who has grown in Torah and whose labour has been in Torah ; who has caused tranquillity of spirit to his Creator, advanced in good repute, and departed from the world with a good name. Of him said Solomon, \"A good name is better than precious oil, and the day of death than the day of one's birth \" (Eccles. vii. 1). "
        }, 
        {
            "segmentNumber": "20", 
            "he": "מרגלא בפומיה דר\"מ", 
            "links": [
                {
                    "category": "Commentary", 
                    "sourceHeRef": "רש\"י על ברכות י״ז א:כ׳:א׳", 
                    "sourceRef": "Rashi on Berakhot 17a:20:1", 
                    "ref": "Rashi on Berakhot 17a:20:1"
                }
            ], 
            "text": "It was a favourite saying of R. Meir : "
        }, 
        {
            "segmentNumber": "21", 
            "he": "גמור בכל לבבך ובכל נפשך לדעת את דרכי ולשקוד על דלתי תורתי נצור תורתי בלבך ונגד עיניך תהיה יראתי שמור פיך מכל חטא וטהר וקדש עצמך מכל אשמה ועון ואני אהיה עמך בכל מקום.", 
            "links": [
                {
                    "category": "Quoting Commentary", 
                    "sourceHeRef": " חידושי אגדות על מסכת ברכות י״ז א:ז׳", 
                    "sourceRef": "Chidushei Agadot on Berakhot 17a:7", 
                    "ref": "Chidushei Agadot on Berakhot 17a:7"
                }
            ], 
            "text": "Learn with all thy heart and with all thy soul to know My ways and watch at the doors of My Torah. Guard My Torah in thy heart and let the fear of Me be before thine eyes. Keep thy mouth from all sin, and purify and sanctify thyself from all guilt and iniquity. Then shall I be with thee everywhere. "
        }, 
        {
            "segmentNumber": "22", 
            "he": "מרגלא בפומייהו דרבנן דיבנה", 
            "links": [
                {
                    "category": "Modern Works", 
                    "sourceHeRef": "הערות באנגלית של אברהם כהן על מסכת ברכות י״ז א:י״ב", 
                    "sourceRef": "Abraham Cohen Footnotes to the English Translation of Masechet Berakhot 17a:12", 
                    "ref": "Abraham Cohen Footnotes to the English Translation of Masechet Berakhot 17a:12"
                }
            ], 
            "text": "It was a favourite saying of the Rabbis of Jabneh :"
        }, 
        {
            "segmentNumber": "23", 
            "he": "אני בריה וחברי בריה אני מלאכתי בעיר והוא מלאכתו בשדה אני משכים למלאכתי והוא משכים למלאכתו כשם שהוא אינו מתגדר במלאכתי כך אני איני מתגדר במלאכתו ושמא תאמר", 
            "links": [
                {
                    "category": "Commentary", 
                    "sourceHeRef": "רש\"י על ברכות י״ז א:כ״ג:א׳", 
                    "sourceRef": "Rashi on Berakhot 17a:23:1", 
                    "ref": "Rashi on Berakhot 17a:23:1"
                }, 
                {
                    "category": "Commentary", 
                    "sourceHeRef": "רש\"י על ברכות י״ז א:כ״ג:ב׳", 
                    "sourceRef": "Rashi on Berakhot 17a:23:2", 
                    "ref": "Rashi on Berakhot 17a:23:2"
                }, 
                {
                    "category": "Commentary", 
                    "sourceHeRef": "רש\"י על ברכות י״ז א:כ״ג:ג׳", 
                    "sourceRef": "Rashi on Berakhot 17a:23:3", 
                    "ref": "Rashi on Berakhot 17a:23:3"
                }, 
                {
                    "category": "Commentary", 
                    "sourceHeRef": "תוספות על ברכות י״ז א:כ״ג:א׳", 
                    "sourceRef": "Tosafot on Berakhot 17a:23:1", 
                    "ref": "Tosafot on Berakhot 17a:23:1"
                }, 
                {
                    "category": "Commentary", 
                    "sourceHeRef": "רש\"י על ברכות י״ז א:כ״ג:ד׳", 
                    "sourceRef": "Rashi on Berakhot 17a:23:4", 
                    "ref": "Rashi on Berakhot 17a:23:4"
                }
            ], 
            "text": " I am a creature [of God] and my neighbour is also His creature ; my work is in the city and his in the field ; I rise early to my work and he rises early to his. As he cannot excel in my work, so I cannot excel in his work. But perhaps thou sayest, "
        }, 
        {
            "segmentNumber": "24", 
            "he": "אני מרבה והוא ממעיט שנינו", 
            "links": [
                {
                    "category": "Commentary", 
                    "sourceHeRef": "רש\"י על ברכות י״ז א:כ״ד:א׳", 
                    "sourceRef": "Rashi on Berakhot 17a:24:1", 
                    "ref": "Rashi on Berakhot 17a:24:1"
                }
            ], 
            "text": "\"I do great things and he small things\"! We have learnt that [it matters not whether]"
        }, 
        {
            "segmentNumber": "25", 
            "he": "אחד המרבה ואחד הממעיט ובלבד שיכוין לבו לשמים.", 
            "links": [
                {
                    "category": "Commentary", 
                    "sourceHeRef": "רש\"י על ברכות י״ז א:כ״ה:א׳", 
                    "sourceRef": "Rashi on Berakhot 17a:25:1", 
                    "ref": "Rashi on Berakhot 17a:25:1"
                }
            ], 
            "text": " one does much or little, if only he direct his heart to Heaven. "
        }, 
        {
            "segmentNumber": "26", 
            "he": "מרגלא בפומיה דאביי", 
            "links": [], 
            "text": "It was a favourite saying of Abbai: "
        }, 
        {
            "segmentNumber": "27", 
            "he": "לעולם יהא אדם ערום ביראה (משלי טו, א) מענה רך משיב חמה ומרבה שלום עם אחיו ועם קרוביו ועם כל אדם ואפילו עם נכרי בשוק כדי שיהא אהוב למעלה ונחמד למטה ויהא מקובל על הבריות", 
            "links": [
                {
                    "category": "Commentary", 
                    "sourceHeRef": "רש\"י על ברכות י״ז א:כ״ז:א׳", 
                    "sourceRef": "Rashi on Berakhot 17a:27:1", 
                    "ref": "Rashi on Berakhot 17a:27:1"
                }, 
                {
                    "category": "Quoting Commentary", 
                    "sourceHeRef": " חידושי אגדות על מסכת ברכות י״ז א:ט׳", 
                    "sourceRef": "Chidushei Agadot on Berakhot 17a:9", 
                    "ref": "Chidushei Agadot on Berakhot 17a:9"
                }, 
                {
                    "category": "Modern Works", 
                    "sourceHeRef": "הערות באנגלית של אברהם כהן על מסכת ברכות י״ז א:י״ג", 
                    "sourceRef": "Abraham Cohen Footnotes to the English Translation of Masechet Berakhot 17a:13", 
                    "ref": "Abraham Cohen Footnotes to the English Translation of Masechet Berakhot 17a:13"
                }, 
                {
                    "category": "Modern Works", 
                    "sourceHeRef": "הערות באנגלית של אברהם כהן על מסכת ברכות י״ז א:י״ד", 
                    "sourceRef": "Abraham Cohen Footnotes to the English Translation of Masechet Berakhot 17a:14", 
                    "ref": "Abraham Cohen Footnotes to the English Translation of Masechet Berakhot 17a:14"
                }, 
                {
                    "category": "Tanach", 
                    "sourceHeRef": "משלי ט״ו:א׳", 
                    "sourceRef": "Proverbs 15:1", 
                    "ref": "Proverbs 15:1"
                }
            ], 
            "text": "A man should always be cunning in the fear [of God], giving the soft answer that turneth away wrath (cf. Prov. xv. 1), increasing peace with his brethren and relatives and with all men, even the heathen in the street ; so that he may be beloved above and popular on earth, and acceptable to his fellow-creatures."
        }, 
        {
            "segmentNumber": "28", 
            "he": "אמרו עליו על רבן יוחנן בן ", 
            "links": [], 
            "text": " They say of Rabban Johanan b."
        }, 
        {
            "segmentNumber": "29", 
            "he": "זכאי שלא הקדימו אדם שלום מעולם ואפילו נכרי בשוק.", 
            "links": [
                {
                    "category": "Quoting Commentary", 
                    "sourceHeRef": " חידושי אגדות על מסכת ברכות י״ז א:י׳", 
                    "sourceRef": "Chidushei Agadot on Berakhot 17a:10", 
                    "ref": "Chidushei Agadot on Berakhot 17a:10"
                }
            ], 
            "text": " Zakkai that nobody ever greeted him first, not even the heathen in the street. "
        }, 
        {
            "segmentNumber": "30", 
            "he": "מרגלא בפומיה דרבא", 
            "links": [], 
            "text": "It was a favourite saying of Raba : "
        }, 
        {
            "segmentNumber": "31", 
            "he": "תכלית חכמה תשובה ומעשים טובים", 
            "links": [
                {
                    "category": "Commentary", 
                    "sourceHeRef": "רש\"י על ברכות י״ז א:ל״א:א׳", 
                    "sourceRef": "Rashi on Berakhot 17a:31:1", 
                    "ref": "Rashi on Berakhot 17a:31:1"
                }
            ], 
            "text": "The goal of wisdom is repentance and good works; "
        }, 
        {
            "segmentNumber": "32", 
            "he": "שלא יהא אדם קורא ושונה ובועט באביו ובאמו וברבו ובמי שהוא גדול ממנו בחכמה ובמנין שנאמר", 
            "links": [
                {
                    "category": "Quoting Commentary", 
                    "sourceHeRef": " חידושי אגדות על מסכת ברכות י״ז א:י״א", 
                    "sourceRef": "Chidushei Agadot on Berakhot 17a:11", 
                    "ref": "Chidushei Agadot on Berakhot 17a:11"
                }
            ], 
            "text": "so that a man shall not read [Torah] and study [Mishnah] and then contradict his father or mother or teacher or anybody greater than he in knowledge and number [of years]; as it is said,"
        }, 
        {
            "segmentNumber": "33", 
            "he": "(תהלים קיא, י) ראשית חכמה יראת ה' שכל טוב לכל עושיהם", 
            "links": [
                {
                    "category": "Tanach", 
                    "sourceHeRef": "תהילים קי״א:י׳", 
                    "sourceRef": "Psalms 111:10", 
                    "ref": "Psalms 111:10"
                }
            ], 
            "text": " \"The fear of the Lord is the beginning of wisdom, a good understanding have all that do thereafter\" (Ps. cxi. 10). "
        }, 
        {
            "segmentNumber": "34", 
            "he": "לעושים לא נאמר אלא לעושיהם לעושים לשמה ולא לעושים שלא לשמה", 
            "links": [
                {
                    "category": "Modern Works", 
                    "sourceHeRef": "הערות באנגלית של אברהם כהן על מסכת ברכות י״ז א:ט״ו", 
                    "sourceRef": "Abraham Cohen Footnotes to the English Translation of Masechet Berakhot 17a:15", 
                    "ref": "Abraham Cohen Footnotes to the English Translation of Masechet Berakhot 17a:15"
                }, 
                {
                    "category": "Modern Works", 
                    "sourceHeRef": "הערות באנגלית של אברהם כהן על מסכת ברכות י״ז א:ט״ז", 
                    "sourceRef": "Abraham Cohen Footnotes to the English Translation of Masechet Berakhot 17a:16", 
                    "ref": "Abraham Cohen Footnotes to the English Translation of Masechet Berakhot 17a:16"
                }
            ], 
            "text": "\"All that learn\" is not said here, but \"all that do thereafter,\" i.e. they that practise Torah for its own sake, but not they that practise Torah not for its own sake. "
        }, 
        {
            "segmentNumber": "35", 
            "he": "וכל העושה שלא לשמה נוח לו שלא נברא.", 
            "links": [
                {
                    "category": "Commentary", 
                    "sourceHeRef": "רש\"י על ברכות י״ז א:ל״ה:א׳", 
                    "sourceRef": "Rashi on Berakhot 17a:35:1", 
                    "ref": "Rashi on Berakhot 17a:35:1"
                }, 
                {
                    "category": "Commentary", 
                    "sourceHeRef": "תוספות על ברכות י״ז א:ל״ה:א׳", 
                    "sourceRef": "Tosafot on Berakhot 17a:35:1", 
                    "ref": "Tosafot on Berakhot 17a:35:1"
                }, 
                {
                    "category": "Modern Works", 
                    "sourceHeRef": "הערות באנגלית של אברהם כהן על מסכת ברכות י״ז א:י״ז", 
                    "sourceRef": "Abraham Cohen Footnotes to the English Translation of Masechet Berakhot 17a:17", 
                    "ref": "Abraham Cohen Footnotes to the English Translation of Masechet Berakhot 17a:17"
                }
            ], 
            "text": "As for him who does not fulfil the Torah for its own sake, it were better had he never been created. "
        }, 
        {
            "segmentNumber": "36", 
            "he": "מרגלא בפומיה דרב", 
            "links": [], 
            "text": "It was a favourite saying of Rab :"
        }, 
        {
            "segmentNumber": "37", 
            "he": "[לא כעולם הזה העולם הבא] העולם הבא אין בו לא אכילה ולא שתיה ולא פריה ורביה ולא משא ומתן ולא קנאה ולא שנאה ולא תחרות אלא צדיקים יושבין ועטרותיהם בראשיהם ונהנים מזיו השכינה שנאמר", 
            "links": [
                {
                    "category": "Modern Works", 
                    "sourceHeRef": "הערות באנגלית של אברהם כהן על מסכת ברכות י״ז א:י״ח", 
                    "sourceRef": "Abraham Cohen Footnotes to the English Translation of Masechet Berakhot 17a:18", 
                    "ref": "Abraham Cohen Footnotes to the English Translation of Masechet Berakhot 17a:18"
                }
            ], 
            "text": " Not like this world is the world to come. In the world to come there is neither eating nor drinking; no procreation of children or business transactions; no envy or hatred or rivalry ; but the righteous sit enthroned, their crowns on their heads, and enjoy the lustre of the Shekinah; as it is said, "
        }, 
        {
            "segmentNumber": "38", 
            "he": "(שמות כד, יא) ויחזו את האלהים ויאכלו וישתו:", 
            "links": [
                {
                    "category": "Commentary", 
                    "sourceHeRef": "רש\"י על ברכות י״ז א:ל״ח:א׳", 
                    "sourceRef": "Rashi on Berakhot 17a:38:1", 
                    "ref": "Rashi on Berakhot 17a:38:1"
                }, 
                {
                    "category": "Modern Works", 
                    "sourceHeRef": "הערות באנגלית של אברהם כהן על מסכת ברכות י״ז א:י״ט", 
                    "sourceRef": "Abraham Cohen Footnotes to the English Translation of Masechet Berakhot 17a:19", 
                    "ref": "Abraham Cohen Footnotes to the English Translation of Masechet Berakhot 17a:19"
                }, 
                {
                    "category": "Tanach", 
                    "sourceHeRef": "שמות כ״ד:י״א", 
                    "sourceRef": "Exodus 24:11", 
                    "ref": "Exodus 24:11"
                }
            ], 
            "text": "\"And they beheld God, and did eat and drink\" (Exod. xxiv. ll). "
        }, 
        {
            "segmentNumber": "39", 
            "he": "גדולה הבטחה שהבטיחן הקב\"ה לנשים יותר מן האנשים שנא' (ישעיהו לב, ט) נשים שאננות קומנה שמענה קולי בנות בוטחות האזנה אמרתי", 
            "links": [
                {
                    "category": "Commentary", 
                    "sourceHeRef": "רש\"י על ברכות י״ז א:ל״ט:א׳", 
                    "sourceRef": "Rashi on Berakhot 17a:39:1", 
                    "ref": "Rashi on Berakhot 17a:39:1"
                }, 
                {
                    "category": "Quoting Commentary", 
                    "sourceHeRef": " חידושי אגדות על מסכת ברכות י״ז א:י״ג", 
                    "sourceRef": "Chidushei Agadot on Berakhot 17a:13", 
                    "ref": "Chidushei Agadot on Berakhot 17a:13"
                }, 
                {
                    "category": "Modern Works", 
                    "sourceHeRef": "הערות באנגלית של אברהם כהן על מסכת ברכות י״ז א:כ׳", 
                    "sourceRef": "Abraham Cohen Footnotes to the English Translation of Masechet Berakhot 17a:20", 
                    "ref": "Abraham Cohen Footnotes to the English Translation of Masechet Berakhot 17a:20"
                }, 
                {
                    "category": "Modern Works", 
                    "sourceHeRef": "הערות באנגלית של אברהם כהן על מסכת ברכות י״ז א:כ״א", 
                    "sourceRef": "Abraham Cohen Footnotes to the English Translation of Masechet Berakhot 17a:21", 
                    "ref": "Abraham Cohen Footnotes to the English Translation of Masechet Berakhot 17a:21"
                }, 
                {
                    "category": "Tanach", 
                    "sourceHeRef": "ישעיהו ל״ב:ט׳", 
                    "sourceRef": "Isaiah 32:9", 
                    "ref": "Isaiah 32:9"
                }
            ], 
            "text": "Our Rabbis have taught : Greater is the promise given by the Holy One, blessed be He, to women than to men ; as it is said, \"Rise up, ye women that, are at ease, and hear My voice ; ye confident daughters, give ear unto My speech\" (Is. xxxii. 9)."
        }, 
        {
            "segmentNumber": "40", 
            "he": "א\"ל רב לר' חייא", 
            "links": [], 
            "text": " Rab asked R. Hiyya : "
        }, 
        {
            "segmentNumber": "41", 
            "he": "נשים במאי זכיין באקרויי בנייהו לבי כנישתא ובאתנויי גברייהו בי רבנן ונטרין לגברייהו עד דאתו מבי רבנן.", 
            "links": [
                {
                    "category": "Commentary", 
                    "sourceHeRef": "רש\"י על ברכות י״ז א:מ״א:א׳", 
                    "sourceRef": "Rashi on Berakhot 17a:41:1", 
                    "ref": "Rashi on Berakhot 17a:41:1"
                }, 
                {
                    "category": "Commentary", 
                    "sourceHeRef": "רש\"י על ברכות י״ז א:מ״א:ב׳", 
                    "sourceRef": "Rashi on Berakhot 17a:41:2", 
                    "ref": "Rashi on Berakhot 17a:41:2"
                }, 
                {
                    "category": "Commentary", 
                    "sourceHeRef": "רש\"י על ברכות י״ז א:מ״א:ג׳", 
                    "sourceRef": "Rashi on Berakhot 17a:41:3", 
                    "ref": "Rashi on Berakhot 17a:41:3"
                }, 
                {
                    "category": "Modern Works", 
                    "sourceHeRef": "הערות באנגלית של אברהם כהן על מסכת ברכות י״ז א:כ״ב", 
                    "sourceRef": "Abraham Cohen Footnotes to the English Translation of Masechet Berakhot 17a:22", 
                    "ref": "Abraham Cohen Footnotes to the English Translation of Masechet Berakhot 17a:22"
                }, 
                {
                    "category": "Modern Works", 
                    "sourceHeRef": "הערות באנגלית של אברהם כהן על מסכת ברכות י״ז א:כ״ג", 
                    "sourceRef": "Abraham Cohen Footnotes to the English Translation of Masechet Berakhot 17a:23", 
                    "ref": "Abraham Cohen Footnotes to the English Translation of Masechet Berakhot 17a:23"
                }
            ], 
            "text": "Wherewith do women acquire merit? By sending their children to learn [Torah] in the Synagogue and their husbands to study in the schools of the Rabbis, and waiting for their husbands until they return from the schools of the Rabbis. "
        }, 
        {
            "segmentNumber": "42", 
            "he": "כי הוו מפטרי רבנן מבי ר' אמי ואמרי לה מבי ר' חנינא אמרי ליה הכי", 
            "links": [
                {
                    "category": "Commentary", 
                    "sourceHeRef": "רש\"י על ברכות י״ז א:מ״ב:א׳", 
                    "sourceRef": "Rashi on Berakhot 17a:42:1", 
                    "ref": "Rashi on Berakhot 17a:42:1"
                }, 
                {
                    "category": "Modern Works", 
                    "sourceHeRef": "הערות באנגלית של אברהם כהן על מסכת ברכות י״ז א:כ״ד", 
                    "sourceRef": "Abraham Cohen Footnotes to the English Translation of Masechet Berakhot 17a:24", 
                    "ref": "Abraham Cohen Footnotes to the English Translation of Masechet Berakhot 17a:24"
                }, 
                {
                    "category": "Modern Works", 
                    "sourceHeRef": "הערות באנגלית של אברהם כהן על מסכת ברכות י״ז א:כ״ה", 
                    "sourceRef": "Abraham Cohen Footnotes to the English Translation of Masechet Berakhot 17a:25", 
                    "ref": "Abraham Cohen Footnotes to the English Translation of Masechet Berakhot 17a:25"
                }
            ], 
            "text": "As the Rabbis departed from the school of R. Ammi (another version: R. Hannina's school), they said to him:"
        }, 
        {
            "segmentNumber": "43", 
            "he": "עולמך תראה בחייך ואחריתך לחיי העולם הבא ותקותך לדור דורים", 
            "links": [
                {
                    "category": "Commentary", 
                    "sourceHeRef": "רש\"י על ברכות י״ז א:מ״ג:א׳", 
                    "sourceRef": "Rashi on Berakhot 17a:43:1", 
                    "ref": "Rashi on Berakhot 17a:43:1"
                }, 
                {
                    "category": "Commentary", 
                    "sourceHeRef": "שיטה מקובצת על ברכות י״ז א:מ״ג:א׳", 
                    "sourceRef": "Shita Mekubetzet on Berakhot 17a:43:1", 
                    "ref": "Shita Mekubetzet on Berakhot 17a:43:1"
                }, 
                {
                    "category": "Quoting Commentary", 
                    "sourceHeRef": " חידושי אגדות על מסכת ברכות י״ז א:י״ד", 
                    "sourceRef": "Chidushei Agadot on Berakhot 17a:14", 
                    "ref": "Chidushei Agadot on Berakhot 17a:14"
                }, 
                {
                    "category": "Quoting Commentary", 
                    "sourceHeRef": " חידושי אגדות על מסכת ברכות י״ז א:ט״ו", 
                    "sourceRef": "Chidushei Agadot on Berakhot 17a:15", 
                    "ref": "Chidushei Agadot on Berakhot 17a:15"
                }, 
                {
                    "category": "Modern Works", 
                    "sourceHeRef": "הערות באנגלית של אברהם כהן על מסכת ברכות י״ז א:כ״ו", 
                    "sourceRef": "Abraham Cohen Footnotes to the English Translation of Masechet Berakhot 17a:26", 
                    "ref": "Abraham Cohen Footnotes to the English Translation of Masechet Berakhot 17a:26"
                }
            ], 
            "text": " Mayest thou see thy world in thy life-time, and may thine end be in the life of the world to come and thy hope throughout the generations. "
        }, 
        {
            "segmentNumber": "44", 
            "he": "לבך יהגה תבונה פיך ידבר חכמות ולשונך ירחיש רננות עפעפיך יישירו נגדך עיניך יאירו במאור תורה ופניך יזהירו כזוהר הרקיע שפתותיך יביעו דעת וכליותיך תעלוזנה מישרים ופעמיך ירוצו לשמוע דברי עתיק יומין.", 
            "links": [
                {
                    "category": "Commentary", 
                    "sourceHeRef": "רש\"י על ברכות י״ז א:מ״ד:א׳", 
                    "sourceRef": "Rashi on Berakhot 17a:44:1", 
                    "ref": "Rashi on Berakhot 17a:44:1"
                }, 
                {
                    "category": "Commentary", 
                    "sourceHeRef": "רש\"י על ברכות י״ז א:מ״ד:ב׳", 
                    "sourceRef": "Rashi on Berakhot 17a:44:2", 
                    "ref": "Rashi on Berakhot 17a:44:2"
                }, 
                {
                    "category": "Quoting Commentary", 
                    "sourceHeRef": " חידושי אגדות על מסכת ברכות י״ז א:ט״ז", 
                    "sourceRef": "Chidushei Agadot on Berakhot 17a:16", 
                    "ref": "Chidushei Agadot on Berakhot 17a:16"
                }, 
                {
                    "category": "Quoting Commentary", 
                    "sourceHeRef": " חידושי אגדות על מסכת ברכות י״ז א:י״ז", 
                    "sourceRef": "Chidushei Agadot on Berakhot 17a:17", 
                    "ref": "Chidushei Agadot on Berakhot 17a:17"
                }, 
                {
                    "category": "Modern Works", 
                    "sourceHeRef": "הערות באנגלית של אברהם כהן על מסכת ברכות י״ז א:כ״ז", 
                    "sourceRef": "Abraham Cohen Footnotes to the English Translation of Masechet Berakhot 17a:27", 
                    "ref": "Abraham Cohen Footnotes to the English Translation of Masechet Berakhot 17a:27"
                }
            ], 
            "text": "May thy heart meditate in understanding, thy mouth speak wisdom, thy tongue abound in joyful songs, thine eyelids set thy glance straight before thee, thine eyes be illumined with the light of the Torah, thy countenance shine like the splendour of the firmament, thy lips utter knowledge, thy reins exult with up-rightness, and thy feet run to hear the words of the Ancient of days. "
        }, 
        {
            "segmentNumber": "45", 
            "he": "כי הוו מפטרי רבנן מבי רב חסדא ואמרי לה מבי ר' שמואל בר נחמני אמרו ליה הכי", 
            "links": [], 
            "text": "As the Rabbis departed from the school of Rab Hisda (another version : the school of R. Samuel b. Nahmani) they said to him :"
        }, 
        {
            "segmentNumber": "46", 
            "he": "(תהלים קמד, יד) אלופינו מסובלים וגו'", 
            "links": [
                {
                    "category": "Modern Works", 
                    "sourceHeRef": "הערות באנגלית של אברהם כהן על מסכת ברכות י״ז א:כ״ח", 
                    "sourceRef": "Abraham Cohen Footnotes to the English Translation of Masechet Berakhot 17a:28", 
                    "ref": "Abraham Cohen Footnotes to the English Translation of Masechet Berakhot 17a:28"
                }, 
                {
                    "category": "Tanach", 
                    "sourceHeRef": "תהילים קמ״ד:י״ד", 
                    "sourceRef": "Psalms 144:14", 
                    "ref": "Psalms 144:14"
                }
            ], 
            "text": " \"Our leaders are well laden ; with no breach, and no going forth, and no outcry in our broad places\" (Ps. cxliv. 14)."
        }, 
        {
            "segmentNumber": "47", 
            "he": "אלופינו מסובלים רב ושמואל ואמרי לה רבי יוחנן ור' אלעזר חד אמר", 
            "links": [
                {
                    "category": "Quoting Commentary", 
                    "sourceHeRef": " חידושי אגדות על מסכת ברכות י״ז א:ח׳", 
                    "sourceRef": "Chidushei Agadot on Berakhot 17a:8", 
                    "ref": "Chidushei Agadot on Berakhot 17a:8"
                }
            ], 
            "text": " \"Our leaders are well laden\" — Rab and Samuel (another version : R. Johanan and R. Eleazar) [differ in interpretation] ; one says, "
        }, 
        {
            "segmentNumber": "48", 
            "he": "אלופינו בתורה ומסובלים במצות", 
            "links": [], 
            "text": "\"Our leaders\" in Torah \"are well laden\" with religious duties ;"
        }, 
        {
            "segmentNumber": "49", 
            "he": "וחד אמר", 
            "links": [], 
            "text": " the other says,"
        }, 
        {
            "segmentNumber": "50", 
            "he": "אלופינו בתורה ובמצות ומסובלים ביסורים", 
            "links": [
                {
                    "category": "Quoting Commentary", 
                    "sourceHeRef": " חידושי אגדות על מסכת ברכות י״ז א:י״ח", 
                    "sourceRef": "Chidushei Agadot on Berakhot 17a:18", 
                    "ref": "Chidushei Agadot on Berakhot 17a:18"
                }, 
                {
                    "category": "Quoting Commentary", 
                    "sourceHeRef": " חידושי אגדות על מסכת ברכות י״ז א:י״ט", 
                    "sourceRef": "Chidushei Agadot on Berakhot 17a:19", 
                    "ref": "Chidushei Agadot on Berakhot 17a:19"
                }
            ], 
            "text": " \"Our leaders\" in Torah and religious duties \"are well laden\" with sufferings. "
        }
    ], 
    "heRef": "ברכות י״ז א", 
    "toSections": [
        "17a"
    ], 
    "sectionRef": "Berakhot 17a", 
    "title": "Berakhot 17a", 
    "lengths": [
        125, 
        9861
    ], 
    "next": "Berakhot 17b", 
    "heBook": "ברכות", 
    "book": "Berakhot", 
    "prev": "Berakhot 16b", 
    "textDepth": 2, 
    "sectionNames": [
        "Daf", 
        "Line"
    ], 
    "sections": [
        "17a"
    ], 
    "isComplex": false, 
    "titleVariants": [
        "Berachoth", 
        "Berachot", 
        "Berakhoth", 
        "Brachot", 
        "Tractate Berakhot", 
        "Berachos", 
        "Berakhot", 
        "Masekhet Berakhot", 
        "Talmud Berakhot"
    ], 
    "categories": [
        "Talmud", 
        "Bavli", 
        "Seder Zeraim"
    ], 
    "ref": "Berakhot 17a", 
    "type": "Talmud", 
    "addressTypes": [
        "Talmud", 
        "Integer"
    ], 
    "length": 125, 
    "indexTitle": "Berakhot", 
    "heIndexTitle": "ברכות", 
    "alts": [], 
    "order": [
        1, 
        1
    ]
}