{
    "heTitleVariants": [
        " קרבן נתנאל על ביצה"
    ], 
    "heTitle": " קרבן נתנאל על ביצה", 
    "heRef": " קרבן נתנאל על ביצה נ״ז", 
    "toSections": [
        57
    ], 
    "sectionRef": "Korban Netanel on Beitzah 57", 
    "next": "Korban Netanel on Beitzah 58", 
    "content": [
        {
            "segmentNumber": "1", 
            "he": "<b>  רבי  </b> יהודה אומר. דף כח: ", 
            "links": [
                {
                    "category": "Commentary", 
                    "sourceHeRef": " פסקי הראש על ביצה ג׳:ז׳:א׳", 
                    "index_title": "Rosh on Beitzah", 
                    "sourceRef": "Rosh on Beitzah 3:7:1"
                }
            ], 
            "text": ""
        }
    ], 
    "book": "Korban Netanel on Beitzah", 
    "prev": "Korban Netanel on Beitzah 56", 
    "textDepth": 2, 
    "sectionNames": [
        "Seif", 
        "siman"
    ], 
    "sections": [
        57
    ], 
    "isComplex": false, 
    "titleVariants": [
        "Korban Netanel on Beitzah"
    ], 
    "categories": [
        "Commentary2", 
        "Talmud", 
        "Korban Netanel"
    ], 
    "ref": "Korban Netanel on Beitzah 57", 
    "type": "Commentary2", 
    "addressTypes": [
        "Integer", 
        "Integer"
    ], 
    "indexTitle": "Korban Netanel on Beitzah", 
    "heIndexTitle": " קרבן נתנאל על ביצה", 
    "alts": [], 
    "order": ""
}