[{
    "links": [
        [
            "68:1", 
            "Rosh on Beitzah 4:1:2", 
            "Commentary"
        ]
    ], 
    "text": [], 
    "heTitleVariants": [
        " קרבן נתנאל על ביצה"
    ], 
    "heTitle": " קרבן נתנאל על ביצה", 
    "heRef": " קרבן נתנאל על ביצה ס״ח", 
    "toSections": [
        68
    ], 
    "sectionRef": "Korban Netanel on Beitzah 68", 
    "next": "Korban Netanel on Beitzah 69", 
    "book": "Korban Netanel on Beitzah", 
    "prev": "Korban Netanel on Beitzah 67", 
    "textDepth": 2, 
    "sectionNames": [
        "Seif", 
        "siman"
    ], 
    "sections": [
        68
    ], 
    "isComplex": false, 
    "titleVariants": [
        "Korban Netanel on Beitzah"
    ], 
    "categories": [
        "Commentary2", 
        "Talmud", 
        "Korban Netanel"
    ], 
    "he": [
        "<b>  בחד  </b> לישנא כו' ובאידך לישנא. ונ\"מ להנך תרי לישני. אי קי\"ל ביום טוב כר\"י או כר\"ש כמבואר בשלהי מכילתין: "
    ], 
    "ref": "Korban Netanel on Beitzah 68", 
    "type": "Commentary2", 
    "addressTypes": [
        "Integer", 
        "Integer"
    ], 
    "indexTitle": "Korban Netanel on Beitzah", 
    "heIndexTitle": " קרבן נתנאל על ביצה", 
    "alts": [], 
    "order": ""
}]