{
    "heTitleVariants": [
        "רבינו גרשום על מכות"
    ], 
    "heTitle": "רבינו גרשום על מכות כ״א ב", 
    "content": [], 
    "commentaryBook": "Makkot", 
    "heRef": "רבינו גרשום על מכות כ״א ב", 
    "toSections": [
        "21b"
    ], 
    "sectionRef": "Rabbeinu Gershom on Makkot 21b", 
    "title": "Rabbeinu Gershom on Makkot 21b", 
    "lengths": [
        46, 
        2355
    ], 
    "next": "Rabbeinu Gershom on Makkot 24a:35", 
    "heBook": "רבינו גרשום על מכות", 
    "book": "Rabbeinu Gershom on Makkot", 
    "prev": null, 
    "textDepth": 3, 
    "sectionNames": [
        "Daf", 
        "Line", 
        "Comment"
    ], 
    "sections": [
        "21b"
    ], 
    "commentator": "Rabbeinu Gershom", 
    "isComplex": false, 
    "commentaryCategories": [
        "Talmud", 
        "Bavli", 
        "Seder Nezikin"
    ], 
    "titleVariants": [
        "Rabbeinu Gershom on Talmud Makkot", 
        "Rabbeinu Gershom on Talmud Makkos", 
        "Rabbeinu Gershom on Tractate Makkos", 
        "Rabbeinu Gershom on Makkot", 
        "Rabbeinu Gershom on Tractate Makkot", 
        "Rabbeinu Gershom on Makkos", 
        "Rabbeinu Gershom on Masekhet Makkot"
    ], 
    "categories": [
        "Commentary", 
        "Talmud", 
        "Rabbeinu Gershom"
    ], 
    "ref": "Rabbeinu Gershom on Makkot 21b", 
    "type": "Commentary", 
    "addressTypes": [
        "Talmud", 
        "Integer", 
        "Integer"
    ], 
    "heCommentator": "רבינו גרשום", 
    "length": 46, 
    "indexTitle": "Rabbeinu Gershom on Makkot", 
    "heIndexTitle": "רבינו גרשום על מכות", 
    "alts": [], 
    "order": [
        24, 
        5
    ]
}