{
    "content": [
        {
            "segmentNumber": "1", 
            "he": "ר"
        }, 
        {
            "segmentNumber": "2", 
            "he": "שאלה אם יש חילוק בין ברכת נישואין לאלמן שנשא אלמנה לבחור או לאלמן שנשא בתולה כי מצאתי בסדורין הפרש. ונ״ל שאין הפרש דאם איתא כשאמר בגמרא מאי מברך ה״ל לפרושי לאלמן שנשא אלמנה כך לבחור שנשא אלמנה כך כמו שחלקו בימי הברכה והשמחה ואלו הסדורין אין להם שרש וענף ולא נודע מי בעל דברים אלו:"
        }
    ], 
    "heTitle": "תשובות הרשב\"א מיוחס להרמב\"ן", 
    "indexTitle": "Teshuvot haRashba Meyuchas LehaRamban", 
    "sectionRef": "Teshuvot haRashba Meyuchas LehaRamban 200", 
    "prev": "Teshuvot haRashba Meyuchas LehaRamban 199", 
    "ref": "Teshuvot haRashba Meyuchas LehaRamban 200", 
    "heRef": "תשובות הרשב\"א מיוחס להרמב\"ן ר׳", 
    "next": "Teshuvot haRashba Meyuchas LehaRamban 201"
}