{
    "sections": {
        "Tosafot on Niddah 49a:24": {
            "content": [
                {
                    "segmentNumber": "1", 
                    "links": [
                        {
                            "category": "Talmud", 
                            "index_title": "Niddah", 
                            "sourceHeRef": "נדה מ״ט א:כ״ד", 
                            "sourceRef": "Niddah 49a:24"
                        }, 
                        {
                            "category": "Talmud", 
                            "index_title": "Chullin", 
                            "sourceHeRef": "חולין ק״ז א", 
                            "sourceRef": "Chullin 107a"
                        }, 
                        {
                            "category": "Talmud", 
                            "index_title": "Shabbat", 
                            "sourceHeRef": "שבת צ״ה ב", 
                            "sourceRef": "Shabbat 95b"
                        }
                    ], 
                    "he": "אם כנסה בידוע שהוא ככונס משקה. והא דאמר בפרק כל הבשר (חולין דף קז.) אי בזיע דוולא ככונס משקה מילף לייפי ומטבילין בו הידים דהוו מחוברין לנהר לאו היינו ככונס משקה דהכא דהתם איירי כשהנקב כל כך גדול עד שהמים מקלחין והוי חבור ע\"י נצוק לידים דאע\"ג דלענין טבילה לא הוי חבור וכונס משקה דהכא שיורד טיף טיף כדאמר בסמוך מיהו אפשר דההוא כונס משקה הוי כדהכא דהתם נמי מייתי האי כונס משקה דהכא דאמר רבא כלי שניקב בכונס משקה אין נוטלין הימנו לידים משמע דשוין ואע\"ג דלא הוי נצוק דבדבר מועט הוי חבור לענין טבילת ידים וגם רש\"י לא הזכיר שם נצוק ואע\"ג דבכולי שמעתין במתניתין ובברייתא לא קאמר כונס משקה אלא בכלי חרס ובסוף המצניע (שבת דף צה:) נמי קאמר ה' מדות בכלי חרס משמע דדווקא בכלי חרס הן כל אותם מדות ולא בכלי עץ מ\"מ הא דרבא דאמר בפ' כל הבשר כלי שנקב בכונס משקה אין נוטלין הימנו לידים יש להחמיר בכל הכלים שניקבו ככונס משקה שלא ליטול מהם כיון שלא הזכיר שם כלי חרס אלא קאמר כלי סתם:"
                }
            ], 
            "heTitle": "תוספות על נדה מ״ט א:כ״ד", 
            "indexTitle": "Tosafot on Niddah", 
            "sectionRef": "Tosafot on Niddah 49a:24", 
            "prev": "Tosafot on Niddah 49a:18", 
            "ref": "Tosafot on Niddah 49a:24", 
            "heRef": "תוספות על נדה מ״ט א:כ״ד", 
            "next": "Tosafot on Niddah 49b:12"
        }, 
        "Tosafot on Niddah 49a:23": {
            "content": [], 
            "heTitle": "תוספות על נדה מ״ט א:כ״ג", 
            "indexTitle": "Tosafot on Niddah", 
            "sectionRef": "Tosafot on Niddah 49a:23", 
            "prev": "Tosafot on Niddah 49a:18", 
            "ref": "Tosafot on Niddah 49a:23", 
            "heRef": "תוספות על נדה מ״ט א:כ״ג", 
            "next": "Tosafot on Niddah 49a:24"
        }, 
        "Tosafot on Niddah 49a:22": {
            "content": [], 
            "heTitle": "תוספות על נדה מ״ט א:כ״ב", 
            "indexTitle": "Tosafot on Niddah", 
            "sectionRef": "Tosafot on Niddah 49a:22", 
            "prev": "Tosafot on Niddah 49a:18", 
            "ref": "Tosafot on Niddah 49a:22", 
            "heRef": "תוספות על נדה מ״ט א:כ״ב", 
            "next": "Tosafot on Niddah 49a:24"
        }, 
        "Tosafot on Niddah 49a:21": {
            "content": [], 
            "heTitle": "תוספות על נדה מ״ט א:כ״א", 
            "indexTitle": "Tosafot on Niddah", 
            "sectionRef": "Tosafot on Niddah 49a:21", 
            "prev": "Tosafot on Niddah 49a:18", 
            "ref": "Tosafot on Niddah 49a:21", 
            "heRef": "תוספות על נדה מ״ט א:כ״א", 
            "next": "Tosafot on Niddah 49a:24"
        }, 
        "Tosafot on Niddah 49a:20": {
            "content": [], 
            "heTitle": "תוספות על נדה מ״ט א:כ׳", 
            "indexTitle": "Tosafot on Niddah", 
            "sectionRef": "Tosafot on Niddah 49a:20", 
            "prev": "Tosafot on Niddah 49a:18", 
            "ref": "Tosafot on Niddah 49a:20", 
            "heRef": "תוספות על נדה מ״ט א:כ׳", 
            "next": "Tosafot on Niddah 49a:24"
        }, 
        "Tosafot on Niddah 49a:12": {
            "content": [], 
            "heTitle": "תוספות על נדה מ״ט א:י״ב", 
            "indexTitle": "Tosafot on Niddah", 
            "sectionRef": "Tosafot on Niddah 49a:12", 
            "prev": "Tosafot on Niddah 49a:1", 
            "ref": "Tosafot on Niddah 49a:12", 
            "heRef": "תוספות על נדה מ״ט א:י״ב", 
            "next": "Tosafot on Niddah 49a:16"
        }, 
        "Tosafot on Niddah 49a:13": {
            "content": [], 
            "heTitle": "תוספות על נדה מ״ט א:י״ג", 
            "indexTitle": "Tosafot on Niddah", 
            "sectionRef": "Tosafot on Niddah 49a:13", 
            "prev": "Tosafot on Niddah 49a:1", 
            "ref": "Tosafot on Niddah 49a:13", 
            "heRef": "תוספות על נדה מ״ט א:י״ג", 
            "next": "Tosafot on Niddah 49a:16"
        }, 
        "Tosafot on Niddah 49a:10": {
            "content": [], 
            "heTitle": "תוספות על נדה מ״ט א:י׳", 
            "indexTitle": "Tosafot on Niddah", 
            "sectionRef": "Tosafot on Niddah 49a:10", 
            "prev": "Tosafot on Niddah 49a:1", 
            "ref": "Tosafot on Niddah 49a:10", 
            "heRef": "תוספות על נדה מ״ט א:י׳", 
            "next": "Tosafot on Niddah 49a:16"
        }, 
        "Tosafot on Niddah 49a:11": {
            "content": [], 
            "heTitle": "תוספות על נדה מ״ט א:י״א", 
            "indexTitle": "Tosafot on Niddah", 
            "sectionRef": "Tosafot on Niddah 49a:11", 
            "prev": "Tosafot on Niddah 49a:1", 
            "ref": "Tosafot on Niddah 49a:11", 
            "heRef": "תוספות על נדה מ״ט א:י״א", 
            "next": "Tosafot on Niddah 49a:16"
        }, 
        "Tosafot on Niddah 49a:16": {
            "content": [
                {
                    "segmentNumber": "1", 
                    "links": [
                        {
                            "category": "Talmud", 
                            "index_title": "Niddah", 
                            "sourceHeRef": "נדה מ״ט א:ט״ז", 
                            "sourceRef": "Niddah 49a:16"
                        }, 
                        {
                            "category": "Talmud", 
                            "index_title": "Yoma", 
                            "sourceHeRef": "יומא ב׳ א", 
                            "sourceRef": "Yoma 2a"
                        }
                    ], 
                    "he": "כשר למי חטאת. והא דאמרינן (יומא דף ב.) שכל מעשיה בכלי גללים בכלי אבנים בכלי אדמה היינו בזמן שמזין על כהן השורפה שהחמירו שם לפי שהקילו לטמאותה לשחטה בטבול יום להוציא מלבן של צדוקים:"
                }
            ], 
            "heTitle": "תוספות על נדה מ״ט א:ט״ז", 
            "indexTitle": "Tosafot on Niddah", 
            "sectionRef": "Tosafot on Niddah 49a:16", 
            "prev": "Tosafot on Niddah 49a:1", 
            "ref": "Tosafot on Niddah 49a:16", 
            "heRef": "תוספות על נדה מ״ט א:ט״ז", 
            "next": "Tosafot on Niddah 49a:18"
        }, 
        "Tosafot on Niddah 49a:17": {
            "content": [], 
            "heTitle": "תוספות על נדה מ״ט א:י״ז", 
            "indexTitle": "Tosafot on Niddah", 
            "sectionRef": "Tosafot on Niddah 49a:17", 
            "prev": "Tosafot on Niddah 49a:16", 
            "ref": "Tosafot on Niddah 49a:17", 
            "heRef": "תוספות על נדה מ״ט א:י״ז", 
            "next": "Tosafot on Niddah 49a:18"
        }, 
        "Tosafot on Niddah 49a:14": {
            "content": [], 
            "heTitle": "תוספות על נדה מ״ט א:י״ד", 
            "indexTitle": "Tosafot on Niddah", 
            "sectionRef": "Tosafot on Niddah 49a:14", 
            "prev": "Tosafot on Niddah 49a:1", 
            "ref": "Tosafot on Niddah 49a:14", 
            "heRef": "תוספות על נדה מ״ט א:י״ד", 
            "next": "Tosafot on Niddah 49a:16"
        }, 
        "Tosafot on Niddah 49a:15": {
            "content": [], 
            "heTitle": "תוספות על נדה מ״ט א:ט״ו", 
            "indexTitle": "Tosafot on Niddah", 
            "sectionRef": "Tosafot on Niddah 49a:15", 
            "prev": "Tosafot on Niddah 49a:1", 
            "ref": "Tosafot on Niddah 49a:15", 
            "heRef": "תוספות על נדה מ״ט א:ט״ו", 
            "next": "Tosafot on Niddah 49a:16"
        }, 
        "Tosafot on Niddah 49a:18": {
            "content": [
                {
                    "segmentNumber": "1", 
                    "links": [
                        {
                            "category": "Talmud", 
                            "index_title": "Niddah", 
                            "sourceHeRef": "נדה מ״ט א:י״ח", 
                            "sourceRef": "Niddah 49a:18"
                        }, 
                        {
                            "category": "Talmud", 
                            "index_title": "Chullin", 
                            "sourceHeRef": "חולין נ״ד ב", 
                            "sourceRef": "Chullin 54b"
                        }
                    ], 
                    "he": "אלא לענין גסטרא. פירש ר\"ח גסטרא הוא שבר בלשון יון ונראה דאין שבר כלי חרס טמא משום גסטרא אלא א\"כ יחדו דהא אפילו שלם כשניקב בכונס משקה טהור עד שייחדנו לאוכלין כ\"ש אם נשבר לגמרי דבעו השברים יחוד וא\"ת והא דתנן ומייתי לה בפרק אלו טרפות (חולין דף נד:) הדקין שבכלי חרס הן וקרקרותיהן ודופנותיהן שיעורן בכדי סיכת קטן עד לוג ומלוג עד סאה ברביעית כו' כיון דאיירי ע\"י יחוד אפילו שבר מכלי גדול יהא שיעורו בכדי סיכת. קטן וי\"ל דאין דרך לייחד שבר קטן הבא מכלי גדול ובטלה דעתו אצל כל בני אדם ואם תאמר הא דתניא בתוספתא דכלים ס\"פ מחט וטבעת ושולי המחצין וקרקעות הכלים אין ממלאים ואין מקדשין בהם שפאן ועשאן כלי מקדשין בהן כו' דברי ר\"מ וחכ\"א כלי שטהר שעה אחת אין לו טומאה עולמית ואין לומר דכשצריך תקון תו לא נחית ליה טומאה דהתנן במסכת כלים (פ\"ה מ\"ח) חתכו חוליות פחות מד' טפחים טהור מרחו בטיט מקבל טומאה משיסיקנו לאפות בו סופגנין אלמא מהני בה תיקון ולא מסתברא דאתיא כר\"מ ולא כרבנן וי\"ל דמה שאין לו טומאה לעולם היינו בשברים הפחותים משיעור המפורש בחולין (דף נה.) ומחמת גריעותם לא מהני תקון בהן אבל הך דתנור מיירי דע\"י תקון הוא כבתחלה:"
                }
            ], 
            "heTitle": "תוספות על נדה מ״ט א:י״ח", 
            "indexTitle": "Tosafot on Niddah", 
            "sectionRef": "Tosafot on Niddah 49a:18", 
            "prev": "Tosafot on Niddah 49a:16", 
            "ref": "Tosafot on Niddah 49a:18", 
            "heRef": "תוספות על נדה מ״ט א:י״ח", 
            "next": "Tosafot on Niddah 49a:24"
        }, 
        "Tosafot on Niddah 49a:19": {
            "content": [], 
            "heTitle": "תוספות על נדה מ״ט א:י״ט", 
            "indexTitle": "Tosafot on Niddah", 
            "sectionRef": "Tosafot on Niddah 49a:19", 
            "prev": "Tosafot on Niddah 49a:18", 
            "ref": "Tosafot on Niddah 49a:19", 
            "heRef": "תוספות על נדה מ״ט א:י״ט", 
            "next": "Tosafot on Niddah 49a:24"
        }, 
        "Tosafot on Niddah 49a:8": {
            "content": [], 
            "heTitle": "תוספות על נדה מ״ט א:ח׳", 
            "indexTitle": "Tosafot on Niddah", 
            "sectionRef": "Tosafot on Niddah 49a:8", 
            "prev": "Tosafot on Niddah 49a:1", 
            "ref": "Tosafot on Niddah 49a:8", 
            "heRef": "תוספות על נדה מ״ט א:ח׳", 
            "next": "Tosafot on Niddah 49a:16"
        }, 
        "Tosafot on Niddah 49a:9": {
            "content": [], 
            "heTitle": "תוספות על נדה מ״ט א:ט׳", 
            "indexTitle": "Tosafot on Niddah", 
            "sectionRef": "Tosafot on Niddah 49a:9", 
            "prev": "Tosafot on Niddah 49a:1", 
            "ref": "Tosafot on Niddah 49a:9", 
            "heRef": "תוספות על נדה מ״ט א:ט׳", 
            "next": "Tosafot on Niddah 49a:16"
        }, 
        "Tosafot on Niddah 49a:1": {
            "content": [
                {
                    "segmentNumber": "1", 
                    "links": [
                        {
                            "category": "Talmud", 
                            "index_title": "Niddah", 
                            "sourceHeRef": "נדה מ״ט א:א׳", 
                            "sourceRef": "Niddah 49a:1"
                        }, 
                        {
                            "category": "Talmud", 
                            "index_title": "Yevamot", 
                            "sourceHeRef": "יבמות ס״ב ב", 
                            "sourceRef": "Yevamot 62b"
                        }, 
                        {
                            "category": "Talmud", 
                            "index_title": "Bava Batra", 
                            "sourceHeRef": "בבא בתרא קנ״ו א", 
                            "sourceRef": "Bava Batra 156a"
                        }, 
                        {
                            "category": "Talmud", 
                            "index_title": "Eruvin", 
                            "sourceHeRef": "עירובין מ״ו ב", 
                            "sourceRef": "Eruvin 46b"
                        }, 
                        {
                            "category": "Talmud", 
                            "index_title": "Shabbat", 
                            "sourceHeRef": "שבת פ׳ ב", 
                            "sourceRef": "Shabbat 80b"
                        }
                    ], 
                    "he": "ואיבעית אימא רבי שמעון ולאחר הפרק ולית ליה חזקה דרבא. ר\"ח פוסק דהלכה כרבי שמעון דתוך הפרק כלפני הפרק כדמסקינן שלהי יוצא דופן (לעיל דף מו.) וההוא דאית ליה דתוך הזמן כלאחר זמן איתותב לעיל. ומתוך כך פסק נמי דאין הלכה כרבא דאמר חזקה הביאה סימנין דהא ר' שמעון דפסקינן כוותיה לית ליה דרבא ועוד בפרק מי שמת (ב\"ב דף קנו.) אמר רב נחמן בודקין לחליצה ולמיאונים ואין נראה דאפילו יהיה הלכה כר' שמעון בהא דתוך הפרק כלפני הפרק אין הלכה כמותו בהא דלית ליה חזקה דרבא דלאו הא בהא תליא ורבא גופיה פסיק לעיל דתוך הזמן כלפני זמן והא דמוקי הש\"ס ברייתא כרבי שמעון ולית ליה דרבא אע\"ג דאתי שפיר כרבי יהודה וכרבא אין זו ראייה מן הש\"ס דמיישב הברייתא בכל ענין ודרב נחמן נמי ליתא מקמי רבא דהוי בתראה ועוד דרבא נמי איכא לאוקומי מילתיה דרב נחמן דאמר בודקין למיאונין היינו תוך הפרק דליכא חזקה אי נמי אחר הפרק ובודקין אם לא ימצאו שערות תמאן דאין חוששין שמא נשרו אלא כשבעל אחר זמן ורבא איירי בשבעל ומעשים בכל יום דסמכינן אבדיקת נשים לאחר הפרק והיינו דלא כר\"ש ואפי' בתוך הפרק כלפני הפרק אומר רבי דאין הלכה כרבי שמעון דעל כרחך תוך הזמן ותוך הפרק לאו חדא מילתא הוא דאי חדא מילתא הוא א\"כ אמאי איתותבו לעיל רבי יוחנן ורבי יהושע בן לוי דאמרי תוך הזמן כלאחר הזמן כיון דפליגי הכא תנאי ועוד דלעיל קרי ליה זמן והכא קרי ליה פרק ועוד פרק משמע גדלות כמו (יבמות דף סב:) המשיאן סמוך לפרקן ובפרק המוציא יין (שבת דף פ:) בנות ישראל שהגיעו לפרקן ולא הגיעו פירוש הביאו ב' שערות ולא הגיעו לכלל שנים ומפרש רבינו תם דפליגי הכא ביום אחרון של שנת י\"ב ויום אחד לנקבה או ביום שנת י\"ג ויום אחד לזכר ואותו יום אקרי תוך הפרק דלר' יהודה הוי זמן הבאת שערות מתחלת היום ולרבי שמעון בסופו וקי\"ל כרבי יהודה לגבי רבי שמעון בפרק מי שהוציאוהו (עירובין דף מו:) והשתא יבם קטן או יבמה קטנה שבאו לחלוץ טוב לכתחלה לבודקם לפני הפרק אם יש להם שערות וכן לאחר הפרק ואם הן אותן שהיו קודם נמתין עד שיביאו שערות אחרות אבל יבם גדול ויבמה גדולה דלא אפשר עוד לברר חולצין שפיר אם יש להם שערות ואין לחוש שמא לפני הפרק באו כדפירשתי לעיל ואם יש ליבמה דדים גדולים אין צריך לבדוק אחר השערות דהא אמרינן לעיל אי אפשר שיבא העליון עד שיבא התחתון:"
                }
            ], 
            "heTitle": "תוספות על נדה מ״ט א:א׳", 
            "indexTitle": "Tosafot on Niddah", 
            "sectionRef": "Tosafot on Niddah 49a:1", 
            "prev": "Tosafot on Niddah 48b:42", 
            "ref": "Tosafot on Niddah 49a:1", 
            "heRef": "תוספות על נדה מ״ט א:א׳", 
            "next": "Tosafot on Niddah 49a:16"
        }, 
        "Tosafot on Niddah 49a:2": {
            "content": [], 
            "heTitle": "תוספות על נדה מ״ט א:ב׳", 
            "indexTitle": "Tosafot on Niddah", 
            "sectionRef": "Tosafot on Niddah 49a:2", 
            "prev": "Tosafot on Niddah 49a:1", 
            "ref": "Tosafot on Niddah 49a:2", 
            "heRef": "תוספות על נדה מ״ט א:ב׳", 
            "next": "Tosafot on Niddah 49a:16"
        }, 
        "Tosafot on Niddah 49a:3": {
            "content": [], 
            "heTitle": "תוספות על נדה מ״ט א:ג׳", 
            "indexTitle": "Tosafot on Niddah", 
            "sectionRef": "Tosafot on Niddah 49a:3", 
            "prev": "Tosafot on Niddah 49a:1", 
            "ref": "Tosafot on Niddah 49a:3", 
            "heRef": "תוספות על נדה מ״ט א:ג׳", 
            "next": "Tosafot on Niddah 49a:16"
        }, 
        "Tosafot on Niddah 49a:4": {
            "content": [], 
            "heTitle": "תוספות על נדה מ״ט א:ד׳", 
            "indexTitle": "Tosafot on Niddah", 
            "sectionRef": "Tosafot on Niddah 49a:4", 
            "prev": "Tosafot on Niddah 49a:1", 
            "ref": "Tosafot on Niddah 49a:4", 
            "heRef": "תוספות על נדה מ״ט א:ד׳", 
            "next": "Tosafot on Niddah 49a:16"
        }, 
        "Tosafot on Niddah 49a:5": {
            "content": [], 
            "heTitle": "תוספות על נדה מ״ט א:ה׳", 
            "indexTitle": "Tosafot on Niddah", 
            "sectionRef": "Tosafot on Niddah 49a:5", 
            "prev": "Tosafot on Niddah 49a:1", 
            "ref": "Tosafot on Niddah 49a:5", 
            "heRef": "תוספות על נדה מ״ט א:ה׳", 
            "next": "Tosafot on Niddah 49a:16"
        }, 
        "Tosafot on Niddah 49a:6": {
            "content": [], 
            "heTitle": "תוספות על נדה מ״ט א:ו׳", 
            "indexTitle": "Tosafot on Niddah", 
            "sectionRef": "Tosafot on Niddah 49a:6", 
            "prev": "Tosafot on Niddah 49a:1", 
            "ref": "Tosafot on Niddah 49a:6", 
            "heRef": "תוספות על נדה מ״ט א:ו׳", 
            "next": "Tosafot on Niddah 49a:16"
        }, 
        "Tosafot on Niddah 49a:7": {
            "content": [], 
            "heTitle": "תוספות על נדה מ״ט א:ז׳", 
            "indexTitle": "Tosafot on Niddah", 
            "sectionRef": "Tosafot on Niddah 49a:7", 
            "prev": "Tosafot on Niddah 49a:1", 
            "ref": "Tosafot on Niddah 49a:7", 
            "heRef": "תוספות על נדה מ״ט א:ז׳", 
            "next": "Tosafot on Niddah 49a:16"
        }
    }, 
    "ref": "Tosafot on Niddah 49a"
}