[{
    "links": [
        [
            "18", 
            "Rosh on Berakhot 1:7:1", 
            "Commentary"
        ]
    ], 
    "text": "", 
    "heTitleVariants": [
        " דברי חמודות על ברכות"
    ], 
    "heTitle": " דברי חמודות על ברכות", 
    "heRef": " דברי חמודות על ברכות י״ח", 
    "toSections": [
        18
    ], 
    "sectionRef": "Divrey Chamudot on Berakhot", 
    "next": null, 
    "book": "Divrey Chamudot on Berakhot", 
    "prev": null, 
    "textDepth": 1, 
    "sectionNames": [
        "Siman"
    ], 
    "sections": [
        18
    ], 
    "isComplex": false, 
    "titleVariants": [
        "Divrey Chamudot on Berakhot"
    ], 
    "categories": [
        "Commentary2", 
        "Talmud", 
        "Divrey Chamudot"
    ], 
    "he": "<b>  כל  </b> הנותן מטתו כו'. ודוקא כשישן עם אשתו מפני שהשכינה מצויה בין מזרח למערב והוי הדבר גנאי לשכב אצל אשתו מפני התשמיש וכן משמע ומוכחי קראי כ\"כ התוס' ולפי מה שכתבתי במי\"ט נראה שתהא ראש המטה לצפון וכתב הב\"י סי' ג' שנכון ליזהר אף כשאין אשתו עמו כמו שנראה מדברי הרמב\"ם בפ\"ז מהלכות בית הבחירה כי הוא עמוד ההוראה: \n", 
    "ref": "Divrey Chamudot on Berakhot 18", 
    "type": "Commentary2", 
    "addressTypes": [
        "Integer"
    ], 
    "indexTitle": "Divrey Chamudot on Berakhot", 
    "heIndexTitle": " דברי חמודות על ברכות", 
    "alts": [], 
    "order": ""
}]