[{
    "links": [
        [
            "185", 
            "Rosh on Berakhot 3:12:1", 
            "Commentary"
        ]
    ], 
    "text": "", 
    "heTitleVariants": [
        " דברי חמודות על ברכות"
    ], 
    "heTitle": " דברי חמודות על ברכות", 
    "heRef": " דברי חמודות על ברכות קפ״ה", 
    "toSections": [
        185
    ], 
    "sectionRef": "Divrey Chamudot on Berakhot", 
    "next": null, 
    "book": "Divrey Chamudot on Berakhot", 
    "prev": null, 
    "textDepth": 1, 
    "sectionNames": [
        "Siman"
    ], 
    "sections": [
        185
    ], 
    "isComplex": false, 
    "titleVariants": [
        "Divrey Chamudot on Berakhot"
    ], 
    "categories": [
        "Commentary2", 
        "Talmud", 
        "Divrey Chamudot"
    ], 
    "he": "<b>  אין  </b> מדקדקים במת כו' בבה\"מ. כתבו ג\"כ רביע בפ\"ב דכתובות ושם אפרש בס\"ד וכן עיין בהל' כלאי בגדים דבפי האשה שבמסכת נדה: \n", 
    "ref": "Divrey Chamudot on Berakhot 185", 
    "type": "Commentary2", 
    "addressTypes": [
        "Integer"
    ], 
    "indexTitle": "Divrey Chamudot on Berakhot", 
    "heIndexTitle": " דברי חמודות על ברכות", 
    "alts": [], 
    "order": ""
}]