[{
    "links": [
        [
            "268", 
            "Rosh on Berakhot 3:37:1", 
            "Commentary"
        ]
    ], 
    "text": "", 
    "heTitleVariants": [
        " דברי חמודות על ברכות"
    ], 
    "heTitle": " דברי חמודות על ברכות", 
    "heRef": " דברי חמודות על ברכות רס״ח", 
    "toSections": [
        268
    ], 
    "sectionRef": "Divrey Chamudot on Berakhot", 
    "next": null, 
    "book": "Divrey Chamudot on Berakhot", 
    "prev": null, 
    "textDepth": 1, 
    "sectionNames": [
        "Siman"
    ], 
    "sections": [
        268
    ], 
    "isComplex": false, 
    "titleVariants": [
        "Divrey Chamudot on Berakhot"
    ], 
    "categories": [
        "Commentary2", 
        "Talmud", 
        "Divrey Chamudot"
    ], 
    "he": "<b>  ממטה  </b> ללבו. דהיינו חציצה כדכתבתי בעל לבו במי\"ט ומ\"מ אם מכסה את לבו בבגד עצמו נמי סגי אבל בטלית שעליו בלבד ואין לו בגד אחר א\"א דתסגי בכסוי שהרי עדיין לבו וערוה כהדדי הן ואין דבר ביניהן ודמיא להא דאשה לבושה חלוק כו' דלעיל דבכה\"ג באיש ודאי דאסור ולא דק יפה רמ\"י בלשונו ריש סימן ע\"ד כמ\"ש בס\"ד במלבושי י\"ט: \n", 
    "ref": "Divrey Chamudot on Berakhot 268", 
    "type": "Commentary2", 
    "addressTypes": [
        "Integer"
    ], 
    "indexTitle": "Divrey Chamudot on Berakhot", 
    "heIndexTitle": " דברי חמודות על ברכות", 
    "alts": [], 
    "order": ""
}]