[{
    "links": [
        [
            "49b:49:1", 
            "Kiddushin 49b:49", 
            "Talmud"
        ], 
        [
            "49b:49:1", 
            "Sukkah 41b", 
            "Talmud"
        ]
    ], 
    "text": [], 
    "heTitleVariants": [
        "תוספות על קידושין"
    ], 
    "heTitle": "תוספות על קידושין מ״ט ב", 
    "commentaryBook": "Kiddushin", 
    "heRef": "תוספות על קידושין מ״ט ב", 
    "toSections": [
        "49b"
    ], 
    "sectionRef": "Tosafot on Kiddushin 49b", 
    "title": "Tosafot on Kiddushin 49b", 
    "lengths": [
        162, 
        8517
    ], 
    "next": "Tosafot on Kiddushin 50a:36", 
    "heBook": "תוספות על קידושין", 
    "book": "Tosafot on Kiddushin", 
    "prev": "Tosafot on Kiddushin 49a:46", 
    "textDepth": 3, 
    "sectionNames": [
        "Daf", 
        "Line", 
        "Comment"
    ], 
    "sections": [
        "49b"
    ], 
    "commentator": "Tosafot", 
    "isComplex": false, 
    "commentaryCategories": [
        "Talmud", 
        "Bavli", 
        "Seder Nashim"
    ], 
    "titleVariants": [
        "Tosafot on Kiddushin", 
        "Tosafot on Masechet Kiddushin", 
        "Tosafot on Tractate Kiddushin", 
        "Tosafot on Masekhet Kiddushin", 
        "Tosafot on Talmud Kiddushin", 
        "Tosafot on Qiddushin", 
        "Tosafot on Masekhet Qiddushin"
    ], 
    "categories": [
        "Commentary", 
        "Talmud", 
        "Tosafot"
    ], 
    "he": [
        [], 
        [], 
        [], 
        [], 
        [], 
        [], 
        [], 
        [], 
        [], 
        [], 
        [], 
        [], 
        [], 
        [], 
        [], 
        [], 
        [], 
        [], 
        [], 
        [], 
        [], 
        [], 
        [], 
        [], 
        [], 
        [], 
        [], 
        [], 
        [], 
        [], 
        [], 
        [], 
        [], 
        [], 
        [], 
        [], 
        [], 
        [], 
        [], 
        [], 
        [], 
        [], 
        [], 
        [], 
        [], 
        [], 
        [], 
        [], 
        [
            "דברים שבלב אינם דברים - משמע דוקא משום שלא פירש דבריו אבל אם פירש דבריו להדיא ואמר בשעת המכר שהוא מוכרם לפי שהוא רוצה ללכת לארץ ישראל הוה המכר בטל וקשה אמאי הא בעינן תנאי כפול והרי לא התנה שאם לא ילך לא יתקיים המקח ורשב\"ם פירש (סוכה דף מא:) גבי אתרוג על מנת להחזיר אם החזירו יצא לא החזירו לא יצא ואע\"ג דבעינן תנאי כפול הני מילי באיסור כגון התקדשי לי על מנת שתתני לי מאתים זוז וכן בגט אתקין שמואל בגיטא דשכיב מרע אבל בממון לא בעינן תנאי כפול ולא נהירא דהא כל תנאי ילפינן מבני גד ובני ראובן והתם דבר שבממון ואומר ר\"י דצריך לחלק ולומר דיש דברים שאינם צריכין תנאי כפול אלא גלוי מילתא דאנן סהדי דאדעתא דהכי עביד וגם יש דברים דאפילו גילוי מילתא לא בעי כגון ההיא. דהכותב כל נכסיו לאחרים ושמע שיש לו בן שהמתנה בטלה וכן הכותב כל נכסיו לאשתו לא עשאה אלא אפוטרופא לפי שאנו אומדין שלכך היה בדעתו וכמו כן אנן סהדי דלא זבן אלא אדעתא למיסק לארעא דישראל:"
        ], 
        [], 
        []
    ], 
    "ref": "Tosafot on Kiddushin 49b", 
    "type": "Commentary", 
    "addressTypes": [
        "Talmud", 
        "Integer", 
        "Integer"
    ], 
    "heCommentator": "תוספות", 
    "length": 162, 
    "indexTitle": "Tosafot on Kiddushin", 
    "heIndexTitle": "תוספות על קידושין", 
    "alts": [], 
    "order": [
        19, 
        7
    ]
}]