{
    "heTitleVariants": [
        "תוספות על קידושין"
    ], 
    "heTitle": "תוספות על קידושין מ״א א", 
    "content": [
        {
            "segmentNumber": "1", 
            "he": [], 
            "links": [], 
            "text": ""
        }, 
        {
            "segmentNumber": "2", 
            "he": [], 
            "links": [], 
            "text": ""
        }, 
        {
            "segmentNumber": "3", 
            "he": [], 
            "links": [], 
            "text": ""
        }, 
        {
            "segmentNumber": "4", 
            "he": [], 
            "links": [], 
            "text": ""
        }, 
        {
            "segmentNumber": "5", 
            "he": [
                "מתני' האיש מקדש - השתא בשלוחו מקדש בו מיבעיא. ואין שייך לתרץ הכא לאו דוקא ור\"ל לא זו אף זו דלא שייך לשנויי הכי אלא בשתי בבות אבל בשתי תיבות לא:"
            ], 
            "links": [], 
            "text": ""
        }, 
        {
            "segmentNumber": "6", 
            "he": [
                "מתני' האיש מקדש - השתא בשלוחו מקדש בו מיבעיא. ואין שייך לתרץ הכא לאו דוקא ור\"ל לא זו אף זו דלא שייך לשנויי הכי אלא בשתי בבות אבל בשתי תיבות לא:"
            ], 
            "links": [
                {
                    "category": "Talmud", 
                    "sourceHeRef": "קידושין מ״א א:ו׳", 
                    "sourceRef": "Kiddushin 41a:6", 
                    "ref": "Kiddushin 41a:6"
                }
            ], 
            "text": ""
        }, 
        {
            "segmentNumber": "7", 
            "he": [], 
            "links": [], 
            "text": ""
        }, 
        {
            "segmentNumber": "8", 
            "he": [], 
            "links": [], 
            "text": ""
        }, 
        {
            "segmentNumber": "9", 
            "he": [], 
            "links": [], 
            "text": ""
        }, 
        {
            "segmentNumber": "10", 
            "he": [], 
            "links": [], 
            "text": ""
        }, 
        {
            "segmentNumber": "11", 
            "he": [], 
            "links": [], 
            "text": ""
        }, 
        {
            "segmentNumber": "12", 
            "he": [], 
            "links": [], 
            "text": ""
        }, 
        {
            "segmentNumber": "13", 
            "he": [
                "אסור לאדם שיקדש אשה כו'. אע\"ג דקתני האיש מקדש לכתחילה לא נקט ליה אלא לאשמועינן דין קידושין:"
            ], 
            "links": [
                {
                    "category": "Talmud", 
                    "sourceHeRef": "קידושין מ״א א:י״ג", 
                    "sourceRef": "Kiddushin 41a:13", 
                    "ref": "Kiddushin 41a:13"
                }
            ], 
            "text": ""
        }, 
        {
            "segmentNumber": "14", 
            "he": [
                "אי איתמר דרב יוסף אסיפא איתמר - ולהכי לא מוקי ארישא וכגון שמכירה משום דהא מנ\"ל דלמא מתני' מיירי בין מכירה ובין אין מכירה ואפי' איסורא איכא ומלתא דרב יוסף לא נדע:"
            ], 
            "links": [
                {
                    "category": "Talmud", 
                    "sourceHeRef": "קידושין מ״א א:י״ד", 
                    "sourceRef": "Kiddushin 41a:14", 
                    "ref": "Kiddushin 41a:14"
                }
            ], 
            "text": ""
        }, 
        {
            "segmentNumber": "15", 
            "he": [], 
            "links": [], 
            "text": ""
        }, 
        {
            "segmentNumber": "16", 
            "he": [], 
            "links": [], 
            "text": ""
        }, 
        {
            "segmentNumber": "17", 
            "he": [], 
            "links": [], 
            "text": ""
        }, 
        {
            "segmentNumber": "18", 
            "he": [], 
            "links": [], 
            "text": ""
        }, 
        {
            "segmentNumber": "19", 
            "he": [], 
            "links": [], 
            "text": ""
        }, 
        {
            "segmentNumber": "20", 
            "he": [], 
            "links": [], 
            "text": ""
        }, 
        {
            "segmentNumber": "21", 
            "he": [], 
            "links": [], 
            "text": ""
        }, 
        {
            "segmentNumber": "22", 
            "he": [], 
            "links": [], 
            "text": ""
        }, 
        {
            "segmentNumber": "23", 
            "he": [
                "כשהיא נערה אין כשהיא קטנה לא - וא\"ת ודלמא לרבותא נקט נערה וכל שכן קטנה וי\"ל דדייק מדקתני כשהיא נערה ולא קתני האיש מקדש את בתו נערה משמע דוקא נערה אבל לא קטנה א\"נ י\"ל דדייק מדלא קתני במתני' האיש מקדש את בתו סתם כדתנן (כתובות דף מו:) האב זכאי בבתו בקדושיה ולא מפרש נערה כי הכא משמע דהכא דמפרש נערה הוי דוקא ולא קטנה:"
            ], 
            "links": [
                {
                    "category": "Talmud", 
                    "sourceHeRef": "קידושין מ״א א:כ״ג", 
                    "sourceRef": "Kiddushin 41a:23", 
                    "ref": "Kiddushin 41a:23"
                }, 
                {
                    "category": "Talmud", 
                    "sourceHeRef": "כתובות מ״ו ב", 
                    "sourceRef": "Ketubot 46b", 
                    "ref": "Ketubot 46b"
                }
            ], 
            "text": ""
        }, 
        {
            "segmentNumber": "24", 
            "he": [], 
            "links": [], 
            "text": ""
        }, 
        {
            "segmentNumber": "25", 
            "he": [
                "אסור לאדם שיקדש את בתו כשהיא קטנה - ואע\"ג דאמר לעיל דאיסורא ליכא משום דטב למיתב טן דו ה\"מ בגדולה שהיא מתקדשת ע\"י עצמה דכיון שנתרצית ליכא למיחש שמא תחזור אבל קטנה שמתקדשת ע\"י אביה איכא למיחש שמא אם היתה גדולה לא היתה מתרצית ועכשיו שאנו נוהגים לקדש בנותינו אפי' קטנות היינו משום שבכל יום ויום הגלות מתגבר עלינו ואם יש סיפק ביד אדם עכשיו לתת לבתו נדוניא שמא לאחר זמן לא יהיה סיפק בידו ותשב בתו עגונה לעולם:"
            ], 
            "links": [
                {
                    "category": "Talmud", 
                    "sourceHeRef": "קידושין מ״א א:כ״ה", 
                    "sourceRef": "Kiddushin 41a:25", 
                    "ref": "Kiddushin 41a:25"
                }
            ], 
            "text": ""
        }, 
        {
            "segmentNumber": "26", 
            "he": [], 
            "links": [], 
            "text": ""
        }, 
        {
            "segmentNumber": "27", 
            "he": [], 
            "links": [], 
            "text": ""
        }, 
        {
            "segmentNumber": "28", 
            "he": [
                "ושלח ושלחה מלמד שהשליח עושה שליח - פ\"ה דתרי ושלחה כתיב בפרשה וא\"ת הא איצטריך חד ושלחה למדרש דקטנה ושוטה אינה יכולה להתגרש. דהכי משמע ושלחה מי שמשלחה ואינה חוזרת פרט לזו שמשלחה והיא חוזרת וי\"ל דושלחה בתרא יש שתי דרשות דמצי למימר ונתן בידה ולשתוק מדכתב ושלח ש\"מ לדרשא ומה\"א דושלחה נפקא דרשא אחרת ור\"ח פי' דמושלחה אחרון דריש כולהו ודריש שלח דהוה מצי למימר ונתן בידה וכן וי\"ו דושלחה וכן ה' דושלחה ואידך ושלחה איצטריך להך דרשא דמשלחה ואינה חוזרת וזה לשון ר\"ח דתניא שלח מלמד שעושה שליח פירוש ושלחה מביתו אחרון הוה ליה למיכתב ונתן בידה ולמה כתב שלח לומר שעושה שליח הוסיף ה' דכתיב שלחה מלמד שהיא עושה שליח ושלחה הוסיף ו' עוד מלמד שהשליח עושה שליח:"
            ], 
            "links": [
                {
                    "category": "Talmud", 
                    "sourceHeRef": "קידושין מ״א א:כ״ח", 
                    "sourceRef": "Kiddushin 41a:28", 
                    "ref": "Kiddushin 41a:28"
                }
            ], 
            "text": ""
        }, 
        {
            "segmentNumber": "29", 
            "he": [], 
            "links": [], 
            "text": ""
        }, 
        {
            "segmentNumber": "30", 
            "he": [], 
            "links": [], 
            "text": ""
        }, 
        {
            "segmentNumber": "31", 
            "he": [], 
            "links": [], 
            "text": ""
        }, 
        {
            "segmentNumber": "32", 
            "he": [], 
            "links": [], 
            "text": ""
        }, 
        {
            "segmentNumber": "33", 
            "he": [
                "תורם כדעת בעל הבית - פירוש לפי מה שמכיר בבעל הבית עינו יפה או עינו רעה ויש בתרומה שלש מדות לפי שלא נאמר בה שיעור מפורש אלא ראשית דגנך דמשמע כל שהוא ובירושלמי מפרש להו א\"ר לוי בינונית א' מן החמשים ונפקא ליה מתרומת מכס דכתיב (במדבר לא) וממחצית בני ישראל תקח אחד אחוז מן החמשים כל מה שאתה אוחז אחוז א' מחמשים וכמו שמצינו תרומת מכס אחד מחמשים אף כל תרומה תורם אחד מחמשים וזו מדה בינונית ועין רעה אחד מששים ונפקא ליה מקרא דכתיב (יחזקאל מה) ששית האיפה מחומר החטים וששיתם האיפה מחומר השעורים וחומר הוי שלשים סאין ואיפה ג' סאין נמצא ששית האיפה עולה חצי סאה וכשתורם ששית האיפה מחומר נמצא דהיינו אחד מששים והיינו עין רעה ועין יפה אחד ממ' נפקא ליה נמי מהאי קרא דכתיב ששית האיפה וכתיב נמי בהאי קרא וששיתם כלומר וששיתם קאי אחומר חטים וחומר שעורים דבכל חד וחד איכא שתות דהיינו סאה לשני חומרים ותן ששית האיפה דכתיב בהאי קרא על וששיתם נמצא דהיינו אחד מארבעים דהויא סאה וחצי לששים סאין דהיינו חומר חטים וחומר שעורים:"
            ], 
            "links": [
                {
                    "category": "Talmud", 
                    "sourceHeRef": "קידושין מ״א א:ל״ג", 
                    "sourceRef": "Kiddushin 41a:33", 
                    "ref": "Kiddushin 41a:33"
                }, 
                {
                    "category": "Tanach", 
                    "sourceHeRef": "במדבר ל״א", 
                    "sourceRef": "Numbers 31", 
                    "ref": "Numbers 31"
                }, 
                {
                    "category": "Tanach", 
                    "sourceHeRef": "יחזקאל מ״ה", 
                    "sourceRef": "Ezekiel 45", 
                    "ref": "Ezekiel 45"
                }
            ], 
            "text": ""
        }
    ], 
    "commentaryBook": "Kiddushin", 
    "heRef": "תוספות על קידושין מ״א א", 
    "toSections": [
        "41a"
    ], 
    "sectionRef": "Tosafot on Kiddushin 41a", 
    "title": "Tosafot on Kiddushin 41a", 
    "lengths": [
        162, 
        8517
    ], 
    "next": "Tosafot on Kiddushin 41b:1", 
    "heBook": "תוספות על קידושין", 
    "book": "Tosafot on Kiddushin", 
    "prev": "Tosafot on Kiddushin 40b:42", 
    "textDepth": 3, 
    "sectionNames": [
        "Daf", 
        "Line", 
        "Comment"
    ], 
    "sections": [
        "41a"
    ], 
    "commentator": "Tosafot", 
    "isComplex": false, 
    "commentaryCategories": [
        "Talmud", 
        "Bavli", 
        "Seder Nashim"
    ], 
    "titleVariants": [
        "Tosafot on Kiddushin", 
        "Tosafot on Masechet Kiddushin", 
        "Tosafot on Tractate Kiddushin", 
        "Tosafot on Masekhet Kiddushin", 
        "Tosafot on Talmud Kiddushin", 
        "Tosafot on Qiddushin", 
        "Tosafot on Masekhet Qiddushin"
    ], 
    "categories": [
        "Commentary", 
        "Talmud", 
        "Tosafot"
    ], 
    "ref": "Tosafot on Kiddushin 41a", 
    "type": "Commentary", 
    "addressTypes": [
        "Talmud", 
        "Integer", 
        "Integer"
    ], 
    "heCommentator": "תוספות", 
    "length": 162, 
    "indexTitle": "Tosafot on Kiddushin", 
    "heIndexTitle": "תוספות על קידושין", 
    "alts": [], 
    "order": [
        19, 
        7
    ]
}