{
    "sections": {
        "Tosafot on Kiddushin 81b:19": {
            "content": [], 
            "heTitle": "תוספות על קידושין פ״א ב:י״ט", 
            "indexTitle": "Tosafot on Kiddushin", 
            "sectionRef": "Tosafot on Kiddushin 81b:19", 
            "prev": "Tosafot on Kiddushin 81a:47", 
            "ref": "Tosafot on Kiddushin 81b:19", 
            "heRef": "תוספות על קידושין פ״א ב:י״ט", 
            "next": "Tosafot on Kiddushin 81b:73"
        }, 
        "Tosafot on Kiddushin 81b:18": {
            "content": [], 
            "heTitle": "תוספות על קידושין פ״א ב:י״ח", 
            "indexTitle": "Tosafot on Kiddushin", 
            "sectionRef": "Tosafot on Kiddushin 81b:18", 
            "prev": "Tosafot on Kiddushin 81a:47", 
            "ref": "Tosafot on Kiddushin 81b:18", 
            "heRef": "תוספות על קידושין פ״א ב:י״ח", 
            "next": "Tosafot on Kiddushin 81b:73"
        }, 
        "Tosafot on Kiddushin 81b:11": {
            "content": [], 
            "heTitle": "תוספות על קידושין פ״א ב:י״א", 
            "indexTitle": "Tosafot on Kiddushin", 
            "sectionRef": "Tosafot on Kiddushin 81b:11", 
            "prev": "Tosafot on Kiddushin 81a:47", 
            "ref": "Tosafot on Kiddushin 81b:11", 
            "heRef": "תוספות על קידושין פ״א ב:י״א", 
            "next": "Tosafot on Kiddushin 81b:73"
        }, 
        "Tosafot on Kiddushin 81b:10": {
            "content": [], 
            "heTitle": "תוספות על קידושין פ״א ב:י׳", 
            "indexTitle": "Tosafot on Kiddushin", 
            "sectionRef": "Tosafot on Kiddushin 81b:10", 
            "prev": "Tosafot on Kiddushin 81a:47", 
            "ref": "Tosafot on Kiddushin 81b:10", 
            "heRef": "תוספות על קידושין פ״א ב:י׳", 
            "next": "Tosafot on Kiddushin 81b:73"
        }, 
        "Tosafot on Kiddushin 81b:13": {
            "content": [], 
            "heTitle": "תוספות על קידושין פ״א ב:י״ג", 
            "indexTitle": "Tosafot on Kiddushin", 
            "sectionRef": "Tosafot on Kiddushin 81b:13", 
            "prev": "Tosafot on Kiddushin 81a:47", 
            "ref": "Tosafot on Kiddushin 81b:13", 
            "heRef": "תוספות על קידושין פ״א ב:י״ג", 
            "next": "Tosafot on Kiddushin 81b:73"
        }, 
        "Tosafot on Kiddushin 81b:12": {
            "content": [], 
            "heTitle": "תוספות על קידושין פ״א ב:י״ב", 
            "indexTitle": "Tosafot on Kiddushin", 
            "sectionRef": "Tosafot on Kiddushin 81b:12", 
            "prev": "Tosafot on Kiddushin 81a:47", 
            "ref": "Tosafot on Kiddushin 81b:12", 
            "heRef": "תוספות על קידושין פ״א ב:י״ב", 
            "next": "Tosafot on Kiddushin 81b:73"
        }, 
        "Tosafot on Kiddushin 81b:15": {
            "content": [], 
            "heTitle": "תוספות על קידושין פ״א ב:ט״ו", 
            "indexTitle": "Tosafot on Kiddushin", 
            "sectionRef": "Tosafot on Kiddushin 81b:15", 
            "prev": "Tosafot on Kiddushin 81a:47", 
            "ref": "Tosafot on Kiddushin 81b:15", 
            "heRef": "תוספות על קידושין פ״א ב:ט״ו", 
            "next": "Tosafot on Kiddushin 81b:73"
        }, 
        "Tosafot on Kiddushin 81b:14": {
            "content": [], 
            "heTitle": "תוספות על קידושין פ״א ב:י״ד", 
            "indexTitle": "Tosafot on Kiddushin", 
            "sectionRef": "Tosafot on Kiddushin 81b:14", 
            "prev": "Tosafot on Kiddushin 81a:47", 
            "ref": "Tosafot on Kiddushin 81b:14", 
            "heRef": "תוספות על קידושין פ״א ב:י״ד", 
            "next": "Tosafot on Kiddushin 81b:73"
        }, 
        "Tosafot on Kiddushin 81b:17": {
            "content": [], 
            "heTitle": "תוספות על קידושין פ״א ב:י״ז", 
            "indexTitle": "Tosafot on Kiddushin", 
            "sectionRef": "Tosafot on Kiddushin 81b:17", 
            "prev": "Tosafot on Kiddushin 81a:47", 
            "ref": "Tosafot on Kiddushin 81b:17", 
            "heRef": "תוספות על קידושין פ״א ב:י״ז", 
            "next": "Tosafot on Kiddushin 81b:73"
        }, 
        "Tosafot on Kiddushin 81b:16": {
            "content": [], 
            "heTitle": "תוספות על קידושין פ״א ב:ט״ז", 
            "indexTitle": "Tosafot on Kiddushin", 
            "sectionRef": "Tosafot on Kiddushin 81b:16", 
            "prev": "Tosafot on Kiddushin 81a:47", 
            "ref": "Tosafot on Kiddushin 81b:16", 
            "heRef": "תוספות על קידושין פ״א ב:ט״ז", 
            "next": "Tosafot on Kiddushin 81b:73"
        }, 
        "Tosafot on Kiddushin 81b:91": {
            "content": [], 
            "heTitle": "תוספות על קידושין פ״א ב:צ״א", 
            "indexTitle": "Tosafot on Kiddushin", 
            "sectionRef": "Tosafot on Kiddushin 81b:91", 
            "prev": "Tosafot on Kiddushin 81b:73", 
            "ref": "Tosafot on Kiddushin 81b:91", 
            "heRef": "תוספות על קידושין פ״א ב:צ״א", 
            "next": "Tosafot on Kiddushin 82a:1"
        }, 
        "Tosafot on Kiddushin 81b:90": {
            "content": [], 
            "heTitle": "תוספות על קידושין פ״א ב:צ׳", 
            "indexTitle": "Tosafot on Kiddushin", 
            "sectionRef": "Tosafot on Kiddushin 81b:90", 
            "prev": "Tosafot on Kiddushin 81b:73", 
            "ref": "Tosafot on Kiddushin 81b:90", 
            "heRef": "תוספות על קידושין פ״א ב:צ׳", 
            "next": "Tosafot on Kiddushin 82a:1"
        }, 
        "Tosafot on Kiddushin 81b:93": {
            "content": [], 
            "heTitle": "תוספות על קידושין פ״א ב:צ״ג", 
            "indexTitle": "Tosafot on Kiddushin", 
            "sectionRef": "Tosafot on Kiddushin 81b:93", 
            "prev": "Tosafot on Kiddushin 81b:73", 
            "ref": "Tosafot on Kiddushin 81b:93", 
            "heRef": "תוספות על קידושין פ״א ב:צ״ג", 
            "next": "Tosafot on Kiddushin 82a:1"
        }, 
        "Tosafot on Kiddushin 81b:92": {
            "content": [], 
            "heTitle": "תוספות על קידושין פ״א ב:צ״ב", 
            "indexTitle": "Tosafot on Kiddushin", 
            "sectionRef": "Tosafot on Kiddushin 81b:92", 
            "prev": "Tosafot on Kiddushin 81b:73", 
            "ref": "Tosafot on Kiddushin 81b:92", 
            "heRef": "תוספות על קידושין פ״א ב:צ״ב", 
            "next": "Tosafot on Kiddushin 82a:1"
        }, 
        "Tosafot on Kiddushin 81b:95": {
            "content": [], 
            "heTitle": "תוספות על קידושין פ״א ב:צ״ה", 
            "indexTitle": "Tosafot on Kiddushin", 
            "sectionRef": "Tosafot on Kiddushin 81b:95", 
            "prev": "Tosafot on Kiddushin 81b:73", 
            "ref": "Tosafot on Kiddushin 81b:95", 
            "heRef": "תוספות על קידושין פ״א ב:צ״ה", 
            "next": "Tosafot on Kiddushin 82a:1"
        }, 
        "Tosafot on Kiddushin 81b:94": {
            "content": [], 
            "heTitle": "תוספות על קידושין פ״א ב:צ״ד", 
            "indexTitle": "Tosafot on Kiddushin", 
            "sectionRef": "Tosafot on Kiddushin 81b:94", 
            "prev": "Tosafot on Kiddushin 81b:73", 
            "ref": "Tosafot on Kiddushin 81b:94", 
            "heRef": "תוספות על קידושין פ״א ב:צ״ד", 
            "next": "Tosafot on Kiddushin 82a:1"
        }, 
        "Tosafot on Kiddushin 81b:97": {
            "content": [], 
            "heTitle": "תוספות על קידושין פ״א ב:צ״ז", 
            "indexTitle": "Tosafot on Kiddushin", 
            "sectionRef": "Tosafot on Kiddushin 81b:97", 
            "prev": "Tosafot on Kiddushin 81b:73", 
            "ref": "Tosafot on Kiddushin 81b:97", 
            "heRef": "תוספות על קידושין פ״א ב:צ״ז", 
            "next": "Tosafot on Kiddushin 82a:1"
        }, 
        "Tosafot on Kiddushin 81b:96": {
            "content": [], 
            "heTitle": "תוספות על קידושין פ״א ב:צ״ו", 
            "indexTitle": "Tosafot on Kiddushin", 
            "sectionRef": "Tosafot on Kiddushin 81b:96", 
            "prev": "Tosafot on Kiddushin 81b:73", 
            "ref": "Tosafot on Kiddushin 81b:96", 
            "heRef": "תוספות על קידושין פ״א ב:צ״ו", 
            "next": "Tosafot on Kiddushin 82a:1"
        }, 
        "Tosafot on Kiddushin 81b:99": {
            "content": [], 
            "heTitle": "תוספות על קידושין פ״א ב:צ״ט", 
            "indexTitle": "Tosafot on Kiddushin", 
            "sectionRef": "Tosafot on Kiddushin 81b:99", 
            "prev": "Tosafot on Kiddushin 81b:73", 
            "ref": "Tosafot on Kiddushin 81b:99", 
            "heRef": "תוספות על קידושין פ״א ב:צ״ט", 
            "next": "Tosafot on Kiddushin 82a:1"
        }, 
        "Tosafot on Kiddushin 81b:98": {
            "content": [], 
            "heTitle": "תוספות על קידושין פ״א ב:צ״ח", 
            "indexTitle": "Tosafot on Kiddushin", 
            "sectionRef": "Tosafot on Kiddushin 81b:98", 
            "prev": "Tosafot on Kiddushin 81b:73", 
            "ref": "Tosafot on Kiddushin 81b:98", 
            "heRef": "תוספות על קידושין פ״א ב:צ״ח", 
            "next": "Tosafot on Kiddushin 82a:1"
        }, 
        "Tosafot on Kiddushin 81b:79": {
            "content": [], 
            "heTitle": "תוספות על קידושין פ״א ב:ע״ט", 
            "indexTitle": "Tosafot on Kiddushin", 
            "sectionRef": "Tosafot on Kiddushin 81b:79", 
            "prev": "Tosafot on Kiddushin 81b:73", 
            "ref": "Tosafot on Kiddushin 81b:79", 
            "heRef": "תוספות על קידושין פ״א ב:ע״ט", 
            "next": "Tosafot on Kiddushin 82a:1"
        }, 
        "Tosafot on Kiddushin 81b:78": {
            "content": [], 
            "heTitle": "תוספות על קידושין פ״א ב:ע״ח", 
            "indexTitle": "Tosafot on Kiddushin", 
            "sectionRef": "Tosafot on Kiddushin 81b:78", 
            "prev": "Tosafot on Kiddushin 81b:73", 
            "ref": "Tosafot on Kiddushin 81b:78", 
            "heRef": "תוספות על קידושין פ״א ב:ע״ח", 
            "next": "Tosafot on Kiddushin 82a:1"
        }, 
        "Tosafot on Kiddushin 81b:73": {
            "content": [
                {
                    "segmentNumber": "1", 
                    "links": [
                        {
                            "category": "Talmud", 
                            "index_title": "Kiddushin", 
                            "sourceHeRef": "קידושין פ״א ב:ע״ג", 
                            "sourceRef": "Kiddushin 81b:73"
                        }
                    ], 
                    "he": "אביי מכלי להו מכולה דברא - נראה דהני אמוראי חומרא בעלמא קא עבדי ואנן קיימא לן כרבנן דרבי יהודה (לקמן דף פב.) דאמרו לו לא נחשדו ישראל לא על משכב זכור ולא על הבהמה:"
                }
            ], 
            "heTitle": "תוספות על קידושין פ״א ב:ע״ג", 
            "indexTitle": "Tosafot on Kiddushin", 
            "sectionRef": "Tosafot on Kiddushin 81b:73", 
            "prev": "Tosafot on Kiddushin 81a:47", 
            "ref": "Tosafot on Kiddushin 81b:73", 
            "heRef": "תוספות על קידושין פ״א ב:ע״ג", 
            "next": "Tosafot on Kiddushin 82a:1"
        }, 
        "Tosafot on Kiddushin 81b:72": {
            "content": [], 
            "heTitle": "תוספות על קידושין פ״א ב:ע״ב", 
            "indexTitle": "Tosafot on Kiddushin", 
            "sectionRef": "Tosafot on Kiddushin 81b:72", 
            "prev": "Tosafot on Kiddushin 81a:47", 
            "ref": "Tosafot on Kiddushin 81b:72", 
            "heRef": "תוספות על קידושין פ״א ב:ע״ב", 
            "next": "Tosafot on Kiddushin 81b:73"
        }, 
        "Tosafot on Kiddushin 81b:71": {
            "content": [], 
            "heTitle": "תוספות על קידושין פ״א ב:ע״א", 
            "indexTitle": "Tosafot on Kiddushin", 
            "sectionRef": "Tosafot on Kiddushin 81b:71", 
            "prev": "Tosafot on Kiddushin 81a:47", 
            "ref": "Tosafot on Kiddushin 81b:71", 
            "heRef": "תוספות על קידושין פ״א ב:ע״א", 
            "next": "Tosafot on Kiddushin 81b:73"
        }, 
        "Tosafot on Kiddushin 81b:70": {
            "content": [], 
            "heTitle": "תוספות על קידושין פ״א ב:ע׳", 
            "indexTitle": "Tosafot on Kiddushin", 
            "sectionRef": "Tosafot on Kiddushin 81b:70", 
            "prev": "Tosafot on Kiddushin 81a:47", 
            "ref": "Tosafot on Kiddushin 81b:70", 
            "heRef": "תוספות על קידושין פ״א ב:ע׳", 
            "next": "Tosafot on Kiddushin 81b:73"
        }, 
        "Tosafot on Kiddushin 81b:77": {
            "content": [], 
            "heTitle": "תוספות על קידושין פ״א ב:ע״ז", 
            "indexTitle": "Tosafot on Kiddushin", 
            "sectionRef": "Tosafot on Kiddushin 81b:77", 
            "prev": "Tosafot on Kiddushin 81b:73", 
            "ref": "Tosafot on Kiddushin 81b:77", 
            "heRef": "תוספות על קידושין פ״א ב:ע״ז", 
            "next": "Tosafot on Kiddushin 82a:1"
        }, 
        "Tosafot on Kiddushin 81b:76": {
            "content": [], 
            "heTitle": "תוספות על קידושין פ״א ב:ע״ו", 
            "indexTitle": "Tosafot on Kiddushin", 
            "sectionRef": "Tosafot on Kiddushin 81b:76", 
            "prev": "Tosafot on Kiddushin 81b:73", 
            "ref": "Tosafot on Kiddushin 81b:76", 
            "heRef": "תוספות על קידושין פ״א ב:ע״ו", 
            "next": "Tosafot on Kiddushin 82a:1"
        }, 
        "Tosafot on Kiddushin 81b:75": {
            "content": [], 
            "heTitle": "תוספות על קידושין פ״א ב:ע״ה", 
            "indexTitle": "Tosafot on Kiddushin", 
            "sectionRef": "Tosafot on Kiddushin 81b:75", 
            "prev": "Tosafot on Kiddushin 81b:73", 
            "ref": "Tosafot on Kiddushin 81b:75", 
            "heRef": "תוספות על קידושין פ״א ב:ע״ה", 
            "next": "Tosafot on Kiddushin 82a:1"
        }, 
        "Tosafot on Kiddushin 81b:74": {
            "content": [], 
            "heTitle": "תוספות על קידושין פ״א ב:ע״ד", 
            "indexTitle": "Tosafot on Kiddushin", 
            "sectionRef": "Tosafot on Kiddushin 81b:74", 
            "prev": "Tosafot on Kiddushin 81b:73", 
            "ref": "Tosafot on Kiddushin 81b:74", 
            "heRef": "תוספות על קידושין פ״א ב:ע״ד", 
            "next": "Tosafot on Kiddushin 82a:1"
        }, 
        "Tosafot on Kiddushin 81b:86": {
            "content": [], 
            "heTitle": "תוספות על קידושין פ״א ב:פ״ו", 
            "indexTitle": "Tosafot on Kiddushin", 
            "sectionRef": "Tosafot on Kiddushin 81b:86", 
            "prev": "Tosafot on Kiddushin 81b:73", 
            "ref": "Tosafot on Kiddushin 81b:86", 
            "heRef": "תוספות על קידושין פ״א ב:פ״ו", 
            "next": "Tosafot on Kiddushin 82a:1"
        }, 
        "Tosafot on Kiddushin 81b:87": {
            "content": [], 
            "heTitle": "תוספות על קידושין פ״א ב:פ״ז", 
            "indexTitle": "Tosafot on Kiddushin", 
            "sectionRef": "Tosafot on Kiddushin 81b:87", 
            "prev": "Tosafot on Kiddushin 81b:73", 
            "ref": "Tosafot on Kiddushin 81b:87", 
            "heRef": "תוספות על קידושין פ״א ב:פ״ז", 
            "next": "Tosafot on Kiddushin 82a:1"
        }, 
        "Tosafot on Kiddushin 81b:84": {
            "content": [], 
            "heTitle": "תוספות על קידושין פ״א ב:פ״ד", 
            "indexTitle": "Tosafot on Kiddushin", 
            "sectionRef": "Tosafot on Kiddushin 81b:84", 
            "prev": "Tosafot on Kiddushin 81b:73", 
            "ref": "Tosafot on Kiddushin 81b:84", 
            "heRef": "תוספות על קידושין פ״א ב:פ״ד", 
            "next": "Tosafot on Kiddushin 82a:1"
        }, 
        "Tosafot on Kiddushin 81b:85": {
            "content": [], 
            "heTitle": "תוספות על קידושין פ״א ב:פ״ה", 
            "indexTitle": "Tosafot on Kiddushin", 
            "sectionRef": "Tosafot on Kiddushin 81b:85", 
            "prev": "Tosafot on Kiddushin 81b:73", 
            "ref": "Tosafot on Kiddushin 81b:85", 
            "heRef": "תוספות על קידושין פ״א ב:פ״ה", 
            "next": "Tosafot on Kiddushin 82a:1"
        }, 
        "Tosafot on Kiddushin 81b:82": {
            "content": [], 
            "heTitle": "תוספות על קידושין פ״א ב:פ״ב", 
            "indexTitle": "Tosafot on Kiddushin", 
            "sectionRef": "Tosafot on Kiddushin 81b:82", 
            "prev": "Tosafot on Kiddushin 81b:73", 
            "ref": "Tosafot on Kiddushin 81b:82", 
            "heRef": "תוספות על קידושין פ״א ב:פ״ב", 
            "next": "Tosafot on Kiddushin 82a:1"
        }, 
        "Tosafot on Kiddushin 81b:83": {
            "content": [], 
            "heTitle": "תוספות על קידושין פ״א ב:פ״ג", 
            "indexTitle": "Tosafot on Kiddushin", 
            "sectionRef": "Tosafot on Kiddushin 81b:83", 
            "prev": "Tosafot on Kiddushin 81b:73", 
            "ref": "Tosafot on Kiddushin 81b:83", 
            "heRef": "תוספות על קידושין פ״א ב:פ״ג", 
            "next": "Tosafot on Kiddushin 82a:1"
        }, 
        "Tosafot on Kiddushin 81b:80": {
            "content": [], 
            "heTitle": "תוספות על קידושין פ״א ב:פ׳", 
            "indexTitle": "Tosafot on Kiddushin", 
            "sectionRef": "Tosafot on Kiddushin 81b:80", 
            "prev": "Tosafot on Kiddushin 81b:73", 
            "ref": "Tosafot on Kiddushin 81b:80", 
            "heRef": "תוספות על קידושין פ״א ב:פ׳", 
            "next": "Tosafot on Kiddushin 82a:1"
        }, 
        "Tosafot on Kiddushin 81b:81": {
            "content": [], 
            "heTitle": "תוספות על קידושין פ״א ב:פ״א", 
            "indexTitle": "Tosafot on Kiddushin", 
            "sectionRef": "Tosafot on Kiddushin 81b:81", 
            "prev": "Tosafot on Kiddushin 81b:73", 
            "ref": "Tosafot on Kiddushin 81b:81", 
            "heRef": "תוספות על קידושין פ״א ב:פ״א", 
            "next": "Tosafot on Kiddushin 82a:1"
        }, 
        "Tosafot on Kiddushin 81b:88": {
            "content": [], 
            "heTitle": "תוספות על קידושין פ״א ב:פ״ח", 
            "indexTitle": "Tosafot on Kiddushin", 
            "sectionRef": "Tosafot on Kiddushin 81b:88", 
            "prev": "Tosafot on Kiddushin 81b:73", 
            "ref": "Tosafot on Kiddushin 81b:88", 
            "heRef": "תוספות על קידושין פ״א ב:פ״ח", 
            "next": "Tosafot on Kiddushin 82a:1"
        }, 
        "Tosafot on Kiddushin 81b:89": {
            "content": [], 
            "heTitle": "תוספות על קידושין פ״א ב:פ״ט", 
            "indexTitle": "Tosafot on Kiddushin", 
            "sectionRef": "Tosafot on Kiddushin 81b:89", 
            "prev": "Tosafot on Kiddushin 81b:73", 
            "ref": "Tosafot on Kiddushin 81b:89", 
            "heRef": "תוספות על קידושין פ״א ב:פ״ט", 
            "next": "Tosafot on Kiddushin 82a:1"
        }, 
        "Tosafot on Kiddushin 81b:68": {
            "content": [], 
            "heTitle": "תוספות על קידושין פ״א ב:ס״ח", 
            "indexTitle": "Tosafot on Kiddushin", 
            "sectionRef": "Tosafot on Kiddushin 81b:68", 
            "prev": "Tosafot on Kiddushin 81a:47", 
            "ref": "Tosafot on Kiddushin 81b:68", 
            "heRef": "תוספות על קידושין פ״א ב:ס״ח", 
            "next": "Tosafot on Kiddushin 81b:73"
        }, 
        "Tosafot on Kiddushin 81b:69": {
            "content": [], 
            "heTitle": "תוספות על קידושין פ״א ב:ס״ט", 
            "indexTitle": "Tosafot on Kiddushin", 
            "sectionRef": "Tosafot on Kiddushin 81b:69", 
            "prev": "Tosafot on Kiddushin 81a:47", 
            "ref": "Tosafot on Kiddushin 81b:69", 
            "heRef": "תוספות על קידושין פ״א ב:ס״ט", 
            "next": "Tosafot on Kiddushin 81b:73"
        }, 
        "Tosafot on Kiddushin 81b:60": {
            "content": [], 
            "heTitle": "תוספות על קידושין פ״א ב:ס׳", 
            "indexTitle": "Tosafot on Kiddushin", 
            "sectionRef": "Tosafot on Kiddushin 81b:60", 
            "prev": "Tosafot on Kiddushin 81a:47", 
            "ref": "Tosafot on Kiddushin 81b:60", 
            "heRef": "תוספות על קידושין פ״א ב:ס׳", 
            "next": "Tosafot on Kiddushin 81b:73"
        }, 
        "Tosafot on Kiddushin 81b:61": {
            "content": [], 
            "heTitle": "תוספות על קידושין פ״א ב:ס״א", 
            "indexTitle": "Tosafot on Kiddushin", 
            "sectionRef": "Tosafot on Kiddushin 81b:61", 
            "prev": "Tosafot on Kiddushin 81a:47", 
            "ref": "Tosafot on Kiddushin 81b:61", 
            "heRef": "תוספות על קידושין פ״א ב:ס״א", 
            "next": "Tosafot on Kiddushin 81b:73"
        }, 
        "Tosafot on Kiddushin 81b:62": {
            "content": [], 
            "heTitle": "תוספות על קידושין פ״א ב:ס״ב", 
            "indexTitle": "Tosafot on Kiddushin", 
            "sectionRef": "Tosafot on Kiddushin 81b:62", 
            "prev": "Tosafot on Kiddushin 81a:47", 
            "ref": "Tosafot on Kiddushin 81b:62", 
            "heRef": "תוספות על קידושין פ״א ב:ס״ב", 
            "next": "Tosafot on Kiddushin 81b:73"
        }, 
        "Tosafot on Kiddushin 81b:63": {
            "content": [], 
            "heTitle": "תוספות על קידושין פ״א ב:ס״ג", 
            "indexTitle": "Tosafot on Kiddushin", 
            "sectionRef": "Tosafot on Kiddushin 81b:63", 
            "prev": "Tosafot on Kiddushin 81a:47", 
            "ref": "Tosafot on Kiddushin 81b:63", 
            "heRef": "תוספות על קידושין פ״א ב:ס״ג", 
            "next": "Tosafot on Kiddushin 81b:73"
        }, 
        "Tosafot on Kiddushin 81b:64": {
            "content": [], 
            "heTitle": "תוספות על קידושין פ״א ב:ס״ד", 
            "indexTitle": "Tosafot on Kiddushin", 
            "sectionRef": "Tosafot on Kiddushin 81b:64", 
            "prev": "Tosafot on Kiddushin 81a:47", 
            "ref": "Tosafot on Kiddushin 81b:64", 
            "heRef": "תוספות על קידושין פ״א ב:ס״ד", 
            "next": "Tosafot on Kiddushin 81b:73"
        }, 
        "Tosafot on Kiddushin 81b:65": {
            "content": [], 
            "heTitle": "תוספות על קידושין פ״א ב:ס״ה", 
            "indexTitle": "Tosafot on Kiddushin", 
            "sectionRef": "Tosafot on Kiddushin 81b:65", 
            "prev": "Tosafot on Kiddushin 81a:47", 
            "ref": "Tosafot on Kiddushin 81b:65", 
            "heRef": "תוספות על קידושין פ״א ב:ס״ה", 
            "next": "Tosafot on Kiddushin 81b:73"
        }, 
        "Tosafot on Kiddushin 81b:66": {
            "content": [], 
            "heTitle": "תוספות על קידושין פ״א ב:ס״ו", 
            "indexTitle": "Tosafot on Kiddushin", 
            "sectionRef": "Tosafot on Kiddushin 81b:66", 
            "prev": "Tosafot on Kiddushin 81a:47", 
            "ref": "Tosafot on Kiddushin 81b:66", 
            "heRef": "תוספות על קידושין פ״א ב:ס״ו", 
            "next": "Tosafot on Kiddushin 81b:73"
        }, 
        "Tosafot on Kiddushin 81b:67": {
            "content": [], 
            "heTitle": "תוספות על קידושין פ״א ב:ס״ז", 
            "indexTitle": "Tosafot on Kiddushin", 
            "sectionRef": "Tosafot on Kiddushin 81b:67", 
            "prev": "Tosafot on Kiddushin 81a:47", 
            "ref": "Tosafot on Kiddushin 81b:67", 
            "heRef": "תוספות על קידושין פ״א ב:ס״ז", 
            "next": "Tosafot on Kiddushin 81b:73"
        }, 
        "Tosafot on Kiddushin 81b:59": {
            "content": [], 
            "heTitle": "תוספות על קידושין פ״א ב:נ״ט", 
            "indexTitle": "Tosafot on Kiddushin", 
            "sectionRef": "Tosafot on Kiddushin 81b:59", 
            "prev": "Tosafot on Kiddushin 81a:47", 
            "ref": "Tosafot on Kiddushin 81b:59", 
            "heRef": "תוספות על קידושין פ״א ב:נ״ט", 
            "next": "Tosafot on Kiddushin 81b:73"
        }, 
        "Tosafot on Kiddushin 81b:58": {
            "content": [], 
            "heTitle": "תוספות על קידושין פ״א ב:נ״ח", 
            "indexTitle": "Tosafot on Kiddushin", 
            "sectionRef": "Tosafot on Kiddushin 81b:58", 
            "prev": "Tosafot on Kiddushin 81a:47", 
            "ref": "Tosafot on Kiddushin 81b:58", 
            "heRef": "תוספות על קידושין פ״א ב:נ״ח", 
            "next": "Tosafot on Kiddushin 81b:73"
        }, 
        "Tosafot on Kiddushin 81b:55": {
            "content": [], 
            "heTitle": "תוספות על קידושין פ״א ב:נ״ה", 
            "indexTitle": "Tosafot on Kiddushin", 
            "sectionRef": "Tosafot on Kiddushin 81b:55", 
            "prev": "Tosafot on Kiddushin 81a:47", 
            "ref": "Tosafot on Kiddushin 81b:55", 
            "heRef": "תוספות על קידושין פ״א ב:נ״ה", 
            "next": "Tosafot on Kiddushin 81b:73"
        }, 
        "Tosafot on Kiddushin 81b:54": {
            "content": [], 
            "heTitle": "תוספות על קידושין פ״א ב:נ״ד", 
            "indexTitle": "Tosafot on Kiddushin", 
            "sectionRef": "Tosafot on Kiddushin 81b:54", 
            "prev": "Tosafot on Kiddushin 81a:47", 
            "ref": "Tosafot on Kiddushin 81b:54", 
            "heRef": "תוספות על קידושין פ״א ב:נ״ד", 
            "next": "Tosafot on Kiddushin 81b:73"
        }, 
        "Tosafot on Kiddushin 81b:57": {
            "content": [], 
            "heTitle": "תוספות על קידושין פ״א ב:נ״ז", 
            "indexTitle": "Tosafot on Kiddushin", 
            "sectionRef": "Tosafot on Kiddushin 81b:57", 
            "prev": "Tosafot on Kiddushin 81a:47", 
            "ref": "Tosafot on Kiddushin 81b:57", 
            "heRef": "תוספות על קידושין פ״א ב:נ״ז", 
            "next": "Tosafot on Kiddushin 81b:73"
        }, 
        "Tosafot on Kiddushin 81b:56": {
            "content": [], 
            "heTitle": "תוספות על קידושין פ״א ב:נ״ו", 
            "indexTitle": "Tosafot on Kiddushin", 
            "sectionRef": "Tosafot on Kiddushin 81b:56", 
            "prev": "Tosafot on Kiddushin 81a:47", 
            "ref": "Tosafot on Kiddushin 81b:56", 
            "heRef": "תוספות על קידושין פ״א ב:נ״ו", 
            "next": "Tosafot on Kiddushin 81b:73"
        }, 
        "Tosafot on Kiddushin 81b:51": {
            "content": [], 
            "heTitle": "תוספות על קידושין פ״א ב:נ״א", 
            "indexTitle": "Tosafot on Kiddushin", 
            "sectionRef": "Tosafot on Kiddushin 81b:51", 
            "prev": "Tosafot on Kiddushin 81a:47", 
            "ref": "Tosafot on Kiddushin 81b:51", 
            "heRef": "תוספות על קידושין פ״א ב:נ״א", 
            "next": "Tosafot on Kiddushin 81b:73"
        }, 
        "Tosafot on Kiddushin 81b:50": {
            "content": [], 
            "heTitle": "תוספות על קידושין פ״א ב:נ׳", 
            "indexTitle": "Tosafot on Kiddushin", 
            "sectionRef": "Tosafot on Kiddushin 81b:50", 
            "prev": "Tosafot on Kiddushin 81a:47", 
            "ref": "Tosafot on Kiddushin 81b:50", 
            "heRef": "תוספות על קידושין פ״א ב:נ׳", 
            "next": "Tosafot on Kiddushin 81b:73"
        }, 
        "Tosafot on Kiddushin 81b:53": {
            "content": [], 
            "heTitle": "תוספות על קידושין פ״א ב:נ״ג", 
            "indexTitle": "Tosafot on Kiddushin", 
            "sectionRef": "Tosafot on Kiddushin 81b:53", 
            "prev": "Tosafot on Kiddushin 81a:47", 
            "ref": "Tosafot on Kiddushin 81b:53", 
            "heRef": "תוספות על קידושין פ״א ב:נ״ג", 
            "next": "Tosafot on Kiddushin 81b:73"
        }, 
        "Tosafot on Kiddushin 81b:52": {
            "content": [], 
            "heTitle": "תוספות על קידושין פ״א ב:נ״ב", 
            "indexTitle": "Tosafot on Kiddushin", 
            "sectionRef": "Tosafot on Kiddushin 81b:52", 
            "prev": "Tosafot on Kiddushin 81a:47", 
            "ref": "Tosafot on Kiddushin 81b:52", 
            "heRef": "תוספות על קידושין פ״א ב:נ״ב", 
            "next": "Tosafot on Kiddushin 81b:73"
        }, 
        "Tosafot on Kiddushin 81b:42": {
            "content": [], 
            "heTitle": "תוספות על קידושין פ״א ב:מ״ב", 
            "indexTitle": "Tosafot on Kiddushin", 
            "sectionRef": "Tosafot on Kiddushin 81b:42", 
            "prev": "Tosafot on Kiddushin 81a:47", 
            "ref": "Tosafot on Kiddushin 81b:42", 
            "heRef": "תוספות על קידושין פ״א ב:מ״ב", 
            "next": "Tosafot on Kiddushin 81b:73"
        }, 
        "Tosafot on Kiddushin 81b:43": {
            "content": [], 
            "heTitle": "תוספות על קידושין פ״א ב:מ״ג", 
            "indexTitle": "Tosafot on Kiddushin", 
            "sectionRef": "Tosafot on Kiddushin 81b:43", 
            "prev": "Tosafot on Kiddushin 81a:47", 
            "ref": "Tosafot on Kiddushin 81b:43", 
            "heRef": "תוספות על קידושין פ״א ב:מ״ג", 
            "next": "Tosafot on Kiddushin 81b:73"
        }, 
        "Tosafot on Kiddushin 81b:40": {
            "content": [], 
            "heTitle": "תוספות על קידושין פ״א ב:מ׳", 
            "indexTitle": "Tosafot on Kiddushin", 
            "sectionRef": "Tosafot on Kiddushin 81b:40", 
            "prev": "Tosafot on Kiddushin 81a:47", 
            "ref": "Tosafot on Kiddushin 81b:40", 
            "heRef": "תוספות על קידושין פ״א ב:מ׳", 
            "next": "Tosafot on Kiddushin 81b:73"
        }, 
        "Tosafot on Kiddushin 81b:41": {
            "content": [], 
            "heTitle": "תוספות על קידושין פ״א ב:מ״א", 
            "indexTitle": "Tosafot on Kiddushin", 
            "sectionRef": "Tosafot on Kiddushin 81b:41", 
            "prev": "Tosafot on Kiddushin 81a:47", 
            "ref": "Tosafot on Kiddushin 81b:41", 
            "heRef": "תוספות על קידושין פ״א ב:מ״א", 
            "next": "Tosafot on Kiddushin 81b:73"
        }, 
        "Tosafot on Kiddushin 81b:46": {
            "content": [], 
            "heTitle": "תוספות על קידושין פ״א ב:מ״ו", 
            "indexTitle": "Tosafot on Kiddushin", 
            "sectionRef": "Tosafot on Kiddushin 81b:46", 
            "prev": "Tosafot on Kiddushin 81a:47", 
            "ref": "Tosafot on Kiddushin 81b:46", 
            "heRef": "תוספות על קידושין פ״א ב:מ״ו", 
            "next": "Tosafot on Kiddushin 81b:73"
        }, 
        "Tosafot on Kiddushin 81b:47": {
            "content": [], 
            "heTitle": "תוספות על קידושין פ״א ב:מ״ז", 
            "indexTitle": "Tosafot on Kiddushin", 
            "sectionRef": "Tosafot on Kiddushin 81b:47", 
            "prev": "Tosafot on Kiddushin 81a:47", 
            "ref": "Tosafot on Kiddushin 81b:47", 
            "heRef": "תוספות על קידושין פ״א ב:מ״ז", 
            "next": "Tosafot on Kiddushin 81b:73"
        }, 
        "Tosafot on Kiddushin 81b:44": {
            "content": [], 
            "heTitle": "תוספות על קידושין פ״א ב:מ״ד", 
            "indexTitle": "Tosafot on Kiddushin", 
            "sectionRef": "Tosafot on Kiddushin 81b:44", 
            "prev": "Tosafot on Kiddushin 81a:47", 
            "ref": "Tosafot on Kiddushin 81b:44", 
            "heRef": "תוספות על קידושין פ״א ב:מ״ד", 
            "next": "Tosafot on Kiddushin 81b:73"
        }, 
        "Tosafot on Kiddushin 81b:45": {
            "content": [], 
            "heTitle": "תוספות על קידושין פ״א ב:מ״ה", 
            "indexTitle": "Tosafot on Kiddushin", 
            "sectionRef": "Tosafot on Kiddushin 81b:45", 
            "prev": "Tosafot on Kiddushin 81a:47", 
            "ref": "Tosafot on Kiddushin 81b:45", 
            "heRef": "תוספות על קידושין פ״א ב:מ״ה", 
            "next": "Tosafot on Kiddushin 81b:73"
        }, 
        "Tosafot on Kiddushin 81b:48": {
            "content": [], 
            "heTitle": "תוספות על קידושין פ״א ב:מ״ח", 
            "indexTitle": "Tosafot on Kiddushin", 
            "sectionRef": "Tosafot on Kiddushin 81b:48", 
            "prev": "Tosafot on Kiddushin 81a:47", 
            "ref": "Tosafot on Kiddushin 81b:48", 
            "heRef": "תוספות על קידושין פ״א ב:מ״ח", 
            "next": "Tosafot on Kiddushin 81b:73"
        }, 
        "Tosafot on Kiddushin 81b:49": {
            "content": [], 
            "heTitle": "תוספות על קידושין פ״א ב:מ״ט", 
            "indexTitle": "Tosafot on Kiddushin", 
            "sectionRef": "Tosafot on Kiddushin 81b:49", 
            "prev": "Tosafot on Kiddushin 81a:47", 
            "ref": "Tosafot on Kiddushin 81b:49", 
            "heRef": "תוספות על קידושין פ״א ב:מ״ט", 
            "next": "Tosafot on Kiddushin 81b:73"
        }, 
        "Tosafot on Kiddushin 81b:9": {
            "content": [], 
            "heTitle": "תוספות על קידושין פ״א ב:ט׳", 
            "indexTitle": "Tosafot on Kiddushin", 
            "sectionRef": "Tosafot on Kiddushin 81b:9", 
            "prev": "Tosafot on Kiddushin 81a:47", 
            "ref": "Tosafot on Kiddushin 81b:9", 
            "heRef": "תוספות על קידושין פ״א ב:ט׳", 
            "next": "Tosafot on Kiddushin 81b:73"
        }, 
        "Tosafot on Kiddushin 81b:8": {
            "content": [], 
            "heTitle": "תוספות על קידושין פ״א ב:ח׳", 
            "indexTitle": "Tosafot on Kiddushin", 
            "sectionRef": "Tosafot on Kiddushin 81b:8", 
            "prev": "Tosafot on Kiddushin 81a:47", 
            "ref": "Tosafot on Kiddushin 81b:8", 
            "heRef": "תוספות על קידושין פ״א ב:ח׳", 
            "next": "Tosafot on Kiddushin 81b:73"
        }, 
        "Tosafot on Kiddushin 81b:5": {
            "content": [], 
            "heTitle": "תוספות על קידושין פ״א ב:ה׳", 
            "indexTitle": "Tosafot on Kiddushin", 
            "sectionRef": "Tosafot on Kiddushin 81b:5", 
            "prev": "Tosafot on Kiddushin 81a:47", 
            "ref": "Tosafot on Kiddushin 81b:5", 
            "heRef": "תוספות על קידושין פ״א ב:ה׳", 
            "next": "Tosafot on Kiddushin 81b:73"
        }, 
        "Tosafot on Kiddushin 81b:4": {
            "content": [], 
            "heTitle": "תוספות על קידושין פ״א ב:ד׳", 
            "indexTitle": "Tosafot on Kiddushin", 
            "sectionRef": "Tosafot on Kiddushin 81b:4", 
            "prev": "Tosafot on Kiddushin 81a:47", 
            "ref": "Tosafot on Kiddushin 81b:4", 
            "heRef": "תוספות על קידושין פ״א ב:ד׳", 
            "next": "Tosafot on Kiddushin 81b:73"
        }, 
        "Tosafot on Kiddushin 81b:7": {
            "content": [], 
            "heTitle": "תוספות על קידושין פ״א ב:ז׳", 
            "indexTitle": "Tosafot on Kiddushin", 
            "sectionRef": "Tosafot on Kiddushin 81b:7", 
            "prev": "Tosafot on Kiddushin 81a:47", 
            "ref": "Tosafot on Kiddushin 81b:7", 
            "heRef": "תוספות על קידושין פ״א ב:ז׳", 
            "next": "Tosafot on Kiddushin 81b:73"
        }, 
        "Tosafot on Kiddushin 81b:6": {
            "content": [], 
            "heTitle": "תוספות על קידושין פ״א ב:ו׳", 
            "indexTitle": "Tosafot on Kiddushin", 
            "sectionRef": "Tosafot on Kiddushin 81b:6", 
            "prev": "Tosafot on Kiddushin 81a:47", 
            "ref": "Tosafot on Kiddushin 81b:6", 
            "heRef": "תוספות על קידושין פ״א ב:ו׳", 
            "next": "Tosafot on Kiddushin 81b:73"
        }, 
        "Tosafot on Kiddushin 81b:1": {
            "content": [], 
            "heTitle": "תוספות על קידושין פ״א ב:א׳", 
            "indexTitle": "Tosafot on Kiddushin", 
            "sectionRef": "Tosafot on Kiddushin 81b:1", 
            "prev": "Tosafot on Kiddushin 81a:47", 
            "ref": "Tosafot on Kiddushin 81b:1", 
            "heRef": "תוספות על קידושין פ״א ב:א׳", 
            "next": "Tosafot on Kiddushin 81b:73"
        }, 
        "Tosafot on Kiddushin 81b:3": {
            "content": [], 
            "heTitle": "תוספות על קידושין פ״א ב:ג׳", 
            "indexTitle": "Tosafot on Kiddushin", 
            "sectionRef": "Tosafot on Kiddushin 81b:3", 
            "prev": "Tosafot on Kiddushin 81a:47", 
            "ref": "Tosafot on Kiddushin 81b:3", 
            "heRef": "תוספות על קידושין פ״א ב:ג׳", 
            "next": "Tosafot on Kiddushin 81b:73"
        }, 
        "Tosafot on Kiddushin 81b:2": {
            "content": [], 
            "heTitle": "תוספות על קידושין פ״א ב:ב׳", 
            "indexTitle": "Tosafot on Kiddushin", 
            "sectionRef": "Tosafot on Kiddushin 81b:2", 
            "prev": "Tosafot on Kiddushin 81a:47", 
            "ref": "Tosafot on Kiddushin 81b:2", 
            "heRef": "תוספות על קידושין פ״א ב:ב׳", 
            "next": "Tosafot on Kiddushin 81b:73"
        }, 
        "Tosafot on Kiddushin 81b:37": {
            "content": [], 
            "heTitle": "תוספות על קידושין פ״א ב:ל״ז", 
            "indexTitle": "Tosafot on Kiddushin", 
            "sectionRef": "Tosafot on Kiddushin 81b:37", 
            "prev": "Tosafot on Kiddushin 81a:47", 
            "ref": "Tosafot on Kiddushin 81b:37", 
            "heRef": "תוספות על קידושין פ״א ב:ל״ז", 
            "next": "Tosafot on Kiddushin 81b:73"
        }, 
        "Tosafot on Kiddushin 81b:36": {
            "content": [], 
            "heTitle": "תוספות על קידושין פ״א ב:ל״ו", 
            "indexTitle": "Tosafot on Kiddushin", 
            "sectionRef": "Tosafot on Kiddushin 81b:36", 
            "prev": "Tosafot on Kiddushin 81a:47", 
            "ref": "Tosafot on Kiddushin 81b:36", 
            "heRef": "תוספות על קידושין פ״א ב:ל״ו", 
            "next": "Tosafot on Kiddushin 81b:73"
        }, 
        "Tosafot on Kiddushin 81b:35": {
            "content": [], 
            "heTitle": "תוספות על קידושין פ״א ב:ל״ה", 
            "indexTitle": "Tosafot on Kiddushin", 
            "sectionRef": "Tosafot on Kiddushin 81b:35", 
            "prev": "Tosafot on Kiddushin 81a:47", 
            "ref": "Tosafot on Kiddushin 81b:35", 
            "heRef": "תוספות על קידושין פ״א ב:ל״ה", 
            "next": "Tosafot on Kiddushin 81b:73"
        }, 
        "Tosafot on Kiddushin 81b:34": {
            "content": [], 
            "heTitle": "תוספות על קידושין פ״א ב:ל״ד", 
            "indexTitle": "Tosafot on Kiddushin", 
            "sectionRef": "Tosafot on Kiddushin 81b:34", 
            "prev": "Tosafot on Kiddushin 81a:47", 
            "ref": "Tosafot on Kiddushin 81b:34", 
            "heRef": "תוספות על קידושין פ״א ב:ל״ד", 
            "next": "Tosafot on Kiddushin 81b:73"
        }, 
        "Tosafot on Kiddushin 81b:33": {
            "content": [], 
            "heTitle": "תוספות על קידושין פ״א ב:ל״ג", 
            "indexTitle": "Tosafot on Kiddushin", 
            "sectionRef": "Tosafot on Kiddushin 81b:33", 
            "prev": "Tosafot on Kiddushin 81a:47", 
            "ref": "Tosafot on Kiddushin 81b:33", 
            "heRef": "תוספות על קידושין פ״א ב:ל״ג", 
            "next": "Tosafot on Kiddushin 81b:73"
        }, 
        "Tosafot on Kiddushin 81b:32": {
            "content": [], 
            "heTitle": "תוספות על קידושין פ״א ב:ל״ב", 
            "indexTitle": "Tosafot on Kiddushin", 
            "sectionRef": "Tosafot on Kiddushin 81b:32", 
            "prev": "Tosafot on Kiddushin 81a:47", 
            "ref": "Tosafot on Kiddushin 81b:32", 
            "heRef": "תוספות על קידושין פ״א ב:ל״ב", 
            "next": "Tosafot on Kiddushin 81b:73"
        }, 
        "Tosafot on Kiddushin 81b:31": {
            "content": [], 
            "heTitle": "תוספות על קידושין פ״א ב:ל״א", 
            "indexTitle": "Tosafot on Kiddushin", 
            "sectionRef": "Tosafot on Kiddushin 81b:31", 
            "prev": "Tosafot on Kiddushin 81a:47", 
            "ref": "Tosafot on Kiddushin 81b:31", 
            "heRef": "תוספות על קידושין פ״א ב:ל״א", 
            "next": "Tosafot on Kiddushin 81b:73"
        }, 
        "Tosafot on Kiddushin 81b:30": {
            "content": [], 
            "heTitle": "תוספות על קידושין פ״א ב:ל׳", 
            "indexTitle": "Tosafot on Kiddushin", 
            "sectionRef": "Tosafot on Kiddushin 81b:30", 
            "prev": "Tosafot on Kiddushin 81a:47", 
            "ref": "Tosafot on Kiddushin 81b:30", 
            "heRef": "תוספות על קידושין פ״א ב:ל׳", 
            "next": "Tosafot on Kiddushin 81b:73"
        }, 
        "Tosafot on Kiddushin 81b:39": {
            "content": [], 
            "heTitle": "תוספות על קידושין פ״א ב:ל״ט", 
            "indexTitle": "Tosafot on Kiddushin", 
            "sectionRef": "Tosafot on Kiddushin 81b:39", 
            "prev": "Tosafot on Kiddushin 81a:47", 
            "ref": "Tosafot on Kiddushin 81b:39", 
            "heRef": "תוספות על קידושין פ״א ב:ל״ט", 
            "next": "Tosafot on Kiddushin 81b:73"
        }, 
        "Tosafot on Kiddushin 81b:38": {
            "content": [], 
            "heTitle": "תוספות על קידושין פ״א ב:ל״ח", 
            "indexTitle": "Tosafot on Kiddushin", 
            "sectionRef": "Tosafot on Kiddushin 81b:38", 
            "prev": "Tosafot on Kiddushin 81a:47", 
            "ref": "Tosafot on Kiddushin 81b:38", 
            "heRef": "תוספות על קידושין פ״א ב:ל״ח", 
            "next": "Tosafot on Kiddushin 81b:73"
        }, 
        "Tosafot on Kiddushin 81b:24": {
            "content": [], 
            "heTitle": "תוספות על קידושין פ״א ב:כ״ד", 
            "indexTitle": "Tosafot on Kiddushin", 
            "sectionRef": "Tosafot on Kiddushin 81b:24", 
            "prev": "Tosafot on Kiddushin 81a:47", 
            "ref": "Tosafot on Kiddushin 81b:24", 
            "heRef": "תוספות על קידושין פ״א ב:כ״ד", 
            "next": "Tosafot on Kiddushin 81b:73"
        }, 
        "Tosafot on Kiddushin 81b:25": {
            "content": [], 
            "heTitle": "תוספות על קידושין פ״א ב:כ״ה", 
            "indexTitle": "Tosafot on Kiddushin", 
            "sectionRef": "Tosafot on Kiddushin 81b:25", 
            "prev": "Tosafot on Kiddushin 81a:47", 
            "ref": "Tosafot on Kiddushin 81b:25", 
            "heRef": "תוספות על קידושין פ״א ב:כ״ה", 
            "next": "Tosafot on Kiddushin 81b:73"
        }, 
        "Tosafot on Kiddushin 81b:26": {
            "content": [], 
            "heTitle": "תוספות על קידושין פ״א ב:כ״ו", 
            "indexTitle": "Tosafot on Kiddushin", 
            "sectionRef": "Tosafot on Kiddushin 81b:26", 
            "prev": "Tosafot on Kiddushin 81a:47", 
            "ref": "Tosafot on Kiddushin 81b:26", 
            "heRef": "תוספות על קידושין פ״א ב:כ״ו", 
            "next": "Tosafot on Kiddushin 81b:73"
        }, 
        "Tosafot on Kiddushin 81b:27": {
            "content": [], 
            "heTitle": "תוספות על קידושין פ״א ב:כ״ז", 
            "indexTitle": "Tosafot on Kiddushin", 
            "sectionRef": "Tosafot on Kiddushin 81b:27", 
            "prev": "Tosafot on Kiddushin 81a:47", 
            "ref": "Tosafot on Kiddushin 81b:27", 
            "heRef": "תוספות על קידושין פ״א ב:כ״ז", 
            "next": "Tosafot on Kiddushin 81b:73"
        }, 
        "Tosafot on Kiddushin 81b:20": {
            "content": [], 
            "heTitle": "תוספות על קידושין פ״א ב:כ׳", 
            "indexTitle": "Tosafot on Kiddushin", 
            "sectionRef": "Tosafot on Kiddushin 81b:20", 
            "prev": "Tosafot on Kiddushin 81a:47", 
            "ref": "Tosafot on Kiddushin 81b:20", 
            "heRef": "תוספות על קידושין פ״א ב:כ׳", 
            "next": "Tosafot on Kiddushin 81b:73"
        }, 
        "Tosafot on Kiddushin 81b:21": {
            "content": [], 
            "heTitle": "תוספות על קידושין פ״א ב:כ״א", 
            "indexTitle": "Tosafot on Kiddushin", 
            "sectionRef": "Tosafot on Kiddushin 81b:21", 
            "prev": "Tosafot on Kiddushin 81a:47", 
            "ref": "Tosafot on Kiddushin 81b:21", 
            "heRef": "תוספות על קידושין פ״א ב:כ״א", 
            "next": "Tosafot on Kiddushin 81b:73"
        }, 
        "Tosafot on Kiddushin 81b:22": {
            "content": [], 
            "heTitle": "תוספות על קידושין פ״א ב:כ״ב", 
            "indexTitle": "Tosafot on Kiddushin", 
            "sectionRef": "Tosafot on Kiddushin 81b:22", 
            "prev": "Tosafot on Kiddushin 81a:47", 
            "ref": "Tosafot on Kiddushin 81b:22", 
            "heRef": "תוספות על קידושין פ״א ב:כ״ב", 
            "next": "Tosafot on Kiddushin 81b:73"
        }, 
        "Tosafot on Kiddushin 81b:23": {
            "content": [], 
            "heTitle": "תוספות על קידושין פ״א ב:כ״ג", 
            "indexTitle": "Tosafot on Kiddushin", 
            "sectionRef": "Tosafot on Kiddushin 81b:23", 
            "prev": "Tosafot on Kiddushin 81a:47", 
            "ref": "Tosafot on Kiddushin 81b:23", 
            "heRef": "תוספות על קידושין פ״א ב:כ״ג", 
            "next": "Tosafot on Kiddushin 81b:73"
        }, 
        "Tosafot on Kiddushin 81b:28": {
            "content": [], 
            "heTitle": "תוספות על קידושין פ״א ב:כ״ח", 
            "indexTitle": "Tosafot on Kiddushin", 
            "sectionRef": "Tosafot on Kiddushin 81b:28", 
            "prev": "Tosafot on Kiddushin 81a:47", 
            "ref": "Tosafot on Kiddushin 81b:28", 
            "heRef": "תוספות על קידושין פ״א ב:כ״ח", 
            "next": "Tosafot on Kiddushin 81b:73"
        }, 
        "Tosafot on Kiddushin 81b:29": {
            "content": [], 
            "heTitle": "תוספות על קידושין פ״א ב:כ״ט", 
            "indexTitle": "Tosafot on Kiddushin", 
            "sectionRef": "Tosafot on Kiddushin 81b:29", 
            "prev": "Tosafot on Kiddushin 81a:47", 
            "ref": "Tosafot on Kiddushin 81b:29", 
            "heRef": "תוספות על קידושין פ״א ב:כ״ט", 
            "next": "Tosafot on Kiddushin 81b:73"
        }
    }, 
    "ref": "Tosafot on Kiddushin 81b"
}