{
    "heTitleVariants": [
        "תוספות על קידושין"
    ], 
    "heTitle": "תוספות על קידושין ג׳ א", 
    "content": [
        {
            "segmentNumber": "1", 
            "he": [], 
            "links": [], 
            "text": ""
        }, 
        {
            "segmentNumber": "2", 
            "he": [
                "מה ירק דרכו ליגדל על כל מים - טעמא דירק מפרש בפ\"ק דר\"ה (דף יד. ושם) דגורן ויקב כתיב גבי מעשר כדגן מן הגורן כו' מה גורן ויקב מיוחדים שגדלים על רוב מים מתעשרים לשנה שעברה יצאו ירקות שגדלין על כל מים ואע\"ג דמעשר ירק מדרבנן והיאך עושה בנין אב מדבר שהוא מדרבנן אסמכוה רבנן אקרא כדפירש בקונטרס ור\"י פי' אם אינו ענין למעשר תנהו ענין לשביעית שנוהג בירק מן התורה דעיקר דרשה אתיא לשביעית לענין ירק דהוי דאורייתא בין בירק בין באילנות כדאמרינן בר\"ה (דף טו:) אמינא לך מעשר חרובין דרבנן ואמרת לי שביעית דבנות שוח דאורייתא וה\"ה בירקות דהוו דאורייתא מסתמא ככל דבר שהוא אוכל ונשמר כו' כדתנן במס' שביעית (פ\"ז מ\"א) כלל אמרו בשביעית כו' וה\"ק מה גורן ויקב שגדלין על רוב מים ואזלינן בתר שנה שעברה לגבי שביעית אף כל כו' וקשה דהרי אתרוג שגדל על כל מים כדאיתא בשמעתין ואפ\"ה אמרינן ששוה לאילן לענין שביעית לילך בתר חנטה ושמא י\"ל דהא דאזלינן ביה בתר חנטה לשביעית היינו דוקא לחומרא כגון אם חנט בשביעית ונלקט בשמינית א\"נ י\"ל אע\"ג דאתרוג גדל על כל מים אין לנו לחלקו מדין שאר אילנות לענין שביעית כיון דלענין ערלה ורבעי לא חלקתו תורה משאר אילנות ודרשה דגורן ויקב לירקות אתא ולא לאתרוג ומכ\"מ לענין מעשר שהוא דרבנן תקנו חכמים אחר לקיטתו עישורו הואיל וגדל על כל מים כירק וא\"ת אמאי לא חשיב שהאתרוג שוה לאילן לכלאים שאינו כלאים בכרם וליחשב דשוה לאילן בארבע דרכים וי\"ל לא תני אלא דשוה לאילן לילך בתר חנטה ולירק בתר לקיטה וא\"ת אמאי לא חשיב ששוה לירק בשני דרכים כגון לענין פיאה דלא מיחייב אתרוג בפיאה משום דאין לקיטתו כאחד דלענין פיאה בעינן לקיטתו כאחד ומהאי טעמא ממעטינן תאינה בפרק כלל גדול. (שבת דף סח.) ובפרק מקום שנהגו (פסחים דף נו:) ובירק נמי אין פיאה מתנהגת דאינו בכלל דבר המתקיים כדאיתא התם וי\"ל כיון דאיכא אילנות טובא שאין חייבין בפיאה כגון האוג והחרובים השנוים במסכת פיאה (פ\"א משנה ה) לא שייך למיתני שוה לירק ומהאי טעמא נמי לא קאמר שוה לירק לענין ביכורים שאין ביכורים אלא משבעה מינין כדאיתא בספרי אם כן שוה נמי לשאר אילנות:"
            ], 
            "links": [
                {
                    "category": "Talmud", 
                    "sourceHeRef": "קידושין ג׳ א:ב׳", 
                    "sourceRef": "Kiddushin 3a:2", 
                    "ref": "Kiddushin 3a:2"
                }, 
                {
                    "category": "Talmud", 
                    "sourceHeRef": "פסחים נ״ו ב", 
                    "sourceRef": "Pesachim 56b", 
                    "ref": "Pesachim 56b"
                }, 
                {
                    "category": "Talmud", 
                    "sourceHeRef": "שבת ס״ח א", 
                    "sourceRef": "Shabbat 68a", 
                    "ref": "Shabbat 68a"
                }
            ], 
            "text": ""
        }, 
        {
            "segmentNumber": "3", 
            "he": [], 
            "links": [], 
            "text": ""
        }, 
        {
            "segmentNumber": "4", 
            "he": [
                "לא לחיה ולא לבהמה - פי' לענין הרבעה משום דמספקא לן אי מין חיה אי מין בהמה הוא הקשה הר' אליעזר למ\"ד (חולין דף פ.) כוי בריה בפני עצמו הוא מאי איריא משום דמספקא לן כו' אפילו ידעינן דחיה היא לא מרביעין עליה חיה אחרת דאין מרביעין איל על צבי וי\"ל דאתיא כמ\"ד (שם) כוי זה הבא מן התייש ומן הצבייה ומספקא לן אי חוששין לזרע האב או לא דאי הוה אמר דאין חוששין היינו מרביעין עליה צבי:"
            ], 
            "links": [
                {
                    "category": "Talmud", 
                    "sourceHeRef": "קידושין ג׳ א:ד׳", 
                    "sourceRef": "Kiddushin 3a:4", 
                    "ref": "Kiddushin 3a:4"
                }, 
                {
                    "category": "Talmud", 
                    "sourceHeRef": "חולין פ׳ א", 
                    "sourceRef": "Chullin 80a", 
                    "ref": "Chullin 80a"
                }
            ], 
            "text": ""
        }, 
        {
            "segmentNumber": "5", 
            "he": [], 
            "links": [], 
            "text": ""
        }, 
        {
            "segmentNumber": "6", 
            "he": [], 
            "links": [], 
            "text": ""
        }, 
        {
            "segmentNumber": "7", 
            "he": [], 
            "links": [], 
            "text": ""
        }, 
        {
            "segmentNumber": "8", 
            "he": [], 
            "links": [], 
            "text": ""
        }, 
        {
            "segmentNumber": "9", 
            "he": [], 
            "links": [], 
            "text": ""
        }, 
        {
            "segmentNumber": "10", 
            "he": [], 
            "links": [], 
            "text": ""
        }, 
        {
            "segmentNumber": "11", 
            "he": [], 
            "links": [], 
            "text": ""
        }, 
        {
            "segmentNumber": "12", 
            "he": [], 
            "links": [], 
            "text": ""
        }, 
        {
            "segmentNumber": "13", 
            "he": [], 
            "links": [], 
            "text": ""
        }, 
        {
            "segmentNumber": "14", 
            "he": [], 
            "links": [], 
            "text": ""
        }, 
        {
            "segmentNumber": "15", 
            "he": [], 
            "links": [], 
            "text": ""
        }, 
        {
            "segmentNumber": "16", 
            "he": [], 
            "links": [], 
            "text": ""
        }, 
        {
            "segmentNumber": "17", 
            "he": [], 
            "links": [], 
            "text": ""
        }, 
        {
            "segmentNumber": "18", 
            "he": [], 
            "links": [], 
            "text": ""
        }, 
        {
            "segmentNumber": "19", 
            "he": [], 
            "links": [], 
            "text": ""
        }, 
        {
            "segmentNumber": "20", 
            "he": [], 
            "links": [], 
            "text": ""
        }, 
        {
            "segmentNumber": "21", 
            "he": [
                "ואשה בפחות מש\"פ לא מקניא נפשה - פי' בקונטרס משום דגנאי הוא לה הילכך בטיל לה תורת חליפין בקידושין ואפילו בכלי שיש בה ש\"פ אי יהיב לה בתורת חליפין וקשה לר\"ת דא\"כ פשטה ידה וקבלה תתקדש בפחות מש\"פ ועוד כיון דתלי טעמא משום דגנאי הוא לה א\"כ אמאי לא פריך בגמרא בנתיה דרבי ינאי דקפדו אנפשייהו ולא מקדשי בפחות מתרקבא דדינרי כו' כי היכי דפריך לקמן (דף יא.) אמילתיה דב\"ש ועוד קשה כיון דס\"ד השתא למגמר קניני אשה מקניני שדה א\"כ אשה נמי תקני בחזקה כמו שדה ועוד דלקמן (דף ה.) בעי בגמ' בשטר מנלן ומאי בעי ליגמר משדה לכך נראה לר\"ת דגרסי' בפחות משוה פרוטה לא מקניא ולא גרס נפשה דלא בקפידא תליא מילתא אלא ה\"ט משום דגמר קיחה קיחה משדה עפרון דכתיב ביה כסף ובפחות משוה פרוטה לא מיקרי כסף והמקשה שהקשה תחילה ואימא ה\"נ בשטר וחזקה לא הקשה דהא פשיטא דלא גמרינן קיחה לעשות אשה ככל עניני שדה ולהכי מבעיא לן לקמן בשטר מנלן דלא גמרינן משדה אלא לכסף דוקא דכתיב ביה קיחה ולא פריך מחליפין אלא משום דהוי כעין כסף דקרא שיש בהם שוה פרוטה והכי פירושו ואימא ה\"נ שתקנה אשה בחליפין כשיש באותם חליפין שוה פרוטה כעין כסף דקרא טפי משטר שיש בו שוה פרוטה דא\"צ שישוה השטר פרוטה כדאמרי' גיטין (דף כ.) כתבו על איסורי הנאה כשר אבל חליפין דשוה פרוטה דומין לכסף ומשני חליפין איתנהו בפחות משוה פרוטה וא\"כ אינם מטעם כסף אלא קנין אחר הוא וא\"ת היכי ס\"ד דנילף משדה עפרון שתקנה אשה בחליפין והא שדה עפרון גופא לא מיקני בחליפין דלא מצינו חליפין לעובד כוכבים דהא אמרינן בבכורות (דף יג.) מדישראל בחדא עובד כוכבים נמי בחדא וי\"ל דהיינו לבר מחליפין דומיא דישראל בחדא וה\"ק מדישראל בחדא קנין חדש בר מחליפין שהם בשניהם וכן משמע לקמן (דף ח.) גבי נמכר לעובד כוכבים מכסף מקנתו בכסף נקנה ואין נקנה בתורת תבואה וכלים ומאי ניהו חליפין ש\"מ דשאר דברים נקנין בחליפין לעובד כוכבים וכן היה רגיל ר\"ת לשלוח הרשאה ביד עובד כוכבים והיה מקנה בחליפין ומיהו בזה צריך ליזהר שלא לכתוב וקנינא מיניה דאין שליחות וזכיה לעובד כוכבים כדאמרינן בפרק [חמישי] דבבא מציעא (דף עא:) אלא וקנה העובד כוכבים כתבינן ואם תאמר אם כן כיון דפשיטא לן דאשה לא מקניא בחליפין אמאי איצטריך קרא (לקמן דף ח.) למימר מכסף מקנתו שאינו נקנה בתורת תבואה וכלים דהיינו חליפין תיפוק ליה דאיתקש עבד עברי לעבריה דמינה גמרינן לקמן (דף יד:) דעבד עברי נקנה בכסף והעבריה הוקשה לאשה דכתיב אם אחרת יקח לו הקישה הכתוב לאחרת כדילפי' מה אחרת בשטר וי\"ל דרבוי קנינין גמרינן מהקישא ולא מיעוט קנינין דכה\"ג אמרינן בפרק כל הבשר (חולין דף קיז:) תלתא קראי כתיבי בדם חד לאפוקי מנותר וחד למעוטי ממעילה וחד מטומאה ובפ' ב\"ש (זבחים דף מה.) יליף נותר חילול חילול מטומאה וא\"כ אמאי צריכי תרי קראי חד לנותר וחד לטומאה. אלא לאו משום דלא נאמר גזירה שוה דחילול להקל אלא להחמיר:"
            ], 
            "links": [
                {
                    "category": "Talmud", 
                    "sourceHeRef": "זבחים מ״ה א", 
                    "sourceRef": "Zevachim 45a", 
                    "ref": "Zevachim 45a"
                }, 
                {
                    "category": "Talmud", 
                    "sourceHeRef": "חולין קי״ז ב", 
                    "sourceRef": "Chullin 117b", 
                    "ref": "Chullin 117b"
                }, 
                {
                    "category": "Talmud", 
                    "sourceHeRef": "קידושין ג׳ א:כ״א", 
                    "sourceRef": "Kiddushin 3a:21", 
                    "ref": "Kiddushin 3a:21"
                }
            ], 
            "text": ""
        }
    ], 
    "commentaryBook": "Kiddushin", 
    "heRef": "תוספות על קידושין ג׳ א", 
    "toSections": [
        "3a"
    ], 
    "sectionRef": "Tosafot on Kiddushin 3a", 
    "title": "Tosafot on Kiddushin 3a", 
    "lengths": [
        162, 
        8517
    ], 
    "next": "Tosafot on Kiddushin 3b:5", 
    "heBook": "תוספות על קידושין", 
    "book": "Tosafot on Kiddushin", 
    "prev": "Tosafot on Kiddushin 2b:37", 
    "textDepth": 3, 
    "sectionNames": [
        "Daf", 
        "Line", 
        "Comment"
    ], 
    "sections": [
        "3a"
    ], 
    "commentator": "Tosafot", 
    "isComplex": false, 
    "commentaryCategories": [
        "Talmud", 
        "Bavli", 
        "Seder Nashim"
    ], 
    "titleVariants": [
        "Tosafot on Kiddushin", 
        "Tosafot on Masechet Kiddushin", 
        "Tosafot on Tractate Kiddushin", 
        "Tosafot on Masekhet Kiddushin", 
        "Tosafot on Talmud Kiddushin", 
        "Tosafot on Qiddushin", 
        "Tosafot on Masekhet Qiddushin"
    ], 
    "categories": [
        "Commentary", 
        "Talmud", 
        "Tosafot"
    ], 
    "ref": "Tosafot on Kiddushin 3a", 
    "type": "Commentary", 
    "addressTypes": [
        "Talmud", 
        "Integer", 
        "Integer"
    ], 
    "heCommentator": "תוספות", 
    "length": 162, 
    "indexTitle": "Tosafot on Kiddushin", 
    "heIndexTitle": "תוספות על קידושין", 
    "alts": [], 
    "order": [
        19, 
        7
    ]
}