{
    "heTitleVariants": [
        "תוספות על קידושין"
    ], 
    "heTitle": "תוספות על קידושין כ״ה ב", 
    "content": [
        {
            "segmentNumber": "1", 
            "he": [], 
            "links": [], 
            "text": ""
        }, 
        {
            "segmentNumber": "2", 
            "he": [], 
            "links": [], 
            "text": ""
        }, 
        {
            "segmentNumber": "3", 
            "he": [], 
            "links": [], 
            "text": ""
        }, 
        {
            "segmentNumber": "4", 
            "he": [], 
            "links": [], 
            "text": ""
        }, 
        {
            "segmentNumber": "5", 
            "he": [], 
            "links": [], 
            "text": ""
        }, 
        {
            "segmentNumber": "6", 
            "he": [], 
            "links": [], 
            "text": ""
        }, 
        {
            "segmentNumber": "7", 
            "he": [], 
            "links": [], 
            "text": ""
        }, 
        {
            "segmentNumber": "8", 
            "he": [], 
            "links": [], 
            "text": ""
        }, 
        {
            "segmentNumber": "9", 
            "he": [], 
            "links": [], 
            "text": ""
        }, 
        {
            "segmentNumber": "10", 
            "he": [], 
            "links": [], 
            "text": ""
        }, 
        {
            "segmentNumber": "11", 
            "he": [
                "בהמה גסה נקנית במסירה. פי' בקונטרס בעליה מוסרים אותה ללוקח באפסר כדתניא לעיל כיצד במסירה אוחזה בטלפיה כו' משמע מתוך לשונו דמסירה בעינן מיד ליד וכן פירש ריב\"ם ומייתי ראיה מהא דאמר בפ\"ק דב\"מ (דף ח:) מאי לשון מסירה כאדם המוסר דבר לחבירו וכן ההיא דאמר במציאה ובנכסי הגר מאן מסר ליה דליקני דמשמע דמסירה הוי מיד ליד וקשה לר\"י דהא אמרינן לעיל כיצד במסירה אחזה בטלפיה כו' דלשון אחיזה בטלפי' משמע שמעצמו אוחזה ולא מסרה לו אדם לכן נראה לרבי דלא בעינן מיד ליד אלא כיון דאמר לך חזק וקני קנה והא דקאמר התם במציאה ובנכסי הגר מאן קמסר ליה דליקני היינו מי אמר לו לך חזק וקני ורשב\"ם פי' אחז בטלפיה אחז במצות המוכר דמשמע נמי מתוך לשונו דלא בעינן מסירה מיד ליד ועוד ראיה מפרק המוכר את הספינה (ב\"ב דף עו:) דפליגי התם תנאי חד אמר ספינה נקנית במסירה וחד אמר עד שימשוך ומסיק דכל היכא דאמר ליה לך חזק וקני כ\"ע לא פליגי דקני כי פליגי כגון דאמר ליה לך משוך וקני מר סבר קפיד ומר סבר מראה מקום הוא לו מדאמר קפיד אלמא אינו מוסרה מיד ליד דאי מסר ליה אמאי לא קני הא בטלה הקפדתו אלא ש\"מ דמסירה לא הוי מיד ליד ועוד אי מסירה מיד ליד בעינן לא ה\"ל למימר לך חזק וקני אלא תא חזק וקני:", 
                "בהמה גסה נקנית במסירה - פי' בקונטרס דוקא במסירה אבל במשיכה לא מיקניא דאין דרכה בכך להוליכה לפניו משמע לפירושו דמסירה עדיפא ממשיכה והא דקאמר בגמרא דרש רב בקימחוניא בהמה גסה נקנית במשיכה וכל שכן במסירה ופריך שמואל לתלמידי דרב והאנן במסירה תנן פי' במסירה דוקא ולא במשיכה וקשה לר\"י מאי פריך שמואל והאנן במסירה תנן ולא במשיכה הא תנן בפ\"ק דב\"מ (דף ב.) היו שנים רוכבים על גבי בהמה או שהיה אחד רוכב ואחד מנהיג וכו' שהשנים יחלוקו משום דכל אחד קנה מחצה ומנהיג היינו משיכה ועוד דאמר התם (דף ח:) שמעת מיניה דמר שמואל תרתי רוכב ומנהיג חד קני וחד לא קני ולא ידענא הי מינייהו היכי דמי אילימא רוכב לחוד ומנהיג לחוד מנהיג מי איכא למ\"ד דלא קני משמע דשמואל גופיה דקאמר הכא במסירה דוקא תנן קאמר התם דמנהיג קני דהיינו משיכה ועוד קשה דבגמרא בעו פיל לר' שמעון במה יקנה תבעי ליה נמי בהמה גסה במציאה ובנכסי הגר במה יקנה אליבא דרבי מאיר ורבי אליעזר במסירה לא אפשר דמאן מסר ליה דליקני ומשיכה לא קניא בבהמה גסה לדידהו ומיהו הך פירכא איכא לשנויי ולחלק בין מקח וממכר למציאה ונכסי הגר דמקח וממכר דאפשר במסירה לא מיקני במשיכה אבל במציאה ונכסי הגר דלא אפשר במסירה מקניא במשיכה אבל אכתי קשה מרבי אליעזר דאית ליה הכא במסירה דוקא כדקתני במתניתין דברי רבי מאיר ורבי אליעזר והתם קתני רבי אליעזר אומר רוכב בשדה ומנהיג בעיר קני ומוקי לה במקח וממכר אלמא משיכה קני אף לרבי אליעזר לכך פי' ר\"י בהמה גסה נקנית במסירה היינו אף במסירה וכל שכן במשיכה דעדיפא והשתא ניחא דפריך שמואל והאנן במסירה תנן כלומר אף במסירה ועוד יש לדקדק דמשיכה עדיפא ממסירה מהא דקתני בהמוכר את הספינה (ב\"ב דף עו.) ספינה נקנית במסירה דברי רבי וחכמים אומרים לא קנה עד שימשכנה משמע דלא קני במסירה לרבנן אלא במשיכה אלמא דרבי דאמר במסירה לא למעוטי משיכה אתא אבל למאן דאמר במשיכה למעוטי מסירה אתא והלשון נמי משמע דקאמר התם ספינה נמי תקני במסירה משמע עם המשיכה וכן סובר רשב\"ם דמשיכה חשיבה מן המסירה דפירש בפרק המוכר את הספינה (שם דף עו:) עלה דההיא דאביי ורבא דאמרי תרוייהו מסירה קונה ברשות הרבים ובחצר שאינו של שניהם משיכה קונה בסימטא [ובחצר שהיא של שניהן] ופירש רשב\"ם התם מסירה קונה ברשות הרבים משום דלא אפשר למיקנייה התם במשיכה דאין משיכה אלא כשמושך ברשותו והאי לאו רשותיה היא משיכה קונה בסימטא דשפיר הוי רשותו להניח שם מה שהוא צריך משא\"כ ברשות הרבים וכיון דאפשר במשיכה שהוא קנין חשוב לאו אורחא דארעא למיקנייה במסירה שהוא קנין גרוע ור\"ת הקשה על פירוש רשב\"ם וכי מצות הן משיכה ומסירה שמבטלות זו את זו שאין לעשות אלא מן המובחר ופירש רבינו תם לשם משיכה קונה בסימטא כל שכן מסירה דעדיפא ממשיכה וכן פירש רש\"י ומיהו שיטה דשמעתא קשה לפירושו כדפירשתי וה\"ר חיים כהן מיישב פירוש רשב\"ם ומפרש דמסירה אינה קונה בסימטא לא מטעמא דרשב\"ם אלא נראה לו הטעם שהסימטא רשות של יחיד הוא והקודם בו זכה וסתמא דמילתא המוכר קדם והביא בהמתו לשם קודם שבא הלוקח ואם כן הוי מקום בהמתו כחצרו ואין מסירה ולא שום קנין מהני ברשות מוכר אע\"ג דמשיכה קניא שם היינו משום שעקר הדבר ממקומו הראשון ור\"י הקשה על מה שפירש רבינו תם דמסירה קונה אף בסימטא מההיא דפרק הספינה (שם דף עו:) דקאמר התם ספינה נקנית במסירה דברי רבי וחכמים אומרים במשיכה ופריך היכי דמי אילימא ברשות הרבים וכו' עד דקאמר לימא אביי ורבא דאמרי מסירה קונה ברשות הרבים אמרי כרבי כו' משמע דאי הוה מוקי לה בסימטא לא הוי קשה מידי ואי מסירה קונה בסימטא אפי' אם מיירי פלוגתא דרבי וחכמים בסימטא הוה ליה למיפרך הכי לימא אביי ורבא דאמרי כרבי לכך נראה לר\"י הא דאמרי אביי ורבא מסירה קונה ברה\"ר היינו דוקא ברה\"ר אבל לא בסימטא כמו שפירש רשב\"ם [וע' היטב תוס' בבא בתרא עו. ד\"ה ספינה]:"
            ], 
            "links": [
                {
                    "category": "Talmud", 
                    "sourceHeRef": "קידושין כ״ה ב:י״א", 
                    "sourceRef": "Kiddushin 25b:11", 
                    "ref": "Kiddushin 25b:11"
                }, 
                {
                    "category": "Talmud", 
                    "sourceHeRef": "בבא בתרא ע״ו ב", 
                    "sourceRef": "Bava Batra 76b", 
                    "ref": "Bava Batra 76b"
                }, 
                {
                    "category": "Talmud", 
                    "sourceHeRef": "בבא בתרא ע״ו א", 
                    "sourceRef": "Bava Batra 76a", 
                    "ref": "Bava Batra 76a"
                }, 
                {
                    "category": "Talmud", 
                    "sourceHeRef": "קידושין כ״ה ב:י״א", 
                    "sourceRef": "Kiddushin 25b:11", 
                    "ref": "Kiddushin 25b:11"
                }
            ], 
            "text": ""
        }, 
        {
            "segmentNumber": "12", 
            "he": [], 
            "links": [], 
            "text": ""
        }, 
        {
            "segmentNumber": "13", 
            "he": [], 
            "links": [], 
            "text": ""
        }, 
        {
            "segmentNumber": "14", 
            "he": [], 
            "links": [], 
            "text": ""
        }, 
        {
            "segmentNumber": "15", 
            "he": [], 
            "links": [], 
            "text": ""
        }, 
        {
            "segmentNumber": "16", 
            "he": [], 
            "links": [], 
            "text": ""
        }, 
        {
            "segmentNumber": "17", 
            "he": [], 
            "links": [], 
            "text": ""
        }, 
        {
            "segmentNumber": "18", 
            "he": [], 
            "links": [], 
            "text": ""
        }, 
        {
            "segmentNumber": "19", 
            "he": [], 
            "links": [], 
            "text": ""
        }, 
        {
            "segmentNumber": "20", 
            "he": [], 
            "links": [], 
            "text": ""
        }, 
        {
            "segmentNumber": "21", 
            "he": [], 
            "links": [], 
            "text": ""
        }, 
        {
            "segmentNumber": "22", 
            "he": [], 
            "links": [], 
            "text": ""
        }, 
        {
            "segmentNumber": "23", 
            "he": [], 
            "links": [], 
            "text": ""
        }, 
        {
            "segmentNumber": "24", 
            "he": [], 
            "links": [], 
            "text": ""
        }, 
        {
            "segmentNumber": "25", 
            "he": [], 
            "links": [], 
            "text": ""
        }, 
        {
            "segmentNumber": "26", 
            "he": [], 
            "links": [], 
            "text": ""
        }, 
        {
            "segmentNumber": "27", 
            "he": [], 
            "links": [], 
            "text": ""
        }, 
        {
            "segmentNumber": "28", 
            "he": [], 
            "links": [], 
            "text": ""
        }, 
        {
            "segmentNumber": "29", 
            "he": [], 
            "links": [], 
            "text": ""
        }, 
        {
            "segmentNumber": "30", 
            "he": [
                "שמעת מינה כליו של לוקח ברשות מוכר קנה לוקח - וא\"ת דילמא לא מיירי ברשות מוכר וי\"ל סתמא דמילתא ברשות מוכר מיירי ששם הבהמה עומדת והוי מצי למידחי דאמר ליה מוכר יקנה לך כליך דבהא לכ\"ע קנה לוקח כדאיתא בפרק הספינה (ב\"ב דף פו.):"
            ], 
            "links": [
                {
                    "category": "Talmud", 
                    "sourceHeRef": "קידושין כ״ה ב:ל׳", 
                    "sourceRef": "Kiddushin 25b:30", 
                    "ref": "Kiddushin 25b:30"
                }, 
                {
                    "category": "Talmud", 
                    "sourceHeRef": "בבא בתרא פ״ו א", 
                    "sourceRef": "Bava Batra 86a", 
                    "ref": "Bava Batra 86a"
                }
            ], 
            "text": ""
        }, 
        {
            "segmentNumber": "31", 
            "he": [], 
            "links": [], 
            "text": ""
        }, 
        {
            "segmentNumber": "32", 
            "he": [], 
            "links": [], 
            "text": ""
        }
    ], 
    "commentaryBook": "Kiddushin", 
    "heRef": "תוספות על קידושין כ״ה ב", 
    "toSections": [
        "25b"
    ], 
    "sectionRef": "Tosafot on Kiddushin 25b", 
    "title": "Tosafot on Kiddushin 25b", 
    "lengths": [
        162, 
        8517
    ], 
    "next": "Tosafot on Kiddushin 26a:1", 
    "heBook": "תוספות על קידושין", 
    "book": "Tosafot on Kiddushin", 
    "prev": "Tosafot on Kiddushin 25a:81", 
    "textDepth": 3, 
    "sectionNames": [
        "Daf", 
        "Line", 
        "Comment"
    ], 
    "sections": [
        "25b"
    ], 
    "commentator": "Tosafot", 
    "isComplex": false, 
    "commentaryCategories": [
        "Talmud", 
        "Bavli", 
        "Seder Nashim"
    ], 
    "titleVariants": [
        "Tosafot on Kiddushin", 
        "Tosafot on Masechet Kiddushin", 
        "Tosafot on Tractate Kiddushin", 
        "Tosafot on Masekhet Kiddushin", 
        "Tosafot on Talmud Kiddushin", 
        "Tosafot on Qiddushin", 
        "Tosafot on Masekhet Qiddushin"
    ], 
    "categories": [
        "Commentary", 
        "Talmud", 
        "Tosafot"
    ], 
    "ref": "Tosafot on Kiddushin 25b", 
    "type": "Commentary", 
    "addressTypes": [
        "Talmud", 
        "Integer", 
        "Integer"
    ], 
    "heCommentator": "תוספות", 
    "length": 162, 
    "indexTitle": "Tosafot on Kiddushin", 
    "heIndexTitle": "תוספות על קידושין", 
    "alts": [], 
    "order": [
        19, 
        7
    ]
}