{
    "heTitleVariants": [
        "תלמוד ירושלמי בבא קמא"
    ], 
    "heTitle": "תלמוד ירושלמי בבא קמא כ׳ ב", 
    "content": [
        {
            "segmentNumber": "1", 
            "he": "מינהו בית דין לא ישבע שבית דין מבחנין אותו אבא שאול אומר חילוף הדברים אפיטרופוס שמינהו אבי יתומין לא ישבע דבעי ממשכנא ליה מינהו בית דין ישבע אית בר נש בעי מיתן כמה ומיתקרי הימן אמר אבא בר רב הונא הדא אמרה המכיש בהמת חבירו והלכה והזיקה חייב בנזקיה:", 
            "links": [], 
            "text": ""
        }, 
        {
            "segmentNumber": "2", 
            "he": "שור שנגח את האדם ומת מועד משלם את הכופר ותם פטור מן הכופר וזה וזה חייבין מיתה וכן בבן וכן בבת נגח עבד או אמה נותן שלשים סלעים בין שהוא יפה מנה בין שאינו יפה אלא דינר זהב:", 
            "links": [], 
            "text": ""
        }, 
        {
            "segmentNumber": "3", 
            "he": "תני ובעל השור נקי נקי מחצי כופר דברי ר' אליעזר אמר לו רבי עקיבה רבי והלא מוקדם הוא לבית הסקילה חמורה אמר לו לא אמרתי אלא בנתכוון להרוג את הבהמה והרג את האדם וכו'.  עד דו מקשי לה על דרבי ליעזר יקשינה על דידיה אמר רבי מיישא תיפתר בשעבר ושחטו.  ואית דבעי מימר מאן דילפה מן דר' ליעזר עוד הוא אמר כן לא אמרתי", 
            "links": [], 
            "text": ""
        }
    ], 
    "heRef": "תלמוד ירושלמי בבא קמא כ׳ ב", 
    "toSections": [
        "20b"
    ], 
    "sectionRef": "Jerusalem Talmud Bava Kamma 20b", 
    "title": "Jerusalem Talmud Bava Kamma 20b", 
    "lengths": [
        88, 
        243
    ], 
    "next": "Jerusalem Talmud Bava Kamma 21a", 
    "heBook": "תלמוד ירושלמי בבא קמא", 
    "book": "Jerusalem Talmud Bava Kamma", 
    "prev": "Jerusalem Talmud Bava Kamma 20a", 
    "textDepth": 2, 
    "sectionNames": [
        "Daf", 
        "Halakhah"
    ], 
    "sections": [
        "20b"
    ], 
    "isComplex": false, 
    "titleVariants": [
        "Talmud Yerushalmi Bava Kamma", 
        "JT Bava Kamma", 
        "Yerushalmi Bava Kamma", 
        "Jerusalem Talmud Bava Kamma"
    ], 
    "categories": [
        "Talmud", 
        "Yerushalmi", 
        "Seder Nezikin"
    ], 
    "ref": "Jerusalem Talmud Bava Kamma 20b", 
    "type": "Talmud", 
    "addressTypes": [
        "Talmud", 
        "Integer"
    ], 
    "length": 88, 
    "indexTitle": "Jerusalem Talmud Bava Kamma", 
    "heIndexTitle": "תלמוד ירושלמי בבא קמא", 
    "alts": [], 
    "order": [
        31
    ]
}