{
    "heTitleVariants": [
        "תוספות על עירובין", 
        "תוספות על ערובין"
    ], 
    "heTitle": "תוספות על עירובין ע״ג א", 
    "content": [
        {
            "segmentNumber": "1", 
            "he": [], 
            "links": [], 
            "text": ""
        }, 
        {
            "segmentNumber": "2", 
            "he": [], 
            "links": [], 
            "text": ""
        }, 
        {
            "segmentNumber": "3", 
            "he": [], 
            "links": [], 
            "text": ""
        }, 
        {
            "segmentNumber": "4", 
            "he": [], 
            "links": [], 
            "text": ""
        }, 
        {
            "segmentNumber": "5", 
            "he": [], 
            "links": [], 
            "text": ""
        }, 
        {
            "segmentNumber": "6", 
            "he": [], 
            "links": [], 
            "text": ""
        }, 
        {
            "segmentNumber": "7", 
            "he": [], 
            "links": [], 
            "text": ""
        }, 
        {
            "segmentNumber": "8", 
            "he": [], 
            "links": [], 
            "text": ""
        }, 
        {
            "segmentNumber": "9", 
            "he": [], 
            "links": [], 
            "text": ""
        }, 
        {
            "segmentNumber": "10", 
            "he": [], 
            "links": [], 
            "text": ""
        }, 
        {
            "segmentNumber": "11", 
            "he": [], 
            "links": [], 
            "text": ""
        }, 
        {
            "segmentNumber": "12", 
            "he": [], 
            "links": [], 
            "text": ""
        }, 
        {
            "segmentNumber": "13", 
            "he": [], 
            "links": [], 
            "text": ""
        }, 
        {
            "segmentNumber": "14", 
            "he": [], 
            "links": [], 
            "text": ""
        }, 
        {
            "segmentNumber": "15", 
            "he": [], 
            "links": [], 
            "text": ""
        }, 
        {
            "segmentNumber": "16", 
            "he": [], 
            "links": [], 
            "text": ""
        }, 
        {
            "segmentNumber": "17", 
            "he": [], 
            "links": [], 
            "text": ""
        }, 
        {
            "segmentNumber": "18", 
            "he": [], 
            "links": [], 
            "text": ""
        }, 
        {
            "segmentNumber": "19", 
            "he": [
                "ודניאל בתרע מלכא - פי' ר\"ח וסימנך בבא שער תרע שער פי' רבי יהודה בן בבא הוא מתיר בעבדים ובבא ותרע הכל שער נראה דמייתי קרא לסימן ולטעם לדבריו:"
            ], 
            "links": [
                {
                    "category": "Talmud", 
                    "sourceHeRef": "עירובין ע״ג א:י״ט", 
                    "sourceRef": "Eruvin 73a:19", 
                    "ref": "Eruvin 73a:19"
                }
            ], 
            "text": ""
        }, 
        {
            "segmentNumber": "20", 
            "he": [], 
            "links": [], 
            "text": ""
        }, 
        {
            "segmentNumber": "21", 
            "he": [], 
            "links": [], 
            "text": ""
        }, 
        {
            "segmentNumber": "22", 
            "he": [], 
            "links": [], 
            "text": ""
        }, 
        {
            "segmentNumber": "23", 
            "he": [], 
            "links": [], 
            "text": ""
        }, 
        {
            "segmentNumber": "24", 
            "he": [], 
            "links": [], 
            "text": ""
        }, 
        {
            "segmentNumber": "25", 
            "he": [], 
            "links": [], 
            "text": ""
        }, 
        {
            "segmentNumber": "26", 
            "he": [], 
            "links": [], 
            "text": ""
        }, 
        {
            "segmentNumber": "27", 
            "he": [], 
            "links": [], 
            "text": ""
        }, 
        {
            "segmentNumber": "28", 
            "he": [
                "בעא מיניה אביי מרבה חמשה שגבו עירובן כו' - ואע\"ג דאביי ידע להאי ברייתא דלעיל דהא בסוף פרק מי שהוציאוהו (לעיל דף מט:) פריך מינה לרבה דקאמר ליה לדידך קשה לשמואל קשה גבי עירוב משום קנין לא שאל כאן לרבה אלא כדי להקשות לו ממתניתין:"
            ], 
            "links": [
                {
                    "category": "Talmud", 
                    "sourceHeRef": "עירובין ע״ג א:כ״ח", 
                    "sourceRef": "Eruvin 73a:28", 
                    "ref": "Eruvin 73a:28"
                }
            ], 
            "text": ""
        }, 
        {
            "segmentNumber": "29", 
            "he": [], 
            "links": [], 
            "text": ""
        }, 
        {
            "segmentNumber": "30", 
            "he": [], 
            "links": [], 
            "text": ""
        }, 
        {
            "segmentNumber": "31", 
            "he": [], 
            "links": [], 
            "text": ""
        }, 
        {
            "segmentNumber": "32", 
            "he": [], 
            "links": [], 
            "text": ""
        }, 
        {
            "segmentNumber": "33", 
            "he": [], 
            "links": [], 
            "text": ""
        }, 
        {
            "segmentNumber": "34", 
            "he": [], 
            "links": [], 
            "text": ""
        }, 
        {
            "segmentNumber": "35", 
            "he": [], 
            "links": [], 
            "text": ""
        }, 
        {
            "segmentNumber": "36", 
            "he": [], 
            "links": [], 
            "text": ""
        }, 
        {
            "segmentNumber": "37", 
            "he": [], 
            "links": [], 
            "text": ""
        }, 
        {
            "segmentNumber": "38", 
            "he": [], 
            "links": [], 
            "text": ""
        }, 
        {
            "segmentNumber": "39", 
            "he": [], 
            "links": [], 
            "text": ""
        }, 
        {
            "segmentNumber": "40", 
            "he": [], 
            "links": [], 
            "text": ""
        }, 
        {
            "segmentNumber": "41", 
            "he": [], 
            "links": [], 
            "text": ""
        }, 
        {
            "segmentNumber": "42", 
            "he": [], 
            "links": [], 
            "text": ""
        }, 
        {
            "segmentNumber": "43", 
            "he": [], 
            "links": [], 
            "text": ""
        }, 
        {
            "segmentNumber": "44", 
            "he": [], 
            "links": [], 
            "text": ""
        }, 
        {
            "segmentNumber": "45", 
            "he": [], 
            "links": [], 
            "text": ""
        }, 
        {
            "segmentNumber": "46", 
            "he": [
                "כרבים דמו או כיחידים דמו - פי' בקונטרס לענין ב' חצירות זו לפנים מזו דתנן בסוף פירקין ואם היו של יחידים אין צריכין לערב ומיבעיא ליה אם אב ובנו דרים בפנימית אי חשיבי כיחידים או כרבים תימה לר\"י דממתני' שמעינן ליה דמוכחא דאין אב ובנו אוסרים זה על זה וכיון דלא אסרי אם כן הויא לה רגל המותרת במקומה ואינה אוסרת שלא במקומה דההיא טעמא דיחידים אין צריכין לערב וי\"ל דמקבלי פרס מיבעיא ליה ומספקא ליה אי מתני' בסמוכין על שלחן אביהם ממש והתם הוא דאין צריכין לערב כשאין עמהם דיורין דאהני קצת מה שסמוכים בפת אע\"ג דמקום לינה גורם אבל מקבלי פרס אע\"ג דאין עמהם דיורין צריכין לערב או דילמא מתניתין במקבלי פרס כדאוקמא רב דאמר התם מקום פיתא גורם ומייתי ראייה מברייתא דסתם האב ובנו הרב ותלמידו מקבלי פרס נינהו כיון שישנים בבתיהם היכא דלא קתני בהדיא אוכלין על שלחן אביהן ומיהו לא משמע כלל לומר כן ונראה לר\"י דמיבעיא ליה בדליכא בכל המבוי אלא אב ובנו או הרב ותלמידו דבתים וחצירות שלהם פתוחין למבוי וכיון שכל המבוי שלהם משתכחת תורת עירוב וקמיבעיא ליה נמי דאם תימצי לומר אין צריכין לערב מבוי שלהם ניתר בלחי וקורה או לא:"
            ], 
            "links": [
                {
                    "category": "Talmud", 
                    "sourceHeRef": "עירובין ע״ג א:מ״ו", 
                    "sourceRef": "Eruvin 73a:46", 
                    "ref": "Eruvin 73a:46"
                }
            ], 
            "text": ""
        }, 
        {
            "segmentNumber": "47", 
            "he": [], 
            "links": [], 
            "text": ""
        }, 
        {
            "segmentNumber": "48", 
            "he": [], 
            "links": [], 
            "text": ""
        }, 
        {
            "segmentNumber": "49", 
            "he": [], 
            "links": [], 
            "text": ""
        }, 
        {
            "segmentNumber": "50", 
            "he": [], 
            "links": [], 
            "text": ""
        }, 
        {
            "segmentNumber": "51", 
            "he": [], 
            "links": [], 
            "text": ""
        }
    ], 
    "commentaryBook": "Eruvin", 
    "heRef": "תוספות על עירובין ע״ג א", 
    "toSections": [
        "73a"
    ], 
    "sectionRef": "Tosafot on Eruvin 73a", 
    "title": "Tosafot on Eruvin 73a", 
    "lengths": [
        207, 
        10184
    ], 
    "next": "Tosafot on Eruvin 73b:7", 
    "heBook": "תוספות על עירובין", 
    "book": "Tosafot on Eruvin", 
    "prev": "Tosafot on Eruvin 72b:42", 
    "textDepth": 3, 
    "sectionNames": [
        "Daf", 
        "Line", 
        "Comment"
    ], 
    "sections": [
        "73a"
    ], 
    "commentator": "Tosafot", 
    "isComplex": false, 
    "commentaryCategories": [
        "Talmud", 
        "Bavli", 
        "Seder Moed"
    ], 
    "titleVariants": [
        "Tosafot on Eruvin", 
        "Tosafot on Tractate Eruvin", 
        "Tosafot on Talmud Eruvin", 
        "Tosafot on Masekhet Eruvin"
    ], 
    "categories": [
        "Commentary", 
        "Talmud", 
        "Tosafot"
    ], 
    "ref": "Tosafot on Eruvin 73a", 
    "type": "Commentary", 
    "addressTypes": [
        "Talmud", 
        "Integer", 
        "Integer"
    ], 
    "heCommentator": "תוספות", 
    "length": 207, 
    "indexTitle": "Tosafot on Eruvin", 
    "heIndexTitle": "תוספות על עירובין", 
    "alts": [], 
    "order": [
        3, 
        2
    ]
}