{
    "heTitleVariants": [
        "תוספות על עירובין", 
        "תוספות על ערובין"
    ], 
    "heTitle": "תוספות על עירובין ל׳ א", 
    "content": [
        {
            "segmentNumber": "1", 
            "he": [], 
            "links": [], 
            "text": ""
        }, 
        {
            "segmentNumber": "2", 
            "he": [], 
            "links": [], 
            "text": ""
        }, 
        {
            "segmentNumber": "3", 
            "he": [], 
            "links": [], 
            "text": ""
        }, 
        {
            "segmentNumber": "4", 
            "he": [], 
            "links": [], 
            "text": ""
        }, 
        {
            "segmentNumber": "5", 
            "he": [], 
            "links": [], 
            "text": ""
        }, 
        {
            "segmentNumber": "6", 
            "he": [], 
            "links": [], 
            "text": ""
        }, 
        {
            "segmentNumber": "7", 
            "he": [], 
            "links": [], 
            "text": ""
        }, 
        {
            "segmentNumber": "8", 
            "he": [], 
            "links": [], 
            "text": ""
        }, 
        {
            "segmentNumber": "9", 
            "he": [], 
            "links": [], 
            "text": ""
        }, 
        {
            "segmentNumber": "10", 
            "he": [], 
            "links": [], 
            "text": ""
        }, 
        {
            "segmentNumber": "11", 
            "he": [], 
            "links": [], 
            "text": ""
        }, 
        {
            "segmentNumber": "12", 
            "he": [], 
            "links": [], 
            "text": ""
        }, 
        {
            "segmentNumber": "13", 
            "he": [], 
            "links": [], 
            "text": ""
        }, 
        {
            "segmentNumber": "14", 
            "he": [], 
            "links": [], 
            "text": ""
        }, 
        {
            "segmentNumber": "15", 
            "he": [], 
            "links": [], 
            "text": ""
        }, 
        {
            "segmentNumber": "16", 
            "he": [], 
            "links": [], 
            "text": ""
        }, 
        {
            "segmentNumber": "17", 
            "he": [], 
            "links": [], 
            "text": ""
        }, 
        {
            "segmentNumber": "18", 
            "he": [], 
            "links": [], 
            "text": ""
        }, 
        {
            "segmentNumber": "19", 
            "he": [], 
            "links": [], 
            "text": ""
        }, 
        {
            "segmentNumber": "20", 
            "he": [], 
            "links": [], 
            "text": ""
        }, 
        {
            "segmentNumber": "21", 
            "he": [], 
            "links": [], 
            "text": ""
        }, 
        {
            "segmentNumber": "22", 
            "he": [], 
            "links": [], 
            "text": ""
        }, 
        {
            "segmentNumber": "23", 
            "he": [], 
            "links": [], 
            "text": ""
        }, 
        {
            "segmentNumber": "24", 
            "he": [], 
            "links": [], 
            "text": ""
        }, 
        {
            "segmentNumber": "25", 
            "he": [], 
            "links": [], 
            "text": ""
        }, 
        {
            "segmentNumber": "26", 
            "he": [], 
            "links": [], 
            "text": ""
        }, 
        {
            "segmentNumber": "27", 
            "he": [], 
            "links": [], 
            "text": ""
        }, 
        {
            "segmentNumber": "28", 
            "he": [], 
            "links": [], 
            "text": ""
        }, 
        {
            "segmentNumber": "29", 
            "he": [], 
            "links": [], 
            "text": ""
        }, 
        {
            "segmentNumber": "30", 
            "he": [
                "לימא תהוי תיובתא - ואם תאמר והא מאן דפליג ארב ושמואל לא פליג אלא באורז ודוחן וא\"כ תקשה לכולהו ועוד תיקשי ליה מתניתין דכיצד מברכין (ברכות דף מ:) דיש כמה דברים דמברכין עליו שהכל או בפ\"ה וי\"ל דדווקא לרב ושמואל פריך דלא חשיבי אורז ודוחן אף על גב דקבעי נמי סעודתא עלייהו א\"כ סבירא להו דכל מילי לא מיקרו מזון אלא ה' מינין בלבד אבל מאן דפליג עלייהו סבר שפיר דכל מילי איקרו מזון אך דלא תקנו בורא מיני מזונות אלא הך דקבעי סעודתא עלייהו ואאורז ודוחן קבעי נמי:"
            ], 
            "links": [
                {
                    "category": "Talmud", 
                    "sourceHeRef": "עירובין ל׳ א:ל׳", 
                    "sourceRef": "Eruvin 30a:30", 
                    "ref": "Eruvin 30a:30"
                }, 
                {
                    "category": "Talmud", 
                    "sourceHeRef": "ברכות מ׳ ב", 
                    "sourceRef": "Berakhot 40b", 
                    "ref": "Berakhot 40b"
                }
            ], 
            "text": ""
        }, 
        {
            "segmentNumber": "31", 
            "he": [], 
            "links": [], 
            "text": ""
        }, 
        {
            "segmentNumber": "32", 
            "he": [], 
            "links": [], 
            "text": ""
        }, 
        {
            "segmentNumber": "33", 
            "he": [], 
            "links": [], 
            "text": ""
        }, 
        {
            "segmentNumber": "34", 
            "he": [], 
            "links": [], 
            "text": ""
        }, 
        {
            "segmentNumber": "35", 
            "he": [], 
            "links": [], 
            "text": ""
        }, 
        {
            "segmentNumber": "36", 
            "he": [], 
            "links": [], 
            "text": ""
        }, 
        {
            "segmentNumber": "37", 
            "he": [], 
            "links": [], 
            "text": ""
        }, 
        {
            "segmentNumber": "38", 
            "he": [], 
            "links": [], 
            "text": ""
        }, 
        {
            "segmentNumber": "39", 
            "he": [], 
            "links": [], 
            "text": ""
        }, 
        {
            "segmentNumber": "40", 
            "he": [], 
            "links": [], 
            "text": ""
        }, 
        {
            "segmentNumber": "41", 
            "he": [], 
            "links": [], 
            "text": ""
        }, 
        {
            "segmentNumber": "42", 
            "he": [], 
            "links": [], 
            "text": ""
        }, 
        {
            "segmentNumber": "43", 
            "he": [], 
            "links": [], 
            "text": ""
        }, 
        {
            "segmentNumber": "44", 
            "he": [], 
            "links": [], 
            "text": ""
        }, 
        {
            "segmentNumber": "45", 
            "he": [], 
            "links": [], 
            "text": ""
        }, 
        {
            "segmentNumber": "46", 
            "he": [], 
            "links": [], 
            "text": ""
        }, 
        {
            "segmentNumber": "47", 
            "he": [], 
            "links": [], 
            "text": ""
        }, 
        {
            "segmentNumber": "48", 
            "he": [], 
            "links": [], 
            "text": ""
        }, 
        {
            "segmentNumber": "49", 
            "he": [], 
            "links": [], 
            "text": ""
        }, 
        {
            "segmentNumber": "50", 
            "he": [], 
            "links": [], 
            "text": ""
        }, 
        {
            "segmentNumber": "51", 
            "he": [], 
            "links": [], 
            "text": ""
        }, 
        {
            "segmentNumber": "52", 
            "he": [], 
            "links": [], 
            "text": ""
        }, 
        {
            "segmentNumber": "53", 
            "he": [], 
            "links": [], 
            "text": ""
        }, 
        {
            "segmentNumber": "54", 
            "he": [], 
            "links": [], 
            "text": ""
        }, 
        {
            "segmentNumber": "55", 
            "he": [], 
            "links": [], 
            "text": ""
        }, 
        {
            "segmentNumber": "56", 
            "he": [], 
            "links": [], 
            "text": ""
        }, 
        {
            "segmentNumber": "57", 
            "he": [], 
            "links": [], 
            "text": ""
        }, 
        {
            "segmentNumber": "58", 
            "he": [], 
            "links": [], 
            "text": ""
        }, 
        {
            "segmentNumber": "59", 
            "he": [], 
            "links": [], 
            "text": ""
        }, 
        {
            "segmentNumber": "60", 
            "he": [], 
            "links": [], 
            "text": ""
        }, 
        {
            "segmentNumber": "61", 
            "he": [], 
            "links": [], 
            "text": ""
        }, 
        {
            "segmentNumber": "62", 
            "he": [
                "ככר זו עלי אין מערבין לו בה - תימה לר\"י אמאי נקט בהאי שבועה ובהאי נדר בשבועה גופה או בנדר גופיה הוה מצי לפלוגי דהיכא דאסר עליה באכילה מערבין לו בה בהנאה אין מערבין לו בה ועוד דאמר לקמן (דף לא.) לכ\"ע אין מערבין אלא לדבר מצוה ומצות לאו ליהנות ניתנו משמע דליכא תנא דפליג והא רבי אליעזר דבסמוך דאמר ככר זו עלי דאין מערבין לו בה משום דאסור בהנאה אם כן סבר דמערבין לו לדבר הרשות או מצות ליהנות ניתנו ונראה כרשב\"ם דמפרש דאין מערבין לו בה אפי' אמר קונם אכילת ככר זו עלי משום דקונם הוי כעין הקדש ואתי לאחלופי בהקדש אבל אמר שבועה אפילו אמר שבועה שלא אהנה מככר זו כיון דלא מיחלף בהקדש מערבין לו בה דאין מערבין אלא לדבר מצוה ומצות לאו ליהנות ניתנו ונקט שבועה שלא אוכל דאפי' הכי בקונם אין מערבין לו בה וקשה לפירושו דכי פריך בסמוך לרב הונא ליפלוג וליתני בדידיה לישני דהכי קאמר אבל אמר עלי נעשה כאומר ככר זו הקדש ואין מערבין לו בה ולפי' הקונטרס ניחא דאין לו לתלות בהקדשות דאסירי לדידיה ולאחריני ויש לומר דלא מצי לשנויי הכי משום דמסיים בה לפי שאין מערבין בהקדשות משמע דווקא בהקדשות אבל בקונמות מערבין:"
            ], 
            "links": [
                {
                    "category": "Talmud", 
                    "sourceHeRef": "עירובין ל׳ א:ס״ב", 
                    "sourceRef": "Eruvin 30a:62", 
                    "ref": "Eruvin 30a:62"
                }
            ], 
            "text": ""
        }, 
        {
            "segmentNumber": "63", 
            "he": [], 
            "links": [], 
            "text": ""
        }, 
        {
            "segmentNumber": "64", 
            "he": [], 
            "links": [], 
            "text": ""
        }, 
        {
            "segmentNumber": "65", 
            "he": [], 
            "links": [], 
            "text": ""
        }, 
        {
            "segmentNumber": "66", 
            "he": [], 
            "links": [], 
            "text": ""
        }, 
        {
            "segmentNumber": "67", 
            "he": [], 
            "links": [], 
            "text": ""
        }, 
        {
            "segmentNumber": "68", 
            "he": [], 
            "links": [], 
            "text": ""
        }, 
        {
            "segmentNumber": "69", 
            "he": [], 
            "links": [], 
            "text": ""
        }, 
        {
            "segmentNumber": "70", 
            "he": [], 
            "links": [], 
            "text": ""
        }, 
        {
            "segmentNumber": "71", 
            "he": [], 
            "links": [], 
            "text": ""
        }, 
        {
            "segmentNumber": "72", 
            "he": [], 
            "links": [], 
            "text": ""
        }, 
        {
            "segmentNumber": "73", 
            "he": [], 
            "links": [], 
            "text": ""
        }, 
        {
            "segmentNumber": "74", 
            "he": [], 
            "links": [], 
            "text": ""
        }, 
        {
            "segmentNumber": "75", 
            "he": [], 
            "links": [], 
            "text": ""
        }, 
        {
            "segmentNumber": "76", 
            "he": [], 
            "links": [], 
            "text": ""
        }
    ], 
    "commentaryBook": "Eruvin", 
    "heRef": "תוספות על עירובין ל׳ א", 
    "toSections": [
        "30a"
    ], 
    "sectionRef": "Tosafot on Eruvin 30a", 
    "title": "Tosafot on Eruvin 30a", 
    "lengths": [
        207, 
        10184
    ], 
    "next": "Tosafot on Eruvin 30b:26", 
    "heBook": "תוספות על עירובין", 
    "book": "Tosafot on Eruvin", 
    "prev": "Tosafot on Eruvin 29b:66", 
    "textDepth": 3, 
    "sectionNames": [
        "Daf", 
        "Line", 
        "Comment"
    ], 
    "sections": [
        "30a"
    ], 
    "commentator": "Tosafot", 
    "isComplex": false, 
    "commentaryCategories": [
        "Talmud", 
        "Bavli", 
        "Seder Moed"
    ], 
    "titleVariants": [
        "Tosafot on Eruvin", 
        "Tosafot on Tractate Eruvin", 
        "Tosafot on Talmud Eruvin", 
        "Tosafot on Masekhet Eruvin"
    ], 
    "categories": [
        "Commentary", 
        "Talmud", 
        "Tosafot"
    ], 
    "ref": "Tosafot on Eruvin 30a", 
    "type": "Commentary", 
    "addressTypes": [
        "Talmud", 
        "Integer", 
        "Integer"
    ], 
    "heCommentator": "תוספות", 
    "length": 207, 
    "indexTitle": "Tosafot on Eruvin", 
    "heIndexTitle": "תוספות על עירובין", 
    "alts": [], 
    "order": [
        3, 
        2
    ]
}