{
    "heTitleVariants": [
        "מפורש על תמיד"
    ], 
    "heTitle": "מפורש על תמיד כ״ח ב", 
    "content": [
        {
            "segmentNumber": "1", 
            "he": [
                "ולא שומעין את קולו - מפני שר''ל עד שהיו שומעין את הקול וכו' תני ולא היו שומעין את קולו:", 
                "עד שהיו שומעין קול העץ שעשה בן קטין מוכני לכיור - לגלגל שכבר שקעוהו מבערב כדי שלא יפסלו מימיו והשתא מעלהו כדי לקדש בו וכשמעלהו נשמע קול העץ דמי כיור נפסלין בשקיעת החמה ואיכא למ''ד בזבחים (דף כא:) דעכשיו משקען והתם מפרש שפיר:"
            ], 
            "links": [
                {
                    "category": "Talmud", 
                    "sourceHeRef": "תמיד כ״ח ב:א׳", 
                    "index_title": "Tamid", 
                    "sourceRef": "Tamid 28b:1"
                }, 
                {
                    "category": "Talmud", 
                    "sourceHeRef": "תמיד כ״ח ב:א׳", 
                    "index_title": "Tamid", 
                    "sourceRef": "Tamid 28b:1"
                }
            ], 
            "text": ""
        }, 
        {
            "segmentNumber": "2", 
            "he": [
                "והן אומרין הגיע עת - לקדש קידש ידיו ורגליו מן הכיור ומפרש בזבחים (דף יט:) כיצד הוא מקדש מניח ידו הימנית ע\"ג רגלו הימנית וידו השמאלית על גבי רגלו השמאלית ושופך מים ומקדש:"
            ], 
            "links": [
                {
                    "category": "Talmud", 
                    "sourceHeRef": "תמיד כ״ח ב:ב׳", 
                    "index_title": "Tamid", 
                    "sourceRef": "Tamid 28b:2"
                }
            ], 
            "text": ""
        }, 
        {
            "segmentNumber": "3", 
            "he": [], 
            "links": [], 
            "text": ""
        }, 
        {
            "segmentNumber": "4", 
            "he": [
                "נטל מחתה של כסף ועלה לראש המזבח - דרך מזרחו של כבש באמה של כבש הסמוכות לצד מזרח הכבש ארכו שלשים ושתים ורחבו ט''ז והוא היה באמצע המזבח נמצא משך המזבח מצד מזרח חוץ לכבש שמונה אמות ומצד מערב חוץ לכבש ח' אמות שהרי המזבח ל''ב אמות:", 
                "ופינה את הגחלים אילך ואילך וחתה מן המאוכלות הפנימיות - מאותן גחלים שנתאכלו ונעשו גחלים דקים דהוו דשן דאשר תאכל האש כתיב. הכי גרסינן מן המאוכלות הפנימיות אבל גבי גחלי יום הכיפורים לא גרסינן מאוכלות אלא הכי גרסינן חתה וירד דהתם בעינן גחלים גמורים והכא בעינן דשן והא דבעינן הכא מאוכלות משום דנעשו דשן בעינן:", 
                "וירד - ממזרחו של כבש דרץ. כשבא אל המזבח בה ישוב:"
            ], 
            "links": [
                {
                    "category": "Talmud", 
                    "sourceHeRef": "תמיד כ״ח ב:ד׳", 
                    "index_title": "Tamid", 
                    "sourceRef": "Tamid 28b:4"
                }, 
                {
                    "category": "Talmud", 
                    "sourceHeRef": "תמיד כ״ח ב:ד׳", 
                    "index_title": "Tamid", 
                    "sourceRef": "Tamid 28b:4"
                }, 
                {
                    "category": "Talmud", 
                    "sourceHeRef": "תמיד כ״ח ב:ד׳", 
                    "index_title": "Tamid", 
                    "sourceRef": "Tamid 28b:4"
                }
            ], 
            "text": ""
        }, 
        {
            "segmentNumber": "5", 
            "he": [
                "הגיע לרצפה - למקום שכלה הכבש:", 
                "הפך פניו לצפון - כלומר לא היה מהלך כדרכו דרך מזרח ויוצא חוץ לעזרה אלא הופך פניו לצפון העזרה דהיינו דרום המזבח:", 
                "והולך במזרחו של כבש - אצל הכבש בקרקע עזרה סמוך לכבש והלך כעשרה אמות (בקרקע עזרה) מן (רגל) הכבש ועדיין רחוק הוא [מקום הדשן] מן המזבח כ' אמות דשלשים אמות היה הכבש תופס בקרקע עזרה (והלך כעשר אמות מן הכבש ועדיין רחוק הוא מן המזבח עשרים) אליבא דמ''ד לא היה לה יסוד למזבח כלל וקרן דרומית מזרחית לא היה לה יסוד ופליגי בה בזבחים (דף נד.) יש אומרים לא היה להם יסוד ליתן דמים על אותו יסוד אבל יסוד היה למזבח ואליביה היה הכבש תופס בקרקע עזרה ל' והא דתנן הכבש שלשים ושתים שהיה מתפשט עדיין ב' אמות למעלה על אמה יסוד ועל אמה סובב הרי שלשים ושתים ואיכא למ''ד לא היה לו יסוד כלל ואליביה תופס הכבש בקרקע עוד שלשים ואחת ומתפשט עדיין אמה אחת על הסובב הרי בין הכל ל''ב:", 
                "צבר הגחלים ע''ג הרצפה רחוק מן הכבש ג' טפחים - צבר דכתיב ושמו ואמרינן ושמו שלא יפזר וא''ת הא בעינן ושמו אצל המזבח ונהי דכבש כמזבח לכל מילי מ''מ היה לנו לקרבו אצל המזבח ועדיין הוא רחוק מן המזבח עשרים אמות אמר לי רבי דמוהשליך דכתיב במוראה ונוצה דייקינן דכתיב במוראה ונוצה (ויקרא א) והשליך אותה אצל המזבח קדמה וקים להו לרבנן דלא מיקרי השלכה פחות מעשרים אמות ושיעור ח' אמות רוחב דעולת העוף היא נעשית על קרן דרומית מזרחית הילכך מניח את הדשן רחוק מן המזבח עשרים אמות מקום שנותנין שם מוראה ונוצה ודישון מזבח הפנימי ודישון המנורה וכל אלו נבלעים במקומן אבל תרומת הדשן נ''ל דלא היתה נבלעת מדאמרינן ביומא (דף כא.) עשרה נסים נעשו לאבותינו כו' ופרכינן ותו ליכא והאמר אביי מוראת העוף ודישון מזבח הפנימי ודישון המנורה נבלעין במקומן ואם איתא דתרומת הדשן כמו כן נבלעת ה''ל לאחשובה ואמרינן בכריתות (דף ו.) ושמו מלמד שטעונין גניזה דאסור ליהנות מתרומת הדשן:"
            ], 
            "links": [
                {
                    "category": "Talmud", 
                    "sourceHeRef": "תמיד כ״ח ב:ה׳", 
                    "index_title": "Tamid", 
                    "sourceRef": "Tamid 28b:5"
                }, 
                {
                    "category": "Talmud", 
                    "sourceHeRef": "תמיד כ״ח ב:ה׳", 
                    "index_title": "Tamid", 
                    "sourceRef": "Tamid 28b:5"
                }, 
                {
                    "category": "Talmud", 
                    "sourceHeRef": "תמיד כ״ח ב:ה׳", 
                    "index_title": "Tamid", 
                    "sourceRef": "Tamid 28b:5"
                }, 
                {
                    "category": "Talmud", 
                    "sourceHeRef": "תמיד כ״ח ב:ה׳", 
                    "index_title": "Tamid", 
                    "sourceRef": "Tamid 28b:5"
                }, 
                {
                    "category": "Tanakh", 
                    "sourceHeRef": "ויקרא א׳", 
                    "index_title": "Leviticus", 
                    "sourceRef": "Leviticus 1"
                }
            ], 
            "text": ""
        }, 
        {
            "segmentNumber": "6", 
            "he": [
                "גמ' ומי הוו אכסדראות בעזרה - השתא קא סלקא דעתך אכסדראות של עץ היו ולכך פריך ומי הוו אכסדראות כו' בעזרה:"
            ], 
            "links": [
                {
                    "category": "Talmud", 
                    "sourceHeRef": "תמיד כ״ח ב:ו׳", 
                    "index_title": "Tamid", 
                    "sourceRef": "Tamid 28b:6"
                }
            ], 
            "text": ""
        }, 
        {
            "segmentNumber": "7", 
            "he": [], 
            "links": [], 
            "text": ""
        }, 
        {
            "segmentNumber": "8", 
            "he": [], 
            "links": [], 
            "text": ""
        }, 
        {
            "segmentNumber": "9", 
            "he": [], 
            "links": [], 
            "text": ""
        }, 
        {
            "segmentNumber": "10", 
            "he": [], 
            "links": [], 
            "text": ""
        }, 
        {
            "segmentNumber": "11", 
            "he": [], 
            "links": [], 
            "text": ""
        }, 
        {
            "segmentNumber": "12", 
            "he": [], 
            "links": [], 
            "text": ""
        }, 
        {
            "segmentNumber": "13", 
            "he": [
                "אמר רב חסדא באכסדראות של בנין - עמודים של אבן היו בעזרה סביב חומת העזרה ועל העמודים נתונים כמין תקראות:"
            ], 
            "links": [
                {
                    "category": "Talmud", 
                    "sourceHeRef": "תמיד כ״ח ב:י״ג", 
                    "index_title": "Tamid", 
                    "sourceRef": "Tamid 28b:13"
                }
            ], 
            "text": ""
        }, 
        {
            "segmentNumber": "14", 
            "he": [], 
            "links": [], 
            "text": ""
        }, 
        {
            "segmentNumber": "15", 
            "he": [
                "למימרא דחביתים הוו קדמי - מדקתני לעשות חביתים מכלל דהשתא הוו מקטרי להו על גבי המזבח:"
            ], 
            "links": [
                {
                    "category": "Talmud", 
                    "sourceHeRef": "תמיד כ״ח ב:ט״ו", 
                    "index_title": "Tamid", 
                    "sourceRef": "Tamid 28b:15"
                }
            ], 
            "text": ""
        }, 
        {
            "segmentNumber": "16", 
            "he": [], 
            "links": [], 
            "text": ""
        }, 
        {
            "segmentNumber": "17", 
            "he": [
                "והתניא מנין שלא יהא דבר קודם לתמיד - דבר הקובעו גבי מזבח לא יקדום לתמיד של שחר הקרב כמו כן על גבי המזבח כו':"
            ], 
            "links": [
                {
                    "category": "Talmud", 
                    "sourceHeRef": "תמיד כ״ח ב:י״ז", 
                    "index_title": "Tamid", 
                    "sourceRef": "Tamid 28b:17"
                }
            ], 
            "text": ""
        }, 
        {
            "segmentNumber": "18", 
            "he": [], 
            "links": [], 
            "text": ""
        }, 
        {
            "segmentNumber": "19", 
            "he": [], 
            "links": [], 
            "text": ""
        }, 
        {
            "segmentNumber": "20", 
            "he": [
                "להחם חמין לרביכה - דמותר להחם חמין לעסוק בה וכשמגיע זמן הקטרתם לאחר שיקריבו אברי תמיד יקטיר כמו כן את החביתים:"
            ], 
            "links": [
                {
                    "category": "Talmud", 
                    "sourceHeRef": "תמיד כ״ח ב:כ׳", 
                    "index_title": "Tamid", 
                    "sourceRef": "Tamid 28b:20"
                }
            ], 
            "text": ""
        }, 
        {
            "segmentNumber": "21", 
            "he": [], 
            "links": [], 
            "text": ""
        }, 
        {
            "segmentNumber": "22", 
            "he": [
                "מתני' ראוהו אחיו שירד - אסדרא דלעיל קאי לאחר שתרם את הדשן וירד מן הכבש אז נתקרב אצלם אצל רוח שהם עומדים:", 
                "מיד יצו אחריו וקדשו ידיהם ורגליהם מן הכיור - הואיל ורצו לקדש ידיהם ורגליהם כמו כן לצורך עבודה רשאים ללכת בין אולם ולמזבח:"
            ], 
            "links": [
                {
                    "category": "Talmud", 
                    "sourceHeRef": "תמיד כ״ח ב:כ״ב", 
                    "index_title": "Tamid", 
                    "sourceRef": "Tamid 28b:22"
                }, 
                {
                    "category": "Talmud", 
                    "sourceHeRef": "תמיד כ״ח ב:כ״ב", 
                    "index_title": "Tamid", 
                    "sourceRef": "Tamid 28b:22"
                }
            ], 
            "text": ""
        }, 
        {
            "segmentNumber": "23", 
            "he": [
                "נטלו את המגרפות - יעים להסיר את הדשן ולפנותו לתפוח:", 
                "את הצינורות - מזלגות להסיר את האברים:", 
                "ועלו לראש המזבח - וקודם תרומת הדשן לא היו יכולים לעשות לפי שצריך להרים תרומת הדשן קודם שיפנו את הדשן לתפוח:"
            ], 
            "links": [
                {
                    "category": "Talmud", 
                    "sourceHeRef": "תמיד כ״ח ב:כ״ג", 
                    "index_title": "Tamid", 
                    "sourceRef": "Tamid 28b:23"
                }, 
                {
                    "category": "Talmud", 
                    "sourceHeRef": "תמיד כ״ח ב:כ״ג", 
                    "index_title": "Tamid", 
                    "sourceRef": "Tamid 28b:23"
                }, 
                {
                    "category": "Talmud", 
                    "sourceHeRef": "תמיד כ״ח ב:כ״ג", 
                    "index_title": "Tamid", 
                    "sourceRef": "Tamid 28b:23"
                }
            ], 
            "text": ""
        }, 
        {
            "segmentNumber": "24", 
            "he": [
                "סולקין אותן לצידי מזבח - כמו מסלקין לצידי מזבח:"
            ], 
            "links": [
                {
                    "category": "Talmud", 
                    "sourceHeRef": "תמיד כ״ח ב:כ״ד", 
                    "index_title": "Tamid", 
                    "sourceRef": "Tamid 28b:24"
                }
            ], 
            "text": ""
        }, 
        {
            "segmentNumber": "25", 
            "he": [
                "סודרן בכבש - כדי שלא יפסלו בלינה שאין יכולין להקטירן עד לאחר שיקטירו אברי תמיד ואם לא סודרן על המזבח היו נפסלין בלינה ואמרינן בזבחים בפ' המזבח (דף פז.) דאין לינה במזבח וכבש הרי הוא כמזבח לכל דבר צדי מזבח נראה לרבי מקום שהוא פנוי ואם אין (מן) הצדדין מחז קין סודרין אותם בסובב או על גבי הכבש ולאחר שיסדרו את המערכות יחזירו את האברים על המערכה ויציתו בה האור:"
            ], 
            "links": [
                {
                    "category": "Talmud", 
                    "sourceHeRef": "תמיד כ״ח ב:כ״ה", 
                    "index_title": "Tamid", 
                    "sourceRef": "Tamid 28b:25"
                }
            ], 
            "text": ""
        }, 
        {
            "segmentNumber": "26", 
            "he": [
                "החלו - התחילו לעלות את האפר על גבי התפוח: "
            ], 
            "links": [
                {
                    "category": "Talmud", 
                    "sourceHeRef": "תמיד כ״ח ב:כ״ו", 
                    "index_title": "Tamid", 
                    "sourceRef": "Tamid 28b:26"
                }
            ], 
            "text": ""
        }, 
        {
            "segmentNumber": "27", 
            "he": [
                "באמצע מזבח פעמים היה עליו שלש מאות כור:", 
                "תפוח - צבור האפר שבאמצע המזבח שהיו שורפין אפר על גבי מערכה ומעלין אותם שם וזהו נויו של מזבח והוא נקרא תפוח על שם שהיה עגול כתפוח וחבירו במסכת עבודה זרה (דף נה.) אף על פי שנוטל בידו ונותן לתפוח צבור הענבים שבתוך הגת קרי תפוח וכשהיה רבה כל כך שלא היו יכולין לסדר המערכות כדאמרינן לקמן וראשי גיזרין הפנימיות נוגעים בתפוח היו מוציאין אותם לחוץ כדכתיב והוציא את הדשן אל מחוץ למחנה (ויקרא ו):"
            ], 
            "links": [
                {
                    "category": "Talmud", 
                    "sourceHeRef": "תמיד כ״ח ב:כ״ז", 
                    "index_title": "Tamid", 
                    "sourceRef": "Tamid 28b:27"
                }, 
                {
                    "category": "Talmud", 
                    "sourceHeRef": "תמיד כ״ח ב:כ״ז", 
                    "index_title": "Tamid", 
                    "sourceRef": "Tamid 28b:27"
                }, 
                {
                    "category": "Tanakh", 
                    "sourceHeRef": "ויקרא ו׳", 
                    "index_title": "Leviticus", 
                    "sourceRef": "Leviticus 6"
                }
            ], 
            "text": ""
        }, 
        {
            "segmentNumber": "28", 
            "he": [
                "וברגלים לא היו מדשניו אותו - כמו ודשנו את המזבח (במדבר ד) לא היו מוציאין אותו חוץ מן המזבח אף על פי שמזיק להם הדשן בסידור המערכה:", 
                "מפני שהוא נוי למזבח - כשיש עליו דשן הרבה כדאמרן בעלמא (פסחים דף סה:) שבח הוא לבני אהרן שמהלכין עד ארכובותיהם בדם כך שבח כשיש עליו דשן הרבה ונראה שלא עומד המזבח בטל:"
            ], 
            "links": [
                {
                    "category": "Talmud", 
                    "sourceHeRef": "תמיד כ״ח ב:כ״ח", 
                    "index_title": "Tamid", 
                    "sourceRef": "Tamid 28b:28"
                }, 
                {
                    "category": "Talmud", 
                    "sourceHeRef": "תמיד כ״ח ב:כ״ח", 
                    "index_title": "Tamid", 
                    "sourceRef": "Tamid 28b:28"
                }, 
                {
                    "category": "Tanakh", 
                    "sourceHeRef": "במדבר ד׳", 
                    "index_title": "Numbers", 
                    "sourceRef": "Numbers 4"
                }, 
                {
                    "category": "Talmud", 
                    "sourceHeRef": "פסחים ס״ה ב", 
                    "index_title": "Pesachim", 
                    "sourceRef": "Pesachim 65b"
                }
            ], 
            "text": ""
        }, 
        {
            "segmentNumber": "29", 
            "he": [], 
            "links": [], 
            "text": ""
        }
    ], 
    "commentaryBook": "Tamid", 
    "heRef": "מפורש על תמיד כ״ח ב", 
    "toSections": [
        "28b"
    ], 
    "sectionRef": "Meforash on Tamid 28b", 
    "title": "Meforash on Tamid 28b", 
    "lengths": [
        66, 
        665
    ], 
    "next": "Meforash on Tamid 29a:1", 
    "heBook": "מפורש על תמיד", 
    "book": "Meforash on Tamid", 
    "prev": "Meforash on Tamid 28a:43", 
    "textDepth": 3, 
    "sectionNames": [
        "Daf", 
        "Line", 
        "Comment"
    ], 
    "sections": [
        "28b"
    ], 
    "commentator": "Meforash", 
    "isComplex": false, 
    "commentaryCategories": [
        "Talmud", 
        "Bavli", 
        "Seder Kodashim"
    ], 
    "titleVariants": [
        "Meforash on Tamid", 
        "Meforash on Masekhet Tamid", 
        "Meforash on Tractate Tamid", 
        "Meforash on Talmud Tamid"
    ], 
    "categories": [
        "Commentary", 
        "Talmud", 
        "Meforash"
    ], 
    "ref": "Meforash on Tamid 28b", 
    "type": "Commentary", 
    "addressTypes": [
        "Talmud", 
        "Integer", 
        "Integer"
    ], 
    "heCommentator": "מפורש", 
    "length": 66, 
    "indexTitle": "Meforash on Tamid", 
    "heIndexTitle": "מפורש על תמיד", 
    "alts": [], 
    "order": [
        36, 
        9
    ]
}