{
    "heTitleVariants": [
        "מצודת ציון על שמואל א׳", 
        "מצודת ציון על ש״א", 
        "מצודת ציון על שמואל א", 
        "מצודת ציון על ש\"א", 
        "מצודת ציון על שמואל א'"
    ], 
    "heTitle": "מצודת ציון על שמואל א", 
    "commentaryBook": "I Samuel", 
    "heRef": "מצודת ציון על שמואל א ב׳", 
    "toSections": [
        2
    ], 
    "sectionRef": "Metzudat Zion on I Samuel 2", 
    "title": "Metzudat Zion on I Samuel 2", 
    "lengths": [
        31, 
        812
    ], 
    "next": "Metzudat Zion on I Samuel 3:1", 
    "content": [
        {
            "segmentNumber": "1", 
            "he": [
                "<b>עלץ .</b> ענין שמחה , כמו ( משלי כח יב ) בעלוץ צדיקים : ", 
                "<b>רמה .</b> גבהה :\n"
            ], 
            "links": [
                {
                    "category": "Tanach", 
                    "sourceHeRef": "שמואל א ב׳:א׳", 
                    "sourceRef": "I Samuel 2:1", 
                    "ref": "I Samuel 2:1"
                }, 
                {
                    "category": "Tanach", 
                    "sourceHeRef": "שמואל א ב׳:א׳", 
                    "sourceRef": "I Samuel 2:1", 
                    "ref": "I Samuel 2:1"
                }, 
                {
                    "category": "Tanach", 
                    "sourceHeRef": "משלי כ״ח:י״ב", 
                    "sourceRef": "Proverbs 28:12", 
                    "ref": "Proverbs 28:12"
                }
            ], 
            "text": ""
        }, 
        {
            "segmentNumber": "2", 
            "he": [
                "<b>בלתך .</b> זולתך : ", 
                "<b>צור .</b> ענין חוזק , והוא מלשון צור וסלע :\n"
            ], 
            "links": [
                {
                    "category": "Tanach", 
                    "sourceHeRef": "שמואל א ב׳:ב׳", 
                    "sourceRef": "I Samuel 2:2", 
                    "ref": "I Samuel 2:2"
                }, 
                {
                    "category": "Tanach", 
                    "sourceHeRef": "שמואל א ב׳:ב׳", 
                    "sourceRef": "I Samuel 2:2", 
                    "ref": "I Samuel 2:2"
                }
            ], 
            "text": ""
        }, 
        {
            "segmentNumber": "3", 
            "he": [
                "<b>עתק .</b> דברי חזק , כמו ( תהלים צד ד ) ידברו עתק : ", 
                "<b>נתכנו .</b> ענין מנין , כמו ( שמות ה יח ) : ותוכן לבנים : ", 
                "<b>עלילות .</b> מעשים , כמו ( איכה א יב ) : אשר עולל לי :\n"
            ], 
            "links": [
                {
                    "category": "Tanach", 
                    "sourceHeRef": "שמואל א ב׳:ג׳", 
                    "sourceRef": "I Samuel 2:3", 
                    "ref": "I Samuel 2:3"
                }, 
                {
                    "category": "Tanach", 
                    "sourceHeRef": "שמואל א ב׳:ג׳", 
                    "sourceRef": "I Samuel 2:3", 
                    "ref": "I Samuel 2:3"
                }, 
                {
                    "category": "Tanach", 
                    "sourceHeRef": "שמואל א ב׳:ג׳", 
                    "sourceRef": "I Samuel 2:3", 
                    "ref": "I Samuel 2:3"
                }, 
                {
                    "category": "Tanach", 
                    "sourceHeRef": "תהילים צ״ד:ד׳", 
                    "sourceRef": "Psalms 94:4", 
                    "ref": "Psalms 94:4"
                }, 
                {
                    "category": "Tanach", 
                    "sourceHeRef": "שמות ה׳:י״ח", 
                    "sourceRef": "Exodus 5:18", 
                    "ref": "Exodus 5:18"
                }, 
                {
                    "category": "Tanach", 
                    "sourceHeRef": "איכה א׳:י״ב", 
                    "sourceRef": "Lamentations 1:12", 
                    "ref": "Lamentations 1:12"
                }
            ], 
            "text": ""
        }, 
        {
            "segmentNumber": "4", 
            "he": [
                "<b>חתים .</b> ענין שבירה , כמו ( ישעיהו נא ו ) : וצדקתי לא תחת : ", 
                "<b>ונכשלים .</b> מלשון מכשול , והוא ענין רפוי הכח : ", 
                "<b>אזרו חיל .</b> חגרו כח , וכן ( תהלים יח לג ) : המאזרני חיל :\n"
            ], 
            "links": [
                {
                    "category": "Tanach", 
                    "sourceHeRef": "שמואל א ב׳:ד׳", 
                    "sourceRef": "I Samuel 2:4", 
                    "ref": "I Samuel 2:4"
                }, 
                {
                    "category": "Tanach", 
                    "sourceHeRef": "שמואל א ב׳:ד׳", 
                    "sourceRef": "I Samuel 2:4", 
                    "ref": "I Samuel 2:4"
                }, 
                {
                    "category": "Tanach", 
                    "sourceHeRef": "שמואל א ב׳:ד׳", 
                    "sourceRef": "I Samuel 2:4", 
                    "ref": "I Samuel 2:4"
                }, 
                {
                    "category": "Tanach", 
                    "sourceHeRef": "ישעיהו נ״א:ו׳", 
                    "sourceRef": "Isaiah 51:6", 
                    "ref": "Isaiah 51:6"
                }, 
                {
                    "category": "Tanach", 
                    "sourceHeRef": "תהילים י״ח:ל״ג", 
                    "sourceRef": "Psalms 18:33", 
                    "ref": "Psalms 18:33"
                }
            ], 
            "text": ""
        }, 
        {
            "segmentNumber": "5", 
            "he": [
                "<b>חדלו .</b> מנעו : ", 
                "<b>אמללה .</b> ענין כריתה , כמו ( שם ו ג ) : אומלל אני :\n"
            ], 
            "links": [
                {
                    "category": "Tanach", 
                    "sourceHeRef": "שמואל א ב׳:ה׳", 
                    "sourceRef": "I Samuel 2:5", 
                    "ref": "I Samuel 2:5"
                }, 
                {
                    "category": "Tanach", 
                    "sourceHeRef": "שמואל א ב׳:ה׳", 
                    "sourceRef": "I Samuel 2:5", 
                    "ref": "I Samuel 2:5"
                }
            ], 
            "text": ""
        }, 
        {
            "segmentNumber": "6", 
            "he": [
                "<b>מוריד .</b> מלשון ירידה :\n"
            ], 
            "links": [
                {
                    "category": "Tanach", 
                    "sourceHeRef": "שמואל א ב׳:ו׳", 
                    "sourceRef": "I Samuel 2:6", 
                    "ref": "I Samuel 2:6"
                }
            ], 
            "text": ""
        }, 
        {
            "segmentNumber": "7", 
            "he": [
                "<b>מוריש .</b> ענין עניות , כמו ( שמואל ב יב ג ) : ולרש אץ כל :\n"
            ], 
            "links": [
                {
                    "category": "Tanach", 
                    "sourceHeRef": "שמואל א ב׳:ז׳", 
                    "sourceRef": "I Samuel 2:7", 
                    "ref": "I Samuel 2:7"
                }, 
                {
                    "category": "Tanach", 
                    "sourceHeRef": "שמואל ב י״ב:ג׳", 
                    "sourceRef": "II Samuel 12:3", 
                    "ref": "II Samuel 12:3"
                }
            ], 
            "text": ""
        }, 
        {
            "segmentNumber": "8", 
            "he": [
                "<b>מאשפות .</b> הוא מקום השלכת הזבל : ", 
                "<b>ירים .</b> ירומם : ", 
                "<b>אביון .</b> התאב לכל דבר , כי אין לו מאומה : ", 
                "<b>נדיבים .</b> שרים וחשובים : ", 
                "<b>מצוקי ארץ .</b> מצבי ארץ , ודוגמתו ( שמואל ב טו כד ) : ", 
                "<b>ויציקו את ארון .</b> ורצה לומר , היסודות והעמודים שהם מצבי הארץ ומעמידים אותה : ", 
                "<b>וישת .</b> וישם : ", 
                "<b>תבל .</b> מקום המיושב נקרא תבל :\n"
            ], 
            "links": [
                {
                    "category": "Tanach", 
                    "sourceHeRef": "שמואל א ב׳:ח׳", 
                    "sourceRef": "I Samuel 2:8", 
                    "ref": "I Samuel 2:8"
                }, 
                {
                    "category": "Tanach", 
                    "sourceHeRef": "שמואל א ב׳:ח׳", 
                    "sourceRef": "I Samuel 2:8", 
                    "ref": "I Samuel 2:8"
                }, 
                {
                    "category": "Tanach", 
                    "sourceHeRef": "שמואל א ב׳:ח׳", 
                    "sourceRef": "I Samuel 2:8", 
                    "ref": "I Samuel 2:8"
                }, 
                {
                    "category": "Tanach", 
                    "sourceHeRef": "שמואל א ב׳:ח׳", 
                    "sourceRef": "I Samuel 2:8", 
                    "ref": "I Samuel 2:8"
                }, 
                {
                    "category": "Tanach", 
                    "sourceHeRef": "שמואל א ב׳:ח׳", 
                    "sourceRef": "I Samuel 2:8", 
                    "ref": "I Samuel 2:8"
                }, 
                {
                    "category": "Tanach", 
                    "sourceHeRef": "שמואל א ב׳:ח׳", 
                    "sourceRef": "I Samuel 2:8", 
                    "ref": "I Samuel 2:8"
                }, 
                {
                    "category": "Tanach", 
                    "sourceHeRef": "שמואל א ב׳:ח׳", 
                    "sourceRef": "I Samuel 2:8", 
                    "ref": "I Samuel 2:8"
                }, 
                {
                    "category": "Tanach", 
                    "sourceHeRef": "שמואל א ב׳:ח׳", 
                    "sourceRef": "I Samuel 2:8", 
                    "ref": "I Samuel 2:8"
                }, 
                {
                    "category": "Tanach", 
                    "sourceHeRef": "שמואל ב ט״ו:כ״ד", 
                    "sourceRef": "II Samuel 15:24", 
                    "ref": "II Samuel 15:24"
                }
            ], 
            "text": ""
        }, 
        {
            "segmentNumber": "9", 
            "he": [
                "<b>ידמו .</b> יכרתו , כמו ( ירמיהו נא ו ) : אל תדמו בעונה :\n"
            ], 
            "links": [
                {
                    "category": "Tanach", 
                    "sourceHeRef": "שמואל א ב׳:ט׳", 
                    "sourceRef": "I Samuel 2:9", 
                    "ref": "I Samuel 2:9"
                }, 
                {
                    "category": "Tanach", 
                    "sourceHeRef": "ירמיהו נ״א:ו׳", 
                    "sourceRef": "Jeremiah 51:6", 
                    "ref": "Jeremiah 51:6"
                }
            ], 
            "text": ""
        }, 
        {
            "segmentNumber": "10", 
            "he": [
                "<b>יחתו .</b> ישברו : ", 
                "<b>ירעם .</b> מלשון רעם ורעש : ", 
                "<b>אפסי .</b> קצות , כי בקצות הארץ היא אפס וכלה : ", 
                "<b>קרן .</b> המלה ההיא הונחה על התגברות , כי בעלי חיים בעלי הקרן , יתחזקו בהם :\n"
            ], 
            "links": [
                {
                    "category": "Tanach", 
                    "sourceHeRef": "שמואל א ב׳:י׳", 
                    "sourceRef": "I Samuel 2:10", 
                    "ref": "I Samuel 2:10"
                }, 
                {
                    "category": "Tanach", 
                    "sourceHeRef": "שמואל א ב׳:י׳", 
                    "sourceRef": "I Samuel 2:10", 
                    "ref": "I Samuel 2:10"
                }, 
                {
                    "category": "Tanach", 
                    "sourceHeRef": "שמואל א ב׳:י׳", 
                    "sourceRef": "I Samuel 2:10", 
                    "ref": "I Samuel 2:10"
                }, 
                {
                    "category": "Tanach", 
                    "sourceHeRef": "שמואל א ב׳:י׳", 
                    "sourceRef": "I Samuel 2:10", 
                    "ref": "I Samuel 2:10"
                }
            ], 
            "text": ""
        }, 
        {
            "segmentNumber": "11", 
            "he": [
                "<b>על ביתו .</b> אל ביתו :\n"
            ], 
            "links": [
                {
                    "category": "Tanach", 
                    "sourceHeRef": "שמואל א ב׳:י״א", 
                    "sourceRef": "I Samuel 2:11", 
                    "ref": "I Samuel 2:11"
                }
            ], 
            "text": ""
        }, 
        {
            "segmentNumber": "12", 
            "he": [], 
            "links": [], 
            "text": ""
        }, 
        {
            "segmentNumber": "13", 
            "he": [
                "<b>ומשפט .</b> ומנהג , כמו ( לקמן כז יא ) : וכה משפטו : ", 
                "<b>את העם .</b> עם העם : ", 
                "<b>והמזלג .</b> שם כלי בעלת שינים , עשוי לתחוב בו בשר ולהוציא מהקדרה , וכן ( שמות לח ג ) : ", 
                "<b>את המזלגות .</b> ( יד ) כיור דוד קלחת פרור  הם כלי בשול , כיורה וקדרה וכדומה :\n"
            ], 
            "links": [
                {
                    "category": "Tanach", 
                    "sourceHeRef": "שמואל א ב׳:י״ג", 
                    "sourceRef": "I Samuel 2:13", 
                    "ref": "I Samuel 2:13"
                }, 
                {
                    "category": "Tanach", 
                    "sourceHeRef": "שמואל א ב׳:י״ג", 
                    "sourceRef": "I Samuel 2:13", 
                    "ref": "I Samuel 2:13"
                }, 
                {
                    "category": "Tanach", 
                    "sourceHeRef": "שמואל א ב׳:י״ג", 
                    "sourceRef": "I Samuel 2:13", 
                    "ref": "I Samuel 2:13"
                }, 
                {
                    "category": "Tanach", 
                    "sourceHeRef": "שמואל א ב׳:י״ג", 
                    "sourceRef": "I Samuel 2:13", 
                    "ref": "I Samuel 2:13"
                }, 
                {
                    "category": "Tanach", 
                    "sourceHeRef": "שמות ל״ח:ג׳", 
                    "sourceRef": "Exodus 38:3", 
                    "ref": "Exodus 38:3"
                }
            ], 
            "text": ""
        }, 
        {
            "segmentNumber": "14", 
            "he": [], 
            "links": [], 
            "text": ""
        }, 
        {
            "segmentNumber": "15", 
            "he": [
                "<b>חי .</b> דבר שלא נתבשל קרוי חי :\n"
            ], 
            "links": [
                {
                    "category": "Tanach", 
                    "sourceHeRef": "שמואל א ב׳:ט״ו", 
                    "sourceRef": "I Samuel 2:15", 
                    "ref": "I Samuel 2:15"
                }
            ], 
            "text": ""
        }, 
        {
            "segmentNumber": "16", 
            "he": [
                "<b>כיום .</b> רצה לומר , כעת , וכן ( במדבר ד וז ) : ביום הכותי : ", 
                "<b>בחזקה .</b> בכח ובעל כרחך :\n"
            ], 
            "links": [
                {
                    "category": "Tanach", 
                    "sourceHeRef": "שמואל א ב׳:ט״ז", 
                    "sourceRef": "I Samuel 2:16", 
                    "ref": "I Samuel 2:16"
                }, 
                {
                    "category": "Tanach", 
                    "sourceHeRef": "שמואל א ב׳:ט״ז", 
                    "sourceRef": "I Samuel 2:16", 
                    "ref": "I Samuel 2:16"
                }, 
                {
                    "category": "Tanach", 
                    "sourceHeRef": "במדבר ד׳", 
                    "sourceRef": "Numbers 4", 
                    "ref": "Numbers 4"
                }
            ], 
            "text": ""
        }, 
        {
            "segmentNumber": "17", 
            "he": [
                "<b>נאצו .</b> הוא ענין כעס , כמו ( נחמיה ט יח ) : נאצות גדולות , והושאל אל הבזיון , כי המבזה למי , הוא מכעיסו : ", 
                "<b>מנחת .</b> המלה ההיא כולל כל הקרבנות שהמה למנחה ולדורון :\n"
            ], 
            "links": [
                {
                    "category": "Tanach", 
                    "sourceHeRef": "שמואל א ב׳:י״ז", 
                    "sourceRef": "I Samuel 2:17", 
                    "ref": "I Samuel 2:17"
                }, 
                {
                    "category": "Tanach", 
                    "sourceHeRef": "שמואל א ב׳:י״ז", 
                    "sourceRef": "I Samuel 2:17", 
                    "ref": "I Samuel 2:17"
                }, 
                {
                    "category": "Tanach", 
                    "sourceHeRef": "נחמיה ט׳:י״ח", 
                    "sourceRef": "Nehemiah 9:18", 
                    "ref": "Nehemiah 9:18"
                }
            ], 
            "text": ""
        }, 
        {
            "segmentNumber": "18", 
            "he": [
                "<b>אפוד .</b> מלבוש , דומה קצת לאפוד של כהן גדול , ויחגרו בו עובדי ה' להשתנות משאר בני אדם , וכן נאמר בדוד כשהלך לפני הארון ( שמואל ב ו יד ) : ודוד חגור אפוד בד : ", 
                "<b>בד .</b> פשתן :\n"
            ], 
            "links": [
                {
                    "category": "Tanach", 
                    "sourceHeRef": "שמואל א ב׳:י״ח", 
                    "sourceRef": "I Samuel 2:18", 
                    "ref": "I Samuel 2:18"
                }, 
                {
                    "category": "Tanach", 
                    "sourceHeRef": "שמואל א ב׳:י״ח", 
                    "sourceRef": "I Samuel 2:18", 
                    "ref": "I Samuel 2:18"
                }, 
                {
                    "category": "Tanach", 
                    "sourceHeRef": "שמואל ב ו׳:י״ד", 
                    "sourceRef": "II Samuel 6:14", 
                    "ref": "II Samuel 6:14"
                }
            ], 
            "text": ""
        }, 
        {
            "segmentNumber": "19", 
            "he": [
                "<b>ומעיל .</b> מלבוש דומה קצת למעיל של כהן גדול :\n"
            ], 
            "links": [
                {
                    "category": "Tanach", 
                    "sourceHeRef": "שמואל א ב׳:י״ט", 
                    "sourceRef": "I Samuel 2:19", 
                    "ref": "I Samuel 2:19"
                }
            ], 
            "text": ""
        }, 
        {
            "segmentNumber": "20", 
            "he": [], 
            "links": [], 
            "text": ""
        }, 
        {
            "segmentNumber": "21", 
            "he": [
                "<b>פקד .</b> ענין זכרון והשגחה :\n"
            ], 
            "links": [
                {
                    "category": "Tanach", 
                    "sourceHeRef": "שמואל א ב׳:כ״א", 
                    "sourceRef": "I Samuel 2:21", 
                    "ref": "I Samuel 2:21"
                }
            ], 
            "text": ""
        }, 
        {
            "segmentNumber": "22", 
            "he": [
                "<b>ישכבן .</b> רצה לומר משכיבין : ", 
                "<b>הצובאות .</b> מלשון צבא , ורצה לומר , הרבה כאחת :\n"
            ], 
            "links": [
                {
                    "category": "Tanach", 
                    "sourceHeRef": "שמואל א ב׳:כ״ב", 
                    "sourceRef": "I Samuel 2:22", 
                    "ref": "I Samuel 2:22"
                }, 
                {
                    "category": "Tanach", 
                    "sourceHeRef": "שמואל א ב׳:כ״ב", 
                    "sourceRef": "I Samuel 2:22", 
                    "ref": "I Samuel 2:22"
                }
            ], 
            "text": ""
        }, 
        {
            "segmentNumber": "23", 
            "he": [], 
            "links": [], 
            "text": ""
        }, 
        {
            "segmentNumber": "24", 
            "he": [
                "<b>מעבירים .</b> ענין הוצאות קול , כמו ( שמות לו ו ) : ", 
                "<b>ויעבירו קול במחנה .</b> ( כה ) ופללו , יתפלל  ענין משפט , כמו ( שם כא כב ) : ונתן בפלילים :\n"
            ], 
            "links": [
                {
                    "category": "Tanach", 
                    "sourceHeRef": "שמואל א ב׳:כ״ד", 
                    "sourceRef": "I Samuel 2:24", 
                    "ref": "I Samuel 2:24"
                }, 
                {
                    "category": "Tanach", 
                    "sourceHeRef": "שמואל א ב׳:כ״ד", 
                    "sourceRef": "I Samuel 2:24", 
                    "ref": "I Samuel 2:24"
                }, 
                {
                    "category": "Tanach", 
                    "sourceHeRef": "שמות ל״ו:ו׳", 
                    "sourceRef": "Exodus 36:6", 
                    "ref": "Exodus 36:6"
                }
            ], 
            "text": ""
        }, 
        {
            "segmentNumber": "25", 
            "he": [], 
            "links": [], 
            "text": ""
        }, 
        {
            "segmentNumber": "26", 
            "he": [], 
            "links": [], 
            "text": ""
        }, 
        {
            "segmentNumber": "27", 
            "he": [
                "<b>הנגלה .</b> היא בה''א השאלה :\n"
            ], 
            "links": [
                {
                    "category": "Tanach", 
                    "sourceHeRef": "שמואל א ב׳:כ״ז", 
                    "sourceRef": "I Samuel 2:27", 
                    "ref": "I Samuel 2:27"
                }
            ], 
            "text": ""
        }, 
        {
            "segmentNumber": "28", 
            "he": [
                "<b>לעלות .</b> להעלות : ", 
                "<b>אשי .</b> הם מתנות כהונה , שהמה מותר מאש המזבח :\n"
            ], 
            "links": [
                {
                    "category": "Tanach", 
                    "sourceHeRef": "שמואל א ב׳:כ״ח", 
                    "sourceRef": "I Samuel 2:28", 
                    "ref": "I Samuel 2:28"
                }, 
                {
                    "category": "Tanach", 
                    "sourceHeRef": "שמואל א ב׳:כ״ח", 
                    "sourceRef": "I Samuel 2:28", 
                    "ref": "I Samuel 2:28"
                }
            ], 
            "text": ""
        }, 
        {
            "segmentNumber": "29", 
            "he": [
                "<b>תבעטו .</b> הוא ענין בזיון , והמשיל לבהמה הבועטת ברגליה , וכן ( דברים לב טו ) : וישמן ישורון ויבעט : ", 
                "<b>מעון .</b> במעון , רצה לומר במשכן מקום מדורי , כמו ( תהלים כו ח ) : אהבתי מעון ביתך : ", 
                "<b>להבריאכם .</b> ענין שומן , כמו ( שופטים ג וז ) : ועגלון איש בריא :\n"
            ], 
            "links": [
                {
                    "category": "Tanach", 
                    "sourceHeRef": "שמואל א ב׳:כ״ט", 
                    "sourceRef": "I Samuel 2:29", 
                    "ref": "I Samuel 2:29"
                }, 
                {
                    "category": "Tanach", 
                    "sourceHeRef": "שמואל א ב׳:כ״ט", 
                    "sourceRef": "I Samuel 2:29", 
                    "ref": "I Samuel 2:29"
                }, 
                {
                    "category": "Tanach", 
                    "sourceHeRef": "שמואל א ב׳:כ״ט", 
                    "sourceRef": "I Samuel 2:29", 
                    "ref": "I Samuel 2:29"
                }, 
                {
                    "category": "Tanach", 
                    "sourceHeRef": "דברים ל״ב:ט״ו", 
                    "sourceRef": "Deuteronomy 32:15", 
                    "ref": "Deuteronomy 32:15"
                }, 
                {
                    "category": "Tanach", 
                    "sourceHeRef": "תהילים כ״ו:ח׳", 
                    "sourceRef": "Psalms 26:8", 
                    "ref": "Psalms 26:8"
                }, 
                {
                    "category": "Tanach", 
                    "sourceHeRef": "שופטים ג׳", 
                    "sourceRef": "Judges 3", 
                    "ref": "Judges 3"
                }
            ], 
            "text": ""
        }, 
        {
            "segmentNumber": "30", 
            "he": [
                "<b>חלילה .</b> חולין וגנאי : ", 
                "<b>יקלו .</b> הוא הפך הכבוד :\n"
            ], 
            "links": [
                {
                    "category": "Tanach", 
                    "sourceHeRef": "שמואל א ב׳:ל׳", 
                    "sourceRef": "I Samuel 2:30", 
                    "ref": "I Samuel 2:30"
                }, 
                {
                    "category": "Tanach", 
                    "sourceHeRef": "שמואל א ב׳:ל׳", 
                    "sourceRef": "I Samuel 2:30", 
                    "ref": "I Samuel 2:30"
                }
            ], 
            "text": ""
        }, 
        {
            "segmentNumber": "31", 
            "he": [
                "<b>וגדעתי .</b> אכרית , כמו ( דברים ז ה ) : ואשריהם תגדעון : ", 
                "<b>זרועך .</b> ענין חוזק , כי החוזק היא בזרוע :\n"
            ], 
            "links": [
                {
                    "category": "Tanach", 
                    "sourceHeRef": "שמואל א ב׳:ל״א", 
                    "sourceRef": "I Samuel 2:31", 
                    "ref": "I Samuel 2:31"
                }, 
                {
                    "category": "Tanach", 
                    "sourceHeRef": "שמואל א ב׳:ל״א", 
                    "sourceRef": "I Samuel 2:31", 
                    "ref": "I Samuel 2:31"
                }, 
                {
                    "category": "Tanach", 
                    "sourceHeRef": "דברים ז׳:ה׳", 
                    "sourceRef": "Deuteronomy 7:5", 
                    "ref": "Deuteronomy 7:5"
                }
            ], 
            "text": ""
        }, 
        {
            "segmentNumber": "32", 
            "he": [
                "<b>והבטת .</b> ענין ראיה והסתכלות : ", 
                "<b>צר .</b> כמו ששתי נשים לאיש אחד תקראנה צרות , כמו כן יקראו שני כהנים גדולים זה לזה בלשון צר : ", 
                "<b>מעון .</b> במעון :\n"
            ], 
            "links": [
                {
                    "category": "Tanach", 
                    "sourceHeRef": "שמואל א ב׳:ל״ב", 
                    "sourceRef": "I Samuel 2:32", 
                    "ref": "I Samuel 2:32"
                }, 
                {
                    "category": "Tanach", 
                    "sourceHeRef": "שמואל א ב׳:ל״ב", 
                    "sourceRef": "I Samuel 2:32", 
                    "ref": "I Samuel 2:32"
                }, 
                {
                    "category": "Tanach", 
                    "sourceHeRef": "שמואל א ב׳:ל״ב", 
                    "sourceRef": "I Samuel 2:32", 
                    "ref": "I Samuel 2:32"
                }
            ], 
            "text": ""
        }, 
        {
            "segmentNumber": "33", 
            "he": [
                "<b>לכלות .</b> המצפה לדבר ואינו בא , קרוי כליון עינים בלשון מקרא : ", 
                "<b>ולאדיב .</b> הוא הפוך , כמו ולדאיב , והוא מענץ צער ותוגה , כמו ( שם כח סה ) : ודאבון נפש : ", 
                "<b>מרבית .</b> ענין גדול , כמו ( איכה ב כב ) : אשר טפחתי ורביתי :\n"
            ], 
            "links": [
                {
                    "category": "Tanach", 
                    "sourceHeRef": "שמואל א ב׳:ל״ג", 
                    "sourceRef": "I Samuel 2:33", 
                    "ref": "I Samuel 2:33"
                }, 
                {
                    "category": "Tanach", 
                    "sourceHeRef": "שמואל א ב׳:ל״ג", 
                    "sourceRef": "I Samuel 2:33", 
                    "ref": "I Samuel 2:33"
                }, 
                {
                    "category": "Tanach", 
                    "sourceHeRef": "שמואל א ב׳:ל״ג", 
                    "sourceRef": "I Samuel 2:33", 
                    "ref": "I Samuel 2:33"
                }, 
                {
                    "category": "Tanach", 
                    "sourceHeRef": "איכה ב׳:כ״ב", 
                    "sourceRef": "Lamentations 2:22", 
                    "ref": "Lamentations 2:22"
                }
            ], 
            "text": ""
        }, 
        {
            "segmentNumber": "34", 
            "he": [], 
            "links": [], 
            "text": ""
        }, 
        {
            "segmentNumber": "35", 
            "he": [
                "<b>נאמן .</b> מתקיים , כמו ( ישעיהו כב כג ) : יתד במקום נאמן : ", 
                "<b>והתהלך .</b> ענין טיול , כמו ( ויקרא כו יב ) : והתהלכתי בתוככם :\n"
            ], 
            "links": [
                {
                    "category": "Tanach", 
                    "sourceHeRef": "שמואל א ב׳:ל״ה", 
                    "sourceRef": "I Samuel 2:35", 
                    "ref": "I Samuel 2:35"
                }, 
                {
                    "category": "Tanach", 
                    "sourceHeRef": "שמואל א ב׳:ל״ה", 
                    "sourceRef": "I Samuel 2:35", 
                    "ref": "I Samuel 2:35"
                }, 
                {
                    "category": "Tanach", 
                    "sourceHeRef": "ישעיהו כ״ב:כ״ג", 
                    "sourceRef": "Isaiah 22:23", 
                    "ref": "Isaiah 22:23"
                }, 
                {
                    "category": "Tanach", 
                    "sourceHeRef": "ויקרא כ״ו:י״ב", 
                    "sourceRef": "Leviticus 26:12", 
                    "ref": "Leviticus 26:12"
                }
            ], 
            "text": ""
        }, 
        {
            "segmentNumber": "36", 
            "he": [
                "<b>לאגורת .</b> האל''ף נוספת , והוא כמו גרה , שהיא מטבע של כסף , והוא מעה : ", 
                "<b>וככר .</b> כך נקרא לחם שלם : ", 
                "<b>ספחני .</b> ענין הקבוץ והדבוק , כמו ( ישעיהו יד א ) : ונספחו על בית יעקב : ", 
                "<b>פת .</b> הוא פרוסה , כמו ( ויקרא ב ו ) : פתות אותה פתים :\n\n"
            ], 
            "links": [
                {
                    "category": "Tanach", 
                    "sourceHeRef": "שמואל א ב׳:ל״ו", 
                    "sourceRef": "I Samuel 2:36", 
                    "ref": "I Samuel 2:36"
                }, 
                {
                    "category": "Tanach", 
                    "sourceHeRef": "שמואל א ב׳:ל״ו", 
                    "sourceRef": "I Samuel 2:36", 
                    "ref": "I Samuel 2:36"
                }, 
                {
                    "category": "Tanach", 
                    "sourceHeRef": "שמואל א ב׳:ל״ו", 
                    "sourceRef": "I Samuel 2:36", 
                    "ref": "I Samuel 2:36"
                }, 
                {
                    "category": "Tanach", 
                    "sourceHeRef": "שמואל א ב׳:ל״ו", 
                    "sourceRef": "I Samuel 2:36", 
                    "ref": "I Samuel 2:36"
                }, 
                {
                    "category": "Tanach", 
                    "sourceHeRef": "ישעיהו י״ד:א׳", 
                    "sourceRef": "Isaiah 14:1", 
                    "ref": "Isaiah 14:1"
                }, 
                {
                    "category": "Tanach", 
                    "sourceHeRef": "ויקרא ב׳:ו׳", 
                    "sourceRef": "Leviticus 2:6", 
                    "ref": "Leviticus 2:6"
                }
            ], 
            "text": ""
        }
    ], 
    "book": "Metzudat Zion on I Samuel", 
    "prev": "Metzudat Zion on I Samuel 1:28", 
    "textDepth": 3, 
    "sectionNames": [
        "Chapter", 
        "Verse", 
        "Comment"
    ], 
    "sections": [
        2
    ], 
    "commentator": "Metzudat Zion", 
    "isComplex": false, 
    "commentaryCategories": [
        "Tanach", 
        "Prophets"
    ], 
    "titleVariants": [
        "Metzudat Zion on I Sam.", 
        "Metzudat Zion on 1Sam", 
        "Metzudat Zion on I Shemuel", 
        "Metzudat Zion on I Sam", 
        "Metzudat Zion on Shmuel Aleph", 
        "Metzudat Zion on Samuel I", 
        "Metzudat Zion on Shmuel I", 
        "Metzudat Zion on I Samuel", 
        "Metzudat Zion on First Samuel", 
        "Metzudat Zion on 1Sam.", 
        "Metzudat Zion on 1 Samuel", 
        "Metzudat Zion on I Shmuel"
    ], 
    "categories": [
        "Commentary", 
        "Tanach", 
        "Metzudat Zion"
    ], 
    "ref": "Metzudat Zion on I Samuel 2", 
    "type": "Commentary", 
    "addressTypes": [
        "Integer", 
        "Integer", 
        "Integer"
    ], 
    "heCommentator": "מצודת ציון", 
    "length": 31, 
    "indexTitle": "Metzudat Zion on I Samuel", 
    "heIndexTitle": "מצודת ציון על שמואל א", 
    "alts": [], 
    "order": [
        8, 
        3
    ]
}