{
    "heTitleVariants": [
        "כסף משנה על משנה תורה, הלכות שאלה ופיקדון"
    ], 
    "heTitle": "כסף משנה על משנה תורה, הלכות שאלה ופיקדון", 
    "heRef": "כסף משנה על משנה תורה, הלכות שאלה ופיקדון ב׳", 
    "toSections": [
        2
    ], 
    "sectionRef": "Kessef Mishneh on Mishneh Torah, Borrowing and Deposit 2", 
    "next": "Kessef Mishneh on Mishneh Torah, Borrowing and Deposit 3:2", 
    "content": [
        {
            "segmentNumber": "1", 
            "he": [], 
            "links": [], 
            "text": ""
        }, 
        {
            "segmentNumber": "2", 
            "he": [], 
            "links": [], 
            "text": ""
        }, 
        {
            "segmentNumber": "3", 
            "he": [], 
            "links": [], 
            "text": ""
        }, 
        {
            "segmentNumber": "4", 
            "he": [], 
            "links": [], 
            "text": ""
        }, 
        {
            "segmentNumber": "5", 
            "he": [], 
            "links": [], 
            "text": ""
        }, 
        {
            "segmentNumber": "6", 
            "he": [], 
            "links": [], 
            "text": ""
        }, 
        {
            "segmentNumber": "7", 
            "he": [
                "<b>או שותפין ששאלו זה מזה.</b> כתב ה''ה נראית הכוונה ששניהם שאלו האחד מחבירו אבל תמהתי על לשון שותפין וכו'. ואני אומר שנ''ל דהכי פירושה שותפין ששאל אחד מחבירו הוי שאלה בבעלים שהרי בעל הדבר השאול עמו במלאכתו הוא ואם אמר השותף לחבירו השאילני היום ואשאילך למחר כלומר אם לא היה להם שותפות אלא זה שא''ל השאילני היום ואשאילך למחר אינה שאלה בבעלים כמו שנתבאר בפ''י מהל' שכירות. והרב המגיה x כתב שדעת רבינו אפילו שאחד שאל מחבירו קרוי שאלה בבעלים שכל אחד מהשותפים שאול לחבירו בעסק השותפות ולזה נקט שותפים דוקא ומה \n", 
                "<b>שכתב ואם אמר השותף לחבירו השאילני היום ואשאילך למחר אינה שאלה בבעלים</b> י''ל שכשאמר השותף למחר גילה בדעתו שהיום לא יהיה עמו בשום מלאכה עכ''ל: \n\n"
            ], 
            "links": [
                {
                    "category": "Halakhah", 
                    "sourceHeRef": "משנה תורה, הלכות שאלה ופיקדון ב׳:ז׳", 
                    "sourceRef": "Mishneh Torah, Borrowing and Deposit 2:7", 
                    "ref": "Mishneh Torah, Borrowing and Deposit 2:7"
                }, 
                {
                    "category": "Halakhah", 
                    "sourceHeRef": "משנה תורה, הלכות שאלה ופיקדון ב׳:ז׳", 
                    "sourceRef": "Mishneh Torah, Borrowing and Deposit 2:7", 
                    "ref": "Mishneh Torah, Borrowing and Deposit 2:7"
                }
            ], 
            "text": ""
        }
    ], 
    "book": "Kessef Mishneh on Mishneh Torah, Borrowing and Deposit", 
    "prev": "Kessef Mishneh on Mishneh Torah, Borrowing and Deposit 1:5", 
    "textDepth": 3, 
    "sectionNames": [
        "Chapter", 
        "Halacha", 
        "Comment"
    ], 
    "sections": [
        2
    ], 
    "isComplex": false, 
    "titleVariants": [
        "Kessef Mishneh on Mishneh Torah, Borrowing and Deposit"
    ], 
    "categories": [
        "Halakhah", 
        "Commentary", 
        "Mishneh Torah", 
        "Sefer Mishpatim"
    ], 
    "ref": "Kessef Mishneh on Mishneh Torah, Borrowing and Deposit 2", 
    "type": "Halakhah", 
    "addressTypes": [
        "Integer", 
        "Integer", 
        "Integer"
    ], 
    "indexTitle": "Kessef Mishneh on Mishneh Torah, Borrowing and Deposit", 
    "heIndexTitle": "כסף משנה על משנה תורה, הלכות שאלה ופיקדון", 
    "alts": [], 
    "order": ""
}