[{
    "links": [
        [
            "60b:1:1", 
            "Gittin 60b:1", 
            "Talmud"
        ], 
        [
            "60b:3:1", 
            "Gittin 60b:3", 
            "Talmud"
        ], 
        [
            "60b:7:1", 
            "Gittin 60b:7", 
            "Talmud"
        ], 
        [
            "60b:9:1", 
            "Gittin 60b:9", 
            "Talmud"
        ], 
        [
            "60b:8:1", 
            "Gittin 60b:8", 
            "Talmud"
        ], 
        [
            "60b:12:1", 
            "Gittin 60b:12", 
            "Talmud"
        ], 
        [
            "60b:17:1", 
            "Gittin 60b:17", 
            "Talmud"
        ], 
        [
            "60b:25:1", 
            "Gittin 60b:25", 
            "Talmud"
        ], 
        [
            "60b:26:1", 
            "Gittin 60b:26", 
            "Talmud"
        ], 
        [
            "60b:29:1", 
            "Gittin 60b:29", 
            "Talmud"
        ], 
        [
            "60b:32:1", 
            "Gittin 60b:32", 
            "Talmud"
        ], 
        [
            "60b:39:1", 
            "Gittin 60b:39", 
            "Talmud"
        ], 
        [
            "60b:41:1", 
            "Gittin 60b:41", 
            "Talmud"
        ], 
        [
            "60b:44:1", 
            "Gittin 60b:44", 
            "Talmud"
        ], 
        [
            "60b:46:1", 
            "Gittin 60b:46", 
            "Talmud"
        ], 
        [
            "60b:48:1", 
            "Gittin 60b:48", 
            "Talmud"
        ], 
        [
            "60b:50:1", 
            "Gittin 60b:50", 
            "Talmud"
        ], 
        [
            "60b:59:1", 
            "Gittin 60b:59", 
            "Talmud"
        ], 
        [
            "60b:64:1", 
            "Gittin 60b:64", 
            "Talmud"
        ], 
        [
            "60b:66:1", 
            "Gittin 60b:66", 
            "Talmud"
        ], 
        [
            "60b:67:1", 
            "Gittin 60b:67", 
            "Talmud"
        ], 
        [
            "60b:69:1", 
            "Gittin 60b:69", 
            "Talmud"
        ], 
        [
            "60b:71:1", 
            "Gittin 60b:71", 
            "Talmud"
        ], 
        [
            "60b:72:1", 
            "Gittin 60b:72", 
            "Talmud"
        ], 
        [
            "60b:73:1", 
            "Gittin 60b:73", 
            "Talmud"
        ], 
        [
            "60b:75:1", 
            "Gittin 60b:75", 
            "Talmud"
        ], 
        [
            "60b:1:2", 
            "Gittin 60b:1", 
            "Talmud"
        ], 
        [
            "60b:3:2", 
            "Gittin 60b:3", 
            "Talmud"
        ], 
        [
            "60b:8:2", 
            "Gittin 60b:8", 
            "Talmud"
        ], 
        [
            "60b:25:2", 
            "Gittin 60b:25", 
            "Talmud"
        ], 
        [
            "60b:32:2", 
            "Gittin 60b:32", 
            "Talmud"
        ], 
        [
            "60b:44:2", 
            "Gittin 60b:44", 
            "Talmud"
        ], 
        [
            "60b:66:2", 
            "Gittin 60b:66", 
            "Talmud"
        ], 
        [
            "60b:71:2", 
            "Gittin 60b:71", 
            "Talmud"
        ], 
        [
            "60b:71:2", 
            "Ketubot 79a", 
            "Talmud"
        ], 
        [
            "60b:75:2", 
            "Gittin 60b:75", 
            "Talmud"
        ], 
        [
            "60b:1:3", 
            "Gittin 60b:1", 
            "Talmud"
        ], 
        [
            "60b:1:3", 
            "Numbers 19", 
            "Tanach"
        ], 
        [
            "60b:66:3", 
            "Gittin 60b:66", 
            "Talmud"
        ]
    ], 
    "text": [], 
    "heTitleVariants": [
        "רש\"י על גיטין"
    ], 
    "heTitle": "רש\"י על גיטין ס׳ ב", 
    "commentaryBook": "Gittin", 
    "heRef": "רש\"י על גיטין ס׳ ב", 
    "toSections": [
        "60b"
    ], 
    "sectionRef": "Rashi on Gittin 60b", 
    "title": "Rashi on Gittin 60b", 
    "lengths": [
        178, 
        8860
    ], 
    "next": "Rashi on Gittin 61a:1", 
    "heBook": "רש\"י על גיטין", 
    "book": "Rashi on Gittin", 
    "prev": "Rashi on Gittin 60a:62", 
    "textDepth": 3, 
    "sectionNames": [
        "Daf", 
        "Line", 
        "Comment"
    ], 
    "sections": [
        "60b"
    ], 
    "commentator": "Rashi", 
    "isComplex": false, 
    "commentaryCategories": [
        "Talmud", 
        "Bavli", 
        "Seder Nashim"
    ], 
    "titleVariants": [
        "Rashi on Talmud Gittin", 
        "Rashi on Tractate Gittin", 
        "Rashi on Gittin", 
        "Rashi on Masekhet Gittin"
    ], 
    "categories": [
        "Commentary", 
        "Talmud", 
        "Rashi"
    ], 
    "he": [
        [
            "ופרשת שתויי יין - לפי שמאותו היום ואילך נאסרו דהא בביאת אהל מועד תלה רחמנא:", 
            "ופרשת נרות - בהעלותך לפי שבו ביום התחילו להדליק:", 
            "ופרשת פרה אדומה - לפי שביום המחרת נשרפה הפרה להיות נטהרין לפסחיהן וקודם לכן לא יכלו לעשותה דבעינן והזה אל נכח פני אהל מועד (במדבר יט) והכי אמרינן במסכת מגילה ירושלמי באחד בניסן הוקם המשכן ושני לו נשרפה הפרה:"
        ], 
        [], 
        [
            "רוב בכתב - רוב התורה תלויה במדרש שכתובה למידרש בכלל ופרט וגזירה שוה ושאר מדות שהתורה נדרשת בהן:", 
            "ומיעוטה על פה - שאין רמז ללמוד לה בתורה אלא למשה נאמר על פה:"
        ], 
        [], 
        [], 
        [], 
        [
            "כי על פי וגו' - על שבעל פה נכרת ברית אלמא איהי הואי רובא:"
        ], 
        [
            "כתיב כתוב לך - אלמא נכתבה:", 
            "וכתיב ע\"פ - אלמא לא נכתבה:"
        ], 
        [
            "אתמוהי מתמה - וכי רובי תורתי היה לי לכתוב להם והלא באותה שכתבתי להם כמו זר נחשבו:"
        ], 
        [], 
        [], 
        [
            "דברים - שאמרתי לך בכתב אי אתה רשאי למוסרם לישראל על פה:"
        ], 
        [], 
        [], 
        [], 
        [], 
        [
            "ודברים שבעל פה אי אתה רשאי לכותבן - מכאן אתה למד שהתלמוד לא ניתן לכתוב אלא מפני שהתורה משתכחת:"
        ], 
        [], 
        [], 
        [], 
        [], 
        [], 
        [], 
        [], 
        [
            "אילימא משום כבוד - של בעל הבית:", 
            "והא שופר - של תקיעת ע\"ש דמעיקרא הוי בי רב יהודה שהיה ראש ישיבה בפומבדיתא ולבסוף כשנפטר ומלך רבה נתנוהו בביתו ובתר רבה מלך רב יוסף והדר מלך אביי והדר מלך רבא ורב שרירא גאון פירש בכתב תשובתו שיפורא שופר של נדבה שהיו נותנין לתוכו נדבה השלוחה לבני הישיבה כמו י\"ג שופרות היו במקדש (שקלים דף ח):"
        ], 
        [
            "משום חשדא - הואיל והורגל העירוב בתוך אותו הבית אם באת לשנות את מקומו הנכנסין לאותו הבית ולא יראו שם את העירוב יחשדו את בני החצר שמטלטלין בלא עירוב:"
        ], 
        [], 
        [], 
        [
            "בני נהרא - שדות שעל שפת הנהר:"
        ], 
        [], 
        [], 
        [
            "במיזל כ\"ע לא פליגי - אם אינן סוכרים את הנהר אלא דולין והולכים והנהר מושך כפשטו כ\"ע לא פליגי שכל הרוצה לדלות ידלה:", 
            "כי פליגי במיסכר ואשקויי - שאין בו כדי לדלות כולן יחד ורוצין העליונים לסוכרו שלא ירדו המים למטה ולהמשיך הנהר דרך נגרים קטנים עד שישתו כל שדותיהן ותחתונים מעכבין עליהם אלא א\"כ נשקה אנחנו תחילה:"
        ], 
        [], 
        [], 
        [], 
        [], 
        [], 
        [], 
        [
            "הקרוב לאמה - היינו עילאי:"
        ], 
        [], 
        [
            "באמה המתהלכת ע\"פ בורו - שמתמלא מאיליו כדרך הילוכו ואין צריך לסכור הנהר:"
        ], 
        [], 
        [], 
        [
            "סכר מיסכר - פי בורך שלא ירדו המים לתוכו שממעט משיכת הנהר:", 
            "ואשקי בהנדזא - אוינטור\"א (הזדמנות, מקרה) כפי מה שיעלה לך לדלות מן משיכת הנהר כמונו כמו דמהנדזי להדדי בשחיטת חולין (דף מג.):"
        ], 
        [], 
        [
            "כל דאלים גבר - ולית ליה דהלכתא כשמואל בדיני:"
        ], 
        [], 
        [
            "לותבן מר בעידנא - יושיבני אדוני ללמוד בעת קבוע:"
        ], 
        [], 
        [
            "לדידי - לגירסא:"
        ], 
        [], 
        [], 
        [], 
        [], 
        [], 
        [], 
        [], 
        [], 
        [
            "תתאי שתו ברישא - ואין אתם רשאין לסוכרו:"
        ], 
        [], 
        [], 
        [], 
        [], 
        [
            "כבי תרי - רב ושמואל:"
        ], 
        [], 
        [
            "חרמך - שם העיר:", 
            "שנוותא - שם הנהר:", 
            "כרו ברישא דשנוותא ואהדרוה בשלהי נהרא - רצו להקיף את שדותיהן במי הנהר וכרו מלמעלה לשדותיהן לצד ראש העליון של הנהר והסיבו מקצתן סביב שדותיהן ובסוף שדותיהן הסיבוהו עד שחזר ונפל לתוך הנהר (כזה):"
        ], 
        [
            "קא מתקיל לנהרין - נהר שלנו נתקל מפני שהסיבוהו ואינו נמשך מהר וצפין המים דרך שדותינו שכן דרך הנהר המיסב אין מימיו קלין לרוץ מפני העקמומית:"
        ], 
        [], 
        [
            "כרו בהדייהו טפי פורתא - העמיקו המים אצלכם בראש המסיבה כדי שישטפו המים במרוצה:"
        ], 
        [], 
        [
            "קא יבשי פירין - אם נעמיק ייבשו חריצין שלנו כשלא יתברכו מימי הנהר יעמיקו המים ויחדל הלחלוחית ולא ינבעו המים לחריצין שיש לנו:", 
            "פירין - כמו פירא דכוורי (כתובות דף עט.):"
        ], 
        [
            "אמר להו - אביי לבני חרמך:"
        ], 
        [
            "סליקו נפשייכו - וסתמו את מסיבתכם:"
        ], 
        [], 
        [
            "אוזלי - רשתות של חוטין שיש להם תוך:", 
            "אוהרי - של גמי יונקייר\"ש ([[:קטגוריה:{קטן (יונקיירי\"ש: מצודות|{קטן, (יונקיירי\"ש: מצודות]][[קטגוריה:{קטן (יונקיירי\"ש: מצודות]])} בלע\"ז:"
        ]
    ], 
    "ref": "Rashi on Gittin 60b", 
    "type": "Commentary", 
    "addressTypes": [
        "Talmud", 
        "Integer", 
        "Integer"
    ], 
    "heCommentator": "רש\"י", 
    "length": 178, 
    "indexTitle": "Rashi on Gittin", 
    "heIndexTitle": "רש\"י על גיטין", 
    "alts": [], 
    "order": [
        18, 
        6
    ]
}]