{
    "heTitleVariants": [
        "ספר צדקת הצדיק"
    ], 
    "heTitle": "ספר צדקת הצדיק", 
    "heRef": "ספר צדקת הצדיק נ״ד", 
    "toSections": [
        54
    ], 
    "sectionRef": "Tzidkat HaTzadick 54", 
    "next": "Tzidkat HaTzadick 55", 
    "content": [
        {
            "segmentNumber": "1", 
            "he": "אות נד חסר ", 
            "links": [], 
            "text": ""
        }
    ], 
    "book": "Tzidkat HaTzadick", 
    "prev": "Tzidkat HaTzadick 53", 
    "textDepth": 2, 
    "sectionNames": [
        "Chapter", 
        "Verse"
    ], 
    "sections": [
        54
    ], 
    "isComplex": false, 
    "titleVariants": [
        "tzidkat hatzadik", 
        "Tzidkat HaTzadick"
    ], 
    "categories": [
        "Chasidut"
    ], 
    "ref": "Tzidkat HaTzadick 54", 
    "type": "Chasidut", 
    "addressTypes": [
        "Integer", 
        "Integer"
    ], 
    "indexTitle": "Tzidkat HaTzadick", 
    "heIndexTitle": "ספר צדקת הצדיק", 
    "alts": [], 
    "order": ""
}