{
    "heTitleVariants": [
        "חת\"ם סופר אורח חיים חלק א"
    ], 
    "heTitle": "חת\"ם סופר אורח חיים חלק א", 
    "heRef": "חת\"ם סופר אורח חיים חלק א ס״ז", 
    "toSections": [
        67
    ], 
    "sectionRef": "Hatam Sofer Orah Hayyim Volume I 67", 
    "next": "Hatam Sofer Orah Hayyim Volume I 72", 
    "content": [], 
    "book": "Hatam Sofer Orah Hayyim Volume I", 
    "prev": null, 
    "textDepth": 2, 
    "sectionNames": [
        "Teshuva", 
        "Paragraph"
    ], 
    "sections": [
        67
    ], 
    "isComplex": false, 
    "titleVariants": [
        "Hatam Sofer Orah Hayyim Volume I"
    ], 
    "categories": [
        "Responsa"
    ], 
    "ref": "Hatam Sofer Orah Hayyim Volume I 67", 
    "type": "Responsa", 
    "addressTypes": [
        "Integer", 
        "Integer"
    ], 
    "indexTitle": "Hatam Sofer Orah Hayyim Volume I", 
    "heIndexTitle": "חת\"ם סופר אורח חיים חלק א", 
    "alts": [], 
    "order": ""
}