{
    "heTitleVariants": [
        "גור אריה על במדבר"
    ], 
    "heTitle": "גור אריה על במדבר", 
    "heRef": "גור אריה על במדבר כ״ט", 
    "toSections": [
        29
    ], 
    "sectionRef": "Gur Aryeh on Bamidbar 29", 
    "next": "Gur Aryeh on Bamidbar 30:1", 
    "content": [
        {
            "segmentNumber": "1", 
            "he": [], 
            "links": [], 
            "text": ""
        }, 
        {
            "segmentNumber": "2", 
            "he": [], 
            "links": [], 
            "text": ""
        }, 
        {
            "segmentNumber": "3", 
            "he": [], 
            "links": [], 
            "text": ""
        }, 
        {
            "segmentNumber": "4", 
            "he": [], 
            "links": [], 
            "text": ""
        }, 
        {
            "segmentNumber": "5", 
            "he": [], 
            "links": [], 
            "text": ""
        }, 
        {
            "segmentNumber": "6", 
            "he": [], 
            "links": [], 
            "text": ""
        }, 
        {
            "segmentNumber": "7", 
            "he": [], 
            "links": [], 
            "text": ""
        }, 
        {
            "segmentNumber": "8", 
            "he": [], 
            "links": [], 
            "text": ""
        }, 
        {
            "segmentNumber": "9", 
            "he": [], 
            "links": [], 
            "text": ""
        }, 
        {
            "segmentNumber": "10", 
            "he": [], 
            "links": [], 
            "text": ""
        }, 
        {
            "segmentNumber": "11", 
            "he": [
                "<b>מלבד עולת התמיד</b>. פירוש, כי אין \"ועולת התמיד\" דבר בפני עצמו, לצוות על עולת התמיד, וזה אינו, שכבר ציוה על עולת התמיד (לעיל כח, ג-ח), אלא פירושו '<b>מלבד עולת התמיד</b>' שכבר נצטווה. אף על גב שלא כתב אצלו 'מלבד', רק \"ועולת התמיד\". ומה שהאריך לומר 'תעשו עולות הללו', מפני שלא יתכן לומר \"מלבד\" על חטאת, כי בודאי החטאת הוא לבד העולה, ולפיכך פירש הא דכתב '<b>מלבד עולת התמיד</b>', רצה לומר 'תעשו עולות הללו'. והא דכתיב \"מלבד חטאת הכפורים\", פירוש תעשו את החטאת הזה האמור, ושעיר חטאת (ויקרא טז, ט):", 
                "<b>מוסב על המוספין</b>. שאין לומר דקאי על חטאת הכפורים ועל עולת התמיד, שאין שום חטאת צריכה נסכים (מנחות צ ע\"ב) . ועל עולת התמיד אין לומר דקאי, ד\"עולת התמיד\" הוא לשון יחיד, \"ונסכיהם\" הוא לשון רבים. אף על גב כי שני תמידים היו, של שחר ושל ערב (לעיל כח, ג-ח), ושייך \"ונסכיהם\", מכל מקום שניהם נקראו בלשון יחיד, והוי למכתב 'ונסכה', כדכתיב (לעיל כח, טו) \"על עולת התמיד יעשה ונסכו\", ולא כתיב 'ונסכיהם'. אף על גב דבחג כתיב (פסוק יט) \"ונסכיהם\", ופירושו על שני התמידים (רש\"י כאן), היינו מפני הדרשה 'נאמר בשני וכו'' (רש\"י פסוק יח), אבל כפשוטו אין לכתוב בלשון רבים, ולפיכך הוא לשון ציווי, ופירוש \"ונסכיהם\" גם כן תקריבו, כמו שצויתי על המוספין:", 
                "<b>ואינו לשון ציווי</b>. מפני שפירשו \"מלבד עולת התמיד ומנחתה ונסכיהם\" (פסוק יט) שאתם מקריבים - צריכים אתם קרבנות אלו, ואם כן אין \"ונסכיהם\" הוא צווי, דקאי על \"מלבד\":"
            ], 
            "links": [
                {
                    "category": "Tanakh", 
                    "sourceHeRef": "ויקרא ט״ז:ט׳", 
                    "index_title": "Leviticus", 
                    "sourceRef": "Leviticus 16:9"
                }, 
                {
                    "category": "Talmud", 
                    "sourceHeRef": "מנחות צ׳ ב", 
                    "index_title": "Menachot", 
                    "sourceRef": "Menachot 90b"
                }, 
                {
                    "category": "Commentary", 
                    "sourceHeRef": "רש\"י על במדבר כ״ט:י״א:א׳-ג׳", 
                    "index_title": "Rashi on Numbers", 
                    "sourceRef": "Rashi on Numbers 29:11:1-3"
                }, 
                {
                    "category": "Commentary", 
                    "sourceHeRef": "רש\"י על במדבר כ״ט:י״א:א׳-ג׳", 
                    "index_title": "Rashi on Numbers", 
                    "sourceRef": "Rashi on Numbers 29:11:1-3"
                }, 
                {
                    "category": "Commentary", 
                    "sourceHeRef": "רש\"י על במדבר כ״ט:י״א:א׳-ג׳", 
                    "index_title": "Rashi on Numbers", 
                    "sourceRef": "Rashi on Numbers 29:11:1-3"
                }
            ], 
            "text": ""
        }, 
        {
            "segmentNumber": "12", 
            "he": [], 
            "links": [], 
            "text": ""
        }, 
        {
            "segmentNumber": "13", 
            "he": [], 
            "links": [], 
            "text": ""
        }, 
        {
            "segmentNumber": "14", 
            "he": [], 
            "links": [], 
            "text": ""
        }, 
        {
            "segmentNumber": "15", 
            "he": [], 
            "links": [], 
            "text": ""
        }, 
        {
            "segmentNumber": "16", 
            "he": [], 
            "links": [], 
            "text": ""
        }, 
        {
            "segmentNumber": "17", 
            "he": [], 
            "links": [], 
            "text": ""
        }, 
        {
            "segmentNumber": "18", 
            "he": [
                "<b>פרי החג ע' וכו'</b>. הוקשה לו פירושו, דלעולם מעלין בקדש ולא מורידין (ברכות כח. ) , וכאן מורידין בקרבנות, ומתרץ שהשבעים פרים נגד האומות, שהם כלים והולכים, ולכך מתמעטים:", 
                "<b>רמז לנסוך המים וכו'</b>. ומה שרמז זה בשני ובששי ובשביעי, מפני שהסימן הוא 'בו\"ז' מים, רמז למה שכתוב (ר' שיה\"ש ח, ז) \"מים רבים לא יוכלו לכבות האהבה אם יתן איש כל הון ביתו באהבה בו\"ז יבוזו לו\". ומפני שאנו מקריבין בחג הפרים שהם נגד האומות (רש\"י כאן), וכן נסוך המים שהם נגד האומות, שהם נקראים \"מים רבים\" (שיהש\"ר שם) , והם סבורים מאחר שמקריבין נגדם - אם כן הם יכבו האהבה בין ישראל לאביהם שבשמים, הראה הכתוב שאף על פי כן נרמז לך 'בו\"ז', רצה לומר \"בוז יבוזו לו\". ועוד, לפי שיום ב' של בריאה הובטחו מים התחתונים לנסכם על גבי המזבח, כדפירש בויקרא (רש\"י ויקרא ב, יג) , לכך רמז ביום ב' ניסוך המים. ו' ז' - לומר ניסוך עד יום ח', ולא יום ח' בכלל:"
            ], 
            "links": [
                {
                    "category": "Talmud", 
                    "sourceHeRef": "ברכות כ״ח א", 
                    "index_title": "Berakhot", 
                    "sourceRef": "Berakhot 28a"
                }, 
                {
                    "category": "Tanakh", 
                    "sourceHeRef": "ויקרא ב׳:י״ג", 
                    "index_title": "Leviticus", 
                    "sourceRef": "Leviticus 2:13"
                }, 
                {
                    "category": "Commentary", 
                    "sourceHeRef": "רש\"י על במדבר כ״ט:י״ח:א׳-ב׳", 
                    "index_title": "Rashi on Numbers", 
                    "sourceRef": "Rashi on Numbers 29:18:1-2"
                }, 
                {
                    "category": "Commentary", 
                    "sourceHeRef": "רש\"י על במדבר כ״ט:י״ח:א׳-ב׳", 
                    "index_title": "Rashi on Numbers", 
                    "sourceRef": "Rashi on Numbers 29:18:1-2"
                }
            ], 
            "text": ""
        }, 
        {
            "segmentNumber": "19", 
            "he": [], 
            "links": [], 
            "text": ""
        }, 
        {
            "segmentNumber": "20", 
            "he": [], 
            "links": [], 
            "text": ""
        }, 
        {
            "segmentNumber": "21", 
            "he": [], 
            "links": [], 
            "text": ""
        }, 
        {
            "segmentNumber": "22", 
            "he": [], 
            "links": [], 
            "text": ""
        }, 
        {
            "segmentNumber": "23", 
            "he": [], 
            "links": [], 
            "text": ""
        }, 
        {
            "segmentNumber": "24", 
            "he": [], 
            "links": [], 
            "text": ""
        }, 
        {
            "segmentNumber": "25", 
            "he": [], 
            "links": [], 
            "text": ""
        }, 
        {
            "segmentNumber": "26", 
            "he": [], 
            "links": [], 
            "text": ""
        }, 
        {
            "segmentNumber": "27", 
            "he": [], 
            "links": [], 
            "text": ""
        }, 
        {
            "segmentNumber": "28", 
            "he": [], 
            "links": [], 
            "text": ""
        }, 
        {
            "segmentNumber": "29", 
            "he": [], 
            "links": [], 
            "text": ""
        }, 
        {
            "segmentNumber": "30", 
            "he": [], 
            "links": [], 
            "text": ""
        }, 
        {
            "segmentNumber": "31", 
            "he": [], 
            "links": [], 
            "text": ""
        }, 
        {
            "segmentNumber": "32", 
            "he": [], 
            "links": [], 
            "text": ""
        }, 
        {
            "segmentNumber": "33", 
            "he": [], 
            "links": [], 
            "text": ""
        }, 
        {
            "segmentNumber": "34", 
            "he": [], 
            "links": [], 
            "text": ""
        }, 
        {
            "segmentNumber": "35", 
            "he": [
                "<b>עצורים הם מעשיית מלאכה</b>. והא דכתיב אחריו \"כל מלאכת עבודה לא תעשו\", דאי כתב \"עצרת תהיה לכם\" בלבד, הוה אמינא \"עצרת\" הוא עשה בלבד, ולפיכך כתב \"כל מלאכת עבודה לא תעשו\", לומר שהוא לאו. ואילו כתב \"כל מלאכת עבודה לא תעשו\" בלבד, ולא כתב \"עצרת תהיה לכם\", לא הוי אלא לאו, לכך כתב \"עצרת תהיה לכם\" - עשה:"
            ], 
            "links": [
                {
                    "category": "Commentary", 
                    "sourceHeRef": "רש\"י על במדבר כ״ט:ל״ה:א׳", 
                    "index_title": "Rashi on Numbers", 
                    "sourceRef": "Rashi on Numbers 29:35:1"
                }
            ], 
            "text": ""
        }
    ], 
    "book": "Gur Aryeh on Bamidbar", 
    "prev": "Gur Aryeh on Bamidbar 28:31", 
    "textDepth": 3, 
    "sectionNames": [
        "Chapter", 
        "Verse", 
        "Paragraph"
    ], 
    "sections": [
        29
    ], 
    "isComplex": false, 
    "titleVariants": [
        "Gur Aryeh on Bamidbar"
    ], 
    "categories": [
        "Commentary2", 
        "Tanakh", 
        "Gur Aryeh"
    ], 
    "ref": "Gur Aryeh on Bamidbar 29", 
    "type": "Commentary2", 
    "addressTypes": [
        "Integer", 
        "Integer", 
        "Integer"
    ], 
    "indexTitle": "Gur Aryeh on Bamidbar", 
    "heIndexTitle": "גור אריה על במדבר", 
    "alts": [], 
    "order": ""
}