{
    "heTitleVariants": [
        "חידושי הלכות", 
        "חידושי הלכות על מסכת תענית"
    ], 
    "heTitle": "חידושי הלכות על מסכת תענית ט׳ ב", 
    "content": [
        {
            "segmentNumber": "1", 
            "he": " גמרא ואף ר\"ל סבר מטר בשביל כו' דאר\"ל מניין לפרנסה כו' הוא מגומגם דמאי מייתי ממטר אפרנסה דהא ר\"י דסבר נמי מטר בשביל יחיד ס\"ל דפרנסה אינה בשביל יחיד ומאי ואף ר\"ל וכו' דקאמר ובספר מדוייק מצאתי מוגה דאר\"ל מניין למטר כו' וק\"ל: ", 
            "links": [
                {
                    "category": "Talmud", 
                    "sourceHeRef": "תענית ט׳ ב:ח׳", 
                    "index_title": "Taanit", 
                    "sourceRef": "Taanit 9b:8"
                }
            ], 
            "text": ""
        }, 
        {
            "segmentNumber": "2", 
            "he": "שם כמאן אזלא הא דכתיב משקה כו' כצ\"ל: ", 
            "links": [
                {
                    "category": "Talmud", 
                    "sourceHeRef": "תענית ט׳ ב:נ״ו", 
                    "index_title": "Taanit", 
                    "sourceRef": "Taanit 9b:56"
                }
            ], 
            "text": ""
        }, 
        {
            "segmentNumber": "3", 
            "he": "בפרש\"י בד\"ה נהילא כמו קיטמא כו' פוסקין מיד הס\"ד ואח\"כ מ\"ה מהולתא כו' סובין גסין הס\"ד ובד\"ה חשרת מים כו' המים לארץ הס\"ד ובד\"ה נהור ענני כו' אין שורין דיו כו' כדדריש ליה ר\"י לעיל אבל חשכת כו' הד\"א כצ\"ל ור\"ל דחשכת מבעיא ליה להכי ולהכי דהיינו לחשוך סגיין ולנהור סגיין דמתוך חשוך אתה למד נהור וחשרת אתא לדרשה דרבי יהושע דלעיל ומחשרות מים ע\"ג קרקע אבל לישנא דאין שורין דיו לא ידעתי לכוון דלההוא דרשה הוא מלשון משירין פירות ולא מלשון שורין דיו וק\"ל: ", 
            "links": [
                {
                    "category": "Commentary", 
                    "sourceHeRef": "רש\"י על תענית ט׳ ב:כ״ט", 
                    "index_title": "Rashi on Taanit", 
                    "sourceRef": "Rashi on Taanit 9b:29"
                }, 
                {
                    "category": "Talmud", 
                    "sourceHeRef": "תענית ט׳ ב:כ״ט", 
                    "index_title": "Taanit", 
                    "sourceRef": "Taanit 9b:29"
                }
            ], 
            "text": ""
        }, 
        {
            "segmentNumber": "4", 
            "he": "שם בד\"ה כר' יהושע דאמר ממים העליונים הס\"ד כצ\"ל: \n", 
            "links": [
                {
                    "category": "Talmud", 
                    "sourceHeRef": "תענית ט׳ ב:מ״ח", 
                    "index_title": "Taanit", 
                    "sourceRef": "Taanit 9b:48"
                }
            ], 
            "text": ""
        }
    ], 
    "heRef": "חידושי הלכות על מסכת תענית ט׳ ב", 
    "toSections": [
        "9b"
    ], 
    "sectionRef": "Chidushei Halachot on Taanit 9b", 
    "title": "Chidushei Halachot on Taanit 9b", 
    "next": "Chidushei Halachot on Taanit 10a", 
    "heBook": "חידושי הלכות על מסכת תענית", 
    "book": "Chidushei Halachot on Taanit", 
    "prev": "Chidushei Halachot on Taanit 9a", 
    "textDepth": 2, 
    "sectionNames": [
        "Daf", 
        "Peirush"
    ], 
    "sections": [
        "9b"
    ], 
    "isComplex": false, 
    "titleVariants": [
        "Chidushei Halachot on Taanit"
    ], 
    "categories": [
        "Commentary2", 
        "Talmud", 
        "Chidushei Halachot"
    ], 
    "ref": "Chidushei Halachot on Taanit 9b", 
    "type": "Commentary2", 
    "addressTypes": [
        "Talmud", 
        "Integer"
    ], 
    "indexTitle": "Chidushei Halachot on Taanit", 
    "heIndexTitle": "חידושי הלכות על מסכת תענית", 
    "alts": [], 
    "order": ""
}