[{
    "links": [
        [
            "19b:1", 
            "Taanit 19b:24", 
            "Talmud"
        ], 
        [
            "19b:2", 
            "Rashi on Taanit 19b:1", 
            "Commentary"
        ], 
        [
            "19b:2", 
            "Taanit 19b:1", 
            "Talmud"
        ]
    ], 
    "text": [], 
    "heTitleVariants": [
        "חידושי הלכות", 
        "חידושי הלכות על מסכת תענית"
    ], 
    "heTitle": "חידושי הלכות על מסכת תענית י״ט ב", 
    "heRef": "חידושי הלכות על מסכת תענית י״ט ב", 
    "toSections": [
        "19b"
    ], 
    "sectionRef": "Chidushei Halachot on Taanit 19b", 
    "title": "Chidushei Halachot on Taanit 19b", 
    "next": "Chidushei Halachot on Taanit 20a", 
    "heBook": "חידושי הלכות על מסכת תענית", 
    "book": "Chidushei Halachot on Taanit", 
    "prev": "Chidushei Halachot on Taanit 19a", 
    "textDepth": 2, 
    "sectionNames": [
        "Daf", 
        "Peirush"
    ], 
    "sections": [
        "19b"
    ], 
    "isComplex": false, 
    "titleVariants": [
        "Chidushei Halachot on Taanit"
    ], 
    "categories": [
        "Commentary2", 
        "Talmud", 
        "Chidushei Halachot"
    ], 
    "he": [
        " גמרא רשב\"ג אומר אף כו' הלוני י\"ב מעינות מים כו' כצ\"ל: ", 
        "בפרש\"י בד\"ה כפנא רעב ורעב קשה כו' ובד\"ה סאה בסלע ושכיחא כו' ובד\"ה אפי' בפרוס כו' בהמתם הס\"ד ואח\"כ מה\"ד אם אין כו' בפרוס החג דימות החמה כו' ובד\"ה בהיפרכיא כו' שכלו שם מי בורות כו' ובד\"ה נמצאת כו' טרשין בולעין מן כו' ובד\"ה ואני אתן לך י\"ב מעינות מים כו' כצ\"ל: \n"
    ], 
    "ref": "Chidushei Halachot on Taanit 19b", 
    "type": "Commentary2", 
    "addressTypes": [
        "Talmud", 
        "Integer"
    ], 
    "indexTitle": "Chidushei Halachot on Taanit", 
    "heIndexTitle": "חידושי הלכות על מסכת תענית", 
    "alts": [], 
    "order": ""
}]