{
    "heTitleVariants": [
        "חידושי הלכות", 
        "חידושי הלכות על מסכת תענית"
    ], 
    "heTitle": "חידושי הלכות על מסכת תענית י״ט א", 
    "content": [
        {
            "segmentNumber": "1", 
            "he": " גמרא לא צריכא דאקון מהו דתימא כו' כצ\"ל: ", 
            "links": [
                {
                    "category": "Talmud", 
                    "sourceHeRef": "תענית י״ט א:נ״ט", 
                    "index_title": "Taanit", 
                    "sourceRef": "Taanit 19a:59"
                }
            ], 
            "text": ""
        }, 
        {
            "segmentNumber": "2", 
            "he": "בפרש\"י בד\"ה ה\"ג אותה כו' התבואה באותה העיר ויהיה כו' ובד\"ה אבל יבשו כו' תפלת שוא אפי' יבשו כשהן כו' ובד\"ה לא צריכא דאקון כו' ודאי אי לא מתריעין כו' כצ\"ל: ", 
            "links": [
                {
                    "category": "Commentary", 
                    "sourceHeRef": "רש\"י על תענית י״ט א:א׳", 
                    "index_title": "Rashi on Taanit", 
                    "sourceRef": "Rashi on Taanit 19a:1"
                }, 
                {
                    "category": "Talmud", 
                    "sourceHeRef": "תענית י״ט א:א׳", 
                    "index_title": "Taanit", 
                    "sourceRef": "Taanit 19a:1"
                }
            ], 
            "text": ""
        }, 
        {
            "segmentNumber": "3", 
            "he": "תוס' בד\"ה נהרא כו' לכאן א\"נ צריך כו' אינו רק בצורת הואיל כו' כצ\"ל: ", 
            "links": [
                {
                    "category": "Talmud", 
                    "sourceHeRef": "תענית י״ט א:ס״ו", 
                    "index_title": "Taanit", 
                    "sourceRef": "Taanit 19a:66"
                }
            ], 
            "text": ""
        }
    ], 
    "heRef": "חידושי הלכות על מסכת תענית י״ט א", 
    "toSections": [
        "19a"
    ], 
    "sectionRef": "Chidushei Halachot on Taanit 19a", 
    "title": "Chidushei Halachot on Taanit 19a", 
    "next": "Chidushei Halachot on Taanit 19b", 
    "heBook": "חידושי הלכות על מסכת תענית", 
    "book": "Chidushei Halachot on Taanit", 
    "prev": "Chidushei Halachot on Taanit 18b", 
    "textDepth": 2, 
    "sectionNames": [
        "Daf", 
        "Peirush"
    ], 
    "sections": [
        "19a"
    ], 
    "isComplex": false, 
    "titleVariants": [
        "Chidushei Halachot on Taanit"
    ], 
    "categories": [
        "Commentary2", 
        "Talmud", 
        "Chidushei Halachot"
    ], 
    "ref": "Chidushei Halachot on Taanit 19a", 
    "type": "Commentary2", 
    "addressTypes": [
        "Talmud", 
        "Integer"
    ], 
    "indexTitle": "Chidushei Halachot on Taanit", 
    "heIndexTitle": "חידושי הלכות על מסכת תענית", 
    "alts": [], 
    "order": ""
}