{
    "heTitleVariants": [
        " חידושי הלכות על מסכת נדה"
    ], 
    "heTitle": " חידושי הלכות על מסכת נדה ב׳ א", 
    "content": [
        {
            "segmentNumber": "1", 
            "he": " תוס' בד\"ה מעת לעת מפרש בגמ' דתולין כו' ודוקא לקדשים כו' מדפריך בגמ' לר\"ש כו' וי\"ל דלא ילפינן מסוטה לטמאה למפרע כו' מוקמינן לה אחזקתה עכ\"ל פי' לדבריהם הא ודאי הא דאמר לקמן ושניהם לא למדוה אלא מסוטה כו' לא קאמר הכי אלא כדי שלא תקשה מסוטה כמ\"ש התוס' לקמן אלא מדפרכינן לר\"ש אמקוה דהוי ספק לר\"ש אי מה סוטה כו' ומשני לה דאיכא רגלים לדבר משמע דלרבנן ניחא בלאו הכי משום דקושטא הוא דמקוה הוה ודאי נמי מה\"ט ולא הוצרך תרתי לריעותא אלא לטמא ברה\"ר אבל לטמא ברה\"י מסוטה נמי איכא למיגמר ואהא קשיא להו דהא לרבנן נמי לא ניחא בטומאת מע\"ל דאינו מטמא אלא ספק לקדשים ולא לחולין כלל ותקשי ליה נמי הכי אם מה סוטה כו' ואהא תירצו דלא ילפינן מסוטה לטמא מספק למפרע מן התורה אלא דעשאוה כשאר טומאות ולהכי בטומאת מע\"ל היכא דאיכא חזקת טהרה מוקמינן לה אחזקה לחולין ולקדשים נמי דלא לטמא ודאי אלא מספק משום סייג מטעמא דמפרש דאיכא ריעותא מגופה אבל טומאת מקוה לר\"ש דליכא חזקה כלל כמ\"ש התוס' לקמן שפיר פריך כיון דעשאו טומאה למפרע כשאר טומאות נימא אי מה סוטה כו' ברה\"י טמאה ודאי לקדשים ולחולין ומשני דאיכא רגלים לדבר בסוטה ובכל שאר טומאות נמי אינו אלא ספק כמ\"ש התוס' לקמן ובגמ' נמי דקאמר מ\"ט דשמאי קסבר העמד אשה על חזקתה אע\"ג דבכל שאר טומאות ברה\"י לא מוקמינן אחזקה כמ\"ש התוס' לקמן הכא בטומאה למפרע היכא דאיכא לאוקמא אחזקה לא טמאוה כלל משא\"כ במקוה לר\"ש דליכא חזקה כלל והוי כשאר טומאות והדברים ברורים למבין: ", 
            "links": [], 
            "text": ""
        }, 
        {
            "segmentNumber": "2", 
            "he": "בא\"ד וא\"ת מ\"ש בנגע בא' כו' ואשה נמי אמרינן לקמן כו' כאינה בדוקה דמיא ואמאי מטהרינן לחולין כו' וי\"ל דלקמן בנגע בא' בלילה מיירי בקדשים וכן קופה כו' עכ\"ל נראה דדוקא להאי טעמא דקיימינן ביה השתא משום דמוקמינן לה אחזקה קשיא להו מההיא דנגע בא' ומקיפה דאיכא נמי חזקת טהרה והוצרכו למימר דע\"כ איירי דוקא לקדשים אבל לאינך טעמי דקאמרינן לב\"ש משום דמרגשה ואי הוה דם מעיקרא הוה אתי לא קשיא להו מידי דאיכא למימר דאף להלל הני טעמי מהני מיהת לטהר חולין דה\"נ מהני שלא לטמא ודאי לקדשים כמ\"ש התוס' לקמן בהדיא ואפשר לומר דמשמע להו כיון דלית ליה להלל הני טעמי לא מהני נמי לטהר בחולין אע\"ג דמהני שלא לטמא ודאי בקדשים וכן יש לדקדק גם מדבריהם לקמן ע\"ש ומיהו מ\"ש התוס' עוד וא\"ת מ\"ט אמרי' בנגע בא' לשרוף ובמע\"ל תולין כו' הך קושיא אינה אלא לטעמא דמוקמינן לה אחזקה אבל לאינך טעמי לא קשיא מידי (דתהני) [דמהני] אף להלל מיהת שלא לטמא ודאי בקדשים גם מ\"ש התוס' עוד וא\"ת אמאי מטהר שמאי טפי באשה ונגע בא' כו' היינו נמי לטעמא דמוקמינן לה אחזקה דקיימינן השתא אבל לאינך טעמי ל\"ק מידי ומהרש\"ל כתב דלטעמא דמרגשת נמי קשיא להו דשייך בקופה ונגע בא' הרגשה עכ\"ל והוא דחוק דמה הרגשה שייך בקופה ונגע בא' תדע דאי שייך הרגשה בנגע בא' א\"כ לטעמא דמרגשת דמהני להלל שלא לטמא ודאי בקדשים כמ\"ש התוס' לקמן אמאי לא מהני נמי בנגע בא' הרגשה שלא לטמא ודאי גם תירוצם שכתבו דטעמא דשמאי משום דאשה בדוקה אינו עולה אלא לפי טעם דמוקמינן לה אחזקה וק\"ל: ", 
            "links": [], 
            "text": ""
        }, 
        {
            "segmentNumber": "3", 
            "he": "בא\"ד דאשה נמי מקרי מקום מציאותה דכ\"מ שהיא כו' עכ\"ל ובקושיא דלעיל מינה לא הוצרכו להוכיח דאשה מקרי במקום מציאותה דלא מצינו לטהר בחולין שלא במקום מציאותה טפי מבקדשים אבל לתלות שלא במקום מציאותה מצינו לקמן בהדיא לר\"י ומש\"ה הוצרכו להוכיח דאשה מקרי במקום מציאותה דאל\"כ תקשה לחזקיה ויש לדקדק דהא לר' יוחנן נמי ה\"מ לאוכחי דאשה מקרי במקום מציאתה דאל\"כ מאי מקשה הלל לשמאי מקופה דהא קופה דשמאי והלל איירי במקום מציאותה כדאמרינן בזוית קופה וי\"ל לר\"י דאית ליה תולין שלא במקום מציאותה מקשה הלל לשמאי שפיר דמשום דאשה היא שלא במקום מציאותה לא היה לו לטהר לגמרי וכה\"ג כתבו התוס' לקמן ודו\"ק: ", 
            "links": [], 
            "text": ""
        }, 
        {
            "segmentNumber": "4", 
            "he": "בא\"ד וא\"ת אמאי מטהר שמאי טפי באשה מבקופה ונגע בא' כו' עכ\"ל ובקושיא דלעיל מינה לא תקשי להו מקופה אלא מנגע בא' משום דלא מפורש בה בהדיא דמטמא ודאי אבל בההיא דנגע בא' מפורש בה דקתני וחכמים מטמאין דהיינו ודאי כדמוכח לקמן וק\"ל: ", 
            "links": [
                {
                    "category": "Talmud", 
                    "sourceHeRef": "נדה ב׳ א:י״ג", 
                    "sourceRef": "Niddah 2a:13", 
                    "ref": "Niddah 2a:13"
                }
            ], 
            "text": ""
        }
    ], 
    "heRef": " חידושי הלכות על מסכת נדה ב׳ א", 
    "toSections": [
        "2a"
    ], 
    "sectionRef": "Chidushei Halachot on Niddah 2a", 
    "title": "Chidushei Halachot on Niddah 2a", 
    "next": "Chidushei Halachot on Niddah 2b", 
    "heBook": " חידושי הלכות על מסכת נדה", 
    "book": "Chidushei Halachot on Niddah", 
    "prev": null, 
    "textDepth": 2, 
    "sectionNames": [
        "Daf", 
        "Peirush"
    ], 
    "sections": [
        "2a"
    ], 
    "isComplex": false, 
    "titleVariants": [
        "Chidushei Halachot on Niddah"
    ], 
    "categories": [
        "Commentary2", 
        "Talmud", 
        "Chidushei Halachot"
    ], 
    "ref": "Chidushei Halachot on Niddah 2a", 
    "type": "Commentary2", 
    "addressTypes": [
        "Talmud", 
        "Integer"
    ], 
    "indexTitle": "Chidushei Halachot on Niddah", 
    "heIndexTitle": " חידושי הלכות על מסכת נדה", 
    "alts": [], 
    "order": ""
}