{
    "heTitleVariants": [
        "רמב\"ן על במדבר"
    ], 
    "heTitle": "רמב\"ן על במדבר", 
    "commentaryBook": "Numbers", 
    "heRef": "רמב\"ן על במדבר ו׳", 
    "toSections": [
        6
    ], 
    "sectionRef": "Ramban on Numbers 6", 
    "title": "Ramban on Numbers 6", 
    "lengths": [
        36, 
        1288
    ], 
    "next": "Ramban on Numbers 7:1", 
    "content": [
        {
            "segmentNumber": "1", 
            "he": [], 
            "links": [], 
            "text": ""
        }, 
        {
            "segmentNumber": "2", 
            "he": [], 
            "links": [], 
            "text": ""
        }, 
        {
            "segmentNumber": "3", 
            "he": [], 
            "links": [], 
            "text": ""
        }, 
        {
            "segmentNumber": "4", 
            "he": [], 
            "links": [], 
            "text": ""
        }, 
        {
            "segmentNumber": "5", 
            "he": [], 
            "links": [], 
            "text": ""
        }, 
        {
            "segmentNumber": "6", 
            "he": [], 
            "links": [], 
            "text": ""
        }, 
        {
            "segmentNumber": "7", 
            "he": [], 
            "links": [], 
            "text": ""
        }, 
        {
            "segmentNumber": "8", 
            "he": [], 
            "links": [], 
            "text": ""
        }, 
        {
            "segmentNumber": "9", 
            "he": [], 
            "links": [], 
            "text": ""
        }, 
        {
            "segmentNumber": "10", 
            "he": [], 
            "links": [], 
            "text": ""
        }, 
        {
            "segmentNumber": "11", 
            "he": [], 
            "links": [], 
            "text": ""
        }, 
        {
            "segmentNumber": "12", 
            "he": [], 
            "links": [], 
            "text": ""
        }, 
        {
            "segmentNumber": "13", 
            "he": [], 
            "links": [], 
            "text": ""
        }, 
        {
            "segmentNumber": "14", 
            "he": [], 
            "links": [
                {
                    "category": "Tanakh", 
                    "sourceHeRef": "במדבר ו׳:י״ד", 
                    "index_title": "Numbers", 
                    "sourceRef": "Numbers 6:14"
                }, 
                {
                    "category": "Tanakh", 
                    "sourceHeRef": "עמוס ב׳:י״א", 
                    "index_title": "Amos", 
                    "sourceRef": "Amos 2:11"
                }
            ], 
            "text": ""
        }, 
        {
            "segmentNumber": "15", 
            "he": [], 
            "links": [], 
            "text": ""
        }, 
        {
            "segmentNumber": "16", 
            "he": [], 
            "links": [], 
            "text": ""
        }, 
        {
            "segmentNumber": "17", 
            "he": [], 
            "links": [], 
            "text": ""
        }, 
        {
            "segmentNumber": "18", 
            "he": [], 
            "links": [], 
            "text": ""
        }, 
        {
            "segmentNumber": "19", 
            "he": [], 
            "links": [], 
            "text": ""
        }, 
        {
            "segmentNumber": "20", 
            "he": [], 
            "links": [], 
            "text": ""
        }, 
        {
            "segmentNumber": "21", 
            "he": [
                "<b>זאת תורת הנזיר</b> שיעור הכתוב זאת תורת הנזיר אשר ידור נדר נזיר קרבנו לה' על נזרו יהיה מלבד אשר תשיג ידו או זאת תורת הנזיר וזאת תורת קרבנו לה' על נזרו ויתכן שיאמר זאת תורת הנזיר שידור את קרבנו על נזרו כלומר שלא יפרש דבר בקרבן רק ידור אביא קרבן על נזרי או שיאמר בסתם הריני נזיר כי כיון שנדר בנזיר נדור הוא בקרבן הנזכר וחזר ואמר \" מלבד אשר תשיג ידו \" שאם היה עשיר ירבה בקרבנו וכפי נדרו אשר ידור בקרבנות בין עשיר בין עני כן יעשה על תורת נזרו לרבות ולא למעט והזכיר זה ללמד שאם היה עשיר ורצה להרבות קרבנות או שנדר בתחלה הריני נזיר ואקריב אלף עולות ושלמים שיביא את כולן ביום מלאת ולא ישתה יין עד הקריבו את כולם כי הכל תורת נזרו ויתכן מלבד אשר תשיג ידו שיעשה כפי נדרו אשר ידור והזכיר זה כי דרך העשיר לידור כן\n\n"
            ], 
            "links": [
                {
                    "category": "Tanakh", 
                    "sourceHeRef": "במדבר ו׳:כ״א", 
                    "index_title": "Numbers", 
                    "sourceRef": "Numbers 6:21"
                }
            ], 
            "text": ""
        }, 
        {
            "segmentNumber": "22", 
            "he": [], 
            "links": [], 
            "text": ""
        }, 
        {
            "segmentNumber": "23", 
            "he": [
                "<b>דבר אל אהרן ואל בניו לאמר כה תברכו</b> כבר הזכרתי בסדר ויהי ביום השמיני (ויקרא ט כב) כי צוה את אהרן לשאת את ידיו אל העם ולברך אותם ביום ההוא וכאן צוה לדורות לאהרן ולבניו ופירש הברכה שיברכו אותם והזכירה בהקמת המשכן כי שם צוה ה' את הברכה חיים עד העולם וכמו שאמרו רבותינו (סוטה לז) במקדש בשם המפורש ובמדינה בכנויו במקדש היו אומרים אותה ברכה אחת ובגבולין שלש ברכות כי הברכה במקדש מיוחדת בשם המיוחד\n\n"
            ], 
            "links": [
                {
                    "category": "Tanakh", 
                    "sourceHeRef": "במדבר ו׳:כ״ג", 
                    "index_title": "Numbers", 
                    "sourceRef": "Numbers 6:23"
                }, 
                {
                    "category": "Tanakh", 
                    "sourceHeRef": "ויקרא ט׳:כ״ב", 
                    "index_title": "Leviticus", 
                    "sourceRef": "Leviticus 9:22"
                }, 
                {
                    "category": "Talmud", 
                    "sourceHeRef": "סוטה ל״ז ב", 
                    "index_title": "Sotah", 
                    "sourceRef": "Sotah 37b"
                }, 
                {
                    "category": "Talmud", 
                    "sourceHeRef": "סוטה ל״ז א", 
                    "index_title": "Sotah", 
                    "sourceRef": "Sotah 37a"
                }
            ], 
            "text": ""
        }, 
        {
            "segmentNumber": "24", 
            "he": [
                "וטעם \"יברכך ה' וישמרך\" על דרך האמת, כי הברכה - מלמעלה, והשמירה - שתשמור אותה, כטעם \"זכור ושמור\".\n\nועוד: \"יאר השם הגדול את פניו\" המביטים בך. וכך אמרו בספרי (ספרי על במדבר ו כה): \"רבי נתן אומר: זה מאור שכינה\".\n\n\"ויחנך\" - שתשא חן בעיניו, כענין שאמרו (בראשית רבה ט ד): \"עולמי עולמי הלואי תהא מעלת חן לפני בכל שעה\".\n\nועוד: \"ישא השם פניו\" אל השמים ממעל, \"וישם לך שלום\" הכל בביתך. וכך אמרו בספרי (ספרי על במדבר ו כו): \"רבי נתן אומר: זה שלום מלכות בית דוד\".\n\n\"ושמו את שמי הגדול על בני ישראל ואני אברכם\" - כי אני המדבר, הנני, ושלום.\n\n\n"
            ], 
            "links": [
                {
                    "category": "Tanakh", 
                    "sourceHeRef": "במדבר ו׳:כ״ד", 
                    "index_title": "Numbers", 
                    "sourceRef": "Numbers 6:24"
                }, 
                {
                    "category": "Tanakh", 
                    "sourceHeRef": "במדבר ו׳:כ״ה", 
                    "index_title": "Numbers", 
                    "sourceRef": "Numbers 6:25"
                }, 
                {
                    "category": "Tanakh", 
                    "sourceHeRef": "במדבר ו׳:כ״ו", 
                    "index_title": "Numbers", 
                    "sourceRef": "Numbers 6:26"
                }, 
                {
                    "category": "Midrash", 
                    "sourceHeRef": "בראשית רבה ט׳:ד׳", 
                    "index_title": "Bereishit Rabbah", 
                    "sourceRef": "Bereishit Rabbah 9:4"
                }
            ], 
            "text": ""
        }
    ], 
    "book": "Ramban on Numbers", 
    "prev": "Ramban on Numbers 5:20", 
    "textDepth": 3, 
    "sectionNames": [
        "Chapter", 
        "Verse", 
        "Comment"
    ], 
    "sections": [
        6
    ], 
    "commentator": "Ramban", 
    "isComplex": false, 
    "commentaryCategories": [
        "Tanakh", 
        "Torah"
    ], 
    "titleVariants": [
        "Nachmanides on Numbers", 
        "Ramban on Num", 
        "Rabbi Moshe Ben Nachman on Num.", 
        "Rabbi Moshe Ben Nachman on Bemidbar", 
        "Ramban on Bamidbar", 
        "Nachmanides on Bamidbar", 
        "Rabbi Moshe Ben Nachman on Bamidbar", 
        "Ramban on Bemidbar", 
        "Rabbi Moshe Ben Nachman on Numbers", 
        "Nachmanides on Num.", 
        "Rabbi Moshe Ben Nachman on Num", 
        "Nachmanides on Bemidbar", 
        "Ramban on Num.", 
        "Ramban on Numbers", 
        "Nachmanides on Num"
    ], 
    "categories": [
        "Commentary", 
        "Tanakh", 
        "Ramban"
    ], 
    "ref": "Ramban on Numbers 6", 
    "type": "Commentary", 
    "addressTypes": [
        "Integer", 
        "Integer", 
        "Integer"
    ], 
    "heCommentator": "רמב\"ן", 
    "length": 36, 
    "indexTitle": "Ramban on Numbers", 
    "heIndexTitle": "רמב\"ן על במדבר", 
    "alts": [], 
    "order": [
        4, 
        4
    ]
}