{
    "sections": {
        "Metzudat David on Hosea 12:8": {
            "content": [
                {
                    "segmentNumber": "1", 
                    "links": [
                        {
                            "category": "Tanakh", 
                            "index_title": "Hosea", 
                            "sourceHeRef": "הושע י״ב:ח׳", 
                            "sourceRef": "Hosea 12:8"
                        }
                    ], 
                    "he": "<b>כנען .</b> ר''ל אבל אתם כסוחר הרמאי אשר בידו מאזני מרמה ואוהב לעשוק את הבריות ואינך חפץ בחסד ובמשפט :\n"
                }
            ], 
            "heTitle": "מצודת דוד על הושע", 
            "indexTitle": "Metzudat David on Hosea", 
            "sectionRef": "Metzudat David on Hosea 12:8", 
            "prev": "Metzudat David on Hosea 12:7", 
            "ref": "Metzudat David on Hosea 12:8", 
            "heRef": "מצודת דוד על הושע י״ב:ח׳", 
            "next": "Metzudat David on Hosea 12:9"
        }, 
        "Metzudat David on Hosea 12:9": {
            "content": [
                {
                    "segmentNumber": "1", 
                    "links": [
                        {
                            "category": "Tanakh", 
                            "index_title": "Hosea", 
                            "sourceHeRef": "הושע י״ב:ט׳", 
                            "sourceRef": "Hosea 12:9"
                        }
                    ], 
                    "he": "<b>ויאמר אפרים .</b> ר''ל ועוד יוסף פשע כי יאמר אפרים אך הסבה שעשרתי הוא בעבור כי מצאתי לי און וכח לאסוף הון ולא ה' פעל כל זאת ויאמר עוד בכל יגיעי הוא העושר הבא ביגיעי הנה בכולו לא ימצא לי און אשר יחטא אדם בהנה ר''ל אין בו שום נדנוד עון גזל ואונאה כי יחשוב שאין המקום ב''ה מכיר במעשיו :\n"
                }
            ], 
            "heTitle": "מצודת דוד על הושע", 
            "indexTitle": "Metzudat David on Hosea", 
            "sectionRef": "Metzudat David on Hosea 12:9", 
            "prev": "Metzudat David on Hosea 12:8", 
            "ref": "Metzudat David on Hosea 12:9", 
            "heRef": "מצודת דוד על הושע י״ב:ט׳", 
            "next": "Metzudat David on Hosea 12:10"
        }, 
        "Metzudat David on Hosea 12:1": {
            "content": [
                {
                    "segmentNumber": "1", 
                    "links": [
                        {
                            "category": "Tanakh", 
                            "index_title": "Hosea", 
                            "sourceHeRef": "הושע י״ב:א׳", 
                            "sourceRef": "Hosea 12:1"
                        }
                    ], 
                    "he": "<b>סבבוני בכחש אפרים .</b> הנה מלכות אפרים סבבו אותי כאלו שבים אלי אבל יכחשו בי כי לבם בל עמם : "
                }, 
                {
                    "segmentNumber": "2", 
                    "links": [
                        {
                            "category": "Tanakh", 
                            "index_title": "Hosea", 
                            "sourceHeRef": "הושע י״ב:א׳", 
                            "sourceRef": "Hosea 12:1"
                        }
                    ], 
                    "he": "<b>ובמרמה וגו' .</b> כפל הדבר במ''ש : "
                }, 
                {
                    "segmentNumber": "3", 
                    "links": [
                        {
                            "category": "Tanakh", 
                            "index_title": "Hosea", 
                            "sourceHeRef": "הושע י״ב:א׳", 
                            "sourceRef": "Hosea 12:1"
                        }
                    ], 
                    "he": "<b>ויהודה .</b> אבל יהודה עדיין הוא מושל עם האל ר''ל מכריח את העם ללכת עם האל בדרכי התורה : "
                }, 
                {
                    "segmentNumber": "4", 
                    "links": [
                        {
                            "category": "Tanakh", 
                            "index_title": "Hosea", 
                            "sourceHeRef": "הושע י״ב:א׳", 
                            "sourceRef": "Hosea 12:1"
                        }
                    ], 
                    "he": "<b>ועם קדושים .</b> עם אלהים קדושים הוא הנאמן לקיים מאמרו :\n"
                }
            ], 
            "heTitle": "מצודת דוד על הושע", 
            "indexTitle": "Metzudat David on Hosea", 
            "sectionRef": "Metzudat David on Hosea 12:1", 
            "prev": "Metzudat David on Hosea 11:11", 
            "ref": "Metzudat David on Hosea 12:1", 
            "heRef": "מצודת דוד על הושע י״ב:א׳", 
            "next": "Metzudat David on Hosea 12:2"
        }, 
        "Metzudat David on Hosea 12:2": {
            "content": [
                {
                    "segmentNumber": "1", 
                    "links": [
                        {
                            "category": "Tanakh", 
                            "index_title": "Hosea", 
                            "sourceHeRef": "הושע י״ב:ב׳", 
                            "sourceRef": "Hosea 12:2"
                        }
                    ], 
                    "he": "<b>רועה רוח .</b> הוא מרעה את הרוח ר''ל עוסק הוא בדברי הבל : "
                }, 
                {
                    "segmentNumber": "2", 
                    "links": [
                        {
                            "category": "Tanakh", 
                            "index_title": "Hosea", 
                            "sourceHeRef": "הושע י״ב:ב׳", 
                            "sourceRef": "Hosea 12:2"
                        }
                    ], 
                    "he": "<b>ורודף קדים .</b> הוא כפל ענין במ''ש : "
                }, 
                {
                    "segmentNumber": "3", 
                    "links": [
                        {
                            "category": "Tanakh", 
                            "index_title": "Hosea", 
                            "sourceHeRef": "הושע י״ב:ב׳", 
                            "sourceRef": "Hosea 12:2"
                        }
                    ], 
                    "he": "<b>כזב ושוד ירבה .</b> מרבה לדבר כזב ולעשוק בני אדם : "
                }, 
                {
                    "segmentNumber": "4", 
                    "links": [
                        {
                            "category": "Tanakh", 
                            "index_title": "Hosea", 
                            "sourceHeRef": "הושע י״ב:ב׳", 
                            "sourceRef": "Hosea 12:2"
                        }
                    ], 
                    "he": "<b>וברית וגו' .</b> להיות בעזרתו : "
                }, 
                {
                    "segmentNumber": "5", 
                    "links": [
                        {
                            "category": "Tanakh", 
                            "index_title": "Hosea", 
                            "sourceHeRef": "הושע י״ב:ב׳", 
                            "sourceRef": "Hosea 12:2"
                        }
                    ], 
                    "he": "<b>ושמן וגו' .</b> לשחדו לעזור לו מול האויב :\n"
                }
            ], 
            "heTitle": "מצודת דוד על הושע", 
            "indexTitle": "Metzudat David on Hosea", 
            "sectionRef": "Metzudat David on Hosea 12:2", 
            "prev": "Metzudat David on Hosea 12:1", 
            "ref": "Metzudat David on Hosea 12:2", 
            "heRef": "מצודת דוד על הושע י״ב:ב׳", 
            "next": "Metzudat David on Hosea 12:3"
        }, 
        "Metzudat David on Hosea 12:3": {
            "content": [
                {
                    "segmentNumber": "1", 
                    "links": [
                        {
                            "category": "Tanakh", 
                            "index_title": "Hosea", 
                            "sourceHeRef": "הושע י״ב:ג׳", 
                            "sourceRef": "Hosea 12:3"
                        }
                    ], 
                    "he": "<b>וריב לה' .</b> ר''ל הואיל וגם יהודה סרח אח''כ לכן יהיה ריב לה' גם עם יהודה ולזכור על כל בני יעקב כפי דרכיו שהלך בו וכפי מעלליו ישיב לו גמול :\n"
                }
            ], 
            "heTitle": "מצודת דוד על הושע", 
            "indexTitle": "Metzudat David on Hosea", 
            "sectionRef": "Metzudat David on Hosea 12:3", 
            "prev": "Metzudat David on Hosea 12:2", 
            "ref": "Metzudat David on Hosea 12:3", 
            "heRef": "מצודת דוד על הושע י״ב:ג׳", 
            "next": "Metzudat David on Hosea 12:4"
        }, 
        "Metzudat David on Hosea 12:4": {
            "content": [
                {
                    "segmentNumber": "1", 
                    "links": [
                        {
                            "category": "Tanakh", 
                            "index_title": "Hosea", 
                            "sourceHeRef": "הושע י״ב:ד׳", 
                            "sourceRef": "Hosea 12:4"
                        }
                    ], 
                    "he": "<b>בבטן עקב את אחיו .</b> ר''ל הלא יעקב אביהם עודו בבטן אמו אחז בעקב עשו אחיו והפלא הזה היה לאות : "
                }, 
                {
                    "segmentNumber": "2", 
                    "links": [
                        {
                            "category": "Tanakh", 
                            "index_title": "Hosea", 
                            "sourceHeRef": "הושע י״ב:ד׳", 
                            "sourceRef": "Hosea 12:4"
                        }
                    ], 
                    "he": "<b>ובאונו .</b> ובכחו נעשה שר אל אלהים הוא המלאך שרו של עשו הנאבק עמו כי יעקב התגבר עליו :\n"
                }
            ], 
            "heTitle": "מצודת דוד על הושע", 
            "indexTitle": "Metzudat David on Hosea", 
            "sectionRef": "Metzudat David on Hosea 12:4", 
            "prev": "Metzudat David on Hosea 12:3", 
            "ref": "Metzudat David on Hosea 12:4", 
            "heRef": "מצודת דוד על הושע י״ב:ד׳", 
            "next": "Metzudat David on Hosea 12:5"
        }, 
        "Metzudat David on Hosea 12:5": {
            "content": [
                {
                    "segmentNumber": "1", 
                    "links": [
                        {
                            "category": "Tanakh", 
                            "index_title": "Hosea", 
                            "sourceHeRef": "הושע י״ב:ה׳", 
                            "sourceRef": "Hosea 12:5"
                        }
                    ], 
                    "he": "<b>וישר .</b> וכאשר נעשה שר אל המלאך ולתוספת ביאור אמר ויוכל לו ר''ל נצחו והתגבר עליו אז המלאך בכה לפניו והתחנן לו להניחו ללכת וכה אמר הנה בבית אל ימצא ה' אותנו ושם ידבר עמנו ושם יברכך ואהיה שם גם אני ואודה לך על הברכות כן דרז''ל וכאלו יאמר בזה אם נתתי הכח ביד יעקב להתגבר על המלאך מדוע א''כ לא תבטחו בי ותלכו לבקש עזרה ממצרים ומאשור :\n"
                }
            ], 
            "heTitle": "מצודת דוד על הושע", 
            "indexTitle": "Metzudat David on Hosea", 
            "sectionRef": "Metzudat David on Hosea 12:5", 
            "prev": "Metzudat David on Hosea 12:4", 
            "ref": "Metzudat David on Hosea 12:5", 
            "heRef": "מצודת דוד על הושע י״ב:ה׳", 
            "next": "Metzudat David on Hosea 12:6"
        }, 
        "Metzudat David on Hosea 12:6": {
            "content": [
                {
                    "segmentNumber": "1", 
                    "links": [
                        {
                            "category": "Tanakh", 
                            "index_title": "Hosea", 
                            "sourceHeRef": "הושע י״ב:ו׳", 
                            "sourceRef": "Hosea 12:6"
                        }
                    ], 
                    "he": "<b>וה' .</b> ר''ל הלא ה' הוא האלהים על צבאות מעלה ומטה והכל שלו ובידו : "
                }, 
                {
                    "segmentNumber": "2", 
                    "links": [
                        {
                            "category": "Tanakh", 
                            "index_title": "Hosea", 
                            "sourceHeRef": "הושע י״ב:ו׳", 
                            "sourceRef": "Hosea 12:6"
                        }
                    ], 
                    "he": "<b>ה' זכרו .</b> שמו הוא ה' המורה שהוא אדון הכל :\n"
                }
            ], 
            "heTitle": "מצודת דוד על הושע", 
            "indexTitle": "Metzudat David on Hosea", 
            "sectionRef": "Metzudat David on Hosea 12:6", 
            "prev": "Metzudat David on Hosea 12:5", 
            "ref": "Metzudat David on Hosea 12:6", 
            "heRef": "מצודת דוד על הושע י״ב:ו׳", 
            "next": "Metzudat David on Hosea 12:7"
        }, 
        "Metzudat David on Hosea 12:7": {
            "content": [
                {
                    "segmentNumber": "1", 
                    "links": [
                        {
                            "category": "Tanakh", 
                            "index_title": "Hosea", 
                            "sourceHeRef": "הושע י״ב:ז׳", 
                            "sourceRef": "Hosea 12:7"
                        }
                    ], 
                    "he": "<b>ואתה .</b> וגם אתה במשענת אלהיך תשב בשובה בנחת רק שמור חסד ומשפט ואז קוה תמיד אל אלהיך כי בטוח תהיה שימלא תקותך :\n"
                }
            ], 
            "heTitle": "מצודת דוד על הושע", 
            "indexTitle": "Metzudat David on Hosea", 
            "sectionRef": "Metzudat David on Hosea 12:7", 
            "prev": "Metzudat David on Hosea 12:6", 
            "ref": "Metzudat David on Hosea 12:7", 
            "heRef": "מצודת דוד על הושע י״ב:ז׳", 
            "next": "Metzudat David on Hosea 12:8"
        }, 
        "Metzudat David on Hosea 12:12": {
            "content": [
                {
                    "segmentNumber": "1", 
                    "links": [
                        {
                            "category": "Tanakh", 
                            "index_title": "Hosea", 
                            "sourceHeRef": "הושע י״ב:י״ב", 
                            "sourceRef": "Hosea 12:12"
                        }
                    ], 
                    "he": "<b>אם גלעד און .</b> אם און בא על גלעד הנה לא באה במקרה כ''א בהשגחה לתשלום גמול כי מעשיהם היו אך שוא כי בגלגל מקום שעמד המקדש בתחלה שם זבחו שוורים לעבודת כוכבים וגם מזבחותם שעשו לעבודת כוכבים היו מרובות כמו מספר הגלים שהם על תלמי שדה :\n"
                }
            ], 
            "heTitle": "מצודת דוד על הושע", 
            "indexTitle": "Metzudat David on Hosea", 
            "sectionRef": "Metzudat David on Hosea 12:12", 
            "prev": "Metzudat David on Hosea 12:11", 
            "ref": "Metzudat David on Hosea 12:12", 
            "heRef": "מצודת דוד על הושע י״ב:י״ב", 
            "next": "Metzudat David on Hosea 12:13"
        }, 
        "Metzudat David on Hosea 12:13": {
            "content": [
                {
                    "segmentNumber": "1", 
                    "links": [
                        {
                            "category": "Tanakh", 
                            "index_title": "Hosea", 
                            "sourceHeRef": "הושע י״ב:י״ג", 
                            "sourceRef": "Hosea 12:13"
                        }
                    ], 
                    "he": "<b>ויברח יעקב .</b> הלא כשברח יעקב מפני עשו אל ארם אז עבד ללבן בעבור אשה היא רחל ואח''ז חזר עוד לשמור צאן לבן בעבור אשה אחרת וכל זה היה מגודל עוני כי בא בידים ריקניות וכאומר הלא חזר ברכוש גדול ומי נתן לו זה הרכוש הלא אני ואיך תאמר אך עשרתי מצאתי און לי :\n"
                }
            ], 
            "heTitle": "מצודת דוד על הושע", 
            "indexTitle": "Metzudat David on Hosea", 
            "sectionRef": "Metzudat David on Hosea 12:13", 
            "prev": "Metzudat David on Hosea 12:12", 
            "ref": "Metzudat David on Hosea 12:13", 
            "heRef": "מצודת דוד על הושע י״ב:י״ג", 
            "next": "Metzudat David on Hosea 12:14"
        }, 
        "Metzudat David on Hosea 12:10": {
            "content": [
                {
                    "segmentNumber": "1", 
                    "links": [
                        {
                            "category": "Tanakh", 
                            "index_title": "Hosea", 
                            "sourceHeRef": "הושע י״ב:י׳", 
                            "sourceRef": "Hosea 12:10"
                        }
                    ], 
                    "he": "<b>ואנכי .</b> אבל הלא אנכי ה' אלהיך מעת הוצאתיך מארץ מצרים ומאז אני בעצמי משפיע לך טובה ומשגיח במעשיך בהשגחה פרטית לא ע''י אמצעים מלאכי מעלה כדרך העכו''ם : "
                }, 
                {
                    "segmentNumber": "2", 
                    "links": [
                        {
                            "category": "Tanakh", 
                            "index_title": "Hosea", 
                            "sourceHeRef": "הושע י״ב:י׳", 
                            "sourceRef": "Hosea 12:10"
                        }
                    ], 
                    "he": "<b>עוד אושיבך באהלים .</b> עוד יבוא זמן אשר תצא מהגולה ואושיב אותך בדרך באהלים כמו בימי הזמן ההוא שיצאת מארץ מצרי' כי עד עולם לא תסור השגחתי ממך :\n"
                }
            ], 
            "heTitle": "מצודת דוד על הושע", 
            "indexTitle": "Metzudat David on Hosea", 
            "sectionRef": "Metzudat David on Hosea 12:10", 
            "prev": "Metzudat David on Hosea 12:9", 
            "ref": "Metzudat David on Hosea 12:10", 
            "heRef": "מצודת דוד על הושע י״ב:י׳", 
            "next": "Metzudat David on Hosea 12:11"
        }, 
        "Metzudat David on Hosea 12:11": {
            "content": [
                {
                    "segmentNumber": "1", 
                    "links": [
                        {
                            "category": "Tanakh", 
                            "index_title": "Hosea", 
                            "sourceHeRef": "הושע י״ב:י״א", 
                            "sourceRef": "Hosea 12:11"
                        }
                    ], 
                    "he": "<b>דברתי .</b> על עסקיכם דברתי אל הנביאים והרביתי דברי חזון : "
                }, 
                {
                    "segmentNumber": "2", 
                    "links": [
                        {
                            "category": "Tanakh", 
                            "index_title": "Hosea", 
                            "sourceHeRef": "הושע י״ב:י״א", 
                            "sourceRef": "Hosea 12:11"
                        }
                    ], 
                    "he": "<b>אדמה .</b> ר''ל דברתי בדמיון ובמשל להיות מקובל על הלב כי מאד אני משגיח בך :\n"
                }
            ], 
            "heTitle": "מצודת דוד על הושע", 
            "indexTitle": "Metzudat David on Hosea", 
            "sectionRef": "Metzudat David on Hosea 12:11", 
            "prev": "Metzudat David on Hosea 12:10", 
            "ref": "Metzudat David on Hosea 12:11", 
            "heRef": "מצודת דוד על הושע י״ב:י״א", 
            "next": "Metzudat David on Hosea 12:12"
        }, 
        "Metzudat David on Hosea 12:14": {
            "content": [
                {
                    "segmentNumber": "1", 
                    "links": [
                        {
                            "category": "Tanakh", 
                            "index_title": "Hosea", 
                            "sourceHeRef": "הושע י״ב:י״ד", 
                            "sourceRef": "Hosea 12:14"
                        }
                    ], 
                    "he": "<b>ובנביא .</b> הלא ע''י משה נביאי העלה וכו' וע''י היה נשמר בדרך וכאומר הכל בא בהשגחתי ואיך תכחשו לומר שאינני משגיח ומכיר מעשה האדם :\n"
                }
            ], 
            "heTitle": "מצודת דוד על הושע", 
            "indexTitle": "Metzudat David on Hosea", 
            "sectionRef": "Metzudat David on Hosea 12:14", 
            "prev": "Metzudat David on Hosea 12:13", 
            "ref": "Metzudat David on Hosea 12:14", 
            "heRef": "מצודת דוד על הושע י״ב:י״ד", 
            "next": "Metzudat David on Hosea 12:15"
        }, 
        "Metzudat David on Hosea 12:15": {
            "content": [
                {
                    "segmentNumber": "1", 
                    "links": [
                        {
                            "category": "Tanakh", 
                            "index_title": "Hosea", 
                            "sourceHeRef": "הושע י״ב:ט״ו", 
                            "sourceRef": "Hosea 12:15"
                        }
                    ], 
                    "he": "<b>הכעיס .</b> ר''ל אחר שכל זה ידוע לאפרים ועכ''ז הכעיס לה' במעשים רעים : "
                }, 
                {
                    "segmentNumber": "2", 
                    "links": [
                        {
                            "category": "Tanakh", 
                            "index_title": "Hosea", 
                            "sourceHeRef": "הושע י״ב:ט״ו", 
                            "sourceRef": "Hosea 12:15"
                        }
                    ], 
                    "he": "<b>ודמיו .</b> לכן הדם ששפך יתפשט עליו לקחת נקם : "
                }, 
                {
                    "segmentNumber": "3", 
                    "links": [
                        {
                            "category": "Tanakh", 
                            "index_title": "Hosea", 
                            "sourceHeRef": "הושע י״ב:ט״ו", 
                            "sourceRef": "Hosea 12:15"
                        }
                    ], 
                    "he": "<b>וחרפתו .</b> מה שחרף כלפי מעלה להחליפו בעגלי הזהב הנה האל הוא אדוניו ומושל בו וגמול מעשיו ישיב לו :\n\n"
                }
            ], 
            "heTitle": "מצודת דוד על הושע", 
            "indexTitle": "Metzudat David on Hosea", 
            "sectionRef": "Metzudat David on Hosea 12:15", 
            "prev": "Metzudat David on Hosea 12:14", 
            "ref": "Metzudat David on Hosea 12:15", 
            "heRef": "מצודת דוד על הושע י״ב:ט״ו", 
            "next": "Metzudat David on Hosea 13:1"
        }
    }, 
    "ref": "Metzudat David on Hosea 12"
}