{
    "heTitleVariants": [
        "מצודת דוד על דברי הימים א", 
        "מצודת דוד על דברי הימים א׳", 
        "מצודת דוד על דברי הימים א'"
    ], 
    "heTitle": "מצודת דוד על דברי הימים א", 
    "commentaryBook": "I Chronicles", 
    "heRef": "מצודת דוד על דברי הימים א ב׳", 
    "toSections": [
        2
    ], 
    "sectionRef": "Metzudat David on I Chronicles 2", 
    "title": "Metzudat David on I Chronicles 2", 
    "lengths": [
        29, 
        943
    ], 
    "next": "Metzudat David on I Chronicles 3:2", 
    "content": [
        {
            "segmentNumber": "1", 
            "he": [], 
            "links": [], 
            "text": ""
        }, 
        {
            "segmentNumber": "2", 
            "he": [], 
            "links": [], 
            "text": ""
        }, 
        {
            "segmentNumber": "3", 
            "he": [
                "<b>בני יהודה .</b> לכבוד דוד מייחס את שבט יהודה בראשונה : ", 
                "<b>רע בעיני ה' .</b> כי חטא לו ולזה המיתו עד לא השלים ימיו :\n"
            ], 
            "links": [
                {
                    "category": "Tanakh", 
                    "sourceHeRef": "דברי הימים א ב׳:ג׳", 
                    "index_title": "I Chronicles", 
                    "sourceRef": "I Chronicles 2:3"
                }, 
                {
                    "category": "Tanakh", 
                    "sourceHeRef": "דברי הימים א ב׳:ג׳", 
                    "index_title": "I Chronicles", 
                    "sourceRef": "I Chronicles 2:3"
                }
            ], 
            "text": ""
        }, 
        {
            "segmentNumber": "4", 
            "he": [], 
            "links": [], 
            "text": ""
        }, 
        {
            "segmentNumber": "5", 
            "he": [], 
            "links": [], 
            "text": ""
        }, 
        {
            "segmentNumber": "6", 
            "he": [
                "<b>ובני כרמי .</b> כרמי היה בן זבדי והוא זמרי בן זרח ואף שאחד היה אמר ובני כי כן דרך ל' המקרא כמו ובני דן חושים ( בראשית מ''ו ) ורבים כמוהו : ", 
                "<b>עכר .</b> הוא עכן וקראו לגנאי כאמור כי היה עוכר ישראל בדבר אשר מעל בחרם בימי יהושע ועי''ז נס ישראל לפני האויב ונפלו בחרב :\n"
            ], 
            "links": [
                {
                    "category": "Tanakh", 
                    "sourceHeRef": "דברי הימים א ב׳:ו׳", 
                    "index_title": "I Chronicles", 
                    "sourceRef": "I Chronicles 2:6"
                }, 
                {
                    "category": "Tanakh", 
                    "sourceHeRef": "דברי הימים א ב׳:ו׳", 
                    "index_title": "I Chronicles", 
                    "sourceRef": "I Chronicles 2:6"
                }, 
                {
                    "category": "Tanakh", 
                    "sourceHeRef": "בראשית מ״ו", 
                    "index_title": "Genesis", 
                    "sourceRef": "Genesis 46"
                }
            ], 
            "text": ""
        }, 
        {
            "segmentNumber": "7", 
            "he": [], 
            "links": [], 
            "text": ""
        }, 
        {
            "segmentNumber": "8", 
            "he": [], 
            "links": [], 
            "text": ""
        }, 
        {
            "segmentNumber": "9", 
            "he": [], 
            "links": [], 
            "text": ""
        }, 
        {
            "segmentNumber": "10", 
            "he": [
                "<b>ורם הוליד .</b> מפני כבוד דוד הקדים לספר יחוסו עד לא הזכיר בני ירחמאל הבכור :\n"
            ], 
            "links": [
                {
                    "category": "Tanakh", 
                    "sourceHeRef": "דברי הימים א ב׳:י׳", 
                    "index_title": "I Chronicles", 
                    "sourceRef": "I Chronicles 2:10"
                }
            ], 
            "text": ""
        }, 
        {
            "segmentNumber": "11", 
            "he": [], 
            "links": [], 
            "text": ""
        }, 
        {
            "segmentNumber": "12", 
            "he": [], 
            "links": [], 
            "text": ""
        }, 
        {
            "segmentNumber": "13", 
            "he": [], 
            "links": [], 
            "text": ""
        }, 
        {
            "segmentNumber": "14", 
            "he": [], 
            "links": [], 
            "text": ""
        }, 
        {
            "segmentNumber": "15", 
            "he": [
                "<b>דויד השביעי .</b> ולא זכר השמיני שהוא אליהו , שהקימו דוד לנגיד על יהודה ויתכן לומר שאליהו היה מאשה אחרת צרויה ואביגיל היו אחיות לשבעת האחים רק מן האם ולא מן האב ואם יחשוב עמהם גם את אליהו אז לא היה יכול לומר ואחיותיהם צרויה ואביגיל כי לאליהו לא היו אחיות לא מן האב ולא מן האם וכמ''ש ( בש''ב ) אולם רז''ל לא אמרו כן :\n"
            ], 
            "links": [
                {
                    "category": "Tanakh", 
                    "sourceHeRef": "דברי הימים א ב׳:ט״ו", 
                    "index_title": "I Chronicles", 
                    "sourceRef": "I Chronicles 2:15"
                }
            ], 
            "text": ""
        }, 
        {
            "segmentNumber": "16", 
            "he": [], 
            "links": [], 
            "text": ""
        }, 
        {
            "segmentNumber": "17", 
            "he": [], 
            "links": [], 
            "text": ""
        }, 
        {
            "segmentNumber": "18", 
            "he": [
                "<b>וכלב בן חצרון .</b> מפני כבוד כלב שהיה נשיא הקדים גם אותו לירחמאל הבכור  הוליד את עזובה אשה . הוליד בנים מן עזובה אשתו ומן יריעות וכן כצאתי את העיר ( שמות ט ) ומשפטו מן העיר : ", 
                "<b>ואלה בניה .</b> של האחת , והיא עזובה :\n"
            ], 
            "links": [
                {
                    "category": "Tanakh", 
                    "sourceHeRef": "דברי הימים א ב׳:י״ח", 
                    "index_title": "I Chronicles", 
                    "sourceRef": "I Chronicles 2:18"
                }, 
                {
                    "category": "Tanakh", 
                    "sourceHeRef": "דברי הימים א ב׳:י״ח", 
                    "index_title": "I Chronicles", 
                    "sourceRef": "I Chronicles 2:18"
                }, 
                {
                    "category": "Tanakh", 
                    "sourceHeRef": "שמות ט׳", 
                    "index_title": "Exodus", 
                    "sourceRef": "Exodus 9"
                }
            ], 
            "text": ""
        }, 
        {
            "segmentNumber": "19", 
            "he": [], 
            "links": [], 
            "text": ""
        }, 
        {
            "segmentNumber": "20", 
            "he": [], 
            "links": [], 
            "text": ""
        }, 
        {
            "segmentNumber": "21", 
            "he": [
                "<b>ואחר .</b> ר''ל אחר שנולד לו שלשת הבנים האמורים למעלה : ", 
                "<b>אבי גלעד .</b> על כי גלעד היה חשוב וידוע לזה יחס את מכיר אחר בנו וכמוהו רבים :\n"
            ], 
            "links": [
                {
                    "category": "Tanakh", 
                    "sourceHeRef": "דברי הימים א ב׳:כ״א", 
                    "index_title": "I Chronicles", 
                    "sourceRef": "I Chronicles 2:21"
                }, 
                {
                    "category": "Tanakh", 
                    "sourceHeRef": "דברי הימים א ב׳:כ״א", 
                    "index_title": "I Chronicles", 
                    "sourceRef": "I Chronicles 2:21"
                }
            ], 
            "text": ""
        }, 
        {
            "segmentNumber": "22", 
            "he": [
                "<b>ויהי לו .</b> ארז''ל שלקח אשה מארץ הגלעד וממנה ירש הערים האלה ואין זה יאיר הכתוב בתורה :\n"
            ], 
            "links": [
                {
                    "category": "Tanakh", 
                    "sourceHeRef": "דברי הימים א ב׳:כ״ב", 
                    "index_title": "I Chronicles", 
                    "sourceRef": "I Chronicles 2:22"
                }
            ], 
            "text": ""
        }, 
        {
            "segmentNumber": "23", 
            "he": [
                "<b>את חות יאיר .</b> על כי יאיר בן מנשה המוזכר בתורה קרא לעריו חות יאיר לזה קרא גם הוא לעריו חות יאיר כי היה שמו כשמו ועריו מרובות וכמו יאיר הגלעדי השופט המוזכר בשופטי' שהיו לבניו שלשים עירים וקראם ג''כ חות יאיר בעבור זה  מאתם . ר''ל לאחר מות יאיר לקחו מבניו : ", 
                "<b>את קנת .</b> עם קנת ועם בנותיה שהיו בהמחוז ההוא ששים עיר : ", 
                "<b>כל אלה בני מכיר .</b> תחסר הלמ''ד כאלו אמר כל הששים הערים האלה היו לבני מכיר :\n"
            ], 
            "links": [
                {
                    "category": "Tanakh", 
                    "sourceHeRef": "דברי הימים א ב׳:כ״ג", 
                    "index_title": "I Chronicles", 
                    "sourceRef": "I Chronicles 2:23"
                }, 
                {
                    "category": "Tanakh", 
                    "sourceHeRef": "דברי הימים א ב׳:כ״ג", 
                    "index_title": "I Chronicles", 
                    "sourceRef": "I Chronicles 2:23"
                }, 
                {
                    "category": "Tanakh", 
                    "sourceHeRef": "דברי הימים א ב׳:כ״ג", 
                    "index_title": "I Chronicles", 
                    "sourceRef": "I Chronicles 2:23"
                }
            ], 
            "text": ""
        }, 
        {
            "segmentNumber": "24", 
            "he": [
                "<b>ואחר מות חצרון .</b> ר''ל אחר שמת חצרון בעת שלקח כלב בנו את אפרת אז אשת חצרון ששמה אביה ילדה לו את אשחור : ", 
                "<b>אבי תקוע .</b> שר של תקוע והוא שם עיר , ור''ל כל אנשי תקוע היו בניו וזרעו וכן בכל מקום שנזכר לשון אבי על עיר :\n"
            ], 
            "links": [
                {
                    "category": "Tanakh", 
                    "sourceHeRef": "דברי הימים א ב׳:כ״ד", 
                    "index_title": "I Chronicles", 
                    "sourceRef": "I Chronicles 2:24"
                }, 
                {
                    "category": "Tanakh", 
                    "sourceHeRef": "דברי הימים א ב׳:כ״ד", 
                    "index_title": "I Chronicles", 
                    "sourceRef": "I Chronicles 2:24"
                }
            ], 
            "text": ""
        }, 
        {
            "segmentNumber": "25", 
            "he": [], 
            "links": [], 
            "text": ""
        }, 
        {
            "segmentNumber": "26", 
            "he": [
                "<b>אשה אחרת .</b> מלבד אם בניו האמורים למעלה : ", 
                "<b>היא אם אונם .</b> על כי אונם היה חשוב וידוע לזה ייחס אמו אחריו  ( לב ) לא בנים . בלא בנים :\n"
            ], 
            "links": [
                {
                    "category": "Tanakh", 
                    "sourceHeRef": "דברי הימים א ב׳:כ״ו", 
                    "index_title": "I Chronicles", 
                    "sourceRef": "I Chronicles 2:26"
                }, 
                {
                    "category": "Tanakh", 
                    "sourceHeRef": "דברי הימים א ב׳:כ״ו", 
                    "index_title": "I Chronicles", 
                    "sourceRef": "I Chronicles 2:26"
                }
            ], 
            "text": ""
        }, 
        {
            "segmentNumber": "27", 
            "he": [], 
            "links": [], 
            "text": ""
        }, 
        {
            "segmentNumber": "28", 
            "he": [], 
            "links": [], 
            "text": ""
        }, 
        {
            "segmentNumber": "29", 
            "he": [], 
            "links": [], 
            "text": ""
        }, 
        {
            "segmentNumber": "30", 
            "he": [], 
            "links": [], 
            "text": ""
        }, 
        {
            "segmentNumber": "31", 
            "he": [], 
            "links": [], 
            "text": ""
        }, 
        {
            "segmentNumber": "32", 
            "he": [], 
            "links": [], 
            "text": ""
        }, 
        {
            "segmentNumber": "33", 
            "he": [], 
            "links": [], 
            "text": ""
        }, 
        {
            "segmentNumber": "34", 
            "he": [
                "<b>ולא היה לששן בנים .</b> כי בנו אחלי מת בחייו ולא השאיר זרע :\n"
            ], 
            "links": [
                {
                    "category": "Tanakh", 
                    "sourceHeRef": "דברי הימים א ב׳:ל״ד", 
                    "index_title": "I Chronicles", 
                    "sourceRef": "I Chronicles 2:34"
                }
            ], 
            "text": ""
        }, 
        {
            "segmentNumber": "35", 
            "he": [], 
            "links": [], 
            "text": ""
        }, 
        {
            "segmentNumber": "36", 
            "he": [], 
            "links": [], 
            "text": ""
        }, 
        {
            "segmentNumber": "37", 
            "he": [], 
            "links": [], 
            "text": ""
        }, 
        {
            "segmentNumber": "38", 
            "he": [], 
            "links": [], 
            "text": ""
        }, 
        {
            "segmentNumber": "39", 
            "he": [], 
            "links": [], 
            "text": ""
        }, 
        {
            "segmentNumber": "40", 
            "he": [], 
            "links": [], 
            "text": ""
        }, 
        {
            "segmentNumber": "41", 
            "he": [], 
            "links": [], 
            "text": ""
        }, 
        {
            "segmentNumber": "42", 
            "he": [
                "<b>ובני כלב .</b> עם שכבר התחיל לספר מזרע כלב פסק בו וחזר לספר מזרע ירחמאל אחיו ועתה חזר לספר עוד מזרע כלב וכן דרך הספר הזה לספר קצת ולהפסיק בספור אחר ולחזור לספור הראשון : ", 
                "<b>מישע בכורו .</b> אולי הנזכרים למעלה היו חשובים ממנו ולזה הקדימם : ", 
                "<b>ובני מרשה .</b> תחסר מלת זיף וכאלו אמר ובני זיף מרשה וכו' ולפי שזה עתה הזכיר זיף סמך על המבין :\n"
            ], 
            "links": [
                {
                    "category": "Tanakh", 
                    "sourceHeRef": "דברי הימים א ב׳:מ״ב", 
                    "index_title": "I Chronicles", 
                    "sourceRef": "I Chronicles 2:42"
                }, 
                {
                    "category": "Tanakh", 
                    "sourceHeRef": "דברי הימים א ב׳:מ״ב", 
                    "index_title": "I Chronicles", 
                    "sourceRef": "I Chronicles 2:42"
                }, 
                {
                    "category": "Tanakh", 
                    "sourceHeRef": "דברי הימים א ב׳:מ״ב", 
                    "index_title": "I Chronicles", 
                    "sourceRef": "I Chronicles 2:42"
                }
            ], 
            "text": ""
        }, 
        {
            "segmentNumber": "43", 
            "he": [], 
            "links": [], 
            "text": ""
        }, 
        {
            "segmentNumber": "44", 
            "he": [], 
            "links": [], 
            "text": ""
        }, 
        {
            "segmentNumber": "45", 
            "he": [], 
            "links": [], 
            "text": ""
        }, 
        {
            "segmentNumber": "46", 
            "he": [], 
            "links": [], 
            "text": ""
        }, 
        {
            "segmentNumber": "47", 
            "he": [
                "<b>ובני יהדי .</b> הוא אחד מבני עיפה פילגש כלב הנזכר למעלה ושתי שמות היה לו :\n"
            ], 
            "links": [
                {
                    "category": "Tanakh", 
                    "sourceHeRef": "דברי הימים א ב׳:מ״ז", 
                    "index_title": "I Chronicles", 
                    "sourceRef": "I Chronicles 2:47"
                }
            ], 
            "text": ""
        }, 
        {
            "segmentNumber": "48", 
            "he": [
                "<b>ילד שבר .</b> רצה לומר כלב ילד ממנה את שבר וכו' :\n"
            ], 
            "links": [
                {
                    "category": "Tanakh", 
                    "sourceHeRef": "דברי הימים א ב׳:מ״ח", 
                    "index_title": "I Chronicles", 
                    "sourceRef": "I Chronicles 2:48"
                }
            ], 
            "text": ""
        }, 
        {
            "segmentNumber": "49", 
            "he": [
                "<b>ותלד שעף .</b> ר''ל שעף וכו' הוליד את אשתו את שוא שהיה שר על מכבנה ועל גבעא , או ר''ל אנשי הערים ההם היו מזרעו :\n"
            ], 
            "links": [
                {
                    "category": "Tanakh", 
                    "sourceHeRef": "דברי הימים א ב׳:מ״ט", 
                    "index_title": "I Chronicles", 
                    "sourceRef": "I Chronicles 2:49"
                }
            ], 
            "text": ""
        }, 
        {
            "segmentNumber": "50", 
            "he": [
                "<b>כלב בן חור .</b> למעלה אמר שחור בן כלב הוליד את אורי ואמר עתה שעוד היה בן לחור ושמו כלב ואלה הם בניו : ", 
                "<b>בכור אפרתה .</b> חור היה בכור לאמו ולא לאביו כי מישע היה שם בכורו :\n"
            ], 
            "links": [
                {
                    "category": "Tanakh", 
                    "sourceHeRef": "דברי הימים א ב׳:נ׳", 
                    "index_title": "I Chronicles", 
                    "sourceRef": "I Chronicles 2:50"
                }, 
                {
                    "category": "Tanakh", 
                    "sourceHeRef": "דברי הימים א ב׳:נ׳", 
                    "index_title": "I Chronicles", 
                    "sourceRef": "I Chronicles 2:50"
                }
            ], 
            "text": ""
        }, 
        {
            "segmentNumber": "51", 
            "he": [], 
            "links": [], 
            "text": ""
        }, 
        {
            "segmentNumber": "52", 
            "he": [
                "<b>הרואה חצי המנחות .</b> שם האחד הרואה ושם האחד חצי המנוחות ואין לתמוה על צרוף שמות בני אדם שידמה ענין ודוגמתו גדלתי ורוממתי עזר ( לקמן כ''ה ) שידמה ענין והם שמות בני אדם :\n"
            ], 
            "links": [
                {
                    "category": "Tanakh", 
                    "sourceHeRef": "דברי הימים א ב׳:נ״ב", 
                    "index_title": "I Chronicles", 
                    "sourceRef": "I Chronicles 2:52"
                }
            ], 
            "text": ""
        }, 
        {
            "segmentNumber": "53", 
            "he": [
                "<b>קרית יערים .</b> יושבי קרית יערים : ", 
                "<b>מאלה .</b> מן הבנים משפחות האלה יצאו יושבי צרעה ואשתאול והם שתי עיירות מנחלת יהודה :\n"
            ], 
            "links": [
                {
                    "category": "Tanakh", 
                    "sourceHeRef": "דברי הימים א ב׳:נ״ג", 
                    "index_title": "I Chronicles", 
                    "sourceRef": "I Chronicles 2:53"
                }, 
                {
                    "category": "Tanakh", 
                    "sourceHeRef": "דברי הימים א ב׳:נ״ג", 
                    "index_title": "I Chronicles", 
                    "sourceRef": "I Chronicles 2:53"
                }
            ], 
            "text": ""
        }, 
        {
            "segmentNumber": "54", 
            "he": [
                "<b>בית לחם .</b> אנשי בית לחם היו מבניו וגם אנשי נטופה : ", 
                "<b>עטרות וכו' .</b> הם שמות מקומות או משפחות :\n"
            ], 
            "links": [
                {
                    "category": "Tanakh", 
                    "sourceHeRef": "דברי הימים א ב׳:נ״ד", 
                    "index_title": "I Chronicles", 
                    "sourceRef": "I Chronicles 2:54"
                }, 
                {
                    "category": "Tanakh", 
                    "sourceHeRef": "דברי הימים א ב׳:נ״ד", 
                    "index_title": "I Chronicles", 
                    "sourceRef": "I Chronicles 2:54"
                }
            ], 
            "text": ""
        }, 
        {
            "segmentNumber": "55", 
            "he": [
                "<b>ומשפחות סופרים .</b> גם מבניו היו משפחות הסופרים וחכמים סיעת יעבץ אשר ישבו עמו ועסקו בתורה והיו טפלים לו וכמ''ש ויהי יעבץ נכבד מאחיו ( לקמן ד' ) : ", 
                "<b>תרעתים וכו' .</b> הם שמות משפחות הסופרים : ", 
                "<b>המה הקינים .</b> המשפחות האלה היו נקראים בשם כולל קינים : ", 
                "<b>הבאים מחמת .</b> ר''ל יוצאי ירך איש אשר שמו חמת שהיה אבי בית רכב :\n\n"
            ], 
            "links": [
                {
                    "category": "Tanakh", 
                    "sourceHeRef": "דברי הימים א ב׳:נ״ה", 
                    "index_title": "I Chronicles", 
                    "sourceRef": "I Chronicles 2:55"
                }, 
                {
                    "category": "Tanakh", 
                    "sourceHeRef": "דברי הימים א ב׳:נ״ה", 
                    "index_title": "I Chronicles", 
                    "sourceRef": "I Chronicles 2:55"
                }, 
                {
                    "category": "Tanakh", 
                    "sourceHeRef": "דברי הימים א ב׳:נ״ה", 
                    "index_title": "I Chronicles", 
                    "sourceRef": "I Chronicles 2:55"
                }, 
                {
                    "category": "Tanakh", 
                    "sourceHeRef": "דברי הימים א ב׳:נ״ה", 
                    "index_title": "I Chronicles", 
                    "sourceRef": "I Chronicles 2:55"
                }
            ], 
            "text": ""
        }
    ], 
    "book": "Metzudat David on I Chronicles", 
    "prev": "Metzudat David on I Chronicles 1:51", 
    "textDepth": 3, 
    "sectionNames": [
        "Chapter", 
        "Verse", 
        "Comment"
    ], 
    "sections": [
        2
    ], 
    "commentator": "Metzudat David", 
    "isComplex": false, 
    "commentaryCategories": [
        "Tanakh", 
        "Writings"
    ], 
    "titleVariants": [
        "Metzudat David on 1 Chronicles", 
        "Metzudat David on 1 Chron", 
        "Metzudat David on 1 Chr", 
        "Metzudat David on I Chronicles", 
        "Metzudat David on I Chr", 
        "Metzudat David on I Chr.", 
        "Metzudat David on I Divrei Ha-Yamim", 
        "Metzudat David on Divrei HaYamim Aleph", 
        "Metzudat David on First Chronicles", 
        "Metzudat David on I Divrei Ha-yamim", 
        "Metzudat David on Divrei HaYamim I", 
        "Metzudat David on Chronicles I", 
        "Metzudat David on 1Ch.", 
        "Metzudat David on 1Ch", 
        "Metzudat David on 1 Chron.", 
        "Metzudat David on I Divrei HaYamim"
    ], 
    "categories": [
        "Commentary", 
        "Tanakh", 
        "Metzudat David"
    ], 
    "ref": "Metzudat David on I Chronicles 2", 
    "type": "Commentary", 
    "addressTypes": [
        "Integer", 
        "Integer", 
        "Integer"
    ], 
    "heCommentator": "מצודת דוד", 
    "length": 29, 
    "indexTitle": "Metzudat David on I Chronicles", 
    "heIndexTitle": "מצודת דוד על דברי הימים א", 
    "alts": [], 
    "order": [
        38, 
        12
    ]
}