{
    "content": [
        {
            "segmentNumber": "1", 
            "links": [
                {
                    "category": "Commentary", 
                    "index_title": "Rosh on Makkot", 
                    "sourceHeRef": " פסקי הראש על מכות א׳:י׳:א׳", 
                    "sourceRef": "Rosh on Makkot 1:10:1"
                }
            ], 
            "he": "<b>  ה\"ג  </b> קיים א\"כ מה ת\"ל נפש בנפש יכול משעה שקבלו עדותן יהרוגו ת\"ל נפש בנפש הא אין נהרגין: \n"
        }
    ], 
    "heTitle": " פילפולא חריפתא על מכות", 
    "indexTitle": "Pilpula Charifta on Makkot", 
    "sectionRef": "Pilpula Charifta on Makkot 10", 
    "prev": "Pilpula Charifta on Makkot 4", 
    "ref": "Pilpula Charifta on Makkot 10", 
    "heRef": " פילפולא חריפתא על מכות י׳", 
    "next": "Pilpula Charifta on Makkot 11"
}