[{
    "links": [], 
    "text": [], 
    "heTitleVariants": [
        " פילפולא חריפתא על מכות"
    ], 
    "heTitle": " פילפולא חריפתא על מכות", 
    "heRef": " פילפולא חריפתא על מכות י״ח", 
    "toSections": [
        18
    ], 
    "sectionRef": "Pilpula Charifta on Makkot 18", 
    "next": "Pilpula Charifta on Makkot 20", 
    "book": "Pilpula Charifta on Makkot", 
    "prev": "Pilpula Charifta on Makkot 17", 
    "textDepth": 2, 
    "sectionNames": [
        "Seif", 
        "siman"
    ], 
    "sections": [
        18
    ], 
    "isComplex": false, 
    "titleVariants": [
        "Pilpula Charifta on Makkot"
    ], 
    "categories": [
        "Commentary2", 
        "Talmud", 
        "Pilpula Charifta"
    ], 
    "he": [], 
    "ref": "Pilpula Charifta on Makkot 18", 
    "type": "Commentary2", 
    "addressTypes": [
        "Integer", 
        "Integer"
    ], 
    "indexTitle": "Pilpula Charifta on Makkot", 
    "heIndexTitle": " פילפולא חריפתא על מכות", 
    "alts": [], 
    "order": ""
}]