{
    "heTitleVariants": [
        "קיצור שלחן ערוך"
    ], 
    "heTitle": "קיצור שלחן ערוך", 
    "heRef": "קיצור שלחן ערוך ר״ב", 
    "toSections": [
        202
    ], 
    "sectionRef": "Kitzur Shulchan Aruch 202", 
    "next": "Kitzur Shulchan Aruch 203", 
    "content": [
        {
            "segmentNumber": "1", 
            "he": "הַכֹּהֵן מֻזְהָר שֶׁלֹא לְטַּמֵּא לְמֵת. וַאֲפִלּוּ נֵפֶל שֶׁעֲדַיִן לֹא נִתְקַשְּׁרוּ אֵבָרָיו בְּגִידִין, חָשׁוּב מֵת. (אֵךְ אִם הִפִּילָה תּוֹךְ אַרְבָּעִים יוֹם, לָא חָשִׁיב אֶלָּא כְּמַיָא בְעָלְמָא). וְלָאו דַּוְקָא לְמֵת שָׁלֵם, אֶלָּא אֲפִלּוּ לִדְבָרִים שֶׁנִּפְרָשִׁים מִמֶּנוּ, כְּמוֹ דָם וְכַדּוֹמֶה. וְכֵן אָסוּר לִטַמֵּא לְאֵבֶר מִן הַחַי, אִם יֵשׁ עָלָיו בָּשָׂר כָּל כָּךְ, שֶׁאִם הָיָה מְחֻבָּר, הָיָה רָאוּי לְהַעֲלוֹת אֲרוּכָה. וַאֲפִלּוּ לְאֵבֶר שֶׁל עַצְמוֹ, אָסוּר לוֹ לִטַּמֵּא. וְאָסוּר לְכֹהֵן לִכָּנֵס לְבַיִת שֶׁיֵשׁ שָׁם גּוֹסֵס. וְאַף עַל פִּי שֶׁהַגּוֹסֵס הֲרֵי הוּא כְחַי לְכָל דָּבָר וְאֵינוֹ מְטַמֵּא. מִכָּל מָקוֹם עוֹבֵר הַכֹּהֵן עַל לֹא יְחַלֵּל, שֶׁהוּא מֻזְהָר שֶׁיִשְׁמֹר כְּהֻנָּתוֹ שֶׁלֹּא תִתְחַלֵּל, וְשֶׁמָּא יָמוּת זֶה תֵּכֶף.\n", 
            "links": [], 
            "text": ""
        }, 
        {
            "segmentNumber": "2", 
            "he": "אָסוּר לַכֹּהֵן לִכָּנֵס תַּחַת אֹהֶל שֶׁיֵשׁ מֵת תַּחְתָיו, אֲפִלּוּ הוּא אֹהֶל גָּדוֹל מְאֹד. וַאֲפִלּוּ יֵש שְׁנֵי חֲדָרִים, אֲשֶׁר בְחֶדֶר אֶחָד יֵשׁ מֵת וְיֵשׁ בַמְּחִצָּה הַמַּפְסֶקֶת נֶקֶב שֶׁיֶשׁ בּוֹ טֶפַח עַל טֶפַח, אָסוּר לִכָּנֵס גַּם לַחֶדֶר הַשֵּׁנִי, כִּי נֶקֶב טֶפַח עַל טֶפַח, מֵבִיא אֶת הַטֻּמְאָה. וְכֵן אִם אֵצֶל הַחֶדֶר הַשֵּׁנִי יֵשׁ עוֹד חֶדֶר שְׁלִישִׁי וּבֵינֵיהֶם גַּם כֵּן נֶקֶב טֶפַח עַל טֶפַח, הוֹלֶכֶת הַטֻּמְאָה גַם לַחֶדֶר הַשְׁלִישִׁי, וְכֵן לְעוֹלָם. וְנֶקֶב הֶעָשׂוּי לְאוֹרָה, אֲפִלּוּ אֵין בּוֹ אֶלָּא כְּפוֹנְדְיוֹן, מֵבִיא אֶת הַטֻּמְאָה.\n", 
            "links": [], 
            "text": ""
        }, 
        {
            "segmentNumber": "3", 
            "he": "וְלָכֵן בִּמְדִינוֹתֵינוּ שֶׁגַּגּוֹת הַבָּתִּים בּוֹלְטִין לַחוּץ בְּרֹחַב טֶפַח, וְקָיְמָא לָן דְּרֹחַב טֶפַח מֵבִיא אֶת הַטֻּמְאָה, וְאִם כֵּן זֶה הַקָּצֶּה מִן הַגַּג, הֲוֵי אֹהֶל לְהָבִיא אֶת הַטֻּמְאָה. לְפִי זֶה שְׁנֵי בָתִּים סְמוּכִין זֶה לָזֶה, אִם יֵשׁ מֵת בְאֶחָד מֵהֶן, הוֹלֶכֶת הַטֻּמְאָה דֶרֶךְ פֶּתַח אוֹ חַלּוֹן תַּחַת הַקְּצָווֹת מִן הַגַּגִּין שֶׁבּוֹלְטִין לַחוּץ, וְנִכְנֶסֶת גַּם לְתוֹךְ הַבַּיִת הַשֵּׁנִי דֶּרֶךְ חַלּוֹן אוֹ פֶּתַח פָּתוּחַ, וְאָסוּר לַכֹּהֵן לִכָּנֵס גַּם לְתוֹךְ הַבַּיִת הַשֵּׁנִי. וְכֵן אֲפִלּוּ כַּמָּה בָתִּים הַסְּמוּכִים זֶה אֵצֶל זֶה.\n", 
            "links": [], 
            "text": ""
        }, 
        {
            "segmentNumber": "4", 
            "he": "וַאֲפִלּוּ הַגַּגִּין אֵינָן שָׁוִין, אֶלָּא זֶה לְמַעְלָה מִזֶּה, וַאֲפִלּוּ הַגַּג שֶׁהַטֻּמְאָה שָׁם בַּבַּיִת הוּא גָּבוֹהַּ הַרְבֵּה מִן הַגַּג הַשֵּׁנִי אוֹ בְּהִפּוּךְ, הֲלָכָה לִמֹשֶׁה מִסִּינַי הִיא, דְּאָמְרִינָן, חֲבֹט רְמִי. פֵּרוּשׁ, שֶׁאָנוּ רוֹאִים כְּאִלּוּ הָעֶלְיוֹן נֶחְבָּט וְנִשְׁפָּל עַד לְמָטָּה. וּמֵאַחַר שֶׁאִם הָיָה נִשְׁפָּל עַד הַתַּחְתּוֹן, הָיָה נוֹגֵעַ בּוֹ, עַל כֵּן הוֹלֶכֶת הַטֻּמְאָה מִזֶּה לָזֶה. אֲבָל אִם יֵשׁ הֶפְסֵק בֵּינֵיהֶם אֲפִלּוּ כָּל שֶׁהוּא, שוּב אֵינָהּ הוֹלֶכֶת הַטֻּמְאָה.\n", 
            "links": [], 
            "text": ""
        }, 
        {
            "segmentNumber": "5", 
            "he": "וְכֵן כְּשֶׁיֵשׁ קוֹרָה מֻנַּחַת עַל הַמָּבוּי, כְּמוֹ שֶׁעוֹשִׂין לְעֵרוּב, וְהִיא רְחָבָה טֶפַח וְהַגַּגִּין מַאֲהִילִין עָלֶיהָ טֶפַח מִכָּאן וְטֶפַח מִכָּאן, אִם כֵּן בָּאָה הַטֻּמְאָה מִן תַּחַת הַגַּג אֶל תַּחַת הַקּוֹרָה, וְהִיא מְבִיאָה אֶת הַטֻּמְאָה אֶל תַּחַת גַּג הַבַּיִת שֶׁמִּצַּד הַשֵּׁנִי, וּמִתְפַּשֶּׁטֶת בְּכָל מָקוֹם שֶׁיֵשׁ אֹהֶל טֶפַח עַד הַמָּקוֹם שֶׁיֵשׁ הֶפְסֵק. וְכֵן כְּשֶׁיֵשׁ בֵּין שְׁנֵי בָתִּים כִּפָּה מִבִּנְיָן (גֶעוֶועלבּוּנְג), כְּדֶרֶךְ שֶׁעוֹשִׂין לְשַׁעַר הֶחַצֵר, הַדִּין כֵּן הוּא. וְאַף עַל פִּי שֶׁאֵין עַל הַכִּפָּה גַּג בּוֹלֵט, מִכָּל מָקוֹם הֲרֵי בָאָה הַטֻּמְאָה מִתַּחַת גַּג הַבַּיִת לְתַחַת הַכִּפָּה. וְאוּלָם לִפְעָמִים בּוֹנִין אֶת הַכִּפָּה שֶׁיֵשׁ לָהּ כְּמוֹ רַגְלַיִם מִן הַקַּרְקַע וּלְמַעְלָה, וְאִם כֵּן יֵשׁ סְתִימָה אֵצֶל כָּתְלֵי הַבָּתִּים אִם אֵין עָלֶיהָ גַג בּוֹלֵט, וְהַסְּתִימָה שֶׁמִּן הַצַּד נִמְשֶׁכֶת יוֹתֵר מִן הַגַּג שֶׁלְּמַעְלָה, בְּזֶה הָעִנְיָן אֵין מָקוֹם לַטֻּמְאָה שֶׁתָּבוֹא, כֵּיוָן שֶׁיֵשׁ קְצָת הֶפְסֵק בְּלִי אֹהֶל. וְלִפְעָמִים יֵשׁ בֵּין בַּיִת לְבַיִת כֹּתֶל סָתוּם בְּלִי פֶתַח, אֶלָּא שֶׁיֵשׁ עָלָיו גַג בּוֹלֵט, וְהַטֻּמְאָה בָאָה מִגַּג לְגָג. וְיֵשׁ תַּקָּנָה לְעֵת הַצֹּרֶךְ לְהָסִיר אֶת הָרְעָפִים בְּמָקוֹם אֶחָד שֶׁיִהְיֶה קְצָת הֶפְסֵק בְּלִי אֹהֶל טֶפַח. וּצְרִיכִין לְהַשְׁגִיחַ אִם אֵין מֵהַחוֹמָה עַצְמָהּ בּוֹלֵט טֶפַח כְּדֶרֶךְ שֶׁעוֹשִין לִפְעָמִים בְּלִיטָה לַחוֹמָה (געזימס).\n", 
            "links": [], 
            "text": ""
        }, 
        {
            "segmentNumber": "6", 
            "he": "הֲלָכָה לְמֹשֶׁה מִסִּינַי הִיא שֶׁהַפֶּתַח אֲשֶׁר עֲתִידִים לְהוֹצִיא דֶרֶךְ שָׁם אֶת הַמֵּת מִן הָאֹהֶל אֲשֶׁר הוּא שָׁם, שֶׁעַל יְדֵי הוֹצָאָה זֹאת יִטְהַר הָאֹהֶל, אַף עַל פִּי שֶׁהַפֶּתַח הַזֶּה הוּא סָתוּם, מִכָּל מָקוֹם נִדּוֹן כְּאִלּוּ הוּא פָתוּחַ, וְלָכֵן אָסוּר לַכֹּהֵן שֶׁיַעֲמֹד שָׁם תַּחַת הַמַּשְׁקוֹף, אַף עַל פִּי שֶׁהַדֶּלֶת נְעוּלָה מִבִּפְנִים. וְכֵן אִם יֶשׁ שָׁם גַּג בּוֹלֵט טֶפַח נֶגֶד הַפֶּתַח, מֵבִיא אֶת הַטֻּמְאָה לְכָל מָקוֹם שֶׁאֶפְשָר, כְּאִלּוּ הָיָה הַפֶּתַח פָּתוּחַ. אַךְ אִם נִפְתַּח מִצַּד אַחֵר פֶּתַח אוֹ חַלּוֹן שֶׁהוּא אַרְבָּעָה טְפָחִים עַל אַרְבָּעָה טְפָחִים, אָז לֹא נֶחְשָׁב הַפֶּתַח הַסָּתוּם כְּאִלּוּ הָיָה פָתוּחַ, וּמֻתָּר לַכֹּהֵן לַעֲמוֹד שָׁם אִם אֵין הַטֻּמְאָה יְכוֹלָה לְהַגִּיעַ אֵלָיו דֶּרֶךְ הַפֶּתַח אוֹ הַחַלּוֹן הַפָּתוּחַ.\n", 
            "links": [], 
            "text": ""
        }, 
        {
            "segmentNumber": "7", 
            "he": "כֹּהֵן שֶׁהוּא בַבַּיִת אוֹ בְחֶדֶר שֶׁהַדְּלָתוֹת וְהַחַלּוֹנוֹת סְגוּרִין בְּאֹפֶן שֶׁאֵין בַּפֶּתַח פָּתוּחַ טֶפַח וּבַחַלּוֹן אֵין נֶקֶב כַּפֻּנְדְּיוֹן, וְשָׁמַע שֶׁיֵשׁ בִּשְׁכוּנָתוֹ מֵת, בְּאֹפֶן שֶׁאִם יִפְתַּח פֶּתַח אוֹ חַלּוֹן, יְהֵא מָקוֹם לַטֻּמְאָה שֶׁתָּבוֹא עָלָיו, אָסוּר לִפְתּוֹחַ, אֶלָּא יִשָּׁאֵר שָׁם כְּמוֹ שֶׁהוּא עַד שֶׁיּוֹצִיאוּ אֶת הַמֵּת. כִּי כָל זְמַן שֶׁאֵין פּוֹתֵחַ טֶפַח, אֵין הַטֻּמְאָה נִכְנֶסֶת, וּכְשֶׁיִפְתַּח, תִּכָּנֵס.\n", 
            "links": [], 
            "text": ""
        }, 
        {
            "segmentNumber": "8", 
            "he": "אָסוּר לַכֹּהֵן לִקָּרֵב בְּתוֹךְ אַרְבַּע אַמּוֹת שֶׁל מֵת אוֹ שֶׁל קֶבֶר. וְדַוְקָא כְּשֶׁהַמֵּת מֻנָּח בִּמְקוֹם קְבִיעָתוֹ. אֲבָל כְּשֶׁהוּא בַמִּטָּה שֶׁמּוֹצִיאִין אוֹתוֹ וּבְעֵת אֲמִירַת צִּדּוּק הַדִּין אַף כְּשֶׁמַּעֲמִידִין אוֹתוֹ, אֵין שָׁם קְבִיעָתוֹ, וְאֵין צְרִיכִין לְהִתְרַחֵק כִּי אִם אַרְבָּעָה טְפָחִים.\n", 
            "links": [], 
            "text": ""
        }, 
        {
            "segmentNumber": "9", 
            "he": "כֹּהֵן שֶׁהוּא יָשֵׁן בְּאֹהֶל שֶׁיֵשׁ בּוֹ מֵת שֶׁהַטֻּמְאָה נִכְנֶסֶת בּוֹ וְאִי אֶפְשָׁר לִסְגּוֹר בַּעֲדוֹ לִמְנוֹעַ אֶת הַטֻּמְאָה (כְּדִלְעֵיל סָעִיף ז), צְרִיכִין לַהֲקִיצוֹ וּלְהַפְרִישׁוֹ שֶׁיֵלֵךְ מִשָׁם. וְאִם הוּא שוֹכֵב עָרוּם, אֵין לְהַגִּיד לוֹ, אֶלָּא יִקְרְאוּ לוֹ סְתָם שֶׁיֵצֵא, בִּכְדֵי שֶׁיַלְבִּישׁ אֶת עַצְמוֹ תְּחִלָּה, דְּגָדוֹל כְּבוֹד הַבְּרִיּוֹת. וּמִכָּל מָקוֹם לְאַחַר שֶּׁנּוֹדַע לוֹ מִן הַטֻּמְאָה, אָסוּר לִשְׁהוֹת שָׁמָּה עַד שֶׁיַּלְבִּישׁ אֶת עַצְמוֹ, אֶלָּא צָרִיךְ לָצֵאת מִיָד.\n", 
            "links": [], 
            "text": ""
        }, 
        {
            "segmentNumber": "10", 
            "he": "יֵשׁ אוֹמְרִים, דְּגַם מֵת גּוֹי מְטַמֵּא בָּאֹהֶל. וְיֵשׁ לִזָּהֵר כְּדִבְרֵיהֶם שֶׁלֹּא לֵילֵךְ עַל קֶבֶר גּוֹי. וּמִכָּל שֶׁכֵּן כְּשֶׁיֵשׁ לָחוּשׁ שֶׁמָּא גַּם מוּמָר נִקְבַּר שָׁם, שֶׁהַמּוּמָר דִּינוֹ כְּיִשְֹרָאֵל. וְגַם הַוָּלָד שָׁיָלְדָה מוּמֶרֶת מִגּוֹי, דִּינוֹ כְּמוֹ יִשְֹרָאֵל.\n", 
            "links": [], 
            "text": ""
        }, 
        {
            "segmentNumber": "11", 
            "he": "מֻתָּר הַכֹּהֵן לִטַּמֵּא לַקְּרוֹבִים, וּמִצְוָה לוֹ לִטַּמֵּא לָהֶם. וְאֵלּוּ הֵן הַקְּרוֹבִים: אִשְׁתּוֹ הַרְאוּיָה לוֹ (שֶׁאֵינָהּ פְּסוּלָה לוֹ), אָבִיו וְאִמוֹ, בְּנוֹ וּבִתּוֹ, וְאָחִיו וַאֲחוֹתוֹ מֵאָבִיו שֶׁהָיוּ בְּנֵי קַיָמָא. אֲבָל לְסָפֵק נְפָלִים, אֵינוֹ מִטַּמֵּא (וְעַיֵּן לְקַמָּן סִימָן ר\"ג סָעִיף ג). וְאֵינוֹ מִטַּמֵּא לַאֲחוֹתוֹ שֶׁנִּתְקַדְּשָׁה לְאִישׁ. יֵשׁ אוֹמְרִים הָא דְמֻתָּר וּמִצְוָה לִטַּמֵּא לַקְּרוֹבִים, דַּוְקָא לְצֹרֶךְ קְבוּרָה אוֹ לְהָבִיא לוֹ אָרוֹן וְתַכְרִיכִין וְכַדּוֹמֶה. וְלָכֵן בַּשַׁבָּת שֶׁאִי אֶפְשָׁר לְקָבְרוֹ בּוֹ בַיוֹם, אָסוּר לִטַּמְּאוֹת לוֹ אֲפִלּוּ כְּדֵי לְשָׁמְרוֹ, וְנָכוֹן לְהַחְמִיר כֵּן. מִיהוּ לְצָרְכֵי קְבוּרָה, וַדַּאי מִצְוָה לִטַּמֵּא לָהֶם. וַאֲפִלּוּ יֵשׁ חֶבְרָא קַדִּישָׁא הַמִּתְעַסְּקִים וְהוּא אֵינוֹ מִתְעַסֵּק כְּלָל, מֻתָּר לוֹ לִהְיוֹת שָׁם בַּבַּיִת, שֶׁמָּא יִצְטָרְכוּ לְאֵיזֶה דָבָר. וְאֵינוֹ מִטַּמֵּא לַקְּרוֹבִים אֶלָּא עַד שֶׁיִסָּתֵם הַגּוֹלֵל וְלֹא אַחַר כָּךְ.\n", 
            "links": [], 
            "text": ""
        }, 
        {
            "segmentNumber": "12", 
            "he": "כֹּהֵן שֶׁפֵּרְשׁוּ אֲבוֹתָיו מִדַּרְכֵי הַצִּבּוּר, אֵינוֹ מִטַּמֵּא לָהֶם, וְלֹא לְמִי שֶׁאִבֵּד עַצְמוֹ לָדָעַת. וְכֵן כָּל מִי שֶׁאֵין מִתְאַבְּלִין עָלָיו, אֵין הַכֹּהֵן מִטַּמֵּא לוֹ (וְעַיֵּן לְעֵיל סִימָן רא).\n", 
            "links": [], 
            "text": ""
        }, 
        {
            "segmentNumber": "13", 
            "he": "אֵין הַכֹּהֵן מִטַּמֵּא לְקָרוֹב אֶלָּא כְּשֶׁהוּא שָׁלֵם וְלֹּא כְּשֶּׁהוּא חָסֵר. וְלָכֵן יֵשׁ אוֹמְרִים, דְּאֵינוֹ מִטַּמֵּא לְהָרוּג, דְּמִקְרֵי חָסֵר. וְנָכוֹן לְהַחְמִיר.\n", 
            "links": [], 
            "text": ""
        }, 
        {
            "segmentNumber": "14", 
            "he": "יֵשׁ כֹּהֲנִים הֶדְיוֹטִים נוֹהֲגִין לָלֶכֶת עַל קִבְרֵי צַדִיקִים, בְּאָמְרָם שֶׁקִּבְרֵי צַדִּיקִים אֵינָם מְטַמְּאִים, וְטָעוּת הִיא בִידֵיהֶם, וּצְרִיכִין לִמְחוֹת בָּהֶם (עַיֵן בְּסֵפֶר פְּאַת הַשֻּלְחָן).\n", 
            "links": [], 
            "text": ""
        }, 
        {
            "segmentNumber": "15", 
            "he": "כְּשֵׁם שֶׁהַכֹּהֵן מֻזְהָר שֶׁלֹּא לִטַּמֵּא, כָּךְ מֻזְהָרִים הַגְּדוֹלִים עַל הַקְּטַנִּים, שֶׁנֶּאֱמַר, אֱמֹר אֶל הַכֹּהֲנִים וְאָמַרְתָּ. וּמִדִּכְתִיב שְׁתֵּי אֲמִירוֹת, דָּרְשׁוּ רַבּוֹתֵינוּ, זִכְרוֹנָם לִבְרָכָה, לְהַזְהִיר גְּדוֹלִים עַל הַקְּטַנִּים. וְדַוְקָא לְטַמְּאוֹתָן בְּיָדָיִם. דְּהַיְנוּ לְהַכְנִיסָן לְאֹהֶל הַמֵּת. אֲבָל אִם הַקָּטָן מִטַּמֵּא מֵעַצְמוֹ, אֵין צְרִיכִין לְהַפְרִישׁוֹ. אַךְ אִם הִגִּיעַ לְחִנּוךְ, יֵשׁ לְהַפְרִישׁוֹ. וְאֵשֶׁת כֹּהֵן מְעֻבֶּרֶת, מֻתֶּרֶת לִכָּנֵס בְּאֹהֶל הַמֵּת.\n", 
            "links": [], 
            "text": ""
        }, 
        {
            "segmentNumber": "16", 
            "he": "הַכֹּהֲנִים אֵינָם יְכוֹלִים לְכוֹף קְרוֹבֵי הַמֵּת שֶׁיְמַהֲרוּ לְהוֹצִיא אֶת הַמֵּת מִמְקוֹמוֹ כְּדֵי שֶׁיִכָּנְסוּ לְבָתֵּיהֶם, אִם לֹא כְּשֶׁהַכֹּהֵן הוּא חוֹלֶה שֶׁאֵינוֹ יָכוֹל לָצֵאת מִבֵּיתוֹ, כּוֹפִין אֶת הַקְּרוֹבִים לְהוֹצִיא אֶת הַמֵּת, כְּדֵי שֶׁלֹּא יָבֹא הַחוֹלֶה לִידֵי אִסּוּר דְּאוֹרָיְתָא. וְאִם הַמֵּת הוּא נֵפֶל, כּוֹפִין אוֹתוֹ בְּכָל עִנְיָן וַאֲפִלּוּ בַשַׁבָּת, לְהוֹצִיאוֹ עַל יְדֵי גוֹי.\n", 
            "links": [], 
            "text": ""
        }
    ], 
    "book": "Kitzur Shulchan Aruch", 
    "prev": "Kitzur Shulchan Aruch 201", 
    "textDepth": 2, 
    "sectionNames": [
        "Siman", 
        "Se'if"
    ], 
    "sections": [
        202
    ], 
    "isComplex": false, 
    "titleVariants": [
        "Kitzur Shulchan Aruch"
    ], 
    "categories": [
        "Halakhah"
    ], 
    "ref": "Kitzur Shulchan Aruch 202", 
    "type": "Halakhah", 
    "addressTypes": [
        "Integer", 
        "Integer"
    ], 
    "indexTitle": "Kitzur Shulchan Aruch", 
    "heIndexTitle": "קיצור שלחן ערוך", 
    "alts": [], 
    "order": ""
}