{
    "heTitleVariants": [
        "קיצור שלחן ערוך"
    ], 
    "heTitle": "קיצור שלחן ערוך", 
    "heRef": "קיצור שלחן ערוך ר״י", 
    "toSections": [
        210
    ], 
    "sectionRef": "Kitzur Shulchan Aruch 210", 
    "next": "Kitzur Shulchan Aruch 211", 
    "content": [
        {
            "segmentNumber": "1", 
            "he": "אָסוּר בְּתַלְמוּד תּוֹרָה, מִשּׁוּם דִּכְתִיב פִּקּוּדֵי ה' יְשָׁרִים מְשַׂמְּחֵי לֵב, וְאָבֵל אָסוּר בְּשִׂמְחָה. וְאָסוּר בַּתּוֹרָה, נְבִיאִים וּכְתוּבִים, מִשְׁנָה, תַּלְמוּד, הֲלָכוֹת וְאַגָּדוֹת. אֲבָל מֻתָּר לִקְרוֹת בְּאִיּוֹב וּבְקִינוֹת, וּבִדְבָרִים הָרָעִים שֶׁבְּסֵפֶר יִרְמְיָה, וּבִגְמָרָא פֶּרֶק אֵלּוּ מְגַלְּחִין, דְּמַיְרִי מִדִינֵי מְנֻדֶּה וְאָבֵל, וּבְמַסֶּכֶת שְׂמָחוֹת. וּבְסִפְרֵי פּוֹסְקִים, מֻתָּר לִלְמוֹד הִלְכוֹת אֲבֵלוּת. וְגַם בִּדְבָרִים שֶׁהוּא מֻתָּר לִלְמוֹד, אָסוּר לְעַיֵן קֻשְיָא אוֹ תֵרוּץ.\n", 
            "links": [], 
            "text": ""
        }, 
        {
            "segmentNumber": "2", 
            "he": "מְלַמֵּד שֶׁהוּא אָבֵל, לְאַחַר שְׁלשָׁה יָמִים, מֻתָּר לוֹ לִלְמוֹד עִם הַתִּינוֹקוֹת כָּל הַדְבָרִים שֶׁצְּרִיכִין, וְלֹא יִתְבַּטְּלוּ מִלִּמּוּדָם, כִּי תִינוֹקוֹת שֶׁל בֵּית רַבָּן אֲשֶׁר הֶבֶל פִּיהֶם נָקִי מֵחֵטְא, חָבִיב יוֹתֵר מִלִּמּוּד שֶׁל גְּדוֹלִים. וְכֵן אָבֵל שֶׁיֶשׁ לוֹ בָּנִים קְטַנִּים, לֹא יִתְבַּטְּלוּ מִלִּמּוּדָם, שֶׁהֲרֵי אֵינָם חַיָבִים בַּאֲבֵלוּת.\n", 
            "links": [], 
            "text": ""
        }, 
        {
            "segmentNumber": "3", 
            "he": "אֲפִלּוּ הָאָבֵל הוּא כֹהֵן וְאֵין בְּבֵית הַכְּנֶסֶת אַחֵר, אָסוּר לוֹ לַעֲלוֹת לַתּוֹרָה.\n", 
            "links": [], 
            "text": ""
        }, 
        {
            "segmentNumber": "4", 
            "he": "בִּתְפִלָּתוֹ כָּל שִׁבְעָה, לֹא יֹאמַר פִּטוּם הַקְּטֹרֶת, וְגַם לֹא יֹאמַר סֵדֶר מַעֲמָדוֹת. וּבְפֶרֶק אֵיזֶהוּ מְקוֹמָן, לֹא יֹאמַר יְהִי רָצוֹן כְּאִלּוּ הִקְרַבְתִּי וְכוּ' (דְּאָבֵל אֵינוֹ מְשַׁלֵּחַ קָרְבְּנוֹתָיו). וּכְשֶׁעוֹשֶׂה הַבְדָּלָה בְּמוֹצָאֵי שַׁבָּת עַל הַכּוֹס, לֹא יֹאמַר פְּסוּקֵי שִׂמְחָה שֶׁקּוֹדְמִים לָהּ, אֶלָּא יַתְחִיל מִן הַבְּרָכוֹת.\n", 
            "links": [], 
            "text": ""
        }, 
        {
            "segmentNumber": "5", 
            "he": "אָבֵל תּוֹךְ שִׁבְעָה, אֵין לוֹ לְהִתְפַּלֵּל לִפְנֵי הַתֵּבָה אֶלָּא אִם אֵין שָׁם אַחֵר שֶׁיִתְפַּלֵל. אַךְ אִם הוּא אָבֵל עַל אָבִיו אוֹ אִמּוֹ, נוֹהֲגִין שֶׁמִּתְפַּלְּלִין לִפְנֵי הַתֵּבָה, אַף עַל פִּי שֶׁיֶשׁ שָׁם אַחֵר. וּבְשַׁבָּתוֹת וְיָמִים טוֹבִים, נוֹהֲגִין שֶׁאֵינוֹ מִתְפַּלֵל לִפְנֵי הַתֵּבָה כָּל הַשָּׁנָה אֶלָּא בִּדְלֵיכָּא אַחֵר. וְאִם הָיָה דַרְכּוֹ לְהִתְפַּלֵּל לִפְנֵי הַתֵּבָה גַּם קֹדֶם שֶׁנַּעֲשָּה אָבֵל, יֵשׁ לְהַתִּיר בְּכָל עִנְיָן (מֵּאִיר נְתִיבִים סִימָן פ). וְעַיֵּן לְעֵיל סִימָן קכח סָעִיף ח (שעו שפד) \n", 
            "links": [], 
            "text": ""
        }, 
        {
            "segmentNumber": "6", 
            "he": "שְׁאִילַת שָׁלוֹם כֵּיצַד. שְׁלשָׁה יָמִים הָרִאשוֹנִים, אֵינוֹ שׁוֹאֵל בִּשְׁלוֹם כָּל אָדָם. וְאִם אֲחֵרִים שֶׁלֹּא יָדְעוּ שֶׁהוּא אָבֵל שָׁאֲלוּ בִשְׁלוֹמוֹ, לֹא יְשִׁיבֵם שָׁלוֹם, אֶלָּא יוֹדִיעֵם שֶׁהוּא אָבֵל. וּלְאַחַר שְׁלֹשָׁה עַד שִׁבְעָה, אֵינוֹ שׁוֹאֵל. וְאִם אֲחֵרִים שֶׁלֹּא יָדְעוּ שָׁאֲלוּ בִשְׁלוֹמוֹ, מֵשִׁיב לָהֶם. מִשִּׁבְעָה עַד שְׁלֹשִׁים, הוּא שׁוֹאֵל בִּשְׁלוֹם אֲחֵרִים, שֶׁהֲרֵי הָאֲחֵרים שְׁרוּיִן בְּשָׁלוֹם. וְאֵין אֲחֵרִים שׁוֹאֲלִין בִּשְׁלוֹמוֹ, שֶׁהֲרֵי הוּא אֵינוֹ שָׁרוּי בְשָׁלוֹם. וְאִם לֹא יָדְעוּ וְשָׁאֲלוּ, מֵשִׁיב לָהֶם. לְאַחַר שְׁלֹשִׁים, הֲרֵי הוּא כִּשְׁאָר כָּל אָדָם.\n", 
            "links": [], 
            "text": ""
        }, 
        {
            "segmentNumber": "7", 
            "he": "כֵּיוָן שֶׁהוּא אָסוּר בִּשְׁאֵילַת שָׁלוֹם, מִכָּל שֶׁכֵּן שֶׁאָסוּר בִשְׂחוֹק. וְלָכֵן כָּל שִׁבְעָה לֹא יֹאחַז תִּינוֹק בְּיָדוֹ, כְּדֵי שֶׁלֹּא יְבִאֶנּוּ לִידֵי שְׂחוֹק. וְכֵן אָסוּר לוֹ לְהַרְבּוֹת בִּדְבָרִים עִם הַבְּרִיּוֹת. אַךְ אִם עוֹשֶׂה לִכְבוֹד רַבִּים, כְּגוֹן שֶׁרַבִּים בָּאִים לְנַחֲמוֹ, מֻתָּר לוֹ לוֹמַר לָהֶם לְכוּ לְבָתֵּיכֶם לְשָׁלוֹם, דְּלִכְבוֹד רַבִּים שָׁרֵי.\n", 
            "links": [], 
            "text": ""
        }, 
        {
            "segmentNumber": "8", 
            "he": "מָקוֹם שֶׁנָּהֲגוּ לִשְׁאוֹל בִּשְׁלוֹם אֲבֵלִים בַּשַׁבָּת, שׁוֹאֲלִים. וְהָאָבֵל נוֹתֵן שָׁלוֹם לְכָל אָדָם בַשַׁבָּת, כִּי דָבָר שֶׁבְּפַרְהֶסְיָא הוּא.\n", 
            "links": [], 
            "text": ""
        }, 
        {
            "segmentNumber": "9", 
            "he": "מֻתָּר לְבָרֵךְ שֶׁהֶחֱיָנוּ אֲפִלּוּ תּוֹךְ שִׁבְעָה כְּשֶׁהוּא צָרִיךְ, כְּגוֹן בַּחֲנֻכָּה אוֹ עַל פְּרִי חָדָשׁ וְכַדּוֹמֶה.\n", 
            "links": [], 
            "text": ""
        }
    ], 
    "book": "Kitzur Shulchan Aruch", 
    "prev": "Kitzur Shulchan Aruch 209", 
    "textDepth": 2, 
    "sectionNames": [
        "Siman", 
        "Se'if"
    ], 
    "sections": [
        210
    ], 
    "isComplex": false, 
    "titleVariants": [
        "Kitzur Shulchan Aruch"
    ], 
    "categories": [
        "Halakhah"
    ], 
    "ref": "Kitzur Shulchan Aruch 210", 
    "type": "Halakhah", 
    "addressTypes": [
        "Integer", 
        "Integer"
    ], 
    "indexTitle": "Kitzur Shulchan Aruch", 
    "heIndexTitle": "קיצור שלחן ערוך", 
    "alts": [], 
    "order": ""
}