[{
    "links": [], 
    "text": [], 
    "heTitleVariants": [
        "קיצור שלחן ערוך"
    ], 
    "heTitle": "קיצור שלחן ערוך", 
    "heRef": "קיצור שלחן ערוך קמ״ג", 
    "toSections": [
        143
    ], 
    "sectionRef": "Kitzur Shulchan Aruch 143", 
    "next": "Kitzur Shulchan Aruch 144", 
    "book": "Kitzur Shulchan Aruch", 
    "prev": "Kitzur Shulchan Aruch 142", 
    "textDepth": 2, 
    "sectionNames": [
        "Siman", 
        "Se'if"
    ], 
    "sections": [
        143
    ], 
    "isComplex": false, 
    "titleVariants": [
        "Kitzur Shulchan Aruch"
    ], 
    "categories": [
        "Halakhah"
    ], 
    "he": [
        "צָרִיךְ לִזָּהֵר מְאֹד בִּכְבוֹד אָבִיו וְאִמּוֹ וּבְמוֹרָאָם, שֶהִשְׁוָה אוֹתָן הַכָּתוּב לִכְבוֹדוֹ וּלְמוֹרָאוֹ, יִתְבָּרַךְ שְׁמוֹ. כְּתִיב, כַּבֵּד אֶת אָבִיךָ וְאֶת אִמֶּךָ. וּכְתִיב, כַּבֵּד אֶת ה' מֵהוֹנֶךָ. בְּאָבִיו וְאִמּוֹ כְּתִיב, אִישׁ אִמּוֹ וְאָבִיו תִּירָאוּ. וּכְתִיב, אֶת ה' אֱלֹהֶיךָ תִּירָא. כְּדֶרֶךְ שֶׁצִוָּה עַל כִּבּוּד שְׁמוֹ הַגָּדוֹל וּמוֹרָאוֹ, כֵּן צִוָּה עַל כִּבּוּדָם וּמוֹרָאָם. שְׁלשָׁה שֻׁתָּפִין הֵם בָּאָדָם, הַקָּדוֹשׁ בָּרוּךְ הוּא וְאָבִיו וְאִמּוֹ. (אִישׁ מַזְרִיעַ לֹבֶן שֶׁבּוֹ, אִשָּׁה מַזְרַעַת אֹדֶם שֶׁבּוֹ, וְהַקָּדושׁ בָּרוּךְ הוּא נוֹפֵחַ בּוֹ נְשָׁמָה, מַרְאֵה עַיִן, וּשְׁמִיעַת אֹזֶן, וְדִבּוּר) בִּזְמַן שֶׁאָדָם מְכַבֵּד אֶת אָבִיו וְאֶת אִמּוֹ, אוֹמֵר הַקָּדוֹשׁ בָּרוּךְ הוּא, מַעֲלֶה אֲנִי עֲלֵיכֶם, כְאִלּוּ דַרְתִּי בֵּינֵיהֶם וְכִבְּדוּנִי.\n", 
        "אֵיזֶהוּ מוֹרָא. לֹא יַעֲמֹד בִּמְקוֹמוֹ הַמְיֻחָס לוֹ לַעֲמֹד שָׁם בְּסוֹד זְקֵנִים עִם חֲבֵרָיו אוֹ מָקוֹם הַמְיֻחָד לוֹ לְהִתְפַּלֵּל, וְלֹא יֵשֵׁב בְּמָקוֹם הַמְיֻחָד לוֹ לְהָסֵב בְּבֵיתוֹ, וְלֹא יִסְתֹּר אֶת דְּבָרָיו, וְלֹא יַכְרִיעַ אֶת דְּבָרָיו בְּפָנָיו, אֲפִלּו לוֹמַר, נִרְאִין דִּבְרֵי אַבָּא. עַד הֵיכָן מוֹרָאָם. הַיָה הַבֵּן לָבוּשׁ חֲמוּדוֹת וְיושֵׁב בְּרֹאשׁ הַקָּהָל, וּבָאוּ אָבִיו אוֹ אִמוֹ וְקָרְעוּ אֶת בְּגָדָיו, וְהִכּוּהוּ עַל רִאשׁוֹ, וְיָרְקוּ בְפָנָיו, לֹא יַכְלִים אוֹתָם וְלֹא יְצַעֵר בִּפְנֵיהֶם וְלֹא יִכְעַס כְּנֶגְדָּם, אֶלָּא יִשְׁתֹּק וְיִירָא מִמֶּלֶךְ מַלְכֵי הַמְּלָכִים הַקָּדוֹשׁ בָּרוּךְ הוּא שֶׁצִּוָּה בְּכָךְ. אֲבָל יָכוֹל לִתְבֹּעַ אוֹתָם לַדִּין עַל הַהֶפְסֵד.\n", 
        "אֵיזֶהוּ כָבוֹד? מַאֲכִילוֹ וּמַשְׁקֵהוּ, מַלְבִּישׁ וּמְכַסֶּה, מַכְנִיס וּמוֹצִיא (וְעַיֵּן לְעֵיל סִימָן לד סָעִיף ו). וְּיִתְּנֶנוּ לוֹ בְסֵבֶר פָּנִים יָפוֹת. שֶׁאֲפִלוּ מַאֲכִילוֹ בְּכָל יוֹם פְּטוּמוֹת, וְהֶרְאָה לוֹ פָּנִים זוֹעֲפוֹת, נֶעֱנָשׁ עָלָיו.\n", 
        "הָיוּ אָבִיו אוֹ אִמּוֹ יְשֵׁנִים וּמַפְתֵּחַ חֲנוּתוֹ שֶׁל הַבֵּן תַּחַת רָאשֵׁיהֶם, אָסוּר לַהֲקִיצָם מִשְּׁנָתָם, אַף עַל פִּי שֶׁיַפְסִיד רֶוַח הַרְבֵּה. אֲבָל אִם יַגִּיעַ רֶוָח לְאָבִיו אִם יְקִיצוֹ, וְאִם לֹא יְקִיצוֹ יִצְטַעֵר עַל מְנִיעַת הָרֶוַח, מִצְוָה לַהֲקִיצוֹ, כֵּיוָן שֶיִשְׂמַח בָּזֶה. וְכֵן מִצְוָה לַהֲקִיצוֹ לָלֶכֶת לְבֵית הַכְּנֶסֶת אוֹ לִשְׁאָר דְּבַר מִצְוָה, מִפְּנֵי שֶׁכֻּלָּם חַיָבִים בִּכְבוֹד הַמָּקוֹם בָּרוּךְ הוּא (חיי\"א בשם ספר חסידים).\n", 
        "הָיָה צָרִיךְ לְאֵיזֶה דָבָר בָּעִיר, וְיוֹדֵעַ שֶׁיַשְׁלִימוּ חֶפְצוֹ בִּשְׁבִיל אָבִיו, אַף עַל פִּי שֶׁיוֹדֵעַ שֶׁגַּם בִּשְׁבִילוֹ יַעֲשׂוּהוּ לוֹ, לֹא יֹאמַר, עֲשׂוּ לִי בִּשְבִילִי, אֶלָּא יֹאמַר, עֲשׂוּ לִי בִּשְׁבִיל אַבָּא, כְּדֵי לִתְלוֹת הַכָּבוֹד בְּאָבִיו.\n", 
        "אָמְרָה לוֹ אִמּוֹ, עֲשֵׂה זֹאת וְעָשָׂה, וְאַחַר כָּךְ בָּא אָבִיו וְשָׁאַל אוֹתוֹ, מִי אָמַר לְךָ לַעֲשׂוֹת זֹאת. וְהוּא מַרְגִישׁ, שֶׁאִם יֹאמַר שֶׁאִמּוֹ אָמְרָה לּוֹ, יִכְעַס אָבִיו עַל אִמּוֹ, אַל יֹאמַר לוֹ שֶׁאִמּוֹ אָמְרָה לוֹ לַעֲשׂוֹת הַדָּבָר, אַף עַל פִּי שֶׁעַל יְדֵי כֵן יִכְעַס הָאָב עָלָיו (חַיֵּי אָדָם בשם ספר חסידים) \n", 
        "חַיָב לַעֲמֹד בִפְנֵי אָבִיו וּבִפְנֵי אִמוֹ.\n", 
        "חַיָב לְכַבְּדָם גַּם לְאַחַר מוֹתָם. וְאִם מַזְכִּרָם בְּתוֹךְ שְׁנֵים עָשָׂר חֹדֶשׁ בַּפֶּה אוֹ בַכְּתָב, אוֹמֵר אוֹ כּוֹתֵב, הֲרֵינִי כַּפָּרַת מִשְׁכָּבוֹ (פֵּרוּשׁ, עָלַי יְהֵא כָּל רַע הָרָאוּי לָבוֹא עַל נַפְשׁוֹ) אוֹ מִשְׁכָּבָהּ. וּלְאַחַר שְׁנֵים עָשָׂר חֹדֶשׁ (כְּבָר קִבֵּל מַה שֶׁקִּבֵּל, שֶאֵין מִשְׁפַּט רִשְׁעֵי יִשְֹרָאֵל בַּגֵּהִנֹם אֶלָּא י\"ב חֹדֶשׁ) אוֹמֵר אוֹ כוֹתֵב, זִכְרוֹנוֹ לִבְרָכָה לְחַיֵי הָעוֹלָם הַבָּא אוֹ זִכְרונָהּ לִבְרָכָה לְחַיֵי הָעוֹלָם הַבָּא (וְעַיֵּן לְעֵיל סִימָן כו סָעִיף כב).\n", 
        "אֲפִלּוּ אָבִיו רָשָׁע וּבַעַל עֲבֵרוֹת, מְכַבְּדוֹ וּמִתְיָרֵא מִמֶּנוּ. וַאֲפִלּוּ מַמְזֵר, חַיָב בִּכְבוֹד אָבִיו וּמוֹרָאוֹ. וְיֵשׁ אוֹמְרִים, דְאֵינוֹ מְחֻיָב לְכַבֵּד אָבִיו רָשָׁע כָּל זְמַן שֶׁלֹּא עָשָׂה תְּשׁוּבָה. וְאַךְ לְצַעֲרוֹ, אָסוּר. וְיֵשׁ לְהַחְמִיר כַּסְּבָרָה הָראשוֹנָה.\n", 
        "רָאָה לְאָבִיו שֶׁעוֹבֵר עַל דִבְרֵי תוֹרָה, לֹא יֹאמַר לוֹ, עָבַרְתָּ עַל דִּבְרֵי תוֹרָה, אֶלָּא יֹאמַר לוֹ, אַבָּא, כְּתִיב בַּתּוֹרָה כָּךְ וְכָךְ, כְּאִלּוּ הוּא שׁוֹאֵל מִמֶּנוּ, וְלֹא כְּמַזְהִירוֹ, וְהָאָב יָבִין מֵעַצְמוֹ וְלֹא יִתְבַּיֵשׁ.\n", 
        "אָמַר לוֹ אָבִיו לַעֲבֹר עַל דִּבְרֵי תוֹרָה, בֵּין עַל מִצְוַת עֲשֵׂה בֵּין עַל מִצְוַת לֹא תַעֲשֶׂה, אֲפִלּוּ עַל מִצְוָה שֶל דִּבְרֵיהֶם, לֹא יִשְׁמַע לוֹ, דִּכְתִיב, אִישׁ אִמּוֹ וְאָבִיו תִּירָאוֹ וְאֶת שַׁבְּתוֹתַי תִּשְׁמֹרוּ אֲנִי ה' אֱלֹהֵיכֶם, סָמַךְ שַׁבָּת לְמוֹרָא אָב וָאֵם, לוֹמַר, אַף עַל פִּי שֶׁהִזְהַרְתִּיךָ עַל מוֹרָא אָב וָאֵם, אִם אָמַר לְךָ חַלֵּל אֶת הַשַׁבָּת, אַל תִּשְׁמַע לוֹ. וְכֵן בִּשְׁאָר כָּל הַמִצְוֹת. אֲנִי ה' אֱלֹהֵיכֶם, אַתָּה וְאָבִיךָ חַיָבִים בִּכְבוֹדִי. לְפִיכָךְ לֹא תִשְׁמַע לוֹ לְבַטֵּל אֶת דְּבָרָי. וְגַם מִצְוֹת דְּרַבָּנָן, דִּבְרֵי הַשֵׁם יִתְבָּרַךְ שְׁמוֹ הֵן, דִּכְתִיב, לֹא תָסוּר וְגוֹ'. אָמַר לוֹ אָבִיו, שֶׁלֹּא יְדַבֵּר עִם פְּלוֹנִי וְשֶׁלֹּא יִמְחוֹל לוֹ, וְהַבֵּן הָיָה רוֹצֶה לְהִתְפַּיֵס, אֵין לוֹ לָחוּשׁ לִפְקֻדַּת אָבִיו, כִּי אָסוּר לִשְׂנֹא שׁוּם יְהוּדִי אִם לֹא כְּשֶׁרוֹאֵהוּ שֶהוּא עוֹבֵר עֲבֵרָה, וְנִמְצָא שֶהָאָב צִוָּהוּ לַעֲבוֹר עַל דִבְרֵי תוֹרָה.\n", 
        "אִם הַבֵּן רוֹצֶה לָלֶכֶת לְאֵיזֶה מָקוֹם לִלְמֹד תּוֹרָה, מִפְּנֵי שֶׁשָּׁם תִּהְיֶה לוֹ תּוֹעֶלֶת יוֹתֵר מִבְּכָאן, וְהָאָב מוֹחֶה בְיָדוֹ מֵאֵיזֶה טַעַם, אֵינוֹ חַיָב לִשְׁמֹעַ לְאָבִיו, דְּתַלְמוּד תּוֹרָה גָּדוֹל מִכִּבּוּד אָב וָאֵם, (כִּדְמָצִינוּ בְּיַעֲקֹב אָבִינוּ עָלָיו הַשָׁלוֹם, כְּשֶׁהָלַךְ מִיִצְחָק, נִטְמַן בְּבֵית הַמִּדְרָשׁ שֶל עֵבֶר אַרְבַּע עֶשְׂרֵה שָׁנָה וְעָסַק בַּתּוֹרָה, וְאַחַר כָּךְ הָלַךְ לְבֵית לָבָן וְנִשְׁתָּהָה שָׁם וּבַדֶּרֶךְ עֶשְׂרִים וּשְׁתַּיִם שָׁנָה, וְנֶעֱנַשׁ עַל אֵלּוּ עֶשְׂרִים וּשְׁתַּיִם שָׁנָה, שֶׁלֹּא קִיֵם כִּבּוּד אָב, וְנֶעְלַם מִמֶּנוּ יוֹסֵף עֶשְׂרִים וּשְׁתַּיִם שָׁנָה. וְעַל אֵלּוּ אַרְבַּע עֶשְׂרֵה שָׁנָה שֶׁעָסַק בַּתּוֹרָה, לֹא נֶעֱנָשׁ). וְכֵן אִם הַבֵּן רוֹצֶה לִשָׂא אִשָׁה, וְהָאָב אֵינוֹ מִתְרַצֶה, אֵין הַבֵּן חַיָב לִשְׁמֹעַ לוֹ.\n", 
        "אֶחָד הַאִישׁ וְאֶחָד הָאִשָׁה, חַיָבִים בְּכִבּוּד אָב וָאֵם, אֶלָּא שֶׁהָאִשָׁה הַנְּשׂוּאָה לְבַעַל, כֵּיוָן שֶהִיא מְשֻׁעְבֶּדֶת לַבַּעַל, לְפִיכָךְ הִיא פְּטוּרָה מִכִּבּוּד אָב וָאֵם. וְאַךְ אִם בַּעְלָה אֵינוֹ מַקְפִּיד עָלֶיהָ, מְחֻיֶבֶת בְּכָל דָּבָר שֶׁאֶפְשָר לָהּ.\n", 
        "כָּל הַמְבַזֶה אָבִיו אוֹ אִמוֹ, וַאֲפִלוּ בִּדְבָרִים, וַאֲפִילוּ בִרְמִיזָה, הֲרֵי זֶה בִּכְלַל אָרוּר מִפִּי הַגְּבוּרָה, שֶׁנֶּאֱמַר, אָרוּר מַקְּלֶה אָבִיו וְאִמּוֹ.\n", 
        "הָיָה קוֹץ תָּחוּב לְאָבִיו אוֹ לְאִמּוֹ, לֹא יוֹצִיאֶנוּ, שֶׁמָּא יַעֲשֶׂה בָּהֶם חַבּוּרָה, (שֶׁהוּא בְּאִסּוּר חִיוּב חֶנֶק). וְכֵן אִם הַבֵּן הוּא רוֹפֵא, לֹא יַקִּיז לָהֶם דָּם, וְלֹא יַחְתֹּךְ בָּהֶם אֵבֶר, אַף עַל פִּי שֶהוּא מְכַוֵן לִרְפוּאָה. בַּמֶּה דְּבָרִים אֲמוּרִים, כְּשֶׁיֵשׁ אַחֵר לַעֲשׂוֹת. אֲבָל אִם אֵין שָׁם אַחֵר לַעֲשׂוֹת וְהֵן מִצְטַעֲרִין, הֲרֵי הוּא מַקִּיז וְחוֹתֵךְ כְּפִי צֹרֶךְ הָרְפוּאָה.\n", 
        "מִי שֶׁנִטְרְפָה דַעְתּוֹ שֶׁל אָבִיו אוֹ שֶׁל אִמּוֹ, מִשְׁתַּדֵּל לִנְהֹג עִמָּהֶם כְּפִי דַעְתָּם, עַד שֶׁיְרַחֵם ה' עֲלֵיהֶם. וְאִם אִי אֶפְשָׁר לוֹ לַעֲמֹד מִפְּנֵי שֶׁנִשְׁתַּטּוּ בְיוֹתֵר, יַנִּיחֵם וְיֵלֶךְ לוֹ וִיצַוֶּה לַאֲחֵרִים, לְהַנְהִיגָם כָּרָאוּי לָהֶם.\n", 
        "אָסוּר לְאָדָם לְהַכְבִּיד עֻלוֹ עַל בָּנָיו וּלְדַקְדֵּק בִּכְבוֹדוֹ עִמָּהֶם, שֶׁלֹּא יְבִיאֵם לִידֵי מִכְשׁוֹל, אֶלָּא יִמְחוֹל וְיַעְלִים עֵינָיו מֵהֶם. שֶׁהָאָב שֶׁמָּחַל עַל כְּבוֹדוֹ, כְּבוֹדוֹ מָחוּל.\n", 
        "אָסוּר לְהַכּוֹת אֶת בְּנוֹ הַגָדוֹל. וְאֵין גַּדְלוּת זוֹ תְּלוּיָה בְּשָׁנִים, אֶלָּא הַכֹּל לְפִי טִבְעוֹ שֶׁל הַבֵּן, כֹּל שֶׁיֵשׁ לָחוּשׁ שֶׁיַתְרִיס כְּנֶגְדּוֹ בְּדִבּוּר אוֹ בְמַעֲשֶׂה, אֲפִלּוּ אֵינוֹ בַר מִצְוָה, אָסוּר לְהַכּוֹתוֹ, אֶלָּא יוֹכִיחוֹ בִדְבָרִים. וְכָל הַמַּכֶּה אֶת בְּנוֹ הַגָדוֹל, מְנַדִּין אוֹתוֹ, שֶׁהֲרֵי הוּא עוֹבֵר עַל לִפְנֵי עִוֵּר לֹא תִתֵּן מִכְשׁוֹל.\n", 
        "חַיָב אָדָם לְכַבֵּד אֵשֶׁת אָבִיו, אַף עַל פִּי שֶׁאֵינָהּ אִמּוֹ, כָּל זְמַן שֶׁאָבִיו קַיָם. וְכֵן חַיָב לְכַבֵּד בַּעַל אִמוֹ, כָּל זְמַן שֶׁאִמּוֹ קַיֶמֶת. וְדָבָר הָגוּן הוּא לְכַבְּדָם גַּם לְאַחַר מִיתַת אָבִיו וְאִמּוֹ.\n", 
        "לוֹ, אָבי רְאֵה גַּם רְאֵה). וְחַיָּב בִּכְבוֹד אֲבִי אָבִיו. אֶלָּא שֶׁכְּבוֹד אָבִיו, גָּדוֹל מִכְּבוֹד אֲבִי אָבִיו.\n", 
        "מִי שֶהוּא רוֹצֶה בֶּאֶמֶת לְכַבֵּד אֶת אָבִיו וְאֶת אִמּוֹ, יַעֲסֹק בַּתּוֹרָה וּבְמַעֲשִׂים טוֹבִים, שֶׁזֶּהו הַכָּבוֹד הַגָּדוֹל לָאָבוֹת, שֶׁאוֹמְרִים הַבְּרִיוֹת, אַשְׁרֵי לְאָב וָאֵם שֶגִדְּלוּ בֵּן כָּזֶה. אֲבָל אִם אֵין הַבֵּן הוֹלֵךְ בַּדֶרֶךְ הַיָשָׁר, הֲרֵי אֲבוֹתָיו יִשְׂאוּ חֶרְפָּה עָלָיו, וְהוּא מְבַיֵשׁ אוֹתָם בְּבוּשָׁה שֶׁאֵין גְּדוֹלָה הֵימֶנָּה. וְכֵן הָאָב שֶׁרוֹצֶה לְרַחֵם עַל בָּנָיו בֶּאֶמֶת, יַעֲסֹק בַּתּוֹרָה וּבְמַעֲשִׂים טוֹבִים, וִיהֵא נוֹחַ לַשָּׁמַיִם וְנוֹחַ לַבְּרִיוֹת, וְיִתְכַּבְּדוּ בָּנָיו בּוֹ. אֲבָל מִי שֶׁאֵינוֹ הוֹלֵךְ בַּדֶּרֶךְ הַיָשָׁר, גַּם זַרְעוֹ מְגֻנֶּה אַחֲרָיו. וְגַם בַּעֲוֹן אָבוֹת, בָּנָיו מֵתִים, כְּדִכְתִיב, פּוֹקֵד עֲוֹן אָבוֹת עַל בָּנִים. וְאֵין אַכְזָרִיוּת גְּדוֹלָה מִזֹּאת, שֶׁהוּא גוֹרֵם בַּחֲטָאָיו שֶׁיָמוּתוּ בָנָיו. וְאֵין לְךָ מְרַחֵם עַל בָּנָיו, יוֹתֵר מִן הַצַּדִּיק, כִּי זְכוּתוֹ עוֹמֶדֶת לְאֶלֶף דוֹר.\n", 
        "גֵר אָסור לְקַלֵּל אָבִיו הַגוֹי וְלֹא יְבַזֵּהוּ, שֶׁלֹּא יֹאמְרוּ, בָּאַנוּ מִקְּדֻשָּׁה חֲמוּרָה לִקְדֻשָּׁה קַלָּה, אֶלָּא נוֹהֵג בָּהֶם מִקְצָת כָּבוֹד.\n"
    ], 
    "ref": "Kitzur Shulchan Aruch 143", 
    "type": "Halakhah", 
    "addressTypes": [
        "Integer", 
        "Integer"
    ], 
    "indexTitle": "Kitzur Shulchan Aruch", 
    "heIndexTitle": "קיצור שלחן ערוך", 
    "alts": [], 
    "order": ""
}]