{
    "content": [
        {
            "segmentNumber": "1", 
            "links": [
                {
                    "category": "Tanakh", 
                    "index_title": "Deuteronomy", 
                    "sourceHeRef": "דברים כ״ב", 
                    "sourceRef": "Deuteronomy 22"
                }
            ], 
            "he": "גירש אומר לו שיחזיר אף לו תהיה האמור כאן גירש אומר לו שיחזיר תני ר' חייה אחד האונס ואחד המוציא שם רע שגירשו כופין אותן להחזיר אם היו כהנים סופגין את הארבעים כהדא דתני (דברים כב) בעולת בעל להביא את המקבלת בעלה בבית אביה והיא ארוסה והבא אחריו בחנק ולא סוף דבר מכדרכה אלא אפילו שלא כדרכה רבי אבהו בשם ר' יוחנן לכן צריכה שלא כדרכה אפילו תימא מכדרכה למה לי בעלה אפילו כיי דתנינן תמן באו עליה שנים הראשון בסקילה והשני בחנק נערה מאורסה באו עליה עשרה שלא כדרכה ואחד כדרכה כולן בסקילה כולהון כדרכה הראשון בסקילה והשאר בחנק הערו בה עשרה בני אדם ואחד גמר את הביאה כולהון בסקילה כולהון גמרו את הביאה הראשון בסקילה והשאר בחנק ובפנויה באו עליה עשרה שלא כדרכה ואחד כדרכה כולם בקנס כולהון בכדרכה הראשון בקנס והשאר פטור ביררה לה אחד מהן נפטרו כולן מלא תעשה אמרה איפשר"
        }
    ], 
    "heTitle": "תלמוד ירושלמי כתובות כ׳ ב", 
    "indexTitle": "Jerusalem Talmud Ketubot", 
    "sectionRef": "Jerusalem Talmud Ketubot 20b", 
    "prev": "Jerusalem Talmud Ketubot 20a", 
    "ref": "Jerusalem Talmud Ketubot 20b", 
    "heRef": "תלמוד ירושלמי כתובות כ׳ ב", 
    "next": "Jerusalem Talmud Ketubot 21a"
}