{
    "content": [
        {
            "segmentNumber": "1", 
            "links": [
                {
                    "category": "Talmud", 
                    "index_title": "Avodah Zarah", 
                    "sourceHeRef": "עבודה זרה י״ט ב:ז׳", 
                    "sourceRef": "Avodah Zarah 19b:7"
                }
            ], 
            "he": "<b>אשר </b> פריו יתן בעתו ועלהו לא יבול ואם לאו וכו'. עיין פרש\"י ותוספות ועוד י\"ל ע\"פ אותה ששנינו בן חמש למקרא וכו' שילמוד הרב עם התלמיד לפי זמן שנותיו ואז ועלהו לא יבול ואם לאו על הלומד כו' לפי שלא הגיע התלמיד עדיין למעלה זו על זה סמך לו רבים חללים וגו' תלמיד שלא הגיע להוראה והוא מפורש בפ\"ג דסוטה: "
        }, 
        {
            "segmentNumber": "2", 
            "links": [
                {
                    "category": "Talmud", 
                    "index_title": "Avodah Zarah", 
                    "sourceHeRef": "עבודה זרה י״ט ב:י״ז", 
                    "sourceRef": "Avodah Zarah 19b:17"
                }
            ], 
            "he": "<b>שאפילו </b> שיחת חולין וכו'. פרש\"י כדי להתלמד לדבר בלשונם וכו'. אבל בפרק הישן נראה לפרש דצריכה תלמוד דמתוך שיחתן תבין דבר מה מדברי תורה וק\"ל: "
        }, 
        {
            "segmentNumber": "3", 
            "links": [
                {
                    "category": "Talmud", 
                    "index_title": "Avodah Zarah", 
                    "sourceHeRef": "עבודה זרה י״ט ב:כ׳", 
                    "sourceRef": "Avodah Zarah 19b:20"
                }
            ], 
            "he": "<b>כל </b> העוסק בתורה כו'. ושמרתם וגו' שמירה הנאמר כאן היא לתורה (לימודה) דהיינו לשמור את הדברים של תורה ומתוך שימורה ולימודה תבא לידי ועשיתם וגו' וק\"ל: "
        }, 
        {
            "segmentNumber": "4", 
            "links": [
                {
                    "category": "Talmud", 
                    "index_title": "Avodah Zarah", 
                    "sourceHeRef": "עבודה זרה י״ט ב:ל״ו", 
                    "sourceRef": "Avodah Zarah 19b:36"
                }
            ], 
            "he": "<b>אתגרה </b> בשינה ת\"ל וכו'. ר\"ל שמא יאמר אדם אגרה בשינה מטעם דקאמר כדי שלא אבא לידי לשון הרע ושפתי מרמה ת\"ל ועשה טוב כי עסקך בתורה תשמור אותך שלא תבא לידי לה\"ר כמ\"ש מרפא לשון עץ חיים וז\"ש אין טוב אלא תורה שנאמר כי לקח טוב נתתי לכם לעסוק בה ועי\"ז אל תעזובו תורתי ולא תבא לידי לה\"ר ואי אתה צריך להתגרות בשינה: "
        }
    ], 
    "heTitle": " חידושי אגדות על מסכת עבודה זרה י״ט ב", 
    "indexTitle": "Chidushei Agadot on Avodah Zarah", 
    "sectionRef": "Chidushei Agadot on Avodah Zarah 19b", 
    "prev": "Chidushei Agadot on Avodah Zarah 19a", 
    "ref": "Chidushei Agadot on Avodah Zarah 19b", 
    "heRef": " חידושי אגדות על מסכת עבודה זרה י״ט ב", 
    "next": "Chidushei Agadot on Avodah Zarah 22b"
}