{
    "heTitleVariants": [
        "תוספתא שבת"
    ], 
    "heTitle": "תוספתא שבת", 
    "heRef": "תוספתא שבת ט׳", 
    "toSections": [
        9
    ], 
    "sectionRef": "Tosefta Shabbat 9", 
    "lengths": [
        18
    ], 
    "next": "Tosefta Shabbat 10", 
    "content": [
        {
            "segmentNumber": "1", 
            "he": "הגוזז מן הבהמה מן החיה ומן [העופות] אפילו מן השלח מלא הסיט כפול הרי זה חייב [יש חולקים בחזיר בין חטטרתו לשאר גופו].", 
            "links": [], 
            "text": ""
        }, 
        {
            "segmentNumber": "2", 
            "he": "המיסך [שלשה] חוטין בתחלה ה\"ז חייב ר' יהודה אומר אף [השרביט] והמדקדק ע\"ג אריג כל שהוא ה\"ז חייב הצד חלזון והפוצעו [הרי זה חייב שתי חטאות].", 
            "links": [], 
            "text": ""
        }, 
        {
            "segmentNumber": "3", 
            "he": "כל אבות מלאכות שבתורה עשאן כולם בהעלם אחד חייב על כל אחת ואחת כל המקלקלין פטורין חוץ מן החובל ומבעיר בשבת.", 
            "links": [], 
            "text": ""
        }, 
        {
            "segmentNumber": "4", 
            "he": "גר שנתגייר [בין העו\"ג ועשה מלאכה בשבת ר\"ע מחייב] ומונבז פוטר והדין נותן שיהא פטור הואיל ושוגג חייב חטאת ומזיד חייב כרת מה מזיד אינו חייב עד שיבא לכלל ידיעה אף שוגג [לא יהא] חייב עד שיבא לכלל ידיעה אמר לו ר\"ע מוסיף אני על דבריך מה מזיד אינו חייב עד שיבא לכלל ידיעה בשעת מעשה אף שוגג לא יהא חייב עד שיבא לכלל ידיעה בשעת מעשה א\"ל כ\"ש שהוספתה אם בא לכלל ידיעה בשעת מעשה אף הוא אינו שוגג אלא מזיד.", 
            "links": [], 
            "text": ""
        }, 
        {
            "segmentNumber": "5", 
            "he": "השוכח את התורה ועבר עבירות הרבה [חייב על כל אחת ואחת כיצד] היה יודע שיש חלב ואמר אין זה חלב שחייבין עליו היה יודע שיש דם ואמר אין זה דם שחייבין עליו חייב על כל אחת ואחת ר\"ש בן אלעזר אומר כל שהוא כיוצא בו כשר להצניעו והוכשר [לו] להצניעו והצניעו ובא אחר והוציאו הרי זה חייב [ואי אפשר לו להצניעו יכול להוציאו אפשר לו להצניעו ומצניעו] ובא אחר והוציאו הרי זה חייב.", 
            "links": [], 
            "text": ""
        }, 
        {
            "segmentNumber": "6", 
            "he": "המוציא מורסן לאכילה כגרוגרת לבהמה כמלא פי הגדי [ולצבוע] כדי לצבוע בו בגד קטן לולבי זרדין והחרובין עד שלא ימתיקו [כגרוגרות] משימתיקו [כמלא פי הגדי] אבל הלוף והחרדל והתורמוסין ושאר כל הנכבשין בין משימתיקו ובין עד שלא ימתיקו כגרוגרות שמן כדי סיכת אבר קטן ר\"ש בן אלעזר אומר קטן בן יומו הוצין כדי לעשות אוזן לכפיפה מצרית סיב אחרים אומרים כדי ליתן ע\"פ משפך לסנן בו את היין.", 
            "links": [], 
            "text": ""
        }, 
        {
            "segmentNumber": "7", 
            "he": "המוציא יין [כדי גמיעה ר' יהודה אומר] כדי מזיגת הכוס יבש כזית דברי ר' נתן חלב כדי גמיעה ר\"א אומר אם של בהמה כדי גמיעה אם של אשה כדי ליתן [ע\"פ קלור] מים כדי גמיעה ר' יהודה אומר כדי לשוף בהן את הקלור דם ושאר כל המשקין ברביעית רשב\"ג אומר דם כדי לכחול עין אחת שכך כוחלין לברקית ר\"ש ב\"א אומר [שמם ר\"מ] דם כדי לכחול עין אחת שכך כוחלין [לחרוד].", 
            "links": [], 
            "text": ""
        }, 
        {
            "segmentNumber": "8", 
            "he": "המוציא קשר [המוכסין] עד שלא הראהו למוכס חייב משהראהו למוכס פטור ר' יהודה אומר אף משהראהו למוכס חייב מפני שמשמרו [להראותו לבעל המוכס].", 
            "links": [], 
            "text": ""
        }, 
        {
            "segmentNumber": "9", 
            "he": "המוציא [שטר פרוע] ויש בו במקום הלובן כדי לכתוב שתי אותיות [ובכולו] כדי לכרוך ע\"פ צלוחית קטנה של פלייטין ה\"ז חייב ר' יהודה אומר אף המוציא שטר פרוע כל שהוא [ה\"ז] חייב מפני שמשמרו [להראותו לבעלי חובים] שטרי מקח וממכר שטרי דיתקאות [אפותקאות] ומתנות כל שהן ה\"ז חייב.", 
            "links": [], 
            "text": ""
        }, 
        {
            "segmentNumber": "10", 
            "he": "[קלף] דוכסוסטוס כדי לכתוב עליו את המזוזה יריעה [כדי לכתוב עליו פרשה] קטנה איזו היא [פרשה קטנה זו שמע] שיער לגבל בו את הטיט טיט כדי לעשות פי כור של צורפי זהב פיחמין כדי לעשות מהן צינורא קטנה ר' יהודה אומר כדי ליתן על פי מולידה קטנה.", 
            "links": [], 
            "text": ""
        }, 
        {
            "segmentNumber": "11", 
            "he": "המוציא [כליו] מקופלין ומונחין על כתיפו וסנדליו וטבעותיו בקומצו ה\"ז חייב [ואילו] היה מלובש בהן פטור המוציא אדם וכליו עליו וסנדליו ברגליו וטבעותיו בידיו ה\"ז פטור [שאילו] הוציאן כמות שהן חייב חול עפר ואפר שיעורן כזבל רבי ישמעאל [ב\"ר] יוחנן בן ברוקא אומר עפר כדי לכסות בו דם צפור קטנה איזו היא [דם] צפור קטנה זה דרור חול הגס כדי ליתן על [מלא] פי [הכף סיד] א\"ר נראין דברי ר\"ע בחול [דק] ודברי חכמים בחול [גס] סיד כדי לסוד קטנה שבבנות ר' יהודה אומר כדי לעשות כלכל רבי נחמיה אומר כדי לעשות אנדפי א\"ר נראין דברי ר' יהודה בזמן שהוא [כביצה] ודברי רבי נחמיה בזמן שהוא [חביט].", 
            "links": [], 
            "text": ""
        }, 
        {
            "segmentNumber": "12", 
            "he": "קנה כדי לעשות קולמוס מגיע לקשרי אצבעותיו [בולמס] לעשות [הימנו] צלוחית קטנה של פלייטין זכוכית אחרים אומרים כדי לפצוע שתי נימין [כאחד] צרור ואבן ר\"א בן יעקב אומר משקל עשרה דנרים [רבי אלעזר אומר כדי לעשותו מסיפס].", 
            "links": [], 
            "text": ""
        }, 
        {
            "segmentNumber": "13", 
            "he": "מנין למאדים בשבת שהוא חייב שנאמר (שמות כה) אלים מאדמים איזו היא חבורה כל שיצא ממנה דם נצרר הדם אע\"פ שאין יכול לצאת ה\"ז חייב.", 
            "links": [
                {
                    "category": "Tanach", 
                    "sourceHeRef": "שמות כ״ה", 
                    "sourceRef": "Exodus 25", 
                    "ref": "Exodus 25"
                }
            ], 
            "text": ""
        }, 
        {
            "segmentNumber": "14", 
            "he": "מנין לדם שהוא משקה שנאמר (במדבר כג) ודם חללים ישתה מניין ליין שהוא משקה שנאמר (דברים לב) ודם ענב תשתה חמר מנין לדבש שהוא משקה שנאמר (שם) ויניקהו דבש מסלע וגו' מנין לשמן שהוא משקה שנאמר (ישעיהו כה) משתה שמנים משתה שמרים מנין לחלב שהוא משקה שנאמר (שופטים ד) ותפתח את נאד החלב ותשקהו מנין לטל שהוא משקה שנאמר (שופטים ו) וימץ טל מן הגזה וגו' מנין לדם נדה שהוא משקה שנא' (ויקרא יב) ממקור דמיה ואומר (זכריה יג) ביום ההוא יהיה מקור נפתח [לבית דוד] וגו' מנין לדמעת העין שהוא משקה שנאמר (תהילים פ) ותשקמו בדמעות שליש מנין למי האף שהוא משקה שנאמר (ירמיהו ט) ועפעפינו יזלו מים.", 
            "links": [
                {
                    "category": "Tanach", 
                    "sourceHeRef": "זכריה י״ג", 
                    "sourceRef": "Zechariah 13", 
                    "ref": "Zechariah 13"
                }, 
                {
                    "category": "Tanach", 
                    "sourceHeRef": "דברים ל״ב", 
                    "sourceRef": "Deuteronomy 32", 
                    "ref": "Deuteronomy 32"
                }, 
                {
                    "category": "Tanach", 
                    "sourceHeRef": "במדבר כ״ג", 
                    "sourceRef": "Numbers 23", 
                    "ref": "Numbers 23"
                }, 
                {
                    "category": "Tanach", 
                    "sourceHeRef": "ויקרא י״ב", 
                    "sourceRef": "Leviticus 12", 
                    "ref": "Leviticus 12"
                }, 
                {
                    "category": "Tanach", 
                    "sourceHeRef": "ישעיהו כ״ה", 
                    "sourceRef": "Isaiah 25", 
                    "ref": "Isaiah 25"
                }, 
                {
                    "category": "Tanach", 
                    "sourceHeRef": "ירמיהו ט׳", 
                    "sourceRef": "Jeremiah 9", 
                    "ref": "Jeremiah 9"
                }, 
                {
                    "category": "Tanach", 
                    "sourceHeRef": "שופטים ד׳", 
                    "sourceRef": "Judges 4", 
                    "ref": "Judges 4"
                }, 
                {
                    "category": "Tanach", 
                    "sourceHeRef": "שופטים ו׳", 
                    "sourceRef": "Judges 6", 
                    "ref": "Judges 6"
                }, 
                {
                    "category": "Tanach", 
                    "sourceHeRef": "תהילים פ׳", 
                    "sourceRef": "Psalms 80", 
                    "ref": "Psalms 80"
                }
            ], 
            "text": ""
        }, 
        {
            "segmentNumber": "15", 
            "he": "מנין לזרוע שהוא יד שנאמר (שופטים טו) ותהיינה העבותים אשר על זרועותיו כפשתים וימסו אסוריו מעל ידיו.  מנין למי שאחזו בולמוס שמאכילין אותו דבילה קעילית שנאמר (שמואל א ל) ויתנו לו פלח דבלה וגו'.", 
            "links": [
                {
                    "category": "Tanach", 
                    "sourceHeRef": "שמואל א ל׳", 
                    "sourceRef": "I Samuel 30", 
                    "ref": "I Samuel 30"
                }, 
                {
                    "category": "Tanach", 
                    "sourceHeRef": "שופטים ט״ו", 
                    "sourceRef": "Judges 15", 
                    "ref": "Judges 15"
                }
            ], 
            "text": ""
        }, 
        {
            "segmentNumber": "16", 
            "he": "המוציא שני [נסרים] כאחד הרי זה חייב תורי דקל א' זמורה [אחת] לנטיעה שתים לבהמה כמלא פי הגדי לעצים כשיעור העצים חבילי אזוב הסיאה והקורנית שהכניסן לאכילה כגרוגרת לבהמה כמלא פי הגדי לעצים כשיעור העצים להזאה כשיעור הזאה גרעינין לנטיעה שתים לבהמה כמלא פי חזיר כמה מלא פי חזיר אחת אחרים אומרים [לחשבון] חמש.  המוציא מאבני בית מנוגע מעציו ומעפרו כל שהוא ה\"ז חייב [כחל] רשב\"א אומר אם לרפואה כדי לכחול עין אחת אם לתכשיט כדי לכחול שתי עינים.", 
            "links": [], 
            "text": ""
        }, 
        {
            "segmentNumber": "17", 
            "he": "המוציא [מין] בהמה [מין] חיה [מין עופות] בין חיים ובין מתים ה\"ז חייב ר' נתן אומר מתים חייב חיים פטור.", 
            "links": [], 
            "text": ""
        }
    ], 
    "book": "Tosefta Shabbat", 
    "prev": "Tosefta Shabbat 8", 
    "textDepth": 2, 
    "sectionNames": [
        "Chapter", 
        "Tosefta"
    ], 
    "sections": [
        9
    ], 
    "isComplex": false, 
    "titleVariants": [
        "Tos. Shabbos", 
        "T. Shabbat", 
        "Tosefta Shabbat", 
        "Tosefta Shabbos", 
        "Tos. Shabbat"
    ], 
    "categories": [
        "Tosefta", 
        "Seder Moed"
    ], 
    "ref": "Tosefta Shabbat 9", 
    "type": "Tosefta", 
    "addressTypes": [
        "Integer", 
        "Integer"
    ], 
    "length": 18, 
    "indexTitle": "Tosefta Shabbat", 
    "heIndexTitle": "תוספתא שבת", 
    "alts": [], 
    "order": [
        1
    ]
}