{
    "heTitleVariants": [
        "אבן עזרא על חבקוק"
    ], 
    "heTitle": "אבן עזרא על חבקוק", 
    "commentaryBook": "Habakkuk", 
    "heRef": "אבן עזרא על חבקוק א׳", 
    "toSections": [
        1
    ], 
    "sectionRef": "Ibn Ezra on Habakkuk 1", 
    "title": "Ibn Ezra on Habakkuk 1", 
    "lengths": [
        3, 
        56
    ], 
    "next": "Ibn Ezra on Habakkuk 2:1", 
    "content": [
        {
            "segmentNumber": "1", 
            "he": [
                "גם - זה הנביא לא ידענו דורו ולא משפחתו וניבא על מפלת הכשדים, והחל לדבר זה הנביא על לשון חסידי ישראל, שהיו צועקים אל השם מחמס נבוכדנצר."
            ], 
            "links": [
                {
                    "category": "Tanakh", 
                    "sourceHeRef": "חבקוק א׳:א׳", 
                    "index_title": "Habakkuk", 
                    "sourceRef": "Habakkuk 1:1"
                }
            ], 
            "text": ""
        }, 
        {
            "segmentNumber": "2", 
            "he": [
                "עד אנה ה' - מלת אנה תמצא על זמן ועל מקום וככה מלת הלום כמו אנה אנחנו עולים, שהטעם לאי זה מקום אנו עולים. ", 
                "אזעק אליך - כזעקת איש שנעשה לו חמס."
            ], 
            "links": [
                {
                    "category": "Tanakh", 
                    "sourceHeRef": "חבקוק א׳:ב׳", 
                    "index_title": "Habakkuk", 
                    "sourceRef": "Habakkuk 1:2"
                }, 
                {
                    "category": "Tanakh", 
                    "sourceHeRef": "חבקוק א׳:ב׳", 
                    "index_title": "Habakkuk", 
                    "sourceRef": "Habakkuk 1:2"
                }
            ], 
            "text": ""
        }, 
        {
            "segmentNumber": "3", 
            "he": [
                "למה - זה האון שיעשה איש און, און ועמל הם שם דבר שכולל לכל דבר עון ולכל חטאת אשר יעמל האדם, כי הוא און ועמל ויגיעת ריק ומלת למה תשרת בעבור אחרתץ.ו", 
                "למה עמל תביט - והטעם איך יוכל איש לעשות און ועמל במקום ממשלתך, וטעם ישא יגבה, או ישא ראש. ויפת אמר: ויהי איש ריב, כמו ואני תפלה."
            ], 
            "links": [
                {
                    "category": "Tanakh", 
                    "sourceHeRef": "חבקוק א׳:ג׳", 
                    "index_title": "Habakkuk", 
                    "sourceRef": "Habakkuk 1:3"
                }, 
                {
                    "category": "Tanakh", 
                    "sourceHeRef": "חבקוק א׳:ג׳", 
                    "index_title": "Habakkuk", 
                    "sourceRef": "Habakkuk 1:3"
                }
            ], 
            "text": ""
        }, 
        {
            "segmentNumber": "4", 
            "he": [
                "על, תפוג - כמו: ויפג לבו, כל זמן שאדם חי דופק לבו בקרבו ובשעה שאמרו לו: יוסף חי וידם לבו ולא דפק, כי נבהל כמו: אל תתני פוגת. והעד: ותחי רוח יעקב אביהם. ", 
                "וטעם תפוג – תורה תדם, כאילו אין דין תורה בעולם. ", 
                "מכתיר - סובב מגזרת כתר, שהוא עגול. ויפת אמר: כי רשע מכתיר עם הצדיק וזה שדבר הנביא על דבר נבוכדנצר, שהרג חסידים ועתה החל נבואתו."
            ], 
            "links": [
                {
                    "category": "Tanakh", 
                    "sourceHeRef": "חבקוק א׳:ד׳", 
                    "index_title": "Habakkuk", 
                    "sourceRef": "Habakkuk 1:4"
                }, 
                {
                    "category": "Tanakh", 
                    "sourceHeRef": "חבקוק א׳:ד׳", 
                    "index_title": "Habakkuk", 
                    "sourceRef": "Habakkuk 1:4"
                }, 
                {
                    "category": "Tanakh", 
                    "sourceHeRef": "חבקוק א׳:ד׳", 
                    "index_title": "Habakkuk", 
                    "sourceRef": "Habakkuk 1:4"
                }
            ], 
            "text": ""
        }, 
        {
            "segmentNumber": "5", 
            "he": [
                "ראו בגוים והביטו - אם שמעתם כזאת. ", 
                "והתמהו - מבנין התפעל והשלם והתתמהו, כי תמה שרשו. ", 
                "כי פועל פעל - השם בימיכם ואחר שידוע הוא שהוא פועל הכל, לא הזכירו."
            ], 
            "links": [
                {
                    "category": "Tanakh", 
                    "sourceHeRef": "חבקוק א׳:ה׳", 
                    "index_title": "Habakkuk", 
                    "sourceRef": "Habakkuk 1:5"
                }, 
                {
                    "category": "Tanakh", 
                    "sourceHeRef": "חבקוק א׳:ה׳", 
                    "index_title": "Habakkuk", 
                    "sourceRef": "Habakkuk 1:5"
                }, 
                {
                    "category": "Tanakh", 
                    "sourceHeRef": "חבקוק א׳:ה׳", 
                    "index_title": "Habakkuk", 
                    "sourceRef": "Habakkuk 1:5"
                }
            ], 
            "text": ""
        }, 
        {
            "segmentNumber": "6", 
            "he": [
                "כי, והנמהר - שאין לו מחשבת כהוגן, רק יעשה דברו במהירות וכמוהו ולבב נמהרים."
            ], 
            "links": [
                {
                    "category": "Tanakh", 
                    "sourceHeRef": "חבקוק א׳:ו׳", 
                    "index_title": "Habakkuk", 
                    "sourceRef": "Habakkuk 1:6"
                }
            ], 
            "text": ""
        }, 
        {
            "segmentNumber": "7", 
            "he": [
                "איום, ושאתו - מגזרת נשיאות."
            ], 
            "links": [
                {
                    "category": "Tanakh", 
                    "sourceHeRef": "חבקוק א׳:ז׳", 
                    "index_title": "Habakkuk", 
                    "sourceRef": "Habakkuk 1:7"
                }
            ], 
            "text": ""
        }, 
        {
            "segmentNumber": "8", 
            "he": [
                "וקלו, מזאבי ערב - בתחילת הערב יצאו לטרוף. ", 
                "ופשו - התפשטו. ויפת אמר: מגזרת תרגום ארמית. ואין לו טעם:"
            ], 
            "links": [
                {
                    "category": "Tanakh", 
                    "sourceHeRef": "חבקוק א׳:ח׳", 
                    "index_title": "Habakkuk", 
                    "sourceRef": "Habakkuk 1:8"
                }, 
                {
                    "category": "Tanakh", 
                    "sourceHeRef": "חבקוק א׳:ח׳", 
                    "index_title": "Habakkuk", 
                    "sourceRef": "Habakkuk 1:8"
                }
            ], 
            "text": ""
        }, 
        {
            "segmentNumber": "9", 
            "he": [
                "כלה - לעשות חמס יבא. ", 
                "ומלת מגמת – זרה. ויתכן היות: כמו: יגמא ארץ והנה הוא כמו נגד ונכח. ", 
                "ומלת קדימה – קשה, כי מפאת מזרחה בא, על כן הוצרך יפת להוסיף כ\"ף כקדימה כרוח קדים שהיא עזה ואין טענה מן הה\"א, כי הנה ישובו רשעים לשאולה ורבים אחרים."
            ], 
            "links": [
                {
                    "category": "Tanakh", 
                    "sourceHeRef": "חבקוק א׳:ט׳", 
                    "index_title": "Habakkuk", 
                    "sourceRef": "Habakkuk 1:9"
                }, 
                {
                    "category": "Tanakh", 
                    "sourceHeRef": "חבקוק א׳:ט׳", 
                    "index_title": "Habakkuk", 
                    "sourceRef": "Habakkuk 1:9"
                }, 
                {
                    "category": "Tanakh", 
                    "sourceHeRef": "חבקוק א׳:ט׳", 
                    "index_title": "Habakkuk", 
                    "sourceRef": "Habakkuk 1:9"
                }
            ], 
            "text": ""
        }, 
        {
            "segmentNumber": "10", 
            "he": [
                "והוא, יתקלס - מגזרת לעג וקלס וכמוהו לקלס אתנן.", 
                "ויצבר עפר - כאילו הוא צבר כל עפר הארץ, או הוא דרך משל: עפר יצבר ויקח כל מבצר:"
            ], 
            "links": [
                {
                    "category": "Tanakh", 
                    "sourceHeRef": "חבקוק א׳:י׳", 
                    "index_title": "Habakkuk", 
                    "sourceRef": "Habakkuk 1:10"
                }, 
                {
                    "category": "Tanakh", 
                    "sourceHeRef": "חבקוק א׳:י׳", 
                    "index_title": "Habakkuk", 
                    "sourceRef": "Habakkuk 1:10"
                }
            ], 
            "text": ""
        }, 
        {
            "segmentNumber": "11", 
            "he": [
                "אז חלף - כמו רוח בכל מקום, ועוד יעשה אשמה גדולה שיאמר זה כחו לאלהו ולא לשם, והזכיר לאלהו לשון יחיד דרך קלון, או הוא מנהג הלשון לומר, כל איש כרצונו אלהו או אלהיו, כי נהוג הוא."
            ], 
            "links": [
                {
                    "category": "Tanakh", 
                    "sourceHeRef": "חבקוק א׳:י״א", 
                    "index_title": "Habakkuk", 
                    "sourceRef": "Habakkuk 1:11"
                }
            ], 
            "text": ""
        }, 
        {
            "segmentNumber": "12", 
            "he": [
                "הלוא - אלה דברי הנביא מדבר על לשון ישראל, שהם בדור נבוכדנצר בעבור שהזכיר זו כחו לאלהו אמר הלא אתה מקדם מיום היות ישראל, אתה היית אלהיו ואתה קדושי לא אלוה אחר, אנו מבקשים שלא נמות מיד זה האכזר, כי ידענו כי אתה השלטתו לעשות משפט באנשי רשע ואתה צור להוכיח יסדתו, הטעם כפול."
            ], 
            "links": [
                {
                    "category": "Tanakh", 
                    "sourceHeRef": "חבקוק א׳:י״ב", 
                    "index_title": "Habakkuk", 
                    "sourceRef": "Habakkuk 1:12"
                }
            ], 
            "text": ""
        }, 
        {
            "segmentNumber": "13", 
            "he": [
                "טהור - הלא אתה טהור עינים שלא תראה ברע והבי\"ת חסר והוא כמו: ואל אראה ברעתי. ", 
                "והביט - שם הפועל. ", 
                "אל עמל לא תוכל - מדרך חכמתך ואמונתך כי לא תוכל לסבול מרוב קדושתך וחסידותיך דבר שהוא הפך לנגדך, וזה שאמר תביט אחרי כן, שאמר: והביט אל עמל לא תוכל כפי מחשבת בני אדם, שיתמהו איך תחריש על זה, כי אין בדרך האמת לבלע רשע צדיק ממנו ואם לא יהיה צדיק גמור, על כן כתב: על משמרתי אעמודה ואצפה לנקמתך ולישועתך אקוה."
            ], 
            "links": [
                {
                    "category": "Tanakh", 
                    "sourceHeRef": "חבקוק א׳:י״ג", 
                    "index_title": "Habakkuk", 
                    "sourceRef": "Habakkuk 1:13"
                }, 
                {
                    "category": "Tanakh", 
                    "sourceHeRef": "חבקוק א׳:י״ג", 
                    "index_title": "Habakkuk", 
                    "sourceRef": "Habakkuk 1:13"
                }, 
                {
                    "category": "Tanakh", 
                    "sourceHeRef": "חבקוק א׳:י״ג", 
                    "index_title": "Habakkuk", 
                    "sourceRef": "Habakkuk 1:13"
                }
            ], 
            "text": ""
        }, 
        {
            "segmentNumber": "14", 
            "he": [
                "ותעשה - הנה האדם בעבורו בראת זה העולם השפל, נחשב כדגי הים שהם מותרין לאכול וכל אחד בולע קטן ממנו. והנכון: שאין להם טעם."
            ], 
            "links": [
                {
                    "category": "Tanakh", 
                    "sourceHeRef": "חבקוק א׳:י״ד", 
                    "index_title": "Habakkuk", 
                    "sourceRef": "Habakkuk 1:14"
                }
            ], 
            "text": ""
        }, 
        {
            "segmentNumber": "15", 
            "he": [
                "כלה בחכה - כמו מכמורת. ", 
                "יגורהו - יקבצהו כמו: יתגוררו יסורו בי. ", 
                "וחרמו - כמו רשתו משטח חרמים. ", 
                "על כן ישמח - שיקח הכל בלי יגיעה, או חרמו כינוי אלילו."
            ], 
            "links": [
                {
                    "category": "Tanakh", 
                    "sourceHeRef": "חבקוק א׳:ט״ו", 
                    "index_title": "Habakkuk", 
                    "sourceRef": "Habakkuk 1:15"
                }, 
                {
                    "category": "Tanakh", 
                    "sourceHeRef": "חבקוק א׳:ט״ו", 
                    "index_title": "Habakkuk", 
                    "sourceRef": "Habakkuk 1:15"
                }, 
                {
                    "category": "Tanakh", 
                    "sourceHeRef": "חבקוק א׳:ט״ו", 
                    "index_title": "Habakkuk", 
                    "sourceRef": "Habakkuk 1:15"
                }, 
                {
                    "category": "Tanakh", 
                    "sourceHeRef": "חבקוק א׳:ט״ו", 
                    "index_title": "Habakkuk", 
                    "sourceRef": "Habakkuk 1:15"
                }
            ], 
            "text": ""
        }, 
        {
            "segmentNumber": "16", 
            "he": [
                "על כן יזבח לחרמו - מזלו או חילו אנשי כחו. ", 
                "ומאכלו - שה בריאה או אכילה."
            ], 
            "links": [
                {
                    "category": "Tanakh", 
                    "sourceHeRef": "חבקוק א׳:ט״ז", 
                    "index_title": "Habakkuk", 
                    "sourceRef": "Habakkuk 1:16"
                }, 
                {
                    "category": "Tanakh", 
                    "sourceHeRef": "חבקוק א׳:ט״ז", 
                    "index_title": "Habakkuk", 
                    "sourceRef": "Habakkuk 1:16"
                }
            ], 
            "text": ""
        }, 
        {
            "segmentNumber": "17", 
            "he": [
                "העל - הטעם איך יריק חרמו והוא יתן לו כל משמן, הטעם: כי לא תעלה הרשת שלו והפח שלו מן הארץ ריקנית."
            ], 
            "links": [
                {
                    "category": "Tanakh", 
                    "sourceHeRef": "חבקוק א׳:י״ז", 
                    "index_title": "Habakkuk", 
                    "sourceRef": "Habakkuk 1:17"
                }
            ], 
            "text": ""
        }
    ], 
    "book": "Ibn Ezra on Habakkuk", 
    "prev": null, 
    "textDepth": 3, 
    "sectionNames": [
        "Chapter", 
        "Verse", 
        "Comment"
    ], 
    "sections": [
        1
    ], 
    "commentator": "Ibn Ezra", 
    "isComplex": false, 
    "commentaryCategories": [
        "Tanakh", 
        "Prophets"
    ], 
    "titleVariants": [
        "Ibn Ezra on Havakkuk", 
        "Ibn Ezra on Habakuk", 
        "Ibn Ezra on Habakkuk", 
        "Ibn Ezra on Hab.", 
        "Ibn Ezra on Hab"
    ], 
    "categories": [
        "Commentary", 
        "Tanakh", 
        "Ibn Ezra"
    ], 
    "ref": "Ibn Ezra on Habakkuk 1", 
    "type": "Commentary", 
    "addressTypes": [
        "Integer", 
        "Integer", 
        "Integer"
    ], 
    "heCommentator": "אבן עזרא", 
    "length": 3, 
    "indexTitle": "Ibn Ezra on Habakkuk", 
    "heIndexTitle": "אבן עזרא על חבקוק", 
    "alts": [], 
    "order": [
        22, 
        17
    ]
}