{
    "sections": {
        "Tosafot on Yevamot 103b:39": {
            "content": [], 
            "heTitle": "תוספות על יבמות ק״ג ב:ל״ט", 
            "indexTitle": "Tosafot on Yevamot", 
            "sectionRef": "Tosafot on Yevamot 103b:39", 
            "prev": "Tosafot on Yevamot 103b:38", 
            "ref": "Tosafot on Yevamot 103b:39", 
            "heRef": "תוספות על יבמות ק״ג ב:ל״ט", 
            "next": "Tosafot on Yevamot 103b:42"
        }, 
        "Tosafot on Yevamot 103b:38": {
            "content": [
                {
                    "segmentNumber": "1", 
                    "links": [
                        {
                            "category": "Talmud", 
                            "index_title": "Yevamot", 
                            "sourceHeRef": "יבמות ק״ג ב:ל״ח", 
                            "sourceRef": "Yevamot 103b:38"
                        }
                    ], 
                    "he": "מטמא מאחוריו - פי' אם נגע בנגע מאחוריו של בית ומיהו מספקא לר\"י בבית מוסגר אם נגע בנגע שמתוכו בלא ביאה אי חשיב כאחוריו דמוחלט דמטמא בנגיעה או שמא גרע ומתוכו דמוסגר היינו שנכנס כולו לבית כדפירש בקונטרס ובת\"כ דריש כנגע נראה לי בבית מתוכו מטמא ואין מטמא מאחוריו והאי קרא במוסגר כתיב משמע שדורש דנגע הנולד בתוך הבית מטמא ולא הנולד מאחוריו:"
                }
            ], 
            "heTitle": "תוספות על יבמות ק״ג ב:ל״ח", 
            "indexTitle": "Tosafot on Yevamot", 
            "sectionRef": "Tosafot on Yevamot 103b:38", 
            "prev": "Tosafot on Yevamot 103b:13", 
            "ref": "Tosafot on Yevamot 103b:38", 
            "heRef": "תוספות על יבמות ק״ג ב:ל״ח", 
            "next": "Tosafot on Yevamot 103b:42"
        }, 
        "Tosafot on Yevamot 103b:37": {
            "content": [], 
            "heTitle": "תוספות על יבמות ק״ג ב:ל״ז", 
            "indexTitle": "Tosafot on Yevamot", 
            "sectionRef": "Tosafot on Yevamot 103b:37", 
            "prev": "Tosafot on Yevamot 103b:13", 
            "ref": "Tosafot on Yevamot 103b:37", 
            "heRef": "תוספות על יבמות ק״ג ב:ל״ז", 
            "next": "Tosafot on Yevamot 103b:38"
        }, 
        "Tosafot on Yevamot 103b:36": {
            "content": [], 
            "heTitle": "תוספות על יבמות ק״ג ב:ל״ו", 
            "indexTitle": "Tosafot on Yevamot", 
            "sectionRef": "Tosafot on Yevamot 103b:36", 
            "prev": "Tosafot on Yevamot 103b:13", 
            "ref": "Tosafot on Yevamot 103b:36", 
            "heRef": "תוספות על יבמות ק״ג ב:ל״ו", 
            "next": "Tosafot on Yevamot 103b:38"
        }, 
        "Tosafot on Yevamot 103b:35": {
            "content": [], 
            "heTitle": "תוספות על יבמות ק״ג ב:ל״ה", 
            "indexTitle": "Tosafot on Yevamot", 
            "sectionRef": "Tosafot on Yevamot 103b:35", 
            "prev": "Tosafot on Yevamot 103b:13", 
            "ref": "Tosafot on Yevamot 103b:35", 
            "heRef": "תוספות על יבמות ק״ג ב:ל״ה", 
            "next": "Tosafot on Yevamot 103b:38"
        }, 
        "Tosafot on Yevamot 103b:34": {
            "content": [], 
            "heTitle": "תוספות על יבמות ק״ג ב:ל״ד", 
            "indexTitle": "Tosafot on Yevamot", 
            "sectionRef": "Tosafot on Yevamot 103b:34", 
            "prev": "Tosafot on Yevamot 103b:13", 
            "ref": "Tosafot on Yevamot 103b:34", 
            "heRef": "תוספות על יבמות ק״ג ב:ל״ד", 
            "next": "Tosafot on Yevamot 103b:38"
        }, 
        "Tosafot on Yevamot 103b:33": {
            "content": [], 
            "heTitle": "תוספות על יבמות ק״ג ב:ל״ג", 
            "indexTitle": "Tosafot on Yevamot", 
            "sectionRef": "Tosafot on Yevamot 103b:33", 
            "prev": "Tosafot on Yevamot 103b:13", 
            "ref": "Tosafot on Yevamot 103b:33", 
            "heRef": "תוספות על יבמות ק״ג ב:ל״ג", 
            "next": "Tosafot on Yevamot 103b:38"
        }, 
        "Tosafot on Yevamot 103b:32": {
            "content": [], 
            "heTitle": "תוספות על יבמות ק״ג ב:ל״ב", 
            "indexTitle": "Tosafot on Yevamot", 
            "sectionRef": "Tosafot on Yevamot 103b:32", 
            "prev": "Tosafot on Yevamot 103b:13", 
            "ref": "Tosafot on Yevamot 103b:32", 
            "heRef": "תוספות על יבמות ק״ג ב:ל״ב", 
            "next": "Tosafot on Yevamot 103b:38"
        }, 
        "Tosafot on Yevamot 103b:31": {
            "content": [], 
            "heTitle": "תוספות על יבמות ק״ג ב:ל״א", 
            "indexTitle": "Tosafot on Yevamot", 
            "sectionRef": "Tosafot on Yevamot 103b:31", 
            "prev": "Tosafot on Yevamot 103b:13", 
            "ref": "Tosafot on Yevamot 103b:31", 
            "heRef": "תוספות על יבמות ק״ג ב:ל״א", 
            "next": "Tosafot on Yevamot 103b:38"
        }, 
        "Tosafot on Yevamot 103b:30": {
            "content": [], 
            "heTitle": "תוספות על יבמות ק״ג ב:ל׳", 
            "indexTitle": "Tosafot on Yevamot", 
            "sectionRef": "Tosafot on Yevamot 103b:30", 
            "prev": "Tosafot on Yevamot 103b:13", 
            "ref": "Tosafot on Yevamot 103b:30", 
            "heRef": "תוספות על יבמות ק״ג ב:ל׳", 
            "next": "Tosafot on Yevamot 103b:38"
        }, 
        "Tosafot on Yevamot 103b:15": {
            "content": [], 
            "heTitle": "תוספות על יבמות ק״ג ב:ט״ו", 
            "indexTitle": "Tosafot on Yevamot", 
            "sectionRef": "Tosafot on Yevamot 103b:15", 
            "prev": "Tosafot on Yevamot 103b:13", 
            "ref": "Tosafot on Yevamot 103b:15", 
            "heRef": "תוספות על יבמות ק״ג ב:ט״ו", 
            "next": "Tosafot on Yevamot 103b:38"
        }, 
        "Tosafot on Yevamot 103b:14": {
            "content": [], 
            "heTitle": "תוספות על יבמות ק״ג ב:י״ד", 
            "indexTitle": "Tosafot on Yevamot", 
            "sectionRef": "Tosafot on Yevamot 103b:14", 
            "prev": "Tosafot on Yevamot 103b:13", 
            "ref": "Tosafot on Yevamot 103b:14", 
            "heRef": "תוספות על יבמות ק״ג ב:י״ד", 
            "next": "Tosafot on Yevamot 103b:38"
        }, 
        "Tosafot on Yevamot 103b:17": {
            "content": [], 
            "heTitle": "תוספות על יבמות ק״ג ב:י״ז", 
            "indexTitle": "Tosafot on Yevamot", 
            "sectionRef": "Tosafot on Yevamot 103b:17", 
            "prev": "Tosafot on Yevamot 103b:13", 
            "ref": "Tosafot on Yevamot 103b:17", 
            "heRef": "תוספות על יבמות ק״ג ב:י״ז", 
            "next": "Tosafot on Yevamot 103b:38"
        }, 
        "Tosafot on Yevamot 103b:16": {
            "content": [], 
            "heTitle": "תוספות על יבמות ק״ג ב:ט״ז", 
            "indexTitle": "Tosafot on Yevamot", 
            "sectionRef": "Tosafot on Yevamot 103b:16", 
            "prev": "Tosafot on Yevamot 103b:13", 
            "ref": "Tosafot on Yevamot 103b:16", 
            "heRef": "תוספות על יבמות ק״ג ב:ט״ז", 
            "next": "Tosafot on Yevamot 103b:38"
        }, 
        "Tosafot on Yevamot 103b:11": {
            "content": [], 
            "heTitle": "תוספות על יבמות ק״ג ב:י״א", 
            "indexTitle": "Tosafot on Yevamot", 
            "sectionRef": "Tosafot on Yevamot 103b:11", 
            "prev": "Tosafot on Yevamot 103a:54", 
            "ref": "Tosafot on Yevamot 103b:11", 
            "heRef": "תוספות על יבמות ק״ג ב:י״א", 
            "next": "Tosafot on Yevamot 103b:12"
        }, 
        "Tosafot on Yevamot 103b:10": {
            "content": [], 
            "heTitle": "תוספות על יבמות ק״ג ב:י׳", 
            "indexTitle": "Tosafot on Yevamot", 
            "sectionRef": "Tosafot on Yevamot 103b:10", 
            "prev": "Tosafot on Yevamot 103a:54", 
            "ref": "Tosafot on Yevamot 103b:10", 
            "heRef": "תוספות על יבמות ק״ג ב:י׳", 
            "next": "Tosafot on Yevamot 103b:12"
        }, 
        "Tosafot on Yevamot 103b:13": {
            "content": [
                {
                    "segmentNumber": "1", 
                    "links": [
                        {
                            "category": "Talmud", 
                            "index_title": "Yevamot", 
                            "sourceHeRef": "יבמות ק״ג ב:י״ג", 
                            "sourceRef": "Yevamot 103b:13"
                        }
                    ], 
                    "he": "שאין חופה את רוב הרגל - אבל הכא לא סגי בשמיטת רוב עקב דאין קרוי מנעל אלא כשחופה רוב הרגל אבל לענין חליצה סגי בשמיטת רוב העקב כדאמר לעיל (דף קב.) דחשיב שפיר גילוי כרעיה בהכי:"
                }, 
                {
                    "segmentNumber": "2", 
                    "links": [
                        {
                            "category": "Talmud", 
                            "index_title": "Yevamot", 
                            "sourceHeRef": "יבמות ק״ג ב:י״ג", 
                            "sourceRef": "Yevamot 103b:13"
                        }
                    ], 
                    "he": "המסוליים - שם סנדל אחד כן דאמר בירושלמי ר' יהושע בן לוי נפק בסולייא בלילי צומא רבה ואמרינן נמי (מדרש רבה ש\"ה) מה שעשתה חכמה עטרה לראשה עשתה ענוה עקב לסולייתא דכתיב ראשית חכמה יראת ה' וכתיב עקב ענוה יראת ה' וגו' והא דאמר במדרש (שם) ג' דברים שקולים זה כזה חכמה יראה ענוה אר\"י דשקולים היינו דהא בלא הא לא סגי אבל ענוה גדולה מכולן:"
                }
            ], 
            "heTitle": "תוספות על יבמות ק״ג ב:י״ג", 
            "indexTitle": "Tosafot on Yevamot", 
            "sectionRef": "Tosafot on Yevamot 103b:13", 
            "prev": "Tosafot on Yevamot 103b:12", 
            "ref": "Tosafot on Yevamot 103b:13", 
            "heRef": "תוספות על יבמות ק״ג ב:י״ג", 
            "next": "Tosafot on Yevamot 103b:38"
        }, 
        "Tosafot on Yevamot 103b:12": {
            "content": [
                {
                    "segmentNumber": "1", 
                    "links": [
                        {
                            "category": "Talmud", 
                            "index_title": "Yevamot", 
                            "sourceHeRef": "יבמות ק״ג ב:י״ב", 
                            "sourceRef": "Yevamot 103b:12"
                        }
                    ], 
                    "he": "ת\"ל נעל מ\"מ - אע\"ג דדרשינן ליה לעיל דלא נימא תחש אין מידי אחרינא לא שקולים הם ויבואו שניהם וא\"ת והיכי דרשינן הנך דרשות מנעל הא איצטריך לגופיה שצריך לקרוא חלוץ הנעל ויש לומר דדרשינן שפיר ממה שצריך לקרות דה\"נ דרשינן במתניתין (לקמן דף קד:) מככה עיכובא אע\"ג שהוא עיקר קריאה:"
                }
            ], 
            "heTitle": "תוספות על יבמות ק״ג ב:י״ב", 
            "indexTitle": "Tosafot on Yevamot", 
            "sectionRef": "Tosafot on Yevamot 103b:12", 
            "prev": "Tosafot on Yevamot 103a:54", 
            "ref": "Tosafot on Yevamot 103b:12", 
            "heRef": "תוספות על יבמות ק״ג ב:י״ב", 
            "next": "Tosafot on Yevamot 103b:13"
        }, 
        "Tosafot on Yevamot 103b:51": {
            "content": [], 
            "heTitle": "תוספות על יבמות ק״ג ב:נ״א", 
            "indexTitle": "Tosafot on Yevamot", 
            "sectionRef": "Tosafot on Yevamot 103b:51", 
            "prev": "Tosafot on Yevamot 103b:42", 
            "ref": "Tosafot on Yevamot 103b:51", 
            "heRef": "תוספות על יבמות ק״ג ב:נ״א", 
            "next": "Tosafot on Yevamot 103b:53"
        }, 
        "Tosafot on Yevamot 103b:50": {
            "content": [], 
            "heTitle": "תוספות על יבמות ק״ג ב:נ׳", 
            "indexTitle": "Tosafot on Yevamot", 
            "sectionRef": "Tosafot on Yevamot 103b:50", 
            "prev": "Tosafot on Yevamot 103b:42", 
            "ref": "Tosafot on Yevamot 103b:50", 
            "heRef": "תוספות על יבמות ק״ג ב:נ׳", 
            "next": "Tosafot on Yevamot 103b:53"
        }, 
        "Tosafot on Yevamot 103b:53": {
            "content": [
                {
                    "segmentNumber": "1", 
                    "links": [
                        {
                            "category": "Talmud", 
                            "index_title": "Yevamot", 
                            "sourceHeRef": "יבמות ק״ג ב:נ״ג", 
                            "sourceRef": "Yevamot 103b:53"
                        }, 
                        {
                            "category": "Talmud", 
                            "index_title": "Sukkah", 
                            "sourceHeRef": "סוכה ל״א ב", 
                            "sourceRef": "Sukkah 31b"
                        }, 
                        {
                            "category": "Talmud", 
                            "index_title": "Chullin", 
                            "sourceHeRef": "חולין פ״ט א", 
                            "sourceRef": "Chullin 89a"
                        }
                    ], 
                    "he": "סנדל של עבודת כוכבים לא תחלוץ - פי' בקונט' דמיירי בעבודת כוכבים של עובד כוכבים וקודם ביטול דכיון דראוי לבטל לא מכתת שיעוריה אף על פי שלא נתבטל עדיין וכן פי' בפ' ראוהו ב\"ד (ר\"ה כח.) גבי שופר של עבודת כוכבים לא יתקע ואם תקע יצא ותימה דאמרי' בסוף פרק כסוי הדם (חולין פט. ושם) שופר של עבודת כוכבים לא יתקע בו ואם תקע לא יצא ומפרש התם משום דעבודת כוכבים כתותי מכתת שיעוריה וי\"ל דהתם בעבודת כוכבים של ישראל דלא סגי לה בבטול דכי האי גוונא משני בפרק לולב הגזול (סוכה לא: ושם) אהא דאמר רבא לולב של עבודת כוכבים לא יטול ואם נטל יצא ופריך ממתני' דלולב של אשרה פסול ומשני באשרה של משה וא\"ת אי בעבודת כוכבים של ישראל מאי קאמר דמכתת שיעוריה והא טעונה גניזה דמפיק לה בפ' רבי ישמעאל (ע\"ז דף נב:) מושם בסתר וי\"ל כיון דטעונה גניזה אין כתותי שיעור גדול מזה א\"נ בעבודת כוכבים של עובד כוכבים שעבדה לדעת ישראל שטעונה שריפה וא\"ת ובעבודת כוכבים דעובד כוכבים מכי אגבה הויא דישראל כדאמר בפרק כל הצלמים (שם דף מב.) גזירה דלמא מגבה לה והדר מבטל לה וי\"ל כגון שהגביה השופר והסנדל על מנת שלא לקנותו דהא תנן (לעיל דף קא.) במנעל שאינו שלו חליצתה כשירה ולולב איירי ביו\"ט שני ובסוכה הוה מצי לשנויי דאיירי ביו\"ט ראשון ולא הוה צריך לאוקומי באשרה דמשה אלא משום דקתני אשרה דומיא דעיר הנדחת דאפילו ביו\"ט שני והא דנקט בסנדל של תקרובת עבודת כוכבים חליצתה פסולה הוה מצי למנקט סנדל עבודת כוכבים של ישראל אלא ניחא ליה למנקט כוליה מילתא בעבודת כוכבים של עובד כוכבים ור\"ת מפרש דכולהו בעבודת כוכבים דעובד כוכבים והכא לאחר ביטול והתם קודם ביטול ולאחר ביטול נמי לכתחלה לא יתקע ולא יחלוץ דמאיס לענין מצוה לפי שהיה עליו שם עבודת כוכבים אפילו אם תמצא לומר דשרי לכסות בעפר של עבודת כוכבים לכתחילה כמו בשל עיר הנדחת לא דמיא כסוי לחליצה דלענין כסוי לא חיישי' למיאוס והא דמשני בסוכה מתני' באשרה דמשה ולא משני בדעובד כוכבים וקודם בטול משום דאפילו נקצץ לולב מן הדקל נתבטל והא דקתני בסוף פ' כסוי הדם (חולין דף פט. ושם) דלולב של עבודת כוכבים אם נטל לא יצא איירי שהלולב בעצמו (של) עבודת כוכבים אבל לולב של אשרה משמע שנלקט מן האשרה והכי הוי מצי למנקט בסמוך דאם חלצה קודם בטול פסול וליפלוגי בשל עבודת כוכבים עצמה אלא אגב אורחיה אתא לאשמועינן דתקרובת עבודת כוכבים אינה בטילה עולמית ואם תאמר כיון דבבטלה איירי רבא מאי קמבעיא ליה לר\"ל בפרק כל הצלמים (ע\"ז מז.) דקל של עבודת כוכבים שבטלו לולבו מהו למצוה תפשוט מדרבא דסוכה לכתחלה לא יטול ואם נטל יצא וי\"ל דלרבא פשיטא ליה ולריש לקיש מיבעיא ליה אע\"ג דפשיטא ליה התם מר' יוחנן רביה מכל מקום מדרבא לא בעי למפשט: "
                }
            ], 
            "heTitle": "תוספות על יבמות ק״ג ב:נ״ג", 
            "indexTitle": "Tosafot on Yevamot", 
            "sectionRef": "Tosafot on Yevamot 103b:53", 
            "prev": "Tosafot on Yevamot 103b:42", 
            "ref": "Tosafot on Yevamot 103b:53", 
            "heRef": "תוספות על יבמות ק״ג ב:נ״ג", 
            "next": "Tosafot on Yevamot 104a:12"
        }, 
        "Tosafot on Yevamot 103b:52": {
            "content": [], 
            "heTitle": "תוספות על יבמות ק״ג ב:נ״ב", 
            "indexTitle": "Tosafot on Yevamot", 
            "sectionRef": "Tosafot on Yevamot 103b:52", 
            "prev": "Tosafot on Yevamot 103b:42", 
            "ref": "Tosafot on Yevamot 103b:52", 
            "heRef": "תוספות על יבמות ק״ג ב:נ״ב", 
            "next": "Tosafot on Yevamot 103b:53"
        }, 
        "Tosafot on Yevamot 103b:19": {
            "content": [], 
            "heTitle": "תוספות על יבמות ק״ג ב:י״ט", 
            "indexTitle": "Tosafot on Yevamot", 
            "sectionRef": "Tosafot on Yevamot 103b:19", 
            "prev": "Tosafot on Yevamot 103b:13", 
            "ref": "Tosafot on Yevamot 103b:19", 
            "heRef": "תוספות על יבמות ק״ג ב:י״ט", 
            "next": "Tosafot on Yevamot 103b:38"
        }, 
        "Tosafot on Yevamot 103b:18": {
            "content": [], 
            "heTitle": "תוספות על יבמות ק״ג ב:י״ח", 
            "indexTitle": "Tosafot on Yevamot", 
            "sectionRef": "Tosafot on Yevamot 103b:18", 
            "prev": "Tosafot on Yevamot 103b:13", 
            "ref": "Tosafot on Yevamot 103b:18", 
            "heRef": "תוספות על יבמות ק״ג ב:י״ח", 
            "next": "Tosafot on Yevamot 103b:38"
        }, 
        "Tosafot on Yevamot 103b:28": {
            "content": [], 
            "heTitle": "תוספות על יבמות ק״ג ב:כ״ח", 
            "indexTitle": "Tosafot on Yevamot", 
            "sectionRef": "Tosafot on Yevamot 103b:28", 
            "prev": "Tosafot on Yevamot 103b:13", 
            "ref": "Tosafot on Yevamot 103b:28", 
            "heRef": "תוספות על יבמות ק״ג ב:כ״ח", 
            "next": "Tosafot on Yevamot 103b:38"
        }, 
        "Tosafot on Yevamot 103b:29": {
            "content": [], 
            "heTitle": "תוספות על יבמות ק״ג ב:כ״ט", 
            "indexTitle": "Tosafot on Yevamot", 
            "sectionRef": "Tosafot on Yevamot 103b:29", 
            "prev": "Tosafot on Yevamot 103b:13", 
            "ref": "Tosafot on Yevamot 103b:29", 
            "heRef": "תוספות על יבמות ק״ג ב:כ״ט", 
            "next": "Tosafot on Yevamot 103b:38"
        }, 
        "Tosafot on Yevamot 103b:20": {
            "content": [], 
            "heTitle": "תוספות על יבמות ק״ג ב:כ׳", 
            "indexTitle": "Tosafot on Yevamot", 
            "sectionRef": "Tosafot on Yevamot 103b:20", 
            "prev": "Tosafot on Yevamot 103b:13", 
            "ref": "Tosafot on Yevamot 103b:20", 
            "heRef": "תוספות על יבמות ק״ג ב:כ׳", 
            "next": "Tosafot on Yevamot 103b:38"
        }, 
        "Tosafot on Yevamot 103b:21": {
            "content": [], 
            "heTitle": "תוספות על יבמות ק״ג ב:כ״א", 
            "indexTitle": "Tosafot on Yevamot", 
            "sectionRef": "Tosafot on Yevamot 103b:21", 
            "prev": "Tosafot on Yevamot 103b:13", 
            "ref": "Tosafot on Yevamot 103b:21", 
            "heRef": "תוספות על יבמות ק״ג ב:כ״א", 
            "next": "Tosafot on Yevamot 103b:38"
        }, 
        "Tosafot on Yevamot 103b:22": {
            "content": [], 
            "heTitle": "תוספות על יבמות ק״ג ב:כ״ב", 
            "indexTitle": "Tosafot on Yevamot", 
            "sectionRef": "Tosafot on Yevamot 103b:22", 
            "prev": "Tosafot on Yevamot 103b:13", 
            "ref": "Tosafot on Yevamot 103b:22", 
            "heRef": "תוספות על יבמות ק״ג ב:כ״ב", 
            "next": "Tosafot on Yevamot 103b:38"
        }, 
        "Tosafot on Yevamot 103b:23": {
            "content": [], 
            "heTitle": "תוספות על יבמות ק״ג ב:כ״ג", 
            "indexTitle": "Tosafot on Yevamot", 
            "sectionRef": "Tosafot on Yevamot 103b:23", 
            "prev": "Tosafot on Yevamot 103b:13", 
            "ref": "Tosafot on Yevamot 103b:23", 
            "heRef": "תוספות על יבמות ק״ג ב:כ״ג", 
            "next": "Tosafot on Yevamot 103b:38"
        }, 
        "Tosafot on Yevamot 103b:24": {
            "content": [], 
            "heTitle": "תוספות על יבמות ק״ג ב:כ״ד", 
            "indexTitle": "Tosafot on Yevamot", 
            "sectionRef": "Tosafot on Yevamot 103b:24", 
            "prev": "Tosafot on Yevamot 103b:13", 
            "ref": "Tosafot on Yevamot 103b:24", 
            "heRef": "תוספות על יבמות ק״ג ב:כ״ד", 
            "next": "Tosafot on Yevamot 103b:38"
        }, 
        "Tosafot on Yevamot 103b:25": {
            "content": [], 
            "heTitle": "תוספות על יבמות ק״ג ב:כ״ה", 
            "indexTitle": "Tosafot on Yevamot", 
            "sectionRef": "Tosafot on Yevamot 103b:25", 
            "prev": "Tosafot on Yevamot 103b:13", 
            "ref": "Tosafot on Yevamot 103b:25", 
            "heRef": "תוספות על יבמות ק״ג ב:כ״ה", 
            "next": "Tosafot on Yevamot 103b:38"
        }, 
        "Tosafot on Yevamot 103b:26": {
            "content": [], 
            "heTitle": "תוספות על יבמות ק״ג ב:כ״ו", 
            "indexTitle": "Tosafot on Yevamot", 
            "sectionRef": "Tosafot on Yevamot 103b:26", 
            "prev": "Tosafot on Yevamot 103b:13", 
            "ref": "Tosafot on Yevamot 103b:26", 
            "heRef": "תוספות על יבמות ק״ג ב:כ״ו", 
            "next": "Tosafot on Yevamot 103b:38"
        }, 
        "Tosafot on Yevamot 103b:27": {
            "content": [], 
            "heTitle": "תוספות על יבמות ק״ג ב:כ״ז", 
            "indexTitle": "Tosafot on Yevamot", 
            "sectionRef": "Tosafot on Yevamot 103b:27", 
            "prev": "Tosafot on Yevamot 103b:13", 
            "ref": "Tosafot on Yevamot 103b:27", 
            "heRef": "תוספות על יבמות ק״ג ב:כ״ז", 
            "next": "Tosafot on Yevamot 103b:38"
        }, 
        "Tosafot on Yevamot 103b:9": {
            "content": [], 
            "heTitle": "תוספות על יבמות ק״ג ב:ט׳", 
            "indexTitle": "Tosafot on Yevamot", 
            "sectionRef": "Tosafot on Yevamot 103b:9", 
            "prev": "Tosafot on Yevamot 103a:54", 
            "ref": "Tosafot on Yevamot 103b:9", 
            "heRef": "תוספות על יבמות ק״ג ב:ט׳", 
            "next": "Tosafot on Yevamot 103b:12"
        }, 
        "Tosafot on Yevamot 103b:8": {
            "content": [], 
            "heTitle": "תוספות על יבמות ק״ג ב:ח׳", 
            "indexTitle": "Tosafot on Yevamot", 
            "sectionRef": "Tosafot on Yevamot 103b:8", 
            "prev": "Tosafot on Yevamot 103a:54", 
            "ref": "Tosafot on Yevamot 103b:8", 
            "heRef": "תוספות על יבמות ק״ג ב:ח׳", 
            "next": "Tosafot on Yevamot 103b:12"
        }, 
        "Tosafot on Yevamot 103b:5": {
            "content": [], 
            "heTitle": "תוספות על יבמות ק״ג ב:ה׳", 
            "indexTitle": "Tosafot on Yevamot", 
            "sectionRef": "Tosafot on Yevamot 103b:5", 
            "prev": "Tosafot on Yevamot 103a:54", 
            "ref": "Tosafot on Yevamot 103b:5", 
            "heRef": "תוספות על יבמות ק״ג ב:ה׳", 
            "next": "Tosafot on Yevamot 103b:12"
        }, 
        "Tosafot on Yevamot 103b:4": {
            "content": [], 
            "heTitle": "תוספות על יבמות ק״ג ב:ד׳", 
            "indexTitle": "Tosafot on Yevamot", 
            "sectionRef": "Tosafot on Yevamot 103b:4", 
            "prev": "Tosafot on Yevamot 103a:54", 
            "ref": "Tosafot on Yevamot 103b:4", 
            "heRef": "תוספות על יבמות ק״ג ב:ד׳", 
            "next": "Tosafot on Yevamot 103b:12"
        }, 
        "Tosafot on Yevamot 103b:7": {
            "content": [], 
            "heTitle": "תוספות על יבמות ק״ג ב:ז׳", 
            "indexTitle": "Tosafot on Yevamot", 
            "sectionRef": "Tosafot on Yevamot 103b:7", 
            "prev": "Tosafot on Yevamot 103a:54", 
            "ref": "Tosafot on Yevamot 103b:7", 
            "heRef": "תוספות על יבמות ק״ג ב:ז׳", 
            "next": "Tosafot on Yevamot 103b:12"
        }, 
        "Tosafot on Yevamot 103b:6": {
            "content": [], 
            "heTitle": "תוספות על יבמות ק״ג ב:ו׳", 
            "indexTitle": "Tosafot on Yevamot", 
            "sectionRef": "Tosafot on Yevamot 103b:6", 
            "prev": "Tosafot on Yevamot 103a:54", 
            "ref": "Tosafot on Yevamot 103b:6", 
            "heRef": "תוספות על יבמות ק״ג ב:ו׳", 
            "next": "Tosafot on Yevamot 103b:12"
        }, 
        "Tosafot on Yevamot 103b:1": {
            "content": [], 
            "heTitle": "תוספות על יבמות ק״ג ב:א׳", 
            "indexTitle": "Tosafot on Yevamot", 
            "sectionRef": "Tosafot on Yevamot 103b:1", 
            "prev": "Tosafot on Yevamot 103a:54", 
            "ref": "Tosafot on Yevamot 103b:1", 
            "heRef": "תוספות על יבמות ק״ג ב:א׳", 
            "next": "Tosafot on Yevamot 103b:12"
        }, 
        "Tosafot on Yevamot 103b:3": {
            "content": [], 
            "heTitle": "תוספות על יבמות ק״ג ב:ג׳", 
            "indexTitle": "Tosafot on Yevamot", 
            "sectionRef": "Tosafot on Yevamot 103b:3", 
            "prev": "Tosafot on Yevamot 103a:54", 
            "ref": "Tosafot on Yevamot 103b:3", 
            "heRef": "תוספות על יבמות ק״ג ב:ג׳", 
            "next": "Tosafot on Yevamot 103b:12"
        }, 
        "Tosafot on Yevamot 103b:2": {
            "content": [], 
            "heTitle": "תוספות על יבמות ק״ג ב:ב׳", 
            "indexTitle": "Tosafot on Yevamot", 
            "sectionRef": "Tosafot on Yevamot 103b:2", 
            "prev": "Tosafot on Yevamot 103a:54", 
            "ref": "Tosafot on Yevamot 103b:2", 
            "heRef": "תוספות על יבמות ק״ג ב:ב׳", 
            "next": "Tosafot on Yevamot 103b:12"
        }, 
        "Tosafot on Yevamot 103b:48": {
            "content": [], 
            "heTitle": "תוספות על יבמות ק״ג ב:מ״ח", 
            "indexTitle": "Tosafot on Yevamot", 
            "sectionRef": "Tosafot on Yevamot 103b:48", 
            "prev": "Tosafot on Yevamot 103b:42", 
            "ref": "Tosafot on Yevamot 103b:48", 
            "heRef": "תוספות על יבמות ק״ג ב:מ״ח", 
            "next": "Tosafot on Yevamot 103b:53"
        }, 
        "Tosafot on Yevamot 103b:49": {
            "content": [], 
            "heTitle": "תוספות על יבמות ק״ג ב:מ״ט", 
            "indexTitle": "Tosafot on Yevamot", 
            "sectionRef": "Tosafot on Yevamot 103b:49", 
            "prev": "Tosafot on Yevamot 103b:42", 
            "ref": "Tosafot on Yevamot 103b:49", 
            "heRef": "תוספות על יבמות ק״ג ב:מ״ט", 
            "next": "Tosafot on Yevamot 103b:53"
        }, 
        "Tosafot on Yevamot 103b:42": {
            "content": [
                {
                    "segmentNumber": "1", 
                    "links": [
                        {
                            "category": "Talmud", 
                            "index_title": "Yevamot", 
                            "sourceHeRef": "יבמות ק״ג ב:מ״ב", 
                            "sourceRef": "Yevamot 103b:42"
                        }
                    ], 
                    "he": "כיון שנכנס רובו לבית טהור טמאתו - אמר ר\"י אע\"פ שלא ישב שם אלא שהכניסה והוציאה טמא ואע\"ג דתנן ומייתינן לה בפרק קמא דקידושין (דף לג:) טמא עובר תחת האילן וטהור יושב טהור היינו דוקא גבי אילן שאין שם מחיצות בעינן שיהא יושב כדכתיב בדד ישב אבל בבית דאיכא מחיצות כאילו יושב תחתיו הטמא ומטמא הבית ואם תאמר דהכא משמע דמצורע מטמא באוהל ובריש מסכת כלים (פ\"א מ\"ד) אמר למעלה מהן מת שמטמא באהל מה שאין כולן מטמאין והתם לעיל חשיב מצורע בהדייהו ואמר רבינו יהודה דמ\"מ מת חמור דאפילו עובר תחת האילן מטמא באהל כל מה שתחת האילן ועוד דמת חמור שמטמא אפי' מה שבבית אחר אם יש בו חלון פותח טפח מה שאין כן במצורע דאין מטמא אלא בבית שנכנס בו דכתיב והבא אל הבית:"
                }
            ], 
            "heTitle": "תוספות על יבמות ק״ג ב:מ״ב", 
            "indexTitle": "Tosafot on Yevamot", 
            "sectionRef": "Tosafot on Yevamot 103b:42", 
            "prev": "Tosafot on Yevamot 103b:38", 
            "ref": "Tosafot on Yevamot 103b:42", 
            "heRef": "תוספות על יבמות ק״ג ב:מ״ב", 
            "next": "Tosafot on Yevamot 103b:53"
        }, 
        "Tosafot on Yevamot 103b:43": {
            "content": [], 
            "heTitle": "תוספות על יבמות ק״ג ב:מ״ג", 
            "indexTitle": "Tosafot on Yevamot", 
            "sectionRef": "Tosafot on Yevamot 103b:43", 
            "prev": "Tosafot on Yevamot 103b:42", 
            "ref": "Tosafot on Yevamot 103b:43", 
            "heRef": "תוספות על יבמות ק״ג ב:מ״ג", 
            "next": "Tosafot on Yevamot 103b:53"
        }, 
        "Tosafot on Yevamot 103b:40": {
            "content": [], 
            "heTitle": "תוספות על יבמות ק״ג ב:מ׳", 
            "indexTitle": "Tosafot on Yevamot", 
            "sectionRef": "Tosafot on Yevamot 103b:40", 
            "prev": "Tosafot on Yevamot 103b:38", 
            "ref": "Tosafot on Yevamot 103b:40", 
            "heRef": "תוספות על יבמות ק״ג ב:מ׳", 
            "next": "Tosafot on Yevamot 103b:42"
        }, 
        "Tosafot on Yevamot 103b:41": {
            "content": [], 
            "heTitle": "תוספות על יבמות ק״ג ב:מ״א", 
            "indexTitle": "Tosafot on Yevamot", 
            "sectionRef": "Tosafot on Yevamot 103b:41", 
            "prev": "Tosafot on Yevamot 103b:38", 
            "ref": "Tosafot on Yevamot 103b:41", 
            "heRef": "תוספות על יבמות ק״ג ב:מ״א", 
            "next": "Tosafot on Yevamot 103b:42"
        }, 
        "Tosafot on Yevamot 103b:46": {
            "content": [], 
            "heTitle": "תוספות על יבמות ק״ג ב:מ״ו", 
            "indexTitle": "Tosafot on Yevamot", 
            "sectionRef": "Tosafot on Yevamot 103b:46", 
            "prev": "Tosafot on Yevamot 103b:42", 
            "ref": "Tosafot on Yevamot 103b:46", 
            "heRef": "תוספות על יבמות ק״ג ב:מ״ו", 
            "next": "Tosafot on Yevamot 103b:53"
        }, 
        "Tosafot on Yevamot 103b:47": {
            "content": [], 
            "heTitle": "תוספות על יבמות ק״ג ב:מ״ז", 
            "indexTitle": "Tosafot on Yevamot", 
            "sectionRef": "Tosafot on Yevamot 103b:47", 
            "prev": "Tosafot on Yevamot 103b:42", 
            "ref": "Tosafot on Yevamot 103b:47", 
            "heRef": "תוספות על יבמות ק״ג ב:מ״ז", 
            "next": "Tosafot on Yevamot 103b:53"
        }, 
        "Tosafot on Yevamot 103b:44": {
            "content": [], 
            "heTitle": "תוספות על יבמות ק״ג ב:מ״ד", 
            "indexTitle": "Tosafot on Yevamot", 
            "sectionRef": "Tosafot on Yevamot 103b:44", 
            "prev": "Tosafot on Yevamot 103b:42", 
            "ref": "Tosafot on Yevamot 103b:44", 
            "heRef": "תוספות על יבמות ק״ג ב:מ״ד", 
            "next": "Tosafot on Yevamot 103b:53"
        }, 
        "Tosafot on Yevamot 103b:45": {
            "content": [], 
            "heTitle": "תוספות על יבמות ק״ג ב:מ״ה", 
            "indexTitle": "Tosafot on Yevamot", 
            "sectionRef": "Tosafot on Yevamot 103b:45", 
            "prev": "Tosafot on Yevamot 103b:42", 
            "ref": "Tosafot on Yevamot 103b:45", 
            "heRef": "תוספות על יבמות ק״ג ב:מ״ה", 
            "next": "Tosafot on Yevamot 103b:53"
        }
    }, 
    "ref": "Tosafot on Yevamot 103b"
}