{
    "sections": {
        "Tosafot on Yevamot 19b:21": {
            "content": [], 
            "heTitle": "תוספות על יבמות י״ט ב:כ״א", 
            "indexTitle": "Tosafot on Yevamot", 
            "sectionRef": "Tosafot on Yevamot 19b:21", 
            "prev": "Tosafot on Yevamot 19b:20", 
            "ref": "Tosafot on Yevamot 19b:21", 
            "heRef": "תוספות על יבמות י״ט ב:כ״א", 
            "next": "Tosafot on Yevamot 20a:13"
        }, 
        "Tosafot on Yevamot 19b:20": {
            "content": [
                {
                    "segmentNumber": "1", 
                    "links": [
                        {
                            "category": "Talmud", 
                            "index_title": "Yevamot", 
                            "sourceHeRef": "יבמות י״ט ב:כ׳", 
                            "sourceRef": "Yevamot 19b:20"
                        }, 
                        {
                            "category": "Talmud", 
                            "index_title": "Gittin", 
                            "sourceHeRef": "גיטין ס״א א", 
                            "sourceRef": "Gittin 61a"
                        }
                    ], 
                    "he": "גמרינן מביאה דיבמה - דאע\"ג דמאמר אינו אלא מדרבנן מ\"מ מר מסתבר ליה דעשאוהו חכמים כביאה ולמר מסתבר דעשאוהו כקדושין וכה\"ג איכא בפ\"ק דב\"מ (ד' יא. ושם) דקאמר מר יליף מציאה מגט אע\"ג דלקטן לית ליה זכיה אלא מדרבנן כדאמרי' בסוף הניזקין (גיטין סא. ושם):"
                }
            ], 
            "heTitle": "תוספות על יבמות י״ט ב:כ׳", 
            "indexTitle": "Tosafot on Yevamot", 
            "sectionRef": "Tosafot on Yevamot 19b:20", 
            "prev": "Tosafot on Yevamot 19b:8", 
            "ref": "Tosafot on Yevamot 19b:20", 
            "heRef": "תוספות על יבמות י״ט ב:כ׳", 
            "next": "Tosafot on Yevamot 20a:13"
        }, 
        "Tosafot on Yevamot 19b:18": {
            "content": [], 
            "heTitle": "תוספות על יבמות י״ט ב:י״ח", 
            "indexTitle": "Tosafot on Yevamot", 
            "sectionRef": "Tosafot on Yevamot 19b:18", 
            "prev": "Tosafot on Yevamot 19b:8", 
            "ref": "Tosafot on Yevamot 19b:18", 
            "heRef": "תוספות על יבמות י״ט ב:י״ח", 
            "next": "Tosafot on Yevamot 19b:20"
        }, 
        "Tosafot on Yevamot 19b:19": {
            "content": [], 
            "heTitle": "תוספות על יבמות י״ט ב:י״ט", 
            "indexTitle": "Tosafot on Yevamot", 
            "sectionRef": "Tosafot on Yevamot 19b:19", 
            "prev": "Tosafot on Yevamot 19b:8", 
            "ref": "Tosafot on Yevamot 19b:19", 
            "heRef": "תוספות על יבמות י״ט ב:י״ט", 
            "next": "Tosafot on Yevamot 19b:20"
        }, 
        "Tosafot on Yevamot 19b:16": {
            "content": [], 
            "heTitle": "תוספות על יבמות י״ט ב:ט״ז", 
            "indexTitle": "Tosafot on Yevamot", 
            "sectionRef": "Tosafot on Yevamot 19b:16", 
            "prev": "Tosafot on Yevamot 19b:8", 
            "ref": "Tosafot on Yevamot 19b:16", 
            "heRef": "תוספות על יבמות י״ט ב:ט״ז", 
            "next": "Tosafot on Yevamot 19b:20"
        }, 
        "Tosafot on Yevamot 19b:17": {
            "content": [], 
            "heTitle": "תוספות על יבמות י״ט ב:י״ז", 
            "indexTitle": "Tosafot on Yevamot", 
            "sectionRef": "Tosafot on Yevamot 19b:17", 
            "prev": "Tosafot on Yevamot 19b:8", 
            "ref": "Tosafot on Yevamot 19b:17", 
            "heRef": "תוספות על יבמות י״ט ב:י״ז", 
            "next": "Tosafot on Yevamot 19b:20"
        }, 
        "Tosafot on Yevamot 19b:14": {
            "content": [], 
            "heTitle": "תוספות על יבמות י״ט ב:י״ד", 
            "indexTitle": "Tosafot on Yevamot", 
            "sectionRef": "Tosafot on Yevamot 19b:14", 
            "prev": "Tosafot on Yevamot 19b:8", 
            "ref": "Tosafot on Yevamot 19b:14", 
            "heRef": "תוספות על יבמות י״ט ב:י״ד", 
            "next": "Tosafot on Yevamot 19b:20"
        }, 
        "Tosafot on Yevamot 19b:15": {
            "content": [], 
            "heTitle": "תוספות על יבמות י״ט ב:ט״ו", 
            "indexTitle": "Tosafot on Yevamot", 
            "sectionRef": "Tosafot on Yevamot 19b:15", 
            "prev": "Tosafot on Yevamot 19b:8", 
            "ref": "Tosafot on Yevamot 19b:15", 
            "heRef": "תוספות על יבמות י״ט ב:ט״ו", 
            "next": "Tosafot on Yevamot 19b:20"
        }, 
        "Tosafot on Yevamot 19b:12": {
            "content": [], 
            "heTitle": "תוספות על יבמות י״ט ב:י״ב", 
            "indexTitle": "Tosafot on Yevamot", 
            "sectionRef": "Tosafot on Yevamot 19b:12", 
            "prev": "Tosafot on Yevamot 19b:8", 
            "ref": "Tosafot on Yevamot 19b:12", 
            "heRef": "תוספות על יבמות י״ט ב:י״ב", 
            "next": "Tosafot on Yevamot 19b:20"
        }, 
        "Tosafot on Yevamot 19b:13": {
            "content": [], 
            "heTitle": "תוספות על יבמות י״ט ב:י״ג", 
            "indexTitle": "Tosafot on Yevamot", 
            "sectionRef": "Tosafot on Yevamot 19b:13", 
            "prev": "Tosafot on Yevamot 19b:8", 
            "ref": "Tosafot on Yevamot 19b:13", 
            "heRef": "תוספות על יבמות י״ט ב:י״ג", 
            "next": "Tosafot on Yevamot 19b:20"
        }, 
        "Tosafot on Yevamot 19b:10": {
            "content": [], 
            "heTitle": "תוספות על יבמות י״ט ב:י׳", 
            "indexTitle": "Tosafot on Yevamot", 
            "sectionRef": "Tosafot on Yevamot 19b:10", 
            "prev": "Tosafot on Yevamot 19b:8", 
            "ref": "Tosafot on Yevamot 19b:10", 
            "heRef": "תוספות על יבמות י״ט ב:י׳", 
            "next": "Tosafot on Yevamot 19b:20"
        }, 
        "Tosafot on Yevamot 19b:11": {
            "content": [], 
            "heTitle": "תוספות על יבמות י״ט ב:י״א", 
            "indexTitle": "Tosafot on Yevamot", 
            "sectionRef": "Tosafot on Yevamot 19b:11", 
            "prev": "Tosafot on Yevamot 19b:8", 
            "ref": "Tosafot on Yevamot 19b:11", 
            "heRef": "תוספות על יבמות י״ט ב:י״א", 
            "next": "Tosafot on Yevamot 19b:20"
        }, 
        "Tosafot on Yevamot 19b:4": {
            "content": [], 
            "heTitle": "תוספות על יבמות י״ט ב:ד׳", 
            "indexTitle": "Tosafot on Yevamot", 
            "sectionRef": "Tosafot on Yevamot 19b:4", 
            "prev": "Tosafot on Yevamot 19b:3", 
            "ref": "Tosafot on Yevamot 19b:4", 
            "heRef": "תוספות על יבמות י״ט ב:ד׳", 
            "next": "Tosafot on Yevamot 19b:8"
        }, 
        "Tosafot on Yevamot 19b:5": {
            "content": [], 
            "heTitle": "תוספות על יבמות י״ט ב:ה׳", 
            "indexTitle": "Tosafot on Yevamot", 
            "sectionRef": "Tosafot on Yevamot 19b:5", 
            "prev": "Tosafot on Yevamot 19b:3", 
            "ref": "Tosafot on Yevamot 19b:5", 
            "heRef": "תוספות על יבמות י״ט ב:ה׳", 
            "next": "Tosafot on Yevamot 19b:8"
        }, 
        "Tosafot on Yevamot 19b:6": {
            "content": [], 
            "heTitle": "תוספות על יבמות י״ט ב:ו׳", 
            "indexTitle": "Tosafot on Yevamot", 
            "sectionRef": "Tosafot on Yevamot 19b:6", 
            "prev": "Tosafot on Yevamot 19b:3", 
            "ref": "Tosafot on Yevamot 19b:6", 
            "heRef": "תוספות על יבמות י״ט ב:ו׳", 
            "next": "Tosafot on Yevamot 19b:8"
        }, 
        "Tosafot on Yevamot 19b:7": {
            "content": [], 
            "heTitle": "תוספות על יבמות י״ט ב:ז׳", 
            "indexTitle": "Tosafot on Yevamot", 
            "sectionRef": "Tosafot on Yevamot 19b:7", 
            "prev": "Tosafot on Yevamot 19b:3", 
            "ref": "Tosafot on Yevamot 19b:7", 
            "heRef": "תוספות על יבמות י״ט ב:ז׳", 
            "next": "Tosafot on Yevamot 19b:8"
        }, 
        "Tosafot on Yevamot 19b:1": {
            "content": [
                {
                    "segmentNumber": "1", 
                    "links": [
                        {
                            "category": "Talmud", 
                            "index_title": "Yevamot", 
                            "sourceHeRef": "יבמות י״ט ב:א׳", 
                            "sourceRef": "Yevamot 19b:1"
                        }
                    ], 
                    "he": "רבי שמעון אומר ביאתה או חליצתה כו' - פי' בקונטרס דקסבר ר' שמעון מאמר ספק קונה ספק אינו קונה וכשייבם או חלץ לשניה נפטרת בעלת מאמר ממ\"נ ונראה שפי' כן דאין ר\"ל שיקנה לר\"ש מדרבנן דא\"כ לא היה יכול לייבם השניה דהויא לה צרת אשת אחיו שלא היה בעולמו במאמר אלא ודאי קסבר דקני לגמרי או לא קני כלל וא\"ת אכתי צרתה היא בזיקה וי\"ל דר\"ש סבר אין זיקה ולר\"י נראה דאפילו ס\"ל דיש זיקה ומאמר קונה קצת מדרבנן ניחא דאין זיקה אוסרת ולא המאמר אלא היכא דאם היתה נשואה היתה אוסרת וכאן אם היתה נשואה היא עצמה היתה מותרת לר\"ש דשרי ייבם ואח\"כ נולד ומ\"מ אמת הוא דלר\"ש אי לא קני מאמר לא קני אפילו מדרבנן מדקאמר לעיל אם מאמרו של שני אינו מאמר אשת ראשון בועל משמע דלא קני כלל:"
                }
            ], 
            "heTitle": "תוספות על יבמות י״ט ב:א׳", 
            "indexTitle": "Tosafot on Yevamot", 
            "sectionRef": "Tosafot on Yevamot 19b:1", 
            "prev": "Tosafot on Yevamot 19a:23", 
            "ref": "Tosafot on Yevamot 19b:1", 
            "heRef": "תוספות על יבמות י״ט ב:א׳", 
            "next": "Tosafot on Yevamot 19b:2"
        }, 
        "Tosafot on Yevamot 19b:2": {
            "content": [
                {
                    "segmentNumber": "1", 
                    "links": [
                        {
                            "category": "Talmud", 
                            "index_title": "Yevamot", 
                            "sourceHeRef": "יבמות י״ט ב:ב׳", 
                            "sourceRef": "Yevamot 19b:2"
                        }
                    ], 
                    "he": "חלץ לבעלת מאמר לא נפטרה צרתה - וא\"ת ואמאי לא דייק מהכא תיובתא לר' אושעיא דלדידיה כיון דהוי זיקה ככנוסה אמאי לא נפטרה הצרה וי\"ל מדרבנן כדאמר לעיל גזירה משום שתי יבמות הבאות משני בתים חדא מיחלצה וחדא מיפטרה בלא כלום:"
                }
            ], 
            "heTitle": "תוספות על יבמות י״ט ב:ב׳", 
            "indexTitle": "Tosafot on Yevamot", 
            "sectionRef": "Tosafot on Yevamot 19b:2", 
            "prev": "Tosafot on Yevamot 19b:1", 
            "ref": "Tosafot on Yevamot 19b:2", 
            "heRef": "תוספות על יבמות י״ט ב:ב׳", 
            "next": "Tosafot on Yevamot 19b:3"
        }, 
        "Tosafot on Yevamot 19b:3": {
            "content": [
                {
                    "segmentNumber": "1", 
                    "links": [
                        {
                            "category": "Talmud", 
                            "index_title": "Yevamot", 
                            "sourceHeRef": "יבמות י״ט ב:ג׳", 
                            "sourceRef": "Yevamot 19b:3"
                        }
                    ], 
                    "he": "כנסה ומת ואח\"כ נולד לו אח וכו'. הא מילתא דפשיטא היא ולא הוה צריך כלל למתנייה ואר\"י דלא שנאה אלא לאשמועי' דהאי תנא עירובי מערב ותני מילי בהדי הדדי ולהכי דייק מינה דבנולד ולבסוף ייבם לא פליג ר\"ש מדעריב ותני להו בהדי כנסה ומת ואח\"כ נולד לו אח דמודה בה ר\"ש דאי בנולד ולבסוף ייבם פליג נמי ר\"ש א\"כ בהדי סיפא הוה ליה למיערבה ולא בהדי רישא והשתא א\"ש דלא מותיב לר' אושעיא ממתני' דלא עריב ותני להו דאברייתא שייך למידק כדפרישית:"
                }
            ], 
            "heTitle": "תוספות על יבמות י״ט ב:ג׳", 
            "indexTitle": "Tosafot on Yevamot", 
            "sectionRef": "Tosafot on Yevamot 19b:3", 
            "prev": "Tosafot on Yevamot 19b:2", 
            "ref": "Tosafot on Yevamot 19b:3", 
            "heRef": "תוספות על יבמות י״ט ב:ג׳", 
            "next": "Tosafot on Yevamot 19b:8"
        }, 
        "Tosafot on Yevamot 19b:8": {
            "content": [
                {
                    "segmentNumber": "1", 
                    "links": [
                        {
                            "category": "Talmud", 
                            "index_title": "Yevamot", 
                            "sourceHeRef": "יבמות י״ט ב:ח׳", 
                            "sourceRef": "Yevamot 19b:8"
                        }
                    ], 
                    "he": "לערבינהו ולתנינהו - לא כמו שפירש בקונטרס דאכולהו קאי דאכנסה ומת ואח\"כ נולד ודאי ל\"פ ר\"ש אלא אתרי בתראי קאי:"
                }
            ], 
            "heTitle": "תוספות על יבמות י״ט ב:ח׳", 
            "indexTitle": "Tosafot on Yevamot", 
            "sectionRef": "Tosafot on Yevamot 19b:8", 
            "prev": "Tosafot on Yevamot 19b:3", 
            "ref": "Tosafot on Yevamot 19b:8", 
            "heRef": "תוספות על יבמות י״ט ב:ח׳", 
            "next": "Tosafot on Yevamot 19b:20"
        }, 
        "Tosafot on Yevamot 19b:9": {
            "content": [], 
            "heTitle": "תוספות על יבמות י״ט ב:ט׳", 
            "indexTitle": "Tosafot on Yevamot", 
            "sectionRef": "Tosafot on Yevamot 19b:9", 
            "prev": "Tosafot on Yevamot 19b:8", 
            "ref": "Tosafot on Yevamot 19b:9", 
            "heRef": "תוספות על יבמות י״ט ב:ט׳", 
            "next": "Tosafot on Yevamot 19b:20"
        }
    }, 
    "ref": "Tosafot on Yevamot 19b"
}