{
    "heTitleVariants": [
        "שמות"
    ], 
    "heTitle": "אברבנאל על תורה, שמות", 
    "heRef": "אברבנאל על תורה, שמות ב׳", 
    "toSections": [
        2
    ], 
    "sectionRef": "Abarbanel on Torah, Exodus 2", 
    "next": "Abarbanel on Torah, Exodus 3:1", 
    "content": [
        {
            "segmentNumber": "1", 
            "he": [
                "וילך איש מבית לוי וגו' עד ומשה היה רועה. ויש להעיר בפסוקים האלה שאלות: ", 
                "השאלה הא' מה ראתה אם מרע\"ה לשום את בנה בתיבת גומא ולהשליכו ליאור האם מפני שלא יכלה עוד הצפינו ומה הועילה בתקנתה זו כי הנה כל הרע שחשב פרעה לעשות לישראל הוא להשליך את הילדים ליאור והיה אם כן בחרה ברצונה לעשות בידיה כל מה שנגזר עליה מהרע כיון שהיא בעצמה השליכתו ליאור התנחמה במה ששמתהו בתיבת גומא אין ספק שתנחומין של הבל היו כי אם יהפוך היאור את התיבה ימות הילד בתוך היאור ואם יקחה איש ישליכהו ליאור כמצות המלך והיא לא ידעה שבת פרעה תלך שמה ותקחהו כמו שקרה כי זה אפשר רחוק מאד היה ואיך נסמכה עליו: ", 
                "השאלה הב' איך חשבה בת פרעה לגדל את מרע\"ה בבי' המלכות ואיך לא נתנו עליו לב יועצי מצרים וחכמיה וכ\"ש אם היתה התחכמותם לדעתם שיולד מושיע ורב מבני ישראל בימים ההם איך ואיככה נואלו שרי צוען חכמי יועצי פרעה ולא אמרו מה לו לנער העברי הזה להתגדל בטכסיסי המלוכה עם מלכים ויועצי ארץ: ", 
                "השאלה הג' אם מרע\"ה גדלו בת מלך בבית המלכות והיה לה לבן איך נאמר ויגדל משה ויצא אל אחיו וירא בסבלותם כי מאין היה יודע משה שהיהודים האמללים היו אחיו ואיך יצא מבית המלך להתחבר עם העבריים העסוקים בעבודת פרך שכל אחד מהם אם יוכל יתרחק מחברתם לבל יראה ברעתם כ\"ש האיש משה שלא היה מהם ולא מהמונם: ", 
                "השאלה הד' כי אחרי שהרג מרע\"ה את המצרי לפני המוכה איך תמה כאשר אמר אליו הרשע כאשר הרגת את המצרי ואמר אכן נודע הדבר ואיך לא יהיה נודע כיון שהמוכה היה עד בדבר ומה תועלת בויפן כה וכה וירא כי אין איש והנה האיש העד לפניו שאם נאמר שברח המוכה ולא היה שמה בשעת שהרג משה את המצרי יקשה מאד מאין ידע הרשע כי משה הרגו: ", 
                "השאלה הה' למה זה מרע\"ה קרא את שם בנו הראשון גרשום כי אמר גר הייתי בארץ נכריה ושם הב' קרא אליעזר לאמר כי אלהי אבי בעזרי ויצילני מחרב פרעה וידוע שהחסד הראשון שעשה השם עמו היה שהצילו מחרב פרעה בברחו ממצרים ואחר כך היה במדין גר בארץ נכריה ולכן היה לו לקרוא את שם הראשון אליעזר לזכרון שאלהי אביו עזרו והצילו מחרב פרעה ולב' יקרא גרשום בעבור שגר ונתגורר בארץ מדין: ", 
                "השאלה הו' באמרו ויהי בימים הרבים ההם וימת מלך מצרים ויאנחו בני ישראל מן העבודה והיא כי למה זה תלה תשובתם במיתת מלך מצרים כיון שהם מן העבודה היו צועקים והנה בחיי המלך היתה כבדה עליהם ולכן בחייו היה ראוי להם לצעוק לא בלבד אחרי מותו גם שמלך מצרים ביום א' מת לא בימים רבים ולמה יצעקו על מותו כי במות מלך חנף ומרשיע ישמח עם: ", 
                "השאלה הז' מה ענין אמרו וירא אלהים את בני ישראל וידע אלהים כי הידיעה האלהית והשגחתו בעמו הוא דבר אמונה ומה צורך לכתוב כאן אחרי שאמר וישמע אלהים את נאקתם ואמר ותעל שועתם אל האלהים מן העבודה ולומר עוד וירא אלהים את בני ישראל וידע אלהים והוא כבר נכלל במ\"ש בזה והנני מפרש הפסוקים באופן שיותרו השאלות האלה כלן: ", 
                "וילך איש מבית לוי וגומר עד ויגדל הילד ותביאהו לבת פרעה וגומר. הנה לא זכר הכתוב כאן שם האיש הזה מבית לוי ולא שם הבת לוי הזאת לפי שהיה עתיד לבארו בסדר וארא כי שם נאמר ויקח עמרם את יוכבד דודתו לו לאשה הנה א\"כ האיש הזה שהלך מבית לוי היה עמרם בן קהת בן לוי ואשה אשר לקח מבית לוי היתה יוכבד בת לוי אחות קהת דודתו של עמרם אבל ראוי לבאר בזה מה שהוקשה על הראב\"ע מהיות יוכבד אם מרע\"ה בת לוי כי הנה יתחייב ממנו שתהיה בלדתה את משה בת ק\"ל שנה ואיך יתכן זה והוא פלא עצום כי הנה שרה צחקה מהיות' יולד' בת צ' שנה להיותו דבר זר יוצא מן ההקש ואיך תלד יוכב' בת ק\"ל אבל כבר השיב עליו הרמב\"ן בסדר ויגש אליו והרבה בזה דברי חן ושכל טוב כפי דרכי התורה בעניני הנסים ודרכי בני אדם בזקנתם. והכלל העולה מדבריו וממה שנ\"ל שיאמר בזה הוא שהנה הזקני' בהתחבר לאנשי' הזקנות תהיה ההולד' מהן דבר זר ורחוק וקרוב אל הנמנע אבל בהזדווג הזקן לנערה טובת מראה לא תמנע ההולדה כי הכח הפועל אשר בו די לפעול בהיות הכח המתפעל באשה המקבלת מוכן ובריא אולם. ומה לנו להביא על זה טענות טבעיות הביטו אל אברהם אביכם ששחק בלבו באמרו הלבן ק' שנה יולד ואם שרה הבת צ' שנה תלד. וכן היה באמת הדבר רחוק וזר כפי התיחסות שניהם וערכם ומצאנו ראינו שאחרי כן בהיות יצחק בנו בן מ' שנה כשנשא את רבקה הוסיף אברהם ויקח אשה ושמה קטורה והוליד בנים הרבה בהיותו בן ק\"מ שנה ולא היה דבר זר בחקו לפי שנזדווג לקטורה שהיתה בחורה. וכן נאמר בנדון שלפנינו שלוי בהיותו במצרים הוליד את יוכבד בזקנתו מאשה בחורה מוכנת אליו והנה לוי היה בביאתו למצרים כמו בן מ\"ד שנה ולזה תהיה נולדת יוכבד כ\"ו או ל\"ו שנה אחר בואם למצרים וע\"ז נאמר אשר ילדה אותה ללוי במצרים כפי פשט הכתוב ולפי שמשה היה בן פ' שנה בצאתם ממצרים יתחייב שתהיה יוכבד בלדתה אותו בת נ' או ס' שנה ולא היה בזה א\"כ מהזרות וההמנעות כלל. ואמנם מה שאחז\"ל שנולדה בין החומות הוא נאמר על צד הצורה והרמז ואינו מזה המקום ולבד כוונה התורה האלהית להודיע שנישואי עמרם עם יוכבד היו בגזרת עירין ובמימר קדישין לפי שהיא היתה דודתו של עמרם וכפי השכל המדיני לא היה דבר הגון שישא אדם את דודתו כמו שלא ישא את אמו כי האיש הוא המושל באשה ואיך ימשול בדודתו או באמו בהיות מוטל עליו ליראה מלפניה אלא שלוי היה מודרך ומיושר מן השמים לעשות את המעשה הזה עם כל זרותו. ומפני זה אמרה תורה וילך איש שתאר ענין זה בהליכה להיותו דבר זר ומתמיה. וחז\"ל אמרו בפ\"ק דסוטה וילך איש מבית לוי שהלך בעצת בתו. תנא עמרם גדול הדור היה כיון שראה שאמר פרעה כל הבן הילוד וגו' אמר לשוא אנו עמלים עמד וגרש את אשתו עמדו כלם וגרשו את נשותיהם אמרה לו בתו אבא גזרתך קשה מגזרת פרעה שפרעה לא גזר אלא על הזכרים ואתה על הזכרים ועל הנקבות פרעה לא גזר אלא בעה\"ז ואתה גזרת בעה\"ז ובעה\"ב פרעה רשע הוא גזרתו ספק מתקיימת ואתה צדיק וגזרתך עכ\"פ מתקיימת שנאמר ותגזר אומר ויקם לך עמד והחזיר את אשתו עמדו כלם והחזירו נשותיהם וכו' והנה נתנו חז\"ל בזה טעם למלת וילך שנאמר על מעשה רשום שנעשה והוא ע\"ד מה שנ' בהושע וילך ויקח את גומר בת דבלים שלא נאמר וילך בלבד על התנועה המקומית אלא להעיר על מעשה רשום ומצויין שהתעורר לעשותו. וביארה התורה גם כן שהיו שניהם איש ואשתו מבית לוי ממשפחתו ומבית אביו להודיע שהיו שניהם עמרם ויוכבד ממזג אחד וטבע אחד שוים ודומים שהוא תכלית ההצלחה בנשואין. והודיע עוד שלא נתעכבה יוכבד מלדת ימים רבים ככל האמהות הקדושות ולא הוצרך עמרם ולא יוכבד להתפלל אל השם על הריונה אבל מיד כשלקחה הרתה וילדה בנים כי הנה מצאנו שילדה את משה ואהרן ומרים היא היתה גדולה מהם. ונקראת מרים לפי שכאשר נולדו החלו המצריים למרר חיי בני ישראל ואהרן נולד אחריה והוא היה גדול ממשה ג' שנים. ונקרא אהרן לפי שאחרי שנולד התחילו להשליך את ילדי העברים ליאור. האמנם לא זכר הכתוב במקום הזה לידת מרים ולא לידת אהרן אלא לידת משה בלבד מפני שכוונת הספור היתה לבאר לידת משה וחייו ומעשיו ונפלאותיו. ולכן ייוחס הספור הזה אליו ובא זכרון אחיו נטפל לעניניו ונזכר אחריו אגב גררא וספר הכתו' שאם מרע\"ה אחרי שילדה אותו ראתה כי טוב הוא ותצפנהו כי הנה מפני מצות המלך יראה מהמצריים שיכנסו בביתה ויקחו ממנה את הילד וישליכוהו ליאור וכבר היתה מתיאשת ממנו אלא שראתה אותו כי טוב הוא כלומר שהיה יפה תואר ויפה מראה יותר מחק הילדים. ויתכן שראתה מראהו כמראה מלאך האלהים נורא מאד ונתן אלהים בלבה שהוא יהיה מושיע ורב ונגיד ונאמן לעמו. ולכן השתדלה בהצלתו וחז\"ל אמרו בסוטה ר' מאיר אומר טוב שמו ר' יהודה אומר לנביאות ר' נחמיה או' טוביה שמו אחרים אומרים נולד כשהוא מהול וחכמים אומרים בשעה שנולד משה נתמלא כל הבית כלו אורה כתיב הכא כי טוב הוא וכתיב התם וירא אלהים את האור כי טוב. ויש לעיין במה חלקו השלמים האלה ור' מאיר מנין לו שמשה נקרא שמו טוב ורבי נחמיה שאמר טוביה מה חדש על רבי מאיר שאמר טוב כי הנה ענין שניהם אחד הוא אבל אחשוב שהם זכרו בזה חמש דעות הא' היא לרבי מאיר שהבין הכתוב שאמר ותרא אותו כי טוב הוא כמו וירא אלהים כי טוב שהטיב נאמר על הנמצא ויהיה לדעתו ענין הכתוב שיוכבד ראתה אותו כי טוב הוא ותצפנהו ר\"ל שהיה נמצא חי והיה טוב מציאותו וחייו מהעדרו ומותו ולכן הצפינתו כדי להצילו ממות. אבל ר' יהודה שהוא הדעת הב' לא נחה דעתו בזה לפי שאין ראוי לומר שלא ראתה יוכבד בבנה שלמות אחר אלא היותו נמצא בלבד ולמה א\"כ הצפינתו יותר משאר הנשים לבניהן בהיות כלם נמצאים וחיים ולכן אמר שראתה אותו ראוי לנביאות ומפני אותה המעלה הנוספת שראתה בו על כל שאר הילדים השתדלה יותר על שמירתו. אמנם ר' נחמיה לא נסתפק ג\"כ בטעם הזה לפי שאיך יחשב שראתה יוכבד שהיה בנה ראוי לנביאות והנה ההכנות לנבואה אם הם מזגיות לא היה אפשר שתשיגם ותדעם יוכבד כי מי הגיד לה מזג מוח הילד וטבעו ואם היו הכנות הנבואה שלמות המדות ושלמות המעלות גם זה היה בלתי אפשר שתדע יוכבד אם בנה אשר ילדה יהיה חכם ובעל מדות אם לא לכן בחר רבי נחמיה בדעת ג' והוא אמרו טוביה שמו כלומר שעמרם אביו כשנולד הנער קראו טוביה כאומר טוב ה' שהוא רמז לגאולה כמו שאמר ופחדו אל ה' ואל טובו באחרית הימים והנה הביאו לזה מ\"ש כי טוב הוא ודרש שם הוא ע\"ש הב\"ה כמו שאמרו אני והוא ובהיות טוב הוא מלה חדא יהיה שמו טוביה רוצה לומר טוב ה' הנכבד. ומפני סימן השם הזה אשר קראו אביו הצפינתו אמו בהשתדלות רב להצילו אמנם אחרים שהוא הדעת הד' לא קבל גם הדעת הזה לפי שהשמות הם כפי ההסכמה ורצון בני אדם ואיך תעשה הצדקת סמך וסבה מכרעת להשתדלותה על בנה מפני השם שקראו אביו ולכן בחר בדעת ד' והוא שראת' אותו שנולד מהול שהיה זה סימן שיהיה קדוש לאלהים נבדל מהתאוות הגשמיות ונפרש מאשה ולכן בראות זה התעצמה להצילו בכל מיני השתדלות אבל חכמים שהוא הדעת החמישי חשבו שלא לבד השיגה הצדקת ממה שראתה בעיניה שלמות הילד לעתיד בדברים הגשמיים החמריים אלא שכאשר נולד נתמלא כל הבית אורה וכאלו הודיע האלהים בזה שהוא יהיה אורו של עולם בנבואה ונבואתו ותורתו תזרחנה על פני תבל ושעל זה נאמר ותרא אותו כי טוב הוא שראתה בעיניה מפאת האור המוחש ההוא שהיה הילד טוב העולם ותכליתו המשובח. הנה התבאר ענין כל אחד מחמשת הדעות האלה עם היות שרש\"י בפירוש לא זכר מהם כי אם שנים והם שנתמלא כל הבית אורה ושנולד מהול כי הנשארים לא ישרו בעיניו וזכר הכתוב שלכן השתדלה להצפינו ג' ירחים אולי שבחרה בענין הזה לרמוז אל שלשת העולמות שהאל ית' מהרבבות קדש מלאכיו ומשמי מעלתו יופיע על בנה בעולם השפל ברכות שמים מעל ברכות תהום רובצת תחת וכאשר לא יכלה עוד הצפינו והיה זה לפי שבג' החדשים הראשונים הצפינתו ולא נשמעה צעקתו כי היה ברוך ומבורך בכה לא יבכה. אבל אח\"כ שנתגדל אולי שהיה שוחק כילדים בשמחתם ונשמע קולו בחוץ או שהמצרים היו שואלים על הריונה ולכך לא יכלה עוד הצפינו וחז\"ל אמרו שמשה נולד לששה חדשים ויום אחד שהיולדת לז' יולדות למקוטעים ואולי שעל זה נאמר ותרא אותו כי טוב הוא לפי שהנולדים למקוטעים הם חלושים ובלתי שלמי היצירה ולכן ראתה יוכבד בילד דבר מתמיה והוא שעם היותו קצר ימים ושבע רוגז נולד בן ששה חדשים ויום אחד היה טוב במזגו ויפיו ואבריו משאר הילדים ומצרים בדקו אחריו לסוף תשעה חדשים של הריונה ואותם ג' חדשים מתחלת הו' עד סוף הט' הצפינתו באופן שלא ידעו שהיה נולד ואח\"כ לא יכלה עוד הצפינו כי הרגישו המצריים בה שכבר ילדה. ואין ספק שגם באותם ג' ירחים היו בודקין אותה וכ\"ש בתשלומם שיאמרו לה איה הנולד אשר הרית ממנו ותען להם כי מת או נטבע ולפי שלא יאמינו לדבריה ויחקרו עליו לא יכלה עוד הצפינו. והנה לא קרא דבר מזה לאהרן והוא לא הושלך ליאור לפי כשנולד עדין לא נגזר גזרת כל הבן הילוד. והנה יוכבד כדי להציל את משה בנה חשבה להצילו בתיבה אחת כמו שניצול נח ממי המבול אבל לא בחרה לעשו' התיבה מעצי גפר כי אם בתיבה עשויה מגומא שהוא עשב קל ורך יוכל אדם להביאו בצנעה תחת כנפי כסותו. ותחמרה בחמר ובזפת ר\"ל שבפנים טח אותה תיבה בחמר שהוא מין עפר לח כמו טיט אדום ומבחוץ היה זפת ועשתה זה כדי שישכב הילד רך ולא ינזק בקושי הגומא. גם שלא יזיקהו שרב ושמש ולא יתקלקל איבריו או יהפך על פיו. וראיתי כתוב שבהרבה מקומות מהדרומיים והחמים נוהגים לגדל התינוקות כן ר\"ל שישימום עד צואריהם בגומת עפר כדי שלא יזיקם חום האויר וכשיטנפו תחתיהם העפר יוציאם משם ויחליפו העפר בעפר אחר ויניחום שמה וטחים אותם כדי לחזק עורם וטעם הזפת מבחוץ הוא כדי שלא יכנסו המים גם תצוף התיבה. ואין ספק כי במכסה התיבה היו נקבים לצורך האויר כדי שלא יחנק הילד. וממה שאמר ותשם בה את הילד למדנו ששמה אותו שם ערום כי היה זמן קיץ חם ולזה נאמר ותפתח ותראהו את הילד ואמרה בת פרעה מילדי העברים זה שראתה בו שהיה מהול ואלו היה מחותל לא היתה מכירתו מיד כשפתחה התיבה. ואמר הכתוב ותשם בסוף על שפת היאור ר\"ל ששמה התיבה בסוף והוא מקום קנה וסוף הגדל על שפת היאור כי שם בשפת היאור במצרים מקום גדול קנים מתוקים אשר תטוף הנפת מהן והוא הנקרא סוכר ועל שפת היאור הן גדלות לא בתוך היאור והנה בחרה הצדקת לעשות הפועל הזה לסבות האחת לפי שראתה כי בהיות הילד בביתה היה המות בצוארה בודאי ואין עוד מר ממות וגם אליה ולכל ביתה היתה סכנה ממה שהצפינתו לפי שעברה מצות המלך. אמנם בהוציאה אותו מביתה היה ההנצל מן המות אפשר כי לא יודע בן מי הוא העלם אם הוא עברי או מצרי ועל הספק לא ימיתוהו ואם מן המות ינצל הזמן יספיק בהוצאת האמת והנער ידע את אחיו ולזה עזבה המות ההכרחית ולקחה האפשרית. והסבה הב' ששמה התיבה סמוך לשפת היאור כדי שיקל לעוברים לתופשה אולי יחכה י\"י לחננו וימצאהו איש חונן ויחמול עליו כמו שקרה ואין ספק שגם בחרה הצדקת לשומו במקום ההוא לסבה שלישית והיא שאם עכ\"פ ימות בנה לא תהיה מיתתו לעיניה וכמו שאמרה הגר על בנה ותלך ותשב לה מנגד הרחק כמטחוי קשת כי אמרה אל אראה במות הילד וגו' האמנם כוונה להניחו במקום שיהיה מרוחק ממעבר בני אדם וחיות ונזקי' ומהדגים שביאור ג\"כ. וגם נוכל לשער בזה סבה ד' והיא שהצדקת ראתה בחכמתה שאולי נגזרה גזרה על בנה שיהא מושלך ליאור ולכן השתדלה להשליכו שמה בזה האופן כדי שתעבור עליו גזרתו והאלהים ישוב מחרון אפו ומפני זה ותתצב אחותו מרחוק לדעה מה יעשה לו. ובמדרש אמרו (שמות רבה פ' א') למה השליכו למשה ביאור כדי שיהיו חושבים האצטרוגלין שכבר הושלך מושיעם של ישראל למים ולא יחפשו אחריו עוד עד שמהיום ההוא והלאה אמרו שנתבטלה הגזרה מפני שראו אצטגניני פרעה שכבר לקה מושיעם במים. והותרה עם מה שפירשתי בזה השאלה האחת. והנה כל המעשים האלה ייחס הכתוב לאם משה ולא זכר בהן דבר מאביו אולי שכבר היה מת או שלא היה שמה או שנתיאש מהדבר ולא רצה להשתדל בענינו כי אמר אל אראה במות הילד וגומ' והוא הנכון. ואמנם אמרו ותתצב אחותו מרחוק הקרוב אצלי הוא שנאמר על מרים ושהיא היתה אז כמו בת ט\"ו שנים כי לא מצינו מנין שנותיה כתובים. והנה בת פרעה יצאה לרחוץ במימי היאור כי היה הזמן חם ולהיותה כבודה בת מלך פנימה בקשה מקום צנוע שלא תראה ערומה ולא מצאה מקום הגון בצניעות קרוב למדינה כמקום הזה ואמר שנערותיה היו הולכות על יד היאור אם לטייל ואם לשמור שלא יבא איש לראותה כשהיא ערומה ויען היתה התיבה בתוך הסוף ובת פרעה לא יכלה ליכנס שמה לכן שלחה את שפחתה שנשארה עמה לשמש ברחיצתה שתקח את התיבה ולפי שנערותיה לא היו במעמדה כי היו הולכות על יד היאור ונשארה בת פרעה לבדה עם אמתה לכן לא ראו נערותיה דבר מזה ובזה האופן היה הדבר סוד בינה ובין אמתה ולא נודע למלך מה היה משפט הנער ומעשהו. והותרה בזה השאלה הב'. וזכר הכתוב שכאשר פתחה בת פרעה את התיבה ראתה שהיה ילד ר\"ל קטון בצורתו ואיבריו והוא אמרו ותראהו את הילד בשני כנויים ומצד אחר ראתה בו דבר מתמיה שבבכיתו היה כנער והוא אמרו והנה נער בוכה ומב' הבחינות האלה קראתהו פעם ילד ופעם נער וגזרה מפני זה שמילדי העברים זה שלפי שהיו בני ישראל עצומים יותר ממה שהיה ראוי לזמניהם כמ\"ש ויעצמו במאוד מאד לכן היה ילד ואבריו כנער ואין בזה משה בעל מום כדברי רבי נחמיה בגמרא כי עוצם הבכיה היה מעוצם הכח שהוא שלמות לא מרוחב האברים יותר מדאי שהוא מום. ואחותו מרים כשראתה לקיחת התיבה נתקרבה שמה לבת פרעה לראות מה תעשה בנער וכששמע' ממנה דברי חמלה לעוצם כחו שראתה בו יותר ממה שראוי לזמנו דברה לפי כוונתה ואמרה האלך וקראתי לך אשה מינקת מן העבריות להניק לך את הילד לא שתניקהו לה אלא שתניקהו באופן נאה כפי מה שראוי לילד שלך כי בזה יגדל הילד ויתעצם יותר שלהיותו מילדי העברים יותר יועילהו חלב העברית מחלב מצרית או אשה אחרת כי כמ\"ש הטבעי מזון ההווה ראוי שידמה למה שנתהויה ממנו וישר הדבר בעיני בת פרעה כדי שיגדל הילד ויתעצם כל מה שאפשר ויהיה ביופיו ראוי לקחת אותו לבן ולכן אמרה לכי ותלך העלמה ותקרא את אם הילד מבלי שתגיד שהיא אמה כי בת פרעה אולי לא היתה נותנת אותו לאמו בשביל שלא תקחהו ולכן (שם) אחז\"ל שנקראת מרים עלמה מלשון העלם שהעלימ' שהיא אמו ואמר הכתוב ותקרא את אם הילד ולא את אמה להודיע שעשתה רצון בת פרעה בשלמות שלא בלבד קראה מינקת עבריה לאותות המזג אבל לאם הילד עצמה שהיא כפלי כפלים נאותה להניק אותו משאר העבריו' זהו הנ\"ל בפסוקים האלה. אמנם חז\"ל פירשו על והנה נער בוכה פי' צח באמרם שהוא אהרן שהיה כבר נער ובוכה על לקיחת הילד ואומר אני שלדעתם יהיה זה סבה למה שאמרה בת פרעה מילדי העברים זה כי בראותה שהיה אצלו נער עברי בוכה על לקיחתו שפטה היות הילד עברי. ותאמר לה בת פרעה הליכי את הילד הזה והיה ראוי שיאמר קחי וחז\"ל תרצו זה (שם) על דרך שדרשו שהוא כמו הי ליכי הוא שלך ואחרים אמרו שהוא כמו הא ליכי שהראתה לה הילד עם כל אבריו בריאים וטובים שככה תחזירהו לה אבל על דרך הפשט יראה שצותה לה שתוליכהו לביתה ולא תפחד משום אדם ותניקהו שמה בביתה ואמרה ותניקהו לי ר\"ל שלא תתן לו החלב בצמצום ובכילות כמו שראוי בחוקך אלא ברחבה כמו שראוי לבן שלי וכן אמרה ואני אתן את שכרך שלא אמרה ואתן לרמוז לה שכאשר היא תניקהו יותר מדאי כפי מה שראוי לבן שלה ככה היא בת פרעה תתן שכרה רב כיד המלך: "
            ], 
            "links": [
                {
                    "category": "Midrash", 
                    "sourceHeRef": "שמות רבה פ׳:א׳", 
                    "index_title": "Shemot Rabbah", 
                    "sourceRef": "Shemot Rabbah 80:1"
                }, 
                {
                    "category": "Tanakh", 
                    "sourceHeRef": "שמות ב׳:א׳", 
                    "index_title": "Exodus", 
                    "sourceRef": "Exodus 2:1"
                }
            ], 
            "text": ""
        }, 
        {
            "segmentNumber": "2", 
            "he": [], 
            "links": [], 
            "text": ""
        }, 
        {
            "segmentNumber": "3", 
            "he": [], 
            "links": [], 
            "text": ""
        }, 
        {
            "segmentNumber": "4", 
            "he": [], 
            "links": [], 
            "text": ""
        }, 
        {
            "segmentNumber": "5", 
            "he": [], 
            "links": [], 
            "text": ""
        }, 
        {
            "segmentNumber": "6", 
            "he": [], 
            "links": [], 
            "text": ""
        }, 
        {
            "segmentNumber": "7", 
            "he": [], 
            "links": [], 
            "text": ""
        }, 
        {
            "segmentNumber": "8", 
            "he": [], 
            "links": [], 
            "text": ""
        }, 
        {
            "segmentNumber": "9", 
            "he": [], 
            "links": [], 
            "text": ""
        }, 
        {
            "segmentNumber": "10", 
            "he": [
                "ויגדל הילד ותביאהו לבת פרעה וגומר עד ויהי בימים ההם. ספר הכתוב שאחרי שגדל הנער הביאתהו יוכבד הצדקת לבת פרעה לאמר הא לך גברתי הנער אשר נתת עמדי. ואמנם אמרו ותקרא שמו משה ותאמר כי מן המים משיתהו ולפי שהשם והגזרה ההיא הם כפי הלשון העברית והיא לא היתה מדברת בלשון יהודית כי מצרית היתה לשונה גם לא יתכן ששאלה לנשים העבריות על שמו וגזרתו כי מה לה לצער הזה לכן השכל נותן שהיא קראתהו בשם מצרי נגזר ממלת הסרה באותו הלשון ושאותו שם העתיקו כותב התורה ותרגם בלשון הקדש בשם משה וכן כתב הראב\"ע שמשה שם מתורגם ושבלשון מצרי היה נקרא מוניוס כמו שהעיד שהוא ראה בספרי הצאבה שהועתקו מלשון מצרי ללשון קדר. ואם היה הדבר כן בשם משה מי המונע לומר כזה בשם אדם וחוה איש ואשה וקין ושת ונח ופלג ושאר שמות העצם מהאנשים הראשונים שעם היותם נגזרים משמו' הענינים יתכן שהיו מועתקים ומתורגמים ללשון העברית מהלשון אשר דברו בו ראשונה ולא תלקח אם כן מהם ראיה על היות הלשון העברית ראשונה ללשונות כלן ושבה נברא העולם וניתנה התורה כדברי חכמינו זכרונם לברכה הקדושים וכמו שפרשתי בסדר בראשית: ", 
                "אבל זה א\"א לציירו בשום לשון רוצה לומר שיועתקו ויתורגמו שמות העצם הפרטים הנגזרים מהענינים מלשון ללשון עם היות שיועתקו הענינים אשר מהם יוגזרו לפי שהיה זה חסרון גדול וסכלות עצום לא יעשהו שום בעל שכל הלא תרא' שמי שיקרא ד\"מ שמעון בלשון עברי נגזר מלשון שמיעה יקרא שמעון גם כן בכל לשון מהלשונו' עברי או ערבי רומי או פרסי יוני או הודיי וזולתו לפי ששם העצם הפרטי לא יתורגם ולא יועתק מלשון ללשון בשום צד אבל שם הענין שממנו נגזר שם שמעון שהיא מלת שמיעה תתחלף אצל כל אחד מבעלי אלה הלשונות וזה הענין פשוט ומוסכם בכל הלשונות ולכן כל מעתיק ספר ומתרגם אותו יעתיק כל מלה ומלה מהענינים והספורים והשמות הכוללים זולתי שמות בני אדם הפרטים שלא יתרגמם בשום צד אבל יזכור אות' בשמות שהונחו להם בראשונה וכן עשה אונקלוס ושאר המתרגמים ולכן תרגם ותקרא שמו משה וקריאת שמיה משה ואמרת ארי ממיא שחלתיה שהוא לא תרגם שם משה אבל תרגם מלת משיתהו ולכן לא נשאר שום יחס בלשון ארמית ללשון משה עם לשון שחלתיה כמו שהיה בהם היחס וההדמות בלשון העברית ומפני זה זכרה התורה שמות האנשים הפרטיים כפי מה שנקראו בלשונותיהם בראשונה לכן יתרו ורעואל בלק ובלעם סיחון ועוג פוטיפר אסנת בת פוטיפרע שהם שמות מלשונות העמים ואין ספק שהיו נגזרים בלשונותם משמות ענינים שקרו וכבר כתב הראב\"ע שצפנת פענח שקרא פרעה שם יוסף היה שם מצרי שפירושו מגלה עמוקות ועם היותו שם ליוסף העברי לא העתיקהו התורה לאמר ויקרא פרעה שם יוסף מגלה עמוקות לפי ששמות העצם הפרטיים לא יועתקו מלשון ללשון ואחר שהדבר כן איך נאמר אנחנו בשם אדוננו מרע\"ה שהעתיקה התורה שמו המפורסם שנקרא בו מלידתו אשר לא כדת אם היה שמו מוניוס כדברי ראב\"ע ולמה לא עשתה התורה בו כמו שהוא אומר ומעיד שעשה בעל לשון קדר כשהעתיק ספרי הצאבה מלשון מצרית שזכר שם מוניוס תמיד כאשר הוא בלשון המצרית ולמה התורה לא תעשה כן אבל בלי ספק כל זה הוא טעות מבואר להראב\"ע ושאר המפרשים כי הנה אדון הנביאים נקרא משה מתחלה עד יום מותו ולא הועתק שמו ולא נשתנה והטעות הזה קרה להם בחשבם שמה שאמרה תורה ותקרא שמו משה יחזור לבת פרעה ושהיא אמרה מדברת בעדה כי מן המים משיתהו שרוצה לומר כי מן המים משיתי אותו ואין הדבר כן כי כל תי\"ו הנקבה הנזכר בזה הפסוק היא כנוי לצדקת אם משה לא לבת פרעה כמו שאמר ותקח האשה את הילד ותניקהו ותביאהו לבת פרעה. ועליה נאמר גם כן ותקרא שמו משה ותאמר כי מן המים משיתהו ופירוש הכתוב כך הוא שאמו של משה לקחה הילד ותניקהו ואחרי אשר גמלתו הביאתהו לבת פרעה שלקחה אותו לה לבן וכשהביאתהו לפניה קראה שמו משה רוצה לומר יוכבד הנזכרת קראתהו כן כי היא אמרה לבת פרעה שהיא ובני ביתה היהודים קראו שמו משה ותאמר רוצה לומר אמו של משה אמרה לבת פרעה כי מן המים משיתהו כלומר גברתי הלא קראתי אותו משה ע\"ש המאורע שהיה לך עמו כי מן המים משית אותו ותדע ותשכיל מזה שמלת משיתהו אינה פועל עבר למדבר בעדו עם כנוי הזכר אבל היא פעל עבר לנמצאת לנוכח עם כנוי הזכר וזה מסכים לדקדוקו שאם היה לשון למדבר בעדו היה לו לומר משיתיהו עם יו\"ד בין התי\"ו והה\"א כי הוא סימן למדבר בעדו וענינו משיתי אותו אבל הוא חסר יו\"ד בין התי\"ו והה\"א משיתהו שפירושו משית אותו והוא על משקל אוי לי אמי כי ילדתני. לבבתני אחותי כלה לבבתני שהם כלם לנקבה לנוכח רוצה לומר ילדת אותי לבבת אותי. ולכן אין שם יו\"ד אחר התי\"ו ולא תמצא חסרון יו\"ד במדברים בעדם בין זכרים בין נקבות כמו כי מאסתיהו. אם אנכי ילדתיהו. ואני עשיתיני לא מצאתיה על כן לא נתתיה. כל אלה בזכרים המדברים בעדם בכנוי לזכר או לנקבה וכלם עם יו\"ד אחר התי\"ו. ובנקבה בקשתיהו ולא מצאתיהו וגם אנכי השאלתיהו שכלם בספרים המדוייקים עם יו\"ד אחר התי\"ו לסימן המדברת בעדה. הנה התבאר מזה שאמו של מרע\"ה היא היתה אשר קראה את שמו משה בלשון העברית לא בת פרעה ושלא הועתק ולא תורגם שמו של משה מלשון מצרית ללשון עברית כדברי הראב\"ע ושעל אמו של משה אמר הכתוב ותאמר כי מן המים משיתהו שהיא אמרה לבת פרעה הנה אנכי קראתי שמו משה בלשוננו העברית לפי שאת משית אותו מן המים. ואמנם עדות הראב\"ע שראה בספרי הצאבה שהיו קורין למשה מוניוס אינו סותר לזה ואפשר שיהיה על אחד משני פנים. האחד שמוניוס הוא עצמו משה כי הוא שם קרוב במבטא לשם משה לפי שהגזר הא' הוא אחד בשניהם רצונינו וזהו האות השרשיית הראשונה של שם משה אמנם השנית שהיא שי\"ן היא עצמה הסמ\"ך שבמוניוס כי ברוב האומות קורין את השי\"ן סין וגם היום הישמעלים קורין לו מיסא והנה אין בו האות השלישי מהשרשיית רצו' הה\"א שהיא למ\"ד הפועל לפי שאינה ניכרת במבטא ולכן לא יכתב בשום לשון שם משה עם ה\"א זולתי בלשון העברית ומה שהוסיפו בשם מוניוס גזר ני\"ו היה מהשנויים אשר יקרו בהחליף ובהעתיק השם מלשון ללשון באמצעות לשון אחרת כמו שהיה מועתק שם משה העברי אל לשון קדר באמצעות לשון מצרי ואולי שהיה גם כן באמצעות היונית או הפרסיית או לשון אחרת שכל אחד משנה שנוי מה בשמות העצם כפי דרך המבטא שלו הלא תראה שהרומיים קורין שם משה מוישיש והיהודים קורין לפלאטו האלקי אפלטון וקורין לאלישנדרי אלכסנדרוס לפי שרוב שמות העצם עם היותם אחד בכל הלשונות מבטאם משונה מלשון ללשון אם מעט ואם הרבה לא שיעתיקו השמות כי תמיד יקראום כפי הנחתם הראשונה אבל שישתנו מדרך המבטא שנוי מה בכל אומה ואומה וכן הוא הענין במוניוס שהוא עצמו שם משה אלא שנשתנה מטבע חלוף המבטאות בלשונות אשר עבר בהם. והפן השני הוא שאנשי לבב יאמרו לי ששם מוניוס בלשון מצרים הקדומה פירושו מפליא ונקרא כפי זה אדון הנביאים אצל המצריים בזמן שליחותו מפליא מפני הפלאות שעשה לעיניהם יהיה אם כן מוניוס לו שם התואר נוסף על שמו העצמי שהוא משה. ואולי שמוניוס ענינו מאניוס שפירושו בלשון יון גדול או מפליא לעשות והיוצא מזה כלו ששם משה היה שמו העצמי שעטרה לו אמו ושם מוניוס שקראוהו המצרים הוא שם התאר למעלתו וגודל חכמתו מונח מהמצרים ואחרי היותו בן פ' שנה בעמדו לפני פרעה והתפרסם מעשיו וחכמותיו הנפלאים כי כן קראנוהו אנחנו גם כן בלשוננו מחוקק ואיש האלהים ועבד י\"י ודומיהם: "
            ], 
            "links": [
                {
                    "category": "Tanakh", 
                    "sourceHeRef": "שמות ב׳:י׳", 
                    "index_title": "Exodus", 
                    "sourceRef": "Exodus 2:10"
                }
            ], 
            "text": ""
        }, 
        {
            "segmentNumber": "11", 
            "he": [
                "ויהי בימים ההם ויגדל משה ויצא אל אחיו וגומר עד ויהי בימים הרבים ההם וימת מלך מצרים וגומר ידמה שהיה משה כבן כ' שנה כשהרג את המצרי וברח מלפני פרעה וכל מה שכתוב בדברי הימים של משה אפשר שיהיה אמת ושקודם שהגיע לארץ מדין מלך בארץ כוש ארבעים שנה ולקח שם אשה כושית ואח\"כ ירד למדין ונשא את צפורה והוא כמו בן שבעים שנה ואז נולד לו גרשום וכשהיה בן פ' שנה נולד לו אליעזר ברדתו למצרים ואולי היה הענין כפי מה שנראה מפשטי הכתובים שמיד כשגדל משה ויצא אל אחיו והרג את המצרי ברח למדין ולקח את צפורה בבחרותו וילדה לו את גרשום אם כן איך המתינה ללדת בכמו ס' שנה עד שנולד אליעזר. ועוד שהכתוב אומר ויקח משה את אשתו ואת בניו וירכיבם על החמור ואם היה אז גרשום איש גדול איך הרכיבו את כלם על חמור אחד אך כפי הנראה מן האמת ששניהם היו אז קטנים ורוכבים עם האם על החמור כי גרשום יושב מאחורי אמו ואליעזר בתוך חיקה. האמנם קצרה התורה בספור מה שקרה לו בארץ כוש לפי שכל מה שעשה משה בזה היה אבוד זמן ולא היה אותו מלכות אשר בחר בו השם ולא הארץ אשר השם דורש אותה והעם היושב בה הוא עם בזוי ושסוי נמשל כבהמות נדמו על כן לא נזכר דבר מזה בכתוב כי אם ממה שקרהו במדין ובהר האלהים כי שם צוה ה' את הברכה חיים עד העולם והיא היתה הכוונה האלהית לא בארצות כוש. ואמר ויצא אל אחיו וירא בסבלותם לפי שמשה תמיד דבקה נפשו ביוכבד אשר גדלתו ובבניה ואחרי שנתגדל ידע מהם אמתת ענינו ושהוא מילדי העברים עם היות שבת פרעה גדלתו כבן ולכן היה יוצא אל אחיו העברים שהיו חוץ לעיר בבניני המלך ומשה יצא מארמון המלכות וילך אל אחיו העברים או אל אחיו הלויים או היו אחיו ממש מקרובי עמרם ויוכבד כי העברים בכלל נקראים אחים שנאמר ולאחיך לא תשיך. לא יגוש את רעהו ואת אחיו. והנה משה כשנתקיים בשכלו וידע על נכון את אביו ואת אמו והכיר את אחיו חם לבו בקרבו לראות ענינם ולכן יצא מבית המלכות וילך אל מעמדם וירא בסבלותם. והותרה בזה השאלה השלישית. ותקצר נפשו בעמלם ונתחבר לזה שראה איש מצרי מכה איש עברי מאחיו על לא חמס בכפיו ולכן התעורר להכותו. והראב\"ע פירש ויצא אל אחיו המצרים והנה פירשו כן מפני שנאמר וירא בסבלותם כי לפי דעתו הסבלות שב אל המצרי הפועל אותו ואינו דעת הכרחי כי הוא לפעמים שב אל הפעול ולפעמים אל הפועל ורחוק הוא שהכתוב יקרא אח אל המצרי ולא לשום אומה אחרת רק לאדומי שנאמר כי אחיך הוא והנה משה חשש שיודע כי הוא הכה את המצרי ולכן ויפן כה וכה לדעת אם יש אדם שרואה אותו וכאשר ראה כי אין איש צופה ומביט מה שיעשה כי אם המוכה הכה את המצרי ויטמנהו בחול כדי שלא ירגישו בו שנהרג שאם היה נראה הרוג על פני השדה היו מבקשין גואלי דמו וחוקרין אחרי הרוצח וגם זה מורה על שלמות תכונת אדון הנביאים ומזגו ואומץ לבבו שעם היותו קטון השנים מתערב עם המצריים לא נשא לבו עלבון אחיו ועמלן וסכן נפשו בהריגת המצרי לנקום נקמת בני ישראל. וי\"מ ויפן כה וכה וירא כי אין איש שחשב משה מחשבות מצד אחד ראה שאין ראוי לעשותו כי מה לו ולצרה ההיא ואולי שהמצרי יהרוג אותו. ומצד אחר ראה שהאדם המעולה הבט אל עמל לא יוכל ושבמקום שאין אנשים ראוי שישתדל להיות איש וזה אמרו ויפן כה וכה שהן שתי הבחינות שזכרתי וירא כי אין איש רוצה לומר שלא יקרא משה איש ואמיץ לבו בגבורים אם לא שינקום דמי אחיו ולכן ויך את המצרי והנה לא חשב משה שהעברי המוכה יגלה הדבר אחרי אשר הצילו מיד מכהו. ויצא ביום השני להריגת המצרי וזה מורה שלא יצא לראות בסבלות אחיו רק בשני הימים האלה ובאחד מהם הרג את המצרי ובשני ראה שני אנשים עברים נצים ומריבים זה עם זה והאחד בעל חמה רצה להכות את חברו דרך חמס ללא סבה ולזה קראו רשע לפי שהיה רשע בדינו ושאלו למה תכה רעך ומאשר אמר תכה ולא אמר הכית למדו חכמים זכרונם לברכה שאפילו בהרמת יד נקרא רשע וחכמינו זכרונם לברכה אמרו שהיו אלה דתן ואבירם ויקשה עליהם מה שאמר יתברך למשה לך שוב מצרימה כי מתו כל האנשים המבקשים את נפשך ונצטרכו מפני זה לומר כי נענו והעני חשוב כמת גם נכון לומר שדתן ואבירם עם היות שאמרו למשה מה שאמרו ולא הלשינוהו למלך ולא בקשו את נפשו ולכן לא נכללו במאמר כי מתו כל האנשים המבקשים את נפשך. והנה אמר זה הרשע למשה מי שמך לאיש שר ושופט עלינו וגומר לפי שרצה לחרפו ולגדפו אם ראשונה באמרו מי שמך לאיש כלומר הלא אתה נער ובער ומי שמך לאיש אמיץ לבו בגבורים לעצור כח בזה. ועוד מי שמך לאיש שר האם חשבת שאתה בן בת פרעה מזרע המלוכה ומן הפרתמים מי שמך לשר כי אתה מכלל היהודים האמללים ואף שנודה שאתה איש ואתה שר עדין יקשה מי שמך לשופט בינינו א\"כ יש לך בזה ג' סכליות הא' שחשבת עצמך איש ואתה נער. והב' שחשבת עצמך שר ואתה עבד נקלה ופחות. והג' שחשבת עצמך שופט נגיד ומצוה לאומים ואתה ריק שברקים. הלהרגני אתה אומר. ר\"ל האם תדבר אלי כדברים האלה למה תכה רעך כדי להתקוטט עמי כשתבוא להרגני כאשר הרגת את המצרי. או יאמר הלהרגני אתה אומר שאתה אומר ומצוה לבעל ריבי שיהרגני כמו שאתה הרגת את המצרי. ויירא משה ויאמר אכן נודע הדבר ר\"ל שהעברי המוכה אשר נקמתי את נקמתו הוא הגיד הדבר ובחשבו שהרשע ההוא ילך ויפרס' הדבר לפני פרעה ויברח משה מלפני פרעה ר\"ל מכל מקומות ממשלתו ובמדרש אמרו אכן נודע הדבר מלמד שהיה משה מהרהר מה ראה הקדוש ברוך הוא לשעבד את ישראל יותר מכל האומות וכו' רוצה לומר שאז ידע סבת גלותם שהיה מפני רשעתם כיון שגם העברי המוכה שנקם משה נקמתו גלה סודו והביאו לסכנה. ומדרש אחר אמרו והלא אתה בן עמרם ומי שמך לאיש שר ושופט עלינו אני אלך ואלשין זה אל פרעה ועל זה ויירא משה ויאמר אכן נודע הדבר רוצה לומר נודע הדבר שהיה בן עמרם ולכן ברח מפני פרעה כי שמע פרעה ענינו ואיך הושלך ליאור ומשתה אותו בתו משם ועל זה בקש להרוג את משה לא על הריגת המצרי. והותרה בזה השאלה הד' והנה אמר וישב בארץ מדין וישב על הבאר ב' פעמים וישב להגיד שלא קרה הספור הזה מבנות מדין מיד כשברח מארץ המצרים ונכנס בארץ מדין אבל הוא ישב בארץ מדין ימים רבים ואולי אחרי שבא מארץ כוש כמו שכתוב בדברי הימים אשר לו ואחר כך קרה שיום אחד נזדמן לו שישב על הבאר ואז קרה מה שקרה מבנות יתרו. והנה נסמכו שלשת הספורים האלה רוצה לומר מהריגת המצרי ומן השני אנשים עברים נצים ומבנות מדין אחרי ספור גדול משה בבית פרעה לא מפני שהיו רצופים בזמן אחד אלא להודיע מעלות משה ושלמיותיו כי הוא נתגדל ראשונה בבית המלכות אשר לפרעה כדי שילמד טכסיסי המלוכה ודרכי ההנהגה והמלכות אשר הוא ממה שיאמץ לבבו ויגדל את רוחו שנמשך לו מזה היות לבו אמיץ בגבורים לא ישיב מפני כל והבט אל עמל לא יוכל לא במצרים וגם לא במדין שהיה גר ובורח ולמדנו מזה שמשה היה בטבעו ותכונתו צדיק וישר וגדול הלב והן המדות הראויות אל הנביא והמכינות אל הנבואה באמת. והנה אמר שהיו לכהן מדין רוצה לומר אדון המחוז ההוא או המשרת האלהות בארץ ההיא שבע בנות בתולות והגדולה והנכבדת שבהן היתה צפורה. והנראה מלשון הכתוב שלא היו בנותיו רועות הצאן רק היו באות לדלות ולמלאות את הרהטים עד שישתו הצאן ואחר כך שולחות הצאן ביד הרועים שלהן והנה שבות אל אביהן ולזה נאמר ותבאנה ותדלנה ותמלאנה את הרהטים כי זה היה מעשיהן לא לרעות הצאן ולזה לא נאמר בהן כי רועות הנה כמו שנאמר ברחל כי רועה היא. וידמה שהנערות האלה מפני צניעותן היו מקדימות לבא וממלאות את הרהטים כולן ומשקות צאן אביהן בבת אחת לפי שאם לא ימלאו רק שוקת אחת והרועים ימלאו את השקתות האחרות כלן וישקו איש את צאנו נמצאו הנערות בין הרועים זמן רב עד אשר ישקו כל העדרים ואין דרך הצנועות בכך ולכן הנה היו באות בתחלה וממלאות את השקתות כלן מים כדי שבבת אחת ישקו כל צאנן והנערות תלכנה להן כי היה חסרון מים בכל הארץ ההיא. אמנם הרועים דנו אותן לכף חובה וחשבו כי מפני גאה וגאון להיות בנות הכהן היו עושות כן כאלו כל הארץ לפניהן לעשות כישר בעיניהן ולכן הרועים אחר שדלו הנערות את המים כמנהגן ותמלאנה את הרהטים להשקות את צאנן באו הם ויגרשום רוצה לומר שגרשו את צאן הנערות מאצל הרהטים כדי להשקות הרועים את צאנם במים אשר הנערות דלו להן ואין לפרש ויגרשום לבנות עד שלא תדלנה שאם כן היה צריך לכתוב ויגרשון בנ\"ון סימן לנקבות ועוד שכבר דלו ומלאו את הרהטים אבל אמר ויגרשום שהרועים גרשו את צאן הבנות מהרהטים שלא ישקום המים אשר הנה דלו לצאנן ומרע\"ה בראותו העול המפורסם הזה שהיו עושים הרועים לאותן הבנות קם מעל הבאר שהיה יושב בו ויושיען מיד הרועים שלא יכו אתהן וישק את צאנם של רעואל ובנותיו והיה זה במה שהוכיח לרועים שהדין עם הבנות ושראוי שצאנן ישתו המים אשר הנה דלו. ואמר ותבאנה אל רעואל אביהן אם לפי שהיו לו שמות הרבה או לפי שהוא היה אבי אביהן והנה שאל אותן מדוע מהרתן בא היום כי בשאר הימים היו באות באחרונה מפני הרועים הנזכרים והן השיבוהו איש מצרי הצילנו מיד הרועים כי קראוהו מצרי לפי שהיה מדבר בלשון מצרים. ויתכן שהיו המדינים יראים מהמצרים כי מושלים היו בארצם ולכן אמרו שהוא הציל אותן באופן שלא יכלו הרועים לגרש את הצאן ולהכות אותן וגם דלה דלה לנו רוצה לומר שלא די שהושיע את המים אשר דלינו שלא יקחום הרועים להשקות את צאנם אבל גם דלה דלה לנו מים אחרים כי לא הספיקו המים אשר דלינו אנחנו מאשר חמל עלינו פן לא יניחונו הרועים לדלות. ויתרו הוכיח את בנותיו ואמר למה היו כפויי טובה עמו בשעזבוהו ולא קראו אותו לאכול לחם עמו: ויתכן ששלח אחריו לבקשו והוא הפציר ובא עכ\"פ והוא אמרו ויאמר אל בנותיו ואיו למה עזבתן את האיש קראן לו וגומר וכתיב ויואל משה לשבת את האיש כי מפני שהפציר בו רצה לאכול מפתו. והנכון שכאשר דבר משה עם יתרו ומצא בו טוב טעם ודעת רצה להתחבר עמו מפני חכמתו והוא אמרו ויואל משה לשבת את האיש כי לא נתישב שמה מפני צפורה שלקחה לו לאשה אבל הואיל משה לשבת עם יתרו מפני חכמתו ולזה כיוונו חכמינו זכרונם לברכה במה שאמרו במדרש שמטה האלהים היה נטוע בפרדס של יתרו ולא היה יכול שום אדם לזוזו מקומו רק משה ועל זה נתן לו את צפורה בתו לאשה. רצו בזה לעץ החיים אשר בתוך הגן שהוא מליצה לחכמת משה שמפניה זכה לנבואה ומטה הידיעה ההיא היה נטוע בפרדס יתרו ולבו ולא יכול אדם ללוקחו משם כי אם משה ובו עשה האותות והמופתים הנה אם כן הואיל משה לשבת עם יתרו בחכמתו ויתרו נתן לו את צפורה בתו לאשה מפני חכמתו של משה ולכן נקראו רעים כמו שנאמר וישאלו איש לרעהו לשלום. והנה קרא משה את שם בנו הראשון אשר ילדה לו צפורה גרשום והיא מלה מורכבת אם שיהי' פירושו גר משומם רוצה לאמר שלא ידע אנה ילך ומה יעשה או שם גר רומז שהיה גר במקום ההוא. ואולי שרמז אל ארץ כוש אשר גר שם בראשונה והראיה לדבר באמרו גר הייתי בארץ נכריה ולא אמר גר אנכי. יאמר שיהיה הבן הראשון הזה זכרון לגרותו אשר היה בארץ כוש ולכן לא שם מלת אלהות בשם גרשום כמו ששם באליעזר לפי שבארץ כוש לא היה בו דבקות אלהי כמו שהרגיש בעצמו בארץ מדין. האמנם לא קרא הבן הנולד לו ראשון אליעזר לאמר כי אלהי אבי בעזרי ויצילני מחרב פרעה לפי שעדין היה בורח מחמת מלך מלאכי מות פרעה והוצרך מפחדו ללכת מגוי אל גוי וממלכה אל עם אחר וגם שם לא היה בטוח ולזה קרא לבן הראשון גרשום לרמוז אל היותו מגורש מארצו ומעמו אמנם כשהובטח ממנו יתברך ואמר לו לך שוב מצרימה כי מתו כל האנשים המבקשים את נפשך אז קרא לבן הנולד לו בזמן ההוא אליעזר כי אלהי אביו עזרו והצילהו מחרב פרעה כי אחרי שמתו המבקשים את נפשו כבר ניצל מחרב פרעה ולא קודם לכן. והותרה בזה השאלה הה': "
            ], 
            "links": [
                {
                    "category": "Tanakh", 
                    "sourceHeRef": "שמות ב׳:י״א", 
                    "index_title": "Exodus", 
                    "sourceRef": "Exodus 2:11"
                }
            ], 
            "text": ""
        }, 
        {
            "segmentNumber": "12", 
            "he": [], 
            "links": [], 
            "text": ""
        }, 
        {
            "segmentNumber": "13", 
            "he": [], 
            "links": [], 
            "text": ""
        }, 
        {
            "segmentNumber": "14", 
            "he": [], 
            "links": [], 
            "text": ""
        }, 
        {
            "segmentNumber": "15", 
            "he": [], 
            "links": [], 
            "text": ""
        }, 
        {
            "segmentNumber": "16", 
            "he": [], 
            "links": [], 
            "text": ""
        }, 
        {
            "segmentNumber": "17", 
            "he": [], 
            "links": [], 
            "text": ""
        }, 
        {
            "segmentNumber": "18", 
            "he": [], 
            "links": [], 
            "text": ""
        }, 
        {
            "segmentNumber": "19", 
            "he": [], 
            "links": [], 
            "text": ""
        }, 
        {
            "segmentNumber": "20", 
            "he": [], 
            "links": [], 
            "text": ""
        }, 
        {
            "segmentNumber": "21", 
            "he": [], 
            "links": [], 
            "text": ""
        }, 
        {
            "segmentNumber": "22", 
            "he": [], 
            "links": [], 
            "text": ""
        }, 
        {
            "segmentNumber": "23", 
            "he": [
                "ויהי בימים הרבים ההם וימת וגומר עד ומשה היה רועה. כתב הרמב\"ן כי מפני שהיה נר' מהספורים אשר קדמו שהיו תכופים זה לזה בזמן אמר הכתוב ויהי בימים הרבים ההם להגיד שכל זה קרה בכמו ששים שנה שעברו משיצא משה מלפני פרעה עד שבא אליו הדבור שישוב למצרים. ונ\"ל שזה כבר גלה אותו הכתוב באמרו ומשה בן שמונים שנה ואהרן בן שלש ושמונים שנה בדברם אל פרעה. ואמרו במדרש שמפני שהיו אותם הימים של צער קורא אותם הכתוב ויהי בימים הרבים ההם וכן ואשה כי תזוב זוב דמה ימים רבים ולפי זה על הימים שמת בהם מלך מצרים ויאנחו בני ישראל מן העבודה דבר הכתוב הזה ואף על פי שהיו ימים מועטים קרא אותם ימים רבים כמו שימי השמחה והתענוג בהיותם רבים נרא' כאלו הם מועטים וכמו שאמר ויהיו בעיני כימים אחדים. ואפשר לפרש לפי דרכם ז\"ל שבימים הרבים ההם שמת מלך מצרים ועברו ימי בכיתו ימים רבים כי כן ימלאו ימי החנוטים צוו על היהודים לספוד למלך ולבכותו כמשפט העבדים לאמר הוי אדון והוי הודו והנה הם הסיחו את דעתם מהספד המלך ובכיתו ויאנחו בני ישראל מן העבודה ויזעקו זעקה גדולה ומרה על עצמם לא על המלך ותעל שועתם אל האלהים לא ממיתת המלך אלא מן העבודה ויותר נכון כי לפי שפסק הכתוב מספור שעבוד ישראל במצרים וענינם כדי לספר בלידתו של משה ותוצאותיו ובריחתו אל מדין רצה עכשיו לחזור לספר ענין הענוי והשעבוד ולהודיע ענין גאולתם כחוזר אל הענין הראשון וע\"ז אמר ויהי בימים הרבים ההם רוצה לומר אותם שנזכרו למעלה שמתו בהם יוסף ואחיו וכל הדור ההוא ובני ישראל פרו וישרצו ושמת מלך מצרים הראשון האוהב אותם ויקם מלך חדש על מצרים אשר לא ידע את יוסף וחדש עליהם גזרות קשות כי בכל זה היו ימים רבים. והיותר ישר בעיני הוא שמלך מצרים אותו אשר חדש עליהם אותם הגזרות הקשות משום כל המצר לישראל נעשה ראש מלך ימים רבים ושנים ארוכים ועז\"א ויהי בימים הרבים ההם וימת מלך מצרים כי אחרי ימים רבים שמלך מת ואז ויאנחו בני ישראל מן העבודה כי בראותם שכל מלך חדש בקומו היה מחדש עליהם גזרות קשות יותר מן הראשון לכן כשמת מלך מצרים צעקו בני ישראל מן העבודה אם ליראתם מהמלך החדש שיוסיף עליה ואם להתחנן לו שיקל עולם כי לא יוכלו לסבלו. ועם היות צעקתם למלך הנה עלתה שועתם אל האלהים מכובד עבודתם ושמע נאקתם שהיא היוצאת מן הלב מתוך הצער והמצוקה ועם זה זכר אלהים את בריתו אשר כרת את אברהם את יצחק ואת יעקב וראה שהגיע קץ וזמן גאולתם ועה היות שבני ישראל מצד עצמם היו רעים וחטאים לה' מאד כי היו עובדים ע\"ז במצרים כמו שזכר הנביא יחזקאל הנה השם ברחמיו וברוב חסדיו רחם עליהם ועבר על פשעם וזה פירוש וירא אלהים את בני ישראל וידע אלהים ר\"ל שמצד אחד שמע נאקתם וזכר את בריתו ומצד אחר ראה את בני ישראל שהיו עושים כמעשה ארץ מצרים בע\"ז שלהם ועכ\"ז הכריע כף הזכות וידע השם אותם ורחם עליהם לגאלם כי לשון ידיעה תפל על הרחמים להיות החסד והרחמים נמשכין לידיעה וכמוהו ויודע חוסי בו. יודע צדיק נפש בהמתו. והותרו בזה שתי השאלות האחרונות ו' וז': "
            ], 
            "links": [
                {
                    "category": "Tanakh", 
                    "sourceHeRef": "שמות ב׳:כ״ג", 
                    "index_title": "Exodus", 
                    "sourceRef": "Exodus 2:23"
                }
            ], 
            "text": ""
        }
    ], 
    "book": "Abarbanel on Torah, Exodus", 
    "prev": "Abarbanel on Torah, Exodus 1:1", 
    "textDepth": 3, 
    "sectionNames": [
        "Chapter", 
        "Verse", 
        "Paragraph"
    ], 
    "sections": [
        2
    ], 
    "isComplex": true, 
    "titleVariants": [
        "Exodus"
    ], 
    "categories": [
        "Commentary2", 
        "Tanakh", 
        "Abarbanel"
    ], 
    "ref": "Abarbanel on Torah, Exodus 2", 
    "type": "Commentary2", 
    "addressTypes": [
        "Integer", 
        "Integer", 
        "Integer"
    ], 
    "indexTitle": "Abarbanel on Torah", 
    "heIndexTitle": "אברבנאל על תורה", 
    "alts": [], 
    "order": ""
}