{
    "sections": {
        "Kessef Mishneh on Mishneh Torah, Creditor and Debtor 23:3": {
            "content": [], 
            "heTitle": "כסף משנה על משנה תורה, הלכות מלווה ולווה", 
            "indexTitle": "Kessef Mishneh on Mishneh Torah, Creditor and Debtor", 
            "sectionRef": "Kessef Mishneh on Mishneh Torah, Creditor and Debtor 23:3", 
            "prev": "Kessef Mishneh on Mishneh Torah, Creditor and Debtor 22:10", 
            "ref": "Kessef Mishneh on Mishneh Torah, Creditor and Debtor 23:3", 
            "heRef": "כסף משנה על משנה תורה, הלכות מלווה ולווה כ״ג:ג׳", 
            "next": "Kessef Mishneh on Mishneh Torah, Creditor and Debtor 23:5"
        }, 
        "Kessef Mishneh on Mishneh Torah, Creditor and Debtor 23:2": {
            "content": [], 
            "heTitle": "כסף משנה על משנה תורה, הלכות מלווה ולווה", 
            "indexTitle": "Kessef Mishneh on Mishneh Torah, Creditor and Debtor", 
            "sectionRef": "Kessef Mishneh on Mishneh Torah, Creditor and Debtor 23:2", 
            "prev": "Kessef Mishneh on Mishneh Torah, Creditor and Debtor 22:10", 
            "ref": "Kessef Mishneh on Mishneh Torah, Creditor and Debtor 23:2", 
            "heRef": "כסף משנה על משנה תורה, הלכות מלווה ולווה כ״ג:ב׳", 
            "next": "Kessef Mishneh on Mishneh Torah, Creditor and Debtor 23:5"
        }, 
        "Kessef Mishneh on Mishneh Torah, Creditor and Debtor 23:1": {
            "content": [], 
            "heTitle": "כסף משנה על משנה תורה, הלכות מלווה ולווה", 
            "indexTitle": "Kessef Mishneh on Mishneh Torah, Creditor and Debtor", 
            "sectionRef": "Kessef Mishneh on Mishneh Torah, Creditor and Debtor 23:1", 
            "prev": "Kessef Mishneh on Mishneh Torah, Creditor and Debtor 22:10", 
            "ref": "Kessef Mishneh on Mishneh Torah, Creditor and Debtor 23:1", 
            "heRef": "כסף משנה על משנה תורה, הלכות מלווה ולווה כ״ג:א׳", 
            "next": "Kessef Mishneh on Mishneh Torah, Creditor and Debtor 23:5"
        }, 
        "Kessef Mishneh on Mishneh Torah, Creditor and Debtor 23:7": {
            "content": [
                {
                    "segmentNumber": "1", 
                    "links": [
                        {
                            "category": "Halakhah", 
                            "index_title": "Mishneh Torah, Creditor and Debtor", 
                            "sourceHeRef": "משנה תורה, הלכות מלווה ולווה כ״ג:ז׳", 
                            "sourceRef": "Mishneh Torah, Creditor and Debtor 23:7"
                        }
                    ], 
                    "he": "<b>ראובן שמכר שדה לשמעון וכו'.</b> כתב ה''ה דין זה לא ידעתי בשום מקום וכו' עד שאפילו בקנין יש אסמכתא ולפי' זה שכתב רבינו ואם קנו מידו שהוא ערב הרי זה חייב התם לאו אסמכתא היא שהרי נתחייב לשלם כל עת שירצה שמעון לתבעו והוי מעכשיו ולי נראה שטעם רבינו דכשאדם מלוה לחבירו והלה נכנס לו ערב בשבילו כיון דמלוה להוצאה ניתנה מעת שנכנס ערב נכנס אדעתא שיוציא זה הלואתו ויפרע הוא בעדו הילכך לא הויא אסמכתא אבל בערב דשדה כיון שזה רואהו מוכר שדה זו ואין עליו ערעור כשנכנס ערב ודאי אדעתא דקים ליה שלא יוציאוהו מתחת יד זה נחית ואילו היה יודע שיוציאוהו מתחת ידו לא היה נכנס ערב הלכך הוי אסמכתא: \n\n"
                }
            ], 
            "heTitle": "כסף משנה על משנה תורה, הלכות מלווה ולווה", 
            "indexTitle": "Kessef Mishneh on Mishneh Torah, Creditor and Debtor", 
            "sectionRef": "Kessef Mishneh on Mishneh Torah, Creditor and Debtor 23:7", 
            "prev": "Kessef Mishneh on Mishneh Torah, Creditor and Debtor 23:5", 
            "ref": "Kessef Mishneh on Mishneh Torah, Creditor and Debtor 23:7", 
            "heRef": "כסף משנה על משנה תורה, הלכות מלווה ולווה כ״ג:ז׳", 
            "next": "Kessef Mishneh on Mishneh Torah, Creditor and Debtor 23:9"
        }, 
        "Kessef Mishneh on Mishneh Torah, Creditor and Debtor 23:6": {
            "content": [], 
            "heTitle": "כסף משנה על משנה תורה, הלכות מלווה ולווה", 
            "indexTitle": "Kessef Mishneh on Mishneh Torah, Creditor and Debtor", 
            "sectionRef": "Kessef Mishneh on Mishneh Torah, Creditor and Debtor 23:6", 
            "prev": "Kessef Mishneh on Mishneh Torah, Creditor and Debtor 23:5", 
            "ref": "Kessef Mishneh on Mishneh Torah, Creditor and Debtor 23:6", 
            "heRef": "כסף משנה על משנה תורה, הלכות מלווה ולווה כ״ג:ו׳", 
            "next": "Kessef Mishneh on Mishneh Torah, Creditor and Debtor 23:7"
        }, 
        "Kessef Mishneh on Mishneh Torah, Creditor and Debtor 23:5": {
            "content": [
                {
                    "segmentNumber": "1", 
                    "links": [
                        {
                            "category": "Halakhah", 
                            "index_title": "Mishneh Torah, Creditor and Debtor", 
                            "sourceHeRef": "משנה תורה, הלכות מלווה ולווה כ״ג:ה׳", 
                            "sourceRef": "Mishneh Torah, Creditor and Debtor 23:5"
                        }
                    ], 
                    "he": "<b>איזהו ערב וכו' אבל אם אמר לו הלוהו ואני ערב וכו' הלוהו ואני קבלן כו' תן לו ואני ערב כולם לשון ערבנות הם ואינו תובעו תחילה.</b> טעמא משום דכל הני לישני משמע אני אפרע לך אם לא יפרע לך הוא אבל תן לו ואני אתן לך דשניהם לשון מתנה משמע קבלנות שבאותו לשון שצוהו למכור לזה קיבל עליו לפורעו דמשמע כאילו הוא עצמו קיבל מיד המלוה: \n\n"
                }
            ], 
            "heTitle": "כסף משנה על משנה תורה, הלכות מלווה ולווה", 
            "indexTitle": "Kessef Mishneh on Mishneh Torah, Creditor and Debtor", 
            "sectionRef": "Kessef Mishneh on Mishneh Torah, Creditor and Debtor 23:5", 
            "prev": "Kessef Mishneh on Mishneh Torah, Creditor and Debtor 22:10", 
            "ref": "Kessef Mishneh on Mishneh Torah, Creditor and Debtor 23:5", 
            "heRef": "כסף משנה על משנה תורה, הלכות מלווה ולווה כ״ג:ה׳", 
            "next": "Kessef Mishneh on Mishneh Torah, Creditor and Debtor 23:7"
        }, 
        "Kessef Mishneh on Mishneh Torah, Creditor and Debtor 23:4": {
            "content": [], 
            "heTitle": "כסף משנה על משנה תורה, הלכות מלווה ולווה", 
            "indexTitle": "Kessef Mishneh on Mishneh Torah, Creditor and Debtor", 
            "sectionRef": "Kessef Mishneh on Mishneh Torah, Creditor and Debtor 23:4", 
            "prev": "Kessef Mishneh on Mishneh Torah, Creditor and Debtor 22:10", 
            "ref": "Kessef Mishneh on Mishneh Torah, Creditor and Debtor 23:4", 
            "heRef": "כסף משנה על משנה תורה, הלכות מלווה ולווה כ״ג:ד׳", 
            "next": "Kessef Mishneh on Mishneh Torah, Creditor and Debtor 23:5"
        }, 
        "Kessef Mishneh on Mishneh Torah, Creditor and Debtor 23:9": {
            "content": [
                {
                    "segmentNumber": "1", 
                    "links": [
                        {
                            "category": "Halakhah", 
                            "index_title": "Mishneh Torah, Creditor and Debtor", 
                            "sourceHeRef": "משנה תורה, הלכות מלווה ולווה כ״ג:ט׳", 
                            "sourceRef": "Mishneh Torah, Creditor and Debtor 23:9"
                        }
                    ], 
                    "he": "<b>שנים שלוו בשטר אחד וכו'.</b> הטור בסי' ע''ז כתב בלשון הזה הרמב''ם ז''ל כתב שנים שלוו בשטר אחד או שלקחו מקח אחד וכן שני שותפין שלוה אחד מהם או שלקח בשותפות יקח ממי שירצה ואם לא היה לאחד כדי החוב חוזר ותובע מהשני השאר עכ''ל אלמא אע''פ שלכל אחד יש כדי החוב יכול לגבות מאחד כל החוב אם ירצה שהרי כתב ואם לא היה כל החוב לאחד מהם חוזר ותובע את השני עכ''ל הטור. ונסחא משובשת נזדמנה לטור בדברי רבינו שהרי גירסת הספרים שלנו בדברי רבינו כך הוא שנים שלוו בשטר אחד או שלקחו מקח אחד וכן השותפין שלוה אחד או שלקח הרי הם ערבים זה לזה אע''פ שלא פירשו שנים שערבו לאחד כשיבא המלוה ליפרע מן הערב יפרע מאיזה מהם שירצה ואם לא יש לאחד כדי החוב חוזר ותובע מהשני בשאר החוב וכתב מהרי''ק בשורש קפ''ג תימה גדולה מ''ש בטור שרבינו משה כתב שנים שלוו בשטר אחד או שלקחו מקח כאחד וכו' שיפרע מאיזה שירצה והנה בדקתי בהרבה ספרי רבינו משה ולא מצאתי שכתב סתם שנעשו ערבים זה לזה ודוקא בשנים שנעשו ערבים לאחד הוא שכתב כן ופשוט דלא דמו כלל דהתם דין הוא שיפרע ממי שירצה דכיון שאין נכסים ללוה ואינו יכול להפרע מן הלוה עצמו אלא מן הערב מה לי ערב זה מה לי ערב אחר הלא שניהם בתורת ערבות ירדו ומשום כך יפרע ממי שירצה אבל שנים שלוו בשטר אחד יש לומר שכל אחד נעשה לוה בחצי המעות וערב בחצי האחר בעבור חבירו כיון שלוו בשטר אחד ומשום כך לא יפרע הכל מהאחד כשיש לשני מה לפרוע דכיון דכל אחד לוה מחצית המעות למה יניח הלוה עצמו כדי להפרע מן הערב דהיינו חצי האחר שרוצה לגבות מזה הלא שנינו המלוה על ידי ערב לא יפרע מן הערב תחלה זהו דעת האומרים שכשיש לשני מה לפרוע שצריך לגבות משניהם ולא מהאחד לבדו וכן יוכל רבינו משה לסבור ואדרבא כן נראה מדבריו מדכתב סתם שנעשין ערבין זה לזה ולא פירש שיכול לגבות ממי שירצה אלא דוקא גבי שנים שנעשו ערבים עכ''ל וגם ה''ה כתב כן בשם הרשב''א וכ''כ הנמוקי יוסף בשם הרשב''א בפרק המפקיד שדעת רבינו כמו שכתבתי ושדין יפה דן הרב ומילי דסברא נינהו: \n\n"
                }
            ], 
            "heTitle": "כסף משנה על משנה תורה, הלכות מלווה ולווה", 
            "indexTitle": "Kessef Mishneh on Mishneh Torah, Creditor and Debtor", 
            "sectionRef": "Kessef Mishneh on Mishneh Torah, Creditor and Debtor 23:9", 
            "prev": "Kessef Mishneh on Mishneh Torah, Creditor and Debtor 23:7", 
            "ref": "Kessef Mishneh on Mishneh Torah, Creditor and Debtor 23:9", 
            "heRef": "כסף משנה על משנה תורה, הלכות מלווה ולווה כ״ג:ט׳", 
            "next": "Kessef Mishneh on Mishneh Torah, Creditor and Debtor 24:3"
        }, 
        "Kessef Mishneh on Mishneh Torah, Creditor and Debtor 23:8": {
            "content": [], 
            "heTitle": "כסף משנה על משנה תורה, הלכות מלווה ולווה", 
            "indexTitle": "Kessef Mishneh on Mishneh Torah, Creditor and Debtor", 
            "sectionRef": "Kessef Mishneh on Mishneh Torah, Creditor and Debtor 23:8", 
            "prev": "Kessef Mishneh on Mishneh Torah, Creditor and Debtor 23:7", 
            "ref": "Kessef Mishneh on Mishneh Torah, Creditor and Debtor 23:8", 
            "heRef": "כסף משנה על משנה תורה, הלכות מלווה ולווה כ״ג:ח׳", 
            "next": "Kessef Mishneh on Mishneh Torah, Creditor and Debtor 23:9"
        }
    }, 
    "ref": "Kessef Mishneh on Mishneh Torah, Creditor and Debtor 23"
}