[{
    "links": [
        [
            "108:1", 
            "Rosh on Gittin 4:49:1", 
            "Commentary"
        ], 
        [
            "108:2", 
            "Rosh on Gittin 4:49:1", 
            "Commentary"
        ]
    ], 
    "text": [], 
    "heTitleVariants": [
        " קרבן נתנאל על גיטין"
    ], 
    "heTitle": " קרבן נתנאל על גיטין", 
    "heRef": " קרבן נתנאל על גיטין ק״ח", 
    "toSections": [
        108
    ], 
    "sectionRef": "Korban Netanel on Gittin 108", 
    "next": "Korban Netanel on Gittin 110", 
    "book": "Korban Netanel on Gittin", 
    "prev": "Korban Netanel on Gittin 106", 
    "textDepth": 2, 
    "sectionNames": [
        "Seif", 
        "siman"
    ], 
    "sections": [
        108
    ], 
    "isComplex": false, 
    "titleVariants": [
        "Korban Netanel on Gittin"
    ], 
    "categories": [
        "Commentary2", 
        "Talmud", 
        "Korban Netanel"
    ], 
    "he": [
        "<b>  שתיקותיך </b>  יפה מדבוריך. וברב אלפס מסיים דאמרי' לה השתא הוא דברית. דס\"ל לרב אלפס דודאי איילונית נמי יש לה רפואה אחת מאלף דאמרינן שרה אמנו איילונית היתה. ומשום דקשה ליה קושיות תוספות ואם היא שתקה אנן מי שתקינן ומש\"ה כתב רב אלפס דגבי איילונית נמי אמרינן השתא הוא דברית כמו שתירץ רב פפא בפ' הבא על יבמתו דף ס\"ה. וא\"ת א\"כ למה אמר רבי יהודה דלא יחזיר הא לא מצי מקלקלה דאמרינן השתא הוא דברית. וי\"ל דמ\"מ מצי לקלקלה דיאמר דאתגליא מלתא למפרע דלא היתה איילונית ולא שהיתה איילונית ונתרפאת. משא\"כ התם דניסת לראשון ושני שהיתה לה סימני אשה כשאר נשים אלא שהיתה עקרה ועצורה מלדת אפילו לעז ליכא דמוכח דהשתא הוא דברית. אלא הכא אם היא תבעה כתובתה אומר לה המוציא מחבירו עליו לאתויי ראיה דלמא איילונית היתה ועכשיו נתרפאת וק\"ל : \n", 
        "0הדרן עלך השולח \n"
    ], 
    "ref": "Korban Netanel on Gittin 108", 
    "type": "Commentary2", 
    "addressTypes": [
        "Integer", 
        "Integer"
    ], 
    "indexTitle": "Korban Netanel on Gittin", 
    "heIndexTitle": " קרבן נתנאל על גיטין", 
    "alts": [], 
    "order": ""
}]