{
    "heTitleVariants": [
        "אורות התחיה"
    ], 
    "heTitle": "אורות, אורות מאופל, אורות התחיה", 
    "heRef": "אורות, אורות מאופל, אורות התחיה מ״ב", 
    "toSections": [
        42
    ], 
    "sectionRef": "Orot, Lights from Darkness, Lights of Rebirth 42", 
    "lengths": [
        72
    ], 
    "next": "Orot, Lights from Darkness, Lights of Rebirth 43", 
    "content": [
        {
            "segmentNumber": "1", 
            "he": "הלאומיות כשהיא רעננה תוכל להשביע מטל החיים הרוחניים שבה גם את היחיד, ומשרישה בקרבו די מוסר ודעת, כל אחד מבני העם, הדבקים בעמם בדבקות פנימית, מתמלא עז חיים כאלה לפי תכונת הדבקות והתעוררות הרוח שלו לקרבת האומה. אבל כשהאומה בכללה קודרת ונופלת צריך כל יחיד להרטיב את רוחו מהמקור המוסרי והמדעי הכללי, ולבא ממולא טוב להדבק בעמו ולעורר רוחו לתחיתו, ואז יהיה מכלל בוני האומה. אוצר התורה לישראל הוא בשעת הירידה מכוון לקחת ממנו חיים לתן לאומה בכללה מאת כל יחיד להחיותה ולעוררה, ובעת תחיתה הוא נמזג בכללות האומה ומשפיע ממנה האור והחיים על כל היחידים. כשבאים להסתפק בדבקות הלאומיות בעת הירידה ושוכחים את אוצר החיים לא תוכל אז האומה לפרנס מרוחה את החיים הרוחניים, ומהדבקים רק ברעיונה הכללי, בלא חדירה לאור החיים של הקדש שבה, תשאר רק רשימת חיים, עד שיתעלו למקור חייה ומשם ישובו להחיות.", 
            "links": [], 
            "text": ""
        }
    ], 
    "book": "Orot", 
    "prev": "Orot, Lights from Darkness, Lights of Rebirth 41", 
    "textDepth": 2, 
    "sectionNames": [
        "Chapter", 
        "Paragraph"
    ], 
    "sections": [
        42
    ], 
    "isComplex": true, 
    "titleVariants": [
        "Lights of Rebirth"
    ], 
    "categories": [
        "Philosophy"
    ], 
    "ref": "Orot, Lights from Darkness, Lights of Rebirth 42", 
    "type": "Philosophy", 
    "addressTypes": [
        "Integer", 
        "Integer"
    ], 
    "length": 72, 
    "indexTitle": "Orot", 
    "heIndexTitle": "אורות", 
    "alts": [], 
    "order": ""
}