[{
    "links": [], 
    "text": [], 
    "heTitleVariants": [
        "תלמוד ירושלמי שבת"
    ], 
    "heTitle": "תלמוד ירושלמי שבת ל״ד א", 
    "heRef": "תלמוד ירושלמי שבת ל״ד א", 
    "toSections": [
        "34a"
    ], 
    "sectionRef": "Jerusalem Talmud Shabbat 34a", 
    "title": "Jerusalem Talmud Shabbat 34a", 
    "lengths": [
        184, 
        412
    ], 
    "next": "Jerusalem Talmud Shabbat 34b", 
    "heBook": "תלמוד ירושלמי שבת", 
    "book": "Jerusalem Talmud Shabbat", 
    "prev": "Jerusalem Talmud Shabbat 33b", 
    "textDepth": 2, 
    "sectionNames": [
        "Daf", 
        "Halakhah"
    ], 
    "sections": [
        "34a"
    ], 
    "isComplex": false, 
    "titleVariants": [
        "Jerusalem Talmud Shabbat", 
        "JT Shabbat", 
        "Yerushalmi Shabbat", 
        "Talmud Yerushalmi Shabbat", 
        "Yerushalmi Shabbos"
    ], 
    "categories": [
        "Talmud", 
        "Yerushalmi", 
        "Seder Moed"
    ], 
    "he": [
        "לכסות בהן את הכלים.  א\"ר בון מתניתא אמרה כן שאסור ללובשן.  דתנינן כל שניאותין בו ביום טוב משלחין אותן אם אומר את שמותר ללובשן יהא מותר לשלחן.  ומה הדא דתני מטלטלין את השופר להשקות את התינוק.  ואת הקרקש ואת המראה לכסות בהן את הכלים בשיש עליהן תואר כלי.  עד כדון תכשיטין של זהב.  ואפילו תכשיטין של כסף אמרין בשם רבי ירמיה אסור.  אמרין בשם רבי ירמיה מותר.  א\"ר חזקיה אנא ידע רישא וסיפא טליין דקיקין הויין מתרביין בדרתיה דרבי ירמיה.  אתא ושאל לרבי זעירא א\"ל לא תיסור ולא תישרי.  אין רואין במראה בשבת.  אם היתה קבועה בכותל רבי מתיר.  וחכמין אוסרין.  רבי אחא בשם רבי בא טעמא דהדין דאסר פעמים שהוא רואה נימא אחת לבנה והיא תולשתה והיא באה לידי חיוב חטאת והאיש אפילו בחול אסור שאינה דרך כבוד.  י\"ג דברים התירו לבית רבי שיהו רואין במראה.  ושיהו מספרין קומי.  ושיהו מלמדין את בניהן יוונית שהיו זקוקין למלכות.  רבי אבהו בשם רבי יוחנן מותר אדם ללמד את בתו יוונית מפני שהוא תכשיט לה.  שמע שמעון בר בא ואמר בגין דרבי אבהו בעי מלפה בנתיה יוונית הוא תלי לה בר' יוחנן.  שמעה ר' אבהו ומר יבא עלי אם לא שמעתיה מן רבי יוחנן.  תני אין יוצאין באיסטמא.  שלשה דברים נאמרו באיסטמא.  אין בה משום כלאים.  ואינה מטמאה בנגעים.  ואין יוצאין בה בשת.  ר' שמעון בן אלעזר אומר אף אין בה משום עטרות לכלות:  ולא בעיר של זהב.  רב יהודה אמר כגון ירושלים דדהב.  רבנן דקיסרין אמרין פרוש טוק טקלין.  מעשה ברק עקיבה שעשה לאשתו עיר של זהב.  חמתיה איתתיה דרבן גמליאל וקניית בה.  אתת ואמרת קומוי בעלה.  אמר לה הכין הווית עבדת לי כמה דהוית עבדה ליה דהוות מזבנה מקליעתא דרישא ויהבה ליה והוא לעי באוריתא.  תמן תנינן שנים משם ר' אליעזר יוצאה אשה בעיר של זהב.  תני רבי מאיר מחייב.  בין רבי מאיר לרבנן ניחא רבי מאיר מחייב.  וחכמים פוטרין.  בין ר' אליעזר לרבנן ניחא ר' אליעזר מתיר וחכמים אוסרין.  בין ר\"מ לרבי אליעזר קשיא"
    ], 
    "ref": "Jerusalem Talmud Shabbat 34a", 
    "type": "Talmud", 
    "addressTypes": [
        "Talmud", 
        "Integer"
    ], 
    "length": 184, 
    "indexTitle": "Jerusalem Talmud Shabbat", 
    "heIndexTitle": "תלמוד ירושלמי שבת", 
    "alts": [], 
    "order": [
        12
    ]
}]