{
    "heTitleVariants": [
        "רש\"י על קידושין"
    ], 
    "heTitle": "רש\"י על קידושין ל״ב א", 
    "content": [
        {
            "segmentNumber": "1", 
            "he": [
                "משל מי - מאכילו ומשקהו ומכבדו:"
            ], 
            "links": [
                {
                    "category": "Talmud", 
                    "sourceHeRef": "קידושין ל״ב א:א׳", 
                    "index_title": "Kiddushin", 
                    "sourceRef": "Kiddushin 32a:1"
                }
            ], 
            "text": ""
        }, 
        {
            "segmentNumber": "2", 
            "he": [], 
            "links": [], 
            "text": ""
        }, 
        {
            "segmentNumber": "3", 
            "he": [], 
            "links": [], 
            "text": ""
        }, 
        {
            "segmentNumber": "4", 
            "he": [
                "שיטול אביו ארנקי כו' - ואי אמרת כבוד האב על הבן בחסרון כיס אינו אלא משל אב אם כן האי ארנקי דקאמר רבי אליעזר משל אב הוא ומאי נפקא ליה מיניה להכלימו:"
            ], 
            "links": [
                {
                    "category": "Talmud", 
                    "sourceHeRef": "קידושין ל״ב א:ד׳", 
                    "index_title": "Kiddushin", 
                    "sourceRef": "Kiddushin 32a:4"
                }
            ], 
            "text": ""
        }, 
        {
            "segmentNumber": "5", 
            "he": [], 
            "links": [], 
            "text": ""
        }, 
        {
            "segmentNumber": "6", 
            "he": [], 
            "links": [], 
            "text": ""
        }, 
        {
            "segmentNumber": "7", 
            "he": [], 
            "links": [], 
            "text": ""
        }, 
        {
            "segmentNumber": "8", 
            "he": [], 
            "links": [], 
            "text": ""
        }, 
        {
            "segmentNumber": "9", 
            "he": [
                "מאי נפקא ליה מיניה - מאי חסרון כיס איכא לגביה:"
            ], 
            "links": [
                {
                    "category": "Talmud", 
                    "sourceHeRef": "קידושין ל״ב א:ט׳", 
                    "index_title": "Kiddushin", 
                    "sourceRef": "Kiddushin 32a:9"
                }
            ], 
            "text": ""
        }, 
        {
            "segmentNumber": "10", 
            "he": [], 
            "links": [], 
            "text": ""
        }, 
        {
            "segmentNumber": "11", 
            "he": [], 
            "links": [], 
            "text": ""
        }, 
        {
            "segmentNumber": "12", 
            "he": [
                "פודין זה לזה מעשר שני - אם יש לאביו מעשר שני פודה הבן משלו לצורך אביו בלא חומש ולא אמרי' הרי הוא כגופו שהרי הוא אוהבו ומזונותיו עליו ולא אחר ניהו לגביה והרי הוא כמי שפודהו הוא בעצמו:", 
                "ומאכילין זה לזה מעשר עני - אם יש לבן מעשר עני לחלק לעניים מאכילו לאביו אם אביו עני וכן כולם אע\"פ שחביב עליו כגופו ואם לא היה בידו מעשר זה היה נותן לו מזונות משלו:"
            ], 
            "links": [
                {
                    "category": "Talmud", 
                    "sourceHeRef": "קידושין ל״ב א:י״ב", 
                    "index_title": "Kiddushin", 
                    "sourceRef": "Kiddushin 32a:12"
                }, 
                {
                    "category": "Talmud", 
                    "sourceHeRef": "קידושין ל״ב א:י״ב", 
                    "index_title": "Kiddushin", 
                    "sourceRef": "Kiddushin 32a:12"
                }
            ], 
            "text": ""
        }, 
        {
            "segmentNumber": "13", 
            "he": [], 
            "links": [], 
            "text": ""
        }, 
        {
            "segmentNumber": "14", 
            "he": [
                "להעדפה - עליו מוטל להאכילו ולהשקותו מדה בינונית ואם אביו צריך לסעודה יתירה יאכילנו מעשר עני:"
            ], 
            "links": [
                {
                    "category": "Talmud", 
                    "sourceHeRef": "קידושין ל״ב א:י״ד", 
                    "index_title": "Kiddushin", 
                    "sourceRef": "Kiddushin 32a:14"
                }
            ], 
            "text": ""
        }, 
        {
            "segmentNumber": "15", 
            "he": [], 
            "links": [], 
            "text": ""
        }, 
        {
            "segmentNumber": "16", 
            "he": [], 
            "links": [], 
            "text": ""
        }, 
        {
            "segmentNumber": "17", 
            "he": [], 
            "links": [], 
            "text": ""
        }, 
        {
            "segmentNumber": "18", 
            "he": [], 
            "links": [], 
            "text": ""
        }, 
        {
            "segmentNumber": "19", 
            "he": [], 
            "links": [], 
            "text": ""
        }, 
        {
            "segmentNumber": "20", 
            "he": [], 
            "links": [], 
            "text": ""
        }, 
        {
            "segmentNumber": "21", 
            "he": [], 
            "links": [], 
            "text": ""
        }, 
        {
            "segmentNumber": "22", 
            "he": [
                "שיטול אביו ארנקי כו' - ואי אמרת כבוד האב על הבן בחסרון כיס אינו אלא משל אב אם כן האי ארנקי דקאמר רבי אליעזר משל אב הוא ומאי נפקא ליה מיניה להכלימו:"
            ], 
            "links": [
                {
                    "category": "Talmud", 
                    "sourceHeRef": "קידושין ל״ב א:כ״ב", 
                    "index_title": "Kiddushin", 
                    "sourceRef": "Kiddushin 32a:22"
                }
            ], 
            "text": ""
        }, 
        {
            "segmentNumber": "23", 
            "he": [], 
            "links": [], 
            "text": ""
        }, 
        {
            "segmentNumber": "24", 
            "he": [], 
            "links": [], 
            "text": ""
        }, 
        {
            "segmentNumber": "25", 
            "he": [], 
            "links": [], 
            "text": ""
        }, 
        {
            "segmentNumber": "26", 
            "he": [], 
            "links": [], 
            "text": ""
        }, 
        {
            "segmentNumber": "27", 
            "he": [], 
            "links": [], 
            "text": ""
        }, 
        {
            "segmentNumber": "28", 
            "he": [
                "ודלמא רתח - ואמר לאבוה מידי בריתחיה:", 
                "וקא עבר - רב הונא:", 
                "משום לפני עור - שגורם לבנו לחטוא:"
            ], 
            "links": [
                {
                    "category": "Talmud", 
                    "sourceHeRef": "קידושין ל״ב א:כ״ח", 
                    "index_title": "Kiddushin", 
                    "sourceRef": "Kiddushin 32a:28"
                }, 
                {
                    "category": "Talmud", 
                    "sourceHeRef": "קידושין ל״ב א:כ״ח", 
                    "index_title": "Kiddushin", 
                    "sourceRef": "Kiddushin 32a:28"
                }, 
                {
                    "category": "Talmud", 
                    "sourceHeRef": "קידושין ל״ב א:כ״ח", 
                    "index_title": "Kiddushin", 
                    "sourceRef": "Kiddushin 32a:28"
                }
            ], 
            "text": ""
        }, 
        {
            "segmentNumber": "29", 
            "he": [], 
            "links": [], 
            "text": ""
        }, 
        {
            "segmentNumber": "30", 
            "he": [], 
            "links": [], 
            "text": ""
        }, 
        {
            "segmentNumber": "31", 
            "he": [
                "בפומבייני - במקום התפירה שאינו נחסר מדמיו בכך כגון בשוליו:"
            ], 
            "links": [
                {
                    "category": "Talmud", 
                    "sourceHeRef": "קידושין ל״ב א:ל״א", 
                    "index_title": "Kiddushin", 
                    "sourceRef": "Kiddushin 32a:31"
                }
            ], 
            "text": ""
        }, 
        {
            "segmentNumber": "32", 
            "he": [], 
            "links": [], 
            "text": ""
        }, 
        {
            "segmentNumber": "33", 
            "he": [], 
            "links": [], 
            "text": ""
        }, 
        {
            "segmentNumber": "34", 
            "he": [], 
            "links": [], 
            "text": ""
        }, 
        {
            "segmentNumber": "35", 
            "he": [
                "הנשרפין בנסקלין - משמע אחד מן הנשרפין נתערב בנסקלין הרבה וקיי\"ל (סנהדרין ד' עט:) כל חייבי מיתות שבתורה שנתערבו ואין ידוע איזה מהן בקלה ואיזה מהן בחמורה כולן ידונו בקלה שאין אתה רשאי למשוך את הקל לעונש חמור שלא נתחייב בו:", 
                "רבי שמעון אומר ידונו בסקילה - שהיא קלה דאית ליה לרבי שמעון שריפה חמורה מסקילה וטעמא מפרש בסנהדרין (דף נ.):"
            ], 
            "links": [
                {
                    "category": "Talmud", 
                    "sourceHeRef": "קידושין ל״ב א:ל״ה", 
                    "index_title": "Kiddushin", 
                    "sourceRef": "Kiddushin 32a:35"
                }, 
                {
                    "category": "Talmud", 
                    "sourceHeRef": "סנהדרין ע״ט ב", 
                    "index_title": "Sanhedrin", 
                    "sourceRef": "Sanhedrin 79b"
                }, 
                {
                    "category": "Talmud", 
                    "sourceHeRef": "קידושין ל״ב א:ל״ה", 
                    "index_title": "Kiddushin", 
                    "sourceRef": "Kiddushin 32a:35"
                }
            ], 
            "text": ""
        }, 
        {
            "segmentNumber": "36", 
            "he": [], 
            "links": [], 
            "text": ""
        }, 
        {
            "segmentNumber": "37", 
            "he": [
                "אמר ליה - רב יהודה בריה דרב יחזקאל לרב יחזקאל אבא לא תתנייא הכי הנשרפין בנסקלין והוו נסקלין רובא דא\"כ אמאי תלית טעמא משום דשריפה חמורה תיפוק לי דליכא למימר כולן בשריפה דא\"כ אזלת לך בתר מיעוטא:"
            ], 
            "links": [
                {
                    "category": "Talmud", 
                    "sourceHeRef": "קידושין ל״ב א:ל״ז", 
                    "index_title": "Kiddushin", 
                    "sourceRef": "Kiddushin 32a:37"
                }
            ], 
            "text": ""
        }, 
        {
            "segmentNumber": "38", 
            "he": [], 
            "links": [], 
            "text": ""
        }, 
        {
            "segmentNumber": "39", 
            "he": [], 
            "links": [], 
            "text": ""
        }, 
        {
            "segmentNumber": "40", 
            "he": [], 
            "links": [], 
            "text": ""
        }, 
        {
            "segmentNumber": "41", 
            "he": [
                "הנסקלין בנשרפין - דאע\"ג דנשרפין רובא ידונו בסקילה מפני שהיא קלה:"
            ], 
            "links": [
                {
                    "category": "Talmud", 
                    "sourceHeRef": "קידושין ל״ב א:מ״א", 
                    "index_title": "Kiddushin", 
                    "sourceRef": "Kiddushin 32a:41"
                }
            ], 
            "text": ""
        }, 
        {
            "segmentNumber": "42", 
            "he": [], 
            "links": [], 
            "text": ""
        }, 
        {
            "segmentNumber": "43", 
            "he": [], 
            "links": [], 
            "text": ""
        }, 
        {
            "segmentNumber": "44", 
            "he": [], 
            "links": [], 
            "text": ""
        }, 
        {
            "segmentNumber": "45", 
            "he": [], 
            "links": [], 
            "text": ""
        }, 
        {
            "segmentNumber": "46", 
            "he": [], 
            "links": [], 
            "text": ""
        }, 
        {
            "segmentNumber": "47", 
            "he": [], 
            "links": [], 
            "text": ""
        }, 
        {
            "segmentNumber": "48", 
            "he": [
                "התם רבנן הוא דקאמרי ליה לרבי שמעון כו' - האי דקאמרי שהסקילה חמורה לאו טעמא יהבי למילתייהו אלא הכי אמרי ידונו בשריפה בתר רובא ודקאמרת ידונו בסקילה להקל עליהם אין אתה מיקל אלא מחמיר שהסקילה חמורה:"
            ], 
            "links": [
                {
                    "category": "Talmud", 
                    "sourceHeRef": "קידושין ל״ב א:מ״ח", 
                    "index_title": "Kiddushin", 
                    "sourceRef": "Kiddushin 32a:48"
                }
            ], 
            "text": ""
        }, 
        {
            "segmentNumber": "49", 
            "he": [], 
            "links": [], 
            "text": ""
        }, 
        {
            "segmentNumber": "50", 
            "he": [], 
            "links": [], 
            "text": ""
        }, 
        {
            "segmentNumber": "51", 
            "he": [
                "לא תימא לאבוך הכי - להודיעו פתאום שהוא טועה דקאמרת לי' לא תתנייא הכי:"
            ], 
            "links": [
                {
                    "category": "Talmud", 
                    "sourceHeRef": "קידושין ל״ב א:נ״א", 
                    "index_title": "Kiddushin", 
                    "sourceRef": "Kiddushin 32a:51"
                }
            ], 
            "text": ""
        }, 
        {
            "segmentNumber": "52", 
            "he": [], 
            "links": [], 
            "text": ""
        }, 
        {
            "segmentNumber": "53", 
            "he": [], 
            "links": [], 
            "text": ""
        }, 
        {
            "segmentNumber": "54", 
            "he": [
                "כך כתוב בתורה צעורי קא מצער ליה - והרי הוא כאומר לו עברת על ד\"ת:"
            ], 
            "links": [
                {
                    "category": "Talmud", 
                    "sourceHeRef": "קידושין ל״ב א:נ״ד", 
                    "index_title": "Kiddushin", 
                    "sourceRef": "Kiddushin 32a:54"
                }
            ], 
            "text": ""
        }, 
        {
            "segmentNumber": "55", 
            "he": [], 
            "links": [], 
            "text": ""
        }, 
        {
            "segmentNumber": "56", 
            "he": [], 
            "links": [], 
            "text": ""
        }, 
        {
            "segmentNumber": "57", 
            "he": [
                "מקרא כתוב בתורה כך - ואומר לו המקרא כמו שהוא כתוב והוא עצמו יבין שטעה:"
            ], 
            "links": [
                {
                    "category": "Talmud", 
                    "sourceHeRef": "קידושין ל״ב א:נ״ז", 
                    "index_title": "Kiddushin", 
                    "sourceRef": "Kiddushin 32a:57"
                }
            ], 
            "text": ""
        }, 
        {
            "segmentNumber": "58", 
            "he": [], 
            "links": [], 
            "text": ""
        }, 
        {
            "segmentNumber": "59", 
            "he": [
                "אבא אומר השקיני מים - ויש מצוה אחרת לפני לעשות כגון לקבור את המת או לויה:"
            ], 
            "links": [
                {
                    "category": "Talmud", 
                    "sourceHeRef": "קידושין ל״ב א:נ״ט", 
                    "index_title": "Kiddushin", 
                    "sourceRef": "Kiddushin 32a:59"
                }
            ], 
            "text": ""
        }, 
        {
            "segmentNumber": "60", 
            "he": [], 
            "links": [], 
            "text": ""
        }, 
        {
            "segmentNumber": "61", 
            "he": [], 
            "links": [], 
            "text": ""
        }, 
        {
            "segmentNumber": "62", 
            "he": [], 
            "links": [], 
            "text": ""
        }, 
        {
            "segmentNumber": "63", 
            "he": [], 
            "links": [], 
            "text": ""
        }, 
        {
            "segmentNumber": "64", 
            "he": [], 
            "links": [], 
            "text": ""
        }, 
        {
            "segmentNumber": "65", 
            "he": [], 
            "links": [], 
            "text": ""
        }, 
        {
            "segmentNumber": "66", 
            "he": [], 
            "links": [], 
            "text": ""
        }, 
        {
            "segmentNumber": "67", 
            "he": [], 
            "links": [], 
            "text": ""
        }, 
        {
            "segmentNumber": "68", 
            "he": [], 
            "links": [], 
            "text": ""
        }, 
        {
            "segmentNumber": "69", 
            "he": [], 
            "links": [], 
            "text": ""
        }
    ], 
    "commentaryBook": "Kiddushin", 
    "heRef": "רש\"י על קידושין ל״ב א", 
    "toSections": [
        "32a"
    ], 
    "sectionRef": "Rashi on Kiddushin 32a", 
    "title": "Rashi on Kiddushin 32a", 
    "lengths": [
        162, 
        8517
    ], 
    "next": "Rashi on Kiddushin 32b:1", 
    "heBook": "רש\"י על קידושין", 
    "book": "Rashi on Kiddushin", 
    "prev": "Rashi on Kiddushin 31b:71", 
    "textDepth": 3, 
    "sectionNames": [
        "Daf", 
        "Line", 
        "Comment"
    ], 
    "sections": [
        "32a"
    ], 
    "commentator": "Rashi", 
    "isComplex": false, 
    "commentaryCategories": [
        "Talmud", 
        "Bavli", 
        "Seder Nashim"
    ], 
    "titleVariants": [
        "Rashi on Masekhet Kiddushin", 
        "Rashi on Talmud Kiddushin", 
        "Rashi on Masechet Kiddushin", 
        "Rashi on Tractate Kiddushin", 
        "Rashi on Kiddushin", 
        "Rashi on Masekhet Qiddushin", 
        "Rashi on Qiddushin"
    ], 
    "categories": [
        "Commentary", 
        "Talmud", 
        "Rashi"
    ], 
    "ref": "Rashi on Kiddushin 32a", 
    "type": "Commentary", 
    "addressTypes": [
        "Talmud", 
        "Integer", 
        "Integer"
    ], 
    "heCommentator": "רש\"י", 
    "length": 162, 
    "indexTitle": "Rashi on Kiddushin", 
    "heIndexTitle": "רש\"י על קידושין", 
    "alts": [], 
    "order": [
        19, 
        7
    ]
}