{
    "sections": {
        "Rashi on Kiddushin 64b:45": {
            "content": [
                {
                    "segmentNumber": "1", 
                    "links": [
                        {
                            "category": "Talmud", 
                            "index_title": "Kiddushin", 
                            "sourceHeRef": "קידושין ס״ד ב:מ״ה", 
                            "sourceRef": "Kiddushin 64b:45"
                        }
                    ], 
                    "he": "מחלוקת בשתי כיתי בנות - התם הוא דאיכא למימר כל כת ראשונה עביד איניש דקרי גדולה לגבי כת שניה וכל כת שניה עביד איניש דקרי קטנה לגבי כת ראשונה:"
                }, 
                {
                    "segmentNumber": "2", 
                    "links": [
                        {
                            "category": "Talmud", 
                            "index_title": "Kiddushin", 
                            "sourceHeRef": "קידושין ס״ד ב:מ״ה", 
                            "sourceRef": "Kiddushin 64b:45"
                        }
                    ], 
                    "he": "אבל כת אחת - שנולדו מאשה אחת:"
                }, 
                {
                    "segmentNumber": "3", 
                    "links": [
                        {
                            "category": "Talmud", 
                            "index_title": "Kiddushin", 
                            "sourceHeRef": "קידושין ס״ד ב:מ״ה", 
                            "sourceRef": "Kiddushin 64b:45"
                        }
                    ], 
                    "he": "אמצעית בשמה קרי לה - פלונית בתי הוא אומר ואין קורא לה לא גדולה ולא קטנה:"
                }
            ], 
            "heTitle": "רש\"י על קידושין ס״ד ב:מ״ה", 
            "indexTitle": "Rashi on Kiddushin", 
            "sectionRef": "Rashi on Kiddushin 64b:45", 
            "prev": "Rashi on Kiddushin 64b:43", 
            "ref": "Rashi on Kiddushin 64b:45", 
            "heRef": "רש\"י על קידושין ס״ד ב:מ״ה", 
            "next": "Rashi on Kiddushin 65a:1"
        }, 
        "Rashi on Kiddushin 64b:31": {
            "content": [], 
            "heTitle": "רש\"י על קידושין ס״ד ב:ל״א", 
            "indexTitle": "Rashi on Kiddushin", 
            "sectionRef": "Rashi on Kiddushin 64b:31", 
            "prev": "Rashi on Kiddushin 64b:30", 
            "ref": "Rashi on Kiddushin 64b:31", 
            "heRef": "רש\"י על קידושין ס״ד ב:ל״א", 
            "next": "Rashi on Kiddushin 64b:33"
        }, 
        "Rashi on Kiddushin 64b:35": {
            "content": [
                {
                    "segmentNumber": "1", 
                    "links": [
                        {
                            "category": "Talmud", 
                            "index_title": "Kiddushin", 
                            "sourceHeRef": "קידושין ס״ד ב:ל״ה", 
                            "sourceRef": "Kiddushin 64b:35"
                        }
                    ], 
                    "he": "נדר עד פני הפסח ר\"מ אומר עד שיגיע - ומשיגיע אין כאן פני פסח ואע\"פ שכל יום ויום של פסח פני הוא לחבירו לא מחית איניש נפשיה לספיקא שיהא צריך לשאול איזה הוא וכי קאמר פני קמא דכולה קאמר שהוא פני שבכולן:"
                }
            ], 
            "heTitle": "רש\"י על קידושין ס״ד ב:ל״ה", 
            "indexTitle": "Rashi on Kiddushin", 
            "sectionRef": "Rashi on Kiddushin 64b:35", 
            "prev": "Rashi on Kiddushin 64b:33", 
            "ref": "Rashi on Kiddushin 64b:35", 
            "heRef": "רש\"י על קידושין ס״ד ב:ל״ה", 
            "next": "Rashi on Kiddushin 64b:36"
        }, 
        "Rashi on Kiddushin 64b:42": {
            "content": [], 
            "heTitle": "רש\"י על קידושין ס״ד ב:מ״ב", 
            "indexTitle": "Rashi on Kiddushin", 
            "sectionRef": "Rashi on Kiddushin 64b:42", 
            "prev": "Rashi on Kiddushin 64b:40", 
            "ref": "Rashi on Kiddushin 64b:42", 
            "heRef": "רש\"י על קידושין ס״ד ב:מ״ב", 
            "next": "Rashi on Kiddushin 64b:43"
        }, 
        "Rashi on Kiddushin 64b:30": {
            "content": [
                {
                    "segmentNumber": "1", 
                    "he": "בההיא קאמר ר\"מ - כולן בספק דשבח הוא לאדם לקרות בתו בלשון גדולה אם יש קטנה ממנה:"
                }
            ], 
            "heTitle": "רש\"י על קידושין ס״ד ב:ל׳", 
            "indexTitle": "Rashi on Kiddushin", 
            "sectionRef": "Rashi on Kiddushin 64b:30", 
            "prev": "Rashi on Kiddushin 64b:29", 
            "ref": "Rashi on Kiddushin 64b:30", 
            "heRef": "רש\"י על קידושין ס״ד ב:ל׳", 
            "next": "Rashi on Kiddushin 64b:33"
        }, 
        "Rashi on Kiddushin 64b:43": {
            "content": [
                {
                    "segmentNumber": "1", 
                    "he": "נדר עד פני הפסח ר\"מ אומר עד שיגיע - ומשיגיע אין כאן פני פסח ואע\"פ שכל יום ויום של פסח פני הוא לחבירו לא מחית איניש נפשיה לספיקא שיהא צריך לשאול איזה הוא וכי קאמר פני קמא דכולה קאמר שהוא פני שבכולן:"
                }
            ], 
            "heTitle": "רש\"י על קידושין ס״ד ב:מ״ג", 
            "indexTitle": "Rashi on Kiddushin", 
            "sectionRef": "Rashi on Kiddushin 64b:43", 
            "prev": "Rashi on Kiddushin 64b:40", 
            "ref": "Rashi on Kiddushin 64b:43", 
            "heRef": "רש\"י על קידושין ס״ד ב:מ״ג", 
            "next": "Rashi on Kiddushin 64b:45"
        }, 
        "Rashi on Kiddushin 64b:40": {
            "content": [
                {
                    "segmentNumber": "1", 
                    "links": [
                        {
                            "category": "Talmud", 
                            "index_title": "Kiddushin", 
                            "sourceHeRef": "קידושין ס״ד ב:מ׳", 
                            "sourceRef": "Kiddushin 64b:40"
                        }
                    ], 
                    "he": "כל שזמנו קבוע - מספר ימי משך זמנו קבועים כגון פסח וי\"ט למעוטי קיץ וקציר ובציר דאם אמר עד פני או אפילו עד שיהא אינו אסור אלא עד שיגיע דכיון דאין משך זמנו קבוע שזה ממהר לכלות קייצו וקצירו וזה מאחר לא נתכוין זה אלא לתחילתו משיתחילו העם לקצור:"
                }
            ], 
            "heTitle": "רש\"י על קידושין ס״ד ב:מ׳", 
            "indexTitle": "Rashi on Kiddushin", 
            "sectionRef": "Rashi on Kiddushin 64b:40", 
            "prev": "Rashi on Kiddushin 64b:39", 
            "ref": "Rashi on Kiddushin 64b:40", 
            "heRef": "רש\"י על קידושין ס״ד ב:מ׳", 
            "next": "Rashi on Kiddushin 64b:43"
        }, 
        "Rashi on Kiddushin 64b:41": {
            "content": [], 
            "heTitle": "רש\"י על קידושין ס״ד ב:מ״א", 
            "indexTitle": "Rashi on Kiddushin", 
            "sectionRef": "Rashi on Kiddushin 64b:41", 
            "prev": "Rashi on Kiddushin 64b:40", 
            "ref": "Rashi on Kiddushin 64b:41", 
            "heRef": "רש\"י על קידושין ס״ד ב:מ״א", 
            "next": "Rashi on Kiddushin 64b:43"
        }, 
        "Rashi on Kiddushin 64b:1": {
            "content": [
                {
                    "segmentNumber": "1", 
                    "links": [
                        {
                            "category": "Talmud", 
                            "index_title": "Kiddushin", 
                            "sourceHeRef": "קידושין ס״ד ב:א׳", 
                            "sourceRef": "Kiddushin 64b:1"
                        }
                    ], 
                    "he": "דמוחזק לן האי גברא באחי - ולא שיש עדים בדבר אלא חזקה בעלמא כך שמענו עליו קודם קידושין וכי אמר בשעת קידושין יש לי בנים ואין לי אחין אי לאו דהדר ביה בשעת מיתה הוה מהימנינן ליה דאמרי' מה לי לשקר:"
                }
            ], 
            "heTitle": "רש\"י על קידושין ס״ד ב:א׳", 
            "indexTitle": "Rashi on Kiddushin", 
            "sectionRef": "Rashi on Kiddushin 64b:1", 
            "prev": "Rashi on Kiddushin 64a:45", 
            "ref": "Rashi on Kiddushin 64b:1", 
            "heRef": "רש\"י על קידושין ס״ד ב:א׳", 
            "next": "Rashi on Kiddushin 64b:3"
        }, 
        "Rashi on Kiddushin 64b:3": {
            "content": [
                {
                    "segmentNumber": "1", 
                    "links": [
                        {
                            "category": "Talmud", 
                            "index_title": "Kiddushin", 
                            "sourceHeRef": "קידושין ס״ד ב:ג׳", 
                            "sourceRef": "Kiddushin 64b:3"
                        }
                    ], 
                    "he": "מאי קאמר - כלומר למאי קא מהני ליה האי דיבור אי למיפטרה מיבם הוא דאתי מצי אמר לה פטרנא ליך בגיטא מחיים סמוך למיתתי וכי הדר ביה בשעת מיתה בהא פליגי:"
                }
            ], 
            "heTitle": "רש\"י על קידושין ס״ד ב:ג׳", 
            "indexTitle": "Rashi on Kiddushin", 
            "sectionRef": "Rashi on Kiddushin 64b:3", 
            "prev": "Rashi on Kiddushin 64b:1", 
            "ref": "Rashi on Kiddushin 64b:3", 
            "heRef": "רש\"י על קידושין ס״ד ב:ג׳", 
            "next": "Rashi on Kiddushin 64b:5"
        }, 
        "Rashi on Kiddushin 64b:2": {
            "content": [], 
            "heTitle": "רש\"י על קידושין ס״ד ב:ב׳", 
            "indexTitle": "Rashi on Kiddushin", 
            "sectionRef": "Rashi on Kiddushin 64b:2", 
            "prev": "Rashi on Kiddushin 64b:1", 
            "ref": "Rashi on Kiddushin 64b:2", 
            "heRef": "רש\"י על קידושין ס״ד ב:ב׳", 
            "next": "Rashi on Kiddushin 64b:3"
        }, 
        "Rashi on Kiddushin 64b:5": {
            "content": [
                {
                    "segmentNumber": "1", 
                    "links": [
                        {
                            "category": "Talmud", 
                            "index_title": "Kiddushin", 
                            "sourceHeRef": "קידושין ס״ד ב:ה׳", 
                            "sourceRef": "Kiddushin 64b:5"
                        }
                    ], 
                    "he": "רבי סבר מה לי לשקר - דשעת קידושין כאילו באו עדים בדבר זה דמי ועקר ליה לחזקה דהוה מחזקינן ליה מעיקרא באחי בלא בנים וקיימא לה הך איתתא בחזקת שאינה זקוקה וכי אתי בשעת מיתה לאפוקה מחזקה לאו כל כמיניה:"
                }
            ], 
            "heTitle": "רש\"י על קידושין ס״ד ב:ה׳", 
            "indexTitle": "Rashi on Kiddushin", 
            "sectionRef": "Rashi on Kiddushin 64b:5", 
            "prev": "Rashi on Kiddushin 64b:3", 
            "ref": "Rashi on Kiddushin 64b:5", 
            "heRef": "רש\"י על קידושין ס״ד ב:ה׳", 
            "next": "Rashi on Kiddushin 64b:7"
        }, 
        "Rashi on Kiddushin 64b:4": {
            "content": [], 
            "heTitle": "רש\"י על קידושין ס״ד ב:ד׳", 
            "indexTitle": "Rashi on Kiddushin", 
            "sectionRef": "Rashi on Kiddushin 64b:4", 
            "prev": "Rashi on Kiddushin 64b:3", 
            "ref": "Rashi on Kiddushin 64b:4", 
            "heRef": "רש\"י על קידושין ס״ד ב:ד׳", 
            "next": "Rashi on Kiddushin 64b:5"
        }, 
        "Rashi on Kiddushin 64b:7": {
            "content": [
                {
                    "segmentNumber": "1", 
                    "links": [
                        {
                            "category": "Talmud", 
                            "index_title": "Kiddushin", 
                            "sourceHeRef": "קידושין ס״ד ב:ז׳", 
                            "sourceRef": "Kiddushin 64b:7"
                        }
                    ], 
                    "he": "ור' נתן סבר כו' - ולא אתיא חזקה דמה לו לשקר ועקרה חזקה קמייתא דהוי קאי בה קודם קידושין לאוקמה להך בחזקת שאינה זקוקה למיפסל דיבוריה בשעת מיתה ומיהו אי לא הדר ביה הוה שריא לעלמא נהי דלא אתיא חזקה ועקרה חזקה לגמרי אורעי מיהא איתרעאי וכל כמה דלא איתכחש דיבוריה קמא מהימן דאין אדם חוטא ולא לו ואילו אית ליה אחי הוה הדר ביה בשעת מיתה:"
                }
            ], 
            "heTitle": "רש\"י על קידושין ס״ד ב:ז׳", 
            "indexTitle": "Rashi on Kiddushin", 
            "sectionRef": "Rashi on Kiddushin 64b:7", 
            "prev": "Rashi on Kiddushin 64b:5", 
            "ref": "Rashi on Kiddushin 64b:7", 
            "heRef": "רש\"י על קידושין ס״ד ב:ז׳", 
            "next": "Rashi on Kiddushin 64b:9"
        }, 
        "Rashi on Kiddushin 64b:6": {
            "content": [], 
            "heTitle": "רש\"י על קידושין ס״ד ב:ו׳", 
            "indexTitle": "Rashi on Kiddushin", 
            "sectionRef": "Rashi on Kiddushin 64b:6", 
            "prev": "Rashi on Kiddushin 64b:5", 
            "ref": "Rashi on Kiddushin 64b:6", 
            "heRef": "רש\"י על קידושין ס״ד ב:ו׳", 
            "next": "Rashi on Kiddushin 64b:7"
        }, 
        "Rashi on Kiddushin 64b:9": {
            "content": [
                {
                    "segmentNumber": "1", 
                    "links": [
                        {
                            "category": "Talmud", 
                            "index_title": "Kiddushin", 
                            "sourceHeRef": "קידושין ס״ד ב:ט׳", 
                            "sourceRef": "Kiddushin 64b:9"
                        }
                    ], 
                    "he": "מתני' המקדש את בתו סתם - בתי מקודשת לך ולא פירש איזו מהם:"
                }, 
                {
                    "segmentNumber": "2", 
                    "links": [
                        {
                            "category": "Talmud", 
                            "index_title": "Kiddushin", 
                            "sourceHeRef": "קידושין ס״ד ב:ט׳", 
                            "sourceRef": "Kiddushin 64b:9"
                        }
                    ], 
                    "he": "אין הבוגרת בכלל - ומותרת לכל אדם ואין צריכה גט מזה לפי שאינה ברשות האב לקדשה:"
                }
            ], 
            "heTitle": "רש\"י על קידושין ס״ד ב:ט׳", 
            "indexTitle": "Rashi on Kiddushin", 
            "sectionRef": "Rashi on Kiddushin 64b:9", 
            "prev": "Rashi on Kiddushin 64b:7", 
            "ref": "Rashi on Kiddushin 64b:9", 
            "heRef": "רש\"י על קידושין ס״ד ב:ט׳", 
            "next": "Rashi on Kiddushin 64b:10"
        }, 
        "Rashi on Kiddushin 64b:8": {
            "content": [], 
            "heTitle": "רש\"י על קידושין ס״ד ב:ח׳", 
            "indexTitle": "Rashi on Kiddushin", 
            "sectionRef": "Rashi on Kiddushin 64b:8", 
            "prev": "Rashi on Kiddushin 64b:7", 
            "ref": "Rashi on Kiddushin 64b:8", 
            "heRef": "רש\"י על קידושין ס״ד ב:ח׳", 
            "next": "Rashi on Kiddushin 64b:9"
        }, 
        "Rashi on Kiddushin 64b:37": {
            "content": [], 
            "heTitle": "רש\"י על קידושין ס״ד ב:ל״ז", 
            "indexTitle": "Rashi on Kiddushin", 
            "sectionRef": "Rashi on Kiddushin 64b:37", 
            "prev": "Rashi on Kiddushin 64b:36", 
            "ref": "Rashi on Kiddushin 64b:37", 
            "heRef": "רש\"י על קידושין ס״ד ב:ל״ז", 
            "next": "Rashi on Kiddushin 64b:38"
        }, 
        "Rashi on Kiddushin 64b:11": {
            "content": [], 
            "heTitle": "רש\"י על קידושין ס״ד ב:י״א", 
            "indexTitle": "Rashi on Kiddushin", 
            "sectionRef": "Rashi on Kiddushin 64b:11", 
            "prev": "Rashi on Kiddushin 64b:10", 
            "ref": "Rashi on Kiddushin 64b:11", 
            "heRef": "רש\"י על קידושין ס״ד ב:י״א", 
            "next": "Rashi on Kiddushin 64b:12"
        }, 
        "Rashi on Kiddushin 64b:10": {
            "content": [
                {
                    "segmentNumber": "1", 
                    "links": [
                        {
                            "category": "Talmud", 
                            "index_title": "Kiddushin", 
                            "sourceHeRef": "קידושין ס״ד ב:י׳", 
                            "sourceRef": "Kiddushin 64b:10"
                        }
                    ], 
                    "he": "משתי נשים - שנשא שניה לאחר מיתת הראשונה:"
                }, 
                {
                    "segmentNumber": "2", 
                    "links": [
                        {
                            "category": "Talmud", 
                            "index_title": "Kiddushin", 
                            "sourceHeRef": "קידושין ס״ד ב:י׳", 
                            "sourceRef": "Kiddushin 64b:10"
                        }
                    ], 
                    "he": "גדולות - כת הראשונה:"
                }, 
                {
                    "segmentNumber": "3", 
                    "links": [
                        {
                            "category": "Talmud", 
                            "index_title": "Kiddushin", 
                            "sourceHeRef": "קידושין ס״ד ב:י׳", 
                            "sourceRef": "Kiddushin 64b:10"
                        }
                    ], 
                    "he": "קטנות - כת שניה:"
                }, 
                {
                    "segmentNumber": "4", 
                    "links": [
                        {
                            "category": "Talmud", 
                            "index_title": "Kiddushin", 
                            "sourceHeRef": "קידושין ס״ד ב:י׳", 
                            "sourceRef": "Kiddushin 64b:10"
                        }
                    ], 
                    "he": "כולן אסורות - קס\"ד אפי' הן מאה שכל אחת קרויה גדולה אצל קטנה הימנה ובגמרא פריך אמאי לא תנא ספיקא אמצעית שבשתי הבנות שהן גדולות לגבי קטנות שבכולן:"
                }
            ], 
            "heTitle": "רש\"י על קידושין ס״ד ב:י׳", 
            "indexTitle": "Rashi on Kiddushin", 
            "sectionRef": "Rashi on Kiddushin 64b:10", 
            "prev": "Rashi on Kiddushin 64b:9", 
            "ref": "Rashi on Kiddushin 64b:10", 
            "heRef": "רש\"י על קידושין ס״ד ב:י׳", 
            "next": "Rashi on Kiddushin 64b:12"
        }, 
        "Rashi on Kiddushin 64b:13": {
            "content": [], 
            "heTitle": "רש\"י על קידושין ס״ד ב:י״ג", 
            "indexTitle": "Rashi on Kiddushin", 
            "sectionRef": "Rashi on Kiddushin 64b:13", 
            "prev": "Rashi on Kiddushin 64b:12", 
            "ref": "Rashi on Kiddushin 64b:13", 
            "heRef": "רש\"י על קידושין ס״ד ב:י״ג", 
            "next": "Rashi on Kiddushin 64b:16"
        }, 
        "Rashi on Kiddushin 64b:12": {
            "content": [
                {
                    "segmentNumber": "1", 
                    "links": [
                        {
                            "category": "Talmud", 
                            "index_title": "Kiddushin", 
                            "sourceHeRef": "קידושין ס״ד ב:י״ב", 
                            "sourceRef": "Kiddushin 64b:12"
                        }
                    ], 
                    "he": "כולן מותרות - דלא מחית איניש למימר מילתא דליתי ביה לידי שאילה לחכמים וכי אמר גדולה גדולה שבגדולות קאמר:"
                }
            ], 
            "heTitle": "רש\"י על קידושין ס״ד ב:י״ב", 
            "indexTitle": "Rashi on Kiddushin", 
            "sectionRef": "Rashi on Kiddushin 64b:12", 
            "prev": "Rashi on Kiddushin 64b:10", 
            "ref": "Rashi on Kiddushin 64b:12", 
            "heRef": "רש\"י על קידושין ס״ד ב:י״ב", 
            "next": "Rashi on Kiddushin 64b:16"
        }, 
        "Rashi on Kiddushin 64b:15": {
            "content": [], 
            "heTitle": "רש\"י על קידושין ס״ד ב:ט״ו", 
            "indexTitle": "Rashi on Kiddushin", 
            "sectionRef": "Rashi on Kiddushin 64b:15", 
            "prev": "Rashi on Kiddushin 64b:12", 
            "ref": "Rashi on Kiddushin 64b:15", 
            "heRef": "רש\"י על קידושין ס״ד ב:ט״ו", 
            "next": "Rashi on Kiddushin 64b:16"
        }, 
        "Rashi on Kiddushin 64b:14": {
            "content": [], 
            "heTitle": "רש\"י על קידושין ס״ד ב:י״ד", 
            "indexTitle": "Rashi on Kiddushin", 
            "sectionRef": "Rashi on Kiddushin 64b:14", 
            "prev": "Rashi on Kiddushin 64b:12", 
            "ref": "Rashi on Kiddushin 64b:14", 
            "heRef": "רש\"י על קידושין ס״ד ב:י״ד", 
            "next": "Rashi on Kiddushin 64b:16"
        }, 
        "Rashi on Kiddushin 64b:17": {
            "content": [], 
            "heTitle": "רש\"י על קידושין ס״ד ב:י״ז", 
            "indexTitle": "Rashi on Kiddushin", 
            "sectionRef": "Rashi on Kiddushin 64b:17", 
            "prev": "Rashi on Kiddushin 64b:16", 
            "ref": "Rashi on Kiddushin 64b:17", 
            "heRef": "רש\"י על קידושין ס״ד ב:י״ז", 
            "next": "Rashi on Kiddushin 64b:18"
        }, 
        "Rashi on Kiddushin 64b:16": {
            "content": [
                {
                    "segmentNumber": "1", 
                    "links": [
                        {
                            "category": "Talmud", 
                            "index_title": "Kiddushin", 
                            "sourceHeRef": "קידושין ס״ד ב:ט״ז", 
                            "sourceRef": "Kiddushin 64b:16"
                        }
                    ], 
                    "he": "גמ' הכי גרסינן הא קטנות בכלל - ואפילו יש שם שתי קטנות דאיכא לספוקי הי מנייהו והוו להו קידושין שאין מסורין לביאה דכל אחת ספק אחות אשה אפ\"ה הוו בכלל ספק קדושין וצריכות גט:"
                }
            ], 
            "heTitle": "רש\"י על קידושין ס״ד ב:ט״ז", 
            "indexTitle": "Rashi on Kiddushin", 
            "sectionRef": "Rashi on Kiddushin 64b:16", 
            "prev": "Rashi on Kiddushin 64b:12", 
            "ref": "Rashi on Kiddushin 64b:16", 
            "heRef": "רש\"י על קידושין ס״ד ב:ט״ז", 
            "next": "Rashi on Kiddushin 64b:18"
        }, 
        "Rashi on Kiddushin 64b:19": {
            "content": [
                {
                    "segmentNumber": "1", 
                    "links": [
                        {
                            "category": "Talmud", 
                            "index_title": "Kiddushin", 
                            "sourceHeRef": "קידושין ס״ד ב:י״ט", 
                            "sourceRef": "Kiddushin 64b:19"
                        }
                    ], 
                    "he": "והא בוגרות קתני - דמשמע טובא ודכוותיה תידוק הא קטנות טובא בכלל:"
                }
            ], 
            "heTitle": "רש\"י על קידושין ס״ד ב:י״ט", 
            "indexTitle": "Rashi on Kiddushin", 
            "sectionRef": "Rashi on Kiddushin 64b:19", 
            "prev": "Rashi on Kiddushin 64b:18", 
            "ref": "Rashi on Kiddushin 64b:19", 
            "heRef": "רש\"י על קידושין ס״ד ב:י״ט", 
            "next": "Rashi on Kiddushin 64b:20"
        }, 
        "Rashi on Kiddushin 64b:18": {
            "content": [
                {
                    "segmentNumber": "1", 
                    "links": [
                        {
                            "category": "Talmud", 
                            "index_title": "Kiddushin", 
                            "sourceHeRef": "קידושין ס״ד ב:י״ח", 
                            "sourceRef": "Kiddushin 64b:18"
                        }
                    ], 
                    "he": "כשאין שם אלא גדולה וקטנה - בוגרת וקטנה דכיון דבוגרת לא קידש שוב אין כאן ספק ומותר בקטנה:"
                }
            ], 
            "heTitle": "רש\"י על קידושין ס״ד ב:י״ח", 
            "indexTitle": "Rashi on Kiddushin", 
            "sectionRef": "Rashi on Kiddushin 64b:18", 
            "prev": "Rashi on Kiddushin 64b:16", 
            "ref": "Rashi on Kiddushin 64b:18", 
            "heRef": "רש\"י על קידושין ס״ד ב:י״ח", 
            "next": "Rashi on Kiddushin 64b:19"
        }, 
        "Rashi on Kiddushin 64b:39": {
            "content": [
                {
                    "segmentNumber": "1", 
                    "links": [
                        {
                            "category": "Talmud", 
                            "index_title": "Kiddushin", 
                            "sourceHeRef": "קידושין ס״ד ב:ל״ט", 
                            "sourceRef": "Kiddushin 64b:39"
                        }
                    ], 
                    "he": "והתניא - בניחותא:"
                }
            ], 
            "heTitle": "רש\"י על קידושין ס״ד ב:ל״ט", 
            "indexTitle": "Rashi on Kiddushin", 
            "sectionRef": "Rashi on Kiddushin 64b:39", 
            "prev": "Rashi on Kiddushin 64b:38", 
            "ref": "Rashi on Kiddushin 64b:39", 
            "heRef": "רש\"י על קידושין ס״ד ב:ל״ט", 
            "next": "Rashi on Kiddushin 64b:40"
        }, 
        "Rashi on Kiddushin 64b:38": {
            "content": [
                {
                    "segmentNumber": "1", 
                    "links": [
                        {
                            "category": "Talmud", 
                            "index_title": "Kiddushin", 
                            "sourceHeRef": "קידושין ס״ד ב:ל״ח", 
                            "sourceRef": "Kiddushin 64b:38"
                        }
                    ], 
                    "he": "מוחלפת השיטה - הך דנדרים:"
                }
            ], 
            "heTitle": "רש\"י על קידושין ס״ד ב:ל״ח", 
            "indexTitle": "Rashi on Kiddushin", 
            "sectionRef": "Rashi on Kiddushin 64b:38", 
            "prev": "Rashi on Kiddushin 64b:36", 
            "ref": "Rashi on Kiddushin 64b:38", 
            "heRef": "רש\"י על קידושין ס״ד ב:ל״ח", 
            "next": "Rashi on Kiddushin 64b:39"
        }, 
        "Rashi on Kiddushin 64b:28": {
            "content": [], 
            "heTitle": "רש\"י על קידושין ס״ד ב:כ״ח", 
            "indexTitle": "Rashi on Kiddushin", 
            "sectionRef": "Rashi on Kiddushin 64b:28", 
            "prev": "Rashi on Kiddushin 64b:27", 
            "ref": "Rashi on Kiddushin 64b:28", 
            "heRef": "רש\"י על קידושין ס״ד ב:כ״ח", 
            "next": "Rashi on Kiddushin 64b:29"
        }, 
        "Rashi on Kiddushin 64b:29": {
            "content": [
                {
                    "segmentNumber": "1", 
                    "links": [
                        {
                            "category": "Talmud", 
                            "index_title": "Kiddushin", 
                            "sourceHeRef": "קידושין ס״ד ב:כ״ט", 
                            "sourceRef": "Kiddushin 64b:29"
                        }
                    ], 
                    "he": "וצריכא - לאיפלוגי בקדשתי את בתי הגדולה ובקדשתי את בתי הקטנה:"
                }, 
                {
                    "segmentNumber": "2", 
                    "links": [
                        {
                            "category": "Talmud", 
                            "index_title": "Kiddushin", 
                            "sourceHeRef": "קידושין ס״ד ב:כ״ט", 
                            "sourceRef": "Kiddushin 64b:29"
                        }
                    ], 
                    "he": "בההיא קאמר ר\"מ - כולן בספק דשבח הוא לאדם לקרות בתו בלשון גדולה אם יש קטנה ממנה:"
                }, 
                {
                    "segmentNumber": "3", 
                    "links": [
                        {
                            "category": "Talmud", 
                            "index_title": "Kiddushin", 
                            "sourceHeRef": "קידושין ס״ד ב:כ״ט", 
                            "sourceRef": "Kiddushin 64b:29"
                        }
                    ], 
                    "he": "אבל קטנה אימא מודה לר' יוסי - דכל שהוא יכול לקרות בתו גדולה אין קורא אותה קטנה:"
                }
            ], 
            "heTitle": "רש\"י על קידושין ס״ד ב:כ״ט", 
            "indexTitle": "Rashi on Kiddushin", 
            "sectionRef": "Rashi on Kiddushin 64b:29", 
            "prev": "Rashi on Kiddushin 64b:27", 
            "ref": "Rashi on Kiddushin 64b:29", 
            "heRef": "רש\"י על קידושין ס״ד ב:כ״ט", 
            "next": "Rashi on Kiddushin 64b:30"
        }, 
        "Rashi on Kiddushin 64b:36": {
            "content": [
                {
                    "segmentNumber": "1", 
                    "links": [
                        {
                            "category": "Talmud", 
                            "index_title": "Kiddushin", 
                            "sourceHeRef": "קידושין ס״ד ב:ל״ו", 
                            "sourceRef": "Kiddushin 64b:36"
                        }
                    ], 
                    "he": "ור' יוסי אומר עד שיצא - דכל חד וחד הוי פני לחבירו ולא ידעי הי נינהו אפי' אחרון הוי תחלתו פני לסופו:"
                }
            ], 
            "heTitle": "רש\"י על קידושין ס״ד ב:ל״ו", 
            "indexTitle": "Rashi on Kiddushin", 
            "sectionRef": "Rashi on Kiddushin 64b:36", 
            "prev": "Rashi on Kiddushin 64b:35", 
            "ref": "Rashi on Kiddushin 64b:36", 
            "heRef": "רש\"י על קידושין ס״ד ב:ל״ו", 
            "next": "Rashi on Kiddushin 64b:38"
        }, 
        "Rashi on Kiddushin 64b:20": {
            "content": [
                {
                    "segmentNumber": "1", 
                    "links": [
                        {
                            "category": "Talmud", 
                            "index_title": "Kiddushin", 
                            "sourceHeRef": "קידושין ס״ד ב:כ׳", 
                            "sourceRef": "Kiddushin 64b:20"
                        }
                    ], 
                    "he": "בוגרות דעלמא - של כל איש ואיש המקדשים את בנותיהן סתם אין הבוגרות בכלל הא קטנות בכלל וכגון דליכא אלא חדא קטנה והאי דמתרץ בשאין שם אלא גדולה וקטנה ה\"ה דאי הוו בוגרות טובא כיון דאינן בכלל דקטנה הוו להו קידושין אלא להכי נקט אחת גבי בוגרת משום דמיבעי ליה למידק קטנות דומיא דגדולות:"
                }
            ], 
            "heTitle": "רש\"י על קידושין ס״ד ב:כ׳", 
            "indexTitle": "Rashi on Kiddushin", 
            "sectionRef": "Rashi on Kiddushin 64b:20", 
            "prev": "Rashi on Kiddushin 64b:19", 
            "ref": "Rashi on Kiddushin 64b:20", 
            "heRef": "רש\"י על קידושין ס״ד ב:כ׳", 
            "next": "Rashi on Kiddushin 64b:21"
        }, 
        "Rashi on Kiddushin 64b:21": {
            "content": [
                {
                    "segmentNumber": "1", 
                    "links": [
                        {
                            "category": "Talmud", 
                            "index_title": "Kiddushin", 
                            "sourceHeRef": "קידושין ס״ד ב:כ״א", 
                            "sourceRef": "Kiddushin 64b:21"
                        }
                    ], 
                    "he": "פשיטא - דכיון דאין שם אלא גדולה וקטנה דגדולה אינה מקודשת וקטנה מקודשת:"
                }, 
                {
                    "segmentNumber": "2", 
                    "links": [
                        {
                            "category": "Talmud", 
                            "index_title": "Kiddushin", 
                            "sourceHeRef": "קידושין ס״ד ב:כ״א", 
                            "sourceRef": "Kiddushin 64b:21"
                        }
                    ], 
                    "he": "מאי עבידתיה - דאב בבתו בוגרת אי אמרת בשלמא בדאיכא טובא אצטריך לאשמועינן משום דיוקא דידיה הא קטנות בכלל למימרא דקדושין שאין מסורין לביאה הוו קידושין אלא השתא לא איהו אצטריך ולא דיוקא דידיה:"
                }
            ], 
            "heTitle": "רש\"י על קידושין ס״ד ב:כ״א", 
            "indexTitle": "Rashi on Kiddushin", 
            "sectionRef": "Rashi on Kiddushin 64b:21", 
            "prev": "Rashi on Kiddushin 64b:20", 
            "ref": "Rashi on Kiddushin 64b:21", 
            "heRef": "רש\"י על קידושין ס״ד ב:כ״א", 
            "next": "Rashi on Kiddushin 64b:24"
        }, 
        "Rashi on Kiddushin 64b:22": {
            "content": [], 
            "heTitle": "רש\"י על קידושין ס״ד ב:כ״ב", 
            "indexTitle": "Rashi on Kiddushin", 
            "sectionRef": "Rashi on Kiddushin 64b:22", 
            "prev": "Rashi on Kiddushin 64b:21", 
            "ref": "Rashi on Kiddushin 64b:22", 
            "heRef": "רש\"י על קידושין ס״ד ב:כ״ב", 
            "next": "Rashi on Kiddushin 64b:24"
        }, 
        "Rashi on Kiddushin 64b:23": {
            "content": [], 
            "heTitle": "רש\"י על קידושין ס״ד ב:כ״ג", 
            "indexTitle": "Rashi on Kiddushin", 
            "sectionRef": "Rashi on Kiddushin 64b:23", 
            "prev": "Rashi on Kiddushin 64b:21", 
            "ref": "Rashi on Kiddushin 64b:23", 
            "heRef": "רש\"י על קידושין ס״ד ב:כ״ג", 
            "next": "Rashi on Kiddushin 64b:24"
        }, 
        "Rashi on Kiddushin 64b:24": {
            "content": [
                {
                    "segmentNumber": "1", 
                    "links": [
                        {
                            "category": "Talmud", 
                            "index_title": "Kiddushin", 
                            "sourceHeRef": "קידושין ס״ד ב:כ״ד", 
                            "sourceRef": "Kiddushin 64b:24"
                        }
                    ], 
                    "he": "אדעתא דידה מקבל - ואף היא בספק והוו להו קידושין שאין מסורים לביאה קמ\"ל:"
                }
            ], 
            "heTitle": "רש\"י על קידושין ס״ד ב:כ״ד", 
            "indexTitle": "Rashi on Kiddushin", 
            "sectionRef": "Rashi on Kiddushin 64b:24", 
            "prev": "Rashi on Kiddushin 64b:21", 
            "ref": "Rashi on Kiddushin 64b:24", 
            "heRef": "רש\"י על קידושין ס״ד ב:כ״ד", 
            "next": "Rashi on Kiddushin 64b:25"
        }, 
        "Rashi on Kiddushin 64b:25": {
            "content": [
                {
                    "segmentNumber": "1", 
                    "links": [
                        {
                            "category": "Talmud", 
                            "index_title": "Kiddushin", 
                            "sourceHeRef": "קידושין ס״ד ב:כ״ה", 
                            "sourceRef": "Kiddushin 64b:25"
                        }
                    ], 
                    "he": "דאית ליה הנאה - שכסף קידושיה שלו:"
                }
            ], 
            "heTitle": "רש\"י על קידושין ס״ד ב:כ״ה", 
            "indexTitle": "Rashi on Kiddushin", 
            "sectionRef": "Rashi on Kiddushin 64b:25", 
            "prev": "Rashi on Kiddushin 64b:24", 
            "ref": "Rashi on Kiddushin 64b:25", 
            "heRef": "רש\"י על קידושין ס״ד ב:כ״ה", 
            "next": "Rashi on Kiddushin 64b:26"
        }, 
        "Rashi on Kiddushin 64b:26": {
            "content": [
                {
                    "segmentNumber": "1", 
                    "links": [
                        {
                            "category": "Talmud", 
                            "index_title": "Kiddushin", 
                            "sourceHeRef": "קידושין ס״ד ב:כ״ו", 
                            "sourceRef": "Kiddushin 64b:26"
                        }
                    ], 
                    "he": "מי לא עסקינן - קושיא היא וכי לא משמע נמי ממתני' דאפי' אמרה לו קידושי יהו שלך קתני נמי דאין הבוגרת בכלל:"
                }
            ], 
            "heTitle": "רש\"י על קידושין ס״ד ב:כ״ו", 
            "indexTitle": "Rashi on Kiddushin", 
            "sectionRef": "Rashi on Kiddushin 64b:26", 
            "prev": "Rashi on Kiddushin 64b:25", 
            "ref": "Rashi on Kiddushin 64b:26", 
            "heRef": "רש\"י על קידושין ס״ד ב:כ״ו", 
            "next": "Rashi on Kiddushin 64b:27"
        }, 
        "Rashi on Kiddushin 64b:27": {
            "content": [
                {
                    "segmentNumber": "1", 
                    "links": [
                        {
                            "category": "Talmud", 
                            "index_title": "Kiddushin", 
                            "sourceHeRef": "קידושין ס״ד ב:כ״ז", 
                            "sourceRef": "Kiddushin 64b:27"
                        }, 
                        {
                            "category": "Tanakh", 
                            "index_title": "Jeremiah", 
                            "sourceHeRef": "ירמיהו כ״ט", 
                            "sourceRef": "Jeremiah 29"
                        }
                    ], 
                    "he": "ומשני אין ואפ\"ה לא שביק אינש - בתו קטנה דרמיא עליה להשיאה ומצוה הוא עליו דכתיב ואת בנותיכם תנו לאנשים (ירמיהו כט):"
                }, 
                {
                    "segmentNumber": "2", 
                    "links": [
                        {
                            "category": "Talmud", 
                            "index_title": "Kiddushin", 
                            "sourceHeRef": "קידושין ס״ד ב:כ״ז", 
                            "sourceRef": "Kiddushin 64b:27"
                        }
                    ], 
                    "he": "דלא רמיא עליה - אלא שליח בעלמא הוא והיא יש לה דעת להשיא את עצמה:"
                }
            ], 
            "heTitle": "רש\"י על קידושין ס״ד ב:כ״ז", 
            "indexTitle": "Rashi on Kiddushin", 
            "sectionRef": "Rashi on Kiddushin 64b:27", 
            "prev": "Rashi on Kiddushin 64b:26", 
            "ref": "Rashi on Kiddushin 64b:27", 
            "heRef": "רש\"י על קידושין ס״ד ב:כ״ז", 
            "next": "Rashi on Kiddushin 64b:29"
        }, 
        "Rashi on Kiddushin 64b:46": {
            "content": [], 
            "heTitle": "רש\"י על קידושין ס״ד ב:מ״ו", 
            "indexTitle": "Rashi on Kiddushin", 
            "sectionRef": "Rashi on Kiddushin 64b:46", 
            "prev": "Rashi on Kiddushin 64b:45", 
            "ref": "Rashi on Kiddushin 64b:46", 
            "heRef": "רש\"י על קידושין ס״ד ב:מ״ו", 
            "next": "Rashi on Kiddushin 65a:1"
        }, 
        "Rashi on Kiddushin 64b:34": {
            "content": [], 
            "heTitle": "רש\"י על קידושין ס״ד ב:ל״ד", 
            "indexTitle": "Rashi on Kiddushin", 
            "sectionRef": "Rashi on Kiddushin 64b:34", 
            "prev": "Rashi on Kiddushin 64b:33", 
            "ref": "Rashi on Kiddushin 64b:34", 
            "heRef": "רש\"י על קידושין ס״ד ב:ל״ד", 
            "next": "Rashi on Kiddushin 64b:35"
        }, 
        "Rashi on Kiddushin 64b:47": {
            "content": [], 
            "heTitle": "רש\"י על קידושין ס״ד ב:מ״ז", 
            "indexTitle": "Rashi on Kiddushin", 
            "sectionRef": "Rashi on Kiddushin 64b:47", 
            "prev": "Rashi on Kiddushin 64b:45", 
            "ref": "Rashi on Kiddushin 64b:47", 
            "heRef": "רש\"י על קידושין ס״ד ב:מ״ז", 
            "next": "Rashi on Kiddushin 65a:1"
        }, 
        "Rashi on Kiddushin 64b:33": {
            "content": [
                {
                    "segmentNumber": "1", 
                    "links": [
                        {
                            "category": "Talmud", 
                            "index_title": "Kiddushin", 
                            "sourceHeRef": "קידושין ס״ד ב:ל״ג", 
                            "sourceRef": "Kiddushin 64b:33"
                        }
                    ], 
                    "he": "עד הפסח - לענין נדרים קונם שאיני נהנה לך עד הפסח אסור עד שיגיע ומשנכנס ליל ראשון מותר ואם אמר עד שיהא פסח אסור עד שיצא פסח דכיון דאמר לישנא יתירא בעוד שיהא פסח קאמר:"
                }
            ], 
            "heTitle": "רש\"י על קידושין ס״ד ב:ל״ג", 
            "indexTitle": "Rashi on Kiddushin", 
            "sectionRef": "Rashi on Kiddushin 64b:33", 
            "prev": "Rashi on Kiddushin 64b:30", 
            "ref": "Rashi on Kiddushin 64b:33", 
            "heRef": "רש\"י על קידושין ס״ד ב:ל״ג", 
            "next": "Rashi on Kiddushin 64b:35"
        }, 
        "Rashi on Kiddushin 64b:44": {
            "content": [], 
            "heTitle": "רש\"י על קידושין ס״ד ב:מ״ד", 
            "indexTitle": "Rashi on Kiddushin", 
            "sectionRef": "Rashi on Kiddushin 64b:44", 
            "prev": "Rashi on Kiddushin 64b:43", 
            "ref": "Rashi on Kiddushin 64b:44", 
            "heRef": "רש\"י על קידושין ס״ד ב:מ״ד", 
            "next": "Rashi on Kiddushin 64b:45"
        }, 
        "Rashi on Kiddushin 64b:32": {
            "content": [], 
            "heTitle": "רש\"י על קידושין ס״ד ב:ל״ב", 
            "indexTitle": "Rashi on Kiddushin", 
            "sectionRef": "Rashi on Kiddushin 64b:32", 
            "prev": "Rashi on Kiddushin 64b:30", 
            "ref": "Rashi on Kiddushin 64b:32", 
            "heRef": "רש\"י על קידושין ס״ד ב:ל״ב", 
            "next": "Rashi on Kiddushin 64b:33"
        }
    }, 
    "ref": "Rashi on Kiddushin 64b"
}