{
    "heTitleVariants": [
        "רש\"י על קידושין"
    ], 
    "heTitle": "רש\"י על קידושין כ״ב ב", 
    "content": [
        {
            "segmentNumber": "1", 
            "he": [
                "אילו נאמר ונתת אזנו בדלת הייתי אומר ידקור כנגד אזנו בדלת - אבל אזן לא ירצענה:"
            ], 
            "links": [
                {
                    "category": "Talmud", 
                    "sourceHeRef": "קידושין כ״ב ב:א׳", 
                    "index_title": "Kiddushin", 
                    "sourceRef": "Kiddushin 22b:1"
                }
            ], 
            "text": ""
        }, 
        {
            "segmentNumber": "2", 
            "he": [], 
            "links": [], 
            "text": ""
        }, 
        {
            "segmentNumber": "3", 
            "he": [], 
            "links": [], 
            "text": ""
        }, 
        {
            "segmentNumber": "4", 
            "he": [], 
            "links": [], 
            "text": ""
        }, 
        {
            "segmentNumber": "5", 
            "he": [
                "אילו נאמר ונתת אזנו בדלת הייתי אומר ידקור כנגד אזנו בדלת - אבל אזן לא ירצענה:"
            ], 
            "links": [
                {
                    "category": "Talmud", 
                    "sourceHeRef": "קידושין כ״ב ב:ה׳", 
                    "index_title": "Kiddushin", 
                    "sourceRef": "Kiddushin 22b:5"
                }
            ], 
            "text": ""
        }, 
        {
            "segmentNumber": "6", 
            "he": [
                "לאזן מאבראי - כלומר רחוק מן הדלת כדכתיב את אזנו והדר יתן אזנו בדלת ויקח את המרצע וידקור בדלת מעבר השני כנגד אזנו לקיים ולקחת המרצע ונתת באזנו בדלת:"
            ], 
            "links": [
                {
                    "category": "Talmud", 
                    "sourceHeRef": "קידושין כ״ב ב:ו׳", 
                    "index_title": "Kiddushin", 
                    "sourceRef": "Kiddushin 22b:6"
                }
            ], 
            "text": ""
        }, 
        {
            "segmentNumber": "7", 
            "he": [
                "דוקר ויורד - אזנו כשנותנה על הדלת עד שמגיע לדלת:"
            ], 
            "links": [
                {
                    "category": "Talmud", 
                    "sourceHeRef": "קידושין כ״ב ב:ז׳", 
                    "index_title": "Kiddushin", 
                    "sourceRef": "Kiddushin 22b:7"
                }
            ], 
            "text": ""
        }, 
        {
            "segmentNumber": "8", 
            "he": [
                "עקורה - מן המזוזה ומוטלת לארץ:"
            ], 
            "links": [
                {
                    "category": "Talmud", 
                    "sourceHeRef": "קידושין כ״ב ב:ח׳", 
                    "index_title": "Kiddushin", 
                    "sourceRef": "Kiddushin 22b:8"
                }
            ], 
            "text": ""
        }, 
        {
            "segmentNumber": "9", 
            "he": [
                "מה מזוזה מעומד - דבלאו הכי לא מקרי מזוזה:"
            ], 
            "links": [
                {
                    "category": "Talmud", 
                    "sourceHeRef": "קידושין כ״ב ב:ט׳", 
                    "index_title": "Kiddushin", 
                    "sourceRef": "Kiddushin 22b:9"
                }
            ], 
            "text": ""
        }, 
        {
            "segmentNumber": "10", 
            "he": [
                "חומר - צרור המרגליות וצרור הבושם תלוי בצואר לתכשיט:"
            ], 
            "links": [
                {
                    "category": "Talmud", 
                    "sourceHeRef": "קידושין כ״ב ב:י׳", 
                    "index_title": "Kiddushin", 
                    "sourceRef": "Kiddushin 22b:10"
                }
            ], 
            "text": ""
        }, 
        {
            "segmentNumber": "11", 
            "he": [], 
            "links": [], 
            "text": ""
        }, 
        {
            "segmentNumber": "12", 
            "he": [], 
            "links": [], 
            "text": ""
        }, 
        {
            "segmentNumber": "13", 
            "he": [], 
            "links": [], 
            "text": ""
        }, 
        {
            "segmentNumber": "14", 
            "he": [], 
            "links": [], 
            "text": ""
        }, 
        {
            "segmentNumber": "15", 
            "he": [], 
            "links": [], 
            "text": ""
        }, 
        {
            "segmentNumber": "16", 
            "he": [], 
            "links": [], 
            "text": ""
        }, 
        {
            "segmentNumber": "17", 
            "he": [], 
            "links": [], 
            "text": ""
        }, 
        {
            "segmentNumber": "18", 
            "he": [], 
            "links": [], 
            "text": ""
        }, 
        {
            "segmentNumber": "19", 
            "he": [], 
            "links": [], 
            "text": ""
        }, 
        {
            "segmentNumber": "20", 
            "he": [
                "מתני' וקונה את עצמו - מיד רבו:", 
                "מתני' וקונה את עצמו - מיד רבו:", 
                "בכסף ע\"י אחרים - שיתנוהו לרבו ע\"מ שיהא זה בן חורין אבל הוא עצמו לא יקבל מהם ואפילו ע\"מ שאין לרבו רשות בו דקסבר אין קנין לעבד בלא רבו:", 
                "ובשטר ע\"י עצמו - שיקבלנו הוא ובגמרא מפרש לכולה דרבי מאיר ורבנן:"
            ], 
            "links": [
                {
                    "category": "Talmud", 
                    "sourceHeRef": "קידושין כ״ב ב:כ׳", 
                    "index_title": "Kiddushin", 
                    "sourceRef": "Kiddushin 22b:20"
                }, 
                {
                    "category": "Talmud", 
                    "sourceHeRef": "קידושין כ״ב ב:כ׳", 
                    "index_title": "Kiddushin", 
                    "sourceRef": "Kiddushin 22b:20"
                }, 
                {
                    "category": "Talmud", 
                    "sourceHeRef": "קידושין כ״ב ב:כ׳", 
                    "index_title": "Kiddushin", 
                    "sourceRef": "Kiddushin 22b:20"
                }, 
                {
                    "category": "Talmud", 
                    "sourceHeRef": "קידושין כ״ב ב:כ׳", 
                    "index_title": "Kiddushin", 
                    "sourceRef": "Kiddushin 22b:20"
                }
            ], 
            "text": ""
        }, 
        {
            "segmentNumber": "21", 
            "he": [], 
            "links": [], 
            "text": ""
        }, 
        {
            "segmentNumber": "22", 
            "he": [
                "בכסף ע\"י אחרים - שיתנוהו לרבו ע\"מ שיהא זה בן חורין אבל הוא עצמו לא יקבל מהם ואפילו ע\"מ שאין לרבו רשות בו דקסבר אין קנין לעבד בלא רבו:", 
                "ובלבד שיהא הכסף משל אחרים - דעבד אין לו כלום דאם מצא מציאה או קבל מתנה הכל לרבו ואם בא לפדות ע\"י עצמו צריך להיות משל אחרים ויתנוהו לו ע\"מ שאין לרבו רשות בו:"
            ], 
            "links": [
                {
                    "category": "Talmud", 
                    "sourceHeRef": "קידושין כ״ב ב:כ״ב", 
                    "index_title": "Kiddushin", 
                    "sourceRef": "Kiddushin 22b:22"
                }, 
                {
                    "category": "Talmud", 
                    "sourceHeRef": "קידושין כ״ב ב:כ״ב", 
                    "index_title": "Kiddushin", 
                    "sourceRef": "Kiddushin 22b:22"
                }
            ], 
            "text": ""
        }, 
        {
            "segmentNumber": "23", 
            "he": [
                "גמ' שדה נקנית בכל הני - ולקמן יליף בפירקין (דף כו.) וכל עובדי כוכבים ככנענים משנמכר לעבד אלא שכל עבדים נקראין על שם כנען משום דכתיב ביה (בראשית ט) עבד עבדים:"
            ], 
            "links": [
                {
                    "category": "Talmud", 
                    "sourceHeRef": "קידושין כ״ב ב:כ״ג", 
                    "index_title": "Kiddushin", 
                    "sourceRef": "Kiddushin 22b:23"
                }
            ], 
            "text": ""
        }, 
        {
            "segmentNumber": "24", 
            "he": [], 
            "links": [], 
            "text": ""
        }, 
        {
            "segmentNumber": "25", 
            "he": [
                "גמ' שדה נקנית בכל הני - ולקמן יליף בפירקין (דף כו.) וכל עובדי כוכבים ככנענים משנמכר לעבד אלא שכל עבדים נקראין על שם כנען משום דכתיב ביה (בראשית ט) עבד עבדים:"
            ], 
            "links": [
                {
                    "category": "Talmud", 
                    "sourceHeRef": "קידושין כ״ב ב:כ״ה", 
                    "index_title": "Kiddushin", 
                    "sourceRef": "Kiddushin 22b:25"
                }, 
                {
                    "category": "Tanakh", 
                    "sourceHeRef": "בראשית ט׳", 
                    "index_title": "Genesis", 
                    "sourceRef": "Genesis 9"
                }
            ], 
            "text": ""
        }, 
        {
            "segmentNumber": "26", 
            "he": [], 
            "links": [], 
            "text": ""
        }, 
        {
            "segmentNumber": "27", 
            "he": [], 
            "links": [], 
            "text": ""
        }, 
        {
            "segmentNumber": "28", 
            "he": [], 
            "links": [], 
            "text": ""
        }, 
        {
            "segmentNumber": "29", 
            "he": [], 
            "links": [], 
            "text": ""
        }, 
        {
            "segmentNumber": "30", 
            "he": [], 
            "links": [], 
            "text": ""
        }, 
        {
            "segmentNumber": "31", 
            "he": [
                "מילתא - דאיתיה בעבד וליתא בשאר מטלטלין קתני אבל חליפין דאיתנהו נמי בשאר מטלטלין שהמטלטלין גם הם נקנין בחליפין לא איצטריך ליה למיתני:"
            ], 
            "links": [
                {
                    "category": "Talmud", 
                    "sourceHeRef": "קידושין כ״ב ב:ל״א", 
                    "index_title": "Kiddushin", 
                    "sourceRef": "Kiddushin 22b:31"
                }
            ], 
            "text": ""
        }, 
        {
            "segmentNumber": "32", 
            "he": [], 
            "links": [], 
            "text": ""
        }, 
        {
            "segmentNumber": "33", 
            "he": [], 
            "links": [], 
            "text": ""
        }, 
        {
            "segmentNumber": "34", 
            "he": [], 
            "links": [], 
            "text": ""
        }, 
        {
            "segmentNumber": "35", 
            "he": [
                "תקפו - בחזקה:", 
                "לא קנאו - דמדעתיה אזל ואין זו משיכה:"
            ], 
            "links": [
                {
                    "category": "Talmud", 
                    "sourceHeRef": "קידושין כ״ב ב:ל״ה", 
                    "index_title": "Kiddushin", 
                    "sourceRef": "Kiddushin 22b:35"
                }, 
                {
                    "category": "Talmud", 
                    "sourceHeRef": "קידושין כ״ב ב:ל״ה", 
                    "index_title": "Kiddushin", 
                    "sourceRef": "Kiddushin 22b:35"
                }
            ], 
            "text": ""
        }, 
        {
            "segmentNumber": "36", 
            "he": [
                "בשלמא לתנא דידן - לא תיקשי לשמואל אמאי לא תני משיכה במתניתין דאיכא לתרוצי כדאוקמינן דמילתא דאיתא במטלטלין לא קתני אלא תנא ברא דתנא חליפין בהדייהו תיקשי לשמואל אי איתיה דנקנה במשיכה ליתנייה נמי במתניתין:"
            ], 
            "links": [
                {
                    "category": "Talmud", 
                    "sourceHeRef": "קידושין כ״ב ב:ל״ו", 
                    "index_title": "Kiddushin", 
                    "sourceRef": "Kiddushin 22b:36"
                }
            ], 
            "text": ""
        }, 
        {
            "segmentNumber": "37", 
            "he": [], 
            "links": [], 
            "text": ""
        }, 
        {
            "segmentNumber": "38", 
            "he": [
                "מילתא דאיתא בין במקרקעי בין במטלטלי - כגון חליפין צירף ושנה עם השאר דאיתנהו במקרקעי אבל משיכה דליתא במקרקעי לא תנא בהדייהו:"
            ], 
            "links": [
                {
                    "category": "Talmud", 
                    "sourceHeRef": "קידושין כ״ב ב:ל״ח", 
                    "index_title": "Kiddushin", 
                    "sourceRef": "Kiddushin 22b:38"
                }
            ], 
            "text": ""
        }, 
        {
            "segmentNumber": "39", 
            "he": [], 
            "links": [], 
            "text": ""
        }, 
        {
            "segmentNumber": "40", 
            "he": [], 
            "links": [], 
            "text": ""
        }, 
        {
            "segmentNumber": "41", 
            "he": [], 
            "links": [], 
            "text": ""
        }, 
        {
            "segmentNumber": "42", 
            "he": [
                "כיצד במסירה - גבי בהמה קאי דקתני מתני' (לקמן דף כה:) בהמה גסה נקנית במסירה:"
            ], 
            "links": [
                {
                    "category": "Talmud", 
                    "sourceHeRef": "קידושין כ״ב ב:מ״ב", 
                    "index_title": "Kiddushin", 
                    "sourceRef": "Kiddushin 22b:42"
                }
            ], 
            "text": ""
        }, 
        {
            "segmentNumber": "43", 
            "he": [
                "בשערה - כגון שיער שבראש הסוס:", 
                "שליף - משאוי:"
            ], 
            "links": [
                {
                    "category": "Talmud", 
                    "sourceHeRef": "קידושין כ״ב ב:מ״ג", 
                    "index_title": "Kiddushin", 
                    "sourceRef": "Kiddushin 22b:43"
                }, 
                {
                    "category": "Talmud", 
                    "sourceHeRef": "קידושין כ״ב ב:מ״ג", 
                    "index_title": "Kiddushin", 
                    "sourceRef": "Kiddushin 22b:43"
                }
            ], 
            "text": ""
        }, 
        {
            "segmentNumber": "44", 
            "he": [], 
            "links": [], 
            "text": ""
        }, 
        {
            "segmentNumber": "45", 
            "he": [], 
            "links": [], 
            "text": ""
        }, 
        {
            "segmentNumber": "46", 
            "he": [], 
            "links": [], 
            "text": ""
        }, 
        {
            "segmentNumber": "47", 
            "he": [], 
            "links": [], 
            "text": ""
        }, 
        {
            "segmentNumber": "48", 
            "he": [], 
            "links": [], 
            "text": ""
        }, 
        {
            "segmentNumber": "49", 
            "he": [
                "אדעתא דמרה אזלא - על דעת הקורא אותה לפי שאין לה דעת:", 
                "אדעתיה דנפשיה - מדעת עצמו:"
            ], 
            "links": [
                {
                    "category": "Talmud", 
                    "sourceHeRef": "קידושין כ״ב ב:מ״ט", 
                    "index_title": "Kiddushin", 
                    "sourceRef": "Kiddushin 22b:49"
                }, 
                {
                    "category": "Talmud", 
                    "sourceHeRef": "קידושין כ״ב ב:מ״ט", 
                    "index_title": "Kiddushin", 
                    "sourceRef": "Kiddushin 22b:49"
                }
            ], 
            "text": ""
        }, 
        {
            "segmentNumber": "50", 
            "he": [], 
            "links": [], 
            "text": ""
        }, 
        {
            "segmentNumber": "51", 
            "he": [
                "קטן - דלית ליה דעת כבהמה דמי ואם קראו לשם קניה ובא אצלו קנאו:"
            ], 
            "links": [
                {
                    "category": "Talmud", 
                    "sourceHeRef": "קידושין כ״ב ב:נ״א", 
                    "index_title": "Kiddushin", 
                    "sourceRef": "Kiddushin 22b:51"
                }
            ], 
            "text": ""
        }, 
        {
            "segmentNumber": "52", 
            "he": [], 
            "links": [], 
            "text": ""
        }, 
        {
            "segmentNumber": "53", 
            "he": [], 
            "links": [], 
            "text": ""
        }, 
        {
            "segmentNumber": "54", 
            "he": [
                "התיר לו מנעלו - העבד ללוקח:", 
                "גרדו - גראט\"ר (גרטי\"ר: לגרד) בלע\"ז:", 
                "הגביהו - העבד את הלוקח:"
            ], 
            "links": [
                {
                    "category": "Talmud", 
                    "sourceHeRef": "קידושין כ״ב ב:נ״ד", 
                    "index_title": "Kiddushin", 
                    "sourceRef": "Kiddushin 22b:54"
                }, 
                {
                    "category": "Talmud", 
                    "sourceHeRef": "קידושין כ״ב ב:נ״ד", 
                    "index_title": "Kiddushin", 
                    "sourceRef": "Kiddushin 22b:54"
                }, 
                {
                    "category": "Talmud", 
                    "sourceHeRef": "קידושין כ״ב ב:נ״ד", 
                    "index_title": "Kiddushin", 
                    "sourceRef": "Kiddushin 22b:54"
                }
            ], 
            "text": ""
        }, 
        {
            "segmentNumber": "55", 
            "he": [], 
            "links": [], 
            "text": ""
        }, 
        {
            "segmentNumber": "56", 
            "he": [], 
            "links": [], 
            "text": ""
        }, 
        {
            "segmentNumber": "57", 
            "he": [
                "מאי קאמר - מה ענין הגבהה דעלמא להגבהה דהכא הגבהה דעלמא לוקח מגביה החפץ והכא אמרינן שהעבד מגביהו משום עבודה שהלוקח משעבד בו לקנותו בחזקה:"
            ], 
            "links": [
                {
                    "category": "Talmud", 
                    "sourceHeRef": "קידושין כ״ב ב:נ״ז", 
                    "index_title": "Kiddushin", 
                    "sourceRef": "Kiddushin 22b:57"
                }
            ], 
            "text": ""
        }, 
        {
            "segmentNumber": "58", 
            "he": [], 
            "links": [], 
            "text": ""
        }, 
        {
            "segmentNumber": "59", 
            "he": [], 
            "links": [], 
            "text": ""
        }, 
        {
            "segmentNumber": "60", 
            "he": [], 
            "links": [], 
            "text": ""
        }, 
        {
            "segmentNumber": "61", 
            "he": [], 
            "links": [], 
            "text": ""
        }, 
        {
            "segmentNumber": "62", 
            "he": [
                "אלא מעתה - דהגביהו הוא לרבו קנאו:", 
                "שפחה כנענית תקנה בביאה - דהא אגבהה ליה:"
            ], 
            "links": [
                {
                    "category": "Talmud", 
                    "sourceHeRef": "קידושין כ״ב ב:ס״ב", 
                    "index_title": "Kiddushin", 
                    "sourceRef": "Kiddushin 22b:62"
                }, 
                {
                    "category": "Talmud", 
                    "sourceHeRef": "קידושין כ״ב ב:ס״ב", 
                    "index_title": "Kiddushin", 
                    "sourceRef": "Kiddushin 22b:62"
                }
            ], 
            "text": ""
        }, 
        {
            "segmentNumber": "63", 
            "he": [], 
            "links": [], 
            "text": ""
        }, 
        {
            "segmentNumber": "64", 
            "he": [], 
            "links": [], 
            "text": ""
        }, 
        {
            "segmentNumber": "65", 
            "he": [], 
            "links": [], 
            "text": ""
        }, 
        {
            "segmentNumber": "66", 
            "he": [], 
            "links": [], 
            "text": ""
        }, 
        {
            "segmentNumber": "67", 
            "he": [], 
            "links": [], 
            "text": ""
        }, 
        {
            "segmentNumber": "68", 
            "he": [], 
            "links": [], 
            "text": ""
        }, 
        {
            "segmentNumber": "69", 
            "he": [
                "הנדואה - מארץ כושי כוש מתרגמינן הינדואה:"
            ], 
            "links": [
                {
                    "category": "Talmud", 
                    "sourceHeRef": "קידושין כ״ב ב:ס״ט", 
                    "index_title": "Kiddushin", 
                    "sourceRef": "Kiddushin 22b:69"
                }
            ], 
            "text": ""
        }, 
        {
            "segmentNumber": "70", 
            "he": [
                "דתקיף ליה עלמא - גוסס ונוטה למות:"
            ], 
            "links": [
                {
                    "category": "Talmud", 
                    "sourceHeRef": "קידושין כ״ב ב:ע׳", 
                    "index_title": "Kiddushin", 
                    "sourceRef": "Kiddushin 22b:70"
                }
            ], 
            "text": ""
        }, 
        {
            "segmentNumber": "71", 
            "he": [
                "אמר ליה - מר זוטרא לעבדיה דגר:"
            ], 
            "links": [
                {
                    "category": "Talmud", 
                    "sourceHeRef": "קידושין כ״ב ב:ע״א", 
                    "index_title": "Kiddushin", 
                    "sourceRef": "Kiddushin 22b:71"
                }
            ], 
            "text": ""
        }, 
        {
            "segmentNumber": "72", 
            "he": [
                "שלוף לי מסנאי - לקנותו בחזקה היה מתכוון שיהא בעבודתו כשימות אדונו:"
            ], 
            "links": [
                {
                    "category": "Talmud", 
                    "sourceHeRef": "קידושין כ״ב ב:ע״ב", 
                    "index_title": "Kiddushin", 
                    "sourceRef": "Kiddushin 22b:72"
                }
            ], 
            "text": ""
        }, 
        {
            "segmentNumber": "73", 
            "he": [
                "איכא דאמרי גדול היה - העבד ונזהר בו שלא יזכה הוא עצמו מן ההפקר לפיכך קדם לפני המיתה וזכה בו והגר פירש למיתה ומר זוטרא פירש לחיים תחתיו שלא יהא העבד בלא אדון רגע אחד:"
            ], 
            "links": [
                {
                    "category": "Talmud", 
                    "sourceHeRef": "קידושין כ״ב ב:ע״ג", 
                    "index_title": "Kiddushin", 
                    "sourceRef": "Kiddushin 22b:73"
                }
            ], 
            "text": ""
        }, 
        {
            "segmentNumber": "74", 
            "he": [], 
            "links": [], 
            "text": ""
        }
    ], 
    "commentaryBook": "Kiddushin", 
    "heRef": "רש\"י על קידושין כ״ב ב", 
    "toSections": [
        "22b"
    ], 
    "sectionRef": "Rashi on Kiddushin 22b", 
    "title": "Rashi on Kiddushin 22b", 
    "lengths": [
        162, 
        8517
    ], 
    "next": "Rashi on Kiddushin 23a:2", 
    "heBook": "רש\"י על קידושין", 
    "book": "Rashi on Kiddushin", 
    "prev": "Rashi on Kiddushin 22a:48", 
    "textDepth": 3, 
    "sectionNames": [
        "Daf", 
        "Line", 
        "Comment"
    ], 
    "sections": [
        "22b"
    ], 
    "commentator": "Rashi", 
    "isComplex": false, 
    "commentaryCategories": [
        "Talmud", 
        "Bavli", 
        "Seder Nashim"
    ], 
    "titleVariants": [
        "Rashi on Masekhet Kiddushin", 
        "Rashi on Talmud Kiddushin", 
        "Rashi on Masechet Kiddushin", 
        "Rashi on Tractate Kiddushin", 
        "Rashi on Kiddushin", 
        "Rashi on Masekhet Qiddushin", 
        "Rashi on Qiddushin"
    ], 
    "categories": [
        "Commentary", 
        "Talmud", 
        "Rashi"
    ], 
    "ref": "Rashi on Kiddushin 22b", 
    "type": "Commentary", 
    "addressTypes": [
        "Talmud", 
        "Integer", 
        "Integer"
    ], 
    "heCommentator": "רש\"י", 
    "length": 162, 
    "indexTitle": "Rashi on Kiddushin", 
    "heIndexTitle": "רש\"י על קידושין", 
    "alts": [], 
    "order": [
        19, 
        7
    ]
}