{
    "heTitleVariants": [
        "משנה שבת"
    ], 
    "sectionNames": [
        "Chapter", 
        "Mishna"
    ], 
    "pubDate": "1492", 
    "title": "Mishnah Shabbat", 
    "compDate": "210", 
    "pubPlace": "Naples", 
    "compPlace": "Talmudic Israel", 
    "enDesc": "The Mishnah is the first major written redaction of the Jewish oral traditions known as the Oral Torah. The Mishnah was redacted by Rabbi Yehudah Ha-Nasi before his death around 217 CE, in a time when, according to the Talmud, the persecution of the Jews and the passage of time raised the possibility that the details of the oral traditions of the Pharisees from the Second Temple period (536 BCE – 70 CE) would be forgotten. The majority of the Mishnah is written in Mishnaic Hebrew, while some parts are Aramaic. The Mishnah consists of six orders (sedarim, singular seder), each containing 7–12 tractates (masekhtot, singular masekhet), numbering 63 in total and further subdivided into chapters and paragraphs or verses. The word Mishnah can also indicate a single paragraph or a verse of the work itself, i.e. the smallest unit of structure in the Mishnah. For this reason the whole work is sometimes called by the plural, Mishnayot. Shabbat (Sabbath) belongs to the second order, Moed (Festivals) and discusses the 39 prohibitions of \"work\" on the Shabbat. It has twenty four chapters.", 
    "depth": 2, 
    "maps": [], 
    "heTitle": "משנה שבת", 
    "era": "T", 
    "titleVariants": [
        "M Shabbat", 
        "M. Shabbat", 
        "Mishna Shabbat", 
        "Mishnah Shabbat"
    ], 
    "errorMargin": "20", 
    "order": [
        12, 
        1
    ], 
    "categories": [
        "Mishnah", 
        "Seder Moed"
    ], 
    "schema": {
        "nodeType": "JaggedArrayNode", 
        "addressTypes": [
            "Perek", 
            "Mishnah"
        ], 
        "lengths": [
            24, 
            139
        ], 
        "title": "Mishnah Shabbat", 
        "heTitle": "משנה שבת", 
        "depth": 2, 
        "titles": [
            {
                "lang": "en", 
                "text": "M Shabbat"
            }, 
            {
                "lang": "en", 
                "text": "M. Shabbat"
            }, 
            {
                "lang": "en", 
                "text": "Mishna Shabbat"
            }, 
            {
                "lang": "he", 
                "text": "משנה שבת", 
                "primary": true
            }, 
            {
                "lang": "en", 
                "text": "Mishnah Shabbat", 
                "primary": true
            }
        ], 
        "key": "Mishnah Shabbat", 
        "heSectionNames": [
            "פרק", 
            "משנה"
        ], 
        "sectionNames": [
            "Chapter", 
            "Mishna"
        ]
    }
}