[{
    "links": [], 
    "text": "(Therefore do the children of Israel observe these days in all the lands of their dispersion, as days of feasting and joy, for eight days beginning with the 25th of Kislev.", 
    "heTitleVariants": [
        "מגילת החשמונאים", 
        "מגילת אנטיוכס"
    ], 
    "heTitle": "מגילת אנטיוכס", 
    "heRef": "מגילת אנטיוכס ע״ז", 
    "toSections": [
        77
    ], 
    "sectionRef": "Megillat Antiochus", 
    "next": null, 
    "book": "Megillat Antiochus", 
    "prev": null, 
    "textDepth": 1, 
    "sectionNames": [
        "Paragraph"
    ], 
    "sections": [
        77
    ], 
    "isComplex": false, 
    "titleVariants": [
        "Megillat Antiochus", 
        "Megillat Ha-Ḥashmonaim", 
        "Megillat Hanukkah", 
        "Scroll of Antiochus"
    ], 
    "categories": [
        "Apocrypha"
    ], 
    "he": "(עַל־כֵּן בְּנֵי יִשְׂרָאֵל מֵהַיּוֺם הַהוּא בְּכָל־גָּלוּתָם שׁוֺמְרִים הַיָּמִים הָאֵֽלֶה וְקוֺרְאִים לָהֶם יְמֵי מִשְׁתֶּה וְשִׂמְחָה מֵחֲמִשָׁה וְעֶשְׂרִים לַחֹֽדֶשׁ כִּסְלֵו שְׁמוֺנָה יָמִים׃", 
    "ref": "Megillat Antiochus 77", 
    "type": "Apocrypha", 
    "addressTypes": [
        "Integer"
    ], 
    "indexTitle": "Megillat Antiochus", 
    "heIndexTitle": "מגילת אנטיוכס", 
    "alts": [], 
    "order": ""
}]