{
    "heTitleVariants": [
        "כלבו", 
        "כל בו"
    ], 
    "heTitle": "כל בו", 
    "heRef": "כל בו י״ב", 
    "toSections": [
        12
    ], 
    "sectionRef": "Kol Bo 12", 
    "next": "Kol Bo 13", 
    "content": [
        {
            "segmentNumber": "1", 
            "he": "<b>יב. דין אשרי</b>\n", 
            "links": [], 
            "text": ""
        }, 
        {
            "segmentNumber": "2", 
            "he": "תהלה לדוד כל האומר ג׳ פעמים בכונה ביום מובטח לו שהוא בן העולם הבא משום דאית ביה אלפא ביתא ומשביע לכל חי רצון ג׳ פעמים בג׳ תפלות ומשום דאית דאמרי ערבית רשות ופעמים שבשביל צורך היו מבטלין אותה אבל לא בחנם התקינו לאומרה פעמים שחרית ולא רצו לתקנה בערבית דלמא אתי לשהויה ומפני מה עשו תקנה כאלו היא חובה כדאשכחינן בפסוקי דברוך ה׳ לעולם דאית בהו י״ח הזכרות ותקנו משום בטול תפלת ערבית. וכתב הרבי נתן ז״ל וראיתי כתוב מר״ם נ״ע בשם רבי אלעזר זקנו שלא היה אומר משום מה שאמר רבי יוחנן אי זהו בן העולם הבא זהו הסומ׳ גאולה לתפלה של ערבית ולולי כי פשט המנהג כל כך כבר בטלום ואף קדיש לא היה לומר כמו בשחרית. ואנו אחריו לבלתי אומרים. אך כשאנו מתפללין נקיטינן סוגיא דעלמא שלא להיות מן המתמיהין:\n", 
            "links": [], 
            "text": ""
        }
    ], 
    "book": "Kol Bo", 
    "prev": "Kol Bo 11", 
    "textDepth": 2, 
    "sectionNames": [
        "Siman", 
        "Paragraph"
    ], 
    "sections": [
        12
    ], 
    "isComplex": false, 
    "titleVariants": [
        "KolBo", 
        "Kolbo", 
        "Kol Bo"
    ], 
    "categories": [
        "Halakhah"
    ], 
    "ref": "Kol Bo 12", 
    "type": "Halakhah", 
    "addressTypes": [
        "Integer", 
        "Integer"
    ], 
    "indexTitle": "Kol Bo", 
    "heIndexTitle": "כל בו", 
    "alts": [], 
    "order": ""
}