{
    "heTitleVariants": [
        "רמב\"ם, הלכות טומאת צרעת", 
        "משנה תורה, הל' טומאת צרעת", 
        "רמב\"ם הלכות טומאת צרעת", 
        "משנה תורה, הלכות טומאת צרעת", 
        "רמב\"ם הל' טומאת צרעת", 
        "רמב\"ם, הל' טומאת צרעת"
    ], 
    "heTitle": "משנה תורה, הלכות טומאת צרעת", 
    "heRef": "משנה תורה, הלכות טומאת צרעת י״א", 
    "toSections": [
        11
    ], 
    "sectionRef": "Mishneh Torah, Defilement by Leprosy 11", 
    "lengths": [
        16
    ], 
    "next": "Mishneh Torah, Defilement by Leprosy 12", 
    "content": [
        {
            "segmentNumber": "1", 
            "he": "טָהֳרַת מְצֹרָע מִצְוַת עֲשֵׂה. וְתִגְלַחְתּוֹ כְּשֶׁיִּטְהַר מִצְוַת עֲשֵׂה. כֵּיצַד מְטַהֲרִין אֶת הַמְצֹרָע. מֵבִיא מִזְרָק שֶׁל חֶרֶשׂ חָדָשׁ וְקַבָּלָה הִיא שֶׁיִּהְיֶה [חָדָשׁ] וְנוֹתֵן לְתוֹכוֹ רְבִיעִית מַיִם חַיִּים הָרְאוּיִין לְקַדֵּשׁ אוֹתָן מֵי חַטָּאת. וְשִׁעוּר זֶה מִדִּבְרֵי סוֹפְרִים. וּמֵבִיא שְׁתֵּי צִפֳּרִים דְּרוֹר טְהוֹרוֹת לְשֵׁם טָהֳרַת צָרַעַת שֶׁנֶּאֱמַר <small>(ויקרא יד-ד)</small> \"וְלָקַח לַמִּטַּהֵר\". וְשׁוֹחֵט אֶת הַבְּרוּרָה שֶׁבִּשְׁתֵּיהֶן עַל הַמַּיִם שֶׁבַּכְּלִי חֶרֶס וּמְמַצֶּה עַד שֶׁיִּהְיֶה הַדָּם נִכָּר בַּמַּיִם. וְחוֹפֵר וְקוֹבֵר הַצִּפּוֹר הַשְּׁחוּטָה בְּפָנָיו. וְדָבָר זֶה קַבָּלָה מִפִּי הַשְּׁמוּעָה. וְנוֹטֵל עֵץ אֶרֶז וּמִצְוָתוֹ שֶׁיִּהְיֶה אָרְכּוֹ אַמָּה וְעָבְיוֹ כִּרְבִיעַ כֶּרַע מִכִּרְעֵי הַמִּטָּה. וְאֵזוֹב שֶׁאֵין לוֹ שֵׁם לְוַוי כְּמוֹ שֶׁבֵּאַרְנוּ. אֵין פָּחוּת מִטֶּפַח. וּשְׁנִי תּוֹלַעַת מִשְׁקָלוֹ שֶׁקֶל. וְאִם טִעֲמוֹ פְּסָלוֹ כִּצְבִיעַת הַתְּכֵלֶת. וְכָל הַשִּׁעוּרִים הֲלָכָה. וְלוֹקֵחַ עִם שְׁלָשְׁתָּן הַצִּפּוֹר הַחַיָּה. וְאַרְבָּעָה מִינִין אֵלּוּ מְעַכְּבִין זֶה אֶת זֶה. וְעֵץ אֶרֶז וְאֵזוֹב שֶׁנִּתְקַלְּפוּ פְּסוּלִין. וְכוֹרֵךְ הָאֵזוֹב עִם הָאֶרֶז בְּלָשׁוֹן שֶׁל זְהוֹרִית וּמַקִּיף לָהֶן רָאשֵׁי אֲגַפַּיִים וְרֹאשׁ הַזָּנָב שֶׁל צִפּוֹר הַחַיָּה. וְטוֹבֵל אַרְבַּעְתָּן בַּמַּיִם שֶׁבַּכְּלִי וּבַדָּם שֶׁעֲלֵיהֶן. וּמַזֶּה שֶׁבַע פְּעָמִים עַל אַחַר יָדוֹ שֶׁל מְצֹרָע וּמְשַׁלֵּחַ אֶת הַצִּפּוֹר. וכֵּיצַד מְשַׁלְּחָהּ. עוֹמֵד בָּעִיר וְזוֹרְקָהּ חוּץ לַחוֹמָה. וְאֵינוֹ הוֹפֵךְ פָּנָיו לֹא לַיָּם וְלֹא לָעִיר וְלֹא לַמִּדְבָּר. שֶׁנֶּאֱמַר <small>(ויקרא יד-נג)</small> \"מִחוּץ לָעִיר אֶל פְּנֵי הַשָּׂדֶה\". שְׁלָחָהּ וְחָזְרָה חוֹזֵר וּמְשַׁלְּחָהּ אֲפִלּוּ מֵאָה פְּעָמִים. וְאַחַר כָּךְ מְגַלֵּחַ הַכֹּהֵן אֶת הַמְצֹרָע. כֵּיצַד מְגַלְּחוֹ. מַעֲבִיר תַּעַר עַל כָּל בְּשָׂרוֹ הַנִּרְאֶה אֲפִלּוּ בֵּית הַשֶּׁחִי וּבֵית הָעֶרְוָה שֵׂעָר שֶׁעַל כָּל הַגּוּף עַד שֶׁיֵּעָשֶׂה כִּדְלַעַת שֶׁנֶּאֱמַר <small>(ויקרא יד-ח)</small> \"אֶת כָּל שְׂעָרוֹ\". אִם כֵּן לָמָּה נֶאֱמַר <small>(ויקרא יד-ט)</small> \"רֹאשׁוֹ\" <small>(ויקרא יד-ט)</small> \"וּזְקָנוֹ\" <small>(ויקרא יד-ט)</small> \"וְגַבּוֹת עֵינָיו\" לְרַבּוֹת כָּל כַּיּוֹצֵא בָּהֶן וּלְמַעֵט שֵׂעָר שֶׁבְּתוֹךְ הַחֹטֶם לְפִי שֶׁאֵינוֹ נִרְאֶה. וְאַחַר כָּךְ מְכַבֵּס בְּגָדָיו וְטוֹבֵל וְיִטְהַר מִלְּטַמֵּא בְּבִיאָה וּמִלְּטַמֵּא מִשְׁכָּב וּמוֹשָׁב. וְיִכָּנֵס לְפָנִים מִן הַחוֹמָה וּמוֹנֶה שִׁבְעַת יָמִים וְאָסוּר בָּהֶן בְּתַשְׁמִישׁ הַמִּטָּה שֶׁנֶּאֱמַר <small>(ויקרא יד-ח)</small> \"מִחוּץ לְאָהֳלוֹ\" מְלַמֵּד שֶׁאָסוּר בְּתַשְׁמִישׁ הַמִּטָּה. וְהַמְצֹרַעַת מֻתֶּרֶת בְּתַשְׁמִישׁ הַמִּטָּה: \n", 
            "links": [
                {
                    "category": "Tanakh", 
                    "sourceHeRef": "ויקרא י״ד", 
                    "index_title": "Leviticus", 
                    "sourceRef": "Leviticus 14"
                }, 
                {
                    "category": "Halakhah", 
                    "sourceHeRef": "כסף משנה על משנה תורה, הלכות טומאת צרעת י״א:א׳:א׳", 
                    "index_title": "Kessef Mishneh on Mishneh Torah, Defilement by Leprosy", 
                    "sourceRef": "Kessef Mishneh on Mishneh Torah, Defilement by Leprosy 11:1:1"
                }, 
                {
                    "category": "Halakhah", 
                    "sourceHeRef": "כסף משנה על משנה תורה, הלכות טומאת צרעת י״א:א׳:ב׳", 
                    "index_title": "Kessef Mishneh on Mishneh Torah, Defilement by Leprosy", 
                    "sourceRef": "Kessef Mishneh on Mishneh Torah, Defilement by Leprosy 11:1:2"
                }, 
                {
                    "category": "Halakhah", 
                    "sourceHeRef": "כסף משנה על משנה תורה, הלכות טומאת צרעת י״א:א׳:ג׳", 
                    "index_title": "Kessef Mishneh on Mishneh Torah, Defilement by Leprosy", 
                    "sourceRef": "Kessef Mishneh on Mishneh Torah, Defilement by Leprosy 11:1:3"
                }, 
                {
                    "category": "Halakhah", 
                    "sourceHeRef": "כסף משנה על משנה תורה, הלכות טומאת צרעת י״א:א׳:ד׳", 
                    "index_title": "Kessef Mishneh on Mishneh Torah, Defilement by Leprosy", 
                    "sourceRef": "Kessef Mishneh on Mishneh Torah, Defilement by Leprosy 11:1:4"
                }, 
                {
                    "category": "Halakhah", 
                    "sourceHeRef": "כסף משנה על משנה תורה, הלכות טומאת צרעת י״א:א׳:ה׳", 
                    "index_title": "Kessef Mishneh on Mishneh Torah, Defilement by Leprosy", 
                    "sourceRef": "Kessef Mishneh on Mishneh Torah, Defilement by Leprosy 11:1:5"
                }, 
                {
                    "category": "Halakhah", 
                    "sourceHeRef": "כסף משנה על משנה תורה, הלכות טומאת צרעת י״א:א׳:ו׳", 
                    "index_title": "Kessef Mishneh on Mishneh Torah, Defilement by Leprosy", 
                    "sourceRef": "Kessef Mishneh on Mishneh Torah, Defilement by Leprosy 11:1:6"
                }, 
                {
                    "category": "Halakhah", 
                    "sourceHeRef": "כסף משנה על משנה תורה, הלכות טומאת צרעת י״א:א׳:ז׳", 
                    "index_title": "Kessef Mishneh on Mishneh Torah, Defilement by Leprosy", 
                    "sourceRef": "Kessef Mishneh on Mishneh Torah, Defilement by Leprosy 11:1:7"
                }, 
                {
                    "category": "Halakhah", 
                    "sourceHeRef": "כסף משנה על משנה תורה, הלכות טומאת צרעת י״א:א׳:ח׳", 
                    "index_title": "Kessef Mishneh on Mishneh Torah, Defilement by Leprosy", 
                    "sourceRef": "Kessef Mishneh on Mishneh Torah, Defilement by Leprosy 11:1:8"
                }, 
                {
                    "category": "Halakhah", 
                    "sourceHeRef": "כסף משנה על משנה תורה, הלכות טומאת צרעת י״א:א׳:ט׳", 
                    "index_title": "Kessef Mishneh on Mishneh Torah, Defilement by Leprosy", 
                    "sourceRef": "Kessef Mishneh on Mishneh Torah, Defilement by Leprosy 11:1:9"
                }, 
                {
                    "category": "Halakhah", 
                    "sourceHeRef": "כסף משנה על משנה תורה, הלכות טומאת צרעת י״א:א׳:י׳", 
                    "index_title": "Kessef Mishneh on Mishneh Torah, Defilement by Leprosy", 
                    "sourceRef": "Kessef Mishneh on Mishneh Torah, Defilement by Leprosy 11:1:10"
                }, 
                {
                    "category": "Halakhah", 
                    "sourceHeRef": "כסף משנה על משנה תורה, הלכות טומאת צרעת י״א:א׳:י״א", 
                    "index_title": "Kessef Mishneh on Mishneh Torah, Defilement by Leprosy", 
                    "sourceRef": "Kessef Mishneh on Mishneh Torah, Defilement by Leprosy 11:1:11"
                }, 
                {
                    "category": "Halakhah", 
                    "sourceHeRef": "כסף משנה על משנה תורה, הלכות טומאת צרעת י״א:א׳:י״ב", 
                    "index_title": "Kessef Mishneh on Mishneh Torah, Defilement by Leprosy", 
                    "sourceRef": "Kessef Mishneh on Mishneh Torah, Defilement by Leprosy 11:1:12"
                }, 
                {
                    "category": "Halakhah", 
                    "sourceHeRef": "כסף משנה על משנה תורה, הלכות טומאת צרעת י״א:א׳:י״ג", 
                    "index_title": "Kessef Mishneh on Mishneh Torah, Defilement by Leprosy", 
                    "sourceRef": "Kessef Mishneh on Mishneh Torah, Defilement by Leprosy 11:1:13"
                }, 
                {
                    "category": "Halakhah", 
                    "sourceHeRef": "כסף משנה על משנה תורה, הלכות טומאת צרעת י״א:א׳:י״ד", 
                    "index_title": "Kessef Mishneh on Mishneh Torah, Defilement by Leprosy", 
                    "sourceRef": "Kessef Mishneh on Mishneh Torah, Defilement by Leprosy 11:1:14"
                }, 
                {
                    "category": "Halakhah", 
                    "sourceHeRef": "כסף משנה על משנה תורה, הלכות טומאת צרעת י״א:א׳:ט״ו", 
                    "index_title": "Kessef Mishneh on Mishneh Torah, Defilement by Leprosy", 
                    "sourceRef": "Kessef Mishneh on Mishneh Torah, Defilement by Leprosy 11:1:15"
                }, 
                {
                    "category": "Halakhah", 
                    "sourceHeRef": "כסף משנה על משנה תורה, הלכות טומאת צרעת י״א:א׳:ט״ז", 
                    "index_title": "Kessef Mishneh on Mishneh Torah, Defilement by Leprosy", 
                    "sourceRef": "Kessef Mishneh on Mishneh Torah, Defilement by Leprosy 11:1:16"
                }, 
                {
                    "category": "Halakhah", 
                    "sourceHeRef": "כסף משנה על משנה תורה, הלכות טומאת צרעת י״א:א׳:י״ז", 
                    "index_title": "Kessef Mishneh on Mishneh Torah, Defilement by Leprosy", 
                    "sourceRef": "Kessef Mishneh on Mishneh Torah, Defilement by Leprosy 11:1:17"
                }, 
                {
                    "category": "Halakhah", 
                    "sourceHeRef": "כסף משנה על משנה תורה, הלכות טומאת צרעת י״א:א׳:י״ח", 
                    "index_title": "Kessef Mishneh on Mishneh Torah, Defilement by Leprosy", 
                    "sourceRef": "Kessef Mishneh on Mishneh Torah, Defilement by Leprosy 11:1:18"
                }, 
                {
                    "category": "Halakhah", 
                    "sourceHeRef": "כסף משנה על משנה תורה, הלכות טומאת צרעת י״א:א׳:י״ט", 
                    "index_title": "Kessef Mishneh on Mishneh Torah, Defilement by Leprosy", 
                    "sourceRef": "Kessef Mishneh on Mishneh Torah, Defilement by Leprosy 11:1:19"
                }, 
                {
                    "category": "Halakhah", 
                    "sourceHeRef": "כסף משנה על משנה תורה, הלכות טומאת צרעת י״א:א׳:כ׳", 
                    "index_title": "Kessef Mishneh on Mishneh Torah, Defilement by Leprosy", 
                    "sourceRef": "Kessef Mishneh on Mishneh Torah, Defilement by Leprosy 11:1:20"
                }, 
                {
                    "category": "Halakhah", 
                    "sourceHeRef": "כסף משנה על משנה תורה, הלכות טומאת צרעת י״א:א׳:כ״א", 
                    "index_title": "Kessef Mishneh on Mishneh Torah, Defilement by Leprosy", 
                    "sourceRef": "Kessef Mishneh on Mishneh Torah, Defilement by Leprosy 11:1:21"
                }, 
                {
                    "category": "Halakhah", 
                    "sourceHeRef": "כסף משנה על משנה תורה, הלכות טומאת צרעת י״א:א׳:כ״ב", 
                    "index_title": "Kessef Mishneh on Mishneh Torah, Defilement by Leprosy", 
                    "sourceRef": "Kessef Mishneh on Mishneh Torah, Defilement by Leprosy 11:1:22"
                }, 
                {
                    "category": "Halakhah", 
                    "sourceHeRef": "כסף משנה על משנה תורה, הלכות טומאת צרעת י״א:א׳:כ״ג", 
                    "index_title": "Kessef Mishneh on Mishneh Torah, Defilement by Leprosy", 
                    "sourceRef": "Kessef Mishneh on Mishneh Torah, Defilement by Leprosy 11:1:23"
                }, 
                {
                    "category": "Halakhah", 
                    "sourceHeRef": "כסף משנה על משנה תורה, הלכות טומאת צרעת י״א:א׳:כ״ד", 
                    "index_title": "Kessef Mishneh on Mishneh Torah, Defilement by Leprosy", 
                    "sourceRef": "Kessef Mishneh on Mishneh Torah, Defilement by Leprosy 11:1:24"
                }, 
                {
                    "category": "Halakhah", 
                    "sourceHeRef": "כסף משנה על משנה תורה, הלכות טומאת צרעת י״א:א׳:כ״ה", 
                    "index_title": "Kessef Mishneh on Mishneh Torah, Defilement by Leprosy", 
                    "sourceRef": "Kessef Mishneh on Mishneh Torah, Defilement by Leprosy 11:1:25"
                }
            ], 
            "text": ""
        }, 
        {
            "segmentNumber": "2", 
            "he": "כָּל שִׁבְעַת הַיָּמִים הָאֵלּוּ עֲדַיִן הוּא אַב הַטֻּמְאָה מְטַמֵּא אָדָם וְכֵלִים בְּמַגָּע לֹא בְּמַשָּׂא שֶׁהֲרֵי הוּא אוֹמֵר <small>(ויקרא יד-ט)</small> \"וְהָיָה בַיּוֹם הַשְּׁבִיעִי\" <small>(ויקרא יד-ט)</small> \"וְכִבֶּס אֶת בְּגָדָיו\" וְגוֹ' מְלַמֵּד שֶׁהָיָה מְטַמֵּא בְּגָדִים וּכְשֵׁם שֶׁהָיָה מְטַמֵּא בְּגָדִים בְּמַגָּע כָּךְ מְטַמֵּא אָדָם בְּמַגָּע שֶׁכָּל הַמְטַמֵּא בְּגָדִים מְטַמֵּא אָדָם. וּבַיּוֹם הַשְּׁבִיעִי מְגַלְּחוֹ הַכֹּהֵן תִּגְלַחַת שְׁנִיָּה כָּרִאשׁוֹנָה וּמְכַבֵּס בְּגָדָיו וְטוֹבֵל וְיִטְהַר מִלְּטַמֵּא אֲחֵרִים. וַהֲרֵי הוּא כְּכָל טְבוּלֵי יוֹם וְאוֹכֵל בְּמַעֲשֵׂר. הֶעֱרִיב שִׁמְשׁוֹ אוֹכֵל בִּתְרוּמָה. הֵבִיא כַּפָּרָתוֹ אוֹכֵל בְּקָדָשִׁים כְּמוֹ שֶׁבֵּאַרְנוּ: \n", 
            "links": [
                {
                    "category": "Tanakh", 
                    "sourceHeRef": "ויקרא י״ד", 
                    "index_title": "Leviticus", 
                    "sourceRef": "Leviticus 14"
                }, 
                {
                    "category": "Halakhah", 
                    "sourceHeRef": "כסף משנה על משנה תורה, הלכות טומאת צרעת י״א:ב׳:א׳", 
                    "index_title": "Kessef Mishneh on Mishneh Torah, Defilement by Leprosy", 
                    "sourceRef": "Kessef Mishneh on Mishneh Torah, Defilement by Leprosy 11:2:1"
                }, 
                {
                    "category": "Halakhah", 
                    "sourceHeRef": "כסף משנה על משנה תורה, הלכות טומאת צרעת י״א:ב׳:ב׳", 
                    "index_title": "Kessef Mishneh on Mishneh Torah, Defilement by Leprosy", 
                    "sourceRef": "Kessef Mishneh on Mishneh Torah, Defilement by Leprosy 11:2:2"
                }
            ], 
            "text": ""
        }, 
        {
            "segmentNumber": "3", 
            "he": "כְּשֶׁהוּא מְגַלֵּחַ בִּשְׁתֵּי הַתִּגְלָחוֹת אֵינוֹ מְגַלֵּחַ אֶלָּא בְּתַעַר. וְאִם גִּלֵּחַ שֶׁלֹּא בְּתַעַר אוֹ שֶׁהִנִּיחַ שְׁתֵּי שְׂעָרוֹת לֹא עָשָׂה כְּלוּם. וְאֵינוֹ מְגַלְּחוֹ אֶלָּא כֹּהֵן. וְאִם שִׁיֵּר שְׁתֵּי שְׂעָרוֹת בְּתִגְלַחַת רִאשׁוֹנָה וְגִלְּחָן בַּשְּׁנִיָּה לֹא עָלְתָה לוֹ אֶלָּא תִּגְלַחַת אַחַת בִּלְבַד וַהֲרֵי הִיא רִאשׁוֹנָה. וְכָל הַיּוֹם כָּשֵׁר לְטָהֳרַת הַמְצֹרָע: \n", 
            "links": [
                {
                    "category": "Halakhah", 
                    "sourceHeRef": "כסף משנה על משנה תורה, הלכות טומאת צרעת י״א:ג׳:א׳", 
                    "index_title": "Kessef Mishneh on Mishneh Torah, Defilement by Leprosy", 
                    "sourceRef": "Kessef Mishneh on Mishneh Torah, Defilement by Leprosy 11:3:1"
                }, 
                {
                    "category": "Halakhah", 
                    "sourceHeRef": "כסף משנה על משנה תורה, הלכות טומאת צרעת י״א:ג׳:ב׳", 
                    "index_title": "Kessef Mishneh on Mishneh Torah, Defilement by Leprosy", 
                    "sourceRef": "Kessef Mishneh on Mishneh Torah, Defilement by Leprosy 11:3:2"
                }
            ], 
            "text": ""
        }, 
        {
            "segmentNumber": "4", 
            "he": "תִּגְלַחַת הַמְצֹרָע וּטְבִילָתוֹ וְהַזָּאָתוֹ אֵינָן מְעַכְּבוֹת זוֹ אֶת זוֹ. וּשְׁאָר כָּל מַעֲשָׂיו מְעַכְּבִים: \n", 
            "links": [], 
            "text": ""
        }, 
        {
            "segmentNumber": "5", 
            "he": "שְׁחִיטַת הַצִּפּוֹר וְהַתִּגְלַחַת וְהַהַזָּיָה בַּיּוֹם וּשְׁאָר כָּל מַעֲשָׂיו בֵּין בַּיּוֹם בֵּין בַּלַּיְלָה. אֵלּוּ בַּאֲנָשִׁים וּשְׁאָר כָּל מַעֲשָׂיו בֵּין בַּאֲנָשִׁים בֵּין בְּנָשִׁים. אֵלּוּ בְּכֹהֲנִים וּשְׁאָר כָּל מַעֲשָׂיו בֵּין בְּכֹהֲנִים בֵּין בְּיִשְׂרָאֵל: \n", 
            "links": [
                {
                    "category": "Halakhah", 
                    "sourceHeRef": "כסף משנה על משנה תורה, הלכות טומאת צרעת י״א:ה׳:א׳", 
                    "index_title": "Kessef Mishneh on Mishneh Torah, Defilement by Leprosy", 
                    "sourceRef": "Kessef Mishneh on Mishneh Torah, Defilement by Leprosy 11:5:1"
                }, 
                {
                    "category": "Halakhah", 
                    "sourceHeRef": "כסף משנה על משנה תורה, הלכות טומאת צרעת י״א:ה׳:ב׳", 
                    "index_title": "Kessef Mishneh on Mishneh Torah, Defilement by Leprosy", 
                    "sourceRef": "Kessef Mishneh on Mishneh Torah, Defilement by Leprosy 11:5:2"
                }
            ], 
            "text": ""
        }, 
        {
            "segmentNumber": "6", 
            "he": "טָהֳרַת מְצֹרָע זוֹ נוֹהֶגֶת בָּאָרֶץ וּבְחוּצָה לָאָרֶץ. בִּפְנֵי הַבַּיִת וְשֶׁלֹּא בִּפְנֵי הַבַּיִת. וְכֹהֵן שֶׁטִּמְּאוֹ מִצְוָה לְטַהֲרוֹ שֶׁנֶּאֱמַר <small>(ויקרא יג-נט)</small> \"לְטַהֲרוֹ אוֹ לְטַמְּאוֹ\". וְהַכּל כְּשֵׁרִין לְטַהֵר אֶת הַמְצֹרָע אֲפִלּוּ זָב וַאֲפִלּוּ טְמֵא מֵת. וְאֵין מְצֹרָע מְטַהֵר מְצֹרָע. וְאֵין מְטַהֲרִין שְׁנֵי מְצֹרָעִין כְּאַחַת שֶׁאֵין עוֹשִׂין מִצְוֹת חֲבִילוֹת: \n", 
            "links": [
                {
                    "category": "Tanakh", 
                    "sourceHeRef": "ויקרא י״ג", 
                    "index_title": "Leviticus", 
                    "sourceRef": "Leviticus 13"
                }, 
                {
                    "category": "Halakhah", 
                    "sourceHeRef": "כסף משנה על משנה תורה, הלכות טומאת צרעת י״א:ו׳:א׳", 
                    "index_title": "Kessef Mishneh on Mishneh Torah, Defilement by Leprosy", 
                    "sourceRef": "Kessef Mishneh on Mishneh Torah, Defilement by Leprosy 11:6:1"
                }, 
                {
                    "category": "Halakhah", 
                    "sourceHeRef": "כסף משנה על משנה תורה, הלכות טומאת צרעת י״א:ו׳:ב׳", 
                    "index_title": "Kessef Mishneh on Mishneh Torah, Defilement by Leprosy", 
                    "sourceRef": "Kessef Mishneh on Mishneh Torah, Defilement by Leprosy 11:6:2"
                }
            ], 
            "text": ""
        }, 
        {
            "segmentNumber": "7", 
            "he": "עֵץ אֶרֶז וְאֵזוֹב וּשְׁנִי תּוֹלַעַת שֶׁטָּהַר בָּהֶן מְצֹרָע זֶה מְטַהֵר בָּהֶן מְצֹרָעִים אֲחֵרִים. וְכֵן צִפּוֹר הַמִּשְׁתַּלַּחַת מֻתָּר לְטַהֵר בָּהּ מְצֹרָעִים אֲחֵרִים מֵאַחַר שֶׁנִּשְׁתַּלְּחָה וּמֻתֶּרֶת בַּאֲכִילָה. אֲבָל הַצִּפּוֹר הַשְּׁחוּטָה אֲסוּרָה בַּהֲנָאָה. וּמֵאֵימָתַי תֵּאָסֵר, מִשְּׁעַת שְׁחִיטָתָהּ. שְׁחָטָהּ וְאֵין שָׁם אֵזוֹב וְלֹא עֵץ אֶרֶז וְלֹא שְׁנִי תּוֹלַעַת הֲרֵי זוֹ אֲסוּרָה בַּהֲנָאָה שֶׁשְּׁחִיטָה שֶׁאֵינָהּ רְאוּיָה שְׁמָהּ שְׁחִיטָה. וְהָאוֹכֵל כְּזַיִת מִצִּפּוֹר הַשְּׁחוּטָה עָבַר עַל עֲשֵׂה וְעַל לֹא תַּעֲשֶׂה שֶׁנֶּאֱמַר <small>(דברים יד-יב)</small> \"וְזֶה אֲשֶׁר לֹא תֹאכְלוּ מֵהֶם\" מִפִּי הַשְּׁמוּעָה לָמְדוּ שֶׁזֶּה לְרַבּוֹת הַצִּפּוֹר הַשְּׁחוּטָה. וְנֶאֱמַר <small>(דברים יד-יא)</small> \"טְהֹרָה תֹּאכֵלוּ\" הָא אַחֶרֶת לֹא תֹּאכְלוּ וְלָאו הַבָּא מִכְּלַל עֲשֵׂה עֲשֵׂה: \n", 
            "links": [
                {
                    "category": "Tanakh", 
                    "sourceHeRef": "דברים י״ד", 
                    "index_title": "Deuteronomy", 
                    "sourceRef": "Deuteronomy 14"
                }, 
                {
                    "category": "Halakhah", 
                    "sourceHeRef": "כסף משנה על משנה תורה, הלכות טומאת צרעת י״א:ז׳:א׳", 
                    "index_title": "Kessef Mishneh on Mishneh Torah, Defilement by Leprosy", 
                    "sourceRef": "Kessef Mishneh on Mishneh Torah, Defilement by Leprosy 11:7:1"
                }, 
                {
                    "category": "Halakhah", 
                    "sourceHeRef": "כסף משנה על משנה תורה, הלכות טומאת צרעת י״א:ז׳:ב׳", 
                    "index_title": "Kessef Mishneh on Mishneh Torah, Defilement by Leprosy", 
                    "sourceRef": "Kessef Mishneh on Mishneh Torah, Defilement by Leprosy 11:7:2"
                }, 
                {
                    "category": "Halakhah", 
                    "sourceHeRef": "כסף משנה על משנה תורה, הלכות טומאת צרעת י״א:ז׳:ג׳", 
                    "index_title": "Kessef Mishneh on Mishneh Torah, Defilement by Leprosy", 
                    "sourceRef": "Kessef Mishneh on Mishneh Torah, Defilement by Leprosy 11:7:3"
                }, 
                {
                    "category": "Halakhah", 
                    "sourceHeRef": "כסף משנה על משנה תורה, הלכות טומאת צרעת י״א:ז׳:ד׳", 
                    "index_title": "Kessef Mishneh on Mishneh Torah, Defilement by Leprosy", 
                    "sourceRef": "Kessef Mishneh on Mishneh Torah, Defilement by Leprosy 11:7:4"
                }, 
                {
                    "category": "Halakhah", 
                    "sourceHeRef": "כסף משנה על משנה תורה, הלכות טומאת צרעת י״א:ז׳:ה׳", 
                    "index_title": "Kessef Mishneh on Mishneh Torah, Defilement by Leprosy", 
                    "sourceRef": "Kessef Mishneh on Mishneh Torah, Defilement by Leprosy 11:7:5"
                }, 
                {
                    "category": "Halakhah", 
                    "sourceHeRef": "כסף משנה על משנה תורה, הלכות טומאת צרעת י״א:ז׳:ו׳", 
                    "index_title": "Kessef Mishneh on Mishneh Torah, Defilement by Leprosy", 
                    "sourceRef": "Kessef Mishneh on Mishneh Torah, Defilement by Leprosy 11:7:6"
                }, 
                {
                    "category": "Halakhah", 
                    "sourceHeRef": "כסף משנה על משנה תורה, הלכות טומאת צרעת י״א:ז׳:ז׳", 
                    "index_title": "Kessef Mishneh on Mishneh Torah, Defilement by Leprosy", 
                    "sourceRef": "Kessef Mishneh on Mishneh Torah, Defilement by Leprosy 11:7:7"
                }
            ], 
            "text": ""
        }, 
        {
            "segmentNumber": "8", 
            "he": "אֵין לוֹקְחִין שְׁתֵּי הַצִּפֳּרִים מִצִּפֳּרֵי עִיר הַנִּדַּחַת וְלֹא מִצִּפֳּרִים שֶׁהֶחְלִיפָן בַּעֲבוֹדָה זָרָה וְלֹא מִצִּפֳּרִים שֶׁהָרְגוּ אֶת הַנֶּפֶשׁ. וּמִצְוָתָן שֶׁיִּהְיוּ שְׁתֵּיהֶן שָׁווֹת בְּמַרְאֶה בְּקוֹמָה וּבְדָמִים וּלְקִיחָתָן כְּאַחַת. אַף עַל פִּי שֶׁאֵינָן שָׁווֹת אוֹ שֶׁלָּקַח אַחַת הַיּוֹם וְאַחַת לְמָחָר כְּשֵׁרוֹת. לָקַח שְׁתֵּי הַצִּפֳּרִים לְשֵׁם אִישׁ כְּשֵׁרוֹת לְטַהֵר בָּהֶן אִשָּׁה. לְשֵׁם אִשָּׁה כְּשֵׁרוֹת לְטַהֵר בָּהֶן אִישׁ. לְטַהֵר בָּהֶן בַּיִת מְנֻגָּע כְּשֵׁרוֹת לְטַהֵר אָדָם. לְקָחָן לְאָדָם כְּשֵׁרוֹת לְבַיִת מְנֻגָּע שֶׁנֶּאֱמַר <small>(ויקרא יד-ד)</small> \"וְלָקַח לַמִּטַּהֵר\": \n", 
            "links": [
                {
                    "category": "Tanakh", 
                    "sourceHeRef": "ויקרא י״ד", 
                    "index_title": "Leviticus", 
                    "sourceRef": "Leviticus 14"
                }, 
                {
                    "category": "Halakhah", 
                    "sourceHeRef": "כסף משנה על משנה תורה, הלכות טומאת צרעת י״א:ח׳:א׳", 
                    "index_title": "Kessef Mishneh on Mishneh Torah, Defilement by Leprosy", 
                    "sourceRef": "Kessef Mishneh on Mishneh Torah, Defilement by Leprosy 11:8:1"
                }, 
                {
                    "category": "Halakhah", 
                    "sourceHeRef": "כסף משנה על משנה תורה, הלכות טומאת צרעת י״א:ח׳:ב׳", 
                    "index_title": "Kessef Mishneh on Mishneh Torah, Defilement by Leprosy", 
                    "sourceRef": "Kessef Mishneh on Mishneh Torah, Defilement by Leprosy 11:8:2"
                }, 
                {
                    "category": "Halakhah", 
                    "sourceHeRef": "כסף משנה על משנה תורה, הלכות טומאת צרעת י״א:ח׳:ג׳", 
                    "index_title": "Kessef Mishneh on Mishneh Torah, Defilement by Leprosy", 
                    "sourceRef": "Kessef Mishneh on Mishneh Torah, Defilement by Leprosy 11:8:3"
                }
            ], 
            "text": ""
        }, 
        {
            "segmentNumber": "9", 
            "he": "שָׁחַט אַחַת מֵהֶן וְנִמְצֵאת שֶׁלֹּא הָיְתָה דְּרוֹר יִקַּח זוּג לַשְּׁנִיָּה וְהָרִאשׁוֹנָה מֻתֶּרֶת בַּאֲכִילָה. שָׁחַט הָאַחַת וְנִמְצֵאת טְרֵפָה יִקַּח זוּג לַשְּׁנִיָּה וְהָרִאשׁוֹנָה מֻתֶּרֶת בַּהֲנָאָה: \n", 
            "links": [
                {
                    "category": "Halakhah", 
                    "sourceHeRef": "כסף משנה על משנה תורה, הלכות טומאת צרעת י״א:ט׳:א׳", 
                    "index_title": "Kessef Mishneh on Mishneh Torah, Defilement by Leprosy", 
                    "sourceRef": "Kessef Mishneh on Mishneh Torah, Defilement by Leprosy 11:9:1"
                }, 
                {
                    "category": "Halakhah", 
                    "sourceHeRef": "כסף משנה על משנה תורה, הלכות טומאת צרעת י״א:ט׳:ב׳", 
                    "index_title": "Kessef Mishneh on Mishneh Torah, Defilement by Leprosy", 
                    "sourceRef": "Kessef Mishneh on Mishneh Torah, Defilement by Leprosy 11:9:2"
                }, 
                {
                    "category": "Halakhah", 
                    "sourceHeRef": "כסף משנה על משנה תורה, הלכות טומאת צרעת י״א:ט׳:ג׳", 
                    "index_title": "Kessef Mishneh on Mishneh Torah, Defilement by Leprosy", 
                    "sourceRef": "Kessef Mishneh on Mishneh Torah, Defilement by Leprosy 11:9:3"
                }
            ], 
            "text": ""
        }, 
        {
            "segmentNumber": "10", 
            "he": "נִשְׁפַּךְ הַדָּם מַנִּיחִין אֶת הַמִּשְׁתַּלַּחַת עַד שֶׁתָּמוּת. מֵתָה הַמִּשְׁתַּלַּחַת יִשָּׁפֵךְ הַדָּם וְיִקַּח שְׁתַּיִם אֲחֵרוֹת: \n", 
            "links": [], 
            "text": ""
        }
    ], 
    "book": "Mishneh Torah, Defilement by Leprosy", 
    "prev": "Mishneh Torah, Defilement by Leprosy 10", 
    "textDepth": 2, 
    "sectionNames": [
        "Chapter", 
        "Halacha"
    ], 
    "sections": [
        11
    ], 
    "isComplex": false, 
    "titleVariants": [
        "Mishneh Torah, Hilkhot Tum'at Tsara'at", 
        "Rambam, Defilement by Leprosy", 
        "Rambam, Laws of Defilement by Leprosy", 
        "Mishneh Torah, Hilchot Tum'at Tsara'at", 
        "Mishneh Torah, Laws of Defilement by Leprosy", 
        "Mishneh Torah, Tum'at Tsara'at", 
        "Rambam, Hilchot Tum'at Tsara'at", 
        "Rambam, Tum'at Tsara'at", 
        "Rambam, Hilkhot Tum'at Tsara'at", 
        "Mishneh Torah, Defilement by Leprosy"
    ], 
    "categories": [
        "Halakhah", 
        "Mishneh Torah", 
        "Sefer Taharah"
    ], 
    "ref": "Mishneh Torah, Defilement by Leprosy 11", 
    "type": "Halakhah", 
    "addressTypes": [
        "Integer", 
        "Integer"
    ], 
    "length": 16, 
    "indexTitle": "Mishneh Torah, Defilement by Leprosy", 
    "heIndexTitle": "משנה תורה, הלכות טומאת צרעת", 
    "alts": [], 
    "order": [
        63, 
        3
    ]
}