[{
    "links": [], 
    "text": [], 
    "heTitleVariants": [
        " חידושי אגדות על מסכת כתובות"
    ], 
    "heTitle": " חידושי אגדות על מסכת כתובות י״ד א", 
    "heRef": " חידושי אגדות על מסכת כתובות י״ד א", 
    "toSections": [
        "14a"
    ], 
    "sectionRef": "Chidushei Agadot on Ketubot 14a", 
    "title": "Chidushei Agadot on Ketubot 14a", 
    "next": "Chidushei Agadot on Ketubot 16b", 
    "heBook": " חידושי אגדות על מסכת כתובות", 
    "book": "Chidushei Agadot on Ketubot", 
    "prev": "Chidushei Agadot on Ketubot 11a", 
    "textDepth": 2, 
    "sectionNames": [
        "Daf", 
        "Peirush"
    ], 
    "sections": [
        "14a"
    ], 
    "isComplex": false, 
    "titleVariants": [
        "Chidushei Agadot on Ketubot"
    ], 
    "categories": [
        "Commentary2", 
        "Talmud", 
        "Chidushei Agadot"
    ], 
    "he": [], 
    "ref": "Chidushei Agadot on Ketubot 14a", 
    "type": "Commentary2", 
    "addressTypes": [
        "Talmud", 
        "Integer"
    ], 
    "indexTitle": "Chidushei Agadot on Ketubot", 
    "heIndexTitle": " חידושי אגדות על מסכת כתובות", 
    "alts": [], 
    "order": ""
}]