{
    "heTitleVariants": [
        " חידושי אגדות על מסכת כתובות"
    ], 
    "heTitle": " חידושי אגדות על מסכת כתובות ז׳ ב", 
    "content": [
        {
            "segmentNumber": "1", 
            "he": "<b>במקהלות </b>ברכו אלהים ה' וגו'. בין לפי דרשת ברכת חתנים ובין לפי דרש דאפי' עוברים כו' משמע להו דאיירי בענין שמחה ומקום שירה דכתיב לעיל מיניה קדמו שרים אחר נוגנים וגו' ובפרק כשם מפורש שראו העוברים מתוך הכרס באספקלריא המאירה וע\"ש בחידושינו: ", 
            "links": [
                {
                    "category": "Talmud", 
                    "sourceHeRef": "כתובות ז׳ ב:ט״ז", 
                    "sourceRef": "Ketubot 7b:16", 
                    "ref": "Ketubot 7b:16"
                }
            ], 
            "text": ""
        }, 
        {
            "segmentNumber": "2", 
            "he": "<b>אי  </b>ס\"ד למדרש לא סגיא דלאו עשרה אין לפרסומי כו'. ואע\"פ כן לא קיבל הגואל הך דרשא דסבר דלא התירה בועז אלא משום מצות יבום כמבואר באורך בחידושינו פרק הערל ע\"ש: ", 
            "links": [
                {
                    "category": "Talmud", 
                    "sourceHeRef": "כתובות ז׳ ב:כ״ג", 
                    "sourceRef": "Ketubot 7b:23", 
                    "ref": "Ketubot 7b:23"
                }
            ], 
            "text": ""
        }
    ], 
    "heRef": " חידושי אגדות על מסכת כתובות ז׳ ב", 
    "toSections": [
        "7b"
    ], 
    "sectionRef": "Chidushei Agadot on Ketubot 7b", 
    "title": "Chidushei Agadot on Ketubot 7b", 
    "next": "Chidushei Agadot on Ketubot 8a", 
    "heBook": " חידושי אגדות על מסכת כתובות", 
    "book": "Chidushei Agadot on Ketubot", 
    "prev": "Chidushei Agadot on Ketubot 5a", 
    "textDepth": 2, 
    "sectionNames": [
        "Daf", 
        "Peirush"
    ], 
    "sections": [
        "7b"
    ], 
    "isComplex": false, 
    "titleVariants": [
        "Chidushei Agadot on Ketubot"
    ], 
    "categories": [
        "Commentary2", 
        "Talmud", 
        "Chidushei Agadot"
    ], 
    "ref": "Chidushei Agadot on Ketubot 7b", 
    "type": "Commentary2", 
    "addressTypes": [
        "Talmud", 
        "Integer"
    ], 
    "indexTitle": "Chidushei Agadot on Ketubot", 
    "heIndexTitle": " חידושי אגדות על מסכת כתובות", 
    "alts": [], 
    "order": ""
}