{
    "content": [
        {
            "segmentNumber": "1", 
            "he": "רבי יהושע אומר קדשי קדשים ששחטן בדרום מועלין בהן שחטן בדרום וקבל דמן בצפון בצפון וקבל דמן בדרום שחט ביום וזרק בלילה בלילה וזרק ביום נתן את הנתנין למטה למעלה ואת הנתנין למעלה למטה ואת הנתנין בפנים בחוץ ואת הנתנין בחוץ בפנים או ששחטן חוץ לזמנן וחוץ למקומן מועלין בהן.  כלל אמר ר' יהושע כל שהיה לה שעת היתר לכהנים מועלין בה וכל שלא היה לה שעת היתר לכהנים אין מועלין בה פיגל בקדשי קדשים מועלין בו ובקדשים קלים אין מועלין בו יש נותר שמועלין בו ויש נותר שאין מועלין בו כיצד לן לפני זריקת דמים מועלין בו לאחר זריקת דמים אין מועלין בו אבל טמא שנטמא בין לפני זריקת דמים ובין לאחר זריקת דמים אין מועלין בו מפני שהציץ מרצה עליו."
        }, 
        {
            "segmentNumber": "2", 
            "he": "בשר קדשי קדשים שיצא לפני זריקת דמים ונזרק את הדם עליו ר\"א אומר מועלין בו ואין חייבין עליו משום פגול נותר וטמא ר\"ע אומר הורצה הציץ על היוצא אין מועלין בו אבל חייבין עליו משום פגול נותר וטמא אר\"ש כששבתי בכפר עכו מצאני תלמיד אחד מתלמידי ר\"ע ואמר לי בשר שיצא חוץ לקלעים ונזרק את הדם עליו הורצה וכשבאתי והרצתי הדברים לפני חברי בגליל אמרו לי והלא פסול הוא האיך מרצה על הפסול ובאתי והרצתי הדברים לפני ר\"ע ואמר לי הרי המפריש חטאתו ואבדה והפריש אחרת תחתיה ואח\"כ נמצאת הראשונה והרי שתיהן עומדות מועלים בשתיהן שחטה והרי דמה מונח בכוסות מועלין בשתיהן נזרק דמה של אחת מהן הציל את הבשר חברתה מן המעילה אם הציל את הבשר חברתה מן המעילה אף על פי שפסול דין הוא שיציל את בשרה."
        }, 
        {
            "segmentNumber": "3", 
            "he": "אימורי קדשים קלים שיצאו לפני זריקת דמים ונזרק את הדם עליהן רבי אליעזר אומר אין מועלין בהן ואין חייבים עליהם משום פגול נותר וטמא ר\"ע אומר הורצה הציץ על היוצא מועלין בהן וחייבין עליהם משום פגול נותר וטמא.  פרים הנשרפים כיון ששחטן וזרק דמן מועלין בהן וחייבין עליהם משום פגול נותר וטמא דר\"מ וחכ\"א אין פגול בפנים.  כל חטאות המתות הדמים ילכו לים המלח לא נהנין ולא מועלין חטאת שמתה מעצמה ועולה שמתה מעצמה אין מועלין בהן.  עולת העוף שמצה את דמה יצא מידי מעילה הנוצה והמוראה מועלין בה עד שתצא לבית הדשן."
        }, 
        {
            "segmentNumber": "4", 
            "he": "המפריש מעות לנזירותו לא נהנין ולא מועלין מפני שהן ראוין להביא בכולן שלמים בד\"א בזמן שהיו סתומים אבל אם מפורשין מועלין בדמי חטאת ובדמי עולה ואין מועלין בדמי שלמים אם היתה בהמה מועלין בחטאת ובעולה ואין מועלין בשלמים מת היו סתומין יפלו לנדבה אם היו מפורשין דמי חטאת ילכו לים המלח דמי עולה ודמי שלמים יקרבו אם היתה חטאת תמות עולה ושלמים יקרבו."
        }, 
        {
            "segmentNumber": "5", 
            "he": "אלו לעולתי והשאר לשאר נזירותי ומת דמי עולה יביא עולה ומועלין בהן והשאר יפלו לנדבה ומועלין בהן.  אלו לשלמי והשאר לשאר נזירותי ומת דמי שלמים יביא שלמים ואין מועלין בהן והשאר יפלו לנדבה ומועלין בהן.  אלו לחטאת והשאר לשאר נזירותי ומת דמי חטאת ילכו לים המלח ולא נהנין ולא מועלין והשאר רוצה להביא בהן עולה יביא שלמים יביא ומועלין בכולן ואין מועלין במקצתן היה חייב חטאת העוף ואמר הרי עלי עולה והפריש מעות ואמר הרי אלו לחובתי רצה להביא בהן חטאת העוף לא יביא עולת העוף מועלין בכולן ומועלין במקצתן.  מת הדמים ילכו לים המלח מפני שדמי חטאת מעורבין בהן אלו לחטאתו ואלו לעולתו ואלו לשלמים ונתערבו בו הרי זה לוקח בהן ג' בהמות בין ממקום אחד ובין משלשה מקומות מחלל דמי חטאת על חטאת דמי עולה על עולה דמי שלמים על שלמים מועלין בכולן ומועלין במקצתן."
        }, 
        {
            "segmentNumber": "6", 
            "he": "הזב והזבה והיולדת והמצורע וכל חייבי קינין שבתורה שהפריש מעות ואמר הרי אלו לחובתי רצה להביא בהן חטאת העוף יביא עולת העוף מועלין בכולן ומועלין במקצתן מת יפלו לנדבה ומועלין בהן."
        }, 
        {
            "segmentNumber": "7", 
            "he": "כיס מכיסי הקדש ושור משורי הקדש מועלין בכולן ומועלין במקצתן כיצד היה עושה מביא את הגדול שבהן ואומר אם הקדש הוא הרי הוא הקדש אם לאו הקדש בכ\"מ מחולל על זה.  העצמות והגידים והטלפים שפרשו מקדשין לפני זריקת דמים מועלין בהן לאחר זריקת דמים אין מועלין בהן.  אבל נחלת שפקעה מעל המזבח בין לפני חצות בין לאחר חצות הרי זה לא יחזיר אין נהנין ולא מועלין בהן."
        }, 
        {
            "segmentNumber": "8", 
            "links": [
                {
                    "category": "Tanakh", 
                    "index_title": "Numbers", 
                    "sourceHeRef": "במדבר כ״ט", 
                    "sourceRef": "Numbers 29"
                }, 
                {
                    "category": "Tanakh", 
                    "index_title": "Isaiah", 
                    "sourceHeRef": "ישעיהו ה׳", 
                    "sourceRef": "Isaiah 5"
                }
            ], 
            "he": "ר\"ש אומר הדם קל בתחלתו חמור בסופו מתערב באמה מתגלגל ויורד לנחל קדרון ונמכרין לגננין ומועלין בהן דר\"מ ור\"ש וחכ\"א אין מעילה בדמים וכן היה רש\"א המקדיש דמים לבדק הבית מועלין.  ונסכין חומר בתחלתן וקל בסופן ר\"א בר' צדוק אומר לול קטן היה בין האולם למזבח למערבו של כבש אחד לששים ושבעים שנה פרחי כהונה יורדין לשם ומלקטין משם יין קרוש כעיגולי דבלה מעלין ושורפין אותן בקדושה שנאמר (במדבר כט) בקודש הסך נסך שכר לה' כשם שנסיכתו בקדושה כך שריפתו בקדושה ואומר (ישעיהו ה) ויבן מגדל בתוכה וגם יקב חצב בו.  ויבן מגדל זה היכל יקב חצב בו זה מזבח וגם יקב חצב בו זה השית.  כל הראוי למזבח ולא לבדק הבית לבדק הבית ולא למזבח אפילו חלב ואפילו גבינה ואפילו מורייס מועלין בהן הקדיש את הפרה מועלין בהן ולדה וחלבה.  חמורה מועלין בה וחלבה ותרנגולת מועלין בה ובביצה."
        }, 
        {
            "segmentNumber": "9", 
            "he": "ביצת תורין ומוראת העוף וקרבנות לא נהנין ולא מועלין המקדיש תורין לבדק הבית מועלין בביציהן."
        }, 
        {
            "segmentNumber": "10", 
            "he": "אשפה מועלין בה ובזיבלה בור מועלין בו ובמימיו שובך מועלין בו וביוניו הקדישן ריקנין ואח\"כ נתמלאו מועלין בהן ואין מועלין במה שבתוכן דר\"מ ר\"א ברבי שמעון אומר אף מועלין במה שבתוכו א\"ר יוסי רואה אני בכולן דברי ר\"מ חוץ מן השדה ומן האילן מפני שדרכן להתמלאות."
        }, 
        {
            "segmentNumber": "11", 
            "he": "פועלין שהיו עושין בהקדש לא יאכלו מגרוגרות של הקדש אבל אחרים מתנדבין להן וכן פרה שהיה עושה בהקדש לא תאכל מכרשיני הקדש אבל אחרים מתנדבין לה הקדיש את הפרה ואת הכרשינין ואת העמיר אין אומרים תאכל פרה זו את הכרשינין ואת העמיר אבל אחרים מתנדבין לה.  פועל שעשה מלאכה בין במנה בין במאתים לא יאמר תנו לי פרה זו במנה וטלית זו בחמשים זוז שאין הקדש מתחלל על מלאכה אלא על המעות בלבד כיצד הן עושין מפרישין שכר האומנין מחללין אותן על מעות האומנין ונותנין אותן לאומנין בשכרן וחוזרין ולוקחין אותן מתרומת הלשכה הזבל והפרש של מוקדשין הרי אלו אסורין ויפלו דמיהן ללשכה."
        }, 
        {
            "segmentNumber": "12", 
            "he": "הדר בצלו של שובך ובצלו של מערה לא נהנין ולא מועלין ושבקרקעות מועלין בהם מים שבחבית אין מועלין בהן נותנין לצלוחתה מועלין בהן אבל חבית וצלוחית עצמם מועלין בהן מפני שגופן הקדש הקדיש חורש לקורות מועלין בקורות ומועלין בשפוד ובנמוייה אבל גזברין שלקחו חורש לעצים מועלין בעצים ואין מועלין לא בשפוד ולא בנמוייה."
        }, 
        {
            "segmentNumber": "13", 
            "he": "המפריש שקלו והוציאו ה\"ז מעל המפריש שקלו לחברו הרי זה מעל לקח בו קיני זבין קיני זבות וקיני יולדות המביא חטאתו ואשמו ופסחו מן ההקדש השוקל שקלו מן הקדש כיון שלקח מעל דר\"ש וחכ\"א לא מעל עד שיזרקו דמים."
        }, 
        {
            "segmentNumber": "14", 
            "he": "מכאן אמרו אין מביאין מנחות ונסכים ומנחת בהמה ולחמה של תודה מן הטבל ומן התרומה ממעשר ראשון שלא ניטלה תרומתו ממעשר שני והקדש שלא נפדו מן המדומע ומן החדש מפירות שביעית ואם הביא לא מעל וא\"צ לומר מערלה וכלאי הכרם."
        }, 
        {
            "segmentNumber": "15", 
            "he": "כחצי פרוטה מקדשי מזבח וכחצי פרוטה מקדשי בדק הבית מצטרפין זע\"ז למעלה.  עולה ואימורין מצטרפין זע\"ז למעלן בחוץ לחייב עליהן משום פגול נותר וטמא עולה ונסכיה מצטרפין זה עם זה למעלן בחוץ ולחייב עליהן משום פגול נותר וטמא עולה ונסכיה מצטרפין זה עם זה למעלן בחוץ ולחייב עליהן משום פגול נותר וטמא תודה ולחמה מצטרפין זה עם זה למעלן בחוץ ולחייב עליהן משום פגול נותר וטמא כחצי זית בשר וכחצי זית לחם מצטרפין זה עם זה לפגל בלחם אבל לא בבשר פגול בקדשי קדשים מצטרפין זה עם זה נותר בין קדשי קדשים ובין קדשים קלים אין מצטרפין זה עם זה.  כל המשקין מצטרפין זה עם זה לרביעית ולשפיכת שבת השרץ דמו בשרו ואמוריו מצטרפין לכעדשה כל האיסורין בנזיר מצטרפין זה עם זה לכזית.  כחצי זית מן בהמה טהורה בחייה וכחצי זית במיתתה הרי אלו מצטרפין וכחצי זית מן בהמה טמאה בחייה וכחצי זית במיתתה אין מצטרפין.  כחצי זית מן בהמה טהורה וכחצי זית מן בהמה טמאה בין בחייהן ובין במיתתן אין מצטרפין."
        }, 
        {
            "segmentNumber": "16", 
            "he": "כל המתים מצטרפין זה עם זה לכזית.  כחצי זית בשר וכחצי זית נצל מצטרפין זע\"ז ושאר כל הטומאות שבמת אין מצטרפות זע\"ז מפני שלא שוו בשיעורין כחצי זית בשר וכחצי זית חלב מצטרפין זה עם זה לחייב עליהן משום אוכל ומשום מבשל.  אבני בית מנוגע ועציו ועפרו מצטרפין זה עם זה ר' שמעון אומר הבגד והשק והעור והמפץ מצטרפין זה עם זה מפני ששוה טפח על טפח משם קצוע. "
        }
    ], 
    "heTitle": "תוספתא מעילה", 
    "indexTitle": "Tosefta Meilah", 
    "sectionRef": "Tosefta Meilah 1", 
    "prev": null, 
    "ref": "Tosefta Meilah 1", 
    "heRef": "תוספתא מעילה א׳", 
    "next": "Tosefta Meilah 2"
}