{
    "heTitleVariants": [
        "מצודת דוד על יחזקאל"
    ], 
    "heTitle": "מצודת דוד על יחזקאל", 
    "commentaryBook": "Ezekiel", 
    "heRef": "מצודת דוד על יחזקאל ל״ד", 
    "toSections": [
        34
    ], 
    "sectionRef": "Metzudat David on Ezekiel 34", 
    "title": "Metzudat David on Ezekiel 34", 
    "lengths": [
        48, 
        1273
    ], 
    "next": "Metzudat David on Ezekiel 35:2", 
    "content": [
        {
            "segmentNumber": "1", 
            "he": [], 
            "links": [], 
            "text": ""
        }, 
        {
            "segmentNumber": "2", 
            "he": [
                "<b>על רועי ישראל .</b> הם השרים מנהיגי העם כרועים המנהיגים את הצאן : ", 
                "<b>הוי .</b> יש להתאונן על רועי ישראל אשר היו רועים את עצמן להשמין את בשרם : ", 
                "<b>הלוא .</b> ד''ל הלוא משפט הרועים הטובים לרעות הצאן ולא את עצמן :\n"
            ], 
            "links": [
                {
                    "category": "Tanach", 
                    "sourceHeRef": "יחזקאל ל״ד:ב׳", 
                    "sourceRef": "Ezekiel 34:2", 
                    "ref": "Ezekiel 34:2"
                }, 
                {
                    "category": "Tanach", 
                    "sourceHeRef": "יחזקאל ל״ד:ב׳", 
                    "sourceRef": "Ezekiel 34:2", 
                    "ref": "Ezekiel 34:2"
                }, 
                {
                    "category": "Tanach", 
                    "sourceHeRef": "יחזקאל ל״ד:ב׳", 
                    "sourceRef": "Ezekiel 34:2", 
                    "ref": "Ezekiel 34:2"
                }
            ], 
            "text": ""
        }, 
        {
            "segmentNumber": "3", 
            "he": [
                "<b>את החלב תאכלו .</b> אבל אתם אכלתם חלב הצאן ואת הצמר תלשתם ועשיתם לכם למלבוש : ", 
                "<b>הבריאה .</b> השמנה שבהן זבחתם למאכל : ", 
                "<b>הצאן .</b> שאר הצאן לא רעיתם כראוי ר''ל השרים היו עוסקין לענג נפשם וגזלו עשירי העם ולא חששו בתקנת יתר העם :\n"
            ], 
            "links": [
                {
                    "category": "Tanach", 
                    "sourceHeRef": "יחזקאל ל״ד:ג׳", 
                    "sourceRef": "Ezekiel 34:3", 
                    "ref": "Ezekiel 34:3"
                }, 
                {
                    "category": "Tanach", 
                    "sourceHeRef": "יחזקאל ל״ד:ג׳", 
                    "sourceRef": "Ezekiel 34:3", 
                    "ref": "Ezekiel 34:3"
                }, 
                {
                    "category": "Tanach", 
                    "sourceHeRef": "יחזקאל ל״ד:ג׳", 
                    "sourceRef": "Ezekiel 34:3", 
                    "ref": "Ezekiel 34:3"
                }
            ], 
            "text": ""
        }, 
        {
            "segmentNumber": "4", 
            "he": [
                "<b>את הנחלות .</b> את הכואבות באחד מאיבריהן וצריכין חזוק הנה לא חזקתם אותן : ", 
                "<b>ולנשברות .</b> את הנשברת ביד או ברגל הנה לא קשרתם עליה כריכת מטלית : ", 
                "<b>הנדחת .</b> מן העדר : ", 
                "<b>לא השבותם .</b> אל העדר : ", 
                "<b>האובדת .</b> אשר לא נודע אנה היא : ", 
                "<b>לא בקשתם .</b> למצוא אותה : ", 
                "<b>ובחזקה .</b> משלתם עליהם בחזקת היד ובעשות עמהם עבודת פרך ר''ל לא חזקתם העניים והנכשלים לקחת משפטם מיד העושקים ורק משלתם בהם לעשות עמהם מלאכתכם ולא חששתם להדריכם בדרך הישר ולהסיר מהם הדעות המשובשות :\n"
            ], 
            "links": [
                {
                    "category": "Tanach", 
                    "sourceHeRef": "יחזקאל ל״ד:ד׳", 
                    "sourceRef": "Ezekiel 34:4", 
                    "ref": "Ezekiel 34:4"
                }, 
                {
                    "category": "Tanach", 
                    "sourceHeRef": "יחזקאל ל״ד:ד׳", 
                    "sourceRef": "Ezekiel 34:4", 
                    "ref": "Ezekiel 34:4"
                }, 
                {
                    "category": "Tanach", 
                    "sourceHeRef": "יחזקאל ל״ד:ד׳", 
                    "sourceRef": "Ezekiel 34:4", 
                    "ref": "Ezekiel 34:4"
                }, 
                {
                    "category": "Tanach", 
                    "sourceHeRef": "יחזקאל ל״ד:ד׳", 
                    "sourceRef": "Ezekiel 34:4", 
                    "ref": "Ezekiel 34:4"
                }, 
                {
                    "category": "Tanach", 
                    "sourceHeRef": "יחזקאל ל״ד:ד׳", 
                    "sourceRef": "Ezekiel 34:4", 
                    "ref": "Ezekiel 34:4"
                }, 
                {
                    "category": "Tanach", 
                    "sourceHeRef": "יחזקאל ל״ד:ד׳", 
                    "sourceRef": "Ezekiel 34:4", 
                    "ref": "Ezekiel 34:4"
                }, 
                {
                    "category": "Tanach", 
                    "sourceHeRef": "יחזקאל ל״ד:ד׳", 
                    "sourceRef": "Ezekiel 34:4", 
                    "ref": "Ezekiel 34:4"
                }
            ], 
            "text": ""
        }, 
        {
            "segmentNumber": "5", 
            "he": [
                "<b>ותפוצינה .</b> ונפצו הצאן מסיבת היותם בלי רועה משגיח כראוי : ", 
                "<b>ותהיינה .</b> ובסיבת הנפוץ היו למאכל לכל חיות השדה כי באו למקום החיות הטרורפות ובעבור זה נפצו עוד יותר לברוח הנה והנה מיד החיות :\n"
            ], 
            "links": [
                {
                    "category": "Tanach", 
                    "sourceHeRef": "יחזקאל ל״ד:ה׳", 
                    "sourceRef": "Ezekiel 34:5", 
                    "ref": "Ezekiel 34:5"
                }, 
                {
                    "category": "Tanach", 
                    "sourceHeRef": "יחזקאל ל״ד:ה׳", 
                    "sourceRef": "Ezekiel 34:5", 
                    "ref": "Ezekiel 34:5"
                }
            ], 
            "text": ""
        }, 
        {
            "segmentNumber": "6", 
            "he": [
                "<b>ישגו צאני .</b> ולזה המה תועים בהרים ובגבעות ואינם יודעים אנה הם הולכים : ", 
                "<b>ואין דורש .</b> לאספם יחד : ", 
                "<b>ואין מבקש .</b> את האובדת ר''ל בעבור זה הלכו בגולה והשחיתום העובדי כוכבים והנה הולכים נעים ונדים ואין מי מחזירם למוטב למען יהיו נושעים :\n"
            ], 
            "links": [
                {
                    "category": "Tanach", 
                    "sourceHeRef": "יחזקאל ל״ד:ו׳", 
                    "sourceRef": "Ezekiel 34:6", 
                    "ref": "Ezekiel 34:6"
                }, 
                {
                    "category": "Tanach", 
                    "sourceHeRef": "יחזקאל ל״ד:ו׳", 
                    "sourceRef": "Ezekiel 34:6", 
                    "ref": "Ezekiel 34:6"
                }, 
                {
                    "category": "Tanach", 
                    "sourceHeRef": "יחזקאל ל״ד:ו׳", 
                    "sourceRef": "Ezekiel 34:6", 
                    "ref": "Ezekiel 34:6"
                }
            ], 
            "text": ""
        }, 
        {
            "segmentNumber": "7", 
            "he": [], 
            "links": [], 
            "text": ""
        }, 
        {
            "segmentNumber": "8", 
            "he": [
                "<b>אם לא .</b> הוא ענין שבועה וגזם ולא אמך והרי הוא כאדם האומר אם לא יהיה כן אז יהיה כזאת וכזאת : ", 
                "<b>מאין רועה .</b> מסבת היותם בלי רועה משגיח כראוי : ", 
                "<b>אותם .</b> את עצמם רעו להשמין את בשרם :\n"
            ], 
            "links": [
                {
                    "category": "Tanach", 
                    "sourceHeRef": "יחזקאל ל״ד:ח׳", 
                    "sourceRef": "Ezekiel 34:8", 
                    "ref": "Ezekiel 34:8"
                }, 
                {
                    "category": "Tanach", 
                    "sourceHeRef": "יחזקאל ל״ד:ח׳", 
                    "sourceRef": "Ezekiel 34:8", 
                    "ref": "Ezekiel 34:8"
                }, 
                {
                    "category": "Tanach", 
                    "sourceHeRef": "יחזקאל ל״ד:ח׳", 
                    "sourceRef": "Ezekiel 34:8", 
                    "ref": "Ezekiel 34:8"
                }
            ], 
            "text": ""
        }, 
        {
            "segmentNumber": "9", 
            "he": [
                "<b>לכן וכו' .</b> על כי ארכו הדברים באמרו חי אני וכו' לכן אמר שוב לכן לכן הרועים וכו' וכן הוא דרך המקרא :\n"
            ], 
            "links": [
                {
                    "category": "Tanach", 
                    "sourceHeRef": "יחזקאל ל״ד:ט׳", 
                    "sourceRef": "Ezekiel 34:9", 
                    "ref": "Ezekiel 34:9"
                }
            ], 
            "text": ""
        }, 
        {
            "segmentNumber": "10", 
            "he": [
                "<b>הנני .</b> הנה אני אפנה אל הרועים לשלם להם כגמולם : ", 
                "<b>ודרשתי וכו' .</b> ר''ל אענישם על אבוד הצאן והשבתים מהיות עוד רועי צאן ולא ישמינו עוד את עצמם בחלב הצאן ר''ל אקח מהם השררה ולא יתענגו עוד בגזל העניים :\n"
            ], 
            "links": [
                {
                    "category": "Tanach", 
                    "sourceHeRef": "יחזקאל ל״ד:י׳", 
                    "sourceRef": "Ezekiel 34:10", 
                    "ref": "Ezekiel 34:10"
                }, 
                {
                    "category": "Tanach", 
                    "sourceHeRef": "יחזקאל ל״ד:י׳", 
                    "sourceRef": "Ezekiel 34:10", 
                    "ref": "Ezekiel 34:10"
                }
            ], 
            "text": ""
        }, 
        {
            "segmentNumber": "11", 
            "he": [
                "<b>הנני אני .</b> כאומר עם כי יוכלו הרועים הנה אני אקיים את דברי ואני אדרוש את צאני ואחקור אחריה' :\n"
            ], 
            "links": [
                {
                    "category": "Tanach", 
                    "sourceHeRef": "יחזקאל ל״ד:י״א", 
                    "sourceRef": "Ezekiel 34:11", 
                    "ref": "Ezekiel 34:11"
                }
            ], 
            "text": ""
        }, 
        {
            "segmentNumber": "12", 
            "he": [
                "<b>כבקרת .</b> כמו שהרועה חוקר בעדרו ביום היותו בתוך צאנו והמה נפרשות שאז דרכו לחקור לדעת אם לא נעדר מה מהם כן אבקר אני את צאני ואציל אתהם ממקרי כל המקומות אשר נפוצו שם ביום בוא עליהם היום המר והחשוך ולפי שהמשילם לצאן אמר לשון הנופל בהם שדרכם להתפזר ביום ענן וערפל :\n"
            ], 
            "links": [
                {
                    "category": "Tanach", 
                    "sourceHeRef": "יחזקאל ל״ד:י״ב", 
                    "sourceRef": "Ezekiel 34:12", 
                    "ref": "Ezekiel 34:12"
                }
            ], 
            "text": ""
        }, 
        {
            "segmentNumber": "13", 
            "he": [
                "<b>באפיקים .</b> במקום המים ובמקום המיושב והמובחר :\n"
            ], 
            "links": [
                {
                    "category": "Tanach", 
                    "sourceHeRef": "יחזקאל ל״ד:י״ג", 
                    "sourceRef": "Ezekiel 34:13", 
                    "ref": "Ezekiel 34:13"
                }
            ], 
            "text": ""
        }, 
        {
            "segmentNumber": "14", 
            "he": [
                "<b>במרעה טוב .</b> ר''ל משפיע להם טובה מרובה וכפל הדבר רבת פעמים לפי מרבית הטובה וההשפעה :\n"
            ], 
            "links": [
                {
                    "category": "Tanach", 
                    "sourceHeRef": "יחזקאל ל״ד:י״ד", 
                    "sourceRef": "Ezekiel 34:14", 
                    "ref": "Ezekiel 34:14"
                }
            ], 
            "text": ""
        }, 
        {
            "segmentNumber": "15", 
            "he": [
                "<b>אני ארעה .</b> ר''ל אני בעצמי אשגיח בתקנתם :\n"
            ], 
            "links": [
                {
                    "category": "Tanach", 
                    "sourceHeRef": "יחזקאל ל״ד:ט״ו", 
                    "sourceRef": "Ezekiel 34:15", 
                    "ref": "Ezekiel 34:15"
                }
            ], 
            "text": ""
        }, 
        {
            "segmentNumber": "16", 
            "he": [
                "<b>אשיב .</b> אל העדר : ", 
                "<b>ואת השמנה ואת החזקה .</b> המתחזקת על חברתה להדפה ולהכותה אותה אשמיד וארענה במשפט הראוי והנכון ר''ל אקח נקם מהעושקים את העניים :\n"
            ], 
            "links": [
                {
                    "category": "Tanach", 
                    "sourceHeRef": "יחזקאל ל״ד:ט״ז", 
                    "sourceRef": "Ezekiel 34:16", 
                    "ref": "Ezekiel 34:16"
                }, 
                {
                    "category": "Tanach", 
                    "sourceHeRef": "יחזקאל ל״ד:ט״ז", 
                    "sourceRef": "Ezekiel 34:16", 
                    "ref": "Ezekiel 34:16"
                }
            ], 
            "text": ""
        }, 
        {
            "segmentNumber": "17", 
            "he": [
                "<b>בין שה לשה .</b> בין שה החלוש' ובין שה החזקה : ", 
                "<b>לאילים ולעתודים .</b> בין מן האילים בין מן העתודי' :\n"
            ], 
            "links": [
                {
                    "category": "Tanach", 
                    "sourceHeRef": "יחזקאל ל״ד:י״ז", 
                    "sourceRef": "Ezekiel 34:17", 
                    "ref": "Ezekiel 34:17"
                }, 
                {
                    "category": "Tanach", 
                    "sourceHeRef": "יחזקאל ל״ד:י״ז", 
                    "sourceRef": "Ezekiel 34:17", 
                    "ref": "Ezekiel 34:17"
                }
            ], 
            "text": ""
        }, 
        {
            "segmentNumber": "18", 
            "he": [
                "<b>המעט .</b> כאלו אל החזקות ידבר המעט לכם שאתם רועים המרעה הטוב אלא שגם המרעה שהותרתם תרמסו ברגליכם שלא יהנו בהם שאר הצאן : ", 
                "<b>ומשקע מים .</b> מים צלולים ששקעה הטיט אותם תשתו ואת הנותר תדרכו ברגליכם לעכור אותם :\n"
            ], 
            "links": [
                {
                    "category": "Tanach", 
                    "sourceHeRef": "יחזקאל ל״ד:י״ח", 
                    "sourceRef": "Ezekiel 34:18", 
                    "ref": "Ezekiel 34:18"
                }, 
                {
                    "category": "Tanach", 
                    "sourceHeRef": "יחזקאל ל״ד:י״ח", 
                    "sourceRef": "Ezekiel 34:18", 
                    "ref": "Ezekiel 34:18"
                }
            ], 
            "text": ""
        }, 
        {
            "segmentNumber": "19", 
            "he": [
                "<b>וצאני .</b> ר''ל ושאר הצאן בעל כרחם יאכלו המרעה הדרוסה ברגליכם וישחתו המים הרמוסים ברגליכם ר''ל מושלי העם לקחו לעצמם מיטב הארץ והשחיתו עוד השאר הבא לחלק העניים :\n"
            ], 
            "links": [
                {
                    "category": "Tanach", 
                    "sourceHeRef": "יחזקאל ל״ד:י״ט", 
                    "sourceRef": "Ezekiel 34:19", 
                    "ref": "Ezekiel 34:19"
                }
            ], 
            "text": ""
        }, 
        {
            "segmentNumber": "20", 
            "he": [
                "<b>הנני אני .</b> ר''ל הנה אני הוא המושל על כולם ואשפוט בין שה בריה המזק' לרזה :\n"
            ], 
            "links": [
                {
                    "category": "Tanach", 
                    "sourceHeRef": "יחזקאל ל״ד:כ׳", 
                    "sourceRef": "Ezekiel 34:20", 
                    "ref": "Ezekiel 34:20"
                }
            ], 
            "text": ""
        }, 
        {
            "segmentNumber": "21", 
            "he": [
                "<b>בצד ובכתף .</b> אתם השמני' והחזקי' תהדפו בצד ובכת' ותנגחו בקרן את הנחלו' עד אשר פזרת' אותן לנוס אל החוצ' :\n"
            ], 
            "links": [
                {
                    "category": "Tanach", 
                    "sourceHeRef": "יחזקאל ל״ד:כ״א", 
                    "sourceRef": "Ezekiel 34:21", 
                    "ref": "Ezekiel 34:21"
                }
            ], 
            "text": ""
        }, 
        {
            "segmentNumber": "22", 
            "he": [
                "<b>והושעתי לצאני .</b> אני אושיע את צאני ולא תהיינה עוד לכם לביזה ואשפוט בין שה חזקה ובין שה חלושה :\n"
            ], 
            "links": [
                {
                    "category": "Tanach", 
                    "sourceHeRef": "יחזקאל ל״ד:כ״ב", 
                    "sourceRef": "Ezekiel 34:22", 
                    "ref": "Ezekiel 34:22"
                }
            ], 
            "text": ""
        }, 
        {
            "segmentNumber": "23", 
            "he": [
                "<b>והקימותי .</b> אעמיד עליהם רועה אחד והוא ירעה אתהן במשפט הראוי ואת עבדי דוד אקים והוא מלך המשיח הבא מזרע דוד : ", 
                "<b>הוא ירעה אותם והוא יהיה להן לרועה .</b> כפל הדבר רבת פעמים לומר שהוא לבד יהיה המושל והשליט עליהם :\n"
            ], 
            "links": [
                {
                    "category": "Tanach", 
                    "sourceHeRef": "יחזקאל ל״ד:כ״ג", 
                    "sourceRef": "Ezekiel 34:23", 
                    "ref": "Ezekiel 34:23"
                }, 
                {
                    "category": "Tanach", 
                    "sourceHeRef": "יחזקאל ל״ד:כ״ג", 
                    "sourceRef": "Ezekiel 34:23", 
                    "ref": "Ezekiel 34:23"
                }
            ], 
            "text": ""
        }, 
        {
            "segmentNumber": "24", 
            "he": [
                "<b>לאלהים .</b> להושיע ולהציל : ", 
                "<b>ועבדי דוד .</b> הוא מלך המשיח הבא מזרעו : ", 
                "<b>אני ה' דברתי .</b> א''כ בודאי כן יהיה :\n"
            ], 
            "links": [
                {
                    "category": "Tanach", 
                    "sourceHeRef": "יחזקאל ל״ד:כ״ד", 
                    "sourceRef": "Ezekiel 34:24", 
                    "ref": "Ezekiel 34:24"
                }, 
                {
                    "category": "Tanach", 
                    "sourceHeRef": "יחזקאל ל״ד:כ״ד", 
                    "sourceRef": "Ezekiel 34:24", 
                    "ref": "Ezekiel 34:24"
                }, 
                {
                    "category": "Tanach", 
                    "sourceHeRef": "יחזקאל ל״ד:כ״ד", 
                    "sourceRef": "Ezekiel 34:24", 
                    "ref": "Ezekiel 34:24"
                }
            ], 
            "text": ""
        }, 
        {
            "segmentNumber": "25", 
            "he": [
                "<b>וכרתי .</b> אז אכרות עמהם ברית שלום להיות מתמידים לשבת בשלוה : ", 
                "<b>והשבתי וגו' .</b> ר''ל חית השדה לא יזיקו אותם וכמ''ש לא ירעו ולא ישחיתו ( ישעיה יא ) : ", 
                "<b>וישבו במדבר .</b> אף במדברות וביערים מקום החיות ישבו בטח וישנו שמה וערבה להם שנתם כי לא יחרידם מי :\n"
            ], 
            "links": [
                {
                    "category": "Tanach", 
                    "sourceHeRef": "יחזקאל ל״ד:כ״ה", 
                    "sourceRef": "Ezekiel 34:25", 
                    "ref": "Ezekiel 34:25"
                }, 
                {
                    "category": "Tanach", 
                    "sourceHeRef": "יחזקאל ל״ד:כ״ה", 
                    "sourceRef": "Ezekiel 34:25", 
                    "ref": "Ezekiel 34:25"
                }, 
                {
                    "category": "Tanach", 
                    "sourceHeRef": "יחזקאל ל״ד:כ״ה", 
                    "sourceRef": "Ezekiel 34:25", 
                    "ref": "Ezekiel 34:25"
                }, 
                {
                    "category": "Tanach", 
                    "sourceHeRef": "ישעיהו י״א", 
                    "sourceRef": "Isaiah 11", 
                    "ref": "Isaiah 11"
                }
            ], 
            "text": ""
        }, 
        {
            "segmentNumber": "26", 
            "he": [
                "<b>ונתתי אותם .</b> אתן אותם במקומם ובכל סביבות גבעתי אתן ברכה : ", 
                "<b>בעתו .</b> בזמן שיש צורך בו : ", 
                "<b>גשמי ברכה יהיו .</b> כי מאד ירוו צמאת הארץ :\n"
            ], 
            "links": [
                {
                    "category": "Tanach", 
                    "sourceHeRef": "יחזקאל ל״ד:כ״ו", 
                    "sourceRef": "Ezekiel 34:26", 
                    "ref": "Ezekiel 34:26"
                }, 
                {
                    "category": "Tanach", 
                    "sourceHeRef": "יחזקאל ל״ד:כ״ו", 
                    "sourceRef": "Ezekiel 34:26", 
                    "ref": "Ezekiel 34:26"
                }, 
                {
                    "category": "Tanach", 
                    "sourceHeRef": "יחזקאל ל״ד:כ״ו", 
                    "sourceRef": "Ezekiel 34:26", 
                    "ref": "Ezekiel 34:26"
                }
            ], 
            "text": ""
        }, 
        {
            "segmentNumber": "27", 
            "he": [
                "<b>כי אני ה' .</b> הנאמן במאמרו : ", 
                "<b>מוטות עולם .</b> מה שהכבידו עליהם הבבליים ואחז במשל מן השור שמשימים עליו בדי העול לחרוש האדמה :\n"
            ], 
            "links": [
                {
                    "category": "Tanach", 
                    "sourceHeRef": "יחזקאל ל״ד:כ״ז", 
                    "sourceRef": "Ezekiel 34:27", 
                    "ref": "Ezekiel 34:27"
                }, 
                {
                    "category": "Tanach", 
                    "sourceHeRef": "יחזקאל ל״ד:כ״ז", 
                    "sourceRef": "Ezekiel 34:27", 
                    "ref": "Ezekiel 34:27"
                }
            ], 
            "text": ""
        }, 
        {
            "segmentNumber": "28", 
            "he": [
                "<b>וחית הארץ .</b> ר''ל עריצי הבבליים האכזרים שבהם או יאמר על החיות המזיקות שלא ירעו עוד ולא ישחיתו :\n"
            ], 
            "links": [
                {
                    "category": "Tanach", 
                    "sourceHeRef": "יחזקאל ל״ד:כ״ח", 
                    "sourceRef": "Ezekiel 34:28", 
                    "ref": "Ezekiel 34:28"
                }
            ], 
            "text": ""
        }, 
        {
            "segmentNumber": "29", 
            "he": [
                "<b>מטע לשם .</b> נטיעה יפה והדורה להיות לשם תפארת בין העמים : ", 
                "<b>ולא יהיו וגו' .</b> ר''ל לא ימצאו עוד בארץ אנשים שבא עליהם כליון הרעב : ", 
                "<b>ולא ישאו .</b> לא יסבלו עוד כלימה מן העובדי כוכבים כי לא יצטרכו עוד לבוא בארצו' העכו''ם בעבור הלחם לשאת חרפת' כדרך הבא במחסור בארץ נכריה :\n"
            ], 
            "links": [
                {
                    "category": "Tanach", 
                    "sourceHeRef": "יחזקאל ל״ד:כ״ט", 
                    "sourceRef": "Ezekiel 34:29", 
                    "ref": "Ezekiel 34:29"
                }, 
                {
                    "category": "Tanach", 
                    "sourceHeRef": "יחזקאל ל״ד:כ״ט", 
                    "sourceRef": "Ezekiel 34:29", 
                    "ref": "Ezekiel 34:29"
                }, 
                {
                    "category": "Tanach", 
                    "sourceHeRef": "יחזקאל ל״ד:כ״ט", 
                    "sourceRef": "Ezekiel 34:29", 
                    "ref": "Ezekiel 34:29"
                }
            ], 
            "text": ""
        }, 
        {
            "segmentNumber": "30", 
            "he": [
                "<b>וידעו .</b> אז ידעו שאני עמהם והמה עמי החביב לי :\n"
            ], 
            "links": [
                {
                    "category": "Tanach", 
                    "sourceHeRef": "יחזקאל ל״ד:ל׳", 
                    "sourceRef": "Ezekiel 34:30", 
                    "ref": "Ezekiel 34:30"
                }
            ], 
            "text": ""
        }, 
        {
            "segmentNumber": "31", 
            "he": [
                "<b>ואתן צאני .</b> וחוזר ומפרש צאן מרעיתי הצאן שאני רועה אותם דעו שאדם אתם ר''ל אינכם בעיני כבהמות אלא חשובים וכדרך בן אדם ואני מייחד שמי עליכם להקרא אלהיכם ולא הייתי מייחד שמי עליכם אם הייתם בעיני כבהמות :\n\n"
            ], 
            "links": [
                {
                    "category": "Tanach", 
                    "sourceHeRef": "יחזקאל ל״ד:ל״א", 
                    "sourceRef": "Ezekiel 34:31", 
                    "ref": "Ezekiel 34:31"
                }
            ], 
            "text": ""
        }
    ], 
    "book": "Metzudat David on Ezekiel", 
    "prev": "Metzudat David on Ezekiel 33:33", 
    "textDepth": 3, 
    "sectionNames": [
        "Chapter", 
        "Verse", 
        "Comment"
    ], 
    "sections": [
        34
    ], 
    "commentator": "Metzudat David", 
    "isComplex": false, 
    "commentaryCategories": [
        "Tanach", 
        "Prophets"
    ], 
    "titleVariants": [
        "Metzudat David on Ezek", 
        "Metzudat David on Ezekiel", 
        "Metzudat David on Ezek.", 
        "Metzudat David on Yechezkel", 
        "Metzudat David on Yehezkel"
    ], 
    "categories": [
        "Commentary", 
        "Tanach", 
        "Metzudat David"
    ], 
    "ref": "Metzudat David on Ezekiel 34", 
    "type": "Commentary", 
    "addressTypes": [
        "Integer", 
        "Integer", 
        "Integer"
    ], 
    "heCommentator": "מצודת דוד", 
    "length": 48, 
    "indexTitle": "Metzudat David on Ezekiel", 
    "heIndexTitle": "מצודת דוד על יחזקאל", 
    "alts": [], 
    "order": [
        14, 
        9
    ]
}