{
    "heTitleVariants": [
        "מצודת ציון על דברי הימים א׳", 
        "מצודת ציון על דברי הימים א", 
        "מצודת ציון על דברי הימים א'"
    ], 
    "heTitle": "מצודת ציון על דברי הימים א", 
    "commentaryBook": "I Chronicles", 
    "heRef": "מצודת ציון על דברי הימים א י״ט", 
    "toSections": [
        19
    ], 
    "sectionRef": "Metzudat Zion on I Chronicles 19", 
    "title": "Metzudat Zion on I Chronicles 19", 
    "lengths": [
        29, 
        943
    ], 
    "next": "Metzudat Zion on I Chronicles 20:1", 
    "content": [
        {
            "segmentNumber": "1", 
            "he": [], 
            "links": [], 
            "text": ""
        }, 
        {
            "segmentNumber": "2", 
            "he": [], 
            "links": [], 
            "text": ""
        }, 
        {
            "segmentNumber": "3", 
            "he": [
                "<b>לחקור .</b> מל' חקירה וחפוש : ", 
                "<b>ולהפוך .</b> ת''י ולמבדק כי הבודק דבר מה מהפכה מעבר אל עבר : ", 
                "<b>ולרגל .</b> גם הוא ענין חקירה וחפוש :\n"
            ], 
            "links": [
                {
                    "category": "Tanakh", 
                    "sourceHeRef": "דברי הימים א י״ט:ג׳", 
                    "index_title": "I Chronicles", 
                    "sourceRef": "I Chronicles 19:3"
                }, 
                {
                    "category": "Tanakh", 
                    "sourceHeRef": "דברי הימים א י״ט:ג׳", 
                    "index_title": "I Chronicles", 
                    "sourceRef": "I Chronicles 19:3"
                }, 
                {
                    "category": "Tanakh", 
                    "sourceHeRef": "דברי הימים א י״ט:ג׳", 
                    "index_title": "I Chronicles", 
                    "sourceRef": "I Chronicles 19:3"
                }
            ], 
            "text": ""
        }, 
        {
            "segmentNumber": "4", 
            "he": [
                "<b>מדויהם .</b> מלבושיהם כמו וילבש שאול וכו' מדיו ( ש''א וז ) : ", 
                "<b>המפשעה .</b> כמו המפסעה בסמ''ך והוא מלשון פסיעה ור''ל הרגלים שפוסעים בהם והוא כינוי לעגבות שהיא ברגלים ממעל ושמה יכלה חצי המלבוש :\n"
            ], 
            "links": [
                {
                    "category": "Tanakh", 
                    "sourceHeRef": "דברי הימים א י״ט:ד׳", 
                    "index_title": "I Chronicles", 
                    "sourceRef": "I Chronicles 19:4"
                }, 
                {
                    "category": "Tanakh", 
                    "sourceHeRef": "דברי הימים א י״ט:ד׳", 
                    "index_title": "I Chronicles", 
                    "sourceRef": "I Chronicles 19:4"
                }
            ], 
            "text": ""
        }, 
        {
            "segmentNumber": "5", 
            "he": [
                "<b>יצמח .</b> יגדל :\n\n"
            ], 
            "links": [
                {
                    "category": "Tanakh", 
                    "sourceHeRef": "דברי הימים א י״ט:ה׳", 
                    "index_title": "I Chronicles", 
                    "sourceRef": "I Chronicles 19:5"
                }
            ], 
            "text": ""
        }
    ], 
    "book": "Metzudat Zion on I Chronicles", 
    "prev": "Metzudat Zion on I Chronicles 18:16", 
    "textDepth": 3, 
    "sectionNames": [
        "Chapter", 
        "Verse", 
        "Comment"
    ], 
    "sections": [
        19
    ], 
    "commentator": "Metzudat Zion", 
    "isComplex": false, 
    "commentaryCategories": [
        "Tanakh", 
        "Writings"
    ], 
    "titleVariants": [
        "Metzudat Zion on Divrei HaYamim I", 
        "Metzudat Zion on 1 Chron.", 
        "Metzudat Zion on 1 Chron", 
        "Metzudat Zion on 1Ch.", 
        "Metzudat Zion on Divrei HaYamim Aleph", 
        "Metzudat Zion on First Chronicles", 
        "Metzudat Zion on 1 Chronicles", 
        "Metzudat Zion on 1Ch", 
        "Metzudat Zion on I Divrei Ha-Yamim", 
        "Metzudat Zion on 1 Chr", 
        "Metzudat Zion on I Chr.", 
        "Metzudat Zion on I Chronicles", 
        "Metzudat Zion on I Divrei HaYamim", 
        "Metzudat Zion on I Chr", 
        "Metzudat Zion on I Divrei Ha-yamim", 
        "Metzudat Zion on Chronicles I"
    ], 
    "categories": [
        "Commentary", 
        "Tanakh", 
        "Metzudat Zion"
    ], 
    "ref": "Metzudat Zion on I Chronicles 19", 
    "type": "Commentary", 
    "addressTypes": [
        "Integer", 
        "Integer", 
        "Integer"
    ], 
    "heCommentator": "מצודת ציון", 
    "length": 29, 
    "indexTitle": "Metzudat Zion on I Chronicles", 
    "heIndexTitle": "מצודת ציון על דברי הימים א", 
    "alts": [], 
    "order": [
        38, 
        12
    ]
}