{
    "heTitleVariants": [
        "תוספות על שבת"
    ], 
    "heTitle": "תוספות על שבת ק״י א", 
    "content": [
        {
            "segmentNumber": "1", 
            "he": [], 
            "links": [], 
            "text": ""
        }, 
        {
            "segmentNumber": "2", 
            "he": [], 
            "links": [], 
            "text": ""
        }, 
        {
            "segmentNumber": "3", 
            "he": [], 
            "links": [], 
            "text": ""
        }, 
        {
            "segmentNumber": "4", 
            "he": [], 
            "links": [], 
            "text": ""
        }, 
        {
            "segmentNumber": "5", 
            "he": [
                "חיויא דרבנן טרקיה דלית ליה אסותא - אע\"ג דגבי בן דמא בן אחותו של ר' ישמעאל בפרק ב' דמס' ע\"ז (דף כז:) קאמר שלא עבר על דברי חבירים שנאמר ופורץ גדר ישכנו נחש אע\"ג דלא הוה ליה אסותא שהרי מת התם לא היה לו רפואה מזומנת אבל הכא שהרפואה היתה מזומנת ונאבדה ממנו במזל רע קאמר דלית ליה אסותא:"
            ], 
            "links": [
                {
                    "category": "Talmud", 
                    "sourceHeRef": "שבת ק״י א:ה׳", 
                    "index_title": "Shabbat", 
                    "sourceRef": "Shabbat 110a:5"
                }
            ], 
            "text": ""
        }, 
        {
            "segmentNumber": "6", 
            "he": [], 
            "links": [], 
            "text": ""
        }, 
        {
            "segmentNumber": "7", 
            "he": [], 
            "links": [], 
            "text": ""
        }, 
        {
            "segmentNumber": "8", 
            "he": [], 
            "links": [], 
            "text": ""
        }, 
        {
            "segmentNumber": "9", 
            "he": [], 
            "links": [], 
            "text": ""
        }, 
        {
            "segmentNumber": "10", 
            "he": [], 
            "links": [], 
            "text": ""
        }, 
        {
            "segmentNumber": "11", 
            "he": [], 
            "links": [], 
            "text": ""
        }, 
        {
            "segmentNumber": "12", 
            "he": [], 
            "links": [], 
            "text": ""
        }, 
        {
            "segmentNumber": "13", 
            "he": [], 
            "links": [], 
            "text": ""
        }, 
        {
            "segmentNumber": "14", 
            "he": [], 
            "links": [], 
            "text": ""
        }, 
        {
            "segmentNumber": "15", 
            "he": [], 
            "links": [], 
            "text": ""
        }, 
        {
            "segmentNumber": "16", 
            "he": [], 
            "links": [], 
            "text": ""
        }, 
        {
            "segmentNumber": "17", 
            "he": [], 
            "links": [], 
            "text": ""
        }, 
        {
            "segmentNumber": "18", 
            "he": [], 
            "links": [], 
            "text": ""
        }, 
        {
            "segmentNumber": "19", 
            "he": [], 
            "links": [], 
            "text": ""
        }, 
        {
            "segmentNumber": "20", 
            "he": [
                "וליתי אגנא דתחלי - משמע הכא דהנחש אוהב שחליים וכן בשלהי דנדרים (דף צא:) דקאמר ליה נואף לבעל לא תיכול מהני תחלי דטעמינהו חיויא וא\"כ יש בהן משום גילוי ובפרק ב' דמס' ע\"ז (ל: ושם) אמר דשחליים אין בהם משום גילוי וי\"ל דהתם לא ממש שחליים קאמר אלא בהנך דאמר התם (מס' ע\"ז דף סז.) וכן היו עושין בערבי שבתות בצפורי [נותנין חומץ לתוך גריסין] והיו קורין אותו שחליים אי נמי בשילהי נדרים (דף צא:) מיירי דהוה ביה חלא כדמסקינן התם במס' ע\"ז (דף ל:) אבל אית בהו חלא מיגרי בהו והכא נמי חמרא מיגרי בהו:"
            ], 
            "links": [
                {
                    "category": "Talmud", 
                    "sourceHeRef": "שבת ק״י א:כ׳", 
                    "index_title": "Shabbat", 
                    "sourceRef": "Shabbat 110a:20"
                }
            ], 
            "text": ""
        }, 
        {
            "segmentNumber": "21", 
            "he": [], 
            "links": [], 
            "text": ""
        }, 
        {
            "segmentNumber": "22", 
            "he": [], 
            "links": [], 
            "text": ""
        }, 
        {
            "segmentNumber": "23", 
            "he": [], 
            "links": [], 
            "text": ""
        }, 
        {
            "segmentNumber": "24", 
            "he": [], 
            "links": [], 
            "text": ""
        }, 
        {
            "segmentNumber": "25", 
            "he": [], 
            "links": [], 
            "text": ""
        }, 
        {
            "segmentNumber": "26", 
            "he": [], 
            "links": [], 
            "text": ""
        }, 
        {
            "segmentNumber": "27", 
            "he": [], 
            "links": [], 
            "text": ""
        }, 
        {
            "segmentNumber": "28", 
            "he": [], 
            "links": [], 
            "text": ""
        }, 
        {
            "segmentNumber": "29", 
            "he": [], 
            "links": [], 
            "text": ""
        }, 
        {
            "segmentNumber": "30", 
            "he": [], 
            "links": [], 
            "text": ""
        }, 
        {
            "segmentNumber": "31", 
            "he": [], 
            "links": [], 
            "text": ""
        }, 
        {
            "segmentNumber": "32", 
            "he": [], 
            "links": [], 
            "text": ""
        }, 
        {
            "segmentNumber": "33", 
            "he": [], 
            "links": [], 
            "text": ""
        }, 
        {
            "segmentNumber": "34", 
            "he": [], 
            "links": [], 
            "text": ""
        }, 
        {
            "segmentNumber": "35", 
            "he": [], 
            "links": [], 
            "text": ""
        }, 
        {
            "segmentNumber": "36", 
            "he": [], 
            "links": [], 
            "text": ""
        }, 
        {
            "segmentNumber": "37", 
            "he": [], 
            "links": [], 
            "text": ""
        }, 
        {
            "segmentNumber": "38", 
            "he": [], 
            "links": [], 
            "text": ""
        }, 
        {
            "segmentNumber": "39", 
            "he": [], 
            "links": [], 
            "text": ""
        }, 
        {
            "segmentNumber": "40", 
            "he": [], 
            "links": [], 
            "text": ""
        }, 
        {
            "segmentNumber": "41", 
            "he": [], 
            "links": [], 
            "text": ""
        }, 
        {
            "segmentNumber": "42", 
            "he": [], 
            "links": [], 
            "text": ""
        }, 
        {
            "segmentNumber": "43", 
            "he": [
                "רב יוסף אמר זיתום המצרי - ר\"ת כל הך מילתא מחק מספרו ואומר דל\"ג אלא בריש אלו עוברין (פסחים מב:) ונראה לר\"י שמחקה משום דזיתום המצרי מותר לשתות כדתניא בפרק בתרא (דף קנו.) ושוין שבוחשין את השתית ושותין זיתום המצרי ואומר ריב\"א דאין צריך למחוק דרב יוסף לא קאי לפרש מי דקרים דמתני' אלא אמילתיה דעולא קאי דאמר שיכרא בבלאי מעלי מינייהו ואומר רב יוסף דזיתום המצרי מעלי מינייהו מיהו משמע כפירוש הקונט' דאמתני' קאי מדלא קאמר בהדיא זיתום המצרי מעלי מינייהו:"
            ], 
            "links": [
                {
                    "category": "Talmud", 
                    "sourceHeRef": "שבת ק״י א:מ״ג", 
                    "index_title": "Shabbat", 
                    "sourceRef": "Shabbat 110a:43"
                }, 
                {
                    "category": "Talmud", 
                    "sourceHeRef": "פסחים מ״ב ב", 
                    "index_title": "Pesachim", 
                    "sourceRef": "Pesachim 42b"
                }
            ], 
            "text": ""
        }, 
        {
            "segmentNumber": "44", 
            "he": [], 
            "links": [], 
            "text": ""
        }, 
        {
            "segmentNumber": "45", 
            "he": [], 
            "links": [], 
            "text": ""
        }, 
        {
            "segmentNumber": "46", 
            "he": [
                "סיסאני - ולא קאמר וסימניך סמך סמך כדאמר בשילהי במה אשה (לעיל סו.) משום דשערי לא כתיב בסמך:"
            ], 
            "links": [
                {
                    "category": "Talmud", 
                    "sourceHeRef": "שבת ק״י א:מ״ו", 
                    "index_title": "Shabbat", 
                    "sourceRef": "Shabbat 110a:46"
                }
            ], 
            "text": ""
        }, 
        {
            "segmentNumber": "47", 
            "he": [], 
            "links": [], 
            "text": ""
        }, 
        {
            "segmentNumber": "48", 
            "he": [], 
            "links": [], 
            "text": ""
        }, 
        {
            "segmentNumber": "49", 
            "he": [], 
            "links": [], 
            "text": ""
        }, 
        {
            "segmentNumber": "50", 
            "he": [], 
            "links": [], 
            "text": ""
        }, 
        {
            "segmentNumber": "51", 
            "he": [], 
            "links": [], 
            "text": ""
        }, 
        {
            "segmentNumber": "52", 
            "he": [], 
            "links": [], 
            "text": ""
        }, 
        {
            "segmentNumber": "53", 
            "he": [], 
            "links": [], 
            "text": ""
        }, 
        {
            "segmentNumber": "54", 
            "he": [], 
            "links": [], 
            "text": ""
        }
    ], 
    "commentaryBook": "Shabbat", 
    "heRef": "תוספות על שבת ק״י א", 
    "toSections": [
        "110a"
    ], 
    "sectionRef": "Tosafot on Shabbat 110a", 
    "title": "Tosafot on Shabbat 110a", 
    "lengths": [
        312, 
        17165
    ], 
    "next": "Tosafot on Shabbat 110b:38", 
    "heBook": "תוספות על שבת", 
    "book": "Tosafot on Shabbat", 
    "prev": "Tosafot on Shabbat 109a:67", 
    "textDepth": 3, 
    "sectionNames": [
        "Daf", 
        "Line", 
        "Comment"
    ], 
    "sections": [
        "110a"
    ], 
    "commentator": "Tosafot", 
    "isComplex": false, 
    "commentaryCategories": [
        "Talmud", 
        "Bavli", 
        "Seder Moed"
    ], 
    "titleVariants": [
        "Tosafot on Talmud Shabbat", 
        "Tosafot on Tractate Shabbat", 
        "Tosafot on Shabbat", 
        "Tosafot on Masekhet Shabbat", 
        "Tosafot on Shabbos", 
        "Tosafot on Shabbath"
    ], 
    "categories": [
        "Commentary", 
        "Talmud", 
        "Tosafot"
    ], 
    "ref": "Tosafot on Shabbat 110a", 
    "type": "Commentary", 
    "addressTypes": [
        "Talmud", 
        "Integer", 
        "Integer"
    ], 
    "heCommentator": "תוספות", 
    "length": 312, 
    "indexTitle": "Tosafot on Shabbat", 
    "heIndexTitle": "תוספות על שבת", 
    "alts": [], 
    "order": [
        2, 
        1
    ]
}