{
    "heTitleVariants": [
        "תוספות על שבת"
    ], 
    "heTitle": "תוספות על שבת י״ג א", 
    "content": [
        {
            "segmentNumber": "1", 
            "he": [
                "מיתיבי התינוקות של בית רבן מסדרין פרשיותיהן כו' - אומר הר\"ם לפי' הקונטרס שפי' במתני' החזן רואה היכן התינוקות קורין לאור הנר הא דלא פריך ליה ממתני' משום דאיכא למימר דקורין באיסור ואין מוחין בידם אבל הכא דקתני מסדרין משמע שמותרין לעשות כן:"
            ], 
            "links": [
                {
                    "category": "Talmud", 
                    "sourceHeRef": "שבת י״ג א:א׳", 
                    "index_title": "Shabbat", 
                    "sourceRef": "Shabbat 13a:1"
                }
            ], 
            "text": ""
        }, 
        {
            "segmentNumber": "2", 
            "he": [], 
            "links": [], 
            "text": ""
        }, 
        {
            "segmentNumber": "3", 
            "he": [], 
            "links": [], 
            "text": ""
        }, 
        {
            "segmentNumber": "4", 
            "he": [], 
            "links": [], 
            "text": ""
        }, 
        {
            "segmentNumber": "5", 
            "he": [], 
            "links": [], 
            "text": ""
        }, 
        {
            "segmentNumber": "6", 
            "he": [], 
            "links": [], 
            "text": ""
        }, 
        {
            "segmentNumber": "7", 
            "he": [], 
            "links": [], 
            "text": ""
        }, 
        {
            "segmentNumber": "8", 
            "he": [], 
            "links": [], 
            "text": ""
        }, 
        {
            "segmentNumber": "9", 
            "he": [], 
            "links": [], 
            "text": ""
        }, 
        {
            "segmentNumber": "10", 
            "he": [], 
            "links": [], 
            "text": ""
        }, 
        {
            "segmentNumber": "11", 
            "he": [], 
            "links": [], 
            "text": ""
        }, 
        {
            "segmentNumber": "12", 
            "he": [], 
            "links": [], 
            "text": ""
        }, 
        {
            "segmentNumber": "13", 
            "he": [], 
            "links": [], 
            "text": ""
        }, 
        {
            "segmentNumber": "14", 
            "he": [], 
            "links": [], 
            "text": ""
        }, 
        {
            "segmentNumber": "15", 
            "he": [], 
            "links": [], 
            "text": ""
        }, 
        {
            "segmentNumber": "16", 
            "he": [], 
            "links": [], 
            "text": ""
        }, 
        {
            "segmentNumber": "17", 
            "he": [
                "רבא אמר רוב עם הארץ מעשרין הן - וא\"ת האמרי' בפרק בתרא דסוטה (דף מח.) שיוחנן כהן גדול גזר על הדמאי לפי ששלח בכל גבול ישראל וראה שלא היו מפרישין אלא תרומה גדולה בלבד וי\"ל דה\"ק שלא היו מפרישין כולם אלא תרומה גדולה אבל רובן היו מעשרים והא דחשו הכא טפי למיעוט מבמקום אחר משום דהויא מיעוט דשכיח טובא והיו הרבה נכשלים ומה שקשה דאביי אדאביי ודרבא אדרבא מפורש בפ\"ב דכתובות (דף כד. ושם) גבי חיישינן לגומלים:"
            ], 
            "links": [
                {
                    "category": "Talmud", 
                    "sourceHeRef": "שבת י״ג א:י״ז", 
                    "index_title": "Shabbat", 
                    "sourceRef": "Shabbat 13a:17"
                }
            ], 
            "text": ""
        }, 
        {
            "segmentNumber": "18", 
            "he": [], 
            "links": [], 
            "text": ""
        }, 
        {
            "segmentNumber": "19", 
            "he": [], 
            "links": [], 
            "text": ""
        }, 
        {
            "segmentNumber": "20", 
            "he": [], 
            "links": [], 
            "text": ""
        }, 
        {
            "segmentNumber": "21", 
            "he": [], 
            "links": [], 
            "text": ""
        }, 
        {
            "segmentNumber": "22", 
            "he": [], 
            "links": [], 
            "text": ""
        }, 
        {
            "segmentNumber": "23", 
            "he": [], 
            "links": [], 
            "text": ""
        }, 
        {
            "segmentNumber": "24", 
            "he": [], 
            "links": [], 
            "text": ""
        }, 
        {
            "segmentNumber": "25", 
            "he": [], 
            "links": [], 
            "text": ""
        }, 
        {
            "segmentNumber": "26", 
            "he": [], 
            "links": [], 
            "text": ""
        }, 
        {
            "segmentNumber": "27", 
            "he": [], 
            "links": [], 
            "text": ""
        }, 
        {
            "segmentNumber": "28", 
            "he": [], 
            "links": [], 
            "text": ""
        }, 
        {
            "segmentNumber": "29", 
            "he": [], 
            "links": [], 
            "text": ""
        }, 
        {
            "segmentNumber": "30", 
            "he": [], 
            "links": [], 
            "text": ""
        }, 
        {
            "segmentNumber": "31", 
            "he": [], 
            "links": [], 
            "text": ""
        }, 
        {
            "segmentNumber": "32", 
            "he": [], 
            "links": [], 
            "text": ""
        }, 
        {
            "segmentNumber": "33", 
            "he": [], 
            "links": [], 
            "text": ""
        }, 
        {
            "segmentNumber": "34", 
            "he": [], 
            "links": [], 
            "text": ""
        }, 
        {
            "segmentNumber": "35", 
            "he": [], 
            "links": [], 
            "text": ""
        }, 
        {
            "segmentNumber": "36", 
            "he": [], 
            "links": [], 
            "text": ""
        }, 
        {
            "segmentNumber": "37", 
            "he": [], 
            "links": [], 
            "text": ""
        }, 
        {
            "segmentNumber": "38", 
            "he": [], 
            "links": [], 
            "text": ""
        }, 
        {
            "segmentNumber": "39", 
            "he": [], 
            "links": [], 
            "text": ""
        }, 
        {
            "segmentNumber": "40", 
            "he": [], 
            "links": [], 
            "text": ""
        }, 
        {
            "segmentNumber": "41", 
            "he": [], 
            "links": [], 
            "text": ""
        }, 
        {
            "segmentNumber": "42", 
            "he": [], 
            "links": [], 
            "text": ""
        }, 
        {
            "segmentNumber": "43", 
            "he": [], 
            "links": [], 
            "text": ""
        }, 
        {
            "segmentNumber": "44", 
            "he": [], 
            "links": [], 
            "text": ""
        }, 
        {
            "segmentNumber": "45", 
            "he": [], 
            "links": [], 
            "text": ""
        }, 
        {
            "segmentNumber": "46", 
            "he": [], 
            "links": [], 
            "text": ""
        }, 
        {
            "segmentNumber": "47", 
            "he": [
                "מה אשת רעהו הוא בבגדו והיא בבגדה אסור - והתם סברא הוא לאסור לפי שיצרו תוקפו ומתגבר עליו ביותר ורש\"י פי' אפי' ביחוד נמי אסור מדאורייתא ואין נראה דמשמע דרוצה לאסור יחוד בנדה תימה דיחוד דאסור מן התורה לא ילפי' מאשת איש ושרי בנדה כדכתיב סוגה בשושנים (סנהד' פ\"ד לז.) והוא בבגדו והיא בבגדה דלא הוי אפי' באשת איש אלא מדרבנן אסור בנדה מהיקשא טפי הוה לן למיסר יחוד מהיקשא ולמישרי הוא בבגדו והיא בבגדה בלא יחוד כגון שפתח פתוח לרה\"ר מסוגה בשושנים:"
            ], 
            "links": [
                {
                    "category": "Talmud", 
                    "sourceHeRef": "שבת י״ג א:מ״ז", 
                    "index_title": "Shabbat", 
                    "sourceRef": "Shabbat 13a:47"
                }
            ], 
            "text": ""
        }, 
        {
            "segmentNumber": "48", 
            "he": [], 
            "links": [], 
            "text": ""
        }, 
        {
            "segmentNumber": "49", 
            "he": [
                "ופליגא דר' פדת דא\"ר פדת לא אסרה תורה אלא כו' - תימה מנא ליה דפליגי דילמא מדרבנן אסור אפי' הוא בבגדו ורש\"י דפירש כאן כיון דמדאורייתא לא אסור אלא תשמיש ממש מדרבנן לא אסור אלא קירוב בשר לא נהירא דמסתמא לא פליגי אמתני' דלא יאכל הזב עם הזבה ועוד וכי לית ליה דאשת רעהו הוא בבגדו והיא בבגדה אסור ומפרש ר\"ת דפליגא דר' פדת דכיון דלא אסרה תורה אלא קריבה של גילוי עריות בלבד א\"כ אין לנו לאסור ולגזור אלא כעין שאסר הכתוב דהיינו דיעות בלא שינוי כגון לא יאכל הזב עם הזבה אבל הוא בבגדו והיא בבגדה דאיכא דיעות ושינוי לא יסבור ר' פדת דאפי' באשת איש הוא בבגדו והיא בבגדה שרי ור\"י פי' ופליגא דר' פדת כיון דאית ליה דלא שייך לשון קריבה אלא בגילוי עריות ממש וא\"כ ואל אשה נדה לא יקרב היינו תשמיש ממש שוב אין ללמוד בהיקש מאשת איש לאסור הוא בבגדו כו' לאפוקי לשון קריבה ממשמעותו ודוחק הוא דהא אשת רעהו לא טמא משמע תשמיש ממש ואפילו הכי אסרי' הוא בבגדו והיא בבגדה:"
            ], 
            "links": [
                {
                    "category": "Talmud", 
                    "sourceHeRef": "שבת י״ג א:מ״ט", 
                    "index_title": "Shabbat", 
                    "sourceRef": "Shabbat 13a:49"
                }
            ], 
            "text": ""
        }, 
        {
            "segmentNumber": "50", 
            "he": [], 
            "links": [], 
            "text": ""
        }, 
        {
            "segmentNumber": "51", 
            "he": [], 
            "links": [], 
            "text": ""
        }, 
        {
            "segmentNumber": "52", 
            "he": [], 
            "links": [], 
            "text": ""
        }, 
        {
            "segmentNumber": "53", 
            "he": [
                "ופליגא דידיה אדידיה - והוא היה יודע בעצמו שלא יבא לידי הרהור שצדיק גמור היה כדאמרינן בפרק ב' דכתובות ('ף יז.) דרב אדא בר אהבה מרכיב לה אכתפיה ומרקד א\"ל רבנן אנן מהו למעבד הכי א\"ל אי דמיא לכון כי כשורא לחיי ואי לא לא והספר לא חש לפרש ולהאריך כאן למה. היה עושה:"
            ], 
            "links": [
                {
                    "category": "Talmud", 
                    "sourceHeRef": "שבת י״ג א:נ״ג", 
                    "index_title": "Shabbat", 
                    "sourceRef": "Shabbat 13a:53"
                }
            ], 
            "text": ""
        }, 
        {
            "segmentNumber": "54", 
            "he": [], 
            "links": [], 
            "text": ""
        }, 
        {
            "segmentNumber": "55", 
            "he": [], 
            "links": [], 
            "text": ""
        }, 
        {
            "segmentNumber": "56", 
            "he": [], 
            "links": [], 
            "text": ""
        }, 
        {
            "segmentNumber": "57", 
            "he": [], 
            "links": [], 
            "text": ""
        }, 
        {
            "segmentNumber": "58", 
            "he": [], 
            "links": [], 
            "text": ""
        }
    ], 
    "commentaryBook": "Shabbat", 
    "heRef": "תוספות על שבת י״ג א", 
    "toSections": [
        "13a"
    ], 
    "sectionRef": "Tosafot on Shabbat 13a", 
    "title": "Tosafot on Shabbat 13a", 
    "lengths": [
        312, 
        17165
    ], 
    "next": "Tosafot on Shabbat 13b:8", 
    "heBook": "תוספות על שבת", 
    "book": "Tosafot on Shabbat", 
    "prev": "Tosafot on Shabbat 12b:68", 
    "textDepth": 3, 
    "sectionNames": [
        "Daf", 
        "Line", 
        "Comment"
    ], 
    "sections": [
        "13a"
    ], 
    "commentator": "Tosafot", 
    "isComplex": false, 
    "commentaryCategories": [
        "Talmud", 
        "Bavli", 
        "Seder Moed"
    ], 
    "titleVariants": [
        "Tosafot on Talmud Shabbat", 
        "Tosafot on Tractate Shabbat", 
        "Tosafot on Shabbat", 
        "Tosafot on Masekhet Shabbat", 
        "Tosafot on Shabbos", 
        "Tosafot on Shabbath"
    ], 
    "categories": [
        "Commentary", 
        "Talmud", 
        "Tosafot"
    ], 
    "ref": "Tosafot on Shabbat 13a", 
    "type": "Commentary", 
    "addressTypes": [
        "Talmud", 
        "Integer", 
        "Integer"
    ], 
    "heCommentator": "תוספות", 
    "length": 312, 
    "indexTitle": "Tosafot on Shabbat", 
    "heIndexTitle": "תוספות על שבת", 
    "alts": [], 
    "order": [
        2, 
        1
    ]
}