{
    "heTitleVariants": [
        "תוספות על שבת"
    ], 
    "heTitle": "תוספות על שבת ל״ט ב", 
    "content": [
        {
            "segmentNumber": "1", 
            "he": [], 
            "links": [], 
            "text": ""
        }, 
        {
            "segmentNumber": "2", 
            "he": [], 
            "links": [], 
            "text": ""
        }, 
        {
            "segmentNumber": "3", 
            "he": [], 
            "links": [], 
            "text": ""
        }, 
        {
            "segmentNumber": "4", 
            "he": [], 
            "links": [], 
            "text": ""
        }, 
        {
            "segmentNumber": "5", 
            "he": [], 
            "links": [], 
            "text": ""
        }, 
        {
            "segmentNumber": "6", 
            "he": [
                "ממעשה שעשו אנשי טבריא ואסרו להם בטלה הטמנה מבע\"י בדבר המוסיף הבל. וא\"ת מה צריך למילף ממעשה דאנשי טבריא הא מתני' היא דאין טומנין בדבר המוסיף הבל בפרק במה טומנין (לקמן ד' מז: ושם) ומבע\"י איירי דמשחשיכה אפי' בדבר שאינו מוסיף הבל אסור כדאמרינן בפ\"ב (לעיל דף לד.) ואור\"י דמתניתין דלקמן איכא לאוקמא בבין השמשות אבל מבעוד יום ה\"א דשרי וא\"ת והא קתני טומנין בגיזי צמר ואין מטלטלין אותן ואי בין השמשות איך טומנין בהן והא אסור לטלטלן וי\"ל דהוה מוקמינן כר' דאמר (לעיל ד' ח:) כל דבר שהוא משום שבות לא גזרו עליו בין השמשות וא\"ת אי כר' אתיא אי מבעוד יום שרי להטמין ביה\"ש נמי שרי דכל דבר שהוא משום שבות כו' וי\"ל דה\"א בהטמנה החמירו וה\"ר שמואל מוורדין מפרש ממעשה אנשי טבריא בטלה הטמנה דאסור אפי' לאכול כדקתני ואסורין בשתיה וה\"ר . יונה מפרש בטלה אפי' בקדירה חייתא והיינו דקאמר בטלה משמע לגמרי מכל דבר:"
            ], 
            "links": [
                {
                    "category": "Talmud", 
                    "sourceHeRef": "שבת ל״ט ב:ו׳", 
                    "sourceRef": "Shabbat 39b:6", 
                    "ref": "Shabbat 39b:6"
                }
            ], 
            "text": ""
        }, 
        {
            "segmentNumber": "7", 
            "he": [], 
            "links": [], 
            "text": ""
        }, 
        {
            "segmentNumber": "8", 
            "he": [], 
            "links": [], 
            "text": ""
        }, 
        {
            "segmentNumber": "9", 
            "he": [], 
            "links": [], 
            "text": ""
        }, 
        {
            "segmentNumber": "10", 
            "he": [], 
            "links": [], 
            "text": ""
        }, 
        {
            "segmentNumber": "11", 
            "he": [
                "אלא פניו ידיו ורגליו כו'. הכל היה יכול לדקדק מסיפא דקתני בי\"ט כחמין שהוחמו בי\"ט אילימא רחיצת כל גופו הא הוחמו מעי\"ט שרי והא לקמן אסר רחיצה בי\"ט דקאמר למחר נכנס ומזיע אבל רוחץ לא ודוקא שטיפה שרי בבית החיצון אלא דרך. הש\"ס מה שיכול לדקדק מרישא מדקדק ומיהו קשה לרשב\"א דמגופה דמתניתין הוי מצי למידק בלא הך ברייתא דמייתי מדקתני ואסורים בשתיה כ\"ש פניו ידיו ורגליו דאסירי אלא אם כן ראויין לשתיה. נראה לר\"י דווקא שמחמם אותם לצורך שתיה אבל לצורך רחיצה אע\"ג דראויין לשתיה אסרי ב\"ש דהא לית להו מתוך (ביצה ד' יב. ושם) ובפ\"ב דביצה (ד' כא: ושם) אסרי ב\"ש מדורה להתחמם כנגדה ואע\"ג דראויה היא לבשל ולאפות ועוד אומר ר\"י דמהכא נמי יש לדקדק דאי שרו ב\"ש לצורך רחיצה משום דראויין לשתיה א\"כ לא אתיא מתני' אפי' כב\"ש דקתני ואסורין ברחיצה ומותרין בשתיה ומדקתני ומותרין בשתיה מכלל דראויין לשתיה ואפ\"ה קתני דאסורין ברחיצה אלא ודאי לא שרו ב\"ש אלא כשעושה לצורך שתיה ונראה לר\"י דיכול לחמם אפי' ביותר מכדי שתיה כדאמר בפרק הדר (עירובין ד' סח.) נשייליה לאימיה אי צריכה נחיימו אגב אימיה ודוקא בכדי שיעור לרגליו אבל לצורך כל גופו לא והיינו טעמא שהבלנים חשודים דפעמים שיחממו עיקרן לרחיצה:"
            ], 
            "links": [
                {
                    "category": "Talmud", 
                    "sourceHeRef": "שבת ל״ט ב:י״א", 
                    "sourceRef": "Shabbat 39b:11", 
                    "ref": "Shabbat 39b:11"
                }, 
                {
                    "category": "Talmud", 
                    "sourceHeRef": "ביצה י״ב א", 
                    "sourceRef": "Beitzah 12a", 
                    "ref": "Beitzah 12a"
                }, 
                {
                    "category": "Talmud", 
                    "sourceHeRef": "עירובין ס״ח א", 
                    "sourceRef": "Eruvin 68a", 
                    "ref": "Eruvin 68a"
                }
            ], 
            "text": ""
        }, 
        {
            "segmentNumber": "12", 
            "he": [], 
            "links": [], 
            "text": ""
        }, 
        {
            "segmentNumber": "13", 
            "he": [], 
            "links": [], 
            "text": ""
        }, 
        {
            "segmentNumber": "14", 
            "he": [], 
            "links": [], 
            "text": ""
        }, 
        {
            "segmentNumber": "15", 
            "he": [], 
            "links": [], 
            "text": ""
        }, 
        {
            "segmentNumber": "16", 
            "he": [
                "וב\"ה מתירין. משמע דוקא לרגליו אבל לצורך כל גופו לא וכן משמע בכולה שמעתין דמחמירין בחמין שהוחמו בי\"ט כחמין שהוחמו בשבת וגזרו על הזיעה ביו\"ט כמו בשבת כדאמר בביצה בהמביא ולקמן (דף מ. ושם) א\"כ משמע שאסור לעשות הבערה משום רחיצה שאם לא כן לא היו גוזרים על הזיעה ותימה דמ\"ש הבערה דרחיצה מהבערה דזיעה דשרי מדאורייתא כדמוכח התם ואומר ר\"י בשם ריב\"א דרחיצה אינה אלא לתענוג ואסורה כמו מוגמר דאסור בפ\"ק דכתובות (ד' ז. וסם) משום דאין שוה לכל נפש וכן משמע בירושלמי דהיינו טעמא דרחיצה אבל זיעה שוה היא לכל נפש דאינה תענוג אלא לבריאות והא דתניא לקמן (ד' מ.) מרחץ שפקקו נקביו מעי\"ט למחר נכנס ומזיע. ה\"ה אפי' הוחם בו ביום אלא נקט מעי\"ט דאפ\"ה דוקא מזיע אבל רוחץ לא:"
            ], 
            "links": [
                {
                    "category": "Talmud", 
                    "sourceHeRef": "שבת ל״ט ב:ט״ז", 
                    "sourceRef": "Shabbat 39b:16", 
                    "ref": "Shabbat 39b:16"
                }
            ], 
            "text": ""
        }, 
        {
            "segmentNumber": "17", 
            "he": [], 
            "links": [], 
            "text": ""
        }, 
        {
            "segmentNumber": "18", 
            "he": [], 
            "links": [], 
            "text": ""
        }, 
        {
            "segmentNumber": "19", 
            "he": [], 
            "links": [], 
            "text": ""
        }, 
        {
            "segmentNumber": "20", 
            "he": [
                "בין בחמין בין בצונן. נראה לר\"י דהיינו אפי' חמין שהוחמו מע\"ש דהא אוסר אפי' צונן ומסתמא בהנך חמין אסיר ר' יהודה ועוד דמסתמא לא מיירי בדעבדי איסורא והאי תנא הוא דקאמר היינו ר\"ש ועוד אומר ר\"י דיש להוכיח דבחמין שהוחמו מע\"ש פליגי דאמר בפרק חבית (לקמן ד' קמז. ושם) מה חמי טבריא חמין אף מי מערה חמין הרוחץ דיעבד אין לכתחילה לא מכלל דלהשתטף אפי' לכתחילה מני ר\"ש היא . דתניא לא ישתטף כו' ואי בשהוחמו בשבת פליגי אבל מערב שבת שרי ר' יהודה אמאי צריך לאוקמה כר\"ש לוקמה כר' יהודה ובהוחמו מע\"ש דהא דומיא דחמי טבריא קתני:"
            ], 
            "links": [
                {
                    "category": "Talmud", 
                    "sourceHeRef": "שבת ל״ט ב:כ׳", 
                    "sourceRef": "Shabbat 39b:20", 
                    "ref": "Shabbat 39b:20"
                }
            ], 
            "text": ""
        }, 
        {
            "segmentNumber": "21", 
            "he": [], 
            "links": [], 
            "text": ""
        }, 
        {
            "segmentNumber": "22", 
            "he": [], 
            "links": [], 
            "text": ""
        }, 
        {
            "segmentNumber": "23", 
            "he": [], 
            "links": [], 
            "text": ""
        }, 
        {
            "segmentNumber": "24", 
            "he": [
                "והא מעשה דאנשי טבריא בקרקע הוה ואסרי להו. הקשה ה\"ר אליעזר ממי\"ץ מאי פריך התם הוחמו בשבת כדקתני כחמין שהוחמו בשבת משמע דבהוחמו מע\"ש שרי והכא בהוחמו מע\"ש פליגי כדפרישית ומפרש הר\"ר יוסף דס\"ל להש\"ס מדמחמיר ר\"מ כ\"כ דאוסר אפי' צונן מחמיר נמי לאסור ע\"ש אטו שבת ולהכי פריך והא מעשה דאנשי טבריא בקרקע הוה ואסרי להו בהוחמו בשבת ורב חסדא קאמר אבל בקרקע ד\"ה מותר אפי' בהוחמו בשבת דהא לר\"מ אי הוה אוסר להו בהוחמו בשבת בהוחמו מע\"ש נמי הוה אוסר וקשה דר\"מ אוסר להשתטף בצונן אפי' בקרקע כדמסיק דבקרקע פליגי ובפרק שמונה שרצים (לקמן דף קט. ושם) משמע דשרי דקאמר התם רוחצין במי גרר ובמי חמתן ובמי עסיא ובמי טבריא אבל לא בים הגדול ורמינהו רוחצין במי טבריא ובים הגדול כו' ומוקים בתרייתא כר' מאיר וי\"ל דבקרקע דהכא דאסר היינו דומיא דכלי דדמי לרוחץ בחמין והתם בנהר התירו שנראה כמיקר בנהר ואפי' בחמי טבריא לא דמי לאדם רוחץ בחמין:"
            ], 
            "links": [
                {
                    "category": "Talmud", 
                    "sourceHeRef": "שבת ל״ט ב:כ״ד", 
                    "sourceRef": "Shabbat 39b:24", 
                    "ref": "Shabbat 39b:24"
                }
            ], 
            "text": ""
        }, 
        {
            "segmentNumber": "25", 
            "he": [], 
            "links": [], 
            "text": ""
        }, 
        {
            "segmentNumber": "26", 
            "he": [], 
            "links": [], 
            "text": ""
        }, 
        {
            "segmentNumber": "27", 
            "he": [], 
            "links": [], 
            "text": ""
        }, 
        {
            "segmentNumber": "28", 
            "he": [
                "אמר רבה בר בר חנה) הלכה כר' יהודה. אע\"ג דר' יוחנן אית ליה הלכה כסתם משנה הכא משום דר' יהודה מכריע הוא אין הלכה כסתם וקשה דבפרק קמא דפסחים (דף יג. ודף כא. ושם) פריך ונימא מר הלכה כר' מאיר דסתם לן תנא כוותיה אע\"ג דסבר דרבן גמליאל מכריע הוא דפריך בתר הכי ונימא מר הלכה כרבן גמליאל דהוה ליה מכריע וי\"ל דסתם דהכא גריע מההוא סתם דהכא סתם במתני' ומחלוקת בברייתא והלכה כמכריע ומיהו אי לאו הכרעה הוה הלכה כסתם מתני' אע\"ג דמחלוקת בברייתא: (לעיל) הא חמין שהוחמו מבעוד יום מותרים והתניא חמין שהוחמו כו'. תימה לוקי ההיא ברייתא דאסרה בכלי משום דהרואה אומר היום הוחמו ומתניתין בקרקע כמשמעה כדמפליג בסמוך בין כלי לקרקע וי\"ל דדוקא בשיטוף דקיל איכא לפלוגי אבל ברחיצה דחמירא לא מסתברא לפלוגי בהכי:"
            ], 
            "links": [
                {
                    "category": "Talmud", 
                    "sourceHeRef": "שבת ל״ט ב:כ״ח", 
                    "sourceRef": "Shabbat 39b:28", 
                    "ref": "Shabbat 39b:28"
                }
            ], 
            "text": ""
        }, 
        {
            "segmentNumber": "29", 
            "he": [], 
            "links": [], 
            "text": ""
        }, 
        {
            "segmentNumber": "30", 
            "he": [], 
            "links": [], 
            "text": ""
        }, 
        {
            "segmentNumber": "31", 
            "he": [], 
            "links": [], 
            "text": ""
        }, 
        {
            "segmentNumber": "32", 
            "he": [], 
            "links": [], 
            "text": ""
        }, 
        {
            "segmentNumber": "33", 
            "he": [], 
            "links": [], 
            "text": ""
        }, 
        {
            "segmentNumber": "34", 
            "he": [], 
            "links": [], 
            "text": ""
        }, 
        {
            "segmentNumber": "35", 
            "he": [], 
            "links": [], 
            "text": ""
        }, 
        {
            "segmentNumber": "36", 
            "he": [], 
            "links": [], 
            "text": ""
        }
    ], 
    "commentaryBook": "Shabbat", 
    "heRef": "תוספות על שבת ל״ט ב", 
    "toSections": [
        "39b"
    ], 
    "sectionRef": "Tosafot on Shabbat 39b", 
    "title": "Tosafot on Shabbat 39b", 
    "lengths": [
        312, 
        17165
    ], 
    "next": "Tosafot on Shabbat 40a:3", 
    "heBook": "תוספות על שבת", 
    "book": "Tosafot on Shabbat", 
    "prev": "Tosafot on Shabbat 39a:21", 
    "textDepth": 3, 
    "sectionNames": [
        "Daf", 
        "Line", 
        "Comment"
    ], 
    "sections": [
        "39b"
    ], 
    "commentator": "Tosafot", 
    "isComplex": false, 
    "commentaryCategories": [
        "Talmud", 
        "Bavli", 
        "Seder Moed"
    ], 
    "titleVariants": [
        "Tosafot on Talmud Shabbat", 
        "Tosafot on Tractate Shabbat", 
        "Tosafot on Shabbat", 
        "Tosafot on Masekhet Shabbat", 
        "Tosafot on Shabbos", 
        "Tosafot on Shabbath"
    ], 
    "categories": [
        "Commentary", 
        "Talmud", 
        "Tosafot"
    ], 
    "ref": "Tosafot on Shabbat 39b", 
    "type": "Commentary", 
    "addressTypes": [
        "Talmud", 
        "Integer", 
        "Integer"
    ], 
    "heCommentator": "תוספות", 
    "length": 312, 
    "indexTitle": "Tosafot on Shabbat", 
    "heIndexTitle": "תוספות על שבת", 
    "alts": [], 
    "order": [
        2, 
        1
    ]
}