[{
    "links": [
        [
            "102a:9:1", 
            "Shabbat 102a:9", 
            "Talmud"
        ], 
        [
            "102a:14:1", 
            "Shabbat 102a:14", 
            "Talmud"
        ], 
        [
            "102a:21:1", 
            "Shabbat 102a:21", 
            "Talmud"
        ], 
        [
            "102a:36:1", 
            "Shabbat 102a:36", 
            "Talmud"
        ], 
        [
            "102a:44:1", 
            "Shabbat 102a:44", 
            "Talmud"
        ], 
        [
            "102a:52:1", 
            "Shabbat 102a:52", 
            "Talmud"
        ], 
        [
            "102a:51:1", 
            "Shabbat 102a:51", 
            "Talmud"
        ], 
        [
            "102a:51:1", 
            "Keritot 14a", 
            "Talmud"
        ]
    ], 
    "text": [], 
    "heTitleVariants": [
        "תוספות על שבת"
    ], 
    "heTitle": "תוספות על שבת ק״ב א", 
    "commentaryBook": "Shabbat", 
    "heRef": "תוספות על שבת ק״ב א", 
    "toSections": [
        "102a"
    ], 
    "sectionRef": "Tosafot on Shabbat 102a", 
    "title": "Tosafot on Shabbat 102a", 
    "lengths": [
        312, 
        17165
    ], 
    "next": "Tosafot on Shabbat 102b:1", 
    "heBook": "תוספות על שבת", 
    "book": "Tosafot on Shabbat", 
    "prev": "Tosafot on Shabbat 101b:30", 
    "textDepth": 3, 
    "sectionNames": [
        "Daf", 
        "Line", 
        "Comment"
    ], 
    "sections": [
        "102a"
    ], 
    "commentator": "Tosafot", 
    "isComplex": false, 
    "commentaryCategories": [
        "Talmud", 
        "Bavli", 
        "Seder Moed"
    ], 
    "titleVariants": [
        "Tosafot on Talmud Shabbat", 
        "Tosafot on Tractate Shabbat", 
        "Tosafot on Shabbat", 
        "Tosafot on Masekhet Shabbat", 
        "Tosafot on Shabbos", 
        "Tosafot on Shabbath"
    ], 
    "categories": [
        "Commentary", 
        "Talmud", 
        "Tosafot"
    ], 
    "he": [
        [], 
        [], 
        [], 
        [], 
        [], 
        [], 
        [], 
        [], 
        [
            "סיפא אתאן ללכתא ומיתנא. אבל רישא מיירי בלא לכתא ומיתנא וה\"ה אפילו בלא נזכר פטור כיון שקלטה כלב או נשרפה והא דנקט נזכר לאשמעינן דאפילו בנזכר דוקא קלטה כלב או נשרפה פטור משום דלא נחה הא נחה חייב:"
        ], 
        [], 
        [], 
        [], 
        [], 
        [
            "אלא אמר רבא במעביר. וההוא דחבורה איירי בלכתא ומיתנא ואין ר\"י יודע למה הוצרך להשמיענו ההיא דחבורה מה לי חבורה מה לי מעביר וכן לרבא דקאמר תרתי קתני אמאי תנא ההיא דחבורה כיון דתנא הזורק ונזכר פטור ה\"נ בחבורה דמ\"ש:"
        ], 
        [], 
        [], 
        [], 
        [], 
        [], 
        [], 
        [
            "רב אשי אמר חסורי מחסרא כו'. אין זה ממש חסורי מחסרא דמשנה כמו שהיא שנויה יש לפרש כן אלא כדי לפרשה קאמר בלשון חסורי מחסרא:"
        ], 
        [], 
        [], 
        [], 
        [], 
        [], 
        [], 
        [], 
        [], 
        [], 
        [], 
        [], 
        [], 
        [], 
        [], 
        [
            "ובמאי אי בזורק שוגג הוא. אע\"ג דכי גמר שיעוריה במזיד גמר מ\"מ כיון דבתחילת זריקה הוי שוגג ואין יכול להחזירה ובהנחה נמי שוגג הוא חשיב כאילו מתחלה ועד סוף הויא חדא שגגה:"
        ], 
        [], 
        [], 
        [], 
        [], 
        [], 
        [], 
        [], 
        [
            "אמר רבא זרק בפי כלב. ל\"ג ונחה בפי כלב דנחה משמע מעצמה כדא\"ר יוחנן בפ\"ק (לעיל דף ה.) זרק חפץ ונח לתוך ידו של חבירו חייב ומסיק דקמ\"ל אף על גב דלא אחשביה לידיה והכא מסיק דקא מכוין ומחשבתו משויא ליה מקום:\n"
        ], 
        [], 
        [], 
        [], 
        [], 
        [], 
        [], 
        [
            "רבי מאיר אומר אם היתה שבת והוציאו בפיו כו'. פי' בקונטרס דלהכי נקט אם היתה שבת דמשום יוה\"כ לא מיחייב דאין עירוב והוצאה ליוה\"כ ולא הויא מסקנא הכי בפרק אמרו לו (כריתות דף יד.) דנדחו דברי רפרם שהיה מפרש כן ומסיק דנקט שבת כדי להרבות בחטאות ולחייבו אף משום שבת [ויוה\"כ]:"
        ], 
        [
            "והוציאו בפיו חייב. כולהו בהדי הדדי קא אתו דבליעתו הויא הנחה אע\"פ שמהלך כדאמרינן (לעיל דף פ.) כתיבתן זו היא הנחתן ואע\"ג דפיו למעלה מי' ואינו רחב ד' בטל הוא אגב רה\"ר ולא דמי לבוכיאר ביריעה דאמר בריש פרקין (לעיל דף צו:) דבמקום פטור קא אזיל דהתם מקום קביעות הוה טפי ודמי לטרסקל דאמר בפ\"ק (דף ה.) דלמטה מי' הוי רה\"ר והכא אפילו למעלה מי' בטל אגב רשות הרבים ועוד דמעביר למעלה מי' כלמטה וחשיב מונח ברשות הרבים:\n"
        ], 
        [], 
        [], 
        [], 
        [], 
        [], 
        [], 
        []
    ], 
    "ref": "Tosafot on Shabbat 102a", 
    "type": "Commentary", 
    "addressTypes": [
        "Talmud", 
        "Integer", 
        "Integer"
    ], 
    "heCommentator": "תוספות", 
    "length": 312, 
    "indexTitle": "Tosafot on Shabbat", 
    "heIndexTitle": "תוספות על שבת", 
    "alts": [], 
    "order": [
        2, 
        1
    ]
}]