[{
    "links": [
        [
            "90b:12:1", 
            "Shabbat 90b:12", 
            "Talmud"
        ], 
        [
            "90b:31:1", 
            "Shabbat 90b:31", 
            "Talmud"
        ], 
        [
            "90b:36:1", 
            "Shabbat 90b:36", 
            "Talmud"
        ], 
        [
            "90b:31:1", 
            "Chullin 66a", 
            "Talmud"
        ], 
        [
            "90b:4:1", 
            "Shabbat 90b:4", 
            "Talmud"
        ], 
        [
            "90b:31:2", 
            "Shabbat 90b:31", 
            "Talmud"
        ], 
        [
            "90b:31:2", 
            "Chullin 65b", 
            "Talmud"
        ]
    ], 
    "text": [], 
    "heTitleVariants": [
        "תוספות על שבת"
    ], 
    "heTitle": "תוספות על שבת צ׳ ב", 
    "commentaryBook": "Shabbat", 
    "heRef": "תוספות על שבת צ׳ ב", 
    "toSections": [
        "90b"
    ], 
    "sectionRef": "Tosafot on Shabbat 90b", 
    "title": "Tosafot on Shabbat 90b", 
    "lengths": [
        312, 
        17165
    ], 
    "next": "Tosafot on Shabbat 91a:9", 
    "heBook": "תוספות על שבת", 
    "book": "Tosafot on Shabbat", 
    "prev": "Tosafot on Shabbat 90a:81", 
    "textDepth": 3, 
    "sectionNames": [
        "Daf", 
        "Line", 
        "Comment"
    ], 
    "sections": [
        "90b"
    ], 
    "commentator": "Tosafot", 
    "isComplex": false, 
    "commentaryCategories": [
        "Talmud", 
        "Bavli", 
        "Seder Moed"
    ], 
    "titleVariants": [
        "Tosafot on Talmud Shabbat", 
        "Tosafot on Tractate Shabbat", 
        "Tosafot on Shabbat", 
        "Tosafot on Masekhet Shabbat", 
        "Tosafot on Shabbos", 
        "Tosafot on Shabbath"
    ], 
    "categories": [
        "Commentary", 
        "Talmud", 
        "Tosafot"
    ], 
    "he": [
        [], 
        [], 
        [], 
        [
            "שמצניעין אותו לחזיר. פירוש שראוי ליתן לעובד כוכבים או למכור לו אבל ישראל אסור לגדל חזיר:"
        ], 
        [], 
        [], 
        [], 
        [], 
        [], 
        [], 
        [], 
        [
            "אם לנטיעה שתים. פי' אותם שהם ראויים לנטיעה אי נמי כלומר במקום שרגילין לנוטען והוי סתמא לנטוע דאי במוציא ממש לנטיעה הא אמר בריש פ' המצניע (לקמן צא.) מחייב היה ר' מאיר במוציא חטה א' לזריעה:"
        ], 
        [], 
        [], 
        [], 
        [], 
        [], 
        [], 
        [], 
        [], 
        [], 
        [], 
        [], 
        [], 
        [], 
        [], 
        [], 
        [], 
        [], 
        [], 
        [
            "דלא לימרו מיכל קא אכיל ליה ועבר משום בל תשקצו. אומר רשב\"א דמשמע מכאן דחגב טהור אין טעון שחיטה מדלא קאמר דלא לימרו דקאכיל ליה בלא שחיטה ועוד דת\"ק קאמר בסמוך בחגב חי טמא דילמא מיית ואכיל ליה ובטהור לא חייש והיינו משום דמותר בלא שחיטה ובתוספתא דמסכת תרומות תניא אוכל אדם חגבים בין חיין בין שחוטין ואע\"ג דאסור לאכול חי משום בל תשקצו מ\"מ מותר לחתוך ממנו אבר ולאוכלו על ידי רחיצה ואין בו משום אבר מן החי ורש\"י הביאו באלו טרפות (חולין דף סו.) מה\"ג דמפיק חגבים אין טעונין שחיטה מדכתיב ואת כל נפש החיה הרומשת במים אלו דגים ואת כל נפש השורצת אלו חגבים מדכתיב חגבים אחר דגים משמע דאין טעונין שחיטה כדגים ואפילו עוף הוה פטרינן ליה בולא כלום אי לאו דהוקש לבהמה כדאמר בהשוחט (שם כז:):", 
            "ועובר משום בל תשקצו. משמע דשושיבא שרי ואומר ר\"ת דבפ\"ב דמס' ע\"ז (דך לז.) גבי איל קמצא דמפרש רב פפא דהיינו שושיבא ורב חייא בר אשי אמר משמיה דעולא סוסבל וקאמר התם דבראשו ארוך היינו שושיבא כ\"ע לא פליגי דאסור ל\"ג דאסור אלא גרס כ\"ע לא פליגי דשרי דהכא משמע דשושיבא שרי ולית ביה אלא משום בל תשקצו וסתם מתניתין דפרק אלו טריפות (חולין דף סה:) שרי ראשו ארוך לכך נראה לר\"ת דגרס כ\"ע לא פליגי דשרי:\n"
        ], 
        [], 
        [], 
        [], 
        [], 
        [
            "מתני' המצניע וכל אדם אין חייבין עליו אלא כשיעורו. תימה לר\"י דאמאי איצטריך למיתני ליה הא תנא ליה חדא זימנא בפרק כלל גדול (לעיל דף עה:) ושאינו כשר להצניע אינו חייב אלא המצניע:"
        ], 
        [], 
        [], 
        [], 
        [], 
        []
    ], 
    "ref": "Tosafot on Shabbat 90b", 
    "type": "Commentary", 
    "addressTypes": [
        "Talmud", 
        "Integer", 
        "Integer"
    ], 
    "heCommentator": "תוספות", 
    "length": 312, 
    "indexTitle": "Tosafot on Shabbat", 
    "heIndexTitle": "תוספות על שבת", 
    "alts": [], 
    "order": [
        2, 
        1
    ]
}]