{
    "heTitleVariants": [
        "תוספות על שבת"
    ], 
    "heTitle": "תוספות על שבת קמ״ה ב", 
    "content": [
        {
            "segmentNumber": "1", 
            "he": [], 
            "links": [], 
            "text": ""
        }, 
        {
            "segmentNumber": "2", 
            "he": [], 
            "links": [], 
            "text": ""
        }, 
        {
            "segmentNumber": "3", 
            "he": [], 
            "links": [], 
            "text": ""
        }, 
        {
            "segmentNumber": "4", 
            "he": [], 
            "links": [], 
            "text": ""
        }, 
        {
            "segmentNumber": "5", 
            "he": [], 
            "links": [], 
            "text": ""
        }, 
        {
            "segmentNumber": "6", 
            "he": [], 
            "links": [], 
            "text": ""
        }, 
        {
            "segmentNumber": "7", 
            "he": [], 
            "links": [], 
            "text": ""
        }, 
        {
            "segmentNumber": "8", 
            "he": [], 
            "links": [], 
            "text": ""
        }, 
        {
            "segmentNumber": "9", 
            "he": [], 
            "links": [], 
            "text": ""
        }, 
        {
            "segmentNumber": "10", 
            "he": [], 
            "links": [], 
            "text": ""
        }, 
        {
            "segmentNumber": "11", 
            "he": [], 
            "links": [], 
            "text": ""
        }, 
        {
            "segmentNumber": "12", 
            "he": [], 
            "links": [], 
            "text": ""
        }, 
        {
            "segmentNumber": "13", 
            "he": [], 
            "links": [], 
            "text": ""
        }, 
        {
            "segmentNumber": "14", 
            "he": [], 
            "links": [], 
            "text": ""
        }, 
        {
            "segmentNumber": "15", 
            "he": [], 
            "links": [], 
            "text": ""
        }, 
        {
            "segmentNumber": "16", 
            "he": [], 
            "links": [], 
            "text": ""
        }, 
        {
            "segmentNumber": "17", 
            "he": [], 
            "links": [], 
            "text": ""
        }, 
        {
            "segmentNumber": "18", 
            "he": [], 
            "links": [], 
            "text": ""
        }, 
        {
            "segmentNumber": "19", 
            "he": [], 
            "links": [], 
            "text": ""
        }, 
        {
            "segmentNumber": "20", 
            "he": [], 
            "links": [], 
            "text": ""
        }, 
        {
            "segmentNumber": "21", 
            "he": [], 
            "links": [], 
            "text": ""
        }, 
        {
            "segmentNumber": "22", 
            "he": [], 
            "links": [], 
            "text": ""
        }, 
        {
            "segmentNumber": "23", 
            "he": [], 
            "links": [], 
            "text": ""
        }, 
        {
            "segmentNumber": "24", 
            "he": [], 
            "links": [], 
            "text": ""
        }, 
        {
            "segmentNumber": "25", 
            "he": [], 
            "links": [], 
            "text": ""
        }, 
        {
            "segmentNumber": "26", 
            "he": [], 
            "links": [], 
            "text": ""
        }, 
        {
            "segmentNumber": "27", 
            "he": [], 
            "links": [], 
            "text": ""
        }, 
        {
            "segmentNumber": "28", 
            "he": [], 
            "links": [], 
            "text": ""
        }, 
        {
            "segmentNumber": "29", 
            "he": [], 
            "links": [], 
            "text": ""
        }, 
        {
            "segmentNumber": "30", 
            "he": [], 
            "links": [], 
            "text": ""
        }, 
        {
            "segmentNumber": "31", 
            "he": [], 
            "links": [], 
            "text": ""
        }, 
        {
            "segmentNumber": "32", 
            "he": [], 
            "links": [], 
            "text": ""
        }, 
        {
            "segmentNumber": "33", 
            "he": [], 
            "links": [], 
            "text": ""
        }, 
        {
            "segmentNumber": "34", 
            "he": [], 
            "links": [], 
            "text": ""
        }, 
        {
            "segmentNumber": "35", 
            "he": [], 
            "links": [], 
            "text": ""
        }, 
        {
            "segmentNumber": "36", 
            "he": [], 
            "links": [], 
            "text": ""
        }, 
        {
            "segmentNumber": "37", 
            "he": [], 
            "links": [], 
            "text": ""
        }, 
        {
            "segmentNumber": "38", 
            "he": [], 
            "links": [], 
            "text": ""
        }, 
        {
            "segmentNumber": "39", 
            "he": [], 
            "links": [], 
            "text": ""
        }, 
        {
            "segmentNumber": "40", 
            "he": [], 
            "links": [], 
            "text": ""
        }, 
        {
            "segmentNumber": "41", 
            "he": [], 
            "links": [], 
            "text": ""
        }, 
        {
            "segmentNumber": "42", 
            "he": [], 
            "links": [], 
            "text": ""
        }, 
        {
            "segmentNumber": "43", 
            "he": [], 
            "links": [], 
            "text": ""
        }, 
        {
            "segmentNumber": "44", 
            "he": [], 
            "links": [], 
            "text": ""
        }, 
        {
            "segmentNumber": "45", 
            "he": [], 
            "links": [], 
            "text": ""
        }, 
        {
            "segmentNumber": "46", 
            "he": [], 
            "links": [], 
            "text": ""
        }, 
        {
            "segmentNumber": "47", 
            "he": [], 
            "links": [], 
            "text": ""
        }, 
        {
            "segmentNumber": "48", 
            "he": [], 
            "links": [], 
            "text": ""
        }, 
        {
            "segmentNumber": "49", 
            "he": [
                "ורבי יוחנן אמר אחד כבשין ואחד שלקות לגופן מותר למימיהן חייב חטאת -  ובדג לצירו נמי הוה מחייב ר' יוחנן חטאת לתוך הקערה דדג לצירו מדמינן לשלקות בכולה שמעתיה דפריך מדשמואל דשלקות אההיא דדג לצירו ופי' ר' דהלכה כר' יוחנן דקיי\"ל כוותיה לגבי רב ושמואל ושמעינן ממילתא דר\"י שאסור לסחוט כבשים ושלקות למימיהן ואם סחט חייב חטאת ולא הפריש בסחיטה בין קדירה לקער' אלא הכל אסור מתוך אלו דברים מתברר שאין הלכה לא כשמואל ולא כרב שאמרו סוחט אדם אשכול של . ענבים לתוך הקדירה ויש שמעמידין דברי רב ושמואל ביו\"ט מדדייק רב חסדא מדברי שמואל כן ואין לנו להדורי אפריכי ולאפוקי שמעתא מדוכתיה אלא ודאי בשבת קאמרי רב ושמואל ואין הלכה כמותן לא בשבת ולא ביו\"ט ע\"כ פי' ר\"ח ומה שדקדק מדלא מפליג ר' יוחנן משמע דמיירי אפילו לתוך הקדירה אין זה דיוק דהא רב ושמואל נמי אסרי סתמא בכבשים למימיהן ואע\"ג דשרו לסחוט בהדיא אשכול של ענבים לתוך הקדירה ומה שדחה דברי המעמידין דברי רב ושמואל ביו\"ט אומר ר\"ת שהדין עמו אבל דברי רב חסדא ביום טוב כדפירשתי לעיל:"
            ], 
            "links": [
                {
                    "category": "Talmud", 
                    "sourceHeRef": "שבת קמ״ה ב:מ״ט", 
                    "index_title": "Shabbat", 
                    "sourceRef": "Shabbat 145b:49"
                }
            ], 
            "text": ""
        }, 
        {
            "segmentNumber": "50", 
            "he": [], 
            "links": [], 
            "text": ""
        }, 
        {
            "segmentNumber": "51", 
            "he": [], 
            "links": [], 
            "text": ""
        }, 
        {
            "segmentNumber": "52", 
            "he": [], 
            "links": [], 
            "text": ""
        }, 
        {
            "segmentNumber": "53", 
            "he": [], 
            "links": [], 
            "text": ""
        }, 
        {
            "segmentNumber": "54", 
            "he": [], 
            "links": [], 
            "text": ""
        }, 
        {
            "segmentNumber": "55", 
            "he": [], 
            "links": [], 
            "text": ""
        }, 
        {
            "segmentNumber": "56", 
            "he": [], 
            "links": [], 
            "text": ""
        }, 
        {
            "segmentNumber": "57", 
            "he": [], 
            "links": [], 
            "text": ""
        }, 
        {
            "segmentNumber": "58", 
            "he": [], 
            "links": [], 
            "text": ""
        }, 
        {
            "segmentNumber": "59", 
            "he": [], 
            "links": [], 
            "text": ""
        }, 
        {
            "segmentNumber": "60", 
            "he": [], 
            "links": [], 
            "text": ""
        }, 
        {
            "segmentNumber": "61", 
            "he": [], 
            "links": [], 
            "text": ""
        }, 
        {
            "segmentNumber": "62", 
            "he": [], 
            "links": [], 
            "text": ""
        }, 
        {
            "segmentNumber": "63", 
            "he": [], 
            "links": [], 
            "text": ""
        }, 
        {
            "segmentNumber": "64", 
            "he": [
                "בהמה בגימטריא - אסמכתא בעלמא היא דנ\"ב נפקא לן בלאו גימטריא כדפי' בקונטרס:"
            ], 
            "links": [
                {
                    "category": "Talmud", 
                    "sourceHeRef": "שבת קמ״ה ב:ס״ד", 
                    "index_title": "Shabbat", 
                    "sourceRef": "Shabbat 145b:64"
                }
            ], 
            "text": ""
        }, 
        {
            "segmentNumber": "65", 
            "he": [], 
            "links": [], 
            "text": ""
        }, 
        {
            "segmentNumber": "66", 
            "he": [], 
            "links": [], 
            "text": ""
        }, 
        {
            "segmentNumber": "67", 
            "he": [], 
            "links": [], 
            "text": ""
        }, 
        {
            "segmentNumber": "68", 
            "he": [], 
            "links": [], 
            "text": ""
        }, 
        {
            "segmentNumber": "69", 
            "he": [], 
            "links": [], 
            "text": ""
        }, 
        {
            "segmentNumber": "70", 
            "he": [], 
            "links": [], 
            "text": ""
        }, 
        {
            "segmentNumber": "71", 
            "he": [], 
            "links": [], 
            "text": ""
        }, 
        {
            "segmentNumber": "72", 
            "he": [], 
            "links": [], 
            "text": ""
        }, 
        {
            "segmentNumber": "73", 
            "he": [], 
            "links": [], 
            "text": ""
        }, 
        {
            "segmentNumber": "74", 
            "he": [], 
            "links": [], 
            "text": ""
        }, 
        {
            "segmentNumber": "75", 
            "he": [], 
            "links": [], 
            "text": ""
        }, 
        {
            "segmentNumber": "76", 
            "he": [], 
            "links": [], 
            "text": ""
        }, 
        {
            "segmentNumber": "77", 
            "he": [], 
            "links": [], 
            "text": ""
        }, 
        {
            "segmentNumber": "78", 
            "he": [], 
            "links": [], 
            "text": ""
        }, 
        {
            "segmentNumber": "79", 
            "he": [], 
            "links": [], 
            "text": ""
        }, 
        {
            "segmentNumber": "80", 
            "he": [], 
            "links": [], 
            "text": ""
        }, 
        {
            "segmentNumber": "81", 
            "he": [], 
            "links": [], 
            "text": ""
        }, 
        {
            "segmentNumber": "82", 
            "he": [], 
            "links": [], 
            "text": ""
        }, 
        {
            "segmentNumber": "83", 
            "he": [], 
            "links": [], 
            "text": ""
        }, 
        {
            "segmentNumber": "84", 
            "he": [], 
            "links": [], 
            "text": ""
        }, 
        {
            "segmentNumber": "85", 
            "he": [], 
            "links": [], 
            "text": ""
        }, 
        {
            "segmentNumber": "86", 
            "he": [], 
            "links": [], 
            "text": ""
        }, 
        {
            "segmentNumber": "87", 
            "he": [], 
            "links": [], 
            "text": ""
        }, 
        {
            "segmentNumber": "88", 
            "he": [], 
            "links": [], 
            "text": ""
        }, 
        {
            "segmentNumber": "89", 
            "he": [], 
            "links": [], 
            "text": ""
        }
    ], 
    "commentaryBook": "Shabbat", 
    "heRef": "תוספות על שבת קמ״ה ב", 
    "toSections": [
        "145b"
    ], 
    "sectionRef": "Tosafot on Shabbat 145b", 
    "title": "Tosafot on Shabbat 145b", 
    "lengths": [
        312, 
        17165
    ], 
    "next": "Tosafot on Shabbat 146a:11", 
    "heBook": "תוספות על שבת", 
    "book": "Tosafot on Shabbat", 
    "prev": "Tosafot on Shabbat 145a:44", 
    "textDepth": 3, 
    "sectionNames": [
        "Daf", 
        "Line", 
        "Comment"
    ], 
    "sections": [
        "145b"
    ], 
    "commentator": "Tosafot", 
    "isComplex": false, 
    "commentaryCategories": [
        "Talmud", 
        "Bavli", 
        "Seder Moed"
    ], 
    "titleVariants": [
        "Tosafot on Talmud Shabbat", 
        "Tosafot on Tractate Shabbat", 
        "Tosafot on Shabbat", 
        "Tosafot on Masekhet Shabbat", 
        "Tosafot on Shabbos", 
        "Tosafot on Shabbath"
    ], 
    "categories": [
        "Commentary", 
        "Talmud", 
        "Tosafot"
    ], 
    "ref": "Tosafot on Shabbat 145b", 
    "type": "Commentary", 
    "addressTypes": [
        "Talmud", 
        "Integer", 
        "Integer"
    ], 
    "heCommentator": "תוספות", 
    "length": 312, 
    "indexTitle": "Tosafot on Shabbat", 
    "heIndexTitle": "תוספות על שבת", 
    "alts": [], 
    "order": [
        2, 
        1
    ]
}