{
    "content": [
        {
            "segmentNumber": "1", 
            "links": [
                {
                    "category": "Commentary", 
                    "index_title": "Tosafot on Bava Metzia", 
                    "sourceHeRef": "תוספות על בבא מציעא ס״ט א:ז׳:א׳", 
                    "sourceRef": "Tosafot on Bava Metzia 69a:7:1"
                }, 
                {
                    "category": "Talmud", 
                    "index_title": "Bava Metzia", 
                    "sourceHeRef": "בבא מציעא ס״ט א:ז׳", 
                    "sourceRef": "Bava Metzia 69a:7"
                }
            ], 
            "he": "בתוס' <b>בד\"ה אלא שיטה כו'   או ריש עגלא לפטומי וא\"ל דלמא ריש עגלא וכו'.  </b> למזון וכו' [ורשב\"ג לא איירי רק מעמלו כמ\"ש תוס' לעיל בד\"ה ורשב\"ג]: "
        }, 
        {
            "segmentNumber": "2", 
            "he": "בא\"ד <b>דהא ר\"י בר\"י אמר וכו'  .  </b> וע\"כ בשיטה אחד אמרו ואי דוקא בסייח עם אמו לא יהיו בשיטה אחד והא דקאמר סייח עם אמו וכו' גללים וכו' היינו אפילו היכא דנהגו ליתן שכר כתף ועיין: "
        }, 
        {
            "segmentNumber": "3", 
            "links": [
                {
                    "category": "Commentary", 
                    "index_title": "Tosafot on Bava Metzia", 
                    "sourceHeRef": "תוספות על בבא מציעא ס״ט א:ז׳:א׳", 
                    "sourceRef": "Tosafot on Bava Metzia 69a:7:1"
                }, 
                {
                    "category": "Talmud", 
                    "index_title": "Bava Metzia", 
                    "sourceHeRef": "בבא מציעא ס״ט א:ז׳", 
                    "sourceRef": "Bava Metzia 69a:7"
                }
            ], 
            "he": "בא\"ד <b>אפילו בבהמות גדולים.  </b> צ\"ע והא לא נפיש טרחא בבהמות גדולים דהא האם א\"צ שכר עמל [רק למזונו עושה ואוכלת] וכפירש\"י בסמוך אינו דומה טיפול כו' אבל טיפול השניה קלה וכן לעיל ולפום ריהטא נראה להגיה קטנים ועיין. וגפ\"ת זו לא עיינתיו שפיר ועיין במהר\"ש שהעיר איזה דברים ברש\"י ותוס':  "
        }
    ], 
    "heTitle": "מהר\"ם שיף על בבא מציעא ס״ט א", 
    "indexTitle": "Maharam Shif on Bava Metzia", 
    "sectionRef": "Maharam Shif on Bava Metzia 69a", 
    "prev": "Maharam Shif on Bava Metzia 67b", 
    "ref": "Maharam Shif on Bava Metzia 69a", 
    "heRef": "מהר\"ם שיף על בבא מציעא ס״ט א", 
    "next": "Maharam Shif on Bava Metzia 69b"
}