{
    "heTitleVariants": [
        "מצודת דוד על חגי"
    ], 
    "heTitle": "מצודת דוד על חגי", 
    "commentaryBook": "Haggai", 
    "heRef": "מצודת דוד על חגי א׳", 
    "toSections": [
        1
    ], 
    "sectionRef": "Metzudat David on Haggai 1", 
    "title": "Metzudat David on Haggai 1", 
    "lengths": [
        2, 
        38
    ], 
    "next": "Metzudat David on Haggai 2:1", 
    "content": [
        {
            "segmentNumber": "1", 
            "he": [
                "<b>בשנת שתים לדריוש .</b> הוא דריוש בן אחשורוש שנתן רשות לבנות הבית אחר שבטלו מהבנין בימי כורש כמ''ש בעזרא : ", 
                "<b>בן שאלתיאל .</b> בן פדיה בן שאלתיאל היה כמ''ש בדברי הימים ובני בנים הם כבנים :\n"
            ], 
            "links": [
                {
                    "category": "Tanach", 
                    "sourceHeRef": "חגי א׳:א׳", 
                    "sourceRef": "Haggai 1:1", 
                    "ref": "Haggai 1:1"
                }, 
                {
                    "category": "Tanach", 
                    "sourceHeRef": "חגי א׳:א׳", 
                    "sourceRef": "Haggai 1:1", 
                    "ref": "Haggai 1:1"
                }
            ], 
            "text": ""
        }, 
        {
            "segmentNumber": "2", 
            "he": [
                "<b>לא עת בוא .</b> ר''ל הם אומרי' עדיין לא בא העת לבנות הבית הנה לא כן הוא כי עתה בא עת בית ה' להיות נבנה כי כבר נשלמו ע' שנה שאמר ירמיה וכמ''ש בסוף מ''ב בחשבון שנות הדורות :\n"
            ], 
            "links": [
                {
                    "category": "Tanach", 
                    "sourceHeRef": "חגי א׳:ב׳", 
                    "sourceRef": "Haggai 1:2", 
                    "ref": "Haggai 1:2"
                }
            ], 
            "text": ""
        }, 
        {
            "segmentNumber": "3", 
            "he": [], 
            "links": [], 
            "text": ""
        }, 
        {
            "segmentNumber": "4", 
            "he": [
                "<b>העת לכם .</b> וכי רק לבד לכם בא העת שאתם תשבו בבתיכם הספונים ומכוסין בתקרות והבית הזה ישאר חרב כשהיה בתמיה :\n"
            ], 
            "links": [
                {
                    "category": "Tanach", 
                    "sourceHeRef": "חגי א׳:ד׳", 
                    "sourceRef": "Haggai 1:4", 
                    "ref": "Haggai 1:4"
                }
            ], 
            "text": ""
        }, 
        {
            "segmentNumber": "5", 
            "he": [
                "<b>שימו לבבכם .</b> התבוננו על עסקיכם ותראו שלא כן הוא :\n"
            ], 
            "links": [
                {
                    "category": "Tanach", 
                    "sourceHeRef": "חגי א׳:ה׳", 
                    "sourceRef": "Haggai 1:5", 
                    "ref": "Haggai 1:5"
                }
            ], 
            "text": ""
        }, 
        {
            "segmentNumber": "6", 
            "he": [
                "<b>זרעתם הרבה .</b> הנה הרבה זרעתם ומעט הבאתם אל הבית פחות ממה שזרעתם כי לא צמחה השדה : ", 
                "<b>אכול .</b> אתם אוכלים מאכל ואין בו לשבעה כי המארה נשתלחה במעיים : ", 
                "<b>ואין לשכרה .</b> אינו כדאי לשכר כי חלף טעם היין : ", 
                "<b>לבוש .</b> ר''ל הנה לבשתם לבוש ואינו כדאי להחם לו ואע''פ שמדרך העולם היה ראוי לחמם : ", 
                "<b>והמשתכר .</b> ומי שהוא משתכר במקח וממכר וכדומה הנה אין בו ברכה וכאלו משימו בצרור בגד הנקוב מתחת וכמו שיכנס כן יצא :\n"
            ], 
            "links": [
                {
                    "category": "Tanach", 
                    "sourceHeRef": "חגי א׳:ו׳", 
                    "sourceRef": "Haggai 1:6", 
                    "ref": "Haggai 1:6"
                }, 
                {
                    "category": "Tanach", 
                    "sourceHeRef": "חגי א׳:ו׳", 
                    "sourceRef": "Haggai 1:6", 
                    "ref": "Haggai 1:6"
                }, 
                {
                    "category": "Tanach", 
                    "sourceHeRef": "חגי א׳:ו׳", 
                    "sourceRef": "Haggai 1:6", 
                    "ref": "Haggai 1:6"
                }, 
                {
                    "category": "Tanach", 
                    "sourceHeRef": "חגי א׳:ו׳", 
                    "sourceRef": "Haggai 1:6", 
                    "ref": "Haggai 1:6"
                }, 
                {
                    "category": "Tanach", 
                    "sourceHeRef": "חגי א׳:ו׳", 
                    "sourceRef": "Haggai 1:6", 
                    "ref": "Haggai 1:6"
                }
            ], 
            "text": ""
        }, 
        {
            "segmentNumber": "7", 
            "he": [
                "<b>שימו לבבכם וגו' .</b> ר''ל התבוננו על עסקיכם לתקנם :\n"
            ], 
            "links": [
                {
                    "category": "Tanach", 
                    "sourceHeRef": "חגי א׳:ז׳", 
                    "sourceRef": "Haggai 1:7", 
                    "ref": "Haggai 1:7"
                }
            ], 
            "text": ""
        }, 
        {
            "segmentNumber": "8", 
            "he": [
                "<b>עלו ההר .</b> ר''ל זאת עשו עלו אל ההר והביאו משם עצים ובנו הבית : ", 
                "<b>וארצה בו .</b> ר''ל עם כי יהיה קטן אהיה מרוצה בו ואתכבד על ידו :\n"
            ], 
            "links": [
                {
                    "category": "Tanach", 
                    "sourceHeRef": "חגי א׳:ח׳", 
                    "sourceRef": "Haggai 1:8", 
                    "ref": "Haggai 1:8"
                }, 
                {
                    "category": "Tanach", 
                    "sourceHeRef": "חגי א׳:ח׳", 
                    "sourceRef": "Haggai 1:8", 
                    "ref": "Haggai 1:8"
                }
            ], 
            "text": ""
        }, 
        {
            "segmentNumber": "9", 
            "he": [
                "<b>פנה אל הרבה .</b> ר''ל אם לא תשמעו לי הנה כאשר תפנו אל הרבה להביא הבית אשלח בו מארה והנה היה הפנים למפרע אל מעט וכאשר תביאו המעט הזה אל הבית אנפח בו ותהיה כלה בנשיבת רוח פי והוא ענין מליצה : ", 
                "<b>יען מה .</b> כאומר ואם תשאלו בעבור מה יהיה כן הנה מאמר ה' צבאות להשיב לכם שזהו בעבור ביתי אשר הוא חרב ואתם כל אחד מכם רץ לביתו לחסות בצל קורתו :\n"
            ], 
            "links": [
                {
                    "category": "Tanach", 
                    "sourceHeRef": "חגי א׳:ט׳", 
                    "sourceRef": "Haggai 1:9", 
                    "ref": "Haggai 1:9"
                }, 
                {
                    "category": "Tanach", 
                    "sourceHeRef": "חגי א׳:ט׳", 
                    "sourceRef": "Haggai 1:9", 
                    "ref": "Haggai 1:9"
                }
            ], 
            "text": ""
        }, 
        {
            "segmentNumber": "10", 
            "he": [
                "<b>עליכם כלאו שמים מטל .</b> עם כי אין הטל נעצר משאר המקומות הנה עליכם מנעו השמים מלהוריד הטל : ", 
                "<b>כלאה יבולה .</b> מנעה לתת פריה :\n"
            ], 
            "links": [
                {
                    "category": "Tanach", 
                    "sourceHeRef": "חגי א׳:י׳", 
                    "sourceRef": "Haggai 1:10", 
                    "ref": "Haggai 1:10"
                }, 
                {
                    "category": "Tanach", 
                    "sourceHeRef": "חגי א׳:י׳", 
                    "sourceRef": "Haggai 1:10", 
                    "ref": "Haggai 1:10"
                }
            ], 
            "text": ""
        }, 
        {
            "segmentNumber": "11", 
            "he": [
                "<b>ואקרא .</b> אביא בגזירה יובש על הארץ וכו' למען יכמש ויתקלקל יבול הארץ : ", 
                "<b>ועל אשר תוציא האדמה .</b> מיתר המינים : ", 
                "<b>ועל האדם ועל הבהמה .</b> כי החורב והיבש מוליד חליים באדם ובבהמה : ", 
                "<b>ועל כל יגיע כפים .</b> על כל העסקים שאתם יגעים בהם אשלח חורב ויובש ר''ל המארה תבוא בהם ולא תצליחו :\n"
            ], 
            "links": [
                {
                    "category": "Tanach", 
                    "sourceHeRef": "חגי א׳:י״א", 
                    "sourceRef": "Haggai 1:11", 
                    "ref": "Haggai 1:11"
                }, 
                {
                    "category": "Tanach", 
                    "sourceHeRef": "חגי א׳:י״א", 
                    "sourceRef": "Haggai 1:11", 
                    "ref": "Haggai 1:11"
                }, 
                {
                    "category": "Tanach", 
                    "sourceHeRef": "חגי א׳:י״א", 
                    "sourceRef": "Haggai 1:11", 
                    "ref": "Haggai 1:11"
                }, 
                {
                    "category": "Tanach", 
                    "sourceHeRef": "חגי א׳:י״א", 
                    "sourceRef": "Haggai 1:11", 
                    "ref": "Haggai 1:11"
                }
            ], 
            "text": ""
        }, 
        {
            "segmentNumber": "12", 
            "he": [
                "<b>ועל דברי חגי הנביא .</b> ואל דברי חגי הנביא:\n"
            ], 
            "links": [
                {
                    "category": "Tanach", 
                    "sourceHeRef": "חגי א׳:י״ב", 
                    "sourceRef": "Haggai 1:12", 
                    "ref": "Haggai 1:12"
                }
            ], 
            "text": ""
        }, 
        {
            "segmentNumber": "13", 
            "he": [], 
            "links": [], 
            "text": ""
        }, 
        {
            "segmentNumber": "14", 
            "he": [], 
            "links": [], 
            "text": ""
        }, 
        {
            "segmentNumber": "15", 
            "he": [
                "<b>ביום וגו' </b> מוסב למקרא שלמעלה לומר ההתחלה היה ביום עשרים וארבעה לחדש כי אז התחילו להכין את המצטרך אל הבנין אבל בבנין התחילו בכ''ד לחדש התשיעי כמ''ש בסוף הספר : ", 
                "<b>בששי .</b> ר''ל בחדש הששי :\n\n"
            ], 
            "links": [
                {
                    "category": "Tanach", 
                    "sourceHeRef": "חגי א׳:ט״ו", 
                    "sourceRef": "Haggai 1:15", 
                    "ref": "Haggai 1:15"
                }, 
                {
                    "category": "Tanach", 
                    "sourceHeRef": "חגי א׳:ט״ו", 
                    "sourceRef": "Haggai 1:15", 
                    "ref": "Haggai 1:15"
                }
            ], 
            "text": ""
        }
    ], 
    "book": "Metzudat David on Haggai", 
    "prev": null, 
    "textDepth": 3, 
    "sectionNames": [
        "Chapter", 
        "Verse", 
        "Comment"
    ], 
    "sections": [
        1
    ], 
    "commentator": "Metzudat David", 
    "isComplex": false, 
    "commentaryCategories": [
        "Tanach", 
        "Prophets"
    ], 
    "titleVariants": [
        "Metzudat David on Chaggai", 
        "Metzudat David on Hag.", 
        "Metzudat David on Hag", 
        "Metzudat David on Haggai"
    ], 
    "categories": [
        "Commentary", 
        "Tanach", 
        "Metzudat David"
    ], 
    "ref": "Metzudat David on Haggai 1", 
    "type": "Commentary", 
    "addressTypes": [
        "Integer", 
        "Integer", 
        "Integer"
    ], 
    "heCommentator": "מצודת דוד", 
    "length": 2, 
    "indexTitle": "Metzudat David on Haggai", 
    "heIndexTitle": "מצודת דוד על חגי", 
    "alts": [], 
    "order": [
        24, 
        19
    ]
}