{
    "sections": {
        "Kessef Mishneh on Mishneh Torah, Sabbath 21:9": {
            "content": [], 
            "heTitle": "כסף משנה על משנה תורה, הלכות שבת", 
            "indexTitle": "Kessef Mishneh on Mishneh Torah, Sabbath", 
            "sectionRef": "Kessef Mishneh on Mishneh Torah, Sabbath 21:9", 
            "prev": "Kessef Mishneh on Mishneh Torah, Sabbath 21:6", 
            "ref": "Kessef Mishneh on Mishneh Torah, Sabbath 21:9", 
            "heRef": "כסף משנה על משנה תורה, הלכות שבת כ״א:ט׳", 
            "next": "Kessef Mishneh on Mishneh Torah, Sabbath 21:10"
        }, 
        "Kessef Mishneh on Mishneh Torah, Sabbath 21:8": {
            "content": [], 
            "heTitle": "כסף משנה על משנה תורה, הלכות שבת", 
            "indexTitle": "Kessef Mishneh on Mishneh Torah, Sabbath", 
            "sectionRef": "Kessef Mishneh on Mishneh Torah, Sabbath 21:8", 
            "prev": "Kessef Mishneh on Mishneh Torah, Sabbath 21:6", 
            "ref": "Kessef Mishneh on Mishneh Torah, Sabbath 21:8", 
            "heRef": "כסף משנה על משנה תורה, הלכות שבת כ״א:ח׳", 
            "next": "Kessef Mishneh on Mishneh Torah, Sabbath 21:10"
        }, 
        "Kessef Mishneh on Mishneh Torah, Sabbath 21:5": {
            "content": [], 
            "heTitle": "כסף משנה על משנה תורה, הלכות שבת", 
            "indexTitle": "Kessef Mishneh on Mishneh Torah, Sabbath", 
            "sectionRef": "Kessef Mishneh on Mishneh Torah, Sabbath 21:5", 
            "prev": "Kessef Mishneh on Mishneh Torah, Sabbath 20:31", 
            "ref": "Kessef Mishneh on Mishneh Torah, Sabbath 21:5", 
            "heRef": "כסף משנה על משנה תורה, הלכות שבת כ״א:ה׳", 
            "next": "Kessef Mishneh on Mishneh Torah, Sabbath 21:6"
        }, 
        "Kessef Mishneh on Mishneh Torah, Sabbath 21:4": {
            "content": [], 
            "heTitle": "כסף משנה על משנה תורה, הלכות שבת", 
            "indexTitle": "Kessef Mishneh on Mishneh Torah, Sabbath", 
            "sectionRef": "Kessef Mishneh on Mishneh Torah, Sabbath 21:4", 
            "prev": "Kessef Mishneh on Mishneh Torah, Sabbath 20:31", 
            "ref": "Kessef Mishneh on Mishneh Torah, Sabbath 21:4", 
            "heRef": "כסף משנה על משנה תורה, הלכות שבת כ״א:ד׳", 
            "next": "Kessef Mishneh on Mishneh Torah, Sabbath 21:6"
        }, 
        "Kessef Mishneh on Mishneh Torah, Sabbath 21:7": {
            "content": [], 
            "heTitle": "כסף משנה על משנה תורה, הלכות שבת", 
            "indexTitle": "Kessef Mishneh on Mishneh Torah, Sabbath", 
            "sectionRef": "Kessef Mishneh on Mishneh Torah, Sabbath 21:7", 
            "prev": "Kessef Mishneh on Mishneh Torah, Sabbath 21:6", 
            "ref": "Kessef Mishneh on Mishneh Torah, Sabbath 21:7", 
            "heRef": "כסף משנה על משנה תורה, הלכות שבת כ״א:ז׳", 
            "next": "Kessef Mishneh on Mishneh Torah, Sabbath 21:10"
        }, 
        "Kessef Mishneh on Mishneh Torah, Sabbath 21:6": {
            "content": [
                {
                    "segmentNumber": "1", 
                    "links": [
                        {
                            "category": "Talmud", 
                            "index_title": "Shabbat", 
                            "sourceHeRef": "שבת מ״א א", 
                            "sourceRef": "Shabbat 41a"
                        }, 
                        {
                            "category": "Halakhah", 
                            "index_title": "Mishneh Torah, Sabbath", 
                            "sourceHeRef": "משנה תורה, הלכות שבת כ״א:ו׳", 
                            "sourceRef": "Mishneh Torah, Sabbath 21:6"
                        }
                    ], 
                    "he": "<b><small>(ה-ו)</small> אמבטי של מרחץ שהיא מלאה מים חמין וכו'.</b> בפרק כירה (שבת דף מ''א) תנן מיחם שפינהו לא יתן לתוכו צונן בשביל שיחמו אבל נותן הוא לתוכו או לתוך הכוס כדי להפשירן ובגמרא מאי קאמר אמר אביי ה''ק המיחם שפינהו ויש בו מים חמין לא יתן לתוכו מים מועטים בשביל שיחמו אבל נותן לתוכו מים מרובים כדי להפשירן ומיחם שפינה ממנו מים לא יתן לתוכו מים כל עיקר מפני שמצרף ור' יהודה היא דאמר דבר שאין מתכוין אסור ת''ר נותן אדם חמין לתוך צונן ולא צונן לתוך חמין דברי ב''ש ב''ה אומרים בין חמין לתוך צונן בין צונן לתוך חמין מותר בד''א בכוס אבל באמבטי חמין לתוך צונן ולא צונן לתוך חמין ור''ש בן מנסיא אוסר א''ר נחמן הלכה כר''ש בן מנסיא סבר רב יוסף למימר ספל הרי הוא כאמבטי א''ל אביי תני ר' חייא ספל אינו כאמבטי ולמאי דסליק אדעתין מעיקרא דספל הרי הוא כאמבטי ואמר ר''נ הלכה כר''ש בן מנסיא אלא בשבת רחיצה בחמים ליכא מי סברת ר''ש אסיפא קאי ארישא קאי וב''ה מתירין בין חמין לתוך צונן ובין צונן לתוך חמין ור''ש אוסר צונן לתוך חמין לימא ר''ש בן מנסיא דאמר כב''ש ה''ק לא נחלקו ב''ש וב''ה בדבר זה א''ר הונא בריה דרב יהושע חזינא לרבא דלא קפיד אמיא מדתני ר' חייא מערה אדם קיתון לתוך ספל של מים בין חמין לתוך צונן בין צונן לתוך חמין. ופרש''י חמין לתוך צונן דקא סבר תתאה גבר ואין המים מרתיחין את הצונן אלא מפשירין. ולא צונן לתוך חמין שהתחתונים מרתיחין את העליונים דתתאה גבר. בכוס דלשתיה בעי להו ולא ניחא ליה שיוחמו ועוד דכלי שני הוא אוסר אפילו חמין לתוך צונן. ספל הרי הוא כאמבטי ואע''ג דכלי שני הוא הואיל ולאו לשתיה אלא לרחיצה אסירי דניחא ליה שיוחמו הרבה וגזרינן. מי סברת ר''ש אסיפא קאי דלא שרי ת''ק אלא חמין לתוך צונן ואתא איהו ואסר אף חמין לתוך צונן. ארישא קאי לשתיה וצונן לתוך חמין דשרו ב''ה אסר. וכתב הרי''ף ומסקנא דשמעתין דהלכה כב''ה דקאמר א''ר הונא בריה דרב יהושע חזינא לאבא דלא קפיד מדתני ר''ח וכו' ואעפ''י שיש חולקים על הרי''ף ופוסקים כר''ש בן מנסיא דפסק ר''נ כוותיה כבר נתן הרא''ש טעם לשבח לסברת הרי''ף וכן דעת רבינו. וכך פירוש דבריו אמבטי של מרחץ שהיא מלאה מים חמין אין נותנים לה מים צונן אבל נותן הוא ממים שבזה האמבטי לתוך אמבטי אחר של צונן כדברי ב''ה: \n"
                }, 
                {
                    "segmentNumber": "2", 
                    "links": [
                        {
                            "category": "Halakhah", 
                            "index_title": "Mishneh Torah, Sabbath", 
                            "sourceHeRef": "משנה תורה, הלכות שבת כ״א:ו׳", 
                            "sourceRef": "Mishneh Torah, Sabbath 21:6"
                        }
                    ], 
                    "he": "<b>ומ''ש מיחם שפינה ממנו מים חמין וכו'</b> היינו מתניתין שכתבתי בסמוך וכדאוקמה אביי דה''ק ומיחם שפינה ממנו מים לא יתן לתוכו כל עיקר מפני שמצרף ור' יהודה היא דאמר דבר שאין מתכוין אסור אבל לר''ש דקי''ל כוותיה שרי. \n"
                }, 
                {
                    "segmentNumber": "3", 
                    "links": [
                        {
                            "category": "Halakhah", 
                            "index_title": "Mishneh Torah, Sabbath", 
                            "sourceHeRef": "משנה תורה, הלכות שבת כ״א:ו׳", 
                            "sourceRef": "Mishneh Torah, Sabbath 21:6"
                        }
                    ], 
                    "he": "<b>ומ''ש ומותר לצוק מים חמין לתוך מים צונן וכו' והוא שלא יהיו בכלי ראשון</b> הוא כב''ה דשרי בין חמין לתוך צונן בין צונן לתוך חמין בכוס שהוא כלי שני. ויש לתמוה היאך סתם וכתב והוא שלא יהיו בכלי ראשון דהא במיחם שרי אפילו צונן לתוך חמין והוא שיהיו הצונן מרובים כדאוקי אביי מתניתין דהכא קאמר מיחם שפינהו ויש בו מים חמין לא יתן לתוכו מים מועטים בשביל שיחמו אבל נותן לתוכו מים מרובים כדי להפשירן. ולפיכך נ''ל דרבינו סבר דלא נקטינן כאביי אלא כאוקימתא קמייתא דרב אדא דאוקי מתניתין דה''ק מיחם שפינה מים חמין לא יתן לתוכו מים מועטים כדי שיחמו אבל נותן לתוכו מים מרובים כדי להפשירן ואע''ג דמצרף לית לן בה דמתניתין מני ר''ש היא דאמר דבר שאין מתכוין מותר דכיון דמוקי מתניתין אליבא דהלכתא עדיף טפי מאוקימתא דאביי דאוקמה כר' יהודה דלא קיי''ל כוותיה ומאי דאתקיף אביי לרב אדא מידי מיחם שפינה ממנו מים קתני מיחם שפינהו קתני אינו כדאי לדחות אוקימתיה דכמה משניות מוקמינן להו בענין יותר רחוק מזה ואביי נמי לאו למדחייה אתא אלא לתרוצי שפיר טפי לישנא דמתניתין דבדוקא קתני שפינהו דהיינו שפינהו למיחם עצמו ומדקתני מיחם שפינהו ולא קתני מיחם שפינה ממנו מים אלמא בשפינה ממנו מים לעולם אסור ומש''ה איצטריך לאוקמי מתניתין כר''י אע''ג דלא קי''ל כוותיה הילכך לאוקמי מתני' דמאי פינהו שפינה ממנו כדאוקי רב אדא דהוי אליבא דהלכתא עדיף טפי ועוד דהא רב דאמר ל''ש אלא שיעור להפשיר אבל שיעור לצרף אסור ע''כ כרב אדא משמע ליה וכדפירש''י ושמואל דאמר אפילו שיעור לצרף מסתמא לא פליג ארב באוקמתא דמתניתין ואע''ג שבפירוש המשנה כתב רבינו כאוקמתא דאביי כבר מצינו בהרבה מקומות בחיבור שחזר ממ''ש בפירוש המשנה ועוד שאפילו נאמר שפירוש המשנה כאוקמתא דאביי כיון דאתיא דלא כר''ש לית הלכתא כוותה. והשתא לפי דבריו פה לא נצטרך לומר דהאי אמבטי הוי כלי שני ולא הוי כאידך אמבטי דאיתא בההוא פרקא דקאמר בקשתי להניח פך באמבטי כדברי התוס' וגם לא נצטרך לחלק בין אמבטי שהוא כלי ראשון לשאר כלי ראשון כדברי הר''ן דאמבטי ודאי כלי ראשון ודין כל כלי ראשון שוה לו דלא שרי אלא חמין לתוך צונן ולא צונן לתוך חמין דמתניתין דמיחם שפינהו לא בפינהו מיירי כלומר ועדיין יש בו מים חמין דכל כה''ג אסור לתת לתוכו צונן כלל דהיינו אמבטי אלא בשפינה ממנו מים מיירי ולאשמועינן דאע''ג דמצרף לית לן \n"
                }, 
                {
                    "segmentNumber": "4", 
                    "links": [
                        {
                            "category": "Halakhah", 
                            "index_title": "Mishneh Torah, Sabbath", 
                            "sourceHeRef": "משנה תורה, הלכות שבת כ״א:ו׳", 
                            "sourceRef": "Mishneh Torah, Sabbath 21:6"
                        }
                    ], 
                    "he": "<b>בה ומ''ש רבינו אמבטי של מרחץ</b> נ''ל לפי זה דלאו דוקא של מרחץ אלא משום דברייתא תני אמבטי נקט אמבטי אבל הוא הדין לכל כלי ראשון וזהו שכתב אח''כ ומותר לצוק מים חמין לתוך מים צונן או צונן לתוך החמין והוא שלא יהיו בכלי ראשון מפני שהוא מחממן הרבה הרי דבכל כלי ראשון אסור ואפילו אינו עשוי לרחיצה כאמבטי שהרי הפסיק בין דין דאמבטי לדין זה דמיחם שפינה ממנו מים חמין ואין לומר שמה שכתב והוא שלא יהיו בכלי ראשון בנותן צונן מועטין לתוך חמין מרובין דוקא אבל צונן מרובין אה''נ דשרי אפילו בכלי ראשון ולא הוצרך רבינו לכתבו משום דדבר פשוט הוא דמ''מ ה''ל לכתבו כדי לאשמועינן דלא גזרינן ביה ועוד כיון דמתני' אתיא לאשמועינן הא מילתא אליבא דאביי לא ה''ל להשמיטו. ומיהו אפשר שסמך על מ''ש והוא שלא יהיו בכלי ראשון מפני שהוא מחממן הרבה דמשמע דבצונן מועטין מיירי שהן מתחממין הרבה אבל בצונן מרובין שרי. ודבר ברור הוא שמ''ש והוא שלא יהיו בכלי ראשון לא קאי אלא אצונן לתוך חמין אבל חמין לתוך צונן בכלי ראשון נמי שרי. והרב המגיד כתב מיחם שפינה ממנו מים שם אוקמתא על המשנה ואע''פ שנדחית ראיה זו שם הדין דין אמת הוא עכ''ל. נראה מדבריו שתופס דברי רב אדא לדחויים וא''כ למה לו לומר שאע''פ שנדחו דבריו הדין דין אמת הוא תיפוק ליה משום דלאביי נמי דאמר דמתניתין אסרה הא אמר דהיינו לר' יהודה אבל לר''ש דקי''ל כוותיה מישרי שרי ועוד אי ס''ל לרבינו כאביי למה השמיט דין מיחם שפינהו מעל האור שמותר לתת לתוכו מים אלא ודאי כמ''ש עיקר. עוד כתב הרב המגיד גבי אמבטי של מרחץ והטעם שאסור לתת צונן לתוך חמין שבו מפני שהמים שבו עומדים לרחיצה ואדם מחממן הרבה וזהו שכתב רבינו אמבטי של מרחץ עכ''ל. ולפי דבריו בשאר כלי ראשון דלאו לרחיצה מותר ליתן צונן לתוך חמין לרבינו. וקשה שהרי כתב אח''כ מיחם שפינה ממנו מים חמין וכו' ומותר לצוק מים חמין לתוך מים צונן או צונן לתוך חמין והוא שלא יהיו בכלי ראשון משמע דבכל כלי ראשון אסור אע''ג דלאו לרחיצה הילכך כמו שכתבתי עיקר. ומ''ש רבינו אמבטי של מרחץ שהיא מלאה מים חמין, נראה דמלאה דנקט אורחא דמילתא נקט ולאו דוקא דכיון דטעמא מפני שהוא כלי ראשון אפילו אינה מלאה נמי: \n\n"
                }
            ], 
            "heTitle": "כסף משנה על משנה תורה, הלכות שבת", 
            "indexTitle": "Kessef Mishneh on Mishneh Torah, Sabbath", 
            "sectionRef": "Kessef Mishneh on Mishneh Torah, Sabbath 21:6", 
            "prev": "Kessef Mishneh on Mishneh Torah, Sabbath 20:31", 
            "ref": "Kessef Mishneh on Mishneh Torah, Sabbath 21:6", 
            "heRef": "כסף משנה על משנה תורה, הלכות שבת כ״א:ו׳", 
            "next": "Kessef Mishneh on Mishneh Torah, Sabbath 21:10"
        }, 
        "Kessef Mishneh on Mishneh Torah, Sabbath 21:1": {
            "content": [], 
            "heTitle": "כסף משנה על משנה תורה, הלכות שבת", 
            "indexTitle": "Kessef Mishneh on Mishneh Torah, Sabbath", 
            "sectionRef": "Kessef Mishneh on Mishneh Torah, Sabbath 21:1", 
            "prev": "Kessef Mishneh on Mishneh Torah, Sabbath 20:31", 
            "ref": "Kessef Mishneh on Mishneh Torah, Sabbath 21:1", 
            "heRef": "כסף משנה על משנה תורה, הלכות שבת כ״א:א׳", 
            "next": "Kessef Mishneh on Mishneh Torah, Sabbath 21:6"
        }, 
        "Kessef Mishneh on Mishneh Torah, Sabbath 21:3": {
            "content": [], 
            "heTitle": "כסף משנה על משנה תורה, הלכות שבת", 
            "indexTitle": "Kessef Mishneh on Mishneh Torah, Sabbath", 
            "sectionRef": "Kessef Mishneh on Mishneh Torah, Sabbath 21:3", 
            "prev": "Kessef Mishneh on Mishneh Torah, Sabbath 20:31", 
            "ref": "Kessef Mishneh on Mishneh Torah, Sabbath 21:3", 
            "heRef": "כסף משנה על משנה תורה, הלכות שבת כ״א:ג׳", 
            "next": "Kessef Mishneh on Mishneh Torah, Sabbath 21:6"
        }, 
        "Kessef Mishneh on Mishneh Torah, Sabbath 21:2": {
            "content": [], 
            "heTitle": "כסף משנה על משנה תורה, הלכות שבת", 
            "indexTitle": "Kessef Mishneh on Mishneh Torah, Sabbath", 
            "sectionRef": "Kessef Mishneh on Mishneh Torah, Sabbath 21:2", 
            "prev": "Kessef Mishneh on Mishneh Torah, Sabbath 20:31", 
            "ref": "Kessef Mishneh on Mishneh Torah, Sabbath 21:2", 
            "heRef": "כסף משנה על משנה תורה, הלכות שבת כ״א:ב׳", 
            "next": "Kessef Mishneh on Mishneh Torah, Sabbath 21:6"
        }, 
        "Kessef Mishneh on Mishneh Torah, Sabbath 21:20": {
            "content": [], 
            "heTitle": "כסף משנה על משנה תורה, הלכות שבת", 
            "indexTitle": "Kessef Mishneh on Mishneh Torah, Sabbath", 
            "sectionRef": "Kessef Mishneh on Mishneh Torah, Sabbath 21:20", 
            "prev": "Kessef Mishneh on Mishneh Torah, Sabbath 21:12", 
            "ref": "Kessef Mishneh on Mishneh Torah, Sabbath 21:20", 
            "heRef": "כסף משנה על משנה תורה, הלכות שבת כ״א:כ׳", 
            "next": "Kessef Mishneh on Mishneh Torah, Sabbath 21:21"
        }, 
        "Kessef Mishneh on Mishneh Torah, Sabbath 21:19": {
            "content": [], 
            "heTitle": "כסף משנה על משנה תורה, הלכות שבת", 
            "indexTitle": "Kessef Mishneh on Mishneh Torah, Sabbath", 
            "sectionRef": "Kessef Mishneh on Mishneh Torah, Sabbath 21:19", 
            "prev": "Kessef Mishneh on Mishneh Torah, Sabbath 21:12", 
            "ref": "Kessef Mishneh on Mishneh Torah, Sabbath 21:19", 
            "heRef": "כסף משנה על משנה תורה, הלכות שבת כ״א:י״ט", 
            "next": "Kessef Mishneh on Mishneh Torah, Sabbath 21:21"
        }, 
        "Kessef Mishneh on Mishneh Torah, Sabbath 21:18": {
            "content": [], 
            "heTitle": "כסף משנה על משנה תורה, הלכות שבת", 
            "indexTitle": "Kessef Mishneh on Mishneh Torah, Sabbath", 
            "sectionRef": "Kessef Mishneh on Mishneh Torah, Sabbath 21:18", 
            "prev": "Kessef Mishneh on Mishneh Torah, Sabbath 21:12", 
            "ref": "Kessef Mishneh on Mishneh Torah, Sabbath 21:18", 
            "heRef": "כסף משנה על משנה תורה, הלכות שבת כ״א:י״ח", 
            "next": "Kessef Mishneh on Mishneh Torah, Sabbath 21:21"
        }, 
        "Kessef Mishneh on Mishneh Torah, Sabbath 21:21": {
            "content": [
                {
                    "segmentNumber": "1", 
                    "links": [
                        {
                            "category": "Halakhah", 
                            "index_title": "Mishneh Torah, Sabbath", 
                            "sourceHeRef": "משנה תורה, הלכות שבת כ״א:כ״א", 
                            "sourceRef": "Mishneh Torah, Sabbath 21:21"
                        }
                    ], 
                    "he": "<b>שתי מטהרות זו ע''ג זו וכו'.</b> תוספתא דעירובין פ''ח. איכא למידק אמאי לא חייש ברישא שמא יסחוט כיון שהפקק שרוי במים ותו במציעתא אמאי לא חיישינן שמא יסחוט כדחיישינן בסיפא, ונ''ל דברישא שכוונתו להשיק שתי מטהרות אלו כשמחזיר הפקק למקומו אין לחוש שידחוק הפקק בנקב דאדרבה מחזירו בענין שלא ימלא כל הנקב דאם כן תפסוק השקתן והיינו דקתני שהרי דעתו שיצאו המים ובמציעתא אינו פוקק אלא מפני שחושש שמא יצאו מים רבים ויצופו על האוכלים ועל הכלים אבל אם יצאו מים מועטים אינו חושש ולפיכך אינו דוחק את הפקק הרבה הילכך לא חיישינן שיסחטנו אבל בסיפא שפקק כדי שירדו המים לבור מקפיד אפילו על מעט מים שלא ילכו חוץ לבור ולפיכך הוא דוחק הפקק וחיישינן שמא יסחטנו כשהוא דוחקו: \n\n"
                }
            ], 
            "heTitle": "כסף משנה על משנה תורה, הלכות שבת", 
            "indexTitle": "Kessef Mishneh on Mishneh Torah, Sabbath", 
            "sectionRef": "Kessef Mishneh on Mishneh Torah, Sabbath 21:21", 
            "prev": "Kessef Mishneh on Mishneh Torah, Sabbath 21:12", 
            "ref": "Kessef Mishneh on Mishneh Torah, Sabbath 21:21", 
            "heRef": "כסף משנה על משנה תורה, הלכות שבת כ״א:כ״א", 
            "next": "Kessef Mishneh on Mishneh Torah, Sabbath 22:4"
        }, 
        "Kessef Mishneh on Mishneh Torah, Sabbath 21:15": {
            "content": [], 
            "heTitle": "כסף משנה על משנה תורה, הלכות שבת", 
            "indexTitle": "Kessef Mishneh on Mishneh Torah, Sabbath", 
            "sectionRef": "Kessef Mishneh on Mishneh Torah, Sabbath 21:15", 
            "prev": "Kessef Mishneh on Mishneh Torah, Sabbath 21:12", 
            "ref": "Kessef Mishneh on Mishneh Torah, Sabbath 21:15", 
            "heRef": "כסף משנה על משנה תורה, הלכות שבת כ״א:ט״ו", 
            "next": "Kessef Mishneh on Mishneh Torah, Sabbath 21:21"
        }, 
        "Kessef Mishneh on Mishneh Torah, Sabbath 21:14": {
            "content": [], 
            "heTitle": "כסף משנה על משנה תורה, הלכות שבת", 
            "indexTitle": "Kessef Mishneh on Mishneh Torah, Sabbath", 
            "sectionRef": "Kessef Mishneh on Mishneh Torah, Sabbath 21:14", 
            "prev": "Kessef Mishneh on Mishneh Torah, Sabbath 21:12", 
            "ref": "Kessef Mishneh on Mishneh Torah, Sabbath 21:14", 
            "heRef": "כסף משנה על משנה תורה, הלכות שבת כ״א:י״ד", 
            "next": "Kessef Mishneh on Mishneh Torah, Sabbath 21:21"
        }, 
        "Kessef Mishneh on Mishneh Torah, Sabbath 21:17": {
            "content": [], 
            "heTitle": "כסף משנה על משנה תורה, הלכות שבת", 
            "indexTitle": "Kessef Mishneh on Mishneh Torah, Sabbath", 
            "sectionRef": "Kessef Mishneh on Mishneh Torah, Sabbath 21:17", 
            "prev": "Kessef Mishneh on Mishneh Torah, Sabbath 21:12", 
            "ref": "Kessef Mishneh on Mishneh Torah, Sabbath 21:17", 
            "heRef": "כסף משנה על משנה תורה, הלכות שבת כ״א:י״ז", 
            "next": "Kessef Mishneh on Mishneh Torah, Sabbath 21:21"
        }, 
        "Kessef Mishneh on Mishneh Torah, Sabbath 21:16": {
            "content": [], 
            "heTitle": "כסף משנה על משנה תורה, הלכות שבת", 
            "indexTitle": "Kessef Mishneh on Mishneh Torah, Sabbath", 
            "sectionRef": "Kessef Mishneh on Mishneh Torah, Sabbath 21:16", 
            "prev": "Kessef Mishneh on Mishneh Torah, Sabbath 21:12", 
            "ref": "Kessef Mishneh on Mishneh Torah, Sabbath 21:16", 
            "heRef": "כסף משנה על משנה תורה, הלכות שבת כ״א:ט״ז", 
            "next": "Kessef Mishneh on Mishneh Torah, Sabbath 21:21"
        }, 
        "Kessef Mishneh on Mishneh Torah, Sabbath 21:11": {
            "content": [], 
            "heTitle": "כסף משנה על משנה תורה, הלכות שבת", 
            "indexTitle": "Kessef Mishneh on Mishneh Torah, Sabbath", 
            "sectionRef": "Kessef Mishneh on Mishneh Torah, Sabbath 21:11", 
            "prev": "Kessef Mishneh on Mishneh Torah, Sabbath 21:10", 
            "ref": "Kessef Mishneh on Mishneh Torah, Sabbath 21:11", 
            "heRef": "כסף משנה על משנה תורה, הלכות שבת כ״א:י״א", 
            "next": "Kessef Mishneh on Mishneh Torah, Sabbath 21:12"
        }, 
        "Kessef Mishneh on Mishneh Torah, Sabbath 21:10": {
            "content": [
                {
                    "segmentNumber": "1", 
                    "links": [
                        {
                            "category": "Halakhah", 
                            "index_title": "Mishneh Torah, Sabbath", 
                            "sourceHeRef": "משנה תורה, הלכות שבת כ״א:י׳", 
                            "sourceRef": "Mishneh Torah, Sabbath 21:10"
                        }
                    ], 
                    "he": "<b>וכן לא יעשה מי מלח עזין וכו' מפני שנראה כעושה מורייס.</b> נראה שטעמו משום דסתם מורייס עבדי ליה לזמן מרובה לכבוש בו דגים ומשום דמיחזי ככובש כבשים אסור ומי מלח עזין דאסרינן אפילו במועטים דאי במרובין דוקא מאי איריא עזין אפילו אינן עזין נמי וכ''כ הר''ן: \n\n"
                }
            ], 
            "heTitle": "כסף משנה על משנה תורה, הלכות שבת", 
            "indexTitle": "Kessef Mishneh on Mishneh Torah, Sabbath", 
            "sectionRef": "Kessef Mishneh on Mishneh Torah, Sabbath 21:10", 
            "prev": "Kessef Mishneh on Mishneh Torah, Sabbath 21:6", 
            "ref": "Kessef Mishneh on Mishneh Torah, Sabbath 21:10", 
            "heRef": "כסף משנה על משנה תורה, הלכות שבת כ״א:י׳", 
            "next": "Kessef Mishneh on Mishneh Torah, Sabbath 21:12"
        }, 
        "Kessef Mishneh on Mishneh Torah, Sabbath 21:13": {
            "content": [], 
            "heTitle": "כסף משנה על משנה תורה, הלכות שבת", 
            "indexTitle": "Kessef Mishneh on Mishneh Torah, Sabbath", 
            "sectionRef": "Kessef Mishneh on Mishneh Torah, Sabbath 21:13", 
            "prev": "Kessef Mishneh on Mishneh Torah, Sabbath 21:12", 
            "ref": "Kessef Mishneh on Mishneh Torah, Sabbath 21:13", 
            "heRef": "כסף משנה על משנה תורה, הלכות שבת כ״א:י״ג", 
            "next": "Kessef Mishneh on Mishneh Torah, Sabbath 21:21"
        }, 
        "Kessef Mishneh on Mishneh Torah, Sabbath 21:12": {
            "content": [
                {
                    "segmentNumber": "1", 
                    "links": [
                        {
                            "category": "Halakhah", 
                            "index_title": "Mishneh Torah, Sabbath", 
                            "sourceHeRef": "משנה תורה, הלכות שבת כ״א:י״ב", 
                            "sourceRef": "Mishneh Torah, Sabbath 21:12"
                        }
                    ], 
                    "he": "<b>חרדל שלשו מערב שבת למחר ממחו בין ביד בין בכלי.</b> מדברי תרומת הדשן נראה דלאו למימרא דלערבו בכף שרי אלא דוקא לנערו בכלי עצמו הוא דשרי ואין זה במשמע דברי רבינו אלא בכף נמי שרי והוא שלא יטרוף בכח: \n\n"
                }
            ], 
            "heTitle": "כסף משנה על משנה תורה, הלכות שבת", 
            "indexTitle": "Kessef Mishneh on Mishneh Torah, Sabbath", 
            "sectionRef": "Kessef Mishneh on Mishneh Torah, Sabbath 21:12", 
            "prev": "Kessef Mishneh on Mishneh Torah, Sabbath 21:10", 
            "ref": "Kessef Mishneh on Mishneh Torah, Sabbath 21:12", 
            "heRef": "כסף משנה על משנה תורה, הלכות שבת כ״א:י״ב", 
            "next": "Kessef Mishneh on Mishneh Torah, Sabbath 21:21"
        }
    }, 
    "ref": "Kessef Mishneh on Mishneh Torah, Sabbath 21"
}