{
    "sections": {
        "Daat Zkenim on Genesis 29:15": {
            "content": [], 
            "heTitle": "דעת זקנים על בראשית", 
            "indexTitle": "Daat Zkenim on Genesis", 
            "sectionRef": "Daat Zkenim on Genesis 29:15", 
            "prev": "Daat Zkenim on Genesis 28:22", 
            "ref": "Daat Zkenim on Genesis 29:15", 
            "heRef": "דעת זקנים על בראשית כ״ט:ט״ו", 
            "next": "Daat Zkenim on Genesis 29:17"
        }, 
        "Daat Zkenim on Genesis 29:14": {
            "content": [], 
            "heTitle": "דעת זקנים על בראשית", 
            "indexTitle": "Daat Zkenim on Genesis", 
            "sectionRef": "Daat Zkenim on Genesis 29:14", 
            "prev": "Daat Zkenim on Genesis 28:22", 
            "ref": "Daat Zkenim on Genesis 29:14", 
            "heRef": "דעת זקנים על בראשית כ״ט:י״ד", 
            "next": "Daat Zkenim on Genesis 29:17"
        }, 
        "Daat Zkenim on Genesis 29:17": {
            "content": [
                {
                    "segmentNumber": "1", 
                    "he": "<b>ועיני לאה רכות. </b>לשון רך וטוב כלומר שהיתה נראית יפה מתוך שהיו עיניה \nיפות ונראית רכה וילדה אבל רחל היתה משובחת ביפיה אלא שהיו עיניה כואבות מן הבכי לפי \nשראתה שתפול לגורלו של עשו לפי שהיתה עקרה ויגרשנה יעקב וישאנה עשו: ", 
                    "links": [
                        {
                            "category": "Tanakh", 
                            "index_title": "Genesis", 
                            "sourceHeRef": "בראשית כ״ט:י״ז", 
                            "sourceRef": "Genesis 29:17"
                        }, 
                        {
                            "category": "Tanakh", 
                            "index_title": "Genesis", 
                            "sourceHeRef": "בראשית י״ח:ז׳", 
                            "sourceRef": "Genesis 18:7"
                        }
                    ], 
                    "text": "ועיני לאה רכות, “Leah’s eyes were soft, so that due to her beautiful eyes she appeared beautiful all over,”[the expression רך appears next to טוב, “good, when” the calf served by Avraham to the angels in Genesis 18,7 is described) in contrast to Rachel, whose body was beautiful, but whose eyes detracted from this as she cried a lot, fearing that her lot would be to be married to Esau after Yaakov would divorce her due to her barrenness. (No source quoted for this unusual interpretation)"
                }
            ], 
            "heTitle": "דעת זקנים על בראשית", 
            "indexTitle": "Daat Zkenim on Genesis", 
            "sectionRef": "Daat Zkenim on Genesis 29:17", 
            "prev": "Daat Zkenim on Genesis 28:22", 
            "ref": "Daat Zkenim on Genesis 29:17", 
            "heRef": "דעת זקנים על בראשית כ״ט:י״ז", 
            "next": "Daat Zkenim on Genesis 29:21"
        }, 
        "Daat Zkenim on Genesis 29:16": {
            "content": [], 
            "heTitle": "דעת זקנים על בראשית", 
            "indexTitle": "Daat Zkenim on Genesis", 
            "sectionRef": "Daat Zkenim on Genesis 29:16", 
            "prev": "Daat Zkenim on Genesis 28:22", 
            "ref": "Daat Zkenim on Genesis 29:16", 
            "heRef": "דעת זקנים על בראשית כ״ט:ט״ז", 
            "next": "Daat Zkenim on Genesis 29:17"
        }, 
        "Daat Zkenim on Genesis 29:11": {
            "content": [], 
            "heTitle": "דעת זקנים על בראשית", 
            "indexTitle": "Daat Zkenim on Genesis", 
            "sectionRef": "Daat Zkenim on Genesis 29:11", 
            "prev": "Daat Zkenim on Genesis 28:22", 
            "ref": "Daat Zkenim on Genesis 29:11", 
            "heRef": "דעת זקנים על בראשית כ״ט:י״א", 
            "next": "Daat Zkenim on Genesis 29:17"
        }, 
        "Daat Zkenim on Genesis 29:10": {
            "content": [], 
            "heTitle": "דעת זקנים על בראשית", 
            "indexTitle": "Daat Zkenim on Genesis", 
            "sectionRef": "Daat Zkenim on Genesis 29:10", 
            "prev": "Daat Zkenim on Genesis 28:22", 
            "ref": "Daat Zkenim on Genesis 29:10", 
            "heRef": "דעת זקנים על בראשית כ״ט:י׳", 
            "next": "Daat Zkenim on Genesis 29:17"
        }, 
        "Daat Zkenim on Genesis 29:13": {
            "content": [], 
            "heTitle": "דעת זקנים על בראשית", 
            "indexTitle": "Daat Zkenim on Genesis", 
            "sectionRef": "Daat Zkenim on Genesis 29:13", 
            "prev": "Daat Zkenim on Genesis 28:22", 
            "ref": "Daat Zkenim on Genesis 29:13", 
            "heRef": "דעת זקנים על בראשית כ״ט:י״ג", 
            "next": "Daat Zkenim on Genesis 29:17"
        }, 
        "Daat Zkenim on Genesis 29:12": {
            "content": [], 
            "heTitle": "דעת זקנים על בראשית", 
            "indexTitle": "Daat Zkenim on Genesis", 
            "sectionRef": "Daat Zkenim on Genesis 29:12", 
            "prev": "Daat Zkenim on Genesis 28:22", 
            "ref": "Daat Zkenim on Genesis 29:12", 
            "heRef": "דעת זקנים על בראשית כ״ט:י״ב", 
            "next": "Daat Zkenim on Genesis 29:17"
        }, 
        "Daat Zkenim on Genesis 29:35": {
            "content": [
                {
                    "segmentNumber": "1", 
                    "he": "<b>הפעם אודה את ה'. </b>ראתה שיהודה הודה על מעשה תמר לכן אמרה אודה את ה': \n", 
                    "links": [
                        {
                            "category": "Tanakh", 
                            "index_title": "Genesis", 
                            "sourceHeRef": "בראשית כ״ט:ל״ה", 
                            "sourceRef": "Genesis 29:35"
                        }, 
                        {
                            "category": "Tanakh", 
                            "index_title": "Genesis", 
                            "sourceHeRef": "בראשית ל״ח:כ״ו", 
                            "sourceRef": "Genesis 38:26"
                        }
                    ], 
                    "text": "'הפעם אודה לה, “this time I give thanks to the Lord;” she foresaw that her son Yehudah would admit having wronged Tamar and embarrassing himself greatly in the process. (Genesis 38,26) She therefore decided to admit that she had been very wrong in deceiving Yaakov by posing as Rachel."
                }
            ], 
            "heTitle": "דעת זקנים על בראשית", 
            "indexTitle": "Daat Zkenim on Genesis", 
            "sectionRef": "Daat Zkenim on Genesis 29:35", 
            "prev": "Daat Zkenim on Genesis 29:25", 
            "ref": "Daat Zkenim on Genesis 29:35", 
            "heRef": "דעת זקנים על בראשית כ״ט:ל״ה", 
            "next": "Daat Zkenim on Genesis 30:8"
        }, 
        "Daat Zkenim on Genesis 29:34": {
            "content": [], 
            "heTitle": "דעת זקנים על בראשית", 
            "indexTitle": "Daat Zkenim on Genesis", 
            "sectionRef": "Daat Zkenim on Genesis 29:34", 
            "prev": "Daat Zkenim on Genesis 29:25", 
            "ref": "Daat Zkenim on Genesis 29:34", 
            "heRef": "דעת זקנים על בראשית כ״ט:ל״ד", 
            "next": "Daat Zkenim on Genesis 29:35"
        }, 
        "Daat Zkenim on Genesis 29:19": {
            "content": [], 
            "heTitle": "דעת זקנים על בראשית", 
            "indexTitle": "Daat Zkenim on Genesis", 
            "sectionRef": "Daat Zkenim on Genesis 29:19", 
            "prev": "Daat Zkenim on Genesis 29:17", 
            "ref": "Daat Zkenim on Genesis 29:19", 
            "heRef": "דעת זקנים על בראשית כ״ט:י״ט", 
            "next": "Daat Zkenim on Genesis 29:21"
        }, 
        "Daat Zkenim on Genesis 29:18": {
            "content": [], 
            "heTitle": "דעת זקנים על בראשית", 
            "indexTitle": "Daat Zkenim on Genesis", 
            "sectionRef": "Daat Zkenim on Genesis 29:18", 
            "prev": "Daat Zkenim on Genesis 29:17", 
            "ref": "Daat Zkenim on Genesis 29:18", 
            "heRef": "דעת זקנים על בראשית כ״ט:י״ח", 
            "next": "Daat Zkenim on Genesis 29:21"
        }, 
        "Daat Zkenim on Genesis 29:31": {
            "content": [], 
            "heTitle": "דעת זקנים על בראשית", 
            "indexTitle": "Daat Zkenim on Genesis", 
            "sectionRef": "Daat Zkenim on Genesis 29:31", 
            "prev": "Daat Zkenim on Genesis 29:25", 
            "ref": "Daat Zkenim on Genesis 29:31", 
            "heRef": "דעת זקנים על בראשית כ״ט:ל״א", 
            "next": "Daat Zkenim on Genesis 29:35"
        }, 
        "Daat Zkenim on Genesis 29:30": {
            "content": [], 
            "heTitle": "דעת זקנים על בראשית", 
            "indexTitle": "Daat Zkenim on Genesis", 
            "sectionRef": "Daat Zkenim on Genesis 29:30", 
            "prev": "Daat Zkenim on Genesis 29:25", 
            "ref": "Daat Zkenim on Genesis 29:30", 
            "heRef": "דעת זקנים על בראשית כ״ט:ל׳", 
            "next": "Daat Zkenim on Genesis 29:35"
        }, 
        "Daat Zkenim on Genesis 29:33": {
            "content": [], 
            "heTitle": "דעת זקנים על בראשית", 
            "indexTitle": "Daat Zkenim on Genesis", 
            "sectionRef": "Daat Zkenim on Genesis 29:33", 
            "prev": "Daat Zkenim on Genesis 29:25", 
            "ref": "Daat Zkenim on Genesis 29:33", 
            "heRef": "דעת זקנים על בראשית כ״ט:ל״ג", 
            "next": "Daat Zkenim on Genesis 29:35"
        }, 
        "Daat Zkenim on Genesis 29:32": {
            "content": [], 
            "heTitle": "דעת זקנים על בראשית", 
            "indexTitle": "Daat Zkenim on Genesis", 
            "sectionRef": "Daat Zkenim on Genesis 29:32", 
            "prev": "Daat Zkenim on Genesis 29:25", 
            "ref": "Daat Zkenim on Genesis 29:32", 
            "heRef": "דעת זקנים על בראשית כ״ט:ל״ב", 
            "next": "Daat Zkenim on Genesis 29:35"
        }, 
        "Daat Zkenim on Genesis 29:9": {
            "content": [], 
            "heTitle": "דעת זקנים על בראשית", 
            "indexTitle": "Daat Zkenim on Genesis", 
            "sectionRef": "Daat Zkenim on Genesis 29:9", 
            "prev": "Daat Zkenim on Genesis 28:22", 
            "ref": "Daat Zkenim on Genesis 29:9", 
            "heRef": "דעת זקנים על בראשית כ״ט:ט׳", 
            "next": "Daat Zkenim on Genesis 29:17"
        }, 
        "Daat Zkenim on Genesis 29:8": {
            "content": [], 
            "heTitle": "דעת זקנים על בראשית", 
            "indexTitle": "Daat Zkenim on Genesis", 
            "sectionRef": "Daat Zkenim on Genesis 29:8", 
            "prev": "Daat Zkenim on Genesis 28:22", 
            "ref": "Daat Zkenim on Genesis 29:8", 
            "heRef": "דעת זקנים על בראשית כ״ט:ח׳", 
            "next": "Daat Zkenim on Genesis 29:17"
        }, 
        "Daat Zkenim on Genesis 29:1": {
            "content": [], 
            "heTitle": "דעת זקנים על בראשית", 
            "indexTitle": "Daat Zkenim on Genesis", 
            "sectionRef": "Daat Zkenim on Genesis 29:1", 
            "prev": "Daat Zkenim on Genesis 28:22", 
            "ref": "Daat Zkenim on Genesis 29:1", 
            "heRef": "דעת זקנים על בראשית כ״ט:א׳", 
            "next": "Daat Zkenim on Genesis 29:17"
        }, 
        "Daat Zkenim on Genesis 29:3": {
            "content": [], 
            "heTitle": "דעת זקנים על בראשית", 
            "indexTitle": "Daat Zkenim on Genesis", 
            "sectionRef": "Daat Zkenim on Genesis 29:3", 
            "prev": "Daat Zkenim on Genesis 28:22", 
            "ref": "Daat Zkenim on Genesis 29:3", 
            "heRef": "דעת זקנים על בראשית כ״ט:ג׳", 
            "next": "Daat Zkenim on Genesis 29:17"
        }, 
        "Daat Zkenim on Genesis 29:2": {
            "content": [], 
            "heTitle": "דעת זקנים על בראשית", 
            "indexTitle": "Daat Zkenim on Genesis", 
            "sectionRef": "Daat Zkenim on Genesis 29:2", 
            "prev": "Daat Zkenim on Genesis 28:22", 
            "ref": "Daat Zkenim on Genesis 29:2", 
            "heRef": "דעת זקנים על בראשית כ״ט:ב׳", 
            "next": "Daat Zkenim on Genesis 29:17"
        }, 
        "Daat Zkenim on Genesis 29:5": {
            "content": [], 
            "heTitle": "דעת זקנים על בראשית", 
            "indexTitle": "Daat Zkenim on Genesis", 
            "sectionRef": "Daat Zkenim on Genesis 29:5", 
            "prev": "Daat Zkenim on Genesis 28:22", 
            "ref": "Daat Zkenim on Genesis 29:5", 
            "heRef": "דעת זקנים על בראשית כ״ט:ה׳", 
            "next": "Daat Zkenim on Genesis 29:17"
        }, 
        "Daat Zkenim on Genesis 29:4": {
            "content": [], 
            "heTitle": "דעת זקנים על בראשית", 
            "indexTitle": "Daat Zkenim on Genesis", 
            "sectionRef": "Daat Zkenim on Genesis 29:4", 
            "prev": "Daat Zkenim on Genesis 28:22", 
            "ref": "Daat Zkenim on Genesis 29:4", 
            "heRef": "דעת זקנים על בראשית כ״ט:ד׳", 
            "next": "Daat Zkenim on Genesis 29:17"
        }, 
        "Daat Zkenim on Genesis 29:7": {
            "content": [], 
            "heTitle": "דעת זקנים על בראשית", 
            "indexTitle": "Daat Zkenim on Genesis", 
            "sectionRef": "Daat Zkenim on Genesis 29:7", 
            "prev": "Daat Zkenim on Genesis 28:22", 
            "ref": "Daat Zkenim on Genesis 29:7", 
            "heRef": "דעת זקנים על בראשית כ״ט:ז׳", 
            "next": "Daat Zkenim on Genesis 29:17"
        }, 
        "Daat Zkenim on Genesis 29:6": {
            "content": [], 
            "heTitle": "דעת זקנים על בראשית", 
            "indexTitle": "Daat Zkenim on Genesis", 
            "sectionRef": "Daat Zkenim on Genesis 29:6", 
            "prev": "Daat Zkenim on Genesis 28:22", 
            "ref": "Daat Zkenim on Genesis 29:6", 
            "heRef": "דעת זקנים על בראשית כ״ט:ו׳", 
            "next": "Daat Zkenim on Genesis 29:17"
        }, 
        "Daat Zkenim on Genesis 29:28": {
            "content": [], 
            "heTitle": "דעת זקנים על בראשית", 
            "indexTitle": "Daat Zkenim on Genesis", 
            "sectionRef": "Daat Zkenim on Genesis 29:28", 
            "prev": "Daat Zkenim on Genesis 29:25", 
            "ref": "Daat Zkenim on Genesis 29:28", 
            "heRef": "דעת זקנים על בראשית כ״ט:כ״ח", 
            "next": "Daat Zkenim on Genesis 29:35"
        }, 
        "Daat Zkenim on Genesis 29:29": {
            "content": [], 
            "heTitle": "דעת זקנים על בראשית", 
            "indexTitle": "Daat Zkenim on Genesis", 
            "sectionRef": "Daat Zkenim on Genesis 29:29", 
            "prev": "Daat Zkenim on Genesis 29:25", 
            "ref": "Daat Zkenim on Genesis 29:29", 
            "heRef": "דעת זקנים על בראשית כ״ט:כ״ט", 
            "next": "Daat Zkenim on Genesis 29:35"
        }, 
        "Daat Zkenim on Genesis 29:24": {
            "content": [
                {
                    "segmentNumber": "1", 
                    "links": [
                        {
                            "category": "Tanakh", 
                            "index_title": "Genesis", 
                            "sourceHeRef": "בראשית כ״ט:כ״ד", 
                            "sourceRef": "Genesis 29:24"
                        }
                    ], 
                    "text": "את זלפה שפחתו, “his servant-maid Zilpah.” Why is Lavan’s daughter called his “servant maid” here? It was customary in those days to refer to the offspring of one’s concubines as “servants,” to distinguish their status from the offspring of one’s wives. (Pirke de Rabbi Eliezer, chapter 36)"
                }
            ], 
            "heTitle": "דעת זקנים על בראשית", 
            "indexTitle": "Daat Zkenim on Genesis", 
            "sectionRef": "Daat Zkenim on Genesis 29:24", 
            "prev": "Daat Zkenim on Genesis 29:22", 
            "ref": "Daat Zkenim on Genesis 29:24", 
            "heRef": "דעת זקנים על בראשית כ״ט:כ״ד", 
            "next": "Daat Zkenim on Genesis 29:25"
        }, 
        "Daat Zkenim on Genesis 29:25": {
            "content": [
                {
                    "segmentNumber": "1", 
                    "he": "<b>ויהי בבקר. </b>שכל הלילה \nהיתה עושה עצמה כרחל מתוך השלשה סימנין שמסרה לה נדה וחלה והדלקת הנר כמו שמסרן יעקב \nלרחל. מדרש כל הלילה היו משוררין אותן הקרואים הא לייא הא לייא ולמחר כשראה שהיא לאה \nאמר בודאי זהו שהיו משוררין הא לייא שהיו מרמזין לי שהיא לאה ואמר לה רמאיתא בת רמאי \nבלילה קראתי לך רחל וענית לי השתא קרינא לך לאה ועני' לי אמרה ליה גבר דלית ליה תלמידוי \nאבוך קרי לך עשו וענית ליה קרא לך יעקב וענית ליה. כלומר ממך למדתי זה הרמאות ואבוך ענה בך \nשאמר בא אחיך במרמה ומתוך הדברים התחיל יעקב לשנאתה הה\"ד וירא ה' כי שנואה לאה: \n", 
                    "links": [
                        {
                            "category": "Tanakh", 
                            "index_title": "Genesis", 
                            "sourceHeRef": "בראשית כ״ט:כ״ה", 
                            "sourceRef": "Genesis 29:25"
                        }
                    ], 
                    "text": "ויהי בבוקר, “when it had become morning, etc.” during the entire night Leah had pretended to be Rachel, using three different items to identify herself as her sister, which Rachel had received from Yaakov, one had to do with the laws of menstruation, the second one with the laws of challah, and the third one with the lighting of candles on Friday night. We are told the following in B’reshit Rabbah 70,19: all night long people were singing what sounded like the praises of Leah, sort of hinting to Yaakov that he was being swindled. Yaakov, who had no reason to fear that the town’s people wished him ill, did not suspect being tricked when Leah always answered when he addressed her as Rachel. In the morning when he found out that he had been tricked by Leah, and he complained to her, she responded that she had learned from him to do this, as when Yitzchok had asked him if he was his firstborn son Esau, he had answered in the affirmative. This is when Yaakov began to hate her as is reported in verse 31, where G’d is reported as taking note of that. Yitzchok himself had told Esau that his brother had tricked him.\n"
                }
            ], 
            "heTitle": "דעת זקנים על בראשית", 
            "indexTitle": "Daat Zkenim on Genesis", 
            "sectionRef": "Daat Zkenim on Genesis 29:25", 
            "prev": "Daat Zkenim on Genesis 29:24", 
            "ref": "Daat Zkenim on Genesis 29:25", 
            "heRef": "דעת זקנים על בראשית כ״ט:כ״ה", 
            "next": "Daat Zkenim on Genesis 29:35"
        }, 
        "Daat Zkenim on Genesis 29:26": {
            "content": [], 
            "heTitle": "דעת זקנים על בראשית", 
            "indexTitle": "Daat Zkenim on Genesis", 
            "sectionRef": "Daat Zkenim on Genesis 29:26", 
            "prev": "Daat Zkenim on Genesis 29:25", 
            "ref": "Daat Zkenim on Genesis 29:26", 
            "heRef": "דעת זקנים על בראשית כ״ט:כ״ו", 
            "next": "Daat Zkenim on Genesis 29:35"
        }, 
        "Daat Zkenim on Genesis 29:27": {
            "content": [], 
            "heTitle": "דעת זקנים על בראשית", 
            "indexTitle": "Daat Zkenim on Genesis", 
            "sectionRef": "Daat Zkenim on Genesis 29:27", 
            "prev": "Daat Zkenim on Genesis 29:25", 
            "ref": "Daat Zkenim on Genesis 29:27", 
            "heRef": "דעת זקנים על בראשית כ״ט:כ״ז", 
            "next": "Daat Zkenim on Genesis 29:35"
        }, 
        "Daat Zkenim on Genesis 29:20": {
            "content": [], 
            "heTitle": "דעת זקנים על בראשית", 
            "indexTitle": "Daat Zkenim on Genesis", 
            "sectionRef": "Daat Zkenim on Genesis 29:20", 
            "prev": "Daat Zkenim on Genesis 29:17", 
            "ref": "Daat Zkenim on Genesis 29:20", 
            "heRef": "דעת זקנים על בראשית כ״ט:כ׳", 
            "next": "Daat Zkenim on Genesis 29:21"
        }, 
        "Daat Zkenim on Genesis 29:21": {
            "content": [
                {
                    "segmentNumber": "1", 
                    "he": "<b>כי מלאו ימי. \n</b>כמנין מלאו שנים היו לי כשבאתי אצלך כי בן ס\"ג היה כשנתברך וי\"ד נטמן הרי ע\"ז שנים כמנין \nמלאו: ", 
                    "links": [
                        {
                            "category": "Tanakh", 
                            "index_title": "Genesis", 
                            "sourceHeRef": "בראשית כ״ט:כ״א", 
                            "sourceRef": "Genesis 29:21"
                        }
                    ], 
                    "text": "כי מלאו ימי, “for my days have been completed;” Yaakov means that the number of years since he came to live with him have been completed. Fourteen years have elapsed since he received his father’s blessing when he had been sixty three years old, during which he had been hiding, so that he had been 77 years old when he came to Lavan. The numerical value of the letters in the word מלאו totals 76. [If I understand the author correctly, he means that Yaakov was not telling Lavan the obvious, as he knew that Lavan could count seven years. He hinted to Lavan that seeing he was by now 84 years old it was high time that he married and started a family. Ed.]"
                }
            ], 
            "heTitle": "דעת זקנים על בראשית", 
            "indexTitle": "Daat Zkenim on Genesis", 
            "sectionRef": "Daat Zkenim on Genesis 29:21", 
            "prev": "Daat Zkenim on Genesis 29:17", 
            "ref": "Daat Zkenim on Genesis 29:21", 
            "heRef": "דעת זקנים על בראשית כ״ט:כ״א", 
            "next": "Daat Zkenim on Genesis 29:22"
        }, 
        "Daat Zkenim on Genesis 29:22": {
            "content": [
                {
                    "segmentNumber": "1", 
                    "he": "<b>ויאסוף לבן. </b>לבן רמאי היה ועל כן נקרא לבן הרמאי ונתכוין לשכר את יעקב ביין כדי \nלרמותו ולא יבחין בין רחל ללאה ותדע שהרי ברחל לא עשה משתה: ", 
                    "links": [
                        {
                            "category": "Tanakh", 
                            "index_title": "Genesis", 
                            "sourceHeRef": "בראשית כ״ט:כ״ב", 
                            "sourceRef": "Genesis 29:22"
                        }
                    ], 
                    "text": "ויאסוף לבן....ויעש משתה, Lavan assembled the people from Charan and arranged a feast. Lavan was a swindler, and that is why he is always referred to by our sages as “Lavan the swindler.” He planned to make Yaakov drunk in order to deceive him so that he could not tell the difference between Rachel and Leah. If we needed proof for this interpretation, we only need to look at when he gave Rachel to Yaakov a week later, when he did not spend a penny on making a celebration."
                }
            ], 
            "heTitle": "דעת זקנים על בראשית", 
            "indexTitle": "Daat Zkenim on Genesis", 
            "sectionRef": "Daat Zkenim on Genesis 29:22", 
            "prev": "Daat Zkenim on Genesis 29:21", 
            "ref": "Daat Zkenim on Genesis 29:22", 
            "heRef": "דעת זקנים על בראשית כ״ט:כ״ב", 
            "next": "Daat Zkenim on Genesis 29:24"
        }, 
        "Daat Zkenim on Genesis 29:23": {
            "content": [], 
            "heTitle": "דעת זקנים על בראשית", 
            "indexTitle": "Daat Zkenim on Genesis", 
            "sectionRef": "Daat Zkenim on Genesis 29:23", 
            "prev": "Daat Zkenim on Genesis 29:22", 
            "ref": "Daat Zkenim on Genesis 29:23", 
            "heRef": "דעת זקנים על בראשית כ״ט:כ״ג", 
            "next": "Daat Zkenim on Genesis 29:24"
        }
    }, 
    "ref": "Daat Zkenim on Genesis 29"
}