{
    "heTitleVariants": [
        "רש\"י על מכות"
    ], 
    "heTitle": "רש\"י על מכות כ׳ א", 
    "content": [
        {
            "segmentNumber": "1", 
            "he": [
                "לוקה אחת - דלא הוציאה מידי טבל בקריאת שם זה וקאכיל מעשר ראשון הטבול לתרומת מעשר וקעבר אלאו דטבל אבל איסור תרומה דקאכיל ליכא דהא כהן הוא ונהי אי הוה אמר תרומת מעשר באמצעיתה הוי מצי אכיל כולה ולא לקי מידי דהוה תרומת מעשר לכהן והוא כהן ואמעשר ראשון ואמעשר שני לא לקי דהא אף לזרים שרי: "
            ], 
            "links": [
                {
                    "category": "Talmud", 
                    "sourceHeRef": "מכות כ׳ א:א׳", 
                    "index_title": "Makkot", 
                    "sourceRef": "Makkot 20a:1"
                }
            ], 
            "text": ""
        }, 
        {
            "segmentNumber": "2", 
            "he": [], 
            "links": [], 
            "text": ""
        }, 
        {
            "segmentNumber": "3", 
            "he": [], 
            "links": [], 
            "text": ""
        }, 
        {
            "segmentNumber": "4", 
            "he": [
                "הכי גרסינן טעמא דמעשר שני בירושלים ומעשר עני בגבולין הא מעשר שני בגבולין לוקה שלש:"
            ], 
            "links": [
                {
                    "category": "Talmud", 
                    "sourceHeRef": "מכות כ׳ א:ד׳", 
                    "index_title": "Makkot", 
                    "sourceRef": "Makkot 20a:4"
                }
            ], 
            "text": ""
        }, 
        {
            "segmentNumber": "5", 
            "he": [
                "דעייליה - לירושלים וקרא עליה שם והדר אפקיה חוץ דחזא מעשר שני פני החומה הלכך לוקה שלש:"
            ], 
            "links": [
                {
                    "category": "Talmud", 
                    "sourceHeRef": "מכות כ׳ א:ה׳", 
                    "index_title": "Makkot", 
                    "sourceRef": "Makkot 20a:5"
                }
            ], 
            "text": ""
        }, 
        {
            "segmentNumber": "6", 
            "he": [
                "אי הני מאי למימרא - דבשלמא אי אמרת מעשר שני בגבולין לוקה שלש אע\"ג דלא חזא פני החומה אשמועינן טובא דחייבין עליו אע\"פ שלא ראה פני חומה ואיצטריך למיתניה משום דיוקא דידה הא בגבולין אלא אי אמרת בדעייליה ואפקיה מאי למימרא לא היא איצטריכא ולאו דיוקא דידה דהא פשיטא דאפילו כהן לוקה על הטבל וזר. על התרומה ועל מעשר שני חוץ לחומה:"
            ], 
            "links": [
                {
                    "category": "Talmud", 
                    "sourceHeRef": "מכות כ׳ א:ו׳", 
                    "index_title": "Makkot", 
                    "sourceRef": "Makkot 20a:6"
                }
            ], 
            "text": ""
        }, 
        {
            "segmentNumber": "7", 
            "he": [
                "דעיילה בטיבלה - לההיא תאנה בירושלים דקלטוהו מחיצות למעשר שני העתיד ליתרם ממנה:"
            ], 
            "links": [
                {
                    "category": "Talmud", 
                    "sourceHeRef": "מכות כ׳ א:ז׳", 
                    "index_title": "Makkot", 
                    "sourceRef": "Makkot 20a:7"
                }
            ], 
            "text": ""
        }, 
        {
            "segmentNumber": "8", 
            "he": [
                "וקסבר מתנות שלא הורמו כמי שהורמו דמיין - ודמי כמאן דעייל מעשר שני בעיניה דהוה ליה ראה פני החומה והלכך כי אפקה לוקה עליו וכגון דאפקה נמי בטיבלה:"
            ], 
            "links": [
                {
                    "category": "Talmud", 
                    "sourceHeRef": "מכות כ׳ א:ח׳", 
                    "index_title": "Makkot", 
                    "sourceRef": "Makkot 20a:8"
                }
            ], 
            "text": ""
        }, 
        {
            "segmentNumber": "9", 
            "he": [], 
            "links": [], 
            "text": ""
        }, 
        {
            "segmentNumber": "10", 
            "he": [], 
            "links": [], 
            "text": ""
        }, 
        {
            "segmentNumber": "11", 
            "he": [
                "שנגמרה מלאכתן - למעשר כדמפרש בזרעים (מעשרות פ\"א מ\"ה) מאימתי גמר מלאכתן למעשר בחיטין משימרח הכרי בדילועין משיפקסו כו':"
            ], 
            "links": [
                {
                    "category": "Talmud", 
                    "sourceHeRef": "מכות כ׳ א:י״א", 
                    "index_title": "Makkot", 
                    "sourceRef": "Makkot 20a:11"
                }, 
                {
                    "category": "Mishnah", 
                    "sourceHeRef": "משנה מעשרות א׳:ה׳", 
                    "index_title": "Mishnah Maasrot", 
                    "sourceRef": "Mishnah Maasrot 1:5"
                }
            ], 
            "text": ""
        }, 
        {
            "segmentNumber": "12", 
            "he": [], 
            "links": [], 
            "text": ""
        }, 
        {
            "segmentNumber": "13", 
            "he": [
                "יחזיר מעשר שני ויאכל בירושלים - דקסברי בית שמאי כמי שהורמו דמיין:"
            ], 
            "links": [
                {
                    "category": "Talmud", 
                    "sourceHeRef": "מכות כ׳ א:י״ג", 
                    "index_title": "Makkot", 
                    "sourceRef": "Makkot 20a:13"
                }
            ], 
            "text": ""
        }, 
        {
            "segmentNumber": "14", 
            "he": [
                "יפדה ויאכל בכל מקום - מדמתני רבי יוסי אליבא דבית הלל יפדה ש\"מ דהכי סבירא ליה דבית שמאי במקום בית הלל אינה משנה ומדקאמר יפדה ש\"מ דמתנות שלא הורמו לאו כמי שהורמו דמיין ולא ראה פני החומה ויש לו פדייה ואי ס\"ד כו':"
            ], 
            "links": [
                {
                    "category": "Talmud", 
                    "sourceHeRef": "מכות כ׳ א:י״ד", 
                    "index_title": "Makkot", 
                    "sourceRef": "Makkot 20a:14"
                }
            ], 
            "text": ""
        }, 
        {
            "segmentNumber": "15", 
            "he": [], 
            "links": [], 
            "text": ""
        }, 
        {
            "segmentNumber": "16", 
            "he": [], 
            "links": [], 
            "text": ""
        }, 
        {
            "segmentNumber": "17", 
            "he": [], 
            "links": [], 
            "text": ""
        }, 
        {
            "segmentNumber": "18", 
            "he": [], 
            "links": [], 
            "text": ""
        }, 
        {
            "segmentNumber": "19", 
            "he": [
                "רבינא אמר - הא דדייקינן לעיל הא בגבולין לוקה שלש וקא בעית מאי למימרא איצטריך כגון דנקיט ליה בקניא וקא משמע לן דכמאן דראה פני החומה דמי ולוקה משום לא תוכל אי הדר ארחקיה ואכליה ותפשוט מינה בעיא דרב פפא דבעא לעיל:"
            ], 
            "links": [
                {
                    "category": "Talmud", 
                    "sourceHeRef": "מכות כ׳ א:י״ט", 
                    "index_title": "Makkot", 
                    "sourceRef": "Makkot 20a:19"
                }
            ], 
            "text": ""
        }, 
        {
            "segmentNumber": "20", 
            "he": [], 
            "links": [], 
            "text": ""
        }, 
        {
            "segmentNumber": "21", 
            "he": [
                "מתני' הקורח קרחה בראשו - על המת כדמפרש בגמרא:", 
                "והמקיף פאת ראשו - משום דבעי למימר הי נינהו פאתי ראשו נקיט ליה:"
            ], 
            "links": [
                {
                    "category": "Talmud", 
                    "sourceHeRef": "מכות כ׳ א:כ״א", 
                    "index_title": "Makkot", 
                    "sourceRef": "Makkot 20a:21"
                }, 
                {
                    "category": "Talmud", 
                    "sourceHeRef": "מכות כ׳ א:כ״א", 
                    "index_title": "Makkot", 
                    "sourceRef": "Makkot 20a:21"
                }
            ], 
            "text": ""
        }, 
        {
            "segmentNumber": "22", 
            "he": [
                "שרט - עושה חבורה בעצמו משום צער מתו:", 
                "שריטה אחת על ה' מתים או ה' שריטות על מת אחד - בגמרא מרבי ליה דחייב על כל אחת ואחת:", 
                "שריטה אחת על ה' מתים או ה' שריטות על מת אחד - בגמרא מרבי ליה דחייב על כל אחת ואחת: ", 
                "חייב על הראש - על הקפת הראש חייב שתי מלקיות דשתי פאות יש לו לראש שהראש כשתי חתיכות מקום השיער חתיכה אחת ומקום הפנים והזקן חתיכה אחת ומתחברות זו עם זו בצד האוזן מלפניו מקום שלועזין טנפל\"א ושם נקרא פאה ששם סוף הראש מקום חיבור הפרקים ונמצא שיש לו שתי פאות צידעא מכאן וצידעא מכאן וחייב עליהן שתים אפילו נטלן בבת אחת בשתי ידיו ואע\"ג דחד התראה קא מתרה ליה אל תקיף דזיל הכא פאה איכא וזיל הכא פאה איכא כדאמר לקמן גבי קרחה וגבי שריטה דמייתינן דחייב על כל קרחה וקרחה ועל כל שרט ושרט ונהי דהכא לא צריך לאתויי מקרא דמסתמא כי היכי דאמרינן ושרט לחייב על כל שרט ושרט ה\"נ אמרינן פאת לחייב על כל פאה ופאה דהא לאו מיתורא דקרא שמעינן ליה כולי האי. כ\"ש וגימגום כדאמרינן לקמן דסכינהו לחמש אצבעתיה נשא דאע\"ג דליכא אלא חדא התראה מחייבינן ליה חמש: "
            ], 
            "links": [
                {
                    "category": "Talmud", 
                    "sourceHeRef": "מכות כ׳ א:כ״ב", 
                    "index_title": "Makkot", 
                    "sourceRef": "Makkot 20a:22"
                }, 
                {
                    "category": "Talmud", 
                    "sourceHeRef": "מכות כ׳ א:כ״ב", 
                    "index_title": "Makkot", 
                    "sourceRef": "Makkot 20a:22"
                }, 
                {
                    "category": "Talmud", 
                    "sourceHeRef": "מכות כ׳ א:כ״ב", 
                    "index_title": "Makkot", 
                    "sourceRef": "Makkot 20a:22"
                }, 
                {
                    "category": "Talmud", 
                    "sourceHeRef": "מכות כ׳ א:כ״ב", 
                    "index_title": "Makkot", 
                    "sourceRef": "Makkot 20a:22"
                }
            ], 
            "text": ""
        }, 
        {
            "segmentNumber": "23", 
            "he": [
                "שתים מכאן - חמש פאות יש לו לזקן אחד למטה מן האוזן מקום שלחי התחתון יוצא ומתפרד שם ושם נקרא פאה בחודו של לחי שבולט לחוץ ששם מתחלת הזקן וכל מה שלמעלה עד הצידעא בכלל פאת הראש היא ושתי השיבולות כל אחד מהן לסוף הלחי ונקרא פאה ואחת מלמטה שיער שבין השיבולת באמצע הסנטר שלועזין מנט\"ן:"
            ], 
            "links": [
                {
                    "category": "Talmud", 
                    "sourceHeRef": "מכות כ׳ א:כ״ג", 
                    "index_title": "Makkot", 
                    "sourceRef": "Makkot 20a:23"
                }
            ], 
            "text": ""
        }, 
        {
            "segmentNumber": "24", 
            "he": [], 
            "links": [], 
            "text": ""
        }, 
        {
            "segmentNumber": "25", 
            "he": [], 
            "links": [], 
            "text": ""
        }, 
        {
            "segmentNumber": "26", 
            "he": [
                "ואינו חייב עד שיטלנו בתער - תנא קמא קאמר לה ורבי אליעזר פליג עליה: "
            ], 
            "links": [
                {
                    "category": "Talmud", 
                    "sourceHeRef": "מכות כ׳ א:כ״ו", 
                    "index_title": "Makkot", 
                    "sourceRef": "Makkot 20a:26"
                }
            ], 
            "text": ""
        }, 
        {
            "segmentNumber": "27", 
            "he": [], 
            "links": [], 
            "text": ""
        }, 
        {
            "segmentNumber": "28", 
            "he": [], 
            "links": [], 
            "text": ""
        }, 
        {
            "segmentNumber": "29", 
            "he": [], 
            "links": [], 
            "text": ""
        }, 
        {
            "segmentNumber": "30", 
            "he": [
                " גמ' הכי גרסינן לא יקרחו קרחה יכול אפילו קרח כו' תלמוד לומר קרחה. דקרא יתירא הוא:"
            ], 
            "links": [
                {
                    "category": "Talmud", 
                    "sourceHeRef": "מכות כ׳ א:ל׳", 
                    "index_title": "Makkot", 
                    "sourceRef": "Makkot 20a:30"
                }
            ], 
            "text": ""
        }, 
        {
            "segmentNumber": "31", 
            "he": [], 
            "links": [], 
            "text": ""
        }, 
        {
            "segmentNumber": "32", 
            "he": [], 
            "links": [], 
            "text": ""
        }, 
        {
            "segmentNumber": "33", 
            "he": [
                "בראשם מה תלמוד לומר - לאו דוקא קאמר ליה דהא ודאי איצטריך משום דהוה אמינא קרחה כל דהו אלא מידרש קא דריש ליה בראשם משמע כל הראש שלפי שאמר כו':"
            ], 
            "links": [
                {
                    "category": "Talmud", 
                    "sourceHeRef": "מכות כ׳ א:ל״ג", 
                    "index_title": "Makkot", 
                    "sourceRef": "Makkot 20a:33"
                }
            ], 
            "text": ""
        }, 
        {
            "segmentNumber": "34", 
            "he": [
                "ולא תתגודדו - בישראל כתיב ולא יקרחו בכהנים:", 
                "בין העינים - בראש סמוך לפדחת:"
            ], 
            "links": [
                {
                    "category": "Talmud", 
                    "sourceHeRef": "מכות כ׳ א:ל״ד", 
                    "index_title": "Makkot", 
                    "sourceRef": "Makkot 20a:34"
                }, 
                {
                    "category": "Talmud", 
                    "sourceHeRef": "מכות כ׳ א:ל״ד", 
                    "index_title": "Makkot", 
                    "sourceRef": "Makkot 20a:34"
                }
            ], 
            "text": ""
        }, 
        {
            "segmentNumber": "35", 
            "he": [], 
            "links": [], 
            "text": ""
        }, 
        {
            "segmentNumber": "36", 
            "he": [
                "ואין לי - דחייב על כל הראש אלא כהנים דההוא בכהנים כתיב:"
            ], 
            "links": [
                {
                    "category": "Talmud", 
                    "sourceHeRef": "מכות כ׳ א:ל״ו", 
                    "index_title": "Makkot", 
                    "sourceRef": "Makkot 20a:36"
                }
            ], 
            "text": ""
        }
    ], 
    "commentaryBook": "Makkot", 
    "heRef": "רש\"י על מכות כ׳ א", 
    "toSections": [
        "20a"
    ], 
    "sectionRef": "Rashi on Makkot 20a", 
    "title": "Rashi on Makkot 20a", 
    "lengths": [
        46, 
        2355
    ], 
    "next": "Rashi on Makkot 20b:1", 
    "heBook": "רש\"י על מכות", 
    "book": "Rashi on Makkot", 
    "prev": "Rashi on Makkot 19b:40", 
    "textDepth": 3, 
    "sectionNames": [
        "Daf", 
        "Line", 
        "Comment"
    ], 
    "sections": [
        "20a"
    ], 
    "commentator": "Rashi", 
    "isComplex": false, 
    "commentaryCategories": [
        "Talmud", 
        "Bavli", 
        "Seder Nezikin"
    ], 
    "titleVariants": [
        "Rashi on Makkot", 
        "Rashi on Masekhet Makkot", 
        "Rashi on Makkos", 
        "Rashi on Tractate Makkot", 
        "Rashi on Tractate Makkos", 
        "Rashi on Talmud Makkos", 
        "Rashi on Talmud Makkot"
    ], 
    "categories": [
        "Commentary", 
        "Talmud", 
        "Rashi"
    ], 
    "ref": "Rashi on Makkot 20a", 
    "type": "Commentary", 
    "addressTypes": [
        "Talmud", 
        "Integer", 
        "Integer"
    ], 
    "heCommentator": "רש\"י", 
    "length": 46, 
    "indexTitle": "Rashi on Makkot", 
    "heIndexTitle": "רש\"י על מכות", 
    "alts": [], 
    "order": [
        24, 
        5
    ]
}