{
    "sections": {
        "Daat Zkenim on Numbers 21:15": {
            "content": [
                {
                    "segmentNumber": "1", 
                    "he": "<b>ואשד הנחלים. \n</b>שפך הנחלים כמו אשדות הפסגה:", 
                    "links": [
                        {
                            "category": "Tanakh", 
                            "index_title": "Numbers", 
                            "sourceHeRef": "במדבר כ״א:ט״ו", 
                            "sourceRef": "Numbers 21:15"
                        }, 
                        {
                            "category": "Tanakh", 
                            "index_title": "Deuteronomy", 
                            "sourceHeRef": "דברים ג׳:י״ז", 
                            "sourceRef": "Deuteronomy 3:17"
                        }
                    ], 
                    "text": "ואשד הנחלים, “as well as its tributary wadis.” We find the word אשד also in Deuteronomy 3,17, i.e. אשדות (in the plural mode)"
                }, 
                {
                    "segmentNumber": "2", 
                    "he": "<b> אשר נטה לשבת ער. </b>כלומר שהיה נוטה בתוך ארצם וישיבת' של \nמואב דער הוא מואב כדכתיב והמואבים היושבים בער והיו כבר יושבים מכאן ומכאן לנחלים ועתה \nנשען הנחל לגבול מואב שאין גבולם עובר הנחל: ", 
                    "links": [
                        {
                            "category": "Tanakh", 
                            "index_title": "Numbers", 
                            "sourceHeRef": "במדבר כ״א:ט״ו", 
                            "sourceRef": "Numbers 21:15"
                        }
                    ], 
                    "text": "אשר נטה לשבת ער, “stretched along settled country.” Seeing that these valleys seemed to overhang territory belonging to Moav, that latter began to settle in it. At any rate, at the time of writing these lines both banks of the river Arnon were populated. [The reason why this is all spelled out become clear when we read about how the Jewish people had been saved by an earthquake turning fatal for the Emorites who had planned an ambush in the clefts of the protruding rocks. [Compare the Midrashim on verses 17-19 of this chapter. Ed]\n"
                }
            ], 
            "heTitle": "דעת זקנים על במדבר", 
            "indexTitle": "Daat Zkenim on Numbers", 
            "sectionRef": "Daat Zkenim on Numbers 21:15", 
            "prev": "Daat Zkenim on Numbers 21:14", 
            "ref": "Daat Zkenim on Numbers 21:15", 
            "heRef": "דעת זקנים על במדבר כ״א:ט״ו", 
            "next": "Daat Zkenim on Numbers 21:16"
        }, 
        "Daat Zkenim on Numbers 21:14": {
            "content": [
                {
                    "segmentNumber": "1", 
                    "he": "<b>על כן. </b>על שנצח סיחון את מואב יאמר בס' מלחמות ה' כמו בדברי הימים שכותבין בו \nמלחמות שבין אומה לאומה והנצוח שהקב\"ה נותן לאומה כנגד חברתה וכתוב בו ענין מלך מואב: ", 
                    "links": [
                        {
                            "category": "Tanakh", 
                            "index_title": "Numbers", 
                            "sourceHeRef": "במדבר כ״א:י״ד", 
                            "sourceRef": "Numbers 21:14"
                        }
                    ], 
                    "text": "על כן, “This is why, etc,” in G’d’s records of nations’ wars these changes of borders are recorded, just as we find such changes mentioned in the Book of Chronicles of the Bible."
                }, 
                {
                    "segmentNumber": "2", 
                    "he": "<b>את \nוהב בסופה. </b>את והב תיבה אחת והיא כמו בהתודע יוסף שמתפרש כמו באתודע והכי נמי את והב \nכמו אתיהב למלך מואב בסופה ובסערה שהיא נצוח שנלקחה ארצו עד הנחל: ", 
                    "links": [
                        {
                            "category": "Tanakh", 
                            "index_title": "Numbers", 
                            "sourceHeRef": "במדבר כ״א:י״ד", 
                            "sourceRef": "Numbers 21:14"
                        }, 
                        {
                            "category": "Tanakh", 
                            "index_title": "Genesis", 
                            "sourceHeRef": "בראשית מ״ה:א׳", 
                            "sourceRef": "Genesis 45:1"
                        }
                    ], 
                    "text": "את והב בסופה, “the word: “vahav, “ is one word, the letter ו at the beginning is not a conjunctive or prefix. It is similar to Genesis 45,1, where Joseph reveals his true identity to his brothers and we read: בהתודע יוסף, “when Joseph revealed himself.” That word should really have been ואתודע. Here too, the correct word should have been אתיהב למלך מואב בסופה וסערה, meaning that the King of Moav had been defeated by Sichon in battle when he lost this part of his land right up to the banks of the river Arnon."
                }
            ], 
            "heTitle": "דעת זקנים על במדבר", 
            "indexTitle": "Daat Zkenim on Numbers", 
            "sectionRef": "Daat Zkenim on Numbers 21:14", 
            "prev": "Daat Zkenim on Numbers 21:13", 
            "ref": "Daat Zkenim on Numbers 21:14", 
            "heRef": "דעת זקנים על במדבר כ״א:י״ד", 
            "next": "Daat Zkenim on Numbers 21:15"
        }, 
        "Daat Zkenim on Numbers 21:17": {
            "content": [
                {
                    "segmentNumber": "1", 
                    "he": "<b>אז ישיר ישראל. </b>אז כשנתן להם הבאר ישיר ישראל מתוך \nשמחה שהיו סבורים למות שם הם ומקניהם בצמא אבל משה לא שר כדפרש\"י: ", 
                    "links": [
                        {
                            "category": "Tanakh", 
                            "index_title": "Numbers", 
                            "sourceHeRef": "במדבר כ״א:י״ז", 
                            "sourceRef": "Numbers 21:17"
                        }
                    ], 
                    "text": "אז ישיר ישראל, At that point Israel broke out in a song of thanksgiving; when the people took possession of this well their hearts were full of gratitude, as they had previously been afraid of if not dying from thirst themselves, their livestock dying due to a shortage of drinking water. According to Rashi, Moses did not join in that song, seeing that according to Onkelos as well as Targum Yonathan ben Uzziel, Moses and Aaron had dug that well. (Compare verse 20)"
                }, 
                {
                    "segmentNumber": "2", 
                    "he": "<b>עלי באר ענו לה. </b>כך \nמשוררים וצועקין ענו לה הרימו קול לה כמו וענו הלוים: ", 
                    "links": [
                        {
                            "category": "Tanakh", 
                            "index_title": "Numbers", 
                            "sourceHeRef": "במדבר כ״א:י״ז", 
                            "sourceRef": "Numbers 21:17"
                        }, 
                        {
                            "category": "Tanakh", 
                            "index_title": "Deuteronomy", 
                            "sourceHeRef": "דברים כ״ז:י״ד", 
                            "sourceRef": "Deuteronomy 27:14"
                        }
                    ], 
                    "text": "עלי באר ענו לה, “arise O well sing unto it” The verb ענה, is used in a similar manner Deuteronomy 27,14: וענו הלויים, “the Levites responded at the top of their voices.”\n"
                }
            ], 
            "heTitle": "דעת זקנים על במדבר", 
            "indexTitle": "Daat Zkenim on Numbers", 
            "sectionRef": "Daat Zkenim on Numbers 21:17", 
            "prev": "Daat Zkenim on Numbers 21:16", 
            "ref": "Daat Zkenim on Numbers 21:17", 
            "heRef": "דעת זקנים על במדבר כ״א:י״ז", 
            "next": "Daat Zkenim on Numbers 21:18"
        }, 
        "Daat Zkenim on Numbers 21:16": {
            "content": [
                {
                    "segmentNumber": "1", 
                    "he": "<b>ומשם בארה. </b>ומאותן נחלים ומנסיעתם היתה \nהבאר נובעת שיוצאה מן הסלע: ", 
                    "links": [
                        {
                            "category": "Tanakh", 
                            "index_title": "Numbers", 
                            "sourceHeRef": "במדבר כ״א:ט״ז", 
                            "sourceRef": "Numbers 21:16"
                        }
                    ], 
                    "text": "ומשם בארה, “and from there to a place called “Be-er.” The well mentioned here appears to have emanated in the place they came to immediately afterwards. It was water gushing out of a rock."
                }
            ], 
            "heTitle": "דעת זקנים על במדבר", 
            "indexTitle": "Daat Zkenim on Numbers", 
            "sectionRef": "Daat Zkenim on Numbers 21:16", 
            "prev": "Daat Zkenim on Numbers 21:15", 
            "ref": "Daat Zkenim on Numbers 21:16", 
            "heRef": "דעת זקנים על במדבר כ״א:ט״ז", 
            "next": "Daat Zkenim on Numbers 21:17"
        }, 
        "Daat Zkenim on Numbers 21:11": {
            "content": [], 
            "heTitle": "דעת זקנים על במדבר", 
            "indexTitle": "Daat Zkenim on Numbers", 
            "sectionRef": "Daat Zkenim on Numbers 21:11", 
            "prev": "Daat Zkenim on Numbers 21:10", 
            "ref": "Daat Zkenim on Numbers 21:11", 
            "heRef": "דעת זקנים על במדבר כ״א:י״א", 
            "next": "Daat Zkenim on Numbers 21:12"
        }, 
        "Daat Zkenim on Numbers 21:10": {
            "content": [
                {
                    "segmentNumber": "1", 
                    "he": "<b>ויחנו באובות. </b>פי' בצלמון ובפונון שבין הר ההר ואובות \nכמו שכתוב באלה מסעי ושם היתה מכת נחשים ומשם באו אחר המכה לאובות: ", 
                    "links": [
                        {
                            "category": "Tanakh", 
                            "index_title": "Numbers", 
                            "sourceHeRef": "במדבר כ״א:י׳", 
                            "sourceRef": "Numbers 21:10"
                        }, 
                        {
                            "category": "Tanakh", 
                            "index_title": "Numbers", 
                            "sourceHeRef": "במדבר ל״ג:מ״ד", 
                            "sourceRef": "Numbers 33:44"
                        }
                    ], 
                    "text": "ויחנו באובות, “they encamped at a place called Ovot. This was located between almost at the border of Moav, as we know from Numbers 33,44. This is where the plague of snakes had occurred."
                }
            ], 
            "heTitle": "דעת זקנים על במדבר", 
            "indexTitle": "Daat Zkenim on Numbers", 
            "sectionRef": "Daat Zkenim on Numbers 21:10", 
            "prev": "Daat Zkenim on Numbers 21:8", 
            "ref": "Daat Zkenim on Numbers 21:10", 
            "heRef": "דעת זקנים על במדבר כ״א:י׳", 
            "next": "Daat Zkenim on Numbers 21:12"
        }, 
        "Daat Zkenim on Numbers 21:13": {
            "content": [
                {
                    "segmentNumber": "1", 
                    "he": "<b>ויחנו מעבר ארנון. </b>ארנון הוא \nשם הנהר וחנו בעבר הנהר לצד ארץ סיחון כי היו מקיפין את ארץ מואב שלא ניתנה להם רשות \nלעבור דרך עריו כי אם בגבוליו כדכתיב וגם אל מלך מואב שלח ולא אבה ובאו ממזרח שמש לארץ \nמואב והניחו ארץ מואב למערב שעברו מעבר לארנון לצד ארץ סיחון: ", 
                    "links": [
                        {
                            "category": "Tanakh", 
                            "index_title": "Numbers", 
                            "sourceHeRef": "במדבר כ״א:י״ג", 
                            "sourceRef": "Numbers 21:13"
                        }, 
                        {
                            "category": "Tanakh", 
                            "index_title": "Judges", 
                            "sourceHeRef": "שופטים י״א:י״ז", 
                            "sourceRef": "Judges 11:17"
                        }
                    ], 
                    "text": "ויחנו מעבר ארנון, “they encamped across the river Arnon. They encamped on the bank that used to belong to King Sichon after having made a detour around the land of Moav. They had not been allowed by G’d to cross the territory belonging to Moav at that time. They were only allowed to straddle its border, without crossing it. (Compare Judges, 11,17) where Yiftach recounts the history of the people’s wanderings. They had approached that spot coming from the east, leaving the land of Moav on their west, bordered by the territory that belonged to King Sichon."
                }, 
                {
                    "segmentNumber": "2", 
                    "he": "<b>כי ארנון גבול מואב בין מואב \nובין האמורי. </b>כלומר שהנהר מפסיק בין שני הגבולים כי מתחל' היתה כל הארץ למלך מואב משני \nצדי הנהר וסיחון לקח כל מה שהיה למלך מואב לצד ארנון ומאותה מלחמ' ואילך הי' הנהר מפסיק \nבין גבול מואב ובין גבול ארץ סיחון מלך האמורי ואותה ארץ שבעבר הירדן הנהר שכבש סיחון מיד \nמואב לקחו ישראל מיד סיחון כמו שאז\"ל עמון ומואב טהרו בסיחון כלומר נטהרו ונכשרו לישראל על \nידי סיחון ואותה נחלה היה שואל מלך עמון מישראל ואו' לא לקח ישראל מארץ מואב כי לא עברו \nארנון: ", 
                    "links": [
                        {
                            "category": "Tanakh", 
                            "index_title": "Numbers", 
                            "sourceHeRef": "במדבר כ״א:י״ג", 
                            "sourceRef": "Numbers 21:13"
                        }
                    ], 
                    "text": "כי ארנון גבול מואב בין מואב ובין האמורי, “for the river Arnon was the border between Moav and the Emorite.” In practice this means that the river separated the borders from one another. Originally, both banks of the river were part of the land of Moav, but Sichon had conquered all the land on the north bank of that river. The Israelites took possession of all the formerly Moabite lands that Sichon had conquered from them. That land was no longer considered out of bounds to them when they came out of Egypt. G’d rearranges nations’ boundaries from time to time, as He sees fit. The respective rulers during such warfare who appear as winners or losers are pawns in His hands.\n"
                }
            ], 
            "heTitle": "דעת זקנים על במדבר", 
            "indexTitle": "Daat Zkenim on Numbers", 
            "sectionRef": "Daat Zkenim on Numbers 21:13", 
            "prev": "Daat Zkenim on Numbers 21:12", 
            "ref": "Daat Zkenim on Numbers 21:13", 
            "heRef": "דעת זקנים על במדבר כ״א:י״ג", 
            "next": "Daat Zkenim on Numbers 21:14"
        }, 
        "Daat Zkenim on Numbers 21:12": {
            "content": [
                {
                    "segmentNumber": "1", 
                    "he": "<b>משם נסעו. </b>פי' \nמעיי העברים ויחנו בנחל זרד ובמסעי כתיב שמעיי העברים באו לדיבון גד וי\"ל דהתם מפרש שם \nהמקומות והכא מפרש שם הנהרות לפי שרוצה לבא אל הבאר: ", 
                    "links": [
                        {
                            "category": "Tanakh", 
                            "index_title": "Numbers", 
                            "sourceHeRef": "במדבר כ״א:י״ב", 
                            "sourceRef": "Numbers 21:12"
                        }, 
                        {
                            "category": "Tanakh", 
                            "index_title": "Numbers", 
                            "sourceHeRef": "במדבר ל״ג:מ״ה", 
                            "sourceRef": "Numbers 33:45"
                        }
                    ], 
                    "text": "משם נסעו, “from there they journeyed onwards;” from the place called iyyey havavarim. The next place they encamped was called nachal zered. In Parshat Massey, that place is referred to as divon Gad (Numbers 33,45. According to some commentators the differences in the names of the encampments is due to their sometimes being referred to according to the brooks of water there, and in others according to the names thy had been known as. They are called here as their sources of water, seeing that was most important to them."
                }
            ], 
            "heTitle": "דעת זקנים על במדבר", 
            "indexTitle": "Daat Zkenim on Numbers", 
            "sectionRef": "Daat Zkenim on Numbers 21:12", 
            "prev": "Daat Zkenim on Numbers 21:10", 
            "ref": "Daat Zkenim on Numbers 21:12", 
            "heRef": "דעת זקנים על במדבר כ״א:י״ב", 
            "next": "Daat Zkenim on Numbers 21:13"
        }, 
        "Daat Zkenim on Numbers 21:34": {
            "content": [
                {
                    "segmentNumber": "1", 
                    "he": "<b>ויאמר ה' אל משה אל תירא אותו. \n</b>פרש\"י לכך הוצרך לו' אל תירא אותו מה שלא הוצרך לו' מסיחון לפי שהיה ירא פן יעמוד לו זכות מה \nשהגיד לאברהם אבינו שנשבה לוט וא\"ת והלא כוונתו לרעה היתה כדי שיהרג אברהם ויקח שרה י\"ל \nכיון דהצלה באה על ידו היה לו לירא כמו שמצינו בפרק חלק בזכות מ\"ב קרבנות שהקריב בלק זכה \nויצאת ממנו רות ואע\"פ שלא נתכוין אלא לרעה לקלל את ישראל ומיהו תימה למ\"ד דעוג נקרא פליט \nעל שנפלט מן המבול דבמס' נדה מסיק דעוג וסיחון אחי הוו וא\"כ [היכן מצינו] שסיחון פלט מן המבול \nדבשלמא עוג מצינו סמך ורמז כדפרשתי בפ' נח בשם ר\"י החסיד וישאר אך נח שעולה בגי' עוג אבל \nלסיחון לא מצינו רמז. ואו' הרב רב יחיאל בר יוסף שעוג נולד קודם המבול ואמו היתה מעוברת \nמסיחון בשנת המבול והלכה ונשאת לאחד מבני נח וכבר היתה מעוברת מאותן בני האלהים אשר \nלקחו מבנות האדם ונולד סיחון בתיבה: ", 
                    "links": [
                        {
                            "category": "Tanakh", 
                            "index_title": "Numbers", 
                            "sourceHeRef": "במדבר כ״א:ל״ד", 
                            "sourceRef": "Numbers 21:34"
                        }, 
                        {
                            "category": "Tanakh", 
                            "index_title": "Genesis", 
                            "sourceHeRef": "בראשית י״ד:י״ג", 
                            "sourceRef": "Genesis 14:13"
                        }, 
                        {
                            "category": "Tanakh", 
                            "index_title": "Genesis", 
                            "sourceHeRef": "בראשית ז׳:כ״ג", 
                            "sourceRef": "Genesis 7:23"
                        }
                    ], 
                    "text": "ויאמר ה' אל משה אל תירא אותו, Hashem said to Moses: “do not be afraid of him!” Rashi explains that there was a reason why G’d had to say this to Moses concerning Og, although He had not said this to him before joining battle with Sichon. Moses was afraid that Og had acquired a great merit by warning Avraham at the time that his nephew Lot had been taken prisoner by a King who had thought that he was Avraham, as he had meant to kill or capture Avraham. Compare Genesis 14,13, and the explanation in the Talmud tractate Niddah folio 61 on that verse. If you were to say that according to that statement in the Talmud, Og had actually meant to kill Avraham so that he could marry Sarah, i.e. hardly an intention qualifying for additional merit, the fact that he was instrumental in saving Avraham at that time and in saving Lot by Avraham coming to his rescue, was enough to make Moses fear him. [After all this Og was at least 500 years old if he had been a somebody already at that time. Ed.] The Talmud in tractate Sanhedrin folio 105 tells us that the 42 burnt offerings offered by Balak to Hashem at the direction of Bileam, was enough for him to be rewarded that Ruth the Moabite became descended from him. Balak had also intended only to cause Israel harm at that time, and nonetheless the sages of the Talmud felt that G’d had to reward him. Some sages understand the fact that Og was described –though indirectly- as a fugitive, in Genesis, this means that he had escaped not Nimrod, but that he had escaped the deluge and had managed to survive it somehow. This would be good reason for Moses to feel that he had G’d’s protection even at his time. He is also supposed to have been a brother of Sichon, giving him good reason to attack Moses who had killed his brother. Our author refers to what he had explained in Parshat Noach in the name of Rabbi Yehudah hachassid who had pointed out that the numerical value of the words אך נח in the line: וישאר אך נח, “only Noach survived,” is identical to the numerical value of the word עוג, i.e. 79. (Genesis 7,23) There is also a statement by Rabi Yechiel bar Yoseph, according to whom Og had been born before the onset of the deluge, his mother having been pregnant with him at the time, and having married one of Noach’s sons, her pregnancy having been caused by one of the people whom t*he Torah had described as בני האלוהים, usually understood as “fallen angels.”"
                }
            ], 
            "heTitle": "דעת זקנים על במדבר", 
            "indexTitle": "Daat Zkenim on Numbers", 
            "sectionRef": "Daat Zkenim on Numbers 21:34", 
            "prev": "Daat Zkenim on Numbers 21:30", 
            "ref": "Daat Zkenim on Numbers 21:34", 
            "heRef": "דעת זקנים על במדבר כ״א:ל״ד", 
            "next": "Daat Zkenim on Numbers 22:2"
        }, 
        "Daat Zkenim on Numbers 21:19": {
            "content": [
                {
                    "segmentNumber": "1", 
                    "he": "<b>וממתנה נחליאל. </b>לא היתה כשאר בארו' שנובעות במקומן \nואינן נמשכות אלא משנתנה נגברה והיה לנחל והיו רוב המים עולין על הבמות: ", 
                    "links": [
                        {
                            "category": "Tanakh", 
                            "index_title": "Numbers", 
                            "sourceHeRef": "במדבר כ״א:י״ט", 
                            "sourceRef": "Numbers 21:19"
                        }
                    ], 
                    "text": "וממתנה נחליאל, and from Matanah to Nachliel. This well was not like the other wells which supplied a steady amount of water, but it increased as time went on so that it was easily accessible even when the Israelites crossed elevations in the ground on their way."
                }
            ], 
            "heTitle": "דעת זקנים על במדבר", 
            "indexTitle": "Daat Zkenim on Numbers", 
            "sectionRef": "Daat Zkenim on Numbers 21:19", 
            "prev": "Daat Zkenim on Numbers 21:18", 
            "ref": "Daat Zkenim on Numbers 21:19", 
            "heRef": "דעת זקנים על במדבר כ״א:י״ט", 
            "next": "Daat Zkenim on Numbers 21:20"
        }, 
        "Daat Zkenim on Numbers 21:18": {
            "content": [
                {
                    "segmentNumber": "1", 
                    "he": "<b>באר חפרוה שרים. </b>כלומר הבאר הזה  אינו כשאר בארות שחופרים אותה עבדים כד\"א ויכרו שם עבדי יצחק באר אלא באר זו מכובדת  שחפרוה שרים וכרוה נדיבי עמים משה ואהרן וזקני ישראל: ", 
                    "links": [
                        {
                            "category": "Tanakh", 
                            "index_title": "Numbers", 
                            "sourceHeRef": "במדבר כ״א:י״ח", 
                            "sourceRef": "Numbers 21:18"
                        }, 
                        {
                            "category": "Tanakh", 
                            "index_title": "Genesis", 
                            "sourceHeRef": "בראשית כ״ו:כ״ה", 
                            "sourceRef": "Genesis 26:25"
                        }
                    ], 
                    "text": "באר חפרהו שרים, “a well dug by princes.” This well was not like other wells in the Bible which had been dug by servants of slaves, as we know from Genesis 26,25, but it was especially honoured through having been dug by Moses, Aaron, as well as the elders of Israel."
                }, 
                {
                    "segmentNumber": "2", 
                    "he": "<b>במחוקק במשענותם. </b>כלו' לא חפרוה  כשאר בארו' אלא שחקקוה בסלע במטה האלהים וזה מוכיח שלא הקפיד הקב\"ה על שהכה דאם  הקפיד לא היו משוררים מדבר שהקפיד. וי\"א מחוקק זה משה כד\"א כי שם חלקת מחוקק ספון  ומתרגמינן משה ספרא רבא. ", 
                    "links": [
                        {
                            "category": "Tanakh", 
                            "index_title": "Numbers", 
                            "sourceHeRef": "במדבר כ״א:י״ח", 
                            "sourceRef": "Numbers 21:18"
                        }, 
                        {
                            "category": "Tanakh", 
                            "index_title": "Deuteronomy", 
                            "sourceHeRef": "דברים ל״ג:כ״א", 
                            "sourceRef": "Deuteronomy 33:21"
                        }
                    ], 
                    "text": "במחוקק במשענותם, “with their scepters and their staffs.” In other words, this well was not dug with ordinary tools like ordinary wells, but by employing a rod given Moses by G’d, something that had served as an instrument of producing miracles repeatedly in the past. This serves as proof, that G’d had never objected to Moses hitting the rock in chapter 20 at the waters of strife. Had He objected to that how could the people have rejoiced jubilantly over something that G’d had shown them that He objected to? According to some commentators the “lawgiver,” referred to here is not Hashem but Moses just as it is in Deuteronomy 33,21. Compare the Targum there."
                }, 
                {
                    "segmentNumber": "3", 
                    "he": "<b>וממדבר מתנה כלו'</b> חשיבות גדולה היה באותו הבאר כי ממדבר שהוא  מקום צמאון היה להם למוצא מים: ", 
                    "links": [
                        {
                            "category": "Tanakh", 
                            "index_title": "Numbers", 
                            "sourceHeRef": "במדבר כ״א:י״ח", 
                            "sourceRef": "Numbers 21:18"
                        }
                    ], 
                    "text": "וממדבר מתנה, and from a place called Midbar to Matanah. This is a hint that the well just discussed was so powerful that it turned the surrounding desert area into “a gift.”\n"
                }
            ], 
            "heTitle": "דעת זקנים על במדבר", 
            "indexTitle": "Daat Zkenim on Numbers", 
            "sectionRef": "Daat Zkenim on Numbers 21:18", 
            "prev": "Daat Zkenim on Numbers 21:17", 
            "ref": "Daat Zkenim on Numbers 21:18", 
            "heRef": "דעת זקנים על במדבר כ״א:י״ח", 
            "next": "Daat Zkenim on Numbers 21:19"
        }, 
        "Daat Zkenim on Numbers 21:31": {
            "content": [], 
            "heTitle": "דעת זקנים על במדבר", 
            "indexTitle": "Daat Zkenim on Numbers", 
            "sectionRef": "Daat Zkenim on Numbers 21:31", 
            "prev": "Daat Zkenim on Numbers 21:30", 
            "ref": "Daat Zkenim on Numbers 21:31", 
            "heRef": "דעת זקנים על במדבר כ״א:ל״א", 
            "next": "Daat Zkenim on Numbers 21:34"
        }, 
        "Daat Zkenim on Numbers 21:30": {
            "content": [
                {
                    "segmentNumber": "1", 
                    "he": "<b>ונירם אבד חשבון. </b>כלומר ניר ויורש שלהם אבד חשבון וכל הארץ עד דיבון שלא יירשוה \nעם ירושתו. ניר לשון יורש כמו ולמען היות ניר לדוד עבדי: ", 
                    "links": [
                        {
                            "category": "Tanakh", 
                            "index_title": "Numbers", 
                            "sourceHeRef": "במדבר כ״א:ל׳", 
                            "sourceRef": "Numbers 21:30"
                        }, 
                        {
                            "category": "Tanakh", 
                            "index_title": "I Kings", 
                            "sourceHeRef": "מלכים א י״א:ל״ו", 
                            "sourceRef": "I Kings 11:36"
                        }
                    ], 
                    "text": "ונירם אבד חשבון, “when we shot at them Cheshbon was laid waste completely;” our author understands the word ונירם as a derivative of the noun ניר, as a reference to their king as their shining light, who had been completely extinguished. He quotes Kings I 11,36, where it has been used in this manner i.e. להיות ניר לדוד עבדי, “to be a lamp for My servant David.”"
                }
            ], 
            "heTitle": "דעת זקנים על במדבר", 
            "indexTitle": "Daat Zkenim on Numbers", 
            "sectionRef": "Daat Zkenim on Numbers 21:30", 
            "prev": "Daat Zkenim on Numbers 21:29", 
            "ref": "Daat Zkenim on Numbers 21:30", 
            "heRef": "דעת זקנים על במדבר כ״א:ל׳", 
            "next": "Daat Zkenim on Numbers 21:34"
        }, 
        "Daat Zkenim on Numbers 21:32": {
            "content": [], 
            "heTitle": "דעת זקנים על במדבר", 
            "indexTitle": "Daat Zkenim on Numbers", 
            "sectionRef": "Daat Zkenim on Numbers 21:32", 
            "prev": "Daat Zkenim on Numbers 21:30", 
            "ref": "Daat Zkenim on Numbers 21:32", 
            "heRef": "דעת זקנים על במדבר כ״א:ל״ב", 
            "next": "Daat Zkenim on Numbers 21:34"
        }, 
        "Daat Zkenim on Numbers 21:9": {
            "content": [], 
            "heTitle": "דעת זקנים על במדבר", 
            "indexTitle": "Daat Zkenim on Numbers", 
            "sectionRef": "Daat Zkenim on Numbers 21:9", 
            "prev": "Daat Zkenim on Numbers 21:8", 
            "ref": "Daat Zkenim on Numbers 21:9", 
            "heRef": "דעת זקנים על במדבר כ״א:ט׳", 
            "next": "Daat Zkenim on Numbers 21:10"
        }, 
        "Daat Zkenim on Numbers 21:8": {
            "content": [
                {
                    "segmentNumber": "1", 
                    "he": "<b>עשה \nלך שרף. </b>לכך צוה הקב\"ה לעשות נחש ולא דבר אחר כדי להגדיל נסיו ונפלאותיו שהוא מכה באזמל \nומרפא באזמל בנחש הכה ובנחש מרפא: ", 
                    "links": [
                        {
                            "category": "Tanakh", 
                            "index_title": "Numbers", 
                            "sourceHeRef": "במדבר כ״א:ח׳", 
                            "sourceRef": "Numbers 21:8"
                        }
                    ], 
                    "text": "עשה לך שרף, “make for yourself a fiery serpent, etc.” the reason why G’d instructed Moses to construct a serpent, the symbol of everything negative since time immemorial, was to demonstrate that this very negative symbol would miraculously heal them from snake bites if used in the proper manner. It is only the Lord Who can use destructive instruments equally well for constructive purposes."
                }
            ], 
            "heTitle": "דעת זקנים על במדבר", 
            "indexTitle": "Daat Zkenim on Numbers", 
            "sectionRef": "Daat Zkenim on Numbers 21:8", 
            "prev": "Daat Zkenim on Numbers 21:4", 
            "ref": "Daat Zkenim on Numbers 21:8", 
            "heRef": "דעת זקנים על במדבר כ״א:ח׳", 
            "next": "Daat Zkenim on Numbers 21:10"
        }, 
        "Daat Zkenim on Numbers 21:1": {
            "content": [], 
            "heTitle": "דעת זקנים על במדבר", 
            "indexTitle": "Daat Zkenim on Numbers", 
            "sectionRef": "Daat Zkenim on Numbers 21:1", 
            "prev": "Daat Zkenim on Numbers 20:8", 
            "ref": "Daat Zkenim on Numbers 21:1", 
            "heRef": "דעת זקנים על במדבר כ״א:א׳", 
            "next": "Daat Zkenim on Numbers 21:4"
        }, 
        "Daat Zkenim on Numbers 21:3": {
            "content": [], 
            "heTitle": "דעת זקנים על במדבר", 
            "indexTitle": "Daat Zkenim on Numbers", 
            "sectionRef": "Daat Zkenim on Numbers 21:3", 
            "prev": "Daat Zkenim on Numbers 20:8", 
            "ref": "Daat Zkenim on Numbers 21:3", 
            "heRef": "דעת זקנים על במדבר כ״א:ג׳", 
            "next": "Daat Zkenim on Numbers 21:4"
        }, 
        "Daat Zkenim on Numbers 21:2": {
            "content": [], 
            "heTitle": "דעת זקנים על במדבר", 
            "indexTitle": "Daat Zkenim on Numbers", 
            "sectionRef": "Daat Zkenim on Numbers 21:2", 
            "prev": "Daat Zkenim on Numbers 20:8", 
            "ref": "Daat Zkenim on Numbers 21:2", 
            "heRef": "דעת זקנים על במדבר כ״א:ב׳", 
            "next": "Daat Zkenim on Numbers 21:4"
        }, 
        "Daat Zkenim on Numbers 21:5": {
            "content": [], 
            "heTitle": "דעת זקנים על במדבר", 
            "indexTitle": "Daat Zkenim on Numbers", 
            "sectionRef": "Daat Zkenim on Numbers 21:5", 
            "prev": "Daat Zkenim on Numbers 21:4", 
            "ref": "Daat Zkenim on Numbers 21:5", 
            "heRef": "דעת זקנים על במדבר כ״א:ה׳", 
            "next": "Daat Zkenim on Numbers 21:8"
        }, 
        "Daat Zkenim on Numbers 21:4": {
            "content": [
                {
                    "segmentNumber": "1", 
                    "he": "<b>ויסעו מהר ההר לסבוב את ארץ \nאדום וגו'. </b>וכתיב ותקצר נפש העם כיון שראו שחזרו לאחוריהם אל הדרך המדבר היה קשה בעיניהם \nכמות כי היו סבורין ליכנס מיד לארץ ישראל ולאכול מתבואת הארץ ועכשיו חוזרין למקום שאין מים \nומזון מצויין שם. וכי תימא מה קפידא יש כאן הרי היה להם מן לכך כתיב ונפשנו קצה בלחם הקלקל \nאינו דומה רואה וטועם לטועם בלא ראיה שלפי שאינו רואה ממשות הדבר שאינו (שהוא) טועם ואינו \nנחשב בעיניו לכלום אי נמי שלא היו טועמין הטעם הטוב ההוא עד שהיו טורחין בו וטחנו בריחים או \nדכו במדוכה וכן משמע קרא דפרשת בהעלותך דכתיב ביה והיה טעמו כטעם לשד השמן: ", 
                    "links": [
                        {
                            "category": "Tanakh", 
                            "index_title": "Numbers", 
                            "sourceHeRef": "במדבר כ״א:ד׳", 
                            "sourceRef": "Numbers 21:4"
                        }, 
                        {
                            "category": "Tanakh", 
                            "index_title": "Numbers", 
                            "sourceHeRef": "במדבר י״א:ח׳", 
                            "sourceRef": "Numbers 11:8"
                        }
                    ], 
                    "text": "ויסעו מהר ההר דרך ים סוף, “they journeyed from Hor Hahar in the direction of the sea of reeds, ...making a long detour around the Land of Edom, and the people’s state of mind became very short tempered.” Their dissatisfaction was not caused by the journey, but by the fact that they traveled in the opposite direction of their objective, i.e. crossing the river Jordan. This was as hard for them to swallow as if they had been sentenced to death. They had felt until recently that they were close to their objective and would soon taste the fruit of the Holy Land and they now saw all their hopes as dissolving like an illusion. To the question what they had to complain about as long as they had manna and water, the answer is that once one has set one’s sights on something that can be enjoyed by the senses, eyes, ears, taste buds, feeling it with one’s hands and one’s sense of smell, the sameness and predictability of the manna, instead of being a sign of how G’d provided for them, became something of insignificance, קלקל, “lightweight” for them. The Torah therefore told us already in Numbers 11,8 that the manna, far from being so insubstantial, lightweight, insignificant, lent itself to grinding between stones, pounding, in a mortar, boiling in a pot, making into cakes. Moreover, it tasted like cream. [It is human nature that familiarity breeds contempt. After forty years of the same diet without getting to the destination they were seeking, the people’s reaction is understandable, although it had been due to their having displayed themselves as not yet worthy to dislodge the Canaanites from their homeland. Ed.] The pleasant taste of treated manna is also described in Numbers 11,8.\n"
                }
            ], 
            "heTitle": "דעת זקנים על במדבר", 
            "indexTitle": "Daat Zkenim on Numbers", 
            "sectionRef": "Daat Zkenim on Numbers 21:4", 
            "prev": "Daat Zkenim on Numbers 20:8", 
            "ref": "Daat Zkenim on Numbers 21:4", 
            "heRef": "דעת זקנים על במדבר כ״א:ד׳", 
            "next": "Daat Zkenim on Numbers 21:8"
        }, 
        "Daat Zkenim on Numbers 21:7": {
            "content": [], 
            "heTitle": "דעת זקנים על במדבר", 
            "indexTitle": "Daat Zkenim on Numbers", 
            "sectionRef": "Daat Zkenim on Numbers 21:7", 
            "prev": "Daat Zkenim on Numbers 21:4", 
            "ref": "Daat Zkenim on Numbers 21:7", 
            "heRef": "דעת זקנים על במדבר כ״א:ז׳", 
            "next": "Daat Zkenim on Numbers 21:8"
        }, 
        "Daat Zkenim on Numbers 21:6": {
            "content": [], 
            "heTitle": "דעת זקנים על במדבר", 
            "indexTitle": "Daat Zkenim on Numbers", 
            "sectionRef": "Daat Zkenim on Numbers 21:6", 
            "prev": "Daat Zkenim on Numbers 21:4", 
            "ref": "Daat Zkenim on Numbers 21:6", 
            "heRef": "דעת זקנים על במדבר כ״א:ו׳", 
            "next": "Daat Zkenim on Numbers 21:8"
        }, 
        "Daat Zkenim on Numbers 21:28": {
            "content": [
                {
                    "segmentNumber": "1", 
                    "he": "<b>כי אש יצאה. </b>לאחר שנכבשה חשבון ונלחם גם בשאר \nעיירות שהוא ער וארנון וכבשם אז אמר אש יצאה מחשבון כלומר חיל וגבורים ולהבה מאותה עיר \nשנקראת קרית סיחון:", 
                    "links": [
                        {
                            "category": "Tanakh", 
                            "index_title": "Numbers", 
                            "sourceHeRef": "במדבר כ״א:כ״ח", 
                            "sourceRef": "Numbers 21:28"
                        }, 
                        {
                            "category": "Tanakh", 
                            "index_title": "Judges", 
                            "sourceHeRef": "שופטים י״א:כ״ד", 
                            "sourceRef": "Judges 11:24"
                        }
                    ], 
                    "text": "'כי אש יצאה וגו, The entire line is a quotation of how the people speaking in parables flattered the powerful King of Cheshbon. The Torah describes all this in order to show the reader what a tremendous victory Moses had scored when he totally vanquished this empire, annihilating him and his people totally. Yiftach, in the Book of Judges 11,24, refers sarcastically to the claims of the king of Moav in his time, claiming that that the Israelites have to give him back the land that a former king had lost to Sichon."
                }, 
                {
                    "segmentNumber": "2", 
                    "links": [
                        {
                            "category": "Tanakh", 
                            "index_title": "Numbers", 
                            "sourceHeRef": "במדבר כ״א:כ״ח", 
                            "sourceRef": "Numbers 21:28"
                        }
                    ], 
                    "he": "<b> אכלה ער מואב. </b>כלומר ממקומו יצא אש ושרפם והוא כמו ותצא אש מאבימלך \nותאכל את אנשי שכם ומבעלי שכם ותאכל את אבימלך כלומר מהם ובהם וזה המשל שמשלו על \nגבורת סיחון להודיעך כמה גדול כחו של משה שנצחו והרגו. וכן משלו משל על בני עמון הלא את \nאשר יורישך כמוש אלהיך: "
                }
            ], 
            "heTitle": "דעת זקנים על במדבר", 
            "indexTitle": "Daat Zkenim on Numbers", 
            "sectionRef": "Daat Zkenim on Numbers 21:28", 
            "prev": "Daat Zkenim on Numbers 21:27", 
            "ref": "Daat Zkenim on Numbers 21:28", 
            "heRef": "דעת זקנים על במדבר כ״א:כ״ח", 
            "next": "Daat Zkenim on Numbers 21:29"
        }, 
        "Daat Zkenim on Numbers 21:29": {
            "content": [
                {
                    "segmentNumber": "1", 
                    "he": "<b>נתן בניו פליטם. </b>כלומר הבנים הקטנים שפלטו מן החרב והבנות \nשאין דרכם להלחם שבק והניחם להוליך בשביה לפי שלא היה יכול להצילם מידו. נתן כמו נרדי נתן \nריחו: ", 
                    "links": [
                        {
                            "category": "Tanakh", 
                            "index_title": "Numbers", 
                            "sourceHeRef": "במדבר כ״א:כ״ט", 
                            "sourceRef": "Numbers 21:29"
                        }, 
                        {
                            "category": "Tanakh", 
                            "index_title": "Song of Songs", 
                            "sourceHeRef": "שיר השירים א׳:י״ב", 
                            "sourceRef": "Song of Songs 1:12"
                        }
                    ], 
                    "text": "נתן בניו פליטים, “He has given his sons as fugitives;” the reference is to the minors who were not old enough to fight and had therefore been spared by the sword. The use of the word נתן in our verse is similar to the use of the same word in Song of Songs 1,12: נרדי נתן ריחו, “my aromatic plant gave off its aroma.”\n"
                }
            ], 
            "heTitle": "דעת זקנים על במדבר", 
            "indexTitle": "Daat Zkenim on Numbers", 
            "sectionRef": "Daat Zkenim on Numbers 21:29", 
            "prev": "Daat Zkenim on Numbers 21:28", 
            "ref": "Daat Zkenim on Numbers 21:29", 
            "heRef": "דעת זקנים על במדבר כ״א:כ״ט", 
            "next": "Daat Zkenim on Numbers 21:30"
        }, 
        "Daat Zkenim on Numbers 21:24": {
            "content": [
                {
                    "segmentNumber": "1", 
                    "he": "<b>עד \nיבוק עד בני עמון. </b>יבוק שם הנחל שנא' ויעבור את מעבר יבק וכמו שלקח סיחון את ארץ מואב עד \nארץ ארנון כך לקח ארץ בני עמון עד יבק והנהר היה מפסיק ביניהם אבל משם ואילך כי עז וחזק גבול \nבני עמון מן הנהר ואילך מפני שהנהר הי' מפסיק הגבול: ", 
                    "links": [
                        {
                            "category": "Tanakh", 
                            "index_title": "Numbers", 
                            "sourceHeRef": "במדבר כ״א:כ״ד", 
                            "sourceRef": "Numbers 21:24"
                        }, 
                        {
                            "category": "Tanakh", 
                            "index_title": "Genesis", 
                            "sourceHeRef": "בראשית ל״ב:כ״ג", 
                            "sourceRef": "Genesis 32:23"
                        }
                    ], 
                    "text": "עד יבוק עד בני עמון, as far as Yabok (a river) as we know from Genesis 32,23) Sichon had conquered these parts of what was formerly a much larger land of Moav. The river had acted as a boundary."
                }
            ], 
            "heTitle": "דעת זקנים על במדבר", 
            "indexTitle": "Daat Zkenim on Numbers", 
            "sectionRef": "Daat Zkenim on Numbers 21:24", 
            "prev": "Daat Zkenim on Numbers 21:22", 
            "ref": "Daat Zkenim on Numbers 21:24", 
            "heRef": "דעת זקנים על במדבר כ״א:כ״ד", 
            "next": "Daat Zkenim on Numbers 21:26"
        }, 
        "Daat Zkenim on Numbers 21:25": {
            "content": [], 
            "heTitle": "דעת זקנים על במדבר", 
            "indexTitle": "Daat Zkenim on Numbers", 
            "sectionRef": "Daat Zkenim on Numbers 21:25", 
            "prev": "Daat Zkenim on Numbers 21:24", 
            "ref": "Daat Zkenim on Numbers 21:25", 
            "heRef": "דעת זקנים על במדבר כ״א:כ״ה", 
            "next": "Daat Zkenim on Numbers 21:26"
        }, 
        "Daat Zkenim on Numbers 21:26": {
            "content": [
                {
                    "segmentNumber": "1", 
                    "he": "<b>כי חשבון עיר סיחון. </b>לפי שכתוב \nאחריו וישב ישראל בארץ האמורי. אמר כאן שלא תתמה על שאנו אומרים שחשבון היא מארץ \nהאמורי ויודעין אנו שהיא מארץ מואב כי חשבון עתה היא עיר סיחון שהרי הוא נלחם במלך מואב \nהראשון וכבשה מידו ולא עם בלק מלך מואב אלא במלך ראשון שהיה קודם בלק: ", 
                    "links": [
                        {
                            "category": "Tanakh", 
                            "index_title": "Numbers", 
                            "sourceHeRef": "במדבר כ״א:כ״ו", 
                            "sourceRef": "Numbers 21:26"
                        }
                    ], 
                    "text": "כי חשבון עיר סיחון, “for Cheshbon had been Sichon’s city originally, prior to his having conquered large sections of the lands of Moav and the Bney Ammon. His reputation as a mighty warrior was based on those campaigns. When the Israelites are described in verse 31 as settling in the land of the Emorite, this is only to inform us that this is where Sichon had originated as a king. This was long before Balak became king of what remained of the kingdom of Moav."
                }
            ], 
            "heTitle": "דעת זקנים על במדבר", 
            "indexTitle": "Daat Zkenim on Numbers", 
            "sectionRef": "Daat Zkenim on Numbers 21:26", 
            "prev": "Daat Zkenim on Numbers 21:24", 
            "ref": "Daat Zkenim on Numbers 21:26", 
            "heRef": "דעת זקנים על במדבר כ״א:כ״ו", 
            "next": "Daat Zkenim on Numbers 21:27"
        }, 
        "Daat Zkenim on Numbers 21:27": {
            "content": [
                {
                    "segmentNumber": "1", 
                    "he": "<b>על כן יאמרו \nהמושלים. </b>בני אדם הרגילים למשול משלים על ידי שלקחה סיחון באו לדור בתוך חשבון כי עתה \nתבנה ותכונן מאחר שהיא עכשיו עיר סיחון כי כל זמן שהיתה למלך מואב לא היה מלך חזק אבל \nמשכבש סיחון אין לכלום לגור בה: ", 
                    "links": [
                        {
                            "category": "Tanakh", 
                            "index_title": "Numbers", 
                            "sourceHeRef": "במדבר כ״א:כ״ז", 
                            "sourceRef": "Numbers 21:27"
                        }
                    ], 
                    "text": "'על כן יאמרו המושלים וגו, “this is why those who speak in parables used to say: “let the city of Sichon be firmly established.“ Many such people had taken up residence in Cheshbon, where they flattered its King."
                }
            ], 
            "heTitle": "דעת זקנים על במדבר", 
            "indexTitle": "Daat Zkenim on Numbers", 
            "sectionRef": "Daat Zkenim on Numbers 21:27", 
            "prev": "Daat Zkenim on Numbers 21:26", 
            "ref": "Daat Zkenim on Numbers 21:27", 
            "heRef": "דעת זקנים על במדבר כ״א:כ״ז", 
            "next": "Daat Zkenim on Numbers 21:28"
        }, 
        "Daat Zkenim on Numbers 21:20": {
            "content": [
                {
                    "segmentNumber": "1", 
                    "he": "<b>ומבמות הגיא. \n</b>ומהבמות היה יורד אל ההר לעבר הגיא ונמשכה אצל ראש הפסגה הנשקפה על ראש פני הישימון \nהנראית על פני המדבר שהוא קרוי ישימון כדכתיב ובתהו יליל ישימון וזו היתה שמח' גדול שהיתה \nנראית על פני המדבר להולכים בתהו שהיו רואים מקום להשקות הם ומקניה' ולהתקרר ולהתעדן, \nובעירובין פרק כיצד מערבין מסיק וממדבר מתנה אם משים אדם עצמו כמדבר הזה שהכל דשין בו \nתורתו מתקיימת ונתנת לו במתנה וכיון שנתנה לו במתנה נחלו אל כלומר כירושה היא לו וכיון שנחלו \nאל עולה לגדולה שנא' ומנחליאל במות ואם הגיס דעתו הקב\"ה משפילו שנאמר ומבמות הגיא ואם \nחזר בו הקב\"ה מגביהו שנאמר כל גיא ינשא: ", 
                    "links": [
                        {
                            "category": "Tanakh", 
                            "index_title": "Numbers", 
                            "sourceHeRef": "במדבר כ״א:כ׳", 
                            "sourceRef": "Numbers 21:20"
                        }, 
                        {
                            "category": "Tanakh", 
                            "index_title": "Isaiah", 
                            "sourceHeRef": "ישעיהו מ׳:ד׳", 
                            "sourceRef": "Isaiah 40:4"
                        }
                    ], 
                    "text": "ומבמות הגיא, “and from the elevated ground back to the valley.” It continued to flow until it came to the summit which looked down on a district known as the face of the wasteland. Compare chapter 32,10. This was a source of great joy as they could see that even in the distance and in that wasteland there was plenty of water to provide water for their herds and flocks. In the Talmud, tractate Eyruvin, folio 54 the Talmud concluded that the words וממדבר מתנה, the point that the Torah was making is a figure of speech, i.e. that if one allows oneself to be trampled on by others as they trample the ground in the desert, one will be rewarded with acquiring a great deal of Torah knowledge as if it had been given to one as a gift. Seeing that it had been come by as a gift, it will become almost a hereditary gift, and being so that person will eventually attain considerable stature among his peers, i.e. ומנחליאל במות, “and due to gifts from the Lord he hill rise to lofty heights.” On the other hand, if he starts out in life with a haughty attitude, he will ultimately wind up very low, like the גיא, valley, at the bottom of the lofty hills, במות. If he will then change his attitude, the Lord will raise him up again, i.e. כל גיא ינשא, “every valley will be uplifted,” (Isaiah 40,4) [The passage is understood as a synopsis of Jewish history. Ed.]\n"
                }
            ], 
            "heTitle": "דעת זקנים על במדבר", 
            "indexTitle": "Daat Zkenim on Numbers", 
            "sectionRef": "Daat Zkenim on Numbers 21:20", 
            "prev": "Daat Zkenim on Numbers 21:19", 
            "ref": "Daat Zkenim on Numbers 21:20", 
            "heRef": "דעת זקנים על במדבר כ״א:כ׳", 
            "next": "Daat Zkenim on Numbers 21:22"
        }, 
        "Daat Zkenim on Numbers 21:21": {
            "content": [], 
            "heTitle": "דעת זקנים על במדבר", 
            "indexTitle": "Daat Zkenim on Numbers", 
            "sectionRef": "Daat Zkenim on Numbers 21:21", 
            "prev": "Daat Zkenim on Numbers 21:20", 
            "ref": "Daat Zkenim on Numbers 21:21", 
            "heRef": "דעת זקנים על במדבר כ״א:כ״א", 
            "next": "Daat Zkenim on Numbers 21:22"
        }, 
        "Daat Zkenim on Numbers 21:22": {
            "content": [
                {
                    "segmentNumber": "1", 
                    "he": "<b>עד אשר נעבור גבולך. </b>לא היו שואלין לעבור דרך \nארצו אלא לסבוב גבולו מבחוץ כמו שסבבו ארץ אדום וארץ מואב וכן כתוב בפ' אלה הדברים כאשר \nעשו לי בני עשו היושבים בשעיר והמואבים היושבים בער שהניחום לסבוב ארצם וגבולם: ", 
                    "links": [
                        {
                            "category": "Tanakh", 
                            "index_title": "Numbers", 
                            "sourceHeRef": "במדבר כ״א:כ״ב", 
                            "sourceRef": "Numbers 21:22"
                        }, 
                        {
                            "category": "Tanakh", 
                            "index_title": "Deuteronomy", 
                            "sourceHeRef": "דברים ב׳:כ״ט", 
                            "sourceRef": "Deuteronomy 2:29"
                        }
                    ], 
                    "text": "עד אשר נעבור גבולך, “until we cross your borders. (on the walk past it).” They had not even asked to traverse Sichon’s territory. They were going to walk around close to the borders. The same was the case with walking around the territory of the land of Edom. This is why they could refer to having had no objections from the Edomites, or for that matter from the Moabites (Compare Deuteronomy 2,29)"
                }
            ], 
            "heTitle": "דעת זקנים על במדבר", 
            "indexTitle": "Daat Zkenim on Numbers", 
            "sectionRef": "Daat Zkenim on Numbers 21:22", 
            "prev": "Daat Zkenim on Numbers 21:20", 
            "ref": "Daat Zkenim on Numbers 21:22", 
            "heRef": "דעת זקנים על במדבר כ״א:כ״ב", 
            "next": "Daat Zkenim on Numbers 21:24"
        }, 
        "Daat Zkenim on Numbers 21:23": {
            "content": [], 
            "heTitle": "דעת זקנים על במדבר", 
            "indexTitle": "Daat Zkenim on Numbers", 
            "sectionRef": "Daat Zkenim on Numbers 21:23", 
            "prev": "Daat Zkenim on Numbers 21:22", 
            "ref": "Daat Zkenim on Numbers 21:23", 
            "heRef": "דעת זקנים על במדבר כ״א:כ״ג", 
            "next": "Daat Zkenim on Numbers 21:24"
        }, 
        "Daat Zkenim on Numbers 21:33": {
            "content": [], 
            "heTitle": "דעת זקנים על במדבר", 
            "indexTitle": "Daat Zkenim on Numbers", 
            "sectionRef": "Daat Zkenim on Numbers 21:33", 
            "prev": "Daat Zkenim on Numbers 21:30", 
            "ref": "Daat Zkenim on Numbers 21:33", 
            "heRef": "דעת זקנים על במדבר כ״א:ל״ג", 
            "next": "Daat Zkenim on Numbers 21:34"
        }
    }, 
    "ref": "Daat Zkenim on Numbers 21"
}