{
    "sections": {
        "Ibn Ezra on Psalms 40:9": {
            "content": [
                {
                    "segmentNumber": "1", 
                    "links": [
                        {
                            "category": "Tanakh", 
                            "index_title": "Psalms", 
                            "sourceHeRef": "תהילים מ׳:ט׳", 
                            "sourceRef": "Psalms 40:9"
                        }
                    ], 
                    "he": "ותורתך בתוך מעי - בסתר על דרך: אכול את המגלה הזאת."
                }
            ], 
            "heTitle": "אבן עזרא על תהילים", 
            "indexTitle": "Ibn Ezra on Psalms", 
            "sectionRef": "Ibn Ezra on Psalms 40:9", 
            "prev": "Ibn Ezra on Psalms 40:8", 
            "ref": "Ibn Ezra on Psalms 40:9", 
            "heRef": "אבן עזרא על תהילים מ׳:ט׳", 
            "next": "Ibn Ezra on Psalms 40:10"
        }, 
        "Ibn Ezra on Psalms 40:8": {
            "content": [
                {
                    "segmentNumber": "1", 
                    "links": [
                        {
                            "category": "Tanakh", 
                            "index_title": "Psalms", 
                            "sourceHeRef": "תהילים מ׳:ח׳", 
                            "sourceRef": "Psalms 40:8"
                        }
                    ], 
                    "he": "אז - אמר ר' מרינוס: כי דוד ידבר כנגד כנסת ישראל וזה רמז לדבר אבותינו בסיני: נעשה ונשמע. והנכון בעיני: אומר זה בעד נפשו, כי בעת צרתו נדר נדר צוה לכותבו שישיר שיר חדש, ועתה באתי לשלם הנדר. והנכון שהנדר הוא לעשות וזה כל חפצי."
                }
            ], 
            "heTitle": "אבן עזרא על תהילים", 
            "indexTitle": "Ibn Ezra on Psalms", 
            "sectionRef": "Ibn Ezra on Psalms 40:8", 
            "prev": "Ibn Ezra on Psalms 40:7", 
            "ref": "Ibn Ezra on Psalms 40:8", 
            "heRef": "אבן עזרא על תהילים מ׳:ח׳", 
            "next": "Ibn Ezra on Psalms 40:9"
        }, 
        "Ibn Ezra on Psalms 40:5": {
            "content": [
                {
                    "segmentNumber": "1", 
                    "links": [
                        {
                            "category": "Tanakh", 
                            "index_title": "Psalms", 
                            "sourceHeRef": "תהילים מ׳:ה׳", 
                            "sourceRef": "Psalms 40:5"
                        }
                    ], 
                    "he": "אשרי - אז יאמרו אל רהבים בעלי הכח לעזרו, כמו: המחצבת רהב. "
                }, 
                {
                    "segmentNumber": "2", 
                    "links": [
                        {
                            "category": "Tanakh", 
                            "index_title": "Psalms", 
                            "sourceHeRef": "תהילים מ׳:ה׳", 
                            "sourceRef": "Psalms 40:5"
                        }
                    ], 
                    "he": "ושטי - תרגום נוטה."
                }
            ], 
            "heTitle": "אבן עזרא על תהילים", 
            "indexTitle": "Ibn Ezra on Psalms", 
            "sectionRef": "Ibn Ezra on Psalms 40:5", 
            "prev": "Ibn Ezra on Psalms 40:4", 
            "ref": "Ibn Ezra on Psalms 40:5", 
            "heRef": "אבן עזרא על תהילים מ׳:ה׳", 
            "next": "Ibn Ezra on Psalms 40:6"
        }, 
        "Ibn Ezra on Psalms 40:4": {
            "content": [
                {
                    "segmentNumber": "1", 
                    "links": [
                        {
                            "category": "Tanakh", 
                            "index_title": "Psalms", 
                            "sourceHeRef": "תהילים מ׳:ד׳", 
                            "sourceRef": "Psalms 40:4"
                        }
                    ], 
                    "he": "ויתן - טעם לאלהינו בלשון רבים, בעבור יראו רבים ויראו."
                }
            ], 
            "heTitle": "אבן עזרא על תהילים", 
            "indexTitle": "Ibn Ezra on Psalms", 
            "sectionRef": "Ibn Ezra on Psalms 40:4", 
            "prev": "Ibn Ezra on Psalms 40:3", 
            "ref": "Ibn Ezra on Psalms 40:4", 
            "heRef": "אבן עזרא על תהילים מ׳:ד׳", 
            "next": "Ibn Ezra on Psalms 40:5"
        }, 
        "Ibn Ezra on Psalms 40:7": {
            "content": [
                {
                    "segmentNumber": "1", 
                    "links": [
                        {
                            "category": "Tanakh", 
                            "index_title": "Psalms", 
                            "sourceHeRef": "תהילים מ׳:ז׳", 
                            "sourceRef": "Psalms 40:7"
                        }
                    ], 
                    "he": "זבח - שלמים. "
                }, 
                {
                    "segmentNumber": "2", 
                    "links": [
                        {
                            "category": "Tanakh", 
                            "index_title": "Psalms", 
                            "sourceHeRef": "תהילים מ׳:ז׳", 
                            "sourceRef": "Psalms 40:7"
                        }
                    ], 
                    "he": "ומנחה - במרחשת ומחבת. והטעם: כי מחשבותיך להטיב אלינו לא בעבור תשלומים, והנה הזכיר אחר זבח ומנחה העולה והחטאת. אמר ר' משה: כי מלת לא חפצת ישרת בעבור אחר והטעם לא השמעת כזאת באזני בדברך עמי בהר סיני. והנכון בעיני: לא בקשת זבח רק כרית לי אזנים שאשמע בקולך, כמו: הנה שמוע מזבח טוב."
                }
            ], 
            "heTitle": "אבן עזרא על תהילים", 
            "indexTitle": "Ibn Ezra on Psalms", 
            "sectionRef": "Ibn Ezra on Psalms 40:7", 
            "prev": "Ibn Ezra on Psalms 40:6", 
            "ref": "Ibn Ezra on Psalms 40:7", 
            "heRef": "אבן עזרא על תהילים מ׳:ז׳", 
            "next": "Ibn Ezra on Psalms 40:8"
        }, 
        "Ibn Ezra on Psalms 40:6": {
            "content": [
                {
                    "segmentNumber": "1", 
                    "links": [
                        {
                            "category": "Tanakh", 
                            "index_title": "Psalms", 
                            "sourceHeRef": "תהילים מ׳:ו׳", 
                            "sourceRef": "Psalms 40:6"
                        }
                    ], 
                    "he": "רבות - זה הוא השיר החדש ורבות תאר למלת נפלאותיך, על דרך רבים כל רבים עמים. "
                }, 
                {
                    "segmentNumber": "2", 
                    "links": [
                        {
                            "category": "Tanakh", 
                            "index_title": "Psalms", 
                            "sourceHeRef": "תהילים מ׳:ו׳", 
                            "sourceRef": "Psalms 40:6"
                        }
                    ], 
                    "he": "ומחשבותיך - גזרותיך. "
                }, 
                {
                    "segmentNumber": "3", 
                    "links": [
                        {
                            "category": "Tanakh", 
                            "index_title": "Psalms", 
                            "sourceHeRef": "תהילים מ׳:ו׳", 
                            "sourceRef": "Psalms 40:6"
                        }
                    ], 
                    "he": "אלינו - בעבורנו, או הוא כמשמעו, ואמר: אלינו, כנגד אלהינו. "
                }, 
                {
                    "segmentNumber": "4", 
                    "links": [
                        {
                            "category": "Tanakh", 
                            "index_title": "Psalms", 
                            "sourceHeRef": "תהילים מ׳:ו׳", 
                            "sourceRef": "Psalms 40:6"
                        }
                    ], 
                    "he": "אין ערוך - אין יכולת באדם שיערכם אליך והסוף יוכיח. ויש אומרים: שהוא כמו: יערוך לה' ואם היה כן, עצמו מספר ישוב אל נפלאותיך."
                }
            ], 
            "heTitle": "אבן עזרא על תהילים", 
            "indexTitle": "Ibn Ezra on Psalms", 
            "sectionRef": "Ibn Ezra on Psalms 40:6", 
            "prev": "Ibn Ezra on Psalms 40:5", 
            "ref": "Ibn Ezra on Psalms 40:6", 
            "heRef": "אבן עזרא על תהילים מ׳:ו׳", 
            "next": "Ibn Ezra on Psalms 40:7"
        }, 
        "Ibn Ezra on Psalms 40:1": {
            "content": [], 
            "heTitle": "אבן עזרא על תהילים", 
            "indexTitle": "Ibn Ezra on Psalms", 
            "sectionRef": "Ibn Ezra on Psalms 40:1", 
            "prev": "Ibn Ezra on Psalms 39:14", 
            "ref": "Ibn Ezra on Psalms 40:1", 
            "heRef": "אבן עזרא על תהילים מ׳:א׳", 
            "next": "Ibn Ezra on Psalms 40:2"
        }, 
        "Ibn Ezra on Psalms 40:3": {
            "content": [
                {
                    "segmentNumber": "1", 
                    "links": [
                        {
                            "category": "Tanakh", 
                            "index_title": "Psalms", 
                            "sourceHeRef": "תהילים מ׳:ג׳", 
                            "sourceRef": "Psalms 40:3"
                        }
                    ], 
                    "he": "ויעלני - דרך משל, כי הייתי בשפלותי ברעות שסבבוני האויבים. "
                }, 
                {
                    "segmentNumber": "2", 
                    "links": [
                        {
                            "category": "Tanakh", 
                            "index_title": "Psalms", 
                            "sourceHeRef": "תהילים מ׳:ג׳", 
                            "sourceRef": "Psalms 40:3"
                        }
                    ], 
                    "he": "יש אומרים: שאון – מגזרת שואה. והנכון: שאון מים רבים או טיט וה\"א היון ישרת אחרנית, כדרך: את יום השביעי ואין לו חבר רק ביון מצולה מים עכורים וטיט עב. "
                }, 
                {
                    "segmentNumber": "3", 
                    "links": [
                        {
                            "category": "Tanakh", 
                            "index_title": "Psalms", 
                            "sourceHeRef": "תהילים מ׳:ג׳", 
                            "sourceRef": "Psalms 40:3"
                        }
                    ], 
                    "he": "והזכיר סלע – כנגד בור. "
                }, 
                {
                    "segmentNumber": "4", 
                    "links": [
                        {
                            "category": "Tanakh", 
                            "index_title": "Psalms", 
                            "sourceHeRef": "תהילים מ׳:ג׳", 
                            "sourceRef": "Psalms 40:3"
                        }
                    ], 
                    "he": "וכונן אשורי - לעלות אל הסלע."
                }
            ], 
            "heTitle": "אבן עזרא על תהילים", 
            "indexTitle": "Ibn Ezra on Psalms", 
            "sectionRef": "Ibn Ezra on Psalms 40:3", 
            "prev": "Ibn Ezra on Psalms 40:2", 
            "ref": "Ibn Ezra on Psalms 40:3", 
            "heRef": "אבן עזרא על תהילים מ׳:ג׳", 
            "next": "Ibn Ezra on Psalms 40:4"
        }, 
        "Ibn Ezra on Psalms 40:2": {
            "content": [
                {
                    "segmentNumber": "1", 
                    "links": [
                        {
                            "category": "Tanakh", 
                            "index_title": "Psalms", 
                            "sourceHeRef": "תהילים מ׳:ב׳", 
                            "sourceRef": "Psalms 40:2"
                        }
                    ], 
                    "he": "קוה קויתי - קוה מלת זרה על דרך השלם, כמו: יסור יסרני יה. "
                }, 
                {
                    "segmentNumber": "2", 
                    "links": [
                        {
                            "category": "Tanakh", 
                            "index_title": "Psalms", 
                            "sourceHeRef": "תהילים מ׳:ב׳", 
                            "sourceRef": "Psalms 40:2"
                        }
                    ], 
                    "he": "ויט אלי - בעבור שהוא שוכני מרום, יושבי בשמים."
                }
            ], 
            "heTitle": "אבן עזרא על תהילים", 
            "indexTitle": "Ibn Ezra on Psalms", 
            "sectionRef": "Ibn Ezra on Psalms 40:2", 
            "prev": "Ibn Ezra on Psalms 39:14", 
            "ref": "Ibn Ezra on Psalms 40:2", 
            "heRef": "אבן עזרא על תהילים מ׳:ב׳", 
            "next": "Ibn Ezra on Psalms 40:3"
        }, 
        "Ibn Ezra on Psalms 40:18": {
            "content": [
                {
                    "segmentNumber": "1", 
                    "links": [
                        {
                            "category": "Tanakh", 
                            "index_title": "Psalms", 
                            "sourceHeRef": "תהילים מ׳:י״ח", 
                            "sourceRef": "Psalms 40:18"
                        }
                    ], 
                    "he": "אני - אחשב עצמי כי אני עני ואביון ולא אוכל לעמוד לפני אויבי. "
                }, 
                {
                    "segmentNumber": "2", 
                    "links": [
                        {
                            "category": "Tanakh", 
                            "index_title": "Psalms", 
                            "sourceHeRef": "תהילים מ׳:י״ח", 
                            "sourceRef": "Psalms 40:18"
                        }
                    ], 
                    "he": "יחשב לי - זה והטעם שפלות לבי, או לי במקום בעבורי, כמו: הנלחם לכם. "
                }, 
                {
                    "segmentNumber": "3", 
                    "links": [
                        {
                            "category": "Tanakh", 
                            "index_title": "Psalms", 
                            "sourceHeRef": "תהילים מ׳:י״ח", 
                            "sourceRef": "Psalms 40:18"
                        }
                    ], 
                    "he": "אל תאחר - פועל עומד, כמו: מדוע אחרו."
                }
            ], 
            "heTitle": "אבן עזרא על תהילים", 
            "indexTitle": "Ibn Ezra on Psalms", 
            "sectionRef": "Ibn Ezra on Psalms 40:18", 
            "prev": "Ibn Ezra on Psalms 40:17", 
            "ref": "Ibn Ezra on Psalms 40:18", 
            "heRef": "אבן עזרא על תהילים מ׳:י״ח", 
            "next": "Ibn Ezra on Psalms 41:2"
        }, 
        "Ibn Ezra on Psalms 40:11": {
            "content": [
                {
                    "segmentNumber": "1", 
                    "links": [
                        {
                            "category": "Tanakh", 
                            "index_title": "Psalms", 
                            "sourceHeRef": "תהילים מ׳:י״א", 
                            "sourceRef": "Psalms 40:11"
                        }
                    ], 
                    "he": "צדקתך - כנגד בשרתי צדק והנה בגלוי ובסתר."
                }
            ], 
            "heTitle": "אבן עזרא על תהילים", 
            "indexTitle": "Ibn Ezra on Psalms", 
            "sectionRef": "Ibn Ezra on Psalms 40:11", 
            "prev": "Ibn Ezra on Psalms 40:10", 
            "ref": "Ibn Ezra on Psalms 40:11", 
            "heRef": "אבן עזרא על תהילים מ׳:י״א", 
            "next": "Ibn Ezra on Psalms 40:12"
        }, 
        "Ibn Ezra on Psalms 40:10": {
            "content": [
                {
                    "segmentNumber": "1", 
                    "links": [
                        {
                            "category": "Tanakh", 
                            "index_title": "Psalms", 
                            "sourceHeRef": "תהילים מ׳:י׳", 
                            "sourceRef": "Psalms 40:10"
                        }
                    ], 
                    "he": "בשרתי צדק - ומלת בשרתי לחבר כל בשר, להגיד דבר חדש טוב או רע, כמו: ויען המבשר."
                }
            ], 
            "heTitle": "אבן עזרא על תהילים", 
            "indexTitle": "Ibn Ezra on Psalms", 
            "sectionRef": "Ibn Ezra on Psalms 40:10", 
            "prev": "Ibn Ezra on Psalms 40:9", 
            "ref": "Ibn Ezra on Psalms 40:10", 
            "heRef": "אבן עזרא על תהילים מ׳:י׳", 
            "next": "Ibn Ezra on Psalms 40:11"
        }, 
        "Ibn Ezra on Psalms 40:13": {
            "content": [
                {
                    "segmentNumber": "1", 
                    "links": [
                        {
                            "category": "Tanakh", 
                            "index_title": "Psalms", 
                            "sourceHeRef": "תהילים מ׳:י״ג", 
                            "sourceRef": "Psalms 40:13"
                        }
                    ], 
                    "he": "כי - העונש והרע הבא על האדם יקרא עון, כי הוא היה הסבה לביאת הרעה, כמו: גדול עוני, ויגדל עון בת עמי, אם יקרך עון וככה השיגוני עונותי ולא יכלתי לראות על דרך וכסה את עין הארץ, בעבור שאין לעונותי מספר, או ולא יכולתי לראות מראה הלב, כמו: וירא יעקב. "
                }, 
                {
                    "segmentNumber": "2", 
                    "links": [
                        {
                            "category": "Tanakh", 
                            "index_title": "Psalms", 
                            "sourceHeRef": "תהילים מ׳:י״ג", 
                            "sourceRef": "Psalms 40:13"
                        }
                    ], 
                    "he": "ולבי עזבני - כאילו נשארתי בלא לב."
                }
            ], 
            "heTitle": "אבן עזרא על תהילים", 
            "indexTitle": "Ibn Ezra on Psalms", 
            "sectionRef": "Ibn Ezra on Psalms 40:13", 
            "prev": "Ibn Ezra on Psalms 40:12", 
            "ref": "Ibn Ezra on Psalms 40:13", 
            "heRef": "אבן עזרא על תהילים מ׳:י״ג", 
            "next": "Ibn Ezra on Psalms 40:14"
        }, 
        "Ibn Ezra on Psalms 40:12": {
            "content": [
                {
                    "segmentNumber": "1", 
                    "links": [
                        {
                            "category": "Tanakh", 
                            "index_title": "Psalms", 
                            "sourceHeRef": "תהילים מ׳:י״ב", 
                            "sourceRef": "Psalms 40:12"
                        }
                    ], 
                    "he": "אתה, חסדך ואמתך - שספרתי לקהל רב, הם יצרוני מכל צר."
                }
            ], 
            "heTitle": "אבן עזרא על תהילים", 
            "indexTitle": "Ibn Ezra on Psalms", 
            "sectionRef": "Ibn Ezra on Psalms 40:12", 
            "prev": "Ibn Ezra on Psalms 40:11", 
            "ref": "Ibn Ezra on Psalms 40:12", 
            "heRef": "אבן עזרא על תהילים מ׳:י״ב", 
            "next": "Ibn Ezra on Psalms 40:13"
        }, 
        "Ibn Ezra on Psalms 40:15": {
            "content": [
                {
                    "segmentNumber": "1", 
                    "links": [
                        {
                            "category": "Tanakh", 
                            "index_title": "Psalms", 
                            "sourceHeRef": "תהילים מ׳:ט״ו", 
                            "sourceRef": "Psalms 40:15"
                        }
                    ], 
                    "he": "יבושו, לספותה - כמו: האף תספה."
                }
            ], 
            "heTitle": "אבן עזרא על תהילים", 
            "indexTitle": "Ibn Ezra on Psalms", 
            "sectionRef": "Ibn Ezra on Psalms 40:15", 
            "prev": "Ibn Ezra on Psalms 40:14", 
            "ref": "Ibn Ezra on Psalms 40:15", 
            "heRef": "אבן עזרא על תהילים מ׳:ט״ו", 
            "next": "Ibn Ezra on Psalms 40:16"
        }, 
        "Ibn Ezra on Psalms 40:14": {
            "content": [
                {
                    "segmentNumber": "1", 
                    "links": [
                        {
                            "category": "Tanakh", 
                            "index_title": "Psalms", 
                            "sourceHeRef": "תהילים מ׳:י״ד", 
                            "sourceRef": "Psalms 40:14"
                        }
                    ], 
                    "he": "רצה, לעזרתי חושה - להיות עזרתי, או שם התאר, כמו לעזרני."
                }
            ], 
            "heTitle": "אבן עזרא על תהילים", 
            "indexTitle": "Ibn Ezra on Psalms", 
            "sectionRef": "Ibn Ezra on Psalms 40:14", 
            "prev": "Ibn Ezra on Psalms 40:13", 
            "ref": "Ibn Ezra on Psalms 40:14", 
            "heRef": "אבן עזרא על תהילים מ׳:י״ד", 
            "next": "Ibn Ezra on Psalms 40:15"
        }, 
        "Ibn Ezra on Psalms 40:17": {
            "content": [
                {
                    "segmentNumber": "1", 
                    "links": [
                        {
                            "category": "Tanakh", 
                            "index_title": "Psalms", 
                            "sourceHeRef": "תהילים מ׳:י״ז", 
                            "sourceRef": "Psalms 40:17"
                        }
                    ], 
                    "he": "ישישו - זה טעם בשרתי צדק."
                }
            ], 
            "heTitle": "אבן עזרא על תהילים", 
            "indexTitle": "Ibn Ezra on Psalms", 
            "sectionRef": "Ibn Ezra on Psalms 40:17", 
            "prev": "Ibn Ezra on Psalms 40:16", 
            "ref": "Ibn Ezra on Psalms 40:17", 
            "heRef": "אבן עזרא על תהילים מ׳:י״ז", 
            "next": "Ibn Ezra on Psalms 40:18"
        }, 
        "Ibn Ezra on Psalms 40:16": {
            "content": [
                {
                    "segmentNumber": "1", 
                    "links": [
                        {
                            "category": "Tanakh", 
                            "index_title": "Psalms", 
                            "sourceHeRef": "תהילים מ׳:ט״ז", 
                            "sourceRef": "Psalms 40:16"
                        }
                    ], 
                    "he": "ישומו - ישומו הם בסוף הבושת שיעשו לי. ויש אומרים: כנגד שכר, כמו לעולם עקב, והנה בשתם על שני פירושים דקדוקו אחד."
                }
            ], 
            "heTitle": "אבן עזרא על תהילים", 
            "indexTitle": "Ibn Ezra on Psalms", 
            "sectionRef": "Ibn Ezra on Psalms 40:16", 
            "prev": "Ibn Ezra on Psalms 40:15", 
            "ref": "Ibn Ezra on Psalms 40:16", 
            "heRef": "אבן עזרא על תהילים מ׳:ט״ז", 
            "next": "Ibn Ezra on Psalms 40:17"
        }
    }, 
    "ref": "Ibn Ezra on Psalms 40"
}