{
    "content": [
        {
            "segmentNumber": "1", 
            "he": "הדעת אם נשא ונתן ביד משלם ואינו חוזר כדאמרינן בהאי מעשה דרבה בר רב הונא אי קבלוך עילוייהו לא תשלם ואי לא זיל שלים ואם לא נשא ונתן ביד הדר דינא ואינו משלם כי טעמא דרב חסדא:"
        }, 
        {
            "segmentNumber": "2", 
            "he": "ובבא רביעאה דליתיה מומחה וקבלוהי בעלי דינים  וטעה בשיקול הדעת ונשא ונתן ביד מה שעשה עשוי וישלם מביתו כדתנן דן את הדין זיכה את החייב חייב את הזכאי טמא את הטהור טיהר את הטמא מה שעשה עשוי וישלם מביתו ואוקמה רב חסדא (בדף לו.) בשנשא ונתן ביד ומדאמרינן בסיפא אם היה מומחה לרבים פטור שמעינן דרישא דקתני ישלם מביתו בדליתיה מומחה והאי מתניתין אוקימנא בפירקא קמא בדקבלוהי בעלי דינין דאמרינן (דף ו.) אמר רבי אבהו שנים שדנו דיני ממונות אין דיניהן דן איתיביה רבי אבא לרבי אבהו דן את הדין זיכה את החייב חייב את הזכאי מה שעשה עשוי וישלם מביתו אמר ליה הכא במאי עסקינן כגון דקבלוה עילויהו אי הכי אמאי וישלם מביתו דאמרי ליה כי קבילנא לך עילוון אדעתא דדיינת לן דינא דאורייתא וקי\"ל כר' אבהו ואם לא נשא ונתן ביד פטור מלשלם והדר דינא כי טעמא דרב חסדא וכדאוקמא למתני' דדיני ממונות מחזירין בין לזכות בין לחובה בשלא נשא ונתן ביד:"
        }, 
        {
            "segmentNumber": "3", 
            "links": [
                {
                    "category": "Talmud", 
                    "index_title": "Bava Kamma", 
                    "sourceHeRef": "בבא קמא ק׳ א", 
                    "sourceRef": "Bava Kamma 100a"
                }
            ], 
            "he": "ובבא חמישאה דליתיה מומחה ולא קבלוהי בעלי דינים הא ודאי דיניה לאו דינא בין טעה ובין לא טעה כרבי אבהו דאמר שנים שדנו אין דיניהן דין וכ\"ש יחיד הלכך אע\"ג דלא טעה ובעא חד מינייהו למהדר למידן קמי דיינא דמומחה מצי הדר ביה ולית ליה להאיך לעכובי עילויה ואי טעה וקא אניס ליה לבעל דין ואפיק מיניה ממונא ונשא ונתן ביד מחייב לשלומי מדיליה והדר הוא שקיל מהאיך משום דדיניה לאו דינא הוא ואם לא נשא ונתן ביד הדר מרי דינא לחבריה ושקיל מיניה מאי דיהיב ליה ואי ליתיה דלישקיל מיניה משלם ליה מדיליה  דכיון דלאו דיינא הוא הוה ליה כגורם לאבד ממון חבירו וקי\"ל (ב\"ק דף ק.) דדיינינן דיני דגרמי וקא חזינן פירושא לחד מרבואתה בהני בבי  כדפרישנא וקאמר דמומחה שטעה בשיקול הדעת ולא נשא ונתן ביד דדיניה דינא ופטור מלשלם וקא גמר לה מהא דגרסינן בדיני ממונות זוטא דף כט:"
        }, 
        {
            "segmentNumber": "4", 
            "he": "ע\"ש  ההוא דהוו קרו ליה עכברא דשכיב אדינרי כי קא שכיב אמר אי הוה לי לאו פרעתינהו לפלוני ופלוני דמסקי בי בתר דשכיב תבעו הנך פלוני ופלוני ליתמי בדינא קמיה דר' ישמעאל בר' יוסי אמר להו כי אמרי' אדם עשוי שלא להשביע את עצמו הני מילי מחיים אבל לאחר מיתה לא אמר להו זילו שלימו ליה שלמו ליה פלגא   אתו לקמיה דר' חייא אמר כשם שאדם עשוי שלא להשביע את עצמו כך אדם עשוי שלא להשביע את בניו   אי הכי נהדר לן ההוא פלגא דיהבינן אמר להו כבר הורה זקן  אמר הואיל ובשיקול הדעת טעה לא הדר דינא והאי שיקול הדעת דקא גמר מיניה מריה דהאי פירושא לא דמי לשיקול הדעת דהכא דאילו הכא קאמרי בהדיא דף ו."
        }, 
        {
            "segmentNumber": "5", 
            "he": "דף לג.  היכי דמי שיקול הדעת כגון תרי אמוראי או תרי תנאי דאיפליגא בהדי הדדי ולא איתמר הלכתא כחד מנייהו וסוגיין דעלמא כחד מינייהו ואזל איהו ועבד כאידך היינו שיקול הדעת וטעמא דהא מילתא דכיון דסוגיין דעלמא כחד מינייהו ואזיל איהו ועבד כאידך איגליא לה מלתא דודאי טעה אלאכיון דלא איתמר בה הלכתא בהדיא לאו דבר משנה הוא ואילו שיקול הדעת דאיפלגו ביה ר' ישמעאל ברבי יוסי ורבי חייא ליכא ראיה לרבי חייא לברורי בה טעותא דרבי ישמעאל בר' יוסי הלכך ליכא כח לאהדוריה לעובדא דידיה ומשום הכי קאמר כבר הורה זקן הלכך ליכא למיגמר מהא מעשה למי שטעה בשיקול הדעת שאינו חוזר:"
        }, 
        {
            "segmentNumber": "6", 
            "he": "וקאמר נמי מומחה שטעה בשיקול הדעת ולא נשא ונתן ביד  ושאינו מומחה דטעה בשיקול הדעת ולא נשא ונתן ביד שניהן מה שעשו עשוי ואין חייבין לשלם שהרי לא נשאו ולא נתנו ביד וא\"כ ששניהם מה שעשו עשוי מתניתין דקתני דיני ממונות מחזירין בין לזכות בין לחובה ואוקמה רב חסדא בשלא נשא ונתן ביד היכי משכחת לה:"
        }, 
        {
            "segmentNumber": "7", 
            "he": "וחזינן ליה נמי דקאמר דהאי דאוקימנא למתני' דדן את הדין זיכה את החייב וכו' בשנשא ונתן ביד כי היכי דלא ליסתמוה כר' מאיר דדאין דינא דגרמי והשתא דסבירא לן כר' מאיר מי שאינו מומחה שטעה בשיקול הדעת אע\"פ שלא נשא ונתן ביד אם אין הדבר מצוי שיחזור לחבירו ונתברר כי הוא גרם לממונו של זה שיאבד הרי הוא חייב לשלם והאי סברא נמי ליתיה דהאי דאמר ר' אלעא אמר רבא מתניתין דתנן מה שעשה עשוי וישלם מביתו והוא שנשא ונתן ביד דברי הכל הוא ואפילו לר\"מ דכי אית ליה לר\"מ דינא דגרמי  בדינא דנזיקין הוא דאית ליה הכי אבל גבי דיינא לית ליה האי סברא דא\"כ אין לך אדם שאינו מומחה שנעשה דיין לעולם ועוד אי משום דינא   דגרמי קמחייבת ליה אפילו טעה בדבר משנה נמי אם אין הדבר מצוי שיחזור לבעליו ונתברר כי הוא גרם לממון של זה שיאבד לדבריו יהא חייב ולמה יהא פטור והלא הוא גם הוא גורם לאבד ממונו של זה וכי מפני שטעה בדבר משנה יהא נשכר ועוד דהא רב חסדא נמי אוקמה למתניתין בשנשא ונתן ביד ולא לדחוייה מדר' מאיר קא בעי אלא בסברא דקושטא קא מוקים לה למתני' ואוקמתא דסמכא קא מוקים לה ולאו אוקמתא דדחייה בעלמא הלכך דינא כדקא מוקים רב חסדא וליכא למינד מינה ולית בה ספיקא:"
        }, 
        {
            "segmentNumber": "8", 
            "he": "  "
        }, 
        {
            "segmentNumber": "9", 
            "he": "מתני'"
        }, 
        {
            "segmentNumber": "10", 
            "he": "   דיני  ממונות דנין ביום וגומרין בלילה ודיני נפשות דנין ביום וגומרין ביום ׃ "
        }, 
        {
            "segmentNumber": "11", 
            "he": "גמ'"
        }, 
        {
            "segmentNumber": "12", 
            "links": [
                {
                    "category": "Talmud", 
                    "index_title": "Sanhedrin", 
                    "sourceHeRef": "סנהדרין ל״ד ב", 
                    "sourceRef": "Sanhedrin 34b"
                }
            ], 
            "he": "   מנא הני מילי א\"ר אחא בר פפא דאמר קרא  שמות יח  ושפטו את העם בכל עת אי הכי תחלת דין נמי כדרבה דרבה רמי כתיב ושפטו את העם בכל עת וכתיב  דברים כא  והיה ביום "
        }
    ], 
    "heTitle": "רי\"ף סנהדרין י״ב ב", 
    "indexTitle": "Rif Sanhedrin", 
    "sectionRef": "Rif Sanhedrin 12b", 
    "prev": "Rif Sanhedrin 12a", 
    "ref": "Rif Sanhedrin 12b", 
    "heRef": "רי\"ף סנהדרין י״ב ב", 
    "next": "Rif Sanhedrin 13a"
}