{
    "heTitleVariants": [
        "משנה סנהדרין"
    ], 
    "heTitle": "משנה סנהדרין", 
    "heRef": "משנה סנהדרין ב׳", 
    "toSections": [
        2
    ], 
    "sectionRef": "Mishnah Sanhedrin 2", 
    "lengths": [
        11, 
        71
    ], 
    "next": "Mishnah Sanhedrin 3", 
    "content": [
        {
            "segmentNumber": "1", 
            "he": "כהן גדול דן ודנין אותו, מעיד ומעידין אותו, חולץ וחולצין לאשתו,ומיבמין את אשתו, אבל הוא אינו מיבם, מפני שהוא אסור באלמנה. מת לו מת, אינו יוצא אחר המטה, אלא הן נכסין והוא נגלה, הן נגלין והוא נכסה, ויוצא עמהן עד פתח העיר, דברי רבי מאיר. רבי יהודה אומר, אינו יוצא מן המקדש, שנאמר (ויקרא כא, יב) ומן המקדש לא יצא. וכשהוא מנחם אחרים, דרך כל העם עוברין בזה אחר זה, והממנה ממצעו בינו לבין העם. וכשהוא מתנחם מאחרים, כל העם אומרין לו אנו כפרתך, והוא אומר להן, תתברכו מן השמים. וכשמברין אותו, כל העם מסבין על הארץ והוא מסב על הספסל.", 
            "links": [
                {
                    "category": "Tanach", 
                    "sourceHeRef": "ויקרא כ״א:י״ב", 
                    "sourceRef": "Leviticus 21:12", 
                    "ref": "Leviticus 21:12"
                }, 
                {
                    "category": "Tanach", 
                    "sourceHeRef": "ויקרא כ״א:י״ב", 
                    "sourceRef": "Leviticus 21:12", 
                    "ref": "Leviticus 21:12"
                }, 
                {
                    "category": "Commentary", 
                    "sourceHeRef": "עיקר תוספות יום טוב על משנה סנהדרין ב׳:א׳:א׳", 
                    "sourceRef": "Ikar Tosafot Yom Tov on Mishnah Sanhedrin 2:1:1", 
                    "ref": "Ikar Tosafot Yom Tov on Mishnah Sanhedrin 2:1:1"
                }, 
                {
                    "category": "Commentary", 
                    "sourceHeRef": "עיקר תוספות יום טוב על משנה סנהדרין ב׳:א׳:ב׳", 
                    "sourceRef": "Ikar Tosafot Yom Tov on Mishnah Sanhedrin 2:1:2", 
                    "ref": "Ikar Tosafot Yom Tov on Mishnah Sanhedrin 2:1:2"
                }, 
                {
                    "category": "Commentary", 
                    "sourceHeRef": "עיקר תוספות יום טוב על משנה סנהדרין ב׳:א׳:ג׳", 
                    "sourceRef": "Ikar Tosafot Yom Tov on Mishnah Sanhedrin 2:1:3", 
                    "ref": "Ikar Tosafot Yom Tov on Mishnah Sanhedrin 2:1:3"
                }, 
                {
                    "category": "Commentary", 
                    "sourceHeRef": "עיקר תוספות יום טוב על משנה סנהדרין ב׳:א׳:ד׳", 
                    "sourceRef": "Ikar Tosafot Yom Tov on Mishnah Sanhedrin 2:1:4", 
                    "ref": "Ikar Tosafot Yom Tov on Mishnah Sanhedrin 2:1:4"
                }, 
                {
                    "category": "Commentary", 
                    "sourceHeRef": "עיקר תוספות יום טוב על משנה סנהדרין ב׳:א׳:ה׳", 
                    "sourceRef": "Ikar Tosafot Yom Tov on Mishnah Sanhedrin 2:1:5", 
                    "ref": "Ikar Tosafot Yom Tov on Mishnah Sanhedrin 2:1:5"
                }, 
                {
                    "category": "Commentary", 
                    "sourceHeRef": "עיקר תוספות יום טוב על משנה סנהדרין ב׳:א׳:ו׳", 
                    "sourceRef": "Ikar Tosafot Yom Tov on Mishnah Sanhedrin 2:1:6", 
                    "ref": "Ikar Tosafot Yom Tov on Mishnah Sanhedrin 2:1:6"
                }, 
                {
                    "category": "Commentary", 
                    "sourceHeRef": "ברטנורא על משנה סנהדרין ב׳:א׳:א׳", 
                    "sourceRef": "Bartenura on Mishnah Sanhedrin 2:1:1", 
                    "ref": "Bartenura on Mishnah Sanhedrin 2:1:1"
                }, 
                {
                    "category": "Commentary", 
                    "sourceHeRef": "ברטנורא על משנה סנהדרין ב׳:א׳:ב׳", 
                    "sourceRef": "Bartenura on Mishnah Sanhedrin 2:1:2", 
                    "ref": "Bartenura on Mishnah Sanhedrin 2:1:2"
                }, 
                {
                    "category": "Commentary", 
                    "sourceHeRef": "ברטנורא על משנה סנהדרין ב׳:א׳:ג׳", 
                    "sourceRef": "Bartenura on Mishnah Sanhedrin 2:1:3", 
                    "ref": "Bartenura on Mishnah Sanhedrin 2:1:3"
                }, 
                {
                    "category": "Commentary", 
                    "sourceHeRef": "ברטנורא על משנה סנהדרין ב׳:א׳:ד׳", 
                    "sourceRef": "Bartenura on Mishnah Sanhedrin 2:1:4", 
                    "ref": "Bartenura on Mishnah Sanhedrin 2:1:4"
                }, 
                {
                    "category": "Commentary", 
                    "sourceHeRef": "ברטנורא על משנה סנהדרין ב׳:א׳:ה׳", 
                    "sourceRef": "Bartenura on Mishnah Sanhedrin 2:1:5", 
                    "ref": "Bartenura on Mishnah Sanhedrin 2:1:5"
                }, 
                {
                    "category": "Commentary", 
                    "sourceHeRef": "ברטנורא על משנה סנהדרין ב׳:א׳:ו׳", 
                    "sourceRef": "Bartenura on Mishnah Sanhedrin 2:1:6", 
                    "ref": "Bartenura on Mishnah Sanhedrin 2:1:6"
                }, 
                {
                    "category": "Commentary", 
                    "sourceHeRef": "ברטנורא על משנה סנהדרין ב׳:א׳:ז׳", 
                    "sourceRef": "Bartenura on Mishnah Sanhedrin 2:1:7", 
                    "ref": "Bartenura on Mishnah Sanhedrin 2:1:7"
                }, 
                {
                    "category": "Commentary", 
                    "sourceHeRef": "ברטנורא על משנה סנהדרין ב׳:א׳:ח׳", 
                    "sourceRef": "Bartenura on Mishnah Sanhedrin 2:1:8", 
                    "ref": "Bartenura on Mishnah Sanhedrin 2:1:8"
                }, 
                {
                    "category": "Commentary", 
                    "sourceHeRef": "ברטנורא על משנה סנהדרין ב׳:א׳:ט׳", 
                    "sourceRef": "Bartenura on Mishnah Sanhedrin 2:1:9", 
                    "ref": "Bartenura on Mishnah Sanhedrin 2:1:9"
                }, 
                {
                    "category": "Commentary", 
                    "sourceHeRef": "ברטנורא על משנה סנהדרין ב׳:א׳:י׳", 
                    "sourceRef": "Bartenura on Mishnah Sanhedrin 2:1:10", 
                    "ref": "Bartenura on Mishnah Sanhedrin 2:1:10"
                }, 
                {
                    "category": "Commentary", 
                    "sourceHeRef": "ברטנורא על משנה סנהדרין ב׳:א׳:י״א", 
                    "sourceRef": "Bartenura on Mishnah Sanhedrin 2:1:11", 
                    "ref": "Bartenura on Mishnah Sanhedrin 2:1:11"
                }, 
                {
                    "category": "Tanach", 
                    "sourceHeRef": "ויקרא כ״א:י״א", 
                    "sourceRef": "Leviticus 21:11", 
                    "ref": "Leviticus 21:11"
                }, 
                {
                    "category": "Commentary", 
                    "sourceHeRef": "רמב\"ם על משנה סנהדרין ב׳:א׳:א׳", 
                    "sourceRef": "Rambam on Mishnah Sanhedrin 2:1:1", 
                    "ref": "Rambam on Mishnah Sanhedrin 2:1:1"
                }
            ], 
            "text": "The High Priest may judge and be judged [himself]; may testify and others may testify against him; may perform <i>chalitzah</i> [declination of levirate marriage] and others may perform <i>chalitzah</i> for his widow; and others may marry her through levirate marriage, but he may not marry another through levirate marriage, because he is forbidden to marry a widow. [When his relative] dies, he may not follow the bier; rather, when they are concealed [from his view] he may be present, and once they appear he must be concealed [from their view], and he may follow them [in this manner] until the opening [gates] of the city. These are the words of Rabbi Meir. Rabbi Yehudah says, he may not leave from the Temple, as it says, (Leviticus 21:12) \"And from the Temple, he may not leave.\" When he comforts other [mourners], it is the custom that all the people pass by one after one, and the appointed [substitute High Priest] interposes himself between [the High Priest] and the people. When he is being comforted by others, all the people say to him, \"We are your atonement,\" and he says to them, \"From heaven shall you be blessed.\" And when he is fed in comfort, all the people sit on the ground, and he sits on the stool."
        }, 
        {
            "segmentNumber": "2", 
            "he": "המלך לא דן ולא דנין אותו, לא מעיד ולא מעידין אותו, לא חולץ ולא חולצין לאשתו, לא מיבם ולא מיבמין לאשתו. רבי יהודה אומר, אם רצה לחלוץ או ליבם, זכור לטוב. אמרו לו, אין שומעין לו. ואין נושאין אלמנתו. רבי יהודה אומר, נושא המלך אלמנתו של מלך, שכן מצינו בדוד שנשא אלמנתו שלשאול, שנאמר (שמואל ב יב, ח) ואתנה לך את בית אדניך ואת נשי אדניך בחיקך.", 
            "links": [
                {
                    "category": "Tanach", 
                    "sourceHeRef": "שמואל ב י״ב:י״ח", 
                    "sourceRef": "II Samuel 12:18", 
                    "ref": "II Samuel 12:18"
                }, 
                {
                    "category": "Tanach", 
                    "sourceHeRef": "שמואל ב י״ב:ח׳", 
                    "sourceRef": "II Samuel 12:8", 
                    "ref": "II Samuel 12:8"
                }, 
                {
                    "category": "Tanach", 
                    "sourceHeRef": "שמואל ב י״ב:ח׳", 
                    "sourceRef": "II Samuel 12:8", 
                    "ref": "II Samuel 12:8"
                }, 
                {
                    "category": "Commentary", 
                    "sourceHeRef": "עיקר תוספות יום טוב על משנה סנהדרין ב׳:ב׳:א׳", 
                    "sourceRef": "Ikar Tosafot Yom Tov on Mishnah Sanhedrin 2:2:1", 
                    "ref": "Ikar Tosafot Yom Tov on Mishnah Sanhedrin 2:2:1"
                }, 
                {
                    "category": "Commentary", 
                    "sourceHeRef": "עיקר תוספות יום טוב על משנה סנהדרין ב׳:ב׳:ב׳", 
                    "sourceRef": "Ikar Tosafot Yom Tov on Mishnah Sanhedrin 2:2:2", 
                    "ref": "Ikar Tosafot Yom Tov on Mishnah Sanhedrin 2:2:2"
                }, 
                {
                    "category": "Commentary", 
                    "sourceHeRef": "עיקר תוספות יום טוב על משנה סנהדרין ב׳:ב׳:ג׳", 
                    "sourceRef": "Ikar Tosafot Yom Tov on Mishnah Sanhedrin 2:2:3", 
                    "ref": "Ikar Tosafot Yom Tov on Mishnah Sanhedrin 2:2:3"
                }, 
                {
                    "category": "Commentary", 
                    "sourceHeRef": "עיקר תוספות יום טוב על משנה סנהדרין ב׳:ב׳:ד׳", 
                    "sourceRef": "Ikar Tosafot Yom Tov on Mishnah Sanhedrin 2:2:4", 
                    "ref": "Ikar Tosafot Yom Tov on Mishnah Sanhedrin 2:2:4"
                }, 
                {
                    "category": "Commentary", 
                    "sourceHeRef": "עיקר תוספות יום טוב על משנה סנהדרין ב׳:ב׳:ה׳", 
                    "sourceRef": "Ikar Tosafot Yom Tov on Mishnah Sanhedrin 2:2:5", 
                    "ref": "Ikar Tosafot Yom Tov on Mishnah Sanhedrin 2:2:5"
                }, 
                {
                    "category": "Commentary", 
                    "sourceHeRef": "עיקר תוספות יום טוב על משנה סנהדרין ב׳:ב׳:ו׳", 
                    "sourceRef": "Ikar Tosafot Yom Tov on Mishnah Sanhedrin 2:2:6", 
                    "ref": "Ikar Tosafot Yom Tov on Mishnah Sanhedrin 2:2:6"
                }, 
                {
                    "category": "Commentary", 
                    "sourceHeRef": "ברטנורא על משנה סנהדרין ב׳:ב׳:א׳", 
                    "sourceRef": "Bartenura on Mishnah Sanhedrin 2:2:1", 
                    "ref": "Bartenura on Mishnah Sanhedrin 2:2:1"
                }, 
                {
                    "category": "Commentary", 
                    "sourceHeRef": "ברטנורא על משנה סנהדרין ב׳:ב׳:ב׳", 
                    "sourceRef": "Bartenura on Mishnah Sanhedrin 2:2:2", 
                    "ref": "Bartenura on Mishnah Sanhedrin 2:2:2"
                }, 
                {
                    "category": "Commentary", 
                    "sourceHeRef": "ברטנורא על משנה סנהדרין ב׳:ב׳:ג׳", 
                    "sourceRef": "Bartenura on Mishnah Sanhedrin 2:2:3", 
                    "ref": "Bartenura on Mishnah Sanhedrin 2:2:3"
                }, 
                {
                    "category": "Tanach", 
                    "sourceHeRef": "ירמיהו כ״א:י״ב", 
                    "sourceRef": "Jeremiah 21:12", 
                    "ref": "Jeremiah 21:12"
                }, 
                {
                    "category": "Commentary", 
                    "sourceHeRef": "רמב\"ם על משנה סנהדרין ב׳:ב׳:א׳", 
                    "sourceRef": "Rambam on Mishnah Sanhedrin 2:2:1", 
                    "ref": "Rambam on Mishnah Sanhedrin 2:2:1"
                }
            ], 
            "text": "The king may not judge nor be judged himself; may not testify, nor may others testify against him; may not perform <i>chalitzah</i>, nor may others perform <i>chalitzah</i> for his wife; and may not marry through levirate marriage, nor may others marry his wife through levirate marriage. Rabbi Yehudah says, if he wishes to perform <i>chalitzah</i> or marry through Levirate marriage, he is remembered for good [i.e. it is meritorious]. [The Sages] said to him: We do not listen to [the king in this respect]. And none may marry his widow. Rabbi Yehudah says, a king may marry the widow of [another] king, for thus we find with respect to David, who married the widow of Saul, as it says (II Samuel 12:8), \"And I gave you the house of your master, and the wives of your master in your bosom.\""
        }, 
        {
            "segmentNumber": "3", 
            "he": "מת לו מת, אינו יוצא מפתח פלטרין שלו. רבי יהודה אומר, אם רוצה לצאת אחר המטה, יוצא, שכן מצינו בדוד שיצא אחר מטתו שלאבנר, שנאמר (שמואל ב ג, לא) והמלך דוד הלך אחרי המטה. אמרו לו, לא היה הדבר אלא לפיס את העם. וכשמברין אותו, כל העם מסבין על הארץ והוא מסב על הדרגש.", 
            "links": [
                {
                    "category": "Tanach", 
                    "sourceHeRef": "שמואל ב ג׳:ל״א", 
                    "sourceRef": "II Samuel 3:31", 
                    "ref": "II Samuel 3:31"
                }, 
                {
                    "category": "Tanach", 
                    "sourceHeRef": "שמואל ב ג׳:ל״א", 
                    "sourceRef": "II Samuel 3:31", 
                    "ref": "II Samuel 3:31"
                }, 
                {
                    "category": "Commentary", 
                    "sourceHeRef": "עיקר תוספות יום טוב על משנה סנהדרין ב׳:ג׳:א׳", 
                    "sourceRef": "Ikar Tosafot Yom Tov on Mishnah Sanhedrin 2:3:1", 
                    "ref": "Ikar Tosafot Yom Tov on Mishnah Sanhedrin 2:3:1"
                }, 
                {
                    "category": "Commentary", 
                    "sourceHeRef": "ברטנורא על משנה סנהדרין ב׳:ג׳:א׳", 
                    "sourceRef": "Bartenura on Mishnah Sanhedrin 2:3:1", 
                    "ref": "Bartenura on Mishnah Sanhedrin 2:3:1"
                }, 
                {
                    "category": "Commentary", 
                    "sourceHeRef": "ברטנורא על משנה סנהדרין ב׳:ג׳:ב׳", 
                    "sourceRef": "Bartenura on Mishnah Sanhedrin 2:3:2", 
                    "ref": "Bartenura on Mishnah Sanhedrin 2:3:2"
                }, 
                {
                    "category": "Commentary", 
                    "sourceHeRef": "ברטנורא על משנה סנהדרין ב׳:ג׳:ג׳", 
                    "sourceRef": "Bartenura on Mishnah Sanhedrin 2:3:3", 
                    "ref": "Bartenura on Mishnah Sanhedrin 2:3:3"
                }, 
                {
                    "category": "Commentary", 
                    "sourceHeRef": "רמב\"ם על משנה סנהדרין ב׳:ג׳:א׳", 
                    "sourceRef": "Rambam on Mishnah Sanhedrin 2:3:1", 
                    "ref": "Rambam on Mishnah Sanhedrin 2:3:1"
                }, 
                {
                    "category": "Talmud", 
                    "sourceHeRef": "סנהדרין כ׳ א:י״א-י״ד", 
                    "sourceRef": "Sanhedrin 20a:11-14", 
                    "ref": "Sanhedrin 20a:11-14"
                }
            ], 
            "text": "[When his relative] dies, he may not go out from the opening of his palace. Rabbi Yehudah says, if he wishes to go out to follow the bier, he may, for thus we find with respect to David, for David went out to follow the bier of Abner, as it says, (II Samuel 3:31), \"And King David followed the bier.\" [The Sages] said to him: that matter was only done to appease the people. And when he is fed in comfort, all the people sit on the ground, and he sits on a couch."
        }, 
        {
            "segmentNumber": "4", 
            "he": "ומוציא למלחמת הרשות על פי בית דין שלשבעים ואחד. ופורץ לעשות לו דרך, ואין ממחין בידו. דרך המלך אין לו שעור. וכל העם בוזזין ונותנין לפניו, והוא נוטל חלק בראש. (דברים יז, יז) לא ירבה לו נשים, אלא שמונה עשרה. רבי יהודה אומר, מרבה הוא לו ובלבד שלא יהו מסירות את לבו. רבי שמעון אומר, אפלו אחת ומסירה את לבו, הרי זה לא ישאנה. אם כן למה נאמר (דברים יז, יז) ולא ירבה לו נשים, אפלו כאביגיל. (דברים יז, טז) לא ירבה לו סוסים, אלא כדי מרכבתו. (דברים יז, יז) וכסף וזהב לא ירבה לו מאד, אלא כדי לתן אספניא. וכותב לו ספר תורה לשמו. יוצא למלחמה, מוציאה עמו. נכנס, מכניסה עמו. יושב בדין, היא עמו. מסב, היא כנגדו, שנאמר (דברים יז, טז) והיתה עמו וקרא בו כל ימי חייו.", 
            "links": [
                {
                    "category": "Tanach", 
                    "sourceHeRef": "דברים י״ז:י״ז", 
                    "sourceRef": "Deuteronomy 17:17", 
                    "ref": "Deuteronomy 17:17"
                }, 
                {
                    "category": "Tanach", 
                    "sourceHeRef": "דברים י״ז:י״ז", 
                    "sourceRef": "Deuteronomy 17:17", 
                    "ref": "Deuteronomy 17:17"
                }, 
                {
                    "category": "Tanach", 
                    "sourceHeRef": "דברים י״ז:ט״ז", 
                    "sourceRef": "Deuteronomy 17:16", 
                    "ref": "Deuteronomy 17:16"
                }, 
                {
                    "category": "Commentary", 
                    "sourceHeRef": "עיקר תוספות יום טוב על משנה סנהדרין ב׳:ד׳:א׳", 
                    "sourceRef": "Ikar Tosafot Yom Tov on Mishnah Sanhedrin 2:4:1", 
                    "ref": "Ikar Tosafot Yom Tov on Mishnah Sanhedrin 2:4:1"
                }, 
                {
                    "category": "Commentary", 
                    "sourceHeRef": "עיקר תוספות יום טוב על משנה סנהדרין ב׳:ד׳:ב׳", 
                    "sourceRef": "Ikar Tosafot Yom Tov on Mishnah Sanhedrin 2:4:2", 
                    "ref": "Ikar Tosafot Yom Tov on Mishnah Sanhedrin 2:4:2"
                }, 
                {
                    "category": "Commentary", 
                    "sourceHeRef": "עיקר תוספות יום טוב על משנה סנהדרין ב׳:ד׳:ג׳", 
                    "sourceRef": "Ikar Tosafot Yom Tov on Mishnah Sanhedrin 2:4:3", 
                    "ref": "Ikar Tosafot Yom Tov on Mishnah Sanhedrin 2:4:3"
                }, 
                {
                    "category": "Commentary", 
                    "sourceHeRef": "עיקר תוספות יום טוב על משנה סנהדרין ב׳:ד׳:ד׳", 
                    "sourceRef": "Ikar Tosafot Yom Tov on Mishnah Sanhedrin 2:4:4", 
                    "ref": "Ikar Tosafot Yom Tov on Mishnah Sanhedrin 2:4:4"
                }, 
                {
                    "category": "Commentary", 
                    "sourceHeRef": "עיקר תוספות יום טוב על משנה סנהדרין ב׳:ד׳:ה׳", 
                    "sourceRef": "Ikar Tosafot Yom Tov on Mishnah Sanhedrin 2:4:5", 
                    "ref": "Ikar Tosafot Yom Tov on Mishnah Sanhedrin 2:4:5"
                }, 
                {
                    "category": "Commentary", 
                    "sourceHeRef": "עיקר תוספות יום טוב על משנה סנהדרין ב׳:ד׳:ו׳", 
                    "sourceRef": "Ikar Tosafot Yom Tov on Mishnah Sanhedrin 2:4:6", 
                    "ref": "Ikar Tosafot Yom Tov on Mishnah Sanhedrin 2:4:6"
                }, 
                {
                    "category": "Commentary", 
                    "sourceHeRef": "עיקר תוספות יום טוב על משנה סנהדרין ב׳:ד׳:ז׳", 
                    "sourceRef": "Ikar Tosafot Yom Tov on Mishnah Sanhedrin 2:4:7", 
                    "ref": "Ikar Tosafot Yom Tov on Mishnah Sanhedrin 2:4:7"
                }, 
                {
                    "category": "Commentary", 
                    "sourceHeRef": "עיקר תוספות יום טוב על משנה סנהדרין ב׳:ד׳:ח׳", 
                    "sourceRef": "Ikar Tosafot Yom Tov on Mishnah Sanhedrin 2:4:8", 
                    "ref": "Ikar Tosafot Yom Tov on Mishnah Sanhedrin 2:4:8"
                }, 
                {
                    "category": "Commentary", 
                    "sourceHeRef": "עיקר תוספות יום טוב על משנה סנהדרין ב׳:ד׳:ט׳", 
                    "sourceRef": "Ikar Tosafot Yom Tov on Mishnah Sanhedrin 2:4:9", 
                    "ref": "Ikar Tosafot Yom Tov on Mishnah Sanhedrin 2:4:9"
                }, 
                {
                    "category": "Commentary", 
                    "sourceHeRef": "ברטנורא על משנה סנהדרין ב׳:ד׳:א׳", 
                    "sourceRef": "Bartenura on Mishnah Sanhedrin 2:4:1", 
                    "ref": "Bartenura on Mishnah Sanhedrin 2:4:1"
                }, 
                {
                    "category": "Commentary", 
                    "sourceHeRef": "ברטנורא על משנה סנהדרין ב׳:ד׳:ב׳", 
                    "sourceRef": "Bartenura on Mishnah Sanhedrin 2:4:2", 
                    "ref": "Bartenura on Mishnah Sanhedrin 2:4:2"
                }, 
                {
                    "category": "Commentary", 
                    "sourceHeRef": "ברטנורא על משנה סנהדרין ב׳:ד׳:ג׳", 
                    "sourceRef": "Bartenura on Mishnah Sanhedrin 2:4:3", 
                    "ref": "Bartenura on Mishnah Sanhedrin 2:4:3"
                }, 
                {
                    "category": "Commentary", 
                    "sourceHeRef": "ברטנורא על משנה סנהדרין ב׳:ד׳:ד׳", 
                    "sourceRef": "Bartenura on Mishnah Sanhedrin 2:4:4", 
                    "ref": "Bartenura on Mishnah Sanhedrin 2:4:4"
                }, 
                {
                    "category": "Commentary", 
                    "sourceHeRef": "ברטנורא על משנה סנהדרין ב׳:ד׳:ה׳", 
                    "sourceRef": "Bartenura on Mishnah Sanhedrin 2:4:5", 
                    "ref": "Bartenura on Mishnah Sanhedrin 2:4:5"
                }, 
                {
                    "category": "Commentary", 
                    "sourceHeRef": "ברטנורא על משנה סנהדרין ב׳:ד׳:ו׳", 
                    "sourceRef": "Bartenura on Mishnah Sanhedrin 2:4:6", 
                    "ref": "Bartenura on Mishnah Sanhedrin 2:4:6"
                }, 
                {
                    "category": "Commentary", 
                    "sourceHeRef": "ברטנורא על משנה סנהדרין ב׳:ד׳:ז׳", 
                    "sourceRef": "Bartenura on Mishnah Sanhedrin 2:4:7", 
                    "ref": "Bartenura on Mishnah Sanhedrin 2:4:7"
                }, 
                {
                    "category": "Commentary", 
                    "sourceHeRef": "ברטנורא על משנה סנהדרין ב׳:ד׳:ח׳", 
                    "sourceRef": "Bartenura on Mishnah Sanhedrin 2:4:8", 
                    "ref": "Bartenura on Mishnah Sanhedrin 2:4:8"
                }, 
                {
                    "category": "Commentary", 
                    "sourceHeRef": "ברטנורא על משנה סנהדרין ב׳:ד׳:ט׳", 
                    "sourceRef": "Bartenura on Mishnah Sanhedrin 2:4:9", 
                    "ref": "Bartenura on Mishnah Sanhedrin 2:4:9"
                }, 
                {
                    "category": "Commentary", 
                    "sourceHeRef": "ברטנורא על משנה סנהדרין ב׳:ד׳:י׳", 
                    "sourceRef": "Bartenura on Mishnah Sanhedrin 2:4:10", 
                    "ref": "Bartenura on Mishnah Sanhedrin 2:4:10"
                }, 
                {
                    "category": "Commentary", 
                    "sourceHeRef": "ברטנורא על משנה סנהדרין ב׳:ד׳:י״א", 
                    "sourceRef": "Bartenura on Mishnah Sanhedrin 2:4:11", 
                    "ref": "Bartenura on Mishnah Sanhedrin 2:4:11"
                }, 
                {
                    "category": "Tanach", 
                    "sourceHeRef": "שמואל ב י״ב:ח׳", 
                    "sourceRef": "II Samuel 12:8", 
                    "ref": "II Samuel 12:8"
                }, 
                {
                    "category": "Commentary", 
                    "sourceHeRef": "רמב\"ם על משנה סנהדרין ב׳:ד׳:א׳", 
                    "sourceRef": "Rambam on Mishnah Sanhedrin 2:4:1", 
                    "ref": "Rambam on Mishnah Sanhedrin 2:4:1"
                }, 
                {
                    "category": "Talmud", 
                    "sourceHeRef": "סנהדרין כ׳ ב:י״ב-י״ד", 
                    "sourceRef": "Sanhedrin 20b:12-14", 
                    "ref": "Sanhedrin 20b:12-14"
                }, 
                {
                    "category": "Talmud", 
                    "sourceHeRef": "סנהדרין כ״א ב:י״ד-ט״ז", 
                    "sourceRef": "Sanhedrin 21b:14-16", 
                    "ref": "Sanhedrin 21b:14-16"
                }
            ], 
            "text": "[The King] may lead [the people] out to an optional war with the consent of the court of seventy-one. He can break through [private property] to build a road, and none may object. The king's road has no measure. And everything that the nation plunders, they place in front of him, and he takes the first portion. \"He may not amass too many wives\" (Deuteronomy 17:17), only eighteen. Rabbi Yehudah says, he may amass more, so long as they do not lead his heart astray. Rabbi Shimon says, even one who leads his heart astray he may not marry. If so, why does it say, (Deuteronomy 17:17) \"He may not amass too many wives\"? [This condition applies even if she is] like Abigail. \"He may not amass too many horses\" (Deuteronomy 17:16), only enough for his chariots. \"And excessive silver and gold he may not amass\" (Deuteronomy 17:17), only enough to pay his soldiers' wages. He must write a Torah scroll for himself. [When] he goes to war, he takes it out with him. [When] he enters, he brings it with him. [When] he sits in judgment, it is with him. [When] he sits [at a meal], it is opposite him, as it says, (Deuteronomy 17:16), \"And it shall be with him, and he shall read therein all the days of his life.\""
        }, 
        {
            "segmentNumber": "5", 
            "he": "אין רוכבין על סוסו, ואין יושבין על כסאו, ואין משתמשין בשרביטו, ואין רואין אותו כשהוא מסתפר, ולא כשהוא ערם ולא בבית המרחץ, שנאמר (דברים יז, טז) שום תשים עליך מלך, שתהא אימתו עליך.", 
            "links": [
                {
                    "category": "Tanach", 
                    "sourceHeRef": "דברים י״ז:ט״ז", 
                    "sourceRef": "Deuteronomy 17:16", 
                    "ref": "Deuteronomy 17:16"
                }, 
                {
                    "category": "Tanach", 
                    "sourceHeRef": "דברים י״ז:ט״ז", 
                    "sourceRef": "Deuteronomy 17:16", 
                    "ref": "Deuteronomy 17:16"
                }, 
                {
                    "category": "Commentary", 
                    "sourceHeRef": "עיקר תוספות יום טוב על משנה סנהדרין ב׳:ה׳:א׳", 
                    "sourceRef": "Ikar Tosafot Yom Tov on Mishnah Sanhedrin 2:5:1", 
                    "ref": "Ikar Tosafot Yom Tov on Mishnah Sanhedrin 2:5:1"
                }, 
                {
                    "category": "Commentary", 
                    "sourceHeRef": "ברטנורא על משנה סנהדרין ב׳:ה׳:א׳", 
                    "sourceRef": "Bartenura on Mishnah Sanhedrin 2:5:1", 
                    "ref": "Bartenura on Mishnah Sanhedrin 2:5:1"
                }, 
                {
                    "category": "Tanach", 
                    "sourceHeRef": "דברים י״ז:ט״ו", 
                    "sourceRef": "Deuteronomy 17:15", 
                    "ref": "Deuteronomy 17:15"
                }, 
                {
                    "category": "Commentary", 
                    "sourceHeRef": "רמב\"ם על משנה סנהדרין ב׳:ה׳:א׳", 
                    "sourceRef": "Rambam on Mishnah Sanhedrin 2:5:1", 
                    "ref": "Rambam on Mishnah Sanhedrin 2:5:1"
                }, 
                {
                    "category": "Talmud", 
                    "sourceHeRef": "סנהדרין כ״ב א:כ״ח", 
                    "sourceRef": "Sanhedrin 22a:28", 
                    "ref": "Sanhedrin 22a:28"
                }
            ], 
            "text": "No one may ride his horse; and no one may sit on his throne; and no one may use his scepter; and no one may look at him while his hair is being cut, nor while he is nude, nor while he is in the bathhouse, as it says, (Deuteronomy 17:16) \"Set a king over yourself,\" [such that] his awe shall be over you."
        }
    ], 
    "book": "Mishnah Sanhedrin", 
    "prev": "Mishnah Sanhedrin 1", 
    "textDepth": 2, 
    "sectionNames": [
        "Chapter", 
        "Mishna"
    ], 
    "sections": [
        2
    ], 
    "isComplex": false, 
    "titleVariants": [
        "Mishna Sanhedrin", 
        "M. Sanhedrin", 
        "M Sanhedrin", 
        "Mishnah Sanhedrin"
    ], 
    "categories": [
        "Mishnah", 
        "Seder Nezikin"
    ], 
    "ref": "Mishnah Sanhedrin 2", 
    "type": "Mishnah", 
    "addressTypes": [
        "Perek", 
        "Mishnah"
    ], 
    "length": 11, 
    "indexTitle": "Mishnah Sanhedrin", 
    "heIndexTitle": "משנה סנהדרין", 
    "alts": [], 
    "order": [
        34, 
        4
    ]
}