{
    "content": [
        {
            "segmentNumber": "1", 
            "he": "ויהי בהיות שלום בקריה הקדושה, וחוקי ה' נשמרים ונעשים, כי לבב חוניו שלם עם ה' אלוהיו ושנא לכל פעלי עוול. "
        }, 
        {
            "segmentNumber": "2", 
            "he": "ויתאמצו גם המלכים מסביב להיטיב עם העיר ולכבדה, וישלחו מתנות יקרות אל היכל ה'. "
        }, 
        {
            "segmentNumber": "3", 
            "he": "וגם סליקוס מלך אסיא הוציא כסף מבית אוצרו, לקנות קורבנות להקריבם בבית ה'. "
        }, 
        {
            "segmentNumber": "4", 
            "he": "ובימים ההם היה שומר הבית בירושלים ושמו שמעון למטה בנימין, והוא שונא לכהן הגדול, יען כי חשך אותו מעשות כל רע בירושלים. "
        }, 
        {
            "segmentNumber": "5", 
            "he": "ויהי כי ירא מפניו, וילך אל אפלוניוס בן תרשי נציב ארם וצור, ויאמר לו."
        }, 
        {
            "segmentNumber": "6", 
            "he": "הנה אוצר הבית מלא כסף וזהב, אשר לא יספר מרוב, ורב מידי העבודה לקורבנות הבית, ולמלך שווה לקחתו."
        }, 
        {
            "segmentNumber": "7", 
            "he": "ויהי בבוא אפלוניוס אל המלך, ויגד לו את דבר הכסף, ויפקד המלך את היליודורוס אשר על כל מלאכת העבודה ללכת ירושלימה ולהביא לו את הכסף. "
        }, 
        {
            "segmentNumber": "8", 
            "he": "וימהר היליודרוס וילך כאיש עובר לתומו בארץ ארם וצור, ומחשבתו הייתה לעשות את מצוות המלך. "
        }, 
        {
            "segmentNumber": "9", 
            "he": "ויהי בבואו ירושלימה, והכהן הגדול יצא לקראתו לשאול לשלומו, ויגד לו היליודרוס את אשר הוגד למלך על דבר הכסף, וישאלהו האמת הדבר אם לא. "
        }, 
        {
            "segmentNumber": "10", 
            "he": "ויענהו הכהן ויאמר: הנה הכסף הופקד לפיקדון איתנו, והוא למחיית אלמנות ויתומים. "
        }, 
        {
            "segmentNumber": "11", 
            "he": "ומקצתו לטוביה בן הורקנוס, איש ישר ותמים, וכל אשר הגיד לך שמעון הבליעל שקר ומרמה הוא. "
        }, 
        {
            "segmentNumber": "12", 
            "he": "כי לא ימצא באוצר הבית, בלתי ארבע מאות כיכר כסף ומאתיים כיכרי זהב. "
        }, 
        {
            "segmentNumber": "13", 
            "he": "ומי יערוב את ליבו לשלוח בו יד ולעשוק אותם, אשר הפקידו את רכושם למשמרת במקדש ה' הנכבד והנורא על פני כל הארץ. "
        }, 
        {
            "segmentNumber": "14", 
            "he": "ויאמר היליודרוס חלילה לי לעבור את מצות המלך, הלא הוא ציוני להביא לו את הכסף, ומאמרו אין להשיב. "
        }, 
        {
            "segmentNumber": "15", 
            "he": "ויהי כאשר בא ליום מועד אל ההיכל לראות את האוצר ולקחתו, ותהום כל העיר ותיבהל. "
        }, 
        {
            "segmentNumber": "16", 
            "he": "הכוהנים נפלו על פניהם לפני מזבח ה' בבגדי השרת אשר עליהם, ויתחננו אל ה' אשר הזהירם לבל ימעלו בקודש ולשמור את אשר הופקד על ידם. "
        }, 
        {
            "segmentNumber": "17", 
            "he": "וכל רואי פני הכהן הגדול נהפך לבבם בקרבם, כי ראה כל איש ברוע פניו כי נשבר ונדכה לבבו. "
        }, 
        {
            "segmentNumber": "18", 
            "he": "כי נבהלו כל עצמותיו ומראה פניו ענתה בו כי נפשו מרה לו מאוד. "
        }, 
        {
            "segmentNumber": "19", 
            "he": "האנשים עזבו את בתיהם ויקהלו לצעוק אל ה' בצר להם, כי ראו את בית ה' נכון לשרקה ולחרפת הגויים. "
        }, 
        {
            "segmentNumber": "20", 
            "he": "הנשים חגורות שק נעו ברחובות, והעלמות אשר לא שזפתן עין התאספו אלה על פתחי ביתן ועל החומות, ואלה מציצות מין החלונות. "
        }, 
        {
            "segmentNumber": "21", 
            "he": "וכולם פרשו את כפם השמיימה ויתחננו אל ה'. "
        }, 
        {
            "segmentNumber": "22", 
            "he": "וימס לבב כל איש בראותו את חרדת העם וזלעפת הכהן הגדול בשוועו אל ה' לתשועה. "
        }, 
        {
            "segmentNumber": "23", 
            "he": "ויהי בהתחננם אל ה' להגן על הון האנשים אשר הניחו למשמרת בקודש, והיליודרוס עומד עם אנשיו לפני אוצר ההיכל לבצע את מזימתו הרעה. "
        }, 
        {
            "segmentNumber": "24", 
            "he": "וירא כבוד ה' אלוהי הרוחות במחזה נורא, ותפעם רוחו ורוח האנשים אשר באו עימו, ותהי מחיתת אלוהים עליהם. "
        }, 
        {
            "segmentNumber": "25", 
            "he": "כי ראו סוס חבוש בפארו, ורוכב איום ונורא לבוש שריון זהב על גבו, והסוס רץ בכל כוחו לקראת היליודרוס וייגפהו בשתי פרסות רגליו. "
        }, 
        {
            "segmentNumber": "26", 
            "he": "ושני בחורי חמד לבושי הוד והדר עומדים על שתי צלעותיו, ויכו אותו הכה ופצוע. "
        }, 
        {
            "segmentNumber": "27", 
            "he": "ויפול ארצה ויתעלף, ותכהינה עיניו מראות, ויקחוהו ויושיבהו על הכסא ויישאהו החוצה. "
        }, 
        {
            "segmentNumber": "28", 
            "he": "ויראו את האיש אשר בא ברוב עבדיו ושוטריו אל אוצר ה' חדל וחלש, כל תוקפו וגבורתו כלו כעשן. "
        }, 
        {
            "segmentNumber": "29", 
            "he": "כי נגעה בו יד ה', ויהי כאילם לא יפתח פיו, ואין תקווה ואין עוזר לו. "
        }, 
        {
            "segmentNumber": "30", 
            "he": "ויהללו כל העם את ה' כי נתן כבוד למקדשו, וימלא בית ה' קול ששון ושמחה תחת קול מספד ונהי, כי עשה ה' מופת לעיניהם. "
        }, 
        {
            "segmentNumber": "31", 
            "he": "ויבואו רעי היליודרוס אל חוניו הכהן ויבקשו ממנו לחלות את פני ה' בעד נפש אדוניהם, כי חלה למות. "
        }, 
        {
            "segmentNumber": "32", 
            "he": "וישמע הכהן לקולם, כי אמר פן יאשימנו המלך לאמור היהודים שלחו ידם בהיליודורוס, ויקרב מנחה בעדו. "
        }, 
        {
            "segmentNumber": "33", 
            "he": "ויהי בהתחננו, וייראו שני הבחורים שנית בלבושיהם אל היליודורוס ויאמרו לו, תן כבוד לכהן וברכהו, כי בגללו הותירך ה' לחיים. "
        }, 
        {
            "segmentNumber": "34", 
            "he": "ועתה קום וספר בגויים את כבוד אלוהינו, כי יד ה' מן השמיים נגעה בך לייסרך. "
        }, 
        {
            "segmentNumber": "35", 
            "he": "עודם מדברים ואינם, כי נעלמו. "
        }, 
        {
            "segmentNumber": "36", 
            "he": "ויקרב היליודורורס קורבן לה', ויידר לו נדר בעבור החיותו, ויברך את חוניו, ויקח את חילו וישב אל המלך. "
        }, 
        {
            "segmentNumber": "37", 
            "he": "ויספר לכל העם את מופתי ה' הגדול אשר ראו עיניו. "
        }, 
        {
            "segmentNumber": "38", 
            "he": "ויהי כי שאלהו המלך לאמור את מי אשלח עתה לקחת את האוצר בירושלים. "
        }, 
        {
            "segmentNumber": "39", 
            "he": "ויענהו הילידורורס ויאמר, אם יש לך אויב, או איש אשר שואף למלכותך, אותו תשלח, כי שוב ישוב אליך מוכה ונגוע, אם אך יהיה לו לנפשו לשלל. "
        }, 
        {
            "segmentNumber": "40", 
            "he": "הנה אלוהיהם השוכן בשחקים נורא הוא במקום הזה, ולא יעלים עיניו ממנו לשמרו ולהצילו, וכל אשר שולח ידו בו, בן מוות הוא. "
        }, 
        {
            "segmentNumber": "41", 
            "he": "זה הדבר אשר קרה להיליודורוס ולאוצר הבית. "
        }
    ], 
    "heTitle": "ספר מקבים ב", 
    "indexTitle": "The Book of Maccabees II", 
    "sectionRef": "The Book of Maccabees II 3", 
    "prev": "The Book of Maccabees II 2", 
    "ref": "The Book of Maccabees II 3", 
    "heRef": "ספר מקבים ב ג׳", 
    "next": "The Book of Maccabees II 4"
}