[{
    "links": [
        [
            "10:3:1", 
            "Bartenura on Mishnah Nedarim 10:3:1", 
            "Commentary"
        ], 
        [
            "10:4:1", 
            "Bartenura on Mishnah Nedarim 10:4:2", 
            "Commentary"
        ], 
        [
            "10:5:1", 
            "Bartenura on Mishnah Nedarim 10:5:1", 
            "Commentary"
        ], 
        [
            "10:6:1", 
            "Bartenura on Mishnah Nedarim 10:6:2", 
            "Commentary"
        ], 
        [
            "10:8:1", 
            "Bartenura on Mishnah Nedarim 10:8:1", 
            "Commentary"
        ], 
        [
            "10:1:1", 
            "Mishnah Nedarim 10:1", 
            "Mishnah"
        ], 
        [
            "10:2:1", 
            "Mishnah Nedarim 10:2", 
            "Mishnah"
        ], 
        [
            "10:3:1", 
            "Mishnah Nedarim 10:3", 
            "Mishnah"
        ], 
        [
            "10:4:1", 
            "Mishnah Nedarim 10:4", 
            "Mishnah"
        ], 
        [
            "10:5:1", 
            "Mishnah Nedarim 10:5", 
            "Mishnah"
        ], 
        [
            "10:6:1", 
            "Mishnah Nedarim 10:6", 
            "Mishnah"
        ], 
        [
            "10:7:1", 
            "Mishnah Nedarim 10:7", 
            "Mishnah"
        ], 
        [
            "10:8:1", 
            "Mishnah Nedarim 10:8", 
            "Mishnah"
        ], 
        [
            "10:2:2", 
            "Bartenura on Mishnah Nedarim 10:2:2", 
            "Commentary"
        ], 
        [
            "10:3:2", 
            "Bartenura on Mishnah Nedarim 10:3:3", 
            "Commentary"
        ], 
        [
            "10:6:2", 
            "Bartenura on Mishnah Nedarim 10:6:8", 
            "Commentary"
        ], 
        [
            "10:8:2", 
            "Bartenura on Mishnah Nedarim 10:8:4", 
            "Commentary"
        ], 
        [
            "10:1:2", 
            "Mishnah Nedarim 10:1", 
            "Mishnah"
        ], 
        [
            "10:2:2", 
            "Mishnah Nedarim 10:2", 
            "Mishnah"
        ], 
        [
            "10:3:2", 
            "Mishnah Nedarim 10:3", 
            "Mishnah"
        ], 
        [
            "10:5:2", 
            "Mishnah Nedarim 10:5", 
            "Mishnah"
        ], 
        [
            "10:6:2", 
            "Mishnah Nedarim 10:6", 
            "Mishnah"
        ], 
        [
            "10:7:2", 
            "Mishnah Nedarim 10:7", 
            "Mishnah"
        ], 
        [
            "10:8:2", 
            "Mishnah Nedarim 10:8", 
            "Mishnah"
        ], 
        [
            "10:1:3", 
            "Bartenura on Mishnah Nedarim 10:1:3", 
            "Commentary"
        ], 
        [
            "10:6:3", 
            "Bartenura on Mishnah Nedarim 10:6:10", 
            "Commentary"
        ], 
        [
            "10:1:3", 
            "Mishnah Nedarim 10:1", 
            "Mishnah"
        ], 
        [
            "10:2:3", 
            "Mishnah Nedarim 10:2", 
            "Mishnah"
        ], 
        [
            "10:3:3", 
            "Mishnah Nedarim 10:3", 
            "Mishnah"
        ], 
        [
            "10:5:3", 
            "Mishnah Nedarim 10:5", 
            "Mishnah"
        ], 
        [
            "10:6:3", 
            "Mishnah Nedarim 10:6", 
            "Mishnah"
        ], 
        [
            "10:8:3", 
            "Mishnah Nedarim 10:8", 
            "Mishnah"
        ], 
        [
            "10:5:4", 
            "Mishnah Nedarim 10:5", 
            "Mishnah"
        ], 
        [
            "10:8:4", 
            "Mishnah Nedarim 10:8", 
            "Mishnah"
        ], 
        [
            "10:8:5", 
            "Bartenura on Mishnah Nedarim 10:8:5", 
            "Commentary"
        ], 
        [
            "10:8:5", 
            "Mishnah Nedarim 10:8", 
            "Mishnah"
        ], 
        [
            "10:8:6", 
            "Bartenura on Mishnah Nedarim 10:8:5", 
            "Commentary"
        ], 
        [
            "10:8:6", 
            "Mishnah Nedarim 10:8", 
            "Mishnah"
        ]
    ], 
    "text": [], 
    "heTitleVariants": [
        "עיקר התוספות יו\"ט על משנה נדרים", 
        "עיקר התוספות יום-טוב על משנה נדרים", 
        "עיקר ר' יום טוב ליפמן הלוי הלר על משנה נדרים", 
        "עיקר תוספות יום טוב על משנה נדרים"
    ], 
    "heTitle": "עיקר תוספות יום טוב על משנה נדרים", 
    "commentaryBook": "Mishnah Nedarim", 
    "heRef": "עיקר תוספות יום טוב על משנה נדרים י׳", 
    "toSections": [
        10
    ], 
    "sectionRef": "Ikar Tosafot Yom Tov on Mishnah Nedarim 10", 
    "title": "Ikar Tosafot Yom Tov on Mishnah Nedarim 10", 
    "lengths": [
        11, 
        90
    ], 
    "next": "Ikar Tosafot Yom Tov on Mishnah Nedarim 11:1", 
    "book": "Ikar Tosafot Yom Tov on Mishnah Nedarim", 
    "prev": "Ikar Tosafot Yom Tov on Mishnah Nedarim 9:10", 
    "textDepth": 3, 
    "sectionNames": [
        "Chapter", 
        "Mishna", 
        "Comment"
    ], 
    "sections": [
        10
    ], 
    "commentator": "Ikar Tosafot Yom Tov", 
    "isComplex": false, 
    "commentaryCategories": [
        "Mishnah", 
        "Seder Nashim"
    ], 
    "titleVariants": [
        "Ikar Tosafot Yom Tov on Mishna Nedarim", 
        "Ikar Tosafot Yom Tov on Mishnah Nedarim", 
        "Ikar Tosafot Yom Tov on M Nedarim", 
        "Ikar Tosafot Yom Tov on M. Nedarim"
    ], 
    "categories": [
        "Commentary", 
        "Mishnah", 
        "Ikar Tosafot Yom Tov"
    ], 
    "he": [
        [
            "אביה. בגמרא יליף ליה מקרא:", 
            "ולא הפר. אלא שתק מעת לעת. רש''י:", 
            "והקשה הרשב''א הא כיון דחכם עוקר הנדר מעיקרו הרי הוי כאלו לא הקים כלל, ותירץ דשאני הפרה דקלישה לך טפי דבאפי נפשה לא מידי היא אלא בצרופא דאידך ובראוים להצטרף ביחד דוקא וכדתני דהפר אחד מהם ומת בטלה, לה הפרתו הלכך כיון דהפרה דחד אפילו כי לא הקים חבריה קלישא טובא כל היכא דהקים כיון דהאי שעתא לא חזיא לאצטרופי בטלה לה לגמרי וכיון דלא חזיא ההיא זימנא לא חזיא בתר זימנא:"
        ], 
        [
            "לא כו'. יליף לה בגמרא מדכתיב בנעוריה בית אביה פירש''י כל זמן שהיא נערה שלא בגרה לא תצא מרשות אביה ואפילו היא ארוסה במשמע ע''כ דהאי קרא מוקמי' ליה בנערה המאורסה:", 
            "דכיון שאמרנו שבמשמעו שכל ימי נערותה לא תצא מרשות אביה ש''מ דברשות אביה היא. ואלא מיהת כשרשות אחר שולט עליה דהיינו הארוס קאמר רישא דקרא בין איש לאשתו בין אב לבתו אבל כשאינו שולט עליה שבבר מת לא יצאה מרשות אביה. ועתוי''ט:", 
            "מפר כו'. לא מיירי בקדשה כשהיא נערה ובגרה ומטעם שנתרוקן רשות האב דמאי שנא ממיתת האב שלא נתרוקנה אלא בקדשה כשהיא בוגרת אמרינן ואע''ג דתנינא חדא זימנא לקמן במ''ה איידי דנסיב רישא בזו יפה כח האב כו' נקט סיפא בזו יפה כח הבעל בו'. גמרא:"
        ], 
        [
            "בדוקא נקט ששמע האב כלומר ולא הבעל דהכי מוקמינן לה בגמרא. ועתוי''ט:", 
            "בגמרא יליף ליה ודקדק מלת ארוס ולא קרי ליה מארס. עתוי''ט:", 
            "זה הכלל. לאתויי הלך האב או שלוחו עם שלוחי הבעל. גמרא:"
        ], 
        [
            "ודייק ממתניתין דסתמא קתני דמפר דאיכא במשמע ואפילו לא שמע. והר''נ פירש מדקאמר כל נדרים ולא אמר נדר פלוני ופלוני והה''נ ברישא גבי אב דינא הכי. ועתוי''ט:"
        ], 
        [
            "פירוש תבעה ביום הבגר שאם לא תבעה ביום הבגר אין לה שנים עשר חודש מיום התביעה אלא מיום הבגר ואם כבר עברו עליה יב''ח אחר הבגר אין לה אלא ל' יום כדין אלמנה דתנן במשנה ב' פרק ה' דכתובות ומשום דזה הוא פירוש דחוק בלשון המשנה אמרינן בגמרא תני בוגרת וששהתה כו' ועתוי''ט:", 
            "הואיל כו'. ומסיק בגמרא משום דכל הנודרת על דעת בעלה נודרת כלומר מה שאמרה התורה דבעל מיפר נדר אשתו משום כיון דהאשה נזונת משל בעלה אינה נודרת אלא לפי דעתו וכאלו פירשה אם לא ירצה לא יהא נדר הלכך בקל חשבינן לה ככנוסה לענין הפרת נדרים כיון דנזונת משלו. ועתוי''ט", 
            "מיפר. יחידי. רש''י:", 
            "עד שתכנם כו'. דלא אמרינן על דעת בעלה נודרת כשנתחייב במזונותיה אלא משנכנסה לרשותו. הר''נ. וכניסת רשותה להר''מ, מסירתה לשלוחיו זו היא כניסתה גם להפרת נדרי' ולהטור לא סגי במסירת שלוחיו עד שתכנס לחופה. ועתוי''ט:"
        ], 
        [
            "ולפ''ז אפילו לבדו מצי מיפר ותימא מנ''ל לעשות מחלוקת שניה בין ר''א לר''י דלר''א הא פרשינן דמיפר בשותפות ולר''י מצי מיפר לבדו. והר''נ אע''פ שגם הוא מפרש כן כתב אח''כ א''נ כי אמרינן ר''י קסבר יש זיקה לאו למימרא דלהוי ככנוסה אלא דהויא כארוסה ומיפר בשותפות. ועתוי''ט:", 
            "שאם עשה בה מאמר יבם זה ובא אחיו אח''כ ועשה בה מאמר תפיס שני כדאמר בפ''ה דיבמות יש מאמר אחר מאמר. רש''י:", 
            "לפי שדברי הכל יבמה ארוסה אין חייבין עליה סקילה כנערה המאורסה הר''מ:"
        ], 
        [
            "מכאן כו'. מאותה שעה שאצא מכאן ועד כו' והיינו דלא קתני מיום זה לפי שאין דעתו אלא מיום שיצא מכאן. ומש''ה לא מפר לה מהשתא דחיישינן דלמא בעודו אצלה תדור נדרים שירצה בקיומן. הר''נ:", 
            "הרי הוא כו'. דאע''ג דאיכא ק''ו בע''כ הקישן הכתוב. הר''נ:"
        ], 
        [
            "ואע''ג דגבי אב דכתיב קודם כתיב נמי ואם הניא אביה אותה ביום שמעו ניחא ליה למנקט קרא דגבי בעל משום דגביה כתיב מיום אל יום:", 
            "מדקתני נדרה עם חשכה משמע שאפילו נדרים שלא לצורך השבת דכבר אכלה ודרך להפשיט תכשיטי שבת משחשיכה ותלי טעמא שאם חשכה ולא הפר כו' והא אפילו בתוך היום אינו יכול להפר אלא ש''מ דאפילו שלא לצורך מיפר. גמרא:", 
            "בלילי וביום. שהיום הולך אחר הלילה כדכתיב ויהי ערב ויהי בקר:", 
            "מפר עד כו'. ובדין הוא דליתני אינו מפר לכשתחשך כיון דלהחמיר קתני אלא להכי תנא האי לישנא משום דשייך ביה טפי מאי דמסיים מלתיה שאם קודם חשיכה לא הפר אינו יכול להפר לאשמעינן בהאי לישנא דמפירין בשבת אפילו שלא לצורך השבת. הר''נ:", 
            "בגמרא ופירש הר''נ דמשמע ליה מדכתיב לא יחל דברו כלומר לא יעשה דבריו חולין ודרשינן אבל אחרים מחלין לו שעושין אותו חולין ובחולין מותר שייך למימר בהו:", 
            "לא שאם יכול להכריחה שא''צ ביטול, דליתא, דלעולם לא סגי בלא ביטול שבלב וכדאמר בגמרא בהדיא כו'. ודברי הר''ב הכי יפורשו ואם אין יכול להכריחה סגי ליה במה שמבטל בלבו וא''צ שיוציא לשון הפרה בשפתיו שכיון שאמר לה טלי אכלי ורצונו להכריחה אלא שאין ביכולתו כי מבטלו בלבו סגי אבל אפילו כשמכריחה ושומעת לו צריך נמי שיהא מבטל בלבו וכדאמרן אלא שזה חדוש הוא כשאינו יכול להכריחה שיהא סגי בביטול זה הוא שרוצה להשמיענו. ועתוי''ט:"
        ]
    ], 
    "ref": "Ikar Tosafot Yom Tov on Mishnah Nedarim 10", 
    "type": "Commentary", 
    "addressTypes": [
        "Perek", 
        "Mishnah", 
        "Integer"
    ], 
    "heCommentator": "עיקר תוספות יום טוב", 
    "length": 11, 
    "indexTitle": "Ikar Tosafot Yom Tov on Mishnah Nedarim", 
    "heIndexTitle": "עיקר תוספות יום טוב על משנה נדרים", 
    "alts": [], 
    "order": [
        26, 
        3
    ]
}]