{
    "heTitleVariants": [
        "ברטנורא על משנה מדות", 
        "ר' עובדיה מברטנורא על מדות", 
        "ר' עובדיה מברטנורא על משנה מדות", 
        "ברטנורא על מדות", 
        "עובדיה מברטנורא על מדות", 
        "עובדיה מברטנורא על משנה מדות"
    ], 
    "heTitle": "ברטנורא על משנה מדות", 
    "commentaryBook": "Mishnah Middot", 
    "heRef": "ברטנורא על משנה מדות ג׳", 
    "toSections": [
        3
    ], 
    "sectionRef": "Bartenura on Mishnah Middot 3", 
    "title": "Bartenura on Mishnah Middot 3", 
    "lengths": [
        5, 
        34
    ], 
    "next": "Bartenura on Mishnah Middot 4:1", 
    "content": [
        {
            "segmentNumber": "1", 
            "he": [
                "<b>המזבח היה שלשים ושתים אמה על שלשים ושתים אמה</b> היה מביא דפוס מרובע עשוי מארבע קרשים, כל קרש ארכו שלשים ושתים אמות, ורוחב הקרש אמה והוא גבהו של הדפוס, וממלאו אבנים  וסיד וזפת ועופרת מהותך והוא נעשה מקשה אחת של שלשים ושתים אמה על שלשים ושתים אמה גבוה אמה. וזהו יסוד:", 
                "<b> עלה אמה וכנס אמה</b> אחר שעלה היסוד לגובה אמה מביא דפוס אחר שאורך כל קרש שלשים אמה ורוחב הקרש דהיינו גבהו של דפוס זה חמש אמות, ונתנו על היסוד, וממלאו אבנים וסיד וזפת ועופרת כראשון, ונדבק ביסוד ונעשה מקשה אחת של שלשים אמה על שלשים אמה עומד על היסוד. וזה נקרא סובב. והוא גבוה מן היסוד חמש אמות. והיינו כנס אמה, שהוא מתקצר מן היסוד אמה לכל רוח. וחוזר ומביא דפוס שלישי שהוא עשרים ושמונה אמה על עשרים ושמונה אמה, גבוה שלש אמות, ונותנו על הסובב, וממלאו כראשון, וזהו מקום המערכה שהוא ראשו של מזבח . נמצא היסוד בולט ויוצא מן הסובב אמה לכל צד, והסובב בולט מן מקום מערכה אמה לכל צד. ואח''כ מביא דפוס אמה על אמה גבוה אמה ונותנו על זוית המזבח וממלאו, והוא קרן המזבח. וכן לארבע זויות:", 
                "<b> מקום הלוך רגלי הכהנים</b> שלא יהיו הכהנים צריכים להלך בין הקרנות, אלא מניחין אמה פנוי ממקום הקרנות ולפנים להלוך רגלי הכהנים:", 
                "<b> מתחילה</b> בימי שלמה:", 
                "<b> לא היה אלא עשרים ושמונה על עשרים ושמונה</b> וכונס ועולה של יסוד וסובב ומקום הקרנות ומקום הלוך רגלי הכהנים עד שנשאר מקום המערכה עשרים על עשרים:", 
                "<b> וכשעלו בני הגולה והוסיפו ד' אמות וכו'</b> נמצא יסודו שלשים ושתים על שלשים ושתים, ומקום מערכתו עשרים וארבע על עשרים וארבע:", 
                "<b> ארבע אמות מן הדרום וארבע אמות מן המערב</b> גרסינן. והכי מייתי לה בזבחים פרק קדשי קדשים:", 
                "<b> כמין גמא</b> גימל יונית שהוא כמין נו''ן הפוכה שלנו . והתם מפרש דמשום שיתין דהיינו הנקבים שיורדין בהן הנסכים, הוסיפו למשוך המזבח לדרום ולמערב. דמעיקרא בימי שלמה, דרשו, מזבח אדמה, אטום כאדמה שלא יהא חלול, וכשהיו מנסכים על גבי המזבח בקרן דרומית מערבית היו הנסכים יורדין מן המזבח לרצפה ושותתים לבור שהיה כרוי שם אצל קרן דרומית מערבית סמוך למזבח, ולא היה בתוך המזבח. ובני הגולה הוסיפו בבנין המזבח עד שהיה אותו בור קלוט לתוך המזבח, ופתחו נקבים  לראש המזבח כנגדו לירד שם הנסכים. שהם היו אומרים שתיה כאכילה, מה אכילה מתעכלת במזבח, דהיינו הקרבנות שנשרפים על גבי מזבח, אף שתיה דהיינו נסכים תבלע במזבח. וקרא דמזבח אדמה, דרשי ליה שיהא מחובר באדמה, שלא יבננו על גבי כיפים ולא על גבי מחילות:", 
                "<b> שנאמר והאריאל</b> מקרא הוא ביחזקאל (מ''ג) שהיה מתנבא על מדת בית שני ושלעתיד לבא:", 
                "<b> והאריאל שתים עשרה</b> מדות מקום המערכה קאמר שתים עשרה:", 
                "<b> אל ארבעת רבעיו</b> מלמד שמאמצעיתו מודד שתים עשרה אמה לכל רוח, והיינו עשרים וארבע על עשרים וארבע:", 
                "<b> וחוט הסיקרא חוגרו באמצע</b> חוט אדום היה עשוי סביב למזבח באמצעו לסוף חמש אמות של גובהו, דהיינו אמה אחת למטה מעליונו של סובב:", 
                "<b> להבדיל בין דמים העליונים</b> חטאת בהמה ועולת העוף שדמן נזרק למעלה מחוט הסיקרא:", 
                "<b> לדמים התחתונים</b> לכל שאר קרבנות שזריקת דמן למטה מן החוט:", 
                "<b> ואוכל בדרום אמה אחת כו'</b> המזבח כולו היה בחלקו של בנימין, חוץ מאמה אחת על פני אורך הדרום ואמה אחת על פני אורך המזרח שהיה תופס מחלקו של יהודה, אלא שלא היתה אמה שבמזרח על פני כל המזרח, שכשמגיע לקרן מזרחית צפונית היתה כלה בתוך אמה לקרן, וכן אכילת האמה הדרומית לא היתה מהלכת על פני כל הדרום, שכשמגיע לקרן דרומית מערבית היתה כלה סמוך לקרן אמה. ונמצאו שלש קרנות המזבח בחלקו של בנימין, וקרן דרומית מזרחית בלבד היתה בחלקו של יהודה. ולפי שבירך יעקב את בנימין זאב יטרף בבקר יאכל עד (בראשית מ''ט) ומתרגמינן ובאחסנתיה יתבני מקדשא, דבר המקודש לדמים לא יהא אלא בחלקו של בנימין, לפיכך לא עשו יסוד למזבח בקרן דרומית מזרחית, לפי שלא היתה בחלקו של טורף, ולא היו דמים ניתנים למטה באותו קרן. וכשהיו עושים דפוס מרובע ליסוד למלאותו אבנים וסיד וזפת ועופרת כדאמרן, היו משימים עץ או כל דבר באותו זוית של דרומית מזרחית, כדי שלא תתמלא הזוית ההיא, ואח''כ שומטין העץ ונשאר אותו קרן פנוי בלי יסוד. ומפני זה נקרא החלק האמצעי של מזבח סובב, לפי שהוא מקיף וסובב את כל הקרנות, משא''כ ביסוד:\n\n"
            ], 
            "links": [
                {
                    "category": "Mishnah", 
                    "sourceHeRef": "משנה מדות ג׳:א׳", 
                    "sourceRef": "Mishnah Middot 3:1", 
                    "ref": "Mishnah Middot 3:1"
                }, 
                {
                    "category": "Mishnah", 
                    "sourceHeRef": "משנה מדות ג׳:א׳", 
                    "sourceRef": "Mishnah Middot 3:1", 
                    "ref": "Mishnah Middot 3:1"
                }, 
                {
                    "category": "Mishnah", 
                    "sourceHeRef": "משנה מדות ג׳:א׳", 
                    "sourceRef": "Mishnah Middot 3:1", 
                    "ref": "Mishnah Middot 3:1"
                }, 
                {
                    "category": "Mishnah", 
                    "sourceHeRef": "משנה מדות ג׳:א׳", 
                    "sourceRef": "Mishnah Middot 3:1", 
                    "ref": "Mishnah Middot 3:1"
                }, 
                {
                    "category": "Mishnah", 
                    "sourceHeRef": "משנה מדות ג׳:א׳", 
                    "sourceRef": "Mishnah Middot 3:1", 
                    "ref": "Mishnah Middot 3:1"
                }, 
                {
                    "category": "Mishnah", 
                    "sourceHeRef": "משנה מדות ג׳:א׳", 
                    "sourceRef": "Mishnah Middot 3:1", 
                    "ref": "Mishnah Middot 3:1"
                }, 
                {
                    "category": "Mishnah", 
                    "sourceHeRef": "משנה מדות ג׳:א׳", 
                    "sourceRef": "Mishnah Middot 3:1", 
                    "ref": "Mishnah Middot 3:1"
                }, 
                {
                    "category": "Mishnah", 
                    "sourceHeRef": "משנה מדות ג׳:א׳", 
                    "sourceRef": "Mishnah Middot 3:1", 
                    "ref": "Mishnah Middot 3:1"
                }, 
                {
                    "category": "Mishnah", 
                    "sourceHeRef": "משנה מדות ג׳:א׳", 
                    "sourceRef": "Mishnah Middot 3:1", 
                    "ref": "Mishnah Middot 3:1"
                }, 
                {
                    "category": "Mishnah", 
                    "sourceHeRef": "משנה מדות ג׳:א׳", 
                    "sourceRef": "Mishnah Middot 3:1", 
                    "ref": "Mishnah Middot 3:1"
                }, 
                {
                    "category": "Mishnah", 
                    "sourceHeRef": "משנה מדות ג׳:א׳", 
                    "sourceRef": "Mishnah Middot 3:1", 
                    "ref": "Mishnah Middot 3:1"
                }, 
                {
                    "category": "Mishnah", 
                    "sourceHeRef": "משנה מדות ג׳:א׳", 
                    "sourceRef": "Mishnah Middot 3:1", 
                    "ref": "Mishnah Middot 3:1"
                }, 
                {
                    "category": "Mishnah", 
                    "sourceHeRef": "משנה מדות ג׳:א׳", 
                    "sourceRef": "Mishnah Middot 3:1", 
                    "ref": "Mishnah Middot 3:1"
                }, 
                {
                    "category": "Mishnah", 
                    "sourceHeRef": "משנה מדות ג׳:א׳", 
                    "sourceRef": "Mishnah Middot 3:1", 
                    "ref": "Mishnah Middot 3:1"
                }, 
                {
                    "category": "Mishnah", 
                    "sourceHeRef": "משנה מדות ג׳:א׳", 
                    "sourceRef": "Mishnah Middot 3:1", 
                    "ref": "Mishnah Middot 3:1"
                }, 
                {
                    "category": "Commentary", 
                    "sourceHeRef": "עיקר תוספות יום טוב על משנה מדות ג׳:א׳:ב׳", 
                    "sourceRef": "Ikar Tosafot Yom Tov on Mishnah Middot 3:1:2", 
                    "ref": "Ikar Tosafot Yom Tov on Mishnah Middot 3:1:2"
                }, 
                {
                    "category": "Commentary", 
                    "sourceHeRef": "עיקר תוספות יום טוב על משנה מדות ג׳:א׳:ה׳", 
                    "sourceRef": "Ikar Tosafot Yom Tov on Mishnah Middot 3:1:5", 
                    "ref": "Ikar Tosafot Yom Tov on Mishnah Middot 3:1:5"
                }, 
                {
                    "category": "Commentary", 
                    "sourceHeRef": "עיקר תוספות יום טוב על משנה מדות ג׳:א׳:ט׳", 
                    "sourceRef": "Ikar Tosafot Yom Tov on Mishnah Middot 3:1:9", 
                    "ref": "Ikar Tosafot Yom Tov on Mishnah Middot 3:1:9"
                }, 
                {
                    "category": "Commentary", 
                    "sourceHeRef": "עיקר תוספות יום טוב על משנה מדות ג׳:א׳:י׳", 
                    "sourceRef": "Ikar Tosafot Yom Tov on Mishnah Middot 3:1:10", 
                    "ref": "Ikar Tosafot Yom Tov on Mishnah Middot 3:1:10"
                }, 
                {
                    "category": "Tanach", 
                    "sourceHeRef": "בראשית מ״ט", 
                    "sourceRef": "Genesis 49", 
                    "ref": "Genesis 49"
                }
            ], 
            "text": ""
        }, 
        {
            "segmentNumber": "2", 
            "he": [
                "<b>ובקרן מערבית דרומית</b> למטה באמה של יסוד היו שני נקבים:", 
                "<b> שהדמים הניתנים על יסוד מערבי</b> כגון שיירי הדם של חטאות הפנימיות, שלאחר כל המתנות היה שופך שיירי הדם על יסוד מערבי:", 
                "<b> ועל יסוד דרומי</b> שיירי הדם של חיצוניות:", 
                "<b> יורדין</b> דרך אותן נקבים, ומתערבים באמת המים שבעזרה, ומשם יוצאין לנחל קדרון. ובעלי גנות היו קונים אותן מן הגזברים לזבל בהן את הקרקע:\n\n"
            ], 
            "links": [
                {
                    "category": "Mishnah", 
                    "sourceHeRef": "משנה מדות ג׳:ב׳", 
                    "sourceRef": "Mishnah Middot 3:2", 
                    "ref": "Mishnah Middot 3:2"
                }, 
                {
                    "category": "Mishnah", 
                    "sourceHeRef": "משנה מדות ג׳:ב׳", 
                    "sourceRef": "Mishnah Middot 3:2", 
                    "ref": "Mishnah Middot 3:2"
                }, 
                {
                    "category": "Mishnah", 
                    "sourceHeRef": "משנה מדות ג׳:ב׳", 
                    "sourceRef": "Mishnah Middot 3:2", 
                    "ref": "Mishnah Middot 3:2"
                }, 
                {
                    "category": "Mishnah", 
                    "sourceHeRef": "משנה מדות ג׳:ב׳", 
                    "sourceRef": "Mishnah Middot 3:2", 
                    "ref": "Mishnah Middot 3:2"
                }
            ], 
            "text": ""
        }, 
        {
            "segmentNumber": "3", 
            "he": [
                "<b>באותו הקרן</b> של מערבית דרומית:", 
                "<b> שבו יורדין לשית</b> לחלל שתחת המזבח כנגד מקום הנסכים:", 
                "<b> וכבש היה, לדרומו של מזבח</b> כמין גשר משופע ועשוי מדרון שבו עולין ויורדין מן המזבח. שלא היה אפשר לעלות לו במעלות משום שנאמר (שמות כ') ולא תעלה במעלות על מזבחי:", 
                "<b> ורבובה</b> כמין חלון חלול . ואמה על אמה היה, ובכבש עצמו למערבו היה עומד:", 
                "<b> רבובה</b> כמו נבובה, לשון נבוב לחות:", 
                "<b> נותנים פסולי חטאת העוף</b> שיהיו שם עד שיבואו לידי נותר ואח''כ יצאו לבית השריפה:\n\n"
            ], 
            "links": [
                {
                    "category": "Mishnah", 
                    "sourceHeRef": "משנה מדות ג׳:ג׳", 
                    "sourceRef": "Mishnah Middot 3:3", 
                    "ref": "Mishnah Middot 3:3"
                }, 
                {
                    "category": "Mishnah", 
                    "sourceHeRef": "משנה מדות ג׳:ג׳", 
                    "sourceRef": "Mishnah Middot 3:3", 
                    "ref": "Mishnah Middot 3:3"
                }, 
                {
                    "category": "Mishnah", 
                    "sourceHeRef": "משנה מדות ג׳:ג׳", 
                    "sourceRef": "Mishnah Middot 3:3", 
                    "ref": "Mishnah Middot 3:3"
                }, 
                {
                    "category": "Mishnah", 
                    "sourceHeRef": "משנה מדות ג׳:ג׳", 
                    "sourceRef": "Mishnah Middot 3:3", 
                    "ref": "Mishnah Middot 3:3"
                }, 
                {
                    "category": "Mishnah", 
                    "sourceHeRef": "משנה מדות ג׳:ג׳", 
                    "sourceRef": "Mishnah Middot 3:3", 
                    "ref": "Mishnah Middot 3:3"
                }, 
                {
                    "category": "Mishnah", 
                    "sourceHeRef": "משנה מדות ג׳:ג׳", 
                    "sourceRef": "Mishnah Middot 3:3", 
                    "ref": "Mishnah Middot 3:3"
                }, 
                {
                    "category": "Commentary", 
                    "sourceHeRef": "עיקר תוספות יום טוב על משנה מדות ג׳:ג׳:ב׳", 
                    "sourceRef": "Ikar Tosafot Yom Tov on Mishnah Middot 3:3:2", 
                    "ref": "Ikar Tosafot Yom Tov on Mishnah Middot 3:3:2"
                }, 
                {
                    "category": "Tanach", 
                    "sourceHeRef": "שמות כ׳", 
                    "sourceRef": "Exodus 20", 
                    "ref": "Exodus 20"
                }
            ], 
            "text": ""
        }, 
        {
            "segmentNumber": "4", 
            "he": [
                "<b>מבקעת בית כרם</b> היו מביאים אותן:", 
                "<b> מן הבתו, לה</b> קרקע שלא חפרו שם מעולם:", 
                "<b> והפגימה</b> פוסלת באבנים, בכל דבר. ואפילו לא נפגמו בברזל:", 
                "<b> ומלבנים אותן</b> בסיד, פעמים בשנה:", 
                "<b> רבי אומר כו'</b> לא פליג אתנא קמא, אלא מוסיף לומר דבכל ערב שבת היו מקנחים אותן במפה מפני הדמים:", 
                "<b>, לא היו סדין אותו בכפים</b> אמלתיה דתנא קמא מהדר, כשהיו מלבנים אותן בסיד פעמים בשנה, לא היו סדין אותן בכפות של בנאים שרגילים לסוד בו:\n\n"
            ], 
            "links": [
                {
                    "category": "Mishnah", 
                    "sourceHeRef": "משנה מדות ג׳:ד׳", 
                    "sourceRef": "Mishnah Middot 3:4", 
                    "ref": "Mishnah Middot 3:4"
                }, 
                {
                    "category": "Mishnah", 
                    "sourceHeRef": "משנה מדות ג׳:ד׳", 
                    "sourceRef": "Mishnah Middot 3:4", 
                    "ref": "Mishnah Middot 3:4"
                }, 
                {
                    "category": "Mishnah", 
                    "sourceHeRef": "משנה מדות ג׳:ד׳", 
                    "sourceRef": "Mishnah Middot 3:4", 
                    "ref": "Mishnah Middot 3:4"
                }, 
                {
                    "category": "Mishnah", 
                    "sourceHeRef": "משנה מדות ג׳:ד׳", 
                    "sourceRef": "Mishnah Middot 3:4", 
                    "ref": "Mishnah Middot 3:4"
                }, 
                {
                    "category": "Mishnah", 
                    "sourceHeRef": "משנה מדות ג׳:ד׳", 
                    "sourceRef": "Mishnah Middot 3:4", 
                    "ref": "Mishnah Middot 3:4"
                }, 
                {
                    "category": "Mishnah", 
                    "sourceHeRef": "משנה מדות ג׳:ד׳", 
                    "sourceRef": "Mishnah Middot 3:4", 
                    "ref": "Mishnah Middot 3:4"
                }
            ], 
            "text": ""
        }, 
        {
            "segmentNumber": "5", 
            "he": [
                "<b>וטבעות היו בצפונו של מזבח</b> לפי שלא היו כופתים את התמיד כדתנן במסכת תמיד, התקין יוחנן כהן גדול עשרים וארבע טבעות לעשרים וארבעה משמרות כהונה, והיו קבועות ברצפה עשויות כמין קשת שהיו מכניסים בהן צואר בהמה בשעת שחיטה ונועצים ראש הטבעת בארץ. והיו לצפונו של מזבח, לפי שקדשי קדשים שחיטתן בצפון:", 
                "<b> שמונה עמודים ננסים</b> עמודים של אבן נמוכין:", 
                "<b> ורביעין של ארז</b> חתיכות מרובעות של ארז היו על העמודים:", 
                "<b> ואונקליות</b> כעין מזלגות אנציני''ש בלע''ז:", 
                "<b> היו קבועין</b> באותן רביעין של ארז, ותולין בהן הבהמה:", 
                "<b> ושלשה סדרים</b> של אונקליות זו למעלה מזו היו בכל חתיכת עץ, לתלות בהמה גדולה או קטנה:", 
                "<b> על שלחנות של שיש</b> שעליהן מדיחין הקרבים, לפי שהשיש מקרר ומצנן ושומר הבשר שלא יסריח:\n\n"
            ], 
            "links": [
                {
                    "category": "Mishnah", 
                    "sourceHeRef": "משנה מדות ג׳:ה׳", 
                    "sourceRef": "Mishnah Middot 3:5", 
                    "ref": "Mishnah Middot 3:5"
                }, 
                {
                    "category": "Mishnah", 
                    "sourceHeRef": "משנה מדות ג׳:ה׳", 
                    "sourceRef": "Mishnah Middot 3:5", 
                    "ref": "Mishnah Middot 3:5"
                }, 
                {
                    "category": "Mishnah", 
                    "sourceHeRef": "משנה מדות ג׳:ה׳", 
                    "sourceRef": "Mishnah Middot 3:5", 
                    "ref": "Mishnah Middot 3:5"
                }, 
                {
                    "category": "Mishnah", 
                    "sourceHeRef": "משנה מדות ג׳:ה׳", 
                    "sourceRef": "Mishnah Middot 3:5", 
                    "ref": "Mishnah Middot 3:5"
                }, 
                {
                    "category": "Mishnah", 
                    "sourceHeRef": "משנה מדות ג׳:ה׳", 
                    "sourceRef": "Mishnah Middot 3:5", 
                    "ref": "Mishnah Middot 3:5"
                }, 
                {
                    "category": "Mishnah", 
                    "sourceHeRef": "משנה מדות ג׳:ה׳", 
                    "sourceRef": "Mishnah Middot 3:5", 
                    "ref": "Mishnah Middot 3:5"
                }, 
                {
                    "category": "Mishnah", 
                    "sourceHeRef": "משנה מדות ג׳:ה׳", 
                    "sourceRef": "Mishnah Middot 3:5", 
                    "ref": "Mishnah Middot 3:5"
                }
            ], 
            "text": ""
        }, 
        {
            "segmentNumber": "6", 
            "he": [
                "<b>הכי גרסינן, רום מעלה חצי אמה ושלחה אמה, אמה אמה ורובד שלש, אמה אמה ורובד שלש, העליונה אמה אמה ורובד ארבע</b> ר' יהודה אומר העליונה אמה אמה ורובד חמש. כך כתב רבי ברוך שמצא בנוסחאות ישנות מדוייקות. והכי פירושה, רום, גובה המעלה, חצי אמה. כמו שהיו כולן:", 
                "<b> ושלחה</b> דהיינו משך רוחב המעלה, שזהו מדרך הרגל, היה אמה. ומעלה שניה ושלישית, כל אחת היה שלחה אמה, והיינו אמה אמה דקתני:", 
                "<b> ורובד שלש</b> מעלה רביעית היה רחבה שלש אמות. ורובד דקתני, היינו שורה של רצפה, כמו מוקף רובדים של אבן, על הרובד הרביעי שבעזרה. לפי שהרצפה היתה רחבה בלא מעלה, ומשום הכי לא אמר שלחה שלש, אלא רובד שלש, כלומר שורת הרצפה:", 
                "<b> ואמה אמה</b> כלומר מעלה חמישית וששית, כל אחת היה שלחה אמה:", 
                "<b> ורובד שלש</b> מעלה שביעית היה רחבה שלש אמות:", 
                "<b> העליונה אמה אמה ורובד ארבע</b> פירוש, המעלה העליונה שהיא המעלה של שתים עשרה לאחר ארבע מעלות שהיה לכל אחת אמה, המעלה העליונה היתה רחבה ארבע אמות עד האולם. נמצאו כל המעלות תשע עשרה אמות מן הראשונה עד האולם. ושלש אמות רוחב של רצפה חלקה היה מן המזבח עד תחילת המעלות, הרי עשרים ושתים אמות בין האולם ולמזבח:", 
                "<b> ר' יהודה אומר העליונה רובד חמש</b> עד האולם. דסבר לסוף שתי אמות של מזבח מתחילות המעלות:\n\n"
            ], 
            "links": [
                {
                    "category": "Mishnah", 
                    "sourceHeRef": "משנה מדות ג׳:ו׳", 
                    "sourceRef": "Mishnah Middot 3:6", 
                    "ref": "Mishnah Middot 3:6"
                }, 
                {
                    "category": "Mishnah", 
                    "sourceHeRef": "משנה מדות ג׳:ו׳", 
                    "sourceRef": "Mishnah Middot 3:6", 
                    "ref": "Mishnah Middot 3:6"
                }, 
                {
                    "category": "Mishnah", 
                    "sourceHeRef": "משנה מדות ג׳:ו׳", 
                    "sourceRef": "Mishnah Middot 3:6", 
                    "ref": "Mishnah Middot 3:6"
                }, 
                {
                    "category": "Mishnah", 
                    "sourceHeRef": "משנה מדות ג׳:ו׳", 
                    "sourceRef": "Mishnah Middot 3:6", 
                    "ref": "Mishnah Middot 3:6"
                }, 
                {
                    "category": "Mishnah", 
                    "sourceHeRef": "משנה מדות ג׳:ו׳", 
                    "sourceRef": "Mishnah Middot 3:6", 
                    "ref": "Mishnah Middot 3:6"
                }, 
                {
                    "category": "Mishnah", 
                    "sourceHeRef": "משנה מדות ג׳:ו׳", 
                    "sourceRef": "Mishnah Middot 3:6", 
                    "ref": "Mishnah Middot 3:6"
                }, 
                {
                    "category": "Mishnah", 
                    "sourceHeRef": "משנה מדות ג׳:ו׳", 
                    "sourceRef": "Mishnah Middot 3:6", 
                    "ref": "Mishnah Middot 3:6"
                }
            ], 
            "text": ""
        }, 
        {
            "segmentNumber": "7", 
            "he": [
                "<b>חמש אמלתראות</b> קורות מצויירות ומכויירות:", 
                "<b> של מילת</b> של אילן  שגדלים בו עפצים שקרויין מילין. כדאמרינן בגיטין [דף י''ט] חיישינן שמא במי מילין כתבו:", 
                "<b> התחתונה</b> הקורה התחתונה מושכבת על משקוף הפתח לרחבו של פתח שהוא רחב עשרים אמה, והקורה עודפת על הפתח אמה מזה ואמה מזה, נמצא ארכה עשרים ושתים. וקורה שניה שלמעלה הימנה עודפת על הראשונה אמה מזה ואמה מזה, נמצא ארכה עשרים וארבעה. והשלישית עשרים ושש, והרביעית עשרים ושמונה, וחמישית שלשים:", 
                "<b> ונדבך</b> שורה. כמו נדבכים די אבן גלל (עזרא ו'):", 
                "<b> בין כל אחת ואחת</b> חמש קורות אלו לא היו נוגעות זו בזו, אלא שורה של בנין של אבנים היתה בין זו לזו:\n\n"
            ], 
            "links": [
                {
                    "category": "Mishnah", 
                    "sourceHeRef": "משנה מדות ג׳:ז׳", 
                    "sourceRef": "Mishnah Middot 3:7", 
                    "ref": "Mishnah Middot 3:7"
                }, 
                {
                    "category": "Mishnah", 
                    "sourceHeRef": "משנה מדות ג׳:ז׳", 
                    "sourceRef": "Mishnah Middot 3:7", 
                    "ref": "Mishnah Middot 3:7"
                }, 
                {
                    "category": "Mishnah", 
                    "sourceHeRef": "משנה מדות ג׳:ז׳", 
                    "sourceRef": "Mishnah Middot 3:7", 
                    "ref": "Mishnah Middot 3:7"
                }, 
                {
                    "category": "Mishnah", 
                    "sourceHeRef": "משנה מדות ג׳:ז׳", 
                    "sourceRef": "Mishnah Middot 3:7", 
                    "ref": "Mishnah Middot 3:7"
                }, 
                {
                    "category": "Mishnah", 
                    "sourceHeRef": "משנה מדות ג׳:ז׳", 
                    "sourceRef": "Mishnah Middot 3:7", 
                    "ref": "Mishnah Middot 3:7"
                }, 
                {
                    "category": "Commentary", 
                    "sourceHeRef": "עיקר תוספות יום טוב על משנה מדות ג׳:ז׳:א׳", 
                    "sourceRef": "Ikar Tosafot Yom Tov on Mishnah Middot 3:7:1", 
                    "ref": "Ikar Tosafot Yom Tov on Mishnah Middot 3:7:1"
                }, 
                {
                    "category": "Tanach", 
                    "sourceHeRef": "עזרא ו׳", 
                    "sourceRef": "Ezra 6", 
                    "ref": "Ezra 6"
                }
            ], 
            "text": ""
        }, 
        {
            "segmentNumber": "8", 
            "he": [
                "<b>שלא יבעטו</b> שלא יטו הכתלים ליפול מחמת גובהן, והיו הכלונסות הללו הנמשכים מכותל זה לכותל זה סומכים  שני הכתלים שלא יפלו:", 
                "<b> ורואין את העטרות</b> שבחלונות של היכל:", 
                "<b> כל מי שהוא מתנדב</b> זהב להיכל ורוצה שהזהב עצמו שהתנדב יתנוהו בהיכל  לפי שהיה כולו מצופה זהב, היה עושה מאותו זהב שמתנדב כדמות גרגיר או עלה או אשכול ותולה בה:", 
                "<b> ונמנו עליה שלש מאות כהנים</b> מכובד הזהב מרובה שהיה בה, הוצרכו שלש מאות כהנים לטלטלה ולפנותה ממקום למקום . וזה אחד מן המקומות שדברו חכמים לשון הבאי, דלאו דוקא שלש מאות כהנים , ולא נתכוין ר' אליעזר ברבי צדוק אלא להודיע שזהב הרבה התנדבו שם:"
            ], 
            "links": [
                {
                    "category": "Mishnah", 
                    "sourceHeRef": "משנה מדות ג׳:ח׳", 
                    "sourceRef": "Mishnah Middot 3:8", 
                    "ref": "Mishnah Middot 3:8"
                }, 
                {
                    "category": "Mishnah", 
                    "sourceHeRef": "משנה מדות ג׳:ח׳", 
                    "sourceRef": "Mishnah Middot 3:8", 
                    "ref": "Mishnah Middot 3:8"
                }, 
                {
                    "category": "Mishnah", 
                    "sourceHeRef": "משנה מדות ג׳:ח׳", 
                    "sourceRef": "Mishnah Middot 3:8", 
                    "ref": "Mishnah Middot 3:8"
                }, 
                {
                    "category": "Mishnah", 
                    "sourceHeRef": "משנה מדות ג׳:ח׳", 
                    "sourceRef": "Mishnah Middot 3:8", 
                    "ref": "Mishnah Middot 3:8"
                }, 
                {
                    "category": "Commentary", 
                    "sourceHeRef": "עיקר תוספות יום טוב על משנה מדות ג׳:ח׳:ב׳", 
                    "sourceRef": "Ikar Tosafot Yom Tov on Mishnah Middot 3:8:2", 
                    "ref": "Ikar Tosafot Yom Tov on Mishnah Middot 3:8:2"
                }, 
                {
                    "category": "Commentary", 
                    "sourceHeRef": "עיקר תוספות יום טוב על משנה מדות ג׳:ח׳:ו׳", 
                    "sourceRef": "Ikar Tosafot Yom Tov on Mishnah Middot 3:8:6", 
                    "ref": "Ikar Tosafot Yom Tov on Mishnah Middot 3:8:6"
                }, 
                {
                    "category": "Commentary", 
                    "sourceHeRef": "עיקר תוספות יום טוב על משנה מדות ג׳:ח׳:ז׳", 
                    "sourceRef": "Ikar Tosafot Yom Tov on Mishnah Middot 3:8:7", 
                    "ref": "Ikar Tosafot Yom Tov on Mishnah Middot 3:8:7"
                }, 
                {
                    "category": "Commentary", 
                    "sourceHeRef": "עיקר תוספות יום טוב על משנה מדות ג׳:ח׳:ח׳", 
                    "sourceRef": "Ikar Tosafot Yom Tov on Mishnah Middot 3:8:8", 
                    "ref": "Ikar Tosafot Yom Tov on Mishnah Middot 3:8:8"
                }
            ], 
            "text": ""
        }
    ], 
    "book": "Bartenura on Mishnah Middot", 
    "prev": "Bartenura on Mishnah Middot 2:6", 
    "textDepth": 3, 
    "sectionNames": [
        "Chapter", 
        "Mishna", 
        "Comment"
    ], 
    "sections": [
        3
    ], 
    "commentator": "Bartenura", 
    "isComplex": false, 
    "commentaryCategories": [
        "Mishnah", 
        "Seder Kodashim"
    ], 
    "titleVariants": [
        "Obadiah ben Abraham of Bertinoro on Mishna Middot", 
        "Bartenura on M Middot", 
        "Obadiah of Bertinoro on Mishnah Middot", 
        "Obadiah ben Abraham of Bertinoro on M. Middot", 
        "Obadiah ben Abraham of Bertinoro on Mishnah Middot", 
        "Obadiah of Bertinoro on M Middot", 
        "Bartenura on Mishna Middot", 
        "Bartenura on M. Middot", 
        "Bartenura on Mishnah Middot", 
        "Ovadia of Bartenura on Mishnah Middot", 
        "Ovadia of Bartenura on M Middot", 
        "Obadiah ben Abraham of Bertinoro on M Middot", 
        "Obadiah of Bertinoro on Mishna Middot", 
        "Ovadia of Bartenura on M. Middot", 
        "Ovadia of Bartenura on Mishna Middot", 
        "Obadiah of Bertinoro on M. Middot"
    ], 
    "categories": [
        "Commentary", 
        "Mishnah", 
        "Bartenura"
    ], 
    "ref": "Bartenura on Mishnah Middot 3", 
    "type": "Commentary", 
    "addressTypes": [
        "Perek", 
        "Mishnah", 
        "Integer"
    ], 
    "heCommentator": "ברטנורא", 
    "length": 5, 
    "indexTitle": "Bartenura on Mishnah Middot", 
    "heIndexTitle": "ברטנורא על משנה מדות", 
    "alts": [], 
    "order": [
        50, 
        10
    ]
}