[{
    "links": [], 
    "text": [], 
    "heTitleVariants": [
        " חידושי אגדות על מסכת פסחים"
    ], 
    "heTitle": " חידושי אגדות על מסכת פסחים א׳ א", 
    "heRef": " חידושי אגדות על מסכת פסחים א׳ א", 
    "toSections": [
        "1a"
    ], 
    "sectionRef": "Chidushei Agadot on Pesachim 1a", 
    "title": "Chidushei Agadot on Pesachim 1a", 
    "next": "Chidushei Agadot on Pesachim 2a", 
    "heBook": " חידושי אגדות על מסכת פסחים", 
    "book": "Chidushei Agadot on Pesachim", 
    "prev": null, 
    "textDepth": 2, 
    "sectionNames": [
        "Daf", 
        "Peirush"
    ], 
    "sections": [
        "1a"
    ], 
    "isComplex": false, 
    "titleVariants": [
        "Chidushei Agadot on Pesachim"
    ], 
    "categories": [
        "Commentary2", 
        "Talmud", 
        "Chidushei Agadot"
    ], 
    "he": [], 
    "ref": "Chidushei Agadot on Pesachim 1a", 
    "type": "Commentary2", 
    "addressTypes": [
        "Talmud", 
        "Integer"
    ], 
    "indexTitle": "Chidushei Agadot on Pesachim", 
    "heIndexTitle": " חידושי אגדות על מסכת פסחים", 
    "alts": [], 
    "order": ""
}]