{
    "content": [
        {
            "segmentNumber": "1", 
            "links": [
                {
                    "category": "Commentary", 
                    "index_title": "Rashi on Beitzah", 
                    "sourceHeRef": "רש\"י על ביצה י׳ ב:א׳:א׳", 
                    "sourceRef": "Rashi on Beitzah 10b:1:1"
                }, 
                {
                    "category": "Commentary", 
                    "index_title": "Rashi on Beitzah", 
                    "sourceHeRef": "רש\"י על ביצה י׳ ב:א׳:ב׳", 
                    "sourceRef": "Rashi on Beitzah 10b:1:2"
                }, 
                {
                    "category": "Commentary", 
                    "index_title": "Rashi on Beitzah", 
                    "sourceHeRef": "רש\"י על ביצה י׳ ב:א׳:ג׳", 
                    "sourceRef": "Rashi on Beitzah 10b:1:3"
                }
            ], 
            "he": "אבל ביום טוב אסור דזימנין דמשתכחי שמנים כחושים וכחושים שמנים וקמטלטל מידי דלא חזי ליה"
        }, 
        {
            "segmentNumber": "2", 
            "links": [
                {
                    "category": "Commentary", 
                    "index_title": "Rashi on Beitzah", 
                    "sourceHeRef": "רש\"י על ביצה י׳ ב:ב׳:א׳", 
                    "sourceRef": "Rashi on Beitzah 10b:2:1"
                }, 
                {
                    "category": "Commentary", 
                    "index_title": "Shita Mekubetzet on Beitzah", 
                    "sourceHeRef": "שיטה מקובצת על ביצה י׳ ב:א׳", 
                    "sourceRef": "Shita Mekubetzet on Beitzah 10b:1"
                }
            ], 
            "he": "אי נמי זימנין דמשתכחי כלהו כחושים ושביק להו ואתי לאמנועי משמחת יום טוב:"
        }, 
        {
            "segmentNumber": "3", 
            "links": [
                {
                    "category": "Commentary", 
                    "index_title": "Rashi on Beitzah", 
                    "sourceHeRef": "רש\"י על ביצה י׳ ב:ג׳:א׳", 
                    "sourceRef": "Rashi on Beitzah 10b:3:1"
                }, 
                {
                    "category": "Commentary", 
                    "index_title": "Rashba on Beitzah", 
                    "sourceHeRef": "רשב״א על ביצה י׳ ב:א׳", 
                    "sourceRef": "Rashba on Beitzah 10b:1"
                }, 
                {
                    "category": "Commentary", 
                    "index_title": "Shita Mekubetzet on Beitzah", 
                    "sourceHeRef": "שיטה מקובצת על ביצה י׳ ב:ב׳", 
                    "sourceRef": "Shita Mekubetzet on Beitzah 10b:2"
                }
            ], 
            "he": "<big><strong>מתני׳</strong></big> זמן שחורים ומצא לבנים לבנים ומצא שחורים שנים ומצא שלשה אסורים"
        }, 
        {
            "segmentNumber": "4", 
            "links": [
                {
                    "category": "Commentary", 
                    "index_title": "Rashi on Beitzah", 
                    "sourceHeRef": "רש\"י על ביצה י׳ ב:ד׳:א׳", 
                    "sourceRef": "Rashi on Beitzah 10b:4:1"
                }
            ], 
            "he": "שלשה ומצא שנים מותרים"
        }, 
        {
            "segmentNumber": "5", 
            "links": [
                {
                    "category": "Commentary", 
                    "index_title": "Rashi on Beitzah", 
                    "sourceHeRef": "רש\"י על ביצה י׳ ב:ה׳:א׳", 
                    "sourceRef": "Rashi on Beitzah 10b:5:1"
                }
            ], 
            "he": "בתוך הקן ומצא לפני הקן אסורין"
        }, 
        {
            "segmentNumber": "6", 
            "he": "ואם אין שם אלא הם הרי אלו מותרים:"
        }, 
        {
            "segmentNumber": "7", 
            "links": [
                {
                    "category": "Commentary", 
                    "index_title": "Rosh on Beitzah", 
                    "sourceHeRef": " פסקי הראש על ביצה א׳:ט״ו:ב׳", 
                    "sourceRef": "Rosh on Beitzah 1:15:2"
                }
            ], 
            "he": "<big><strong>גמ׳</strong></big> פשיטא"
        }, 
        {
            "segmentNumber": "8", 
            "he": "אמר רבה"
        }, 
        {
            "segmentNumber": "9", 
            "links": [
                {
                    "category": "Commentary", 
                    "index_title": "Rashi on Beitzah", 
                    "sourceHeRef": "רש\"י על ביצה י׳ ב:ט׳:א׳", 
                    "sourceRef": "Rashi on Beitzah 10b:9:1"
                }, 
                {
                    "category": "Commentary", 
                    "index_title": "Rashi on Beitzah", 
                    "sourceHeRef": "רש\"י על ביצה י׳ ב:ט׳:ב׳", 
                    "sourceRef": "Rashi on Beitzah 10b:9:2"
                }
            ], 
            "he": "הכא במאי עסקינן כגון שזמן שחורים ולבנים והשכים ומצא שחורים במקום לבנים ולבנים במקום שחורים"
        }, 
        {
            "segmentNumber": "10", 
            "he": "מהו דתימא"
        }, 
        {
            "segmentNumber": "11", 
            "he": "הני אינהו נינהו ואתהפוכי אתהפוך קמ\"ל"
        }, 
        {
            "segmentNumber": "12", 
            "he": "הנך אזדו לעלמא והני אחריני נינהו"
        }, 
        {
            "segmentNumber": "13", 
            "links": [
                {
                    "category": "Commentary", 
                    "index_title": "Rashi on Beitzah", 
                    "sourceHeRef": "רש\"י על ביצה י׳ ב:י״ג:א׳", 
                    "sourceRef": "Rashi on Beitzah 10b:13:1"
                }, 
                {
                    "category": "Commentary", 
                    "index_title": "Rashba on Beitzah", 
                    "sourceHeRef": "רשב״א על ביצה י׳ ב:ב׳", 
                    "sourceRef": "Rashba on Beitzah 10b:2"
                }
            ], 
            "he": "לימא מסייע ליה לר' חנינא דאמר ר' חנינא"
        }, 
        {
            "segmentNumber": "14", 
            "links": [
                {
                    "category": "Commentary", 
                    "index_title": "Rashi on Beitzah", 
                    "sourceHeRef": "רש\"י על ביצה י׳ ב:י״ד:א׳", 
                    "sourceRef": "Rashi on Beitzah 10b:14:1"
                }
            ], 
            "he": "רוב וקרוב הלך אחר הרוב"
        }, 
        {
            "segmentNumber": "15", 
            "links": [
                {
                    "category": "Commentary", 
                    "index_title": "Rashi on Beitzah", 
                    "sourceHeRef": "רש\"י על ביצה י׳ ב:ט״ו:א׳", 
                    "sourceRef": "Rashi on Beitzah 10b:15:1"
                }, 
                {
                    "category": "Commentary", 
                    "index_title": "Maharam Shif on Beitzah", 
                    "sourceHeRef": "מהר\"ם שיף על ביצה י׳ ב:א׳", 
                    "sourceRef": "Maharam Shif on Beitzah 10b:1"
                }
            ], 
            "he": "כדאמר אביי"
        }, 
        {
            "segmentNumber": "16", 
            "links": [
                {
                    "category": "Commentary", 
                    "index_title": "Rashi on Beitzah", 
                    "sourceHeRef": "רש\"י על ביצה י׳ ב:ט״ז:א׳", 
                    "sourceRef": "Rashi on Beitzah 10b:16:1"
                }
            ], 
            "he": "בדף הכא נמי בדף:"
        }, 
        {
            "segmentNumber": "17", 
            "links": [
                {
                    "category": "Commentary", 
                    "index_title": "Rosh on Beitzah", 
                    "sourceHeRef": " פסקי הראש על ביצה א׳:ט״ו:א׳", 
                    "sourceRef": "Rosh on Beitzah 1:15:1"
                }
            ], 
            "he": "שנים ומצא שלשה אסורין:"
        }, 
        {
            "segmentNumber": "18", 
            "links": [
                {
                    "category": "Commentary", 
                    "index_title": "Rashi on Beitzah", 
                    "sourceHeRef": "רש\"י על ביצה י׳ ב:י״ח:א׳", 
                    "sourceRef": "Rashi on Beitzah 10b:18:1"
                }, 
                {
                    "category": "Commentary", 
                    "index_title": "Tosafot on Beitzah", 
                    "sourceHeRef": "תוספות על ביצה י׳ ב:י״ח:א׳", 
                    "sourceRef": "Tosafot on Beitzah 10b:18:1"
                }, 
                {
                    "category": "Commentary", 
                    "index_title": "Rashba on Beitzah", 
                    "sourceHeRef": "רשב״א על ביצה י׳ ב:ג׳", 
                    "sourceRef": "Rashba on Beitzah 10b:3"
                }
            ], 
            "he": "מה נפשך אי אחריני נינהו הא אחריני נינהו ואי לא אחריני נינהו הא איכא חד דמערב בהו:"
        }, 
        {
            "segmentNumber": "19", 
            "he": "שלשה ומצא שנים מותרין:"
        }, 
        {
            "segmentNumber": "20", 
            "he": "מ\"ט"
        }, 
        {
            "segmentNumber": "21", 
            "links": [
                {
                    "category": "Commentary", 
                    "index_title": "Tosafot on Beitzah", 
                    "sourceHeRef": "תוספות על ביצה י׳ ב:כ״א:א׳", 
                    "sourceRef": "Tosafot on Beitzah 10b:21:1"
                }
            ], 
            "he": "הני אינהו נינהו וחד מנייהו אזל לעלמא"
        }, 
        {
            "segmentNumber": "22", 
            "links": [
                {
                    "category": "Commentary", 
                    "index_title": "Rashi on Beitzah", 
                    "sourceHeRef": "רש\"י על ביצה י׳ ב:כ״ב:א׳", 
                    "sourceRef": "Rashi on Beitzah 10b:22:1"
                }
            ], 
            "he": "לימא מתניתין רבי היא ולא רבנן דתניא"
        }, 
        {
            "segmentNumber": "23", 
            "links": [
                {
                    "category": "Commentary", 
                    "index_title": "Rashi on Beitzah", 
                    "sourceHeRef": "רש\"י על ביצה י׳ ב:כ״ג:א׳", 
                    "sourceRef": "Rashi on Beitzah 10b:23:1"
                }, 
                {
                    "category": "Commentary", 
                    "index_title": "Rashi on Beitzah", 
                    "sourceHeRef": "רש\"י על ביצה י׳ ב:כ״ג:ב׳", 
                    "sourceRef": "Rashi on Beitzah 10b:23:2"
                }, 
                {
                    "category": "Commentary", 
                    "index_title": "Tosafot on Beitzah", 
                    "sourceHeRef": "תוספות על ביצה י׳ ב:כ״ג:א׳", 
                    "sourceRef": "Tosafot on Beitzah 10b:23:1"
                }, 
                {
                    "category": "Commentary", 
                    "index_title": "Maharam Shif on Beitzah", 
                    "sourceHeRef": "מהר\"ם שיף על ביצה י׳ ב:ג׳", 
                    "sourceRef": "Maharam Shif on Beitzah 10b:3"
                }, 
                {
                    "category": "Commentary", 
                    "index_title": "Shita Mekubetzet on Beitzah", 
                    "sourceHeRef": "שיטה מקובצת על ביצה י׳ ב:ה׳", 
                    "sourceRef": "Shita Mekubetzet on Beitzah 10b:5"
                }
            ], 
            "he": "הניח מנה ומצא מאתים חולין ומעשר שני מעורבין זה בזה דברי רבי"
        }, 
        {
            "segmentNumber": "24", 
            "he": "וחכמים אומרים"
        }, 
        {
            "segmentNumber": "25", 
            "links": [
                {
                    "category": "Commentary", 
                    "index_title": "Rashi on Beitzah", 
                    "sourceHeRef": "רש\"י על ביצה י׳ ב:כ״ה:א׳", 
                    "sourceRef": "Rashi on Beitzah 10b:25:1"
                }
            ], 
            "he": "הכל חולין"
        }, 
        {
            "segmentNumber": "26", 
            "links": [
                {
                    "category": "Commentary", 
                    "index_title": "Rashi on Beitzah", 
                    "sourceHeRef": "רש\"י על ביצה י׳ ב:כ״ו:א׳", 
                    "sourceRef": "Rashi on Beitzah 10b:26:1"
                }
            ], 
            "he": "הניח מאתים ומצא מנה מנה מונח ומנה מוטל דברי רבי"
        }, 
        {
            "segmentNumber": "27", 
            "he": "וחכמים אומרים"
        }, 
        {
            "segmentNumber": "28", 
            "links": [
                {
                    "category": "Commentary", 
                    "index_title": "Rashi on Beitzah", 
                    "sourceHeRef": "רש\"י על ביצה י׳ ב:כ״ח:א׳", 
                    "sourceRef": "Rashi on Beitzah 10b:28:1"
                }
            ], 
            "he": "הכל חולין"
        }, 
        {
            "segmentNumber": "29", 
            "he": "אפילו תימא רבנן הא אתמר עלה רבי יוחנן ור\"א דאמרי תרוייהו"
        }, 
        {
            "segmentNumber": "30", 
            "links": [
                {
                    "category": "Commentary", 
                    "index_title": "Rashi on Beitzah", 
                    "sourceHeRef": "רש\"י על ביצה י׳ ב:ל׳:א׳", 
                    "sourceRef": "Rashi on Beitzah 10b:30:1"
                }, 
                {
                    "category": "Commentary", 
                    "index_title": "Rashi on Beitzah", 
                    "sourceHeRef": "רש\"י על ביצה י׳ ב:ל׳:ב׳", 
                    "sourceRef": "Rashi on Beitzah 10b:30:2"
                }
            ], 
            "he": "שאני גוזלות הואיל ועשויין לדדות"
        }, 
        {
            "segmentNumber": "31", 
            "links": [
                {
                    "category": "Commentary", 
                    "index_title": "Rashi on Beitzah", 
                    "sourceHeRef": "רש\"י על ביצה י׳ ב:ל״א:א׳", 
                    "sourceRef": "Rashi on Beitzah 10b:31:1"
                }, 
                {
                    "category": "Commentary", 
                    "index_title": "Rashi on Beitzah", 
                    "sourceHeRef": "רש\"י על ביצה י׳ ב:ל״א:ב׳", 
                    "sourceRef": "Rashi on Beitzah 10b:31:2"
                }
            ], 
            "he": "ולמה לי לשנויי עלה שאני גוזלות הואיל ועשויין לדדות"
        }, 
        {
            "segmentNumber": "32", 
            "he": "והא אתמר עלה דההיא דרבי יוחנן ור' אלעזר"
        }, 
        {
            "segmentNumber": "33", 
            "he": "חד אמר"
        }, 
        {
            "segmentNumber": "34", 
            "links": [
                {
                    "category": "Commentary", 
                    "index_title": "Tosafot on Beitzah", 
                    "sourceHeRef": "תוספות על ביצה י׳ ב:ל״ד:א׳", 
                    "sourceRef": "Tosafot on Beitzah 10b:34:1"
                }, 
                {
                    "category": "Commentary", 
                    "index_title": "Maharam Shif on Beitzah", 
                    "sourceHeRef": "מהר\"ם שיף על ביצה י׳ ב:ד׳", 
                    "sourceRef": "Maharam Shif on Beitzah 10b:4"
                }
            ], 
            "he": "בשני כיסין מחלוקת אבל בכיס אחד דברי הכל חולין"
        }, 
        {
            "segmentNumber": "35", 
            "he": "וחד אמר"
        }, 
        {
            "segmentNumber": "36", 
            "he": "בכיס אחד מחלוקת אבל בשני כיסין דברי הכל מנה מונח ומנה מוטל"
        }, 
        {
            "segmentNumber": "37", 
            "links": [
                {
                    "category": "Commentary", 
                    "index_title": "Rashi on Beitzah", 
                    "sourceHeRef": "רש\"י על ביצה י׳ ב:ל״ז:א׳", 
                    "sourceRef": "Rashi on Beitzah 10b:37:1"
                }
            ], 
            "he": "בשלמא למ\"ד בשני כיסין מחלוקת היינו דאיצטריך לשנויי הכא שאני גוזלות הואיל ועשויין לדדות"
        }, 
        {
            "segmentNumber": "38", 
            "links": [
                {
                    "category": "Commentary", 
                    "index_title": "Rashi on Beitzah", 
                    "sourceHeRef": "רש\"י על ביצה י׳ ב:ל״ח:א׳", 
                    "sourceRef": "Rashi on Beitzah 10b:38:1"
                }
            ], 
            "he": "אלא למ\"ד בכיס אחד מחלוקת אבל בשני כיסין דברי הכל מנה מונח ומנה מוטל השתא למה לי לשנויי עלה"
        }, 
        {
            "segmentNumber": "39", 
            "he": "הא אמרת בשני כיסין לא פליגי"
        }, 
        {
            "segmentNumber": "40", 
            "he": "אמר רב אשי"
        }, 
        {
            "segmentNumber": "41", 
            "links": [
                {
                    "category": "Commentary", 
                    "index_title": "Rashi on Beitzah", 
                    "sourceHeRef": "רש\"י על ביצה י׳ ב:מ״א:א׳", 
                    "sourceRef": "Rashi on Beitzah 10b:41:1"
                }, 
                {
                    "category": "Commentary", 
                    "index_title": "Rashba on Beitzah", 
                    "sourceHeRef": "רשב״א על ביצה י׳ ב:ה׳", 
                    "sourceRef": "Rashba on Beitzah 10b:5"
                }
            ], 
            "he": "הכא בגוזלות מקושרים וכיסים מקושרים עסקינן"
        }, 
        {
            "segmentNumber": "42", 
            "he": "גוזלות מנתחי אהדדי כיסין לא מנתחי אהדדי"
        }, 
        {
            "segmentNumber": "43", 
            "links": [
                {
                    "category": "Commentary", 
                    "index_title": "Maharam Shif on Beitzah", 
                    "sourceHeRef": "מהר\"ם שיף על ביצה י׳ ב:ב׳", 
                    "sourceRef": "Maharam Shif on Beitzah 10b:2"
                }
            ], 
            "he": "ורבי אמר לך"
        }, 
        {
            "segmentNumber": "44", 
            "he": "כיסין נמי זמנין"
        }
    ], 
    "heTitle": "ביצה י׳ ב", 
    "indexTitle": "Beitzah", 
    "sectionRef": "Beitzah 10b", 
    "prev": "Beitzah 10a", 
    "ref": "Beitzah 10b", 
    "heRef": "ביצה י׳ ב", 
    "next": "Beitzah 11a"
}