{
    "sections": {
        "Yaakov Emden on Seder Olam Rabbah 16:2": {
            "content": [
                {
                    "segmentNumber": "1", 
                    "links": [
                        {
                            "category": "Apocrypha", 
                            "index_title": "Seder Olam Rabbah", 
                            "sourceHeRef": "סדר עולם רבה ט״ז:ב׳", 
                            "sourceRef": "Seder Olam Rabbah 16:2"
                        }
                    ], 
                    "he": "א] לא נגפו, בצ\"ל ומפני מה נגפו שהיה כו', ושתי תיבות (לא המלך) נמחקים:"
                }, 
                {
                    "segmentNumber": "2", 
                    "links": [
                        {
                            "category": "Apocrypha", 
                            "index_title": "Seder Olam Rabbah", 
                            "sourceHeRef": "סדר עולם רבה ט״ז:ב׳", 
                            "sourceRef": "Seder Olam Rabbah 16:2"
                        }
                    ], 
                    "he": "ב] והניחו, שהרי הושע נבא עליו גם אותו לאשור יובל, ע\"ל פרק כ\"ב:"
                }, 
                {
                    "segmentNumber": "3", 
                    "links": [
                        {
                            "category": "Apocrypha", 
                            "index_title": "Seder Olam Rabbah", 
                            "sourceHeRef": "סדר עולם רבה ט״ז:ב׳", 
                            "sourceRef": "Seder Olam Rabbah 16:2"
                        }
                    ], 
                    "he": "ג] בשנת חמש עשרה, שכן כתיב בדברי הימים (ב' ט\"ו י') ויקבצו וגו', בשנת ט\"ו סמוך אחר זרח:"
                }, 
                {
                    "segmentNumber": "4", 
                    "links": [
                        {
                            "category": "Apocrypha", 
                            "index_title": "Seder Olam Rabbah", 
                            "sourceHeRef": "סדר עולם רבה ט״ז:ב׳", 
                            "sourceRef": "Seder Olam Rabbah 16:2"
                        }
                    ], 
                    "he": "ד] ל\"ה לשלמה משמת, זה מכוון עם מש\"ל בס\"ד בפרק הקודם, כי אז שלמו ל\"ו משמתה בת פרעה שכנגדן נגזרה גזרה, לכן עתה הסף שנלקח מבית דוד למצרים חזר לבית דוד אבל עדיין לא שלמו ל\"ו להחלק מלכות ישראל עד י\"ז לאסא:"
                }, 
                {
                    "segmentNumber": "5", 
                    "links": [
                        {
                            "category": "Apocrypha", 
                            "index_title": "Seder Olam Rabbah", 
                            "sourceHeRef": "סדר עולם רבה ט״ז:ב׳", 
                            "sourceRef": "Seder Olam Rabbah 16:2"
                        }
                    ], 
                    "he": "ה] ויקם כו', כל זה נמחק גם אין לשון הכתוב כן:"
                }, 
                {
                    "segmentNumber": "6", 
                    "links": [
                        {
                            "category": "Apocrypha", 
                            "index_title": "Seder Olam Rabbah", 
                            "sourceHeRef": "סדר עולם רבה ט״ז:ב׳", 
                            "sourceRef": "Seder Olam Rabbah 16:2"
                        }
                    ], 
                    "he": "ו] בשנת, דברי הימים (ב' ט\"ז):"
                }, 
                {
                    "segmentNumber": "7", 
                    "links": [
                        {
                            "category": "Apocrypha", 
                            "index_title": "Seder Olam Rabbah", 
                            "sourceHeRef": "סדר עולם רבה ט״ז:ב׳", 
                            "sourceRef": "Seder Olam Rabbah 16:2"
                        }
                    ], 
                    "he": "ז] כרתו כו', מאת ה' היתה לחזק לבם לקראת המלחמה, לפי שבאותה שנה כלתה גזרה של חלוק מלכות ב\"ד והיה ראוי אסא שיפלו מלכי ישראל ואדם בידו, ותחזור מלכות ישראל אליו, לולי שקלקל כי לא בטח בה', כדמסיק, ולרד\"ק דברים מרבים הבל של חטא בפסוקים הללו, עיין מ\"ש בס\"ד באם לבינה הנ\"ל מלכים (א' ט\"ז): "
                }
            ], 
            "heTitle": "יעב\"ץ על סדר עולם רבה", 
            "indexTitle": "Yaakov Emden on Seder Olam Rabbah", 
            "sectionRef": "Yaakov Emden on Seder Olam Rabbah 16:2", 
            "prev": "Yaakov Emden on Seder Olam Rabbah 15:2", 
            "ref": "Yaakov Emden on Seder Olam Rabbah 16:2", 
            "heRef": "יעב\"ץ על סדר עולם רבה ט״ז:ב׳", 
            "next": "Yaakov Emden on Seder Olam Rabbah 17:2"
        }, 
        "Yaakov Emden on Seder Olam Rabbah 16:1": {
            "content": [], 
            "heTitle": "יעב\"ץ על סדר עולם רבה", 
            "indexTitle": "Yaakov Emden on Seder Olam Rabbah", 
            "sectionRef": "Yaakov Emden on Seder Olam Rabbah 16:1", 
            "prev": "Yaakov Emden on Seder Olam Rabbah 15:2", 
            "ref": "Yaakov Emden on Seder Olam Rabbah 16:1", 
            "heRef": "יעב\"ץ על סדר עולם רבה ט״ז:א׳", 
            "next": "Yaakov Emden on Seder Olam Rabbah 16:2"
        }
    }, 
    "ref": "Yaakov Emden on Seder Olam Rabbah 16"
}