[{
    "links": [
        [
            "4:1:1", 
            "Mishnah Yadayim 4:1", 
            "Mishnah"
        ], 
        [
            "4:3:1", 
            "Mishnah Yadayim 4:3", 
            "Mishnah"
        ], 
        [
            "4:4:1", 
            "Mishnah Yadayim 4:4", 
            "Mishnah"
        ], 
        [
            "4:5:1", 
            "Mishnah Yadayim 4:5", 
            "Mishnah"
        ], 
        [
            "4:6:1", 
            "Mishnah Yadayim 4:6", 
            "Mishnah"
        ], 
        [
            "4:8:1", 
            "Mishnah Yadayim 4:8", 
            "Mishnah"
        ], 
        [
            "4:1:1", 
            "Bartenura on Mishnah Yadayim 4:1:5", 
            "Commentary"
        ], 
        [
            "4:5:1", 
            "Bartenura on Mishnah Yadayim 4:5:2", 
            "Commentary"
        ], 
        [
            "4:6:1", 
            "Bartenura on Mishnah Yadayim 4:6:5", 
            "Commentary"
        ], 
        [
            "4:3:2", 
            "Mishnah Yadayim 4:3", 
            "Mishnah"
        ], 
        [
            "4:5:2", 
            "Mishnah Yadayim 4:5", 
            "Mishnah"
        ], 
        [
            "4:8:2", 
            "Mishnah Yadayim 4:8", 
            "Mishnah"
        ], 
        [
            "4:5:2", 
            "Bartenura on Mishnah Yadayim 4:5:2", 
            "Commentary"
        ], 
        [
            "4:8:2", 
            "Bartenura on Mishnah Yadayim 4:8:4", 
            "Commentary"
        ], 
        [
            "4:3:3", 
            "Mishnah Yadayim 4:3", 
            "Mishnah"
        ], 
        [
            "4:5:3", 
            "Mishnah Yadayim 4:5", 
            "Mishnah"
        ], 
        [
            "4:3:4", 
            "Mishnah Yadayim 4:3", 
            "Mishnah"
        ], 
        [
            "4:3:5", 
            "Mishnah Yadayim 4:3", 
            "Mishnah"
        ], 
        [
            "4:3:6", 
            "Mishnah Yadayim 4:3", 
            "Mishnah"
        ], 
        [
            "4:3:7", 
            "Mishnah Yadayim 4:3", 
            "Mishnah"
        ], 
        [
            "4:3:7", 
            "Bartenura on Mishnah Yadayim 4:3:9", 
            "Commentary"
        ]
    ], 
    "text": [], 
    "heTitleVariants": [
        "עיקר ר' יום טוב ליפמן הלוי הלר על ידים", 
        "עיקר התוספות יום-טוב על ידים", 
        "עיקר תוספות יום טוב על משנה ידים", 
        "עיקר תוספות יום טוב על ידים", 
        "עיקר ר' יום טוב ליפמן הלוי הלר על משנה ידים", 
        "עיקר התוספות יו\"ט על ידים", 
        "עיקר התוספות יו\"ט על משנה ידים", 
        "עיקר התוספות יום-טוב על משנה ידים"
    ], 
    "heTitle": "עיקר תוספות יום טוב על משנה ידים", 
    "commentaryBook": "Mishnah Yadayim", 
    "heRef": "עיקר תוספות יום טוב על משנה ידים ד׳", 
    "toSections": [
        4
    ], 
    "sectionRef": "Ikar Tosafot Yom Tov on Mishnah Yadayim 4", 
    "title": "Ikar Tosafot Yom Tov on Mishnah Yadayim 4", 
    "lengths": [
        4, 
        22
    ], 
    "next": null, 
    "book": "Ikar Tosafot Yom Tov on Mishnah Yadayim", 
    "prev": "Ikar Tosafot Yom Tov on Mishnah Yadayim 3:5", 
    "textDepth": 3, 
    "sectionNames": [
        "Chapter", 
        "Mishna", 
        "Comment"
    ], 
    "sections": [
        4
    ], 
    "commentator": "Ikar Tosafot Yom Tov", 
    "isComplex": false, 
    "commentaryCategories": [
        "Mishnah", 
        "Seder Tahorot"
    ], 
    "titleVariants": [
        "Ikar Tosafot Yom Tov on Mishna Yadayim", 
        "Ikar Tosafot Yom Tov on Mishnah Yadayim", 
        "Ikar Tosafot Yom Tov on M Yadayim", 
        "Ikar Tosafot Yom Tov on M. Yadayim"
    ], 
    "categories": [
        "Commentary", 
        "Mishnah", 
        "Ikar Tosafot Yom Tov"
    ], 
    "he": [
        [
            "וקשה, דאם כן גם קודם שנסדקה תהא טמאה מדרס, כמו תיבה שפתחה מצדה. אבל בפרק כ' דכלים משנה ב' כתב הר''ב, שכשנסדקה אינה ראויה אלא לשכיבה, וכשלא נסדקה אימרים לו עמוד. כן פירש הר''מ. וכן עיקר. ועתוי''ט:"
        ], 
        [], 
        [
            "עמון כו'. לשון הר''מ, וראוי להוציא מעשר ותרומה בחוץ לארץ הסמוך לארץ ישראל. מצרים ועמון ומואב ובבל. וכל זה מדרבנן:", 
            "מעשר עני. ובדין הוא דאפילו תרומה גדולה לא נתקן, אלא הכל מעשר עני, אלא שלא רצו לחלק כל כך משאר שנים. תוס':", 
            "מחמיר. שמעשר שני קודש, ומעשר עני חול. הר''מ:", 
            "והתרומה. וסוף הפסוק, הביאו כו', אם לא אפתח לכם ארובות השמים, והריקותי לכם ברכה עד בלי די:", 
            "אצל ר' אליעזר. לפי שלא היה אצל המנין מפני המחלוקת שעי''כ ברכוהו:", 
            "אל תחושו. אל יהא לכם שום חשש וגמגום, שהרי הסכמתם להלכה. רש''י:", 
            "ומ''ש והנדון שלפנינו מעשה זקנים, היינו מקמי דידעי לעדותו של ר' אליעזר:"
        ], 
        [
            "הכתוב אומר. כו'. וקשה, מאי סלקא דעתיה דרבן גמליאל, מי לא ידע בכל אלה. וגם הגר שדחק וכנס בתוך חכמים מסתמא ידע המקרא ולמה שאל. ונראה לי, דרבן גמליאל ידע מזה שסנחריב בלבל ושזאת היתה שאלת הגר, אלא רבן גמליאל סבר שיש בפ' תרי לא יבוא שירצה לאסור לנו אף בזמן שיהא ספק. ור''י חשב שאפשר שרבן גמליאל סובר ספק אחר ומייתי מלא יבוא. והשיב שיש להתיר מחמת בלבול. ואמר לו רבן גמליאל הכתוב כו' אף אני יודע בלבול כו' ועל זה הייתי דורש הטקרא דאתי לאתויי משום דמקרא מסייעני ואח''כ אשיב. ואתי שפיר מאי דקאמר וכבר שבו ומנליה, אלא דלמד כן מיתורא דקרא. והשיב לו ר''י כו' ושבתי כו', ויתורא לדרשא אחריתי, כמו בממזר שכתב שתי פעמים לא יבוא ומותר הספק מן התורה:"
        ], 
        [
            "ועברית שהוא לשון הקודש, גם כן, על שם שכך היה לשונם של בני עבר הנהר. וכן פירש''י אברהם העברי, שבא מעבר הנהר:", 
            "לפי שאינו משתנה, ולא יפול בו דמיון לעולם לפי שאותיותיו בלתי מתדמות, ולפי שאינו נדבק אות באות בשיטת כתיבתו. ואין כזה שאר הכתיבות. הר''מ:", 
            "העור. ובכתיבת מגילה תנן על הספר, ופירש הר''ב קלף, ובפרק ח' דשבת משנה ג' דתנן העור וקלף, כל חד מלתא באפי נפשיה הוא, ולכן צריך עיון אמאי סגי הכא בעור:"
        ], 
        [
            "דומיא דלפי חיבתן שאמרו הם בעצמות דגם כן לאו אמת הוא, אלא קרא כתיב או בעצם אדם, אבל מצינו כן בעור האדם:"
        ], 
        [], 
        [
            "שאתם כו'. א''ל חכמים, כי אין זה גרעון למשה ואין בזה גדולה למלך. שאנו כותבין ג''כ ה' עם פרעה ונקדים שם פרעה כו'. הר''מ:", 
            "ובמסכת פאה דמסיים כי השוחד יעור, הא תני וגו', ונתכוון לסיפיא דקרא צדק צדק תרדוף למען תחיה:"
        ]
    ], 
    "ref": "Ikar Tosafot Yom Tov on Mishnah Yadayim 4", 
    "type": "Commentary", 
    "addressTypes": [
        "Perek", 
        "Mishnah", 
        "Integer"
    ], 
    "heCommentator": "עיקר תוספות יום טוב", 
    "length": 4, 
    "indexTitle": "Ikar Tosafot Yom Tov on Mishnah Yadayim", 
    "heIndexTitle": "עיקר תוספות יום טוב על משנה ידים", 
    "alts": [], 
    "order": [
        62, 
        11
    ]
}]