{
    "sections": {
        "Haamek Davar on Exodus 34:8": {
            "content": [
                {
                    "segmentNumber": "1", 
                    "links": [
                        {
                            "category": "Tanakh", 
                            "index_title": "Exodus", 
                            "sourceHeRef": "שמות ל״ד:ח׳", 
                            "sourceRef": "Exodus 34:8"
                        }
                    ], 
                    "he": "<b>וימהר משה וגו׳.</b> נודע למשה שהוא הרגע של עת רצון לשמוע תפלת כל אדם ע״כ השתחוה. וכבר כתבנו לעיל כ״ג י׳ במשמעות השתחואה שהיא תפלה. והיינו שמשה התפלל תפלה קבועה והוסיף בה אם נא וגו׳:\n"
                }
            ], 
            "heTitle": "העמק דבר על שמות", 
            "indexTitle": "Haamek Davar on Exodus", 
            "sectionRef": "Haamek Davar on Exodus 34:8", 
            "prev": "Haamek Davar on Exodus 34:7", 
            "ref": "Haamek Davar on Exodus 34:8", 
            "heRef": "העמק דבר על שמות ל״ד:ח׳", 
            "next": "Haamek Davar on Exodus 34:9"
        }, 
        "Haamek Davar on Exodus 34:9": {
            "content": [
                {
                    "segmentNumber": "1", 
                    "links": [
                        {
                            "category": "Tanakh", 
                            "index_title": "Exodus", 
                            "sourceHeRef": "שמות ל״ד:ט׳", 
                            "sourceRef": "Exodus 34:9"
                        }
                    ], 
                    "he": "<b>אם נא מצאתי חן בעיניך אדני.</b> כבר ביארנו כ״פ דמשמעות זה השם הוא שידוד הטבע. והקדים לומר אם נא וגו׳ לא שימלא משום זה בקשתו דא״כ לא היה נצרך לעת רצון הנפלא. אלא ה״ק אם באמת הנני הגון לפניך שתהא הנהגתי למעלה מן הטבע. אלא שירדתי מגדולתי בשביל ישראל. ועתה <b>ילך נא אדני בקרבנו.</b> במדה זו של אדני שהוא שידוד הטבע ילך ה׳ בקרבנו. דאע״ג שכבר הבטיחו ה׳ שילך עמם. מכ״מ היה אפשר שיתנהג בדרך הטבע כמו שאמר ה׳ לך רד מגדולתך ע״כ ביקש שיתהלך במדבר באותה מדה של שידוד הטבע. ופי׳ הטעם של בקשה זו לא משום כדי להתכבד בזה ח״ו אלא. <b>כי עם קשה עורף הוא.</b> ואם כן אחר שהבטחת להתהלך עמנו. אפשר שח״ו ברגע אחד תכלה אותנו כפי מדה״ד למקום שכינה ע״כ ההכרח להוסיף חסד ולהתהלך במדה גבוהה זו שנכלל בו גם שידוד המדות שקבע בהם עולמו. ובזה <b>וסלחת לעוננו ולחטאתנו.</b> בזו המדה תסלח גם לעונות הדור גם לחטאות של חה״ש שמצוי יותר במקום שכינה בהיסח הדעת מזה המעלה שלא יבא מזה לידי כליון ח״ו:\n"
                }, 
                {
                    "segmentNumber": "2", 
                    "links": [
                        {
                            "category": "Tanakh", 
                            "index_title": "Exodus", 
                            "sourceHeRef": "שמות ל״ד:ט׳", 
                            "sourceRef": "Exodus 34:9"
                        }
                    ], 
                    "he": "<b>ונחלתנו.</b> ביקש עוד אשר מדה זו של שידוד המדות יהיה בנחלה אשר אין לה הפסק לעולם כדאי׳ בר״ה די״ג מה נחלה שאין לה הפסק לעולם. וכן בב״ב דקכ״ט ירושה אין לה הפסק. וע׳ מש״כ לעיל ב׳ י״ג. ומדה זו של נחלה אינו מתבקשת אלא בעת שאין הדור ראוי מצד עצמם מכ״מ מצד ירושה ונחלה היא אתם. כך ביקש שגם לדורות הבאים שלא יזכו באמת למדה זו בתמידית כמו בימי אותו הדור מכ״מ בעת הצורך הגדול שהוא בשעה שיש לחוש לכליון ח״ו יגיעו לירושה זו של שידוד המדה״ד. עוד נכלל בבקשת <b>ונחלתנו.</b> שאתה תקח אותנו לנחלה מש״ה א״א לכלות אותנו. כמו שאדם שיש לו נחלה אפילו אינו מוצאה יפה עושה כל השתדלות להשביחה כל האפשר רק שתהי׳ נחלתו קיימת. כך יהיה ישראל נחשב נחלת ה׳ שאין לה הפסק לעולם:\n"
                }
            ], 
            "heTitle": "העמק דבר על שמות", 
            "indexTitle": "Haamek Davar on Exodus", 
            "sectionRef": "Haamek Davar on Exodus 34:9", 
            "prev": "Haamek Davar on Exodus 34:8", 
            "ref": "Haamek Davar on Exodus 34:9", 
            "heRef": "העמק דבר על שמות ל״ד:ט׳", 
            "next": "Haamek Davar on Exodus 34:10"
        }, 
        "Haamek Davar on Exodus 34:4": {
            "content": [
                {
                    "segmentNumber": "1", 
                    "links": [
                        {
                            "category": "Tanakh", 
                            "index_title": "Exodus", 
                            "sourceHeRef": "שמות ל״ד:ד׳", 
                            "sourceRef": "Exodus 34:4"
                        }
                    ], 
                    "he": "<b>וישכם משה בבקר.</b> היינו בעה״ש ולא בנץ החמה ולמד מיתור לשון <b>בבקר</b> כמש״כ. והיינו דמסיים <b>כאשר צוה ה׳.</b> זהו בקבלה לבד הנדבר בפירוש. וכמש״כ כ״פ דצוה נופל על לשון דברי קבלה:\n"
                }, 
                {
                    "segmentNumber": "2", 
                    "links": [
                        {
                            "category": "Tanakh", 
                            "index_title": "Exodus", 
                            "sourceHeRef": "שמות ל״ד:ד׳", 
                            "sourceRef": "Exodus 34:4"
                        }
                    ], 
                    "he": "<b>ויקח בידו שני לוחות אבנים.</b> לפי סדר הענין הכי מיבעי. ויפסול וגו׳ וישכם משה בבוקר ויקח את הלוחות בידו ויעל אל הר סיני. או ויעל אל הר סיני ושני לוחות בידו. כלשון המקרא דברים י׳ ג׳. אלא בא ללמדנו דלקיחת הלוחות הועילו למשה גם בעת וירד וגו׳ היינו בשעה שעבר כבודו ית׳ לפני משה והוא היה צנוע מאד ולא רצה להביט אזי לקח בידו הלוחות שהיו מונחים על ההר ושם אותם נגד פניו. ע״כ לא כתיב עוד מענין ושכתי כפי וראיית אחוריו ית׳. שבאמת לא רצה משה אלא לדעת עת רצון לתפלה. וכמו שהיתה מדתו בסנה כן בסיני. הסתיר פניו:\n"
                }
            ], 
            "heTitle": "העמק דבר על שמות", 
            "indexTitle": "Haamek Davar on Exodus", 
            "sectionRef": "Haamek Davar on Exodus 34:4", 
            "prev": "Haamek Davar on Exodus 34:3", 
            "ref": "Haamek Davar on Exodus 34:4", 
            "heRef": "העמק דבר על שמות ל״ד:ד׳", 
            "next": "Haamek Davar on Exodus 34:5"
        }, 
        "Haamek Davar on Exodus 34:5": {
            "content": [
                {
                    "segmentNumber": "1", 
                    "links": [
                        {
                            "category": "Tanakh", 
                            "index_title": "Exodus", 
                            "sourceHeRef": "שמות ל״ד:ה׳", 
                            "sourceRef": "Exodus 34:5"
                        }
                    ], 
                    "he": "<b>ויקרא בשם ה׳.</b> כמו שאמר לו ה׳ וקראתי בשם ה׳ לפניך:\n"
                }
            ], 
            "heTitle": "העמק דבר על שמות", 
            "indexTitle": "Haamek Davar on Exodus", 
            "sectionRef": "Haamek Davar on Exodus 34:5", 
            "prev": "Haamek Davar on Exodus 34:4", 
            "ref": "Haamek Davar on Exodus 34:5", 
            "heRef": "העמק דבר על שמות ל״ד:ה׳", 
            "next": "Haamek Davar on Exodus 34:6"
        }, 
        "Haamek Davar on Exodus 34:6": {
            "content": [
                {
                    "segmentNumber": "1", 
                    "links": [
                        {
                            "category": "Tanakh", 
                            "index_title": "Exodus", 
                            "sourceHeRef": "שמות ל״ד:ו׳", 
                            "sourceRef": "Exodus 34:6"
                        }
                    ], 
                    "he": "<b>ויעבר ה׳</b> <b>וגו׳.</b> היינו העברת טובו ית׳:\n"
                }, 
                {
                    "segmentNumber": "2", 
                    "links": [
                        {
                            "category": "Tanakh", 
                            "index_title": "Exodus", 
                            "sourceHeRef": "שמות ל״ד:ו׳", 
                            "sourceRef": "Exodus 34:6"
                        }
                    ], 
                    "he": "<b>ורב חסד ואמת.</b> ורב קאי גם על האמת. ומשמעו לדרכיו אינו כדרכי ב״א. דמי שהוא רב חסד. אינו רב האמת להעניש כמו שמגיע. אבל הקב״ה אע״ג שהוא רב חסד מ״מ הוא רב אמת. וגבהו דרכי ה׳ מדרכינו. והיינו שאנו אומרים הללו את ה׳ כל גוים שבחוהו כל האומים כי גבר עלינו חסדו ואמת ה׳ לעולם. אין השבח מאוה״ע להקב״ה על שגבר על ישראל חסדו. אלא להיפך אע״ג שגבר עלינו חסדו מ״מ ואמת ה׳ לעולם. ובשביל זה המה מתגברים עלינו הרבה עתים:\n"
                }
            ], 
            "heTitle": "העמק דבר על שמות", 
            "indexTitle": "Haamek Davar on Exodus", 
            "sectionRef": "Haamek Davar on Exodus 34:6", 
            "prev": "Haamek Davar on Exodus 34:5", 
            "ref": "Haamek Davar on Exodus 34:6", 
            "heRef": "העמק דבר על שמות ל״ד:ו׳", 
            "next": "Haamek Davar on Exodus 34:7"
        }, 
        "Haamek Davar on Exodus 34:7": {
            "content": [
                {
                    "segmentNumber": "1", 
                    "links": [
                        {
                            "category": "Tanakh", 
                            "index_title": "Exodus", 
                            "sourceHeRef": "שמות ל״ד:ז׳", 
                            "sourceRef": "Exodus 34:7"
                        }
                    ], 
                    "he": "<b>נוצר חסד לאלפים.</b> היינו למי שעובד מאהבה והוא דרך החסידות בשני אופנים שביארנו בעשרת הדברות ובפ׳ ברכה. אותו חסד הוא נוצר לגמול לזרעו:\n"
                }, 
                {
                    "segmentNumber": "2", 
                    "links": [
                        {
                            "category": "Tanakh", 
                            "index_title": "Exodus", 
                            "sourceHeRef": "שמות ל״ד:ז׳", 
                            "sourceRef": "Exodus 34:7"
                        }
                    ], 
                    "he": "<b>נושא עון ופשע וחטאה.</b> בגמ׳ יומא דל״ו ביארו הא דכתיב וחטאה דמשמעו שוגג אחר הפשע שהוא הזדון דה״פ למי ששב מיראה נעשה הפשע חטאה. ונראה לפי הפשט ע״פ שביארנו בס׳ במדבר ל״ה ל״ד שיש שוגג שהוא גרוע מזדון ממש שאינו אלא בתאוה שבאה לשעה. אבל שגגת תלמוד או טעות בהליכות עולם שמכשיל הרבה והוא עולה זדון אף על גב שאינו אלא שגגה והוראת היתר. אבל הקלקולים מזה החטא רבה מאד ונחשבים לזדון:\n"
                }, 
                {
                    "segmentNumber": "3", 
                    "links": [
                        {
                            "category": "Tanakh", 
                            "index_title": "Exodus", 
                            "sourceHeRef": "שמות ל״ד:ז׳", 
                            "sourceRef": "Exodus 34:7"
                        }
                    ], 
                    "he": "<b>ונקה לא ינקה.</b> אפילו למי שאינו מנקה להעניש כפי הדין מחמת איזה זכות שיש לו מכ״מ מנקה אותו מעט מעט כאב המייסר את בנו שמעניש מעט מעט כדאי׳ במס׳ ע״ז ד״ד א׳. וכן הוא המדה בסוטה ששתתה ויש לה זכות שלא יגיע לה העונש המבואר במקומו. ומכ״מ היא מתנוונה והולכת כדאי׳ בסוטה פ״א. ומזה למדנו בכל הענינים וזה מיקרי שהוא מנקה ולא ינקה והיינו שמוסיף ע״ז המדה <b>פוקד וגו׳.</b> מלבד שמעניש אותו מעט מעט עוד הוא פוקד עון אבות על בנים. זהו פשטו של מדה זו. והדרש ג״כ אמת וברור:\n"
                }
            ], 
            "heTitle": "העמק דבר על שמות", 
            "indexTitle": "Haamek Davar on Exodus", 
            "sectionRef": "Haamek Davar on Exodus 34:7", 
            "prev": "Haamek Davar on Exodus 34:6", 
            "ref": "Haamek Davar on Exodus 34:7", 
            "heRef": "העמק דבר על שמות ל״ד:ז׳", 
            "next": "Haamek Davar on Exodus 34:8"
        }, 
        "Haamek Davar on Exodus 34:1": {
            "content": [
                {
                    "segmentNumber": "1", 
                    "links": [
                        {
                            "category": "Tanakh", 
                            "index_title": "Exodus", 
                            "sourceHeRef": "שמות ל״ד:א׳", 
                            "sourceRef": "Exodus 34:1"
                        }
                    ], 
                    "he": "<b>ויאמר וגו׳.</b> הגיע׳ השעה לשני דברים אלו גם לכתיבת לוחות שניות. גם להראות ולהודיע למשה עת רצון:\n"
                }, 
                {
                    "segmentNumber": "2", 
                    "links": [
                        {
                            "category": "Tanakh", 
                            "index_title": "Exodus", 
                            "sourceHeRef": "שמות ל״ד:א׳", 
                            "sourceRef": "Exodus 34:1"
                        }, 
                        {
                            "category": "Commentary", 
                            "index_title": "Harchev Davar on Exodus", 
                            "sourceHeRef": "הרחב דבר על שמות ל״ד:א׳", 
                            "sourceRef": "Harchev Davar on Exodus 34:1"
                        }
                    ], 
                    "he": "<b>וכתבתי על</b> <b>הלחת את הדברים.</b> כבר נדרש ע״ז דברים הדברים את הדברים. אפילו מה שתלמיד ותיק עתיד לחדש. ביאר הענין. יש להקדים מש״כ הראב״ע בשם גאון ז״ל דלוחות שניות מכובדים מן הראשונים. והראב״ע כתב ע״ז ואלה כדברי חלום לא מעלין ולא מורידין. אבל דברי גאון לאו דברי ריק הן ובחזית איתא שמאלו תחת לראשי אלו לוחות הראשונים וימינו תחבקני לוחות השניים. והכי איתא ג״כ בש״ר פמ״ז הה״ד טוב לי כי עניתי למען אלמד חקיך לטובתו של משה נתענה ק״ך יום כו׳ אמר הקב״ה נצטערת חייך שאין אתה מפסיד. בלוחות הראשונות לא היה אלא עשרת הדברות ועכשיו שנצטערת אני נותן לך מדרש הלכות ואגדות כו׳ ועי׳ מש״כ בס׳ דברים י׳ א׳. והכוונה בכ״ז דבלוחות הראשונות לא ניתן כח החידוש אלא מה שקיבל משה דיוקי המקראות והלכות היוצא מזה אבל לא לחדש דבר הלכה ע״י י״ג מדות וכדומה הויות התלמוד. ולא הי׳ תורה שבע״פ אלא דברים המקובלים מפי משה ומה שלא היה מקובל היו מדמים מילתא למילתא. אבל בלוחות השניות ניתן כח לכל תלמיד ותיק לחדש הלכה ע״פ המדות והתלמוד אלא שמתחלה לא עסקו בזה אלא משה וזרעו. ובערבות מואב הוכיח משה לישראל שיקבלו זה הדרך כמו שיבואר ריש ס׳ דברים. וכ״ז היה העגל סיבה לזה שנגזר וביום פקדי ופקדתי וגו׳ ומש״ה הגיע בגזרת מרגלים גלות ופזור בארצות. והיא סיבה מכרחת לפלפולה ש״ת מצד שני טעמים היינו מצד שמירת האומה ומצד שמירת ההוראה בישראל כמו שביארנו לעיל ס״פ בא ובריש ס׳ דברים. ומזה הטעם עצמו צוה הקב״ה שיהיה הלוחות השניים בפיסול ידי משה לא משום שלא זכו למעשה אלהים אלא להורות דהלכה המתחדשת בכח לוחות הללו היא השתתפות עמל האדם בסיעתא דשמיא כמו עצם הלוחות שהיה מעשה משה וכתיבת הקב״ה. וע״ע להלן מקרא כ״ז שגם בכתיבה הי׳ השתתפות משה. והיינו מה שאמרו חז״ל דאפי׳ מה שתלמיד ותיק עתיד לחדש הי׳ בלוחות. והכונה שבכח לוחות השניות היה נכלל הכל . וכ״ז דברי גאון. דבזה הפרט הי׳ לוחות שניות מכובדים מן הראשונות. דאע״ג שקדושת הראשונים היתה נעלה מהם וממילא אלו לא נשברו היו נוח להגיע להוראה ע״י סברא ודמוי מילתא למילתא יותר מכאשר נשברו. אבל כאשר נתקלקלנו והננו נצרכים להיות יגעים ולשנן חרבה ש״ת לזה מסוגל יותר לוחות אחרונות וכדומה לזה היו אח״כ שני התלמודים. דהירושלמי קדושתו רבה מהבבלי באשר נעשה ע״י אמוראי קמאי וכמאמר רבא בשבת דקל״ד אנא בהדי תרגימנא דסבי ל״ל. הרי הודה שקדושת הראשונים יותר לכוין את האמת. וגם כי קדושת א״י הי׳ מועיל מ״מ הרי ידענו דכח תלמוד בבלי מכובד מהירו׳. ואע״ג שנקרא בסנהדרין דכ״ז במחשכים הושיבני זה תלמוד בבלי מ״מ אינו לגנאי ח״ו אלא כחה הנפלא להאיר הלכה אפי׳ במחשכים היינו בבבל וחו״ל שאין בה אור אה״ק ולולי כח התלמוד בבלי לא הגענו לאור ההוראה שם. ומעין זה בבחינה עליונה היה הבדל בין לוחות ראשונות לאחרונות. ועי׳ בס׳ דברים ד׳ י״ד:\n"
                }, 
                {
                    "segmentNumber": "3", 
                    "links": [
                        {
                            "category": "Tanakh", 
                            "index_title": "Exodus", 
                            "sourceHeRef": "שמות ל״ד:א׳", 
                            "sourceRef": "Exodus 34:1"
                        }
                    ], 
                    "he": "<b>את הדברים אשר היו על הלוחות הראשונים.</b> ולא כתיב אשר כתבתי על הלוחות או אשר היו כתובים. אלא הוא כמש״כ בס׳ דברים ה׳ י״ט וי׳ ד׳. שעל לוחות הראשונים היה כתוב זכור. ועל לוחות השניות היה כתוב שמור. וכן כל השנוים. ובעת היה לוחות הראשונים היה זה הנוסח כמו תורה שבע״פ שהיה מקובל עפ״י משה שכך נאמר בדבור אחד. ונמצא שהיו על הלוחות אבל לא כתובות ומש״ה הוסיף הקדוש ברוך הוא לומר אשר שברת ודרשו חז״ל יישר כחך ששברת. והיינו משום שבזה נתחזק כח תורה שבע״פ עיקר ברית השני שבא אחר מעשה העגל כי אחר ששברם ונכתבו לוחות שניות בנוסח שהיה מתחלה מקובל בע״פ הרי ידעו שאפילו בלוחות ראש תורה שבכתב באו דברי קבלה שהיה בראשונה מזה יש להבין כח דברי קבלה משתלשל ויורד וכולם דברי אלהים חיים. ועי׳ כיב״ז בפ׳ מלואים בסדר צו דמה שבא בקבלה בפ׳ תצוה בא בכתב בפ׳ צו כמו שיבואר שם בס״ד:\n"
                }
            ], 
            "heTitle": "העמק דבר על שמות", 
            "indexTitle": "Haamek Davar on Exodus", 
            "sectionRef": "Haamek Davar on Exodus 34:1", 
            "prev": "Haamek Davar on Exodus 33:23", 
            "ref": "Haamek Davar on Exodus 34:1", 
            "heRef": "העמק דבר על שמות ל״ד:א׳", 
            "next": "Haamek Davar on Exodus 34:2"
        }, 
        "Haamek Davar on Exodus 34:2": {
            "content": [
                {
                    "segmentNumber": "1", 
                    "links": [
                        {
                            "category": "Tanakh", 
                            "index_title": "Exodus", 
                            "sourceHeRef": "שמות ל״ד:ב׳", 
                            "sourceRef": "Exodus 34:2"
                        }
                    ], 
                    "he": "<b>והיה נכון לבקר.</b> לא משום קבלת הלוחות אמר ה׳ כ״ז דא״כ הכי מיבעי פסל לך שני לוחות אבנים כראשונים והיה נכון לבקר ועלית בבוקר וגו׳ וכתבתי וגו׳. שהרי העליה קדם לכתיבה אלא משום זה לא היה נצרך לבוקר שהרי עוד נשתהה ארבעים יום. וגם א״כ כל האזהרות והחומר שבשניות יותר מבראשונות אינו מובן. אלא משום תכלית ענין השני להודיע למשה עת רצון הנעלה. ומשום התגלות הכבוד הנפלא בזו השעה נזהר ביותר ומש״ה אמר ה׳ והיה נכון. שיכין עצמו ביותר להתגלות נפלא מה שלא ראה עד כה. ועי׳ לעיל י״ט י״א. וע״ז השעה א״ל ה׳ אז ונצבת על הצור וגו׳:\n"
                }, 
                {
                    "segmentNumber": "2", 
                    "links": [
                        {
                            "category": "Tanakh", 
                            "index_title": "Exodus", 
                            "sourceHeRef": "שמות ל״ד:ב׳", 
                            "sourceRef": "Exodus 34:2"
                        }
                    ], 
                    "he": "<b>ועלית בבוקר.</b> מיותר לדרוש בוקרו של בקר כדתניא במכילתא בא פ״ו והיינו עמוד השחר. ועי׳ בסמוך:\n"
                }
            ], 
            "heTitle": "העמק דבר על שמות", 
            "indexTitle": "Haamek Davar on Exodus", 
            "sectionRef": "Haamek Davar on Exodus 34:2", 
            "prev": "Haamek Davar on Exodus 34:1", 
            "ref": "Haamek Davar on Exodus 34:2", 
            "heRef": "העמק דבר על שמות ל״ד:ב׳", 
            "next": "Haamek Davar on Exodus 34:3"
        }, 
        "Haamek Davar on Exodus 34:3": {
            "content": [
                {
                    "segmentNumber": "1", 
                    "links": [
                        {
                            "category": "Tanakh", 
                            "index_title": "Exodus", 
                            "sourceHeRef": "שמות ל״ד:ג׳", 
                            "sourceRef": "Exodus 34:3"
                        }
                    ], 
                    "he": "<b>ואיש לא יעלה עמך.</b> לא כמו בראשונות דכתיב ועלית אתה ואהרן:\n"
                }, 
                {
                    "segmentNumber": "2", 
                    "links": [
                        {
                            "category": "Tanakh", 
                            "index_title": "Exodus", 
                            "sourceHeRef": "שמות ל״ד:ג׳", 
                            "sourceRef": "Exodus 34:3"
                        }
                    ], 
                    "he": "<b>וגם איש אל ירא בכל ההר.</b> לא כמו בראשונות שישב יהושע במורד ההר. והי׳ נראה למי שעומד בראש ההר:\n"
                }, 
                {
                    "segmentNumber": "3", 
                    "links": [
                        {
                            "category": "Tanakh", 
                            "index_title": "Exodus", 
                            "sourceHeRef": "שמות ל״ד:ג׳", 
                            "sourceRef": "Exodus 34:3"
                        }
                    ], 
                    "he": "<b>גם הצאן והבקר וגו׳.</b> כי אין כבוד למלך ה׳ צבאות בהתגלות כבודו. שלנגדו יהיו רועים צאן ובקר:\n"
                }, 
                {
                    "segmentNumber": "4", 
                    "links": [
                        {
                            "category": "Tanakh", 
                            "index_title": "Exodus", 
                            "sourceHeRef": "שמות ל״ד:ג׳", 
                            "sourceRef": "Exodus 34:3"
                        }
                    ], 
                    "he": "<b>ההר ההוא.</b> ההוא ללמד דיקא כ״ז שהוא בחשיבתו. רש״י תענית דכ״א ב׳:\n"
                }
            ], 
            "heTitle": "העמק דבר על שמות", 
            "indexTitle": "Haamek Davar on Exodus", 
            "sectionRef": "Haamek Davar on Exodus 34:3", 
            "prev": "Haamek Davar on Exodus 34:2", 
            "ref": "Haamek Davar on Exodus 34:3", 
            "heRef": "העמק דבר על שמות ל״ד:ג׳", 
            "next": "Haamek Davar on Exodus 34:4"
        }, 
        "Haamek Davar on Exodus 34:30": {
            "content": [
                {
                    "segmentNumber": "1", 
                    "links": [
                        {
                            "category": "Tanakh", 
                            "index_title": "Exodus", 
                            "sourceHeRef": "שמות ל״ד:ל׳", 
                            "sourceRef": "Exodus 34:30"
                        }
                    ], 
                    "he": "<b>וייראו מגשת אליו.</b> ע׳ פרש״י בשם המדרש שכח החטא גרם שנזדעזעו ממשה יותר ממראה אש שעל ההר לפני מעשה העגל. ולכאורה אינו מובן. הלא לא נתיראו לעמוד מרחוק. ורק מגשת אליו נתייראו ועל ההר ג״כ לא עלו. ואין לומר דהראיה הוא ממה שנצרך הקב״ה להזהיר שלא יעלו הרי דבלא אזהרה היו עולים. ג״ז אינו. דבאמת מבואר בס׳ דברים דגם בלי דבר ה׳ היו יראים לעלות על ההר אלא נראה דחז״ל דייקו ל׳ מגשת. ולגשת מיבעי. שיראו לגשת אליו. וכן אינו מדויק בסמוך וישובו אליו וילכו אליו מיבעי. שהרי עוד לא באו אליו כלל ואיך שייך ל׳ וישובו. אלא צ״ל דמתחלה נתקרבו ונגשו אליו. ואח״כ נתייראו וחזרו לאחור מזיעה וחרדה שנפל עליהם. ומדויק עתה לשון המקרא וייראו מגשת אליו. ממה שנגשו אליו מצאו פחד ושבו לאחור. וכאשר קרא אליהם משה וישובו אליו ונתיישב דעתם. מעתה יפה דרשו אשר בראותם מראה אש על ההר. לא חזרו ממעמדם לאחור. עד שהגיע הדברות מפי ה׳ וכהיום שבו לאחור ממעמדם:\n"
                }
            ], 
            "heTitle": "העמק דבר על שמות", 
            "indexTitle": "Haamek Davar on Exodus", 
            "sectionRef": "Haamek Davar on Exodus 34:30", 
            "prev": "Haamek Davar on Exodus 34:29", 
            "ref": "Haamek Davar on Exodus 34:30", 
            "heRef": "העמק דבר על שמות ל״ד:ל׳", 
            "next": "Haamek Davar on Exodus 34:31"
        }, 
        "Haamek Davar on Exodus 34:31": {
            "content": [
                {
                    "segmentNumber": "1", 
                    "links": [
                        {
                            "category": "Tanakh", 
                            "index_title": "Exodus", 
                            "sourceHeRef": "שמות ל״ד:ל״א", 
                            "sourceRef": "Exodus 34:31"
                        }
                    ], 
                    "he": "<b>וידבר משה אלהם.</b> הודיע אליהם הבשורה מהכריתות ברית וכל דברי תורה שבכתב שהיה לו בזה המשך ובזה לא דברו מאומה רק עשו אזניהם כאפרכסת:\n"
                }
            ], 
            "heTitle": "העמק דבר על שמות", 
            "indexTitle": "Haamek Davar on Exodus", 
            "sectionRef": "Haamek Davar on Exodus 34:31", 
            "prev": "Haamek Davar on Exodus 34:30", 
            "ref": "Haamek Davar on Exodus 34:31", 
            "heRef": "העמק דבר על שמות ל״ד:ל״א", 
            "next": "Haamek Davar on Exodus 34:32"
        }, 
        "Haamek Davar on Exodus 34:32": {
            "content": [
                {
                    "segmentNumber": "1", 
                    "links": [
                        {
                            "category": "Tanakh", 
                            "index_title": "Exodus", 
                            "sourceHeRef": "שמות ל״ד:ל״ב", 
                            "sourceRef": "Exodus 34:32"
                        }
                    ], 
                    "he": "<b>ויצום את כל אשר דבר ה׳ אתו.</b> היינו הלכות המקובלות כפרש״י. וסדר המשנה שהביא רש״י מוכח מקראי בפ׳ אחרי מות ואכ״מ. אמנם הא ודאי דכאן מיירי בהלכות מלשון המקרא שבסמוך:\n"
                }
            ], 
            "heTitle": "העמק דבר על שמות", 
            "indexTitle": "Haamek Davar on Exodus", 
            "sectionRef": "Haamek Davar on Exodus 34:32", 
            "prev": "Haamek Davar on Exodus 34:31", 
            "ref": "Haamek Davar on Exodus 34:32", 
            "heRef": "העמק דבר על שמות ל״ד:ל״ב", 
            "next": "Haamek Davar on Exodus 34:33"
        }, 
        "Haamek Davar on Exodus 34:33": {
            "content": [
                {
                    "segmentNumber": "1", 
                    "links": [
                        {
                            "category": "Tanakh", 
                            "index_title": "Exodus", 
                            "sourceHeRef": "שמות ל״ד:ל״ג", 
                            "sourceRef": "Exodus 34:33"
                        }
                    ], 
                    "he": "<b>ויכל משה מדבר אתם.</b> ולא כתיב אליהם. מכאן מבואר דמיירי בהלכות שהמה דברו עמו בהבנת השמועה:\n"
                }
            ], 
            "heTitle": "העמק דבר על שמות", 
            "indexTitle": "Haamek Davar on Exodus", 
            "sectionRef": "Haamek Davar on Exodus 34:33", 
            "prev": "Haamek Davar on Exodus 34:32", 
            "ref": "Haamek Davar on Exodus 34:33", 
            "heRef": "העמק דבר על שמות ל״ד:ל״ג", 
            "next": "Haamek Davar on Exodus 34:34"
        }, 
        "Haamek Davar on Exodus 34:34": {
            "content": [
                {
                    "segmentNumber": "1", 
                    "links": [
                        {
                            "category": "Tanakh", 
                            "index_title": "Exodus", 
                            "sourceHeRef": "שמות ל״ד:ל״ד", 
                            "sourceRef": "Exodus 34:34"
                        }
                    ], 
                    "he": "<b>עד צאתו.</b> משמע מיד כשיצא נתן את המסוה על פניו. ובמקרא הסמוך מבואר להיפך שרק אחר שכלה דבריו עם ישראל השיב את המסוה. עוד אינו מדויק אמאי במקרא הסמוך כתיב והשיב משה את המסוה על פניו. וכאן לא כתיב יסיר את המסוה מעל פניו. אלא כך הענין. דבעת דבר עם ה׳ הסיר את המסוה לגמרי ותיכף בצאתו נתן את המסוה על ראשו אלא שקיפל את המסוה למעלה למען כשידבר עמם הלכות יראו בפניו וכדין תלמיד עם רב דכתיב והיו עיניך רואות את מוריך וכדאי׳ בהוריות די״ב א׳ וכי יתביתו קמיה חזו לפומיה כו׳. וברגע שכלה לדבר הוריד את המסוה שעל ראשו על פניו. וע׳ בסמוך:\n"
                }
            ], 
            "heTitle": "העמק דבר על שמות", 
            "indexTitle": "Haamek Davar on Exodus", 
            "sectionRef": "Haamek Davar on Exodus 34:34", 
            "prev": "Haamek Davar on Exodus 34:33", 
            "ref": "Haamek Davar on Exodus 34:34", 
            "heRef": "העמק דבר על שמות ל״ד:ל״ד", 
            "next": "Haamek Davar on Exodus 34:35"
        }, 
        "Haamek Davar on Exodus 34:35": {
            "content": [
                {
                    "segmentNumber": "1", 
                    "links": [
                        {
                            "category": "Tanakh", 
                            "index_title": "Exodus", 
                            "sourceHeRef": "שמות ל״ד:ל״ה", 
                            "sourceRef": "Exodus 34:35"
                        }
                    ], 
                    "he": "<b>כי קרן עור פני משה.</b> אם נפרש האי כי מלשון אשר. מיותר כל הפסוק שהרי כבר ראו וידעו. ותו דהכי מיבעי כי קרן עור פניו כמו לעיל ל׳ והנה קרן עור פניו. אלא האי כי טעם הוא משום שקרן. והמקרא הודיע למאי קיפל משה את המסוה על ראשו עד אשר כלה דבריו עם ישראל כדי שיחפצו לראות פני משה. כי כמו שטוב לעינים לראות את השמש כך היה שמחה ונחת לראות פני משה. ומשה היה חפץ שיסתכלו בפניו בשעה שלומד עמהם. ע״כ קיפל את המסוה. וזהו המשך הכתובים. ויצא ודבר וגו׳ וראו ב״י את פני משה. הכל הביטו על פניו בשעה שדבר. ומפרש הטעם שהביטו. והרי עוד לא ידעו כולם כי כך סגולת התורה להביט בפני הרב. אלא משום <b>כי קרן עור פני משה.</b> והיה שמחה לנפש וטוב לעינים לראות את פניו כמו את השמש. ואח״כ <b>השיב משה את המסוה על פניו עד בואו לדבר אתו.</b> דכל יום הלך משה להיכל לחזור על תלמודו. ואם היו חדשות בתורה שבכתב מה טוב. ואם לא. מכ״מ למד תורה שבע״פ אשר ע״ז משמעות הלשון לדבר אתו. כמש״כ לעיל כ״ט ובס׳ במדבר ס״פ נשא. וענין המסוה שנתן על פניו ולא רצה שיהיו מסתכלים על פניו תמיד. הוא כדי שיהי׳ יוכל להיות דבק במחשבתו באלקות ולא יתבלבל ע״י כך. וכבר ביארנו לעיל ס״פ בא מקרא בישעיה ל׳ שהמתנהג בקדושה ודבקות זה דרכו להיות נכנף באהלו. אמנם רבה כחו של משה אשר תיכף אחר תלמודו ועסק רב עם בני אדם הסיר את דברת בני אדם ושם מסוה ע״פ ונכנף להיות דבוק בה׳. ויש לומר עוד משום שבאמת היה אסור להסתכל בו כדאי׳ בחגיגה דט״ז כל המסתכל בנשיא עיניו כהות שנאמר ונתתה מהודך עליו. ורק בשעת מצוה וד״ת לא הזיק:\n"
                }
            ], 
            "heTitle": "העמק דבר על שמות", 
            "indexTitle": "Haamek Davar on Exodus", 
            "sectionRef": "Haamek Davar on Exodus 34:35", 
            "prev": "Haamek Davar on Exodus 34:34", 
            "ref": "Haamek Davar on Exodus 34:35", 
            "heRef": "העמק דבר על שמות ל״ד:ל״ה", 
            "next": "Haamek Davar on Exodus 35:1"
        }, 
        "Haamek Davar on Exodus 34:23": {
            "content": [
                {
                    "segmentNumber": "1", 
                    "links": [
                        {
                            "category": "Tanakh", 
                            "index_title": "Exodus", 
                            "sourceHeRef": "שמות ל״ד:כ״ג", 
                            "sourceRef": "Exodus 34:23"
                        }
                    ], 
                    "he": "<b>את פני.</b> ושם כתיב אל פני. דשם מיירי בשש שני עבודה והמון ישראל רחוקים ממנו ית׳ ובאים ברגל אל ה׳. אבל בשביעית גם בלי רגל כל איש ישראל אינו רחוק במחשבתו מעבודתו באשר הוא פנוי וכמש״כ לעיל כ״א. מש״ה ברגלים בא להוסיף דביקות ואהבת ה׳ מש״ה כתיב את פני. שהאדם עומד אתו כ״י:\n"
                }, 
                {
                    "segmentNumber": "2", 
                    "links": [
                        {
                            "category": "Tanakh", 
                            "index_title": "Exodus", 
                            "sourceHeRef": "שמות ל״ד:כ״ג", 
                            "sourceRef": "Exodus 34:23"
                        }
                    ], 
                    "he": "<b>האדון ה׳ אלהי ישראל.</b> משמעות האדון נתבאר שם והוסיף המקרא כאן אלהי ישראל. דבשביעית ניכר לכל השגחתו הנפלאה ביחוד לעמו ישראל דבשני תבואות לא ניכר ההפרש בין השגחתו בא״י בין שארי ארצות משא״כ בשביעית שנה שלימה בלי קציר ואסיף. א״א להתקיים בשארי אוה״ע. ורק בשביל שהוא אלהי ישראל המה מתקיימים:\n"
                }
            ], 
            "heTitle": "העמק דבר על שמות", 
            "indexTitle": "Haamek Davar on Exodus", 
            "sectionRef": "Haamek Davar on Exodus 34:23", 
            "prev": "Haamek Davar on Exodus 34:22", 
            "ref": "Haamek Davar on Exodus 34:23", 
            "heRef": "העמק דבר על שמות ל״ד:כ״ג", 
            "next": "Haamek Davar on Exodus 34:24"
        }, 
        "Haamek Davar on Exodus 34:22": {
            "content": [
                {
                    "segmentNumber": "1", 
                    "links": [
                        {
                            "category": "Tanakh", 
                            "index_title": "Exodus", 
                            "sourceHeRef": "שמות ל״ד:כ״ב", 
                            "sourceRef": "Exodus 34:22"
                        }, 
                        {
                            "category": "Commentary", 
                            "index_title": "Harchev Davar on Exodus", 
                            "sourceHeRef": "הרחב דבר על שמות ל״ד:כ״ב", 
                            "sourceRef": "Harchev Davar on Exodus 34:22"
                        }
                    ], 
                    "he": "<b>וחג שבועות וגו׳.</b> כבר נתבאר במכילתא פ׳ משפטים דפ׳ זו בא ללמד דאפילו בשני שביעית נוהג שבועות וסוכות. אע״ג שאז אינו חג הקציר וחג האסיף . ועפ״ז באו כל השנוים דשתי פרשיות הללו. דמש״ה נקרא כאן חג שבועות ולא חג הקציר. ומש״ה כתיב כאן בכורי קציר חטים ולא בכורי מעשיך אשר תזרע בשדה. דמשמעו בכורי שבעת המינים. אבל כאן בשביעית אין לך אלא בכורי קציר חטים שהוא שתי הלחם:\n"
                }, 
                {
                    "segmentNumber": "2", 
                    "links": [
                        {
                            "category": "Tanakh", 
                            "index_title": "Exodus", 
                            "sourceHeRef": "שמות ל״ד:כ״ב", 
                            "sourceRef": "Exodus 34:22"
                        }
                    ], 
                    "he": "<b>וחג האסיף תקופת השנה.</b> באמת חג הסוכות מיבעי בשביעית שהרי אז אין אסיף. אלא כתיב חג האסיף משום התקופה דכתיב כאן כדאי׳ בסנהדרין די״ד שתהא התקופה באה דוקא בחוה״מ שאפשר לאסוף דבר האבד מיהא. וכ״ז הגיע אחר העגל. דקודם מעשה העגל לא באו שתי רגלים אלו אלא בשביל שהמה בטבע המדינה לחוג בעת קציר ואסיף. ולא בא הכתוב להזהיר עליהם אלא שיהיו חג לה׳. אבל אם לא היה חג ברצון האדם. אינו מבואר אם הדין לעשות כלל חג לשם מצוה וא״כ בשביעית אין בו חגים אלו. אבל אחר העגל הזהירם לעשות רגלים גם בשביעית כדי שיבואו ברגל לעזרה להשריש עבודה ואמונה:\n"
                }
            ], 
            "heTitle": "העמק דבר על שמות", 
            "indexTitle": "Haamek Davar on Exodus", 
            "sectionRef": "Haamek Davar on Exodus 34:22", 
            "prev": "Haamek Davar on Exodus 34:21", 
            "ref": "Haamek Davar on Exodus 34:22", 
            "heRef": "העמק דבר על שמות ל״ד:כ״ב", 
            "next": "Haamek Davar on Exodus 34:23"
        }, 
        "Haamek Davar on Exodus 34:21": {
            "content": [
                {
                    "segmentNumber": "1", 
                    "links": [
                        {
                            "category": "Tanakh", 
                            "index_title": "Exodus", 
                            "sourceHeRef": "שמות ל״ד:כ״א", 
                            "sourceRef": "Exodus 34:21"
                        }
                    ], 
                    "he": "<b>וביום השביעי תשבות.</b> נתבאר לעיל כ״ג י״ג דשביתה זו באה להכין מעשיו אז לפני ה׳. וע״ז כתיב ובכל אשר אמרתי אליכם תשמרו. והוסיף כאן דכמו כן. <b>בחריש ובקציר תשבות.</b> אותה שביתה דש״ק תהי׳ גם בשביעית. למען יוסיף לקח בכל השנה בתורה ועבודה:\n"
                }
            ], 
            "heTitle": "העמק דבר על שמות", 
            "indexTitle": "Haamek Davar on Exodus", 
            "sectionRef": "Haamek Davar on Exodus 34:21", 
            "prev": "Haamek Davar on Exodus 34:20", 
            "ref": "Haamek Davar on Exodus 34:21", 
            "heRef": "העמק דבר על שמות ל״ד:כ״א", 
            "next": "Haamek Davar on Exodus 34:22"
        }, 
        "Haamek Davar on Exodus 34:20": {
            "content": [
                {
                    "segmentNumber": "1", 
                    "links": [
                        {
                            "category": "Tanakh", 
                            "index_title": "Exodus", 
                            "sourceHeRef": "שמות ל״ד:כ׳", 
                            "sourceRef": "Exodus 34:20"
                        }
                    ], 
                    "he": "<b>כל בכור בניך תפדה ולא יראו פני ריקם.</b> דאע״ג שיצא מאותה מעלה שמכבר מכ״מ אחר שהוא לי עדיין יש בו איזה מעלה ולא יראו פני ריקם. ויש בו סגולה מיוחדת לתורה ועבודת ה׳. זהו פשטא דקרא. ומכ״מ קאי גם על חג הפסח והוא אזהרה כמו שם. ושתים זו שמענו מהמשך המקרא אחר חג הפסח. ובענין קדושת בכור:\n"
                }
            ], 
            "heTitle": "העמק דבר על שמות", 
            "indexTitle": "Haamek Davar on Exodus", 
            "sectionRef": "Haamek Davar on Exodus 34:20", 
            "prev": "Haamek Davar on Exodus 34:19", 
            "ref": "Haamek Davar on Exodus 34:20", 
            "heRef": "העמק דבר על שמות ל״ד:כ׳", 
            "next": "Haamek Davar on Exodus 34:21"
        }, 
        "Haamek Davar on Exodus 34:27": {
            "content": [
                {
                    "segmentNumber": "1", 
                    "links": [
                        {
                            "category": "Tanakh", 
                            "index_title": "Exodus", 
                            "sourceHeRef": "שמות ל״ד:כ״ז", 
                            "sourceRef": "Exodus 34:27"
                        }
                    ], 
                    "he": "<b>כתב לך את הדברים האלה.</b> לפי הפשט למד מעניינו דבכתיבה על הלוחת מיירי. ולא כמש״כ הרמב״ן שצוהו לכתוב על הספר הברית ולקרוא באזני העם כמו שהיה אז בראשונות שהרי לא נזכר ענין הקריאה והירידה בינתים אפילו בצווי. וא״א לפרש כתיבה בס״ת שאינו מדבר בס״ת עד מצות כתבו לכם את השירה הזאת. דשם כתיב על ספר. אלא בכתיבה על הלוחות שמדבר בענינם מיירי. אמנם ודאי לא בעשרת הדברות מדבר. שהרי הקב״ה אמר וכתבתי על הלוחות. ותו דלזה לא היה נצרך לפרש טעם כי ע״פ הדברים האלה וגו׳ שהרי משה עלה בשבילם ואין זה דבר חדש. אלא בכל התורה נצטוה משה שמלבד שיכתוב ה׳ על הלוחות עשרת הדברים יכתוב משה על הלוחות את הדברים האלה מבראשית עד לעיני כל ישראל. וכמו שהיו חקוקים על הלוחות הראשונות כמו שכתוב לעיל כ״ד י״ג. ואתנה לך את לחות האבן והתורה. כך היו חקוקים על הלוחות השניות ע״י משה. וכבר נתבאר שם שאין הפי׳ שהיו כתובים כמו שהתורה לפנינו אלא השמות שבהם נבראו שו״א. והן הן גופי תורה אחר שנתפשטו:\n"
                }, 
                {
                    "segmentNumber": "2", 
                    "links": [
                        {
                            "category": "Tanakh", 
                            "index_title": "Exodus", 
                            "sourceHeRef": "שמות ל״ד:כ״ז", 
                            "sourceRef": "Exodus 34:27"
                        }, 
                        {
                            "category": "Commentary", 
                            "index_title": "Harchev Davar on Exodus", 
                            "sourceHeRef": "הרחב דבר על שמות ל״ד:כ״ז", 
                            "sourceRef": "Harchev Davar on Exodus 34:27"
                        }
                    ], 
                    "he": "<b>כי על פי הדברים וגו׳.</b> פי׳ לא שבאו כדי ללמוד מהם דבר שהרי מעולם לא למד אדם מהלוחות אלא מס״ת שכתב משה. אלא <b>כי על פי הדברים האלה כרתי וגו׳.</b> והביאור דכשם שעיקר כתיבת התורה על הלוחות הראשונות לא באו ג״כ כדי ללמוד מהם אלא כדי שיהיו חקוקים על לב ישראל עיקרי הדת ואמונת ה׳ שבא ע״ז הברית בראשונה. ומש״ה נקרא התורה עץ חיים דכמו מטע שורש העץ הוא עיקר גידולן לדור דור ככה חקיקה על הלוחות ונתינתן לישראל היא השרשה בלבם. עד שנעשה טבע ישראל לכך. והבא להפר אמונת ה׳ הוא כמו מעשה עקירה מן הלב ושורש עץ החיים שמכבר. אמנם בלוחות הראשונות לא היה הברית כ״א על האמונה ודתי התורה בלי חקירה ועיון בדקדוקיה. אלא לשמוע המקובלות מפי משה ולדמות מסברא כמש״כ לעיל. אבל הברית שנכרת בשניה בא על עיון ועמל תורה לדקדק על כל קוץ וקוץ. ע״כ צוה הקב״ה למשה שיכתוב הוא כל התורה כפי שנמסרה על הלוחות וכמבואר בירושל׳ שקלים פ״ו ה״א בין כל דבור ודבור דקדוקיה ואותיותיה ש״ת ממולאים בתרשיש כימא רבא. ואין הכונה שהיו הפלפולים והפירושים כתובים אלא גוף תורה שבכתב. וזה בא לתועלת להשריש בלב כלל ישראל לדקדק בהם ולעמוד על תמציתן. וע׳ מש״כ לעיל ל״ב ט״ו :\n"
                }, 
                {
                    "segmentNumber": "3", 
                    "links": [
                        {
                            "category": "Tanakh", 
                            "index_title": "Exodus", 
                            "sourceHeRef": "שמות ל״ד:כ״ז", 
                            "sourceRef": "Exodus 34:27"
                        }
                    ], 
                    "he": "<b>כרתי אתך ברית.</b> הברית שרמז הקב״ה על מעשה קרח דו״א כמו שביארנו לעיל. לא היה אלא על כח תורה שבע״פ שהיה בלבו של משה כמבואר במדרש שם שהקדימו לשאול טלית שכולה תכלת אי חייבת בציצית בית מלאה ספרים אם חייבת במזוזה. וכשהשיב משה דחייבין נחלקו. ולא נחלקו על גוף הפ׳ שאמר משה ושכינה מדברת מתוך גרונו. אלא הבינו בשכלם כונת הפ׳ בא״א ממה שלמד משה. ומזה נשתלשל המחלוקת בעבודת הר״ן איש:\n"
                }, 
                {
                    "segmentNumber": "4", 
                    "links": [
                        {
                            "category": "Tanakh", 
                            "index_title": "Exodus", 
                            "sourceHeRef": "שמות ל״ד:כ״ז", 
                            "sourceRef": "Exodus 34:27"
                        }
                    ], 
                    "he": "<b>ואת ישראל.</b> הברית שהיה עבורם שלא יכלה אף עם אחד. הוא בכח התלמוד וחרבה ש״ת. וכמו שביארנו כ״פ. וע׳ שלהי פ׳ בא. ואמר ה׳ כרתי אתך ברית ואת ישראל. ולא אמר כרתי ברית אתך ואת ישראל. או כרתי אתך ואת ישראל ברית. אלא כדי להפסיק ביניהם וללמד שהברית שעם ישראל אינו שייך לזכות וברית שעם משה. אלא זכות עסק התורה שהמה עוסקים מעמיד הברית שעמהם. ובשביל זה צירף הקב״ה שני המעשים היינו נתינת הלוחות עם קריאת י״ג מדות. באשר ידע הקב״ה שיתפלל משה אז על קיומן ש״י כאשר באמת היה ההכרח לכרות ברית ע״ז כמש״כ לעיל ותלה הקב״ה שני מעשים הללו זב״ז. לאמר אם תאבו ושמעתם לקבל ולשאת עולה של תורה אז תהיה הברית כרותה. וראוי לדעת דמכ״מ לא היה עדיין כריתת ברית על עיון התורה ופלפולה עד שבא לערבות מואב וכמש״כ בס׳ דברים כ״ו ט״ז. אבל בסיני לא היה כריתת כרית אלא על קיומן ש״י. ורק תלה זה הברית על הדברים האלה:\n"
                }
            ], 
            "heTitle": "העמק דבר על שמות", 
            "indexTitle": "Haamek Davar on Exodus", 
            "sectionRef": "Haamek Davar on Exodus 34:27", 
            "prev": "Haamek Davar on Exodus 34:26", 
            "ref": "Haamek Davar on Exodus 34:27", 
            "heRef": "העמק דבר על שמות ל״ד:כ״ז", 
            "next": "Haamek Davar on Exodus 34:28"
        }, 
        "Haamek Davar on Exodus 34:26": {
            "content": [
                {
                    "segmentNumber": "1", 
                    "links": [
                        {
                            "category": "Tanakh", 
                            "index_title": "Exodus", 
                            "sourceHeRef": "שמות ל״ד:כ״ו", 
                            "sourceRef": "Exodus 34:26"
                        }
                    ], 
                    "he": "<b>ראשית בכורי וגו׳.</b> כבר נתבאר שהיא לברכה לתבואת הארץ. ובא זה המקרא כאן ללמד דאפילו בשביעית שאינו זמן קציר תבואה חדשה מכ״מ מועיל לברך תבואה שבגורן של שנה שעברה. ורש״י כ׳ בפ׳ משפטים שאף השביעית חייבת בבכורים. ועיקר דברים אלו מקומם כאן:\n"
                }, 
                {
                    "segmentNumber": "2", 
                    "links": [
                        {
                            "category": "Tanakh", 
                            "index_title": "Exodus", 
                            "sourceHeRef": "שמות ל״ד:כ״ו", 
                            "sourceRef": "Exodus 34:26"
                        }
                    ], 
                    "he": "<b>לא תבשל וגו׳.</b> שם נתבאר שמנהגם היה לזבל השדה בזה. והזהיר ה׳ לישראל ע״ז משום שאסור בהנאה. וכאן הוסיף להזהיר דאע״ג דבשביעית אין הזבול מועיל לשנה זו. ואולי לא תועיל זבול שנה זו לשנה הבאה מכ״מ אסור לבשל גדי בחלב אמו. דהבישול לחוד אסור:\n"
                }
            ], 
            "heTitle": "העמק דבר על שמות", 
            "indexTitle": "Haamek Davar on Exodus", 
            "sectionRef": "Haamek Davar on Exodus 34:26", 
            "prev": "Haamek Davar on Exodus 34:25", 
            "ref": "Haamek Davar on Exodus 34:26", 
            "heRef": "העמק דבר על שמות ל״ד:כ״ו", 
            "next": "Haamek Davar on Exodus 34:27"
        }, 
        "Haamek Davar on Exodus 34:25": {
            "content": [
                {
                    "segmentNumber": "1", 
                    "links": [
                        {
                            "category": "Tanakh", 
                            "index_title": "Exodus", 
                            "sourceHeRef": "שמות ל״ד:כ״ה", 
                            "sourceRef": "Exodus 34:25"
                        }
                    ], 
                    "he": "<b>לא תשחט וגו׳.</b> נתבאר לעיל פ׳ משפטים. ובא עוד לכאן משום שנוי בסיפא דקרא:\n"
                }, 
                {
                    "segmentNumber": "2", 
                    "links": [
                        {
                            "category": "Tanakh", 
                            "index_title": "Exodus", 
                            "sourceHeRef": "שמות ל״ד:כ״ה", 
                            "sourceRef": "Exodus 34:25"
                        }
                    ], 
                    "he": "<b>ולא ילין לבוקר זבח חג הפסח.</b> לפי דעת הגמ׳ פסחים דנ״ט ב׳ מיירי בפסח עצמו. ולפי הפשט מיירי בחגיגת י״ד שמביאים בשביל הפסח. וכבר ביארנו לעיל שם טעם אזהרה זו שלא ילינו למחר בשביל שיגיע זמן תפלה בשעת הקטרת אימורים. וכאן מזהיר כמו כן בחגיגת י״ד ולא הזהירה תורה בפסח עצמו שהוא אינו בא להזכרה כלל. משא״כ חגיגה שהוא שלמים שהוא באמת מועיל לפרנסה ושלום. והיה טוב להלין האימורים בשביל תפלה בשעת הקטרה. ובא הכתוב והזהיר ע״ז. ואזהרה דחגיגת י״ד מצוי יותר בשביעית דעיקר הא שמביאין חגיגת י״ד שאינה חובה באמת אלא כדי שלא יבואו לידי שבירת עצמות בעיקר סעודה. וכדאיתא בירושל׳ והובא בתוס׳ שם דק״כ בד״ה מפטירין דמש״ה נאכל הפסח על השובע דוקא ולא כל הסעודה יהא נאכל הפסח כדי שלא יבואו לידי שבירת עצמות. ומש״ה בכל השנים שתבואה מרובה אין חשש כ״כ משום שאוכלים מצה לרוב בכל הסעודה אבל בשביעית דמצה מעט זובחים ביותר שלמי פסח להשקיט הרעבון שלא יבואו לידי שבירת עצמות ש״פ:\n"
                }
            ], 
            "heTitle": "העמק דבר על שמות", 
            "indexTitle": "Haamek Davar on Exodus", 
            "sectionRef": "Haamek Davar on Exodus 34:25", 
            "prev": "Haamek Davar on Exodus 34:24", 
            "ref": "Haamek Davar on Exodus 34:25", 
            "heRef": "העמק דבר על שמות ל״ד:כ״ה", 
            "next": "Haamek Davar on Exodus 34:26"
        }, 
        "Haamek Davar on Exodus 34:24": {
            "content": [
                {
                    "segmentNumber": "1", 
                    "links": [
                        {
                            "category": "Tanakh", 
                            "index_title": "Exodus", 
                            "sourceHeRef": "שמות ל״ד:כ״ד", 
                            "sourceRef": "Exodus 34:24"
                        }
                    ], 
                    "he": "<b>כי אוריש גוים מפניך והרחבתי את גבולך.</b> הקדים המקרא שני דברים אלו להבטחת ולא יחמוד איש את ארצך היינו משום שנכלל בזה הלשון שני אופני הבטחות. א׳ שלא יבוא איזה מלך ואומה לכבוש את הארץ בעת שכל ישראל בירושלים ואין חיל יושב על הספר. ב׳ כדאי׳ בפסחים ד״ח מלמד שתהא פרתך רועה באפר ואין חיה מזיקתה כו׳ והתוס׳ כ׳ דנ״ל מדכתיב את ארצך. ויותר נראה דנ״ל מדכתיב ולא יחמוד איש. דחמדת הארץ בכללה לא שייך באיש אלא בעם או גוי. אלא הכונה שלא יבוא גנב לגנוב הקמה. וה״ה פרה הרועה באפר. [ומיושב בזה ק׳ התוספות שם ד״ה לכדר״א] והגמ׳ הוסיף ואין חיה מזיקתה. והוא למד בתורת כש״כ. דיותר נוח לחול השגחת ה׳ על בריות שאין בהם בחירה רעה שלא יזיקו משתחול על אדם רע כמש״כ בס׳ בראשית ל״ז י״ג בשם הזוהר. ואמר שהבטיח הכתוב שיהיו נשמרים מאיש כש״כ מבע״ח מזיקים. אכן לשון את ארצך משמעו הבטחה מכבוש הארץ ג״כ. והנה לשמירה מגנב ובע״ח מזיקים אין חשש כ״כ בשעה שהיה עוד כמה יושבי הארץ מאוה״ע דאז אפשר לעשותם לשומרים והמה בעצמם יראים מישראל כאשר ישובו מבית הבחירה. ורק בשעה שלא נשאר בארץ פרסה מיושבי הארץ אז יש חשש מגנב ובע״ח מש״ה הקדים המקרא כי אוריש גוים מפניך. ולא יחמוד איש. היינו גנב כמש״כ. אבל לענין חשש השני דחימוד הארץ בכללה אין החשש כ״כ בשעה שגבולות הארץ לא היו רחבים. דאז בשמעם הליכות איזה עם וגוי על ארצם ישובו להלחם עמם. משא״כ בשעה שירחיבו גבולי א״י אז החשש שיבואו איזה חיל ויכבוש את הארץ. שהרי כל ישראל בבית הבחירה רחוק מן הגבול מש״ה כתיב והרחבתי את גבולך מכ״מ ולא יחמוד איש את ארצך. ונכתב מקרא זה בשביעית דאז הסכנה מצויה יותר. משום שאין לישראל אוצרות תבואה הנדרש לשעת מלחמה. וע׳ מש״כ בס׳ ויקרא כ״ה י״ח:\n"
                }
            ], 
            "heTitle": "העמק דבר על שמות", 
            "indexTitle": "Haamek Davar on Exodus", 
            "sectionRef": "Haamek Davar on Exodus 34:24", 
            "prev": "Haamek Davar on Exodus 34:23", 
            "ref": "Haamek Davar on Exodus 34:24", 
            "heRef": "העמק דבר על שמות ל״ד:כ״ד", 
            "next": "Haamek Davar on Exodus 34:25"
        }, 
        "Haamek Davar on Exodus 34:29": {
            "content": [
                {
                    "segmentNumber": "1", 
                    "links": [
                        {
                            "category": "Tanakh", 
                            "index_title": "Exodus", 
                            "sourceHeRef": "שמות ל״ד:כ״ט", 
                            "sourceRef": "Exodus 34:29"
                        }
                    ], 
                    "he": "<b>ויהי ברדת משה וגו׳.</b> אלו בא הכתוב לספר שירד משה מן ההר הכי מיבעי וירד משה מן ההר ושני לחות העדת בידו ומשה לא ידע וגו׳. אלא כל המקרא הוא נושא מאמר ומשה לא ידע וגו׳. וכאשר יפלא בדעתנו איך לא ראה משה קרני ההוד שעל פניו. מש״ה ביאר ויהי ברדת משה מן ההר. דבעודנו בהר לא היה קרני הוד. דשם היה אור השכינה וכדאי׳ בפסחים ד״ח למה הצדיקים דומין בפני השכינה כנר לפני האבוקה. ורק ברדת משה מן ההר וגם אז כ״ז שהלוחות היו בידו לא היה למשה לדעת שהקרנים מידו לו שחשב שהקרנים המה מהלוחות. ורק כשהניחם בארון ודאי נודע לו. וזהו שהודיע הכתוב. ויהי ברדת משה מהר סיני. כשעודנו בהר אע״פ שיורד. וגם כאשר שני לוחות העדות ביד משה ברדתו מן ההר. אע״ג שכבר ירד אך בעוד לוחות העדות בידו. ומשה לא ידע וגו׳:\n"
                }, 
                {
                    "segmentNumber": "2", 
                    "links": [
                        {
                            "category": "Tanakh", 
                            "index_title": "Exodus", 
                            "sourceHeRef": "שמות ל״ד:כ״ט", 
                            "sourceRef": "Exodus 34:29"
                        }
                    ], 
                    "he": "<b>בדברו אתו.</b> כבר ביארנו לעיל ל״א י״ח דזה הלשון אינו אלא על תורה שבע״פ אשר כ״י שניהם דברו יחדיו. וזהו קירון הפנים שהשיג בלוחות השניות. וכדאי׳ בירושל׳ שקלים פ״ג דר״י אמר דלכן פניו מאירים משום דאולפן שכיחא ליה. וכן ר׳ אבהו שהאירו פניו אמר תוספתא עתיקתא מצא וחכמת אדם תאיר פניו. והכי אי׳ בנדרים דמ״ט ב׳ דרבי יהודה אמר דפניו מאירים משום דחכמת אדם תאיר פניו וכש״כ כשמשה רבינו עמד בשעת כתיבה על כל הקבלות שלמד בראשונה ועמד עליהם בשניה לדעת מקורם בתורה שבכתב. ובזה השיג בתמידות של מ׳ יום אלו הארת פנים עד שקרן עור פניו לעולם:\n"
                }
            ], 
            "heTitle": "העמק דבר על שמות", 
            "indexTitle": "Haamek Davar on Exodus", 
            "sectionRef": "Haamek Davar on Exodus 34:29", 
            "prev": "Haamek Davar on Exodus 34:28", 
            "ref": "Haamek Davar on Exodus 34:29", 
            "heRef": "העמק דבר על שמות ל״ד:כ״ט", 
            "next": "Haamek Davar on Exodus 34:30"
        }, 
        "Haamek Davar on Exodus 34:28": {
            "content": [
                {
                    "segmentNumber": "1", 
                    "links": [
                        {
                            "category": "Tanakh", 
                            "index_title": "Exodus", 
                            "sourceHeRef": "שמות ל״ד:כ״ח", 
                            "sourceRef": "Exodus 34:28"
                        }
                    ], 
                    "he": "<b>וארבעים לילה.</b> התוס׳ ב״ק דפ״א הקשו שלא היה אלא ל״ט לילות. מש״ה נדחקו לפרש דקאי על האמצעים. ומלבד הדוחק כבר ביארנו לעיל שהאמצעים לא היה בהר בתמידית. אלא באחרונים קאי וכמש״כ הרא״ש שלהי מס׳ פסחים שכן דרך המקרא כשמגיע המנין לסכום עשירית פחות אחת מונה אותו בחשבון עשירית ואינו משגיח על חסרון אחד. ונראה עוד למש״כ לעיל שעלה לבוקרו של בוקר היינו בעה״ש. וא״כ יש לחושבו נמי במנין הלילות. כדאי׳ בברכות ד״ח לענין ק״ש:\n"
                }, 
                {
                    "segmentNumber": "2", 
                    "links": [
                        {
                            "category": "Tanakh", 
                            "index_title": "Exodus", 
                            "sourceHeRef": "שמות ל״ד:כ״ח", 
                            "sourceRef": "Exodus 34:28"
                        }
                    ], 
                    "he": "<b>ויכתב על הלוחת את דברי הברית עשרת הדברים.</b> פי׳ ויכתוב קאי גם על הקב״ה שכתב עשרת הדברים. ופי׳ את דברי הברית עשרת הדברים. היינו י׳ הדברים עצמן. וגם קאי על משה שכתב את דברי הברית. היינו כל התורה כולה. ופי׳ את עם. ומש״ה נשתהה משה על ההר ארבעים יום בלוחות השניות. דכמו שנשתהה סך ימים אלו בקבלת תורה שבע״פ בראשונה. כך נשתהה בשניות בכתיבתם של תורה שבכתב על הלוחות שמזה הגיעו תועלת לדורות מה שתלמיד ותיק עתיד לחדש. וכבר אי׳ בשה״ש רבה דאר״י דסגולת תורה שבע״פ היא שיהא ניתן בארבעים יום:\n"
                }
            ], 
            "heTitle": "העמק דבר על שמות", 
            "indexTitle": "Haamek Davar on Exodus", 
            "sectionRef": "Haamek Davar on Exodus 34:28", 
            "prev": "Haamek Davar on Exodus 34:27", 
            "ref": "Haamek Davar on Exodus 34:28", 
            "heRef": "העמק דבר על שמות ל״ד:כ״ח", 
            "next": "Haamek Davar on Exodus 34:29"
        }, 
        "Haamek Davar on Exodus 34:18": {
            "content": [
                {
                    "segmentNumber": "1", 
                    "links": [
                        {
                            "category": "Tanakh", 
                            "index_title": "Exodus", 
                            "sourceHeRef": "שמות ל״ד:י״ח", 
                            "sourceRef": "Exodus 34:18"
                        }
                    ], 
                    "he": "<b>את חג המצות תשמור.</b> לא בא הכתוב לבאר שלש רגלים שכבר כתיב לפני מעשה העגל. אלא בא בהוספת ענין להזהר בדרך מוסר ולעשות מסילות בלב ישראל בזמנים הללו להשריש בהם יראת ה׳ ואמונה. ע״כ לא הקדים הכתוב כאן שלש רגלים תחוג לי בשנה. אלא הקדים להזהיר בחג המצות באשר הוא חודש האביב להצמיח בו זרע עבודת ה׳ ע״י מצות התלויות בו כמש״כ בפ׳ קדש. ושינה הכתוב לשון זה המקרא ממש״כ לעיל כ״ג ט״ו תאכל מצות כאשר צויתיך וכאן אשר צויתיך היינו משום דשם משמעו כמו שצויתי ביום הראשון ושמרתם את חג המצות כך תשמור שבעת ימים וכמו שביארנו שם. אבל כאן שכבר הזהיר על שבעת הימים מש״ה כתיב <b>אשר צויתך.</b> ועוד סיים המקרא <b>כי בחדש האביב יצאת ממצרים.</b> ולא כמש״כ שם כי בו יצאת דמשמעו ביום ראשון וכאן הוסיף דהחודש בכללו גרם שבו יצאת ממצרים למען ללמדנו כי כל החודש מסוגל להשריש בו יסודי האמונה ועבודת ה׳. ומכאן למדנו לעסוק בעניני פסח מר״ח כדי שיהיה זה העסק להשריש אמונה וכדמסיק בפסחים ד״ו בהא דפסח מדבר שהזהיר משה לישראל מר״ח. ואפילו לחכמים דרשב״ג דל׳ יום לפני הפסח שו״ד בהל׳ פסח. מכ״מ מר״ח יש לעסוק יותר. והיינו דאמרינן בהגדה יכול מר״ח כו׳ הרי דס״ד דמצות ספור ממש בא מר״ח. והוא מהאי קרא שבא לאחר העגל להוסיף הכנה לזכירת עניני פסח. ובשביל זה התכלית כדי לחזק האמונה ויראת ה׳ בלב. [וכיב״ז אי׳ בירושל׳ מגילה פ״א דמדכתיב והחודש אשר נהפך ש״מ דכל החודש כשר לקריאת מגילה]:\n"
                }
            ], 
            "heTitle": "העמק דבר על שמות", 
            "indexTitle": "Haamek Davar on Exodus", 
            "sectionRef": "Haamek Davar on Exodus 34:18", 
            "prev": "Haamek Davar on Exodus 34:17", 
            "ref": "Haamek Davar on Exodus 34:18", 
            "heRef": "העמק דבר על שמות ל״ד:י״ח", 
            "next": "Haamek Davar on Exodus 34:19"
        }, 
        "Haamek Davar on Exodus 34:19": {
            "content": [
                {
                    "segmentNumber": "1", 
                    "links": [
                        {
                            "category": "Tanakh", 
                            "index_title": "Exodus", 
                            "sourceHeRef": "שמות ל״ד:י״ט", 
                            "sourceRef": "Exodus 34:19"
                        }
                    ], 
                    "he": "<b>כל פטר רחם לי.</b> כבר כתיב כל הענין לעיל י״ג י״ב וביארנו שם כל הענין ללמדנו שההכרח לעשות אנשים מוכשרים להתקדש בתורה ובפרישות לעבודת ה׳ והמה יהיו מדריכים את כלל ישראל וע״ז נתקדשו הבכורים. ואחר מעשה העגל שנשתנה הענין. ובא קדושת שבט לוי תחתיהם והיה עולה עה״ד שיצאו קדושת בכורים לגמרי מש״ה הוצרך לכפול דמכ״מ כל פטר רחם לי:\n"
                }
            ], 
            "heTitle": "העמק דבר על שמות", 
            "indexTitle": "Haamek Davar on Exodus", 
            "sectionRef": "Haamek Davar on Exodus 34:19", 
            "prev": "Haamek Davar on Exodus 34:18", 
            "ref": "Haamek Davar on Exodus 34:19", 
            "heRef": "העמק דבר על שמות ל״ד:י״ט", 
            "next": "Haamek Davar on Exodus 34:20"
        }, 
        "Haamek Davar on Exodus 34:16": {
            "content": [
                {
                    "segmentNumber": "1", 
                    "links": [
                        {
                            "category": "Tanakh", 
                            "index_title": "Exodus", 
                            "sourceHeRef": "שמות ל״ד:ט״ז", 
                            "sourceRef": "Exodus 34:16"
                        }
                    ], 
                    "he": "<b>ולקחת מבנותיו לבניך.</b> במה שתאכל מזבחו יגרום גם זה והוא כעין גזרת חז״ל בישולי עובדי כוכבים משום בנותיהן ובנותיהן משום ד״א. אבל הם הוסיפו לאסור כל בישולי גוים. ובקרא לא הזהיר משום זה הטעם אלא לילך לביתם באהבה למשתה שלהם:\n"
                }, 
                {
                    "segmentNumber": "2", 
                    "links": [
                        {
                            "category": "Tanakh", 
                            "index_title": "Exodus", 
                            "sourceHeRef": "שמות ל״ד:ט״ז", 
                            "sourceRef": "Exodus 34:16"
                        }
                    ], 
                    "he": "<b>והזנו את בניך וגו׳.</b> היינו דכתיב בס׳ דברים ז׳ ד׳ לא תתחתן בם בתך לא תתן לבנו ובתו לא תקח לבנך כי יסיר את בנך מאחרי. אלא דשם נכלל במשמעות כי יסיר את בנך שתי כוונות. חדא כפרש״י שיסיר האב הגוי את בנך שנולד מבת ישראל. וקאי הטעם על בתך לא תתן לבנו. ושנית כפי׳ ר״ת והרמב״ם כי יסיר אבי האשה הגויה את בנך הנושאה מאחרי. וקאי הטעם על ובתו לא תקח לבנך כמש״כ שם. וכאן לא מיירי אלא באיסור נשיאת הגויה לבן ישראל. ולא פירש הכתוב כאן אלא במה שנזהרו ביותר משום מעשה העגל כמש״כ. דאותה אזהרה של נתינת בת ישראל לגוי משום הסרת הבן הנולד המגודל בבית אביו הגוי. זה אינו ענין לסיבת העגל שהרי הבן הצעיר אם יהא מגודל בבית הגוי ודאי יהיה ג״כ הולך אחריו אפי׳ לא יהא נפתה לעבודת כוכבים בטבע. משא״כ אזהרה דבנותיהם שהחשש שיזנו את בניך הגדולים שנולדו ונתגדלו ביהדות. אינו אלא לפי שנמשכו אחר העגל וסרו מהר. מש״ה יש לחוש שיהא נמשך אחר אשתו בת אל נכר. וע״פ דעת תורה להזהר מן המכשול למדו חז״ל להוסיף גזרות לפי הצורך באותו דור והלאה:\n"
                }
            ], 
            "heTitle": "העמק דבר על שמות", 
            "indexTitle": "Haamek Davar on Exodus", 
            "sectionRef": "Haamek Davar on Exodus 34:16", 
            "prev": "Haamek Davar on Exodus 34:15", 
            "ref": "Haamek Davar on Exodus 34:16", 
            "heRef": "העמק דבר על שמות ל״ד:ט״ז", 
            "next": "Haamek Davar on Exodus 34:17"
        }, 
        "Haamek Davar on Exodus 34:17": {
            "content": [
                {
                    "segmentNumber": "1", 
                    "links": [
                        {
                            "category": "Tanakh", 
                            "index_title": "Exodus", 
                            "sourceHeRef": "שמות ל״ד:י״ז", 
                            "sourceRef": "Exodus 34:17"
                        }
                    ], 
                    "he": "<b>אלהי מסכה.</b> אינו ע״ז כלל כמש״כ הספורנו. וגם לא מיירי באופן שנאסר כבר אלהי זהב ואלהי כסף כמש״כ לעיל ס״פ יתרו. אלא מיירי בצורה העשוי׳ לחברת ב״א לנסוך יין ושמחת מריעות. מש״ה סמך הכתוב ענין ג׳ רגלים שבהם תהיה שמחת מריעות למצוה. וע׳ ס׳ ויקרא י״ט ד׳:\n"
                }
            ], 
            "heTitle": "העמק דבר על שמות", 
            "indexTitle": "Haamek Davar on Exodus", 
            "sectionRef": "Haamek Davar on Exodus 34:17", 
            "prev": "Haamek Davar on Exodus 34:16", 
            "ref": "Haamek Davar on Exodus 34:17", 
            "heRef": "העמק דבר על שמות ל״ד:י״ז", 
            "next": "Haamek Davar on Exodus 34:18"
        }, 
        "Haamek Davar on Exodus 34:14": {
            "content": [
                {
                    "segmentNumber": "1", 
                    "links": [
                        {
                            "category": "Tanakh", 
                            "index_title": "Exodus", 
                            "sourceHeRef": "שמות ל״ד:י״ד", 
                            "sourceRef": "Exodus 34:14"
                        }
                    ], 
                    "he": "<b>כי לא תשתחוה וגו׳.</b> לפני העגל נזהרו ג״כ כי תעבוד את אלהיהם וגו׳ וביארנו שם דמיירי בעבודה מיראה בשעת כיבוש ולא נזהרו על השתחואה מיראה לחוד. אבל עתה הוזהרו גם על איזה הכנעה מיראה דלא ליגרי בהו:\n"
                }
            ], 
            "heTitle": "העמק דבר על שמות", 
            "indexTitle": "Haamek Davar on Exodus", 
            "sectionRef": "Haamek Davar on Exodus 34:14", 
            "prev": "Haamek Davar on Exodus 34:13", 
            "ref": "Haamek Davar on Exodus 34:14", 
            "heRef": "העמק דבר על שמות ל״ד:י״ד", 
            "next": "Haamek Davar on Exodus 34:15"
        }, 
        "Haamek Davar on Exodus 34:15": {
            "content": [
                {
                    "segmentNumber": "1", 
                    "links": [
                        {
                            "category": "Tanakh", 
                            "index_title": "Exodus", 
                            "sourceHeRef": "שמות ל״ד:ט״ו", 
                            "sourceRef": "Exodus 34:15"
                        }
                    ], 
                    "he": "<b>פן תכרות ברית ליושב הארץ.</b> עד כה לא נזהרו מלכרות ברית אהבה אחר שיכלו יתדות הארץ עם האומות שישארו בה אבל עתה נזהרו בה ג״כ אחר כיבוש וחלוק ונתיישבו בארץ ומטעם שמפרש והולך:\n"
                }
            ], 
            "heTitle": "העמק דבר על שמות", 
            "indexTitle": "Haamek Davar on Exodus", 
            "sectionRef": "Haamek Davar on Exodus 34:15", 
            "prev": "Haamek Davar on Exodus 34:14", 
            "ref": "Haamek Davar on Exodus 34:15", 
            "heRef": "העמק דבר על שמות ל״ד:ט״ו", 
            "next": "Haamek Davar on Exodus 34:16"
        }, 
        "Haamek Davar on Exodus 34:12": {
            "content": [
                {
                    "segmentNumber": "1", 
                    "links": [
                        {
                            "category": "Tanakh", 
                            "index_title": "Exodus", 
                            "sourceHeRef": "שמות ל״ד:י״ב", 
                            "sourceRef": "Exodus 34:12"
                        }
                    ], 
                    "he": "<b>פן תכרות ברית ליושב הארץ אשר אתה בא עליה.</b> מיירי בשעת כבוש קודם שנכלה כל יתדות הארץ. כמבואר מלשון אשר אתה בא עליה. ותו ממה דכתיב בסמוך ואת אשריו תכרותון. והיינו גדוע דכתיב בס׳ דברים ז׳ ה׳ ואשריהם תגדעון. ומפרש בגמ׳ ע״ז דמ״ה בהא דכתיב במק״א ואשריהם תשרפון באש ומשני דגדוע קודם לכבוש. וכבוש קודם לשריפה. וה״נ בהאי קרא דכתיב תכרותון מיירי בשעת כבוש. והנה לעיל כ״ג בפ׳ לא תהיה משכלה וגו׳ וכל הענין דמיירי ג״כ בזה המשך כמש״כ שם. ונזהרו אז ישראל לא תכרות להם ולאלהיהם ברית וגו׳ כי יהיה לך למוקש. וביארנו כי כאשר אין לחוש שיעבדו אז ע״ז של שבעה אומות אלא משום מורא שלא ימסרו נפשם ע״ז כדאי׳ כיב״ז בסוכה דל״ח שלא לאגרויי שיטנא. וזה אינו ע״ז ממש כדמסקינן בסנהדרין דס״א. מכ״מ הוא למוקש. וכאן לאחר העגל ניתוסף אזהרה זו ביותר באשר אז לא נזהרו כ״א כריתת ברית עמם ואלהיהם ביחד. אבל עמם לבד היו רשאים. אבל היום נזהרו פן תכרות ברית ליושב הארץ לבד ג״כ:\n"
                }, 
                {
                    "segmentNumber": "2", 
                    "links": [
                        {
                            "category": "Tanakh", 
                            "index_title": "Exodus", 
                            "sourceHeRef": "שמות ל״ד:י״ב", 
                            "sourceRef": "Exodus 34:12"
                        }
                    ], 
                    "he": "<b>פן יהיה למוקש בקרבך.</b> בראותך אותם עובדי עבודת כוכבים תבוא גם אתה להמשך אחריהם:\n"
                }
            ], 
            "heTitle": "העמק דבר על שמות", 
            "indexTitle": "Haamek Davar on Exodus", 
            "sectionRef": "Haamek Davar on Exodus 34:12", 
            "prev": "Haamek Davar on Exodus 34:11", 
            "ref": "Haamek Davar on Exodus 34:12", 
            "heRef": "העמק דבר על שמות ל״ד:י״ב", 
            "next": "Haamek Davar on Exodus 34:13"
        }, 
        "Haamek Davar on Exodus 34:13": {
            "content": [
                {
                    "segmentNumber": "1", 
                    "links": [
                        {
                            "category": "Tanakh", 
                            "index_title": "Exodus", 
                            "sourceHeRef": "שמות ל״ד:י״ג", 
                            "sourceRef": "Exodus 34:13"
                        }
                    ], 
                    "he": "<b>כי את מזבחותם וגו׳.</b> גם לפני העגל נזהרו בזה שם כ״ד כי הרס תהרסם ושבר תשבר מצבתיהם. אבל אחר העגל נתחדש עוד שלשה דברים. א׳ דשם לא נצטוו להטפל בזה כ״א אחר כבוש כמבואר שם במקרא כי ילך מלאכי וגו׳ והכחדתיו וכמש״כ שם. ועתה לאחר העגל נצטוו ע״ז גם קודם גמר הכבוש אלא שלא נצרכו לישרף עד אח״כ כמש״כ לעיל. ב׳ דשם לא נזהרו אלא על גוף הע״ז ומש״ה לא כתיב מזבחותם שאינו אלא משמשין והא דכתיב מצבתיהם כבר פרש״י שם אבנים שהם מציבין להשתחוות להם. ובאמת הכי אי׳ במס׳ ע״ז דמ״ז ב׳ דאבן שחצבה מתחלה לבימוס ה״ז אסורה משעת חציבה וע״כ עובדין אותה ג״כ כמש״כ רש״י ותוס׳ שם. וכך היה מנהגם דמזבח לא בא אלא להיות משמשין משא״כ מצבת אבן. ומש״ה הוזהרו ישראל על המצבה לה׳ כדכתיב לא תקים לך מצבה אשר שנא ה׳ אלהיך. והיינו בשביל שנהגו אוה״ע לעשות לע״ז ממש. הא לאחר העגל נזהרו אפילו על משמשין והיינו מזבחותם. וממילא ה״ה מצבה שלא היה נעבד. ג׳ באשרה ובזה מפורש בע״ז דנ״ג אר״א כתחלה של א״י דא״ר ואשיריהם תשרפון באש מכדי ירושה להם מאבותיהם ואין אדם אוסר דבר שאינו שלו כו׳ אלא מדפלחו ישראל לעגל גלו אדעתייהו דניחא להם ועבודת כוכבים שליחותא דידהו עבדי. ומש״ה כתיב כאן ואת אשריו ולא ואשיריהם כמו מצבותם אלא לרמז אשריו דישראל. משא״כ מצבות דשבעה אומות נמי אסור:\n"
                }
            ], 
            "heTitle": "העמק דבר על שמות", 
            "indexTitle": "Haamek Davar on Exodus", 
            "sectionRef": "Haamek Davar on Exodus 34:13", 
            "prev": "Haamek Davar on Exodus 34:12", 
            "ref": "Haamek Davar on Exodus 34:13", 
            "heRef": "העמק דבר על שמות ל״ד:י״ג", 
            "next": "Haamek Davar on Exodus 34:14"
        }, 
        "Haamek Davar on Exodus 34:10": {
            "content": [
                {
                    "segmentNumber": "1", 
                    "links": [
                        {
                            "category": "Tanakh", 
                            "index_title": "Exodus", 
                            "sourceHeRef": "שמות ל״ד:י׳", 
                            "sourceRef": "Exodus 34:10"
                        }
                    ], 
                    "he": "<b>נגד כל עמך אעשה נפלאות וגו׳.</b> כבר תמה הרמב״ן ז״ל איזה נפלאות נעשה במדבר מאז מה שלא נעשה עד כה. ואני תמה עוד על הלשון אשר לא נבראו בכל הארץ ובכל הגוים. מה לנפלאות בחו״ל ובגוים. אבל לביאורינו מבקשת משה מבואר תשובת ה׳. תחלה השיב על בקשתו ונחלתנו. שהוא לדורות עולם ונחוצה ביותר. והבטיח הקב״ה בברית אשר נגד כל עמך. כל שבט ושבט נקרא עם בפ״ע. כמש״כ בס׳ בראשית בפסוק והיית לקהל עמים. וגמירי דלא כלי שיבטא כדאי׳ בב״ב דקי״ד וע׳ מש״כ בס׳ דברים כ״ט. וזהו דבר ה׳ אשר בעת שיהיה עם אחד מישראל שהוא צאן מרעית משה מסוכן וקרוב לכליון ח״ו אז אעשה נפלאות בשידוד הטבע לעשות שארית לאותו עם והיינו אשר לא נבראו בכל הארץ דגם הארץ נכרתה בזה הברית כדכתיב בברית האבות והארץ אזכור. והיינו דמצינו כמה ארצות שנחרבו ושוב לא נשאר להם זכר. אבל א״י אע״ג שגם היא נחרבה וגפרית ומלח שרפה כל ארצה ונ״ב שנה לא עבר בה עוף. ומכ״מ הרי הארץ בישובה כמו שהיתה. זהו נפלאות שלא נברא בכל הארץ:\n"
                }, 
                {
                    "segmentNumber": "2", 
                    "links": [
                        {
                            "category": "Tanakh", 
                            "index_title": "Exodus", 
                            "sourceHeRef": "שמות ל״ד:י׳", 
                            "sourceRef": "Exodus 34:10"
                        }
                    ], 
                    "he": "<b>ובכל הגוים.</b> דכל גוי אם נגזר עליה כליון שוב לא תוסיף קום. משא״כ שבט א׳ מישראל. והיינו שאמר יחזקאל ט״ז אחר שהרבה לספר כמה גדול עונות ירושלים מסדום ובנותיה אמר לבסוף וזכרתי אני את בריתי אתך בימי נעוריך. והוא הברית שנכרת כאן. וזהו הברית שכתוב בס׳ ויקרא כ״ו מ״ב והארץ אזכור ופסוק מ״ד להפר בריתי אתם כמבואר שם:\n"
                }, 
                {
                    "segmentNumber": "3", 
                    "links": [
                        {
                            "category": "Tanakh", 
                            "index_title": "Exodus", 
                            "sourceHeRef": "שמות ל״ד:י׳", 
                            "sourceRef": "Exodus 34:10"
                        }, 
                        {
                            "category": "Commentary", 
                            "index_title": "Harchev Davar on Exodus", 
                            "sourceHeRef": "הרחב דבר על שמות ל״ד:י׳", 
                            "sourceRef": "Harchev Davar on Exodus 34:10"
                        }
                    ], 
                    "he": "<b>אחר</b> זה הברית שהוא נצח ישראל ואפילו שבט אחד. שב הקב״ה לבקשת משה ע״ז הדור ילך נא אדני בקרבנו. ע״ז הבטיח <b>וראה כל העם</b> <b>אשר אתה בקרבו את מעשה ה׳ כי נורא הוא אשר אנו עושה עמך.</b> ואינו מדבר במן ובאר שכבר נעשו לטבע ולא פסק מהם גם בימי הזעף. אלא כוון הקב״ה על מעשה קרח דתן ואבירם שנגעו בכבוד משה עצמו ועשה ה׳ דבר נפלא ונורא לכבודו של משה לבדו. וזהו אשר אני עושה עמך והיינו דכתיב בס׳ דברים י״א ואשר עשה לדתן ואבירם בני אליאב וגו׳ כי עיניכם הרואות את כל מעשה ה׳ הגדול אשר עשה. והנה מכאן והלאה חזר משה למעלתו וביטל גזרת ה׳ לך רד. והיה אז נצרך לתפלה קבועה כמו כל אדם אבל עתה שב למעלתו דרב גובריה ושוב לא התפלל תפלה קבועה במדבר כמש״כ בפ׳ חקת בענין מי מריבה. ומש״ה הוצרך להקדים שבח לתפלה בפ׳ ואתחנן. כ״ז פעל משה בתפלה קבועה בעת רצון של י״ג מדות לבטל גזרה לך רד :\n"
                }, 
                {
                    "segmentNumber": "4", 
                    "links": [
                        {
                            "category": "Tanakh", 
                            "index_title": "Exodus", 
                            "sourceHeRef": "שמות ל״ד:י׳", 
                            "sourceRef": "Exodus 34:10"
                        }
                    ], 
                    "he": "<b>אחר</b> כל הדברים יש לבאר תמצית הפרש אופני הנהגת הקב״ה עם ישראל בהשגחה פרטית לפי המעשים שהיא באה בשני אופנים שהן ארבעה. ע״י מלאך הוא בשני אופנים. א׳ שיהי׳ נמסר למלאך שהולך בדרך אגב לשמור אותם כלשון כי מלאכיו יצוה לך. ואמנם האומה בכללה לא היתה במדרגה פחותה זו רק בשעה שאמר הקב״ה בקצפו כ״י לך נחה את העם אל אשר דברתי לך הנה מלאכי ילך לפניך. ב׳ נמסר למלאך מסוים. וכמו שנמסר מעשה אליעזר עבד אברהם וזהו הרצון היה במאמר ה׳ בדברי רצוי למשה ולישראל לך עלה מזה וגו׳ ושלחתי לפניך מלאך. ובשני אופנים אלו אפשר לבקש מן המלאך ג״כ שהרי נמסר לו ברצון הקב״ה וכמו שביקש לוט מהמלאך. דרך השני ע״י הקב״ה בכבודו ית׳ וזהו ג״כ בשני אופנים היינו לפרנסה עושה הוא בעצמו כ״י כדרך שהאב נותן לבנו בידו ולהגנה ומלחמה אפילו בשעה שהולך בעצמו כ״י מכ״מ המלאך הוא העושה. וע״ז כתיב בפ׳ משפטים הנה אנכי שולח מלאך לפניך וכמבואר שם. וא״כ אסור לבקש ממנו ח״ו במקום שהשכינה עומד. מיהו שני דברים אלו היינו פרנסה והגנה אינם תלוים זה בזה ובימי יהושע נתחלקו. הפרנסה היתה ע״י הקב״ה והגנה ע״י המלאך וכמו שניבא ג״כ יעקב אבינו ע״ז האלהים הרועה אותי. המלאך הגואל אותי ושם מבואר יפה. וא״כ המה שנים שהן ארבעה. וגם זה יש לדעת דבעת שהמלאך עושה בעצמו אינו יכול לשדד הטבע אם לא שנשלח ביחוד לעשות דבר הפלא. אבל בעת הנהגת ה׳ אפשר שיהיה בדרך הטבע כמו שהיה פרנסת ישראל בא״י. ואפשר שיהיה בדרך נס. והובטחו ישראל בכריתת ברית שלא יהיה כליון מעם אחד מישראל בכל אופן שיהא נדרש באותה שעה:\n"
                }
            ], 
            "heTitle": "העמק דבר על שמות", 
            "indexTitle": "Haamek Davar on Exodus", 
            "sectionRef": "Haamek Davar on Exodus 34:10", 
            "prev": "Haamek Davar on Exodus 34:9", 
            "ref": "Haamek Davar on Exodus 34:10", 
            "heRef": "העמק דבר על שמות ל״ד:י׳", 
            "next": "Haamek Davar on Exodus 34:11"
        }, 
        "Haamek Davar on Exodus 34:11": {
            "content": [
                {
                    "segmentNumber": "1", 
                    "links": [
                        {
                            "category": "Tanakh", 
                            "index_title": "Exodus", 
                            "sourceHeRef": "שמות ל״ד:י״א", 
                            "sourceRef": "Exodus 34:11"
                        }
                    ], 
                    "he": "<b>מצוך היום.</b> דייק היום. באשר כי אע״ג שלפי הנראה בהשקפה ראשונה אין חדשות בזה הפ׳ מהאמור עד כה כאשר יבואר. אבל לאחר הדיוק בכל פרט יש חדשות שנשתנה האזהרות אחר מעשה העגל. שנודע קשי ערפם ושנצרכים לשמירה יתירה מע״ז. ועצות הרבה להשריש אמונה ויראת ה׳. וזהו שדייק <b>היום.</b> ומש״ה כתיב שמר לך דמשמע להנאתך ולטובתך. וה״נ במשמע מעין זה לפי דרכך שאתה עלול לחטוא יש לך להזהר ביותר:\n"
                }
            ], 
            "heTitle": "העמק דבר על שמות", 
            "indexTitle": "Haamek Davar on Exodus", 
            "sectionRef": "Haamek Davar on Exodus 34:11", 
            "prev": "Haamek Davar on Exodus 34:10", 
            "ref": "Haamek Davar on Exodus 34:11", 
            "heRef": "העמק דבר על שמות ל״ד:י״א", 
            "next": "Haamek Davar on Exodus 34:12"
        }
    }, 
    "ref": "Haamek Davar on Exodus 34"
}