[{
    "links": [], 
    "text": [], 
    "heTitleVariants": [
        " חידושי אגדות על מסכת בבא בתרא"
    ], 
    "heTitle": " חידושי אגדות על מסכת בבא בתרא כ״ח א", 
    "heRef": " חידושי אגדות על מסכת בבא בתרא כ״ח א", 
    "toSections": [
        "28a"
    ], 
    "sectionRef": "Chidushei Agadot on Bava Batra 28a", 
    "title": "Chidushei Agadot on Bava Batra 28a", 
    "next": "Chidushei Agadot on Bava Batra 57b", 
    "heBook": " חידושי אגדות על מסכת בבא בתרא", 
    "book": "Chidushei Agadot on Bava Batra", 
    "prev": "Chidushei Agadot on Bava Batra 25b", 
    "textDepth": 2, 
    "sectionNames": [
        "Daf", 
        "Peirush"
    ], 
    "sections": [
        "28a"
    ], 
    "isComplex": false, 
    "titleVariants": [
        "Chidushei Agadot on Bava Batra"
    ], 
    "categories": [
        "Commentary2", 
        "Talmud", 
        "Chidushei Agadot"
    ], 
    "he": [], 
    "ref": "Chidushei Agadot on Bava Batra 28a", 
    "type": "Commentary2", 
    "addressTypes": [
        "Talmud", 
        "Integer"
    ], 
    "indexTitle": "Chidushei Agadot on Bava Batra", 
    "heIndexTitle": " חידושי אגדות על מסכת בבא בתרא", 
    "alts": [], 
    "order": ""
}]