{
    "content": [
        {
            "segmentNumber": "1", 
            "links": [
                {
                    "category": "Commentary", 
                    "index_title": "Rosh on Bava Batra", 
                    "sourceHeRef": " פסקי הראש על בבא בתרא ד׳:ו׳:א׳", 
                    "sourceRef": "Rosh on Bava Batra 4:6:1"
                }
            ], 
            "he": "<b>  שפירש  </b> ר\"ת. בפרק דלעיל גבי מ\"ש משני שטרות היוצאים ביום אחד:  אבל "
        }, 
        {
            "segmentNumber": "2", 
            "links": [
                {
                    "category": "Commentary", 
                    "index_title": "Rosh on Bava Batra", 
                    "sourceHeRef": " פסקי הראש על בבא בתרא ד׳:ו׳:א׳", 
                    "sourceRef": "Rosh on Bava Batra 4:6:1"
                }
            ], 
            "he": "<b>  שלשים  </b> חצאי סלעים. שכך היו רגילים לעשות חשבון מחצאי סלעים כו'. תוספות: "
        }, 
        {
            "segmentNumber": "3", 
            "links": [
                {
                    "category": "Commentary", 
                    "index_title": "Rosh on Bava Batra", 
                    "sourceHeRef": " פסקי הראש על בבא בתרא ד׳:ו׳:א׳", 
                    "sourceRef": "Rosh on Bava Batra 4:6:1"
                }
            ], 
            "he": "<b>  ואחין  </b> שחלקו. לרב אסי אע\"ג דאין כן הלכה: "
        }
    ], 
    "heTitle": " פילפולא חריפתא על בבא בתרא", 
    "indexTitle": "Pilpula Charifta on Bava Batra", 
    "sectionRef": "Pilpula Charifta on Bava Batra 160", 
    "prev": "Pilpula Charifta on Bava Batra 157", 
    "ref": "Pilpula Charifta on Bava Batra 160", 
    "heRef": " פילפולא חריפתא על בבא בתרא ק״ס", 
    "next": "Pilpula Charifta on Bava Batra 161"
}