{
    "heTitleVariants": [
        " פילפולא חריפתא על בבא בתרא"
    ], 
    "heTitle": " פילפולא חריפתא על בבא בתרא", 
    "heRef": " פילפולא חריפתא על בבא בתרא צ״ט", 
    "toSections": [
        99
    ], 
    "sectionRef": "Pilpula Charifta on Bava Batra 99", 
    "next": "Pilpula Charifta on Bava Batra 101", 
    "content": [], 
    "book": "Pilpula Charifta on Bava Batra", 
    "prev": "Pilpula Charifta on Bava Batra 98", 
    "textDepth": 2, 
    "sectionNames": [
        "Seif", 
        "siman"
    ], 
    "sections": [
        99
    ], 
    "isComplex": false, 
    "titleVariants": [
        "Pilpula Charifta on Bava Batra"
    ], 
    "categories": [
        "Commentary2", 
        "Talmud", 
        "Pilpula Charifta"
    ], 
    "ref": "Pilpula Charifta on Bava Batra 99", 
    "type": "Commentary2", 
    "addressTypes": [
        "Integer", 
        "Integer"
    ], 
    "indexTitle": "Pilpula Charifta on Bava Batra", 
    "heIndexTitle": " פילפולא חריפתא על בבא בתרא", 
    "alts": [], 
    "order": ""
}