[{
    "links": [
        [
            "290:1", 
            "Rosh on Bava Batra 9:12:1", 
            "Commentary"
        ], 
        [
            "290:2", 
            "Rosh on Bava Batra 9:12:2", 
            "Commentary"
        ], 
        [
            "290:3", 
            "Rosh on Bava Batra 9:12:2", 
            "Commentary"
        ]
    ], 
    "text": [], 
    "heTitleVariants": [
        " פילפולא חריפתא על בבא בתרא"
    ], 
    "heTitle": " פילפולא חריפתא על בבא בתרא", 
    "heRef": " פילפולא חריפתא על בבא בתרא ר״צ", 
    "toSections": [
        290
    ], 
    "sectionRef": "Pilpula Charifta on Bava Batra 290", 
    "next": "Pilpula Charifta on Bava Batra 293", 
    "book": "Pilpula Charifta on Bava Batra", 
    "prev": "Pilpula Charifta on Bava Batra 288", 
    "textDepth": 2, 
    "sectionNames": [
        "Seif", 
        "siman"
    ], 
    "sections": [
        290
    ], 
    "isComplex": false, 
    "titleVariants": [
        "Pilpula Charifta on Bava Batra"
    ], 
    "categories": [
        "Commentary2", 
        "Talmud", 
        "Pilpula Charifta"
    ], 
    "he": [
        "<b>  ומתוך  </b> לשונו. ר\"ל בתחלת לשונו: ", 
        "<b>  שאין  </b> נוטלת בשבת כלום. ר\"ל אפי' שכר טרחה: ", 
        "<b>  שגובה  </b> כתובתה. כשהשביחה בסתם: "
    ], 
    "ref": "Pilpula Charifta on Bava Batra 290", 
    "type": "Commentary2", 
    "addressTypes": [
        "Integer", 
        "Integer"
    ], 
    "indexTitle": "Pilpula Charifta on Bava Batra", 
    "heIndexTitle": " פילפולא חריפתא על בבא בתרא", 
    "alts": [], 
    "order": ""
}]