{
    "heTitleVariants": [
        "שיטה מקובצת על בבא מציעא"
    ], 
    "heTitle": "שיטה מקובצת על בבא מציעא קי״ז א", 
    "content": [], 
    "heRef": "שיטה מקובצת על בבא מציעא קי״ז א", 
    "toSections": [
        "117a"
    ], 
    "sectionRef": "Shita Mekubetzet on Bava Metzia 117a", 
    "title": "Shita Mekubetzet on Bava Metzia 117a", 
    "next": "Shita Mekubetzet on Bava Metzia 117b", 
    "heBook": "שיטה מקובצת על בבא מציעא", 
    "book": "Shita Mekubetzet on Bava Metzia", 
    "prev": "Shita Mekubetzet on Bava Metzia 116a", 
    "textDepth": 2, 
    "sectionNames": [
        "Daf", 
        "Comment"
    ], 
    "sections": [
        "117a"
    ], 
    "isComplex": false, 
    "titleVariants": [
        "Shita Mekubetzet on Bava Metzia"
    ], 
    "categories": [
        "Commentary2", 
        "Talmud", 
        "Shita Mekubetzet"
    ], 
    "ref": "Shita Mekubetzet on Bava Metzia 117a", 
    "type": "Commentary2", 
    "addressTypes": [
        "Talmud", 
        "Integer"
    ], 
    "indexTitle": "Shita Mekubetzet on Bava Metzia", 
    "heIndexTitle": "שיטה מקובצת על בבא מציעא", 
    "alts": [], 
    "order": ""
}