{
    "heTitleVariants": [
        "רש\"י על בכורות"
    ], 
    "heTitle": "רש\"י על בכורות כ״ח א", 
    "content": [
        {
            "segmentNumber": "1", 
            "he": [], 
            "links": [], 
            "text": ""
        }, 
        {
            "segmentNumber": "2", 
            "he": [], 
            "links": [], 
            "text": ""
        }, 
        {
            "segmentNumber": "3", 
            "he": [], 
            "links": [], 
            "text": ""
        }, 
        {
            "segmentNumber": "4", 
            "he": [], 
            "links": [], 
            "text": ""
        }, 
        {
            "segmentNumber": "5", 
            "he": [], 
            "links": [], 
            "text": ""
        }, 
        {
            "segmentNumber": "6", 
            "he": [], 
            "links": [], 
            "text": ""
        }, 
        {
            "segmentNumber": "7", 
            "he": [], 
            "links": [], 
            "text": ""
        }, 
        {
            "segmentNumber": "8", 
            "he": [], 
            "links": [], 
            "text": ""
        }, 
        {
            "segmentNumber": "9", 
            "he": [
                "שלא מצינו בכל התורה כולה - שיתננו לכהן אלא מרבויא דהאי יהיה לך נפקא:"
            ], 
            "links": [
                {
                    "category": "Talmud", 
                    "sourceHeRef": "בכורות כ״ח א:ט׳", 
                    "sourceRef": "Bekhorot 28a:9", 
                    "ref": "Bekhorot 28a:9"
                }
            ], 
            "text": ""
        }, 
        {
            "segmentNumber": "10", 
            "he": [
                "ואידך - דמפיק מיהיה לך שני ימים ולילה אחת בכור בעל מום שנותן לכהן מובשרם יהיה לך נפקא לשון רבים משמע אחד תם ואחד בעל מום:", 
                "ואידך - ובשרם לא משמע אלא תמימים והא דנקט לשון רבים דאבכורות דכולהו ישראל קאי:"
            ], 
            "links": [
                {
                    "category": "Talmud", 
                    "sourceHeRef": "בכורות כ״ח א:י׳", 
                    "sourceRef": "Bekhorot 28a:10", 
                    "ref": "Bekhorot 28a:10"
                }, 
                {
                    "category": "Talmud", 
                    "sourceHeRef": "בכורות כ״ח א:י׳", 
                    "sourceRef": "Bekhorot 28a:10", 
                    "ref": "Bekhorot 28a:10"
                }
            ], 
            "text": ""
        }, 
        {
            "segmentNumber": "11", 
            "he": [], 
            "links": [], 
            "text": ""
        }, 
        {
            "segmentNumber": "12", 
            "he": [], 
            "links": [], 
            "text": ""
        }, 
        {
            "segmentNumber": "13", 
            "he": [], 
            "links": [], 
            "text": ""
        }, 
        {
            "segmentNumber": "14", 
            "he": [], 
            "links": [], 
            "text": ""
        }, 
        {
            "segmentNumber": "15", 
            "he": [], 
            "links": [], 
            "text": ""
        }, 
        {
            "segmentNumber": "16", 
            "he": [], 
            "links": [], 
            "text": ""
        }, 
        {
            "segmentNumber": "17", 
            "he": [
                "ולאחר שנתו נמי שלשים יום - אף על גב דמום בתוך שנתו נולד טובא:", 
                "כל י\"ב חדש - עד שיהו לו שנים עשר חדש משנולד:"
            ], 
            "links": [
                {
                    "category": "Talmud", 
                    "sourceHeRef": "בכורות כ״ח א:י״ז", 
                    "sourceRef": "Bekhorot 28a:17", 
                    "ref": "Bekhorot 28a:17"
                }, 
                {
                    "category": "Talmud", 
                    "sourceHeRef": "בכורות כ״ח א:י״ז", 
                    "sourceRef": "Bekhorot 28a:17", 
                    "ref": "Bekhorot 28a:17"
                }
            ], 
            "text": ""
        }, 
        {
            "segmentNumber": "18", 
            "he": [
                "או דלמא קודם שנתו - כלומר אם נולד מום קודם שנתו נמי קאמר דלאחר שנתו שלשים יום:"
            ], 
            "links": [
                {
                    "category": "Talmud", 
                    "sourceHeRef": "בכורות כ״ח א:י״ח", 
                    "sourceRef": "Bekhorot 28a:18", 
                    "ref": "Bekhorot 28a:18"
                }
            ], 
            "text": ""
        }, 
        {
            "segmentNumber": "19", 
            "he": [
                "היכא דנולד בו מום - לאחר שנתו רשאי לקיימו שלשים יום משנולד המום דלאחר שנתו דמתני' ה\"ק ואם לאחר שנתו נולד המום יקיימנו שלשים יום:"
            ], 
            "links": [
                {
                    "category": "Talmud", 
                    "sourceHeRef": "בכורות כ״ח א:י״ט", 
                    "sourceRef": "Bekhorot 28a:19", 
                    "ref": "Bekhorot 28a:19"
                }
            ], 
            "text": ""
        }, 
        {
            "segmentNumber": "20", 
            "he": [], 
            "links": [], 
            "text": ""
        }, 
        {
            "segmentNumber": "21", 
            "he": [
                "בזמן הזה - שאין תם ראוי לכלום:", 
                "עד שלא נראה להראותו לחכם - שלא נפל בו מום אחר שנתו:"
            ], 
            "links": [
                {
                    "category": "Talmud", 
                    "sourceHeRef": "בכורות כ״ח א:כ״א", 
                    "sourceRef": "Bekhorot 28a:21", 
                    "ref": "Bekhorot 28a:21"
                }, 
                {
                    "category": "Talmud", 
                    "sourceHeRef": "בכורות כ״ח א:כ״א", 
                    "sourceRef": "Bekhorot 28a:21", 
                    "ref": "Bekhorot 28a:21"
                }
            ], 
            "text": ""
        }, 
        {
            "segmentNumber": "22", 
            "he": [
                "אינו רשאי לקיימו אפילו יום אחד - וקס\"ד אנולד בו מום בתוך שנתו קאי וקתני אבל מפני השבת אבידה לבעלים דהיינו כהן דשמא אם ביד ישראל הוי האי בכור לא משכח כהן למיתבי ליה ואי שחיט ליה יסריח הבשר אמרו רשאי לקיימו ל' יום ואי לא משכח כהן שוחטו ומולחו עד שימצא כהן אלמא ל' יום דקאמר אנולד מום בתוך שנתו קאי:"
            ], 
            "links": [
                {
                    "category": "Talmud", 
                    "sourceHeRef": "בכורות כ״ח א:כ״ב", 
                    "sourceRef": "Bekhorot 28a:22", 
                    "ref": "Bekhorot 28a:22"
                }
            ], 
            "text": ""
        }, 
        {
            "segmentNumber": "23", 
            "he": [], 
            "links": [], 
            "text": ""
        }, 
        {
            "segmentNumber": "24", 
            "he": [
                "עדיין תיבעי - דברייתא גופה איכא לספוקא דאיכא למימר הא דקתני לאחר שנתו אין רשאי לקיימו כו' הכי קאמר נולד בו לאחר שנתו אין רשאי לקיימו כו' ועלה קאי אבל מפני השבת אבידה כו':"
            ], 
            "links": [
                {
                    "category": "Talmud", 
                    "sourceHeRef": "בכורות כ״ח א:כ״ד", 
                    "sourceRef": "Bekhorot 28a:24", 
                    "ref": "Bekhorot 28a:24"
                }
            ], 
            "text": ""
        }, 
        {
            "segmentNumber": "25", 
            "he": [], 
            "links": [], 
            "text": ""
        }, 
        {
            "segmentNumber": "26", 
            "he": [], 
            "links": [], 
            "text": ""
        }, 
        {
            "segmentNumber": "27", 
            "he": [
                "משלימין לו ט\"ו אחר שנתו - אלמא ל' יום דקתני מתני' אנולד בו מום לאחר שנתו קאי דאי נולד המום בתוך שנתו אפילו יום אחד ליכא למימר דניתב ליה אחר שנתו שלשים יום דלית ליה אלא השלמה כדקתני בברייתא ושמעינן מינה דאי בתוך שנתו נולד המום חדש או חדשים רשאי לקיימו עד שנתו דהא כתיב שנה ואי לאחר שנה נולד מום או קרוב לסיום שנתו יהבינן ליה שלשים יום משנולד המום:"
            ], 
            "links": [
                {
                    "category": "Talmud", 
                    "sourceHeRef": "בכורות כ״ח א:כ״ז", 
                    "sourceRef": "Bekhorot 28a:27", 
                    "ref": "Bekhorot 28a:27"
                }
            ], 
            "text": ""
        }, 
        {
            "segmentNumber": "28", 
            "he": [], 
            "links": [], 
            "text": ""
        }, 
        {
            "segmentNumber": "29", 
            "he": [
                "נותנין לו שלשים יום - אם נולד מום אחר שנתו:"
            ], 
            "links": [
                {
                    "category": "Talmud", 
                    "sourceHeRef": "בכורות כ״ח א:כ״ט", 
                    "sourceRef": "Bekhorot 28a:29", 
                    "ref": "Bekhorot 28a:29"
                }
            ], 
            "text": ""
        }, 
        {
            "segmentNumber": "30", 
            "he": [], 
            "links": [], 
            "text": ""
        }, 
        {
            "segmentNumber": "31", 
            "he": [], 
            "links": [], 
            "text": ""
        }, 
        {
            "segmentNumber": "32", 
            "he": [], 
            "links": [], 
            "text": ""
        }, 
        {
            "segmentNumber": "33", 
            "he": [
                "שנה בשנה - שתי שנים משמע. שלשים יום בשנה חשובין שנה לדברי הכל בפירקא קמא דראש השנה (דף י:):"
            ], 
            "links": [
                {
                    "category": "Talmud", 
                    "sourceHeRef": "בכורות כ״ח א:ל״ג", 
                    "sourceRef": "Bekhorot 28a:33", 
                    "ref": "Bekhorot 28a:33"
                }
            ], 
            "text": ""
        }, 
        {
            "segmentNumber": "34", 
            "he": [], 
            "links": [], 
            "text": ""
        }, 
        {
            "segmentNumber": "35", 
            "he": [], 
            "links": [], 
            "text": ""
        }, 
        {
            "segmentNumber": "36", 
            "he": [
                "השלמה אין מיהבא לא - מיהבא שלשים יום שלימים לא יהבינן:"
            ], 
            "links": [
                {
                    "category": "Talmud", 
                    "sourceHeRef": "בכורות כ״ח א:ל״ו", 
                    "sourceRef": "Bekhorot 28a:36", 
                    "ref": "Bekhorot 28a:36"
                }
            ], 
            "text": ""
        }, 
        {
            "segmentNumber": "37", 
            "he": [], 
            "links": [], 
            "text": ""
        }, 
        {
            "segmentNumber": "38", 
            "he": [
                "מתני' והראה מומו - לאחר שחיטה ונמצא קבוע:"
            ], 
            "links": [
                {
                    "category": "Talmud", 
                    "sourceHeRef": "בכורות כ״ח א:ל״ח", 
                    "sourceRef": "Bekhorot 28a:38", 
                    "ref": "Bekhorot 28a:38"
                }
            ], 
            "text": ""
        }, 
        {
            "segmentNumber": "39", 
            "he": [], 
            "links": [], 
            "text": ""
        }, 
        {
            "segmentNumber": "40", 
            "he": [], 
            "links": [], 
            "text": ""
        }, 
        {
            "segmentNumber": "41", 
            "he": [], 
            "links": [], 
            "text": ""
        }, 
        {
            "segmentNumber": "42", 
            "he": [], 
            "links": [], 
            "text": ""
        }, 
        {
            "segmentNumber": "43", 
            "he": [], 
            "links": [], 
            "text": ""
        }, 
        {
            "segmentNumber": "44", 
            "he": [], 
            "links": [], 
            "text": ""
        }, 
        {
            "segmentNumber": "45", 
            "he": [
                "גמ' דוקין - טייל\"א כמו הנוטה כדוק שמים (ישעיהו מ):"
            ], 
            "links": [
                {
                    "category": "Talmud", 
                    "sourceHeRef": "בכורות כ״ח א:מ״ה", 
                    "sourceRef": "Bekhorot 28a:45", 
                    "ref": "Bekhorot 28a:45"
                }, 
                {
                    "category": "Tanach", 
                    "sourceHeRef": "ישעיהו מ׳", 
                    "sourceRef": "Isaiah 40", 
                    "ref": "Isaiah 40"
                }
            ], 
            "text": ""
        }, 
        {
            "segmentNumber": "46", 
            "he": [], 
            "links": [], 
            "text": ""
        }, 
        {
            "segmentNumber": "47", 
            "he": [], 
            "links": [], 
            "text": ""
        }, 
        {
            "segmentNumber": "48", 
            "he": [], 
            "links": [], 
            "text": ""
        }, 
        {
            "segmentNumber": "49", 
            "he": [
                "משתנין - מפני צער מיתה משתנה העין ואף על גב דהשתא מיתחזי קבוע אי הוה חזי ליה מחיים הוה מיתחזי עובר:", 
                "שבגוף - כגון נסדקה אזנו:"
            ], 
            "links": [
                {
                    "category": "Talmud", 
                    "sourceHeRef": "בכורות כ״ח א:מ״ט", 
                    "sourceRef": "Bekhorot 28a:49", 
                    "ref": "Bekhorot 28a:49"
                }, 
                {
                    "category": "Talmud", 
                    "sourceHeRef": "בכורות כ״ח א:מ״ט", 
                    "sourceRef": "Bekhorot 28a:49", 
                    "ref": "Bekhorot 28a:49"
                }
            ], 
            "text": ""
        }, 
        {
            "segmentNumber": "50", 
            "he": [], 
            "links": [], 
            "text": ""
        }, 
        {
            "segmentNumber": "51", 
            "he": [], 
            "links": [], 
            "text": ""
        }, 
        {
            "segmentNumber": "52", 
            "he": [], 
            "links": [], 
            "text": ""
        }, 
        {
            "segmentNumber": "53", 
            "he": [], 
            "links": [], 
            "text": ""
        }, 
        {
            "segmentNumber": "54", 
            "he": [], 
            "links": [], 
            "text": ""
        }, 
        {
            "segmentNumber": "55", 
            "he": [
                "מפני המשתנין - כלומר מפני דוקין שבעין שמשתנין גזירה למומין שבגוף אף על פי שאין משתנין:"
            ], 
            "links": [
                {
                    "category": "Talmud", 
                    "sourceHeRef": "בכורות כ״ח א:נ״ה", 
                    "sourceRef": "Bekhorot 28a:55", 
                    "ref": "Bekhorot 28a:55"
                }
            ], 
            "text": ""
        }, 
        {
            "segmentNumber": "56", 
            "he": [], 
            "links": [], 
            "text": ""
        }
    ], 
    "commentaryBook": "Bekhorot", 
    "heRef": "רש\"י על בכורות כ״ח א", 
    "toSections": [
        "28a"
    ], 
    "sectionRef": "Rashi on Bekhorot 28a", 
    "title": "Rashi on Bekhorot 28a", 
    "lengths": [
        119, 
        6174
    ], 
    "next": "Rashi on Bekhorot 28b:1", 
    "heBook": "רש\"י על בכורות", 
    "book": "Rashi on Bekhorot", 
    "prev": "Rashi on Bekhorot 27b:23", 
    "textDepth": 3, 
    "sectionNames": [
        "Daf", 
        "Line", 
        "Comment"
    ], 
    "sections": [
        "28a"
    ], 
    "commentator": "Rashi", 
    "isComplex": false, 
    "commentaryCategories": [
        "Talmud", 
        "Bavli", 
        "Seder Kodashim"
    ], 
    "titleVariants": [
        "Rashi on Bekhorot", 
        "Rashi on Masekhet Bekhorot", 
        "Rashi on Tractate Bekhorot", 
        "Rashi on Talmud Bekhorot"
    ], 
    "categories": [
        "Commentary", 
        "Talmud", 
        "Rashi"
    ], 
    "ref": "Rashi on Bekhorot 28a", 
    "type": "Commentary", 
    "addressTypes": [
        "Talmud", 
        "Integer", 
        "Integer"
    ], 
    "heCommentator": "רש\"י", 
    "length": 119, 
    "indexTitle": "Rashi on Bekhorot", 
    "heIndexTitle": "רש\"י על בכורות", 
    "alts": [], 
    "order": [
        31, 
        4
    ]
}