{
    "heTitleVariants": [
        "רש\"י על בכורות"
    ], 
    "heTitle": "רש\"י על בכורות א׳ א", 
    "content": [], 
    "commentaryBook": "Bekhorot", 
    "heRef": "רש\"י על בכורות א׳ א", 
    "toSections": [
        "1a"
    ], 
    "sectionRef": "Rashi on Bekhorot 1a", 
    "title": "Rashi on Bekhorot 1a", 
    "lengths": [
        119, 
        6174
    ], 
    "next": "Rashi on Bekhorot 2a:1", 
    "heBook": "רש\"י על בכורות", 
    "book": "Rashi on Bekhorot", 
    "prev": null, 
    "textDepth": 3, 
    "sectionNames": [
        "Daf", 
        "Line", 
        "Comment"
    ], 
    "sections": [
        "1a"
    ], 
    "commentator": "Rashi", 
    "isComplex": false, 
    "commentaryCategories": [
        "Talmud", 
        "Bavli", 
        "Seder Kodashim"
    ], 
    "titleVariants": [
        "Rashi on Bekhorot", 
        "Rashi on Masekhet Bekhorot", 
        "Rashi on Tractate Bekhorot", 
        "Rashi on Talmud Bekhorot"
    ], 
    "categories": [
        "Commentary", 
        "Talmud", 
        "Rashi"
    ], 
    "ref": "Rashi on Bekhorot 1a", 
    "type": "Commentary", 
    "addressTypes": [
        "Talmud", 
        "Integer", 
        "Integer"
    ], 
    "heCommentator": "רש\"י", 
    "length": 119, 
    "indexTitle": "Rashi on Bekhorot", 
    "heIndexTitle": "רש\"י על בכורות", 
    "alts": [], 
    "order": [
        31, 
        4
    ]
}