{
    "heTitleVariants": [
        "רש\"י על בכורות"
    ], 
    "heTitle": "רש\"י על בכורות כ״ה א", 
    "content": [
        {
            "segmentNumber": "1", 
            "he": [
                "מותר - משום דטעמא שאין מתכוין הוא:"
            ], 
            "links": [
                {
                    "category": "Talmud", 
                    "sourceHeRef": "בכורות כ״ה א:א׳", 
                    "index_title": "Bekhorot", 
                    "sourceRef": "Bekhorot 25a:1"
                }
            ], 
            "text": ""
        }, 
        {
            "segmentNumber": "2", 
            "he": [], 
            "links": [], 
            "text": ""
        }, 
        {
            "segmentNumber": "3", 
            "he": [], 
            "links": [], 
            "text": ""
        }, 
        {
            "segmentNumber": "4", 
            "he": [
                "מסוכריא דנזייתא - ברזא של חבית שכורכין סביבותיה נעורת ומטלניות כדי שתסתום הנקב יפה:", 
                "אסור להדוקיה - בתוך החבית בכח משום סחיטה ואע\"ג דאינו מתכוין לשום סחיטה אסור אפי' לר\"ש דאמר במסכת שבת (דף מא:) דבר שאין מתכוין מותר:"
            ], 
            "links": [
                {
                    "category": "Talmud", 
                    "sourceHeRef": "בכורות כ״ה א:ד׳", 
                    "index_title": "Bekhorot", 
                    "sourceRef": "Bekhorot 25a:4"
                }, 
                {
                    "category": "Talmud", 
                    "sourceHeRef": "בכורות כ״ה א:ד׳", 
                    "index_title": "Bekhorot", 
                    "sourceRef": "Bekhorot 25a:4"
                }
            ], 
            "text": ""
        }, 
        {
            "segmentNumber": "5", 
            "he": [], 
            "links": [], 
            "text": ""
        }, 
        {
            "segmentNumber": "6", 
            "he": [
                "ולא ימות - וכיון דמהדק לה לא אפשר לה בלא סחיטה אבל לפנות את השער אפשר בלא תלישה:"
            ], 
            "links": [
                {
                    "category": "Talmud", 
                    "sourceHeRef": "בכורות כ״ה א:ו׳", 
                    "index_title": "Bekhorot", 
                    "sourceRef": "Bekhorot 25a:6"
                }
            ], 
            "text": ""
        }, 
        {
            "segmentNumber": "7", 
            "he": [], 
            "links": [], 
            "text": ""
        }, 
        {
            "segmentNumber": "8", 
            "he": [
                "הלכה כר' יהודה - אלמא ס\"ל לרב דבר שאין מתכוין אסור:"
            ], 
            "links": [
                {
                    "category": "Talmud", 
                    "sourceHeRef": "בכורות כ״ה א:ח׳", 
                    "index_title": "Bekhorot", 
                    "sourceRef": "Bekhorot 25a:8"
                }
            ], 
            "text": ""
        }, 
        {
            "segmentNumber": "9", 
            "he": [], 
            "links": [], 
            "text": ""
        }, 
        {
            "segmentNumber": "10", 
            "he": [
                "בלא גברי - בלא רב חייא ורב חנן:"
            ], 
            "links": [
                {
                    "category": "Talmud", 
                    "sourceHeRef": "בכורות כ״ה א:י׳", 
                    "index_title": "Bekhorot", 
                    "sourceRef": "Bekhorot 25a:10"
                }
            ], 
            "text": ""
        }, 
        {
            "segmentNumber": "11", 
            "he": [], 
            "links": [], 
            "text": ""
        }, 
        {
            "segmentNumber": "12", 
            "he": [], 
            "links": [], 
            "text": ""
        }, 
        {
            "segmentNumber": "13", 
            "he": [
                "ותולש לאו היינו גוזז - להכי אמר רב הלכה כר' יוסי בבכור:"
            ], 
            "links": [
                {
                    "category": "Talmud", 
                    "sourceHeRef": "בכורות כ״ה א:י״ג", 
                    "index_title": "Bekhorot", 
                    "sourceRef": "Bekhorot 25a:13"
                }
            ], 
            "text": ""
        }, 
        {
            "segmentNumber": "14", 
            "he": [
                "כלאחר יד - דאין דרך לתלוש צמר אלא לגזוז:"
            ], 
            "links": [
                {
                    "category": "Talmud", 
                    "sourceHeRef": "בכורות כ״ה א:י״ד", 
                    "index_title": "Bekhorot", 
                    "sourceRef": "Bekhorot 25a:14"
                }
            ], 
            "text": ""
        }, 
        {
            "segmentNumber": "15", 
            "he": [], 
            "links": [], 
            "text": ""
        }, 
        {
            "segmentNumber": "16", 
            "he": [], 
            "links": [], 
            "text": ""
        }, 
        {
            "segmentNumber": "17", 
            "he": [
                "התולש את הכנף - שתולש נוצה גדולה מן כנף העוף:", 
                "והקוטמו - לאחר שתלשו קטם ראשו:", 
                "והמורטו - שמחליקה מן הצדדין ומורט מן הקנה השער:"
            ], 
            "links": [
                {
                    "category": "Talmud", 
                    "sourceHeRef": "בכורות כ״ה א:י״ז", 
                    "index_title": "Bekhorot", 
                    "sourceRef": "Bekhorot 25a:17"
                }, 
                {
                    "category": "Talmud", 
                    "sourceHeRef": "בכורות כ״ה א:י״ז", 
                    "index_title": "Bekhorot", 
                    "sourceRef": "Bekhorot 25a:17"
                }, 
                {
                    "category": "Talmud", 
                    "sourceHeRef": "בכורות כ״ה א:י״ז", 
                    "index_title": "Bekhorot", 
                    "sourceRef": "Bekhorot 25a:17"
                }
            ], 
            "text": ""
        }, 
        {
            "segmentNumber": "18", 
            "he": [], 
            "links": [], 
            "text": ""
        }, 
        {
            "segmentNumber": "19", 
            "he": [
                "גוזז ומחתך וממחק מארבעים אבות מלאכות במסכת שבת (דף עג.) ממחק מחליק:"
            ], 
            "links": [
                {
                    "category": "Talmud", 
                    "sourceHeRef": "בכורות כ״ה א:י״ט", 
                    "index_title": "Bekhorot", 
                    "sourceRef": "Bekhorot 25a:19"
                }
            ], 
            "text": ""
        }, 
        {
            "segmentNumber": "20", 
            "he": [
                "דהיינו אורחיה - שדרך נוצת עוף לתלוש ולא לגזזה:"
            ], 
            "links": [
                {
                    "category": "Talmud", 
                    "sourceHeRef": "בכורות כ״ה א:כ׳", 
                    "index_title": "Bekhorot", 
                    "sourceRef": "Bekhorot 25a:20"
                }
            ], 
            "text": ""
        }, 
        {
            "segmentNumber": "21", 
            "he": [
                "מדרב ס\"ל כדרבי יוסי - לגבי בכור דתולש לאו היינו גוזז:", 
                "ר' יוסי נמי סבר לה כרב - דדבר שאין מתכוין אסור:"
            ], 
            "links": [
                {
                    "category": "Talmud", 
                    "sourceHeRef": "בכורות כ״ה א:כ״א", 
                    "index_title": "Bekhorot", 
                    "sourceRef": "Bekhorot 25a:21"
                }, 
                {
                    "category": "Talmud", 
                    "sourceHeRef": "בכורות כ״ה א:כ״א", 
                    "index_title": "Bekhorot", 
                    "sourceRef": "Bekhorot 25a:21"
                }
            ], 
            "text": ""
        }, 
        {
            "segmentNumber": "22", 
            "he": [], 
            "links": [], 
            "text": ""
        }, 
        {
            "segmentNumber": "23", 
            "he": [], 
            "links": [], 
            "text": ""
        }, 
        {
            "segmentNumber": "24", 
            "he": [
                "ה\"ג עיקרן מאדים וראשן משחיר - וכן בתוספ' דמס' פרה (פ\"ב ה\"ד):"
            ], 
            "links": [
                {
                    "category": "Talmud", 
                    "sourceHeRef": "בכורות כ״ה א:כ״ד", 
                    "index_title": "Bekhorot", 
                    "sourceRef": "Bekhorot 25a:24"
                }
            ], 
            "text": ""
        }, 
        {
            "segmentNumber": "25", 
            "he": [
                "גוזז - את הראש שמשחיר במספרים ומשייר מן המאדים ואילך ואינו חושש משום גיזה בקדשים אלמא משום דאין מתכוין לשום גיזה אלא לתקן שרי. שתי שערות שכולן שחורות פוסלות בפרה לגמרי אבל עיקרן מאדים וראשן משחיר אפשר בתקנה:"
            ], 
            "links": [
                {
                    "category": "Talmud", 
                    "sourceHeRef": "בכורות כ״ה א:כ״ה", 
                    "index_title": "Bekhorot", 
                    "sourceRef": "Bekhorot 25a:25"
                }
            ], 
            "text": ""
        }, 
        {
            "segmentNumber": "26", 
            "he": [
                "דלאו בת גיזה - שאין לפרות צמר הלכך לא אסירא בגיזה:"
            ], 
            "links": [
                {
                    "category": "Talmud", 
                    "sourceHeRef": "בכורות כ״ה א:כ״ו", 
                    "index_title": "Bekhorot", 
                    "sourceRef": "Bekhorot 25a:26"
                }
            ], 
            "text": ""
        }, 
        {
            "segmentNumber": "27", 
            "he": [], 
            "links": [], 
            "text": ""
        }, 
        {
            "segmentNumber": "28", 
            "he": [], 
            "links": [], 
            "text": ""
        }, 
        {
            "segmentNumber": "29", 
            "he": [], 
            "links": [], 
            "text": ""
        }, 
        {
            "segmentNumber": "30", 
            "he": [], 
            "links": [], 
            "text": ""
        }, 
        {
            "segmentNumber": "31", 
            "he": [
                "לא תעבוד ולא תגוז - וי\"ו מוסף על ענין ראשון וילמדו שניהם זה מזה:"
            ], 
            "links": [
                {
                    "category": "Talmud", 
                    "sourceHeRef": "בכורות כ״ה א:ל״א", 
                    "index_title": "Bekhorot", 
                    "sourceRef": "Bekhorot 25a:31"
                }
            ], 
            "text": ""
        }, 
        {
            "segmentNumber": "32", 
            "he": [
                "דקדשי בדק הבית היא - (ויש לה) דהא אינה קריבה למזבח הלכך מותרת בגיזה:"
            ], 
            "links": [
                {
                    "category": "Talmud", 
                    "sourceHeRef": "בכורות כ״ה א:ל״ב", 
                    "index_title": "Bekhorot", 
                    "sourceRef": "Bekhorot 25a:32"
                }
            ], 
            "text": ""
        }, 
        {
            "segmentNumber": "33", 
            "he": [], 
            "links": [], 
            "text": ""
        }, 
        {
            "segmentNumber": "34", 
            "he": [], 
            "links": [], 
            "text": ""
        }, 
        {
            "segmentNumber": "35", 
            "he": [], 
            "links": [], 
            "text": ""
        }, 
        {
            "segmentNumber": "36", 
            "he": [], 
            "links": [], 
            "text": ""
        }, 
        {
            "segmentNumber": "37", 
            "he": [
                "דלא שכיחא - ומילתא דלא שכיחא לא גזרו רבנן:"
            ], 
            "links": [
                {
                    "category": "Talmud", 
                    "sourceHeRef": "בכורות כ״ה א:ל״ז", 
                    "index_title": "Bekhorot", 
                    "sourceRef": "Bekhorot 25a:37"
                }
            ], 
            "text": ""
        }, 
        {
            "segmentNumber": "38", 
            "he": [], 
            "links": [], 
            "text": ""
        }, 
        {
            "segmentNumber": "39", 
            "he": [
                "דמיה יקרים - ואין דמיה כל כך מזומנים לחללה עליהן:"
            ], 
            "links": [
                {
                    "category": "Talmud", 
                    "sourceHeRef": "בכורות כ״ה א:ל״ט", 
                    "index_title": "Bekhorot", 
                    "sourceRef": "Bekhorot 25a:39"
                }
            ], 
            "text": ""
        }, 
        {
            "segmentNumber": "40", 
            "he": [], 
            "links": [], 
            "text": ""
        }, 
        {
            "segmentNumber": "41", 
            "he": [], 
            "links": [], 
            "text": ""
        }, 
        {
            "segmentNumber": "42", 
            "he": [], 
            "links": [], 
            "text": ""
        }, 
        {
            "segmentNumber": "43", 
            "he": [], 
            "links": [], 
            "text": ""
        }, 
        {
            "segmentNumber": "44", 
            "he": [], 
            "links": [], 
            "text": ""
        }, 
        {
            "segmentNumber": "45", 
            "he": [], 
            "links": [], 
            "text": ""
        }, 
        {
            "segmentNumber": "46", 
            "he": [], 
            "links": [], 
            "text": ""
        }, 
        {
            "segmentNumber": "47", 
            "he": [], 
            "links": [], 
            "text": ""
        }, 
        {
            "segmentNumber": "48", 
            "he": [], 
            "links": [], 
            "text": ""
        }, 
        {
            "segmentNumber": "49", 
            "he": [], 
            "links": [], 
            "text": ""
        }, 
        {
            "segmentNumber": "50", 
            "he": [], 
            "links": [], 
            "text": ""
        }, 
        {
            "segmentNumber": "51", 
            "he": [
                "לקופיץ - לצורך הקופיץ:"
            ], 
            "links": [
                {
                    "category": "Talmud", 
                    "sourceHeRef": "בכורות כ״ה א:נ״א", 
                    "index_title": "Bekhorot", 
                    "sourceRef": "Bekhorot 25a:51"
                }
            ], 
            "text": ""
        }, 
        {
            "segmentNumber": "52", 
            "he": [], 
            "links": [], 
            "text": ""
        }, 
        {
            "segmentNumber": "53", 
            "he": [], 
            "links": [], 
            "text": ""
        }, 
        {
            "segmentNumber": "54", 
            "he": [
                "לכתחלה - קאמר והאי וכן אתולש קאי דכי היכי דמותר לתלוש לצורך השחיטה דהא פשיטא לך דרישא לכתחלה קאמר הכי נמי לראות מקום המום או דיעבד קאמר והאי וכן אלא יזיזנו קאי והכי קאמר וכן מי שתלש את השער לראות את מקום המום נמי לא יזיזנו ממקומו:"
            ], 
            "links": [
                {
                    "category": "Talmud", 
                    "sourceHeRef": "בכורות כ״ה א:נ״ד", 
                    "index_title": "Bekhorot", 
                    "sourceRef": "Bekhorot 25a:54"
                }
            ], 
            "text": ""
        }, 
        {
            "segmentNumber": "55", 
            "he": [], 
            "links": [], 
            "text": ""
        }, 
        {
            "segmentNumber": "56", 
            "he": [
                "המסובך באוזן - ובאוזן היה מום:"
            ], 
            "links": [
                {
                    "category": "Talmud", 
                    "sourceHeRef": "בכורות כ״ה א:נ״ו", 
                    "index_title": "Bekhorot", 
                    "sourceRef": "Bekhorot 25a:56"
                }
            ], 
            "text": ""
        }, 
        {
            "segmentNumber": "57", 
            "he": [], 
            "links": [], 
            "text": ""
        }, 
        {
            "segmentNumber": "58", 
            "he": [], 
            "links": [], 
            "text": ""
        }, 
        {
            "segmentNumber": "59", 
            "he": [], 
            "links": [], 
            "text": ""
        }, 
        {
            "segmentNumber": "60", 
            "he": [], 
            "links": [], 
            "text": ""
        }, 
        {
            "segmentNumber": "61", 
            "he": [], 
            "links": [], 
            "text": ""
        }, 
        {
            "segmentNumber": "62", 
            "he": [], 
            "links": [], 
            "text": ""
        }, 
        {
            "segmentNumber": "63", 
            "he": [
                "דשחיטתו מוכחת עליו - דלאו לגיזה איכוון:"
            ], 
            "links": [
                {
                    "category": "Talmud", 
                    "sourceHeRef": "בכורות כ״ה א:ס״ג", 
                    "index_title": "Bekhorot", 
                    "sourceRef": "Bekhorot 25a:63"
                }
            ], 
            "text": ""
        }, 
        {
            "segmentNumber": "64", 
            "he": [
                "אלא לאו אתולש - ולכתחלה קאמר:"
            ], 
            "links": [
                {
                    "category": "Talmud", 
                    "sourceHeRef": "בכורות כ״ה א:ס״ד", 
                    "index_title": "Bekhorot", 
                    "sourceRef": "Bekhorot 25a:64"
                }
            ], 
            "text": ""
        }, 
        {
            "segmentNumber": "65", 
            "he": [], 
            "links": [], 
            "text": ""
        }, 
        {
            "segmentNumber": "66", 
            "he": [
                "מתני' מתיר - את הצמר בהנאה לכהן:"
            ], 
            "links": [
                {
                    "category": "Talmud", 
                    "sourceHeRef": "בכורות כ״ה א:ס״ו", 
                    "index_title": "Bekhorot", 
                    "sourceRef": "Bekhorot 25a:66"
                }
            ], 
            "text": ""
        }
    ], 
    "commentaryBook": "Bekhorot", 
    "heRef": "רש\"י על בכורות כ״ה א", 
    "toSections": [
        "25a"
    ], 
    "sectionRef": "Rashi on Bekhorot 25a", 
    "title": "Rashi on Bekhorot 25a", 
    "lengths": [
        119, 
        6174
    ], 
    "next": "Rashi on Bekhorot 25b:1", 
    "heBook": "רש\"י על בכורות", 
    "book": "Rashi on Bekhorot", 
    "prev": "Rashi on Bekhorot 24b:23", 
    "textDepth": 3, 
    "sectionNames": [
        "Daf", 
        "Line", 
        "Comment"
    ], 
    "sections": [
        "25a"
    ], 
    "commentator": "Rashi", 
    "isComplex": false, 
    "commentaryCategories": [
        "Talmud", 
        "Bavli", 
        "Seder Kodashim"
    ], 
    "titleVariants": [
        "Rashi on Bekhorot", 
        "Rashi on Masekhet Bekhorot", 
        "Rashi on Bechorot", 
        "Rashi on Tractate Bekhorot", 
        "Rashi on Talmud Bekhorot"
    ], 
    "categories": [
        "Commentary", 
        "Talmud", 
        "Rashi"
    ], 
    "ref": "Rashi on Bekhorot 25a", 
    "type": "Commentary", 
    "addressTypes": [
        "Talmud", 
        "Integer", 
        "Integer"
    ], 
    "heCommentator": "רש\"י", 
    "length": 119, 
    "indexTitle": "Rashi on Bekhorot", 
    "heIndexTitle": "רש\"י על בכורות", 
    "alts": [], 
    "order": [
        31, 
        4
    ]
}