{
    "heTitleVariants": [
        "מלבי\"ם על שמואל ב'", 
        "מלבי\"ם על ש\"ב", 
        "מלבי\"ם על שמואל ב", 
        "מלבי\"ם על ש״ב", 
        "מלבי\"ם על שמואל ב׳"
    ], 
    "heTitle": "מלבי\"ם על שמואל ב", 
    "commentaryBook": "II Samuel", 
    "heRef": "מלבי\"ם על שמואל ב ט״ז", 
    "toSections": [
        16
    ], 
    "sectionRef": "Malbim on II Samuel 16", 
    "title": "Malbim on II Samuel 16", 
    "lengths": [
        24, 
        695
    ], 
    "next": "Malbim on II Samuel 17:1", 
    "content": [
        {
            "segmentNumber": "1", 
            "he": [], 
            "links": [], 
            "text": ""
        }, 
        {
            "segmentNumber": "2", 
            "he": [], 
            "links": [], 
            "text": ""
        }, 
        {
            "segmentNumber": "3", 
            "he": [
                "<b>השאלות: </b> איך האמין דוד לדברי ציבא ולא עלה על לבו כי לשונו כתער מלוטש עושה רמיה : ", 
                "<b>ואיה בן אדוניך, </b> מבואר כי מה שלא נמצא איש מכל עשירי ירושלים יוביל למלך שי סוס לרכוב עליו וצידה לדרך, רק ציבא העבד, הוא כי הבורחים מהרו לברוח, והנשארים בעיר היו מתיראים להראות שהם אוהבי דוד והתומכים בידו, רק העבד הזה המלשין על אדוניו, חשב להפיל את אדונו ממ''נ, לפני דוד הגיד כי הוא הנותן כל זאת, ולפני אבשלום היה יכול לאמר שאדוניו שלח אותו וצוה לו להוביל החמורים והלחם, ודוד שחשב תחלה שציבא הביא זאת על פי פקודת אדוניו, התפלא איך לא התירא להשאר בירושלים, אחר ששלח כזאת, שכשיודע זאת לאבשלום יהרגנו, והשיב ציבא שהוא הביא זאת מעצמו, ", 
                "<b>ומפיבושת יושב בירושלם, </b> רצה לומר לא הלך לא להקביל פני אבשלום, ולא לברוח עם דוד, כי חושב שאחר שיהרוג אבשלום את אביו ידינוהו ישראל כבן סורר ומורה, ותשוב המלכות לבית שאול, והנה לא היה לו לדוד לקבל דברי העבד, ונענש תיכף שיצא שמעי לקללו :\n"
            ], 
            "links": [
                {
                    "category": "Tanakh", 
                    "sourceHeRef": "שמואל ב ט״ז:ג׳", 
                    "index_title": "II Samuel", 
                    "sourceRef": "II Samuel 16:3"
                }, 
                {
                    "category": "Tanakh", 
                    "sourceHeRef": "שמואל ב ט״ז:ג׳", 
                    "index_title": "II Samuel", 
                    "sourceRef": "II Samuel 16:3"
                }, 
                {
                    "category": "Tanakh", 
                    "sourceHeRef": "שמואל ב ט״ז:ג׳", 
                    "index_title": "II Samuel", 
                    "sourceRef": "II Samuel 16:3"
                }
            ], 
            "text": ""
        }, 
        {
            "segmentNumber": "4", 
            "he": [], 
            "links": [], 
            "text": ""
        }, 
        {
            "segmentNumber": "5", 
            "he": [
                "<b>ובא</b> וכו' ", 
                "<b>והנה משם איש יוצא, </b> הנה ראה כי ערבה שמש הצלחתו, שעד בחורים לא יצא איש לקבל פניו, או לנחמו, עד שבא לבחורים, משם יצא איש, זה הפעם הראשון, אבל לא לנחמו רק לקללו, והנה עדיין לא הגיע לבחורים (שלכן אמר ובא ולא ויבא, שכבר בארתי בכללי הלשון שיש הבדל בין העתיד המהופך לעבר על ידי הוי''ו שהוא עבר הנשלם, ובין אם בא עם הוי''ו עבר ממש, שהוא עבר הבלתי נשלם, ופירושו שהיה מוכן לבא הולך ובא לשם) והאיש יצא לנגדו, ותכף בצאתו מן העיר התחיל לקלל :\n"
            ], 
            "links": [
                {
                    "category": "Tanakh", 
                    "sourceHeRef": "שמואל ב ט״ז:ה׳", 
                    "index_title": "II Samuel", 
                    "sourceRef": "II Samuel 16:5"
                }, 
                {
                    "category": "Tanakh", 
                    "sourceHeRef": "שמואל ב ט״ז:ה׳", 
                    "index_title": "II Samuel", 
                    "sourceRef": "II Samuel 16:5"
                }
            ], 
            "text": ""
        }, 
        {
            "segmentNumber": "6", 
            "he": [
                "ואחר שהתקרב אליהם ", 
                "<b>התחיל לסקל באבנים : </b>\n"
            ], 
            "links": [
                {
                    "category": "Tanakh", 
                    "sourceHeRef": "שמואל ב ט״ז:ו׳", 
                    "index_title": "II Samuel", 
                    "sourceRef": "II Samuel 16:6"
                }, 
                {
                    "category": "Tanakh", 
                    "sourceHeRef": "שמואל ב ט״ז:ו׳", 
                    "index_title": "II Samuel", 
                    "sourceRef": "II Samuel 16:6"
                }
            ], 
            "text": ""
        }, 
        {
            "segmentNumber": "7", 
            "he": [
                "<b>איש הדמים</b> רמז להריגת אבנר ואיש בושת ואוריה, ובמ''ש איש בליעל רמז למעשה של בת שבע :\n"
            ], 
            "links": [
                {
                    "category": "Tanakh", 
                    "sourceHeRef": "שמואל ב ט״ז:ז׳", 
                    "index_title": "II Samuel", 
                    "sourceRef": "II Samuel 16:7"
                }
            ], 
            "text": ""
        }, 
        {
            "segmentNumber": "8", 
            "he": [
                "<b>השיב, </b> רצה לומר כמו שהיה בית שאול בית הדמים שנהרג הוא וזרעו, כן השיב ה' זאת עליך לבד שאתה גרוע ממנו בג' ענינים, א. ", 
                "<b>ויתן ה' את המלוכה, </b> שזה על ידי ה', לא כן מלכות שאול שלקחת בזרוע, ב. שהוא ", 
                "<b>ביד אבשלום בנך</b> לכליון עינים ודאבון נפש שהקים עליך רעה מביתך, ג. ", 
                "<b>והנך ברעתך</b> כי שאול לא ראה רעתו בחייו, ואתה רואה הרעה הבאה עליך בחייך וזה מצד שאיש דמים אתה, כן פי' מהרי''א :\n\n\n"
            ], 
            "links": [
                {
                    "category": "Tanakh", 
                    "sourceHeRef": "שמואל ב ט״ז:ח׳", 
                    "index_title": "II Samuel", 
                    "sourceRef": "II Samuel 16:8"
                }, 
                {
                    "category": "Tanakh", 
                    "sourceHeRef": "שמואל ב ט״ז:ח׳", 
                    "index_title": "II Samuel", 
                    "sourceRef": "II Samuel 16:8"
                }, 
                {
                    "category": "Tanakh", 
                    "sourceHeRef": "שמואל ב ט״ז:ח׳", 
                    "index_title": "II Samuel", 
                    "sourceRef": "II Samuel 16:8"
                }, 
                {
                    "category": "Tanakh", 
                    "sourceHeRef": "שמואל ב ט״ז:ח׳", 
                    "index_title": "II Samuel", 
                    "sourceRef": "II Samuel 16:8"
                }
            ], 
            "text": ""
        }, 
        {
            "segmentNumber": "9", 
            "he": [], 
            "links": [], 
            "text": ""
        }, 
        {
            "segmentNumber": "10", 
            "he": [
                "(י-יא) ", 
                "<b>השאלות: </b> למה כפל דבריו שה' אמר לו שיקלל, ומ''ש הנה בני וכו' אף כי בן הימיני, שזה מוכיח שמקלל מעצמו ואיך הוציא סוף דבריו הניחו לו ויקלל כי אמר לו ה', ומ''ש אולי יראה ה' וכו' והלא כבר שבעה ברעות נפשו די והותר שהקים עליו רעה מביתו, ואיך בעבור קללה זו יראה ה' בעניניו : ", 
                "<b>מה לי ולכם</b> א''ל ממ''נ אם מקלל מעצמו מה יזיק לי ולכם והקרי ", 
                "<b>כה יקלל</b> רצה לומר יקלל עוד כאשר חפץ. כי המבזה בקלון שהוא שקר מבואר, לא תחשב זאת לכלימה, כי מי לא ידע שדוד לא הרג לאבנר ולאיש בושת, ולא לקח מלכות שאול בחזקה, ", 
                "<b>ואם ה' א''ל קלל מי יאמר מדוע עשית כן : </b>\n"
            ], 
            "links": [
                {
                    "category": "Tanakh", 
                    "sourceHeRef": "שמואל ב ט״ז:י׳", 
                    "index_title": "II Samuel", 
                    "sourceRef": "II Samuel 16:10"
                }, 
                {
                    "category": "Tanakh", 
                    "sourceHeRef": "שמואל ב ט״ז:י׳", 
                    "index_title": "II Samuel", 
                    "sourceRef": "II Samuel 16:10"
                }, 
                {
                    "category": "Tanakh", 
                    "sourceHeRef": "שמואל ב ט״ז:י׳", 
                    "index_title": "II Samuel", 
                    "sourceRef": "II Samuel 16:10"
                }, 
                {
                    "category": "Tanakh", 
                    "sourceHeRef": "שמואל ב ט״ז:י׳", 
                    "index_title": "II Samuel", 
                    "sourceRef": "II Samuel 16:10"
                }, 
                {
                    "category": "Tanakh", 
                    "sourceHeRef": "שמואל ב ט״ז:י׳", 
                    "index_title": "II Samuel", 
                    "sourceRef": "II Samuel 16:10"
                }
            ], 
            "text": ""
        }, 
        {
            "segmentNumber": "11", 
            "he": [
                "<b>ויאמר דוד</b> הוסיף לחזק סברתו שה' א''ל קלל, פי' שה' נתן כזאת בלבו, ולבל ישאלו ע''ז הלא לא יבטל ה' את הבחירה ואיך השיא את שמעי אל הנבלה הזאת, השיב הלא תראו ", 
                "<b>כי בני אשר יצא ממעי מבקש את נפשי</b> שבזה שינה ה' את הטבע, הטבע הבן לאהוב את אביו לא לבקש להרגו. הנה ראיתם כי הפליא ה' בענשי, עד שלא לבד שביטל הבחירה, עשה בזה דבר נגד הטבע, ואף כי נקל היה לו להטות לב שמעי אל הקללה, שהוא קרוב אל טבעו. א. מצד הזמן שעל זה אמר ", 
                "<b>ועתה</b> אחר שאני בל''ז נרדף ונשטם, ב. מצדו שהוא ", 
                "<b>בן הימיני</b> שהם שונאי, ג. שאינו בא על עסקי נפשות רק ", 
                "<b>הניחו לו ויקלל</b> ואם כן לא הפליא ה' בזה דבר נגד טבעו ובחירתו. והוא נתן כזאת בלבו שהיה נוטה לשנאה בל''ז ואם כן הניחו לו ויקלל ", 
                "<b>כי א''ל ה' : </b>\n"
            ], 
            "links": [
                {
                    "category": "Tanakh", 
                    "sourceHeRef": "שמואל ב ט״ז:י״א", 
                    "index_title": "II Samuel", 
                    "sourceRef": "II Samuel 16:11"
                }, 
                {
                    "category": "Tanakh", 
                    "sourceHeRef": "שמואל ב ט״ז:י״א", 
                    "index_title": "II Samuel", 
                    "sourceRef": "II Samuel 16:11"
                }, 
                {
                    "category": "Tanakh", 
                    "sourceHeRef": "שמואל ב ט״ז:י״א", 
                    "index_title": "II Samuel", 
                    "sourceRef": "II Samuel 16:11"
                }, 
                {
                    "category": "Tanakh", 
                    "sourceHeRef": "שמואל ב ט״ז:י״א", 
                    "index_title": "II Samuel", 
                    "sourceRef": "II Samuel 16:11"
                }, 
                {
                    "category": "Tanakh", 
                    "sourceHeRef": "שמואל ב ט״ז:י״א", 
                    "index_title": "II Samuel", 
                    "sourceRef": "II Samuel 16:11"
                }, 
                {
                    "category": "Tanakh", 
                    "sourceHeRef": "שמואל ב ט״ז:י״א", 
                    "index_title": "II Samuel", 
                    "sourceRef": "II Samuel 16:11"
                }
            ], 
            "text": ""
        }, 
        {
            "segmentNumber": "12", 
            "he": [
                "<b>אולי יראה ה' בעיני</b> הוסיף עוד, כי העונש הנחרץ מאת ה' בתוכחות על עון קדום, אין לו לצפות שישיג ממנו טוב וחסד, כי די לו במה שיכלא פשע ויתם חטאת, אבל אם יגיע לו עם הרע הנחרץ עוד רעה אחרת יותר מן הראוי, זה יוכל להיות בכלל יסורים של אהבה אשר יקוה עבורם טוב וצדקה ואם כן במה שרדף אבשלום אותו, שזה יעד לו הנביא בעד עונו כמ''ש הנני מקים עליך רעה מביתך, לא היה מקוה עבורו טוב עתידי, אבל בעד העלבון שעשה לו שמעי, שהגיע לו נוסף על יעוד הנביא, יוכל ליחל אל ה' שהוא לטוב לו בעתיד, וזה שכתוב ", 
                "<b>אולי</b> הוא לטובתי, ובא ע''י ", 
                "<b>שה' יראה בעיני</b> וסבב לי הקלון הזה ", 
                "<b>למען ישיב לי טובה תחת קללתו היום הזה, </b> רצה לומר ביום הזה שכבר נרצה עוני על ידי העונש שקם עלי רעה מביתי, וקללת שמעי הם יסורים נוספים על יעוד הנביא, אולי יחשבו ליסורים של אהבה, כמ''ש הנעלבים ואינם עולבים וכו' עושים מאהבה וכו' עליהם נאמר ואהביו כצאת השמש בגבורתו :\n"
            ], 
            "links": [
                {
                    "category": "Tanakh", 
                    "sourceHeRef": "שמואל ב ט״ז:י״ב", 
                    "index_title": "II Samuel", 
                    "sourceRef": "II Samuel 16:12"
                }, 
                {
                    "category": "Tanakh", 
                    "sourceHeRef": "שמואל ב ט״ז:י״ב", 
                    "index_title": "II Samuel", 
                    "sourceRef": "II Samuel 16:12"
                }, 
                {
                    "category": "Tanakh", 
                    "sourceHeRef": "שמואל ב ט״ז:י״ב", 
                    "index_title": "II Samuel", 
                    "sourceRef": "II Samuel 16:12"
                }, 
                {
                    "category": "Tanakh", 
                    "sourceHeRef": "שמואל ב ט״ז:י״ב", 
                    "index_title": "II Samuel", 
                    "sourceRef": "II Samuel 16:12"
                }
            ], 
            "text": ""
        }, 
        {
            "segmentNumber": "13", 
            "he": [
                "<b>לכן וילך דוד בדרך</b> לא מש מן הדרך הגם ששמעי סקל באבנים לעומתו, פניו לא הסתיר מכלימותו ורוק כי קבל זאת באהבה :\n\n\n"
            ], 
            "links": [
                {
                    "category": "Tanakh", 
                    "sourceHeRef": "שמואל ב ט״ז:י״ג", 
                    "index_title": "II Samuel", 
                    "sourceRef": "II Samuel 16:13"
                }
            ], 
            "text": ""
        }, 
        {
            "segmentNumber": "14", 
            "he": [], 
            "links": [], 
            "text": ""
        }, 
        {
            "segmentNumber": "15", 
            "he": [], 
            "links": [], 
            "text": ""
        }, 
        {
            "segmentNumber": "16", 
            "he": [], 
            "links": [], 
            "text": ""
        }, 
        {
            "segmentNumber": "17", 
            "he": [], 
            "links": [], 
            "text": ""
        }, 
        {
            "segmentNumber": "18", 
            "he": [
                "(יח-יט) ", 
                "<b>השאלות: </b> מ''ש למי אני אעבוד הלא לפני בנו, מתראה כמהתל בו, כי הזה חסדו את ריעו שיעבוד את בנו הרודף את אביו ריעו להרגו בלי חמלה, ולמה כפל כאשר עבדתי וכו' : ", 
                "<b>ויאמר חושי</b> כמו ששם דוד בפיו כן דבר אל אבשלום, אמר, א. גם אם לא יאבה דוד בשום אופן להמליכו, ויצטרך להפר בריתו את דוד, הוא בוחר באבשלום מצד ג' דברים, א. ", 
                "<b>שבו בחר ה', </b> ב. ", 
                "<b>וכל העם הזה</b> היינו הסנהדרין ג. ", 
                "<b>וכל איש ישראל : </b>\n"
            ], 
            "links": [
                {
                    "category": "Tanakh", 
                    "sourceHeRef": "שמואל ב ט״ז:י״ח", 
                    "index_title": "II Samuel", 
                    "sourceRef": "II Samuel 16:18"
                }, 
                {
                    "category": "Tanakh", 
                    "sourceHeRef": "שמואל ב ט״ז:י״ח", 
                    "index_title": "II Samuel", 
                    "sourceRef": "II Samuel 16:18"
                }, 
                {
                    "category": "Tanakh", 
                    "sourceHeRef": "שמואל ב ט״ז:י״ח", 
                    "index_title": "II Samuel", 
                    "sourceRef": "II Samuel 16:18"
                }, 
                {
                    "category": "Tanakh", 
                    "sourceHeRef": "שמואל ב ט״ז:י״ח", 
                    "index_title": "II Samuel", 
                    "sourceRef": "II Samuel 16:18"
                }, 
                {
                    "category": "Tanakh", 
                    "sourceHeRef": "שמואל ב ט״ז:י״ח", 
                    "index_title": "II Samuel", 
                    "sourceRef": "II Samuel 16:18"
                }, 
                {
                    "category": "Tanakh", 
                    "sourceHeRef": "שמואל ב ט״ז:י״ח", 
                    "index_title": "II Samuel", 
                    "sourceRef": "II Samuel 16:18"
                }
            ], 
            "text": ""
        }, 
        {
            "segmentNumber": "19", 
            "he": [
                "ב. כי הוא מקוה שגם דוד יתרצה בזה לבסוף, אחרי ינוצח ואחרי שישכיל אחרית דבר, ואז ישמח גם הוא בעבודתי שאיני עובד לאיש נכרי רק לבנו, וגם אתה תאהבני אהבה עזה מצד שהייתי עבד וריע אביך, וזה שכתוב כאשר עבדתי לפני אביך וכו' :\n"
            ], 
            "links": [
                {
                    "category": "Tanakh", 
                    "sourceHeRef": "שמואל ב ט״ז:י״ט", 
                    "index_title": "II Samuel", 
                    "sourceRef": "II Samuel 16:19"
                }
            ], 
            "text": ""
        }, 
        {
            "segmentNumber": "20", 
            "he": [
                "<b>הבו לכם עצה, </b> הנה אחרי שגלה חושי את מחשבותיו, כי לא יפיר האחוה עם דוד, רק אם לא יתרצה אל מלכות אבשלום אחרי ינוצח, ושיתאמץ כי יהיה שלום בין דוד ובין אבשלום כנ''ל, עמדו במלכות שני מיני יועצים מתפרדים איש מעל אחיו, עצת אחיתופל היה לאבד את דוד ולהחרימו, ועצת חושי תלך לאט עמו עד יסכים על מלכות אבשלום בטוב לבבו, ואבשלום הגם שהיה רוצה בלבבו שכן יקום כאשר אמר חושי כנ''ל, בכ''ז שאל בראשונה עצת אחיתופל, מטעם שיבואר בפסוק כ''ג אבל התנה עמו שימשיך גם את חושי ויתיעץ עמו, ועל זה אמר הבו לכם עצה, באופן שתהיה עצה מוסכמת משני יועצי המלך :\n\n\n"
            ], 
            "links": [
                {
                    "category": "Tanakh", 
                    "sourceHeRef": "שמואל ב ט״ז:כ׳", 
                    "index_title": "II Samuel", 
                    "sourceRef": "II Samuel 16:20"
                }
            ], 
            "text": ""
        }, 
        {
            "segmentNumber": "21", 
            "he": [
                "<b>השאלות: </b> למה בחר אחיתופל שיעשה הפעל המגונה הזה, ואם כדי שידעו כי נבאש עם אביו, הלא כבר מרד ופרסם כי תופש מלכות, וידעו כולם שלא יחזור בו, ולמה לא שאל עתה גם לחושי אם יסכים בעצה זו, ואם מפני שעצת אחיתופל בימים ההם כאשר ישאל איש באלהים כמ''ש הכתוב אם כן למה עזב עצתו אחר כך : ", 
                "<b>ויאמר אחיתופל, </b> ואז התירא אחיתופל מלהגיד עצתו שהיה תכליתה להרוג את דוד, כי ירא פן ישלים את אביו, ואז יתנקם דוד ממנו על עצתו הרעה, כי היה רחוק בעיניו שיאבה אבשלום בעצה זו להרוג את אביו, ולכן הקדים שטרם יגיד את עצתו, מוכרח שיבא אבשלום אל פלגשי אביו, שבזה יבטח לבו ולב ישראל שלא יתרצה דוד אליו, כי הוא מעוות לא יוכל לתקון ויטרוף לעד אפו על שחלל יצועי אביו, ואמר הטעם לדבריו, אשר הניח ", 
                "<b>לשמור הבית</b> שמזה בעצמו שהניח מפלגשיו לשמור הבית, נראה כי עוד לב אב על בנו ולב בן על אביו, כי אם היה דוד מחשיבו כאויב ומתנקם לא היה מניח פילגשיו שם פן יהרגם או יפקירם לנאץ את אביו, וכן למה לו לשמור ביתו, הלא ידע שאבשלום יקח ביתו וקניניו, וטוב יקחם אחר משיפלו ביד אויביו, וע''כ כי רוצה בזה שבנו ינחל את אשר לו, וישמרהו עד יבא ויקחהו, ולכן צריך שתתראה אתה כאויב, ובזה ", 
                "<b>ישמעו כי נבאשת את אביך</b> וכו' :\n"
            ], 
            "links": [
                {
                    "category": "Tanakh", 
                    "sourceHeRef": "שמואל ב ט״ז:כ״א", 
                    "index_title": "II Samuel", 
                    "sourceRef": "II Samuel 16:21"
                }, 
                {
                    "category": "Tanakh", 
                    "sourceHeRef": "שמואל ב ט״ז:כ״א", 
                    "index_title": "II Samuel", 
                    "sourceRef": "II Samuel 16:21"
                }, 
                {
                    "category": "Tanakh", 
                    "sourceHeRef": "שמואל ב ט״ז:כ״א", 
                    "index_title": "II Samuel", 
                    "sourceRef": "II Samuel 16:21"
                }, 
                {
                    "category": "Tanakh", 
                    "sourceHeRef": "שמואל ב ט״ז:כ״א", 
                    "index_title": "II Samuel", 
                    "sourceRef": "II Samuel 16:21"
                }
            ], 
            "text": ""
        }, 
        {
            "segmentNumber": "22", 
            "he": [], 
            "links": [], 
            "text": ""
        }, 
        {
            "segmentNumber": "23", 
            "he": [
                "<b>ועצת</b> מבאר שאבשלום היה מוכרח לעשות כדבריו, ולא חכה עתה לשמוע מה יאמר חושי כמו בעצה השנית, אחר שאחיתופל סגר הדלת לפניו, ולא רצה לדבר את עצתו עד יבא אל פילגשי אביו, והיה נשאר בלי עצה, כי עצת אחיתופל היתה גדולה בימים ההם כהחלטת האורים ותומים :\n"
            ], 
            "links": [
                {
                    "category": "Tanakh", 
                    "sourceHeRef": "שמואל ב ט״ז:כ״ג", 
                    "index_title": "II Samuel", 
                    "sourceRef": "II Samuel 16:23"
                }
            ], 
            "text": ""
        }
    ], 
    "book": "Malbim on II Samuel", 
    "prev": "Malbim on II Samuel 15:35", 
    "textDepth": 3, 
    "sectionNames": [
        "Chapter", 
        "Verse", 
        "Comment"
    ], 
    "sections": [
        16
    ], 
    "commentator": "Malbim", 
    "isComplex": false, 
    "commentaryCategories": [
        "Tanakh", 
        "Prophets"
    ], 
    "titleVariants": [
        "Malbim Literary Commantary on 2Sam.", 
        "Malbim on II Sam.", 
        "Malbim on II Sam", 
        "Malbim on II Samuel", 
        "Malbim on Samuel II", 
        "Malbim on 2Sam.", 
        "Malbim Literary Commantary on 2 Sam", 
        "Malbim on Second Samuel", 
        "Malbim Literary Commantary on II Samuel", 
        "Malbim on II Shemuel", 
        "Malbim on 2 Samuel", 
        "Malbim Literary Commantary on 2 Samuel", 
        "Malbim on Shmuel II", 
        "Malbim Literary Commantary on Second Samuel", 
        "Malbim Literary Commantary on II Sam", 
        "Malbim Literary Commantary on 2Sam", 
        "Malbim Literary Commantary on Shmuel II", 
        "Malbim Literary Commantary on II Sam.", 
        "Malbim on Shmuel Bet", 
        "Malbim Literary Commantary on Shmuel Bet", 
        "Malbim Literary Commantary on Samuel II", 
        "Malbim on 2Sam", 
        "Malbim on II Shmuel", 
        "Malbim Literary Commantary on II Shmuel", 
        "Malbim Literary Commantary on II Shemuel", 
        "Malbim on 2 Sam"
    ], 
    "categories": [
        "Commentary", 
        "Tanakh", 
        "Malbim"
    ], 
    "ref": "Malbim on II Samuel 16", 
    "type": "Commentary", 
    "addressTypes": [
        "Integer", 
        "Integer", 
        "Integer"
    ], 
    "heCommentator": "מלבי\"ם", 
    "length": 24, 
    "indexTitle": "Malbim on II Samuel", 
    "heIndexTitle": "מלבי\"ם על שמואל ב", 
    "alts": [], 
    "order": [
        9, 
        4
    ]
}