{
    "heTitleVariants": [
        "רמב\"ם הל' שקלים", 
        "משנה תורה, הל' שקלים", 
        "רמב\"ם, הלכות שקלים", 
        "משנה תורה, הלכות שקלים", 
        "רמב\"ם, הל' שקלים", 
        "רמב\"ם הלכות שקלים"
    ], 
    "heTitle": "משנה תורה, הלכות שקלים", 
    "heRef": "משנה תורה, הלכות שקלים ב׳", 
    "toSections": [
        2
    ], 
    "sectionRef": "Mishneh Torah, Sheqel Dues 2", 
    "lengths": [
        4
    ], 
    "next": "Mishneh Torah, Sheqel Dues 3", 
    "content": [
        {
            "segmentNumber": "1", 
            "he": "כֵּיצַד כּוֹנְסִין הַשֻּׁלְחָנִים אֶת הַשְּׁקָלִים בְּכָל מְדִינָה וּמְדִינָה. מַנִּיחִין לִפְנֵיהֶם שְׁתֵּי תֵּבוֹת שׁוּלֵי הַתֵּבָה רְחָבִין מִלְּמַטָּה וּפִיהָ צַר מִלְּמַעְלָה כְּמִין שׁוֹפָר כְּדֵי שֶׁיַּשְׁלִיכוּ לְתוֹכָן וְלֹא יִהְיֶה אֶפְשָׁר לִקַּח מֵהֶן בְּנַחַת. וְלָמָּה עוֹשִׂין שְׁתֵּי תֵּבוֹת. אַחַת שֶׁמַּשְׁלִיכִין בָּהּ שְׁקָלִים שֶׁל שָׁנָה זוֹ. וְהַשְּׁנִיָּה מַנִּיחִין בָּהּ שִׁקְלֵי שָׁנָה שֶׁעָבְרָה. שֶׁגּוֹבִין מִמִּי שֶׁלֹּא שָׁקַל בְּשָׁנָה שֶׁעָבְרָה: \n", 
            "links": [
                {
                    "category": "Halakhah", 
                    "sourceHeRef": "כסף משנה על משנה תורה, הלכות שקלים ב׳:א׳:א׳", 
                    "sourceRef": "Kessef Mishneh on Mishneh Torah, Sheqel Dues 2:1:1", 
                    "ref": "Kessef Mishneh on Mishneh Torah, Sheqel Dues 2:1:1"
                }, 
                {
                    "category": "Halakhah", 
                    "sourceHeRef": "כסף משנה על משנה תורה, הלכות שקלים ב׳:א׳:ב׳", 
                    "sourceRef": "Kessef Mishneh on Mishneh Torah, Sheqel Dues 2:1:2", 
                    "ref": "Kessef Mishneh on Mishneh Torah, Sheqel Dues 2:1:2"
                }
            ], 
            "text": ""
        }, 
        {
            "segmentNumber": "2", 
            "he": "וּבַמִּקְדָּשׁ הָיָה לִפְנֵיהֶם תָּמִיד שְׁלֹשׁ עֶשְׂרֵה תֵּבוֹת. כָּל תֵּבָה כְּמִין שׁוֹפָר. רִאשׁוֹנָה לְשִׁקְלֵי שָׁנָה זוֹ. שְׁנִיָּה לְשִׁקְלֵי שָׁנָה שֶׁעָבְרָה. שְׁלִישִׁית לְכָל מִי שֶׁיֵּשׁ עָלָיו קָרְבַּן שְׁתֵּי תּוֹרִים אוֹ שְׁנֵי בְּנֵי יוֹנָה אֶחָד עוֹלָה וְאֶחָד חַטָּאת מַשְׁלִיךְ דְּמֵיהֶן לְתֵבָה זוֹ. רְבִיעִית לְכָל מִי שֶׁיֵּשׁ עָלָיו עוֹלַת הָעוֹף בִּלְבַד מַשְׁלִיךְ דָּמֶיהָ לְתֵבָה זוֹ. חֲמִישִׁית לְמִי שֶׁהִתְנַדֵּב מָעוֹת לִקְנוֹת עֵצִים לַמַּעֲרָכָה בָּהֶן. שִׁשִּׁית לְמִי שֶׁהִתְנַדֵּב מָעוֹת לִלְבוֹנָה. שְׁבִיעִית לְמִי שֶׁהִתְנַדֵּב זָהָב לַכַּפֹּרֶת. שְׁמִינִית לְמוֹתַר חַטָּאת כְּגוֹן שֶׁהִפְרִישׁ מָעוֹת לְחַטָּאתוֹ וְלָקַח חַטָּאת וְהוֹתִיר מִן הַמָּעוֹת יַשְׁלִיךְ הַשְּׁאָר לְתוֹכָהּ. תְּשִׁיעִית לְמוֹתַר אָשָׁם. עֲשִׂירִית לְמוֹתַר קִנֵּי זָבִים וְזָבוֹת וְיוֹלְדוֹת. אַחַת עֶשְׂרֵה לְמוֹתַר קָרְבְּנוֹת נָזִיר. שְׁתֵּים עֶשְׂרֵה לְמוֹתַר אֲשַׁם מְצֹרָע. שְׁלֹשׁ עֶשְׂרֵה לְמִי שֶׁהִתְנַדֵּב מָעוֹת לְעוֹלַת בְּהֵמָה: \n", 
            "links": [], 
            "text": ""
        }, 
        {
            "segmentNumber": "3", 
            "he": "וְשֵׁם כָּל דָּבָר שֶׁיִּהְיוּ מָעוֹתָיו בְּתוֹךְ הַתֵּבָה כָּתוּב עַל הַתֵּבָה מִבַּחוּץ. וּתְנַאי בֵּית דִּין הוּא עַל כָּל הַמּוֹתָרוֹת שֶׁיִּקָּרְבוּ עוֹלַת בְּהֵמָה. נִמְצֵאתָ לָמֵד שֶׁכָּל הַמָּעוֹת הַנִּמְצָאוֹת בְּשֵׁשׁ הַתֵּבוֹת הָאַחֲרוֹנוֹת לְעוֹלַת בְּהֵמָה וְעוֹרוֹתֶיהָ לַכֹּהֲנִים כִּשְׁאָר כָּל הָעוֹרוֹת. וְכָל הַמָּעוֹת שֶׁבְּתֵבָה שְׁלִישִׁית לִקַּח בָּהֶן עוֹפוֹת חֶצְיָן עוֹלוֹת וְחֶצְיָן חַטָּאוֹת. וְשֶׁבָּרְבִיעִית כֻּלָּן עוֹלַת הָעוֹף: \n", 
            "links": [
                {
                    "category": "Halakhah", 
                    "sourceHeRef": "כסף משנה על משנה תורה, הלכות שקלים ב׳:ג׳:א׳", 
                    "sourceRef": "Kessef Mishneh on Mishneh Torah, Sheqel Dues 2:3:1", 
                    "ref": "Kessef Mishneh on Mishneh Torah, Sheqel Dues 2:3:1"
                }, 
                {
                    "category": "Halakhah", 
                    "sourceHeRef": "כסף משנה על משנה תורה, הלכות שקלים ב׳:ג׳:ב׳", 
                    "sourceRef": "Kessef Mishneh on Mishneh Torah, Sheqel Dues 2:3:2", 
                    "ref": "Kessef Mishneh on Mishneh Torah, Sheqel Dues 2:3:2"
                }, 
                {
                    "category": "Halakhah", 
                    "sourceHeRef": "כסף משנה על משנה תורה, הלכות שקלים ב׳:ג׳:ג׳", 
                    "sourceRef": "Kessef Mishneh on Mishneh Torah, Sheqel Dues 2:3:3", 
                    "ref": "Kessef Mishneh on Mishneh Torah, Sheqel Dues 2:3:3"
                }
            ], 
            "text": ""
        }, 
        {
            "segmentNumber": "4", 
            "he": "בְּכָל מְדִינָה וּמְדִינָה כְּשֶׁגּוֹבִין הַשְּׁקָלִים מְשַׁלְּחִין אוֹתָן בְּיַד שְׁלוּחִים לַמִּקְדָּשׁ. וְיֵשׁ לָהֶם לְצָרֵף אוֹתָן בְּדִינְרֵי זָהָב מִפְּנֵי מַשּׂאוֹי הַדֶּרֶךְ. וְהַכּל מִתְקַבְּצִין לַמִּקְדָּשׁ וּמַנִּיחִין אוֹתָן בְּלִשְׁכָּה אַחַת מִן הַלְּשָׁכוֹת בַּמִּקְדָּשׁ וְסוֹגְרִין כָּל דַּלְתוֹתֶיהָ בְּמַפְתְּחוֹת וְחוֹתְמִין עָלֶיהָ חוֹתָמוֹת וּמְמַלְּאִין מִכָּל הַשְּׁקָלִים שֶׁיִּתְקַבְּצוּ שָׁם שָׁלֹשׁ קֻפּוֹת גְּדוֹלוֹת שִׁעוּר כָּל קֻפָּה כְּדֵי שֶׁתָּכִיל תֵּשַׁע סְאִין וְהַשְּׁאָר מַנִּיחִין אוֹתוֹ בַּלִּשְׁכָּה. וְזֶה שֶׁבְּתוֹךְ הַקֻּפּוֹת הוּא הַנִּקְרָא תְּרוּמַת הַלִּשְׁכָּה וְזֶה שֶׁיִּשָּׁאֵר שָׁם יֶתֶר עַל מַה שֶּׁיֵּשׁ בַּקֻּפּוֹת הוּא הַנִּקְרָא שְׁיָרֵי הַלִּשְׁכָּה: \n", 
            "links": [
                {
                    "category": "Halakhah", 
                    "sourceHeRef": "כסף משנה על משנה תורה, הלכות שקלים ב׳:ד׳:א׳", 
                    "sourceRef": "Kessef Mishneh on Mishneh Torah, Sheqel Dues 2:4:1", 
                    "ref": "Kessef Mishneh on Mishneh Torah, Sheqel Dues 2:4:1"
                }, 
                {
                    "category": "Halakhah", 
                    "sourceHeRef": "כסף משנה על משנה תורה, הלכות שקלים ב׳:ד׳:ב׳", 
                    "sourceRef": "Kessef Mishneh on Mishneh Torah, Sheqel Dues 2:4:2", 
                    "ref": "Kessef Mishneh on Mishneh Torah, Sheqel Dues 2:4:2"
                }, 
                {
                    "category": "Halakhah", 
                    "sourceHeRef": "כסף משנה על משנה תורה, הלכות שקלים ב׳:ד׳:ג׳", 
                    "sourceRef": "Kessef Mishneh on Mishneh Torah, Sheqel Dues 2:4:3", 
                    "ref": "Kessef Mishneh on Mishneh Torah, Sheqel Dues 2:4:3"
                }
            ], 
            "text": ""
        }, 
        {
            "segmentNumber": "5", 
            "he": "בִּשְׁלֹשָׁה פְּרָקִים בַּשָּׁנָה תּוֹרְמִין אֶת הַלִּשְׁכָּה. בְּרֹאשׁ חֹדֶשׁ נִיסָן. וּבְרֹאשׁ חֹדֶשׁ תִּשְׁרֵי קֹדֶם יוֹם טוֹב אוֹ אַחֲרָיו. וְקֹדֶם עֲצֶרֶת בַּחֲמִשָּׁה עָשָׂר יוֹם. וְכֵיצַד תּוֹרְמִין אוֹתָהּ. אֶחָד נִכְנַס לִפְנִים מִן הַלִּשְׁכָּה וְהַשּׁוֹמְרִין עוֹמְדִים בַּחוּץ וְהוּא אוֹמֵר לָהֶם אֶתְרֹם וְהֵן אוֹמְרִים לוֹ תְּרֹם תְּרֹם תְּרֹם שְׁלֹשָׁה פְּעָמִים. וְאַחַר כָּךְ מְמַלֵּא שָׁלֹשׁ קֻפּוֹת קְטַנּוֹת כָּל קֻפָּה מֵהֶן מְכִילָה שָׁלֹשׁ סְאִין מֵאוֹתָן שָׁלֹשׁ קֻפּוֹת הַגְּדוֹלוֹת וּמוֹצִיאָן לַחוּץ כְּדֵי לְהִסְתַּפֵּק מֵהֶן עַד שֶׁיִּכְלוּ. וְחוֹזֵר וּמְמַלֵּא אוֹתָן הַשָּׁלֹשׁ קֻפּוֹת הַקְּטַנּוֹת מִן שָׁלֹשׁ גְּדוֹלוֹת פַּעַם שְׁנִיָּה קֹדֶם עֲצֶרֶת וּמִסְתַּפְּקִין מֵהֶן עַד שֶׁיִּכְלוּ: \n", 
            "links": [
                {
                    "category": "Halakhah", 
                    "sourceHeRef": "כסף משנה על משנה תורה, הלכות שקלים ב׳:ה׳:א׳", 
                    "sourceRef": "Kessef Mishneh on Mishneh Torah, Sheqel Dues 2:5:1", 
                    "ref": "Kessef Mishneh on Mishneh Torah, Sheqel Dues 2:5:1"
                }, 
                {
                    "category": "Halakhah", 
                    "sourceHeRef": "כסף משנה על משנה תורה, הלכות שקלים ב׳:ה׳:ב׳", 
                    "sourceRef": "Kessef Mishneh on Mishneh Torah, Sheqel Dues 2:5:2", 
                    "ref": "Kessef Mishneh on Mishneh Torah, Sheqel Dues 2:5:2"
                }, 
                {
                    "category": "Halakhah", 
                    "sourceHeRef": "כסף משנה על משנה תורה, הלכות שקלים ב׳:ה׳:ג׳", 
                    "sourceRef": "Kessef Mishneh on Mishneh Torah, Sheqel Dues 2:5:3", 
                    "ref": "Kessef Mishneh on Mishneh Torah, Sheqel Dues 2:5:3"
                }
            ], 
            "text": ""
        }, 
        {
            "segmentNumber": "6", 
            "he": "וְחוֹזֵר וּמְמַלֵּא אוֹתָן פַּעַם שְׁלִישִׁית מִן הַשָּׁלֹשׁ קֻפּוֹת הַגְּדוֹלוֹת בְּתִשְׁרֵי וּמִסְתַּפְּקִין מֵהֶן עַד שֶׁיִּכְלוּ עַד רֹאשׁ חֹדֶשׁ נִיסָן. וּבְרֹאשׁ חֹדֶשׁ נִיסָן תּוֹרְמִין מִתְּרוּמָה חֲדָשָׁה. לֹא הִסְפִּיקוּ לָהֶן הַשְּׁקָלִים שֶׁבְּשָׁלֹשׁ קֻפּוֹת הַגְּדוֹלוֹת וְכָלוּ עַד שֶׁלֹּא הִגִּיעַ נִיסָן חוֹזְרִין וְתוֹרְמִין מִשְּׁיָרֵי הַלִּשְׁכָּה: \n", 
            "links": [
                {
                    "category": "Halakhah", 
                    "sourceHeRef": "כסף משנה על משנה תורה, הלכות שקלים ב׳:ו׳:א׳", 
                    "sourceRef": "Kessef Mishneh on Mishneh Torah, Sheqel Dues 2:6:1", 
                    "ref": "Kessef Mishneh on Mishneh Torah, Sheqel Dues 2:6:1"
                }, 
                {
                    "category": "Halakhah", 
                    "sourceHeRef": "כסף משנה על משנה תורה, הלכות שקלים ב׳:ו׳:ב׳", 
                    "sourceRef": "Kessef Mishneh on Mishneh Torah, Sheqel Dues 2:6:2", 
                    "ref": "Kessef Mishneh on Mishneh Torah, Sheqel Dues 2:6:2"
                }
            ], 
            "text": ""
        }, 
        {
            "segmentNumber": "7", 
            "he": "שָׁלֹשׁ קֻפּוֹת הַקְּטַנּוֹת שֶׁהוּא תּוֹרֵם בָּהֶם וּמוֹצִיאָן לַחוּץ כָּתוּב עֲלֵיהֶן אָלֶ''ף בֵּי''ת גִּימֶ''ל כְּדֵי שֶׁיִּסְתַּפְּקוּ מִן הָרִאשׁוֹנָה עַד שֶׁתִּכְלֶה. וְאַחַר כָּךְ מִסְתַּפְּקִין מִן הַשְּׁנִיָּה. וְאַחַר כָּךְ מִסְתַּפְּקִין מִן הַשְּׁלִישִׁית. וְתוֹרֵם רִאשׁוֹנָה מִן הַקֻּפָּה הָאַחַת הַגְּדוֹלָה וּמְחַפֶּה אוֹתָהּ הַגְּדוֹלָה בְּמִטְפַּחַת. וְתוֹרֵם הַשְּׁנִיָּה מֵהַקֻּפָּה הַגְּדוֹלָה הַשְּׁנִיָּה וּמְחַפֶּה אוֹתָהּ הַגְּדוֹלָה בְּמִטְפַּחַת. וְתוֹרֵם הַשְּׁלִישִׁית מִן הַקֻּפָּה הַגְּדוֹלָה הַשְּׁלִישִׁית וְאֵינוֹ מְחַפֶּה אוֹתָהּ בְּמִטְפַּחַת כְּדֵי שֶׁתִּהְיֶה נִכֶּרֶת שֶׁבָּהּ סִיֵּם. וְיַתְחִיל מִמֶּנָּה בַּתְּחִלָּה בְּפַעַם שְׁנִיָּה כְּשֶׁיִּכָּנֵס קֹדֶם עֲצֶרֶת. וְתוֹרֵם הָרִאשׁוֹנָה מִן הַגְּדוֹלָה שֶׁהָיְתָה מְגֻלָּה וּמְחַפֶּה אוֹתָהּ. וְתוֹרֵם הַשְּׁנִיָּה מִן הַגְּדוֹלָה שֶׁתָּרַם מִמֶּנָּה בָּרִאשׁוֹנָה תְּחִלָּה וּמְחַפֶּה אוֹתָהּ. וְתוֹרֵם הַשְּׁלִישִׁית מִן הַגְּדוֹלָה הַסְּמוּכָה לָהּ וְאֵינוֹ מְחַפֶּה אוֹתָהּ כְּדֵי שֶׁיַּתְחִיל מִמֶּנָּה בַּתְּחִלָּה בְּפַעַם שְׁלִישִׁית כְּשֶׁיִּכָּנֵס בְּתִשְׁרֵי. עַד שֶׁנִּמְצָא תּוֹרֵם רִאשׁוֹנָה וּשְׁנִיָּה וּשְׁלִישִׁית הַקְּטַנּוֹת מִכָּל אַחַת וְאַחַת מִן הַגְּדוֹלוֹת: \n", 
            "links": [
                {
                    "category": "Halakhah", 
                    "sourceHeRef": "כסף משנה על משנה תורה, הלכות שקלים ב׳:ז׳:א׳", 
                    "sourceRef": "Kessef Mishneh on Mishneh Torah, Sheqel Dues 2:7:1", 
                    "ref": "Kessef Mishneh on Mishneh Torah, Sheqel Dues 2:7:1"
                }, 
                {
                    "category": "Halakhah", 
                    "sourceHeRef": "כסף משנה על משנה תורה, הלכות שקלים ב׳:ז׳:ב׳", 
                    "sourceRef": "Kessef Mishneh on Mishneh Torah, Sheqel Dues 2:7:2", 
                    "ref": "Kessef Mishneh on Mishneh Torah, Sheqel Dues 2:7:2"
                }
            ], 
            "text": ""
        }, 
        {
            "segmentNumber": "8", 
            "he": "כְּשֶׁהוּא תּוֹרֵם שָׁלֹשׁ קֻפּוֹת אֵלּוּ תּוֹרֵם אֶת הָרִאשׁוֹנָה לְשֵׁם אֶרֶץ יִשְׂרָאֵל. וְהַשְּׁנִיָּה לְשֵׁם הַכְּרַכִּין הַמֻּקָּפִין לָהּ וּלְשֵׁם כָּל (אֶרֶץ) יִשְׂרָאֵל. וְהַשְּׁלִישִׁית לְשֵׁם בָּבֶל וּלְשֵׁם מָדַי וּלְשֵׁם הַמְּדִינוֹת הָרְחוֹקוֹת וּלְשֵׁם שְׁאָר כָּל יִשְׂרָאֵל: \n", 
            "links": [
                {
                    "category": "Halakhah", 
                    "sourceHeRef": "כסף משנה על משנה תורה, הלכות שקלים ב׳:ח׳:א׳", 
                    "sourceRef": "Kessef Mishneh on Mishneh Torah, Sheqel Dues 2:8:1", 
                    "ref": "Kessef Mishneh on Mishneh Torah, Sheqel Dues 2:8:1"
                }
            ], 
            "text": ""
        }, 
        {
            "segmentNumber": "9", 
            "he": "כְּשֶׁהוּא תּוֹרֵם מִתְכַּוֵּן לִתְרֹם עַל הַגָּבוּי שֶׁיֵּשׁ בַּלִּשְׁכָּה. וְעַל הַגָּבוּי שֶׁעֲדַיִן לֹא הִגִּיעַ לַלִּשְׁכָּה. וְעַל הֶעָתִיד לִגָּבוֹת כְּדֵי שֶׁיִּהְיוּ אֵלּוּ הַשְּׁקָלִים שֶׁהוֹצִיאָן לְהִסְתַּפֵּק מֵהֶן כַּפָּרָה עַל כָּל יִשְׂרָאֵל וּכְאִלּוּ הִגִּיעוּ כָּל שִׁקְלֵיהֶן לַלִּשְׁכָּה וְנִתְרְמָה מֵהֶן תְּרוּמָה זוֹ: \n", 
            "links": [
                {
                    "category": "Halakhah", 
                    "sourceHeRef": "כסף משנה על משנה תורה, הלכות שקלים ב׳:ט׳:א׳", 
                    "sourceRef": "Kessef Mishneh on Mishneh Torah, Sheqel Dues 2:9:1", 
                    "ref": "Kessef Mishneh on Mishneh Torah, Sheqel Dues 2:9:1"
                }
            ], 
            "text": ""
        }, 
        {
            "segmentNumber": "10", 
            "he": "כְּשֶׁיִּכָּנֵס הַתּוֹרֵם לִתְרֹם לֹא יִכָּנֵס בְּבֶגֶד שֶׁאֶפְשָׁר לְהַחְבּוֹת בּוֹ כֶּסֶף וְלֹא בְּמִנְעָל וְלֹא בְּסַנְדָּל וְלֹא בִּתְפִלָּה וְלֹא בְּקָמֵעַ שֶׁמָּא יַחְשְׁדוּ אוֹתוֹ הָעָם וְיֹאמְרוּ הֶחְבִּיא מִמְּעוֹת הַלִּשְׁכָּה תַּחְתָּיו כְּשֶׁתְּרָמָהּ. וּמְדַבְּרִים הָיוּ עִמּוֹ מִשָּׁעָה שֶׁיִּכָּנֵס עַד שָׁעָה שֶׁיֵּצֵא כְּדֵי שֶׁלֹּא יִתֵּן לְתוֹךְ פִּיו. וְאַף עַל פִּי שֶׁנִּזְהָרִים כָּל כָּךְ עָנִי אוֹ מִי שֶׁהוּא נִבְהַל לַהוֹן לֹא יִתְרֹם מִפְּנֵי הַחֲשָׁד שֶׁנֶּאֱמַר <small>(במדבר לב-כב)</small> \"וִהְיִיתֶם נְקִיִּים מֵה' וּמִיִּשְׂרָאֵל\": \n", 
            "links": [
                {
                    "category": "Tanach", 
                    "sourceHeRef": "במדבר ל״ב", 
                    "sourceRef": "Numbers 32", 
                    "ref": "Numbers 32"
                }, 
                {
                    "category": "Halakhah", 
                    "sourceHeRef": "כסף משנה על משנה תורה, הלכות שקלים ב׳:י׳:א׳", 
                    "sourceRef": "Kessef Mishneh on Mishneh Torah, Sheqel Dues 2:10:1", 
                    "ref": "Kessef Mishneh on Mishneh Torah, Sheqel Dues 2:10:1"
                }, 
                {
                    "category": "Halakhah", 
                    "sourceHeRef": "כסף משנה על משנה תורה, הלכות שקלים ב׳:י׳:ב׳", 
                    "sourceRef": "Kessef Mishneh on Mishneh Torah, Sheqel Dues 2:10:2", 
                    "ref": "Kessef Mishneh on Mishneh Torah, Sheqel Dues 2:10:2"
                }, 
                {
                    "category": "Halakhah", 
                    "sourceHeRef": "כסף משנה על משנה תורה, הלכות שקלים ב׳:י׳:ג׳", 
                    "sourceRef": "Kessef Mishneh on Mishneh Torah, Sheqel Dues 2:10:3", 
                    "ref": "Kessef Mishneh on Mishneh Torah, Sheqel Dues 2:10:3"
                }
            ], 
            "text": ""
        }
    ], 
    "book": "Mishneh Torah, Sheqel Dues", 
    "prev": "Mishneh Torah, Sheqel Dues 1", 
    "textDepth": 2, 
    "sectionNames": [
        "Chapter", 
        "Halacha"
    ], 
    "sections": [
        2
    ], 
    "isComplex": false, 
    "titleVariants": [
        "Mishneh Torah, Hilkhot Shekalim", 
        "Rambam, Hilkhot Shekalim", 
        "Mishneh Torah, Sheqel Dues", 
        "Rambam, Shekalim", 
        "Mishneh Torah, Hilchot Shekalim", 
        "Mishneh Torah, Shekalim", 
        "Rambam, Laws of Sheqel Dues", 
        "Rambam, Hilchot Shekalim", 
        "Rambam, Sheqel Dues", 
        "Mishneh Torah, Laws of Sheqel Dues"
    ], 
    "categories": [
        "Halakhah", 
        "Mishneh Torah", 
        "Sefer Zemanim"
    ], 
    "ref": "Mishneh Torah, Sheqel Dues 2", 
    "type": "Halakhah", 
    "addressTypes": [
        "Integer", 
        "Integer"
    ], 
    "length": 4, 
    "indexTitle": "Mishneh Torah, Sheqel Dues", 
    "heIndexTitle": "משנה תורה, הלכות שקלים", 
    "alts": [], 
    "order": [
        23, 
        7
    ]
}