[{
    "links": [
        [
            "5:1:1", 
            "Mishneh Torah, Defilement by Leprosy 5:1", 
            "Halakhah"
        ], 
        [
            "5:2:1", 
            "Mishneh Torah, Defilement by Leprosy 5:2", 
            "Halakhah"
        ], 
        [
            "5:3:1", 
            "Mishneh Torah, Defilement by Leprosy 5:3", 
            "Halakhah"
        ], 
        [
            "5:5:1", 
            "Mishneh Torah, Defilement by Leprosy 5:5", 
            "Halakhah"
        ], 
        [
            "5:6:1", 
            "Mishneh Torah, Defilement by Leprosy 5:6", 
            "Halakhah"
        ], 
        [
            "5:7:1", 
            "Mishneh Torah, Defilement by Leprosy 5:7", 
            "Halakhah"
        ], 
        [
            "5:8:1", 
            "Mishneh Torah, Defilement by Leprosy 5:8", 
            "Halakhah"
        ], 
        [
            "5:9:1", 
            "Mishneh Torah, Defilement by Leprosy 5:9", 
            "Halakhah"
        ], 
        [
            "5:10:1", 
            "Mishneh Torah, Defilement by Leprosy 5:10", 
            "Halakhah"
        ], 
        [
            "5:11:1", 
            "Mishneh Torah, Defilement by Leprosy 5:11", 
            "Halakhah"
        ], 
        [
            "5:1:2", 
            "Mishneh Torah, Defilement by Leprosy 5:1", 
            "Halakhah"
        ], 
        [
            "5:2:2", 
            "Mishneh Torah, Defilement by Leprosy 5:2", 
            "Halakhah"
        ], 
        [
            "5:5:2", 
            "Mishneh Torah, Defilement by Leprosy 5:5", 
            "Halakhah"
        ], 
        [
            "5:6:2", 
            "Mishneh Torah, Defilement by Leprosy 5:6", 
            "Halakhah"
        ], 
        [
            "5:8:2", 
            "Mishneh Torah, Defilement by Leprosy 5:8", 
            "Halakhah"
        ], 
        [
            "5:9:2", 
            "Mishneh Torah, Defilement by Leprosy 5:9", 
            "Halakhah"
        ], 
        [
            "5:10:2", 
            "Mishneh Torah, Defilement by Leprosy 5:10", 
            "Halakhah"
        ], 
        [
            "5:11:2", 
            "Mishneh Torah, Defilement by Leprosy 5:11", 
            "Halakhah"
        ], 
        [
            "5:8:3", 
            "Mishneh Torah, Defilement by Leprosy 5:8", 
            "Halakhah"
        ], 
        [
            "5:9:3", 
            "Mishneh Torah, Defilement by Leprosy 5:9", 
            "Halakhah"
        ], 
        [
            "5:11:3", 
            "Mishneh Torah, Defilement by Leprosy 5:11", 
            "Halakhah"
        ], 
        [
            "5:11:4", 
            "Mishneh Torah, Defilement by Leprosy 5:11", 
            "Halakhah"
        ]
    ], 
    "text": [], 
    "heTitleVariants": [
        "כסף משנה על משנה תורה, הלכות טומאת צרעת"
    ], 
    "heTitle": "כסף משנה על משנה תורה, הלכות טומאת צרעת", 
    "heRef": "כסף משנה על משנה תורה, הלכות טומאת צרעת ה׳", 
    "toSections": [
        5
    ], 
    "sectionRef": "Kessef Mishneh on Mishneh Torah, Defilement by Leprosy 5", 
    "next": "Kessef Mishneh on Mishneh Torah, Defilement by Leprosy 6:1", 
    "book": "Kessef Mishneh on Mishneh Torah, Defilement by Leprosy", 
    "prev": "Kessef Mishneh on Mishneh Torah, Defilement by Leprosy 4:11", 
    "textDepth": 3, 
    "sectionNames": [
        "Chapter", 
        "Halacha", 
        "Comment"
    ], 
    "sections": [
        5
    ], 
    "isComplex": false, 
    "titleVariants": [
        "Kessef Mishneh on Mishneh Torah, Defilement by Leprosy"
    ], 
    "categories": [
        "Halakhah", 
        "Commentary", 
        "Mishneh Torah", 
        "Sefer Taharah"
    ], 
    "he": [
        [
            "<b>מי שהיתה לו מכה בעור בשרו וכו'.</b> ברפ''ט דנגעים ואמרינן בפ''ק דחולין (דף ח') דמחמת האש לאיתויי חמי האור והוא מ''ש רבינו או בברזל או באבן שליבנו באש ובספרי מייתי לה מדכתיב מכוה מכוה ריבה ואיתא בפרק כיצד צולין (דף ע''ב). \n", 
            "<b>ומ''ש בין שהיתה המכה מחמת חולי הגוף וכו'.</b> בת''כ שחין אין לי אלא שחין שעלה מאליו לקה בעץ או באבן [מנין] ת''ל שחין שחין ריבה וזו היא ששנינו בפ''ו ובפירקא אחריני השחין והמכוה והקדח והוא מלשון כי אש קדחה באפי ושחין פירש''י לשון חמימות כמו שנה שחונה. ודע דבפ''ק דחולין אמרינן שאם לקה באבן מעיקרא אינו מחמת האור והרי זה שחין ולא ידעתי למה השמיטו רבינו: \n\n"
        ], 
        [
            "<b>ליבן שפוד וכו'.</b> בפ''ק דחולין איבעיא להו ליבן שפוד והכה בו משום שחין נידון או משום מכוה נידון למאי נפקא מינה לכדתניא וכו' אם שחין קודם למכוה ביטל מכוה את השחין ואם מכוה קודמת לשחין ביטל שחין את המכוה והכא ה''ד כגון דהוה ביה חצי גריס שחין מעיקרא וליבן שפוד והכה בו ונפיק ביה חצי גריס אחר מאי חבטא קדים ואתי הבלא ומבטל לחבטא וה''ל שחין ומכוה ולא מצטרפי או דילמא הבלא קדים ואתי חבטא ומבטל להבלא וה''ל שחין ושחין ומצטרף ת''ש דא''ר זירא אמר שמואל ליבן סכין ושחט בה שחיטתו כשירה חידודה קודם לליבונה אלמא חבטא קדים חידוד שאני ת''ש ליבן שפוד והכה בו נידון משום מכות אש אלמא חבטא קדים התם נמי דברזייה מיברז. ופירש רש''י וליבן שפוד והכה בו ובהכאה זו יש תורת שחין ותורת מכוה ואיבעיא לן הי קדים ואתי דליתי בתרא ולבטליה. חבטא קדים כח ההכאה קדים להרע לו לאדם והוי שחין ואתי הבל האור אחרון ומבטל ליה והו''ל מכוה ולא מצטרף בהדי חצי גריס קמא דהוה ליה שחין ומכוה. חידוד שאני שמתוך שהוא חד אין הבל האור שבו חזק וחתיכתו קודם להבלו. אלמא חבטא קדים ואתי הבלא ומבטל ליה. דברזייה מברז שלא הכהו בכח אלא דקרו ואין כאן חבטא אלא הבל אבל הכהו דאיכא חבטא אימא דהא הוי בתרא ומבטל הבלא מיברז פיינ''ט בלעז עכ''ל. נמצא לפי זה שהבעיא היא בשהכהו בשפוד כדרך שמכה בשבט. ורבינו נראה שמפרש דכשהכהו דרך דקירה מיירי אלא דמאי דאמור דברזייה מיברז היינו שראשו של שפוד לא היה דק אלא עב כברזא של חבית ומשום הכי תניא דפשיטא לן דנידון משום מכוה דחבטא קדים ואתי הבלא ומבטל ליה ובעיין בשראש השפוד דק כדרך השפודים ואילו היה דבר שהוא חד כחידודו של סכין פשיטא לן נמי דחידוד קדים ואתי הבלא ומבטל אבל מתוך שראשו של שפוד אף על פי שהוא דק אין חידודו כחידודו של סכין מספקא לן הי קדים כנ''ל ליישב הסוגיא לדעת רבינו: \n", 
            "<b>לקה במי טבריא וכו'.</b> בריש פרק ט' דנגעים: \n\n"
        ], 
        [
            "<b>השחין והמכוה כל זמן שהם מכות טריות וכו'.</b> שם ובפ''ו ויליף לה מקראי בת''כ: \n\n"
        ], 
        [], 
        [
            "<b>השחין והמכוה אין מצטרפין זה עם זה וכו'.</b> גם זה שם ובת''כ ובפ''ק דחולין (דף ח') יליף לה מקרא: \n", 
            "<b>היה בתוך כפו צרבת שחין כגריס וכו'.</b> גם זה שם: \n\n"
        ], 
        [
            "<b>שחין שנעשית מכוה וכו'.</b> ברייתא פ''ק דחולין (דף ח') כתבתיה בסמוך ותוספתא דנגעים ספ''ג. \n", 
            "<b>ומ''ש אם אין ידוע אם שחין היה.</b> בתוספתא הביאה ר''ש בפ''ט הרי הם לפניך ואין ידוע אם שחין אם מכוה טהור ונראה שרבינו היה גורס טמא ובת''כ תניא ובשר כי יהיה בעורו שחין או בשר כי יהיה בעורו מכות אש מלמד שאין שחין ומכוה מצטרפין זה עם זה לא שבאו ואין ידוע אם שחין הוא אם מכוה היא אלא אפי' כחצי גריס שחין וכחצי גריס מכוה אין מצטרפין. ונראה דלדעת רבינו ה''פ לא שחילקן הכתוב לשתי פרשיות לומר שצריך שידע אם הוא שחין או אם היא מכוה ואם לאו אינם טמאים דכל כה''ג ודאי שהם טמאים ולא חילקן הכתוב אלא לענין צירוף אפילו כחצי גריס שחין כלומר ל''מ אם רוב שחין שאינו מצטרף עם מיעוט מכוה או איפכא אלא כחצי גריס מזה וכחצי גריס מזה שהם שקולים מזה כזה אינם מצטרפים: \n\n"
        ], 
        [
            "<b>הסגירו בבהרת שבשחין וכו'.</b> תוספתא ספ''ג פירוש נעשה עור הבשר שנתרפא השחין לגמרי ונמצא הבהרת בעור הבשר או איפכא יראה בתחילה ואותו לא עלה לו כאילו לא הוסגר: \n\n"
        ], 
        [
            "<b>מי שנשר כל שיער ראשו וכו'.</b> בפ''י דנגעים איזו היא קרחת אבל נשם וסך נשם פירוש נשם סם שהוא משיר השיער מכה שאינה ראויה לגדל שיער ומשמע דה''ה לגבחת. \n", 
            "<b>ועל מ''ש בין מחמת חולי,</b> יש לתמוה דבת''כ תניא איפכא יכול אפילו נשר מחמת חולי יהא טמא ת''ל קרחת וגבחת מה קרחת בידי שמים אף גבחת בידי שמים. ונראה דרבינו גריס יכול נשר מחמת חולי יהא טהור ת''ל קרחת וכו' ועל כרחך צריך לגרוס כן ואידך גירסא משובשת היא דהא חולי בידי שמים הוא והיאך אפשר לומר דממעט ליה מבידי שמים. \n", 
            "<b>ומ''ש אע''פ שראוי לגדל לאחר זמן,</b> כ''כ שם רבינו אבל ר''ש כתב הקרחת והגבחת הם בראש כדמפרש ואין זה כמו נתק דנתק חוזר ומגדל שיער ומיטמא בכל מראה וקרחת וגבחת אין מגדלין עוד שיער ואין מטמאין אלא בד' מראות ואע''פ שר''ש הביא ברייתא דת''כ דקתני מה קרחת שאינה ראויה לגדל שיער אף גבחת שאינה ראויה לגדל שיער בספרים דידן בת''כ גרסינן איפכא אי מה קרחת שאינה ראויה לגדל שיער אף גבחת שאינה ראויה לגדל שיער מנין אכל נשם וסך נשם ת''ל קרחת קרחת ריבה. ומ''מ לדעת רבינו צ''ע מה בין קרחת וגבחת לנתק וצ''ל שדעתו כמ''ש הרמב''ן בפירוש התורה שמ''ש כי יהיה בו נגע בראש או בזקן אין צריך שיהיה שום שינוי בעור הראש אלא כיון שניתק שיער כגריס בראש או בזקן ונעקר משורשו לגמרי הוא הנגע ואם נולד בו שיער צהוב דק טמא וזו היא צרעת הראש או הזקן והפרשה השנייה ואיש כי ימרט ראשו לימדה כי אין דין הנתקין אלא כאשר ימרט אמצעות הראש וישאר השיער מקיף את הנתק מכל צד אבל אם ימרט אחור הראש או פאת הפנים וינתק כל הצד ההוא אינו נידון בסימני ראש וזקן אלא בסימני עור בשר והטעם כי בטבעי בני אדם רבים שיקרח להם מיעוט השיער בפאתי הראש לאחור או לפנים ואין הנתוק בהם חולי אחר אלא הרי הוא כשאר הגוף אבל כאשר ינתק השיער באמצעות מקום השיער אינו אלא חולי שקורין אותו הלועזים שלנו טינג''א ובערב אילפעפ''ע ומיעט הכתוב שנקרח מפאת פניו או מאחוריו שכן דרך בני אדם להקרח ואמר הכתוב וכי יהיה בקרחת או בגבחת נגע לבן אדמדם שיטמא כשאר הגוף בפתוך ובחלק ואמר כמראה צרעת עור בשר שיהיה מוחלט במחיה או בפשיון שהיא הצרעת החלוטה בעור הבשר והזכירו רז''ל שאינו מטמא בשיער לבן כמו ששנינו שהמחיה מטמא בקרחת ובגבחת מה שאין כן בשיער לבן ונדרש הוא בתורת כהנים עכ''ל: \n\n"
        ], 
        [
            "<b>הקרחת והגבחת מטמאות בב' סימנים וכו'.</b> גם זה שם. \n", 
            "<b>ומה שכתב ויש בהם הסגר שני שבועות.</b> בפרק שלישי. \n", 
            "<b>ומה שכתב ולפי שאין בהם שיער אין השיער לבן סימן טומאה.</b> ז''ל רבינו שמשון בסוף פרק עשירי במחיה ובפשיון בתורת כהנים נפקא לן מדכתיב צרעת פורחת היא צרעת מלמד שמטמאה במחיה וכו' היא שאינה מטמאה בשיער לבן וסובר רבינו שהתורה מיעטה מהטעם שכתב: \n\n"
        ], 
        [
            "<b>הקרחת והגבחת אינן מצטרפות זו עם זו וכו'</b> בפרק עשירי. \n", 
            "<b>ומה שכתב ולא לשאר עור הבשר ולא בהרת עור הבשר פושה לתוכן.</b> בפרק ששי חזר הראש והזקן ונקרחו וכו' אין מצטרפין בנגעים ואין הנגע פושה לתוכן ובתוספתא סוף פרק ג' השחין והמכוה והנתקין והקרחת והגבחת ועור אין פושין מזה לזה: \n\n"
        ], 
        [
            "<b>הקרחת או הגבחת או הזקן שנקרח וכו'.</b> תוספתא פ''ד. \n", 
            "<b>ומ''ש אלא שאין מטמאין בשיער לבן.</b> בת''כ: \n", 
            "<b>הראש והזקן קודם שיצמח בהם השיער וכו' וכן הדלדולין וכו'.</b> משנה פ''ו. \n", 
            "<b>ומ''ש וכן זקן האשה והסריס וכו'.</b> תוספתא פרק ד': \n\n"
        ]
    ], 
    "ref": "Kessef Mishneh on Mishneh Torah, Defilement by Leprosy 5", 
    "type": "Halakhah", 
    "addressTypes": [
        "Integer", 
        "Integer", 
        "Integer"
    ], 
    "indexTitle": "Kessef Mishneh on Mishneh Torah, Defilement by Leprosy", 
    "heIndexTitle": "כסף משנה על משנה תורה, הלכות טומאת צרעת", 
    "alts": [], 
    "order": ""
}]