{
    "heTitleVariants": [
        "תשובות הרדב\"ז חלק ו"
    ], 
    "heTitle": "תשובות הרדב\"ז חלק ו", 
    "heRef": "תשובות הרדב\"ז חלק ו א׳ש", 
    "toSections": [
        1300
    ], 
    "sectionRef": "Teshuvot HaRadbaz Volume 6 1300", 
    "next": "Teshuvot HaRadbaz Volume 6 2051", 
    "content": [], 
    "book": "Teshuvot HaRadbaz Volume 6", 
    "prev": null, 
    "textDepth": 2, 
    "sectionNames": [
        "Teshuva", 
        "Paragraph"
    ], 
    "sections": [
        1300
    ], 
    "isComplex": false, 
    "titleVariants": [
        "Teshuvot HaRadbaz Volume 6"
    ], 
    "categories": [
        "Responsa", 
        "Radbaz"
    ], 
    "ref": "Teshuvot HaRadbaz Volume 6 1300", 
    "type": "Responsa", 
    "addressTypes": [
        "Integer", 
        "Integer"
    ], 
    "indexTitle": "Teshuvot HaRadbaz Volume 6", 
    "heIndexTitle": "תשובות הרדב\"ז חלק ו", 
    "alts": [], 
    "order": ""
}