{
    "heTitleVariants": [
        "משנה תורה, הל' אבל", 
        "רמב\"ם הל' אבל", 
        "רמב\"ם הלכות אבל", 
        "משנה תורה, הלכות אבל", 
        "רמב\"ם, הל' אבל", 
        "רמב\"ם, הלכות אבל"
    ], 
    "heTitle": "משנה תורה, הלכות אבל", 
    "heRef": "משנה תורה, הלכות אבל ה׳", 
    "toSections": [
        5
    ], 
    "sectionRef": "Mishneh Torah, Mourning 5", 
    "lengths": [
        14
    ], 
    "next": "Mishneh Torah, Mourning 6", 
    "content": [
        {
            "segmentNumber": "1", 
            "he": "אֵלוּ דְּבָרִים שֶׁהָאָבֵל אָסוּר בָּהֶן בְּיוֹם רִאשׁוֹן מִן הַתּוֹרָה וּבִשְׁאָר יָמִים מִדִּבְרֵיהֶם. אָסוּר לְסַפֵּר. וּלְכַבֵּס. וְלִרְחֹץ. וְלָסוּךְ. וּלְשַׁמֵּשׁ מִטָּתוֹ. וְלִנְעל אֶת הַסַּנְדָּל. וְלַעֲשׂוֹת מְלָאכָה. וְלִקְרוֹת בְּדִבְרֵי תּוֹרָה. וְלִזְקֹף אֶת הַמִּטָּה. וְלִפְרֹעַ אֶת רֹאשׁוֹ. וְלִשְׁאל שָׁלוֹם. הַכּל אַחַד עָשָׂר דָּבָר: \n", 
            "links": [
                {
                    "category": "Halakhah", 
                    "sourceHeRef": "כסף משנה על משנה תורה, הלכות אבל ה׳:א׳:א׳", 
                    "sourceRef": "Kessef Mishneh on Mishneh Torah, Mourning 5:1:1", 
                    "ref": "Kessef Mishneh on Mishneh Torah, Mourning 5:1:1"
                }, 
                {
                    "category": "Halakhah", 
                    "sourceHeRef": "כסף משנה על משנה תורה, הלכות אבל ה׳:א׳:ב׳", 
                    "sourceRef": "Kessef Mishneh on Mishneh Torah, Mourning 5:1:2", 
                    "ref": "Kessef Mishneh on Mishneh Torah, Mourning 5:1:2"
                }
            ], 
            "text": ""
        }, 
        {
            "segmentNumber": "2", 
            "he": "וּמִנַּיִן שֶׁהָאָבֵל אָסוּר בְּתִסְפֹּרֶת. שֶׁהֲרֵי הִזְהִיר בְּנֵי אַהֲרֹן <small>(ויקרא י-ו)</small> \"רָאשֵׁיכֶם אַל תִּפְרָעוּ\". מִכְלַל שֶׁכָּל הַמִּתְאַבֵּל אָסוּר לְסַפֵּר שְׂעָרוֹ אֶלָּא מְגַדֵּל פֶּרַע. וּכְשֵׁם שֶׁאָסוּר לְגַלֵּחַ שְׂעַר רֹאשׁוֹ כָּךְ אָסוּר לְגַלֵּחַ שְׂעַר זְקָנוֹ וְכָל שֵׂעָר שֶׁיֵּשׁ בּוֹ. אֶחָד הַמְגַלֵּחַ וְאֶחָד הַמִּתְגַּלֵּחַ. הָיָה מְגַלֵּחַ וְשָׁמַע שֶׁמֵּת אָבִיו מַשְׁלִים תִּגְלַחַת שְׂעָרוֹ אֶחָד הַמְגַלֵּחַ וְאֶחָד הַמִּתְגַּלֵּחַ. וְכֵן אָסוּר לְגַלֵּחַ שָׂפָה וְלִטּל צִפָּרְנָיו בִּכְלִי אֲבָל בְּשִׁנָּיו אוֹ שֶׁנּוֹטֵל צִפֹּרֶן בְּצִפֹּרֶן מֻתָּר: \n", 
            "links": [
                {
                    "category": "Tanach", 
                    "sourceHeRef": "ויקרא י׳", 
                    "sourceRef": "Leviticus 10", 
                    "ref": "Leviticus 10"
                }, 
                {
                    "category": "Halakhah", 
                    "sourceHeRef": "כסף משנה על משנה תורה, הלכות אבל ה׳:ב׳:א׳", 
                    "sourceRef": "Kessef Mishneh on Mishneh Torah, Mourning 5:2:1", 
                    "ref": "Kessef Mishneh on Mishneh Torah, Mourning 5:2:1"
                }, 
                {
                    "category": "Halakhah", 
                    "sourceHeRef": "כסף משנה על משנה תורה, הלכות אבל ה׳:ב׳:ב׳", 
                    "sourceRef": "Kessef Mishneh on Mishneh Torah, Mourning 5:2:2", 
                    "ref": "Kessef Mishneh on Mishneh Torah, Mourning 5:2:2"
                }, 
                {
                    "category": "Halakhah", 
                    "sourceHeRef": "כסף משנה על משנה תורה, הלכות אבל ה׳:ב׳:ג׳", 
                    "sourceRef": "Kessef Mishneh on Mishneh Torah, Mourning 5:2:3", 
                    "ref": "Kessef Mishneh on Mishneh Torah, Mourning 5:2:3"
                }, 
                {
                    "category": "Halakhah", 
                    "sourceHeRef": "כסף משנה על משנה תורה, הלכות אבל ה׳:ב׳:ד׳", 
                    "sourceRef": "Kessef Mishneh on Mishneh Torah, Mourning 5:2:4", 
                    "ref": "Kessef Mishneh on Mishneh Torah, Mourning 5:2:4"
                }, 
                {
                    "category": "Halakhah", 
                    "sourceHeRef": "כסף משנה על משנה תורה, הלכות אבל ה׳:ב׳:ה׳", 
                    "sourceRef": "Kessef Mishneh on Mishneh Torah, Mourning 5:2:5", 
                    "ref": "Kessef Mishneh on Mishneh Torah, Mourning 5:2:5"
                }, 
                {
                    "category": "Halakhah", 
                    "sourceHeRef": "כסף משנה על משנה תורה, הלכות אבל ה׳:ב׳:ו׳", 
                    "sourceRef": "Kessef Mishneh on Mishneh Torah, Mourning 5:2:6", 
                    "ref": "Kessef Mishneh on Mishneh Torah, Mourning 5:2:6"
                }
            ], 
            "text": ""
        }, 
        {
            "segmentNumber": "3", 
            "he": "וּמִנַּיִן שֶׁהָאָבֵל אָסוּר לְכַבֵּס בְּגָדָיו וְלִרְחֹץ גּוּפוֹ וְלָסוּךְ. שֶׁנֶּאֱמַר <small>(שמואל ב יד-ב)</small> \"הִתְאַבְּלִי נָא וְלִבְשִׁי בִגְדֵי אֵבֶל וְאַל תָּסוּכִי שֶׁמֶן\". וּרְחִיצָה בִּכְלַל סִיכָה שֶׁהָרְחִיצָה קוֹדֶמֶת לְסִיכָה שֶׁנֶּאֱמַר <small>(רות ג-ג)</small> \"וְרָחַצְתְּ וָסַכְתְּ\". וּכְשֵׁם שֶׁאָבֵל אָסוּר בְּכִבּוּס בְּגָדִים כָּךְ אָסוּר לִלְבּשׁ כֵּלִים לְבָנִים חֲדָשִׁים וּמְגֹהָצִין: \n", 
            "links": [
                {
                    "category": "Tanach", 
                    "sourceHeRef": "שמואל ב י״ד", 
                    "sourceRef": "II Samuel 14", 
                    "ref": "II Samuel 14"
                }, 
                {
                    "category": "Tanach", 
                    "sourceHeRef": "רות ג׳", 
                    "sourceRef": "Ruth 3", 
                    "ref": "Ruth 3"
                }, 
                {
                    "category": "Halakhah", 
                    "sourceHeRef": "כסף משנה על משנה תורה, הלכות אבל ה׳:ג׳:א׳", 
                    "sourceRef": "Kessef Mishneh on Mishneh Torah, Mourning 5:3:1", 
                    "ref": "Kessef Mishneh on Mishneh Torah, Mourning 5:3:1"
                }, 
                {
                    "category": "Halakhah", 
                    "sourceHeRef": "כסף משנה על משנה תורה, הלכות אבל ה׳:ג׳:ב׳", 
                    "sourceRef": "Kessef Mishneh on Mishneh Torah, Mourning 5:3:2", 
                    "ref": "Kessef Mishneh on Mishneh Torah, Mourning 5:3:2"
                }
            ], 
            "text": ""
        }, 
        {
            "segmentNumber": "4", 
            "he": "אָסוּר לָסוּךְ מִקְצָת גּוּפוֹ כְּכָל גּוּפוֹ. וְאִם לְהַעֲבִיר אֶת הַזֻּהֲמָא מֻתָּר. וְכֵן אָסוּר בִּרְחִיצַת מִקְצָת גּוּפוֹ בְּחַמִּין. אֲבָל בְּצוֹנֵן רוֹחֵץ פָּנָיו יָדָיו וְרַגְלָיו אֲבָל לֹא כָּל גּוּפוֹ: \n", 
            "links": [
                {
                    "category": "Halakhah", 
                    "sourceHeRef": "כסף משנה על משנה תורה, הלכות אבל ה׳:ד׳:א׳", 
                    "sourceRef": "Kessef Mishneh on Mishneh Torah, Mourning 5:4:1", 
                    "ref": "Kessef Mishneh on Mishneh Torah, Mourning 5:4:1"
                }
            ], 
            "text": ""
        }, 
        {
            "segmentNumber": "5", 
            "he": "מִנַּיִן לְאָבֵל שֶׁאָסוּר בְּתַשְׁמִישׁ הַמִּטָּה. שֶׁנֶּאֱמַר <small>(שמואל ב יב-כד)</small> \"וַיְנַחֵם דָּוִד אֵת בַּת שֶׁבַע אִשְׁתּוֹ וַיָּבֹא אֵלֶיהָ וַיִּשְׁכַּב עִמָּהּ\". מִכְלַל שֶׁהָיָה אָסוּר מִקֹּדֶם. וְכֵן לֹא יִשָּׂא הָאָבֵל אִשָּׁה וְלֹא תִּנָּשֵׂא אִשָּׁה אַף עַל פִּי שֶׁאֵין מְשַׁמְּשִׁין מִטָּתָן. וּמֻתָּר לְהִתְיַחֵד עִם אִשְׁתּוֹ וְאַף עַל פִּי שֶׁהוּא אָסוּר בְּתַשְׁמִישׁ הַמִּטָּה: \n", 
            "links": [
                {
                    "category": "Tanach", 
                    "sourceHeRef": "שמואל ב י״ב", 
                    "sourceRef": "II Samuel 12", 
                    "ref": "II Samuel 12"
                }, 
                {
                    "category": "Halakhah", 
                    "sourceHeRef": "כסף משנה על משנה תורה, הלכות אבל ה׳:ה׳:א׳", 
                    "sourceRef": "Kessef Mishneh on Mishneh Torah, Mourning 5:5:1", 
                    "ref": "Kessef Mishneh on Mishneh Torah, Mourning 5:5:1"
                }, 
                {
                    "category": "Halakhah", 
                    "sourceHeRef": "כסף משנה על משנה תורה, הלכות אבל ה׳:ה׳:ב׳", 
                    "sourceRef": "Kessef Mishneh on Mishneh Torah, Mourning 5:5:2", 
                    "ref": "Kessef Mishneh on Mishneh Torah, Mourning 5:5:2"
                }, 
                {
                    "category": "Halakhah", 
                    "sourceHeRef": "כסף משנה על משנה תורה, הלכות אבל ה׳:ה׳:ג׳", 
                    "sourceRef": "Kessef Mishneh on Mishneh Torah, Mourning 5:5:3", 
                    "ref": "Kessef Mishneh on Mishneh Torah, Mourning 5:5:3"
                }
            ], 
            "text": ""
        }, 
        {
            "segmentNumber": "6", 
            "he": "מִנַּיִן שֶׁהָאָבֵל אָסוּר בִּנְעִילַת הַסַּנְדָּל. שֶׁהֲרֵי נֶאֱמַר לִיחֶזְקֵאל <small>(יחזקאל כד-יז)</small> \"וּנְעָלֶיךָ תָּשִׂים בְּרַגְלֶיךָ\". מִכְלַל שֶׁכָּל הָעָם אֲסוּרִין. הָיָה בָּא בַּדֶּרֶךְ נוֹעֵל וְהוֹלֵךְ וּכְשֶׁיִּכָּנֵס בַּמְּדִינָה חוֹלֵץ מִנְעָלָיו: \n", 
            "links": [
                {
                    "category": "Tanach", 
                    "sourceHeRef": "יחזקאל כ״ד", 
                    "sourceRef": "Ezekiel 24", 
                    "ref": "Ezekiel 24"
                }, 
                {
                    "category": "Halakhah", 
                    "sourceHeRef": "כסף משנה על משנה תורה, הלכות אבל ה׳:ו׳:א׳", 
                    "sourceRef": "Kessef Mishneh on Mishneh Torah, Mourning 5:6:1", 
                    "ref": "Kessef Mishneh on Mishneh Torah, Mourning 5:6:1"
                }, 
                {
                    "category": "Halakhah", 
                    "sourceHeRef": "כסף משנה על משנה תורה, הלכות אבל ה׳:ו׳:ב׳", 
                    "sourceRef": "Kessef Mishneh on Mishneh Torah, Mourning 5:6:2", 
                    "ref": "Kessef Mishneh on Mishneh Torah, Mourning 5:6:2"
                }
            ], 
            "text": ""
        }, 
        {
            "segmentNumber": "7", 
            "he": "רֶמֶז לְאָבֵל שֶׁאָסוּר בַּעֲשִׂיַּת מְלָאכָה. זֶה שֶׁנֶּאֱמַר <small>(עמוס ח-י)</small> \"וְהָפַכְתִּי חַגֵּיכֶם לְאֵבֶל\" מָה חַג אָסוּר בַּעֲשִׂיַּת מְלָאכָה אַף אָבֵל אָסוּר בַּעֲשִׂיַּת מְלָאכָה. וּכְשֵׁם שֶׁהוּא אָסוּר בַּעֲשִׂיַּת מְלָאכָה כָּךְ הוּא אָסוּר לִשָּׂא וְלִתֵּן בִּסְחוֹרָה וְלֵילֵךְ מִמְּדִינָה לִמְדִינָה בִּסְחוֹרָה: \n", 
            "links": [
                {
                    "category": "Tanach", 
                    "sourceHeRef": "עמוס ח׳", 
                    "sourceRef": "Amos 8", 
                    "ref": "Amos 8"
                }, 
                {
                    "category": "Halakhah", 
                    "sourceHeRef": "כסף משנה על משנה תורה, הלכות אבל ה׳:ז׳:א׳", 
                    "sourceRef": "Kessef Mishneh on Mishneh Torah, Mourning 5:7:1", 
                    "ref": "Kessef Mishneh on Mishneh Torah, Mourning 5:7:1"
                }, 
                {
                    "category": "Halakhah", 
                    "sourceHeRef": "כסף משנה על משנה תורה, הלכות אבל ה׳:ז׳:ב׳", 
                    "sourceRef": "Kessef Mishneh on Mishneh Torah, Mourning 5:7:2", 
                    "ref": "Kessef Mishneh on Mishneh Torah, Mourning 5:7:2"
                }, 
                {
                    "category": "Halakhah", 
                    "sourceHeRef": "כסף משנה על משנה תורה, הלכות אבל ה׳:ז׳:ג׳", 
                    "sourceRef": "Kessef Mishneh on Mishneh Torah, Mourning 5:7:3", 
                    "ref": "Kessef Mishneh on Mishneh Torah, Mourning 5:7:3"
                }
            ], 
            "text": ""
        }, 
        {
            "segmentNumber": "8", 
            "he": "כָּל שְׁלֹשָׁה יָמִים הָרִאשׁוֹנִים אָסוּר בַּעֲשִׂיַּת מְלָאכָה אֲפִלּוּ הָיָה עָנִי הַמִּתְפַּרְנֵס מִן הַצְּדָקָה. מִכָּאן וְאֵילָךְ אִם הָיָה עָנִי עוֹשֶׂה בְּצִנְעָה בְּתוֹךְ בֵּיתוֹ. וְהָאִשָּׁה טוָֹה בַּפֶּלֶךְ בְּתוֹךְ בֵּיתָה: \n", 
            "links": [
                {
                    "category": "Halakhah", 
                    "sourceHeRef": "כסף משנה על משנה תורה, הלכות אבל ה׳:ח׳:א׳", 
                    "sourceRef": "Kessef Mishneh on Mishneh Torah, Mourning 5:8:1", 
                    "ref": "Kessef Mishneh on Mishneh Torah, Mourning 5:8:1"
                }
            ], 
            "text": ""
        }, 
        {
            "segmentNumber": "9", 
            "he": "שְׁנֵי אַחִים אוֹ שְׁנֵי שֻׁתָּפִין שֶׁהָיוּ בַּחֲנוּת אַחַת וְאֵרַע אֵבֶל לְאֶחָד מֵהֶן. נוֹעֲלִין אֶת הַחֲנוּת כָּל שִׁבְעָה: \n", 
            "links": [
                {
                    "category": "Halakhah", 
                    "sourceHeRef": "כסף משנה על משנה תורה, הלכות אבל ה׳:ט׳:א׳", 
                    "sourceRef": "Kessef Mishneh on Mishneh Torah, Mourning 5:9:1", 
                    "ref": "Kessef Mishneh on Mishneh Torah, Mourning 5:9:1"
                }
            ], 
            "text": ""
        }, 
        {
            "segmentNumber": "10", 
            "he": "אֲפִלּוּ דְּבָרִים שֶׁמֻּתָּר לַעֲשׂוֹתָן בְּחֻלּוֹ שֶׁל מוֹעֵד אָסוּר לְאָבֵל לַעֲשׂוֹתָן בְּיָדוֹ בִּימֵי אֶבְלוֹ. אֲבָל אֲחֵרִים עוֹשִׂים לוֹ. כֵּיצַד. הָיוּ זֵיתָיו לַהֲפֹךְ וְכַדָּיו לָגוֹף וּפִשְׁתָּנוֹ לַעֲלוֹת מִן הַמִּשְׁרָה וְצַמְרוֹ מִן הַיּוֹרָה. שׂוֹכֵר אֲחֵרִים לַעֲשׂוֹת לוֹ כְּדֵי שֶׁלֹּא יֹאבְדוּ. וּמְרַבְּצִין לוֹ שָׂדֵהוּ מִשֶּׁתַּגִּיעַ עוֹנַת הַמַּיִם: \n", 
            "links": [
                {
                    "category": "Halakhah", 
                    "sourceHeRef": "כסף משנה על משנה תורה, הלכות אבל ה׳:י׳:א׳", 
                    "sourceRef": "Kessef Mishneh on Mishneh Torah, Mourning 5:10:1", 
                    "ref": "Kessef Mishneh on Mishneh Torah, Mourning 5:10:1"
                }, 
                {
                    "category": "Halakhah", 
                    "sourceHeRef": "כסף משנה על משנה תורה, הלכות אבל ה׳:י׳:ב׳", 
                    "sourceRef": "Kessef Mishneh on Mishneh Torah, Mourning 5:10:2", 
                    "ref": "Kessef Mishneh on Mishneh Torah, Mourning 5:10:2"
                }
            ], 
            "text": ""
        }, 
        {
            "segmentNumber": "11", 
            "he": "הָאֲרִיסִין וְהַחֲכִירִין שֶׁלּוֹ וְהַקַּבְּלָנִין הֲרֵי אֵלּוּ יַעֲשׂוּ כְּדַרְכָּן. אֲבָל הַחַמָּרִים וְהַגַּמָּלִים בַּבְּהֵמוֹת שֶׁלּוֹ וְהַסַּפָּנִים בַּסְּפִינָה שֶׁלּוֹ הֲרֵי אֵלּוּ לֹא יַעֲשׂוּ. וְאִם הָיוּ מֻחְכָּרִים אוֹ מֻשְׂכָּרִים מִקֹּדֶם לִזְמַן קָצוּב הֲרֵי אֵלּוּ יַעֲשׂוּ: \n", 
            "links": [
                {
                    "category": "Halakhah", 
                    "sourceHeRef": "כסף משנה על משנה תורה, הלכות אבל ה׳:י״א:א׳", 
                    "sourceRef": "Kessef Mishneh on Mishneh Torah, Mourning 5:11:1", 
                    "ref": "Kessef Mishneh on Mishneh Torah, Mourning 5:11:1"
                }, 
                {
                    "category": "Halakhah", 
                    "sourceHeRef": "כסף משנה על משנה תורה, הלכות אבל ה׳:י״א:ב׳", 
                    "sourceRef": "Kessef Mishneh on Mishneh Torah, Mourning 5:11:2", 
                    "ref": "Kessef Mishneh on Mishneh Torah, Mourning 5:11:2"
                }
            ], 
            "text": ""
        }, 
        {
            "segmentNumber": "12", 
            "he": "שְׂכִיר יוֹם אֲפִלּוּ בְּעִיר אַחֶרֶת לֹא יַעֲשֶׂה לוֹ: \n", 
            "links": [
                {
                    "category": "Halakhah", 
                    "sourceHeRef": "כסף משנה על משנה תורה, הלכות אבל ה׳:י״ב:א׳", 
                    "sourceRef": "Kessef Mishneh on Mishneh Torah, Mourning 5:12:1", 
                    "ref": "Kessef Mishneh on Mishneh Torah, Mourning 5:12:1"
                }
            ], 
            "text": ""
        }, 
        {
            "segmentNumber": "13", 
            "he": "הָאָבֵל שֶׁהָיְתָה מְלֶאכֶת אֲחֵרִים בְּיָדוֹ בֵּין בְּקַבְּלָנוּת בֵּין שֶׁאֵינָהּ בְּקַבְּלָנוּת לֹא יַעֲשֶׂה. הָיְתָה מְלַאכְתּוֹ בְּיַד אֲחֵרִים. בְּבֵיתוֹ לֹא יַעֲשׂוּ בְּבַיִת אַחֵר עוֹשִׂין: \n", 
            "links": [
                {
                    "category": "Halakhah", 
                    "sourceHeRef": "כסף משנה על משנה תורה, הלכות אבל ה׳:י״ג:א׳", 
                    "sourceRef": "Kessef Mishneh on Mishneh Torah, Mourning 5:13:1", 
                    "ref": "Kessef Mishneh on Mishneh Torah, Mourning 5:13:1"
                }, 
                {
                    "category": "Halakhah", 
                    "sourceHeRef": "כסף משנה על משנה תורה, הלכות אבל ה׳:י״ג:ב׳", 
                    "sourceRef": "Kessef Mishneh on Mishneh Torah, Mourning 5:13:2", 
                    "ref": "Kessef Mishneh on Mishneh Torah, Mourning 5:13:2"
                }
            ], 
            "text": ""
        }, 
        {
            "segmentNumber": "14", 
            "he": "הָיָה לוֹ דִּין עִם אָדָם אֵינוֹ תּוֹבְעוֹ כָּל שִׁבְעַת יְמֵי הָאֲבֵלוּת. וְאִם הָיָה דָּבָר אָבֵד עוֹשֶׂה שָׁלִיחַ. כָּזֶה הוֹרוּ הַגְּאוֹנִים: \n", 
            "links": [
                {
                    "category": "Halakhah", 
                    "sourceHeRef": "כסף משנה על משנה תורה, הלכות אבל ה׳:י״ד:א׳", 
                    "sourceRef": "Kessef Mishneh on Mishneh Torah, Mourning 5:14:1", 
                    "ref": "Kessef Mishneh on Mishneh Torah, Mourning 5:14:1"
                }
            ], 
            "text": ""
        }, 
        {
            "segmentNumber": "15", 
            "he": "מִנַּיִן שֶׁהָאָבֵל אָסוּר בְּדִבְרֵי תּוֹרָה. שֶׁהֲרֵי נֶאֱמַר לִיחֶזְקֵאל <small>(יחזקאל כד-יז)</small> \"הֵאָנֵק דֹּם\": \n", 
            "links": [
                {
                    "category": "Tanach", 
                    "sourceHeRef": "יחזקאל כ״ד", 
                    "sourceRef": "Ezekiel 24", 
                    "ref": "Ezekiel 24"
                }
            ], 
            "text": ""
        }, 
        {
            "segmentNumber": "16", 
            "he": "אָסוּר לִקְרוֹת בַּתּוֹרָה בַּנְּבִיאִים וּבַכְּתוּבִים וְלִשְׁנוֹת בַּמִּשְׁנָה וּבַמִּדְרָשׁ וּבַהֲלָכוֹת. וְאִם הָיוּ רַבִּים צְרִיכִין לוֹ מֻתָּר וּבִלְבַד שֶׁלֹּא יַעֲמִיד תֻּרְגְּמָן אֶלָּא יִלְחשׁ לְאַחֵר בְּצִדּוֹ וְזֶה שֶׁבְּצִדּוֹ אוֹמֵר לַתֻּרְגְּמָן וְהַתֻּרְגְּמָן מַשְׁמִיעַ לָרַבִּים: \n", 
            "links": [
                {
                    "category": "Halakhah", 
                    "sourceHeRef": "כסף משנה על משנה תורה, הלכות אבל ה׳:ט״ז:א׳", 
                    "sourceRef": "Kessef Mishneh on Mishneh Torah, Mourning 5:16:1", 
                    "ref": "Kessef Mishneh on Mishneh Torah, Mourning 5:16:1"
                }
            ], 
            "text": ""
        }, 
        {
            "segmentNumber": "17", 
            "he": "וּמִנַּיִן שֶׁאֵין הָאָבֵל יוֹשֵׁב עַל הַמִּטָּה. שֶׁנֶּאֱמַר <small>(שמואל ב יג-לא)</small> \"וַיָּקָם הַמֶּלֶךְ וַיִּקְרַע אֶת בְּגָדָיו וַיִּשְׁכַּב אָרְצָה\": \n", 
            "links": [
                {
                    "category": "Tanach", 
                    "sourceHeRef": "שמואל ב י״ג", 
                    "sourceRef": "II Samuel 13", 
                    "ref": "II Samuel 13"
                }, 
                {
                    "category": "Halakhah", 
                    "sourceHeRef": "כסף משנה על משנה תורה, הלכות אבל ה׳:י״ז:א׳", 
                    "sourceRef": "Kessef Mishneh on Mishneh Torah, Mourning 5:17:1", 
                    "ref": "Kessef Mishneh on Mishneh Torah, Mourning 5:17:1"
                }
            ], 
            "text": ""
        }, 
        {
            "segmentNumber": "18", 
            "he": "וְחַיָּב לִכְפּוֹת הַמִּטָּה כָּל שִׁבְעָה. וְלֹא מִטָּתוֹ בִּלְבַד הוּא כּוֹפֶה אֶלָּא כָּל הַמִּטּוֹת שֶׁיֵּשׁ לוֹ בְּתוֹךְ בֵּיתוֹ הוּא כּוֹפֶה אֲפִלּוּ עֶשֶׂר מִטּוֹת בַּעֲשָׂרָה בָּתִּים וּבְעֶשֶׂר עֲיָרוֹת חַיָּב לִכְפּוֹת אֶת כֻּלָּן. וַאֲפִלּוּ חֲמִשָּׁה אַחִים וּמֵת אֶחָד מֵהֶן כֻּלָּן כּוֹפִין אֶת מִטּוֹתֵיהֶן. הַמִּטָּה הַמְיֻחֶדֶת לְכֵלִים אוֹ לְמָעוֹת אֵינוֹ צָרִיךְ לִכְפּוֹתָהּ. דַּרְגָּשׁ אֵינוֹ צָרִיךְ לִכְפּוֹתוֹ אֶלָּא מַתִּיר אֶת קַרְבִּיטָיו וְהוּא נוֹפֵל מֵאֵלָיו. מִטָּה שֶׁנַּקְלִיטֶיהָ יוֹצְאִין מִמֶּנָּה שֶׁהֲרֵי אִי אֶפְשָׁר לְהָפְכָהּ זוֹקְפָהּ וְדַיּוֹ. הָפַךְ כָּל מִטּוֹתָיו וְהָיָה הוּא יָשֵׁן עַל גַּבֵּי מִטּוֹת אֲחֵרִים אוֹ עַל גַּבֵּי כִּסֵּא אוֹ עַל גַּבֵּי אָרוֹן אוֹ עַל גַּבֵּי קַרְקַע לֹא יָצָא יְדֵי חוֹבָתוֹ אֶלָּא יָשֵׁן עַל גַּבֵּי הַמִּטָּה הַכְּפוּיָה: \n", 
            "links": [
                {
                    "category": "Halakhah", 
                    "sourceHeRef": "כסף משנה על משנה תורה, הלכות אבל ה׳:י״ח:א׳", 
                    "sourceRef": "Kessef Mishneh on Mishneh Torah, Mourning 5:18:1", 
                    "ref": "Kessef Mishneh on Mishneh Torah, Mourning 5:18:1"
                }, 
                {
                    "category": "Halakhah", 
                    "sourceHeRef": "כסף משנה על משנה תורה, הלכות אבל ה׳:י״ח:ב׳", 
                    "sourceRef": "Kessef Mishneh on Mishneh Torah, Mourning 5:18:2", 
                    "ref": "Kessef Mishneh on Mishneh Torah, Mourning 5:18:2"
                }, 
                {
                    "category": "Halakhah", 
                    "sourceHeRef": "כסף משנה על משנה תורה, הלכות אבל ה׳:י״ח:ג׳", 
                    "sourceRef": "Kessef Mishneh on Mishneh Torah, Mourning 5:18:3", 
                    "ref": "Kessef Mishneh on Mishneh Torah, Mourning 5:18:3"
                }, 
                {
                    "category": "Halakhah", 
                    "sourceHeRef": "כסף משנה על משנה תורה, הלכות אבל ה׳:י״ח:ד׳", 
                    "sourceRef": "Kessef Mishneh on Mishneh Torah, Mourning 5:18:4", 
                    "ref": "Kessef Mishneh on Mishneh Torah, Mourning 5:18:4"
                }, 
                {
                    "category": "Halakhah", 
                    "sourceHeRef": "כסף משנה על משנה תורה, הלכות אבל ה׳:י״ח:ה׳", 
                    "sourceRef": "Kessef Mishneh on Mishneh Torah, Mourning 5:18:5", 
                    "ref": "Kessef Mishneh on Mishneh Torah, Mourning 5:18:5"
                }
            ], 
            "text": ""
        }, 
        {
            "segmentNumber": "19", 
            "he": "מִנַּיִן לְאָבֵל שֶׁאָסוּר בִּפְרִיעַת הָרֹאשׁ. שֶׁהֲרֵי נֶאֱמַר לִיחֶזְקֵאל <small>(יחזקאל כד-יז)</small> \"לֹא תַעְטֶה עַל שָׂפָם\" מִכְלַל שֶׁשְּׁאָר הָאֲבֵלִים חַיָּבִין בַּעֲטִיפַת הָרֹאשׁ. וְהַסּוּדָר שֶׁמְּכַסֶּה בּוֹ רֹאשׁוֹ עוֹטֶה מִמִּקְצָתוֹ מְעַט עַל פִּיו. שֶׁנֶּאֱמַר <small>(ויקרא יג-מה)</small> \"וְעַל שָׂפָם יַעְטֶה\" וְאוּנְקְלוֹס תִּרְגֵּם כַּאֲבֵלָא יִתְעַטֵּף: \n", 
            "links": [
                {
                    "category": "Tanach", 
                    "sourceHeRef": "ויקרא י״ג", 
                    "sourceRef": "Leviticus 13", 
                    "ref": "Leviticus 13"
                }, 
                {
                    "category": "Tanach", 
                    "sourceHeRef": "יחזקאל כ״ד", 
                    "sourceRef": "Ezekiel 24", 
                    "ref": "Ezekiel 24"
                }, 
                {
                    "category": "Halakhah", 
                    "sourceHeRef": "כסף משנה על משנה תורה, הלכות אבל ה׳:י״ט:א׳", 
                    "sourceRef": "Kessef Mishneh on Mishneh Torah, Mourning 5:19:1", 
                    "ref": "Kessef Mishneh on Mishneh Torah, Mourning 5:19:1"
                }
            ], 
            "text": ""
        }, 
        {
            "segmentNumber": "20", 
            "he": "וּמִנַּיִן שֶׁהָאָבֵל אָסוּר בִּשְׁאֵלַת שָׁלוֹם. שֶׁנֶּאֱמַר <small>(יחזקאל כד-יז)</small> \"הֵאָנֵק דֹּם\". כָּל שְׁלֹשָׁה יָמִים הָרִאשׁוֹנִים מִי שֶׁנָּתַן לוֹ שָׁלוֹם אֵין מַחְזִיר לוֹ אֶלָּא מוֹדִיעוֹ שֶׁהוּא אָבֵל. וּמִשְּׁלֹשָׁה וְעַד שִׁבְעָה מִי שֶׁשָּׁאַל בִּשְׁלוֹמוֹ מַחְזִיר לוֹ שָׁלוֹם. וּמִשִּׁבְעָה וְעַד שְׁלֹשִׁים שׁוֹאֵל בִּשְׁלוֹם אֲחֵרִים אֲבָל אֲחֵרִים אֵין שׁוֹאֲלִין בִּשְׁלוֹמוֹ עַד לְאַחַר שְׁלֹשִׁים. וְעַל אָבִיו וְעַל אִמּוֹ אֵין שׁוֹאֲלִין בִּשְׁלוֹמוֹ עַד לְאַחַר שְׁנֵים עָשָׂר חֹדֶשׁ. אִם בִּשְׁאֵלַת שָׁלוֹם נֶאֱסַר בְּאָבֵל קַל וָחֹמֶר שֶׁהוּא אָסוּר לְהַרְבּוֹת דְּבָרִים וְלִשְׂחוֹק שֶׁנֶּאֱמַר דֹּם. וְלֹא יֶאֱחֹז תִּינוֹק בְּיָדוֹ שֶׁלֹּא יְבִיאֶנּוּ לִידֵי שְׂחוֹק. וְלֹא יִכָּנֵס לִמְקוֹם שִׂמְחָה כְּגוֹן בָּתֵּי הַמִּשְׁתָּאוֹת וְכַיּוֹצֵא בָּהֶן: \n", 
            "links": [
                {
                    "category": "Tanach", 
                    "sourceHeRef": "יחזקאל כ״ד", 
                    "sourceRef": "Ezekiel 24", 
                    "ref": "Ezekiel 24"
                }, 
                {
                    "category": "Halakhah", 
                    "sourceHeRef": "כסף משנה על משנה תורה, הלכות אבל ה׳:כ׳:א׳", 
                    "sourceRef": "Kessef Mishneh on Mishneh Torah, Mourning 5:20:1", 
                    "ref": "Kessef Mishneh on Mishneh Torah, Mourning 5:20:1"
                }, 
                {
                    "category": "Halakhah", 
                    "sourceHeRef": "כסף משנה על משנה תורה, הלכות אבל ה׳:כ׳:ב׳", 
                    "sourceRef": "Kessef Mishneh on Mishneh Torah, Mourning 5:20:2", 
                    "ref": "Kessef Mishneh on Mishneh Torah, Mourning 5:20:2"
                }, 
                {
                    "category": "Halakhah", 
                    "sourceHeRef": "כסף משנה על משנה תורה, הלכות אבל ה׳:כ׳:ג׳", 
                    "sourceRef": "Kessef Mishneh on Mishneh Torah, Mourning 5:20:3", 
                    "ref": "Kessef Mishneh on Mishneh Torah, Mourning 5:20:3"
                }, 
                {
                    "category": "Halakhah", 
                    "sourceHeRef": "כסף משנה על משנה תורה, הלכות אבל ה׳:כ׳:ד׳", 
                    "sourceRef": "Kessef Mishneh on Mishneh Torah, Mourning 5:20:4", 
                    "ref": "Kessef Mishneh on Mishneh Torah, Mourning 5:20:4"
                }, 
                {
                    "category": "Halakhah", 
                    "sourceHeRef": "כסף משנה על משנה תורה, הלכות אבל ה׳:כ׳:ה׳", 
                    "sourceRef": "Kessef Mishneh on Mishneh Torah, Mourning 5:20:5", 
                    "ref": "Kessef Mishneh on Mishneh Torah, Mourning 5:20:5"
                }
            ], 
            "text": ""
        }
    ], 
    "book": "Mishneh Torah, Mourning", 
    "prev": "Mishneh Torah, Mourning 4", 
    "textDepth": 2, 
    "sectionNames": [
        "Chapter", 
        "Halacha"
    ], 
    "sections": [
        5
    ], 
    "isComplex": false, 
    "titleVariants": [
        "Mishneh Torah, Hilchot Avel", 
        "Rambam, Avel", 
        "Mishneh Torah, Laws of Mourning", 
        "Rambam, Laws of Mourning", 
        "Rambam, Hilchot Avel", 
        "Rambam, Hilkhot Avel", 
        "Mishneh Torah, Hilkhot Avel", 
        "Rambam, Mourning", 
        "Mishneh Torah, Mourning", 
        "Mishneh Torah, Avel"
    ], 
    "categories": [
        "Halakhah", 
        "Mishneh Torah", 
        "Sefer Shoftim"
    ], 
    "ref": "Mishneh Torah, Mourning 5", 
    "type": "Halakhah", 
    "addressTypes": [
        "Integer", 
        "Integer"
    ], 
    "length": 14, 
    "indexTitle": "Mishneh Torah, Mourning", 
    "heIndexTitle": "משנה תורה, הלכות אבל", 
    "alts": [], 
    "order": [
        87, 
        4
    ]
}