{
    "heTitleVariants": [
        "שבת"
    ], 
    "heTitle": "שבת כ״ב ב", 
    "content": [
        {
            "segmentNumber": "1", 
            "he": "מעשר שני אין שוקלין כנגדו דנרי זהב ואפילו לחלל עליו מעשר שני אחר", 
            "links": [
                {
                    "category": "Tanach", 
                    "sourceHeRef": "ויקרא כ״ד:ג׳", 
                    "sourceRef": "Leviticus 24:3", 
                    "ref": "Leviticus 24:3"
                }, 
                {
                    "category": "Commentary", 
                    "sourceHeRef": "רש\"י על שבת כ״ב ב:א׳:א׳", 
                    "sourceRef": "Rashi on Shabbat 22b:1:1", 
                    "ref": "Rashi on Shabbat 22b:1:1"
                }, 
                {
                    "category": "Quoting Commentary", 
                    "sourceHeRef": " חידושי הלכות על מסכת שבת כ״ב ב:ב׳", 
                    "sourceRef": "Chidushei Halachot on Shabbat 22b:2", 
                    "ref": "Chidushei Halachot on Shabbat 22b:2"
                }
            ], 
            "text": "<i>Ma'aser Sheni</i> - [we] don't weigh against it golden <i>dinars</i> [coins of another denomination], even [in order] to redeem with them  other <i>Ma'aser Sheni</i>"
        }, 
        {
            "segmentNumber": "2", 
            "he": "אי אמרת בשלמא כי פליגי רב ושמואל מנר לנר אבל בקינסא אסר שמואל הא לא תהוי תיובתא", 
            "links": [
                {
                    "category": "Commentary", 
                    "sourceHeRef": "רש\"י על שבת כ״ב ב:ב׳:א׳", 
                    "sourceRef": "Rashi on Shabbat 22b:2:1", 
                    "ref": "Rashi on Shabbat 22b:2:1"
                }
            ], 
            "text": "It's alright if you say that Rav and Shmu'el disputed about lighting from flame to flame, but with a matchstick [even] Shmu'el forbade - this [<i>baraita</i>] would not be a refutation,"
        }, 
        {
            "segmentNumber": "3", 
            "he": "אלא אי אמרת בקינסא נמי שרי הא תהוי תיובתא", 
            "links": [], 
            "text": "but if you say that [Shmu'el] also permitted [lighting from candle to candle] with a matchstick - this [<i>baraita</i>] would be a refutation [of Shmu'el]! "
        }, 
        {
            "segmentNumber": "4", 
            "he": "אמר רבה", 
            "links": [], 
            "text": " Rabbah said: "
        }, 
        {
            "segmentNumber": "5", 
            "he": "גזירה שמא לא יכוין משקלותיו וקא מפיק להו לחולין", 
            "links": [
                {
                    "category": "Commentary", 
                    "sourceHeRef": "רש\"י על שבת כ״ב ב:ה׳:א׳", 
                    "sourceRef": "Rashi on Shabbat 22b:5:1", 
                    "ref": "Rashi on Shabbat 22b:5:1"
                }, 
                {
                    "category": "Commentary", 
                    "sourceHeRef": "רש\"י על שבת כ״ב ב:ה׳:ב׳", 
                    "sourceRef": "Rashi on Shabbat 22b:5:2", 
                    "ref": "Rashi on Shabbat 22b:5:2"
                }, 
                {
                    "category": "Quoting Commentary", 
                    "sourceHeRef": " חידושי הלכות על מסכת שבת כ״ב ב:א׳", 
                    "sourceRef": "Chidushei Halachot on Shabbat 22b:1", 
                    "ref": "Chidushei Halachot on Shabbat 22b:1"
                }
            ], 
            "text": "it is a [rabbinical prohibitive] decree - lest one not precisely balance one's measures, and spend them [the excess coins] for ordinary [i.e., non-sacred] things. "
        }, 
        {
            "segmentNumber": "6", 
            "he": "מתיב רב ששת", 
            "links": [], 
            "text": "Rav Sheshet responded [bringing a <i>baraita</i>]: "
        }, 
        {
            "segmentNumber": "7", 
            "he": "(ויקרא כד, ג) מחוץ לפרוכת העדות יערוך וכי לאורה הוא צריך", 
            "links": [
                {
                    "category": "Philosophy", 
                    "sourceHeRef": "עין אי\"ה ב׳:ב׳", 
                    "sourceRef": "Ein Ayah 2:2", 
                    "ref": "Ein Ayah 2:2"
                }, 
                {
                    "category": "Tanach", 
                    "sourceHeRef": "ויקרא כ״ד:ג׳", 
                    "sourceRef": "Leviticus 24:3", 
                    "ref": "Leviticus 24:3"
                }, 
                {
                    "category": "Commentary", 
                    "sourceHeRef": "תוספות על שבת כ״ב ב:ז׳:א׳", 
                    "sourceRef": "Tosafot on Shabbat 22b:7:1", 
                    "ref": "Tosafot on Shabbat 22b:7:1"
                }
            ], 
            "text": "(Leviticus 24:3) \"Outside the veil of testimony...shall he [Aaron] arrange...\"; now, does He [G-d] need its light?!"
        }, 
        {
            "segmentNumber": "8", 
            "he": "והלא כל ארבעים שנה שהלכו בני ישראל במדבר לא הלכו אלא לאורו", 
            "links": [
                {
                    "category": "Tanach", 
                    "sourceHeRef": "ויקרא כ״ד:ג׳", 
                    "sourceRef": "Leviticus 24:3", 
                    "ref": "Leviticus 24:3"
                }
            ], 
            "text": "Was it not that all forty years that Yisrael walked in the desert, they walked only by His light? "
        }, 
        {
            "segmentNumber": "9", 
            "he": "אלא עדות היא לבאי עולם שהשכינה שורה בישראל", 
            "links": [
                {
                    "category": "Commentary", 
                    "sourceHeRef": " חידושי אגדות על מסכת שבת כ״ב ב:א׳", 
                    "sourceRef": "Chidushei Agadot on Shabbat 22b:1", 
                    "ref": "Chidushei Agadot on Shabbat 22b:1"
                }
            ], 
            "text": "Rather, it is testimony to all inhabitants of the world that the <i>Shechina</i> dwells in Israel!"
        }, 
        {
            "segmentNumber": "10", 
            "he": "מאי עדות", 
            "links": [], 
            "text": "What is that testimony?"
        }, 
        {
            "segmentNumber": "11", 
            "he": "אמר רב", 
            "links": [], 
            "text": " Rav said: it is the"
        }, 
        {
            "segmentNumber": "12", 
            "he": "זו נר מערבי שנותן בה שמן כמדת חברותיה וממנה היה מדליק ובה היה מסיים", 
            "links": [
                {
                    "category": "Commentary", 
                    "sourceHeRef": "רש\"י על שבת כ״ב ב:י״ב:א׳", 
                    "sourceRef": "Rashi on Shabbat 22b:12:1", 
                    "ref": "Rashi on Shabbat 22b:12:1"
                }, 
                {
                    "category": "Philosophy", 
                    "sourceHeRef": "עין אי\"ה ב׳:ב׳", 
                    "sourceRef": "Ein Ayah 2:2", 
                    "ref": "Ein Ayah 2:2"
                }, 
                {
                    "category": "Commentary", 
                    "sourceHeRef": "רש\"י על שבת כ״ב ב:י״ב:ב׳", 
                    "sourceRef": "Rashi on Shabbat 22b:12:2", 
                    "ref": "Rashi on Shabbat 22b:12:2"
                }, 
                {
                    "category": "Commentary", 
                    "sourceHeRef": "רש\"י על שבת כ״ב ב:י״ב:ג׳", 
                    "sourceRef": "Rashi on Shabbat 22b:12:3", 
                    "ref": "Rashi on Shabbat 22b:12:3"
                }, 
                {
                    "category": "Commentary", 
                    "sourceHeRef": "רש\"י על שבת כ״ב ב:י״ב:ד׳", 
                    "sourceRef": "Rashi on Shabbat 22b:12:4", 
                    "ref": "Rashi on Shabbat 22b:12:4"
                }, 
                {
                    "category": "Commentary", 
                    "sourceHeRef": "תוספות על שבת כ״ב ב:י״ב:א׳", 
                    "sourceRef": "Tosafot on Shabbat 22b:12:1", 
                    "ref": "Tosafot on Shabbat 22b:12:1"
                }
            ], 
            "text": "western light [of the <i>menorah</i>, in which he [the <i>kohen</i>] places a measure of oil equal to the the others, yet from it he lights and with it he concludes!"
        }, 
        {
            "segmentNumber": "13", 
            "he": "והא הכא כיון דקביעי נרות לא סגיא דלא משקיל ואדלוקי קשיא בין למ\"ד משום בזויי מצוה ובין למ\"ד משום אכחושי מצוה", 
            "links": [
                {
                    "category": "Commentary", 
                    "sourceHeRef": "רש\"י על שבת כ״ב ב:י״ג:א׳", 
                    "sourceRef": "Rashi on Shabbat 22b:13:1", 
                    "ref": "Rashi on Shabbat 22b:13:1"
                }, 
                {
                    "category": "Commentary", 
                    "sourceHeRef": "רש\"י על שבת כ״ב ב:י״ג:ב׳", 
                    "sourceRef": "Rashi on Shabbat 22b:13:2", 
                    "ref": "Rashi on Shabbat 22b:13:2"
                }, 
                {
                    "category": "Commentary", 
                    "sourceHeRef": "תוספות על שבת כ״ב ב:י״ג:א׳", 
                    "sourceRef": "Tosafot on Shabbat 22b:13:1", 
                    "ref": "Tosafot on Shabbat 22b:13:1"
                }
            ], 
            "text": " Here, since the candles are fixed [in the <i>menorah</i>, it is not possible unless he takes them and lights - this is a difficulty both for the one who says [that Rav's reasoning is] because of degrading the <i>mitzvah</i> and for the one who says [that Rav's reasoning is] because of reducing the <i>mitzvah</i>!"
        }, 
        {
            "segmentNumber": "14", 
            "he": "תרגמא ר\"פ בפתילות ארוכות", 
            "links": [
                {
                    "category": "Commentary", 
                    "sourceHeRef": "רש\"י על שבת כ״ב ב:י״ד:א׳", 
                    "sourceRef": "Rashi on Shabbat 22b:14:1", 
                    "ref": "Rashi on Shabbat 22b:14:1"
                }
            ], 
            "text": " Rav Papa explained: it had long wicks."
        }, 
        {
            "segmentNumber": "15", 
            "he": "סוף סוף למ\"ד משום אכחושי מצוה קשיא", 
            "links": [
                {
                    "category": "Commentary", 
                    "sourceHeRef": "רש\"י על שבת כ״ב ב:ט״ו:א׳", 
                    "sourceRef": "Rashi on Shabbat 22b:15:1", 
                    "ref": "Rashi on Shabbat 22b:15:1"
                }
            ], 
            "text": " In the end, for the one who says [that Rav 's reasoning is] because of reducing the <i>mitvah</i>, it is difficult!"
        }, 
        {
            "segmentNumber": "16", 
            "he": "קשיא", 
            "links": [], 
            "text": " Indeed, [for him] it is difficult! "
        }, 
        {
            "segmentNumber": "17", 
            "he": "מאי הוי עלה", 
            "links": [
                {
                    "category": "Commentary", 
                    "sourceHeRef": "תוספות על שבת כ״ב ב:י״ז:א׳", 
                    "sourceRef": "Tosafot on Shabbat 22b:17:1", 
                    "ref": "Tosafot on Shabbat 22b:17:1"
                }, 
                {
                    "category": "Commentary", 
                    "sourceHeRef": " פסקי הראש על שבת ב׳:ח׳:ב׳", 
                    "sourceRef": "Rosh on Shabbat 2:8:2", 
                    "ref": "Rosh on Shabbat 2:8:2"
                }
            ], 
            "text": "What was [resolved] regarding it [i.e., the question of whether we can light from candle to candle]? "
        }, 
        {
            "segmentNumber": "18", 
            "he": "א\"ר הונא בריה דרב יהושע", 
            "links": [], 
            "text": "Rabbi Yehoshua ben Levi said: "
        }, 
        {
            "segmentNumber": "19", 
            "he": "חזינא אי הדלקה עושה מצוה מדליקין מנר לנר ואי הנחה עושה מצוה אין מדליקין מנר לנר", 
            "links": [
                {
                    "category": "Commentary", 
                    "sourceHeRef": "רש\"י על שבת כ״ב ב:י״ט:א׳", 
                    "sourceRef": "Rashi on Shabbat 22b:19:1", 
                    "ref": "Rashi on Shabbat 22b:19:1"
                }, 
                {
                    "category": "Commentary", 
                    "sourceHeRef": "רש\"י על שבת כ״ב ב:י״ט:ב׳", 
                    "sourceRef": "Rashi on Shabbat 22b:19:2", 
                    "ref": "Rashi on Shabbat 22b:19:2"
                }, 
                {
                    "category": "Commentary", 
                    "sourceHeRef": "רש\"י על שבת כ״ב ב:י״ט:ג׳", 
                    "sourceRef": "Rashi on Shabbat 22b:19:3", 
                    "ref": "Rashi on Shabbat 22b:19:3"
                }, 
                {
                    "category": "Commentary", 
                    "sourceHeRef": "רשב״א על שבת כ״ב ב:ב׳", 
                    "sourceRef": "Rashba on Shabbat 22b:2", 
                    "ref": "Rashba on Shabbat 22b:2"
                }
            ], 
            "text": "We can see that if lighting it accomplishes the <i>mitzvah</i>, [we may] light from candle to candle, but if setting [the lights] in place accomplishes the <i>mitzvah</i>, [we may] not light from candle to candle,"
        }, 
        {
            "segmentNumber": "20", 
            "he": "דאיבעיא להו", 
            "links": [
                {
                    "category": "Commentary", 
                    "sourceHeRef": "רש\"י על שבת כ״ב ב:כ׳:א׳", 
                    "sourceRef": "Rashi on Shabbat 22b:20:1", 
                    "ref": "Rashi on Shabbat 22b:20:1"
                }, 
                {
                    "category": "Commentary", 
                    "sourceHeRef": "תוספות על שבת כ״ב ב:כ׳:א׳", 
                    "sourceRef": "Tosafot on Shabbat 22b:20:1", 
                    "ref": "Tosafot on Shabbat 22b:20:1"
                }
            ], 
            "text": "for it was asked"
        }, 
        {
            "segmentNumber": "21", 
            "he": "הדלקה עושה מצוה או הנחה עושה מצוה ת\"ש", 
            "links": [], 
            "text": "of them [in the Beit Midrash]: Does lighting accomplish the <i>mitzvah</i> or does setting in place accomplish the <i>mitzvah</i>?  Come and hear,"
        }, 
        {
            "segmentNumber": "22", 
            "he": "דאמר רבא", 
            "links": [], 
            "text": "for Rava said: "
        }, 
        {
            "segmentNumber": "23", 
            "he": "היה תפוש נר חנוכה ועומד לא עשה ולא כלום", 
            "links": [
                {
                    "category": "Commentary", 
                    "sourceHeRef": "רש\"י על שבת כ״ב ב:כ״ג:א׳", 
                    "sourceRef": "Rashi on Shabbat 22b:23:1", 
                    "ref": "Rashi on Shabbat 22b:23:1"
                }, 
                {
                    "category": "Commentary", 
                    "sourceHeRef": "רש\"י על שבת כ״ב ב:כ״ג:ב׳", 
                    "sourceRef": "Rashi on Shabbat 22b:23:2", 
                    "ref": "Rashi on Shabbat 22b:23:2"
                }
            ], 
            "text": "If one was holding a Chanukkah candle and standing, he has done nothing"
        }, 
        {
            "segmentNumber": "24", 
            "he": "שמע מינה", 
            "links": [
                {
                    "category": "Halakhah", 
                    "sourceHeRef": "אורח חיים תער״ה:א׳", 
                    "sourceRef": "Shulchan Arukh, Orach Chayyim 675:1", 
                    "ref": "Shulchan Arukh, Orach Chayyim 675:1"
                }, 
                {
                    "category": "Halakhah", 
                    "sourceHeRef": "משנה תורה, הלכות מגילה וחנוכה ד׳:ט׳", 
                    "sourceRef": "Mishneh Torah, Scroll of Esther and Hanukkah 4:9", 
                    "ref": "Mishneh Torah, Scroll of Esther and Hanukkah 4:9"
                }
            ], 
            "text": "Learn from this"
        }, 
        {
            "segmentNumber": "25", 
            "he": "הנחה עושה מצוה", 
            "links": [], 
            "text": "that setting in place accomplishes the <i>mitzvah</i>! "
        }, 
        {
            "segmentNumber": "26", 
            "he": "התם", 
            "links": [], 
            "text": "There,"
        }, 
        {
            "segmentNumber": "27", 
            "he": "הרואה אומר לצורכו הוא דנקיט לה", 
            "links": [
                {
                    "category": "Commentary", 
                    "sourceHeRef": "רש\"י על שבת כ״ב ב:כ״ז:א׳", 
                    "sourceRef": "Rashi on Shabbat 22b:27:1", 
                    "ref": "Rashi on Shabbat 22b:27:1"
                }, 
                {
                    "category": "Halakhah", 
                    "sourceHeRef": "משנה תורה, הלכות מגילה וחנוכה ד׳:ט׳", 
                    "sourceRef": "Mishneh Torah, Scroll of Esther and Hanukkah 4:9", 
                    "ref": "Mishneh Torah, Scroll of Esther and Hanukkah 4:9"
                }
            ], 
            "text": "the one who sees may say [to himself: he holds it because] he needs its light! "
        }, 
        {
            "segmentNumber": "28", 
            "he": "ת\"ש", 
            "links": [], 
            "text": "Come and hear, "
        }, 
        {
            "segmentNumber": "29", 
            "he": "דאמר רבא", 
            "links": [], 
            "text": "for Rava said: "
        }, 
        {
            "segmentNumber": "30", 
            "he": "הדליקה בפנים והוציאה לא עשה כלום", 
            "links": [
                {
                    "category": "Commentary", 
                    "sourceHeRef": "רש\"י על שבת כ״ב ב:ל׳:א׳", 
                    "sourceRef": "Rashi on Shabbat 22b:30:1", 
                    "ref": "Rashi on Shabbat 22b:30:1"
                }, 
                {
                    "category": "Commentary", 
                    "sourceHeRef": "רש\"י על שבת כ״ב ב:ל׳:ב׳", 
                    "sourceRef": "Rashi on Shabbat 22b:30:2", 
                    "ref": "Rashi on Shabbat 22b:30:2"
                }
            ], 
            "text": "If he lit it inside and brought it outside, he has done nothing!"
        }, 
        {
            "segmentNumber": "31", 
            "he": "אא\"ב הדלקה עושה מצוה הדלקה במקומו בעינן משום הכי לא עשה כלום אלא אי אמרת הנחה עושה מצוה אמאי לא עשה ולא כלום", 
            "links": [
                {
                    "category": "Commentary", 
                    "sourceHeRef": "רש\"י על שבת כ״ב ב:ל״א:א׳", 
                    "sourceRef": "Rashi on Shabbat 22b:31:1", 
                    "ref": "Rashi on Shabbat 22b:31:1"
                }
            ], 
            "text": "It is fine if you say that lighting accomplishes the <i>mitzvah</i> - we need lighting in its place, <b>that's</b> why he has done nothing; but if you say setting in place accomplishes the <i>mitzvah</i> - why has he done nothing?"
        }, 
        {
            "segmentNumber": "32", 
            "he": "התם נמי", 
            "links": [], 
            "text": "There also, "
        }, 
        {
            "segmentNumber": "33", 
            "he": "הרואה הוא אומר לצורכו הוא דאדלקה תא שמע דאמר רבי יהושע בן לוי", 
            "links": [], 
            "text": "the one who sees may say [to himself] he lit it for his own needs!  Come and hear, for Rabbi Yehoshua ben Levi"
        }
    ], 
    "heRef": "שבת כ״ב ב", 
    "toSections": [
        "22b"
    ], 
    "sectionRef": "Shabbat 22b", 
    "title": "Shabbat 22b", 
    "lengths": [
        312, 
        17165
    ], 
    "next": "Shabbat 23a", 
    "heBook": "שבת", 
    "book": "Shabbat", 
    "prev": "Shabbat 22a", 
    "textDepth": 2, 
    "sectionNames": [
        "Daf", 
        "Line"
    ], 
    "sections": [
        "22b"
    ], 
    "isComplex": false, 
    "titleVariants": [
        "Shabbat", 
        "Masekhet Shabbat", 
        "Shabbos", 
        "Tractate Shabbat", 
        "Talmud Shabbat", 
        "Shabbath"
    ], 
    "categories": [
        "Talmud", 
        "Bavli", 
        "Seder Moed"
    ], 
    "ref": "Shabbat 22b", 
    "type": "Talmud", 
    "addressTypes": [
        "Talmud", 
        "Integer"
    ], 
    "length": 312, 
    "indexTitle": "Shabbat", 
    "heIndexTitle": "שבת", 
    "alts": [], 
    "order": [
        2, 
        1
    ]
}