{
    "heTitleVariants": [
        "שבת"
    ], 
    "heTitle": "שבת י״ג א", 
    "content": [
        {
            "segmentNumber": "1", 
            "he": "מיתיבי רשב\"ג אומר", 
            "links": [
                {
                    "category": "Commentary", 
                    "sourceHeRef": "תוספות על שבת י״ג א:א׳:א׳", 
                    "sourceRef": "Tosafot on Shabbat 13a:1:1", 
                    "ref": "Tosafot on Shabbat 13a:1:1"
                }
            ], 
            "text": ""
        }, 
        {
            "segmentNumber": "2", 
            "he": "התינוקות של בית רבן היו מסדרין פרשיו' וקורין לאור הנר", 
            "links": [
                {
                    "category": "Commentary", 
                    "sourceHeRef": " פסקי הראש על שבת א׳:ל״א:א׳", 
                    "sourceRef": "Rosh on Shabbat 1:31:1", 
                    "ref": "Rosh on Shabbat 1:31:1"
                }
            ], 
            "text": ""
        }, 
        {
            "segmentNumber": "3", 
            "he": "אי בעית אימא ראשי פרשיותיו ואי בעית אימא שאני תינוקות הואיל ואימת רבן עליהן לא אתי לאצלויי:", 
            "links": [
                {
                    "category": "Commentary", 
                    "sourceHeRef": "רש\"י על שבת י״ג א:ג׳:א׳", 
                    "sourceRef": "Rashi on Shabbat 13a:3:1", 
                    "ref": "Rashi on Shabbat 13a:3:1"
                }
            ], 
            "text": ""
        }, 
        {
            "segmentNumber": "4", 
            "he": "כיוצא בו לא יאכל הזב:", 
            "links": [], 
            "text": ""
        }, 
        {
            "segmentNumber": "5", 
            "he": "תניא ר\"ש בן אלעזר אומר", 
            "links": [
                {
                    "category": "Commentary", 
                    "sourceHeRef": "רשב״א על שבת י״ג א:א׳", 
                    "sourceRef": "Rashba on Shabbat 13a:1", 
                    "ref": "Rashba on Shabbat 13a:1"
                }
            ], 
            "text": ""
        }, 
        {
            "segmentNumber": "6", 
            "he": "בוא וראה עד היכן פרצה טהרה בישראל שלא שנינו", 
            "links": [
                {
                    "category": "Commentary", 
                    "sourceHeRef": "רש\"י על שבת י״ג א:ו׳:א׳", 
                    "sourceRef": "Rashi on Shabbat 13a:6:1", 
                    "ref": "Rashi on Shabbat 13a:6:1"
                }, 
                {
                    "category": "Commentary", 
                    "sourceHeRef": "רש\"י על שבת י״ג א:ו׳:ב׳", 
                    "sourceRef": "Rashi on Shabbat 13a:6:2", 
                    "ref": "Rashi on Shabbat 13a:6:2"
                }
            ], 
            "text": ""
        }, 
        {
            "segmentNumber": "7", 
            "he": "לא יאכל הטהור עם הטמאה אלא", 
            "links": [], 
            "text": ""
        }, 
        {
            "segmentNumber": "8", 
            "he": "לא יאכל הזב עם הזבה מפני הרגל עבירה", 
            "links": [], 
            "text": ""
        }, 
        {
            "segmentNumber": "9", 
            "he": "כיוצא בו לא יאכל זב פרוש עם זב עם הארץ שמא ירגילנו אצלו", 
            "links": [], 
            "text": ""
        }, 
        {
            "segmentNumber": "10", 
            "he": "וכי מרגילו אצלו מאי הוי", 
            "links": [], 
            "text": ""
        }, 
        {
            "segmentNumber": "11", 
            "he": "אלא אימא", 
            "links": [], 
            "text": ""
        }, 
        {
            "segmentNumber": "12", 
            "he": "שמא יאכילנו דברים טמאין", 
            "links": [], 
            "text": ""
        }, 
        {
            "segmentNumber": "13", 
            "he": "אטו זב פרוש לאו דברים טמאין אכיל", 
            "links": [
                {
                    "category": "Commentary", 
                    "sourceHeRef": "רש\"י על שבת י״ג א:י״ג:א׳", 
                    "sourceRef": "Rashi on Shabbat 13a:13:1", 
                    "ref": "Rashi on Shabbat 13a:13:1"
                }
            ], 
            "text": ""
        }, 
        {
            "segmentNumber": "14", 
            "he": "אמר אביי", 
            "links": [], 
            "text": ""
        }, 
        {
            "segmentNumber": "15", 
            "he": "גזירה שמא יאכילנו דברים שאינן מתוקנין", 
            "links": [], 
            "text": ""
        }, 
        {
            "segmentNumber": "16", 
            "he": "ורבא אמר", 
            "links": [], 
            "text": ""
        }, 
        {
            "segmentNumber": "17", 
            "he": "רוב עמי הארץ מעשרין הן אלא", 
            "links": [
                {
                    "category": "Commentary", 
                    "sourceHeRef": "רש\"י על שבת י״ג א:י״ז:א׳", 
                    "sourceRef": "Rashi on Shabbat 13a:17:1", 
                    "ref": "Rashi on Shabbat 13a:17:1"
                }, 
                {
                    "category": "Commentary", 
                    "sourceHeRef": "תוספות על שבת י״ג א:י״ז:א׳", 
                    "sourceRef": "Tosafot on Shabbat 13a:17:1", 
                    "ref": "Tosafot on Shabbat 13a:17:1"
                }
            ], 
            "text": ""
        }, 
        {
            "segmentNumber": "18", 
            "he": "שמא יהא רגיל אצלו ויאכילנו דברים טמאין בימי טהרתו", 
            "links": [], 
            "text": ""
        }, 
        {
            "segmentNumber": "19", 
            "he": "איבעיא להו", 
            "links": [
                {
                    "category": "Commentary", 
                    "sourceHeRef": " פסקי הראש על שבת א׳:ל״ב:א׳", 
                    "sourceRef": "Rosh on Shabbat 1:32:1", 
                    "ref": "Rosh on Shabbat 1:32:1"
                }
            ], 
            "text": ""
        }, 
        {
            "segmentNumber": "20", 
            "he": "נדה מהו שתישן עם בעלה היא בבגדה והוא בבגדו", 
            "links": [
                {
                    "category": "Commentary", 
                    "sourceHeRef": "רש\"י על שבת י״ג א:כ׳:א׳", 
                    "sourceRef": "Rashi on Shabbat 13a:20:1", 
                    "ref": "Rashi on Shabbat 13a:20:1"
                }
            ], 
            "text": ""
        }, 
        {
            "segmentNumber": "21", 
            "he": "אמר רב יוסף ת\"ש", 
            "links": [], 
            "text": ""
        }, 
        {
            "segmentNumber": "22", 
            "he": "העוף עולה עם הגבינה על השלחן ואינו נאכל דברי ב\"ש", 
            "links": [
                {
                    "category": "Commentary", 
                    "sourceHeRef": "רש\"י על שבת י״ג א:כ״ב:א׳", 
                    "sourceRef": "Rashi on Shabbat 13a:22:1", 
                    "ref": "Rashi on Shabbat 13a:22:1"
                }, 
                {
                    "category": "Commentary", 
                    "sourceHeRef": "רש\"י על שבת י״ג א:כ״ב:ב׳", 
                    "sourceRef": "Rashi on Shabbat 13a:22:2", 
                    "ref": "Rashi on Shabbat 13a:22:2"
                }
            ], 
            "text": ""
        }, 
        {
            "segmentNumber": "23", 
            "he": "ב\"ה אומר", 
            "links": [
                {
                    "category": "Commentary", 
                    "sourceHeRef": "רש\"י על שבת י״ג א:כ״ג:א׳", 
                    "sourceRef": "Rashi on Shabbat 13a:23:1", 
                    "ref": "Rashi on Shabbat 13a:23:1"
                }
            ], 
            "text": ""
        }, 
        {
            "segmentNumber": "24", 
            "he": "לא עולה ולא נאכל", 
            "links": [], 
            "text": ""
        }, 
        {
            "segmentNumber": "25", 
            "he": "שאני התם דליכא דיעות", 
            "links": [
                {
                    "category": "Commentary", 
                    "sourceHeRef": "רש\"י על שבת י״ג א:כ״ה:א׳", 
                    "sourceRef": "Rashi on Shabbat 13a:25:1", 
                    "ref": "Rashi on Shabbat 13a:25:1"
                }
            ], 
            "text": ""
        }, 
        {
            "segmentNumber": "26", 
            "he": "ה\"נ מסתברא דהיכא דאיכא דיעות שאני דקתני סיפא רשב\"ג אומר", 
            "links": [], 
            "text": ""
        }, 
        {
            "segmentNumber": "27", 
            "he": "שני אכסניים אוכלין על שלחן אחד זה אוכל בשר וזה אוכל גבינה ואין חוששין", 
            "links": [], 
            "text": ""
        }, 
        {
            "segmentNumber": "28", 
            "he": "ולאו אתמר עלה אמר רב חנין בר אמי אמר שמואל", 
            "links": [], 
            "text": ""
        }, 
        {
            "segmentNumber": "29", 
            "he": "לא שנו אלא שאין מכירין זה את זה אבל מכירין זה את זה אסורים", 
            "links": [
                {
                    "category": "Commentary", 
                    "sourceHeRef": "רש\"י על שבת י״ג א:כ״ט:א׳", 
                    "sourceRef": "Rashi on Shabbat 13a:29:1", 
                    "ref": "Rashi on Shabbat 13a:29:1"
                }, 
                {
                    "category": "Commentary", 
                    "sourceHeRef": "רש\"י על שבת י״ג א:כ״ט:ב׳", 
                    "sourceRef": "Rashi on Shabbat 13a:29:2", 
                    "ref": "Rashi on Shabbat 13a:29:2"
                }
            ], 
            "text": ""
        }, 
        {
            "segmentNumber": "30", 
            "he": "וה\"נ מכירין זה את זה נינהו", 
            "links": [], 
            "text": ""
        }, 
        {
            "segmentNumber": "31", 
            "he": "הכי השתא", 
            "links": [], 
            "text": ""
        }, 
        {
            "segmentNumber": "32", 
            "he": "התם דיעות איכא שינוי ליכא", 
            "links": [
                {
                    "category": "Commentary", 
                    "sourceHeRef": "רש\"י על שבת י״ג א:ל״ב:א׳", 
                    "sourceRef": "Rashi on Shabbat 13a:32:1", 
                    "ref": "Rashi on Shabbat 13a:32:1"
                }
            ], 
            "text": ""
        }, 
        {
            "segmentNumber": "33", 
            "he": "הכא איכא דיעות ואיכא שינוי", 
            "links": [
                {
                    "category": "Commentary", 
                    "sourceHeRef": "רש\"י על שבת י״ג א:ל״ג:א׳", 
                    "sourceRef": "Rashi on Shabbat 13a:33:1", 
                    "ref": "Rashi on Shabbat 13a:33:1"
                }
            ], 
            "text": ""
        }, 
        {
            "segmentNumber": "34", 
            "he": "איכא דאמרי", 
            "links": [], 
            "text": ""
        }, 
        {
            "segmentNumber": "35", 
            "he": "ת\"ש רשב\"ג אומר", 
            "links": [], 
            "text": ""
        }, 
        {
            "segmentNumber": "36", 
            "he": "שני אכסניים אוכלין על שלחן אחד זה בשר וזה גבינה", 
            "links": [], 
            "text": ""
        }, 
        {
            "segmentNumber": "37", 
            "he": "ואתמר עלה אמר רב חנין בר אמי אמר שמואל", 
            "links": [], 
            "text": ""
        }, 
        {
            "segmentNumber": "38", 
            "he": "לא שנו אלא שאין מכירין זה את זה אבל מכירין זה את זה אסור", 
            "links": [], 
            "text": ""
        }, 
        {
            "segmentNumber": "39", 
            "he": "והני נמי מכירין זה את זה נינהו", 
            "links": [], 
            "text": ""
        }, 
        {
            "segmentNumber": "40", 
            "he": "התם דיעות איכא שינוי ליכא הכא איכא דיעות ואיכא שינוי", 
            "links": [], 
            "text": ""
        }, 
        {
            "segmentNumber": "41", 
            "he": "ת\"ש", 
            "links": [], 
            "text": ""
        }, 
        {
            "segmentNumber": "42", 
            "he": "לא יאכל הזב עם הזבה משום הרגל עבירה", 
            "links": [], 
            "text": ""
        }, 
        {
            "segmentNumber": "43", 
            "he": "ה\"נ", 
            "links": [], 
            "text": ""
        }, 
        {
            "segmentNumber": "44", 
            "he": "דיעות איכא שינוי ליכא", 
            "links": [], 
            "text": ""
        }, 
        {
            "segmentNumber": "45", 
            "he": "ת\"ש", 
            "links": [], 
            "text": ""
        }, 
        {
            "segmentNumber": "46", 
            "he": "(יחזקאל יח, ו) אל ההרים לא אכל ועיניו לא נשא אל גלולי בית ישראל ואת אשת רעהו לא טמא ואל אשה נדה לא יקרב מקיש אשה נדה לאשת רעהו", 
            "links": [
                {
                    "category": "Commentary", 
                    "sourceHeRef": "רש\"י על שבת י״ג א:מ״ו:א׳", 
                    "sourceRef": "Rashi on Shabbat 13a:46:1", 
                    "ref": "Rashi on Shabbat 13a:46:1"
                }, 
                {
                    "category": "Tanach", 
                    "sourceHeRef": "יחזקאל י״ח:ו׳", 
                    "sourceRef": "Ezekiel 18:6", 
                    "ref": "Ezekiel 18:6"
                }, 
                {
                    "category": "Quoting Commentary", 
                    "sourceHeRef": " חידושי הלכות על מסכת שבת י״ג א:ג׳", 
                    "sourceRef": "Chidushei Halachot on Shabbat 13a:3", 
                    "ref": "Chidushei Halachot on Shabbat 13a:3"
                }, 
                {
                    "category": "Quoting Commentary", 
                    "sourceHeRef": " חידושי הלכות על מסכת שבת י״ג א:ד׳", 
                    "sourceRef": "Chidushei Halachot on Shabbat 13a:4", 
                    "ref": "Chidushei Halachot on Shabbat 13a:4"
                }
            ], 
            "text": ""
        }, 
        {
            "segmentNumber": "47", 
            "he": "מה אשת רעהו הוא בבגדו והיא בבגדה אסור אף אשתו נדה הוא בבגדו והיא בבגדה אסור", 
            "links": [
                {
                    "category": "Commentary", 
                    "sourceHeRef": "רש\"י על שבת י״ג א:מ״ז:א׳", 
                    "sourceRef": "Rashi on Shabbat 13a:47:1", 
                    "ref": "Rashi on Shabbat 13a:47:1"
                }, 
                {
                    "category": "Commentary", 
                    "sourceHeRef": "תוספות על שבת י״ג א:מ״ז:א׳", 
                    "sourceRef": "Tosafot on Shabbat 13a:47:1", 
                    "ref": "Tosafot on Shabbat 13a:47:1"
                }
            ], 
            "text": ""
        }, 
        {
            "segmentNumber": "48", 
            "he": "ש\"מ", 
            "links": [], 
            "text": ""
        }, 
        {
            "segmentNumber": "49", 
            "he": "ופליגא דר' פדת דאמר ר' פדת", 
            "links": [
                {
                    "category": "Commentary", 
                    "sourceHeRef": "תוספות על שבת י״ג א:מ״ט:א׳", 
                    "sourceRef": "Tosafot on Shabbat 13a:49:1", 
                    "ref": "Tosafot on Shabbat 13a:49:1"
                }, 
                {
                    "category": "Commentary", 
                    "sourceHeRef": "רש\"י על שבת י״ג א:מ״ט:א׳", 
                    "sourceRef": "Rashi on Shabbat 13a:49:1", 
                    "ref": "Rashi on Shabbat 13a:49:1"
                }, 
                {
                    "category": "Quoting Commentary", 
                    "sourceHeRef": " חידושי הלכות על מסכת שבת י״ג א:ב׳", 
                    "sourceRef": "Chidushei Halachot on Shabbat 13a:2", 
                    "ref": "Chidushei Halachot on Shabbat 13a:2"
                }
            ], 
            "text": ""
        }, 
        {
            "segmentNumber": "50", 
            "he": "לא אסרה תורה אלא קורבה של גלוי עריות בלבד שנאמר", 
            "links": [
                {
                    "category": "Commentary", 
                    "sourceHeRef": "רש\"י על שבת י״ג א:נ׳:א׳", 
                    "sourceRef": "Rashi on Shabbat 13a:50:1", 
                    "ref": "Rashi on Shabbat 13a:50:1"
                }
            ], 
            "text": ""
        }, 
        {
            "segmentNumber": "51", 
            "he": "(ויקרא יח, ו) איש איש אל כל שאר בשרו לא תקרבו לגלות ערוה", 
            "links": [
                {
                    "category": "Tanach", 
                    "sourceHeRef": "ויקרא י״ח:ו׳", 
                    "sourceRef": "Leviticus 18:6", 
                    "ref": "Leviticus 18:6"
                }
            ], 
            "text": ""
        }, 
        {
            "segmentNumber": "52", 
            "he": "עולא כי הוי אתי מבי רב הוה מנשק להו לאחוותיה אבי חדייהו ואמרי לה אבי ידייהו", 
            "links": [], 
            "text": ""
        }, 
        {
            "segmentNumber": "53", 
            "he": "ופליגא דידיה אדידיה דאמר עולא", 
            "links": [
                {
                    "category": "Commentary", 
                    "sourceHeRef": "תוספות על שבת י״ג א:נ״ג:א׳", 
                    "sourceRef": "Tosafot on Shabbat 13a:53:1", 
                    "ref": "Tosafot on Shabbat 13a:53:1"
                }
            ], 
            "text": ""
        }, 
        {
            "segmentNumber": "54", 
            "he": "אפי' שום קורבה אסור משום לך לך אמרי נזירא סחור סחור לכרמא לא תקרב:", 
            "links": [], 
            "text": ""
        }, 
        {
            "segmentNumber": "55", 
            "he": "תני דבי אליהו", 
            "links": [], 
            "text": ""
        }, 
        {
            "segmentNumber": "56", 
            "he": "מעשה בתלמיד א' ששנה הרבה וקרא הרבה ושימש תלמידי חכמים הרבה ומת בחצי ימיו", 
            "links": [], 
            "text": ""
        }, 
        {
            "segmentNumber": "57", 
            "he": "והיתה אשתו נוטלת תפיליו ומחזרתם בבתי כנסיות ובבתי מדרשות ואמרה להם", 
            "links": [], 
            "text": ""
        }, 
        {
            "segmentNumber": "58", 
            "he": "כתיב בתורה (דברים ל, כ) כי הוא חייך ואורך ימיך בעלי ששנה הרבה וקרא הרבה", 
            "links": [
                {
                    "category": "Tanach", 
                    "sourceHeRef": "דברים ל׳:כ׳", 
                    "sourceRef": "Deuteronomy 30:20", 
                    "ref": "Deuteronomy 30:20"
                }
            ], 
            "text": ""
        }
    ], 
    "heRef": "שבת י״ג א", 
    "toSections": [
        "13a"
    ], 
    "sectionRef": "Shabbat 13a", 
    "title": "Shabbat 13a", 
    "lengths": [
        312, 
        17165
    ], 
    "next": "Shabbat 13b", 
    "heBook": "שבת", 
    "book": "Shabbat", 
    "prev": "Shabbat 12b", 
    "textDepth": 2, 
    "sectionNames": [
        "Daf", 
        "Line"
    ], 
    "sections": [
        "13a"
    ], 
    "isComplex": false, 
    "titleVariants": [
        "Shabbat", 
        "Masekhet Shabbat", 
        "Shabbos", 
        "Tractate Shabbat", 
        "Talmud Shabbat", 
        "Shabbath"
    ], 
    "categories": [
        "Talmud", 
        "Bavli", 
        "Seder Moed"
    ], 
    "ref": "Shabbat 13a", 
    "type": "Talmud", 
    "addressTypes": [
        "Talmud", 
        "Integer"
    ], 
    "length": 312, 
    "indexTitle": "Shabbat", 
    "heIndexTitle": "שבת", 
    "alts": [], 
    "order": [
        2, 
        1
    ]
}