[{
    "links": [
        [
            "136b:1", 
            "Rashi on Shabbat 136b:1:1", 
            "Commentary"
        ], 
        [
            "136b:1", 
            "Tosafot on Shabbat 136b:1:1", 
            "Commentary"
        ], 
        [
            "136b:1", 
            "Tosafot on Shabbat 136b:1:2", 
            "Commentary"
        ], 
        [
            "136b:1", 
            "Rosh on Shabbat 19:7:1", 
            "Commentary"
        ], 
        [
            "136b:1", 
            "Rashi on Shabbat 136b:1:2", 
            "Commentary"
        ], 
        [
            "136b:5", 
            "Rashi on Shabbat 136b:5:1", 
            "Commentary"
        ], 
        [
            "136b:5", 
            "Rashi on Shabbat 136b:5:2", 
            "Commentary"
        ], 
        [
            "136b:6", 
            "Rashi on Shabbat 136b:6:1", 
            "Commentary"
        ], 
        [
            "136b:7", 
            "Rashi on Shabbat 136b:7:1", 
            "Commentary"
        ], 
        [
            "136b:10", 
            "Chidushei Halachot on Shabbat 136b:4", 
            "Quoting Commentary"
        ], 
        [
            "136b:10-16", 
            "Yevamot 83b:47-56", 
            "Talmud"
        ], 
        [
            "136b:11", 
            "Rashi on Shabbat 136b:11:1", 
            "Commentary"
        ], 
        [
            "136b:11", 
            "Rashi on Shabbat 136b:11:2", 
            "Commentary"
        ], 
        [
            "136b:11", 
            "Rashi on Shabbat 136b:11:3", 
            "Commentary"
        ], 
        [
            "136b:11", 
            "Chidushei Halachot on Shabbat 136b:2", 
            "Quoting Commentary"
        ], 
        [
            "136b:12", 
            "Tosafot on Shabbat 136b:12:1", 
            "Commentary"
        ], 
        [
            "136b:13", 
            "Tosafot on Shabbat 136b:13:1", 
            "Commentary"
        ], 
        [
            "136b:13", 
            "Rashi on Shabbat 136b:13:1", 
            "Commentary"
        ], 
        [
            "136b:13", 
            "Leviticus 27:3-4", 
            "Tanach"
        ], 
        [
            "136b", 
            "Rif Shabbat 55a:3", 
            "Talmud"
        ]
    ], 
    "text": [], 
    "heTitleVariants": [
        "שבת"
    ], 
    "heTitle": "שבת קל״ו ב", 
    "heRef": "שבת קל״ו ב", 
    "toSections": [
        "136b"
    ], 
    "sectionRef": "Shabbat 136b", 
    "title": "Shabbat 136b", 
    "lengths": [
        312, 
        17165
    ], 
    "next": "Shabbat 137a", 
    "heBook": "שבת", 
    "book": "Shabbat", 
    "prev": "Shabbat 136a", 
    "textDepth": 2, 
    "sectionNames": [
        "Daf", 
        "Line"
    ], 
    "sections": [
        "136b"
    ], 
    "isComplex": false, 
    "titleVariants": [
        "Shabbat", 
        "Masekhet Shabbat", 
        "Shabbos", 
        "Tractate Shabbat", 
        "Talmud Shabbat", 
        "Shabbath"
    ], 
    "categories": [
        "Talmud", 
        "Bavli", 
        "Seder Moed"
    ], 
    "he": [
        "אם אשת ישראל היא חולצת אם אשת כהן היא אינה חולצת", 
        "ורב שרביא משמיה דרבא אמר", 
        "אחת זו ואחת זו חולצת", 
        "אמר ליה רבינא לרב שרביא", 
        "באורתא אמר רבא הכי לצפרא הדר ביה", 
        "אמר ליה", 
        "שריתוה", 
        "יהא רעוא דתשרו תרבא:", 
        "ר' יהודה מתיר וכו':", 
        "אמר רב שיזבי אמר רב חסדא", 
        "לא לכל אמר רבי יהודה אנדרוגינוס זכר הוא שאם אתה אומר כן בערכין יערך", 
        "ומנלן דלא מיערך דתניא", 
        "הזכר ולא טומטום ואנדרוגינוס", 
        "יכול לא יהא בערך איש אבל יהא בערך אשה תלמוד לומר", 
        "הזכר ואם נקבה היא", 
        "זכר ודאי נקבה ודאית ולא טומטום ואנדרוגינוס"
    ], 
    "ref": "Shabbat 136b", 
    "type": "Talmud", 
    "addressTypes": [
        "Talmud", 
        "Integer"
    ], 
    "length": 312, 
    "indexTitle": "Shabbat", 
    "heIndexTitle": "שבת", 
    "alts": [], 
    "order": [
        2, 
        1
    ]
}]