{
    "heTitleVariants": [
        "שבת"
    ], 
    "heTitle": "שבת ל״ג ב", 
    "content": [
        {
            "segmentNumber": "1", 
            "he": "על המעשר ר' אלעזר בר' יוסי אומר", 
            "links": [
                {
                    "category": "Commentary", 
                    "sourceHeRef": "רש\"י על שבת ל״ג ב:א׳:א׳", 
                    "sourceRef": "Rashi on Shabbat 33b:1:1", 
                    "ref": "Rashi on Shabbat 33b:1:1"
                }
            ], 
            "text": "on account of tithing. Rabbi Elazar son of Rabbi Yosi says"
        }, 
        {
            "segmentNumber": "2", 
            "he": "על לשון הרע", 
            "links": [], 
            "text": "On account of evil speech"
        }, 
        {
            "segmentNumber": "3", 
            "he": "אמר רבא ואיתימא ריב\"ל", 
            "links": [], 
            "text": "Rava said, and some say it was Rabbi Yehoshua son of Levi"
        }, 
        {
            "segmentNumber": "4", 
            "he": "מאי קראה (תהלים סג, יב) והמלך ישמח באלהים יתהלל כל הנשבע בו כי יסכר פי דוברי שקר", 
            "links": [
                {
                    "category": "Commentary", 
                    "sourceHeRef": "רש\"י על שבת ל״ג ב:ד׳:א׳", 
                    "sourceRef": "Rashi on Shabbat 33b:4:1", 
                    "ref": "Rashi on Shabbat 33b:4:1"
                }, 
                {
                    "category": "Tanach", 
                    "sourceHeRef": "תהילים ס״ג:י״ב", 
                    "sourceRef": "Psalms 63:12", 
                    "ref": "Psalms 63:12"
                }
            ], 
            "text": "What is the verse (Psalms 63:12) \"And the King rejoices in God; praised all that swear by Him, because the mouth that speaks falsehood shall be closed.\""
        }, 
        {
            "segmentNumber": "5", 
            "he": "איבעיא להו", 
            "links": [], 
            "text": "They asked to them:"
        }, 
        {
            "segmentNumber": "6", 
            "he": "רבי אלעזר ברבי יוסי על לשון הרע קאמר או דילמא אף על לשון הרע נמי קאמר", 
            "links": [], 
            "text": "Rabbi Elazar son of Rabbi Yosi was saying on account of evil speech or maybe he was saying even on account of evil speech also."
        }, 
        {
            "segmentNumber": "7", 
            "he": "ת\"ש כשנכנסו רבותינו לכרם ביבנה היה שם רבי יהודה ור' אלעזר בר' יוסי ור\"ש", 
            "links": [
                {
                    "category": "Commentary", 
                    "sourceHeRef": "רש\"י על שבת ל״ג ב:ז׳:א׳", 
                    "sourceRef": "Rashi on Shabbat 33b:7:1", 
                    "ref": "Rashi on Shabbat 33b:7:1"
                }
            ], 
            "text": "Come and hear: When our teachers entered into the vineyard of Yavneh, there were there Rabbi Yehudah and Rabbi Elazar son of Rabbi Yosi and Rabbi Shimon..."
        }, 
        {
            "segmentNumber": "8", 
            "he": "נשאלה שאלה זו בפניהם", 
            "links": [], 
            "text": "This question was asked before them:"
        }, 
        {
            "segmentNumber": "9", 
            "he": "מכה זו מפני מה מתחלת בבני מעיים וגומרת בפה", 
            "links": [
                {
                    "category": "Commentary", 
                    "sourceHeRef": "רש\"י על שבת ל״ג ב:ט׳:א׳", 
                    "sourceRef": "Rashi on Shabbat 33b:9:1", 
                    "ref": "Rashi on Shabbat 33b:9:1"
                }
            ], 
            "text": "This affliction, why does it start in the innards and end in the mouth"
        }, 
        {
            "segmentNumber": "10", 
            "he": "נענה רבי יהודה ברבי אלעאי ראש המדברים בכל מקום ואמר", 
            "links": [
                {
                    "category": "Commentary", 
                    "sourceHeRef": "רש\"י על שבת ל״ג ב:י׳:א׳", 
                    "sourceRef": "Rashi on Shabbat 33b:10:1", 
                    "ref": "Rashi on Shabbat 33b:10:1"
                }
            ], 
            "text": "Answered Rabbi Yehudah son of Rabbi Iloiy, the first of the speakers in all places, and said:"
        }, 
        {
            "segmentNumber": "11", 
            "he": "אע\"פ שכליות יועצות ולב מבין ולשון מחתך פה גומר", 
            "links": [
                {
                    "category": "Commentary", 
                    "sourceHeRef": "רש\"י על שבת ל״ג ב:י״א:א׳", 
                    "sourceRef": "Rashi on Shabbat 33b:11:1", 
                    "ref": "Rashi on Shabbat 33b:11:1"
                }, 
                {
                    "category": "Commentary", 
                    "sourceHeRef": "רש\"י על שבת ל״ג ב:י״א:ב׳", 
                    "sourceRef": "Rashi on Shabbat 33b:11:2", 
                    "ref": "Rashi on Shabbat 33b:11:2"
                }, 
                {
                    "category": "Commentary", 
                    "sourceHeRef": " חידושי אגדות על מסכת שבת ל״ג ב:ב׳", 
                    "sourceRef": "Chidushei Agadot on Shabbat 33b:2", 
                    "ref": "Chidushei Agadot on Shabbat 33b:2"
                }
            ], 
            "text": "\"Although the kidney give counsel and the heart understands and the tongue cuts, the mouth completes.\""
        }, 
        {
            "segmentNumber": "12", 
            "he": "נענה רבי אלעזר ברבי יוסי ואמר", 
            "links": [], 
            "text": "Answered Rabbi Elazar son of Rabbi Yosi, and said:"
        }, 
        {
            "segmentNumber": "13", 
            "he": "מפני שאוכלין בה דברים טמאין", 
            "links": [], 
            "text": "\"Because they eat with it impure things.\""
        }, 
        {
            "segmentNumber": "14", 
            "he": "דברים טמאים סלקא דעתך", 
            "links": [
                {
                    "category": "Commentary", 
                    "sourceHeRef": "רש\"י על שבת ל״ג ב:י״ד:א׳", 
                    "sourceRef": "Rashi on Shabbat 33b:14:1", 
                    "ref": "Rashi on Shabbat 33b:14:1"
                }
            ], 
            "text": "Do you really think impure things?"
        }, 
        {
            "segmentNumber": "15", 
            "he": "אלא", 
            "links": [], 
            "text": "Rather"
        }, 
        {
            "segmentNumber": "16", 
            "he": "שאוכלין בה דברים שאינן מתוקנים", 
            "links": [
                {
                    "category": "Commentary", 
                    "sourceHeRef": "רש\"י על שבת ל״ג ב:ט״ז:א׳", 
                    "sourceRef": "Rashi on Shabbat 33b:16:1", 
                    "ref": "Rashi on Shabbat 33b:16:1"
                }
            ], 
            "text": "They eat with it things that have not been fixed."
        }, 
        {
            "segmentNumber": "17", 
            "he": "נענה ר' שמעון ואמר", 
            "links": [], 
            "text": "Answered Rabbi Shimon, and said:"
        }, 
        {
            "segmentNumber": "18", 
            "he": "בעון ביטול תורה", 
            "links": [
                {
                    "category": "Commentary", 
                    "sourceHeRef": "רש\"י על שבת ל״ג ב:י״ח:א׳", 
                    "sourceRef": "Rashi on Shabbat 33b:18:1", 
                    "ref": "Rashi on Shabbat 33b:18:1"
                }, 
                {
                    "category": "Commentary", 
                    "sourceHeRef": " חידושי אגדות על מסכת שבת ל״ג ב:ג׳", 
                    "sourceRef": "Chidushei Agadot on Shabbat 33b:3", 
                    "ref": "Chidushei Agadot on Shabbat 33b:3"
                }
            ], 
            "text": "\"For the sin of wasting Torah [study]\""
        }, 
        {
            "segmentNumber": "19", 
            "he": "אמרו לו", 
            "links": [], 
            "text": "They said to him"
        }, 
        {
            "segmentNumber": "20", 
            "he": "נשים יוכיחו", 
            "links": [
                {
                    "category": "Commentary", 
                    "sourceHeRef": "רש\"י על שבת ל״ג ב:כ׳:א׳", 
                    "sourceRef": "Rashi on Shabbat 33b:20:1", 
                    "ref": "Rashi on Shabbat 33b:20:1"
                }
            ], 
            "text": "\"Women bring proof;"
        }, 
        {
            "segmentNumber": "21", 
            "he": "שמבטלות את בעליהן", 
            "links": [], 
            "text": "because they cause their husbands to waste [time from Torah Study]."
        }, 
        {
            "segmentNumber": "22", 
            "he": "נכרים יוכיחו", 
            "links": [
                {
                    "category": "Commentary", 
                    "sourceHeRef": " חידושי אגדות על מסכת שבת ל״ג ב:ד׳", 
                    "sourceRef": "Chidushei Agadot on Shabbat 33b:4", 
                    "ref": "Chidushei Agadot on Shabbat 33b:4"
                }
            ], 
            "text": "Non-Jews bring proof;"
        }, 
        {
            "segmentNumber": "23", 
            "he": "שמבטלין את ישראל", 
            "links": [], 
            "text": "because they cause Israelites to waste [time from Torah Study]."
        }, 
        {
            "segmentNumber": "24", 
            "he": "תינוקות יוכיחו", 
            "links": [
                {
                    "category": "Commentary", 
                    "sourceHeRef": "רש\"י על שבת ל״ג ב:כ״ד:א׳", 
                    "sourceRef": "Rashi on Shabbat 33b:24:1", 
                    "ref": "Rashi on Shabbat 33b:24:1"
                }
            ], 
            "text": "Small children bring proof;"
        }, 
        {
            "segmentNumber": "25", 
            "he": "שמבטלין את אביהן", 
            "links": [], 
            "text": "because they cause their fathers to waste [time from Torah Study]."
        }, 
        {
            "segmentNumber": "26", 
            "he": "תינוקות של בית רבן יוכיחו", 
            "links": [
                {
                    "category": "Commentary", 
                    "sourceHeRef": "רש\"י על שבת ל״ג ב:כ״ו:א׳", 
                    "sourceRef": "Rashi on Shabbat 33b:26:1", 
                    "ref": "Rashi on Shabbat 33b:26:1"
                }
            ], 
            "text": "Small children in school bring proof."
        }, 
        {
            "segmentNumber": "27", 
            "he": "התם כדרבי גוריון דאמר רבי גוריון ואיתימא רב יוסף ברבי שמעיה", 
            "links": [], 
            "text": "There is it like Rabbi Gurion. Because Rabbi Gurion said and some say Rav Yosef son of Rabbi Shmaya"
        }, 
        {
            "segmentNumber": "28", 
            "he": "בזמן שהצדיקים בדור צדיקים נתפסים על הדור אין צדיקים בדור תינוקות של בית רבן נתפסים על הדור", 
            "links": [], 
            "text": "At a time when there are righteous people in the generation, the righteous people appease on behalf of the generation. If there are no righteous people in the generation, small children in school appease on behalf of the generation."
        }, 
        {
            "segmentNumber": "29", 
            "he": "א\"ר יצחק בר זעירי ואמרי לה א\"ר שמעון בן נזירא", 
            "links": [], 
            "text": ""
        }, 
        {
            "segmentNumber": "30", 
            "he": "מאי קראה (שיר השירים א, ח) אם לא תדעי לך היפה בנשים צאי לך בעקבי הצאן וגו' ואמרינן", 
            "links": [
                {
                    "category": "Commentary", 
                    "sourceHeRef": "רש\"י על שבת ל״ג ב:ל׳:א׳", 
                    "sourceRef": "Rashi on Shabbat 33b:30:1", 
                    "ref": "Rashi on Shabbat 33b:30:1"
                }, 
                {
                    "category": "Tanach", 
                    "sourceHeRef": "שיר השירים א׳:ח׳", 
                    "sourceRef": "Song of Songs 1:8", 
                    "ref": "Song of Songs 1:8"
                }
            ], 
            "text": ""
        }, 
        {
            "segmentNumber": "31", 
            "he": "גדיים הממושכנין על הרועים", 
            "links": [], 
            "text": ""
        }, 
        {
            "segmentNumber": "32", 
            "he": "ש\"מ", 
            "links": [
                {
                    "category": "Commentary", 
                    "sourceHeRef": "רש\"י על שבת ל״ג ב:ל״ב:א׳", 
                    "sourceRef": "Rashi on Shabbat 33b:32:1", 
                    "ref": "Rashi on Shabbat 33b:32:1"
                }
            ], 
            "text": ""
        }, 
        {
            "segmentNumber": "33", 
            "he": "אף על לשון הרע נמי קאמר ש\"מ", 
            "links": [], 
            "text": "Since Rabbi Yehuda and Rabbi Yose and Rabbi Shimon sat [together], and Rabbi Yehudah ben Gerim sat with them."
        }, 
        {
            "segmentNumber": "34", 
            "he": "ואמאי קרו ליה ראש המדברים בכל מקום", 
            "links": [], 
            "text": "Rabbi Yehuda opened and said, "
        }, 
        {
            "segmentNumber": "35", 
            "he": "דיתבי רבי יהודה ורבי יוסי ורבי שמעון ויתיב יהודה בן גרים גבייהו", 
            "links": [
                {
                    "category": "Commentary", 
                    "sourceHeRef": "רש\"י על שבת ל״ג ב:ל״ה:א׳", 
                    "sourceRef": "Rashi on Shabbat 33b:35:1", 
                    "ref": "Rashi on Shabbat 33b:35:1"
                }
            ], 
            "text": "\"How fine are the deeds of [the Roman] nation; "
        }, 
        {
            "segmentNumber": "36", 
            "he": "פתח ר' יהודה ואמר", 
            "links": [], 
            "text": "they set up markets, they set up bridges, they set up bathhouses.\""
        }, 
        {
            "segmentNumber": "37", 
            "he": "כמה נאים מעשיהן של אומה זו", 
            "links": [
                {
                    "category": "Commentary", 
                    "sourceHeRef": "רש\"י על שבת ל״ג ב:ל״ז:א׳", 
                    "sourceRef": "Rashi on Shabbat 33b:37:1", 
                    "ref": "Rashi on Shabbat 33b:37:1"
                }, 
                {
                    "category": "Commentary", 
                    "sourceHeRef": " חידושי אגדות על מסכת שבת ל״ג ב:ו׳", 
                    "sourceRef": "Chidushei Agadot on Shabbat 33b:6", 
                    "ref": "Chidushei Agadot on Shabbat 33b:6"
                }
            ], 
            "text": "Rabbi Yose was quiet."
        }, 
        {
            "segmentNumber": "38", 
            "he": "תקנו שווקים תקנו גשרים תקנו מרחצאות", 
            "links": [], 
            "text": "Rabbi Shimon ben Yochai answered and said, "
        }, 
        {
            "segmentNumber": "39", 
            "he": "ר' יוסי שתק", 
            "links": [], 
            "text": "\"All that they set up, they didn't  set up except for their own needs; they  set up markets to place prostitutes in them, bathhouses to pamper themselves, bridges to take taxes from them.\""
        }, 
        {
            "segmentNumber": "40", 
            "he": "נענה רשב\"י ואמר", 
            "links": [], 
            "text": "Rabbi Yehudah ben Gerim went and told over their words and they were heard by the government."
        }, 
        {
            "segmentNumber": "41", 
            "he": "כל מה שתקנו לא תקנו אלא לצורך עצמן תקנו שווקין להושיב בהן זונות מרחצאות לעדן בהן עצמן גשרים ליטול מהן מכס", 
            "links": [
                {
                    "category": "Commentary", 
                    "sourceHeRef": "רש\"י על שבת ל״ג ב:מ״א:א׳", 
                    "sourceRef": "Rashi on Shabbat 33b:41:1", 
                    "ref": "Rashi on Shabbat 33b:41:1"
                }
            ], 
            "text": "[The government officials] said, "
        }, 
        {
            "segmentNumber": "42", 
            "he": "הלך יהודה בן גרים וסיפר דבריהם ונשמעו למלכות", 
            "links": [
                {
                    "category": "Commentary", 
                    "sourceHeRef": "רש\"י על שבת ל״ג ב:מ״ב:א׳", 
                    "sourceRef": "Rashi on Shabbat 33b:42:1", 
                    "ref": "Rashi on Shabbat 33b:42:1"
                }, 
                {
                    "category": "Commentary", 
                    "sourceHeRef": "תוספות על שבת ל״ג ב:מ״ב:א׳", 
                    "sourceRef": "Tosafot on Shabbat 33b:42:1", 
                    "ref": "Tosafot on Shabbat 33b:42:1"
                }
            ], 
            "text": "\"Yehuda that elevated [us] should be elevated, Yose that was quiet should be exiled to Tsippori, Shimon that disgraced [us] should be killed.\""
        }, 
        {
            "segmentNumber": "43", 
            "he": "אמרו", 
            "links": [], 
            "text": "He and his son went [and] hid in the study hall, "
        }, 
        {
            "segmentNumber": "44", 
            "he": "יהודה שעילה יתעלה יוסי ששתק יגלה לציפורי שמעון שגינה יהרג", 
            "links": [
                {
                    "category": "Commentary", 
                    "sourceHeRef": "רש\"י על שבת ל״ג ב:מ״ד:א׳", 
                    "sourceRef": "Rashi on Shabbat 33b:44:1", 
                    "ref": "Rashi on Shabbat 33b:44:1"
                }
            ], 
            "text": "every day, his wife would bring them bread and a container of water and they ate. "
        }, 
        {
            "segmentNumber": "45", 
            "he": "אזל הוא ובריה טשו בי מדרשא", 
            "links": [], 
            "text": "When the decree became more pronounced, he said to his son,"
        }, 
        {
            "segmentNumber": "46", 
            "he": "כל יומא הוה מייתי להו דביתהו ריפתא וכוזא דמיא וכרכי", 
            "links": [], 
            "text": "\"women have weak resolve; maybe [the Romans] will distress her and she will reveal [our location].\""
        }, 
        {
            "segmentNumber": "47", 
            "he": "כי תקיף גזירתא א\"ל לבריה", 
            "links": [], 
            "text": "They went and hid in a cave."
        }, 
        {
            "segmentNumber": "48", 
            "he": "נשים דעתן קלה עליהן דילמא מצערי לה ומגליא לן", 
            "links": [], 
            "text": "A miracle occurred [and] a carob tree and a spring of water were created for them."
        }, 
        {
            "segmentNumber": "49", 
            "he": "אזלו טשו במערתא", 
            "links": [], 
            "text": "And they would take off their clothes and would sit up to their necks in sand; the whole day they would study; at the time of prayers they would get dressed, cover themselves and pray; and [then] they would go back and take off their clothes so that they would not get worn out."
        }, 
        {
            "segmentNumber": "50", 
            "he": "איתרחיש ניסא איברי להו חרובא ועינא דמיא", 
            "links": [
                {
                    "category": "Commentary", 
                    "sourceHeRef": "רש\"י על שבת ל״ג ב:נ׳:א׳", 
                    "sourceRef": "Rashi on Shabbat 33b:50:1", 
                    "ref": "Rashi on Shabbat 33b:50:1"
                }, 
                {
                    "category": "Commentary", 
                    "sourceHeRef": " חידושי אגדות על מסכת שבת ל״ג ב:ז׳", 
                    "sourceRef": "Chidushei Agadot on Shabbat 33b:7", 
                    "ref": "Chidushei Agadot on Shabbat 33b:7"
                }
            ], 
            "text": " They sat for twelve years in the cave."
        }, 
        {
            "segmentNumber": "51", 
            "he": "והוו משלחי מנייהו והוו יתבי עד צוארייהו בחלא כולי יומא גרסי בעידן צלויי לבשו מיכסו ומצלו והדר משלחי מנייהו כי היכי דלא ליבלו", 
            "links": [
                {
                    "category": "Commentary", 
                    "sourceHeRef": "רש\"י על שבת ל״ג ב:נ״א:א׳", 
                    "sourceRef": "Rashi on Shabbat 33b:51:1", 
                    "ref": "Rashi on Shabbat 33b:51:1"
                }, 
                {
                    "category": "Commentary", 
                    "sourceHeRef": " חידושי אגדות על מסכת שבת ל״ג ב:ח׳", 
                    "sourceRef": "Chidushei Agadot on Shabbat 33b:8", 
                    "ref": "Chidushei Agadot on Shabbat 33b:8"
                }
            ], 
            "text": "Eliyahu came and stood at the entrance of the cave [and] said,"
        }, 
        {
            "segmentNumber": "52", 
            "he": "איתבו תריסר שני במערתא", 
            "links": [], 
            "text": "\"Who will inform Bar Yochai that the Caeser has died and that his decree has been annulled?\""
        }, 
        {
            "segmentNumber": "53", 
            "he": "אתא אליהו וקם אפיתחא דמערתא אמר", 
            "links": [], 
            "text": "They came out; "
        }, 
        {
            "segmentNumber": "54", 
            "he": "מאן לודעיה לבר יוחי דמית קיסר ובטיל גזירתיה", 
            "links": [], 
            "text": "they saw people that were plowing and planting. [Rabbi Shimon] said,"
        }, 
        {
            "segmentNumber": "55", 
            "he": "נפקו", 
            "links": [], 
            "text": "\"They are leaving over eternal life and involving themselves with temporary life.\""
        }, 
        {
            "segmentNumber": "56", 
            "he": "חזו אינשי דקא כרבי וזרעי אמר", 
            "links": [
                {
                    "category": "Commentary", 
                    "sourceHeRef": "רש\"י על שבת ל״ג ב:נ״ו:א׳", 
                    "sourceRef": "Rashi on Shabbat 33b:56:1", 
                    "ref": "Rashi on Shabbat 33b:56:1"
                }
            ], 
            "text": "Every place upon which they would set their eyes would immediately burn."
        }, 
        {
            "segmentNumber": "57", 
            "he": "מניחין חיי עולם ועוסקין בחיי שעה", 
            "links": [
                {
                    "category": "Commentary", 
                    "sourceHeRef": "רש\"י על שבת ל״ג ב:נ״ז:א׳", 
                    "sourceRef": "Rashi on Shabbat 33b:57:1", 
                    "ref": "Rashi on Shabbat 33b:57:1"
                }
            ], 
            "text": "A Heavenly voice came out and said to them,"
        }, 
        {
            "segmentNumber": "58", 
            "he": "כל מקום שנותנין עיניהן מיד נשרף", 
            "links": [], 
            "text": "\"Did you come out [of the cave] to destroy my world? "
        }, 
        {
            "segmentNumber": "59", 
            "he": "יצתה בת קול ואמרה להם", 
            "links": [], 
            "text": "Go back to your cave!\""
        }, 
        {
            "segmentNumber": "60", 
            "he": "להחריב עולמי יצאתם", 
            "links": [], 
            "text": "They returned and went [back]; "
        }, 
        {
            "segmentNumber": "61", 
            "he": "חיזרו למערתכם", 
            "links": [], 
            "text": "they sat for twelve months of a year;"
        }, 
        {
            "segmentNumber": "62", 
            "he": "הדור אזול", 
            "links": [], 
            "text": "they [then] said, "
        }, 
        {
            "segmentNumber": "63", 
            "he": "איתיבו תריסר ירחי שתא", 
            "links": [], 
            "text": "\"the judgment of the wicked is twelve months in <i>Gehinnom</i>.\""
        }, 
        {
            "segmentNumber": "64", 
            "he": "אמרי", 
            "links": [], 
            "text": "A Heavenly voice came out and said, "
        }, 
        {
            "segmentNumber": "65", 
            "he": "משפט רשעים בגיהנם י\"ב חדש", 
            "links": [
                {
                    "category": "Commentary", 
                    "sourceHeRef": "רש\"י על שבת ל״ג ב:ס״ה:א׳", 
                    "sourceRef": "Rashi on Shabbat 33b:65:1", 
                    "ref": "Rashi on Shabbat 33b:65:1"
                }, 
                {
                    "category": "Commentary", 
                    "sourceHeRef": " חידושי אגדות על מסכת שבת ל״ג ב:ט׳", 
                    "sourceRef": "Chidushei Agadot on Shabbat 33b:9", 
                    "ref": "Chidushei Agadot on Shabbat 33b:9"
                }
            ], 
            "text": "\"go out from your cave.\""
        }, 
        {
            "segmentNumber": "66", 
            "he": "יצתה בת קול ואמרה", 
            "links": [], 
            "text": ""
        }, 
        {
            "segmentNumber": "67", 
            "he": "צאו ממערתכם", 
            "links": [], 
            "text": ""
        }, 
        {
            "segmentNumber": "68", 
            "he": "נפקו כל היכא דהוה מחי ר' אלעזר הוה מסי ר\"ש", 
            "links": [
                {
                    "category": "Commentary", 
                    "sourceHeRef": " חידושי אגדות על מסכת שבת ל״ג ב:י״ד", 
                    "sourceRef": "Chidushei Agadot on Shabbat 33b:14", 
                    "ref": "Chidushei Agadot on Shabbat 33b:14"
                }
            ], 
            "text": ""
        }, 
        {
            "segmentNumber": "69", 
            "he": "אמר לו", 
            "links": [], 
            "text": "As the [sun was setting] on the eve of Shabbat, they saw an hold man holding two bundles of hyssops and running at twilight."
        }, 
        {
            "segmentNumber": "70", 
            "he": "בני די לעולם אני ואתה", 
            "links": [
                {
                    "category": "Commentary", 
                    "sourceHeRef": "רש\"י על שבת ל״ג ב:ע׳:א׳", 
                    "sourceRef": "Rashi on Shabbat 33b:70:1", 
                    "ref": "Rashi on Shabbat 33b:70:1"
                }
            ], 
            "text": "They said to him,"
        }, 
        {
            "segmentNumber": "71", 
            "he": "בהדי פניא דמעלי שבתא חזו ההוא סבא דהוה נקיט תרי מדאני אסא ורהיט בין השמשות", 
            "links": [
                {
                    "category": "Commentary", 
                    "sourceHeRef": "רש\"י על שבת ל״ג ב:ע״א:א׳", 
                    "sourceRef": "Rashi on Shabbat 33b:71:1", 
                    "ref": "Rashi on Shabbat 33b:71:1"
                }, 
                {
                    "category": "Commentary", 
                    "sourceHeRef": "רש\"י על שבת ל״ג ב:ע״א:ב׳", 
                    "sourceRef": "Rashi on Shabbat 33b:71:2", 
                    "ref": "Rashi on Shabbat 33b:71:2"
                }
            ], 
            "text": "\"what are these to you?\""
        }, 
        {
            "segmentNumber": "72", 
            "he": "אמרו ליה", 
            "links": [], 
            "text": "He said to them,"
        }, 
        {
            "segmentNumber": "73", 
            "he": "הני למה לך", 
            "links": [], 
            "text": "\"For the honor of the Shabbat.\""
        }, 
        {
            "segmentNumber": "74", 
            "he": "אמר להו", 
            "links": [], 
            "text": " [They said back,] \"Would one not suffice?\""
        }, 
        {
            "segmentNumber": "75", 
            "he": "לכבוד שבת", 
            "links": [
                {
                    "category": "Tanach", 
                    "sourceHeRef": "שמות כ׳:ז׳", 
                    "sourceRef": "Exodus 20:7", 
                    "ref": "Exodus 20:7"
                }, 
                {
                    "category": "Tanach", 
                    "sourceHeRef": "דברים ה׳:י״א", 
                    "sourceRef": "Deuteronomy 5:11", 
                    "ref": "Deuteronomy 5:11"
                }
            ], 
            "text": "[He responded,] \"One corresponding to Exodus 20:7), 'Remember' and one corresponding to (Deuteronomy 5:11) 'Guard.'\" "
        }, 
        {
            "segmentNumber": "76", 
            "he": "ותיסגי לך בחד", 
            "links": [], 
            "text": "[Rabbi Shimon] said to his son,"
        }, 
        {
            "segmentNumber": "77", 
            "he": "חד כנגד (שמות כ, ז) זכור וחד כנגד (דברים ה, יא) שמור", 
            "links": [
                {
                    "category": "Tanach", 
                    "sourceHeRef": "שמות כ׳:ז׳", 
                    "sourceRef": "Exodus 20:7", 
                    "ref": "Exodus 20:7"
                }, 
                {
                    "category": "Tanach", 
                    "sourceHeRef": "דברים ה׳:י״א", 
                    "sourceRef": "Deuteronomy 5:11", 
                    "ref": "Deuteronomy 5:11"
                }
            ], 
            "text": "\"See, how beloved the commandments are to Israel.\" "
        }, 
        {
            "segmentNumber": "78", 
            "he": "א\"ל לבריה", 
            "links": [], 
            "text": "[And so] their minds were put at ease...."
        }, 
        {
            "segmentNumber": "79", 
            "he": "חזי כמה חביבין מצות על ישראל", 
            "links": [], 
            "text": ""
        }, 
        {
            "segmentNumber": "80", 
            "he": "יתיב דעתייהו", 
            "links": [], 
            "text": ""
        }, 
        {
            "segmentNumber": "81", 
            "he": "שמע ר' פנחס בן יאיר חתניה ונפק לאפיה עייליה לבי בניה הוה קא אריך ליה לבישריה חזי דהוה ביה פילי בגופיה הוה קא בכי וקא נתרו דמעת עיניה וקמצוחא ליה", 
            "links": [
                {
                    "category": "Commentary", 
                    "sourceHeRef": "רש\"י על שבת ל״ג ב:פ״א:א׳", 
                    "sourceRef": "Rashi on Shabbat 33b:81:1", 
                    "ref": "Rashi on Shabbat 33b:81:1"
                }, 
                {
                    "category": "Commentary", 
                    "sourceHeRef": "רש\"י על שבת ל״ג ב:פ״א:ב׳", 
                    "sourceRef": "Rashi on Shabbat 33b:81:2", 
                    "ref": "Rashi on Shabbat 33b:81:2"
                }, 
                {
                    "category": "Commentary", 
                    "sourceHeRef": "רש\"י על שבת ל״ג ב:פ״א:ג׳", 
                    "sourceRef": "Rashi on Shabbat 33b:81:3", 
                    "ref": "Rashi on Shabbat 33b:81:3"
                }
            ], 
            "text": ""
        }, 
        {
            "segmentNumber": "82", 
            "he": "א\"ל", 
            "links": [], 
            "text": ""
        }, 
        {
            "segmentNumber": "83", 
            "he": "אוי לי שראיתיך בכך", 
            "links": [], 
            "text": ""
        }, 
        {
            "segmentNumber": "84", 
            "he": "א\"ל", 
            "links": [], 
            "text": ""
        }, 
        {
            "segmentNumber": "85", 
            "he": "אשריך שראיתני בכך שאילמלא לא ראיתני בכך לא מצאת בי כך", 
            "links": [
                {
                    "category": "Tanach", 
                    "sourceHeRef": "בראשית ל״ג:י״ח", 
                    "sourceRef": "Genesis 33:18", 
                    "ref": "Genesis 33:18"
                }
            ], 
            "text": "He said, \"Since a miracle took place, I will go and fix a matter, as it is written (Genesis 33:18),"
        }, 
        {
            "segmentNumber": "86", 
            "he": "דמעיקרא כי הוה מקשי ר\"ש בן יוחי קושיא הוה מפרק ליה ר' פנחס בן יאיר תריסר פירוקי לסוף כי הוה מקשי ר\"פ בן יאיר קושיא הוה מפרק ליה רשב\"י עשרין וארבעה פירוקי", 
            "links": [], 
            "text": "'And Ya'akov returned intact' (and Rav said [about that], "
        }, 
        {
            "segmentNumber": "87", 
            "he": "אמר הואיל ואיתרחיש ניסא איזיל אתקין מילתא דכתיב", 
            "links": [
                {
                    "category": "Commentary", 
                    "sourceHeRef": "רש\"י על שבת ל״ג ב:פ״ז:א׳", 
                    "sourceRef": "Rashi on Shabbat 33b:87:1", 
                    "ref": "Rashi on Shabbat 33b:87:1"
                }
            ], 
            "text": "\"Intact in his body, intact in his money and intact in his[knowledge] of Torah.\")"
        }, 
        {
            "segmentNumber": "88", 
            "he": "(בראשית לג, יח) ויבא יעקב שלם ואמר רב", 
            "links": [
                {
                    "category": "Tanach", 
                    "sourceHeRef": "בראשית ל״ג:י״ח", 
                    "sourceRef": "Genesis 33:18", 
                    "ref": "Genesis 33:18"
                }
            ], 
            "text": "'and he graced the face of the city.'\" (Rav said [about that], "
        }, 
        {
            "segmentNumber": "89", 
            "he": "שלם בגופו שלם בממונו שלם בתורתו", 
            "links": [
                {
                    "category": "Commentary", 
                    "sourceHeRef": "רש\"י על שבת ל״ג ב:פ״ט:א׳", 
                    "sourceRef": "Rashi on Shabbat 33b:89:1", 
                    "ref": "Rashi on Shabbat 33b:89:1"
                }, 
                {
                    "category": "Commentary", 
                    "sourceHeRef": "רש\"י על שבת ל״ג ב:פ״ט:ב׳", 
                    "sourceRef": "Rashi on Shabbat 33b:89:2", 
                    "ref": "Rashi on Shabbat 33b:89:2"
                }, 
                {
                    "category": "Commentary", 
                    "sourceHeRef": " חידושי אגדות על מסכת שבת ל״ג ב:י״ב", 
                    "sourceRef": "Chidushei Agadot on Shabbat 33b:12", 
                    "ref": "Chidushei Agadot on Shabbat 33b:12"
                }
            ], 
            "text": "\"He instituted a coin.\" And Shmuel said"
        }, 
        {
            "segmentNumber": "90", 
            "he": "(בראשית לג, יח) ויחן את פני העיר אמר רב", 
            "links": [
                {
                    "category": "Tanach", 
                    "sourceHeRef": "בראשית ל״ג:י״ח", 
                    "sourceRef": "Genesis 33:18", 
                    "ref": "Genesis 33:18"
                }
            ], 
            "text": "\"He set up marketplaces.\" And Rabbi Yochanan said, "
        }, 
        {
            "segmentNumber": "91", 
            "he": "מטבע תיקן להם ושמואל אמר", 
            "links": [
                {
                    "category": "Commentary", 
                    "sourceHeRef": " חידושי אגדות על מסכת שבת ל״ג ב:י״ג", 
                    "sourceRef": "Chidushei Agadot on Shabbat 33b:13", 
                    "ref": "Chidushei Agadot on Shabbat 33b:13"
                }, 
                {
                    "category": "Commentary", 
                    "sourceHeRef": "רש\"י על שבת ל״ג ב:צ״א:א׳", 
                    "sourceRef": "Rashi on Shabbat 33b:91:1", 
                    "ref": "Rashi on Shabbat 33b:91:1"
                }
            ], 
            "text": "\"He set up bathhouses.\") "
        }, 
        {
            "segmentNumber": "92", 
            "he": "שווקים תיקן להם ור' יוחנן אמר", 
            "links": [], 
            "text": ""
        }, 
        {
            "segmentNumber": "93", 
            "he": "מרחצאות תיקן להם", 
            "links": [], 
            "text": ""
        }, 
        {
            "segmentNumber": "94", 
            "he": "אמר", 
            "links": [], 
            "text": ""
        }, 
        {
            "segmentNumber": "95", 
            "he": "איכא מילתא דבעי לתקוני", 
            "links": [], 
            "text": ""
        }, 
        {
            "segmentNumber": "96", 
            "he": "אמרו ליה", 
            "links": [], 
            "text": ""
        }, 
        {
            "segmentNumber": "97", 
            "he": "איכא דוכתא דאית ביה ספק טומאה", 
            "links": [], 
            "text": ""
        }
    ], 
    "heRef": "שבת ל״ג ב", 
    "toSections": [
        "33b"
    ], 
    "sectionRef": "Shabbat 33b", 
    "title": "Shabbat 33b", 
    "lengths": [
        312, 
        17165
    ], 
    "next": "Shabbat 34a", 
    "heBook": "שבת", 
    "book": "Shabbat", 
    "prev": "Shabbat 33a", 
    "textDepth": 2, 
    "sectionNames": [
        "Daf", 
        "Line"
    ], 
    "sections": [
        "33b"
    ], 
    "isComplex": false, 
    "titleVariants": [
        "Shabbat", 
        "Masekhet Shabbat", 
        "Shabbos", 
        "Tractate Shabbat", 
        "Talmud Shabbat", 
        "Shabbath"
    ], 
    "categories": [
        "Talmud", 
        "Bavli", 
        "Seder Moed"
    ], 
    "ref": "Shabbat 33b", 
    "type": "Talmud", 
    "addressTypes": [
        "Talmud", 
        "Integer"
    ], 
    "length": 312, 
    "indexTitle": "Shabbat", 
    "heIndexTitle": "שבת", 
    "alts": [], 
    "order": [
        2, 
        1
    ]
}