{
    "heTitleVariants": [
        "מלבי\"ם על שמואל א'", 
        "מלבי\"ם על שמואל א", 
        "מלבי\"ם על ש\"א", 
        "מלבי\"ם על שמואל א׳", 
        "מלבי\"ם על ש״א"
    ], 
    "heTitle": "מלבי\"ם על שמואל א", 
    "commentaryBook": "I Samuel", 
    "heRef": "מלבי\"ם על שמואל א ה׳", 
    "toSections": [
        5
    ], 
    "sectionRef": "Malbim on I Samuel 5", 
    "title": "Malbim on I Samuel 5", 
    "lengths": [
        31, 
        812
    ], 
    "next": "Malbim on I Samuel 6:1", 
    "content": [
        {
            "segmentNumber": "1", 
            "he": [], 
            "links": [], 
            "text": ""
        }, 
        {
            "segmentNumber": "2", 
            "he": [
                "<b>ויקחו</b> משם לקחוהו ויביאו אותו אל בית דגון בחשבם כי דגון אלהיהם נצח לאלהי ישראל, ובמדרש ר' יוחנן אמר כבדוהו, אמרו זה אלוה וזה אלוה יבא אלוה וישרה אצל אלוה, רשב''ל אמר כך יהיה שכרו? (רצה לומר ומדוע נענשו) אלא אמרו זה נוצח וזה נצוח יבא נצוח ויתעבד לנוצח :\n\n\n"
            ], 
            "links": [
                {
                    "category": "Tanakh", 
                    "sourceHeRef": "שמואל א ה׳:ב׳", 
                    "index_title": "I Samuel", 
                    "sourceRef": "I Samuel 5:2"
                }
            ], 
            "text": ""
        }, 
        {
            "segmentNumber": "3", 
            "he": [
                "(ג-ד) ", 
                "<b>השאלות: </b> כפל הכינוי עם הפעול, נופל לפניו לפני ארון ה' הוא זרות בלשון : ", 
                "<b>נפל לפניו</b> רצה לומר כי שניהם עמדו לצד שכנגד הפתח זה אצל זה, ואם היה נופל על פי מקרה, אז אם היה נופל על פניו היה נופל אל צד הפתח לא אל לפני הארון שעמד בצדו, ואם היה נופל לפני הארון היה מוכרח שיפול על צדו לא לפניו, אבל הוא ", 
                "<b>נפל לפניו, </b> היינו על פניו לא על צדו וגם ", 
                "<b>לפני ארון ה'</b> אל צד הארון לא אל צד הפתח, ובזה ראו שלא נפל בעצמו רק על פי נס, ובכ''ז בפעם הראשון לא שתו לב ", 
                "<b>וישבו אותו למקומו, </b> (גם זה מורה כמו שפרשתי שנסע ממקומו אל מקום אחר ולכן הוצרכו להשיב אותו למקומו שאם כפי' המפרשים שנפל כדרכו היה ל''ל ויקימוהו) :\n"
            ], 
            "links": [
                {
                    "category": "Tanakh", 
                    "sourceHeRef": "שמואל א ה׳:ג׳", 
                    "index_title": "I Samuel", 
                    "sourceRef": "I Samuel 5:3"
                }, 
                {
                    "category": "Tanakh", 
                    "sourceHeRef": "שמואל א ה׳:ג׳", 
                    "index_title": "I Samuel", 
                    "sourceRef": "I Samuel 5:3"
                }, 
                {
                    "category": "Tanakh", 
                    "sourceHeRef": "שמואל א ה׳:ג׳", 
                    "index_title": "I Samuel", 
                    "sourceRef": "I Samuel 5:3"
                }, 
                {
                    "category": "Tanakh", 
                    "sourceHeRef": "שמואל א ה׳:ג׳", 
                    "index_title": "I Samuel", 
                    "sourceRef": "I Samuel 5:3"
                }, 
                {
                    "category": "Tanakh", 
                    "sourceHeRef": "שמואל א ה׳:ג׳", 
                    "index_title": "I Samuel", 
                    "sourceRef": "I Samuel 5:3"
                }, 
                {
                    "category": "Tanakh", 
                    "sourceHeRef": "שמואל א ה׳:ג׳", 
                    "index_title": "I Samuel", 
                    "sourceRef": "I Samuel 5:3"
                }
            ], 
            "text": ""
        }, 
        {
            "segmentNumber": "4", 
            "he": [
                "<b>והנה דגון</b> ביום המחרת היה נס כפול, א. ששכב על פניו ואל צד הארון כמו ביום הראשון, ב. ", 
                "<b>שראש דגון ושתי כפות ידיו</b> היו ", 
                "<b>כרתות אל המפתן</b> לא אל צד הארון ובזה ראו שתחלה נפל על המפתן ושם נכרתו איבריו ואחר כך הוסב גולמו אל לפני הארון, והיה זה לבל יטעו שהיה מלחמה בינו ובין הארון ועל ידי שהארון נצח אותו כרת ראשו וידיו כדרך הנוצח ולכן ראשו וידיו נכרתו אל המפתן לא אל צד הארון שזה מורה שתחלה נכרת מעצמו וכאילו אחר שנכרת מעצמו כרע ונפל לפני הארון :\n"
            ], 
            "links": [
                {
                    "category": "Tanakh", 
                    "sourceHeRef": "שמואל א ה׳:ד׳", 
                    "index_title": "I Samuel", 
                    "sourceRef": "I Samuel 5:4"
                }, 
                {
                    "category": "Tanakh", 
                    "sourceHeRef": "שמואל א ה׳:ד׳", 
                    "index_title": "I Samuel", 
                    "sourceRef": "I Samuel 5:4"
                }, 
                {
                    "category": "Tanakh", 
                    "sourceHeRef": "שמואל א ה׳:ד׳", 
                    "index_title": "I Samuel", 
                    "sourceRef": "I Samuel 5:4"
                }
            ], 
            "text": ""
        }, 
        {
            "segmentNumber": "5", 
            "he": [
                "<b>על כן</b> כי חשבו שעל המפתן היה האלהים המנצח ושם כרע לפניו ונהגו כבוד במקום ההוא :\n"
            ], 
            "links": [
                {
                    "category": "Tanakh", 
                    "sourceHeRef": "שמואל א ה׳:ה׳", 
                    "index_title": "I Samuel", 
                    "sourceRef": "I Samuel 5:5"
                }
            ], 
            "text": ""
        }, 
        {
            "segmentNumber": "6", 
            "he": [
                "<b>ותכבד</b> אחר שלא שתו לב למכת אלהיהם הוכו בגופם :\n"
            ], 
            "links": [
                {
                    "category": "Tanakh", 
                    "sourceHeRef": "שמואל א ה׳:ו׳", 
                    "index_title": "I Samuel", 
                    "sourceRef": "I Samuel 5:6"
                }
            ], 
            "text": ""
        }, 
        {
            "segmentNumber": "7", 
            "he": [], 
            "links": [], 
            "text": ""
        }, 
        {
            "segmentNumber": "8", 
            "he": [
                "<b>גת יסב</b> הסרנים תלו הדבר במקרה, ועל כן אמרו שיסוב לגת לראות אם ישלח מטהו גם שמה, ולא שלחוהו לעיר קרובה לאשדוד רק לגת שהיה רחוק כמ''ש ", 
                "<b>יסב</b> (כמ''ש ויסב אלהים את העם) כי חשבו שהוא חולי מתדבק טבעי ולא יתפשט למקום רחוק :\n\n\n"
            ], 
            "links": [
                {
                    "category": "Tanakh", 
                    "sourceHeRef": "שמואל א ה׳:ח׳", 
                    "index_title": "I Samuel", 
                    "sourceRef": "I Samuel 5:8"
                }, 
                {
                    "category": "Tanakh", 
                    "sourceHeRef": "שמואל א ה׳:ח׳", 
                    "index_title": "I Samuel", 
                    "sourceRef": "I Samuel 5:8"
                }
            ], 
            "text": ""
        }, 
        {
            "segmentNumber": "9", 
            "he": [
                "(ט-יב) ", 
                "<b>השאלות: </b> למה הוסיף מכה אחרי הסבו אותו דוקא, ומדוע לא אמר בקוצר ויך את אנשי העיר בעפולים, ולמה שלחוהו הגתים בעצמם ולא אספו סרני פלשתים, והעקרונים חזרו ואספו סרני פלשתים, ולמה האריך בפסוק י''א י''ב במכת העקרונים : ", 
                "<b>ויהי אחרי הסבו אתו</b> רצה לומר יען שהסבו אותו בערה בם אש ה' יותר, והוסיף מכתו בג' דברים, א. שהיה מהומה גדולה מאד שהיא הפחד והאימה שנפלה עליהם, ב. ", 
                "<b>ויך את אנשי העיר מקטן ועד גדול, </b> שזה לא היה תחלה, ג. ", 
                "<b>וישתרו להם</b> כו' שהיו העפולים סתורים תוך מעיהם ובזה היתה מכתם פנימית ואנושה יותר :\n"
            ], 
            "links": [
                {
                    "category": "Tanakh", 
                    "sourceHeRef": "שמואל א ה׳:ט׳", 
                    "index_title": "I Samuel", 
                    "sourceRef": "I Samuel 5:9"
                }, 
                {
                    "category": "Tanakh", 
                    "sourceHeRef": "שמואל א ה׳:ט׳", 
                    "index_title": "I Samuel", 
                    "sourceRef": "I Samuel 5:9"
                }, 
                {
                    "category": "Tanakh", 
                    "sourceHeRef": "שמואל א ה׳:ט׳", 
                    "index_title": "I Samuel", 
                    "sourceRef": "I Samuel 5:9"
                }, 
                {
                    "category": "Tanakh", 
                    "sourceHeRef": "שמואל א ה׳:ט׳", 
                    "index_title": "I Samuel", 
                    "sourceRef": "I Samuel 5:9"
                }, 
                {
                    "category": "Tanakh", 
                    "sourceHeRef": "שמואל א ה׳:ט׳", 
                    "index_title": "I Samuel", 
                    "sourceRef": "I Samuel 5:9"
                }
            ], 
            "text": ""
        }, 
        {
            "segmentNumber": "10", 
            "he": [
                "<b>וישלחו</b> לכן לא אספו את הסרנים בזאת הפעם רק שלחוהו מעצמם, אחר שכבר יעצו הסרנים לשלחו ממקום המכה אל מקום אחר, אבל העקרונים שבא הארון לשם זעקו זעקה גדולה, כי עד עתה היה רק מכה וחולי ועתה היתה ", 
                "<b>מהומת מות</b> ולכן זעקו ", 
                "<b>הסבו</b> וכו' ", 
                "<b>להמיתני</b> וכו' (יא) ", 
                "<b>ויאמרו שלחו</b> כו' ", 
                "<b>וישב למקומו</b> לא כמו עד עתה שנשלח ממקום למקום, ובארו כי שם הגדיל חמה אפו, א. ", 
                "<b>כי היתה מהומת מות בכל העיר</b> שיד האלהים כבדה שם שחולים רבים מתו תיכף :\n"
            ], 
            "links": [
                {
                    "category": "Tanakh", 
                    "sourceHeRef": "שמואל א ה׳:י׳", 
                    "index_title": "I Samuel", 
                    "sourceRef": "I Samuel 5:10"
                }, 
                {
                    "category": "Tanakh", 
                    "sourceHeRef": "שמואל א ה׳:י׳", 
                    "index_title": "I Samuel", 
                    "sourceRef": "I Samuel 5:10"
                }, 
                {
                    "category": "Tanakh", 
                    "sourceHeRef": "שמואל א ה׳:י׳", 
                    "index_title": "I Samuel", 
                    "sourceRef": "I Samuel 5:10"
                }, 
                {
                    "category": "Tanakh", 
                    "sourceHeRef": "שמואל א ה׳:י׳", 
                    "index_title": "I Samuel", 
                    "sourceRef": "I Samuel 5:10"
                }, 
                {
                    "category": "Tanakh", 
                    "sourceHeRef": "שמואל א ה׳:י׳", 
                    "index_title": "I Samuel", 
                    "sourceRef": "I Samuel 5:10"
                }, 
                {
                    "category": "Tanakh", 
                    "sourceHeRef": "שמואל א ה׳:י׳", 
                    "index_title": "I Samuel", 
                    "sourceRef": "I Samuel 5:10"
                }, 
                {
                    "category": "Tanakh", 
                    "sourceHeRef": "שמואל א ה׳:י׳", 
                    "index_title": "I Samuel", 
                    "sourceRef": "I Samuel 5:10"
                }
            ], 
            "text": ""
        }, 
        {
            "segmentNumber": "11", 
            "he": [], 
            "links": [], 
            "text": ""
        }, 
        {
            "segmentNumber": "12", 
            "he": [
                "ב. ", 
                "<b>והאנשים</b> שגם מה שהיה בגת היה פה שאלה ", 
                "<b>שלא מתו הכו בעפלים, </b> ובזה היו כולם מוכים ", 
                "<b>ותעל שועת העיר</b> שצעקו לישועה כי היתה צרתם רבה מאד :\n"
            ], 
            "links": [
                {
                    "category": "Tanakh", 
                    "sourceHeRef": "שמואל א ה׳:י״ב", 
                    "index_title": "I Samuel", 
                    "sourceRef": "I Samuel 5:12"
                }, 
                {
                    "category": "Tanakh", 
                    "sourceHeRef": "שמואל א ה׳:י״ב", 
                    "index_title": "I Samuel", 
                    "sourceRef": "I Samuel 5:12"
                }, 
                {
                    "category": "Tanakh", 
                    "sourceHeRef": "שמואל א ה׳:י״ב", 
                    "index_title": "I Samuel", 
                    "sourceRef": "I Samuel 5:12"
                }, 
                {
                    "category": "Tanakh", 
                    "sourceHeRef": "שמואל א ה׳:י״ב", 
                    "index_title": "I Samuel", 
                    "sourceRef": "I Samuel 5:12"
                }
            ], 
            "text": ""
        }
    ], 
    "book": "Malbim on I Samuel", 
    "prev": "Malbim on I Samuel 4:22", 
    "textDepth": 3, 
    "sectionNames": [
        "Chapter", 
        "Verse", 
        "Comment"
    ], 
    "sections": [
        5
    ], 
    "commentator": "Malbim", 
    "isComplex": false, 
    "commentaryCategories": [
        "Tanakh", 
        "Prophets"
    ], 
    "titleVariants": [
        "Malbim on 1Sam", 
        "Malbim Literary Commantary on I Sam.", 
        "Malbim on I Sam", 
        "Malbim on I Shmuel", 
        "Malbim on 1 Samuel", 
        "Malbim Literary Commantary on Samuel I", 
        "Malbim Literary Commantary on I Sam", 
        "Malbim Literary Commantary on I Samuel", 
        "Malbim Literary Commantary on Shmuel Aleph", 
        "Malbim Literary Commantary on I Shemuel", 
        "Malbim on First Samuel", 
        "Malbim on I Sam.", 
        "Malbim on Shmuel Aleph", 
        "Malbim Literary Commantary on I Shmuel", 
        "Malbim on I Shemuel", 
        "Malbim on Samuel I", 
        "Malbim Literary Commantary on 1Sam", 
        "Malbim on Shmuel I", 
        "Malbim on I Samuel", 
        "Malbim Literary Commantary on 1 Samuel", 
        "Malbim Literary Commantary on 1Sam.", 
        "Malbim Literary Commantary on Shmuel I", 
        "Malbim on 1Sam.", 
        "Malbim Literary Commantary on First Samuel"
    ], 
    "categories": [
        "Commentary", 
        "Tanakh", 
        "Malbim"
    ], 
    "ref": "Malbim on I Samuel 5", 
    "type": "Commentary", 
    "addressTypes": [
        "Integer", 
        "Integer", 
        "Integer"
    ], 
    "heCommentator": "מלבי\"ם", 
    "length": 31, 
    "indexTitle": "Malbim on I Samuel", 
    "heIndexTitle": "מלבי\"ם על שמואל א", 
    "alts": [], 
    "order": [
        8, 
        3
    ]
}