[{
    "links": [
        [
            "17a:1", 
            "Rashi on Taanit 17a:1:1", 
            "Commentary"
        ], 
        [
            "17a:1", 
            "Rashi on Taanit 17a:1:2", 
            "Commentary"
        ], 
        [
            "17a:1", 
            "Rashi on Taanit 17a:1:3", 
            "Commentary"
        ], 
        [
            "17a:4", 
            "Rashi on Taanit 17a:4:1", 
            "Commentary"
        ], 
        [
            "17a:4", 
            "Chidushei Agadot on Taanit 17a:1", 
            "Commentary"
        ], 
        [
            "17a:5", 
            "Rashi on Taanit 17a:5:1", 
            "Commentary"
        ], 
        [
            "17a:5", 
            "Rashi on Taanit 17a:5:2", 
            "Commentary"
        ], 
        [
            "17a:6", 
            "I Kings 18:37", 
            "Tanach"
        ], 
        [
            "17a:8", 
            "Rashi on Taanit 17a:8:1", 
            "Commentary"
        ], 
        [
            "17a:8", 
            "Chidushei Agadot on Taanit 17a:2", 
            "Commentary"
        ], 
        [
            "17a:9", 
            "Rashi on Taanit 17a:9:1", 
            "Commentary"
        ], 
        [
            "17a:11", 
            "Rashi on Taanit 17a:11:1", 
            "Commentary"
        ], 
        [
            "17a:16", 
            "Rashi on Taanit 17a:16:1", 
            "Commentary"
        ], 
        [
            "17a:17", 
            "Rashi on Taanit 17a:17:1", 
            "Commentary"
        ], 
        [
            "17a:17", 
            "Rashi on Taanit 17a:17:2", 
            "Commentary"
        ], 
        [
            "17a:17", 
            "Rashi on Taanit 17a:17:3", 
            "Commentary"
        ], 
        [
            "17a:17", 
            "Rashi on Taanit 17a:17:4", 
            "Commentary"
        ], 
        [
            "17a:17", 
            "Tosafot on Taanit 17a:17:1", 
            "Commentary"
        ], 
        [
            "17a:17", 
            "Chidushei Halachot on Taanit 17a:2", 
            "Quoting Commentary"
        ], 
        [
            "17a:18", 
            "Rashi on Taanit 17a:18:1", 
            "Commentary"
        ], 
        [
            "17a:18", 
            "Rashi on Taanit 17a:18:2", 
            "Commentary"
        ], 
        [
            "17a:20", 
            "Rashi on Taanit 17a:20:1", 
            "Commentary"
        ], 
        [
            "17a:20", 
            "Chidushei Agadot on Taanit 17a:3", 
            "Commentary"
        ], 
        [
            "17a:24", 
            "Tosafot on Taanit 17a:24:1", 
            "Commentary"
        ], 
        [
            "17a:27", 
            "Rashi on Taanit 17a:27:1", 
            "Commentary"
        ], 
        [
            "17a:29", 
            "Rashi on Taanit 17a:29:1", 
            "Commentary"
        ], 
        [
            "17a:29", 
            "Rashi on Taanit 17a:29:2", 
            "Commentary"
        ], 
        [
            "17a:29", 
            "Tosafot on Taanit 17a:29:1", 
            "Commentary"
        ], 
        [
            "17a:32", 
            "Isaiah 33:17", 
            "Tanach"
        ], 
        [
            "17a", 
            "Tosafot on Nazir 5a:23:1", 
            "Quoting Commentary"
        ], 
        [
            "17a:35", 
            "Rashi on Taanit 17a:35:1", 
            "Commentary"
        ], 
        [
            "17a:37", 
            "Numbers 6:5", 
            "Tanach"
        ], 
        [
            "17a:37", 
            "Ezekiel 44:20", 
            "Tanach"
        ], 
        [
            "17a:46", 
            "Rashi on Taanit 17a:46:1", 
            "Commentary"
        ], 
        [
            "17a:46", 
            "Tosafot on Taanit 17a:46:1", 
            "Commentary"
        ], 
        [
            "17a:46", 
            "Chidushei Halachot on Taanit 17a:3", 
            "Commentary"
        ], 
        [
            "17a:47", 
            "Rashi on Taanit 17a:47:1", 
            "Commentary"
        ], 
        [
            "17a:47", 
            "Tosafot on Taanit 17a:47:1", 
            "Commentary"
        ], 
        [
            "17a:48", 
            "Rashi on Taanit 17a:48:1", 
            "Commentary"
        ], 
        [
            "17a:50", 
            "Rashi on Taanit 17a:50:1", 
            "Commentary"
        ], 
        [
            "17a:50", 
            "Rashi on Taanit 17a:50:2", 
            "Commentary"
        ], 
        [
            "17a:52", 
            "Rashi on Taanit 17a:52:1", 
            "Commentary"
        ]
    ], 
    "text": [], 
    "heTitleVariants": [
        "תענית"
    ], 
    "heTitle": "תענית י״ז א", 
    "heRef": "תענית י״ז א", 
    "toSections": [
        "17a"
    ], 
    "sectionRef": "Taanit 17a", 
    "title": "Taanit 17a", 
    "lengths": [
        59, 
        3661
    ], 
    "next": "Taanit 17b", 
    "heBook": "תענית", 
    "book": "Taanit", 
    "prev": "Taanit 16b", 
    "textDepth": 2, 
    "sectionNames": [
        "Daf", 
        "Line"
    ], 
    "sections": [
        "17a"
    ], 
    "isComplex": false, 
    "titleVariants": [
        "Taanith", 
        "Ta'anit", 
        "Ta'anith", 
        "Masekhet Taanit", 
        "Talmud Taanit", 
        "Taanit", 
        "Tractate Taanit"
    ], 
    "categories": [
        "Talmud", 
        "Bavli", 
        "Seder Moed"
    ], 
    "he": [
        "אלא בראש השנה וביובלות ובשעת מלחמה:", 
        "על הראשונה הוא אומר מי שענה את אברהם כו':", 
        "תנא", 
        "יש מחליפין צעקה לאליהו ותפלה לשמואל", 
        "בשלמא גבי שמואל כתיב ביה תפלה וכתיב ביה צעקה אלא גבי אליהו תפלה כתיב צעקה לא כתיב", 
        "(מלכים א יח, לז) ענני ה' ענני לשון צעקה היא:", 
        "על הששית הוא אומר מי שענה את יונה כו' על השביעית הוא אומר מי שענה את דוד כו':", 
        "מכדי יונה בתר דוד ושלמה הוה מאי טעמא מקדים ליה ברישא", 
        "משום דבעי למיחתם מרחם על הארץ", 
        "תנא משום סומכוס אמרו", 
        "ברוך משפיל הרמים:", 
        "שלש תעניות הראשונות אנשי משמר מתענין ולא משלימין כו':", 
        "תנו רבנן", 
        "מפני מה אמרו אנשי משמר מותרין לשתות יין בלילות אבל לא בימים שמא תכבד העבודה על אנשי בית אב ויבואו ויסייעו להם", 
        "מפני מה אמרו אנשי בית אב לא ביום ולא בלילה מפני שהן עסוקין תמיד בעבודה", 
        "מכאן אמרו", 
        "כל כהן שמכיר משמרתו ומשמרת בית אב שלו ויודע שבתי אבותיו קבועין שם אסור לשתות יין כל אותו היום", 
        "במכיר משמרתו ואין מכיר משמרת בית אב שלו ויודע שבתי אבותיו קבועין שם אסור לשתות יין כל אותה שבת", 
        "אינו מכיר משמרתו ומשמרת בית אב שלו ויודע שבתי אבותיו קבועין שם אסור לשתות יין כל השנה", 
        "רבי אומר אומר אני", 
        "אסור לשתות יין לעולם אבל מה אעשה שתקנתו קלקלתו", 
        "אמר אביי", 
        "כמאן שתו האידנא כהני חמרא כרבי:", 
        "אנשי משמר ואנשי מעמד אסורים לספר ולכבס ובחמישי מותרין מפני כבוד השבת:", 
        "מאי טעמא", 
        "אמר רבה בר בר חנה אמר ר' יוחנן", 
        "כדי שלא יכנסו למשמרתם כשהן מנוולין", 
        "ת\"ר", 
        "מלך מסתפר בכל יום כהן גדול מערב שבת לערב שבת כהן הדיוט אחת לשלשים יום", 
        "מלך מסתפר בכל יום מ\"ט", 
        "אמר רבי אבא בר זבדא", 
        "אמר קרא (ישעיהו לג, יז) מלך ביפיו תחזינה עיניך", 
        "כהן גדול מע\"ש לערב שבת מ\"ט", 
        "אמר רב שמואל בר יצחק", 
        "הואיל ומשמרות מתחדשות", 
        "כהן הדיוט אחת לשלשים יום מנלן", 
        "אתיא פרע פרע מנזיר כתיב הכא (יחזקאל מד, כ) וראשם לא יגלחו ופרע לא ישלחו וכתיב התם (במדבר ו, ה) קדוש יהיה גדל פרע שער ראשו מה להלן שלשים אף כאן שלשים", 
        "ונזיר גופיה מנלן", 
        "אמר רב מתנה", 
        "סתם נזירות שלשים יום", 
        "מנלן", 
        "אמר קרא יהיה בגימטריא תלתין הוי", 
        "א\"ל", 
        "רב פפא לאביי", 
        "ודילמא ה\"ק רחמנא", 
        "לא לירבו כלל", 
        "אמר ליה אי הוה כתב לא ישלחו פרע כדקאמרת השתא דכתיב ופרע לא ישלחו פרע ליהוי שלוחי הוא דלא לישלחו", 
        "אי הכי אפילו האידנא נמי", 
        "דומיא דשתויי יין", 
        "מה שתויי יין בזמן ביאה הוא דאסור שלא בזמן ביאה שרי", 
        "אף הכא נמי", 
        "והתניא רבי אומר אומר אני", 
        "כהנים אסורין לשתות יין לעולם אבל מה אעשה שתקנתו קלקלתו", 
        "ואמר אביי", 
        "כמאן שתו האידנא כהני חמרא"
    ], 
    "ref": "Taanit 17a", 
    "type": "Talmud", 
    "addressTypes": [
        "Talmud", 
        "Integer"
    ], 
    "length": 59, 
    "indexTitle": "Taanit", 
    "heIndexTitle": "תענית", 
    "alts": [], 
    "order": [
        9, 
        8
    ]
}]