{
    "content": [
        {
            "segmentNumber": "1", 
            "links": [
                {
                    "category": "Commentary", 
                    "index_title": "Rashi on Taanit", 
                    "sourceHeRef": "רש\"י על תענית כ״ד א:א׳:א׳", 
                    "sourceRef": "Rashi on Taanit 24a:1:1"
                }, 
                {
                    "category": "Commentary", 
                    "index_title": "Chidushei Halachot on Taanit", 
                    "sourceHeRef": "חידושי הלכות על מסכת תענית כ״ד א:א׳", 
                    "sourceRef": "Chidushei Halachot on Taanit 24a:1"
                }
            ], 
            "he": "יומא חד שמעיה דקא גריס"
        }, 
        {
            "segmentNumber": "2", 
            "links": [
                {
                    "category": "Commentary", 
                    "index_title": "Tosafot on Taanit", 
                    "sourceHeRef": "תוספות על תענית כ״ד א:ב׳:א׳", 
                    "sourceRef": "Tosafot on Taanit 24a:2:1"
                }
            ], 
            "he": "אמר שמואל השולה דג מן הים בשבת כיון שיבש בו כסלע חייב"
        }, 
        {
            "segmentNumber": "3", 
            "he": "א\"ל"
        }, 
        {
            "segmentNumber": "4", 
            "links": [
                {
                    "category": "Commentary", 
                    "index_title": "Rashi on Taanit", 
                    "sourceHeRef": "רש\"י על תענית כ״ד א:ד׳:א׳", 
                    "sourceRef": "Rashi on Taanit 24a:4:1"
                }
            ], 
            "he": "ולימא מר ובין סנפיריו"
        }, 
        {
            "segmentNumber": "5", 
            "links": [
                {
                    "category": "Commentary", 
                    "index_title": "Rashi on Taanit", 
                    "sourceHeRef": "רש\"י על תענית כ״ד א:ה׳:א׳", 
                    "sourceRef": "Rashi on Taanit 24a:5:1"
                }
            ], 
            "he": "אמר ליה"
        }, 
        {
            "segmentNumber": "6", 
            "he": "ולא סבר לה מר דההיא רבי יוסי בן רבי אבין אמרה"
        }, 
        {
            "segmentNumber": "7", 
            "he": "אמר ליה"
        }, 
        {
            "segmentNumber": "8", 
            "he": "אנא ניהו"
        }, 
        {
            "segmentNumber": "9", 
            "he": "א\"ל"
        }, 
        {
            "segmentNumber": "10", 
            "he": "ולאו קמיה דר' יוסי דמן יוקרת הוה שכיח מר"
        }, 
        {
            "segmentNumber": "11", 
            "he": "א\"ל"
        }, 
        {
            "segmentNumber": "12", 
            "he": "(הין)"
        }, 
        {
            "segmentNumber": "13", 
            "he": "א\"ל"
        }, 
        {
            "segmentNumber": "14", 
            "he": "ומ\"ט שבקיה מר ואתא הכא"
        }, 
        {
            "segmentNumber": "15", 
            "he": "אמר ליה"
        }, 
        {
            "segmentNumber": "16", 
            "he": "גברא דעל בריה ועל ברתיה לא חס עלי דידי היכי חייס"
        }, 
        {
            "segmentNumber": "17", 
            "he": "בריה מאי היא יומא חד הוו אגרי ליה אגירי בדברא נגה להו ולא אייתי להו ריפתא"
        }, 
        {
            "segmentNumber": "18", 
            "he": "אמרו ליה לבריה"
        }, 
        {
            "segmentNumber": "19", 
            "he": "כפינן"
        }, 
        {
            "segmentNumber": "20", 
            "he": "הוו יתבי תותי תאינתא אמר"
        }, 
        {
            "segmentNumber": "21", 
            "he": "תאנה תאנה"
        }, 
        {
            "segmentNumber": "22", 
            "he": "הוציאי פירותיך ויאכלו פועלי אבא"
        }, 
        {
            "segmentNumber": "23", 
            "he": "אפיקו ואכלו"
        }, 
        {
            "segmentNumber": "24", 
            "he": "אדהכי והכי אתא אבוה"
        }, 
        {
            "segmentNumber": "25", 
            "he": "אמר להו"
        }, 
        {
            "segmentNumber": "26", 
            "links": [
                {
                    "category": "Commentary", 
                    "index_title": "Rashi on Taanit", 
                    "sourceHeRef": "רש\"י על תענית כ״ד א:כ״ו:א׳", 
                    "sourceRef": "Rashi on Taanit 24a:26:1"
                }, 
                {
                    "category": "Commentary", 
                    "index_title": "Rashi on Taanit", 
                    "sourceHeRef": "רש\"י על תענית כ״ד א:כ״ו:ב׳", 
                    "sourceRef": "Rashi on Taanit 24a:26:2"
                }
            ], 
            "he": "לא תינקטו בדעתייכו דהאי דנגהנא אמצוה טרחנא ועד השתא הוא דסגאי"
        }, 
        {
            "segmentNumber": "27", 
            "he": "אמרו ליה"
        }, 
        {
            "segmentNumber": "28", 
            "links": [
                {
                    "category": "Commentary", 
                    "index_title": "Chidushei Agadot on Taanit", 
                    "sourceHeRef": " חידושי אגדות על מסכת תענית כ״ד א:א׳", 
                    "sourceRef": "Chidushei Agadot on Taanit 24a:1"
                }
            ], 
            "he": "רחמנא לישבעך כי היכי דאשבען ברך"
        }, 
        {
            "segmentNumber": "29", 
            "he": "אמר להו"
        }, 
        {
            "segmentNumber": "30", 
            "he": "מהיכא"
        }, 
        {
            "segmentNumber": "31", 
            "he": "אמרו"
        }, 
        {
            "segmentNumber": "32", 
            "he": "הכי והכי הוה מעשה"
        }, 
        {
            "segmentNumber": "33", 
            "he": "אמר לו"
        }, 
        {
            "segmentNumber": "34", 
            "links": [
                {
                    "category": "Commentary", 
                    "index_title": "Chidushei Agadot on Taanit", 
                    "sourceHeRef": " חידושי אגדות על מסכת תענית כ״ד א:ב׳", 
                    "sourceRef": "Chidushei Agadot on Taanit 24a:2"
                }
            ], 
            "he": "בני אתה הטרחת את קונך להוציא תאנה פירותיה שלא בזמנה יאסף שלא בזמנו"
        }, 
        {
            "segmentNumber": "35", 
            "he": "ברתיה מאי היא"
        }, 
        {
            "segmentNumber": "36", 
            "he": "הויא ליה ברתא בעלת יופי"
        }, 
        {
            "segmentNumber": "37", 
            "links": [
                {
                    "category": "Commentary", 
                    "index_title": "Rashi on Taanit", 
                    "sourceHeRef": "רש\"י על תענית כ״ד א:ל״ז:א׳", 
                    "sourceRef": "Rashi on Taanit 24a:37:1"
                }
            ], 
            "he": "יומא חד חזיא לההוא גברא דהויא כריא בהוצא וקא חזי לה"
        }, 
        {
            "segmentNumber": "38", 
            "links": [
                {
                    "category": "Commentary", 
                    "index_title": "Rashi on Taanit", 
                    "sourceHeRef": "רש\"י על תענית כ״ד א:ל״ח:א׳", 
                    "sourceRef": "Rashi on Taanit 24a:38:1"
                }
            ], 
            "he": "אמר לו"
        }, 
        {
            "segmentNumber": "39", 
            "he": "מאי האי"
        }, 
        {
            "segmentNumber": "40", 
            "he": "אמר ליה"
        }, 
        {
            "segmentNumber": "41", 
            "he": "רבי אם ללוקחה לא זכיתי לראותה לא אזכה"
        }, 
        {
            "segmentNumber": "42", 
            "he": "אמר לה"
        }, 
        {
            "segmentNumber": "43", 
            "links": [
                {
                    "category": "Commentary", 
                    "index_title": "Chidushei Agadot on Taanit", 
                    "sourceHeRef": " חידושי אגדות על מסכת תענית כ״ד א:ג׳", 
                    "sourceRef": "Chidushei Agadot on Taanit 24a:3"
                }
            ], 
            "he": "בתי קא מצערת להו לברייתא שובי לעפריך ואל יכשלו ביך בני אדם"
        }, 
        {
            "segmentNumber": "44", 
            "he": "הויא ליה ההוא חמרא כדהוו אגרי לה כל יומא לאורתא הוו משדרי לה אגרה אגבה ואתיא לבי מרה"
        }, 
        {
            "segmentNumber": "45", 
            "links": [
                {
                    "category": "Commentary", 
                    "index_title": "Chidushei Agadot on Taanit", 
                    "sourceHeRef": " חידושי אגדות על מסכת תענית כ״ד א:ד׳", 
                    "sourceRef": "Chidushei Agadot on Taanit 24a:4"
                }
            ], 
            "he": "ואי טפו לה או בצרי לה לא אתיא"
        }, 
        {
            "segmentNumber": "46", 
            "links": [
                {
                    "category": "Commentary", 
                    "index_title": "Rashi on Taanit", 
                    "sourceHeRef": "רש\"י על תענית כ״ד א:מ״ו:א׳", 
                    "sourceRef": "Rashi on Taanit 24a:46:1"
                }
            ], 
            "he": "יומא חד אינשו זוגא דסנדלי עלה ולא אזלה עד דשקלונהו מינה והדר אזלה"
        }, 
        {
            "segmentNumber": "47", 
            "links": [
                {
                    "category": "Commentary", 
                    "index_title": "Rashi on Taanit", 
                    "sourceHeRef": "רש\"י על תענית כ״ד א:מ״ז:א׳", 
                    "sourceRef": "Rashi on Taanit 24a:47:1"
                }
            ], 
            "he": "אלעזר איש בירתא כד הוו חזו ליה גבאי צדקה הוו טשו מיניה דכל מאי דהוה גביה יהיב להו"
        }, 
        {
            "segmentNumber": "48", 
            "links": [
                {
                    "category": "Commentary", 
                    "index_title": "Chidushei Agadot on Taanit", 
                    "sourceHeRef": " חידושי אגדות על מסכת תענית כ״ד א:ה׳", 
                    "sourceRef": "Chidushei Agadot on Taanit 24a:5"
                }
            ], 
            "he": "יומא חד הוה סליק לשוקא למיזבן נדוניא לברתיה חזיוהו גבאי צדקה טשו מיניה"
        }, 
        {
            "segmentNumber": "49", 
            "he": "אזל ורהט בתרייהו אמר להו"
        }, 
        {
            "segmentNumber": "50", 
            "he": "אשבעתיכו במאי עסקיתו"
        }, 
        {
            "segmentNumber": "51", 
            "he": "אמרו ליה"
        }, 
        {
            "segmentNumber": "52", 
            "links": [
                {
                    "category": "Commentary", 
                    "index_title": "Rashi on Taanit", 
                    "sourceHeRef": "רש\"י על תענית כ״ד א:נ״ב:א׳", 
                    "sourceRef": "Rashi on Taanit 24a:52:1"
                }
            ], 
            "he": "ביתום ויתומה"
        }, 
        {
            "segmentNumber": "53", 
            "he": "אמר להן"
        }, 
        {
            "segmentNumber": "54", 
            "links": [
                {
                    "category": "Commentary", 
                    "index_title": "Rashi on Taanit", 
                    "sourceHeRef": "רש\"י על תענית כ״ד א:נ״ד:א׳", 
                    "sourceRef": "Rashi on Taanit 24a:54:1"
                }
            ], 
            "he": "העבודה"
        }, 
        {
            "segmentNumber": "55", 
            "he": "שהן קודמין לבתי"
        }, 
        {
            "segmentNumber": "56", 
            "he": "שקל כל דהוה בהדיה ויהב להו"
        }, 
        {
            "segmentNumber": "57", 
            "links": [
                {
                    "category": "Commentary", 
                    "index_title": "Rashi on Taanit", 
                    "sourceHeRef": "רש\"י על תענית כ״ד א:נ״ז:א׳", 
                    "sourceRef": "Rashi on Taanit 24a:57:1"
                }
            ], 
            "he": "פש ליה חד זוזא זבן ליה חיטי ואסיק שדייה באכלבא"
        }, 
        {
            "segmentNumber": "58", 
            "he": "אתא דביתהו אמרה לה לברתיה"
        }, 
        {
            "segmentNumber": "59", 
            "he": "מאי אייתי אבוך"
        }, 
        {
            "segmentNumber": "60", 
            "he": "אמרה לה"
        }, 
        {
            "segmentNumber": "61", 
            "he": "כל מה דאייתי באכלבא שדיתיה"
        }, 
        {
            "segmentNumber": "62", 
            "he": "אתיא למיפתח בבא דאכלבא חזת אכלבא דמליא חיטי וקא נפקא בצינורא דדשא ולא מיפתח בבא מחיטי"
        }, 
        {
            "segmentNumber": "63", 
            "he": "אזלא ברתיה לבי מדרשא אמרה ליה"
        }, 
        {
            "segmentNumber": "64", 
            "links": [
                {
                    "category": "Commentary", 
                    "index_title": "Rashi on Taanit", 
                    "sourceHeRef": "רש\"י על תענית כ״ד א:ס״ד:א׳", 
                    "sourceRef": "Rashi on Taanit 24a:64:1"
                }
            ], 
            "he": "בא וראה מה עשה לך אוהבך"
        }, 
        {
            "segmentNumber": "65", 
            "he": "אמר לה"
        }, 
        {
            "segmentNumber": "66", 
            "he": "העבודה"
        }, 
        {
            "segmentNumber": "67", 
            "links": [
                {
                    "category": "Commentary", 
                    "index_title": "Rashi on Taanit", 
                    "sourceHeRef": "רש\"י על תענית כ״ד א:ס״ז:א׳", 
                    "sourceRef": "Rashi on Taanit 24a:67:1"
                }
            ], 
            "he": "הרי הן הקדש עליך ואין לך בהן אלא כאחד מעניי ישראל"
        }, 
        {
            "segmentNumber": "68", 
            "links": [
                {
                    "category": "Commentary", 
                    "index_title": "Rashi on Taanit", 
                    "sourceHeRef": "רש\"י על תענית כ״ד א:ס״ח:א׳", 
                    "sourceRef": "Rashi on Taanit 24a:68:1"
                }
            ], 
            "he": "ר' יהודה נשיאה גזר תעניתא בעי רחמי ולא אתא מיטרא"
        }, 
        {
            "segmentNumber": "69", 
            "he": "אמר"
        }, 
        {
            "segmentNumber": "70", 
            "links": [
                {
                    "category": "Commentary", 
                    "index_title": "Rashi on Taanit", 
                    "sourceHeRef": "רש\"י על תענית כ״ד א:ע׳:א׳", 
                    "sourceRef": "Rashi on Taanit 24a:70:1"
                }, 
                {
                    "category": "Commentary", 
                    "index_title": "Chidushei Agadot on Taanit", 
                    "sourceHeRef": " חידושי אגדות על מסכת תענית כ״ד א:ו׳", 
                    "sourceRef": "Chidushei Agadot on Taanit 24a:6"
                }
            ], 
            "he": "כמה איכא משמואל הרמתי ליהודה בן גמליאל"
        }, 
        {
            "segmentNumber": "71", 
            "links": [
                {
                    "category": "Commentary", 
                    "index_title": "Rashi on Taanit", 
                    "sourceHeRef": "רש\"י על תענית כ״ד א:ע״א:א׳", 
                    "sourceRef": "Rashi on Taanit 24a:71:1"
                }, 
                {
                    "category": "Commentary", 
                    "index_title": "Chidushei Agadot on Taanit", 
                    "sourceHeRef": " חידושי אגדות על מסכת תענית כ״ד א:ז׳", 
                    "sourceRef": "Chidushei Agadot on Taanit 24a:7"
                }
            ], 
            "he": "אוי לו לדור שכן נתקע אוי לו למי שעלתה בימיו כך"
        }, 
        {
            "segmentNumber": "72", 
            "he": "חלש דעתיה ואתא מיטרא"
        }, 
        {
            "segmentNumber": "73", 
            "he": "דבי נשיאה גזר תעניתא ולא אודעינהו לרבי יוחנן ולריש לקיש"
        }, 
        {
            "segmentNumber": "74", 
            "he": "לצפרא אודעינהו אמר ליה ריש לקיש לרבי יוחנן"
        }, 
        {
            "segmentNumber": "75", 
            "links": [
                {
                    "category": "Commentary", 
                    "index_title": "Rashi on Taanit", 
                    "sourceHeRef": "רש\"י על תענית כ״ד א:ע״ה:א׳", 
                    "sourceRef": "Rashi on Taanit 24a:75:1"
                }
            ], 
            "he": "הא לא קבילנא עלן מאורתא"
        }, 
        {
            "segmentNumber": "76", 
            "he": "אמר ליה"
        }, 
        {
            "segmentNumber": "77", 
            "links": [
                {
                    "category": "Commentary", 
                    "index_title": "Rashi on Taanit", 
                    "sourceHeRef": "רש\"י על תענית כ״ד א:ע״ז:א׳", 
                    "sourceRef": "Rashi on Taanit 24a:77:1"
                }
            ], 
            "he": "אנן בתרייהו גררינן"
        }, 
        {
            "segmentNumber": "78", 
            "he": "דבי נשיאה גזר תעניתא ולא אתא מיטרא"
        }, 
        {
            "segmentNumber": "79", 
            "links": [
                {
                    "category": "Commentary", 
                    "index_title": "Rashi on Taanit", 
                    "sourceHeRef": "רש\"י על תענית כ״ד א:ע״ט:א׳", 
                    "sourceRef": "Rashi on Taanit 24a:79:1"
                }
            ], 
            "he": "תנא להו אושעיא זעירא דמן חברייא"
        }, 
        {
            "segmentNumber": "80", 
            "links": [
                {
                    "category": "Commentary", 
                    "index_title": "Rashi on Taanit", 
                    "sourceHeRef": "רש\"י על תענית כ״ד א:פ׳:א׳", 
                    "sourceRef": "Rashi on Taanit 24a:80:1"
                }, 
                {
                    "category": "Commentary", 
                    "index_title": "Rashi on Taanit", 
                    "sourceHeRef": "רש\"י על תענית כ״ד א:פ׳:ב׳", 
                    "sourceRef": "Rashi on Taanit 24a:80:2"
                }, 
                {
                    "category": "Commentary", 
                    "index_title": "Rashi on Taanit", 
                    "sourceHeRef": "רש\"י על תענית כ״ד א:פ׳:ג׳", 
                    "sourceRef": "Rashi on Taanit 24a:80:3"
                }, 
                {
                    "category": "Tanakh", 
                    "index_title": "Numbers", 
                    "sourceHeRef": "במדבר ט״ו:כ״ד", 
                    "sourceRef": "Numbers 15:24"
                }, 
                {
                    "category": "Commentary", 
                    "index_title": "Chidushei Agadot on Taanit", 
                    "sourceHeRef": " חידושי אגדות על מסכת תענית כ״ד א:ח׳", 
                    "sourceRef": "Chidushei Agadot on Taanit 24a:8"
                }
            ], 
            "he": "(במדבר טו, כד) והיה אם מעיני העדה נעשתה לשגגה משל לכלה שהיא בבית אביה כל זמן שעיניה יפות אין כל גופה צריכה בדיקה עיניה טרוטות כל גופה צריכה בדיקה"
        }, 
        {
            "segmentNumber": "81", 
            "links": [
                {
                    "category": "Commentary", 
                    "index_title": "Rashi on Taanit", 
                    "sourceHeRef": "רש\"י על תענית כ״ד א:פ״א:א׳", 
                    "sourceRef": "Rashi on Taanit 24a:81:1"
                }
            ], 
            "he": "אתו עבדיה ורמו ליה סודרא בצואריה וקא מצערו ליה"
        }, 
        {
            "segmentNumber": "82", 
            "links": [
                {
                    "category": "Commentary", 
                    "index_title": "Rashi on Taanit", 
                    "sourceHeRef": "רש\"י על תענית כ״ד א:פ״ב:א׳", 
                    "sourceRef": "Rashi on Taanit 24a:82:1"
                }
            ], 
            "he": "אמרו (ליה) בני מאתיה"
        }, 
        {
            "segmentNumber": "83", 
            "links": [
                {
                    "category": "Commentary", 
                    "index_title": "Rashi on Taanit", 
                    "sourceHeRef": "רש\"י על תענית כ״ד א:פ״ג:א׳", 
                    "sourceRef": "Rashi on Taanit 24a:83:1"
                }
            ], 
            "he": "שבקיה דהא נמי מצער לן כיון דחזינן דכל מיליה לשום שמים לא אמרי ליה מידי ושבקינן ליה אתון נמי שבקוהו"
        }, 
        {
            "segmentNumber": "84", 
            "links": [
                {
                    "category": "Commentary", 
                    "index_title": "Chidushei Agadot on Taanit", 
                    "sourceHeRef": " חידושי אגדות על מסכת תענית כ״ד א:ט׳", 
                    "sourceRef": "Chidushei Agadot on Taanit 24a:9"
                }
            ], 
            "he": "רבי גזר תעניתא ולא אתא מיטרא"
        }, 
        {
            "segmentNumber": "85", 
            "links": [
                {
                    "category": "Commentary", 
                    "index_title": "Rashi on Taanit", 
                    "sourceHeRef": "רש\"י על תענית כ״ד א:פ״ה:א׳", 
                    "sourceRef": "Rashi on Taanit 24a:85:1"
                }
            ], 
            "he": "נחית קמיה אילפא ואמרי לה רבי אילפי אמר"
        }, 
        {
            "segmentNumber": "86", 
            "links": [
                {
                    "category": "Commentary", 
                    "index_title": "Rashi on Taanit", 
                    "sourceHeRef": "רש\"י על תענית כ״ד א:פ״ו:א׳", 
                    "sourceRef": "Rashi on Taanit 24a:86:1"
                }
            ], 
            "he": "משיב הרוח ונשא זיקא מוריד הגשם ואתא מיטרא"
        }, 
        {
            "segmentNumber": "87", 
            "he": "אמר ליה"
        }, 
        {
            "segmentNumber": "88", 
            "he": "מאי עובדך"
        }, 
        {
            "segmentNumber": "89", 
            "he": "אמר ליה"
        }, 
        {
            "segmentNumber": "90", 
            "links": [
                {
                    "category": "Commentary", 
                    "index_title": "Rashi on Taanit", 
                    "sourceHeRef": "רש\"י על תענית כ״ד א:צ׳:א׳", 
                    "sourceRef": "Rashi on Taanit 24a:90:1"
                }
            ], 
            "he": "דיירנא בקוסטא דחיקא דלית ביה חמרא לקידושא ואבדלתא טרחנא ואתינא חמרא לקידושא ואבדלתא ומפיקנא להו ידי חובתייהו"
        }, 
        {
            "segmentNumber": "91", 
            "he": "רב איקלע לההוא אתרא גזר תעניתא ולא אתא מיטרא"
        }, 
        {
            "segmentNumber": "92", 
            "he": "נחית קמיה שליחא דצבורא אמר משיב הרוח ונשב זיקא אמר מוריד הגשם ואתא מיטרא אמר ליה"
        }, 
        {
            "segmentNumber": "93", 
            "he": "מאי עובדך"
        }, 
        {
            "segmentNumber": "94", 
            "he": "אמר ליה"
        }, 
        {
            "segmentNumber": "95", 
            "he": "מיקרי דרדקי אנא ומקרינא לבני עניי כבני עתירי וכל דלא אפשר ליה לא שקלינא מיניה מידי"
        }, 
        {
            "segmentNumber": "96", 
            "links": [
                {
                    "category": "Commentary", 
                    "index_title": "Rashi on Taanit", 
                    "sourceHeRef": "רש\"י על תענית כ״ד א:צ״ו:א׳", 
                    "sourceRef": "Rashi on Taanit 24a:96:1"
                }, 
                {
                    "category": "Commentary", 
                    "index_title": "Rashi on Taanit", 
                    "sourceHeRef": "רש\"י על תענית כ״ד א:צ״ו:ב׳", 
                    "sourceRef": "Rashi on Taanit 24a:96:2"
                }, 
                {
                    "category": "Commentary", 
                    "index_title": "Rashi on Taanit", 
                    "sourceHeRef": "רש\"י על תענית כ״ד א:צ״ו:ג׳", 
                    "sourceRef": "Rashi on Taanit 24a:96:3"
                }
            ], 
            "he": "ואית לי פירא דכוורי וכל מאן דפשע משחדינא ליה מינייהו ומסדרינן ליה ומפייסינן ליה עד דאתי וקרי"
        }, 
        {
            "segmentNumber": "97", 
            "he": "רב נחמן גזר תעניתא בעא רחמי ולא אתא מיטרא"
        }, 
        {
            "segmentNumber": "98", 
            "he": "אמר"
        }, 
        {
            "segmentNumber": "99", 
            "links": [
                {
                    "category": "Commentary", 
                    "index_title": "Chidushei Agadot on Taanit", 
                    "sourceHeRef": " חידושי אגדות על מסכת תענית כ״ד א:י׳", 
                    "sourceRef": "Chidushei Agadot on Taanit 24a:10"
                }
            ], 
            "he": "שקלוה לנחמן חבוטו מן גודא לארעא"
        }, 
        {
            "segmentNumber": "100", 
            "he": "חלש דעתיה ואתא מיטרא"
        }, 
        {
            "segmentNumber": "101", 
            "he": "רבה גזר תעניתא בעי רחמי ולא אתא מיטרא"
        }, 
        {
            "segmentNumber": "102", 
            "he": "אמרו ליה"
        }, 
        {
            "segmentNumber": "103", 
            "he": "והא רב יהודה כי הוה גזר תעניתא אתא מיטרא"
        }, 
        {
            "segmentNumber": "104", 
            "he": "אמר להו"
        }, 
        {
            "segmentNumber": "105", 
            "he": "מאי אעביד"
        }, 
        {
            "segmentNumber": "106", 
            "he": "אי משום תנויי אנן עדיפינן מינייהו דבשני דרב יהודה כל תנויי"
        }
    ], 
    "heTitle": "תענית כ״ד א", 
    "indexTitle": "Taanit", 
    "sectionRef": "Taanit 24a", 
    "prev": "Taanit 23b", 
    "ref": "Taanit 24a", 
    "heRef": "תענית כ״ד א", 
    "next": "Taanit 24b"
}