{
    "heTitleVariants": [
        "תלמוד ירושלמי ערלה"
    ], 
    "heTitle": "תלמוד ירושלמי ערלה ד׳ ב", 
    "content": [
        {
            "segmentNumber": "1", 
            "he": "מאחר שהוא כנקוב אצל האילן כנקוב הוא אצל הזרעים.  רבי יוחנן בשם רבי ינאי אילן שנטעו בתוך הבית חייב בערלה ופטור מן המעשרות דכתיב (דברים טו) עשר תעשר את כל תבואת זרעך היוצא השדה.  ובשביעית צריכ' דכתיב (ויקרא כד) ושבתה הארץ שבת לה וכתיב (שם) שדך לא תזרע וכרמך לא תזמור:", 
            "links": [
                {
                    "category": "Tanach", 
                    "sourceHeRef": "ויקרא כ״ד", 
                    "sourceRef": "Leviticus 24", 
                    "ref": "Leviticus 24"
                }, 
                {
                    "category": "Tanach", 
                    "sourceHeRef": "דברים ט״ו", 
                    "sourceRef": "Deuteronomy 15", 
                    "ref": "Deuteronomy 15"
                }
            ], 
            "text": ""
        }, 
        {
            "segmentNumber": "2", 
            "he": "אילן שנעקר והסלע עמו אם יכול לחיות פטור ואם לאו חייב.  נעקר הסלע מצידו זיעזעתו המחרישה או שזיעזעתו ועשאו כעפר אם יכול לחיות פטור ואם לאו חייב.  אילן שנעקרו ונשתייר בו שורש פטור.  וכמה יהיה בשורש רבן גמליאל משום רבי לעזר בן יהודה איש בירתותא כמחט של מתון.  אילן שנעקר ובו בריכה והוא חיה ממנו חזרה זקינה להיות כבריכה.  הבריכה שנה אחר שנה ונפסקה מונה משעה שנפסקה.  סיפוק הגפנים סיפוק על גבי סיפוק אע\"פ שהבריכן בארץ מותר.  רבי מאיר אומר מקום הגפנים סיפוק על גבי סיפוק אע\"פ שהבריכן בארץ מותר.  רבי מאיר אומר מקום שכוחה יפה מותר ומקום שכוחה רע אסור.  בריכה שנפסקה והיא מלאה פירות אם הוסיף במאתים אסור:", 
            "links": [], 
            "text": ""
        }, 
        {
            "segmentNumber": "3", 
            "he": "כיני מתני' אם היה יכול לחיות פטור ואם לאו חייב.  חזקיה שאל פחות מכאן כתלוש הוא.  השתחוה לו אסרו.  כותבין עליו גיטי נשים.  אמרין חזר ביה חזקיה.  אמר רבי יונה מן הדא חזר ביה דא\"ר יוחנן", 
            "links": [], 
            "text": ""
        }
    ], 
    "heRef": "תלמוד ירושלמי ערלה ד׳ ב", 
    "toSections": [
        "4b"
    ], 
    "sectionRef": "Jerusalem Talmud Orlah 4b", 
    "title": "Jerusalem Talmud Orlah 4b", 
    "lengths": [
        40, 
        78
    ], 
    "next": "Jerusalem Talmud Orlah 5a", 
    "heBook": "תלמוד ירושלמי ערלה", 
    "book": "Jerusalem Talmud Orlah", 
    "prev": "Jerusalem Talmud Orlah 4a", 
    "textDepth": 2, 
    "sectionNames": [
        "Daf", 
        "Halakhah"
    ], 
    "sections": [
        "4b"
    ], 
    "isComplex": false, 
    "titleVariants": [
        "JT Orlah", 
        "Talmud Yerushalmi Orlah", 
        "Yerushalmi Orlah", 
        "Jerusalem Talmud Orlah"
    ], 
    "categories": [
        "Talmud", 
        "Yerushalmi", 
        "Seder Zeraim"
    ], 
    "ref": "Jerusalem Talmud Orlah 4b", 
    "type": "Talmud", 
    "addressTypes": [
        "Talmud", 
        "Integer"
    ], 
    "length": 40, 
    "indexTitle": "Jerusalem Talmud Orlah", 
    "heIndexTitle": "תלמוד ירושלמי ערלה", 
    "alts": [], 
    "order": [
        10
    ]
}