{
    "heTitleVariants": [
        "שבחי הבעש\"ט"
    ], 
    "heTitle": "שבחי הבעש\"ט", 
    "heRef": "שבחי הבעש\"ט ק״ה", 
    "toSections": [
        105
    ], 
    "sectionRef": "Shivchei HaBesht 105", 
    "next": "Shivchei HaBesht 106", 
    "content": [
        {
            "segmentNumber": "1", 
            "he": "שמעתי מהרב דקהלתינו ששמע מר' יוסף מקאמינקע שהבעש\"ט היה מצפה לעלות בסערה כמו אליהו ז\"ל. והיה מצטער ע\"ז בצער גדול. וסברו ב\"ג שהוא מצטער על פטירת אשתו ושאלו אותו כי ידעו שאין זה מידתו. והשיב שמצטער על אלו מוחין שמוכרחים לנוח באדמה כי הייתי מצפה לעלות בסערה ועכשיו שאני פלג גוף אי אפשר וע\"ז אני מצטער.", 
            "links": [], 
            "text": ""
        }
    ], 
    "book": "Shivchei HaBesht", 
    "prev": "Shivchei HaBesht 104", 
    "textDepth": 2, 
    "sectionNames": [
        "Story", 
        "Paragraph"
    ], 
    "sections": [
        105
    ], 
    "isComplex": false, 
    "titleVariants": [
        "Shivchei HaBesht"
    ], 
    "categories": [
        "Chasidut"
    ], 
    "ref": "Shivchei HaBesht 105", 
    "type": "Chasidut", 
    "addressTypes": [
        "Integer", 
        "Integer"
    ], 
    "indexTitle": "Shivchei HaBesht", 
    "heIndexTitle": "שבחי הבעש\"ט", 
    "alts": [], 
    "order": ""
}