{
    "content": [
        {
            "segmentNumber": "1", 
            "he": "<big><b>שער השישי - שער השנאה\n</b></big>"
        }, 
        {
            "segmentNumber": "2", 
            "links": [
                {
                    "category": "Tanakh", 
                    "index_title": "Leviticus", 
                    "sourceHeRef": "ויקרא י״ט:י״ז", 
                    "sourceRef": "Leviticus 19:17"
                }
            ], 
            "he": "השנאה. במידה הזאת יש בה לאו, דכתיב <small>(ויקרא יט יז)</small>: \"לא תשנא את אחיך בלבבך\", ובזה הוזהרנו להסיר מנפשנו מידת השנאה. והיא מידה הגורמת עוונות הרבה, כמו לשון הרע. כי השונא את חברו מספר לעולם בשנאתו וקובל עליו, ותמיד דורש רעה עליו ושמח לאידו; וגורמת נזיקין, שיזיק לו כשיוכל להזיק לו, ונוקם ונוטר עליו, ולא ירחם עליו אפילו הוא דחוק מאוד. ומחמת השנאה יגנה במעשיו הטובים, וישניאם בעיניו ובעיני אחרים; ומונע טוב מבעליו, ולא יודה לו על האמת. ואם חייב הוא לו הוא נוגשו.\n"
        }, 
        {
            "segmentNumber": "3", 
            "links": [
                {
                    "category": "Tanakh", 
                    "index_title": "II Samuel", 
                    "sourceHeRef": "שמואל ב י״ג:כ״ב", 
                    "sourceRef": "II Samuel 13:22"
                }
            ], 
            "he": "יש כמה מיני שנאה: יש שונא חברו עבור שהזיק לו בממונו, או שהכהו, או עבור שביישהו, או שהוציא עליו שם רע. על אלו וכיוצא בהן – לא ישנא חברו וישתוק, כמו שנאמר ברשעים <small>(שמואל ב יג כב)</small>: \"ולא דבר אבשלום עם אמנון למרע ועד טוב, כי שנא אבשלום את אמנון\". אלא מצווה להודיעו ולומר לו: למה עשית לי כך וכך? שנאמר <small>(ויקרא שם)</small>: \"הוכח תוכיח את עמיתך\". ואם חזר ובקש למחול לו – צריך למחול לו, ולא יהיה המוחל אכזרי. ואף אם לא יבקש ממנו למחול לו – לא ישנאהו; אלא יתנהג עמו באהבה, ולבסוף יבוא לידי כן שיתקן לו מה שעיוות.\n"
        }, 
        {
            "segmentNumber": "4", 
            "links": [
                {
                    "category": "Talmud", 
                    "index_title": "Yoma", 
                    "sourceHeRef": "יומא ט׳ ב", 
                    "sourceRef": "Yoma 9b"
                }
            ], 
            "he": "יש רעה ממנה והיא שנאת חינם, והיא החריבה בית שני <small>(יומא ט ב)</small>. ושנאה מחמת קנאה היא רעה ממנה. וראוי לאדם לייסר את נפשו להתרחק מהן.\n"
        }, 
        {
            "segmentNumber": "5", 
            "he": "ויש שונא חברו עבור שאינו גומל לו חסד, אם שאינו נותן לו מתנה כפי חפצו, או שאינו מלוה לו בשעת דחקו – כל זה ראוי לאדם להתרחק מכיוצא בזה. אך יקבל מאהבה כל מה שייגזר לו הבורא ברוך הוא, ולא יבטח באדם. ויחשוב: אילו הייתי זוכה מאת המקום ברוך הוא – היה נותן לי זולת מתנת בשר ודם והלוואתם. ואם הוא עומד בעני ובדוחק, או שהוא חולה ומיוסר בייסורין – יחשוב אשר הבורא לטובתו גזר עליו כל זה לקבל מאהבה. ואין ספק: בעשותו זה, אז תסתלק מלבו כל שנאה. וזה יסוד גדול ועמוד חזק לתורה ולמצוות, לקבל מאהבה כל דבר, ולהנהיג עצמו בזה, ולומר על כל פגעיו \"גם זו לטובה\". ומתכוון כן בלבו, ושמח במשפט הבורא יתברך – ינצל משנאה ואיבה וקנאה. וגם אומן שונא בני אומנותו – הכל הבל ורעה רבה, כי יחשוב: כל אדם לא יוכל להרוויח יותר ממה שגזר עליו הבורא.\n"
        }, 
        {
            "segmentNumber": "6", 
            "links": [
                {
                    "category": "Tanakh", 
                    "index_title": "Amos", 
                    "sourceHeRef": "עמוס ה׳:י׳", 
                    "sourceRef": "Amos 5:10"
                }, 
                {
                    "category": "Tanakh", 
                    "index_title": "Psalms", 
                    "sourceHeRef": "תהילים ל״ח:כ״א", 
                    "sourceRef": "Psalms 38:21"
                }
            ], 
            "he": "והרעה שבמיני השנאה והקשה שבהן: כגון בני אדם השונאים מוכיחיהם, והמייסרין אותם להורותם הדרך הישרה, כעניין שנאמר <small>(עמוס ה י)</small>: \"שנאו בשער מוכיח\". ויש שנאה רעה ממנה, כגון בני אדם השונאים עושי טובה ורודפי צדק, כעניין שנאמר <small>(תהלים לח כא)</small>: \"ישטנוני תחת רדפי טוב\". וההולכים בדרך זה הם שונאים את השם, כי הם שונאים את אוהביו, והם שונאים התורה והמצוות, אחרי שהם גועלים ומואסים ושונאים המקיימים אותה.\n"
        }, 
        {
            "segmentNumber": "7", 
            "links": [
                {
                    "category": "Tanakh", 
                    "index_title": "Proverbs", 
                    "sourceHeRef": "משלי כ״ה:י״ז", 
                    "sourceRef": "Proverbs 25:17"
                }
            ], 
            "he": "אמר החכם: אם תרצה שישנאך חברך – תבקרהו תמיד. ואם תרצה שיאהבך – בקרהו לעתים רחוקות. ועל זה נאמר <small>(משלי כה יז)</small>: \"הקר רגלך מבית רעך, פן ישבעך ושנאך\".\n"
        }, 
        {
            "segmentNumber": "8", 
            "links": [
                {
                    "category": "Tanakh", 
                    "index_title": "II Samuel", 
                    "sourceHeRef": "שמואל ב י״ג:ט״ו", 
                    "sourceRef": "II Samuel 13:15"
                }
            ], 
            "he": "וצריך שתדע כי מי שישנא בני אדם – גם הם ישנאוהו. והמגביר השנאה בלבו – הוא מביא על עצמו רעה. וכשיש אהבה שלא לשם שמים – תשוב לשנאה גדולה וקנאה, כמו שנאמר באמנון <small>(שמואל ב יג טו)</small>: \"וישנאה אמנון שנאה גדולה\".\n"
        }, 
        {
            "segmentNumber": "9", 
            "links": [
                {
                    "category": "Tanakh", 
                    "index_title": "II Samuel", 
                    "sourceHeRef": "שמואל ב ג׳:כ״ז", 
                    "sourceRef": "II Samuel 3:27"
                }, 
                {
                    "category": "Tanakh", 
                    "index_title": "Proverbs", 
                    "sourceHeRef": "משלי י״ז:ו׳", 
                    "sourceRef": "Proverbs 17:6"
                }, 
                {
                    "category": "Tanakh", 
                    "index_title": "Jeremiah", 
                    "sourceHeRef": "ירמיהו מ״א:א׳", 
                    "sourceRef": "Jeremiah 41:1"
                }
            ], 
            "he": "אל תאמין בעצת השונא והאויב, שנאמר <small>(משלי יז ו)</small>: \"ונעתרות נשיקות שונא\". ודע כי הרבה בני אדם מראים את האהבה בדבריהם, ואפשר שהם שונאים גמורים בלבבם, וצריך שלא תאמין בהם, כמו שנאמר <small>(שם כו כד)</small>: \"בשפתיו ינכר שונא, ובקרבו ישית מרמה\". ואף על פי שמחליק לך לשונו ומדבר רכות – אל תטה לבך אליו, כמו שנאמר <small>(שם פסוק כה)</small>: \"כי יחנן קולו אל תאמן בו, כי שבע תועבות בלבו\". וזה כמו שהראה יואב לאבנר בן נר <small>(שמואל ב ג כז)</small>, ולעמשא בן יתר <small>(שם כ ט י)</small> השלום והאהבה, עד שהרגם. וכמו ישמעאל עם גדליה בן אחיקם <small>(ירמיהו מא א ב)</small>, עד שהרגו.\n"
        }, 
        {
            "segmentNumber": "10", 
            "he": "אמר אחד מן החכמים: הטוב שבכל מה שתחשוב על שונאך – שתשיבהו אל אהבתך אם תוכל.\n"
        }, 
        {
            "segmentNumber": "11", 
            "links": [
                {
                    "category": "Tanakh", 
                    "index_title": "Zechariah", 
                    "sourceHeRef": "זכריה ח׳:י״ט", 
                    "sourceRef": "Zechariah 8:19"
                }, 
                {
                    "category": "Tanakh", 
                    "index_title": "Proverbs", 
                    "sourceHeRef": "משלי ח׳:י״ג", 
                    "sourceRef": "Proverbs 8:13"
                }, 
                {
                    "category": "Tanakh", 
                    "index_title": "Psalms", 
                    "sourceHeRef": "תהילים קל״ט:כ״א", 
                    "sourceRef": "Psalms 139:21"
                }
            ], 
            "he": "יש שנאה שהיא מצווה, כגון אדם רשע שאינו מקבל תוכחה, שנאמר <small>(משלי ח יג)</small>: \"יראת יי שנאת רע\"; ואומר <small>(תהלים קלט כא-כב)</small>: \"הלוא משנאיך יי אשנא, ובתקוממיך אתקוטט. תכלית שנאה שנאתים, לאויבים היו לי\". וישנא שקר ודבר כזב. סוף דבר: ישנא כל דבר המרחיק אותו והמונעו מאהבת יוצר הכל, כעניין שנאמר <small>(שם קיט קכח)</small>: \"כל אורח שקר שנאתי\". וזה כלל גדול: שישנא אדם כל דבר שקר. וכל מה שיוסיף שנאה לדרכי השקר – יוסיף אהבה לתורה, כדכתיב <small>(שם קיט קסג)</small>: \"שקר שנאתי ואתעבה, תורתך אהבתי\". ויאהב אמת ושלום, כדכתיב <small>(זכריה ח יט)</small>: \"והאמת והשלום אהבו\".\n"
        }
    ], 
    "heTitle": "אורחות צדיקים", 
    "indexTitle": "Orchot Tzadikim", 
    "sectionRef": "Orchot Tzadikim 6", 
    "prev": "Orchot Tzadikim 5", 
    "ref": "Orchot Tzadikim 6", 
    "heRef": "אורחות צדיקים ו׳", 
    "next": "Orchot Tzadikim 7"
}