{
    "content": [
        {
            "segmentNumber": "1", 
            "he": "(ו) פַּעַם אַחַת הָיָה אֶצְלוֹ מְחֻתָּנוֹ רַבִּי לֵיבּ מִדָּאבְּרָאוְונֶע וְנִפְטַר מִמֶּנּוּ וְקִבֵּל רְשׁוּת כַּנָּהוּג עָנָה וְאָמַר יֵשׁ לִי בַּת בִּקְרִימִינְטְשַׁאק \"לָאזְט זִי גְּרִיסְן זָאגְט אִיר אַז זִי הָאט אֵיין טַאטְן וָואס אַזוֹי אַחִדּוּשׁ אִיז נִיט גִּיוֶוען אוּן וֶועט נִיט זַיין\" [תִּפְרֹס בִּשְׁלֹמָה, תֹּאמְרוּ לָהּ שֶׁיֵּשׁ לָהּ אַבָּא שֶׁהוּא כָּזֶה חִדּוּשׁ לֹא הָיָה וְלֹא יִהְיֶה] אִם הָיִיתִי רוֹצֶה לְגַלּוֹת מֵאִתִּי הָיוּ כָּל הָעוֹלָם רָצִין אַחֲרַי אַךְ שֶׁאֵינִי רוֹצֶה. וְכֵן פַּעַם אַחַת אֲנִי שָׁמַעְתִּי מִמֶּנּוּ בְּעַצְמוֹ זִכְרוֹנוֹ לִבְרָכָה שֶׁאָמַר בִּרְתֵת וָזִיעַ, הֲלֹא אַתֶּם יוֹדְעִים מַהוּת הָעוֹלָם עַתָּה, הֲלֹא אִם לֹא הָיָה עוֹלָם כָּזֶה הָיִיתִי חִדּוּשׁ כְּלוֹמַר שֶׁאִם לֹא הָיָה גַּשְׁמִיּוּת וְעֳבִיּוּת שֶׁל מַעֲשֵׂי הָעוֹלָם שֶׁל עַכְשָׁו מַעֲלִימִין וּמַסְתִּירִין אוֹתוֹ כָּל כָּךְ הָיוּ הַכֹּל רוֹאִין הַפְלָגַת נוֹרָאוֹת שֶׁלּוֹ שֶׁהוּא חִדּוּשׁ נִפְלָא נוֹרָא וְנִשְׂגָּב:\n"
        }
    ], 
    "heTitle": "חיי מוהרן", 
    "indexTitle": "Chayei Moharan", 
    "sectionRef": "Chayei Moharan 246", 
    "prev": "Chayei Moharan 245", 
    "ref": "Chayei Moharan 246", 
    "heRef": "חיי מוהרן רמ״ו", 
    "next": "Chayei Moharan 247"
}