[{
    "links": [
        [
            "1:1:1", 
            "Zephaniah 1:1", 
            "Tanach"
        ], 
        [
            "1:2:1", 
            "Zephaniah 1:2", 
            "Tanach"
        ], 
        [
            "1:3:1", 
            "Zephaniah 1:3", 
            "Tanach"
        ], 
        [
            "1:4:1", 
            "Zephaniah 1:4", 
            "Tanach"
        ], 
        [
            "1:5:1", 
            "Zephaniah 1:5", 
            "Tanach"
        ], 
        [
            "1:6:1", 
            "Zephaniah 1:6", 
            "Tanach"
        ], 
        [
            "1:7:1", 
            "Zephaniah 1:7", 
            "Tanach"
        ], 
        [
            "1:8:1", 
            "Zephaniah 1:8", 
            "Tanach"
        ], 
        [
            "1:9:1", 
            "Zephaniah 1:9", 
            "Tanach"
        ], 
        [
            "1:10:1", 
            "Zephaniah 1:10", 
            "Tanach"
        ], 
        [
            "1:11:1", 
            "Zephaniah 1:11", 
            "Tanach"
        ], 
        [
            "1:12:1", 
            "Zephaniah 1:12", 
            "Tanach"
        ], 
        [
            "1:13:1", 
            "Zephaniah 1:13", 
            "Tanach"
        ], 
        [
            "1:14:1", 
            "Zephaniah 1:14", 
            "Tanach"
        ], 
        [
            "1:15:1", 
            "Zephaniah 1:15", 
            "Tanach"
        ], 
        [
            "1:16:1", 
            "Zephaniah 1:16", 
            "Tanach"
        ], 
        [
            "1:17:1", 
            "Zephaniah 1:17", 
            "Tanach"
        ], 
        [
            "1:18:1", 
            "Zephaniah 1:18", 
            "Tanach"
        ], 
        [
            "1:2:2", 
            "Zephaniah 1:2", 
            "Tanach"
        ], 
        [
            "1:3:2", 
            "Zephaniah 1:3", 
            "Tanach"
        ], 
        [
            "1:4:2", 
            "Zephaniah 1:4", 
            "Tanach"
        ], 
        [
            "1:7:2", 
            "Zephaniah 1:7", 
            "Tanach"
        ], 
        [
            "1:8:2", 
            "Zephaniah 1:8", 
            "Tanach"
        ], 
        [
            "1:10:2", 
            "Zephaniah 1:10", 
            "Tanach"
        ], 
        [
            "1:11:2", 
            "Zephaniah 1:11", 
            "Tanach"
        ], 
        [
            "1:12:2", 
            "Zephaniah 1:12", 
            "Tanach"
        ], 
        [
            "1:13:2", 
            "Zephaniah 1:13", 
            "Tanach"
        ], 
        [
            "1:15:2", 
            "Zephaniah 1:15", 
            "Tanach"
        ], 
        [
            "1:16:2", 
            "Zephaniah 1:16", 
            "Tanach"
        ], 
        [
            "1:17:2", 
            "Zephaniah 1:17", 
            "Tanach"
        ], 
        [
            "1:3:3", 
            "Zephaniah 1:3", 
            "Tanach"
        ], 
        [
            "1:10:3", 
            "Zephaniah 1:10", 
            "Tanach"
        ], 
        [
            "1:11:3", 
            "Zephaniah 1:11", 
            "Tanach"
        ], 
        [
            "1:12:3", 
            "Zephaniah 1:12", 
            "Tanach"
        ], 
        [
            "1:17:3", 
            "Zephaniah 1:17", 
            "Tanach"
        ], 
        [
            "1:11:4", 
            "Zephaniah 1:11", 
            "Tanach"
        ], 
        [
            "1:17:4", 
            "Zephaniah 1:17", 
            "Tanach"
        ]
    ], 
    "text": [], 
    "heTitleVariants": [
        "אבן עזרא על צפניה"
    ], 
    "heTitle": "אבן עזרא על צפניה", 
    "commentaryBook": "Zephaniah", 
    "heRef": "אבן עזרא על צפניה א׳", 
    "toSections": [
        1
    ], 
    "sectionRef": "Ibn Ezra on Zephaniah 1", 
    "title": "Ibn Ezra on Zephaniah 1", 
    "lengths": [
        3, 
        53
    ], 
    "next": "Ibn Ezra on Zephaniah 2:1", 
    "book": "Ibn Ezra on Zephaniah", 
    "prev": null, 
    "textDepth": 3, 
    "sectionNames": [
        "Chapter", 
        "Verse", 
        "Comment"
    ], 
    "sections": [
        1
    ], 
    "commentator": "Ibn Ezra", 
    "isComplex": false, 
    "commentaryCategories": [
        "Tanach", 
        "Prophets"
    ], 
    "titleVariants": [
        "Ibn Ezra on Tzephaniah", 
        "Ibn Ezra on Zeph", 
        "Ibn Ezra on Zephaniah", 
        "Ibn Ezra on Zeph."
    ], 
    "categories": [
        "Commentary", 
        "Tanach", 
        "Ibn Ezra"
    ], 
    "he": [
        [
            "הזכיר הכתוב שמות האבות עד שהגיע לנכבד והוא חזקיהו המלך, והנה על דרך הסברא אמריה היה אחי מנשה. ואל תתמה בעבור כי יאשיהו שלישי לחזקיהו כי יותר ממאה שנים יש מיום שגדל חזקיהו להוליד עד מלך יאשיהו."
        ], 
        [
            "אסוף - אל\"ף אסוף סימן העתיד מהבנין הנוסף, מגזרת: ספו תמו פירוש הבנין העתיד. ", 
            "אסף - כל פעל ראוי להיות משלש אותיות וכשיבוא הפעל בלשון הפעיל הכביד האביד השמיד הוא קרוי בנין הנוסף. ויש אומרים: כי אל\"ף אסוף נוסף כמו אלף אדוש ידושנו."
        ], 
        [
            "אסף - עתה פירֵש מלת כל אדם ובהמה ועוף השמים ודגי הים. ", 
            "וטעם פני האדמה – ארץ ישראל. ", 
            "והמכשלות - לרשעים לבדם תהיינה המכשלות, על כן והכרתי את האדם שהם רשעים וכן אומר לענוים: אולי תסתרו."
        ], 
        [
            "ונטיתי, שאר הבעל - גוף הבעל. ור' משה הכהן אמר: כמו שאר יעקב. ", 
            "עם הכהנים - הם המשרתים, כי ככה מלת כל כהן והעד: וכהנו לי."
        ], 
        [
            "ואת המשתחוים - כאשר הם נשבעים לשם ולמלכם המראים כי הם עבדי השם."
        ], 
        [
            "ואת - בפרהסיא."
        ], 
        [
            "הס - אמר הנביא למשכיל. ", 
            "הקדיש - הכין וזימן."
        ], 
        [
            "והיה - דרך משל על מות הרשעים. ", 
            "מלבוש נכרי - כנגד כל עם הארץ, דרך גאות."
        ], 
        [
            "ופקדתי, הדולג - מרוב שמחתם אותם הבאים למלאת בית אדוניהם מחמס ומרמה, יראו בהכנסם לבית המלך להביא אותו החמס בעברם על מפתן הבית, כאלו הם דולגים מרוב שמחתם מפתן בית המושלים, הם הפקידים שיקחו יגיע האדם בחזקה, או במרמה להתרצות לאדוניהם."
        ], 
        [
            "והיה... שער הדגים - היה בירושלים. ", 
            "מן - הארמון, משנה למלך שהוא בתוך העיר. ", 
            "ושבר גדול - מחוץ לירושלם כי הרים סביב לה."
        ], 
        [
            "הלילו יושבי המכתש - מסלה היתה בירושלם לסוחרים ולמחליפים והיא קרויה מכתש, כי כל רחובות העיר יש להם שם הנודע לכל בני העיר. ", 
            "עם כנען - כל סוחר כמו כנען בידו מאזני מרמה. ", 
            "ונדמה - נכרת. ", 
            "נטילי כסף - כמו משא."
        ], 
        [
            "והיה - טעם אחפש בנרות, כי בנר יוכל אדם לראות מה שיש בחדרי חדרים, כי אור השמש לא יכנס שם וככה: נר אלהים נשמת אדם חופש, והנה בנרות כאילו בנרות אחפשם. ", 
            "הקופאים - שהם שאננים ושקטים. ", 
            "ומלת קופאים – כמו קפאו תהומות דבר השוכן ומקובץ ביחד, נקרא קפאון. וככה זה קופאים השוכנים בטח על מקומם."
        ], 
        [
            "והיה חילם - כחם ואונם. ", 
            "ובנו - פועל עבר הבתים שבנו לא ישבו שם עוד."
        ], 
        [
            "קרוב יום - נקמת ה' וביום ההוא: קול מר צורח שם גבור - שם כל גבור צורח מר בקולו יצעק צעקה מרה."
        ], 
        [
            "יום שואה ומשואה - כמו בוקה ומבוקה. ", 
            "יום חשך - כדרך: וקדר עליהם היום."
        ], 
        [
            "יום שופר - ותרועת האויב. ", 
            "הפינות - כמו גבעות."
        ], 
        [
            "והצרותי לאדם - שהם בערים הבצורות. ", 
            "ושפך דמם - לרוב כעפר. ", 
            "ולחומם כגללים - בשרם בלשון ישמעאל וכמוהו וימטר עלימו בלחומו. ", 
            "כגללים - כמו בגללי צאת האדם."
        ], 
        [
            "גם - הטעם נפשם גם כספם."
        ]
    ], 
    "ref": "Ibn Ezra on Zephaniah 1", 
    "type": "Commentary", 
    "addressTypes": [
        "Integer", 
        "Integer", 
        "Integer"
    ], 
    "heCommentator": "אבן עזרא", 
    "length": 3, 
    "indexTitle": "Ibn Ezra on Zephaniah", 
    "heIndexTitle": "אבן עזרא על צפניה", 
    "alts": [], 
    "order": [
        23, 
        18
    ]
}]