{
    "heTitleVariants": [
        "קיצור ט\"ז על שולחן ערוך יורה דעה", 
        "קיצור ט\"ז על יורה דעה"
    ], 
    "heTitle": "קיצור ט\"ז על יורה דעה", 
    "type": "Commentary", 
    "commentaryBook": "Shulchan Arukh, Yoreh De'ah", 
    "heRef": "קיצור ט\"ז על יורה דעה ל״ב", 
    "toSections": [
        32
    ], 
    "sectionRef": "Summary of Taz on Shulchan Arukh, Yoreh De'ah 32", 
    "title": "Summary of Taz on Shulchan Arukh, Yoreh De'ah 32", 
    "next": "Summary of Taz on Shulchan Arukh, Yoreh De'ah 69:1", 
    "content": [], 
    "book": "Summary of Taz on Shulchan Arukh, Yoreh De'ah", 
    "prev": null, 
    "textDepth": 3, 
    "sectionNames": [
        "Siman", 
        "Se'if", 
        "Comment"
    ], 
    "sections": [
        32
    ], 
    "isComplex": false, 
    "commentaryCategories": [
        "Halakhah", 
        "Shulchan Arukh"
    ], 
    "titleVariants": [
        "Summary of Turei Zahav on Shulchan Aruch Yoreh Deah", 
        "Summary of Turei Zahav on Yoreh De'ah", 
        "Summary of Taz on Yoreh De'ah", 
        "Summary of Taz on Y.D.", 
        "Summary of Turei Zahav on Shulchan Aruch, Yoreh Deah", 
        "Summary of Taz on Shulchan Arukh Yoreh De'ah", 
        "Summary of Turei Zahav on Shulchan Arukh Yoreh De'ah", 
        "Summary of Taz on Shulchan Arukh, Yoreh De'ah", 
        "Summary of Taz on Yoreh Deah", 
        "Summary of Taz on Shulchan Aruch, Yoreh Deah", 
        "Summary of Taz on Shulchan Aruch Yoreh Deah", 
        "Summary of Turei Zahav on Y.D.", 
        "Summary of Turei Zahav on Shulchan Arukh, Yoreh De'ah", 
        "Summary of Turei Zahav on Yoreh Deah"
    ], 
    "categories": [
        "Commentary", 
        "Halakhah", 
        "Summary of Taz"
    ], 
    "ref": "Summary of Taz on Shulchan Arukh, Yoreh De'ah 32", 
    "commentator": "Summary of Taz", 
    "addressTypes": [
        "Integer", 
        "Integer", 
        "Integer"
    ], 
    "heCommentator": "קיצור ט\"ז", 
    "indexTitle": "Summary of Taz on Shulchan Arukh, Yoreh De'ah", 
    "heIndexTitle": "קיצור ט\"ז על יורה דעה", 
    "alts": [], 
    "order": [
        2
    ]
}