{
    "heTitleVariants": [
        "משנה ברורה"
    ], 
    "heTitle": "משנה ברורה", 
    "heRef": "משנה ברורה קס״ג", 
    "toSections": [
        163
    ], 
    "sectionRef": "Mishnah Berurah 163", 
    "next": "Mishnah Berurah 164", 
    "content": [
        {
            "segmentNumber": "1", 
            "he": "(א) אם אין מים וכו' - כתב בים של שלמה דאותן שנוטלין ידיהם בלחות העשבים כשאין להם מים עבירה היא בידם שמזלזלין בנט\"י וגם ברכתן לבטלה היא שאין זה נטילה כל עיקר [והביאו הפמ\"ג]:", 
            "links": [], 
            "text": ""
        }, 
        {
            "segmentNumber": "2", 
            "he": "(ב) מצויים וכו' - אבל כשמים מצויים אסור אף במפה דילמא אתי למינגע:", 
            "links": [], 
            "text": ""
        }, 
        {
            "segmentNumber": "3", 
            "he": "(ג) לפניו ברחוק יותר וכו' - ר\"ל כשהולך בדרך ומשער שלא ימצא מים אף ברחוק יותר מארבעה מילין והוא רוצה לאכול אז התירו לו לאכול ע\"י כריכת מפה על ידיו אבל אם הוא משער שישיג מים תיכף אחר ד' מילין מחוייב להמתין עד שיבוא לשם ולאחריו דיש לו טרחא לחזור מדרכו סגי בשיעור מיל כשמשער שלא ימצא בו מים מותר ע\"י מפה. וכתבו האחרונים דה\"ה אם מסופק שמא לא ימצא מים לפניו בשיעור ד' מילין ולאחריו מיל והוא תאב לאכול מותר ג\"כ ע\"י מפה ושומרי גנות ופרדסין כשצריכין לילך אחר מים אינם מחוייבין אלא פחות ממיל כמו מלאחריו משום שאינם יכולים לעזוב שמירתן. והח\"א ושארי אחרונים הסכימו דכל היושב בביתו ג\"כ אינו מחוייב לטרוח אחר מים אלא פחות ממיל כמו מלאחריו דרק לפניו בדרך שהולך בלא\"ה לשם הצריכוהו להמתין עד ד' מילין:", 
            "links": [], 
            "text": ""
        }, 
        {
            "segmentNumber": "4", 
            "he": "(ד) יטול ידיו וכו' - צ\"ל ילוט ור\"ל שכורך ידיו [מאמר מרדכי]:", 
            "links": [], 
            "text": ""
        }, 
        {
            "segmentNumber": "5", 
            "he": "(ה) במפה - או בשום דבר [גמרא] ועיין בביאור הלכה דלדעת המחבר מסתברא דצריך לכרוך שתי ידיו דוקא דאף שאוכל באחת שמא יגע בחברתה אמנם לדעת רמ\"א יש להקל בזה וצ\"ע:", 
            "links": [], 
            "text": ""
        }, 
        {
            "segmentNumber": "6", 
            "he": "(ו) במשקה - דגם בזה הצריכו נטילה כדלעיל בסימן קנ\"ח ועיין מה שכתבנו שם במ\"ב. כתב הא\"ר דבמקום שאין לו מפה מותר אף בלא מפה כיון דאין יכול להשיג מים בשיעור זה אך באמת הוא דבר שאינו מצוי דאטו בגברי ערטילאי עסקינן דלית ליה שום סודר שיהיה יכול לכרוך ידיו בו ובודאי מחויב לעשות כן דהערוך דמצריך מפה לאו יחידאה הוא דגם הר\"ח בפירושו על פסחים [שזכינו עתה לאורו] בדף מ\"ז כתב בהדיא כן:", 
            "links": [], 
            "text": ""
        }, 
        {
            "segmentNumber": "7", 
            "he": "(ז) ע\"י כף - האחרונים נתקשו בזה דמנ\"ל לרמ\"א דין זה ושאני מפה שידו מכוסה משא\"כ בזה שידו מגולה חיישינן טפי דילמא אתי למינגע ובא\"ר יישבו בדוחק ע\"ש וע\"כ נראה דאם יש לו מפה יכרוך במפה דוקא:", 
            "links": [], 
            "text": ""
        }, 
        {
            "segmentNumber": "8", 
            "he": "(ח) אינו צריך נט\"י - אע\"פ שנוגע בהמאכל דלא תקנו רבנן נטילה אלא להאוכל בלבד:", 
            "links": [], 
            "text": ""
        }, 
        {
            "segmentNumber": "9", 
            "he": "(ט) אע\"פ וכו' - דלא פלוג רבנן באוכל בין נוגע לאינו נוגע [לבוש]:", 
            "links": [], 
            "text": ""
        }, 
        {
            "segmentNumber": "10", 
            "he": "(י) וה\"ה לאוכל במגרפה - דלא עדיף מאוכל מחמת מאכיל דצריך נטילה:", 
            "links": [], 
            "text": ""
        }, 
        {
            "segmentNumber": "11", 
            "he": "(יא) למי שלא נטל ידיו - דוקא בידוע שלא נטל אבל בספק מותר [כן הוא לפי מה שצידד המ\"א בסימן קס\"ט סק\"ה ע\"ש] ובפרט דלעני בתורת צדקה בודאי אין להחמיר בספק ע\"ש בס\"ב. ומ\"מ טוב דכשנותן לעני שלא קים ליה בגויה לאכול שיאמר קום נטול ידך [א\"ר]:", 
            "links": [], 
            "text": ""
        }, 
        {
            "segmentNumber": "12", 
            "he": "(יב) משום לפני עור - דהיינו בלחם של המאכיל דבלחם של האוכל ויוכל לקחת בעצמו אין כאן לפני עור מ\"מ כתבו האחרונים דאסור גם בזה משום דאסור לסייע ידי עוברי עבירה ועיין בפמ\"ג:\n", 
            "links": [], 
            "text": ""
        }
    ], 
    "book": "Mishnah Berurah", 
    "prev": "Mishnah Berurah 162", 
    "textDepth": 2, 
    "sectionNames": [
        "Siman", 
        "Seif Katan"
    ], 
    "sections": [
        163
    ], 
    "isComplex": false, 
    "titleVariants": [
        "Mishneh Brurah", 
        "Mishna Berura", 
        "Mishnah Berurah", 
        "Mishna Brurah"
    ], 
    "categories": [
        "Halakhah"
    ], 
    "ref": "Mishnah Berurah 163", 
    "type": "Halakhah", 
    "addressTypes": [
        "Integer", 
        "Integer"
    ], 
    "indexTitle": "Mishnah Berurah", 
    "heIndexTitle": "משנה ברורה", 
    "alts": [], 
    "order": ""
}