{
    "heTitleVariants": [
        "משנה ברורה"
    ], 
    "heTitle": "משנה ברורה", 
    "heRef": "משנה ברורה תקל״ב", 
    "toSections": [
        532
    ], 
    "sectionRef": "Mishnah Berurah 532", 
    "next": "Mishnah Berurah 533", 
    "content": [
        {
            "segmentNumber": "1", 
            "he": "(א) אפילו במספרים - וכ\"ש בסכין או ביד ובשיניו דמותר:", 
            "links": [], 
            "text": ""
        }, 
        {
            "segmentNumber": "2", 
            "he": "(ב) יש מחמירין וכו' - דסוברין דבזה שייך ג\"כ הטעם כדי שלא יכנס למועד כשהוא מנוול ויתחכם בערב הרגל. וכל הני דמותרין לגלח הנ\"ל בסימן תקל\"א מותרין ליטול צפרנים. ואם נטלן מערב יו\"ט מותר ליטלן בחוה\"מ דהא יש מתירין לעולם כשגילח מעיו\"ט ואף דאנן לא קיי\"ל כן כנ\"ל בסימן תקל\"א ס\"ב מ\"מ לענין זה דיש בלא\"ה הרבה דעות להקל אין להחמיר:", 
            "links": [], 
            "text": ""
        }, 
        {
            "segmentNumber": "3", 
            "he": "(ג) בין בסכין וכו' - אבל בידיו או בשיניו מותר. הנוטל צפרניו בשיניו אין בהן משום מיאוס [גמרא]:", 
            "links": [], 
            "text": ""
        }, 
        {
            "segmentNumber": "4", 
            "he": "(ד) שנוטלן כדרכן בחול - ר\"ל אפילו ע\"י עצמן וא\"צ ע\"י נכרית כמו לענין אשה שהיא אבלה [ביו\"ד סימן ש\"צ ס\"ו] מאחר שיש מתירין בכל ענין [הגר\"א]:", 
            "links": [], 
            "text": ""
        }, 
        {
            "segmentNumber": "5", 
            "he": "(ה) כל רפואה מותר בחוה\"מ - היינו שמותר לעשות אפילו מלאכה גמורה לצורך רפואה ואפילו לחולה שאין בו סכנה הא ביו\"ט אסור אפילו לשתות דבר שהוא משום רפואה גזירה אטו שחיקת סממנים [מ\"א ופמ\"ג]:", 
            "links": [], 
            "text": ""
        }
    ], 
    "book": "Mishnah Berurah", 
    "prev": "Mishnah Berurah 531", 
    "textDepth": 2, 
    "sectionNames": [
        "Siman", 
        "Seif Katan"
    ], 
    "sections": [
        532
    ], 
    "isComplex": false, 
    "titleVariants": [
        "Mishneh Brurah", 
        "Mishna Berura", 
        "Mishnah Berurah", 
        "Mishna Brurah"
    ], 
    "categories": [
        "Halakhah"
    ], 
    "ref": "Mishnah Berurah 532", 
    "type": "Halakhah", 
    "addressTypes": [
        "Integer", 
        "Integer"
    ], 
    "indexTitle": "Mishnah Berurah", 
    "heIndexTitle": "משנה ברורה", 
    "alts": [], 
    "order": ""
}