[{
    "links": [], 
    "text": [], 
    "heTitleVariants": [
        "משנה ברורה"
    ], 
    "heTitle": "משנה ברורה", 
    "heRef": "משנה ברורה תפ״ד", 
    "toSections": [
        484
    ], 
    "sectionRef": "Mishnah Berurah 484", 
    "next": "Mishnah Berurah 485", 
    "book": "Mishnah Berurah", 
    "prev": "Mishnah Berurah 483", 
    "textDepth": 2, 
    "sectionNames": [
        "Siman", 
        "Seif Katan"
    ], 
    "sections": [
        484
    ], 
    "isComplex": false, 
    "titleVariants": [
        "Mishneh Brurah", 
        "Mishna Berura", 
        "Mishnah Berurah", 
        "Mishna Brurah"
    ], 
    "categories": [
        "Halakhah"
    ], 
    "he": [
        "(א) מאן דבעי וכו' - משום שאין בהם מי שיודע לקדש ולומר הגדה:", 
        "(ב) מברך ברישא וכו' - היינו שמקדש ואומר הגדה הכל כסדר ואוכל מצה ומרור ואפיקומן עד בהמ\"ז:", 
        "(ג) ומברך בהמ\"ז - ושותה הכוס ובלא ברכת המזון אסור לעקור ממקומו לילך למקום אחר ואפילו בדעתו לאכול שם יותר:", 
        "(ד) והדר מברך - ר\"ל שמקדש להם ומברך להם גם בפה\"ג ומברך להם ברכת כרפס ואומר לפניהם ההגדה וברכת כוס שני וגם ברכת המוציא וברכת אכילת מצה ומרור ואע\"ג דבשאר ברכות הנהנין קיימ\"ל שאין יכול לברך לאחרים אא\"כ יהנה עמהן שאני ברכת הלחם של מצה וקידוש היום שהם חובה הלכך יכול לברך להוציא אחרים אף שאינו נהנה וכן ברכת הירקות חשיב ג\"כ מצוה ויכול להוציא אחרים:", 
        "(ה) ירקי - היינו כרפס ומרור:", 
        "(ו) ואיהו לא אכיל וכו' - שהרי כבר אכל אפיקומן ואסור לו לטעום שוב וכדלעיל בסימן תע\"ח וגם שתיה אסור לכו\"ע שהרי הוא עומד בין כוס ג' לד' וכנ\"ל בסימן תע\"ט:", 
        "(ז) ומברכי אינהו בהמ\"ז - אבל הוא אסור לברך בשבילם בה\"מ דבבהמ\"ז אין להוציא אחר אא\"כ אכל ונתחייב גם כן דכתיב ואכלת ושבעת וברכת מי שאכל הוא יברך:", 
        "(ח) יקרא מלה במלה - והם יענו אחריו דכל שקורא מלה במלה והאחר עונה עמו לא הוי ברכה לבטלה אע\"פ שיצא מכבר דהרי הוא רק מלמדו לברך:", 
        "(ט) ולא אכיל וכו' - ואסור לטעום קודם קידוש כמ\"ש סימן רע\"א. ואם יכוין לצאת ג\"כ בהקידוש שאומר לפניהם יצטרך לאכול שם כזית ולברך בהמ\"ז ג\"כ:", 
        "(י) יגמור הכל - אפילו הלל:", 
        "(יא) ולא יאכל וישתה - כנ\"ל בסק\"ו:"
    ], 
    "ref": "Mishnah Berurah 484", 
    "type": "Halakhah", 
    "addressTypes": [
        "Integer", 
        "Integer"
    ], 
    "indexTitle": "Mishnah Berurah", 
    "heIndexTitle": "משנה ברורה", 
    "alts": [], 
    "order": ""
}]