{
    "heTitleVariants": [
        "משנה ברורה"
    ], 
    "heTitle": "משנה ברורה", 
    "heRef": "משנה ברורה ר״ז", 
    "toSections": [
        207
    ], 
    "sectionRef": "Mishnah Berurah 207", 
    "next": "Mishnah Berurah 208", 
    "content": [
        {
            "segmentNumber": "1", 
            "he": "(א) פירות האילן וכו' - ובדיעבד אם בירך עליהם על העץ ועל פרי העץ יצא [שערי תשובה]:", 
            "links": [], 
            "text": ""
        }, 
        {
            "segmentNumber": "2", 
            "he": "(ב) וכל דבר וכו' - כלל בזה אפילו מים:", 
            "links": [], 
            "text": ""
        }, 
        {
            "segmentNumber": "3", 
            "he": "(ג) בורא נפשות רבות - נוסח הברכה בא\"י אמ\"ה בורא נפשות רבות וחסרונם על כל מה שברא להחיות בהם נפש כל חי ברוך חי העולמים. והחי\"ת נקוד בצירי שהוא דבוק וי\"א שבראת ונהרא נהרא ופשטיה:", 
            "links": [], 
            "text": ""
        }, 
        {
            "segmentNumber": "4", 
            "he": "(ד) לאחר כולם וכו' - ר\"ל דא\"צ לברך בורא נפשות עכאו\"א דהיא שייכא על כולם ואפילו אכל ושתה יצא בברכה אחת. ואם מצטרפין שניהם יחד לכשיעור עיין לקמן בסימן ר\"י במ\"ב. אם מסתפק אם אכל כזית בכדי אכילת פרס א\"צ לברך בנ\"ר:", 
            "links": [], 
            "text": ""
        }, 
        {
            "segmentNumber": "5", 
            "he": "(ה) חותם בה בלא שם - שי\"א שהיא מטבע ארוכה וי\"א שתקנו בה מטבע קצר בלא חתימה ולכך טוב שיחתום אבל בלא שם ודעת הגר\"א לחתום בה בשם כמו שמוזכר בירושלמי ומ\"מ העולם לא נהגו כן [מגן גבורים]. ופי' בנ\"ר מבואר בטור דנותן לו ית' שבח על שברא דברים הכרחיים כגון לחם ודברים מועילים אף שאינם הכרח כגון פירות על ההכרחים אומר וחסרונם ועל כל השאר יאמר על כל מה שברא להחיות וכו':", 
            "links": [], 
            "text": ""
        }
    ], 
    "book": "Mishnah Berurah", 
    "prev": "Mishnah Berurah 206", 
    "textDepth": 2, 
    "sectionNames": [
        "Siman", 
        "Seif Katan"
    ], 
    "sections": [
        207
    ], 
    "isComplex": false, 
    "titleVariants": [
        "Mishneh Brurah", 
        "Mishna Berura", 
        "Mishnah Berurah", 
        "Mishna Brurah"
    ], 
    "categories": [
        "Halakhah"
    ], 
    "ref": "Mishnah Berurah 207", 
    "type": "Halakhah", 
    "addressTypes": [
        "Integer", 
        "Integer"
    ], 
    "indexTitle": "Mishnah Berurah", 
    "heIndexTitle": "משנה ברורה", 
    "alts": [], 
    "order": ""
}