{
    "heTitleVariants": [
        "משנה ברורה"
    ], 
    "heTitle": "משנה ברורה", 
    "heRef": "משנה ברורה שצ״א", 
    "toSections": [
        391
    ], 
    "sectionRef": "Mishnah Berurah 391", 
    "next": "Mishnah Berurah 392", 
    "content": [
        {
            "segmentNumber": "1", 
            "he": "(א) למי ששכח ולא עירב וכו' - המבואר בסימן ש\"פ ושפ\"א:", 
            "links": [], 
            "text": ""
        }, 
        {
            "segmentNumber": "2", 
            "he": "(ב) אע\"פ שהם רבים - אהם לה קאי ור\"ל וקי\"ל בסימן ש\"פ דאין מבטלין רשות לשני אנשים שלא עירבו מפני שהם אוסרים זה ע\"ז וא\"כ לכאורה גם הכא הרי יש רבים בחצר ולא נשתתפו במבוי איך יכולין לבטל להם קמ\"ל כיון דעכ\"פ עשו ע\"ח יחד כיחיד חשיבי:", 
            "links": [], 
            "text": ""
        }, 
        {
            "segmentNumber": "3", 
            "he": "(ג) כיחיד בחצר - ופשוט דהבטול לא יועיל רק לזה החצר שביטלו לגביה דהוא יהיה מותר להוציא מחצרו למבוי אבל שארי חצרות אסורין להוציא מחצרן למבוי וכעין מה שכתב לעיל בסימן ש\"פ ס\"ד ואפילו ביטלו לו גם רשות ביתם וחצרם ג\"כ נראה דלא מהני להוציא מחצרן למבוי דרבים לגבי יחיד לא נעשו כאורחים ואפילו אם נאמר לענין זה דבני חצר חשיבי כרבים הא מבואר שם דרבים לגבי רבים ג\"כ לא נעשו כאורחים:", 
            "links": [], 
            "text": ""
        }, 
        {
            "segmentNumber": "4", 
            "he": "(ד) וככל משפטי וכו' - ר\"ל שמבואר בריש סימן שפ\"ב דאין הנכרי אוסר עד שיהיו שני בתי ישראלים בחצר כן הוא במבוי שאין אסור להוציא מהחצר למבוי שהוא מתוקן בלחי וקורה עד שיהיו שני חצרות של ישראלים במבוי:", 
            "links": [], 
            "text": ""
        }, 
        {
            "segmentNumber": "5", 
            "he": "(ה) או בעיר - היינו המוקפת חומה דאינה צריכה עוד תיקון וכדלקמיה דאי לא היה מוקף חומה בכלל כרמלית היא כ\"ז שאינה מתוקנת בלחי וקורה:", 
            "links": [], 
            "text": ""
        }, 
        {
            "segmentNumber": "6", 
            "he": "(ו) עד שיהיו שתי חצרות - דאז אוסרים זה ע\"ז להוציא כלי הבית למבוי כ\"ז שלא נשתתפו ביחד ובזה העכו\"ם ג\"כ אוסר עליהם שלא יועיל שיתופן עד שישכרו ממנו רשותו במבוי:", 
            "links": [], 
            "text": ""
        }, 
        {
            "segmentNumber": "7", 
            "he": "(ז) אפילו אם הרבה וכו' - דלגבי מבוי כל בני החצר חשובים כחדא וכנ\"ל:", 
            "links": [], 
            "text": ""
        }, 
        {
            "segmentNumber": "8", 
            "he": "(ח) לדירה - דאל\"כ בלא\"ה אסור אם היא יותר מבית סאתים דהוא בכלל קרפף המבואר לעיל בסימן שנ\"ח:", 
            "links": [], 
            "text": ""
        }, 
        {
            "segmentNumber": "9", 
            "he": "(ט) וסתם עיירות וכו' - דסתם עיירות בונים בתים תחלה ואח\"כ מקיפין חומה סביבם לצורך הבתים ומקרי עי\"ז מוקף לדירה משא\"כ מבצרים שאנו קורין שלא\"ס שנעשה להשמר מפני האויב הוא מוקף תחלה בחומה ואח\"כ בונים בתים בתוכו:", 
            "links": [], 
            "text": ""
        }, 
        {
            "segmentNumber": "10", 
            "he": "(י) וכשיש שתי חצרות וכו' בעיר - נראה דאפילו אם כל חצר היה במבוי אחר לא נחשב כיחיד במקום עכו\"ם דכיון שהעיר מוקפת חומה סביבה נחשבים כל המבואות כמבוי אחד ואוסרים הישראלים זה ע\"ז וממילא צריכים לשכור מהעכו\"ם רשותו אם לא שהיו מקומות חלוקין זה משה בצוה\"פ או בשני פסין וכאשר ביארנו בסימן שפ\"ו ס\"ב בהג\"ה במ\"ב ולקמן בסימן שצ\"ב ס\"ו:", 
            "links": [], 
            "text": ""
        }, 
        {
            "segmentNumber": "11", 
            "he": "(יא) ואין מספיק וכו' - אף שהבתים שלו ומסרן לאנשי העיר ע\"מ שישלמו לו מס מן הבתים כנהוג והטעם שהרי לא יכול לסלקן כ\"ז שמשלמין לו המס וכההיא דסימן שפ\"ב סי\"ח. ואפילו אם הוא ממונה ג\"כ על משפטיהם כיון שאין לו רשות לענין בתי העיר:", 
            "links": [], 
            "text": ""
        }, 
        {
            "segmentNumber": "12", 
            "he": "(יב) ויש אומרים וכו' - וכן הסכימו האחרונים להלכה:", 
            "links": [], 
            "text": ""
        }, 
        {
            "segmentNumber": "13", 
            "he": "(יג) לטלטל במבוי - להוציא מבתי ישראל ולהכניס להם:", 
            "links": [], 
            "text": ""
        }, 
        {
            "segmentNumber": "14", 
            "he": "(יד) שהרי דרך המבוי הוא של השר - ר\"ל שמסתמא יש לו רשות להשר על הדרך לשנותה ולתת לבע\"ב דרך מצד אחר ויכול להשכיר להם:", 
            "links": [], 
            "text": ""
        }, 
        {
            "segmentNumber": "15", 
            "he": "(טו) אפילו בשעת מלחמה - אלא מתנהג הדבר ע\"פ יועצי המדינה:", 
            "links": [], 
            "text": ""
        }, 
        {
            "segmentNumber": "16", 
            "he": "(טז) מהני - היינו אפילו לענין להוציא ולהכניס לבתי העכו\"ם:", 
            "links": [], 
            "text": ""
        }, 
        {
            "segmentNumber": "17", 
            "he": "(יז) בשעת מלחמה - עיין בבה\"ל:", 
            "links": [], 
            "text": ""
        }, 
        {
            "segmentNumber": "18", 
            "he": "(יח) שלא מדעתם - ולפ\"ז מותר לשכור מהממונה של מלך שהרי יש רשות להמלך להושיב אנשיו וכלי מלחמתו בבתי בני העיר שלא מדעתם מדינא דמלכותא וא\"כ כל עבד מעבדיו הקטנים הוי כשכירו ולקיטו שהרי הממונה הוא במקום המלך ונ\"ל דוקא מהממונה ע\"ז כמו זה שקורין פאליציי\"א שידוע שכל דבר המלכות נעשה על ידו ואפילו מהמשרתים שלהם שהרי יש להם רשות ליקח משרתים שעל ידיהם נתקיים כל צויי המלך אבל מאנשי חיילותיו אפילו הראש שלהם לא מהני במקום שהוא אין ממונה ע\"ז [חיי אדם]:", 
            "links": [], 
            "text": ""
        }, 
        {
            "segmentNumber": "19", 
            "he": "(יט) ישראלים הדרים וכו' - פי' אף שכמה ישראלים דרים בחצר מ\"מ מותרים היו להוציא מהחצר למבואות של עיר דלענין שיתופי מבואות כל בני החצר כחדא חשיבי היכא שעירבו וכנ\"ל:", 
            "links": [], 
            "text": ""
        }, 
        {
            "segmentNumber": "20", 
            "he": "(כ) שהיא מוקפת חומה - דעי\"ז אינה צריכה עוד שום תיקון וה\"ה אם אינה מוקפת חומה ועשויה בתיקון מבואות כדין:", 
            "links": [], 
            "text": ""
        }, 
        {
            "segmentNumber": "21", 
            "he": "(כא) ונתאכסנו בחצר אחרת - וה\"ה ששייך דין זה אם מתאכסן באותו חצר שישראל דר שם וגם עכו\"ם דר שם ולענין לטלטולי באותו חצר עצמה דמותרים שניהם אף בלי עירוב ובלי שכירות רשות מן העכו\"ם מהאי טעמא:", 
            "links": [], 
            "text": ""
        }, 
        {
            "segmentNumber": "22", 
            "he": "(כב) אינם אוסרים וכו' - ור\"ל דאף דקי\"ל שאם שני ישראלים דרים בעיר ויש שם גם עכו\"ם הדר בעיר אינו מועיל שום תיקון לטלטל כ\"ז שלא שכרו ממנו רשותו הכא דאינם אלא אורחים בטילי לגבי ישראל הקבוע באותו העיר וא\"כ אין כאן אלא ישראל אחד:", 
            "links": [], 
            "text": ""
        }, 
        {
            "segmentNumber": "23", 
            "he": "(כג) ומותרים לטלטל וכו' - ר\"ל דגם האורחים בעצמן מותרין לטלטל בכל העיר. ודעת מ\"א דאף דאורחים אינם אוסרים על בעה\"ב הקבוע שם אבל בעה\"ב אוסר על האורחים שלא להוציא מבתיהם להעיר ואנן נקטינן כדעת השו\"ע שגם הם מותרים וכמו שכתבנו לעיל בסי' ש\"ע בשם אחרונים:", 
            "links": [], 
            "text": ""
        }, 
        {
            "segmentNumber": "24", 
            "he": "(כד) בכל העיר - וכ\"ש שמותרים לטלטל בחצר שמתאכסנים ואינם אוסרים זה ע\"ז וג\"כ מהאי טעמא דנטפלים לגבי בעה\"ב הקבוע ונראה דדוקא כשהעיר מוקפת חומה או שעשויה בתיקון עירובין כדין דחשיבי כולהו כחצר אחת דאל\"ה לא בטילי לגבי ישראל שדר בחצר אחרת ואוסרים זה ע\"ז לטלטל בחצרם. ודע דהא דאמרינן דאורח אינו אוסר יש אומרים דדוקא בשאינו רגיל להתאכסן שם אבל אם רגיל להתאכסן שם כמו שמצוי בירידין שרגילין לבוא שם תמיד חשוב כקביעות ואוסר מיד כשבא שמה [וכמו לענין עכו\"ם בסי' שפ\"ד] ויש מקילין גם בזה כל זמן שיש עליו שם אורח דהיינו עד שלשים יום:\n", 
            "links": [], 
            "text": ""
        }
    ], 
    "book": "Mishnah Berurah", 
    "prev": "Mishnah Berurah 390", 
    "textDepth": 2, 
    "sectionNames": [
        "Siman", 
        "Seif Katan"
    ], 
    "sections": [
        391
    ], 
    "isComplex": false, 
    "titleVariants": [
        "Mishneh Brurah", 
        "Mishna Berura", 
        "Mishnah Berurah", 
        "Mishna Brurah"
    ], 
    "categories": [
        "Halakhah"
    ], 
    "ref": "Mishnah Berurah 391", 
    "type": "Halakhah", 
    "addressTypes": [
        "Integer", 
        "Integer"
    ], 
    "indexTitle": "Mishnah Berurah", 
    "heIndexTitle": "משנה ברורה", 
    "alts": [], 
    "order": ""
}