{
    "heTitleVariants": [
        "משנה ברורה"
    ], 
    "heTitle": "משנה ברורה", 
    "heRef": "משנה ברורה קנ״ז", 
    "toSections": [
        157
    ], 
    "sectionRef": "Mishnah Berurah 157", 
    "next": "Mishnah Berurah 158", 
    "content": [
        {
            "segmentNumber": "1", 
            "he": "(א) כשיגיע שעה וכו' - היינו לכל אדם אבל פועלים אמרינן בגמ' דזמן סעודתן הוא בשעה חמישית:", 
            "links": [], 
            "text": ""
        }, 
        {
            "segmentNumber": "2", 
            "he": "(ב) רביעית - כשקם בעמוד השחר חשבינן השעות מתחלת היום וכשקם ממטתו אח\"כ חשבינן הזמן מעת שקם ממטתו [מ\"א]:", 
            "links": [], 
            "text": ""
        }, 
        {
            "segmentNumber": "3", 
            "he": "(ג) עד שעה ו' - היינו תחלת שעה ו' ולא יאחר יותר עכ\"פ מסוף שעה ו' [אחרונים] והאי שעה רביעית ושעה ששית ר\"ל זמניות הן:", 
            "links": [], 
            "text": ""
        }, 
        {
            "segmentNumber": "4", 
            "he": "(ד) אבן לחמת - כגון חמת יין שחסר ועי\"ז נפגם וזורק לתוכו אבן שיתמלא וזה לא מעלה ולא מוריד דהיין גופא לא נתרבה עי\"ז וטוב היה שימלאהו יין כך בזו האכילה לא יתוסף לו כח עי\"ז. טוב שישים אכילתו ביום קלה מבלילה. ויאכל ב\"פ ביום אם חלש לבו ואל ימלא כריסו בפעם אחת ויתנהג ע\"פ מה שכתוב בענין המן בערב בשר לאכול ולחם בבקר לשבוע [אחרונים]. איתא בזוהר פרשת בשלח לא ליבעי אינש לבשלא מזונא מן יומא ליומא אוחרי ולא לעכב מזונא מן יומא ליומא אוחרי (והטעם כדי שיבקש בכל יום על מזונותיו וישתכחו על ידו ברכאן בכל יומא ויומא לעילא עי\"ש). טוב שיפנה קודם סעודתו:", 
            "links": [], 
            "text": ""
        }, 
        {
            "segmentNumber": "5", 
            "he": "(ה) אם לא טעם מידי בצפרא - אבל אם טעם מידי לא הוי כזורק אבן לחמת ומ\"מ לכתחלה נראה דנכון לקבוע סעודה בששית אף אם טעם מידי בצפרא דהא דרכן היה לאכול פת שחרית קצת וכדאמרינן בגמרא [סוכה כו] כד טעם בר בי רב ועייל לכלה ואפ\"ה משמע בשבת דף י' דזמן סעודה הוא עד שעה ששית ובע\"כ כמש\"כ:\n", 
            "links": [], 
            "text": ""
        }
    ], 
    "book": "Mishnah Berurah", 
    "prev": "Mishnah Berurah 156", 
    "textDepth": 2, 
    "sectionNames": [
        "Siman", 
        "Seif Katan"
    ], 
    "sections": [
        157
    ], 
    "isComplex": false, 
    "titleVariants": [
        "Mishneh Brurah", 
        "Mishna Berura", 
        "Mishnah Berurah", 
        "Mishna Brurah"
    ], 
    "categories": [
        "Halakhah"
    ], 
    "ref": "Mishnah Berurah 157", 
    "type": "Halakhah", 
    "addressTypes": [
        "Integer", 
        "Integer"
    ], 
    "indexTitle": "Mishnah Berurah", 
    "heIndexTitle": "משנה ברורה", 
    "alts": [], 
    "order": ""
}