{
    "content": [
        {
            "segmentNumber": "1", 
            "he": "(א) אין מקדשין - אפילו אין לו יין אחר ואפילו בדיעבד אם קידש משמע מדברי הרמב\"ן שהובא בב\"י דלא יצא ועיין בבה\"ל. ואם מותר להבדיל על היין כזה עיין בחדושי רע\"א שמסתפק בזה ול\"נ פשוט הדבר לאיסור כיון שהטעם הוא משום הקריבהו נא לפחתך אח\"כ מצאתי בברכי יוסף שכ\"כ בשם ספר בית יהודה. ופשוט דה\"ה על השכר שריחו רע אין מקדשין:"
        }, 
        {
            "segmentNumber": "2", 
            "he": "(ב) שריחו רע - היינו שמסריח קצת מחמת שמונח בכלי מאוס ואף דמברכין עליו בפה\"ג אפ\"ה לקדש אסור משום הקריבהו נא לפחתך וגו':"
        }, 
        {
            "segmentNumber": "3", 
            "he": "(ג) דלא קפדינן אגילוי - משום שאין מצויין אצלנו נחשים אפ\"ה אסור משום הקריבהו נא לפחתך מיהו אם עמד שעה מועטת מגולה אין להקפיד האידנא כ\"ז שלא נמר טעמו וריחו וכתב הח\"א דדוקא במקום שהיין ביוקר דלא קפדי כולי האי בגילוי מועט אבל המקדש על השכר יהיה זהיר בזה ונראה דבאין לו אחר אין להקפיד בדיעבד גם בשכר כמו ביין:"
        }, 
        {
            "segmentNumber": "4", 
            "he": "(ד) וטעמיה חלא - דבתר טעמא אזלינן וכחלא דמי ולכך לקמן בס\"ג בטעמיה חמרא מקדשין עליו אע\"ג דריחו חלא וטעמי' חלא נקרא כל שבני אדם נמנעין לשתותו משום חמצותו וכמ\"ש סימן ר\"ד ס\"ד וכתבו האחרונים דלחנם העתיק הרמ\"א דין זה דגם בפה\"ג אין מברכין עליו כדאיתא שם וכ\"ש שאין מקדשין:"
        }, 
        {
            "segmentNumber": "5", 
            "he": "(ה) יין מגתו - ומ\"מ מצוה מן המובחר ביין ישן והיינו כשכבר עבר עליו מ' יום:"
        }, 
        {
            "segmentNumber": "6", 
            "he": "(ו) וסוחט אדם - בזה אשמועינן רבותא טפי אף שהוא חדש לגמרי שזה מקרוב שסחטו קודם השבת אפ\"ה מותר לקדש עליו:"
        }, 
        {
            "segmentNumber": "7", 
            "he": "(ז) קמחין - היינו נקודות לבנות אבל אם יש עליו קרום לבן אין מקדשין עליו וכ' הא\"ר דכשהסיר הקרום אין להחמיר:"
        }, 
        {
            "segmentNumber": "8", 
            "he": "(ח) מתוק - מדסתם משמע בין שנתבשלו הענבין בחמה יותר מדאי ועי\"ז היין מתוק מאד ובין שהיין מתוק מאד מחמת הפירות עצמן שהיין הזה הוא גרוע ופסול לנסכים ואפ\"ה כשר לקידוש ועיין בה\"ל:"
        }, 
        {
            "segmentNumber": "9", 
            "he": "(ט) ומ\"מ מצוה וכו' - היינו אף דמקדשין אכל הני אף לכתחלה מ\"מ מצוה מן המובחר לברור יין טוב וע\"כ טוב שלא יקח מסתם יין שבמרתף לקידוש עד שיראה מתחלה אם אינו מקולקל:"
        }, 
        {
            "segmentNumber": "10", 
            "he": "(י) על יין לבן וכו' - ולכו\"ע מצוה לכתחלה לחזר אחר יין אדום אלא דאם אין לו אדום או שאינו משובח ס\"ל לדעה זו דמותר לכתחלה לקדש על לבן:"
        }, 
        {
            "segmentNumber": "11", 
            "he": "(יא) אבל מבדילין עליו - אם הוא חמר מדינה שם שהכל שותין אותו והטעם דלא גרע משכר דקי\"ל לקמן בסימן רצ\"ו ס\"ב דמבדילין עליו אם הוא חמר מדינה וה\"ה דמטעם זה מותר לקדש עליו בשחרית לכו\"ע לפי מה שכתבו האחרונים לקמן בס\"ט דבשחרית נוהגין להקל לקדש על כל משקה שהוא חמר מדינה:"
        }, 
        {
            "segmentNumber": "12", 
            "he": "(יב) כסברא ראשונה - ובא\"ר משמע דביין שהוא לבן יותר מדאי נכון לחוש לדעת הרמב\"ן שלא לקדש עליו אלא בשעת הדחק שאין לו אדום:"
        }, 
        {
            "segmentNumber": "13", 
            "he": "(יג) יותר טוב למזגו - היינו שהוא מצוה מן המובחר:"
        }, 
        {
            "segmentNumber": "14", 
            "he": "(יד) כראוי - היינו שלא יחלישנו יותר מדאי. והמברכין על היין שאין בו אלא מתיקות בעלמא וטעמו כמים מברכים לבטלה ואינם יוצאין ידי קידוש [ח\"א] ועיין מה שכתבנו לקמיה:"
        }, 
        {
            "segmentNumber": "15", 
            "he": "(טו) יין צמוקים - היינו שנעשה היין מענבים שנצטמקו בין שנצטמקו מחמה או ע\"י תולדות האור אף דלענין נסכים אין מביאין מהן לכתחלה מ\"מ לקידוש כשר. ואופן עשייתן הוא שלוקח הצמוקין וכותשן ונותנין עליהם מים ותוסס אז נקרא יין אחר שנשתהו ג' ימים:"
        }, 
        {
            "segmentNumber": "16", 
            "he": "(טז) מקדשין עליו - כתב בספר בכור שור דלפי מה שמבואר לעיל בסימן ר\"ד ס\"ה בהג\"ה דאחד מששה יין במים ודאי בטל ואין מברכין עליו בפה\"ג אף בכאן צריך ליזהר ליתן צמוקים כ\"כ במים עד שיהיו הצמוקים מעט יותר מאחד מששה נגד המים דאל\"ה תהיה הברכה לבטלה דלא עדיף מאלו היו כל הצמוקים יין [וכתב דמשערינן את גודל הצמוקים כמו שנתהוו אחר שנפחו ע\"י המים ולא כשעת נתינתן במים אבל ביד אפרים בסימן ר\"ד מפקפק עליו בזה וכן בדרך החיים חולק עליו בפשיטות בזה וסובר דמשערינן הצמוקין כפי עת נתינתן למים ולא כפי נפיחתן אח\"כ דנפיחתן הוא רק ע\"י המים שנכנסו בם] והנה יש פוסקים שסוברים דכ\"ז שיש בו טעם יין יין מקרי [עיין ביו\"ד סימן קכ\"ג ס\"ח בהג\"ה] מ\"מ כל י\"ש יזהר בזה דכבר נפסק ביו\"ד סימן קל\"ד ס\"ה ולעיל בסימן ר\"ד ס\"ה בהג\"ה דבטלו באחד מששה במים וסתם יין שלנו יש בו בודאי שיעור הזה ויוכל לקדש עליו ועיין בבה\"ל מה שכתבנו בשם תשו' משכנות יעקב:"
        }, 
        {
            "segmentNumber": "17", 
            "he": "(יז) לחלוחית קצת - ר\"ל שאם אינו יוצא מהם שום לחלוחית אף אם ידרכום ברגל או יעצרום בקורה אלא ע\"י שריה בלבד אין מקדשין עליו ואפילו בורא פה\"ג אין מברכין עליו:"
        }, 
        {
            "segmentNumber": "18", 
            "he": "(יח) וע\"ל סימן ר\"ד - דשם מבואר איזה שמרי יין וחרצנים שמברכין עליהן:"
        }, 
        {
            "segmentNumber": "19", 
            "he": "(יט) על יין מבושל וכו' - ס\"ל דע\"י כל זה אין משתנה היין לגריעותא והי\"א ס\"ל דמשתנה לגריעותא ואפילו בפה\"ג אין מברכין עליהם אלא שהכל:"
        }, 
        {
            "segmentNumber": "20", 
            "he": "(כ) שיש בו דבש - כעין קונדיטון שנעשה מיין ודבש ופלפלין ואפילו אם נשתנה טעמיה וריחיה עי\"ז:"
        }, 
        {
            "segmentNumber": "21", 
            "he": "(כא) שאין מקדשין עליהן - אפילו אם נתן בו דבש כל שהוא [רמב\"ם] ואותן האנשים שמשימין מי דבש ביין למתק או משימין שם צוקער יש להחמיר לפי דבריו [פמ\"ג]:"
        }, 
        {
            "segmentNumber": "22", 
            "he": "(כב) לקדש עליו - וע\"כ מותר לבשל הצמוקין ולסנן היין ולקדש עליו [ח\"א] ויש מחמירין דלא נקרא יין עד שיהיה תוסס ג' ימים אחר בישול הצמוקין [ספר החיים]:"
        }, 
        {
            "segmentNumber": "23", 
            "he": "(כג) שאינו טוב וכו' - דאם הם שוין יש לחוש לדעת היש אומרים שמחמירין בזה שלא לקדש ולענין ברכה כבר נפסק לעיל בפשיטות בסימן ר\"ב ס\"א דמברכין עליו בפה\"ג:"
        }, 
        {
            "segmentNumber": "24", 
            "he": "(כד) שמקדשין על שכר - ודוקא במקום דהוי חמר מדינה דהיינו שאין יין מצוי בכל העיר בשנה הזו ועיקר שתייתן הוא משכר ושאר משקין ואם יש שם יין אלא שהוא ביוקר מקרי מצוי ואם אין יין ישראל מצוי אע\"פ שיין א\"י מצוי לא מקרי מצוי עי\"ז:"
        }, 
        {
            "segmentNumber": "25", 
            "he": "(כה) ושאר משקין - וחלב ושמן אין בכלל זה דהא אינו חמר מדינה דאין רגילין לשתותו למשקה ומ\"ש חוץ מן המים ר\"ל אף אם שתיית כל המקום ההוא הוא רק מים אפ\"ה אין דינו לקרותו חמר מדינה עי\"ז ואודות יין שרוף עיין לקמיה:"
        }, 
        {
            "segmentNumber": "26", 
            "he": "(כו) חוץ מן המים - עיין לקמן בסימן רצ\"ו ס\"ב במש\"כ שם במ\"ב:"
        }, 
        {
            "segmentNumber": "27", 
            "he": "(כז) ולהרא\"ש וכו' - גם הרא\"ש ס\"ל כהי\"א הראשון אלא דכיון שהפת בא לצורך סעודת שבת חשיב טפי משכר לקדש בו בלילה ולדינא יש ליזהר לכתחלה שלא לקדש בלילה על שום משקה חוץ מן היין או פת אם אין יין בעיר וכדלקמיה דהרבה גדולי הראשונים מחמירין שאינו יוצא בזה ידי קידוש וגם המחבר לא הכריע בזה להלכה:"
        }, 
        {
            "segmentNumber": "28", 
            "he": "(כח) על הפת - ומניח ידיו עליו עד גמר הקידוש כמ\"ש סי' תפ\"ג והטעם דכמו שצריך לאחוז בידו הכוס של קידוש כך צריך לאחוז הפת בידו כשמקדש על הפת:"
        }, 
        {
            "segmentNumber": "29", 
            "he": "(כט) טוב לקדש - היינו דבזה הוא יותר טוב מעל הפת כמו שמפרש הטעם אבל יין במקום שהוא מצוי ודאי יברך עליו אפילו ביום וכדמוכח בסימן רפ\"ט ס\"ב ומ\"מ במדינתנו שהיין ביוקר ורוב שתיית המדינה הוא משאר משקין לא נהגו אפילו הגדולים להדר אחר יין ביום שהקידוש שלו הוא רק מדרבנן לכו\"ע וסומכין עצמן על דברי המקילין בזה ומי שמברך גם ביום על היין ודאי עושה מצוה מן המובחר:"
        }, 
        {
            "segmentNumber": "30", 
            "he": "(ל) על השכר - ואם חביב לו יין שרוף יכול לקדש עליו ביום לכתחלה במדינתנו שהוא חמר מדינה אך שיזהר ליקח כוס מחזיק רביעית ולשתות ממנו מלא לוגמיו שהוא רוב רביעית ובדיעבד או בשעת הדחק שאין יכול לשתות כמלא לוגמיו ואין לו יין ושאר משקין אפילו שתיית כל המסובין מצטרפין למלא לוגמיו וכדלעיל סימן רע\"א סי\"ד. ולענין מי דבש ושאר משקים עיין במה שכתבנו לקמן בסימן רצ\"ו במ\"ב:"
        }, 
        {
            "segmentNumber": "31", 
            "he": "(לא) שהכל - ובזו הברכה שהוא מוסיף קודם הסעודה הוא היכר שהוא לכבוד השבת משא\"כ אם יברך על הפת אין כאן היכר כלל שהרי בבוקר אין אומרים נוסח הקידוש:"
        }, 
        {
            "segmentNumber": "32", 
            "he": "(לב) לא יקדש על הפת - כדי לחוש לדעת ר\"ת שסובר דאין מקדשין על הפת כלל [מ\"א]. ודע דאפילו להרא\"ש ויתר הפוסקים דנקטינן כוותייהו דמותר לקדש על הפת ג\"כ מודו דבמקום שיש יין בעיר אין מקדשין על הפת דעיקר מצוה הוא על היין אך דלדידהו אם הפת חביב לו יותר מיין אז מותר לקדש על הפת אפילו יש לו יין וכן פסק בדה\"ח ואפשר שע\"ז סומכין העולם להקל בזה:"
        }, 
        {
            "segmentNumber": "33", 
            "he": "(לג) יכול לקדש עליו וכו' - ובמ\"א הכריע דאסור בזה לקדש ע\"מ שישתו אחרים כיין שהם יודעים לברך בעצמן בפה\"ג וכדמוכח לקמן סימן רע\"ג ס\"ד אלא הם יקדשו בעצמן והוא יקדש על הפת:"
        }, 
        {
            "segmentNumber": "34", 
            "he": "(לד) או ישמע קידוש מאחרים - ר\"ל ילך אצל מסובין אחרים שמקדשין לעצמן:"
        }, 
        {
            "segmentNumber": "35", 
            "he": "(לה) פוטרת - דכיון שהוא במקום הסעודה צרכי סעודה הוא ומחמתה הוא בא:"
        }, 
        {
            "segmentNumber": "36", 
            "he": "(לו) שבתוך הסעודה - מברכת בפה\"ג וה\"ה שפוטרת יין שלאחר הסעודה קודם בהמ\"ז:"
        }, 
        {
            "segmentNumber": "37", 
            "he": "(לז) דברכת המזון פוטרתו - דכוס של קידוש הוא ג\"כ בכלל דברים הבאים מחמת הסעודה:"
        }, 
        {
            "segmentNumber": "38", 
            "he": "(לח) ועיין לעיל סימן קע\"ד - היינו דשם מבואר דאפילו לא היה לו יין כלל בתוך המזון ג\"כ פוטר הבהמ\"ז לכוס של קידוש:"
        }
    ], 
    "heTitle": "משנה ברורה", 
    "indexTitle": "Mishnah Berurah", 
    "sectionRef": "Mishnah Berurah 272", 
    "prev": "Mishnah Berurah 271", 
    "ref": "Mishnah Berurah 272", 
    "heRef": "משנה ברורה ער״ב", 
    "next": "Mishnah Berurah 273"
}