{
    "sections": {
        "Ikar Tosafot Yom Tov on Mishnah Eruvin 8:11": {
            "content": [
                {
                    "segmentNumber": "1", 
                    "links": [
                        {
                            "category": "Mishnah", 
                            "index_title": "Mishnah Eruvin", 
                            "sourceHeRef": "משנה עירובין ח׳:י״א", 
                            "sourceRef": "Mishnah Eruvin 8:11"
                        }, 
                        {
                            "category": "Commentary", 
                            "index_title": "Bartenura on Mishnah Eruvin", 
                            "sourceHeRef": "ברטנורא על משנה עירובין ח׳:י״א:ג׳", 
                            "sourceRef": "Bartenura on Mishnah Eruvin 8:11:3"
                        }
                    ], 
                    "he": "כי יחוש על קלקול הדיוטא ולא ישפכם בדיוטא שיתגלגלו וירדו לעוקת חברו אלא יוציאם עם הכלי כו' וכתבו התוספ' וא''ת כי לא ערבו תרווייהו ליתסרו וי''ל דאינם שופכין לתוך העוקה ממש אלא על הדיוטא והם יורדים לעוקה הסמוכה לה. ועתוי''ט:"
                }
            ], 
            "heTitle": "עיקר תוספות יום טוב על משנה עירובין", 
            "indexTitle": "Ikar Tosafot Yom Tov on Mishnah Eruvin", 
            "sectionRef": "Ikar Tosafot Yom Tov on Mishnah Eruvin 8:11", 
            "prev": "Ikar Tosafot Yom Tov on Mishnah Eruvin 8:10", 
            "ref": "Ikar Tosafot Yom Tov on Mishnah Eruvin 8:11", 
            "heRef": "עיקר תוספות יום טוב על משנה עירובין ח׳:י״א", 
            "next": "Ikar Tosafot Yom Tov on Mishnah Eruvin 9:1"
        }, 
        "Ikar Tosafot Yom Tov on Mishnah Eruvin 8:1": {
            "content": [
                {
                    "segmentNumber": "1", 
                    "links": [
                        {
                            "category": "Mishnah", 
                            "index_title": "Mishnah Eruvin", 
                            "sourceHeRef": "משנה עירובין ח׳:א׳", 
                            "sourceRef": "Mishnah Eruvin 8:1"
                        }
                    ], 
                    "he": "מניח. ואי משלו כדמשמע צריך לזכות על ידי אחר כדתנן פ''ז מ''ו:"
                }, 
                {
                    "segmentNumber": "2", 
                    "links": [
                        {
                            "category": "Mishnah", 
                            "index_title": "Mishnah Eruvin", 
                            "sourceHeRef": "משנה עירובין ח׳:א׳", 
                            "sourceRef": "Mishnah Eruvin 8:1"
                        }, 
                        {
                            "category": "Commentary", 
                            "index_title": "Bartenura on Mishnah Eruvin", 
                            "sourceHeRef": "ברטנורא על משנה עירובין ח׳:א׳:א׳", 
                            "sourceRef": "Bartenura on Mishnah Eruvin 8:1:1"
                        }
                    ], 
                    "he": "ולבית המשתה היינו משתה דחתן וכלה:"
                }, 
                {
                    "segmentNumber": "3", 
                    "links": [
                        {
                            "category": "Mishnah", 
                            "index_title": "Mishnah Eruvin", 
                            "sourceHeRef": "משנה עירובין ח׳:א׳", 
                            "sourceRef": "Mishnah Eruvin 8:1"
                        }, 
                        {
                            "category": "Commentary", 
                            "index_title": "Bartenura on Mishnah Eruvin", 
                            "sourceHeRef": "ברטנורא על משנה עירובין ח׳:א׳:א׳", 
                            "sourceRef": "Bartenura on Mishnah Eruvin 8:1:1"
                        }
                    ], 
                    "he": "לישנא דגמרא. ומדקאמר אין מערבין שמע מינה דקפדינן שלא לערב. והטעם דכשמערב חייב לברך כו' והלכך אין מערבין כדי שלא לברך ברכה לבטלה. ולפרש''י לא התירו חכמים לצאת חוץ לתחום ע''י עירוב אלא לדבר מצוה. ועתוי''ט:"
                }, 
                {
                    "segmentNumber": "4", 
                    "links": [
                        {
                            "category": "Mishnah", 
                            "index_title": "Mishnah Eruvin", 
                            "sourceHeRef": "משנה עירובין ח׳:א׳", 
                            "sourceRef": "Mishnah Eruvin 8:1"
                        }, 
                        {
                            "category": "Commentary", 
                            "index_title": "Bartenura on Mishnah Eruvin", 
                            "sourceHeRef": "ברטנורא על משנה עירובין ח׳:א׳:ג׳", 
                            "sourceRef": "Bartenura on Mishnah Eruvin 8:1:3"
                        }
                    ], 
                    "he": "הכי מפרשה בגמרא משום דקיי''ל יש ברירה בתחומין לפי שהן דרבנן וכדאיתא במ''ה פ''ג והלכך כשהודיעוהו כשקבל משתחשך אמרינן הוברר למפרע אבל אם לא הודיעוהו מאי ברירה איכא הא לא ידע דאיכא ערוב דדעתיה עלויה:"
                }
            ], 
            "heTitle": "עיקר תוספות יום טוב על משנה עירובין", 
            "indexTitle": "Ikar Tosafot Yom Tov on Mishnah Eruvin", 
            "sectionRef": "Ikar Tosafot Yom Tov on Mishnah Eruvin 8:1", 
            "prev": "Ikar Tosafot Yom Tov on Mishnah Eruvin 7:11", 
            "ref": "Ikar Tosafot Yom Tov on Mishnah Eruvin 8:1", 
            "heRef": "עיקר תוספות יום טוב על משנה עירובין ח׳:א׳", 
            "next": "Ikar Tosafot Yom Tov on Mishnah Eruvin 8:2"
        }, 
        "Ikar Tosafot Yom Tov on Mishnah Eruvin 8:3": {
            "content": [
                {
                    "segmentNumber": "1", 
                    "links": [
                        {
                            "category": "Mishnah", 
                            "index_title": "Mishnah Eruvin", 
                            "sourceHeRef": "משנה עירובין ח׳:ג׳", 
                            "sourceRef": "Mishnah Eruvin 8:3"
                        }, 
                        {
                            "category": "Commentary", 
                            "index_title": "Bartenura on Mishnah Eruvin", 
                            "sourceHeRef": "ברטנורא על משנה עירובין ח׳:ג׳:א׳", 
                            "sourceRef": "Bartenura on Mishnah Eruvin 8:3:1"
                        }
                    ], 
                    "he": "והדר התנה בדבור כל שגבוה כו' שלא תהא המרפסת גבוה י' מן העמוד. ויפרש באחד מב' פנים. או שר''ל שהעליות הפתוחות למרפסת אינן גבוהים י' והוי שריותא דלאותו גובה לכל בני העליות או שזה שכתב שפתחי העליות כו' לאו למימרא שום שריותא לעליות. אלא פרושא קא מפרש למרפסת מה היא ולעולם העליות גבוהות הרבה יותר מי''ט מן העמוד כו' ושריותא דמתניתין לבני מרפסת עצמן ר''ל לאותן הדרים במרפסת כגון שהמרפסת עצמה מוקפת בבנין ודרין בה ופירוש הב' עולה יותר ע''פ שיטת הגמ':"
                }, 
                {
                    "segmentNumber": "2", 
                    "links": [
                        {
                            "category": "Mishnah", 
                            "index_title": "Mishnah Eruvin", 
                            "sourceHeRef": "משנה עירובין ח׳:ג׳", 
                            "sourceRef": "Mishnah Eruvin 8:3"
                        }
                    ], 
                    "he": "ששכחו. מהלשון משמע שעסקו בעירוב שערבו כל אחד בפני עצמו אלא ששכחו לערב ביחד. ועתוי''ט:"
                }, 
                {
                    "segmentNumber": "3", 
                    "links": [
                        {
                            "category": "Mishnah", 
                            "index_title": "Mishnah Eruvin", 
                            "sourceHeRef": "משנה עירובין ח׳:ג׳", 
                            "sourceRef": "Mishnah Eruvin 8:3"
                        }
                    ], 
                    "he": "לחצר וה''ה אם המרפסת גבוה י''ט מהעמוד דהשתא נמי לא ניחא תשמישתם דבני מרפסת:"
                }, 
                {
                    "segmentNumber": "4", 
                    "links": [
                        {
                            "category": "Mishnah", 
                            "index_title": "Mishnah Eruvin", 
                            "sourceHeRef": "משנה עירובין ח׳:ג׳", 
                            "sourceRef": "Mishnah Eruvin 8:3"
                        }, 
                        {
                            "category": "Commentary", 
                            "index_title": "Bartenura on Mishnah Eruvin", 
                            "sourceHeRef": "ברטנורא על משנה עירובין ח׳:ג׳:ד׳", 
                            "sourceRef": "Bartenura on Mishnah Eruvin 8:3:4"
                        }
                    ], 
                    "he": "בגמרא. וטעמא כיון דלשניהם תשמישן קשה ואין לזה נחת מזה הילכך שניהם אסורים. והא דאסורים פירש הר''מ דהיינו לענין כלים ששבתו בבית דלענין כלים ששבתו בחצר אפילו לא עירבו כלל מותר לטלטל והרי הם בכלל גגות וחצירות דריש פרקין דלקמן דהא הכל רשות אחד:"
                }, 
                {
                    "segmentNumber": "5", 
                    "links": [
                        {
                            "category": "Mishnah", 
                            "index_title": "Mishnah Eruvin", 
                            "sourceHeRef": "משנה עירובין ח׳:ג׳", 
                            "sourceRef": "Mishnah Eruvin 8:3"
                        }, 
                        {
                            "category": "Commentary", 
                            "index_title": "Bartenura on Mishnah Eruvin", 
                            "sourceHeRef": "ברטנורא על משנה עירובין ח׳:ג׳:ה׳", 
                            "sourceRef": "Bartenura on Mishnah Eruvin 8:3:5"
                        }
                    ], 
                    "he": "דאי לאו הכי אלא בבור שדולין מים אפשר דחסר בשבת. ובגמרא צריכא. דאי אשמעינן סלע דליכא למגזר אבל בור ליגזור זמנין דמלייה פירות הראויין לטלטל בשבת צריכא. ועתוי''ט:"
                }, 
                {
                    "segmentNumber": "6", 
                    "links": [
                        {
                            "category": "Mishnah", 
                            "index_title": "Mishnah Eruvin", 
                            "sourceHeRef": "משנה עירובין ח׳:ג׳", 
                            "sourceRef": "Mishnah Eruvin 8:3"
                        }
                    ], 
                    "he": "בר''א. ארישא נמי קאי כל שגבוה כו' דמאי שנא. וק''ק למה לא תני כל שגבוה י''ט כגון חוליות כו':"
                }
            ], 
            "heTitle": "עיקר תוספות יום טוב על משנה עירובין", 
            "indexTitle": "Ikar Tosafot Yom Tov on Mishnah Eruvin", 
            "sectionRef": "Ikar Tosafot Yom Tov on Mishnah Eruvin 8:3", 
            "prev": "Ikar Tosafot Yom Tov on Mishnah Eruvin 8:2", 
            "ref": "Ikar Tosafot Yom Tov on Mishnah Eruvin 8:3", 
            "heRef": "עיקר תוספות יום טוב על משנה עירובין ח׳:ג׳", 
            "next": "Ikar Tosafot Yom Tov on Mishnah Eruvin 8:4"
        }, 
        "Ikar Tosafot Yom Tov on Mishnah Eruvin 8:2": {
            "content": [
                {
                    "segmentNumber": "1", 
                    "links": [
                        {
                            "category": "Mishnah", 
                            "index_title": "Mishnah Eruvin", 
                            "sourceHeRef": "משנה עירובין ח׳:ב׳", 
                            "sourceRef": "Mishnah Eruvin 8:2"
                        }, 
                        {
                            "category": "Commentary", 
                            "index_title": "Bartenura on Mishnah Eruvin", 
                            "sourceHeRef": "ברטנורא על משנה עירובין ח׳:ב׳:א׳", 
                            "sourceRef": "Bartenura on Mishnah Eruvin 8:2:1"
                        }
                    ], 
                    "he": "וא''ת דבמ''ב פי''ו דשבת משמע בהדיא דחייב בשלש סעודות ומסייע להפוסקים דיוצאים בסעודה הג' במיני תרגימא. ולהסוברים דבעינן נמי פת י''ל מ''מ אכילת אדם דבר יום ביומו אינה אלא ב' סעודות ולא אמרו להחמיר אלא להקל כדאיתא לקמן:"
                }, 
                {
                    "segmentNumber": "2", 
                    "links": [
                        {
                            "category": "Mishnah", 
                            "index_title": "Mishnah Eruvin", 
                            "sourceHeRef": "משנה עירובין ח׳:ב׳", 
                            "sourceRef": "Mishnah Eruvin 8:2"
                        }, 
                        {
                            "category": "Commentary", 
                            "index_title": "Bartenura on Mishnah Eruvin", 
                            "sourceHeRef": "ברטנורא על משנה עירובין ח׳:ב׳:ב׳", 
                            "sourceRef": "Bartenura on Mishnah Eruvin 8:2:2"
                        }
                    ], 
                    "he": "ואע''ג דבשאר יומי כי אכיל ביום סעודת שחרית אוכל לערב סעודת ערבית. בשבת שאני שצריך שיאכל השלישית מבע''י ולפיכך ממעט בשל שחרית. והרי''כ מפרש לפי שבשבת ממלא בטנו מתבשיל ומיני מתיקה וימעיט האכילה:"
                }, 
                {
                    "segmentNumber": "3", 
                    "links": [
                        {
                            "category": "Mishnah", 
                            "index_title": "Mishnah Eruvin", 
                            "sourceHeRef": "משנה עירובין ח׳:ב׳", 
                            "sourceRef": "Mishnah Eruvin 8:2"
                        }
                    ], 
                    "he": "מככר אע''פ שערובי תחומין ביין כדקתני מניח את החבית וסיים בפת ונ''ל דל''ת בפת שהוא חשיב לא הוצרכו שיעור כ''כ קמ''ל ושעור שא''ד איתא בגמ' בפ' ב''מ:"
                }
            ], 
            "heTitle": "עיקר תוספות יום טוב על משנה עירובין", 
            "indexTitle": "Ikar Tosafot Yom Tov on Mishnah Eruvin", 
            "sectionRef": "Ikar Tosafot Yom Tov on Mishnah Eruvin 8:2", 
            "prev": "Ikar Tosafot Yom Tov on Mishnah Eruvin 8:1", 
            "ref": "Ikar Tosafot Yom Tov on Mishnah Eruvin 8:2", 
            "heRef": "עיקר תוספות יום טוב על משנה עירובין ח׳:ב׳", 
            "next": "Ikar Tosafot Yom Tov on Mishnah Eruvin 8:3"
        }, 
        "Ikar Tosafot Yom Tov on Mishnah Eruvin 8:5": {
            "content": [], 
            "heTitle": "עיקר תוספות יום טוב על משנה עירובין", 
            "indexTitle": "Ikar Tosafot Yom Tov on Mishnah Eruvin", 
            "sectionRef": "Ikar Tosafot Yom Tov on Mishnah Eruvin 8:5", 
            "prev": "Ikar Tosafot Yom Tov on Mishnah Eruvin 8:4", 
            "ref": "Ikar Tosafot Yom Tov on Mishnah Eruvin 8:5", 
            "heRef": "עיקר תוספות יום טוב על משנה עירובין ח׳:ה׳", 
            "next": "Ikar Tosafot Yom Tov on Mishnah Eruvin 8:7"
        }, 
        "Ikar Tosafot Yom Tov on Mishnah Eruvin 8:4": {
            "content": [
                {
                    "segmentNumber": "1", 
                    "links": [
                        {
                            "category": "Mishnah", 
                            "index_title": "Mishnah Eruvin", 
                            "sourceHeRef": "משנה עירובין ח׳:ד׳", 
                            "sourceRef": "Mishnah Eruvin 8:4"
                        }
                    ], 
                    "he": "בבית שער. כל בית שער בין דיחיד בין דרבים. ב''י:"
                }, 
                {
                    "segmentNumber": "2", 
                    "links": [
                        {
                            "category": "Mishnah", 
                            "index_title": "Mishnah Eruvin", 
                            "sourceHeRef": "משנה עירובין ח׳:ד׳", 
                            "sourceRef": "Mishnah Eruvin 8:4"
                        }
                    ], 
                    "he": "ומרפסת. צריכין לחלק בין מרפסת דהכא לדלעיל לפי פירוש השני שם. דהרי לעיל בעינן שבני המרפסת ערבו. אלא דלעיל מיירי בעשויה לדירה והכא שאינה עשויה לדירה אלא דבדרך עראי אירע שדר שם:"
                }, 
                {
                    "segmentNumber": "3", 
                    "links": [
                        {
                            "category": "Mishnah", 
                            "index_title": "Mishnah Eruvin", 
                            "sourceHeRef": "משנה עירובין ח׳:ד׳", 
                            "sourceRef": "Mishnah Eruvin 8:4"
                        }, 
                        {
                            "category": "Commentary", 
                            "index_title": "Bartenura on Mishnah Eruvin", 
                            "sourceHeRef": "ברטנורא על משנה עירובין ח׳:ד׳:ה׳", 
                            "sourceRef": "Bartenura on Mishnah Eruvin 8:4:5"
                        }
                    ], 
                    "he": "היינו כשמוליכין ערובן אצל אחרים וכדתנן פ''ו מ''ו. רי''כ:"
                }, 
                {
                    "segmentNumber": "4", 
                    "links": [
                        {
                            "category": "Mishnah", 
                            "index_title": "Mishnah Eruvin", 
                            "sourceHeRef": "משנה עירובין ח׳:ד׳", 
                            "sourceRef": "Mishnah Eruvin 8:4"
                        }, 
                        {
                            "category": "Commentary", 
                            "index_title": "Bartenura on Mishnah Eruvin", 
                            "sourceHeRef": "ברטנורא על משנה עירובין ח׳:ד׳:ה׳", 
                            "sourceRef": "Bartenura on Mishnah Eruvin 8:4:5"
                        }
                    ], 
                    "he": "וצ''ל דמחמת איסור שבת שאין כאן הלכך אי בעי כו' אבל לא שיהא רשאי מן הדין להשליכם לחוץ. שהרי מקום יש לו למשכיר להניח שם חפציו. וכ''כ הב''י דתרתי בעינן שיהיה כליו שם ושיהיה לו פינה מיוחדת. ועתוי''ט:"
                }
            ], 
            "heTitle": "עיקר תוספות יום טוב על משנה עירובין", 
            "indexTitle": "Ikar Tosafot Yom Tov on Mishnah Eruvin", 
            "sectionRef": "Ikar Tosafot Yom Tov on Mishnah Eruvin 8:4", 
            "prev": "Ikar Tosafot Yom Tov on Mishnah Eruvin 8:3", 
            "ref": "Ikar Tosafot Yom Tov on Mishnah Eruvin 8:4", 
            "heRef": "עיקר תוספות יום טוב על משנה עירובין ח׳:ד׳", 
            "next": "Ikar Tosafot Yom Tov on Mishnah Eruvin 8:7"
        }, 
        "Ikar Tosafot Yom Tov on Mishnah Eruvin 8:7": {
            "content": [
                {
                    "segmentNumber": "1", 
                    "links": [
                        {
                            "category": "Mishnah", 
                            "index_title": "Mishnah Eruvin", 
                            "sourceHeRef": "משנה עירובין ח׳:ז׳", 
                            "sourceRef": "Mishnah Eruvin 8:7"
                        }, 
                        {
                            "category": "Commentary", 
                            "index_title": "Bartenura on Mishnah Eruvin", 
                            "sourceHeRef": "ברטנורא על משנה עירובין ח׳:ז׳:א׳", 
                            "sourceRef": "Bartenura on Mishnah Eruvin 8:7:1"
                        }
                    ], 
                    "he": "כיון שבאה מכח כרמלית דזהו הנהר שנמשכת ממנו. הרי''כ:"
                }, 
                {
                    "segmentNumber": "2", 
                    "links": [
                        {
                            "category": "Mishnah", 
                            "index_title": "Mishnah Eruvin", 
                            "sourceHeRef": "משנה עירובין ח׳:ז׳", 
                            "sourceRef": "Mishnah Eruvin 8:7"
                        }
                    ], 
                    "he": "מעשה. אין זה מעשה לסתור דאמילתיה דלעיל קאי דלא בעי מחיצה לשם מים. תוספ':"
                }, 
                {
                    "segmentNumber": "3", 
                    "links": [
                        {
                            "category": "Mishnah", 
                            "index_title": "Mishnah Eruvin", 
                            "sourceHeRef": "משנה עירובין ח׳:ז׳", 
                            "sourceRef": "Mishnah Eruvin 8:7"
                        }, 
                        {
                            "category": "Commentary", 
                            "index_title": "Bartenura on Mishnah Eruvin", 
                            "sourceHeRef": "ברטנורא על משנה עירובין ח׳:ז׳:ד׳", 
                            "sourceRef": "Bartenura on Mishnah Eruvin 8:7:4"
                        }
                    ], 
                    "he": "שאם עוברת ברה''ר הויין רה''ר כדתנן בפי''א דשבת מ''ד רקק מים ורה''ר מהלכת בו חייב וכמה הוא רקק פחות מי''ט אלמא מים שאינן עמוקים י' אינן רשות לעצמן וכי הוו נמי בחצר הוו להו רה''י. רש''י ועתוי''ט:"
                }
            ], 
            "heTitle": "עיקר תוספות יום טוב על משנה עירובין", 
            "indexTitle": "Ikar Tosafot Yom Tov on Mishnah Eruvin", 
            "sectionRef": "Ikar Tosafot Yom Tov on Mishnah Eruvin 8:7", 
            "prev": "Ikar Tosafot Yom Tov on Mishnah Eruvin 8:4", 
            "ref": "Ikar Tosafot Yom Tov on Mishnah Eruvin 8:7", 
            "heRef": "עיקר תוספות יום טוב על משנה עירובין ח׳:ז׳", 
            "next": "Ikar Tosafot Yom Tov on Mishnah Eruvin 8:8"
        }, 
        "Ikar Tosafot Yom Tov on Mishnah Eruvin 8:6": {
            "content": [], 
            "heTitle": "עיקר תוספות יום טוב על משנה עירובין", 
            "indexTitle": "Ikar Tosafot Yom Tov on Mishnah Eruvin", 
            "sectionRef": "Ikar Tosafot Yom Tov on Mishnah Eruvin 8:6", 
            "prev": "Ikar Tosafot Yom Tov on Mishnah Eruvin 8:4", 
            "ref": "Ikar Tosafot Yom Tov on Mishnah Eruvin 8:6", 
            "heRef": "עיקר תוספות יום טוב על משנה עירובין ח׳:ו׳", 
            "next": "Ikar Tosafot Yom Tov on Mishnah Eruvin 8:7"
        }, 
        "Ikar Tosafot Yom Tov on Mishnah Eruvin 8:9": {
            "content": [
                {
                    "segmentNumber": "1", 
                    "links": [
                        {
                            "category": "Mishnah", 
                            "index_title": "Mishnah Eruvin", 
                            "sourceHeRef": "משנה עירובין ח׳:ט׳", 
                            "sourceRef": "Mishnah Eruvin 8:9"
                        }
                    ], 
                    "he": "מארבע אמות. לשון רש''י בגמרא. וארבע אמות דמתניתין באורך ורוחב משמע ומיהו אפילו שמונה על שתים, או על תמונה אחרת כל שיש בה לרבע ארבע על ארבע הרי יש מקום לבלוע ושרי כדאיתא בגמרא:"
                }, 
                {
                    "segmentNumber": "2", 
                    "links": [
                        {
                            "category": "Mishnah", 
                            "index_title": "Mishnah Eruvin", 
                            "sourceHeRef": "משנה עירובין ח׳:ט׳", 
                            "sourceRef": "Mishnah Eruvin 8:9"
                        }, 
                        {
                            "category": "Commentary", 
                            "index_title": "Bartenura on Mishnah Eruvin", 
                            "sourceHeRef": "ברטנורא על משנה עירובין ח׳:ט׳:א׳", 
                            "sourceRef": "Bartenura on Mishnah Eruvin 8:9:1"
                        }
                    ], 
                    "he": "כלומר וכיון דאין ראוין להבלע הלכך כי שפיך בחצר ידע שיצאו לחוץ וכי יוצאים מקיימה מחשבתו וגזרו על כחו ברה''ר דלמא אתו למשרי זריקה ברה''ר אבל כשנבלעים במקומן כי נמי נפקי לבר לא מקיימה מחשבתו:"
                }, 
                {
                    "segmentNumber": "3", 
                    "links": [
                        {
                            "category": "Mishnah", 
                            "index_title": "Mishnah Eruvin", 
                            "sourceHeRef": "משנה עירובין ח׳:ט׳", 
                            "sourceRef": "Mishnah Eruvin 8:9"
                        }
                    ], 
                    "he": "מחזקת סאתים. והוא שיעור חצי אמה על חצי אמה ברום ג' חומשי אמה. הר''מ:"
                }, 
                {
                    "segmentNumber": "4", 
                    "links": [
                        {
                            "category": "Mishnah", 
                            "index_title": "Mishnah Eruvin", 
                            "sourceHeRef": "משנה עירובין ח׳:ט׳", 
                            "sourceRef": "Mishnah Eruvin 8:9"
                        }, 
                        {
                            "category": "Commentary", 
                            "index_title": "Bartenura on Mishnah Eruvin", 
                            "sourceHeRef": "ברטנורא על משנה עירובין ח׳:ט׳:ג׳", 
                            "sourceRef": "Bartenura on Mishnah Eruvin 8:9:3"
                        }
                    ], 
                    "he": "גמרא. וכי מסתפק טפי מלתא דלא שכיחא הוא ולא גזרינן ביה. ב''י בשם הריטב''א. וכי מחזיק כך לעולם שרי בין הוא ריקן או יש בו ג''כ מהשופכים דמבע''י:"
                }, 
                {
                    "segmentNumber": "5", 
                    "links": [
                        {
                            "category": "Mishnah", 
                            "index_title": "Mishnah Eruvin", 
                            "sourceHeRef": "משנה עירובין ח׳:ט׳", 
                            "sourceRef": "Mishnah Eruvin 8:9"
                        }, 
                        {
                            "category": "Commentary", 
                            "index_title": "Bartenura on Mishnah Eruvin", 
                            "sourceHeRef": "ברטנורא על משנה עירובין ח׳:ט׳:ו׳", 
                            "sourceRef": "Bartenura on Mishnah Eruvin 8:9:6"
                        }
                    ], 
                    "he": "וכתב הב''י דהיינו משום דלא מתסר אלא משום חשדא כלומר דאי לא הוי קמורה איכא חשדא שהרואים עוקה מלאה מים בצד חצירו יאמרו שהוציאם מחצר ושפכם בעוקה זו שברה''ר:"
                }
            ], 
            "heTitle": "עיקר תוספות יום טוב על משנה עירובין", 
            "indexTitle": "Ikar Tosafot Yom Tov on Mishnah Eruvin", 
            "sectionRef": "Ikar Tosafot Yom Tov on Mishnah Eruvin 8:9", 
            "prev": "Ikar Tosafot Yom Tov on Mishnah Eruvin 8:8", 
            "ref": "Ikar Tosafot Yom Tov on Mishnah Eruvin 8:9", 
            "heRef": "עיקר תוספות יום טוב על משנה עירובין ח׳:ט׳", 
            "next": "Ikar Tosafot Yom Tov on Mishnah Eruvin 8:10"
        }, 
        "Ikar Tosafot Yom Tov on Mishnah Eruvin 8:8": {
            "content": [
                {
                    "segmentNumber": "1", 
                    "links": [
                        {
                            "category": "Mishnah", 
                            "index_title": "Mishnah Eruvin", 
                            "sourceHeRef": "משנה עירובין ח׳:ח׳", 
                            "sourceRef": "Mishnah Eruvin 8:8"
                        }, 
                        {
                            "category": "Commentary", 
                            "index_title": "Bartenura on Mishnah Eruvin", 
                            "sourceHeRef": "ברטנורא על משנה עירובין ח׳:ח׳:ב׳", 
                            "sourceRef": "Bartenura on Mishnah Eruvin 8:8:2"
                        }
                    ], 
                    "he": "קאי נמי אגזוזטרא עצמה. דמידי הוא טעמא משום שצריך שיהא בחלל המחיצות ד' על ד' דבלא''ה לא הוי מחיצות וה''נ בעשויה בגזוזטר' עצמה:"
                }, 
                {
                    "segmentNumber": "2", 
                    "links": [
                        {
                            "category": "Mishnah", 
                            "index_title": "Mishnah Eruvin", 
                            "sourceHeRef": "משנה עירובין ח׳:ח׳", 
                            "sourceRef": "Mishnah Eruvin 8:8"
                        }, 
                        {
                            "category": "Commentary", 
                            "index_title": "Bartenura on Mishnah Eruvin", 
                            "sourceHeRef": "ברטנורא על משנה עירובין ח׳:ח׳:ד׳", 
                            "sourceRef": "Bartenura on Mishnah Eruvin 8:8:4"
                        }
                    ], 
                    "he": "רש''י. וס''ל דנקב עשוי ד' על ד' אפילו במחיצות למעלה איכא היכר:"
                }, 
                {
                    "segmentNumber": "3", 
                    "links": [
                        {
                            "category": "Mishnah", 
                            "index_title": "Mishnah Eruvin", 
                            "sourceHeRef": "משנה עירובין ח׳:ח׳", 
                            "sourceRef": "Mishnah Eruvin 8:8"
                        }
                    ], 
                    "he": "ולא עשו לתחתונה. כן הגירסא בירושלמי ולא נשנית הבבא השניה דעשו לתחתונה כמ''ש הר''ב. ולשון הטור וכ''ש עשו שתיהן לתחתונה שתיהן אסורות ופירש הב''י כלומר דכיון דתחתונה אף על פי שאין יכולה להשתמש דרך עליונה אלא בזריקה שזורקים הדלי לה אפ''ה אסרה עלה וכ''ש עליונה שהיא משתמשת דרך תחתונה בנחת דאסרה עלה:"
                }, 
                {
                    "segmentNumber": "4", 
                    "links": [
                        {
                            "category": "Mishnah", 
                            "index_title": "Mishnah Eruvin", 
                            "sourceHeRef": "משנה עירובין ח׳:ח׳", 
                            "sourceRef": "Mishnah Eruvin 8:8"
                        }, 
                        {
                            "category": "Commentary", 
                            "index_title": "Bartenura on Mishnah Eruvin", 
                            "sourceHeRef": "ברטנורא על משנה עירובין ח׳:ח׳:ו׳", 
                            "sourceRef": "Bartenura on Mishnah Eruvin 8:8:6"
                        }
                    ], 
                    "he": "ואי עשתה גם בתחתונה איתא בגמרא דשרי אפילו לא ערבו דגלויי גליא דעתיה דאנא בהדך לא ניחא לי נמצא שתחתונה מחולקת מעליונה וכ''א רשות לעצמה ויש לה מחיצה המתרת:"
                }, 
                {
                    "segmentNumber": "5", 
                    "links": [
                        {
                            "category": "Mishnah", 
                            "index_title": "Mishnah Eruvin", 
                            "sourceHeRef": "משנה עירובין ח׳:ח׳", 
                            "sourceRef": "Mishnah Eruvin 8:8"
                        }, 
                        {
                            "category": "Commentary", 
                            "index_title": "Bartenura on Mishnah Eruvin", 
                            "sourceHeRef": "ברטנורא על משנה עירובין ח׳:ח׳:ז׳", 
                            "sourceRef": "Bartenura on Mishnah Eruvin 8:8:7"
                        }
                    ], 
                    "he": "מפני שהן כצוצטרא אחת. הר''מ:"
                }
            ], 
            "heTitle": "עיקר תוספות יום טוב על משנה עירובין", 
            "indexTitle": "Ikar Tosafot Yom Tov on Mishnah Eruvin", 
            "sectionRef": "Ikar Tosafot Yom Tov on Mishnah Eruvin 8:8", 
            "prev": "Ikar Tosafot Yom Tov on Mishnah Eruvin 8:7", 
            "ref": "Ikar Tosafot Yom Tov on Mishnah Eruvin 8:8", 
            "heRef": "עיקר תוספות יום טוב על משנה עירובין ח׳:ח׳", 
            "next": "Ikar Tosafot Yom Tov on Mishnah Eruvin 8:9"
        }, 
        "Ikar Tosafot Yom Tov on Mishnah Eruvin 8:10": {
            "content": [
                {
                    "segmentNumber": "1", 
                    "links": [
                        {
                            "category": "Mishnah", 
                            "index_title": "Mishnah Eruvin", 
                            "sourceHeRef": "משנה עירובין ח׳:י׳", 
                            "sourceRef": "Mishnah Eruvin 8:10"
                        }, 
                        {
                            "category": "Commentary", 
                            "index_title": "Bartenura on Mishnah Eruvin", 
                            "sourceHeRef": "ברטנורא על משנה עירובין ח׳:י׳:א׳", 
                            "sourceRef": "Bartenura on Mishnah Eruvin 8:10:1"
                        }
                    ], 
                    "he": "ואפילו כי נפקי לבראי לאו להכי איכוין. וכיון דלא נתקיימה מחשבתו שרי דאפילו מתכוין לא איסורא דאורייתא איכא דהא לאו ברה''ר זריק להו איהו גופיה. אלא מאליהן יוצאין הלכך כי לא מכוין שרי לכתחלה:"
                }, 
                {
                    "segmentNumber": "2", 
                    "links": [
                        {
                            "category": "Mishnah", 
                            "index_title": "Mishnah Eruvin", 
                            "sourceHeRef": "משנה עירובין ח׳:י׳", 
                            "sourceRef": "Mishnah Eruvin 8:10"
                        }, 
                        {
                            "category": "Commentary", 
                            "index_title": "Bartenura on Mishnah Eruvin", 
                            "sourceHeRef": "ברטנורא על משנה עירובין ח׳:י׳:ג׳", 
                            "sourceRef": "Bartenura on Mishnah Eruvin 8:10:3"
                        }
                    ], 
                    "he": "ובעי דלפקו. רש''י. וכלומר ונתקיימה מחשבתו. וכל זה לחלק באו מה בין ביב לעוקה דעוקה העשויה ברה''ר אם היא קמורה דתיימי מיא לא פליגי רבנן דלעיל והיינו טעמא דעוקה שהיא גומא עמוקה כשנשפכים לשם דרך ירידה לגומא נשפכים ואין יוצאין כלל. אבל בביב שהוא חריץ ארוך אף על גב דקמורה בד''א דאמרינן דתיימי מיא. מ''מ אוסרין משום דשפיכה שבה מקלחת להדיא והמים הולכין ונזחלין דרך החריץ איכא טפי למיחש דלא תיימי ויצאו לרה''ר מכח שפיכתו והרואה יאמר כו'. ודוקא בביב חיישינן להכי דמפני שהוא חריץ לא יוכלו המים להתפשט אנה ואנה ומקלחי להדיא אבל בלא''ה לא הלכך לעיל בחצר ד' לא בעינן עוקה. ואע''ג דמים נשפכים על שטח קרקע החצר שלא כדרך ירידה לגומא. מ''מ הואיל ואין כאן חריץ יכולין המים להתפשט אנה ואנה ותיימי מיא קודם שיצאו לחוץ ועתוי''ט שמסיק דלהאי פירוש דהר''ב במתניתין דלעיל מסקינן בגמרא דכולה רבי אליעזר בן יעקב וחסורא מחסרא והכי קאמר חצר שהיא פחותה כו' הא ד' שופכין שראב''י אומר כו: ולרבנן אין חילוק בין חצר לביב:"
                }, 
                {
                    "segmentNumber": "3", 
                    "links": [
                        {
                            "category": "Mishnah", 
                            "index_title": "Mishnah Eruvin", 
                            "sourceHeRef": "משנה עירובין ח׳:י׳", 
                            "sourceRef": "Mishnah Eruvin 8:10"
                        }
                    ], 
                    "he": "מגג לגג. והטור סימן שנ''ז כתב שופך על הגג והב''י כתב שופך הוא לגג:"
                }
            ], 
            "heTitle": "עיקר תוספות יום טוב על משנה עירובין", 
            "indexTitle": "Ikar Tosafot Yom Tov on Mishnah Eruvin", 
            "sectionRef": "Ikar Tosafot Yom Tov on Mishnah Eruvin 8:10", 
            "prev": "Ikar Tosafot Yom Tov on Mishnah Eruvin 8:9", 
            "ref": "Ikar Tosafot Yom Tov on Mishnah Eruvin 8:10", 
            "heRef": "עיקר תוספות יום טוב על משנה עירובין ח׳:י׳", 
            "next": "Ikar Tosafot Yom Tov on Mishnah Eruvin 8:11"
        }
    }, 
    "ref": "Ikar Tosafot Yom Tov on Mishnah Eruvin 8"
}