{
    "sections": {
        "Kitzur Baal Haturim on Genesis 14:22": {
            "content": [
                {
                    "segmentNumber": "1", 
                    "links": [
                        {
                            "category": "Tanakh", 
                            "index_title": "Genesis", 
                            "sourceHeRef": "בראשית י״ד:כ״ב", 
                            "sourceRef": "Genesis 14:22"
                        }
                    ], 
                    "he": "<b>הרימתי</b> ב' במסורה הכא ואידך כי הרמתי קולי ואקרא וזהו שאמרו חכמינו ז''ל שאשת פוטיפרע נתכוונה לטובה כמו שנתכוין אברהם לשם שמים:\n\n"
                }
            ], 
            "heTitle": "קיצור בעל הטורים על בראשית", 
            "indexTitle": "Kitzur Baal Haturim on Genesis", 
            "sectionRef": "Kitzur Baal Haturim on Genesis 14:22", 
            "prev": "Kitzur Baal Haturim on Genesis 14:19", 
            "ref": "Kitzur Baal Haturim on Genesis 14:22", 
            "heRef": "קיצור בעל הטורים על בראשית י״ד:כ״ב", 
            "next": "Kitzur Baal Haturim on Genesis 15:2"
        }, 
        "Kitzur Baal Haturim on Genesis 14:21": {
            "content": [], 
            "heTitle": "קיצור בעל הטורים על בראשית", 
            "indexTitle": "Kitzur Baal Haturim on Genesis", 
            "sectionRef": "Kitzur Baal Haturim on Genesis 14:21", 
            "prev": "Kitzur Baal Haturim on Genesis 14:19", 
            "ref": "Kitzur Baal Haturim on Genesis 14:21", 
            "heRef": "קיצור בעל הטורים על בראשית י״ד:כ״א", 
            "next": "Kitzur Baal Haturim on Genesis 14:22"
        }, 
        "Kitzur Baal Haturim on Genesis 14:20": {
            "content": [], 
            "heTitle": "קיצור בעל הטורים על בראשית", 
            "indexTitle": "Kitzur Baal Haturim on Genesis", 
            "sectionRef": "Kitzur Baal Haturim on Genesis 14:20", 
            "prev": "Kitzur Baal Haturim on Genesis 14:19", 
            "ref": "Kitzur Baal Haturim on Genesis 14:20", 
            "heRef": "קיצור בעל הטורים על בראשית י״ד:כ׳", 
            "next": "Kitzur Baal Haturim on Genesis 14:22"
        }, 
        "Kitzur Baal Haturim on Genesis 14:12": {
            "content": [], 
            "heTitle": "קיצור בעל הטורים על בראשית", 
            "indexTitle": "Kitzur Baal Haturim on Genesis", 
            "sectionRef": "Kitzur Baal Haturim on Genesis 14:12", 
            "prev": "Kitzur Baal Haturim on Genesis 14:5", 
            "ref": "Kitzur Baal Haturim on Genesis 14:12", 
            "heRef": "קיצור בעל הטורים על בראשית י״ד:י״ב", 
            "next": "Kitzur Baal Haturim on Genesis 14:13"
        }, 
        "Kitzur Baal Haturim on Genesis 14:13": {
            "content": [
                {
                    "segmentNumber": "1", 
                    "links": [
                        {
                            "category": "Tanakh", 
                            "index_title": "Genesis", 
                            "sourceHeRef": "בראשית י״ד:י״ג", 
                            "sourceRef": "Genesis 14:13"
                        }
                    ], 
                    "he": "<b>ויבא הפליט</b> בפדר''א בשעה שהפיל הקדוש ברוך הוא לסמאל ממקומו אחז בכנפות מיכאל להפילו עמו ופלטו הקדוש ברוך הוא מידו, וכן ביחזקאל בא אלי הפליט מירושלים לאמר הוכתה העיר:\n\n"
                }
            ], 
            "heTitle": "קיצור בעל הטורים על בראשית", 
            "indexTitle": "Kitzur Baal Haturim on Genesis", 
            "sectionRef": "Kitzur Baal Haturim on Genesis 14:13", 
            "prev": "Kitzur Baal Haturim on Genesis 14:5", 
            "ref": "Kitzur Baal Haturim on Genesis 14:13", 
            "heRef": "קיצור בעל הטורים על בראשית י״ד:י״ג", 
            "next": "Kitzur Baal Haturim on Genesis 14:15"
        }, 
        "Kitzur Baal Haturim on Genesis 14:10": {
            "content": [], 
            "heTitle": "קיצור בעל הטורים על בראשית", 
            "indexTitle": "Kitzur Baal Haturim on Genesis", 
            "sectionRef": "Kitzur Baal Haturim on Genesis 14:10", 
            "prev": "Kitzur Baal Haturim on Genesis 14:5", 
            "ref": "Kitzur Baal Haturim on Genesis 14:10", 
            "heRef": "קיצור בעל הטורים על בראשית י״ד:י׳", 
            "next": "Kitzur Baal Haturim on Genesis 14:13"
        }, 
        "Kitzur Baal Haturim on Genesis 14:11": {
            "content": [], 
            "heTitle": "קיצור בעל הטורים על בראשית", 
            "indexTitle": "Kitzur Baal Haturim on Genesis", 
            "sectionRef": "Kitzur Baal Haturim on Genesis 14:11", 
            "prev": "Kitzur Baal Haturim on Genesis 14:5", 
            "ref": "Kitzur Baal Haturim on Genesis 14:11", 
            "heRef": "קיצור בעל הטורים על בראשית י״ד:י״א", 
            "next": "Kitzur Baal Haturim on Genesis 14:13"
        }, 
        "Kitzur Baal Haturim on Genesis 14:16": {
            "content": [], 
            "heTitle": "קיצור בעל הטורים על בראשית", 
            "indexTitle": "Kitzur Baal Haturim on Genesis", 
            "sectionRef": "Kitzur Baal Haturim on Genesis 14:16", 
            "prev": "Kitzur Baal Haturim on Genesis 14:15", 
            "ref": "Kitzur Baal Haturim on Genesis 14:16", 
            "heRef": "קיצור בעל הטורים על בראשית י״ד:ט״ז", 
            "next": "Kitzur Baal Haturim on Genesis 14:18"
        }, 
        "Kitzur Baal Haturim on Genesis 14:17": {
            "content": [], 
            "heTitle": "קיצור בעל הטורים על בראשית", 
            "indexTitle": "Kitzur Baal Haturim on Genesis", 
            "sectionRef": "Kitzur Baal Haturim on Genesis 14:17", 
            "prev": "Kitzur Baal Haturim on Genesis 14:15", 
            "ref": "Kitzur Baal Haturim on Genesis 14:17", 
            "heRef": "קיצור בעל הטורים על בראשית י״ד:י״ז", 
            "next": "Kitzur Baal Haturim on Genesis 14:18"
        }, 
        "Kitzur Baal Haturim on Genesis 14:14": {
            "content": [], 
            "heTitle": "קיצור בעל הטורים על בראשית", 
            "indexTitle": "Kitzur Baal Haturim on Genesis", 
            "sectionRef": "Kitzur Baal Haturim on Genesis 14:14", 
            "prev": "Kitzur Baal Haturim on Genesis 14:13", 
            "ref": "Kitzur Baal Haturim on Genesis 14:14", 
            "heRef": "קיצור בעל הטורים על בראשית י״ד:י״ד", 
            "next": "Kitzur Baal Haturim on Genesis 14:15"
        }, 
        "Kitzur Baal Haturim on Genesis 14:15": {
            "content": [
                {
                    "segmentNumber": "1", 
                    "links": [
                        {
                            "category": "Tanakh", 
                            "index_title": "Genesis", 
                            "sourceHeRef": "בראשית י״ד:ט״ו", 
                            "sourceRef": "Genesis 14:15"
                        }
                    ], 
                    "he": "<b>לדמשק</b> שנים במסורה הכא ואידך והגליתי אתכם מהלאה לדמשק. בשביל חטא שעשו בדמשק גלו וזה חובה אשר משמאל לדמשק:\n\n"
                }
            ], 
            "heTitle": "קיצור בעל הטורים על בראשית", 
            "indexTitle": "Kitzur Baal Haturim on Genesis", 
            "sectionRef": "Kitzur Baal Haturim on Genesis 14:15", 
            "prev": "Kitzur Baal Haturim on Genesis 14:13", 
            "ref": "Kitzur Baal Haturim on Genesis 14:15", 
            "heRef": "קיצור בעל הטורים על בראשית י״ד:ט״ו", 
            "next": "Kitzur Baal Haturim on Genesis 14:18"
        }, 
        "Kitzur Baal Haturim on Genesis 14:18": {
            "content": [
                {
                    "segmentNumber": "1", 
                    "links": [
                        {
                            "category": "Tanakh", 
                            "index_title": "Genesis", 
                            "sourceHeRef": "בראשית י״ד:י״ח", 
                            "sourceRef": "Genesis 14:18"
                        }
                    ], 
                    "he": "<b>מלך שלם</b> ר''ת שם לומר לך שזה שם בן נח:\n\n"
                }
            ], 
            "heTitle": "קיצור בעל הטורים על בראשית", 
            "indexTitle": "Kitzur Baal Haturim on Genesis", 
            "sectionRef": "Kitzur Baal Haturim on Genesis 14:18", 
            "prev": "Kitzur Baal Haturim on Genesis 14:15", 
            "ref": "Kitzur Baal Haturim on Genesis 14:18", 
            "heRef": "קיצור בעל הטורים על בראשית י״ד:י״ח", 
            "next": "Kitzur Baal Haturim on Genesis 14:19"
        }, 
        "Kitzur Baal Haturim on Genesis 14:19": {
            "content": [
                {
                    "segmentNumber": "1", 
                    "links": [
                        {
                            "category": "Tanakh", 
                            "index_title": "Genesis", 
                            "sourceHeRef": "בראשית י״ד:י״ט", 
                            "sourceRef": "Genesis 14:19"
                        }
                    ], 
                    "he": "<b>ברוך אברם לאל עליון</b> ז' פסוקים בתורה שכתוב בהם ברכה להקדוש ברוך הוא ברוך ה' אלהי שם. וברוך אל עליון. ויאמר ברוך ה' אלהי אדני אברהם. ואקוד ואשתחוה לה' ואברך. ויאמר יתרו ברוך ה'. ואכלת ושבעת וברכת את ה'. ולגד אמר ברוך. ובהם ק' תיבות כנגד ק' ברכות שבכל יום וז' פסוקים כנגד ז' ברכות שבשבת ויו''ט. ובחמשה מהם השם אצל ברוך כנגד ה' חומשי תורה שצריך לברך עליהם תחלה ואם תצרף עמהם וברוך אל עליון יהיו ששה כנגד ששה סדרים:\n\n"
                }
            ], 
            "heTitle": "קיצור בעל הטורים על בראשית", 
            "indexTitle": "Kitzur Baal Haturim on Genesis", 
            "sectionRef": "Kitzur Baal Haturim on Genesis 14:19", 
            "prev": "Kitzur Baal Haturim on Genesis 14:18", 
            "ref": "Kitzur Baal Haturim on Genesis 14:19", 
            "heRef": "קיצור בעל הטורים על בראשית י״ד:י״ט", 
            "next": "Kitzur Baal Haturim on Genesis 14:22"
        }, 
        "Kitzur Baal Haturim on Genesis 14:1": {
            "content": [
                {
                    "segmentNumber": "1", 
                    "links": [
                        {
                            "category": "Tanakh", 
                            "index_title": "Genesis", 
                            "sourceHeRef": "בראשית י״ד:א׳", 
                            "sourceRef": "Genesis 14:1"
                        }
                    ], 
                    "he": "<b>ויהי בימי</b> ה' דסמיכי. הכא ואידך ויהי בימי שפוט השופטים. ויהי בימי אחשורוש. כו' כראיתא במדרש שכולם היתה בימיהם ווי:\n\n"
                }
            ], 
            "heTitle": "קיצור בעל הטורים על בראשית", 
            "indexTitle": "Kitzur Baal Haturim on Genesis", 
            "sectionRef": "Kitzur Baal Haturim on Genesis 14:1", 
            "prev": "Kitzur Baal Haturim on Genesis 13:18", 
            "ref": "Kitzur Baal Haturim on Genesis 14:1", 
            "heRef": "קיצור בעל הטורים על בראשית י״ד:א׳", 
            "next": "Kitzur Baal Haturim on Genesis 14:5"
        }, 
        "Kitzur Baal Haturim on Genesis 14:2": {
            "content": [], 
            "heTitle": "קיצור בעל הטורים על בראשית", 
            "indexTitle": "Kitzur Baal Haturim on Genesis", 
            "sectionRef": "Kitzur Baal Haturim on Genesis 14:2", 
            "prev": "Kitzur Baal Haturim on Genesis 14:1", 
            "ref": "Kitzur Baal Haturim on Genesis 14:2", 
            "heRef": "קיצור בעל הטורים על בראשית י״ד:ב׳", 
            "next": "Kitzur Baal Haturim on Genesis 14:5"
        }, 
        "Kitzur Baal Haturim on Genesis 14:3": {
            "content": [], 
            "heTitle": "קיצור בעל הטורים על בראשית", 
            "indexTitle": "Kitzur Baal Haturim on Genesis", 
            "sectionRef": "Kitzur Baal Haturim on Genesis 14:3", 
            "prev": "Kitzur Baal Haturim on Genesis 14:1", 
            "ref": "Kitzur Baal Haturim on Genesis 14:3", 
            "heRef": "קיצור בעל הטורים על בראשית י״ד:ג׳", 
            "next": "Kitzur Baal Haturim on Genesis 14:5"
        }, 
        "Kitzur Baal Haturim on Genesis 14:4": {
            "content": [], 
            "heTitle": "קיצור בעל הטורים על בראשית", 
            "indexTitle": "Kitzur Baal Haturim on Genesis", 
            "sectionRef": "Kitzur Baal Haturim on Genesis 14:4", 
            "prev": "Kitzur Baal Haturim on Genesis 14:1", 
            "ref": "Kitzur Baal Haturim on Genesis 14:4", 
            "heRef": "קיצור בעל הטורים על בראשית י״ד:ד׳", 
            "next": "Kitzur Baal Haturim on Genesis 14:5"
        }, 
        "Kitzur Baal Haturim on Genesis 14:5": {
            "content": [
                {
                    "segmentNumber": "1", 
                    "links": [
                        {
                            "category": "Tanakh", 
                            "index_title": "Genesis", 
                            "sourceHeRef": "בראשית י״ד:ה׳", 
                            "sourceRef": "Genesis 14:5"
                        }
                    ], 
                    "he": "<b>ובארבע עשרה</b> ב' ריש פסוק הכא ואידך (מ''ב י''ח) ובי''ד למלך חזקיהו עלה סנחרים. לומר לך כשם שבאו האומות על חזקיהו ונפלו בידו כך באו על אברהם ונפלו בידו:\n\n"
                }
            ], 
            "heTitle": "קיצור בעל הטורים על בראשית", 
            "indexTitle": "Kitzur Baal Haturim on Genesis", 
            "sectionRef": "Kitzur Baal Haturim on Genesis 14:5", 
            "prev": "Kitzur Baal Haturim on Genesis 14:1", 
            "ref": "Kitzur Baal Haturim on Genesis 14:5", 
            "heRef": "קיצור בעל הטורים על בראשית י״ד:ה׳", 
            "next": "Kitzur Baal Haturim on Genesis 14:13"
        }, 
        "Kitzur Baal Haturim on Genesis 14:6": {
            "content": [], 
            "heTitle": "קיצור בעל הטורים על בראשית", 
            "indexTitle": "Kitzur Baal Haturim on Genesis", 
            "sectionRef": "Kitzur Baal Haturim on Genesis 14:6", 
            "prev": "Kitzur Baal Haturim on Genesis 14:5", 
            "ref": "Kitzur Baal Haturim on Genesis 14:6", 
            "heRef": "קיצור בעל הטורים על בראשית י״ד:ו׳", 
            "next": "Kitzur Baal Haturim on Genesis 14:13"
        }, 
        "Kitzur Baal Haturim on Genesis 14:7": {
            "content": [], 
            "heTitle": "קיצור בעל הטורים על בראשית", 
            "indexTitle": "Kitzur Baal Haturim on Genesis", 
            "sectionRef": "Kitzur Baal Haturim on Genesis 14:7", 
            "prev": "Kitzur Baal Haturim on Genesis 14:5", 
            "ref": "Kitzur Baal Haturim on Genesis 14:7", 
            "heRef": "קיצור בעל הטורים על בראשית י״ד:ז׳", 
            "next": "Kitzur Baal Haturim on Genesis 14:13"
        }, 
        "Kitzur Baal Haturim on Genesis 14:8": {
            "content": [], 
            "heTitle": "קיצור בעל הטורים על בראשית", 
            "indexTitle": "Kitzur Baal Haturim on Genesis", 
            "sectionRef": "Kitzur Baal Haturim on Genesis 14:8", 
            "prev": "Kitzur Baal Haturim on Genesis 14:5", 
            "ref": "Kitzur Baal Haturim on Genesis 14:8", 
            "heRef": "קיצור בעל הטורים על בראשית י״ד:ח׳", 
            "next": "Kitzur Baal Haturim on Genesis 14:13"
        }, 
        "Kitzur Baal Haturim on Genesis 14:9": {
            "content": [], 
            "heTitle": "קיצור בעל הטורים על בראשית", 
            "indexTitle": "Kitzur Baal Haturim on Genesis", 
            "sectionRef": "Kitzur Baal Haturim on Genesis 14:9", 
            "prev": "Kitzur Baal Haturim on Genesis 14:5", 
            "ref": "Kitzur Baal Haturim on Genesis 14:9", 
            "heRef": "קיצור בעל הטורים על בראשית י״ד:ט׳", 
            "next": "Kitzur Baal Haturim on Genesis 14:13"
        }
    }, 
    "ref": "Kitzur Baal Haturim on Genesis 14"
}