[{
    "links": [
        [
            "24:1:1", 
            "Genesis 24:1", 
            "Tanach"
        ], 
        [
            "24:2:1", 
            "Genesis 24:2", 
            "Tanach"
        ], 
        [
            "24:7:1", 
            "Genesis 24:7", 
            "Tanach"
        ], 
        [
            "24:10:1", 
            "Genesis 24:10", 
            "Tanach"
        ], 
        [
            "24:12:1", 
            "Genesis 24:12", 
            "Tanach"
        ], 
        [
            "24:14:1", 
            "Genesis 24:14", 
            "Tanach"
        ], 
        [
            "24:16:1", 
            "Genesis 24:16", 
            "Tanach"
        ], 
        [
            "24:19:1", 
            "Genesis 24:19", 
            "Tanach"
        ], 
        [
            "24:22:1", 
            "Genesis 24:22", 
            "Tanach"
        ], 
        [
            "24:29:1", 
            "Genesis 24:29", 
            "Tanach"
        ], 
        [
            "24:31:1", 
            "Genesis 24:31", 
            "Tanach"
        ], 
        [
            "24:32:1", 
            "Genesis 24:32", 
            "Tanach"
        ], 
        [
            "24:33:1", 
            "Genesis 24:33", 
            "Tanach"
        ], 
        [
            "24:41:1", 
            "Genesis 24:41", 
            "Tanach"
        ], 
        [
            "24:47:1", 
            "Genesis 24:47", 
            "Tanach"
        ], 
        [
            "24:49:1", 
            "Genesis 24:49", 
            "Tanach"
        ], 
        [
            "24:56:1", 
            "Genesis 24:56", 
            "Tanach"
        ], 
        [
            "24:58:1", 
            "Genesis 24:58", 
            "Tanach"
        ], 
        [
            "24:60:1", 
            "Genesis 24:60", 
            "Tanach"
        ], 
        [
            "24:62:1", 
            "Genesis 24:62", 
            "Tanach"
        ], 
        [
            "24:63:1", 
            "Genesis 24:63", 
            "Tanach"
        ], 
        [
            "24:67:1", 
            "Genesis 24:67", 
            "Tanach"
        ], 
        [
            "24:1:2", 
            "Genesis 24:1", 
            "Tanach"
        ], 
        [
            "24:2:2", 
            "Genesis 24:2", 
            "Tanach"
        ], 
        [
            "24:33:2", 
            "Genesis 24:33", 
            "Tanach"
        ], 
        [
            "24:41:2", 
            "Genesis 24:41", 
            "Tanach"
        ], 
        [
            "24:60:2", 
            "Genesis 24:60", 
            "Tanach"
        ], 
        [
            "24:63:2", 
            "Genesis 24:63", 
            "Tanach"
        ], 
        [
            "24:67:2", 
            "Genesis 24:67", 
            "Tanach"
        ], 
        [
            "24:67:3", 
            "Genesis 24:67", 
            "Tanach"
        ], 
        [
            "24:67:4", 
            "Genesis 24:67", 
            "Tanach"
        ], 
        [
            "24:67:5", 
            "Genesis 24:67", 
            "Tanach"
        ]
    ], 
    "text": [], 
    "heTitleVariants": [
        "קיצור בעל הטורים על בראשית"
    ], 
    "heTitle": "קיצור בעל הטורים על בראשית", 
    "commentaryBook": "Genesis", 
    "heRef": "קיצור בעל הטורים על בראשית כ״ד", 
    "toSections": [
        24
    ], 
    "sectionRef": "Kitzur Baal Haturim on Genesis 24", 
    "title": "Kitzur Baal Haturim on Genesis 24", 
    "lengths": [
        50, 
        1533
    ], 
    "next": "Kitzur Baal Haturim on Genesis 25:18", 
    "book": "Kitzur Baal Haturim on Genesis", 
    "prev": "Kitzur Baal Haturim on Genesis 23:17", 
    "textDepth": 3, 
    "sectionNames": [
        "Chapter", 
        "Verse", 
        "Comment"
    ], 
    "sections": [
        24
    ], 
    "commentator": "Kitzur Baal Haturim", 
    "isComplex": false, 
    "commentaryCategories": [
        "Tanach", 
        "Torah"
    ], 
    "titleVariants": [
        "Kitzur Baal Haturim on Genesis", 
        "Kitzur Baal Haturim on Ber.", 
        "Kitzur Baal Haturim on Bereshit", 
        "Kitzur Baal Haturim on Beresheet", 
        "Kitzur Baal Haturim on Gen.", 
        "Kitzur Baal Haturim on Ber", 
        "Kitzur Baal Haturim on Gen", 
        "Kitzur Baal Haturim on Breishit", 
        "Kitzur Baal Haturim on Bereishit"
    ], 
    "categories": [
        "Commentary", 
        "Tanach", 
        "Kitzur Baal Haturim"
    ], 
    "he": [
        [
            "<b>ואברהם זקן</b> וסמיך ליה וה' ברך כשהזקין ולא יכול עוד לצאת ולבא לישא וליתן אז הוצרך לברכה וה' ברכו:", 
            "<b> בא בימים</b> כשבא במנין ימים שנים ברכו בבן שנולד יצחק:\n\n"
        ], 
        [
            "<b>המושל</b> ב' במסורה הכא ואידך אם רוח המושל יעלה עליך. שאמר לו אברהם אפילו אם רוח המושל או שום אונס יעלה עליך מקומך אל תנח אלא לך לארצי:", 
            "<b> נא ידך</b> בגימטריא מילה שהשביעו במילה:\n\n"
        ], 
        [], 
        [], 
        [], 
        [], 
        [
            "<b>ישלח מלאכו</b> המיוחד לו כדכתיב כי ילך מלאכי לפניך אבל לא אותו שכתוב בו מלאך ושלחתי לפניך מלאך. ב''פ כתיב מלאכו ופירוש שביקש על ב' אחד בהליכה ואחד בחזרה:\n\n"
        ], 
        [], 
        [], 
        [
            "<b>וכל טוב</b> ב' במסורה הכא ואידך וכל טוב דמשק. אליעזר לקח גם מטוב דמשק:\n\n"
        ], 
        [], 
        [
            "<b>עם אדוני אברהם</b> ס''ת מים לומר בשכר יוקח נא מעט מים ענהו על המים וכשתוסיף דל''ת של חס''ד ס''ת דמים שאמר בזכות דמו שנשפך בפחד העקידה ענני:\n\n"
        ], 
        [], 
        [
            "<b>ובה</b> ג' במסורה הכא ואידך ובה יחסו עניי עמי. ובה אבן יקרה. פירוש ובה אדע כי עשית חסד אם תהיה צדקת גומלת חסדים ובה אבן יקרה שנתן לה כלי כסף וזהב ואבן יקרה כן איתא בב''ר רב הונא בשם רבי יוסי אבן יקרה היתה משקלה בקע:\n\n"
        ], 
        [], 
        [
            "<b>לא ידעה</b> ב' במסורה הכא ואידך והמלך לא ידעה. מה להלן לא ידעה בין כדרכה בין שלא כדרכה אף הכא נמי:\n\n"
        ], 
        [], 
        [], 
        [
            "<b>ותכל</b> ב' במסורה הכא ואידך ותכל דוד וגו' לצאת אל אבשלום כי נחם על אמנון כי מת. ותכל דוד לצאת למה ותכל להשקותו כי שתה כוס תנחומין על אמנון:\n\n"
        ], 
        [], 
        [], 
        [
            "<b>בקע</b> ב' במסורה הכא ואידך בקע לגלגלת. שרמז לה זכות השקלים:\n\n"
        ], 
        [], 
        [], 
        [], 
        [], 
        [], 
        [], 
        [
            "<b>ולרבקה</b> ב' במסורה חד ריש פסוק ולרבקה אח. וחד סוף פסוק ותהיין מורת רוח ליצחק ולרבקה. שכהו עיניו מעשן ע''א של עשו אבל לרבקה לא הזיק לפי שהיא ראתה כן בבית אביה שהיה כומר לע''א וע''כ הקדים הכתוב שם יצחק לומר שלא היו מורת רוח לרבקה כמו ליצחק. א''נ רמז למה שאמרו הנושא אשה יבדוק באחיה שרוב בנים דומין לאחי האם ובשביל שהיה אחיה רשע ילדה עשו הרשע וזהו ולרבקה אח ושמו לבן ותהיין מורת רוח ליצחק ולרבקה:\n\n"
        ], 
        [], 
        [
            "<b>ומקום</b> ב' הכא ואידך ומקום לזהב יזוקו. בשביל מקום לזהב שראה מה שנתן לאחותו פינה מקום לגמלים:\n\n"
        ], 
        [
            "<b>ויפתח</b> ב' הכא ואידך ויפתח על הלוחות ידותיה. בבנין הבית מה התם לשון ציור אף הכא היו הגמלים של אברהם מצוירין ומסומנים ונכרים לכל שהיו שלו שהגמלים לא היו רועים בשדות אחרים:\n\n"
        ], 
        [
            "<b>ויישם</b> כתיב מלמד שנתנו לו סם המות בקערה ומיהרו עליו לאכול כדי שלא ירגיש:", 
            "<b> ויישם</b> ב' דסמיכי הכא ואידך ויישם בארון. רמז שרצו להמיתו וליתנו בארון והוא הרגיש ואמר לא אוכל עד אם דברתי דברי כי עבד אברהם אנכי ונהגתי בביתו שלא לאכול עד שאדבר דברי ברכת נטילת ידים ברכת המוציא ובזה חשב כי ינצל שכוס של ברכה לטובה מצטרף ולא לרעה וכן היה לו שבא המלאך והחזיר סם המות לצד בתואל ואכל ומת. וי''מ שנתנו לו דבר איסור ואמר לא אוכל עד אם דברתי דברי עבד אברהם אנכי ואיני אוכל דבר איסור:\n\n"
        ], 
        [], 
        [], 
        [], 
        [], 
        [], 
        [], 
        [], 
        [
            "<b>אז תנקה מאלתי</b> ואברהם אמר משבועתי שהוא החמיר עליהם לומר שהביאו באלה שהיא חמורה יותר כדי שיתרצו:", 
            "<b> כי תבא אל משפחתי</b> ולא אל בית אבי לומר שאם לא ימצא מבית אב יקח מבית אם:\n\n"
        ], 
        [], 
        [], 
        [], 
        [], 
        [], 
        [
            "<b>ואשם הנזם</b> חסר יו''ד לומר שלא נגע בבשרה (ואפילו לא ביו''ד אצבעותיה) מחמת צניעות:\n\n"
        ], 
        [], 
        [
            "<b>על ימין או על שמאל</b> [עם התיבות והכולל בגימטריא ישמעאל ועמון ומואב. עם האותיות]:\n\n"
        ], 
        [], 
        [], 
        [], 
        [], 
        [], 
        [], 
        [
            "<b>אל תאחרו אותי וה'</b> ס''ת לויה שלויהו:\n\n"
        ], 
        [], 
        [
            "<b>עם האיש הזה</b> ס''ת משה לרמז שהלך כדת משה וישראל:\n\n"
        ], 
        [], 
        [
            "<b>את היי</b> היי בגימטריא כה כלומר תזכי למה שנאמר כה יהיה זרעך:", 
            "<b> רבבה</b> ד' במסורה היי לאלפי רבבה. ושנים יניסו רבבה. ומאה מכם רבבה ירדופו. רבבה כצמח השדה נתתיך. שאמרו לה שתהיה מאותם שכתוב ושנים יניסו רבבה ורבבה כצמח השדה וכו':\n\n"
        ], 
        [], 
        [
            "<b>והוא יושב בארץ הנגב</b> וסמיך ליה ויצא יצחק לשוח בשדה רמז למה שאמרו הרוצה שיחכים ידרים:\n\n"
        ], 
        [
            "<b>לשוח בשדה</b> היינו שיצחק תקן תפלת המנחה ואז נזדמנה לו רבקה והיינו דכתיב על זאת יתפלל כל חסיד אליך לעת מצוא דהיינו אשה דכתיב מצא אשה מצא טוב:", 
            "<b> לפנות ערב</b> ב' במסורה הכא ואידך והיה לפנות ערב ירחץ במים רמז למה שאחז''ל טובלים מן המנחה ולמעלה דמה הכא מנחה שיצחק תקן תפלת המנחה אף התם נמי מנחה:\n\n"
        ], 
        [], 
        [], 
        [], 
        [
            "<b>ויבאה</b> ב' במסורה בספר בראשית וכתיב חסר ועולה כ''ד מלמד שקשטה בכ''ד קשוטים:", 
            "<b> האהלה</b> ח' במסורה רמז שבשמונה מקומות שרתה שכינה, משכן, גלגל, שילה, נוב, גבעון, בית ראשון, בית שני, לעתיד לבא:", 
            "<b> ותהי לו</b> לאשה ויוסף אברהם. דרך ארץ שמי שמתה אשתו והניחה לו בנים ישיאם קודם שישא אחרת. ד''א זהו שאמרו שתין תכלי מטיי' לככא דקל חבריה שמע דאכיל ואיהו לא אכיל:", 
            "<b> ויאהבה</b> ב' במסורה הכא ואידך ויאהבה אמנון. התם היתה אהבה התלויה בדבר על כן בטלה אבל הכא אינה תלויה בדבר על כן לא בטלה:", 
            "<b> וינחם</b> ב' במסורה וינחם יצחק. וינחם כרוב חסדיו. וינחם יצחק למה כרוב חסדיו פירוש שהיתה צדקת וחסידה:\n\n"
        ]
    ], 
    "ref": "Kitzur Baal Haturim on Genesis 24", 
    "type": "Commentary", 
    "addressTypes": [
        "Integer", 
        "Integer", 
        "Integer"
    ], 
    "heCommentator": "קיצור בעל הטורים", 
    "length": 50, 
    "indexTitle": "Kitzur Baal Haturim on Genesis", 
    "heIndexTitle": "קיצור בעל הטורים על בראשית", 
    "alts": [], 
    "order": [
        1, 
        1
    ]
}]