[{
    "links": [], 
    "text": "", 
    "heTitleVariants": [
        "ספר הבהיר"
    ], 
    "heTitle": "ספר הבהיר", 
    "heRef": "ספר הבהיר ס״ו", 
    "toSections": [
        66
    ], 
    "sectionRef": "Sefer HaBahir", 
    "next": null, 
    "book": "Sefer HaBahir", 
    "prev": null, 
    "textDepth": 1, 
    "sectionNames": [
        "Se'if"
    ], 
    "sections": [
        66
    ], 
    "isComplex": false, 
    "titleVariants": [
        "Sefer HaBahir"
    ], 
    "categories": [
        "Kabbalah"
    ], 
    "he": "ואמר ר' רחומאי מאי דכתיב (שם) אף אני, אלא הקב\"ה אמר ויסרתי אתכם, וכנסת ישראל אומרת אל תדמו שאני מבקשת רחמים עליכם אלא אף אני איסר אתכם, לא די שאני אדון הדין אלא אף אני איסר אתכם: ", 
    "ref": "Sefer HaBahir 66", 
    "type": "Kabbalah", 
    "addressTypes": [
        "Integer"
    ], 
    "indexTitle": "Sefer HaBahir", 
    "heIndexTitle": "ספר הבהיר", 
    "alts": [], 
    "order": ""
}]