[{
    "links": [
        [
            "141", 
            "Psalms 100", 
            "Tanach"
        ]
    ], 
    "text": "", 
    "heTitleVariants": [
        "ספר הבהיר"
    ], 
    "heTitle": "ספר הבהיר", 
    "heRef": "ספר הבהיר קמ״א", 
    "toSections": [
        141
    ], 
    "sectionRef": "Sefer HaBahir", 
    "next": null, 
    "book": "Sefer HaBahir", 
    "prev": null, 
    "textDepth": 1, 
    "sectionNames": [
        "Se'if"
    ], 
    "sections": [
        141
    ], 
    "isComplex": false, 
    "titleVariants": [
        "Sefer HaBahir"
    ], 
    "categories": [
        "Kabbalah"
    ], 
    "he": "מאי ניהו עשרה מאמרות, ראשון כתר עליון ברוך ומבורך שמו ועמו, ומי עמו, ישראל, דכתיב (תהלים ק' ג) דעו כי ה' הוא אלהים הוא עשני ולא אנחנו עמו, ולאל\"ף אנחנו, להכיר ולידע אחד האחדים המיוחד בכל שמותיו: ", 
    "ref": "Sefer HaBahir 141", 
    "type": "Kabbalah", 
    "addressTypes": [
        "Integer"
    ], 
    "indexTitle": "Sefer HaBahir", 
    "heIndexTitle": "ספר הבהיר", 
    "alts": [], 
    "order": ""
}]