{
    "heTitleVariants": [
        "תוספות על ב\"מ", 
        "תוספות על בבא מציעא", 
        "תוספות על ב״מ"
    ], 
    "heTitle": "תוספות על בבא מציעא ל״ח ב", 
    "content": [
        {
            "segmentNumber": "1", 
            "he": [], 
            "links": [], 
            "text": ""
        }, 
        {
            "segmentNumber": "2", 
            "he": [], 
            "links": [], 
            "text": ""
        }, 
        {
            "segmentNumber": "3", 
            "he": [], 
            "links": [], 
            "text": ""
        }, 
        {
            "segmentNumber": "4", 
            "he": [], 
            "links": [], 
            "text": ""
        }, 
        {
            "segmentNumber": "5", 
            "he": [], 
            "links": [], 
            "text": ""
        }, 
        {
            "segmentNumber": "6", 
            "he": [], 
            "links": [], 
            "text": ""
        }, 
        {
            "segmentNumber": "7", 
            "he": [], 
            "links": [], 
            "text": ""
        }, 
        {
            "segmentNumber": "8", 
            "he": [], 
            "links": [], 
            "text": ""
        }, 
        {
            "segmentNumber": "9", 
            "he": [], 
            "links": [], 
            "text": ""
        }, 
        {
            "segmentNumber": "10", 
            "he": [], 
            "links": [], 
            "text": ""
        }, 
        {
            "segmentNumber": "11", 
            "he": [], 
            "links": [], 
            "text": ""
        }, 
        {
            "segmentNumber": "12", 
            "he": [], 
            "links": [], 
            "text": ""
        }, 
        {
            "segmentNumber": "13", 
            "he": [], 
            "links": [], 
            "text": ""
        }, 
        {
            "segmentNumber": "14", 
            "he": [], 
            "links": [], 
            "text": ""
        }, 
        {
            "segmentNumber": "15", 
            "he": [], 
            "links": [], 
            "text": ""
        }, 
        {
            "segmentNumber": "16", 
            "he": [], 
            "links": [], 
            "text": ""
        }, 
        {
            "segmentNumber": "17", 
            "he": [], 
            "links": [], 
            "text": ""
        }, 
        {
            "segmentNumber": "18", 
            "he": [], 
            "links": [], 
            "text": ""
        }, 
        {
            "segmentNumber": "19", 
            "he": [], 
            "links": [], 
            "text": ""
        }, 
        {
            "segmentNumber": "20", 
            "he": [], 
            "links": [], 
            "text": ""
        }, 
        {
            "segmentNumber": "21", 
            "he": [
                "עד כאן לא קאמר רשב\"ג כו' אבל הכא אין מורידין - וא\"ת והא לקמן מייתי דאית ליה לרשב\"ג מורידין וי\"ל דמהא ליכא למשמע מינה אבל קשה דמאי מוכיח דחד טעמא הוא מדשמואל דסבר כרשב\"ג וסבר מורידין לוכח כן מרשב\"ג גופיה וצ\"ל דלא שמיע ליה ברייתא דלקמן:\n"
            ], 
            "links": [
                {
                    "category": "Talmud", 
                    "sourceHeRef": "בבא מציעא ל״ח ב:כ״א", 
                    "sourceRef": "Bava Metzia 38b:21", 
                    "ref": "Bava Metzia 38b:21"
                }
            ], 
            "text": ""
        }, 
        {
            "segmentNumber": "22", 
            "he": [], 
            "links": [], 
            "text": ""
        }, 
        {
            "segmentNumber": "23", 
            "he": [], 
            "links": [], 
            "text": ""
        }, 
        {
            "segmentNumber": "24", 
            "he": [], 
            "links": [], 
            "text": ""
        }, 
        {
            "segmentNumber": "25", 
            "he": [], 
            "links": [], 
            "text": ""
        }, 
        {
            "segmentNumber": "26", 
            "he": [], 
            "links": [], 
            "text": ""
        }, 
        {
            "segmentNumber": "27", 
            "he": [], 
            "links": [], 
            "text": ""
        }, 
        {
            "segmentNumber": "28", 
            "he": [], 
            "links": [], 
            "text": ""
        }, 
        {
            "segmentNumber": "29", 
            "he": [], 
            "links": [], 
            "text": ""
        }, 
        {
            "segmentNumber": "30", 
            "he": [], 
            "links": [], 
            "text": ""
        }, 
        {
            "segmentNumber": "31", 
            "he": [], 
            "links": [], 
            "text": ""
        }, 
        {
            "segmentNumber": "32", 
            "he": [], 
            "links": [], 
            "text": ""
        }, 
        {
            "segmentNumber": "33", 
            "he": [], 
            "links": [], 
            "text": ""
        }, 
        {
            "segmentNumber": "34", 
            "he": [], 
            "links": [], 
            "text": ""
        }, 
        {
            "segmentNumber": "35", 
            "he": [], 
            "links": [], 
            "text": ""
        }, 
        {
            "segmentNumber": "36", 
            "he": [], 
            "links": [], 
            "text": ""
        }, 
        {
            "segmentNumber": "37", 
            "he": [], 
            "links": [], 
            "text": ""
        }, 
        {
            "segmentNumber": "38", 
            "he": [
                "בששמעו בו שמת כ\"ע ל\"פ דמורידין - אין לפרש בששמעו בב' עדים דא\"כ פשיטא דמורידין אלא ששמעו היינו בקול ועד אחד אע\"ג דשמעו בו שמת דבפ' ב' דייני גזירות (כתובות דף קז.) גבי אין פוסקין מזונות לאשת איש משמע סוגיא דהתם דהוי בעדות גמורה:"
            ], 
            "links": [
                {
                    "category": "Talmud", 
                    "sourceHeRef": "בבא מציעא ל״ח ב:ל״ח", 
                    "sourceRef": "Bava Metzia 38b:38", 
                    "ref": "Bava Metzia 38b:38"
                }, 
                {
                    "category": "Talmud", 
                    "sourceHeRef": "כתובות ק״ז א", 
                    "sourceRef": "Ketubot 107a", 
                    "ref": "Ketubot 107a"
                }
            ], 
            "text": ""
        }, 
        {
            "segmentNumber": "39", 
            "he": [], 
            "links": [], 
            "text": ""
        }, 
        {
            "segmentNumber": "40", 
            "he": [], 
            "links": [], 
            "text": ""
        }, 
        {
            "segmentNumber": "41", 
            "he": [], 
            "links": [], 
            "text": ""
        }, 
        {
            "segmentNumber": "42", 
            "he": [], 
            "links": [], 
            "text": ""
        }, 
        {
            "segmentNumber": "43", 
            "he": [], 
            "links": [], 
            "text": ""
        }, 
        {
            "segmentNumber": "44", 
            "he": [], 
            "links": [], 
            "text": ""
        }, 
        {
            "segmentNumber": "45", 
            "he": [
                " אמר רבא לירד ולמכור תנן - וא\"ת ואמאי לא פריך ממתניתין דהאשה שהלכה (יבמות דף קטז: ושם ד\"ה שאין) דקתני מצינו שאין אחים נכנסין לנחלה על פיה ולשני נמי לירד ולמכור תנן וי\"ל דמהכא אלימא ליה לאקשויי משום דדומיא דנשותיהם קתני דמשמע כלל כלל לא:"
            ], 
            "links": [
                {
                    "category": "Talmud", 
                    "sourceHeRef": "יבמות קט״ז ב", 
                    "sourceRef": "Yevamot 116b", 
                    "ref": "Yevamot 116b"
                }, 
                {
                    "category": "Talmud", 
                    "sourceHeRef": "בבא מציעא ל״ח ב:מ״ה", 
                    "sourceRef": "Bava Metzia 38b:45", 
                    "ref": "Bava Metzia 38b:45"
                }
            ], 
            "text": ""
        }, 
        {
            "segmentNumber": "46", 
            "he": [], 
            "links": [], 
            "text": ""
        }, 
        {
            "segmentNumber": "47", 
            "he": [], 
            "links": [], 
            "text": ""
        }, 
        {
            "segmentNumber": "48", 
            "he": [], 
            "links": [], 
            "text": ""
        }, 
        {
            "segmentNumber": "49", 
            "he": [], 
            "links": [], 
            "text": ""
        }, 
        {
            "segmentNumber": "50", 
            "he": [], 
            "links": [], 
            "text": ""
        }, 
        {
            "segmentNumber": "51", 
            "he": [], 
            "links": [], 
            "text": ""
        }, 
        {
            "segmentNumber": "52", 
            "he": [], 
            "links": [], 
            "text": ""
        }, 
        {
            "segmentNumber": "53", 
            "he": [], 
            "links": [], 
            "text": ""
        }, 
        {
            "segmentNumber": "54", 
            "he": [
                "היורד לנכסי שבוי אין מוציאין אותו מידו - הוא הדין דאפי' מורידין אותו לכתחילה דהא נטושים מורידין לרשב\"ג דאמר הנטושים כשבויין אלא אגב דתנא בסיפא בנטושים מוציאין תנא נמי בשבויין אין מוציאין וא\"ת לימא רב הלכה כתנא קמא ושמואל הלכה כרשב\"ג וי\"ל דלא שמיע להו ברייתא אי נמי איכא דמפכי להו:"
            ], 
            "links": [
                {
                    "category": "Talmud", 
                    "sourceHeRef": "בבא מציעא ל״ח ב:נ״ד", 
                    "sourceRef": "Bava Metzia 38b:54", 
                    "ref": "Bava Metzia 38b:54"
                }
            ], 
            "text": ""
        }, 
        {
            "segmentNumber": "55", 
            "he": [], 
            "links": [], 
            "text": ""
        }, 
        {
            "segmentNumber": "56", 
            "he": [], 
            "links": [], 
            "text": ""
        }, 
        {
            "segmentNumber": "57", 
            "he": [], 
            "links": [], 
            "text": ""
        }, 
        {
            "segmentNumber": "58", 
            "he": [], 
            "links": [], 
            "text": ""
        }, 
        {
            "segmentNumber": "59", 
            "he": [], 
            "links": [], 
            "text": ""
        }, 
        {
            "segmentNumber": "60", 
            "he": [], 
            "links": [], 
            "text": ""
        }, 
        {
            "segmentNumber": "61", 
            "he": [], 
            "links": [], 
            "text": ""
        }, 
        {
            "segmentNumber": "62", 
            "he": [], 
            "links": [], 
            "text": ""
        }, 
        {
            "segmentNumber": "63", 
            "he": [], 
            "links": [], 
            "text": ""
        }, 
        {
            "segmentNumber": "64", 
            "he": [], 
            "links": [], 
            "text": ""
        }, 
        {
            "segmentNumber": "65", 
            "he": [], 
            "links": [], 
            "text": ""
        }, 
        {
            "segmentNumber": "66", 
            "he": [], 
            "links": [], 
            "text": ""
        }
    ], 
    "commentaryBook": "Bava Metzia", 
    "heRef": "תוספות על בבא מציעא ל״ח ב", 
    "toSections": [
        "38b"
    ], 
    "sectionRef": "Tosafot on Bava Metzia 38b", 
    "title": "Tosafot on Bava Metzia 38b", 
    "lengths": [
        235, 
        12026
    ], 
    "next": "Tosafot on Bava Metzia 39a:4", 
    "heBook": "תוספות על בבא מציעא", 
    "book": "Tosafot on Bava Metzia", 
    "prev": "Tosafot on Bava Metzia 38a:29", 
    "textDepth": 3, 
    "sectionNames": [
        "Daf", 
        "Line", 
        "Comment"
    ], 
    "sections": [
        "38b"
    ], 
    "commentator": "Tosafot", 
    "isComplex": false, 
    "commentaryCategories": [
        "Talmud", 
        "Bavli", 
        "Seder Nezikin"
    ], 
    "titleVariants": [
        "Tosafot on Tractate Bava Metzia", 
        "Tosafot on Talmud Bava Metzia", 
        "Tosafot on Bava Metzia", 
        "Tosafot on Masekhet Bava Metzia"
    ], 
    "categories": [
        "Commentary", 
        "Talmud", 
        "Tosafot"
    ], 
    "ref": "Tosafot on Bava Metzia 38b", 
    "type": "Commentary", 
    "addressTypes": [
        "Talmud", 
        "Integer", 
        "Integer"
    ], 
    "heCommentator": "תוספות", 
    "length": 235, 
    "indexTitle": "Tosafot on Bava Metzia", 
    "heIndexTitle": "תוספות על בבא מציעא", 
    "alts": [], 
    "order": [
        21, 
        2
    ]
}