[{
    "links": [
        [
            "8b:3:1", 
            "Bava Metzia 8b:3", 
            "Talmud"
        ], 
        [
            "8b:6:1", 
            "Bava Metzia 8b:6", 
            "Talmud"
        ], 
        [
            "8b:4:1", 
            "Bava Metzia 8b:4", 
            "Talmud"
        ], 
        [
            "8b:13:1", 
            "Bava Metzia 8b:13", 
            "Talmud"
        ], 
        [
            "8b:40:1", 
            "Bava Metzia 8b:40", 
            "Talmud"
        ], 
        [
            "8b:6:2", 
            "Bava Metzia 8b:6", 
            "Talmud"
        ]
    ], 
    "text": [], 
    "heTitleVariants": [
        "תוספות על ב\"מ", 
        "תוספות על בבא מציעא", 
        "תוספות על ב״מ"
    ], 
    "heTitle": "תוספות על בבא מציעא ח׳ ב", 
    "commentaryBook": "Bava Metzia", 
    "heRef": "תוספות על בבא מציעא ח׳ ב", 
    "toSections": [
        "8b"
    ], 
    "sectionRef": "Tosafot on Bava Metzia 8b", 
    "title": "Tosafot on Bava Metzia 8b", 
    "lengths": [
        235, 
        12026
    ], 
    "next": "Tosafot on Bava Metzia 9a:6", 
    "heBook": "תוספות על בבא מציעא", 
    "book": "Tosafot on Bava Metzia", 
    "prev": "Tosafot on Bava Metzia 8a:42", 
    "textDepth": 3, 
    "sectionNames": [
        "Daf", 
        "Line", 
        "Comment"
    ], 
    "sections": [
        "8b"
    ], 
    "commentator": "Tosafot", 
    "isComplex": false, 
    "commentaryCategories": [
        "Talmud", 
        "Bavli", 
        "Seder Nezikin"
    ], 
    "titleVariants": [
        "Tosafot on Tractate Bava Metzia", 
        "Tosafot on Talmud Bava Metzia", 
        "Tosafot on Bava Metzia", 
        "Tosafot on Masekhet Bava Metzia"
    ], 
    "categories": [
        "Commentary", 
        "Talmud", 
        "Tosafot"
    ], 
    "he": [
        [], 
        [], 
        [
            "מנהיג לחודיה מי איכא מאן דאמר לא קנה - אע\"ג דלר\"ש אית ליה בפ\"ק דקדושין (דף כה: ושם) דבהמה [בין דקה בין גסה] אינה נקנית אלא בהגבהה מ\"מ פריך מכח סתם מתניתין דהא תנן אחד רכוב ואחד מנהיג כו' והא דתנן בפ\"ק דקדושין (שם) בהמה גסה נקנית במסירה דברי ר\"מ ור\"א אף במסירה קאמר וכ\"ש במשיכה וכן התם בגמ' דהיכא דמזכיר מסירה הוי פי' אף במסירה ובמקום שמזכיר משיכה דוקא ולא מסירה ובלאו הכי צריך לומר כן התם:"
        ], 
        [
            "רכוב הוא דלא קני - ומתני' דאחד רכוב דחי לקמן במנהיג ברגליו:"
        ], 
        [], 
        [
            "רכוב עדיף דתפיס בה - אין לפרש דתפיס ברגליו או במה שיושב עליה דהאי לא מיקרי תפיס בה אלא במה שהוא תפוס במוסירה קרי תפיס בה דהא בסמוך נקט האי לישנא וצריך לומר דתפיס בה ואזלא נמי מעט מחמתיה או דלמא מנהיג עדיף דאזלא מחמתיה טובא דאי לא מיבעיא ליה ברכוב אלא משום דתפיס בה גרידא א\"כ מה פושט בסמוך מיושב דפטור והכי נמי דרכוב לא קני והלא לענין כלאים אינו תלוי כלל בתפיסה אלא באזלא מחמתיה ולענין קנין אינו תלוי כי אם בתפיס בה ולא באזלא מחמתיה:", 
            "או דלמא מנהיג עדיף כו' - תימה דלפשוט ממתני' דמנהיג קונה במקום רכוב ואי רכוב איירי במנהיג ברגליו כ\"ש דמנהיג עדיף דאפילו במקום רכוב ומנהיג ברגליו קני כ\"ש במקום רכוב לחודיה וי\"ל דמן המשנה אין להוכיח דקני מנהיג במקום רכוב דאפילו לא קני מיקרי מוחזק דכיון דמנהיג לחודיה שלא במקום רכוב קני מקרי מוחזק אפי' במקום רכוב ומ\"מ לקמן מוכיח שפיר ממתניתין דרכוב לחודיה קני מאחר שקרוי מוחזק דאי אפילו לחודיה לא קני סברא הוא דאפי' מוחזק נמי לא הוי וכן לעיל דקאמר אילימא מהא שנים אוחזין האי אמר כולה אגבהתי' אבל שנים שהגביהו לא קנו התם נמי אע\"ג דכמו שהם שניהם תפוסים לא קנו מקרי מוחזק כיון דאם היה מגביה לחודיה אילו לא היה חבירו תפוס בצד השני היה קונה לכך איקרי מוחזק אפילו עם חבירו ומסיפא אין להוכיח דרכוב ומנהיג קנו שניהם זה במקום זה דקתני אם היו שניהם מודים יחלוקו דאין שניהם מודים שכך קנו אותה ביחד זה ברכיבה וזה בהנהגה אלא שניהם בהנהגה או בקנין אחר:"
        ], 
        [], 
        [], 
        [], 
        [], 
        [], 
        [], 
        [
            "רכוב לחודיה לא קני - נראה דרב יהודה היה מסופק אם שמע משמואל ברכוב לחודיה ומנהיג לחודיה ואז פשיט ליה דרכוב הוא דלא קני או אם שמיע ליה ברכוב במקום מנהיג ואז מספקא ליה הי מינייהו קני דאי לא מספקא ליה אלא שמע משמואל ברכוב במקום מנהיג ותו לא א\"כ ס\"ל לשמואל דרכוב לחודיה קני והשתא פשיט רב יהודה דאפילו לחודיה לא קני:"
        ], 
        [], 
        [], 
        [], 
        [], 
        [], 
        [], 
        [], 
        [], 
        [], 
        [], 
        [], 
        [], 
        [], 
        [], 
        [], 
        [], 
        [], 
        [], 
        [], 
        [], 
        [], 
        [], 
        [], 
        [], 
        [], 
        [], 
        [
            "מהו דתימא רכוב עדיף - פי' חזקתו עדיף ויבטל את חזקת המנהיג קמ\"ל דשניהם מוחזקים ויחלוקו אבל אין לפרש מהו דתימא דרכוב עדיף ויבטל את קנין המנהיג קמ\"ל דשניהם קנו כדפרישית לעיל דאפילו לא הוי קני במקום רכוב מקרי מוחזק כיון דמנהיג לחודיה קני וא\"ת לעיל כי פריך השתא יושב קני רכוב מיבעיא לישני דקא משמע לן דלא מבטל חזקת רכוב דתפיס בה ואזלא מחמתיה את חזקת המנהיג וי\"ל דאין צריך להשמיענו דפשיטא דרכוב לחודיה בלא מנהיג ברגליו לא חשיב לבטל את חזקת המנהיג דאי משום דתפיס בה מנהיג נמי אזלא מחמתיה טפי מרכוב אבל השתא דמיירי במנהיג ברגליו דכיון דכל מה שיש במנהיג יש ברכוב ועוד דתפיס בה יבטל את חזקת המנהיג קא משמע לן ולפי מאי דאוקימנא השתא במנהיג ברגליו אתיא כרבנן וכל שכן כרבי מאיר:"
        ], 
        [], 
        [], 
        []
    ], 
    "ref": "Tosafot on Bava Metzia 8b", 
    "type": "Commentary", 
    "addressTypes": [
        "Talmud", 
        "Integer", 
        "Integer"
    ], 
    "heCommentator": "תוספות", 
    "length": 235, 
    "indexTitle": "Tosafot on Bava Metzia", 
    "heIndexTitle": "תוספות על בבא מציעא", 
    "alts": [], 
    "order": [
        21, 
        2
    ]
}]