[{
    "links": [
        [
            "93b:61:1", 
            "Bava Metzia 93b:61", 
            "Talmud"
        ], 
        [
            "93b:21:1", 
            "Bava Metzia 93b:21", 
            "Talmud"
        ], 
        [
            "93b:25:1", 
            "Bava Metzia 93b:25", 
            "Talmud"
        ], 
        [
            "93b:49:1", 
            "Bava Metzia 93b:49", 
            "Talmud"
        ], 
        [
            "93b:62:1", 
            "Bava Metzia 93b:62", 
            "Talmud"
        ], 
        [
            "93b:72:1", 
            "Bava Metzia 93b:72", 
            "Talmud"
        ], 
        [
            "93b:49:1", 
            "Bava Kamma 58a", 
            "Talmud"
        ]
    ], 
    "text": [], 
    "heTitleVariants": [
        "תוספות על ב\"מ", 
        "תוספות על בבא מציעא", 
        "תוספות על ב״מ"
    ], 
    "heTitle": "תוספות על בבא מציעא צ״ג ב", 
    "commentaryBook": "Bava Metzia", 
    "heRef": "תוספות על בבא מציעא צ״ג ב", 
    "toSections": [
        "93b"
    ], 
    "sectionRef": "Tosafot on Bava Metzia 93b", 
    "title": "Tosafot on Bava Metzia 93b", 
    "lengths": [
        235, 
        12026
    ], 
    "next": "Tosafot on Bava Metzia 94a:19", 
    "heBook": "תוספות על בבא מציעא", 
    "book": "Tosafot on Bava Metzia", 
    "prev": "Tosafot on Bava Metzia 93a:66", 
    "textDepth": 3, 
    "sectionNames": [
        "Daf", 
        "Line", 
        "Comment"
    ], 
    "sections": [
        "93b"
    ], 
    "commentator": "Tosafot", 
    "isComplex": false, 
    "commentaryCategories": [
        "Talmud", 
        "Bavli", 
        "Seder Nezikin"
    ], 
    "titleVariants": [
        "Tosafot on Tractate Bava Metzia", 
        "Tosafot on Talmud Bava Metzia", 
        "Tosafot on Bava Metzia", 
        "Tosafot on Masekhet Bava Metzia"
    ], 
    "categories": [
        "Commentary", 
        "Talmud", 
        "Tosafot"
    ], 
    "he": [
        [], 
        [], 
        [], 
        [], 
        [], 
        [], 
        [], 
        [], 
        [], 
        [], 
        [], 
        [], 
        [], 
        [], 
        [], 
        [], 
        [], 
        [], 
        [], 
        [], 
        [
            "ובא זאב וטרף - בשעת משלחת זאבים ור' יהודה היא דאמר זאב אחד אונס:"
        ], 
        [], 
        [], 
        [], 
        [
            "אי הכי אמאי פטור תחילתו בפשיעה וסופו באונס הוא - וא\"ת לאביי נמי דמוקי לה בעידנא דעיילי אינשי מי ניחא והא מ\"מ אם היה יכול להציל חייב אלמא תחילתו בפשיעה הוא וי\"ל דלא חשיב ליה פשיעה אלא גניבה ואבידה ויש ללמוד מכאן דתחילתו דכעין גניבה ואבידה וסופו באונס דפטור ומהא דאמר רב בהמפקיד (לעיל דף לו ושם) אפי' שומר שכר שמסר לשומר חנם פטור לפי שמסר לבן דעת אין ראיה דאפילו סבר רב תחילתו בכעין גניבה ואבידה וסופו באונס חייב אפילו הכי פטור דאין לנו לומר שודאי שומר חנם לא ישמור מגניבה ואבידה רק מפשיעה והוה ליה תחילתו בכעין גניבה ואבידה אלא סתם בן דעת רגיל לשמור הרבה אפילו מדברים שאינו חייב ושמא אפילו מסרו לשומר חנם ופטריה מפשיעה פטור דלא חשיב תחילתו בפשיעה בהכי:"
        ], 
        [], 
        [], 
        [], 
        [], 
        [], 
        [], 
        [], 
        [], 
        [], 
        [], 
        [], 
        [], 
        [], 
        [], 
        [], 
        [], 
        [], 
        [], 
        [], 
        [], 
        [], 
        [], 
        [], 
        [
            "איבעי לך לעבורי חדא חדא - נראה דלא חשיב לה פשיעה מהאי טעמא אלא כעין גניבה ואבידה ומחייב מטעמא דאדעתא דהכי יהבי לך אגרא דתינטר נטירותא יתירתא כרב חסדא ורבה בר רב הונא מדמייתי לה הכא ואתי שפיר דקאמר בסמוך כבר צווחו קמאי שרצו לפטור מדרבה דאם לא כן אמאי צווחו דמילתא דפשיטא הוא שהן חייבים דאפילו שומר חנם חייב וסבר רב פפא דהכא כרבא דפרק הכונס (ב\"ק דף נח.) דאמר משום דאיבעי לך לעבורי חדא חדא לאו פשיעה היא ולא כרב כהנא דאמר התם דהוי פשיעה גבי נפלה לגינה:"
        ], 
        [], 
        [], 
        [], 
        [], 
        [], 
        [], 
        [], 
        [], 
        [], 
        [], 
        [], 
        [
            "אמר רבה התם גברי דפרמוסקי הוו - אפילו גריס רבא אתי שפיר אע\"ג דרבא מוקי בהגוזל קמא (שם דף קח:) מילתא דרב הונא בר אבין שקדם ונשבע אבל היכא דלא נשבע אפילו שומר חנם עושה עמו דין ואינו נשבע הכא לדברי השואל משיב וליה לא סבירא ליה:"
        ], 
        [
            "דאי רמא קלא הוו [אתו] מצלין ליה - והשתא אפילו לא הוכר הגנב הוה חייב כיון דפשע ולא נקט גמרא הוכר הגנב אלא משום התלמידים שהיו סבורים דמשום דהוכר הגנב חייביה:"
        ], 
        [], 
        [], 
        [], 
        [], 
        [], 
        [], 
        [], 
        [], 
        [], 
        [
            "סיגפה ומתה אינו אונס - תימה דפשיטא דפשיעה גמורה הוא וי\"ל דקמ\"ל דאפילו יש לתלות ולומר שמתה גם בשביל דבר אחר אפילו הכי חייב דלא היה לו לסגפה:"
        ], 
        [], 
        [], 
        [], 
        [], 
        [], 
        [], 
        [], 
        [], 
        [], 
        [], 
        [], 
        [], 
        [], 
        [], 
        [], 
        [], 
        [], 
        [], 
        []
    ], 
    "ref": "Tosafot on Bava Metzia 93b", 
    "type": "Commentary", 
    "addressTypes": [
        "Talmud", 
        "Integer", 
        "Integer"
    ], 
    "heCommentator": "תוספות", 
    "length": 235, 
    "indexTitle": "Tosafot on Bava Metzia", 
    "heIndexTitle": "תוספות על בבא מציעא", 
    "alts": [], 
    "order": [
        21, 
        2
    ]
}]