{
    "content": [
        {
            "segmentNumber": "1", 
            "he": "<b>ולענין </b>הדר בירושלם ועברו עליו שלשים יום שלא ראה בית המקדש אם חייב לקרוע או לא. הדבר ברור אצלי שחייב לקרוע כשרואה אותה כההיא דגרסינן בירושלמי ר' שמעון קמטר' שאל לרבי אבא כגון אנא דאנא חמר וסליקנא לירושלם בכל שעה מהו שאקרע א\"ל תוך שלשים יום אין אתה צריך לקרוע לאחר שלשים יום אתה צריך לקרוע ע\"כ. ודכוותה אמרינן גבי הרואה את הים הגדול ושאר הברכות שחייבו רז\"ל לברך בתוך ל' יום אין צריך לברך אחר שלשים יום צריך. וכבר ידעת דקדושת בהמ\"ק עדיפא מקדושת ירושלם וא\"כ כ\"ש שצריך לקרוע. וליכא למימר דשאני נ\"ד שהוא דר ודעתו על ב\"ה חדא דאין הדבר תלוי בדעתו אלא בראיה. ותו דכל הני ברכות שחייבות ז\"ל בכל גוונא איירי וליכא למימר כיון דטעמא הוי משום עגמת נפש ומי שהוא שכן לב\"ה הרי נפשו עגומה בכל שעה דא\"כ מי שקרע על ירושלם ונפשו עגומה למה הוא קורע על המקדש אלא מאי אית לך למימר דעל המקדש איכא עגמת נפש יתירה הילכך כיון שעברו עליו שלשים יום ולא ראה את המקדש בשעה שהוא רואה אותו מתחדש אצלו עגמת נפש יתירה וחייב לקרוע. וכתבתי כל זה אע\"פ שהוא פשוט לפי שראיתי שאין העם נזהרים בזה ואתה תהיה מן הנזהרים: "
        }
    ], 
    "heTitle": "תשובות הרדב\"ז חלק ב", 
    "indexTitle": "Teshuvot HaRadbaz Volume 2", 
    "sectionRef": "Teshuvot HaRadbaz Volume 2 646", 
    "prev": "Teshuvot HaRadbaz Volume 2 645", 
    "ref": "Teshuvot HaRadbaz Volume 2 646", 
    "heRef": "תשובות הרדב\"ז חלק ב תרמ״ו", 
    "next": "Teshuvot HaRadbaz Volume 2 647"
}