{
    "heTitleVariants": [
        "תשובות הרדב\"ז חלק ב"
    ], 
    "heTitle": "תשובות הרדב\"ז חלק ב", 
    "heRef": "תשובות הרדב\"ז חלק ב תע״ט", 
    "toSections": [
        479
    ], 
    "sectionRef": "Teshuvot HaRadbaz Volume 2 479", 
    "next": "Teshuvot HaRadbaz Volume 2 589", 
    "content": [], 
    "book": "Teshuvot HaRadbaz Volume 2", 
    "prev": null, 
    "textDepth": 2, 
    "sectionNames": [
        "Teshuva", 
        "Paragraph"
    ], 
    "sections": [
        479
    ], 
    "isComplex": false, 
    "titleVariants": [
        "Teshuvot HaRadbaz Volume 2"
    ], 
    "categories": [
        "Responsa", 
        "Radbaz"
    ], 
    "ref": "Teshuvot HaRadbaz Volume 2 479", 
    "type": "Responsa", 
    "addressTypes": [
        "Integer", 
        "Integer"
    ], 
    "indexTitle": "Teshuvot HaRadbaz Volume 2", 
    "heIndexTitle": "תשובות הרדב\"ז חלק ב", 
    "alts": [], 
    "order": ""
}