{
    "sections": {
        "Ran on Nedarim 68a:13": {
            "content": [], 
            "heTitle": "ר\"ן על נדרים ס״ח א:י״ג", 
            "indexTitle": "Ran on Nedarim", 
            "sectionRef": "Ran on Nedarim 68a:13", 
            "prev": "Ran on Nedarim 68a:11", 
            "ref": "Ran on Nedarim 68a:13", 
            "heRef": "ר\"ן על נדרים ס״ח א:י״ג", 
            "next": "Ran on Nedarim 68a:14"
        }, 
        "Ran on Nedarim 68a:16": {
            "content": [], 
            "heTitle": "ר\"ן על נדרים ס״ח א:ט״ז", 
            "indexTitle": "Ran on Nedarim", 
            "sectionRef": "Ran on Nedarim 68a:16", 
            "prev": "Ran on Nedarim 68a:14", 
            "ref": "Ran on Nedarim 68a:16", 
            "heRef": "ר\"ן על נדרים ס״ח א:ט״ז", 
            "next": "Ran on Nedarim 68b:1"
        }, 
        "Ran on Nedarim 68a:11": {
            "content": [
                {
                    "segmentNumber": "1", 
                    "links": [
                        {
                            "category": "Talmud", 
                            "index_title": "Nedarim", 
                            "sourceHeRef": "נדרים ס״ח א:י״א", 
                            "sourceRef": "Nedarim 68a:11"
                        }
                    ], 
                    "he": "אי אמרת מיגז גייז לקיא - דנהי דבהפרת ארוס פקע איסור דחד זיתא אידך כדקאי קאי ולקיא עליה מיהו כיון דלא ידעינן הי מינייהו קאי באיסוריה לא לקיא עד דאכלה תרויהון:"
                }, 
                {
                    "segmentNumber": "2", 
                    "links": [
                        {
                            "category": "Talmud", 
                            "index_title": "Nedarim", 
                            "sourceHeRef": "נדרים ס״ח א:י״א", 
                            "sourceRef": "Nedarim 68a:11"
                        }, 
                        {
                            "category": "Talmud", 
                            "index_title": "Shevuot", 
                            "sourceHeRef": "שבועות כ״ב א", 
                            "sourceRef": "Shevuot 22a"
                        }
                    ], 
                    "he": "ואי אמרת מקלש קליש - ליכא מלקות דהא קליש ליה כוליה נדרא וליכא אלא איסורא בעלמא. ומקשו הכא למה לי תרין זיתין דנקט דהא בפ' שבועות שתים בתרא (שבועות דף כב.) א''ר פפא דבכל שהוא בקונמות לוקה י''ל משום דאיכא התם מאן דס''ל דאפי' בקונמות לא לקי עד דאיכא כזית נקט לה הכא הכי לרווחא דמילתא א''נ משום שבועה נקט לה דבכלל נדר שבועה כדאמרינן לעיל נדר גדול נדר לאלהי ישראל ובשבועה בפחות מכשיעור ליכא מלקות א''נ דלוקה דקאמר הכא לוקה בקרבן קאמר לענין מעילה דלכ''ע ליכא קרבן בפחות מכשיעור ואשכחן דכוותיה כדאמרי' (ב''מ מג.) ילקה ביתר ובחסר. הרשב''א ז''ל:"
                }
            ], 
            "heTitle": "ר\"ן על נדרים ס״ח א:י״א", 
            "indexTitle": "Ran on Nedarim", 
            "sectionRef": "Ran on Nedarim 68a:11", 
            "prev": "Ran on Nedarim 68a:10", 
            "ref": "Ran on Nedarim 68a:11", 
            "heRef": "ר\"ן על נדרים ס״ח א:י״א", 
            "next": "Ran on Nedarim 68a:14"
        }, 
        "Ran on Nedarim 68a:15": {
            "content": [], 
            "heTitle": "ר\"ן על נדרים ס״ח א:ט״ו", 
            "indexTitle": "Ran on Nedarim", 
            "sectionRef": "Ran on Nedarim 68a:15", 
            "prev": "Ran on Nedarim 68a:14", 
            "ref": "Ran on Nedarim 68a:15", 
            "heRef": "ר\"ן על נדרים ס״ח א:ט״ו", 
            "next": "Ran on Nedarim 68b:1"
        }, 
        "Ran on Nedarim 68a:12": {
            "content": [], 
            "heTitle": "ר\"ן על נדרים ס״ח א:י״ב", 
            "indexTitle": "Ran on Nedarim", 
            "sectionRef": "Ran on Nedarim 68a:12", 
            "prev": "Ran on Nedarim 68a:11", 
            "ref": "Ran on Nedarim 68a:12", 
            "heRef": "ר\"ן על נדרים ס״ח א:י״ב", 
            "next": "Ran on Nedarim 68a:14"
        }, 
        "Ran on Nedarim 68a:9": {
            "content": [], 
            "heTitle": "ר\"ן על נדרים ס״ח א:ט׳", 
            "indexTitle": "Ran on Nedarim", 
            "sectionRef": "Ran on Nedarim 68a:9", 
            "prev": "Ran on Nedarim 68a:8", 
            "ref": "Ran on Nedarim 68a:9", 
            "heRef": "ר\"ן על נדרים ס״ח א:ט׳", 
            "next": "Ran on Nedarim 68a:10"
        }, 
        "Ran on Nedarim 68a:8": {
            "content": [
                {
                    "segmentNumber": "1", 
                    "links": [
                        {
                            "category": "Talmud", 
                            "index_title": "Nedarim", 
                            "sourceHeRef": "נדרים ס״ח א:ח׳", 
                            "sourceRef": "Nedarim 68a:8"
                        }
                    ], 
                    "he": "איבעיא להו בעל מיגז גייז או מקלש קליש - כלומר ארוס שאינו מיפר אלא בשותפותיה דאב כשמיפר חלקו מיגז גייז כלומר שחותך חצי הנדר לגמרי ומבטלו וחציו האחר נשאר חזק כבתחלה ולא אקליש ליה כלל או מקלש קליש דלא נימא תחתך חצי הנדר דלבטל ההוא פלגא ואידך פלגא כדקאי קאי אלא בהפרת הארוס מקלש הוא דקליש ליה כוליה נדר ודקא מיבעיא ליה בארוס ה''ה באב וחד מינייהו נקט:"
                }
            ], 
            "heTitle": "ר\"ן על נדרים ס״ח א:ח׳", 
            "indexTitle": "Ran on Nedarim", 
            "sectionRef": "Ran on Nedarim 68a:8", 
            "prev": "Ran on Nedarim 68a:7", 
            "ref": "Ran on Nedarim 68a:8", 
            "heRef": "ר\"ן על נדרים ס״ח א:ח׳", 
            "next": "Ran on Nedarim 68a:10"
        }, 
        "Ran on Nedarim 68a:14": {
            "content": [
                {
                    "segmentNumber": "1", 
                    "links": [
                        {
                            "category": "Talmud", 
                            "index_title": "Nedarim", 
                            "sourceHeRef": "נדרים ס״ח א:י״ד", 
                            "sourceRef": "Nedarim 68a:14"
                        }
                    ], 
                    "he": "תא שמע אימתי אמרו מת הבעל נתרוקנה רשות לאב בזמן שלא שמע הבעל קודם שמת או ששמע והפר או ששמע ושתק ומת בו ביום - הא דקתני ומת בו ביום אשמע ושתק קאי דדוקא בו ביום דאכתי לא קיימיה בעל יכול האב להפר אבל מת ביום שלאחריו לא דהא קיימיה בעל דכיון שלא הפר גלי אדעתיה דמינח ניחא ליה הלכך אין האב הבא מכחו יכול להפר אבל שמע והפר אפילו מת ביום שלאחריו יכול להפר דאע''ג דמכי מיית ליה בעל בטלה הפרתו והאב צריך להפר חלק הבעל עם חלקו אפילו הכי כיון שכבר הפר אי אפשר דלהוי גבי בעל כהקמה אע''פ שנתבטלה הפרתו דהא מ''מ גלי אדעתיה דלא ניחא ליה בההוא נדרא ומאי הוה ליה למעבד וה''נ מוכחא סיפא דקתני"
                }
            ], 
            "heTitle": "ר\"ן על נדרים ס״ח א:י״ד", 
            "indexTitle": "Ran on Nedarim", 
            "sectionRef": "Ran on Nedarim 68a:14", 
            "prev": "Ran on Nedarim 68a:11", 
            "ref": "Ran on Nedarim 68a:14", 
            "heRef": "ר\"ן על נדרים ס״ח א:י״ד", 
            "next": "Ran on Nedarim 68b:1"
        }, 
        "Ran on Nedarim 68a:5": {
            "content": [
                {
                    "segmentNumber": "1", 
                    "links": [
                        {
                            "category": "Talmud", 
                            "index_title": "Nedarim", 
                            "sourceHeRef": "נדרים ס״ח א:ה׳", 
                            "sourceRef": "Nedarim 68a:5"
                        }
                    ], 
                    "he": "ורבה הא דתנא דבי רבי ישמעאל מאי עביד ליה - כלומר קרא דדריש מיניה תנא דבי רבי ישמעאל דתנא דיניה מאי עביד ליה:"
                }
            ], 
            "heTitle": "ר\"ן על נדרים ס״ח א:ה׳", 
            "indexTitle": "Ran on Nedarim", 
            "sectionRef": "Ran on Nedarim 68a:5", 
            "prev": "Ran on Nedarim 68a:1", 
            "ref": "Ran on Nedarim 68a:5", 
            "heRef": "ר\"ן על נדרים ס״ח א:ה׳", 
            "next": "Ran on Nedarim 68a:7"
        }, 
        "Ran on Nedarim 68a:4": {
            "content": [], 
            "heTitle": "ר\"ן על נדרים ס״ח א:ד׳", 
            "indexTitle": "Ran on Nedarim", 
            "sectionRef": "Ran on Nedarim 68a:4", 
            "prev": "Ran on Nedarim 68a:1", 
            "ref": "Ran on Nedarim 68a:4", 
            "heRef": "ר\"ן על נדרים ס״ח א:ד׳", 
            "next": "Ran on Nedarim 68a:5"
        }, 
        "Ran on Nedarim 68a:7": {
            "content": [
                {
                    "segmentNumber": "1", 
                    "links": [
                        {
                            "category": "Talmud", 
                            "index_title": "Nedarim", 
                            "sourceHeRef": "נדרים ס״ח א:ז׳", 
                            "sourceRef": "Nedarim 68a:7"
                        }
                    ], 
                    "he": "לומר שהבעל מיפר דברים שבינו לבינה - דנדרי עינוי נפש בהדיא כתיבי כל נדר וכל שבועת איסר לענות נפש ובין איש לאשתו איצטריכא לדברים שבינו לבינה ולקמן באידך פירקין (דף פא:) מפרש מאי ניהו וקשיא ליה לתנא דבי ר' ישמעאל דברים שבינו לבינה מנא ליה ואפשר דתרתי יליף מינה - וכי היכי דבעל אינו מיפר בנדרי אשתו אלא נדרים שיש בהם עינוי ודברים שבינו לבינה הכי נמי אב אינו מיפר בנדרי בתו אלא אלו בלבד והכי איתא בספרי אין לי אלא בעל שאין מיפר אלא נדרים שבינו לבינה ונדרים שיש בהן עינוי נפש האב מנין הרי אתה דן וכו' לא זכיתי לדון תלמוד לומר אלה החוקים וגו' בין איש לאשתו בין אב לבתו על כרחין אתה מקיש את האב לבעל מה הבעל אין מיפר אלא דברים שבינו לבינה ונדרים שיש בהם עינוי נפש וכו' וגרסינן נמי בירושלמי כל נדר וכל שבועת איסר לענות נפש אישה יקימנו ואישה יפירנו אין לי אלא נדרים שיש בהן עינוי נפש דברים שבינו לבינה מנין בין איש לאשתו עד כדון בבעל באב מנין מה הבעל אינו מיפר אלא נדרים שיש בהם עינוי נפש ודברים שבינו לבינה אף האב אינו מיפר אלא נדרים שיש בהם עינוי נפש ודברים שבינו לבינה וזה שלא כדברי הר''ם במז''ל שכתב שהאב מיפר כל נדרי בתו:"
                }
            ], 
            "heTitle": "ר\"ן על נדרים ס״ח א:ז׳", 
            "indexTitle": "Ran on Nedarim", 
            "sectionRef": "Ran on Nedarim 68a:7", 
            "prev": "Ran on Nedarim 68a:5", 
            "ref": "Ran on Nedarim 68a:7", 
            "heRef": "ר\"ן על נדרים ס״ח א:ז׳", 
            "next": "Ran on Nedarim 68a:8"
        }, 
        "Ran on Nedarim 68a:6": {
            "content": [], 
            "heTitle": "ר\"ן על נדרים ס״ח א:ו׳", 
            "indexTitle": "Ran on Nedarim", 
            "sectionRef": "Ran on Nedarim 68a:6", 
            "prev": "Ran on Nedarim 68a:5", 
            "ref": "Ran on Nedarim 68a:6", 
            "heRef": "ר\"ן על נדרים ס״ח א:ו׳", 
            "next": "Ran on Nedarim 68a:7"
        }, 
        "Ran on Nedarim 68a:1": {
            "content": [
                {
                    "segmentNumber": "1", 
                    "links": [
                        {
                            "category": "Talmud", 
                            "index_title": "Nedarim", 
                            "sourceHeRef": "נדרים ס״ח א:א׳", 
                            "sourceRef": "Nedarim 68a:1"
                        }
                    ], 
                    "he": "דבי רבי ישמעאל תנא בין איש לאשתו בין אב לבתו מכאן לנערה המאורסה שאביה ובעלה מפירין נדריה - דמשמע ליה דבנערה המאורסה איירי מדכתיב בההוא קרא בנעוריה בית אביה ומדסמך אב לבתו בהדי איש משמע דאב ובעל מפירין נדריה:"
                }, 
                {
                    "segmentNumber": "2", 
                    "links": [
                        {
                            "category": "Talmud", 
                            "index_title": "Nedarim", 
                            "sourceHeRef": "נדרים ס״ח א:א׳", 
                            "sourceRef": "Nedarim 68a:1"
                        }
                    ], 
                    "he": "ולתנא דבי ר' ישמעאל אם היו תהיה מאי עביד ליה מוקים ליה כאידך דרבה - דאמר לקמן (דף ע -) מקיש קודמי הויה שניה לקודמי הויה ראשונ' ורבנן סבירא להו דתרתי שמעת מינה עיקר קרא לנערה המאורסה דאביה ובעלה מפירין נדריה ותרין הויות לאקושי שניה לראשונה וכ''ת כיון דתנא דבי רבי ישמעאל כוליה קרא דאם היו תהיה לאקושי הויות מוקי ליה ארוס מיפר בקודמין מנא ליה י''ל דמשמע ליה דלא בעי קרא דנהי דמיעט קודמין גבי בעל היינו משום דליתיה לאב ואין לך בו אלא מעוטו בלבד דוקא בשנשאה דלא שייך אב אין בעל מיפר בקודמין אבל ארוס דמיפר בשותפותיה דאב אפילו בקודמין מצי מיפר דלגבי אב ליכא קודמין - החכם הותיק ה''ר שמואל ז''ל:"
                }
            ], 
            "heTitle": "ר\"ן על נדרים ס״ח א:א׳", 
            "indexTitle": "Ran on Nedarim", 
            "sectionRef": "Ran on Nedarim 68a:1", 
            "prev": "Ran on Nedarim 67b:15", 
            "ref": "Ran on Nedarim 68a:1", 
            "heRef": "ר\"ן על נדרים ס״ח א:א׳", 
            "next": "Ran on Nedarim 68a:5"
        }, 
        "Ran on Nedarim 68a:10": {
            "content": [
                {
                    "segmentNumber": "1", 
                    "links": [
                        {
                            "category": "Talmud", 
                            "index_title": "Nedarim", 
                            "sourceHeRef": "נדרים ס״ח א:י׳", 
                            "sourceRef": "Nedarim 68a:10"
                        }
                    ], 
                    "he": "היכי קמבעיא לן - כלומר למאי נפקא מינה:"
                }, 
                {
                    "segmentNumber": "2", 
                    "links": [
                        {
                            "category": "Talmud", 
                            "index_title": "Nedarim", 
                            "sourceHeRef": "נדרים ס״ח א:י׳", 
                            "sourceRef": "Nedarim 68a:10"
                        }
                    ], 
                    "he": "דנדרה מתרין זיתים - ידועין ואכלתנון לתרווייהו:"
                }
            ], 
            "heTitle": "ר\"ן על נדרים ס״ח א:י׳", 
            "indexTitle": "Ran on Nedarim", 
            "sectionRef": "Ran on Nedarim 68a:10", 
            "prev": "Ran on Nedarim 68a:8", 
            "ref": "Ran on Nedarim 68a:10", 
            "heRef": "ר\"ן על נדרים ס״ח א:י׳", 
            "next": "Ran on Nedarim 68a:11"
        }, 
        "Ran on Nedarim 68a:3": {
            "content": [], 
            "heTitle": "ר\"ן על נדרים ס״ח א:ג׳", 
            "indexTitle": "Ran on Nedarim", 
            "sectionRef": "Ran on Nedarim 68a:3", 
            "prev": "Ran on Nedarim 68a:1", 
            "ref": "Ran on Nedarim 68a:3", 
            "heRef": "ר\"ן על נדרים ס״ח א:ג׳", 
            "next": "Ran on Nedarim 68a:5"
        }, 
        "Ran on Nedarim 68a:2": {
            "content": [], 
            "heTitle": "ר\"ן על נדרים ס״ח א:ב׳", 
            "indexTitle": "Ran on Nedarim", 
            "sectionRef": "Ran on Nedarim 68a:2", 
            "prev": "Ran on Nedarim 68a:1", 
            "ref": "Ran on Nedarim 68a:2", 
            "heRef": "ר\"ן על נדרים ס״ח א:ב׳", 
            "next": "Ran on Nedarim 68a:5"
        }
    }, 
    "ref": "Ran on Nedarim 68a"
}