{
    "sections": {
        "Ran on Nedarim 79b:12": {
            "content": [], 
            "heTitle": "ר\"ן על נדרים ע״ט ב:י״ב", 
            "indexTitle": "Ran on Nedarim", 
            "sectionRef": "Ran on Nedarim 79b:12", 
            "prev": "Ran on Nedarim 79b:6", 
            "ref": "Ran on Nedarim 79b:12", 
            "heRef": "ר\"ן על נדרים ע״ט ב:י״ב", 
            "next": "Ran on Nedarim 79b:13"
        }, 
        "Ran on Nedarim 79b:13": {
            "content": [
                {
                    "segmentNumber": "1", 
                    "links": [
                        {
                            "category": "Talmud", 
                            "index_title": "Nedarim", 
                            "sourceHeRef": "נדרים ע״ט ב:י״ג", 
                            "sourceRef": "Nedarim 79b:13"
                        }
                    ], 
                    "he": "גמ' כי מגרש לה חיילי - ומתסרא בהו אע''פ שחזר ונשאה:"
                }
            ], 
            "heTitle": "ר\"ן על נדרים ע״ט ב:י״ג", 
            "indexTitle": "Ran on Nedarim", 
            "sectionRef": "Ran on Nedarim 79b:13", 
            "prev": "Ran on Nedarim 79b:6", 
            "ref": "Ran on Nedarim 79b:13", 
            "heRef": "ר\"ן על נדרים ע״ט ב:י״ג", 
            "next": "Ran on Nedarim 79b:16"
        }, 
        "Ran on Nedarim 79b:10": {
            "content": [], 
            "heTitle": "ר\"ן על נדרים ע״ט ב:י׳", 
            "indexTitle": "Ran on Nedarim", 
            "sectionRef": "Ran on Nedarim 79b:10", 
            "prev": "Ran on Nedarim 79b:6", 
            "ref": "Ran on Nedarim 79b:10", 
            "heRef": "ר\"ן על נדרים ע״ט ב:י׳", 
            "next": "Ran on Nedarim 79b:13"
        }, 
        "Ran on Nedarim 79b:11": {
            "content": [], 
            "heTitle": "ר\"ן על נדרים ע״ט ב:י״א", 
            "indexTitle": "Ran on Nedarim", 
            "sectionRef": "Ran on Nedarim 79b:11", 
            "prev": "Ran on Nedarim 79b:6", 
            "ref": "Ran on Nedarim 79b:11", 
            "heRef": "ר\"ן על נדרים ע״ט ב:י״א", 
            "next": "Ran on Nedarim 79b:13"
        }, 
        "Ran on Nedarim 79b:16": {
            "content": [
                {
                    "segmentNumber": "1", 
                    "links": [
                        {
                            "category": "Talmud", 
                            "index_title": "Nedarim", 
                            "sourceHeRef": "נדרים ע״ט ב:ט״ז", 
                            "sourceRef": "Nedarim 79b:16"
                        }
                    ], 
                    "he": "והתנן רבי יוחנן בן נורי אומר יפר - מתניתין היא בהאי פרקא וקתני רישא קונם שאני עושה על פיך אינו צריך להפר דהא משעבדא ליה ואלמוה רבנן לשיעבודיה דבעל שלא יפקיענו קונם ר' יוחנן בן נורי אומר יפר שאם לא יפר יחול הנדר כשיגרשנ' ותהא אסורה לחזור לו שמא יהנה ממנה ומש''ה יפר אלמא כי מפר לה מעיקרא אפי' בתר גירושין לא חייל נדרה ואע''ג דמעשה ידיה מדברים שבינו לבינה הוא:"
                }
            ], 
            "heTitle": "ר\"ן על נדרים ע״ט ב:ט״ז", 
            "indexTitle": "Ran on Nedarim", 
            "sectionRef": "Ran on Nedarim 79b:16", 
            "prev": "Ran on Nedarim 79b:13", 
            "ref": "Ran on Nedarim 79b:16", 
            "heRef": "ר\"ן על נדרים ע״ט ב:ט״ז", 
            "next": "Ran on Nedarim 79b:21"
        }, 
        "Ran on Nedarim 79b:17": {
            "content": [], 
            "heTitle": "ר\"ן על נדרים ע״ט ב:י״ז", 
            "indexTitle": "Ran on Nedarim", 
            "sectionRef": "Ran on Nedarim 79b:17", 
            "prev": "Ran on Nedarim 79b:16", 
            "ref": "Ran on Nedarim 79b:17", 
            "heRef": "ר\"ן על נדרים ע״ט ב:י״ז", 
            "next": "Ran on Nedarim 79b:21"
        }, 
        "Ran on Nedarim 79b:14": {
            "content": [], 
            "heTitle": "ר\"ן על נדרים ע״ט ב:י״ד", 
            "indexTitle": "Ran on Nedarim", 
            "sectionRef": "Ran on Nedarim 79b:14", 
            "prev": "Ran on Nedarim 79b:13", 
            "ref": "Ran on Nedarim 79b:14", 
            "heRef": "ר\"ן על נדרים ע״ט ב:י״ד", 
            "next": "Ran on Nedarim 79b:16"
        }, 
        "Ran on Nedarim 79b:15": {
            "content": [], 
            "heTitle": "ר\"ן על נדרים ע״ט ב:ט״ו", 
            "indexTitle": "Ran on Nedarim", 
            "sectionRef": "Ran on Nedarim 79b:15", 
            "prev": "Ran on Nedarim 79b:13", 
            "ref": "Ran on Nedarim 79b:15", 
            "heRef": "ר\"ן על נדרים ע״ט ב:ט״ו", 
            "next": "Ran on Nedarim 79b:16"
        }, 
        "Ran on Nedarim 79b:30": {
            "content": [
                {
                    "segmentNumber": "1", 
                    "links": [
                        {
                            "category": "Talmud", 
                            "index_title": "Nedarim", 
                            "sourceHeRef": "נדרים ע״ט ב:ל׳", 
                            "sourceRef": "Nedarim 79b:30"
                        }
                    ], 
                    "he": "ועוד בהא לימא רבי יוסי אין אלו נדרי ענוי נפש דלמא רחצה ואתסרו פירות עולם עלה - לאו דינא דר' יוסי קא קשיא ליה דהיכי נקשי לרבי יוסי אמאי לא יפר דלמא רחצה דהא איפכא אקשינן לתנא קמא לא תרחץ ולא לתסרון פירות עולם עלה אלא לישנא קשיא ליה דקאמר אין אלו נדרי ענוי נפש דמשמע דלא פליג אמאי דחייש ת''ק דלמא רחצה אלא דקאמר דאפי' הכי אין אלו נדרי ענוי נפש והא ודאי קשיא דכיון דקמודה דלמא רחצה אעיקר נדרה הא אית בה עינוי נפש ואם איתא דלא מודה ליה דלמא רחצה הוה לן למימר אין יפול להפר משום נדרי ענוי נפש:"
                }
            ], 
            "heTitle": "ר\"ן על נדרים ע״ט ב:ל׳", 
            "indexTitle": "Ran on Nedarim", 
            "sectionRef": "Ran on Nedarim 79b:30", 
            "prev": "Ran on Nedarim 79b:27", 
            "ref": "Ran on Nedarim 79b:30", 
            "heRef": "ר\"ן על נדרים ע״ט ב:ל׳", 
            "next": "Ran on Nedarim 80a:1"
        }, 
        "Ran on Nedarim 79b:31": {
            "content": [], 
            "heTitle": "ר\"ן על נדרים ע״ט ב:ל״א", 
            "indexTitle": "Ran on Nedarim", 
            "sectionRef": "Ran on Nedarim 79b:31", 
            "prev": "Ran on Nedarim 79b:30", 
            "ref": "Ran on Nedarim 79b:31", 
            "heRef": "ר\"ן על נדרים ע״ט ב:ל״א", 
            "next": "Ran on Nedarim 80a:1"
        }, 
        "Ran on Nedarim 79b:18": {
            "content": [], 
            "heTitle": "ר\"ן על נדרים ע״ט ב:י״ח", 
            "indexTitle": "Ran on Nedarim", 
            "sectionRef": "Ran on Nedarim 79b:18", 
            "prev": "Ran on Nedarim 79b:16", 
            "ref": "Ran on Nedarim 79b:18", 
            "heRef": "ר\"ן על נדרים ע״ט ב:י״ח", 
            "next": "Ran on Nedarim 79b:21"
        }, 
        "Ran on Nedarim 79b:19": {
            "content": [], 
            "heTitle": "ר\"ן על נדרים ע״ט ב:י״ט", 
            "indexTitle": "Ran on Nedarim", 
            "sectionRef": "Ran on Nedarim 79b:19", 
            "prev": "Ran on Nedarim 79b:16", 
            "ref": "Ran on Nedarim 79b:19", 
            "heRef": "ר\"ן על נדרים ע״ט ב:י״ט", 
            "next": "Ran on Nedarim 79b:21"
        }, 
        "Ran on Nedarim 79b:29": {
            "content": [], 
            "heTitle": "ר\"ן על נדרים ע״ט ב:כ״ט", 
            "indexTitle": "Ran on Nedarim", 
            "sectionRef": "Ran on Nedarim 79b:29", 
            "prev": "Ran on Nedarim 79b:27", 
            "ref": "Ran on Nedarim 79b:29", 
            "heRef": "ר\"ן על נדרים ע״ט ב:כ״ט", 
            "next": "Ran on Nedarim 79b:30"
        }, 
        "Ran on Nedarim 79b:28": {
            "content": [], 
            "heTitle": "ר\"ן על נדרים ע״ט ב:כ״ח", 
            "indexTitle": "Ran on Nedarim", 
            "sectionRef": "Ran on Nedarim 79b:28", 
            "prev": "Ran on Nedarim 79b:27", 
            "ref": "Ran on Nedarim 79b:28", 
            "heRef": "ר\"ן על נדרים ע״ט ב:כ״ח", 
            "next": "Ran on Nedarim 79b:30"
        }, 
        "Ran on Nedarim 79b:27": {
            "content": [
                {
                    "segmentNumber": "1", 
                    "links": [
                        {
                            "category": "Talmud", 
                            "index_title": "Nedarim", 
                            "sourceHeRef": "נדרים ע״ט ב:כ״ז", 
                            "sourceRef": "Nedarim 79b:27"
                        }
                    ], 
                    "he": "אילימא דאמרה קונם פירות עולם עלי אם ארחץ למה לה הפרה לא תרחץ ולא ליתסרון פירות עולם עלה - דמדלא תני כגון שנדרה ברחיצה עצמה אלמא ברחיצה ליכא ענוי וכיון דליכא ענוי למה לה הפרה ומדאמרינן האי לישנא דלמה לה הפרה ואמרי' נמי לא תרחץ ולא ליתסרון פירות עולם עלה משמע דכל אימת דלא רחצה לא מתסרי עלה פירות ולא חיישינן שמא תרחץ ואיכא למידק דהא אמר רב יהודה לעיל פרק ואלו מותרין (דף יד:) קונם עיני בשינה היום אם אישן למחר אל יישן היום חיישינן שמא יישן למחר דבתנאיה לא מזדהר וה''נ אית לן למיחש דלמא רחצה ותתסר מהשתא בפירי לאו קושיא היא דאי אמרה בהדיא קונם פירות עולם עלי מהיום אם ארחץ ה''נ אבל כיון שתלתה נדרה באם אין במשמע שתחול נדרה אלא לאחר שתעבור על תנאה:"
                }
            ], 
            "heTitle": "ר\"ן על נדרים ע״ט ב:כ״ז", 
            "indexTitle": "Ran on Nedarim", 
            "sectionRef": "Ran on Nedarim 79b:27", 
            "prev": "Ran on Nedarim 79b:26", 
            "ref": "Ran on Nedarim 79b:27", 
            "heRef": "ר\"ן על נדרים ע״ט ב:כ״ז", 
            "next": "Ran on Nedarim 79b:30"
        }, 
        "Ran on Nedarim 79b:26": {
            "content": [
                {
                    "segmentNumber": "1", 
                    "links": [
                        {
                            "category": "Talmud", 
                            "index_title": "Nedarim", 
                            "sourceHeRef": "נדרים ע״ט ב:כ״ו", 
                            "sourceRef": "Nedarim 79b:26"
                        }
                    ], 
                    "he": "היכי קאמרה - דלשון קונם לא שייך אם:"
                }
            ], 
            "heTitle": "ר\"ן על נדרים ע״ט ב:כ״ו", 
            "indexTitle": "Ran on Nedarim", 
            "sectionRef": "Ran on Nedarim 79b:26", 
            "prev": "Ran on Nedarim 79b:22", 
            "ref": "Ran on Nedarim 79b:26", 
            "heRef": "ר\"ן על נדרים ע״ט ב:כ״ו", 
            "next": "Ran on Nedarim 79b:27"
        }, 
        "Ran on Nedarim 79b:25": {
            "content": [], 
            "heTitle": "ר\"ן על נדרים ע״ט ב:כ״ה", 
            "indexTitle": "Ran on Nedarim", 
            "sectionRef": "Ran on Nedarim 79b:25", 
            "prev": "Ran on Nedarim 79b:22", 
            "ref": "Ran on Nedarim 79b:25", 
            "heRef": "ר\"ן על נדרים ע״ט ב:כ״ה", 
            "next": "Ran on Nedarim 79b:26"
        }, 
        "Ran on Nedarim 79b:24": {
            "content": [], 
            "heTitle": "ר\"ן על נדרים ע״ט ב:כ״ד", 
            "indexTitle": "Ran on Nedarim", 
            "sectionRef": "Ran on Nedarim 79b:24", 
            "prev": "Ran on Nedarim 79b:22", 
            "ref": "Ran on Nedarim 79b:24", 
            "heRef": "ר\"ן על נדרים ע״ט ב:כ״ד", 
            "next": "Ran on Nedarim 79b:26"
        }, 
        "Ran on Nedarim 79b:23": {
            "content": [], 
            "heTitle": "ר\"ן על נדרים ע״ט ב:כ״ג", 
            "indexTitle": "Ran on Nedarim", 
            "sectionRef": "Ran on Nedarim 79b:23", 
            "prev": "Ran on Nedarim 79b:22", 
            "ref": "Ran on Nedarim 79b:23", 
            "heRef": "ר\"ן על נדרים ע״ט ב:כ״ג", 
            "next": "Ran on Nedarim 79b:26"
        }, 
        "Ran on Nedarim 79b:22": {
            "content": [
                {
                    "segmentNumber": "1", 
                    "links": [
                        {
                            "category": "Talmud", 
                            "index_title": "Nedarim", 
                            "sourceHeRef": "נדרים ע״ט ב:כ״ב", 
                            "sourceRef": "Nedarim 79b:22"
                        }
                    ], 
                    "he": "אבל אין בהם ענוי נפש אלא דברי' שבינו לבינה לעצמו מפר לאחרי' אינו מפר - דכיון שנשאת לאחר בטלה לה הפרה דיליה וחייל נדרה והכי קתני ואלו נדרים שהוא מפר בין לעצמו בין לאחרים דכיון דתני מפר סתמא הפרה עולמית משמע:"
                }
            ], 
            "heTitle": "ר\"ן על נדרים ע״ט ב:כ״ב", 
            "indexTitle": "Ran on Nedarim", 
            "sectionRef": "Ran on Nedarim 79b:22", 
            "prev": "Ran on Nedarim 79b:21", 
            "ref": "Ran on Nedarim 79b:22", 
            "heRef": "ר\"ן על נדרים ע״ט ב:כ״ב", 
            "next": "Ran on Nedarim 79b:26"
        }, 
        "Ran on Nedarim 79b:21": {
            "content": [
                {
                    "segmentNumber": "1", 
                    "links": [
                        {
                            "category": "Talmud", 
                            "index_title": "Nedarim", 
                            "sourceHeRef": "נדרים ע״ט ב:כ״א", 
                            "sourceRef": "Nedarim 79b:21"
                        }
                    ], 
                    "he": "בין לעצמו - מהניא הפרה דיליה בין שהיא ראויה לעצמו של מפר:"
                }, 
                {
                    "segmentNumber": "2", 
                    "links": [
                        {
                            "category": "Talmud", 
                            "index_title": "Nedarim", 
                            "sourceHeRef": "נדרים ע״ט ב:כ״א", 
                            "sourceRef": "Nedarim 79b:21"
                        }
                    ], 
                    "he": "בין לאחרים - אפילו גרשה ונשאת לאחר:"
                }
            ], 
            "heTitle": "ר\"ן על נדרים ע״ט ב:כ״א", 
            "indexTitle": "Ran on Nedarim", 
            "sectionRef": "Ran on Nedarim 79b:21", 
            "prev": "Ran on Nedarim 79b:16", 
            "ref": "Ran on Nedarim 79b:21", 
            "heRef": "ר\"ן על נדרים ע״ט ב:כ״א", 
            "next": "Ran on Nedarim 79b:22"
        }, 
        "Ran on Nedarim 79b:20": {
            "content": [], 
            "heTitle": "ר\"ן על נדרים ע״ט ב:כ׳", 
            "indexTitle": "Ran on Nedarim", 
            "sectionRef": "Ran on Nedarim 79b:20", 
            "prev": "Ran on Nedarim 79b:16", 
            "ref": "Ran on Nedarim 79b:20", 
            "heRef": "ר\"ן על נדרים ע״ט ב:כ׳", 
            "next": "Ran on Nedarim 79b:21"
        }, 
        "Ran on Nedarim 79b:8": {
            "content": [], 
            "heTitle": "ר\"ן על נדרים ע״ט ב:ח׳", 
            "indexTitle": "Ran on Nedarim", 
            "sectionRef": "Ran on Nedarim 79b:8", 
            "prev": "Ran on Nedarim 79b:6", 
            "ref": "Ran on Nedarim 79b:8", 
            "heRef": "ר\"ן על נדרים ע״ט ב:ח׳", 
            "next": "Ran on Nedarim 79b:13"
        }, 
        "Ran on Nedarim 79b:9": {
            "content": [], 
            "heTitle": "ר\"ן על נדרים ע״ט ב:ט׳", 
            "indexTitle": "Ran on Nedarim", 
            "sectionRef": "Ran on Nedarim 79b:9", 
            "prev": "Ran on Nedarim 79b:6", 
            "ref": "Ran on Nedarim 79b:9", 
            "heRef": "ר\"ן על נדרים ע״ט ב:ט׳", 
            "next": "Ran on Nedarim 79b:13"
        }, 
        "Ran on Nedarim 79b:1": {
            "content": [
                {
                    "segmentNumber": "1", 
                    "links": [
                        {
                            "category": "Talmud", 
                            "index_title": "Nedarim", 
                            "sourceHeRef": "נדרים ע״ט ב:א׳", 
                            "sourceRef": "Nedarim 79b:1"
                        }
                    ], 
                    "he": "אמר רבי יוסי אין אלו נדרי ענוי נפש - מפרש בגמ' דלר' יוסי נדרי ענוי נפש הוא דלא הויין אבל דברים שבינו לבינה הויין:"
                }
            ], 
            "heTitle": "ר\"ן על נדרים ע״ט ב:א׳", 
            "indexTitle": "Ran on Nedarim", 
            "sectionRef": "Ran on Nedarim 79b:1", 
            "prev": "Ran on Nedarim 79a:33", 
            "ref": "Ran on Nedarim 79b:1", 
            "heRef": "ר\"ן על נדרים ע״ט ב:א׳", 
            "next": "Ran on Nedarim 79b:3"
        }, 
        "Ran on Nedarim 79b:2": {
            "content": [], 
            "heTitle": "ר\"ן על נדרים ע״ט ב:ב׳", 
            "indexTitle": "Ran on Nedarim", 
            "sectionRef": "Ran on Nedarim 79b:2", 
            "prev": "Ran on Nedarim 79b:1", 
            "ref": "Ran on Nedarim 79b:2", 
            "heRef": "ר\"ן על נדרים ע״ט ב:ב׳", 
            "next": "Ran on Nedarim 79b:3"
        }, 
        "Ran on Nedarim 79b:3": {
            "content": [
                {
                    "segmentNumber": "1", 
                    "links": [
                        {
                            "category": "Talmud", 
                            "index_title": "Nedarim", 
                            "sourceHeRef": "נדרים ע״ט ב:ג׳", 
                            "sourceRef": "Nedarim 79b:3"
                        }
                    ], 
                    "he": "ואלו הן נדרי ענוי נפש - מסקנא דמילתיה דרבי יוסי היא:"
                }
            ], 
            "heTitle": "ר\"ן על נדרים ע״ט ב:ג׳", 
            "indexTitle": "Ran on Nedarim", 
            "sectionRef": "Ran on Nedarim 79b:3", 
            "prev": "Ran on Nedarim 79b:1", 
            "ref": "Ran on Nedarim 79b:3", 
            "heRef": "ר\"ן על נדרים ע״ט ב:ג׳", 
            "next": "Ran on Nedarim 79b:5"
        }, 
        "Ran on Nedarim 79b:4": {
            "content": [], 
            "heTitle": "ר\"ן על נדרים ע״ט ב:ד׳", 
            "indexTitle": "Ran on Nedarim", 
            "sectionRef": "Ran on Nedarim 79b:4", 
            "prev": "Ran on Nedarim 79b:3", 
            "ref": "Ran on Nedarim 79b:4", 
            "heRef": "ר\"ן על נדרים ע״ט ב:ד׳", 
            "next": "Ran on Nedarim 79b:5"
        }, 
        "Ran on Nedarim 79b:5": {
            "content": [
                {
                    "segmentNumber": "1", 
                    "links": [
                        {
                            "category": "Talmud", 
                            "index_title": "Nedarim", 
                            "sourceHeRef": "נדרים ע״ט ב:ה׳", 
                            "sourceRef": "Nedarim 79b:5"
                        }
                    ], 
                    "he": "יביא לה ממדינה אחרת - דכיון דמותרת לאכול מפירות מדינה אחרת אין זה ענוי נפש:"
                }
            ], 
            "heTitle": "ר\"ן על נדרים ע״ט ב:ה׳", 
            "indexTitle": "Ran on Nedarim", 
            "sectionRef": "Ran on Nedarim 79b:5", 
            "prev": "Ran on Nedarim 79b:3", 
            "ref": "Ran on Nedarim 79b:5", 
            "heRef": "ר\"ן על נדרים ע״ט ב:ה׳", 
            "next": "Ran on Nedarim 79b:6"
        }, 
        "Ran on Nedarim 79b:6": {
            "content": [
                {
                    "segmentNumber": "1", 
                    "links": [
                        {
                            "category": "Talmud", 
                            "index_title": "Nedarim", 
                            "sourceHeRef": "נדרים ע״ט ב:ו׳", 
                            "sourceRef": "Nedarim 79b:6"
                        }
                    ], 
                    "he": "ואם לא היתה פרנסתו אלא ממנו - שחנווני זה מקיפו ולא ימצא אחר שיהא מקיפו ופעמים שאין לו מעות ונמצאת היא מתענה הלכך יפר ומסתברא דלר' יוסי נמי בנדרה מפירות מדינה שהיא דרה בה יפר דלא גרעה מדינתה מחנווני המקיפו וכי קתני יביא לה ממדינה אחרת בשלא נדרה מפירות מדינתה:"
                }, 
                {
                    "segmentNumber": "2", 
                    "links": [
                        {
                            "category": "Talmud", 
                            "index_title": "Nedarim", 
                            "sourceHeRef": "נדרים ע״ט ב:ו׳", 
                            "sourceRef": "Nedarim 79b:6"
                        }
                    ], 
                    "he": "דברי רבי יוסי - בגמרא מפרש למה לי כיון דבריש מילתיה תנא אמר ר' יוסי:"
                }
            ], 
            "heTitle": "ר\"ן על נדרים ע״ט ב:ו׳", 
            "indexTitle": "Ran on Nedarim", 
            "sectionRef": "Ran on Nedarim 79b:6", 
            "prev": "Ran on Nedarim 79b:5", 
            "ref": "Ran on Nedarim 79b:6", 
            "heRef": "ר\"ן על נדרים ע״ט ב:ו׳", 
            "next": "Ran on Nedarim 79b:13"
        }, 
        "Ran on Nedarim 79b:7": {
            "content": [], 
            "heTitle": "ר\"ן על נדרים ע״ט ב:ז׳", 
            "indexTitle": "Ran on Nedarim", 
            "sectionRef": "Ran on Nedarim 79b:7", 
            "prev": "Ran on Nedarim 79b:6", 
            "ref": "Ran on Nedarim 79b:7", 
            "heRef": "ר\"ן על נדרים ע״ט ב:ז׳", 
            "next": "Ran on Nedarim 79b:13"
        }
    }, 
    "ref": "Ran on Nedarim 79b"
}