[{
    "links": [
        [
            "9a:1:1", 
            "Nedarim 9a:1", 
            "Talmud"
        ], 
        [
            "9a:20:1", 
            "Nedarim 9a:20", 
            "Talmud"
        ], 
        [
            "9a:25:1", 
            "Nedarim 9a:25", 
            "Talmud"
        ], 
        [
            "9a:10:1", 
            "Nedarim 9a:10", 
            "Talmud"
        ], 
        [
            "9a:13:1", 
            "Nedarim 9a:13", 
            "Talmud"
        ], 
        [
            "9a:23:1", 
            "Nedarim 9a:23", 
            "Talmud"
        ], 
        [
            "9a:1:2", 
            "Nedarim 9a:1", 
            "Talmud"
        ], 
        [
            "9a:1:3", 
            "Nedarim 9a:1", 
            "Talmud"
        ]
    ], 
    "text": [], 
    "heTitleVariants": [
        "רב ניסים גאון על נדרים", 
        "רבנו_נסים על נדרים", 
        "ר\"ן על נדרים"
    ], 
    "heTitle": "ר\"ן על נדרים ט׳ א", 
    "commentaryBook": "Nedarim", 
    "heRef": "ר\"ן על נדרים ט׳ א", 
    "toSections": [
        "9a"
    ], 
    "sectionRef": "Ran on Nedarim 9a", 
    "title": "Ran on Nedarim 9a", 
    "lengths": [
        180, 
        5010
    ], 
    "next": "Ran on Nedarim 9b:1", 
    "heBook": "ר\"ן על נדרים", 
    "book": "Ran on Nedarim", 
    "prev": "Ran on Nedarim 8b:18", 
    "textDepth": 3, 
    "sectionNames": [
        "Daf", 
        "Line", 
        "Comment"
    ], 
    "sections": [
        "9a"
    ], 
    "commentator": "Ran", 
    "isComplex": false, 
    "commentaryCategories": [
        "Talmud", 
        "Bavli", 
        "Seder Nashim"
    ], 
    "titleVariants": [
        "Ran on Nedarim", 
        "Ran on Talmud Nedarim", 
        "Rabbeinu Nissim on Talmud Nedarim", 
        "Ran on Tractate Nedarim", 
        "Nissim Gaon on Talmud Nedarim", 
        "Nissim Gaon on Nedarim", 
        "Nissim Gaon on Tractate Nedarim", 
        "Rabbeinu Nissim on Masekhet Nedarim", 
        "Nissim Gaon on Masekhet Nedarim", 
        "Rabbeinu Nissim on Tractate Nedarim", 
        "Rabbeinu Nissim on Nedarim", 
        "Ran on Masekhet Nedarim"
    ], 
    "categories": [
        "Commentary", 
        "Talmud", 
        "Ran"
    ], 
    "he": [
        [
            "מתני' כנדרי רשעים נדר בנזיר בקרבן ובשבועה - הך מתני' נמי פירושא דידות היא ומפרשינן בגמ' דה''ק דאם אמר כנדרי רשעים הריני והיה נזיר עובר לפניו הרי הוא נזיר וכן אם אמר כנדר - רשעים עלי חייב קרבן ומסתברא נמי דדוקא כשהיתה בהמה מונחת לפניו וכן נמי אם אמר כנדרי רשעים הימנו שלא אוכל והיה ככר מונח לפניו הרי הוא בשבועה שלא יאכלנו ומיחייב בכל הני כי אמר כנדרי רשעים שהרי הרשעים דרכן לידור בכל אלו ומפני שאין ראוי לעשות כן קרי להו נדרי רשעים שהרי רשעים הם לאותו דבר כן ראה בעיני:", 
            "כנדרי כשרים - אע''ג דאמר הריני עלי הימנו והיה נזיר או בהמה או ככר לפניו לא אמר כלום שהרי אין הכשרים נודרים שאין רשאין לעשות כן וה''ה נמי אם אמר כנדבת רשעים עלי לא אמר כלום לפי שאין רשעים (טובים) [נודבים] שאם הם נודבים אינם רשעים לאותו דבר והכי איתא בתוספתא (ריש פ''א):", 
            "כנדבותם נדר בנזיר ובקרבן - שהרי הכשרים מתנדבים הם בקרבן ובנזירות הלכך כי אמר הריני והיה נזיר עובר לפניו הרי הוא נזיר וכי אמר עלי ובהמה מונחת לפניו הוה ליה כאומר הרי הוא קרבן נדבה אבל בשבועה לא מחייב אפילו היה ככר מונח לפניו ואמר הימנו שלא אוכל לפי שאין הכשרים נשבעין לעולם ואע''ג דאמרי' לעיל (דף ח -) דלזרוזי נפשייהו נשבעים לדבר מצוה ההיא שבועה לא מקרי נדבה שהרי כבר הם מחוייבים לקיים את המצוה - ואיכא למידק הרי נדבה אינה אלא באומר הרי זו ונדר בהרי עלי וחילוק זה ליתיה אלא בנדרים דקרבנות אבל בנזירות מאי נדר ומאי נדבה שייכי ביה הרי אינו אלא בענין אחד נראה בעיני דנדר פירושו דבר שאינו בא לגמרי בנדבת הלב ונדבה פירושו מה שהאדם נודר יותר בנדבת נפשו ושמעשיו יותר רצויים ומש''ה אמרינן דנדר הוא הרי עלי לפי שאינו מתנדב לגמרי כיון שלא הפרישו עכשיו ונדבה הוא באומר הרי זו לפי שמתנדב נדרו יותר רצוי וכיון שזה הוא פירושם של נדר ונדבה אף בנזיר אע''פ שאין הנדר של נזירות אלא בענין אחד מי שהכוונה שלו רצויה יותר קרוי נזירותו נדבה ומי שאינה רצויה כל כך קרוי נדר והרשעים כשנודרים בנזיר אין כונתם רצויה לגמרי אבל הכשרים מתוך שכונתם שלמה ורצויה ואין בנזירותם שום נדנוד עבירה קרוי נזירותם נדבה והיינו דאמרינן בגמרא גבי נדבה דנזירות משכחת לה כשמעון הצדיק וכמו שנפרש בס''ד:"
        ], 
        [], 
        [], 
        [], 
        [], 
        [], 
        [], 
        [], 
        [], 
        [
            "גמ' כשהיה נזיר עובר לפניו - ואפילו הכי דוקא כי קאמר כנדרי רשעים הריני אבל כי אמר הריני לחודיה לא אמר כלום דלא דמי לאומר אהא דאמרינן בפ''ק דקידושין דה''ל נזיר כשנזיר עובר לפניו משום דאהא לישנא מעליא ומהני אבל הריני אי לאו דאמר כנדרי רשעים עלי לא משמע דאמר מידי כך פירשו רבותי ואינו נראה בעיני דהריני לא גרע מאהא אלא מתני' משום דאתא לאשמועינן דאי אמר כנדרי כשרים הריני אפילו בנזיר עובר לפניו לא מהני נקט רישא כנדרי רשעים אבל אין ה''נ דכל שאמר הריני בלחוד והיה נזיר עובר לפניו הרי זה נזיר:"
        ], 
        [], 
        [], 
        [
            "ודלמא הימנו דאכילנא קאמר - כלומר וכיון דאיכא למימר דלמא דאכילנא קאמר הוו להו ידים שאין מוכיחות וסבירא ליה לשמואל דלא הויין ידים:"
        ], 
        [], 
        [], 
        [], 
        [], 
        [], 
        [], 
        [
            "דשני ליה בין נדר לנדבה - דאמר דכשרים מתנדבין ואינן נודרין:"
        ], 
        [], 
        [], 
        [
            "טוב מזה ומזה שאינו נודר כל עיקר - מנודר ומשלם ומנודר ואינו משלם דלעיל מהאי קרא כתיב את אשר תדור שלם ובתר הכי כתיב טוב אשר לא תדור כלומר שהוא יותר טוב מנודר ומשלם דכתיב לעיל מיניה וקא יהיב טעמא למילתיה משתדור ולא תשלם כלומר שמא תשכח ולא תשלם ולפיכך טוב אשר לא תדור כלל משמע לן השתא דלא שני בין נדר לנדבה דאי לא לאשמועינן קרא דטוב מכולן [נודב] ומשלם:"
        ], 
        [], 
        [
            "ר' יהודה אומר טוב מזה ומזה נודר ומשלם - ודריש להו לקראי הכי את אשר תדור שלם וזו היא מדה משובחת אבל טוב אשר לא תדור משתדור ולא תשלם ואי תימא פשיטא ה''ק לא תהא סבור שבשעת נדרך אתה מוסיף זכות ואח''כ אם שכחת או נאנסת לא הפסדת את שכרך שאינו כן שאין השכר בשעת הנדר אלא בשעת התשלומים כך נראית שיטה זאת בעיני:"
        ], 
        []
    ], 
    "ref": "Ran on Nedarim 9a", 
    "type": "Commentary", 
    "addressTypes": [
        "Talmud", 
        "Integer", 
        "Integer"
    ], 
    "heCommentator": "ר\"ן", 
    "length": 180, 
    "indexTitle": "Ran on Nedarim", 
    "heIndexTitle": "ר\"ן על נדרים", 
    "alts": [], 
    "order": [
        15, 
        3
    ]
}]