{
    "heTitleVariants": [
        "רש\"י על ב\"ק", 
        "רש\"י על בבא קמא", 
        "רש\"י על ב״ק"
    ], 
    "heTitle": "רש\"י על בבא קמא צ״ז ב", 
    "content": [
        {
            "segmentNumber": "1", 
            "he": [
                "נותן לו מטבע היוצא - בשעת פרעון דהא קיבל עליו לתת לו מטבע והאי לאו מטבע הוא ודוקא הלוהו פרגמטיא אבל הלוהו מעות את שהלוהו משלם לו:"
            ], 
            "links": [
                {
                    "category": "Talmud", 
                    "sourceHeRef": "בבא קמא צ״ז ב:א׳", 
                    "index_title": "Bava Kamma", 
                    "sourceRef": "Bava Kamma 97b:1"
                }
            ], 
            "text": ""
        }, 
        {
            "segmentNumber": "2", 
            "he": [], 
            "links": [], 
            "text": ""
        }, 
        {
            "segmentNumber": "3", 
            "he": [], 
            "links": [], 
            "text": ""
        }, 
        {
            "segmentNumber": "4", 
            "he": [], 
            "links": [], 
            "text": ""
        }, 
        {
            "segmentNumber": "5", 
            "he": [], 
            "links": [], 
            "text": ""
        }, 
        {
            "segmentNumber": "6", 
            "he": [], 
            "links": [], 
            "text": ""
        }, 
        {
            "segmentNumber": "7", 
            "he": [
                "על מעות שאין יוצאות - כלל בירושלים דלאו כסף צורה קרינא ביה:\n"
            ], 
            "links": [
                {
                    "category": "Talmud", 
                    "sourceHeRef": "בבא קמא צ״ז ב:ז׳", 
                    "index_title": "Bava Kamma", 
                    "sourceRef": "Bava Kamma 97b:7"
                }
            ], 
            "text": ""
        }, 
        {
            "segmentNumber": "8", 
            "he": [
                "כוזביות - מטבע של בן כוזיבא וירושלמיות הוו וה\"ג כוזביות ירושלמיות או של מלכים הראשונים וכוזביות וירושלמיות לא נפקי כלל ל\"א כוזביות של כזיב וה\"ג כוזביות או ירושלמיות או של מלכים הראשונים:"
            ], 
            "links": [
                {
                    "category": "Talmud", 
                    "sourceHeRef": "בבא קמא צ״ז ב:ח׳", 
                    "index_title": "Bava Kamma", 
                    "sourceRef": "Bava Kamma 97b:8"
                }
            ], 
            "text": ""
        }, 
        {
            "segmentNumber": "9", 
            "he": [
                "הא של אחרונים - דנפקי במדינה אחרת ודומיא דראשונים הוא בכך דאין יוצאות כאן במקומו של בעל הבית שנפסלו בכאן:", 
                "מחללין - ואף על גב דלית ליה אורחא להתם במקום שיוצאין שהרי בירושלים צריך לילך ולהוציאן וקשיא לרב נחמן אליבא דשמואל דאמר אבל לית ליה אורחא למישן לא:\n"
            ], 
            "links": [
                {
                    "category": "Talmud", 
                    "sourceHeRef": "בבא קמא צ״ז ב:ט׳", 
                    "index_title": "Bava Kamma", 
                    "sourceRef": "Bava Kamma 97b:9"
                }, 
                {
                    "category": "Talmud", 
                    "sourceHeRef": "בבא קמא צ״ז ב:ט׳", 
                    "index_title": "Bava Kamma", 
                    "sourceRef": "Bava Kamma 97b:9"
                }
            ], 
            "text": ""
        }, 
        {
            "segmentNumber": "10", 
            "he": [], 
            "links": [], 
            "text": ""
        }, 
        {
            "segmentNumber": "11", 
            "he": [], 
            "links": [], 
            "text": ""
        }, 
        {
            "segmentNumber": "12", 
            "he": [
                "אלא כי אמר - רב נחמן אליבא דשמואל דכי לית ליה אורחא למישן לא:", 
                "כשמלכיות מקפידות - בתמיה אי הכי כי אית ליה אורחא למישן היכי מצי ממטי להו הא כי בדקי להו בני מדינה זו ומשכחי ליה אותן מעות מפסדי ליה:"
            ], 
            "links": [
                {
                    "category": "Talmud", 
                    "sourceHeRef": "בבא קמא צ״ז ב:י״ב", 
                    "index_title": "Bava Kamma", 
                    "sourceRef": "Bava Kamma 97b:12"
                }, 
                {
                    "category": "Talmud", 
                    "sourceHeRef": "בבא קמא צ״ז ב:י״ב", 
                    "index_title": "Bava Kamma", 
                    "sourceRef": "Bava Kamma 97b:12"
                }
            ], 
            "text": ""
        }, 
        {
            "segmentNumber": "13", 
            "he": [], 
            "links": [], 
            "text": ""
        }, 
        {
            "segmentNumber": "14", 
            "he": [
                "ומשני דלא בחשי - שאין מקפידין כל כך שיהו בודקין ומחפשין על דבר זה ואי אשכחי קפדי הלכך אית ליה אורחא שנצרך לילך שם יקבלם ויוציא לשם בסחורה ואי לאו הואיל ואין יכול להראותם בכאן בפרהסיא לבני מישן הבאים כאן אם רוצה לא יקבלם:"
            ], 
            "links": [
                {
                    "category": "Talmud", 
                    "sourceHeRef": "בבא קמא צ״ז ב:י״ד", 
                    "index_title": "Bava Kamma", 
                    "sourceRef": "Bava Kamma 97b:14"
                }
            ], 
            "text": ""
        }, 
        {
            "segmentNumber": "15", 
            "he": [], 
            "links": [], 
            "text": ""
        }, 
        {
            "segmentNumber": "16", 
            "he": [
                "אין מחללין על מעות של כאן והן בבבל - אין מחללין מעשר שני על מעות של כאן ירושלים והמעות והבעלים בבבל הואיל ואינן יוצאות מיד במקום שהן שם דבעינן מצוי בידך וליכא ולא על של בבל והן בכאן בירושלים והפירות לא שני לן כל היכא דאיתנהו יכול לחללן והן חוץ לירושלים קתני מיהת אין מחללין על המעות של כאן והן בבבל אלמא אע\"ג דאית ליה אורחא למישן כגון הכא דסופו לעלות כאן ולהוציאן ואפ\"ה לא קרי להו מעות היוצאות:"
            ], 
            "links": [
                {
                    "category": "Talmud", 
                    "sourceHeRef": "בבא קמא צ״ז ב:ט״ז", 
                    "index_title": "Bava Kamma", 
                    "sourceRef": "Bava Kamma 97b:16"
                }
            ], 
            "text": ""
        }, 
        {
            "segmentNumber": "17", 
            "he": [], 
            "links": [], 
            "text": ""
        }, 
        {
            "segmentNumber": "18", 
            "he": [], 
            "links": [], 
            "text": ""
        }, 
        {
            "segmentNumber": "19", 
            "he": [], 
            "links": [], 
            "text": ""
        }, 
        {
            "segmentNumber": "20", 
            "he": [
                "מקפידות זו על זו - יתר מדאי דבחשי ובדקי הלכך מסוכנות הן של בבל במלכות ירושלים דמקפדת ובחשי טפי:"
            ], 
            "links": [
                {
                    "category": "Talmud", 
                    "sourceHeRef": "בבא קמא צ״ז ב:כ׳", 
                    "index_title": "Bava Kamma", 
                    "sourceRef": "Bava Kamma 97b:20"
                }
            ], 
            "text": ""
        }, 
        {
            "segmentNumber": "21", 
            "he": [
                "למאי חזי - הא לא מצי לאמטויינהו להכא:"
            ], 
            "links": [
                {
                    "category": "Talmud", 
                    "sourceHeRef": "בבא קמא צ״ז ב:כ״א", 
                    "index_title": "Bava Kamma", 
                    "sourceRef": "Bava Kamma 97b:21"
                }
            ], 
            "text": ""
        }, 
        {
            "segmentNumber": "22", 
            "he": [], 
            "links": [], 
            "text": ""
        }, 
        {
            "segmentNumber": "23", 
            "he": [
                "והתניא התקינו כו' - ואמאי תני לעיל ולא על של בבל והן כאן:"
            ], 
            "links": [
                {
                    "category": "Talmud", 
                    "sourceHeRef": "בבא קמא צ״ז ב:כ״ג", 
                    "index_title": "Bava Kamma", 
                    "sourceRef": "Bava Kamma 97b:23"
                }
            ], 
            "text": ""
        }, 
        {
            "segmentNumber": "24", 
            "he": [], 
            "links": [], 
            "text": ""
        }, 
        {
            "segmentNumber": "25", 
            "he": [], 
            "links": [], 
            "text": ""
        }, 
        {
            "segmentNumber": "26", 
            "he": [], 
            "links": [], 
            "text": ""
        }, 
        {
            "segmentNumber": "27", 
            "he": [], 
            "links": [], 
            "text": ""
        }, 
        {
            "segmentNumber": "28", 
            "he": [], 
            "links": [], 
            "text": ""
        }, 
        {
            "segmentNumber": "29", 
            "he": [
                "דוד ושלמה - כתוב מצד אחד ומצד שני כתוב ירושלים עיר הקדש:"
            ], 
            "links": [
                {
                    "category": "Talmud", 
                    "sourceHeRef": "בבא קמא צ״ז ב:כ״ט", 
                    "index_title": "Bava Kamma", 
                    "sourceRef": "Bava Kamma 97b:29"
                }
            ], 
            "text": ""
        }, 
        {
            "segmentNumber": "30", 
            "he": [], 
            "links": [], 
            "text": ""
        }, 
        {
            "segmentNumber": "31", 
            "he": [
                "בחור ובתולה - יצחק ורבקה:", 
                "זקן וזקינה - אברהם ושרה:"
            ], 
            "links": [
                {
                    "category": "Talmud", 
                    "sourceHeRef": "בבא קמא צ״ז ב:ל״א", 
                    "index_title": "Bava Kamma", 
                    "sourceRef": "Bava Kamma 97b:31"
                }, 
                {
                    "category": "Talmud", 
                    "sourceHeRef": "בבא קמא צ״ז ב:ל״א", 
                    "index_title": "Bava Kamma", 
                    "sourceRef": "Bava Kamma 97b:31"
                }
            ], 
            "text": ""
        }, 
        {
            "segmentNumber": "32", 
            "he": [], 
            "links": [], 
            "text": ""
        }, 
        {
            "segmentNumber": "33", 
            "he": [
                "והוסיפו עליהן מהו - אליבא דרב דאומר נותן לו מטבע של אותה שעה היכא דהוסיפו עליו מאי אמר רב:"
            ], 
            "links": [
                {
                    "category": "Talmud", 
                    "sourceHeRef": "בבא קמא צ״ז ב:ל״ג", 
                    "index_title": "Bava Kamma", 
                    "sourceRef": "Bava Kamma 97b:33"
                }
            ], 
            "text": ""
        }, 
        {
            "segmentNumber": "34", 
            "he": [], 
            "links": [], 
            "text": ""
        }, 
        {
            "segmentNumber": "35", 
            "he": [
                "באותה שעה - בשעת פרעון:"
            ], 
            "links": [
                {
                    "category": "Talmud", 
                    "sourceHeRef": "בבא קמא צ״ז ב:ל״ה", 
                    "index_title": "Bava Kamma", 
                    "sourceRef": "Bava Kamma 97b:35"
                }
            ], 
            "text": ""
        }, 
        {
            "segmentNumber": "36", 
            "he": [], 
            "links": [], 
            "text": ""
        }, 
        {
            "segmentNumber": "37", 
            "he": [], 
            "links": [], 
            "text": ""
        }, 
        {
            "segmentNumber": "38", 
            "he": [], 
            "links": [], 
            "text": ""
        }, 
        {
            "segmentNumber": "39", 
            "he": [], 
            "links": [], 
            "text": ""
        }, 
        {
            "segmentNumber": "40", 
            "he": [], 
            "links": [], 
            "text": ""
        }, 
        {
            "segmentNumber": "41", 
            "he": [
                "כי תרטיא - סלע גדול במדה מחזקת רובע:"
            ], 
            "links": [
                {
                    "category": "Talmud", 
                    "sourceHeRef": "בבא קמא צ״ז ב:מ״א", 
                    "index_title": "Bava Kamma", 
                    "sourceRef": "Bava Kamma 97b:41"
                }
            ], 
            "text": ""
        }, 
        {
            "segmentNumber": "42", 
            "he": [], 
            "links": [], 
            "text": ""
        }, 
        {
            "segmentNumber": "43", 
            "he": [], 
            "links": [], 
            "text": ""
        }, 
        {
            "segmentNumber": "44", 
            "he": [
                "והא קזיילין פירות - לגבי מטבע זו נמצא שמשתכר זה בתוספת ואינה דומה לראשונים והוי רבית:"
            ], 
            "links": [
                {
                    "category": "Talmud", 
                    "sourceHeRef": "בבא קמא צ״ז ב:מ״ד", 
                    "index_title": "Bava Kamma", 
                    "sourceRef": "Bava Kamma 97b:44"
                }
            ], 
            "text": ""
        }, 
        {
            "segmentNumber": "45", 
            "he": [], 
            "links": [], 
            "text": ""
        }, 
        {
            "segmentNumber": "46", 
            "he": [], 
            "links": [], 
            "text": ""
        }
    ], 
    "commentaryBook": "Bava Kamma", 
    "heRef": "רש\"י על בבא קמא צ״ז ב", 
    "toSections": [
        "97b"
    ], 
    "sectionRef": "Rashi on Bava Kamma 97b", 
    "title": "Rashi on Bava Kamma 97b", 
    "lengths": [
        236, 
        12050
    ], 
    "next": "Rashi on Bava Kamma 98a:1", 
    "heBook": "רש\"י על בבא קמא", 
    "book": "Rashi on Bava Kamma", 
    "prev": "Rashi on Bava Kamma 97a:56", 
    "textDepth": 3, 
    "sectionNames": [
        "Daf", 
        "Line", 
        "Comment"
    ], 
    "sections": [
        "97b"
    ], 
    "commentator": "Rashi", 
    "isComplex": false, 
    "commentaryCategories": [
        "Talmud", 
        "Bavli", 
        "Seder Nezikin"
    ], 
    "titleVariants": [
        "Rashi on Baba Kamma", 
        "Rashi on Bava Kamma", 
        "Rashi on Baba Kama", 
        "Rashi on Bava Kama", 
        "Rashi on Masekhet Bava Kamma", 
        "Rashi on Talmud Bava Kamma", 
        "Rashi on Tractate Bava Kamma"
    ], 
    "categories": [
        "Commentary", 
        "Talmud", 
        "Rashi"
    ], 
    "ref": "Rashi on Bava Kamma 97b", 
    "type": "Commentary", 
    "addressTypes": [
        "Talmud", 
        "Integer", 
        "Integer"
    ], 
    "heCommentator": "רש\"י", 
    "length": 236, 
    "indexTitle": "Rashi on Bava Kamma", 
    "heIndexTitle": "רש\"י על בבא קמא", 
    "alts": [], 
    "order": [
        20, 
        1
    ]
}