{
    "heTitleVariants": [
        "רש\"י על ב\"ק", 
        "רש\"י על בבא קמא", 
        "רש\"י על ב״ק"
    ], 
    "heTitle": "רש\"י על בבא קמא ט׳ א", 
    "content": [
        {
            "segmentNumber": "1", 
            "he": [
                "עסיקין - עוררין לומר שלנו היא:"
            ], 
            "links": [
                {
                    "category": "Talmud", 
                    "sourceHeRef": "בבא קמא ט׳ א:א׳", 
                    "sourceRef": "Bava Kamma 9a:1", 
                    "ref": "Bava Kamma 9a:1"
                }
            ], 
            "text": ""
        }, 
        {
            "segmentNumber": "2", 
            "he": [], 
            "links": [], 
            "text": ""
        }, 
        {
            "segmentNumber": "3", 
            "he": [], 
            "links": [], 
            "text": ""
        }, 
        {
            "segmentNumber": "4", 
            "he": [
                "חייתא דקיטרי - שק קשורה מלא רוח:"
            ], 
            "links": [
                {
                    "category": "Talmud", 
                    "sourceHeRef": "בבא קמא ט׳ א:ד׳", 
                    "sourceRef": "Bava Kamma 9a:4", 
                    "ref": "Bava Kamma 9a:4"
                }
            ], 
            "text": ""
        }, 
        {
            "segmentNumber": "5", 
            "he": [], 
            "links": [], 
            "text": ""
        }, 
        {
            "segmentNumber": "6", 
            "he": [], 
            "links": [], 
            "text": ""
        }, 
        {
            "segmentNumber": "7", 
            "he": [], 
            "links": [], 
            "text": ""
        }, 
        {
            "segmentNumber": "8", 
            "he": [
                "ואיכא דאמרי אפילו באחריות נמי - אפי' קבל אחריות עליו דיש לומר הואיל וסופו לחזור עליו עכשיו נמי יחזור ויטלנה אפ\"ה אינו יכול לחזור בו:\n"
            ], 
            "links": [
                {
                    "category": "Talmud", 
                    "sourceHeRef": "בבא קמא ט׳ א:ח׳", 
                    "sourceRef": "Bava Kamma 9a:8", 
                    "ref": "Bava Kamma 9a:8"
                }
            ], 
            "text": ""
        }, 
        {
            "segmentNumber": "9", 
            "he": [
                "דאמר ליה - מוכר:"
            ], 
            "links": [
                {
                    "category": "Talmud", 
                    "sourceHeRef": "בבא קמא ט׳ א:ט׳", 
                    "sourceRef": "Bava Kamma 9a:9", 
                    "ref": "Bava Kamma 9a:9"
                }
            ], 
            "text": ""
        }, 
        {
            "segmentNumber": "10", 
            "he": [
                "אחוי טרפך - שכתבו לך ב\"ד שטר טירפא שבדין נטלו ממך ואשלם לך:"
            ], 
            "links": [
                {
                    "category": "Talmud", 
                    "sourceHeRef": "בבא קמא ט׳ א:י׳", 
                    "sourceRef": "Bava Kamma 9a:10", 
                    "ref": "Bava Kamma 9a:10"
                }
            ], 
            "text": ""
        }, 
        {
            "segmentNumber": "11", 
            "he": [
                "רב הונא אמר - לא קשיא קראי דלעיל כסף ומיטב דהכי קאמר רחמנא או כסף יתן לו או מיטב שדותיו והא דלא איירי רב הונא עד הכא משום דבעי לאסוקי למילתא דרבי ישמעאל ור\"ע דבעו לעיל כשהן שמין אותו (בינונית) בשלו הן שמין כו' ועד הכא קמיירי ואזיל:"
            ], 
            "links": [
                {
                    "category": "Talmud", 
                    "sourceHeRef": "בבא קמא ט׳ א:י״א", 
                    "sourceRef": "Bava Kamma 9a:11", 
                    "ref": "Bava Kamma 9a:11"
                }
            ], 
            "text": ""
        }, 
        {
            "segmentNumber": "12", 
            "he": [], 
            "links": [], 
            "text": ""
        }, 
        {
            "segmentNumber": "13", 
            "he": [], 
            "links": [], 
            "text": ""
        }, 
        {
            "segmentNumber": "14", 
            "he": [
                "שוה כסף - ואת אמרת כסף:"
            ], 
            "links": [
                {
                    "category": "Talmud", 
                    "sourceHeRef": "בבא קמא ט׳ א:י״ד", 
                    "sourceRef": "Bava Kamma 9a:14", 
                    "ref": "Bava Kamma 9a:14"
                }
            ], 
            "text": ""
        }, 
        {
            "segmentNumber": "15", 
            "he": [
                "בדלית ליה - לא כסף ולא שדות:"
            ], 
            "links": [
                {
                    "category": "Talmud", 
                    "sourceHeRef": "בבא קמא ט׳ א:ט״ו", 
                    "sourceRef": "Bava Kamma 9a:15", 
                    "ref": "Bava Kamma 9a:15"
                }
            ], 
            "text": ""
        }, 
        {
            "segmentNumber": "16", 
            "he": [], 
            "links": [], 
            "text": ""
        }, 
        {
            "segmentNumber": "17", 
            "he": [
                "מהו דתימא אמרינן ליה - למזיק:"
            ], 
            "links": [
                {
                    "category": "Talmud", 
                    "sourceHeRef": "בבא קמא ט׳ א:י״ז", 
                    "sourceRef": "Bava Kamma 9a:17", 
                    "ref": "Bava Kamma 9a:17"
                }
            ], 
            "text": ""
        }, 
        {
            "segmentNumber": "18", 
            "he": [
                "זיל טרח וזבין - סובין בכסף ואייתי ליה כסף קמ\"ל:"
            ], 
            "links": [
                {
                    "category": "Talmud", 
                    "sourceHeRef": "בבא קמא ט׳ א:י״ח", 
                    "sourceRef": "Bava Kamma 9a:18", 
                    "ref": "Bava Kamma 9a:18"
                }
            ], 
            "text": ""
        }, 
        {
            "segmentNumber": "19", 
            "he": [], 
            "links": [], 
            "text": ""
        }, 
        {
            "segmentNumber": "20", 
            "he": [], 
            "links": [], 
            "text": ""
        }, 
        {
            "segmentNumber": "21", 
            "he": [], 
            "links": [], 
            "text": ""
        }, 
        {
            "segmentNumber": "22", 
            "he": [
                "לענין מיטב - דאפי' יש לו עידית מסלק בכסף אי בעי:", 
                "היינו דרב הונא - והוה ליה למימר וכן אמר רב אסי: "
            ], 
            "links": [
                {
                    "category": "Talmud", 
                    "sourceHeRef": "בבא קמא ט׳ א:כ״ב", 
                    "sourceRef": "Bava Kamma 9a:22", 
                    "ref": "Bava Kamma 9a:22"
                }, 
                {
                    "category": "Talmud", 
                    "sourceHeRef": "בבא קמא ט׳ א:כ״ב", 
                    "sourceRef": "Bava Kamma 9a:22", 
                    "ref": "Bava Kamma 9a:22"
                }
            ], 
            "text": ""
        }, 
        {
            "segmentNumber": "23", 
            "he": [
                "ונטל קרקע - בשביל חובות אביהם:", 
                "דאזיל האי - אח:", 
                "ושקיל פלגא בכספים - עם אחיו והיינו דקאמר הרי הן כקרקע דבעל כספים נמי יפרע חצי חובו של אביו:"
            ], 
            "links": [
                {
                    "category": "Talmud", 
                    "sourceHeRef": "בבא קמא ט׳ א:כ״ג", 
                    "sourceRef": "Bava Kamma 9a:23", 
                    "ref": "Bava Kamma 9a:23"
                }, 
                {
                    "category": "Talmud", 
                    "sourceHeRef": "בבא קמא ט׳ א:כ״ג", 
                    "sourceRef": "Bava Kamma 9a:23", 
                    "ref": "Bava Kamma 9a:23"
                }, 
                {
                    "category": "Talmud", 
                    "sourceHeRef": "בבא קמא ט׳ א:כ״ג", 
                    "sourceRef": "Bava Kamma 9a:23", 
                    "ref": "Bava Kamma 9a:23"
                }
            ], 
            "text": ""
        }, 
        {
            "segmentNumber": "24", 
            "he": [
                "האי ברא והאי לא ברא - בתמיה כלומר בעל כספים לא הוי ברא לפרוע חוב אביו אבל בעל קרקע הוי ברא:"
            ], 
            "links": [
                {
                    "category": "Talmud", 
                    "sourceHeRef": "בבא קמא ט׳ א:כ״ד", 
                    "sourceRef": "Bava Kamma 9a:24", 
                    "ref": "Bava Kamma 9a:24"
                }
            ], 
            "text": ""
        }, 
        {
            "segmentNumber": "25", 
            "he": [
                "איכא דאמרי - דלאידך גיסא פרכינן דבעל כספים לא ליחייב דאמר ליה לבעל קרקע להכי שקלי כו':"
            ], 
            "links": [
                {
                    "category": "Talmud", 
                    "sourceHeRef": "בבא קמא ט׳ א:כ״ה", 
                    "sourceRef": "Bava Kamma 9a:25", 
                    "ref": "Bava Kamma 9a:25"
                }
            ], 
            "text": ""
        }, 
        {
            "segmentNumber": "26", 
            "he": [], 
            "links": [], 
            "text": ""
        }, 
        {
            "segmentNumber": "27", 
            "he": [], 
            "links": [], 
            "text": ""
        }, 
        {
            "segmentNumber": "28", 
            "he": [
                "לשני אחין שחלקו - קרקע:", 
                "ובא ב\"ח ונטל חלק האחד - דמשלם לו האחר חצי חלקו או קרקע או מסלק ליה בזוזי והיינו הרי הן כקרקע דמצי מסלק ליה בזוזי כבקרקע:"
            ], 
            "links": [
                {
                    "category": "Talmud", 
                    "sourceHeRef": "בבא קמא ט׳ א:כ״ח", 
                    "sourceRef": "Bava Kamma 9a:28", 
                    "ref": "Bava Kamma 9a:28"
                }, 
                {
                    "category": "Talmud", 
                    "sourceHeRef": "בבא קמא ט׳ א:כ״ח", 
                    "sourceRef": "Bava Kamma 9a:28", 
                    "ref": "Bava Kamma 9a:28"
                }
            ], 
            "text": ""
        }, 
        {
            "segmentNumber": "29", 
            "he": [], 
            "links": [], 
            "text": ""
        }, 
        {
            "segmentNumber": "30", 
            "he": [], 
            "links": [], 
            "text": ""
        }, 
        {
            "segmentNumber": "31", 
            "he": [], 
            "links": [], 
            "text": ""
        }, 
        {
            "segmentNumber": "32", 
            "he": [
                "בטלה מחלוקת - אותה חלוקה בטילה וחוזרים וחולקים בשוה החלק הנשאר:"
            ], 
            "links": [
                {
                    "category": "Talmud", 
                    "sourceHeRef": "בבא קמא ט׳ א:ל״ב", 
                    "sourceRef": "Bava Kamma 9a:32", 
                    "ref": "Bava Kamma 9a:32"
                }
            ], 
            "text": ""
        }, 
        {
            "segmentNumber": "33", 
            "he": [
                "ויתר - אבד:"
            ], 
            "links": [
                {
                    "category": "Talmud", 
                    "sourceHeRef": "בבא קמא ט׳ א:ל״ג", 
                    "sourceRef": "Bava Kamma 9a:33", 
                    "ref": "Bava Kamma 9a:33"
                }
            ], 
            "text": ""
        }, 
        {
            "segmentNumber": "34", 
            "he": [
                "רביע בקרקע - יחזיר לו רביע חלקו או קרקע או מעות:"
            ], 
            "links": [
                {
                    "category": "Talmud", 
                    "sourceHeRef": "בבא קמא ט׳ א:ל״ד", 
                    "sourceRef": "Bava Kamma 9a:34", 
                    "ref": "Bava Kamma 9a:34"
                }
            ], 
            "text": ""
        }, 
        {
            "segmentNumber": "35", 
            "he": [], 
            "links": [], 
            "text": ""
        }, 
        {
            "segmentNumber": "36", 
            "he": [], 
            "links": [], 
            "text": ""
        }, 
        {
            "segmentNumber": "37", 
            "he": [], 
            "links": [], 
            "text": ""
        }, 
        {
            "segmentNumber": "38", 
            "he": [], 
            "links": [], 
            "text": ""
        }, 
        {
            "segmentNumber": "39", 
            "he": [
                "ורביע במעות - או רביעית במעות כמו דתנן ביבמות (דף נ:) חלץ ועשה בה מאמר ונתן גט ובעל:", 
                "כיורשים דמו - ועל שניהם לפרוע הלכך מחצית חלקו יחזיר לו:", 
                "אי כלקוחות דמו - ואין לו עליו כלום הלכך רביע מאותו חלק המגיעו יפרע דה\"ל ספק ממון וכל ממון המוטל בספק חולקים ואין נוטל עמו אלא רביע והלה יכול לסלקו או בקרקע או במעות. ל\"א ורביע במעות ממש לבד רביע בקרקע והיינו הרי הן כקרקע מספקא ליה אי כיורשין דמו וחייב להחזיר לו מחצית חלקו קרקע ולא יכול לסלקו במעות או כלקוחות דמו ומיהו כלוקח באחריות דמי וחייב להחזיר לו מחצית מה שאיבד אבל במעות יכול לסלקו הלכך יחזיר רביע בקרקע כיורשים ורביע במעות כמוכר באחריות ולשון ראשון שמעתי:"
            ], 
            "links": [
                {
                    "category": "Talmud", 
                    "sourceHeRef": "בבא קמא ט׳ א:ל״ט", 
                    "sourceRef": "Bava Kamma 9a:39", 
                    "ref": "Bava Kamma 9a:39"
                }, 
                {
                    "category": "Talmud", 
                    "sourceHeRef": "בבא קמא ט׳ א:ל״ט", 
                    "sourceRef": "Bava Kamma 9a:39", 
                    "ref": "Bava Kamma 9a:39"
                }, 
                {
                    "category": "Talmud", 
                    "sourceHeRef": "בבא קמא ט׳ א:ל״ט", 
                    "sourceRef": "Bava Kamma 9a:39", 
                    "ref": "Bava Kamma 9a:39"
                }, 
                {
                    "category": "Tanach", 
                    "sourceHeRef": "שמות כ״ב", 
                    "sourceRef": "Exodus 22", 
                    "ref": "Exodus 22"
                }, 
                {
                    "category": "Tanach", 
                    "sourceHeRef": "דברים י״ט", 
                    "sourceRef": "Deuteronomy 19", 
                    "ref": "Deuteronomy 19"
                }, 
                {
                    "category": "Tanach", 
                    "sourceHeRef": "דברים כ״ב", 
                    "sourceRef": "Deuteronomy 22", 
                    "ref": "Deuteronomy 22"
                }, 
                {
                    "category": "Tanach", 
                    "sourceHeRef": "במדבר ה׳", 
                    "sourceRef": "Numbers 5", 
                    "ref": "Numbers 5"
                }
            ], 
            "text": ""
        }, 
        {
            "segmentNumber": "40", 
            "he": [], 
            "links": [], 
            "text": ""
        }, 
        {
            "segmentNumber": "41", 
            "he": [], 
            "links": [], 
            "text": ""
        }, 
        {
            "segmentNumber": "42", 
            "he": [], 
            "links": [], 
            "text": ""
        }, 
        {
            "segmentNumber": "43", 
            "he": [], 
            "links": [], 
            "text": ""
        }, 
        {
            "segmentNumber": "44", 
            "he": [], 
            "links": [], 
            "text": ""
        }, 
        {
            "segmentNumber": "45", 
            "he": [], 
            "links": [], 
            "text": ""
        }, 
        {
            "segmentNumber": "46", 
            "he": [], 
            "links": [], 
            "text": ""
        }, 
        {
            "segmentNumber": "47", 
            "he": [], 
            "links": [], 
            "text": ""
        }
    ], 
    "commentaryBook": "Bava Kamma", 
    "heRef": "רש\"י על בבא קמא ט׳ א", 
    "toSections": [
        "9a"
    ], 
    "sectionRef": "Rashi on Bava Kamma 9a", 
    "title": "Rashi on Bava Kamma 9a", 
    "lengths": [
        236, 
        12050
    ], 
    "next": "Rashi on Bava Kamma 9b:1", 
    "heBook": "רש\"י על בבא קמא", 
    "book": "Rashi on Bava Kamma", 
    "prev": "Rashi on Bava Kamma 8b:35", 
    "textDepth": 3, 
    "sectionNames": [
        "Daf", 
        "Line", 
        "Comment"
    ], 
    "sections": [
        "9a"
    ], 
    "commentator": "Rashi", 
    "isComplex": false, 
    "commentaryCategories": [
        "Talmud", 
        "Bavli", 
        "Seder Nezikin"
    ], 
    "titleVariants": [
        "Rashi on Bava Kama", 
        "Rashi on Tractate Bava Kamma", 
        "Rashi on Talmud Bava Kamma", 
        "Rashi on Bava Kamma", 
        "Rashi on Masekhet Bava Kamma"
    ], 
    "categories": [
        "Commentary", 
        "Talmud", 
        "Rashi"
    ], 
    "ref": "Rashi on Bava Kamma 9a", 
    "type": "Commentary", 
    "addressTypes": [
        "Talmud", 
        "Integer", 
        "Integer"
    ], 
    "heCommentator": "רש\"י", 
    "length": 236, 
    "indexTitle": "Rashi on Bava Kamma", 
    "heIndexTitle": "רש\"י על בבא קמא", 
    "alts": [], 
    "order": [
        20, 
        1
    ]
}