{
    "sections": {
        "Rashi on Bava Kamma 6b:37": {
            "content": [], 
            "heTitle": "רש\"י על בבא קמא ו׳ ב:ל״ז", 
            "indexTitle": "Rashi on Bava Kamma", 
            "sectionRef": "Rashi on Bava Kamma 6b:37", 
            "prev": "Rashi on Bava Kamma 6b:36", 
            "ref": "Rashi on Bava Kamma 6b:37", 
            "heRef": "רש\"י על בבא קמא ו׳ ב:ל״ז", 
            "next": "Rashi on Bava Kamma 6b:38"
        }, 
        "Rashi on Bava Kamma 6b:48": {
            "content": [], 
            "heTitle": "רש\"י על בבא קמא ו׳ ב:מ״ח", 
            "indexTitle": "Rashi on Bava Kamma", 
            "sectionRef": "Rashi on Bava Kamma 6b:48", 
            "prev": "Rashi on Bava Kamma 6b:47", 
            "ref": "Rashi on Bava Kamma 6b:48", 
            "heRef": "רש\"י על בבא קמא ו׳ ב:מ״ח", 
            "next": "Rashi on Bava Kamma 7a:1"
        }, 
        "Rashi on Bava Kamma 6b:36": {
            "content": [
                {
                    "segmentNumber": "1", 
                    "links": [
                        {
                            "category": "Talmud", 
                            "index_title": "Bava Kamma", 
                            "sourceHeRef": "בבא קמא ו׳ ב:ל״ו", 
                            "sourceRef": "Bava Kamma 6b:36"
                        }
                    ], 
                    "he": "נאמרה שדה למטה - מיטב שדהו ישלם:"
                }, 
                {
                    "segmentNumber": "2", 
                    "links": [
                        {
                            "category": "Talmud", 
                            "index_title": "Bava Kamma", 
                            "sourceHeRef": "בבא קמא ו׳ ב:ל״ו", 
                            "sourceRef": "Bava Kamma 6b:36"
                        }
                    ], 
                    "he": "ונאמרה שדה למעלה - ובער בשדה אחר:"
                }, 
                {
                    "segmentNumber": "3", 
                    "links": [
                        {
                            "category": "Talmud", 
                            "index_title": "Bava Kamma", 
                            "sourceHeRef": "בבא קמא ו׳ ב:ל״ו", 
                            "sourceRef": "Bava Kamma 6b:36"
                        }
                    ], 
                    "he": "אף שדה האמור למטה של ניזק - והכי קאמר קרא שאם יש למזיק קרקע הדומה לעידית דניזק ישלם לו הימנה שיעור דמי נזקו:"
                }
            ], 
            "heTitle": "רש\"י על בבא קמא ו׳ ב:ל״ו", 
            "indexTitle": "Rashi on Bava Kamma", 
            "sectionRef": "Rashi on Bava Kamma 6b:36", 
            "prev": "Rashi on Bava Kamma 6b:34", 
            "ref": "Rashi on Bava Kamma 6b:36", 
            "heRef": "רש\"י על בבא קמא ו׳ ב:ל״ו", 
            "next": "Rashi on Bava Kamma 6b:38"
        }, 
        "Rashi on Bava Kamma 6b:33": {
            "content": [], 
            "heTitle": "רש\"י על בבא קמא ו׳ ב:ל״ג", 
            "indexTitle": "Rashi on Bava Kamma", 
            "sectionRef": "Rashi on Bava Kamma 6b:33", 
            "prev": "Rashi on Bava Kamma 6b:30", 
            "ref": "Rashi on Bava Kamma 6b:33", 
            "heRef": "רש\"י על בבא קמא ו׳ ב:ל״ג", 
            "next": "Rashi on Bava Kamma 6b:34"
        }, 
        "Rashi on Bava Kamma 6b:49": {
            "content": [], 
            "heTitle": "רש\"י על בבא קמא ו׳ ב:מ״ט", 
            "indexTitle": "Rashi on Bava Kamma", 
            "sectionRef": "Rashi on Bava Kamma 6b:49", 
            "prev": "Rashi on Bava Kamma 6b:47", 
            "ref": "Rashi on Bava Kamma 6b:49", 
            "heRef": "רש\"י על בבא קמא ו׳ ב:מ״ט", 
            "next": "Rashi on Bava Kamma 7a:1"
        }, 
        "Rashi on Bava Kamma 6b:35": {
            "content": [], 
            "heTitle": "רש\"י על בבא קמא ו׳ ב:ל״ה", 
            "indexTitle": "Rashi on Bava Kamma", 
            "sectionRef": "Rashi on Bava Kamma 6b:35", 
            "prev": "Rashi on Bava Kamma 6b:34", 
            "ref": "Rashi on Bava Kamma 6b:35", 
            "heRef": "רש\"י על בבא קמא ו׳ ב:ל״ה", 
            "next": "Rashi on Bava Kamma 6b:36"
        }, 
        "Rashi on Bava Kamma 6b:28": {
            "content": [], 
            "heTitle": "רש\"י על בבא קמא ו׳ ב:כ״ח", 
            "indexTitle": "Rashi on Bava Kamma", 
            "sectionRef": "Rashi on Bava Kamma 6b:28", 
            "prev": "Rashi on Bava Kamma 6b:26", 
            "ref": "Rashi on Bava Kamma 6b:28", 
            "heRef": "רש\"י על בבא קמא ו׳ ב:כ״ח", 
            "next": "Rashi on Bava Kamma 6b:30"
        }, 
        "Rashi on Bava Kamma 6b:29": {
            "content": [], 
            "heTitle": "רש\"י על בבא קמא ו׳ ב:כ״ט", 
            "indexTitle": "Rashi on Bava Kamma", 
            "sectionRef": "Rashi on Bava Kamma 6b:29", 
            "prev": "Rashi on Bava Kamma 6b:26", 
            "ref": "Rashi on Bava Kamma 6b:29", 
            "heRef": "רש\"י על בבא קמא ו׳ ב:כ״ט", 
            "next": "Rashi on Bava Kamma 6b:30"
        }, 
        "Rashi on Bava Kamma 6b:34": {
            "content": [
                {
                    "segmentNumber": "1", 
                    "links": [
                        {
                            "category": "Talmud", 
                            "index_title": "Bava Kamma", 
                            "sourceHeRef": "בבא קמא ו׳ ב:ל״ד", 
                            "sourceRef": "Bava Kamma 6b:34"
                        }
                    ], 
                    "he": "ורבי עקיבא סבר בדמזיק שיימינן - למיטב דקרא דיהיב ליה מעידית דידיה:"
                }
            ], 
            "heTitle": "רש\"י על בבא קמא ו׳ ב:ל״ד", 
            "indexTitle": "Rashi on Bava Kamma", 
            "sectionRef": "Rashi on Bava Kamma 6b:34", 
            "prev": "Rashi on Bava Kamma 6b:30", 
            "ref": "Rashi on Bava Kamma 6b:34", 
            "heRef": "רש\"י על בבא קמא ו׳ ב:ל״ד", 
            "next": "Rashi on Bava Kamma 6b:36"
        }, 
        "Rashi on Bava Kamma 6b:46": {
            "content": [], 
            "heTitle": "רש\"י על בבא קמא ו׳ ב:מ״ו", 
            "indexTitle": "Rashi on Bava Kamma", 
            "sectionRef": "Rashi on Bava Kamma 6b:46", 
            "prev": "Rashi on Bava Kamma 6b:44", 
            "ref": "Rashi on Bava Kamma 6b:46", 
            "heRef": "רש\"י על בבא קמא ו׳ ב:מ״ו", 
            "next": "Rashi on Bava Kamma 6b:47"
        }, 
        "Rashi on Bava Kamma 6b:47": {
            "content": [
                {
                    "segmentNumber": "1", 
                    "links": [
                        {
                            "category": "Talmud", 
                            "index_title": "Bava Kamma", 
                            "sourceHeRef": "בבא קמא ו׳ ב:מ״ז", 
                            "sourceRef": "Bava Kamma 6b:47"
                        }, 
                        {
                            "category": "Tanakh", 
                            "index_title": "Leviticus", 
                            "sourceHeRef": "ויקרא כ״ז", 
                            "sourceRef": "Leviticus 27"
                        }
                    ], 
                    "he": "שור רעהו אמר רחמנא ולא שור דהקדש - דאם נגח שור של הקדש פטור והוא הדין לכל שאר נזקין שאם מזיק את ההקדש פטור לישנא אחרינא להכי נקט שור הקדש ולא מוקי לה באכילת בהמתו שדה הקדש משום דלא משכחת לה דאי שדה חרם לכהנים הוי וכשדה הדיוט דמי וליכא למימר ק\"ו להקדש ושדה הקדש נמי דהוי לצורך בדק הבית או המקדיש פודהו לאלתר או מוכרין אותו לאלתר לאחר וכשיוצא ביובל לכהנים הוי דכתיב (ויקרא כז) והיה השדה בצאתו ביובל וגו' דלכהנים הוי ואי קודם פדייה אין מעילה בקרקעות דכל המחובר לקרקע כקרקע דמי:"
                }
            ], 
            "heTitle": "רש\"י על בבא קמא ו׳ ב:מ״ז", 
            "indexTitle": "Rashi on Bava Kamma", 
            "sectionRef": "Rashi on Bava Kamma 6b:47", 
            "prev": "Rashi on Bava Kamma 6b:44", 
            "ref": "Rashi on Bava Kamma 6b:47", 
            "heRef": "רש\"י על בבא קמא ו׳ ב:מ״ז", 
            "next": "Rashi on Bava Kamma 7a:1"
        }, 
        "Rashi on Bava Kamma 6b:20": {
            "content": [], 
            "heTitle": "רש\"י על בבא קמא ו׳ ב:כ׳", 
            "indexTitle": "Rashi on Bava Kamma", 
            "sectionRef": "Rashi on Bava Kamma 6b:20", 
            "prev": "Rashi on Bava Kamma 6b:19", 
            "ref": "Rashi on Bava Kamma 6b:20", 
            "heRef": "רש\"י על בבא קמא ו׳ ב:כ׳", 
            "next": "Rashi on Bava Kamma 6b:21"
        }, 
        "Rashi on Bava Kamma 6b:21": {
            "content": [
                {
                    "segmentNumber": "1", 
                    "links": [
                        {
                            "category": "Talmud", 
                            "index_title": "Bava Kamma", 
                            "sourceHeRef": "בבא קמא ו׳ ב:כ״א", 
                            "sourceRef": "Bava Kamma 6b:21"
                        }
                    ], 
                    "he": "מיטב שדהו של ניזק - שאם אכלה ערוגה בשדהו שמין ערוגה משובחת של ניזק כמה יפה עכשיו עם פירותיה וכמה תהא יפה בלא פירות ונותן לו:"
                }
            ], 
            "heTitle": "רש\"י על בבא קמא ו׳ ב:כ״א", 
            "indexTitle": "Rashi on Bava Kamma", 
            "sectionRef": "Rashi on Bava Kamma 6b:21", 
            "prev": "Rashi on Bava Kamma 6b:19", 
            "ref": "Rashi on Bava Kamma 6b:21", 
            "heRef": "רש\"י על בבא קמא ו׳ ב:כ״א", 
            "next": "Rashi on Bava Kamma 6b:23"
        }, 
        "Rashi on Bava Kamma 6b:22": {
            "content": [], 
            "heTitle": "רש\"י על בבא קמא ו׳ ב:כ״ב", 
            "indexTitle": "Rashi on Bava Kamma", 
            "sectionRef": "Rashi on Bava Kamma 6b:22", 
            "prev": "Rashi on Bava Kamma 6b:21", 
            "ref": "Rashi on Bava Kamma 6b:22", 
            "heRef": "רש\"י על בבא קמא ו׳ ב:כ״ב", 
            "next": "Rashi on Bava Kamma 6b:23"
        }, 
        "Rashi on Bava Kamma 6b:23": {
            "content": [
                {
                    "segmentNumber": "1", 
                    "links": [
                        {
                            "category": "Talmud", 
                            "index_title": "Bava Kamma", 
                            "sourceHeRef": "בבא קמא ו׳ ב:כ״ג", 
                            "sourceRef": "Bava Kamma 6b:23"
                        }
                    ], 
                    "he": "לא בא הכתוב אלא לגבות לנזקין מן העידית - של מזיק דשמין ערוגה של ניזק לפי מה שהיא ואם מזיק בא ליתן לו קרקע בדמי נזקו נותן לו מיטב שדותיו שוה אותן דמים:"
                }
            ], 
            "heTitle": "רש\"י על בבא קמא ו׳ ב:כ״ג", 
            "indexTitle": "Rashi on Bava Kamma", 
            "sectionRef": "Rashi on Bava Kamma 6b:23", 
            "prev": "Rashi on Bava Kamma 6b:21", 
            "ref": "Rashi on Bava Kamma 6b:23", 
            "heRef": "רש\"י על בבא קמא ו׳ ב:כ״ג", 
            "next": "Rashi on Bava Kamma 6b:24"
        }, 
        "Rashi on Bava Kamma 6b:24": {
            "content": [
                {
                    "segmentNumber": "1", 
                    "links": [
                        {
                            "category": "Talmud", 
                            "index_title": "Bava Kamma", 
                            "sourceHeRef": "בבא קמא ו׳ ב:כ״ד", 
                            "sourceRef": "Bava Kamma 6b:24"
                        }
                    ], 
                    "he": "אכל כחושה - מי משלם שמינה בתמיה:"
                }
            ], 
            "heTitle": "רש\"י על בבא קמא ו׳ ב:כ״ד", 
            "indexTitle": "Rashi on Bava Kamma", 
            "sectionRef": "Rashi on Bava Kamma 6b:24", 
            "prev": "Rashi on Bava Kamma 6b:23", 
            "ref": "Rashi on Bava Kamma 6b:24", 
            "heRef": "רש\"י על בבא קמא ו׳ ב:כ״ד", 
            "next": "Rashi on Bava Kamma 6b:26"
        }, 
        "Rashi on Bava Kamma 6b:25": {
            "content": [], 
            "heTitle": "רש\"י על בבא קמא ו׳ ב:כ״ה", 
            "indexTitle": "Rashi on Bava Kamma", 
            "sectionRef": "Rashi on Bava Kamma 6b:25", 
            "prev": "Rashi on Bava Kamma 6b:24", 
            "ref": "Rashi on Bava Kamma 6b:25", 
            "heRef": "רש\"י על בבא קמא ו׳ ב:כ״ה", 
            "next": "Rashi on Bava Kamma 6b:26"
        }, 
        "Rashi on Bava Kamma 6b:26": {
            "content": [
                {
                    "segmentNumber": "1", 
                    "links": [
                        {
                            "category": "Talmud", 
                            "index_title": "Bava Kamma", 
                            "sourceHeRef": "בבא קמא ו׳ ב:כ״ו", 
                            "sourceRef": "Bava Kamma 6b:26"
                        }
                    ], 
                    "he": "בין הערוגות - ויש שם ערוגות שמינות וטעונות פירות הרבה וכחושות וטעונות מעט ולא ידעינן הך ערוגה הנאכלת מהי ניהו:"
                }
            ], 
            "heTitle": "רש\"י על בבא קמא ו׳ ב:כ״ו", 
            "indexTitle": "Rashi on Bava Kamma", 
            "sectionRef": "Rashi on Bava Kamma 6b:26", 
            "prev": "Rashi on Bava Kamma 6b:24", 
            "ref": "Rashi on Bava Kamma 6b:26", 
            "heRef": "רש\"י על בבא קמא ו׳ ב:כ״ו", 
            "next": "Rashi on Bava Kamma 6b:30"
        }, 
        "Rashi on Bava Kamma 6b:27": {
            "content": [], 
            "heTitle": "רש\"י על בבא קמא ו׳ ב:כ״ז", 
            "indexTitle": "Rashi on Bava Kamma", 
            "sectionRef": "Rashi on Bava Kamma 6b:27", 
            "prev": "Rashi on Bava Kamma 6b:26", 
            "ref": "Rashi on Bava Kamma 6b:27", 
            "heRef": "רש\"י על בבא קמא ו׳ ב:כ״ז", 
            "next": "Rashi on Bava Kamma 6b:30"
        }, 
        "Rashi on Bava Kamma 6b:45": {
            "content": [], 
            "heTitle": "רש\"י על בבא קמא ו׳ ב:מ״ה", 
            "indexTitle": "Rashi on Bava Kamma", 
            "sectionRef": "Rashi on Bava Kamma 6b:45", 
            "prev": "Rashi on Bava Kamma 6b:44", 
            "ref": "Rashi on Bava Kamma 6b:45", 
            "heRef": "רש\"י על בבא קמא ו׳ ב:מ״ה", 
            "next": "Rashi on Bava Kamma 6b:47"
        }, 
        "Rashi on Bava Kamma 6b:31": {
            "content": [], 
            "heTitle": "רש\"י על בבא קמא ו׳ ב:ל״א", 
            "indexTitle": "Rashi on Bava Kamma", 
            "sectionRef": "Rashi on Bava Kamma 6b:31", 
            "prev": "Rashi on Bava Kamma 6b:30", 
            "ref": "Rashi on Bava Kamma 6b:31", 
            "heRef": "רש\"י על בבא קמא ו׳ ב:ל״א", 
            "next": "Rashi on Bava Kamma 6b:34"
        }, 
        "Rashi on Bava Kamma 6b:32": {
            "content": [], 
            "heTitle": "רש\"י על בבא קמא ו׳ ב:ל״ב", 
            "indexTitle": "Rashi on Bava Kamma", 
            "sectionRef": "Rashi on Bava Kamma 6b:32", 
            "prev": "Rashi on Bava Kamma 6b:30", 
            "ref": "Rashi on Bava Kamma 6b:32", 
            "heRef": "רש\"י על בבא קמא ו׳ ב:ל״ב", 
            "next": "Rashi on Bava Kamma 6b:34"
        }, 
        "Rashi on Bava Kamma 6b:42": {
            "content": [], 
            "heTitle": "רש\"י על בבא קמא ו׳ ב:מ״ב", 
            "indexTitle": "Rashi on Bava Kamma", 
            "sectionRef": "Rashi on Bava Kamma 6b:42", 
            "prev": "Rashi on Bava Kamma 6b:41", 
            "ref": "Rashi on Bava Kamma 6b:42", 
            "heRef": "רש\"י על בבא קמא ו׳ ב:מ״ב", 
            "next": "Rashi on Bava Kamma 6b:44"
        }, 
        "Rashi on Bava Kamma 6b:30": {
            "content": [
                {
                    "segmentNumber": "1", 
                    "links": [
                        {
                            "category": "Talmud", 
                            "index_title": "Bava Kamma", 
                            "sourceHeRef": "בבא קמא ו׳ ב:ל׳", 
                            "sourceRef": "Bava Kamma 6b:30"
                        }
                    ], 
                    "he": "ה\"ג אלא אמר רב אחא בר יעקב - מודה רבי ישמעאל דלא משלם אלא דמי ערוגה לפי מה שהיא ובהא פליג כגון שהיתה עידית דניזק כזיבורית דמזיק רבי ישמעאל סבר בדניזק שיימינן דהא דכתיב בקרא שישלם לו בדמי נזקו מקרקע מיטב אשדות דניזק קאי ומשלם ליה מזיק דמי נזקו קרקע מזיבורית שלו בשוה נזקו שהרי הוא כמיטב שדהו של ניזק:"
                }
            ], 
            "heTitle": "רש\"י על בבא קמא ו׳ ב:ל׳", 
            "indexTitle": "Rashi on Bava Kamma", 
            "sectionRef": "Rashi on Bava Kamma 6b:30", 
            "prev": "Rashi on Bava Kamma 6b:26", 
            "ref": "Rashi on Bava Kamma 6b:30", 
            "heRef": "רש\"י על בבא קמא ו׳ ב:ל׳", 
            "next": "Rashi on Bava Kamma 6b:34"
        }, 
        "Rashi on Bava Kamma 6b:43": {
            "content": [], 
            "heTitle": "רש\"י על בבא קמא ו׳ ב:מ״ג", 
            "indexTitle": "Rashi on Bava Kamma", 
            "sectionRef": "Rashi on Bava Kamma 6b:43", 
            "prev": "Rashi on Bava Kamma 6b:41", 
            "ref": "Rashi on Bava Kamma 6b:43", 
            "heRef": "רש\"י על בבא קמא ו׳ ב:מ״ג", 
            "next": "Rashi on Bava Kamma 6b:44"
        }, 
        "Rashi on Bava Kamma 6b:40": {
            "content": [
                {
                    "segmentNumber": "1", 
                    "links": [
                        {
                            "category": "Talmud", 
                            "index_title": "Bava Kamma", 
                            "sourceHeRef": "בבא קמא ו׳ ב:מ׳", 
                            "sourceRef": "Bava Kamma 6b:40"
                        }
                    ], 
                    "he": "ואהני קרא - דמשמע מיטב דהאיך דקא משלם:"
                }
            ], 
            "heTitle": "רש\"י על בבא קמא ו׳ ב:מ׳", 
            "indexTitle": "Rashi on Bava Kamma", 
            "sectionRef": "Rashi on Bava Kamma 6b:40", 
            "prev": "Rashi on Bava Kamma 6b:39", 
            "ref": "Rashi on Bava Kamma 6b:40", 
            "heRef": "רש\"י על בבא קמא ו׳ ב:מ׳", 
            "next": "Rashi on Bava Kamma 6b:41"
        }, 
        "Rashi on Bava Kamma 6b:41": {
            "content": [
                {
                    "segmentNumber": "1", 
                    "links": [
                        {
                            "category": "Talmud", 
                            "index_title": "Bava Kamma", 
                            "sourceHeRef": "בבא קמא ו׳ ב:מ״א", 
                            "sourceRef": "Bava Kamma 6b:41"
                        }
                    ], 
                    "he": "משלם ליה ממיטב דידיה - הואיל וזבורית שלו לא הויא כעידית דניזק:"
                }
            ], 
            "heTitle": "רש\"י על בבא קמא ו׳ ב:מ״א", 
            "indexTitle": "Rashi on Bava Kamma", 
            "sectionRef": "Rashi on Bava Kamma 6b:41", 
            "prev": "Rashi on Bava Kamma 6b:40", 
            "ref": "Rashi on Bava Kamma 6b:41", 
            "heRef": "רש\"י על בבא קמא ו׳ ב:מ״א", 
            "next": "Rashi on Bava Kamma 6b:44"
        }, 
        "Rashi on Bava Kamma 6b:11": {
            "content": [
                {
                    "segmentNumber": "1", 
                    "links": [
                        {
                            "category": "Talmud", 
                            "index_title": "Bava Kamma", 
                            "sourceHeRef": "בבא קמא ו׳ ב:י״א", 
                            "sourceRef": "Bava Kamma 6b:11"
                        }
                    ], 
                    "he": "תחילת - בנין הכותל ונטיעת האילן לא היה לנזק:"
                }
            ], 
            "heTitle": "רש\"י על בבא קמא ו׳ ב:י״א", 
            "indexTitle": "Rashi on Bava Kamma", 
            "sectionRef": "Rashi on Bava Kamma 6b:11", 
            "prev": "Rashi on Bava Kamma 6b:9", 
            "ref": "Rashi on Bava Kamma 6b:11", 
            "heRef": "רש\"י על בבא קמא ו׳ ב:י״א", 
            "next": "Rashi on Bava Kamma 6b:19"
        }, 
        "Rashi on Bava Kamma 6b:10": {
            "content": [], 
            "heTitle": "רש\"י על בבא קמא ו׳ ב:י׳", 
            "indexTitle": "Rashi on Bava Kamma", 
            "sectionRef": "Rashi on Bava Kamma 6b:10", 
            "prev": "Rashi on Bava Kamma 6b:9", 
            "ref": "Rashi on Bava Kamma 6b:10", 
            "heRef": "רש\"י על בבא קמא ו׳ ב:י׳", 
            "next": "Rashi on Bava Kamma 6b:11"
        }, 
        "Rashi on Bava Kamma 6b:13": {
            "content": [], 
            "heTitle": "רש\"י על בבא קמא ו׳ ב:י״ג", 
            "indexTitle": "Rashi on Bava Kamma", 
            "sectionRef": "Rashi on Bava Kamma 6b:13", 
            "prev": "Rashi on Bava Kamma 6b:11", 
            "ref": "Rashi on Bava Kamma 6b:13", 
            "heRef": "רש\"י על בבא קמא ו׳ ב:י״ג", 
            "next": "Rashi on Bava Kamma 6b:19"
        }, 
        "Rashi on Bava Kamma 6b:12": {
            "content": [], 
            "heTitle": "רש\"י על בבא קמא ו׳ ב:י״ב", 
            "indexTitle": "Rashi on Bava Kamma", 
            "sectionRef": "Rashi on Bava Kamma 6b:12", 
            "prev": "Rashi on Bava Kamma 6b:11", 
            "ref": "Rashi on Bava Kamma 6b:12", 
            "heRef": "רש\"י על בבא קמא ו׳ ב:י״ב", 
            "next": "Rashi on Bava Kamma 6b:19"
        }, 
        "Rashi on Bava Kamma 6b:15": {
            "content": [], 
            "heTitle": "רש\"י על בבא קמא ו׳ ב:ט״ו", 
            "indexTitle": "Rashi on Bava Kamma", 
            "sectionRef": "Rashi on Bava Kamma 6b:15", 
            "prev": "Rashi on Bava Kamma 6b:11", 
            "ref": "Rashi on Bava Kamma 6b:15", 
            "heRef": "רש\"י על בבא קמא ו׳ ב:ט״ו", 
            "next": "Rashi on Bava Kamma 6b:19"
        }, 
        "Rashi on Bava Kamma 6b:14": {
            "content": [], 
            "heTitle": "רש\"י על בבא קמא ו׳ ב:י״ד", 
            "indexTitle": "Rashi on Bava Kamma", 
            "sectionRef": "Rashi on Bava Kamma 6b:14", 
            "prev": "Rashi on Bava Kamma 6b:11", 
            "ref": "Rashi on Bava Kamma 6b:14", 
            "heRef": "רש\"י על בבא קמא ו׳ ב:י״ד", 
            "next": "Rashi on Bava Kamma 6b:19"
        }, 
        "Rashi on Bava Kamma 6b:17": {
            "content": [], 
            "heTitle": "רש\"י על בבא קמא ו׳ ב:י״ז", 
            "indexTitle": "Rashi on Bava Kamma", 
            "sectionRef": "Rashi on Bava Kamma 6b:17", 
            "prev": "Rashi on Bava Kamma 6b:11", 
            "ref": "Rashi on Bava Kamma 6b:17", 
            "heRef": "רש\"י על בבא קמא ו׳ ב:י״ז", 
            "next": "Rashi on Bava Kamma 6b:19"
        }, 
        "Rashi on Bava Kamma 6b:16": {
            "content": [], 
            "heTitle": "רש\"י על בבא קמא ו׳ ב:ט״ז", 
            "indexTitle": "Rashi on Bava Kamma", 
            "sectionRef": "Rashi on Bava Kamma 6b:16", 
            "prev": "Rashi on Bava Kamma 6b:11", 
            "ref": "Rashi on Bava Kamma 6b:16", 
            "heRef": "רש\"י על בבא קמא ו׳ ב:ט״ז", 
            "next": "Rashi on Bava Kamma 6b:19"
        }, 
        "Rashi on Bava Kamma 6b:19": {
            "content": [
                {
                    "segmentNumber": "1", 
                    "links": [
                        {
                            "category": "Talmud", 
                            "index_title": "Bava Kamma", 
                            "sourceHeRef": "בבא קמא ו׳ ב:י״ט", 
                            "sourceRef": "Bava Kamma 6b:19"
                        }
                    ], 
                    "he": "השתא משום דלא ידעינן משלם שמינה - בתמיה הא ניזק הוא מוציא מחבירו ועליו הראיה:"
                }
            ], 
            "heTitle": "רש\"י על בבא קמא ו׳ ב:י״ט", 
            "indexTitle": "Rashi on Bava Kamma", 
            "sectionRef": "Rashi on Bava Kamma 6b:19", 
            "prev": "Rashi on Bava Kamma 6b:11", 
            "ref": "Rashi on Bava Kamma 6b:19", 
            "heRef": "רש\"י על בבא קמא ו׳ ב:י״ט", 
            "next": "Rashi on Bava Kamma 6b:21"
        }, 
        "Rashi on Bava Kamma 6b:18": {
            "content": [], 
            "heTitle": "רש\"י על בבא קמא ו׳ ב:י״ח", 
            "indexTitle": "Rashi on Bava Kamma", 
            "sectionRef": "Rashi on Bava Kamma 6b:18", 
            "prev": "Rashi on Bava Kamma 6b:11", 
            "ref": "Rashi on Bava Kamma 6b:18", 
            "heRef": "רש\"י על בבא קמא ו׳ ב:י״ח", 
            "next": "Rashi on Bava Kamma 6b:19"
        }, 
        "Rashi on Bava Kamma 6b:39": {
            "content": [
                {
                    "segmentNumber": "1", 
                    "links": [
                        {
                            "category": "Talmud", 
                            "index_title": "Bava Kamma", 
                            "sourceHeRef": "בבא קמא ו׳ ב:ל״ט", 
                            "sourceRef": "Bava Kamma 6b:39"
                        }
                    ], 
                    "he": "וקפריך ורבי ישמעאל אכל ערוגה שמינה - ודאי דין הוא דלשלם שמינה:"
                }
            ], 
            "heTitle": "רש\"י על בבא קמא ו׳ ב:ל״ט", 
            "indexTitle": "Rashi on Bava Kamma", 
            "sectionRef": "Rashi on Bava Kamma 6b:39", 
            "prev": "Rashi on Bava Kamma 6b:38", 
            "ref": "Rashi on Bava Kamma 6b:39", 
            "heRef": "רש\"י על בבא קמא ו׳ ב:ל״ט", 
            "next": "Rashi on Bava Kamma 6b:40"
        }, 
        "Rashi on Bava Kamma 6b:38": {
            "content": [
                {
                    "segmentNumber": "1", 
                    "links": [
                        {
                            "category": "Talmud", 
                            "index_title": "Bava Kamma", 
                            "sourceHeRef": "בבא קמא ו׳ ב:ל״ח", 
                            "sourceRef": "Bava Kamma 6b:38"
                        }
                    ], 
                    "he": "מיטב שדהו של האיך דקא משלם - דהיינו שדה של מזיק ולא אתי גזרה שוה ועקר ליה לקרא:"
                }
            ], 
            "heTitle": "רש\"י על בבא קמא ו׳ ב:ל״ח", 
            "indexTitle": "Rashi on Bava Kamma", 
            "sectionRef": "Rashi on Bava Kamma 6b:38", 
            "prev": "Rashi on Bava Kamma 6b:36", 
            "ref": "Rashi on Bava Kamma 6b:38", 
            "heRef": "רש\"י על בבא קמא ו׳ ב:ל״ח", 
            "next": "Rashi on Bava Kamma 6b:39"
        }, 
        "Rashi on Bava Kamma 6b:44": {
            "content": [
                {
                    "segmentNumber": "1", 
                    "links": [
                        {
                            "category": "Talmud", 
                            "index_title": "Bava Kamma", 
                            "sourceHeRef": "בבא קמא ו׳ ב:מ״ד", 
                            "sourceRef": "Bava Kamma 6b:44"
                        }
                    ], 
                    "he": "וקל וחומר להקדש - מפרש לקמן:"
                }
            ], 
            "heTitle": "רש\"י על בבא קמא ו׳ ב:מ״ד", 
            "indexTitle": "Rashi on Bava Kamma", 
            "sectionRef": "Rashi on Bava Kamma 6b:44", 
            "prev": "Rashi on Bava Kamma 6b:41", 
            "ref": "Rashi on Bava Kamma 6b:44", 
            "heRef": "רש\"י על בבא קמא ו׳ ב:מ״ד", 
            "next": "Rashi on Bava Kamma 6b:47"
        }, 
        "Rashi on Bava Kamma 6b:1": {
            "content": [
                {
                    "segmentNumber": "1", 
                    "links": [
                        {
                            "category": "Talmud", 
                            "index_title": "Bava Kamma", 
                            "sourceHeRef": "בבא קמא ו׳ ב:א׳", 
                            "sourceRef": "Bava Kamma 6b:1"
                        }
                    ], 
                    "he": "שור יוכיח - שברשות ב\"ד הוא מהלך ברה\"ר שהרי כל אדם יש לו רשות בכך ואם הזיק חייב אף אני אביא כו' והיינו הצד השוה דמתני':"
                }
            ], 
            "heTitle": "רש\"י על בבא קמא ו׳ ב:א׳", 
            "indexTitle": "Rashi on Bava Kamma", 
            "sectionRef": "Rashi on Bava Kamma 6b:1", 
            "prev": "Rashi on Bava Kamma 6a:29", 
            "ref": "Rashi on Bava Kamma 6b:1", 
            "heRef": "רש\"י על בבא קמא ו׳ ב:א׳", 
            "next": "Rashi on Bava Kamma 6b:6"
        }, 
        "Rashi on Bava Kamma 6b:3": {
            "content": [], 
            "heTitle": "רש\"י על בבא קמא ו׳ ב:ג׳", 
            "indexTitle": "Rashi on Bava Kamma", 
            "sectionRef": "Rashi on Bava Kamma 6b:3", 
            "prev": "Rashi on Bava Kamma 6b:1", 
            "ref": "Rashi on Bava Kamma 6b:3", 
            "heRef": "רש\"י על בבא קמא ו׳ ב:ג׳", 
            "next": "Rashi on Bava Kamma 6b:6"
        }, 
        "Rashi on Bava Kamma 6b:2": {
            "content": [], 
            "heTitle": "רש\"י על בבא קמא ו׳ ב:ב׳", 
            "indexTitle": "Rashi on Bava Kamma", 
            "sectionRef": "Rashi on Bava Kamma 6b:2", 
            "prev": "Rashi on Bava Kamma 6b:1", 
            "ref": "Rashi on Bava Kamma 6b:2", 
            "heRef": "רש\"י על בבא קמא ו׳ ב:ב׳", 
            "next": "Rashi on Bava Kamma 6b:6"
        }, 
        "Rashi on Bava Kamma 6b:5": {
            "content": [], 
            "heTitle": "רש\"י על בבא קמא ו׳ ב:ה׳", 
            "indexTitle": "Rashi on Bava Kamma", 
            "sectionRef": "Rashi on Bava Kamma 6b:5", 
            "prev": "Rashi on Bava Kamma 6b:1", 
            "ref": "Rashi on Bava Kamma 6b:5", 
            "heRef": "רש\"י על בבא קמא ו׳ ב:ה׳", 
            "next": "Rashi on Bava Kamma 6b:6"
        }, 
        "Rashi on Bava Kamma 6b:4": {
            "content": [], 
            "heTitle": "רש\"י על בבא קמא ו׳ ב:ד׳", 
            "indexTitle": "Rashi on Bava Kamma", 
            "sectionRef": "Rashi on Bava Kamma 6b:4", 
            "prev": "Rashi on Bava Kamma 6b:1", 
            "ref": "Rashi on Bava Kamma 6b:4", 
            "heRef": "רש\"י על בבא קמא ו׳ ב:ד׳", 
            "next": "Rashi on Bava Kamma 6b:6"
        }, 
        "Rashi on Bava Kamma 6b:7": {
            "content": [], 
            "heTitle": "רש\"י על בבא קמא ו׳ ב:ז׳", 
            "indexTitle": "Rashi on Bava Kamma", 
            "sectionRef": "Rashi on Bava Kamma 6b:7", 
            "prev": "Rashi on Bava Kamma 6b:6", 
            "ref": "Rashi on Bava Kamma 6b:7", 
            "heRef": "רש\"י על בבא קמא ו׳ ב:ז׳", 
            "next": "Rashi on Bava Kamma 6b:9"
        }, 
        "Rashi on Bava Kamma 6b:6": {
            "content": [
                {
                    "segmentNumber": "1", 
                    "links": [
                        {
                            "category": "Talmud", 
                            "index_title": "Bava Kamma", 
                            "sourceHeRef": "בבא קמא ו׳ ב:ו׳", 
                            "sourceRef": "Bava Kamma 6b:6"
                        }
                    ], 
                    "he": "נתנו לו זמן - ב\"ד:"
                }
            ], 
            "heTitle": "רש\"י על בבא קמא ו׳ ב:ו׳", 
            "indexTitle": "Rashi on Bava Kamma", 
            "sectionRef": "Rashi on Bava Kamma 6b:6", 
            "prev": "Rashi on Bava Kamma 6b:1", 
            "ref": "Rashi on Bava Kamma 6b:6", 
            "heRef": "רש\"י על בבא קמא ו׳ ב:ו׳", 
            "next": "Rashi on Bava Kamma 6b:9"
        }, 
        "Rashi on Bava Kamma 6b:9": {
            "content": [
                {
                    "segmentNumber": "1", 
                    "links": [
                        {
                            "category": "Talmud", 
                            "index_title": "Bava Kamma", 
                            "sourceHeRef": "בבא קמא ו׳ ב:ט׳", 
                            "sourceRef": "Bava Kamma 6b:9"
                        }
                    ], 
                    "he": "מאי שנא בור שכן הזיקו מצוי - שדרך שנופלין שם בהמות ואי קשיא הא מילתא דאמרן לעיל דרגל הזיקה מצוי ולא בור לאו פירכא היא דבור הזיקו מצוי אבל אינו מצוי כ\"כ כי רגל שכל שעה היא מהלכת:"
                }
            ], 
            "heTitle": "רש\"י על בבא קמא ו׳ ב:ט׳", 
            "indexTitle": "Rashi on Bava Kamma", 
            "sectionRef": "Rashi on Bava Kamma 6b:9", 
            "prev": "Rashi on Bava Kamma 6b:6", 
            "ref": "Rashi on Bava Kamma 6b:9", 
            "heRef": "רש\"י על בבא קמא ו׳ ב:ט׳", 
            "next": "Rashi on Bava Kamma 6b:11"
        }, 
        "Rashi on Bava Kamma 6b:8": {
            "content": [], 
            "heTitle": "רש\"י על בבא קמא ו׳ ב:ח׳", 
            "indexTitle": "Rashi on Bava Kamma", 
            "sectionRef": "Rashi on Bava Kamma 6b:8", 
            "prev": "Rashi on Bava Kamma 6b:6", 
            "ref": "Rashi on Bava Kamma 6b:8", 
            "heRef": "רש\"י על בבא קמא ו׳ ב:ח׳", 
            "next": "Rashi on Bava Kamma 6b:9"
        }
    }, 
    "ref": "Rashi on Bava Kamma 6b"
}