{
    "heTitleVariants": [
        "רש\"י על ב\"ק", 
        "רש\"י על בבא קמא", 
        "רש\"י על ב״ק"
    ], 
    "heTitle": "רש\"י על בבא קמא כ״א א", 
    "content": [
        {
            "segmentNumber": "1", 
            "he": [], 
            "links": [], 
            "text": ""
        }, 
        {
            "segmentNumber": "2", 
            "he": [], 
            "links": [], 
            "text": ""
        }, 
        {
            "segmentNumber": "3", 
            "he": [], 
            "links": [], 
            "text": ""
        }, 
        {
            "segmentNumber": "4", 
            "he": [], 
            "links": [], 
            "text": ""
        }, 
        {
            "segmentNumber": "5", 
            "he": [], 
            "links": [], 
            "text": ""
        }, 
        {
            "segmentNumber": "6", 
            "he": [
                "אין צריך להעלות לו שכר - ועוד אמר אבא מרי דהשוכר בית מראובן כו' ונמצאת בית של שמעון והוא שכרה מראובן מעלה שכר לשמעון:\n"
            ], 
            "links": [
                {
                    "category": "Talmud", 
                    "sourceHeRef": "בבא קמא כ״א א:ו׳", 
                    "sourceRef": "Bava Kamma 21a:6", 
                    "ref": "Bava Kamma 21a:6"
                }
            ], 
            "text": ""
        }, 
        {
            "segmentNumber": "7", 
            "he": [], 
            "links": [], 
            "text": ""
        }, 
        {
            "segmentNumber": "8", 
            "he": [], 
            "links": [], 
            "text": ""
        }, 
        {
            "segmentNumber": "9", 
            "he": [], 
            "links": [], 
            "text": ""
        }, 
        {
            "segmentNumber": "10", 
            "he": [
                "תרתי - בתמיה כלומר תרתי מילי קאמר דסתרן אהדדי דהאי דשכר בית שמעון מראובן הוה ליה דר בחצר שמעון שלא מדעת שמעון וקאמר צריך להעלות לו שכר ורישא קאמר אין צריך:\n"
            ], 
            "links": [
                {
                    "category": "Talmud", 
                    "sourceHeRef": "בבא קמא כ״א א:י׳", 
                    "sourceRef": "Bava Kamma 21a:10", 
                    "ref": "Bava Kamma 21a:10"
                }
            ], 
            "text": ""
        }, 
        {
            "segmentNumber": "11", 
            "he": [
                "הא דקיימא לאגרא - מעלה שכר לשמעון דהוה ליה זה נהנה וזה חסר:"
            ], 
            "links": [
                {
                    "category": "Talmud", 
                    "sourceHeRef": "בבא קמא כ״א א:י״א", 
                    "sourceRef": "Bava Kamma 21a:11", 
                    "ref": "Bava Kamma 21a:11"
                }
            ], 
            "text": ""
        }, 
        {
            "segmentNumber": "12", 
            "he": [], 
            "links": [], 
            "text": ""
        }, 
        {
            "segmentNumber": "13", 
            "he": [], 
            "links": [], 
            "text": ""
        }, 
        {
            "segmentNumber": "14", 
            "he": [
                "הדר בחצר חבירו - דלא קיימא לאגרא שלא מדעת אין צריך להעלות שכר:"
            ], 
            "links": [
                {
                    "category": "Talmud", 
                    "sourceHeRef": "בבא קמא כ״א א:י״ד", 
                    "sourceRef": "Bava Kamma 21a:14", 
                    "ref": "Bava Kamma 21a:14"
                }
            ], 
            "text": ""
        }, 
        {
            "segmentNumber": "15", 
            "he": [], 
            "links": [], 
            "text": ""
        }, 
        {
            "segmentNumber": "16", 
            "he": [], 
            "links": [], 
            "text": ""
        }, 
        {
            "segmentNumber": "17", 
            "he": [], 
            "links": [], 
            "text": ""
        }, 
        {
            "segmentNumber": "18", 
            "he": [], 
            "links": [], 
            "text": ""
        }, 
        {
            "segmentNumber": "19", 
            "he": [], 
            "links": [], 
            "text": ""
        }, 
        {
            "segmentNumber": "20", 
            "he": [], 
            "links": [], 
            "text": ""
        }, 
        {
            "segmentNumber": "21", 
            "he": [
                "שנאמר ושאיה יוכת שער - שד ששמו שאיה מכתת שער בית שאין בני אדם דרין בו והלכך זה שעמד בו ההנהו. לישנא אחרינא בית שהוא שאוי ויחיד מאין אדם יוכת שער מזיקין מכתתין אותו:"
            ], 
            "links": [
                {
                    "category": "Talmud", 
                    "sourceHeRef": "בבא קמא כ״א א:כ״א", 
                    "sourceRef": "Bava Kamma 21a:21", 
                    "ref": "Bava Kamma 21a:21"
                }
            ], 
            "text": ""
        }, 
        {
            "segmentNumber": "22", 
            "he": [], 
            "links": [], 
            "text": ""
        }, 
        {
            "segmentNumber": "23", 
            "he": [], 
            "links": [], 
            "text": ""
        }, 
        {
            "segmentNumber": "24", 
            "he": [], 
            "links": [], 
            "text": ""
        }, 
        {
            "segmentNumber": "25", 
            "he": [
                "ביתא מיתבא יתיב - בית שהוא מיושב בדירת בני אדם יתיב ישובו קיים לפי שהדרין בתוכו רואין מה שהוא צריך ומתקנין אותו:"
            ], 
            "links": [
                {
                    "category": "Talmud", 
                    "sourceHeRef": "בבא קמא כ״א א:כ״ה", 
                    "sourceRef": "Bava Kamma 21a:25", 
                    "ref": "Bava Kamma 21a:25"
                }
            ], 
            "text": ""
        }, 
        {
            "segmentNumber": "26", 
            "he": [
                "דקמשתמש בו - בעל הבית בציבי ותיבנא שהיו עציו ותבנו בתוכו וזה הלך ודר בו משום שאיה ליכא הואיל ומשתמשין בו משום ביתא מיתבא איכא דאין זה ישוב וזה שדר בו יפה עשה וההנהו:"
            ], 
            "links": [
                {
                    "category": "Talmud", 
                    "sourceHeRef": "בבא קמא כ״א א:כ״ו", 
                    "sourceRef": "Bava Kamma 21a:26", 
                    "ref": "Bava Kamma 21a:26"
                }
            ], 
            "text": ""
        }, 
        {
            "segmentNumber": "27", 
            "he": [
                "אקילקלתא - אשפה דמתרגמינן אקילקלתא מאשפות ירים אביון (תהלים קיג):"
            ], 
            "links": [
                {
                    "category": "Talmud", 
                    "sourceHeRef": "בבא קמא כ״א א:כ״ז", 
                    "sourceRef": "Bava Kamma 21a:27", 
                    "ref": "Bava Kamma 21a:27"
                }, 
                {
                    "category": "Tanach", 
                    "sourceHeRef": "תהילים קי״ג", 
                    "sourceRef": "Psalms 113", 
                    "ref": "Psalms 113"
                }
            ], 
            "text": ""
        }, 
        {
            "segmentNumber": "28", 
            "he": [], 
            "links": [], 
            "text": ""
        }, 
        {
            "segmentNumber": "29", 
            "he": [], 
            "links": [], 
            "text": ""
        }, 
        {
            "segmentNumber": "30", 
            "he": [
                "קרמנאי - שם אומה. ל\"א קדמונאי קדמונים היו יושבין בו ומעלים שכר ליתומים והוה ליה קיימא לאגרא:"
            ], 
            "links": [
                {
                    "category": "Talmud", 
                    "sourceHeRef": "בבא קמא כ״א א:ל׳", 
                    "sourceRef": "Bava Kamma 21a:30", 
                    "ref": "Bava Kamma 21a:30"
                }
            ], 
            "text": ""
        }, 
        {
            "segmentNumber": "31", 
            "he": [], 
            "links": [], 
            "text": ""
        }, 
        {
            "segmentNumber": "32", 
            "he": [], 
            "links": [], 
            "text": ""
        }, 
        {
            "segmentNumber": "33", 
            "he": [
                "אמר רב ובמחזרת - ראשה מרחבה לצידה של רחבה ואכלה פירות קתני מתניתין דמשלמת מה שהזיקה אע\"ג דכולה קיימא ברחבה:"
            ], 
            "links": [
                {
                    "category": "Talmud", 
                    "sourceHeRef": "בבא קמא כ״א א:ל״ג", 
                    "sourceRef": "Bava Kamma 21a:33", 
                    "ref": "Bava Kamma 21a:33"
                }
            ], 
            "text": ""
        }, 
        {
            "segmentNumber": "34", 
            "he": [], 
            "links": [], 
            "text": ""
        }, 
        {
            "segmentNumber": "35", 
            "he": [
                "פטורה - הואיל וגוף הבהמה קאי ברחבה דאורחה הוא להחזיר ראשה ושן ברה\"ר היא:"
            ], 
            "links": [
                {
                    "category": "Talmud", 
                    "sourceHeRef": "בבא קמא כ״א א:ל״ה", 
                    "sourceRef": "Bava Kamma 21a:35", 
                    "ref": "Bava Kamma 21a:35"
                }
            ], 
            "text": ""
        }, 
        {
            "segmentNumber": "36", 
            "he": [], 
            "links": [], 
            "text": ""
        }, 
        {
            "segmentNumber": "37", 
            "he": [
                "וקמה בצידי רחבה - שאין דרך שוורים ללכת שם הלכך לאו כר\"ה דמי:"
            ], 
            "links": [
                {
                    "category": "Talmud", 
                    "sourceHeRef": "בבא קמא כ״א א:ל״ז", 
                    "sourceRef": "Bava Kamma 21a:37", 
                    "ref": "Bava Kamma 21a:37"
                }
            ], 
            "text": ""
        }, 
        {
            "segmentNumber": "38", 
            "he": [
                "באפי נפשה - לאו אמתניתין:"
            ], 
            "links": [
                {
                    "category": "Talmud", 
                    "sourceHeRef": "בבא קמא כ״א א:ל״ח", 
                    "sourceRef": "Bava Kamma 21a:38", 
                    "ref": "Bava Kamma 21a:38"
                }
            ], 
            "text": ""
        }, 
        {
            "segmentNumber": "39", 
            "he": [
                "מחזרת - שהחזירה ראשה ואכלה בצידי רחבה:"
            ], 
            "links": [
                {
                    "category": "Talmud", 
                    "sourceHeRef": "בבא קמא כ״א א:ל״ט", 
                    "sourceRef": "Bava Kamma 21a:39", 
                    "ref": "Bava Kamma 21a:39"
                }
            ], 
            "text": ""
        }, 
        {
            "segmentNumber": "40", 
            "he": [], 
            "links": [], 
            "text": ""
        }, 
        {
            "segmentNumber": "41", 
            "he": [], 
            "links": [], 
            "text": ""
        }, 
        {
            "segmentNumber": "42", 
            "he": [], 
            "links": [], 
            "text": ""
        }, 
        {
            "segmentNumber": "43", 
            "he": [], 
            "links": [], 
            "text": ""
        }, 
        {
            "segmentNumber": "44", 
            "he": [], 
            "links": [], 
            "text": ""
        }, 
        {
            "segmentNumber": "45", 
            "he": [], 
            "links": [], 
            "text": ""
        }, 
        {
            "segmentNumber": "46", 
            "he": [
                "פשיטא במחזרת - דהא פתח חנות בתוך הרחבה ליכא ולא משכחת לה אלא במחזרת וקתני מה שנהנית כו':"
            ], 
            "links": [
                {
                    "category": "Talmud", 
                    "sourceHeRef": "בבא קמא כ״א א:מ״ו", 
                    "sourceRef": "Bava Kamma 21a:46", 
                    "ref": "Bava Kamma 21a:46"
                }
            ], 
            "text": ""
        }, 
        {
            "segmentNumber": "47", 
            "he": [], 
            "links": [], 
            "text": ""
        }, 
        {
            "segmentNumber": "48", 
            "he": [], 
            "links": [], 
            "text": ""
        }, 
        {
            "segmentNumber": "49", 
            "he": [], 
            "links": [], 
            "text": ""
        }, 
        {
            "segmentNumber": "50", 
            "he": [
                "דקיימא - חנות בקרן זוית כגון מבוי קטן הכלה במבוי גדול וקיימא חנות בראש מבוי קטן ומשוך קצת כלפי פנים וכשנכנסה בהמה ממבוי גדול לקטן פגעה בפירות מיד דרך הלוכה דלאו מחזרת היא:"
            ], 
            "links": [
                {
                    "category": "Talmud", 
                    "sourceHeRef": "בבא קמא כ״א א:נ׳", 
                    "sourceRef": "Bava Kamma 21a:50", 
                    "ref": "Bava Kamma 21a:50"
                }
            ], 
            "text": ""
        }, 
        {
            "segmentNumber": "51", 
            "he": [], 
            "links": [], 
            "text": ""
        }, 
        {
            "segmentNumber": "52", 
            "he": [
                "כ\"ע לא פליגי דחייב - דלא היה לה להחזיר ראשה לצידי רחבה:", 
                "במקצה מקום - שכנס לתוך שלו ובנה והניח מקרקעו לרה\"ר ושטח שם פירות ונכנסה שם בהמה דרך הלוכה ואכלתן:"
            ], 
            "links": [
                {
                    "category": "Talmud", 
                    "sourceHeRef": "בבא קמא כ״א א:נ״ב", 
                    "sourceRef": "Bava Kamma 21a:52", 
                    "ref": "Bava Kamma 21a:52"
                }, 
                {
                    "category": "Talmud", 
                    "sourceHeRef": "בבא קמא כ״א א:נ״ב", 
                    "sourceRef": "Bava Kamma 21a:52", 
                    "ref": "Bava Kamma 21a:52"
                }
            ], 
            "text": ""
        }, 
        {
            "segmentNumber": "53", 
            "he": [], 
            "links": [], 
            "text": ""
        }, 
        {
            "segmentNumber": "54", 
            "he": [], 
            "links": [], 
            "text": ""
        }, 
        {
            "segmentNumber": "55", 
            "he": [], 
            "links": [], 
            "text": ""
        }, 
        {
            "segmentNumber": "56", 
            "he": [
                "לימא - רב ושמואל בחופר בור ברשותו והפקיר רשותו ולא הפקיר בורו קמפלגי ובפלוגתא דרבי ישמעאל ור\"ע דפליגי בה לקמן בפרק שור שנגח את הפרה (דף מט:) דרב סבר חייב ומשום הכי פטורה הך בהמה דזה ששטח שם פירותיו הוה ליה כמו בור שאם הוחלקה בהן בהמה חייב שהרי הפקיר רשותו הלכך לא היה לו לעשות כן וקי\"ל בהמניח את הכד (לקמן דף ל.) כל המקלקלין ברשות הרבים שהזיקו חייבין לשלם וכל המחזיק בהן זכה:"
            ], 
            "links": [
                {
                    "category": "Talmud", 
                    "sourceHeRef": "בבא קמא כ״א א:נ״ו", 
                    "sourceRef": "Bava Kamma 21a:56", 
                    "ref": "Bava Kamma 21a:56"
                }
            ], 
            "text": ""
        }, 
        {
            "segmentNumber": "57", 
            "he": [
                "ושמואל סבר פטור - הלכך בהמה שאכלתן חייבת שהרי ברשות עשה ורשות הרבים נמי לא הוי שאין זה דרך הילוכה:\n"
            ], 
            "links": [
                {
                    "category": "Talmud", 
                    "sourceHeRef": "בבא קמא כ״א א:נ״ז", 
                    "sourceRef": "Bava Kamma 21a:57", 
                    "ref": "Bava Kamma 21a:57"
                }
            ], 
            "text": ""
        }, 
        {
            "segmentNumber": "58", 
            "he": [], 
            "links": [], 
            "text": ""
        }, 
        {
            "segmentNumber": "59", 
            "he": [], 
            "links": [], 
            "text": ""
        }
    ], 
    "commentaryBook": "Bava Kamma", 
    "heRef": "רש\"י על בבא קמא כ״א א", 
    "toSections": [
        "21a"
    ], 
    "sectionRef": "Rashi on Bava Kamma 21a", 
    "title": "Rashi on Bava Kamma 21a", 
    "lengths": [
        236, 
        12050
    ], 
    "next": "Rashi on Bava Kamma 21b:1", 
    "heBook": "רש\"י על בבא קמא", 
    "book": "Rashi on Bava Kamma", 
    "prev": "Rashi on Bava Kamma 20b:49", 
    "textDepth": 3, 
    "sectionNames": [
        "Daf", 
        "Line", 
        "Comment"
    ], 
    "sections": [
        "21a"
    ], 
    "commentator": "Rashi", 
    "isComplex": false, 
    "commentaryCategories": [
        "Talmud", 
        "Bavli", 
        "Seder Nezikin"
    ], 
    "titleVariants": [
        "Rashi on Bava Kama", 
        "Rashi on Tractate Bava Kamma", 
        "Rashi on Talmud Bava Kamma", 
        "Rashi on Bava Kamma", 
        "Rashi on Masekhet Bava Kamma"
    ], 
    "categories": [
        "Commentary", 
        "Talmud", 
        "Rashi"
    ], 
    "ref": "Rashi on Bava Kamma 21a", 
    "type": "Commentary", 
    "addressTypes": [
        "Talmud", 
        "Integer", 
        "Integer"
    ], 
    "heCommentator": "רש\"י", 
    "length": 236, 
    "indexTitle": "Rashi on Bava Kamma", 
    "heIndexTitle": "רש\"י על בבא קמא", 
    "alts": [], 
    "order": [
        20, 
        1
    ]
}