{
    "heTitleVariants": [
        "רש\"י על ב\"ק", 
        "רש\"י על בבא קמא", 
        "רש\"י על ב״ק"
    ], 
    "heTitle": "רש\"י על בבא קמא מ״ח א", 
    "content": [
        {
            "segmentNumber": "1", 
            "he": [], 
            "links": [], 
            "text": ""
        }, 
        {
            "segmentNumber": "2", 
            "he": [], 
            "links": [], 
            "text": ""
        }, 
        {
            "segmentNumber": "3", 
            "he": [
                "הויא שן בחצר הניזק - דכיון דיהיב ליה בעל חצר רשותא לעיולי דוכתא אקני ליה בגוה והויא ליה חצר הניזק וחצר השותפין דפטור בה על השן ועל הרגל ה\"מ משותף לחבריה דחצר של שניהם אבל שור מעלמא דעל ואזיק לחד מינייהו ובער בשדה אחר קרינן ביה:\n"
            ], 
            "links": [
                {
                    "category": "Talmud", 
                    "sourceHeRef": "בבא קמא מ״ח א:ג׳", 
                    "index_title": "Bava Kamma", 
                    "sourceRef": "Bava Kamma 48a:3"
                }, 
                {
                    "category": "Commentary", 
                    "sourceHeRef": "מהר\"ם שיף על בבא קמא מ״ח א:ג׳", 
                    "index_title": "Maharam Shif on Bava Kamma", 
                    "sourceRef": "Maharam Shif on Bava Kamma 48a:3"
                }
            ], 
            "text": ""
        }, 
        {
            "segmentNumber": "4", 
            "he": [
                "ברשות הרבים - לאו דוקא כלומר לאו בשדה אחר דניזק קרינא ביה:"
            ], 
            "links": [
                {
                    "category": "Talmud", 
                    "sourceHeRef": "בבא קמא מ״ח א:ד׳", 
                    "index_title": "Bava Kamma", 
                    "sourceRef": "Bava Kamma 48a:4"
                }
            ], 
            "text": ""
        }, 
        {
            "segmentNumber": "5", 
            "he": [], 
            "links": [], 
            "text": ""
        }, 
        {
            "segmentNumber": "6", 
            "he": [], 
            "links": [], 
            "text": ""
        }, 
        {
            "segmentNumber": "7", 
            "he": [], 
            "links": [], 
            "text": ""
        }, 
        {
            "segmentNumber": "8", 
            "he": [], 
            "links": [], 
            "text": ""
        }, 
        {
            "segmentNumber": "9", 
            "he": [], 
            "links": [], 
            "text": ""
        }, 
        {
            "segmentNumber": "10", 
            "he": [
                "מאי ברשות ומאי שלא ברשות - בקרן אין חילוק בין חצר הניזק לרה\"ר אי אמרת בשלמא פטור וחייב בעל החצר היינו דשלא ברשות פטור דאין עליו לשמרו:"
            ], 
            "links": [
                {
                    "category": "Talmud", 
                    "sourceHeRef": "בבא קמא מ״ח א:י׳", 
                    "index_title": "Bava Kamma", 
                    "sourceRef": "Bava Kamma 48a:10"
                }
            ], 
            "text": ""
        }, 
        {
            "segmentNumber": "11", 
            "he": [], 
            "links": [], 
            "text": ""
        }, 
        {
            "segmentNumber": "12", 
            "he": [], 
            "links": [], 
            "text": ""
        }, 
        {
            "segmentNumber": "13", 
            "he": [], 
            "links": [], 
            "text": ""
        }, 
        {
            "segmentNumber": "14", 
            "he": [], 
            "links": [], 
            "text": ""
        }, 
        {
            "segmentNumber": "15", 
            "he": [], 
            "links": [], 
            "text": ""
        }, 
        {
            "segmentNumber": "16", 
            "he": [
                "ולא משלמא אלא חצי נזק - והאי פטור מנזק שלם קאמר וברשות חייב נ\"ש:"
            ], 
            "links": [
                {
                    "category": "Talmud", 
                    "sourceHeRef": "בבא קמא מ״ח א:ט״ז", 
                    "index_title": "Bava Kamma", 
                    "sourceRef": "Bava Kamma 48a:16"
                }
            ], 
            "text": ""
        }, 
        {
            "segmentNumber": "17", 
            "he": [
                "ברחא - עז:", 
                "חביל - נתחמם:"
            ], 
            "links": [
                {
                    "category": "Talmud", 
                    "sourceHeRef": "בבא קמא מ״ח א:י״ז", 
                    "index_title": "Bava Kamma", 
                    "sourceRef": "Bava Kamma 48a:17"
                }, 
                {
                    "category": "Talmud", 
                    "sourceHeRef": "בבא קמא מ״ח א:י״ז", 
                    "index_title": "Bava Kamma", 
                    "sourceRef": "Bava Kamma 48a:17"
                }
            ], 
            "text": ""
        }, 
        {
            "segmentNumber": "18", 
            "he": [], 
            "links": [], 
            "text": ""
        }, 
        {
            "segmentNumber": "19", 
            "he": [], 
            "links": [], 
            "text": ""
        }, 
        {
            "segmentNumber": "20", 
            "he": [], 
            "links": [], 
            "text": ""
        }, 
        {
            "segmentNumber": "21", 
            "he": [], 
            "links": [], 
            "text": ""
        }, 
        {
            "segmentNumber": "22", 
            "he": [
                "הכא ברשות קביל עליה נטירותא - דבהמתו וטעמא דרבא לאו משום דקסבר דמאן דעל ברשות קביל עליה נטירותא דבהמות בעל חצר דהא איהו הוא דשני לעיל כולה רבנן היא ואוקי דבעל קדירות כי על ברשות לא קביל עליו נטירותא והכא כדמפרש טעמא לקמיה דלמיפא בעיא צניעותא ואסתלקו מרוותא דחצר וגמרא דאותביה מהאשה שנכנסה לטחון משום דלא אסיק למילתיה הוא:"
            ], 
            "links": [
                {
                    "category": "Talmud", 
                    "sourceHeRef": "בבא קמא מ״ח א:כ״ב", 
                    "index_title": "Bava Kamma", 
                    "sourceRef": "Bava Kamma 48a:22"
                }
            ], 
            "text": ""
        }, 
        {
            "segmentNumber": "23", 
            "he": [], 
            "links": [], 
            "text": ""
        }, 
        {
            "segmentNumber": "24", 
            "he": [], 
            "links": [], 
            "text": ""
        }, 
        {
            "segmentNumber": "25", 
            "he": [], 
            "links": [], 
            "text": ""
        }, 
        {
            "segmentNumber": "26", 
            "he": [
                "למיפא בעיא צניעותא - שמגלה זרועותיה:"
            ], 
            "links": [
                {
                    "category": "Talmud", 
                    "sourceHeRef": "בבא קמא מ״ח א:כ״ו", 
                    "index_title": "Bava Kamma", 
                    "sourceRef": "Bava Kamma 48a:26"
                }
            ], 
            "text": ""
        }, 
        {
            "segmentNumber": "27", 
            "he": [
                "למיפא בעיא צניעותא - שמגלה זרועותיה:\n"
            ], 
            "links": [
                {
                    "category": "Talmud", 
                    "sourceHeRef": "בבא קמא מ״ח א:כ״ז", 
                    "index_title": "Bava Kamma", 
                    "sourceRef": "Bava Kamma 48a:27"
                }
            ], 
            "text": ""
        }, 
        {
            "segmentNumber": "28", 
            "he": [], 
            "links": [], 
            "text": ""
        }, 
        {
            "segmentNumber": "29", 
            "he": [], 
            "links": [], 
            "text": ""
        }, 
        {
            "segmentNumber": "30", 
            "he": [
                "ובעל חצר חייב בנזקי הבור - אם הפקיר רשותו ואף על גב דכתיב כי יכרה איש בור ולא יכרה שור בור ה\"מ בבור ברה\"ר דלאו עליה דידיה רמייה למלויי:"
            ], 
            "links": [
                {
                    "category": "Talmud", 
                    "sourceHeRef": "בבא קמא מ״ח א:ל׳", 
                    "index_title": "Bava Kamma", 
                    "sourceRef": "Bava Kamma 48a:30"
                }
            ], 
            "text": ""
        }, 
        {
            "segmentNumber": "31", 
            "he": [], 
            "links": [], 
            "text": ""
        }, 
        {
            "segmentNumber": "32", 
            "he": [
                "הכא כיון דאית ליה למלוייה - מקמי דליפקריה דהא בור דידיה הוא וכי אפקר בתר הכי נותן תקלה ברה\"ר:"
            ], 
            "links": [
                {
                    "category": "Talmud", 
                    "sourceHeRef": "בבא קמא מ״ח א:ל״ב", 
                    "index_title": "Bava Kamma", 
                    "sourceRef": "Bava Kamma 48a:32"
                }
            ], 
            "text": ""
        }, 
        {
            "segmentNumber": "33", 
            "he": [], 
            "links": [], 
            "text": ""
        }, 
        {
            "segmentNumber": "34", 
            "he": [
                "הוזק בו - שנתקל בו:", 
                "רבץ פטור - קס\"ד השתא רבץ ושיבר כלים או נתקל בו בע\"ה לאחר שרבץ:"
            ], 
            "links": [
                {
                    "category": "Talmud", 
                    "sourceHeRef": "בבא קמא מ״ח א:ל״ד", 
                    "index_title": "Bava Kamma", 
                    "sourceRef": "Bava Kamma 48a:34"
                }, 
                {
                    "category": "Talmud", 
                    "sourceHeRef": "בבא קמא מ״ח א:ל״ד", 
                    "index_title": "Bava Kamma", 
                    "sourceRef": "Bava Kamma 48a:34"
                }
            ], 
            "text": ""
        }, 
        {
            "segmentNumber": "35", 
            "he": [], 
            "links": [], 
            "text": ""
        }, 
        {
            "segmentNumber": "36", 
            "he": [], 
            "links": [], 
            "text": ""
        }, 
        {
            "segmentNumber": "37", 
            "he": [], 
            "links": [], 
            "text": ""
        }, 
        {
            "segmentNumber": "38", 
            "he": [
                "ונטנפו כליו - לאחר מיכן ודוקא כליו אבל הוא עצמו הוזק חייב בעל השור ולא פטרינן ליה משום איש בור ולא שור בור דכל מידי דהוו דידיה בשעת נפילה כגון גללים וכגון שנפלה גמלו ולא העמידה מחייבינן ליה משום בור ואע\"ג דאיהו לא כרייה אלא הגמל כרהו כיון דבשעת נפילה דידיה הוא ועליה לסלוקיה כמו דכרייה איהו דמי ואף על גב דמפקר ליה בתר שעתא ולא דמי לשורו שחפר בור ברשות הרבים דחפירה לאו דידיה היא ולדליל הנקשר ברגל התרנגול מאליו דדליל לאו דידיה הוא:"
            ], 
            "links": [
                {
                    "category": "Talmud", 
                    "sourceHeRef": "בבא קמא מ״ח א:ל״ח", 
                    "index_title": "Bava Kamma", 
                    "sourceRef": "Bava Kamma 48a:38"
                }
            ], 
            "text": ""
        }, 
        {
            "segmentNumber": "39", 
            "he": [], 
            "links": [], 
            "text": ""
        }, 
        {
            "segmentNumber": "40", 
            "he": [], 
            "links": [], 
            "text": ""
        }, 
        {
            "segmentNumber": "41", 
            "he": [], 
            "links": [], 
            "text": ""
        }, 
        {
            "segmentNumber": "42", 
            "he": [], 
            "links": [], 
            "text": ""
        }, 
        {
            "segmentNumber": "43", 
            "he": [], 
            "links": [], 
            "text": ""
        }, 
        {
            "segmentNumber": "44", 
            "he": [], 
            "links": [], 
            "text": ""
        }, 
        {
            "segmentNumber": "45", 
            "he": [
                "והזיק - קרי בין מתכוין בין שאין מתכוין ומיהו בידים הזיקו:", 
                "הוזק - שזה היה עומד במקומו ובא בעל הבית ונתקל בו:"
            ], 
            "links": [
                {
                    "category": "Talmud", 
                    "sourceHeRef": "בבא קמא מ״ח א:מ״ה", 
                    "index_title": "Bava Kamma", 
                    "sourceRef": "Bava Kamma 48a:45"
                }, 
                {
                    "category": "Talmud", 
                    "sourceHeRef": "בבא קמא מ״ח א:מ״ה", 
                    "index_title": "Bava Kamma", 
                    "sourceRef": "Bava Kamma 48a:45"
                }
            ], 
            "text": ""
        }, 
        {
            "segmentNumber": "46", 
            "he": [], 
            "links": [], 
            "text": ""
        }, 
        {
            "segmentNumber": "47", 
            "he": [], 
            "links": [], 
            "text": ""
        }, 
        {
            "segmentNumber": "48", 
            "he": [], 
            "links": [], 
            "text": ""
        }, 
        {
            "segmentNumber": "49", 
            "he": [], 
            "links": [], 
            "text": ""
        }, 
        {
            "segmentNumber": "50", 
            "he": [], 
            "links": [], 
            "text": ""
        }, 
        {
            "segmentNumber": "51", 
            "he": [], 
            "links": [], 
            "text": ""
        }
    ], 
    "commentaryBook": "Bava Kamma", 
    "heRef": "רש\"י על בבא קמא מ״ח א", 
    "toSections": [
        "48a"
    ], 
    "sectionRef": "Rashi on Bava Kamma 48a", 
    "title": "Rashi on Bava Kamma 48a", 
    "lengths": [
        236, 
        12050
    ], 
    "next": "Rashi on Bava Kamma 48b:1", 
    "heBook": "רש\"י על בבא קמא", 
    "book": "Rashi on Bava Kamma", 
    "prev": "Rashi on Bava Kamma 47b:58", 
    "textDepth": 3, 
    "sectionNames": [
        "Daf", 
        "Line", 
        "Comment"
    ], 
    "sections": [
        "48a"
    ], 
    "commentator": "Rashi", 
    "isComplex": false, 
    "commentaryCategories": [
        "Talmud", 
        "Bavli", 
        "Seder Nezikin"
    ], 
    "titleVariants": [
        "Rashi on Baba Kamma", 
        "Rashi on Bava Kamma", 
        "Rashi on Baba Kama", 
        "Rashi on Bava Kama", 
        "Rashi on Masekhet Bava Kamma", 
        "Rashi on Talmud Bava Kamma", 
        "Rashi on Tractate Bava Kamma"
    ], 
    "categories": [
        "Commentary", 
        "Talmud", 
        "Rashi"
    ], 
    "ref": "Rashi on Bava Kamma 48a", 
    "type": "Commentary", 
    "addressTypes": [
        "Talmud", 
        "Integer", 
        "Integer"
    ], 
    "heCommentator": "רש\"י", 
    "length": 236, 
    "indexTitle": "Rashi on Bava Kamma", 
    "heIndexTitle": "רש\"י על בבא קמא", 
    "alts": [], 
    "order": [
        20, 
        1
    ]
}