{
    "content": [
        {
            "segmentNumber": "1", 
            "he": "ר' זעירא בעי קומי רבי מנא כמה דתימא עד שירכין בראשו ג' פעמים ודכוותה עד שישמעו את קולו ג' פעמים א\"ל לשמיעת הקול פעם אחת להרכנת הראש שלשה פעמים אמר ר' יודן תמן באומר כך וכך עשיתי הכא באומר כך וכך עשו רבי בנימין בר לוי בעי אם יש בו דעת לשעבר יש בו דעת להבא אם אין בו דעת לשעבר אין בו דעת להבא אמר רבי אבדימי בחרש אנן קיימין ואין שליחות לחרש א\"ר יוסי ב\"ר בון בבריא אנן קיימין ולמה אינו גט אני אומר מתעסק היה בשטרותיו ותני כן במה דברים אמורים בזמן שפירש מתוך בוריו אבל אם נשתתק מחמת חוליו דיו פעם אחת מאן תנא חרש דלא כרבי יודא דתני אמר רבי יודא מעשה בבניו של רבי יוחנן בן גודגדא שהיו כולן חרשין והיו כל הטהרות שבירושלים נעשין על גביהן אמרו לו מפני שהטהרות אינן צריכות מחשבה ונעשות על גבי חרש שוטה וקטן אבל תרומה ומעשרות צריכות מחשבה ואינן נפסלות בהיסח הדעת רבי יוסי בשם רבי לא אין כתיב בהן מחשבה שמירה כתיב בהן סימני שוטה היוצא בלילה והלן בבית הקברות והמקרע את כסותו והמאבד מה שנותנין לו א\"ר הונא והוא שיהא כולהן בו דלא כן אני אומר היוצא בלילה קיניטרוקוס הלן בבית הקברות מקטיר לשדים המקרע את כסותו סוליקוס והמאבד מה שנותנים לו קודייקוס רבי יוחנן אמר אפילו באחת מהן אמר רבי אבון מסתברא מה דאמר רבי יוחנן אפילו אחת מהן ובלבד במאבד מה שנותנין לו אפילו שוטה שבשוטים אין מאבד כל מה שנותנים לו קונדיקוס קורדייקוס אין בו אחת מכל אלו מהו קורדייקוס אמר ר' יוסי המים אתא עובדא קומי רבי יוסי בחד טרסיי דהוון יהבון ליה סימוק גו אכום והוא לעי אכום גו סימוק והוא לעי אמר דו הוא קורדייקוס שאמרו חכמים פעמים שוטה פעמים חלים הרי הוא כפיקח לכל דבר בשעה שהוא שוטה הרי הוא כשוטה לכל דבריו ובשעה שהוא חלים הרי הוא כפיקח לכל דבריו אתא עובדא קומי דשמואל אמר"
        }
    ], 
    "heTitle": "תלמוד ירושלמי תרומות ב׳ א", 
    "indexTitle": "Jerusalem Talmud Terumot", 
    "sectionRef": "Jerusalem Talmud Terumot 2a", 
    "prev": "Jerusalem Talmud Terumot 1b", 
    "ref": "Jerusalem Talmud Terumot 2a", 
    "heRef": "תלמוד ירושלמי תרומות ב׳ א", 
    "next": "Jerusalem Talmud Terumot 2b"
}