{
    "heTitleVariants": [
        "זבחים"
    ], 
    "heTitle": "זבחים פ״ח א", 
    "content": [
        {
            "segmentNumber": "1", 
            "he": "חטאת העוף פסולה היכי מזה מדמה", 
            "links": [
                {
                    "category": "Commentary", 
                    "sourceHeRef": "רש\"י על זבחים פ״ח א:א׳:א׳", 
                    "sourceRef": "Rashi on Zevachim 88a:1:1", 
                    "ref": "Rashi on Zevachim 88a.1.1"
                }, 
                {
                    "category": "Commentary", 
                    "sourceHeRef": "תוספות על זבחים פ״ח א:א׳:א׳", 
                    "sourceRef": "Tosafot on Zevachim 88a:1:1", 
                    "ref": "Tosafot on Zevachim 88a.1.1"
                }
            ], 
            "text": ""
        }, 
        {
            "segmentNumber": "2", 
            "he": "הוה ליה ירוד", 
            "links": [], 
            "text": ""
        }, 
        {
            "segmentNumber": "3", 
            "he": "שאר פסולים היכי זריק להו מדמה", 
            "links": [
                {
                    "category": "Commentary", 
                    "sourceHeRef": "רש\"י על זבחים פ״ח א:ג׳:א׳", 
                    "sourceRef": "Rashi on Zevachim 88a:3:1", 
                    "ref": "Rashi on Zevachim 88a.3.1"
                }, 
                {
                    "category": "Commentary", 
                    "sourceHeRef": "רש\"י על זבחים פ״ח א:ג׳:ב׳", 
                    "sourceRef": "Rashi on Zevachim 88a:3:2", 
                    "ref": "Rashi on Zevachim 88a.3.2"
                }
            ], 
            "text": ""
        }, 
        {
            "segmentNumber": "4", 
            "he": "דמגע להו", 
            "links": [
                {
                    "category": "Commentary", 
                    "sourceHeRef": "רש\"י על זבחים פ״ח א:ד׳:א׳", 
                    "sourceRef": "Rashi on Zevachim 88a:4:1", 
                    "ref": "Rashi on Zevachim 88a.4.1"
                }
            ], 
            "text": ""
        }, 
        {
            "segmentNumber": "5", 
            "he": "הא הזאה היא", 
            "links": [
                {
                    "category": "Commentary", 
                    "sourceHeRef": "רש\"י על זבחים פ״ח א:ה׳:א׳", 
                    "sourceRef": "Rashi on Zevachim 88a:5:1", 
                    "ref": "Rashi on Zevachim 88a.5.1"
                }
            ], 
            "text": ""
        }, 
        {
            "segmentNumber": "6", 
            "he": "מיצוי היא", 
            "links": [], 
            "text": ""
        }, 
        {
            "segmentNumber": "7", 
            "he": "הא זריקה", 
            "links": [], 
            "text": ""
        }, 
        {
            "segmentNumber": "8", 
            "he": "שפיכה היא", 
            "links": [], 
            "text": ""
        }, 
        {
            "segmentNumber": "9", 
            "he": "ועוד", 
            "links": [], 
            "text": ""
        }, 
        {
            "segmentNumber": "10", 
            "he": "דרך הזאה בכך", 
            "links": [], 
            "text": ""
        }, 
        {
            "segmentNumber": "11", 
            "he": "דרך זריקה בכך", 
            "links": [], 
            "text": ""
        }, 
        {
            "segmentNumber": "12", 
            "he": "אמר רב אשי", 
            "links": [
                {
                    "category": "Commentary", 
                    "sourceHeRef": "רש\"י על זבחים פ״ח א:י״ב:א׳", 
                    "sourceRef": "Rashi on Zevachim 88a:12:1", 
                    "ref": "Rashi on Zevachim 88a.12.1"
                }
            ], 
            "text": ""
        }, 
        {
            "segmentNumber": "13", 
            "he": "אי דנקט להו בראש המזבח ה\"נ כי קאמר דתלנהו בקניא מאי", 
            "links": [], 
            "text": ""
        }, 
        {
            "segmentNumber": "14", 
            "he": "תיקו:", 
            "links": [], 
            "text": ""
        }, 
        {
            "segmentNumber": "15", 
            "he": "<big><strong>מתני׳</strong></big> כלי הלח מקדשין את הלח ומדות יבש מקדשות את היבש", 
            "links": [
                {
                    "category": "Commentary", 
                    "sourceHeRef": "רש\"י על זבחים פ״ח א:ט״ו:א׳", 
                    "sourceRef": "Rashi on Zevachim 88a:15:1", 
                    "ref": "Rashi on Zevachim 88a.15.1"
                }, 
                {
                    "category": "Commentary", 
                    "sourceHeRef": "רש\"י על זבחים פ״ח א:ט״ו:ב׳", 
                    "sourceRef": "Rashi on Zevachim 88a:15:2", 
                    "ref": "Rashi on Zevachim 88a.15.2"
                }, 
                {
                    "category": "Commentary", 
                    "sourceHeRef": "תוספות על זבחים פ״ח א:ט״ו:א׳", 
                    "sourceRef": "Tosafot on Zevachim 88a:15:1", 
                    "ref": "Tosafot on Zevachim 88a.15.1"
                }
            ], 
            "text": ""
        }, 
        {
            "segmentNumber": "16", 
            "he": "אין כלי הלח מקדשת את היבש ולא יבש מקדש את הלח", 
            "links": [
                {
                    "category": "Commentary", 
                    "sourceHeRef": "רש\"י על זבחים פ״ח א:ט״ז:א׳", 
                    "sourceRef": "Rashi on Zevachim 88a:16:1", 
                    "ref": "Rashi on Zevachim 88a.16.1"
                }
            ], 
            "text": ""
        }, 
        {
            "segmentNumber": "17", 
            "he": "כלי הקודש שניקבו אם עושין בהן מעין מלאכתן שהיו עושין והן שלימים מקדשין ואם לאו אין מקדשין", 
            "links": [
                {
                    "category": "Commentary", 
                    "sourceHeRef": "רש\"י על זבחים פ״ח א:י״ז:א׳", 
                    "sourceRef": "Rashi on Zevachim 88a:17:1", 
                    "ref": "Rashi on Zevachim 88a.17.1"
                }
            ], 
            "text": ""
        }, 
        {
            "segmentNumber": "18", 
            "he": "וכולן אין מקדשין אלא בקודש:", 
            "links": [
                {
                    "category": "Commentary", 
                    "sourceHeRef": "רש\"י על זבחים פ״ח א:י״ח:א׳", 
                    "sourceRef": "Rashi on Zevachim 88a:18:1", 
                    "ref": "Rashi on Zevachim 88a.18.1"
                }
            ], 
            "text": ""
        }, 
        {
            "segmentNumber": "19", 
            "he": "<big><strong>גמ׳</strong></big> אמר שמואל", 
            "links": [
                {
                    "category": "Commentary", 
                    "sourceHeRef": "רש\"י על זבחים פ״ח א:י״ט:א׳", 
                    "sourceRef": "Rashi on Zevachim 88a:19:1", 
                    "ref": "Rashi on Zevachim 88a.19.1"
                }
            ], 
            "text": ""
        }, 
        {
            "segmentNumber": "20", 
            "he": "לא שנו אלא מדות אבל מזרקות מקדשין שנאמר", 
            "links": [
                {
                    "category": "Commentary", 
                    "sourceHeRef": "רש\"י על זבחים פ״ח א:כ׳:א׳", 
                    "sourceRef": "Rashi on Zevachim 88a:20:1", 
                    "ref": "Rashi on Zevachim 88a.20.1"
                }, 
                {
                    "category": "Commentary", 
                    "sourceHeRef": "רש\"י על זבחים פ״ח א:כ׳:ב׳", 
                    "sourceRef": "Rashi on Zevachim 88a:20:2", 
                    "ref": "Rashi on Zevachim 88a.20.2"
                }
            ], 
            "text": ""
        }, 
        {
            "segmentNumber": "21", 
            "he": "(במדבר ז, יג) שניהם מלאים סולת", 
            "links": [
                {
                    "category": "Tanach", 
                    "sourceHeRef": "במדבר ז׳:י״ג", 
                    "sourceRef": "Numbers 7:13", 
                    "ref": "Numbers 7:13"
                }
            ], 
            "text": ""
        }, 
        {
            "segmentNumber": "22", 
            "he": "א\"ל רב אחא מדיפתי לרבינא", 
            "links": [], 
            "text": ""
        }, 
        {
            "segmentNumber": "23", 
            "he": "מנחה לחה היא", 
            "links": [
                {
                    "category": "Commentary", 
                    "sourceHeRef": "רש\"י על זבחים פ״ח א:כ״ג:א׳", 
                    "sourceRef": "Rashi on Zevachim 88a:23:1", 
                    "ref": "Rashi on Zevachim 88a.23.1"
                }
            ], 
            "text": ""
        }, 
        {
            "segmentNumber": "24", 
            "he": "א\"ל", 
            "links": [
                {
                    "category": "Commentary", 
                    "sourceHeRef": "רש\"י על זבחים פ״ח א:כ״ד:א׳", 
                    "sourceRef": "Rashi on Zevachim 88a:24:1", 
                    "ref": "Rashi on Zevachim 88a.24.1"
                }, 
                {
                    "category": "Commentary", 
                    "sourceHeRef": "תוספות על זבחים פ״ח א:כ״ד:א׳", 
                    "sourceRef": "Tosafot on Zevachim 88a:24:1", 
                    "ref": "Tosafot on Zevachim 88a.24.1"
                }
            ], 
            "text": ""
        }, 
        {
            "segmentNumber": "25", 
            "he": "לא נצרכה אלא ליבש שבה איבעית אימא", 
            "links": [
                {
                    "category": "Commentary", 
                    "sourceHeRef": "רש\"י על זבחים פ״ח א:כ״ה:א׳", 
                    "sourceRef": "Rashi on Zevachim 88a:25:1", 
                    "ref": "Rashi on Zevachim 88a.25.1"
                }
            ], 
            "text": ""
        }, 
        {
            "segmentNumber": "26", 
            "he": "מנחה לגבי דם כיבש דמי", 
            "links": [
                {
                    "category": "Commentary", 
                    "sourceHeRef": "רש\"י על זבחים פ״ח א:כ״ו:א׳", 
                    "sourceRef": "Rashi on Zevachim 88a:26:1", 
                    "ref": "Rashi on Zevachim 88a.26.1"
                }
            ], 
            "text": ""
        }, 
        {
            "segmentNumber": "27", 
            "he": "אמר שמואל", 
            "links": [], 
            "text": ""
        }, 
        {
            "segmentNumber": "28", 
            "he": "כלי שרת אין מקדשין אלא שלימין אין מקדשין אלא מלאין אין מקדשין אלא מתוכן", 
            "links": [
                {
                    "category": "Commentary", 
                    "sourceHeRef": "רש\"י על זבחים פ״ח א:כ״ח:א׳", 
                    "sourceRef": "Rashi on Zevachim 88a:28:1", 
                    "ref": "Rashi on Zevachim 88a.28.1"
                }, 
                {
                    "category": "Commentary", 
                    "sourceHeRef": "רש\"י על זבחים פ״ח א:כ״ח:ב׳", 
                    "sourceRef": "Rashi on Zevachim 88a:28:2", 
                    "ref": "Rashi on Zevachim 88a.28.2"
                }
            ], 
            "text": ""
        }, 
        {
            "segmentNumber": "29", 
            "he": "ואמרי לה", 
            "links": [], 
            "text": ""
        }, 
        {
            "segmentNumber": "30", 
            "he": "אין מקדשין אלא שלימין ומלאים ומבפנים", 
            "links": [], 
            "text": ""
        }, 
        {
            "segmentNumber": "31", 
            "he": "מאי בינייהו", 
            "links": [], 
            "text": ""
        }, 
        {
            "segmentNumber": "32", 
            "he": "איכא בינייהו", 
            "links": [
                {
                    "category": "Commentary", 
                    "sourceHeRef": "רש\"י על זבחים פ״ח א:ל״ב:א׳", 
                    "sourceRef": "Rashi on Zevachim 88a:32:1", 
                    "ref": "Rashi on Zevachim 88a.32.1"
                }
            ], 
            "text": ""
        }, 
        {
            "segmentNumber": "33", 
            "he": "בירוצי מדות", 
            "links": [], 
            "text": ""
        }, 
        {
            "segmentNumber": "34", 
            "he": "במתניתא תנא", 
            "links": [], 
            "text": ""
        }, 
        {
            "segmentNumber": "35", 
            "he": "אין מקדשין אלא שלימין ומלאים ומתוכן ובפנים", 
            "links": [], 
            "text": ""
        }, 
        {
            "segmentNumber": "36", 
            "he": "א\"ר אסי א\"ר יוחנן", 
            "links": [], 
            "text": ""
        }, 
        {
            "segmentNumber": "37", 
            "he": "לא שנו אלא שאין דעתו להוסיף אבל דעתו להוסיף ראשון ראשון קודש", 
            "links": [
                {
                    "category": "Commentary", 
                    "sourceHeRef": "רש\"י על זבחים פ״ח א:ל״ז:א׳", 
                    "sourceRef": "Rashi on Zevachim 88a:37:1", 
                    "ref": "Rashi on Zevachim 88a.37.1"
                }, 
                {
                    "category": "Commentary", 
                    "sourceHeRef": "רש\"י על זבחים פ״ח א:ל״ז:ב׳", 
                    "sourceRef": "Rashi on Zevachim 88a:37:2", 
                    "ref": "Rashi on Zevachim 88a.37.2"
                }
            ], 
            "text": ""
        }, 
        {
            "segmentNumber": "38", 
            "he": "תניא נמי הכי", 
            "links": [
                {
                    "category": "Commentary", 
                    "sourceHeRef": "רש\"י על זבחים פ״ח א:ל״ח:א׳", 
                    "sourceRef": "Rashi on Zevachim 88a:38:1", 
                    "ref": "Rashi on Zevachim 88a.38.1"
                }
            ], 
            "text": ""
        }, 
        {
            "segmentNumber": "39", 
            "he": "מלאין אין מלאין אלא שלימין", 
            "links": [], 
            "text": ""
        }, 
        {
            "segmentNumber": "40", 
            "he": "אמר רבי יוסי", 
            "links": [], 
            "text": ""
        }, 
        {
            "segmentNumber": "41", 
            "he": "אימתי בזמן שאין דעתו להוסיף אבל דעתו להוסיף ראשון ראשון קודש:", 
            "links": [], 
            "text": ""
        }, 
        {
            "segmentNumber": "42", 
            "he": "אין כלי הלח מקדש [וכו']:", 
            "links": [], 
            "text": ""
        }, 
        {
            "segmentNumber": "43", 
            "he": "אמר רב ואיתימא רב אסי", 
            "links": [], 
            "text": ""
        }, 
        {
            "segmentNumber": "44", 
            "he": "אין מקדשין ליקרב אבל מקדשין ליפסל", 
            "links": [], 
            "text": ""
        }, 
        {
            "segmentNumber": "45", 
            "he": "איכא דמתני לה אהא", 
            "links": [], 
            "text": ""
        }, 
        {
            "segmentNumber": "46", 
            "he": "אין מביאין מנחות ונסכים ומנחת בהמה וביכורים מן המדומע ואין צ\"ל מערלה וכלאי הכרם ואם הביא לא קדש", 
            "links": [
                {
                    "category": "Commentary", 
                    "sourceHeRef": "רש\"י על זבחים פ״ח א:מ״ו:א׳", 
                    "sourceRef": "Rashi on Zevachim 88a:46:1", 
                    "ref": "Rashi on Zevachim 88a.46.1"
                }, 
                {
                    "category": "Commentary", 
                    "sourceHeRef": "רש\"י על זבחים פ״ח א:מ״ו:ב׳", 
                    "sourceRef": "Rashi on Zevachim 88a:46:2", 
                    "ref": "Rashi on Zevachim 88a.46.2"
                }, 
                {
                    "category": "Commentary", 
                    "sourceHeRef": "תוספות על זבחים פ״ח א:מ״ו:א׳", 
                    "sourceRef": "Tosafot on Zevachim 88a:46:1", 
                    "ref": "Tosafot on Zevachim 88a.46.1"
                }
            ], 
            "text": ""
        }, 
        {
            "segmentNumber": "47", 
            "he": "אמר רב ואיתימא רב אסי", 
            "links": [], 
            "text": ""
        }, 
        {
            "segmentNumber": "48", 
            "he": "לא קדש ליקרב אבל קדש ליפסל", 
            "links": [
                {
                    "category": "Commentary", 
                    "sourceHeRef": "רש\"י על זבחים פ״ח א:מ״ח:א׳", 
                    "sourceRef": "Rashi on Zevachim 88a:48:1", 
                    "ref": "Rashi on Zevachim 88a.48.1"
                }
            ], 
            "text": ""
        }, 
        {
            "segmentNumber": "49", 
            "he": "ת\"ר", 
            "links": [], 
            "text": ""
        }, 
        {
            "segmentNumber": "50", 
            "he": "כלי קדש שניקבו אין מתיכין אותן ואין מתיכין לתוכן אבר", 
            "links": [
                {
                    "category": "Commentary", 
                    "sourceHeRef": "רש\"י על זבחים פ״ח א:נ׳:א׳", 
                    "sourceRef": "Rashi on Zevachim 88a:50:1", 
                    "ref": "Rashi on Zevachim 88a.50.1"
                }, 
                {
                    "category": "Commentary", 
                    "sourceHeRef": "רש\"י על זבחים פ״ח א:נ׳:ב׳", 
                    "sourceRef": "Rashi on Zevachim 88a:50:2", 
                    "ref": "Rashi on Zevachim 88a.50.2"
                }
            ], 
            "text": ""
        }, 
        {
            "segmentNumber": "51", 
            "he": "נפגמו אין מתקנין אותן", 
            "links": [
                {
                    "category": "Commentary", 
                    "sourceHeRef": "רש\"י על זבחים פ״ח א:נ״א:א׳", 
                    "sourceRef": "Rashi on Zevachim 88a:51:1", 
                    "ref": "Rashi on Zevachim 88a.51.1"
                }
            ], 
            "text": ""
        }, 
        {
            "segmentNumber": "52", 
            "he": "סכין שנפגם אין משחיזין את פגימתה נשמטה אין מחזירין אותה", 
            "links": [
                {
                    "category": "Commentary", 
                    "sourceHeRef": "תוספות על זבחים פ״ח א:נ״ב:א׳", 
                    "sourceRef": "Tosafot on Zevachim 88a:52:1", 
                    "ref": "Tosafot on Zevachim 88a.52.1"
                }
            ], 
            "text": ""
        }, 
        {
            "segmentNumber": "53", 
            "he": "אבא שאול אומר", 
            "links": [], 
            "text": ""
        }, 
        {
            "segmentNumber": "54", 
            "he": "סכין מטרפת היתה במקדש ונמנו עליה כהנים וגנזוה", 
            "links": [
                {
                    "category": "Commentary", 
                    "sourceHeRef": "רש\"י על זבחים פ״ח א:נ״ד:א׳", 
                    "sourceRef": "Rashi on Zevachim 88a:54:1", 
                    "ref": "Rashi on Zevachim 88a.54.1"
                }
            ], 
            "text": ""
        }, 
        {
            "segmentNumber": "55", 
            "he": "ת\"ר", 
            "links": [], 
            "text": ""
        }, 
        {
            "segmentNumber": "56", 
            "he": "בגדי כהונה אין עושין אותם מעשה מחט אלא מעשה אורג שנאמר", 
            "links": [
                {
                    "category": "Commentary", 
                    "sourceHeRef": "רש\"י על זבחים פ״ח א:נ״ו:א׳", 
                    "sourceRef": "Rashi on Zevachim 88a:56:1", 
                    "ref": "Rashi on Zevachim 88a.56.1"
                }
            ], 
            "text": ""
        }, 
        {
            "segmentNumber": "57", 
            "he": "(שמות כח, לב) מעשה אורג נתגעלו אין מכבסין לא בנתר ולא באהל", 
            "links": [
                {
                    "category": "Commentary", 
                    "sourceHeRef": "רש\"י על זבחים פ״ח א:נ״ז:א׳", 
                    "sourceRef": "Rashi on Zevachim 88a:57:1", 
                    "ref": "Rashi on Zevachim 88a.57.1"
                }, 
                {
                    "category": "Tanach", 
                    "sourceHeRef": "שמות כ״ח:ל״ב", 
                    "sourceRef": "Exodus 28:32", 
                    "ref": "Exodus 28:32"
                }
            ], 
            "text": ""
        }, 
        {
            "segmentNumber": "58", 
            "he": "הא במים מכבסין", 
            "links": [
                {
                    "category": "Commentary", 
                    "sourceHeRef": "רש\"י על זבחים פ״ח א:נ״ח:א׳", 
                    "sourceRef": "Rashi on Zevachim 88a:58:1", 
                    "ref": "Rashi on Zevachim 88a.58.1"
                }
            ], 
            "text": ""
        }, 
        {
            "segmentNumber": "59", 
            "he": "אמר אביי ה\"ק", 
            "links": [], 
            "text": ""
        }, 
        {
            "segmentNumber": "60", 
            "he": "הוגעו במים מכבסין אותו בנתר ואהל", 
            "links": [], 
            "text": ""
        }
    ], 
    "heRef": "זבחים פ״ח א", 
    "toSections": [
        "88a"
    ], 
    "sectionRef": "Zevachim 88a", 
    "title": "Zevachim 88a", 
    "lengths": [
        238, 
        10586
    ], 
    "next": "Zevachim 88b", 
    "heBook": "זבחים", 
    "book": "Zevachim", 
    "prev": "Zevachim 87b", 
    "textDepth": 2, 
    "sectionNames": [
        "Daf", 
        "Line"
    ], 
    "sections": [
        "88a"
    ], 
    "isComplex": false, 
    "titleVariants": [
        "Talmud Zevachim", 
        "Tractate Zevachim", 
        "Masekhet Zevachim", 
        "Zevachim"
    ], 
    "categories": [
        "Talmud", 
        "Bavli", 
        "Seder Kodashim"
    ], 
    "ref": "Zevachim 88a", 
    "type": "Talmud", 
    "addressTypes": [
        "Talmud", 
        "Integer"
    ], 
    "length": 238, 
    "indexTitle": "Zevachim", 
    "heIndexTitle": "זבחים", 
    "alts": [], 
    "order": [
        28, 
        1
    ]
}