{
    "heTitleVariants": [
        "זבחים"
    ], 
    "heTitle": "זבחים ו׳ ב", 
    "content": [
        {
            "segmentNumber": "1", 
            "he": "לא כיפר קמי שמיא", 
            "links": [
                {
                    "category": "Commentary", 
                    "sourceHeRef": "רש\"י על זבחים ו׳ ב:א׳:א׳", 
                    "sourceRef": "Rashi on Zevachim 6b:1:1", 
                    "ref": "Rashi on Zevachim 6b.1.1"
                }
            ], 
            "text": ""
        }, 
        {
            "segmentNumber": "2", 
            "he": "מי לא תנן", 
            "links": [], 
            "text": ""
        }, 
        {
            "segmentNumber": "3", 
            "he": "(ויקרא יד, יח) והנותר בשמן אשר על כף וגו' לכפר עליו לפני ה' אם נתן כיפר ואם לא נתן לא כיפר דברי ר\"ע", 
            "links": [
                {
                    "category": "Tanach", 
                    "sourceHeRef": "ויקרא י״ד:י״ח", 
                    "sourceRef": "Leviticus 14:18", 
                    "ref": "Leviticus 14.18"
                }, 
                {
                    "category": "Commentary", 
                    "sourceHeRef": "רש\"י על זבחים ו׳ ב:ג׳:א׳", 
                    "sourceRef": "Rashi on Zevachim 6b:3:1", 
                    "ref": "Rashi on Zevachim 6b.3.1"
                }
            ], 
            "text": ""
        }, 
        {
            "segmentNumber": "4", 
            "he": "ר' יוחנן [בן נורי] אומר", 
            "links": [], 
            "text": ""
        }, 
        {
            "segmentNumber": "5", 
            "he": "שירי מצוה הן בין ניתן בין שלא ניתן כיפר ומעלין עליו כאילו לא כיפר", 
            "links": [
                {
                    "category": "Commentary", 
                    "sourceHeRef": "רש\"י על זבחים ו׳ ב:ה׳:א׳", 
                    "sourceRef": "Rashi on Zevachim 6b:5:1", 
                    "ref": "Rashi on Zevachim 6b.5.1"
                }
            ], 
            "text": ""
        }, 
        {
            "segmentNumber": "6", 
            "he": "מאי כאילו לא כיפר", 
            "links": [], 
            "text": ""
        }, 
        {
            "segmentNumber": "7", 
            "he": "אילימא דמבעי לאיתויי קרבן אחרינא האמרת בין ניתן בין לא ניתן כיפר", 
            "links": [], 
            "text": ""
        }, 
        {
            "segmentNumber": "8", 
            "he": "אלא", 
            "links": [], 
            "text": ""
        }, 
        {
            "segmentNumber": "9", 
            "he": "כיפר גברא לא כיפר קמי שמיא", 
            "links": [], 
            "text": ""
        }, 
        {
            "segmentNumber": "10", 
            "he": "הכא נמי כיפר כו'", 
            "links": [], 
            "text": ""
        }, 
        {
            "segmentNumber": "11", 
            "he": "התם נמי", 
            "links": [], 
            "text": ""
        }, 
        {
            "segmentNumber": "12", 
            "he": "כיפר מתן בהונות לא כיפר מתנות הראש", 
            "links": [
                {
                    "category": "Commentary", 
                    "sourceHeRef": "רש\"י על זבחים ו׳ ב:י״ב:א׳", 
                    "sourceRef": "Rashi on Zevachim 6b:12:1", 
                    "ref": "Rashi on Zevachim 6b.12.1"
                }, 
                {
                    "category": "Commentary", 
                    "sourceHeRef": "תוספות על זבחים ו׳ ב:י״ב:א׳", 
                    "sourceRef": "Tosafot on Zevachim 6b:12:1", 
                    "ref": "Tosafot on Zevachim 6b.12.1"
                }
            ], 
            "text": ""
        }, 
        {
            "segmentNumber": "13", 
            "he": "ת\"ש ר' שמעון אומר", 
            "links": [], 
            "text": ""
        }, 
        {
            "segmentNumber": "14", 
            "he": "כבשי עצרת למה הן באין", 
            "links": [], 
            "text": ""
        }, 
        {
            "segmentNumber": "15", 
            "he": "כבשי עצרת שלמים נינהו", 
            "links": [
                {
                    "category": "Commentary", 
                    "sourceHeRef": "רש\"י על זבחים ו׳ ב:ט״ו:א׳", 
                    "sourceRef": "Rashi on Zevachim 6b:15:1", 
                    "ref": "Rashi on Zevachim 6b.15.1"
                }
            ], 
            "text": ""
        }, 
        {
            "segmentNumber": "16", 
            "he": "אלא", 
            "links": [], 
            "text": ""
        }, 
        {
            "segmentNumber": "17", 
            "he": "שעירי עצרת למה הן באין", 
            "links": [
                {
                    "category": "Commentary", 
                    "sourceHeRef": "רש\"י על זבחים ו׳ ב:י״ז:א׳", 
                    "sourceRef": "Rashi on Zevachim 6b:17:1", 
                    "ref": "Rashi on Zevachim 6b.17.1"
                }
            ], 
            "text": ""
        }, 
        {
            "segmentNumber": "18", 
            "he": "על טומאת מקדש וקדשיו", 
            "links": [], 
            "text": ""
        }, 
        {
            "segmentNumber": "19", 
            "he": "נזרק דמו של ראשון שני למה קרב", 
            "links": [
                {
                    "category": "Commentary", 
                    "sourceHeRef": "רש\"י על זבחים ו׳ ב:י״ט:א׳", 
                    "sourceRef": "Rashi on Zevachim 6b:19:1", 
                    "ref": "Rashi on Zevachim 6b.19.1"
                }
            ], 
            "text": ""
        }, 
        {
            "segmentNumber": "20", 
            "he": "על טומאה שאורעה בין זה לזה", 
            "links": [
                {
                    "category": "Commentary", 
                    "sourceHeRef": "רש\"י על זבחים ו׳ ב:כ׳:א׳", 
                    "sourceRef": "Rashi on Zevachim 6b:20:1", 
                    "ref": "Rashi on Zevachim 6b.20.1"
                }
            ], 
            "text": ""
        }, 
        {
            "segmentNumber": "21", 
            "he": "אמור מעתה ראויין היו ישראל להקריב קרבנותיהן בכל עת ובכל שעה אלא שחיסך הכתוב", 
            "links": [
                {
                    "category": "Commentary", 
                    "sourceHeRef": "רש\"י על זבחים ו׳ ב:כ״א:א׳", 
                    "sourceRef": "Rashi on Zevachim 6b:21:1", 
                    "ref": "Rashi on Zevachim 6b.21.1"
                }
            ], 
            "text": ""
        }, 
        {
            "segmentNumber": "22", 
            "he": "והא הכא דעשה דלאחר הפרשה וקא מכפרא", 
            "links": [
                {
                    "category": "Commentary", 
                    "sourceHeRef": "רש\"י על זבחים ו׳ ב:כ״ב:א׳", 
                    "sourceRef": "Rashi on Zevachim 6b:22:1", 
                    "ref": "Rashi on Zevachim 6b.22.1"
                }
            ], 
            "text": ""
        }, 
        {
            "segmentNumber": "23", 
            "he": "אי דאפרשינהו בבת אחת הכי נמי", 
            "links": [
                {
                    "category": "Commentary", 
                    "sourceHeRef": "רש\"י על זבחים ו׳ ב:כ״ג:א׳", 
                    "sourceRef": "Rashi on Zevachim 6b:23:1", 
                    "ref": "Rashi on Zevachim 6b.23.1"
                }
            ], 
            "text": ""
        }, 
        {
            "segmentNumber": "24", 
            "he": "הכא במאי עסקינן", 
            "links": [
                {
                    "category": "Commentary", 
                    "sourceHeRef": "רש\"י על זבחים ו׳ ב:כ״ד:א׳", 
                    "sourceRef": "Rashi on Zevachim 6b:24:1", 
                    "ref": "Rashi on Zevachim 6b.24.1"
                }
            ], 
            "text": ""
        }, 
        {
            "segmentNumber": "25", 
            "he": "דאפרשינהו בזה אחר זה", 
            "links": [], 
            "text": ""
        }, 
        {
            "segmentNumber": "26", 
            "he": "וליקו ולימא ליה לקרא דכי כתיבא בזה אחר זה כתיבא", 
            "links": [
                {
                    "category": "Commentary", 
                    "sourceHeRef": "רש\"י על זבחים ו׳ ב:כ״ו:א׳", 
                    "sourceRef": "Rashi on Zevachim 6b:26:1", 
                    "ref": "Rashi on Zevachim 6b.26.1"
                }, 
                {
                    "category": "Commentary", 
                    "sourceHeRef": "תוספות על זבחים ו׳ ב:כ״ו:א׳", 
                    "sourceRef": "Tosafot on Zevachim 6b:26:1", 
                    "ref": "Tosafot on Zevachim 6b.26.1"
                }
            ], 
            "text": ""
        }, 
        {
            "segmentNumber": "27", 
            "he": "אמר רב פפא ", 
            "links": [], 
            "text": ""
        }, 
        {
            "segmentNumber": "28", 
            "he": "רבנות צבור קאמרת", 
            "links": [], 
            "text": ""
        }, 
        {
            "segmentNumber": "29", 
            "he": "שאני קרבנות צבור דלב בית דין קמתנה עליהן", 
            "links": [
                {
                    "category": "Commentary", 
                    "sourceHeRef": "רש\"י על זבחים ו׳ ב:כ״ט:א׳", 
                    "sourceRef": "Rashi on Zevachim 6b:29:1", 
                    "ref": "Rashi on Zevachim 6b.29.1"
                }
            ], 
            "text": ""
        }, 
        {
            "segmentNumber": "30", 
            "he": "כדרב יהודה אמר שמואל דאמר רב יהודה אמר שמואל", 
            "links": [], 
            "text": ""
        }, 
        {
            "segmentNumber": "31", 
            "he": "קרבנות צבור סכין מושכתן למה שהן", 
            "links": [
                {
                    "category": "Commentary", 
                    "sourceHeRef": "רש\"י על זבחים ו׳ ב:ל״א:א׳", 
                    "sourceRef": "Rashi on Zevachim 6b:31:1", 
                    "ref": "Rashi on Zevachim 6b.31.1"
                }, 
                {
                    "category": "Commentary", 
                    "sourceHeRef": "תוספות על זבחים ו׳ ב:ל״א:א׳", 
                    "sourceRef": "Tosafot on Zevachim 6b:31:1", 
                    "ref": "Tosafot on Zevachim 6b.31.1"
                }
            ], 
            "text": ""
        }, 
        {
            "segmentNumber": "32", 
            "he": "אמר ליה רב יוסף בריה דרב שמואל לרב פפא", 
            "links": [], 
            "text": ""
        }, 
        {
            "segmentNumber": "33", 
            "he": "ומי אית ליה לרבי שמעון לב בית דין מתנה עליהן", 
            "links": [], 
            "text": ""
        }, 
        {
            "segmentNumber": "34", 
            "he": "והאמר רב אידי בר אבין אמר רב עמרם אמר רבי יצחק אמר רבי יוחנן", 
            "links": [], 
            "text": ""
        }, 
        {
            "segmentNumber": "35", 
            "he": "תמידין שלא הוצרכו לצבור", 
            "links": [], 
            "text": ""
        }
    ], 
    "heRef": "זבחים ו׳ ב", 
    "toSections": [
        "6b"
    ], 
    "sectionRef": "Zevachim 6b", 
    "title": "Zevachim 6b", 
    "lengths": [
        238, 
        10586
    ], 
    "next": "Zevachim 7a", 
    "heBook": "זבחים", 
    "book": "Zevachim", 
    "prev": "Zevachim 6a", 
    "textDepth": 2, 
    "sectionNames": [
        "Daf", 
        "Line"
    ], 
    "sections": [
        "6b"
    ], 
    "isComplex": false, 
    "titleVariants": [
        "Talmud Zevachim", 
        "Tractate Zevachim", 
        "Masekhet Zevachim", 
        "Zevachim"
    ], 
    "categories": [
        "Talmud", 
        "Bavli", 
        "Seder Kodashim"
    ], 
    "ref": "Zevachim 6b", 
    "type": "Talmud", 
    "addressTypes": [
        "Talmud", 
        "Integer"
    ], 
    "length": 238, 
    "indexTitle": "Zevachim", 
    "heIndexTitle": "זבחים", 
    "alts": [], 
    "order": [
        28, 
        1
    ]
}