{
    "heTitleVariants": [
        "זבחים"
    ], 
    "heTitle": "זבחים ב׳ ב", 
    "content": [
        {
            "segmentNumber": "1", 
            "he": "נדר הוא", 
            "links": [
                {
                    "category": "Commentary", 
                    "sourceHeRef": "רש\"י על זבחים ב׳ ב:א׳:א׳", 
                    "index_title": "Rashi on Zevachim", 
                    "sourceRef": "Rashi on Zevachim 2b:1:1"
                }
            ], 
            "text": ""
        }, 
        {
            "segmentNumber": "2", 
            "he": "אלא", 
            "links": [], 
            "text": ""
        }, 
        {
            "segmentNumber": "3", 
            "he": "אם כמה שנדרת עשית יהא נדר ואם לא נדבה יהא", 
            "links": [
                {
                    "category": "Commentary", 
                    "sourceHeRef": "רש\"י על זבחים ב׳ ב:ג׳:א׳", 
                    "index_title": "Rashi on Zevachim", 
                    "sourceRef": "Rashi on Zevachim 2b:3:1"
                }, 
                {
                    "category": "Commentary", 
                    "sourceHeRef": "רש\"י על זבחים ב׳ ב:ג׳:ב׳", 
                    "index_title": "Rashi on Zevachim", 
                    "sourceRef": "Rashi on Zevachim 2b:3:2"
                }, 
                {
                    "category": "Commentary", 
                    "sourceHeRef": "רש\"י על זבחים ב׳ ב:ג׳:ג׳", 
                    "index_title": "Rashi on Zevachim", 
                    "sourceRef": "Rashi on Zevachim 2b:3:3"
                }, 
                {
                    "category": "Commentary", 
                    "sourceHeRef": "תוספות על זבחים ב׳ ב:ג׳:א׳", 
                    "index_title": "Tosafot on Zevachim", 
                    "sourceRef": "Tosafot on Zevachim 2b:3:1"
                }
            ], 
            "text": ""
        }, 
        {
            "segmentNumber": "4", 
            "he": "ונדבה מי שרי לשנויי בה", 
            "links": [
                {
                    "category": "Commentary", 
                    "sourceHeRef": "רש\"י על זבחים ב׳ ב:ד׳:א׳", 
                    "index_title": "Rashi on Zevachim", 
                    "sourceRef": "Rashi on Zevachim 2b:4:1"
                }
            ], 
            "text": ""
        }, 
        {
            "segmentNumber": "5", 
            "he": "אמר ליה רבינא לרב פפא", 
            "links": [], 
            "text": ""
        }, 
        {
            "segmentNumber": "6", 
            "he": "לא הוית גבן באורתא בתחומא בי חרמך דרמי רבא מילי מעלייתא אהדדי ושני להו", 
            "links": [
                {
                    "category": "Commentary", 
                    "sourceHeRef": "רש\"י על זבחים ב׳ ב:ו׳:א׳", 
                    "index_title": "Rashi on Zevachim", 
                    "sourceRef": "Rashi on Zevachim 2b:6:1"
                }, 
                {
                    "category": "Commentary", 
                    "sourceHeRef": "רש\"י על זבחים ב׳ ב:ו׳:ב׳", 
                    "index_title": "Rashi on Zevachim", 
                    "sourceRef": "Rashi on Zevachim 2b:6:2"
                }, 
                {
                    "category": "Commentary", 
                    "sourceHeRef": "רש\"י על זבחים ב׳ ב:ו׳:ג׳", 
                    "index_title": "Rashi on Zevachim", 
                    "sourceRef": "Rashi on Zevachim 2b:6:3"
                }, 
                {
                    "category": "Commentary", 
                    "sourceHeRef": "רש\"י על זבחים ב׳ ב:ו׳:ד׳", 
                    "index_title": "Rashi on Zevachim", 
                    "sourceRef": "Rashi on Zevachim 2b:6:4"
                }
            ], 
            "text": ""
        }, 
        {
            "segmentNumber": "7", 
            "he": "מאי מילי מעלייתא", 
            "links": [], 
            "text": ""
        }, 
        {
            "segmentNumber": "8", 
            "he": "תנן", 
            "links": [], 
            "text": ""
        }, 
        {
            "segmentNumber": "9", 
            "he": "כל הזבחים שנזבחו שלא לשמן כו'", 
            "links": [
                {
                    "category": "Commentary", 
                    "sourceHeRef": "רש\"י על זבחים ב׳ ב:ט׳:א׳", 
                    "index_title": "Rashi on Zevachim", 
                    "sourceRef": "Rashi on Zevachim 2b:9:1"
                }
            ], 
            "text": ""
        }, 
        {
            "segmentNumber": "10", 
            "he": "טעמא דשלא לשמן הא סתמא עלו נמי לבעלים לשם חובה אלמא סתמא נמי כלשמן דמי", 
            "links": [], 
            "text": ""
        }, 
        {
            "segmentNumber": "11", 
            "he": "ורמינהי", 
            "links": [], 
            "text": ""
        }, 
        {
            "segmentNumber": "12", 
            "he": "כל הגט שנכתב שלא לשם אשה פסול", 
            "links": [
                {
                    "category": "Commentary", 
                    "sourceHeRef": "רש\"י על זבחים ב׳ ב:י״ב:א׳", 
                    "index_title": "Rashi on Zevachim", 
                    "sourceRef": "Rashi on Zevachim 2b:12:1"
                }
            ], 
            "text": ""
        }, 
        {
            "segmentNumber": "13", 
            "he": "וסתמא נמי פסול", 
            "links": [
                {
                    "category": "Commentary", 
                    "sourceHeRef": "רש\"י על זבחים ב׳ ב:י״ג:א׳", 
                    "index_title": "Rashi on Zevachim", 
                    "sourceRef": "Rashi on Zevachim 2b:13:1"
                }
            ], 
            "text": ""
        }, 
        {
            "segmentNumber": "14", 
            "he": "ושני", 
            "links": [
                {
                    "category": "Commentary", 
                    "sourceHeRef": "רש\"י על זבחים ב׳ ב:י״ד:א׳", 
                    "index_title": "Rashi on Zevachim", 
                    "sourceRef": "Rashi on Zevachim 2b:14:1"
                }
            ], 
            "text": ""
        }, 
        {
            "segmentNumber": "15", 
            "he": "זבחים בסתם לשמן עומדין אשה בסתמא לאו לגירושין עומדת", 
            "links": [
                {
                    "category": "Commentary", 
                    "sourceHeRef": "רש\"י על זבחים ב׳ ב:ט״ו:א׳", 
                    "index_title": "Rashi on Zevachim", 
                    "sourceRef": "Rashi on Zevachim 2b:15:1"
                }, 
                {
                    "category": "Commentary", 
                    "sourceHeRef": "תוספות על זבחים ב׳ ב:ט״ו:א׳", 
                    "index_title": "Tosafot on Zevachim", 
                    "sourceRef": "Tosafot on Zevachim 2b:15:1"
                }, 
                {
                    "category": "Commentary", 
                    "sourceHeRef": "תוספות על זבחים ב׳ ב:ט״ו:ב׳", 
                    "index_title": "Tosafot on Zevachim", 
                    "sourceRef": "Tosafot on Zevachim 2b:15:2"
                }
            ], 
            "text": ""
        }, 
        {
            "segmentNumber": "16", 
            "he": "וזבחים בסתמא כשירין מנלן", 
            "links": [
                {
                    "category": "Commentary", 
                    "sourceHeRef": "רש\"י על זבחים ב׳ ב:ט״ז:א׳", 
                    "index_title": "Rashi on Zevachim", 
                    "sourceRef": "Rashi on Zevachim 2b:16:1"
                }
            ], 
            "text": ""
        }, 
        {
            "segmentNumber": "17", 
            "he": "אילימא מהא דתנן", 
            "links": [], 
            "text": ""
        }, 
        {
            "segmentNumber": "18", 
            "he": "כל הזבחים שנזבחו שלא לשמן כו' ולא קתני שלא נזבחו לשמן גבי גט נמי הקתני", 
            "links": [
                {
                    "category": "Commentary", 
                    "sourceHeRef": "רש\"י על זבחים ב׳ ב:י״ח:א׳", 
                    "index_title": "Rashi on Zevachim", 
                    "sourceRef": "Rashi on Zevachim 2b:18:1"
                }, 
                {
                    "category": "Commentary", 
                    "sourceHeRef": "רש\"י על זבחים ב׳ ב:י״ח:ב׳", 
                    "index_title": "Rashi on Zevachim", 
                    "sourceRef": "Rashi on Zevachim 2b:18:2"
                }
            ], 
            "text": ""
        }, 
        {
            "segmentNumber": "19", 
            "he": "כל הגט שנכתב שלא לשם אשה פסול ולא קתני שלא נכתב לשם אשה פסול", 
            "links": [
                {
                    "category": "Commentary", 
                    "sourceHeRef": "רש\"י על זבחים ב׳ ב:י״ט:א׳", 
                    "index_title": "Rashi on Zevachim", 
                    "sourceRef": "Rashi on Zevachim 2b:19:1"
                }
            ], 
            "text": ""
        }, 
        {
            "segmentNumber": "20", 
            "he": "אלא מהא דתנן", 
            "links": [], 
            "text": ""
        }, 
        {
            "segmentNumber": "21", 
            "he": "כיצד לשמן ושלא לשמן לשם פסח ולשם שלמים", 
            "links": [
                {
                    "category": "Commentary", 
                    "sourceHeRef": "רש\"י על זבחים ב׳ ב:כ״א:א׳", 
                    "index_title": "Rashi on Zevachim", 
                    "sourceRef": "Rashi on Zevachim 2b:21:1"
                }
            ], 
            "text": ""
        }, 
        {
            "segmentNumber": "22", 
            "he": "טעמא דאמר לשם פסח ולשם שלמים הא לשם פסח וסתמא כשר אלמא סתמן כלשמן דמי", 
            "links": [
                {
                    "category": "Commentary", 
                    "sourceHeRef": "רש\"י על זבחים ב׳ ב:כ״ב:א׳", 
                    "index_title": "Rashi on Zevachim", 
                    "sourceRef": "Rashi on Zevachim 2b:22:1"
                }, 
                {
                    "category": "Commentary", 
                    "sourceHeRef": "רש\"י על זבחים ב׳ ב:כ״ב:ב׳", 
                    "index_title": "Rashi on Zevachim", 
                    "sourceRef": "Rashi on Zevachim 2b:22:2"
                }, 
                {
                    "category": "Commentary", 
                    "sourceHeRef": "רש\"י על זבחים ב׳ ב:כ״ב:ג׳", 
                    "index_title": "Rashi on Zevachim", 
                    "sourceRef": "Rashi on Zevachim 2b:22:3"
                }, 
                {
                    "category": "Commentary", 
                    "sourceHeRef": "תוספות על זבחים ב׳ ב:כ״ב:א׳", 
                    "index_title": "Tosafot on Zevachim", 
                    "sourceRef": "Tosafot on Zevachim 2b:22:1"
                }
            ], 
            "text": ""
        }, 
        {
            "segmentNumber": "23", 
            "he": "דילמא שאני התם דאמר", 
            "links": [], 
            "text": ""
        }, 
        {
            "segmentNumber": "24", 
            "he": "כל העושה על דעת ראשונה הוא עושה", 
            "links": [
                {
                    "category": "Commentary", 
                    "sourceHeRef": "רש\"י על זבחים ב׳ ב:כ״ד:א׳", 
                    "index_title": "Rashi on Zevachim", 
                    "sourceRef": "Rashi on Zevachim 2b:24:1"
                }
            ], 
            "text": ""
        }, 
        {
            "segmentNumber": "25", 
            "he": "אלא מסיפא", 
            "links": [], 
            "text": ""
        }, 
        {
            "segmentNumber": "26", 
            "he": "שלא לשמן ולשמן", 
            "links": [], 
            "text": ""
        }, 
        {
            "segmentNumber": "27", 
            "he": "לשם שלמים ולשם פסח", 
            "links": [], 
            "text": ""
        }, 
        {
            "segmentNumber": "28", 
            "he": "טעמא דאמר לשם שלמים ולשם פסח הא סתמא ולשם פסח כשר", 
            "links": [
                {
                    "category": "Commentary", 
                    "sourceHeRef": "רש\"י על זבחים ב׳ ב:כ״ח:א׳", 
                    "index_title": "Rashi on Zevachim", 
                    "sourceRef": "Rashi on Zevachim 2b:28:1"
                }
            ], 
            "text": ""
        }, 
        {
            "segmentNumber": "29", 
            "he": "דילמא שאני התם דאמר", 
            "links": [], 
            "text": ""
        }, 
        {
            "segmentNumber": "30", 
            "he": "יוכיח סופו על תחילתו", 
            "links": [], 
            "text": ""
        }, 
        {
            "segmentNumber": "31", 
            "he": "אי נמי", 
            "links": [
                {
                    "category": "Commentary", 
                    "sourceHeRef": "רש\"י על זבחים ב׳ ב:ל״א:א׳", 
                    "index_title": "Rashi on Zevachim", 
                    "sourceRef": "Rashi on Zevachim 2b:31:1"
                }
            ], 
            "text": ""
        }, 
        {
            "segmentNumber": "32", 
            "he": "איידי דתנא לשמן ושלא לשמן תנא נמי שלא לשמן ולשמן", 
            "links": [], 
            "text": ""
        }, 
        {
            "segmentNumber": "33", 
            "he": "אלא מהא", 
            "links": [], 
            "text": ""
        }, 
        {
            "segmentNumber": "34", 
            "he": "לשם ששה דברים הזבח נזבח", 
            "links": [
                {
                    "category": "Commentary", 
                    "sourceHeRef": "רש\"י על זבחים ב׳ ב:ל״ד:א׳", 
                    "index_title": "Rashi on Zevachim", 
                    "sourceRef": "Rashi on Zevachim 2b:34:1"
                }
            ], 
            "text": ""
        }, 
        {
            "segmentNumber": "35", 
            "he": "לשם זבח לשם זובח לשם שם לשם אשים לשם ריח לשם ניחוח", 
            "links": [
                {
                    "category": "Commentary", 
                    "sourceHeRef": "רש\"י על זבחים ב׳ ב:ל״ה:א׳", 
                    "index_title": "Rashi on Zevachim", 
                    "sourceRef": "Rashi on Zevachim 2b:35:1"
                }, 
                {
                    "category": "Commentary", 
                    "sourceHeRef": "רש\"י על זבחים ב׳ ב:ל״ה:ב׳", 
                    "index_title": "Rashi on Zevachim", 
                    "sourceRef": "Rashi on Zevachim 2b:35:2"
                }, 
                {
                    "category": "Commentary", 
                    "sourceHeRef": "רש\"י על זבחים ב׳ ב:ל״ה:ג׳", 
                    "index_title": "Rashi on Zevachim", 
                    "sourceRef": "Rashi on Zevachim 2b:35:3"
                }, 
                {
                    "category": "Commentary", 
                    "sourceHeRef": "רש\"י על זבחים ב׳ ב:ל״ה:ד׳", 
                    "index_title": "Rashi on Zevachim", 
                    "sourceRef": "Rashi on Zevachim 2b:35:4"
                }, 
                {
                    "category": "Commentary", 
                    "sourceHeRef": "רש\"י על זבחים ב׳ ב:ל״ה:ה׳", 
                    "index_title": "Rashi on Zevachim", 
                    "sourceRef": "Rashi on Zevachim 2b:35:5"
                }, 
                {
                    "category": "Commentary", 
                    "sourceHeRef": "רש\"י על זבחים ב׳ ב:ל״ה:ו׳", 
                    "index_title": "Rashi on Zevachim", 
                    "sourceRef": "Rashi on Zevachim 2b:35:6"
                }
            ], 
            "text": ""
        }, 
        {
            "segmentNumber": "36", 
            "he": "והחטאת ואשם לשם חטא", 
            "links": [], 
            "text": ""
        }, 
        {
            "segmentNumber": "37", 
            "he": "א\"ר יוסי", 
            "links": [], 
            "text": ""
        }, 
        {
            "segmentNumber": "38", 
            "he": "אף מי שלא היה בלבו לשם אחת מכל אלו כשר שתנאי בית דין הוא", 
            "links": [
                {
                    "category": "Commentary", 
                    "sourceHeRef": "רש\"י על זבחים ב׳ ב:ל״ח:א׳", 
                    "index_title": "Rashi on Zevachim", 
                    "sourceRef": "Rashi on Zevachim 2b:38:1"
                }, 
                {
                    "category": "Commentary", 
                    "sourceHeRef": "רש\"י על זבחים ב׳ ב:ל״ח:ב׳", 
                    "index_title": "Rashi on Zevachim", 
                    "sourceRef": "Rashi on Zevachim 2b:38:2"
                }
            ], 
            "text": ""
        }, 
        {
            "segmentNumber": "39", 
            "he": "אתנו בית דין דלא לימא לשמו דילמא אתי למימר שלא לשמו ", 
            "links": [
                {
                    "category": "Commentary", 
                    "sourceHeRef": "תוספות על זבחים ב׳ ב:ל״ט:א׳", 
                    "index_title": "Tosafot on Zevachim", 
                    "sourceRef": "Tosafot on Zevachim 2b:39:1"
                }
            ], 
            "text": ""
        }, 
        {
            "segmentNumber": "40", 
            "he": "אי סלקא דעתך סתמא פסול קיימי בית דין ומתני מילתא דמיפסיל ביה", 
            "links": [
                {
                    "category": "Commentary", 
                    "sourceHeRef": "תוספות על זבחים ב׳ ב:מ׳:א׳", 
                    "index_title": "Tosafot on Zevachim", 
                    "sourceRef": "Tosafot on Zevachim 2b:40:1"
                }
            ], 
            "text": ""
        }, 
        {
            "segmentNumber": "41", 
            "he": "וגבי גט דסתמא פסול מנלן", 
            "links": [
                {
                    "category": "Commentary", 
                    "sourceHeRef": "רש\"י על זבחים ב׳ ב:מ״א:א׳", 
                    "index_title": "Rashi on Zevachim", 
                    "sourceRef": "Rashi on Zevachim 2b:41:1"
                }
            ], 
            "text": ""
        }, 
        {
            "segmentNumber": "42", 
            "he": "אילימא מהא דתנן", 
            "links": [], 
            "text": ""
        }, 
        {
            "segmentNumber": "43", 
            "he": "היה עובר בשוק ושמע סופרים מקרין", 
            "links": [
                {
                    "category": "Commentary", 
                    "sourceHeRef": "רש\"י על זבחים ב׳ ב:מ״ג:א׳", 
                    "index_title": "Rashi on Zevachim", 
                    "sourceRef": "Rashi on Zevachim 2b:43:1"
                }
            ], 
            "text": ""
        }, 
        {
            "segmentNumber": "44", 
            "he": "איש פלוני גירש פלונית ממקום פלוני ואמר", 
            "links": [], 
            "text": ""
        }, 
        {
            "segmentNumber": "45", 
            "he": "זה שמי וזה שם אשתי פסול לגרש בו", 
            "links": [], 
            "text": ""
        }, 
        {
            "segmentNumber": "46", 
            "he": "דילמא כדרב פפא דאמר רב פפא", 
            "links": [], 
            "text": ""
        }, 
        {
            "segmentNumber": "47", 
            "he": "הכא בסופרים העשויין להתלמד עסקינן ולא איכתוב לשום כריתות כלל", 
            "links": [
                {
                    "category": "Commentary", 
                    "sourceHeRef": "רש\"י על זבחים ב׳ ב:מ״ז:א׳", 
                    "index_title": "Rashi on Zevachim", 
                    "sourceRef": "Rashi on Zevachim 2b:47:1"
                }, 
                {
                    "category": "Commentary", 
                    "sourceHeRef": "תוספות על זבחים ב׳ ב:מ״ז:א׳", 
                    "index_title": "Tosafot on Zevachim", 
                    "sourceRef": "Tosafot on Zevachim 2b:47:1"
                }
            ], 
            "text": ""
        }, 
        {
            "segmentNumber": "48", 
            "he": "אלא מהא", 
            "links": [], 
            "text": ""
        }
    ], 
    "heRef": "זבחים ב׳ ב", 
    "toSections": [
        "2b"
    ], 
    "sectionRef": "Zevachim 2b", 
    "title": "Zevachim 2b", 
    "lengths": [
        238, 
        10586
    ], 
    "next": "Zevachim 3a", 
    "heBook": "זבחים", 
    "book": "Zevachim", 
    "prev": "Zevachim 2a", 
    "textDepth": 2, 
    "sectionNames": [
        "Daf", 
        "Line"
    ], 
    "sections": [
        "2b"
    ], 
    "isComplex": false, 
    "titleVariants": [
        "Talmud Zevachim", 
        "Zebachim", 
        "Tractate Zevachim", 
        "Masekhet Zevachim", 
        "Zevachim"
    ], 
    "categories": [
        "Talmud", 
        "Bavli", 
        "Seder Kodashim"
    ], 
    "ref": "Zevachim 2b", 
    "type": "Talmud", 
    "addressTypes": [
        "Talmud", 
        "Integer"
    ], 
    "length": 238, 
    "indexTitle": "Zevachim", 
    "heIndexTitle": "זבחים", 
    "alts": [], 
    "order": [
        28, 
        1
    ]
}