{
    "content": [
        {
            "segmentNumber": "1", 
            "links": [
                {
                    "category": "Commentary", 
                    "index_title": "Rashi on Zevachim", 
                    "sourceHeRef": "רש\"י על זבחים כ״ט ב:א׳:א׳", 
                    "sourceRef": "Rashi on Zevachim 29b:1:1"
                }
            ], 
            "he": "כפסולי המוקדשין ויפסל"
        }, 
        {
            "segmentNumber": "2", 
            "he": "ת\"ל"
        }, 
        {
            "segmentNumber": "3", 
            "links": [
                {
                    "category": "Tanakh", 
                    "index_title": "Deuteronomy", 
                    "sourceHeRef": "דברים י״ד:כ״ג", 
                    "sourceRef": "Deuteronomy 14:23"
                }, 
                {
                    "category": "Commentary", 
                    "index_title": "Rashi on Zevachim", 
                    "sourceHeRef": "רש\"י על זבחים כ״ט ב:ג׳:א׳", 
                    "sourceRef": "Rashi on Zevachim 29b:3:1"
                }
            ], 
            "he": "(דברים יד, כג) ואכלת לפני ה' אלהיך מעשר דגנך וגו' מקיש בכור למעשר מה מעשר אינו נפסל משנה לחבירתה אף בכור אינו נפסל משנה לחבירתה"
        }, 
        {
            "segmentNumber": "4", 
            "he": "איצטריך סלקא דעתך אמינא"
        }, 
        {
            "segmentNumber": "5", 
            "links": [
                {
                    "category": "Commentary", 
                    "index_title": "Rashi on Zevachim", 
                    "sourceHeRef": "רש\"י על זבחים כ״ט ב:ה׳:א׳", 
                    "sourceRef": "Rashi on Zevachim 29b:5:1"
                }
            ], 
            "he": "הני מילי בכור דלאו בר הרצאה הוא אבל קדשים דבני הרצאה נינהו אימא לא לירצו קמ\"ל"
        }, 
        {
            "segmentNumber": "6", 
            "he": "ואכתי מהתם נפקא"
        }, 
        {
            "segmentNumber": "7", 
            "links": [
                {
                    "category": "Tanakh", 
                    "index_title": "Deuteronomy", 
                    "sourceHeRef": "דברים כ״ג:כ״ב", 
                    "sourceRef": "Deuteronomy 23:22"
                }, 
                {
                    "category": "Commentary", 
                    "index_title": "Rashi on Zevachim", 
                    "sourceHeRef": "רש\"י על זבחים כ״ט ב:ז׳:א׳", 
                    "sourceRef": "Rashi on Zevachim 29b:7:1"
                }
            ], 
            "he": "(דברים כג, כב) והיה בך חטא ולא בקרבנך חטא"
        }, 
        {
            "segmentNumber": "8", 
            "he": "ובן עזאי"
        }, 
        {
            "segmentNumber": "9", 
            "he": "ההוא מבעי ליה"
        }, 
        {
            "segmentNumber": "10", 
            "he": "והיה בך חטא ולא באשתך חטא"
        }, 
        {
            "segmentNumber": "11", 
            "he": "סלקא דעתך אמינא"
        }, 
        {
            "segmentNumber": "12", 
            "links": [
                {
                    "category": "Commentary", 
                    "index_title": "Rashi on Zevachim", 
                    "sourceHeRef": "רש\"י על זבחים כ״ט ב:י״ב:א׳", 
                    "sourceRef": "Rashi on Zevachim 29b:12:1"
                }
            ], 
            "he": "הואיל ואמר רבי אלעזר ואיתימא רבי יוחנן"
        }, 
        {
            "segmentNumber": "13", 
            "links": [
                {
                    "category": "Commentary", 
                    "index_title": "Rashi on Zevachim", 
                    "sourceHeRef": "רש\"י על זבחים כ״ט ב:י״ג:א׳", 
                    "sourceRef": "Rashi on Zevachim 29b:13:1"
                }, 
                {
                    "category": "Commentary", 
                    "index_title": "Tosafot on Zevachim", 
                    "sourceHeRef": "תוספות על זבחים כ״ט ב:י״ג:א׳", 
                    "sourceRef": "Tosafot on Zevachim 29b:13:1"
                }
            ], 
            "he": "אין אשתו של אדם מתה אא\"כ מבקשין ממנו ממון ואין לו שנאמר"
        }, 
        {
            "segmentNumber": "14", 
            "links": [
                {
                    "category": "Tanakh", 
                    "index_title": "Proverbs", 
                    "sourceHeRef": "משלי כ״ב:כ״ז", 
                    "sourceRef": "Proverbs 22:27"
                }, 
                {
                    "category": "Commentary", 
                    "index_title": "Rashi on Zevachim", 
                    "sourceHeRef": "רש\"י על זבחים כ״ט ב:י״ד:א׳", 
                    "sourceRef": "Rashi on Zevachim 29b:14:1"
                }
            ], 
            "he": "(משלי כב, כז) אם אין לך לשלם למה יקח משכבך מתחתיך בהאי עון דבל תאחר נמי מתה קמ\"ל:"
        }, 
        {
            "segmentNumber": "15", 
            "he": "אחרים אומרים"
        }, 
        {
            "segmentNumber": "16", 
            "he": "במחשבה הוא נפסל ואינו נפסל בשלישי"
        }, 
        {
            "segmentNumber": "17", 
            "he": "ורבי אליעזר לא יחשב מאי עביד ליה"
        }, 
        {
            "segmentNumber": "18", 
            "he": "מיבעי ליה לכדרבי ינאי דאמר רבי ינאי"
        }, 
        {
            "segmentNumber": "19", 
            "links": [
                {
                    "category": "Commentary", 
                    "index_title": "Rashi on Zevachim", 
                    "sourceHeRef": "רש\"י על זבחים כ״ט ב:י״ט:א׳", 
                    "sourceRef": "Rashi on Zevachim 29b:19:1"
                }
            ], 
            "he": "מנין למחשבות שמוציאות זו מזו שנאמר"
        }, 
        {
            "segmentNumber": "20", 
            "links": [
                {
                    "category": "Commentary", 
                    "index_title": "Rashi on Zevachim", 
                    "sourceHeRef": "רש\"י על זבחים כ״ט ב:כ׳:א׳", 
                    "sourceRef": "Rashi on Zevachim 29b:20:1"
                }
            ], 
            "he": "לא יחשב לא יערב בו מחשבות אחרות"
        }, 
        {
            "segmentNumber": "21", 
            "he": "ורב מרי מתני אמר רבי ינאי"
        }, 
        {
            "segmentNumber": "22", 
            "he": "מנין למחשב בקדשים שהוא לוקה ת\"ל"
        }, 
        {
            "segmentNumber": "23", 
            "links": [
                {
                    "category": "Tanakh", 
                    "index_title": "Leviticus", 
                    "sourceHeRef": "ויקרא ז׳:י״ח", 
                    "sourceRef": "Leviticus 7:18"
                }
            ], 
            "he": "(ויקרא ז, יח) לא יחשב"
        }, 
        {
            "segmentNumber": "24", 
            "he": "א\"ל רב אשי לרב מרי"
        }, 
        {
            "segmentNumber": "25", 
            "he": "לאו שאין בו מעשה הוא וכל לאו שאין בו מעשה אין לוקין עליו"
        }, 
        {
            "segmentNumber": "26", 
            "he": "אמר ליה"
        }, 
        {
            "segmentNumber": "27", 
            "links": [
                {
                    "category": "Commentary", 
                    "index_title": "Rashi on Zevachim", 
                    "sourceHeRef": "רש\"י על זבחים כ״ט ב:כ״ז:א׳", 
                    "sourceRef": "Rashi on Zevachim 29b:27:1"
                }
            ], 
            "he": "רבי יהודה היא דאמר"
        }, 
        {
            "segmentNumber": "28", 
            "he": "לאו שאין בו מעשה לוקין עליו:"
        }, 
        {
            "segmentNumber": "29", 
            "links": [
                {
                    "category": "Commentary", 
                    "index_title": "Rashi on Zevachim", 
                    "sourceHeRef": "רש\"י על זבחים כ״ט ב:כ״ט:א׳", 
                    "sourceRef": "Rashi on Zevachim 29b:29:1"
                }
            ], 
            "he": "<big><strong>מתני׳</strong></big> זה הכלל"
        }, 
        {
            "segmentNumber": "30", 
            "links": [
                {
                    "category": "Commentary", 
                    "index_title": "Rashi on Zevachim", 
                    "sourceHeRef": "רש\"י על זבחים כ״ט ב:ל׳:א׳", 
                    "sourceRef": "Rashi on Zevachim 29b:30:1"
                }, 
                {
                    "category": "Commentary", 
                    "index_title": "Rashi on Zevachim", 
                    "sourceHeRef": "רש\"י על זבחים כ״ט ב:ל׳:ב׳", 
                    "sourceRef": "Rashi on Zevachim 29b:30:2"
                }
            ], 
            "he": "כל השוחט והמקבל והמהלך והזורק לאכול דבר שדרכו לאכול ולהקטיר דבר שדרכו להקטיר כזית חוץ למקומו פסול ואין בו כרת חוץ לזמנו פגול וחייבין עליו כרת"
        }, 
        {
            "segmentNumber": "31", 
            "links": [
                {
                    "category": "Commentary", 
                    "index_title": "Rashi on Zevachim", 
                    "sourceHeRef": "רש\"י על זבחים כ״ט ב:ל״א:א׳", 
                    "sourceRef": "Rashi on Zevachim 29b:31:1"
                }
            ], 
            "he": "ובלבד שיקריב המתיר כמצותו"
        }, 
        {
            "segmentNumber": "32", 
            "he": "כיצד קרב המתיר כמצותו"
        }, 
        {
            "segmentNumber": "33", 
            "he": "שחט בשתיקה קבל והלך וזרק חוץ לזמנו"
        }, 
        {
            "segmentNumber": "34", 
            "he": "או ששחט חוץ לזמנו וקבל והלך וזרק בשתיקה"
        }, 
        {
            "segmentNumber": "35", 
            "he": "או ששחט וקבל והלך וזרק חוץ לזמנו זהו שמקריב המתיר כמצותו"
        }, 
        {
            "segmentNumber": "36", 
            "he": "כיצד לא קרב המתיר כמצותו"
        }, 
        {
            "segmentNumber": "37", 
            "he": "שחט חוץ למקומו קבל והלך וזרק חוץ לזמנו"
        }, 
        {
            "segmentNumber": "38", 
            "he": "או ששחט חוץ לזמנו קבל והלך וזרק חוץ למקומו"
        }, 
        {
            "segmentNumber": "39", 
            "he": "או ששחט וקבל והלך וזרק חוץ למקומו (ולזמנו)"
        }, 
        {
            "segmentNumber": "40", 
            "links": [
                {
                    "category": "Commentary", 
                    "index_title": "Rashi on Zevachim", 
                    "sourceHeRef": "רש\"י על זבחים כ״ט ב:מ׳:א׳", 
                    "sourceRef": "Rashi on Zevachim 29b:40:1"
                }
            ], 
            "he": "הפסח והחטאת ששחטן שלא לשמן וקבל והלך וזרק חוץ לזמנו"
        }, 
        {
            "segmentNumber": "41", 
            "he": "או ששחט חוץ לזמנו קיבל והלך וזרק שלא לשמן"
        }, 
        {
            "segmentNumber": "42", 
            "he": "או ששחט וקבל והלך וזרק דמן שלא לשמן זהו שלא קרב המתיר כמצותו"
        }, 
        {
            "segmentNumber": "43", 
            "links": [
                {
                    "category": "Commentary", 
                    "index_title": "Rashi on Zevachim", 
                    "sourceHeRef": "רש\"י על זבחים כ״ט ב:מ״ג:א׳", 
                    "sourceRef": "Rashi on Zevachim 29b:43:1"
                }
            ], 
            "he": "לאכול כזית בחוץ כזית למחר כזית למחר כזית בחוץ כחצי זית בחוץ כחצי זית למחר כחצי זית למחר כחצי זית בחוץ פסול ואין בו כרת"
        }, 
        {
            "segmentNumber": "44", 
            "links": [
                {
                    "category": "Commentary", 
                    "index_title": "Rashi on Zevachim", 
                    "sourceHeRef": "רש\"י על זבחים כ״ט ב:מ״ד:א׳", 
                    "sourceRef": "Rashi on Zevachim 29b:44:1"
                }
            ], 
            "he": "אמר רבי יהודה"
        }, 
        {
            "segmentNumber": "45", 
            "he": "זה הכלל כל שמחשבת הזמן קדמה למחשבת המקום פגול וחייבין עליו כרת ואם מחשבת המקום קדמה למחשבת הזמן פסול ואין בו כרת"
        }, 
        {
            "segmentNumber": "46", 
            "he": "וחכמים אומרים"
        }, 
        {
            "segmentNumber": "47", 
            "he": "זה וזה פסול ואין בו כרת"
        }, 
        {
            "segmentNumber": "48", 
            "links": [
                {
                    "category": "Commentary", 
                    "index_title": "Rashi on Zevachim", 
                    "sourceHeRef": "רש\"י על זבחים כ״ט ב:מ״ח:א׳", 
                    "sourceRef": "Rashi on Zevachim 29b:48:1"
                }
            ], 
            "he": "לאכול כחצי זית להקטיר כחצי כזית כשר שאין אכילה והקטרה מצטרפין:"
        }, 
        {
            "segmentNumber": "49", 
            "he": "<big><strong>גמ׳</strong></big> אמר אילפא"
        }, 
        {
            "segmentNumber": "50", 
            "links": [
                {
                    "category": "Commentary", 
                    "index_title": "Rashi on Zevachim", 
                    "sourceHeRef": "רש\"י על זבחים כ״ט ב:נ׳:א׳", 
                    "sourceRef": "Rashi on Zevachim 29b:50:1"
                }, 
                {
                    "category": "Commentary", 
                    "index_title": "Tosafot on Zevachim", 
                    "sourceHeRef": "תוספות על זבחים כ״ט ב:נ׳:א׳", 
                    "sourceRef": "Tosafot on Zevachim 29b:50:1"
                }
            ], 
            "he": "מחלוקת בשתי עבודות אבל בעבודה אחת דברי הכל עירוב מחשבות הוי"
        }, 
        {
            "segmentNumber": "51", 
            "he": "ורבי יוחנן אמר"
        }, 
        {
            "segmentNumber": "52", 
            "links": [
                {
                    "category": "Commentary", 
                    "index_title": "Rashi on Zevachim", 
                    "sourceHeRef": "רש\"י על זבחים כ״ט ב:נ״ב:א׳", 
                    "sourceRef": "Rashi on Zevachim 29b:52:1"
                }
            ], 
            "he": "אף בעבודה אחת מחלוקת"
        }, 
        {
            "segmentNumber": "53", 
            "links": [
                {
                    "category": "Commentary", 
                    "index_title": "Rashi on Zevachim", 
                    "sourceHeRef": "רש\"י על זבחים כ״ט ב:נ״ג:א׳", 
                    "sourceRef": "Rashi on Zevachim 29b:53:1"
                }, 
                {
                    "category": "Commentary", 
                    "index_title": "Rashi on Zevachim", 
                    "sourceHeRef": "רש\"י על זבחים כ״ט ב:נ״ג:ב׳", 
                    "sourceRef": "Rashi on Zevachim 29b:53:2"
                }, 
                {
                    "category": "Commentary", 
                    "index_title": "Rashi on Zevachim", 
                    "sourceHeRef": "רש\"י על זבחים כ״ט ב:נ״ג:ג׳", 
                    "sourceRef": "Rashi on Zevachim 29b:53:3"
                }
            ], 
            "he": "בשלמא לאילפא מדרישא בשתי עבודות סיפא נמי בשתי עבודות"
        }, 
        {
            "segmentNumber": "54", 
            "he": "אלא לרבי יוחנן רישא בשתי עבודות וסיפא בעבודה אחת"
        }
    ], 
    "heTitle": "זבחים כ״ט ב", 
    "indexTitle": "Zevachim", 
    "sectionRef": "Zevachim 29b", 
    "prev": "Zevachim 29a", 
    "ref": "Zevachim 29b", 
    "heRef": "זבחים כ״ט ב", 
    "next": "Zevachim 30a"
}