{
    "heTitleVariants": [
        "תלמוד ירושלמי יומא"
    ], 
    "heTitle": "תלמוד ירושלמי יומא כ״ה א", 
    "content": [
        {
            "segmentNumber": "1", 
            "he": "אם עולה נפדית לא כל שכן חטאת על דעתיה דרבי יוחנן רבי זעירא אמר ירעו א\"ר שמואל בר רב יצחק מקייצים בה את המזבח וקשיא יש חטאת קריבה עולה א\"ר יוסה שנייא היא שאין קרבנות צבור נקבעין אלא בשחיטה א\"ר חנניה בן תרדיון תניי ב\"ד הוא על המותרות שיקרבו עולות.  (ויקרא ב) מלא קומצו יכול מלא קומצו מבורין ת\"ל בקמצו או בקמצו יכול יקמוץ בראשי אצבעותיו תלמוד לומר מלא קומצו הא כיצד חופה את פס ידו במחבת ובמרחשת ומוחק באצבעו מלמעלן למטן תמן את אמר מלא קומצו בקמצו והכא את אמר מלא קומצו רבי יעקב בר אחא רבי סימון בשם רבי יהושע בן לוי מה להלן קומץ החסר פסול והכא קומץ החסר פסול", 
            "links": [
                {
                    "category": "Tanach", 
                    "sourceHeRef": "ויקרא ב׳", 
                    "sourceRef": "Leviticus 2", 
                    "ref": "Leviticus 2"
                }
            ], 
            "text": ""
        }
    ], 
    "heRef": "תלמוד ירושלמי יומא כ״ה א", 
    "toSections": [
        "25a"
    ], 
    "sectionRef": "Jerusalem Talmud Yoma 25a", 
    "title": "Jerusalem Talmud Yoma 25a", 
    "lengths": [
        84, 
        171
    ], 
    "next": "Jerusalem Talmud Yoma 25b", 
    "heBook": "תלמוד ירושלמי יומא", 
    "book": "Jerusalem Talmud Yoma", 
    "prev": "Jerusalem Talmud Yoma 24b", 
    "textDepth": 2, 
    "sectionNames": [
        "Daf", 
        "Halakhah"
    ], 
    "sections": [
        "25a"
    ], 
    "isComplex": false, 
    "titleVariants": [
        "Jerusalem Talmud Yoma", 
        "Tamud Yerushalmi Yoma", 
        "Yerushalmi Yoma", 
        "JT Yoma"
    ], 
    "categories": [
        "Talmud", 
        "Yerushalmi", 
        "Seder Moed"
    ], 
    "ref": "Jerusalem Talmud Yoma 25a", 
    "type": "Talmud", 
    "addressTypes": [
        "Talmud", 
        "Integer"
    ], 
    "length": 84, 
    "indexTitle": "Jerusalem Talmud Yoma", 
    "heIndexTitle": "תלמוד ירושלמי יומא", 
    "alts": [], 
    "order": [
        15
    ]
}