{
    "heTitleVariants": [
        "מצודת ציון על מלכים ב'", 
        "מצודת ציון על מ\"ב", 
        "מצודת ציון על מלכים ב׳", 
        "מצודת ציון על מלכים ב", 
        "מצודת ציון על מ״ב"
    ], 
    "heTitle": "מצודת ציון על מלכים ב", 
    "commentaryBook": "II Kings", 
    "heRef": "מצודת ציון על מלכים ב ו׳", 
    "toSections": [
        6
    ], 
    "sectionRef": "Metzudat Zion on II Kings 6", 
    "title": "Metzudat Zion on II Kings 6", 
    "lengths": [
        25, 
        719
    ], 
    "next": "Metzudat Zion on II Kings 7:2", 
    "content": [
        {
            "segmentNumber": "1", 
            "he": [], 
            "links": [], 
            "text": ""
        }, 
        {
            "segmentNumber": "2", 
            "he": [
                "<b>קורה .</b> עץ עב , כמו ( שיר השירים א יז ) : קורות בתינו ארזים :\n"
            ], 
            "links": [
                {
                    "category": "Tanach", 
                    "sourceHeRef": "מלכים ב ו׳:ב׳", 
                    "sourceRef": "II Kings 6:2", 
                    "ref": "II Kings 6:2"
                }, 
                {
                    "category": "Tanach", 
                    "sourceHeRef": "שיר השירים א׳:י״ז", 
                    "sourceRef": "Song of Songs 1:17", 
                    "ref": "Song of Songs 1:17"
                }
            ], 
            "text": ""
        }, 
        {
            "segmentNumber": "3", 
            "he": [
                "<b>הואל .</b> רצה :\n"
            ], 
            "links": [
                {
                    "category": "Tanach", 
                    "sourceHeRef": "מלכים ב ו׳:ג׳", 
                    "sourceRef": "II Kings 6:3", 
                    "ref": "II Kings 6:3"
                }
            ], 
            "text": ""
        }, 
        {
            "segmentNumber": "4", 
            "he": [
                "<b>ויגזרו .</b> ענין חתוך , כמו ( מלכים א ג כה ) : גזרו את הילד :\n"
            ], 
            "links": [
                {
                    "category": "Tanach", 
                    "sourceHeRef": "מלכים ב ו׳:ד׳", 
                    "sourceRef": "II Kings 6:4", 
                    "ref": "II Kings 6:4"
                }, 
                {
                    "category": "Tanach", 
                    "sourceHeRef": "מלכים א ג׳:כ״ה", 
                    "sourceRef": "I Kings 3:25", 
                    "ref": "I Kings 3:25"
                }
            ], 
            "text": ""
        }, 
        {
            "segmentNumber": "5", 
            "he": [], 
            "links": [], 
            "text": ""
        }, 
        {
            "segmentNumber": "6", 
            "he": [
                "<b>ויקצב .</b> ענין כריתה וחתוך , וכן ( שיר השירים ד ב ) : כעדר הקצובות : ", 
                "<b>ויצף .</b> שט למעלה , כמו ( דברים יא ד ) : אשר הציף :\n"
            ], 
            "links": [
                {
                    "category": "Tanach", 
                    "sourceHeRef": "מלכים ב ו׳:ו׳", 
                    "sourceRef": "II Kings 6:6", 
                    "ref": "II Kings 6:6"
                }, 
                {
                    "category": "Tanach", 
                    "sourceHeRef": "מלכים ב ו׳:ו׳", 
                    "sourceRef": "II Kings 6:6", 
                    "ref": "II Kings 6:6"
                }, 
                {
                    "category": "Tanach", 
                    "sourceHeRef": "שיר השירים ד׳:ב׳", 
                    "sourceRef": "Song of Songs 4:2", 
                    "ref": "Song of Songs 4:2"
                }, 
                {
                    "category": "Tanach", 
                    "sourceHeRef": "דברים י״א:ד׳", 
                    "sourceRef": "Deuteronomy 11:4", 
                    "ref": "Deuteronomy 11:4"
                }
            ], 
            "text": ""
        }, 
        {
            "segmentNumber": "7", 
            "he": [], 
            "links": [], 
            "text": ""
        }, 
        {
            "segmentNumber": "8", 
            "he": [
                "<b>פלוני .</b> מכוסה : ", 
                "<b>אלמוני .</b> מלשון אלם , כי לא ידובר בו , וכן ( שמואל א כא ג ) : ואת הנערים יודעתי אל מקום פלוני אלמוני :\n"
            ], 
            "links": [
                {
                    "category": "Tanach", 
                    "sourceHeRef": "מלכים ב ו׳:ח׳", 
                    "sourceRef": "II Kings 6:8", 
                    "ref": "II Kings 6:8"
                }, 
                {
                    "category": "Tanach", 
                    "sourceHeRef": "מלכים ב ו׳:ח׳", 
                    "sourceRef": "II Kings 6:8", 
                    "ref": "II Kings 6:8"
                }, 
                {
                    "category": "Tanach", 
                    "sourceHeRef": "שמואל א כ״א:ג׳", 
                    "sourceRef": "I Samuel 21:3", 
                    "ref": "I Samuel 21:3"
                }
            ], 
            "text": ""
        }, 
        {
            "segmentNumber": "9", 
            "he": [
                "<b>נחתים .</b> ענין ירידה , כמו ( יואל ד יא ) : הנחת ה' גבוריך , כי במקום מורד ירדו להסתר :\n"
            ], 
            "links": [
                {
                    "category": "Tanach", 
                    "sourceHeRef": "מלכים ב ו׳:ט׳", 
                    "sourceRef": "II Kings 6:9", 
                    "ref": "II Kings 6:9"
                }, 
                {
                    "category": "Tanach", 
                    "sourceHeRef": "יואל ד׳:י״א", 
                    "sourceRef": "Joel 4:11", 
                    "ref": "Joel 4:11"
                }
            ], 
            "text": ""
        }, 
        {
            "segmentNumber": "10", 
            "he": [], 
            "links": [], 
            "text": ""
        }, 
        {
            "segmentNumber": "11", 
            "he": [], 
            "links": [], 
            "text": ""
        }, 
        {
            "segmentNumber": "12", 
            "he": [], 
            "links": [], 
            "text": ""
        }, 
        {
            "segmentNumber": "13", 
            "he": [
                "<b>איכה הוא .</b> אנה הוא , כמו ( שיר השירים א ז ) : איכה תרעה , ואם ( פירוש : למרות ) שהוא בחול''ם :\n"
            ], 
            "links": [
                {
                    "category": "Tanach", 
                    "sourceHeRef": "מלכים ב ו׳:י״ג", 
                    "sourceRef": "II Kings 6:13", 
                    "ref": "II Kings 6:13"
                }, 
                {
                    "category": "Tanach", 
                    "sourceHeRef": "שיר השירים א׳:ז׳", 
                    "sourceRef": "Song of Songs 1:7", 
                    "ref": "Song of Songs 1:7"
                }
            ], 
            "text": ""
        }, 
        {
            "segmentNumber": "14", 
            "he": [
                "<b>כבד .</b> הרבה : ", 
                "<b>ויקיפו .</b> וסבבו :\n"
            ], 
            "links": [
                {
                    "category": "Tanach", 
                    "sourceHeRef": "מלכים ב ו׳:י״ד", 
                    "sourceRef": "II Kings 6:14", 
                    "ref": "II Kings 6:14"
                }, 
                {
                    "category": "Tanach", 
                    "sourceHeRef": "מלכים ב ו׳:י״ד", 
                    "sourceRef": "II Kings 6:14", 
                    "ref": "II Kings 6:14"
                }
            ], 
            "text": ""
        }, 
        {
            "segmentNumber": "15", 
            "he": [], 
            "links": [], 
            "text": ""
        }, 
        {
            "segmentNumber": "16", 
            "he": [], 
            "links": [], 
            "text": ""
        }, 
        {
            "segmentNumber": "17", 
            "he": [
                "<b>פקח .</b> פתח : ", 
                "<b>נא .</b> עתה :\n"
            ], 
            "links": [
                {
                    "category": "Tanach", 
                    "sourceHeRef": "מלכים ב ו׳:י״ז", 
                    "sourceRef": "II Kings 6:17", 
                    "ref": "II Kings 6:17"
                }, 
                {
                    "category": "Tanach", 
                    "sourceHeRef": "מלכים ב ו׳:י״ז", 
                    "sourceRef": "II Kings 6:17", 
                    "ref": "II Kings 6:17"
                }
            ], 
            "text": ""
        }, 
        {
            "segmentNumber": "18", 
            "he": [], 
            "links": [], 
            "text": ""
        }, 
        {
            "segmentNumber": "19", 
            "he": [], 
            "links": [], 
            "text": ""
        }, 
        {
            "segmentNumber": "20", 
            "he": [], 
            "links": [], 
            "text": ""
        }, 
        {
            "segmentNumber": "21", 
            "he": [
                "<b>אבי .</b> רצה לומר : רבי :\n"
            ], 
            "links": [
                {
                    "category": "Tanach", 
                    "sourceHeRef": "מלכים ב ו׳:כ״א", 
                    "sourceRef": "II Kings 6:21", 
                    "ref": "II Kings 6:21"
                }
            ], 
            "text": ""
        }, 
        {
            "segmentNumber": "22", 
            "he": [
                "<b>האשר .</b> בה''א התימה :\n"
            ], 
            "links": [
                {
                    "category": "Tanach", 
                    "sourceHeRef": "מלכים ב ו׳:כ״ב", 
                    "sourceRef": "II Kings 6:22", 
                    "ref": "II Kings 6:22"
                }
            ], 
            "text": ""
        }, 
        {
            "segmentNumber": "23", 
            "he": [
                "<b>ויכרה .</b> עשה סעודה , כמו ( איוב מ ל ) : יכרו עליו חברים :\n"
            ], 
            "links": [
                {
                    "category": "Tanach", 
                    "sourceHeRef": "מלכים ב ו׳:כ״ג", 
                    "sourceRef": "II Kings 6:23", 
                    "ref": "II Kings 6:23"
                }, 
                {
                    "category": "Tanach", 
                    "sourceHeRef": "איוב מ׳:ל׳", 
                    "sourceRef": "Job 40:30", 
                    "ref": "Job 40:30"
                }
            ], 
            "text": ""
        }, 
        {
            "segmentNumber": "24", 
            "he": [], 
            "links": [], 
            "text": ""
        }, 
        {
            "segmentNumber": "25", 
            "he": [
                "<b>דביונים .</b> צואה הזב מן היונים , כי [ אשר ] יזוב ( ויקרא טו כה ) תרגומו : ארי ידוב , ובהם היו מדליקין האש , לחסרון העצים בעבור המצור :\n"
            ], 
            "links": [
                {
                    "category": "Tanach", 
                    "sourceHeRef": "מלכים ב ו׳:כ״ה", 
                    "sourceRef": "II Kings 6:25", 
                    "ref": "II Kings 6:25"
                }, 
                {
                    "category": "Tanach", 
                    "sourceHeRef": "ויקרא ט״ו:כ״ה", 
                    "sourceRef": "Leviticus 15:25", 
                    "ref": "Leviticus 15:25"
                }
            ], 
            "text": ""
        }, 
        {
            "segmentNumber": "26", 
            "he": [], 
            "links": [], 
            "text": ""
        }, 
        {
            "segmentNumber": "27", 
            "he": [
                "<b>היקב .</b> הוא גת היין :\n"
            ], 
            "links": [
                {
                    "category": "Tanach", 
                    "sourceHeRef": "מלכים ב ו׳:כ״ז", 
                    "sourceRef": "II Kings 6:27", 
                    "ref": "II Kings 6:27"
                }
            ], 
            "text": ""
        }, 
        {
            "segmentNumber": "28", 
            "he": [], 
            "links": [], 
            "text": ""
        }, 
        {
            "segmentNumber": "29", 
            "he": [
                "<b>ותחביא .</b> הסתירה :\n"
            ], 
            "links": [
                {
                    "category": "Tanach", 
                    "sourceHeRef": "מלכים ב ו׳:כ״ט", 
                    "sourceRef": "II Kings 6:29", 
                    "ref": "II Kings 6:29"
                }
            ], 
            "text": ""
        }, 
        {
            "segmentNumber": "30", 
            "he": [], 
            "links": [], 
            "text": ""
        }, 
        {
            "segmentNumber": "31", 
            "he": [], 
            "links": [], 
            "text": ""
        }, 
        {
            "segmentNumber": "32", 
            "he": [
                "<b>הראיתם .</b> בה''א השאלה : ", 
                "<b>ולחצתם .</b> ענין דחק :\n"
            ], 
            "links": [
                {
                    "category": "Tanach", 
                    "sourceHeRef": "מלכים ב ו׳:ל״ב", 
                    "sourceRef": "II Kings 6:32", 
                    "ref": "II Kings 6:32"
                }, 
                {
                    "category": "Tanach", 
                    "sourceHeRef": "מלכים ב ו׳:ל״ב", 
                    "sourceRef": "II Kings 6:32", 
                    "ref": "II Kings 6:32"
                }
            ], 
            "text": ""
        }, 
        {
            "segmentNumber": "33", 
            "he": [
                "<b>אוחיל .</b> אקוה , כמו ( איכה ג כא ) : על כן אוחיל לו :\n\n"
            ], 
            "links": [
                {
                    "category": "Tanach", 
                    "sourceHeRef": "מלכים ב ו׳:ל״ג", 
                    "sourceRef": "II Kings 6:33", 
                    "ref": "II Kings 6:33"
                }, 
                {
                    "category": "Tanach", 
                    "sourceHeRef": "איכה ג׳:כ״א", 
                    "sourceRef": "Lamentations 3:21", 
                    "ref": "Lamentations 3:21"
                }
            ], 
            "text": ""
        }
    ], 
    "book": "Metzudat Zion on II Kings", 
    "prev": "Metzudat Zion on II Kings 5:25", 
    "textDepth": 3, 
    "sectionNames": [
        "Chapter", 
        "Verse", 
        "Comment"
    ], 
    "sections": [
        6
    ], 
    "commentator": "Metzudat Zion", 
    "isComplex": false, 
    "commentaryCategories": [
        "Tanach", 
        "Prophets"
    ], 
    "titleVariants": [
        "Metzudat Zion on 2 Kings", 
        "Metzudat Zion on Kings II", 
        "Metzudat Zion on Second Kings", 
        "Metzudat Zion on Melachim II", 
        "Metzudat Zion on II Melachim", 
        "Metzudat Zion on II Kings", 
        "Metzudat Zion on II Melakhim", 
        "Metzudat Zion on Melachim Bet"
    ], 
    "categories": [
        "Commentary", 
        "Tanach", 
        "Metzudat Zion"
    ], 
    "ref": "Metzudat Zion on II Kings 6", 
    "type": "Commentary", 
    "addressTypes": [
        "Integer", 
        "Integer", 
        "Integer"
    ], 
    "heCommentator": "מצודת ציון", 
    "length": 25, 
    "indexTitle": "Metzudat Zion on II Kings", 
    "heIndexTitle": "מצודת ציון על מלכים ב", 
    "alts": [], 
    "order": [
        11, 
        6
    ]
}