{
    "sections": {
        "Malbim on Ezekiel 43:26": {
            "content": [
                {
                    "segmentNumber": "1", 
                    "he": "<b>שבעת ימים, </b> ר''ל בשבעת ימים אלה שיקריבו שעיר ופר ואיל "
                }, 
                {
                    "segmentNumber": "2", 
                    "he": "<b>יכפרו את המזבח</b> בדם השעיר, "
                }, 
                {
                    "segmentNumber": "3", 
                    "he": "<b>וטהרו אותו ומלאו ידיו, </b> בהקרבת העולה, כי ביום הראשון שהקריבו פר לא מלאו ידיו, כי הפר נשרף מחוץ למחנה :\n"
                }
            ], 
            "heTitle": "מלבי\"ם על יחזקאל", 
            "indexTitle": "Malbim on Ezekiel", 
            "sectionRef": "Malbim on Ezekiel 43:26", 
            "prev": "Malbim on Ezekiel 43:25", 
            "ref": "Malbim on Ezekiel 43:26", 
            "heRef": "מלבי\"ם על יחזקאל מ״ג:כ״ו", 
            "next": "Malbim on Ezekiel 43:27"
        }, 
        "Malbim on Ezekiel 43:27": {
            "content": [
                {
                    "segmentNumber": "1", 
                    "he": "<b>והיה ביום השמיני, </b> מיום שהתחיל החינוך ביום הראשון, שהוא ביום השביעי מיום השני, יהיו יכולים להעלות עליו עולות ושלמים, ויתבאר לקמן (סי' מ''ה) שיום ראשון יהיה בכ''ג אדר ויום השמיני שלו יהיה בר''ח ניסן, כמו שהיה בימי משה, שהתחילו המלואים בכ''ג אדר ויום השמיני למלואים היה בר''ח ניסן ע''ש :\n"
                }
            ], 
            "heTitle": "מלבי\"ם על יחזקאל", 
            "indexTitle": "Malbim on Ezekiel", 
            "sectionRef": "Malbim on Ezekiel 43:27", 
            "prev": "Malbim on Ezekiel 43:26", 
            "ref": "Malbim on Ezekiel 43:27", 
            "heRef": "מלבי\"ם על יחזקאל מ״ג:כ״ז", 
            "next": "Malbim on Ezekiel 44:1"
        }, 
        "Malbim on Ezekiel 43:24": {
            "content": [], 
            "heTitle": "מלבי\"ם על יחזקאל", 
            "indexTitle": "Malbim on Ezekiel", 
            "sectionRef": "Malbim on Ezekiel 43:24", 
            "prev": "Malbim on Ezekiel 43:23", 
            "ref": "Malbim on Ezekiel 43:24", 
            "heRef": "מלבי\"ם על יחזקאל מ״ג:כ״ד", 
            "next": "Malbim on Ezekiel 43:25"
        }, 
        "Malbim on Ezekiel 43:25": {
            "content": [
                {
                    "segmentNumber": "1", 
                    "he": "<b>שבעת ימים, </b> ר''ל זה שנאמר ביום השני שיקריב שעיר לחטאת ופר ואיל לעולה, זה ימשך שבעה ימים, חוץ מיום הראשון שהקריבו פר :\n"
                }
            ], 
            "heTitle": "מלבי\"ם על יחזקאל", 
            "indexTitle": "Malbim on Ezekiel", 
            "sectionRef": "Malbim on Ezekiel 43:25", 
            "prev": "Malbim on Ezekiel 43:23", 
            "ref": "Malbim on Ezekiel 43:25", 
            "heRef": "מלבי\"ם על יחזקאל מ״ג:כ״ה", 
            "next": "Malbim on Ezekiel 43:26"
        }, 
        "Malbim on Ezekiel 43:22": {
            "content": [], 
            "heTitle": "מלבי\"ם על יחזקאל", 
            "indexTitle": "Malbim on Ezekiel", 
            "sectionRef": "Malbim on Ezekiel 43:22", 
            "prev": "Malbim on Ezekiel 43:21", 
            "ref": "Malbim on Ezekiel 43:22", 
            "heRef": "מלבי\"ם על יחזקאל מ״ג:כ״ב", 
            "next": "Malbim on Ezekiel 43:23"
        }, 
        "Malbim on Ezekiel 43:23": {
            "content": [
                {
                    "segmentNumber": "1", 
                    "he": "<b>בכלותך מחטא, </b> גם זה ביום השני, שאחר חיטוי דם שעיר החטאת יקריב פר ואיל לעולה :\n"
                }
            ], 
            "heTitle": "מלבי\"ם על יחזקאל", 
            "indexTitle": "Malbim on Ezekiel", 
            "sectionRef": "Malbim on Ezekiel 43:23", 
            "prev": "Malbim on Ezekiel 43:21", 
            "ref": "Malbim on Ezekiel 43:23", 
            "heRef": "מלבי\"ם על יחזקאל מ״ג:כ״ג", 
            "next": "Malbim on Ezekiel 43:25"
        }, 
        "Malbim on Ezekiel 43:20": {
            "content": [
                {
                    "segmentNumber": "1", 
                    "he": "<b>ולקחת מדמו, </b> וגם הודיע לו שהוא בעצמו יקח ויזה את הדם, הלקיחה היא הקבלה בכלי, כי מקבלה ואילך מצות כהונה, והנתינה הוא מתן קרנות, "
                }, 
                {
                    "segmentNumber": "2", 
                    "he": "<b>ונתת מדמו אל ארבע קרנות של המזבח, ואל ארבע פנות העזרה</b> הוא הסובב שנקרא עזרה הגדולה (כנ''ל פסוק י''ד) "
                }, 
                {
                    "segmentNumber": "3", 
                    "he": "<b>ואל הגבול</b> הוא הזרת שבלט לחוץ מן המזבח שנקרא גבול (כמ''ש וגבולה אל שפתה סביב), וחצי טפח העליון היה שייך למעלה כנ''ל "
                }, 
                {
                    "segmentNumber": "4", 
                    "he": "<b>וחטאת, </b> במתן דם באצבע "
                }, 
                {
                    "segmentNumber": "5", 
                    "he": "<b>וכפרתהו, </b> בשפיכת שירים ליסוד, והנה הודיעו ה' בזה כמה פנות יקרות בענין התחיה א. שבעת חינוך המקדש כבר תתחיל התחיה, כי הבטיח ליחזקאל שהוא ימצא בעת ההיא ויחנך את המקדש, ב. שתחיה תהיה בגוף ובנפש, ושיקום בתחיה בלבוש בשר וגידין ועצמות, ושיהיה שלם בגופו כל מום לא יהיה בו, כי המלאך לא יכשר לעבודה, וכשלא יהיה שלם בגופו כאחד האדם הרי הוא בע''מ. ג. שיתחייב אז במצות כיתר בני אדם שאל''כ איך יקיים מצות לבישת בגדי כהונה וכל מצות הקרבנות, שזה לא יצוייר רק אם יקום בתחיה כאחד האדם :\n"
                }
            ], 
            "heTitle": "מלבי\"ם על יחזקאל", 
            "indexTitle": "Malbim on Ezekiel", 
            "sectionRef": "Malbim on Ezekiel 43:20", 
            "prev": "Malbim on Ezekiel 43:19", 
            "ref": "Malbim on Ezekiel 43:20", 
            "heRef": "מלבי\"ם על יחזקאל מ״ג:כ׳", 
            "next": "Malbim on Ezekiel 43:21"
        }, 
        "Malbim on Ezekiel 43:21": {
            "content": [
                {
                    "segmentNumber": "1", 
                    "he": "<b>ולקחת ושרפו, </b> יהיה מתדמה עם פר המלואים בחנוכת המשכן שנתן משה על קרנות המזבח ואת הפר שרף באש מחוץ למחנה ועז''א "
                }, 
                {
                    "segmentNumber": "2", 
                    "he": "<b>מחוץ למקדש, </b> שהיה מקום מוכן לשריפת הנשרפים, וז''ש "
                }, 
                {
                    "segmentNumber": "3", 
                    "he": "<b>במפקד הבית</b> :\n"
                }
            ], 
            "heTitle": "מלבי\"ם על יחזקאל", 
            "indexTitle": "Malbim on Ezekiel", 
            "sectionRef": "Malbim on Ezekiel 43:21", 
            "prev": "Malbim on Ezekiel 43:20", 
            "ref": "Malbim on Ezekiel 43:21", 
            "heRef": "מלבי\"ם על יחזקאל מ״ג:כ״א", 
            "next": "Malbim on Ezekiel 43:23"
        }, 
        "Malbim on Ezekiel 43:7": {
            "content": [
                {
                    "segmentNumber": "1", 
                    "he": "<b>ויאמר אלי, את מקום כסאי, </b> הנה יבואר (לקמן סי' מ''ח) כי ירושלים שלעתיד תהיה רחוקה מן המקדש מ''ה מיל, וסביבות המקדש יהיה אחוזת הכהנים והלוים, אבל המלך והעם אשר בירושלים ישכנו בעיר שתבנה מ''ה מיל רחוק מן המקדש, באר לו הטעם לזה כי לעתיד ישתנה הדבר ממה שהיה במקדש הקודם, שבזמן הקודם היה עקר השכינה בשמים כמ''ש השמים כסאי והארץ הדום רגלי, ר''ל שעקר ההנהגה היה כפי הטבע והמערכה רק שסבב את המערכת לפי רצון ההשגחה שהיתה בבית המקדש ובארץ שרגליו ומסובביו ותכלית הנהגתו היה בארץ, שלפי התכלית הזה אשר השגיח להרים קרן ישראל, משך את גלגל המערכת לסבבו ולהנהיגו לטובת ישראל ולמלא בית ה' חיים וברכה, ולכן נקרא המקדש הדום רגליו כמ''ש ולא זרח הדום רגליו ביום אפו, ואמר ושוליו מלאים את ההיכל, אבל לעתיד גם הכסא תהיה למטה במקדש, שישכון שם שכינת קבע והנהגת המערכה תחדל לגמרי, כמ''ש לא יהיה לך עוד השמש לאור יומם, וחפרה הלבנה וכו' כי מלך ה' צבאות בהר ציון ובירושלים, וז''ש "
                }, 
                {
                    "segmentNumber": "2", 
                    "he": "<b>את מקום כסאי ואת מקום כפות רגלי אשר אשכן שם</b> בשכינת קבע, יהיה "
                }, 
                {
                    "segmentNumber": "3", 
                    "he": "<b>בתוך בני ישראל</b> שהכסא תהיה ג''כ למטה, וגם אמר שעקר השכינה לא תהיה במקדש רק בתוך ב''י שיתאספו שמה, ולכן זה יהיה "
                }, 
                {
                    "segmentNumber": "4", 
                    "he": "<b>לעולם</b> כי הבית הג' לא יחרב עוד, ולכן אצטרך להרחיק את העיר מן המקדש, כי כפי גודל קדושתו וקביעת השכינה בו תצטרך הרחקה ביותר כדי "
                }, 
                {
                    "segmentNumber": "5", 
                    "he": "<b>שלא יטמאו עוד בית ישראל שם קדשי המה ומלכיהם, </b> כמו שטמאו אותו עד הנה שהיו יושבים בעיר שהיתה קרובה אל המקדש ופגמו בקדושת המקדש, ומפרש במה טמאו אותו עד הנה "
                }, 
                {
                    "segmentNumber": "6", 
                    "he": "<b>המה ומלכיהם, שהמה</b> טמאו אותו "
                }, 
                {
                    "segmentNumber": "7", 
                    "he": "<b>בזנותם</b> מה שזנו לע''ז, "
                }, 
                {
                    "segmentNumber": "8", 
                    "he": "<b>ומלכיהם</b> טמאו אותו "
                }, 
                {
                    "segmentNumber": "9", 
                    "he": "<b>בפגרי מלכיהם במותם, </b> וזה יפורש אם כפשוטו מפני שהיו קוברים את המלכים בתוך העיר, (כמ''ש בתוספתא דב''ב קבר שהקיפוה העיר, וכו' פחות מכאן מפנין חוץ מקבר המלך וקבר נביא, רע''א אף קבר המלך וקבר נביא מפנין, אמרו לו והלא קברי ב''ד וקברי חולדה היתה בירושלים, וכן בתוספתא דכלים עיירות המוקפות חומה מסבבים לתוכן מת וכו' יצא אין מחזירין אותו, וכמ''ש וישכב עוזיה עם אבותיו ויקברו אותו בשדה הקבורה אשר למלכים כי אמרו מצורע הוא, וכ''ז מורה כדעת הרמב''ם (פ''ז מה' בהב''ח) שאם ירצו ז' טובי העיר קוברים לתוך עיירות המוקפות חומה אם לא יצא לחוץ, ודעת הראב''ד והר''ש אינו כן, ועי' שו''ת מהרי''ט חלק יו''ד סי' ל''ז מ''ש בענין קבר חולדה הנביאה, וגם לדעת הראב''ד י''ל שהיו קוברים שלא ברצון החכמים) ועז''א שהיו מטמאים את המקום בפגרי מלכיהם, וגם יל''פ שקרא אותם פגרים גם בחייהם, שכמו שיהיה הגוף פגר מת אם תסתלק ממנו נפש החיונית המרגשת, כן גם בעוד נפשו הבהמיית בו יקרא מת ופגר אם חלפה ממנו נפשו האלהית הרוחנית, שאז הוא מת בערך מה שנקרא בשם אדם מדבר משכיל, שחיות הנפש השכליית הוא רק כל עוד ישמור צורתו הרוחניית, ובסור הרוחנית הזה מאתו הוא בהמה בצורת אדם, והאדם שבו מת והלך לו :\n"
                }
            ], 
            "heTitle": "מלבי\"ם על יחזקאל", 
            "indexTitle": "Malbim on Ezekiel", 
            "sectionRef": "Malbim on Ezekiel 43:7", 
            "prev": "Malbim on Ezekiel 43:6", 
            "ref": "Malbim on Ezekiel 43:7", 
            "heRef": "מלבי\"ם על יחזקאל מ״ג:ז׳", 
            "next": "Malbim on Ezekiel 43:8"
        }, 
        "Malbim on Ezekiel 43:6": {
            "content": [
                {
                    "segmentNumber": "1", 
                    "he": "<b>ואשמע, </b> עד עתה קבל שפע הנבואה באמצעות המלאך אשר בידו קנה המדה (כמ''ש בסי' מ' פ' ג' ד'), ועתה שמע "
                }, 
                {
                    "segmentNumber": "2", 
                    "he": "<b>מדבר אליו מהבית, </b> כמ''ש וישמע את הקול מדבר אליו מבין שני הכרובים, "
                }, 
                {
                    "segmentNumber": "3", 
                    "he": "<b>ואיש היה עומד אצלי, </b> שהמלאך לא נכנס לקה''ק למקום הכבוד, רק עמד אצלו, וקבלו שניהם הדבור בשוה מן השכינה :\n"
                }
            ], 
            "heTitle": "מלבי\"ם על יחזקאל", 
            "indexTitle": "Malbim on Ezekiel", 
            "sectionRef": "Malbim on Ezekiel 43:6", 
            "prev": "Malbim on Ezekiel 43:5", 
            "ref": "Malbim on Ezekiel 43:6", 
            "heRef": "מלבי\"ם על יחזקאל מ״ג:ו׳", 
            "next": "Malbim on Ezekiel 43:7"
        }, 
        "Malbim on Ezekiel 43:5": {
            "content": [
                {
                    "segmentNumber": "1", 
                    "he": "<b>ותשאני, </b> אז "
                }, 
                {
                    "segmentNumber": "2", 
                    "he": "<b>נשאתהו רוח</b> הנבואה "
                }, 
                {
                    "segmentNumber": "3", 
                    "he": "<b>ותביאהו אל החצר הפנימי, </b> וראה שכבוד ה' מלא את הבית :\n"
                }
            ], 
            "heTitle": "מלבי\"ם על יחזקאל", 
            "indexTitle": "Malbim on Ezekiel", 
            "sectionRef": "Malbim on Ezekiel 43:5", 
            "prev": "Malbim on Ezekiel 43:4", 
            "ref": "Malbim on Ezekiel 43:5", 
            "heRef": "מלבי\"ם על יחזקאל מ״ג:ה׳", 
            "next": "Malbim on Ezekiel 43:6"
        }, 
        "Malbim on Ezekiel 43:4": {
            "content": [
                {
                    "segmentNumber": "1", 
                    "he": "<b>וכבוד ה' בא אל הבית, </b> אז ראה כבוד ה' שבא אל הבית השלישי שיבנה ב''ב, ובא "
                }, 
                {
                    "segmentNumber": "2", 
                    "links": [
                        {
                            "category": "Tanakh", 
                            "index_title": "Isaiah", 
                            "sourceHeRef": "ישעיהו מ״ג:ה׳", 
                            "sourceRef": "Isaiah 43:5"
                        }
                    ], 
                    "he": "<b>דרך שער הקדים, </b> וכבר בארתי (ישעיה מ''ג ה' ושם נ''ט י''ט) שכבוד ה' יתגלה תחלה על גולי המזרח שהם עשרת השבטים, כמ''ש וייראו ממערב את שם ה' וממזרח שמש את כבודו, כי כבודו יבא ממזרח עם גולי המזרח, ובמערב לא יתגלה הכבוד תחלה רק ישמעו שמו למרחוק, וע''כ ראה שכבוד ה' בא מדרך הקדים :\n"
                }
            ], 
            "heTitle": "מלבי\"ם על יחזקאל", 
            "indexTitle": "Malbim on Ezekiel", 
            "sectionRef": "Malbim on Ezekiel 43:4", 
            "prev": "Malbim on Ezekiel 43:3", 
            "ref": "Malbim on Ezekiel 43:4", 
            "heRef": "מלבי\"ם על יחזקאל מ״ג:ד׳", 
            "next": "Malbim on Ezekiel 43:5"
        }, 
        "Malbim on Ezekiel 43:3": {
            "content": [
                {
                    "segmentNumber": "1", 
                    "he": "<b>וכמראה המראה, </b> הנה יחזקאל ראה את המרכבה בג' מיני מראות המתיחסות לג' מיני הנהגות, א. מראות המרכבה שראה בבואו לשחת העיר, שאז יצא בחמה להחריב ולהשחית, ב. מראות המרכבה שראה בפעם הראשון על נהר כבר, ששם ראהו כיוצא ממקומו ללכת עם הגולים לארבע רוחות השמים, והגם שזה יעשה מצד רחמיו וחסדיו אשר ישמור אותם שלא יתמו בגלותם בכ''ז כל ימי הגלות ינהיג באמצעות שרי מעלה שהשכינה מתלבשת בשר של האומה שישראל נתונים תחתיו, ג. המרכבה שראה במחזה ההוא שהראהו בנין בית העתיד, שראה הנהגת ה' בעת ישיב שכינתו לציון, שאז ינהוג הנהגה גבוה נסיית מופלאת, ויספר כי עתה בבואו שנית אל שער הקדים ראה את המרכבה בג' מראות אלה המתחלפות, כי הודיעו לו שאחרי שיבנה המקדש בבית שני ישוב שנית להחריבו בעונות ישראל ומצד זה ראה את המראה שראה בבואו לשחת את העיר, ועוד הראהו שאח''כ יגלו ישראל שנית ויפוזרו בד' רוחות השמים וה' יצא עמהם במרכבתו אל הגולה לשמרם, וע''ז ראה מראות המרכבה שראה על נהר כבר, עוד הראהו שאח''כ ישוב אל המקדש השלישי אשר בו ישכון כל ימי עולם, וראה תבנית המרכבה במחזה הנהגה הפלאיית, וכבר בארתי (מ''א כ''א) מ''ש ופני הקדש המראה כמראה, היינו שפני הקדש נדמו לו אז כמראות הצובאות, אשר במראה ההוא נחקק המראה כמו במראה ואספקלריא ובאר הדבר כי התגלות מרכבת ה' במקדש הקטן ידמה אל התגלות מרכבת ה' והנהגתו במקדש הגדול שהוא העולם אשר ברא שהוא דמות כבודו, וכן מרכבת ה' בעולם הגדול תדמה אל מרכבת ה' אשר תשכון בעולם הקטן, שהוא האדם הנעשה בצלמו כדמותו, שהיחוס אשר בין האלהות השוכן באדם במקדש הלב והרוח והנפש תוך לבוש הגוי', היא עצמה היחוס והערך שבו תשכון האלהות במקדש גדול שהוא האדם הגדול, שהוא כלל המציאות אשר ברא לכבודו. והמקדש אשר ראה יחזקאל בנוי בהר ה', הוא המראה והאספקלריא שבו התראו שני הצורות הגדולות האלה, צורת העולם הגדול והקטן, ושכינת ה' המתלבשת בעולם ובנפש, וכמי שהמסתכל במראה רואה צורת פניו, כן הסתכל במראה המקדש צורת המרכבה השוכנת בעולם הגדול, ומרכבת ה' השוכנת בנפשו אשר ראה במחזה, ועל המרכבה שראה בפני הקדש אמר "
                }, 
                {
                    "segmentNumber": "2", 
                    "he": "<b>וכמראה אשר ראיתי, </b> ר''ל אשר ראיתי עתה בבית השלישי שהיא המרכבה השלישית שראה במחזה ואמר "
                }, 
                {
                    "segmentNumber": "3", 
                    "he": "<b>כמראה המראה</b> ר''ל כמראה שראה במראה (שפיגו''ל) היינו במראות הצובאות שהוא פני הקדש, שראה את המרכבה בענין שהאלהות תתגלה בכח נשגב ומשל ממשל רב, וכן ראיתי "
                }, 
                {
                    "segmentNumber": "4", 
                    "he": "<b>כמראה אשר ראיתי בבאי לשחת את העיר, </b> שאז נראתה המרכבה בענין מורה על ההשחתה, וזה סימן על חורבן בית שני וגם ראיתי "
                }, 
                {
                    "segmentNumber": "5", 
                    "he": "<b>מראות</b> אחרות המורים על הטלטול וגלות השכינה עם ישראל, שזה מורה על הגלות האחרון, "
                }, 
                {
                    "segmentNumber": "6", 
                    "he": "<b>כמראה אשר ראיתי על נהר כבר, </b> וכבר בארתי למעלה כי במראה המרכבה הראשונה השיג ההנהגה ע''י החיות ועולם המלאכים, ובמראה השניה השיג ההנהגה שע''י השרפים ועולם הכסא, ובמראה השלישית שראה את העתיד השיג ההנהגה על ידי האלהות בעולם האצילות "
                }, 
                {
                    "segmentNumber": "7", 
                    "he": "<b>ואפל על פני, </b> כי מזה ראה והבין שאחר שיבנה המקדש בבית שני ישוב ויחרב שנית וישראל יגלו שנית :\n"
                }
            ], 
            "heTitle": "מלבי\"ם על יחזקאל", 
            "indexTitle": "Malbim on Ezekiel", 
            "sectionRef": "Malbim on Ezekiel 43:3", 
            "prev": "Malbim on Ezekiel 43:2", 
            "ref": "Malbim on Ezekiel 43:3", 
            "heRef": "מלבי\"ם על יחזקאל מ״ג:ג׳", 
            "next": "Malbim on Ezekiel 43:4"
        }, 
        "Malbim on Ezekiel 43:2": {
            "content": [
                {
                    "segmentNumber": "1", 
                    "he": "<b>והנה כבוד אלהי ישראל, </b> ראה התגלות ה' בכבודו מצד שהוא אלהי ישראל, ששם זה מורה על הקשר שי''ל עם ישראל ועל ההשגחה הפרטיית הדבקה עמהם להנהיגם בהנהגת נסיית, ר''ל שראה שיחזור שכינתו עליהם וינוסס נס ליראיו, וכתב הרי''א "
                }, 
                {
                    "segmentNumber": "2", 
                    "he": "<b>שבא מדרך הקדים</b> כי צד המזרח יתן אומר ודברים על כח ה' ויכלתו, מצד התנועה המזרחית אשר הגלגל היומי מניע כל צבא השמים ממזרח למערב הפך תנועתם העצמית ממערב למזרח, וכמ''ש חז''ל אלמלא קול גלגל חמה נשמע קול המונה של עיר שקול הגלגל ישתיק קול המון עיר המכחישים מציאות ה' כמ''ש בעק''י, "
                }, 
                {
                    "segmentNumber": "3", 
                    "he": "<b>וקולו</b> ר''ל ואז נתגלה השגחתו לכל, אם לשמע אזן "
                }, 
                {
                    "segmentNumber": "4", 
                    "he": "<b>כי קולו כקול מים רבים</b> שהוא כל מי המציאות המשמיעים קול כי אדיר במרום ה', אם מצד ראות העין כי "
                }, 
                {
                    "segmentNumber": "5", 
                    "he": "<b>הארץ האירה מכבודו</b> ע''י התגלות השכינה וכבוד ה' לחוזים ונביאים :\n"
                }
            ], 
            "heTitle": "מלבי\"ם על יחזקאל", 
            "indexTitle": "Malbim on Ezekiel", 
            "sectionRef": "Malbim on Ezekiel 43:2", 
            "prev": "Malbim on Ezekiel 43:1", 
            "ref": "Malbim on Ezekiel 43:2", 
            "heRef": "מלבי\"ם על יחזקאל מ״ג:ב׳", 
            "next": "Malbim on Ezekiel 43:3"
        }, 
        "Malbim on Ezekiel 43:1": {
            "content": [
                {
                    "segmentNumber": "1", 
                    "he": "<b>ויוליכני, </b> מן רוח מערב הוליך אותו "
                }, 
                {
                    "segmentNumber": "2", 
                    "he": "<b>אל השער</b> הידוע שהוא השער שבו נכנס בפעם הראשון, ומפרש "
                }, 
                {
                    "segmentNumber": "3", 
                    "he": "<b>שער אשר פונה דרך הקדים</b> שהיוצא ממנו פניו למזרח :\n"
                }
            ], 
            "heTitle": "מלבי\"ם על יחזקאל", 
            "indexTitle": "Malbim on Ezekiel", 
            "sectionRef": "Malbim on Ezekiel 43:1", 
            "prev": "Malbim on Ezekiel 42:20", 
            "ref": "Malbim on Ezekiel 43:1", 
            "heRef": "מלבי\"ם על יחזקאל מ״ג:א׳", 
            "next": "Malbim on Ezekiel 43:2"
        }, 
        "Malbim on Ezekiel 43:9": {
            "content": [
                {
                    "segmentNumber": "1", 
                    "he": "<b>עתה ירחקו את זנותם ופגרי מלכיהם ממני</b> ותהיה העיר רחוקה מן המקדש, ועי''ז "
                }, 
                {
                    "segmentNumber": "2", 
                    "he": "<b>ושכנתי בתוכם לעולם, </b> וגם דבר פה על דרך הצורה, שעקר שכינת ה' הוא בתוך בני ישראל, שאדם העובד את ה' הוא המקדש לשכינת עוזו אבל בזה''ז כשיבא המלך הכבוד לשכן בם בקדש ימצא הקיר מבדיל בינו וביניהם, שהיא הגויה וטומאתה המבדלת בין הנפש ובין אלוה מעוזה (כמ''ש שה''ש על פסוק פתחי לי אחותי), וגם שה' קרוב אליהם וסף ביתו אצל סף בית גוייתם, קיר הטומאה והעונות מבדיל בינם לבין אלהיהם, לכן מצוה שירחקו את זנותם ואת פגרי מלכיהם שהם כמתים ואין הכהן עליון יכול ליכנס אל ביתם מפני הטומאה, ואז ישכון בתוכם על נפשותיהם יחול בם שכינת אלהי בקדש :\n"
                }
            ], 
            "heTitle": "מלבי\"ם על יחזקאל", 
            "indexTitle": "Malbim on Ezekiel", 
            "sectionRef": "Malbim on Ezekiel 43:9", 
            "prev": "Malbim on Ezekiel 43:8", 
            "ref": "Malbim on Ezekiel 43:9", 
            "heRef": "מלבי\"ם על יחזקאל מ״ג:ט׳", 
            "next": "Malbim on Ezekiel 43:10"
        }, 
        "Malbim on Ezekiel 43:8": {
            "content": [
                {
                    "segmentNumber": "1", 
                    "he": "<b>בתתם ספם, </b> ר''ל שעד עתה היה בית המלכים קרוב לבית ה', וסף ביתם קרוב אל סף ביתי, ורק "
                }, 
                {
                    "segmentNumber": "2", 
                    "he": "<b>קיר</b> המקדש היה מפסיק "
                }, 
                {
                    "segmentNumber": "3", 
                    "he": "<b>ביני וביניהם</b> ובזה "
                }, 
                {
                    "segmentNumber": "4", 
                    "he": "<b>טמאו את שם קדשי בתועבותם אשר עשו, </b> כי לפי ערך קדושת המקום יגדל החטא והטומאה, שטומאה קלה אשר לא תטמא במקום החול תטמא במקום הקדש, כמו שהשלישי פוסל את התרומה והרביעי פוסל את הקדש הגם שאין מטמאין את החולין, וכן יפגום החטא הקטן הנעשה קרוב אל המקדש, ועל ידי כן "
                }, 
                {
                    "segmentNumber": "5", 
                    "he": "<b>ואכל אותם באפי, </b> ולכן יתרחק מושב הזרים מן המקדש וישבו סביב לו הכהנים והלוים, כמו שהיה במשכן שבמדבר שחנו הלוים סביב למשכן והזר הקרב יומת, וז''ש\n"
                }
            ], 
            "heTitle": "מלבי\"ם על יחזקאל", 
            "indexTitle": "Malbim on Ezekiel", 
            "sectionRef": "Malbim on Ezekiel 43:8", 
            "prev": "Malbim on Ezekiel 43:7", 
            "ref": "Malbim on Ezekiel 43:8", 
            "heRef": "מלבי\"ם על יחזקאל מ״ג:ח׳", 
            "next": "Malbim on Ezekiel 43:9"
        }, 
        "Malbim on Ezekiel 43:17": {
            "content": [
                {
                    "segmentNumber": "1", 
                    "he": "<b>והעזרה</b> הגדולה (כנ''ל פסוק י''ג) "
                }, 
                {
                    "segmentNumber": "2", 
                    "he": "<b>י''ד ארך על י''ד רחב, </b> מאמצעו של מזבח כנ''ל : "
                }, 
                {
                    "segmentNumber": "3", 
                    "he": "<b>והגבול סביב אותה חצי האמה, </b> הוא הגבול הנזכר בפסוק י''ג, שאמר וגבולה אל שפתה זרת האחד, שיצא בנין בולט זרת שהוא חצי האמה להיות גבול בין דמים העליונים לתחתונים, והוא היה אמה למטה מן התחלת הסובב, ומפני שהבליטה הזאת לא נמשכה רק ברוחב טפח, בא לבאר שלא נטעה לומר שמה שהיה היסוד רחב אמה יותר מן הסובב (כמ''ש וחיק האמה ואמה רחב) שהיה רחב אמה מן הגבול, שיצא חצי אמה, וא''כ היה רוחב היסוד אמה וחצי, לכן אמר שהגם שהגבול היה סביב בולט חצי האמה בכל זה "
                }, 
                {
                    "segmentNumber": "4", 
                    "he": "<b>החיק</b> שהוא היסוד "
                }, 
                {
                    "segmentNumber": "5", 
                    "he": "<b>לה רק אמה סביב</b> ולא יותר, כי בליטת הגבול לא בא בחשבון כי לא נמשך רק ברוחב טפח, "
                }, 
                {
                    "segmentNumber": "6", 
                    "he": "<b>ומעלתהו פנות קדים, </b> פי' שהכבש שבו עולים למזבח הוא בדרום, שהעולה בו פונה לימין למזרח, כמ''ש בא לו לקרן דרומית מזרחית וכו' שכל פנות שאתה פונה לא יהיה רק לימין ודע שמ''ש במשנה דמדות לפרש שמ''ש וההריאל עשרה אמה היה מודד מאמצע המזבח, ורוחב מקום המערכה מצד לצד היה כ''ד אמה, שמזה הוציא שהמזבח למטה היה ל''ב אמות כנ''ל, זה לא יעלה לראב''י דסתמא דמדות כוותיה, דהוא הוא ס''ל דכוליה מזבח בדרום קאי, והמזבח עם הכבש היו ס''ב אמה ואיך עמד בדרום הא כל צד הדרום בבית הג' אינו רק חמשים אמה, דחצר הפנימי הוא מאה על מאה ? אמנם משנה זו אינה סתמית, רק ר' יוסי קאמר לה, ור' יוסי לשטתו דס''ל כוליה מזבח בצפון קאי, והיה מקום המזבח בצפון ובדרום היה מקום להכבש, וכן אף למ''ד שחציו בצפון וחציו בדרום נוכל לפרש כן, שאז המזבח אוכל בדרום ט''ז אמה והכבש ל' אמה שהם מ''ו ונשאר עוד ארבע אמות עד הכותל, אבל לראב''י אאל''כ, וצ''ל שהוא היה מפרש מ''ש והאריאל שתים עשרה, היינו מצד אל צד לא מאמצעו, וס''ל שהיה רוחב ההראל שתים עשרה אמה עם מקום הקרנות והילוך רגלי הכהנים, ולפ''ז היה רחבו וארכו למטה במקום היסוד ט''ז אמה והיה יכול לעמוד עם הכבש בדרום, וראיתי בפי' הגאון מהר''א ווילנא, שפי' את הכתובים דפה שהיה רוחב המזבח רק י''ב אמה מצד אל צד, ולא הודיע מי הניאו לפרש פי' נגד משנה מפורשת שפי' שמדד מאמצעו, ועם האמור ס''ל כמ''ש הכ''מ (פ''ג מה' עבודת יוה''כ) שדעת המרב''ם כראב''י דכוליה מזבח בדרום קאי, וכמו שסתם כן רבי ביומא (דף ל''ז) וא''א לפרש כפי' המשנה שאמרה רבי יוסי לשטתו :\n"
                }
            ], 
            "heTitle": "מלבי\"ם על יחזקאל", 
            "indexTitle": "Malbim on Ezekiel", 
            "sectionRef": "Malbim on Ezekiel 43:17", 
            "prev": "Malbim on Ezekiel 43:16", 
            "ref": "Malbim on Ezekiel 43:17", 
            "heRef": "מלבי\"ם על יחזקאל מ״ג:י״ז", 
            "next": "Malbim on Ezekiel 43:18"
        }, 
        "Malbim on Ezekiel 43:16": {
            "content": [
                {
                    "segmentNumber": "1", 
                    "he": "<b>והאריאל</b> רוחב מקום המערכה היה "
                }, 
                {
                    "segmentNumber": "2", 
                    "he": "<b>שתים עשרה ארך על שתים עשרה רחב, </b> פירש במשנה דמדות שמודד מדה זאת מאמצעו של מזבח, שמאמצע מקום המערכה יהיה י''ב אמה לכל צד, ועז''א "
                }, 
                {
                    "segmentNumber": "3", 
                    "he": "<b>אל ארבעת רבעיו</b> והיה מצד אל צד כ''ד אמה, כי במקום המערכה נתקצר המזבח עוד שתי אמות מכל צד, אמה למקום הקרנות ואמה למקום הילוך רגלי הכהנים :\n"
                }
            ], 
            "heTitle": "מלבי\"ם על יחזקאל", 
            "indexTitle": "Malbim on Ezekiel", 
            "sectionRef": "Malbim on Ezekiel 43:16", 
            "prev": "Malbim on Ezekiel 43:15", 
            "ref": "Malbim on Ezekiel 43:16", 
            "heRef": "מלבי\"ם על יחזקאל מ״ג:ט״ז", 
            "next": "Malbim on Ezekiel 43:17"
        }, 
        "Malbim on Ezekiel 43:15": {
            "content": [
                {
                    "segmentNumber": "1", 
                    "he": "<b>וההראל</b> מקום המערכה שהיה בראש המזבח נקרא הראל, ור''ל המקום שמן העזרה הגדולה שהיא כניסת הסובב עד ראש המזבח היה "
                }, 
                {
                    "segmentNumber": "2", 
                    "he": "<b>ארבע אמות, </b> והגם שעד המערכה לא היה ג' אמות, מפשר כי "
                }, 
                {
                    "segmentNumber": "3", 
                    "he": "<b>מהראל ולמעלה</b> יצאו "
                }, 
                {
                    "segmentNumber": "4", 
                    "he": "<b>ארבע הקרנות</b> שהיו ג''כ גובהן אמה, ועם הקרנות היה ההראל ארבע אמות, ובזה נשלמו י' אמות של גובה המזבח וחז''ל (בפ' איזהו מקומן) פי' שמ''ש והראל ארבע ולא עד ההראל, שאגב משמיענו שחשבינן ארבע מן ההראל שהוא מקום המערכה ולמטה, לענין רשות דמים שמן חוט הסקרא עד מקום הקרנות ניתנים דמים העליונים, ולמטה מהם ניתנים דמים התחתונים, וזה הגיע עד אמה אחת למטה מן הסובב שהוא ד' אמות מן ההראל שהוא מקום המערכה, אולם חשבון זה יצדק בבית שני שהיה עליית היסוד רק אמה אחת, שעליית היסוד היה באמת בת חמש, וכן אמת גובה הקרנות היה באמת בת חמש, ונשאר למטה מן הקרנות ולמעלה מן היסוד ד' אמות למעלה וד' אמות למטה באמת בת שש, אבל בבית השלישי שיהיה גובה היסוד ב' אמות באמת בת ה', א''כ אמצע המזבח הוא חצי טפח אחר ד' אמות של מקום הקרנות. ? י''ל לשכן יהיה לעתיד הגבול של רוחב זרת באותו טפח שאחר ארבע אמות, והגבול הזה ימצע בין עליון לתחתון והיה ההראל ד' אמות עד הגבול הזה :\n"
                }
            ], 
            "heTitle": "מלבי\"ם על יחזקאל", 
            "indexTitle": "Malbim on Ezekiel", 
            "sectionRef": "Malbim on Ezekiel 43:15", 
            "prev": "Malbim on Ezekiel 43:14", 
            "ref": "Malbim on Ezekiel 43:15", 
            "heRef": "מלבי\"ם על יחזקאל מ״ג:ט״ו", 
            "next": "Malbim on Ezekiel 43:16"
        }, 
        "Malbim on Ezekiel 43:14": {
            "content": [
                {
                    "segmentNumber": "1", 
                    "he": "<b>ומחיק הארץ</b> היינו מהתחלת היסוד שהוא בארץ, "
                }, 
                {
                    "segmentNumber": "2", 
                    "he": "<b>עד העזרה התחתונה, </b> היינו הכניסה התחתונה שנכנס המזבח אמה והתחיל הסובב היה "
                }, 
                {
                    "segmentNumber": "3", 
                    "he": "<b>ב' אמות, </b> גובה היסוד, "
                }, 
                {
                    "segmentNumber": "4", 
                    "he": "<b>ורחב אמה אחת, </b> שהחיק ר''ל היסוד היה רחב אמה מן הסובב, "
                }, 
                {
                    "segmentNumber": "5", 
                    "he": "<b>ומהעזרה הקטנה עד העזרה הגדולה</b> היינו מהכניסה התחתונה עד הכניסה העליונה שכנס שנית אמה למעלה מן הסובב, היה "
                }, 
                {
                    "segmentNumber": "6", 
                    "he": "<b>ארבע אמות</b> גובה הסובב "
                }, 
                {
                    "segmentNumber": "7", 
                    "he": "<b>ורחב האמה, </b> ששם היה ג''כ רחב אמה יותר מן אשר למעלה ששם כנס אמה :\n"
                }
            ], 
            "heTitle": "מלבי\"ם על יחזקאל", 
            "indexTitle": "Malbim on Ezekiel", 
            "sectionRef": "Malbim on Ezekiel 43:14", 
            "prev": "Malbim on Ezekiel 43:13", 
            "ref": "Malbim on Ezekiel 43:14", 
            "heRef": "מלבי\"ם על יחזקאל מ״ג:י״ד", 
            "next": "Malbim on Ezekiel 43:15"
        }, 
        "Malbim on Ezekiel 43:13": {
            "content": [
                {
                    "segmentNumber": "1", 
                    "he": "<b>ואלה מדות המזבח, </b> לדעת חז''ל שבוני בית שני עשו את המזבח בתבנית הזה (ולא היה רק שינוי קטן בעליית היסוד) לכן ספר המעשה המזבח בפ''ע, כי צורת המקדש הוא מיוחד רק לעתיד, אבל מדות המזבח הוא אפשרי לעשותו גם בזה''ז, והנה גובה המזבח היה עשר אמות והיה נחלק באופן זה, גובה היסוד יהיה בבית שלישי שתי אמות (ובבבית שני היא אמה אחת) וזה נקרא "
                }, 
                {
                    "segmentNumber": "2", 
                    "he": "<b>חיק</b> ורחבו ל''ב אמה אחר גובה ב' אמות נתקצר המזבח אמה מכל צד, ולא היה רחבו רק שלשים אמה, וכניסה זו נקרא בשם "
                }, 
                {
                    "segmentNumber": "3", 
                    "he": "<b>עזרה התחתונה</b> או "
                }, 
                {
                    "segmentNumber": "4", 
                    "he": "<b>הקטנה, </b> כי המקום שתחתיו היה קטן רק שתי אמות, משם עלה ארבע אמות ברוחב ל' על ל', ושטח זה נקרא סובב, (כי רוחב היסוד לא סבב מכל צד והיה מהלך רק על צפון ומערב ואמה במזרח ואמה בדרום, אבל רוחב הסובב סבב מכל צד), ואז נתקצר שנית אמה מכל צד, ונעשה כ''ח אמה על כ''ח אמה, וכניסה זו שכנס אמה נקרא בשם "
                }, 
                {
                    "segmentNumber": "5", 
                    "he": "<b>העזרה הגדולה, </b> משם עלה עוד ד' אמות עד ראש הקרנות ונקרא בשם "
                }, 
                {
                    "segmentNumber": "6", 
                    "he": "<b>הראל</b> ובזה נבא אל הבאור, אמר "
                }, 
                {
                    "segmentNumber": "7", 
                    "he": "<b>שמדות המזבח היה באמות</b> ר''ל שהיה במדתו שני מיני אמות, מקצתם היו באמת בת חמש ומקצתם באמת בת שש, וז''ש "
                }, 
                {
                    "segmentNumber": "8", 
                    "he": "<b>אמה, אמה וטפח, </b> ר''ל מקצתם אמה סתם בת חמש, ומקצתם אמת שש שמחזיק אמת חמש ועוד טפח ומפרש "
                }, 
                {
                    "segmentNumber": "9", 
                    "he": "<b>וחיק האמה, </b> ר''ל "
                }, 
                {
                    "segmentNumber": "10", 
                    "he": "<b>החיק</b> שהוא עליית היסוד רחב היה "
                }, 
                {
                    "segmentNumber": "11", 
                    "he": "<b>באמה</b> סתם בת חמש, וכן היה "
                }, 
                {
                    "segmentNumber": "12", 
                    "he": "<b>אמה רחב</b> מה שהיה היסוד רחב אמה על הסובב היה ג''כ אמה באמה בת חמש, (וזה כדעת הרמב''ם, ודעת רש''י פ''ק דעירובין שמ''ש חז''ל דאמת יסוד בקטנה לא קאי על כניסת היסוד, ובכ''ז במזבח של העתיד מורה הכתוב שיהיה כדעת הרמב''ם) "
                }, 
                {
                    "segmentNumber": "13", 
                    "he": "<b>וגבולה על שפתה סביב זרת האחד</b> נראה שגבול זה הוא באמצע המזבח שבמשכן כתיב ועשית מכבר מעשה רשת, ובבית שני היה חוט הסקרא להבדיל בין דמים העליונים לתחתונים ובבנין הג' יהיה בולט מן המזבח בנין כמדת זרת, ונקרא גבול, כי מגביל בין דמים עליונים לתחתונים, שהוא הגבול בין חצי העליון לבין חצי התחתון, ושפת ההיכר הזה היה לו רוחב זרת. "
                }, 
                {
                    "segmentNumber": "14", 
                    "he": "<b>וזה גב המזבח, </b> עתה מתחיל לפרש גובה המזבח :\n"
                }
            ], 
            "heTitle": "מלבי\"ם על יחזקאל", 
            "indexTitle": "Malbim on Ezekiel", 
            "sectionRef": "Malbim on Ezekiel 43:13", 
            "prev": "Malbim on Ezekiel 43:12", 
            "ref": "Malbim on Ezekiel 43:13", 
            "heRef": "מלבי\"ם על יחזקאל מ״ג:י״ג", 
            "next": "Malbim on Ezekiel 43:14"
        }, 
        "Malbim on Ezekiel 43:12": {
            "content": [
                {
                    "segmentNumber": "1", 
                    "he": "<b>זאת תורת הבית</b> אמר שבזה יבדל הבית השלישי מן הבתים הקודמים, א. שיהיה "
                }, 
                {
                    "segmentNumber": "2", 
                    "links": [
                        {
                            "category": "Tanakh", 
                            "index_title": "Isaiah", 
                            "sourceHeRef": "ישעיהו ב׳", 
                            "sourceRef": "Isaiah 2"
                        }
                    ], 
                    "he": "<b>על ראש ההר, </b> וזה כולל, א. שההר עצמו שעליו יבנה הבית יהיה נכון בראש ההרים, (כמ''ש ישעיה ב'), עד שההר יהיה בראש כולם ב. שלעומת שהבתים הקודמים היו בכתף ההר (כמ''ש חז''ל סבור למבניא בעין עיטם דמדלי טובא וכו' ובין כתיפיו שכן) הוא יהיה בראש ההר, לא בכתפו, שזה יורה על התרוממותו על כל. ב. זאת שנית "
                }, 
                {
                    "segmentNumber": "3", 
                    "he": "<b>שכל גבולו סביב קדש קדשים, </b> כי העיר תתרחק מן הבית מרחק רב וכ''ה אלף אמה שמקדש ה' בתוכו כולו יהיה קדש ותרומת ה' לכהנים (כמו שיתבאר לקמן סי' מ''ה וסי' מ''ח), ומסיים "
                }, 
                {
                    "segmentNumber": "4", 
                    "he": "<b>הנה זאת תורת הבית, </b> ר''ל שבתורה הזאת צריכים להתנהג הרוצים שיבנה :\n"
                }
            ], 
            "heTitle": "מלבי\"ם על יחזקאל", 
            "indexTitle": "Malbim on Ezekiel", 
            "sectionRef": "Malbim on Ezekiel 43:12", 
            "prev": "Malbim on Ezekiel 43:11", 
            "ref": "Malbim on Ezekiel 43:12", 
            "heRef": "מלבי\"ם על יחזקאל מ״ג:י״ב", 
            "next": "Malbim on Ezekiel 43:13"
        }, 
        "Malbim on Ezekiel 43:11": {
            "content": [
                {
                    "segmentNumber": "1", 
                    "he": "<b>ואם נכלמו מכל אשר עשו, </b> ר''ל באשר שיבנה הבית במדות ובצורות אלה שראה יחזקאל לא יגיע זמנו עד שיגיע עת התיקון שיטהרו מעונותיהם, לכן ההודעה הזאת תלויה בתנאי אם יכלמו מכל אשר עשו וישובו בתשובה שלימה, כפי הכלל שהעושה דבר עבירה ומתבייש בה מוחלין לו על כל עונותיו, ואז "
                }, 
                {
                    "segmentNumber": "2", 
                    "he": "<b>צורת הבית הודע אותם, </b> כי רק אז יבנה הבית הזה ואמר פה ג' פעמים צורת הבית כי היה להביא שלש צורות. א. הצורה המוכרחת להיות בכל בית שיבנה לה' וא''א בלעדה, והיה בשוה במשכן ובבית ראשון ושני ובבית השלישי, והוא שיהיה בו עזרה והיכל וקדש הקדשים וכן הכלים המוכרחים להיות בכולם, מזבח העולה ומזבח הקטורת וארון ושלחן ומנורה וכדומה. ב. דברים שאינם מוכרחים ויכולים להשתנות כפי הזמן כמו שנשתנו דברים במקדש מן המשכן, ובית שני מן בית ראשון. ג. דברים שהם מיוחדים רק למקדש השלישי שיגיע שעת התיקון ולא יכלו לעשות כמוהו בימי עזרא הגם שידעו מדברי יחזקאל מפני שידעו שעדיין לא הגיע עת התיקון, רק מקצת דברים אשר קבלו מפי הנביאים שיכולים לעשותו דוגמתו, כמ''ש הרמב''ם בה' בהב''ח, על הראשון אמר "
                }, 
                {
                    "segmentNumber": "3", 
                    "he": "<b>צורת הבית ותכונתו ומוצאיו ומובאיו</b> ר''ל הצורה המוכרחת להיות בכל בית ואת החדרים והשערים המוכרחים להיות בכולם, על הבנין המיוחד רק לעתיד ואין יכולים לעשות כמוהו בזה''ז מפני שעניניו הם חקים נעלמים שלא יתגלו עד זמן העתיד, אמר "
                }, 
                {
                    "segmentNumber": "4", 
                    "he": "<b>וכל צורותיו ואת כל חקתיו, </b> שהחקים הם הדברים שטעמם נעלם, ועל הדברים שהם אמצעים בין בנין הראשון ובין בנין השלישי, אשר היו יכולים לעשותם בימי בית שני שבנאו כבית ראשון וכדברים מעין העתיד כמ''ש הרמב''ם מפני שהדברים ההם אינם חקים נעלמים רק תורות שטעמם נודע, אמר "
                }, 
                {
                    "segmentNumber": "5", 
                    "he": "<b>וכל צורותיו וכל תורותיו הודע אותם</b> "
                }, 
                {
                    "segmentNumber": "6", 
                    "he": "<b>וכתב לעיניהם</b> צוה שיכתוב צורת הבנין העתיד בספר למשמרת לדור אחרון, "
                }, 
                {
                    "segmentNumber": "7", 
                    "he": "<b>וישמרו</b> ר''ל שאם ישמרו את "
                }, 
                {
                    "segmentNumber": "8", 
                    "he": "<b>כל צורותיו ואת כל חקתיו</b> להתנהג כפיהם בקדושה ובטהרה ובהטבת המעשים, שיהיו מוכנים אל הצורות האלה שמורים על דבוק ה' ושכינתו בקדש לעולם, אז "
                }, 
                {
                    "segmentNumber": "9", 
                    "he": "<b>ועשו אותם</b> אז יעשו את "
                }, 
                {
                    "segmentNumber": "10", 
                    "he": "<b>הצורות</b> ויבנו את בית השלישי ברוח ה' עליהם :\n"
                }
            ], 
            "heTitle": "מלבי\"ם על יחזקאל", 
            "indexTitle": "Malbim on Ezekiel", 
            "sectionRef": "Malbim on Ezekiel 43:11", 
            "prev": "Malbim on Ezekiel 43:10", 
            "ref": "Malbim on Ezekiel 43:11", 
            "heRef": "מלבי\"ם על יחזקאל מ״ג:י״א", 
            "next": "Malbim on Ezekiel 43:12"
        }, 
        "Malbim on Ezekiel 43:10": {
            "content": [
                {
                    "segmentNumber": "1", 
                    "he": "<b>אתה בן אדם הגד את בית ישראל את הבית, </b> צוה לו שיגד להם שראה את הבית בנוי ומשוכלל ועומד נכון לפני ה' רק שעונותיהם מעכבים, ולכן "
                }, 
                {
                    "segmentNumber": "2", 
                    "he": "<b>יכלמו מעונותיהם</b> וימהרו לשוב בתשובה, ואז יתראה בית העתיד בכבודו, ואז "
                }, 
                {
                    "segmentNumber": "3", 
                    "he": "<b>ימדדו את תכנית הבית, </b> וגם ר''ל כי בצורת הבית ובפרטי עניניו יש רמזים רוחנים הרומזים על הנהגת ה' ההשגחיית הפלאיית הבלתי תלוי בסדר העולם הטבעי רק בהנהגת בית הנפש לבנותו ולשכללו כדוגמת הבית הגדול ולעבוד בו את העבודה הערוכה בבית הנפש על שמירת התורה והמצוה כדוגמת העבודה הערוכה בבית הגדול, והעלאת נפש החיים אל האלהים אל שיחול בם בקדש. ולפ''ז בנין הבית תלוי בבנין בית נפשם, כפי צורת הבית, וכפי מדות התורה וצורתה שעז''א "
                }, 
                {
                    "segmentNumber": "4", 
                    "he": "<b>הגד את בית ישראל</b> והיל''ל הגד אל בית ישראל, שאחר הגדה בא תמיד מלת אל? רק ר''ל שתגד להם כי "
                }, 
                {
                    "segmentNumber": "5", 
                    "he": "<b>את בית ישראל את הבית, </b> שבית ישראל המה הם הבית, והבית תלוי בהם, וכל עניני תכנית הבית הם מורים על הנהגת העם עפ''י התורה וחקותיה, ובזה "
                }, 
                {
                    "segmentNumber": "6", 
                    "he": "<b>יכלמו מעונותיהם, ומדדו את תכנית, </b> לכוון מדות הנפש כפי מדות הבית :\n"
                }
            ], 
            "heTitle": "מלבי\"ם על יחזקאל", 
            "indexTitle": "Malbim on Ezekiel", 
            "sectionRef": "Malbim on Ezekiel 43:10", 
            "prev": "Malbim on Ezekiel 43:9", 
            "ref": "Malbim on Ezekiel 43:10", 
            "heRef": "מלבי\"ם על יחזקאל מ״ג:י׳", 
            "next": "Malbim on Ezekiel 43:11"
        }, 
        "Malbim on Ezekiel 43:19": {
            "content": [
                {
                    "segmentNumber": "1", 
                    "he": "<b>ונתתה אל הכהנים מזרע צדוק, </b> כמו שיבואר (בסי' מ''ד) שרק בני צדוק יהיו כשרים אז לעבודה, מפני שהם "
                }, 
                {
                    "segmentNumber": "2", 
                    "he": "<b>קרובים אל ה'</b> שלא עבדו ע''ז, והודיע לו ה' כי הוא יקום בתחיה בעת ההיא והוא ימסור פר החטאת להכהנים :\n"
                }
            ], 
            "heTitle": "מלבי\"ם על יחזקאל", 
            "indexTitle": "Malbim on Ezekiel", 
            "sectionRef": "Malbim on Ezekiel 43:19", 
            "prev": "Malbim on Ezekiel 43:18", 
            "ref": "Malbim on Ezekiel 43:19", 
            "heRef": "מלבי\"ם על יחזקאל מ״ג:י״ט", 
            "next": "Malbim on Ezekiel 43:20"
        }, 
        "Malbim on Ezekiel 43:18": {
            "content": [
                {
                    "segmentNumber": "1", 
                    "he": "<b>אלה חקות המזבח ביום העשותו, </b> הודיע לו איך יהיה חנוכת המזבח לעתיד, והגם מזבח חדש אין מחנכין אלא בתמיד של שחר כמ''ש חז''ל, אבל פה יהיה חינוך כללי לכלי המקדש, והיה חינוך גם בימי עזרא שהיה הוראת שעה והיה באופן אחר, כי כבר ידעו שאין זה בית העתיד שנבא עליו יחזקאל, כי כבר הבטיח לו ה' שבעת חינוך בית העתיד יקום יחזקאל שהיה כהן בתחיה והוא בעצמו יעשה עבודת החינוך ולכן עשו חינוך אחר כפי הוראת הנביאים באותה שעה, וכמו שכן גם במשכן היה החינוך בקרבנות שנהגו רק לפי שעה, וז''ש שביום העשותו תעשה חינוך לחנכו שיהיה ראוי "
                }, 
                {
                    "segmentNumber": "2", 
                    "he": "<b>להעלות עליו</b> איברי "
                }, 
                {
                    "segmentNumber": "3", 
                    "he": "<b>עולה, ולזרוק עליו דם</b> עולה וק''ק וקדשים קלים :\n"
                }
            ], 
            "heTitle": "מלבי\"ם על יחזקאל", 
            "indexTitle": "Malbim on Ezekiel", 
            "sectionRef": "Malbim on Ezekiel 43:18", 
            "prev": "Malbim on Ezekiel 43:17", 
            "ref": "Malbim on Ezekiel 43:18", 
            "heRef": "מלבי\"ם על יחזקאל מ״ג:י״ח", 
            "next": "Malbim on Ezekiel 43:19"
        }
    }, 
    "ref": "Malbim on Ezekiel 43"
}