{
    "heTitleVariants": [
        " חידושי אגדות על מסכת מועד קטן"
    ], 
    "heTitle": " חידושי אגדות על מסכת מועד קטן כ״ב א", 
    "content": [], 
    "heRef": " חידושי אגדות על מסכת מועד קטן כ״ב א", 
    "toSections": [
        "22a"
    ], 
    "sectionRef": "Chidushei Agadot on Moed Katan 22a", 
    "title": "Chidushei Agadot on Moed Katan 22a", 
    "next": "Chidushei Agadot on Moed Katan 24a", 
    "heBook": " חידושי אגדות על מסכת מועד קטן", 
    "book": "Chidushei Agadot on Moed Katan", 
    "prev": "Chidushei Agadot on Moed Katan 17a", 
    "textDepth": 2, 
    "sectionNames": [
        "Daf", 
        "Peirush"
    ], 
    "sections": [
        "22a"
    ], 
    "isComplex": false, 
    "titleVariants": [
        "Chidushei Agadot on Moed Katan"
    ], 
    "categories": [
        "Commentary2", 
        "Talmud", 
        "Chidushei Agadot"
    ], 
    "ref": "Chidushei Agadot on Moed Katan 22a", 
    "type": "Commentary2", 
    "addressTypes": [
        "Talmud", 
        "Integer"
    ], 
    "indexTitle": "Chidushei Agadot on Moed Katan", 
    "heIndexTitle": " חידושי אגדות על מסכת מועד קטן", 
    "alts": [], 
    "order": ""
}