{
    "content": [
        {
            "segmentNumber": "1", 
            "links": [
                {
                    "category": "Talmud", 
                    "index_title": "Gittin", 
                    "sourceHeRef": "גיטין כ״ז ב:ו׳-ז׳", 
                    "sourceRef": "Gittin 27b:6-7"
                }
            ], 
            "he": " הא דאמרינן:<b> איכא דאמרי אף על גב דלא הוחזקו לא נהדר ופליגא דרבה.</b> תמיהא לי, דהא משמע דרבי זירא לא אמרה בהדיא אלא אנן הוא דמפרשינן הכי, דרבי זירא פליגא אדרבה בהאי, ומי הזקיקם לומר דפליגי, שהרי באותו הלשון שאמרה רבה אמר רבי זירא, ולפיכך נראה לי, דדברי רבה בעצמן הוקשו להן, דאטו מי איכא טעמא משום דלתרי יוסף בן שמעון לא חיישינן, ואפילו הוחזק אחד במקום שאין השיירות מצוית לא חיישינן ליה משום דלנפילה דחד לא חיישינן, אם כן לדבריו אפילו הוחזקו שני יוסף בן שמעון נהדר, ואפילו במקום שהשיירות מצויות, דהא לא הוחזקו אחרים אלא זה והשני, ולנפילה דאותו השני לא חיישינן לנפילה, דהא לא חיישינן, אלא אין הכל תלוי אלא בנפילה דרבים, דכיון שכן כל שנמצא במקום שהשיירות מצויות אנו חוששין ליוסף בן שמעון טובא, ושמא רובא, מפני שהשיירות מביאין גיטין של יוסף בן שמעון טובא ולנפילת דרבים חיישינן. ואם תאמר אם כן רבא מאי טעמיה, ורב הונא ורב חסדא היאך קבלו ממנו, יש לומר דכל שאנו רואין דיש אחר דשמו כן הוא ושם עירו אנו חוששין שמא יש אחרים הרבה ומבני השיירות נפל. כן נראה לי.<br><b></b> כל הקטע אין בכת\"י."
        }, 
        {
            "segmentNumber": "2", 
            "links": [
                {
                    "category": "Talmud", 
                    "index_title": "Gittin", 
                    "sourceHeRef": "גיטין כ״ז ב:י״ד", 
                    "sourceRef": "Gittin 27b:14"
                }
            ], 
            "he": " הא דמוקי ליה רב אשי למתניתין דמצא גיטי נשים ולברייתא דמצא גט אשה<b> כגון דקאמרי נקב יש בצד פלונית, ורבי ירמיה כגון דקאמרי מעולם לא חתמנו אלא על גט אחד של יוסף בן שמעון.</b> לא פליגי אדרבה ואדרבי זירא, אלא לארווחה למתניתין ולמתניתא דאפילו לזמן מרובה ואפילו שכיחא שיירתא והחזקו בסימנין מובהקין כזה או בעדות כזה, מהדרינן דלא חיישינן דילמא איתרמי גט כזה או עדים כעדים ושמא כשמא."
        }, 
        {
            "segmentNumber": "3", 
            "links": [
                {
                    "category": "Talmud", 
                    "index_title": "Gittin", 
                    "sourceHeRef": "גיטין כ״ז ב:ט״ז-י״ז", 
                    "sourceRef": "Gittin 27b:16-17"
                }
            ], 
            "he": " והא דאמרינן:<b> מהו דתימא ניחוש דילמא איתרמי שמא כשמא [וכו'].</b> לאו למימרא דבלא הוחזקו עסיקינן, אלא הכי קאמר ניחוש דילמא איתרמי דאחתים גברא דשמיה כשמיה מן המוחזקין כאן בגיטו, עדים כעידים שהחתים זה, להכי לא חיישינן."
        }, 
        {
            "segmentNumber": "4", 
            "links": [
                {
                    "category": "Talmud", 
                    "index_title": "Gittin", 
                    "sourceHeRef": "גיטין כ״ז ב:ל״ב", 
                    "sourceRef": "Gittin 27b:32"
                }
            ], 
            "he": "<b>תנו רבנן אי זהו לאלתר רבי נתן אומר כל שלא שהה כדי שתעבור שיירא ותשרי.</b> פירש רש\"י ז\"ל ותחנה. ורבינו תם ז\"ל ותסעוד מלשון כלבא ליכול שירותיה, שעל ידי כך כל אחד ממשמש בכליו להוציא מאכל ומתוך שממשמשין בכליהם פעמים שהגט שבתוכן נופל לארץ."
        }, 
        {
            "segmentNumber": "5", 
            "links": [
                {
                    "category": "Talmud", 
                    "index_title": "Gittin", 
                    "sourceHeRef": "גיטין כ״ז ב:ל״ג-ל״ד", 
                    "sourceRef": "Gittin 27b:33-34"
                }
            ], 
            "he": "<b> רבי שמעון בן אלעזר אומר כדי שיהיה אדם עומד ורואה שלא עבר אדם שם ויש אומרים שלא שהה אדם שם.</b> תימה בין לרבה בין לרבי זירא דמוקמי מתניתין במקום שהשיירות מצויות, מאי איכפת לן, בין עבר אדם או שהה שם אחר שנפל גט מיד זה, שהרי אין הכל הולך אלא אחר השיירות שכבר עברו, לומר כיון שמקום זה הוא מקום מעבר הרבים חוששין שמא זה שנמצא מאחד מעוברי דרכים נפל שם, וגיטו של זה לא נודע מקומו, אבל במקום שאין השיירות מצויות אפילו לזמן מרובה כשר, דלנפילה דרבים חיישינן ולנפילה דיחידים לא חיישינן. ואם כן, אי בתר השיירות שכבר עברו אזלינן, אפילו לא שהה אדם שם, ואפילו לא עבר אדם שם נחוש לו. ואי משום חשש נפילה של זה שעבר שם או שהה שם, נמצאת אומר, דלנפילה דחד חיישינן, ואפילו במקום שאין השיירות מצויות ניחוש.<br><b></b>ואפילו לרבי נתן נמי דאמר כל שלא שהה כדי שתעבור שיירא ותשרי זהו לאלתר, מאי שנא עברה לבסוף מלא עברה, כיון שרגילות לעבור שם שיירות, דאמאי ניחוש לנפילת השיירא האחרונה מן הראשונה, ואם לא ניחוש לנפילת הראשונה שכבר עברה, לא ניחוש אף לאחרונה שעברה לבסוף.<br><b></b>וסבור הייתי לומר דלעולם לנפילה דיחידים לא חיישינן ולנפילה דרבים חיישינן, אלא דרבי נתן דאמר כל שלא שהה כדי שתעבור שיירא ותשרי זהו לאלתר, ולא חיישינן לנפילה דשיירות הראשונות משום דאמרינן אם איתא דמשיירות הראשונות נפל כשעבר זה דרך שם היה מוצאו ועוד דגיטו של זה להיכן הלך, הילכך מאחר שלא נמצא אלא זה לבדו ולא אחר לא עכשיו ולא בשעה שעבר זה שם, ודאי אמרינן שזהו שנפל ממנו. ומיהו כשעבר שם שיירא אחר כך חוששין שמא גט זה שנמצא מן השיירא שחנתה שם או שאכלה שם נפל וגיטו של זה נדרס ונדחף ברגלי הרבים שעברו שם.<br><b></b>ורבי שמעון בן אלעזר סבר, אפילו עבר שם אדם יחידי תולין שכבר היה שם גט זה שנפל מן השיירות הראשונות, ואף על פי שלא מצאו ולא ראוהו שם כשעבר, אין הכל מרגישין בשטרות הנופלין על הארץ, או שהיה בצדי דרכים, ואף על פי שבדקו כל אותו מקום ולא נמצא זולתי זה, אין אומר של זה להיכן הלך, אלא אומר שמא ברגלי העובר ואף על פי שעבר יחידי נדרס ונדחף. ויש אומרים לדריסת הרגל לבד לא חיישינן, אלא אם כן שהה שם דאיכא תרתי דאומר נדחף שלא מדעת או שמא הרגיש בו ומצאו ונטלו בידו, ואף על פי ששאלוהו ולא נמצא בידו לא פלוג רבנן משום חומר עריות, וכדגרסינן בירושלמי הגע עצמך שבדקו כל אותו מקום ולא מצאו אחר ששמו כשמו, אלא משום חומר הוא בעריות.<br><b></b>אלא שראיתי בגמרא דבני מערבא, דבעון תמן עבר נכרי מהו, נשמעינה מן הדא אבא בר בר חנא אייתי גיטא, אבד מיניה אשכחינה חד סרקיי, אתא עובדא קמוי רבנין ואכשרון, הדא אמר עבר נכרי כשר. נימר סימן הוה ביה, ולא כן תני אין סימן בגיטין כהוא דמר תרתי תלת שורין ברם הכא הא שבו היה נקוד, אלמא, מכאן משמע דטעמא דמילתא לא משום שנדחף ברגלי העוברים הוא, שאם כן מה לי נכרי מה לי ישראלי אלא אם כן נדחוק שמתחילה השואל ומי שהשיבו נשמעינה מן הדא, היו סבורין שהטעם משום חשש נפילה של זה העובר, וכיון שכן עבר נכרי דאינו שייך בהבאת גיטין כשר, ונדחו דבריהם דעובדא דאבא בר בר חנא דאבד גיטא ואשכחינא סרקיי ואכשרו סימן מובהק הוה בו ועליו סמכו והחזירוהו, ולעולם טעמא כדאמרן. וצריך עיון.<br> ולענין פסק הלכה:<b></b> הרב בעל ההלכות ז\"ל כתב דהלכתא כרבה דסוגין כותיה. וכן כתב רבינו חננאל זצ\"ל בפירושיו, ורמינהו בבבא מציעא פרק שנים אוחזין (יח, ב) מצא גטי נשים וכו', ופריך רבה דהכא שנמצא במקום שהשיירות מצויות דחיישינן שמא מן השיירות נפל והוא שהוחזקו שני יוסף בן שמעון בעיר אחת, ומתניתין דהתם במקום שאין השיירות מצויות דליכא למיחש וכן שמועה זו סלקא. על כן נראה שסובר כרבה. וכן נראה מדעבד רבה עובדא כשמעתיה ומעשה רב, ורבי זירא נמי לא מיפלג פליג עליה בהדיא אלא אנן הוא דאמרינן דאיכא דאמרי אף על גב דלא הוחזקו לא נהדר ופליגא דרבה וללישנא קמא נמי רבי זירא לא פליג כלל אדרבה אלא אף הוא כרבה אמר דשיירות מצויות והוחזקו דוקא הוא דלא נהדר. וכיון דלחד לישנא רבה ורבי זירא קיימי בחדא שיטתא ורבה עבדה בה עובדא, ורב הונא ורב חסדא נמי לכאורה קבלהו מרבה, מדאמר ליה רב חסדא פוק עיין בה דאורתא בעי לה רב הונא מינך ונפק דק לה מדתנן כל מעשה בית דין הרי זה יחזיר, ולא אשכחן דפליגי עליה ולא דחו לה רב חסדא ורב הונא כדדחי ליה רב עמרם בשילהי פרק קמא דבבא מציעא (יט, ב) היכי פשיט מר איסורא ממונא, שמע מינה דאינהו קבלוה מיניה. והא דאמר ליה רב עמרם היכי פשיט מר איסורא מממונא, הא אהדר ליה התם תרדא שטרי חליצה ומיאונין תנן, והא דאוקמה רב אשי למתני' כגון דקאמר נקב יש בצד אות פלונית, וכן נמי רבי ירמיה כגון דקאמרי עדים מעולם לא חתמנו אלא על גט אחד של יוסף בן שמעון, לא מיפלג פליגי אדרבה ורבי זירא אלא לארווחה למילתא בפירוקא ותדע דאם כן לעולם לא נחזיר אפילו במקום ש ין השיירות מצויות ולא הוחזקו אלא בכי האי גונא ונחוש לשני שורין ולשני יוסף בן שמעון דהא אינהו לא אדכרו כלל מקום שהשיירות מצויות וכן נמי לא הזכירו בשהוחזקו שני יוסף בן שמעון.<br><b></b>והרב אלפאסי ז\"ל כתב בפרק קמא דבבא מציעא דכיון דלא איפסקא הלכתא בהא מילתא בהדיא עבדינן בה לחומרא ולא מהדרינן גט לזמן מרובה שלא במקום שאין השיירות מצויות אבל במקום שהשיירות מצויות לא מהדרינן ואף על פי דלא הוחזקו שני יוסף בן שמעון באותה העיר, עד כאן. וכן כתב הרמב\"ם ז\"ל.<br><b></b>ולענין מצאו לאלתר כתב אלפאסי ז\"ל כאן ראינו לגאון ז\"ל שפסק מילתא שלא שהה אדם שם. ומסתברא לן דבכי הא מילתא דהיא איסורא לחומרא עבדינן שלא עבר אדם שם והוחזקו שני יוסף בן שמעון חיישינן שמא ממנו נפל וצריכין אנו ליתן סימן מובהק כרב אשי וכו'. והר\"ז הלוי כתב וקשיא דידיה אדידיה, דהא איהו פסק בבבא מציעא כלישנא בתרא דרבי זירא אף על גב דלא הוחזקו לא נהדר. והשיב הראב\"ד זצ\"ל דרבי זירא גופיה לא אמרה אלא במקום שהשיירות מצויות וכאן אף על פי שעבר אדם שם הואיל וידוע שלא עברה שם שיירא כמקום שאין השיירות מצויות דמי ואם לא הוחזקו יחזור. עד כאן. נמצא לפי דברי רבינו אלפאסי ז\"ל דמקום שאין השיירות מצויות והוחזקו כמקום שהשיירות מצויות ולא הוחזקו ושקולין הן, ותמה על עצמך, רבי זירא מאי שנא דנקט כאן במקום שהשיירות מצויות כאן במקום שאין השיירות מצויות ליפלוג נמי בין הוחזקו ללא הוחזקו.<br><b></b>והרמב\"ם ז\"ל כתב דבמקום שהשיירות מצויות אם מצאו עד שלא שהה אדם שם אף על פי שעבר אדם שם והיינו לאלתר, אבל במקום שאין השיירות מצויות והוחזקו כיון שעבר אדם שם אף על פי שלא שהה אדם שם אינו כשר ואם נתגרשה בו הרי היא ספק מגורשת, ולא ידעתי מה הפרש יש לדבריו בין שיירות מצויות להוחזקו אם הכשיר במקום שהשיירות מצויות כל שלא שהה אדם שם אף בשהוחזקו נכשיר בשיעור זה, ואם חששו בשהוחזקו בשעבר אדם שם אף בשיירות מצויות נחוש לו."
        }
    ], 
    "heTitle": "רשב״א על גיטין כ״ז ב", 
    "indexTitle": "Rashba on Gittin", 
    "sectionRef": "Rashba on Gittin 27b", 
    "prev": "Rashba on Gittin 27a", 
    "ref": "Rashba on Gittin 27b", 
    "heRef": "רשב״א על גיטין כ״ז ב", 
    "next": "Rashba on Gittin 28a"
}