{
    "heTitleVariants": [
        "רשב״א על גיטין"
    ], 
    "heTitle": "רשב״א על גיטין ט׳ א", 
    "content": [
        {
            "segmentNumber": "1", 
            "he": "<b> אף על פי שקלס רבי יוסי את רבי שמעון הלכה כרבי מאיר.</b> וכדאמרינן בירושלמי למדרש קלסו ולא להלכה.", 
            "links": [
                {
                    "category": "Talmud", 
                    "sourceHeRef": "גיטין ט׳ א:ג׳", 
                    "index_title": "Gittin", 
                    "sourceRef": "Gittin 9a:3"
                }
            ], 
            "text": ""
        }, 
        {
            "segmentNumber": "2", 
            "he": " הא ד<b>אמר רב נחמן שכיב מרע שכתב כל נכסיו לעבדו ועמד חוזר בנכסים ואינו חוזר בעבד.</b> קשיא לי והלא בין לאביי בין לרבא סבירא להו בסוף פרק יש נוחלין (ב\"ב קלז, א) דמתנת שכיב מרע אינה קונה בשעמד, אלא דלמר קנה עם גמר מיתה ולמר לאחר גמר מיתה, ותירצו בתוספות כאן דטעמא דמילתא משום דכל מאן דמצוה אדעתא דרבנן קא מצוה ורבנן הוא דאמור דאינו חוזר בעבד. שהרי יצא עליו שם בן חורין וכבר קדשו השם, ומכל מקום שפיר דייקינן מינה דפלגינן דבורא כיון שבשטר אחד זכה כל נכסיו לעבדו, וחוזר הוא בנכסים ונתבטל כח השטר לגבי נכסים וקם הוא לגבי שחרורו של עבד.<br><b></b>ולי נראה דהרי זה כמוסרו לעצמו לקנות עצמו בן חורין וכענין ששאלו (ב\"ב קמח, ב) במקדיש כל נכסיו ועמד חוזר דהא עמד או אינו חוזר דאמירתו לגבוה כמסירתו להדיוט, ואף על גב דההיא סלקא בתיקו הא עדיפא, דהתם איפשר שחוזר לפי שמצינו הקדש יוצא בלא פדיון וחוזר לחולין ולא מצינו בן חורין חוזר ונעשה עבד והוה ליה ככותב ומזכה דאינו חוזר, והכי פירושא חוזר בנכסים דמתנת שכיב מרע אינה אלא עד לאחר גמר מיתה ואינו חוזר בעבד שהרי יודע הוא שיצא עליו שם בן חורין ואין בן חורין חוזר ונעשה עבד ולפיכך גמר וזכהו לעצמו מעכשיו, ועוד דלא אמרו אמירתו לגבוה כמסירתו להדיוט לומר שיהא כמסור ממש ליד גזבר ההקדש שאם כן לא מצינו שאלה בהקדש שאין שאלה אחר מסירה כדאמרינן בנדרים (נט, א) שאין שאלה בתרומה ביד כהן ולא אמרו כמסירה להדיוט אלא לענין קניה שאם הקדיש שור אפילו שהוא בסוף העולם קנה הקדש ובהדיוט עד שימשוך כדאיתא בקידושין (כח, ב). כנ\"ל.", 
            "links": [
                {
                    "category": "Talmud", 
                    "sourceHeRef": "בבא בתרא קל״ז א", 
                    "index_title": "Bava Batra", 
                    "sourceRef": "Bava Batra 137a"
                }, 
                {
                    "category": "Talmud", 
                    "sourceHeRef": "בבא בתרא קמ״ח ב", 
                    "index_title": "Bava Batra", 
                    "sourceRef": "Bava Batra 148b"
                }, 
                {
                    "category": "Talmud", 
                    "sourceHeRef": "גיטין ט׳ א:ט׳", 
                    "index_title": "Gittin", 
                    "sourceRef": "Gittin 9a:9"
                }
            ], 
            "text": ""
        }, 
        {
            "segmentNumber": "3", 
            "he": "<b>אמר רב אשי התם טעמא משום דלא כרות גיטא הוא.</b> כלומר הא דרב נחמן דפסק הלכה כרבי מאיר לאו משום דלא פלגינן דבורא הוא אלא משום דבעינן כריתות דגמרינן לה לה מאשה והתם כתיב ספר כריתות והכא כיון דשייר במתנתו דאיכא למימר דנחת לשיורא ושייריה נמי לעבד מכיון שלא הוזכר בתוך המתנה בפירוש לאו כריתות גמור הוא, אבל היכא דלא נחת לשיורא כלל פלגינן דבורא ויצא לחירות הואיל ויצא עליו שם בן חורין. ועבד שהביא גיטו נמי לא נחית ביה לשיורא והילכך שפיר קאמר רבא דקנה עצמו ונכסים לא קנה דפלגינן דבורא. כך פרש\"י ז\"ל. ולהאי פירושא איצטרכינן לפרושי דדוקא בשיש לו נכסים רבים ושייר בהם כל שהוא הוא דאמר רבי מאיר דלא יצא לחירות אבל במשייר שדה אחת או עיר אחת ואין לו אלא היא דליכא למימר ביה דנחת לשיורא ושייריה נמי לעבד מודה רבי מאיר לרבי שמעון דיצא לחירות וזה כפירושו שכתבנו למעלה, וכבר כתבנו מזה שיש עליו מן הקושיות.<br><b></b>ובתוספות פירשו (בד\"ה הלכה כר\"מ) דלאו כרות גיטא הוא כיון שיש שיור בדבור שהוא משתחרר בו דקאמר כל נכסי ואינו מתקיים כולו, אבל בעבד שהביא גיטו וכתוב בו עצמך ונכסי קנויין לך אי נמי כל נכסי קנויין לך פלגינן דבורא דהא איכא כרות גיטא דלא שייר בלישניה וכן ההיא דשכיב מרע שכתב כל נכסיו לעבדו ועמד, כרות גיטא הוא דלא שייר בלשון מתנתו כלל.<br><b></b>ולענין פסק הלכה. קיימא לן דעבד שהביא גיטו בין שכתוב בו עצמך ונכסי קנויין לך בין שכתוב בו כל נכסי קנויין לך, ואמר בפני נכתב ובפני נחתם, עצמו קנה מידי דהוה אגט אשה נכסים לא קנה מידי דהוה אקיום שטרות דעלמא ופלגינן דבורא אבל אם נתקיים בחותמיו קנה עצמו בן חורין וקנה נכסים וכדתנן (פאה פ\"ג מ\"ח) הכותב כל נכסיו לעבדו יצא בן חורין. והיכא דשייר במתנתו קרקע כל שהוא או אפילו מטלטלים כל שהן לא יצא בן חורין, וכדאמרינן בפרק מי שמת (ב\"ב קנ, א) עשו מטלטלים שיור אצל העבד ואף על פי שנתקיים בחותמיו ובין ששייר קרקע או מטלטלין ידועים בין ששייר קרקע כל שהוא או מטלטלין כל שהן סתם לא יצא בן חורין וכדתנן (שם) הכותב כל נכסיו לעבדו יצא בן חורין שייר קרקע כל שהוא לא יצא בן חורין ורבי שמעון אומר לעולם הוא בן חורין עד שיאמר כל נכסי נתונין לפלוני עבדי חוץ מאחד מרבוא שבהם וקיימא לן כתנא קמא דהוא רבי מאיר וכדאמר רב יוסף בר מניומי משמיה דרב נחמן אף על פי שקלס רבי יוסי את רבי שמעון הלכה כרבי מאיר.<br><b></b>ודוקא בכותב סתם נכסיו לעבדו ולא הוזכר העבד עצמו בתוך המתנה ומשום דאמרינן מדנחת לשיורא נחת לשייר אפילו גופו של עבד והוא שיש לו נכסים אחרים לבר מאותן המשויירין, אבל אם פירש לו עצמך ונכסי נתונין לך חוץ מקרקע כל שהוא קנה עצמו בן חורין וקנה נכסים חוץ מאותו משהו, ואי נמי בשלא הוזכר העבד באותה המתנה אבל אין לו נכסים אחרים אלא אותן המשויירים קנה עצמו בן חורין לפי פירושו של רש\"י ז\"ל שכתבנו למעלה. אבל לפי פירושן של רבותינו בעלי התוספות ז\"ל אם כתב לו סתם נכסי קנויין לך חוץ מכך וכך אף על פי שאין לו אלא אותה שדה ששייר לעולם לא קנה עצמו בן חורין דלאו כרות גיטא הוא כיון ששייר בדבור שהוא משתחרר בו וכן משמעה של תוספתא דאפילו בשאין לו אלא אותה שדה ואותה העיר פליגי רבי מאיר ורבי שמעון, ומיהו אם כתב לו עצמך ונכסי קנויין לך חוץ מקרקע פלוני יצא בן חורין דהא לא שייר במה שהוא משתחרר בו דהיינו בלשון שכתב לו עצמך קנוי לך, וכרות גיטא הוא.<br><b></b>ובהלכות רבינו אלפסי פירש משום דלאו כרות גיטא הוא דמתנינן לה דכיון דשייר קרקע כל שהוא וכתב הכי בגיטא הוה ליה לרביה זכותא בגיטא וכגון זה אינו גט כריתות דבעינן דליהוי גיטא דחירותא כוליה לעבדא וליכא. ומשום הכי לית הלכתא כרבי שמעון דאמר לעולם הוא בן חורין, אבל דבורא פלגינן, משמע מתוך לשון רבינו זצ\"ל דאפילו כתב לו בפירוש עצמך ונכסי קנויין לך חוץ מקרקע כל שהוא לא יצא בן חורין.<br><b></b>ולענין גט אשה נמי שכתוב בו מתנה ואמרה בפני נכתב ובפני נחתם ואי נמי שליח שהביא גט וכתוב בו מתנת נכסים ואמר בפני נכתב ובפני נחתם דינו כעבד שהביא גיטו וכתוב בו עצמך ונכסי קנויין לך והיא מגורשת ונכסים לא קנתה עד שיתקיים בחותמיו, ומיהו לענין לגבות כתובתה מבני חרי נאמן, דמספר כתובתה נלמוד שכך כתב לה לכשתנשאי לאחר תטלי מה שכתוב ליכי, אבל ממשעבדי לא גביא אלא אם כן נתקיים בחותמיו וכדאמרינן בירושלמי ואיפשר נמי דאפילו ממשעבדי נמי גביא דהא במביא מארץ ישראל שנינו אם יש עליו עוררין יתקיים בחותמיו וגרסינן עלה בירושלמי (ה\"ג) ערער מאן ואמר רב חסדא אף הלקוחות עוררים, דאלמא דוקא במביא בארץ ישראל דלא אמר בפני נכתב ובפני נחתם דאי אתי בעל ומערער לא משגחינן ביה, כי אתי לקוחות ומערערי משגחינן בהו, הא בחוץ לארץ דאי אתי בעל ומערער לא משגחינן ביה, אף הלקוחות שערערו ערעורן בטל, ואפשר נמי דאפילו מביא בארץ ישראל דאינו צריך לומר בפני נכתב ובפני נחתם כיון דאסיקנא לעיל דאי אמר מהני ואי אתי בעל ומערער לא משגחינן ביה אף הלקוחות שערערו ערעורן בטיל, והני מילי לגבי עיקר כתובה דהתם הוא דאיכא למימר טעמא דמספר כתובתה נלמוד דהוה ליה תנאי בית דין אבל תוספת כתובה לא.<br><b></b>הא דאסיקנן הכא דפלגינן דבורא ועבד שהביא גיטו וכתוב בו כל נכסי קנויין לך ואמר בפני נכתב ובפני נחתם דמהמנינן ליה אעצמו ויצא בן חורין ולא מהמנינן ליה אנכסים ולא קנה נכסים, איכא דק\"ל אמאי דגרסינן בגמרא דבני מערבא בפירקין (הלכה א' ובמכות פ\"א הי\"ב) ומייתי לה רבינו אלפסי במכות בשילהי פרק כיצד העדים נעשין זוממין, כתב כל נכסיו לשני בני אדם והעדים כשרים לזה ופסולין לזה, רבי יוחנן אמר פסול, וריש לקיש אמר כשר, אמר רבי אלעזר מתניתא מסייע ליה לרבי יוחנן מה שנים נמצא אחד מהם קרוב או פסול עדותן בטלה, אף שלש נמצא אחד מהן קרוב או פסול עדותן בטלה, אלמא משמע דלא פלגינן דבורא דקיימא לן (יבמות לו, א. ועוד) דכל רבי יוחנן וריש לקיש הלכה כרבי יוחנן חוץ מתלת.<br><b></b>ובירושלמי דהכא בריש פרק קמא (ה\"א) תלי הא דעבד בההיא פלוגתא דרבי יוחנן וריש לקיש דהתם, והכי גרסינן התם היה כתוב בה מתנה ואמר בפני נכתב ובפני נחתם מאחר שערעורו בטל אצל הגט, ערעורו בטל אצל המתנה או מאחר שערעורו בטל אצל הגט ערעורו קיים אצל המתנה. תנינן אחד גיטי נשים ואחד שחרורי עבדים וכו'. כתב כל נכסיו לעבדו את אמר היא גיטו היא מתנתו, מה את עבד ליה כגט הוא וערעורו בטל, או כמתנה הוא וערעורו קיים וייבא כהדא, כתב כל נכסיו לשני בני אדם כאחת והיו העדים כשרים לזה ופסולין לזה רבי אילא בשם רבי אסי אתפלגון רבי יוחנן וריש לקיש חד אמר מאחר שהם פסולין לזה פסולין לזה וחרנה אומר כשרין לזה ופסולין לזה, רבי מונא לא מפרש, רבי אבין מפרש רבי יוחנן אומר מאחר שהן פסולין לזה פסולין לזה ור' שמעון בן לקיש אמר כשרים לזה ופסולין לזה. אמר רבי אלעזר מתניתא מסייעא ליה לרבי יוחנן מה שנים נמצא אחד מהן קרוב או פסול עדותן בטלה אף שלשה. ר' יעקב בר אחא אמר אתפלגון חברין דרבנין ורבנן חד אמר יאות אמר רבי אלעזר, וחרנה אמר לא יאות אמר רבי אלעזר, מאן דאמר יאות אמר ר' אלעזר עושה עדות אחד באיש אחד כעדות שבטלה מקצתה בטלה כולה, מאן דאמר לא אמר רבי אליעזר יאות, נעשה כשתי כתי עדיות כשרין לזה ופסולין לזה.<br><b></b>וי\"ל דהתם בירושלמי דאמרי ייבא כהדא דאתפלגון רבי יוחנן וריש לקיש ולאו למימרא דדמו להדדי, ורבי יוחנן דפסיל בההיא ולא פלגינן דבורא סבירא ליה הכא דלא פלגינן דבורא דהתם שאני דנעשה כעדות אחת באיש אחד ועדות שבטלה מקצתה בטלה כולה וכדאיתא התם בירושלמי אבל הכא לאו משום דנתבטל הוא אלא משום דלא נתקיים בחותמיו, ואי נמי בכותב כל נכסיו לעבדו ועמד לאו משום דפסול עדות הוא אלא משום דיכול הוא לחזור במקצת מתנתו משום דעמד ולא שייך למימר ביה מתנה שנתבטלה מקצתה נתבטלה כולה, והא דאמרינן התם דאתיא כההיא דאתפלגון ביה רבי יוחנן וריש לקיש מכל שכן קאמר דמאן דאמר בההיא כשרים לזה ופסולין לזה ולא אמרינן עדות שנתבטלה מקצתה בטלה כולה כל שכן דסבירא ליה הכא דמתנה שבטלה מקצתה לא בטלה כולה אבל לרבי יוחנן דאמר התם דמאחר דפסולין לזה פסולין לזה איפשר ליה דסבר הכא דעצמו קנה אף על פי שנכסים לא קנה דפלגינן דבורא דלאו הא בהא תלייאן, והלכך איפשר דאיתא להא ואיתא להא.<br><b></b>אי נמי איכא למימר דמאן דאמר לא יאות אמר רבי אלעזר סבירא לה דטעמא דרבי יוחנן לאו משום עדות שבטלה מקצתה היא משום דכיון דעל שני בני אדם הן מעידין לא דמיא לעדות שבטלה מקצתה והיינו דאמרינן לא יאות אמר רבי אלעזר דאמר משום עדות שבטלה מקצתה ואינו אלא משום דלא פלגינן דבורא, וכל שטר שבטל קצתו בטל כולו והוא הדין לעבד שהביא גיטו ואנן קיימא לן כמאן דאמר יאות אמר ר\"א כלומר דטעמיה דרבי יוחנן משום עדות שבטלה מקצתה הוא ולא משום דלא פלגינן דיבורא, והילכך קיימא לן כרבי יוחנן דאמר עדות שבטלה מקצתה בטלה כולה וקיימא לן דפלגינן דבורא כך תירץ הרמב\"ן ז\"ל.<br><b></b>ומיהו רבינו אפרים ז\"ל כתב דההיא דאתפלגון בירושלמי בכותב נכסיו לשני בני אדם ליתא דהא קיימא לן דבתרי גופי פלגינן דבורא כדאסיקנא ביש נוחלין (ב\"ב קלד, ב). והרב בעל העטור ז\"ל כתב דודאי דההיא בירושלמי לאו כתרי גופי הוא דהא כותב כל נכסיו ביחד לשני בני אדם הוא וכיון דנכסים אינן מוחלקין כעדות אחת היא ולא פלגינן בה דבורא דומה לכותב כל נכסיו לשני עבדיו דגרסינן (לקמן מב, א) דנכסים אינן מוחלקין, אבל בכותב לעבדו עצמך ונכסי קנויי לך בההיא איכא לפלוגי דבורא. ומה שתלאן זו בזו בירושלמי דהכא כבר תירצנוה למעלה.", 
            "links": [
                {
                    "category": "Talmud", 
                    "sourceHeRef": "יבמות ל״ו א", 
                    "index_title": "Yevamot", 
                    "sourceRef": "Yevamot 36a"
                }, 
                {
                    "category": "Talmud", 
                    "sourceHeRef": "בבא בתרא ק״נ א", 
                    "index_title": "Bava Batra", 
                    "sourceRef": "Bava Batra 150a"
                }, 
                {
                    "category": "Talmud", 
                    "sourceHeRef": "בבא בתרא קל״ד ב", 
                    "index_title": "Bava Batra", 
                    "sourceRef": "Bava Batra 134b"
                }, 
                {
                    "category": "Mishnah", 
                    "sourceHeRef": "משנה פאה ג׳:ח׳", 
                    "index_title": "Mishnah Peah", 
                    "sourceRef": "Mishnah Peah 3:8"
                }, 
                {
                    "category": "Talmud", 
                    "sourceHeRef": "גיטין ט׳ א:י״ב", 
                    "index_title": "Gittin", 
                    "sourceRef": "Gittin 9a:12"
                }
            ], 
            "text": ""
        }, 
        {
            "segmentNumber": "4", 
            "he": " גמרא:<b> ערער כמה אילימא ערער חד והאמר רבי יוחנן אין ערעור פחות משנים ואלא ערער תרי, תרי ותרי נינהו מאי חזית דסמכת אהני סמוך אהני.</b> כלומר, ואפילו נתקיים בחותמיו מאי הוי לעולם הגט פסול ובחזקת מזוייף דתרי ותרי נינהו ואוקי איתתא בחזקת נשואה אלא", 
            "links": [
                {
                    "category": "Talmud", 
                    "sourceHeRef": "גיטין ט׳ א:י״ח", 
                    "index_title": "Gittin", 
                    "sourceRef": "Gittin 9a:18"
                }
            ], 
            "text": ""
        }, 
        {
            "segmentNumber": "5", 
            "he": "<b> ערער דבעל</b> והילכך עד שלא תקיים בחותמיו חוששין לערעורו של בעל, אבל לאחר שנתקיים בחותמיו לא משגחינן ביה וערעורו בטל.", 
            "links": [
                {
                    "category": "Talmud", 
                    "sourceHeRef": "גיטין ט׳ א:כ׳", 
                    "index_title": "Gittin", 
                    "sourceRef": "Gittin 9a:20"
                }
            ], 
            "text": ""
        }, 
        {
            "segmentNumber": "6", 
            "he": "<b>ואם יש עליו עוררין יתקיים בחותמיו.</b> ואוקימנא לה בגמרא", 
            "links": [
                {
                    "category": "Talmud", 
                    "sourceHeRef": "גיטין ט׳ א:י״ג", 
                    "index_title": "Gittin", 
                    "sourceRef": "Gittin 9a:13"
                }
            ], 
            "text": ""
        }, 
        {
            "segmentNumber": "7", 
            "he": "<b> בעירעור דבעל.</b> ואי נמי בעירעור דלקוחות כדגרסינן בירושלמי (ה\"ג) מי עורר רב חסדא אמר הבעל עורר אמר רבי יוסה אף הלקוחות עוררין שלא תטרוף מהם, והאי דלא נסיב לה בגמרין בעירעור דלקוחות משום דמתניתין בערער הבא לפסול הגט לגמרי לפוסלה אעלמא קא מיירי ולא בחשש המעכב בטריפת כתובתה קא מיירי. ומיהו ודאי אי אתיא למטרף לקוחות וערערו לקוחות עליה לומר דילמא גט מזוייף הוא יתקיים בחותמיו.<br><b></b>ור' יצחק ז\"ל דקדק מתוך משנתינו דכיון דמשיאין אותה בגט זה עד שלא יתקיים בחותמיו ולא חיישינן למזויף שמע מינה דהבא ליפרע מנכסי חברו שלא בפניו אי נמי מן היתומים או מן הלקוחות בשטר שבידו גובה ואין צריך לקיימו דהא למזוייף לא חיישינן, ודוקא בלוה עצמו דמצי טעין בבריא מזוייף הוא דמקבלין טענתו אבל בלקוחות וביתומים דשמא נינהו לא חיישינן ליה כלל דבכי הא לא טענינן להו דכל דלא שכיח לא טענינן להו ליתמי וללקוחות וכדאשכחן בב\"ב (ע, ב) גבי שטר כיס היוצא על היתומים דלא טענינן להו ליתמי נאנסו אף על גב דאבוהון מצי טעין וטעמא דמילתא כדאמרן דכל דלא שכיח לא טענינן להו ליתמי וללקוחות והוא הדין לטענת מזוייף. ועוד דכיון דקיום שטרות דרבנן דאי מדאורייתא בלא קיום סגי דאחזוקי אינשי בשקרי לא מחזקינן וכדאמרן בריש מכילתין (ג, א) מספק לא טענינן טענת מזויף, ועוד הביא ר\"י ראיה מההיא דאיפליגו רבנן ורבי מאיר (ב\"מ יב, ב) דרבי מאיר סבר יחזיר שאין בית דין נפרעין מהם ורבנן סברי לא יחזיר שבית דין נפרעין מהן ואוקימנא לה התם (יג, א) בשאין חייב מודה ורבי מאיר לטעמיה דאמר שמואל אומר היה רבי מאיר שטר שאין בו אחריות נכסים אינו גובה לא מנכסים משועבדין ולא מנכסים בני חורין ומחזיר למלוה לצור על פי צלוחיתו. ופריך ונהדר ליה ללוה לצור על פי צלוחיתו לוה הא קאמר לא היו דברים מעולם, והשתא לרבנן אמאי לא יחזיר, אם מקיים ליה לשטריה אם כן הדין עמו דהא לוה לא היו דברים מעולם קאמר ואי לא מצי מקיים ליה הא לא גבי ביה כלל, אלא ודאי דאיכא למיחש משום יורשין ומשום לקוחות דגבי מינייהו אף על פי שלא נתקיים בחותמיו ואתי למיטרף שלא כדין.<br><b></b>ורבינו תם דחה ראיה זו משום דמעיקרא כי מוקי לה שמואל למתניתין בשאין חייב מודה ופרכינן אי הכי כי אין בה אחריות אמאי יחזיר נהי דלא גבי ממשעבדי מבני חרי מיגבא גבי, היכי דמי דמצי גבי אי מיניה דידיה אי לא מקיים ליה הא לא גבי ליה כלל ואי מקיים ליה הא מדינא גבי ואי מיתמי כיון דלית ביה אחריות נכסים כמלוה על פה חשיבא ליה לרב ושמואל ואינה גובה מן היורשין, דהא איבעיא ליה לשמואל התם (ב\"ב קנז, א) דאיקני קנה ומכר דאיקני קנה והוריש מהו ואתי' למיפשט מדתנן נפל הבית עליו ועל אביו וכו' בעל חוב אומר האב מת ראשון ויורשי האב אומרים הבן מת ראשון ואי אמרת דאיקנה קנה והוריש לא קנה נהי נמי דאב מת ראשון דאיקנה הוא אלא לאו שמע מינה קנה, ואמר להו רב נחמן זעירי חברין [ומנו שמואל אמר] מצוה על היתומים לפרוע חובת אביהם, ואתקיף לה רב שמעיה [בגמרא איתא: אשי] והא מלוה על פה היא כלומר למאן דאמר לא קנה מלוה על פה היא ואפילו מצוה ליכא דהא רב ושמואל דאמרי תרווייהו אינו גובה לא מן היורשין ולא מן הלקוחות ואפילו משום מצוה ליכא, אלמא אפילו היכא דאיכא אחריות של דאיקני למאן דאמר לא משתעבד חשבינן ליה כמלוה על פה כל שכן היכא דליכא אחריות כלל. ומיהו אי משום הא לא איריא דאיכא למימר דהכא חיישינן דלמא אתי למיגבי מיניה דידיה ושלא בפניו ולא טענינן ליה מזויף הוא כדפרישית.<br><b></b>אלא מיהו ראית ר\"י ז\"ל אינה ראיה מיהא, דהתם איכא למימר דהיינו טעמא דלא יחזיר דכיון דהשתא בשעת מציאה אינו מקויים והלה טוען מזויף הוא איתרע ליה בנפילה והלכך אין לגבות בו מן הדין, ואפילו ימצא עדי קיום דכיון דנפל איתרע ליה וחיישינן דלמא זיופי זייף וחתים ואפילו היכא דאתו סהדי גופייהו ואסהידו אחתימות ידייהו דאיהו היא אפילו הכי חיישינן דלמא דייק טפי וזייף כההיא דבב\"ב (קסז, א) דאנח ידיה אזרנקא, ואין זה נכון דלא חיישינן להא דלא שכיחא כלל דאי חיישינן להכי הא דאמר שמואל התם (ב\"מ יד, א) מצא שטר הקנאה בשוק יחזירנו לבעלים ואפילו אין חייב מודה ליחוש שמא מזויף הוא ויקיימנו שלא כדין כדאמרינן הכא, ואין סברא לחלק בין שאינו עכשיו מקוים ויכול לקיימו ובין שהוא מקוים ממש עכשיו דכיון שמתקיים הוא לבסוף אף על פי שעכשיו אינו מקוים יחזיר כיון שאילו היה מקוים בשעת מציאה היו מחזירין. אלא יש לפרש דהתם במקויים ממש הוא והכי קאמר דלמא כתב ללות ולא לוה הוה ולא מטא לידיה כלל ואף על גב דאיהו לא היו דברים מעולם קאמר כלומר איני מכיר בשטר זה ולא כתבתיו כלל אנן כיון דנפל חיישינן לכולהו חששות ואמרינן כתב ללוות ולא לוה הוה ולא רמיא אנפשיה ולאו אדעתיה. אי נמי מימר אמר אי מודינא ביה ואמינא כתבתי ללוות ולא לויתי הוה דלמא לא מהימני לי רבנן אימא לא כתבתי כלל. וכיון דנפל איתרע ליה וחיישינן לכל הני חששות.<br><b></b>גם זה דחוק קצת בעיני, דבשלמא בשיש בו אחריות נכסים אמרי לקוחות אנן לאו מפיו של לווה אנו חיין אלא אנו אומרים שמא כתב ללוות ולא לוה הוה אלא לגבי בני חרי כיון דאיהו קמן וטוען לא כתבתי כלל והרי שטר זה מקוים לפניך והוכחש בעדים היכי אקשינן להדיא אי בשאין חייב מודה כי אין בו אחריות נכסים אמאי יחזיר וכי כל כך הוא פשוט דלגבי דידיה לא נקבל טענתו ונאמר דטענה אחרת יש לו ולא מגלה טענתיה, זה דחוק. ועוד כל דמקויים אפילו נפל לא חיישינן לשמא כתב ללוות ולא לוה וכדאמרינן התם בפרק קמא דמציעא (ז, א) מאן מקיים שטריה מלוה.<br><b></b>ויש מפרשים דכי יש בהן אחריות נכסים והלה טוען מזויף הוא משום הכי לא יחזיר ויתקיים בחותמיו מפני שהלקוחות טוענין אנו אומרים שמא כתב ללוות ולא לוה הוה וכיון שהוא אינו אומר תנו טענתם טענה לגבי המשועבדין ולא יחזיר כדי שלא יגבה מן המשועבדין, אבל מבני חרי מיגבא גבי אי מקיים ליה דהא איהו טענת מזויף קא טעין והרי זה מקוים לפניך. והא דאקשינן כי אין בהם אחריות נכסים אמאי יחזיר מבני חרי מיגבא גבי הכי קא קשיא ליה היכי תנא סתם יחזיר דמשמע אפילו בשאינו מקוים ואמאי דלמא מזויף הוא כדאמר ומימר אמר מדאהדרוה ליה רבנן שמע מינה דליכא למיחש לטענתיה ואפילו לא יקיימנו גובה מיניה ואזיל ופרע ליה. וזה יותר דחוק, חדא דנימא כשיש בו אחריות נכסים לא יחזיר למיגבי ממשעבדי אבל מבני חרי גבי דאם כן הוה ליה למימר גובה מבני חרי ואינו גובה ממשעבדי, ועוד דלישנא דמבני חרי מיגבא גבי בבית דין קאמר דאי לא הוה ליה למימר דלמא פרע ליה, אי נמי הוה ליה למימר בהדיא [הכין] מימר אמר האי דאהדרוה רבנן ניהליה למאי הלכתא אהדרוה רבנן וכו' כמו שאמרו גבי מצא גט אשה בשוק (שם יט, א), ועוד צריכה תלמוד.<br><b></b>ויש לנו לומר כלשון ראשון, וההיא דשמואל לא קשיא, דהתם בשאין הלווה כאן לטעון מזוייף הוא ואנן לא טענינן מילתא דלא שכיחא הא בטעין חיישינן כי הכא כיון דנפל, ויש לנו כיוצא בזו שמקבלין מבעל דין בשטוען ואין בית דין טוענין כן מפני שאינו מצוי כההיא דשטר כיס היוצא על היתומים שבב\"ב (ע, ב), ומה שדקדק רבינו זצ\"ל ממתניתין דהכא אינה ראיה דשאני הכא דדילמא משום עגונא אקילו ביה, ואי נמי שאני הכא דלא מגבי מיניה דבעל מידי אלא אפקועי ממונא ושמא בהפקעת ממון לא מצרכינן ליה לקיומי שטרי' אלא אם בא בטענת בריא.<br><b></b>ומאן דמפיק תברא אשטרא דיתמי אף על גב דלא נתקיים בחותמיו לא מגבינן ביה בשטרא ומיהו לא קרעינן לה לשטרא עד דגדלי יתמי דילמא מייתי ראיה ומרעו ליה לתברא. וההיא שטרא דיתמי דנפיק עליה תברא ואמר רבינא עלה דמיקרע קרעיה לה דאחזוקי סהדי בשקרי לא מחזקינן מיירי במקויים וכן פירשה רבינו חננאל ז\"ל במקומה בפרק קמא דבבא בתרא (ז, ב) אבל ודאי הבא ליפרע מנכסי חברו שלא בפניו ואי נמי מן היורשין ומן הלקוחות אמרינן ליה קיים שטרך וחות לדינא, וראיה לדבר מדאמרינן לעיל (ח, ב) עבד שהביא גיטו וכתוב בו עצמך ונכסי קנויין לך ואמר בפני נכתב ובפני נחתם עצמו קנה מידי דהוה אגט אשה ונכסים לא קנה דלגבי נכסים חיישינן למזוייף ועד דמקיים ליה בחותמיו לא מגבי ביה כלל נכסים, אלא דאיכא לדחויי דהתם דאתו בעלים ומערערי ואפילו הכי לגבי שחרור לא משגחינן ביה דהימוניה הימנוה רבנן מידי דהוה אגט אשה אבל אנכסים לא הימנוה מידי דהוה אקיום שטרות דעלמא דכי אתי לווה ומערער אמרינן ליה קיים שטרך.<br><b></b>ומיהו יש לדקדק דאמרינן בב\"ב (קעד, ב) אמר רב הונא שכיב מרע שהקדיש כל נכסיו ואמר מנה לפלוני בידי נאמן חזקה אין אדם עושה קנוניא על ההקדש ופריך וכי אדם עושה קנוניא על בניו דרב ושמואל דאמרי תרווייהו שכיב מרע שאמר מנה לפלוני בידי אמר תנו נותנין לא אמר תנו אין נותנין ואסיקנא כי קאמר רב הונא התם דנקיט שטרא דמקויים וההיא דשמואל בדנקיט שטרא דלא מקויים והילכך אמר תנו נותנין דקיימיה לשטריה לא אמר תנו לא קיימיה לשטריה ודילמא שלא להשביע את בניו קאמר, ואם איתא דלא טענינן להו ליתמי בשטרא שאינו מקויים טענת מזוייף נהי דלא אמר תנו מכל מקום ליגבי בשטרא דבידיה, וההוא ודאי מדקאמר נותנים ואין נותנין בדאית ליה נכסי לאב קא מיירי, ואולי נדחה דהתם כיון דודאי דאמר מנה לפלוני בידי ולא אמר תנו מיגרע טפי מדאישתק דידים מוכיחות דשלא להשביע את בניו הוא דאיכוון ולית ליה גביה מידי דמזוייף הוא או פרוע.<br><b></b>ומיהו מהא דגרסינן בירושלמי שכתבנו למעלה (בד\"ה ואם יש עליו עוררין) אף הלקוחות עוררים שלא תטרוף, איכא ודאי למשמע דהבא ליפרע מן היורשין או מן הלקוחות אמרינן ליה קיים שטרך וחות לדינא, שלא כדברי ר\"י ז\"ל.<br><b></b>ועוד נ\"ל שיש לדקדק מהא דגרסינן בב\"ב (קנג, א) גבי מתניתין דלא כתב בו שכיב מרע וכו' צריך להביא ראיה שהיה שכיב מרע דברי רבי מאיר וחכמים אומר המוציא מחבירו עליו הראיה, ואמר רב הונא (שם קנד, א) עלה ראיה בעדים ורב חסדא אמר ראיה בקיום השטר, ואוקימנא בפלוגתא דרבי יוחנן וריש לקיש רבי יוחנן אמר ראיה בעדים וריש לקיש אמר ראיה בקיום השטר ואותביה ר\"י לר\"ל ממעשה דבני ברק באחד שמכר בנכסי אביו ומת וערערו עליו בני משפחה לומר קטן היה בשעת מיתה ובאו ושאלו את רבי עקיבא מהו לבדקו וכו', בשלמא לדידי דאמינא ראיה בעדים כיון דלא אשכחו עדים היינו דקאתו ואמרי מהו לבדקו אלא לדידך דאמרת ראיה בקיום השטר למה לי לבדקו לקיימו שטרייהו ולוקמו בנכסייהו, אלמא קיום מיהא בעי ואף על פי שבא להוציא מן היורשין. אלא אם תאמר דהתם לקיימו שטרייהו לאו דוקא אלא הכי קאמר ליפקו שטרייהו ולוקמו בנכסייהו דהא סתמא כמקויים הוא ומשום דבעיקר פלוגתייהו הוי ראיה בקיום השטר דוקא דהא שכיב מרע גופיה הוא דקא מרע ליה דאמר שכיב מרע היה ועמד משום הכי נסיב לה הכא נמי לקיימו שטרייהו ולאו דוקא אלא ליפקו שטרייהו, אי נמי התם יורשין בטענת בריא היו באין לומר קטן היה וכל שטוענין בריא מקבלים מהם לכולי עלמא.<br><b></b>ורבינו תם ז\"ל היה מביא ראיה קצת לדברי ר\"י ז\"ל מדגרסינן בירושלמי בריש מכילתין (ה\"א) המביא גט ממדינת הים צריך שיאמר בפני נכתב ובפני נחתם, וקשיא אילו המביא שטר מתנה ממדינת הים שמא צריך לומר בפני נכתב ובפני נחתם ריב\"ל שניא היא שאינן בקיאין בדקדוק גיטין אמר רבי יוחנן קל הקילו עליה שלא תהא יושבת עגונה. והכי קל אינו אלא חומר שאילו לא אמר בפני נכתב ובפני נחתם אף את אין מתירה לינשא אמר רבי יוסי חומר שהחמרת עליה מתחילה שיהא צריך לומר בפני נכתב ובפני נחתם הקלת עליה בסוף שאם בא וערער ערעורו בטל. אלמא מדאקשינן אילו המביא שטר מתנה ממדינת הים שמא צריך לומר, שמע מינה דהבא לגבות מנכסי חבירו שלא בפניו בין במלוה בין במתנה לא חיישינן למזוייף ולא טענינן מזוייף הואי. ובתוספות דחו ראיה זו דהכי קאמר אילו המביא שטר מתנה ממדינת הים שמא צריך לומר בפני נכתב ובפני נחתם ולא סגיא דלאו הכי ואפילו נתקיים בחותמיו, ופריק שנייא היא לפי שאין בקיאין בדקדוקי גיטין כלומר התם משום לשמה הוא שאין בני חוצה לארץ בקיאין בלשמה או במחובר ובשאר דקדוקי הגט מה שאין כן בשטר מתנה.", 
            "links": [
                {
                    "category": "Talmud", 
                    "sourceHeRef": "בבא בתרא קנ״ז א", 
                    "index_title": "Bava Batra", 
                    "sourceRef": "Bava Batra 157a"
                }, 
                {
                    "category": "Talmud", 
                    "sourceHeRef": "בבא מציעא י״ב ב", 
                    "index_title": "Bava Metzia", 
                    "sourceRef": "Bava Metzia 12b"
                }, 
                {
                    "category": "Talmud", 
                    "sourceHeRef": "בבא מציעא י״ד א", 
                    "index_title": "Bava Metzia", 
                    "sourceRef": "Bava Metzia 14a"
                }, 
                {
                    "category": "Talmud", 
                    "sourceHeRef": "גיטין ט׳ א:י״ג-כ״ט", 
                    "index_title": "Gittin", 
                    "sourceRef": "Gittin 9a:13-29"
                }
            ], 
            "text": ""
        }, 
        {
            "segmentNumber": "8", 
            "he": " הא דקתני במתניתין:<b> אחד גיטי נשים ושחרורי עבדים וכו' וזו אחת מן הדרכים ששוו גיטי נשים לשחרורי עבדים.</b> איכא מאן דקשיא ליה היכי תלי תניא בדלא תניא דעיקרא בגיטי נשים הוא, ובשחרורי עבדים משום דאיתקש לגיטי נשים הוא דהשוו אותם חכמים לכל דיניהן והכי הוה ליה למיתני וזו אחת מן הדרכים ששוו שחרורי עבדים לגיטי נשים, ותירצו משום דעד השתא איירי בגיטי נשים אקדמיה נמי הכא לגיטי נשים. ולי נראה דכל שני דברים ששוים זה לזה אין משגיחין מי קודם בלשון אלא זה דומה לזה וזה דומה לזה בדומין אין קודמין וכענין שכתוב (מלכים-א כב, ד) כסוסי כסוסיך, ודוגמתה שנינו בסיפרא (\u001f \u001f \u001f) ובנדה פרק בנות כותים (לז, ב.) כימי נדת דותה תטמא (ויקרא יב, ב) הקיש ימי נדתה לימי לידתה מה ימי נדתה אין ראויין לזיבה ואין ספירת שבעה עולה בהם אף ימי לידתה אינן ראויין לזיבה ואין ספירת שבעה עולה בהן. ולפי דקדוקם ז\"ל לא הוה ליה לומר אלא מקיש ימי לידתה לימי נדתה, אלא בדברים המוקשים והדומים כל אחד דומה לכל אחד בלשון מאחר שהוקשו.", 
            "links": [
                {
                    "category": "Tanakh", 
                    "sourceHeRef": "ויקרא י״ב:ב׳", 
                    "index_title": "Leviticus", 
                    "sourceRef": "Leviticus 12:2"
                }, 
                {
                    "category": "Talmud", 
                    "sourceHeRef": "גיטין ט׳ א:כ״ב-כ״ט", 
                    "index_title": "Gittin", 
                    "sourceRef": "Gittin 9a:22-29"
                }
            ], 
            "text": ""
        }
    ], 
    "heRef": "רשב״א על גיטין ט׳ א", 
    "toSections": [
        "9a"
    ], 
    "sectionRef": "Rashba on Gittin 9a", 
    "title": "Rashba on Gittin 9a", 
    "next": "Rashba on Gittin 9b", 
    "heBook": "רשב״א על גיטין", 
    "book": "Rashba on Gittin", 
    "prev": "Rashba on Gittin 8b", 
    "textDepth": 2, 
    "sectionNames": [
        "Daf", 
        "Comment"
    ], 
    "sections": [
        "9a"
    ], 
    "isComplex": false, 
    "titleVariants": [
        "Rashba on Gittin"
    ], 
    "categories": [
        "Commentary2", 
        "Talmud", 
        "Rashba"
    ], 
    "ref": "Rashba on Gittin 9a", 
    "type": "Commentary2", 
    "addressTypes": [
        "Talmud", 
        "Integer"
    ], 
    "indexTitle": "Rashba on Gittin", 
    "heIndexTitle": "רשב״א על גיטין", 
    "alts": [], 
    "order": ""
}