{
    "heTitleVariants": [
        "שיטה מקובצת על בבא קמא"
    ], 
    "heTitle": "שיטה מקובצת על בבא קמא קי״ט א", 
    "content": [
        {
            "segmentNumber": "1", 
            "he": "<b>ממון מסור רב הונא וכו'. </b>כבר ביארנו למעלה שמותר להרגו. וכן התבאר במקום אחר שהוא מאותן שמורידין ולא מעלין. וכן פירש בכאן שהגורם לישראל חברו לאבד ממונו על ידי עכו\"ם הרי הוא כגורם לאבד את נפשו וכל הגורם לאבד נעשה רודף ורודף מצוה להציל את הנרדף בנפשו. עשה מה שאמר הורו גדולי המחברים שאסור להרגו. ומכל מקום אם הוחזק בכך הורגין אותו מחמת יראת מה שעתיד. נמצא שכל שמוחזק באיסור או שלא הוחזק והתרו בו עכשיו ולא נמנע מותר להרגו הא כל שאינו בדרך זה מותר לחוש. ומכל מקום כל שבדרך גרמא מותר אף בזה הואיל ומסר עכשיו אף על פי שעדיין לא הוחזק ולא הותרה עכשיו ועליו נאמר שהוא מן המורידין. ואם החרימו הצבור על כך הרי הוא כמותרה ומותר להרגו. ומי שנתפרסם באפיקורוס ומגלה פנים בתורה אף הוא מן המורידין שהרי רבי אליעזר ברבי שמעון נאמר עליו שמסר אותו למלכות על שנתפקר בו ונתפרסם לו ברשע ואפיקורסות ודברים אלה כולם צריכים להרבות באומדות ושיהיו מאזני העיון מכוונות בהם ביד חכמים גדולים ונבוני מדע ולעולם אל יהיו רגליו של אדם קלות לשפיכות דמים. ואף על פי שהותרה הרצועה בדמו של מסור ממונו מיהא אסור לאבדו שמא יתקיים בו יכין רשע וצדיק ילבש. ויש מתירין ולא יראה כן. מי שרואה איזה דבר ומכריח את בעליו למכרו ונותן דמם הרי זה נקרא חמסן ובכלל גזלה היא. נמצאו הגזלות שלוש גזלה חמס ונדמה וכולן בכלל גזלה ולענין עונש ולענין השבה ותשובה על הדרכים שהתבארו. ", 
            "links": [
                {
                    "category": "Talmud", 
                    "sourceHeRef": "בבא קמא קי״ט א:י״ח", 
                    "index_title": "Bava Kamma", 
                    "sourceRef": "Bava Kamma 119a:18"
                }
            ], 
            "text": ""
        }, 
        {
            "segmentNumber": "2", 
            "he": "<b>המשנה השתים עשרה. </b>והכוונה לבאר בה החלק האחד העשר ואמר על זה מוכין שהכובס מוציא הרי אלו שלו ושהסורק מוציא הרי אלו של בעל הבית. הכובס נוטל שלשה חוטין והם שלו יתר מהם של בעל הבית ואם היה שחור על גבי לבן נוטל את הכל והם שלו. החייט ששייר מן החוט לתפור בו מטלית שהוא שלש על שלוש חייב להחזיר לבעלים. מה שחרש מוציא במעצד הרי אלו שלו ובכשיל הרי אלו של בעל הבית ואם היה עושה אצל בעל הבית אף הנסורת של בעל הבית. אמר הר\"מ כבר התבאר בשבת כי המוכין הן חתיכות צמר קטנות שממלאין בהן כסתות וכרים וכיוצא בהם וכובס הוא שמלבן הצמר וסורק הוא הסורק והמנפצו וכדי לתפור הוא כמו אורך מחט ומעצד כלי הנגר שמחליק בו או כיוצא בו וכשיל הוא כלי הנגר שמתקן בו העץ ונסורת היא שחיקת העצים היוצאה כשמנסרין העצים לעשות מהם לוחות.<br>אמר המאירי מוכין שהכובס מוציא הרי אלו שלו רצה לומר בכובס זה כבוס הנעשה לחדש שלמות על ידי כבוס חזק השטיפה יתירה והעברת קוצים הנקראים קראדונש על הבגד הנקרא סריקה ואמר שאותן המוכין היוצאים על ידי אותה השטיפה הרי הם של כובס ואותם שיוצאים על ידי הסריקה בקוצים של בעל הבית. הכובס נוטל שלשה חוטין רצה לומר כשהוא כובס בגד הצמר נמשכין חוטין ממנה לסיבת שטיפת הכבוס ושלשה חוטין אין בהם קפידא והרי כובס יכול לגזזן משם מכל וכל והם שלו יותר מיכן לא יזיזם ממקומם ואם נטלן הרי הם של בעל הבית. ואף באלו פירשו בגמרא דוקא בדקים אבל בגסים אינו מותר אלא בשנים. ואם היה שחור על גבי לבן כדרך האורג שאורג לפעמים בראש הבגד חוטין מצבע אחר כל שצבע חוטין אלה שחור בלבן גנאי הוא אצל הבגד ונוטל כל חוט הנמשך מהם אפילו כמה. החייט ששייר מן החוט שמסר לו בעל הבית כדי תפירה ופירשו בגמרא מלא מחט וחוץ למחט כמלא מחט חייב להחזירו פחות מכאן הרי זה שלו. וכן חייט שהיה משוה כנפי הבגד ואירעה לו בשוותו חתיכה של כנף אהד שיש בו שלש אצבעות על שלש אצבעות חייב להחזיר פחות מכאן הרי זה שלו. מה שהחרש מוציא מן הנסרים של בעל הבית במעצד והוא הנקרא דולאדויירא\"ה או איישולא\"ם הרי זה שלו ואין צריך לומר נסורת שמן המשור ומן המקדח אבל בכשיל והוא כעין קרדום הרי אלו חתיכות גסות הרי אלו של בעל הבית. ודוקא שהוא עושה בביתו של עצמו בענין קבלנות אבל בכל שעושה בביתו של בעל הבית אף הדקה של בעל הבית. זהו ביאור המשנה וכולה הלכה היא אלא שדברים אלה אמרינן בגמרא במקום שאין במדינה מנהג ידוע על זה הא כל שיש במדינה מנהג הדין כמנהג המדינה. ובין בדין משנתנו בין בדין מנהג אפילו היה בעל הבית קפדן ומראה עצמו שאינו מוחל אין דינו של אומן נפקע בכך שזכיה זו דין גמור הוא. מעתה כל אומן שמוכר מה שהוא שלו לוקחין ממנו ואם מצד מה שהוא שלו אסור וכולן שאמרו להטמין אסור. ודברים שנכנסו בגמרא תחת משנה זו אלו הן", 
            "links": [
                {
                    "category": "Talmud", 
                    "sourceHeRef": "בבא קמא קי״ט א:י״ח-ע״ח", 
                    "index_title": "Bava Kamma", 
                    "sourceRef": "Bava Kamma 119a:18-78"
                }
            ], 
            "text": ""
        }, 
        {
            "segmentNumber": "3", 
            "he": "<b>ולא יטיל בו יותר משלשה חובין וכו'. </b>לעולם לא ישתדל האומן להרבות בדבר שהוא יודע בו שהוא לעצמו כדי להרויח ולהרבות בשבילו ביתר ממה שאין צריך לבגד והוא שאמרו שלא להטיל יותר משלשה חובין והוא שדרך הסורקיס שהזכרנו למעלה להמשיך הבגד על ידי מסמרות כדי להאריך מה שנתקצר יותר מדאי ועונבין אבנים בכנפי הבגד ותופר בהם לולאות שנותנין במסמרים וכשהוא מושך בחזקה אותן הענובות נשארות בולטות ביתר על שאר הבגד והוא מקצע אחר כך לעצמו ותופר הנקב אחר כך במעשה מחט דק ואמר שלא ירבה בשבילו בתפירה כדי שיוכל למתחן הרבה עד שישארו ארוכות יותר מדאי אלא שלשה חבי גידין רצה לומר שלש תפירות כדי שלא ימתחו אלא בכדי משיכה ששלשה חובין מקבלים וכן כל כיוצא בזה. וכן צריך להזהר שיעשה אומנותו על הדרך היותר נאות לתועלת בעל הבית והוא שאמר שלא יסרוק את הבגד לשתיו אלא לערבו שהסורק דרך שתיו נקרע בנקל ואם הוא מלבוש שסריקתו בערבו מועלת יותר יעשה וכשהוא תופר נקב הנשאר אחר קצוע הבליטה להשוותו עם שאר הבגד במעשה מחט דק הנקרא שרצי\"ר משווהו לארכו של בגד אבל לא לרחבו ואם בא להאריך בחתיכת הבגד כדי להשוותו יפה יותר רשאי עד טפח. אף על פי שאמרו אין לוקחין מן הסורק מוכין מפני שאינן שלו לוקחין ממנו מכל מקום כר וכסת מלאים מוכין שהרי קנאם בשנוי. אין לוקחין מן הצבע דוגמות והם שמביאים לו תמיד חתיכות בגד דקות צבועות להורות לו מהם צבע שאדם רוצה בו ולא אותות והם שנותנין לו חתיכות בגד שיצבעם הוא להראות האיך יקלוט אותו בגד את הצבע ולא תלושין של צמר והוא צמר שתולש ממקומות שהצמר בולט בבגד שלא יעכב קליטת הצבע אבל לוקחים בגד צבוע או טווי של בגד שלם שכיוצא באלו אין מקום לגנבן וכן היה בגד מכל מקום אף בלא טווי ואריג בלבדים וכיוצא בהם. אין לוקחין מן הגרדי אירין והוא צמר שהוא מניח בקנה של ערב כדי שלא יצא הערב מן הקנה לכאן ולכאן ולא נירין ופירשו חכמי הצרפתים בהם ליצי\"ש וכבר ביארנו ענינם במסכת שבת ולא פונקין והוא ערב מצבע אחר שנותנים להם בעלי בתים לארגם בראש הבגד ולפעמים אין מרגישים בכך ולא שיור פקעיות אבל לוקחין ממנו בגד ארוג אפילו היה מנומר שנראה שהוא בא מהרבה מקומות שמכל מקום קנאו בשנוי וכן טווי אפילו לא נטווה אלא טוויה גסה בדרך שרשרות. הנותן עורות לעבדן הקצועים והצמר הנתלש מן העור הרי הוא של בעל הבית והעולה משטף המים הרי אלו שלו. שלשה חוטין אלה שאמרנו שהם של כובס אם לא נטלם הרי הם של בעל הבית ועולים למנין תכלת למידת מלא קשר גודל שצריך להרחיק קשר של ציצית משפת הבגד כמו שכתוב במקומו. מסתתי אבנים ומפסגי אילנות והוא שכשיש ענפים יותר מדאי נוטלין אחד מבין שניים או מבין שלשה ומפסק גפנים ומנכשי זרעים והוא ליקוט עשבים ומנקפים והוא ליקוט קוצים מבין זרעים כולם תלויים בדעתו של בעל הבית וכל שרואים מדרכו שיקפיד אסור. ושחת של תבואה רוב מקומות קפדים עליה ואסור. וכלל גדול בדברים אלה מנהג המדינה ועל הכל יזהר אדם להיות מלאכתו באמונה שאין לו לאדם אלא שם טוב הנמשך מפעולותיו ומעשיו של אדם מעידין לו בעולם הזה ודנין אותו לעולם הבא אשרי מי שגדל בשם טוב ומי שיאמר עליו על טוב פעולותיו והלך לפניך צדקך כבוד ה' יאספך.<br>סליק פרק הגוזל ומאכיל<br>וסליקא מסכת בבא קמא בסייעתא דשמיא.", 
            "links": [
                {
                    "category": "Talmud", 
                    "sourceHeRef": "בבא קמא קי״ט א:י״ח-ע״ח", 
                    "index_title": "Bava Kamma", 
                    "sourceRef": "Bava Kamma 119a:18-78"
                }
            ], 
            "text": ""
        }
    ], 
    "heRef": "שיטה מקובצת על בבא קמא קי״ט א", 
    "toSections": [
        "119a"
    ], 
    "sectionRef": "Shita Mekubetzet on Bava Kamma 119a", 
    "title": "Shita Mekubetzet on Bava Kamma 119a", 
    "next": null, 
    "heBook": "שיטה מקובצת על בבא קמא", 
    "book": "Shita Mekubetzet on Bava Kamma", 
    "prev": "Shita Mekubetzet on Bava Kamma 118b", 
    "textDepth": 2, 
    "sectionNames": [
        "Daf", 
        "Comment"
    ], 
    "sections": [
        "119a"
    ], 
    "isComplex": false, 
    "titleVariants": [
        "Shita Mekubetzet on Bava Kamma"
    ], 
    "categories": [
        "Commentary2", 
        "Talmud", 
        "Shita Mekubetzet"
    ], 
    "ref": "Shita Mekubetzet on Bava Kamma 119a", 
    "type": "Commentary2", 
    "addressTypes": [
        "Talmud", 
        "Integer"
    ], 
    "indexTitle": "Shita Mekubetzet on Bava Kamma", 
    "heIndexTitle": "שיטה מקובצת על בבא קמא", 
    "alts": [], 
    "order": ""
}