{
    "heTitleVariants": [
        "שיטה מקובצת על בבא קמא"
    ], 
    "heTitle": "שיטה מקובצת על בבא קמא ל״ד א", 
    "content": [
        {
            "segmentNumber": "1", 
            "he": "<b>שמע מינה בעל חוב מאוחר שקדם וגבה וכו'. </b>איכא למידק דאם כן תיקשי רישא לסיפא דבסיפא איכא למידק מה שגבה גבה דקתני מועד שהזיק קדמו בעל חוב וגבהו וכו'. וליתא דהתם מטלטלי נינהו ובמטלטלי ליכא דינא דקדימה ולכולי עלמא מה שגבה גבה אבל בתם דמגופו משלם ואפותיקי הוא דהוי וכדאמרינן לעיל הוה ליה כקרקע ובכי הא הוא דפליגי ואם כן מינה איכא למשמע דמה שגבה לא גבה. הרשב\"א ז\"ל. ", 
            "links": [
                {
                    "category": "Talmud", 
                    "sourceHeRef": "בבא קמא ל״ד א:א׳-כ״ז", 
                    "index_title": "Bava Kamma", 
                    "sourceRef": "Bava Kamma 34a:1-27"
                }
            ], 
            "text": ""
        }, 
        {
            "segmentNumber": "2", 
            "he": "<b>וכן כתב ה\"ר ישעיה ז\"ל וז\"ל שמע מינה בעל חוב מאוחר וכו'. </b>ופלוגתא היא דאף על גב דפלוגתא הוה כקרקעות מדמה ליה דכיון דמגופו גבי הוי כמו קרקעות דאית ליה קלא כדאמרינן לעיל. דעל כרחך צריך לומר כן מדקתני גבי מועד מה שגבה וגבי תם תנא לא גבו שמע מינה כיון דמגופו גבו הוי כמו קרקעות. והכי מדמה ליה כי היכי דהכא משוינן בעל חוב מאוחר כלוקח דמשניהם הניזק מוציא כן נעשה גבי מלוה בעל חוב מאוחר כלוקח ובעל חוב ראשון יוציא מבעל חוב מאוחר כמו מלוקח. ע\"כ. וכן כתב תלמיד הר\"פ ז\"ל כדכתבינן לעיל.", 
            "links": [
                {
                    "category": "Talmud", 
                    "sourceHeRef": "בבא קמא ל״ד א:א׳-כ״ז", 
                    "index_title": "Bava Kamma", 
                    "sourceRef": "Bava Kamma 34a:1-27"
                }
            ], 
            "text": ""
        }, 
        {
            "segmentNumber": "3", 
            "he": "<b>תנו רבנן שור שוה מאתיים וכו'. </b>שאלמלא לא חבל בו היה עומד על שמונה מאות זוז נותן לו כשעת הנזק. פירוש לא אתא לאשמועינן דלא יהיב ליה מה שהיה משביח יותר אלו לא הזיקו דהא פשיטא והכי מוכח לקמן. דאתיא לאוקמי בסיפא כשפטמו ואמרינן אי כשפטמו אימא רישא נותן לו כשעת הנזק ואי כשפטמו צריכא למימר ומאי קושיא דהא ודאי צריכא לומר אף על פי שפטמו הניזק שלא יהא חייב זה המזיק לשלם מה שהיה משביח יותר אלו לא הוזק. ותו דלא הוה ליה למתני הכי ושבח ועמד על ארבע מאות זוז כלל אלא ואלמלא לא חבל בו היה עומד על שבח כך וכך אלא ודאי הכי קאמר ושבח ועמד על ארבע מאות זוז אין אומרים שיפטר המזיק שנסתלקו מעשיו שהרי לא חסרו כלום שכבר השביח הרבה יותר ממה שהזיק שאין ראוי לומר כן משום דאכתי איכא נזק שאלמלא לא חבל בו היה עומד על שמונה מאות זוז הילכך נותן לו כשעת הנזק. הרא\"ש ז\"ל.<br>וכן כתב ה\"ר ישעיה ז\"ל וז\"ל שאלמלא לא הזיקו. לפירוש דפירש רש\"י ז\"ל דסלקא דעתך דישלם יותר ממה שהזיקו שאלמלא לא הזיקו היה משביח וכו' והיה לו לשלם מה שהיה ראוי להשביח לא נהירא דהא פשיטא דאין צריך לשלם דאטו אם המית שור קטן ולא העמידו בדין עד זמן מרובה ישלם מה שהיה ראוי להיות שור גדול. ועוד לקמן דפריך תלמודא אי כשפטמו צריכא למימר מאי פריך אין הכי נמי לאפוקי מהאי סברא דסלקא דעתך דלישלם מה שהיה ראוי להשביח. לכך נראה כאידך פירושא דסלקא דעתך אמינא דלא לישלם כלל הואיל ובשעת העמדה בדין הוא שוה כמו קודם שהוזק דיכול לומר מאי אזקתיך והיינו דקאמר שאלמלא לא הזיקו היה משביח יותר ולכך משלם לו כשעת הנזק. והשתא פריך שפיר לקמן אי כשפטמו צריכא למימר דלא יפטר המזיק והלא הניזק פטמו בטרחו ועמלו. ע\"כ.<br>ותלמיד הר\"פ ז\"ל כתב לקמן וז\"ל ואי כשפטמו צריכא למימר פירוש דלא מצי למימר ליה מאי אפסדתיך פשיטא אבל לפירוש שני קשה דהא ודאי שפיר איצטריך לאשמועינן דלא משלם לפי מה שהיה ראוי לה להשביח. ויש לומר דפשיטא הוא שאין לחייבו לשלם על העתיד דאטו אם נגח שור קטן בן שנה והמיתו ישלם לו דמי גדול לפי שהיה נעשה גדול. ע\"כ.", 
            "links": [
                {
                    "category": "Talmud", 
                    "sourceHeRef": "בבא קמא ל״ד א:א׳-כ״ז", 
                    "index_title": "Bava Kamma", 
                    "sourceRef": "Bava Kamma 34a:1-27"
                }
            ], 
            "text": ""
        }, 
        {
            "segmentNumber": "4", 
            "he": "<b>כולה רבי עקיבא היא והכא במאי עסקינן כשפטמו. </b>ונותן לו כשעת הנזק ולומר שאינו נוטל בשבח הפיטום אף על גב דשותפי נינהו ואף על גב דשותפי דעלמא אי מפטם חד ואשבח השבח לאמצע יש לומר דהכא בשאין השבח יותר על ההוצאה. ואם תאמר אם כן תיקשי סיפא גופה במאי איצטריך פשיטא כיון שפטמו ואין בו שבח יותר על ההוצאה צריכא למימר דלא שקיל ניזק בשבח אלא אם כן נותן את ההוצאה. יש לומר אי לאו רישא הוה מצי לדחויי דדילמא שותף הניח מעותיו על קרן הצבי. אי נמי דהוה אמינא דשקיל דמי הוצאה אבל לא דמי טרחו כמפטם דעלמא דאחולי אחליה לטורחיה לגבי שותפו. ומדברי הראב\"ד ז\"ל נראה שהוא מפרש דאי בשפטמו וכו' והשביח יותר על היציאה שאין הניזק נוטל כלום באותו שבח ואף על גב דבשותפי דעלמא לא אמרינן הכי שאני התם משום דשותפי אדעתא דשותפות קא מפטמי ותרווייהו סמכי אהדדי בשבח הכא לאו שותפות גמורה היא ואיאושי מיאש ניזק מההוא פטמא ומזיק נמי לאו דשותפות קא מפטם ליה. ע\"כ וצריך עיון. הרשב\"א ז\"ל.<br>וזה לשון הרא\"ה ז\"ל והכא במאי עסקינן כשפטמו פירוש ואין השבח יותר על ההוצאה עם שכרו גם כן שראוי ליטול לגמרי דשותף הוא וביורד ברשות. ע\"כ לשונו ז\"ל.<br>וזה לשון רבינו חננאל ז\"ל שור שוה מאתיים שנגח שור שוה מנה וחבל בו בחמישים זוז ולא תבעו הבעלים חבלת השור ושבח השור הנחבל מעצמו וכל שכן אם פטמו דאמר ליה המזיק את מפטם לתורך ואנא יהיבנא לך איני נותן לך אלא כשעת נזק ואפילו אם שבח עכשיו ועמד על ארבע מאות זוז ולולי הנגיחה היה שוה עתה שמונה מאות זוז אינו נותן לו אלא כשעת הנזק חצי נזק שהוא כ\"ה. כחש מחמת הנגיחה ולא מחמת מלאכה נותן לו כשעת העמדה בדין כרבי עקיבא שמין כמה השור שוה מקודם היזקו וכמה שוה עתה בשעת העמדה בדין והפחיתה שפחתתו הנגיחה משלם המזיק חצי הנזק לניזק שבח המזיק נותן כשעת הנזק וסלקא דפטמיה המזיק לתוריה פירוש שור שוה חמישים שנגח שור שוה שלש מאות וחבל בו במאתיים דינו ליטול השור בנזקו שאינו משתלם אלא מגופו וישלם חמישים ויפסיד מאה וחמישים. עמד המזיק ופטם את שורו והשביחו ושוה מאה זוז אין לו לניזק לומר אטול השור כמו שהוא כי הוא עתה בשיעור חצי הנזק דיכול למימר ליה מזיק אנא מפטימנא ואת שקלית ודוקא בשפטמו המזיק אבל שבח דממילא לא אלא שקיל נזקא משבחא שיעור נזקיה. כחש המזיק כגון שהיה שוה מאה והיתה החבלה שוה מאתיים ועתה בשעת העמדה בדין שוה המזיק חמישים אין יכול הניזק לומר תן לי מאה שכך היה שורך שוה בשעה שהזיק אלא אומר קח השור כמו שהוא כרבי עקיבא דאמר הוחלט השור וכן הדין. ע\"כ.<br>ולענין פסק כתב הרב המאירי ז\"ל וזה לשונו כחש הניזק ועמד בשעת העמדה בדין על מנה והרי הניזק אומר שחצי נזקו חמשים והמזיק אומר שבשעת הנזק לא היה חצי נזקו אלא עשרים וחמישה דינרין נותן לו כשעת העמדה בדין והוא חמישים זוז כחצי נזקו ופרשוה למטה בשכחש מחמת אותה מכה ואין זה דומה לפחת נבלה שמשעת מיתה עד העמדה בדין שהיוקר והזול מאיליהן באין וסרחון הנבלה וקלקולה ידוע והיה לו לניזק למכרה לאלתר אבל בזו אדם סבור לפעמים שתתרפא והיא מתקלקלת והואיל וזה בא מחמת מכה זו הרי הוא אומר קרנא דתוריך קבירא ביה אבל אם כחש מחמת מלאכה אין למזיק להתחייב בו בכלום. שבח המזיק והרי שהוחלט ביד הניזק לחלק שמיני שבו כשיעור חצי נזקו של ניזק אם בא שבח זה מאיליו הרי זכה הניזק גם כן בשבח שבו לחלק שמיני שבו ואם בא על ידי פיטום אינו נוטל אלא עשרים וחמישה כשעת הנזק אף על פי ששאר שותפים שפיטם אחד מהם אינו נוטל כל השבח לעצמו. טעם הדבר ששותף הגמור על דעת השותף הוא משביח ושניהם סומכים זה על זה אבל זו אינה שותפות גמורה ואין המזיק מפטם להועיל כלום לניזק ואף הניזק אין דעתו סומכת על כך. כחש המזיק ועמד על מנה הרי הניזק הואיל ונעשה שותף בו מפסיד חלקו ואינו נוטל אלא י\"ב וחצי שמינית השור הוחלט לו אם לריוח אם להפסד ומכל מקום כחש מחמת מלאכה יראה שאין הנפסד הניזק מפסיד בזו. ע\"כ.", 
            "links": [
                {
                    "category": "Talmud", 
                    "sourceHeRef": "בבא קמא ל״ד א:א׳-כ״ז", 
                    "index_title": "Bava Kamma", 
                    "sourceRef": "Bava Kamma 34a:1-27"
                }
            ], 
            "text": ""
        }, 
        {
            "segmentNumber": "5", 
            "he": "<b>כשפטמו. </b>ואי קשיא אדמפליג בין שבח לכחש לפלוג בשפטמו ללא פטמו. יש לומר דאיירי דמפליג בריפשא בין שבח לכחש דלא סגי דבין פטמו ללא פטמו לא מצי לאפלוגי כדמסקינן לפי המסקנא פליגי נמי בין שבח לכחש. ה\"ר ישעיה ז\"ל.", 
            "links": [
                {
                    "category": "Talmud", 
                    "sourceHeRef": "בבא קמא ל״ד א:כ״ז", 
                    "index_title": "Bava Kamma", 
                    "sourceRef": "Bava Kamma 34a:27"
                }
            ], 
            "text": ""
        }, 
        {
            "segmentNumber": "6", 
            "he": "<b>כחש מחמת מכה. </b>ולא בעי למימר ממילא דודאי אי לא כחש מחמת מלאכה תולין במכה. רש\"י.", 
            "links": [
                {
                    "category": "Talmud", 
                    "sourceHeRef": "בבא קמא ל״ד א:כ״ט-ל״ג", 
                    "index_title": "Bava Kamma", 
                    "sourceRef": "Bava Kamma 34a:29-33"
                }
            ], 
            "text": ""
        }, 
        {
            "segmentNumber": "7", 
            "he": "<b>קרנא דתורך קבירא ביה. </b>קצת קשה לרבי יוחנן דאמר היכא דאנחה אנוחי גחלת דעל החררה וכו' ועל הגדיש וכו' משלם חצי נזק ואמאי לא מחייב על הגדיש נזק שלם דאלמלא גחלתך קבירא בגדיש וכו'. וי\"ל דוקא בבהמה שייך האי טעמא משום דבגדיש כשנשרף מעט מצי לסלוקי לגחלת אבל כשנוגח אינו יכול ליקח המכה משום הכי חייב לשלם. מהר\"י כ\"ץ ז\"ל.", 
            "links": [
                {
                    "category": "Talmud", 
                    "sourceHeRef": "בבא קמא ל״ד א:ל״ד", 
                    "index_title": "Bava Kamma", 
                    "sourceRef": "Bava Kamma 34a:34"
                }
            ], 
            "text": ""
        }, 
        {
            "segmentNumber": "8", 
            "he": "<b>דאמר ליה קרנא דתורך. </b>ולא דמיא להא דקיימא לן דפחת נבלה הויא דניזק ולא אמרינן האי טעמא דשאני התם שכבר שלם פחת שפהתו מיתה מאי איכא שהנבלה נפסדת כשהיתה כל בשר מתה נמי הכי הוא ולא איבעי ליה לשהוייה אבל מחמת מכה הוא שהכחיש ולא הבריא והוא עומד וראוי להברות. הרא\"ה ז\"ל. ולעיל בפרק קמא תמצא כתוב בזה משום הראשונים ז\"ל.", 
            "links": [
                {
                    "category": "Talmud", 
                    "sourceHeRef": "בבא קמא ל״ד א:ל״ד-נ״ב", 
                    "index_title": "Bava Kamma", 
                    "sourceRef": "Bava Kamma 34a:34-52"
                }
            ], 
            "text": ""
        }, 
        {
            "segmentNumber": "9", 
            "he": "<b>זה נוטל חצי החי וזה נוטל וכו'. </b>האי לישנא לאו דוקא דאפילו אי אית ליה נבלה למזיק יהיב ליה ולא אתי למימר וכו' כמו שכתבו בתוספות. הרא\"ש ז\"ל.<br>אין זה שור האמור בתורה דכתיב ומכרו את השור החי וחצו את כספו וזה אינו נוטל חצי כסף החי שהרי מוכר לו כל הנבלה בשוה ופוחת מן הדמים. ה\"ר ישעיה ז\"ל.", 
            "links": [
                {
                    "category": "Talmud", 
                    "sourceHeRef": "בבא קמא ל״ד א:ל״ד-נ״ב", 
                    "index_title": "Bava Kamma", 
                    "sourceRef": "Bava Kamma 34a:34-52"
                }
            ], 
            "text": ""
        }, 
        {
            "segmentNumber": "10", 
            "he": "<b>דרבי מאיר סבר פחת נבלה דניזק וכו'. </b>ואם תאמר והא כבר נפקא לן בפרק קמא מוהמת יהיה לו ומקראי אחריני ואם כן למה לי מוהמת יחצון להכי שהרי לא תם חמור ממועד כדאמרינן בסמוך לרבי יהודה. ויש לומר דאיצטריך האי קרא לאשמועינן דלעולם תם משלם חצי נזק ולא יותר כדקאמרינן פחת שפחתה מיתה מחצין דסלקא דעתך אמינא דגזרת הכתוב היא דאמר רחמנא וחצו את כספו ולעולם נוטל חצי החי בין שהוא יותר מחצי נזק בין שהוא פחות ולהכי אתא עיקר קרא דוגם את המת יחצון לומר דלא משלם ליה רק חצי פחת ממיתה. וכן משמע לקמן דאף לרבי יהודה אתא להכי גבי הא דפריך אם כן מצינן לרבי יהודה תם משלם יותר מחצי נזק ופחת נבלה דניזק הוי איכא למשמע ממילתיה כיון דלא שייך מזיק בנבלה וכן שבח בנבלה דקאמר בסמוך ולא מדרשיה דפחת שפחתתו מיתה נפקי. ותדע דהא רבי יהודה אית ליה פחת שפחתתו מיתה במסקנא ואפילו הכי קאמר דשקיל מזיק בשבחא או בפחות ללישנא קמא. כן נראה למורי שיחיה. מיהו יש לדחות דאין זו ראיה מרבי יהודה. תלמיד הר\"פ ז\"ל. ובגליון תירץ דחדא בתם וחדא במועד.", 
            "links": [
                {
                    "category": "Talmud", 
                    "sourceHeRef": "בבא קמא ל״ד א:ל״ד-נ״ב", 
                    "index_title": "Bava Kamma", 
                    "sourceRef": "Bava Kamma 34a:34-52"
                }
            ], 
            "text": ""
        }, 
        {
            "segmentNumber": "11", 
            "he": "<b>אם כן מצינו תם חמור ממועד. </b>פירוש דפעמים שהתם משלם ממש יותר מן המועד כגון שור שוה מאתיים שהזיק שור שוה מאתיים ופיחתו מיתה חמישים זוז ופיחתה הנבלה לאחר מיכן ואינה יפה אלא חמישים זוז נמצא שהמועד שמשלם כשעת הנזק אינו משלם אלא חמישים והתם משלם חצי מה שנפחתה שהוא שבעים וחמשה לחלקו. הרשב\"א ז\"ל.", 
            "links": [
                {
                    "category": "Talmud", 
                    "sourceHeRef": "בבא קמא ל״ד א:ל״ד-נ״ב", 
                    "index_title": "Bava Kamma", 
                    "sourceRef": "Bava Kamma 34a:34-52"
                }
            ], 
            "text": ""
        }, 
        {
            "segmentNumber": "12", 
            "he": "<b>אם כן מצינו לרבי יהודה תם חמור ממועד. </b>ואם תאמר מאי פריך והלא אותה חומרא דשקיל מזיק בפחת נבלה לפי חלקו שיש בתם איתא נמי במועד דהא אית ליה לרבי יהודה צד תמות במקומה עומדת ואם כן במועד נמי פליג מזיק בפחת נבלה בחלק תמות חומרא דאין בצד תמות יותר מצד מועדת דהא לא איירי באותה ברייתא אלא מתם גמור ומועד גמור שהרי על תם הוא דן ועל זה קאמר ומה מועד חמור אינו משלם אלא מה שהזיק תם הקל לא כל שכן אלמא דעביד ק\"ו מתם גמור וממועד גמור ואם כן מאי פריך מתם. וי\"ל דודאי הכא הכי קאמר אם כן מצינו לרבי יהודה צד תמות חמור מצד מועדות ומכל מקום מוכח שפיר דלא מצינו לומר כן משום דברייתא דבסמוך הכי פירושו וכי מועד למה יצא וכו' הרי הוא אומר להחמיר עליו דודאי מועד יצא מכלל תם להחמיר עליו יותר מבתם ואפילו במועד גופיה צד מועדת חמור יותר מצד תמות וצד תמות אינה משתלמת מן העלייה ואפילו אבד השור אלמא מועד חמור מתם ועל זה קאמר ומה מועד חמור אינו משלם וכו' ואם כן על כרחך לרבי יהודה צד תמות לא חמירא יותר מצד מועדת לענין שיפסיד המזיק בפחת נבלה דאם כן היכי עביד ק\"ו והא ק\"ו פריכא הוא דאיכא למיפרך מה למועד שכן הקל בו הכתוב בצד מועדות לענין פחת נבלה וכו'. תלמיד הר\"פ ז\"ל.<br>וכתוב בתוספות שאנץ וזה לשונו ויש לומר דלרב פריך דלית ליה לרב אדא בר אהבה בשור שנגח ארבעה וחמשה. ומיהו קשיא לן מן הברייתא דקתני וכי מועד למה יצא להחמיר עליו שלא תתיישב לרב אדא בר אהבה. ונראה לי דהכי פריך מצינו צד תמות חמורה מצד מועדת ואפילו לרב אדא כששור שוה מנה נגח שור שוה סלע אם כן הא צד תמות חמורה שבצד תמות פעמים משלם יותר ובצד מועדות אינו משלם אלא מה שהזיק. ע\"כ.", 
            "links": [
                {
                    "category": "Talmud", 
                    "sourceHeRef": "בבא קמא ל״ד א:נ״ב", 
                    "index_title": "Bava Kamma", 
                    "sourceRef": "Bava Kamma 34a:52"
                }
            ], 
            "text": ""
        }
    ], 
    "heRef": "שיטה מקובצת על בבא קמא ל״ד א", 
    "toSections": [
        "34a"
    ], 
    "sectionRef": "Shita Mekubetzet on Bava Kamma 34a", 
    "title": "Shita Mekubetzet on Bava Kamma 34a", 
    "next": "Shita Mekubetzet on Bava Kamma 34b", 
    "heBook": "שיטה מקובצת על בבא קמא", 
    "book": "Shita Mekubetzet on Bava Kamma", 
    "prev": "Shita Mekubetzet on Bava Kamma 33a", 
    "textDepth": 2, 
    "sectionNames": [
        "Daf", 
        "Comment"
    ], 
    "sections": [
        "34a"
    ], 
    "isComplex": false, 
    "titleVariants": [
        "Shita Mekubetzet on Bava Kamma"
    ], 
    "categories": [
        "Commentary2", 
        "Talmud", 
        "Shita Mekubetzet"
    ], 
    "ref": "Shita Mekubetzet on Bava Kamma 34a", 
    "type": "Commentary2", 
    "addressTypes": [
        "Talmud", 
        "Integer"
    ], 
    "indexTitle": "Shita Mekubetzet on Bava Kamma", 
    "heIndexTitle": "שיטה מקובצת על בבא קמא", 
    "alts": [], 
    "order": ""
}