{
    "heTitleVariants": [
        "מהר\"ם שיף על בבא קמא"
    ], 
    "heTitle": "מהר\"ם שיף על בבא קמא ס׳ ב", 
    "content": [], 
    "heRef": "מהר\"ם שיף על בבא קמא ס׳ ב", 
    "toSections": [
        "60b"
    ], 
    "sectionRef": "Maharam Shif on Bava Kamma 60b", 
    "title": "Maharam Shif on Bava Kamma 60b", 
    "next": "Maharam Shif on Bava Kamma 92b", 
    "heBook": "מהר\"ם שיף על בבא קמא", 
    "book": "Maharam Shif on Bava Kamma", 
    "prev": "Maharam Shif on Bava Kamma 58b", 
    "textDepth": 2, 
    "sectionNames": [
        "Daf", 
        "Comment"
    ], 
    "sections": [
        "60b"
    ], 
    "isComplex": false, 
    "titleVariants": [
        "Maharam Shif on Bava Kamma"
    ], 
    "categories": [
        "Commentary2", 
        "Talmud", 
        "Maharam Shif"
    ], 
    "ref": "Maharam Shif on Bava Kamma 60b", 
    "type": "Commentary2", 
    "addressTypes": [
        "Talmud", 
        "Integer"
    ], 
    "indexTitle": "Maharam Shif on Bava Kamma", 
    "heIndexTitle": "מהר\"ם שיף על בבא קמא", 
    "alts": [], 
    "order": ""
}