{
    "heTitleVariants": [
        " פסקי הראש על תענית"
    ], 
    "heTitle": " פסקי הראש על תענית", 
    "heRef": " פסקי הראש על תענית ה׳", 
    "toSections": [
        5
    ], 
    "sectionRef": "Rosh on Taanit 5", 
    "next": "Rosh on Taanit 6", 
    "content": [
        {
            "segmentNumber": "1", 
            "he": "מתני' הגיע י\"ז במרחשון ולא ירדו גשמים התחילו היחידים מתענין. אוכלין ושותין משחשיכה ומותרין במלאכה וברחיצה ובסיכה ובנעילת הסנדל ובתשמיש המטה: ", 
            "links": [
                {
                    "category": "Talmud", 
                    "sourceHeRef": "תענית י׳ א:ס״ד", 
                    "sourceRef": "Taanit 10a:64", 
                    "ref": "Taanit 10a:64"
                }
            ], 
            "text": ""
        }, 
        {
            "segmentNumber": "2", 
            "he": "גמ' מאן יחידים אמר רב הונא רבנן. ואמר רב הונא יחידים מתענין ג' תעניות שני וחמישי ושני. תניא נמי הכי היחידים מתענין שלשה תעניות שני וחמישי ושני. ומפסיקין בראשי חדשים  ובימים טובים הכתובים במגילת תענית  והאידנא דבטלה מגילת תענית אין מפסיקין אלא בחנוכה ובפורים  ודוקא היחידים אבל צבור לא כדתנן (לקמן דף טו:) אין גוזרין תענית על הצבור בראשי חדשים בחנוכה ובפורים ואם התחילו אין מפסיקין. ת\"ר לא יאמר אדם תלמיד אני ואיני ראוי לכך אלא כל התלמידים ראוין לכך. ואיזהו יחיד ואיזהו תלמיד. יחיד כל שראוי למנותו פרנס על הצבור. תלמיד כל ששואלין אותו  דבר הלכה בהש\"ס ואומרו ואפי' במסכת כלה. תנו רבנן לא כל הרוצה לעשות עצמו יחיד עושה  והתלמידים אין עושין את עצמן יחידים דברי ר' מאיר ור' יוסי אומר עושה וזכור לטוב שאינו שבח לו אלא צער הוא לו. תניא אידך לא כל הרוצה לעשות את עצמו יחיד עושה  ותלמידים עושין עצמן יחידים דברי ר' שמעון בן אלעזר. רבן שמעון בן גמליאל אומר דבר של שבח אינו עושה ושל צער עושה: \n", 
            "links": [
                {
                    "category": "Commentary", 
                    "sourceHeRef": " קרבן נתנאל על תענית ה׳:א׳", 
                    "sourceRef": "Korban Netanel on Taanit 5:1", 
                    "ref": "Korban Netanel on Taanit 5:1"
                }, 
                {
                    "category": "Commentary", 
                    "sourceHeRef": " קרבן נתנאל על תענית ה׳:ב׳", 
                    "sourceRef": "Korban Netanel on Taanit 5:2", 
                    "ref": "Korban Netanel on Taanit 5:2"
                }, 
                {
                    "category": "Commentary", 
                    "sourceHeRef": " קרבן נתנאל על תענית ה׳:ג׳", 
                    "sourceRef": "Korban Netanel on Taanit 5:3", 
                    "ref": "Korban Netanel on Taanit 5:3"
                }, 
                {
                    "category": "Commentary", 
                    "sourceHeRef": " קרבן נתנאל על תענית ה׳:ד׳", 
                    "sourceRef": "Korban Netanel on Taanit 5:4", 
                    "ref": "Korban Netanel on Taanit 5:4"
                }, 
                {
                    "category": "Commentary", 
                    "sourceHeRef": " קרבן נתנאל על תענית ה׳:ה׳", 
                    "sourceRef": "Korban Netanel on Taanit 5:5", 
                    "ref": "Korban Netanel on Taanit 5:5"
                }, 
                {
                    "category": "Talmud", 
                    "sourceHeRef": "תענית י׳ ב:א׳", 
                    "sourceRef": "Taanit 10b:1", 
                    "ref": "Taanit 10b:1"
                }
            ], 
            "text": ""
        }
    ], 
    "book": "Rosh on Taanit", 
    "prev": "Rosh on Taanit 4", 
    "textDepth": 2, 
    "sectionNames": [
        "Halacha", 
        "Siman"
    ], 
    "sections": [
        5
    ], 
    "isComplex": false, 
    "titleVariants": [
        "Rosh on Taanit"
    ], 
    "categories": [
        "Commentary2", 
        "Talmud", 
        "Rosh"
    ], 
    "ref": "Rosh on Taanit 5", 
    "type": "Commentary2", 
    "addressTypes": [
        "Integer", 
        "Integer"
    ], 
    "indexTitle": "Rosh on Taanit", 
    "heIndexTitle": " פסקי הראש על תענית", 
    "alts": [], 
    "order": ""
}