[{
    "links": [
        [
            "13:1:1", 
            "Mishneh Torah, Tithes 13:1", 
            "Halakhah"
        ], 
        [
            "13:2:1", 
            "Mishneh Torah, Tithes 13:2", 
            "Halakhah"
        ], 
        [
            "13:3:1", 
            "Mishneh Torah, Tithes 13:3", 
            "Halakhah"
        ], 
        [
            "13:4:1", 
            "Mishneh Torah, Tithes 13:4", 
            "Halakhah"
        ], 
        [
            "13:5:1", 
            "Mishneh Torah, Tithes 13:5", 
            "Halakhah"
        ], 
        [
            "13:6:1", 
            "Mishneh Torah, Tithes 13:6", 
            "Halakhah"
        ], 
        [
            "13:7:1", 
            "Mishneh Torah, Tithes 13:7", 
            "Halakhah"
        ], 
        [
            "13:11:1", 
            "Mishneh Torah, Tithes 13:11", 
            "Halakhah"
        ], 
        [
            "13:13:1", 
            "Mishneh Torah, Tithes 13:13", 
            "Halakhah"
        ], 
        [
            "13:14:1", 
            "Mishneh Torah, Tithes 13:14", 
            "Halakhah"
        ], 
        [
            "13:15:1", 
            "Mishneh Torah, Tithes 13:15", 
            "Halakhah"
        ], 
        [
            "13:16:1", 
            "Mishneh Torah, Tithes 13:16", 
            "Halakhah"
        ], 
        [
            "13:17:1", 
            "Mishneh Torah, Tithes 13:17", 
            "Halakhah"
        ], 
        [
            "13:18:1", 
            "Mishneh Torah, Tithes 13:18", 
            "Halakhah"
        ], 
        [
            "13:19:1", 
            "Mishneh Torah, Tithes 13:19", 
            "Halakhah"
        ], 
        [
            "13:20:1", 
            "Mishneh Torah, Tithes 13:20", 
            "Halakhah"
        ], 
        [
            "13:1:2", 
            "Mishneh Torah, Tithes 13:1", 
            "Halakhah"
        ], 
        [
            "13:2:2", 
            "Mishneh Torah, Tithes 13:2", 
            "Halakhah"
        ], 
        [
            "13:3:2", 
            "Mishneh Torah, Tithes 13:3", 
            "Halakhah"
        ], 
        [
            "13:4:2", 
            "Mishneh Torah, Tithes 13:4", 
            "Halakhah"
        ], 
        [
            "13:5:2", 
            "Mishneh Torah, Tithes 13:5", 
            "Halakhah"
        ], 
        [
            "13:6:2", 
            "Mishneh Torah, Tithes 13:6", 
            "Halakhah"
        ], 
        [
            "13:11:2", 
            "Mishneh Torah, Tithes 13:11", 
            "Halakhah"
        ], 
        [
            "13:13:2", 
            "Mishneh Torah, Tithes 13:13", 
            "Halakhah"
        ], 
        [
            "13:14:2", 
            "Mishneh Torah, Tithes 13:14", 
            "Halakhah"
        ], 
        [
            "13:15:2", 
            "Mishneh Torah, Tithes 13:15", 
            "Halakhah"
        ], 
        [
            "13:18:2", 
            "Mishneh Torah, Tithes 13:18", 
            "Halakhah"
        ], 
        [
            "13:19:2", 
            "Mishneh Torah, Tithes 13:19", 
            "Halakhah"
        ], 
        [
            "13:1:3", 
            "Mishneh Torah, Tithes 13:1", 
            "Halakhah"
        ], 
        [
            "13:3:3", 
            "Mishneh Torah, Tithes 13:3", 
            "Halakhah"
        ], 
        [
            "13:14:3", 
            "Mishneh Torah, Tithes 13:14", 
            "Halakhah"
        ], 
        [
            "13:19:3", 
            "Mishneh Torah, Tithes 13:19", 
            "Halakhah"
        ]
    ], 
    "text": [], 
    "heTitleVariants": [
        "כסף משנה על משנה תורה, הלכות מעשרות"
    ], 
    "heTitle": "כסף משנה על משנה תורה, הלכות מעשרות", 
    "heRef": "כסף משנה על משנה תורה, הלכות מעשרות י״ג", 
    "toSections": [
        13
    ], 
    "sectionRef": "Kessef Mishneh on Mishneh Torah, Tithes 13", 
    "next": "Kessef Mishneh on Mishneh Torah, Tithes 14:2", 
    "book": "Kessef Mishneh on Mishneh Torah, Tithes", 
    "prev": "Kessef Mishneh on Mishneh Torah, Tithes 12:18", 
    "textDepth": 3, 
    "sectionNames": [
        "Chapter", 
        "Halacha", 
        "Comment"
    ], 
    "sections": [
        13
    ], 
    "isComplex": false, 
    "titleVariants": [
        "Kessef Mishneh on Mishneh Torah, Tithes"
    ], 
    "categories": [
        "Halakhah", 
        "Commentary", 
        "Mishneh Torah", 
        "Sefer Zeraim"
    ], 
    "he": [
        [
            "<b>פירות שחזקתן מן ההפקר כגון השיתין וכו'.</b> משנה פרק קמא דדמאי (משנה א'): \n", 
            "<b>ומ''ש והן שעדיין לא הטילו שאור.</b> שם בירושלמי וכחכמים ופירוש משיטילו שאור כתב רבינו בפירוש המשנה פ''ק דמעשרות משיתרפו ויתנפחו כלחם החמץ כי זה מנהג התמרים בעת הבישול: \n", 
            "<b>ומ''ש אפי' א''ל ע''ה אינם מעושרים וכו'.</b> שם בירושלמי וכרבי יוחנן: \n\n"
        ], 
        [
            "<b>הבכורות והסייפות וכו'.</b> שם בירושלמי. ומה שחילק בין בקעה לגינה שם בתוספתא: \n", 
            "<b>וכן החומץ העשוי מן התמדים</b> גרסינן בדלי''ת והוא שם משנה וירושלמי ומשמע התם דהיינו דוקא במקום שאין החרצנים חשובים ומפקירים אותם או בשלא מצא אלא כדי מדתו: \n\n"
        ], 
        [
            "<b>כשגזרו על הדמאי וכו'.</b> פ''א משנה שם (משנה ג') מכזיב ולהלן פטור מן הדמאי ובירושלמי שם הלכה ג' אמר רבי יוחנן בשעה שגזרו על הדמאי לא גזרו על דברים הללו. \n", 
            "<b>ומ''ש וכזיב עצמה כלחוץ.</b> שם בירושלמי: \n", 
            "<b>וכל הפירות הנמצאות מכזיב ולחוץ וכו':</b> \n\n"
        ], 
        [
            "<b>פירות שידוע שהן מפירות הארץ וכו'.</b> משנה ברפ''ב דדמאי (משנה א') ואלו דברים מתעשרים דמאי בכל מקום הדבילה והתמרים והחרובין האורז והכמון ובירושלמי חיוב המינין האלו על ידי שאין כיוצא בהן בח''ל צרכו חכמים למנותן והא דבילה בבצרה שחיקה היא והא תמרי' באלכסנדריא דקיקין אינון והא חריב בבאירי גידוד הוא והא אורז בחולתא אבתר הוא סימוק הוא והא כמון בקיפרוס עקום הוא. \n", 
            "<b>ומ''ש רבינו מתעשרים דמאי בכל ארץ ישראל ובסוריא</b> כלומר דהיינו פי' בכל מקום דקתני מתניתין אבל בח''ל לא כמ''ש בפ''א מהלכות תרומות שפירות א''י שיצאו חוצה לארץ פטורים: \n\n"
        ], 
        [
            "<b>החמרים שהביאו פירות לצור וכו'.</b> ירושלמי פ''ק דדמאי הלכה ג': \n", 
            "<b>והאורז אין חוששין לו וכו'.</b> משנה רפ''ב דדמאי (מ''א) האורז שבח''ל כל המשתמש ממנו פטור: \n\n"
        ], 
        [
            "<b>הלוקח מבעלי אוצרות בצור וכו'.</b> ירושלמי פ''ק דדמאי: \n", 
            "<b>וכן חמור יחידי וכו'.</b> גם זה ירושלמי שם: \n\n"
        ], 
        [
            "<b>הלוקח מבעלי אוצר בצידון וכו' עד פטור מן הדמאי.</b> גם זה שם בירושלמי: \n\n"
        ], 
        [], 
        [], 
        [], 
        [
            "<b><small>(ח-יא)</small> הלוקח מן העכו''ם וכו' עד עדיין לא הוחזק תגר.</b> ירושלמי בפ''ד דדמאי: \n", 
            "<b>כשגזרו על הדמאי וכו'. עד פטורים מן הדמאי.</b> תוספתא פירקא קמא דדמאי וכחכמים: \n\n"
        ], 
        [], 
        [
            "<b><small>(יב-יג)</small> לא הלכו חכמים בפירות ח''ל וכו'.</b> תוספתא בסוף מעשרות. \n", 
            "<b>ומ''ש רבו בעיר וכו' עד ליושנו.</b> תוספתא פ''ד דדמאי: \n\n"
        ], 
        [
            "<b>ואלו דברים וכו' הלוקח פירות לזריעה וכו'.</b> משנה פ''ק דדמאי (משנה ג') \n", 
            "<b>ומ''ש או למלוגמא או לרטייה או יין לקילור.</b> תוספתא פ''ק. \n", 
            "<b>ומ''ש ותוספת הביכורים.</b> משנה בסוף ביכורים (משנה י'): \n\n"
        ], 
        [
            "<b>הלוקח פירות לאכילה וכו'.</b> פרק קמא דחולין (דף ו') וירושלמי בפרק קמא דדמאי. \n", 
            "<b>ומ''ש לא ימכרם לעכו''ם.</b> תוספתא פרק קמא דדמאי וכב''ה: \n\n"
        ], 
        [
            "<b>שמן שלוקח הסורק וכו' עד חייב בדמאי.</b> משנה בסוף פירקא קמא דדמאי (משנה ד'): \n\n"
        ], 
        [
            "<b>עכו''ם ששאל וכו' עד ואינו חושש.</b> תוספתא פ''ק דדמאי: \n\n"
        ], 
        [
            "<b>הלוקח יין למורייס וכו'.</b> שם בתוספתא ובפרק קמא דחולין בגמרא עלה ו'. \n", 
            "<b>ומ''ש שלא גזרו על תערובת דמאי וכו' עד חייבת בדמאי.</b> בפ''ק דחולין: \n\n"
        ], 
        [
            "<b>כל אלו הפטורים וכו'.</b> חוץ משירי מנחות ירושלמי פרק קמא דדמאי. \n", 
            "<b>ומ''ש אבל אם תיקן את הדמאי בודאי וכו'.</b> תוספתא פרק רביעי דדמאי פלוגתא דתנאי ופסק כרבי עקיבא: \n", 
            "<b>וכתב</b> הראב''ד א''א תמה אני וכו'. נראה מדבריו שהוא גורס בדברי רבינו אם תיקן את הדמאי בודאי בבי''ת וכן היה גורס או שתיקן את הודאי בדמאי בבי''ת ומפני כך הוקשה לו ולי נראה שאין לגרוס אלא הודאי כדמאי בכ''ף וה''ק שאם תיקן הדמאי כמו שמתקנים הודאי שמפרישין ממנו תרומה גדולה או שתיקן הודאי כמו שמתקנים הדמאי שאין מפרישין ממנו תרומה גדולה לא עשה כלום וטעמא דרישא דסתם ע''ה מפרישין תרומה גדולה ונמצא שתרומה גדולה שהפריש אינה כלום וטעמא דסיפא פשוט מפני שלא הפריש תרומה גדולה זהו פירוש הירושלמי והתוספתא לדעת רבינו והשתא אין משנתנו ענין לירושלמי ולא לתוספתא ויש לתמוה על הראב''ד איך עלה בדעתו שדברי רבינו כאן הם דין המשנה שהרי דין משנתנו כתבו רבינו בפ''ה מהלכות תרומות ככתב המשנה וכלשונה. ועל מאי דסבר הראב''ד שפירוש התוספתא הוא כדין המשנה קשה איך עלה בדעתו ששני תנאים החולקים בתוספתא הם דלא כמתניתין דאי מתניתין היא סברא שלישית היאך לא נזכרה אותה סברא בתוספתא וע''ק שכתב ולפי התוספתא הלכה כרבי יוסי והא קיימא לן כרבי עקיבא מחבירו ואין לומר דכיון דמשמיה דרבי יצחק קאמר לה הוה ליה תרי דכיון דלא אמרה אלא משמיה כחד חשיבי וע''ק אמאי פסק כרבי יוסי דברייתא ושבק סתם מתניתין והא קיימא לן סתם במתניתין ומחלוקת בברייתא הלכה כסתם וע''ק שאם פירוש התוספתא דמאי שתקנו על הודאי ודאי שתקנו על דמאי כמו שפי' הראב''ד קשה לר''ע דמאי שתקנו על הודאי אמאי לא עשה כלום דאין לומר דטעמא משום דהוי מן הפטור על החיוב דהא איכא למיחש שמא לא הופרש ממנו והוה ליה מן החייב על החייב וכיוצא בזה יקשה בין לרבי עקיבא בין לרבי יוסי בודאי שתקנו על הדמאי אמאי לא עשה כלום וכן קשה לרבי יוסי בדמאי שתקנו על הודאי שנתן טעם למה אין תרומתו תרומה לפי שאין תרומה אחר תרומה ולא ה''ל ליתן טעם אלא משום דסתם עמי הארץ מפרישין תרומה גדולה הוה ליה מן הפטור על החיוב הילכך פירוש רבינו נראה לע''ד שהוא עיקר: \n\n"
        ], 
        [
            "<b>כל העיר מוכרים ודאי וכו'.</b> תוספתא פרק ד' דדמאי: \n\n"
        ]
    ], 
    "ref": "Kessef Mishneh on Mishneh Torah, Tithes 13", 
    "type": "Halakhah", 
    "addressTypes": [
        "Integer", 
        "Integer", 
        "Integer"
    ], 
    "indexTitle": "Kessef Mishneh on Mishneh Torah, Tithes", 
    "heIndexTitle": "כסף משנה על משנה תורה, הלכות מעשרות", 
    "alts": [], 
    "order": ""
}]