[{
    "links": [
        [
            "2:2:1", 
            "Mishneh Torah, Tithes 2:2", 
            "Halakhah"
        ], 
        [
            "2:4:1", 
            "Mishneh Torah, Tithes 2:4", 
            "Halakhah"
        ], 
        [
            "2:5:1", 
            "Mishneh Torah, Tithes 2:5", 
            "Halakhah"
        ], 
        [
            "2:6:1", 
            "Mishneh Torah, Tithes 2:6", 
            "Halakhah"
        ], 
        [
            "2:7:1", 
            "Mishneh Torah, Tithes 2:7", 
            "Halakhah"
        ], 
        [
            "2:8:1", 
            "Mishneh Torah, Tithes 2:8", 
            "Halakhah"
        ], 
        [
            "2:2:2", 
            "Mishneh Torah, Tithes 2:2", 
            "Halakhah"
        ], 
        [
            "2:5:2", 
            "Mishneh Torah, Tithes 2:5", 
            "Halakhah"
        ], 
        [
            "2:7:2", 
            "Mishneh Torah, Tithes 2:7", 
            "Halakhah"
        ], 
        [
            "2:5:3", 
            "Mishneh Torah, Tithes 2:5", 
            "Halakhah"
        ], 
        [
            "2:5:4", 
            "Mishneh Torah, Tithes 2:5", 
            "Halakhah"
        ], 
        [
            "2:5:5", 
            "Mishneh Torah, Tithes 2:5", 
            "Halakhah"
        ], 
        [
            "2:5:6", 
            "Mishneh Torah, Tithes 2:5", 
            "Halakhah"
        ], 
        [
            "2:5:7", 
            "Mishneh Torah, Tithes 2:5", 
            "Halakhah"
        ], 
        [
            "2:5:8", 
            "Mishneh Torah, Tithes 2:5", 
            "Halakhah"
        ], 
        [
            "2:5:9", 
            "Mishneh Torah, Tithes 2:5", 
            "Halakhah"
        ], 
        [
            "2:5:10", 
            "Mishneh Torah, Tithes 2:5", 
            "Halakhah"
        ], 
        [
            "2:5:11", 
            "Mishneh Torah, Tithes 2:5", 
            "Halakhah"
        ]
    ], 
    "text": [], 
    "heTitleVariants": [
        "כסף משנה על משנה תורה, הלכות מעשרות"
    ], 
    "heTitle": "כסף משנה על משנה תורה, הלכות מעשרות", 
    "heRef": "כסף משנה על משנה תורה, הלכות מעשרות ב׳", 
    "toSections": [
        2
    ], 
    "sectionRef": "Kessef Mishneh on Mishneh Torah, Tithes 2", 
    "next": "Kessef Mishneh on Mishneh Torah, Tithes 3:1", 
    "book": "Kessef Mishneh on Mishneh Torah, Tithes", 
    "prev": "Kessef Mishneh on Mishneh Torah, Tithes 1:16", 
    "textDepth": 3, 
    "sectionNames": [
        "Chapter", 
        "Halacha", 
        "Comment"
    ], 
    "sections": [
        2
    ], 
    "isComplex": false, 
    "titleVariants": [
        "Kessef Mishneh on Mishneh Torah, Tithes"
    ], 
    "categories": [
        "Halakhah", 
        "Commentary", 
        "Mishneh Torah", 
        "Sefer Zeraim"
    ], 
    "he": [
        [], 
        [
            "<b><small>(א-ב)</small> אינו חייב להפריש מן התורה אלא הגומר פירותיו וכו' אבל הגומר למכרן פטור וכו' וכן הלוקח פטור וכו'. וחייב מדבריהם.</b> בפרק הפועלים עלה פ''ח. \n", 
            "<b>ומ''ש בד''א בשלקחן אחר שנגמרו וכו': כתב</b> הראב''ד א''א אינו כן את תבואת זרעך וכו'. טעמו לומר שכשם דעשר תעשר מיירי אם אותו שנגמר בידו כך כשמיעט לוקח מיירי בשנגמר בידו של לוקח שהוא שהיה לו לעשר אי לאו דמיעטיה קרא ולדעת רבינו י''ל דאיכא למימר איפכא דה''ק עשר תעשר כשבא לעונת המעשרות בידך אז אתה חייב לעשר ולא לוקח אבל בשלא יגמר בידך אלא ביד לוקח לא נתמעט לוקח ובלאו הכי י''ל דסבר רבינו דכיון דסברא הוא שאם נגמרה מלאכתו ביד לוקח חייב מאחר שגמר מלאכה קובע למעשר ממילא נוקים קרא דפטור ללוקח משנגמרה מלאכתו דוקא. ומ''ש והרי הפקר פטור ואפילו נתמרח משזכה בו איכא למימר שאני הפקר שאין בו שום חיוב כדיליף מקרא. ומ''ש ש''מ בשדה חייבים מדרבנן איכא למימר דבשדה נמי פטורים אפילו מדרבנן ובעיר דנקט לרבותא. ומ''ש ושמעתא דהפועלים ק''ל יש לומר שהתוספות כתבו שם דר''ת סובר מהכרח השמועות דכי אמרינן תבואת זרעך ולא לוקח ה''מ בלוקח אחר מירוח אבל לוקח קודם מירוח תבואת זרעך קרינן ביה. וריב''ם סובר איפכא שעדיין לא נתחייב ברשות מוכר אבל לוקח ממורח הואיל ונתחייב ברשות מוכר תו לא פקע טבל מיניה והשתא סברת רבינו כפירוש ר''ת ודעת הראב''ד נראה דאף כריב''ם לא אתי' שפשט דברי הראב''ד שלוקח בין קודם שנמרח בין אחר שנמרח פטור: \n\n"
        ], 
        [], 
        [
            "<b><small>(ג-ד)</small> פירות שאינן ראויים לאכילה מקטנן וכו' עד הרי אלו חייבים במעשר בקוטנן.</b> משנה בריש מעשרות (משנה א'): \n\n"
        ], 
        [
            "<b>אי זו היא עונת המעשרות וכו'.</b> בירושלמי פ''ק (הלכה ב') דרשו תבואת זרעך דבר שהוא נזרע ומצמיח יצא פחות משליש וכו' ובמשנה התלתן משתצמיח אמר רב משתצמיח לזרעים שאם יתלשו וזורעים אותו ראוי להצמיח: \n", 
            "<b>כיצד התאנים משיעשו רכים וכו'.</b> בפ''ק דמעשרות (משנה ב') תנן התאנים משיבחילו. \n", 
            "<b>ומ''ש עד שיהיו ראויים לאכילה אחר כ''ד שעות וכו'.</b> ירושלמי שם: \n", 
            "<b>הענבים והבאושים וכו' עד משיטילו גידים אדומים.</b> שם במשנה: \n", 
            "<b>ומ''ש האגוזים משיתפרש האוכל וכו'.</b> שם במשנה האגוזים משיעשו מגורה רבי יהודה אומר האגוזים והשקדים משיעשו קליפה ופירש רבינו בפירוש המשנה משיעשו מגורה עניינו משיבדל האוכל מהקליפה החיצונה ויהיה האוכל כאילו הוא במגורה והוא האוצר, ועל משיעשו קליפה פירש ר''ל הקליפה הפנימית שהיא סמוכה לאוכל כי זו אינה מובדלת אלא לאחר גמר בישולם וכן אמרו בירושלמי (הלכה ב') בקליפה התחתונה שהיא סמוכה לאוכל ומפשטא דמתניתין משמע דלא פליג ת''ק אר' יהודה אלא באגוזים אבל בשקדים מודו ליה אבל ממה שאמרו בירושלמי מודים חכמים לר' יהודה באלצרין ובאפוסטיקין ובאצטרובלין משיעשו קליפה משמע דדוקא בהני מודו אבל לא בשקדים ובתוספתא קתני בהדיא האגוזים והשקדים משיעשו קליפה ובין כך ובין כך דברי רבינו אינם נוחים לי דנראה ודאי שאינו מפרש דת''ק משוה שקדים לאגוזין דא''כ לערבינהו וליתנינהו ועוד דמפליג בינייהו דאגוזים משיתפרש האוכל מהקליפה החיצונה ושקדים המתוקים משתתפרש קליפתן החיצונה ואם נאמר דמפליג בינייהו וסובר דמודה ת''ק לר''י בשקדים קשה דהל''ל משיעשו קליפה התחתונה הסמוכה לאוכל כמו שאמרו בירושלמי וכמ''ש הוא עצמו גבי אצטרובלין וכו' ונ''ל שרבי' סובר דת''ק פליג ארבי יהודה בשקדים וסבר דשקדים מתוקים משתפרוש קליפתן החיצונה כמו שאמרו בירושלמי ושנינו בתוספתא ואמרי' בירושלמי שהורה כן רבי חנינא: \n", 
            "<b>ומ''ש המרים פטורים לעולם.</b> בפ''ק דחולין (דף כ''ה:) ת''ר שקדים המרים קטנים חייבים גדולים פטורים מתוקים גדולים חייבים קטנים פטורים ר' ישמעאל בר' יוסי אומר משום אביו זה וזה לפטור ואמרי לה זה וזה לחיוב א''ר אלעא הורה ר' חנינא בצפורי כדברי האומר זה וזה לפטור וכבר נתבאר בפ''א: \n", 
            "<b>הזיתים משיעשו שמן וכו'.</b> בפ''ד דשביעית (משנה ט') שנינו זיתים הכניסו שליש כותש בשדה וכונס לתוך ביתו וכן כיוצא בהם בשאר שני שבוע חייבים במעשרות ובירושלמי (הלכה ז') מהו שליש לוג מתניתא שהן עושים ג' לוגין לסאה ורבינו נראה שגורס מהו שליש שליש לוג והראב''ד גורס כגירסת ספרינו ולפיכך כתב א''א ספרו הטעהו וכו'. וגירסת רבינו מחוורת דלגירסת הראב''ד קשה מה משמיענו הירושלמי לפי מקומות הרעים כיון דלמקומות היפים הוי טפי הוה ליה למישתק ושפיר הוה משתמע ממתניתין: \n", 
            "<b>התפוחים והאתרוגים משיתעגלו מפני וכו'.</b> במשנה פ''ק דמעשרות (משנה ד') תנן התפוחים ואתרוגים חייבים גדולים וקטנים ומשמע דקטנים דקתני היינו משיתעגלו דקודם לכן אין ניכרים שהם תפוחים וצ''ע מניין לו ומצאתי בירושלמי פ''ק דמעשרות (הלכה ג') נהוראי בר שיליא אמר משום ר''ש תפוחים קטנים פטורים [תפוחים גדולים חייבים] תפוחי מילי מילה בין גדולים ובין קטנים חייבים ודא מתניתא מהו מ''ד קטנים במחלוקת מ''ד מילי מילה ד''ה עכ''ל: \n", 
            "<b>התותים והאוג משיאדימו וכו' עד חייבים בקטנן כמו שביארנו.</b> משנה בפ''ק דמעשרות. \n", 
            "<b>ומ''ש ושאר הירק וכו'.</b> זה ממה ששנינו שם (מ''א) כל שאין תחלתו אוכל אבל סופו אוכל אינו חייב עד שיעשה אוכל: \n", 
            "<b>אשכול שהגיע בו אפילו גרגיר יחידי וכו' עד אפילו פרידה אחת כולה חיבור.</b> ירושלמי שם. ומשמע התם דהא דאמרי' כל הרוח קאי גם לרמון וכך צריך לפרש דברי רבינו דוכן רמון שכתב קאי לכל מה שהוא באשכול: \n\n"
        ], 
        [
            "<b>לא ימכור אדם פירותיו וכו'. עד חייבת במעשר.</b> משנה פרק בתרא דמעשרות (משנה ג'): \n\n"
        ], 
        [
            "<b>שמרי יין שנתן עליהם מים וכו'.</b> משנה ו' פירקא בתרא דמעשרות ובגמרא בפ' המוכר פירות עלה צ''ו. \n", 
            "<b>ומה שכתב ואינו מפריש עליו תרומה וכו'.</b> ירושלמי פירקא בתרא דמעשרות: \n\n"
        ], 
        [
            "<b>המקדיש פירותיו וכו'.</b> משנה פ''ד דפאה (מ''ח) ופ''ג דחלה משנה ד': \n\n"
        ]
    ], 
    "ref": "Kessef Mishneh on Mishneh Torah, Tithes 2", 
    "type": "Halakhah", 
    "addressTypes": [
        "Integer", 
        "Integer", 
        "Integer"
    ], 
    "indexTitle": "Kessef Mishneh on Mishneh Torah, Tithes", 
    "heIndexTitle": "כסף משנה על משנה תורה, הלכות מעשרות", 
    "alts": [], 
    "order": ""
}]