{
    "sections": {
        "Bartenura on Mishnah Oholot 5:6": {
            "content": [
                {
                    "segmentNumber": "1", 
                    "links": [
                        {
                            "category": "Mishnah", 
                            "index_title": "Mishnah Oholot", 
                            "sourceHeRef": "משנה אהלות ה׳:ו׳", 
                            "sourceRef": "Mishnah Oholot 5:6"
                        }
                    ], 
                    "he": "<b>הבור והדות שבבית</b> והמת בבית וכלים בבור ובדות, ויש גובה מחיצות סביבותיהן. בור ודות שניהן בקרקע אלא שבור בחפירה ודות בבנין:"
                }, 
                {
                    "segmentNumber": "2", 
                    "links": [
                        {
                            "category": "Mishnah", 
                            "index_title": "Mishnah Oholot", 
                            "sourceHeRef": "משנה אהלות ה׳:ו׳", 
                            "sourceRef": "Mishnah Oholot 5:6"
                        }
                    ], 
                    "he": "<b> וכפישה</b> סל גדול שכובשים בו הזיתים לכומרן והוא מחזיק ארבעים סאה או יותר. ואינו מקבל טומאה ונתונה על פי הבור והדות:"
                }, 
                {
                    "segmentNumber": "3", 
                    "links": [
                        {
                            "category": "Mishnah", 
                            "index_title": "Mishnah Oholot", 
                            "sourceHeRef": "משנה אהלות ה׳:ו׳", 
                            "sourceRef": "Mishnah Oholot 5:6"
                        }
                    ], 
                    "he": "<b> טהור</b> כל מה שבתוכן הואיל ויש שם מחיצות:"
                }, 
                {
                    "segmentNumber": "4", 
                    "links": [
                        {
                            "category": "Mishnah", 
                            "index_title": "Mishnah Oholot", 
                            "sourceHeRef": "משנה אהלות ה׳:ו׳", 
                            "sourceRef": "Mishnah Oholot 5:6"
                        }
                    ], 
                    "he": "<b> באר חלקה</b> שפי הבאר שוה לקרקע הבית ואין לו מחיצה סביב, דהשתא ליכא דפנות:"
                }, 
                {
                    "segmentNumber": "5", 
                    "links": [
                        {
                            "category": "Mishnah", 
                            "index_title": "Mishnah Oholot", 
                            "sourceHeRef": "משנה אהלות ה׳:ו׳", 
                            "sourceRef": "Mishnah Oholot 5:6"
                        }, 
                        {
                            "category": "Commentary", 
                            "index_title": "Ikar Tosafot Yom Tov on Mishnah Oholot", 
                            "sourceHeRef": "עיקר תוספות יום טוב על משנה אהלות ה׳:ו׳:ב׳", 
                            "sourceRef": "Ikar Tosafot Yom Tov on Mishnah Oholot 5:6:2"
                        }
                    ], 
                    "he": "<b> או כוורת פחותה</b> כגון כוורת גדולה שמחזקת ארבעים סאה, שאינה מקבלת טומאה. ופחותה, שאינה פקוקה בקש :"
                }, 
                {
                    "segmentNumber": "6", 
                    "links": [
                        {
                            "category": "Mishnah", 
                            "index_title": "Mishnah Oholot", 
                            "sourceHeRef": "משנה אהלות ה׳:ו׳", 
                            "sourceRef": "Mishnah Oholot 5:6"
                        }
                    ], 
                    "he": "<b> וכפישה נתונה עליה</b> על פי הבור או על פי הכוורת:"
                }, 
                {
                    "segmentNumber": "7", 
                    "links": [
                        {
                            "category": "Mishnah", 
                            "index_title": "Mishnah Oholot", 
                            "sourceHeRef": "משנה אהלות ה׳:ו׳", 
                            "sourceRef": "Mishnah Oholot 5:6"
                        }
                    ], 
                    "he": "<b> טמא</b> דאין מצילים אלא עם דפנות אוהלים, ובבאר אין דפנות, ודפנות הכוורת לאו דפנות אוהלים הן:"
                }, 
                {
                    "segmentNumber": "8", 
                    "links": [
                        {
                            "category": "Mishnah", 
                            "index_title": "Mishnah Oholot", 
                            "sourceHeRef": "משנה אהלות ה׳:ו׳", 
                            "sourceRef": "Mishnah Oholot 5:6"
                        }
                    ], 
                    "he": "<b> היה נסר חלק</b> דאין זה כלי:"
                }, 
                {
                    "segmentNumber": "9", 
                    "links": [
                        {
                            "category": "Mishnah", 
                            "index_title": "Mishnah Oholot", 
                            "sourceHeRef": "משנה אהלות ה׳:ו׳", 
                            "sourceRef": "Mishnah Oholot 5:6"
                        }
                    ], 
                    "he": "<b> או סרידה שאין לה גפיים</b> שאין לה מחיצות, דלא חשיבא כלי:"
                }, 
                {
                    "segmentNumber": "10", 
                    "links": [
                        {
                            "category": "Mishnah", 
                            "index_title": "Mishnah Oholot", 
                            "sourceHeRef": "משנה אהלות ה׳:ו׳", 
                            "sourceRef": "Mishnah Oholot 5:6"
                        }, 
                        {
                            "category": "Commentary", 
                            "index_title": "Ikar Tosafot Yom Tov on Mishnah Oholot", 
                            "sourceHeRef": "עיקר תוספות יום טוב על משנה אהלות ה׳:ו׳:ג׳", 
                            "sourceRef": "Ikar Tosafot Yom Tov on Mishnah Oholot 5:6:3"
                        }
                    ], 
                    "he": "<b> טהור</b> אם נתונים על באר חלקה או על גבי כוורת פחותה , מצילים וטהור, דדוקא כפישה שהיא כלי אינה מצלת אלא עם דפנות אוהלים, אבל נסר וסרידה שאין לה גפיים, דלאו כלים נינהו, מצילים בלא דפנות אוהלים. סרידה, כמין עריבה קטנה של עץ שהנחתום משתמש בה. גפיים, אוגניים ואוזניים:"
                }, 
                {
                    "segmentNumber": "11", 
                    "links": [
                        {
                            "category": "Mishnah", 
                            "index_title": "Mishnah Oholot", 
                            "sourceHeRef": "משנה אהלות ה׳:ו׳", 
                            "sourceRef": "Mishnah Oholot 5:6"
                        }, 
                        {
                            "category": "Commentary", 
                            "index_title": "Ikar Tosafot Yom Tov on Mishnah Oholot", 
                            "sourceHeRef": "עיקר תוספות יום טוב על משנה אהלות ה׳:ו׳:ה׳", 
                            "sourceRef": "Ikar Tosafot Yom Tov on Mishnah Oholot 5:6:5"
                        }, 
                        {
                            "category": "Commentary", 
                            "index_title": "Ikar Tosafot Yom Tov on Mishnah Oholot", 
                            "sourceHeRef": "עיקר תוספות יום טוב על משנה אהלות ה׳:ו׳:ז׳", 
                            "sourceRef": "Ikar Tosafot Yom Tov on Mishnah Oholot 5:6:7"
                        }
                    ], 
                    "he": "<b> חצי טפח מכאן וחצי טפח מכאן</b> הא דאין כלי מציל בבאר חלקה היינו בכלי שאין לו דפנות טפח , אבל אם יש לכלי דפנות טפח מציל על הבור אע''פ שאין דפנותיו בולטים כלל, והשתא קאמר דחצי טפח דכלי וחצי טפח דדופני הבור אין מצטרפים. וכפישה דאמרן לעיל שאם היא נתונה על באר חלקה אינה מצלת מיירי שאין בה דפנות טפח :\n\n"
                }
            ], 
            "heTitle": "ברטנורא על משנה אהלות", 
            "indexTitle": "Bartenura on Mishnah Oholot", 
            "sectionRef": "Bartenura on Mishnah Oholot 5:6", 
            "prev": "Bartenura on Mishnah Oholot 5:5", 
            "ref": "Bartenura on Mishnah Oholot 5:6", 
            "heRef": "ברטנורא על משנה אהלות ה׳:ו׳", 
            "next": "Bartenura on Mishnah Oholot 5:7"
        }, 
        "Bartenura on Mishnah Oholot 5:7": {
            "content": [
                {
                    "segmentNumber": "1", 
                    "links": [
                        {
                            "category": "Mishnah", 
                            "index_title": "Mishnah Oholot", 
                            "sourceHeRef": "משנה אהלות ה׳:ז׳", 
                            "sourceRef": "Mishnah Oholot 5:7"
                        }
                    ], 
                    "he": "<b>כשם שמצילים מבפנים</b> עם דפנות אוהלים כך מצילים מבחוץ עם דפנות אוהלים כדמפרש ואזיל:"
                }, 
                {
                    "segmentNumber": "2", 
                    "links": [
                        {
                            "category": "Mishnah", 
                            "index_title": "Mishnah Oholot", 
                            "sourceHeRef": "משנה אהלות ה׳:ז׳", 
                            "sourceRef": "Mishnah Oholot 5:7"
                        }, 
                        {
                            "category": "Commentary", 
                            "index_title": "Ikar Tosafot Yom Tov on Mishnah Oholot", 
                            "sourceHeRef": "עיקר תוספות יום טוב על משנה אהלות ה׳:ז׳:ב׳", 
                            "sourceRef": "Ikar Tosafot Yom Tov on Mishnah Oholot 5:7:2"
                        }, 
                        {
                            "category": "Commentary", 
                            "index_title": "Ikar Tosafot Yom Tov on Mishnah Oholot", 
                            "sourceHeRef": "עיקר תוספות יום טוב על משנה אהלות ה׳:ז׳:ג׳", 
                            "sourceRef": "Ikar Tosafot Yom Tov on Mishnah Oholot 5:7:3"
                        }
                    ], 
                    "he": "<b> על יתדות מבחוץ</b> סמוך לכותל שלא תהא משוכה מן הכותל [טפח]  ואז חשובה אוהל להפסיק בין טומאה שתחתיה לכלים שעל גבה . ודוקא בכותל בית שנעשה כותל זה לאוהל נחשבת הכפישה גם היא אוהל להפסיק, אבל בכותל חצר וגינה שלא נעשה לאוהל לא תיחשב הכפישה אוהל להפסיק:"
                }, 
                {
                    "segmentNumber": "3", 
                    "links": [
                        {
                            "category": "Mishnah", 
                            "index_title": "Mishnah Oholot", 
                            "sourceHeRef": "משנה אהלות ה׳:ז׳", 
                            "sourceRef": "Mishnah Oholot 5:7"
                        }
                    ], 
                    "he": "<b> וקדירה תלויה בה</b> (מוכח בתוספתא שאם שפתי הקדירה משוכים) משפת הקורה ולחוץ בפותח טפח כולי עלמא לא פליגי דאינה מצלת, וכלים שבקדירה טמאים, ואי פי הקדירה מודבק בקורה, כולי עלמא לא פליגי דמצלת וטהורים. כי פליגי היכא דמשוכה מן הקורה וליכא פותח טפח. ר' עקיבא אומר מצלת וטהורים, וחכמים אומרים אינה מצלת וטמאים. והלכה כחכמים:"
                }
            ], 
            "heTitle": "ברטנורא על משנה אהלות", 
            "indexTitle": "Bartenura on Mishnah Oholot", 
            "sectionRef": "Bartenura on Mishnah Oholot 5:7", 
            "prev": "Bartenura on Mishnah Oholot 5:6", 
            "ref": "Bartenura on Mishnah Oholot 5:7", 
            "heRef": "ברטנורא על משנה אהלות ה׳:ז׳", 
            "next": "Bartenura on Mishnah Oholot 6:1"
        }, 
        "Bartenura on Mishnah Oholot 5:4": {
            "content": [
                {
                    "segmentNumber": "1", 
                    "links": [
                        {
                            "category": "Mishnah", 
                            "index_title": "Mishnah Oholot", 
                            "sourceHeRef": "משנה אהלות ה׳:ד׳", 
                            "sourceRef": "Mishnah Oholot 5:4"
                        }
                    ], 
                    "he": "<b>לגין</b> של עץ או של מתכת שמונח בעליה זו שהקדירה מונחת על פי ארובה שלה:"
                }, 
                {
                    "segmentNumber": "2", 
                    "links": [
                        {
                            "category": "Mishnah", 
                            "index_title": "Mishnah Oholot", 
                            "sourceHeRef": "משנה אהלות ה׳:ד׳", 
                            "sourceRef": "Mishnah Oholot 5:4"
                        }
                    ], 
                    "he": "<b> הלגין טמא טומאת</b> שבעה. שאין הקדירה מצלת על כלי עץ וכלי מתכות כדאמרן:"
                }, 
                {
                    "segmentNumber": "3", 
                    "links": [
                        {
                            "category": "Mishnah", 
                            "index_title": "Mishnah Oholot", 
                            "sourceHeRef": "משנה אהלות ה׳:ד׳", 
                            "sourceRef": "Mishnah Oholot 5:4"
                        }
                    ], 
                    "he": "<b> והמשקים טהורים</b> שהקדירה מצלת על אוכלים ומשקים:"
                }, 
                {
                    "segmentNumber": "4", 
                    "links": [
                        {
                            "category": "Mishnah", 
                            "index_title": "Mishnah Oholot", 
                            "sourceHeRef": "משנה אהלות ה׳:ד׳", 
                            "sourceRef": "Mishnah Oholot 5:4"
                        }
                    ], 
                    "he": "<b> ואם פינה</b> המשקים הללו לכלי אחר שבאותה עליה, הכלי האחר מטמאן, שכל הכלים שבעליה טמאים, חוץ מכלי חרס. אבל הכלי הראשון שהיו המשקין בתוכו אינו מטמאן אע''פ שהוא טמא טומאת שבעה, שאם אמרת כן, א''כ אין הקדירה שבארובה מצלת על המשקין לעולם, ואנן אמרינן שהיא מצלת על אוכלין ומשקין:"
                }, 
                {
                    "segmentNumber": "5", 
                    "links": [
                        {
                            "category": "Mishnah", 
                            "index_title": "Mishnah Oholot", 
                            "sourceHeRef": "משנה אהלות ה׳:ד׳", 
                            "sourceRef": "Mishnah Oholot 5:4"
                        }
                    ], 
                    "he": "<b> האשה והעריבה טמאים</b> שאין הקדירה של חרס מצלת עליהן:"
                }, 
                {
                    "segmentNumber": "6", 
                    "links": [
                        {
                            "category": "Mishnah", 
                            "index_title": "Mishnah Oholot", 
                            "sourceHeRef": "משנה אהלות ה׳:ד׳", 
                            "sourceRef": "Mishnah Oholot 5:4"
                        }
                    ], 
                    "he": "<b> והבצק טהור</b> שהקדירה מצלת על האוכלים. ודוקא כל זמן שלא פירשה ממנה, אבל אם הגביהה שתי ידיה ממנה וחזרה ולשה, הרי זו מטמאה את הבצק:\n\n"
                }
            ], 
            "heTitle": "ברטנורא על משנה אהלות", 
            "indexTitle": "Bartenura on Mishnah Oholot", 
            "sectionRef": "Bartenura on Mishnah Oholot 5:4", 
            "prev": "Bartenura on Mishnah Oholot 5:3", 
            "ref": "Bartenura on Mishnah Oholot 5:4", 
            "heRef": "ברטנורא על משנה אהלות ה׳:ד׳", 
            "next": "Bartenura on Mishnah Oholot 5:5"
        }, 
        "Bartenura on Mishnah Oholot 5:5": {
            "content": [
                {
                    "segmentNumber": "1", 
                    "links": [
                        {
                            "category": "Mishnah", 
                            "index_title": "Mishnah Oholot", 
                            "sourceHeRef": "משנה אהלות ה׳:ה׳", 
                            "sourceRef": "Mishnah Oholot 5:5"
                        }
                    ], 
                    "he": "<b>כלי גללים</b> של צפיעי בקר:"
                }, 
                {
                    "segmentNumber": "2", 
                    "links": [
                        {
                            "category": "Mishnah", 
                            "index_title": "Mishnah Oholot", 
                            "sourceHeRef": "משנה אהלות ה׳:ה׳", 
                            "sourceRef": "Mishnah Oholot 5:5"
                        }
                    ], 
                    "he": "<b> כלי אבנים וכלי אדמה</b> כל הנך כלים, אפילו ביד עם הארץ טהורים. ואם מונחים על פי ארובה, מצילין על הכל אפילו על כלי שטף:"
                }, 
                {
                    "segmentNumber": "3", 
                    "links": [
                        {
                            "category": "Mishnah", 
                            "index_title": "Mishnah Oholot", 
                            "sourceHeRef": "משנה אהלות ה׳:ה׳", 
                            "sourceRef": "Mishnah Oholot 5:5"
                        }, 
                        {
                            "category": "Commentary", 
                            "index_title": "Ikar Tosafot Yom Tov on Mishnah Oholot", 
                            "sourceHeRef": "עיקר תוספות יום טוב על משנה אהלות ה׳:ה׳:א׳", 
                            "sourceRef": "Ikar Tosafot Yom Tov on Mishnah Oholot 5:5:1"
                        }, 
                        {
                            "category": "Tanakh", 
                            "index_title": "Numbers", 
                            "sourceHeRef": "במדבר י״ט", 
                            "sourceRef": "Numbers 19"
                        }
                    ], 
                    "he": "<b> היה כלי טהור, לקודש ולחטאת</b> דהמנינהו רבנן לעמי הארצות על הקודש, כדי שלא יהא כל אחד הולך ובונה במה לעצמו, הלכך הכלי הטהור לקודש מציל על הכל אפילו לבית שמאי. וכן הן נאמנין על החטאת של אפר פרה, דכתיב (במדבר י''ט) והיתה לעדת בני ישראל למשמרת , הכל נאמנים על שמירתה:"
                }, 
                {
                    "segmentNumber": "4", 
                    "links": [
                        {
                            "category": "Mishnah", 
                            "index_title": "Mishnah Oholot", 
                            "sourceHeRef": "משנה אהלות ה׳:ה׳", 
                            "sourceRef": "Mishnah Oholot 5:5"
                        }, 
                        {
                            "category": "Commentary", 
                            "index_title": "Ikar Tosafot Yom Tov on Mishnah Oholot", 
                            "sourceHeRef": "עיקר תוספות יום טוב על משנה אהלות ה׳:ה׳:ג׳", 
                            "sourceRef": "Ikar Tosafot Yom Tov on Mishnah Oholot 5:5:3"
                        }
                    ], 
                    "he": "<b> מפני שהכלים טהורים</b> כגון כלי גללים וכלי אבנים וכלי אדמה שהן טהורים מלקבל טומאה. וכן כלי חרס שהן טהורין כשהן לקדש ולחטאת . אע''פ שהן של עם הארץ, נאמן, שעם הארץ נאמן לקודש ולחטאת כדאמרן. כל אלו מצילין עם דפנות אוהלים, כלומר חוצצין בפני הטומאה כשהם מונחים במקום שיש דפנות לאוהלים, והאי ארובה שבין בית לעליה כדפנות אהלים חשיבא. אבל במקום שאין דפנות, אין מצילים, כדמפרש ואזיל:\n\n"
                }
            ], 
            "heTitle": "ברטנורא על משנה אהלות", 
            "indexTitle": "Bartenura on Mishnah Oholot", 
            "sectionRef": "Bartenura on Mishnah Oholot 5:5", 
            "prev": "Bartenura on Mishnah Oholot 5:4", 
            "ref": "Bartenura on Mishnah Oholot 5:5", 
            "heRef": "ברטנורא על משנה אהלות ה׳:ה׳", 
            "next": "Bartenura on Mishnah Oholot 5:6"
        }, 
        "Bartenura on Mishnah Oholot 5:2": {
            "content": [
                {
                    "segmentNumber": "1", 
                    "links": [
                        {
                            "category": "Mishnah", 
                            "index_title": "Mishnah Oholot", 
                            "sourceHeRef": "משנה אהלות ה׳:ב׳", 
                            "sourceRef": "Mishnah Oholot 5:2"
                        }
                    ], 
                    "he": "<b>ארובה</b> כמין חלון שבגג הבית שהוא קרקעית העליה:"
                }, 
                {
                    "segmentNumber": "2", 
                    "links": [
                        {
                            "category": "Mishnah", 
                            "index_title": "Mishnah Oholot", 
                            "sourceHeRef": "משנה אהלות ה׳:ב׳", 
                            "sourceRef": "Mishnah Oholot 5:2"
                        }
                    ], 
                    "he": "<b> בכונמ משקה</b> כשמשימים הכלי על המשקים נכנסים המשקין לתוכו דרך אותו הנקב:"
                }, 
                {
                    "segmentNumber": "3", 
                    "links": [
                        {
                            "category": "Mishnah", 
                            "index_title": "Mishnah Oholot", 
                            "sourceHeRef": "משנה אהלות ה׳:ב׳", 
                            "sourceRef": "Mishnah Oholot 5:2"
                        }
                    ], 
                    "he": "<b> הכל טמא</b> אם יש טומאה בבית, הקדירה וכל מה שבעליה טמא. שאין הקדרה מצלת, וטומאה עולה דרך ארובה שיש לה פותח טפח:"
                }, 
                {
                    "segmentNumber": "4", 
                    "links": [
                        {
                            "category": "Mishnah", 
                            "index_title": "Mishnah Oholot", 
                            "sourceHeRef": "משנה אהלות ה׳:ב׳", 
                            "sourceRef": "Mishnah Oholot 5:2"
                        }
                    ], 
                    "he": "<b> ובית הלל אומרים הקדירה טמאה</b> חומרא בעלמא היא שמחמירין בית הלל לטמא את הקדירה, דכר' עקיבא סבירא להו שהקדירה מצלת על הטומאה, וכגון שגב הקדירה פונה למטה אצל הטומאה, שאין כלי חרס מקבל טומאה מגבו. והלכה כבית הלל:\n\n"
                }
            ], 
            "heTitle": "ברטנורא על משנה אהלות", 
            "indexTitle": "Bartenura on Mishnah Oholot", 
            "sectionRef": "Bartenura on Mishnah Oholot 5:2", 
            "prev": "Bartenura on Mishnah Oholot 5:1", 
            "ref": "Bartenura on Mishnah Oholot 5:2", 
            "heRef": "ברטנורא על משנה אהלות ה׳:ב׳", 
            "next": "Bartenura on Mishnah Oholot 5:3"
        }, 
        "Bartenura on Mishnah Oholot 5:3": {
            "content": [
                {
                    "segmentNumber": "1", 
                    "links": [
                        {
                            "category": "Mishnah", 
                            "index_title": "Mishnah Oholot", 
                            "sourceHeRef": "משנה אהלות ה׳:ג׳", 
                            "sourceRef": "Mishnah Oholot 5:3"
                        }
                    ], 
                    "he": "<b>מצלת על הכל</b> על כל מה שבעליה. שהיא חוצצת בפני הטומאה:"
                }, 
                {
                    "segmentNumber": "2", 
                    "links": [
                        {
                            "category": "Mishnah", 
                            "index_title": "Mishnah Oholot", 
                            "sourceHeRef": "משנה אהלות ה׳:ג׳", 
                            "sourceRef": "Mishnah Oholot 5:3"
                        }
                    ], 
                    "he": "<b> אינה מצלת אלא על האוכלים ועל המשקים ועל כלי חרס</b> בקדירה של עם הארץ מיירי. וטעמייהו דבית שמאי משום דכליו של עם הארץ טמאין הם אצל חבר, וכל כלי טמא אינו חוצץ בפני הטומאה. ולפי שעם הארץ מחזיק הכלים שלו בטהור, אמרינן ליה שהוא מציל על אוכלים ומשקין וכלי חרס שבעליה, דלנפשיה בלבד הוא דמטהרינן להו, שהרי החברים בדלים מהם וממגעם ובלאו הכי נמי כל מאכלם טמא. אבל שאר כלים שיש להם טהרה במקוה, אם תטהרם הרי הוא משאילם לחבר וישתמש בהם בטבילה לחודה בלא הזאה שלישי ושביעי:\n\n"
                }
            ], 
            "heTitle": "ברטנורא על משנה אהלות", 
            "indexTitle": "Bartenura on Mishnah Oholot", 
            "sectionRef": "Bartenura on Mishnah Oholot 5:3", 
            "prev": "Bartenura on Mishnah Oholot 5:2", 
            "ref": "Bartenura on Mishnah Oholot 5:3", 
            "heRef": "ברטנורא על משנה אהלות ה׳:ג׳", 
            "next": "Bartenura on Mishnah Oholot 5:4"
        }, 
        "Bartenura on Mishnah Oholot 5:1": {
            "content": [
                {
                    "segmentNumber": "1", 
                    "links": [
                        {
                            "category": "Mishnah", 
                            "index_title": "Mishnah Oholot", 
                            "sourceHeRef": "משנה אהלות ה׳:א׳", 
                            "sourceRef": "Mishnah Oholot 5:1"
                        }
                    ], 
                    "he": "<b>תנור שהוא עומד בתוך הבית ועינו קמורה</b> נקב העשוי בתנור שהעשן יוצא ממנו מונח חוץ לבית:"
                }, 
                {
                    "segmentNumber": "2", 
                    "links": [
                        {
                            "category": "Mishnah", 
                            "index_title": "Mishnah Oholot", 
                            "sourceHeRef": "משנה אהלות ה׳:א׳", 
                            "sourceRef": "Mishnah Oholot 5:1"
                        }
                    ], 
                    "he": "<b> והאהילו עליו נושאי המת</b> כשהיו נושאים את המת לקברו האהיל המת על העין:"
                }, 
                {
                    "segmentNumber": "3", 
                    "links": [
                        {
                            "category": "Mishnah", 
                            "index_title": "Mishnah Oholot", 
                            "sourceHeRef": "משנה אהלות ה׳:א׳", 
                            "sourceRef": "Mishnah Oholot 5:1"
                        }
                    ], 
                    "he": "<b> בית שמאי אומרים הכל טמא</b> קסברי טומאה נכנסת לתנור דרך עינו ויוצאה דרך פיה לבית:"
                }, 
                {
                    "segmentNumber": "4", 
                    "links": [
                        {
                            "category": "Mishnah", 
                            "index_title": "Mishnah Oholot", 
                            "sourceHeRef": "משנה אהלות ה׳:א׳", 
                            "sourceRef": "Mishnah Oholot 5:1"
                        }
                    ], 
                    "he": "<b> התנור טמא והבית טהור</b> התנור שהאהיל המת על מקצתו טמא, והבית טהור, שאין הטומאה יוצאה דרך פיה:"
                }, 
                {
                    "segmentNumber": "5", 
                    "links": [
                        {
                            "category": "Mishnah", 
                            "index_title": "Mishnah Oholot", 
                            "sourceHeRef": "משנה אהלות ה׳:א׳", 
                            "sourceRef": "Mishnah Oholot 5:1"
                        }
                    ], 
                    "he": "<b> ר' עקיבא אומר אף התנור טהור</b> דכיון דלא האהיל על התנור אלא על העין היוצא ממנו, אין התנור טמא. והלכה כבית הלל:\n\n"
                }
            ], 
            "heTitle": "ברטנורא על משנה אהלות", 
            "indexTitle": "Bartenura on Mishnah Oholot", 
            "sectionRef": "Bartenura on Mishnah Oholot 5:1", 
            "prev": "Bartenura on Mishnah Oholot 4:3", 
            "ref": "Bartenura on Mishnah Oholot 5:1", 
            "heRef": "ברטנורא על משנה אהלות ה׳:א׳", 
            "next": "Bartenura on Mishnah Oholot 5:2"
        }
    }, 
    "ref": "Bartenura on Mishnah Oholot 5"
}