{
    "heTitleVariants": [
        "ברטנורא על אהלות", 
        "ברטנורא על משנה אהלות", 
        "ר' עובדיה מברטנורא על אהלות", 
        "עובדיה מברטנורא על אהלות", 
        "עובדיה מברטנורא על משנה אהלות", 
        "ר' עובדיה מברטנורא על משנה אהלות"
    ], 
    "heTitle": "ברטנורא על משנה אהלות", 
    "commentaryBook": "Mishnah Oholot", 
    "heRef": "ברטנורא על משנה אהלות ט״ז", 
    "toSections": [
        16
    ], 
    "sectionRef": "Bartenura on Mishnah Oholot 16", 
    "title": "Bartenura on Mishnah Oholot 16", 
    "lengths": [
        18, 
        134
    ], 
    "next": "Bartenura on Mishnah Oholot 17:1", 
    "content": [
        {
            "segmentNumber": "1", 
            "he": [
                "<b>כל המיטלטלין מביאין את הטומאה</b> משום אוהל. שאם האהיל ראשו אחד על המת וראשו אחד על הכלים, מביא להם הטומאה:", 
                "<b> כעובי המרדע</b> אפילו אין בו רוחב טפח אלא שיש בהיקפו טפח. דחוט של טפח מקיפו, דגזרו על הקיפו משום עביו:", 
                "<b> אקפח את בני</b> אקברם. קיפוח לשון כריתה וחיתוך. ושבועה היא, אקפח את בני אם אין דבר זה אמת שהלכה זו מקופחת קטועה ומחותכת, דהא פותח טפח בעינן:", 
                "<b> ששמע השומע</b> כשנשאלה שאלה על ידי מעשה בבית המדרש ושמע שטמאוהו ולא ידע משום מה טמאוהו. הם טמאו את המרדע משום כלים המאהילים על המת, שהכלי עצמו המאהיל על המת טמא בכל שהוא, דלא בעינן פותח טפח אלא להביא את הטומאה תחת ראשו השני , וטמאו את האיכר או מטעם חיבורים  או משום דהוה ליה כלים שנגעו במת ואדם בכלים וטמא טומאת שבעה . והשומע טעה לומר דטמאוהו מטעם שהמרדע מביא עליו טומאה מדין אוהל:", 
                "<b> שיהו דברי חכמים מקוי</b> מים. שאומרים דמרדע מביא טומאה על האדם הנושאן. זימנין דאדם הנושאן אין עליו כי אם טומאת ערב, שבגדו מפסיק בין כתיפו למרדע והוי ליה דיקרב בדיקרב לדיקרב , והרואה שמטמאים אותו טומאת ערב יטעה לומר משום אוהל טמאוהו לפי שיש בהקיפו טפח, ואתי למימר דטומאת אוהל אין בה כי אם טומאת ערב. הלכך גזרו עליו בעובי המרדע לטמא טומאת שבעה מדבריהם משום אוהל:", 
                "<b> ועל עצמן בכל שהן</b> דכלי המאהיל על המת טמא אפילו כל שהוא:", 
                "<b> ועל שאר אדם וכלים</b> שתחת המרדע. בפותח טפח. כיון דאין להם טומאה כלל אין שייך לגזור על הקיפו משום עוביו:\n\n"
            ], 
            "links": [
                {
                    "category": "Commentary", 
                    "sourceHeRef": "עיקר תוספות יום טוב על משנה אהלות ט״ז:א׳:ב׳", 
                    "index_title": "Ikar Tosafot Yom Tov on Mishnah Oholot", 
                    "sourceRef": "Ikar Tosafot Yom Tov on Mishnah Oholot 16:1:2"
                }, 
                {
                    "category": "Commentary", 
                    "sourceHeRef": "עיקר תוספות יום טוב על משנה אהלות ט״ז:א׳:ג׳", 
                    "index_title": "Ikar Tosafot Yom Tov on Mishnah Oholot", 
                    "sourceRef": "Ikar Tosafot Yom Tov on Mishnah Oholot 16:1:3"
                }, 
                {
                    "category": "Commentary", 
                    "sourceHeRef": "עיקר תוספות יום טוב על משנה אהלות ט״ז:א׳:ד׳", 
                    "index_title": "Ikar Tosafot Yom Tov on Mishnah Oholot", 
                    "sourceRef": "Ikar Tosafot Yom Tov on Mishnah Oholot 16:1:4"
                }, 
                {
                    "category": "Commentary", 
                    "sourceHeRef": "עיקר תוספות יום טוב על משנה אהלות ט״ז:א׳:ה׳", 
                    "index_title": "Ikar Tosafot Yom Tov on Mishnah Oholot", 
                    "sourceRef": "Ikar Tosafot Yom Tov on Mishnah Oholot 16:1:5"
                }, 
                {
                    "category": "Mishnah", 
                    "sourceHeRef": "משנה אהלות ט״ז:א׳", 
                    "index_title": "Mishnah Oholot", 
                    "sourceRef": "Mishnah Oholot 16:1"
                }, 
                {
                    "category": "Mishnah", 
                    "sourceHeRef": "משנה אהלות ט״ז:א׳", 
                    "index_title": "Mishnah Oholot", 
                    "sourceRef": "Mishnah Oholot 16:1"
                }, 
                {
                    "category": "Mishnah", 
                    "sourceHeRef": "משנה אהלות ט״ז:א׳", 
                    "index_title": "Mishnah Oholot", 
                    "sourceRef": "Mishnah Oholot 16:1"
                }, 
                {
                    "category": "Mishnah", 
                    "sourceHeRef": "משנה אהלות ט״ז:א׳", 
                    "index_title": "Mishnah Oholot", 
                    "sourceRef": "Mishnah Oholot 16:1"
                }, 
                {
                    "category": "Mishnah", 
                    "sourceHeRef": "משנה אהלות ט״ז:א׳", 
                    "index_title": "Mishnah Oholot", 
                    "sourceRef": "Mishnah Oholot 16:1"
                }, 
                {
                    "category": "Mishnah", 
                    "sourceHeRef": "משנה אהלות ט״ז:א׳", 
                    "index_title": "Mishnah Oholot", 
                    "sourceRef": "Mishnah Oholot 16:1"
                }, 
                {
                    "category": "Mishnah", 
                    "sourceHeRef": "משנה אהלות ט״ז:א׳", 
                    "index_title": "Mishnah Oholot", 
                    "sourceRef": "Mishnah Oholot 16:1"
                }
            ], 
            "text": ""
        }, 
        {
            "segmentNumber": "2", 
            "he": [
                "<b>כוש</b> פלך שהנשים טוות בו. ואע''ג דפשוטי כלי עץ הוא מקבל טומאה, משום צנורת של מתכת הקבועה בו:", 
                "<b> אע''פ שאינן מכוונין</b> שאין שני חצאי זיתים מכוונים זה כנגד זה:", 
                "<b> טמא</b> הכוש. דמביא הטומאה על עצמו בכל שהוא:", 
                "<b> הקדר</b> מוכר הקדירות:", 
                "<b> והסל</b> המוט שנושא בו את הקדירות. ובמסכת כלים קורהו איסל, דתנן התם [פרק י''ז משנה ט''ז] האיסל שיש בו בית קיבול מעות:", 
                "<b> ואם יש בסל פותח טפח</b> מביא טומאה על הקדירות שתחתיו לצד השני שתלויות בו:", 
                "<b> התלוליות</b> לשון תל:", 
                "<b> הקרובות בין לעיר</b> הסמוכה לבית הקברות:", 
                "<b> בין לדרך</b> הסמוך לבית הקברות :", 
                "<b> אחד חדשות ואחד ישנות טמאות</b> מפני שהנשים קוברות שם נפליהן, דעד חמשים אמה אזלא אשה לחודה  וקוברת שם הנפל שלה. אבל רחוקות לא אזלא לחודה לקבור בתל, והואיל וצריכה לאיש שילך עמה, הולכת לבית הקברות ואינה קוברת בתל. והא דמטמאינן בישנות ואפילו רחוקות, דחיישינן שמא קרובות היו מתחלתן וחרבה העיר ונשתכח הדבר:", 
                "<b> ר' יהודה אומר כו'</b> והלכה כר' יהודה:\n\n"
            ], 
            "links": [
                {
                    "category": "Commentary", 
                    "sourceHeRef": "עיקר תוספות יום טוב על משנה אהלות ט״ז:ב׳:ג׳", 
                    "index_title": "Ikar Tosafot Yom Tov on Mishnah Oholot", 
                    "sourceRef": "Ikar Tosafot Yom Tov on Mishnah Oholot 16:2:3"
                }, 
                {
                    "category": "Commentary", 
                    "sourceHeRef": "עיקר תוספות יום טוב על משנה אהלות ט״ז:ב׳:ה׳", 
                    "index_title": "Ikar Tosafot Yom Tov on Mishnah Oholot", 
                    "sourceRef": "Ikar Tosafot Yom Tov on Mishnah Oholot 16:2:5"
                }, 
                {
                    "category": "Mishnah", 
                    "sourceHeRef": "משנה אהלות ט״ז:ב׳", 
                    "index_title": "Mishnah Oholot", 
                    "sourceRef": "Mishnah Oholot 16:2"
                }, 
                {
                    "category": "Mishnah", 
                    "sourceHeRef": "משנה אהלות ט״ז:ב׳", 
                    "index_title": "Mishnah Oholot", 
                    "sourceRef": "Mishnah Oholot 16:2"
                }, 
                {
                    "category": "Mishnah", 
                    "sourceHeRef": "משנה אהלות ט״ז:ב׳", 
                    "index_title": "Mishnah Oholot", 
                    "sourceRef": "Mishnah Oholot 16:2"
                }, 
                {
                    "category": "Mishnah", 
                    "sourceHeRef": "משנה אהלות ט״ז:ב׳", 
                    "index_title": "Mishnah Oholot", 
                    "sourceRef": "Mishnah Oholot 16:2"
                }, 
                {
                    "category": "Mishnah", 
                    "sourceHeRef": "משנה אהלות ט״ז:ב׳", 
                    "index_title": "Mishnah Oholot", 
                    "sourceRef": "Mishnah Oholot 16:2"
                }, 
                {
                    "category": "Mishnah", 
                    "sourceHeRef": "משנה אהלות ט״ז:ב׳", 
                    "index_title": "Mishnah Oholot", 
                    "sourceRef": "Mishnah Oholot 16:2"
                }, 
                {
                    "category": "Mishnah", 
                    "sourceHeRef": "משנה אהלות ט״ז:ב׳", 
                    "index_title": "Mishnah Oholot", 
                    "sourceRef": "Mishnah Oholot 16:2"
                }, 
                {
                    "category": "Mishnah", 
                    "sourceHeRef": "משנה אהלות ט״ז:ב׳", 
                    "index_title": "Mishnah Oholot", 
                    "sourceRef": "Mishnah Oholot 16:2"
                }, 
                {
                    "category": "Mishnah", 
                    "sourceHeRef": "משנה אהלות ט״ז:ב׳", 
                    "index_title": "Mishnah Oholot", 
                    "sourceRef": "Mishnah Oholot 16:2"
                }, 
                {
                    "category": "Mishnah", 
                    "sourceHeRef": "משנה אהלות ט״ז:ב׳", 
                    "index_title": "Mishnah Oholot", 
                    "sourceRef": "Mishnah Oholot 16:2"
                }, 
                {
                    "category": "Mishnah", 
                    "sourceHeRef": "משנה אהלות ט״ז:ב׳", 
                    "index_title": "Mishnah Oholot", 
                    "sourceRef": "Mishnah Oholot 16:2"
                }
            ], 
            "text": ""
        }, 
        {
            "segmentNumber": "3", 
            "he": [
                "<b>המוצא מת בתחלה</b> שלא היה ידוע שהיה שם קבר. והכי אמרינן בגמרא בנזיר [דר ס''ד] המוצא, ולא שהיה מצוי. מת, פרט להרוג, דהרוג אין לו תבוסה ואין לו שכונת קברות, והכי גמירי לה. מושכב, ולא שהיה יושב:", 
                "<b> כדרכו</b> ולא שהיה ראשו מונח בין ירכותיו. דכל הני חיישינן להו שמא נכרים הן, שאין דרכן של ישראל לקבור מתים כך:", 
                "<b> נוטלו ואת תפוסתו</b> מותר לפנותו משם ולקברו במקום אחר. וצריך שיטול מן העפר של הקבר עמו, כדי תפיסה, שהוא כל העפר תיחוח שתחתיו, וחופר בקרקע בתולה שלש אצבעות. דכתיב (בראשית מ''ז) ונשאתני ממצרים וקברתני בקבורתם, שלא היה צריך לומר ממצרים, אלא הכי קאמר, מעפר של מצרים טול עמי. ורמב''ם גריס תבוסתו, העפר המעורב מדם וליחה של המת. לשון מתבוססת בדמיך (יחזקאל ט''ז):", 
                "<b> מצא שלשה</b> אם יש בין זה לזה מארבע אמות ועד שמונה. כלומר מקבר ראשון עד שלישי אין פחות מארבע אמות ולא יותר על שמונה:", 
                "<b> הרי זה שכונת קברות</b> וניכר שלשם קבורה נתנום שם, ואסור לפנותם, דקנו מקומם. ואפילו מת אחד אם ניכר שלשם קבורה נתנוהו שם אסור לפנותו. אלא שבאחד או בשנים אנו תולים שלא נקברו שם אלא לפי שעה והיה דעתם לפנותם, אבל בשלשה מוכח שזה מקום מיוחד לקברות. ואורך המערה דרכה להיות שש ורחבה ארבע ואלכסונה עודף שתי אמות דהיינו שמונה, ומשום הכי תנן מארבעה ועד שמונה:", 
                "<b> כמלוא מטה וקובריה</b> לא גרסינן לה הכא:", 
                "<b> בודק ממנו ולהלן עשרים אמה</b> שהמערה ארבע אמות רוחב על שש אורך, והחצר שהמערות פתוחות לו מכאן ומכאן, שש על שש, דהכי סבירא להו לרבנן בבבא בתרא פרק המוכר פירות [דף ק''א], נמצא אורך שתי מערות וחצר שביניהן שמונה עשר אמות, ולפי שפעמים חופרים מערה אחת באלכסונה, ואלכסון של מערה עודף על ריבועה שני אמות, נמצאו עשרים אמה, שמונה דמערה ראשונה באלכסונה ושש דחצר שבין שתי המערות ושש דמערה שניה, דחד אלכסון אמרינן תרי אלכסוני לא אמרינן, והיינו דקתני עשרים. ועוד צריך לבדוק מלמעלה ומלמטה עשרים אמה, דהיינו ארבעים אמה, דשמא זו היא מערה שבמזרח החצר ויש עדיין אחרת כנגדה במערב החצר, אי נמי זו היא שבמערב החצר ויש עדיין אחרת במזרח החצר:", 
                "<b> מצא מת אחד בסוף עשרים בודק הימנו ולהלן עשרים אמה</b> דמי יימר דמבית הקברות זה הויא ההיא מערה, שמא קבר אחר הוא וחצר אחרת של אדם אחר, וצריך לעשות גם לשם כל בדיקות דלעיל, דכמו שיש שם קבר כמו כן יש אחרים:", 
                "<b> שרגלים לדבר</b> אחרי שנמצא כבר בשדה זו שכונת קברות: שאילו מתחלה מצאו, לקבר זה קודם שמצא השלשה הראשונים, היה נוטלו ואת תפוסתו, כדתנן ברישא המוצא מת בתחלה כו' נוטלו ואת תפוסתו:\n\n"
            ], 
            "links": [
                {
                    "category": "Mishnah", 
                    "sourceHeRef": "משנה אהלות ט״ז:ג׳", 
                    "index_title": "Mishnah Oholot", 
                    "sourceRef": "Mishnah Oholot 16:3"
                }, 
                {
                    "category": "Mishnah", 
                    "sourceHeRef": "משנה אהלות ט״ז:ג׳", 
                    "index_title": "Mishnah Oholot", 
                    "sourceRef": "Mishnah Oholot 16:3"
                }, 
                {
                    "category": "Mishnah", 
                    "sourceHeRef": "משנה אהלות ט״ז:ג׳", 
                    "index_title": "Mishnah Oholot", 
                    "sourceRef": "Mishnah Oholot 16:3"
                }, 
                {
                    "category": "Mishnah", 
                    "sourceHeRef": "משנה אהלות ט״ז:ג׳", 
                    "index_title": "Mishnah Oholot", 
                    "sourceRef": "Mishnah Oholot 16:3"
                }, 
                {
                    "category": "Mishnah", 
                    "sourceHeRef": "משנה אהלות ט״ז:ג׳", 
                    "index_title": "Mishnah Oholot", 
                    "sourceRef": "Mishnah Oholot 16:3"
                }, 
                {
                    "category": "Mishnah", 
                    "sourceHeRef": "משנה אהלות ט״ז:ג׳", 
                    "index_title": "Mishnah Oholot", 
                    "sourceRef": "Mishnah Oholot 16:3"
                }, 
                {
                    "category": "Mishnah", 
                    "sourceHeRef": "משנה אהלות ט״ז:ג׳", 
                    "index_title": "Mishnah Oholot", 
                    "sourceRef": "Mishnah Oholot 16:3"
                }, 
                {
                    "category": "Mishnah", 
                    "sourceHeRef": "משנה אהלות ט״ז:ג׳", 
                    "index_title": "Mishnah Oholot", 
                    "sourceRef": "Mishnah Oholot 16:3"
                }, 
                {
                    "category": "Mishnah", 
                    "sourceHeRef": "משנה אהלות ט״ז:ג׳", 
                    "index_title": "Mishnah Oholot", 
                    "sourceRef": "Mishnah Oholot 16:3"
                }, 
                {
                    "category": "Tanakh", 
                    "sourceHeRef": "בראשית מ״ז", 
                    "index_title": "Genesis", 
                    "sourceRef": "Genesis 47"
                }, 
                {
                    "category": "Tanakh", 
                    "sourceHeRef": "יחזקאל ט״ז", 
                    "index_title": "Ezekiel", 
                    "sourceRef": "Ezekiel 16"
                }
            ], 
            "text": ""
        }, 
        {
            "segmentNumber": "4", 
            "he": [
                "<b>הבודק</b> הא דתנן ובודק הימנו ולהלן עשרים אמה, אין צריך לחפור את כולן, אלא חופר אמה על אמה ומניח אמה שאינו חופר, ועושה כן עד שמגיע לסוף עשרים. ואותה אמה שהוא חופר צריך לחפור עד שמגיע לסלע, או לבתולה, שהיא קרקע שלא נחפרה מעולם:", 
                "<b> המוציא את העפר ממקום הטומאה</b> מאותם האמות שהוא חופר:", 
                "<b> אוכל בדמעו</b> אם כהן הוא אוכל בתרומתו. לשון מלאתך ודמעך  לא תאחר (שמות כ''ב). ואע''ג דאין כהנים רשאין לבדוק שהרי הן מוזהרין על הטומאה, מכל מקום אי אתרמי כהן  ובדק אינו אסור לאכול בתרומה היכא דלא אתחזק שם טומאה: המפקח את הגל, של אבנים שנפל על האדם ומת, אם כהן הוא אינו אוכל בדמעו. דכיון דהוחזקה שם טומאה חיישינן דלמא האהיל, ואפילו ספק חי ספק מת חיישינן:\n\n"
            ], 
            "links": [
                {
                    "category": "Commentary", 
                    "sourceHeRef": "עיקר תוספות יום טוב על משנה אהלות ט״ז:ד׳:ב׳", 
                    "index_title": "Ikar Tosafot Yom Tov on Mishnah Oholot", 
                    "sourceRef": "Ikar Tosafot Yom Tov on Mishnah Oholot 16:4:2"
                }, 
                {
                    "category": "Commentary", 
                    "sourceHeRef": "עיקר תוספות יום טוב על משנה אהלות ט״ז:ד׳:ג׳", 
                    "index_title": "Ikar Tosafot Yom Tov on Mishnah Oholot", 
                    "sourceRef": "Ikar Tosafot Yom Tov on Mishnah Oholot 16:4:3"
                }, 
                {
                    "category": "Mishnah", 
                    "sourceHeRef": "משנה אהלות ט״ז:ד׳", 
                    "index_title": "Mishnah Oholot", 
                    "sourceRef": "Mishnah Oholot 16:4"
                }, 
                {
                    "category": "Mishnah", 
                    "sourceHeRef": "משנה אהלות ט״ז:ד׳", 
                    "index_title": "Mishnah Oholot", 
                    "sourceRef": "Mishnah Oholot 16:4"
                }, 
                {
                    "category": "Mishnah", 
                    "sourceHeRef": "משנה אהלות ט״ז:ד׳", 
                    "index_title": "Mishnah Oholot", 
                    "sourceRef": "Mishnah Oholot 16:4"
                }, 
                {
                    "category": "Tanakh", 
                    "sourceHeRef": "שמות כ״ב", 
                    "index_title": "Exodus", 
                    "sourceRef": "Exodus 22"
                }
            ], 
            "text": ""
        }, 
        {
            "segmentNumber": "5", 
            "he": [
                "<b>היה בודק</b> להשלים עשרים אמה:", 
                "<b> לנחל</b> נהר:", 
                "<b> לשלולית</b> אמת המים שמחלקת שלל לאגפיה שאמות אחרות של מים שותות ממנה:", 
                "<b> או לדרך הרבים</b> שאין קוברים בה את המת:", 
                "<b> מפסיק</b> ואינו בודק עוד להשלים עשרים אמה:", 
                "<b> והכל טהור</b> ואין להם תפוסה . אלא מלקט העצמות בלבד ואין צריך ליטול יותר:", 
                "<b> רבי שמעון אומר כו'</b> ואין הלכה כר''ש:"
            ], 
            "links": [
                {
                    "category": "Commentary", 
                    "sourceHeRef": "עיקר תוספות יום טוב על משנה אהלות ט״ז:ה׳:א׳", 
                    "index_title": "Ikar Tosafot Yom Tov on Mishnah Oholot", 
                    "sourceRef": "Ikar Tosafot Yom Tov on Mishnah Oholot 16:5:1"
                }, 
                {
                    "category": "Mishnah", 
                    "sourceHeRef": "משנה אהלות ט״ז:ה׳", 
                    "index_title": "Mishnah Oholot", 
                    "sourceRef": "Mishnah Oholot 16:5"
                }, 
                {
                    "category": "Mishnah", 
                    "sourceHeRef": "משנה אהלות ט״ז:ה׳", 
                    "index_title": "Mishnah Oholot", 
                    "sourceRef": "Mishnah Oholot 16:5"
                }, 
                {
                    "category": "Mishnah", 
                    "sourceHeRef": "משנה אהלות ט״ז:ה׳", 
                    "index_title": "Mishnah Oholot", 
                    "sourceRef": "Mishnah Oholot 16:5"
                }, 
                {
                    "category": "Mishnah", 
                    "sourceHeRef": "משנה אהלות ט״ז:ה׳", 
                    "index_title": "Mishnah Oholot", 
                    "sourceRef": "Mishnah Oholot 16:5"
                }, 
                {
                    "category": "Mishnah", 
                    "sourceHeRef": "משנה אהלות ט״ז:ה׳", 
                    "index_title": "Mishnah Oholot", 
                    "sourceRef": "Mishnah Oholot 16:5"
                }, 
                {
                    "category": "Mishnah", 
                    "sourceHeRef": "משנה אהלות ט״ז:ה׳", 
                    "index_title": "Mishnah Oholot", 
                    "sourceRef": "Mishnah Oholot 16:5"
                }, 
                {
                    "category": "Mishnah", 
                    "sourceHeRef": "משנה אהלות ט״ז:ה׳", 
                    "index_title": "Mishnah Oholot", 
                    "sourceRef": "Mishnah Oholot 16:5"
                }
            ], 
            "text": ""
        }
    ], 
    "book": "Bartenura on Mishnah Oholot", 
    "prev": "Bartenura on Mishnah Oholot 15:10", 
    "textDepth": 3, 
    "sectionNames": [
        "Chapter", 
        "Mishna", 
        "Comment"
    ], 
    "sections": [
        16
    ], 
    "commentator": "Bartenura", 
    "isComplex": false, 
    "commentaryCategories": [
        "Mishnah", 
        "Seder Tahorot"
    ], 
    "titleVariants": [
        "Obadiah ben Abraham of Bertinoro on Mishnah Oholot", 
        "Obadiah of Bertinoro on M. Oholot", 
        "Bartenura on Mishna Oholot", 
        "Bartenura on Mishnah Oholot", 
        "Obadiah of Bertinoro on Mishna Oholot", 
        "Ovadia of Bartenura on M Oholot", 
        "Obadiah of Bertinoro on M Oholot", 
        "Obadiah ben Abraham of Bertinoro on M Oholot", 
        "Bartenura on M Oholot", 
        "Obadiah of Bertinoro on Mishnah Oholot", 
        "Obadiah ben Abraham of Bertinoro on M. Oholot", 
        "Bartenura on M. Oholot", 
        "Ovadia of Bartenura on Mishna Oholot", 
        "Ovadia of Bartenura on M. Oholot", 
        "Ovadia of Bartenura on Mishnah Oholot", 
        "Obadiah ben Abraham of Bertinoro on Mishna Oholot"
    ], 
    "categories": [
        "Commentary", 
        "Mishnah", 
        "Bartenura"
    ], 
    "ref": "Bartenura on Mishnah Oholot 16", 
    "type": "Commentary", 
    "addressTypes": [
        "Perek", 
        "Mishnah", 
        "Integer"
    ], 
    "heCommentator": "ברטנורא", 
    "length": 18, 
    "indexTitle": "Bartenura on Mishnah Oholot", 
    "heIndexTitle": "ברטנורא על משנה אהלות", 
    "alts": [], 
    "order": [
        53, 
        2
    ]
}