{
    "sections": {
        "Ikar Tosafot Yom Tov on Mishnah Middot 3:8": {
            "content": [
                {
                    "segmentNumber": "1", 
                    "links": [
                        {
                            "category": "Mishnah", 
                            "index_title": "Mishnah Middot", 
                            "sourceHeRef": "משנה מדות ג׳:ח׳", 
                            "sourceRef": "Mishnah Middot 3:8"
                        }
                    ], 
                    "he": "קבועים. לא קבועים ממש קאמר בבנין, אלא קבועים בעלמא בלא בנין. דאם לא כן קעבר על לא תטע לך כל עץ, כדלעיל. ר''מ:"
                }, 
                {
                    "segmentNumber": "2", 
                    "links": [
                        {
                            "category": "Mishnah", 
                            "index_title": "Mishnah Middot", 
                            "sourceHeRef": "משנה מדות ג׳:ח׳", 
                            "sourceRef": "Mishnah Middot 3:8"
                        }, 
                        {
                            "category": "Commentary", 
                            "index_title": "Bartenura on Mishnah Middot", 
                            "sourceHeRef": "ברטנורא על משנה מדות ג׳:ח׳:א׳", 
                            "sourceRef": "Bartenura on Mishnah Middot 3:8:1"
                        }
                    ], 
                    "he": "כעין שקורין אונט''ר שטיצ''ר. ראבי''ה:"
                }, 
                {
                    "segmentNumber": "3", 
                    "links": [
                        {
                            "category": "Mishnah", 
                            "index_title": "Mishnah Middot", 
                            "sourceHeRef": "משנה מדות ג׳:ח׳", 
                            "sourceRef": "Mishnah Middot 3:8"
                        }
                    ], 
                    "he": "בתקרות. ותולות למטה באולם, שאוחזין בהן פרחי כהונה מפסגין ועולין כו'. הרר''ש:"
                }, 
                {
                    "segmentNumber": "4", 
                    "links": [
                        {
                            "category": "Mishnah", 
                            "index_title": "Mishnah Middot", 
                            "sourceHeRef": "משנה מדות ג׳:ח׳", 
                            "sourceRef": "Mishnah Middot 3:8"
                        }
                    ], 
                    "he": "גפן. עשו צורת גפן של זהב על פתחו של היכל להתברך כגפן, לפי שכנסת ישראל נמשלה לגפן כמו שהוא מפורסם בכתוב. הר''מ:"
                }, 
                {
                    "segmentNumber": "5", 
                    "links": [
                        {
                            "category": "Mishnah", 
                            "index_title": "Mishnah Middot", 
                            "sourceHeRef": "משנה מדות ג׳:ח׳", 
                            "sourceRef": "Mishnah Middot 3:8"
                        }
                    ], 
                    "he": "כלונסות. של ארז. כעין דלית של גפן מגביהין אותה ע''ג עמודים של ארז. דלא עברו אלא תטע לך אשרה כל עץ, דזה אינו בנין. מפרש:"
                }, 
                {
                    "segmentNumber": "6", 
                    "links": [
                        {
                            "category": "Mishnah", 
                            "index_title": "Mishnah Middot", 
                            "sourceHeRef": "משנה מדות ג׳:ח׳", 
                            "sourceRef": "Mishnah Middot 3:8"
                        }, 
                        {
                            "category": "Commentary", 
                            "index_title": "Bartenura on Mishnah Middot", 
                            "sourceHeRef": "ברטנורא על משנה מדות ג׳:ח׳:ג׳", 
                            "sourceRef": "Bartenura on Mishnah Middot 3:8:3"
                        }
                    ], 
                    "he": "ויראה לי שהיה עושה עלה או גרגיר ותולהו בגפן, ולשעה שהיו צריכין לזהב לבדק ההיכל היו לוקחין מכאן ומהתכין אותו לעשות ממנו מה שצריך בהיכל עצמו:"
                }, 
                {
                    "segmentNumber": "7", 
                    "links": [
                        {
                            "category": "Mishnah", 
                            "index_title": "Mishnah Middot", 
                            "sourceHeRef": "משנה מדות ג׳:ח׳", 
                            "sourceRef": "Mishnah Middot 3:8"
                        }, 
                        {
                            "category": "Commentary", 
                            "index_title": "Bartenura on Mishnah Middot", 
                            "sourceHeRef": "ברטנורא על משנה מדות ג׳:ח׳:ד׳", 
                            "sourceRef": "Bartenura on Mishnah Middot 3:8:4"
                        }
                    ], 
                    "he": "לשון הרר''ש, לפנותה ולפרק משא גרגירים ואשכולות שתלו עליה:"
                }, 
                {
                    "segmentNumber": "8", 
                    "links": [
                        {
                            "category": "Mishnah", 
                            "index_title": "Mishnah Middot", 
                            "sourceHeRef": "משנה מדות ג׳:ח׳", 
                            "sourceRef": "Mishnah Middot 3:8"
                        }, 
                        {
                            "category": "Commentary", 
                            "index_title": "Bartenura on Mishnah Middot", 
                            "sourceHeRef": "ברטנורא על משנה מדות ג׳:ח׳:ד׳", 
                            "sourceRef": "Bartenura on Mishnah Middot 3:8:4"
                        }
                    ], 
                    "he": "דאם היתה טעונה כל כך שצריכה שלש מאות כהנים לפנות, תשבר, וכל כך לא היו ממתינים. מפרש:"
                }
            ], 
            "heTitle": "עיקר תוספות יום טוב על משנה מדות", 
            "indexTitle": "Ikar Tosafot Yom Tov on Mishnah Middot", 
            "sectionRef": "Ikar Tosafot Yom Tov on Mishnah Middot 3:8", 
            "prev": "Ikar Tosafot Yom Tov on Mishnah Middot 3:7", 
            "ref": "Ikar Tosafot Yom Tov on Mishnah Middot 3:8", 
            "heRef": "עיקר תוספות יום טוב על משנה מדות ג׳:ח׳", 
            "next": "Ikar Tosafot Yom Tov on Mishnah Middot 4:1"
        }, 
        "Ikar Tosafot Yom Tov on Mishnah Middot 3:1": {
            "content": [
                {
                    "segmentNumber": "1", 
                    "links": [
                        {
                            "category": "Mishnah", 
                            "index_title": "Mishnah Middot", 
                            "sourceHeRef": "משנה מדות ג׳:א׳", 
                            "sourceRef": "Mishnah Middot 3:1"
                        }
                    ], 
                    "he": "שלשים ושתים כו'. למאי דמפרש הר''ב בסוף המשנה שלא היה קרן בנוי כלל במזרח ודרום כי אם באמה מכאן ואמה מכאן, מפרש בגמרא דכי תנן הכא, ל''ב על ל''ב היינו מן הצד, פירש''י, מצד צפון ומערב היו ל''ב, ולא בד' רבעיו, דבמזרח ודרום לא היה אלא ל''א על ל''א:"
                }, 
                {
                    "segmentNumber": "2", 
                    "links": [
                        {
                            "category": "Mishnah", 
                            "index_title": "Mishnah Middot", 
                            "sourceHeRef": "משנה מדות ג׳:א׳", 
                            "sourceRef": "Mishnah Middot 3:1"
                        }, 
                        {
                            "category": "Commentary", 
                            "index_title": "Bartenura on Mishnah Middot", 
                            "sourceHeRef": "ברטנורא על משנה מדות ג׳:א׳:א׳", 
                            "sourceRef": "Bartenura on Mishnah Middot 3:1:1"
                        }
                    ], 
                    "he": "גמרא. ובמכילתא דריש, ואם מזבח אבנים, אינו רשות אלא חובה. ודכתיב מזבח אדמה, שיהא מחובר באדמה:"
                }, 
                {
                    "segmentNumber": "3", 
                    "links": [
                        {
                            "category": "Mishnah", 
                            "index_title": "Mishnah Middot", 
                            "sourceHeRef": "משנה מדות ג׳:א׳", 
                            "sourceRef": "Mishnah Middot 3:1"
                        }
                    ], 
                    "he": "שלשים כו'. במסכת כלים פרק י''ז משנה י' תנן דכל אמות בת ששה טפחים חוץ מהקרן והיסוד והסובב. ויש שני פירושים, לרש''י גובה היסוד בבת ה', ולא הכניסה. ולהר''מ אף כניסת היסוד בבת ה', ולכך כתב שלשים אמה ושני טפחים על כו'. ומתניתין לא חשיב ליה כיון דלא הוי אמה:"
                }, 
                {
                    "segmentNumber": "4", 
                    "links": [
                        {
                            "category": "Mishnah", 
                            "index_title": "Mishnah Middot", 
                            "sourceHeRef": "משנה מדות ג׳:א׳", 
                            "sourceRef": "Mishnah Middot 3:1"
                        }
                    ], 
                    "he": "עשרים ושמונה כו'. הכא. לכ''ע לאו דוקא דהא כניסת הסובב, לכ''ע בת ה''ט. [וכן נמי גובה הקרן] ועתוי''ט:"
                }, 
                {
                    "segmentNumber": "5", 
                    "links": [
                        {
                            "category": "Mishnah", 
                            "index_title": "Mishnah Middot", 
                            "sourceHeRef": "משנה מדות ג׳:א׳", 
                            "sourceRef": "Mishnah Middot 3:1"
                        }, 
                        {
                            "category": "Commentary", 
                            "index_title": "Bartenura on Mishnah Middot", 
                            "sourceHeRef": "ברטנורא על משנה מדות ג׳:א׳:ב׳", 
                            "sourceRef": "Bartenura on Mishnah Middot 3:1:2"
                        }
                    ], 
                    "he": "כלומר, וגובה כל קרן אמה, הרי גובה המזבח י' אמות. כ''מ בשם סמ''ג. והרר''ש לא גרס ליה וכתב מקום הקרנות שלא היה שם כניסה לא קחשיב. ועתוי''ט:"
                }, 
                {
                    "segmentNumber": "6", 
                    "links": [
                        {
                            "category": "Mishnah", 
                            "index_title": "Mishnah Middot", 
                            "sourceHeRef": "משנה מדות ג׳:א׳", 
                            "sourceRef": "Mishnah Middot 3:1"
                        }
                    ], 
                    "he": "עשרים וארבע. הרי''ם כתב, עשרים וארבע אמה וארבעה טפחים. ועתוי''ט:"
                }, 
                {
                    "segmentNumber": "7", 
                    "links": [
                        {
                            "category": "Mishnah", 
                            "index_title": "Mishnah Middot", 
                            "sourceHeRef": "משנה מדות ג׳:א׳", 
                            "sourceRef": "Mishnah Middot 3:1"
                        }
                    ], 
                    "he": "הוסיפו. והכתיב הכל בכתב מיד ה' עלי השכיל. א''ר יוסף קרא אשכח ודרוש, ויאמר דוד זה הוא בית ה' האלהים וזה מזבח לעולה לישראל. כי בית, מה בית ששים אמה [כדכתיב (מ''א ו) ששים אמה ארכו. רש''י] אף מזבח ששים אמה. פירש''י, ושלמה לא הבין לדרשו והם דרשוהו והוסיפו לפי הצורך להם, ולששים אמה לא הוצרכו. והכי דרש, עד ששים אמה ראוי לו ומקודש המקום אם ירצו:"
                }, 
                {
                    "segmentNumber": "8", 
                    "links": [
                        {
                            "category": "Mishnah", 
                            "index_title": "Mishnah Middot", 
                            "sourceHeRef": "משנה מדות ג׳:א׳", 
                            "sourceRef": "Mishnah Middot 3:1"
                        }
                    ], 
                    "he": "הדרום. וא''ת מסתמא לא היה בבית ראשון יסוד לקרן דרומית מזרחית לפי שלא היה בחלקו של טורף. ואם בבית שני הוסיפו בדרום א''כ בנוי בחלקו של יהודה. תירצו התוס', דבבית ראשון היה להן יסוד לדרום שהיה משוך בחלקו של טורף, חוץ מרוח מזרחית שלא נשתנה שהיה בלא יסוד על חלקו של יהודה כמו בבית שני. וקרא דממעטי בסוף פרק איזהו מקומן קרן שאין לה יסוד, משום בית שני נאמרו. א''נ כו'. ועתוי''ט:"
                }, 
                {
                    "segmentNumber": "9", 
                    "links": [
                        {
                            "category": "Mishnah", 
                            "index_title": "Mishnah Middot", 
                            "sourceHeRef": "משנה מדות ג׳:א׳", 
                            "sourceRef": "Mishnah Middot 3:1"
                        }, 
                        {
                            "category": "Commentary", 
                            "index_title": "Bartenura on Mishnah Middot", 
                            "sourceHeRef": "ברטנורא על משנה מדות ג׳:א׳:ח׳", 
                            "sourceRef": "Bartenura on Mishnah Middot 3:1:8"
                        }
                    ], 
                    "he": "ור''ל בכתב משיט''א שאין לה אלא שני צדדים. עתוי''ט:"
                }, 
                {
                    "segmentNumber": "10", 
                    "links": [
                        {
                            "category": "Mishnah", 
                            "index_title": "Mishnah Middot", 
                            "sourceHeRef": "משנה מדות ג׳:א׳", 
                            "sourceRef": "Mishnah Middot 3:1"
                        }, 
                        {
                            "category": "Commentary", 
                            "index_title": "Bartenura on Mishnah Middot", 
                            "sourceHeRef": "ברטנורא על משנה מדות ג׳:א׳:ח׳", 
                            "sourceRef": "Bartenura on Mishnah Middot 3:1:8"
                        }
                    ], 
                    "he": "רוצה לומר בתחלה בשעת הבנין עשו כן כו', וכמו שפירש לקמן ביסוד דמזרח ודרום. דאם לא כן הוה פגימה ופוסלת:"
                }, 
                {
                    "segmentNumber": "11", 
                    "links": [
                        {
                            "category": "Mishnah", 
                            "index_title": "Mishnah Middot", 
                            "sourceHeRef": "משנה מדות ג׳:א׳", 
                            "sourceRef": "Mishnah Middot 3:1"
                        }
                    ], 
                    "he": "וחוט כו'. שנאמר והיתה הרשת עד חצי המזבח, התורה נתנה מחיצה להבדיל בין דמים העליונים לדמים התחתונים. גמרא:"
                }
            ], 
            "heTitle": "עיקר תוספות יום טוב על משנה מדות", 
            "indexTitle": "Ikar Tosafot Yom Tov on Mishnah Middot", 
            "sectionRef": "Ikar Tosafot Yom Tov on Mishnah Middot 3:1", 
            "prev": "Ikar Tosafot Yom Tov on Mishnah Middot 2:6", 
            "ref": "Ikar Tosafot Yom Tov on Mishnah Middot 3:1", 
            "heRef": "עיקר תוספות יום טוב על משנה מדות ג׳:א׳", 
            "next": "Ikar Tosafot Yom Tov on Mishnah Middot 3:3"
        }, 
        "Ikar Tosafot Yom Tov on Mishnah Middot 3:2": {
            "content": [], 
            "heTitle": "עיקר תוספות יום טוב על משנה מדות", 
            "indexTitle": "Ikar Tosafot Yom Tov on Mishnah Middot", 
            "sectionRef": "Ikar Tosafot Yom Tov on Mishnah Middot 3:2", 
            "prev": "Ikar Tosafot Yom Tov on Mishnah Middot 3:1", 
            "ref": "Ikar Tosafot Yom Tov on Mishnah Middot 3:2", 
            "heRef": "עיקר תוספות יום טוב על משנה מדות ג׳:ב׳", 
            "next": "Ikar Tosafot Yom Tov on Mishnah Middot 3:3"
        }, 
        "Ikar Tosafot Yom Tov on Mishnah Middot 3:3": {
            "content": [
                {
                    "segmentNumber": "1", 
                    "links": [
                        {
                            "category": "Mishnah", 
                            "index_title": "Mishnah Middot", 
                            "sourceHeRef": "משנה מדות ג׳:ג׳", 
                            "sourceRef": "Mishnah Middot 3:3"
                        }
                    ], 
                    "he": "לדרומו. דתניא, ר' יהודה אומר ומעלותיה פונות קדים, כל פינות שאתה פונה לא יהו אלא דרך ימין, כדילפינן מים של שלמה, וקאמר קרא, שתעמיד כבש מעלותיו ברוח הראויה לפנות הימנה למזרח ותהא אותה הפניה לימין, ואין לך רוח ראויה לכך אלא דרום. גמרא:"
                }, 
                {
                    "segmentNumber": "2", 
                    "links": [
                        {
                            "category": "Mishnah", 
                            "index_title": "Mishnah Middot", 
                            "sourceHeRef": "משנה מדות ג׳:ג׳", 
                            "sourceRef": "Mishnah Middot 3:3"
                        }, 
                        {
                            "category": "Commentary", 
                            "index_title": "Bartenura on Mishnah Middot", 
                            "sourceHeRef": "ברטנורא על משנה מדות ג׳:ג׳:ד׳", 
                            "sourceRef": "Bartenura on Mishnah Middot 3:3:4"
                        }
                    ], 
                    "he": "לא שהיה חלול שיהיה נקוב והולך עד מעבר השני של הכבש וכמו המפולש, אלא שהיה כמו החלונות ששנינו במשנה ג' פרק ה' דתמיד. עתוי''ט:"
                }
            ], 
            "heTitle": "עיקר תוספות יום טוב על משנה מדות", 
            "indexTitle": "Ikar Tosafot Yom Tov on Mishnah Middot", 
            "sectionRef": "Ikar Tosafot Yom Tov on Mishnah Middot 3:3", 
            "prev": "Ikar Tosafot Yom Tov on Mishnah Middot 3:1", 
            "ref": "Ikar Tosafot Yom Tov on Mishnah Middot 3:3", 
            "heRef": "עיקר תוספות יום טוב על משנה מדות ג׳:ג׳", 
            "next": "Ikar Tosafot Yom Tov on Mishnah Middot 3:5"
        }, 
        "Ikar Tosafot Yom Tov on Mishnah Middot 3:4": {
            "content": [], 
            "heTitle": "עיקר תוספות יום טוב על משנה מדות", 
            "indexTitle": "Ikar Tosafot Yom Tov on Mishnah Middot", 
            "sectionRef": "Ikar Tosafot Yom Tov on Mishnah Middot 3:4", 
            "prev": "Ikar Tosafot Yom Tov on Mishnah Middot 3:3", 
            "ref": "Ikar Tosafot Yom Tov on Mishnah Middot 3:4", 
            "heRef": "עיקר תוספות יום טוב על משנה מדות ג׳:ד׳", 
            "next": "Ikar Tosafot Yom Tov on Mishnah Middot 3:5"
        }, 
        "Ikar Tosafot Yom Tov on Mishnah Middot 3:5": {
            "content": [
                {
                    "segmentNumber": "1", 
                    "links": [
                        {
                            "category": "Mishnah", 
                            "index_title": "Mishnah Middot", 
                            "sourceHeRef": "משנה מדות ג׳:ה׳", 
                            "sourceRef": "Mishnah Middot 3:5"
                        }
                    ], 
                    "he": "ששה כו'. ששה סדרים היו הטבעות בשורה אחת ובכל סדר ד' טבעות שהן עשרים וארבע. ויש אומרים ארבעה סדרים היו של שש טבעות, שהן נמי עשרים וארבע. הר''ש:"
                }, 
                {
                    "segmentNumber": "2", 
                    "links": [
                        {
                            "category": "Mishnah", 
                            "index_title": "Mishnah Middot", 
                            "sourceHeRef": "משנה מדות ג׳:ה׳", 
                            "sourceRef": "Mishnah Middot 3:5"
                        }
                    ], 
                    "he": "ועליו. כלומר באותו מקום:"
                }, 
                {
                    "segmentNumber": "3", 
                    "links": [
                        {
                            "category": "Mishnah", 
                            "index_title": "Mishnah Middot", 
                            "sourceHeRef": "משנה מדות ג׳:ה׳", 
                            "sourceRef": "Mishnah Middot 3:5"
                        }
                    ], 
                    "he": "ושלשה כו'. פירוש, בג' הצדדין קבועין האונקליות למזרח ולצפון ולדרום, אבל לא לצד מערב, שלא יהפכו המפשיטים אחוריהן לקדשי קדשים. ראבי''ה:"
                }, 
                {
                    "segmentNumber": "4", 
                    "links": [
                        {
                            "category": "Mishnah", 
                            "index_title": "Mishnah Middot", 
                            "sourceHeRef": "משנה מדות ג׳:ה׳", 
                            "sourceRef": "Mishnah Middot 3:5"
                        }
                    ], 
                    "he": "שבין כו'. פירוש, שבין המזבח ולעמודים. ונראה שלא היו העמודים וכן השולחנות מסודרים זה אצל זה ארבע שורות של שנים שנים מסודרין זה אחר זה, אלא כל דממזרח למערב, עמודים שמונה, שלחנות שמונה. ראבי''ה:"
                }
            ], 
            "heTitle": "עיקר תוספות יום טוב על משנה מדות", 
            "indexTitle": "Ikar Tosafot Yom Tov on Mishnah Middot", 
            "sectionRef": "Ikar Tosafot Yom Tov on Mishnah Middot 3:5", 
            "prev": "Ikar Tosafot Yom Tov on Mishnah Middot 3:3", 
            "ref": "Ikar Tosafot Yom Tov on Mishnah Middot 3:5", 
            "heRef": "עיקר תוספות יום טוב על משנה מדות ג׳:ה׳", 
            "next": "Ikar Tosafot Yom Tov on Mishnah Middot 3:6"
        }, 
        "Ikar Tosafot Yom Tov on Mishnah Middot 3:6": {
            "content": [
                {
                    "segmentNumber": "1", 
                    "links": [
                        {
                            "category": "Mishnah", 
                            "index_title": "Mishnah Middot", 
                            "sourceHeRef": "משנה מדות ג׳:ו׳", 
                            "sourceRef": "Mishnah Middot 3:6"
                        }
                    ], 
                    "he": "ומשוך כו'. שלא היה עומד באמצע בינתים אלא כבין האולם ולמזבח. הר''ש:"
                }
            ], 
            "heTitle": "עיקר תוספות יום טוב על משנה מדות", 
            "indexTitle": "Ikar Tosafot Yom Tov on Mishnah Middot", 
            "sectionRef": "Ikar Tosafot Yom Tov on Mishnah Middot 3:6", 
            "prev": "Ikar Tosafot Yom Tov on Mishnah Middot 3:5", 
            "ref": "Ikar Tosafot Yom Tov on Mishnah Middot 3:6", 
            "heRef": "עיקר תוספות יום טוב על משנה מדות ג׳:ו׳", 
            "next": "Ikar Tosafot Yom Tov on Mishnah Middot 3:7"
        }, 
        "Ikar Tosafot Yom Tov on Mishnah Middot 3:7": {
            "content": [
                {
                    "segmentNumber": "1", 
                    "links": [
                        {
                            "category": "Mishnah", 
                            "index_title": "Mishnah Middot", 
                            "sourceHeRef": "משנה מדות ג׳:ז׳", 
                            "sourceRef": "Mishnah Middot 3:7"
                        }, 
                        {
                            "category": "Commentary", 
                            "index_title": "Bartenura on Mishnah Middot", 
                            "sourceHeRef": "ברטנורא על משנה מדות ג׳:ז׳:ב׳", 
                            "sourceRef": "Bartenura on Mishnah Middot 3:7:2"
                        }
                    ], 
                    "he": "ולא הוה משום לא תטע לך אשרה כל עץ, דלא אסרה תורה אלא דומיא דנטיעת עץ שהוא בולט. וזהו שהר''מ כתב ואין בונין בו עץ בולט כלל:"
                }
            ], 
            "heTitle": "עיקר תוספות יום טוב על משנה מדות", 
            "indexTitle": "Ikar Tosafot Yom Tov on Mishnah Middot", 
            "sectionRef": "Ikar Tosafot Yom Tov on Mishnah Middot 3:7", 
            "prev": "Ikar Tosafot Yom Tov on Mishnah Middot 3:6", 
            "ref": "Ikar Tosafot Yom Tov on Mishnah Middot 3:7", 
            "heRef": "עיקר תוספות יום טוב על משנה מדות ג׳:ז׳", 
            "next": "Ikar Tosafot Yom Tov on Mishnah Middot 3:8"
        }
    }, 
    "ref": "Ikar Tosafot Yom Tov on Mishnah Middot 3"
}