{
    "heTitleVariants": [
        " חידושי אגדות על מסכת סוטה"
    ], 
    "heTitle": " חידושי אגדות על מסכת סוטה ג׳ א", 
    "content": [
        {
            "segmentNumber": "1", 
            "he": "<b>גמ' </b>והקב\"ה מכריז בגלוי שנאמר ועבר עליו רוח כו'. פירש\"י שהקב\"ה מכריז כו' לכאורה משמע שיהיה רוח טהרה משמים כמ\"ד לקמן הכי וק\"ק דא\"כ אמאי לא מייתי סייעתא מהך ברייתא כמ\"ד רוח טהרה ויש ליישב דה\"ק הקב\"ה מכריז בגלוי כו' ע\"י השטן ורוח הטומאה וק\"ל: ", 
            "links": [
                {
                    "category": "Talmud", 
                    "sourceHeRef": "סוטה ג׳ א:כ׳", 
                    "sourceRef": "Sotah 3a:20", 
                    "ref": "Sotah 3a:20"
                }
            ], 
            "text": ""
        }, 
        {
            "segmentNumber": "2", 
            "he": "<b>אא\"כ  </b>נכנסה בו רוח שטות כו' תשטה כתיב כו'. דאי מלשון נטייה ה\"ל למכתב כי תטה ואי מלשון סוטה כמו עשה סטים שנאתי ה\"ל למכתב בס' כי תסטה וע\"כ דרשוהו מלשון שטות ובמ\"ר מייתי לה דכתיב נואף אשה חסר לב וגו' והיינו כי המנאפת מפתה אותו גם בדברי שטות והוא עושה רצונה אבל מלישנא דתלמודא אין אדם עובר עבירה כו' משמע דבכל עבירה יש ללמוד כן והיינו שהרוח מטעה ומשטה אותו מדרך טובה לדרך רעה וק\"ל: ", 
            "links": [
                {
                    "category": "Talmud", 
                    "sourceHeRef": "סוטה ג׳ א:ח׳", 
                    "sourceRef": "Sotah 3a:8", 
                    "ref": "Sotah 3a:8"
                }
            ], 
            "text": ""
        }, 
        {
            "segmentNumber": "3", 
            "he": "<b>ועבר  </b>עליו רוח וגו' רבנן אמרי רוח טהרה כו'. כמו רוח ה' וגו' והם מלאכיו שנקראו רוחות כמ\"ש עושה מלאכיו רוחות וגו' שהם המעוררים את המקנא לידי טהרה זו שלא תבא אשתו לידי פריצות. ומ\"ד ", 
            "links": [], 
            "text": ""
        }, 
        {
            "segmentNumber": "4", 
            "he": "<b>רוח  </b>טומאה כמו והייתי רוח שקר בפי וגו' והם המעוררים את המקנא לידי טומאה שקינא לה בעוד שלא נסתרה עדיין כדמסיק לעיל ודו\"ק: ", 
            "links": [
                {
                    "category": "Talmud", 
                    "sourceHeRef": "סוטה ג׳ א:כ׳", 
                    "sourceRef": "Sotah 3a:20", 
                    "ref": "Sotah 3a:20"
                }
            ], 
            "text": ""
        }
    ], 
    "heRef": " חידושי אגדות על מסכת סוטה ג׳ א", 
    "toSections": [
        "3a"
    ], 
    "sectionRef": "Chidushei Agadot on Sotah 3a", 
    "title": "Chidushei Agadot on Sotah 3a", 
    "next": "Chidushei Agadot on Sotah 3b", 
    "heBook": " חידושי אגדות על מסכת סוטה", 
    "book": "Chidushei Agadot on Sotah", 
    "prev": "Chidushei Agadot on Sotah 2a", 
    "textDepth": 2, 
    "sectionNames": [
        "Daf", 
        "Peirush"
    ], 
    "sections": [
        "3a"
    ], 
    "isComplex": false, 
    "titleVariants": [
        "Chidushei Agadot on Sotah"
    ], 
    "categories": [
        "Commentary2", 
        "Talmud", 
        "Chidushei Agadot"
    ], 
    "ref": "Chidushei Agadot on Sotah 3a", 
    "type": "Commentary2", 
    "addressTypes": [
        "Talmud", 
        "Integer"
    ], 
    "indexTitle": "Chidushei Agadot on Sotah", 
    "heIndexTitle": " חידושי אגדות על מסכת סוטה", 
    "alts": [], 
    "order": ""
}