[{
    "links": [], 
    "text": [], 
    "heTitleVariants": [
        " חידושי אגדות על מסכת סוטה"
    ], 
    "heTitle": " חידושי אגדות על מסכת סוטה כ״ה א", 
    "heRef": " חידושי אגדות על מסכת סוטה כ״ה א", 
    "toSections": [
        "25a"
    ], 
    "sectionRef": "Chidushei Agadot on Sotah 25a", 
    "title": "Chidushei Agadot on Sotah 25a", 
    "next": "Chidushei Agadot on Sotah 27b", 
    "heBook": " חידושי אגדות על מסכת סוטה", 
    "book": "Chidushei Agadot on Sotah", 
    "prev": "Chidushei Agadot on Sotah 22b", 
    "textDepth": 2, 
    "sectionNames": [
        "Daf", 
        "Peirush"
    ], 
    "sections": [
        "25a"
    ], 
    "isComplex": false, 
    "titleVariants": [
        "Chidushei Agadot on Sotah"
    ], 
    "categories": [
        "Commentary2", 
        "Talmud", 
        "Chidushei Agadot"
    ], 
    "he": [], 
    "ref": "Chidushei Agadot on Sotah 25a", 
    "type": "Commentary2", 
    "addressTypes": [
        "Talmud", 
        "Integer"
    ], 
    "indexTitle": "Chidushei Agadot on Sotah", 
    "heIndexTitle": " חידושי אגדות על מסכת סוטה", 
    "alts": [], 
    "order": ""
}]