{
    "content": [
        {
            "segmentNumber": "1", 
            "links": [
                {
                    "category": "Halakhah", 
                    "index_title": "Shulchan Arukh, Yoreh De'ah", 
                    "sourceHeRef": "יורה דעה של״ד:א׳", 
                    "sourceRef": "Shulchan Arukh, Yoreh De'ah 334:1"
                }
            ], 
            "he": " <b>לאלתר. </b> משמע אפי' בלא התראה מיהו בב''י משמע דאפי' לדבר איסור לא נהגו לנדות אלא לאחר התראה. ש''ך: \n"
        }, 
        {
            "segmentNumber": "2", 
            "links": [
                {
                    "category": "Halakhah", 
                    "index_title": "Shulchan Arukh, Yoreh De'ah", 
                    "sourceHeRef": "יורה דעה של״ד:א׳", 
                    "sourceRef": "Shulchan Arukh, Yoreh De'ah 334:1"
                }
            ], 
            "he": " <b>משלשים. </b> כתב ב''י בשם הקונטרסים דנ''מ אם חכם נדהו משום כבודו והלך לו אין מתירין לו עד אחר ל' יום לדידהו ולדידן ז' ימים דכיון דהלך לו מסתמא ניחא ליה שיתירוהו אחר זמן זה עכ''ל. ור''ל דאין לפ' דאין ביד הב''ד למעט הנידוי פחות מל' יום דהא ליתא כדלקמן ס''ו. ש''ך: \n"
        }, 
        {
            "segmentNumber": "3", 
            "links": [
                {
                    "category": "Halakhah", 
                    "index_title": "Shulchan Arukh, Yoreh De'ah", 
                    "sourceHeRef": "יורה דעה של״ד:א׳", 
                    "sourceRef": "Shulchan Arukh, Yoreh De'ah 334:1"
                }
            ], 
            "he": " <b>לחוש. </b> והט''ז כ' שאין לעשות מעשה כהג''ה זאת ומביא כמה ראיות והוכחות על זה ע''ש <small>(ובנה''כ כתב דיש לדחות כל ראיותיו כיון דדין ב''ד הוא שמנדין אותו אין לחוש דאל''כ בטלה דין ישראל עכ''ל)</small>: \n\n"
        }, 
        {
            "segmentNumber": "4", 
            "links": [
                {
                    "category": "Halakhah", 
                    "index_title": "Shulchan Arukh, Yoreh De'ah", 
                    "sourceHeRef": "יורה דעה של״ד:ב׳", 
                    "sourceRef": "Shulchan Arukh, Yoreh De'ah 334:2"
                }
            ], 
            "he": " <b>אמותיו. </b> כ' הש''ך וד' אמות אלו הן לכל צד ד' אמות והוא באמצען והן ח' אמות וגם תפסי אפי' בר''ה או בסמטא ובשדה הפקר אבל לא בבית אחר: \n"
        }, 
        {
            "segmentNumber": "5", 
            "links": [
                {
                    "category": "Halakhah", 
                    "index_title": "Shulchan Arukh, Yoreh De'ah", 
                    "sourceHeRef": "יורה דעה של״ד:ב׳", 
                    "sourceRef": "Shulchan Arukh, Yoreh De'ah 334:2"
                }
            ], 
            "he": " <b>מזמנין. </b> דוקא בנתנדה מחמת עבירה אבל לא שנתנדה מחמת ממון. כ''כ בתשובת הרשב''א: \n"
        }, 
        {
            "segmentNumber": "6", 
            "links": [
                {
                    "category": "Halakhah", 
                    "index_title": "Shulchan Arukh, Yoreh De'ah", 
                    "sourceHeRef": "יורה דעה של״ד:ב׳", 
                    "sourceRef": "Shulchan Arukh, Yoreh De'ah 334:2"
                }
            ], 
            "he": " <b>בפירוש. </b> שלא פירשו בנידוי שלא יצרפוהו למנין. ט''ז: \n"
        }, 
        {
            "segmentNumber": "7", 
            "links": [
                {
                    "category": "Halakhah", 
                    "index_title": "Shulchan Arukh, Yoreh De'ah", 
                    "sourceHeRef": "יורה דעה של״ד:ב׳", 
                    "sourceRef": "Shulchan Arukh, Yoreh De'ah 334:2"
                }
            ], 
            "he": " <b>להתרחק. </b> היינו אותן שבאו לארבע אמותיו אבל אותן שהיו תחלה שם ובא אצלן א''צ להתרחק כדלקמן בהג''ה. ש''ך: \n"
        }, 
        {
            "segmentNumber": "8", 
            "links": [
                {
                    "category": "Halakhah", 
                    "index_title": "Shulchan Arukh, Yoreh De'ah", 
                    "sourceHeRef": "יורה דעה של״ד:ב׳", 
                    "sourceRef": "Shulchan Arukh, Yoreh De'ah 334:2"
                }
            ], 
            "he": " <b>הסנדל. </b> וכ''פ בא''ח סי' תקנ''ד סי''ז ולקמן סי' שפ''ב ס''ד. וכ' הש''ך ותימה דבב''י פסק כאן דמותר בנעילת הסנדל וכ''כ הריב''ש ס''ס קע''ג בשם הרשב''א והכי נהוג גם א''צ קריעה ועטיפת ראש וכפיית המטה כאבל ומותר ברחיצה וסיכה ותשמיש המטה ובתפילין ושאלת שלום כן הסכמת רוב הפוסקים. עכ''ל: \n"
        }, 
        {
            "segmentNumber": "9", 
            "links": [
                {
                    "category": "Halakhah", 
                    "index_title": "Shulchan Arukh, Yoreh De'ah", 
                    "sourceHeRef": "יורה דעה של״ד:ב׳", 
                    "sourceRef": "Shulchan Arukh, Yoreh De'ah 334:2"
                }
            ], 
            "he": " <b>עומד. </b> וצ''ע אי מהלך תופס ארבע אמות. ש''ך: \n\n"
        }, 
        {
            "segmentNumber": "10", 
            "links": [
                {
                    "category": "Halakhah", 
                    "index_title": "Shulchan Arukh, Yoreh De'ah", 
                    "sourceHeRef": "יורה דעה של״ד:ג׳", 
                    "sourceRef": "Shulchan Arukh, Yoreh De'ah 334:3"
                }
            ], 
            "he": " <b>אבן. </b> וא''צ לעשות עליו גל כגלו של עכן. ש''ך: \n"
        }, 
        {
            "segmentNumber": "11", 
            "links": [
                {
                    "category": "Halakhah", 
                    "index_title": "Shulchan Arukh, Yoreh De'ah", 
                    "sourceHeRef": "יורה דעה של״ד:ג׳", 
                    "sourceRef": "Shulchan Arukh, Yoreh De'ah 334:3"
                }
            ], 
            "he": " <b>מספידין. </b> אבל כבוד החיים עושים לאבלים עומדים בשורה ומנחמים. הרמב''ן. וגם לענין קבורה ותכריכי המת הוא כשאר בני אדם ואפי' מוחרם נקבר בקברי אבותיו. תשובת הרשב''א: \n\n"
        }, 
        {
            "segmentNumber": "12", 
            "links": [
                {
                    "category": "Halakhah", 
                    "index_title": "Shulchan Arukh, Yoreh De'ah", 
                    "sourceHeRef": "יורה דעה של״ד:ו׳", 
                    "sourceRef": "Shulchan Arukh, Yoreh De'ah 334:6"
                }
            ], 
            "he": " <b>הספר. </b> ומהרש''ל כתב חלילה לבטלם שהעולם אינו מתקיים אלא בהבל פיהם של תינוקות. גם מ''ש להוציא אשתו מבהכ''נ לא נהירא אם הוא חטא היא מה חטאה וכו' וכתב הט''ז דיש לתמוה עליו יותר דלפי דעתו כ''ש שהיה לו לתמוה על שלא יקברו לו מתו דמה חטאה הנפש ההיא שתהא מוטלת בבזיון וכמ''ש הטור סי' שמ''א דבזיוני דכולי חיי הוא אלא ע''כ דכל זה לא מיירי רק בבניו הקטנים שאין בהם זכות מצד עצמן עדיין אלא תלויים ועומדים בזכות אביהם אותם יש רשות לעכב הקבורה אבל לא גדולים <small>(שהם בני קיבולי שכר או עונש מצד עצמן)</small> ומזה הטעם יש ג''כ רשות לגרש בניו הקטנים מבית הספר אבל באשתו ודאי אין שום טעם לבזותה דהיא עולה עמו ואינו יורדת עמו עכ''ל: \n\n"
        }, 
        {
            "segmentNumber": "13", 
            "links": [
                {
                    "category": "Halakhah", 
                    "index_title": "Shulchan Arukh, Yoreh De'ah", 
                    "sourceHeRef": "יורה דעה של״ד:ז׳", 
                    "sourceRef": "Shulchan Arukh, Yoreh De'ah 334:7"
                }
            ], 
            "he": " <b>יראתם. </b> וכ' הט''ז ואם הוא מוסיף ועושה זה החטא פשיטא שאין זה תלוי בזמן וזה נ''ל פשוט עכ''ל: \n\n"
        }, 
        {
            "segmentNumber": "14", 
            "links": [
                {
                    "category": "Halakhah", 
                    "index_title": "Shulchan Arukh, Yoreh De'ah", 
                    "sourceHeRef": "יורה דעה של״ד:י׳", 
                    "sourceRef": "Shulchan Arukh, Yoreh De'ah 334:10"
                }
            ], 
            "he": " <b>רשאים. </b> כתב הש''ך אלא לעולם נחשב לו כאילו אותו היום עשה מחדש דצ''ע הא בזמון ובתפלה בי' בלא''ה מנודה אסור כדלעיל ס''ב ולפי מ''ש לעיל דדוקא בנתנדה מחמת עבירה אינו מצטרף לזימון ולעשרה אבל לא בנתנדה מחמת ממון י''ל דהמחבר אשמועינן דאף בנתנדה מחמת ממון הרשות ביד ב''ד לנדות שלא יזמן בג' ולא יתפלל בי' עכ''ל: \n\n"
        }, 
        {
            "segmentNumber": "15", 
            "links": [
                {
                    "category": "Halakhah", 
                    "index_title": "Shulchan Arukh, Yoreh De'ah", 
                    "sourceHeRef": "יורה דעה של״ד:י״א", 
                    "sourceRef": "Shulchan Arukh, Yoreh De'ah 334:11"
                }
            ], 
            "he": " <b>עבירה. </b> ודוקא נתנדה אבל עבר עבירה לחוד אע''פ שהוא עבריין מצטרף כדלעיל ס''ב בהג''ה ובממון אפי' נתנדה מצטרף. ש''ך: \n\n"
        }, 
        {
            "segmentNumber": "16", 
            "links": [
                {
                    "category": "Halakhah", 
                    "index_title": "Shulchan Arukh, Yoreh De'ah", 
                    "sourceHeRef": "יורה דעה של״ד:י״ב", 
                    "sourceRef": "Shulchan Arukh, Yoreh De'ah 334:12"
                }
            ], 
            "he": " <b>עליו. </b> כתב הש''ך ונראה דלצירוף זימון ומנין מ''מ אסור אם נתנדה מחמת עבירה שהרי אין זה מטעם אבילות דהא אבל עצמו מצטרף לזימון ומנין כדלקמן ס''ס שע''ט: \n\n"
        }, 
        {
            "segmentNumber": "17", 
            "links": [
                {
                    "category": "Halakhah", 
                    "index_title": "Shulchan Arukh, Yoreh De'ah", 
                    "sourceHeRef": "יורה דעה של״ד:י״ג", 
                    "sourceRef": "Shulchan Arukh, Yoreh De'ah 334:13"
                }
            ], 
            "he": " <b>אומרים. </b> ר''ל כשמנדים אוחו סתם אמרינן שיהא בנידוי ל' יום. ש''ך: \n"
        }, 
        {
            "segmentNumber": "18", 
            "links": [
                {
                    "category": "Halakhah", 
                    "index_title": "Shulchan Arukh, Yoreh De'ah", 
                    "sourceHeRef": "יורה דעה של״ד:י״ג", 
                    "sourceRef": "Shulchan Arukh, Yoreh De'ah 334:13"
                }
            ], 
            "he": " <b>וסובר. </b> והט''ז חולק ע''ז ומאריך בראיותיו ומסיק שדברי רמ''א כאן שתוך ל' יום לא מועיל חזרה הוא דלא כמאן ולית מאן דחש לה וע''ש: \n\n"
        }, 
        {
            "segmentNumber": "19", 
            "links": [
                {
                    "category": "Halakhah", 
                    "index_title": "Shulchan Arukh, Yoreh De'ah", 
                    "sourceHeRef": "יורה דעה של״ד:י״ד", 
                    "sourceRef": "Shulchan Arukh, Yoreh De'ah 334:14"
                }
            ], 
            "he": " <b>משפטו. </b> וכתוב בקונטרסים משמע לי שאסור בתספורת אותו היום דאין למתאנח ועצב לספר ולגלח. עכ''ל ב''י: \n"
        }, 
        {
            "segmentNumber": "20", 
            "links": [
                {
                    "category": "Halakhah", 
                    "index_title": "Shulchan Arukh, Yoreh De'ah", 
                    "sourceHeRef": "יורה דעה של״ד:י״ד", 
                    "sourceRef": "Shulchan Arukh, Yoreh De'ah 334:14"
                }
            ], 
            "he": " <b>זמן. </b> היינו ז' לבני א''י ויום א' לבני בבל כדלעיל בריש הסימן: \n\n"
        }, 
        {
            "segmentNumber": "21", 
            "links": [
                {
                    "category": "Halakhah", 
                    "index_title": "Shulchan Arukh, Yoreh De'ah", 
                    "sourceHeRef": "יורה דעה של״ד:ט״ו", 
                    "sourceRef": "Shulchan Arukh, Yoreh De'ah 334:15"
                }
            ], 
            "he": " <b>לשאר. </b> אפי' הם קטנים ממנו. ב''י וד''מ: \n"
        }, 
        {
            "segmentNumber": "22", 
            "links": [
                {
                    "category": "Halakhah", 
                    "index_title": "Shulchan Arukh, Yoreh De'ah", 
                    "sourceHeRef": "יורה דעה של״ד:ט״ו", 
                    "sourceRef": "Shulchan Arukh, Yoreh De'ah 334:15"
                }
            ], 
            "he": " <b>לחכמים. </b> והש''ך מביא הרבה פוסקים דסברי דמנודה לשאר החכמים שהם כמותו כל שאינן גדולים ממנו ולפ''ז כ''ש ברב שנידה שמנודה לשאר החכמים מיהו נראה שכ''ז אם התלמיד הוא ת''ח שראוי לנדות לכבודו וכדלקמן סי''ח עכ''ל: \n"
        }, 
        {
            "segmentNumber": "23", 
            "links": [
                {
                    "category": "Halakhah", 
                    "index_title": "Shulchan Arukh, Yoreh De'ah", 
                    "sourceHeRef": "יורה דעה של״ד:ט״ו", 
                    "sourceRef": "Shulchan Arukh, Yoreh De'ah 334:15"
                }
            ], 
            "he": " <b>אפקירותא. </b> הוא מן התלמיד והתלמיד עצמו צריך נידוי: \n"
        }, 
        {
            "segmentNumber": "24", 
            "links": [
                {
                    "category": "Halakhah", 
                    "index_title": "Shulchan Arukh, Yoreh De'ah", 
                    "sourceHeRef": "יורה דעה של״ד:ט״ו", 
                    "sourceRef": "Shulchan Arukh, Yoreh De'ah 334:15"
                }
            ], 
            "he": " <b>לקיים. </b> וכ''כ הרב לעיל ס''ס רכ''ח לענין גזירת הקהל: \n\n"
        }, 
        {
            "segmentNumber": "25", 
            "links": [
                {
                    "category": "Halakhah", 
                    "index_title": "Shulchan Arukh, Yoreh De'ah", 
                    "sourceHeRef": "יורה דעה של״ד:ט״ז", 
                    "sourceRef": "Shulchan Arukh, Yoreh De'ah 334:16"
                }
            ], 
            "he": " <b>בפניו. </b> אע''פ שאינו בפני רבו: \n"
        }, 
        {
            "segmentNumber": "26", 
            "links": [
                {
                    "category": "Halakhah", 
                    "index_title": "Shulchan Arukh, Yoreh De'ah", 
                    "sourceHeRef": "יורה דעה של״ד:ט״ז", 
                    "sourceRef": "Shulchan Arukh, Yoreh De'ah 334:16"
                }
            ], 
            "he": " <b>לרב. </b> וה''ה לגדול מן התלמיד בחכמה. הריב''ש. ונראה דאפי' אותו גדול הוא התלמיד של אותו הרב שנידוהו לכבודו מ''מ כיון דאינו מנודה לרב אינו חייב לנהוג בו נידוי עכ''ל הש''ך: \n\n"
        }, 
        {
            "segmentNumber": "27", 
            "links": [
                {
                    "category": "Halakhah", 
                    "index_title": "Shulchan Arukh, Yoreh De'ah", 
                    "sourceHeRef": "יורה דעה של״ד:י״ח", 
                    "sourceRef": "Shulchan Arukh, Yoreh De'ah 334:18"
                }
            ], 
            "he": " <b>מחרימין. </b> מיהו היינו דוקא יחיד אבל ב''ד פשיטא שיכולים להחרים. ש''ך: \n"
        }, 
        {
            "segmentNumber": "28", 
            "links": [
                {
                    "category": "Talmud", 
                    "index_title": "Niddah", 
                    "sourceHeRef": "נדה א׳ א", 
                    "sourceRef": "Niddah 1a"
                }, 
                {
                    "category": "Halakhah", 
                    "index_title": "Shulchan Arukh, Yoreh De'ah", 
                    "sourceHeRef": "יורה דעה של״ד:י״ח", 
                    "sourceRef": "Shulchan Arukh, Yoreh De'ah 334:18"
                }
            ], 
            "he": " <b>שיעשה. </b> פי' שכבר נידהו הרב ובא זה המנודה ומבטיחו לפייסו לא מהני עד שיעשה הפיוס <small>(משא''כ במבטיחו קודם הנידוי לא ינדה אע''פ שעדיין לא עשה)</small>. ט''ז. וע''ל סי' רמ''ג ס''ח אם ת''ח בזה''ז יכול לנדות לעצמו: \n\n"
        }, 
        {
            "segmentNumber": "29", 
            "links": [
                {
                    "category": "Halakhah", 
                    "index_title": "Shulchan Arukh, Yoreh De'ah", 
                    "sourceHeRef": "יורה דעה של״ד:י״ט", 
                    "sourceRef": "Shulchan Arukh, Yoreh De'ah 334:19"
                }
            ], 
            "he": " <b>נתכוין. </b> ובהג''מ בשם הרמ''ך פי' דהיינו כשלא ביזהו כלל אלא שאינו מכבדו כמו שהוא חייב לכבדו בקימה והידור אין נידויו נידוי. ומהרי''ק בשם מהר''מ פי' דמיירי שנידה אותו בשביל שמעכב ממונו שלא כדין אף ע''פ שכהלכה נידהו אין נידויו נידוי וכ''כ הרא''ש בתשו' עכ''ל הש''ך: \n\n"
        }, 
        {
            "segmentNumber": "30", 
            "links": [
                {
                    "category": "Halakhah", 
                    "index_title": "Shulchan Arukh, Yoreh De'ah", 
                    "sourceHeRef": "יורה דעה של״ד:כ׳", 
                    "sourceRef": "Shulchan Arukh, Yoreh De'ah 334:20"
                }
            ], 
            "he": " <b>לעירו. </b> כתב הש''ך דהב''ח פירש דהיינו במנודה מחמת כבוד דאפקיר כנגדם אע''פ שלא הפקיר בבי דינא אבל במנודה לב''ד מחמת דלא ציית דינא או באפקירותא דב''ד לדבר עבירה דינו שוה בין לעירו ובין לעיר אחרת דלכל ישראל הוא מנודה וחייבים לנהוג בו נידוי וכ''פ הלבוש עכ''ל: \n"
        }, 
        {
            "segmentNumber": "31", 
            "links": [
                {
                    "category": "Halakhah", 
                    "index_title": "Shulchan Arukh, Yoreh De'ah", 
                    "sourceHeRef": "יורה דעה של״ד:כ׳", 
                    "sourceRef": "Shulchan Arukh, Yoreh De'ah 334:20"
                }
            ], 
            "he": " <b>כיוצא. </b> אבל לא לעדיפי מינה כמ''ש ב''י: \n\n"
        }, 
        {
            "segmentNumber": "32", 
            "links": [
                {
                    "category": "Halakhah", 
                    "index_title": "Shulchan Arukh, Yoreh De'ah", 
                    "sourceHeRef": "יורה דעה של״ד:כ״א", 
                    "sourceRef": "Shulchan Arukh, Yoreh De'ah 334:21"
                }
            ], 
            "he": " <b>לנשיא. </b> שנידהו לכבודו: \n\n"
        }, 
        {
            "segmentNumber": "33", 
            "links": [
                {
                    "category": "Halakhah", 
                    "index_title": "Shulchan Arukh, Yoreh De'ah", 
                    "sourceHeRef": "יורה דעה של״ד:כ״ג", 
                    "sourceRef": "Shulchan Arukh, Yoreh De'ah 334:23"
                }
            ], 
            "he": " <b>התרת. </b> כתב הט''ז דמי שהוא בחרם ומתירין לו יכריז השמש שאינו בחרם עוד משום חשדא שמא לא ישמע אחד הפטור מהחרם וכשיראה שאין נוהגים בו דין מוחרם יזלזל בנידוי וחרם ולא יחוש אח''כ לגזרת חכמים: \n\n"
        }, 
        {
            "segmentNumber": "34", 
            "links": [
                {
                    "category": "Halakhah", 
                    "index_title": "Shulchan Arukh, Yoreh De'ah", 
                    "sourceHeRef": "יורה דעה של״ד:כ״ד", 
                    "sourceRef": "Shulchan Arukh, Yoreh De'ah 334:24"
                }
            ], 
            "he": " <b>מומחה. </b> כתב הש''ך נראה דהאידנא ליכא יחיד מומחה כמו לענין נדרים לעיל ר''ס רכ''ח. אבל מדברי הב''ח משמע דאף בזה''ז מותר ביחיד מומחה וצריך לחלק דהתם בעינן גמיר וסביר בדיני נדרים משא''כ הכא עכ''ל: \n\n"
        }, 
        {
            "segmentNumber": "35", 
            "links": [
                {
                    "category": "Halakhah", 
                    "index_title": "Shulchan Arukh, Yoreh De'ah", 
                    "sourceHeRef": "יורה דעה של״ד:כ״ה", 
                    "sourceRef": "Shulchan Arukh, Yoreh De'ah 334:25"
                }
            ], 
            "he": " <b>גדולים. </b> כתב הראב''ד והיינו כשבאין להתיר תוך זמן הנדר אבל כשישלים הזמן כל ג' או יחיד מומחה מתירין לו. א''נ כשנידהו יחיד אפי' אינו מומחה על דבר עבירה כשישלים לו הזמן מתירין לו כל ג' או יחיד מומחה אבל נידוהו רבים צריכים רבים כמותן להתירו עכ''ל: \n\n"
        }, 
        {
            "segmentNumber": "36", 
            "links": [
                {
                    "category": "Halakhah", 
                    "index_title": "Shulchan Arukh, Yoreh De'ah", 
                    "sourceHeRef": "יורה דעה של״ד:כ״ו", 
                    "sourceRef": "Shulchan Arukh, Yoreh De'ah 334:26"
                }
            ], 
            "he": " <b>הם. </b> או בני אדם כנגדם חשובים כמותם. וכ' הטור בשם הראב''ד אם נידוהו ואינו יודע מי נידהו אין אחרים יכולים להתירו אלא הנשיא: \n\n"
        }, 
        {
            "segmentNumber": "37", 
            "links": [
                {
                    "category": "Halakhah", 
                    "index_title": "Shulchan Arukh, Yoreh De'ah", 
                    "sourceHeRef": "יורה דעה של״ד:כ״ט", 
                    "sourceRef": "Shulchan Arukh, Yoreh De'ah 334:29"
                }
            ], 
            "he": " <b>בפניו. </b> הטעם כ' הר''ן משום חשדא שלא יזלזל הוא בעצמו בגזרת חכמים כמ''ש בס''ק ל''ג ע''ש וכ' הש''ך דלפ''ז כל שהודיעוהו דליכא חשדא מתירין לו שלא בפניו אפי' לכתחילה מיהו מדברי הרא''ש משמע דלכתחלה לכ''ע אין להתיר לו שלא בפניו אפי' ע''י שיודיעוהו עכ''ל: \n\n"
        }, 
        {
            "segmentNumber": "38", 
            "links": [
                {
                    "category": "Halakhah", 
                    "index_title": "Shulchan Arukh, Yoreh De'ah", 
                    "sourceHeRef": "יורה דעה של״ד:ל״א", 
                    "sourceRef": "Shulchan Arukh, Yoreh De'ah 334:31"
                }
            ], 
            "he": " <b>הגיע. </b> וכתב הש''ך דבב''י משמע אפי' אם נידוהו אחרים דינא הכי ותימה דלעיל סי' רכ''ח סי''ז פסקו המחבר והלבוש והב''ח דה''ה דהמנדה עצמו על תנאי שאין מתירין לו עד שיחול כמו נדר ולענין הלכה נראה עיקר וכ''פ הט''ז. וכתב הש''ך דנראה מדברי הריב''ש שלא נאמר זה אלא ביחיד הנודר אבל בחרמי תקנות הקהל לא והוי כאלו התנו כן בפירוש בשעת הנדר והחרם וכ''נ עיקר עכ''ל: \n\n"
        }, 
        {
            "segmentNumber": "39", 
            "links": [
                {
                    "category": "Halakhah", 
                    "index_title": "Shulchan Arukh, Yoreh De'ah", 
                    "sourceHeRef": "יורה דעה של״ד:ל״ב", 
                    "sourceRef": "Shulchan Arukh, Yoreh De'ah 334:32"
                }
            ], 
            "he": " <b>שאין. </b> שכיון שנידה עצמו בעה''ב הכניס עצמו בנידוי שלמעלה ומי יתירנו לו. ש''ך: \n\n"
        }, 
        {
            "segmentNumber": "40", 
            "links": [
                {
                    "category": "Halakhah", 
                    "index_title": "Shulchan Arukh, Yoreh De'ah", 
                    "sourceHeRef": "יורה דעה של״ד:ל״ג", 
                    "sourceRef": "Shulchan Arukh, Yoreh De'ah 334:33"
                }
            ], 
            "he": " <b>שבועה. </b> שאמר אני נשבע להיות בנידוי אם אעשה דבר פלוני. ב''י ופרישה: \n\n"
        }, 
        {
            "segmentNumber": "41", 
            "links": [
                {
                    "category": "Halakhah", 
                    "index_title": "Shulchan Arukh, Yoreh De'ah", 
                    "sourceHeRef": "יורה דעה של״ד:ל״ד", 
                    "sourceRef": "Shulchan Arukh, Yoreh De'ah 334:34"
                }
            ], 
            "he": " <b>עשרה. </b> כתב הש''ך דמדברי הב''ח נראה דה''ה לעיל סל''ג בת''ח דאינו יכול להתיר לעצמו צריך י' שיתירו לו וע''ש עכ''ל: \n\n"
        }, 
        {
            "segmentNumber": "42", 
            "links": [
                {
                    "category": "Halakhah", 
                    "index_title": "Shulchan Arukh, Yoreh De'ah", 
                    "sourceHeRef": "יורה דעה של״ד:ל״ה", 
                    "sourceRef": "Shulchan Arukh, Yoreh De'ah 334:35"
                }
            ], 
            "he": " <b>במקומו. </b> כתב הט''ז בזה א''צ לטרוח עד פרסה שאין להם מעלה גדולה כ''כ יתר על ג' כנ''ל עכ''ל. וכתב הר''ן צ''ע במי שנידוהו בחלומו אם צריך לנהוג בכל דיני המנודה ומסתימת דברי הפוסקים משמע דשוה למנודה בכל דבר. ש''ך: \n\n"
        }, 
        {
            "segmentNumber": "43", 
            "links": [
                {
                    "category": "Halakhah", 
                    "index_title": "Shulchan Arukh, Yoreh De'ah", 
                    "sourceHeRef": "יורה דעה של״ד:ל״ו", 
                    "sourceRef": "Shulchan Arukh, Yoreh De'ah 334:36"
                }
            ], 
            "he": " <b>מכונסים. </b> דהוי כנידוהו בפניו שאין מתירין לו אלא בפניו רק דאם מצאם מכונסים אמרינן דמסתייע מילתא והוי כבפניו אבל ע''י מנודה עצמו ודאי מועיל אפילו ע''י חיזור בני אדם. תוספות: \n\n"
        }, 
        {
            "segmentNumber": "44", 
            "links": [
                {
                    "category": "Halakhah", 
                    "index_title": "Shulchan Arukh, Yoreh De'ah", 
                    "sourceHeRef": "יורה דעה של״ד:ל״ז", 
                    "sourceRef": "Shulchan Arukh, Yoreh De'ah 334:37"
                }
            ], 
            "he": " <b>מכשול. </b> שאחרים אינם יודעים שנידה את זה: \n\n"
        }, 
        {
            "segmentNumber": "45", 
            "links": [
                {
                    "category": "Halakhah", 
                    "index_title": "Shulchan Arukh, Yoreh De'ah", 
                    "sourceHeRef": "יורה דעה של״ד:מ״ג", 
                    "sourceRef": "Shulchan Arukh, Yoreh De'ah 334:43"
                }
            ], 
            "he": " <b>החכם. </b> והוא שראוי להורות ויגע בתורה. ב''י בשם הקונטרסים: \n"
        }, 
        {
            "segmentNumber": "46", 
            "links": [
                {
                    "category": "Halakhah", 
                    "index_title": "Shulchan Arukh, Yoreh De'ah", 
                    "sourceHeRef": "יורה דעה של״ד:מ״ג", 
                    "sourceRef": "Shulchan Arukh, Yoreh De'ah 334:43"
                }
            ], 
            "he": " <b>המחשב. </b> כ' הש''ך נראה דהיינו דוקא כשמחשב וקובע ע''פ שהיו רגילים לקבוע בא''י בזמן שהיה ב''ה קיים אבל לחשב בתקופות ומזלות כמו שנהגו האידנא אדרבה מצוה היא כדאמרי' כל היודע לחשב תקופות ומזלות ואינו חושב עליו הכתוב אומר ואת פועל ה' לא יביטו וגו': \n"
        }, 
        {
            "segmentNumber": "47", 
            "links": [
                {
                    "category": "Halakhah", 
                    "index_title": "Shulchan Arukh, Yoreh De'ah", 
                    "sourceHeRef": "יורה דעה של״ד:מ״ג", 
                    "sourceRef": "Shulchan Arukh, Yoreh De'ah 334:43"
                }
            ], 
            "he": " <b>למי. </b> ובא לב''ד להתרעם עליו שנידהו שלא כדין ב''ד מנדין אותו כ''כ הלבוש ומשמע דכל שלא בא לב''ד לקבול עליו אין ב''ד נזקקין לנדותו. ובכסף משנה כתב בשם הרשב''ץ בתשובה דהכא מיירי במי שרגיל בכך שב''ד נזקקין לנדותו ומשמע דברגיל אפי' אינו קובל עליו הב''ד נזקקין לנדותו עכ''ל הש''ך: \n\n"
        }, 
        {
            "segmentNumber": "48", 
            "links": [
                {
                    "category": "Halakhah", 
                    "index_title": "Shulchan Arukh, Yoreh De'ah", 
                    "sourceHeRef": "יורה דעה של״ד:מ״ד", 
                    "sourceRef": "Shulchan Arukh, Yoreh De'ah 334:44"
                }
            ], 
            "he": " <b>לשאלה. </b> וע''ל סי' רכ''ח ס''כ וסי' רל''ח ס''כ וצ''ע דנראין דברי המחבר כסתרי אהדדי וע''ש וק''ל ונ''ל לתרץ דמ''ש המחבר כאן שכל ב''ד שנזקק לשאלה בר שמתא הוא איירי בדבר שעדיין לא נהג איסור כימים שנהג בהם היתר כדלעיל סי' ר''ח וכן הוא בש''ס. אבל אח''כ אע''פ שעבר במזיד נשאל עליו. וכל זה בדבר ששייך לנהוג איסור וכו' אבל בדבר שאינו שייך כגון שנשבע שלא יאכל ככר ועבר ואכל מתירין לו מיד ומזה מיירי בסימן רכ''ח ורל''ח וכן מבואר חילוק זה להדיא בסימן ר''ח ס''ה ע''ש: \n\n"
        }, 
        {
            "segmentNumber": "49", 
            "links": [
                {
                    "category": "Halakhah", 
                    "index_title": "Shulchan Arukh, Yoreh De'ah", 
                    "sourceHeRef": "יורה דעה של״ד:מ״ו", 
                    "sourceRef": "Shulchan Arukh, Yoreh De'ah 334:46"
                }
            ], 
            "he": " <b>נידוי. </b> אפי' אין שמעון ת''ח. ודוקא אם מסרב אבל אם דוחהו איזה דחיה כגון אין לי מעות עכשיו וכה''ג לא הוי נידוי. מהרי''ק. וכן כשכופהו לצורך המס ולא נתחייב לגמרי אין נידויו נידוי. כ''כ בהגהת אשר''י: \n\n"
        }, 
        {
            "segmentNumber": "50", 
            "links": [
                {
                    "category": "Halakhah", 
                    "index_title": "Shulchan Arukh, Yoreh De'ah", 
                    "sourceHeRef": "יורה דעה של״ד:מ״ז", 
                    "sourceRef": "Shulchan Arukh, Yoreh De'ah 334:47"
                }
            ], 
            "he": " <b>עדים. </b> ולפעמים א''צ עדים כשרים אלא אפילו אשה או קטן או קרובים נאמנים בדבר של קטטות. כ''כ מהרי''ק וכן כתב הרב בח''מ ס''ס ל''ז עכ''ל הש''ך:    \n\n"
        }
    ], 
    "heTitle": "באר היטב יורה דעה", 
    "indexTitle": "Be'er Hetev on Shulchan Arukh, Yoreh De'ah", 
    "sectionRef": "Be'er Hetev on Shulchan Arukh, Yoreh De'ah 334", 
    "prev": "Be'er Hetev on Shulchan Arukh, Yoreh De'ah 333", 
    "ref": "Be'er Hetev on Shulchan Arukh, Yoreh De'ah 334", 
    "heRef": "באר היטב יורה דעה של״ד", 
    "next": "Be'er Hetev on Shulchan Arukh, Yoreh De'ah 335"
}