{
    "heTitleVariants": [
        "באר היטב יורה דעה"
    ], 
    "heTitle": "באר היטב יורה דעה", 
    "heRef": "באר היטב יורה דעה שע״ה", 
    "toSections": [
        375
    ], 
    "sectionRef": "Be'er Hetev on Shulchan Arukh, Yoreh De'ah 375", 
    "next": "Be'er Hetev on Shulchan Arukh, Yoreh De'ah 376", 
    "content": [
        {
            "segmentNumber": "1", 
            "he": " <b>אחרת. </b> אבל הקוברים בבה''ק סמוך לעיר החוזרים משערי העיר אין מתאבלין עד שיאמרו להם שנקבר ונ''מ לענין קובר מתו בערב הרגל עכ''ל הש''ך <small>(ועוד יש נ''מ דכתב לעיל סי' שע''ד דנשתרבב המנהג שאין אב ואם הולכין אחר בניהם הראשון א''כ אם אירע כן בערב הרגל אין למנות מעת שיחזרו פניהם מללוות אלא ג''כ עד שאומרים לו שנקבר. ונ''מ שאם אירע כן שאומרים לו שנקבר הוא קודם בין השמשות זמן מה שא''צ עוד למנות ז' אבל אם אומרים שנקבר והוא בין השמשות צריך למנות ז' אחר הרגל <small>(בה''י)</small> והנה בשיעור ריחוק מקום אחר לא הוזכר פה אלא כשהוא רחוק כ''כ שאינם יודעים מתי יקבור וזהו סברת הרמב''ם בשיעור זה. והרמב''ן כתב סתם במוליכין אותו מעיר לעיר דכיון שמסרוהו לאיזו שמוליכין אותו והחזירו פניהם כבר נתיאשו ממנו ויאוש כסתימת גולל וכו' ואח''כ כתב וכן נראין דברי הרמב''ם ז''ל שכתב מי שדרכן לשלוח המת למדינה אחרת לקברו ואינם יודעים מתי יקבר מעת שיחזרו פניהם מתחילין למנות כו' ואח''כ כתב דעת בה''ג שלא חילק אלא כדנפיק ממתא ואינשי ליה מקרובים חדא שעתא מקמי דליפול רגל חלה אבילות עליהם ובטלה ממנו גזרת ז' והכריע הב''י כהרמב''ם וזהו שכתב כאן כשהוא רחוק כ''כ שאינם יודעים מתי יקבר. והרדב''ז שאלה ס''ג כתב ג''כ כרמב''ם והרמב''ן אלא שכתב לבסוף והיכא דנקבר בה''ש של ע''ש חל האבילות אפילו על אותן שלא הלכו עם המטה ועולה להם יום א' וכן אם היה ערב הרגל מבטל מהם הרגל גזרת ז' אע''פ שלא חזרו הקרובים אלא אחר שנכנס שבת או הרגל אע''פ שבשאר הימים לא חל עליהם אבילות עד שיחזרו הקרובים כדעת הרמב''ן. ע''ש עוד. ועי' תשובת דרכי נועם שאלה י''ט וך'. וראנ''ח ח''ב שאלה נ''ח)</small>: \n", 
            "links": [
                {
                    "category": "Halakhah", 
                    "sourceHeRef": "יורה דעה שע״ה:ב׳", 
                    "index_title": "Shulchan Arukh, Yoreh De'ah", 
                    "sourceRef": "Shulchan Arukh, Yoreh De'ah 375:2"
                }
            ], 
            "text": ""
        }, 
        {
            "segmentNumber": "2", 
            "he": " <b>שבכאן. </b> כתב הש''ך ומדברי הרמב''ן מבואר דדוקא אם יכול לבא אל הקבר תוך ג' ימים אבל אם אינו יכול לבא תוך ג' ימים אלו שבבית מונין מיד וגדול הבית שבבה''ק משיסתם הגולל ואין נגררים עמו ע''כ ודוקא לחומרא אזלינן בתר גדול המשפחה דאין מונין אלא משיקבר אבל אם גדול המשפחה הוא אצל אלו שנשארו בבית אינו מעלה ומוריד אלא אעפ''כ ההולכין עם המת אין מונין אלא משיקבר אבל דעת הטור דהכל הולך אחר גדול הבית דאם נשאר כאן אלו ואלו מונין משיצא המת וכן נראה דעת הרמב''ן וכו' ע''ש: \n", 
            "links": [
                {
                    "category": "Halakhah", 
                    "sourceHeRef": "יורה דעה שע״ה:ב׳", 
                    "index_title": "Shulchan Arukh, Yoreh De'ah", 
                    "sourceRef": "Shulchan Arukh, Yoreh De'ah 375:2"
                }
            ], 
            "text": ""
        }, 
        {
            "segmentNumber": "3", 
            "he": " <b>דביתא. </b> וכתב הרשב''א דמי שמתה אשתו הבעל נקרא גדול המשפחה: \n\n", 
            "links": [
                {
                    "category": "Halakhah", 
                    "sourceHeRef": "יורה דעה שע״ה:ב׳", 
                    "index_title": "Shulchan Arukh, Yoreh De'ah", 
                    "sourceRef": "Shulchan Arukh, Yoreh De'ah 375:2"
                }
            ], 
            "text": ""
        }, 
        {
            "segmentNumber": "4", 
            "he": " <b>כקבורה. </b> דהוי כנתיאשו מלקברו דאע''ג דרוצים לקברו אח''כ בבה''ק מ''מ השתא במצור ה''ל קבורה מעלייתא לדידהו שהרי אם תלכד העיר לא יקברוהו בענין אחר עכ''ל הש''ך: \n\n", 
            "links": [
                {
                    "category": "Halakhah", 
                    "sourceHeRef": "יורה דעה שע״ה:ד׳", 
                    "index_title": "Shulchan Arukh, Yoreh De'ah", 
                    "sourceRef": "Shulchan Arukh, Yoreh De'ah 375:4"
                }
            ], 
            "text": ""
        }, 
        {
            "segmentNumber": "5", 
            "he": " <b>משנתיאשו. </b> ואין חילוק בין נתיאשו תוך ל' או אחר ל'. ש''ך: \n\n", 
            "links": [
                {
                    "category": "Halakhah", 
                    "sourceHeRef": "יורה דעה שע״ה:ה׳", 
                    "index_title": "Shulchan Arukh, Yoreh De'ah", 
                    "sourceRef": "Shulchan Arukh, Yoreh De'ah 375:5"
                }
            ], 
            "text": ""
        }, 
        {
            "segmentNumber": "6", 
            "he": " <b>מלקברו. </b> כתב הט''ז מעשה ביהודי אחד שהרגוהו בעשרה בטבת והשליכוהו בנהר רינו''ס ולפני אדר נתיאש בנו מלבקשו עוד והורה ר' יעקב למנות מעתה שבעה ושלשים ולאחר שעברו ימי האבילות נמצא אביו בתוך הנהר והובא לבה''ק והורה לו הזקן רק לקרוע והסכים עמו הרמב''ן עכ''ל: \n\n", 
            "links": [
                {
                    "category": "Halakhah", 
                    "sourceHeRef": "יורה דעה שע״ה:ו׳", 
                    "index_title": "Shulchan Arukh, Yoreh De'ah", 
                    "sourceRef": "Shulchan Arukh, Yoreh De'ah 375:6"
                }
            ], 
            "text": ""
        }, 
        {
            "segmentNumber": "7", 
            "he": " <b>סוף. </b> לאפוקי אם אין להם סוף דאין מתאבלין כלל מאחר שאין היתר לאשתו לא ינהגו אבילות וכן מ''ש או שיצא קול וכו' או שגררתו חיה דהיינו נמי בענין שמותרת אשתו להנשא וכ''כ הרב בא''ע סי' י''ז ס''ה דאשתו אסורה להספיד או ללבוש שחורים כל זמן שאין כאן עדות שהוא ראוי להשיאה על ידו ע''ש עכ''ל הש''ך: \n", 
            "links": [
                {
                    "category": "Halakhah", 
                    "sourceHeRef": "יורה דעה שע״ה:ז׳", 
                    "index_title": "Shulchan Arukh, Yoreh De'ah", 
                    "sourceRef": "Shulchan Arukh, Yoreh De'ah 375:7"
                }
            ], 
            "text": ""
        }, 
        {
            "segmentNumber": "8", 
            "he": " <b>שם. </b> כ' הש''ך וה''ה אם אינן שם ושמע באותו היום צריכין להתאבל כל אותו היום וגם בקרובים הדין כן ודלא כהמחבר וצ''ע עכ''ל: \n", 
            "links": [
                {
                    "category": "Halakhah", 
                    "sourceHeRef": "יורה דעה שע״ה:ז׳", 
                    "index_title": "Shulchan Arukh, Yoreh De'ah", 
                    "sourceRef": "Shulchan Arukh, Yoreh De'ah 375:7"
                }
            ], 
            "text": ""
        }, 
        {
            "segmentNumber": "9", 
            "he": " <b>שדינם. </b> היינו היכא שלא הלך גדול הבית עמהם לעיר אחרת כדלעיל ס''ב. ש''ך: \n\n", 
            "links": [
                {
                    "category": "Halakhah", 
                    "sourceHeRef": "יורה דעה שע״ה:ז׳", 
                    "index_title": "Shulchan Arukh, Yoreh De'ah", 
                    "sourceRef": "Shulchan Arukh, Yoreh De'ah 375:7"
                }
            ], 
            "text": ""
        }, 
        {
            "segmentNumber": "10", 
            "he": " <b>וי''א. </b> הנה הש''ך האריך מאד בדינים אלו וכלל העולה מדבריו ומסקנתו לענין דינא הוא כך. מי שמת לו קרוב ונודע לו במקומו מונה לעצמו משנודע לו ואפילו בא אח''כ למקום המת אצל שאר הקרובים שהתחילו כבר להתאבל לא יקצר אבלתו בשביל זה. וכן אם בא אצל הקרובים ואינם במקום שמת המת ולא במקום קבורה כל א' מונה לעצמו משעה שנודע לו. אבל אם לא ידע שמת לו מת עד שבא אצל הקרובים שבמקום המת או מקום קבורה אם היה במקום קרוב שהוא מהלך עשר פרסאות אפי' בא ביום הז' אם מצא מנחמין אצל גדול הבית אפי' שננערו לעמוד <small>(הואיל ומצא מנחמין עדיין שנוהגים קצת אבילות)</small> מונה עמהן דכיון שהגדול מונה עמהם גם הוא מונה עמהם אבל אם לא מצא אצלם גדול הבית מונה לעצמו וכן גדול הבית שבא ממקום קרוב מונה לעצמו ואם בשעת קבור' הלכו מקצת הקרובים לבה''ק מונין עם אלו שבבית בין גדולים בין קטנים בין שבה''ק קרוב או רחוק בין באו תוך ג' בין ביום ז'. והוא שבאו ומצאו מנחמין אצלם אבל אם לא מצאו מנחמין ביום ז' אותן שהלכו לבה''ק מונין לעצמן משיסתם הגולל. וכן הבא ממקום אחר לשם ומצא שהלך הגדול לבה''ק כיון שחזר הגדול אצלם אפי' ביום ז' ומונה עמהם אף זה נגרר עמהם ונמצא כולם מונין מנין א'. והוא שבא זה ממקום קרוב. ודוקא שנשארו מקצתן בבית אבל אם לא נשארו מקצתן בבית מונה לעצמו אם לא שבא תוך ג'. ואם לא חזר הגדול תוך ז' שאז הגדול מונה לעצמו משיסתם הגולל אז הבא ממקום קרוב ג''כ <small>(אינו מונה עם אותן שבבית משיצא המת)</small> אלא מונה לעצמו משעה שנודע לו. וכל זה שהלך הגדול לבה''ק במקום שאינו דר שם אבל הלך למקום שדר שם ונשאר שם אפי' אותן שנשארו כאן שהחזירו פניהם מהמת הולכים אחריו ומונים משיסתם הגולל. ודוקא שיכול לבא שם תוך שלשה אבל אם אינו יכול לבא שם תוך שלשה אלו שבכאן מונים מיד וגדול שבבה''ק מונה משיסתם הגולל ואם התחילו אותן שבבית והגדול למנות אבילותן בשוה הן משיצא המת או משיסתם הגולל אז הבא ממקום קרוב מונה עמהן בכל ענין אפילו בא ביום השביעי בעוד שנוהגין קצת אבילות כיון שחזר הגדול קודם שעמדו המנחמין ומונה עמהן אבל אם התחילו אבילותן בשוה והלך הגדול אח''כ לבית הקברות להתעסק בצרכי המת לעשות מצבה או בנין לקבר ולא חזר כלל אחר שבא הקרוב או שחזר אחר שעמדו המנחמין אז דינא הכי אם בא הקרוב תוך שלשה מונה עמהם ואם בא לאחר ג' מונה לעצמו ואם הלך הגדול לעסק אחר שלא לצורך המת אפילו בא הקרוב תוך ג' מונה לעצמו כיון שלא חזר הגדול לביתו ואם בא הקרוב ממקום רחוק בכל ענין מונה לעצמו וכל שדינו למנות עמהם אפילו חזר אחר כך לביתו מונה עמהם עכ''ל: \n\n", 
            "links": [
                {
                    "category": "Halakhah", 
                    "sourceHeRef": "יורה דעה שע״ה:ח׳", 
                    "index_title": "Shulchan Arukh, Yoreh De'ah", 
                    "sourceRef": "Shulchan Arukh, Yoreh De'ah 375:8"
                }
            ], 
            "text": ""
        }, 
        {
            "segmentNumber": "11", 
            "he": " <b>שהתפלל. </b> אבל אם עדיין הוא לא התפלל ערבית כתבו מהרש''ל וב''ח שאותו יום עולה לו אף על פי שהקהל התפללו ערבית. ואפילו למ''ד לעיל סימן קצ''ו לענין נדה דבתר צבורא גרירה שאני גבי אשה שרובן אינן מתפללות ונגררות אחר הקהל לכן אף אם היא רגילה להתפלל לא חלקו בדבר משא''כ הכא כ''כ מהרש''ל א''נ יש לחלק דלעיל איירי שהקהל התפללו ערבית והיא רצתה להקל על עצמה לעשות יום וללבוש לבנים לאו כל כמינה לאפוקי נפשה מצבורא אבל כאן מן השמים שלחו לו אבלות בעוד יום ולא התפלל עדיין יכול לומר לדידי יום הוא ולפ''ז אף אם אירע אבלות כזה לאשה שלא התפללה ג''כ אותו יום עולה לה ודלא כדמשמע ממהרש''ל וכן עיקר עכ''ל הש''ך <small>(אחד שנקבר סמוך לשבת ותיכף אחר הקבורה הפכו פניהם לבהכ''נ ולא ישבו על הארץ אעפ''כ עולה יום ו' למנין ז' דהפיכת פניהם הוי התחלת אבלות)</small> <small>(הראנ''ח ח''ב סימן נ''א)</small>:     \n\n", 
            "links": [
                {
                    "category": "Talmud", 
                    "sourceHeRef": "שבת ו׳ א", 
                    "index_title": "Shabbat", 
                    "sourceRef": "Shabbat 6a"
                }, 
                {
                    "category": "Halakhah", 
                    "sourceHeRef": "יורה דעה שע״ה:י״א", 
                    "index_title": "Shulchan Arukh, Yoreh De'ah", 
                    "sourceRef": "Shulchan Arukh, Yoreh De'ah 375:11"
                }
            ], 
            "text": ""
        }
    ], 
    "book": "Be'er Hetev on Shulchan Arukh, Yoreh De'ah", 
    "prev": "Be'er Hetev on Shulchan Arukh, Yoreh De'ah 374", 
    "textDepth": 2, 
    "sectionNames": [
        "Siman", 
        "Se'if Katan"
    ], 
    "sections": [
        375
    ], 
    "isComplex": false, 
    "titleVariants": [
        "Beir Hetev on Shulchan Arukh, Yoreh De'ah", 
        "Ba'er Hetev on Shulchan Arukh, Yoreh De'ah", 
        "Baer Hetev on Shulchan Arukh, Yoreh De'ah", 
        "Beer Hetev on Shulchan Arukh, Yoreh De'ah", 
        "Be'er Hetev on Shulchan Arukh, Yoreh De'ah", 
        "Be'ir Hetev on Shulchan Arukh, Yoreh De'ah"
    ], 
    "categories": [
        "Halakhah", 
        "Shulchan Arukh"
    ], 
    "ref": "Be'er Hetev on Shulchan Arukh, Yoreh De'ah 375", 
    "type": "Halakhah", 
    "addressTypes": [
        "Integer", 
        "Integer"
    ], 
    "indexTitle": "Be'er Hetev on Shulchan Arukh, Yoreh De'ah", 
    "heIndexTitle": "באר היטב יורה דעה", 
    "alts": [], 
    "order": ""
}