{
    "content": [
        {
            "segmentNumber": "1", 
            "links": [
                {
                    "category": "Halakhah", 
                    "index_title": "Shulchan Arukh, Yoreh De'ah", 
                    "sourceHeRef": "יורה דעה קפ״ה:א׳", 
                    "sourceRef": "Shulchan Arukh, Yoreh De'ah 185:1"
                }
            ], 
            "he": " <b>שעברו. </b> היינו לאפוקי אם הוא יודע בודאי שלא עברו הימים אבל אם הבעל אינו יודע אם עברו או לא סומך עליה דכתיב וספרה לה לעצמה. ש''ך: \n\n"
        }, 
        {
            "segmentNumber": "2", 
            "links": [
                {
                    "category": "Halakhah", 
                    "index_title": "Shulchan Arukh, Yoreh De'ah", 
                    "sourceHeRef": "יורה דעה קפ״ה:ב׳", 
                    "sourceRef": "Shulchan Arukh, Yoreh De'ah 185:2"
                }
            ], 
            "he": " <b>טמאה. </b> ולא מהני אמתלא אח''כ כמ''ש בסעיף שאח''ז דהתם לא עשתה מעשה רק שאמרה טמאה אני י''ל משום בושה אמרה כך אבל כאן עשתה מעשה ללבוש בגדים של נדה אינה נאמנת ולא מהני אמתלא אח''כ. רשב''א. ומוהר''ר ליב מפראג תירץ דשאני הוחזקה נדה דלאו כ''ע ידעי מן האמתלא וא''כ על מה סמכה כשהחזיקה עצמה נגד כ''ע. משא''כ באמרה לבעלה טמאה אני אפשר שסמכה עצמה שאח''כ תאמר לו האמתלא וכתב ט''ז ולמדתי מזה דאפילו באמרה יש חילוק דאם אמרה בפני רבים שהיא טמאה לא מהני אח''כ אמתלא מש''ה כתבו הפוסקים אמרה לבעלה טמאה אני דאין הדין כן אלא באמרה לבעלה לחוד עכ''ל ט''ז. מעשה באשה אחת שילדה ג''פ בחדש השמיני וחוששת שעין הרע גורם לה ורצתה להסתיר עיבורה מבני ביתה ושכנותיה והסכים בעלה שתאמר טמאה אני בתחלת עיבורה כדי להסתיר עיבורה ונשאל רמ''א אם בעלה מותר לבא עליה בסתר והשיב להתיר עיין ט''ז ועיין תשובת רמ''א סי' ב'. הטוענת על בעלה ששכב עמה בנדותה והוא אומר להד''מ אין להאמינה. מהרי''ו סימן ר''ב. עד א' מעיד שהיתה טמאה או שא''ל ולאו טמאה את ואמרה הן לא מהני לה אמתלא. כנה''ג בשם רבו: \n\n"
        }, 
        {
            "segmentNumber": "3", 
            "links": [
                {
                    "category": "Halakhah", 
                    "index_title": "Shulchan Arukh, Yoreh De'ah", 
                    "sourceHeRef": "יורה דעה קפ״ה:ג׳", 
                    "sourceRef": "Shulchan Arukh, Yoreh De'ah 185:3"
                }
            ], 
            "he": " <b>בעלה. </b> מ''מ נראה דהבעל חייב לשאול אותה למה את באה אצלי הלא אמרת דטמאה את דצריך להוציא האמתלא מפיה. ש''ך: \n"
        }, 
        {
            "segmentNumber": "4", 
            "links": [
                {
                    "category": "Halakhah", 
                    "index_title": "Shulchan Arukh, Yoreh De'ah", 
                    "sourceHeRef": "יורה דעה קפ״ה:ג׳", 
                    "sourceRef": "Shulchan Arukh, Yoreh De'ah 185:3"
                }
            ], 
            "he": " <b>נאמן. </b> דוקא החכם עצמו כיון שהיא סומכת עליו ואשתכח שיקרא משא''כ אם אין החכם לפנינו ועד א' מעיד שהחכם אסר לה אינו נאמן דכל מקום שהאמינה תורה עד אחד הרי הוא כשנים ואם כן אין אותו עד נאמן להכחיש אותה שהיא כשנים. ט''ז: \n\n"
        }, 
        {
            "segmentNumber": "5", 
            "links": [
                {
                    "category": "Halakhah", 
                    "index_title": "Shulchan Arukh, Yoreh De'ah", 
                    "sourceHeRef": "יורה דעה קפ״ה:ד׳", 
                    "sourceRef": "Shulchan Arukh, Yoreh De'ah 185:4"
                }
            ], 
            "he": " <b>אונס. </b> אבל אם נתחלף לו אשתו בערוה חייב וה''ה אם נדה היא וסובר טהורה היא צריך כפרה. בי''ה:    \n\n"
        }
    ], 
    "heTitle": "באר היטב יורה דעה", 
    "indexTitle": "Be'er Hetev on Shulchan Arukh, Yoreh De'ah", 
    "sectionRef": "Be'er Hetev on Shulchan Arukh, Yoreh De'ah 185", 
    "prev": "Be'er Hetev on Shulchan Arukh, Yoreh De'ah 184", 
    "ref": "Be'er Hetev on Shulchan Arukh, Yoreh De'ah 185", 
    "heRef": "באר היטב יורה דעה קפ״ה", 
    "next": "Be'er Hetev on Shulchan Arukh, Yoreh De'ah 186"
}