{
    "heTitleVariants": [
        "באר היטב יורה דעה"
    ], 
    "heTitle": "באר היטב יורה דעה", 
    "heRef": "באר היטב יורה דעה מ׳", 
    "toSections": [
        40
    ], 
    "sectionRef": "Be'er Hetev on Shulchan Arukh, Yoreh De'ah 40", 
    "next": "Be'er Hetev on Shulchan Arukh, Yoreh De'ah 41", 
    "content": [
        {
            "segmentNumber": "1", 
            "he": " <b>סותמו. </b> פי' כיס שהלב נח בו וכיון שהוא עשוי ככובע לא מיהדק. ש''ס: \n", 
            "links": [
                {
                    "category": "Halakhah", 
                    "sourceHeRef": "יורה דעה מ׳:א׳", 
                    "index_title": "Shulchan Arukh, Yoreh De'ah", 
                    "sourceRef": "Shulchan Arukh, Yoreh De'ah 40:1"
                }
            ], 
            "text": ""
        }, 
        {
            "segmentNumber": "2", 
            "he": " <b>לדבריהם. </b> והב''ח חולק על רמ''א וכ' דבסוף סי' זה מיירי בטרפש הלב. אבל הש''ך פוסק כדעת רמ''א וכ' שכן משמע מדברי הרמב''ם דגם שומן הלב לא הוי סתימה וגם הט''ז כ' שקשה להקל כיון שאו''ה ורמ''א אוסרים: \n\n", 
            "links": [
                {
                    "category": "Halakhah", 
                    "sourceHeRef": "יורה דעה מ׳:א׳", 
                    "index_title": "Shulchan Arukh, Yoreh De'ah", 
                    "sourceRef": "Shulchan Arukh, Yoreh De'ah 40:1"
                }
            ], 
            "text": ""
        }, 
        {
            "segmentNumber": "3", 
            "he": " <b>לחלל. </b> פירוש אפילו ניקב נקב מפולש מצד לצד ולא ניקב לחללה. ש''ך בשם ב''ח: \n\n", 
            "links": [
                {
                    "category": "Halakhah", 
                    "sourceHeRef": "יורה דעה מ׳:ב׳", 
                    "index_title": "Shulchan Arukh, Yoreh De'ah", 
                    "sourceRef": "Shulchan Arukh, Yoreh De'ah 40:2"
                }
            ], 
            "text": ""
        }, 
        {
            "segmentNumber": "4", 
            "he": " <b>וניעה. </b> וכ' הש''ך דכל הפוסקים האריכו בפי' הג''ה זו ולהלכה מסיק הב''ח דחיישינן לכל הפירושים לחומרא דהיינו כשנמצאת בלב לגוואי טריפה בין בקופה לצד ראש הבהמה בין בקופה לצד חלל הבהמה ובנמצאת בסמפונא רבא והקופה לצד ראש הבהמה נמי טריפה ואינה כשרה אלא היכא דנמצאת בסמפונא רבא והקופה לצד חלל הבהמה ודוקא דליכא הוכחה דכבר היתה לגוואי וחזרה לאחריה אבל אי איכא הוכחה דחזרה לאחריה חיישי' דלמא בחזרתה נקבה הלב או קנה הלב ואינו ניכר. ואם נמצא עצם בתוך הלב קבלתי שמעשה היה באשכנז בשור והכשירוהו חכמי הדור וטעמם לפי שנמצא כן בלב הצבי כשנתקשה הדם נעשה ממנו עצם ואפשר שיהא נמצא כך לפעמים גם בבהמה וע''ל סי' מ''א עכ''ל ובט''ז חולק ע''ז <small>(וכ''כ דמש''א)</small> ופר''ח כ' עצם שכל צדדיו גסים ואין בו חדוד כלל בשום צד יש להכשיר וכ' עוד שיש מין שוורים שכך הוא בתולדה ע''ש. מחט הנמצא תקוע בלב אם יש היכר מבחוץ בדופן הצלעות שידוע שבא המחט לצד פנים יש לעיין אם תקועה מקצתה עדיין לדופן ולא עבר לחלל הלב בנקב מפולש אפי' קופה לבר כשירה אפי' במחט דקה רש''ל בשם מרדכי. וכ' דבלב הצבי גופא מה''ת להכשיר אם העצם מונח בענין שבמחט היה בו איסור משום דסופו לנקוב מה לי מחט או עצם ואפי' את''ל דבצבי כשר מנין לנו לדמות בהמה לצבי דאין ללמוד מין משאינו מינו ואין להקל בדבר שאין יסוד לו מפוסקים ראשונים עכ''ד ועיין בס' נקה''כ ואם יש ב' לבבות מעשה היה והטריפוהו דמש''א דף ק' ע''ב. מעשה בריבה אחת שפתחה התרנגולת והחתול עומד אצלה ואמרה הריבה שלא מצאה לב בתרנגולת ובעלת התרנגולת אמרה שמא או קרוב לודאי הושלך הלב לארץ ואכלה החתול והכשיר הגאון ח''צ בת' שאלה סי' ע''ד מטעם שא''א לשום נברא בעולם לחיות אפי' שעה א' בלא לב ע''ש שהאריך: \n\n", 
            "links": [
                {
                    "category": "Halakhah", 
                    "sourceHeRef": "יורה דעה מ׳:ג׳", 
                    "index_title": "Shulchan Arukh, Yoreh De'ah", 
                    "sourceRef": "Shulchan Arukh, Yoreh De'ah 40:3"
                }
            ], 
            "text": ""
        }, 
        {
            "segmentNumber": "5", 
            "he": " <b>בחללו. </b> וכ' הש''ך דזה צריך עיון שהרי בכל לב יש דם בחללו ואולי המחבר ה''ק דכשנמצא בעובי הלב ולא נתפשט עד חללו טריפה ואצ''ל אם נמצא בעובי הלב ונתפשט עד לחלל דפשיטא דטריפה <small>(לב תרנגול שהיה עליו כיסוי מלא מים והלב כולו בתוכו וקלפוהו ובדקו ולא היה בו נקב כשר פר''ח בשם הריק''ש)</small>: \n", 
            "links": [
                {
                    "category": "Halakhah", 
                    "sourceHeRef": "יורה דעה מ׳:ו׳", 
                    "index_title": "Shulchan Arukh, Yoreh De'ah", 
                    "sourceRef": "Shulchan Arukh, Yoreh De'ah 40:6"
                }
            ], 
            "text": ""
        }, 
        {
            "segmentNumber": "6", 
            "he": " <b>הרי הוא. </b> כתב רש''ל שלולי קבלת ראבי''ה היה מכשיר אפילו בטפת דם מאחר שלא הגיע המכה עד חלל הלב דאפילו תימא שהלב כולו לקוי מ''מ לא הגיע לפנים. ופר''ח כתב אני אומר דאין לסמוך על קבלת ראבי''ה ע''ש):    \n\n", 
            "links": [
                {
                    "category": "Halakhah", 
                    "sourceHeRef": "יורה דעה מ׳:ו׳", 
                    "index_title": "Shulchan Arukh, Yoreh De'ah", 
                    "sourceRef": "Shulchan Arukh, Yoreh De'ah 40:6"
                }
            ], 
            "text": ""
        }
    ], 
    "book": "Be'er Hetev on Shulchan Arukh, Yoreh De'ah", 
    "prev": "Be'er Hetev on Shulchan Arukh, Yoreh De'ah 39", 
    "textDepth": 2, 
    "sectionNames": [
        "Siman", 
        "Se'if Katan"
    ], 
    "sections": [
        40
    ], 
    "isComplex": false, 
    "titleVariants": [
        "Beir Hetev on Shulchan Arukh, Yoreh De'ah", 
        "Ba'er Hetev on Shulchan Arukh, Yoreh De'ah", 
        "Baer Hetev on Shulchan Arukh, Yoreh De'ah", 
        "Beer Hetev on Shulchan Arukh, Yoreh De'ah", 
        "Be'er Hetev on Shulchan Arukh, Yoreh De'ah", 
        "Be'ir Hetev on Shulchan Arukh, Yoreh De'ah"
    ], 
    "categories": [
        "Halakhah", 
        "Shulchan Arukh"
    ], 
    "ref": "Be'er Hetev on Shulchan Arukh, Yoreh De'ah 40", 
    "type": "Halakhah", 
    "addressTypes": [
        "Integer", 
        "Integer"
    ], 
    "indexTitle": "Be'er Hetev on Shulchan Arukh, Yoreh De'ah", 
    "heIndexTitle": "באר היטב יורה דעה", 
    "alts": [], 
    "order": ""
}