{
    "content": [
        {
            "segmentNumber": "1", 
            "links": [
                {
                    "category": "Halakhah", 
                    "index_title": "Shulchan Arukh, Yoreh De'ah", 
                    "sourceHeRef": "יורה דעה של״ט:א׳", 
                    "sourceRef": "Shulchan Arukh, Yoreh De'ah 339:1"
                }
            ], 
            "he": " <b>דבריו. </b> כתב הר''ן פי' ליתן גט ולמתנה וכהן רשאי ליכנס לבית שהוא עומד בו ואף ע''פ שרוב גוססים למיתה עכ''ל: ולקמן סי' ש''ע יתבאר דאסור ליכנס לבית שיש בו גוסס ע''ש. ש''ך. וכל מה דחשב כאן שאין עושין לגוסס הטעם דאין מקרבין מיתתו וכל אלו הם קירוב מיתה. ט''ז: \n"
        }, 
        {
            "segmentNumber": "2", 
            "links": [
                {
                    "category": "Halakhah", 
                    "index_title": "Shulchan Arukh, Yoreh De'ah", 
                    "sourceHeRef": "יורה דעה של״ט:א׳", 
                    "sourceRef": "Shulchan Arukh, Yoreh De'ah 339:1"
                }
            ], 
            "he": " <b>הנפש. </b> אלא ישהה מעט שמא נתעלף. הרמב''ם <small>(ובמס' שמחות מסיים למה הדבר דומה לנר המטפטף כיון שנוגע בו האדם מיד נכבה)</small>: \n"
        }, 
        {
            "segmentNumber": "3", 
            "links": [
                {
                    "category": "Halakhah", 
                    "index_title": "Shulchan Arukh, Yoreh De'ah", 
                    "sourceHeRef": "יורה דעה של״ט:א׳", 
                    "sourceRef": "Shulchan Arukh, Yoreh De'ah 339:1"
                }
            ], 
            "he": " <b>קבר. </b> והב''ח כתב דמותר מדינא כל שאין החולה מרגיש בדבר מיהו צריך ליזהר בערב שבת סמוך לשבת שמא לא יספיקו לקברו אם לא בחלול שבת ואם לא יקברוהו א''כ יצטרכו להניחו פתוח הלכך לא שרינן להו אא''כ משערינן שאם ימות סמוך לשבת ממש ולא יהא אפשר לקברו שעל כל פנים יספיק לחזור ולמלאות החפירה בריוח קודם שיכנס שבת עכ''ל. ועיין בא''ח סי' תקמ''ו סי''א: \n"
        }, 
        {
            "segmentNumber": "4", 
            "links": [
                {
                    "category": "Halakhah", 
                    "index_title": "Shulchan Arukh, Yoreh De'ah", 
                    "sourceHeRef": "יורה דעה של״ט:א׳", 
                    "sourceRef": "Shulchan Arukh, Yoreh De'ah 339:1"
                }
            ], 
            "he": " <b>מלח. </b> כתב הט''ז וקשה לי מה שהתירו בהסרת המלח דהלא ע''י זה מזיז את פיו. ע''כ נראה שאין לנהוג היתר בהסרת המלח עכ''ל: \n\n"
        }, 
        {
            "segmentNumber": "5", 
            "links": [
                {
                    "category": "Halakhah", 
                    "index_title": "Shulchan Arukh, Yoreh De'ah", 
                    "sourceHeRef": "יורה דעה של״ט:ה׳", 
                    "sourceRef": "Shulchan Arukh, Yoreh De'ah 339:5"
                }
            ], 
            "he": " <b>לשפוך. </b> מפני שמלאך המות מפיל במים טיפת דם המות. ובתשב''ץ כתב שראה א' ששתה מהמים <small>(שהיו בבית בשעת פטירת המת וכשראה החכם גער בו שלא לשתות מהם ולאחר שעה קלה ששתה המים יצאה נשמתו של אותו ששתה ושאלו לחכם מה ראית שגערת בו אמר אני ראיתי את מלאך המות ששפשף את סכינו במים שהיו באותו הבית לאחר פטירת המת)</small> ועיין בא''ח סי' תנ''ה ושם כתוב שאין לשפוך המים השאובים למצוה דשומר מצוה לא ידע דבר רע ע''ש בט''ז וכתב דהך שכונה לא נתבאר כאן שיעורה אלא דבכתובות כתבו התוס' דשכונה היינו שלשה בתים כדאמרי' ספ''ק דע''א עכ''ל <small>(ובנה''כ כתב ומיהו י''ל דהכא קרי שכונה מי שהוא שכן ממש וכן נוהגין עכ''ל)</small> בראקנט''י פ' ויחי כתב דבשעת מיתה יזהר שלא יצא שום אבר חוץ להמטה והפליג על מי שאינו נזהר בזה:    \n\n"
        }
    ], 
    "heTitle": "באר היטב יורה דעה", 
    "indexTitle": "Be'er Hetev on Shulchan Arukh, Yoreh De'ah", 
    "sectionRef": "Be'er Hetev on Shulchan Arukh, Yoreh De'ah 339", 
    "prev": "Be'er Hetev on Shulchan Arukh, Yoreh De'ah 338", 
    "ref": "Be'er Hetev on Shulchan Arukh, Yoreh De'ah 339", 
    "heRef": "באר היטב יורה דעה של״ט", 
    "next": "Be'er Hetev on Shulchan Arukh, Yoreh De'ah 340"
}