{
    "content": [
        {
            "segmentNumber": "1", 
            "links": [
                {
                    "category": "Commentary", 
                    "index_title": "Rashi on Nedarim", 
                    "sourceHeRef": "רש\"י על נדרים י״ג א:א׳:א׳", 
                    "sourceRef": "Rashi on Nedarim 13a:1:1"
                }
            ], 
            "he": "דמחית בשר בכור קמיה ומחית בשר דהאיך גביה ואמר זה כזה ותנאי היא"
        }, 
        {
            "segmentNumber": "2", 
            "links": [
                {
                    "category": "Commentary", 
                    "index_title": "Rashi on Nedarim", 
                    "sourceHeRef": "רש\"י על נדרים י״ג א:ב׳:א׳", 
                    "sourceRef": "Rashi on Nedarim 13a:2:1"
                }, 
                {
                    "category": "Commentary", 
                    "index_title": "Rashba on Nedarim", 
                    "sourceHeRef": "רשב״א על נדרים י״ג א:א׳", 
                    "sourceRef": "Rashba on Nedarim 13a:1"
                }, 
                {
                    "category": "Commentary", 
                    "index_title": "Rashba on Nedarim", 
                    "sourceHeRef": "רשב״א על נדרים י״ג א:ב׳", 
                    "sourceRef": "Rashba on Nedarim 13a:2"
                }, 
                {
                    "category": "Commentary", 
                    "index_title": "Rashba on Nedarim", 
                    "sourceHeRef": "רשב״א על נדרים י״ג א:ג׳", 
                    "sourceRef": "Rashba on Nedarim 13a:3"
                }
            ], 
            "he": "לא דכולי עלמא לפני זריקת דמים ומאי טעמא דמאן דשרי אמר קרא כי ידור עד שידור בדבר הנדור לאפוקי בכור דדבר האסור הוא"
        }, 
        {
            "segmentNumber": "3", 
            "links": [
                {
                    "category": "Commentary", 
                    "index_title": "Tosafot on Nedarim", 
                    "sourceHeRef": "תוספות על נדרים י״ג א:ג׳:א׳", 
                    "sourceRef": "Tosafot on Nedarim 13a:3:1"
                }, 
                {
                    "category": "Commentary", 
                    "index_title": "Rashi on Nedarim", 
                    "sourceHeRef": "רש\"י על נדרים י״ג א:ג׳:א׳", 
                    "sourceRef": "Rashi on Nedarim 13a:3:1"
                }, 
                {
                    "category": "Commentary", 
                    "index_title": "Shita Mekubetzet on Nedarim", 
                    "sourceHeRef": "שיטה מקובצת על נדרים י״ג א:ב׳", 
                    "sourceRef": "Shita Mekubetzet on Nedarim 13a:2"
                }
            ], 
            "he": "ומאן דאסר אמר קרא לה' לרבות דבר האסור"
        }, 
        {
            "segmentNumber": "4", 
            "he": "ומאן שרי לה' מאי עביד ליה"
        }, 
        {
            "segmentNumber": "5", 
            "links": [
                {
                    "category": "Commentary", 
                    "index_title": "Shita Mekubetzet on Nedarim", 
                    "sourceHeRef": "שיטה מקובצת על נדרים י״ג א:ג׳", 
                    "sourceRef": "Shita Mekubetzet on Nedarim 13a:3"
                }
            ], 
            "he": "מיבעי ליה למתפיס בחטאת ואשם"
        }, 
        {
            "segmentNumber": "6", 
            "he": "ומה ראית לרבות חטאת ואשם ולהוציא את הבכור"
        }, 
        {
            "segmentNumber": "7", 
            "links": [
                {
                    "category": "Commentary", 
                    "index_title": "Tosafot on Nedarim", 
                    "sourceHeRef": "תוספות על נדרים י״ג א:ז׳:א׳", 
                    "sourceRef": "Tosafot on Nedarim 13a:7:1"
                }, 
                {
                    "category": "Commentary", 
                    "index_title": "Rashi on Nedarim", 
                    "sourceHeRef": "רש\"י על נדרים י״ג א:ז׳:א׳", 
                    "sourceRef": "Rashi on Nedarim 13a:7:1"
                }, 
                {
                    "category": "Commentary", 
                    "index_title": "Rashi on Nedarim", 
                    "sourceHeRef": "רש\"י על נדרים י״ג א:ז׳:ב׳", 
                    "sourceRef": "Rashi on Nedarim 13a:7:2"
                }
            ], 
            "he": "מרבה אני חטאת ואשם שהוא מתפיס בנדר ומוציא אני את הבכור שהוא קדוש ממעי אמו"
        }, 
        {
            "segmentNumber": "8", 
            "he": "ומאן דאסר בכור נמי מתפיסו בנדר הוא דתניא משום רבי אמרו"
        }, 
        {
            "segmentNumber": "9", 
            "he": "מניין לנולד בכור בתוך ביתו שמצווה להקדישו שנאמר הזכר תקדיש"
        }, 
        {
            "segmentNumber": "10", 
            "he": "ומאן דשרי"
        }, 
        {
            "segmentNumber": "11", 
            "he": "כי לא מקדיש ליה מי לא מיקדיש"
        }, 
        {
            "segmentNumber": "12", 
            "he": "כאימרא כדירים"
        }, 
        {
            "segmentNumber": "13", 
            "he": "תנא"
        }, 
        {
            "segmentNumber": "14", 
            "links": [
                {
                    "category": "Commentary", 
                    "index_title": "Tosafot on Nedarim", 
                    "sourceHeRef": "תוספות על נדרים י״ג א:י״ד:א׳", 
                    "sourceRef": "Tosafot on Nedarim 13a:14:1"
                }, 
                {
                    "category": "Commentary", 
                    "index_title": "Rashi on Nedarim", 
                    "sourceHeRef": "רש\"י על נדרים י״ג א:י״ד:א׳", 
                    "sourceRef": "Rashi on Nedarim 13a:14:1"
                }
            ], 
            "he": "אימרא לאימרא כאימרא דירים לדירים כדירים עצים לעצים כעצים אישים לאישים כאישים מזבח למזבח כמזבח היכל להיכל כהיכל ירושלים לירושלים כירושלים כולן שאוכל לך אסור לא אוכל לך מותר"
        }, 
        {
            "segmentNumber": "15", 
            "links": [
                {
                    "category": "Commentary", 
                    "index_title": "Rashi on Nedarim", 
                    "sourceHeRef": "רש\"י על נדרים י״ג א:ט״ו:א׳", 
                    "sourceRef": "Rashi on Nedarim 13a:15:1"
                }, 
                {
                    "category": "Commentary", 
                    "index_title": "Rashi on Nedarim", 
                    "sourceHeRef": "רש\"י על נדרים י״ג א:ט״ו:ב׳", 
                    "sourceRef": "Rashi on Nedarim 13a:15:2"
                }, 
                {
                    "category": "Commentary", 
                    "index_title": "Rashi on Nedarim", 
                    "sourceHeRef": "רש\"י על נדרים י״ג א:ט״ו:ג׳", 
                    "sourceRef": "Rashi on Nedarim 13a:15:3"
                }, 
                {
                    "category": "Commentary", 
                    "index_title": "Ran on Nedarim", 
                    "sourceHeRef": "ר\"ן על נדרים י״ג א:ט״ו:א׳", 
                    "sourceRef": "Ran on Nedarim 13a:15:1"
                }
            ], 
            "he": "מאן שמעינן ליה דלא שני ליה אימרא לאימרא כאימרא רבי מאיר היא אימא סיפא וכולן לא אוכל לך מותר והתנן לקרבן לא אוכל לך רבי מאיר אוסר ואמר רבי אבא נעשה כאומר"
        }, 
        {
            "segmentNumber": "16", 
            "links": [
                {
                    "category": "Commentary", 
                    "index_title": "Shita Mekubetzet on Nedarim", 
                    "sourceHeRef": "שיטה מקובצת על נדרים י״ג א:ה׳", 
                    "sourceRef": "Shita Mekubetzet on Nedarim 13a:5"
                }
            ], 
            "he": "לקרבן יהא לפיכך לא אוכל לך"
        }, 
        {
            "segmentNumber": "17", 
            "he": "לא קשיא"
        }, 
        {
            "segmentNumber": "18", 
            "links": [
                {
                    "category": "Commentary", 
                    "index_title": "Rashi on Nedarim", 
                    "sourceHeRef": "רש\"י על נדרים י״ג א:י״ח:א׳", 
                    "sourceRef": "Rashi on Nedarim 13a:18:1"
                }, 
                {
                    "category": "Commentary", 
                    "index_title": "Ran on Nedarim", 
                    "sourceHeRef": "ר\"ן על נדרים י״ג א:י״ח:א׳", 
                    "sourceRef": "Ran on Nedarim 13a:18:1"
                }, 
                {
                    "category": "Commentary", 
                    "index_title": "Shita Mekubetzet on Nedarim", 
                    "sourceHeRef": "שיטה מקובצת על נדרים י״ג א:ז׳", 
                    "sourceRef": "Shita Mekubetzet on Nedarim 13a:7"
                }
            ], 
            "he": "הא דאמר לא אימרא הא דאמר לאימרא"
        }, 
        {
            "segmentNumber": "19", 
            "links": [
                {
                    "category": "Commentary", 
                    "index_title": "Rashi on Nedarim", 
                    "sourceHeRef": "רש\"י על נדרים י״ג א:י״ט:ב׳", 
                    "sourceRef": "Rashi on Nedarim 13a:19:2"
                }, 
                {
                    "category": "Commentary", 
                    "index_title": "Rashi on Nedarim", 
                    "sourceHeRef": "רש\"י על נדרים י״ג א:י״ט:ג׳", 
                    "sourceRef": "Rashi on Nedarim 13a:19:3"
                }, 
                {
                    "category": "Commentary", 
                    "index_title": "Ran on Nedarim", 
                    "sourceHeRef": "ר\"ן על נדרים י״ג א:י״ט:ב׳", 
                    "sourceRef": "Ran on Nedarim 13a:19:2"
                }, 
                {
                    "category": "Commentary", 
                    "index_title": "Tosafot on Nedarim", 
                    "sourceHeRef": "תוספות על נדרים י״ג א:י״ט:א׳", 
                    "sourceRef": "Tosafot on Nedarim 13a:19:1"
                }, 
                {
                    "category": "Commentary", 
                    "index_title": "Tosafot on Nedarim", 
                    "sourceHeRef": "תוספות על נדרים י״ג א:י״ט:ב׳", 
                    "sourceRef": "Tosafot on Nedarim 13a:19:2"
                }, 
                {
                    "category": "Commentary", 
                    "index_title": "Shita Mekubetzet on Nedarim", 
                    "sourceHeRef": "שיטה מקובצת על נדרים י״ג א:ט׳", 
                    "sourceRef": "Shita Mekubetzet on Nedarim 13a:9"
                }, 
                {
                    "category": "Commentary", 
                    "index_title": "Rosh on Nedarim", 
                    "sourceHeRef": " פסקי הראש על נדרים א׳:י׳:א׳", 
                    "sourceRef": "Rosh on Nedarim 1:10:1"
                }
            ], 
            "he": "<big><strong>מתני׳</strong></big> האומר קרבן עולה מנחה חטאת תודה שלמים שאני אוכל לך אסור רבי יהודה מתיר"
        }, 
        {
            "segmentNumber": "20", 
            "links": [
                {
                    "category": "Commentary", 
                    "index_title": "Ran on Nedarim", 
                    "sourceHeRef": "ר\"ן על נדרים י״ג א:כ׳:א׳", 
                    "sourceRef": "Ran on Nedarim 13a:20:1"
                }, 
                {
                    "category": "Commentary", 
                    "index_title": "Tosafot on Nedarim", 
                    "sourceHeRef": "תוספות על נדרים י״ג א:כ׳:א׳", 
                    "sourceRef": "Tosafot on Nedarim 13a:20:1"
                }
            ], 
            "he": " הקרבן כקרבן קרבן שאוכל לך אסור"
        }, 
        {
            "segmentNumber": "21", 
            "links": [
                {
                    "category": "Commentary", 
                    "index_title": "Ran on Nedarim", 
                    "sourceHeRef": "ר\"ן על נדרים י״ג א:כ״א:א׳", 
                    "sourceRef": "Ran on Nedarim 13a:21:1"
                }
            ], 
            "he": "לקרבן לא אוכל לך רבי מאיר אוסר"
        }, 
        {
            "segmentNumber": "22", 
            "he": "<big><strong>גמ׳</strong></big> קתני"
        }, 
        {
            "segmentNumber": "23", 
            "he": "קרבן הקרבן כקרבן שאוכל לך אסור"
        }, 
        {
            "segmentNumber": "24", 
            "links": [
                {
                    "category": "Commentary", 
                    "index_title": "Rashi on Nedarim", 
                    "sourceHeRef": "רש\"י על נדרים י״ג א:כ״ד:א׳", 
                    "sourceRef": "Rashi on Nedarim 13a:24:1"
                }, 
                {
                    "category": "Commentary", 
                    "index_title": "Ran on Nedarim", 
                    "sourceHeRef": "ר\"ן על נדרים י״ג א:כ״ד:א׳", 
                    "sourceRef": "Ran on Nedarim 13a:24:1"
                }
            ], 
            "he": "סתמא תנא כרבי מאיר דלא שני ליה בין אימרא לאימרא"
        }, 
        {
            "segmentNumber": "25", 
            "links": [
                {
                    "category": "Commentary", 
                    "index_title": "Rashi on Nedarim", 
                    "sourceHeRef": "רש\"י על נדרים י״ג א:כ״ה:א׳", 
                    "sourceRef": "Rashi on Nedarim 13a:25:1"
                }
            ], 
            "he": "[אי רבי מאיר הא] דקתני"
        }, 
        {
            "segmentNumber": "26", 
            "links": [
                {
                    "category": "Commentary", 
                    "index_title": "Shita Mekubetzet on Nedarim", 
                    "sourceHeRef": "שיטה מקובצת על נדרים י״ג א:י״א", 
                    "sourceRef": "Shita Mekubetzet on Nedarim 13a:11"
                }, 
                {
                    "category": "Commentary", 
                    "index_title": "Shita Mekubetzet on Nedarim", 
                    "sourceHeRef": "שיטה מקובצת על נדרים י״ג א:י״ב", 
                    "sourceRef": "Shita Mekubetzet on Nedarim 13a:12"
                }
            ], 
            "he": "הקרבן שאוכל לך אסור והתניא"
        }, 
        {
            "segmentNumber": "27", 
            "links": [
                {
                    "category": "Commentary", 
                    "index_title": "Rashi on Nedarim", 
                    "sourceHeRef": "רש\"י על נדרים י״ג א:כ״ז:א׳", 
                    "sourceRef": "Rashi on Nedarim 13a:27:1"
                }, 
                {
                    "category": "Commentary", 
                    "index_title": "Rashi on Nedarim", 
                    "sourceHeRef": "רש\"י על נדרים י״ג א:כ״ז:ב׳", 
                    "sourceRef": "Rashi on Nedarim 13a:27:2"
                }, 
                {
                    "category": "Commentary", 
                    "index_title": "Ran on Nedarim", 
                    "sourceHeRef": "ר\"ן על נדרים י״ג א:כ״ז:א׳", 
                    "sourceRef": "Ran on Nedarim 13a:27:1"
                }
            ], 
            "he": "מודים חכמים לרבי יהודה באומר הא קרבן והא עולה והא מנחה והא חטאת שאוכל לך שמותר שלא נדר זה אלא בחיי קרבן"
        }
    ], 
    "heTitle": "נדרים י״ג א", 
    "indexTitle": "Nedarim", 
    "sectionRef": "Nedarim 13a", 
    "prev": "Nedarim 12b", 
    "ref": "Nedarim 13a", 
    "heRef": "נדרים י״ג א", 
    "next": "Nedarim 13b"
}