{
    "heTitleVariants": [
        "נדרים"
    ], 
    "heTitle": "נדרים ל״ג א", 
    "content": [
        {
            "segmentNumber": "1", 
            "he": "והא מן מאכל נדר", 
            "links": [
                {
                    "category": "Commentary", 
                    "sourceHeRef": "ר\"ן על נדרים ל״ג א:א׳:א׳", 
                    "index_title": "Ran on Nedarim", 
                    "sourceRef": "Ran on Nedarim 33a:1:1"
                }, 
                {
                    "category": "Commentary", 
                    "sourceHeRef": "רש\"י על נדרים ל״ג א:א׳:א׳", 
                    "index_title": "Rashi on Nedarim", 
                    "sourceRef": "Rashi on Nedarim 33a:1:1"
                }, 
                {
                    "category": "Commentary", 
                    "sourceHeRef": "ר\"ן על נדרים ל״ג א:א׳:ב׳", 
                    "index_title": "Ran on Nedarim", 
                    "sourceRef": "Ran on Nedarim 33a:1:2"
                }, 
                {
                    "category": "Commentary", 
                    "sourceHeRef": "שיטה מקובצת על נדרים ל״ג א:א׳", 
                    "index_title": "Shita Mekubetzet on Nedarim", 
                    "sourceRef": "Shita Mekubetzet on Nedarim 33a:1"
                }
            ], 
            "text": ""
        }, 
        {
            "segmentNumber": "2", 
            "he": "אמר רבי שמעון בן לקיש", 
            "links": [], 
            "text": ""
        }, 
        {
            "segmentNumber": "3", 
            "he": "באומר הנאת מאכלך עלי", 
            "links": [
                {
                    "category": "Commentary", 
                    "sourceHeRef": "רש\"י על נדרים ל״ג א:ג׳:א׳", 
                    "index_title": "Rashi on Nedarim", 
                    "sourceRef": "Rashi on Nedarim 33a:3:1"
                }, 
                {
                    "category": "Commentary", 
                    "sourceHeRef": "ר\"ן על נדרים ל״ג א:ג׳:א׳", 
                    "index_title": "Ran on Nedarim", 
                    "sourceRef": "Ran on Nedarim 33a:3:1"
                }
            ], 
            "text": ""
        }, 
        {
            "segmentNumber": "4", 
            "he": "אימא שלא ילעוס חיטין ויתן על מכתו", 
            "links": [
                {
                    "category": "Commentary", 
                    "sourceHeRef": "ר\"ן על נדרים ל״ג א:ד׳:א׳", 
                    "index_title": "Ran on Nedarim", 
                    "sourceRef": "Ran on Nedarim 33a:4:1"
                }, 
                {
                    "category": "Commentary", 
                    "sourceHeRef": "תוספות על נדרים ל״ג א:ד׳:א׳", 
                    "index_title": "Tosafot on Nedarim", 
                    "sourceRef": "Tosafot on Nedarim 33a:4:1"
                }, 
                {
                    "category": "Commentary", 
                    "sourceHeRef": "רש\"י על נדרים ל״ג א:ד׳:א׳", 
                    "index_title": "Rashi on Nedarim", 
                    "sourceRef": "Rashi on Nedarim 33a:4:1"
                }, 
                {
                    "category": "Commentary", 
                    "sourceHeRef": "שיטה מקובצת על נדרים ל״ג א:ג׳", 
                    "index_title": "Shita Mekubetzet on Nedarim", 
                    "sourceRef": "Shita Mekubetzet on Nedarim 33a:3"
                }
            ], 
            "text": ""
        }, 
        {
            "segmentNumber": "5", 
            "he": "אמר רבא", 
            "links": [], 
            "text": ""
        }, 
        {
            "segmentNumber": "6", 
            "he": "באומר הנאה המביאה לידי מאכלך עלי", 
            "links": [
                {
                    "category": "Commentary", 
                    "sourceHeRef": "רש\"י על נדרים ל״ג א:ו׳:א׳", 
                    "index_title": "Rashi on Nedarim", 
                    "sourceRef": "Rashi on Nedarim 33a:6:1"
                }, 
                {
                    "category": "Commentary", 
                    "sourceHeRef": "ר\"ן על נדרים ל״ג א:ו׳:א׳", 
                    "index_title": "Ran on Nedarim", 
                    "sourceRef": "Ran on Nedarim 33a:6:1"
                }, 
                {
                    "category": "Commentary", 
                    "sourceHeRef": "ר\"ן על נדרים ל״ג א:ו׳:ב׳", 
                    "index_title": "Ran on Nedarim", 
                    "sourceRef": "Ran on Nedarim 33a:6:2"
                }
            ], 
            "text": ""
        }, 
        {
            "segmentNumber": "7", 
            "he": "אמר רב פפא", 
            "links": [
                {
                    "category": "Commentary", 
                    "sourceHeRef": " פסקי הראש על נדרים ה׳:א׳:א׳", 
                    "index_title": "Rosh on Nedarim", 
                    "sourceRef": "Rosh on Nedarim 5:1:1"
                }
            ], 
            "text": ""
        }, 
        {
            "segmentNumber": "8", 
            "he": "שק להביא פירות וחמור להביא עליו פירות ואפילו צנא בעלמא הנאה המביאה לידי מאכל הוא", 
            "links": [
                {
                    "category": "Commentary", 
                    "sourceHeRef": "ר\"ן על נדרים ל״ג א:ח׳:א׳", 
                    "index_title": "Ran on Nedarim", 
                    "sourceRef": "Ran on Nedarim 33a:8:1"
                }, 
                {
                    "category": "Commentary", 
                    "sourceHeRef": "רש\"י על נדרים ל״ג א:ח׳:א׳", 
                    "index_title": "Rashi on Nedarim", 
                    "sourceRef": "Rashi on Nedarim 33a:8:1"
                }
            ], 
            "text": ""
        }, 
        {
            "segmentNumber": "9", 
            "he": "בעי רב פפא", 
            "links": [], 
            "text": ""
        }, 
        {
            "segmentNumber": "10", 
            "he": "סוס לרכוב עליו וטבעת ליראות בה מהו", 
            "links": [
                {
                    "category": "Commentary", 
                    "sourceHeRef": "תוספות על נדרים ל״ג א:י׳:א׳", 
                    "index_title": "Tosafot on Nedarim", 
                    "sourceRef": "Tosafot on Nedarim 33a:10:1"
                }, 
                {
                    "category": "Commentary", 
                    "sourceHeRef": "רש\"י על נדרים ל״ג א:י׳:א׳", 
                    "index_title": "Rashi on Nedarim", 
                    "sourceRef": "Rashi on Nedarim 33a:10:1"
                }, 
                {
                    "category": "Commentary", 
                    "sourceHeRef": "רש\"י על נדרים ל״ג א:י׳:ב׳", 
                    "index_title": "Rashi on Nedarim", 
                    "sourceRef": "Rashi on Nedarim 33a:10:2"
                }, 
                {
                    "category": "Commentary", 
                    "sourceHeRef": "רש\"י על נדרים ל״ג א:י׳:ג׳", 
                    "index_title": "Rashi on Nedarim", 
                    "sourceRef": "Rashi on Nedarim 33a:10:3"
                }, 
                {
                    "category": "Commentary", 
                    "sourceHeRef": "שיטה מקובצת על נדרים ל״ג א:ד׳", 
                    "index_title": "Shita Mekubetzet on Nedarim", 
                    "sourceRef": "Shita Mekubetzet on Nedarim 33a:4"
                }
            ], 
            "text": ""
        }, 
        {
            "segmentNumber": "11", 
            "he": "מיפסק ומיזל בארעיה מאי", 
            "links": [
                {
                    "category": "Commentary", 
                    "sourceHeRef": "רש\"י על נדרים ל״ג א:י״א:א׳", 
                    "index_title": "Rashi on Nedarim", 
                    "sourceRef": "Rashi on Nedarim 33a:11:1"
                }, 
                {
                    "category": "Commentary", 
                    "sourceHeRef": "ר\"ן על נדרים ל״ג א:י״א:א׳", 
                    "index_title": "Ran on Nedarim", 
                    "sourceRef": "Ran on Nedarim 33a:11:1"
                }
            ], 
            "text": ""
        }, 
        {
            "segmentNumber": "12", 
            "he": "תא שמע", 
            "links": [], 
            "text": ""
        }, 
        {
            "segmentNumber": "13", 
            "he": "אבל משאיל לו חלוק וטלית נזמים וטבעות", 
            "links": [], 
            "text": ""
        }, 
        {
            "segmentNumber": "14", 
            "he": "היכי דמי", 
            "links": [], 
            "text": ""
        }, 
        {
            "segmentNumber": "15", 
            "he": "אילימא שלא ליראות בהן צריכא למימר", 
            "links": [
                {
                    "category": "Commentary", 
                    "sourceHeRef": "ר\"ן על נדרים ל״ג א:ט״ו:א׳", 
                    "index_title": "Ran on Nedarim", 
                    "sourceRef": "Ran on Nedarim 33a:15:1"
                }, 
                {
                    "category": "Commentary", 
                    "sourceHeRef": "רש\"י על נדרים ל״ג א:ט״ו:א׳", 
                    "index_title": "Rashi on Nedarim", 
                    "sourceRef": "Rashi on Nedarim 33a:15:1"
                }
            ], 
            "text": ""
        }, 
        {
            "segmentNumber": "16", 
            "he": "אלא לאו אפילו ליראות בהן וקתני משאילו", 
            "links": [
                {
                    "category": "Commentary", 
                    "sourceHeRef": "רש\"י על נדרים ל״ג א:ט״ז:א׳", 
                    "index_title": "Rashi on Nedarim", 
                    "sourceRef": "Rashi on Nedarim 33a:16:1"
                }
            ], 
            "text": ""
        }, 
        {
            "segmentNumber": "17", 
            "he": "לא לעולם שלא ליראות ואיידי דקתני רישא לא ישאילנו תנא סיפא משאילו", 
            "links": [
                {
                    "category": "Commentary", 
                    "sourceHeRef": "ר\"ן על נדרים ל״ג א:י״ז:א׳", 
                    "index_title": "Ran on Nedarim", 
                    "sourceRef": "Ran on Nedarim 33a:17:1"
                }, 
                {
                    "category": "Commentary", 
                    "sourceHeRef": "רש\"י על נדרים ל״ג א:י״ז:א׳", 
                    "index_title": "Rashi on Nedarim", 
                    "sourceRef": "Rashi on Nedarim 33a:17:1"
                }, 
                {
                    "category": "Commentary", 
                    "sourceHeRef": "רש\"י על נדרים ל״ג א:י״ז:ב׳", 
                    "index_title": "Rashi on Nedarim", 
                    "sourceRef": "Rashi on Nedarim 33a:17:2"
                }
            ], 
            "text": ""
        }, 
        {
            "segmentNumber": "18", 
            "he": "<big><strong>מתני׳</strong></big> וכל דבר שאין עושין בו אוכל נפש מקום שמשכירין כיוצא בהן אסור", 
            "links": [
                {
                    "category": "Commentary", 
                    "sourceHeRef": "ר\"ן על נדרים ל״ג א:י״ח:א׳", 
                    "index_title": "Ran on Nedarim", 
                    "sourceRef": "Ran on Nedarim 33a:18:1"
                }, 
                {
                    "category": "Commentary", 
                    "sourceHeRef": "רש\"י על נדרים ל״ג א:י״ח:א׳", 
                    "index_title": "Rashi on Nedarim", 
                    "sourceRef": "Rashi on Nedarim 33a:18:1"
                }, 
                {
                    "category": "Mishnah", 
                    "sourceHeRef": "משנה נדרים ד׳:א׳", 
                    "index_title": "Mishnah Nedarim", 
                    "sourceRef": "Mishnah Nedarim 4:1"
                }
            ], 
            "text": ""
        }, 
        {
            "segmentNumber": "19", 
            "he": "<big><strong>גמ׳</strong></big> מכלל דרישא אף על פי שאין משכירין", 
            "links": [
                {
                    "category": "Commentary", 
                    "sourceHeRef": "ר\"ן על נדרים ל״ג א:י״ט:א׳", 
                    "index_title": "Ran on Nedarim", 
                    "sourceRef": "Ran on Nedarim 33a:19:1"
                }, 
                {
                    "category": "Commentary", 
                    "sourceHeRef": "רש\"י על נדרים ל״ג א:י״ט:א׳", 
                    "index_title": "Rashi on Nedarim", 
                    "sourceRef": "Rashi on Nedarim 33a:19:1"
                }, 
                {
                    "category": "Commentary", 
                    "sourceHeRef": "רשב״א על נדרים ל״ג א:ב׳", 
                    "index_title": "Rashba on Nedarim", 
                    "sourceRef": "Rashba on Nedarim 33a:2"
                }
            ], 
            "text": ""
        }, 
        {
            "segmentNumber": "20", 
            "he": "מאן תנא", 
            "links": [
                {
                    "category": "Commentary", 
                    "sourceHeRef": "רש\"י על נדרים ל״ג א:כ׳:א׳", 
                    "index_title": "Rashi on Nedarim", 
                    "sourceRef": "Rashi on Nedarim 33a:20:1"
                }, 
                {
                    "category": "Commentary", 
                    "sourceHeRef": "תוספות על נדרים ל״ג א:כ׳:א׳", 
                    "index_title": "Tosafot on Nedarim", 
                    "sourceRef": "Tosafot on Nedarim 33a:20:1"
                }
            ], 
            "text": ""
        }, 
        {
            "segmentNumber": "21", 
            "he": "אמר רב אדא בר אהבה", 
            "links": [], 
            "text": ""
        }, 
        {
            "segmentNumber": "22", 
            "he": "רבי אליעזר היא", 
            "links": [
                {
                    "category": "Commentary", 
                    "sourceHeRef": "רש\"י על נדרים ל״ג א:כ״ב:א׳", 
                    "index_title": "Rashi on Nedarim", 
                    "sourceRef": "Rashi on Nedarim 33a:22:1"
                }
            ], 
            "text": ""
        }, 
        {
            "segmentNumber": "23", 
            "he": "<big><strong>מתני׳</strong></big> המודר הנאה מחבירו שוקל לו את שקלו ופורע את חובו ומחזיר לו את אבידתו", 
            "links": [
                {
                    "category": "Commentary", 
                    "sourceHeRef": "רש\"י על נדרים ל״ג א:כ״ג:א׳", 
                    "index_title": "Rashi on Nedarim", 
                    "sourceRef": "Rashi on Nedarim 33a:23:1"
                }, 
                {
                    "category": "Commentary", 
                    "sourceHeRef": "ר\"ן על נדרים ל״ג א:כ״ג:א׳", 
                    "index_title": "Ran on Nedarim", 
                    "sourceRef": "Ran on Nedarim 33a:23:1"
                }, 
                {
                    "category": "Commentary", 
                    "sourceHeRef": "ר\"ן על נדרים ל״ג א:כ״ג:ב׳", 
                    "index_title": "Ran on Nedarim", 
                    "sourceRef": "Ran on Nedarim 33a:23:2"
                }, 
                {
                    "category": "Commentary", 
                    "sourceHeRef": "שיטה מקובצת על נדרים ל״ג א:ז׳", 
                    "index_title": "Shita Mekubetzet on Nedarim", 
                    "sourceRef": "Shita Mekubetzet on Nedarim 33a:7"
                }, 
                {
                    "category": "Commentary", 
                    "sourceHeRef": "שיטה מקובצת על נדרים ל״ג א:ח׳", 
                    "index_title": "Shita Mekubetzet on Nedarim", 
                    "sourceRef": "Shita Mekubetzet on Nedarim 33a:8"
                }, 
                {
                    "category": "Commentary", 
                    "sourceHeRef": "שיטה מקובצת על נדרים ל״ג א:ט׳", 
                    "index_title": "Shita Mekubetzet on Nedarim", 
                    "sourceRef": "Shita Mekubetzet on Nedarim 33a:9"
                }, 
                {
                    "category": "Commentary", 
                    "sourceHeRef": " פסקי הראש על נדרים ה׳:ב׳:א׳", 
                    "index_title": "Rosh on Nedarim", 
                    "sourceRef": "Rosh on Nedarim 5:2:1"
                }, 
                {
                    "category": "Commentary", 
                    "sourceHeRef": " פסקי הראש על נדרים ה׳:ג׳:א׳", 
                    "index_title": "Rosh on Nedarim", 
                    "sourceRef": "Rosh on Nedarim 5:3:1"
                }
            ], 
            "text": ""
        }, 
        {
            "segmentNumber": "24", 
            "he": "מקום שנוטלין עליה שכר תיפול הנאה להקדש", 
            "links": [
                {
                    "category": "Commentary", 
                    "sourceHeRef": "ר\"ן על נדרים ל״ג א:כ״ד:א׳", 
                    "index_title": "Ran on Nedarim", 
                    "sourceRef": "Ran on Nedarim 33a:24:1"
                }, 
                {
                    "category": "Commentary", 
                    "sourceHeRef": "ר\"ן על נדרים ל״ג א:כ״ד:ב׳", 
                    "index_title": "Ran on Nedarim", 
                    "sourceRef": "Ran on Nedarim 33a:24:2"
                }
            ], 
            "text": ""
        }, 
        {
            "segmentNumber": "25", 
            "he": "<big><strong>גמ׳</strong></big> אלמא אברוחי ארי בעלמא הוא ושרי", 
            "links": [
                {
                    "category": "Commentary", 
                    "sourceHeRef": "רש\"י על נדרים ל״ג א:כ״ה:א׳", 
                    "index_title": "Rashi on Nedarim", 
                    "sourceRef": "Rashi on Nedarim 33a:25:1"
                }, 
                {
                    "category": "Commentary", 
                    "sourceHeRef": "ר\"ן על נדרים ל״ג א:כ״ה:א׳", 
                    "index_title": "Ran on Nedarim", 
                    "sourceRef": "Ran on Nedarim 33a:25:1"
                }, 
                {
                    "category": "Commentary", 
                    "sourceHeRef": "שיטה מקובצת על נדרים ל״ג א:י״ב", 
                    "index_title": "Shita Mekubetzet on Nedarim", 
                    "sourceRef": "Shita Mekubetzet on Nedarim 33a:12"
                }, 
                {
                    "category": "Commentary", 
                    "sourceHeRef": "שיטה מקובצת על נדרים ל״ג א:י״ג", 
                    "index_title": "Shita Mekubetzet on Nedarim", 
                    "sourceRef": "Shita Mekubetzet on Nedarim 33a:13"
                }
            ], 
            "text": ""
        }, 
        {
            "segmentNumber": "26", 
            "he": "מאן תנא", 
            "links": [
                {
                    "category": "Commentary", 
                    "sourceHeRef": "רש\"י על נדרים ל״ג א:כ״ו:א׳", 
                    "index_title": "Rashi on Nedarim", 
                    "sourceRef": "Rashi on Nedarim 33a:26:1"
                }
            ], 
            "text": ""
        }, 
        {
            "segmentNumber": "27", 
            "he": "אמר רב הושעיא", 
            "links": [
                {
                    "category": "Commentary", 
                    "sourceHeRef": "ר\"ן על נדרים ל״ג א:כ״ז:א׳", 
                    "index_title": "Ran on Nedarim", 
                    "sourceRef": "Ran on Nedarim 33a:27:1"
                }
            ], 
            "text": ""
        }, 
        {
            "segmentNumber": "28", 
            "he": "זו", 
            "links": [], 
            "text": ""
        }
    ], 
    "heRef": "נדרים ל״ג א", 
    "toSections": [
        "33a"
    ], 
    "sectionRef": "Nedarim 33a", 
    "title": "Nedarim 33a", 
    "lengths": [
        180, 
        5010
    ], 
    "next": "Nedarim 33b", 
    "heBook": "נדרים", 
    "book": "Nedarim", 
    "prev": "Nedarim 32b", 
    "textDepth": 2, 
    "sectionNames": [
        "Daf", 
        "Line"
    ], 
    "sections": [
        "33a"
    ], 
    "isComplex": false, 
    "titleVariants": [
        "Tractate Nedarim", 
        "Ned.", 
        "Masekhet Nedarim", 
        "Talmud Nedarim", 
        "Nedarim"
    ], 
    "categories": [
        "Talmud", 
        "Bavli", 
        "Seder Nashim"
    ], 
    "ref": "Nedarim 33a", 
    "type": "Talmud", 
    "addressTypes": [
        "Talmud", 
        "Integer"
    ], 
    "length": 180, 
    "indexTitle": "Nedarim", 
    "heIndexTitle": "נדרים", 
    "alts": [], 
    "order": [
        15, 
        3
    ]
}