{
    "heTitleVariants": [
        "תוספות על תענית"
    ], 
    "heTitle": "תוספות על תענית ח׳ א", 
    "content": [
        {
            "segmentNumber": "1", 
            "he": [], 
            "links": [], 
            "text": ""
        }, 
        {
            "segmentNumber": "2", 
            "he": [], 
            "links": [], 
            "text": ""
        }, 
        {
            "segmentNumber": "3", 
            "he": [], 
            "links": [], 
            "text": ""
        }, 
        {
            "segmentNumber": "4", 
            "he": [], 
            "links": [], 
            "text": ""
        }, 
        {
            "segmentNumber": "5", 
            "he": [], 
            "links": [], 
            "text": ""
        }, 
        {
            "segmentNumber": "6", 
            "he": [], 
            "links": [], 
            "text": ""
        }, 
        {
            "segmentNumber": "7", 
            "he": [], 
            "links": [], 
            "text": ""
        }, 
        {
            "segmentNumber": "8", 
            "he": [], 
            "links": [], 
            "text": ""
        }, 
        {
            "segmentNumber": "9", 
            "he": [], 
            "links": [], 
            "text": ""
        }, 
        {
            "segmentNumber": "10", 
            "he": [
                "אם ראית דור שהשמים משתכין עליו כנחושת מלהוריד גשם עליו וכו'. מכאן מוכיח ר\"ת דהא דאמרי' בבבא בתרא (דף יט. ושם) אין טומנין בסלעים מ\"ט משום דמשתכי ליה לקדירה ר\"ל משתכי מקלקלים המאכל שבקדירה ובלע\"ז אורמשי\"ר והא דאמר לקדירה לאו דוקא לקדירה אלא למאכל שבקדירה דהכי נמי קאמר (שבת דף יח:) האי קדרה חייתא שרי ואין לפרש כפרש\"י שפי' התם משתכי משברים הקדירה דא\"כ מאי קאמר הכא שהשמים משתכין ר\"ל שהשמים משתברין אלא ודאי משתכים ר\"ל מעלין חלודה כמו דבר שבטל ממלאכתו ימים רבים ומחליד ובלע\"ז ראוליי\"ר: "
            ], 
            "links": [
                {
                    "category": "Talmud", 
                    "sourceHeRef": "תענית ח׳ א:י׳", 
                    "sourceRef": "Taanit 8a:10", 
                    "ref": "Taanit 8a:10"
                }, 
                {
                    "category": "Talmud", 
                    "sourceHeRef": "שבת י״ח ב", 
                    "sourceRef": "Shabbat 18b", 
                    "ref": "Shabbat 18b"
                }, 
                {
                    "category": "Commentary", 
                    "sourceHeRef": "חידושי הלכות על מסכת תענית ח׳ א:ג׳", 
                    "sourceRef": "Chidushei Halachot on Taanit 8a:3", 
                    "ref": "Chidushei Halachot on Taanit 8a:3"
                }
            ], 
            "text": ""
        }, 
        {
            "segmentNumber": "11", 
            "he": [], 
            "links": [], 
            "text": ""
        }, 
        {
            "segmentNumber": "12", 
            "he": [], 
            "links": [], 
            "text": ""
        }, 
        {
            "segmentNumber": "13", 
            "he": [], 
            "links": [], 
            "text": ""
        }, 
        {
            "segmentNumber": "14", 
            "he": [], 
            "links": [], 
            "text": ""
        }, 
        {
            "segmentNumber": "15", 
            "he": [
                "ואי לוחש ועלתה בידו ומגיס דעתו מביא אף לעולם שנאמר יגיד עליו ריעו וגו'. כלומר אם יגיד עליו ריעו שעל ידו באו הגשמים והוא מגיס דעתו מקנה אף עולה כלומר הוא קונה אף ועולה כלומר אם עולה שמגיס דעתו עליו הוא מקנה האף:"
            ], 
            "links": [
                {
                    "category": "Talmud", 
                    "sourceHeRef": "תענית ח׳ א:ט״ו", 
                    "sourceRef": "Taanit 8a:15", 
                    "ref": "Taanit 8a:15"
                }
            ], 
            "text": ""
        }, 
        {
            "segmentNumber": "16", 
            "he": [], 
            "links": [], 
            "text": ""
        }, 
        {
            "segmentNumber": "17", 
            "he": [], 
            "links": [], 
            "text": ""
        }, 
        {
            "segmentNumber": "18", 
            "he": [], 
            "links": [], 
            "text": ""
        }, 
        {
            "segmentNumber": "19", 
            "he": [], 
            "links": [], 
            "text": ""
        }, 
        {
            "segmentNumber": "20", 
            "he": [], 
            "links": [], 
            "text": ""
        }, 
        {
            "segmentNumber": "21", 
            "he": [], 
            "links": [], 
            "text": ""
        }, 
        {
            "segmentNumber": "22", 
            "he": [], 
            "links": [], 
            "text": ""
        }, 
        {
            "segmentNumber": "23", 
            "he": [], 
            "links": [], 
            "text": ""
        }, 
        {
            "segmentNumber": "24", 
            "he": [], 
            "links": [], 
            "text": ""
        }, 
        {
            "segmentNumber": "25", 
            "he": [], 
            "links": [], 
            "text": ""
        }, 
        {
            "segmentNumber": "26", 
            "he": [], 
            "links": [], 
            "text": ""
        }, 
        {
            "segmentNumber": "27", 
            "he": [], 
            "links": [], 
            "text": ""
        }, 
        {
            "segmentNumber": "28", 
            "he": [], 
            "links": [], 
            "text": ""
        }, 
        {
            "segmentNumber": "29", 
            "he": [], 
            "links": [], 
            "text": ""
        }, 
        {
            "segmentNumber": "30", 
            "he": [], 
            "links": [], 
            "text": ""
        }, 
        {
            "segmentNumber": "31", 
            "he": [], 
            "links": [], 
            "text": ""
        }, 
        {
            "segmentNumber": "32", 
            "he": [], 
            "links": [], 
            "text": ""
        }, 
        {
            "segmentNumber": "33", 
            "he": [], 
            "links": [], 
            "text": ""
        }, 
        {
            "segmentNumber": "34", 
            "he": [
                "בחולדה ובור כך בהקב\"ה על אחת כמה וכמה. פי' מאמין בחולדה ובור מעשה היה בנערה אחת היתה רוצה לילך לבית אביה והיה בור בדרך ונפלה ובא בחור אחד ואמר אם אני אעליך תנשאי לי אמרה לו הן ונשבעו ביניהן שהוא לא ישא אשה אחרת והיא לא תנשא לאיש אחר ואמרו מי מעיד בינינו והיתה חולדה אחת הולכת לפני הבור ואמרו אלו שנים בור וחולדה יהיו עדים בינינו והלכו לדרכם והיא עמדה בשבועתה והוא נשה אשה אחרת וילדה בן באת חולדה ונשכתו ומת וילדה לו בן שני ונפל לבור ומת אמרה לו אשתו מה זה המעשה שהגיע לנו שלא כשאר בני אדם נזכר השבועה וסיפר לאשתו כל המעשה אמרה לו א\"כ חזור וקחנה וכתב לה גט והלך ונשא את הבתולה והיינו דאמרי המאמין בבור וחולדה שהעמידו עדותן:"
            ], 
            "links": [
                {
                    "category": "Talmud", 
                    "sourceHeRef": "תענית ח׳ א:ל״ד", 
                    "sourceRef": "Taanit 8a:34", 
                    "ref": "Taanit 8a:34"
                }
            ], 
            "text": ""
        }
    ], 
    "commentaryBook": "Taanit", 
    "heRef": "תוספות על תענית ח׳ א", 
    "toSections": [
        "8a"
    ], 
    "sectionRef": "Tosafot on Taanit 8a", 
    "title": "Tosafot on Taanit 8a", 
    "lengths": [
        59, 
        3661
    ], 
    "next": "Tosafot on Taanit 8b:17", 
    "heBook": "תוספות על תענית", 
    "book": "Tosafot on Taanit", 
    "prev": "Tosafot on Taanit 7b:38", 
    "textDepth": 3, 
    "sectionNames": [
        "Daf", 
        "Line", 
        "Comment"
    ], 
    "sections": [
        "8a"
    ], 
    "commentator": "Tosafot", 
    "isComplex": false, 
    "commentaryCategories": [
        "Talmud", 
        "Bavli", 
        "Seder Moed"
    ], 
    "titleVariants": [
        "Tosafot on Tractate Taanit", 
        "Tosafot on Ta'anit", 
        "Tosafot on Masekhet Taanit", 
        "Tosafot on Taanith", 
        "Tosafot on Talmud Taanit", 
        "Tosafot on Taanit", 
        "Tosafot on Ta'anith"
    ], 
    "categories": [
        "Commentary", 
        "Talmud", 
        "Tosafot"
    ], 
    "ref": "Tosafot on Taanit 8a", 
    "type": "Commentary", 
    "addressTypes": [
        "Talmud", 
        "Integer", 
        "Integer"
    ], 
    "heCommentator": "תוספות", 
    "length": 59, 
    "indexTitle": "Tosafot on Taanit", 
    "heIndexTitle": "תוספות על תענית", 
    "alts": [], 
    "order": [
        9, 
        8
    ]
}