{
    "heTitleVariants": [
        "רי\"ף בבא בתרא"
    ], 
    "heTitle": "רי\"ף בבא בתרא ע״ט ב", 
    "content": [
        {
            "segmentNumber": "1", 
            "he": "לה רב אשי לרב כהנא (דף קעב.) והא האידנא דלא עבדינן הכי א\"ל רבנן תיקוני תקיני מאן דעביד עביד ודלא עביד איהו אפסיד נפשיה אמר להו רב (בגמ' א\"ל רב לספריה וכן א\"ל ר\"ה כו') ספרא לספריה וכן אמר רב הונא לספריה כי קיימיתו בשילו כתובו בשילו ואע\"ג דמסירי לכו מילי בהיני וכי קיימיתו בהיני כתובו בהיני ואע\"ג דמסרי לכו מילי בשילו משום דמיתחזי בשיקרא אמר להו רבה בר רב שילא להנהו דכתבי שטרי אקניאתא כי כתביתו שטרי אקניאתא אי ידעיתו יומא דאקניתו ביה כתובו ואי לא  כתובו יומא דקיימיתו בי' ואי לא מיתחזי כשיקרא:", 
            "links": [
                {
                    "category": "Talmud", 
                    "sourceHeRef": "בבא בתרא קע״ב א", 
                    "index_title": "Bava Batra", 
                    "sourceRef": "Bava Batra 172a"
                }
            ], 
            "text": ""
        }, 
        {
            "segmentNumber": "2", 
            "he": "אמר רבא האי  מאן דנקיט שטרא בר מאה ואמר שויוה ניהלי תרי בר חמשין חמשין לא משוינן ליה עבדו רבנן מילתא דניחא ליה למלוה וניחא ליה ללוה ניחא ליה למלוה כדי שיכוף לפורעו וניחא ליה ללוה כי היכי דניפגום שטריה ואמר רבא האי מאן דנקיט תרי שטרי בר חמשין חמשין ואמר שוינהו ניהלי חד בר מאה לא משוינן ליה עבדו רבנן מילתא דניחא ליה ללוה וניחא ליה למלוה ניחא ליה למלוה כי היכי דלא ניפגום שטריה וניחא ליה ללוה כדי שלא יכוף לפורעו אמר רב אשי האי מאן דנקיט שטרא בר מאה ואמר שויוה ניהלי חד בר חמשין לא משוינן ליה מ\"ט אמרינן האי מיפרע פרעיה וא\"ל הב לי שטרי וא\"ל אירכס לי וכתב ליה תברא אבר מאה והשתא מפיק ליה להאי וא\"ל אחרינא הוא:", 
            "links": [], 
            "text": ""
        }, 
        {
            "segmentNumber": "3", 
            "he": "<b> מתני'</b>   שני אחין אחד עני ואחד עשיר והניח להן אביהם מרחץ ובית הבד עשאן לשכר השכר לאמצע עשאן לעצמו הרי העשיר אומר לעני קח לך עבדים וירחצו כמרחץ קח לך זיתים ובא ועשם בבית הבד:", 
            "links": [], 
            "text": ""
        }, 
        {
            "segmentNumber": "4", 
            "he": "<b>גמ'</b>  (לשון הרי\"ף ז\"ל  ) איידי דתנא רישא מי שפרע מקצת חובו רבי יהודה אומר יחליף   רבי יוסי אומר יכתוב שובר וכו' דסבר רבי יהודה דלא כתבינן שובר וסבר רבי יוסי כתבינן שובר ואי אבד שוברו יאכל הלה וחדי תנא נמי שני אחין אחד עני ואחד עשיר דדמיא לה דאי לית ליה לעני עבדים ולא זיתים אכיל הלה וחדי וכן נמי הא מתני' שנים שהיו בעיר דמיא להו כהאי עניינא:", 
            "links": [], 
            "text": ""
        }, 
        {
            "segmentNumber": "5", 
            "he": "מתני'", 
            "links": [], 
            "text": ""
        }, 
        {
            "segmentNumber": "6", 
            "he": " שנים  שהיו בעיר שם אחד יוסף בן שמעון ושם אחד יוסף בן שמעון אינן יכולין להוציא שטר חוב זה  על זה ולא אחר יכול להוציא עליהן שטר חוב נמצא לאחד בין שטרותיו שטרו של יוסף בן שמעון פרוע שטרות שניהן פרועין כיצד יעשו ישלשו אם היו משולשין יכתוב סימן אם היו מסומנים ", 
            "links": [], 
            "text": ""
        }
    ], 
    "heRef": "רי\"ף בבא בתרא ע״ט ב", 
    "toSections": [
        "79b"
    ], 
    "sectionRef": "Rif Bava Batra 79b", 
    "title": "Rif Bava Batra 79b", 
    "next": "Rif Bava Batra 80a", 
    "heBook": "רי\"ף בבא בתרא", 
    "book": "Rif Bava Batra", 
    "prev": "Rif Bava Batra 79a", 
    "textDepth": 2, 
    "sectionNames": [
        "Daf", 
        "Peirush"
    ], 
    "sections": [
        "79b"
    ], 
    "isComplex": false, 
    "titleVariants": [
        "Rif Bava Batra"
    ], 
    "categories": [
        "Talmud", 
        "Rif", 
        "Seder Nezikin"
    ], 
    "ref": "Rif Bava Batra 79b", 
    "type": "Talmud", 
    "addressTypes": [
        "Talmud", 
        "Integer"
    ], 
    "indexTitle": "Rif Bava Batra", 
    "heIndexTitle": "רי\"ף בבא בתרא", 
    "alts": [], 
    "order": ""
}