{
    "heTitleVariants": [
        "רי\"ף בבא בתרא"
    ], 
    "heTitle": "רי\"ף בבא בתרא נ״א ב", 
    "content": [
        {
            "segmentNumber": "1", 
            "he": "והלכתא כת\"ק ואע\"ג (דף קז:) דאמר רב הונא הלכתא כאחרים לית הלכתא כותייהו דהא דחי לה רב אשי דהוא בתרא ואמר טעמא דאחרים לא ידעינן הלכתא עבדינן כוותייהו:", 
            "links": [
                {
                    "category": "Talmud", 
                    "sourceHeRef": "בבא בתרא ק״ז ב", 
                    "index_title": "Bava Batra", 
                    "sourceRef": "Bava Batra 107b"
                }
            ], 
            "text": ""
        }, 
        {
            "segmentNumber": "2", 
            "he": "<b> מתני'</b>   האומר לחבירו חצי שדי אני מוכר לך משמנין ביניהן ונותן לו חצי שדהו חציה  בדרום אני מוכר לך משמנין ביניהן ונותן לו חציה בדרום ומקבל עליו מקום הגדר וחריץ ובן חריץ וכמה הוא חריץ ששה טפחים ובן חריץ ג\"ט:", 
            "links": [], 
            "text": ""
        }, 
        {
            "segmentNumber": "3", 
            "he": "<b>גמ'</b>  אמר רב חייא בר אבא אמר רבי יוחנן ולוקח נוטל כחוש א\"ל ר' חייא בר אבא לר' יוחנן והא אנן משמנין ביניהן תנן א\"ל אדאכלת כפניאתא בבבל תרגימנה מסיפא דקתני חציה בדרום אני מוכר לך משמנים ביניהן ונוטל חציה בדרום אמאי משמנים ביניהן והא חציה בדרום קאמר אלא לדמי ה\"נ לדמי:", 
            "links": [], 
            "text": ""
        }, 
        {
            "segmentNumber": "4", 
            "he": "ומקבל עליו מקום גדר וכו':", 
            "links": [], 
            "text": ""
        }, 
        {
            "segmentNumber": "5", 
            "he": "תניא חריץ מבחוץ ובן חריץ מבפנים וזה וזה אחורי גדר מבחוץ כדי שלא תהא חיה קופצת וכמה בין חריץ לחריץ טפח:", 
            "links": [], 
            "text": ""
        }, 
        {
            "segmentNumber": "6", 
            "he": "גרסינן בסוף עבודת כוכבים (דף עב.)  ההוא גברא דא\"ל לחבריה אי מזביננא להאי ארעא לדידך מזביננא לה אזל וזבנה לאיניש אחרינא אמר רב יוסף קנה קמא א\"ל אביי והא לא פסק ומנא תימרא דהיכא דלא פסק לא קנה דתנן המוכר יינו לעובד כוכבים פסק עד שלא מדד דמיו מותרין מדד עד שלא פסק דמיו אסורין מאי הוי עלה מאי הוי עלה כדאמרינן ודילמא חומרא דיין נסך שאני א\"ר (בגמ' איתא א\"ר אידי בר אבין  ) חייא בר אבין עובדא הוה בי רב חסדא ורב חסדא בי רב הונא ופשטוה מהא משך  חמריו ופועליו והכניסן לתוך ביתו בין פסק עד שלא מדד בין מדד עד שלא פסק שניהן יכולין לחזור בהן פירקן והכניסן לתוך ביתו פסק עד שלא מדד אין שניהם יכולין לחזור בהן מדד עד שלא פסק שניהם יכולין לחזור בהן הילכך לא קנה קמא כלום ההוא דא\"ל לחבריה אי מזביננא להאי  ארעא לדידך מזביננא לה במאה זוזי אזל וזבנה לאיניש אחרינא במאה ועשרין אמר רב כהנא קנה קמא מתקיף לה רב אחא בר יעקב מנהר פקוד האי זוזי אנסוהו דאי לאו דיהיב ליה מאה ועשרים לא הוה מזבין לה והלכתא כרב אחא בר יעקב מנהר פקוד. א\"ל כדשיימי בי תלתא אפילו תרי מגו תלתא כדאמרי תלתא עד דאמרי תלתא כדשיימי בי ארבעה עד דשיימי בי ארבעה כולהו וכ\"ש היכא דא\"ל כדאמרי ארבעה:", 
            "links": [
                {
                    "category": "Talmud", 
                    "sourceHeRef": "בבא בתרא ע״ב א", 
                    "index_title": "Bava Batra", 
                    "sourceRef": "Bava Batra 72a"
                }
            ], 
            "text": ""
        }, 
        {
            "segmentNumber": "7", 
            "he": "כדשיימי בי תלתא ואתו תלתא ושמוה וא\"ל ליתו תלתא אחריני דקים להו טפי מהני אמר רב פפא דינא הוא דמעכב עליה מתקיף לה רב הונא בריה דרב יהושע ממאי דהני קים להו טפי דילמא הני קים להו טפי והלכתא כרב הונא בריה דרב יהושע וקיימא לן דהני שמעתתא כולהו בדא\"ל מעכשיו וקנו מיניה:", 
            "links": [], 
            "text": ""
        }, 
        {
            "segmentNumber": "8", 
            "he": "\n סליקא לה פרק האומר \n פרק שמיני  \n", 
            "links": [], 
            "text": ""
        }, 
        {
            "segmentNumber": "9", 
            "he": " (דף קח.)  יש", 
            "links": [], 
            "text": ""
        }, 
        {
            "segmentNumber": "10", 
            "he": " נוחלין ומנחילין נוחלין ולא מנחילין מנחילין ולא נוחלין לא נוחלין ולא מנחילין אלו נוחלין ומנחילין האב את הבנים והבנים את האב ואחין מן האב נוחלין ומנחילין האיש את אמו והאיש את אשתו ובני אחיות נוחלין ולא מנחילין האשה את בנה והאשה את בעלה ואחי האם מנחילין ולא נוחלין והאחים מן האם לא נוחלין ולא ", 
            "links": [], 
            "text": ""
        }
    ], 
    "heRef": "רי\"ף בבא בתרא נ״א ב", 
    "toSections": [
        "51b"
    ], 
    "sectionRef": "Rif Bava Batra 51b", 
    "title": "Rif Bava Batra 51b", 
    "next": "Rif Bava Batra 52a", 
    "heBook": "רי\"ף בבא בתרא", 
    "book": "Rif Bava Batra", 
    "prev": "Rif Bava Batra 51a", 
    "textDepth": 2, 
    "sectionNames": [
        "Daf", 
        "Peirush"
    ], 
    "sections": [
        "51b"
    ], 
    "isComplex": false, 
    "titleVariants": [
        "Rif Bava Batra"
    ], 
    "categories": [
        "Talmud", 
        "Rif", 
        "Seder Nezikin"
    ], 
    "ref": "Rif Bava Batra 51b", 
    "type": "Talmud", 
    "addressTypes": [
        "Talmud", 
        "Integer"
    ], 
    "indexTitle": "Rif Bava Batra", 
    "heIndexTitle": "רי\"ף בבא בתרא", 
    "alts": [], 
    "order": ""
}