{
    "heTitleVariants": [
        " קרבן נתנאל על יבמות"
    ], 
    "heTitle": " קרבן נתנאל על יבמות", 
    "heRef": " קרבן נתנאל על יבמות ל׳", 
    "toSections": [
        30
    ], 
    "sectionRef": "Korban Netanel on Yevamot 30", 
    "next": "Korban Netanel on Yevamot 31", 
    "content": [
        {
            "segmentNumber": "1", 
            "he": "<b>  ואי  </b> קשיא לך הא דתניא. בפ' החולץ דף מב ע\"ב היתה רדופה ומתני' דכרמא: ", 
            "links": [
                {
                    "category": "Commentary", 
                    "sourceHeRef": " פסקי הראש על יבמות ד׳:י׳:א׳", 
                    "index_title": "Rosh on Yevamot", 
                    "sourceRef": "Rosh on Yevamot 4:10:1"
                }
            ], 
            "text": ""
        }, 
        {
            "segmentNumber": "2", 
            "he": "<b>  דכל  </b> הנשים צריכות להמתין אע\"פ שאינם ראויות לילד. קא ס\"ד דאתי לאתויי כגון נשים מזנות שמתהפכות ואינם ראויות לילד ע\"ז השיג הרי\"ף עליהם הנך בנשואות איירי ולא שייך וכו' אלא שאינם ראויות לילד כגון שהשקום סמא או ע\"י חולה: ", 
            "links": [
                {
                    "category": "Commentary", 
                    "sourceHeRef": " פסקי הראש על יבמות ד׳:י׳:א׳", 
                    "index_title": "Rosh on Yevamot", 
                    "sourceRef": "Rosh on Yevamot 4:10:1"
                }
            ], 
            "text": ""
        }, 
        {
            "segmentNumber": "3", 
            "he": "<b>  ובקטנה  </b> דלא שכיח בה זנות לא גזרו בה. וק\"ק דטפי הל\"ל דמש\"ה לא גזרי' דהוי גזרה לגזרה. וי\"ל בדוחק כיון דאנן פסקי' כר\"י ולא מטעמיה שמא לא נתהפכה יפה א\"כ אינה ראוייה לילד וצ\"ל דגזרינן אנוסה ומפותה משום נשים נשואות שאינם ראויות לילד והני משום נשואות ראויות לילד ש\"מ דמחמירינן בהא אפי' גזרה לגזרה: ", 
            "links": [
                {
                    "category": "Commentary", 
                    "sourceHeRef": " פסקי הראש על יבמות ד׳:י׳:א׳", 
                    "index_title": "Rosh on Yevamot", 
                    "sourceRef": "Rosh on Yevamot 4:10:1"
                }
            ], 
            "text": ""
        }, 
        {
            "segmentNumber": "4", 
            "he": "<b>  אבל  </b> גיורת ומשותררת אפילו גדולה לא החמירו בהבחנה דידה למגזר זנות אטו נישואין. דאפי' גיורת נשואה כיון דדעתה לגיורי מתהפכת נמי כדי להבחין בין זרע קדושה לזרע שלא בקדושה אע\"ג כשמתגיירת עם בעלה ס\"ל לרבינו כיון שכל הזרע מאותו האיש אינה חוששת להבחין ואינה מתהפכת כסברת ר\"י בעל התוס' לא גזרינן משום גר וגיורת איש ואשתו דהוא מלתא דלא שכיח ובזה נסתלק תמיהת מהרש\"א דף ל\"ה ד\"ה חוץ מגיורת ע\"ש: ", 
            "links": [
                {
                    "category": "Commentary", 
                    "sourceHeRef": " פסקי הראש על יבמות ד׳:י׳:א׳", 
                    "index_title": "Rosh on Yevamot", 
                    "sourceRef": "Rosh on Yevamot 4:10:1"
                }
            ], 
            "text": ""
        }, 
        {
            "segmentNumber": "5", 
            "he": "<b>  דכיון  </b> דבת ישראל היא מחמיר בה כרבי יהודה. אע\"ג דבפ' אלו נערות דף ל\"ו מוקמינן הך דרבי יהודה בשראוה שנבעלה דוקא היינו כדי שלא תקשי דידיה אדידיה שס\"ל דלענין קנס שבויה בקדושתה קאי. אבל לדידן דלא ס\"ל כר\"י בהא אלא כחכמים דאינו משלם קנס לשבויה אפילו בלא ראוה שנבעלה מחמרינן כרבי יהודה: 0הדרן עלך ארבעה אחין  פרק ד ", 
            "links": [
                {
                    "category": "Commentary", 
                    "sourceHeRef": " פסקי הראש על יבמות ד׳:י׳:א׳", 
                    "index_title": "Rosh on Yevamot", 
                    "sourceRef": "Rosh on Yevamot 4:10:1"
                }
            ], 
            "text": ""
        }
    ], 
    "book": "Korban Netanel on Yevamot", 
    "prev": "Korban Netanel on Yevamot 27", 
    "textDepth": 2, 
    "sectionNames": [
        "Seif", 
        "siman"
    ], 
    "sections": [
        30
    ], 
    "isComplex": false, 
    "titleVariants": [
        "Korban Netanel on Yevamot"
    ], 
    "categories": [
        "Commentary2", 
        "Talmud", 
        "Korban Netanel"
    ], 
    "ref": "Korban Netanel on Yevamot 30", 
    "type": "Commentary2", 
    "addressTypes": [
        "Integer", 
        "Integer"
    ], 
    "indexTitle": "Korban Netanel on Yevamot", 
    "heIndexTitle": " קרבן נתנאל על יבמות", 
    "alts": [], 
    "order": ""
}