{
    "heTitleVariants": [
        " קרבן נתנאל על יבמות"
    ], 
    "heTitle": " קרבן נתנאל על יבמות", 
    "heRef": " קרבן נתנאל על יבמות ה׳", 
    "toSections": [
        5
    ], 
    "sectionRef": "Korban Netanel on Yevamot 5", 
    "next": "Korban Netanel on Yevamot 6", 
    "content": [
        {
            "segmentNumber": "1", 
            "he": "<b>  לרבות  </b> סוטה שנסתרה. פי' נבעלה ור\"י לאו בסוטה לית ליה דאחרי אשר הוטמאה אלהיות לו לאשה קאי ובסוטה הרי לא גירשה. ורבנן מוקי לה קרא להיות במחזיר גרושתו ובבעל ולא בקידושין גרידא כדאמר אביי בקידושין דף ע\"ח: ", 
            "links": [
                {
                    "category": "Commentary", 
                    "sourceHeRef": " פסקי הראש על יבמות א׳:ה׳:א׳", 
                    "index_title": "Rosh on Yevamot", 
                    "sourceRef": "Rosh on Yevamot 1:5:1"
                }
            ], 
            "text": ""
        }, 
        {
            "segmentNumber": "2", 
            "he": "<b>  בין  </b> מן האירוסין אסורה. ואפילו לא גירשה הראשון מן הנשואין כדמוכח בשלהי גיטין דף פ\"ט מ\"ב סמ\"ג: ", 
            "links": [
                {
                    "category": "Commentary", 
                    "sourceHeRef": " פסקי הראש על יבמות א׳:ה׳:א׳", 
                    "index_title": "Rosh on Yevamot", 
                    "sourceRef": "Rosh on Yevamot 1:5:1"
                }
            ], 
            "text": ""
        }, 
        {
            "segmentNumber": "3", 
            "he": "<b>  וגרושה  </b> שזינתה לאחר שנתגרשה מותרת לחזור לבעלה. כך מוכח להדיא ממתני' בפרק שני דסוטה דף י\"ח ע\"ב: ", 
            "links": [
                {
                    "category": "Commentary", 
                    "sourceHeRef": " פסקי הראש על יבמות א׳:ה׳:א׳", 
                    "index_title": "Rosh on Yevamot", 
                    "sourceRef": "Rosh on Yevamot 1:5:1"
                }
            ], 
            "text": ""
        }
    ], 
    "book": "Korban Netanel on Yevamot", 
    "prev": "Korban Netanel on Yevamot 4", 
    "textDepth": 2, 
    "sectionNames": [
        "Seif", 
        "siman"
    ], 
    "sections": [
        5
    ], 
    "isComplex": false, 
    "titleVariants": [
        "Korban Netanel on Yevamot"
    ], 
    "categories": [
        "Commentary2", 
        "Talmud", 
        "Korban Netanel"
    ], 
    "ref": "Korban Netanel on Yevamot 5", 
    "type": "Commentary2", 
    "addressTypes": [
        "Integer", 
        "Integer"
    ], 
    "indexTitle": "Korban Netanel on Yevamot", 
    "heIndexTitle": " קרבן נתנאל על יבמות", 
    "alts": [], 
    "order": ""
}