{
    "content": [
        {
            "segmentNumber": "1", 
            "he": "איזהו מקומן שלזבחים? קדשי קדשים - שחיטתן בצפון. פר ושעיר של יום הכפורים - שחיטתן בצפון, וקבול דמן בכלי שרת בצפון, ודמן טעון הזיה על בין הבדים, ועל הפרכת, ועל מזבח הזהב. מתנה אחת מהן מעכבת. שירי הדם היה שופך על יסוד מערבי שלמזבח החיצון. אם לא נתן - לא עכב.", 
            "links": [
                {
                    "category": "Commentary", 
                    "index_title": "Bartenura on Mishnah Zevachim", 
                    "sourceHeRef": "ברטנורא על משנה זבחים ה׳:א׳:א׳", 
                    "sourceRef": "Bartenura on Mishnah Zevachim 5:1:1"
                }, 
                {
                    "category": "Commentary", 
                    "index_title": "Ikar Tosafot Yom Tov on Mishnah Zevachim", 
                    "sourceHeRef": "עיקר תוספות יום טוב על משנה זבחים ה׳:א׳:א׳", 
                    "sourceRef": "Ikar Tosafot Yom Tov on Mishnah Zevachim 5:1:1"
                }, 
                {
                    "category": "Commentary", 
                    "index_title": "Ikar Tosafot Yom Tov on Mishnah Zevachim", 
                    "sourceHeRef": "עיקר תוספות יום טוב על משנה זבחים ה׳:א׳:ב׳", 
                    "sourceRef": "Ikar Tosafot Yom Tov on Mishnah Zevachim 5:1:2"
                }, 
                {
                    "category": "Commentary", 
                    "index_title": "Ikar Tosafot Yom Tov on Mishnah Zevachim", 
                    "sourceHeRef": "עיקר תוספות יום טוב על משנה זבחים ה׳:א׳:ג׳", 
                    "sourceRef": "Ikar Tosafot Yom Tov on Mishnah Zevachim 5:1:3"
                }, 
                {
                    "category": "Commentary", 
                    "index_title": "Ikar Tosafot Yom Tov on Mishnah Zevachim", 
                    "sourceHeRef": "עיקר תוספות יום טוב על משנה זבחים ה׳:א׳:ד׳", 
                    "sourceRef": "Ikar Tosafot Yom Tov on Mishnah Zevachim 5:1:4"
                }, 
                {
                    "category": "Commentary", 
                    "index_title": "Ikar Tosafot Yom Tov on Mishnah Zevachim", 
                    "sourceHeRef": "עיקר תוספות יום טוב על משנה זבחים ה׳:א׳:ה׳", 
                    "sourceRef": "Ikar Tosafot Yom Tov on Mishnah Zevachim 5:1:5"
                }, 
                {
                    "category": "Commentary", 
                    "index_title": "Ikar Tosafot Yom Tov on Mishnah Zevachim", 
                    "sourceHeRef": "עיקר תוספות יום טוב על משנה זבחים ה׳:א׳:ו׳", 
                    "sourceRef": "Ikar Tosafot Yom Tov on Mishnah Zevachim 5:1:6"
                }, 
                {
                    "category": "Commentary", 
                    "index_title": "Ikar Tosafot Yom Tov on Mishnah Zevachim", 
                    "sourceHeRef": "עיקר תוספות יום טוב על משנה זבחים ה׳:א׳:ז׳", 
                    "sourceRef": "Ikar Tosafot Yom Tov on Mishnah Zevachim 5:1:7"
                }, 
                {
                    "category": "Commentary", 
                    "index_title": "Ikar Tosafot Yom Tov on Mishnah Zevachim", 
                    "sourceHeRef": "עיקר תוספות יום טוב על משנה זבחים ה׳:א׳:ח׳", 
                    "sourceRef": "Ikar Tosafot Yom Tov on Mishnah Zevachim 5:1:8"
                }, 
                {
                    "category": "Commentary", 
                    "index_title": "Rambam on Mishnah Zevachim", 
                    "sourceHeRef": "רמב\"ם על משנה זבחים ה׳:א׳:א׳", 
                    "sourceRef": "Rambam on Mishnah Zevachim 5:1:1"
                }
            ], 
            "text": "What are the locations of the sacrifices?  <i>Kodshai Kodashim</i> [sacrifices of the highest degree of sanctity.  They may be slaughtered only on the north-west corner of the altar, and consumed only within the Temple compound by male priests, or burnt entirely] are slaughtered on the north [side of the altar].  [The] bull and [the] goat of Yom Kippur are slaughtered on the north [side of the altar] and their blood is collected in a consecrated vessel on the north [side of the altar]. Their blood requires sprinkling between the staves [of the ark] and on the curtain [separating the main shrine from the Holy of Holies chamber] and on the golden [incense] altar. [The omission] of one of these applications invalidates [the offering].  He [a priest] poured out the remainder of the blood on the western base of the outer altar.  If he did not [pour it out], that does not invalidate [the offering]."
        }, 
        {
            "segmentNumber": "2", 
            "he": "פרים הנשרפים ושעירים הנשרפים - שחיטתן בצפון, וקבול דמן בכלי שרת בצפון, ודמן טעון הזיה על הפרכת, ועל מזבח הזהב. מתנה אחת מהן מעכבת. שירי הדם היה שופך על יסוד מערבי שלמזבח החיצון. אם לא נתן - לא עכב. אלו ואלו נשרפין בבית הדשן.", 
            "links": [
                {
                    "category": "Commentary", 
                    "index_title": "Bartenura on Mishnah Zevachim", 
                    "sourceHeRef": "ברטנורא על משנה זבחים ה׳:ב׳:א׳", 
                    "sourceRef": "Bartenura on Mishnah Zevachim 5:2:1"
                }, 
                {
                    "category": "Commentary", 
                    "index_title": "Ikar Tosafot Yom Tov on Mishnah Zevachim", 
                    "sourceHeRef": "עיקר תוספות יום טוב על משנה זבחים ה׳:ב׳:א׳", 
                    "sourceRef": "Ikar Tosafot Yom Tov on Mishnah Zevachim 5:2:1"
                }, 
                {
                    "category": "Commentary", 
                    "index_title": "Ikar Tosafot Yom Tov on Mishnah Zevachim", 
                    "sourceHeRef": "עיקר תוספות יום טוב על משנה זבחים ה׳:ב׳:ב׳", 
                    "sourceRef": "Ikar Tosafot Yom Tov on Mishnah Zevachim 5:2:2"
                }, 
                {
                    "category": "Commentary", 
                    "index_title": "Rambam on Mishnah Zevachim", 
                    "sourceHeRef": "רמב\"ם על משנה זבחים ה׳:ב׳:א׳", 
                    "sourceRef": "Rambam on Mishnah Zevachim 5:2:1"
                }
            ], 
            "text": "The bulls and the goats which are burned are slaughtered on the north [side of the altar] and their blood is collected in a consecrated vessel on the north [side of the altar].  Their blood requires sprinkling on the curtain and on the golden altar.  [The omission] of one of these applications invalidates [the offering]. He poured out the remainder of the blood on the western base of the outer altar.  If he did not [pour it out], that does not invalidate [the offering]. Both of these [offerings] are burned in the place of the ashes [outside of the city]. "
        }, 
        {
            "segmentNumber": "3", 
            "he": "חטאות הצבור והיחיד - אלו הן חטאות הצבור: שעירי ראשי חדשים ושלמועדות - שחיטתן בצפון, וקבול דמן בכלי שרת בצפון, ודמן טעון ארבע מתנות על ארבע קרנות. כיצד? עלה בכבש, ופנה  לסובב, ובא לו לקרן דרומית מזרחית, מזרחית צפונית, צפונית מערבית, מערבית דרומית. שירי הדם היה שופך על יסוד דרומי. ונאכלין לפנים מן הקלעים, לזכרי כהנה, בכל מאכל, ליום ולילה עד חצות.", 
            "links": [
                {
                    "category": "Commentary", 
                    "index_title": "Bartenura on Mishnah Zevachim", 
                    "sourceHeRef": "ברטנורא על משנה זבחים ה׳:ג׳:א׳", 
                    "sourceRef": "Bartenura on Mishnah Zevachim 5:3:1"
                }, 
                {
                    "category": "Commentary", 
                    "index_title": "Ikar Tosafot Yom Tov on Mishnah Zevachim", 
                    "sourceHeRef": "עיקר תוספות יום טוב על משנה זבחים ה׳:ג׳:א׳", 
                    "sourceRef": "Ikar Tosafot Yom Tov on Mishnah Zevachim 5:3:1"
                }, 
                {
                    "category": "Commentary", 
                    "index_title": "Ikar Tosafot Yom Tov on Mishnah Zevachim", 
                    "sourceHeRef": "עיקר תוספות יום טוב על משנה זבחים ה׳:ג׳:ב׳", 
                    "sourceRef": "Ikar Tosafot Yom Tov on Mishnah Zevachim 5:3:2"
                }, 
                {
                    "category": "Commentary", 
                    "index_title": "Ikar Tosafot Yom Tov on Mishnah Zevachim", 
                    "sourceHeRef": "עיקר תוספות יום טוב על משנה זבחים ה׳:ג׳:ג׳", 
                    "sourceRef": "Ikar Tosafot Yom Tov on Mishnah Zevachim 5:3:3"
                }, 
                {
                    "category": "Commentary", 
                    "index_title": "Ikar Tosafot Yom Tov on Mishnah Zevachim", 
                    "sourceHeRef": "עיקר תוספות יום טוב על משנה זבחים ה׳:ג׳:ד׳", 
                    "sourceRef": "Ikar Tosafot Yom Tov on Mishnah Zevachim 5:3:4"
                }, 
                {
                    "category": "Commentary", 
                    "index_title": "Rambam on Mishnah Zevachim", 
                    "sourceHeRef": "רמב\"ם על משנה זבחים ה׳:ג׳:א׳", 
                    "sourceRef": "Rambam on Mishnah Zevachim 5:3:1"
                }, 
                {
                    "category": "Talmud", 
                    "index_title": "Zevachim", 
                    "sourceHeRef": "זבחים נ״ב ב:מ״א-נ״ג א:ג׳", 
                    "sourceRef": "Zevachim 52b:41-53a:3"
                }
            ], 
            "text": "[Concerning] the communal and individual <i>chata'ot</i> [offerings brought to expiate sin] - These are the communal <i>chata'ot</i>: The New Moon goats  and those of holidays. These are slaughtered on the north [side of the altar] and their blood is collected in a consecrated vessel on the north [side of the altar]. Their blood requires four applications - [one] on [each of] the four corners [of the altar].  How [was this done]?  The priest ascended the ramp and turned onto the ledge [encircling the altar] and came to the southeast corner, [he then walked to] the northeast corner, [then to] the northwest corner, [then to] the southwest corner. The remainder of the blood was poured out on the southern base [of the altar]. These [the meat from these sacrifices] were eaten within the curtains [of the Temple courtyard; these were later replaced with walls] by male priests, prepared in any manner, during that day and [subsequent] night until midnight. "
        }, 
        {
            "segmentNumber": "4", 
            "he": "העולה - קדשי קדשים - שחיטתה בצפון, וקבול דמה בכלי שרת בצפון, ודמה טעון שתי מתנות שהן ארבע, וטעונה הפשט, ונתוח, וכליל לאשים.", 
            "links": [
                {
                    "category": "Commentary", 
                    "index_title": "Bartenura on Mishnah Zevachim", 
                    "sourceHeRef": "ברטנורא על משנה זבחים ה׳:ד׳:א׳", 
                    "sourceRef": "Bartenura on Mishnah Zevachim 5:4:1"
                }, 
                {
                    "category": "Commentary", 
                    "index_title": "Ikar Tosafot Yom Tov on Mishnah Zevachim", 
                    "sourceHeRef": "עיקר תוספות יום טוב על משנה זבחים ה׳:ד׳:א׳", 
                    "sourceRef": "Ikar Tosafot Yom Tov on Mishnah Zevachim 5:4:1"
                }, 
                {
                    "category": "Commentary", 
                    "index_title": "Ikar Tosafot Yom Tov on Mishnah Zevachim", 
                    "sourceHeRef": "עיקר תוספות יום טוב על משנה זבחים ה׳:ד׳:ב׳", 
                    "sourceRef": "Ikar Tosafot Yom Tov on Mishnah Zevachim 5:4:2"
                }, 
                {
                    "category": "Commentary", 
                    "index_title": "Ikar Tosafot Yom Tov on Mishnah Zevachim", 
                    "sourceHeRef": "עיקר תוספות יום טוב על משנה זבחים ה׳:ד׳:ג׳", 
                    "sourceRef": "Ikar Tosafot Yom Tov on Mishnah Zevachim 5:4:3"
                }, 
                {
                    "category": "Commentary", 
                    "index_title": "Ikar Tosafot Yom Tov on Mishnah Zevachim", 
                    "sourceHeRef": "עיקר תוספות יום טוב על משנה זבחים ה׳:ד׳:ד׳", 
                    "sourceRef": "Ikar Tosafot Yom Tov on Mishnah Zevachim 5:4:4"
                }, 
                {
                    "category": "Commentary", 
                    "index_title": "Ikar Tosafot Yom Tov on Mishnah Zevachim", 
                    "sourceHeRef": "עיקר תוספות יום טוב על משנה זבחים ה׳:ד׳:ה׳", 
                    "sourceRef": "Ikar Tosafot Yom Tov on Mishnah Zevachim 5:4:5"
                }, 
                {
                    "category": "Commentary", 
                    "index_title": "Rambam on Mishnah Zevachim", 
                    "sourceHeRef": "רמב\"ם על משנה זבחים ה׳:ד׳:א׳", 
                    "sourceRef": "Rambam on Mishnah Zevachim 5:4:1"
                }, 
                {
                    "category": "Talmud", 
                    "index_title": "Zevachim", 
                    "sourceHeRef": "זבחים נ״ג ב:ד׳", 
                    "sourceRef": "Zevachim 53b:4"
                }
            ], 
            "text": "The <i>Olah</i> [an offering that is entirely burnt], [which is within the category of] <i>Kodshai Kodashim</i>, is slaughtered on the north [side of the altar] and its blood is collected in a consecrated vessel on the north [side of the altar].  Its blood requires two applications which [amount to] four [when the blood is applied to a corner it touches two sides of the altar simultaneously]. [The<i>Olah</i>] must be skinned, dismembered, and completely [burned] in [the altar] fires."
        }, 
        {
            "segmentNumber": "5", 
            "he": "זבחי שלמי צבור ואשמות - אלו הן אשמות: אשם גזלות, אשם מעילות, אשם שפחה חרופה, אשם נזיר, אשם מצרע, אשם תלוי- שחיטתן בצפון, וקבול דמן בכלי שרת בצפון, ודמן טעון שתי מתנות שהן ארבע, ונאכלין לפנים מן הקלעים, לזכרי כהנה, בכל מאכל, ליום ולילה עד חצות.", 
            "links": [
                {
                    "category": "Commentary", 
                    "index_title": "Bartenura on Mishnah Zevachim", 
                    "sourceHeRef": "ברטנורא על משנה זבחים ה׳:ה׳:א׳", 
                    "sourceRef": "Bartenura on Mishnah Zevachim 5:5:1"
                }, 
                {
                    "category": "Commentary", 
                    "index_title": "Ikar Tosafot Yom Tov on Mishnah Zevachim", 
                    "sourceHeRef": "עיקר תוספות יום טוב על משנה זבחים ה׳:ה׳:א׳", 
                    "sourceRef": "Ikar Tosafot Yom Tov on Mishnah Zevachim 5:5:1"
                }, 
                {
                    "category": "Commentary", 
                    "index_title": "Rambam on Mishnah Zevachim", 
                    "sourceHeRef": "רמב\"ם על משנה זבחים ה׳:ה׳:א׳", 
                    "sourceRef": "Rambam on Mishnah Zevachim 5:5:1"
                }, 
                {
                    "category": "Talmud", 
                    "index_title": "Zevachim", 
                    "sourceHeRef": "זבחים נ״ד ב:כ״ח-ל״א", 
                    "sourceRef": "Zevachim 54b:28-31"
                }
            ], 
            "text": "[Concerning] <i>Zivchei Shalmei Tzibur</i> [<i>Shelamim</i> offering brought by/on behalf of all Israel – specifically, the two sheep brought along with the leavened grain-offering on Shavu’ot] and <i>Ashamot</i> [offerings brought to alleviate guilt], these are the <i>Ashamot</i>: The <i>Asham</i> for robbery, the <i>Asham</i> for misuse of consecrated property, the <i>Asham</i> for [having relations with] a <i>Shifchah Charufah</i> [a non-Jewish female slave partially freed, and betrothed to a Jewish slave], the <i>Asham</i> of the <i>Nazir</i> [a person who swears abstention from all grape products like wine, from cutting his hair, and avoidance of corpse impurity], the [purification] <i>Asham</i> of the <i>Metzora</i> [one rendered severely impure from an unsightly skin disease.  Upon recovery and purification he must bring offerings], and the uncertain <i>Asham</i> [brought upon possible commission of a sin].  These [offerings] are slaughtered on the north [side of the altar], and their blood is collected in a consecrated vessel on the north [side of the altar]. Their blood requires two applications, which [amount to] four, and they are eaten within the curtains [of the Temple courtyard] by male priests, prepared in any manner, during that day and [subsequent] night until midnight."
        }, 
        {
            "segmentNumber": "6", 
            "he": "התודה ואיל נזיר - קדשים קלים - שחיטתן בכל מקום בעזרה, ודמן טעון שתי מתנות שהן ארבע, ונאכלין בכל העיר, לכל אדם, בכל מאכל, ליום ולילה עד חצות. המורם מהם - כיוצא בהם, אלא שהמורם נאכל לכהנים, לנשיהם,  ולבניהם ולעבדיהם.", 
            "links": [
                {
                    "category": "Commentary", 
                    "index_title": "Bartenura on Mishnah Zevachim", 
                    "sourceHeRef": "ברטנורא על משנה זבחים ה׳:ו׳:א׳", 
                    "sourceRef": "Bartenura on Mishnah Zevachim 5:6:1"
                }, 
                {
                    "category": "Commentary", 
                    "index_title": "Ikar Tosafot Yom Tov on Mishnah Zevachim", 
                    "sourceHeRef": "עיקר תוספות יום טוב על משנה זבחים ה׳:ו׳:א׳", 
                    "sourceRef": "Ikar Tosafot Yom Tov on Mishnah Zevachim 5:6:1"
                }, 
                {
                    "category": "Commentary", 
                    "index_title": "Ikar Tosafot Yom Tov on Mishnah Zevachim", 
                    "sourceHeRef": "עיקר תוספות יום טוב על משנה זבחים ה׳:ו׳:ב׳", 
                    "sourceRef": "Ikar Tosafot Yom Tov on Mishnah Zevachim 5:6:2"
                }, 
                {
                    "category": "Commentary", 
                    "index_title": "Ikar Tosafot Yom Tov on Mishnah Zevachim", 
                    "sourceHeRef": "עיקר תוספות יום טוב על משנה זבחים ה׳:ו׳:ג׳", 
                    "sourceRef": "Ikar Tosafot Yom Tov on Mishnah Zevachim 5:6:3"
                }, 
                {
                    "category": "Commentary", 
                    "index_title": "Ikar Tosafot Yom Tov on Mishnah Zevachim", 
                    "sourceHeRef": "עיקר תוספות יום טוב על משנה זבחים ה׳:ו׳:ד׳", 
                    "sourceRef": "Ikar Tosafot Yom Tov on Mishnah Zevachim 5:6:4"
                }, 
                {
                    "category": "Commentary", 
                    "index_title": "Rambam on Mishnah Zevachim", 
                    "sourceHeRef": "רמב\"ם על משנה זבחים ה׳:ו׳:א׳", 
                    "sourceRef": "Rambam on Mishnah Zevachim 5:6:1"
                }, 
                {
                    "category": "Talmud", 
                    "index_title": "Zevachim", 
                    "sourceHeRef": "זבחים נ״ה א:כ״ד-כ״ו", 
                    "sourceRef": "Zevachim 55a:24-26"
                }
            ], 
            "text": "The <i>Todah</i> [thanksgiving-offering] and ram of the <i>Nazir</i> [are sacrifices within the category of] <i>Kodashim Kalim</i> [sacrifices of a lesser degree of sanctity.  They may be slaughtered anywhere in the Temple courtyard and consumed by most anyone, anywhere in Jerusalem]. They are slaughtered anywhere in the Temple courtyard, and their blood requires two applications, which [amount to] four, and they are eaten throughout the city [of Jerusalem], by anyone, prepared in any manner, during that day and [subsequent] night until midnight.  The same rules apply to their [the sacrifices'] portions [given to the priests, and their loaves - also given to the priests], except that these portions are eaten by the priests, their wives, their children and their slaves.  "
        }, 
        {
            "segmentNumber": "7", 
            "he": "שלמים - קדשים קלים - שחיטתן בכל מקום בעזרה, ודמן טעון שתי מתנות שהן ארבע, ונאכלין בכל העיר, לכל אדם, בכל מאכל, לשני ימים ולילה אחד. המורם מהם - כיוצא בהן, אלא שהמורם נאכל לכהנים, לנשיהם, ולבניהם, ולעבדיהם.", 
            "links": [
                {
                    "category": "Commentary", 
                    "index_title": "Bartenura on Mishnah Zevachim", 
                    "sourceHeRef": "ברטנורא על משנה זבחים ה׳:ז׳:א׳", 
                    "sourceRef": "Bartenura on Mishnah Zevachim 5:7:1"
                }, 
                {
                    "category": "Commentary", 
                    "index_title": "Ikar Tosafot Yom Tov on Mishnah Zevachim", 
                    "sourceHeRef": "עיקר תוספות יום טוב על משנה זבחים ה׳:ז׳:א׳", 
                    "sourceRef": "Ikar Tosafot Yom Tov on Mishnah Zevachim 5:7:1"
                }, 
                {
                    "category": "Commentary", 
                    "index_title": "Ikar Tosafot Yom Tov on Mishnah Zevachim", 
                    "sourceHeRef": "עיקר תוספות יום טוב על משנה זבחים ה׳:ז׳:ב׳", 
                    "sourceRef": "Ikar Tosafot Yom Tov on Mishnah Zevachim 5:7:2"
                }, 
                {
                    "category": "Commentary", 
                    "index_title": "Rambam on Mishnah Zevachim", 
                    "sourceHeRef": "רמב\"ם על משנה זבחים ה׳:ז׳:א׳", 
                    "sourceRef": "Rambam on Mishnah Zevachim 5:7:1"
                }, 
                {
                    "category": "Talmud", 
                    "index_title": "Zevachim", 
                    "sourceHeRef": "זבחים נ״ה א:מ״ז-מ״ט", 
                    "sourceRef": "Zevachim 55a:47-49"
                }
            ], 
            "text": "The <i>Shelamim</i> [is a sacrifice within the category of] <i>Kodashim Kalim</i>. They are slaughtered anywhere in the Temple courtyard. Their blood requires two applications which [amount to] four, and they are eaten throughout the city [of Jerusalem], by anyone, prepared in any manner, over two days and an [intervening]  night. The same rules apply to their [the sacrifices'] portions [given to the priests, and their loaves - also given to the priests], except that these portions are eaten by the priests, their wives, their children and their slaves.  "
        }, 
        {
            "segmentNumber": "8", 
            "he": "הבכור והמעשר והפסח - קדשים קלים - שחיטתן בכל מקום בעזרה, ודמן טעון מתנה אחת - ובלבד שיתן כנגד היסוד. שנה באכילתן: הבכור נאכל לכהנים, והמעשר לכל אדם, ונאכלין בכל העיר, (לכל אדם,) בכל מאכל, לשני ימים ולילה אחד. הפסח אינו נאכל אלא בלילה, ואינו נאכל אלא עד חצות, ואינו נאכל אלא למנויו, ואינו נאכל אלא צלי.", 
            "links": [
                {
                    "category": "Commentary", 
                    "index_title": "Bartenura on Mishnah Zevachim", 
                    "sourceHeRef": "ברטנורא על משנה זבחים ה׳:ח׳:א׳", 
                    "sourceRef": "Bartenura on Mishnah Zevachim 5:8:1"
                }, 
                {
                    "category": "Commentary", 
                    "index_title": "Ikar Tosafot Yom Tov on Mishnah Zevachim", 
                    "sourceHeRef": "עיקר תוספות יום טוב על משנה זבחים ה׳:ח׳:א׳", 
                    "sourceRef": "Ikar Tosafot Yom Tov on Mishnah Zevachim 5:8:1"
                }, 
                {
                    "category": "Commentary", 
                    "index_title": "Ikar Tosafot Yom Tov on Mishnah Zevachim", 
                    "sourceHeRef": "עיקר תוספות יום טוב על משנה זבחים ה׳:ח׳:ב׳", 
                    "sourceRef": "Ikar Tosafot Yom Tov on Mishnah Zevachim 5:8:2"
                }, 
                {
                    "category": "Commentary", 
                    "index_title": "Ikar Tosafot Yom Tov on Mishnah Zevachim", 
                    "sourceHeRef": "עיקר תוספות יום טוב על משנה זבחים ה׳:ח׳:ג׳", 
                    "sourceRef": "Ikar Tosafot Yom Tov on Mishnah Zevachim 5:8:3"
                }, 
                {
                    "category": "Commentary", 
                    "index_title": "Ikar Tosafot Yom Tov on Mishnah Zevachim", 
                    "sourceHeRef": "עיקר תוספות יום טוב על משנה זבחים ה׳:ח׳:ד׳", 
                    "sourceRef": "Ikar Tosafot Yom Tov on Mishnah Zevachim 5:8:4"
                }, 
                {
                    "category": "Commentary", 
                    "index_title": "Rambam on Mishnah Zevachim", 
                    "sourceHeRef": "רמב\"ם על משנה זבחים ה׳:ח׳:א׳", 
                    "sourceRef": "Rambam on Mishnah Zevachim 5:8:1"
                }, 
                {
                    "category": "Talmud", 
                    "index_title": "Zevachim", 
                    "sourceHeRef": "זבחים נ״ו ב:ל״ד-ל״ח", 
                    "sourceRef": "Zevachim 56b:34-38"
                }
            ], 
            "text": "The <i>Bechor</i> [first-born offering], the <i>Ma'aser</i> [animal tithe], and the Passover offering [are sacrifices within the category of] <i>Kodashim Kalim</i>. They are slaughtered anywhere in the Temple courtyard, and their blood requires one application as long as it is applied at a spot next to the base [of the altar].  These differ with regard to their consumption: the <i>Bechor</i> is eaten by the priests, but the <i>Ma'aser</i> is eaten by anyone. They are [both] eaten throughout the city [of Jerusalem] (by anyone) prepared in any manner, for two days and an [intervening] night. The Passover offering is only eaten at night, and only until midnight. It is only eaten by those assigned to it, and it is only eaten roasted. "
        }
    ], 
    "heTitle": "משנה זבחים", 
    "indexTitle": "Mishnah Zevachim", 
    "sectionRef": "Mishnah Zevachim 5", 
    "prev": "Mishnah Zevachim 4", 
    "ref": "Mishnah Zevachim 5", 
    "heRef": "משנה זבחים ה׳", 
    "next": "Mishnah Zevachim 6"
}