{
    "heTitleVariants": [
        "שיטה מקובצת על בבא בתרא"
    ], 
    "heTitle": "שיטה מקובצת על בבא בתרא ב׳ א", 
    "content": [
        {
            "segmentNumber": "1", 
            "he": "<b>השותפין שרצו וכו'. </b>תמיה לי אמאי לא תני סתמא השותפין שרצו לעשות מחיצה בונין את הכותל באמצע ולמה פרט בחצר. ויש לומר דאי אפשר למיתני סתם דהא בעי לפלוגי בין חצר לגנה ובקעה. ואי נמי יש לומר דאצטריך בין למאן `דאמר היזק ראיה שמיה היזק בין למאן דאמר לא שמיה היזק דלמאן דאמר שמיה היזק אצטריך לאשמועינן דאפילו בחצר שמיה היזק וכיון דרצו לחלוק בונין את הכותל באמצע ולמאן דאמר לא שמיה היזק נמי אצטריך דאי תנא סתם דילמא אתינן למטעי ולמימר דאפילו בבית נמי לא שמיה היזק וטעמא דרצו הא לא רצו לא קא משמע לן דדוקא בחצר הא בבית אפילו לא רצו נמי כופין זה את זה דהיזק ראיה בבית לכולי עלמא שמיה היזק וכדאמרינן בגמרא היזקא דבית שאני. ואף על גב דבהדיא תנינן בפירקין דלקמן החלונות מלמעלה ומלמטה ארבע אמות ותני עלה מלמעלה כדי שלא יציץ ויראה וכו'. אפילו הכי לאו אורחיה דתנא למיסתם לישניה בהאי פירקא ולמסמך אמאי דתני בפירקא אחרינא. וגדולה מזו שנינו במשנה ראשונה דיבמות דקתני חמש עשרה נשים וכו'. ואקשינן עלה וליתני אסורות. ופרקינן אי תנא אסורות וכו' אבל מיחלץ חלצן וכו'. ואף על גב דבהדיא תנינן מן החליצה ומן היבום והכי נמי הוה מצי למיתני אסורות לחלוץ ולייבם. ועוד דאי מהתם הוה אמינא דילמא שאני התם דכבר הורגל בעל הבית לעשות תשמישו בהצנע וכטעמא דיהבינן בגמרא גבי כותל חצר שנפל נפל שאני כלומר וכבר הורגלו לעשות תשמישן בהצנע והשתא לא מצי לאצנועי. הרשב\"א ז\"ל  <br>ואפשר לומר דלתרץ קושיא זו כתב רש\"י ז\"ל דכל חצרות ששנו חכמים לפני הבתים הם ורוב תשמישן בחצר. דללישנא קמא אתא לאשמועינן דאפילו בחצר דרוב תשמישם שם ואיכא היזק ראיה טובא לפי שמשתמשים בה תדיר לא שמיה היזק וללישנא בתרא אתא לאשמועינן דאפילו היו שותפים בחצר שעומדת לפני הבתים שרואין זה את זה ויכול ליזהר שלא יעשה שם מילי דצניעותא כי אם בבתים אפילו הכי שמיה היזק. גליון. ", 
            "links": [
                {
                    "category": "Talmud", 
                    "sourceHeRef": "בבא בתרא ב׳ א:א׳", 
                    "index_title": "Bava Batra", 
                    "sourceRef": "Bava Batra 2a:1"
                }
            ], 
            "text": ""
        }, 
        {
            "segmentNumber": "2", 
            "he": "<b>כפיסין. </b>מפרש בגמרא ארחי וקשה לר\"י וכו' ככתוב בתוספות. וריצב\"ש הקשה דבמסכת תעניות משמע דכפיס גופיה הוי דעץ דיליף דקורותיו של אדם מעידין עליו מכפיס מעץ יעננה. לכן נראה דכפיס לשון שבר בין של עץ בין של אבנים. גליון תוספות. וכן פירש הרמב\"ן ז\"ל. ", 
            "links": [
                {
                    "category": "Talmud", 
                    "sourceHeRef": "בבא בתרא ב׳ א:ב׳", 
                    "index_title": "Bava Batra", 
                    "sourceRef": "Bava Batra 2a:2"
                }
            ], 
            "text": ""
        }, 
        {
            "segmentNumber": "3", 
            "he": "<b>הכל כמנהג המדינה. </b>יש אומרים כמנהג בניני העיר. ודבר של תימה הוא האיך נצריך כותל חזק בארבע אמות העשוים לסלק היזק ראיה בלבד בכותל גבוה לסמוך בו תקרתו ועליותיו ובהדיא משמע בגמרא דלא בעינן אלא מה שראוי לעמוד בגובה של ארבע אמות ואף על פי שלא היה עומד גבוה יותר וכדאמרינן למימר דבגזית כל ארבע אמות בגובהה אי הוה חמשה טפחים קאי ואי לא לא קאי ואם איתא מאי קאמר כל ארבעה בגובהה דילמא בגובה ארבע בבציר מהכי סגי. אלא שכן נהגו לעשות בבניני העיר שהם כותלים גבוהים ומשום דלא קיימי בבציר מהכי כיון דגבוהין וכיון דבניני העיר שהם כותלים גבוהים צריך חמשה הצריכוהו בכך אפילו בכותל של היזק ראיה ואפילו תמצא לומר דאי לאו דלא קאי אפילו בגובה ארבע אמות לא היו מצריכין אותו בכותל של היזק ראיה אף על פי שצריך לעשות כן בכותלי העיר הגבוהים אף אנו נאמר דאף על פי שנהגו לעשות בנין חזק לכותלי העיר הגבוהים בכותל של ארבע אמות הנמוך לא לפי שאינו צריך לכך ובודאי דבגזית אי הוי גבוה יותר מארבע אמות לא סגי ליה בפותיא חמשה כדמוכח בהדיא בגמרא גבי אמה טרקסין ואפילו הכי בכותל של היזק ראיה לא הצריכו אלא חמשה בלבד דאלמא דאין הולכין בה אחר בניני העיר אלא אחר בניני השותפין ברחבן של כותלים והילכך אף בבנין כן שאין עיקר הענין אלא שמא יבנה בנין רעוע שמא יפול ויצטרך זה לצעוק עליו תמיד אלא דכשנהגו השותפין ממש אין משנין ממנהג שלהם. ויש מפרשים שאין הולכים אלא אחר מנהג השותפין כשמתרצים לחלוק ביניהם בונים גויל או גזית ודומיא דהא דקתני לקמן מקום שנהגו לגדור דהיינו מקום שנהגו השותפין וכן פירש מורי הרב ז\"ל וכן נראה עיקר. הרשב\"א ז\"ל. ", 
            "links": [
                {
                    "category": "Talmud", 
                    "sourceHeRef": "בבא בתרא ב׳ א:ב׳", 
                    "index_title": "Bava Batra", 
                    "sourceRef": "Bava Batra 2a:2"
                }
            ], 
            "text": ""
        }, 
        {
            "segmentNumber": "4", 
            "he": "<b>בגויל זה נותן שלשה טפחים וזה כו'. </b>איכא למידק אמאי לא קאמר בגויל ששה טפחים. ועוד דאמאי אצטריך למיתני מדת גויל וגזית כיון דתני הכל כמנהג המדינה כן יעשו ושמא אתא לאשמועינן שאפילו בא אחד לכנוס בתוך שלו ולבנות גויל או גזית חבירו מעכב עליו משום דאמר ליה אם אתה עושה כן לא יהא לי רשות לסמוך וכו' כמו שכתב הרא\"ה ז\"ל עיין בנימוקי יוסף ומשום הכי קתני זה נותן וזה נותן. ועוד יש לומר דאתא לאשמועינן דלא נימא בונין באמצע דוקא כשיש להם חלקים שוים בחצר והיינו דקאמר באמצע שהמחיצה היא באמצע החצר אבל אם לאחד יש שליש בחצר ולאחר שני שלישים כל אחד יתן מן הקרקע והבנין כפי חלקו להכי קתני זה נותן וזה נותן לאשמועינן דאפילו שאינם שוים בשותפות החצר זה נותן שלשה וזה נותן שלשה ואתי שפיר נמי דקאמר זה נותן שלשה וזה נותן שלשה ולא קאמר כל אחד נותן שלשה טפחים דאי הוה תני הכי הוה משמע שהם שוים בשותפות החצר להכי תני זה וזה שאף על פי שהאחד יש לו יותר בחצר מחבירו אפילו הכי שניהם נותנים בשוה. וקתני תו במתניתין לפיכך כלומר הואיל ואינם נותנים לפי חשבון אלא לעולם בשוה אם נפל הכותל המקום והאבנים של שניהם ולא אמרינן דמעלין לפי חשבון. ובהכי מיתרצא קושיית התוספות שמקשים דמאי איריא משום דבונים הכותל בעל כרחם בלאו הכי נמי הוי של שניהם אפילו נפל לרשותא דחד מינייהו כיון דאין חזית לא לזה ולא לזה.<br>אבל רש\"י ז\"ל מתחלה פירש דבאמצע היינו זה נותן מחלקו כלומר מאיזה חלק שיהיה לו יתן חצי מקום עובי הכותל דלא משמע ליה באמצע החצר בדוקא דבכל גוונא מיירי מתניתין והיינו דנקט ז\"ל ברישא דמתניתין שיש להם חצר בשותפות ובתי שניהם פתוחים לתוכו דמשמע בכל מין שותפות שיהיה אין הכוונה אלא שיהיה בתי שניהם פתוחים בתוכו ואף על פי שאין להם בחצר חלקים שוים. ועוד דמלתא דפשיטא הוא כיון שאין עושין אלא משום היזק ראיה כל כך הוא מוטל על האחד לעשות הכותל כמו על האחר וסיפא דזה נותן וזה נותן לא אצטריכא לאשמועינן הא ולזה כתב רש\"י ז\"ל זה נותן כו' שעובי כותל גויל ששה טפחים כו' כלומר לא אתא וכו' לאשמועינן דשניהם נותנים בשוה כו' אלא שיעור עובי הכותל אתי לאשמועינן. ולעיקר קושיין תירצו בתוספות והא דלא קאמר בגויל ששה טפחים משום דלא ניטעי וכו'. והא דאצטריך למיתני מדת גויל דאם נהגו יותר מששה בגויל לא יעשה וכן כולם. ומיהו אם נהגו לעשות פחות מששה יעשה וכו'. ובזה חולק רש\"י שכתב הכל כמנהג מדינה אם מנהג לבנות בגויל יבנו בגויל וכו' כלומר שהמנהג מועיל לפחות מגויל לגזית אבל לפחות מגויל טפח ולעשותו חמשה טפחים אין תלוי במנהג דבציר מהכי לא קאמר וכן הסכימו רוב המפרשים. וכן כתב הרשב\"א וזה לשונו חילוקי הבנינים דוקא הוא שתלוי במנהג אם גויל אם גזית אבל שיעורי רחב הכותלים אינו תלוי במנהג שאם נהגו לבנות בגויל של חמשה טפחים מנהג בטעות הוא וכו'. וכל שכן למי שמפרש מקום שנהגו לבנות גויל וכו' מקום שנהגו בבניני העיר דעל כרחך לא סגיא דלא יהיב תנא שיעורא דאי תנא סתמא הוה אמינא דאפילו ברחבן של כותלים אזלינן בתר מנהג בניני העיר ובניני העיר ודאי רחבין הם יותר מן השיעור השנוי במשנתנו דגזית בכותל גבוה ארבע הוא דסגי ליה בחמשה אבל לכותל גבוה יותר מארבע אמות לא סגי ליה בהכי וטפי בעי ולכל חד וחד צריך לפי גבהו כדאיתא בגמרא גבי אמה טרקסין והילכך על כרחך אצטריך תנא לאשמועינן הכא לגובה ארבע בכמה רוחב סגי ליה ולא סגיא בלאו הכי. ואלא מיהו פירושא דמקום שנהגו איכא לפרושי דמקום שנהגו השותפים קאמר כדכתיבנא בסמוך עד כאן לשונו. גליון. ", 
            "links": [
                {
                    "category": "Talmud", 
                    "sourceHeRef": "בבא בתרא ב׳ א:ב׳-ו׳", 
                    "index_title": "Bava Batra", 
                    "sourceRef": "Bava Batra 2a:2-6"
                }
            ], 
            "text": ""
        }, 
        {
            "segmentNumber": "5", 
            "he": "<b>והא דאמרינן גויל ששה וגזית חמשה איכא מאן דאמר שלא נאמרו שיעורין הללו אלא בכותל של טיט וכו'. </b>אבל הרא\"ה ז\"ל כתב דאפילו הכותל של סיד נאמרו שיעורין הללו דאם לא כן כי מקשינן בגמרא מאמה טרקסין הוה ליה לשנויי דשל סיד הוה והוה עדיף טפי מההוא פרוקא דמפרקינן משום דאיכא טפח יתירה וכי אמרינן בגמרא הני מילי טינא לאו דוקא טינא דלא איתמר אלא לאפוקי ריכסא. הר\"ן ז\"ל. ", 
            "links": [
                {
                    "category": "Talmud", 
                    "sourceHeRef": "בבא בתרא ב׳ א:ב׳-ו׳", 
                    "index_title": "Bava Batra", 
                    "sourceRef": "Bava Batra 2a:2-6"
                }
            ], 
            "text": ""
        }, 
        {
            "segmentNumber": "6", 
            "he": "<b>בלבנים זה נותן טפח ומחצה וזה וכו'. </b>כתב מורי ז\"ל דבעיר חדשה אין אחד מהם יכול לכוף את חבירו אלא בפחות שבכתלים הנזכר במשנה או בכפיסין או לבנים אבל מכל מקום בהוצא ודפנא לא מדקתני סיפא דמתניתין הכל כמנהג המדינה ואמרינן בגמרא לאתויי אתרא דנהיגי בהוצא ודפנא מדאצטריך לאשמועינן דבמקום שנהגו בהוצא ודפנא אזלינן בתר מנהגא שמע מינה דבמקום שאין מנהג לא סגי להו בהכי. איכא מרבוותא ז\"ל שפירשו דאפילו למאן דאמר היזק ראיה שמיה היזק וכל שרצו בונים את הכותל בעל כרחו הני מילי בעיר חדשה וכל שכן במקום שנהגו ממש לגדור אבל במקום שנהגו כולן שלא להקפיד על היזק ראיה אין מחייבין אותם לבנות אלא אם רצה כונס לתוך שלו ובונה והביאו ראיה מהיזק ראיה דגנה דחמיר טפי מהיזק דחצר אפילו מאן דאמר לא שמיה היזק בחצר בגנה מודה וכדאמרינן בגמרא גנה שאני אפילו הכי משמע בגמרא דדוקא סתם גנה מחייבים אותו הא מקום שנהגו שלא לגדור אין מחייבים אלמא כל שכן אחצר דלא חמיר כולי האי דאם נהגו שלא לגדור אין מחייבים. ואין דינם יפה בעיני אפילו אם תמצא לומר דבגנה מקום שנהגו שלא לגדור אין מחייבים אותו בחצר מחייבים אותו ולא אמרו בגמרא דגנה חמירא אלא למאן דאמר היזק ראיה לא שמיה היזק אבל למאן דאמר שמיה היזק ודאי חצר חמור טפי ותדע לך דאפילו מקום שנהגו שלא לגדור בחצר מחייבים אותו מדקתני במתניתין הכל כמנהג המדינה ואמרינן עלה בגמרא הכל לאתויי הוצא ודפנא ומדקאמרינן לאתויי הוצא ודפנא ולא קאמר לאתויי כל מידי דאפילו מחצלת שמע מינה שאין הולכים אחר המנהג בפחות מהוצא ודפנא דמנהג טעות הוא וכן כתב רבינו תם ז\"ל. וכיון שכן הגע עצמך דפחות מהוצא ודפנא אין מנהגם מנהג שלא לגדור כלל לא כל שכן ואפילו תאמר דשאני התם דכיון שמקפידים אין שמירתן בפחות מכאן שמירה לפי שצריך לזעוק תמיד על חבירו כשתפול מחיצתו מה בכך כבר נהגו שלא להקפיד על מה שמזיקו בין נפילה לבנין. ועוד דאפילו בגנה נמי מוכח בירושלמי דאפילו במקום שנהגו שלא לגדור מחייבין אותו דגרסינן התם תני בגנה בין מקום שנהגו לגדור בין מקום שנהגו שלא לגדור כופין אבל בבקעה מקום שנהגו לגדור כופין מקום שנהגו שלא לגדור אין כופין. ולפי זה הא דאמרינן בגמרא וכן בגנה סתם כמקום שנהגו לגדור דמי ומחייבים אותו לאו למימרא דבמקום שנהגו שלא לגדור אין מחייבים אלא איידי דבעי למימר דבקעה סתם כמקום שנהגו שלא לגדור ואין מחייבים אמר בגנה סתם מחייבים שכן דרכם לקרב הענינים כן נראה לי. הרשב\"א ז\"ל. ואפשר שהירושלמי חולק עם גמרתנו בזה. הר\"ן. <br>והרא\"ש ז\"ל כתב לכאורה משמע דתלמוד ירושלמי פליג אתלמוד דידן. ונראה לי דגרסינן בירושלמי בין במקום שנהגו לגדור בין במקום שנהגו שלא לגדור כופין פירוש בין במקום שידוע המנהג שנהגו לגדור בין במקום שאין ידוע שנהגו לגדור דהיינו סתמא כופין דלפי גירסת הירושלמי קשיא דיוקא דרישא אדיוקא דסיפא דקתני אבל בבקעה מקום שנהגו לגדור כופין הא סתמא אין כופין וסיפא קתני מקום שנהגו שלא לגדור אין כופין משמע הא סתמא כופין. ולמאי דפרישנא ניחא דבמקום שלא נהגו לגדור היינו סתמא. עד כאן לשונו בתוספותיו. <br>עוד יש מרבוותא שפירשו דכולה מתניתין כשאין אחד מהם רוצה לכנוס בתוך שלו לפי שחבירו אומר לו לא אסייע עמך אלא אם כן נבנה כבניני העיר או השותפים אבל אם רצה לכנוס בתוך שלו כונס ובונה כמה שירצה ואפילו בהוצא ודפנא ותדע לך שלא הוזכר חיוב בנין אבנים או לבנים אלא במקום שבונים באמצע אבל בזמן שזה בונה וזה בונה כגון שני גנים בשני צדי רשות הרבים ואי נמי גג הסמוך לחצר חבירו לא הוזכר שם אלא מעקה דמשמע כל דהו. ואף על גב דגבי שני גנים בשני צדי רשות הרבים אמרינן לא ניחא לי דתיתרע אשיתאי דמשמע בנין אבנים שהוא מכביד על הגג. לא מתורת חיוב אמרו אלא שדרכם של בריות בכך כשבא לבנות בתוך שלו אינו בונה עראי כדי שלא יהא זקוק לבנות תמיד. ואינו מחוור בעיני כלל שהרי כל עצמן לא אמרו במשנתנו שכופין זה את זה לבנות גויל או גזית אלא כדי שלא יהא צריך זה להזמין את חברו בכל יום בבית דין להקים מחיצתו הנופלת וכיון שכן מה לי שאינו כונס לתוך שלו מה לי כונס. ועוד דהא מתניתין בכופין זה את זה קא מיירי שזה אומר גזית נבנה וזה אומר לא כי אלא כפיסין או הוצא ודפנא כדי שלא יתמעט תשמישי ובכי הא הוא דקתני בונים את הכותל כמנהג המדינה ואם איתא בשופטני עסקינן כשרואה זה שבית דין מחייבים אותו בעל כרחו לתת שלשה טפחים בקרקע ודמי יתירי בגויל וגזית יכנוס לתוך שלו ובונה מחיצה של הוצא כמו שירצה. ועוד שבזה נחלקו רב הונא ורב חסדא לקמן גבי שתי חצרות זו למעלה מזו דרב הונא דאמר תחתון בונה מכנגדו ועולה כלומר הוא לבדו בלא סיוע של עליון לפי שהעליון יכול לומר לו איני צריך ליסוד שאני יכול לבנות עראי בתוך שלי ואפילו הוצא ורב חסדא סבר עליון מסייע מלמטה דקסבר דאפילו זה בונה בעל כרחו כמנהג המדינה צריך הוא ליסוד שאם אין יסוד אין בנין וקיימא לן כרב חסדא ותניא התם כוותיה. וכן פירש הראב\"ד ז\"ל. וכן עיקר לפי שיכול זה לומר אף כשתכנוס לתוך שלך איני רוצה להיות עמך בכל שעה בדינא ודיינא. הרשב\"א ז\"ל. ", 
            "links": [
                {
                    "category": "Talmud", 
                    "sourceHeRef": "בבא בתרא ב׳ א:ו׳", 
                    "index_title": "Bava Batra", 
                    "sourceRef": "Bava Batra 2a:6"
                }
            ], 
            "text": ""
        }, 
        {
            "segmentNumber": "7", 
            "he": "<b>לפיכך אם נפל הכותל וכו'. </b>ללישנא דמחיצה גודא עד כאן. נראה שצריך לפרשה למשנתנו דדוקא כשיש עדים שנתרצו לעשות מחיצה וקנו מידם הא לאו הכי בחצר שיש בה דין חלוקה פשיטא אי פנינהו חד לרשותיה שיכול לומר לא נתרצית לי לבנות עמי ולא יכולתי לכופך משום דהיזק ראיה לא שמיה היזק והוצרכתי לכנוס בתוך שלי בענין שיכול לטעון בבקעה ואפילו בחצר שאין בה דין חלוקה שאי אפשר לחלוק אלא על ידי ריצוי כיון דהיזק ראיה לא שמיה היזק יכול לומר לו לא נתרצית לי אלא לחלוק אבל למעט תשמישך ולבנות עמי כותל באמצע לא. והילכך על כרחך מתניתין דוקא כשיש עדים שנתרצו ולפיכך כיון שכל אחד יכול לכוף את חבירו חזקה לא ויתר אחד מהם על דינו. וקשיא לי כיון שכן מאי שנא חצר ומאי שנא בקעה דבקעה נמי כשיש עדים שנתרצו לעשות מחיצה וקנו מידם אם נפל הכותל המקום והאבנים של שניהם ומאי שנא דבחצר לא תנא תקנתא דחזית כבקעה. וסבור הייתי לומר דללישנא דגודא אין הכי נמי אלא דתנא רישא דינא בנתרצו ואיכא סהדי והוא הדין לבקעה ותנא סיפא תקנתא דלא נתרצו והוא הדין לחצר. ואי קשיא לך אם כן ליתני דינא ותקנתא גבי חצר ואמאי נאדי מחצר ותנא בקעה. יש לומר דעל כרחך אצטריך לאשמועינן ברישא דאף על גב דבחצר היזק ראיה לא שמיה היזק בגנה שמיה היזק משום דאסור לעמוד על שדה וכו' וכיון דתנא בגנה דהיזק ראיה שמיה היזק משום קמותיה אצטריך לאשמועינן דבבקעה לא אף על גב דאיהי נמי אית בה הא טעמא וכיון דסליק מבקעה ואשמועינן דבקעה וחצר חד דינא אית להו תנא בה תקנתא והוא הדין לחצר. אלא דקשיא לי דאם איתא דבחצר נמי איכא תקנתא דחזית ואם רצה לכנוס בתוך שלו כונס ועושה חזית אם כן מאי לפיכך דאפילו לא היתה משנתנו מלמדת אותנו דין כפייה כו' ובדרך שאמרו בבקעה ולא יעשה לא לזה ולא לזה כלומר דכיון דכשאחד כונס לתוך שלו תקנו לו חזית כו'. על כן נראה דלא תקנו חזית כלל בחצר כדאמרינן בהוצא דלמה לי תקנתא בחזית אלא בשטרא. ונראה לי טעמא דמלתא משום דלא אפשר דאלו בבקעה הרבה נכנסים שם ורואים ויודעים כשיש שם חזית ואם יסירנו משם או יקלפנו יוודע הענין אבל בבית אי אפשר דמי נכנס בביתו של חברו לראות אם קלפו את האבנים אם לאו הילכך לא אפשר אלא תנא דינא בחצר והוא הדין לבקעה ולא תנא בחצר תקנתא משום דלא אפשר ותנא ליה בבקעה משום דאפשר וכן כתב ה\"ר יוסף הלוי ז\"ל שאין דין חזית בחצר. ", 
            "links": [
                {
                    "category": "Talmud", 
                    "sourceHeRef": "בבא בתרא ב׳ א:ז׳-י״ב", 
                    "index_title": "Bava Batra", 
                    "sourceRef": "Bava Batra 2a:7-12"
                }
            ], 
            "text": ""
        }, 
        {
            "segmentNumber": "8", 
            "he": "<b>מלישנא דמחיצה פלוגתא יש שפירשו דלפיכך נמי דקתני במתניתין היינו דוקא כשיש עדים שנתרצו שניהם לחלוק וקנו בידם ברוחות. </b>וכתב הרשב\"א ז\"ל וזה לשונו הרא\"ש ז\"ל בתוספותיו לפיכך אם נפל הכותל וכו' פירש רש\"י ז\"ל הואיל ובתחלת הבנין חייבום חכמים לבנות בין שניהם אם נפל הכותל וכו'. ולמאן דאמר מחיצה גודא צריך לפרש שיש עדים שנתרצו לעשות מחיצה דאם לא כן אין כופין אותו בתחלת הבנין ומצי למימר אותו שנפלו האבנים לרשותו לא רצית לבנות עמי כותל ובניתי על חלקי משלי. אבל ללישנא בתרא ניחא אפילו אי ליכא עדים שנתרצו לחלוק ולא מצי למימר אותו שהאבנים ברשותו לא רצית כי ידעת שאם תחלוק אכוף אותך לבנות הכותל ולא נתרצית לחלוק אלא שאבנה הכותל משלי על חלקי דמסתמא כיון דהיזק ראיה שמיה היזק נתרצו לחלוק ולסלק ההיזק מעליהם. וכי תימא כיון שיש עדים שנתרצו לעשות מחיצה מאי קא משמע לן לפיכך פשיטא כיון שיש עדים שנתרצו לעשות מחיצה שהמקום והאבנים של שניהם וכן בבקעה נמי ויש לומר דהא קא משמע לן אם הקנו בסתם לעשות מחיצה צריכין לבנות כותל שלם אף על פי דמסיפס נמי איקרי מחיצה ואף על גב דהיזק ראיה לא שמיה היזק מכל מקום כיון שהקנו לעשות מחיצה מסתמא למחיצה המצלת להיזק ראיה הקנו ודאי לפיכך אהא דקאמר בונים את הכותל ולא מצי למימר אמחיצה גרועה נתרצית לי והוצרכתי לבנות משלי כותל טוב על חלקי. אבל בבקעה אפילו יש עדים שהקנו לעשות מחיצה מצי למימר אותו שהאבנים ברשותו אמחיצה גרועה נתרצית לי והוצרכתי לבנות כותל טוב. עד כאן. ", 
            "links": [
                {
                    "category": "Talmud", 
                    "sourceHeRef": "בבא בתרא ב׳ א:ז׳-ט״ו", 
                    "index_title": "Bava Batra", 
                    "sourceRef": "Bava Batra 2a:7-15"
                }
            ], 
            "text": ""
        }, 
        {
            "segmentNumber": "9", 
            "he": "<b>וזה לשון הר\"ן ז\"ל לפיכך אם נפל הכותל וכו'. </b>פירוש כיון שיכולים לכוף זה את זה מסתמא שבין שניהם בנאוהו באבנים ובמקום הלכך אפילו אם נפל לרשותא דחד מינייהו וכו ולפיכך יש מי שאומר שאפילו היה שם חזית מצד אחד המקום והאבנים של שניהם וכו' כמו שכתוב בחידושי הרמב\"ן ז\"ל בדפוס. ואם תאמר והא לתרוייהו לישני דגמרא אינם יכולים לכוף זה את זה דללישנא קמא דאמרי היזק ראיה לא שמיה היזק אין יכולים לכוף זה את זה לבנות גודא דמסיפס בעלמא סגי להו ומשום הכי קתני רצו וכיון שכן מצי אמר חד מינייהו אני הייתי חפץ בגודא ולא נתרצית לי והוצרכתי לבנות בתוך שלי וליהני ליה חזית כדמהני בבקעה. וכן ללישנא בתרא דמוקמינן לה בחצר שאין בה דין חלוקה הרי אין יכולים זה את זה לכוף לחלוק כלל וכיון שכן מצי טעין כל חד מינייהו אתה לא נתרצית לי לחלוק אלא אם כן הייתי כונס לתוך שלי והוצרכתי לעשות כן ובניתי משלי וליהני ליה חזית כדמהני בבקעה. יש לומר דללישנא בתרא כיון שהחצר החלוק לפניך הדבר מוכיח שנתרצו לחלוק שאם לא נתרצו אפילו לכנוס לתוך שלו לא היה רשאי כיון שאין בה דין חלוקה וכיון שהדבר ידוע שנתרצו לחלוק הרי היה לכל אחד מהם לכוף את חברו לבנות באמצע. מאי אמרת דלמא כשנתרצו לא נתרצו אלא על מנת שיבנה אחד מהם משלו. ליתא דריצויין ברור מתוך חלוקתן של אותו חצר ואותו תנאי שאתה אומר אין בו הוכחה כלל וכל כיוצא בזה תופסין את הודאי ומניחים את הספק. ומיהו ללישנא קמא איכא מאן דאמר דכי תנן המקום והאבנים של שניהם דוקא כגון דאיכא סהדי שנתרצו שניהם בגודא הא לאו הכי מצי אמר מתוך שלא נתרצית לי בגודא הוצרכתי לכנוס בתוך שלי ולבנות שלא מדעתך ורשאי הייתי בכך כיון שיש בה דין חלוקה וכיון שכן הוה ליה ממש כבקעה דמהני בה חזית ואינו מחוור זה בעיני דאם כן הוה ליה לתנא למתני שאם לא רצה חבירו לבנות עמו כונס לתוך שלו ובונה ועושה חזית ומדלא תני הכי שמע מינה דלכולהו לישני לא תקנו חכמים חזית בחצר כלל. לפיכך נראה לי דללישנא קמא נמי אף על גב דליכא סהדי שנתרצו בהדיא אם נפל הכותל המקום והאבנים של שניהם ולא מהני בה חזית דלא דמי לבקעה דהתם כיון שאין יכולים לכוף זה את זה לבנות כותל כלל אין שום הוכחה בדבר שמשל שניהם בנאוהו ומשום הכי מהני ביה חזית אבל חצר שיש בה דין חלוקה הרי יכול כל אחד מהם לכוף את חברו לבנות כותל באמצע ואף על פי שאין יכולים לכוף זה את זה בכותל סתום כזה שהוא חלוק בו עכשיו אני אומר אותו כותל שהיו חייבים לבנות באמצע כענין שהיא עכשיו בנאוהו ואין לי לחדש בדבר תנאי אחר שאינו מוכיח מתוכו וכל שכן למה שפירש רבינו חננאל ז\"ל שהמסיפס שוה הוא ברחבו ובבנין שלו לכותל של גודא אלא שיש בו חלונות וכמו שנכתוב בגמרא וכיון שהם חייבים לבנות כותל כזה ממש משל שניהם לא כל הימנו של אחד מהם לומר לא נתרצית לי לעשותו סתום אלא אם כן אכניס בתוך שלי אלא הכל לאמצע כיון שהיו יכולים מתחלה לכוף זה את זה לבנות כותל כיוצא בזה באמצע מה שאין כן בבקעה. עד כאן לשונו. ", 
            "links": [
                {
                    "category": "Talmud", 
                    "sourceHeRef": "בבא בתרא ב׳ א:ז׳-ט״ו", 
                    "index_title": "Bava Batra", 
                    "sourceRef": "Bava Batra 2a:7-15"
                }
            ], 
            "text": ""
        }, 
        {
            "segmentNumber": "10", 
            "he": "<b>והתוספות פירשו דלפיכך אם נפל הכותל וכו'. </b>אתא לאשמועינן לשנויא דגמרא דאפילו נפל לרשותא דחד מינייהו ושהו ברשותו הרבה וכו' ככתוב בתוספות. וכן צריך לומר דתימה הוא לומר דלא אסיק אדעתיה האי דפריך פשיטא דנפל לרשותא דחד מינייהו דהא רוב פעמים נופלים לצד אחד כולן או רובן ואין נופלים בשוה חצי לכאן וחצי לכאן כדפריך בהבית והעלייה וניחזי ברשותא דמאן נפול ונהוי אידך המוציא מחברו עליו הראיה. עד כאן מגליון בתוספות. <br>אמנם קשה לשיטת התוספות דשהו דהיינו עיקר התירוץ לא פירש התלמוד ועוד מי יגיד לנו שיעור שהייה זו ואפשר שאין אנו צריכין לכל זה אלא דפשט ההלכה אף בלא שהו. ופריך פשיטא אם נפל הכותל ברשות שניהם שחולקים את האבנים דשכיחא שנופל בחבטא כמו בחבטא והא דפריך בפרק הבית והעלייה וליחזי ברשותא דמאן מנחי לאו אשעת נפילה פריך אלא אבתר דפנינהו בני רשות הרבים. ועוד דמשמע ליה דאבנים מנחי ברשותא דתרוייהו דומיא דמקום. ומשני לא צריכא דנפל לרשותא דחד מינייהו מהו דתימא ניהמניה דהוא עשאו לבדו כיון שהאבנים ברשותו דלא נוציא ממון מספק קא משמע לן לפיכך אף על גב דבבקעה נמי וכו' שאני חצר שלא תקנו לעשות בו חזית הלכך אי לאו דיכול לכופו מתחלה לבנות הכותל עמו אם נפל לרשות האחד היה נאמן לומר אני בניתיו מתחלה לבדי ואף על גב שאם באו לדון על הכותל בעודו קיים היינו פוסקים להם הדין שיחלוקו מכל מקום כיון שלא נודע לנו שום ספק בכותל קודם נפילה ואפשר אותו שנפלו האבנים לרשותו אלו היה אומר כשהיה הכותל עומד שלי הוא היה חבירו מודה לו נמצא שלא נולד לנו ספק עד אחר נפילה הלכך דמי למחליף פרה בחמור והבית והעלייה שנפלו ואזלינן בתר חזקת ממון ולא דמי לשנים אוחזים בטלית אחד שכבר נודע הספק קודם שתקפו האחר. תוספי הרא\"ש ז\"ל. <br>ועוד נראה לר\"י לפרש לפיכך שבונים את הכותל בעל כרחם אם נפל הוי של שניהם ואפילו אם עשה האחד חזית והא דפריך בגמרא פשיטא הכי פריך פשיטא שמשום הכי הוא ומאי לפיכך וכהאי גוונא איכא באלו מציאות דבעי מאי לפיכך גבי רבי עקיבא אומר לפיכך אם אבדו חייב באחריותן. עד כאן מגליון תוספות. ", 
            "links": [
                {
                    "category": "Talmud", 
                    "sourceHeRef": "בבא בתרא ב׳ א:ז׳-ט״ו", 
                    "index_title": "Bava Batra", 
                    "sourceRef": "Bava Batra 2a:7-15"
                }
            ], 
            "text": ""
        }, 
        {
            "segmentNumber": "11", 
            "he": "<b>גמרא סברוה בני הישיבה. </b>מאי מחיצה גודא. פירוש כותל מלשון על כל גדותיו. חידושי הראב\"ד ז\"ל. ", 
            "links": [
                {
                    "category": "Talmud", 
                    "sourceHeRef": "בבא בתרא ב׳ א:ז׳-ט״ו", 
                    "index_title": "Bava Batra", 
                    "sourceRef": "Bava Batra 2a:7-15"
                }
            ], 
            "text": ""
        }, 
        {
            "segmentNumber": "12", 
            "he": "<b>מחיצה גודא. </b>פירוש כותל שנמצא שהחצר מוחלקת ביניהם וכל אחד מהם מכיר הוא חלקו ממנה ולא נשאר בינייהו אלא עשיית המחיצה בלבד. הר' יהוסף הלוי ן' מיגש ז\"ל ", 
            "links": [
                {
                    "category": "Talmud", 
                    "sourceHeRef": "בבא בתרא ב׳ א:ז׳-ט״ו", 
                    "index_title": "Bava Batra", 
                    "sourceRef": "Bava Batra 2a:7-15"
                }
            ], 
            "text": ""
        }, 
        {
            "segmentNumber": "13", 
            "he": "<b>כדתניא מחיצת הכרם שנפרצה. </b>אף על גב דמחיצה דכלאים בכל דהו סגי ואפילו של קנים מייתי ראיה דמחיצה לאו היינו פלוגתא. גליון. ", 
            "links": [
                {
                    "category": "Talmud", 
                    "sourceHeRef": "בבא בתרא ב׳ א:ז׳-ט״ו", 
                    "index_title": "Bava Batra", 
                    "sourceRef": "Bava Batra 2a:7-15"
                }
            ], 
            "text": ""
        }, 
        {
            "segmentNumber": "14", 
            "he": "<b>אומרים לו גדור. </b>פירוש אומרים לו לבעל הכרם שהוא נתחייב להרחיב ארבע אמות משדה חבירו או לעשות מחיצה ולסמוך כדתנן לא יטע אדם וכו' ותני עלה ארבע אמות שאמרו כדי עבודת הכרם ופירוש שלא יכניס מחרשתו לשדה חבירו שהיו רגילים לחרוש כרמיהם בשוורים. ואפילו רבי יוסי דאמר זה חופר בתוך שלו וכו' מודה בהא דהויא כגיריה וכל שכן דחיישינן להיזק גמור שמא יכנוס מחרשתו או יכנוס וידרוס בשדה. ונראה לי מכאן דהא דתנן היה גדר בנתים זה סומך לגדר וזה סומך לגדר דוקא בגדר של עשרה טפחים דבהכי ממנע מלעבור בשדה לזמור ולארות מדקאמר הכא אומר לו דמשמע שהגדר שיגדור יתיר לענין כלאים. ובפרק קמא דעירובין משמע דמחיצות כלאים כמחיצות שבת ואין מחיצה פחותה מעשרה טפחים. וטעמא דמלתא דמחיצה שמצלת לענין כלאים אף על גב דאיכא יניקה תוך ארבע אמות ואיסור יניקה מן התורה כדכתיב פן תקדש המלאה הזרע ודרשינן זרוע ובא בתוספתא לפי שאיסור כלאים תלוי ביניקה וערבוביא. והא דקתני אומר לו גדור ולא קתני חייב לגדור לפי שצריך להתרות בו דלא מסקי אינשי אדעתייהו להתחייב על כך ואין לחייב על בנין זה מדינא דגרמי בלא התראה ראשונה. עליות ה\"ר יונה רבו של הרשב\"א ז\"ל. ", 
            "links": [
                {
                    "category": "Talmud", 
                    "sourceHeRef": "בבא בתרא ב׳ א:ז׳-ט״ו", 
                    "index_title": "Bava Batra", 
                    "sourceRef": "Bava Batra 2a:7-15"
                }
            ], 
            "text": ""
        }, 
        {
            "segmentNumber": "15", 
            "he": "<b>נתיאש הימנה ולא גדרה. </b>ואם תאמר מאי שנא מהא דאמרינן במנחות פרק הקומץ זוטא מעשה באחד שזרע כרמו של חברו סמדר ובא מעשה לפני חכמים ואסרו את הזרעים והתירו את הגפנים וקיהיב טעמא התם דלא אסרה תורה אלא קנבוס ולוף ושאר זרעים דרבנן והאי דעבד איסורא קנסוהו רבנן האי דלא עבד איסורא לא קנסוהו רבנן. ויש לומר דהכא בזרעים דאורייתא בקנבוס ולוף אי נמי חמשת המינים והתם בכלאים דרבנן וכדמפרש טעמא התם. הרשב\"א ז\"ל. ", 
            "links": [
                {
                    "category": "Talmud", 
                    "sourceHeRef": "בבא בתרא ב׳ א:ז׳-ט״ו", 
                    "index_title": "Bava Batra", 
                    "sourceRef": "Bava Batra 2a:7-15"
                }
            ], 
            "text": ""
        }
    ], 
    "heRef": "שיטה מקובצת על בבא בתרא ב׳ א", 
    "toSections": [
        "2a"
    ], 
    "sectionRef": "Shita Mekubetzet on Bava Batra 2a", 
    "title": "Shita Mekubetzet on Bava Batra 2a", 
    "next": "Shita Mekubetzet on Bava Batra 2b", 
    "heBook": "שיטה מקובצת על בבא בתרא", 
    "book": "Shita Mekubetzet on Bava Batra", 
    "prev": null, 
    "textDepth": 2, 
    "sectionNames": [
        "Daf", 
        "Comment"
    ], 
    "sections": [
        "2a"
    ], 
    "isComplex": false, 
    "titleVariants": [
        "Shita Mekubetzet on Bava Batra"
    ], 
    "categories": [
        "Commentary2", 
        "Talmud", 
        "Shita Mekubetzet"
    ], 
    "ref": "Shita Mekubetzet on Bava Batra 2a", 
    "type": "Commentary2", 
    "addressTypes": [
        "Talmud", 
        "Integer"
    ], 
    "indexTitle": "Shita Mekubetzet on Bava Batra", 
    "heIndexTitle": "שיטה מקובצת על בבא בתרא", 
    "alts": [], 
    "order": ""
}