{
    "heTitleVariants": [
        "שיטה מקובצת על בבא בתרא"
    ], 
    "heTitle": "שיטה מקובצת על בבא בתרא ע״ט ב", 
    "content": [
        {
            "segmentNumber": "1", 
            "he": "<b> אימר דשמעת ליה לרבי מאיר. </b>כתוב בתוספות ונראה לר\"י דהכי פירושו מי יימר דאתי לרשותו שיזכה בהן כו'. והאי דנקט האי דעבידי דאתו משום דבפרק המפקיד אייתי נמי להאי לישנא אבל הני מי יימר כו' והכי נמי הוה ליה למימר אבל הם לא אתו כי ודאי לא יבואו לרשותו כל מה דלא תירץ בה אין דרך חצרו ושובכו אלא משום דהאי לישנא נמי איתיה בפרק המפקיד. תוספי הרא\"ש ז\"ל. לעיל גירסת הגאונים ז\"ל אמר ליה אביי אלא מעתה סיפא דקתני הקדישן מלאין מועלין בהם ובמה שבתוכן ורבי אלעזר ברבי שמעון מחליף ואי בשדה ואילן אמאי מחליף ופירוש מחליף בסיפא זו כלומר מועלין בהם ולא במה שבתוכן ובסיפא אמר מועלין אף במה שבתוכן ורבי אלעזר סבר בסיפא דאין מועלין במה שבתוכה כאלו אמר מחליף דודאי מחליף הוא מתנא קמא לגמרי דתנא קמא אמר ברישא אין מועלין במה שבתוכה ובסיפא אמר מועלין ורבי אלעזר אמר ברישא מועלין ובסיפא אין מועלין אמרו בברייתא מזה מחליף כל מה שאמר תנא קמא. ומורי הרב ז\"ל כתב שהברייתא שנויה בפירוש ורבי אלעזר אומר אין מועלין במה שבתוכן אלא שהגמרא שנאה בדרך קצרה דאמרו רבי אלעזר מחליף ואין צורך אין מועלין ופירוש אלא מעתה כיון דמוקמת פלוגתייהו בשדה ואילן אמאי מחליף בסיפא השתא ברישא דהקדישן ריקנין ונתמלא אמר מועלין במה שבתוכן אף על פי שאינם קדושים קדושת פה משום דסבירא ליה דיש מעילה בגידולין הקדישן מלאין דאיכא תרתי חדא שיש בהן קדושת פה ועוד דקא ינקי משדה הקדש אמר דאין מועלין במה שבתוכן אבל אי מוקמת פלוגתייהו בבור ושובך בהקדישן מלאין לא תירץ לן מאי טעמא דהא איכא קדושת פה דטעמיה ברור משום דסבירא ליה כתנא קמא דרבי נתן כדמפרש ואזיל. וקשיא לי אמאי לא שניא לעולם בשדה ואילן ובמלאין כגון שהקדיש שדה מלאה תבואה העומד ליקצר שאינה צריכה לקרקע כלל ואילן העומד לגדור דאינן צריכים לקרקע כלל דאי משום גידולי הקדש ליכא דאדרבה כל שמשהה להו מכחש כחשן וכדאמרינן בשילהי פרק דיני ממונות קמא דענבים העומדות ליבצר כמה דשבקת להו מיכחש כחשן ואי משום קדושת פה דילמא סבירא ליה לרבי אלעזר ברבי שמעון דמצי אמר אילן אקדשי פירי לא אקדשי וכטעמא נמי דאמרינן כי מוקמי לה בבור ושובך. וניחא לי דכל שהן מחוברין לקרקע ליכא למאן דאמר דמצי אמר פירי לא אקדישי דלא גרע דין הקדש מדין הדיוט ואלו מכר שדה אפילו לרבנן דאמרי מוכר בעין רעה מוכר מכר את התבואה וליכא מאן דפליג בה וכדתנן מכר את השדה מכר את התבואה המחוברת לקרקע וההיא אפילו בשאינה צריכה לקרקע כלל קאמר מדקתני אבל לא את התבואה התלושה מן הקרקע אלמא כל שאינה תלושה נמכרת עם השדה. ועוד מדאקשינן עלייהו בגמרא המחוברת לקרקע פשיטא ופרקינן לא צריכא אף על גב דמטיא למחצד. התלושה מן הקרקע פשיטא כלומר שאינה מכור ופרקינן לא צריכא אף על גב דצריכא לארעא כלומר ליבשה שם אלמא כל שאינה תלושה ממש מכורה ומדאקשינן המחוברת לקרקע פשיטא שמעינן נמי דאפילו תנא קמא דרבי נתן דפליג במים שבבור בהא מודה משום דכל המחובר לקרקע כקרקע דמי דאי לא מאי פשיטא דקא מקשה אדרבה צריכא טובא לאפוקי מדתנא קמא דרבי נתן. ואף על פי דקיימא לן פרק נערה שנתפתתה דכל דלא צריכים כלל כתלושין דמי וכדאמרינן התם הבו לה מתמרי דעל בודיא אמר ליה אביי לרב יוסף ואי בעל חוב הוי כהאי גוונא מי הוה יהיב ליה מר והא קיימא לן כל העומד לגדור כגדור דמי ואמר ליה דצריכין לדיקלא קאמינא. יש לומר דהתם בעל חוב שאני ולאו דעתיה אמטלטלי ולא אפילו אפירי דמטו למחצד. וכן כתבו בתוספות בפרק דיני ממונות. כן נראה לי. ", 
            "links": [
                {
                    "category": "Talmud", 
                    "sourceHeRef": "בבא בתרא ע״ט ב:ט׳", 
                    "index_title": "Bava Batra", 
                    "sourceRef": "Bava Batra 79b:9"
                }
            ], 
            "text": ""
        }, 
        {
            "segmentNumber": "2", 
            "he": "<b>אימר דשמעת ליה לרבי מאיר כגון פירות דקל דעבידי דאתו אבל הכא מי יימר דאתו. </b>ואיכא למידק דרבי מאיר אפילו במידי דלא עבידי דאתי אמרה וכדתנן בקדושין פרק האומר לאשה הרי את מקודשת לי לאחר שתתגייר לאחר שתתגיירי לאחר שאשתחרר לאחר שתשתחררי לאחר שימות בעליך לאחר שתמות אחותך לאחר שיחלוץ לך יבמיך הרי זו מקודשת דברי רבי מאיר וכל הני מי יימר דאתו. והרבה תירוצין נאמרו על דבר זה. וכבר כתבתי בארוכה בריש פרק המפקיד בסייעתא דשמיא. והתירוץ הנכון הוא כשכל דבר הנקנה אינו בעולם כגון פירות דקל בעיא הוא דעבידי דאתו אבל כל שהגוף הנקנה הוא בעולם ביד אדם אחד אלא שאינו שלו ולא בא לעולם לו כגון שדה זו שאקחנה קנויה לך אף על גב דלא עביד דאתי דמי יימר דמזבני ליה אפילו הכי סבירא ליה לרבי מאיר איתנהו בעולם. יש לומר כל שאינם לא בידו ולא ביד שום אדם כאלו אינן בעולם כלל דמים שבעביד מי יביאם לידו וכן היונים הפורחים באויר מה שאין כן בשדה דאפשר לקנותה ולהפיס את בעליה וכן כל שישנו ביד אדם. והקשה רבינו יצחק ז\"ל אשמעתין דהשתא משמע דאי עבידי דאתו מיהא ניחא ואכתי תקשי לן האיך קדישי המים והיונים אחר כן ואפילו לרבי מאיר שהרי לא יבאו לעולם לידו של מקדיש ואף על גב דעבידי דאתו לבור ולשובך שהקדיש ההיא שעתא לאו לבורו ולשובכו אתו אלא לבורו ולשובכו של הקדש ואי משום חצרו של הקדש לא קדשי כלל דהא אין חצר להקדש דחצר משום יד איתרבאי ואין יד להקדש ועוד רבה דפריק ליה ואמר משכחת לה במים הבאים מחצרו וביונים הבאים משובכו לשובך. ותירץ הרב ז\"ל בעצמו דהכי קאמר מי יימר דאתו לרשותיה לעולם שיזכה בהן שהרי בודאי לא יבואו לרשותו לעולם אלא לרשות הקדש ואמאי מועלין במה שבתוכן. ופריק משכחת לה שפיר שיבאו תחלה לרשותו ושיזכה בהן כגון דאתו משובך של הפקר הסמוך לו לשובכו ומשובכו לשובך של הקדש וכן במים הבאים דרך מדרון לחצרו מן הגשמים ומחצרו הולכים לבור של הקדש. ולי נראה דרבה על כרחך לא מצי לשנויי ביונים הבאים משובכו לשובך דהכא ודאי כדפריש בשעת הקדשו שיקדישו היונים הבאים שם לאחר מכאן הוא דקאמר רבי אלעזר ברבי שמעון דמועלין במה שבתוכן דאי במקדיש בור סתם ושובך סתם בהא ליכא מאן דאמר מועלין במה שבתוכן דאפילו רבי מאיר לא אמר בכי הא דהא אדם מקדיש דבר שלא בא לעולם אמרינן אבל דבר שלא הקדיש לא אמרינן דקדיש דאטו מי שהקדיש שובך סתם ובאו יונים משובך לשובכו מי קדישי והא אין אדם נותן דעתו על מה שאינו שלו ועל מה שהוא משאיר לעצמה והגע עצמך המקדיש כל נכסיו סתם ואחר כך קנה נכסים מי קדישא אפילו לרבי מאיר אלא ודאי הכא כדפריש הוא ואם כן כיון שפירש והקדיש המים והיונים הבאים שם לאחר מכאן אם מחצרו אם משובכו באו קדישין הן ואפילו לרבנן דהא הוה ליה כאומר יקדשו יוני שובכי לכשיבואו לשובכו של הקדש והיונים הא איתגהו בעולם דמי לא עסקינן דבנתמלאו מיד פליגי אלא על כרחך ביונים הבאים לשם משובך של הפקר הוא וכדמפרש. ועוד תדע לך דרישא בדפירש הוא מדאמרינן במלאין במאי פליגי במקדיש בור סתם ושובך סתם שמע מינה דסיפא בסתם הא רישא במפרש. ", 
            "links": [
                {
                    "category": "Talmud", 
                    "sourceHeRef": "בבא בתרא ע״ט ב:ט׳", 
                    "index_title": "Bava Batra", 
                    "sourceRef": "Bava Batra 79b:9"
                }
            ], 
            "text": ""
        }, 
        {
            "segmentNumber": "3", 
            "he": "<b>במלאין במאי פליגי אמר רבה כגון שהקדיש בור סתם ושובך סתם. </b>ואם תאמר אם כן כל שכן בריקנין ואחר כך נתמלאו דהשתא כשהן מלאין אמרינן דלא יהיב דעתיה על המים ועל היונים שהם כבר בהם על מה שאינו בשעת הקדישו לא כל שכן. פירש ר\"ש ז\"ל דבמלאין שייך למימר ולמקדיש בעין רעה מקדיש שעל מה שכבר בא לעולם דעתו של אדם יורדת לשיירו אבל אין עין אדם רעה במה שעתיד לבא. ומסתברא דעיקר קושיא ליתיה דבהקדישן ריקנין על כרחך כדפריש הוא כמו שכתבתי והילכך לרבי מאיר ולמאן דסבירא ליה כוותיה קדישי ומועלין בהם אבל הכא דמקדיש סתם אי סבר ליה לרבי אלעזר ברבי שמעון כאבוה דמקדיש בעין רעה מקדיש כמוכר וסבירא ליה נמי כתנא קמא דרבי נתן דמכר בור לא מכר מימיו לא קדישי מים ויונים שיש שם בשעת הקדשו ואין מועלין בהם דחולין נינהו. כן נראה לי. והא אנן תנן מכר בור מכר מימיו אמר רבה מתניתין יחידאה היא ולא סבירא לן כוותיה כך הגירסא בספרי ספרד וכן הוא בהלכות הריא\"ף ז\"ל. ובפירושי רבינו חננאל ז\"ל. וכן נראה וראי מדקאמר יחידאה היא דאי לאו למימרא דלית הלכתא הכין למה לן למימר יחידאה הא לא הוה ליה למימר אלא סבר לה כתנא קמא דרבי נתן וכדקאמר סבר לה כאבוה. ומסתפקא מלתא אי דיינינן הכי בכל הנך דמתניתין מכר כוורת מכר דבורים מכר אשפה מכר זבלה או שמא לא נחלקו על רבי נתן אלא בבור ומימיו בלבד. והראב\"ד ז\"ל כתב דרבי נתן לא פליג אלא בבור בלבד. אבל בשארא דמתניתין מודה הוא לרבנן וטעמא דפליג בבור משום דמימי הבור לאסתפוקי מנייהו קיימי והוו להו כיין ותבואה שהן בתוך הבית שאינן נמכרין בכלל הבית אבל הנך שארא שהוא מקום גדלתן ולפרות ולרבות שם העומדין בתוכן על כן הם מכורין עמהם. ומיהו רבי אלעזר ברבי שמעון בתרווייהו פליג כדאמר בהדיא דמחלוקח בבור ושובך שהיונים בתוך השובך כמים בבור הם עומדים להסתפק מהן תמיד עד כאן. וצריך לומר דרבי אלעזר ברבי שמעון כתנא קמא דרבי נתן ועדיף מיניה. אלא דקשיא לי בטעמו של הרב ז\"ל דמה הפרש בין בור לשובך לתנא קמא דרבי נתן ואם תאמר משום דיונים גדילתן הוא שם ואין דרכם של בעלים להסתפק בכולן כדרך שמסתפקים בכל המים שבבור וכדי שלא יחרב כל השובך וכן דבורים שבכוורת ומה יעשה הרב ז\"ל בזבל שבאשפה. ועוד דנצטרך לומר דרבי אלעזר ברבי שמעון ביונים דלא כחד מנייהו. ומיהו לדידן דקיימא לן דמקדיש בעין יפה מקדיש הקדיש את כולן וכן בנותן מתנה והאחין שחלקו דבכל הני עין יפה נוהגת בהם כדתנן בפרק המוכר את הבית ור\"ש ז\"ל כתב בפירוש דלא קיימא לן כרבנן דברייתא אלא כרבי נתן דקאי כתנא דמתניתין וכן כתב רבינו האי גאון ז\"ל בספר המקח שהמוכר בור מכר מימיו ומכר שובך מכר יונים. ולפי דבריהם הא דאמרינן מתניתין יחידאה הכי קאמר מתניתין דמכר לאו כולי עלמא היא כדי שתקשה ודין הדיוט לא דהכא איכא תנא קמא דרבי נתן דפליג בה. הרשב\"א ז\"ל. <br>וזה לשון הראב\"ד ז\"ל: הא דאמרינן רבי אלעזר ברבי שמעון סבר לה כאבוה דאמר דין גבוה כדין הדיוט דמי כי היכי דמוכר בעין רעה מוכר מקדיש נמי בעין רעה מקדיש ודין הדיוט בבור ושובך לא מכר מה שבהן כתנא קמא דרבי נתן. ואני תמה אם יחלוק תנא קמא בכוורת ודבורים ואשפה וזבלה גם בשובך אני לא הייתי אומר כן לולי שאני אומר כי בור ושובך שניהם הולכים יחד ואולי סיפא דמתניתין דקתני הקדישן מלאים משום תנא קמא קאמרי דתנא קמא ודאי בכלהו קאמר בבור ושובך וכוורת ואשפה דסבירא ליה מקדיש בעין יפה מקדיש אבל רבי אלעזר ברבי שמעון לא פליג אלא על בור ומימיו בלבד כמחלוקת רבי נתן ותנא קמא. והשתא מיבעי לן לפרושי טעמא מאי טעמא פליג תנא קמא על בור ומימיו ולא פליג אשארא. ואפשר למימר משום דמימי הבור לאיסתפוקי מינייהו קיימי דהא מסתפק מינייהו כל יומא והוו להו בתוך הבור כיין וכתבואה שבתוך הבית שאינם נמכרים עם הבית שמזונותיו הם והם עומדים להסתפק מהם בכל יום והם הולכים ומתמעטים וכלים לגמרי אבל הנך כלהו מקום גדלתן ולפרות ולרבות הן בתוכה ולא למעט אותם ולא להסתפק מהם על כן הם מכורין עמהם וטעמא דמסתברא הוא. עד כאן לשונו. ", 
            "links": [
                {
                    "category": "Talmud", 
                    "sourceHeRef": "בבא בתרא ע״ט ב:י״א", 
                    "index_title": "Bava Batra", 
                    "sourceRef": "Bava Batra 79b:11"
                }
            ], 
            "text": ""
        }, 
        {
            "segmentNumber": "4", 
            "he": "<b>עלה בידינו. </b>המקדיש בור ואחר כך נתמלא מים שובך ואחר כך נתמלא יונים דברי הכל מועלין בהם ואין מועלין במה שבתוכן שאין חצר הקדש קונה להקדש. הקדיש שדה ואחר כך נתמלא עשבים אילן ואחר כך נתמלא פירות מחלוקת אבל יוסי ורבי יהודה והלכה כרבי יהודה דאין מעילה בגידולי הקדש דסתם מתניתין כרבי יהודה דלא גרסינן במתניתין דברי רבי יהודה והא דתניא נראים דברי רבי יהודה בבור ושובך משום דרבי אליבא דרבי יהודה סתמה. ומתניתין הקדיש בור ושובך מלאים אף על פי שהקדיש אותם סתם מועלין בהם ובמה שבתוכן שהמקדיש בעין יפה מקדיש ואף על גב דתנן יוני שובך ויוני עליה יש בהם גזל מפני דרכי שלום הא קיימא לן כרבי יוסי דאמר גזל גמור מדבריהם הילכך יש בהקדישן מעילה כההיא דפרק הניזקין שעל ידי דבריהם באה לו שכיון שהוא ממונם מדבריהם להוציאו בדיינים חל עליו הקדש גמור. מכר בור לא מכר מימיו מכר שובך לא מכר יונים ואף על גב דקיימא לן מוכר בעין יפה מוכר אין דנין בו בעין יפה דהקדש אבל במתנה דנין בה בעין יפה דהקדש ונתן שובך נתן יונים נתן בור נתן מימיו כי הא דתנן במה דברים אמורים במוכר אבל בנותן כו' זכו בכולם. הרב רבינו יונה ז\"ל בעליות. ", 
            "links": [
                {
                    "category": "Talmud", 
                    "sourceHeRef": "בבא בתרא ע״ט ב:י״א-כ״ד", 
                    "index_title": "Bava Batra", 
                    "sourceRef": "Bava Batra 79b:11-24"
                }
            ], 
            "text": ""
        }
    ], 
    "heRef": "שיטה מקובצת על בבא בתרא ע״ט ב", 
    "toSections": [
        "79b"
    ], 
    "sectionRef": "Shita Mekubetzet on Bava Batra 79b", 
    "title": "Shita Mekubetzet on Bava Batra 79b", 
    "next": "Shita Mekubetzet on Bava Batra 80a", 
    "heBook": "שיטה מקובצת על בבא בתרא", 
    "book": "Shita Mekubetzet on Bava Batra", 
    "prev": "Shita Mekubetzet on Bava Batra 79a", 
    "textDepth": 2, 
    "sectionNames": [
        "Daf", 
        "Comment"
    ], 
    "sections": [
        "79b"
    ], 
    "isComplex": false, 
    "titleVariants": [
        "Shita Mekubetzet on Bava Batra"
    ], 
    "categories": [
        "Commentary2", 
        "Talmud", 
        "Shita Mekubetzet"
    ], 
    "ref": "Shita Mekubetzet on Bava Batra 79b", 
    "type": "Commentary2", 
    "addressTypes": [
        "Talmud", 
        "Integer"
    ], 
    "indexTitle": "Shita Mekubetzet on Bava Batra", 
    "heIndexTitle": "שיטה מקובצת על בבא בתרא", 
    "alts": [], 
    "order": ""
}