{
    "content": [
        {
            "segmentNumber": "1", 
            "links": [
                {
                    "category": "Talmud", 
                    "index_title": "Bava Batra", 
                    "sourceHeRef": "בבא בתרא קנ״ז א:כ״ג", 
                    "sourceRef": "Bava Batra 157a:23"
                }
            ], 
            "he": "<b>כי תיבעי לך אליבא דרבנן. </b>כי אמרי רבנן אין אדם מקנה דבר שלא בא לעולם דילמא הני מילי במתנה אבל במלוה כיון דמשעבד ליה דאקני נמי משתעבד ליה או דילמא לא שנא. הראב\"ד ז\"ל.  "
        }, 
        {
            "segmentNumber": "2", 
            "links": [
                {
                    "category": "Talmud", 
                    "index_title": "Bava Batra", 
                    "sourceHeRef": "בבא בתרא קנ״ז א:כ״ג-מ״ב", 
                    "sourceRef": "Bava Batra 157a:23-42"
                }
            ], 
            "he": "<b>כי מבעיא לן דאקני קנה ומכר קנה והוריש. </b>ותלמה בקנה והוריש מאי קמבעיא ליה וכי גרע ממלוה על פה שגובה מן היורשים. ויש לומר דשמואל לטעמיה דאמר לקמן בפרק גט פשוט מלוה על פה אינו גובה מן היורשים ולפי זה משמע דהא דאמר שמואל מלוה על פה אינו גובה מן היורשים היינו אפילו מדרבנן. וכן משמע לקמן בפרק גט פשוט מצוה על היתומים לפרוע חובת אביהם פירוש מצוה אם יעשו מעצמן ואין כופין אותם לפרוע כדמוכח בפרק מי שהיה נשוי בעובדא דקטינא דארעא. והא דאמרינן בפרק הכותב דפריעת בעל חוב מצוה ומכין אותו עד שתצא נפשו אם אינו רוצה לפרוע היינו הלוה עצמו. פירש רבינו שמואל דאף על גב דקנה ומכר לא משתעבד בקנה והוריש גובה מיורשים ואפילו לא כתב דאקני משום מצוה. ופריך והא מלוה על פה היא כיון דאפילו לא כתב דאקנה משתעבד אם כן אפילו כתב דאקנה הויא כמלוה על פה והא אמר שמואל מלוה על פה אינו גובה מן היורשים וכי קאמרינן מצוה על היתומים הני מילי במלוה בשטר. וקשה לפי מה שפירש דאי אב מת ברישא לא גבי אלא משום מצוה ואם כן בהך פליגי בית שמאי ובית הלל דבית שמאי סברי דמצוה לחלוק ובית הלל אומרים דאין מצוה לחלוק ויחלוקו והלא דינא משמע שכופים אותם לחלוקי ועוד היכי קאמרי בית הלל דאין להם מצוה לפרוע חובת אביהם וכי תימא משום דאוקי נכסים בחזקתם ובן מית ברישא ולא יירש מאביו כלום והא מוכח בפרק מי שהיה נשוי גבי עובדא דקטינא דארעא דמצוה על היתומים לפרוע חובת אביהם אפילו לא ירשו מאביהם כלום. והילכך היכא שהניח להם אביהם נכסים חייבים לשלם אפילו קנאם אחר ההלואה כאלו היו אותם הנכסים שלו בשעת ההלואה אבל יורשים שאינם בנים שאינם חייבים לפרוע חוב מורישם אם לא הניח להם מורישם נכסים אפילו הניח להם שקנאם אחר ההלואה אינם חייבים לפרוע ואפילו כתב דאקני לא מהני מידי. ופריך והא מלוה על פה היא. כיון דהך דכתב אקני לא מהני מידי ואינם חייבים אלא משום שהוא אביהם כאלו היו לו אותם נכסים בשעת הלואה אם כן אמאי חייבים והאי אפילו מאותם נכסים שהיו לו בשעת הלואה לא גבי אלא מכח שטר דרב ושמואל דאמרי תרווייהו מלוה על פה כו' ואפילו מדרבנן כדפרישנא וסתם יורשים היינו בנים. הרא\"ש ז\"ל. <br>והראב\"ד ז\"ל כתב וזה לשונו: מצוה על היתומים לפרוע חובת אביהם אפילו מנכסי דידהו אף על גב דלא משתעבדי לבעל חוב משום כבוד אבוהון דכי בעיא לן דאקנה קנה ומכר או הוריש ליורשים אחרים שאינם בניו מתקיף לה רב אשי האי מלוה על פה הוא פירוש כיון דאקנה לא קנה אף על גב דכתיב ליה שטרא כמלוה על פה הוא לגבי ההוא נכסי ומלוה על פה אפילו מצוה ליכא על היתומים לדעת שמואל ואפילו מנכסי אביו וכי אתמר מצוה במלוה בשטר וכשהניח אביו מטלטלי. עד כאן. "
        }
    ], 
    "heTitle": "שיטה מקובצת על בבא בתרא קנ״ז א", 
    "indexTitle": "Shita Mekubetzet on Bava Batra", 
    "sectionRef": "Shita Mekubetzet on Bava Batra 157a", 
    "prev": "Shita Mekubetzet on Bava Batra 156b", 
    "ref": "Shita Mekubetzet on Bava Batra 157a", 
    "heRef": "שיטה מקובצת על בבא בתרא קנ״ז א", 
    "next": "Shita Mekubetzet on Bava Batra 157b"
}