{
    "heTitleVariants": [
        "שיטה מקובצת על בבא בתרא"
    ], 
    "heTitle": "שיטה מקובצת על בבא בתרא מ״ט א", 
    "content": [
        {
            "segmentNumber": "1", 
            "he": "<b>הני מילי על פה דלא אתי על פה ומרע לשטרא. </b>והוא הדין דלא מרע על פה עדות שהעידו כבר על פה דכיון שכבר העידו ונחקרה עדותן כשטרא היא. אבל הכא אתי שטרא ומרע ליה לשטרא צריך לפרש מאי אולמיה דעדות שטר מעדות על פה וזהו טעמו של דבר כי מה שאמרה תורה אם לא יגיד וגו' ודרשינן מינה כיון שהגיד שוב אינו חוזר ומגיד בעדות על פה הוא שמעידים העדים בבית דין ולא גמרינן מינה לענין הגדה בשטר דאלימא שאינה צריכה בית דין דלאלתר שמסרו לזה נעשה כמי שנחקרה עדותן בבית דין ועוד עד כאן לא אמרה תורה אלא שאין בית דין נזקקין לקבל עדותו לסתירת מה שהעידו ואין חוקרים עדותן שמעידים אחר כך לבטל עדותן שכבר נחקרה עדותם בבית דין אבל הם שהעידו מאליהם שלא בבית דין וחתמו ומסרו ונעשה כמי שנחקרה עדותם בבית דין כשיבא השטר לפני בית דין אתי עדות שנעשה כמי שנחקרה ומרע עדות כיוצא בה והוו להו כשנים אחרים שהעידו אחר עדותם של אלו. כן נראה לי. עד כאן לשונו.  ", 
            "links": [
                {
                    "category": "Talmud", 
                    "sourceHeRef": "בבא בתרא מ״ט א:ב׳", 
                    "index_title": "Bava Batra", 
                    "sourceRef": "Bava Batra 49a:2"
                }
            ], 
            "text": ""
        }, 
        {
            "segmentNumber": "2", 
            "he": "<b>מר בר רב אשי אמר אמנה היו דברינו אין נאמנים אף על פי שאין כתב ידן יוצא ממקום אחר. </b>מודעה היו דברינו נאמנים ואף על פי שכתב ידן יוצא ממקום אחר. ואף על גב דתנן העדים שאמרו אנוסים היינו מחמת נפשות כו' התם עקרי לסהדותייהו לגמרי ואומרים שלא העידו כלל לפי שאנסום להעיד מה שלא ראו אבל כאן הרי הם מודים בעיקר עדותם שסתמא שטר המכר כתבו במצות המוכר ועשו כהוגן להציל האנוס מיד אנסו הלכך נאמנים אף על פי שכתב ידן יוצא ממקום אחר. ונראה דהיינו דאצטריך תלמודא לעיל לאקשויי מדרב נחמן אף על גב דמסתמא היה כתב ידו של רבה בר בר חנה יוצא ממקום אחר ומשום הכי אצטרכינן לאקשויי מדרב נחמן ומלתא דפשיטא היא דמר בר רב אשי פליג עליה אף על פי שכתב ידן יוצא ממקום אחר. <br>עלה בידינו המוכר באונס בין באונס הגוף בין באונס ממון מכרו קיים בין אנסוהו למכור שדה סתם בין למכור שדה זו והוא שאנסוהו למכור קרקע שאין אונאה לקרקעות אבל אם אנסוהו למכור מטלטלין כיון שיש שם אונאה כדי בטול מקח אין כאן תורת מכר. אנסוהו שיתן שדה במתנה מתנתו בטלה אף על פי שכתב את השטר באחריות כיון שאנסוהו על כך מתנתו בטלה. וגזלן שהוחזק בגזלנות על שדה זו אף על פי שהודה לו בעל השדה בפני עדים שזו השדה שלו אין הודאתו הודאה. וכן אם אמר לו הגזלן כתוב לי את השטר וכתב לו אף על פי שלא אנסוהו על כך לא במעשה ולא בדברים אין השטר ראיה דכיון שהוציאו בחזקה מתוך שדהו אימתו עליו ולפיכך לא עכב עליו מלכתוב את השטר. כתב לו בשטר אחריות נכסים כיון שלא ראו עדים שאנסוהו על כך אין אומרים מחמת פחד שיעבד נכסיו שאף על פי שהוחזק בגזלנות על השדה לא הוחזק לאנסו על שאר נכסיו כדכתבינן לעיל. ואם הוחזק הורג נפשות על עסקי ממון אין לו חזקה בשום שדה אף על פי שאמרו שאם אנסוהו ומכר מכרו קיים אם אנסוהו ומסר מודעה בפני עדים מכרו בטל. אנסוהו ובטל המודעה המכר קיים לפי שמתוך אנסו גמר ומקנה. מתנה באונס שמסר עליה מודעה אף על פי שאנסוהו ובטל המודעה המתנה בטלה שהרי מכל מקום מתנה באונס הוא ואם בטל המודעה בעצמו בלא אונס מתנתו מתנה לפיכך נהגו לכתוב בשטרי מתנה בטול מודעה שאם מוסר מודעה כיון שבטלה שלא מתוך האונס מתנתו מתנה. עליות. <br>אין לאיש חזקה בנכסי אשתו פירוש כגון נכסי מלוג דלא כתיבי עליה בכתובתה אבל נכסי צאן ברזל דכתיבי עליה בכתובתה ואם מתו מתו לו ואם הותירו הותירו לו פשיטא דאין לו חזקה דהא ברשותיה קיימי וכתיבי עליה בכתובתה. הר\"י ן' מיגש ז\"ל. ", 
            "links": [
                {
                    "category": "Talmud", 
                    "sourceHeRef": "בבא בתרא מ״ט א:ה׳", 
                    "index_title": "Bava Batra", 
                    "sourceRef": "Bava Batra 49a:5"
                }
            ], 
            "text": ""
        }, 
        {
            "segmentNumber": "3", 
            "he": "<b>לא צריכא דכתב לה דין ודברים אין לי בנכסייך. </b>הוי מצי לאוקמה כגון דאקני לה זכותיה בקנין גמור ולא הוה צריך לשקלא וטריא דשקיל וטרי השתא על ההיא דמשני כגון שכתב לה דין דברים אין לי בנכסיך אלא ניחא ליה למנקט לשון סלוק האיש מנכסי אשתו הנזכר במשנה בפרק הכותב דתנן הכותב לאשתו דין ודברים אין לי בנכסייך וכל האי שקלא וטריא דהכא אצטריכא לן על ההיא משנה כדאיתא בדוכתא התם. עליות. <br>וזה לשון הרשב\"א ז\"ל: לא צריכא דכתב לה דין ודברים אין לי בנכסייך ולאו דוקא אלא דכתב לה דין ודברים אין לי בנכסייך ובפירותיהן ובפירי פירותיהם עד עולם דאי לאו הכי אכתי מאי קא משמע לן פשיטא כיון דאית ליה פירי פירות זכות יש לו בפירות ליקח בהן קרקע והוא אוכל פירות אם כן תלינן הכנסת פירות בכך אלא לשון קצרה נקט ומדתנינן לה בביאור הכין בפרק הכותב כתב לה הכא בקיצור דסמיך אההיא דהתם. כן נראה לי. אמרי דבי רבי ינאי בכותב לה ועודה ארוסה. והוא הדין דהוי ליה לאוקמה אפילו בנשואה ובשקנו מידו דמגופה של קרקע קנו מידו וכדאיתא בריש פרק הכותב אלא משום דנסיב לה כדתני לה במשנת הכותב והתם אמרינן דרבי חייא תני האומר ובאמירה בעלמא לא מצי מסתלק אתר שנשאה דהא זכה בהו נקט לה נמי הכא בכותב לה ועודה ארוסה ואפילו באמירה בעלמא מסתלק דהא לא זכה בהן עדיין ומיהו דוקא בעודה ארוסה דכבר יש לו בהן שייכות אבל קודם אירוסין לא דלית ליה בהו שום שייכות עדיין וכבר כתבתיה בארוכה בריש פרק הכותב בסייעתא דשמיא. עד כאן לשונו. ", 
            "links": [
                {
                    "category": "Talmud", 
                    "sourceHeRef": "בבא בתרא מ״ט א:י׳-י״א", 
                    "index_title": "Bava Batra", 
                    "sourceRef": "Bava Batra 49a:10-11"
                }
            ], 
            "text": ""
        }, 
        {
            "segmentNumber": "4", 
            "he": "<b>האומר לחברו דין ודברים אין לי על שדה זו לא אמר כלום. </b>דהכי קאמר דלא כו' ערער עליך על שדה זו ואם הבטיחו שלא יערער עליו בשדה זו עדיין לא הקנה לו בכך כלום וצריך שיאמר לו שדי קנויה לך או שדי מכורה לך והיינו דאמרינן עלה בפרק הכותב אלמא מדין ודברים הוא דסליק נפשיה כו'. ומיהו אם יאמר לא יהא לו כלום בשדה זו אף על פי שלא הזכיר קניתו של זה אלא שהזכיר לשון סלוק מסתלק הוא בכך מן השדה ומיד שיחזיק בה חברו יזכה בה והכי משמע במסכת כריתות דלשון אי אפשי מהני ומקשינן עלה מהא דאמרינן דלשון ידי מסולקת לא מהני ודחינן התם שאני דאמרינן כי סליק נפשיה מדין ודברים סליק נפשיה. ואשכחן נמי דמהני סלוק המקנה בלא קניית הקונה דאמרינן לקמן עכו\"ם מכי מטו זוזי לידיה אסתלק ליה ישראל לא קני עד דמטי שטרא לידיה הלכך כל המחזיק זכה בהם כן נראה לי. וצריך עיון בסוגיא בפרק ספק אכל. הכא במאי עסקינן בכותב לה בעודה ארוסה ולשון דין ודברים אין לי לשון סלוק הוא שאינו רוצה לזכות בנכסיה כשתנשא לו ולפיכך מהני ואפילו באמירה בלא כתיבה כדתני רבי חייא האומר לאשתו ולישנא דהקנאה אפילו בקנין לא מהניא ליה בעודה ארוסה לפי שאין אדם מקנה דבר שלא בא לעולם ועד שתנשא לו ויזכה בנכסיה אינו יכול להקנות לה זכות בלשון הקנאה וכדרב כהנא דאמר רב כהנא בנחלה הבאה לו לאדם ממקום אחר אף על פי שהמתנה על מה שכתוב בתורה תנאו בטל והכי נמי הוה ליה למימר שאינו יכול לסלק עצמו שלא יזכה בשעת נשואים בנכסי מלוג שלה שהרי אמרו חכמים שהוא זוכה בהן בנשואיה והאומר לא אירש את אבא אין בדבריו כלום אפילו הכי כיון שנכסי מלוג מדבריהם זוכה הבעל בהם יכול להקנות ולסלק עצמו באמירה שלא יזכה בהם כשתנשא לו וכדרב כהנא דאמר נחלה הבאה לו לאדם כו' כלומר מתקנת חכמים ולא מדין תורה כגון ירושת הבעל אדם מתנה עליה שלא יירשנה וכדתנן דין ודברים אין לי בנכסיך ובפירותיהן כו' אם מתה אינו יורשה ודלא כרבי שמעון בן גמליאל דפליג התם ואמר אם מתה יורשה מפני שהמתנה על מה שכתוב בתורה תנאו בטל. ושמע מינה מדרב כהנא תלת שמע מינה המתנה על מה שכתוב בתורה תנאו בטל מדקאמר נחלה הבאה לו לאדם ממקום אחר כלומר מתקנת חכמים הא אם התנה על נחלה הבאה לו מן התורה תנאו בטל ושמע מינה דבדרבנן תנאו קיים. ושמע מינה ירושת הבעל דרבנן וכדרבא דאמר רבא האומר אי אפשי בתקנת חכמים כו' לא אצטריך לאתויי הא דרבא אלא לאשמועינן דרבא נמי קאי בשיטתיה דרב כהנא. אי נמי שלא תאמר דהא דאמר רב כהנא נחלה הבאה לו לאדם ממקום אחר כו' לאו למימרא דירושת בעל דרבנן אלא הכי קאמר נחלה הבאה לו על ידי נשואין אף על פי שהיא מן התורה אדם מתנה עליה ולא אלימא שלא להתנות עליה כשאר הנחלות. ויש לפרש דאי לאו הא דרבא הוה אמינא שאינו מתנה על נחלת אשתו אלא בעודה ארוסה שעדיין לא חלה תקנת חכמים ליורשה אם תמות קודם נשואין ומדרבא שמעינן דלא שנא קודם נשואין לא שנא לאחר נשואין מדקאמר האומר אי אפשי בתקנת חכמים כגון זה כמו שאשתו יכולה להתנות על תקנת מזונות אפילו אחר נשואין ושמעינן לה מדאמר רב הונא יכולה אשה שתאמר לבעלה כו' כך אם הבעל בא לסלק עצמו מירושת אשתו אפילו אחר נשואין שומעים לה והוא הדין לענין נכסי מלוג העתידים לבא לה בירושה ואפילו אחר נשואין. והא דאוקי מתניתין בכותב לה בעודה ארוסה היינו לענין נכסי מלוג שנפלו לה בשעת סלוק דבנכסייך קתני. כן נראה לי. עליות. ", 
            "links": [
                {
                    "category": "Talmud", 
                    "sourceHeRef": "בבא בתרא מ״ט א:י׳-י״ז", 
                    "index_title": "Bava Batra", 
                    "sourceRef": "Bava Batra 49a:10-17"
                }
            ], 
            "text": ""
        }, 
        {
            "segmentNumber": "5", 
            "he": "<b>וזה לשון הר\"י ן' מיגש ז\"ל: האומר לחברו כו'. </b>דין ודברים לא אמר כלום. פירוש דאינו לשון הקנאה. בכותב לה בעודה ארוסה. דכי אמרינן לא אמר כלום הני מילי היכא דכתב על מה דאיתיה ממוניה וברשותיה כגון האומר לחברו דין דברים כו' דבעידנא דאמר לו הכי שדה דידיה הות ומשום הכי לא אמר כלום עד דאמר ליה בלשון הקנאה ואזיל היך ומחזיק אי נמי דכתב לה בלשון הקנאה בשטר ואף על גב דלא אחזיק דהא קיימא לן דקרקע נקנית בכסף בשטר ובחזקה אבל היכא דכתב הכי על מידי דלא אתא עד השתא לרשותיה קנה היאך ולא מצי היאך למהדר ביה הלכך האי בעל כיון דכתב לה כשהיא ארוסה דבעידנא דכתב בה אכתי לית בה פירי אסתלק לה מפירי ולא מצי היאך הדר ביה כדרב כהנא דאמר נחלה הבאה לו לאדם ממקום אחר כו' כלומר נחלה שאינו ראוי עכשיו ליורשה אלא שהוא עתיד להיות ראוי ליורשה יכול להסתלק אבל אם ראוי עכשיו ליורשו אינו יכול להסתלק אלא עד דקנו מניה אבל בכתיבה בעלמא לא מסתלק והיינו דאמרינן ממקום אחר. ואי כתב לה כשהיא נשואה כיון דלא כתב לה אלא בעידנא דאית ליה פירי בתקנה דרבנן לא אמר כלום עד דקנו מניה וכיון דקנו מניה מסתלק כדאמרינן בפרק הכותב איבעיא להו קנו מידו מאי כלומר קנו מידו כשהיא נשואה מאי ואסיקנא והלכתא מגופה של קרקע קנו מידו כלומר ולית ליה פירי ולא מצי למימר מדין ודברים בלחוד הרא דאסתלקנא ולא מאכילת הפירות דגרסינן נמי בהאי פרקא השותפים מעידים זה לזה ואמאי נוגעים בעדותם הן ואוקימנא בשכתב לו דין ודברים כו' ואוקימנא בשקנו מידו אלמא כל היכא דקנו מיניה אף על גב דבההוא עידנא ממוניה הוא וברשותיה קאי כו' וליתיה מידי דעתיד למהוי ברשותיה ואכתי לא אתא לרשותיה כיון דקנו מיניה קני ליה היאך והכא נמי האי בעל דכתב לה כשהיא נשואה ואסתלק לה מפירי לא יהא כמאן דאסתלק ליה לחבריה ממוניה וכיון דקנו מיניה קנה ליה היאך כגון האי שותפא דאסתלק ליה לשותפיה מחולקיה דבעידנא דאסתלק ממוניה הוא ואפילו הכי כי קנו מיניה קנו ליה לחבריה. עכ\"ל. ", 
            "links": [
                {
                    "category": "Talmud", 
                    "sourceHeRef": "בבא בתרא מ״ט א:י׳-י״ז", 
                    "index_title": "Bava Batra", 
                    "sourceRef": "Bava Batra 49a:10-17"
                }
            ], 
            "text": ""
        }
    ], 
    "heRef": "שיטה מקובצת על בבא בתרא מ״ט א", 
    "toSections": [
        "49a"
    ], 
    "sectionRef": "Shita Mekubetzet on Bava Batra 49a", 
    "title": "Shita Mekubetzet on Bava Batra 49a", 
    "next": "Shita Mekubetzet on Bava Batra 49b", 
    "heBook": "שיטה מקובצת על בבא בתרא", 
    "book": "Shita Mekubetzet on Bava Batra", 
    "prev": "Shita Mekubetzet on Bava Batra 47b", 
    "textDepth": 2, 
    "sectionNames": [
        "Daf", 
        "Comment"
    ], 
    "sections": [
        "49a"
    ], 
    "isComplex": false, 
    "titleVariants": [
        "Shita Mekubetzet on Bava Batra"
    ], 
    "categories": [
        "Commentary2", 
        "Talmud", 
        "Shita Mekubetzet"
    ], 
    "ref": "Shita Mekubetzet on Bava Batra 49a", 
    "type": "Commentary2", 
    "addressTypes": [
        "Talmud", 
        "Integer"
    ], 
    "indexTitle": "Shita Mekubetzet on Bava Batra", 
    "heIndexTitle": "שיטה מקובצת על בבא בתרא", 
    "alts": [], 
    "order": ""
}