[{
    "links": [
        [
            "18b:5:1", 
            "Berakhot 18b:5", 
            "Talmud"
        ], 
        [
            "18b:7:1", 
            "Berakhot 18b:7", 
            "Talmud"
        ], 
        [
            "18b:13:1", 
            "Berakhot 18b:13", 
            "Talmud"
        ], 
        [
            "18b:38:1", 
            "Berakhot 18b:38", 
            "Talmud"
        ], 
        [
            "18b:52:1", 
            "Berakhot 18b:52", 
            "Talmud"
        ], 
        [
            "18b:67:1", 
            "Berakhot 18b:67", 
            "Talmud"
        ], 
        [
            "18b:75:1", 
            "Berakhot 18b:75", 
            "Talmud"
        ], 
        [
            "18b:77:1", 
            "Berakhot 18b:77", 
            "Talmud"
        ], 
        [
            "18b:99:1", 
            "Berakhot 18b:99", 
            "Talmud"
        ], 
        [
            "18b:104:1", 
            "Berakhot 18b:104", 
            "Talmud"
        ], 
        [
            "18b:111:1", 
            "Berakhot 18b:111", 
            "Talmud"
        ], 
        [
            "18b:121:1", 
            "Berakhot 18b:121", 
            "Talmud"
        ], 
        [
            "18b:26:1", 
            "Berakhot 18b:26", 
            "Talmud"
        ], 
        [
            "18b:30:1", 
            "Berakhot 18b:30", 
            "Talmud"
        ], 
        [
            "18b:31:1", 
            "Berakhot 18b:31", 
            "Talmud"
        ], 
        [
            "18b:71:1", 
            "Berakhot 18b:71", 
            "Talmud"
        ], 
        [
            "18b:76:1", 
            "Berakhot 18b:76", 
            "Talmud"
        ], 
        [
            "18b:83:1", 
            "Berakhot 18b:83", 
            "Talmud"
        ], 
        [
            "18b:84:1", 
            "Berakhot 18b:84", 
            "Talmud"
        ], 
        [
            "18b:94:1", 
            "Berakhot 18b:94", 
            "Talmud"
        ], 
        [
            "18b:100:1", 
            "Berakhot 18b:100", 
            "Talmud"
        ], 
        [
            "18b:116:1", 
            "Berakhot 18b:116", 
            "Talmud"
        ], 
        [
            "18b:5:2", 
            "Berakhot 18b:5", 
            "Talmud"
        ], 
        [
            "18b:13:2", 
            "Berakhot 18b:13", 
            "Talmud"
        ], 
        [
            "18b:38:2", 
            "Berakhot 18b:38", 
            "Talmud"
        ], 
        [
            "18b:75:2", 
            "Berakhot 18b:75", 
            "Talmud"
        ], 
        [
            "18b:31:2", 
            "Berakhot 18b:31", 
            "Talmud"
        ], 
        [
            "18b:38:2", 
            "Exodus 9", 
            "Tanach"
        ], 
        [
            "18b:75:3", 
            "Berakhot 18b:75", 
            "Talmud"
        ], 
        [
            "18b:5:3", 
            "Berakhot 18b:5", 
            "Talmud"
        ], 
        [
            "18b:75:4", 
            "Berakhot 18b:75", 
            "Talmud"
        ]
    ], 
    "text": [], 
    "heTitleVariants": [
        "רש\"י על ברכות"
    ], 
    "heTitle": "רש\"י על ברכות י״ח ב", 
    "commentaryBook": "Berakhot", 
    "heRef": "רש\"י על ברכות י״ח ב", 
    "toSections": [
        "18b"
    ], 
    "sectionRef": "Rashi on Berakhot 18b", 
    "title": "Rashi on Berakhot 18b", 
    "lengths": [
        125, 
        9861
    ], 
    "next": "Rashi on Berakhot 19a:1", 
    "heBook": "רש\"י על ברכות", 
    "book": "Rashi on Berakhot", 
    "prev": "Rashi on Berakhot 18a:54", 
    "textDepth": 3, 
    "sectionNames": [
        "Daf", 
        "Line", 
        "Comment"
    ], 
    "sections": [
        "18b"
    ], 
    "commentator": "Rashi", 
    "isComplex": false, 
    "commentaryCategories": [
        "Talmud", 
        "Bavli", 
        "Seder Zeraim"
    ], 
    "titleVariants": [
        "Rashi on Berakhot", 
        "Rashi on Talmud Berakhot", 
        "Rashi on Berachos", 
        "Rashi on Berachot", 
        "Rashi on Berakhoth", 
        "Rashi on Tractate Berakhot", 
        "Rashi on Brachot", 
        "Rashi on Berachoth", 
        "Rashi on Masekhet Berakhot"
    ], 
    "categories": [
        "Commentary", 
        "Talmud", 
        "Rashi"
    ], 
    "he": [
        [], 
        [], 
        [], 
        [], 
        [
            "גזיזי דברדא - חתיכות של ברד והקרח שקורין גלאנצ\"א בלע\"ז והיינו ביום השלג:", 
            "ונחת וטבל לקריו - כדי לעסוק בתורה:", 
            "דתנא סיפרא דבי רב - תורת כהנים:"
        ], 
        [], 
        [
            "חלל רשע - על צדקיהו הוא אומר ועדיין בימי יחזקאל חי היה וקורהו חלל:"
        ], 
        [], 
        [], 
        [], 
        [], 
        [], 
        [
            "לקריתא - להתעסק בעבודת אחוזתם:", 
            "אייקר תלמודייהו - אשתכח תלמודם מגרסתם. אייקר הוכבד עליהם מחמת שכחה:"
        ], 
        [], 
        [], 
        [], 
        [], 
        [], 
        [], 
        [], 
        [], 
        [], 
        [], 
        [], 
        [], 
        [
            "צערא דידהו - צער גופם ממש כגון עקיצת הרימה:"
        ], 
        [], 
        [], 
        [], 
        [
            "שתי רוחות - של שתי ילדות מתות:"
        ], 
        [
            " ונשמע - ונדע מה גזרו היום פורענות בעולם. שהעולם נדון בר\"ה:", 
            "הפרגוד - מחיצה המבדלת בין מקום השכינה:"
        ], 
        [], 
        [], 
        [], 
        [], 
        [], 
        [], 
        [
            "ברביעה ראשונה - יורה. שלש רביעיות הן בכירה שניה ושלישית ראשונה בי\"ז במרחשון שניה בכ\"ג שלישית בר\"ח כסליו:", 
            "ברד מלקה אותו - שעתיד ברד ליפול סמוך לרביעה ראשונה ומה שנזרע כבר הוקשה והברד שוברו והנזרע בשניה עדיין רך הוא ואינו נשבר בשביל הברד כענין שנאמר והפשתה והשעורה נכתה והחטה והכוסמת לא נכו (שמות ט):"
        ], 
        [], 
        [], 
        [], 
        [], 
        [], 
        [], 
        [], 
        [], 
        [], 
        [], 
        [], 
        [], 
        [], 
        [
            "שדפון - מלקה הרך ואינו משדף הקשה:"
        ], 
        [], 
        [], 
        [], 
        [], 
        [], 
        [], 
        [], 
        [], 
        [], 
        [], 
        [], 
        [], 
        [], 
        [], 
        [
            "אלמא ידעי - דברים האמורים בין החיים:"
        ], 
        [], 
        [], 
        [], 
        [
            "לחצר מות - לבית הקברות:"
        ], 
        [], 
        [], 
        [], 
        [
            "בצנורא דדשא - בחור מפתן הבית שהדלת סובב אותו:", 
            "מסרקאי - מסרק שלי:", 
            "גובתא - קנה ובשביל שמתה ילדה אמרה כן לעגמת נפש:", 
            "בהדי פלניתא דאתיא למחר - לקבורה:"
        ], 
        [
            "אלמא ידעי - מה שעושין שידעה זו שזו גוססת ונטויה למות:"
        ], 
        [
            "דלמא דומה - מלאך שהוא ממונה על המתים קדים ומכריז להו עכשיו יבא פלוני אבל שאר דברי החיים אינם יודעים:"
        ], 
        [], 
        [], 
        [], 
        [], 
        [], 
        [
            "בעינא אבא - מבקש אני את אבא כך היה שמו:"
        ], 
        [
            "א\"ל - המתים נגלו לו כאילו הם חוץ מקבריהם ויושבים בעגולה:"
        ], 
        [], 
        [], 
        [], 
        [], 
        [], 
        [], 
        [], 
        [], 
        [], 
        [
            "חזייה - שמואל ללוי חברו שהיה יושב חוץ לישיבה של שאר מתים:"
        ], 
        [], 
        [], 
        [], 
        [], 
        [
            "כל כי הנך שני - מספר השנים שלא נכנסת בישיבתו של רבי אפס במס' כתובות בפרק הנושא את האשה (דף קג:):"
        ], 
        [
            "חזייה - שמואל לאבוה דקא בכי וחייך:"
        ], 
        [], 
        [], 
        [], 
        [
            "דלעגל אתית - במהרה תקבר:"
        ], 
        [], 
        [], 
        [], 
        [], 
        [], 
        [], 
        [
            "באמתא דרחיא - כל בנין מושב הרחים קרוי אמת הרחיים:"
        ], 
        [], 
        [], 
        [], 
        [], 
        [
            "אלמא ידעי - מי חשוב בין החיים:"
        ], 
        [], 
        [], 
        [], 
        [], 
        [
            "זאת הארץ - במיתת משה כתיב:"
        ]
    ], 
    "ref": "Rashi on Berakhot 18b", 
    "type": "Commentary", 
    "addressTypes": [
        "Talmud", 
        "Integer", 
        "Integer"
    ], 
    "heCommentator": "רש\"י", 
    "length": 125, 
    "indexTitle": "Rashi on Berakhot", 
    "heIndexTitle": "רש\"י על ברכות", 
    "alts": [], 
    "order": [
        1, 
        1
    ]
}]