[{
    "links": [
        [
            "5:17:1", 
            "Leviticus 5:17", 
            "Tanach"
        ], 
        [
            "5:21:1", 
            "Leviticus 5:21", 
            "Tanach"
        ], 
        [
            "5:23:1", 
            "Leviticus 5:23", 
            "Tanach"
        ], 
        [
            "5:21:2", 
            "Leviticus 5:21", 
            "Tanach"
        ], 
        [
            "5:23:2", 
            "Leviticus 5:23", 
            "Tanach"
        ], 
        [
            "5:23:2", 
            "Genesis 28:22", 
            "Tanach"
        ], 
        [
            "5:23:2", 
            "Ketubot 50a", 
            "Talmud"
        ]
    ], 
    "text": [], 
    "heTitleVariants": [
        "כלי יקר על ויקרא"
    ], 
    "heTitle": "כלי יקר על ויקרא", 
    "commentaryBook": "Leviticus", 
    "heRef": "כלי יקר על ויקרא ה׳", 
    "toSections": [
        5
    ], 
    "sectionRef": "Kli Yakar on Leviticus 5", 
    "title": "Kli Yakar on Leviticus 5", 
    "lengths": [
        27, 
        859
    ], 
    "next": "Kli Yakar on Leviticus 6:2", 
    "book": "Kli Yakar on Leviticus", 
    "prev": "Kli Yakar on Leviticus 4:20", 
    "textDepth": 3, 
    "sectionNames": [
        "Chapter", 
        "Verse", 
        "Comment"
    ], 
    "sections": [
        5
    ], 
    "commentator": "Kli Yakar", 
    "isComplex": false, 
    "commentaryCategories": [
        "Tanach", 
        "Torah"
    ], 
    "titleVariants": [
        "Kli Yakar on Leviticus", 
        "Kli Yakar on Vayikra", 
        "Kli Yakar on Lev.", 
        "Kli Yakar on Lev"
    ], 
    "categories": [
        "Commentary", 
        "Tanach", 
        "Kli Yakar"
    ], 
    "he": [
        [], 
        [], 
        [], 
        [], 
        [], 
        [], 
        [], 
        [], 
        [], 
        [], 
        [], 
        [], 
        [], 
        [], 
        [], 
        [], 
        [
            "<b>ולא ידע ואשם ונשא עונו.</b> ר' יוסי הגלילי אומר ענש הכתוב את מי שלא ידע ק\"ו את מי שידע, ר' יוסי אומר אם נפשך לידע מתן שכרן של מצות צא ולמד מן אדה\"ר כו' היושב לו מן הפגולין והנותרות והמתענה ביום כיפורים כו' (תו\"כ ויקרא שסג) יש להתבונן למה נקט דוקא ג' אלה, ונראה לפי שאדה\"ר היה נכשל באכילה של איסור, ע\"כ אמר בהפכו הנזהר באכילה של איסור יש ג' מדריגות, כי היושב לו מן הפגולין הוא שם כולל לכל אכילה של איסור כי פיגול הוא, ולא זו שאינו אוכל אכילה של איסור כאדה\"ר אלא אפילו מן המותר בפיו אינו אוכל כי אם המוכרחות ומתרחק מן הנותר ואינו אוכל שום מותרות יתר על המוכרחות כי הצדיק אינו אוכל כ\"א לשובע נפשו לקיום הגוף לבד, ואח\"כ אמר לא זו שאינו אוכל מותרות אלא אפילו מן המוכרחות הוא מתרחק לפעמים והוא המתענה ביום כיפורים כדי למרק חומרו בכור עוני עאכ\"ו, ומן האכילה תקיש גם אל שאר תשמישי האדם וצרכיו. ומה שסמך רבי יוסי דבריו לפרשה זו נ\"ל שבא לתרץ מה שנאמר אשם הוא אשם אשם לה'. ג' אשמות אלו מה טיבם, אלא שבא לומר שאם נאשם במה שאכל פיגול ק\"ו שיאשם לאכול מותרות מן המותר בפיו, וק\"ו שלא יתענה, ומכלל זה אתה למד להנזהר בשלשתן מה שכרו.\n\n"
        ], 
        [], 
        [], 
        [], 
        [
            "<b>נפש כי תחטא ומעלה מעל בה'</b> כאן הקדים חטא למעילה, ובגזל הקדש (בפסוק טו) הקדים מעילה לחטא, לפי שפר' זו מדברת בכופר ממון חבירו ואח\"כ נשבע לשקר והרי חטא לחבירו חטא אחת, ולשמים חטאו כפול, כי מצד הגזילה עבר על מצות ה' ואח\"כ נשבע לשקר וזה\"ש נפש כי תחטא היינו בעמיתו ומעלה מעל בה' ב' מעילות כאמור, ולשון מעילה שייך ביותר כלפי מעלה כמו שפירש\"י אין מעילה אלא שינוי כו' כי טוב ה' לכל והוא לא כגמול ידו השיב לו והוא משנה ואינו עושה כמו שעשה לו, אבל אצל ב\"ו אין שייך לשון מעילה כי מה טובה הטיב לו בפקדון או בגזל. אבל בגזל הקדש הקדים מעילה כי מיד כשאכל ונהנה מן ההקדש מעל בה' כי שלח ידו בשלחן גבוה וכפל המעילה לרבות הנהנה בלא אכילה כפירש\"י ואחר כך אמר וחטאה כי חטא גם לאדם כי גזל חלק הכהנים כי מן הקדשים המה יקחו חלקם\n\n", 
            "<b>ועל צד הרמז אמר נפש כי תחטא ומעלה מעל בה' וכחש בעמיתו בפקדון.</b> כי בכל לילה האדם מפקיד רוחו ביד הקב\"ה ואע\"פ שהנשמה חייבת להקב\"ה כי ע\"י העונות היא נרדפת עד חובה, מ\"מ אין הקב\"ה מעכב פקדונו ומחזירו לו כעין שנתנה לו וזה המכחש בפקדון חבירו אע\"פ שאינו חייב לו, לא כגמול ידו השיב להקב\"ה ולפי זה הנפש החוטאת בפקדון חבירו מועל בשלישי דהיינו בה' אשר צוה לו להחזיר פקדונו\n\n"
        ], 
        [], 
        [
            "<b>והיה כי יחטא ואשם.</b> פירש\"י כשיכיר בעצמו לשוב בתשובה כו' כי כל חוטא לעולם לא ישים אשם נפשו ודרך איש ישר בעיניו כי הוא מורה לעצמו היתר בכל דרכיו לומר שזה חייב לו ממקום אחר לפי דמיונו, או נדמה לו כי עשה לו איזו עול ע\"כ הוא מעכב פקדונו, לפיכך ביום שישים אשם בנפשו ויכיר טעותו וכי לא טוב עשה בעמיו זה\"ש ואשם. שיאשים את עצמו ומורה גם הוא יורה איסור לעצמו ע\"י שיכיר בחטאיו ואז ודאי יתן אל לבו לשוב בתשובה, והשיב את הגזילה אשר גזל. לא שישלם דמי הגזילה אלא את אשר גזל בעינו. ושילם אותו בראשו וגו'. כי הקב\"ה מוותר על שלו ואינו מקפיד אם יאחר זמן הבאת איל אשמו לה' ע\"כ צוה לו להקדים תשלומין לאדם ליתן לו בראש את כל שלו ואח\"כ יביא אשמו על השבועה וחמשיתיו יוסף עליו. על שהיו מעותיו בטלים אצלו.\n\n", 
            "<b>וענין החומש הוא, </b>לפי שהקב\"ה נותן אל האדם זהב ורב פנינים כדי שיבזבז ויתן משלו לשם ה' לעניי עמו וארז\"ל (כתובות נ) הרוצה לבזבז אל יבזבז יותר מחומש שנאמר (בראשית כח.כב) עשר אעשרנו לך ועשורא בתרא כעשורא קמא, וזה האיש לא זו שלא בזבז ליתן מממונו חומש לצורך הקדש או לפרנסת חבירו אלא אדרבא גזל משל הקדש או משל חבירו ע\"כ הדין נותן להענישו בתוספת חומש כי גזילת הקרן יכופר בהשבת הגזילה, ומה שלא נתן החומש יכופר לו במה שיוסיף חומש.\n\n\n"
        ]
    ], 
    "ref": "Kli Yakar on Leviticus 5", 
    "type": "Commentary", 
    "addressTypes": [
        "Integer", 
        "Integer", 
        "Integer"
    ], 
    "heCommentator": "כלי יקר", 
    "length": 27, 
    "indexTitle": "Kli Yakar on Leviticus", 
    "heIndexTitle": "כלי יקר על ויקרא", 
    "alts": [], 
    "order": [
        3, 
        3
    ]
}]