[{
    "links": [
        [
            "48", 
            "Numbers 29:7", 
            "Tanach"
        ]
    ], 
    "text": "", 
    "heTitleVariants": [
        "רמב\"ם, מצוות עשה", 
        "רמב\"ם מצוות עשה", 
        "משנה תורה, מצוות עשה"
    ], 
    "heTitle": "משנה תורה, מצוות עשה", 
    "heRef": "משנה תורה, מצוות עשה מ״ח", 
    "toSections": [
        48
    ], 
    "sectionRef": "Mishneh Torah, Positive Mitzvot", 
    "lengths": [
        248
    ], 
    "next": null, 
    "book": "Mishneh Torah, Positive Mitzvot", 
    "prev": null, 
    "textDepth": 1, 
    "sectionNames": [
        "Mitzvah"
    ], 
    "sections": [
        48
    ], 
    "isComplex": false, 
    "titleVariants": [
        "Mishneh Torah, Mitzvot Aseh", 
        "Rambam, Positive Mitzvot", 
        "Rambam, Mitzvot Aseh", 
        "Mishneh Torah, Positive Mitzvot"
    ], 
    "categories": [
        "Halakhah", 
        "Mishneh Torah", 
        "Introduction"
    ], 
    "he": "להוסיף קרבן ביום הצום, שנאמר: \"וּבֶעָשׂוֹר לַחֹדֶשׁ הַשְּׁבִיעִי...\" (במדבר כט, ז).", 
    "ref": "Mishneh Torah, Positive Mitzvot 48", 
    "type": "Halakhah", 
    "addressTypes": [
        "Integer"
    ], 
    "length": 248, 
    "indexTitle": "Mishneh Torah, Positive Mitzvot", 
    "heIndexTitle": "משנה תורה, מצוות עשה", 
    "alts": [], 
    "order": [
        2, 
        2
    ]
}]