{
    "heTitleVariants": [
        "רמב\"ם, מצוות עשה", 
        "רמב\"ם מצוות עשה", 
        "משנה תורה, מצוות עשה"
    ], 
    "heTitle": "משנה תורה, מצוות עשה", 
    "heRef": "משנה תורה, מצוות עשה ר״מ", 
    "toSections": [
        240
    ], 
    "sectionRef": "Mishneh Torah, Positive Mitzvot", 
    "lengths": [
        248
    ], 
    "next": null, 
    "content": [
        {
            "segmentNumber": "1", 
            "he": "ל", 
            "links": [
                {
                    "category": "Tanach", 
                    "sourceHeRef": "שמות כ״ב:ד׳", 
                    "sourceRef": "Exodus 22:4", 
                    "ref": "Exodus 22:4"
                }
            ], 
            "text": ""
        }, 
        {
            "segmentNumber": "2", 
            "he": "ד", 
            "links": [
                {
                    "category": "Tanach", 
                    "sourceHeRef": "שמות כ״ב:ד׳", 
                    "sourceRef": "Exodus 22:4", 
                    "ref": "Exodus 22:4"
                }
            ], 
            "text": ""
        }, 
        {
            "segmentNumber": "3", 
            "he": "ו", 
            "links": [
                {
                    "category": "Tanach", 
                    "sourceHeRef": "שמות כ״ב:ד׳", 
                    "sourceRef": "Exodus 22:4", 
                    "ref": "Exodus 22:4"
                }
            ], 
            "text": ""
        }, 
        {
            "segmentNumber": "4", 
            "he": "ן", 
            "links": [
                {
                    "category": "Tanach", 
                    "sourceHeRef": "שמות כ״ב:ד׳", 
                    "sourceRef": "Exodus 22:4", 
                    "ref": "Exodus 22:4"
                }
            ], 
            "text": ""
        }, 
        {
            "segmentNumber": "5", 
            "he": " ", 
            "links": [
                {
                    "category": "Tanach", 
                    "sourceHeRef": "שמות כ״ב:ד׳", 
                    "sourceRef": "Exodus 22:4", 
                    "ref": "Exodus 22:4"
                }
            ], 
            "text": ""
        }, 
        {
            "segmentNumber": "6", 
            "he": "ב", 
            "links": [
                {
                    "category": "Tanach", 
                    "sourceHeRef": "שמות כ״ב:ד׳", 
                    "sourceRef": "Exodus 22:4", 
                    "ref": "Exodus 22:4"
                }
            ], 
            "text": ""
        }, 
        {
            "segmentNumber": "7", 
            "he": "נ", 
            "links": [
                {
                    "category": "Tanach", 
                    "sourceHeRef": "שמות כ״ב:ד׳", 
                    "sourceRef": "Exodus 22:4", 
                    "ref": "Exodus 22:4"
                }
            ], 
            "text": ""
        }, 
        {
            "segmentNumber": "8", 
            "he": "ז", 
            "links": [
                {
                    "category": "Tanach", 
                    "sourceHeRef": "שמות כ״ב:ד׳", 
                    "sourceRef": "Exodus 22:4", 
                    "ref": "Exodus 22:4"
                }
            ], 
            "text": ""
        }, 
        {
            "segmentNumber": "9", 
            "he": "ק", 
            "links": [
                {
                    "category": "Tanach", 
                    "sourceHeRef": "שמות כ״ב:ד׳", 
                    "sourceRef": "Exodus 22:4", 
                    "ref": "Exodus 22:4"
                }
            ], 
            "text": ""
        }, 
        {
            "segmentNumber": "10", 
            "he": "י", 
            "links": [
                {
                    "category": "Tanach", 
                    "sourceHeRef": "שמות כ״ב:ד׳", 
                    "sourceRef": "Exodus 22:4", 
                    "ref": "Exodus 22:4"
                }
            ], 
            "text": ""
        }, 
        {
            "segmentNumber": "11", 
            "he": " ", 
            "links": [
                {
                    "category": "Tanach", 
                    "sourceHeRef": "שמות כ״ב:ד׳", 
                    "sourceRef": "Exodus 22:4", 
                    "ref": "Exodus 22:4"
                }
            ], 
            "text": ""
        }, 
        {
            "segmentNumber": "12", 
            "he": "ה", 
            "links": [
                {
                    "category": "Tanach", 
                    "sourceHeRef": "שמות כ״ב:ד׳", 
                    "sourceRef": "Exodus 22:4", 
                    "ref": "Exodus 22:4"
                }
            ], 
            "text": ""
        }, 
        {
            "segmentNumber": "13", 
            "he": "ב", 
            "links": [
                {
                    "category": "Tanach", 
                    "sourceHeRef": "שמות כ״ב:ד׳", 
                    "sourceRef": "Exodus 22:4", 
                    "ref": "Exodus 22:4"
                }
            ], 
            "text": ""
        }, 
        {
            "segmentNumber": "14", 
            "he": "ע", 
            "links": [
                {
                    "category": "Tanach", 
                    "sourceHeRef": "שמות כ״ב:ד׳", 
                    "sourceRef": "Exodus 22:4", 
                    "ref": "Exodus 22:4"
                }
            ], 
            "text": ""
        }, 
        {
            "segmentNumber": "15", 
            "he": "ר", 
            "links": [
                {
                    "category": "Tanach", 
                    "sourceHeRef": "שמות כ״ב:ד׳", 
                    "sourceRef": "Exodus 22:4", 
                    "ref": "Exodus 22:4"
                }
            ], 
            "text": ""
        }, 
        {
            "segmentNumber": "16", 
            "he": ",", 
            "links": [
                {
                    "category": "Tanach", 
                    "sourceHeRef": "שמות כ״ב:ד׳", 
                    "sourceRef": "Exodus 22:4", 
                    "ref": "Exodus 22:4"
                }
            ], 
            "text": ""
        }, 
        {
            "segmentNumber": "17", 
            "he": " ", 
            "links": [
                {
                    "category": "Tanach", 
                    "sourceHeRef": "שמות כ״ב:ד׳", 
                    "sourceRef": "Exodus 22:4", 
                    "ref": "Exodus 22:4"
                }
            ], 
            "text": ""
        }, 
        {
            "segmentNumber": "18", 
            "he": "ש", 
            "links": [
                {
                    "category": "Tanach", 
                    "sourceHeRef": "שמות כ״ב:ד׳", 
                    "sourceRef": "Exodus 22:4", 
                    "ref": "Exodus 22:4"
                }
            ], 
            "text": ""
        }, 
        {
            "segmentNumber": "19", 
            "he": "נ", 
            "links": [
                {
                    "category": "Tanach", 
                    "sourceHeRef": "שמות כ״ב:ד׳", 
                    "sourceRef": "Exodus 22:4", 
                    "ref": "Exodus 22:4"
                }
            ], 
            "text": ""
        }, 
        {
            "segmentNumber": "20", 
            "he": "א", 
            "links": [
                {
                    "category": "Tanach", 
                    "sourceHeRef": "שמות כ״ב:ד׳", 
                    "sourceRef": "Exodus 22:4", 
                    "ref": "Exodus 22:4"
                }
            ], 
            "text": ""
        }, 
        {
            "segmentNumber": "21", 
            "he": "מ", 
            "links": [
                {
                    "category": "Tanach", 
                    "sourceHeRef": "שמות כ״ב:ד׳", 
                    "sourceRef": "Exodus 22:4", 
                    "ref": "Exodus 22:4"
                }
            ], 
            "text": ""
        }, 
        {
            "segmentNumber": "22", 
            "he": "ר", 
            "links": [
                {
                    "category": "Tanach", 
                    "sourceHeRef": "שמות כ״ב:ד׳", 
                    "sourceRef": "Exodus 22:4", 
                    "ref": "Exodus 22:4"
                }
            ], 
            "text": ""
        }, 
        {
            "segmentNumber": "23", 
            "he": ":", 
            "links": [
                {
                    "category": "Tanach", 
                    "sourceHeRef": "שמות כ״ב:ד׳", 
                    "sourceRef": "Exodus 22:4", 
                    "ref": "Exodus 22:4"
                }
            ], 
            "text": ""
        }, 
        {
            "segmentNumber": "24", 
            "he": " ", 
            "links": [
                {
                    "category": "Tanach", 
                    "sourceHeRef": "שמות כ״ב:ד׳", 
                    "sourceRef": "Exodus 22:4", 
                    "ref": "Exodus 22:4"
                }
            ], 
            "text": ""
        }, 
        {
            "segmentNumber": "25", 
            "he": "\"", 
            "links": [
                {
                    "category": "Tanach", 
                    "sourceHeRef": "שמות כ״ב:ד׳", 
                    "sourceRef": "Exodus 22:4", 
                    "ref": "Exodus 22:4"
                }
            ], 
            "text": ""
        }, 
        {
            "segmentNumber": "26", 
            "he": "כ", 
            "links": [
                {
                    "category": "Tanach", 
                    "sourceHeRef": "שמות כ״ב:ד׳", 
                    "sourceRef": "Exodus 22:4", 
                    "ref": "Exodus 22:4"
                }
            ], 
            "text": ""
        }, 
        {
            "segmentNumber": "27", 
            "he": "י", 
            "links": [
                {
                    "category": "Tanach", 
                    "sourceHeRef": "שמות כ״ב:ד׳", 
                    "sourceRef": "Exodus 22:4", 
                    "ref": "Exodus 22:4"
                }
            ], 
            "text": ""
        }, 
        {
            "segmentNumber": "28", 
            "he": " ", 
            "links": [
                {
                    "category": "Tanach", 
                    "sourceHeRef": "שמות כ״ב:ד׳", 
                    "sourceRef": "Exodus 22:4", 
                    "ref": "Exodus 22:4"
                }
            ], 
            "text": ""
        }, 
        {
            "segmentNumber": "29", 
            "he": "י", 
            "links": [
                {
                    "category": "Tanach", 
                    "sourceHeRef": "שמות כ״ב:ד׳", 
                    "sourceRef": "Exodus 22:4", 
                    "ref": "Exodus 22:4"
                }
            ], 
            "text": ""
        }, 
        {
            "segmentNumber": "30", 
            "he": "ב", 
            "links": [
                {
                    "category": "Tanach", 
                    "sourceHeRef": "שמות כ״ב:ד׳", 
                    "sourceRef": "Exodus 22:4", 
                    "ref": "Exodus 22:4"
                }
            ], 
            "text": ""
        }, 
        {
            "segmentNumber": "31", 
            "he": "ע", 
            "links": [
                {
                    "category": "Tanach", 
                    "sourceHeRef": "שמות כ״ב:ד׳", 
                    "sourceRef": "Exodus 22:4", 
                    "ref": "Exodus 22:4"
                }
            ], 
            "text": ""
        }, 
        {
            "segmentNumber": "32", 
            "he": "ר", 
            "links": [
                {
                    "category": "Tanach", 
                    "sourceHeRef": "שמות כ״ב:ד׳", 
                    "sourceRef": "Exodus 22:4", 
                    "ref": "Exodus 22:4"
                }
            ], 
            "text": ""
        }, 
        {
            "segmentNumber": "33", 
            "he": " ", 
            "links": [
                {
                    "category": "Tanach", 
                    "sourceHeRef": "שמות כ״ב:ד׳", 
                    "sourceRef": "Exodus 22:4", 
                    "ref": "Exodus 22:4"
                }
            ], 
            "text": ""
        }, 
        {
            "segmentNumber": "34", 
            "he": "א", 
            "links": [
                {
                    "category": "Tanach", 
                    "sourceHeRef": "שמות כ״ב:ד׳", 
                    "sourceRef": "Exodus 22:4", 
                    "ref": "Exodus 22:4"
                }
            ], 
            "text": ""
        }, 
        {
            "segmentNumber": "35", 
            "he": "י", 
            "links": [
                {
                    "category": "Tanach", 
                    "sourceHeRef": "שמות כ״ב:ד׳", 
                    "sourceRef": "Exodus 22:4", 
                    "ref": "Exodus 22:4"
                }
            ], 
            "text": ""
        }, 
        {
            "segmentNumber": "36", 
            "he": "ש", 
            "links": [
                {
                    "category": "Tanach", 
                    "sourceHeRef": "שמות כ״ב:ד׳", 
                    "sourceRef": "Exodus 22:4", 
                    "ref": "Exodus 22:4"
                }
            ], 
            "text": ""
        }, 
        {
            "segmentNumber": "37", 
            "he": ",", 
            "links": [
                {
                    "category": "Tanach", 
                    "sourceHeRef": "שמות כ״ב:ד׳", 
                    "sourceRef": "Exodus 22:4", 
                    "ref": "Exodus 22:4"
                }
            ], 
            "text": ""
        }, 
        {
            "segmentNumber": "38", 
            "he": " ", 
            "links": [
                {
                    "category": "Tanach", 
                    "sourceHeRef": "שמות כ״ב:ד׳", 
                    "sourceRef": "Exodus 22:4", 
                    "ref": "Exodus 22:4"
                }
            ], 
            "text": ""
        }, 
        {
            "segmentNumber": "39", 
            "he": "ש", 
            "links": [
                {
                    "category": "Tanach", 
                    "sourceHeRef": "שמות כ״ב:ד׳", 
                    "sourceRef": "Exodus 22:4", 
                    "ref": "Exodus 22:4"
                }
            ], 
            "text": ""
        }, 
        {
            "segmentNumber": "40", 
            "he": "ד", 
            "links": [
                {
                    "category": "Tanach", 
                    "sourceHeRef": "שמות כ״ב:ד׳", 
                    "sourceRef": "Exodus 22:4", 
                    "ref": "Exodus 22:4"
                }
            ], 
            "text": ""
        }, 
        {
            "segmentNumber": "41", 
            "he": "ה", 
            "links": [
                {
                    "category": "Tanach", 
                    "sourceHeRef": "שמות כ״ב:ד׳", 
                    "sourceRef": "Exodus 22:4", 
                    "ref": "Exodus 22:4"
                }
            ], 
            "text": ""
        }, 
        {
            "segmentNumber": "42", 
            "he": " ", 
            "links": [
                {
                    "category": "Tanach", 
                    "sourceHeRef": "שמות כ״ב:ד׳", 
                    "sourceRef": "Exodus 22:4", 
                    "ref": "Exodus 22:4"
                }
            ], 
            "text": ""
        }, 
        {
            "segmentNumber": "43", 
            "he": "א", 
            "links": [
                {
                    "category": "Tanach", 
                    "sourceHeRef": "שמות כ״ב:ד׳", 
                    "sourceRef": "Exodus 22:4", 
                    "ref": "Exodus 22:4"
                }
            ], 
            "text": ""
        }, 
        {
            "segmentNumber": "44", 
            "he": "ו", 
            "links": [
                {
                    "category": "Tanach", 
                    "sourceHeRef": "שמות כ״ב:ד׳", 
                    "sourceRef": "Exodus 22:4", 
                    "ref": "Exodus 22:4"
                }
            ], 
            "text": ""
        }, 
        {
            "segmentNumber": "45", 
            "he": " ", 
            "links": [
                {
                    "category": "Tanach", 
                    "sourceHeRef": "שמות כ״ב:ד׳", 
                    "sourceRef": "Exodus 22:4", 
                    "ref": "Exodus 22:4"
                }
            ], 
            "text": ""
        }, 
        {
            "segmentNumber": "46", 
            "he": "כ", 
            "links": [
                {
                    "category": "Tanach", 
                    "sourceHeRef": "שמות כ״ב:ד׳", 
                    "sourceRef": "Exodus 22:4", 
                    "ref": "Exodus 22:4"
                }
            ], 
            "text": ""
        }, 
        {
            "segmentNumber": "47", 
            "he": "ר", 
            "links": [
                {
                    "category": "Tanach", 
                    "sourceHeRef": "שמות כ״ב:ד׳", 
                    "sourceRef": "Exodus 22:4", 
                    "ref": "Exodus 22:4"
                }
            ], 
            "text": ""
        }, 
        {
            "segmentNumber": "48", 
            "he": "ם", 
            "links": [
                {
                    "category": "Tanach", 
                    "sourceHeRef": "שמות כ״ב:ד׳", 
                    "sourceRef": "Exodus 22:4", 
                    "ref": "Exodus 22:4"
                }
            ], 
            "text": ""
        }, 
        {
            "segmentNumber": "49", 
            "he": "\"", 
            "links": [
                {
                    "category": "Tanach", 
                    "sourceHeRef": "שמות כ״ב:ד׳", 
                    "sourceRef": "Exodus 22:4", 
                    "ref": "Exodus 22:4"
                }
            ], 
            "text": ""
        }, 
        {
            "segmentNumber": "50", 
            "he": " ", 
            "links": [
                {
                    "category": "Tanach", 
                    "sourceHeRef": "שמות כ״ב:ד׳", 
                    "sourceRef": "Exodus 22:4", 
                    "ref": "Exodus 22:4"
                }
            ], 
            "text": ""
        }, 
        {
            "segmentNumber": "51", 
            "he": "(", 
            "links": [
                {
                    "category": "Tanach", 
                    "sourceHeRef": "שמות כ״ב:ד׳", 
                    "sourceRef": "Exodus 22:4", 
                    "ref": "Exodus 22:4"
                }
            ], 
            "text": ""
        }, 
        {
            "segmentNumber": "52", 
            "he": "ש", 
            "links": [
                {
                    "category": "Tanach", 
                    "sourceHeRef": "שמות כ״ב:ד׳", 
                    "sourceRef": "Exodus 22:4", 
                    "ref": "Exodus 22:4"
                }
            ], 
            "text": ""
        }, 
        {
            "segmentNumber": "53", 
            "he": "מ", 
            "links": [
                {
                    "category": "Tanach", 
                    "sourceHeRef": "שמות כ״ב:ד׳", 
                    "sourceRef": "Exodus 22:4", 
                    "ref": "Exodus 22:4"
                }
            ], 
            "text": ""
        }, 
        {
            "segmentNumber": "54", 
            "he": "ו", 
            "links": [
                {
                    "category": "Tanach", 
                    "sourceHeRef": "שמות כ״ב:ד׳", 
                    "sourceRef": "Exodus 22:4", 
                    "ref": "Exodus 22:4"
                }
            ], 
            "text": ""
        }, 
        {
            "segmentNumber": "55", 
            "he": "ת", 
            "links": [
                {
                    "category": "Tanach", 
                    "sourceHeRef": "שמות כ״ב:ד׳", 
                    "sourceRef": "Exodus 22:4", 
                    "ref": "Exodus 22:4"
                }
            ], 
            "text": ""
        }, 
        {
            "segmentNumber": "56", 
            "he": " ", 
            "links": [
                {
                    "category": "Tanach", 
                    "sourceHeRef": "שמות כ״ב:ד׳", 
                    "sourceRef": "Exodus 22:4", 
                    "ref": "Exodus 22:4"
                }
            ], 
            "text": ""
        }, 
        {
            "segmentNumber": "57", 
            "he": "כ", 
            "links": [
                {
                    "category": "Tanach", 
                    "sourceHeRef": "שמות כ״ב:ד׳", 
                    "sourceRef": "Exodus 22:4", 
                    "ref": "Exodus 22:4"
                }
            ], 
            "text": ""
        }, 
        {
            "segmentNumber": "58", 
            "he": "ב", 
            "links": [
                {
                    "category": "Tanach", 
                    "sourceHeRef": "שמות כ״ב:ד׳", 
                    "sourceRef": "Exodus 22:4", 
                    "ref": "Exodus 22:4"
                }
            ], 
            "text": ""
        }, 
        {
            "segmentNumber": "59", 
            "he": ",", 
            "links": [
                {
                    "category": "Tanach", 
                    "sourceHeRef": "שמות כ״ב:ד׳", 
                    "sourceRef": "Exodus 22:4", 
                    "ref": "Exodus 22:4"
                }
            ], 
            "text": ""
        }, 
        {
            "segmentNumber": "60", 
            "he": "ד", 
            "links": [
                {
                    "category": "Tanach", 
                    "sourceHeRef": "שמות כ״ב:ד׳", 
                    "sourceRef": "Exodus 22:4", 
                    "ref": "Exodus 22:4"
                }
            ], 
            "text": ""
        }, 
        {
            "segmentNumber": "61", 
            "he": ")", 
            "links": [
                {
                    "category": "Tanach", 
                    "sourceHeRef": "שמות כ״ב:ד׳", 
                    "sourceRef": "Exodus 22:4", 
                    "ref": "Exodus 22:4"
                }
            ], 
            "text": ""
        }, 
        {
            "segmentNumber": "62", 
            "he": ".", 
            "links": [
                {
                    "category": "Tanach", 
                    "sourceHeRef": "שמות כ״ב:ד׳", 
                    "sourceRef": "Exodus 22:4", 
                    "ref": "Exodus 22:4"
                }
            ], 
            "text": ""
        }
    ], 
    "book": "Mishneh Torah, Positive Mitzvot", 
    "prev": null, 
    "textDepth": 1, 
    "sectionNames": [
        "Mitzvah"
    ], 
    "sections": [
        240
    ], 
    "isComplex": false, 
    "titleVariants": [
        "Mishneh Torah, Mitzvot Aseh", 
        "Rambam, Positive Mitzvot", 
        "Rambam, Mitzvot Aseh", 
        "Mishneh Torah, Positive Mitzvot"
    ], 
    "categories": [
        "Halakhah", 
        "Mishneh Torah", 
        "Introduction"
    ], 
    "ref": "Mishneh Torah, Positive Mitzvot 240", 
    "type": "Halakhah", 
    "addressTypes": [
        "Integer"
    ], 
    "length": 248, 
    "indexTitle": "Mishneh Torah, Positive Mitzvot", 
    "heIndexTitle": "משנה תורה, מצוות עשה", 
    "alts": [], 
    "order": [
        2, 
        2
    ]
}