{
    "heTitleVariants": [
        " חידושי אגדות על מסכת יומא"
    ], 
    "heTitle": " חידושי אגדות על מסכת יומא פ״ח ב", 
    "content": [], 
    "heRef": " חידושי אגדות על מסכת יומא פ״ח ב", 
    "toSections": [
        "88b"
    ], 
    "sectionRef": "Chidushei Agadot on Yoma 88b", 
    "title": "Chidushei Agadot on Yoma 88b", 
    "next": null, 
    "heBook": " חידושי אגדות על מסכת יומא", 
    "book": "Chidushei Agadot on Yoma", 
    "prev": "Chidushei Agadot on Yoma 88a", 
    "textDepth": 2, 
    "sectionNames": [
        "Daf", 
        "Peirush"
    ], 
    "sections": [
        "88b"
    ], 
    "isComplex": false, 
    "titleVariants": [
        "Chidushei Agadot on Yoma"
    ], 
    "categories": [
        "Commentary2", 
        "Talmud", 
        "Chidushei Agadot"
    ], 
    "ref": "Chidushei Agadot on Yoma 88b", 
    "type": "Commentary2", 
    "addressTypes": [
        "Talmud", 
        "Integer"
    ], 
    "indexTitle": "Chidushei Agadot on Yoma", 
    "heIndexTitle": " חידושי אגדות על מסכת יומא", 
    "alts": [], 
    "order": ""
}