[{
    "links": [
        [
            "5:1:1", 
            "Mishnah Mikvaot 5:1", 
            "Mishnah"
        ], 
        [
            "5:2:1", 
            "Mishnah Mikvaot 5:2", 
            "Mishnah"
        ], 
        [
            "5:3:1", 
            "Mishnah Mikvaot 5:3", 
            "Mishnah"
        ], 
        [
            "5:5:1", 
            "Mishnah Mikvaot 5:5", 
            "Mishnah"
        ], 
        [
            "5:6:1", 
            "Mishnah Mikvaot 5:6", 
            "Mishnah"
        ], 
        [
            "5:2:1", 
            "Bartenura on Mishnah Mikvaot 5:2:1", 
            "Commentary"
        ], 
        [
            "5:3:1", 
            "Bartenura on Mishnah Mikvaot 5:3:5", 
            "Commentary"
        ], 
        [
            "5:5:1", 
            "Bartenura on Mishnah Mikvaot 5:5:4", 
            "Commentary"
        ], 
        [
            "5:6:1", 
            "Bartenura on Mishnah Mikvaot 5:6:1", 
            "Commentary"
        ], 
        [
            "5:1:2", 
            "Mishnah Mikvaot 5:1", 
            "Mishnah"
        ], 
        [
            "5:2:2", 
            "Mishnah Mikvaot 5:2", 
            "Mishnah"
        ], 
        [
            "5:5:2", 
            "Mishnah Mikvaot 5:5", 
            "Mishnah"
        ], 
        [
            "5:6:2", 
            "Mishnah Mikvaot 5:6", 
            "Mishnah"
        ], 
        [
            "5:1:2", 
            "Bartenura on Mishnah Mikvaot 5:1:2", 
            "Commentary"
        ], 
        [
            "5:2:2", 
            "Bartenura on Mishnah Mikvaot 5:2:4", 
            "Commentary"
        ], 
        [
            "5:5:2", 
            "Bartenura on Mishnah Mikvaot 5:5:5", 
            "Commentary"
        ], 
        [
            "5:1:3", 
            "Mishnah Mikvaot 5:1", 
            "Mishnah"
        ], 
        [
            "5:6:3", 
            "Mishnah Mikvaot 5:6", 
            "Mishnah"
        ], 
        [
            "5:6:3", 
            "Bartenura on Mishnah Mikvaot 5:6:8", 
            "Commentary"
        ], 
        [
            "5:1:4", 
            "Mishnah Mikvaot 5:1", 
            "Mishnah"
        ], 
        [
            "5:1:4", 
            "Bartenura on Mishnah Mikvaot 5:1:4", 
            "Commentary"
        ], 
        [
            "5:1:5", 
            "Mishnah Mikvaot 5:1", 
            "Mishnah"
        ], 
        [
            "5:1:6", 
            "Mishnah Mikvaot 5:1", 
            "Mishnah"
        ]
    ], 
    "text": [], 
    "heTitleVariants": [
        "עיקר התוספות יום-טוב על מקואות", 
        "עיקר תוספות יום טוב על מקואות", 
        "עיקר התוספות יו\"ט על מקואות", 
        "עיקר תוספות יום טוב על משנה מקואות", 
        "עיקר ר' יום טוב ליפמן הלוי הלר על מקואות", 
        "עיקר התוספות יו\"ט על משנה מקואות", 
        "עיקר התוספות יום-טוב על משנה מקואות", 
        "עיקר ר' יום טוב ליפמן הלוי הלר על משנה מקואות"
    ], 
    "heTitle": "עיקר תוספות יום טוב על משנה מקואות", 
    "commentaryBook": "Mishnah Mikvaot", 
    "heRef": "עיקר תוספות יום טוב על משנה מקואות ה׳", 
    "toSections": [
        5
    ], 
    "sectionRef": "Ikar Tosafot Yom Tov on Mishnah Mikvaot 5", 
    "title": "Ikar Tosafot Yom Tov on Mishnah Mikvaot 5", 
    "lengths": [
        10, 
        71
    ], 
    "next": "Ikar Tosafot Yom Tov on Mishnah Mikvaot 6:1", 
    "book": "Ikar Tosafot Yom Tov on Mishnah Mikvaot", 
    "prev": "Ikar Tosafot Yom Tov on Mishnah Mikvaot 4:5", 
    "textDepth": 3, 
    "sectionNames": [
        "Chapter", 
        "Mishna", 
        "Comment"
    ], 
    "sections": [
        5
    ], 
    "commentator": "Ikar Tosafot Yom Tov", 
    "isComplex": false, 
    "commentaryCategories": [
        "Mishnah", 
        "Seder Tahorot"
    ], 
    "titleVariants": [
        "Ikar Tosafot Yom Tov on Mishnah Mikvaot", 
        "Ikar Tosafot Yom Tov on M. Mikvaot", 
        "Ikar Tosafot Yom Tov on Mishna Mikvaot", 
        "Ikar Tosafot Yom Tov on M Mikvaot"
    ], 
    "categories": [
        "Commentary", 
        "Mishnah", 
        "Ikar Tosafot Yom Tov"
    ], 
    "he": [
        [
            "פסול. וקשה, אמאי פסול, גכיון דמי השוקת מחוברין למעין דמטהר בכל שהוא, ותנן בפרק קמא מעין שמימיו מועטין ורבו עליו מים שאובין שוה למעין להטביל בו בכל שהוא. ועוד, דמטבילין כלים בתוך כלים. ונראה לי לחלק בין כלים התלושין דשרי, לכלים הקבועים דאיכא למגזר אטו בשאין בהם כשפופרת הנוד. הר''ש. ועתוי''ט:", 
            "מחטין וצנורות. הר''ש. ועתוי''ט:", 
            "בריכה. של מי גשמים שאין מטהרין אלא באשבורן ובארבעים סאה. ב''י:", 
            "ובאשבורן. הרא''ש:", 
            "פסול. עדיין הם פסולים כו'. ב''י:", 
            "עד שידע כו'. ולא תני עד שיצאו כו', נראה לי, דהכא נמי פירושו כמו שכתבתי בפרק ג' אות ח':"
        ], 
        [
            "וטעמא דר' יוסי, דגזר אטו תוך בלי לענין זה דלא הוי מעין, אבל לא גזר כולי האי לעשותן מים שאובין. הרא''ש. ונראה לי דהכא נמי מיירי דבלאו הכלים היו המים עוברים, דאי לאו הכי, נפסלים אפילו למקוה, משום דהויא על ידי טהרה בעינן:", 
            "לשון הרא''ש, גזירה אטו תוך כלי. ולרבותא לא מהדר אלא ספסל, דאע''ג דאין לו תוך, גזרינן, דדמי לכלי הואיל וראוי למדרס:"
        ], 
        [
            "לא שריבה לו מים שאובין, דא''כ לא היה מטהר בזוחלין, אלא רוצה לומר שעשה בריכות לכל המקומות שהוא מוליך ונתמלא כל אחת מים. הר''ש. ועתוי''ט:"
        ], 
        [], 
        [
            "הר''ש. וכלומר, דהאי דמעין מטהר בכל שהוא, שיעור כדי טבילה מיהא בעינן. ועתוי''ט:", 
            "וקשיא לי לישנא שעשאן. וגם מה שפירש לקמן אין מזחילין בו אין מעמידין בו כו', לא אתי שפיר. וגם טעמא דר' יוסי לא מסתבר, כיון דהמקוה כשר, ומונע מפסולו ע''י דבר טמא. ונראה לי דהנוטפים כו' פירוש שנקוו למקום אחד והזחילן להוליכן תוך גומא אחת לעשותן מקוה, ורבי יהודה מדמי ליה לעלי קנים כו' דפרק ו' דפרה משנה ד', ואשמעינן רבותא דאפילו מקל וקנה שאפשר לעשותן בית קיבול, ואפילו זב וזבה סומכין המקל. ור' יוסי פליג וסבירא ליה דהתם מיירי דוקא שנתן האדם העלים טרם באו המים לשם. ועתוי''ט:"
        ], 
        [
            "וסתמא כר' יוסי דמטהר ליה בזוחלין. וקשה מריש פרקין העבירו על גבי בריכה והפסיקו כו', ואין לך הפסקה מן המעין גדולה מזו שנתלש הגל מן הים, וכן אין כאן אשבורן אלא זחילה. ויש לומר, דהא שהפסיקו הרי הוא כמקוה היינו דוקא היכא שנחו המים במקוה וכבר נעשו אשבורן, אבל היכא דאכתי לא נייחי מיא באשבורן ועדיין זוחלים מכח נביעת המעין, אע''פ שנפסקו, שם מעין עליהם עדיין מצד עצמם. ב''י:", 
            "ארבעים סאה. למה שכתבתי בפרק קמא משנה ז' דבמעין סגי בגופו עולה בבת אחת, קשה, למאי נפקא מינה מצריך הכא ארבעים סאה. וראיה להסוברים דאף במעין צריך לטבילת אדם ארבעים סאה ולא פלוג בין קטן לגדול. ועתוי''ט:", 
            "לשון הר''ש, שנתקבצו בבקעה מי גשמים של ארבעים סאה:"
        ]
    ], 
    "ref": "Ikar Tosafot Yom Tov on Mishnah Mikvaot 5", 
    "type": "Commentary", 
    "addressTypes": [
        "Perek", 
        "Mishnah", 
        "Integer"
    ], 
    "heCommentator": "עיקר תוספות יום טוב", 
    "length": 10, 
    "indexTitle": "Ikar Tosafot Yom Tov on Mishnah Mikvaot", 
    "heIndexTitle": "עיקר תוספות יום טוב על משנה מקואות", 
    "alts": [], 
    "order": [
        57, 
        6
    ]
}]