{
    "heTitleVariants": [
        "תהילים", 
        "תהלים"
    ], 
    "heTitle": "תהילים", 
    "heRef": "תהילים ל״א", 
    "toSections": [
        31
    ], 
    "sectionRef": "Psalms 31", 
    "lengths": [
        150, 
        2529
    ], 
    "next": "Psalms 32", 
    "content": [
        {
            "segmentNumber": "1", 
            "he": "לַמְנַצֵּ֗חַ מִזְמ֥וֹר לְדָוִֽד׃", 
            "links": [
                {
                    "category": "Commentary", 
                    "sourceHeRef": "מלבי\"ם על תהילים ל״א:א׳:א׳", 
                    "index_title": "Malbim on Psalms", 
                    "sourceRef": "Malbim on Psalms 31:1:1"
                }, 
                {
                    "category": "Midrash", 
                    "sourceHeRef": "עין יעקב (מאת שמואל צבי גליק) , יומא ח׳:י״ט", 
                    "index_title": "Ein Yaakov (Glick Edition)", 
                    "sourceRef": "Ein Yaakov (Glick Edition), Yoma 8:19"
                }
            ], 
            "text": "For the Leader. A Psalm of David."
        }, 
        {
            "segmentNumber": "2", 
            "he": "בְּךָ֖ יְהוָ֣ה חָ֭סִיתִי אַל־אֵב֣וֹשָׁה לְעוֹלָ֑ם בְּצִדְקָתְךָ֥ פַלְּטֵֽנִי׃", 
            "links": [
                {
                    "category": "Commentary", 
                    "sourceHeRef": "מלבי\"ם על תהילים ל״א:ב׳:א׳", 
                    "index_title": "Malbim on Psalms", 
                    "sourceRef": "Malbim on Psalms 31:2:1"
                }, 
                {
                    "category": "Commentary", 
                    "sourceHeRef": "מלבי\"ם על תהילים ל״א:ב׳:ב׳", 
                    "index_title": "Malbim on Psalms", 
                    "sourceRef": "Malbim on Psalms 31:2:2"
                }, 
                {
                    "category": "Commentary", 
                    "sourceHeRef": "מלבי\"ם על תהילים ל״א:ב׳:ג׳", 
                    "index_title": "Malbim on Psalms", 
                    "sourceRef": "Malbim on Psalms 31:2:3"
                }, 
                {
                    "category": "Commentary", 
                    "sourceHeRef": "אבן עזרא על תהילים ל״א:ב׳:א׳", 
                    "index_title": "Ibn Ezra on Psalms", 
                    "sourceRef": "Ibn Ezra on Psalms 31:2:1"
                }, 
                {
                    "category": "Commentary", 
                    "sourceHeRef": "אבן עזרא על תהילים ל״א:ב׳:ב׳", 
                    "index_title": "Ibn Ezra on Psalms", 
                    "sourceRef": "Ibn Ezra on Psalms 31:2:2"
                }, 
                {
                    "category": "Commentary", 
                    "sourceHeRef": "מצודת דוד על תהילים ל״א:ב׳:א׳", 
                    "index_title": "Metzudat David on Psalms", 
                    "sourceRef": "Metzudat David on Psalms 31:2:1"
                }, 
                {
                    "category": "Kabbalah", 
                    "sourceHeRef": "ספר הבהיר קמ״ח", 
                    "index_title": "Sefer HaBahir", 
                    "sourceRef": "Sefer HaBahir 148"
                }, 
                {
                    "category": "Midrash", 
                    "sourceHeRef": "מדרש תהילים ל״א:א׳", 
                    "index_title": "Midrash Tehillim", 
                    "sourceRef": "Midrash Tehillim 31:1"
                }, 
                {
                    "category": "Midrash", 
                    "sourceHeRef": "מדרש תהילים ל״א:ב׳", 
                    "index_title": "Midrash Tehillim", 
                    "sourceRef": "Midrash Tehillim 31:2"
                }, 
                {
                    "category": "Midrash", 
                    "sourceHeRef": "מדרש תהילים ל״א:ג׳", 
                    "index_title": "Midrash Tehillim", 
                    "sourceRef": "Midrash Tehillim 31:3"
                }
            ], 
            "text": "In thee, O LORD, have I taken refuge; let me never be ashamed; Deliver me in Thy righteousness."
        }, 
        {
            "segmentNumber": "3", 
            "he": "הַטֵּ֤ה אֵלַ֨י ׀ אָזְנְךָ֮ מְהֵרָ֪ה הַצִּ֫ילֵ֥נִי הֱיֵ֤ה לִ֨י ׀ לְֽצוּר־מָ֭עוֹז לְבֵ֥ית מְצוּד֗וֹת לְהוֹשִׁיעֵֽנִי׃", 
            "links": [
                {
                    "category": "Commentary", 
                    "sourceHeRef": "מלבי\"ם על תהילים ל״א:ג׳:א׳", 
                    "index_title": "Malbim on Psalms", 
                    "sourceRef": "Malbim on Psalms 31:3:1"
                }, 
                {
                    "category": "Commentary", 
                    "sourceHeRef": "מלבי\"ם על תהילים ל״א:ג׳:ב׳", 
                    "index_title": "Malbim on Psalms", 
                    "sourceRef": "Malbim on Psalms 31:3:2"
                }, 
                {
                    "category": "Commentary", 
                    "sourceHeRef": "מלבי\"ם על תהילים ל״א:ג׳:ג׳", 
                    "index_title": "Malbim on Psalms", 
                    "sourceRef": "Malbim on Psalms 31:3:3"
                }, 
                {
                    "category": "Commentary", 
                    "sourceHeRef": "מלבי\"ם על תהילים ל״א:ג׳:ד׳", 
                    "index_title": "Malbim on Psalms", 
                    "sourceRef": "Malbim on Psalms 31:3:4"
                }, 
                {
                    "category": "Commentary", 
                    "sourceHeRef": "מלבי\"ם על תהילים ל״א:ג׳:ה׳", 
                    "index_title": "Malbim on Psalms", 
                    "sourceRef": "Malbim on Psalms 31:3:5"
                }, 
                {
                    "category": "Commentary", 
                    "sourceHeRef": "מלבי\"ם על תהילים ל״א:ג׳:ו׳", 
                    "index_title": "Malbim on Psalms", 
                    "sourceRef": "Malbim on Psalms 31:3:6"
                }, 
                {
                    "category": "Commentary", 
                    "sourceHeRef": "רש\"י על תהילים ל״א:ג׳:א׳", 
                    "index_title": "Rashi on Psalms", 
                    "sourceRef": "Rashi on Psalms 31:3:1"
                }, 
                {
                    "category": "Commentary", 
                    "sourceHeRef": "אבן עזרא על תהילים ל״א:ג׳:א׳", 
                    "index_title": "Ibn Ezra on Psalms", 
                    "sourceRef": "Ibn Ezra on Psalms 31:3:1"
                }, 
                {
                    "category": "Commentary", 
                    "sourceHeRef": "אבן עזרא על תהילים ל״א:ג׳:ב׳", 
                    "index_title": "Ibn Ezra on Psalms", 
                    "sourceRef": "Ibn Ezra on Psalms 31:3:2"
                }, 
                {
                    "category": "Commentary", 
                    "sourceHeRef": "מצודת דוד על תהילים ל״א:ג׳:א׳", 
                    "index_title": "Metzudat David on Psalms", 
                    "sourceRef": "Metzudat David on Psalms 31:3:1"
                }, 
                {
                    "category": "Commentary", 
                    "sourceHeRef": "מצודת דוד על תהילים ל״א:ג׳:ב׳", 
                    "index_title": "Metzudat David on Psalms", 
                    "sourceRef": "Metzudat David on Psalms 31:3:2"
                }
            ], 
            "text": "Incline Thine ear unto me, deliver me speedily; Be Thou to me a rock of refuge, even a fortress of defence, to save me."
        }, 
        {
            "segmentNumber": "4", 
            "he": "כִּֽי־סַלְעִ֣י וּמְצוּדָתִ֣י אָ֑תָּה וּלְמַ֥עַן שִׁ֝מְךָ֗ תַּֽנְחֵ֥נִי וּֽתְנַהֲלֵֽנִי׃", 
            "links": [
                {
                    "category": "Commentary", 
                    "sourceHeRef": "מצודת ציון על תהילים ל״א:ד׳:א׳", 
                    "index_title": "Metzudat Zion on Psalms", 
                    "sourceRef": "Metzudat Zion on Psalms 31:4:1"
                }, 
                {
                    "category": "Commentary", 
                    "sourceHeRef": "מלבי\"ם על תהילים ל״א:ד׳:א׳", 
                    "index_title": "Malbim on Psalms", 
                    "sourceRef": "Malbim on Psalms 31:4:1"
                }, 
                {
                    "category": "Commentary", 
                    "sourceHeRef": "מלבי\"ם על תהילים ל״א:ד׳:ב׳", 
                    "index_title": "Malbim on Psalms", 
                    "sourceRef": "Malbim on Psalms 31:4:2"
                }, 
                {
                    "category": "Commentary", 
                    "sourceHeRef": "מלבי\"ם על תהילים ל״א:ד׳:ג׳", 
                    "index_title": "Malbim on Psalms", 
                    "sourceRef": "Malbim on Psalms 31:4:3"
                }, 
                {
                    "category": "Commentary", 
                    "sourceHeRef": "מלבי\"ם על תהילים ל״א:ד׳:ד׳", 
                    "index_title": "Malbim on Psalms", 
                    "sourceRef": "Malbim on Psalms 31:4:4"
                }, 
                {
                    "category": "Commentary", 
                    "sourceHeRef": "מלבי\"ם על תהילים ל״א:ד׳:ה׳", 
                    "index_title": "Malbim on Psalms", 
                    "sourceRef": "Malbim on Psalms 31:4:5"
                }, 
                {
                    "category": "Commentary", 
                    "sourceHeRef": "מלבי\"ם על תהילים ל״א:ד׳:ו׳", 
                    "index_title": "Malbim on Psalms", 
                    "sourceRef": "Malbim on Psalms 31:4:6"
                }, 
                {
                    "category": "Commentary", 
                    "sourceHeRef": "מלבי\"ם באור המילות על תהילים ל״א:ד׳:א׳", 
                    "index_title": "Malbim Beur Hamilot on Psalms", 
                    "sourceRef": "Malbim Beur Hamilot on Psalms 31:4:1"
                }, 
                {
                    "category": "Commentary", 
                    "sourceHeRef": "רש\"י על תהילים ל״א:ד׳:א׳", 
                    "index_title": "Rashi on Psalms", 
                    "sourceRef": "Rashi on Psalms 31:4:1"
                }, 
                {
                    "category": "Commentary", 
                    "sourceHeRef": "אבן עזרא על תהילים ל״א:ד׳:א׳", 
                    "index_title": "Ibn Ezra on Psalms", 
                    "sourceRef": "Ibn Ezra on Psalms 31:4:1"
                }, 
                {
                    "category": "Commentary", 
                    "sourceHeRef": "אבן עזרא על תהילים ל״א:ד׳:ב׳", 
                    "index_title": "Ibn Ezra on Psalms", 
                    "sourceRef": "Ibn Ezra on Psalms 31:4:2"
                }, 
                {
                    "category": "Commentary", 
                    "sourceHeRef": "אבן עזרא על תהילים ל״א:ד׳:ג׳", 
                    "index_title": "Ibn Ezra on Psalms", 
                    "sourceRef": "Ibn Ezra on Psalms 31:4:3"
                }, 
                {
                    "category": "Commentary", 
                    "sourceHeRef": "אבן עזרא על תהילים ל״א:ד׳:ד׳", 
                    "index_title": "Ibn Ezra on Psalms", 
                    "sourceRef": "Ibn Ezra on Psalms 31:4:4"
                }, 
                {
                    "category": "Commentary", 
                    "sourceHeRef": "מצודת דוד על תהילים ל״א:ד׳:א׳", 
                    "index_title": "Metzudat David on Psalms", 
                    "sourceRef": "Metzudat David on Psalms 31:4:1"
                }, 
                {
                    "category": "Commentary", 
                    "sourceHeRef": "מצודת דוד על תהילים ל״א:ד׳:ב׳", 
                    "index_title": "Metzudat David on Psalms", 
                    "sourceRef": "Metzudat David on Psalms 31:4:2"
                }
            ], 
            "text": "For Thou art my rock and my fortress; Therefore for Thy name's sake lead me and guide me."
        }, 
        {
            "segmentNumber": "5", 
            "he": "תּוֹצִיאֵ֗נִי מֵרֶ֣שֶׁת ז֭וּ טָ֣מְנוּ לִ֑י כִּֽי־אַ֝תָּה מָֽעוּזִּֽי׃", 
            "links": [
                {
                    "category": "Commentary", 
                    "sourceHeRef": "אבן עזרא על תהילים ל״א:ה׳:א׳", 
                    "index_title": "Ibn Ezra on Psalms", 
                    "sourceRef": "Ibn Ezra on Psalms 31:5:1"
                }, 
                {
                    "category": "Commentary", 
                    "sourceHeRef": "מצודת דוד על תהילים ל״א:ה׳:א׳", 
                    "index_title": "Metzudat David on Psalms", 
                    "sourceRef": "Metzudat David on Psalms 31:5:1"
                }
            ], 
            "text": "Bring me forth out of the net that they have hidden for me; For Thou art my stronghold."
        }, 
        {
            "segmentNumber": "6", 
            "he": "בְּיָדְךָ֮ אַפְקִ֪יד ר֫וּחִ֥י פָּדִ֖יתָה אוֹתִ֥י יְהוָ֗ה אֵ֣ל אֱמֶֽת׃", 
            "links": [
                {
                    "category": "Commentary", 
                    "sourceHeRef": "מלבי\"ם על תהילים ל״א:ו׳:א׳", 
                    "index_title": "Malbim on Psalms", 
                    "sourceRef": "Malbim on Psalms 31:6:1"
                }, 
                {
                    "category": "Commentary", 
                    "sourceHeRef": "מלבי\"ם על תהילים ל״א:ו׳:ב׳", 
                    "index_title": "Malbim on Psalms", 
                    "sourceRef": "Malbim on Psalms 31:6:2"
                }, 
                {
                    "category": "Commentary", 
                    "sourceHeRef": "מלבי\"ם על תהילים ל״א:ו׳:ג׳", 
                    "index_title": "Malbim on Psalms", 
                    "sourceRef": "Malbim on Psalms 31:6:3"
                }, 
                {
                    "category": "Commentary", 
                    "sourceHeRef": "מלבי\"ם על תהילים ל״א:ו׳:ד׳", 
                    "index_title": "Malbim on Psalms", 
                    "sourceRef": "Malbim on Psalms 31:6:4"
                }, 
                {
                    "category": "Commentary", 
                    "sourceHeRef": "תורה תמימה על תהילים ל״א:ו׳:א׳", 
                    "index_title": "Torah Temimah on Psalms", 
                    "sourceRef": "Torah Temimah on Psalms 31:6:1"
                }, 
                {
                    "category": "Commentary", 
                    "sourceHeRef": "רש\"י על תהילים ל״א:ו׳:א׳", 
                    "index_title": "Rashi on Psalms", 
                    "sourceRef": "Rashi on Psalms 31:6:1"
                }, 
                {
                    "category": "Commentary", 
                    "sourceHeRef": "אבן עזרא על תהילים ל״א:ו׳:א׳", 
                    "index_title": "Ibn Ezra on Psalms", 
                    "sourceRef": "Ibn Ezra on Psalms 31:6:1"
                }, 
                {
                    "category": "Commentary", 
                    "sourceHeRef": "אבן עזרא על תהילים ל״א:ו׳:ב׳", 
                    "index_title": "Ibn Ezra on Psalms", 
                    "sourceRef": "Ibn Ezra on Psalms 31:6:2"
                }, 
                {
                    "category": "Commentary", 
                    "sourceHeRef": "מצודת דוד על תהילים ל״א:ו׳:א׳", 
                    "index_title": "Metzudat David on Psalms", 
                    "sourceRef": "Metzudat David on Psalms 31:6:1"
                }, 
                {
                    "category": "Commentary", 
                    "sourceHeRef": "מצודת דוד על תהילים ל״א:ו׳:ב׳", 
                    "index_title": "Metzudat David on Psalms", 
                    "sourceRef": "Metzudat David on Psalms 31:6:2"
                }, 
                {
                    "category": "Midrash", 
                    "sourceHeRef": "מכילתא דרבי ישמעאל ט״ו:י״ב:א׳", 
                    "index_title": "Mekhilta d'Rabbi Yishmael", 
                    "sourceRef": "Mekhilta d'Rabbi Yishmael 15:12:1"
                }, 
                {
                    "category": "Talmud", 
                    "sourceHeRef": "ברכות ה׳ א:ג׳", 
                    "index_title": "Berakhot", 
                    "sourceRef": "Berakhot 5a:3"
                }, 
                {
                    "category": "Midrash", 
                    "sourceHeRef": "מדרש תהילים כ״ה:ב׳", 
                    "index_title": "Midrash Tehillim", 
                    "sourceRef": "Midrash Tehillim 25:2"
                }
            ], 
            "text": "Into Thy hand I commit my spirit; Thou hast redeemed me, O LORD, Thou God of truth."
        }, 
        {
            "segmentNumber": "7", 
            "he": "שָׂנֵ֗אתִי הַשֹּׁמְרִ֥ים הַבְלֵי־שָׁ֑וְא וַ֝אֲנִ֗י אֶל־יְהוָ֥ה בָּטָֽחְתִּי׃", 
            "links": [
                {
                    "category": "Commentary", 
                    "sourceHeRef": "מצודת ציון על תהילים ל״א:ז׳:א׳", 
                    "index_title": "Metzudat Zion on Psalms", 
                    "sourceRef": "Metzudat Zion on Psalms 31:7:1"
                }, 
                {
                    "category": "Commentary", 
                    "sourceHeRef": "מלבי\"ם על תהילים ל״א:ז׳:א׳", 
                    "index_title": "Malbim on Psalms", 
                    "sourceRef": "Malbim on Psalms 31:7:1"
                }, 
                {
                    "category": "Commentary", 
                    "sourceHeRef": "מלבי\"ם על תהילים ל״א:ז׳:ב׳", 
                    "index_title": "Malbim on Psalms", 
                    "sourceRef": "Malbim on Psalms 31:7:2"
                }, 
                {
                    "category": "Commentary", 
                    "sourceHeRef": "רש\"י על תהילים ל״א:ז׳:א׳", 
                    "index_title": "Rashi on Psalms", 
                    "sourceRef": "Rashi on Psalms 31:7:1"
                }, 
                {
                    "category": "Commentary", 
                    "sourceHeRef": "אבן עזרא על תהילים ל״א:ז׳:א׳", 
                    "index_title": "Ibn Ezra on Psalms", 
                    "sourceRef": "Ibn Ezra on Psalms 31:7:1"
                }, 
                {
                    "category": "Commentary", 
                    "sourceHeRef": "מצודת דוד על תהילים ל״א:ז׳:א׳", 
                    "index_title": "Metzudat David on Psalms", 
                    "sourceRef": "Metzudat David on Psalms 31:7:1"
                }, 
                {
                    "category": "Midrash", 
                    "sourceHeRef": "מדרש תהילים ל״א:ו׳", 
                    "index_title": "Midrash Tehillim", 
                    "sourceRef": "Midrash Tehillim 31:6"
                }
            ], 
            "text": "I hate them that regard lying vanities; But I trust in the LORD."
        }, 
        {
            "segmentNumber": "8", 
            "he": "אָגִ֥ילָה וְאֶשְׂמְחָ֗ה בְּחַ֫סְדֶּ֥ךָ אֲשֶׁ֣ר רָ֭אִיתָ אֶת־עָנְיִ֑י יָ֝דַ֗עְתָּ בְּצָר֥וֹת נַפְשִֽׁי׃", 
            "links": [
                {
                    "category": "Commentary", 
                    "sourceHeRef": "מלבי\"ם על תהילים ל״א:ח׳:א׳", 
                    "index_title": "Malbim on Psalms", 
                    "sourceRef": "Malbim on Psalms 31:8:1"
                }, 
                {
                    "category": "Commentary", 
                    "sourceHeRef": "מלבי\"ם על תהילים ל״א:ח׳:ב׳", 
                    "index_title": "Malbim on Psalms", 
                    "sourceRef": "Malbim on Psalms 31:8:2"
                }, 
                {
                    "category": "Commentary", 
                    "sourceHeRef": "מלבי\"ם על תהילים ל״א:ח׳:ג׳", 
                    "index_title": "Malbim on Psalms", 
                    "sourceRef": "Malbim on Psalms 31:8:3"
                }, 
                {
                    "category": "Commentary", 
                    "sourceHeRef": "מלבי\"ם על תהילים ל״א:ח׳:ד׳", 
                    "index_title": "Malbim on Psalms", 
                    "sourceRef": "Malbim on Psalms 31:8:4"
                }, 
                {
                    "category": "Commentary", 
                    "sourceHeRef": "מלבי\"ם באור המילות על תהילים ל״א:ח׳:א׳", 
                    "index_title": "Malbim Beur Hamilot on Psalms", 
                    "sourceRef": "Malbim Beur Hamilot on Psalms 31:8:1"
                }, 
                {
                    "category": "Commentary", 
                    "sourceHeRef": "מלבי\"ם באור המילות על תהילים ל״א:ח׳:ב׳", 
                    "index_title": "Malbim Beur Hamilot on Psalms", 
                    "sourceRef": "Malbim Beur Hamilot on Psalms 31:8:2"
                }, 
                {
                    "category": "Commentary", 
                    "sourceHeRef": "מלבי\"ם באור המילות על תהילים ל״א:ח׳:ג׳", 
                    "index_title": "Malbim Beur Hamilot on Psalms", 
                    "sourceRef": "Malbim Beur Hamilot on Psalms 31:8:3"
                }, 
                {
                    "category": "Commentary", 
                    "sourceHeRef": "מלבי\"ם באור המילות על תהילים ל״א:ח׳:ד׳", 
                    "index_title": "Malbim Beur Hamilot on Psalms", 
                    "sourceRef": "Malbim Beur Hamilot on Psalms 31:8:4"
                }, 
                {
                    "category": "Commentary", 
                    "sourceHeRef": "אבן עזרא על תהילים ל״א:ח׳:א׳", 
                    "index_title": "Ibn Ezra on Psalms", 
                    "sourceRef": "Ibn Ezra on Psalms 31:8:1"
                }, 
                {
                    "category": "Commentary", 
                    "sourceHeRef": "מצודת דוד על תהילים ל״א:ח׳:א׳", 
                    "index_title": "Metzudat David on Psalms", 
                    "sourceRef": "Metzudat David on Psalms 31:8:1"
                }, 
                {
                    "category": "Quoting Commentary", 
                    "sourceHeRef": "רדק על תהילים א׳:ו׳:א׳", 
                    "index_title": "Radak on Psalms", 
                    "sourceRef": "Radak on Psalms 1:6:1"
                }
            ], 
            "text": "I will be glad and rejoice in Thy lovingkindness; For Thou hast seen mine affliction, Thou hast taken cognizance of the troubles of my soul,"
        }, 
        {
            "segmentNumber": "9", 
            "he": "וְלֹ֣א הִ֭סְגַּרְתַּנִי בְּיַד־אוֹיֵ֑ב הֶֽעֱמַ֖דְתָּ בַמֶּרְחָ֣ב רַגְלָֽי׃", 
            "links": [
                {
                    "category": "Commentary", 
                    "sourceHeRef": "מצודת ציון על תהילים ל״א:ט׳:א׳", 
                    "index_title": "Metzudat Zion on Psalms", 
                    "sourceRef": "Metzudat Zion on Psalms 31:9:1"
                }, 
                {
                    "category": "Commentary", 
                    "sourceHeRef": "רש\"י על תהילים ל״א:ט׳:א׳", 
                    "index_title": "Rashi on Psalms", 
                    "sourceRef": "Rashi on Psalms 31:9:1"
                }, 
                {
                    "category": "Commentary", 
                    "sourceHeRef": "אבן עזרא על תהילים ל״א:ט׳:א׳", 
                    "index_title": "Ibn Ezra on Psalms", 
                    "sourceRef": "Ibn Ezra on Psalms 31:9:1"
                }, 
                {
                    "category": "Commentary", 
                    "sourceHeRef": "אבן עזרא על תהילים ל״א:ט׳:ב׳", 
                    "index_title": "Ibn Ezra on Psalms", 
                    "sourceRef": "Ibn Ezra on Psalms 31:9:2"
                }, 
                {
                    "category": "Commentary", 
                    "sourceHeRef": "מצודת דוד על תהילים ל״א:ט׳:א׳", 
                    "index_title": "Metzudat David on Psalms", 
                    "sourceRef": "Metzudat David on Psalms 31:9:1"
                }
            ], 
            "text": "And Thou hast not given me over into the hand of the enemy; Thou hast set my feet in a broad place."
        }, 
        {
            "segmentNumber": "10", 
            "he": "חָנֵּ֥נִי יְהוָה֮ כִּ֤י צַ֫ר־לִ֥י עָשְׁשָׁ֖ה בְכַ֥עַס עֵינִ֗י נַפְשִׁ֥י וּבִטְנִֽי׃", 
            "links": [
                {
                    "category": "Commentary", 
                    "sourceHeRef": "מצודת ציון על תהילים ל״א:י׳:א׳", 
                    "index_title": "Metzudat Zion on Psalms", 
                    "sourceRef": "Metzudat Zion on Psalms 31:10:1"
                }, 
                {
                    "category": "Commentary", 
                    "sourceHeRef": "מצודת ציון על תהילים ל״א:י׳:ב׳", 
                    "index_title": "Metzudat Zion on Psalms", 
                    "sourceRef": "Metzudat Zion on Psalms 31:10:2"
                }, 
                {
                    "category": "Commentary", 
                    "sourceHeRef": "מלבי\"ם על תהילים ל״א:י׳:א׳", 
                    "index_title": "Malbim on Psalms", 
                    "sourceRef": "Malbim on Psalms 31:10:1"
                }, 
                {
                    "category": "Commentary", 
                    "sourceHeRef": "מלבי\"ם על תהילים ל״א:י׳:ב׳", 
                    "index_title": "Malbim on Psalms", 
                    "sourceRef": "Malbim on Psalms 31:10:2"
                }, 
                {
                    "category": "Commentary", 
                    "sourceHeRef": "מלבי\"ם על תהילים ל״א:י׳:ג׳", 
                    "index_title": "Malbim on Psalms", 
                    "sourceRef": "Malbim on Psalms 31:10:3"
                }, 
                {
                    "category": "Commentary", 
                    "sourceHeRef": "מלבי\"ם על תהילים ל״א:י׳:ד׳", 
                    "index_title": "Malbim on Psalms", 
                    "sourceRef": "Malbim on Psalms 31:10:4"
                }, 
                {
                    "category": "Commentary", 
                    "sourceHeRef": "מלבי\"ם על תהילים ל״א:י׳:ה׳", 
                    "index_title": "Malbim on Psalms", 
                    "sourceRef": "Malbim on Psalms 31:10:5"
                }, 
                {
                    "category": "Commentary", 
                    "sourceHeRef": "מלבי\"ם על תהילים ל״א:י׳:ו׳", 
                    "index_title": "Malbim on Psalms", 
                    "sourceRef": "Malbim on Psalms 31:10:6"
                }, 
                {
                    "category": "Commentary", 
                    "sourceHeRef": "מלבי\"ם על תהילים ל״א:י׳:ז׳", 
                    "index_title": "Malbim on Psalms", 
                    "sourceRef": "Malbim on Psalms 31:10:7"
                }, 
                {
                    "category": "Commentary", 
                    "sourceHeRef": "מלבי\"ם על תהילים ל״א:י׳:ח׳", 
                    "index_title": "Malbim on Psalms", 
                    "sourceRef": "Malbim on Psalms 31:10:8"
                }, 
                {
                    "category": "Commentary", 
                    "sourceHeRef": "מלבי\"ם באור המילות על תהילים ל״א:י׳:א׳", 
                    "index_title": "Malbim Beur Hamilot on Psalms", 
                    "sourceRef": "Malbim Beur Hamilot on Psalms 31:10:1"
                }, 
                {
                    "category": "Commentary", 
                    "sourceHeRef": "רש\"י על תהילים ל״א:י׳:א׳", 
                    "index_title": "Rashi on Psalms", 
                    "sourceRef": "Rashi on Psalms 31:10:1"
                }, 
                {
                    "category": "Commentary", 
                    "sourceHeRef": "אבן עזרא על תהילים ל״א:י׳:א׳", 
                    "index_title": "Ibn Ezra on Psalms", 
                    "sourceRef": "Ibn Ezra on Psalms 31:10:1"
                }, 
                {
                    "category": "Commentary", 
                    "sourceHeRef": "אבן עזרא על תהילים ל״א:י׳:ב׳", 
                    "index_title": "Ibn Ezra on Psalms", 
                    "sourceRef": "Ibn Ezra on Psalms 31:10:2"
                }, 
                {
                    "category": "Commentary", 
                    "sourceHeRef": "אבן עזרא על תהילים ל״א:י׳:ג׳", 
                    "index_title": "Ibn Ezra on Psalms", 
                    "sourceRef": "Ibn Ezra on Psalms 31:10:3"
                }, 
                {
                    "category": "Commentary", 
                    "sourceHeRef": "אבן עזרא על תהילים ל״א:י׳:ד׳", 
                    "index_title": "Ibn Ezra on Psalms", 
                    "sourceRef": "Ibn Ezra on Psalms 31:10:4"
                }, 
                {
                    "category": "Commentary", 
                    "sourceHeRef": "אבן עזרא על תהילים ל״א:י׳:ה׳", 
                    "index_title": "Ibn Ezra on Psalms", 
                    "sourceRef": "Ibn Ezra on Psalms 31:10:5"
                }, 
                {
                    "category": "Commentary", 
                    "sourceHeRef": "מצודת דוד על תהילים ל״א:י׳:א׳", 
                    "index_title": "Metzudat David on Psalms", 
                    "sourceRef": "Metzudat David on Psalms 31:10:1"
                }
            ], 
            "text": "Be gracious unto me, O LORD, for I am in distress; Mine eye wasteth away with vexation, yea, my soul and my body."
        }, 
        {
            "segmentNumber": "11", 
            "he": "כִּ֤י כָל֪וּ בְיָג֡וֹן חַיַּי֮ וּשְׁנוֹתַ֪י בַּאֲנָ֫חָ֥ה כָּשַׁ֣ל בַּעֲוֺנִ֣י כֹחִ֑י וַעֲצָמַ֥י עָשֵֽׁשׁוּ׃", 
            "links": [
                {
                    "category": "Commentary", 
                    "sourceHeRef": "מלבי\"ם באור המילות על תהילים ל״א:י״א:א׳", 
                    "index_title": "Malbim Beur Hamilot on Psalms", 
                    "sourceRef": "Malbim Beur Hamilot on Psalms 31:11:1"
                }, 
                {
                    "category": "Commentary", 
                    "sourceHeRef": "רש\"י על תהילים ל״א:י״א:א׳", 
                    "index_title": "Rashi on Psalms", 
                    "sourceRef": "Rashi on Psalms 31:11:1"
                }, 
                {
                    "category": "Commentary", 
                    "sourceHeRef": "אבן עזרא על תהילים ל״א:י״א:א׳", 
                    "index_title": "Ibn Ezra on Psalms", 
                    "sourceRef": "Ibn Ezra on Psalms 31:11:1"
                }, 
                {
                    "category": "Commentary", 
                    "sourceHeRef": "מצודת דוד על תהילים ל״א:י״א:א׳", 
                    "index_title": "Metzudat David on Psalms", 
                    "sourceRef": "Metzudat David on Psalms 31:11:1"
                }, 
                {
                    "category": "Commentary", 
                    "sourceHeRef": "מצודת דוד על תהילים ל״א:י״א:ב׳", 
                    "index_title": "Metzudat David on Psalms", 
                    "sourceRef": "Metzudat David on Psalms 31:11:2"
                }, 
                {
                    "category": "Midrash", 
                    "sourceHeRef": "שמות רבה י״ט:א׳", 
                    "index_title": "Shemot Rabbah", 
                    "sourceRef": "Shemot Rabbah 19:1"
                }, 
                {
                    "category": "Talmud", 
                    "sourceHeRef": "גיטין ע׳ א:ס״ו", 
                    "index_title": "Gittin", 
                    "sourceRef": "Gittin 70a:66"
                }
            ], 
            "text": "For my life is spent in sorrow, and my years in sighing; My strength faileth because of mine iniquity, and my bones are wasted away."
        }, 
        {
            "segmentNumber": "12", 
            "he": "מִכָּל־צֹרְרַ֨י הָיִ֪יתִי חֶרְפָּ֡ה וְלִשֲׁכֵנַ֨י ׀ מְאֹד֮ וּפַ֪חַד לִֽמְיֻדָּ֫עָ֥י רֹאַ֥י בַּח֑וּץ נָדְד֥וּ מִמֶּֽנִּי׃", 
            "links": [
                {
                    "category": "Commentary", 
                    "sourceHeRef": "מצודת ציון על תהילים ל״א:י״ב:א׳", 
                    "index_title": "Metzudat Zion on Psalms", 
                    "sourceRef": "Metzudat Zion on Psalms 31:12:1"
                }, 
                {
                    "category": "Commentary", 
                    "sourceHeRef": "רש\"י על תהילים ל״א:י״ב:א׳", 
                    "index_title": "Rashi on Psalms", 
                    "sourceRef": "Rashi on Psalms 31:12:1"
                }, 
                {
                    "category": "Commentary", 
                    "sourceHeRef": "רש\"י על תהילים ל״א:י״ב:ב׳", 
                    "index_title": "Rashi on Psalms", 
                    "sourceRef": "Rashi on Psalms 31:12:2"
                }, 
                {
                    "category": "Commentary", 
                    "sourceHeRef": "אבן עזרא על תהילים ל״א:י״ב:א׳", 
                    "index_title": "Ibn Ezra on Psalms", 
                    "sourceRef": "Ibn Ezra on Psalms 31:12:1"
                }, 
                {
                    "category": "Commentary", 
                    "sourceHeRef": "אבן עזרא על תהילים ל״א:י״ב:ב׳", 
                    "index_title": "Ibn Ezra on Psalms", 
                    "sourceRef": "Ibn Ezra on Psalms 31:12:2"
                }, 
                {
                    "category": "Commentary", 
                    "sourceHeRef": "אבן עזרא על תהילים ל״א:י״ב:ג׳", 
                    "index_title": "Ibn Ezra on Psalms", 
                    "sourceRef": "Ibn Ezra on Psalms 31:12:3"
                }, 
                {
                    "category": "Commentary", 
                    "sourceHeRef": "מצודת דוד על תהילים ל״א:י״ב:א׳", 
                    "index_title": "Metzudat David on Psalms", 
                    "sourceRef": "Metzudat David on Psalms 31:12:1"
                }, 
                {
                    "category": "Commentary", 
                    "sourceHeRef": "מצודת דוד על תהילים ל״א:י״ב:ב׳", 
                    "index_title": "Metzudat David on Psalms", 
                    "sourceRef": "Metzudat David on Psalms 31:12:2"
                }, 
                {
                    "category": "Commentary", 
                    "sourceHeRef": "מצודת דוד על תהילים ל״א:י״ב:ג׳", 
                    "index_title": "Metzudat David on Psalms", 
                    "sourceRef": "Metzudat David on Psalms 31:12:3"
                }, 
                {
                    "category": "Commentary", 
                    "sourceHeRef": "מצודת דוד על תהילים ל״א:י״ב:ד׳", 
                    "index_title": "Metzudat David on Psalms", 
                    "sourceRef": "Metzudat David on Psalms 31:12:4"
                }, 
                {
                    "category": "Quoting Commentary", 
                    "sourceHeRef": "רמב\"ן על בראשית ט׳:ו׳:א׳", 
                    "index_title": "Ramban on Genesis", 
                    "sourceRef": "Ramban on Genesis 9:6:1"
                }, 
                {
                    "category": "Quoting Commentary", 
                    "sourceHeRef": "רמב\"ן על בראשית ט׳:ה׳:א׳", 
                    "index_title": "Ramban on Genesis", 
                    "sourceRef": "Ramban on Genesis 9:5:1"
                }
            ], 
            "text": "Because of all mine adversaries I am become a reproach, Yea, unto my neighbours exceedingly, and a dread to mine acquaintance; They that see me without flee from me."
        }, 
        {
            "segmentNumber": "13", 
            "he": "נִ֭שְׁכַּחְתִּי כְּמֵ֣ת מִלֵּ֑ב הָ֝יִ֗יתִי כִּכְלִ֥י אֹבֵֽד׃", 
            "links": [
                {
                    "category": "Commentary", 
                    "sourceHeRef": "מלבי\"ם על תהילים ל״א:י״ג:א׳", 
                    "index_title": "Malbim on Psalms", 
                    "sourceRef": "Malbim on Psalms 31:13:1"
                }, 
                {
                    "category": "Commentary", 
                    "sourceHeRef": "מלבי\"ם על תהילים ל״א:י״ג:ב׳", 
                    "index_title": "Malbim on Psalms", 
                    "sourceRef": "Malbim on Psalms 31:13:2"
                }, 
                {
                    "category": "Commentary", 
                    "sourceHeRef": "תורה תמימה על תהילים ל״א:י״ג:א׳", 
                    "index_title": "Torah Temimah on Psalms", 
                    "sourceRef": "Torah Temimah on Psalms 31:13:1"
                }, 
                {
                    "category": "Commentary", 
                    "sourceHeRef": "רש\"י על תהילים ל״א:י״ג:א׳", 
                    "index_title": "Rashi on Psalms", 
                    "sourceRef": "Rashi on Psalms 31:13:1"
                }, 
                {
                    "category": "Commentary", 
                    "sourceHeRef": "אבן עזרא על תהילים ל״א:י״ג:א׳", 
                    "index_title": "Ibn Ezra on Psalms", 
                    "sourceRef": "Ibn Ezra on Psalms 31:13:1"
                }, 
                {
                    "category": "Commentary", 
                    "sourceHeRef": "מצודת דוד על תהילים ל״א:י״ג:א׳", 
                    "index_title": "Metzudat David on Psalms", 
                    "sourceRef": "Metzudat David on Psalms 31:13:1"
                }, 
                {
                    "category": "Commentary", 
                    "sourceHeRef": "מצודת דוד על תהילים ל״א:י״ג:ב׳", 
                    "index_title": "Metzudat David on Psalms", 
                    "sourceRef": "Metzudat David on Psalms 31:13:2"
                }, 
                {
                    "category": "Quoting Commentary", 
                    "sourceHeRef": "כלי יקר על בראשית ל״ז:ל״ה:א׳", 
                    "index_title": "Kli Yakar on Genesis", 
                    "sourceRef": "Kli Yakar on Genesis 37:35:1"
                }, 
                {
                    "category": "Halakhah", 
                    "sourceHeRef": "חפץ חיים, הקדמה כ״א", 
                    "index_title": "Chofetz Chaim", 
                    "sourceRef": "Chofetz Chaim, Preface 21"
                }, 
                {
                    "category": "Midrash", 
                    "sourceHeRef": "עין יעקב (מאת שמואל צבי גליק) , ברכות ט׳:י״א", 
                    "index_title": "Ein Yaakov (Glick Edition)", 
                    "sourceRef": "Ein Yaakov (Glick Edition), Berakhot 9:11"
                }, 
                {
                    "category": "Halakhah", 
                    "sourceHeRef": "חפץ חיים, הקדמה כ״ו", 
                    "index_title": "Chofetz Chaim", 
                    "sourceRef": "Chofetz Chaim, Preface 26"
                }, 
                {
                    "category": "Talmud", 
                    "sourceHeRef": "ברכות נ״ח ב:ל״ד", 
                    "index_title": "Berakhot", 
                    "sourceRef": "Berakhot 58b:34"
                }, 
                {
                    "category": "Quoting Commentary", 
                    "sourceHeRef": "גור אריה על בראשית ו׳:ט׳:א׳", 
                    "index_title": "Gur Aryeh on Bereishit", 
                    "sourceRef": "Gur Aryeh on Bereishit 6:9:1"
                }
            ], 
            "text": "I am forgotten as a dead man out of mind; I am like a useless vessel."
        }, 
        {
            "segmentNumber": "14", 
            "he": "כִּ֤י שָׁמַ֨עְתִּי ׀ דִּבַּ֥ת רַבִּים֮ מָג֪וֹר מִסָּ֫בִ֥יב בְּהִוָּסְדָ֣ם יַ֣חַד עָלַ֑י לָקַ֖חַת נַפְשִׁ֣י זָמָֽמוּ׃", 
            "links": [
                {
                    "category": "Commentary", 
                    "sourceHeRef": "מצודת ציון על תהילים ל״א:י״ד:א׳", 
                    "index_title": "Metzudat Zion on Psalms", 
                    "sourceRef": "Metzudat Zion on Psalms 31:14:1"
                }, 
                {
                    "category": "Commentary", 
                    "sourceHeRef": "מצודת ציון על תהילים ל״א:י״ד:ב׳", 
                    "index_title": "Metzudat Zion on Psalms", 
                    "sourceRef": "Metzudat Zion on Psalms 31:14:2"
                }, 
                {
                    "category": "Commentary", 
                    "sourceHeRef": "מצודת ציון על תהילים ל״א:י״ד:ג׳", 
                    "index_title": "Metzudat Zion on Psalms", 
                    "sourceRef": "Metzudat Zion on Psalms 31:14:3"
                }, 
                {
                    "category": "Commentary", 
                    "sourceHeRef": "מצודת ציון על תהילים ל״א:י״ד:ד׳", 
                    "index_title": "Metzudat Zion on Psalms", 
                    "sourceRef": "Metzudat Zion on Psalms 31:14:4"
                }, 
                {
                    "category": "Commentary", 
                    "sourceHeRef": "מלבי\"ם על תהילים ל״א:י״ד:א׳", 
                    "index_title": "Malbim on Psalms", 
                    "sourceRef": "Malbim on Psalms 31:14:1"
                }, 
                {
                    "category": "Commentary", 
                    "sourceHeRef": "מלבי\"ם על תהילים ל״א:י״ד:ב׳", 
                    "index_title": "Malbim on Psalms", 
                    "sourceRef": "Malbim on Psalms 31:14:2"
                }, 
                {
                    "category": "Commentary", 
                    "sourceHeRef": "מלבי\"ם על תהילים ל״א:י״ד:ג׳", 
                    "index_title": "Malbim on Psalms", 
                    "sourceRef": "Malbim on Psalms 31:14:3"
                }, 
                {
                    "category": "Commentary", 
                    "sourceHeRef": "מלבי\"ם על תהילים ל״א:י״ד:ד׳", 
                    "index_title": "Malbim on Psalms", 
                    "sourceRef": "Malbim on Psalms 31:14:4"
                }, 
                {
                    "category": "Commentary", 
                    "sourceHeRef": "רש\"י על תהילים ל״א:י״ד:א׳", 
                    "index_title": "Rashi on Psalms", 
                    "sourceRef": "Rashi on Psalms 31:14:1"
                }, 
                {
                    "category": "Commentary", 
                    "sourceHeRef": "רש\"י על תהילים ל״א:י״ד:ב׳", 
                    "index_title": "Rashi on Psalms", 
                    "sourceRef": "Rashi on Psalms 31:14:2"
                }, 
                {
                    "category": "Commentary", 
                    "sourceHeRef": "רש\"י על תהילים ל״א:י״ד:ג׳", 
                    "index_title": "Rashi on Psalms", 
                    "sourceRef": "Rashi on Psalms 31:14:3"
                }, 
                {
                    "category": "Commentary", 
                    "sourceHeRef": "רש\"י על תהילים ל״א:י״ד:ד׳", 
                    "index_title": "Rashi on Psalms", 
                    "sourceRef": "Rashi on Psalms 31:14:4"
                }, 
                {
                    "category": "Commentary", 
                    "sourceHeRef": "אבן עזרא על תהילים ל״א:י״ד:א׳", 
                    "index_title": "Ibn Ezra on Psalms", 
                    "sourceRef": "Ibn Ezra on Psalms 31:14:1"
                }, 
                {
                    "category": "Commentary", 
                    "sourceHeRef": "אבן עזרא על תהילים ל״א:י״ד:ב׳", 
                    "index_title": "Ibn Ezra on Psalms", 
                    "sourceRef": "Ibn Ezra on Psalms 31:14:2"
                }, 
                {
                    "category": "Commentary", 
                    "sourceHeRef": "מצודת דוד על תהילים ל״א:י״ד:א׳", 
                    "index_title": "Metzudat David on Psalms", 
                    "sourceRef": "Metzudat David on Psalms 31:14:1"
                }, 
                {
                    "category": "Commentary", 
                    "sourceHeRef": "מצודת דוד על תהילים ל״א:י״ד:ב׳", 
                    "index_title": "Metzudat David on Psalms", 
                    "sourceRef": "Metzudat David on Psalms 31:14:2"
                }
            ], 
            "text": "For I have heard the whispering of many, Terror on every side; While they took counsel together against me, They devised to take away my life."
        }, 
        {
            "segmentNumber": "15", 
            "he": "וַאֲנִ֤י ׀ עָלֶ֣יךָ בָטַ֣חְתִּי יְהוָ֑ה אָ֝מַ֗רְתִּי אֱלֹהַ֥י אָֽתָּה׃", 
            "links": [
                {
                    "category": "Commentary", 
                    "sourceHeRef": "מלבי\"ם על תהילים ל״א:ט״ו:א׳", 
                    "index_title": "Malbim on Psalms", 
                    "sourceRef": "Malbim on Psalms 31:15:1"
                }, 
                {
                    "category": "Commentary", 
                    "sourceHeRef": "מלבי\"ם על תהילים ל״א:ט״ו:ב׳", 
                    "index_title": "Malbim on Psalms", 
                    "sourceRef": "Malbim on Psalms 31:15:2"
                }, 
                {
                    "category": "Commentary", 
                    "sourceHeRef": "אבן עזרא על תהילים ל״א:ט״ו:א׳", 
                    "index_title": "Ibn Ezra on Psalms", 
                    "sourceRef": "Ibn Ezra on Psalms 31:15:1"
                }, 
                {
                    "category": "Commentary", 
                    "sourceHeRef": "מצודת דוד על תהילים ל״א:ט״ו:א׳", 
                    "index_title": "Metzudat David on Psalms", 
                    "sourceRef": "Metzudat David on Psalms 31:15:1"
                }, 
                {
                    "category": "Commentary", 
                    "sourceHeRef": "מצודת דוד על תהילים ל״א:ט״ו:ב׳", 
                    "index_title": "Metzudat David on Psalms", 
                    "sourceRef": "Metzudat David on Psalms 31:15:2"
                }
            ], 
            "text": "But as for me, I have trusted in Thee, O LORD; I have said: 'Thou art my God.'"
        }, 
        {
            "segmentNumber": "16", 
            "he": "בְּיָדְךָ֥ עִתֹּתָ֑י הַצִּ֘ילֵ֤נִי מִיַּד־א֝וֹיְבַ֗י וּמֵרֹדְפָֽי׃", 
            "links": [
                {
                    "category": "Commentary", 
                    "sourceHeRef": "מלבי\"ם על תהילים ל״א:ט״ז:א׳", 
                    "index_title": "Malbim on Psalms", 
                    "sourceRef": "Malbim on Psalms 31:16:1"
                }, 
                {
                    "category": "Commentary", 
                    "sourceHeRef": "מלבי\"ם על תהילים ל״א:ט״ז:ב׳", 
                    "index_title": "Malbim on Psalms", 
                    "sourceRef": "Malbim on Psalms 31:16:2"
                }, 
                {
                    "category": "Commentary", 
                    "sourceHeRef": "מלבי\"ם על תהילים ל״א:ט״ז:ג׳", 
                    "index_title": "Malbim on Psalms", 
                    "sourceRef": "Malbim on Psalms 31:16:3"
                }, 
                {
                    "category": "Commentary", 
                    "sourceHeRef": "רש\"י על תהילים ל״א:ט״ז:א׳", 
                    "index_title": "Rashi on Psalms", 
                    "sourceRef": "Rashi on Psalms 31:16:1"
                }, 
                {
                    "category": "Commentary", 
                    "sourceHeRef": "אבן עזרא על תהילים ל״א:ט״ז:א׳", 
                    "index_title": "Ibn Ezra on Psalms", 
                    "sourceRef": "Ibn Ezra on Psalms 31:16:1"
                }, 
                {
                    "category": "Commentary", 
                    "sourceHeRef": "מצודת דוד על תהילים ל״א:ט״ז:א׳", 
                    "index_title": "Metzudat David on Psalms", 
                    "sourceRef": "Metzudat David on Psalms 31:16:1"
                }, 
                {
                    "category": "Commentary", 
                    "sourceHeRef": "מצודת דוד על תהילים ל״א:ט״ז:ב׳", 
                    "index_title": "Metzudat David on Psalms", 
                    "sourceRef": "Metzudat David on Psalms 31:16:2"
                }, 
                {
                    "category": "Kabbalah", 
                    "sourceHeRef": "תקוני הזהר קי״ב א:ד׳", 
                    "index_title": "Tikkunei Zohar", 
                    "sourceRef": "Tikkunei Zohar 112a:4"
                }
            ], 
            "text": "My times are in Thy hand; Deliver me from the hand of mine enemies, and from them that persecute me."
        }, 
        {
            "segmentNumber": "17", 
            "he": "הָאִ֣ירָה פָ֭נֶיךָ עַל־עַבְדֶּ֑ךָ ה֖וֹשִׁיעֵ֣נִי בְחַסְדֶּֽךָ׃", 
            "links": [
                {
                    "category": "Commentary", 
                    "sourceHeRef": "מלבי\"ם על תהילים ל״א:י״ז:א׳", 
                    "index_title": "Malbim on Psalms", 
                    "sourceRef": "Malbim on Psalms 31:17:1"
                }, 
                {
                    "category": "Commentary", 
                    "sourceHeRef": "מלבי\"ם על תהילים ל״א:י״ז:ב׳", 
                    "index_title": "Malbim on Psalms", 
                    "sourceRef": "Malbim on Psalms 31:17:2"
                }, 
                {
                    "category": "Commentary", 
                    "sourceHeRef": "אבן עזרא על תהילים ל״א:י״ז:א׳", 
                    "index_title": "Ibn Ezra on Psalms", 
                    "sourceRef": "Ibn Ezra on Psalms 31:17:1"
                }, 
                {
                    "category": "Commentary", 
                    "sourceHeRef": "מצודת דוד על תהילים ל״א:י״ז:א׳", 
                    "index_title": "Metzudat David on Psalms", 
                    "sourceRef": "Metzudat David on Psalms 31:17:1"
                }
            ], 
            "text": "Make Thy face to shine upon Thy servant; Save me in Thy lovingkindness."
        }, 
        {
            "segmentNumber": "18", 
            "he": "יְֽהוָ֗ה אַל־אֵ֭בוֹשָׁה כִּ֣י קְרָאתִ֑יךָ יֵבֹ֥שׁוּ רְ֝שָׁעִ֗ים יִדְּמ֥וּ לִשְׁאֽוֹל׃", 
            "links": [
                {
                    "category": "Commentary", 
                    "sourceHeRef": "מצודת ציון על תהילים ל״א:י״ח:א׳", 
                    "index_title": "Metzudat Zion on Psalms", 
                    "sourceRef": "Metzudat Zion on Psalms 31:18:1"
                }, 
                {
                    "category": "Commentary", 
                    "sourceHeRef": "מלבי\"ם על תהילים ל״א:י״ח:א׳", 
                    "index_title": "Malbim on Psalms", 
                    "sourceRef": "Malbim on Psalms 31:18:1"
                }, 
                {
                    "category": "Commentary", 
                    "sourceHeRef": "מלבי\"ם על תהילים ל״א:י״ח:ב׳", 
                    "index_title": "Malbim on Psalms", 
                    "sourceRef": "Malbim on Psalms 31:18:2"
                }, 
                {
                    "category": "Commentary", 
                    "sourceHeRef": "מלבי\"ם על תהילים ל״א:י״ח:ג׳", 
                    "index_title": "Malbim on Psalms", 
                    "sourceRef": "Malbim on Psalms 31:18:3"
                }, 
                {
                    "category": "Commentary", 
                    "sourceHeRef": "מלבי\"ם על תהילים ל״א:י״ח:ד׳", 
                    "index_title": "Malbim on Psalms", 
                    "sourceRef": "Malbim on Psalms 31:18:4"
                }, 
                {
                    "category": "Commentary", 
                    "sourceHeRef": "רש\"י על תהילים ל״א:י״ח:א׳", 
                    "index_title": "Rashi on Psalms", 
                    "sourceRef": "Rashi on Psalms 31:18:1"
                }, 
                {
                    "category": "Commentary", 
                    "sourceHeRef": "רש\"י על תהילים ל״א:י״ח:ב׳", 
                    "index_title": "Rashi on Psalms", 
                    "sourceRef": "Rashi on Psalms 31:18:2"
                }, 
                {
                    "category": "Commentary", 
                    "sourceHeRef": "מצודת דוד על תהילים ל״א:י״ח:א׳", 
                    "index_title": "Metzudat David on Psalms", 
                    "sourceRef": "Metzudat David on Psalms 31:18:1"
                }, 
                {
                    "category": "Commentary", 
                    "sourceHeRef": "מצודת דוד על תהילים ל״א:י״ח:ב׳", 
                    "index_title": "Metzudat David on Psalms", 
                    "sourceRef": "Metzudat David on Psalms 31:18:2"
                }, 
                {
                    "category": "Midrash", 
                    "sourceHeRef": "מדרש תהילים ל״א:ד׳", 
                    "index_title": "Midrash Tehillim", 
                    "sourceRef": "Midrash Tehillim 31:4"
                }
            ], 
            "text": "O LORD, let me not be ashamed, for I have called upon Thee; Let the wicked be ashamed, let them be put to silence in the nether-world."
        }, 
        {
            "segmentNumber": "19", 
            "he": "תֵּ֥אָלַ֗מְנָה שִׂפְתֵ֫י שָׁ֥קֶר הַדֹּבְר֖וֹת עַל־צַדִּ֥יק עָתָ֗ק בְּגַאֲוָ֥ה וָבֽוּז׃", 
            "links": [
                {
                    "category": "Halakhah", 
                    "sourceHeRef": "משנה תורה, הלכות טומאת צרעת ט״ז:י׳", 
                    "index_title": "Mishneh Torah, Defilement by Leprosy", 
                    "sourceRef": "Mishneh Torah, Defilement by Leprosy 16:10"
                }, 
                {
                    "category": "Midrash", 
                    "sourceHeRef": "בראשית רבה א׳:ה׳", 
                    "index_title": "Bereishit Rabbah", 
                    "sourceRef": "Bereishit Rabbah 1:5"
                }, 
                {
                    "category": "Commentary", 
                    "sourceHeRef": "מצודת ציון על תהילים ל״א:י״ט:א׳", 
                    "index_title": "Metzudat Zion on Psalms", 
                    "sourceRef": "Metzudat Zion on Psalms 31:19:1"
                }, 
                {
                    "category": "Commentary", 
                    "sourceHeRef": "מצודת ציון על תהילים ל״א:י״ט:ב׳", 
                    "index_title": "Metzudat Zion on Psalms", 
                    "sourceRef": "Metzudat Zion on Psalms 31:19:2"
                }, 
                {
                    "category": "Commentary", 
                    "sourceHeRef": "מלבי\"ם על תהילים ל״א:י״ט:א׳", 
                    "index_title": "Malbim on Psalms", 
                    "sourceRef": "Malbim on Psalms 31:19:1"
                }, 
                {
                    "category": "Commentary", 
                    "sourceHeRef": "מלבי\"ם על תהילים ל״א:י״ט:ב׳", 
                    "index_title": "Malbim on Psalms", 
                    "sourceRef": "Malbim on Psalms 31:19:2"
                }, 
                {
                    "category": "Commentary", 
                    "sourceHeRef": "מלבי\"ם על תהילים ל״א:י״ט:ג׳", 
                    "index_title": "Malbim on Psalms", 
                    "sourceRef": "Malbim on Psalms 31:19:3"
                }, 
                {
                    "category": "Commentary", 
                    "sourceHeRef": "מלבי\"ם על תהילים ל״א:י״ט:ד׳", 
                    "index_title": "Malbim on Psalms", 
                    "sourceRef": "Malbim on Psalms 31:19:4"
                }, 
                {
                    "category": "Commentary", 
                    "sourceHeRef": "תורה תמימה על תהילים ל״א:י״ט:א׳", 
                    "index_title": "Torah Temimah on Psalms", 
                    "sourceRef": "Torah Temimah on Psalms 31:19:1"
                }, 
                {
                    "category": "Commentary", 
                    "sourceHeRef": "מלבי\"ם באור המילות על תהילים ל״א:י״ט:א׳", 
                    "index_title": "Malbim Beur Hamilot on Psalms", 
                    "sourceRef": "Malbim Beur Hamilot on Psalms 31:19:1"
                }, 
                {
                    "category": "Commentary", 
                    "sourceHeRef": "רש\"י על תהילים ל״א:י״ט:א׳", 
                    "index_title": "Rashi on Psalms", 
                    "sourceRef": "Rashi on Psalms 31:19:1"
                }, 
                {
                    "category": "Commentary", 
                    "sourceHeRef": "רש\"י על תהילים ל״א:י״ט:ב׳", 
                    "index_title": "Rashi on Psalms", 
                    "sourceRef": "Rashi on Psalms 31:19:2"
                }, 
                {
                    "category": "Commentary", 
                    "sourceHeRef": "אבן עזרא על תהילים ל״א:י״ט:א׳", 
                    "index_title": "Ibn Ezra on Psalms", 
                    "sourceRef": "Ibn Ezra on Psalms 31:19:1"
                }, 
                {
                    "category": "Commentary", 
                    "sourceHeRef": "אבן עזרא על תהילים ל״א:י״ט:ב׳", 
                    "index_title": "Ibn Ezra on Psalms", 
                    "sourceRef": "Ibn Ezra on Psalms 31:19:2"
                }, 
                {
                    "category": "Commentary", 
                    "sourceHeRef": "מצודת דוד על תהילים ל״א:י״ט:א׳", 
                    "index_title": "Metzudat David on Psalms", 
                    "sourceRef": "Metzudat David on Psalms 31:19:1"
                }, 
                {
                    "category": "Halakhah", 
                    "sourceHeRef": "ספר החינוך ל׳:ג׳", 
                    "index_title": "Sefer HaChinukh", 
                    "sourceRef": "Sefer HaChinukh 30:3"
                }, 
                {
                    "category": "Talmud", 
                    "sourceHeRef": "בבא מציעא ע״ה ב:ל״ב", 
                    "index_title": "Bava Metzia", 
                    "sourceRef": "Bava Metzia 75b:32"
                }, 
                {
                    "category": "Midrash", 
                    "sourceHeRef": "עין יעקב (מאת שמואל צבי גליק) , בבא מציעא ה׳:ו׳", 
                    "index_title": "Ein Yaakov (Glick Edition)", 
                    "sourceRef": "Ein Yaakov (Glick Edition), Bava Metzia 5:6"
                }, 
                {
                    "category": "Midrash", 
                    "sourceHeRef": "מדרש תהילים ז׳:י״ז", 
                    "index_title": "Midrash Tehillim", 
                    "sourceRef": "Midrash Tehillim 7:17"
                }
            ], 
            "text": "Let the lying lips be dumb, Which speak arrogantly against the righteous, With pride and contempt."
        }, 
        {
            "segmentNumber": "20", 
            "he": "מָ֤ה רַֽב־טוּבְךָ֮ אֲשֶׁר־צָפַ֪נְתָּ לִּֽירֵ֫אֶ֥יךָ פָּ֭עַלְתָּ לַחֹסִ֣ים בָּ֑ךְ נֶ֝֗גֶד בְּנֵ֣י אָדָם׃", 
            "links": [
                {
                    "category": "Halakhah", 
                    "sourceHeRef": "משנה תורה, הלכות תשובה ח׳:ח׳", 
                    "index_title": "Mishneh Torah, Repentance", 
                    "sourceRef": "Mishneh Torah, Repentance 8:8"
                }, 
                {
                    "category": "Midrash", 
                    "sourceHeRef": "בראשית רבה א׳:ה׳", 
                    "index_title": "Bereishit Rabbah", 
                    "sourceRef": "Bereishit Rabbah 1:5"
                }, 
                {
                    "category": "Commentary", 
                    "sourceHeRef": "מלבי\"ם על תהילים ל״א:כ׳:א׳", 
                    "index_title": "Malbim on Psalms", 
                    "sourceRef": "Malbim on Psalms 31:20:1"
                }, 
                {
                    "category": "Commentary", 
                    "sourceHeRef": "מלבי\"ם על תהילים ל״א:כ׳:ב׳", 
                    "index_title": "Malbim on Psalms", 
                    "sourceRef": "Malbim on Psalms 31:20:2"
                }, 
                {
                    "category": "Commentary", 
                    "sourceHeRef": "מלבי\"ם על תהילים ל״א:כ׳:ג׳", 
                    "index_title": "Malbim on Psalms", 
                    "sourceRef": "Malbim on Psalms 31:20:3"
                }, 
                {
                    "category": "Commentary", 
                    "sourceHeRef": "מלבי\"ם על תהילים ל״א:כ׳:ד׳", 
                    "index_title": "Malbim on Psalms", 
                    "sourceRef": "Malbim on Psalms 31:20:4"
                }, 
                {
                    "category": "Commentary", 
                    "sourceHeRef": "תורה תמימה על תהילים ל״א:כ׳:א׳", 
                    "index_title": "Torah Temimah on Psalms", 
                    "sourceRef": "Torah Temimah on Psalms 31:20:1"
                }, 
                {
                    "category": "Commentary", 
                    "sourceHeRef": "רש\"י על תהילים ל״א:כ׳:א׳", 
                    "index_title": "Rashi on Psalms", 
                    "sourceRef": "Rashi on Psalms 31:20:1"
                }, 
                {
                    "category": "Commentary", 
                    "sourceHeRef": "אבן עזרא על תהילים ל״א:כ׳:א׳", 
                    "index_title": "Ibn Ezra on Psalms", 
                    "sourceRef": "Ibn Ezra on Psalms 31:20:1"
                }, 
                {
                    "category": "Commentary", 
                    "sourceHeRef": "מצודת דוד על תהילים ל״א:כ׳:א׳", 
                    "index_title": "Metzudat David on Psalms", 
                    "sourceRef": "Metzudat David on Psalms 31:20:1"
                }, 
                {
                    "category": "Midrash", 
                    "sourceHeRef": "מדרש תנחומא א׳:א׳:א׳", 
                    "index_title": "Midrash Tanchuma", 
                    "sourceRef": "Midrash Tanchuma 1:1:1"
                }, 
                {
                    "category": "Philosophy", 
                    "sourceHeRef": "עין אי\"ה ב׳:ב׳", 
                    "index_title": "Ein Ayah", 
                    "sourceRef": "Ein Ayah 2:2"
                }, 
                {
                    "category": "Midrash", 
                    "sourceHeRef": "שמות רבה כ״ה:ח׳", 
                    "index_title": "Shemot Rabbah", 
                    "sourceRef": "Shemot Rabbah 25:8"
                }, 
                {
                    "category": "Midrash", 
                    "sourceHeRef": "מדרש תנחומא ג׳:א׳:ח׳", 
                    "index_title": "Midrash Tanchuma", 
                    "sourceRef": "Midrash Tanchuma 3:1:8"
                }, 
                {
                    "category": "Midrash", 
                    "sourceHeRef": "מדרש תנחומא א׳:כ״ד:ט״ז", 
                    "index_title": "Midrash Tanchuma", 
                    "sourceRef": "Midrash Tanchuma 1:24:16"
                }, 
                {
                    "category": "Kabbalah", 
                    "sourceHeRef": "ספר הבהיר קמ״ז", 
                    "index_title": "Sefer HaBahir", 
                    "sourceRef": "Sefer HaBahir 147"
                }, 
                {
                    "category": "Kabbalah", 
                    "sourceHeRef": "ספר הבהיר ק״ס", 
                    "index_title": "Sefer HaBahir", 
                    "sourceRef": "Sefer HaBahir 160"
                }, 
                {
                    "category": "Talmud", 
                    "sourceHeRef": "סוטה ל״א א:כ״א", 
                    "index_title": "Sotah", 
                    "sourceRef": "Sotah 31a:21"
                }, 
                {
                    "category": "Midrash", 
                    "sourceHeRef": "מדרש משלי ב׳:א׳", 
                    "index_title": "Midrash Mishlei", 
                    "sourceRef": "Midrash Mishlei 2:1"
                }, 
                {
                    "category": "Midrash", 
                    "sourceHeRef": "מדרש משלי י״ג:ה׳", 
                    "index_title": "Midrash Mishlei", 
                    "sourceRef": "Midrash Mishlei 13:5"
                }, 
                {
                    "category": "Musar", 
                    "sourceHeRef": "אורחות צדיקים א׳:י״א", 
                    "index_title": "Orchot Tzadikim", 
                    "sourceRef": "Orchot Tzadikim 1:11"
                }, 
                {
                    "category": "Musar", 
                    "sourceHeRef": "אורחות צדיקים ט׳:ס״א", 
                    "index_title": "Orchot Tzadikim", 
                    "sourceRef": "Orchot Tzadikim 9:61"
                }, 
                {
                    "category": "Quoting Commentary", 
                    "sourceHeRef": "כלי יקר על ויקרא י״ח:ד׳:ב׳", 
                    "index_title": "Kli Yakar on Leviticus", 
                    "sourceRef": "Kli Yakar on Leviticus 18:4:2"
                }, 
                {
                    "category": "Quoting Commentary", 
                    "sourceHeRef": "עיקר שפתי חכמים על בראשית כ״א:ז׳:א׳", 
                    "index_title": "Ikar Siftei Hachamim on Genesis", 
                    "sourceRef": "Ikar Siftei Hachamim on Genesis 21:7:1"
                }, 
                {
                    "category": "Quoting Commentary", 
                    "sourceHeRef": "כלי יקר על שמות ל״א:י״ג:ג׳", 
                    "index_title": "Kli Yakar on Exodus", 
                    "sourceRef": "Kli Yakar on Exodus 31:13:3"
                }, 
                {
                    "category": "Quoting Commentary", 
                    "sourceHeRef": "כלי יקר על במדבר כ״ג:י״ד:ו׳", 
                    "index_title": "Kli Yakar on Numbers", 
                    "sourceRef": "Kli Yakar on Numbers 23:14:6"
                }, 
                {
                    "category": "Quoting Commentary", 
                    "sourceHeRef": "מצודת ציון על שופטים כ׳:י״ב:א׳", 
                    "index_title": "Metzudat Zion on Judges", 
                    "sourceRef": "Metzudat Zion on Judges 20:12:1"
                }, 
                {
                    "category": "Quoting Commentary", 
                    "sourceHeRef": "מצודת ציון על שיר השירים ד׳:י׳:א׳", 
                    "index_title": "Metzudat Zion on Song of Songs", 
                    "sourceRef": "Metzudat Zion on Song of Songs 4:10:1"
                }, 
                {
                    "category": "Quoting Commentary", 
                    "sourceHeRef": "מצודת ציון על שיר השירים ז׳:ו׳:ה׳", 
                    "index_title": "Metzudat Zion on Song of Songs", 
                    "sourceRef": "Metzudat Zion on Song of Songs 7:6:5"
                }, 
                {
                    "category": "Philosophy", 
                    "sourceHeRef": "נצח ישראל ס״ג:י״ב", 
                    "index_title": "Netzach Yisrael", 
                    "sourceRef": "Netzach Yisrael 63:12"
                }, 
                {
                    "category": "Philosophy", 
                    "sourceHeRef": "אור חדש א׳:ט״ו", 
                    "index_title": "Ohr Chadash", 
                    "sourceRef": "Ohr Chadash 1:15"
                }, 
                {
                    "category": "Quoting Commentary", 
                    "sourceHeRef": "שני לוחות הברית, תרומה, תורה אור צ״ד", 
                    "index_title": "Shney Luchot HaBrit", 
                    "sourceRef": "Shney Luchot HaBrit, Terumah, Torah Ohr 94"
                }, 
                {
                    "category": "Quoting Commentary", 
                    "sourceHeRef": "שני לוחות הברית, קדושים, תורה אור ע״ה", 
                    "index_title": "Shney Luchot HaBrit", 
                    "sourceRef": "Shney Luchot HaBrit, Kedoshim, Torah Ohr 75"
                }, 
                {
                    "category": "Quoting Commentary", 
                    "sourceHeRef": "שני לוחות הברית, בהעלותך, תורה אור כ׳", 
                    "index_title": "Shney Luchot HaBrit", 
                    "sourceRef": "Shney Luchot HaBrit, Beha'alotcha, Torah Ohr 20"
                }, 
                {
                    "category": "Quoting Commentary", 
                    "sourceHeRef": "שני לוחות הברית, ואתחנן, תורה אור מ׳", 
                    "index_title": "Shney Luchot HaBrit", 
                    "sourceRef": "Shney Luchot HaBrit, Vaetchanan, Torah Ohr 40"
                }, 
                {
                    "category": "Quoting Commentary", 
                    "sourceHeRef": "שני לוחות הברית, ואתחנן, תורה אור מ״ג", 
                    "index_title": "Shney Luchot HaBrit", 
                    "sourceRef": "Shney Luchot HaBrit, Vaetchanan, Torah Ohr 43"
                }, 
                {
                    "category": "Quoting Commentary", 
                    "sourceHeRef": "שני לוחות הברית, עקב, תורה אור נ״ה", 
                    "index_title": "Shney Luchot HaBrit", 
                    "sourceRef": "Shney Luchot HaBrit, Eikev, Torah Ohr 55"
                }, 
                {
                    "category": "Philosophy", 
                    "sourceHeRef": "דרשות הר\"ן ז׳:ל׳", 
                    "index_title": "Darashos HaRan", 
                    "sourceRef": "Darashos HaRan 7:30"
                }, 
                {
                    "category": "Midrash", 
                    "sourceHeRef": "עין יעקב (מאת שמואל צבי גליק) , סוטה ה׳:ה׳", 
                    "index_title": "Ein Yaakov (Glick Edition)", 
                    "sourceRef": "Ein Yaakov (Glick Edition), Sotah 5:5"
                }, 
                {
                    "category": "Midrash", 
                    "sourceHeRef": "מדרש תהילים י״ז:י״א", 
                    "index_title": "Midrash Tehillim", 
                    "sourceRef": "Midrash Tehillim 17:11"
                }, 
                {
                    "category": "Midrash", 
                    "sourceHeRef": "מדרש תהילים כ״ה:ח׳", 
                    "index_title": "Midrash Tehillim", 
                    "sourceRef": "Midrash Tehillim 25:8"
                }, 
                {
                    "category": "Midrash", 
                    "sourceHeRef": "ספרי במדבר קל״ה:א׳", 
                    "index_title": "Sifrei Bamidbar", 
                    "sourceRef": "Sifrei Bamidbar 135:1"
                }, 
                {
                    "category": "Midrash", 
                    "sourceHeRef": "פסיקתא רבתי כ״ג:א׳", 
                    "index_title": "Pesikta Rabbati", 
                    "sourceRef": "Pesikta Rabbati 23:1"
                }, 
                {
                    "category": "Midrash", 
                    "sourceHeRef": "פסיקתא רבתי ל״ז:א׳", 
                    "index_title": "Pesikta Rabbati", 
                    "sourceRef": "Pesikta Rabbati 37:1"
                }, 
                {
                    "category": "Midrash", 
                    "sourceHeRef": "מדרש תהילים ל״ז:ג׳", 
                    "index_title": "Midrash Tehillim", 
                    "sourceRef": "Midrash Tehillim 37:3"
                }, 
                {
                    "category": "Chasidut", 
                    "sourceHeRef": "קדושת לוי, בראשית, ויצא כ״ו", 
                    "index_title": "Kedushat Levi", 
                    "sourceRef": "Kedushat Levi, Genesis, Vayetzei 26"
                }, 
                {
                    "category": "Chasidut", 
                    "sourceHeRef": "קדושת לוי, בראשית, ויצא ל״ה", 
                    "index_title": "Kedushat Levi", 
                    "sourceRef": "Kedushat Levi, Genesis, Vayetzei 35"
                }, 
                {
                    "category": "Chasidut", 
                    "sourceHeRef": "קדושת לוי, ליקוטים ע׳", 
                    "index_title": "Kedushat Levi", 
                    "sourceRef": "Kedushat Levi, Likutim 70"
                }, 
                {
                    "category": "Quoting Commentary", 
                    "sourceHeRef": "רמב\"ם על משנה סנהדרין י׳:א׳:א׳", 
                    "index_title": "Rambam on Mishnah Sanhedrin", 
                    "sourceRef": "Rambam on Mishnah Sanhedrin 10:1:1"
                }, 
                {
                    "category": "Musar", 
                    "sourceHeRef": "שער הבטחון א׳:י״ג", 
                    "index_title": "Shaar Habitachon", 
                    "sourceRef": "Shaar Habitachon 1:13"
                }, 
                {
                    "category": "Musar", 
                    "sourceHeRef": "שער הבטחון ד׳:ז׳", 
                    "index_title": "Shaar Habitachon", 
                    "sourceRef": "Shaar Habitachon 4:7"
                }, 
                {
                    "category": "Musar", 
                    "sourceHeRef": "שער הבטחון ד׳:צ״א", 
                    "index_title": "Shaar Habitachon", 
                    "sourceRef": "Shaar Habitachon 4:91"
                }, 
                {
                    "category": "Musar", 
                    "sourceHeRef": "שער הבטחון ד׳:קי״א", 
                    "index_title": "Shaar Habitachon", 
                    "sourceRef": "Shaar Habitachon 4:111"
                }
            ], 
            "text": "Oh how abundant is Thy goodness, which Thou hast laid up for them that fear Thee; Which Thou hast wrought for them that take their refuge in Thee, in the sight of the sons of men!"
        }, 
        {
            "segmentNumber": "21", 
            "he": "תַּסְתִּירֵ֤ם ׀ בְּסֵ֥תֶר פָּנֶיךָ֮ מֵֽרֻכְסֵ֫י אִ֥ישׁ תִּצְפְּנֵ֥ם בְּסֻכָּ֗ה מֵרִ֥יב לְשֹׁנֽוֹת׃", 
            "links": [
                {
                    "category": "Midrash", 
                    "sourceHeRef": "בראשית רבה א׳:ו׳", 
                    "index_title": "Bereishit Rabbah", 
                    "sourceRef": "Bereishit Rabbah 1:6"
                }, 
                {
                    "category": "Commentary", 
                    "sourceHeRef": "מצודת ציון על תהילים ל״א:כ״א:א׳", 
                    "index_title": "Metzudat Zion on Psalms", 
                    "sourceRef": "Metzudat Zion on Psalms 31:21:1"
                }, 
                {
                    "category": "Commentary", 
                    "sourceHeRef": "מלבי\"ם על תהילים ל״א:כ״א:א׳", 
                    "index_title": "Malbim on Psalms", 
                    "sourceRef": "Malbim on Psalms 31:21:1"
                }, 
                {
                    "category": "Commentary", 
                    "sourceHeRef": "מלבי\"ם על תהילים ל״א:כ״א:ב׳", 
                    "index_title": "Malbim on Psalms", 
                    "sourceRef": "Malbim on Psalms 31:21:2"
                }, 
                {
                    "category": "Commentary", 
                    "sourceHeRef": "מלבי\"ם על תהילים ל״א:כ״א:ג׳", 
                    "index_title": "Malbim on Psalms", 
                    "sourceRef": "Malbim on Psalms 31:21:3"
                }, 
                {
                    "category": "Commentary", 
                    "sourceHeRef": "מלבי\"ם באור המילות על תהילים ל״א:כ״א:א׳", 
                    "index_title": "Malbim Beur Hamilot on Psalms", 
                    "sourceRef": "Malbim Beur Hamilot on Psalms 31:21:1"
                }, 
                {
                    "category": "Commentary", 
                    "sourceHeRef": "מלבי\"ם באור המילות על תהילים ל״א:כ״א:ב׳", 
                    "index_title": "Malbim Beur Hamilot on Psalms", 
                    "sourceRef": "Malbim Beur Hamilot on Psalms 31:21:2"
                }, 
                {
                    "category": "Commentary", 
                    "sourceHeRef": "מלבי\"ם באור המילות על תהילים ל״א:כ״א:ג׳", 
                    "index_title": "Malbim Beur Hamilot on Psalms", 
                    "sourceRef": "Malbim Beur Hamilot on Psalms 31:21:3"
                }, 
                {
                    "category": "Commentary", 
                    "sourceHeRef": "רש\"י על תהילים ל״א:כ״א:א׳", 
                    "index_title": "Rashi on Psalms", 
                    "sourceRef": "Rashi on Psalms 31:21:1"
                }, 
                {
                    "category": "Commentary", 
                    "sourceHeRef": "אבן עזרא על תהילים ל״א:כ״א:א׳", 
                    "index_title": "Ibn Ezra on Psalms", 
                    "sourceRef": "Ibn Ezra on Psalms 31:21:1"
                }, 
                {
                    "category": "Commentary", 
                    "sourceHeRef": "אבן עזרא על תהילים ל״א:כ״א:ב׳", 
                    "index_title": "Ibn Ezra on Psalms", 
                    "sourceRef": "Ibn Ezra on Psalms 31:21:2"
                }, 
                {
                    "category": "Commentary", 
                    "sourceHeRef": "אבן עזרא על תהילים ל״א:כ״א:ג׳", 
                    "index_title": "Ibn Ezra on Psalms", 
                    "sourceRef": "Ibn Ezra on Psalms 31:21:3"
                }, 
                {
                    "category": "Commentary", 
                    "sourceHeRef": "אבן עזרא על תהילים ל״א:כ״א:ד׳", 
                    "index_title": "Ibn Ezra on Psalms", 
                    "sourceRef": "Ibn Ezra on Psalms 31:21:4"
                }, 
                {
                    "category": "Commentary", 
                    "sourceHeRef": "מצודת דוד על תהילים ל״א:כ״א:א׳", 
                    "index_title": "Metzudat David on Psalms", 
                    "sourceRef": "Metzudat David on Psalms 31:21:1"
                }, 
                {
                    "category": "Quoting Commentary", 
                    "sourceHeRef": "רש\"י על שמות כ״ח:כ״ח:א׳", 
                    "index_title": "Rashi on Exodus", 
                    "sourceRef": "Rashi on Exodus 28:28:1"
                }
            ], 
            "text": "Thou hidest them in the covert of Thy presence from the plottings of man; Thou concealest them in a pavilion from the strife of tongues."
        }, 
        {
            "segmentNumber": "22", 
            "he": "בָּר֥וּךְ יְהוָ֑ה כִּ֥י הִפְלִ֘יא חַסְדּ֥וֹ לִ֝֗י בְּעִ֣יר מָצֽוֹר׃", 
            "links": [
                {
                    "category": "Commentary", 
                    "sourceHeRef": "מלבי\"ם על תהילים ל״א:כ״ב:א׳", 
                    "index_title": "Malbim on Psalms", 
                    "sourceRef": "Malbim on Psalms 31:22:1"
                }, 
                {
                    "category": "Commentary", 
                    "sourceHeRef": "מלבי\"ם על תהילים ל״א:כ״ב:ב׳", 
                    "index_title": "Malbim on Psalms", 
                    "sourceRef": "Malbim on Psalms 31:22:2"
                }, 
                {
                    "category": "Commentary", 
                    "sourceHeRef": "רש\"י על תהילים ל״א:כ״ב:א׳", 
                    "index_title": "Rashi on Psalms", 
                    "sourceRef": "Rashi on Psalms 31:22:1"
                }, 
                {
                    "category": "Commentary", 
                    "sourceHeRef": "אבן עזרא על תהילים ל״א:כ״ב:א׳", 
                    "index_title": "Ibn Ezra on Psalms", 
                    "sourceRef": "Ibn Ezra on Psalms 31:22:1"
                }, 
                {
                    "category": "Commentary", 
                    "sourceHeRef": "מצודת דוד על תהילים ל״א:כ״ב:א׳", 
                    "index_title": "Metzudat David on Psalms", 
                    "sourceRef": "Metzudat David on Psalms 31:22:1"
                }, 
                {
                    "category": "Tanakh", 
                    "sourceHeRef": "שמואל א כ״ג:ז׳", 
                    "index_title": "I Samuel", 
                    "sourceRef": "I Samuel 23:7"
                }, 
                {
                    "category": "Midrash", 
                    "sourceHeRef": "מדרש תהילים ל״א:ה׳", 
                    "index_title": "Midrash Tehillim", 
                    "sourceRef": "Midrash Tehillim 31:5"
                }
            ], 
            "text": "Blessed be the LORD; For He hath shown me His wondrous lovingkindness in an entrenched city."
        }, 
        {
            "segmentNumber": "23", 
            "he": "וַאֲנִ֤י ׀ אָ֘מַ֤רְתִּי בְחָפְזִ֗י נִגְרַזְתִּי֮ מִנֶּ֪גֶד עֵ֫ינֶ֥יךָ אָכֵ֗ן שָׁ֭מַעְתָּ ק֥וֹל תַּחֲנוּנַ֗י בְּשַׁוְּעִ֥י אֵלֶֽיךָ׃", 
            "links": [
                {
                    "category": "Commentary", 
                    "sourceHeRef": "מצודת ציון על תהילים ל״א:כ״ג:א׳", 
                    "index_title": "Metzudat Zion on Psalms", 
                    "sourceRef": "Metzudat Zion on Psalms 31:23:1"
                }, 
                {
                    "category": "Commentary", 
                    "sourceHeRef": "מצודת ציון על תהילים ל״א:כ״ג:ב׳", 
                    "index_title": "Metzudat Zion on Psalms", 
                    "sourceRef": "Metzudat Zion on Psalms 31:23:2"
                }, 
                {
                    "category": "Commentary", 
                    "sourceHeRef": "מלבי\"ם על תהילים ל״א:כ״ג:א׳", 
                    "index_title": "Malbim on Psalms", 
                    "sourceRef": "Malbim on Psalms 31:23:1"
                }, 
                {
                    "category": "Commentary", 
                    "sourceHeRef": "מלבי\"ם על תהילים ל״א:כ״ג:ב׳", 
                    "index_title": "Malbim on Psalms", 
                    "sourceRef": "Malbim on Psalms 31:23:2"
                }, 
                {
                    "category": "Commentary", 
                    "sourceHeRef": "מלבי\"ם על תהילים ל״א:כ״ג:ג׳", 
                    "index_title": "Malbim on Psalms", 
                    "sourceRef": "Malbim on Psalms 31:23:3"
                }, 
                {
                    "category": "Commentary", 
                    "sourceHeRef": "מלבי\"ם באור המילות על תהילים ל״א:כ״ג:א׳", 
                    "index_title": "Malbim Beur Hamilot on Psalms", 
                    "sourceRef": "Malbim Beur Hamilot on Psalms 31:23:1"
                }, 
                {
                    "category": "Commentary", 
                    "sourceHeRef": "רש\"י על תהילים ל״א:כ״ג:א׳", 
                    "index_title": "Rashi on Psalms", 
                    "sourceRef": "Rashi on Psalms 31:23:1"
                }, 
                {
                    "category": "Commentary", 
                    "sourceHeRef": "אבן עזרא על תהילים ל״א:כ״ג:א׳", 
                    "index_title": "Ibn Ezra on Psalms", 
                    "sourceRef": "Ibn Ezra on Psalms 31:23:1"
                }, 
                {
                    "category": "Commentary", 
                    "sourceHeRef": "אבן עזרא על תהילים ל״א:כ״ג:ב׳", 
                    "index_title": "Ibn Ezra on Psalms", 
                    "sourceRef": "Ibn Ezra on Psalms 31:23:2"
                }, 
                {
                    "category": "Commentary", 
                    "sourceHeRef": "מצודת דוד על תהילים ל״א:כ״ג:א׳", 
                    "index_title": "Metzudat David on Psalms", 
                    "sourceRef": "Metzudat David on Psalms 31:23:1"
                }, 
                {
                    "category": "Commentary", 
                    "sourceHeRef": "מצודת דוד על תהילים ל״א:כ״ג:ב׳", 
                    "index_title": "Metzudat David on Psalms", 
                    "sourceRef": "Metzudat David on Psalms 31:23:2"
                }, 
                {
                    "category": "Quoting Commentary", 
                    "sourceHeRef": "שני לוחות הברית, ראה, תורה אור ק״ה", 
                    "index_title": "Shney Luchot HaBrit", 
                    "sourceRef": "Shney Luchot HaBrit, Re'eh, Torah Ohr 105"
                }
            ], 
            "text": "As for me, I said in my haste: 'I am cut off from before Thine eyes'; Nevertheless Thou heardest the voice of my supplications when I cried unto Thee."
        }, 
        {
            "segmentNumber": "24", 
            "he": "אֶֽהֱב֥וּ אֶת־יְהוָ֗ה כָּֽל־חֲסִ֫ידָ֥יו אֱ֭מוּנִים נֹצֵ֣ר יְהוָ֑ה וּמְשַׁלֵּ֥ם עַל־יֶ֝֗תֶר עֹשֵׂ֥ה גַאֲוָֽה׃", 
            "links": [
                {
                    "category": "Musar", 
                    "sourceHeRef": "מסילת ישרים י״ב:ד׳", 
                    "index_title": "Messilat Yesharim", 
                    "sourceRef": "Messilat Yesharim 12:4"
                }, 
                {
                    "category": "Musar", 
                    "sourceHeRef": "מסילת ישרים י״ב:ז׳", 
                    "index_title": "Messilat Yesharim", 
                    "sourceRef": "Messilat Yesharim 12:7"
                }, 
                {
                    "category": "Commentary", 
                    "sourceHeRef": "מלבי\"ם על תהילים ל״א:כ״ד:א׳", 
                    "index_title": "Malbim on Psalms", 
                    "sourceRef": "Malbim on Psalms 31:24:1"
                }, 
                {
                    "category": "Commentary", 
                    "sourceHeRef": "מלבי\"ם על תהילים ל״א:כ״ד:ב׳", 
                    "index_title": "Malbim on Psalms", 
                    "sourceRef": "Malbim on Psalms 31:24:2"
                }, 
                {
                    "category": "Commentary", 
                    "sourceHeRef": "מלבי\"ם על תהילים ל״א:כ״ד:ג׳", 
                    "index_title": "Malbim on Psalms", 
                    "sourceRef": "Malbim on Psalms 31:24:3"
                }, 
                {
                    "category": "Commentary", 
                    "sourceHeRef": "מלבי\"ם על תהילים ל״א:כ״ד:ד׳", 
                    "index_title": "Malbim on Psalms", 
                    "sourceRef": "Malbim on Psalms 31:24:4"
                }, 
                {
                    "category": "Commentary", 
                    "sourceHeRef": "מלבי\"ם על תהילים ל״א:כ״ד:ה׳", 
                    "index_title": "Malbim on Psalms", 
                    "sourceRef": "Malbim on Psalms 31:24:5"
                }, 
                {
                    "category": "Commentary", 
                    "sourceHeRef": "מלבי\"ם באור המילות על תהילים ל״א:כ״ד:א׳", 
                    "index_title": "Malbim Beur Hamilot on Psalms", 
                    "sourceRef": "Malbim Beur Hamilot on Psalms 31:24:1"
                }, 
                {
                    "category": "Commentary", 
                    "sourceHeRef": "רש\"י על תהילים ל״א:כ״ד:א׳", 
                    "index_title": "Rashi on Psalms", 
                    "sourceRef": "Rashi on Psalms 31:24:1"
                }, 
                {
                    "category": "Commentary", 
                    "sourceHeRef": "רש\"י על תהילים ל״א:כ״ד:ב׳", 
                    "index_title": "Rashi on Psalms", 
                    "sourceRef": "Rashi on Psalms 31:24:2"
                }, 
                {
                    "category": "Commentary", 
                    "sourceHeRef": "אבן עזרא על תהילים ל״א:כ״ד:א׳", 
                    "index_title": "Ibn Ezra on Psalms", 
                    "sourceRef": "Ibn Ezra on Psalms 31:24:1"
                }, 
                {
                    "category": "Commentary", 
                    "sourceHeRef": "אבן עזרא על תהילים ל״א:כ״ד:ב׳", 
                    "index_title": "Ibn Ezra on Psalms", 
                    "sourceRef": "Ibn Ezra on Psalms 31:24:2"
                }, 
                {
                    "category": "Commentary", 
                    "sourceHeRef": "אבן עזרא על תהילים ל״א:כ״ד:ג׳", 
                    "index_title": "Ibn Ezra on Psalms", 
                    "sourceRef": "Ibn Ezra on Psalms 31:24:3"
                }, 
                {
                    "category": "Commentary", 
                    "sourceHeRef": "מצודת דוד על תהילים ל״א:כ״ד:א׳", 
                    "index_title": "Metzudat David on Psalms", 
                    "sourceRef": "Metzudat David on Psalms 31:24:1"
                }, 
                {
                    "category": "Commentary", 
                    "sourceHeRef": "מצודת דוד על תהילים ל״א:כ״ד:ב׳", 
                    "index_title": "Metzudat David on Psalms", 
                    "sourceRef": "Metzudat David on Psalms 31:24:2"
                }, 
                {
                    "category": "Quoting Commentary", 
                    "sourceHeRef": "ר' חננאל על שמות י״ד:ל״א:א׳", 
                    "index_title": "Rabbeinu Chananel on Exodus", 
                    "sourceRef": "Rabbeinu Chananel on Exodus 14:31:1"
                }, 
                {
                    "category": "Philosophy", 
                    "sourceHeRef": "נצח ישראל ל׳:ב׳", 
                    "index_title": "Netzach Yisrael", 
                    "sourceRef": "Netzach Yisrael 30:2"
                }, 
                {
                    "category": "Philosophy", 
                    "sourceHeRef": "נצח ישראל ל׳:ג׳", 
                    "index_title": "Netzach Yisrael", 
                    "sourceRef": "Netzach Yisrael 30:3"
                }, 
                {
                    "category": "Midrash", 
                    "sourceHeRef": "מכילתא דרבי ישמעאל ט״ו:א׳:א׳", 
                    "index_title": "Mekhilta d'Rabbi Yishmael", 
                    "sourceRef": "Mekhilta d'Rabbi Yishmael 15:1:1"
                }
            ], 
            "text": "O love the LORD, all ye His godly ones; The LORD preserveth the faithful, And plentifully repayeth him that acteth haughtily."
        }, 
        {
            "segmentNumber": "25", 
            "he": "חִ֭זְקוּ וְיַאֲמֵ֣ץ לְבַבְכֶ֑ם כָּל־הַ֝מְיַחֲלִ֗ים לַיהוָֽה׃", 
            "links": [
                {
                    "category": "Commentary", 
                    "sourceHeRef": "מלבי\"ם על תהילים ל״א:כ״ה:א׳", 
                    "index_title": "Malbim on Psalms", 
                    "sourceRef": "Malbim on Psalms 31:25:1"
                }, 
                {
                    "category": "Commentary", 
                    "sourceHeRef": "מלבי\"ם על תהילים ל״א:כ״ה:ב׳", 
                    "index_title": "Malbim on Psalms", 
                    "sourceRef": "Malbim on Psalms 31:25:2"
                }, 
                {
                    "category": "Commentary", 
                    "sourceHeRef": "מלבי\"ם באור המילות על תהילים ל״א:כ״ה:א׳", 
                    "index_title": "Malbim Beur Hamilot on Psalms", 
                    "sourceRef": "Malbim Beur Hamilot on Psalms 31:25:1"
                }, 
                {
                    "category": "Commentary", 
                    "sourceHeRef": "רש\"י על תהילים ל״א:כ״ה:א׳", 
                    "index_title": "Rashi on Psalms", 
                    "sourceRef": "Rashi on Psalms 31:25:1"
                }, 
                {
                    "category": "Commentary", 
                    "sourceHeRef": "אבן עזרא על תהילים ל״א:כ״ה:א׳", 
                    "index_title": "Ibn Ezra on Psalms", 
                    "sourceRef": "Ibn Ezra on Psalms 31:25:1"
                }, 
                {
                    "category": "Commentary", 
                    "sourceHeRef": "מצודת דוד על תהילים ל״א:כ״ה:א׳", 
                    "index_title": "Metzudat David on Psalms", 
                    "sourceRef": "Metzudat David on Psalms 31:25:1"
                }, 
                {
                    "category": "Midrash", 
                    "sourceHeRef": "מדרש תהילים מ׳:א׳", 
                    "index_title": "Midrash Tehillim", 
                    "sourceRef": "Midrash Tehillim 40:1"
                }
            ], 
            "text": "Be strong, and let your heart take courage, All ye that wait for the LORD."
        }
    ], 
    "book": "Psalms", 
    "prev": "Psalms 30", 
    "textDepth": 2, 
    "sectionNames": [
        "Chapter", 
        "Verse"
    ], 
    "sections": [
        31
    ], 
    "isComplex": false, 
    "titleVariants": [
        "Ps", 
        "Ps.", 
        "Psalms", 
        "Psa", 
        "Tehilim", 
        "Psa.", 
        "Psalm", 
        "Tehillim"
    ], 
    "categories": [
        "Tanakh", 
        "Writings"
    ], 
    "ref": "Psalms 31", 
    "type": "Tanakh", 
    "addressTypes": [
        "Integer", 
        "Integer"
    ], 
    "length": 150, 
    "indexTitle": "Psalms", 
    "heIndexTitle": "תהילים", 
    "alts": [], 
    "order": [
        27, 
        1
    ]
}