{
    "content": [
        {
            "segmentNumber": "1", 
            "he": "בְּצֵ֣את יִ֭שְׂרָאֵל מִמִּצְרָ֑יִם בֵּ֥ית יַ֝עֲקֹ֗ב מֵעַ֥ם לֹעֵֽז׃", 
            "links": [
                {
                    "category": "Commentary", 
                    "index_title": "Metzudat Zion on Psalms", 
                    "sourceHeRef": "מצודת ציון על תהילים קי״ד:א׳:א׳", 
                    "sourceRef": "Metzudat Zion on Psalms 114:1:1"
                }, 
                {
                    "category": "Commentary", 
                    "index_title": "Malbim on Psalms", 
                    "sourceHeRef": "מלבי\"ם על תהילים קי״ד:א׳:א׳", 
                    "sourceRef": "Malbim on Psalms 114:1:1"
                }, 
                {
                    "category": "Commentary", 
                    "index_title": "Malbim on Psalms", 
                    "sourceHeRef": "מלבי\"ם על תהילים קי״ד:א׳:ב׳", 
                    "sourceRef": "Malbim on Psalms 114:1:2"
                }, 
                {
                    "category": "Commentary", 
                    "index_title": "Malbim on Psalms", 
                    "sourceHeRef": "מלבי\"ם על תהילים קי״ד:א׳:ג׳", 
                    "sourceRef": "Malbim on Psalms 114:1:3"
                }, 
                {
                    "category": "Commentary", 
                    "index_title": "Malbim on Psalms", 
                    "sourceHeRef": "מלבי\"ם על תהילים קי״ד:א׳:ד׳", 
                    "sourceRef": "Malbim on Psalms 114:1:4"
                }, 
                {
                    "category": "Commentary", 
                    "index_title": "Malbim on Psalms", 
                    "sourceHeRef": "מלבי\"ם על תהילים קי״ד:א׳:ה׳", 
                    "sourceRef": "Malbim on Psalms 114:1:5"
                }, 
                {
                    "category": "Commentary", 
                    "index_title": "Torah Temimah on Psalms", 
                    "sourceHeRef": "תורה תמימה על תהילים קי״ד:א׳:א׳", 
                    "sourceRef": "Torah Temimah on Psalms 114:1:1"
                }, 
                {
                    "category": "Commentary", 
                    "index_title": "Malbim Beur Hamilot on Psalms", 
                    "sourceHeRef": "מלבי\"ם באור המילות על תהילים קי״ד:א׳:א׳", 
                    "sourceRef": "Malbim Beur Hamilot on Psalms 114:1:1"
                }, 
                {
                    "category": "Commentary", 
                    "index_title": "Rashi on Psalms", 
                    "sourceHeRef": "רש\"י על תהילים קי״ד:א׳:א׳", 
                    "sourceRef": "Rashi on Psalms 114:1:1"
                }, 
                {
                    "category": "Commentary", 
                    "index_title": "Ibn Ezra on Psalms", 
                    "sourceHeRef": "אבן עזרא על תהילים קי״ד:א׳:א׳", 
                    "sourceRef": "Ibn Ezra on Psalms 114:1:1"
                }, 
                {
                    "category": "Commentary", 
                    "index_title": "Metzudat David on Psalms", 
                    "sourceHeRef": "מצודת דוד על תהילים קי״ד:א׳:א׳", 
                    "sourceRef": "Metzudat David on Psalms 114:1:1"
                }, 
                {
                    "category": "Commentary", 
                    "index_title": "Metzudat David on Psalms", 
                    "sourceHeRef": "מצודת דוד על תהילים קי״ד:א׳:ב׳", 
                    "sourceRef": "Metzudat David on Psalms 114:1:2"
                }, 
                {
                    "category": "Talmud", 
                    "index_title": "Pesachim", 
                    "sourceHeRef": "פסחים קי״ז א:צ״ו", 
                    "sourceRef": "Pesachim 117a:96"
                }, 
                {
                    "category": "Talmud", 
                    "index_title": "Pesachim", 
                    "sourceHeRef": "פסחים קי״ח א:מ״ד", 
                    "sourceRef": "Pesachim 118a:44"
                }, 
                {
                    "category": "Tosefta", 
                    "index_title": "Tosefta Berakhot", 
                    "sourceHeRef": "תוספתא ברכות ד׳:ט״ז", 
                    "sourceRef": "Tosefta Berakhot 4:16"
                }, 
                {
                    "category": "Quoting Commentary", 
                    "index_title": "Rashi on Judges", 
                    "sourceHeRef": "רש\"י על שופטים ו׳:י״ג:ב׳", 
                    "sourceRef": "Rashi on Judges 6:13:2"
                }, 
                {
                    "category": "Midrash", 
                    "index_title": "Mekhilta d'Rabbi Yishmael", 
                    "sourceHeRef": "מכילתא דרבי ישמעאל י״ד:כ״ב:ב׳", 
                    "sourceRef": "Mekhilta d'Rabbi Yishmael 14:22:2"
                }, 
                {
                    "category": "Quoting Commentary", 
                    "index_title": "Shney Luchot HaBrit", 
                    "sourceHeRef": "שני לוחות הברית, וישב, מקץ, ויגש, תורה אור קמ״ה", 
                    "sourceRef": "Shney Luchot HaBrit, Vayeshev, Miketz, Vayigash, Torah Ohr 145"
                }, 
                {
                    "category": "Midrash", 
                    "index_title": "Ein Yaakov (Glick Edition)", 
                    "sourceHeRef": "עין יעקב (מאת שמואל צבי גליק) , פסחים י׳:י״ז", 
                    "sourceRef": "Ein Yaakov (Glick Edition), Pesakhim 10:17"
                }, 
                {
                    "category": "Midrash", 
                    "index_title": "Pesikta D'Rav Kahanna", 
                    "sourceHeRef": "פסיקתא דרב כהנא כ״ז:ה׳", 
                    "sourceRef": "Pesikta D'Rav Kahanna 27:5"
                }, 
                {
                    "category": "Midrash", 
                    "index_title": "Midrash Tehillim", 
                    "sourceHeRef": "מדרש תהילים קי״ד:א׳", 
                    "sourceRef": "Midrash Tehillim 114:1"
                }, 
                {
                    "category": "Midrash", 
                    "index_title": "Midrash Tehillim", 
                    "sourceHeRef": "מדרש תהילים קי״ד:ב׳", 
                    "sourceRef": "Midrash Tehillim 114:2"
                }, 
                {
                    "category": "Midrash", 
                    "index_title": "Midrash Tehillim", 
                    "sourceHeRef": "מדרש תהילים קי״ד:ג׳", 
                    "sourceRef": "Midrash Tehillim 114:3"
                }, 
                {
                    "category": "Quoting Commentary", 
                    "index_title": "Gur Aryeh on Shemot", 
                    "sourceHeRef": "גור אריה על שמות י״ד:כ״א:ב׳", 
                    "sourceRef": "Gur Aryeh on Shemot 14:21:2"
                }
            ], 
            "text": "When Israel came forth out of Egypt, The house of Jacob from a people of strange language;"
        }, 
        {
            "segmentNumber": "2", 
            "he": "הָיְתָ֣ה יְהוּדָ֣ה לְקָדְשׁ֑וֹ יִ֝שְׂרָאֵ֗ל מַמְשְׁלוֹתָֽיו׃", 
            "links": [
                {
                    "category": "Commentary", 
                    "index_title": "Malbim on Psalms", 
                    "sourceHeRef": "מלבי\"ם על תהילים קי״ד:ב׳:א׳", 
                    "sourceRef": "Malbim on Psalms 114:2:1"
                }, 
                {
                    "category": "Commentary", 
                    "index_title": "Malbim on Psalms", 
                    "sourceHeRef": "מלבי\"ם על תהילים קי״ד:ב׳:ב׳", 
                    "sourceRef": "Malbim on Psalms 114:2:2"
                }, 
                {
                    "category": "Commentary", 
                    "index_title": "Malbim on Psalms", 
                    "sourceHeRef": "מלבי\"ם על תהילים קי״ד:ב׳:ג׳", 
                    "sourceRef": "Malbim on Psalms 114:2:3"
                }, 
                {
                    "category": "Commentary", 
                    "index_title": "Malbim on Psalms", 
                    "sourceHeRef": "מלבי\"ם על תהילים קי״ד:ב׳:ד׳", 
                    "sourceRef": "Malbim on Psalms 114:2:4"
                }, 
                {
                    "category": "Commentary", 
                    "index_title": "Malbim Beur Hamilot on Psalms", 
                    "sourceHeRef": "מלבי\"ם באור המילות על תהילים קי״ד:ב׳:א׳", 
                    "sourceRef": "Malbim Beur Hamilot on Psalms 114:2:1"
                }, 
                {
                    "category": "Commentary", 
                    "index_title": "Rashi on Psalms", 
                    "sourceHeRef": "רש\"י על תהילים קי״ד:ב׳:א׳", 
                    "sourceRef": "Rashi on Psalms 114:2:1"
                }, 
                {
                    "category": "Commentary", 
                    "index_title": "Ibn Ezra on Psalms", 
                    "sourceHeRef": "אבן עזרא על תהילים קי״ד:ב׳:א׳", 
                    "sourceRef": "Ibn Ezra on Psalms 114:2:1"
                }, 
                {
                    "category": "Commentary", 
                    "index_title": "Ibn Ezra on Psalms", 
                    "sourceHeRef": "אבן עזרא על תהילים קי״ד:ב׳:ב׳", 
                    "sourceRef": "Ibn Ezra on Psalms 114:2:2"
                }, 
                {
                    "category": "Commentary", 
                    "index_title": "Metzudat David on Psalms", 
                    "sourceHeRef": "מצודת דוד על תהילים קי״ד:ב׳:א׳", 
                    "sourceRef": "Metzudat David on Psalms 114:2:1"
                }, 
                {
                    "category": "Talmud", 
                    "index_title": "Sotah", 
                    "sourceHeRef": "סוטה ל״ז א:ט״ז", 
                    "sourceRef": "Sotah 37a:16"
                }, 
                {
                    "category": "Tanakh", 
                    "index_title": "Psalms", 
                    "sourceHeRef": "תהילים ס״ח:כ״ח", 
                    "sourceRef": "Psalms 68:28"
                }, 
                {
                    "category": "Midrash", 
                    "index_title": "Ein Yaakov (Glick Edition)", 
                    "sourceHeRef": "עין יעקב (מאת שמואל צבי גליק) , סוטה ז׳:כ״א", 
                    "sourceRef": "Ein Yaakov (Glick Edition), Sotah 7:21"
                }, 
                {
                    "category": "Midrash", 
                    "index_title": "Midrash Tehillim", 
                    "sourceHeRef": "מדרש תהילים ע״ו:א׳", 
                    "sourceRef": "Midrash Tehillim 76:1"
                }, 
                {
                    "category": "Midrash", 
                    "index_title": "Midrash Tehillim", 
                    "sourceHeRef": "מדרש תהילים קי״ד:ד׳", 
                    "sourceRef": "Midrash Tehillim 114:4"
                }, 
                {
                    "category": "Chasidut", 
                    "index_title": "Kedushat Levi", 
                    "sourceHeRef": "קדושת לוי, שמות, בשלח כ״ח", 
                    "sourceRef": "Kedushat Levi, Exodus, Beshalach 28"
                }
            ], 
            "text": "Judah became His sanctuary, Israel His dominion."
        }, 
        {
            "segmentNumber": "3", 
            "he": "הַיָּ֣ם רָ֭אָה וַיָּנֹ֑ס הַ֝יַּרְדֵּ֗ן יִסֹּ֥ב לְאָחֽוֹר׃", 
            "links": [
                {
                    "category": "Commentary", 
                    "index_title": "Metzudat Zion on Psalms", 
                    "sourceHeRef": "מצודת ציון על תהילים קי״ד:ג׳:א׳", 
                    "sourceRef": "Metzudat Zion on Psalms 114:3:1"
                }, 
                {
                    "category": "Commentary", 
                    "index_title": "Malbim on Psalms", 
                    "sourceHeRef": "מלבי\"ם על תהילים קי״ד:ג׳:א׳", 
                    "sourceRef": "Malbim on Psalms 114:3:1"
                }, 
                {
                    "category": "Commentary", 
                    "index_title": "Rashi on Psalms", 
                    "sourceHeRef": "רש\"י על תהילים קי״ד:ג׳:א׳", 
                    "sourceRef": "Rashi on Psalms 114:3:1"
                }, 
                {
                    "category": "Commentary", 
                    "index_title": "Ibn Ezra on Psalms", 
                    "sourceHeRef": "אבן עזרא על תהילים קי״ד:ג׳:א׳", 
                    "sourceRef": "Ibn Ezra on Psalms 114:3:1"
                }, 
                {
                    "category": "Commentary", 
                    "index_title": "Metzudat David on Psalms", 
                    "sourceHeRef": "מצודת דוד על תהילים קי״ד:ג׳:א׳", 
                    "sourceRef": "Metzudat David on Psalms 114:3:1"
                }, 
                {
                    "category": "Commentary", 
                    "index_title": "Metzudat David on Psalms", 
                    "sourceHeRef": "מצודת דוד על תהילים קי״ד:ג׳:ב׳", 
                    "sourceRef": "Metzudat David on Psalms 114:3:2"
                }, 
                {
                    "category": "Midrash", 
                    "index_title": "Shemot Rabbah", 
                    "sourceHeRef": "שמות רבה כ״א:ו׳", 
                    "sourceRef": "Shemot Rabbah 21:6"
                }, 
                {
                    "category": "Midrash", 
                    "index_title": "Mekhilta d'Rabbi Yishmael", 
                    "sourceHeRef": "מכילתא דרבי ישמעאל י״ד:ט״ו:ב׳", 
                    "sourceRef": "Mekhilta d'Rabbi Yishmael 14:15:2"
                }, 
                {
                    "category": "Talmud", 
                    "index_title": "Pesachim", 
                    "sourceHeRef": "פסחים קי״ח א:מ״ד", 
                    "sourceRef": "Pesachim 118a:44"
                }, 
                {
                    "category": "Musar", 
                    "index_title": "Pele Yoetz", 
                    "sourceHeRef": "פלא יועץ רי״א:ז׳", 
                    "sourceRef": "Pele Yoetz 211:7"
                }, 
                {
                    "category": "Quoting Commentary", 
                    "index_title": "Kli Yakar on Exodus", 
                    "sourceHeRef": "כלי יקר על שמות י״ג:י״ט:ב׳", 
                    "sourceRef": "Kli Yakar on Exodus 13:19:2"
                }, 
                {
                    "category": "Quoting Commentary", 
                    "index_title": "Rashbam on Leviticus", 
                    "sourceHeRef": "רשב\"ם על ויקרא כ״ו:ל״ה:ב׳", 
                    "sourceRef": "Rashbam on Leviticus 26:35:2"
                }, 
                {
                    "category": "Quoting Commentary", 
                    "index_title": "Daat Zkenim on Genesis", 
                    "sourceHeRef": "דעת זקנים על בראשית ל״ט:י״ב:ב׳", 
                    "sourceRef": "Daat Zkenim on Genesis 39:12:2"
                }, 
                {
                    "category": "Quoting Commentary", 
                    "index_title": "Daat Zkenim on Genesis", 
                    "sourceHeRef": "דעת זקנים על בראשית ל״ט:ט״ו:א׳", 
                    "sourceRef": "Daat Zkenim on Genesis 39:15:1"
                }, 
                {
                    "category": "Midrash", 
                    "index_title": "Mekhilta DeRabbi Shimon Bar Yochai", 
                    "sourceHeRef": "מכילתא דרבי שמעון בר יוחאי י״ד:י״ד", 
                    "sourceRef": "Mekhilta DeRabbi Shimon Bar Yochai 14:14"
                }, 
                {
                    "category": "Midrash", 
                    "index_title": "Mekhilta d'Rabbi Yishmael", 
                    "sourceHeRef": "מכילתא דרבי ישמעאל י״ד:כ״א:א׳", 
                    "sourceRef": "Mekhilta d'Rabbi Yishmael 14:21:1"
                }, 
                {
                    "category": "Kabbalah", 
                    "index_title": "Tikkunei Zohar", 
                    "sourceHeRef": "תקוני הזהר קי״א ב:א׳", 
                    "sourceRef": "Tikkunei Zohar 111b:1"
                }, 
                {
                    "category": "Tanakh", 
                    "index_title": "Joshua", 
                    "sourceHeRef": "יהושע ד׳:י״ט", 
                    "sourceRef": "Joshua 4:19"
                }, 
                {
                    "category": "Chasidut", 
                    "index_title": "Kedushat Levi", 
                    "sourceHeRef": "קדושת לוי, ליקוטים קס״ו", 
                    "sourceRef": "Kedushat Levi, Likutim 166"
                }, 
                {
                    "category": "Chasidut", 
                    "index_title": "Kedushat Levi", 
                    "sourceHeRef": "קדושת לוי, ליקוטים קס״ח", 
                    "sourceRef": "Kedushat Levi, Likutim 168"
                }
            ], 
            "text": "The sea saw it, and fled; The Jordan turned backward."
        }, 
        {
            "segmentNumber": "4", 
            "he": "הֶֽ֭הָרִים רָקְד֣וּ כְאֵילִ֑ים גְּ֝בָע֗וֹת כִּבְנֵי־צֹֽאן׃", 
            "links": [
                {
                    "category": "Commentary", 
                    "index_title": "Metzudat Zion on Psalms", 
                    "sourceHeRef": "מצודת ציון על תהילים קי״ד:ד׳:א׳", 
                    "sourceRef": "Metzudat Zion on Psalms 114:4:1"
                }, 
                {
                    "category": "Commentary", 
                    "index_title": "Malbim on Psalms", 
                    "sourceHeRef": "מלבי\"ם על תהילים קי״ד:ד׳:א׳", 
                    "sourceRef": "Malbim on Psalms 114:4:1"
                }, 
                {
                    "category": "Commentary", 
                    "index_title": "Malbim on Psalms", 
                    "sourceHeRef": "מלבי\"ם על תהילים קי״ד:ד׳:ב׳", 
                    "sourceRef": "Malbim on Psalms 114:4:2"
                }, 
                {
                    "category": "Commentary", 
                    "index_title": "Malbim on Psalms", 
                    "sourceHeRef": "מלבי\"ם על תהילים קי״ד:ד׳:ג׳", 
                    "sourceRef": "Malbim on Psalms 114:4:3"
                }, 
                {
                    "category": "Commentary", 
                    "index_title": "Malbim on Psalms", 
                    "sourceHeRef": "מלבי\"ם על תהילים קי״ד:ד׳:ד׳", 
                    "sourceRef": "Malbim on Psalms 114:4:4"
                }, 
                {
                    "category": "Commentary", 
                    "index_title": "Malbim Beur Hamilot on Psalms", 
                    "sourceHeRef": "מלבי\"ם באור המילות על תהילים קי״ד:ד׳:א׳", 
                    "sourceRef": "Malbim Beur Hamilot on Psalms 114:4:1"
                }, 
                {
                    "category": "Commentary", 
                    "index_title": "Ibn Ezra on Psalms", 
                    "sourceHeRef": "אבן עזרא על תהילים קי״ד:ד׳:א׳", 
                    "sourceRef": "Ibn Ezra on Psalms 114:4:1"
                }, 
                {
                    "category": "Commentary", 
                    "index_title": "Metzudat David on Psalms", 
                    "sourceHeRef": "מצודת דוד על תהילים קי״ד:ד׳:א׳", 
                    "sourceRef": "Metzudat David on Psalms 114:4:1"
                }, 
                {
                    "category": "Talmud", 
                    "index_title": "Pesachim", 
                    "sourceHeRef": "פסחים קי״ח א:מ״ד", 
                    "sourceRef": "Pesachim 118a:44"
                }, 
                {
                    "category": "Quoting Commentary", 
                    "index_title": "Ramban on Exodus", 
                    "sourceHeRef": "רמב\"ן על שמות כ׳:ט״ו:א׳", 
                    "sourceRef": "Ramban on Exodus 20:15:1"
                }, 
                {
                    "category": "Quoting Commentary", 
                    "index_title": "Kli Yakar on Genesis", 
                    "sourceHeRef": "כלי יקר על בראשית מ״ה:ד׳:א׳", 
                    "sourceRef": "Kli Yakar on Genesis 45:4:1"
                }, 
                {
                    "category": "Midrash", 
                    "index_title": "Midrash Tehillim", 
                    "sourceHeRef": "מדרש תהילים קמ״ט:א׳", 
                    "sourceRef": "Midrash Tehillim 149:1"
                }
            ], 
            "text": "The mountains skipped like rams, The hills like young sheep."
        }, 
        {
            "segmentNumber": "5", 
            "he": "מַה־לְּךָ֣ הַ֭יָּם כִּ֣י תָנ֑וּס הַ֝יַּרְדֵּ֗ן תִּסֹּ֥ב לְאָחֽוֹר׃", 
            "links": [
                {
                    "category": "Commentary", 
                    "index_title": "Malbim on Psalms", 
                    "sourceHeRef": "מלבי\"ם על תהילים קי״ד:ה׳:א׳", 
                    "sourceRef": "Malbim on Psalms 114:5:1"
                }, 
                {
                    "category": "Commentary", 
                    "index_title": "Malbim on Psalms", 
                    "sourceHeRef": "מלבי\"ם על תהילים קי״ד:ה׳:ב׳", 
                    "sourceRef": "Malbim on Psalms 114:5:2"
                }, 
                {
                    "category": "Commentary", 
                    "index_title": "Ibn Ezra on Psalms", 
                    "sourceHeRef": "אבן עזרא על תהילים קי״ד:ה׳:א׳", 
                    "sourceRef": "Ibn Ezra on Psalms 114:5:1"
                }, 
                {
                    "category": "Commentary", 
                    "index_title": "Ibn Ezra on Psalms", 
                    "sourceHeRef": "אבן עזרא על תהילים קי״ד:ה׳:ב׳", 
                    "sourceRef": "Ibn Ezra on Psalms 114:5:2"
                }, 
                {
                    "category": "Commentary", 
                    "index_title": "Ibn Ezra on Psalms", 
                    "sourceHeRef": "אבן עזרא על תהילים קי״ד:ה׳:ג׳", 
                    "sourceRef": "Ibn Ezra on Psalms 114:5:3"
                }, 
                {
                    "category": "Commentary", 
                    "index_title": "Metzudat David on Psalms", 
                    "sourceHeRef": "מצודת דוד על תהילים קי״ד:ה׳:א׳", 
                    "sourceRef": "Metzudat David on Psalms 114:5:1"
                }, 
                {
                    "category": "Quoting Commentary", 
                    "index_title": "Ramban on Exodus", 
                    "sourceHeRef": "רמב\"ן על שמות ט״ו:ב׳:א׳", 
                    "sourceRef": "Ramban on Exodus 15:2:1"
                }, 
                {
                    "category": "Midrash", 
                    "index_title": "Midrash Tehillim", 
                    "sourceHeRef": "מדרש תהילים קי״ד:ה׳", 
                    "sourceRef": "Midrash Tehillim 114:5"
                }
            ], 
            "text": "What aileth thee, O thou sea, that thou fleest? Thou Jordan, that thou turnest backward?"
        }, 
        {
            "segmentNumber": "6", 
            "he": "הֶֽ֭הָרִים תִּרְקְד֣וּ כְאֵילִ֑ים גְּ֝בָע֗וֹת כִּבְנֵי־צֹֽאן׃", 
            "links": [
                {
                    "category": "Commentary", 
                    "index_title": "Metzudat David on Psalms", 
                    "sourceHeRef": "מצודת דוד על תהילים קי״ד:ו׳:א׳", 
                    "sourceRef": "Metzudat David on Psalms 114:6:1"
                }, 
                {
                    "category": "Midrash", 
                    "index_title": "Midrash Tehillim", 
                    "sourceHeRef": "מדרש תהילים י״ג:ז׳", 
                    "sourceRef": "Midrash Tehillim 13:7"
                }
            ], 
            "text": "Ye mountains, that ye skip like rams; Ye hills, like young sheep?"
        }, 
        {
            "segmentNumber": "7", 
            "he": "מִלִּפְנֵ֣י אָ֭דוֹן ח֣וּלִי אָ֑רֶץ מִ֝לִּפְנֵ֗י אֱל֣וֹהַּ יַעֲקֹֽב׃", 
            "links": [
                {
                    "category": "Commentary", 
                    "index_title": "Metzudat Zion on Psalms", 
                    "sourceHeRef": "מצודת ציון על תהילים קי״ד:ז׳:א׳", 
                    "sourceRef": "Metzudat Zion on Psalms 114:7:1"
                }, 
                {
                    "category": "Commentary", 
                    "index_title": "Malbim on Psalms", 
                    "sourceHeRef": "מלבי\"ם על תהילים קי״ד:ז׳:א׳", 
                    "sourceRef": "Malbim on Psalms 114:7:1"
                }, 
                {
                    "category": "Commentary", 
                    "index_title": "Malbim on Psalms", 
                    "sourceHeRef": "מלבי\"ם על תהילים קי״ד:ז׳:ב׳", 
                    "sourceRef": "Malbim on Psalms 114:7:2"
                }, 
                {
                    "category": "Commentary", 
                    "index_title": "Malbim on Psalms", 
                    "sourceHeRef": "מלבי\"ם על תהילים קי״ד:ז׳:ג׳", 
                    "sourceRef": "Malbim on Psalms 114:7:3"
                }, 
                {
                    "category": "Commentary", 
                    "index_title": "Malbim on Psalms", 
                    "sourceHeRef": "מלבי\"ם על תהילים קי״ד:ז׳:ד׳", 
                    "sourceRef": "Malbim on Psalms 114:7:4"
                }, 
                {
                    "category": "Commentary", 
                    "index_title": "Malbim Beur Hamilot on Psalms", 
                    "sourceHeRef": "מלבי\"ם באור המילות על תהילים קי״ד:ז׳:א׳", 
                    "sourceRef": "Malbim Beur Hamilot on Psalms 114:7:1"
                }, 
                {
                    "category": "Commentary", 
                    "index_title": "Rashi on Psalms", 
                    "sourceHeRef": "רש\"י על תהילים קי״ד:ז׳:א׳", 
                    "sourceRef": "Rashi on Psalms 114:7:1"
                }, 
                {
                    "category": "Commentary", 
                    "index_title": "Ibn Ezra on Psalms", 
                    "sourceHeRef": "אבן עזרא על תהילים קי״ד:ז׳:א׳", 
                    "sourceRef": "Ibn Ezra on Psalms 114:7:1"
                }, 
                {
                    "category": "Commentary", 
                    "index_title": "Metzudat David on Psalms", 
                    "sourceHeRef": "מצודת דוד על תהילים קי״ד:ז׳:א׳", 
                    "sourceRef": "Metzudat David on Psalms 114:7:1"
                }, 
                {
                    "category": "Quoting Commentary", 
                    "index_title": "Ramban on Numbers", 
                    "sourceHeRef": "רמב\"ן על במדבר כ׳:ח׳:א׳", 
                    "sourceRef": "Ramban on Numbers 20:8:1"
                }, 
                {
                    "category": "Philosophy", 
                    "index_title": "Ohr Chadash", 
                    "sourceHeRef": "אור חדש ו׳:א׳", 
                    "sourceRef": "Ohr Chadash 6:1"
                }, 
                {
                    "category": "Chasidut", 
                    "index_title": "Kedushat Levi", 
                    "sourceHeRef": "קדושת לוי, שמות, דרוש לפורים כ״ט", 
                    "sourceRef": "Kedushat Levi, Exodus, Homily for Purim 29"
                }
            ], 
            "text": "Tremble, thou earth, at the presence of the Lord, At the presence of the God of Jacob;"
        }, 
        {
            "segmentNumber": "8", 
            "he": "הַהֹפְכִ֣י הַצּ֣וּר אֲגַם־מָ֑יִם חַ֝לָּמִ֗ישׁ לְמַעְיְנוֹ־מָֽיִם׃", 
            "links": [
                {
                    "category": "Quoting Commentary", 
                    "index_title": "Ibn Ezra on Genesis", 
                    "sourceHeRef": "אבן עזרא על בראשית א׳:כ״ד:ד׳", 
                    "sourceRef": "Ibn Ezra on Genesis 1:24:4"
                }, 
                {
                    "category": "Commentary", 
                    "index_title": "Metzudat Zion on Psalms", 
                    "sourceHeRef": "מצודת ציון על תהילים קי״ד:ח׳:א׳", 
                    "sourceRef": "Metzudat Zion on Psalms 114:8:1"
                }, 
                {
                    "category": "Commentary", 
                    "index_title": "Metzudat Zion on Psalms", 
                    "sourceHeRef": "מצודת ציון על תהילים קי״ד:ח׳:ב׳", 
                    "sourceRef": "Metzudat Zion on Psalms 114:8:2"
                }, 
                {
                    "category": "Commentary", 
                    "index_title": "Metzudat Zion on Psalms", 
                    "sourceHeRef": "מצודת ציון על תהילים קי״ד:ח׳:ג׳", 
                    "sourceRef": "Metzudat Zion on Psalms 114:8:3"
                }, 
                {
                    "category": "Commentary", 
                    "index_title": "Metzudat Zion on Psalms", 
                    "sourceHeRef": "מצודת ציון על תהילים קי״ד:ח׳:ד׳", 
                    "sourceRef": "Metzudat Zion on Psalms 114:8:4"
                }, 
                {
                    "category": "Commentary", 
                    "index_title": "Malbim on Psalms", 
                    "sourceHeRef": "מלבי\"ם על תהילים קי״ד:ח׳:א׳", 
                    "sourceRef": "Malbim on Psalms 114:8:1"
                }, 
                {
                    "category": "Commentary", 
                    "index_title": "Malbim on Psalms", 
                    "sourceHeRef": "מלבי\"ם על תהילים קי״ד:ח׳:ב׳", 
                    "sourceRef": "Malbim on Psalms 114:8:2"
                }, 
                {
                    "category": "Commentary", 
                    "index_title": "Malbim on Psalms", 
                    "sourceHeRef": "מלבי\"ם על תהילים קי״ד:ח׳:ג׳", 
                    "sourceRef": "Malbim on Psalms 114:8:3"
                }, 
                {
                    "category": "Commentary", 
                    "index_title": "Torah Temimah on Psalms", 
                    "sourceHeRef": "תורה תמימה על תהילים קי״ד:ח׳:א׳", 
                    "sourceRef": "Torah Temimah on Psalms 114:8:1"
                }, 
                {
                    "category": "Commentary", 
                    "index_title": "Malbim Beur Hamilot on Psalms", 
                    "sourceHeRef": "מלבי\"ם באור המילות על תהילים קי״ד:ח׳:א׳", 
                    "sourceRef": "Malbim Beur Hamilot on Psalms 114:8:1"
                }, 
                {
                    "category": "Commentary", 
                    "index_title": "Malbim Beur Hamilot on Psalms", 
                    "sourceHeRef": "מלבי\"ם באור המילות על תהילים קי״ד:ח׳:ב׳", 
                    "sourceRef": "Malbim Beur Hamilot on Psalms 114:8:2"
                }, 
                {
                    "category": "Commentary", 
                    "index_title": "Rashi on Psalms", 
                    "sourceHeRef": "רש\"י על תהילים קי״ד:ח׳:א׳", 
                    "sourceRef": "Rashi on Psalms 114:8:1"
                }, 
                {
                    "category": "Commentary", 
                    "index_title": "Ibn Ezra on Psalms", 
                    "sourceHeRef": "אבן עזרא על תהילים קי״ד:ח׳:א׳", 
                    "sourceRef": "Ibn Ezra on Psalms 114:8:1"
                }, 
                {
                    "category": "Commentary", 
                    "index_title": "Metzudat David on Psalms", 
                    "sourceHeRef": "מצודת דוד על תהילים קי״ד:ח׳:א׳", 
                    "sourceRef": "Metzudat David on Psalms 114:8:1"
                }, 
                {
                    "category": "Commentary", 
                    "index_title": "Metzudat David on Psalms", 
                    "sourceHeRef": "מצודת דוד על תהילים קי״ד:ח׳:ב׳", 
                    "sourceRef": "Metzudat David on Psalms 114:8:2"
                }, 
                {
                    "category": "Talmud", 
                    "index_title": "Pesachim", 
                    "sourceHeRef": "פסחים קי״ז א:צ״ג", 
                    "sourceRef": "Pesachim 117a:93"
                }, 
                {
                    "category": "Quoting Commentary", 
                    "index_title": "Ramban on Numbers", 
                    "sourceHeRef": "רמב\"ן על במדבר כ׳:ח׳:ג׳", 
                    "sourceRef": "Ramban on Numbers 20:8:3"
                }, 
                {
                    "category": "Quoting Commentary", 
                    "index_title": "Ramban on Deuteronomy", 
                    "sourceHeRef": "רמב\"ן על דברים ח׳:ז׳:א׳", 
                    "sourceRef": "Ramban on Deuteronomy 8:7:1"
                }, 
                {
                    "category": "Quoting Commentary", 
                    "index_title": "Shadal on Genesis", 
                    "sourceHeRef": "שד\"ל על בראשית א׳:כ״ד:ו׳", 
                    "sourceRef": "Shadal on Genesis 1:24:6"
                }, 
                {
                    "category": "Quoting Commentary", 
                    "index_title": "Ramban on Numbers", 
                    "sourceHeRef": "רמב\"ן על במדבר כ׳:ח׳:א׳", 
                    "sourceRef": "Ramban on Numbers 20:8:1"
                }, 
                {
                    "category": "Quoting Commentary", 
                    "index_title": "Rashi on Deuteronomy", 
                    "sourceHeRef": "רש\"י על דברים ל״ב:י״ג:ט׳", 
                    "sourceRef": "Rashi on Deuteronomy 32:13:9"
                }, 
                {
                    "category": "Quoting Commentary", 
                    "index_title": "Rashi on Numbers", 
                    "sourceHeRef": "רש\"י על במדבר כ״ג:י״ח:ב׳", 
                    "sourceRef": "Rashi on Numbers 23:18:2"
                }, 
                {
                    "category": "Quoting Commentary", 
                    "index_title": "Rashi on Numbers", 
                    "sourceHeRef": "רש\"י על במדבר כ״ד:ג׳:א׳", 
                    "sourceRef": "Rashi on Numbers 24:3:1"
                }, 
                {
                    "category": "Quoting Commentary", 
                    "index_title": "Rashi on Deuteronomy", 
                    "sourceHeRef": "רש\"י על דברים ל״ב:י״ג:ח׳", 
                    "sourceRef": "Rashi on Deuteronomy 32:13:8"
                }, 
                {
                    "category": "Quoting Commentary", 
                    "index_title": "Sforno on Deuteronomy", 
                    "sourceHeRef": "ספורנו על דברים ח׳:ט״ו:א׳", 
                    "sourceRef": "Sforno on Deuteronomy 8:15:1"
                }, 
                {
                    "category": "Mishnah", 
                    "index_title": "Mishnah Pesachim", 
                    "sourceHeRef": "משנה פסחים י׳:ו׳", 
                    "sourceRef": "Mishnah Pesachim 10:6"
                }, 
                {
                    "category": "Tosefta", 
                    "index_title": "Tosefta Pesachim", 
                    "sourceHeRef": "תוספתא פסחים י׳:ו׳", 
                    "sourceRef": "Tosefta Pesachim 10:6"
                }, 
                {
                    "category": "Halakhah", 
                    "index_title": "Mishneh Torah, Scroll of Esther and Hanukkah", 
                    "sourceHeRef": "משנה תורה, הלכות מגילה וחנוכה ג׳:ח׳", 
                    "sourceRef": "Mishneh Torah, Scroll of Esther and Hanukkah 3:8"
                }
            ], 
            "text": "Who turned the rock into a pool of water, The flint into a fountain of waters."
        }
    ], 
    "heTitle": "תהילים", 
    "indexTitle": "Psalms", 
    "sectionRef": "Psalms 114", 
    "prev": "Psalms 113", 
    "ref": "Psalms 114", 
    "heRef": "תהילים קי״ד", 
    "next": "Psalms 115"
}