{
    "heTitleVariants": [
        "רשב״א על חולין"
    ], 
    "heTitle": "רשב״א על חולין צ״ה ב", 
    "content": [
        {
            "segmentNumber": "1", 
            "he": "<b>תדע דהא מהדרינן אבידתא בסימנים. </b>פירוש כל אדם ולא מהדרי בטביעות עינא כדאיתא בב\"מ (כד, א) הוה ס\"ד משום צורבא מדרבנן פקיע טפי ומידק דייק בכל מילי טפי משאר אינשי דעלמא.", 
            "links": [
                {
                    "category": "Talmud", 
                    "sourceHeRef": "חולין צ״ה ב:צ״ב-צ״ג", 
                    "sourceRef": "Chullin 95b:92-93", 
                    "ref": "Chullin 95b.92-93"
                }
            ], 
            "text": ""
        }
    ], 
    "heRef": "רשב״א על חולין צ״ה ב", 
    "toSections": [
        "95b"
    ], 
    "sectionRef": "Rashba on Chullin 95b", 
    "title": "Rashba on Chullin 95b", 
    "next": "Rashba on Chullin 96a", 
    "heBook": "רשב״א על חולין", 
    "book": "Rashba on Chullin", 
    "prev": "Rashba on Chullin 95a", 
    "textDepth": 2, 
    "sectionNames": [
        "Daf", 
        "Comment"
    ], 
    "sections": [
        "95b"
    ], 
    "isComplex": false, 
    "titleVariants": [
        "Rashba on Chullin"
    ], 
    "categories": [
        "Commentary2", 
        "Talmud", 
        "Rashba"
    ], 
    "ref": "Rashba on Chullin 95b", 
    "type": "Commentary2", 
    "addressTypes": [
        "Talmud", 
        "Integer"
    ], 
    "indexTitle": "Rashba on Chullin", 
    "heIndexTitle": "רשב״א על חולין", 
    "alts": [], 
    "order": ""
}