{
    "heTitleVariants": [
        "ברטנורא על נגעים", 
        "עובדיה מברטנורא על משנה נגעים", 
        "ברטנורא על משנה נגעים", 
        "ר' עובדיה מברטנורא על נגעים", 
        "עובדיה מברטנורא על נגעים", 
        "ר' עובדיה מברטנורא על משנה נגעים"
    ], 
    "heTitle": "ברטנורא על משנה נגעים", 
    "commentaryBook": "Mishnah Negaim", 
    "heRef": "ברטנורא על משנה נגעים י׳", 
    "toSections": [
        10
    ], 
    "sectionRef": "Bartenura on Mishnah Negaim 10", 
    "title": "Bartenura on Mishnah Negaim 10", 
    "lengths": [
        14, 
        115
    ], 
    "next": "Bartenura on Mishnah Negaim 11:1", 
    "content": [
        {
            "segmentNumber": "1", 
            "he": [
                "<b>הנתקים</b> נגעים שבראש או בזקן, קרויין נתקים, על שם שהשער ניתק ונופל ונושר מחמת הנגע . והנתקים אין מיטמאין בארבעה מראות כנגע שבמקום בשר, אלא מיטמאים בכל מראות:", 
                "<b> בשער צהוב</b> דומה לתבנית זהב:", 
                "<b> דק לקוי קצר</b> מה שאמרה תורה ובו שער צהוב דק, משמעותו לקוי קצר:", 
                "<b> אפילו ארוך</b> שאין משמעות דק אלא רקיק:", 
                "<b> מה הלשון אומרים</b> מלשון בני אדם אתה למד. כשאומרים קנה זה דק, מה משמעו, בין לקוי קצר בין לקוי ארוך. ואית ספרים דגרסי, ולא לקוי ארוך. בתמיהה. כלומר שמא לקוי קצר ולא לקוי ארוך:", 
                "<b> נלמד מן השער</b> דרך בני אדם כשאומרים על השער שהוא דק, על הלקוי קצר אומרים, ולא על הלקוי הארוך. והלכה כר' עקיבא:\n\n"
            ], 
            "links": [
                {
                    "category": "Commentary", 
                    "sourceHeRef": "עיקר תוספות יום טוב על משנה נגעים י׳:א׳:א׳", 
                    "sourceRef": "Ikar Tosafot Yom Tov on Mishnah Negaim 10:1:1", 
                    "ref": "Ikar Tosafot Yom Tov on Mishnah Negaim 10:1:1"
                }, 
                {
                    "category": "Mishnah", 
                    "sourceHeRef": "משנה נגעים י׳:א׳", 
                    "sourceRef": "Mishnah Negaim 10:1", 
                    "ref": "Mishnah Negaim 10:1"
                }, 
                {
                    "category": "Mishnah", 
                    "sourceHeRef": "משנה נגעים י׳:א׳", 
                    "sourceRef": "Mishnah Negaim 10:1", 
                    "ref": "Mishnah Negaim 10:1"
                }, 
                {
                    "category": "Mishnah", 
                    "sourceHeRef": "משנה נגעים י׳:א׳", 
                    "sourceRef": "Mishnah Negaim 10:1", 
                    "ref": "Mishnah Negaim 10:1"
                }, 
                {
                    "category": "Mishnah", 
                    "sourceHeRef": "משנה נגעים י׳:א׳", 
                    "sourceRef": "Mishnah Negaim 10:1", 
                    "ref": "Mishnah Negaim 10:1"
                }, 
                {
                    "category": "Mishnah", 
                    "sourceHeRef": "משנה נגעים י׳:א׳", 
                    "sourceRef": "Mishnah Negaim 10:1", 
                    "ref": "Mishnah Negaim 10:1"
                }, 
                {
                    "category": "Mishnah", 
                    "sourceHeRef": "משנה נגעים י׳:א׳", 
                    "sourceRef": "Mishnah Negaim 10:1", 
                    "ref": "Mishnah Negaim 10:1"
                }
            ], 
            "text": ""
        }, 
        {
            "segmentNumber": "2", 
            "he": [
                "<b>מכונס</b> שתי שערות  במקום אחד:", 
                "<b> מפוזר</b> אחד במזרח הנגע ואחד במערבו:", 
                "<b> מבוצר</b> שהשער באמצע הנתק, כמבצר שהוא באמצע העיר:", 
                "<b> הפור</b> שנהפך השער לצהוב מחמת הנתק, כגון שהנתק קדם לשער [צהוב]:", 
                "<b> שאינו הפוך</b> שקדם שער צהוב לנתק:", 
                "<b> שאין שער אחר מציל מידו</b> שאם יש בנגע שתי שערות לבנות, אפילו מלא שערות שחורות אינן מצילות (על השתי) שערות לבנות שלא יטמאו. אבל שער צהוב, אם יש עמו [שתי] שערות שחורות אינו מטמא. והלכה כר' יהודה:\n\n"
            ], 
            "links": [
                {
                    "category": "Commentary", 
                    "sourceHeRef": "עיקר תוספות יום טוב על משנה נגעים י׳:ב׳:א׳", 
                    "sourceRef": "Ikar Tosafot Yom Tov on Mishnah Negaim 10:2:1", 
                    "ref": "Ikar Tosafot Yom Tov on Mishnah Negaim 10:2:1"
                }, 
                {
                    "category": "Mishnah", 
                    "sourceHeRef": "משנה נגעים י׳:ב׳", 
                    "sourceRef": "Mishnah Negaim 10:2", 
                    "ref": "Mishnah Negaim 10:2"
                }, 
                {
                    "category": "Mishnah", 
                    "sourceHeRef": "משנה נגעים י׳:ב׳", 
                    "sourceRef": "Mishnah Negaim 10:2", 
                    "ref": "Mishnah Negaim 10:2"
                }, 
                {
                    "category": "Mishnah", 
                    "sourceHeRef": "משנה נגעים י׳:ב׳", 
                    "sourceRef": "Mishnah Negaim 10:2", 
                    "ref": "Mishnah Negaim 10:2"
                }, 
                {
                    "category": "Mishnah", 
                    "sourceHeRef": "משנה נגעים י׳:ב׳", 
                    "sourceRef": "Mishnah Negaim 10:2", 
                    "ref": "Mishnah Negaim 10:2"
                }, 
                {
                    "category": "Mishnah", 
                    "sourceHeRef": "משנה נגעים י׳:ב׳", 
                    "sourceRef": "Mishnah Negaim 10:2", 
                    "ref": "Mishnah Negaim 10:2"
                }, 
                {
                    "category": "Mishnah", 
                    "sourceHeRef": "משנה נגעים י׳:ב׳", 
                    "sourceRef": "Mishnah Negaim 10:2", 
                    "ref": "Mishnah Negaim 10:2"
                }
            ], 
            "text": ""
        }, 
        {
            "segmentNumber": "3", 
            "he": [
                "<b>הצומח מציל</b> שער שחור שצמח בנתק:", 
                "<b> מיד שער צהוב ומיד פשיון</b> שאם הוחלט בשער צהוב או בפשיון ; וצמחו בו שתי שערות שחורות, טהור:", 
                "<b> בין מכונס</b> דשתיהן במקום אחד:", 
                "<b> בין מפוזר</b> אחד למזרח הנגע ואחד למערבו:", 
                "<b> והמשואר</b> שקדמו שתי שערות שחורות הללו לנתק, כגון שכשניתק שער ראשו או זקנו כגריס נשארו בתוך הנתק שתי שערות שחורות:", 
                "<b> ומבוצר</b> אם הן מבוצרות באמצע הנתק, מצילות. אבל [אם] עומדות מן הצד אין מצילות:", 
                "<b> עד שיהא רחוק מן הקמה</b> עד שיהו שתי שערות הללו רחוקות מן השערות המקיפות את הנתק כשיעור שתי שערות. והשערות שסביב הנתק הן קרויין קמה. וכששערות הללו רחוקות מן הקמה מקום שתי שערות, נחשבות כמבוצרות בתוך הנגע:", 
                "<b> אחת צהובה ואחת שחורה</b> בצהובה שקדמה לנתק דלא הוי סימן טומאה, אצטריך ליה למימר דאין מצטרפת עם השחורה להציל מיד שער צהוב ומיד הפשיון. וסתם מתניתין כר' אליעזר בן יעקב דאמר בסמוך לקמן דשער צהוב שקדם לנתק לא מטמא ולא מציל :\n\n"
            ], 
            "links": [
                {
                    "category": "Commentary", 
                    "sourceHeRef": "עיקר תוספות יום טוב על משנה נגעים י׳:ג׳:ג׳", 
                    "sourceRef": "Ikar Tosafot Yom Tov on Mishnah Negaim 10:3:3", 
                    "ref": "Ikar Tosafot Yom Tov on Mishnah Negaim 10:3:3"
                }, 
                {
                    "category": "Mishnah", 
                    "sourceHeRef": "משנה נגעים י׳:ג׳", 
                    "sourceRef": "Mishnah Negaim 10:3", 
                    "ref": "Mishnah Negaim 10:3"
                }, 
                {
                    "category": "Mishnah", 
                    "sourceHeRef": "משנה נגעים י׳:ג׳", 
                    "sourceRef": "Mishnah Negaim 10:3", 
                    "ref": "Mishnah Negaim 10:3"
                }, 
                {
                    "category": "Mishnah", 
                    "sourceHeRef": "משנה נגעים י׳:ג׳", 
                    "sourceRef": "Mishnah Negaim 10:3", 
                    "ref": "Mishnah Negaim 10:3"
                }, 
                {
                    "category": "Mishnah", 
                    "sourceHeRef": "משנה נגעים י׳:ג׳", 
                    "sourceRef": "Mishnah Negaim 10:3", 
                    "ref": "Mishnah Negaim 10:3"
                }, 
                {
                    "category": "Mishnah", 
                    "sourceHeRef": "משנה נגעים י׳:ג׳", 
                    "sourceRef": "Mishnah Negaim 10:3", 
                    "ref": "Mishnah Negaim 10:3"
                }, 
                {
                    "category": "Mishnah", 
                    "sourceHeRef": "משנה נגעים י׳:ג׳", 
                    "sourceRef": "Mishnah Negaim 10:3", 
                    "ref": "Mishnah Negaim 10:3"
                }, 
                {
                    "category": "Mishnah", 
                    "sourceHeRef": "משנה נגעים י׳:ג׳", 
                    "sourceRef": "Mishnah Negaim 10:3", 
                    "ref": "Mishnah Negaim 10:3"
                }, 
                {
                    "category": "Mishnah", 
                    "sourceHeRef": "משנה נגעים י׳:ג׳", 
                    "sourceRef": "Mishnah Negaim 10:3", 
                    "ref": "Mishnah Negaim 10:3"
                }
            ], 
            "text": ""
        }, 
        {
            "segmentNumber": "4", 
            "he": [
                "<b>רבי יהודה מטמא</b> כדתנן לעיל דרבי יהודה מטמא הפוך ולא הפוך :", 
                "<b> ר' אליעזר בן יעקב אומר לא מטמא ולא מציל</b> רבי אליעזר בן יעקב ור' שמעון לפרושי מלתא דתנא קמא דאמר טהור קאתו, ר''א בן יעקב סבר, טהור דאמר ת''ק לומר שאינו מטמא, אבל אינו מציל. ור''ש סבר, טהור ומציל קאמר. ולעיל פסקינן דהלכה כר' יהודה:\n\n"
            ], 
            "links": [
                {
                    "category": "Commentary", 
                    "sourceHeRef": "עיקר תוספות יום טוב על משנה נגעים י׳:ד׳:א׳", 
                    "sourceRef": "Ikar Tosafot Yom Tov on Mishnah Negaim 10:4:1", 
                    "ref": "Ikar Tosafot Yom Tov on Mishnah Negaim 10:4:1"
                }, 
                {
                    "category": "Mishnah", 
                    "sourceHeRef": "משנה נגעים י׳:ד׳", 
                    "sourceRef": "Mishnah Negaim 10:4", 
                    "ref": "Mishnah Negaim 10:4"
                }, 
                {
                    "category": "Mishnah", 
                    "sourceHeRef": "משנה נגעים י׳:ד׳", 
                    "sourceRef": "Mishnah Negaim 10:4", 
                    "ref": "Mishnah Negaim 10:4"
                }
            ], 
            "text": ""
        }, 
        {
            "segmentNumber": "5", 
            "he": [
                "<b>כיצד מגלחין את הנתק</b> בסוף שבוע ראשון (להסגרו) שלא פשה ולא נולד בו שער צהוב (כתיב והתגלח):", 
                "<b> היה מגלח חוצה לו</b> מגלח סביב לנתק, ומניח שתי שערות. דכתיב (ויקרא י''ג) ואת הנתק לא יגלח, וכי מה יש בו, והלא כבר ניתק השער ונפל, אלא סמוך לנתק לא יגלח, שמשייר סביב לנתק שתי שערות מכל צד, נמצא הנתק מוקף שערות כעטרה:", 
                "<b> החליטו בשער צהוב</b> ואחר שהוחלט בו הלך שער צהוב ואחרי כן חזר:", 
                "<b> וכן בפשיון</b> שלא חזר שער צהוב אלא שפשה. בין כך ובין כך הרי הוא מוחלט כמו שהיה:", 
                "<b> בתחלה בסוף שבוע ראשון</b> כלומר, דין זה שאמרנו נוהג בין שהחליטו בשער צהוב בתחילה כשהובא אל הכהן, בין שהחליטו בשער צהוב בסוף שבוע ראשון, או בסוף שבוע שני, או לאחר הפטור, כגון שעמד בעיניו שני שבועות ופטרו ולאחר הפטור נולד שער צהוב והחליטו. ובכולהו הלך שער צהוב וחזר. או שלא חזר אלא שפשה הנתק. הרי הוא כמו שהיה:", 
                "<b> החליטו בפשיון</b> כמו שמפרש בהחליטו בשער צהוב כך יש לפרש החליטו בפשיון. והכא בפשיון לא גרסינן בתחילה, שאין הפשיון מטמא אלא אחר הסגר:\n\n"
            ], 
            "links": [
                {
                    "category": "Mishnah", 
                    "sourceHeRef": "משנה נגעים י׳:ה׳", 
                    "sourceRef": "Mishnah Negaim 10:5", 
                    "ref": "Mishnah Negaim 10:5"
                }, 
                {
                    "category": "Mishnah", 
                    "sourceHeRef": "משנה נגעים י׳:ה׳", 
                    "sourceRef": "Mishnah Negaim 10:5", 
                    "ref": "Mishnah Negaim 10:5"
                }, 
                {
                    "category": "Mishnah", 
                    "sourceHeRef": "משנה נגעים י׳:ה׳", 
                    "sourceRef": "Mishnah Negaim 10:5", 
                    "ref": "Mishnah Negaim 10:5"
                }, 
                {
                    "category": "Mishnah", 
                    "sourceHeRef": "משנה נגעים י׳:ה׳", 
                    "sourceRef": "Mishnah Negaim 10:5", 
                    "ref": "Mishnah Negaim 10:5"
                }, 
                {
                    "category": "Mishnah", 
                    "sourceHeRef": "משנה נגעים י׳:ה׳", 
                    "sourceRef": "Mishnah Negaim 10:5", 
                    "ref": "Mishnah Negaim 10:5"
                }, 
                {
                    "category": "Mishnah", 
                    "sourceHeRef": "משנה נגעים י׳:ה׳", 
                    "sourceRef": "Mishnah Negaim 10:5", 
                    "ref": "Mishnah Negaim 10:5"
                }, 
                {
                    "category": "Tanach", 
                    "sourceHeRef": "ויקרא י״ג", 
                    "sourceRef": "Leviticus 13", 
                    "ref": "Leviticus 13"
                }
            ], 
            "text": ""
        }, 
        {
            "segmentNumber": "6", 
            "he": [
                "<b>שני נתקים זה בצד זה</b> שיש בכל אחד כגריס הקלקי, דבנתקים נמי בעינן כגריס, דכתיב נגע הנתק, הקיש נגע לנתק, מה הנגע בכגריס, אף נתק בכגריס. ואם שני הנתקים מונחים זה אצל זה ויש שיטת שער מפסקת בין שני הנתקים וחולקת אותה לשנים כמחיצה המפסקת:", 
                "<b> נפרץ</b> שער של אותה השיטה:", 
                "<b> במקום אחד</b> בסוף שבוע ראשון של הסגר או בסוף שבוע שני או לאחר הפטור:", 
                "<b> טמא</b> שהרי פשה הנתק:", 
                "<b> בשני מקומות</b> שאותה שיטה נפרצה למטה ולמעלה ונשארו מאותה שיטה שתי שערות באמצע:", 
                "<b> טהור</b> דמבוצרות נינהו ומצילות:", 
                "<b> כמה תהא הפרצה</b> אם בשני מקומות נפרץ, הוי שיעור הפרצה מקום שתי שערות, דבהכי חשיבי השערות שבאמצע מבוצרות:", 
                "<b> ואם במקום אחד נפרצו טמא</b> אפילו נפרץ כגריס, טמא, שאין שער שחור מבוצר  וכנוס בתוך הנגע, כיון דלא נפרץ בשני מקומות:\n\n"
            ], 
            "links": [
                {
                    "category": "Commentary", 
                    "sourceHeRef": "עיקר תוספות יום טוב על משנה נגעים י׳:ו׳:ב׳", 
                    "sourceRef": "Ikar Tosafot Yom Tov on Mishnah Negaim 10:6:2", 
                    "ref": "Ikar Tosafot Yom Tov on Mishnah Negaim 10:6:2"
                }, 
                {
                    "category": "Mishnah", 
                    "sourceHeRef": "משנה נגעים י׳:ו׳", 
                    "sourceRef": "Mishnah Negaim 10:6", 
                    "ref": "Mishnah Negaim 10:6"
                }, 
                {
                    "category": "Mishnah", 
                    "sourceHeRef": "משנה נגעים י׳:ו׳", 
                    "sourceRef": "Mishnah Negaim 10:6", 
                    "ref": "Mishnah Negaim 10:6"
                }, 
                {
                    "category": "Mishnah", 
                    "sourceHeRef": "משנה נגעים י׳:ו׳", 
                    "sourceRef": "Mishnah Negaim 10:6", 
                    "ref": "Mishnah Negaim 10:6"
                }, 
                {
                    "category": "Mishnah", 
                    "sourceHeRef": "משנה נגעים י׳:ו׳", 
                    "sourceRef": "Mishnah Negaim 10:6", 
                    "ref": "Mishnah Negaim 10:6"
                }, 
                {
                    "category": "Mishnah", 
                    "sourceHeRef": "משנה נגעים י׳:ו׳", 
                    "sourceRef": "Mishnah Negaim 10:6", 
                    "ref": "Mishnah Negaim 10:6"
                }, 
                {
                    "category": "Mishnah", 
                    "sourceHeRef": "משנה נגעים י׳:ו׳", 
                    "sourceRef": "Mishnah Negaim 10:6", 
                    "ref": "Mishnah Negaim 10:6"
                }, 
                {
                    "category": "Mishnah", 
                    "sourceHeRef": "משנה נגעים י׳:ו׳", 
                    "sourceRef": "Mishnah Negaim 10:6", 
                    "ref": "Mishnah Negaim 10:6"
                }, 
                {
                    "category": "Mishnah", 
                    "sourceHeRef": "משנה נגעים י׳:ו׳", 
                    "sourceRef": "Mishnah Negaim 10:6", 
                    "ref": "Mishnah Negaim 10:6"
                }
            ], 
            "text": ""
        }, 
        {
            "segmentNumber": "7", 
            "he": [
                "<b>זה לפנים מזה</b> כגון נתק כגריס הקלקי מרובע, ושיטה של שער מקיפו סביב, וחוץ לאותה שיטה מקיף נתק כגריס כל סביבותיה, דהיינו רצועה של נתק ברוחב כעדשה מקפת את השיטה של שער, שזהו שיעור הנתק המקיף השערות המבוצרות:", 
                "<b> נפרץ ממקום אחד טמא</b> הפנימי. שהרי שער שחור בצדו ואינו מבוצר לתוכו. אבל החיצון טהור, דהא שתי שערות שחורות מבוצרות לתוכו:", 
                "<b> משני מקומות טהור</b> הפנימי, וכל שכן החיצון. שנעשו שניהם נתק אחד ובתוכן שתי שערות שחורות מבוצרות:", 
                "<b> כמה תהא הפרצה</b> משני מקומות ויהא טהור, מקום שתי שערות:", 
                "<b> נפרץ ממקום אחד כגריס טהור</b> והא דאמרן נפרץ במקום אחד טמא, היינו בפחות מכגריס . אבל מאחר דנפרצה כגריס, אפילו ממקום אחד נעשו שני הנתקים אחד, ושערות הנשארות הרי הן מבוצרות:\n\n"
            ], 
            "links": [
                {
                    "category": "Commentary", 
                    "sourceHeRef": "עיקר תוספות יום טוב על משנה נגעים י׳:ז׳:א׳", 
                    "sourceRef": "Ikar Tosafot Yom Tov on Mishnah Negaim 10:7:1", 
                    "ref": "Ikar Tosafot Yom Tov on Mishnah Negaim 10:7:1"
                }, 
                {
                    "category": "Mishnah", 
                    "sourceHeRef": "משנה נגעים י׳:ז׳", 
                    "sourceRef": "Mishnah Negaim 10:7", 
                    "ref": "Mishnah Negaim 10:7"
                }, 
                {
                    "category": "Mishnah", 
                    "sourceHeRef": "משנה נגעים י׳:ז׳", 
                    "sourceRef": "Mishnah Negaim 10:7", 
                    "ref": "Mishnah Negaim 10:7"
                }, 
                {
                    "category": "Mishnah", 
                    "sourceHeRef": "משנה נגעים י׳:ז׳", 
                    "sourceRef": "Mishnah Negaim 10:7", 
                    "ref": "Mishnah Negaim 10:7"
                }, 
                {
                    "category": "Mishnah", 
                    "sourceHeRef": "משנה נגעים י׳:ז׳", 
                    "sourceRef": "Mishnah Negaim 10:7", 
                    "ref": "Mishnah Negaim 10:7"
                }, 
                {
                    "category": "Mishnah", 
                    "sourceHeRef": "משנה נגעים י׳:ז׳", 
                    "sourceRef": "Mishnah Negaim 10:7", 
                    "ref": "Mishnah Negaim 10:7"
                }
            ], 
            "text": ""
        }, 
        {
            "segmentNumber": "8", 
            "he": [
                "<b>ובו שער צהוב טמא</b> שער צהוב מטמא בין בתחילה בין בסוף שבוע ראשון, בין בסוף שבוע שני, בין לאחר הפטור:", 
                "<b> נולד בו שער שחור טהור</b> אי בצמח לאחר הנתק, אע''פ שאינן מבוצרות. ואי במשואר, דוקא במבוצר, דרחוק מקמת הראש מקום שתי שערות כדאמרן:", 
                "<b> אע''פ שהלך לו שער שחור טהור</b> דכיון דנטהר הצהוב, תו לא מטמא אע''פ שנשר השחור. אבל אם החליטו בפשיון, ובא השחור וטהר הפשיון ואחרי כן הלך השחור, חוזר הפשיון ומטמא. או שפשה וכנס וחזר ופשה, לא אמרינן כיון דנטהר הנתק לא מטמא:", 
                "<b> כל נתק שטהר שעה אחת</b> בין שהחליטו בפסיון וכנס, או שבא שער שחור וטיהרו, בין החליטו בשער צהוב ובא שער שחור וטיהרו ואחרי כן הלך השחור, או מה שכנס חזר וניתק, שוב אין לנתק זה טומאה לעולם, אע''ג דקיימו סימני טומאה שלו כגון שער צהוב ופשיון. ולא מיבעי בהני דכבר טהרו בשער שחור, אלא אפילו פשה אחר שהלך השחור או נולד בו שער צהוב אחר, כיון דטהר הנתק כבר שוב אין לו טומאה :", 
                "<b> ר' שמעון אומר כל שער צהוב שטהר שעה אחת</b> כגון האי דהוה קאי בשעה שבא השחור, אין לו טומאה לעולם. אבל אם אחר שהלך השחור נולד בנתק שער צהוב אחר או פשה אחרי כן, טמא , דכל נתק שטהר לא אמרינן. והלכה כתנא קמא:\n\n"
            ], 
            "links": [
                {
                    "category": "Commentary", 
                    "sourceHeRef": "עיקר תוספות יום טוב על משנה נגעים י׳:ח׳:א׳", 
                    "sourceRef": "Ikar Tosafot Yom Tov on Mishnah Negaim 10:8:1", 
                    "ref": "Ikar Tosafot Yom Tov on Mishnah Negaim 10:8:1"
                }, 
                {
                    "category": "Commentary", 
                    "sourceHeRef": "עיקר תוספות יום טוב על משנה נגעים י׳:ח׳:ב׳", 
                    "sourceRef": "Ikar Tosafot Yom Tov on Mishnah Negaim 10:8:2", 
                    "ref": "Ikar Tosafot Yom Tov on Mishnah Negaim 10:8:2"
                }, 
                {
                    "category": "Mishnah", 
                    "sourceHeRef": "משנה נגעים י׳:ח׳", 
                    "sourceRef": "Mishnah Negaim 10:8", 
                    "ref": "Mishnah Negaim 10:8"
                }, 
                {
                    "category": "Mishnah", 
                    "sourceHeRef": "משנה נגעים י׳:ח׳", 
                    "sourceRef": "Mishnah Negaim 10:8", 
                    "ref": "Mishnah Negaim 10:8"
                }, 
                {
                    "category": "Mishnah", 
                    "sourceHeRef": "משנה נגעים י׳:ח׳", 
                    "sourceRef": "Mishnah Negaim 10:8", 
                    "ref": "Mishnah Negaim 10:8"
                }, 
                {
                    "category": "Mishnah", 
                    "sourceHeRef": "משנה נגעים י׳:ח׳", 
                    "sourceRef": "Mishnah Negaim 10:8", 
                    "ref": "Mishnah Negaim 10:8"
                }, 
                {
                    "category": "Mishnah", 
                    "sourceHeRef": "משנה נגעים י׳:ח׳", 
                    "sourceRef": "Mishnah Negaim 10:8", 
                    "ref": "Mishnah Negaim 10:8"
                }
            ], 
            "text": ""
        }, 
        {
            "segmentNumber": "9", 
            "he": [
                "<b>וניתק כל ראשו</b> שפרח הנתק בכל הראש. בין שהוחלט בשער צהוב בין שהוחלט בפשיון טהור. דבכולהו פריחה מטהרת. ומנין שהפריחה מטהרת בראש, דכתיב (ויקרא י''ג) ואיש כי ימרט ראשו קרח הוא טהור הוא . בזקן מנין, ת''ל ואיש, לרבות את הזקן . והבא כולו נתק בתחילה  אינו טהור, כשם שהבא כולו לבן בתחלה אינו טהור בבהרת:", 
                "<b> אין מעכבין זה את זה</b> אם היה בראש נתק כגריס ואח''כ ניתק כל הראש, אע''פ שלא ניתק הזקן, טהור. וכן כשפרח בזקן ולא פרח בראש, טהור, דאין מעכבין זה על זה:", 
                "<b> ודין הוא</b> שיהו מעכבין:", 
                "<b> שיש דבר אחר מפסיק ביניהן</b> ששער הראש והזקן דאין מיטמאין בבהרת, מפסיקין בין עור הפנים לשאר הגוף. ועור הפנים ושאר הגוף מעכבין זה על זה, דכל שראוי ליטמא בנגע הבהרת מעכב פריחת הבהרת:", 
                "<b> אין מצטרפין זה עם זה</b> במקום שהראש והזקן מתחברים זה עם זה, אם נולד חצי גריס בזה וחצי גריס בזה, אין מצטרפין:", 
                "<b> ואין פושין מזה לזה</b> דאם יש נתק כגריס בראש סמוך לזקן, ולסוף שבוע ראשון או לסוף שבוע שני או לאחר הפטור פשה בזקן, לא חשיב פשיון:", 
                "<b> מן הפרק של לחי</b> העליון. מותח חוט מאוזן לאוזן, כל שמן החוט ולמעלה זהו הראש, וכל שמן החוט ולמטה זה הזקן:", 
                "<b> פיקה של גרגרת</b> ראש השיפוי כובע, והבשר המקיף בשיפוי כובע מחוץ, קרוי פיקה:\n\n"
            ], 
            "links": [
                {
                    "category": "Commentary", 
                    "sourceHeRef": "עיקר תוספות יום טוב על משנה נגעים י׳:ט׳:א׳", 
                    "sourceRef": "Ikar Tosafot Yom Tov on Mishnah Negaim 10:9:1", 
                    "ref": "Ikar Tosafot Yom Tov on Mishnah Negaim 10:9:1"
                }, 
                {
                    "category": "Commentary", 
                    "sourceHeRef": "עיקר תוספות יום טוב על משנה נגעים י׳:ט׳:ב׳", 
                    "sourceRef": "Ikar Tosafot Yom Tov on Mishnah Negaim 10:9:2", 
                    "ref": "Ikar Tosafot Yom Tov on Mishnah Negaim 10:9:2"
                }, 
                {
                    "category": "Commentary", 
                    "sourceHeRef": "עיקר תוספות יום טוב על משנה נגעים י׳:ט׳:ג׳", 
                    "sourceRef": "Ikar Tosafot Yom Tov on Mishnah Negaim 10:9:3", 
                    "ref": "Ikar Tosafot Yom Tov on Mishnah Negaim 10:9:3"
                }, 
                {
                    "category": "Mishnah", 
                    "sourceHeRef": "משנה נגעים י׳:ט׳", 
                    "sourceRef": "Mishnah Negaim 10:9", 
                    "ref": "Mishnah Negaim 10:9"
                }, 
                {
                    "category": "Mishnah", 
                    "sourceHeRef": "משנה נגעים י׳:ט׳", 
                    "sourceRef": "Mishnah Negaim 10:9", 
                    "ref": "Mishnah Negaim 10:9"
                }, 
                {
                    "category": "Mishnah", 
                    "sourceHeRef": "משנה נגעים י׳:ט׳", 
                    "sourceRef": "Mishnah Negaim 10:9", 
                    "ref": "Mishnah Negaim 10:9"
                }, 
                {
                    "category": "Mishnah", 
                    "sourceHeRef": "משנה נגעים י׳:ט׳", 
                    "sourceRef": "Mishnah Negaim 10:9", 
                    "ref": "Mishnah Negaim 10:9"
                }, 
                {
                    "category": "Mishnah", 
                    "sourceHeRef": "משנה נגעים י׳:ט׳", 
                    "sourceRef": "Mishnah Negaim 10:9", 
                    "ref": "Mishnah Negaim 10:9"
                }, 
                {
                    "category": "Mishnah", 
                    "sourceHeRef": "משנה נגעים י׳:ט׳", 
                    "sourceRef": "Mishnah Negaim 10:9", 
                    "ref": "Mishnah Negaim 10:9"
                }, 
                {
                    "category": "Mishnah", 
                    "sourceHeRef": "משנה נגעים י׳:ט׳", 
                    "sourceRef": "Mishnah Negaim 10:9", 
                    "ref": "Mishnah Negaim 10:9"
                }, 
                {
                    "category": "Mishnah", 
                    "sourceHeRef": "משנה נגעים י׳:ט׳", 
                    "sourceRef": "Mishnah Negaim 10:9", 
                    "ref": "Mishnah Negaim 10:9"
                }, 
                {
                    "category": "Tanach", 
                    "sourceHeRef": "ויקרא י״ג", 
                    "sourceRef": "Leviticus 13", 
                    "ref": "Leviticus 13"
                }
            ], 
            "text": ""
        }, 
        {
            "segmentNumber": "10", 
            "he": [
                "<b>הקרחת והגבחת</b> שתיהן בראש , אלא שמשיפוע קדקוד ולאחוריו קרוי קרחת, משיפוע קדקוד כלפי פניו קרוי גבחת, כדתנן בסמוך. ואינם כנתקים, שהנתק חוזר ומגדל שער, והקרחת והגבחת אינן חוזרין ומגדלין שער:", 
                "<b> מיטמאות בשני שבועות</b> דכתיב (ויקרא י''ג) כמראה צרעת עור בשר, מה עור בשר בשני שבועות, אף כאן בשני שבועות:", 
                "<b> ובמחיה ובפשיון</b> דכתיב [שם] צרעת פורחת היא בקרחתו. צרעת, מלמד שמטמאה במחיה. פורחת, מלמד שמטמאה בפשיון. היא, מלמד שאינה מיטמאה בשער לבן :", 
                "<b> נשם</b> סם שהאוכלו אינו מגדל שער, והסך בו אינו מגדל שער:", 
                "<b> מכה שאינה ראויה לגדל שער</b> כגון מכה גדולה שהבשר נעשה צלקת:", 
                "<b> פיקה של צואר</b> היא חוליא הראשונה של צואר:", 
                "<b> ואין פושות מזו לזו</b> מקרחת לגבחת ומגבחת לקרחת. אם יש שער. מפסיק ביניהן בין קרחת לגבחת. ואין הלכה כרבי יהודה:"
            ], 
            "links": [
                {
                    "category": "Commentary", 
                    "sourceHeRef": "עיקר תוספות יום טוב על משנה נגעים י׳:י׳:א׳", 
                    "sourceRef": "Ikar Tosafot Yom Tov on Mishnah Negaim 10:10:1", 
                    "ref": "Ikar Tosafot Yom Tov on Mishnah Negaim 10:10:1"
                }, 
                {
                    "category": "Commentary", 
                    "sourceHeRef": "עיקר תוספות יום טוב על משנה נגעים י׳:י׳:ב׳", 
                    "sourceRef": "Ikar Tosafot Yom Tov on Mishnah Negaim 10:10:2", 
                    "ref": "Ikar Tosafot Yom Tov on Mishnah Negaim 10:10:2"
                }, 
                {
                    "category": "Mishnah", 
                    "sourceHeRef": "משנה נגעים י׳:י׳", 
                    "sourceRef": "Mishnah Negaim 10:10", 
                    "ref": "Mishnah Negaim 10:10"
                }, 
                {
                    "category": "Mishnah", 
                    "sourceHeRef": "משנה נגעים י׳:י׳", 
                    "sourceRef": "Mishnah Negaim 10:10", 
                    "ref": "Mishnah Negaim 10:10"
                }, 
                {
                    "category": "Mishnah", 
                    "sourceHeRef": "משנה נגעים י׳:י׳", 
                    "sourceRef": "Mishnah Negaim 10:10", 
                    "ref": "Mishnah Negaim 10:10"
                }, 
                {
                    "category": "Mishnah", 
                    "sourceHeRef": "משנה נגעים י׳:י׳", 
                    "sourceRef": "Mishnah Negaim 10:10", 
                    "ref": "Mishnah Negaim 10:10"
                }, 
                {
                    "category": "Mishnah", 
                    "sourceHeRef": "משנה נגעים י׳:י׳", 
                    "sourceRef": "Mishnah Negaim 10:10", 
                    "ref": "Mishnah Negaim 10:10"
                }, 
                {
                    "category": "Mishnah", 
                    "sourceHeRef": "משנה נגעים י׳:י׳", 
                    "sourceRef": "Mishnah Negaim 10:10", 
                    "ref": "Mishnah Negaim 10:10"
                }, 
                {
                    "category": "Mishnah", 
                    "sourceHeRef": "משנה נגעים י׳:י׳", 
                    "sourceRef": "Mishnah Negaim 10:10", 
                    "ref": "Mishnah Negaim 10:10"
                }, 
                {
                    "category": "Tanach", 
                    "sourceHeRef": "ויקרא י״ג", 
                    "sourceRef": "Leviticus 13", 
                    "ref": "Leviticus 13"
                }
            ], 
            "text": ""
        }
    ], 
    "book": "Bartenura on Mishnah Negaim", 
    "prev": "Bartenura on Mishnah Negaim 9:3", 
    "textDepth": 3, 
    "sectionNames": [
        "Chapter", 
        "Mishna", 
        "Comment"
    ], 
    "sections": [
        10
    ], 
    "commentator": "Bartenura", 
    "isComplex": false, 
    "commentaryCategories": [
        "Mishnah", 
        "Seder Tahorot"
    ], 
    "titleVariants": [
        "Obadiah of Bertinoro on M Negaim", 
        "Obadiah of Bertinoro on Mishnah Negaim", 
        "Ovadia of Bartenura on Mishna Negaim", 
        "Ovadia of Bartenura on Mishnah Negaim", 
        "Obadiah ben Abraham of Bertinoro on Mishna Negaim", 
        "Bartenura on Mishnah Negaim", 
        "Obadiah of Bertinoro on Mishna Negaim", 
        "Obadiah of Bertinoro on M. Negaim", 
        "Ovadia of Bartenura on M. Negaim", 
        "Obadiah ben Abraham of Bertinoro on M. Negaim", 
        "Bartenura on M. Negaim", 
        "Obadiah ben Abraham of Bertinoro on Mishnah Negaim", 
        "Ovadia of Bartenura on M Negaim", 
        "Bartenura on M Negaim", 
        "Bartenura on Mishna Negaim", 
        "Obadiah ben Abraham of Bertinoro on M Negaim"
    ], 
    "categories": [
        "Commentary", 
        "Mishnah", 
        "Bartenura"
    ], 
    "ref": "Bartenura on Mishnah Negaim 10", 
    "type": "Commentary", 
    "addressTypes": [
        "Perek", 
        "Mishnah", 
        "Integer"
    ], 
    "heCommentator": "ברטנורא", 
    "length": 14, 
    "indexTitle": "Bartenura on Mishnah Negaim", 
    "heIndexTitle": "ברטנורא על משנה נגעים", 
    "alts": [], 
    "order": [
        54, 
        3
    ]
}