{
    "heTitleVariants": [
        "שבועות"
    ], 
    "heTitle": "שבועות כ״ה ב", 
    "content": [
        {
            "segmentNumber": "1", 
            "he": "דרבי יהודה בן בתירא ורבנן קמיפלגי", 
            "links": [
                {
                    "category": "Commentary", 
                    "sourceHeRef": "רש\"י על שבועות כ״ה ב:א׳:א׳", 
                    "sourceRef": "Rashi on Shevuot 25b:1:1", 
                    "ref": "Rashi on Shevuot 25b:1:1"
                }
            ], 
            "text": ""
        }, 
        {
            "segmentNumber": "2", 
            "he": "דתנן", 
            "links": [], 
            "text": ""
        }, 
        {
            "segmentNumber": "3", 
            "he": "נשבע לבטל את המצוה ולא ביטל פטור לקיים את המצוה ולא קיים פטור", 
            "links": [], 
            "text": ""
        }, 
        {
            "segmentNumber": "4", 
            "he": "שהיה בדין שיהא חייב כדברי ר' יהודה בן בתירא דאמר רבי יהודה בן בתירא", 
            "links": [], 
            "text": ""
        }, 
        {
            "segmentNumber": "5", 
            "he": "ומה אם הרשות שאינו מושבע עליה מהר סיני הרי הוא חייב עליה מצוה שמושבע עליה מהר סיני אינו דין שיהא חייב עליה", 
            "links": [], 
            "text": ""
        }, 
        {
            "segmentNumber": "6", 
            "he": "אמרו לו", 
            "links": [], 
            "text": ""
        }, 
        {
            "segmentNumber": "7", 
            "he": "לא אם אמרת בשבועת הרשות שכן עשה בה לאו כהן תאמר בשבועת מצוה שכן לא עשה בה לאו כהן", 
            "links": [
                {
                    "category": "Commentary", 
                    "sourceHeRef": "רש\"י על שבועות כ״ה ב:ז׳:א׳", 
                    "sourceRef": "Rashi on Shevuot 25b:7:1", 
                    "ref": "Rashi on Shevuot 25b:7:1"
                }
            ], 
            "text": ""
        }, 
        {
            "segmentNumber": "8", 
            "he": "נימא רב דאמר כר' יהודה בן בתירא ושמואל דאמר כרבנן", 
            "links": [
                {
                    "category": "Commentary", 
                    "sourceHeRef": "רש\"י על שבועות כ״ה ב:ח׳:א׳", 
                    "sourceRef": "Rashi on Shevuot 25b:8:1", 
                    "ref": "Rashi on Shevuot 25b:8:1"
                }
            ], 
            "text": ""
        }, 
        {
            "segmentNumber": "9", 
            "he": "אליבא דרבי יהודה בן בתירא כולי עלמא לא פליגי השתא לאו והן לא בעי להבא ולשעבר בעי", 
            "links": [
                {
                    "category": "Commentary", 
                    "sourceHeRef": "רש\"י על שבועות כ״ה ב:ט׳:א׳", 
                    "sourceRef": "Rashi on Shevuot 25b:9:1", 
                    "ref": "Rashi on Shevuot 25b:9:1"
                }, 
                {
                    "category": "Commentary", 
                    "sourceHeRef": "רש\"י על שבועות כ״ה ב:ט׳:ב׳", 
                    "sourceRef": "Rashi on Shevuot 25b:9:2", 
                    "ref": "Rashi on Shevuot 25b:9:2"
                }, 
                {
                    "category": "Commentary", 
                    "sourceHeRef": "רש\"י על שבועות כ״ה ב:ט׳:ג׳", 
                    "sourceRef": "Rashi on Shevuot 25b:9:3", 
                    "ref": "Rashi on Shevuot 25b:9:3"
                }
            ], 
            "text": ""
        }, 
        {
            "segmentNumber": "10", 
            "he": "כי פליגי אליבא דרבנן", 
            "links": [
                {
                    "category": "Commentary", 
                    "sourceHeRef": "רש\"י על שבועות כ״ה ב:י׳:א׳", 
                    "sourceRef": "Rashi on Shevuot 25b:10:1", 
                    "ref": "Rashi on Shevuot 25b:10:1"
                }
            ], 
            "text": ""
        }, 
        {
            "segmentNumber": "11", 
            "he": "שמואל כרבנן ורב", 
            "links": [], 
            "text": ""
        }, 
        {
            "segmentNumber": "12", 
            "he": "כי לא מחייבי רבנן בלאו והן דכתיב (ויקרא ה, ד) להרע או להיטיב בהדיא אבל להבא ולשעבר דמריבויא דקראי אתו מחייבי", 
            "links": [
                {
                    "category": "Tanach", 
                    "sourceHeRef": "ויקרא ה׳:ד׳", 
                    "sourceRef": "Leviticus 5:4", 
                    "ref": "Leviticus 5:4"
                }
            ], 
            "text": ""
        }, 
        {
            "segmentNumber": "13", 
            "he": "מתיב רב המנונא", 
            "links": [], 
            "text": ""
        }, 
        {
            "segmentNumber": "14", 
            "he": "לא אכלתי היום ולא הנחתי תפילין היום משביעך אני ואמר אמן חייב", 
            "links": [], 
            "text": ""
        }, 
        {
            "segmentNumber": "15", 
            "he": "בשלמא לא אכלתי איתיה בלא אוכל אלא לא הנחתי מי איתיה בלא אניח", 
            "links": [
                {
                    "category": "Commentary", 
                    "sourceHeRef": "רש\"י על שבועות כ״ה ב:ט״ו:א׳", 
                    "sourceRef": "Rashi on Shevuot 25b:15:1", 
                    "ref": "Rashi on Shevuot 25b:15:1"
                }, 
                {
                    "category": "Commentary", 
                    "sourceHeRef": "תוספות על שבועות כ״ה ב:ט״ו:א׳", 
                    "sourceRef": "Tosafot on Shevuot 25b:15:1", 
                    "ref": "Tosafot on Shevuot 25b:15:1"
                }
            ], 
            "text": ""
        }, 
        {
            "segmentNumber": "16", 
            "he": "הוא מותיב לה והוא מפרק לה", 
            "links": [
                {
                    "category": "Commentary", 
                    "sourceHeRef": "תוספות על שבועות כ״ה ב:ט״ז:א׳", 
                    "sourceRef": "Tosafot on Shevuot 25b:16:1", 
                    "ref": "Tosafot on Shevuot 25b:16:1"
                }
            ], 
            "text": ""
        }, 
        {
            "segmentNumber": "17", 
            "he": "לצדדין קתני לא אכלתי לקרבן לא הנחתי למלקות", 
            "links": [], 
            "text": ""
        }, 
        {
            "segmentNumber": "18", 
            "he": "מתיב רבא", 
            "links": [], 
            "text": ""
        }, 
        {
            "segmentNumber": "19", 
            "he": "איזו היא שבועת שוא", 
            "links": [], 
            "text": ""
        }, 
        {
            "segmentNumber": "20", 
            "he": "נשבע לשנות את הידוע לאדם ואמר על עמוד של אבן (שהוא במקום פלוני) שהוא של זהב ואמר עולא", 
            "links": [], 
            "text": ""
        }, 
        {
            "segmentNumber": "21", 
            "he": "והוא שניכר לג' בני אדם", 
            "links": [
                {
                    "category": "Commentary", 
                    "sourceHeRef": "רש\"י על שבועות כ״ה ב:כ״א:א׳", 
                    "sourceRef": "Rashi on Shevuot 25b:21:1", 
                    "ref": "Rashi on Shevuot 25b:21:1"
                }, 
                {
                    "category": "Commentary", 
                    "sourceHeRef": "תוספות על שבועות כ״ה ב:כ״א:א׳", 
                    "sourceRef": "Tosafot on Shevuot 25b:21:1", 
                    "ref": "Tosafot on Shevuot 25b:21:1"
                }
            ], 
            "text": ""
        }, 
        {
            "segmentNumber": "22", 
            "he": "טעמא דניכר הא לא ניכר עובר משום שבועת ביטוי ואמאי", 
            "links": [], 
            "text": ""
        }, 
        {
            "segmentNumber": "23", 
            "he": "הא אינו ביהא של זהב", 
            "links": [], 
            "text": ""
        }, 
        {
            "segmentNumber": "24", 
            "he": "הוא מותיב לה והוא מפרק לה", 
            "links": [], 
            "text": ""
        }, 
        {
            "segmentNumber": "25", 
            "he": "ניכר עובר משום שבועת שוא לא ניכר עובר משום שבועת שקר", 
            "links": [], 
            "text": ""
        }, 
        {
            "segmentNumber": "26", 
            "he": "אמר אביי", 
            "links": [
                {
                    "category": "Commentary", 
                    "sourceHeRef": " פסקי הראש על שבועות ג׳:י״ב:א׳", 
                    "sourceRef": "Rosh on Shevuot 3:12:1", 
                    "ref": "Rosh on Shevuot 3:12:1"
                }
            ], 
            "text": ""
        }, 
        {
            "segmentNumber": "27", 
            "he": "ומודה רב באומר לחבירו", 
            "links": [
                {
                    "category": "Commentary", 
                    "sourceHeRef": "רש\"י על שבועות כ״ה ב:כ״ז:א׳", 
                    "sourceRef": "Rashi on Shevuot 25b:27:1", 
                    "ref": "Rashi on Shevuot 25b:27:1"
                }
            ], 
            "text": ""
        }, 
        {
            "segmentNumber": "28", 
            "he": "שבועה שאני יודע לך עדות ואשתכח דלא ידע ליה דפטור הואיל וליתיה בכלל שאיני יודע לך עדות", 
            "links": [], 
            "text": ""
        }, 
        {
            "segmentNumber": "29", 
            "he": "ידעתי ולא ידעתי מחלוקת העדתי ולא העדתי מחלוקת", 
            "links": [
                {
                    "category": "Commentary", 
                    "sourceHeRef": "רש\"י על שבועות כ״ה ב:כ״ט:א׳", 
                    "sourceRef": "Rashi on Shevuot 25b:29:1", 
                    "ref": "Rashi on Shevuot 25b:29:1"
                }, 
                {
                    "category": "Commentary", 
                    "sourceHeRef": "תוספות על שבועות כ״ה ב:כ״ט:א׳", 
                    "sourceRef": "Tosafot on Shevuot 25b:29:1", 
                    "ref": "Tosafot on Shevuot 25b:29:1"
                }
            ], 
            "text": ""
        }, 
        {
            "segmentNumber": "30", 
            "he": "בשלמא לשמואל דאמר", 
            "links": [], 
            "text": ""
        }, 
        {
            "segmentNumber": "31", 
            "he": "מילתא דליתיה בלהבא לא מחייב עליה לשעבר להכי אפקה רחמנא לשבועת עדות מכלל שבועת ביטוי", 
            "links": [
                {
                    "category": "Commentary", 
                    "sourceHeRef": "רש\"י על שבועות כ״ה ב:ל״א:א׳", 
                    "sourceRef": "Rashi on Shevuot 25b:31:1", 
                    "ref": "Rashi on Shevuot 25b:31:1"
                }
            ], 
            "text": ""
        }, 
        {
            "segmentNumber": "32", 
            "he": "אלא לרב למאי הלכתא אפקה רחמנא", 
            "links": [
                {
                    "category": "Commentary", 
                    "sourceHeRef": "רש\"י על שבועות כ״ה ב:ל״ב:א׳", 
                    "sourceRef": "Rashi on Shevuot 25b:32:1", 
                    "ref": "Rashi on Shevuot 25b:32:1"
                }
            ], 
            "text": ""
        }, 
        {
            "segmentNumber": "33", 
            "he": "אמרוה רבנן קמיה דאביי", 
            "links": [], 
            "text": ""
        }, 
        {
            "segmentNumber": "34", 
            "he": "לאיחיובי עליה תרתי", 
            "links": [
                {
                    "category": "Commentary", 
                    "sourceHeRef": "רש\"י על שבועות כ״ה ב:ל״ד:א׳", 
                    "sourceRef": "Rashi on Shevuot 25b:34:1", 
                    "ref": "Rashi on Shevuot 25b:34:1"
                }
            ], 
            "text": ""
        }, 
        {
            "segmentNumber": "35", 
            "he": "אמר להו", 
            "links": [], 
            "text": ""
        }, 
        {
            "segmentNumber": "36", 
            "he": "תרתי לא מציתו אמריתו דתניא", 
            "links": [], 
            "text": ""
        }, 
        {
            "segmentNumber": "37", 
            "he": "(ויקרא ה, ד) לאחת מאלה לאחת אתה מחייבו ואי אתה מחייבו שתים", 
            "links": [
                {
                    "category": "Commentary", 
                    "sourceHeRef": "רש\"י על שבועות כ״ה ב:ל״ז:א׳", 
                    "sourceRef": "Rashi on Shevuot 25b:37:1", 
                    "ref": "Rashi on Shevuot 25b:37:1"
                }, 
                {
                    "category": "Tanach", 
                    "sourceHeRef": "ויקרא ה׳:ד׳", 
                    "sourceRef": "Leviticus 5:4", 
                    "ref": "Leviticus 5:4"
                }, 
                {
                    "category": "Commentary", 
                    "sourceHeRef": "תוספות על שבועות כ״ה ב:ל״ז:א׳", 
                    "sourceRef": "Tosafot on Shevuot 25b:37:1", 
                    "ref": "Tosafot on Shevuot 25b:37:1"
                }
            ], 
            "text": ""
        }, 
        {
            "segmentNumber": "38", 
            "he": "ולאביי למאי הלכתא אפקיה רחמנא", 
            "links": [
                {
                    "category": "Commentary", 
                    "sourceHeRef": "רש\"י על שבועות כ״ה ב:ל״ח:א׳", 
                    "sourceRef": "Rashi on Shevuot 25b:38:1", 
                    "ref": "Rashi on Shevuot 25b:38:1"
                }
            ], 
            "text": ""
        }, 
        {
            "segmentNumber": "39", 
            "he": "לכדתניא", 
            "links": [], 
            "text": ""
        }, 
        {
            "segmentNumber": "40", 
            "he": "בכולן נאמר ונעלם וכאן לא נאמר ונעלם לחייב על המזיד כשוגג", 
            "links": [
                {
                    "category": "Commentary", 
                    "sourceHeRef": "רש\"י על שבועות כ״ה ב:מ׳:א׳", 
                    "sourceRef": "Rashi on Shevuot 25b:40:1", 
                    "ref": "Rashi on Shevuot 25b:40:1"
                }, 
                {
                    "category": "Commentary", 
                    "sourceHeRef": "רש\"י על שבועות כ״ה ב:מ׳:ב׳", 
                    "sourceRef": "Rashi on Shevuot 25b:40:2", 
                    "ref": "Rashi on Shevuot 25b:40:2"
                }, 
                {
                    "category": "Commentary", 
                    "sourceHeRef": "תוספות על שבועות כ״ה ב:מ׳:א׳", 
                    "sourceRef": "Tosafot on Shevuot 25b:40:1", 
                    "ref": "Tosafot on Shevuot 25b:40:1"
                }
            ], 
            "text": ""
        }, 
        {
            "segmentNumber": "41", 
            "he": "אמרו ליה רבנן לאביי", 
            "links": [], 
            "text": ""
        }, 
        {
            "segmentNumber": "42", 
            "he": "אימא במזיד מיחייב חדא בשוגג מיחייב תרתי", 
            "links": [
                {
                    "category": "Commentary", 
                    "sourceHeRef": "רש\"י על שבועות כ״ה ב:מ״ב:א׳", 
                    "sourceRef": "Rashi on Shevuot 25b:42:1", 
                    "ref": "Rashi on Shevuot 25b:42:1"
                }, 
                {
                    "category": "Commentary", 
                    "sourceHeRef": "רש\"י על שבועות כ״ה ב:מ״ב:ב׳", 
                    "sourceRef": "Rashi on Shevuot 25b:42:2", 
                    "ref": "Rashi on Shevuot 25b:42:2"
                }, 
                {
                    "category": "Commentary", 
                    "sourceHeRef": "רש\"י על שבועות כ״ה ב:מ״ב:ג׳", 
                    "sourceRef": "Rashi on Shevuot 25b:42:3", 
                    "ref": "Rashi on Shevuot 25b:42:3"
                }
            ], 
            "text": ""
        }, 
        {
            "segmentNumber": "43", 
            "he": "אמר להו לאו היינו דאמרי", 
            "links": [
                {
                    "category": "Commentary", 
                    "sourceHeRef": "רש\"י על שבועות כ״ה ב:מ״ג:א׳", 
                    "sourceRef": "Rashi on Shevuot 25b:43:1", 
                    "ref": "Rashi on Shevuot 25b:43:1"
                }
            ], 
            "text": ""
        }, 
        {
            "segmentNumber": "44", 
            "he": "לאחת אחת אתה מחייבו ואי אתה מחייבו שתים", 
            "links": [], 
            "text": ""
        }, 
        {
            "segmentNumber": "45", 
            "he": "ואי במזיד מי איכא תרתי", 
            "links": [
                {
                    "category": "Commentary", 
                    "sourceHeRef": "רש\"י על שבועות כ״ה ב:מ״ה:א׳", 
                    "sourceRef": "Rashi on Shevuot 25b:45:1", 
                    "ref": "Rashi on Shevuot 25b:45:1"
                }
            ], 
            "text": ""
        }, 
        {
            "segmentNumber": "46", 
            "he": "רבא אמר", 
            "links": [
                {
                    "category": "Commentary", 
                    "sourceHeRef": "רש\"י על שבועות כ״ה ב:מ״ו:א׳", 
                    "sourceRef": "Rashi on Shevuot 25b:46:1", 
                    "ref": "Rashi on Shevuot 25b:46:1"
                }
            ], 
            "text": ""
        }, 
        {
            "segmentNumber": "47", 
            "he": "משום דהוה דבר שבכלל ויצא לידון בדבר החדש אין לך בו אלא חידושו בלבד", 
            "links": [], 
            "text": ""
        }, 
        {
            "segmentNumber": "48", 
            "he": "מכלל דאביי סבר", 
            "links": [
                {
                    "category": "Commentary", 
                    "sourceHeRef": "רש\"י על שבועות כ״ה ב:מ״ח:א׳", 
                    "sourceRef": "Rashi on Shevuot 25b:48:1", 
                    "ref": "Rashi on Shevuot 25b:48:1"
                }
            ], 
            "text": ""
        }, 
        {
            "segmentNumber": "49", 
            "he": "איתה לשבועה בעולם", 
            "links": [
                {
                    "category": "Commentary", 
                    "sourceHeRef": "רש\"י על שבועות כ״ה ב:מ״ט:א׳", 
                    "sourceRef": "Rashi on Shevuot 25b:49:1", 
                    "ref": "Rashi on Shevuot 25b:49:1"
                }
            ], 
            "text": ""
        }, 
        {
            "segmentNumber": "50", 
            "he": "והאמר אביי", 
            "links": [
                {
                    "category": "Commentary", 
                    "sourceHeRef": "רש\"י על שבועות כ״ה ב:נ׳:א׳", 
                    "sourceRef": "Rashi on Shevuot 25b:50:1", 
                    "ref": "Rashi on Shevuot 25b:50:1"
                }
            ], 
            "text": ""
        }, 
        {
            "segmentNumber": "51", 
            "he": "מודה רב באומר לחבירו", 
            "links": [], 
            "text": ""
        }, 
        {
            "segmentNumber": "52", 
            "he": "שבועה שאני יודע לך עדות ואשתכח דלא ידע ליה דפטור הואיל וליתיה באיני יודע לך עדות", 
            "links": [], 
            "text": ""
        }, 
        {
            "segmentNumber": "53", 
            "he": "הדר ביה אביי מההיא", 
            "links": [], 
            "text": ""
        }, 
        {
            "segmentNumber": "54", 
            "he": "ואיבעית אימא", 
            "links": [], 
            "text": ""
        }
    ], 
    "heRef": "שבועות כ״ה ב", 
    "toSections": [
        "25b"
    ], 
    "sectionRef": "Shevuot 25b", 
    "title": "Shevuot 25b", 
    "lengths": [
        96, 
        4842
    ], 
    "next": "Shevuot 26a", 
    "heBook": "שבועות", 
    "book": "Shevuot", 
    "prev": "Shevuot 25a", 
    "textDepth": 2, 
    "sectionNames": [
        "Daf", 
        "Line"
    ], 
    "sections": [
        "25b"
    ], 
    "isComplex": false, 
    "titleVariants": [
        "Masekhet Shevuot", 
        "Talmud Shevuot", 
        "Tractate Shevuot", 
        "Shevuot"
    ], 
    "categories": [
        "Talmud", 
        "Bavli", 
        "Seder Nezikin"
    ], 
    "ref": "Shevuot 25b", 
    "type": "Talmud", 
    "addressTypes": [
        "Talmud", 
        "Integer"
    ], 
    "length": 96, 
    "indexTitle": "Shevuot", 
    "heIndexTitle": "שבועות", 
    "alts": [], 
    "order": [
        25, 
        6
    ]
}