{
    "sections": {
        "Rashi on Sukkah 40a:19": {
            "content": [
                {
                    "segmentNumber": "1", 
                    "links": [
                        {
                            "category": "Talmud", 
                            "index_title": "Sukkah", 
                            "sourceHeRef": "סוכה מ׳ א:י״ט", 
                            "sourceRef": "Sukkah 40a:19"
                        }
                    ], 
                    "he": "והא איכא עצים דמשחן - עץ שמן שהעץ עצמו מדליקין בו להאיר כמו באבוקות והוי הנאתו וביעורו שוה נימא השתא מיהא אם לקטן להדלקת אורה דנהגא בהו שביעית:"
                }
            ], 
            "heTitle": "רש\"י על סוכה מ׳ א:י״ט", 
            "indexTitle": "Rashi on Sukkah", 
            "sectionRef": "Rashi on Sukkah 40a:19", 
            "prev": "Rashi on Sukkah 40a:18", 
            "ref": "Rashi on Sukkah 40a:19", 
            "heRef": "רש\"י על סוכה מ׳ א:י״ט", 
            "next": "Rashi on Sukkah 40a:21"
        }, 
        "Rashi on Sukkah 40a:18": {
            "content": [
                {
                    "segmentNumber": "1", 
                    "links": [
                        {
                            "category": "Talmud", 
                            "index_title": "Sukkah", 
                            "sourceHeRef": "סוכה מ׳ א:י״ח", 
                            "sourceRef": "Sukkah 40a:18"
                        }
                    ], 
                    "he": "שאני התם - גבי עצי הסקה להכי לא נוהגין בהן שביעית דאמר קרא והיתה שבת וגו' ומשמע לכם לכל צרכיכם וכתיב לאכלה למימרא דאין מותר ליהנות מפירות שביעית אלא הנאה הדומה לאכילה:"
                }, 
                {
                    "segmentNumber": "2", 
                    "links": [
                        {
                            "category": "Talmud", 
                            "index_title": "Sukkah", 
                            "sourceHeRef": "סוכה מ׳ א:י״ח", 
                            "sourceRef": "Sukkah 40a:18"
                        }
                    ], 
                    "he": "שהנאתו וביעורו שוה - כלומר שהנאתו וביעורו שמתבער מן העולם באין כאחד כגון סיכה ושתיה והדלקת הנר ומהך דרשה נמי ילפינן שאין שביעית נוהג אלא בפרי העומד להנאות הללו דה\"נ מידרש קרא והיתה שבת הארץ נוהגת במה שלכם לאכלה שהנאתו דומה לאכילה:"
                }, 
                {
                    "segmentNumber": "3", 
                    "links": [
                        {
                            "category": "Talmud", 
                            "index_title": "Sukkah", 
                            "sourceHeRef": "סוכה מ׳ א:י״ח", 
                            "sourceRef": "Sukkah 40a:18"
                        }
                    ], 
                    "he": "יצאו עצי הסקה שהנאתן אחר ביעורן - משנעשו גחלים אופין בהן אבל לולב עיקר הנאתו לכבד את הבית והוא שעת ביעורו וקלקולו ודמי להנאת אכילה ועלי קנים וגפנים קיימי להכי ולהכי הלכך בתר מחשבה אזלי:"
                }
            ], 
            "heTitle": "רש\"י על סוכה מ׳ א:י״ח", 
            "indexTitle": "Rashi on Sukkah", 
            "sectionRef": "Rashi on Sukkah 40a:18", 
            "prev": "Rashi on Sukkah 40a:17", 
            "ref": "Rashi on Sukkah 40a:18", 
            "heRef": "רש\"י על סוכה מ׳ א:י״ח", 
            "next": "Rashi on Sukkah 40a:19"
        }, 
        "Rashi on Sukkah 40a:11": {
            "content": [], 
            "heTitle": "רש\"י על סוכה מ׳ א:י״א", 
            "indexTitle": "Rashi on Sukkah", 
            "sectionRef": "Rashi on Sukkah 40a:11", 
            "prev": "Rashi on Sukkah 40a:4", 
            "ref": "Rashi on Sukkah 40a:11", 
            "heRef": "רש\"י על סוכה מ׳ א:י״א", 
            "next": "Rashi on Sukkah 40a:15"
        }, 
        "Rashi on Sukkah 40a:10": {
            "content": [], 
            "heTitle": "רש\"י על סוכה מ׳ א:י׳", 
            "indexTitle": "Rashi on Sukkah", 
            "sectionRef": "Rashi on Sukkah 40a:10", 
            "prev": "Rashi on Sukkah 40a:4", 
            "ref": "Rashi on Sukkah 40a:10", 
            "heRef": "רש\"י על סוכה מ׳ א:י׳", 
            "next": "Rashi on Sukkah 40a:15"
        }, 
        "Rashi on Sukkah 40a:13": {
            "content": [], 
            "heTitle": "רש\"י על סוכה מ׳ א:י״ג", 
            "indexTitle": "Rashi on Sukkah", 
            "sectionRef": "Rashi on Sukkah 40a:13", 
            "prev": "Rashi on Sukkah 40a:4", 
            "ref": "Rashi on Sukkah 40a:13", 
            "heRef": "רש\"י על סוכה מ׳ א:י״ג", 
            "next": "Rashi on Sukkah 40a:15"
        }, 
        "Rashi on Sukkah 40a:12": {
            "content": [], 
            "heTitle": "רש\"י על סוכה מ׳ א:י״ב", 
            "indexTitle": "Rashi on Sukkah", 
            "sectionRef": "Rashi on Sukkah 40a:12", 
            "prev": "Rashi on Sukkah 40a:4", 
            "ref": "Rashi on Sukkah 40a:12", 
            "heRef": "רש\"י על סוכה מ׳ א:י״ב", 
            "next": "Rashi on Sukkah 40a:15"
        }, 
        "Rashi on Sukkah 40a:15": {
            "content": [
                {
                    "segmentNumber": "1", 
                    "links": [
                        {
                            "category": "Talmud", 
                            "index_title": "Sukkah", 
                            "sourceHeRef": "סוכה מ׳ א:ט״ו", 
                            "sourceRef": "Sukkah 40a:15"
                        }
                    ], 
                    "he": "טעמא דלולב בר ששית כו' - קושיא היא כלומר לעיל אמר דהיינו טעמא דלולב ניקח משום דבר ששית הוא הא שביעית הוא אסור ונפקא מינה שלולבי שביעית קדושת שביעית נוהג בהו שלא ליקח בדמיהן חלוק וטלית:"
                }
            ], 
            "heTitle": "רש\"י על סוכה מ׳ א:ט״ו", 
            "indexTitle": "Rashi on Sukkah", 
            "sectionRef": "Rashi on Sukkah 40a:15", 
            "prev": "Rashi on Sukkah 40a:4", 
            "ref": "Rashi on Sukkah 40a:15", 
            "heRef": "רש\"י על סוכה מ׳ א:ט״ו", 
            "next": "Rashi on Sukkah 40a:17"
        }, 
        "Rashi on Sukkah 40a:14": {
            "content": [], 
            "heTitle": "רש\"י על סוכה מ׳ א:י״ד", 
            "indexTitle": "Rashi on Sukkah", 
            "sectionRef": "Rashi on Sukkah 40a:14", 
            "prev": "Rashi on Sukkah 40a:4", 
            "ref": "Rashi on Sukkah 40a:14", 
            "heRef": "רש\"י על סוכה מ׳ א:י״ד", 
            "next": "Rashi on Sukkah 40a:15"
        }, 
        "Rashi on Sukkah 40a:17": {
            "content": [
                {
                    "segmentNumber": "1", 
                    "links": [
                        {
                            "category": "Talmud", 
                            "index_title": "Sukkah", 
                            "sourceHeRef": "סוכה מ׳ א:י״ז", 
                            "sourceRef": "Sukkah 40a:17"
                        }
                    ], 
                    "he": "שגבבן - שכינסן לאוצרן:"
                }, 
                {
                    "segmentNumber": "2", 
                    "links": [
                        {
                            "category": "Talmud", 
                            "index_title": "Sukkah", 
                            "sourceHeRef": "סוכה מ׳ א:י״ז", 
                            "sourceRef": "Sukkah 40a:17"
                        }
                    ], 
                    "he": "לחובה - לשון מחבא:"
                }, 
                {
                    "segmentNumber": "3", 
                    "links": [
                        {
                            "category": "Talmud", 
                            "index_title": "Sukkah", 
                            "sourceHeRef": "סוכה מ׳ א:י״ז", 
                            "sourceRef": "Sukkah 40a:17"
                        }
                    ], 
                    "he": "לקטן לאכילה - למאכל בהמה:"
                }
            ], 
            "heTitle": "רש\"י על סוכה מ׳ א:י״ז", 
            "indexTitle": "Rashi on Sukkah", 
            "sectionRef": "Rashi on Sukkah 40a:17", 
            "prev": "Rashi on Sukkah 40a:15", 
            "ref": "Rashi on Sukkah 40a:17", 
            "heRef": "רש\"י על סוכה מ׳ א:י״ז", 
            "next": "Rashi on Sukkah 40a:18"
        }, 
        "Rashi on Sukkah 40a:16": {
            "content": [], 
            "heTitle": "רש\"י על סוכה מ׳ א:ט״ז", 
            "indexTitle": "Rashi on Sukkah", 
            "sectionRef": "Rashi on Sukkah 40a:16", 
            "prev": "Rashi on Sukkah 40a:15", 
            "ref": "Rashi on Sukkah 40a:16", 
            "heRef": "רש\"י על סוכה מ׳ א:ט״ז", 
            "next": "Rashi on Sukkah 40a:17"
        }, 
        "Rashi on Sukkah 40a:31": {
            "content": [
                {
                    "segmentNumber": "1", 
                    "links": [
                        {
                            "category": "Talmud", 
                            "index_title": "Sukkah", 
                            "sourceHeRef": "סוכה מ׳ א:ל״א", 
                            "sourceRef": "Sukkah 40a:31"
                        }
                    ], 
                    "he": "למלוגמא - לרפואה:"
                }
            ], 
            "heTitle": "רש\"י על סוכה מ׳ א:ל״א", 
            "indexTitle": "Rashi on Sukkah", 
            "sectionRef": "Rashi on Sukkah 40a:31", 
            "prev": "Rashi on Sukkah 40a:24", 
            "ref": "Rashi on Sukkah 40a:31", 
            "heRef": "רש\"י על סוכה מ׳ א:ל״א", 
            "next": "Rashi on Sukkah 40b:1"
        }, 
        "Rashi on Sukkah 40a:30": {
            "content": [], 
            "heTitle": "רש\"י על סוכה מ׳ א:ל׳", 
            "indexTitle": "Rashi on Sukkah", 
            "sectionRef": "Rashi on Sukkah 40a:30", 
            "prev": "Rashi on Sukkah 40a:24", 
            "ref": "Rashi on Sukkah 40a:30", 
            "heRef": "רש\"י על סוכה מ׳ א:ל׳", 
            "next": "Rashi on Sukkah 40a:31"
        }, 
        "Rashi on Sukkah 40a:1": {
            "content": [
                {
                    "segmentNumber": "1", 
                    "links": [
                        {
                            "category": "Talmud", 
                            "index_title": "Sukkah", 
                            "sourceHeRef": "סוכה מ׳ א:א׳", 
                            "sourceRef": "Sukkah 40a:1"
                        }
                    ], 
                    "he": "שבשעת לקיטתו עישורו - שאם חנט בשנה שניה שמעשרותיה מעשר ראשון ומעשר שני ונלקט בשלישית לשמיטה שמעשרותיה מעשר ראשון ומעשר עני מתעשר כדין מעשר שלישית ואילו שאר אילנות שחנטו פירותיהן בשניה ונלקטו בשלישית מתעשרין כדין שניה ולענין מעשר השוו אתרוג לירק דמעשר פירות האילן וירקות דרבנן ומעשר גורן ויקב דאורייתא ובגורן ויקב ילפינן בראש השנה (דף יג:) שמתעשר אחר השנה שהביאו שליש מקראי ואסמכו רבנן מעשר דבריהם אגורן ויקב מה גורן ויקב מיוחדים שגדילים על רוב מים דהיינו מי גשמים ומתעשרין לשנה שעברה אף כל הגדילין על רוב מים כגון פירות האילן מתעשרין לשנה שעברה יצאו ירקות שגדילין על כל מים שמתעשרים לשנה הבאה ואתרוג נמי גדל על כל מים כירק:"
                }
            ], 
            "heTitle": "רש\"י על סוכה מ׳ א:א׳", 
            "indexTitle": "Rashi on Sukkah", 
            "sectionRef": "Rashi on Sukkah 40a:1", 
            "prev": "Rashi on Sukkah 39b:19", 
            "ref": "Rashi on Sukkah 40a:1", 
            "heRef": "רש\"י על סוכה מ׳ א:א׳", 
            "next": "Rashi on Sukkah 40a:3"
        }, 
        "Rashi on Sukkah 40a:3": {
            "content": [
                {
                    "segmentNumber": "1", 
                    "links": [
                        {
                            "category": "Talmud", 
                            "index_title": "Sukkah", 
                            "sourceHeRef": "סוכה מ׳ א:ג׳", 
                            "sourceRef": "Sukkah 40a:3"
                        }
                    ], 
                    "he": "לכל דבר - אף למעשרות:"
                }
            ], 
            "heTitle": "רש\"י על סוכה מ׳ א:ג׳", 
            "indexTitle": "Rashi on Sukkah", 
            "sectionRef": "Rashi on Sukkah 40a:3", 
            "prev": "Rashi on Sukkah 40a:1", 
            "ref": "Rashi on Sukkah 40a:3", 
            "heRef": "רש\"י על סוכה מ׳ א:ג׳", 
            "next": "Rashi on Sukkah 40a:4"
        }, 
        "Rashi on Sukkah 40a:2": {
            "content": [], 
            "heTitle": "רש\"י על סוכה מ׳ א:ב׳", 
            "indexTitle": "Rashi on Sukkah", 
            "sectionRef": "Rashi on Sukkah 40a:2", 
            "prev": "Rashi on Sukkah 40a:1", 
            "ref": "Rashi on Sukkah 40a:2", 
            "heRef": "רש\"י על סוכה מ׳ א:ב׳", 
            "next": "Rashi on Sukkah 40a:3"
        }, 
        "Rashi on Sukkah 40a:5": {
            "content": [], 
            "heTitle": "רש\"י על סוכה מ׳ א:ה׳", 
            "indexTitle": "Rashi on Sukkah", 
            "sectionRef": "Rashi on Sukkah 40a:5", 
            "prev": "Rashi on Sukkah 40a:4", 
            "ref": "Rashi on Sukkah 40a:5", 
            "heRef": "רש\"י על סוכה מ׳ א:ה׳", 
            "next": "Rashi on Sukkah 40a:15"
        }, 
        "Rashi on Sukkah 40a:4": {
            "content": [
                {
                    "segmentNumber": "1", 
                    "links": [
                        {
                            "category": "Talmud", 
                            "index_title": "Sukkah", 
                            "sourceHeRef": "סוכה מ׳ א:ד׳", 
                            "sourceRef": "Sukkah 40a:4"
                        }
                    ], 
                    "he": "הוא דאמר - תנא דמתני' דמקפיד אאתרוג:"
                }, 
                {
                    "segmentNumber": "2", 
                    "links": [
                        {
                            "category": "Talmud", 
                            "index_title": "Sukkah", 
                            "sourceHeRef": "סוכה מ׳ א:ד׳", 
                            "sourceRef": "Sukkah 40a:4"
                        }
                    ], 
                    "he": "(דאמר) כי האי תנא - דקתני ורבותינו נמנו באושא ואמרו אתרוג אחר לקיטה בין למעשר בין לשביעית:"
                }
            ], 
            "heTitle": "רש\"י על סוכה מ׳ א:ד׳", 
            "indexTitle": "Rashi on Sukkah", 
            "sectionRef": "Rashi on Sukkah 40a:4", 
            "prev": "Rashi on Sukkah 40a:3", 
            "ref": "Rashi on Sukkah 40a:4", 
            "heRef": "רש\"י על סוכה מ׳ א:ד׳", 
            "next": "Rashi on Sukkah 40a:15"
        }, 
        "Rashi on Sukkah 40a:7": {
            "content": [], 
            "heTitle": "רש\"י על סוכה מ׳ א:ז׳", 
            "indexTitle": "Rashi on Sukkah", 
            "sectionRef": "Rashi on Sukkah 40a:7", 
            "prev": "Rashi on Sukkah 40a:4", 
            "ref": "Rashi on Sukkah 40a:7", 
            "heRef": "רש\"י על סוכה מ׳ א:ז׳", 
            "next": "Rashi on Sukkah 40a:15"
        }, 
        "Rashi on Sukkah 40a:6": {
            "content": [], 
            "heTitle": "רש\"י על סוכה מ׳ א:ו׳", 
            "indexTitle": "Rashi on Sukkah", 
            "sectionRef": "Rashi on Sukkah 40a:6", 
            "prev": "Rashi on Sukkah 40a:4", 
            "ref": "Rashi on Sukkah 40a:6", 
            "heRef": "רש\"י על סוכה מ׳ א:ו׳", 
            "next": "Rashi on Sukkah 40a:15"
        }, 
        "Rashi on Sukkah 40a:9": {
            "content": [], 
            "heTitle": "רש\"י על סוכה מ׳ א:ט׳", 
            "indexTitle": "Rashi on Sukkah", 
            "sectionRef": "Rashi on Sukkah 40a:9", 
            "prev": "Rashi on Sukkah 40a:4", 
            "ref": "Rashi on Sukkah 40a:9", 
            "heRef": "רש\"י על סוכה מ׳ א:ט׳", 
            "next": "Rashi on Sukkah 40a:15"
        }, 
        "Rashi on Sukkah 40a:8": {
            "content": [], 
            "heTitle": "רש\"י על סוכה מ׳ א:ח׳", 
            "indexTitle": "Rashi on Sukkah", 
            "sectionRef": "Rashi on Sukkah 40a:8", 
            "prev": "Rashi on Sukkah 40a:4", 
            "ref": "Rashi on Sukkah 40a:8", 
            "heRef": "רש\"י על סוכה מ׳ א:ח׳", 
            "next": "Rashi on Sukkah 40a:15"
        }, 
        "Rashi on Sukkah 40a:24": {
            "content": [
                {
                    "segmentNumber": "1", 
                    "links": [
                        {
                            "category": "Talmud", 
                            "index_title": "Sukkah", 
                            "sourceHeRef": "סוכה מ׳ א:כ״ד", 
                            "sourceRef": "Sukkah 40a:24"
                        }
                    ], 
                    "he": "אין מוסרין פירות שביעית לא לתוך משרה - לשרות פשתן ביין של שביעית:"
                }, 
                {
                    "segmentNumber": "2", 
                    "links": [
                        {
                            "category": "Talmud", 
                            "index_title": "Sukkah", 
                            "sourceHeRef": "סוכה מ׳ א:כ״ד", 
                            "sourceRef": "Sukkah 40a:24"
                        }
                    ], 
                    "he": "ולא לכבוסה - לכבוס בגדי' ביין של שביעית משרה וכבוסה הנאתן אחר ביעורן שמשעה ששורה הבגדים או הפשתן ביין שעה אחת נתבער ואבד לו והנאתו אינה עד שילבש הבגדים:"
                }
            ], 
            "heTitle": "רש\"י על סוכה מ׳ א:כ״ד", 
            "indexTitle": "Rashi on Sukkah", 
            "sectionRef": "Rashi on Sukkah 40a:24", 
            "prev": "Rashi on Sukkah 40a:22", 
            "ref": "Rashi on Sukkah 40a:24", 
            "heRef": "רש\"י על סוכה מ׳ א:כ״ד", 
            "next": "Rashi on Sukkah 40a:31"
        }, 
        "Rashi on Sukkah 40a:25": {
            "content": [], 
            "heTitle": "רש\"י על סוכה מ׳ א:כ״ה", 
            "indexTitle": "Rashi on Sukkah", 
            "sectionRef": "Rashi on Sukkah 40a:25", 
            "prev": "Rashi on Sukkah 40a:24", 
            "ref": "Rashi on Sukkah 40a:25", 
            "heRef": "רש\"י על סוכה מ׳ א:כ״ה", 
            "next": "Rashi on Sukkah 40a:31"
        }, 
        "Rashi on Sukkah 40a:26": {
            "content": [], 
            "heTitle": "רש\"י על סוכה מ׳ א:כ״ו", 
            "indexTitle": "Rashi on Sukkah", 
            "sectionRef": "Rashi on Sukkah 40a:26", 
            "prev": "Rashi on Sukkah 40a:24", 
            "ref": "Rashi on Sukkah 40a:26", 
            "heRef": "רש\"י על סוכה מ׳ א:כ״ו", 
            "next": "Rashi on Sukkah 40a:31"
        }, 
        "Rashi on Sukkah 40a:27": {
            "content": [], 
            "heTitle": "רש\"י על סוכה מ׳ א:כ״ז", 
            "indexTitle": "Rashi on Sukkah", 
            "sectionRef": "Rashi on Sukkah 40a:27", 
            "prev": "Rashi on Sukkah 40a:24", 
            "ref": "Rashi on Sukkah 40a:27", 
            "heRef": "רש\"י על סוכה מ׳ א:כ״ז", 
            "next": "Rashi on Sukkah 40a:31"
        }, 
        "Rashi on Sukkah 40a:20": {
            "content": [], 
            "heTitle": "רש\"י על סוכה מ׳ א:כ׳", 
            "indexTitle": "Rashi on Sukkah", 
            "sectionRef": "Rashi on Sukkah 40a:20", 
            "prev": "Rashi on Sukkah 40a:19", 
            "ref": "Rashi on Sukkah 40a:20", 
            "heRef": "רש\"י על סוכה מ׳ א:כ׳", 
            "next": "Rashi on Sukkah 40a:21"
        }, 
        "Rashi on Sukkah 40a:21": {
            "content": [
                {
                    "segmentNumber": "1", 
                    "links": [
                        {
                            "category": "Talmud", 
                            "index_title": "Sukkah", 
                            "sourceHeRef": "סוכה מ׳ א:כ״א", 
                            "sourceRef": "Sukkah 40a:21"
                        }
                    ], 
                    "he": "ומשני סתם עצים - של היסק להסקה ניתנו לבריות וסתמן לאו להאיר קיימו הלכך לא נחתא בהו קדושת שביעית מעיקרא ואפילו לקטן להאיר:"
                }
            ], 
            "heTitle": "רש\"י על סוכה מ׳ א:כ״א", 
            "indexTitle": "Rashi on Sukkah", 
            "sectionRef": "Rashi on Sukkah 40a:21", 
            "prev": "Rashi on Sukkah 40a:19", 
            "ref": "Rashi on Sukkah 40a:21", 
            "heRef": "רש\"י על סוכה מ׳ א:כ״א", 
            "next": "Rashi on Sukkah 40a:22"
        }, 
        "Rashi on Sukkah 40a:22": {
            "content": [
                {
                    "segmentNumber": "1", 
                    "links": [
                        {
                            "category": "Talmud", 
                            "index_title": "Sukkah", 
                            "sourceHeRef": "סוכה מ׳ א:כ״ב", 
                            "sourceRef": "Sukkah 40a:22"
                        }
                    ], 
                    "he": "ה\"ג עצים דהסקה תנאי היא - ועצים דהסקה גופייהו שהנאתן אחר ביעורן תנאי היא אי נהגא בהו שביעית אי לא דאיכא תנא דדריש לכם דומיא דלאכילה למעוטי כל שהנאתו אחר ביעורו כדדרשינן לעיל ומההיא דרשה אימעוט עצים ואיכא דלא ממעט מיניה אלא דבר שאין הנאתו שוה בכל אדם כגון מלוגמא וזילוף ואפיקטויזין ואני שמעתי מרבותי שהיו גורסים וסתם עצים להסקה נינהו תנאי היא וכן כתוב בכל הספרים וטרחתי מנעורי בכל צידי שיטת הש\"ס לישבה כפי דבריהם ואיני יכול ומצאתי גירסא זו בספר כתב ידו של רבינו גרשום בן יהודה מנוחתו כבוד ובסדר ישועות של רבינו יצחק בר מנחם כתוב ואינו מוגה וכן נראה בעיני:"
                }
            ], 
            "heTitle": "רש\"י על סוכה מ׳ א:כ״ב", 
            "indexTitle": "Rashi on Sukkah", 
            "sectionRef": "Rashi on Sukkah 40a:22", 
            "prev": "Rashi on Sukkah 40a:21", 
            "ref": "Rashi on Sukkah 40a:22", 
            "heRef": "רש\"י על סוכה מ׳ א:כ״ב", 
            "next": "Rashi on Sukkah 40a:24"
        }, 
        "Rashi on Sukkah 40a:23": {
            "content": [], 
            "heTitle": "רש\"י על סוכה מ׳ א:כ״ג", 
            "indexTitle": "Rashi on Sukkah", 
            "sectionRef": "Rashi on Sukkah 40a:23", 
            "prev": "Rashi on Sukkah 40a:22", 
            "ref": "Rashi on Sukkah 40a:23", 
            "heRef": "רש\"י על סוכה מ׳ א:כ״ג", 
            "next": "Rashi on Sukkah 40a:24"
        }, 
        "Rashi on Sukkah 40a:28": {
            "content": [], 
            "heTitle": "רש\"י על סוכה מ׳ א:כ״ח", 
            "indexTitle": "Rashi on Sukkah", 
            "sectionRef": "Rashi on Sukkah 40a:28", 
            "prev": "Rashi on Sukkah 40a:24", 
            "ref": "Rashi on Sukkah 40a:28", 
            "heRef": "רש\"י על סוכה מ׳ א:כ״ח", 
            "next": "Rashi on Sukkah 40a:31"
        }, 
        "Rashi on Sukkah 40a:29": {
            "content": [], 
            "heTitle": "רש\"י על סוכה מ׳ א:כ״ט", 
            "indexTitle": "Rashi on Sukkah", 
            "sectionRef": "Rashi on Sukkah 40a:29", 
            "prev": "Rashi on Sukkah 40a:24", 
            "ref": "Rashi on Sukkah 40a:29", 
            "heRef": "רש\"י על סוכה מ׳ א:כ״ט", 
            "next": "Rashi on Sukkah 40a:31"
        }
    }, 
    "ref": "Rashi on Sukkah 40a"
}