{
    "sections": {
        "Rashi on Sukkah 54a:23": {
            "content": [
                {
                    "segmentNumber": "1", 
                    "links": [
                        {
                            "category": "Talmud", 
                            "index_title": "Sukkah", 
                            "sourceHeRef": "סוכה נ״ד א:כ״ג", 
                            "sourceRef": "Sukkah 54a:23"
                        }
                    ], 
                    "he": "לומר שתוקעין כו' - הוא היה מפרש לה דמאי הכל לפי המוספין דקאמרינן שתוקעין על כל מוסף ומוסף יום שיש בו שתי קדושות כגון שבת ויום טוב וצריך שני מוספין תוקעין לכל מוסף שאומרים למוסף שבת שיר של שבת ותוקעין תשע תקיעות לשלשה פרקים ולמוסף יו\"ט שיר של יום טוב ותוקעין ט' תקיעות:"
                }
            ], 
            "heTitle": "רש\"י על סוכה נ״ד א:כ״ג", 
            "indexTitle": "Rashi on Sukkah", 
            "sectionRef": "Rashi on Sukkah 54a:23", 
            "prev": "Rashi on Sukkah 54a:22", 
            "ref": "Rashi on Sukkah 54a:23", 
            "heRef": "רש\"י על סוכה נ״ד א:כ״ג", 
            "next": "Rashi on Sukkah 54a:26"
        }, 
        "Rashi on Sukkah 54a:22": {
            "content": [
                {
                    "segmentNumber": "1", 
                    "links": [
                        {
                            "category": "Talmud", 
                            "index_title": "Sukkah", 
                            "sourceHeRef": "סוכה נ״ד א:כ״ב", 
                            "sourceRef": "Sukkah 54a:22"
                        }
                    ], 
                    "he": "הוא תני לה - רבי אחא דתני לה הוא אמר לה:"
                }
            ], 
            "heTitle": "רש\"י על סוכה נ״ד א:כ״ב", 
            "indexTitle": "Rashi on Sukkah", 
            "sectionRef": "Rashi on Sukkah 54a:22", 
            "prev": "Rashi on Sukkah 54a:21", 
            "ref": "Rashi on Sukkah 54a:22", 
            "heRef": "רש\"י על סוכה נ״ד א:כ״ב", 
            "next": "Rashi on Sukkah 54a:23"
        }, 
        "Rashi on Sukkah 54a:21": {
            "content": [
                {
                    "segmentNumber": "1", 
                    "links": [
                        {
                            "category": "Talmud", 
                            "index_title": "Sukkah", 
                            "sourceHeRef": "סוכה נ״ד א:כ״א", 
                            "sourceRef": "Sukkah 54a:21"
                        }
                    ], 
                    "he": "הכל לפי המוספין תוקעין - מפרש ואזיל לה:"
                }
            ], 
            "heTitle": "רש\"י על סוכה נ״ד א:כ״א", 
            "indexTitle": "Rashi on Sukkah", 
            "sectionRef": "Rashi on Sukkah 54a:21", 
            "prev": "Rashi on Sukkah 54a:20", 
            "ref": "Rashi on Sukkah 54a:21", 
            "heRef": "רש\"י על סוכה נ״ד א:כ״א", 
            "next": "Rashi on Sukkah 54a:22"
        }, 
        "Rashi on Sukkah 54a:20": {
            "content": [
                {
                    "segmentNumber": "1", 
                    "links": [
                        {
                            "category": "Talmud", 
                            "index_title": "Sukkah", 
                            "sourceHeRef": "סוכה נ״ד א:כ׳", 
                            "sourceRef": "Sukkah 54a:20"
                        }
                    ], 
                    "he": "שאין ת\"ל יתקעו - אלא ובני אהרן בחצוצרות:"
                }
            ], 
            "heTitle": "רש\"י על סוכה נ״ד א:כ׳", 
            "indexTitle": "Rashi on Sukkah", 
            "sectionRef": "Rashi on Sukkah 54a:20", 
            "prev": "Rashi on Sukkah 54a:17", 
            "ref": "Rashi on Sukkah 54a:20", 
            "heRef": "רש\"י על סוכה נ״ד א:כ׳", 
            "next": "Rashi on Sukkah 54a:21"
        }, 
        "Rashi on Sukkah 54a:27": {
            "content": [], 
            "heTitle": "רש\"י על סוכה נ״ד א:כ״ז", 
            "indexTitle": "Rashi on Sukkah", 
            "sectionRef": "Rashi on Sukkah 54a:27", 
            "prev": "Rashi on Sukkah 54a:26", 
            "ref": "Rashi on Sukkah 54a:27", 
            "heRef": "רש\"י על סוכה נ״ד א:כ״ז", 
            "next": "Rashi on Sukkah 54a:29"
        }, 
        "Rashi on Sukkah 54a:26": {
            "content": [
                {
                    "segmentNumber": "1", 
                    "links": [
                        {
                            "category": "Talmud", 
                            "index_title": "Sukkah", 
                            "sourceHeRef": "סוכה נ״ד א:כ״ו", 
                            "sourceRef": "Sukkah 54a:26"
                        }
                    ], 
                    "he": "ואם איתא - דתוקעין על כל מוסף ליתני שבת שבתוך החג:"
                }
            ], 
            "heTitle": "רש\"י על סוכה נ״ד א:כ״ו", 
            "indexTitle": "Rashi on Sukkah", 
            "sectionRef": "Rashi on Sukkah 54a:26", 
            "prev": "Rashi on Sukkah 54a:23", 
            "ref": "Rashi on Sukkah 54a:26", 
            "heRef": "רש\"י על סוכה נ״ד א:כ״ו", 
            "next": "Rashi on Sukkah 54a:29"
        }, 
        "Rashi on Sukkah 54a:25": {
            "content": [], 
            "heTitle": "רש\"י על סוכה נ״ד א:כ״ה", 
            "indexTitle": "Rashi on Sukkah", 
            "sectionRef": "Rashi on Sukkah 54a:25", 
            "prev": "Rashi on Sukkah 54a:23", 
            "ref": "Rashi on Sukkah 54a:25", 
            "heRef": "רש\"י על סוכה נ״ד א:כ״ה", 
            "next": "Rashi on Sukkah 54a:26"
        }, 
        "Rashi on Sukkah 54a:24": {
            "content": [], 
            "heTitle": "רש\"י על סוכה נ״ד א:כ״ד", 
            "indexTitle": "Rashi on Sukkah", 
            "sectionRef": "Rashi on Sukkah 54a:24", 
            "prev": "Rashi on Sukkah 54a:23", 
            "ref": "Rashi on Sukkah 54a:24", 
            "heRef": "רש\"י על סוכה נ״ד א:כ״ד", 
            "next": "Rashi on Sukkah 54a:26"
        }, 
        "Rashi on Sukkah 54a:29": {
            "content": [
                {
                    "segmentNumber": "1", 
                    "links": [
                        {
                            "category": "Talmud", 
                            "index_title": "Sukkah", 
                            "sourceHeRef": "סוכה נ״ד א:כ״ט", 
                            "sourceRef": "Sukkah 54a:29"
                        }
                    ], 
                    "he": "שאין תוקעין לפתיחת שערים בשבת - שאינה למצוה כתקיעות של קרבן דכתיבי בקרא ותקעתם בחצוצרות על עולותיכם אבל הנך לסימנא נינהו שישמעו ויבאו למעמדם ולדוכנם ולא דחו שבת הלכך הדר הוי להו מ\"ח:"
                }
            ], 
            "heTitle": "רש\"י על סוכה נ״ד א:כ״ט", 
            "indexTitle": "Rashi on Sukkah", 
            "sectionRef": "Rashi on Sukkah 54a:29", 
            "prev": "Rashi on Sukkah 54a:26", 
            "ref": "Rashi on Sukkah 54a:29", 
            "heRef": "רש\"י על סוכה נ״ד א:כ״ט", 
            "next": "Rashi on Sukkah 54a:31"
        }, 
        "Rashi on Sukkah 54a:28": {
            "content": [], 
            "heTitle": "רש\"י על סוכה נ״ד א:כ״ח", 
            "indexTitle": "Rashi on Sukkah", 
            "sectionRef": "Rashi on Sukkah 54a:28", 
            "prev": "Rashi on Sukkah 54a:26", 
            "ref": "Rashi on Sukkah 54a:28", 
            "heRef": "רש\"י על סוכה נ״ד א:כ״ח", 
            "next": "Rashi on Sukkah 54a:29"
        }, 
        "Rashi on Sukkah 54a:45": {
            "content": [], 
            "heTitle": "רש\"י על סוכה נ״ד א:מ״ה", 
            "indexTitle": "Rashi on Sukkah", 
            "sectionRef": "Rashi on Sukkah 54a:45", 
            "prev": "Rashi on Sukkah 54a:43", 
            "ref": "Rashi on Sukkah 54a:45", 
            "heRef": "רש\"י על סוכה נ״ד א:מ״ה", 
            "next": "Rashi on Sukkah 54a:48"
        }, 
        "Rashi on Sukkah 54a:44": {
            "content": [], 
            "heTitle": "רש\"י על סוכה נ״ד א:מ״ד", 
            "indexTitle": "Rashi on Sukkah", 
            "sectionRef": "Rashi on Sukkah 54a:44", 
            "prev": "Rashi on Sukkah 54a:43", 
            "ref": "Rashi on Sukkah 54a:44", 
            "heRef": "רש\"י על סוכה נ״ד א:מ״ד", 
            "next": "Rashi on Sukkah 54a:48"
        }, 
        "Rashi on Sukkah 54a:47": {
            "content": [], 
            "heTitle": "רש\"י על סוכה נ״ד א:מ״ז", 
            "indexTitle": "Rashi on Sukkah", 
            "sectionRef": "Rashi on Sukkah 54a:47", 
            "prev": "Rashi on Sukkah 54a:43", 
            "ref": "Rashi on Sukkah 54a:47", 
            "heRef": "רש\"י על סוכה נ״ד א:מ״ז", 
            "next": "Rashi on Sukkah 54a:48"
        }, 
        "Rashi on Sukkah 54a:46": {
            "content": [], 
            "heTitle": "רש\"י על סוכה נ״ד א:מ״ו", 
            "indexTitle": "Rashi on Sukkah", 
            "sectionRef": "Rashi on Sukkah 54a:46", 
            "prev": "Rashi on Sukkah 54a:43", 
            "ref": "Rashi on Sukkah 54a:46", 
            "heRef": "רש\"י על סוכה נ״ד א:מ״ו", 
            "next": "Rashi on Sukkah 54a:48"
        }, 
        "Rashi on Sukkah 54a:41": {
            "content": [], 
            "heTitle": "רש\"י על סוכה נ״ד א:מ״א", 
            "indexTitle": "Rashi on Sukkah", 
            "sectionRef": "Rashi on Sukkah 54a:41", 
            "prev": "Rashi on Sukkah 54a:40", 
            "ref": "Rashi on Sukkah 54a:41", 
            "heRef": "רש\"י על סוכה נ״ד א:מ״א", 
            "next": "Rashi on Sukkah 54a:43"
        }, 
        "Rashi on Sukkah 54a:40": {
            "content": [
                {
                    "segmentNumber": "1", 
                    "links": [
                        {
                            "category": "Talmud", 
                            "index_title": "Sukkah", 
                            "sourceHeRef": "סוכה נ״ד א:מ׳", 
                            "sourceRef": "Sukkah 54a:40"
                        }
                    ], 
                    "he": "וליתני ר\"ה כו' - לרבי אחא מותבינן אם איתא דתוקעין לכל מוסף ליתני ר\"ה שחל להיות בשבת היו שם מ\"ח כ\"א שבכל יום וכ\"ז של שלשה מוספין:"
                }
            ], 
            "heTitle": "רש\"י על סוכה נ״ד א:מ׳", 
            "indexTitle": "Rashi on Sukkah", 
            "sectionRef": "Rashi on Sukkah 54a:40", 
            "prev": "Rashi on Sukkah 54a:39", 
            "ref": "Rashi on Sukkah 54a:40", 
            "heRef": "רש\"י על סוכה נ״ד א:מ׳", 
            "next": "Rashi on Sukkah 54a:43"
        }, 
        "Rashi on Sukkah 54a:43": {
            "content": [
                {
                    "segmentNumber": "1", 
                    "links": [
                        {
                            "category": "Talmud", 
                            "index_title": "Sukkah", 
                            "sourceHeRef": "סוכה נ״ד א:מ״ג", 
                            "sourceRef": "Sukkah 54a:43"
                        }
                    ], 
                    "he": "כדרבי אליעזר בן יעקב - דמני להו ולא חשיב דלמעלה העשירית:"
                }
            ], 
            "heTitle": "רש\"י על סוכה נ״ד א:מ״ג", 
            "indexTitle": "Rashi on Sukkah", 
            "sectionRef": "Rashi on Sukkah 54a:43", 
            "prev": "Rashi on Sukkah 54a:40", 
            "ref": "Rashi on Sukkah 54a:43", 
            "heRef": "רש\"י על סוכה נ״ד א:מ״ג", 
            "next": "Rashi on Sukkah 54a:48"
        }, 
        "Rashi on Sukkah 54a:42": {
            "content": [], 
            "heTitle": "רש\"י על סוכה נ״ד א:מ״ב", 
            "indexTitle": "Rashi on Sukkah", 
            "sectionRef": "Rashi on Sukkah 54a:42", 
            "prev": "Rashi on Sukkah 54a:40", 
            "ref": "Rashi on Sukkah 54a:42", 
            "heRef": "רש\"י על סוכה נ״ד א:מ״ב", 
            "next": "Rashi on Sukkah 54a:43"
        }, 
        "Rashi on Sukkah 54a:48": {
            "content": [
                {
                    "segmentNumber": "1", 
                    "links": [
                        {
                            "category": "Talmud", 
                            "index_title": "Sukkah", 
                            "sourceHeRef": "סוכה נ״ד א:מ״ח", 
                            "sourceRef": "Sukkah 54a:48"
                        }, 
                        {
                            "category": "Talmud", 
                            "index_title": "Pesachim", 
                            "sourceHeRef": "פסחים ס״ד א", 
                            "sourceRef": "Pesachim 64a"
                        }
                    ], 
                    "he": "ערב הפסח - שיש בשחיטת פסח כ\"ז תקיעות שהפסח נשחט בג' כתות כת אחר כת כדאמר בתמיד נשחט (פסחים דף סד.) וכל כת קוראה את ההלל ג' פעמים שהיו פסחיהם מרובין והיו טעונין הלל בשחיטתם ולא היו מספיקין לשחוט פסחם כל כת וכת עד שיקראוהו שלש פעמים ואף על גב דתנן התם אע\"פ שלא שילשו מימיהן היינו לא גמרו פעם שלישית כולו אבל מיהו אין כת שלא היתה גומרתו שתי פעמים ומתחלת בו פעם שלישית ואין חסר מן התקיעות כלום שבתחילת קריאתו תוקעין וכל קריאה ג' תקיעות:"
                }
            ], 
            "heTitle": "רש\"י על סוכה נ״ד א:מ״ח", 
            "indexTitle": "Rashi on Sukkah", 
            "sectionRef": "Rashi on Sukkah 54a:48", 
            "prev": "Rashi on Sukkah 54a:43", 
            "ref": "Rashi on Sukkah 54a:48", 
            "heRef": "רש\"י על סוכה נ״ד א:מ״ח", 
            "next": "Rashi on Sukkah 54b:2"
        }, 
        "Rashi on Sukkah 54a:34": {
            "content": [], 
            "heTitle": "רש\"י על סוכה נ״ד א:ל״ד", 
            "indexTitle": "Rashi on Sukkah", 
            "sectionRef": "Rashi on Sukkah 54a:34", 
            "prev": "Rashi on Sukkah 54a:33", 
            "ref": "Rashi on Sukkah 54a:34", 
            "heRef": "רש\"י על סוכה נ״ד א:ל״ד", 
            "next": "Rashi on Sukkah 54a:35"
        }, 
        "Rashi on Sukkah 54a:35": {
            "content": [
                {
                    "segmentNumber": "1", 
                    "links": [
                        {
                            "category": "Talmud", 
                            "index_title": "Sukkah", 
                            "sourceHeRef": "סוכה נ״ד א:ל״ה", 
                            "sourceRef": "Sukkah 54a:35"
                        }
                    ], 
                    "he": "ועוד אי נמי כי הדדי נינהו - כלומר אפי' לדבריו שאין תוקעין לפתיחת שערים בשבת והוו להו נמי בשבת שבתוך החג מ\"ח כדהוו ארבעים ושמונה בע\"ש שבתוך החג ליתני שבת שבתוך החג דהא הוה ליה למיתני ולמישבק ע\"ש:"
                }
            ], 
            "heTitle": "רש\"י על סוכה נ״ד א:ל״ה", 
            "indexTitle": "Rashi on Sukkah", 
            "sectionRef": "Rashi on Sukkah 54a:35", 
            "prev": "Rashi on Sukkah 54a:33", 
            "ref": "Rashi on Sukkah 54a:35", 
            "heRef": "רש\"י על סוכה נ״ד א:ל״ה", 
            "next": "Rashi on Sukkah 54a:36"
        }, 
        "Rashi on Sukkah 54a:36": {
            "content": [
                {
                    "segmentNumber": "1", 
                    "links": [
                        {
                            "category": "Talmud", 
                            "index_title": "Sukkah", 
                            "sourceHeRef": "סוכה נ״ד א:ל״ו", 
                            "sourceRef": "Sukkah 54a:36"
                        }
                    ], 
                    "he": "דהא שמעינן מינה תרתי שמעת מינה דרבי אליעזר בן יעקב - דאין תוקעין למעלה העשירית אלא על גבי המזבח כדקאמר להו ואזיל ושמעינן מיניה דרבי אחא דתוקעין על כל מוסף דאילו שלשה להבדיל וג' להבטיל אשמעינן ברישא ואמאי שבקה ותנא ע\"ש ולא אשמעינן מילתא חדתא אלא דרבי אליעזר בן יעקב לחודא:"
                }
            ], 
            "heTitle": "רש\"י על סוכה נ״ד א:ל״ו", 
            "indexTitle": "Rashi on Sukkah", 
            "sectionRef": "Rashi on Sukkah 54a:36", 
            "prev": "Rashi on Sukkah 54a:35", 
            "ref": "Rashi on Sukkah 54a:36", 
            "heRef": "רש\"י על סוכה נ״ד א:ל״ו", 
            "next": "Rashi on Sukkah 54a:39"
        }, 
        "Rashi on Sukkah 54a:37": {
            "content": [], 
            "heTitle": "רש\"י על סוכה נ״ד א:ל״ז", 
            "indexTitle": "Rashi on Sukkah", 
            "sectionRef": "Rashi on Sukkah 54a:37", 
            "prev": "Rashi on Sukkah 54a:36", 
            "ref": "Rashi on Sukkah 54a:37", 
            "heRef": "רש\"י על סוכה נ״ד א:ל״ז", 
            "next": "Rashi on Sukkah 54a:39"
        }, 
        "Rashi on Sukkah 54a:30": {
            "content": [], 
            "heTitle": "רש\"י על סוכה נ״ד א:ל׳", 
            "indexTitle": "Rashi on Sukkah", 
            "sectionRef": "Rashi on Sukkah 54a:30", 
            "prev": "Rashi on Sukkah 54a:29", 
            "ref": "Rashi on Sukkah 54a:30", 
            "heRef": "רש\"י על סוכה נ״ד א:ל׳", 
            "next": "Rashi on Sukkah 54a:31"
        }, 
        "Rashi on Sukkah 54a:31": {
            "content": [
                {
                    "segmentNumber": "1", 
                    "links": [
                        {
                            "category": "Talmud", 
                            "index_title": "Sukkah", 
                            "sourceHeRef": "סוכה נ״ד א:ל״א", 
                            "sourceRef": "Sukkah 54a:31"
                        }
                    ], 
                    "he": "מאן הא - דתריץ הכי:"
                }, 
                {
                    "segmentNumber": "2", 
                    "links": [
                        {
                            "category": "Talmud", 
                            "index_title": "Sukkah", 
                            "sourceHeRef": "סוכה נ״ד א:ל״א", 
                            "sourceRef": "Sukkah 54a:31"
                        }
                    ], 
                    "he": "דלא חש לקימחא - טוחן ומוציא סובין ואינו חושש כלומר מרבה דברים שאינם:"
                }
            ], 
            "heTitle": "רש\"י על סוכה נ״ד א:ל״א", 
            "indexTitle": "Rashi on Sukkah", 
            "sectionRef": "Rashi on Sukkah 54a:31", 
            "prev": "Rashi on Sukkah 54a:29", 
            "ref": "Rashi on Sukkah 54a:31", 
            "heRef": "רש\"י על סוכה נ״ד א:ל״א", 
            "next": "Rashi on Sukkah 54a:33"
        }, 
        "Rashi on Sukkah 54a:32": {
            "content": [], 
            "heTitle": "רש\"י על סוכה נ״ד א:ל״ב", 
            "indexTitle": "Rashi on Sukkah", 
            "sectionRef": "Rashi on Sukkah 54a:32", 
            "prev": "Rashi on Sukkah 54a:31", 
            "ref": "Rashi on Sukkah 54a:32", 
            "heRef": "רש\"י על סוכה נ״ד א:ל״ב", 
            "next": "Rashi on Sukkah 54a:33"
        }, 
        "Rashi on Sukkah 54a:33": {
            "content": [
                {
                    "segmentNumber": "1", 
                    "links": [
                        {
                            "category": "Talmud", 
                            "index_title": "Sukkah", 
                            "sourceHeRef": "סוכה נ״ד א:ל״ג", 
                            "sourceRef": "Sukkah 54a:33"
                        }
                    ], 
                    "he": "חדא דמתני' תנן בכל יום - היו שם אחת ועשרים ומני פתיחת שערים בהדייהו ואם אינם בשבת נמצא שפוחתין מאחת ועשרים:"
                }
            ], 
            "heTitle": "רש\"י על סוכה נ״ד א:ל״ג", 
            "indexTitle": "Rashi on Sukkah", 
            "sectionRef": "Rashi on Sukkah 54a:33", 
            "prev": "Rashi on Sukkah 54a:31", 
            "ref": "Rashi on Sukkah 54a:33", 
            "heRef": "רש\"י על סוכה נ״ד א:ל״ג", 
            "next": "Rashi on Sukkah 54a:35"
        }, 
        "Rashi on Sukkah 54a:38": {
            "content": [], 
            "heTitle": "רש\"י על סוכה נ״ד א:ל״ח", 
            "indexTitle": "Rashi on Sukkah", 
            "sectionRef": "Rashi on Sukkah 54a:38", 
            "prev": "Rashi on Sukkah 54a:36", 
            "ref": "Rashi on Sukkah 54a:38", 
            "heRef": "רש\"י על סוכה נ״ד א:ל״ח", 
            "next": "Rashi on Sukkah 54a:39"
        }, 
        "Rashi on Sukkah 54a:39": {
            "content": [
                {
                    "segmentNumber": "1", 
                    "links": [
                        {
                            "category": "Talmud", 
                            "index_title": "Sukkah", 
                            "sourceHeRef": "סוכה נ״ד א:ל״ט", 
                            "sourceRef": "Sukkah 54a:39"
                        }
                    ], 
                    "he": "לפי שאין תוקעין למילוי המים בשבת - שכבר נתמלאו מערב שבת כדתנן בפרק לולב וערבה (לעיל דף מח:) אלא שהיה ממלא מערב שבת:"
                }, 
                {
                    "segmentNumber": "2", 
                    "links": [
                        {
                            "category": "Talmud", 
                            "index_title": "Sukkah", 
                            "sourceHeRef": "סוכה נ״ד א:ל״ט", 
                            "sourceRef": "Sukkah 54a:39"
                        }
                    ], 
                    "he": "ובצרי להו טובא - כל הנוספות בחג דשער עליון ותחתון ושער המים ולגבי מזבח ובצרי להו נמי דלהבטיל ולהבדיל דערב שבת ואיכא טובא:"
                }
            ], 
            "heTitle": "רש\"י על סוכה נ״ד א:ל״ט", 
            "indexTitle": "Rashi on Sukkah", 
            "sectionRef": "Rashi on Sukkah 54a:39", 
            "prev": "Rashi on Sukkah 54a:36", 
            "ref": "Rashi on Sukkah 54a:39", 
            "heRef": "רש\"י על סוכה נ״ד א:ל״ט", 
            "next": "Rashi on Sukkah 54a:40"
        }, 
        "Rashi on Sukkah 54a:1": {
            "content": [
                {
                    "segmentNumber": "1", 
                    "links": [
                        {
                            "category": "Talmud", 
                            "index_title": "Sukkah", 
                            "sourceHeRef": "סוכה נ״ד א:א׳", 
                            "sourceRef": "Sukkah 54a:1"
                        }
                    ], 
                    "he": "מהו דתימא רבנן היא - ויכול להפסיק בינתים הפסקה מועטת ומאי אין בין דקאמר שלא ימתין המתנה מרובה לאפוקי מדרבי יוחנן:"
                }
            ], 
            "heTitle": "רש\"י על סוכה נ״ד א:א׳", 
            "indexTitle": "Rashi on Sukkah", 
            "sectionRef": "Rashi on Sukkah 54a:1", 
            "prev": "Rashi on Sukkah 53b:62", 
            "ref": "Rashi on Sukkah 54a:1", 
            "heRef": "רש\"י על סוכה נ״ד א:א׳", 
            "next": "Rashi on Sukkah 54a:2"
        }, 
        "Rashi on Sukkah 54a:2": {
            "content": [
                {
                    "segmentNumber": "1", 
                    "links": [
                        {
                            "category": "Talmud", 
                            "index_title": "Sukkah", 
                            "sourceHeRef": "סוכה נ״ד א:ב׳", 
                            "sourceRef": "Sukkah 54a:2"
                        }
                    ], 
                    "he": "תשע תקיעות - האמורות בראש השנה מן התורה שלש למלכיות תקיעה תרועה תקיעה ושלש לזכרונות ושלש לשופרות כדאמרינן בראש השנה (דף לד.) והאי דעבדינן טפי משום ספיקא דתרועה הוא דלא ידעינן אי גנוחי הוא אי ילולי הוא:"
                }
            ], 
            "heTitle": "רש\"י על סוכה נ״ד א:ב׳", 
            "indexTitle": "Rashi on Sukkah", 
            "sectionRef": "Rashi on Sukkah 54a:2", 
            "prev": "Rashi on Sukkah 54a:1", 
            "ref": "Rashi on Sukkah 54a:2", 
            "heRef": "רש\"י על סוכה נ״ד א:ב׳", 
            "next": "Rashi on Sukkah 54a:4"
        }, 
        "Rashi on Sukkah 54a:3": {
            "content": [], 
            "heTitle": "רש\"י על סוכה נ״ד א:ג׳", 
            "indexTitle": "Rashi on Sukkah", 
            "sectionRef": "Rashi on Sukkah 54a:3", 
            "prev": "Rashi on Sukkah 54a:2", 
            "ref": "Rashi on Sukkah 54a:3", 
            "heRef": "רש\"י על סוכה נ״ד א:ג׳", 
            "next": "Rashi on Sukkah 54a:4"
        }, 
        "Rashi on Sukkah 54a:4": {
            "content": [
                {
                    "segmentNumber": "1", 
                    "links": [
                        {
                            "category": "Talmud", 
                            "index_title": "Sukkah", 
                            "sourceHeRef": "סוכה נ״ד א:ד׳", 
                            "sourceRef": "Sukkah 54a:4"
                        }
                    ], 
                    "he": "ולא כלום - משמע דאפילו הפסקה מועטת ליתא:"
                }
            ], 
            "heTitle": "רש\"י על סוכה נ״ד א:ד׳", 
            "indexTitle": "Rashi on Sukkah", 
            "sectionRef": "Rashi on Sukkah 54a:4", 
            "prev": "Rashi on Sukkah 54a:2", 
            "ref": "Rashi on Sukkah 54a:4", 
            "heRef": "רש\"י על סוכה נ״ד א:ד׳", 
            "next": "Rashi on Sukkah 54a:11"
        }, 
        "Rashi on Sukkah 54a:5": {
            "content": [], 
            "heTitle": "רש\"י על סוכה נ״ד א:ה׳", 
            "indexTitle": "Rashi on Sukkah", 
            "sectionRef": "Rashi on Sukkah 54a:5", 
            "prev": "Rashi on Sukkah 54a:4", 
            "ref": "Rashi on Sukkah 54a:5", 
            "heRef": "רש\"י על סוכה נ״ד א:ה׳", 
            "next": "Rashi on Sukkah 54a:11"
        }, 
        "Rashi on Sukkah 54a:6": {
            "content": [], 
            "heTitle": "רש\"י על סוכה נ״ד א:ו׳", 
            "indexTitle": "Rashi on Sukkah", 
            "sectionRef": "Rashi on Sukkah 54a:6", 
            "prev": "Rashi on Sukkah 54a:4", 
            "ref": "Rashi on Sukkah 54a:6", 
            "heRef": "רש\"י על סוכה נ״ד א:ו׳", 
            "next": "Rashi on Sukkah 54a:11"
        }, 
        "Rashi on Sukkah 54a:7": {
            "content": [], 
            "heTitle": "רש\"י על סוכה נ״ד א:ז׳", 
            "indexTitle": "Rashi on Sukkah", 
            "sectionRef": "Rashi on Sukkah 54a:7", 
            "prev": "Rashi on Sukkah 54a:4", 
            "ref": "Rashi on Sukkah 54a:7", 
            "heRef": "רש\"י על סוכה נ״ד א:ז׳", 
            "next": "Rashi on Sukkah 54a:11"
        }, 
        "Rashi on Sukkah 54a:8": {
            "content": [], 
            "heTitle": "רש\"י על סוכה נ״ד א:ח׳", 
            "indexTitle": "Rashi on Sukkah", 
            "sectionRef": "Rashi on Sukkah 54a:8", 
            "prev": "Rashi on Sukkah 54a:4", 
            "ref": "Rashi on Sukkah 54a:8", 
            "heRef": "רש\"י על סוכה נ״ד א:ח׳", 
            "next": "Rashi on Sukkah 54a:11"
        }, 
        "Rashi on Sukkah 54a:9": {
            "content": [], 
            "heTitle": "רש\"י על סוכה נ״ד א:ט׳", 
            "indexTitle": "Rashi on Sukkah", 
            "sectionRef": "Rashi on Sukkah 54a:9", 
            "prev": "Rashi on Sukkah 54a:4", 
            "ref": "Rashi on Sukkah 54a:9", 
            "heRef": "רש\"י על סוכה נ״ד א:ט׳", 
            "next": "Rashi on Sukkah 54a:11"
        }, 
        "Rashi on Sukkah 54a:18": {
            "content": [], 
            "heTitle": "רש\"י על סוכה נ״ד א:י״ח", 
            "indexTitle": "Rashi on Sukkah", 
            "sectionRef": "Rashi on Sukkah 54a:18", 
            "prev": "Rashi on Sukkah 54a:17", 
            "ref": "Rashi on Sukkah 54a:18", 
            "heRef": "רש\"י על סוכה נ״ד א:י״ח", 
            "next": "Rashi on Sukkah 54a:20"
        }, 
        "Rashi on Sukkah 54a:19": {
            "content": [], 
            "heTitle": "רש\"י על סוכה נ״ד א:י״ט", 
            "indexTitle": "Rashi on Sukkah", 
            "sectionRef": "Rashi on Sukkah 54a:19", 
            "prev": "Rashi on Sukkah 54a:17", 
            "ref": "Rashi on Sukkah 54a:19", 
            "heRef": "רש\"י על סוכה נ״ד א:י״ט", 
            "next": "Rashi on Sukkah 54a:20"
        }, 
        "Rashi on Sukkah 54a:12": {
            "content": [], 
            "heTitle": "רש\"י על סוכה נ״ד א:י״ב", 
            "indexTitle": "Rashi on Sukkah", 
            "sectionRef": "Rashi on Sukkah 54a:12", 
            "prev": "Rashi on Sukkah 54a:11", 
            "ref": "Rashi on Sukkah 54a:12", 
            "heRef": "רש\"י על סוכה נ״ד א:י״ב", 
            "next": "Rashi on Sukkah 54a:17"
        }, 
        "Rashi on Sukkah 54a:13": {
            "content": [], 
            "heTitle": "רש\"י על סוכה נ״ד א:י״ג", 
            "indexTitle": "Rashi on Sukkah", 
            "sectionRef": "Rashi on Sukkah 54a:13", 
            "prev": "Rashi on Sukkah 54a:11", 
            "ref": "Rashi on Sukkah 54a:13", 
            "heRef": "רש\"י על סוכה נ״ד א:י״ג", 
            "next": "Rashi on Sukkah 54a:17"
        }, 
        "Rashi on Sukkah 54a:10": {
            "content": [], 
            "heTitle": "רש\"י על סוכה נ״ד א:י׳", 
            "indexTitle": "Rashi on Sukkah", 
            "sectionRef": "Rashi on Sukkah 54a:10", 
            "prev": "Rashi on Sukkah 54a:4", 
            "ref": "Rashi on Sukkah 54a:10", 
            "heRef": "רש\"י על סוכה נ״ד א:י׳", 
            "next": "Rashi on Sukkah 54a:11"
        }, 
        "Rashi on Sukkah 54a:11": {
            "content": [
                {
                    "segmentNumber": "1", 
                    "links": [
                        {
                            "category": "Talmud", 
                            "index_title": "Sukkah", 
                            "sourceHeRef": "סוכה נ״ד א:י״א", 
                            "sourceRef": "Sukkah 54a:11"
                        }
                    ], 
                    "he": "אינו אומר על גבי מזבח - שהיו תוקעין לגבי המזבח:"
                }
            ], 
            "heTitle": "רש\"י על סוכה נ״ד א:י״א", 
            "indexTitle": "Rashi on Sukkah", 
            "sectionRef": "Rashi on Sukkah 54a:11", 
            "prev": "Rashi on Sukkah 54a:4", 
            "ref": "Rashi on Sukkah 54a:11", 
            "heRef": "רש\"י על סוכה נ״ד א:י״א", 
            "next": "Rashi on Sukkah 54a:17"
        }, 
        "Rashi on Sukkah 54a:16": {
            "content": [], 
            "heTitle": "רש\"י על סוכה נ״ד א:ט״ז", 
            "indexTitle": "Rashi on Sukkah", 
            "sectionRef": "Rashi on Sukkah 54a:16", 
            "prev": "Rashi on Sukkah 54a:11", 
            "ref": "Rashi on Sukkah 54a:16", 
            "heRef": "רש\"י על סוכה נ״ד א:ט״ז", 
            "next": "Rashi on Sukkah 54a:17"
        }, 
        "Rashi on Sukkah 54a:17": {
            "content": [
                {
                    "segmentNumber": "1", 
                    "links": [
                        {
                            "category": "Talmud", 
                            "index_title": "Sukkah", 
                            "sourceHeRef": "סוכה נ״ד א:י״ז", 
                            "sourceRef": "Sukkah 54a:17"
                        }
                    ], 
                    "he": "ה\"ג לגבי המזבח למה לי דתקע הא תקע ליה למילוי המים - כל תקיעות הללו של שער העליון והתחתון ושער המים משום מילוי המים הוא הלכך לערבה למה לי תקיעה הא כל הני תקיעות דמוספין בחג אינן אלא משום ושאבתם מים בששון הלכך הואיל וגמירי חשבון התקיעות בחג שנים עשר למעלה העשירית עדיף למיעבד דמוכחא מילתא שהן משום מילוי המים שתוקע לכולן על דבר המילוי כסדר ומעלה עשירית משום דמקום מסוים בעלמא הוא לידע היכן תוקעין אותם ואני שמעתי שלש לגבי מזבח כשמוליכין את המים למזבח וה\"ג לגבי המזבח למה לי דתקע הא תקע ליה בשעת נסוך המים ט' לתמיד של שחר בשעת נסכים היו שאין אומרים שיר אלא על היין וקשיא לי א\"כ נפישן להו תקיעות דהא איכא הנך דתנן גבי זקיפת ערבה או שמא זקיפת ערבה בעת שמוליכין המים למזבח היא:"
                }
            ], 
            "heTitle": "רש\"י על סוכה נ״ד א:י״ז", 
            "indexTitle": "Rashi on Sukkah", 
            "sectionRef": "Rashi on Sukkah 54a:17", 
            "prev": "Rashi on Sukkah 54a:11", 
            "ref": "Rashi on Sukkah 54a:17", 
            "heRef": "רש\"י על סוכה נ״ד א:י״ז", 
            "next": "Rashi on Sukkah 54a:20"
        }, 
        "Rashi on Sukkah 54a:14": {
            "content": [], 
            "heTitle": "רש\"י על סוכה נ״ד א:י״ד", 
            "indexTitle": "Rashi on Sukkah", 
            "sectionRef": "Rashi on Sukkah 54a:14", 
            "prev": "Rashi on Sukkah 54a:11", 
            "ref": "Rashi on Sukkah 54a:14", 
            "heRef": "רש\"י על סוכה נ״ד א:י״ד", 
            "next": "Rashi on Sukkah 54a:17"
        }, 
        "Rashi on Sukkah 54a:15": {
            "content": [], 
            "heTitle": "רש\"י על סוכה נ״ד א:ט״ו", 
            "indexTitle": "Rashi on Sukkah", 
            "sectionRef": "Rashi on Sukkah 54a:15", 
            "prev": "Rashi on Sukkah 54a:11", 
            "ref": "Rashi on Sukkah 54a:15", 
            "heRef": "רש\"י על סוכה נ״ד א:ט״ו", 
            "next": "Rashi on Sukkah 54a:17"
        }
    }, 
    "ref": "Rashi on Sukkah 54a"
}