{
    "sections": {
        "Metzudat David on II Samuel 14:31": {
            "content": [], 
            "heTitle": "מצודת דוד על שמואל ב", 
            "indexTitle": "Metzudat David on II Samuel", 
            "sectionRef": "Metzudat David on II Samuel 14:31", 
            "prev": "Metzudat David on II Samuel 14:30", 
            "ref": "Metzudat David on II Samuel 14:31", 
            "heRef": "מצודת דוד על שמואל ב י״ד:ל״א", 
            "next": "Metzudat David on II Samuel 14:32"
        }, 
        "Metzudat David on II Samuel 14:30": {
            "content": [
                {
                    "segmentNumber": "1", 
                    "links": [
                        {
                            "category": "Tanakh", 
                            "index_title": "II Samuel", 
                            "sourceHeRef": "שמואל ב י״ד:ל׳", 
                            "sourceRef": "II Samuel 14:30"
                        }
                    ], 
                    "he": "<b>ראו .</b> הסתכלו לדעת חלקת יואב אשר היא אל ידי , סמוכה למקום חלקתי :\n"
                }
            ], 
            "heTitle": "מצודת דוד על שמואל ב", 
            "indexTitle": "Metzudat David on II Samuel", 
            "sectionRef": "Metzudat David on II Samuel 14:30", 
            "prev": "Metzudat David on II Samuel 14:26", 
            "ref": "Metzudat David on II Samuel 14:30", 
            "heRef": "מצודת דוד על שמואל ב י״ד:ל׳", 
            "next": "Metzudat David on II Samuel 14:32"
        }, 
        "Metzudat David on II Samuel 14:32": {
            "content": [
                {
                    "segmentNumber": "1", 
                    "links": [
                        {
                            "category": "Tanakh", 
                            "index_title": "II Samuel", 
                            "sourceHeRef": "שמואל ב י״ד:ל״ב", 
                            "sourceRef": "II Samuel 14:32"
                        }
                    ], 
                    "he": "<b>בא הנה וגו' .</b> ועל שלא באת , צויתי להצית החלקה , בכדי שתבוא הנה : "
                }, 
                {
                    "segmentNumber": "2", 
                    "links": [
                        {
                            "category": "Tanakh", 
                            "index_title": "II Samuel", 
                            "sourceHeRef": "שמואל ב י״ד:ל״ב", 
                            "sourceRef": "II Samuel 14:32"
                        }
                    ], 
                    "he": "<b>למה באתי .</b> מה תועלת בביאתי אם אינני רואה פני המלך : "
                }, 
                {
                    "segmentNumber": "3", 
                    "links": [
                        {
                            "category": "Tanakh", 
                            "index_title": "II Samuel", 
                            "sourceHeRef": "שמואל ב י״ד:ל״ב", 
                            "sourceRef": "II Samuel 14:32"
                        }
                    ], 
                    "he": "<b>טוב לי וגו' .</b> כי שם הייתי רואה פני המלך אבי אמי : "
                }, 
                {
                    "segmentNumber": "4", 
                    "links": [
                        {
                            "category": "Tanakh", 
                            "index_title": "II Samuel", 
                            "sourceHeRef": "שמואל ב י״ד:ל״ב", 
                            "sourceRef": "II Samuel 14:32"
                        }
                    ], 
                    "he": "<b>ואם יש בי עון .</b> רוצה לומר : בראותי פניו , אשיב אמרים על מה הרגתי את אמנון , ואם אף על פי כן ימצא בי עון כי לא יקבל אמרי , אזי מקבל אני עלי המיתה , והנני אמות :\n\n"
                }
            ], 
            "heTitle": "מצודת דוד על שמואל ב", 
            "indexTitle": "Metzudat David on II Samuel", 
            "sectionRef": "Metzudat David on II Samuel 14:32", 
            "prev": "Metzudat David on II Samuel 14:30", 
            "ref": "Metzudat David on II Samuel 14:32", 
            "heRef": "מצודת דוד על שמואל ב י״ד:ל״ב", 
            "next": "Metzudat David on II Samuel 15:1"
        }, 
        "Metzudat David on II Samuel 14:7": {
            "content": [
                {
                    "segmentNumber": "1", 
                    "links": [
                        {
                            "category": "Tanakh", 
                            "index_title": "II Samuel", 
                            "sourceHeRef": "שמואל ב י״ד:ז׳", 
                            "sourceRef": "II Samuel 14:7"
                        }
                    ], 
                    "he": "<b>בנפש .</b> בעבור שהרג נפש אחיו , ועם שלא היה בעדים והתראה : "
                }, 
                {
                    "segmentNumber": "2", 
                    "links": [
                        {
                            "category": "Tanakh", 
                            "index_title": "II Samuel", 
                            "sourceHeRef": "שמואל ב י״ד:ז׳", 
                            "sourceRef": "II Samuel 14:7"
                        }
                    ], 
                    "he": "<b>גם את היורש .</b> רוצה לומר : כמו שהשמיד הוא את אחיו מורישו , כן נשמיד גם אותו , שהוא היורש את אחיו : "
                }, 
                {
                    "segmentNumber": "3", 
                    "links": [
                        {
                            "category": "Tanakh", 
                            "index_title": "II Samuel", 
                            "sourceHeRef": "שמואל ב י״ד:ז׳", 
                            "sourceRef": "II Samuel 14:7"
                        }
                    ], 
                    "he": "<b>וכבו את גחלתי .</b> ובזה יכבו מעט האורה הנשארה לי , כי אישי מת , ואחיו איננו , והוא לבדו נשאר , ואם גם אותו ימיתו , לא ישאר מאומה : "
                }, 
                {
                    "segmentNumber": "4", 
                    "links": [
                        {
                            "category": "Tanakh", 
                            "index_title": "II Samuel", 
                            "sourceHeRef": "שמואל ב י״ד:ז׳", 
                            "sourceRef": "II Samuel 14:7"
                        }
                    ], 
                    "he": "<b>לבלתי שים .</b> רוצה לומר : כוונת המשפחה היא , לבל יושם לאישי שארית , לשהם ירשו נחלת אישי :\n"
                }
            ], 
            "heTitle": "מצודת דוד על שמואל ב", 
            "indexTitle": "Metzudat David on II Samuel", 
            "sectionRef": "Metzudat David on II Samuel 14:7", 
            "prev": "Metzudat David on II Samuel 14:6", 
            "ref": "Metzudat David on II Samuel 14:7", 
            "heRef": "מצודת דוד על שמואל ב י״ד:ז׳", 
            "next": "Metzudat David on II Samuel 14:8"
        }, 
        "Metzudat David on II Samuel 14:6": {
            "content": [
                {
                    "segmentNumber": "1", 
                    "links": [
                        {
                            "category": "Tanakh", 
                            "index_title": "II Samuel", 
                            "sourceHeRef": "שמואל ב י״ד:ו׳", 
                            "sourceRef": "II Samuel 14:6"
                        }
                    ], 
                    "he": "<b>ואין מציל .</b> לא היה ביניהם איש נכרי להציל המוכה מיד מכהו :\n"
                }
            ], 
            "heTitle": "מצודת דוד על שמואל ב", 
            "indexTitle": "Metzudat David on II Samuel", 
            "sectionRef": "Metzudat David on II Samuel 14:6", 
            "prev": "Metzudat David on II Samuel 14:5", 
            "ref": "Metzudat David on II Samuel 14:6", 
            "heRef": "מצודת דוד על שמואל ב י״ד:ו׳", 
            "next": "Metzudat David on II Samuel 14:7"
        }, 
        "Metzudat David on II Samuel 14:5": {
            "content": [
                {
                    "segmentNumber": "1", 
                    "links": [
                        {
                            "category": "Tanakh", 
                            "index_title": "II Samuel", 
                            "sourceHeRef": "שמואל ב י״ד:ה׳", 
                            "sourceRef": "II Samuel 14:5"
                        }
                    ], 
                    "he": "<b>אבל אשה אלמנה .</b> כדרך דברי אלמנה זוכרת בעל נעוריה , דואגת על מיתתו , וכאלו תאמר באמת רואה אנכי ומרגשת בדבר שאשה אלמנה אני , כי אלמלא היה בעלי חי , לא קרה לי כזאת : "
                }, 
                {
                    "segmentNumber": "2", 
                    "links": [
                        {
                            "category": "Tanakh", 
                            "index_title": "II Samuel", 
                            "sourceHeRef": "שמואל ב י״ד:ה׳", 
                            "sourceRef": "II Samuel 14:5"
                        }
                    ], 
                    "he": "<b>וימת אישי .</b> גם זה מדרך אלמנה , תקונן ותכפיל דברי יללותה :\n"
                }
            ], 
            "heTitle": "מצודת דוד על שמואל ב", 
            "indexTitle": "Metzudat David on II Samuel", 
            "sectionRef": "Metzudat David on II Samuel 14:5", 
            "prev": "Metzudat David on II Samuel 14:4", 
            "ref": "Metzudat David on II Samuel 14:5", 
            "heRef": "מצודת דוד על שמואל ב י״ד:ה׳", 
            "next": "Metzudat David on II Samuel 14:6"
        }, 
        "Metzudat David on II Samuel 14:4": {
            "content": [
                {
                    "segmentNumber": "1", 
                    "links": [
                        {
                            "category": "Tanakh", 
                            "index_title": "II Samuel", 
                            "sourceHeRef": "שמואל ב י״ד:ד׳", 
                            "sourceRef": "II Samuel 14:4"
                        }
                    ], 
                    "he": "<b>ותאמר האשה .</b> בבואה לפני המלך , אמרה בתחילה מה שראוי לומר להבאים לפני המלך , כמו יחי המלך וכדומה , ואחרי זה נפלה על אפיה :\n"
                }
            ], 
            "heTitle": "מצודת דוד על שמואל ב", 
            "indexTitle": "Metzudat David on II Samuel", 
            "sectionRef": "Metzudat David on II Samuel 14:4", 
            "prev": "Metzudat David on II Samuel 14:3", 
            "ref": "Metzudat David on II Samuel 14:4", 
            "heRef": "מצודת דוד על שמואל ב י״ד:ד׳", 
            "next": "Metzudat David on II Samuel 14:5"
        }, 
        "Metzudat David on II Samuel 14:3": {
            "content": [
                {
                    "segmentNumber": "1", 
                    "links": [
                        {
                            "category": "Tanakh", 
                            "index_title": "II Samuel", 
                            "sourceHeRef": "שמואל ב י״ד:ג׳", 
                            "sourceRef": "II Samuel 14:3"
                        }
                    ], 
                    "he": "<b>כדבר הזה .</b> אמרי אליו דבר דומה כדבר הזה , רצה לומר : למקרה אבשלום עם אמנון , ולשיחשוב המלך שאמת הדבר : "
                }, 
                {
                    "segmentNumber": "2", 
                    "links": [
                        {
                            "category": "Tanakh", 
                            "index_title": "II Samuel", 
                            "sourceHeRef": "שמואל ב י״ד:ג׳", 
                            "sourceRef": "II Samuel 14:3"
                        }
                    ], 
                    "he": "<b>את הדברים .</b> את המשל האמור למטה שם בפיה , רוצה לומר : הוא אמר לה מלבו כל דברי המשל , והיה בטוח עוד בחכמתה , שאף היא תשיב אמריה בהשכל על כל דברי המלך , וכאשר השיבה באמת :\n"
                }
            ], 
            "heTitle": "מצודת דוד על שמואל ב", 
            "indexTitle": "Metzudat David on II Samuel", 
            "sectionRef": "Metzudat David on II Samuel 14:3", 
            "prev": "Metzudat David on II Samuel 14:2", 
            "ref": "Metzudat David on II Samuel 14:3", 
            "heRef": "מצודת דוד על שמואל ב י״ד:ג׳", 
            "next": "Metzudat David on II Samuel 14:4"
        }, 
        "Metzudat David on II Samuel 14:2": {
            "content": [
                {
                    "segmentNumber": "1", 
                    "links": [
                        {
                            "category": "Tanakh", 
                            "index_title": "II Samuel", 
                            "sourceHeRef": "שמואל ב י״ד:ב׳", 
                            "sourceRef": "II Samuel 14:2"
                        }
                    ], 
                    "he": "<b>וישלח יואב .</b> בעבור כי ראה שלב המלך טוב על אבשלום , לזה חשב מחשבות לעורר לבו להשיבו אליו : "
                }, 
                {
                    "segmentNumber": "2", 
                    "links": [
                        {
                            "category": "Tanakh", 
                            "index_title": "II Samuel", 
                            "sourceHeRef": "שמואל ב י״ד:ב׳", 
                            "sourceRef": "II Samuel 14:2"
                        }, 
                        {
                            "category": "Talmud", 
                            "index_title": "Menachot", 
                            "sourceHeRef": "מנחות פ״ה ב", 
                            "sourceRef": "Menachot 85b"
                        }
                    ], 
                    "he": "<b>תקועה .</b> אמרו רבותינו ז''ל ( מנחות פה ב ) : לפי שהיו רגילים שם בשמן זית , לזה החכמה מצויה ביניהם : "
                }, 
                {
                    "segmentNumber": "3", 
                    "links": [
                        {
                            "category": "Tanakh", 
                            "index_title": "II Samuel", 
                            "sourceHeRef": "שמואל ב י״ד:ב׳", 
                            "sourceRef": "II Samuel 14:2"
                        }
                    ], 
                    "he": "<b>התאבלי נא .</b> עשי עצמך כאבלה : "
                }, 
                {
                    "segmentNumber": "4", 
                    "links": [
                        {
                            "category": "Tanakh", 
                            "index_title": "II Samuel", 
                            "sourceHeRef": "שמואל ב י״ד:ב׳", 
                            "sourceRef": "II Samuel 14:2"
                        }
                    ], 
                    "he": "<b>והיית כאשה וגו' .</b> רצה לומר : "
                }, 
                {
                    "segmentNumber": "5", 
                    "links": [
                        {
                            "category": "Tanakh", 
                            "index_title": "II Samuel", 
                            "sourceHeRef": "שמואל ב י״ד:ב׳", 
                            "sourceRef": "II Samuel 14:2"
                        }
                    ], 
                    "he": "<b>הוי מרבה בקינות ויללות , ועשי עצמך כאשה אשר זה ימים רבים מתאבלת , שלמדה לשונה לומר קינות .</b> וכונתו היתה למען יכמרו רחמי המלך עליה , לצדקה במשפטה :\n"
                }
            ], 
            "heTitle": "מצודת דוד על שמואל ב", 
            "indexTitle": "Metzudat David on II Samuel", 
            "sectionRef": "Metzudat David on II Samuel 14:2", 
            "prev": "Metzudat David on II Samuel 14:1", 
            "ref": "Metzudat David on II Samuel 14:2", 
            "heRef": "מצודת דוד על שמואל ב י״ד:ב׳", 
            "next": "Metzudat David on II Samuel 14:3"
        }, 
        "Metzudat David on II Samuel 14:1": {
            "content": [
                {
                    "segmentNumber": "1", 
                    "links": [
                        {
                            "category": "Tanakh", 
                            "index_title": "II Samuel", 
                            "sourceHeRef": "שמואל ב י״ד:א׳", 
                            "sourceRef": "II Samuel 14:1"
                        }
                    ], 
                    "he": "<b>וידע יואב .</b> הכיר בהמלך אשר לבו טוב על אבשלום :\n"
                }
            ], 
            "heTitle": "מצודת דוד על שמואל ב", 
            "indexTitle": "Metzudat David on II Samuel", 
            "sectionRef": "Metzudat David on II Samuel 14:1", 
            "prev": "Metzudat David on II Samuel 13:39", 
            "ref": "Metzudat David on II Samuel 14:1", 
            "heRef": "מצודת דוד על שמואל ב י״ד:א׳", 
            "next": "Metzudat David on II Samuel 14:2"
        }, 
        "Metzudat David on II Samuel 14:9": {
            "content": [
                {
                    "segmentNumber": "1", 
                    "links": [
                        {
                            "category": "Tanakh", 
                            "index_title": "II Samuel", 
                            "sourceHeRef": "שמואל ב י״ד:ט׳", 
                            "sourceRef": "II Samuel 14:9"
                        }
                    ], 
                    "he": "<b>עלי אדוני המלך העון וגו' .</b> כאלו תאמר , יאמין לי שהאמת אתי , ומיד תזכהו , ואם יודע לאחר זה שלא כן הוא , אזי יהיה העון עלי על שהטעיתי את המלך , אבל המלך וכסאו יהיה נקי מעון זה , רוצה לומר : לא יעונש , לא בגופו ולא בדבר המלוכה , היות כי מהראוי להאמין לי בזה , כי שניהם ילדי הם :\n"
                }
            ], 
            "heTitle": "מצודת דוד על שמואל ב", 
            "indexTitle": "Metzudat David on II Samuel", 
            "sectionRef": "Metzudat David on II Samuel 14:9", 
            "prev": "Metzudat David on II Samuel 14:8", 
            "ref": "Metzudat David on II Samuel 14:9", 
            "heRef": "מצודת דוד על שמואל ב י״ד:ט׳", 
            "next": "Metzudat David on II Samuel 14:10"
        }, 
        "Metzudat David on II Samuel 14:8": {
            "content": [
                {
                    "segmentNumber": "1", 
                    "links": [
                        {
                            "category": "Tanakh", 
                            "index_title": "II Samuel", 
                            "sourceHeRef": "שמואל ב י״ד:ח׳", 
                            "sourceRef": "II Samuel 14:8"
                        }
                    ], 
                    "he": "<b>אצוה עליך .</b> אצוה את מי מאנשי , לדרוש ולחקור בדבר , אם האמת אתך :\n"
                }
            ], 
            "heTitle": "מצודת דוד על שמואל ב", 
            "indexTitle": "Metzudat David on II Samuel", 
            "sectionRef": "Metzudat David on II Samuel 14:8", 
            "prev": "Metzudat David on II Samuel 14:7", 
            "ref": "Metzudat David on II Samuel 14:8", 
            "heRef": "מצודת דוד על שמואל ב י״ד:ח׳", 
            "next": "Metzudat David on II Samuel 14:9"
        }, 
        "Metzudat David on II Samuel 14:13": {
            "content": [
                {
                    "segmentNumber": "1", 
                    "links": [
                        {
                            "category": "Tanakh", 
                            "index_title": "II Samuel", 
                            "sourceHeRef": "שמואל ב י״ד:י״ג", 
                            "sourceRef": "II Samuel 14:13"
                        }
                    ], 
                    "he": "<b>ולמה חשבתה .</b> רוצה לומר : איך עלתה על דעתך להאמין דברי , לחשוב על בני המשפחה עם ה' , להתאכזר על בני להרגו מבלי עדים והתראה והיה לך להשכיל אמיתת הענין , שלמשל נאמר , ובנועם אמריה הפליגה ברוב מעשה הריגת הרוצח מבלי עדים והתראה : "
                }, 
                {
                    "segmentNumber": "2", 
                    "links": [
                        {
                            "category": "Tanakh", 
                            "index_title": "II Samuel", 
                            "sourceHeRef": "שמואל ב י״ד:י״ג", 
                            "sourceRef": "II Samuel 14:13"
                        }
                    ], 
                    "he": "<b>ומדבר המלך .</b> רוצה לומר : עוד אתמה , מה שדבר המלך הדבר הזה שלא יפול משערת וגו' , אשר הוא כאשם וכשגגה היוצאת , על בלתי משיב המלך את אבשלום אשר נדח בארץ נכריה , כי הלא הוא דומה בדומה , כי גם לאבשלום לא התרו , ועוד דברים כאלה שאין לו משפט מות ( ועל כי חששה פן יחזור המלך מדבריו ולומר כי באמת שגגה היא , לזה הקדימה אמריה ותאמר : למה חשבת כזאת וגו' , לומר שהדין דין אמת , ועם אבשלום נעשה השגגה , ולחלוק כבוד למלכות , תלתה השגגה בהאמירה , ולא בהמעשה ) :\n"
                }
            ], 
            "heTitle": "מצודת דוד על שמואל ב", 
            "indexTitle": "Metzudat David on II Samuel", 
            "sectionRef": "Metzudat David on II Samuel 14:13", 
            "prev": "Metzudat David on II Samuel 14:12", 
            "ref": "Metzudat David on II Samuel 14:13", 
            "heRef": "מצודת דוד על שמואל ב י״ד:י״ג", 
            "next": "Metzudat David on II Samuel 14:14"
        }, 
        "Metzudat David on II Samuel 14:12": {
            "content": [
                {
                    "segmentNumber": "1", 
                    "links": [
                        {
                            "category": "Tanakh", 
                            "index_title": "II Samuel", 
                            "sourceHeRef": "שמואל ב י״ד:י״ב", 
                            "sourceRef": "II Samuel 14:12"
                        }
                    ], 
                    "he": "<b>תדבר נא .</b> שאלה רשות לדבר דבריה , עם שאינם נוגעים אליה :\n"
                }
            ], 
            "heTitle": "מצודת דוד על שמואל ב", 
            "indexTitle": "Metzudat David on II Samuel", 
            "sectionRef": "Metzudat David on II Samuel 14:12", 
            "prev": "Metzudat David on II Samuel 14:11", 
            "ref": "Metzudat David on II Samuel 14:12", 
            "heRef": "מצודת דוד על שמואל ב י״ד:י״ב", 
            "next": "Metzudat David on II Samuel 14:13"
        }, 
        "Metzudat David on II Samuel 14:11": {
            "content": [
                {
                    "segmentNumber": "1", 
                    "links": [
                        {
                            "category": "Tanakh", 
                            "index_title": "II Samuel", 
                            "sourceHeRef": "שמואל ב י״ד:י״א", 
                            "sourceRef": "II Samuel 14:11"
                        }
                    ], 
                    "he": "<b>יזכר נא המלך וגו' .</b> כאלו חששה פן כאשר יבוא גואל הדם לפני המלך , ולפי רוב גדלו ישא לו המלך פנים ולא ירחם עוד על בנה , ולזה אמרה : יזכר נא את ה' , ולדבק במעשיו , מה הוא רחום וכו' , מבלי להגדיל לישא פני גואל הדם הבא לשחת , ולא ישמידו את בני : "
                }, 
                {
                    "segmentNumber": "2", 
                    "links": [
                        {
                            "category": "Tanakh", 
                            "index_title": "II Samuel", 
                            "sourceHeRef": "שמואל ב י״ד:י״א", 
                            "sourceRef": "II Samuel 14:11"
                        }
                    ], 
                    "he": "<b>חי ה' .</b> הריני נשבע שלא יעשה לו מאומה רע :\n"
                }
            ], 
            "heTitle": "מצודת דוד על שמואל ב", 
            "indexTitle": "Metzudat David on II Samuel", 
            "sectionRef": "Metzudat David on II Samuel 14:11", 
            "prev": "Metzudat David on II Samuel 14:10", 
            "ref": "Metzudat David on II Samuel 14:11", 
            "heRef": "מצודת דוד על שמואל ב י״ד:י״א", 
            "next": "Metzudat David on II Samuel 14:12"
        }, 
        "Metzudat David on II Samuel 14:10": {
            "content": [
                {
                    "segmentNumber": "1", 
                    "links": [
                        {
                            "category": "Tanakh", 
                            "index_title": "II Samuel", 
                            "sourceHeRef": "שמואל ב י״ד:י׳", 
                            "sourceRef": "II Samuel 14:10"
                        }
                    ], 
                    "he": "<b>המדבר אליך .</b> על כי ראה המלך אשר כנים אמריה , חזר ואמר לה : מי המדבר אליך מאז , אשר תמסור לו בנך להמיתו , אותו תביאו אלי , ואזהירו שלא יוסיף לגעת בך ולכופך למסור את בנך :\n"
                }
            ], 
            "heTitle": "מצודת דוד על שמואל ב", 
            "indexTitle": "Metzudat David on II Samuel", 
            "sectionRef": "Metzudat David on II Samuel 14:10", 
            "prev": "Metzudat David on II Samuel 14:9", 
            "ref": "Metzudat David on II Samuel 14:10", 
            "heRef": "מצודת דוד על שמואל ב י״ד:י׳", 
            "next": "Metzudat David on II Samuel 14:11"
        }, 
        "Metzudat David on II Samuel 14:17": {
            "content": [
                {
                    "segmentNumber": "1", 
                    "links": [
                        {
                            "category": "Tanakh", 
                            "index_title": "II Samuel", 
                            "sourceHeRef": "שמואל ב י״ד:י״ז", 
                            "sourceRef": "II Samuel 14:17"
                        }
                    ], 
                    "he": "<b>ותאמר .</b> אז אמרה שפחתך , יהיה דבר המלך למנוחה לבנו , כמו שהציל את בני לפי מחשבתו שבאמת נעשתה הדבר , כמו כן ינוח לבנו , על כי היותה בדומה לו : "
                }, 
                {
                    "segmentNumber": "2", 
                    "links": [
                        {
                            "category": "Tanakh", 
                            "index_title": "II Samuel", 
                            "sourceHeRef": "שמואל ב י״ד:י״ז", 
                            "sourceRef": "II Samuel 14:17"
                        }
                    ], 
                    "he": "<b>כי כמלאך .</b> רוצה לומר : הן ידעתי שבל יתחלף מעשיך למאמריך , ולא יחזירך הכעס והשנאה מדבריך הטובים והישרים אשר דברת עד כה , כי כמלאך האלהים שאין בו התחלפות מצד עצמו , כן אדוני , כי נפשו משכלת להבין מהו הטוב ומהו הרע , וישכיל אם כן אשר ההתחלפות רעה היא , ויחדל ממנה : "
                }, 
                {
                    "segmentNumber": "3", 
                    "links": [
                        {
                            "category": "Tanakh", 
                            "index_title": "II Samuel", 
                            "sourceHeRef": "שמואל ב י״ד:י״ז", 
                            "sourceRef": "II Samuel 14:17"
                        }
                    ], 
                    "he": "<b>וה' .</b> כהתימה לדבר דבריה , רצתה להפטר ממנו , ואמרה לו : וה' אלהיך יהיה עמך , כדרך הנפטרים :\n"
                }
            ], 
            "heTitle": "מצודת דוד על שמואל ב", 
            "indexTitle": "Metzudat David on II Samuel", 
            "sectionRef": "Metzudat David on II Samuel 14:17", 
            "prev": "Metzudat David on II Samuel 14:16", 
            "ref": "Metzudat David on II Samuel 14:17", 
            "heRef": "מצודת דוד על שמואל ב י״ד:י״ז", 
            "next": "Metzudat David on II Samuel 14:18"
        }, 
        "Metzudat David on II Samuel 14:16": {
            "content": [
                {
                    "segmentNumber": "1", 
                    "links": [
                        {
                            "category": "Tanakh", 
                            "index_title": "II Samuel", 
                            "sourceHeRef": "שמואל ב י״ד:ט״ז", 
                            "sourceRef": "II Samuel 14:16"
                        }
                    ], 
                    "he": "<b>כי ישמע .</b> כאשר ישמע המלך להציל אותו מיד האיש הגואל הדם הרוצה להשמיד אותי להיות שכולה מבני : "
                }, 
                {
                    "segmentNumber": "2", 
                    "links": [
                        {
                            "category": "Tanakh", 
                            "index_title": "II Samuel", 
                            "sourceHeRef": "שמואל ב י״ד:ט״ז", 
                            "sourceRef": "II Samuel 14:16"
                        }
                    ], 
                    "he": "<b>יחד .</b> כי במיתתו יושמד הוא ואני אהיה שכולה ממנו : "
                }, 
                {
                    "segmentNumber": "3", 
                    "links": [
                        {
                            "category": "Tanakh", 
                            "index_title": "II Samuel", 
                            "sourceHeRef": "שמואל ב י״ד:ט״ז", 
                            "sourceRef": "II Samuel 14:16"
                        }
                    ], 
                    "he": "<b>מנחלת אלהים .</b> מהנחלה הניתן לנו מן השמים , , לשירשו הם :\n"
                }
            ], 
            "heTitle": "מצודת דוד על שמואל ב", 
            "indexTitle": "Metzudat David on II Samuel", 
            "sectionRef": "Metzudat David on II Samuel 14:16", 
            "prev": "Metzudat David on II Samuel 14:15", 
            "ref": "Metzudat David on II Samuel 14:16", 
            "heRef": "מצודת דוד על שמואל ב י״ד:ט״ז", 
            "next": "Metzudat David on II Samuel 14:17"
        }, 
        "Metzudat David on II Samuel 14:15": {
            "content": [
                {
                    "segmentNumber": "1", 
                    "links": [
                        {
                            "category": "Tanakh", 
                            "index_title": "II Samuel", 
                            "sourceHeRef": "שמואל ב י״ד:ט״ו", 
                            "sourceRef": "II Samuel 14:15"
                        }
                    ], 
                    "he": "<b>ועתה .</b> רוצה לומר : הואיל וכל דברי למשל נאמרו להמליץ טוב על אבשלום , פן תאמר למה את ממשלת משלים , היה לך לדבר דבריך כאשר המה , לזה אמרה : ועתה מה שבאתי לדבר הדבר הזה להיות למשל , כל זה היה לפי שכל העם הפחידוני , לומר : שהמלך יגער בך כאשר תחלי לדבר , כי הליועץ למלך נתנוך : "
                }, 
                {
                    "segmentNumber": "2", 
                    "links": [
                        {
                            "category": "Tanakh", 
                            "index_title": "II Samuel", 
                            "sourceHeRef": "שמואל ב י״ד:ט״ו", 
                            "sourceRef": "II Samuel 14:15"
                        }
                    ], 
                    "he": "<b>ותאמר .</b> לזה אמרתי אדבר דברי בדומה לו , ואולי על ידי זה ימלא שאלתי :\n"
                }
            ], 
            "heTitle": "מצודת דוד על שמואל ב", 
            "indexTitle": "Metzudat David on II Samuel", 
            "sectionRef": "Metzudat David on II Samuel 14:15", 
            "prev": "Metzudat David on II Samuel 14:14", 
            "ref": "Metzudat David on II Samuel 14:15", 
            "heRef": "מצודת דוד על שמואל ב י״ד:ט״ו", 
            "next": "Metzudat David on II Samuel 14:16"
        }, 
        "Metzudat David on II Samuel 14:14": {
            "content": [
                {
                    "segmentNumber": "1", 
                    "links": [
                        {
                            "category": "Tanakh", 
                            "index_title": "II Samuel", 
                            "sourceHeRef": "שמואל ב י״ד:י״ד", 
                            "sourceRef": "II Samuel 14:14"
                        }
                    ], 
                    "he": "<b>כי מות נמות .</b> חזרה להביא טענות לטובת אבשלום , ואמרה ; הלא כולנו מות נמות , ואם כן ההומת קודם זמנו , אין לו תרעומות רב כל כך , אחרי שסופו למות , ואם כן אין להמית הרוצח בעבור זה , הואיל ולא חייבה התורה , כי בלא התראה נהיתה : "
                }, 
                {
                    "segmentNumber": "2", 
                    "links": [
                        {
                            "category": "Tanakh", 
                            "index_title": "II Samuel", 
                            "sourceHeRef": "שמואל ב י״ד:י״ד", 
                            "sourceRef": "II Samuel 14:14"
                        }
                    ], 
                    "he": "<b>וכמים וגו' .</b> רוצה לומר : ועוד , בשלמא הגוזל ממון חבירו , אז כשישיב הגזילה באה היא ליד בעליו , אבל השופך דם אדם , מה שעשה עשוי , ולא תוחזר אליו הנפש עם שפיכת דם הרוצח , וישאר אם כן מת כשהיה , והרי הוא כמים הנגרים ארצה , שאי אפשר לאספם להחזירם למקומם , כי נבלעו בעפר הארץ : "
                }, 
                {
                    "segmentNumber": "3", 
                    "links": [
                        {
                            "category": "Tanakh", 
                            "index_title": "II Samuel", 
                            "sourceHeRef": "שמואל ב י״ד:י״ד", 
                            "sourceRef": "II Samuel 14:14"
                        }
                    ], 
                    "he": "<b>ולא ישא אלהים נפש .</b> רוצה לומר : ועוד , הלא אין אלהים נושא פנים לשום נפש , ושלם ישלם לאיש כמפעלו , ולטובת האדם חושב מחשבות לשלם גמול בזה העולם , לבל יהיה האדם הנדח במעשיו , מוטרד ונדח ממנו יתברך , כי בהצרף סיגיו יזכה לחזות בנועם ה' , ואם כן בהשגחה היתה מיתת אמנון , לכפר העון אשר חטא , ואבשלום היה שליח ההשגחה , ואין להאשימו כל כך , בהיות כי לא התרו בו , והתורה פטרתו :\n"
                }
            ], 
            "heTitle": "מצודת דוד על שמואל ב", 
            "indexTitle": "Metzudat David on II Samuel", 
            "sectionRef": "Metzudat David on II Samuel 14:14", 
            "prev": "Metzudat David on II Samuel 14:13", 
            "ref": "Metzudat David on II Samuel 14:14", 
            "heRef": "מצודת דוד על שמואל ב י״ד:י״ד", 
            "next": "Metzudat David on II Samuel 14:15"
        }, 
        "Metzudat David on II Samuel 14:19": {
            "content": [
                {
                    "segmentNumber": "1", 
                    "links": [
                        {
                            "category": "Tanakh", 
                            "index_title": "II Samuel", 
                            "sourceHeRef": "שמואל ב י״ד:י״ט", 
                            "sourceRef": "II Samuel 14:19"
                        }
                    ], 
                    "he": "<b>היד יואב .</b> האם כח חכמת יואב עם כל דבריך : "
                }, 
                {
                    "segmentNumber": "2", 
                    "links": [
                        {
                            "category": "Tanakh", 
                            "index_title": "II Samuel", 
                            "sourceHeRef": "שמואל ב י״ד:י״ט", 
                            "sourceRef": "II Samuel 14:19"
                        }
                    ], 
                    "he": "<b>אם אש להמין .</b> אם יש לנטות לימין או לשמאל מכל דברי אדוני אשר ידבר בכל עת , כי מזה נראה גודל החכמה אשר בו : "
                }, 
                {
                    "segmentNumber": "3", 
                    "links": [
                        {
                            "category": "Tanakh", 
                            "index_title": "II Samuel", 
                            "sourceHeRef": "שמואל ב י״ד:י״ט", 
                            "sourceRef": "II Samuel 14:19"
                        }
                    ], 
                    "he": "<b>הוא צוני .</b> ללכת אל אדוני : "
                }, 
                {
                    "segmentNumber": "4", 
                    "links": [
                        {
                            "category": "Tanakh", 
                            "index_title": "II Samuel", 
                            "sourceHeRef": "שמואל ב י״ד:י״ט", 
                            "sourceRef": "II Samuel 14:19"
                        }
                    ], 
                    "he": "<b>והוא שם וגו' .</b> כל דברי המשל , שם הוא בפי :\n"
                }
            ], 
            "heTitle": "מצודת דוד על שמואל ב", 
            "indexTitle": "Metzudat David on II Samuel", 
            "sectionRef": "Metzudat David on II Samuel 14:19", 
            "prev": "Metzudat David on II Samuel 14:18", 
            "ref": "Metzudat David on II Samuel 14:19", 
            "heRef": "מצודת דוד על שמואל ב י״ד:י״ט", 
            "next": "Metzudat David on II Samuel 14:20"
        }, 
        "Metzudat David on II Samuel 14:18": {
            "content": [
                {
                    "segmentNumber": "1", 
                    "links": [
                        {
                            "category": "Tanakh", 
                            "index_title": "II Samuel", 
                            "sourceHeRef": "שמואל ב י״ד:י״ח", 
                            "sourceRef": "II Samuel 14:18"
                        }
                    ], 
                    "he": "<b>אל נא תכחדי .</b> אל תעלימי ממני אמיתת הדבר אשר אשאל אותך :\n"
                }
            ], 
            "heTitle": "מצודת דוד על שמואל ב", 
            "indexTitle": "Metzudat David on II Samuel", 
            "sectionRef": "Metzudat David on II Samuel 14:18", 
            "prev": "Metzudat David on II Samuel 14:17", 
            "ref": "Metzudat David on II Samuel 14:18", 
            "heRef": "מצודת דוד על שמואל ב י״ד:י״ח", 
            "next": "Metzudat David on II Samuel 14:19"
        }, 
        "Metzudat David on II Samuel 14:28": {
            "content": [], 
            "heTitle": "מצודת דוד על שמואל ב", 
            "indexTitle": "Metzudat David on II Samuel", 
            "sectionRef": "Metzudat David on II Samuel 14:28", 
            "prev": "Metzudat David on II Samuel 14:26", 
            "ref": "Metzudat David on II Samuel 14:28", 
            "heRef": "מצודת דוד על שמואל ב י״ד:כ״ח", 
            "next": "Metzudat David on II Samuel 14:30"
        }, 
        "Metzudat David on II Samuel 14:29": {
            "content": [], 
            "heTitle": "מצודת דוד על שמואל ב", 
            "indexTitle": "Metzudat David on II Samuel", 
            "sectionRef": "Metzudat David on II Samuel 14:29", 
            "prev": "Metzudat David on II Samuel 14:26", 
            "ref": "Metzudat David on II Samuel 14:29", 
            "heRef": "מצודת דוד על שמואל ב י״ד:כ״ט", 
            "next": "Metzudat David on II Samuel 14:30"
        }, 
        "Metzudat David on II Samuel 14:26": {
            "content": [
                {
                    "segmentNumber": "1", 
                    "links": [
                        {
                            "category": "Tanakh", 
                            "index_title": "II Samuel", 
                            "sourceHeRef": "שמואל ב י״ד:כ״ו", 
                            "sourceRef": "II Samuel 14:26"
                        }
                    ], 
                    "he": "<b>והיה .</b> עת גלוחו היה מסוף שנה לסוף שנה : "
                }, 
                {
                    "segmentNumber": "2", 
                    "links": [
                        {
                            "category": "Tanakh", 
                            "index_title": "II Samuel", 
                            "sourceHeRef": "שמואל ב י״ד:כ״ו", 
                            "sourceRef": "II Samuel 14:26"
                        }
                    ], 
                    "he": "<b>מאתים .</b> והיו במשקל מאתים שקלים :\n"
                }
            ], 
            "heTitle": "מצודת דוד על שמואל ב", 
            "indexTitle": "Metzudat David on II Samuel", 
            "sectionRef": "Metzudat David on II Samuel 14:26", 
            "prev": "Metzudat David on II Samuel 14:25", 
            "ref": "Metzudat David on II Samuel 14:26", 
            "heRef": "מצודת דוד על שמואל ב י״ד:כ״ו", 
            "next": "Metzudat David on II Samuel 14:30"
        }, 
        "Metzudat David on II Samuel 14:27": {
            "content": [], 
            "heTitle": "מצודת דוד על שמואל ב", 
            "indexTitle": "Metzudat David on II Samuel", 
            "sectionRef": "Metzudat David on II Samuel 14:27", 
            "prev": "Metzudat David on II Samuel 14:26", 
            "ref": "Metzudat David on II Samuel 14:27", 
            "heRef": "מצודת דוד על שמואל ב י״ד:כ״ז", 
            "next": "Metzudat David on II Samuel 14:30"
        }, 
        "Metzudat David on II Samuel 14:24": {
            "content": [], 
            "heTitle": "מצודת דוד על שמואל ב", 
            "indexTitle": "Metzudat David on II Samuel", 
            "sectionRef": "Metzudat David on II Samuel 14:24", 
            "prev": "Metzudat David on II Samuel 14:21", 
            "ref": "Metzudat David on II Samuel 14:24", 
            "heRef": "מצודת דוד על שמואל ב י״ד:כ״ד", 
            "next": "Metzudat David on II Samuel 14:25"
        }, 
        "Metzudat David on II Samuel 14:25": {
            "content": [
                {
                    "segmentNumber": "1", 
                    "links": [
                        {
                            "category": "Tanakh", 
                            "index_title": "II Samuel", 
                            "sourceHeRef": "שמואל ב י״ד:כ״ה", 
                            "sourceRef": "II Samuel 14:25"
                        }
                    ], 
                    "he": "<b>להלל מאד .</b> הראוי להלל מאוד :\n"
                }
            ], 
            "heTitle": "מצודת דוד על שמואל ב", 
            "indexTitle": "Metzudat David on II Samuel", 
            "sectionRef": "Metzudat David on II Samuel 14:25", 
            "prev": "Metzudat David on II Samuel 14:21", 
            "ref": "Metzudat David on II Samuel 14:25", 
            "heRef": "מצודת דוד על שמואל ב י״ד:כ״ה", 
            "next": "Metzudat David on II Samuel 14:26"
        }, 
        "Metzudat David on II Samuel 14:22": {
            "content": [], 
            "heTitle": "מצודת דוד על שמואל ב", 
            "indexTitle": "Metzudat David on II Samuel", 
            "sectionRef": "Metzudat David on II Samuel 14:22", 
            "prev": "Metzudat David on II Samuel 14:21", 
            "ref": "Metzudat David on II Samuel 14:22", 
            "heRef": "מצודת דוד על שמואל ב י״ד:כ״ב", 
            "next": "Metzudat David on II Samuel 14:25"
        }, 
        "Metzudat David on II Samuel 14:23": {
            "content": [], 
            "heTitle": "מצודת דוד על שמואל ב", 
            "indexTitle": "Metzudat David on II Samuel", 
            "sectionRef": "Metzudat David on II Samuel 14:23", 
            "prev": "Metzudat David on II Samuel 14:21", 
            "ref": "Metzudat David on II Samuel 14:23", 
            "heRef": "מצודת דוד על שמואל ב י״ד:כ״ג", 
            "next": "Metzudat David on II Samuel 14:25"
        }, 
        "Metzudat David on II Samuel 14:20": {
            "content": [
                {
                    "segmentNumber": "1", 
                    "links": [
                        {
                            "category": "Tanakh", 
                            "index_title": "II Samuel", 
                            "sourceHeRef": "שמואל ב י״ד:כ׳", 
                            "sourceRef": "II Samuel 14:20"
                        }
                    ], 
                    "he": "<b>לבעבור סבב .</b> רוצה לומר : ומה ששלח אותי ולא הלך בעצמו , כי לבעבור סבב וגו' עשה הדבר הזה לשלחני במקומו , כי אני הלא יכולה הייתי לדבר בדומה לו , לסבב ממנו דבר הנרצה , והוא פני הדבר ותחלת המחשבה , אבל יואב עצמו , לא היה לו מקום לסבב הדבר הנרצה בזה האופן , ולא רצה גם הוא לדבר הדבר באר היטב : "
                }, 
                {
                    "segmentNumber": "2", 
                    "links": [
                        {
                            "category": "Tanakh", 
                            "index_title": "II Samuel", 
                            "sourceHeRef": "שמואל ב י״ד:כ׳", 
                            "sourceRef": "II Samuel 14:20"
                        }
                    ], 
                    "he": "<b>לדעת וגו' .</b> כי השכלת לדעת ממי יצאו הדברים , והנה בעבור רוב החכמה שבך , אין לנטות מדבריך ימין ושמאל :\n"
                }
            ], 
            "heTitle": "מצודת דוד על שמואל ב", 
            "indexTitle": "Metzudat David on II Samuel", 
            "sectionRef": "Metzudat David on II Samuel 14:20", 
            "prev": "Metzudat David on II Samuel 14:19", 
            "ref": "Metzudat David on II Samuel 14:20", 
            "heRef": "מצודת דוד על שמואל ב י״ד:כ׳", 
            "next": "Metzudat David on II Samuel 14:21"
        }, 
        "Metzudat David on II Samuel 14:21": {
            "content": [
                {
                    "segmentNumber": "1", 
                    "links": [
                        {
                            "category": "Tanakh", 
                            "index_title": "II Samuel", 
                            "sourceHeRef": "שמואל ב י״ד:כ״א", 
                            "sourceRef": "II Samuel 14:21"
                        }
                    ], 
                    "he": "<b>עשית וגו' .</b> לשלח את התקועית , לזה לך והשיבו , כי המתחיל בדבר עליו לגמרו :\n"
                }
            ], 
            "heTitle": "מצודת דוד על שמואל ב", 
            "indexTitle": "Metzudat David on II Samuel", 
            "sectionRef": "Metzudat David on II Samuel 14:21", 
            "prev": "Metzudat David on II Samuel 14:20", 
            "ref": "Metzudat David on II Samuel 14:21", 
            "heRef": "מצודת דוד על שמואל ב י״ד:כ״א", 
            "next": "Metzudat David on II Samuel 14:25"
        }
    }, 
    "ref": "Metzudat David on II Samuel 14"
}