[{
    "links": [
        [
            "20a:1", 
            "Rashi on Makkot 20a:1:1", 
            "Commentary"
        ], 
        [
            "20a:4", 
            "Tosafot on Makkot 20a:4:1", 
            "Commentary"
        ], 
        [
            "20a:4", 
            "Rashi on Makkot 20a:4:1", 
            "Commentary"
        ], 
        [
            "20a:5", 
            "Rashi on Makkot 20a:5:1", 
            "Commentary"
        ], 
        [
            "20a:6", 
            "Rashi on Makkot 20a:6:1", 
            "Commentary"
        ], 
        [
            "20a:7", 
            "Rashi on Makkot 20a:7:1", 
            "Commentary"
        ], 
        [
            "20a:8", 
            "Rashi on Makkot 20a:8:1", 
            "Commentary"
        ], 
        [
            "20a:11", 
            "Rashi on Makkot 20a:11:1", 
            "Commentary"
        ], 
        [
            "20a:13", 
            "Rashi on Makkot 20a:13:1", 
            "Commentary"
        ], 
        [
            "20a:14", 
            "Rashi on Makkot 20a:14:1", 
            "Commentary"
        ], 
        [
            "20a:17", 
            "Tosafot on Makkot 20a:17:1", 
            "Commentary"
        ], 
        [
            "20a:19", 
            "Rashi on Makkot 20a:19:1", 
            "Commentary"
        ], 
        [
            "20a:19", 
            "Tosafot on Makkot 20a:19:1", 
            "Commentary"
        ], 
        [
            "20a:21", 
            "Rashi on Makkot 20a:21:1", 
            "Commentary"
        ], 
        [
            "20a:21", 
            "Rashi on Makkot 20a:21:2", 
            "Commentary"
        ], 
        [
            "20a:21", 
            "Rosh on Makkot 3:2:1", 
            "Commentary"
        ], 
        [
            "20a:21-28", 
            "Mishnah Makkot 3:5", 
            "Mishnah"
        ], 
        [
            "20a:22", 
            "Rashi on Makkot 20a:22:1", 
            "Commentary"
        ], 
        [
            "20a:22", 
            "Rashi on Makkot 20a:22:2", 
            "Commentary"
        ], 
        [
            "20a:22", 
            "Rashi on Makkot 20a:22:3", 
            "Commentary"
        ], 
        [
            "20a:22", 
            "Rashi on Makkot 20a:22:4", 
            "Commentary"
        ], 
        [
            "20a:23", 
            "Rashi on Makkot 20a:23:1", 
            "Commentary"
        ], 
        [
            "20a:26", 
            "Rashi on Makkot 20a:26:1", 
            "Commentary"
        ], 
        [
            "20a:28", 
            "Rif Makkot 6a:4", 
            "Talmud"
        ], 
        [
            "20a:30", 
            "Leviticus 21:5", 
            "Tanach"
        ], 
        [
            "20a:30", 
            "Rashi on Makkot 20a:30:1", 
            "Commentary"
        ], 
        [
            "20a:32", 
            "Tosafot on Makkot 20a:32:1", 
            "Commentary"
        ], 
        [
            "20a:33", 
            "Rashi on Makkot 20a:33:1", 
            "Commentary"
        ], 
        [
            "20a:34", 
            "Rashi on Makkot 20a:34:1", 
            "Commentary"
        ], 
        [
            "20a:34", 
            "Deuteronomy 14:1", 
            "Tanach"
        ], 
        [
            "20a:34", 
            "Rashi on Makkot 20a:34:2", 
            "Commentary"
        ], 
        [
            "20a:36", 
            "Rashi on Makkot 20a:36:1", 
            "Commentary"
        ], 
        [
            "20a", 
            "Tosafot on Pesachim 38a:23:1", 
            "Quoting Commentary"
        ], 
        [
            "20a", 
            "Sefer HaChinukh 251:4", 
            "Halakhah"
        ], 
        [
            "20a", 
            "Sefer HaChinukh 252:1", 
            "Halakhah"
        ], 
        [
            "20a", 
            "Rashi on Leviticus 19:27:1", 
            "Quoting Commentary"
        ], 
        [
            "20a", 
            "Rashi on Leviticus 21:5:1", 
            "Quoting Commentary"
        ], 
        [
            "20a", 
            "Tosafot on Pesachim 75a:23:1", 
            "Quoting Commentary"
        ]
    ], 
    "text": [], 
    "heTitleVariants": [
        "מכות"
    ], 
    "heTitle": "מכות כ׳ א", 
    "heRef": "מכות כ׳ א", 
    "toSections": [
        "20a"
    ], 
    "sectionRef": "Makkot 20a", 
    "title": "Makkot 20a", 
    "lengths": [
        46, 
        2355
    ], 
    "next": "Makkot 20b", 
    "heBook": "מכות", 
    "book": "Makkot", 
    "prev": "Makkot 19b", 
    "textDepth": 2, 
    "sectionNames": [
        "Daf", 
        "Line"
    ], 
    "sections": [
        "20a"
    ], 
    "isComplex": false, 
    "titleVariants": [
        "Masekhet Makkot", 
        "Tractate Makkot", 
        "Tractate Makkos", 
        "Makkos", 
        "Talmud Makkos", 
        "Talmud Makkot", 
        "Makkot"
    ], 
    "categories": [
        "Talmud", 
        "Bavli", 
        "Seder Nezikin"
    ], 
    "he": [
        "לוקה אחת", 
        "וזר שאכלה לוקה שתים", 
        "שאילו בתחלה אכלה אינו לוקה אלא אחת", 
        "טעמא דאיתיה בירושלים הא בגבולין לוקה שלש דאע\"ג דלאו רואה פני חומה", 
        "דעיילי ואפקי", 
        "אי הכי מאי למימרא", 
        "הכא במאי עסקינן כגון דעיילינהו בטיבלייהו וקסבר", 
        "מתנות שלא הורמו כמי שהורמו דמיין", 
        "וסבר ר' יוסי מתנות שלא הורמו כמי שהורמו דמי", 
        "והתניא רבי שמעון בן יהודה אומר משום רבי יוסי", 
        "לא נחלקו בית שמאי ובית הלל על פירות שלא נגמרה מלאכתן ועברו בירושלים שיפדה מעשר שני שלהן ויאכל בכל מקום", 
        "ועל מה נחלקו על פירות שנגמרה מלאכתן ועברו בירושלים שבית שמאי אומרים", 
        "יחזיר מעשר שני שלהם ויאכל בירושלים וב\"ה אומרים", 
        "יפדה ויאכל בכל מקום", 
        "ואי סלקא דעתך מתנות שלא הורמו כמי שהורמו דמיין הא קלטוהו מחיצות", 
        "אמר רבה", 
        "מחיצה לאכול דאורייתא מחיצה לקלוט דרבנן", 
        "וכי גזור רבנן כי איתיה בעיניה בטבליה לא גזור רבנן", 
        "רבינא אמר", 
        "כגון דנקיט ליה בקניא ותפשוט בעיא דרב פפא:", 
        "<big><strong>מתני׳</strong></big> הקורח קרחה בראשו והמקיף פאת ראשו והמשחית פאת זקנו והשורט שריטה אחת על המת חייב", 
        "שרט שריטה אחת על חמשה מתים או חמש שריטות על מת אחד חייב על כל אחת ואחת", 
        "על הראש שתים אחת מכאן ואחת מכאן על הזקן שתים מכאן ושתים מכאן ואחת מלמטה", 
        "רבי אליעזר אומר", 
        "אם ניטלו כולן כאחת אינו חייב אלא אחת", 
        "ואינו חייב עד שיטלנו בתער", 
        "רבי אליעזר אומר", 
        "אפילו לקטו במלקט או ברהיטני חייב:", 
        "<big><strong>גמ׳</strong></big> תנו רבנן", 
        "(ויקרא כא, ה) לא יקרחו יכול אפילו קרח ארבע וחמש קריחות לא יהא חייב אלא אחת", 
        "תלמוד לומר", 
        "קרחה לחייב על כל קרחה וקרחה", 
        "בראשם מה תלמוד לומר", 
        "לפי שנאמר (דברים יד, א) לא תתגודדו ולא תשימו קרחה בין עיניכם למת יכול לא יהא חייב אלא על בין העינים בלבד מנין לרבות כל הראש", 
        "תלמוד לומר בראשם לרבות כל הראש", 
        "ואין לי אלא בכהנים שריבה בהן הכתוב מצות יתירות ישראל מנין", 
        "נאמר כאן קרחה ונאמר להלן קרחה מה להלן חייב על כל קרחה וקרחה וחייב על הראש כבין העינים אף כאן חייב על כל קרחה וקרחה וחייב על הראש כבין העינים", 
        "ומה להלן על מת אף כאן על מת", 
        "הני ד' וה' קריחות ה\"ד", 
        "אילימא בזה אחר זה ובחמש התראות פשיטא"
    ], 
    "ref": "Makkot 20a", 
    "type": "Talmud", 
    "addressTypes": [
        "Talmud", 
        "Integer"
    ], 
    "length": 46, 
    "indexTitle": "Makkot", 
    "heIndexTitle": "מכות", 
    "alts": [], 
    "order": [
        24, 
        5
    ]
}]