{
    "heTitleVariants": [
        "מכות"
    ], 
    "heTitle": "מכות כ׳ א", 
    "content": [
        {
            "segmentNumber": "1", 
            "he": "לוקה אחת", 
            "links": [
                {
                    "category": "Commentary", 
                    "sourceHeRef": "רש\"י על מכות כ׳ א:א׳:א׳", 
                    "index_title": "Rashi on Makkot", 
                    "sourceRef": "Rashi on Makkot 20a:1:1"
                }
            ], 
            "text": "He receives one set of malkus."
        }, 
        {
            "segmentNumber": "2", 
            "he": "וזר שאכלה לוקה שתים", 
            "links": [], 
            "text": "But if he was a zar [non-Kohen] he would have received two sets of malkus."
        }, 
        {
            "segmentNumber": "3", 
            "he": "שאילו בתחלה אכלה אינו לוקה אלא אחת", 
            "links": [], 
            "text": "But if he had originally eaten it [without designating any tithes] he would have only been liable one set of malkus."
        }, 
        {
            "segmentNumber": "4", 
            "he": "טעמא דאיתיה בירושלים הא בגבולין לוקה שלש דאע\"ג דלאו רואה פני חומה", 
            "links": [
                {
                    "category": "Commentary", 
                    "sourceHeRef": "תוספות על מכות כ׳ א:ד׳:א׳", 
                    "index_title": "Tosafot on Makkot", 
                    "sourceRef": "Tosafot on Makkot 20a:4:1"
                }, 
                {
                    "category": "Commentary", 
                    "sourceHeRef": "רש\"י על מכות כ׳ א:ד׳:א׳", 
                    "index_title": "Rashi on Makkot", 
                    "sourceRef": "Rashi on Makkot 20a:4:1"
                }
            ], 
            "text": "The reason [why he would only be liable two] is that he was in Jersulselm, but if he would have been in the provinces, he would have liable three even though it never \"saw the face of the wall\"!"
        }, 
        {
            "segmentNumber": "5", 
            "he": "דעיילי ואפקי", 
            "links": [
                {
                    "category": "Commentary", 
                    "sourceHeRef": "רש\"י על מכות כ׳ א:ה׳:א׳", 
                    "index_title": "Rashi on Makkot", 
                    "sourceRef": "Rashi on Makkot 20a:5:1"
                }
            ], 
            "text": "The baraisa was referring to a case where he brought it in and out."
        }, 
        {
            "segmentNumber": "6", 
            "he": "אי הכי מאי למימרא", 
            "links": [
                {
                    "category": "Commentary", 
                    "sourceHeRef": "רש\"י על מכות כ׳ א:ו׳:א׳", 
                    "index_title": "Rashi on Makkot", 
                    "sourceRef": "Rashi on Makkot 20a:6:1"
                }
            ], 
            "text": "If so then what would be the need to say it? [It should have been obvious.]"
        }, 
        {
            "segmentNumber": "7", 
            "he": "הכא במאי עסקינן כגון דעיילינהו בטיבלייהו וקסבר", 
            "links": [
                {
                    "category": "Commentary", 
                    "sourceHeRef": "רש\"י על מכות כ׳ א:ז׳:א׳", 
                    "index_title": "Rashi on Makkot", 
                    "sourceRef": "Rashi on Makkot 20a:7:1"
                }
            ], 
            "text": "Here we are dealing with a case where he brought it into [Jerusalem] in an untithed state, and he is of the opinion"
        }, 
        {
            "segmentNumber": "8", 
            "he": "מתנות שלא הורמו כמי שהורמו דמיין", 
            "links": [
                {
                    "category": "Commentary", 
                    "sourceHeRef": "רש\"י על מכות כ׳ א:ח׳:א׳", 
                    "index_title": "Rashi on Makkot", 
                    "sourceRef": "Rashi on Makkot 20a:8:1"
                }
            ], 
            "text": "that gifts that weren't yet given are considered as if they were given."
        }, 
        {
            "segmentNumber": "9", 
            "he": "וסבר ר' יוסי מתנות שלא הורמו כמי שהורמו דמי", 
            "links": [], 
            "text": "But does Rebbi Yossi hold that gifts that weren't yet given are considered as if they were given?"
        }, 
        {
            "segmentNumber": "10", 
            "he": "והתניא רבי שמעון בן יהודה אומר משום רבי יוסי", 
            "links": [], 
            "text": "But, it was taught in a baraisa that Rebbi Shimon ben Yehudah says in the name of Rebbi Yossi,"
        }, 
        {
            "segmentNumber": "11", 
            "he": "לא נחלקו בית שמאי ובית הלל על פירות שלא נגמרה מלאכתן ועברו בירושלים שיפדה מעשר שני שלהן ויאכל בכל מקום", 
            "links": [
                {
                    "category": "Commentary", 
                    "sourceHeRef": "רש\"י על מכות כ׳ א:י״א:א׳", 
                    "index_title": "Rashi on Makkot", 
                    "sourceRef": "Rashi on Makkot 20a:11:1"
                }
            ], 
            "text": "Beis Shammai and Beis Hillel did not argue about produce where the processing was unfinished when it passed through Jerusalem, that the maaser sheni from them can [still] be redeemed and eaten anywhere."
        }, 
        {
            "segmentNumber": "12", 
            "he": "ועל מה נחלקו על פירות שנגמרה מלאכתן ועברו בירושלים שבית שמאי אומרים", 
            "links": [], 
            "text": "On what do they argue? Concerning produce which had the processing finished prior to passing through Jerusalem. That Beis Shammai say"
        }, 
        {
            "segmentNumber": "13", 
            "he": "יחזיר מעשר שני שלהם ויאכל בירושלים וב\"ה אומרים", 
            "links": [
                {
                    "category": "Commentary", 
                    "sourceHeRef": "רש\"י על מכות כ׳ א:י״ג:א׳", 
                    "index_title": "Rashi on Makkot", 
                    "sourceRef": "Rashi on Makkot 20a:13:1"
                }
            ], 
            "text": "that he must return it's maaser sheni and eat it in Jerusalem. But Beis Hillel say"
        }, 
        {
            "segmentNumber": "14", 
            "he": "יפדה ויאכל בכל מקום", 
            "links": [
                {
                    "category": "Commentary", 
                    "sourceHeRef": "רש\"י על מכות כ׳ א:י״ד:א׳", 
                    "index_title": "Rashi on Makkot", 
                    "sourceRef": "Rashi on Makkot 20a:14:1"
                }
            ], 
            "text": "that it can be redeemed and eaten anywhere."
        }, 
        {
            "segmentNumber": "15", 
            "he": "ואי סלקא דעתך מתנות שלא הורמו כמי שהורמו דמיין הא קלטוהו מחיצות", 
            "links": [], 
            "text": "And if we were to conclude that gifts that weren't yet given are considered as if they were given, why the walls already encompassed [the maaser sheni, and it would have to be brought back to Jerusalem even according to Beis Hillel!?]"
        }, 
        {
            "segmentNumber": "16", 
            "he": "אמר רבה", 
            "links": [], 
            "text": "Rava says,"
        }, 
        {
            "segmentNumber": "17", 
            "he": "מחיצה לאכול דאורייתא מחיצה לקלוט דרבנן", 
            "links": [
                {
                    "category": "Commentary", 
                    "sourceHeRef": "תוספות על מכות כ׳ א:י״ז:א׳", 
                    "index_title": "Tosafot on Makkot", 
                    "sourceRef": "Tosafot on Makkot 20a:17:1"
                }
            ], 
            "text": "the boundary regarding eating is Biblical, but the boundary regarding encompassing is only Rabbinical."
        }, 
        {
            "segmentNumber": "18", 
            "he": "וכי גזור רבנן כי איתיה בעיניה בטבליה לא גזור רבנן", 
            "links": [], 
            "text": "And when did the Rabbis decree this rule? Only when it is actually there, but in a case where it is untithed the Rabbis did not apply this rule."
        }, 
        {
            "segmentNumber": "19", 
            "he": "רבינא אמר", 
            "links": [
                {
                    "category": "Commentary", 
                    "sourceHeRef": "רש\"י על מכות כ׳ א:י״ט:א׳", 
                    "index_title": "Rashi on Makkot", 
                    "sourceRef": "Rashi on Makkot 20a:19:1"
                }, 
                {
                    "category": "Commentary", 
                    "sourceHeRef": "תוספות על מכות כ׳ א:י״ט:א׳", 
                    "index_title": "Tosafot on Makkot", 
                    "sourceRef": "Tosafot on Makkot 20a:19:1"
                }
            ], 
            "text": "Ravina said,"
        }, 
        {
            "segmentNumber": "20", 
            "he": "כגון דנקיט ליה בקניא ותפשוט בעיא דרב פפא:", 
            "links": [], 
            "text": "The Barasia is referring to where he carried the Maaser Sheni on a stick, and thus we can answer the question of Rav Pappa."
        }, 
        {
            "segmentNumber": "21", 
            "he": "<big><strong>מתני׳</strong></big> הקורח קרחה בראשו והמקיף פאת ראשו והמשחית פאת זקנו והשורט שריטה אחת על המת חייב", 
            "links": [
                {
                    "category": "Commentary", 
                    "sourceHeRef": "רש\"י על מכות כ׳ א:כ״א:א׳", 
                    "index_title": "Rashi on Makkot", 
                    "sourceRef": "Rashi on Makkot 20a:21:1"
                }, 
                {
                    "category": "Commentary", 
                    "sourceHeRef": "רש\"י על מכות כ׳ א:כ״א:ב׳", 
                    "index_title": "Rashi on Makkot", 
                    "sourceRef": "Rashi on Makkot 20a:21:2"
                }, 
                {
                    "category": "Commentary", 
                    "sourceHeRef": " פסקי הראש על מכות ג׳:ב׳:א׳", 
                    "index_title": "Rosh on Makkot", 
                    "sourceRef": "Rosh on Makkot 3:2:1"
                }
            ], 
            "text": "MISHNA: One who balds a bald spot on his head, or one who cuts the corners of his head, or one who destroys the corners of his beard, or one who incised an incision [in his skin] over someone's death, is liable [to malkus]."
        }, 
        {
            "segmentNumber": "22", 
            "he": "שרט שריטה אחת על חמשה מתים או חמש שריטות על מת אחד חייב על כל אחת ואחת", 
            "links": [
                {
                    "category": "Commentary", 
                    "sourceHeRef": "רש\"י על מכות כ׳ א:כ״ב:א׳", 
                    "index_title": "Rashi on Makkot", 
                    "sourceRef": "Rashi on Makkot 20a:22:1"
                }, 
                {
                    "category": "Commentary", 
                    "sourceHeRef": "רש\"י על מכות כ׳ א:כ״ב:ב׳", 
                    "index_title": "Rashi on Makkot", 
                    "sourceRef": "Rashi on Makkot 20a:22:2"
                }, 
                {
                    "category": "Commentary", 
                    "sourceHeRef": "רש\"י על מכות כ׳ א:כ״ב:ג׳", 
                    "index_title": "Rashi on Makkot", 
                    "sourceRef": "Rashi on Makkot 20a:22:3"
                }, 
                {
                    "category": "Commentary", 
                    "sourceHeRef": "רש\"י על מכות כ׳ א:כ״ב:ד׳", 
                    "index_title": "Rashi on Makkot", 
                    "sourceRef": "Rashi on Makkot 20a:22:4"
                }
            ], 
            "text": "One who makes a single incision over five deaths or makes five incisions over one death is liable for each and every one."
        }, 
        {
            "segmentNumber": "23", 
            "he": "על הראש שתים אחת מכאן ואחת מכאן על הזקן שתים מכאן ושתים מכאן ואחת מלמטה", 
            "links": [
                {
                    "category": "Commentary", 
                    "sourceHeRef": "רש\"י על מכות כ׳ א:כ״ג:א׳", 
                    "index_title": "Rashi on Makkot", 
                    "sourceRef": "Rashi on Makkot 20a:23:1"
                }
            ], 
            "text": "For [shaving the entire] head, one would be liable twice, once on this side and once on that side. For [shaving the entire] beard, one would be liable twice on this side, twice on that side, and once below."
        }, 
        {
            "segmentNumber": "24", 
            "he": "רבי אליעזר אומר", 
            "links": [], 
            "text": "Rebbi Eliezer says,"
        }, 
        {
            "segmentNumber": "25", 
            "he": "אם ניטלו כולן כאחת אינו חייב אלא אחת", 
            "links": [], 
            "text": "If he removed all [of the five spots] simultaneously, he would only be liable once."
        }, 
        {
            "segmentNumber": "26", 
            "he": "ואינו חייב עד שיטלנו בתער", 
            "links": [
                {
                    "category": "Commentary", 
                    "sourceHeRef": "רש\"י על מכות כ׳ א:כ״ו:א׳", 
                    "index_title": "Rashi on Makkot", 
                    "sourceRef": "Rashi on Makkot 20a:26:1"
                }
            ], 
            "text": "And he is not liable unless he removes them with a razor."
        }, 
        {
            "segmentNumber": "27", 
            "he": "רבי אליעזר אומר", 
            "links": [], 
            "text": "Rebbi Eliezer says,"
        }, 
        {
            "segmentNumber": "28", 
            "he": "אפילו לקטו במלקט או ברהיטני חייב:", 
            "links": [
                {
                    "category": "Talmud", 
                    "sourceHeRef": "רי\"ף מכות ו׳ א:ד׳", 
                    "index_title": "Rif Makkot", 
                    "sourceRef": "Rif Makkot 6a:4"
                }
            ], 
            "text": "Even if removes them with wood planes and tweezers, he would be liable."
        }, 
        {
            "segmentNumber": "29", 
            "he": "<big><strong>גמ׳</strong></big> תנו רבנן", 
            "links": [], 
            "text": "GEMARA: The Rabbis taught in a baraisa"
        }, 
        {
            "segmentNumber": "30", 
            "he": "(ויקרא כא, ה) לא יקרחו יכול אפילו קרח ארבע וחמש קריחות לא יהא חייב אלא אחת", 
            "links": [
                {
                    "category": "Tanakh", 
                    "sourceHeRef": "ויקרא כ״א:ה׳", 
                    "index_title": "Leviticus", 
                    "sourceRef": "Leviticus 21:5"
                }, 
                {
                    "category": "Commentary", 
                    "sourceHeRef": "רש\"י על מכות כ׳ א:ל׳:א׳", 
                    "index_title": "Rashi on Makkot", 
                    "sourceRef": "Rashi on Makkot 20a:30:1"
                }
            ], 
            "text": "(Leviticus 21,5) \"Do not make a bald spot\", I might think may mean that even one who made four or five bald spots is only liable once,"
        }, 
        {
            "segmentNumber": "31", 
            "he": "תלמוד לומר", 
            "links": [], 
            "text": "the Torah therefore says,"
        }, 
        {
            "segmentNumber": "32", 
            "he": "קרחה לחייב על כל קרחה וקרחה", 
            "links": [
                {
                    "category": "Commentary", 
                    "sourceHeRef": "תוספות על מכות כ׳ א:ל״ב:א׳", 
                    "index_title": "Tosafot on Makkot", 
                    "sourceRef": "Tosafot on Makkot 20a:32:1"
                }
            ], 
            "text": "\"A bald spot\" to make one liable for each and every bald spot."
        }, 
        {
            "segmentNumber": "33", 
            "he": "בראשם מה תלמוד לומר", 
            "links": [
                {
                    "category": "Commentary", 
                    "sourceHeRef": "רש\"י על מכות כ׳ א:ל״ג:א׳", 
                    "index_title": "Rashi on Makkot", 
                    "sourceRef": "Rashi on Makkot 20a:33:1"
                }
            ], 
            "text": "Why does the Torah say \"On the head\"?"
        }, 
        {
            "segmentNumber": "34", 
            "he": "לפי שנאמר (דברים יד, א) לא תתגודדו ולא תשימו קרחה בין עיניכם למת יכול לא יהא חייב אלא על בין העינים בלבד מנין לרבות כל הראש", 
            "links": [
                {
                    "category": "Commentary", 
                    "sourceHeRef": "רש\"י על מכות כ׳ א:ל״ד:א׳", 
                    "index_title": "Rashi on Makkot", 
                    "sourceRef": "Rashi on Makkot 20a:34:1"
                }, 
                {
                    "category": "Tanakh", 
                    "sourceHeRef": "דברים י״ד:א׳", 
                    "index_title": "Deuteronomy", 
                    "sourceRef": "Deuteronomy 14:1"
                }, 
                {
                    "category": "Commentary", 
                    "sourceHeRef": "רש\"י על מכות כ׳ א:ל״ד:ב׳", 
                    "index_title": "Rashi on Makkot", 
                    "sourceRef": "Rashi on Makkot 20a:34:2"
                }
            ], 
            "text": "Because it says (Deuteronomy 14,1) \"You shall not cut yourselves nor make any baldness between your eyes the dead\", I may think that this would mean that one is only liable for between the eyes, from where do I know to include the rest of the head?"
        }, 
        {
            "segmentNumber": "35", 
            "he": "תלמוד לומר בראשם לרבות כל הראש", 
            "links": [], 
            "text": "The Torah therefore says \"On the head\" to include the entire head."
        }, 
        {
            "segmentNumber": "36", 
            "he": "ואין לי אלא בכהנים שריבה בהן הכתוב מצות יתירות ישראל מנין", 
            "links": [
                {
                    "category": "Commentary", 
                    "sourceHeRef": "רש\"י על מכות כ׳ א:ל״ו:א׳", 
                    "index_title": "Rashi on Makkot", 
                    "sourceRef": "Rashi on Makkot 20a:36:1"
                }
            ], 
            "text": "And I currently only know that this applies to Kohenim, where the Torah added many mitzvos. From where would I know that this also applies to lay Israelites?"
        }, 
        {
            "segmentNumber": "37", 
            "he": "נאמר כאן קרחה ונאמר להלן קרחה מה להלן חייב על כל קרחה וקרחה וחייב על הראש כבין העינים אף כאן חייב על כל קרחה וקרחה וחייב על הראש כבין העינים", 
            "links": [], 
            "text": "It says here \"a bald spot\" and it says there \"a bald spot\", just as there, one is liable for each and every bald spot and one is liable to the entire head as he is to between the eyes, so too here one is liable for each and every bald spot and one is liable to the entire head as he is to between the eyes."
        }, 
        {
            "segmentNumber": "38", 
            "he": "ומה להלן על מת אף כאן על מת", 
            "links": [], 
            "text": "And just as there one is only liable [for making a bald spot] on a death, so too here [it must be] on a death."
        }, 
        {
            "segmentNumber": "39", 
            "he": "הני ד' וה' קריחות ה\"ד", 
            "links": [], 
            "text": "What are the circumstances regarding these four or five bald spots [that we had mentioned]?"
        }, 
        {
            "segmentNumber": "40", 
            "he": "אילימא בזה אחר זה ובחמש התראות פשיטא", 
            "links": [], 
            "text": "If you will say that they are one after the other with five separate warnings, then it would be obvious [that he incurs five separate sets of malkus]!"
        }
    ], 
    "heRef": "מכות כ׳ א", 
    "toSections": [
        "20a"
    ], 
    "sectionRef": "Makkot 20a", 
    "title": "Makkot 20a", 
    "lengths": [
        46, 
        2355
    ], 
    "next": "Makkot 20b", 
    "heBook": "מכות", 
    "book": "Makkot", 
    "prev": "Makkot 19b", 
    "textDepth": 2, 
    "sectionNames": [
        "Daf", 
        "Line"
    ], 
    "sections": [
        "20a"
    ], 
    "isComplex": false, 
    "titleVariants": [
        "Masekhet Makkot", 
        "Tractate Makkot", 
        "Tractate Makkos", 
        "Makkos", 
        "Talmud Makkos", 
        "Makkot", 
        "Talmud Makkot", 
        "Makot"
    ], 
    "categories": [
        "Talmud", 
        "Bavli", 
        "Seder Nezikin"
    ], 
    "ref": "Makkot 20a", 
    "type": "Talmud", 
    "addressTypes": [
        "Talmud", 
        "Integer"
    ], 
    "length": 46, 
    "indexTitle": "Makkot", 
    "heIndexTitle": "מכות", 
    "alts": [], 
    "order": [
        24, 
        5
    ]
}