{
    "content": [
        {
            "segmentNumber": "1", 
            "he": "היה עולה בסולם ונפל עליו והרגו הרי זה אינו גולה", 
            "links": [
                {
                    "category": "Halakhah", 
                    "index_title": "Mishneh Torah, Murderer and the Preservation of Life", 
                    "sourceHeRef": "משנה תורה, הלכות רוצח ושמירת נפש ו׳:י״ג", 
                    "sourceRef": "Mishneh Torah, Murderer and the Preservation of Life 6:13"
                }
            ], 
            "text": "[Or] if he was ascending on a ladder and if he fell and killed him, this one is not [liable for] exile."
        }, 
        {
            "segmentNumber": "2", 
            "he": "זה הכלל", 
            "links": [
                {
                    "category": "Tanakh", 
                    "index_title": "Numbers", 
                    "sourceHeRef": "במדבר ל״ה:כ״ג", 
                    "sourceRef": "Numbers 35:23"
                }, 
                {
                    "category": "Tanakh", 
                    "index_title": "Numbers", 
                    "sourceHeRef": "במדבר ל״ה:כ״ג", 
                    "sourceRef": "Numbers 35:23"
                }
            ], 
            "text": "This is the general rule:"
        }, 
        {
            "segmentNumber": "3", 
            "he": "כל שבדרך ירידתו גולה ושלא בדרך ירידתו אינו גולה:", 
            "links": [
                {
                    "category": "Tanakh", 
                    "index_title": "Numbers", 
                    "sourceHeRef": "במדבר ל״ה:י״א", 
                    "sourceRef": "Numbers 35:11"
                }, 
                {
                    "category": "Tanakh", 
                    "index_title": "Deuteronomy", 
                    "sourceHeRef": "דברים י״ט:ד׳", 
                    "sourceRef": "Deuteronomy 19:4"
                }, 
                {
                    "category": "Tanakh", 
                    "index_title": "Numbers", 
                    "sourceHeRef": "במדבר ל״ה:י״א", 
                    "sourceRef": "Numbers 35:11"
                }, 
                {
                    "category": "Tanakh", 
                    "index_title": "Deuteronomy", 
                    "sourceHeRef": "דברים י״ט:ד׳", 
                    "sourceRef": "Deuteronomy 19:4"
                }
            ], 
            "text": "Anyone on his way down, [that person is liable for] exile. Anyone that is not on his way down, [that person is liable for] exile."
        }, 
        {
            "segmentNumber": "4", 
            "he": "<big><strong>גמ׳</strong></big> מנא ה\"מ", 
            "links": [
                {
                    "category": "Halakhah", 
                    "index_title": "Mishneh Torah, Murderer and the Preservation of Life", 
                    "sourceHeRef": "משנה תורה, הלכות רוצח ושמירת נפש ו׳:י׳", 
                    "sourceRef": "Mishneh Torah, Murderer and the Preservation of Life 6:10"
                }, 
                {
                    "category": "Talmud", 
                    "index_title": "Makkot", 
                    "sourceHeRef": "מכות ט׳ א", 
                    "sourceRef": "Makkot 9a"
                }
            ], 
            "text": "Gemara: From where is it derived [that downward motion that kills someone is punished by exile]?"
        }, 
        {
            "segmentNumber": "5", 
            "he": "אמר שמואל", 
            "links": [
                {
                    "category": "Tanakh", 
                    "index_title": "Deuteronomy", 
                    "sourceHeRef": "דברים י״ט:ד׳", 
                    "sourceRef": "Deuteronomy 19:4"
                }, 
                {
                    "category": "Halakhah", 
                    "index_title": "Mishneh Torah, Murderer and the Preservation of Life", 
                    "sourceHeRef": "משנה תורה, הלכות רוצח ושמירת נפש ו׳:י׳", 
                    "sourceRef": "Mishneh Torah, Murderer and the Preservation of Life 6:10"
                }, 
                {
                    "category": "Tanakh", 
                    "index_title": "Deuteronomy", 
                    "sourceHeRef": "דברים י״ט:ד׳", 
                    "sourceRef": "Deuteronomy 19:4"
                }
            ], 
            "text": "Shmuel said"
        }, 
        {
            "segmentNumber": "6", 
            "he": "דאמר קרא (במדבר לה, כג) ויפל עליו וימות עד שיפול דרך נפילה", 
            "links": [
                {
                    "category": "Tanakh", 
                    "index_title": "Numbers", 
                    "sourceHeRef": "במדבר ל״ה:כ״ב", 
                    "sourceRef": "Numbers 35:22"
                }, 
                {
                    "category": "Halakhah", 
                    "index_title": "Mishneh Torah, Murderer and the Preservation of Life", 
                    "sourceHeRef": "משנה תורה, הלכות רוצח ושמירת נפש ו׳:י׳", 
                    "sourceRef": "Mishneh Torah, Murderer and the Preservation of Life 6:10"
                }, 
                {
                    "category": "Halakhah", 
                    "index_title": "Mishneh Torah, Murderer and the Preservation of Life", 
                    "sourceHeRef": "משנה תורה, הלכות רוצח ושמירת נפש ו׳:י״ג", 
                    "sourceRef": "Mishneh Torah, Murderer and the Preservation of Life 6:13"
                }, 
                {
                    "category": "Halakhah", 
                    "index_title": "Mishneh Torah, Murderer and the Preservation of Life", 
                    "sourceHeRef": "משנה תורה, הלכות רוצח ושמירת נפש ו׳:י״ד", 
                    "sourceRef": "Mishneh Torah, Murderer and the Preservation of Life 6:14"
                }, 
                {
                    "category": "Tanakh", 
                    "index_title": "Numbers", 
                    "sourceHeRef": "במדבר ל״ה:כ״ב", 
                    "sourceRef": "Numbers 35:22"
                }, 
                {
                    "category": "Tanakh", 
                    "index_title": "Numbers", 
                    "sourceHeRef": "במדבר ל״ה:כ״ג", 
                    "sourceRef": "Numbers 35:23"
                }
            ], 
            "text": "that the verse said: “And he cast it upon him, and he died” (Numbers 35:23) [meaning] until it falls in the way of falling. "
        }, 
        {
            "segmentNumber": "7", 
            "he": "תנו רבנן", 
            "links": [
                {
                    "category": "Tanakh", 
                    "index_title": "Exodus", 
                    "sourceHeRef": "שמות כ״א:י״ג", 
                    "sourceRef": "Exodus 21:13"
                }, 
                {
                    "category": "Tanakh", 
                    "index_title": "Exodus", 
                    "sourceHeRef": "שמות כ״א:י״ג", 
                    "sourceRef": "Exodus 21:13"
                }
            ], 
            "text": "Our Rabbis taught [in a baraita]:"
        }, 
        {
            "segmentNumber": "8", 
            "he": "(במדבר לה, יא) בשגגה פרט למזיד (דברים יט, ד) בבלי דעת פרט למתכוין ", 
            "links": [
                {
                    "category": "Tanakh", 
                    "index_title": "Deuteronomy", 
                    "sourceHeRef": "דברים י״ט:ה׳", 
                    "sourceRef": "Deuteronomy 19:5"
                }, 
                {
                    "category": "Halakhah", 
                    "index_title": "Mishneh Torah, Murderer and the Preservation of Life", 
                    "sourceHeRef": "משנה תורה, הלכות רוצח ושמירת נפש ו׳:י״א", 
                    "sourceRef": "Mishneh Torah, Murderer and the Preservation of Life 6:11"
                }, 
                {
                    "category": "Tanakh", 
                    "index_title": "Deuteronomy", 
                    "sourceHeRef": "דברים י״ט:ה׳", 
                    "sourceRef": "Deuteronomy 19:5"
                }, 
                {
                    "category": "Tanakh", 
                    "index_title": "Numbers", 
                    "sourceHeRef": "במדבר ל״ה:י״א", 
                    "sourceRef": "Numbers 35:11"
                }, 
                {
                    "category": "Tanakh", 
                    "index_title": "Deuteronomy", 
                    "sourceHeRef": "דברים י״ט:ד׳", 
                    "sourceRef": "Deuteronomy 19:4"
                }
            ], 
            "text": "“Through error” (Numbers 35:11) this excludes acting willfully. “Without awareness” (Deuteronomy 19:4) this excludes intentionality. "
        }, 
        {
            "segmentNumber": "9", 
            "he": "מזיד", 
            "text": "Acting willfully"
        }, 
        {
            "segmentNumber": "10", 
            "he": "פשיטא בר קטלא הוא", 
            "links": [
                {
                    "category": "Commentary", 
                    "index_title": "Tosafot on Makkot", 
                    "sourceHeRef": "תוספות על מכות ז׳ ב:י׳:א׳", 
                    "sourceRef": "Tosafot on Makkot 7b:10:1"
                }
            ], 
            "text": "is obvious! He is liable for death!?"
        }, 
        {
            "segmentNumber": "11", 
            "he": "(אלא) אמר רבא", 
            "links": [
                {
                    "category": "Commentary", 
                    "index_title": "Rashi on Makkot", 
                    "sourceHeRef": "רש\"י על מכות ז׳ ב:י״א:א׳", 
                    "sourceRef": "Rashi on Makkot 7b:11:1"
                }
            ], 
            "text": "(Rather) Rava said:"
        }, 
        {
            "segmentNumber": "12", 
            "he": "אימא פרט לאומר מותר", 
            "links": [
                {
                    "category": "Commentary", 
                    "index_title": "Tosafot on Makkot", 
                    "sourceHeRef": "תוספות על מכות ז׳ ב:י״ב:א׳", 
                    "sourceRef": "Tosafot on Makkot 7b:12:1"
                }
            ], 
            "text": "Say [instead: “Through error”] excludes the one who says it is permitted [to do a prohibited action]."
        }, 
        {
            "segmentNumber": "13", 
            "he": "א\"ל אביי", 
            "text": "Abaye said to him:"
        }, 
        {
            "segmentNumber": "14", 
            "he": "אי אומר מותר אנוס הוא", 
            "links": [
                {
                    "category": "Commentary", 
                    "index_title": "Rashi on Makkot", 
                    "sourceHeRef": "רש\"י על מכות ז׳ ב:י״ד:א׳", 
                    "sourceRef": "Rashi on Makkot 7b:14:1"
                }
            ], 
            "text": "If he is one who says it is permitted, [then he falls into the category of] one who had no choice."
        }, 
        {
            "segmentNumber": "15", 
            "he": "אמר ליה", 
            "text": "[Rava] said to him:"
        }, 
        {
            "segmentNumber": "16", 
            "he": "שאני אומר", 
            "text": "It is because I say"
        }, 
        {
            "segmentNumber": "17", 
            "he": "האומר מותר קרוב למזיד הוא ", 
            "text": "that the one who said it is permitted [falls into the category of] one who was grossly negligent. "
        }, 
        {
            "segmentNumber": "18", 
            "he": "(דברים יט, ד) בבלי דעת פרט למתכוין", 
            "links": [
                {
                    "category": "Tanakh", 
                    "index_title": "Deuteronomy", 
                    "sourceHeRef": "דברים י״ט:ד׳", 
                    "sourceRef": "Deuteronomy 19:4"
                }
            ], 
            "text": "“Without awareness” (Deuteronomy 19:4) excludes intentionality."
        }, 
        {
            "segmentNumber": "19", 
            "he": "מתכוין", 
            "links": [
                {
                    "category": "Commentary", 
                    "index_title": "Tosafot on Makkot", 
                    "sourceHeRef": "תוספות על מכות ז׳ ב:י״ט:א׳", 
                    "sourceRef": "Tosafot on Makkot 7b:19:1"
                }
            ], 
            "text": "Intentionality"
        }, 
        {
            "segmentNumber": "20", 
            "he": "פשיטא בר קטלא הוא", 
            "text": "is obvious! He is liable for death!?"
        }, 
        {
            "segmentNumber": "21", 
            "he": "אמר רבה", 
            "text": "Rabbah said:"
        }, 
        {
            "segmentNumber": "22", 
            "he": "פרט למתכוין להרוג את הבהמה והרג את האדם לכותי והרג את ישראל לנפל והרג בן קיימא ", 
            "text": "This excludes [when] he intends to kill an animal and kills a person, [when he intends to kill] a Cutite and kills a Jew, [when he intends to kill] a stillbirth and kills a viable infant. "
        }, 
        {
            "segmentNumber": "23", 
            "he": "ת\"ר", 
            "text": "Our Rabbis taught [in a baraita]:"
        }, 
        {
            "segmentNumber": "24", 
            "he": "(במדבר לה, כב) אם בפתע פרט לקרן זוית בלא איבה פרט לשונא הדפו שדחפו בגופו או השליך עליו להביא ירידה שהיא צורך עליה בלא צדיה פרט למתכוין לצד זה והלכה לה לצד אחר (שמות כא, יג) ואשר לא צדה פרט למתכוין לזרוק שתים וזרק ארבע ", 
            "links": [
                {
                    "category": "Commentary", 
                    "index_title": "Rashi on Makkot", 
                    "sourceHeRef": "רש\"י על מכות ז׳ ב:כ״ד:א׳", 
                    "sourceRef": "Rashi on Makkot 7b:24:1"
                }, 
                {
                    "category": "Commentary", 
                    "index_title": "Rashi on Makkot", 
                    "sourceHeRef": "רש\"י על מכות ז׳ ב:כ״ד:ב׳", 
                    "sourceRef": "Rashi on Makkot 7b:24:2"
                }, 
                {
                    "category": "Commentary", 
                    "index_title": "Rashi on Makkot", 
                    "sourceHeRef": "רש\"י על מכות ז׳ ב:כ״ד:ג׳", 
                    "sourceRef": "Rashi on Makkot 7b:24:3"
                }, 
                {
                    "category": "Commentary", 
                    "index_title": "Rashi on Makkot", 
                    "sourceHeRef": "רש\"י על מכות ז׳ ב:כ״ד:ד׳", 
                    "sourceRef": "Rashi on Makkot 7b:24:4"
                }, 
                {
                    "category": "Commentary", 
                    "index_title": "Rashi on Makkot", 
                    "sourceHeRef": "רש\"י על מכות ז׳ ב:כ״ד:ה׳", 
                    "sourceRef": "Rashi on Makkot 7b:24:5"
                }, 
                {
                    "category": "Commentary", 
                    "index_title": "Rashi on Makkot", 
                    "sourceHeRef": "רש\"י על מכות ז׳ ב:כ״ד:ו׳", 
                    "sourceRef": "Rashi on Makkot 7b:24:6"
                }, 
                {
                    "category": "Tanakh", 
                    "index_title": "Exodus", 
                    "sourceHeRef": "שמות כ״א:י״ג", 
                    "sourceRef": "Exodus 21:13"
                }, 
                {
                    "category": "Tanakh", 
                    "index_title": "Numbers", 
                    "sourceHeRef": "במדבר ל״ה:כ״ב", 
                    "sourceRef": "Numbers 35:22"
                }, 
                {
                    "category": "Commentary", 
                    "index_title": "Rashi on Makkot", 
                    "sourceHeRef": "רש\"י על מכות ז׳ ב:כ״ד:ז׳", 
                    "sourceRef": "Rashi on Makkot 7b:24:7"
                }, 
                {
                    "category": "Commentary", 
                    "index_title": "Tosafot on Makkot", 
                    "sourceHeRef": "תוספות על מכות ז׳ ב:כ״ד:א׳", 
                    "sourceRef": "Tosafot on Makkot 7b:24:1"
                }
            ], 
            "text": "“If he came upon him suddenly” (Numbers 35:22) this excludes a [case when someone turns quickly] around a corner. “Without hatred” (Numbers 35:22) excludes the one who hates [their victim]. “He pushed him” (Numbers 35:22) [means] when he pushed his body. “Or hurled upon him” (Numbers 35:22) includes downward motion that is for a need of upward motion. “Without lying in wait (tz’diyah)” (Numbers 35:22) excludes the one who intends [to throw something] to one side (tzad) and it goes to the other side. “And if one does not lie in wait (tzadah)” (Exodus 21:13) excludes the one who intends to throw [something] two cubits and he threw [it] four cubits."
        }, 
        {
            "segmentNumber": "25", 
            "he": "(דברים יט, ה) ואשר יבא את רעהו ביער מה יער רשות לניזק ולמזיק ליכנס לשם אף כל רשות לניזק ולמזיק ליכנס לשם ", 
            "links": [
                {
                    "category": "Tanakh", 
                    "index_title": "Deuteronomy", 
                    "sourceHeRef": "דברים י״ט:ה׳", 
                    "sourceRef": "Deuteronomy 19:5"
                }, 
                {
                    "category": "Commentary", 
                    "index_title": "Rashi on Makkot", 
                    "sourceHeRef": "רש\"י על מכות ז׳ ב:כ״ה:א׳", 
                    "sourceRef": "Rashi on Makkot 7b:25:1"
                }, 
                {
                    "category": "Commentary", 
                    "index_title": "Tosafot on Makkot", 
                    "sourceHeRef": "תוספות על מכות ז׳ ב:כ״ה:א׳", 
                    "sourceRef": "Tosafot on Makkot 7b:25:1"
                }
            ], 
            "text": "“When a person comes upon his friend in a forest” (Deuteronomy 19:5) Just as in a forest it is permitted for the perpetrator and the victim to enter there [because it is public space], so too [the same rules apply in] any [place where it is] permitted for the perpetrator and the victim to enter there."
        }, 
        {
            "segmentNumber": "26", 
            "he": "בעא מיניה רבי אבהו מרבי יוחנן", 
            "text": "R' Abahu asked R' Yohanan a question:"
        }, 
        {
            "segmentNumber": "27", 
            "he": "היה עולה בסולם ונשמט השליבה מתחתיו ונפלה והרגה מהו", 
            "links": [
                {
                    "category": "Commentary", 
                    "index_title": "Tosafot on Makkot", 
                    "sourceHeRef": "תוספות על מכות ז׳ ב:כ״ז:א׳", 
                    "sourceRef": "Tosafot on Makkot 7b:27:1"
                }
            ], 
            "text": "If a person was ascending a ladder and a rung broke under him and it fell and struck someone below and killed him,"
        }, 
        {
            "segmentNumber": "28", 
            "he": "כי האי גוונא עליה היא או ירידה היא", 
            "links": [
                {
                    "category": "Commentary", 
                    "index_title": "Rashi on Makkot", 
                    "sourceHeRef": "רש\"י על מכות ז׳ ב:כ״ח:א׳", 
                    "sourceRef": "Rashi on Makkot 7b:28:1"
                }
            ], 
            "text": "is this a situation of ascent [where he would be exempt] or descent [where he would be held liable]?"
        }, 
        {
            "segmentNumber": "29", 
            "he": "א\"ל", 
            "links": [
                {
                    "category": "Commentary", 
                    "index_title": "Rashi on Makkot", 
                    "sourceHeRef": "רש\"י על מכות ז׳ ב:כ״ט:א׳", 
                    "sourceRef": "Rashi on Makkot 7b:29:1"
                }
            ], 
            "text": "He said to him:"
        }, 
        {
            "segmentNumber": "30", 
            "he": "כבר נגעת בירידה שהיא צורך עליה ", 
            "links": [
                {
                    "category": "Commentary", 
                    "index_title": "Rashi on Makkot", 
                    "sourceHeRef": "רש\"י על מכות ז׳ ב:ל׳:א׳", 
                    "sourceRef": "Rashi on Makkot 7b:30:1"
                }
            ], 
            "text": "You've already touched on this [in an earlier baraita]—in a case of descending for the purpose of ascent [here, we mean that the rung is going downward for the purpose of the person ascending]."
        }, 
        {
            "segmentNumber": "31", 
            "he": "איתיביה", 
            "text": "He challenged him"
        }, 
        {
            "segmentNumber": "32", 
            "he": "זה הכלל כל שבדרך ירידתו גולה שלא בדרך ירידתו אינו גולה", 
            "text": "\"This is the general rule: anything that is within a downward movement, [that person] is sent to exile. Anything not in a downward movement [that person who initiated the act] is not exiled.\""
        }, 
        {
            "segmentNumber": "33", 
            "he": "שלא בדרך ירידתו לאיתויי מאי", 
            "text": "And what does this \"anything not in a downward movement include?\""
        }, 
        {
            "segmentNumber": "34", 
            "he": "לאו לאיתויי כה\"ג", 
            "text": "Does it not include this case?! [where the rung is downward and you are moving up, where, according to this general rule, that person would not be culpable for the rung falling]."
        }, 
        {
            "segmentNumber": "35", 
            "he": "וליטעמיך כל שבדרך ירידתו לאיתויי מאי", 
            "text": "But according to your reasoning, [the rule that] anything that is in the way of descent includes what?!"
        }, 
        {
            "segmentNumber": "36", 
            "he": "אלא לאיתויי קצב הכא נמי לאיתויי קצב", 
            "text": "Does it not include a butcher? Here too, it also comes to include the case of the butcher—"
        }, 
        {
            "segmentNumber": "37", 
            "he": "דתניא", 
            "text": "as it is taught in a baraita:"
        }, 
        {
            "segmentNumber": "38", 
            "he": "קצב שהיה מקצב", 
            "text": "a butcher who was cutting [meat]."
        }, 
        {
            "segmentNumber": "39", 
            "he": "תנא חדא", 
            "text": "One tanna teaches"
        }, 
        {
            "segmentNumber": "40", 
            "he": "לפניו חייב לאחריו פטור ותניא אידך", 
            "links": [
                {
                    "category": "Commentary", 
                    "index_title": "Rashi on Makkot", 
                    "sourceHeRef": "רש\"י על מכות ז׳ ב:מ׳:א׳", 
                    "sourceRef": "Rashi on Makkot 7b:40:1"
                }
            ], 
            "text": "that [if he struck someone who was standing] before him, he would liable and [if the person was behind him], he would be exempt. Another tanna teaches"
        }, 
        {
            "segmentNumber": "41", 
            "he": "לאחריו חייב לפניו פטור", 
            "text": "that [if he struck someone behind him] he would be liable and if [he struck someone before him], he would be exempt."
        }, 
        {
            "segmentNumber": "42", 
            "he": "ותניא אידך בין לפניו בין לאחריו חייב ותניא אידך", 
            "text": "Another tanna teaches that whether the person was before him or behind him, he would liable. And another tanna teaches"
        }, 
        {
            "segmentNumber": "43", 
            "he": "בין לפניו בין לאחריו פטור", 
            "text": "that whether he was before him or behind him, he would be exempt."
        }, 
        {
            "segmentNumber": "44", 
            "he": "ולא קשיא", 
            "text": "This is not a difficulty."
        }, 
        {
            "segmentNumber": "45", 
            "he": "כאן בירידה שלפניו ועליה שלאחריו כאן בעליה שלפניו וירידה שלאחריו כאן בירידה שלפניו ושל אחריו כאן בעליה שלפניו ושל אחריו.", 
            "links": [
                {
                    "category": "Commentary", 
                    "index_title": "Rashi on Makkot", 
                    "sourceHeRef": "רש\"י על מכות ז׳ ב:מ״ה:א׳", 
                    "sourceRef": "Rashi on Makkot 7b:45:1"
                }
            ], 
            "text": "Here [where he would be liable for the person standing before him but exempt if he were behind him] is when the knife is descending in front of him and ascending behind him. Here [where he is he is exempt for the person standing before him but liable for the person standing behind him] is when the upward motion is in front of him but the downward motion is behind him. Here [where he is liable in both situations] is when the downward motion is both in front of him and behind him. And here [where he is exempt in all cases] is when the upward motion is both in front of him and behind him."
        }, 
        {
            "segmentNumber": "46", 
            "he": "לימא כתנאי", 
            "links": [
                {
                    "category": "Commentary", 
                    "index_title": "Rashi on Makkot", 
                    "sourceHeRef": "רש\"י על מכות ז׳ ב:מ״ו:א׳", 
                    "sourceRef": "Rashi on Makkot 7b:46:1"
                }
            ], 
            "text": "[Now we return back to the debate between R' Abahu and R. Yohanan about the case of the fallen rung]. Let us say this same issue was the matter of a Tannaitic debate:"
        }, 
        {
            "segmentNumber": "47", 
            "he": "היה עולה בסולם ונשמטה שליבה מתחתיו תני חדא", 
            "text": "One who is ascending a ladder and a rung falls. One tanna taught"
        }, 
        {
            "segmentNumber": "48", 
            "he": "חייב ותניא אידך", 
            "text": "that he is liable and another taught"
        }, 
        {
            "segmentNumber": "49", 
            "he": "פטור", 
            "text": "that he is exempt. "
        }, 
        {
            "segmentNumber": "50", 
            "he": "מאי לאו בהא קא מיפלגי דמר סבר", 
            "text": "Was it not about this that they were disagreeing? One of them held"
        }, 
        {
            "segmentNumber": "51", 
            "he": "ירידה היא ומר סבר", 
            "text": "that it was a case of descent [where he is liable] and one of them holds"
        }, 
        {
            "segmentNumber": "52", 
            "he": "עליה היא", 
            "text": "that he is ascending [where he is exempt]. ..."
        }, 
        {
            "segmentNumber": "53", 
            "he": "לא דכ\"ע עליה היא ולא קשיא", 
            "text": "No [that's wrong], everybody agrees that it is a case of ascent. And this is not a problem [they still have a disagreement]."
        }, 
        {
            "segmentNumber": "54", 
            "he": "כאן לניזקין כאן לגלות", 
            "links": [
                {
                    "category": "Commentary", 
                    "index_title": "Rashi on Makkot", 
                    "sourceHeRef": "רש\"י על מכות ז׳ ב:נ״ד:א׳", 
                    "sourceRef": "Rashi on Makkot 7b:54:1"
                }
            ], 
            "text": "Here [one is talking about the issue of] damages [where he would be obligated to pay the compensation for damages caused] and the other [is talking about the issue of] exile [from which he would be exempted]."
        }, 
        {
            "segmentNumber": "55", 
            "he": "איבעית אימא", 
            "links": [
                {
                    "category": "Commentary", 
                    "index_title": "Tosafot on Makkot", 
                    "sourceHeRef": "תוספות על מכות ז׳ ב:נ״ה:א׳", 
                    "sourceRef": "Tosafot on Makkot 7b:55:1"
                }
            ], 
            "text": "If you want, say"
        }, 
        {
            "segmentNumber": "56", 
            "he": "הא והא לגלות ולא קשיא", 
            "text": "that both cases are talking about exile and there is [still] not a difficulty."
        }, 
        {
            "segmentNumber": "57", 
            "he": "הא דאתליע הא דלא אתליע", 
            "links": [
                {
                    "category": "Commentary", 
                    "index_title": "Rashi on Makkot", 
                    "sourceHeRef": "רש\"י על מכות ז׳ ב:נ״ז:א׳", 
                    "sourceRef": "Rashi on Makkot 7b:57:1"
                }
            ], 
            "text": "They are disagreeing about it being rotten. Here, [where he would be obligated for exile] is when (the rung) is rotten. Here [where he would be exempt from exile] is when it is not rotten."
        }, 
        {
            "segmentNumber": "58", 
            "he": "ואיבעית אימא", 
            "text": "And if you want, say"
        }, 
        {
            "segmentNumber": "59", 
            "he": "הא והא דלא אתליע ולא קשיא", 
            "text": "that they both agree that the wood was not rotten and it is [still] not a difficulty: "
        }, 
        {
            "segmentNumber": "60", 
            "he": "הא דמיהדק והא דלא מיהדק:", 
            "links": [
                {
                    "category": "Commentary", 
                    "index_title": "Rashi on Makkot", 
                    "sourceHeRef": "רש\"י על מכות ז׳ ב:ס׳:א׳", 
                    "sourceRef": "Rashi on Makkot 7b:60:1"
                }
            ], 
            "text": "Here [where he would be exempt from exile] is when the rung has been fastened. Here, [where he would be liable] is when he did not fasten it."
        }, 
        {
            "segmentNumber": "61", 
            "he": "<big><strong>מתני׳</strong></big> נשמט הברזל מקתו והרג רבי אומר", 
            "text": "Mishnah: If the iron axe head slipped from its handle and it killed someone, Rebi says"
        }, 
        {
            "segmentNumber": "62", 
            "he": "אינו גולה וחכמים אומרים", 
            "text": "he isn't exiled, and the Sages say"
        }, 
        {
            "segmentNumber": "63", 
            "he": "גולה", 
            "text": "that he is exiled."
        }, 
        {
            "segmentNumber": "64", 
            "he": "מן העץ המתבקע רבי אומר", 
            "links": [
                {
                    "category": "Commentary", 
                    "index_title": "Rashi on Makkot", 
                    "sourceHeRef": "רש\"י על מכות ז׳ ב:ס״ד:א׳", 
                    "sourceRef": "Rashi on Makkot 7b:64:1"
                }
            ], 
            "text": "If [a wood chip] from the tree broke off [and that wood chip killed someone], Rebi says"
        }, 
        {
            "segmentNumber": "65", 
            "he": "גולה וחכמים אומרים", 
            "text": "he is exiled, and the Sages say"
        }, 
        {
            "segmentNumber": "66", 
            "he": "אינו גולה:", 
            "text": "that he isn't exiled."
        }, 
        {
            "segmentNumber": "67", 
            "he": "<big><strong>גמ׳</strong></big> תניא אמר להם רבי לחכמים", 
            "text": "Gemar: It was taught: Rebi said to the Sages: "
        }, 
        {
            "segmentNumber": "68", 
            "he": "וכי נאמר (דברים יט, ה) ונשל הברזל מעצו", 
            "links": [
                {
                    "category": "Tanakh", 
                    "index_title": "Deuteronomy", 
                    "sourceHeRef": "דברים י״ט:ה׳", 
                    "sourceRef": "Deuteronomy 19:5"
                }
            ], 
            "text": "Does it say, \"and the iron [flies off] from ITS wood?\""
        }, 
        {
            "segmentNumber": "69", 
            "he": "והלא לא נאמר אלא מן העץ", 
            "text": "Does it not only say \"from the wood?\""
        }, 
        {
            "segmentNumber": "70", 
            "he": "ועוד נאמר עץ למטה ונאמר עץ למעלה מה עץ האמור למעלה מן העץ המתבקע אף עץ האמור למטה מן העץ המתבקע", 
            "links": [
                {
                    "category": "Commentary", 
                    "index_title": "Rashi on Makkot", 
                    "sourceHeRef": "רש\"י על מכות ז׳ ב:ע׳:א׳", 
                    "sourceRef": "Rashi on Makkot 7b:70:1"
                }, 
                {
                    "category": "Commentary", 
                    "index_title": "Rashi on Makkot", 
                    "sourceHeRef": "רש\"י על מכות ז׳ ב:ע׳:ב׳", 
                    "sourceRef": "Rashi on Makkot 7b:70:2"
                }
            ], 
            "text": "And furthermore, the word \"wood\" is said below and the word \"wood\" is said above. Just as the word \"wood\" is said above [and refers to wood that comes] from the tree being chopped, so too the word \"wood\" is said below [and refers to wood that comes] from the tree being chopped."
        }, 
        {
            "segmentNumber": "71", 
            "he": "אמר רב חייא בר אשי אמר רב", 
            "text": "Rav Chiyah bar Ashi said in the name of Rav:"
        }, 
        {
            "segmentNumber": "72", 
            "he": "ושניהם מקרא אחד דרשו ונשל הברזל מן העץ רבי סבר", 
            "text": "Both [the Sages and Rebi] interpreted one verse. The iron breaks off from the wood [Ve'neshal]."
        }, 
        {
            "segmentNumber": "73", 
            "he": "יש אם למסורת ונישל כתיב", 
            "links": [
                {
                    "category": "Commentary", 
                    "index_title": "Rashi on Makkot", 
                    "sourceHeRef": "רש\"י על מכות ז׳ ב:ע״ג:א׳", 
                    "sourceRef": "Rashi on Makkot 7b:73:1"
                }
            ], 
            "text": "Rebi holds that the transmission [how the written word appears in the text] is what matters, and 'Ve'Neyshal' it is written [the form of which implies that the phrase should be understood as meaning that the axe blade caused something else—i.e., a wood chip—to come loose],"
        }, 
        {
            "segmentNumber": "74", 
            "he": "ורבנן סברי", 
            "text": "but the Sages hold"
        }, 
        {
            "segmentNumber": "75", 
            "he": "יש אם למקרא ונשל קרינן", 
            "text": "that the pronunciation [how we actually read the word] is what matters and \"nashal\" we read [the form of which implies that the actual axe head flew off]."
        }, 
        {
            "segmentNumber": "76", 
            "he": "ורבי יש אם למסורת סבירא ליה", 
            "text": "But does Rebi hold that the transmission [how the written word appears in the text] is what matters?"
        }
    ], 
    "heTitle": "מכות ז׳ ב", 
    "indexTitle": "Makkot", 
    "sectionRef": "Makkot 7b", 
    "prev": "Makkot 7a", 
    "ref": "Makkot 7b", 
    "heRef": "מכות ז׳ ב", 
    "next": "Makkot 8a"
}