{
    "heTitleVariants": [
        "תלמוד ירושלמי שביעית"
    ], 
    "heTitle": "תלמוד ירושלמי שביעית כ״ז א", 
    "content": [
        {
            "segmentNumber": "1", 
            "he": "מי שהיו לו פירות שביעית והגיע שעת הביעור מחלק מזון ג' סעודות לכל אחד ואחד והעניים אוכלין אחר הביעור אבל לא העשירים דברי רבי יהודא רבי יוסי אומר אחד עניים ואחד עשירים אוכלין אחר הביעור מי שהיו לו פירות שביעית שנפלו לו בירושה או שנתנו לו מתנה רבי ליעזר אומר ינתנו לאוכליהן וחכמים אומרים אין החוטא נשכר אלא ימכרו לאוכליהן ודמיהן יתחלקו לכל אדם האוכל מעיסת שביעית עד שלא הורמה חלתה חייב מיתה:", 
            "links": [], 
            "text": ""
        }, 
        {
            "segmentNumber": "2", 
            "he": "מ\"ט דרבי יודא (ויקרא כה) ואכלו אביוני עמך ויתרם מה טעמא דרבי יוסי ואכלו אביוני עמך ויתרם תני ר\"ש אומר עשירין אוכלין מן האוצר אחר הביעור מ\"ט דרבי שמעון ואכלו אביוני עמך עד יתרם ר\"ש בן לקיש אומר בפירות עבירה היא מתני' והתני המוצא פירות עבירה אסור ליגע בהן שנייא היא מציאה שנייא היא שנפלו לו על כרחו רבי יוחנן אמר בפירות היתר היא מתני' בהדא תנינן ר\"א אומר ינתנו לאוכלין ר\"א דהוא שמותי דתנינן אוכלין פירות שביעית בטובה ושלא בטובה כדברי ב\"ש בהדא רבנן מתיבין ליה שאין חוטא נשכר בשיטתו השיבוהו בשיטתך שאת אומר ינתנו לאוכליהן שאין חוטא נשכר אמר רבי ביבי הורי רבי יוסי באילין קונדסיא שילכו מעותיהן לים המלח רבי מנא שאל לרבי חזקיה מהו מייכלא בפוניין לאשקלון א\"ל אסור רבי חזקיה הוה קאים בשוקא דקיסרין חמי חד טעון עלל מן איסורי הפך אפוי דלא מחמיניה תני פרק כל כך למה כדי שיעשה מקומו הוכיח שמע רבי יעקב בר אחא ואמר", 
            "links": [
                {
                    "category": "Tanakh", 
                    "sourceHeRef": "ויקרא כ״ה", 
                    "index_title": "Leviticus", 
                    "sourceRef": "Leviticus 25"
                }
            ], 
            "text": ""
        }
    ], 
    "heRef": "תלמוד ירושלמי שביעית כ״ז א", 
    "toSections": [
        "27a"
    ], 
    "sectionRef": "Jerusalem Talmud Shevi'it 27a", 
    "title": "Jerusalem Talmud Shevi'it 27a", 
    "lengths": [
        61, 
        166
    ], 
    "next": "Jerusalem Talmud Shevi'it 27b", 
    "heBook": "תלמוד ירושלמי שביעית", 
    "book": "Jerusalem Talmud Shevi'it", 
    "prev": "Jerusalem Talmud Shevi'it 26b", 
    "textDepth": 2, 
    "sectionNames": [
        "Daf", 
        "Halakhah"
    ], 
    "sections": [
        "27a"
    ], 
    "isComplex": false, 
    "titleVariants": [
        "Yerushalmi Sheviit", 
        "Yerushalmi Shevi'it", 
        "Jerusalem Talmud Shevi'it", 
        "JT Sheviit", 
        "JT Shevi'it", 
        "Talmud Yerushalmi Shevi'it"
    ], 
    "categories": [
        "Talmud", 
        "Yerushalmi", 
        "Seder Zeraim"
    ], 
    "ref": "Jerusalem Talmud Shevi'it 27a", 
    "type": "Talmud", 
    "addressTypes": [
        "Talmud", 
        "Integer"
    ], 
    "length": 61, 
    "indexTitle": "Jerusalem Talmud Shevi'it", 
    "heIndexTitle": "תלמוד ירושלמי שביעית", 
    "alts": [], 
    "order": [
        5
    ]
}