[{
    "links": [], 
    "text": [], 
    "heTitleVariants": [
        " חידושי אגדות על מסכת בבא קמא"
    ], 
    "heTitle": " חידושי אגדות על מסכת בבא קמא נ״ח ב", 
    "heRef": " חידושי אגדות על מסכת בבא קמא נ״ח ב", 
    "toSections": [
        "58b"
    ], 
    "sectionRef": "Chidushei Agadot on Bava Kamma 58b", 
    "title": "Chidushei Agadot on Bava Kamma 58b", 
    "next": "Chidushei Agadot on Bava Kamma 59b", 
    "heBook": " חידושי אגדות על מסכת בבא קמא", 
    "book": "Chidushei Agadot on Bava Kamma", 
    "prev": "Chidushei Agadot on Bava Kamma 55a", 
    "textDepth": 2, 
    "sectionNames": [
        "Daf", 
        "Peirush"
    ], 
    "sections": [
        "58b"
    ], 
    "isComplex": false, 
    "titleVariants": [
        "Chidushei Agadot on Bava Kamma"
    ], 
    "categories": [
        "Commentary2", 
        "Talmud", 
        "Chidushei Agadot"
    ], 
    "he": [], 
    "ref": "Chidushei Agadot on Bava Kamma 58b", 
    "type": "Commentary2", 
    "addressTypes": [
        "Talmud", 
        "Integer"
    ], 
    "indexTitle": "Chidushei Agadot on Bava Kamma", 
    "heIndexTitle": " חידושי אגדות על מסכת בבא קמא", 
    "alts": [], 
    "order": ""
}]