{
    "heTitleVariants": [
        " חידושי אגדות על מסכת בבא קמא"
    ], 
    "heTitle": " חידושי אגדות על מסכת בבא קמא קי״ז ב", 
    "content": [], 
    "heRef": " חידושי אגדות על מסכת בבא קמא קי״ז ב", 
    "toSections": [
        "117b"
    ], 
    "sectionRef": "Chidushei Agadot on Bava Kamma 117b", 
    "title": "Chidushei Agadot on Bava Kamma 117b", 
    "next": "Chidushei Agadot on Bava Kamma 119a", 
    "heBook": " חידושי אגדות על מסכת בבא קמא", 
    "book": "Chidushei Agadot on Bava Kamma", 
    "prev": "Chidushei Agadot on Bava Kamma 117a", 
    "textDepth": 2, 
    "sectionNames": [
        "Daf", 
        "Peirush"
    ], 
    "sections": [
        "117b"
    ], 
    "isComplex": false, 
    "titleVariants": [
        "Chidushei Agadot on Bava Kamma"
    ], 
    "categories": [
        "Commentary2", 
        "Talmud", 
        "Chidushei Agadot"
    ], 
    "ref": "Chidushei Agadot on Bava Kamma 117b", 
    "type": "Commentary2", 
    "addressTypes": [
        "Talmud", 
        "Integer"
    ], 
    "indexTitle": "Chidushei Agadot on Bava Kamma", 
    "heIndexTitle": " חידושי אגדות על מסכת בבא קמא", 
    "alts": [], 
    "order": ""
}