{
    "sections": {
        "Metzudat Zion on II Chronicles 5:8": {
            "content": [
                {
                    "segmentNumber": "1", 
                    "links": [
                        {
                            "category": "Tanakh", 
                            "index_title": "II Chronicles", 
                            "sourceHeRef": "דברי הימים ב ה׳:ח׳", 
                            "sourceRef": "II Chronicles 5:8"
                        }
                    ], 
                    "he": "<b>בדיו .</b> מוטות עשויים לשאת בהם את הארון :\n"
                }
            ], 
            "heTitle": "מצודת ציון על דברי הימים ב", 
            "indexTitle": "Metzudat Zion on II Chronicles", 
            "sectionRef": "Metzudat Zion on II Chronicles 5:8", 
            "prev": "Metzudat Zion on II Chronicles 5:6", 
            "ref": "Metzudat Zion on II Chronicles 5:8", 
            "heRef": "מצודת ציון על דברי הימים ב ה׳:ח׳", 
            "next": "Metzudat Zion on II Chronicles 5:13"
        }, 
        "Metzudat Zion on II Chronicles 5:9": {
            "content": [], 
            "heTitle": "מצודת ציון על דברי הימים ב", 
            "indexTitle": "Metzudat Zion on II Chronicles", 
            "sectionRef": "Metzudat Zion on II Chronicles 5:9", 
            "prev": "Metzudat Zion on II Chronicles 5:8", 
            "ref": "Metzudat Zion on II Chronicles 5:9", 
            "heRef": "מצודת ציון על דברי הימים ב ה׳:ט׳", 
            "next": "Metzudat Zion on II Chronicles 5:13"
        }, 
        "Metzudat Zion on II Chronicles 5:6": {
            "content": [
                {
                    "segmentNumber": "1", 
                    "links": [
                        {
                            "category": "Tanakh", 
                            "index_title": "II Chronicles", 
                            "sourceHeRef": "דברי הימים ב ה׳:ו׳", 
                            "sourceRef": "II Chronicles 5:6"
                        }, 
                        {
                            "category": "Tanakh", 
                            "index_title": "Numbers", 
                            "sourceHeRef": "במדבר ט״ז", 
                            "sourceRef": "Numbers 16"
                        }
                    ], 
                    "he": "<b>הנועדים .</b> מל' וועד ואסיפה כמו הנועדים על ה' ( במדבר טז ) : "
                }, 
                {
                    "segmentNumber": "2", 
                    "links": [
                        {
                            "category": "Tanakh", 
                            "index_title": "II Chronicles", 
                            "sourceHeRef": "דברי הימים ב ה׳:ו׳", 
                            "sourceRef": "II Chronicles 5:6"
                        }
                    ], 
                    "he": "<b>עליו .</b> כמו אליו :\n"
                }
            ], 
            "heTitle": "מצודת ציון על דברי הימים ב", 
            "indexTitle": "Metzudat Zion on II Chronicles", 
            "sectionRef": "Metzudat Zion on II Chronicles 5:6", 
            "prev": "Metzudat Zion on II Chronicles 4:22", 
            "ref": "Metzudat Zion on II Chronicles 5:6", 
            "heRef": "מצודת ציון על דברי הימים ב ה׳:ו׳", 
            "next": "Metzudat Zion on II Chronicles 5:8"
        }, 
        "Metzudat Zion on II Chronicles 5:7": {
            "content": [], 
            "heTitle": "מצודת ציון על דברי הימים ב", 
            "indexTitle": "Metzudat Zion on II Chronicles", 
            "sectionRef": "Metzudat Zion on II Chronicles 5:7", 
            "prev": "Metzudat Zion on II Chronicles 5:6", 
            "ref": "Metzudat Zion on II Chronicles 5:7", 
            "heRef": "מצודת ציון על דברי הימים ב ה׳:ז׳", 
            "next": "Metzudat Zion on II Chronicles 5:8"
        }, 
        "Metzudat Zion on II Chronicles 5:4": {
            "content": [], 
            "heTitle": "מצודת ציון על דברי הימים ב", 
            "indexTitle": "Metzudat Zion on II Chronicles", 
            "sectionRef": "Metzudat Zion on II Chronicles 5:4", 
            "prev": "Metzudat Zion on II Chronicles 4:22", 
            "ref": "Metzudat Zion on II Chronicles 5:4", 
            "heRef": "מצודת ציון על דברי הימים ב ה׳:ד׳", 
            "next": "Metzudat Zion on II Chronicles 5:6"
        }, 
        "Metzudat Zion on II Chronicles 5:5": {
            "content": [], 
            "heTitle": "מצודת ציון על דברי הימים ב", 
            "indexTitle": "Metzudat Zion on II Chronicles", 
            "sectionRef": "Metzudat Zion on II Chronicles 5:5", 
            "prev": "Metzudat Zion on II Chronicles 4:22", 
            "ref": "Metzudat Zion on II Chronicles 5:5", 
            "heRef": "מצודת ציון על דברי הימים ב ה׳:ה׳", 
            "next": "Metzudat Zion on II Chronicles 5:6"
        }, 
        "Metzudat Zion on II Chronicles 5:2": {
            "content": [], 
            "heTitle": "מצודת ציון על דברי הימים ב", 
            "indexTitle": "Metzudat Zion on II Chronicles", 
            "sectionRef": "Metzudat Zion on II Chronicles 5:2", 
            "prev": "Metzudat Zion on II Chronicles 4:22", 
            "ref": "Metzudat Zion on II Chronicles 5:2", 
            "heRef": "מצודת ציון על דברי הימים ב ה׳:ב׳", 
            "next": "Metzudat Zion on II Chronicles 5:6"
        }, 
        "Metzudat Zion on II Chronicles 5:3": {
            "content": [], 
            "heTitle": "מצודת ציון על דברי הימים ב", 
            "indexTitle": "Metzudat Zion on II Chronicles", 
            "sectionRef": "Metzudat Zion on II Chronicles 5:3", 
            "prev": "Metzudat Zion on II Chronicles 4:22", 
            "ref": "Metzudat Zion on II Chronicles 5:3", 
            "heRef": "מצודת ציון על דברי הימים ב ה׳:ג׳", 
            "next": "Metzudat Zion on II Chronicles 5:6"
        }, 
        "Metzudat Zion on II Chronicles 5:1": {
            "content": [], 
            "heTitle": "מצודת ציון על דברי הימים ב", 
            "indexTitle": "Metzudat Zion on II Chronicles", 
            "sectionRef": "Metzudat Zion on II Chronicles 5:1", 
            "prev": "Metzudat Zion on II Chronicles 4:22", 
            "ref": "Metzudat Zion on II Chronicles 5:1", 
            "heRef": "מצודת ציון על דברי הימים ב ה׳:א׳", 
            "next": "Metzudat Zion on II Chronicles 5:6"
        }, 
        "Metzudat Zion on II Chronicles 5:10": {
            "content": [], 
            "heTitle": "מצודת ציון על דברי הימים ב", 
            "indexTitle": "Metzudat Zion on II Chronicles", 
            "sectionRef": "Metzudat Zion on II Chronicles 5:10", 
            "prev": "Metzudat Zion on II Chronicles 5:8", 
            "ref": "Metzudat Zion on II Chronicles 5:10", 
            "heRef": "מצודת ציון על דברי הימים ב ה׳:י׳", 
            "next": "Metzudat Zion on II Chronicles 5:13"
        }, 
        "Metzudat Zion on II Chronicles 5:11": {
            "content": [], 
            "heTitle": "מצודת ציון על דברי הימים ב", 
            "indexTitle": "Metzudat Zion on II Chronicles", 
            "sectionRef": "Metzudat Zion on II Chronicles 5:11", 
            "prev": "Metzudat Zion on II Chronicles 5:8", 
            "ref": "Metzudat Zion on II Chronicles 5:11", 
            "heRef": "מצודת ציון על דברי הימים ב ה׳:י״א", 
            "next": "Metzudat Zion on II Chronicles 5:13"
        }, 
        "Metzudat Zion on II Chronicles 5:12": {
            "content": [], 
            "heTitle": "מצודת ציון על דברי הימים ב", 
            "indexTitle": "Metzudat Zion on II Chronicles", 
            "sectionRef": "Metzudat Zion on II Chronicles 5:12", 
            "prev": "Metzudat Zion on II Chronicles 5:8", 
            "ref": "Metzudat Zion on II Chronicles 5:12", 
            "heRef": "מצודת ציון על דברי הימים ב ה׳:י״ב", 
            "next": "Metzudat Zion on II Chronicles 5:13"
        }, 
        "Metzudat Zion on II Chronicles 5:13": {
            "content": [
                {
                    "segmentNumber": "1", 
                    "links": [
                        {
                            "category": "Tanakh", 
                            "index_title": "II Chronicles", 
                            "sourceHeRef": "דברי הימים ב ה׳:י״ג", 
                            "sourceRef": "II Chronicles 5:13"
                        }
                    ], 
                    "he": "<b>ענן .</b> הוא כעין עשן :\n\n"
                }
            ], 
            "heTitle": "מצודת ציון על דברי הימים ב", 
            "indexTitle": "Metzudat Zion on II Chronicles", 
            "sectionRef": "Metzudat Zion on II Chronicles 5:13", 
            "prev": "Metzudat Zion on II Chronicles 5:8", 
            "ref": "Metzudat Zion on II Chronicles 5:13", 
            "heRef": "מצודת ציון על דברי הימים ב ה׳:י״ג", 
            "next": "Metzudat Zion on II Chronicles 6:2"
        }
    }, 
    "ref": "Metzudat Zion on II Chronicles 5"
}