{
    "heTitleVariants": [
        "מהר\"ם שיף על ביצה"
    ], 
    "heTitle": "מהר\"ם שיף על ביצה י״ב א", 
    "content": [
        {
            "segmentNumber": "1", 
            "he": "ברש\"י <b>בד\"ה פליגי ב\"ש וב\"ה כו'   וירמיה הי' מזהירן על השבתות כו'.  </b> לשון רש\"א ולא ניחא לי' למימר לפי שיטתו דהשתא נמי נקיט ירמיה בשבת אין ביו\"ט לא משום דהותר מן התורה לגמרי הוצאה במתוך וכו' דא\"כ למה נקיט ירמי' הוצאה דהא שחיטה ובישול וכל מלאכה שהוא לצורך יו\"ט נמי הותרה לגמרי ביו\"ט מן התורה במתוך ע\"כ. והוא דחוק די\"ל דלא היו עוברין רק על הוצאה ומה לו להזהירם על שאר מלאכות ויראה דלא הול\"ל בשבת כיון דאל תוציאו משא פירושו אבנים וקורה וכה\"ג דאף לפירש\"י דמותר מן התורה מ\"מ מדרבנן מיהא אסור ונכון לגזור וא\"כ ירמי' הול\"ל סתם ואל תוציאו משא וגו': ", 
            "links": [
                {
                    "category": "Commentary", 
                    "sourceHeRef": "רש\"י על ביצה י״ב א:כ״ו:א׳", 
                    "index_title": "Rashi on Beitzah", 
                    "sourceRef": "Rashi on Beitzah 12a:26:1"
                }, 
                {
                    "category": "Talmud", 
                    "sourceHeRef": "ביצה י״ב א:כ״ו", 
                    "index_title": "Beitzah", 
                    "sourceRef": "Beitzah 12a:26"
                }
            ], 
            "text": ""
        }, 
        {
            "segmentNumber": "2", 
            "he": "בתוס' <b>בד\"ה השוחט וכו'   ותימה הואיל ומוקמינן לה כו'.  </b> לכאורה קשה דלמא כמ\"ש לקמן בסמוך לב\"ה דאינו לוקה משום לאו הבא מכלל עשה עשה. אבל דבריהם מבוארין בהא דאמרי' לקמן דף כ' ע\"ב בעיקר פלוגתייהו תניא אמרו להם ב\"ה לב\"ש ומה במקום שאסור להדיוט וכו' ע\"ש והנה ודאי לכאורה הק\"ו נשאר ק\"ו חזק אף לב\"ש כמו שאמרו ב\"ה אף זו קבוע לה זמן דתנן עבר הרגל כו' וא\"כ הוי כאילו כתב היתרא בפירוש דהא ק\"ו עדיף יותר ממתוך רק אח\"כ סמכו ב\"ש אלכם ולא לגבוה וא\"כ לא הוי כ\"א לאו הבא מכלל עשה וכן וחגותם אותו חג כו' דילפינן מיניה דוקא חגיגה כו' בלא קרא הוי היתרא מפירש [מכח ק\"ו] וא\"כ למאי דאהדרי' אהדרי' לאפוקי עולת נדבה שאין קבוע להם זמן ולא שייך בזה ק\"ו דמה בשבת כו' שכן דוקא תמידין ומוספין שקבוע להם זמן ומתוך שהותרה לית להו לב\"ש [דנימא דהוי היתרא מפירש מחמת מתוך כמו לב\"ה לקמן] א\"כ ודאי לוקה וא\"כ א\"צ לדחוקן של תוספות שתירצו דבא לאשמעי' רבותא של דיוקא [גבי שלמי נדבה] ובמה שקאמר להדיא [דהיינו בעולה] איכא למיטעי [דעולת ראייה לא לקי. אלא דבאמת אינו לוקה דהוי לאו הבא מכלל עשה. אך כ\"ז לכאורה] אבל אינהו מפרשי שב\"ש וב\"ה מחולקין בק\"ו ולב\"ש אינו ק\"ו כלל לפי שאף זה אינו קבוע לו זמן כדתנן מי שלא חג כו' ולית להו סברת ב\"ה הואיל ואינו חייב באחריותו חיישינן שמא יפשע והוי כקבוע לו זמן וא\"כ ליכא היתרא כלל בעולת ראיי' [לב\"ש] רק דאח\"כ הוסיפו להקשות על ב\"ה והלא כבר נאמר לכם וכי היכי דממעט עולת נדבה ה\"נ עולת ראיי' וכן מורה לישנא דוהלא כבר נאמר דאי הק\"ו ק\"ו טוב ועדיין עלייהו לתרוצי קושיא הראשונה הול\"ל שכבר נאמר כו' וא\"כ לב\"ש דלית להו מתוך הדרא לאיסורא קמייתא ולוקה לאפוקי לב\"ה דס\"ל מתוך א\"כ למאי דאהדרי' אהדרי': ", 
            "links": [
                {
                    "category": "Commentary", 
                    "sourceHeRef": "תוספות על ביצה י״ב א:ח׳:א׳", 
                    "index_title": "Tosafot on Beitzah", 
                    "sourceRef": "Tosafot on Beitzah 12a:8:1"
                }, 
                {
                    "category": "Talmud", 
                    "sourceHeRef": "ביצה י״ב א:ח׳", 
                    "index_title": "Beitzah", 
                    "sourceRef": "Beitzah 12a:8"
                }
            ], 
            "text": ""
        }, 
        {
            "segmentNumber": "3", 
            "he": "בא\"ד <b>אבל שלמי נדבה פטור כו'  .  </b> ומ\"מ איסורא מיהו איכא ועיין לקמן ובתוספות מגילה: ", 
            "links": [
                {
                    "category": "Commentary", 
                    "sourceHeRef": "תוספות על ביצה י״ב א:ח׳:א׳", 
                    "index_title": "Tosafot on Beitzah", 
                    "sourceRef": "Tosafot on Beitzah 12a:8:1"
                }, 
                {
                    "category": "Talmud", 
                    "sourceHeRef": "ביצה י״ב א:ח׳", 
                    "index_title": "Beitzah", 
                    "sourceRef": "Beitzah 12a:8"
                }
            ], 
            "text": ""
        }, 
        {
            "segmentNumber": "4", 
            "he": "בתוס' <b>בד\"ה דלמא כו'  .  </b> הא בלא\"ה מותר לטלטל מחצר לחצר לצורך כו' מיהו יש ליישב כו' דברים שאינן לצורך יו\"ט כלל. לשון רש\"א כן הוא בכל הספרים ישנים ויש לדקדק לדבריהם דקארי להו מאי קארי להו דאף אם מותר לצורך הא שלא לצורך אסור ומש\"ה צריך עירוב ועוד מי הכריחם לומר דצריך עירוב לדבר שאינו צורך יו\"ט כלל דהא גם לקטן וס\"ת דהוי צורך יו\"ט קצת צריך עירוב כיון שאסרו להוציא לרה\"ר וזה הביא לחדשים מקרוב באו שהגיהו בדברי התוס' אף אם אסור לרה\"ר ביו\"ט מ\"מ מותר לטלטל מחצר לחצר לצורך יו\"ט [קצת] דהא איסיר טלטול מחצר לחצר אף בשבת אינו אלא מדרבנן ע\"כ ואין זה נכון דאם אסור לרה\"ר ביו\"ט לצורך דהיינו צורך קצת כגון קטן וס\"ת למה לא נאמר לאסור טלטול מחצר לחצר ביו\"ט כמו בשבת וכי כל הדברים שבשבת אינן אלא מדבריהם יהי' בהכרח מותר ביו\"ט. אבל דבריהם מפורשין כך דמשמע להו השתא פליגי ביש עירוב והוצאה אבל למאי דמוקי פלוגתייהו במתוך שהותרה כו' לא פליגי כלל ביש עירוב ולב\"ה נמי יש עירוב ואהא קא קשיא להו למה להו עירוב לב\"ה בלא\"ה מותר לטלטל מחצר לחצר לצורך דהא אפילו לצורך קצת מותר לב\"ה אף לרה\"ר במתוך שהותרה כו' ואהא תירצו דצריך עירוב לדבר שאינו צורך כלל דלא שרי במתוך כמ\"ש התוס' לקמן ודו\"ק ע\"כ: ", 
            "links": [
                {
                    "category": "Commentary", 
                    "sourceHeRef": "תוספות על ביצה י״ב א:י״ז:א׳", 
                    "index_title": "Tosafot on Beitzah", 
                    "sourceRef": "Tosafot on Beitzah 12a:17:1"
                }, 
                {
                    "category": "Talmud", 
                    "sourceHeRef": "ביצה י״ב א:י״ז", 
                    "index_title": "Beitzah", 
                    "sourceRef": "Beitzah 12a:17"
                }
            ], 
            "text": ""
        }, 
        {
            "segmentNumber": "5", 
            "he": "בתוס' <b>בד\"ה ה\"ג כו'   ואפילו דבר שהוא צורך יו\"ט כגון כלי הצריך לו הי' ראוי לאסור.  </b> ורש\"י כתב לישנא דאוכלין וזהו אי אפשר לומר ביו\"ט דודאי אוכל נפש שרי רק כגון בשבת: ", 
            "links": [
                {
                    "category": "Commentary", 
                    "sourceHeRef": "תוספות על ביצה י״ב א:כ״ב:א׳", 
                    "index_title": "Tosafot on Beitzah", 
                    "sourceRef": "Tosafot on Beitzah 12a:22:1"
                }, 
                {
                    "category": "Talmud", 
                    "sourceHeRef": "ביצה י״ב א:כ״ב", 
                    "index_title": "Beitzah", 
                    "sourceRef": "Beitzah 12a:22"
                }
            ], 
            "text": ""
        }, 
        {
            "segmentNumber": "6", 
            "he": "בא\"ד <b>ולא רצה לגרוס כמו שכתב בספרים אלא מעתה הוציא אבנים לב\"ה ה\"נ דלא מיחייב.  </b> וא\"כ הוי ה\"ק וכ\"ת ה\"נ א\"כ ליפלגו באבנים [ר\"ל בהוצאת אבנים] כמ\"ש בסמוך [לפירושם] דא\"כ הוי מסיק דחייב ובאמת פטור דרש\"י ס\"ל מתוך שהותרה כו' פי' לגמרי וכ\"ת סוף סוף תקשי באמת לפלגי באבנים ז\"א דרצה להורות שריותא דב\"ה לגמרי אפילו מדרבנן ואבנים אסירי לב\"ה מיהו מדרבנן כיון שיש לאיסור דהוצאה ביו\"ט עיקר מן התורה גם לרבותא דב\"ש. אך ז\"א דא\"כ מאי פריך השתא וליפלגי אלא לרבותא דב\"ה:  ", 
            "links": [
                {
                    "category": "Commentary", 
                    "sourceHeRef": "תוספות על ביצה י״ב א:כ״ב:א׳", 
                    "index_title": "Tosafot on Beitzah", 
                    "sourceRef": "Tosafot on Beitzah 12a:22:1"
                }, 
                {
                    "category": "Talmud", 
                    "sourceHeRef": "ביצה י״ב א:כ״ב", 
                    "index_title": "Beitzah", 
                    "sourceRef": "Beitzah 12a:22"
                }
            ], 
            "text": ""
        }
    ], 
    "heRef": "מהר\"ם שיף על ביצה י״ב א", 
    "toSections": [
        "12a"
    ], 
    "sectionRef": "Maharam Shif on Beitzah 12a", 
    "title": "Maharam Shif on Beitzah 12a", 
    "next": "Maharam Shif on Beitzah 12b", 
    "heBook": "מהר\"ם שיף על ביצה", 
    "book": "Maharam Shif on Beitzah", 
    "prev": "Maharam Shif on Beitzah 11b", 
    "textDepth": 2, 
    "sectionNames": [
        "Daf", 
        "Comment"
    ], 
    "sections": [
        "12a"
    ], 
    "isComplex": false, 
    "titleVariants": [
        "Maharam Shif on Beitzah"
    ], 
    "categories": [
        "Commentary2", 
        "Talmud", 
        "Maharam Shif"
    ], 
    "ref": "Maharam Shif on Beitzah 12a", 
    "type": "Commentary2", 
    "addressTypes": [
        "Talmud", 
        "Integer"
    ], 
    "indexTitle": "Maharam Shif on Beitzah", 
    "heIndexTitle": "מהר\"ם שיף על ביצה", 
    "alts": [], 
    "order": ""
}