{
    "content": [
        {
            "segmentNumber": "1", 
            "links": [
                {
                    "category": "Commentary", 
                    "index_title": "Footnotes on Mekhilta DeRabbi Shimon Bar Yochai", 
                    "sourceHeRef": "הערות שוליים על מכילתא דרבי שמעון בר יוחאי, הוספה ה׳:א׳:א׳", 
                    "sourceRef": "Footnotes on Mekhilta DeRabbi Shimon Bar Yochai, Additions 5:1:1"
                }, 
                {
                    "category": "Commentary", 
                    "index_title": "Footnotes on Mekhilta DeRabbi Shimon Bar Yochai", 
                    "sourceHeRef": "הערות שוליים על מכילתא דרבי שמעון בר יוחאי, הוספה ה׳:א׳:ב׳", 
                    "sourceRef": "Footnotes on Mekhilta DeRabbi Shimon Bar Yochai, Additions 5:1:2"
                }, 
                {
                    "category": "Commentary", 
                    "index_title": "Footnotes on Mekhilta DeRabbi Shimon Bar Yochai", 
                    "sourceHeRef": "הערות שוליים על מכילתא דרבי שמעון בר יוחאי, הוספה ה׳:א׳:ג׳", 
                    "sourceRef": "Footnotes on Mekhilta DeRabbi Shimon Bar Yochai, Additions 5:1:3"
                }, 
                {
                    "category": "Commentary", 
                    "index_title": "Footnotes on Mekhilta DeRabbi Shimon Bar Yochai", 
                    "sourceHeRef": "הערות שוליים על מכילתא דרבי שמעון בר יוחאי, הוספה ה׳:א׳:ד׳", 
                    "sourceRef": "Footnotes on Mekhilta DeRabbi Shimon Bar Yochai, Additions 5:1:4"
                }, 
                {
                    "category": "Tanakh", 
                    "index_title": "Exodus", 
                    "sourceHeRef": "שמות ה׳:כ״ב", 
                    "sourceRef": "Exodus 5:22"
                }
            ], 
            "he": "<b> וישב משה אל ה' ויאמר </b> אמר ר' אלעזר ביר' יוסי  פעם אחת הלכתי לאלכסנדריא של מצרים וראיתי שער ועצמות הרבה ממועכין בבנין ניטפל לי זקן אחד אמר לי בא וראה מה עשו אבתי לאבתיך מהם הרגו בחרב מהם טבעו בים מהן נתמעכו בבנין: ועל דבר זה נענש משה שאמר למה הרעתה לעם הזה למה זה שלחתני ומאז באתי אל פרעה וגו':\nכ״ג. ומאז באתי אל פרעה לדבר בשמך הרע לעם הזה אמר לפניו רבונו של עולם אותו השם שאמרת לי  שהוא רחום וחנון ארך אפים ורב חסד משהזכרתיו לפני פרעה הרע לעם הזה: והצל לא הצלת את עמיך. אמר ר' עקיבה כל כעס שכעס הקב״ה על משה על שאמר והצל לא הצלת את עמיך  אמר לפניו רבונו של עולם מי הוא שמציל מי הוא שגואל: אמר ר' אלעזר המודעי חלילה לאותו צדיק שיאמר בלשון הזה והצל לא הצלת : אלא אמר לפניו רבונו של עולם יודיע אני בך שאתה עתיד לגאול את ישראל ממצרים שמא על ידי אדם אחד הן יוצאין ואני לא זכיתי שיצאו על ידי: אמר לו אתה זכיתה ועל ידך הן יוצאין ממצרים שמתשובת הדבר אתה למד ויאמר ה' אל משה עתה תראה וגו':"
        }
    ], 
    "heTitle": "מכילתא דרבי שמעון בר יוחאי, הוספה", 
    "indexTitle": "Mekhilta DeRabbi Shimon Bar Yochai", 
    "sectionRef": "Mekhilta DeRabbi Shimon Bar Yochai, Additions 5", 
    "prev": "Mekhilta DeRabbi Shimon Bar Yochai, Additions 4", 
    "ref": "Mekhilta DeRabbi Shimon Bar Yochai, Additions 5", 
    "heRef": "מכילתא דרבי שמעון בר יוחאי, הוספה ה׳", 
    "next": "Mekhilta DeRabbi Shimon Bar Yochai, Additions 6"
}