{
    "heTitleVariants": [
        "עיקר שפתי חכמים על בראשית"
    ], 
    "heTitle": "עיקר שפתי חכמים על בראשית", 
    "commentaryBook": "Genesis", 
    "heRef": "עיקר שפתי חכמים על בראשית ל״א", 
    "toSections": [
        31
    ], 
    "sectionRef": "Ikar Siftei Hachamim on Genesis 31", 
    "title": "Ikar Siftei Hachamim on Genesis 31", 
    "lengths": [
        50, 
        1533
    ], 
    "next": "Ikar Siftei Hachamim on Genesis 32:3", 
    "content": [
        {
            "segmentNumber": "1", 
            "he": [], 
            "links": [], 
            "text": ""
        }, 
        {
            "segmentNumber": "2", 
            "he": [], 
            "links": [], 
            "text": ""
        }, 
        {
            "segmentNumber": "3", 
            "he": [
                "לא שהוא תנאי שאם תשוב אהיה עמך, אלא מראה מקום הוא לו מפני שכאן אי אפשר כו':", 
                "אבל אין לפרש אהיה עמך לשמרך בדרך, כי כבר הובטח על זה והנה אנכי עמך ושמרתיך וגו' (לעיל כ\"ח ט\"ו), ר\"ל שם אשרה שכינתי עליך ויחויב מזה שיובטח שלא יהרג בדרך. ויתורץ בזה מה שפרש\"י בפרשת וישלח (לעיל ל\"ב י' ד\"ה ואלוקי)שתי הבטחות וכו', שנראה משם שאהיה עמך האמור פה ר\"ל לשמרך בדרך:"
            ], 
            "links": [
                {
                    "category": "Tanach", 
                    "sourceHeRef": "בראשית ל״א:ג׳", 
                    "sourceRef": "Genesis 31:3", 
                    "ref": "Genesis 31:3"
                }, 
                {
                    "category": "Tanach", 
                    "sourceHeRef": "בראשית ל״א:ג׳", 
                    "sourceRef": "Genesis 31:3", 
                    "ref": "Genesis 31:3"
                }
            ], 
            "text": ""
        }, 
        {
            "segmentNumber": "4", 
            "he": [], 
            "links": [], 
            "text": ""
        }, 
        {
            "segmentNumber": "5", 
            "he": [], 
            "links": [], 
            "text": ""
        }, 
        {
            "segmentNumber": "6", 
            "he": [], 
            "links": [], 
            "text": ""
        }, 
        {
            "segmentNumber": "7", 
            "he": [
                "דמונים הוא לשון מנין דהוא עשרה, וכתיב עשרת מונים משמע עשרת פעמים יו\"ד דהיינו ק', אבל מונים אין פירושו פעמים:", 
                "הא דנקט רש\"י תנאו ולא נקט משכורתו, משום דאין הפסד בזה אם מחליף משכורתו, כגון אם היה חייב ליתן לו מעות ונתן לו מטלטלין אין הפסד בזה, לכך נקט תנאו עיקר התנאי היה מחליף כדפירש\"י לקמן (פ' מ\"א ד\"ה ותחלף). (פמ\"א), היית משנה תנאי שבינינו מנקוד לטלוא וכו':"
            ], 
            "links": [
                {
                    "category": "Tanach", 
                    "sourceHeRef": "בראשית ל״א:ז׳", 
                    "sourceRef": "Genesis 31:7", 
                    "ref": "Genesis 31:7"
                }, 
                {
                    "category": "Tanach", 
                    "sourceHeRef": "בראשית ל״א:ז׳", 
                    "sourceRef": "Genesis 31:7", 
                    "ref": "Genesis 31:7"
                }, 
                {
                    "category": "Tanach", 
                    "sourceHeRef": "מלכים א ד׳", 
                    "sourceRef": "I Kings 4", 
                    "ref": "I Kings 4"
                }
            ], 
            "text": ""
        }, 
        {
            "segmentNumber": "8", 
            "he": [], 
            "links": [], 
            "text": ""
        }, 
        {
            "segmentNumber": "9", 
            "he": [], 
            "links": [], 
            "text": ""
        }, 
        {
            "segmentNumber": "10", 
            "he": [
                "כלומר מה שכתוב והנה העתודים העולים וגו' ודאי לא קאי על אותן שנולדו לו ליעקב, דאם כן מה אתא לאשמעינן, אלא מוכרח אתה לומר שצאן לבן היו והיאך באו לכאן, ועל זה פירש אע\"פ וכו':", 
                "ר\"ל שאין שחור מעכבו אלא אותו חוט של לבן פתוח ומסבב כל גופו:"
            ], 
            "links": [
                {
                    "category": "Tanach", 
                    "sourceHeRef": "בראשית ל״א:י׳", 
                    "sourceRef": "Genesis 31:10", 
                    "ref": "Genesis 31:10"
                }, 
                {
                    "category": "Tanach", 
                    "sourceHeRef": "בראשית ל״א:י׳", 
                    "sourceRef": "Genesis 31:10", 
                    "ref": "Genesis 31:10"
                }
            ], 
            "text": ""
        }, 
        {
            "segmentNumber": "11", 
            "he": [], 
            "links": [], 
            "text": ""
        }, 
        {
            "segmentNumber": "12", 
            "he": [], 
            "links": [], 
            "text": ""
        }, 
        {
            "segmentNumber": "13", 
            "he": [], 
            "links": [], 
            "text": ""
        }, 
        {
            "segmentNumber": "14", 
            "he": [], 
            "links": [], 
            "text": ""
        }, 
        {
            "segmentNumber": "15", 
            "he": [
                "פירוש של אותן שש שנים שעבדת אותו בשכר, כי על הי\"ד שנים כבר אמרו כי מכרנו:"
            ], 
            "links": [
                {
                    "category": "Tanach", 
                    "sourceHeRef": "בראשית ל״א:ט״ו", 
                    "sourceRef": "Genesis 31:15", 
                    "ref": "Genesis 31:15"
                }
            ], 
            "text": ""
        }, 
        {
            "segmentNumber": "16", 
            "he": [], 
            "links": [], 
            "text": ""
        }, 
        {
            "segmentNumber": "17", 
            "he": [
                "מפני שהיה שטוף בזימה והיו נשיו עיקר, (רא\"ם):"
            ], 
            "links": [
                {
                    "category": "Tanach", 
                    "sourceHeRef": "בראשית ל״א:י״ז", 
                    "sourceRef": "Genesis 31:17", 
                    "ref": "Genesis 31:17"
                }
            ], 
            "text": ""
        }, 
        {
            "segmentNumber": "18", 
            "he": [
                "פירוש המקנה של קנינו שקנאו ע\"י מכירת צאנו, ופירש וינהג את כל מקנהו המקנה שנולד לו בשכרו:"
            ], 
            "links": [
                {
                    "category": "Tanach", 
                    "sourceHeRef": "בראשית ל״א:י״ח", 
                    "sourceRef": "Genesis 31:18", 
                    "ref": "Genesis 31:18"
                }
            ], 
            "text": ""
        }, 
        {
            "segmentNumber": "19", 
            "he": [
                "אמר זה משום קרא שאחריו (פ' כ\"ב) שכתוב ביום השלישי וגו', למה לא נודע לו עד יום השלישי:", 
                "דאם לא כן אשר לאביה מיותר, אלא להפרישו וכו':"
            ], 
            "links": [
                {
                    "category": "Tanach", 
                    "sourceHeRef": "בראשית ל״א:י״ט", 
                    "sourceRef": "Genesis 31:19", 
                    "ref": "Genesis 31:19"
                }, 
                {
                    "category": "Tanach", 
                    "sourceHeRef": "בראשית ל״א:י״ט", 
                    "sourceRef": "Genesis 31:19", 
                    "ref": "Genesis 31:19"
                }
            ], 
            "text": ""
        }, 
        {
            "segmentNumber": "20", 
            "he": [], 
            "links": [], 
            "text": ""
        }, 
        {
            "segmentNumber": "21", 
            "he": [], 
            "links": [], 
            "text": ""
        }, 
        {
            "segmentNumber": "22", 
            "he": [], 
            "links": [], 
            "text": ""
        }, 
        {
            "segmentNumber": "23", 
            "he": [
                "כלומר אילו היה אצל מקום צאן לבן (היה ז' ימים):"
            ], 
            "links": [
                {
                    "category": "Tanach", 
                    "sourceHeRef": "בראשית ל״א:כ״ג", 
                    "sourceRef": "Genesis 31:23", 
                    "ref": "Genesis 31:23"
                }
            ], 
            "text": ""
        }, 
        {
            "segmentNumber": "24", 
            "he": [
                "ונראה לי דהכי קאמר שאל תדבר עמו מה שהוא טוב בעיניך, כלומר שישוב עמך לחרן, והוא רעה אצלו כי כל זמן שיהיה מחובר אצל רשע אין השכינה שורה עליו, וק\"ל:"
            ], 
            "links": [
                {
                    "category": "Tanach", 
                    "sourceHeRef": "בראשית ל״א:כ״ד", 
                    "sourceRef": "Genesis 31:24", 
                    "ref": "Genesis 31:24"
                }
            ], 
            "text": ""
        }, 
        {
            "segmentNumber": "25", 
            "he": [], 
            "links": [], 
            "text": ""
        }, 
        {
            "segmentNumber": "26", 
            "he": [
                "דהא לא נופל לשון שביה גבי חרב, אלא היה לו לומר כשבויות חיל:"
            ], 
            "links": [
                {
                    "category": "Tanach", 
                    "sourceHeRef": "בראשית ל״א:כ״ו", 
                    "sourceRef": "Genesis 31:26", 
                    "ref": "Genesis 31:26"
                }
            ], 
            "text": ""
        }, 
        {
            "segmentNumber": "27", 
            "he": [], 
            "links": [], 
            "text": ""
        }, 
        {
            "segmentNumber": "28", 
            "he": [], 
            "links": [], 
            "text": ""
        }, 
        {
            "segmentNumber": "29", 
            "he": [], 
            "links": [], 
            "text": ""
        }, 
        {
            "segmentNumber": "30", 
            "he": [], 
            "links": [], 
            "text": ""
        }, 
        {
            "segmentNumber": "31", 
            "he": [], 
            "links": [], 
            "text": ""
        }, 
        {
            "segmentNumber": "32", 
            "he": [], 
            "links": [], 
            "text": ""
        }, 
        {
            "segmentNumber": "33", 
            "he": [
                "רצונו לתרץ למה נאמר אהל יעקב, וכי היה חשוד בעיניו לעבוד עבודת אלילים, ובפרט בשובו אל בית אביו שגם הוא עצמו אמר (לעיל פ' ל') כי נכסוף נכספתה לבית אביך למה גנבת את אלהי, והלא בית אביו לאו עובדי אלילים הם, לכן פירש הוא אוהל רחל וכו':", 
                "רצה לומר הא אהל יעקב הוא אהל רחל כדפירש\"י בסמוך, ואם כן למה ליה ויבא באהל רחל הא כבר חפש בו, ועוד קשה היה לו לומר ויצא מאהל שתי האמהות ויבא באהל רחל, דהא כבר יצא מאהל לאה ובא לאהל שתי האמהות, לכן פירש כשיצא וכו':"
            ], 
            "links": [
                {
                    "category": "Tanach", 
                    "sourceHeRef": "בראשית ל״א:ל״ג", 
                    "sourceRef": "Genesis 31:33", 
                    "ref": "Genesis 31:33"
                }, 
                {
                    "category": "Tanach", 
                    "sourceHeRef": "בראשית ל״א:ל״ג", 
                    "sourceRef": "Genesis 31:33", 
                    "ref": "Genesis 31:33"
                }
            ], 
            "text": ""
        }, 
        {
            "segmentNumber": "34", 
            "he": [], 
            "links": [], 
            "text": ""
        }, 
        {
            "segmentNumber": "35", 
            "he": [], 
            "links": [], 
            "text": ""
        }, 
        {
            "segmentNumber": "36", 
            "he": [], 
            "links": [], 
            "text": ""
        }, 
        {
            "segmentNumber": "37", 
            "he": [
                "מלשון אותה הוכחת לעבדך (לעיל כ\"ד י\"ד), לא מלשון והוכיח אברהם את אבימלך (לעיל כ\"א כ\"ה), דאם לא כן יוכיחו אותנו מיבעי ליה:"
            ], 
            "links": [
                {
                    "category": "Tanach", 
                    "sourceHeRef": "בראשית ל״א:ל״ז", 
                    "sourceRef": "Genesis 31:37", 
                    "ref": "Genesis 31:37"
                }
            ], 
            "text": ""
        }, 
        {
            "segmentNumber": "38", 
            "he": [
                "והא דבפרשת שלח (במדבר ט\"ו י\"א) פירש\"י (ד\"ה או וד\"ה איל) בתוך שנתו קרוי כבש ולי\"ג חדשים קרוי איל, היינו לענין קרבן, ועי' בתוס' ב\"ק (ס\"ה: ד\"ה איל):"
            ], 
            "links": [
                {
                    "category": "Tanach", 
                    "sourceHeRef": "בראשית ל״א:ל״ח", 
                    "sourceRef": "Genesis 31:38", 
                    "ref": "Genesis 31:38"
                }, 
                {
                    "category": "Tanach", 
                    "sourceHeRef": "במדבר ט״ו:י״א", 
                    "sourceRef": "Numbers 15:11", 
                    "ref": "Numbers 15:11"
                }
            ], 
            "text": ""
        }, 
        {
            "segmentNumber": "39", 
            "he": [
                "הוסיף מלת אם חסרה, שלא תאמר כיון שאמר (פ' ל\"ה) ועזיך לא שכלו וגו', אם כן מאי זה דכתיב אנכי אחטנה, לכן פירש אם חסרה, כלומר אם קרה מקרה בשום פעם שחסרה שום בהמה, אנכי אחטנה פירש עלי היה להשלים חסרונה:"
            ], 
            "links": [
                {
                    "category": "Tanach", 
                    "sourceHeRef": "בראשית ל״א:ל״ט", 
                    "sourceRef": "Genesis 31:39", 
                    "ref": "Genesis 31:39"
                }
            ], 
            "text": ""
        }, 
        {
            "segmentNumber": "40", 
            "he": [
                "שהוא לשון כלייה:"
            ], 
            "links": [
                {
                    "category": "Tanach", 
                    "sourceHeRef": "בראשית ל״א:מ׳", 
                    "sourceRef": "Genesis 31:40", 
                    "ref": "Genesis 31:40"
                }
            ], 
            "text": ""
        }, 
        {
            "segmentNumber": "41", 
            "he": [], 
            "links": [], 
            "text": ""
        }, 
        {
            "segmentNumber": "42", 
            "he": [
                "וקשה והא בפרשת וישלח (לקמן ל\"ב י') כתיב ואלהי יצחק, ויש לומר דהכי פירושו שיעקב אמר איך שהקב\"ה אמר אלהי יצחק:"
            ], 
            "links": [
                {
                    "category": "Tanach", 
                    "sourceHeRef": "בראשית ל״א:מ״ב", 
                    "sourceRef": "Genesis 31:42", 
                    "ref": "Genesis 31:42"
                }
            ], 
            "text": ""
        }, 
        {
            "segmentNumber": "43", 
            "he": [
                "לא ששאל ליעקב מה תרצה שאעשה להן, שיעקב לא ביקש זה ממנו:"
            ], 
            "links": [
                {
                    "category": "Tanach", 
                    "sourceHeRef": "בראשית ל״א:מ״ג", 
                    "sourceRef": "Genesis 31:43", 
                    "ref": "Genesis 31:43"
                }
            ], 
            "text": ""
        }, 
        {
            "segmentNumber": "44", 
            "he": [
                "הואיל וכתיב סתמא ודאי קאי אדלמעלה אלהי אבי, ועוד יש לומר דאי קאי אברית והיתה מיבעי ליה:"
            ], 
            "links": [
                {
                    "category": "Tanach", 
                    "sourceHeRef": "בראשית ל״א:מ״ד", 
                    "sourceRef": "Genesis 31:44", 
                    "ref": "Genesis 31:44"
                }
            ], 
            "text": ""
        }, 
        {
            "segmentNumber": "45", 
            "he": [], 
            "links": [], 
            "text": ""
        }, 
        {
            "segmentNumber": "46", 
            "he": [], 
            "links": [], 
            "text": ""
        }, 
        {
            "segmentNumber": "47", 
            "he": [], 
            "links": [], 
            "text": ""
        }, 
        {
            "segmentNumber": "48", 
            "he": [], 
            "links": [], 
            "text": ""
        }, 
        {
            "segmentNumber": "49", 
            "he": [
                "ר\"ל דהא דמצינו שהר הגלעד נקרא מצפה כמו שמביא רש\"י הפסוק (שופטים י\"א כ\"ט), ולמה נקרא כן ומפרש הפסוק בעצמו בשביל זה נקרא נמי מצפה לפי שאמר יצף ה' וגו':"
            ], 
            "links": [
                {
                    "category": "Tanach", 
                    "sourceHeRef": "בראשית ל״א:מ״ט", 
                    "sourceRef": "Genesis 31:49", 
                    "ref": "Genesis 31:49"
                }, 
                {
                    "category": "Tanach", 
                    "sourceHeRef": "שופטים י״א:כ״ט", 
                    "sourceRef": "Judges 11:29", 
                    "ref": "Judges 11:29"
                }
            ], 
            "text": ""
        }, 
        {
            "segmentNumber": "50", 
            "he": [], 
            "links": [], 
            "text": ""
        }, 
        {
            "segmentNumber": "51", 
            "he": [], 
            "links": [], 
            "text": ""
        }, 
        {
            "segmentNumber": "52", 
            "he": [
                "ר\"ל דאם משמע לשון ספק וכאן אי אפשר לפרשו כן, לכן פירש אם משמש בלשון אשר, פירש במקום שי\"ן כאילו אמר עדה המצבה שאני לא אעבור וכו':"
            ], 
            "links": [
                {
                    "category": "Tanach", 
                    "sourceHeRef": "בראשית ל״א:נ״ב", 
                    "sourceRef": "Genesis 31:52", 
                    "ref": "Genesis 31:52"
                }
            ], 
            "text": ""
        }, 
        {
            "segmentNumber": "53", 
            "he": [
                "פירש ואינו רשאו למחקו:"
            ], 
            "links": [
                {
                    "category": "Tanach", 
                    "sourceHeRef": "בראשית ל״א:נ״ג", 
                    "sourceRef": "Genesis 31:53", 
                    "ref": "Genesis 31:53"
                }
            ], 
            "text": ""
        }, 
        {
            "segmentNumber": "54", 
            "he": [
                "כאן לא פרש\"י כמו גבי ויאמר יעקב לאחיו (פ' מ\"ו) ופרש\"י שם (ד\"ה לאחיו) בניו, דכאן אין שייך לומר שעשה משתה לבניו, והא דלא פירש לעיל כמו הכא, יש לומר דלעיל אמר יעקב לקטו אבנים שהוא לשון ציווי, ולא שייך לצוות לאנשים שאינן סרים למשמעתו, לכן פירש על בניו:", 
                "רצונו לתרץ דהיה לו לאכול בשר שהרי שחט להם בהמות:"
            ], 
            "links": [
                {
                    "category": "Tanach", 
                    "sourceHeRef": "בראשית ל״א:נ״ד", 
                    "sourceRef": "Genesis 31:54", 
                    "ref": "Genesis 31:54"
                }, 
                {
                    "category": "Tanach", 
                    "sourceHeRef": "בראשית ל״א:נ״ד", 
                    "sourceRef": "Genesis 31:54", 
                    "ref": "Genesis 31:54"
                }
            ], 
            "text": ""
        }
    ], 
    "book": "Ikar Siftei Hachamim on Genesis", 
    "prev": "Ikar Siftei Hachamim on Genesis 30:43", 
    "textDepth": 3, 
    "sectionNames": [
        "Chapter", 
        "Verse", 
        "Comment"
    ], 
    "sections": [
        31
    ], 
    "commentator": "Ikar Siftei Hachamim", 
    "isComplex": false, 
    "commentaryCategories": [
        "Tanach", 
        "Torah"
    ], 
    "titleVariants": [
        "Ikar Siftei Hachamim on Bereshit", 
        "Ikar Siftei Hachamim on Breishit", 
        "Ikar Siftei Hachamim on Bereishit", 
        "Ikar Siftei Hachamim on Beresheet", 
        "Ikar Siftei Hachamim on Genesis", 
        "Ikar Siftei Hachamim on Ber", 
        "Ikar Siftei Hachamim on Gen", 
        "Ikar Siftei Hachamim on Gen.", 
        "Ikar Siftei Hachamim on Ber."
    ], 
    "categories": [
        "Commentary", 
        "Tanach", 
        "Ikar Siftei Hachamim"
    ], 
    "ref": "Ikar Siftei Hachamim on Genesis 31", 
    "type": "Commentary", 
    "addressTypes": [
        "Integer", 
        "Integer", 
        "Integer"
    ], 
    "heCommentator": "עיקר שפתי חכמים", 
    "length": 50, 
    "indexTitle": "Ikar Siftei Hachamim on Genesis", 
    "heIndexTitle": "עיקר שפתי חכמים על בראשית", 
    "alts": [], 
    "order": [
        1, 
        1
    ]
}