{
    "heTitleVariants": [
        "עיקר שפתי חכמים על בראשית"
    ], 
    "heTitle": "עיקר שפתי חכמים על בראשית", 
    "commentaryBook": "Genesis", 
    "heRef": "עיקר שפתי חכמים על בראשית מ״ב", 
    "toSections": [
        42
    ], 
    "sectionRef": "Ikar Siftei Hachamim on Genesis 42", 
    "title": "Ikar Siftei Hachamim on Genesis 42", 
    "lengths": [
        50, 
        1533
    ], 
    "next": "Ikar Siftei Hachamim on Genesis 43:2", 
    "content": [
        {
            "segmentNumber": "1", 
            "he": [
                "דאי אתם מראים עצמיכם בפניהם שאתם שבעים ויש לכם תבואה, כיון שהם קרובים שלנו אזי יבואו אלינו לבקש ליתן להם אוכל, לכך לכו וקנו אוכל כדי שיסברו שאין לנו אוכל, אבל באמת בזמן הזה היה להם אוכל וכו', ולפי זה תתראו הוא לשון שביעה:", 
                "ויתחלף האל\"ף במלת תתראו לוי\"ו שבשרש רוה, וכמוהו רבים, ופירש הקרא כן הוא מרוה תלמידו בעולם הזה גם הוא יורה בעולם הבא. ואם תאמר מאי ראייה זה לפירוש אחרון שפירש שהוא לשון כחישה, אדרבה הא מייתי ראיה שהוא לשון שביעה, ויש לומר דגם לפירוש האחרון הוא ראיה ויהיה תתראו כמו תתרוו, והוא מלשון בלא שביעה, כמו הולך ערירי  (לעיל ט\"ו ב') ומפרש רש\"י (ד\"ה הולך) בלא בנים, אף על פי שפירוש יורשים היינו שיש לו בנים, וכן ודשנו את המזבח דכתיב בפרשת במדבר (ד' י\"ג) שפירושו דשן, ואפילו הכי מפרש רש\"י (שם ד\"ה ודשנו) ויטלו את הדשן, ואם כן הכי נמי כן הוא, והוה כאילו כתב תתרוו דאל\"ף מתחלף בוי\"ו דאותיות אהו\"י מתחלפין זה עם זה, ואפשר דמרוה גם כן יש לפרש מלשון בלא שביעה ויהיה דומה ממש לתתראו, ויהיה פירוש הפסוק ומרוה, כלומר מי שהוא בלא שביעה בעולם הזה גם הוא יהיה שבע לעולם הבא וק\"ל:"
            ], 
            "links": [
                {
                    "category": "Tanach", 
                    "sourceHeRef": "בראשית מ״ב:א׳", 
                    "sourceRef": "Genesis 42:1", 
                    "ref": "Genesis 42:1"
                }, 
                {
                    "category": "Tanach", 
                    "sourceHeRef": "בראשית מ״ב:א׳", 
                    "sourceRef": "Genesis 42:1", 
                    "ref": "Genesis 42:1"
                }
            ], 
            "text": ""
        }, 
        {
            "segmentNumber": "2", 
            "he": [
                "לא גרסינן ולא אמר לכו, דמרדו לא שמעינן מידי, דצריך לכתוב רדו כיון שארץ ישראל גבוה מכל הארצות, וההולך מארץ ישראל למצרים שייך לכתוב רדו וכמו שכתב הרא\"ם, וכן כתוב בכל הפרשה כולה לשון ירידה, אלא לא גרסינן ליה, והכי קשה לרש\"י למה צריך למכתב שמה, דהא אחר כך כתיב משם, ואם כן הוה ליה למימר רדו ושברו לנו משם וגו', אלא לכך כתיב שמה רוצה לפרש רד\"ו שנים יהיו שמה, אבל בלא מלת שמה לא מצינן למדרש מידי, ועוד יש לומר דגרסינן ליה והכי פירושו דקשה לרש\"י למה כתיב רדו שהוא לשון ירידה, היה לו לומר לשון מעליא לכו, אף על פי שארץ ישראל גבוה מכל הארצות, אפילו הכי במדבר לנוכח לא היה לו לומר לשון ירידה, אלא רמז וכו':"
            ], 
            "links": [
                {
                    "category": "Tanach", 
                    "sourceHeRef": "בראשית מ״ב:ב׳", 
                    "sourceRef": "Genesis 42:2", 
                    "ref": "Genesis 42:2"
                }
            ], 
            "text": ""
        }, 
        {
            "segmentNumber": "3", 
            "he": [], 
            "links": [], 
            "text": ""
        }, 
        {
            "segmentNumber": "4", 
            "he": [], 
            "links": [], 
            "text": ""
        }, 
        {
            "segmentNumber": "5", 
            "he": [], 
            "links": [], 
            "text": ""
        }, 
        {
            "segmentNumber": "6", 
            "he": [], 
            "links": [], 
            "text": ""
        }, 
        {
            "segmentNumber": "7", 
            "he": [
                "פירוש ויתנכר, הראה עצמו נכרי:"
            ], 
            "links": [
                {
                    "category": "Tanach", 
                    "sourceHeRef": "בראשית מ״ב:ז׳", 
                    "sourceRef": "Genesis 42:7", 
                    "ref": "Genesis 42:7"
                }
            ], 
            "text": ""
        }, 
        {
            "segmentNumber": "8", 
            "he": [], 
            "links": [], 
            "text": ""
        }, 
        {
            "segmentNumber": "9", 
            "he": [
                "פירוש סדק של קיר:"
            ], 
            "links": [
                {
                    "category": "Tanach", 
                    "sourceHeRef": "בראשית מ״ב:ט׳", 
                    "sourceRef": "Genesis 42:9", 
                    "ref": "Genesis 42:9"
                }
            ], 
            "text": ""
        }, 
        {
            "segmentNumber": "10", 
            "he": [
                "הוצרך להוסיף מלות תאמר כן, כיון שפסק עליהם שהם מרגלים לא תפול על זה כי אם מלת אל, כמו שמצינו גבי חנה, שחשבה עלי לשכורה והשיבה לו (שמואל-א' א' ט\"ז) אל תתן אמתך לפני בת בליעל, אבל מלת לא, תפול כשהיא תשובה על שאלה או בקשה:", 
                "אין זה הוכחה, כי יוסף אמר לא כי אלא לרגל הארץ באתם, אלא הכי פירושו לא תאמר כן אלא הרי עבדיך וכו', והוא כמו אבל עבדיך כו':"
            ], 
            "links": [
                {
                    "category": "Tanach", 
                    "sourceHeRef": "בראשית מ״ב:י׳", 
                    "sourceRef": "Genesis 42:10", 
                    "ref": "Genesis 42:10"
                }, 
                {
                    "category": "Tanach", 
                    "sourceHeRef": "בראשית מ״ב:י׳", 
                    "sourceRef": "Genesis 42:10", 
                    "ref": "Genesis 42:10"
                }
            ], 
            "text": ""
        }, 
        {
            "segmentNumber": "11", 
            "he": [], 
            "links": [], 
            "text": ""
        }, 
        {
            "segmentNumber": "12", 
            "he": [
                "שיוסף היה יודע שאחיו באין לשבר אוכל, והיה מצוה לשומרי השער שכל מי שיבא לעיר יכתוב שמו ושם אביו ויבאו ויראו לו, ועשרה שומרי השער באו, ובכל מקום היה מוצא, בזה ראובן בן יעקב, ובזה שמעון בן יעקב, ובזה היה יודע שבעשר שערים נכנסו. ואם תאמר למה לא פירש רש\"י זה לעיל (פ' ט') גבי לראות את ערות הארץ וגו', ויש לומר דבכאן מוכח שפיר מדכתיב אחר כך ויאמרו שנים עשר עבדיך וגו', מה ענין תשובה זו על מה שאמר להם מרגלים אתם, אלא על כרחך צריך לומר שיוסף מתחילה אמר להם שהרי נכנסתם בי' שערי העיר, והם השיבו לו לא, כי אלא כולנו בני איש אחד וגו' והאחד איננו, ובשביל אותו אחד נתפזרנו:"
            ], 
            "links": [
                {
                    "category": "Tanach", 
                    "sourceHeRef": "בראשית מ״ב:י״ב", 
                    "sourceRef": "Genesis 42:12", 
                    "ref": "Genesis 42:12"
                }
            ], 
            "text": ""
        }, 
        {
            "segmentNumber": "13", 
            "he": [], 
            "links": [], 
            "text": ""
        }, 
        {
            "segmentNumber": "14", 
            "he": [
                "דקשה לרש\"י הוא אשר דברתי משמע דהם נמי אמרו שמרגלים הם, ולכך קאמר יוסף הוא אשר דברתי, ואין זה אמת כי הם אמרו לא מרגלים אנחנו, ומתרץ דהוא היה ראוי לכתוב בסוף, כלומר אשר דברתי וגו' מרגלים אתם הוא האמת. יש מקשין במה תפש אותם יוסף שהם מרגלים עד שאמר להם הוא הדבר וגו', ועוד קשה במאי יתאמת זה שאם יביאו את בנימין שאינם מרגלים, ונראה לי דהכי פירושו מתחילה אמר להם מרגלים אתם שהרי נכנסתם בי' שערי העיר, כדפירש רש\"י ספק מכל הטענות שיש לטעון כאשר הזכרתי, ובזה יתיישבו כל הקושיות ודו\"ק, וקצת כעין זה מצאתי בשם מהרש\"ל:"
            ], 
            "links": [
                {
                    "category": "Tanach", 
                    "sourceHeRef": "בראשית מ״ב:י״ד", 
                    "sourceRef": "Genesis 42:14", 
                    "ref": "Genesis 42:14"
                }
            ], 
            "text": ""
        }, 
        {
            "segmentNumber": "15", 
            "he": [
                "פירוש לפי פשוטו של קרא אין לו הבנה, משום הכי הוסיף מלת אם, ויהיה טעמו אם חי פרעה לא תצאו מזה, ויהיה אם דקרא במקום לא, כמו (תהלים פ\"ט ל\"ו) אם לדוד אכזב, שרצה לומר לא אכזב, ויחוייב מזה שאם תצאו לא יחיה, ובאמת יצאו אלא כשהיה נשבע לשקר וכו':"
            ], 
            "links": [
                {
                    "category": "Tanach", 
                    "sourceHeRef": "בראשית מ״ב:ט״ו", 
                    "sourceRef": "Genesis 42:15", 
                    "ref": "Genesis 42:15"
                }, 
                {
                    "category": "Tanach", 
                    "sourceHeRef": "תהילים פ״ט:ל״ו", 
                    "sourceRef": "Psalms 89:36", 
                    "ref": "Psalms 89:36"
                }
            ], 
            "text": ""
        }, 
        {
            "segmentNumber": "16", 
            "he": [
                "דקשה לרש\"י דמלת האמת מורה שהוא הודה להם שהאמת אתם, והוא סותר למאמר תבחנו שמורה שהוא מסופק בהם, לפיכך הוצרך לומר שזה הוא ה\"א התימה, כמו האם כן הוא:", 
                "שאי אפשר לומר ואם לא תבחנו חי פרעה וכו', שאף אם לא יבחנו לא יתחייב שהם מרגלים:"
            ], 
            "links": [
                {
                    "category": "Tanach", 
                    "sourceHeRef": "בראשית מ״ב:ט״ז", 
                    "sourceRef": "Genesis 42:16", 
                    "ref": "Genesis 42:16"
                }, 
                {
                    "category": "Tanach", 
                    "sourceHeRef": "בראשית מ״ב:ט״ז", 
                    "sourceRef": "Genesis 42:16", 
                    "ref": "Genesis 42:16"
                }
            ], 
            "text": ""
        }, 
        {
            "segmentNumber": "17", 
            "he": [
                "פירוש ולא ששם שומרים עליהם, דהא כתיב אחריו (פ' י\"ט) יאסר בבית משמרכם, והא דלא פירש רש\"י זה לעיל בפרשת וישב (מ' ג') שהמשמר הוא בית האסורים, משום דלעיל כתיב בהדיא שהיא בית הסוהר דכתיב (שם) ויתן אותם במשמר וגו':"
            ], 
            "links": [
                {
                    "category": "Tanach", 
                    "sourceHeRef": "בראשית מ״ב:י״ז", 
                    "sourceRef": "Genesis 42:17", 
                    "ref": "Genesis 42:17"
                }
            ], 
            "text": ""
        }, 
        {
            "segmentNumber": "18", 
            "he": [], 
            "links": [], 
            "text": ""
        }, 
        {
            "segmentNumber": "19", 
            "he": [
                "שלא נחשב שהכינוי מורה שמתחילה נעשה בשבילם:", 
                "ומלת שבר פה מורה על קנייה לא על מכר, ומפני שהרעבון אינו לבתיהם הוצרך להוסיף אנשי בתיכם:"
            ], 
            "links": [
                {
                    "category": "Tanach", 
                    "sourceHeRef": "בראשית מ״ב:י״ט", 
                    "sourceRef": "Genesis 42:19", 
                    "ref": "Genesis 42:19"
                }, 
                {
                    "category": "Tanach", 
                    "sourceHeRef": "בראשית מ״ב:י״ט", 
                    "sourceRef": "Genesis 42:19", 
                    "ref": "Genesis 42:19"
                }
            ], 
            "text": ""
        }, 
        {
            "segmentNumber": "20", 
            "he": [
                "אין ויאמנו מלשון אמונה, כמו (במדבר ה' כ\"ב) ואמרה האשה אמן וכו', שפירושו אמת שאמר הכהן יתן ה' וגו', ועליו כתיב ואמרה האשה אמן, ולא יפול בו לשון אמונה רק אמת יהיה זה שתהיה ירכה נופלת וכו':"
            ], 
            "links": [
                {
                    "category": "Tanach", 
                    "sourceHeRef": "בראשית מ״ב:כ׳", 
                    "sourceRef": "Genesis 42:20", 
                    "ref": "Genesis 42:20"
                }, 
                {
                    "category": "Tanach", 
                    "sourceHeRef": "במדבר ה׳", 
                    "sourceRef": "Numbers 5", 
                    "ref": "Numbers 5"
                }
            ], 
            "text": ""
        }, 
        {
            "segmentNumber": "21", 
            "he": [], 
            "links": [], 
            "text": ""
        }, 
        {
            "segmentNumber": "22", 
            "he": [], 
            "links": [], 
            "text": ""
        }, 
        {
            "segmentNumber": "23", 
            "he": [
                "רוצה לפרש דבכל פעם כשדברו עמו קודם לכן היה מליץ ביניהם, ועתה לא היה המליץ ביניהם והיו סבורים שיוסף אינו מבין לשון הקודש:"
            ], 
            "links": [
                {
                    "category": "Tanach", 
                    "sourceHeRef": "בראשית מ״ב:כ״ג", 
                    "sourceRef": "Genesis 42:23", 
                    "ref": "Genesis 42:23"
                }
            ], 
            "text": ""
        }, 
        {
            "segmentNumber": "24", 
            "he": [
                "דקשה לרש\"י למה בכה היה לו לרגז עליהם כששמע שהם עצמם מתודים איך שלא טוב עשו, לכן פירש משום הכי בכה משום ששמע שהיו מתחרטים, (מהרש\"ל):", 
                "דייק מדכתיב בפרשת וישב (לעיל ל\"ז י\"ט) ויאמרו איש אל אחיו הנה בעל החלומות וגו', וכתיב (לקמן מ\"ט ה') שמעון ולוי אחים. (רא\"ם), והא דכתיב לעיל (ל\"ז כ\"ד) ויקחהו דמשמע רבים, ויש לומר ויקחהו חסר וי\"ו האמצעי כתיב, וקרינן ויקחהו בציר\"י תחת החי\"ת שהוא לשון יחיד:", 
                "דאם לא כן לעיניהם למה לי:"
            ], 
            "links": [
                {
                    "category": "Tanach", 
                    "sourceHeRef": "בראשית מ״ב:כ״ד", 
                    "sourceRef": "Genesis 42:24", 
                    "ref": "Genesis 42:24"
                }, 
                {
                    "category": "Tanach", 
                    "sourceHeRef": "בראשית מ״ב:כ״ד", 
                    "sourceRef": "Genesis 42:24", 
                    "ref": "Genesis 42:24"
                }, 
                {
                    "category": "Tanach", 
                    "sourceHeRef": "בראשית מ״ב:כ״ד", 
                    "sourceRef": "Genesis 42:24", 
                    "ref": "Genesis 42:24"
                }
            ], 
            "text": ""
        }, 
        {
            "segmentNumber": "25", 
            "he": [], 
            "links": [], 
            "text": ""
        }, 
        {
            "segmentNumber": "26", 
            "he": [], 
            "links": [], 
            "text": ""
        }, 
        {
            "segmentNumber": "27", 
            "he": [
                "דאם לא כן מאי האחד בה\"א:", 
                "ולא תפרש במלון במקום המיוחד למלון לכל העוברים ושבים, כיון דכתיב במלון בפת\"ח, דאם לא כן היה לו לכתוב תחילה ויבואו למלון ואחר כך ויפתח וגו' במלון:", 
                "והא דנקט רש\"י הוא שק ולא נקט השק, משום דקשה לרש\"י דבראש הפסוק כתיב ויפתח האחד את שקו, ואחר כך כתיב והנה הוא בפי אמתחתו, משמע דלא היה שק ועל זה פירש הוא השק, רוצה לפרש אמתחתו דהכא היינו שק דלעיל:"
            ], 
            "links": [
                {
                    "category": "Tanach", 
                    "sourceHeRef": "בראשית מ״ב:כ״ז", 
                    "sourceRef": "Genesis 42:27", 
                    "ref": "Genesis 42:27"
                }, 
                {
                    "category": "Tanach", 
                    "sourceHeRef": "בראשית מ״ב:כ״ז", 
                    "sourceRef": "Genesis 42:27", 
                    "ref": "Genesis 42:27"
                }, 
                {
                    "category": "Tanach", 
                    "sourceHeRef": "בראשית מ״ב:כ״ז", 
                    "sourceRef": "Genesis 42:27", 
                    "ref": "Genesis 42:27"
                }
            ], 
            "text": ""
        }, 
        {
            "segmentNumber": "28", 
            "he": [
                "ופירש מה זאת מה רעה היא זאת ולא טובה שהביאם להשבת הכסף, דאם לא כן מאי ויחרדו:"
            ], 
            "links": [
                {
                    "category": "Tanach", 
                    "sourceHeRef": "בראשית מ״ב:כ״ח", 
                    "sourceRef": "Genesis 42:28", 
                    "ref": "Genesis 42:28"
                }
            ], 
            "text": ""
        }, 
        {
            "segmentNumber": "29", 
            "he": [], 
            "links": [], 
            "text": ""
        }, 
        {
            "segmentNumber": "30", 
            "he": [], 
            "links": [], 
            "text": ""
        }, 
        {
            "segmentNumber": "31", 
            "he": [], 
            "links": [], 
            "text": ""
        }, 
        {
            "segmentNumber": "32", 
            "he": [], 
            "links": [], 
            "text": ""
        }, 
        {
            "segmentNumber": "33", 
            "he": [], 
            "links": [], 
            "text": ""
        }, 
        {
            "segmentNumber": "34", 
            "he": [
                "ואם תאמר והיכן מצינו שאמר להם יוסף כן, ויש לומר דכיון שיוסף אמר להם שהם מרגלים בודאי לא היה מניחן לילך בעיר כדי שלא ירגלו, לכך אם יביאו את בנימין ולא יהיו חשודין בעיניו כמרגלים אז יהיו רשאין לילך ולסבב בעיר, וזהו ויאמנו דבריכם ותסחרו מלשון סיבוב, ולא מלשון סחורה, דאם לא כן מה זה לכאן:"
            ], 
            "links": [
                {
                    "category": "Tanach", 
                    "sourceHeRef": "בראשית מ״ב:ל״ד", 
                    "sourceRef": "Genesis 42:34", 
                    "ref": "Genesis 42:34"
                }
            ], 
            "text": ""
        }, 
        {
            "segmentNumber": "35", 
            "he": [], 
            "links": [], 
            "text": ""
        }, 
        {
            "segmentNumber": "36", 
            "he": [
                "(רא\"ם), תימה דהכא משמע שיעקב אבינו נודע לו עכשיו בעת שהיו מבקשים שירד בנימין עמהם שמכרו את יוסף, ואם כן איך אמר להם אחר כך (לקמן מ\"ד כ\"ז) אתם ידעתם וגו', ואומר אך טרוף וגו' (שם פ' כ\"ח). (צד\"ל), הקושיא מעיקרא ליתא, כי לא מצינו שיעקב אמר לבניו אתם ידעתם וגו' רק יהודה אמר כן ליוסף בשם אביו, ואפשר לומר שיהודה בדה זאת מלבו כדי שיכמרו רחמי יוסף עליו כשם שאמר (שם פ' כ') ואחיו מת, ופירש רש\"י (שם ד\"ה ואחיו) מפני היראה היה מוציא דבר שקר מפיו, הכי נמי באמרו אך טרוף טורף יוסף ולא ראיתיו וגו', שהרי יעקב אמר עכשיו לא ירד בני עמכם כי אחיו מת, ולא אמר טורף כנזכר לעיל:"
            ], 
            "links": [
                {
                    "category": "Tanach", 
                    "sourceHeRef": "בראשית מ״ב:ל״ו", 
                    "sourceRef": "Genesis 42:36", 
                    "ref": "Genesis 42:36"
                }
            ], 
            "text": ""
        }, 
        {
            "segmentNumber": "37", 
            "he": [], 
            "links": [], 
            "text": ""
        }, 
        {
            "segmentNumber": "38", 
            "he": [
                "לא משום שמא יקראהו אסון בדרך לא רצה שילך בנימין עמהם כמו שמפורש בקרא, דאם כן כשאמר יהודה (לקמן מ\"ג ט') אנכי אערבנו וגו' למה לא טען הפחד של וקראהו אסון, אלא ודאי טענת וקראהו אסון אינו אלא דחייה בעלמא שלא רצה לביישו מה שאינו מקבל דבריו, ומה שלא קיבל דבריו של ראובן, יש לומר שירא שיקח אותו אדוני הארץ במאסר כמו שלקח את שמעון ואין מידו מציל, אבל כשלקח אותו יהודה על ידיו נתן אותו לילך, כי ידע יעקב כיון שיהודה מבפנים ימסור את עצמו עליו עד שיציל אותו מידו:"
            ], 
            "links": [
                {
                    "category": "Tanach", 
                    "sourceHeRef": "בראשית מ״ב:ל״ח", 
                    "sourceRef": "Genesis 42:38", 
                    "ref": "Genesis 42:38"
                }
            ], 
            "text": ""
        }
    ], 
    "book": "Ikar Siftei Hachamim on Genesis", 
    "prev": "Ikar Siftei Hachamim on Genesis 41:56", 
    "textDepth": 3, 
    "sectionNames": [
        "Chapter", 
        "Verse", 
        "Comment"
    ], 
    "sections": [
        42
    ], 
    "commentator": "Ikar Siftei Hachamim", 
    "isComplex": false, 
    "commentaryCategories": [
        "Tanach", 
        "Torah"
    ], 
    "titleVariants": [
        "Ikar Siftei Hachamim on Bereshit", 
        "Ikar Siftei Hachamim on Breishit", 
        "Ikar Siftei Hachamim on Bereishit", 
        "Ikar Siftei Hachamim on Beresheet", 
        "Ikar Siftei Hachamim on Genesis", 
        "Ikar Siftei Hachamim on Ber", 
        "Ikar Siftei Hachamim on Gen", 
        "Ikar Siftei Hachamim on Gen.", 
        "Ikar Siftei Hachamim on Ber."
    ], 
    "categories": [
        "Commentary", 
        "Tanach", 
        "Ikar Siftei Hachamim"
    ], 
    "ref": "Ikar Siftei Hachamim on Genesis 42", 
    "type": "Commentary", 
    "addressTypes": [
        "Integer", 
        "Integer", 
        "Integer"
    ], 
    "heCommentator": "עיקר שפתי חכמים", 
    "length": 50, 
    "indexTitle": "Ikar Siftei Hachamim on Genesis", 
    "heIndexTitle": "עיקר שפתי חכמים על בראשית", 
    "alts": [], 
    "order": [
        1, 
        1
    ]
}