{
    "heTitleVariants": [
        "תלמוד ירושלמי חגיגה"
    ], 
    "heTitle": "תלמוד ירושלמי חגיגה י״ז א", 
    "content": [
        {
            "segmentNumber": "1", 
            "he": "תמן הוסיף רבי עקיבה הסולת והקטרת הלבונה והגחלים שנגע טבול יום במקצתן שפסל את כולן רשב\"ל אמר יודעין היו שכלי שרת מחברים ומה בא להעיד על שירי מנחות שיהו מחברין את עצמן ר' יוסה בי ר' זמינה בשם ר' יוחנן מפני מה אמרו שירי מנחות מחברין את עצמן מפני שנזקקו לכיליין רבי אחא רבי אילא בשם ר' יסא יודעין היו שכלי שרת מחברין ומה בא להעיד על הסולת ועל הקטורת ועל הלבונה ועל הגחלים ניחא סולת וקטורת ולבנה גחלים מאי א\"ר בון בר כהנא תיפתר בגחלים של יה\"כ שכמה שהוא חותה הוא מכניס אבל בגחלים שבכל יום לא כהיא דתנינן תמן נתפזר ממנו כקב גחלים היה מכבדן לאמה ובשבת כופין עליו פסכתר א\"ר מתניה וכי סולת וקטורת ולבונה וגחלים יש להן שיעור אצל זה לא מפני שנזקקו לכיליין והכא מפני שנזקקו לכיליין ר' בון בר חייה בעי קומץ מהו שיקרב בשני כלים התיב ר' חנין והא תנינן הכלי מצרף אין תימר שקומץ קרב בשני כלים וליידא מילה תנינן הכלי מצרף א\"ר לעזר דרומייא לא כן א\"ר יוסי בי ר' זמינא בשם רבי יוחנן מפני מה אמרו שירי מנחות מחברין את עצמן לא מפני שנזקקו לכיליין והכא שנזקקו לכיליין א\"ר מתנייה וכי סולת וקטורת ולבונה וגחלים לא בכמה כלים הן קריבין ואת אמר הכלי מצרף והכא הכלי מצרף כהנא שאל לרבנין דתמן מנחה חלוקה", 
            "links": [], 
            "text": ""
        }
    ], 
    "heRef": "תלמוד ירושלמי חגיגה י״ז א", 
    "toSections": [
        "17a"
    ], 
    "sectionRef": "Jerusalem Talmud Chagigah 17a", 
    "title": "Jerusalem Talmud Chagigah 17a", 
    "lengths": [
        44, 
        87
    ], 
    "next": "Jerusalem Talmud Chagigah 17b", 
    "heBook": "תלמוד ירושלמי חגיגה", 
    "book": "Jerusalem Talmud Chagigah", 
    "prev": "Jerusalem Talmud Chagigah 16b", 
    "textDepth": 2, 
    "sectionNames": [
        "Daf", 
        "Halakhah"
    ], 
    "sections": [
        "17a"
    ], 
    "isComplex": false, 
    "titleVariants": [
        "Yerushalmi Hagigah", 
        "Jerusalem Talmud Chagigah", 
        "JT Chagigah", 
        "Talmud Yerushalmi Chagigah", 
        "Yerushalmi Chagigah", 
        "JT Hagigah"
    ], 
    "categories": [
        "Talmud", 
        "Yerushalmi", 
        "Seder Moed"
    ], 
    "ref": "Jerusalem Talmud Chagigah 17a", 
    "type": "Talmud", 
    "addressTypes": [
        "Talmud", 
        "Integer"
    ], 
    "length": 44, 
    "indexTitle": "Jerusalem Talmud Chagigah", 
    "heIndexTitle": "תלמוד ירושלמי חגיגה", 
    "alts": [], 
    "order": [
        22
    ]
}