{
    "heTitleVariants": [
        "קיצור בעל הטורים על ויקרא"
    ], 
    "heTitle": "קיצור בעל הטורים על ויקרא", 
    "commentaryBook": "Leviticus", 
    "heRef": "קיצור בעל הטורים על ויקרא כ״ב", 
    "toSections": [
        22
    ], 
    "sectionRef": "Kitzur Baal Haturim on Leviticus 22", 
    "title": "Kitzur Baal Haturim on Leviticus 22", 
    "lengths": [
        27, 
        859
    ], 
    "next": "Kitzur Baal Haturim on Leviticus 23:2", 
    "content": [
        {
            "segmentNumber": "1", 
            "he": [], 
            "links": [], 
            "text": ""
        }, 
        {
            "segmentNumber": "2", 
            "he": [], 
            "links": [], 
            "text": ""
        }, 
        {
            "segmentNumber": "3", 
            "he": [], 
            "links": [], 
            "text": ""
        }, 
        {
            "segmentNumber": "4", 
            "he": [], 
            "links": [], 
            "text": ""
        }, 
        {
            "segmentNumber": "5", 
            "he": [], 
            "links": [], 
            "text": ""
        }, 
        {
            "segmentNumber": "6", 
            "he": [], 
            "links": [], 
            "text": ""
        }, 
        {
            "segmentNumber": "7", 
            "he": [], 
            "links": [], 
            "text": ""
        }, 
        {
            "segmentNumber": "8", 
            "he": [], 
            "links": [], 
            "text": ""
        }, 
        {
            "segmentNumber": "9", 
            "he": [], 
            "links": [], 
            "text": ""
        }, 
        {
            "segmentNumber": "10", 
            "he": [
                "<b>תושב כהן ושכיר</b> בגימ' זה קנוי קנין עולם וקנוי קנין שנים:\n\n"
            ], 
            "links": [
                {
                    "category": "Tanach", 
                    "sourceHeRef": "ויקרא כ״ב:י׳", 
                    "sourceRef": "Leviticus 22:10", 
                    "ref": "Leviticus 22:10"
                }
            ], 
            "text": ""
        }, 
        {
            "segmentNumber": "11", 
            "he": [
                "<b>וכהן</b> ב' דין ואידך וינאץ בזעם אפו מלך וכהן זהו שאמרו בפ' מקום שנהגו ד' צווחות צווחה עזרה שאו שערים ראשיכם ויכנס ישמעאל בן פאבי וישמש בכהונה גדולה שהי' צדיק ורבים אוכלי שלחנו ולא נמצא נותר בימיו. וזהו וכהן כי יקנה שהיה לו הרבה קניני נפשות ולכך הוא ראש פסוק שהיה צדיק אבל וינאץ בזעם אפו הוא ינאי המלך שהיה רשע לכן הוא סוף פסוק: ד''א לפי שהיו מהם כהנים רשעים לקנות כהונה מאשר לא להם ע''כ וינאץ בזעם אפו מלך וכהן. בלחמו. ג' הכא ואידך נשחיתה עץ בלחמו ע''כ בלחמו קדמו נודד שהלכו בגולה מפני חרב נטושה וקשת דרוכה:\n\n"
            ], 
            "links": [
                {
                    "category": "Tanach", 
                    "sourceHeRef": "ויקרא כ״ב:י״א", 
                    "sourceRef": "Leviticus 22:11", 
                    "ref": "Leviticus 22:11"
                }
            ], 
            "text": ""
        }, 
        {
            "segmentNumber": "12", 
            "he": [], 
            "links": [], 
            "text": ""
        }, 
        {
            "segmentNumber": "13", 
            "he": [
                "<b>כנעוריה</b> מלא וא''ו לומר לך שאין בין נערות לבגרות אלא ששה חדשים בלבד:\n\n"
            ], 
            "links": [
                {
                    "category": "Tanach", 
                    "sourceHeRef": "ויקרא כ״ב:י״ג", 
                    "sourceRef": "Leviticus 22:13", 
                    "ref": "Leviticus 22:13"
                }
            ], 
            "text": ""
        }, 
        {
            "segmentNumber": "14", 
            "he": [], 
            "links": [], 
            "text": ""
        }, 
        {
            "segmentNumber": "15", 
            "he": [], 
            "links": [], 
            "text": ""
        }, 
        {
            "segmentNumber": "16", 
            "he": [
                "<b>והשיאו</b> ב' הכא ואידך והשיאו כל ישראל אל העיר בענין אבשלום בעצה שנתן לו חושי שיעץ לו לרעתו וזהו והשיאו אותם עון אשמה. י''א פעמים הזכיר קדשים בזאת הפרשה (מן איש איש מזרע אהרן שמדבר בתרומה עד כי אני ה' מקדשם דחד צריך לגופיה) כנגד י''א דברים שבין תרומה לקודש:", 
                "<b> באכלם</b> ב' הכא ואידך באכלם מעבור הארץ דאוכל תרומה בטומאת הגוף:"
            ], 
            "links": [
                {
                    "category": "Tanach", 
                    "sourceHeRef": "ויקרא כ״ב:ט״ז", 
                    "sourceRef": "Leviticus 22:16", 
                    "ref": "Leviticus 22:16"
                }, 
                {
                    "category": "Tanach", 
                    "sourceHeRef": "ויקרא כ״ב:ט״ז", 
                    "sourceRef": "Leviticus 22:16", 
                    "ref": "Leviticus 22:16"
                }
            ], 
            "text": ""
        }, 
        {
            "segmentNumber": "17", 
            "he": [], 
            "links": [], 
            "text": ""
        }, 
        {
            "segmentNumber": "18", 
            "he": [], 
            "links": [], 
            "text": ""
        }, 
        {
            "segmentNumber": "19", 
            "he": [], 
            "links": [], 
            "text": ""
        }, 
        {
            "segmentNumber": "20", 
            "he": [], 
            "links": [], 
            "text": ""
        }, 
        {
            "segmentNumber": "21", 
            "he": [], 
            "links": [], 
            "text": ""
        }, 
        {
            "segmentNumber": "22", 
            "he": [], 
            "links": [], 
            "text": ""
        }, 
        {
            "segmentNumber": "23", 
            "he": [], 
            "links": [], 
            "text": ""
        }, 
        {
            "segmentNumber": "24", 
            "he": [
                "<b>ובארצכם לא תעשו</b> וסמיך ליה ומיד בן נכר לו' שאסור לסרס אפי' ע''י עכו''ם:\n\n"
            ], 
            "links": [
                {
                    "category": "Tanach", 
                    "sourceHeRef": "ויקרא כ״ב:כ״ד", 
                    "sourceRef": "Leviticus 22:24", 
                    "ref": "Leviticus 22:24"
                }
            ], 
            "text": ""
        }, 
        {
            "segmentNumber": "25", 
            "he": [], 
            "links": [], 
            "text": ""
        }, 
        {
            "segmentNumber": "26", 
            "he": [], 
            "links": [], 
            "text": ""
        }, 
        {
            "segmentNumber": "27", 
            "he": [
                "<b>שור או כשב או עז</b> סמיך לבן נכר לומר שאין מקבלים קרבן חובה אלא מישראל:", 
                "<b> והיה שבעת ימים וגו'</b> אמר הקב''ה אם ישחט ביום ראשון יהא נראה כשוחט לשם שמים וארץ שנבראו ביום א' ואם יום ב' יהא נראה כאילו שוחט לרקיע שנעשה ביום ב' וביום ג' לים וליבשה וביום ד' לשם מאורות וביום ה' לשם שרצים וביום ו' לשם אדם אלא ימתין עד שבעה ימים וידע שבראתי העולם בששת ימים ונתתי בשביעי וישחט לשמי:\n\n"
            ], 
            "links": [
                {
                    "category": "Tanach", 
                    "sourceHeRef": "ויקרא כ״ב:כ״ז", 
                    "sourceRef": "Leviticus 22:27", 
                    "ref": "Leviticus 22:27"
                }, 
                {
                    "category": "Tanach", 
                    "sourceHeRef": "ויקרא כ״ב:כ״ז", 
                    "sourceRef": "Leviticus 22:27", 
                    "ref": "Leviticus 22:27"
                }
            ], 
            "text": ""
        }, 
        {
            "segmentNumber": "28", 
            "he": [
                "<b>אותו ואת בנו</b> ב' הכא ואידך ועבדו אותו וגו' ואת בנו גבי נ''נ בשביל שנא' אותו ואת בנו לא תשחטו ביום א' והוא לא עשה כן אלא שחט בני צדקיהו לעיניו ע''כ נאמר בו ועבדו אותו ואת בנו עד בא עת ארצו גם הוא ועבדו בו גוים רבים שנהרג בלשצר ונטלה ממנו המלכות. סמך אותו ואת בנו לשור או כשב לומר שנוהג במוקדשין:\n\n"
            ], 
            "links": [
                {
                    "category": "Tanach", 
                    "sourceHeRef": "ויקרא כ״ב:כ״ח", 
                    "sourceRef": "Leviticus 22:28", 
                    "ref": "Leviticus 22:28"
                }
            ], 
            "text": ""
        }, 
        {
            "segmentNumber": "29", 
            "he": [
                "<b>וכי תזבחו</b> סמך לאותו ואת בנו רמז למה שאמרו בד' פרקים בשנה צריך להודיע אמו מכרתי היום לשחוט וכל הפרקים ברגלים לכך סמך אותו לרגלים:\n\n"
            ], 
            "links": [
                {
                    "category": "Tanach", 
                    "sourceHeRef": "ויקרא כ״ב:כ״ט", 
                    "sourceRef": "Leviticus 22:29", 
                    "ref": "Leviticus 22:29"
                }
            ], 
            "text": ""
        }, 
        {
            "segmentNumber": "30", 
            "he": [
                "<b>לא תותירו ממנו עד בקר</b> וסמיך ליה אני ה' ושמרתם מצותי לו' שאין מעבירין על המצות כלומר לא תותירו המצוות:\n\n"
            ], 
            "links": [
                {
                    "category": "Tanach", 
                    "sourceHeRef": "ויקרא כ״ב:ל׳", 
                    "sourceRef": "Leviticus 22:30", 
                    "ref": "Leviticus 22:30"
                }
            ], 
            "text": ""
        }, 
        {
            "segmentNumber": "31", 
            "he": [], 
            "links": [], 
            "text": ""
        }, 
        {
            "segmentNumber": "32", 
            "he": [
                "<b>ונקדשתי בתוך בני ישראל</b> בגי' זהו אין אומרים קדושה פחות מעשרה:", 
                "<b> בתוך בני ישראל</b> וסמיך ליה מועדים שבמועדים מתקבצים כדי להתפלל ולהלל להקב''ה שברוב עם הדרת מלך:", 
                "<b> מקדשכם</b> וסמיך ליה מועדי ה' שחייב אדם לטהר את עצמו ברגל:\n\n"
            ], 
            "links": [
                {
                    "category": "Tanach", 
                    "sourceHeRef": "ויקרא כ״ב:ל״ב", 
                    "sourceRef": "Leviticus 22:32", 
                    "ref": "Leviticus 22:32"
                }, 
                {
                    "category": "Tanach", 
                    "sourceHeRef": "ויקרא כ״ב:ל״ב", 
                    "sourceRef": "Leviticus 22:32", 
                    "ref": "Leviticus 22:32"
                }, 
                {
                    "category": "Tanach", 
                    "sourceHeRef": "ויקרא כ״ב:ל״ב", 
                    "sourceRef": "Leviticus 22:32", 
                    "ref": "Leviticus 22:32"
                }
            ], 
            "text": ""
        }
    ], 
    "book": "Kitzur Baal Haturim on Leviticus", 
    "prev": "Kitzur Baal Haturim on Leviticus 21:23", 
    "textDepth": 3, 
    "sectionNames": [
        "Chapter", 
        "Verse", 
        "Comment"
    ], 
    "sections": [
        22
    ], 
    "commentator": "Kitzur Baal Haturim", 
    "isComplex": false, 
    "commentaryCategories": [
        "Tanach", 
        "Torah"
    ], 
    "titleVariants": [
        "Kitzur Baal Haturim on Lev.", 
        "Kitzur Baal Haturim on Lev", 
        "Kitzur Baal Haturim on Vayikra", 
        "Kitzur Baal Haturim on Leviticus"
    ], 
    "categories": [
        "Commentary", 
        "Tanach", 
        "Kitzur Baal Haturim"
    ], 
    "ref": "Kitzur Baal Haturim on Leviticus 22", 
    "type": "Commentary", 
    "addressTypes": [
        "Integer", 
        "Integer", 
        "Integer"
    ], 
    "heCommentator": "קיצור בעל הטורים", 
    "length": 27, 
    "indexTitle": "Kitzur Baal Haturim on Leviticus", 
    "heIndexTitle": "קיצור בעל הטורים על ויקרא", 
    "alts": [], 
    "order": [
        3, 
        3
    ]
}