{
    "heTitleVariants": [
        "תרגום אונקלוס על בראשית"
    ], 
    "heTitle": "תרגום אונקלוס על בראשית", 
    "heRef": "תרגום אונקלוס על בראשית ל״ח", 
    "toSections": [
        38
    ], 
    "sectionRef": "Onkelos Genesis 38", 
    "next": "Onkelos Genesis 39", 
    "content": [
        {
            "segmentNumber": "1", 
            "he": "וַהֲוָה בְּעִדָּנָא הַהִיא וּנְחַת יְהוּדָה מִלְּוַת אֲחוֹהִי וּסְטָא עַד גַּבְרָא עֲדֻלָּמָאָה וּשׁמֵהּ חִירָה", 
            "links": [
                {
                    "category": "Targum", 
                    "sourceHeRef": "בראשית ל״ח:א׳", 
                    "index_title": "Genesis", 
                    "sourceRef": "Genesis 38:1"
                }
            ], 
            "text": ""
        }, 
        {
            "segmentNumber": "2", 
            "he": "וַחֲזָא תַמָּן יְהוּדָה בַּת גְּבַר תַּגָּרָא וּשְׁמֵהּ שׁוּעַ וְנָסְבַהּ וְעַל לְוָתַהּ", 
            "links": [
                {
                    "category": "Targum", 
                    "sourceHeRef": "בראשית ל״ח:ב׳", 
                    "index_title": "Genesis", 
                    "sourceRef": "Genesis 38:2"
                }
            ], 
            "text": ""
        }, 
        {
            "segmentNumber": "3", 
            "he": "וְעַדִּיאַת וִילִידַת בָּר וּקְרָא יָת שְׁמֵהּ עֵר", 
            "links": [
                {
                    "category": "Targum", 
                    "sourceHeRef": "בראשית ל״ח:ג׳", 
                    "index_title": "Genesis", 
                    "sourceRef": "Genesis 38:3"
                }
            ], 
            "text": ""
        }, 
        {
            "segmentNumber": "4", 
            "he": "וְעַדִּיאַת עוֹד וִילִידַת בָּר וּקְרַת יָת שְׁמֵהּ אוֹנָן", 
            "links": [
                {
                    "category": "Targum", 
                    "sourceHeRef": "בראשית ל״ח:ד׳", 
                    "index_title": "Genesis", 
                    "sourceRef": "Genesis 38:4"
                }
            ], 
            "text": ""
        }, 
        {
            "segmentNumber": "5", 
            "he": "וְאוֹסִיפַת עוֹד וִילִידַת בָּר וּקְרַת יָת שְׁמֵהּ שֵׁלָה וַהֲוָה בִכְזִיב כַּד יְלִידַת יָתֵהּ", 
            "links": [
                {
                    "category": "Targum", 
                    "sourceHeRef": "בראשית ל״ח:ה׳", 
                    "index_title": "Genesis", 
                    "sourceRef": "Genesis 38:5"
                }
            ], 
            "text": ""
        }, 
        {
            "segmentNumber": "6", 
            "he": "וּנְסִיב יְהוּדָה אִתְּתָא לְעֵר בּוּכְרֵהּ וּשְׁמַהּ תָּמָר", 
            "links": [
                {
                    "category": "Targum", 
                    "sourceHeRef": "בראשית ל״ח:ו׳", 
                    "index_title": "Genesis", 
                    "sourceRef": "Genesis 38:6"
                }
            ], 
            "text": ""
        }, 
        {
            "segmentNumber": "7", 
            "he": "וַהֲוָה עֵר בּוּכְרָא דִיהוּדָה בִּישׁ קֳדָם יְיָ וַאֲמִיתֵהּ יְיָ", 
            "links": [
                {
                    "category": "Targum", 
                    "sourceHeRef": "בראשית ל״ח:ז׳", 
                    "index_title": "Genesis", 
                    "sourceRef": "Genesis 38:7"
                }
            ], 
            "text": ""
        }, 
        {
            "segmentNumber": "8", 
            "he": "וַאֲמַר יְהוּדָה לְאוֹנָן עוּל לְוַת אִתַּת אָחוּךְ וְיַבֵּם יָתַהּ וַאֲקֵים זַרְעָא לְאָחוּךְ", 
            "links": [
                {
                    "category": "Targum", 
                    "sourceHeRef": "בראשית ל״ח:ח׳", 
                    "index_title": "Genesis", 
                    "sourceRef": "Genesis 38:8"
                }
            ], 
            "text": ""
        }, 
        {
            "segmentNumber": "9", 
            "he": "וִידַע אוֹנָן אֲרֵי לָא עַל שְׁמֵהּ מִתְקְרֵי זַרְעָא וַהֲוָה כַּד עָלֵיל לְוַת אִתַּת אֲחוּהִי וּמְחַבֵּל אָרְחֵהּ עַל אַרְעָא בְּדִיל דְּלָא לְקַיָּמָא זַרְעָא לַאֲחוּהִי", 
            "links": [
                {
                    "category": "Targum", 
                    "sourceHeRef": "בראשית ל״ח:ט׳", 
                    "index_title": "Genesis", 
                    "sourceRef": "Genesis 38:9"
                }
            ], 
            "text": ""
        }, 
        {
            "segmentNumber": "10", 
            "he": "וּבְאֵישׁ קֳדָם יְיָ דִּי עֲבָד וַאֲמִית אַף יָתֵהּ", 
            "links": [
                {
                    "category": "Targum", 
                    "sourceHeRef": "בראשית ל״ח:י׳", 
                    "index_title": "Genesis", 
                    "sourceRef": "Genesis 38:10"
                }
            ], 
            "text": ""
        }, 
        {
            "segmentNumber": "11", 
            "he": "וַאֲמַר יְהוּדָה לְתָמָר כַּלְּתֵהּ תִּיבִי אַרְמְלָא בֵית אָבִיךְ עַד דְיִרְבֵּי שֵׁלָה בְרִי אֲרֵי אֲמַר דִּלְמָא יְמוּת אַף הוּא כְּאָחוֹהִי וַאֲזָלַת תָּמָר וִיתִיבַת בֵּית אָבוּהָא", 
            "links": [
                {
                    "category": "Targum", 
                    "sourceHeRef": "בראשית ל״ח:י״א", 
                    "index_title": "Genesis", 
                    "sourceRef": "Genesis 38:11"
                }
            ], 
            "text": ""
        }, 
        {
            "segmentNumber": "12", 
            "he": "וּסְגִיאוּ יוֹמַיָּא וּמִיתַת בַּת שׁוּעַ אִתַּת יְהוּדָה וְאִתְנַחֵם יְהוּדָה וּסְלִיק עַל גּוֹזְזֵי עָנֵהּ הוּא וְחִירָה רַחֲמֵהּ עֲדֻלָּמָאָה לְתִמְנָת", 
            "links": [
                {
                    "category": "Targum", 
                    "sourceHeRef": "בראשית ל״ח:י״ב", 
                    "index_title": "Genesis", 
                    "sourceRef": "Genesis 38:12"
                }
            ], 
            "text": ""
        }, 
        {
            "segmentNumber": "13", 
            "he": "וְאִתְחַוָּא לְתָמָר לְמֵימָר הָא חֲמוּיִךְ סָלֵק לְתִמְנָת לְמֵיגַז עָנֵהּ", 
            "links": [
                {
                    "category": "Targum", 
                    "sourceHeRef": "בראשית ל״ח:י״ג", 
                    "index_title": "Genesis", 
                    "sourceRef": "Genesis 38:13"
                }
            ], 
            "text": ""
        }, 
        {
            "segmentNumber": "14", 
            "he": "וְאַעְדִּיאַת לְבוּשֵׁי אַרְמְלוּתַהּ מִנַּהּ וְאִתְכַּסִּיאַת בְּעֵיפָא וְאִתַּקָּנַת וִיתִיבַת בְּפָרָשׁוּת עַיְנִין דִּי עַל אֹרַח תִּמְנָת אֲרֵי חָזַת אֲרֵי רְבָא שֵׁלָה וְהִיא לָא אִתְיְהִיבַת לֵהּ לְאִנְתּוּ", 
            "links": [
                {
                    "category": "Targum", 
                    "sourceHeRef": "בראשית ל״ח:י״ד", 
                    "index_title": "Genesis", 
                    "sourceRef": "Genesis 38:14"
                }
            ], 
            "text": ""
        }, 
        {
            "segmentNumber": "15", 
            "he": "וַחֲזָאַהּ יְהוּדָה וְחַשְּׁבַהּ כְּנָפְקַת בָּרָא אֲרֵי כַסִּיאַת אַפָּאָה", 
            "links": [
                {
                    "category": "Targum", 
                    "sourceHeRef": "בראשית ל״ח:ט״ו", 
                    "index_title": "Genesis", 
                    "sourceRef": "Genesis 38:15"
                }
            ], 
            "text": ""
        }, 
        {
            "segmentNumber": "16", 
            "he": "וּסְטָא לְוָתַהּ לְאָרְחָא וַאֲמַר הָבִי כְעַן אֵיעוֹל לְוָתִיךְ אֲרֵי לָא יְדַע אֲרֵי כַלְּתֵהּ הִיא וַאֲמֶרֶת מַה תִּתֵּן לִי אֲרֵי תֵיעוֹל לְוָתִי", 
            "links": [
                {
                    "category": "Targum", 
                    "sourceHeRef": "בראשית ל״ח:ט״ז", 
                    "index_title": "Genesis", 
                    "sourceRef": "Genesis 38:16"
                }
            ], 
            "text": ""
        }, 
        {
            "segmentNumber": "17", 
            "he": "וַאֲמַר אֲנָא אֲשַׁלַּח גַּדְיָא בַר עִזֵּי מִן עָנָא וַאֲמֶרֶת אִם תִּתֵּן מַשְׁכּוֹנָא עַד דְּתִשְׁלָח", 
            "links": [
                {
                    "category": "Targum", 
                    "sourceHeRef": "בראשית ל״ח:י״ז", 
                    "index_title": "Genesis", 
                    "sourceRef": "Genesis 38:17"
                }
            ], 
            "text": ""
        }, 
        {
            "segmentNumber": "18", 
            "he": "וַאֲמַר מָה מַשְׁכּוֹנָא דִּי אֶתֵּן לָךְ וַאֲמֶרֶת עִזְקְתָךְ וְשׁוֹשִׁפָּךְ וְחוּטְרָךְ דִּי בִידָךְ וִיהַב לַהּ וְעַל לְוָתַהּ וְעַדִּיאַת לֵהּ", 
            "links": [
                {
                    "category": "Targum", 
                    "sourceHeRef": "בראשית ל״ח:י״ח", 
                    "index_title": "Genesis", 
                    "sourceRef": "Genesis 38:18"
                }
            ], 
            "text": ""
        }, 
        {
            "segmentNumber": "19", 
            "he": "וְקָמַת וַאֲזָלַת וְאַעְדִּיאַת עֵיפַהּ מִנַּהּ וּלְבִישַׁת לְבוּשֵׁי אַרְמְלוּתַהּ", 
            "links": [
                {
                    "category": "Targum", 
                    "sourceHeRef": "בראשית ל״ח:י״ט", 
                    "index_title": "Genesis", 
                    "sourceRef": "Genesis 38:19"
                }
            ], 
            "text": ""
        }, 
        {
            "segmentNumber": "20", 
            "he": "וְשַׁדַּר יְהוּדָה יָת גַּדְיָא בַר עִזֵּי בִּידָא דְרַחֲמֵהּ עֲדֻלָּמָאָה לְמִסַּב מַשְׁכּוֹנָא מִידָא דְאִתְּתָא וְלָא אַשְׁכְּחַהּ", 
            "links": [
                {
                    "category": "Targum", 
                    "sourceHeRef": "בראשית ל״ח:כ׳", 
                    "index_title": "Genesis", 
                    "sourceRef": "Genesis 38:20"
                }
            ], 
            "text": ""
        }, 
        {
            "segmentNumber": "21", 
            "he": "וּשְׁאִיל יָת אֲנָשֵׁי אַתְרַהּ לְמֵימַר אָן מְקַדִּשְׁתָּא הִיא בְעַיְנִין עַל אָרְחָא וַאֲמָרוּ לֵית הָכָא מְקַדִּשְׁתָּא", 
            "links": [
                {
                    "category": "Targum", 
                    "sourceHeRef": "בראשית ל״ח:כ״א", 
                    "index_title": "Genesis", 
                    "sourceRef": "Genesis 38:21"
                }
            ], 
            "text": ""
        }, 
        {
            "segmentNumber": "22", 
            "he": "וְתָב לְוַת יְהוּדָה וַאֲמַר לָא אַשְׁכְּחִיתַהּ וְאַף אֲנָשֵׁי אַתְרָא אֲמָרוּ לֵית הָכָא מְקַדִּשְׁתָּא", 
            "links": [
                {
                    "category": "Targum", 
                    "sourceHeRef": "בראשית ל״ח:כ״ב", 
                    "index_title": "Genesis", 
                    "sourceRef": "Genesis 38:22"
                }
            ], 
            "text": ""
        }, 
        {
            "segmentNumber": "23", 
            "he": "וַאֲמַר יְהוּדָה תִּסַּב לַהּ דִילְמָא נְהֵי לְחוֹךְ הָא שַׁדָּרִית גַּדְיָא הָדֵין וְאַתְּ לָא אַשְׁכְּחִתַּהּ", 
            "links": [
                {
                    "category": "Targum", 
                    "sourceHeRef": "בראשית ל״ח:כ״ג", 
                    "index_title": "Genesis", 
                    "sourceRef": "Genesis 38:23"
                }
            ], 
            "text": ""
        }, 
        {
            "segmentNumber": "24", 
            "he": "וַהֲוָה כִּתְלָתוּת יַרְחַיָּא וְאִתְחַוָּא לִיהוּדָה לְמֵימַר זַנִּיאַת תָּמָר כַּלְּתָךְ וְאַף הָא מַעַדְּיָא לִזְנוּתָא וַאֲמַר יְהוּדָה אַפְּקוּהַ וְתִתּוֹקָד", 
            "links": [
                {
                    "category": "Targum", 
                    "sourceHeRef": "בראשית ל״ח:כ״ד", 
                    "index_title": "Genesis", 
                    "sourceRef": "Genesis 38:24"
                }
            ], 
            "text": ""
        }, 
        {
            "segmentNumber": "25", 
            "he": "הִיא מִתַּפְּקָא וְהִיא שְׁלָחַת לַחֲמוּהָא לְמֵימַר לִגְבַר דִּי אִלֵּין דִּילֵהּ מִנֵּהּ אֲנָא מְעַדְּיָא וַאֲמֶרֶת אִשְׁתְּמוֹדַע כְּעַן לְמָן עִזְקְתָא וְשׁוֹשִׁפָּא וְחוּטְרָא הָאִלֵּין", 
            "links": [
                {
                    "category": "Targum", 
                    "sourceHeRef": "בראשית ל״ח:כ״ה", 
                    "index_title": "Genesis", 
                    "sourceRef": "Genesis 38:25"
                }
            ], 
            "text": ""
        }, 
        {
            "segmentNumber": "26", 
            "he": "וְאִשְׁתְּמוֹדַע יְהוּדָה וַאֲמַר זַכָּאָה מִנִּי מְעַדְּיָא אֲרֵי עַל כֵּן לָא יְהָבִתַּהּ לְשֵׁלָה בְרִי וְלָא אוֹסִיף עוֹד לְמִידְעַהּ", 
            "links": [
                {
                    "category": "Targum", 
                    "sourceHeRef": "בראשית ל״ח:כ״ו", 
                    "index_title": "Genesis", 
                    "sourceRef": "Genesis 38:26"
                }
            ], 
            "text": ""
        }, 
        {
            "segmentNumber": "27", 
            "he": "וַהֲוָה בְּעִדַּן דְּמֵילְדַהּ וְהָא תְיוֹמִין בִּמְעָהָא", 
            "links": [
                {
                    "category": "Targum", 
                    "sourceHeRef": "בראשית ל״ח:כ״ז", 
                    "index_title": "Genesis", 
                    "sourceRef": "Genesis 38:27"
                }
            ], 
            "text": ""
        }, 
        {
            "segmentNumber": "28", 
            "he": "וַהֲוָה בְּמֵילְדַהּ וִיהַב יְדָא וּנְסִיבַת חַיְתָא וּקְטָרַת עַל יְדֵהּ זְהוֹרִיתָא לְמֵימַר דֵּין נְפַק קַדְמָאָה", 
            "links": [
                {
                    "category": "Targum", 
                    "sourceHeRef": "בראשית ל״ח:כ״ח", 
                    "index_title": "Genesis", 
                    "sourceRef": "Genesis 38:28"
                }
            ], 
            "text": ""
        }, 
        {
            "segmentNumber": "29", 
            "he": "וַהֲוָה כַּד אֲתֵיב יְדֵהּ וְהָא נְפַק אֲחוּהִי וַאֲמֶרֶת מָה תְקוֹף סַגִּי עֲלָךְ לְמִתְקָף וּקְרָא שְׁמֵהּ פָּרֶץ", 
            "links": [
                {
                    "category": "Targum", 
                    "sourceHeRef": "בראשית ל״ח:כ״ט", 
                    "index_title": "Genesis", 
                    "sourceRef": "Genesis 38:29"
                }
            ], 
            "text": ""
        }, 
        {
            "segmentNumber": "30", 
            "he": "וּבָתַר כֵּן נְפַק אֲחוּהִי דִּי עַל יְדֵהּ זְהוֹרִיתָא וּקְרָא שְׁמֵהּ זָרַח", 
            "links": [
                {
                    "category": "Targum", 
                    "sourceHeRef": "בראשית ל״ח:ל׳", 
                    "index_title": "Genesis", 
                    "sourceRef": "Genesis 38:30"
                }
            ], 
            "text": ""
        }
    ], 
    "book": "Onkelos Genesis", 
    "prev": "Onkelos Genesis 37", 
    "textDepth": 2, 
    "sectionNames": [
        "Chapter", 
        "Verse"
    ], 
    "sections": [
        38
    ], 
    "isComplex": false, 
    "titleVariants": [
        "Targum Onkelos Genesis", 
        "Onkelos Genesis"
    ], 
    "categories": [
        "Tanakh", 
        "Targum"
    ], 
    "ref": "Onkelos Genesis 38", 
    "type": "Tanakh", 
    "addressTypes": [
        "Integer", 
        "Integer"
    ], 
    "indexTitle": "Onkelos Genesis", 
    "heIndexTitle": "תרגום אונקלוס על בראשית", 
    "alts": [], 
    "order": ""
}