{
    "heTitleVariants": [
        "רש\"י על שמות"
    ], 
    "heTitle": "רש\"י על שמות", 
    "commentaryBook": "Exodus", 
    "heRef": "רש\"י על שמות ל״ז", 
    "toSections": [
        37
    ], 
    "sectionRef": "Rashi on Exodus 37", 
    "title": "Rashi on Exodus 37", 
    "lengths": [
        40, 
        1210
    ], 
    "next": "Rashi on Exodus 38:7", 
    "content": [
        {
            "segmentNumber": "1", 
            "he": [
                "<b>ויעש בצלאל.</b> לפי שנתן נפשו על המלאכה יותר משאר חכמים, נקראת על שמו:\n\n"
            ], 
            "links": [
                {
                    "category": "Tanach", 
                    "sourceHeRef": "שמות ל״ז:א׳", 
                    "sourceRef": "Exodus 37:1", 
                    "ref": "Exodus 37:1"
                }
            ], 
            "text": ""
        }
    ], 
    "book": "Rashi on Exodus", 
    "prev": "Rashi on Exodus 36:7", 
    "textDepth": 3, 
    "sectionNames": [
        "Chapter", 
        "Verse", 
        "Comment"
    ], 
    "sections": [
        37
    ], 
    "commentator": "Rashi", 
    "isComplex": false, 
    "commentaryCategories": [
        "Tanach", 
        "Torah"
    ], 
    "titleVariants": [
        "Rashi on Ex", 
        "Rashi on Shemot", 
        "Rashi on Exod.", 
        "Rashi on Exodus", 
        "Rashi on Exod", 
        "Rashi on Shmot", 
        "Rashi on Exo", 
        "Rashi on Ex.", 
        "Rashi on Exo."
    ], 
    "categories": [
        "Commentary", 
        "Tanach", 
        "Rashi"
    ], 
    "ref": "Rashi on Exodus 37", 
    "type": "Commentary", 
    "addressTypes": [
        "Integer", 
        "Integer", 
        "Integer"
    ], 
    "heCommentator": "רש\"י", 
    "length": 40, 
    "indexTitle": "Rashi on Exodus", 
    "heIndexTitle": "רש\"י על שמות", 
    "alts": [], 
    "order": [
        2, 
        2
    ]
}