{
    "heTitleVariants": [
        "מצודת דוד על איוב"
    ], 
    "heTitle": "מצודת דוד על איוב", 
    "commentaryBook": "Job", 
    "heRef": "מצודת דוד על איוב י״ב", 
    "toSections": [
        12
    ], 
    "sectionRef": "Metzudat David on Job 12", 
    "title": "Metzudat David on Job 12", 
    "lengths": [
        42, 
        1070
    ], 
    "next": "Metzudat David on Job 13:1", 
    "content": [
        {
            "segmentNumber": "1", 
            "he": [], 
            "links": [], 
            "text": ""
        }, 
        {
            "segmentNumber": "2", 
            "he": [
                "<b>אמנם .</b> האמת כי אתם הרבים ולמולי תחשבו לעם כי נשארתי לבדי ואין מי יחזיק בידי אבל וכי בעבור כי אתם הרבים למולי תמות החכמה עמכם ר''ל וכי כל החכמה היא בכם עד שאם תמותו תמות גם היא ולא תשאר בעולם :\n"
            ], 
            "links": [
                {
                    "category": "Tanach", 
                    "sourceHeRef": "איוב י״ב:ב׳", 
                    "sourceRef": "Job 12:2", 
                    "ref": "Job 12:2"
                }
            ], 
            "text": ""
        }, 
        {
            "segmentNumber": "3", 
            "he": [
                "<b>גם לי לבב .</b> הנה לא כן היא כי גם לי יש לב מבין כמו לכם ואינני נופל במעלה להיות גרוע ופחות מכם : ", 
                "<b>ואת מי .</b> ועם מי מהאנשים אין לב מבין כמו שיש עם אלה הריעים וכי חכמה גדולה יש בכם אשר לא תמצא בשאר האנשים :\n"
            ], 
            "links": [
                {
                    "category": "Tanach", 
                    "sourceHeRef": "איוב י״ב:ג׳", 
                    "sourceRef": "Job 12:3", 
                    "ref": "Job 12:3"
                }, 
                {
                    "category": "Tanach", 
                    "sourceHeRef": "איוב י״ב:ג׳", 
                    "sourceRef": "Job 12:3", 
                    "ref": "Job 12:3"
                }
            ], 
            "text": ""
        }, 
        {
            "segmentNumber": "4", 
            "he": [
                "<b>שחוק לרעהו .</b> על כן הרבה צופר לבזותו אמר הנה אני אהיה לשחוק וללעג למחשבתו אשר בעבור גודל הצלחתו אשר ישיג כל תאותו כאלו בכל אשר יקרא לשאול מאלוה יענה וישיב לו למלאות שאלתו לזה גבה לבו עד כי ישחוק עלי אשר אני באמת צדיק תמים :\n"
            ], 
            "links": [
                {
                    "category": "Tanach", 
                    "sourceHeRef": "איוב י״ב:ד׳", 
                    "sourceRef": "Job 12:4", 
                    "ref": "Job 12:4"
                }
            ], 
            "text": ""
        }, 
        {
            "segmentNumber": "5", 
            "he": [
                "<b>לפיד בוז וגו' .</b> כי כן הדרך אשר למחשבות איש שאנן ושקט מרוב כל יחשב כלפיד הבזוי את מי אשר הוא נכון שימעדו רגליו לפול ולזה הרבה צופר לשחק בי :\n"
            ], 
            "links": [
                {
                    "category": "Tanach", 
                    "sourceHeRef": "איוב י״ב:ה׳", 
                    "sourceRef": "Job 12:5", 
                    "ref": "Job 12:5"
                }
            ], 
            "text": ""
        }, 
        {
            "segmentNumber": "6", 
            "he": [
                "<b>ישליו .</b> אבל לא מרוב חכמה ויושר לבב רבה הצלחתו כי הלא ראינו אשר אהלי השודדים המה בשלוה ומשכנות בטוחות נמצאים למרגיזי אל לאשר יעבוד הכו''ם אשר לא ימוש ממקומו ומביא אותו בידו ועכ''ז אליו ישתחוה ולו יעבוד וא''כ אף מהצלחת צופר אין ראיה על החכמה ויושר הלבב :\n"
            ], 
            "links": [
                {
                    "category": "Tanach", 
                    "sourceHeRef": "איוב י״ב:ו׳", 
                    "sourceRef": "Job 12:6", 
                    "ref": "Job 12:6"
                }
            ], 
            "text": ""
        }, 
        {
            "segmentNumber": "7", 
            "he": [
                "<b>ואולם .</b> אבל חכמת מה לך ואם בהודעת העלמת חקר אלוה לא צריכנא לך כי באמת שאל אל הבהמות וכ''א תלמדך העלם חקר אלוה רצה לומר משלימות יצירת היצורים ומהחכמה אשר בהם יתחלפו אלה מאלה מכל זה נוכל להשכיל שלא נמצא חקר אלוה וכאלו הם יורו ויגידו את זאת :\n"
            ], 
            "links": [
                {
                    "category": "Tanach", 
                    "sourceHeRef": "איוב י״ב:ז׳", 
                    "sourceRef": "Job 12:7", 
                    "ref": "Job 12:7"
                }
            ], 
            "text": ""
        }, 
        {
            "segmentNumber": "8", 
            "he": [
                "<b>ותורך .</b> ר''ל מטבעי ארבעה היסודות וכל הדברים הנמצאים בארץ המורכבים מהם מאלה תוכל להבין העלם חקר אלוה :\n"
            ], 
            "links": [
                {
                    "category": "Tanach", 
                    "sourceHeRef": "איוב י״ב:ח׳", 
                    "sourceRef": "Job 12:8", 
                    "ref": "Job 12:8"
                }
            ], 
            "text": ""
        }, 
        {
            "segmentNumber": "9", 
            "he": [
                "<b>מי לא ידע בכל אלה .</b> מי הוא הסכל אשר לא ישכיל לדעת העלמות חקר אלוה באמצעית אלה הדברים זולת מאמריך : ", 
                "<b>כי יד ה' וגו' .</b> כי הלא יד ה' עשתה כל זאת ומהם הלא יוקח ראיה על עומק חכמתו שאין חקר לה :\n"
            ], 
            "links": [
                {
                    "category": "Tanach", 
                    "sourceHeRef": "איוב י״ב:ט׳", 
                    "sourceRef": "Job 12:9", 
                    "ref": "Job 12:9"
                }, 
                {
                    "category": "Tanach", 
                    "sourceHeRef": "איוב י״ב:ט׳", 
                    "sourceRef": "Job 12:9", 
                    "ref": "Job 12:9"
                }
            ], 
            "text": ""
        }, 
        {
            "segmentNumber": "10", 
            "he": [
                "<b>אשר בידו וגו' .</b> מוסב למקרא שלפניו לומר הוא האלהים אשר בידו וגו' : ", 
                "<b>וריח וגו' .</b> זכר לעצמו רוח האדם על כי היא העולה על כלנה :\n"
            ], 
            "links": [
                {
                    "category": "Tanach", 
                    "sourceHeRef": "איוב י״ב:י׳", 
                    "sourceRef": "Job 12:10", 
                    "ref": "Job 12:10"
                }, 
                {
                    "category": "Tanach", 
                    "sourceHeRef": "איוב י״ב:י׳", 
                    "sourceRef": "Job 12:10", 
                    "ref": "Job 12:10"
                }
            ], 
            "text": ""
        }, 
        {
            "segmentNumber": "11", 
            "he": [
                "<b>הלא אזן .</b> האוזן השומעת תבחן הדברים ממי נאמרו והחיך הטועם הוא יטעם לו טעם המאכל המר הוא אם מתוק כי בו ניתן ההרגש הזה ויובן א''כ הרבה מן הדברים ע''פ החוש :\n"
            ], 
            "links": [
                {
                    "category": "Tanach", 
                    "sourceHeRef": "איוב י״ב:י״א", 
                    "sourceRef": "Job 12:11", 
                    "ref": "Job 12:11"
                }
            ], 
            "text": ""
        }, 
        {
            "segmentNumber": "12", 
            "he": [
                "<b>בישישים חכמה .</b> ובעבור זה ימצא הרבה מן החכמה בלב הישישים כי בעבור רוב הימים ראו הרבה בחוש ומהם יקחו התחלה להבין דבר מתוך דבר : ", 
                "<b>ואורך .</b> הבי''ת מן בישישים משמשת בשתים כאלו אמר ובאורך ימים תבונה והוא כפל ענין במ''ש ועל כי צופר היה צעיר ממנו לימים אמר איך תתפאר בחכמה למולי ואני ישיש וזקן ממך :\n"
            ], 
            "links": [
                {
                    "category": "Tanach", 
                    "sourceHeRef": "איוב י״ב:י״ב", 
                    "sourceRef": "Job 12:12", 
                    "ref": "Job 12:12"
                }, 
                {
                    "category": "Tanach", 
                    "sourceHeRef": "איוב י״ב:י״ב", 
                    "sourceRef": "Job 12:12", 
                    "ref": "Job 12:12"
                }
            ], 
            "text": ""
        }, 
        {
            "segmentNumber": "13", 
            "he": [
                "<b>עמו .</b> ובעבור רוב השנים ידעתי א''כ בלעדך שעם ה' תכלית החכמה והגבורה : ", 
                "<b>לו עצה .</b> הוא המשכיל לתת עצה ובידו התבונה :\n"
            ], 
            "links": [
                {
                    "category": "Tanach", 
                    "sourceHeRef": "איוב י״ב:י״ג", 
                    "sourceRef": "Job 12:13", 
                    "ref": "Job 12:13"
                }, 
                {
                    "category": "Tanach", 
                    "sourceHeRef": "איוב י״ב:י״ג", 
                    "sourceRef": "Job 12:13", 
                    "ref": "Job 12:13"
                }
            ], 
            "text": ""
        }, 
        {
            "segmentNumber": "14", 
            "he": [
                "<b>הן יהרוס .</b> כאשר יחפוץ להשגיח הלא ישדד המערכה וכשהוא מהרס דבר מה הנה לא יבנה בזולת רצונו : ", 
                "<b>יסגור .</b> כאשר יסגור המאסר על איש הנה לא יפתח בזולת חפצו :\n"
            ], 
            "links": [
                {
                    "category": "Tanach", 
                    "sourceHeRef": "איוב י״ב:י״ד", 
                    "sourceRef": "Job 12:14", 
                    "ref": "Job 12:14"
                }, 
                {
                    "category": "Tanach", 
                    "sourceHeRef": "איוב י״ב:י״ד", 
                    "sourceRef": "Job 12:14", 
                    "ref": "Job 12:14"
                }
            ], 
            "text": ""
        }, 
        {
            "segmentNumber": "15", 
            "he": [
                "<b>הן יעצור .</b> ימנע הנביעה במים ונעשה המקום יבש : ", 
                "<b>וישלחם .</b> ופעם ירבה מימיהם וישלחם לשטוף פני האדמה ומהפכים הארץ כי מאבדים הרבה :\n"
            ], 
            "links": [
                {
                    "category": "Tanach", 
                    "sourceHeRef": "איוב י״ב:ט״ו", 
                    "sourceRef": "Job 12:15", 
                    "ref": "Job 12:15"
                }, 
                {
                    "category": "Tanach", 
                    "sourceHeRef": "איוב י״ב:ט״ו", 
                    "sourceRef": "Job 12:15", 
                    "ref": "Job 12:15"
                }
            ], 
            "text": ""
        }, 
        {
            "segmentNumber": "16", 
            "he": [
                "<b>עמו עוז .</b> בידו החוזק והתשות את מי לחזק ואת מי להתיש כח זרועו : ", 
                "<b>לו שוגג .</b> יודע הוא שגגת האדם עם כי לא ידע האדם בנפשו : ", 
                "<b>ומשגה .</b> יודע הוא הדבר אשר האדם משגה בו את הזולת עם כי לא ידעו הזולת :\n"
            ], 
            "links": [
                {
                    "category": "Tanach", 
                    "sourceHeRef": "איוב י״ב:ט״ז", 
                    "sourceRef": "Job 12:16", 
                    "ref": "Job 12:16"
                }, 
                {
                    "category": "Tanach", 
                    "sourceHeRef": "איוב י״ב:ט״ז", 
                    "sourceRef": "Job 12:16", 
                    "ref": "Job 12:16"
                }, 
                {
                    "category": "Tanach", 
                    "sourceHeRef": "איוב י״ב:ט״ז", 
                    "sourceRef": "Job 12:16", 
                    "ref": "Job 12:16"
                }
            ], 
            "text": ""
        }, 
        {
            "segmentNumber": "17", 
            "he": [
                "<b>מוליך .</b> חכמי לב בעלי עצה מוליך בדרך שולל ויסכל דעת השופטים עם כי מאד חכמו :\n"
            ], 
            "links": [
                {
                    "category": "Tanach", 
                    "sourceHeRef": "איוב י״ב:י״ז", 
                    "sourceRef": "Job 12:17", 
                    "ref": "Job 12:17"
                }
            ], 
            "text": ""
        }, 
        {
            "segmentNumber": "18", 
            "he": [
                "<b>פתח .</b> מתיר קשר השרים ר''ל מסיר קשרי רצועות העול אשר שמו על העם : ", 
                "<b>ויאסור .</b> וכאשר יחפוץ יקשור האזור במתניהם ר''ל יאמץ כוחם כי האזור במתניו הוא מחוזק ומזורז :\n"
            ], 
            "links": [
                {
                    "category": "Tanach", 
                    "sourceHeRef": "איוב י״ב:י״ח", 
                    "sourceRef": "Job 12:18", 
                    "ref": "Job 12:18"
                }, 
                {
                    "category": "Tanach", 
                    "sourceHeRef": "איוב י״ב:י״ח", 
                    "sourceRef": "Job 12:18", 
                    "ref": "Job 12:18"
                }
            ], 
            "text": ""
        }, 
        {
            "segmentNumber": "19", 
            "he": [
                "<b>מוליך כהנים .</b> השרים מוליך בדרך שולל ויעוות החזקים בעלי הכח לבל ילחמו בדרך הנימוס והראוי :\n"
            ], 
            "links": [
                {
                    "category": "Tanach", 
                    "sourceHeRef": "איוב י״ב:י״ט", 
                    "sourceRef": "Job 12:19", 
                    "ref": "Job 12:19"
                }
            ], 
            "text": ""
        }, 
        {
            "segmentNumber": "20", 
            "he": [
                "<b>לנאמנים .</b> להמדברים בעלי המליצה יסיר מאמר שפתותם עד לא יכינו לדבר מה בלבבם ומהזקנים בעלי המדע יקח מיטב תוכן האמרים :\n"
            ], 
            "links": [
                {
                    "category": "Tanach", 
                    "sourceHeRef": "איוב י״ב:כ׳", 
                    "sourceRef": "Job 12:20", 
                    "ref": "Job 12:20"
                }
            ], 
            "text": ""
        }, 
        {
            "segmentNumber": "21", 
            "he": [
                "<b>שופך .</b> פעם יביא בוז הרבה על נדיבים כמים הנשפכים ומרפה חגורת החזקים ר''ל יתיש כוחם כי החגור הוא מזורז ונחלש כשנרפה החגור :\n"
            ], 
            "links": [
                {
                    "category": "Tanach", 
                    "sourceHeRef": "איוב י״ב:כ״א", 
                    "sourceRef": "Job 12:21", 
                    "ref": "Job 12:21"
                }
            ], 
            "text": ""
        }, 
        {
            "segmentNumber": "22", 
            "he": [
                "<b>מגלה .</b> ר''ל מלמד האדם דעת להשכיל דברים עמוקים קשה ההבנה : ", 
                "<b>צלמות .</b> ר''ל דברים הנעלמים ביותר מוציא לאור כי יחנן האדם דעה ויאיר עיניו להבין דבר מתוך דבר :\n"
            ], 
            "links": [
                {
                    "category": "Tanach", 
                    "sourceHeRef": "איוב י״ב:כ״ב", 
                    "sourceRef": "Job 12:22", 
                    "ref": "Job 12:22"
                }, 
                {
                    "category": "Tanach", 
                    "sourceHeRef": "איוב י״ב:כ״ב", 
                    "sourceRef": "Job 12:22", 
                    "ref": "Job 12:22"
                }
            ], 
            "text": ""
        }, 
        {
            "segmentNumber": "23", 
            "he": [
                "<b>משגיא .</b> הוא מגדיל את האנשים בממשלה רב והוא מאבדם : ", 
                "<b>שוטח .</b> הוא יפרשם ע''פ האדמה במרחב רב והוא ינהיגם מארצם ללכת גולה :\n"
            ], 
            "links": [
                {
                    "category": "Tanach", 
                    "sourceHeRef": "איוב י״ב:כ״ג", 
                    "sourceRef": "Job 12:23", 
                    "ref": "Job 12:23"
                }, 
                {
                    "category": "Tanach", 
                    "sourceHeRef": "איוב י״ב:כ״ג", 
                    "sourceRef": "Job 12:23", 
                    "ref": "Job 12:23"
                }
            ], 
            "text": ""
        }, 
        {
            "segmentNumber": "24", 
            "he": [
                "<b>מסיר .</b> פעם מסיר חכמת לב ראשי העם המנהיגים אותם והמה יתעו את העם ללכת בעצת תוהו לא בדרך ישר ועצה נכונה :\n"
            ], 
            "links": [
                {
                    "category": "Tanach", 
                    "sourceHeRef": "איוב י״ב:כ״ד", 
                    "sourceRef": "Job 12:24", 
                    "ref": "Job 12:24"
                }
            ], 
            "text": ""
        }, 
        {
            "segmentNumber": "25", 
            "he": [
                "<b>ימששו .</b> והמה ממששים בידיהם במקום החשך אשר ילכו בה ולא ילכו במקום אורה ר''ל שוגים ללכת בעצת תוהו ולא יפנו אל מול העצה הנכונה : ", 
                "<b>ויתעם .</b> ה' מתעה אותם להיות מבולבלים בדעתם כמו השכור :\n\n"
            ], 
            "links": [
                {
                    "category": "Tanach", 
                    "sourceHeRef": "איוב י״ב:כ״ה", 
                    "sourceRef": "Job 12:25", 
                    "ref": "Job 12:25"
                }, 
                {
                    "category": "Tanach", 
                    "sourceHeRef": "איוב י״ב:כ״ה", 
                    "sourceRef": "Job 12:25", 
                    "ref": "Job 12:25"
                }
            ], 
            "text": ""
        }
    ], 
    "book": "Metzudat David on Job", 
    "prev": "Metzudat David on Job 11:20", 
    "textDepth": 3, 
    "sectionNames": [
        "Chapter", 
        "Verse", 
        "Comment"
    ], 
    "sections": [
        12
    ], 
    "commentator": "Metzudat David", 
    "isComplex": false, 
    "commentaryCategories": [
        "Tanach", 
        "Writings"
    ], 
    "titleVariants": [
        "Metzudat David on Iyov", 
        "Metzudat David on Job"
    ], 
    "categories": [
        "Commentary", 
        "Tanach", 
        "Metzudat David"
    ], 
    "ref": "Metzudat David on Job 12", 
    "type": "Commentary", 
    "addressTypes": [
        "Integer", 
        "Integer", 
        "Integer"
    ], 
    "heCommentator": "מצודת דוד", 
    "length": 42, 
    "indexTitle": "Metzudat David on Job", 
    "heIndexTitle": "מצודת דוד על איוב", 
    "alts": [], 
    "order": [
        29, 
        3
    ]
}