{
    "heTitleVariants": [
        "מלבי\"ם באור המילות על תהלים", 
        "מלבי\"ם באור המילות על תהילים"
    ], 
    "heTitle": "מלבי\"ם באור המילות על תהילים", 
    "commentaryBook": "Psalms", 
    "heRef": "מלבי\"ם באור המילות על תהילים ס״ב", 
    "toSections": [
        62
    ], 
    "sectionRef": "Malbim Beur Hamilot on Psalms 62", 
    "title": "Malbim Beur Hamilot on Psalms 62", 
    "lengths": [
        150, 
        2529
    ], 
    "next": "Malbim Beur Hamilot on Psalms 63:2", 
    "content": [
        {
            "segmentNumber": "1", 
            "he": [], 
            "links": [], 
            "text": ""
        }, 
        {
            "segmentNumber": "2", 
            "he": [
                "<b>דומיה. </b> תואר, ענין שתיקה :\n"
            ], 
            "links": [
                {
                    "category": "Tanakh", 
                    "sourceHeRef": "תהילים ס״ב:ב׳", 
                    "index_title": "Psalms", 
                    "sourceRef": "Psalms 62:2"
                }
            ], 
            "text": ""
        }, 
        {
            "segmentNumber": "3", 
            "he": [
                "<b>רבה. </b> משגבי וישועתי רבה מאד, וכבר התבאר אצלי ששמות המופשטים יבואו לפעמים בלשון זכר ופעמים בלשון נקבה :\n"
            ], 
            "links": [
                {
                    "category": "Tanakh", 
                    "sourceHeRef": "תהילים ס״ב:ג׳", 
                    "index_title": "Psalms", 
                    "sourceRef": "Psalms 62:3"
                }
            ], 
            "text": ""
        }, 
        {
            "segmentNumber": "4", 
            "he": [
                "<b>תהותתו. </b> שרשו הות, בשקל תכוננו ", 
                "<b>על איש. </b> על ידי איש, ומלת על נמשך לשתים, קיר נטוי (על) גדר הדחויה :\n"
            ], 
            "links": [
                {
                    "category": "Tanakh", 
                    "sourceHeRef": "תהילים ס״ב:ד׳", 
                    "index_title": "Psalms", 
                    "sourceRef": "Psalms 62:4"
                }, 
                {
                    "category": "Tanakh", 
                    "sourceHeRef": "תהילים ס״ב:ד׳", 
                    "index_title": "Psalms", 
                    "sourceRef": "Psalms 62:4"
                }
            ], 
            "text": ""
        }, 
        {
            "segmentNumber": "5", 
            "he": [
                "<b>משאתו. </b> מוסב על שם איש הנזכר, מפחדו של שאול ", 
                "<b>להדיח. </b> שרשו נדח ומשתתף עם דחה, לדחות את הגדר :\n"
            ], 
            "links": [
                {
                    "category": "Tanakh", 
                    "sourceHeRef": "תהילים ס״ב:ה׳", 
                    "index_title": "Psalms", 
                    "sourceRef": "Psalms 62:5"
                }, 
                {
                    "category": "Tanakh", 
                    "sourceHeRef": "תהילים ס״ב:ה׳", 
                    "index_title": "Psalms", 
                    "sourceRef": "Psalms 62:5"
                }
            ], 
            "text": ""
        }, 
        {
            "segmentNumber": "6", 
            "he": [], 
            "links": [], 
            "text": ""
        }, 
        {
            "segmentNumber": "7", 
            "he": [], 
            "links": [], 
            "text": ""
        }, 
        {
            "segmentNumber": "8", 
            "he": [], 
            "links": [], 
            "text": ""
        }, 
        {
            "segmentNumber": "9", 
            "he": [], 
            "links": [], 
            "text": ""
        }, 
        {
            "segmentNumber": "10", 
            "he": [
                "<b>הבל בני אדם, כזב בני איש. </b> כזב הוא דבר הבלתי מתקיים, ובני איש הם הגדולים (כנ''ל מ''ט), והם גם אם אין הבטחתם הבל בשעתו הוא כוזב אח''כ :\n"
            ], 
            "links": [
                {
                    "category": "Tanakh", 
                    "sourceHeRef": "תהילים ס״ב:י׳", 
                    "index_title": "Psalms", 
                    "sourceRef": "Psalms 62:10"
                }
            ], 
            "text": ""
        }, 
        {
            "segmentNumber": "11", 
            "he": [
                "<b>כי ינוב. </b> מוסב על הגזל, אם הגזל ינוב תנובה ויעש חיל :\n"
            ], 
            "links": [
                {
                    "category": "Tanakh", 
                    "sourceHeRef": "תהילים ס״ב:י״א", 
                    "index_title": "Psalms", 
                    "sourceRef": "Psalms 62:11"
                }
            ], 
            "text": ""
        }, 
        {
            "segmentNumber": "12", 
            "he": [
                "(יב-יג) ", 
                "<b>ולך ה'. </b> אלהים מדת הדין לרשעים בעז, ולצדיקים ה' מדת הרחמים בחסד :\n\n"
            ], 
            "links": [
                {
                    "category": "Tanakh", 
                    "sourceHeRef": "תהילים ס״ב:י״ב", 
                    "index_title": "Psalms", 
                    "sourceRef": "Psalms 62:12"
                }, 
                {
                    "category": "Tanakh", 
                    "sourceHeRef": "תהילים ס״ב:י״ב", 
                    "index_title": "Psalms", 
                    "sourceRef": "Psalms 62:12"
                }
            ], 
            "text": ""
        }
    ], 
    "book": "Malbim Beur Hamilot on Psalms", 
    "prev": "Malbim Beur Hamilot on Psalms 61:8", 
    "textDepth": 3, 
    "sectionNames": [
        "Chapter", 
        "Verse", 
        "Comment"
    ], 
    "sections": [
        62
    ], 
    "commentator": "Malbim Beur Hamilot", 
    "isComplex": false, 
    "commentaryCategories": [
        "Tanakh", 
        "Writings"
    ], 
    "titleVariants": [
        "Malbim Beur Hamilot on Tehilim", 
        "Malbim Lexical Commentary on Psa", 
        "Malbim Lexical Commentary on Psalm", 
        "Malbim Lexical Commentary on Ps", 
        "Malbim Lexical Commentary on Tehilim", 
        "Malbim Lexical Commentary on Psalms", 
        "Malbim Beur Hamilot on Tehillim", 
        "Malbim Beur Hamilot on Psalms", 
        "Malbim Beur Hamilot on Psa", 
        "Malbim Lexical Commentary on Tehillim", 
        "Malbim Beur Hamilot on Psa.", 
        "Malbim Beur Hamilot on Psalm", 
        "Malbim Beur Hamilot on Ps", 
        "Malbim Lexical Commentary on Ps.", 
        "Malbim Beur Hamilot on Ps.", 
        "Malbim Lexical Commentary on Psa."
    ], 
    "categories": [
        "Commentary", 
        "Tanakh", 
        "Malbim Beur Hamilot"
    ], 
    "ref": "Malbim Beur Hamilot on Psalms 62", 
    "type": "Commentary", 
    "addressTypes": [
        "Integer", 
        "Integer", 
        "Integer"
    ], 
    "heCommentator": "מלבי\"ם באור המילות", 
    "length": 150, 
    "indexTitle": "Malbim Beur Hamilot on Psalms", 
    "heIndexTitle": "מלבי\"ם באור המילות על תהילים", 
    "alts": [], 
    "order": [
        27, 
        1
    ]
}