{
    "sections": {
        "Tosafot on Sanhedrin 59a:10": {
            "content": [], 
            "heTitle": "תוספות על סנהדרין נ״ט א:י׳", 
            "indexTitle": "Tosafot on Sanhedrin", 
            "sectionRef": "Tosafot on Sanhedrin 59a:10", 
            "prev": "Tosafot on Sanhedrin 59a:8", 
            "ref": "Tosafot on Sanhedrin 59a:10", 
            "heRef": "תוספות על סנהדרין נ״ט א:י׳", 
            "next": "Tosafot on Sanhedrin 59a:13"
        }, 
        "Tosafot on Sanhedrin 59a:11": {
            "content": [], 
            "heTitle": "תוספות על סנהדרין נ״ט א:י״א", 
            "indexTitle": "Tosafot on Sanhedrin", 
            "sectionRef": "Tosafot on Sanhedrin 59a:11", 
            "prev": "Tosafot on Sanhedrin 59a:8", 
            "ref": "Tosafot on Sanhedrin 59a:11", 
            "heRef": "תוספות על סנהדרין נ״ט א:י״א", 
            "next": "Tosafot on Sanhedrin 59a:13"
        }, 
        "Tosafot on Sanhedrin 59a:12": {
            "content": [], 
            "heTitle": "תוספות על סנהדרין נ״ט א:י״ב", 
            "indexTitle": "Tosafot on Sanhedrin", 
            "sectionRef": "Tosafot on Sanhedrin 59a:12", 
            "prev": "Tosafot on Sanhedrin 59a:8", 
            "ref": "Tosafot on Sanhedrin 59a:12", 
            "heRef": "תוספות על סנהדרין נ״ט א:י״ב", 
            "next": "Tosafot on Sanhedrin 59a:13"
        }, 
        "Tosafot on Sanhedrin 59a:13": {
            "content": [
                {
                    "segmentNumber": "1", 
                    "links": [
                        {
                            "category": "Talmud", 
                            "index_title": "Sanhedrin", 
                            "sourceHeRef": "סנהדרין נ״ט א:י״ג", 
                            "sourceRef": "Sanhedrin 59a:13"
                        }
                    ], 
                    "he": "אף דם מן החי - ולרבנן אבר מן החי וקשה דתנא דלעיל (דף נו:) (דדריש) דנ\"ל אבר מן החי מאכל תאכל ולא מוקי האי קרא אלא למישרי שרצים כדנפקא לקמן מי שדמו חלוק מבשרו:"
                }
            ], 
            "heTitle": "תוספות על סנהדרין נ״ט א:י״ג", 
            "indexTitle": "Tosafot on Sanhedrin", 
            "sectionRef": "Tosafot on Sanhedrin 59a:13", 
            "prev": "Tosafot on Sanhedrin 59a:8", 
            "ref": "Tosafot on Sanhedrin 59a:13", 
            "heRef": "תוספות על סנהדרין נ״ט א:י״ג", 
            "next": "Tosafot on Sanhedrin 59a:22"
        }, 
        "Tosafot on Sanhedrin 59a:14": {
            "content": [], 
            "heTitle": "תוספות על סנהדרין נ״ט א:י״ד", 
            "indexTitle": "Tosafot on Sanhedrin", 
            "sectionRef": "Tosafot on Sanhedrin 59a:14", 
            "prev": "Tosafot on Sanhedrin 59a:13", 
            "ref": "Tosafot on Sanhedrin 59a:14", 
            "heRef": "תוספות על סנהדרין נ״ט א:י״ד", 
            "next": "Tosafot on Sanhedrin 59a:22"
        }, 
        "Tosafot on Sanhedrin 59a:15": {
            "content": [], 
            "heTitle": "תוספות על סנהדרין נ״ט א:ט״ו", 
            "indexTitle": "Tosafot on Sanhedrin", 
            "sectionRef": "Tosafot on Sanhedrin 59a:15", 
            "prev": "Tosafot on Sanhedrin 59a:13", 
            "ref": "Tosafot on Sanhedrin 59a:15", 
            "heRef": "תוספות על סנהדרין נ״ט א:ט״ו", 
            "next": "Tosafot on Sanhedrin 59a:22"
        }, 
        "Tosafot on Sanhedrin 59a:16": {
            "content": [], 
            "heTitle": "תוספות על סנהדרין נ״ט א:ט״ז", 
            "indexTitle": "Tosafot on Sanhedrin", 
            "sectionRef": "Tosafot on Sanhedrin 59a:16", 
            "prev": "Tosafot on Sanhedrin 59a:13", 
            "ref": "Tosafot on Sanhedrin 59a:16", 
            "heRef": "תוספות על סנהדרין נ״ט א:ט״ז", 
            "next": "Tosafot on Sanhedrin 59a:22"
        }, 
        "Tosafot on Sanhedrin 59a:17": {
            "content": [], 
            "heTitle": "תוספות על סנהדרין נ״ט א:י״ז", 
            "indexTitle": "Tosafot on Sanhedrin", 
            "sectionRef": "Tosafot on Sanhedrin 59a:17", 
            "prev": "Tosafot on Sanhedrin 59a:13", 
            "ref": "Tosafot on Sanhedrin 59a:17", 
            "heRef": "תוספות על סנהדרין נ״ט א:י״ז", 
            "next": "Tosafot on Sanhedrin 59a:22"
        }, 
        "Tosafot on Sanhedrin 59a:18": {
            "content": [], 
            "heTitle": "תוספות על סנהדרין נ״ט א:י״ח", 
            "indexTitle": "Tosafot on Sanhedrin", 
            "sectionRef": "Tosafot on Sanhedrin 59a:18", 
            "prev": "Tosafot on Sanhedrin 59a:13", 
            "ref": "Tosafot on Sanhedrin 59a:18", 
            "heRef": "תוספות על סנהדרין נ״ט א:י״ח", 
            "next": "Tosafot on Sanhedrin 59a:22"
        }, 
        "Tosafot on Sanhedrin 59a:19": {
            "content": [], 
            "heTitle": "תוספות על סנהדרין נ״ט א:י״ט", 
            "indexTitle": "Tosafot on Sanhedrin", 
            "sectionRef": "Tosafot on Sanhedrin 59a:19", 
            "prev": "Tosafot on Sanhedrin 59a:13", 
            "ref": "Tosafot on Sanhedrin 59a:19", 
            "heRef": "תוספות על סנהדרין נ״ט א:י״ט", 
            "next": "Tosafot on Sanhedrin 59a:22"
        }, 
        "Tosafot on Sanhedrin 59a:42": {
            "content": [], 
            "heTitle": "תוספות על סנהדרין נ״ט א:מ״ב", 
            "indexTitle": "Tosafot on Sanhedrin", 
            "sectionRef": "Tosafot on Sanhedrin 59a:42", 
            "prev": "Tosafot on Sanhedrin 59a:36", 
            "ref": "Tosafot on Sanhedrin 59a:42", 
            "heRef": "תוספות על סנהדרין נ״ט א:מ״ב", 
            "next": "Tosafot on Sanhedrin 59b:4"
        }, 
        "Tosafot on Sanhedrin 59a:41": {
            "content": [], 
            "heTitle": "תוספות על סנהדרין נ״ט א:מ״א", 
            "indexTitle": "Tosafot on Sanhedrin", 
            "sectionRef": "Tosafot on Sanhedrin 59a:41", 
            "prev": "Tosafot on Sanhedrin 59a:36", 
            "ref": "Tosafot on Sanhedrin 59a:41", 
            "heRef": "תוספות על סנהדרין נ״ט א:מ״א", 
            "next": "Tosafot on Sanhedrin 59b:4"
        }, 
        "Tosafot on Sanhedrin 59a:40": {
            "content": [], 
            "heTitle": "תוספות על סנהדרין נ״ט א:מ׳", 
            "indexTitle": "Tosafot on Sanhedrin", 
            "sectionRef": "Tosafot on Sanhedrin 59a:40", 
            "prev": "Tosafot on Sanhedrin 59a:36", 
            "ref": "Tosafot on Sanhedrin 59a:40", 
            "heRef": "תוספות על סנהדרין נ״ט א:מ׳", 
            "next": "Tosafot on Sanhedrin 59b:4"
        }, 
        "Tosafot on Sanhedrin 59a:2": {
            "content": [], 
            "heTitle": "תוספות על סנהדרין נ״ט א:ב׳", 
            "indexTitle": "Tosafot on Sanhedrin", 
            "sectionRef": "Tosafot on Sanhedrin 59a:2", 
            "prev": "Tosafot on Sanhedrin 58a:2", 
            "ref": "Tosafot on Sanhedrin 59a:2", 
            "heRef": "תוספות על סנהדרין נ״ט א:ב׳", 
            "next": "Tosafot on Sanhedrin 59a:8"
        }, 
        "Tosafot on Sanhedrin 59a:3": {
            "content": [], 
            "heTitle": "תוספות על סנהדרין נ״ט א:ג׳", 
            "indexTitle": "Tosafot on Sanhedrin", 
            "sectionRef": "Tosafot on Sanhedrin 59a:3", 
            "prev": "Tosafot on Sanhedrin 58a:2", 
            "ref": "Tosafot on Sanhedrin 59a:3", 
            "heRef": "תוספות על סנהדרין נ״ט א:ג׳", 
            "next": "Tosafot on Sanhedrin 59a:8"
        }, 
        "Tosafot on Sanhedrin 59a:1": {
            "content": [], 
            "heTitle": "תוספות על סנהדרין נ״ט א:א׳", 
            "indexTitle": "Tosafot on Sanhedrin", 
            "sectionRef": "Tosafot on Sanhedrin 59a:1", 
            "prev": "Tosafot on Sanhedrin 58a:2", 
            "ref": "Tosafot on Sanhedrin 59a:1", 
            "heRef": "תוספות על סנהדרין נ״ט א:א׳", 
            "next": "Tosafot on Sanhedrin 59a:8"
        }, 
        "Tosafot on Sanhedrin 59a:6": {
            "content": [], 
            "heTitle": "תוספות על סנהדרין נ״ט א:ו׳", 
            "indexTitle": "Tosafot on Sanhedrin", 
            "sectionRef": "Tosafot on Sanhedrin 59a:6", 
            "prev": "Tosafot on Sanhedrin 58a:2", 
            "ref": "Tosafot on Sanhedrin 59a:6", 
            "heRef": "תוספות על סנהדרין נ״ט א:ו׳", 
            "next": "Tosafot on Sanhedrin 59a:8"
        }, 
        "Tosafot on Sanhedrin 59a:7": {
            "content": [], 
            "heTitle": "תוספות על סנהדרין נ״ט א:ז׳", 
            "indexTitle": "Tosafot on Sanhedrin", 
            "sectionRef": "Tosafot on Sanhedrin 59a:7", 
            "prev": "Tosafot on Sanhedrin 58a:2", 
            "ref": "Tosafot on Sanhedrin 59a:7", 
            "heRef": "תוספות על סנהדרין נ״ט א:ז׳", 
            "next": "Tosafot on Sanhedrin 59a:8"
        }, 
        "Tosafot on Sanhedrin 59a:4": {
            "content": [], 
            "heTitle": "תוספות על סנהדרין נ״ט א:ד׳", 
            "indexTitle": "Tosafot on Sanhedrin", 
            "sectionRef": "Tosafot on Sanhedrin 59a:4", 
            "prev": "Tosafot on Sanhedrin 58a:2", 
            "ref": "Tosafot on Sanhedrin 59a:4", 
            "heRef": "תוספות על סנהדרין נ״ט א:ד׳", 
            "next": "Tosafot on Sanhedrin 59a:8"
        }, 
        "Tosafot on Sanhedrin 59a:5": {
            "content": [], 
            "heTitle": "תוספות על סנהדרין נ״ט א:ה׳", 
            "indexTitle": "Tosafot on Sanhedrin", 
            "sectionRef": "Tosafot on Sanhedrin 59a:5", 
            "prev": "Tosafot on Sanhedrin 58a:2", 
            "ref": "Tosafot on Sanhedrin 59a:5", 
            "heRef": "תוספות על סנהדרין נ״ט א:ה׳", 
            "next": "Tosafot on Sanhedrin 59a:8"
        }, 
        "Tosafot on Sanhedrin 59a:8": {
            "content": [
                {
                    "segmentNumber": "1", 
                    "links": [
                        {
                            "category": "Talmud", 
                            "index_title": "Sanhedrin", 
                            "sourceHeRef": "סנהדרין נ״ט א:ח׳", 
                            "sourceRef": "Sanhedrin 59a:8"
                        }, 
                        {
                            "category": "Talmud", 
                            "index_title": "Yevamot", 
                            "sourceHeRef": "יבמות ס״א א", 
                            "sourceRef": "Yevamot 61a"
                        }, 
                        {
                            "category": "Tanakh", 
                            "index_title": "Exodus", 
                            "sourceHeRef": "שמות ט׳", 
                            "sourceRef": "Exodus 9"
                        }, 
                        {
                            "category": "Tanakh", 
                            "index_title": "Exodus", 
                            "sourceHeRef": "שמות י״ד", 
                            "sourceRef": "Exodus 14"
                        }, 
                        {
                            "category": "Tanakh", 
                            "index_title": "Numbers", 
                            "sourceHeRef": "במדבר י״ח", 
                            "sourceRef": "Numbers 18"
                        }, 
                        {
                            "category": "Tanakh", 
                            "index_title": "Leviticus", 
                            "sourceHeRef": "ויקרא כ״א", 
                            "sourceRef": "Leviticus 21"
                        }
                    ], 
                    "he": "אלא האדם - פרש\"י ולית ליה לר\"מ אתם קרוין אדם וקשה דבפ\"ק דכריתות (דף ו:) פטר סך משמן המשחה לעובד כוכבים ומשמע דהוי טעמא משום דכתי' על בשר אדם לא יסך אתם קרוין אדם מיהו מצינו למימר דטעמא משום דכל שישנו בסך ישנו בבל יסך וכל שאינו בסך אינו בבל יסך וי\"ס דגרסי הכא רבי ירמיה ור\"ת מפרש דיש חילוק בין אדם להאדם (כי אדם רצונו ע\"ד היתרון לאדם המעולה ומעוטר בתורת ה') תדע דלא מייתי בפרק הבא על יבמתו (יבמות דף סא. ושם) מדכתיב במצרים כל האדם והבהמה (שמות ט) והא דקאמר הכא כהנים לוים וישראלי' לא נאמר ה\"ק לא נאמ' אדם דלישתמע כהנים לוים וישראלים וה\"ר משולם פי' דוקא גבי פורענות קורא אותם אדם דאין ראוי לכתוב שם ישראל אבל גבי האדם וחי בהם ה\"ל למכתב כהנים לוים וישראלים כמו שרגיל בכל מקום כדכתיב (ויקרא כא) אמור אל הכהנים (במדבר יח) ואל הלוים תדבר (שמות יד) דבר אל בני ישראל והכי איתא במדרש ויכולו מה אקוב לא קבה אל שלא הזכיר שמו על פורענות אדם כי יהיה בעור בשרו נגע צרעת כי תהיה באדם ולא בישראל אלה יעמדו לברך את העם וגבי פורענות אלה יעמדו על הקללה והא דפריך התם מהנך קראי אף ע\"ג דעובדי כוכבים נמי קרויים אדם מ\"מ פריך שפיר כיון שמכנה גבי פורענות את ישראל באדם היכא דלא איירי אלא בעובדי כוכבים לא היה לו לקרותן אדם:"
                }
            ], 
            "heTitle": "תוספות על סנהדרין נ״ט א:ח׳", 
            "indexTitle": "Tosafot on Sanhedrin", 
            "sectionRef": "Tosafot on Sanhedrin 59a:8", 
            "prev": "Tosafot on Sanhedrin 58a:2", 
            "ref": "Tosafot on Sanhedrin 59a:8", 
            "heRef": "תוספות על סנהדרין נ״ט א:ח׳", 
            "next": "Tosafot on Sanhedrin 59a:13"
        }, 
        "Tosafot on Sanhedrin 59a:9": {
            "content": [], 
            "heTitle": "תוספות על סנהדרין נ״ט א:ט׳", 
            "indexTitle": "Tosafot on Sanhedrin", 
            "sectionRef": "Tosafot on Sanhedrin 59a:9", 
            "prev": "Tosafot on Sanhedrin 59a:8", 
            "ref": "Tosafot on Sanhedrin 59a:9", 
            "heRef": "תוספות על סנהדרין נ״ט א:ט׳", 
            "next": "Tosafot on Sanhedrin 59a:13"
        }, 
        "Tosafot on Sanhedrin 59a:25": {
            "content": [], 
            "heTitle": "תוספות על סנהדרין נ״ט א:כ״ה", 
            "indexTitle": "Tosafot on Sanhedrin", 
            "sectionRef": "Tosafot on Sanhedrin 59a:25", 
            "prev": "Tosafot on Sanhedrin 59a:22", 
            "ref": "Tosafot on Sanhedrin 59a:25", 
            "heRef": "תוספות על סנהדרין נ״ט א:כ״ה", 
            "next": "Tosafot on Sanhedrin 59a:27"
        }, 
        "Tosafot on Sanhedrin 59a:24": {
            "content": [], 
            "heTitle": "תוספות על סנהדרין נ״ט א:כ״ד", 
            "indexTitle": "Tosafot on Sanhedrin", 
            "sectionRef": "Tosafot on Sanhedrin 59a:24", 
            "prev": "Tosafot on Sanhedrin 59a:22", 
            "ref": "Tosafot on Sanhedrin 59a:24", 
            "heRef": "תוספות על סנהדרין נ״ט א:כ״ד", 
            "next": "Tosafot on Sanhedrin 59a:27"
        }, 
        "Tosafot on Sanhedrin 59a:27": {
            "content": [
                {
                    "segmentNumber": "1", 
                    "links": [
                        {
                            "category": "Talmud", 
                            "index_title": "Sanhedrin", 
                            "sourceHeRef": "סנהדרין נ״ט א:כ״ז", 
                            "sourceRef": "Sanhedrin 59a:27"
                        }
                    ], 
                    "he": "נאמר לבני נח - עובד כוכבים ששבת לא שייך כאן דישראל הוזהרו לשבות:"
                }
            ], 
            "heTitle": "תוספות על סנהדרין נ״ט א:כ״ז", 
            "indexTitle": "Tosafot on Sanhedrin", 
            "sectionRef": "Tosafot on Sanhedrin 59a:27", 
            "prev": "Tosafot on Sanhedrin 59a:22", 
            "ref": "Tosafot on Sanhedrin 59a:27", 
            "heRef": "תוספות על סנהדרין נ״ט א:כ״ז", 
            "next": "Tosafot on Sanhedrin 59a:36"
        }, 
        "Tosafot on Sanhedrin 59a:26": {
            "content": [], 
            "heTitle": "תוספות על סנהדרין נ״ט א:כ״ו", 
            "indexTitle": "Tosafot on Sanhedrin", 
            "sectionRef": "Tosafot on Sanhedrin 59a:26", 
            "prev": "Tosafot on Sanhedrin 59a:22", 
            "ref": "Tosafot on Sanhedrin 59a:26", 
            "heRef": "תוספות על סנהדרין נ״ט א:כ״ו", 
            "next": "Tosafot on Sanhedrin 59a:27"
        }, 
        "Tosafot on Sanhedrin 59a:21": {
            "content": [], 
            "heTitle": "תוספות על סנהדרין נ״ט א:כ״א", 
            "indexTitle": "Tosafot on Sanhedrin", 
            "sectionRef": "Tosafot on Sanhedrin 59a:21", 
            "prev": "Tosafot on Sanhedrin 59a:13", 
            "ref": "Tosafot on Sanhedrin 59a:21", 
            "heRef": "תוספות על סנהדרין נ״ט א:כ״א", 
            "next": "Tosafot on Sanhedrin 59a:22"
        }, 
        "Tosafot on Sanhedrin 59a:20": {
            "content": [], 
            "heTitle": "תוספות על סנהדרין נ״ט א:כ׳", 
            "indexTitle": "Tosafot on Sanhedrin", 
            "sectionRef": "Tosafot on Sanhedrin 59a:20", 
            "prev": "Tosafot on Sanhedrin 59a:13", 
            "ref": "Tosafot on Sanhedrin 59a:20", 
            "heRef": "תוספות על סנהדרין נ״ט א:כ׳", 
            "next": "Tosafot on Sanhedrin 59a:22"
        }, 
        "Tosafot on Sanhedrin 59a:23": {
            "content": [], 
            "heTitle": "תוספות על סנהדרין נ״ט א:כ״ג", 
            "indexTitle": "Tosafot on Sanhedrin", 
            "sectionRef": "Tosafot on Sanhedrin 59a:23", 
            "prev": "Tosafot on Sanhedrin 59a:22", 
            "ref": "Tosafot on Sanhedrin 59a:23", 
            "heRef": "תוספות על סנהדרין נ״ט א:כ״ג", 
            "next": "Tosafot on Sanhedrin 59a:27"
        }, 
        "Tosafot on Sanhedrin 59a:22": {
            "content": [
                {
                    "segmentNumber": "1", 
                    "links": [
                        {
                            "category": "Talmud", 
                            "index_title": "Sanhedrin", 
                            "sourceHeRef": "סנהדרין נ״ט א:כ״ב", 
                            "sourceRef": "Sanhedrin 59a:22"
                        }
                    ], 
                    "he": "ורבנן ההוא לדם הקזה - בפרק גיד הנשה (חולין קא.) מוקי לה דאבר מן החי נוהג בין בטמאים בין בטהורי' והכא דמוקים לה לדם הקזה כמ\"ד התם (דף ק:) אינו נוהג אלא בטהורין:"
                }
            ], 
            "heTitle": "תוספות על סנהדרין נ״ט א:כ״ב", 
            "indexTitle": "Tosafot on Sanhedrin", 
            "sectionRef": "Tosafot on Sanhedrin 59a:22", 
            "prev": "Tosafot on Sanhedrin 59a:13", 
            "ref": "Tosafot on Sanhedrin 59a:22", 
            "heRef": "תוספות על סנהדרין נ״ט א:כ״ב", 
            "next": "Tosafot on Sanhedrin 59a:27"
        }, 
        "Tosafot on Sanhedrin 59a:29": {
            "content": [], 
            "heTitle": "תוספות על סנהדרין נ״ט א:כ״ט", 
            "indexTitle": "Tosafot on Sanhedrin", 
            "sectionRef": "Tosafot on Sanhedrin 59a:29", 
            "prev": "Tosafot on Sanhedrin 59a:27", 
            "ref": "Tosafot on Sanhedrin 59a:29", 
            "heRef": "תוספות על סנהדרין נ״ט א:כ״ט", 
            "next": "Tosafot on Sanhedrin 59a:36"
        }, 
        "Tosafot on Sanhedrin 59a:28": {
            "content": [], 
            "heTitle": "תוספות על סנהדרין נ״ט א:כ״ח", 
            "indexTitle": "Tosafot on Sanhedrin", 
            "sectionRef": "Tosafot on Sanhedrin 59a:28", 
            "prev": "Tosafot on Sanhedrin 59a:27", 
            "ref": "Tosafot on Sanhedrin 59a:28", 
            "heRef": "תוספות על סנהדרין נ״ט א:כ״ח", 
            "next": "Tosafot on Sanhedrin 59a:36"
        }, 
        "Tosafot on Sanhedrin 59a:38": {
            "content": [], 
            "heTitle": "תוספות על סנהדרין נ״ט א:ל״ח", 
            "indexTitle": "Tosafot on Sanhedrin", 
            "sectionRef": "Tosafot on Sanhedrin 59a:38", 
            "prev": "Tosafot on Sanhedrin 59a:36", 
            "ref": "Tosafot on Sanhedrin 59a:38", 
            "heRef": "תוספות על סנהדרין נ״ט א:ל״ח", 
            "next": "Tosafot on Sanhedrin 59b:4"
        }, 
        "Tosafot on Sanhedrin 59a:39": {
            "content": [], 
            "heTitle": "תוספות על סנהדרין נ״ט א:ל״ט", 
            "indexTitle": "Tosafot on Sanhedrin", 
            "sectionRef": "Tosafot on Sanhedrin 59a:39", 
            "prev": "Tosafot on Sanhedrin 59a:36", 
            "ref": "Tosafot on Sanhedrin 59a:39", 
            "heRef": "תוספות על סנהדרין נ״ט א:ל״ט", 
            "next": "Tosafot on Sanhedrin 59b:4"
        }, 
        "Tosafot on Sanhedrin 59a:32": {
            "content": [], 
            "heTitle": "תוספות על סנהדרין נ״ט א:ל״ב", 
            "indexTitle": "Tosafot on Sanhedrin", 
            "sectionRef": "Tosafot on Sanhedrin 59a:32", 
            "prev": "Tosafot on Sanhedrin 59a:27", 
            "ref": "Tosafot on Sanhedrin 59a:32", 
            "heRef": "תוספות על סנהדרין נ״ט א:ל״ב", 
            "next": "Tosafot on Sanhedrin 59a:36"
        }, 
        "Tosafot on Sanhedrin 59a:33": {
            "content": [], 
            "heTitle": "תוספות על סנהדרין נ״ט א:ל״ג", 
            "indexTitle": "Tosafot on Sanhedrin", 
            "sectionRef": "Tosafot on Sanhedrin 59a:33", 
            "prev": "Tosafot on Sanhedrin 59a:27", 
            "ref": "Tosafot on Sanhedrin 59a:33", 
            "heRef": "תוספות על סנהדרין נ״ט א:ל״ג", 
            "next": "Tosafot on Sanhedrin 59a:36"
        }, 
        "Tosafot on Sanhedrin 59a:30": {
            "content": [], 
            "heTitle": "תוספות על סנהדרין נ״ט א:ל׳", 
            "indexTitle": "Tosafot on Sanhedrin", 
            "sectionRef": "Tosafot on Sanhedrin 59a:30", 
            "prev": "Tosafot on Sanhedrin 59a:27", 
            "ref": "Tosafot on Sanhedrin 59a:30", 
            "heRef": "תוספות על סנהדרין נ״ט א:ל׳", 
            "next": "Tosafot on Sanhedrin 59a:36"
        }, 
        "Tosafot on Sanhedrin 59a:31": {
            "content": [], 
            "heTitle": "תוספות על סנהדרין נ״ט א:ל״א", 
            "indexTitle": "Tosafot on Sanhedrin", 
            "sectionRef": "Tosafot on Sanhedrin 59a:31", 
            "prev": "Tosafot on Sanhedrin 59a:27", 
            "ref": "Tosafot on Sanhedrin 59a:31", 
            "heRef": "תוספות על סנהדרין נ״ט א:ל״א", 
            "next": "Tosafot on Sanhedrin 59a:36"
        }, 
        "Tosafot on Sanhedrin 59a:36": {
            "content": [
                {
                    "segmentNumber": "1", 
                    "links": [
                        {
                            "category": "Talmud", 
                            "index_title": "Sanhedrin", 
                            "sourceHeRef": "סנהדרין נ״ט א:ל״ו", 
                            "sourceRef": "Sanhedrin 59a:36"
                        }
                    ], 
                    "he": "ליכא מידעם דלישראל שרי בדבר  - שהוא מצוה לישראל לא אמרינן הכי העובד כוכבים ששבת חייב ולישראל מצוה אף על גב דבשני בשבת אין מצוה לישראל מ\"מ יש עליו מצות שביתת שבת ועל העוברים דעובד כוכבים חייב וישראל פטור אע\"ג דפטור מ\"מ לא שרי מיהו קשה דאמרינן בפרק בן סורר ומורה (לקמן דף עב:) יצא ראשו אין נוגעין בו דאין דוחין נפש מפני נפש אבל קודם שיצא ראשו החי' פושטת ידה וחתכתו לאברים ומוציאה כדי להציל את אמו וכה\"ג בעובד כוכבים אסור כיון שהוזהרו על העוברים וי\"ל דהא נמי בישראל מצוה כדי להציל ואפשר דאפילו בעובד כוכבים שרי:"
                }
            ], 
            "heTitle": "תוספות על סנהדרין נ״ט א:ל״ו", 
            "indexTitle": "Tosafot on Sanhedrin", 
            "sectionRef": "Tosafot on Sanhedrin 59a:36", 
            "prev": "Tosafot on Sanhedrin 59a:27", 
            "ref": "Tosafot on Sanhedrin 59a:36", 
            "heRef": "תוספות על סנהדרין נ״ט א:ל״ו", 
            "next": "Tosafot on Sanhedrin 59b:4"
        }, 
        "Tosafot on Sanhedrin 59a:37": {
            "content": [], 
            "heTitle": "תוספות על סנהדרין נ״ט א:ל״ז", 
            "indexTitle": "Tosafot on Sanhedrin", 
            "sectionRef": "Tosafot on Sanhedrin 59a:37", 
            "prev": "Tosafot on Sanhedrin 59a:36", 
            "ref": "Tosafot on Sanhedrin 59a:37", 
            "heRef": "תוספות על סנהדרין נ״ט א:ל״ז", 
            "next": "Tosafot on Sanhedrin 59b:4"
        }, 
        "Tosafot on Sanhedrin 59a:34": {
            "content": [], 
            "heTitle": "תוספות על סנהדרין נ״ט א:ל״ד", 
            "indexTitle": "Tosafot on Sanhedrin", 
            "sectionRef": "Tosafot on Sanhedrin 59a:34", 
            "prev": "Tosafot on Sanhedrin 59a:27", 
            "ref": "Tosafot on Sanhedrin 59a:34", 
            "heRef": "תוספות על סנהדרין נ״ט א:ל״ד", 
            "next": "Tosafot on Sanhedrin 59a:36"
        }, 
        "Tosafot on Sanhedrin 59a:35": {
            "content": [], 
            "heTitle": "תוספות על סנהדרין נ״ט א:ל״ה", 
            "indexTitle": "Tosafot on Sanhedrin", 
            "sectionRef": "Tosafot on Sanhedrin 59a:35", 
            "prev": "Tosafot on Sanhedrin 59a:27", 
            "ref": "Tosafot on Sanhedrin 59a:35", 
            "heRef": "תוספות על סנהדרין נ״ט א:ל״ה", 
            "next": "Tosafot on Sanhedrin 59a:36"
        }
    }, 
    "ref": "Tosafot on Sanhedrin 59a"
}