[{
    "links": [], 
    "text": [], 
    "heTitleVariants": [
        "רשב\"ם על פסחים"
    ], 
    "heTitle": "רשב\"ם על פסחים כ״ד ב", 
    "commentaryBook": "Pesachim", 
    "heRef": "רשב\"ם על פסחים כ״ד ב", 
    "toSections": [
        "24b"
    ], 
    "sectionRef": "Rashbam on Pesachim 24b", 
    "title": "Rashbam on Pesachim 24b", 
    "lengths": [
        240, 
        11546
    ], 
    "next": "Rashbam on Pesachim 99b:1", 
    "heBook": "רשב\"ם על פסחים", 
    "book": "Rashbam on Pesachim", 
    "prev": null, 
    "textDepth": 3, 
    "sectionNames": [
        "Daf", 
        "Line", 
        "Comment"
    ], 
    "sections": [
        "24b"
    ], 
    "commentator": "Rashbam", 
    "isComplex": false, 
    "commentaryCategories": [
        "Talmud", 
        "Bavli", 
        "Seder Moed"
    ], 
    "titleVariants": [
        "Shumel ben Meir on Pesahim", 
        "Samuel ben Meir on Masekhet Pesachim", 
        "Shumel ben Meir on Talmud Pesachim", 
        "Samuel ben Meir on Talmud Pesachim", 
        "Rashbam on Pesachim", 
        "Samuel ben Meir on Pesahim", 
        "Shumel ben Meir on Tractate Pesachim", 
        "Samuel ben Meir on Tractate Pesachim", 
        "Rashbam on Masekhet Pesachim", 
        "Rashbam on Talmud Pesachim", 
        "Rashbam on Pesahim", 
        "Shumel ben Meir on Masekhet Pesachim", 
        "Rashbam on Tractate Pesachim", 
        "Shumel ben Meir on Pesachim", 
        "Samuel ben Meir on Pesachim"
    ], 
    "categories": [
        "Commentary", 
        "Talmud", 
        "Rashbam"
    ], 
    "he": [], 
    "ref": "Rashbam on Pesachim 24b", 
    "type": "Commentary", 
    "addressTypes": [
        "Talmud", 
        "Integer", 
        "Integer"
    ], 
    "heCommentator": "רשב\"ם", 
    "length": 240, 
    "indexTitle": "Rashbam on Pesachim", 
    "heIndexTitle": "רשב\"ם על פסחים", 
    "alts": [], 
    "order": [
        4, 
        3
    ]
}]