{
    "heTitleVariants": [
        "רשב\"ם על פסחים"
    ], 
    "heTitle": "רשב\"ם על פסחים קי״א ב", 
    "content": [
        {
            "segmentNumber": "1", 
            "he": [
                "דמפני אגירדא דדיקלא - דקל קצוץ:", 
                "רוח פלגא - מוורשי''ן בלע''ז:"
            ], 
            "links": [
                {
                    "category": "Talmud", 
                    "sourceHeRef": "פסחים קי״א ב:א׳", 
                    "sourceRef": "Pesachim 111b:1", 
                    "ref": "Pesachim 111b:1"
                }, 
                {
                    "category": "Talmud", 
                    "sourceHeRef": "פסחים קי״א ב:א׳", 
                    "sourceRef": "Pesachim 111b:1", 
                    "ref": "Pesachim 111b:1"
                }
            ], 
            "text": ""
        }, 
        {
            "segmentNumber": "2", 
            "he": [
                "צרדא - כאב חצי הראש:"
            ], 
            "links": [
                {
                    "category": "Talmud", 
                    "sourceHeRef": "פסחים קי״א ב:ב׳", 
                    "sourceRef": "Pesachim 111b:2", 
                    "ref": "Pesachim 111b:2"
                }
            ], 
            "text": ""
        }, 
        {
            "segmentNumber": "3", 
            "he": [
                "אי מקטל קטיל - אם נקצץ האילן נהרג האיש ואם נעקר האילן האיש מת: ה''ג הני מילי היכא דלא מנח כרעיה עילויה:"
            ], 
            "links": [
                {
                    "category": "Talmud", 
                    "sourceHeRef": "פסחים קי״א ב:ג׳", 
                    "sourceRef": "Pesachim 111b:3", 
                    "ref": "Pesachim 111b:3"
                }
            ], 
            "text": ""
        }, 
        {
            "segmentNumber": "4", 
            "he": [], 
            "links": [], 
            "text": ""
        }, 
        {
            "segmentNumber": "5", 
            "he": [
                "חמשה טולי הוו - שהרוח רעה שורה תחתיהן:"
            ], 
            "links": [
                {
                    "category": "Talmud", 
                    "sourceHeRef": "פסחים קי״א ב:ה׳", 
                    "sourceRef": "Pesachim 111b:5", 
                    "ref": "Pesachim 111b:5"
                }
            ], 
            "text": ""
        }, 
        {
            "segmentNumber": "6", 
            "he": [
                "טולא כנדא - שם אילן:", 
                "טולא דפרחא - צלף:", 
                "זרדתא - שונבי''ר:", 
                "טולא דארבא - ספינה:"
            ], 
            "links": [
                {
                    "category": "Talmud", 
                    "sourceHeRef": "פסחים קי״א ב:ו׳", 
                    "sourceRef": "Pesachim 111b:6", 
                    "ref": "Pesachim 111b:6"
                }, 
                {
                    "category": "Talmud", 
                    "sourceHeRef": "פסחים קי״א ב:ו׳", 
                    "sourceRef": "Pesachim 111b:6", 
                    "ref": "Pesachim 111b:6"
                }, 
                {
                    "category": "Talmud", 
                    "sourceHeRef": "פסחים קי״א ב:ו׳", 
                    "sourceRef": "Pesachim 111b:6", 
                    "ref": "Pesachim 111b:6"
                }, 
                {
                    "category": "Talmud", 
                    "sourceHeRef": "פסחים קי״א ב:ו׳", 
                    "sourceRef": "Pesachim 111b:6", 
                    "ref": "Pesachim 111b:6"
                }
            ], 
            "text": ""
        }, 
        {
            "segmentNumber": "7", 
            "he": [], 
            "links": [], 
            "text": ""
        }, 
        {
            "segmentNumber": "8", 
            "he": [
                "טולא דערבתא - צל אילן ערבה:"
            ], 
            "links": [
                {
                    "category": "Talmud", 
                    "sourceHeRef": "פסחים קי״א ב:ח׳", 
                    "sourceRef": "Pesachim 111b:8", 
                    "ref": "Pesachim 111b:8"
                }
            ], 
            "text": ""
        }, 
        {
            "segmentNumber": "9", 
            "he": [
                "נופיה - ענפיו:", 
                "סילויה - עצו:"
            ], 
            "links": [
                {
                    "category": "Talmud", 
                    "sourceHeRef": "פסחים קי״א ב:ט׳", 
                    "sourceRef": "Pesachim 111b:9", 
                    "ref": "Pesachim 111b:9"
                }, 
                {
                    "category": "Talmud", 
                    "sourceHeRef": "פסחים קי״א ב:ט׳", 
                    "sourceRef": "Pesachim 111b:9", 
                    "ref": "Pesachim 111b:9"
                }
            ], 
            "text": ""
        }, 
        {
            "segmentNumber": "10", 
            "he": [], 
            "links": [], 
            "text": ""
        }, 
        {
            "segmentNumber": "11", 
            "he": [], 
            "links": [], 
            "text": ""
        }, 
        {
            "segmentNumber": "12", 
            "he": [], 
            "links": [], 
            "text": ""
        }, 
        {
            "segmentNumber": "13", 
            "he": [], 
            "links": [], 
            "text": ""
        }, 
        {
            "segmentNumber": "14", 
            "he": [
                "דבי פרחי רוחי - אותן שדים דבי פרחי שמן רוחי ולקמן מפרש למאי נפקא מינה:", 
                "דבי זרדתא שידי - שמן:", 
                "דבי איגרי - המצויין בגגות רשפי שמן:"
            ], 
            "links": [
                {
                    "category": "Talmud", 
                    "sourceHeRef": "פסחים קי״א ב:י״ד", 
                    "sourceRef": "Pesachim 111b:14", 
                    "ref": "Pesachim 111b:14"
                }, 
                {
                    "category": "Talmud", 
                    "sourceHeRef": "פסחים קי״א ב:י״ד", 
                    "sourceRef": "Pesachim 111b:14", 
                    "ref": "Pesachim 111b:14"
                }, 
                {
                    "category": "Talmud", 
                    "sourceHeRef": "פסחים קי״א ב:י״ד", 
                    "sourceRef": "Pesachim 111b:14", 
                    "ref": "Pesachim 111b:14"
                }
            ], 
            "text": ""
        }, 
        {
            "segmentNumber": "15", 
            "he": [], 
            "links": [], 
            "text": ""
        }, 
        {
            "segmentNumber": "16", 
            "he": [
                "למיכתב קמיעא - בשם אלו כגון אם הוזק תחת בי פרחי יכתוב לו קמיעא בשם רוחי:"
            ], 
            "links": [
                {
                    "category": "Talmud", 
                    "sourceHeRef": "פסחים קי״א ב:ט״ז", 
                    "sourceRef": "Pesachim 111b:16", 
                    "ref": "Pesachim 111b:16"
                }
            ], 
            "text": ""
        }, 
        {
            "segmentNumber": "17", 
            "he": [], 
            "links": [], 
            "text": ""
        }, 
        {
            "segmentNumber": "18", 
            "he": [
                "למאי נפקא מינה לגזויי מינה - לברוח מפניה לפי שאין לה עינים ואינה רודפתו:"
            ], 
            "links": [
                {
                    "category": "Talmud", 
                    "sourceHeRef": "פסחים קי״א ב:י״ח", 
                    "sourceRef": "Pesachim 111b:18", 
                    "ref": "Pesachim 111b:18"
                }
            ], 
            "text": ""
        }, 
        {
            "segmentNumber": "19", 
            "he": [
                "גזייה - ברח מפניה:"
            ], 
            "links": [
                {
                    "category": "Talmud", 
                    "sourceHeRef": "פסחים קי״א ב:י״ט", 
                    "sourceRef": "Pesachim 111b:19", 
                    "ref": "Pesachim 111b:19"
                }
            ], 
            "text": ""
        }, 
        {
            "segmentNumber": "20", 
            "he": [
                "כי אזלה נפקא אדקלא - כשהלכה אחריו נתקלה ונפלה על עיקר אילן:", 
                "הכי גרסינן פקע היא וצווח דקלא - יבש הדקל:"
            ], 
            "links": [
                {
                    "category": "Talmud", 
                    "sourceHeRef": "פסחים קי״א ב:כ׳", 
                    "sourceRef": "Pesachim 111b:20", 
                    "ref": "Pesachim 111b:20"
                }, 
                {
                    "category": "Talmud", 
                    "sourceHeRef": "פסחים קי״א ב:כ׳", 
                    "sourceRef": "Pesachim 111b:20", 
                    "ref": "Pesachim 111b:20"
                }
            ], 
            "text": ""
        }, 
        {
            "segmentNumber": "21", 
            "he": [], 
            "links": [], 
            "text": ""
        }, 
        {
            "segmentNumber": "22", 
            "he": [], 
            "links": [], 
            "text": ""
        }, 
        {
            "segmentNumber": "23", 
            "he": [], 
            "links": [], 
            "text": ""
        }, 
        {
            "segmentNumber": "24", 
            "he": [
                "בר קשא - שוטר העיר:"
            ], 
            "links": [
                {
                    "category": "Talmud", 
                    "sourceHeRef": "פסחים קי״א ב:כ״ד", 
                    "sourceRef": "Pesachim 111b:24", 
                    "ref": "Pesachim 111b:24"
                }
            ], 
            "text": ""
        }, 
        {
            "segmentNumber": "25", 
            "he": [], 
            "links": [], 
            "text": ""
        }, 
        {
            "segmentNumber": "26", 
            "he": [
                "דקא תלו ביה חינגא בגוויה - דאילן:"
            ], 
            "links": [
                {
                    "category": "Talmud", 
                    "sourceHeRef": "פסחים קי״א ב:כ״ו", 
                    "sourceRef": "Pesachim 111b:26", 
                    "ref": "Pesachim 111b:26"
                }
            ], 
            "text": ""
        }, 
        {
            "segmentNumber": "27", 
            "he": [
                "הכי גרסינן סודריה דמר כצורבא מרבנן בדיקנא ליה למר ולא ידע למימר ברוך - שאינו יודע לברך על הסודר ברוך עוטר ישראל בתפארה:"
            ], 
            "links": [
                {
                    "category": "Talmud", 
                    "sourceHeRef": "פסחים קי״א ב:כ״ז", 
                    "sourceRef": "Pesachim 111b:27", 
                    "ref": "Pesachim 111b:27"
                }
            ], 
            "text": ""
        }, 
        {
            "segmentNumber": "28", 
            "he": [], 
            "links": [], 
            "text": ""
        }, 
        {
            "segmentNumber": "29", 
            "he": [], 
            "links": [], 
            "text": ""
        }, 
        {
            "segmentNumber": "30", 
            "he": [], 
            "links": [], 
            "text": ""
        }, 
        {
            "segmentNumber": "31", 
            "he": [
                "בחשא בקדרא והדר בכדא דבמכא - מתגלגל בתוך כד של כותח: ואהדריה לרב הונא מימיניה ולרב פפא משמאליה:"
            ], 
            "links": [
                {
                    "category": "Talmud", 
                    "sourceHeRef": "פסחים קי״א ב:ל״א", 
                    "sourceRef": "Pesachim 111b:31", 
                    "ref": "Pesachim 111b:31"
                }
            ], 
            "text": ""
        }, 
        {
            "segmentNumber": "32", 
            "he": [], 
            "links": [], 
            "text": ""
        }, 
        {
            "segmentNumber": "33", 
            "he": [], 
            "links": [], 
            "text": ""
        }, 
        {
            "segmentNumber": "34", 
            "he": [], 
            "links": [], 
            "text": ""
        }, 
        {
            "segmentNumber": "35", 
            "he": [
                "מאי שנא - כי אינך חושש בי אם אזוק:"
            ], 
            "links": [
                {
                    "category": "Talmud", 
                    "sourceHeRef": "פסחים קי״א ב:ל״ה", 
                    "sourceRef": "Pesachim 111b:35", 
                    "ref": "Pesachim 111b:35"
                }
            ], 
            "text": ""
        }, 
        {
            "segmentNumber": "36", 
            "he": [
                "שעתא קיימא לך - עשיר אתה ויש לך מזל טוב ולא תיזוק:"
            ], 
            "links": [
                {
                    "category": "Talmud", 
                    "sourceHeRef": "פסחים קי״א ב:ל״ו", 
                    "sourceRef": "Pesachim 111b:36", 
                    "ref": "Pesachim 111b:36"
                }
            ], 
            "text": ""
        }, 
        {
            "segmentNumber": "37", 
            "he": [], 
            "links": [], 
            "text": ""
        }, 
        {
            "segmentNumber": "38", 
            "he": [
                "ומשתכחא בטולא דחצובא - חצב עשב שתיחם בו יהושע את הארץ לישראל:", 
                "דלא חצב גרמידא - שלא גדל אמה:"
            ], 
            "links": [
                {
                    "category": "Talmud", 
                    "sourceHeRef": "פסחים קי״א ב:ל״ח", 
                    "sourceRef": "Pesachim 111b:38", 
                    "ref": "Pesachim 111b:38"
                }, 
                {
                    "category": "Talmud", 
                    "sourceHeRef": "פסחים קי״א ב:ל״ח", 
                    "sourceRef": "Pesachim 111b:38", 
                    "ref": "Pesachim 111b:38"
                }
            ], 
            "text": ""
        }, 
        {
            "segmentNumber": "39", 
            "he": [], 
            "links": [], 
            "text": ""
        }, 
        {
            "segmentNumber": "40", 
            "he": [
                "ארבונה - עיורון:"
            ], 
            "links": [
                {
                    "category": "Talmud", 
                    "sourceHeRef": "פסחים קי״א ב:מ׳", 
                    "sourceRef": "Pesachim 111b:40", 
                    "ref": "Pesachim 111b:40"
                }
            ], 
            "text": ""
        }, 
        {
            "segmentNumber": "41", 
            "he": [
                "ושתי טיף טיף - יין המטפטף מן החבית:", 
                "אדמיתנא כרעיה - בעוד שרגליו לחים במי הרחיצה:"
            ], 
            "links": [
                {
                    "category": "Talmud", 
                    "sourceHeRef": "פסחים קי״א ב:מ״א", 
                    "sourceRef": "Pesachim 111b:41", 
                    "ref": "Pesachim 111b:41"
                }, 
                {
                    "category": "Talmud", 
                    "sourceHeRef": "פסחים קי״א ב:מ״א", 
                    "sourceRef": "Pesachim 111b:41", 
                    "ref": "Pesachim 111b:41"
                }
            ], 
            "text": ""
        }, 
        {
            "segmentNumber": "42", 
            "he": [
                "תלאי בביתיה - התולה פתו באויר בתוך סל אחד:"
            ], 
            "links": [
                {
                    "category": "Talmud", 
                    "sourceHeRef": "פסחים קי״א ב:מ״ב", 
                    "sourceRef": "Pesachim 111b:42", 
                    "ref": "Pesachim 111b:42"
                }
            ], 
            "text": ""
        }, 
        {
            "segmentNumber": "43", 
            "he": [
                "תלא סילתיה - סל ופת בתוכו:"
            ], 
            "links": [
                {
                    "category": "Talmud", 
                    "sourceHeRef": "פסחים קי״א ב:מ״ג", 
                    "sourceRef": "Pesachim 111b:43", 
                    "ref": "Pesachim 111b:43"
                }
            ], 
            "text": ""
        }, 
        {
            "segmentNumber": "44", 
            "he": [], 
            "links": [], 
            "text": ""
        }, 
        {
            "segmentNumber": "45", 
            "he": [
                "פארי - מורסן:"
            ], 
            "links": [
                {
                    "category": "Talmud", 
                    "sourceHeRef": "פסחים קי״א ב:מ״ה", 
                    "sourceRef": "Pesachim 111b:45", 
                    "ref": "Pesachim 111b:45"
                }
            ], 
            "text": ""
        }, 
        {
            "segmentNumber": "46", 
            "he": [
                "נשוורא - פירורין של פת:"
            ], 
            "links": [
                {
                    "category": "Talmud", 
                    "sourceHeRef": "פסחים קי״א ב:מ״ו", 
                    "sourceRef": "Pesachim 111b:46", 
                    "ref": "Pesachim 111b:46"
                }
            ], 
            "text": ""
        }, 
        {
            "segmentNumber": "47", 
            "he": [], 
            "links": [], 
            "text": ""
        }, 
        {
            "segmentNumber": "48", 
            "he": [
                "נקיד שמיה - לשון נקיות לפיכך אינו רוצה שיהו פירורין נשלכין לידרס ברגל:", 
                "איסרא דעניותא נבל שמיה - לשון לכלוך ושמא נכנס בבית שהוא רואה שאין נוהגין מנהג נקיון בפת:"
            ], 
            "links": [
                {
                    "category": "Talmud", 
                    "sourceHeRef": "פסחים קי״א ב:מ״ח", 
                    "sourceRef": "Pesachim 111b:48", 
                    "ref": "Pesachim 111b:48"
                }, 
                {
                    "category": "Talmud", 
                    "sourceHeRef": "פסחים קי״א ב:מ״ח", 
                    "sourceRef": "Pesachim 111b:48", 
                    "ref": "Pesachim 111b:48"
                }
            ], 
            "text": ""
        }, 
        {
            "segmentNumber": "49", 
            "he": [], 
            "links": [], 
            "text": ""
        }, 
        {
            "segmentNumber": "50", 
            "he": [
                "בצעא - בקערה:", 
                "לברוקתי - כליון עינים:", 
                "מפחיד - ואינו יודע למה:"
            ], 
            "links": [
                {
                    "category": "Talmud", 
                    "sourceHeRef": "פסחים קי״א ב:נ׳", 
                    "sourceRef": "Pesachim 111b:50", 
                    "ref": "Pesachim 111b:50"
                }, 
                {
                    "category": "Talmud", 
                    "sourceHeRef": "פסחים קי״א ב:נ׳", 
                    "sourceRef": "Pesachim 111b:50", 
                    "ref": "Pesachim 111b:50"
                }, 
                {
                    "category": "Talmud", 
                    "sourceHeRef": "פסחים קי״א ב:נ׳", 
                    "sourceRef": "Pesachim 111b:50", 
                    "ref": "Pesachim 111b:50"
                }
            ], 
            "text": ""
        }
    ], 
    "commentaryBook": "Pesachim", 
    "heRef": "רשב\"ם על פסחים קי״א ב", 
    "toSections": [
        "111b"
    ], 
    "sectionRef": "Rashbam on Pesachim 111b", 
    "title": "Rashbam on Pesachim 111b", 
    "lengths": [
        240, 
        11546
    ], 
    "next": "Rashbam on Pesachim 112a:1", 
    "heBook": "רשב\"ם על פסחים", 
    "book": "Rashbam on Pesachim", 
    "prev": "Rashbam on Pesachim 111a:50", 
    "textDepth": 3, 
    "sectionNames": [
        "Daf", 
        "Line", 
        "Comment"
    ], 
    "sections": [
        "111b"
    ], 
    "commentator": "Rashbam", 
    "isComplex": false, 
    "commentaryCategories": [
        "Talmud", 
        "Bavli", 
        "Seder Moed"
    ], 
    "titleVariants": [
        "Shumel ben Meir on Pesahim", 
        "Samuel ben Meir on Masekhet Pesachim", 
        "Shumel ben Meir on Talmud Pesachim", 
        "Samuel ben Meir on Talmud Pesachim", 
        "Rashbam on Pesachim", 
        "Samuel ben Meir on Pesahim", 
        "Shumel ben Meir on Tractate Pesachim", 
        "Samuel ben Meir on Tractate Pesachim", 
        "Rashbam on Masekhet Pesachim", 
        "Rashbam on Talmud Pesachim", 
        "Rashbam on Pesahim", 
        "Shumel ben Meir on Masekhet Pesachim", 
        "Rashbam on Tractate Pesachim", 
        "Shumel ben Meir on Pesachim", 
        "Samuel ben Meir on Pesachim"
    ], 
    "categories": [
        "Commentary", 
        "Talmud", 
        "Rashbam"
    ], 
    "ref": "Rashbam on Pesachim 111b", 
    "type": "Commentary", 
    "addressTypes": [
        "Talmud", 
        "Integer", 
        "Integer"
    ], 
    "heCommentator": "רשב\"ם", 
    "length": 240, 
    "indexTitle": "Rashbam on Pesachim", 
    "heIndexTitle": "רשב\"ם על פסחים", 
    "alts": [], 
    "order": [
        4, 
        3
    ]
}