{
    "heTitleVariants": [
        "ר' עובדיה מברטנורא על משנה מכות", 
        "עובדיה מברטנורא על משנה מכות", 
        "ברטנורא על משנה מכות"
    ], 
    "heTitle": "ברטנורא על משנה מכות", 
    "commentaryBook": "Mishnah Makkot", 
    "heRef": "ברטנורא על משנה מכות ב׳", 
    "toSections": [
        2
    ], 
    "sectionRef": "Bartenura on Mishnah Makkot 2", 
    "title": "Bartenura on Mishnah Makkot 2", 
    "lengths": [
        3, 
        34
    ], 
    "next": "Bartenura on Mishnah Makkot 3:1", 
    "content": [
        {
            "segmentNumber": "1", 
            "he": [
                "<b>אלו הן הגולין</b> היה מעגל במעגילה. אבן חלקה עגולה שמעגלין אותה על גבי הסיד או הטיט שבעלייה להשוות הסדקים:", 
                "<b> היה משלשל בחבית</b> מלמעלה למטה:", 
                "<b> אבל אם היה מושך במעגילה</b> ממטה למעלה:", 
                "<b> כל שבדרך ירידתו גולה</b> דכתיב (במדבר ל''ה) ויפל עליו, עד שיהא דרך נפילה . וכל, לאתויי אפילו ירידה שהיא לצורך עלייה :", 
                "<b> נשמט הברזל מקתו</b> מבית יד שהוא תקוע בו:", 
                "<b> רבי אומר אינו גולה</b> רבי סבר ונשל הברזל מן העץ זה עץ המתבקע, ולא עצו שהוא תקוע בו . ורבנן סברי מן העץ, מעצו שהוא תקוע בו. והלכה כחכמים. דעץ המתבקע כח כחו הוא , וע''י כח כחו אינו גולה:\n\n"
            ], 
            "links": [
                {
                    "category": "Mishnah", 
                    "sourceHeRef": "משנה מכות ב׳:א׳", 
                    "sourceRef": "Mishnah Makkot 2:1", 
                    "ref": "Mishnah Makkot 2:1"
                }, 
                {
                    "category": "Mishnah", 
                    "sourceHeRef": "משנה מכות ב׳:א׳", 
                    "sourceRef": "Mishnah Makkot 2:1", 
                    "ref": "Mishnah Makkot 2:1"
                }, 
                {
                    "category": "Mishnah", 
                    "sourceHeRef": "משנה מכות ב׳:א׳", 
                    "sourceRef": "Mishnah Makkot 2:1", 
                    "ref": "Mishnah Makkot 2:1"
                }, 
                {
                    "category": "Mishnah", 
                    "sourceHeRef": "משנה מכות ב׳:א׳", 
                    "sourceRef": "Mishnah Makkot 2:1", 
                    "ref": "Mishnah Makkot 2:1"
                }, 
                {
                    "category": "Mishnah", 
                    "sourceHeRef": "משנה מכות ב׳:א׳", 
                    "sourceRef": "Mishnah Makkot 2:1", 
                    "ref": "Mishnah Makkot 2:1"
                }, 
                {
                    "category": "Mishnah", 
                    "sourceHeRef": "משנה מכות ב׳:א׳", 
                    "sourceRef": "Mishnah Makkot 2:1", 
                    "ref": "Mishnah Makkot 2:1"
                }, 
                {
                    "category": "Commentary", 
                    "sourceHeRef": "עיקר תוספות יום טוב על משנה מכות ב׳:א׳:ג׳", 
                    "sourceRef": "Ikar Tosafot Yom Tov on Mishnah Makkot 2:1:3", 
                    "ref": "Ikar Tosafot Yom Tov on Mishnah Makkot 2:1:3"
                }, 
                {
                    "category": "Commentary", 
                    "sourceHeRef": "עיקר תוספות יום טוב על משנה מכות ב׳:א׳:ד׳", 
                    "sourceRef": "Ikar Tosafot Yom Tov on Mishnah Makkot 2:1:4", 
                    "ref": "Ikar Tosafot Yom Tov on Mishnah Makkot 2:1:4"
                }, 
                {
                    "category": "Commentary", 
                    "sourceHeRef": "עיקר תוספות יום טוב על משנה מכות ב׳:א׳:ה׳", 
                    "sourceRef": "Ikar Tosafot Yom Tov on Mishnah Makkot 2:1:5", 
                    "ref": "Ikar Tosafot Yom Tov on Mishnah Makkot 2:1:5"
                }, 
                {
                    "category": "Commentary", 
                    "sourceHeRef": "עיקר תוספות יום טוב על משנה מכות ב׳:א׳:ז׳", 
                    "sourceRef": "Ikar Tosafot Yom Tov on Mishnah Makkot 2:1:7", 
                    "ref": "Ikar Tosafot Yom Tov on Mishnah Makkot 2:1:7"
                }, 
                {
                    "category": "Tanach", 
                    "sourceHeRef": "במדבר ל״ה", 
                    "sourceRef": "Numbers 35", 
                    "ref": "Numbers 35"
                }
            ], 
            "text": ""
        }, 
        {
            "segmentNumber": "2", 
            "he": [
                "<b>זרק את האבן לרשות הרבים</b> ואע''ג דקרוב למזיד הוא, שהיה לו לחשוב שבני אדם מצוים ברשות הרבים תמיד, הכא עסקינן באשפה העשויה ברשות הרבים להפנות בה בלילה, ואינה עשויה להפנות בה ביום וזמנין דמקרי דיתיב בה , ומשום הכי גולה, דלאו פושע הוא ולא אנוס גמור הוא:", 
                "<b> והוציא הלה את ראשו וקבלה פטור</b> דכתיב (דברים י''ט) ומצא את רעהו, פרט לממציא את עצמו:", 
                "<b> אם יש רשות לניזק</b> שנתן לו בעל הבית רשות ליכנס:", 
                "<b> מה חטיבת עצים רשות</b> דאי בעי עייל לחטוב ואי בעי לא עייל:", 
                "<b> יצא האב הרודה את בנו</b> דמצוה קא עביד:\n\n"
            ], 
            "links": [
                {
                    "category": "Mishnah", 
                    "sourceHeRef": "משנה מכות ב׳:ב׳", 
                    "sourceRef": "Mishnah Makkot 2:2", 
                    "ref": "Mishnah Makkot 2:2"
                }, 
                {
                    "category": "Mishnah", 
                    "sourceHeRef": "משנה מכות ב׳:ב׳", 
                    "sourceRef": "Mishnah Makkot 2:2", 
                    "ref": "Mishnah Makkot 2:2"
                }, 
                {
                    "category": "Mishnah", 
                    "sourceHeRef": "משנה מכות ב׳:ב׳", 
                    "sourceRef": "Mishnah Makkot 2:2", 
                    "ref": "Mishnah Makkot 2:2"
                }, 
                {
                    "category": "Mishnah", 
                    "sourceHeRef": "משנה מכות ב׳:ב׳", 
                    "sourceRef": "Mishnah Makkot 2:2", 
                    "ref": "Mishnah Makkot 2:2"
                }, 
                {
                    "category": "Mishnah", 
                    "sourceHeRef": "משנה מכות ב׳:ב׳", 
                    "sourceRef": "Mishnah Makkot 2:2", 
                    "ref": "Mishnah Makkot 2:2"
                }, 
                {
                    "category": "Commentary", 
                    "sourceHeRef": "עיקר תוספות יום טוב על משנה מכות ב׳:ב׳:א׳", 
                    "sourceRef": "Ikar Tosafot Yom Tov on Mishnah Makkot 2:2:1", 
                    "ref": "Ikar Tosafot Yom Tov on Mishnah Makkot 2:2:1"
                }, 
                {
                    "category": "Tanach", 
                    "sourceHeRef": "דברים י״ט", 
                    "sourceRef": "Deuteronomy 19", 
                    "ref": "Deuteronomy 19"
                }
            ], 
            "text": ""
        }, 
        {
            "segmentNumber": "3", 
            "he": [
                "<b>האב גולה על ידי בנו</b> כשלא הכהו ללמדו תורה או מוסר או אומנות :", 
                "<b> הכל גולים על ידי ישראל</b> ואפילו עבד או כותי:", 
                "<b> חוץ מעל ידי גר תושב</b> שאם הרג בן ישראל בשוגג, אינו גולה אלא נהרג :", 
                "<b> הסומא אינו גולה</b> דכתיב (במדבר ל''ה) בלא ראות, פרט לסומא :", 
                "<b> רבי מאיר אומר גולה</b> בלא ראות לרבות את הסומא . ואין הלכה כר''מ:", 
                "<b> השונא</b> כל שלא דבר עמו שלשה ימים מחמת איבה. ואין הלכה לא כר' יוסי ברבי יהודה ולא כר' שמעון, אלא השונא אינו נהרג ואינו נקלט, שחזקתו שהוא קרוב למזיד:\n\n"
            ], 
            "links": [
                {
                    "category": "Mishnah", 
                    "sourceHeRef": "משנה מכות ב׳:ג׳", 
                    "sourceRef": "Mishnah Makkot 2:3", 
                    "ref": "Mishnah Makkot 2:3"
                }, 
                {
                    "category": "Mishnah", 
                    "sourceHeRef": "משנה מכות ב׳:ג׳", 
                    "sourceRef": "Mishnah Makkot 2:3", 
                    "ref": "Mishnah Makkot 2:3"
                }, 
                {
                    "category": "Mishnah", 
                    "sourceHeRef": "משנה מכות ב׳:ג׳", 
                    "sourceRef": "Mishnah Makkot 2:3", 
                    "ref": "Mishnah Makkot 2:3"
                }, 
                {
                    "category": "Mishnah", 
                    "sourceHeRef": "משנה מכות ב׳:ג׳", 
                    "sourceRef": "Mishnah Makkot 2:3", 
                    "ref": "Mishnah Makkot 2:3"
                }, 
                {
                    "category": "Mishnah", 
                    "sourceHeRef": "משנה מכות ב׳:ג׳", 
                    "sourceRef": "Mishnah Makkot 2:3", 
                    "ref": "Mishnah Makkot 2:3"
                }, 
                {
                    "category": "Mishnah", 
                    "sourceHeRef": "משנה מכות ב׳:ג׳", 
                    "sourceRef": "Mishnah Makkot 2:3", 
                    "ref": "Mishnah Makkot 2:3"
                }, 
                {
                    "category": "Commentary", 
                    "sourceHeRef": "עיקר תוספות יום טוב על משנה מכות ב׳:ג׳:א׳", 
                    "sourceRef": "Ikar Tosafot Yom Tov on Mishnah Makkot 2:3:1", 
                    "ref": "Ikar Tosafot Yom Tov on Mishnah Makkot 2:3:1"
                }, 
                {
                    "category": "Commentary", 
                    "sourceHeRef": "עיקר תוספות יום טוב על משנה מכות ב׳:ג׳:ב׳", 
                    "sourceRef": "Ikar Tosafot Yom Tov on Mishnah Makkot 2:3:2", 
                    "ref": "Ikar Tosafot Yom Tov on Mishnah Makkot 2:3:2"
                }, 
                {
                    "category": "Commentary", 
                    "sourceHeRef": "עיקר תוספות יום טוב על משנה מכות ב׳:ג׳:ד׳", 
                    "sourceRef": "Ikar Tosafot Yom Tov on Mishnah Makkot 2:3:4", 
                    "ref": "Ikar Tosafot Yom Tov on Mishnah Makkot 2:3:4"
                }, 
                {
                    "category": "Commentary", 
                    "sourceHeRef": "עיקר תוספות יום טוב על משנה מכות ב׳:ג׳:ה׳", 
                    "sourceRef": "Ikar Tosafot Yom Tov on Mishnah Makkot 2:3:5", 
                    "ref": "Ikar Tosafot Yom Tov on Mishnah Makkot 2:3:5"
                }, 
                {
                    "category": "Tanach", 
                    "sourceHeRef": "במדבר ל״ה", 
                    "sourceRef": "Numbers 35", 
                    "ref": "Numbers 35"
                }
            ], 
            "text": ""
        }, 
        {
            "segmentNumber": "4", 
            "he": [
                "<b>להיכן גולין לערי מקלט</b> ומ''ב עיר של לוים נמי כולן קולטות  אלא שאלו שש  ערי מקלט בין נכנס שם רוצח לדעת שתקלטנו ובין נכנס שלא לדעת, קולטות. ושנים וארבעים עיר, לדעת קולטות, שלא לדעת אינן קולטות, ואם הרגו גואל הדם לשם פטור:\n\n"
            ], 
            "links": [
                {
                    "category": "Mishnah", 
                    "sourceHeRef": "משנה מכות ב׳:ד׳", 
                    "sourceRef": "Mishnah Makkot 2:4", 
                    "ref": "Mishnah Makkot 2:4"
                }, 
                {
                    "category": "Commentary", 
                    "sourceHeRef": "עיקר תוספות יום טוב על משנה מכות ב׳:ד׳:א׳", 
                    "sourceRef": "Ikar Tosafot Yom Tov on Mishnah Makkot 2:4:1", 
                    "ref": "Ikar Tosafot Yom Tov on Mishnah Makkot 2:4:1"
                }, 
                {
                    "category": "Commentary", 
                    "sourceHeRef": "עיקר תוספות יום טוב על משנה מכות ב׳:ד׳:ב׳", 
                    "sourceRef": "Ikar Tosafot Yom Tov on Mishnah Makkot 2:4:2", 
                    "ref": "Ikar Tosafot Yom Tov on Mishnah Makkot 2:4:2"
                }
            ], 
            "text": ""
        }, 
        {
            "segmentNumber": "5", 
            "he": [
                "<b>ומכוונות היו להן הדרכים</b> שהיו עושים הדרכים שיהו מכוונות לערי מקלט שלא יהא הרוצח תועה בדרך. ומקלט מקלט היה כתוב על פרשת דרכים , כדי שיכיר הרוצח ויפנה לשם:", 
                "<b> וידברו אליו</b> מדברים לגואל הדם אל תנהוג מנהג של שופכי דמים, בשגגה בא מעשה זה לידו :", 
                "<b> הוא מדבר על ידי עצמו</b> אין תלמידי חכמים נזקקין לדבר לגואל הדם בעבורו, אלא הוא טוען טענות לעצמו . ואין הלכה כר' מאיר:\n\n"
            ], 
            "links": [
                {
                    "category": "Mishnah", 
                    "sourceHeRef": "משנה מכות ב׳:ה׳", 
                    "sourceRef": "Mishnah Makkot 2:5", 
                    "ref": "Mishnah Makkot 2:5"
                }, 
                {
                    "category": "Mishnah", 
                    "sourceHeRef": "משנה מכות ב׳:ה׳", 
                    "sourceRef": "Mishnah Makkot 2:5", 
                    "ref": "Mishnah Makkot 2:5"
                }, 
                {
                    "category": "Mishnah", 
                    "sourceHeRef": "משנה מכות ב׳:ה׳", 
                    "sourceRef": "Mishnah Makkot 2:5", 
                    "ref": "Mishnah Makkot 2:5"
                }, 
                {
                    "category": "Commentary", 
                    "sourceHeRef": "עיקר תוספות יום טוב על משנה מכות ב׳:ה׳:א׳", 
                    "sourceRef": "Ikar Tosafot Yom Tov on Mishnah Makkot 2:5:1", 
                    "ref": "Ikar Tosafot Yom Tov on Mishnah Makkot 2:5:1"
                }, 
                {
                    "category": "Commentary", 
                    "sourceHeRef": "עיקר תוספות יום טוב על משנה מכות ב׳:ה׳:ב׳", 
                    "sourceRef": "Ikar Tosafot Yom Tov on Mishnah Makkot 2:5:2", 
                    "ref": "Ikar Tosafot Yom Tov on Mishnah Makkot 2:5:2"
                }, 
                {
                    "category": "Commentary", 
                    "sourceHeRef": "עיקר תוספות יום טוב על משנה מכות ב׳:ה׳:ג׳", 
                    "sourceRef": "Ikar Tosafot Yom Tov on Mishnah Makkot 2:5:3", 
                    "ref": "Ikar Tosafot Yom Tov on Mishnah Makkot 2:5:3"
                }
            ], 
            "text": ""
        }, 
        {
            "segmentNumber": "6", 
            "he": [
                "<b>ואחד המרובה בבגדים</b> שאחר שנגנזה צלוחית של שמן המשחה לא היה מתחנך להיות כהן גדול אלא בלבישת שמונה בגדים:", 
                "<b> ואחד שעבר ממשיחתו</b> שאירע קרי לכהן גדול ביום הכיפורים ומינו אחר תחתיו . במיתת כל אחד מאלו הוא חוזר, אע''פ שהאחר חי. דשלש פעמים כהן גדול כתיב בפרשה:", 
                "<b> רבי יהודה אומר אף משוח מלחמה</b> דקרא אחרינא כתיב (במדבר ל''ה) לשוב לשבת בארץ עד מות הכהן. ורבנן, כיון דלא כתיב בההוא קרא הכהן הגדול לא דרשי ליה . והלכה כחכמים:", 
                "<b> שלא יתפללו על בניהם שימותו</b> והם פשעו , שהיה להם לבקש רחמים על דורם שלא יארע בהן תקלה ולא בקשו:", 
                "<b> משנגמר דינו</b> לגלות. דמשנגמר דינו ועומד לגלות כאילו גלה :\n\n"
            ], 
            "links": [
                {
                    "category": "Mishnah", 
                    "sourceHeRef": "משנה מכות ב׳:ו׳", 
                    "sourceRef": "Mishnah Makkot 2:6", 
                    "ref": "Mishnah Makkot 2:6"
                }, 
                {
                    "category": "Mishnah", 
                    "sourceHeRef": "משנה מכות ב׳:ו׳", 
                    "sourceRef": "Mishnah Makkot 2:6", 
                    "ref": "Mishnah Makkot 2:6"
                }, 
                {
                    "category": "Mishnah", 
                    "sourceHeRef": "משנה מכות ב׳:ו׳", 
                    "sourceRef": "Mishnah Makkot 2:6", 
                    "ref": "Mishnah Makkot 2:6"
                }, 
                {
                    "category": "Mishnah", 
                    "sourceHeRef": "משנה מכות ב׳:ו׳", 
                    "sourceRef": "Mishnah Makkot 2:6", 
                    "ref": "Mishnah Makkot 2:6"
                }, 
                {
                    "category": "Mishnah", 
                    "sourceHeRef": "משנה מכות ב׳:ו׳", 
                    "sourceRef": "Mishnah Makkot 2:6", 
                    "ref": "Mishnah Makkot 2:6"
                }, 
                {
                    "category": "Commentary", 
                    "sourceHeRef": "עיקר תוספות יום טוב על משנה מכות ב׳:ו׳:ד׳", 
                    "sourceRef": "Ikar Tosafot Yom Tov on Mishnah Makkot 2:6:4", 
                    "ref": "Ikar Tosafot Yom Tov on Mishnah Makkot 2:6:4"
                }, 
                {
                    "category": "Commentary", 
                    "sourceHeRef": "עיקר תוספות יום טוב על משנה מכות ב׳:ו׳:ה׳", 
                    "sourceRef": "Ikar Tosafot Yom Tov on Mishnah Makkot 2:6:5", 
                    "ref": "Ikar Tosafot Yom Tov on Mishnah Makkot 2:6:5"
                }, 
                {
                    "category": "Commentary", 
                    "sourceHeRef": "עיקר תוספות יום טוב על משנה מכות ב׳:ו׳:ו׳", 
                    "sourceRef": "Ikar Tosafot Yom Tov on Mishnah Makkot 2:6:6", 
                    "ref": "Ikar Tosafot Yom Tov on Mishnah Makkot 2:6:6"
                }, 
                {
                    "category": "Commentary", 
                    "sourceHeRef": "עיקר תוספות יום טוב על משנה מכות ב׳:ו׳:ז׳", 
                    "sourceRef": "Ikar Tosafot Yom Tov on Mishnah Makkot 2:6:7", 
                    "ref": "Ikar Tosafot Yom Tov on Mishnah Makkot 2:6:7"
                }, 
                {
                    "category": "Tanach", 
                    "sourceHeRef": "במדבר ל״ה", 
                    "sourceRef": "Numbers 35", 
                    "ref": "Numbers 35"
                }
            ], 
            "text": ""
        }, 
        {
            "segmentNumber": "7", 
            "he": [
                "<b>נגמר דינו בלא כהן גדול</b> שלא היה כהן גדול בעולם:", 
                "<b> לא לעדות מצוה</b> כגון לעדות החודש:", 
                "<b> וכל אדם</b> חוץ מגואל הדם שהרגו חוץ לעיר מקלטו אינו חייב עליו, דכתיב (שם) אין לו דם, וגואל הדם רשות בידו להרגו. והלכה כר' עקיבא. והני מילי, שיצא מזיד. אבל יצא שוגג, כל אדם שהרגו נהרג עליו :", 
                "<b> הכל הולך אחר הנוף</b> בגמרא מפרש דאף אחר הנוף קאמר, שאם היה עיקרו בתוך התחום של ערי מקלט ונופו נוטה חוץ לתחום, כיון שנכנס תחת נופו, נקלט, הואיל ועיקרו לפנים שדינן נופו בתר עיקרו. ואי עיקרו בחוץ ונופו בפנים, כי היכי דבנופו לא מצי קטיל ליה, בעיקרו נמי לא מצי קטיל ליה, דשדינא עיקרו בתר נופו לחומרא:\n\n"
            ], 
            "links": [
                {
                    "category": "Mishnah", 
                    "sourceHeRef": "משנה מכות ב׳:ז׳", 
                    "sourceRef": "Mishnah Makkot 2:7", 
                    "ref": "Mishnah Makkot 2:7"
                }, 
                {
                    "category": "Mishnah", 
                    "sourceHeRef": "משנה מכות ב׳:ז׳", 
                    "sourceRef": "Mishnah Makkot 2:7", 
                    "ref": "Mishnah Makkot 2:7"
                }, 
                {
                    "category": "Mishnah", 
                    "sourceHeRef": "משנה מכות ב׳:ז׳", 
                    "sourceRef": "Mishnah Makkot 2:7", 
                    "ref": "Mishnah Makkot 2:7"
                }, 
                {
                    "category": "Mishnah", 
                    "sourceHeRef": "משנה מכות ב׳:ז׳", 
                    "sourceRef": "Mishnah Makkot 2:7", 
                    "ref": "Mishnah Makkot 2:7"
                }, 
                {
                    "category": "Commentary", 
                    "sourceHeRef": "עיקר תוספות יום טוב על משנה מכות ב׳:ז׳:ה׳", 
                    "sourceRef": "Ikar Tosafot Yom Tov on Mishnah Makkot 2:7:5", 
                    "ref": "Ikar Tosafot Yom Tov on Mishnah Makkot 2:7:5"
                }
            ], 
            "text": ""
        }, 
        {
            "segmentNumber": "8", 
            "he": [
                "<b>מעלים היו שכר ללוים</b> בארבעים ושתים עיר שגם הם קולטות, מעלה הרוצח שכר לבעה''ב שהוא דר בו:", 
                "<b> רבי מאיר אומר וכו'</b> ואין הלכה כר' מאיר. ודוקא במ''ב עיר, אבל בשש ערי מקלט כולי עלמא מודו שאין מעלה שכר לבעה''ב:", 
                "<b> לא היה חוזר לשררה שהיה בה</b> דכתיב (ויקרא כ''ה) ושב אל משפחתו ואל אחוזת אבותיו ישוב, למשפחתו הוא חוזר, ואינו חוזר למה שהוחזקו אבותיו . ואין הלכה כר''י :"
            ], 
            "links": [
                {
                    "category": "Mishnah", 
                    "sourceHeRef": "משנה מכות ב׳:ח׳", 
                    "sourceRef": "Mishnah Makkot 2:8", 
                    "ref": "Mishnah Makkot 2:8"
                }, 
                {
                    "category": "Mishnah", 
                    "sourceHeRef": "משנה מכות ב׳:ח׳", 
                    "sourceRef": "Mishnah Makkot 2:8", 
                    "ref": "Mishnah Makkot 2:8"
                }, 
                {
                    "category": "Mishnah", 
                    "sourceHeRef": "משנה מכות ב׳:ח׳", 
                    "sourceRef": "Mishnah Makkot 2:8", 
                    "ref": "Mishnah Makkot 2:8"
                }, 
                {
                    "category": "Commentary", 
                    "sourceHeRef": "עיקר תוספות יום טוב על משנה מכות ב׳:ח׳:ה׳", 
                    "sourceRef": "Ikar Tosafot Yom Tov on Mishnah Makkot 2:8:5", 
                    "ref": "Ikar Tosafot Yom Tov on Mishnah Makkot 2:8:5"
                }, 
                {
                    "category": "Commentary", 
                    "sourceHeRef": "עיקר תוספות יום טוב על משנה מכות ב׳:ח׳:ו׳", 
                    "sourceRef": "Ikar Tosafot Yom Tov on Mishnah Makkot 2:8:6", 
                    "ref": "Ikar Tosafot Yom Tov on Mishnah Makkot 2:8:6"
                }, 
                {
                    "category": "Tanach", 
                    "sourceHeRef": "ויקרא כ״ה", 
                    "sourceRef": "Leviticus 25", 
                    "ref": "Leviticus 25"
                }
            ], 
            "text": ""
        }
    ], 
    "book": "Bartenura on Mishnah Makkot", 
    "prev": "Bartenura on Mishnah Makkot 1:10", 
    "textDepth": 3, 
    "sectionNames": [
        "Chapter", 
        "Mishna", 
        "Comment"
    ], 
    "sections": [
        2
    ], 
    "commentator": "Bartenura", 
    "isComplex": false, 
    "commentaryCategories": [
        "Mishnah", 
        "Seder Nezikin"
    ], 
    "titleVariants": [
        "Obadiah ben Abraham of Bertinoro on Mishnah Makkot", 
        "Ovadia of Bartenura on Mishnah Makkot", 
        "Obadiah of Bertinoro on M Makkot", 
        "Bartenura on Mishnah Makkot", 
        "Obadiah of Bertinoro on M. Makkot", 
        "Bartenura on Mishna Makkot", 
        "Bartenura on M. Makkot", 
        "Ovadia of Bartenura on M Makkot", 
        "Bartenura on M Makkot", 
        "Obadiah ben Abraham of Bertinoro on M Makkot", 
        "Ovadia of Bartenura on M. Makkot", 
        "Obadiah ben Abraham of Bertinoro on M. Makkot", 
        "Obadiah of Bertinoro on Mishna Makkot", 
        "Ovadia of Bartenura on Mishna Makkot", 
        "Obadiah ben Abraham of Bertinoro on Mishna Makkot", 
        "Obadiah of Bertinoro on Mishnah Makkot"
    ], 
    "categories": [
        "Commentary", 
        "Mishnah", 
        "Bartenura"
    ], 
    "ref": "Bartenura on Mishnah Makkot 2", 
    "type": "Commentary", 
    "addressTypes": [
        "Perek", 
        "Mishnah", 
        "Integer"
    ], 
    "heCommentator": "ברטנורא", 
    "length": 3, 
    "indexTitle": "Bartenura on Mishnah Makkot", 
    "heIndexTitle": "ברטנורא על משנה מכות", 
    "alts": [], 
    "order": [
        35, 
        5
    ]
}