{
    "sections": {
        "Rashi on Yevamot 120b:20": {
            "content": [], 
            "heTitle": "רש\"י על יבמות ק״כ ב:כ׳", 
            "indexTitle": "Rashi on Yevamot", 
            "sectionRef": "Rashi on Yevamot 120b:20", 
            "prev": "Rashi on Yevamot 120b:13", 
            "ref": "Rashi on Yevamot 120b:20", 
            "heRef": "רש\"י על יבמות ק״כ ב:כ׳", 
            "next": "Rashi on Yevamot 120b:24"
        }, 
        "Rashi on Yevamot 120b:21": {
            "content": [], 
            "heTitle": "רש\"י על יבמות ק״כ ב:כ״א", 
            "indexTitle": "Rashi on Yevamot", 
            "sectionRef": "Rashi on Yevamot 120b:21", 
            "prev": "Rashi on Yevamot 120b:13", 
            "ref": "Rashi on Yevamot 120b:21", 
            "heRef": "רש\"י על יבמות ק״כ ב:כ״א", 
            "next": "Rashi on Yevamot 120b:24"
        }, 
        "Rashi on Yevamot 120b:22": {
            "content": [], 
            "heTitle": "רש\"י על יבמות ק״כ ב:כ״ב", 
            "indexTitle": "Rashi on Yevamot", 
            "sectionRef": "Rashi on Yevamot 120b:22", 
            "prev": "Rashi on Yevamot 120b:13", 
            "ref": "Rashi on Yevamot 120b:22", 
            "heRef": "רש\"י על יבמות ק״כ ב:כ״ב", 
            "next": "Rashi on Yevamot 120b:24"
        }, 
        "Rashi on Yevamot 120b:23": {
            "content": [], 
            "heTitle": "רש\"י על יבמות ק״כ ב:כ״ג", 
            "indexTitle": "Rashi on Yevamot", 
            "sectionRef": "Rashi on Yevamot 120b:23", 
            "prev": "Rashi on Yevamot 120b:13", 
            "ref": "Rashi on Yevamot 120b:23", 
            "heRef": "רש\"י על יבמות ק״כ ב:כ״ג", 
            "next": "Rashi on Yevamot 120b:24"
        }, 
        "Rashi on Yevamot 120b:24": {
            "content": [
                {
                    "segmentNumber": "1", 
                    "links": [
                        {
                            "category": "Talmud", 
                            "index_title": "Yevamot", 
                            "sourceHeRef": "יבמות ק״כ ב:כ״ד", 
                            "sourceRef": "Yevamot 120b:24"
                        }
                    ], 
                    "he": "והא קתני סיפא - דמתני' (לקמן דף קכא.):"
                }
            ], 
            "heTitle": "רש\"י על יבמות ק״כ ב:כ״ד", 
            "indexTitle": "Rashi on Yevamot", 
            "sectionRef": "Rashi on Yevamot 120b:24", 
            "prev": "Rashi on Yevamot 120b:13", 
            "ref": "Rashi on Yevamot 120b:24", 
            "heRef": "רש\"י על יבמות ק״כ ב:כ״ד", 
            "next": "Rashi on Yevamot 120b:26"
        }, 
        "Rashi on Yevamot 120b:25": {
            "content": [], 
            "heTitle": "רש\"י על יבמות ק״כ ב:כ״ה", 
            "indexTitle": "Rashi on Yevamot", 
            "sectionRef": "Rashi on Yevamot 120b:25", 
            "prev": "Rashi on Yevamot 120b:24", 
            "ref": "Rashi on Yevamot 120b:25", 
            "heRef": "רש\"י על יבמות ק״כ ב:כ״ה", 
            "next": "Rashi on Yevamot 120b:26"
        }, 
        "Rashi on Yevamot 120b:26": {
            "content": [
                {
                    "segmentNumber": "1", 
                    "links": [
                        {
                            "category": "Talmud", 
                            "index_title": "Yevamot", 
                            "sourceHeRef": "יבמות ק״כ ב:כ״ו", 
                            "sourceRef": "Yevamot 120b:26"
                        }
                    ], 
                    "he": "מן הארכובה ולמטה לא תנשא - דחיי ואי משום טביעה הואיל ומים שאין להם סוף חיישינן שמא יצא מן המים ועלה ברחוק פרסה או יותר ולא ראוהו קתני מן הארכובה ולמעלה תנשא אלמא מגוייד לא חיי:"
                }
            ], 
            "heTitle": "רש\"י על יבמות ק״כ ב:כ״ו", 
            "indexTitle": "Rashi on Yevamot", 
            "sectionRef": "Rashi on Yevamot 120b:26", 
            "prev": "Rashi on Yevamot 120b:24", 
            "ref": "Rashi on Yevamot 120b:26", 
            "heRef": "רש\"י על יבמות ק״כ ב:כ״ו", 
            "next": "Rashi on Yevamot 120b:27"
        }, 
        "Rashi on Yevamot 120b:27": {
            "content": [
                {
                    "segmentNumber": "1", 
                    "links": [
                        {
                            "category": "Talmud", 
                            "index_title": "Yevamot", 
                            "sourceHeRef": "יבמות ק״כ ב:כ״ז", 
                            "sourceRef": "Yevamot 120b:27"
                        }
                    ], 
                    "he": "שאני מיא דמרזו מכה - מחזיקות ומגדלות כאב המכה. וחברו מיטרא רזיא לאילני במס' תענית (דף ג:):"
                }
            ], 
            "heTitle": "רש\"י על יבמות ק״כ ב:כ״ז", 
            "indexTitle": "Rashi on Yevamot", 
            "sectionRef": "Rashi on Yevamot 120b:27", 
            "prev": "Rashi on Yevamot 120b:26", 
            "ref": "Rashi on Yevamot 120b:27", 
            "heRef": "רש\"י על יבמות ק״כ ב:כ״ז", 
            "next": "Rashi on Yevamot 120b:29"
        }, 
        "Rashi on Yevamot 120b:28": {
            "content": [], 
            "heTitle": "רש\"י על יבמות ק״כ ב:כ״ח", 
            "indexTitle": "Rashi on Yevamot", 
            "sectionRef": "Rashi on Yevamot 120b:28", 
            "prev": "Rashi on Yevamot 120b:27", 
            "ref": "Rashi on Yevamot 120b:28", 
            "heRef": "רש\"י על יבמות ק״כ ב:כ״ח", 
            "next": "Rashi on Yevamot 120b:29"
        }, 
        "Rashi on Yevamot 120b:29": {
            "content": [
                {
                    "segmentNumber": "1", 
                    "links": [
                        {
                            "category": "Talmud", 
                            "index_title": "Yevamot", 
                            "sourceHeRef": "יבמות ק״כ ב:כ״ט", 
                            "sourceRef": "Yevamot 120b:29"
                        }, 
                        {
                            "category": "Tanakh", 
                            "index_title": "Daniel", 
                            "sourceHeRef": "דניאל ד׳", 
                            "sourceRef": "Daniel 4"
                        }
                    ], 
                    "he": "גיידיה לגמליה - לשון גודו אילנא (דניאל ד):"
                }, 
                {
                    "segmentNumber": "2", 
                    "links": [
                        {
                            "category": "Talmud", 
                            "index_title": "Yevamot", 
                            "sourceHeRef": "יבמות ק״כ ב:כ״ט", 
                            "sourceRef": "Yevamot 120b:29"
                        }
                    ], 
                    "he": "ולא אפסקיה לנערותיה - ולא הפסיק לגמור את קול נערותו שהיה נוער עד שמת:"
                }
            ], 
            "heTitle": "רש\"י על יבמות ק״כ ב:כ״ט", 
            "indexTitle": "Rashi on Yevamot", 
            "sectionRef": "Rashi on Yevamot 120b:29", 
            "prev": "Rashi on Yevamot 120b:27", 
            "ref": "Rashi on Yevamot 120b:29", 
            "heRef": "רש\"י על יבמות ק״כ ב:כ״ט", 
            "next": "Rashi on Yevamot 120b:33"
        }, 
        "Rashi on Yevamot 120b:42": {
            "content": [
                {
                    "segmentNumber": "1", 
                    "links": [
                        {
                            "category": "Talmud", 
                            "index_title": "Yevamot", 
                            "sourceHeRef": "יבמות ק״כ ב:מ״ב", 
                            "sourceRef": "Yevamot 120b:42"
                        }
                    ], 
                    "he": "ומשני חי הוא - לפיכך גיטו גט וסופו למות הלכך מעידין:"
                }
            ], 
            "heTitle": "רש\"י על יבמות ק״כ ב:מ״ב", 
            "indexTitle": "Rashi on Yevamot", 
            "sectionRef": "Rashi on Yevamot 120b:42", 
            "prev": "Rashi on Yevamot 120b:41", 
            "ref": "Rashi on Yevamot 120b:42", 
            "heRef": "רש\"י על יבמות ק״כ ב:מ״ב", 
            "next": "Rashi on Yevamot 120b:43"
        }, 
        "Rashi on Yevamot 120b:43": {
            "content": [
                {
                    "segmentNumber": "1", 
                    "links": [
                        {
                            "category": "Talmud", 
                            "index_title": "Yevamot", 
                            "sourceHeRef": "יבמות ק״כ ב:מ״ג", 
                            "sourceRef": "Yevamot 120b:43"
                        }
                    ], 
                    "he": "אלא מעתה - הואיל וודאי ימות יהא גולה השוחטו אם נפל סכין מידו עליו ושחטו אלמה תניא אין גולה ואפילו מת שמא מחמת דבר אחר מת:"
                }, 
                {
                    "segmentNumber": "2", 
                    "links": [
                        {
                            "category": "Talmud", 
                            "index_title": "Yevamot", 
                            "sourceHeRef": "יבמות ק״כ ב:מ״ג", 
                            "sourceRef": "Yevamot 120b:43"
                        }
                    ], 
                    "he": "על ידו - בשבילו:"
                }
            ], 
            "heTitle": "רש\"י על יבמות ק״כ ב:מ״ג", 
            "indexTitle": "Rashi on Yevamot", 
            "sectionRef": "Rashi on Yevamot 120b:43", 
            "prev": "Rashi on Yevamot 120b:42", 
            "ref": "Rashi on Yevamot 120b:43", 
            "heRef": "רש\"י על יבמות ק״כ ב:מ״ג", 
            "next": "Rashi on Yevamot 120b:46"
        }, 
        "Rashi on Yevamot 120b:40": {
            "content": [], 
            "heTitle": "רש\"י על יבמות ק״כ ב:מ׳", 
            "indexTitle": "Rashi on Yevamot", 
            "sectionRef": "Rashi on Yevamot 120b:40", 
            "prev": "Rashi on Yevamot 120b:37", 
            "ref": "Rashi on Yevamot 120b:40", 
            "heRef": "רש\"י על יבמות ק״כ ב:מ׳", 
            "next": "Rashi on Yevamot 120b:41"
        }, 
        "Rashi on Yevamot 120b:41": {
            "content": [
                {
                    "segmentNumber": "1", 
                    "links": [
                        {
                            "category": "Talmud", 
                            "index_title": "Yevamot", 
                            "sourceHeRef": "יבמות ק״כ ב:מ״א", 
                            "sourceRef": "Yevamot 120b:41"
                        }
                    ], 
                    "he": "יכתבו ויתנו - אלמא כחי מחזקינן:"
                }
            ], 
            "heTitle": "רש\"י על יבמות ק״כ ב:מ״א", 
            "indexTitle": "Rashi on Yevamot", 
            "sectionRef": "Rashi on Yevamot 120b:41", 
            "prev": "Rashi on Yevamot 120b:37", 
            "ref": "Rashi on Yevamot 120b:41", 
            "heRef": "רש\"י על יבמות ק״כ ב:מ״א", 
            "next": "Rashi on Yevamot 120b:42"
        }, 
        "Rashi on Yevamot 120b:46": {
            "content": [
                {
                    "segmentNumber": "1", 
                    "links": [
                        {
                            "category": "Talmud", 
                            "index_title": "Yevamot", 
                            "sourceHeRef": "יבמות ק״כ ב:מ״ו", 
                            "sourceRef": "Yevamot 120b:46"
                        }
                    ], 
                    "he": "הרוח בלבלתו - ומחמת הרוח מת הלכך לגבי גלות פטור ומיהו לענין אשתו מעידין עליו דודאי ימות:"
                }
            ], 
            "heTitle": "רש\"י על יבמות ק״כ ב:מ״ו", 
            "indexTitle": "Rashi on Yevamot", 
            "sectionRef": "Rashi on Yevamot 120b:46", 
            "prev": "Rashi on Yevamot 120b:43", 
            "ref": "Rashi on Yevamot 120b:46", 
            "heRef": "רש\"י על יבמות ק״כ ב:מ״ו", 
            "next": "Rashi on Yevamot 121a:1"
        }, 
        "Rashi on Yevamot 120b:44": {
            "content": [], 
            "heTitle": "רש\"י על יבמות ק״כ ב:מ״ד", 
            "indexTitle": "Rashi on Yevamot", 
            "sectionRef": "Rashi on Yevamot 120b:44", 
            "prev": "Rashi on Yevamot 120b:43", 
            "ref": "Rashi on Yevamot 120b:44", 
            "heRef": "רש\"י על יבמות ק״כ ב:מ״ד", 
            "next": "Rashi on Yevamot 120b:46"
        }, 
        "Rashi on Yevamot 120b:45": {
            "content": [], 
            "heTitle": "רש\"י על יבמות ק״כ ב:מ״ה", 
            "indexTitle": "Rashi on Yevamot", 
            "sectionRef": "Rashi on Yevamot 120b:45", 
            "prev": "Rashi on Yevamot 120b:43", 
            "ref": "Rashi on Yevamot 120b:45", 
            "heRef": "רש\"י על יבמות ק״כ ב:מ״ה", 
            "next": "Rashi on Yevamot 120b:46"
        }, 
        "Rashi on Yevamot 120b:9": {
            "content": [
                {
                    "segmentNumber": "1", 
                    "links": [
                        {
                            "category": "Talmud", 
                            "index_title": "Yevamot", 
                            "sourceHeRef": "יבמות ק״כ ב:ט׳", 
                            "sourceRef": "Yevamot 120b:9"
                        }
                    ], 
                    "he": "לא שיילי אינשי - בעל החמור לא היה שואל אוכפו של זה לחברו:"
                }, 
                {
                    "segmentNumber": "2", 
                    "links": [
                        {
                            "category": "Talmud", 
                            "index_title": "Yevamot", 
                            "sourceHeRef": "יבמות ק״כ ב:ט׳", 
                            "sourceRef": "Yevamot 120b:9"
                        }
                    ], 
                    "he": "דמסקיב ליה - דאשי\"ר בלע\"ז:"
                }
            ], 
            "heTitle": "רש\"י על יבמות ק״כ ב:ט׳", 
            "indexTitle": "Rashi on Yevamot", 
            "sectionRef": "Rashi on Yevamot 120b:9", 
            "prev": "Rashi on Yevamot 120b:8", 
            "ref": "Rashi on Yevamot 120b:9", 
            "heRef": "רש\"י על יבמות ק״כ ב:ט׳", 
            "next": "Rashi on Yevamot 120b:10"
        }, 
        "Rashi on Yevamot 120b:8": {
            "content": [
                {
                    "segmentNumber": "1", 
                    "links": [
                        {
                            "category": "Talmud", 
                            "index_title": "Yevamot", 
                            "sourceHeRef": "יבמות ק״כ ב:ח׳", 
                            "sourceRef": "Yevamot 120b:8"
                        }, 
                        {
                            "category": "Talmud", 
                            "index_title": "Bava Metzia", 
                            "sourceHeRef": "בבא מציעא כ״ז א", 
                            "sourceRef": "Bava Metzia 27a"
                        }
                    ], 
                    "he": "חמור בסימני אוכף - דקיימא לן באלו מציאות (ב\"מ דף כז.) דמהדרינן:"
                }
            ], 
            "heTitle": "רש\"י על יבמות ק״כ ב:ח׳", 
            "indexTitle": "Rashi on Yevamot", 
            "sectionRef": "Rashi on Yevamot 120b:8", 
            "prev": "Rashi on Yevamot 120b:7", 
            "ref": "Rashi on Yevamot 120b:8", 
            "heRef": "רש\"י על יבמות ק״כ ב:ח׳", 
            "next": "Rashi on Yevamot 120b:9"
        }, 
        "Rashi on Yevamot 120b:5": {
            "content": [], 
            "heTitle": "רש\"י על יבמות ק״כ ב:ה׳", 
            "indexTitle": "Rashi on Yevamot", 
            "sectionRef": "Rashi on Yevamot 120b:5", 
            "prev": "Rashi on Yevamot 120b:1", 
            "ref": "Rashi on Yevamot 120b:5", 
            "heRef": "רש\"י על יבמות ק״כ ב:ה׳", 
            "next": "Rashi on Yevamot 120b:7"
        }, 
        "Rashi on Yevamot 120b:4": {
            "content": [], 
            "heTitle": "רש\"י על יבמות ק״כ ב:ד׳", 
            "indexTitle": "Rashi on Yevamot", 
            "sectionRef": "Rashi on Yevamot 120b:4", 
            "prev": "Rashi on Yevamot 120b:1", 
            "ref": "Rashi on Yevamot 120b:4", 
            "heRef": "רש\"י על יבמות ק״כ ב:ד׳", 
            "next": "Rashi on Yevamot 120b:7"
        }, 
        "Rashi on Yevamot 120b:7": {
            "content": [
                {
                    "segmentNumber": "1", 
                    "links": [
                        {
                            "category": "Talmud", 
                            "index_title": "Yevamot", 
                            "sourceHeRef": "יבמות ק״כ ב:ז׳", 
                            "sourceRef": "Yevamot 120b:7"
                        }
                    ], 
                    "he": "דארוך וגוץ - לאו סימנין נינהו:"
                }, 
                {
                    "segmentNumber": "2", 
                    "links": [
                        {
                            "category": "Talmud", 
                            "index_title": "Yevamot", 
                            "sourceHeRef": "יבמות ק״כ ב:ז׳", 
                            "sourceRef": "Yevamot 120b:7"
                        }
                    ], 
                    "he": "כליו - בגדיו שמא לאחר השאילן ואותו אחר מת וראוהו אלו וסבורים שזהו בעל הבגדים:"
                }
            ], 
            "heTitle": "רש\"י על יבמות ק״כ ב:ז׳", 
            "indexTitle": "Rashi on Yevamot", 
            "sectionRef": "Rashi on Yevamot 120b:7", 
            "prev": "Rashi on Yevamot 120b:1", 
            "ref": "Rashi on Yevamot 120b:7", 
            "heRef": "רש\"י על יבמות ק״כ ב:ז׳", 
            "next": "Rashi on Yevamot 120b:8"
        }, 
        "Rashi on Yevamot 120b:6": {
            "content": [], 
            "heTitle": "רש\"י על יבמות ק״כ ב:ו׳", 
            "indexTitle": "Rashi on Yevamot", 
            "sectionRef": "Rashi on Yevamot 120b:6", 
            "prev": "Rashi on Yevamot 120b:1", 
            "ref": "Rashi on Yevamot 120b:6", 
            "heRef": "רש\"י על יבמות ק״כ ב:ו׳", 
            "next": "Rashi on Yevamot 120b:7"
        }, 
        "Rashi on Yevamot 120b:1": {
            "content": [
                {
                    "segmentNumber": "1", 
                    "links": [
                        {
                            "category": "Talmud", 
                            "index_title": "Yevamot", 
                            "sourceHeRef": "יבמות ק״כ ב:א׳", 
                            "sourceRef": "Yevamot 120b:1"
                        }
                    ], 
                    "he": "מובהק הוא - ואע\"ג דסימנין דרבנן אסימן כי האי סמכינן אפילו אאיסור דאורייתא:"
                }
            ], 
            "heTitle": "רש\"י על יבמות ק״כ ב:א׳", 
            "indexTitle": "Rashi on Yevamot", 
            "sectionRef": "Rashi on Yevamot 120b:1", 
            "prev": "Rashi on Yevamot 120a:58", 
            "ref": "Rashi on Yevamot 120b:1", 
            "heRef": "רש\"י על יבמות ק״כ ב:א׳", 
            "next": "Rashi on Yevamot 120b:7"
        }, 
        "Rashi on Yevamot 120b:3": {
            "content": [], 
            "heTitle": "רש\"י על יבמות ק״כ ב:ג׳", 
            "indexTitle": "Rashi on Yevamot", 
            "sectionRef": "Rashi on Yevamot 120b:3", 
            "prev": "Rashi on Yevamot 120b:1", 
            "ref": "Rashi on Yevamot 120b:3", 
            "heRef": "רש\"י על יבמות ק״כ ב:ג׳", 
            "next": "Rashi on Yevamot 120b:7"
        }, 
        "Rashi on Yevamot 120b:2": {
            "content": [], 
            "heTitle": "רש\"י על יבמות ק״כ ב:ב׳", 
            "indexTitle": "Rashi on Yevamot", 
            "sectionRef": "Rashi on Yevamot 120b:2", 
            "prev": "Rashi on Yevamot 120b:1", 
            "ref": "Rashi on Yevamot 120b:2", 
            "heRef": "רש\"י על יבמות ק״כ ב:ב׳", 
            "next": "Rashi on Yevamot 120b:7"
        }, 
        "Rashi on Yevamot 120b:33": {
            "content": [
                {
                    "segmentNumber": "1", 
                    "links": [
                        {
                            "category": "Talmud", 
                            "index_title": "Yevamot", 
                            "sourceHeRef": "יבמות ק״כ ב:ל״ג", 
                            "sourceRef": "Yevamot 120b:33"
                        }
                    ], 
                    "he": "מלובנת - באש שמתוך המכוה מתרפא:"
                }
            ], 
            "heTitle": "רש\"י על יבמות ק״כ ב:ל״ג", 
            "indexTitle": "Rashi on Yevamot", 
            "sectionRef": "Rashi on Yevamot 120b:33", 
            "prev": "Rashi on Yevamot 120b:29", 
            "ref": "Rashi on Yevamot 120b:33", 
            "heRef": "רש\"י על יבמות ק״כ ב:ל״ג", 
            "next": "Rashi on Yevamot 120b:37"
        }, 
        "Rashi on Yevamot 120b:32": {
            "content": [], 
            "heTitle": "רש\"י על יבמות ק״כ ב:ל״ב", 
            "indexTitle": "Rashi on Yevamot", 
            "sectionRef": "Rashi on Yevamot 120b:32", 
            "prev": "Rashi on Yevamot 120b:29", 
            "ref": "Rashi on Yevamot 120b:32", 
            "heRef": "רש\"י על יבמות ק״כ ב:ל״ב", 
            "next": "Rashi on Yevamot 120b:33"
        }, 
        "Rashi on Yevamot 120b:31": {
            "content": [], 
            "heTitle": "רש\"י על יבמות ק״כ ב:ל״א", 
            "indexTitle": "Rashi on Yevamot", 
            "sectionRef": "Rashi on Yevamot 120b:31", 
            "prev": "Rashi on Yevamot 120b:29", 
            "ref": "Rashi on Yevamot 120b:31", 
            "heRef": "רש\"י על יבמות ק״כ ב:ל״א", 
            "next": "Rashi on Yevamot 120b:33"
        }, 
        "Rashi on Yevamot 120b:30": {
            "content": [], 
            "heTitle": "רש\"י על יבמות ק״כ ב:ל׳", 
            "indexTitle": "Rashi on Yevamot", 
            "sectionRef": "Rashi on Yevamot 120b:30", 
            "prev": "Rashi on Yevamot 120b:29", 
            "ref": "Rashi on Yevamot 120b:30", 
            "heRef": "רש\"י על יבמות ק״כ ב:ל׳", 
            "next": "Rashi on Yevamot 120b:33"
        }, 
        "Rashi on Yevamot 120b:37": {
            "content": [
                {
                    "segmentNumber": "1", 
                    "links": [
                        {
                            "category": "Talmud", 
                            "index_title": "Yevamot", 
                            "sourceHeRef": "יבמות ק״כ ב:ל״ז", 
                            "sourceRef": "Yevamot 120b:37"
                        }
                    ], 
                    "he": "וברח - הנשחט:"
                }
            ], 
            "heTitle": "רש\"י על יבמות ק״כ ב:ל״ז", 
            "indexTitle": "Rashi on Yevamot", 
            "sectionRef": "Rashi on Yevamot 120b:37", 
            "prev": "Rashi on Yevamot 120b:33", 
            "ref": "Rashi on Yevamot 120b:37", 
            "heRef": "רש\"י על יבמות ק״כ ב:ל״ז", 
            "next": "Rashi on Yevamot 120b:41"
        }, 
        "Rashi on Yevamot 120b:36": {
            "content": [], 
            "heTitle": "רש\"י על יבמות ק״כ ב:ל״ו", 
            "indexTitle": "Rashi on Yevamot", 
            "sectionRef": "Rashi on Yevamot 120b:36", 
            "prev": "Rashi on Yevamot 120b:33", 
            "ref": "Rashi on Yevamot 120b:36", 
            "heRef": "רש\"י על יבמות ק״כ ב:ל״ו", 
            "next": "Rashi on Yevamot 120b:37"
        }, 
        "Rashi on Yevamot 120b:35": {
            "content": [], 
            "heTitle": "רש\"י על יבמות ק״כ ב:ל״ה", 
            "indexTitle": "Rashi on Yevamot", 
            "sectionRef": "Rashi on Yevamot 120b:35", 
            "prev": "Rashi on Yevamot 120b:33", 
            "ref": "Rashi on Yevamot 120b:35", 
            "heRef": "רש\"י על יבמות ק״כ ב:ל״ה", 
            "next": "Rashi on Yevamot 120b:37"
        }, 
        "Rashi on Yevamot 120b:34": {
            "content": [], 
            "heTitle": "רש\"י על יבמות ק״כ ב:ל״ד", 
            "indexTitle": "Rashi on Yevamot", 
            "sectionRef": "Rashi on Yevamot 120b:34", 
            "prev": "Rashi on Yevamot 120b:33", 
            "ref": "Rashi on Yevamot 120b:34", 
            "heRef": "רש\"י על יבמות ק״כ ב:ל״ד", 
            "next": "Rashi on Yevamot 120b:37"
        }, 
        "Rashi on Yevamot 120b:39": {
            "content": [], 
            "heTitle": "רש\"י על יבמות ק״כ ב:ל״ט", 
            "indexTitle": "Rashi on Yevamot", 
            "sectionRef": "Rashi on Yevamot 120b:39", 
            "prev": "Rashi on Yevamot 120b:37", 
            "ref": "Rashi on Yevamot 120b:39", 
            "heRef": "רש\"י על יבמות ק״כ ב:ל״ט", 
            "next": "Rashi on Yevamot 120b:41"
        }, 
        "Rashi on Yevamot 120b:38": {
            "content": [], 
            "heTitle": "רש\"י על יבמות ק״כ ב:ל״ח", 
            "indexTitle": "Rashi on Yevamot", 
            "sectionRef": "Rashi on Yevamot 120b:38", 
            "prev": "Rashi on Yevamot 120b:37", 
            "ref": "Rashi on Yevamot 120b:38", 
            "heRef": "רש\"י על יבמות ק״כ ב:ל״ח", 
            "next": "Rashi on Yevamot 120b:41"
        }, 
        "Rashi on Yevamot 120b:19": {
            "content": [], 
            "heTitle": "רש\"י על יבמות ק״כ ב:י״ט", 
            "indexTitle": "Rashi on Yevamot", 
            "sectionRef": "Rashi on Yevamot 120b:19", 
            "prev": "Rashi on Yevamot 120b:13", 
            "ref": "Rashi on Yevamot 120b:19", 
            "heRef": "רש\"י על יבמות ק״כ ב:י״ט", 
            "next": "Rashi on Yevamot 120b:24"
        }, 
        "Rashi on Yevamot 120b:18": {
            "content": [], 
            "heTitle": "רש\"י על יבמות ק״כ ב:י״ח", 
            "indexTitle": "Rashi on Yevamot", 
            "sectionRef": "Rashi on Yevamot 120b:18", 
            "prev": "Rashi on Yevamot 120b:13", 
            "ref": "Rashi on Yevamot 120b:18", 
            "heRef": "רש\"י על יבמות ק״כ ב:י״ח", 
            "next": "Rashi on Yevamot 120b:24"
        }, 
        "Rashi on Yevamot 120b:11": {
            "content": [
                {
                    "segmentNumber": "1", 
                    "links": [
                        {
                            "category": "Talmud", 
                            "index_title": "Yevamot", 
                            "sourceHeRef": "יבמות ק״כ ב:י״א", 
                            "sourceRef": "Yevamot 120b:11"
                        }
                    ], 
                    "he": "לזיופא - שמא יעשה חותם וצורה כנגד טבעתו וילך ויראהו לאשתו ויטול הימנה כל אשר ישאל:"
                }, 
                {
                    "segmentNumber": "2", 
                    "links": [
                        {
                            "category": "Talmud", 
                            "index_title": "Yevamot", 
                            "sourceHeRef": "יבמות ק״כ ב:י״א", 
                            "sourceRef": "Yevamot 120b:11"
                        }
                    ], 
                    "he": "מנחשי אינשי - שלא יטול זה מזלו. ואי קשיא הא קתני או שנמצא בין כליו הא אמרן דחיישינן לשאלה לא קשיא כליו דמתניתין היינו בגדיו ודרך להשאיל מלבושים וכליו דגיטין היינו בין כלי תשמישי ביתו בתיבתו שאין דרך להשאילם:"
                }
            ], 
            "heTitle": "רש\"י על יבמות ק״כ ב:י״א", 
            "indexTitle": "Rashi on Yevamot", 
            "sectionRef": "Rashi on Yevamot 120b:11", 
            "prev": "Rashi on Yevamot 120b:10", 
            "ref": "Rashi on Yevamot 120b:11", 
            "heRef": "רש\"י על יבמות ק״כ ב:י״א", 
            "next": "Rashi on Yevamot 120b:12"
        }, 
        "Rashi on Yevamot 120b:10": {
            "content": [
                {
                    "segmentNumber": "1", 
                    "links": [
                        {
                            "category": "Talmud", 
                            "index_title": "Yevamot", 
                            "sourceHeRef": "יבמות ק״כ ב:י׳", 
                            "sourceRef": "Yevamot 120b:10"
                        }
                    ], 
                    "he": "מצאו קשור בכיס כו' - מאי איכא למימר ליחוש אע\"פ שהוא מכיר את הכיס יש לחוש שמא השאילו לאחר וקשר בו גט זה והחזירו לזה ושכח בו את הגט:"
                }
            ], 
            "heTitle": "רש\"י על יבמות ק״כ ב:י׳", 
            "indexTitle": "Rashi on Yevamot", 
            "sectionRef": "Rashi on Yevamot 120b:10", 
            "prev": "Rashi on Yevamot 120b:9", 
            "ref": "Rashi on Yevamot 120b:10", 
            "heRef": "רש\"י על יבמות ק״כ ב:י׳", 
            "next": "Rashi on Yevamot 120b:11"
        }, 
        "Rashi on Yevamot 120b:13": {
            "content": [
                {
                    "segmentNumber": "1", 
                    "links": [
                        {
                            "category": "Talmud", 
                            "index_title": "Yevamot", 
                            "sourceHeRef": "יבמות ק״כ ב:י״ג", 
                            "sourceRef": "Yevamot 120b:13"
                        }
                    ], 
                    "he": "בסומקי וחיורי - דלא אמרינן הוי סימן במלבושיו אי שחורין היו או לבנים היו דאין זה סימן שהרבה יש שחורין ולבנים ואדומים:"
                }
            ], 
            "heTitle": "רש\"י על יבמות ק״כ ב:י״ג", 
            "indexTitle": "Rashi on Yevamot", 
            "sectionRef": "Rashi on Yevamot 120b:13", 
            "prev": "Rashi on Yevamot 120b:12", 
            "ref": "Rashi on Yevamot 120b:13", 
            "heRef": "רש\"י על יבמות ק״כ ב:י״ג", 
            "next": "Rashi on Yevamot 120b:24"
        }, 
        "Rashi on Yevamot 120b:12": {
            "content": [
                {
                    "segmentNumber": "1", 
                    "links": [
                        {
                            "category": "Talmud", 
                            "index_title": "Yevamot", 
                            "sourceHeRef": "יבמות ק״כ ב:י״ב", 
                            "sourceRef": "Yevamot 120b:12"
                        }
                    ], 
                    "he": "ואיבעית אימא כליו - דמתני' דקתני בגופו ובכליו דלא סמכינן אסימנייהו:"
                }
            ], 
            "heTitle": "רש\"י על יבמות ק״כ ב:י״ב", 
            "indexTitle": "Rashi on Yevamot", 
            "sectionRef": "Rashi on Yevamot 120b:12", 
            "prev": "Rashi on Yevamot 120b:11", 
            "ref": "Rashi on Yevamot 120b:12", 
            "heRef": "רש\"י על יבמות ק״כ ב:י״ב", 
            "next": "Rashi on Yevamot 120b:13"
        }, 
        "Rashi on Yevamot 120b:15": {
            "content": [], 
            "heTitle": "רש\"י על יבמות ק״כ ב:ט״ו", 
            "indexTitle": "Rashi on Yevamot", 
            "sectionRef": "Rashi on Yevamot 120b:15", 
            "prev": "Rashi on Yevamot 120b:13", 
            "ref": "Rashi on Yevamot 120b:15", 
            "heRef": "רש\"י על יבמות ק״כ ב:ט״ו", 
            "next": "Rashi on Yevamot 120b:24"
        }, 
        "Rashi on Yevamot 120b:14": {
            "content": [], 
            "heTitle": "רש\"י על יבמות ק״כ ב:י״ד", 
            "indexTitle": "Rashi on Yevamot", 
            "sectionRef": "Rashi on Yevamot 120b:14", 
            "prev": "Rashi on Yevamot 120b:13", 
            "ref": "Rashi on Yevamot 120b:14", 
            "heRef": "רש\"י על יבמות ק״כ ב:י״ד", 
            "next": "Rashi on Yevamot 120b:24"
        }, 
        "Rashi on Yevamot 120b:17": {
            "content": [], 
            "heTitle": "רש\"י על יבמות ק״כ ב:י״ז", 
            "indexTitle": "Rashi on Yevamot", 
            "sectionRef": "Rashi on Yevamot 120b:17", 
            "prev": "Rashi on Yevamot 120b:13", 
            "ref": "Rashi on Yevamot 120b:17", 
            "heRef": "רש\"י על יבמות ק״כ ב:י״ז", 
            "next": "Rashi on Yevamot 120b:24"
        }, 
        "Rashi on Yevamot 120b:16": {
            "content": [], 
            "heTitle": "רש\"י על יבמות ק״כ ב:ט״ז", 
            "indexTitle": "Rashi on Yevamot", 
            "sectionRef": "Rashi on Yevamot 120b:16", 
            "prev": "Rashi on Yevamot 120b:13", 
            "ref": "Rashi on Yevamot 120b:16", 
            "heRef": "רש\"י על יבמות ק״כ ב:ט״ז", 
            "next": "Rashi on Yevamot 120b:24"
        }
    }, 
    "ref": "Rashi on Yevamot 120b"
}