{
    "heTitleVariants": [
        "רש\"י על יבמות"
    ], 
    "heTitle": "רש\"י על יבמות פ״ח א", 
    "content": [
        {
            "segmentNumber": "1", 
            "he": [
                "מאי טעמא מחייבי בה רבנן - כי אישתיק:"
            ], 
            "links": [
                {
                    "category": "Talmud", 
                    "sourceHeRef": "יבמות פ״ח א:א׳", 
                    "sourceRef": "Yevamot 88a:1", 
                    "ref": "Yevamot 88a:1"
                }
            ], 
            "text": ""
        }, 
        {
            "segmentNumber": "2", 
            "he": [
                "אי נימא כו' - אלא הא דהימנוהו רבנן לעד אחד באשה סברא הוא:"
            ], 
            "links": [
                {
                    "category": "Talmud", 
                    "sourceHeRef": "יבמות פ״ח א:ב׳", 
                    "sourceRef": "Yevamot 88a:2", 
                    "ref": "Yevamot 88a:2"
                }
            ], 
            "text": ""
        }, 
        {
            "segmentNumber": "3", 
            "he": [], 
            "links": [], 
            "text": ""
        }, 
        {
            "segmentNumber": "4", 
            "he": [], 
            "links": [], 
            "text": ""
        }, 
        {
            "segmentNumber": "5", 
            "he": [], 
            "links": [], 
            "text": ""
        }, 
        {
            "segmentNumber": "6", 
            "he": [
                "ואמר ברי לי דשומן הוא דמהימן - והא ודאי פשיטא לן דסמכי' עליה כל זמן שלא נחשד דאי לאו הכי אין לך אדם אוכל משל חברו ואין לך אדם סומך על בני ביתו:"
            ], 
            "links": [
                {
                    "category": "Talmud", 
                    "sourceHeRef": "יבמות פ״ח א:ו׳", 
                    "sourceRef": "Yevamot 88a:6", 
                    "ref": "Yevamot 88a:6"
                }
            ], 
            "text": ""
        }, 
        {
            "segmentNumber": "7", 
            "he": [], 
            "links": [], 
            "text": ""
        }, 
        {
            "segmentNumber": "8", 
            "he": [
                "לא איתחזק איסורא - בההיא חתיכה:"
            ], 
            "links": [
                {
                    "category": "Talmud", 
                    "sourceHeRef": "יבמות פ״ח א:ח׳", 
                    "sourceRef": "Yevamot 88a:8", 
                    "ref": "Yevamot 88a:8"
                }
            ], 
            "text": ""
        }, 
        {
            "segmentNumber": "9", 
            "he": [
                "הא לא דמיא - קושיא היא:"
            ], 
            "links": [
                {
                    "category": "Talmud", 
                    "sourceHeRef": "יבמות פ״ח א:ט׳", 
                    "sourceRef": "Yevamot 88a:9", 
                    "ref": "Yevamot 88a:9"
                }
            ], 
            "text": ""
        }, 
        {
            "segmentNumber": "10", 
            "he": [], 
            "links": [], 
            "text": ""
        }, 
        {
            "segmentNumber": "11", 
            "he": [], 
            "links": [], 
            "text": ""
        }, 
        {
            "segmentNumber": "12", 
            "he": [
                "מידי דהוה אטבל והקדש וקונמות - דאע\"ג דאיתחזק איסורא סמכינן עליה:"
            ], 
            "links": [
                {
                    "category": "Talmud", 
                    "sourceHeRef": "יבמות פ״ח א:י״ב", 
                    "sourceRef": "Yevamot 88a:12", 
                    "ref": "Yevamot 88a:12"
                }
            ], 
            "text": ""
        }, 
        {
            "segmentNumber": "13", 
            "he": [], 
            "links": [], 
            "text": ""
        }, 
        {
            "segmentNumber": "14", 
            "he": [], 
            "links": [], 
            "text": ""
        }, 
        {
            "segmentNumber": "15", 
            "he": [], 
            "links": [], 
            "text": ""
        }, 
        {
            "segmentNumber": "16", 
            "he": [], 
            "links": [], 
            "text": ""
        }, 
        {
            "segmentNumber": "17", 
            "he": [], 
            "links": [], 
            "text": ""
        }, 
        {
            "segmentNumber": "18", 
            "he": [], 
            "links": [], 
            "text": ""
        }, 
        {
            "segmentNumber": "19", 
            "he": [], 
            "links": [], 
            "text": ""
        }, 
        {
            "segmentNumber": "20", 
            "he": [
                "אי קדושת הגוף - קדשי מזבח:"
            ], 
            "links": [
                {
                    "category": "Talmud", 
                    "sourceHeRef": "יבמות פ״ח א:כ׳", 
                    "sourceRef": "Yevamot 88a:20", 
                    "ref": "Yevamot 88a:20"
                }
            ], 
            "text": ""
        }, 
        {
            "segmentNumber": "21", 
            "he": [
                "אי קסבר יש מעילה בקונמות - דקדשי בדק הבית הן משאמר קונם דבר זה עלי:"
            ], 
            "links": [
                {
                    "category": "Talmud", 
                    "sourceHeRef": "יבמות פ״ח א:כ״א", 
                    "sourceRef": "Yevamot 88a:21", 
                    "ref": "Yevamot 88a:21"
                }
            ], 
            "text": ""
        }, 
        {
            "segmentNumber": "22", 
            "he": [], 
            "links": [], 
            "text": ""
        }, 
        {
            "segmentNumber": "23", 
            "he": [
                "ואי קסבר אין מעילה - דקונם לשון נדר הוא:"
            ], 
            "links": [
                {
                    "category": "Talmud", 
                    "sourceHeRef": "יבמות פ״ח א:כ״ג", 
                    "sourceRef": "Yevamot 88a:23", 
                    "ref": "Yevamot 88a:23"
                }
            ], 
            "text": ""
        }, 
        {
            "segmentNumber": "24", 
            "he": [], 
            "links": [], 
            "text": ""
        }, 
        {
            "segmentNumber": "25", 
            "he": [
                "שהחמרת עליה בסופה - שאם בא בעלה אתה נותן עליה כל הדברים האלו שבמשנתנו:", 
                "הקלת עליה בתחלה - להתירה לינשא מפני שהיא חוששת שמא תתקלקל ולא מינסבא עד דבדקה שפיר:"
            ], 
            "links": [
                {
                    "category": "Talmud", 
                    "sourceHeRef": "יבמות פ״ח א:כ״ה", 
                    "sourceRef": "Yevamot 88a:25", 
                    "ref": "Yevamot 88a:25"
                }, 
                {
                    "category": "Talmud", 
                    "sourceHeRef": "יבמות פ״ח א:כ״ה", 
                    "sourceRef": "Yevamot 88a:25", 
                    "ref": "Yevamot 88a:25"
                }
            ], 
            "text": ""
        }, 
        {
            "segmentNumber": "26", 
            "he": [], 
            "links": [], 
            "text": ""
        }, 
        {
            "segmentNumber": "27", 
            "he": [], 
            "links": [], 
            "text": ""
        }, 
        {
            "segmentNumber": "28", 
            "he": [], 
            "links": [], 
            "text": ""
        }, 
        {
            "segmentNumber": "29", 
            "he": [], 
            "links": [], 
            "text": ""
        }, 
        {
            "segmentNumber": "30", 
            "he": [
                "לא תצא - קס\"ד לא תצא משני:"
            ], 
            "links": [
                {
                    "category": "Talmud", 
                    "sourceHeRef": "יבמות פ״ח א:ל׳", 
                    "sourceRef": "Yevamot 88a:30", 
                    "ref": "Yevamot 88a:30"
                }
            ], 
            "text": ""
        }, 
        {
            "segmentNumber": "31", 
            "he": [], 
            "links": [], 
            "text": ""
        }, 
        {
            "segmentNumber": "32", 
            "he": [], 
            "links": [], 
            "text": ""
        }, 
        {
            "segmentNumber": "33", 
            "he": [], 
            "links": [], 
            "text": ""
        }, 
        {
            "segmentNumber": "34", 
            "he": [], 
            "links": [], 
            "text": ""
        }, 
        {
            "segmentNumber": "35", 
            "he": [
                "אנן הוינן בהדיה כו' - הלכך לגבי עד אחד מהימני אבל לגבי תרי הואיל וניסת לא תצא:"
            ], 
            "links": [
                {
                    "category": "Talmud", 
                    "sourceHeRef": "יבמות פ״ח א:ל״ה", 
                    "sourceRef": "Yevamot 88a:35", 
                    "ref": "Yevamot 88a:35"
                }
            ], 
            "text": ""
        }
    ], 
    "commentaryBook": "Yevamot", 
    "heRef": "רש\"י על יבמות פ״ח א", 
    "toSections": [
        "88a"
    ], 
    "sectionRef": "Rashi on Yevamot 88a", 
    "title": "Rashi on Yevamot 88a", 
    "lengths": [
        242, 
        11745
    ], 
    "next": "Rashi on Yevamot 88b:5", 
    "heBook": "רש\"י על יבמות", 
    "book": "Rashi on Yevamot", 
    "prev": "Rashi on Yevamot 87b:65", 
    "textDepth": 3, 
    "sectionNames": [
        "Daf", 
        "Line", 
        "Comment"
    ], 
    "sections": [
        "88a"
    ], 
    "commentator": "Rashi", 
    "isComplex": false, 
    "commentaryCategories": [
        "Talmud", 
        "Bavli", 
        "Seder Nashim"
    ], 
    "titleVariants": [
        "Rashi on Masekhet Yevamot", 
        "Rashi on Talmud Yevamot", 
        "Rashi on Tractate Yevamot", 
        "Rashi on Yevamot", 
        "Rashi on Yevamoth"
    ], 
    "categories": [
        "Commentary", 
        "Talmud", 
        "Rashi"
    ], 
    "ref": "Rashi on Yevamot 88a", 
    "type": "Commentary", 
    "addressTypes": [
        "Talmud", 
        "Integer", 
        "Integer"
    ], 
    "heCommentator": "רש\"י", 
    "length": 242, 
    "indexTitle": "Rashi on Yevamot", 
    "heIndexTitle": "רש\"י על יבמות", 
    "alts": [], 
    "order": [
        13, 
        1
    ]
}