{
    "sections": {
        "Rashi on Yevamot 86a:25": {
            "content": [
                {
                    "segmentNumber": "1", 
                    "links": [
                        {
                            "category": "Talmud", 
                            "index_title": "Yevamot", 
                            "sourceHeRef": "יבמות פ״ו א:כ״ה", 
                            "sourceRef": "Yevamot 86a:25"
                        }
                    ], 
                    "he": "מאי אינה אוכלת דקתני - כולה מתני' לגבי מעשר:"
                }, 
                {
                    "segmentNumber": "2", 
                    "links": [
                        {
                            "category": "Talmud", 
                            "index_title": "Yevamot", 
                            "sourceHeRef": "יבמות פ״ו א:כ״ה", 
                            "sourceRef": "Yevamot 86a:25"
                        }
                    ], 
                    "he": "אינה נותנת רשות - לשלוחה לתרום מעשר של ארוס ולהרים ממנו תרומת מעשר והוה ליה כתורם שלא מדעת:"
                }
            ], 
            "heTitle": "רש\"י על יבמות פ״ו א:כ״ה", 
            "indexTitle": "Rashi on Yevamot", 
            "sectionRef": "Rashi on Yevamot 86a:25", 
            "prev": "Rashi on Yevamot 86a:15", 
            "ref": "Rashi on Yevamot 86a:25", 
            "heRef": "רש\"י על יבמות פ״ו א:כ״ה", 
            "next": "Rashi on Yevamot 86a:27"
        }, 
        "Rashi on Yevamot 86a:24": {
            "content": [], 
            "heTitle": "רש\"י על יבמות פ״ו א:כ״ד", 
            "indexTitle": "Rashi on Yevamot", 
            "sectionRef": "Rashi on Yevamot 86a:24", 
            "prev": "Rashi on Yevamot 86a:15", 
            "ref": "Rashi on Yevamot 86a:24", 
            "heRef": "רש\"י על יבמות פ״ו א:כ״ד", 
            "next": "Rashi on Yevamot 86a:25"
        }, 
        "Rashi on Yevamot 86a:27": {
            "content": [
                {
                    "segmentNumber": "1", 
                    "links": [
                        {
                            "category": "Talmud", 
                            "index_title": "Yevamot", 
                            "sourceHeRef": "יבמות פ״ו א:כ״ז", 
                            "sourceRef": "Yevamot 86a:27"
                        }
                    ], 
                    "he": "ואכלתם אותו בכל מקום אתם וביתכם - השוה הכתוב אשתו לו לימד על בת ישראל נשואה ללוי כו': "
                }
            ], 
            "heTitle": "רש\"י על יבמות פ״ו א:כ״ז", 
            "indexTitle": "Rashi on Yevamot", 
            "sectionRef": "Rashi on Yevamot 86a:27", 
            "prev": "Rashi on Yevamot 86a:25", 
            "ref": "Rashi on Yevamot 86a:27", 
            "heRef": "רש\"י על יבמות פ״ו א:כ״ז", 
            "next": "Rashi on Yevamot 86a:31"
        }, 
        "Rashi on Yevamot 86a:26": {
            "content": [], 
            "heTitle": "רש\"י על יבמות פ״ו א:כ״ו", 
            "indexTitle": "Rashi on Yevamot", 
            "sectionRef": "Rashi on Yevamot 86a:26", 
            "prev": "Rashi on Yevamot 86a:25", 
            "ref": "Rashi on Yevamot 86a:26", 
            "heRef": "רש\"י על יבמות פ״ו א:כ״ו", 
            "next": "Rashi on Yevamot 86a:27"
        }, 
        "Rashi on Yevamot 86a:21": {
            "content": [], 
            "heTitle": "רש\"י על יבמות פ״ו א:כ״א", 
            "indexTitle": "Rashi on Yevamot", 
            "sectionRef": "Rashi on Yevamot 86a:21", 
            "prev": "Rashi on Yevamot 86a:15", 
            "ref": "Rashi on Yevamot 86a:21", 
            "heRef": "רש\"י על יבמות פ״ו א:כ״א", 
            "next": "Rashi on Yevamot 86a:25"
        }, 
        "Rashi on Yevamot 86a:20": {
            "content": [], 
            "heTitle": "רש\"י על יבמות פ״ו א:כ׳", 
            "indexTitle": "Rashi on Yevamot", 
            "sectionRef": "Rashi on Yevamot 86a:20", 
            "prev": "Rashi on Yevamot 86a:15", 
            "ref": "Rashi on Yevamot 86a:20", 
            "heRef": "רש\"י על יבמות פ״ו א:כ׳", 
            "next": "Rashi on Yevamot 86a:25"
        }, 
        "Rashi on Yevamot 86a:23": {
            "content": [], 
            "heTitle": "רש\"י על יבמות פ״ו א:כ״ג", 
            "indexTitle": "Rashi on Yevamot", 
            "sectionRef": "Rashi on Yevamot 86a:23", 
            "prev": "Rashi on Yevamot 86a:15", 
            "ref": "Rashi on Yevamot 86a:23", 
            "heRef": "רש\"י על יבמות פ״ו א:כ״ג", 
            "next": "Rashi on Yevamot 86a:25"
        }, 
        "Rashi on Yevamot 86a:22": {
            "content": [], 
            "heTitle": "רש\"י על יבמות פ״ו א:כ״ב", 
            "indexTitle": "Rashi on Yevamot", 
            "sectionRef": "Rashi on Yevamot 86a:22", 
            "prev": "Rashi on Yevamot 86a:15", 
            "ref": "Rashi on Yevamot 86a:22", 
            "heRef": "רש\"י על יבמות פ״ו א:כ״ב", 
            "next": "Rashi on Yevamot 86a:25"
        }, 
        "Rashi on Yevamot 86a:29": {
            "content": [], 
            "heTitle": "רש\"י על יבמות פ״ו א:כ״ט", 
            "indexTitle": "Rashi on Yevamot", 
            "sectionRef": "Rashi on Yevamot 86a:29", 
            "prev": "Rashi on Yevamot 86a:27", 
            "ref": "Rashi on Yevamot 86a:29", 
            "heRef": "רש\"י על יבמות פ״ו א:כ״ט", 
            "next": "Rashi on Yevamot 86a:31"
        }, 
        "Rashi on Yevamot 86a:28": {
            "content": [], 
            "heTitle": "רש\"י על יבמות פ״ו א:כ״ח", 
            "indexTitle": "Rashi on Yevamot", 
            "sectionRef": "Rashi on Yevamot 86a:28", 
            "prev": "Rashi on Yevamot 86a:27", 
            "ref": "Rashi on Yevamot 86a:28", 
            "heRef": "רש\"י על יבמות פ״ו א:כ״ח", 
            "next": "Rashi on Yevamot 86a:31"
        }, 
        "Rashi on Yevamot 86a:2": {
            "content": [], 
            "heTitle": "רש\"י על יבמות פ״ו א:ב׳", 
            "indexTitle": "Rashi on Yevamot", 
            "sectionRef": "Rashi on Yevamot 86a:2", 
            "prev": "Rashi on Yevamot 86a:1", 
            "ref": "Rashi on Yevamot 86a:2", 
            "heRef": "רש\"י על יבמות פ״ו א:ב׳", 
            "next": "Rashi on Yevamot 86a:3"
        }, 
        "Rashi on Yevamot 86a:3": {
            "content": [
                {
                    "segmentNumber": "1", 
                    "links": [
                        {
                            "category": "Talmud", 
                            "index_title": "Yevamot", 
                            "sourceHeRef": "יבמות פ״ו א:ג׳", 
                            "sourceRef": "Yevamot 86a:3"
                        }
                    ], 
                    "he": "מכלל דאיכא למאן דאסר - מעשר לכהן לאכול בתמיה והא ודאי כהנים לאו זרים נינהו כדאמר לקמן דכהנים איקרו לוים:"
                }
            ], 
            "heTitle": "רש\"י על יבמות פ״ו א:ג׳", 
            "indexTitle": "Rashi on Yevamot", 
            "sectionRef": "Rashi on Yevamot 86a:3", 
            "prev": "Rashi on Yevamot 86a:1", 
            "ref": "Rashi on Yevamot 86a:3", 
            "heRef": "רש\"י על יבמות פ״ו א:ג׳", 
            "next": "Rashi on Yevamot 86a:5"
        }, 
        "Rashi on Yevamot 86a:1": {
            "content": [
                {
                    "segmentNumber": "1", 
                    "links": [
                        {
                            "category": "Talmud", 
                            "index_title": "Yevamot", 
                            "sourceHeRef": "יבמות פ״ו א:א׳", 
                            "sourceRef": "Yevamot 86a:1"
                        }
                    ], 
                    "he": "תרומה לכהן - נתינתה לכהן ומעשר ראשון ללוי. קתני מעשר ללוי דומיא דתרומה לכהן מה תרומה אכילתה כנתינתה לכהן ולא לזר אף מעשר ללוי אכילתו ללוי ולא לזר דאי לאו הכי סבירא ליה לר' מאיר תרומה למאי קתני נהי דמעשר איצטריכא ליה לאורויי דלא יהבינן ליה לכהן כר' אלעזר בן עזריה אלא תרומה ל\"ל ועוד מדקמהדר ליה ר\"א לשון היתר מכלל דר\"מ נמי באיסור והיתר איירי:"
                }
            ], 
            "heTitle": "רש\"י על יבמות פ״ו א:א׳", 
            "indexTitle": "Rashi on Yevamot", 
            "sectionRef": "Rashi on Yevamot 86a:1", 
            "prev": "Rashi on Yevamot 85b:41", 
            "ref": "Rashi on Yevamot 86a:1", 
            "heRef": "רש\"י על יבמות פ״ו א:א׳", 
            "next": "Rashi on Yevamot 86a:3"
        }, 
        "Rashi on Yevamot 86a:6": {
            "content": [], 
            "heTitle": "רש\"י על יבמות פ״ו א:ו׳", 
            "indexTitle": "Rashi on Yevamot", 
            "sectionRef": "Rashi on Yevamot 86a:6", 
            "prev": "Rashi on Yevamot 86a:5", 
            "ref": "Rashi on Yevamot 86a:6", 
            "heRef": "רש\"י על יבמות פ״ו א:ו׳", 
            "next": "Rashi on Yevamot 86a:7"
        }, 
        "Rashi on Yevamot 86a:7": {
            "content": [
                {
                    "segmentNumber": "1", 
                    "links": [
                        {
                            "category": "Talmud", 
                            "index_title": "Yevamot", 
                            "sourceHeRef": "יבמות פ״ו א:ז׳", 
                            "sourceRef": "Yevamot 86a:7"
                        }
                    ], 
                    "he": "משמיה דגמרא - כך קיבל מרבו ורבו מרבו עד ר\"מ ששמע משמו ולאו מן דעתיה קמפרש לטעמא דר\"מ:"
                }
            ], 
            "heTitle": "רש\"י על יבמות פ״ו א:ז׳", 
            "indexTitle": "Rashi on Yevamot", 
            "sectionRef": "Rashi on Yevamot 86a:7", 
            "prev": "Rashi on Yevamot 86a:5", 
            "ref": "Rashi on Yevamot 86a:7", 
            "heRef": "רש\"י על יבמות פ״ו א:ז׳", 
            "next": "Rashi on Yevamot 86a:12"
        }, 
        "Rashi on Yevamot 86a:4": {
            "content": [], 
            "heTitle": "רש\"י על יבמות פ״ו א:ד׳", 
            "indexTitle": "Rashi on Yevamot", 
            "sectionRef": "Rashi on Yevamot 86a:4", 
            "prev": "Rashi on Yevamot 86a:3", 
            "ref": "Rashi on Yevamot 86a:4", 
            "heRef": "רש\"י על יבמות פ״ו א:ד׳", 
            "next": "Rashi on Yevamot 86a:5"
        }, 
        "Rashi on Yevamot 86a:5": {
            "content": [
                {
                    "segmentNumber": "1", 
                    "links": [
                        {
                            "category": "Talmud", 
                            "index_title": "Yevamot", 
                            "sourceHeRef": "יבמות פ״ו א:ה׳", 
                            "sourceRef": "Yevamot 86a:5"
                        }
                    ], 
                    "he": "נותנו אף לכהן - כדקאמר לקמן טעמא:"
                }
            ], 
            "heTitle": "רש\"י על יבמות פ״ו א:ה׳", 
            "indexTitle": "Rashi on Yevamot", 
            "sectionRef": "Rashi on Yevamot 86a:5", 
            "prev": "Rashi on Yevamot 86a:3", 
            "ref": "Rashi on Yevamot 86a:5", 
            "heRef": "רש\"י על יבמות פ״ו א:ה׳", 
            "next": "Rashi on Yevamot 86a:7"
        }, 
        "Rashi on Yevamot 86a:8": {
            "content": [], 
            "heTitle": "רש\"י על יבמות פ״ו א:ח׳", 
            "indexTitle": "Rashi on Yevamot", 
            "sectionRef": "Rashi on Yevamot 86a:8", 
            "prev": "Rashi on Yevamot 86a:7", 
            "ref": "Rashi on Yevamot 86a:8", 
            "heRef": "רש\"י על יבמות פ״ו א:ח׳", 
            "next": "Rashi on Yevamot 86a:12"
        }, 
        "Rashi on Yevamot 86a:9": {
            "content": [], 
            "heTitle": "רש\"י על יבמות פ״ו א:ט׳", 
            "indexTitle": "Rashi on Yevamot", 
            "sectionRef": "Rashi on Yevamot 86a:9", 
            "prev": "Rashi on Yevamot 86a:7", 
            "ref": "Rashi on Yevamot 86a:9", 
            "heRef": "רש\"י על יבמות פ״ו א:ט׳", 
            "next": "Rashi on Yevamot 86a:12"
        }, 
        "Rashi on Yevamot 86a:32": {
            "content": [], 
            "heTitle": "רש\"י על יבמות פ״ו א:ל״ב", 
            "indexTitle": "Rashi on Yevamot", 
            "sectionRef": "Rashi on Yevamot 86a:32", 
            "prev": "Rashi on Yevamot 86a:31", 
            "ref": "Rashi on Yevamot 86a:32", 
            "heRef": "רש\"י על יבמות פ״ו א:ל״ב", 
            "next": "Rashi on Yevamot 86a:33"
        }, 
        "Rashi on Yevamot 86a:33": {
            "content": [
                {
                    "segmentNumber": "1", 
                    "links": [
                        {
                            "category": "Talmud", 
                            "index_title": "Yevamot", 
                            "sourceHeRef": "יבמות פ״ו א:ל״ג", 
                            "sourceRef": "Yevamot 86a:33"
                        }
                    ], 
                    "he": "הניחא למ\"ד - בפרק נושאין על האנוסה (לקמן דף ק.) משום ייחוד אין חולקין תרומה לאשה בגורן אלא למ\"ד טעמא משום גרושה שמא יגרשנה בעלה ותהא זרה ואין הכל יודעים ויחזרו ויתנו תרומה לזרה:"
                }, 
                {
                    "segmentNumber": "2", 
                    "links": [
                        {
                            "category": "Talmud", 
                            "index_title": "Yevamot", 
                            "sourceHeRef": "יבמות פ״ו א:ל״ג", 
                            "sourceRef": "Yevamot 86a:33"
                        }
                    ], 
                    "he": "גרושה בת לוי מי לא אכלה במעשר - ואמאי בת לוי שנתארסה לכהן דקתני אין חולקין לה מעשר בגורן בשביל בעלה אמאי גזור בה רבנן הא אי נמי מגרש לה שפיר קאכלה מעשר:"
                }
            ], 
            "heTitle": "רש\"י על יבמות פ״ו א:ל״ג", 
            "indexTitle": "Rashi on Yevamot", 
            "sectionRef": "Rashi on Yevamot 86a:33", 
            "prev": "Rashi on Yevamot 86a:31", 
            "ref": "Rashi on Yevamot 86a:33", 
            "heRef": "רש\"י על יבמות פ״ו א:ל״ג", 
            "next": "Rashi on Yevamot 86a:34"
        }, 
        "Rashi on Yevamot 86a:30": {
            "content": [], 
            "heTitle": "רש\"י על יבמות פ״ו א:ל׳", 
            "indexTitle": "Rashi on Yevamot", 
            "sectionRef": "Rashi on Yevamot 86a:30", 
            "prev": "Rashi on Yevamot 86a:27", 
            "ref": "Rashi on Yevamot 86a:30", 
            "heRef": "רש\"י על יבמות פ״ו א:ל׳", 
            "next": "Rashi on Yevamot 86a:31"
        }, 
        "Rashi on Yevamot 86a:31": {
            "content": [
                {
                    "segmentNumber": "1", 
                    "links": [
                        {
                            "category": "Talmud", 
                            "index_title": "Yevamot", 
                            "sourceHeRef": "יבמות פ״ו א:ל״א", 
                            "sourceRef": "Yevamot 86a:31"
                        }
                    ], 
                    "he": "ה\"ג מר בריה דרבינא אמר לומר שאין חולקין לה מעשר בבית הגרנות הניחא למ\"ד משום ייחוד אלא למ\"ד משום גרושה גרושה בת לוי מי לא אכלה במעשר וליטעמיך גרושה בת כהן מי לא אכלה בתרומה אלא גזירה משום גרושה בת ישראל - וה\"פ רישא כדאוקימנא באכילה ממש ור\"מ וסיפא בת לוי לכהן ובת כהן ללוי דקתני לגבי מעשר לומר שאין חולקין לה מעשר בבית הגרנות בלא בעלה וה\"ה לנשואה ולקמן פריך אפי' נשואה נמי:"
                }
            ], 
            "heTitle": "רש\"י על יבמות פ״ו א:ל״א", 
            "indexTitle": "Rashi on Yevamot", 
            "sectionRef": "Rashi on Yevamot 86a:31", 
            "prev": "Rashi on Yevamot 86a:27", 
            "ref": "Rashi on Yevamot 86a:31", 
            "heRef": "רש\"י על יבמות פ״ו א:ל״א", 
            "next": "Rashi on Yevamot 86a:33"
        }, 
        "Rashi on Yevamot 86a:36": {
            "content": [], 
            "heTitle": "רש\"י על יבמות פ״ו א:ל״ו", 
            "indexTitle": "Rashi on Yevamot", 
            "sectionRef": "Rashi on Yevamot 86a:36", 
            "prev": "Rashi on Yevamot 86a:34", 
            "ref": "Rashi on Yevamot 86a:36", 
            "heRef": "רש\"י על יבמות פ״ו א:ל״ו", 
            "next": "Rashi on Yevamot 86a:38"
        }, 
        "Rashi on Yevamot 86a:37": {
            "content": [], 
            "heTitle": "רש\"י על יבמות פ״ו א:ל״ז", 
            "indexTitle": "Rashi on Yevamot", 
            "sectionRef": "Rashi on Yevamot 86a:37", 
            "prev": "Rashi on Yevamot 86a:34", 
            "ref": "Rashi on Yevamot 86a:37", 
            "heRef": "רש\"י על יבמות פ״ו א:ל״ז", 
            "next": "Rashi on Yevamot 86a:38"
        }, 
        "Rashi on Yevamot 86a:34": {
            "content": [
                {
                    "segmentNumber": "1", 
                    "links": [
                        {
                            "category": "Talmud", 
                            "index_title": "Yevamot", 
                            "sourceHeRef": "יבמות פ״ו א:ל״ד", 
                            "sourceRef": "Yevamot 86a:34"
                        }
                    ], 
                    "he": "וליטעמיך גרושה בת כהן מי לא אכלה בתרומה - כלומר וליטעמיך דמותבת אמתניתין לגבי מעשר ה\"נ בפרק נושאין (שם) דאיתמר עיקר מילתא דקתני אשה אין חולקין לה תרומה על הגורן ופרשינן טעמא משום גרושה ולא פליג בין בת ישראל לכהן ובת כהן לכהן גרושה בת כהן מי לא אכלה בתרומה אלא גזירה משום גרושה בת ישראל. ומאן דגריס איפכא לא מיתוקמא כלל דהיכי מצי פריך מתרומה דמתני' דקתני בת כהן ללוי לא תאכל בתרומה הא ודאי שפיר קתני דאיפסלה בארוסיה וטעמא לאו משום שמא תתגרש הוא:"
                }
            ], 
            "heTitle": "רש\"י על יבמות פ״ו א:ל״ד", 
            "indexTitle": "Rashi on Yevamot", 
            "sectionRef": "Rashi on Yevamot 86a:34", 
            "prev": "Rashi on Yevamot 86a:33", 
            "ref": "Rashi on Yevamot 86a:34", 
            "heRef": "רש\"י על יבמות פ״ו א:ל״ד", 
            "next": "Rashi on Yevamot 86a:38"
        }, 
        "Rashi on Yevamot 86a:35": {
            "content": [], 
            "heTitle": "רש\"י על יבמות פ״ו א:ל״ה", 
            "indexTitle": "Rashi on Yevamot", 
            "sectionRef": "Rashi on Yevamot 86a:35", 
            "prev": "Rashi on Yevamot 86a:34", 
            "ref": "Rashi on Yevamot 86a:35", 
            "heRef": "רש\"י על יבמות פ״ו א:ל״ה", 
            "next": "Rashi on Yevamot 86a:38"
        }, 
        "Rashi on Yevamot 86a:38": {
            "content": [
                {
                    "segmentNumber": "1", 
                    "links": [
                        {
                            "category": "Talmud", 
                            "index_title": "Yevamot", 
                            "sourceHeRef": "יבמות פ״ו א:ל״ח", 
                            "sourceRef": "Yevamot 86a:38"
                        }
                    ], 
                    "he": "איידי דתנא רישא מאורסת - לגבי אכילה ממש דהתם דוקא מאורסת דגבי בת כהן לישראל וללוי לענין תרומה ובת לוי לישראל לענין מעשר אשמועינן דפסיל לה אירוסין וגבי בת ישראל לכהן וללוי ובת לוי לכהן אשמועינן דלא מוכלי לה תנא נמי סיפא בת כהן ללוי ובת לוי לכהן לענין חלוקה דמעשר מאורסת:"
                }
            ], 
            "heTitle": "רש\"י על יבמות פ״ו א:ל״ח", 
            "indexTitle": "Rashi on Yevamot", 
            "sectionRef": "Rashi on Yevamot 86a:38", 
            "prev": "Rashi on Yevamot 86a:34", 
            "ref": "Rashi on Yevamot 86a:38", 
            "heRef": "רש\"י על יבמות פ״ו א:ל״ח", 
            "next": "Rashi on Yevamot 86b:1"
        }, 
        "Rashi on Yevamot 86a:18": {
            "content": [], 
            "heTitle": "רש\"י על יבמות פ״ו א:י״ח", 
            "indexTitle": "Rashi on Yevamot", 
            "sectionRef": "Rashi on Yevamot 86a:18", 
            "prev": "Rashi on Yevamot 86a:15", 
            "ref": "Rashi on Yevamot 86a:18", 
            "heRef": "רש\"י על יבמות פ״ו א:י״ח", 
            "next": "Rashi on Yevamot 86a:25"
        }, 
        "Rashi on Yevamot 86a:19": {
            "content": [], 
            "heTitle": "רש\"י על יבמות פ״ו א:י״ט", 
            "indexTitle": "Rashi on Yevamot", 
            "sectionRef": "Rashi on Yevamot 86a:19", 
            "prev": "Rashi on Yevamot 86a:15", 
            "ref": "Rashi on Yevamot 86a:19", 
            "heRef": "רש\"י על יבמות פ״ו א:י״ט", 
            "next": "Rashi on Yevamot 86a:25"
        }, 
        "Rashi on Yevamot 86a:10": {
            "content": [], 
            "heTitle": "רש\"י על יבמות פ״ו א:י׳", 
            "indexTitle": "Rashi on Yevamot", 
            "sectionRef": "Rashi on Yevamot 86a:10", 
            "prev": "Rashi on Yevamot 86a:7", 
            "ref": "Rashi on Yevamot 86a:10", 
            "heRef": "רש\"י על יבמות פ״ו א:י׳", 
            "next": "Rashi on Yevamot 86a:12"
        }, 
        "Rashi on Yevamot 86a:11": {
            "content": [], 
            "heTitle": "רש\"י על יבמות פ״ו א:י״א", 
            "indexTitle": "Rashi on Yevamot", 
            "sectionRef": "Rashi on Yevamot 86a:11", 
            "prev": "Rashi on Yevamot 86a:7", 
            "ref": "Rashi on Yevamot 86a:11", 
            "heRef": "רש\"י על יבמות פ״ו א:י״א", 
            "next": "Rashi on Yevamot 86a:12"
        }, 
        "Rashi on Yevamot 86a:12": {
            "content": [
                {
                    "segmentNumber": "1", 
                    "links": [
                        {
                            "category": "Talmud", 
                            "index_title": "Yevamot", 
                            "sourceHeRef": "יבמות פ״ו א:י״ב", 
                            "sourceRef": "Yevamot 86a:12"
                        }
                    ], 
                    "he": "מה תרומה טובלת - שכל זמן שלא הופרשה חייבין מיתה על אכילתו של טבל דהא מיתה כתיב ביה:"
                }, 
                {
                    "segmentNumber": "2", 
                    "links": [
                        {
                            "category": "Talmud", 
                            "index_title": "Yevamot", 
                            "sourceHeRef": "יבמות פ״ו א:י״ב", 
                            "sourceRef": "Yevamot 86a:12"
                        }
                    ], 
                    "he": "אף מעשר ראשון טובל - ואע\"ג דבדידיה ליכא מיתה חייבין מיתה על הטבל שלא הופרש מעשר ראשון ממנו:"
                }
            ], 
            "heTitle": "רש\"י על יבמות פ״ו א:י״ב", 
            "indexTitle": "Rashi on Yevamot", 
            "sectionRef": "Rashi on Yevamot 86a:12", 
            "prev": "Rashi on Yevamot 86a:7", 
            "ref": "Rashi on Yevamot 86a:12", 
            "heRef": "רש\"י על יבמות פ״ו א:י״ב", 
            "next": "Rashi on Yevamot 86a:14"
        }, 
        "Rashi on Yevamot 86a:13": {
            "content": [], 
            "heTitle": "רש\"י על יבמות פ״ו א:י״ג", 
            "indexTitle": "Rashi on Yevamot", 
            "sectionRef": "Rashi on Yevamot 86a:13", 
            "prev": "Rashi on Yevamot 86a:12", 
            "ref": "Rashi on Yevamot 86a:13", 
            "heRef": "רש\"י על יבמות פ״ו א:י״ג", 
            "next": "Rashi on Yevamot 86a:14"
        }, 
        "Rashi on Yevamot 86a:14": {
            "content": [
                {
                    "segmentNumber": "1", 
                    "links": [
                        {
                            "category": "Talmud", 
                            "index_title": "Yevamot", 
                            "sourceHeRef": "יבמות פ״ו א:י״ד", 
                            "sourceRef": "Yevamot 86a:14"
                        }
                    ], 
                    "he": "או אפילו מעשר עני - דקיל כצדקה בעלמא דלאו צד קדושה אית ביה:"
                }
            ], 
            "heTitle": "רש\"י על יבמות פ״ו א:י״ד", 
            "indexTitle": "Rashi on Yevamot", 
            "sectionRef": "Rashi on Yevamot 86a:14", 
            "prev": "Rashi on Yevamot 86a:12", 
            "ref": "Rashi on Yevamot 86a:14", 
            "heRef": "רש\"י על יבמות פ״ו א:י״ד", 
            "next": "Rashi on Yevamot 86a:15"
        }, 
        "Rashi on Yevamot 86a:15": {
            "content": [
                {
                    "segmentNumber": "1", 
                    "links": [
                        {
                            "category": "Talmud", 
                            "index_title": "Yevamot", 
                            "sourceHeRef": "יבמות פ״ו א:ט״ו", 
                            "sourceRef": "Yevamot 86a:15"
                        }
                    ], 
                    "he": "ואכלו בשעריך - בשנה השלישית משתעי קרא: "
                }, 
                {
                    "segmentNumber": "2", 
                    "links": [
                        {
                            "category": "Talmud", 
                            "index_title": "Yevamot", 
                            "sourceHeRef": "יבמות פ״ו א:ט״ו", 
                            "sourceRef": "Yevamot 86a:15"
                        }
                    ], 
                    "he": "הכי גרסינן וקאמר רחמנא לא תיכול ואי מהתם ה\"א ללאו אבל מיתה לא קמ\"ל:"
                }
            ], 
            "heTitle": "רש\"י על יבמות פ״ו א:ט״ו", 
            "indexTitle": "Rashi on Yevamot", 
            "sectionRef": "Rashi on Yevamot 86a:15", 
            "prev": "Rashi on Yevamot 86a:14", 
            "ref": "Rashi on Yevamot 86a:15", 
            "heRef": "רש\"י על יבמות פ״ו א:ט״ו", 
            "next": "Rashi on Yevamot 86a:25"
        }, 
        "Rashi on Yevamot 86a:16": {
            "content": [], 
            "heTitle": "רש\"י על יבמות פ״ו א:ט״ז", 
            "indexTitle": "Rashi on Yevamot", 
            "sectionRef": "Rashi on Yevamot 86a:16", 
            "prev": "Rashi on Yevamot 86a:15", 
            "ref": "Rashi on Yevamot 86a:16", 
            "heRef": "רש\"י על יבמות פ״ו א:ט״ז", 
            "next": "Rashi on Yevamot 86a:25"
        }, 
        "Rashi on Yevamot 86a:17": {
            "content": [], 
            "heTitle": "רש\"י על יבמות פ״ו א:י״ז", 
            "indexTitle": "Rashi on Yevamot", 
            "sectionRef": "Rashi on Yevamot 86a:17", 
            "prev": "Rashi on Yevamot 86a:15", 
            "ref": "Rashi on Yevamot 86a:17", 
            "heRef": "רש\"י על יבמות פ״ו א:י״ז", 
            "next": "Rashi on Yevamot 86a:25"
        }
    }, 
    "ref": "Rashi on Yevamot 86a"
}