{
    "heTitleVariants": [
        "רש\"י על נדרים"
    ], 
    "heTitle": "רש\"י על נדרים ל״ח א", 
    "content": [
        {
            "segmentNumber": "1", 
            "he": [
                "זאת המצוה - כתיב בירמיה:", 
                "ידרוך דהדורך - כתיב וקראי לא גרס להו ידרוך דכתבן ולא קריין:", 
                "דכי גואל אתה - ברות:", 
                "חמש דפאת נגב - וטעמייהו לא מפרש ליה:"
            ], 
            "links": [
                {
                    "category": "Talmud", 
                    "sourceHeRef": "נדרים ל״ח א:א׳", 
                    "index_title": "Nedarim", 
                    "sourceRef": "Nedarim 38a:1"
                }, 
                {
                    "category": "Talmud", 
                    "sourceHeRef": "נדרים ל״ח א:א׳", 
                    "index_title": "Nedarim", 
                    "sourceRef": "Nedarim 38a:1"
                }, 
                {
                    "category": "Talmud", 
                    "sourceHeRef": "נדרים ל״ח א:א׳", 
                    "index_title": "Nedarim", 
                    "sourceRef": "Nedarim 38a:1"
                }, 
                {
                    "category": "Talmud", 
                    "sourceHeRef": "נדרים ל״ח א:א׳", 
                    "index_title": "Nedarim", 
                    "sourceRef": "Nedarim 38a:1"
                }
            ], 
            "text": ""
        }, 
        {
            "segmentNumber": "2", 
            "he": [], 
            "links": [], 
            "text": ""
        }, 
        {
            "segmentNumber": "3", 
            "he": [], 
            "links": [], 
            "text": ""
        }, 
        {
            "segmentNumber": "4", 
            "he": [], 
            "links": [], 
            "text": ""
        }, 
        {
            "segmentNumber": "5", 
            "he": [], 
            "links": [], 
            "text": ""
        }, 
        {
            "segmentNumber": "6", 
            "he": [], 
            "links": [], 
            "text": ""
        }, 
        {
            "segmentNumber": "7", 
            "he": [], 
            "links": [], 
            "text": ""
        }, 
        {
            "segmentNumber": "8", 
            "he": [], 
            "links": [], 
            "text": ""
        }, 
        {
            "segmentNumber": "9", 
            "he": [], 
            "links": [], 
            "text": ""
        }, 
        {
            "segmentNumber": "10", 
            "he": [], 
            "links": [], 
            "text": ""
        }, 
        {
            "segmentNumber": "11", 
            "he": [
                "ללמד אתכם - אלמא הקב\"ה צוה ליתנה לישראל:"
            ], 
            "links": [
                {
                    "category": "Talmud", 
                    "sourceHeRef": "נדרים ל״ח א:י״א", 
                    "index_title": "Nedarim", 
                    "sourceRef": "Nedarim 38a:11"
                }
            ], 
            "text": ""
        }, 
        {
            "segmentNumber": "12", 
            "he": [], 
            "links": [], 
            "text": ""
        }, 
        {
            "segmentNumber": "13", 
            "he": [], 
            "links": [], 
            "text": ""
        }, 
        {
            "segmentNumber": "14", 
            "he": [], 
            "links": [], 
            "text": ""
        }, 
        {
            "segmentNumber": "15", 
            "he": [
                "כתבו לכם - אלמא שניתנה נמי להן לישראל:"
            ], 
            "links": [
                {
                    "category": "Talmud", 
                    "sourceHeRef": "נדרים ל״ח א:ט״ו", 
                    "index_title": "Nedarim", 
                    "sourceRef": "Nedarim 38a:15"
                }
            ], 
            "text": ""
        }, 
        {
            "segmentNumber": "16", 
            "he": [], 
            "links": [], 
            "text": ""
        }, 
        {
            "segmentNumber": "17", 
            "he": [
                "למען תחיה לי לעד - שילמדו כל התורה וילמדו אותה אלמא לישראל נמי ניתנה:"
            ], 
            "links": [
                {
                    "category": "Talmud", 
                    "sourceHeRef": "נדרים ל״ח א:י״ז", 
                    "index_title": "Nedarim", 
                    "sourceRef": "Nedarim 38a:17"
                }
            ], 
            "text": ""
        }, 
        {
            "segmentNumber": "18", 
            "he": [
                "פלפולא בעלמא - להבין דבר מתוך דבר הוא דניתן למשה ונוהג בה טובת עין ונתנה לישראל:"
            ], 
            "links": [
                {
                    "category": "Talmud", 
                    "sourceHeRef": "נדרים ל״ח א:י״ח", 
                    "index_title": "Nedarim", 
                    "sourceRef": "Nedarim 38a:18"
                }
            ], 
            "text": ""
        }, 
        {
            "segmentNumber": "19", 
            "he": [], 
            "links": [], 
            "text": ""
        }, 
        {
            "segmentNumber": "20", 
            "he": [], 
            "links": [], 
            "text": ""
        }, 
        {
            "segmentNumber": "21", 
            "he": [
                "פירסו - מכלל דגבור הוא וגוף גדול:"
            ], 
            "links": [
                {
                    "category": "Talmud", 
                    "sourceHeRef": "נדרים ל״ח א:כ״א", 
                    "index_title": "Nedarim", 
                    "sourceRef": "Nedarim 38a:21"
                }
            ], 
            "text": ""
        }, 
        {
            "segmentNumber": "22", 
            "he": [
                "ואימא דאריך היה וקטין - שלא היה גופני ולא היה בעל כח:"
            ], 
            "links": [
                {
                    "category": "Talmud", 
                    "sourceHeRef": "נדרים ל״ח א:כ״ב", 
                    "index_title": "Nedarim", 
                    "sourceRef": "Nedarim 38a:22"
                }
            ], 
            "text": ""
        }, 
        {
            "segmentNumber": "23", 
            "he": [], 
            "links": [], 
            "text": ""
        }, 
        {
            "segmentNumber": "24", 
            "he": [
                "ועוביין שלש - ואפי' הכי שיברן:"
            ], 
            "links": [
                {
                    "category": "Talmud", 
                    "sourceHeRef": "נדרים ל״ח א:כ״ד", 
                    "index_title": "Nedarim", 
                    "sourceRef": "Nedarim 38a:24"
                }
            ], 
            "text": ""
        }, 
        {
            "segmentNumber": "25", 
            "he": [], 
            "links": [], 
            "text": ""
        }, 
        {
            "segmentNumber": "26", 
            "he": [], 
            "links": [], 
            "text": ""
        }, 
        {
            "segmentNumber": "27", 
            "he": [
                "ותחסרהו מעט - וזו היא אחת שאותה אחת היה הקב\"ה יתירה עליו:"
            ], 
            "links": [
                {
                    "category": "Talmud", 
                    "sourceHeRef": "נדרים ל״ח א:כ״ז", 
                    "index_title": "Nedarim", 
                    "sourceRef": "Nedarim 38a:27"
                }
            ], 
            "text": ""
        }, 
        {
            "segmentNumber": "28", 
            "he": [], 
            "links": [], 
            "text": ""
        }, 
        {
            "segmentNumber": "29", 
            "he": [], 
            "links": [], 
            "text": ""
        }, 
        {
            "segmentNumber": "30", 
            "he": [], 
            "links": [], 
            "text": ""
        }, 
        {
            "segmentNumber": "31", 
            "he": [
                "אי בלא אגרא - מאי רבותיה:", 
                "לאפוקי ממאן דשקל בלא אגרא - כל מי שהוא רוצה חמורו של חבירו בלא שכר ומאי מעליותא היא דלא הוה גזלן כ\"ע נמי לא גוזלין נינהו:"
            ], 
            "links": [
                {
                    "category": "Talmud", 
                    "sourceHeRef": "נדרים ל״ח א:ל״א", 
                    "index_title": "Nedarim", 
                    "sourceRef": "Nedarim 38a:31"
                }, 
                {
                    "category": "Talmud", 
                    "sourceHeRef": "נדרים ל״ח א:ל״א", 
                    "index_title": "Nedarim", 
                    "sourceRef": "Nedarim 38a:31"
                }
            ], 
            "text": ""
        }, 
        {
            "segmentNumber": "32", 
            "he": [], 
            "links": [], 
            "text": ""
        }, 
        {
            "segmentNumber": "33", 
            "he": [], 
            "links": [], 
            "text": ""
        }, 
        {
            "segmentNumber": "34", 
            "he": [], 
            "links": [], 
            "text": ""
        }, 
        {
            "segmentNumber": "35", 
            "he": [], 
            "links": [], 
            "text": ""
        }, 
        {
            "segmentNumber": "36", 
            "he": [], 
            "links": [], 
            "text": ""
        }, 
        {
            "segmentNumber": "37", 
            "he": [
                "דלמא - האי דלא שקיל אפי' באגרא לאו משום עושר דלמא משום דעני הוה ולא הוו ליה משואות ולהכי לא הוה צריך:"
            ], 
            "links": [
                {
                    "category": "Talmud", 
                    "sourceHeRef": "נדרים ל״ח א:ל״ז", 
                    "index_title": "Nedarim", 
                    "sourceRef": "Nedarim 38a:37"
                }
            ], 
            "text": ""
        }, 
        {
            "segmentNumber": "38", 
            "he": [
                "אלא מהכא - שמעינן דעשיר היה מפסל לך:", 
                "ביתו עמו - כלי תשמישו וזה היה מרוב עושר:"
            ], 
            "links": [
                {
                    "category": "Talmud", 
                    "sourceHeRef": "נדרים ל״ח א:ל״ח", 
                    "index_title": "Nedarim", 
                    "sourceRef": "Nedarim 38a:38"
                }, 
                {
                    "category": "Talmud", 
                    "sourceHeRef": "נדרים ל״ח א:ל״ח", 
                    "index_title": "Nedarim", 
                    "sourceRef": "Nedarim 38a:38"
                }
            ], 
            "text": ""
        }, 
        {
            "segmentNumber": "39", 
            "he": [], 
            "links": [], 
            "text": ""
        }, 
        {
            "segmentNumber": "40", 
            "he": [
                "לא חמור אחד מהם נשאתי - בעל כרחו אפי' בשכר הא ברצון בעלים היה שוכר ואילו גבי שמואל וכו' לא עשקתנו ולא רצותנו שלא היה שוכר לא באונס ולא ברצון: "
            ], 
            "links": [
                {
                    "category": "Talmud", 
                    "sourceHeRef": "נדרים ל״ח א:מ׳", 
                    "index_title": "Nedarim", 
                    "sourceRef": "Nedarim 38a:40"
                }
            ], 
            "text": ""
        }, 
        {
            "segmentNumber": "41", 
            "he": [], 
            "links": [], 
            "text": ""
        }, 
        {
            "segmentNumber": "42", 
            "he": [], 
            "links": [], 
            "text": ""
        }, 
        {
            "segmentNumber": "43", 
            "he": [], 
            "links": [], 
            "text": ""
        }, 
        {
            "segmentNumber": "44", 
            "he": [], 
            "links": [], 
            "text": ""
        }, 
        {
            "segmentNumber": "45", 
            "he": [], 
            "links": [], 
            "text": ""
        }, 
        {
            "segmentNumber": "46", 
            "he": [], 
            "links": [], 
            "text": ""
        }, 
        {
            "segmentNumber": "47", 
            "he": [], 
            "links": [], 
            "text": ""
        }, 
        {
            "segmentNumber": "48", 
            "he": [], 
            "links": [], 
            "text": ""
        }, 
        {
            "segmentNumber": "49", 
            "he": [
                "מתני' וזן את אשתו ואת בניו - של מודר:", 
                "אע\"פ - שהמודר חייב במזונותן כיון דלאו לפטומי עבידן ודי להן במאי שהוא מפרנסן לאו הנאה מרובה עביד ליה:"
            ], 
            "links": [
                {
                    "category": "Talmud", 
                    "sourceHeRef": "נדרים ל״ח א:מ״ט", 
                    "index_title": "Nedarim", 
                    "sourceRef": "Nedarim 38a:49"
                }, 
                {
                    "category": "Talmud", 
                    "sourceHeRef": "נדרים ל״ח א:מ״ט", 
                    "index_title": "Nedarim", 
                    "sourceRef": "Nedarim 38a:49"
                }
            ], 
            "text": ""
        }, 
        {
            "segmentNumber": "50", 
            "he": [
                "ולא יזון את בהמתו בו' - הואיל ולפטומי עבידן עביד ליה הנאה מרובה:"
            ], 
            "links": [
                {
                    "category": "Talmud", 
                    "sourceHeRef": "נדרים ל״ח א:נ׳", 
                    "index_title": "Nedarim", 
                    "sourceRef": "Nedarim 38a:50"
                }
            ], 
            "text": ""
        }, 
        {
            "segmentNumber": "51", 
            "he": [], 
            "links": [], 
            "text": ""
        }, 
        {
            "segmentNumber": "52", 
            "he": [], 
            "links": [], 
            "text": ""
        }, 
        {
            "segmentNumber": "53", 
            "he": [], 
            "links": [], 
            "text": ""
        }, 
        {
            "segmentNumber": "54", 
            "he": [], 
            "links": [], 
            "text": ""
        }, 
        {
            "segmentNumber": "55", 
            "he": [], 
            "links": [], 
            "text": ""
        }, 
        {
            "segmentNumber": "56", 
            "he": [
                "נפשה לשמים וגופה שלו - לאכילה משום הכי לא יזון אותה לפטומי שמהנהו הנאה מרובה:"
            ], 
            "links": [
                {
                    "category": "Talmud", 
                    "sourceHeRef": "נדרים ל״ח א:נ״ו", 
                    "index_title": "Nedarim", 
                    "sourceRef": "Nedarim 38a:56"
                }
            ], 
            "text": ""
        }
    ], 
    "commentaryBook": "Nedarim", 
    "heRef": "רש\"י על נדרים ל״ח א", 
    "toSections": [
        "38a"
    ], 
    "sectionRef": "Rashi on Nedarim 38a", 
    "title": "Rashi on Nedarim 38a", 
    "lengths": [
        180, 
        5010
    ], 
    "next": "Rashi on Nedarim 38b:1", 
    "heBook": "רש\"י על נדרים", 
    "book": "Rashi on Nedarim", 
    "prev": "Rashi on Nedarim 37b:24", 
    "textDepth": 3, 
    "sectionNames": [
        "Daf", 
        "Line", 
        "Comment"
    ], 
    "sections": [
        "38a"
    ], 
    "commentator": "Rashi", 
    "isComplex": false, 
    "commentaryCategories": [
        "Talmud", 
        "Bavli", 
        "Seder Nashim"
    ], 
    "titleVariants": [
        "Rashi on Nedarim", 
        "Rashi on Talmud Nedarim", 
        "Rashi on Ned.", 
        "Rashi on Tractate Nedarim", 
        "Rashi on Masekhet Nedarim"
    ], 
    "categories": [
        "Commentary", 
        "Talmud", 
        "Rashi"
    ], 
    "ref": "Rashi on Nedarim 38a", 
    "type": "Commentary", 
    "addressTypes": [
        "Talmud", 
        "Integer", 
        "Integer"
    ], 
    "heCommentator": "רש\"י", 
    "length": 180, 
    "indexTitle": "Rashi on Nedarim", 
    "heIndexTitle": "רש\"י על נדרים", 
    "alts": [], 
    "order": [
        15, 
        3
    ]
}