{
    "heTitleVariants": [
        "רש\"י על נדרים"
    ], 
    "heTitle": "רש\"י על נדרים כ״ד ב", 
    "content": [
        {
            "segmentNumber": "1", 
            "he": [
                "אפי' בקמייתא - הנך דלעיל ש\"מ:"
            ], 
            "links": [
                {
                    "category": "Talmud", 
                    "sourceHeRef": "נדרים כ״ד ב:א׳", 
                    "sourceRef": "Nedarim 24b:1", 
                    "ref": "Nedarim 24b:1"
                }
            ], 
            "text": ""
        }, 
        {
            "segmentNumber": "2", 
            "he": [], 
            "links": [], 
            "text": ""
        }, 
        {
            "segmentNumber": "3", 
            "he": [
                "מאי הוי עלה - אי הוי הלכתא כוותיה דר' אליעזר דהוי נדרי זרוזין ומותר:"
            ], 
            "links": [
                {
                    "category": "Talmud", 
                    "sourceHeRef": "נדרים כ״ד ב:ג׳", 
                    "sourceRef": "Nedarim 24b:3", 
                    "ref": "Nedarim 24b:3"
                }
            ], 
            "text": ""
        }, 
        {
            "segmentNumber": "4", 
            "he": [], 
            "links": [], 
            "text": ""
        }, 
        {
            "segmentNumber": "5", 
            "he": [], 
            "links": [], 
            "text": ""
        }, 
        {
            "segmentNumber": "6", 
            "he": [], 
            "links": [], 
            "text": ""
        }, 
        {
            "segmentNumber": "7", 
            "he": [], 
            "links": [], 
            "text": ""
        }, 
        {
            "segmentNumber": "8", 
            "he": [], 
            "links": [], 
            "text": ""
        }, 
        {
            "segmentNumber": "9", 
            "he": [], 
            "links": [], 
            "text": ""
        }, 
        {
            "segmentNumber": "10", 
            "he": [], 
            "links": [], 
            "text": ""
        }, 
        {
            "segmentNumber": "11", 
            "he": [], 
            "links": [], 
            "text": ""
        }, 
        {
            "segmentNumber": "12", 
            "he": [], 
            "links": [], 
            "text": ""
        }, 
        {
            "segmentNumber": "13", 
            "he": [], 
            "links": [], 
            "text": ""
        }, 
        {
            "segmentNumber": "14", 
            "he": [], 
            "links": [], 
            "text": ""
        }, 
        {
            "segmentNumber": "15", 
            "he": [
                "אמר ליה רבא - א\"כ מתניתא דאמר שבועה שראיתי בדרך הזה:"
            ], 
            "links": [
                {
                    "category": "Talmud", 
                    "sourceHeRef": "נדרים כ״ד ב:ט״ו", 
                    "sourceRef": "Nedarim 24b:15", 
                    "ref": "Nedarim 24b:15"
                }
            ], 
            "text": ""
        }, 
        {
            "segmentNumber": "16", 
            "he": [
                "למה לי למימר - דאסור דהיינו שבועה גמורה ודאי כאילו אמר שבועה שאכלתי:"
            ], 
            "links": [
                {
                    "category": "Talmud", 
                    "sourceHeRef": "נדרים כ״ד ב:ט״ז", 
                    "sourceRef": "Nedarim 24b:16", 
                    "ref": "Nedarim 24b:16"
                }
            ], 
            "text": ""
        }, 
        {
            "segmentNumber": "17", 
            "he": [
                "ועודי דומיא דנדר קתני - שבועות (נדרי) הבאי אסורין דמשמע דקאמר בלשון נדר ושבועה:"
            ], 
            "links": [
                {
                    "category": "Talmud", 
                    "sourceHeRef": "נדרים כ״ד ב:י״ז", 
                    "sourceRef": "Nedarim 24b:17", 
                    "ref": "Nedarim 24b:17"
                }
            ], 
            "text": ""
        }, 
        {
            "segmentNumber": "18", 
            "he": [
                "אלא אמר רבא - קאמר הכי יאסרו כל פירות העולם עלי בשבועה:"
            ], 
            "links": [
                {
                    "category": "Talmud", 
                    "sourceHeRef": "נדרים כ״ד ב:י״ח", 
                    "sourceRef": "Nedarim 24b:18", 
                    "ref": "Nedarim 24b:18"
                }
            ], 
            "text": ""
        }, 
        {
            "segmentNumber": "19", 
            "he": [], 
            "links": [], 
            "text": ""
        }, 
        {
            "segmentNumber": "20", 
            "he": [
                "אמר ליה רבינא - אמאי אסורות ודלמא שפיר אישתבע לדעתיה דידיה:"
            ], 
            "links": [
                {
                    "category": "Talmud", 
                    "sourceHeRef": "נדרים כ״ד ב:כ׳", 
                    "sourceRef": "Nedarim 24b:20", 
                    "ref": "Nedarim 24b:20"
                }
            ], 
            "text": ""
        }, 
        {
            "segmentNumber": "21", 
            "he": [
                "דלמא קינא דשומשמני - נמלות מקובצות הרבה ראה ביחד כעולי מצרים דאפשר:"
            ], 
            "links": [
                {
                    "category": "Talmud", 
                    "sourceHeRef": "נדרים כ״ד ב:כ״א", 
                    "sourceRef": "Nedarim 24b:21", 
                    "ref": "Nedarim 24b:21"
                }
            ], 
            "text": ""
        }
    ], 
    "commentaryBook": "Nedarim", 
    "heRef": "רש\"י על נדרים כ״ד ב", 
    "toSections": [
        "24b"
    ], 
    "sectionRef": "Rashi on Nedarim 24b", 
    "title": "Rashi on Nedarim 24b", 
    "lengths": [
        180, 
        5010
    ], 
    "next": "Rashi on Nedarim 25a:2", 
    "heBook": "רש\"י על נדרים", 
    "book": "Rashi on Nedarim", 
    "prev": "Rashi on Nedarim 24a:40", 
    "textDepth": 3, 
    "sectionNames": [
        "Daf", 
        "Line", 
        "Comment"
    ], 
    "sections": [
        "24b"
    ], 
    "commentator": "Rashi", 
    "isComplex": false, 
    "commentaryCategories": [
        "Talmud", 
        "Bavli", 
        "Seder Nashim"
    ], 
    "titleVariants": [
        "Rashi on Nedarim", 
        "Rashi on Talmud Nedarim", 
        "Rashi on Tractate Nedarim", 
        "Rashi on Masekhet Nedarim"
    ], 
    "categories": [
        "Commentary", 
        "Talmud", 
        "Rashi"
    ], 
    "ref": "Rashi on Nedarim 24b", 
    "type": "Commentary", 
    "addressTypes": [
        "Talmud", 
        "Integer", 
        "Integer"
    ], 
    "heCommentator": "רש\"י", 
    "length": 180, 
    "indexTitle": "Rashi on Nedarim", 
    "heIndexTitle": "רש\"י על נדרים", 
    "alts": [], 
    "order": [
        15, 
        3
    ]
}