{
    "sections": {
        "Rambam on Mishnah Sotah 4:3": {
            "content": [
                {
                    "segmentNumber": "1", 
                    "links": [
                        {
                            "category": "Mishnah", 
                            "index_title": "Mishnah Sotah", 
                            "sourceHeRef": "משנה סוטה ד׳:ג׳", 
                            "sourceRef": "Mishnah Sotah 4:3"
                        }
                    ], 
                    "he": "<b>מעוברת חבירו ומינקת חבירו לא שותות כו': </b>רבי מאיר סבר מי שנשא מעוברת חבירו ומינקת חבירו יוציא ולא יחזיר עולמית ולפיכך הוא אצלו עובר עבירה כמו ישראל שנשא נתינה והדומות לה ולפיכך לא ישקה אותה וחכמים אומרים שיגרשנה עד תשלום זמן הנקה והוא כ\"ד חדשים כמו שבארנו בגיטין (פ\"ז הלכה ו') חוץ מיום שנולד ומיום שנתארסה בו ויחזיר. ור' אליעזר אומר מה שכתוב בתורה ונקתה ונזרעה זרע רוצה לומר תיקון זריעה שתלד בריוח אם היתה מנהגה שתלד בצער או תלד זכרים אם היתה מנהגה שתלד נקבות לפיכך לפי דעתו איילונית וזקנה שותות ואם תאמר שבעלה עמה באיסור מפני שהוא נמנע מפריה ורביה ולא ישקנה מזה הטעם הרי זה אינו אמת שהוא יכול לישא אשה אחרת וחכ\"א ונקתה ונזרעה זרע את שראויה להזריע ואין הלכה כרבי אליעזר והלכה כחכמים. "
                }
            ], 
            "heTitle": "רמב\"ם על משנה סוטה", 
            "indexTitle": "Rambam on Mishnah Sotah", 
            "sectionRef": "Rambam on Mishnah Sotah 4:3", 
            "prev": "Rambam on Mishnah Sotah 4:2", 
            "ref": "Rambam on Mishnah Sotah 4:3", 
            "heRef": "רמב\"ם על משנה סוטה ד׳:ג׳", 
            "next": "Rambam on Mishnah Sotah 4:4"
        }, 
        "Rambam on Mishnah Sotah 4:2": {
            "content": [
                {
                    "segmentNumber": "1", 
                    "links": [
                        {
                            "category": "Mishnah", 
                            "index_title": "Mishnah Sotah", 
                            "sourceHeRef": "משנה סוטה ד׳:ב׳", 
                            "sourceRef": "Mishnah Sotah 4:2"
                        }
                    ], 
                    "he": "<b>ואלו לא שותות ולא נוטלות כתובה כו': </b>בית שמאי סברי שטר העומד לגבות כגבוי דמי וכאילו תגיע זה הממון לידה ולפיכך נוטלת כתובתה לפי דעתם: "
                }
            ], 
            "heTitle": "רמב\"ם על משנה סוטה", 
            "indexTitle": "Rambam on Mishnah Sotah", 
            "sectionRef": "Rambam on Mishnah Sotah 4:2", 
            "prev": "Rambam on Mishnah Sotah 4:1", 
            "ref": "Rambam on Mishnah Sotah 4:2", 
            "heRef": "רמב\"ם על משנה סוטה ד׳:ב׳", 
            "next": "Rambam on Mishnah Sotah 4:3"
        }, 
        "Rambam on Mishnah Sotah 4:1": {
            "content": [
                {
                    "segmentNumber": "1", 
                    "links": [
                        {
                            "category": "Mishnah", 
                            "index_title": "Mishnah Sotah", 
                            "sourceHeRef": "משנה סוטה ד׳:א׳", 
                            "sourceRef": "Mishnah Sotah 4:1"
                        }
                    ], 
                    "he": "<b>ארוסה ושומרת יבם לא שותות ולא נוטלות כו': </b>עוד יתבאר לך כשאדם בעל אחר שהגדיל בעילה אסורה אי זה איסור שיהיה המים המאררים אין עושין רושם באשתו. לפיכך אלמנה לכה\"ג והדומה לה בשנתבאר עליהם הקנוי והסתירה כמו שבארנו יוצאת בלא כתובה לפי שיש להן כתובה ואף על פי שנשואיהן באיסור כמו שנתבאר בסוף פרק אחד עשר מכתובות: "
                }
            ], 
            "heTitle": "רמב\"ם על משנה סוטה", 
            "indexTitle": "Rambam on Mishnah Sotah", 
            "sectionRef": "Rambam on Mishnah Sotah 4:1", 
            "prev": "Rambam on Mishnah Sotah 3:8", 
            "ref": "Rambam on Mishnah Sotah 4:1", 
            "heRef": "רמב\"ם על משנה סוטה ד׳:א׳", 
            "next": "Rambam on Mishnah Sotah 4:2"
        }, 
        "Rambam on Mishnah Sotah 4:5": {
            "content": [
                {
                    "segmentNumber": "1", 
                    "links": [
                        {
                            "category": "Mishnah", 
                            "index_title": "Mishnah Sotah", 
                            "sourceHeRef": "משנה סוטה ד׳:ה׳", 
                            "sourceRef": "Mishnah Sotah 4:5"
                        }
                    ], 
                    "he": "<b>ואלו שב\"ד מקנין להן מי שנתחרש בעלה כו': </b>רבי יוסי אומר כל מי שיקנא ישקנה לפי שנאמר וקנא והביא *ואין הלכה כרבי יוסי ומה שצריך שתדעהו שאם היה בעלה סומא לא היה משקה אותה שנאמר מעיני אישה וכמו כן אם היתה היא חגרת או שאין לה ידים או אלמת אינה שותה לפי שנאמר והעמיד את האשה ונתן על כפיה ואמרה האשה ונאמר גם כן אשה תחת אישה מתחייב מזה שיהיה כל מה שימנענו מלהשקותה ימנענה גם כן מלשתות וכן. מה שימנענה מלשתות ימנענו מלהשקותה לפיכך אם היתה סומא או היה הוא חיגר או שאין לו ידים או אלה אינה שותה אבל בכל זאת יוצאות שלא בכתובה: "
                }
            ], 
            "heTitle": "רמב\"ם על משנה סוטה", 
            "indexTitle": "Rambam on Mishnah Sotah", 
            "sectionRef": "Rambam on Mishnah Sotah 4:5", 
            "prev": "Rambam on Mishnah Sotah 4:4", 
            "ref": "Rambam on Mishnah Sotah 4:5", 
            "heRef": "רמב\"ם על משנה סוטה ד׳:ה׳", 
            "next": "Rambam on Mishnah Sotah 5:1"
        }, 
        "Rambam on Mishnah Sotah 4:4": {
            "content": [
                {
                    "segmentNumber": "1", 
                    "links": [
                        {
                            "category": "Mishnah", 
                            "index_title": "Mishnah Sotah", 
                            "sourceHeRef": "משנה סוטה ד׳:ד׳", 
                            "sourceRef": "Mishnah Sotah 4:4"
                        }
                    ], 
                    "he": "<b>אשת כהן שותה ומותרת לבעלה אשת סריס כו': </b>שמא יעלה על הדעת אשת ישראל כשזינתה באונס שהיא מותרת לבעלה היא שותה ותהיה מותרת לבעלה אבל אשת כהן שזינתה באונס שהיא אסורה עליו היה לנו לומר שלא תהיה מותרת לו אחר שתשתה שמא באונס זינתה ולכך הוצלה והיא אסורה עליו ולכך למדנו שהיא שותה ומותרת לבעלה וכמו כן אשת סריס ואע\"פ שאין לו שכיבה. ומה שאמר על ידי כל העריות מקנאין שמא יעלה על דעתינו שהוא אם קנא לה עם אחיה או אביה או אחד מן העריות הדומין להם אינו קנוי לפי שאמר ונטמאה ב\"פ ובא בקבלה טומאה לבעל טומאה לבועל לפיכך האיש שהיא אסורה עליו בזה הזנות הוא שתשתה על ידו אבל זה האיש שהוא אסור עליה לעולם קודם זה הקנוי הרי זה אינה שותה בשבילו לכך למדנו שהוא משקה אותה וקטן הוא פחות מבן תשע שנים ויום אחד כמו שנתבאר ביבמות (פ\"י הלכה ז') ומי שאינו איש ר\"ל בזה בהמה למה שנאמר ושכב איש אותה פרט לקטן ולבהמה: "
                }
            ], 
            "heTitle": "רמב\"ם על משנה סוטה", 
            "indexTitle": "Rambam on Mishnah Sotah", 
            "sectionRef": "Rambam on Mishnah Sotah 4:4", 
            "prev": "Rambam on Mishnah Sotah 4:3", 
            "ref": "Rambam on Mishnah Sotah 4:4", 
            "heRef": "רמב\"ם על משנה סוטה ד׳:ד׳", 
            "next": "Rambam on Mishnah Sotah 4:5"
        }
    }, 
    "ref": "Rambam on Mishnah Sotah 4"
}