{
    "heTitleVariants": [
        "שער המים הקצר", 
        "בית המים"
    ], 
    "heTitle": "שער המים הקצר", 
    "heRef": "שער המים הקצר ח׳", 
    "toSections": [
        8
    ], 
    "sectionRef": "Sha'ar HaMayim HaKatzar 8", 
    "next": "Sha'ar HaMayim HaKatzar 9", 
    "content": [
        {
            "segmentNumber": "1", 
            "he": "מקוה שירדו מימיו לתוכו על ידי אחד מן הדברים המקבלים טומאה פסול שנאמר מקוה מים יהיה טהור, הוייתן על ידי טהרה יהא, לפיכך אם עברו מים על יד ורגל של אדם או אפילו על עלה של ירק, או שעברו על גבי כלים המקבלים טומאה הרי זה פסול, ויראה לי שאפילו נפלו למקוה ג' לוגין מים על ידי דבר המקבל טומאה פוסל את המקוה כמים שאובין, וכבר נתבאר למעלה שהמקוה הנפרץ ונעשו המים שבתוכו זוחלין שצריך להעמיד זחילתו ואפילו לשעה יורד וטובל, ולפיכך אפילו העמיד זחילתו בדבר המקבל טומאה אסור לטבול בו, אע\"פ שנקוו בו מימיו בטהרה כל שנעשו מימיו זוחלין פסול, עד שיעמידנו, וכל שמעמידו מכשירו, ולפיכך צריך להעמידו בדבר שאינו מקבל טומאה כמו שאמרנו. עברו המים למקוה דרך צנור של מתכת הרי זה פסול, במה דברים אמורים בצנור שאינו עשוי לקובעו בקרקע, קובעו בקרקע או שמשמש דבר הקבוע בקרקע אינו מקבל טומאה, ולפיכך מביאין מים על ידי צנור של מתכת הקבוע בקרקע ועושין מקוה לכתחילה.", 
            "links": [], 
            "text": ""
        }
    ], 
    "book": "Sha'ar HaMayim HaKatzar", 
    "prev": "Sha'ar HaMayim HaKatzar 7", 
    "textDepth": 2, 
    "sectionNames": [
        "Gate", 
        "Paragraph"
    ], 
    "sections": [
        8
    ], 
    "isComplex": false, 
    "titleVariants": [
        "Beit HaMayim", 
        "Sha'ar HaMayim HaKatzar"
    ], 
    "categories": [
        "Halakhah"
    ], 
    "ref": "Sha'ar HaMayim HaKatzar 8", 
    "type": "Halakhah", 
    "addressTypes": [
        "Integer", 
        "Integer"
    ], 
    "indexTitle": "Sha'ar HaMayim HaKatzar", 
    "heIndexTitle": "שער המים הקצר", 
    "alts": [], 
    "order": ""
}