{
    "heTitleVariants": [
        "נר מצוה"
    ], 
    "heTitle": "שני לוחות הברית, וישב, מקץ, ויגש, נר מצוה", 
    "heRef": "שני לוחות הברית, וישב, מקץ, ויגש, נר מצוה", 
    "toSections": [], 
    "sectionRef": "Shney Luchot HaBrit, Vayeshev, Miketz, Vayigash, Ner Mitzvah", 
    "next": "Shney Luchot HaBrit, Vayeshev, Miketz, Vayigash, Torah Ohr", 
    "content": [
        {
            "segmentNumber": "1", 
            "he": "", 
            "links": [], 
            "text": "   When people pronounce a ban, חרם, on someone or something, they have to be most circumspect even when the ban is in itself of a forbidden nature. One needs to be even more careful when one places someone in a ban in consequence of a permissible legal proceeding. We can examine and learn from the extreme caution practised by Joseph's brothers who entered into a conspiracy of silence not to reveal what had happened to Joseph. The secret was therefore kept. Even G'd Himself did not reveal the secret; the brothers had included Him in those upon whom the vow of silence was imposed. It was only shortly before Jacob's death, when the latter reproved his sons and blessed them, that The Holy Spirit revealed to Jacob what had transpired, so that Jacob might be able to admonish his sons prior to his death."
        }, 
        {
            "segmentNumber": "2", 
            "he": "", 
            "links": [
                {
                    "category": "Tanakh", 
                    "sourceHeRef": "בראשית מ״ט:ו׳", 
                    "index_title": "Genesis", 
                    "sourceRef": "Genesis 49:6"
                }
            ], 
            "text": "   During these blessings, Jacob referred pointedly to Shimon and Levi's part in the maltreatment of Joseph (Genesis 49,6 \"they tried to uproot the ox\"). When a person is close to death, it is time for him to dispense admonitions as well as blessings. Joseph never told his father that his brothers had sold him."
        }
    ], 
    "book": "Shney Luchot HaBrit", 
    "prev": "Shney Luchot HaBrit, Vayeshev, Miketz, Vayigash, Introduction", 
    "textDepth": 1, 
    "sectionNames": [
        "Paragraph"
    ], 
    "sections": [], 
    "isComplex": true, 
    "titleVariants": [
        "Ner Mitzvah"
    ], 
    "categories": [
        "Commentary2", 
        "Tanakh", 
        "Shney Luchot HaBrit"
    ], 
    "ref": "Shney Luchot HaBrit, Vayeshev, Miketz, Vayigash, Ner Mitzvah", 
    "type": "Commentary2", 
    "addressTypes": [
        "Integer"
    ], 
    "indexTitle": "Shney Luchot HaBrit", 
    "heIndexTitle": "שני לוחות הברית", 
    "alts": [], 
    "order": ""
}