{
    "heTitleVariants": [
        "מצודת דוד על יהושע"
    ], 
    "heTitle": "מצודת דוד על יהושע", 
    "commentaryBook": "Joshua", 
    "heRef": "מצודת דוד על יהושע י״ז", 
    "toSections": [
        17
    ], 
    "sectionRef": "Metzudat David on Joshua 17", 
    "title": "Metzudat David on Joshua 17", 
    "lengths": [
        24, 
        658
    ], 
    "next": "Metzudat David on Joshua 18:1", 
    "content": [
        {
            "segmentNumber": "1", 
            "he": [
                "<b>כי הוא בכור .</b> רצה לומר , אף שהוא הבכור והיה אם כן מהראוי לקחת גורלו ראשון , מכל מקום נתאחר מלקחת גורלו עד שלקח אפרים תחלה , ואחר זה היה הגורל למטה מנשה , וזה היה בעבור ברכת יעקב שהקדימו בכל דבר : ", 
                "<b>למכיר בכור מנשה .</b> רצה לומר , אבל בבני מנשה שלא היתה סיבה מה להקדים הצעיר להבכור , לזה לקח הבכור תחלה : ", 
                "<b>אבי הגלעד .</b> על שם בנו גלעד היה נקרא , או רצה לומר , שר הגלעד , ואמר על שם סופו : ", 
                "<b>איש מלחמה .</b> ובחר לשבת בעבר הירדן על הספר במקום סכנה , להראות לגוים את גבורתו , ולזה היה לו הגלעד והבשן :\n"
            ], 
            "links": [
                {
                    "category": "Tanakh", 
                    "sourceHeRef": "יהושע י״ז:א׳", 
                    "index_title": "Joshua", 
                    "sourceRef": "Joshua 17:1"
                }, 
                {
                    "category": "Tanakh", 
                    "sourceHeRef": "יהושע י״ז:א׳", 
                    "index_title": "Joshua", 
                    "sourceRef": "Joshua 17:1"
                }, 
                {
                    "category": "Tanakh", 
                    "sourceHeRef": "יהושע י״ז:א׳", 
                    "index_title": "Joshua", 
                    "sourceRef": "Joshua 17:1"
                }, 
                {
                    "category": "Tanakh", 
                    "sourceHeRef": "יהושע י״ז:א׳", 
                    "index_title": "Joshua", 
                    "sourceRef": "Joshua 17:1"
                }
            ], 
            "text": ""
        }, 
        {
            "segmentNumber": "2", 
            "he": [
                "<b>ויהי .</b> רצה לומר , ואחר זה היה הגורל לבני מנשה הנותרים , לכל משפחה ומשפחה : ", 
                "<b>הזכרים .</b> לפי שנאמר בענין שאף נקבות מבני מנשה לקחו נחלה ( פסוק ו ) לזה אמר הזכרים שבמשפחותם :\n"
            ], 
            "links": [
                {
                    "category": "Tanakh", 
                    "sourceHeRef": "יהושע י״ז:ב׳", 
                    "index_title": "Joshua", 
                    "sourceRef": "Joshua 17:2"
                }, 
                {
                    "category": "Tanakh", 
                    "sourceHeRef": "יהושע י״ז:ב׳", 
                    "index_title": "Joshua", 
                    "sourceRef": "Joshua 17:2"
                }
            ], 
            "text": ""
        }, 
        {
            "segmentNumber": "3", 
            "he": [], 
            "links": [], 
            "text": ""
        }, 
        {
            "segmentNumber": "4", 
            "he": [
                "<b>אחינו .</b> רצה לומר , אחי אבינו : ", 
                "<b>אל פי ה' .</b> על פי ה' במצותו :\n"
            ], 
            "links": [
                {
                    "category": "Tanakh", 
                    "sourceHeRef": "יהושע י״ז:ד׳", 
                    "index_title": "Joshua", 
                    "sourceRef": "Joshua 17:4"
                }, 
                {
                    "category": "Tanakh", 
                    "sourceHeRef": "יהושע י״ז:ד׳", 
                    "index_title": "Joshua", 
                    "sourceRef": "Joshua 17:4"
                }
            ], 
            "text": ""
        }, 
        {
            "segmentNumber": "5", 
            "he": [
                "<b>חבלי מנשה עשרה .</b> בארץ ישראל עצמה לקחו עשרה מחוזות :\n"
            ], 
            "links": [
                {
                    "category": "Tanakh", 
                    "sourceHeRef": "יהושע י״ז:ה׳", 
                    "index_title": "Joshua", 
                    "sourceRef": "Joshua 17:5"
                }
            ], 
            "text": ""
        }, 
        {
            "segmentNumber": "6", 
            "he": [
                "<b>כי בנות מנשה וכו' .</b> רצה לומר , לפי שבנות מנשה גם המה לקחו נחלה , ובני מנשה הנותרים לקחו ארץ הגלעד , לזה היה ראוי ונכון שיקחו בארץ ישראל עצמה אלו העשרה מחוזות , לא פחות ולא יותר , כי החשבון הזה היה ראוי להם :\n"
            ], 
            "links": [
                {
                    "category": "Tanakh", 
                    "sourceHeRef": "יהושע י״ז:ו׳", 
                    "index_title": "Joshua", 
                    "sourceRef": "Joshua 17:6"
                }
            ], 
            "text": ""
        }, 
        {
            "segmentNumber": "7", 
            "he": [
                "<b>ויהי גבול מנשה .</b> הרוחב מצפון כלפי הדרום היה מגבול בני אשר , אשר נחלו מצפון מנשה עד מכמתת , שעמדה מול מקצוע דרומית מערבית של נחלת אפרים , לפני שכם שהיתה משל אפרים אשר עמדה במקצוע דרומית מערבית : ", 
                "<b>והלך הגבול .</b> מן המערב כלפי המזרח , בצד הצפון : ", 
                "<b>אל הימין .</b> פונה היה באלכסון אל הדרום , ובא אל יושבי עין תפוח :\n"
            ], 
            "links": [
                {
                    "category": "Tanakh", 
                    "sourceHeRef": "יהושע י״ז:ז׳", 
                    "index_title": "Joshua", 
                    "sourceRef": "Joshua 17:7"
                }, 
                {
                    "category": "Tanakh", 
                    "sourceHeRef": "יהושע י״ז:ז׳", 
                    "index_title": "Joshua", 
                    "sourceRef": "Joshua 17:7"
                }, 
                {
                    "category": "Tanakh", 
                    "sourceHeRef": "יהושע י״ז:ז׳", 
                    "index_title": "Joshua", 
                    "sourceRef": "Joshua 17:7"
                }
            ], 
            "text": ""
        }, 
        {
            "segmentNumber": "8", 
            "he": [
                "<b>ארץ תפוח .</b> המקומות אשר סביב תפוח , אבל העיר תפוח עצמה עם שעמדה בגבול מנשה , עם כל זה היתה לאפרים :\n"
            ], 
            "links": [
                {
                    "category": "Tanakh", 
                    "sourceHeRef": "יהושע י״ז:ח׳", 
                    "index_title": "Joshua", 
                    "sourceRef": "Joshua 17:8"
                }
            ], 
            "text": ""
        }, 
        {
            "segmentNumber": "9", 
            "he": [
                "<b>וירד הגבול .</b> רצה לומר הגבול אשר ירד מתפוח לנחל קנה , מדרום לנחל האמור למעלה , הערים האלה אשר עמדו בהגבול ההוא המה היו לאפרים , עם שעמדו בתוך ערי מנשה , וכמו שכתוב למעלה : ", 
                "<b>תוצאותיו .</b> סוף גבול מנשה כלה אל הים :\n"
            ], 
            "links": [
                {
                    "category": "Tanakh", 
                    "sourceHeRef": "יהושע י״ז:ט׳", 
                    "index_title": "Joshua", 
                    "sourceRef": "Joshua 17:9"
                }, 
                {
                    "category": "Tanakh", 
                    "sourceHeRef": "יהושע י״ז:ט׳", 
                    "index_title": "Joshua", 
                    "sourceRef": "Joshua 17:9"
                }
            ], 
            "text": ""
        }, 
        {
            "segmentNumber": "10", 
            "he": [
                "<b>נגבה לאפרים .</b> בהרצועה שלקחו בני יוסף , לקח אפרים בדרומה , ומנשה בצפונה : ", 
                "<b>גבולו .</b> של מנשה : ", 
                "<b>ובאשר .</b> בגבול אשר : ", 
                "<b>יפגעון .</b> מנשה עם אשר בצפון מנשה : ", 
                "<b>ממזרח .</b> כי נחלת יששכר היתה אצל הירדן , למזרחה של מנשה :\n"
            ], 
            "links": [
                {
                    "category": "Tanakh", 
                    "sourceHeRef": "יהושע י״ז:י׳", 
                    "index_title": "Joshua", 
                    "sourceRef": "Joshua 17:10"
                }, 
                {
                    "category": "Tanakh", 
                    "sourceHeRef": "יהושע י״ז:י׳", 
                    "index_title": "Joshua", 
                    "sourceRef": "Joshua 17:10"
                }, 
                {
                    "category": "Tanakh", 
                    "sourceHeRef": "יהושע י״ז:י׳", 
                    "index_title": "Joshua", 
                    "sourceRef": "Joshua 17:10"
                }, 
                {
                    "category": "Tanakh", 
                    "sourceHeRef": "יהושע י״ז:י׳", 
                    "index_title": "Joshua", 
                    "sourceRef": "Joshua 17:10"
                }, 
                {
                    "category": "Tanakh", 
                    "sourceHeRef": "יהושע י״ז:י׳", 
                    "index_title": "Joshua", 
                    "sourceRef": "Joshua 17:10"
                }
            ], 
            "text": ""
        }, 
        {
            "segmentNumber": "11", 
            "he": [
                "<b>ויהי למנשה וכו' .</b> ערים היו לו למנשה בתוך נחלת יששכר ואשר , שהיו סמוכים אליו : ", 
                "<b>שלשת הנפת .</b> בשלש מחוזות עמדו הערים האלה :\n"
            ], 
            "links": [
                {
                    "category": "Tanakh", 
                    "sourceHeRef": "יהושע י״ז:י״א", 
                    "index_title": "Joshua", 
                    "sourceRef": "Joshua 17:11"
                }, 
                {
                    "category": "Tanakh", 
                    "sourceHeRef": "יהושע י״ז:י״א", 
                    "index_title": "Joshua", 
                    "sourceRef": "Joshua 17:11"
                }
            ], 
            "text": ""
        }, 
        {
            "segmentNumber": "12", 
            "he": [], 
            "links": [], 
            "text": ""
        }, 
        {
            "segmentNumber": "13", 
            "he": [], 
            "links": [], 
            "text": ""
        }, 
        {
            "segmentNumber": "14", 
            "he": [
                "<b>נתתה לי .</b> לכל בני יוסף למנשה ולאפרים : ", 
                "<b>נחלה גורל אחד .</b> רצה לומר , נחלה מועטת , כאלו היא גורל אחד ומחוז אחד : ", 
                "<b>עם רב .</b> ואין די לי בהנחלה הזאת : ", 
                "<b>עד כה .</b> עד אשר נתרבה כמו שאתה רואה :\n"
            ], 
            "links": [
                {
                    "category": "Tanakh", 
                    "sourceHeRef": "יהושע י״ז:י״ד", 
                    "index_title": "Joshua", 
                    "sourceRef": "Joshua 17:14"
                }, 
                {
                    "category": "Tanakh", 
                    "sourceHeRef": "יהושע י״ז:י״ד", 
                    "index_title": "Joshua", 
                    "sourceRef": "Joshua 17:14"
                }, 
                {
                    "category": "Tanakh", 
                    "sourceHeRef": "יהושע י״ז:י״ד", 
                    "index_title": "Joshua", 
                    "sourceRef": "Joshua 17:14"
                }, 
                {
                    "category": "Tanakh", 
                    "sourceHeRef": "יהושע י״ז:י״ד", 
                    "index_title": "Joshua", 
                    "sourceRef": "Joshua 17:14"
                }
            ], 
            "text": ""
        }, 
        {
            "segmentNumber": "15", 
            "he": [
                "<b>עלה לך היערה .</b> רצה לומר , אם כן שאתה עם רב , תוכל לעלות ביער של הפרזי והרפאים , לכרות האילנות להיות לך מקום לשבת , כי אלו היית מתי מספר , לא היית יכול לעצור כח לכרות כל כך אילני יער , אבל הואיל ועם רב אתה יכול תוכל : ", 
                "<b>כי אץ לך .</b> אם דחוק וצר לך הר אפרים עם רוב גדלו :\n"
            ], 
            "links": [
                {
                    "category": "Tanakh", 
                    "sourceHeRef": "יהושע י״ז:ט״ו", 
                    "index_title": "Joshua", 
                    "sourceRef": "Joshua 17:15"
                }, 
                {
                    "category": "Tanakh", 
                    "sourceHeRef": "יהושע י״ז:ט״ו", 
                    "index_title": "Joshua", 
                    "sourceRef": "Joshua 17:15"
                }
            ], 
            "text": ""
        }, 
        {
            "segmentNumber": "16", 
            "he": [
                "<b>לא ימצא לנו ההר .</b> אמת הדבר שאין מספיק לנו הר אפרים : ", 
                "<b>ורכב ברזל .</b> רצה לומר , ואם תשיב לומר , הלא נחלתם גם העמק , ועמו הלא יספיק , על זה נשיב אמרים כי יושבי העמק חזקים ביותר , ואנשי הרכב המה כברזל ואי אפשר לכבשם : ", 
                "<b>לאשר בבית שאן וכו' .</b> מפרש לומר שהם אשר בבית שאן וכו' הניתן לנחלת מנשה : ", 
                "<b>בעמק יזרעאל .</b> כי יזרעאל עצמה היתה מנחלת יששכר , ולבד העמק היתה מנחלתם :\n"
            ], 
            "links": [
                {
                    "category": "Tanakh", 
                    "sourceHeRef": "יהושע י״ז:ט״ז", 
                    "index_title": "Joshua", 
                    "sourceRef": "Joshua 17:16"
                }, 
                {
                    "category": "Tanakh", 
                    "sourceHeRef": "יהושע י״ז:ט״ז", 
                    "index_title": "Joshua", 
                    "sourceRef": "Joshua 17:16"
                }, 
                {
                    "category": "Tanakh", 
                    "sourceHeRef": "יהושע י״ז:ט״ז", 
                    "index_title": "Joshua", 
                    "sourceRef": "Joshua 17:16"
                }, 
                {
                    "category": "Tanakh", 
                    "sourceHeRef": "יהושע י״ז:ט״ז", 
                    "index_title": "Joshua", 
                    "sourceRef": "Joshua 17:16"
                }
            ], 
            "text": ""
        }, 
        {
            "segmentNumber": "17", 
            "he": [
                "<b>עם רב אתה .</b> ולזה יש לך כח גדול להלחם ולהרחיב את גבולך , שלא יהיה לך נחלה מועטת כאלו הוא גורל אחד :\n"
            ], 
            "links": [
                {
                    "category": "Tanakh", 
                    "sourceHeRef": "יהושע י״ז:י״ז", 
                    "index_title": "Joshua", 
                    "sourceRef": "Joshua 17:17"
                }
            ], 
            "text": ""
        }, 
        {
            "segmentNumber": "18", 
            "he": [
                "<b>כי הר יהיה לך .</b> רוצה לומר היער אשר אמרתי העומד בהר הנה זה יהיה לך מבלי טורח רב , כי יער הוא ולא ימצאו בה הרבה אנשים להלחם עמך : ", 
                "<b>ובראתו .</b> ואתה תכרות האילנות לשבת בה , ובזה יהיה לך תוצאותיו , רצה לומר , הגבול היוצא מההר ההוא ולהלאה : ", 
                "<b>כי תוריש .</b> כי במה שתשב בהר , תוכל בקלות לרשת את הכנעני היושב בעמק אשר בבית שאן וכו' : ", 
                "<b>כי רכב .</b> אף שיש לו אנשי רכב כברזל ואף שהוא חזק , כי היושב למעלה בהר מאד יתחזק על היושב מתחת בעמק :\n\n"
            ], 
            "links": [
                {
                    "category": "Tanakh", 
                    "sourceHeRef": "יהושע י״ז:י״ח", 
                    "index_title": "Joshua", 
                    "sourceRef": "Joshua 17:18"
                }, 
                {
                    "category": "Tanakh", 
                    "sourceHeRef": "יהושע י״ז:י״ח", 
                    "index_title": "Joshua", 
                    "sourceRef": "Joshua 17:18"
                }, 
                {
                    "category": "Tanakh", 
                    "sourceHeRef": "יהושע י״ז:י״ח", 
                    "index_title": "Joshua", 
                    "sourceRef": "Joshua 17:18"
                }, 
                {
                    "category": "Tanakh", 
                    "sourceHeRef": "יהושע י״ז:י״ח", 
                    "index_title": "Joshua", 
                    "sourceRef": "Joshua 17:18"
                }
            ], 
            "text": ""
        }
    ], 
    "book": "Metzudat David on Joshua", 
    "prev": "Metzudat David on Joshua 16:10", 
    "textDepth": 3, 
    "sectionNames": [
        "Chapter", 
        "Verse", 
        "Comment"
    ], 
    "sections": [
        17
    ], 
    "commentator": "Metzudat David", 
    "isComplex": false, 
    "commentaryCategories": [
        "Tanakh", 
        "Prophets"
    ], 
    "titleVariants": [
        "Metzudat David on Josh.", 
        "Metzudat David on Jos.", 
        "Metzudat David on Josh", 
        "Metzudat David on Yehoshua", 
        "Metzudat David on Jos", 
        "Metzudat David on Joshua"
    ], 
    "categories": [
        "Commentary", 
        "Tanakh", 
        "Metzudat David"
    ], 
    "ref": "Metzudat David on Joshua 17", 
    "type": "Commentary", 
    "addressTypes": [
        "Integer", 
        "Integer", 
        "Integer"
    ], 
    "heCommentator": "מצודת דוד", 
    "length": 24, 
    "indexTitle": "Metzudat David on Joshua", 
    "heIndexTitle": "מצודת דוד על יהושע", 
    "alts": [], 
    "order": [
        6, 
        1
    ]
}