[{
    "links": [
        [
            "41b:1:1", 
            "Sotah 41b:1", 
            "Talmud"
        ], 
        [
            "41b:21:1", 
            "Sotah 41b:21", 
            "Talmud"
        ], 
        [
            "41b:23:1", 
            "Sotah 41b:23", 
            "Talmud"
        ], 
        [
            "41b:26:1", 
            "Sotah 41b:26", 
            "Talmud"
        ], 
        [
            "41b:34:1", 
            "Sotah 41b:34", 
            "Talmud"
        ], 
        [
            "41b:23:1", 
            "Psalms 119", 
            "Tanach"
        ], 
        [
            "41b:9:1", 
            "Sotah 41b:9", 
            "Talmud"
        ], 
        [
            "41b:15:1", 
            "Sotah 41b:15", 
            "Talmud"
        ], 
        [
            "41b:42:1", 
            "Sotah 41b:42", 
            "Talmud"
        ], 
        [
            "41b:21:2", 
            "Sotah 41b:21", 
            "Talmud"
        ], 
        [
            "41b:21:3", 
            "Sotah 41b:21", 
            "Talmud"
        ], 
        [
            "41b:21:4", 
            "Sotah 41b:21", 
            "Talmud"
        ]
    ], 
    "text": [], 
    "heTitleVariants": [
        "רש\"י על סוטה"
    ], 
    "heTitle": "רש\"י על סוטה מ״א ב", 
    "commentaryBook": "Sotah", 
    "heRef": "רש\"י על סוטה מ״א ב", 
    "toSections": [
        "41b"
    ], 
    "sectionRef": "Rashi on Sotah 41b", 
    "title": "Rashi on Sotah 41b", 
    "lengths": [
        96, 
        4956
    ], 
    "next": "Rashi on Sotah 42a:1", 
    "heBook": "רש\"י על סוטה", 
    "book": "Rashi on Sotah", 
    "prev": "Rashi on Sotah 41a:57", 
    "textDepth": 3, 
    "sectionNames": [
        "Daf", 
        "Line", 
        "Comment"
    ], 
    "sections": [
        "41b"
    ], 
    "commentator": "Rashi", 
    "isComplex": false, 
    "commentaryCategories": [
        "Talmud", 
        "Bavli", 
        "Seder Nashim"
    ], 
    "titleVariants": [
        "Rashi on Sotah", 
        "Rashi on Masekhet Sotah", 
        "Rashi on Tractate Sotah", 
        "Rashi on Talmud Sotah"
    ], 
    "categories": [
        "Commentary", 
        "Talmud", 
        "Rashi"
    ], 
    "he": [
        [
            "מאימת דמתחיל מועד - ומיהו ביו\"ט לא שאין תיקון הבימה דוחה לא את השבת ולא יו\"ט ומאתמול נמי לא עבדינן לה דדחקא לה עזרה והאי טעמא מפרש בגמ' ירושלמי (פ\"א) במס' מגילה דקתני הקהל מאחרין כשחל להיות בשבת וקאמר מפני הבימה ונעבדה מאתמול דחקא לה עזרה אנקוברי\"ר (להפריע) בלע\"ז:"
        ], 
        [], 
        [], 
        [], 
        [], 
        [], 
        [], 
        [], 
        [
            "למלכי בית דוד - אבל לא למלכי בית חשמונאי:"
        ], 
        [], 
        [], 
        [], 
        [], 
        [], 
        [
            "אפי' למאן דאמר - בקידושין בפ\"ק (דף לב:):\n"
        ], 
        [], 
        [], 
        [], 
        [], 
        [], 
        [
            "אגרופה - כחה של חנופה דאע\"ג דאמו מישראל אין ראוי למלכות דעבד היה וזילא מילתא:", 
            "נתעוותו הדינין - שהחניפו הדיינין את בעלי הדין:", 
            "ונתקלקלו המעשים - שהגדולים ראו עוברי עבירה ולא מיחו בידם מפני חנופה:", 
            "ואין אדם שיכול לומר לחבירו מעשי גדולים ממעשיך - שמתוך שלא מיחו בעוברי עבירה למדו הדורות את מעשיהם ונמצא כולן עוברין:"
        ], 
        [], 
        [
            "לכילי - לשון כלתה נפשי (תהלים קיט) שמתאוה לשתות יין תדיר:"
        ], 
        [], 
        [], 
        [
            "ופליגא - הא דריש לקיש דאמר להחניפו לעשו נתכוון לומר לו ראיתי פניך כראות פני וגו' פליגא אדרבי לוי דאמר לא להחניפו נתכוין אלא לאיים עליו ולהודיעו שהוא רגיל לראות מלאכים:"
        ], 
        [], 
        [], 
        [], 
        [], 
        [], 
        [], 
        [], 
        [
            "לא ישועו כי אסרם - כשיבואו עליהם יסורין לא יועילם שועה:"
        ], 
        [], 
        [], 
        [], 
        [], 
        [], 
        [], 
        [], 
        [
            "ויאמר ירמיהו לחנניה הנביא - שאמר נבואת שקר על גלות יכניה וכלי הקודש שגלו עמו בעוד שנתים ימים אני משיבם אל המקום הזה אמן כן יעשה ה' חנופה היא זו שהיה לו לומר בהדיא שקר אתה ניבא:"
        ]
    ], 
    "ref": "Rashi on Sotah 41b", 
    "type": "Commentary", 
    "addressTypes": [
        "Talmud", 
        "Integer", 
        "Integer"
    ], 
    "heCommentator": "רש\"י", 
    "length": 96, 
    "indexTitle": "Rashi on Sotah", 
    "heIndexTitle": "רש\"י על סוטה", 
    "alts": [], 
    "order": [
        17, 
        5
    ]
}]