{
    "heTitleVariants": [
        "כסף משנה על משנה תורה, הלכות ביאת מקדש"
    ], 
    "heTitle": "כסף משנה על משנה תורה, הלכות ביאת מקדש", 
    "heRef": "כסף משנה על משנה תורה, הלכות ביאת מקדש א׳", 
    "toSections": [
        1
    ], 
    "sectionRef": "Kessef Mishneh on Mishneh Torah, Admission into the Sanctuary 1", 
    "next": "Kessef Mishneh on Mishneh Torah, Admission into the Sanctuary 2:1", 
    "content": [
        {
            "segmentNumber": "1", 
            "he": [
                "<b>כל כהן הכשר לעבודה וכו'.</b> מ''ש הכשר לעבודה בסיפרא אתה ובניך אתך מה אתה כשר אף בניך כשרים יצאו חללים ובעלי מומין. \n", 
                "<b>ומ''ש שאסור לו להכנס מן המזבח ולפנים.</b> אף ע''ג דבקרא כתיב באהל מועד בת''כ מייתי מקרא דה''ה למן המזבח ולפנים וכתבתי ברייתא זו בסוף פרק זה. \n", 
                "<b>ומ''ש שעבודתו פסולה.</b> בפ' כ''ג (סנהדרין כ''ב) אמרינן דשתויי יין מחלי עבודה ופירש''י דכתיב יין ושכר אל תשת וגו' וסמיך ליה ולהבדיל בין הקדש ובין החול משמע בין עבודה קדושה לעבודה מחוללת ומייתי לה ברפ''ב דזבחים (דף י''ז ע''ב). \n", 
                "<b>ומ''ש וחייב מיתה בידי שמים.</b> מבואר בכתוב ומשמע מדברי רבינו דאסור להכנס מהמזבח ולפנים אע''פ שלא עבד אבל אינו חייב מיתה אא''כ עבד: \n", 
                "<b>ומ''ש והוא ששתה רביעית יין חי בבת אחת מיין שעברו עליו מ' יום אבל אם שתה פחות מרביעית יין וכו'.</b> בפ''ג דכריתות (דף י''ג ע''ב) ת''ר יין ושכר אל תשת יכול אפילו כל שהוא אפילו מגתו ת''ל ושכר אין אסור אלא כדי לשכר וכמה כדי לשכר רביעית יין בן מ' יום אם כן מה ת''ל יין לומר לך שמוזהרים עליו כל שהו ומוזהרים עליו מגתו רבי יהודה אומר יין אין לי אלא יין שאר משכרים מנין ת''ל ושכר א''כ מה ת''ל יין על היין במיתה ועל שאר משקין באזהרה ר' אליעזר אומר יין אל תשת ושכר אל תשתהו כדרך שכרותו הא אם הפסיק בו או שנתן לתוכו מים כל שהוא פטור במאי פליגי ת''ק סבר גמרי' שכר שכר מנזיר ור' יהודה לא יליף שכר שכר מנזיר ורבי אליעזר סבר מאי שכר מידי דהוא משכר כמאן אזלא הא דתניא אכל דבלה קעילית ושתה דבש או חלב ונכנס למקדש ושימש לוקה כמאן כר' יהודה אמר רב יהודה בר אחותאי הלכה כרבי אליעזר. ופירש רש''י מוזהרים עליו בכל שהוא ומגתו אבל אינו במיתה עד שישתה רביעית בן מ' יום וזהו שכתב רבינו אבל אם שתה פחות מרביעית יין וכו' פטור ואינו מחלל עבודה כלומר איסורא מיהא איכא. ומ''מ יש לתמוה כיון שמוזהרים על כל שהוא ועל יין מגתו למה לא כתב שלוקים עליהם. וי''ל דעל כל שהוא פשיטא שאין לוקין כשם שאין לוקין על כל שאר איסורין שבתורה בכל שהוא ומדלא לקי על יין כל שהו ה''ה דלא לקי על יין מגתו דתרוייהו חד טעמא להו שאינם משכרים: \n", 
                "<b>שתה יתר מרביעית יין וכו'.</b> שם אמרינן דרב אשי לא בעא לאורויי משום שכרות וא''ל רב אחא והא אמר רב הלכה כר' אליעזר (דאמר יין אל תשת ושכר אל תשתהו דרך שכרותו הא אם הפסיק בה או שנתן לתוכו מים כל שהוא פטור) ומר הא קרמי ביה מיא א''ל הא ל''ק ברביעית הא ביותר מרביעית: \n", 
                "<b>ועל מ''ש רבינו ופוסל את העבודה.</b> כתוב בהשגות א''א לא מחוור מן הגמרא וכו' טעמו משום דכיון דלא אשכחן לגמרא דמפליג בין רביעית ליותר מרביעית אלא בענין הוראה כמו שכתבתי בסמוך מהי תיתי לן לחייב מיתה ולפסול עבודה וטעם רבינו דאע''ג דעל ענין הוראה הוא נאמר חילוק זה מ''מ משמע דר' אליעזר אף לענין עבודה פטר בהפסיק בו או נתן לתוכו מים ומאחר שלמדנו שאין דבריו אמורים אלא ברביעית ממילא משמע דיותר מרביעית כדקאי קאי לחיוב מיתה ולפסול עבודה: \n\n"
            ], 
            "links": [
                {
                    "category": "Talmud", 
                    "sourceHeRef": "סנהדרין כ״ב א", 
                    "sourceRef": "Sanhedrin 22a", 
                    "ref": "Sanhedrin 22a"
                }, 
                {
                    "category": "Halakhah", 
                    "sourceHeRef": "משנה תורה, הלכות ביאת מקדש א׳:א׳", 
                    "sourceRef": "Mishneh Torah, Admission into the Sanctuary 1:1", 
                    "ref": "Mishneh Torah, Admission into the Sanctuary 1:1"
                }, 
                {
                    "category": "Halakhah", 
                    "sourceHeRef": "משנה תורה, הלכות ביאת מקדש א׳:א׳", 
                    "sourceRef": "Mishneh Torah, Admission into the Sanctuary 1:1", 
                    "ref": "Mishneh Torah, Admission into the Sanctuary 1:1"
                }, 
                {
                    "category": "Halakhah", 
                    "sourceHeRef": "משנה תורה, הלכות ביאת מקדש א׳:א׳", 
                    "sourceRef": "Mishneh Torah, Admission into the Sanctuary 1:1", 
                    "ref": "Mishneh Torah, Admission into the Sanctuary 1:1"
                }, 
                {
                    "category": "Halakhah", 
                    "sourceHeRef": "משנה תורה, הלכות ביאת מקדש א׳:א׳", 
                    "sourceRef": "Mishneh Torah, Admission into the Sanctuary 1:1", 
                    "ref": "Mishneh Torah, Admission into the Sanctuary 1:1"
                }, 
                {
                    "category": "Halakhah", 
                    "sourceHeRef": "משנה תורה, הלכות ביאת מקדש א׳:א׳", 
                    "sourceRef": "Mishneh Torah, Admission into the Sanctuary 1:1", 
                    "ref": "Mishneh Torah, Admission into the Sanctuary 1:1"
                }, 
                {
                    "category": "Halakhah", 
                    "sourceHeRef": "משנה תורה, הלכות ביאת מקדש א׳:א׳", 
                    "sourceRef": "Mishneh Torah, Admission into the Sanctuary 1:1", 
                    "ref": "Mishneh Torah, Admission into the Sanctuary 1:1"
                }, 
                {
                    "category": "Halakhah", 
                    "sourceHeRef": "משנה תורה, הלכות ביאת מקדש א׳:א׳", 
                    "sourceRef": "Mishneh Torah, Admission into the Sanctuary 1:1", 
                    "ref": "Mishneh Torah, Admission into the Sanctuary 1:1"
                }
            ], 
            "text": ""
        }, 
        {
            "segmentNumber": "2", 
            "he": [
                "<b>היה שכור משאר משקים וכו'.</b> שם בברייתא שכתבתי בסמוך רבי יהודה אומר יין אין לי אלא יין שאר משכרים מנין ת''ל ושכר אם כן מה תלמוד לומר יין על היין במיתה ועל שאר משקין באזהרה ומשמע לרבינו דהלכה כרבי יהודה מדאמרינן התם כמאן אזלא הא דתניא אכל דבילה קעילית ושתה דבש או חלב ונכנס למקדש ושימש לוקה כמאן כרבי יהודה ואע''ג דבס''פ על אלו מומין (דף מ''ה:) אמרינן דמתניתין דהתם דלא כרבי יהודה הא דקאמר גמרא בדוכתא כמאן אזלא הא דתניא וכו' כרבי יהודה עדיף כנ''ל לדחוק לדעת רבינו ובספר המצות לרבינו כתוב דברייתא דסיפרא כרבי יהודה ואינו הכרע דסתם סיפרא רבי יהודה וכן השיגו הרמב''ן. ועדיין יש לתמוה עליו דהא אמרינן בגמרא במאי פליגי ת''ק ורבי יהודה ת''ק סבר גמרינן שכר שכר מנזיר ומש''ה סבר שלא הזהירה תורה אלא על היין ולא על שאר משכרים ורבי יהודה לא יליף שכר מנזיר וכיון שרבינו פסק בתחלת הפרק לומר דאיכא איסורא בפחות מרביעית וביין מגתו כתנא קמא היאך פסק כאן כרבי יהודה והוי כמזכה שטרא לבי תרי ויש לתמוה למה לא השיגו הראב''ד ואפשר לומר שאע''פ שרבינו סובר דהלכה כרבי יהודה מ''מ נראה לו לחוש לדברי התנא קמא לאסור כל שהוא ויין מגתו איסורא בעלמא ואין לדחוק ולומר דפטור דקתני רבינו גבי פחות מרביעית ויין מגתו פטור ומותר קאמר דאם כן היכי מסיים בה ואינו מחלל עבודה פשיטא וע''ק דמשמע דרבי אליעזר לא דריש ושכר אלא לדרך שכרותו לא לרבות שאר משכרים כרבי יהודה וכיון דאיפסיקא הלכתא בגמרא כרבי אליעזר וכן פסק רבינו היאך פסק כרבי יהודה ואפשר לומר שרבינו מפרש דרבי אליעזר לא פליג ארבי יהודה דודאי משמע ליה דשכר אתא לרבות שאר משכרים אלא דמוסיף עליה לומר דכיון דבמשכר תלה רחמנא ממילא משמע דלא אסר יין אלא דרך שכרותו ואפשר עוד לומר דאף את''ק לא פליג רבי אליעזר דכיון דאמשכר קפיד רחמנא וריבה שאר משכרים מיניה נשמע דביין לא אסר אלא כדי לשכר דהיינו רביעית ויין בן ארבעים יום והשתא אתי שפיר דפסק רבינו כתנא קמא וכדברי ר' יהודה משום דאיפסיקא הלכתא כרבי אליעזר ור''א ס''ל כר''י וכת''ק ואפשר דמש''ה אמרינן בגמרא דקרי רב עליה דר''א טוביינא דחכימי משום דמשכר משמע ליה כל תלת מילי דידיה ודרבי יהודה ות''ק. אח''כ מצאתי בתשובות הרשב''א סי' שס''ג שנשאל איך הלך רבינו בשיטת רבי יהודה ובגמרא כריתות פרק אמרו לו גרסינן כמאן אזלא הא דתניא אכל דבילה קעילית ושתה דבש או חלב ונכנס למקדש ושימש לוקה ארבעים כמאן כרבי יהודה והתם איפסיקא הלכתא כרבי אליעזר [וקרי רב עליה טוביינא דחכימי] ורבי אליעזר כיון דאפקיה לשכר דרך שכרותו שאר משכרין לית ליה ואפילו נפרש [כמאן] כרבי יהודה דאילו לר''א מחמרינן טפי ומחייב מיתה בשאר משכרין וכו' מ''מ יש להשיג עליו [שכתב] על היין במיתה ועבודתו מתחללת וכו' ושיטה זו כרבי יהודה אזלא וכו' ושמא דעת הרמב''ם לפרש כמאן כר''י ולאפוקי מדת''ק אתי דכיון דיליף שכר מנזיר א''כ שאר משכרין לא כתיבי כלל לא למיתה ולא לאזהרה אבל לא אתי לאפוקי מדרבי אליעזר דכיון דברייתא דר''א לא יליף שכר מנזיר ודריש שכר כדי שכרותו שמא כל המשכרין כדי שכרותן הוו באזהרה. עכ''ל השאלה: \n", 
                "<b>והשיב</b> נראה שהרמב''ם תפס לו דרך אחרת באותה הלכה וכו' והדין עמו דכשתמצא לומר דר''א לא יליף שכר מנזיר א''כ [שכר] איצטריך לשאר המשכרין דכל היכא דאיכא לאוקמי בשאר המשכרין כפשוטו לא דרשינן ליה ליין ולראוי לשכר וכו' גם לפרש כמאן אזלא הא דתניא כמאן כר''י לאפוקי מדת''ק בלחוד ולא מדר''א אין נ''ל שיטת הגמרא כן דכיון שהזכיר מחלוקתן של ת''ק ורבי יהודה ורבי אליעזר ועלה קאמר כמאן אזלא הא דתניא כמאן כרבי יהודה דוקא קאמר ונראה לי שכך הוא מפרשה יין אל תשת [יכול] אפילו כל שהוא ואפילו יין מגתו דיין אפי' כל שהוא במשמע ואפילו מגתו תלמוד לומר ושכר אין אסור אלא כדי לשכר כלומר אין איסור שנאמר בו דהיינו למיתה אלא כדי לשכר כלומר שיעור הראוי לשכר דהיינו רביעית ושיהיה ממשו ראוי לשכר דהיינו שעברו עליו ארבעים יום וכל ששתה ממנו כדי רביעית אפי' הפסיק בו ואפילו נתן לתוכו מים חייב [שהרי שתה] שיעור הראוי לשכר מיין שממשו ראוי לשכר תוך שיעור שתיה דהיינו תוך שיעור אכילת פרס אבל שאר המשכרים לעולם לא דילפינן שכר מנזיר ומיהו כיון דילפינן שכר מנזיר תו לא איצטריך יין דמיניה משמע יין ומשמע נמי שיש בו כדי לשכר דלהכי אפקיה בלשון שכר ולא אמר יין בהדיא אלא אם אינו ענין לכדי לשכר דהא משכר נפקא יין כדי לשכר תנהו ענין ליין שאינו כדי לשכר ולאזהרה דאי כולהו אפי' למיתה לכתוב יין ולא איצטריך שכר ורבי יהודה סבר שכר כמשמעו לכל המשכרין ובין יין בין שאר משכרים במשמע דלא ילפינן שכר מנזיר ושכר דאיצטריך לשאר משכרין לא דרשינן מיניה כדי לשכר אלא ששתה מהם ואפילו פחות מרביעית חייב וכל שכן אם שתה רביעית אע''פ שהפסיק בו או שנתן לתוכו מים דבדרך שכרותו ובכדי שכרות לא קפדינן אלא במינים המשכרים ותדע לך דהא לרבנן אי לאו דכתיב שכר דמיניה דריש כדי לשכר הוו אמרי יין אפי' כל שהוא והילכך רבי יהודה דאיצטריך ליה שכר לשאר המשכרין יין או שכר דכתב רחמנא אפילו כל שהוא ואפי' מגתו משמע ולמה נאמר יין לחלק יין למיתה ושאר משכרים לאזהרה ורבי אליעזר סבר יין אל תשת שכר אל תשת שלא תשתהו דרך שכרותו. ורבי אליעזר לא יליף שכר מנזיר ויין לחלק כרבי יהודה אלא דסבירא ליה כרבנן בכדי לשכר ועדיפא מדרבנן דבעינן ראוי לשכר בשעת שתייה ממש שישתנו דרך שכרותו שלא יפסיק בו ושלא יתן לתוכו מים. וטעמא דידיה דכל מקום שנאמר שכר אחד מכל המשכרין כדי לשכר קאמר ומדכתב הכא אל תשת כדי לשכר בשעת שתייתו ממש וכל שהפסיק בו או שנתן לתוכו מים כל שהוא ולא שתה ממנו אלא רביעית אינו ראוי לשכר בשעת שתייה ממש ותדע לך דר''א אפי' שאר המשכרין אית ליה כרבי יהודה מדקאמר יין אל תשת שכר אל תשת הזכיר אל תשת גבי יין ואל תשת גבי שכר ואילו לא בא ר''א לומר אלא שלא ישתה יין דרך שכרותו ויליף שכר מנזיר הכין הוה ליה למימר יין אל תשת שכר שלא תשתנו דרך שכרותו. ועוד דמדקאמרי בין ת''ק בין רבי יהודה א''כ יין למה לי שמע מינה דאינהו נמי בהא כר''י דלעיל מיניה ס''ל ולא בא לחלוק עליו בחילוק המינין דיין ודאי לחלק אלא בהא בלחוד הוא דפליג עליה בשלא תשתנו דרך שכרותו דמאי שכר הוא דמשכר והיינו נמי דאמרינן במאי פליגי ת''ק סבר ילפינן שכר מנזיר ור''י סבר לא ילפינן שכר מנזיר ור''א מאי שכר והוא דמשכר ולא מפרשינן מאי קסבר אי יליף שכר מנזיר כרבנן או לא יליף כר''י אלא מאי שכר והוא דמשכר דאלמא אדרבי יהודה דסמיך קאי וא''ל בשאר המשכרין מודינא לך ויין לחלק אלא בשעורן דבשתייתן פליגנא דמאי שכר והוא דמשכר וכיון דכתיב אל תשת בשעת שתייה [ממש] קאמר והיינו דאוקימנא ברייתא דאכל דבילה קעילית כרבי יהודה דוקא דההיא ודאי מפקא מדת''ק דלדידהו שאר המשכרין אינן אפי' באזהרה ומפקא מדר''א דלדידיה שיעור הראוי לשכר בעינן ותנא דההיא ברייתא מדלא יהיב שיעורא שמע מינה אפילו בפחות מרביעית קאמר. והילכך כיון דאיפסיקא הלכתא כר''א אינו במיתה ולא באזהרה אפילו על היין אלא אם כן שתה ממנו רביעית מיין שעברו עליו ארבעים יום ורביעית נמי הוא שלא יפסיק בו ושלא יתן לתוכו מים כלל ושאר המשכרין לאזהרה עד שישתה מהן כדי לשכר וכן פסק הרב רבינו משה זכרונו לברכה. ונמצאו דבריו עולים כהוגן לפי פירושנו זה. \n", 
                "<b>ואם</b> תאמר א''כ בריש פ''ק דנזיר דאמרינן שכר דכתב רחמנא גבי נזיר למילף מיניה שכר דמקדש [ולאפוקי מדרבי יהודה דתניא אכל דבילה קעילית וכו' אמאי לא קאמר] לאפוקי מדרבי יהודה ומדרבי אליעזר יש לומר דהתם לאו כרוכלא חשיב ואזיל אלא מכל מקום מדרבי יהודה וממאן דס''ל כוותיה קאמר. ועוד משום דר''י אמרה בהדיא קאמר הכין. ולכשתמצא לומר דר''א כוותיה ס''ל מפקא מיניה דר''א. ונ''ל עוד שהזקיקו לרב לפרש כן כדי שלא להוציא סתם מתניתין דנזיר לבר מהילכתא דלכאורה סתם מתניתין דפ''ק דנזיר כרבי יהודה דלא יליף שכר דמקדש מנזיר דתנן התם הריני נזיר מן החרצנים הרי זה נזיר וכל דקדוקי נזיר עליו ואמרינן עלה בגמרא מתניתין דלא כרבי שמעון דאמר עד שיזיר מכולן. ואמרינן מ''ט דר''ש דאמר קרא מכל אשר יצא מגפן היין. ורבנן מאי טעמא דאמר קרא מיין ושכר יזיר. ור''ש הא כתיב מיין ושכר ההוא לאסור יין מצוה כיין הרשות. ורבנן הא מיבעיא להו לאסור יין מצוה כיין הרשות א''כ לימא קרא מיין מיין ור''ש היינו טעמיה דכתב שכר לאלופי שכר שכר למקדש דכתיב יין ושכר אל תשת מה נזיר יין הוא דמיתסר שאר משכרין לא אף גבי מקדש נמי יין הוא דליתסר אבל שאר המשכרין לא לאפוקי מדר''י דתניא ר''י אומר אכל דבילה קעילית ושתה דבש או חלב וכו' ומדלא קא בעי תו ורבנן הא מיבעי לאלופי אמקדש כדבעא בכל הנך דלעיל משמע לכאורה דרבנן לא איצטריך להכין דהשתא נמי לא ילפינן דשכר דמקדש אפילו שאר המשכרין קאמר. וכיון דסתם מתניתין כר''י שמע מינה הלכתא כוותיה. והאי דכריתות דאיפסיקא הלכתא כר''א לא מפקא מינה בעיקר משכרין דהא איכא לפרושה כדפרישית. ואלא מיהו למאי דפרישית דר''י אפילו בכל שהוא מחייב איכא למידק מהא דאמרינן בנזיר פרק ג' מינין אמר ר''א עשר רביעיות ומנקט רב ששת חמש חיוורתא וחמש סומקאתא נזיר ועושה פסח שהורו במקדש ומתו. ומקדש היינו שתה רביעית יין ושימש במקדש ואקשינן התם ותו ליכא והא איכא מי רביעית נוטלין לידים לאחד ואפילו לשנים ופרקינן בפלוגתא לא קא מיירי כו' והא איכא כמה מים נותן לתוכן כל שהן ר''י אומר ברביעית בפלוגתא לא קא מיירי אלמא כל הנך עשר ליכא מאן דפליג אפילו בחדא מינייהו ולפי מה שפירשתי הא איכא מקדש דפליג רבי יהודה ומחייב אפילו בפחות מרביעית ויש לי לומר דפלוגתא דר''י לאו פלוגתא היא משום דכבר פסק רב הלכתא כר''א ולפום כן לא חש לה ר''א דעשר רביעיות דבתר רב הוה ודמיא לההיא דאמרינן בריש פ''ק דיבמות גבי ליתני שש עשרה אמו אנוסת אביו פלוגתא דרבי יהודה ורבנן היא ובפלוגתא לא קא מיירי ואקשינן והא בית שמאי מתירין צרות לאחין ובית הלל אוסרין ופרקינן בית שמאי במקום בית הלל אינה משנה. ואי נמי איכא למימר דבפלוגתא דחיוורתא קאמר דלא מיירי אבל בסומקאתא איירי בפלוגתא דהא קא חשיב רביעית דם משני מתים דפליגי רבנן ואמרי דדוקא רביעית ממת אחד והא קא חשיב רביעית יין לנזיר דלרבי עקיבא בכזית ואמרו רבותינו הצרפתים זכרונם לברכה דחיוורתא הוא דקאמר דלא איירי בהו בפלוגתא אבל בסומקאתא איירי ואף אני אומר דרביעית יין דמקדש אע''ג דפלוגתא היא לא חש לה ואיירי בה: \n", 
                "<b>עוד</b> יש לפרש לדעת הר''מ ז''ל דר''י בפחות מרביעית לא מחייב דאין שתייה פחותה מרביעית ובמקדש אל תשת כתיב ואע''ג דאמר ת''ק יכול אפילו כל שהוא ואפי' יין מגתו. כל שהוא אינו עיקר אלא יכול יין מגתו הוא העיקר אבל כיון שסופנו לרבות כל שהוא ויין מגתו באזהרה נקט הכא בגררא יכול אפילו כל שהוא ואפילו יין מגתו. אי נמי יכול אפי' כל שהו דקאמר ת''ק בדוקא קא אמר ולא כל שהוא ממש אלא כזית ומשום דאיהו יליף שכר דמקדש משכר דנזיר ושכר דנזיר למשנה אחרונה בכזית דיליף שתייה מאכילה בדין היה דנימא נמי דשכר דמקדש בכל שהוא דהיינו בכזית אלא דכיון דכתיב יין וכתיב שכר על כרחין שכר לכדי לשכר הוא דאתא. והא דקאמר יין יכול אפי' כל שהוא לאו למימרא דאי לא כתב רחמנא אלא יין הוה אמינא דאפילו כל שהוא דאדרבה למאי דפרישית משכר הוא דהוה ילפינן דמינה הוא דילפינן מנזיר אלא הכי קאמר יין ושכר יכול אפילו כל שהוא משום דילפינן מנזיר תלמוד לומר שכר כלומר כיון דכתיב יין וכתיב שכר על כרחין לכדי לשכר דאי לא כתב רחמנא אלא שכר הוה משמע אפי' יין כזית דילפינן שכר מנזיר ואפילו יין מגתו כנזיר ואי כתב נמי יין לחודיה הוה משמע יין רביעית ואפילו מגתו אבל השתא דכתיב יין ושכר ממילא שמעינן דשכר יין כדי לשכר קאמר ומ''מ כיון דכתיב יין וכתיב שכר הוה ליה כמו שכתוב יין יין תרי זמני וההוא דאפקיה בלשון שכר ליין כדי לשכר ולמיתה ואידך לפחות מרביעית ואפילו מגתו ולאזהרה. וכל שהוא דפרישית דיש לו שיעור יש לנו הרבה כיוצא בו בגמרא וחד מינייהו בעירובין בפ' חלון ומגביהו מן הקרקע כל שהוא וכמה כל שהוא טפח ואחד בראשית הגז וכמה הן גוזזות כל שהוא וכמה כל שהוא וכו' אבל לר''י דלא יליף שכר מנזיר וכתיב אל תשת אין שתייה פחותה מרביעית אבל איהו סבר דשאר משכרין נמי ברביעית ובהא פליג עליה רבי אלעזר דשאר המשכרין אין להם שיעור למעלה אלא עד שישתכר דלהכי אפקינהו רחמנא בלשון שכר וברייתא דקתני סתם שתה דבש או חלב ולא קתני ונשתכר ומשמע דאפי' לא נשתכר אלא ששתה מהם שיעור הידוע דהיינו רביעית ששיעורו ליין חייב היינו ר''י ודלא כרבי אליעזר וכן יראה מדברי הר''מ ז''ל שכתב גבי יין והוא ששתה רביעית [יין] בבת אחת ובשאר המשכרין כתב היה שכור משאר המשכרין וכו' ואם נכנס ועבד והוא שכור דאלמא ביין לעולם ברביעית חי ובבת אחת ובשאר המשכרין עד שיהא שכור ממש ויש לו פנים עכ''ל: \n\n"
            ], 
            "links": [
                {
                    "category": "Halakhah", 
                    "sourceHeRef": "משנה תורה, הלכות ביאת מקדש א׳:ב׳", 
                    "sourceRef": "Mishneh Torah, Admission into the Sanctuary 1:2", 
                    "ref": "Mishneh Torah, Admission into the Sanctuary 1:2"
                }, 
                {
                    "category": "Halakhah", 
                    "sourceHeRef": "משנה תורה, הלכות ביאת מקדש א׳:ב׳", 
                    "sourceRef": "Mishneh Torah, Admission into the Sanctuary 1:2", 
                    "ref": "Mishneh Torah, Admission into the Sanctuary 1:2"
                }, 
                {
                    "category": "Halakhah", 
                    "sourceHeRef": "משנה תורה, הלכות ביאת מקדש א׳:ב׳", 
                    "sourceRef": "Mishneh Torah, Admission into the Sanctuary 1:2", 
                    "ref": "Mishneh Torah, Admission into the Sanctuary 1:2"
                }, 
                {
                    "category": "Halakhah", 
                    "sourceHeRef": "משנה תורה, הלכות ביאת מקדש א׳:ב׳", 
                    "sourceRef": "Mishneh Torah, Admission into the Sanctuary 1:2", 
                    "ref": "Mishneh Torah, Admission into the Sanctuary 1:2"
                }
            ], 
            "text": ""
        }, 
        {
            "segmentNumber": "3", 
            "he": [
                "<b>וכשם שאסור לכהן להכנס למקדש וכו'.</b> בפרק שלישי דכריתות (דף י''ג:) ופרק הדר (עירובין דף ס''ד) ומשמע דאין חייבין מיתה על ההוראה והכי יליף לה בסיפרא. \n", 
                "<b>ומ''ש אפילו אכל תמרים וכו'.</b> בפרק קמא דכתובות (דף י':) אמר רב אכל תמרים אל יורה. \n", 
                "<b>ומ''ש ואם הורה בדבר שהוא מפורש בתורה עד שידעוהו הצדוקים מותר כגון שהורה שהשרץ טמא וכו'.</b> בפ''ג דכריתות (דף י''ג:). \n\n"
            ], 
            "links": [
                {
                    "category": "Talmud", 
                    "sourceHeRef": "עירובין ס״ד א", 
                    "sourceRef": "Eruvin 64a", 
                    "ref": "Eruvin 64a"
                }, 
                {
                    "category": "Halakhah", 
                    "sourceHeRef": "משנה תורה, הלכות ביאת מקדש א׳:ג׳", 
                    "sourceRef": "Mishneh Torah, Admission into the Sanctuary 1:3", 
                    "ref": "Mishneh Torah, Admission into the Sanctuary 1:3"
                }, 
                {
                    "category": "Halakhah", 
                    "sourceHeRef": "משנה תורה, הלכות ביאת מקדש א׳:ג׳", 
                    "sourceRef": "Mishneh Torah, Admission into the Sanctuary 1:3", 
                    "ref": "Mishneh Torah, Admission into the Sanctuary 1:3"
                }, 
                {
                    "category": "Halakhah", 
                    "sourceHeRef": "משנה תורה, הלכות ביאת מקדש א׳:ג׳", 
                    "sourceRef": "Mishneh Torah, Admission into the Sanctuary 1:3", 
                    "ref": "Mishneh Torah, Admission into the Sanctuary 1:3"
                }
            ], 
            "text": ""
        }, 
        {
            "segmentNumber": "4", 
            "he": [
                "<b>ומ''ש ומותר לשכור ללמד תורה וכו'.</b> שם ת''ר ולהבדיל בין הקדש ובין החול אלו דמים נערכים וכו' ביד משה זה הגמרא יכול אף המשנה ת''ל ולהורות רבי יוסי ברבי יהודה אומר יכול אף הגמרא ת''ל ולהורות אמר רב הלכה כרבי יוסי ברבי יהודה דהא רב לא מוקים אמורא [עליה] מיומא טבא לחבריה משום שכרות שאני רב דאורי מורי וניקום דלא לורי כל היכא דיתיב רב לא סגי ליה בלא הוראה ולדברי רבינו מבוארים בפירושו ורש''י פירש בענין אחר: \n\n"
            ], 
            "links": [
                {
                    "category": "Halakhah", 
                    "sourceHeRef": "משנה תורה, הלכות ביאת מקדש א׳:ד׳", 
                    "sourceRef": "Mishneh Torah, Admission into the Sanctuary 1:4", 
                    "ref": "Mishneh Torah, Admission into the Sanctuary 1:4"
                }
            ], 
            "text": ""
        }, 
        {
            "segmentNumber": "5", 
            "he": [
                "<b>שתה כדי רביעית בלבד וכו'.</b> בפרק כהן גדול (דף כ''ב:) ובפרק הדר ובפ''ב דתעניות (דף י''ז:) אמר רב x אחא דרך מיל ושינה כל שהוא מפיגין את היין ואתמר עלה ל''ש אלא ששתה כדי רביעית אבל יותר מכדי רביעית כל שכן דדרך טורדתו ושינה משכרתו: \n", 
                "<b>ועל מ''ש רבינו שתה כדי רביעית בלבד וכו' ומותר לעבוד.</b> כתב הראב''ד אף זה לא מחוור וכו'. וטעם רבינו דכיון דאמרינן דמותר להורות משום דלא הוי בכלל ושכר אל תשת ממילא משמע דמותר לעבוד והא דנקט רבי אליעזר פטור לאו דוקא אי נמי משום דבהפסיק בה דקתני בהדה נקט פטור דכיון דמכל מקום שתה רביעית יין חי אינו מותר לעבוד לא שייך למיתני בה אלא פטור אבל בהיה מים כל שהוא מותר נמי הוא והכי דייק לשון רבינו דהכא גבי מותר לעבוד נקט היה בה מים כל שהוא ולא נקט הפסיק בה. אבל הא קשיא לי שכתב לעיל שתה רביעית והפסיק בה או מזגה במים פטור ואינו מחלל עבודה וכאן כתב דרביעית אם היה בה מים כל שהוא מותר לעבוד ונראה לי דלעיל אגב אינך נקט למזגה במים דפטור ואינו מחלל עבודה והכא נקט להיה בה מים ואפקה מכלל הנך ואשמעינן דהאי לא בלבד שפטור ואינו מחלל עבודה אלא אף מותר לעבוד. ויותר נראה לי דלעיל היה רביעית שלם יין חי ולפיכך כשמזגו במים פטור אבל אסור אבל הכא שהיה פחות מרביעית יין חי והמים השלימוהו לרביעית מותר. \n", 
                "<b>ומה שכתב באם שתה יותר מרביעית אפילו מזוג וכו'.</b> כבר נתבאר בפרק זה שדין יותר מרביעית מזוג שוה לרביעית חי. ודקדק רבינו לכתוב שינה מעט כלומר דאילו שינה הרבה מפיגה את היין: \n\n"
            ], 
            "links": [
                {
                    "category": "Halakhah", 
                    "sourceHeRef": "משנה תורה, הלכות ביאת מקדש א׳:ה׳", 
                    "sourceRef": "Mishneh Torah, Admission into the Sanctuary 1:5", 
                    "ref": "Mishneh Torah, Admission into the Sanctuary 1:5"
                }, 
                {
                    "category": "Halakhah", 
                    "sourceHeRef": "משנה תורה, הלכות ביאת מקדש א׳:ה׳", 
                    "sourceRef": "Mishneh Torah, Admission into the Sanctuary 1:5", 
                    "ref": "Mishneh Torah, Admission into the Sanctuary 1:5"
                }, 
                {
                    "category": "Halakhah", 
                    "sourceHeRef": "משנה תורה, הלכות ביאת מקדש א׳:ה׳", 
                    "sourceRef": "Mishneh Torah, Admission into the Sanctuary 1:5", 
                    "ref": "Mishneh Torah, Admission into the Sanctuary 1:5"
                }
            ], 
            "text": ""
        }, 
        {
            "segmentNumber": "6", 
            "he": [
                "<b>אנשי המשמר מותרים לשתות יין בלילות וכו'.</b> משנה בפרק שני דתעניות (דף ט''ו:) אנשי משמר מותרים לשתות יין בלילות אבל לא בימים ואנשי בית אב לא ביום ולא בלילה ובגמרא (דף י''ז) תנו רבנן מפני מה אמרו אנשי משמר מותרים לשתות יין בלילות אבל לא בימים שמא תכבד העבודה על אנשי בית אב ויבאו ויסייעו להם ומפני מה אנשי בית אב לא ביום ולא בלילה מפני שהם עסוקין תמיד בעבודה וסובר רבינו שהטעם שמא ישתה בלילה וישכים לעבודתו ועדיין לא סר יינו מעליו וכתב עליו בהשגות אינו מן הטעם הזה אלא מפני שהקטרת אימורים כל הלילה עכ''ל וכך הם דברי רש''י ולדעת רבינו י''ל דאי משום הקטרת אימורים היה אפשר לתקן שיקטירו אותם קודם שישתו: \n\n"
            ], 
            "links": [
                {
                    "category": "Halakhah", 
                    "sourceHeRef": "משנה תורה, הלכות ביאת מקדש א׳:ו׳", 
                    "sourceRef": "Mishneh Torah, Admission into the Sanctuary 1:6", 
                    "ref": "Mishneh Torah, Admission into the Sanctuary 1:6"
                }
            ], 
            "text": ""
        }, 
        {
            "segmentNumber": "7", 
            "he": [
                "<b>כל כהן שידע מאי זה משמר הוא וכו'.</b> שם. \n", 
                "<b>ומה שכתב לא היה מכיר משמרתו ולא בית אבותיו וכו'.</b> שם אינו מכיר משמרתו ומשמרת אבותיו ויודע שבתי אבותיו קבועים שם אסורים לשתות יין כל השנה רבי אומר אומר אני אסור לשתות יין לעולם אבל מה אעשה שתקנתו קלקלתו אמר אביי כמאן שתו האידנא כהני חמרא כרבי ופירש רש''י רבי אומר אומר אני כהן אסור וכו' כלומר אי חיישינן לשמא יבנה יהא אסור לעולם אפי' המכיר משמרתו ומשמרת בית אבותיו דחיישינן שמא ישתנה סדר משמרות ושמא יעבדו כולם לחנוכת הבית בבת אחת ונמצא זה צריך לעבוד אבל מה אעשה שתקנתו קלקלתו דהרי כמה שנים שלא חזרה בירה וקלקלה זו תקנתו לשתות יין בהדיא ולשמא יבנה לא חיישינן עכ''ל. ודברי הראב''ד בהשגות כדברי רש''י ולפיכך כתב הלכה כרבי וכו' ורבינו סובר שלא בא רבי לחלוק אלא על אינו מכיר משמרתו ומשמרת בית אב שלו אבל במכיר משמרתו ומשמרת בית אב שלו וכן במכיר משמרתו ואין מכיר משמרת בית אב שלו ליכא פלוגתא בין רבי לתנא קמא ובאינו מכיר משמרתו ומשמרת בית אב שלו אינו גורס ויודע שאבותיו קבועים שם דאי לא כן לא הו''ל להשמיטו: \n", 
                "<b>ועל מה שכתב רבינו שאינו יכול לעבוד עד שיקבע בבית אב שלו ובמשמרתו.</b> כתב הראב''ד כמה דבריו חלושים וקלושים וכו'. ואני אומר שכשיבנה בית המקדש אפילו אם יבנה בידי שמים לא בו ביום שיבנה יודיע המשמרות הראויות ושבתם ועוד שדעת רבינו שבלא בנין בית המקדש אפשר להקריב קרבנות כמו שכתב בספר ששי מהלכות בית הבחירה ועוד יש לומר דרבינו לא בא ללמד שכשיבנה בית המקדש אסור לו לשתות עד שיקבע אלא בא ליתן טעם למה מותר לשתות יין בזמן הזה והכי קאמר שאינו יכול לעבוד עד שיקבע בבית אב שלו ובמשמרתו וכיון שעכשיו אינו קבוע אינו ראוי לעבודה ולפיכך מותר ביין ולכשיבנה בית המקדש ויקבע אז יאסר ולא קודם: \n\n"
            ], 
            "links": [
                {
                    "category": "Halakhah", 
                    "sourceHeRef": "משנה תורה, הלכות ביאת מקדש א׳:ז׳", 
                    "sourceRef": "Mishneh Torah, Admission into the Sanctuary 1:7", 
                    "ref": "Mishneh Torah, Admission into the Sanctuary 1:7"
                }, 
                {
                    "category": "Halakhah", 
                    "sourceHeRef": "משנה תורה, הלכות ביאת מקדש א׳:ז׳", 
                    "sourceRef": "Mishneh Torah, Admission into the Sanctuary 1:7", 
                    "ref": "Mishneh Torah, Admission into the Sanctuary 1:7"
                }, 
                {
                    "category": "Halakhah", 
                    "sourceHeRef": "משנה תורה, הלכות ביאת מקדש א׳:ז׳", 
                    "sourceRef": "Mishneh Torah, Admission into the Sanctuary 1:7", 
                    "ref": "Mishneh Torah, Admission into the Sanctuary 1:7"
                }
            ], 
            "text": ""
        }, 
        {
            "segmentNumber": "8", 
            "he": [
                "<b>כהן שגדל שערו וכו'.</b> בס''פ הנשרפין (דף פ''ג.) ואם תאמר מה צורך להיקש זה הא מקרא משמע ראשיכם אל תפרעו ולא תמותו הא אם תפרעו תמותו יש לומר דקרא אפשר לפרשו לרשות דהכי קאמר אע''פ ששאר אבלים שלא קרעו ולא פרעו במיתה אינכם בכלל חיוב זה: \n\n"
            ], 
            "links": [
                {
                    "category": "Halakhah", 
                    "sourceHeRef": "משנה תורה, הלכות ביאת מקדש א׳:ח׳", 
                    "sourceRef": "Mishneh Torah, Admission into the Sanctuary 1:8", 
                    "ref": "Mishneh Torah, Admission into the Sanctuary 1:8"
                }
            ], 
            "text": ""
        }, 
        {
            "segmentNumber": "9", 
            "he": [
                "<b>ומ''ש ואין פרועי ראש מחללים עבודה אע''פ שהוא במיתה עבודתו כשירה.</b> מסקנא דגמרא בפ''ב דתענית (דף י''ז:) ובס''פ כה''ג (דף כ''ב:): \n\n"
            ], 
            "links": [
                {
                    "category": "Halakhah", 
                    "sourceHeRef": "משנה תורה, הלכות ביאת מקדש א׳:ט׳", 
                    "sourceRef": "Mishneh Torah, Admission into the Sanctuary 1:9", 
                    "ref": "Mishneh Torah, Admission into the Sanctuary 1:9"
                }
            ], 
            "text": ""
        }, 
        {
            "segmentNumber": "10", 
            "he": [
                "<b>ומה שכתב כשם שאין הכהנים מוזהרין על היין כו'.</b> שם בפרקים הנזכרים: \n", 
                "<b>וכתב</b> בהשגות א''א ליתיה להאי כללא וכו'. ותירץ במגדל עוז דלאו בשעת ביאה קאמר אלא בזמן ביאה למעוטי בזמן הזה עכ''ל. ואינו נראה שהרי בגמרא אמרו בזמן ביאה ורבינו שינה וכתב בשעת ביאה ולכן נ''ל שרבינו מפרש דאפילו בזמן הבית כהן שאינו רגיל לעבוד הוי שלא בזמן ביאה כלומר שלא בשעת ביאה ומותר לו לגדל פרע וכן מבואר בדברי רבי' שכתב לפיכך כהן הדיוט העובד מגלח מל' יום לל' יום: \n", 
                "<b>במה דברים אמורים בכהן הדיוט וכו'.</b> בסוף הוריות (דף י''א:): \n\n"
            ], 
            "links": [
                {
                    "category": "Halakhah", 
                    "sourceHeRef": "משנה תורה, הלכות ביאת מקדש א׳:י׳", 
                    "sourceRef": "Mishneh Torah, Admission into the Sanctuary 1:10", 
                    "ref": "Mishneh Torah, Admission into the Sanctuary 1:10"
                }, 
                {
                    "category": "Halakhah", 
                    "sourceHeRef": "משנה תורה, הלכות ביאת מקדש א׳:י׳", 
                    "sourceRef": "Mishneh Torah, Admission into the Sanctuary 1:10", 
                    "ref": "Mishneh Torah, Admission into the Sanctuary 1:10"
                }, 
                {
                    "category": "Halakhah", 
                    "sourceHeRef": "משנה תורה, הלכות ביאת מקדש א׳:י׳", 
                    "sourceRef": "Mishneh Torah, Admission into the Sanctuary 1:10", 
                    "ref": "Mishneh Torah, Admission into the Sanctuary 1:10"
                }
            ], 
            "text": ""
        }, 
        {
            "segmentNumber": "11", 
            "he": [
                "<b>כמה הוא גידול פרע שלשים יום כנזיר וכו' לפיכך כהן הדיוט וכו'.</b> בס''פ כה''ג שם ובפ''ב דתענית ודקדק רבינו לכתוב העובד לרמוז למה שנתבאר בסמוך לדעתו שאין אסורים לגדל פרע אלא בשעת ביאה למקדש: \n\n"
            ], 
            "links": [
                {
                    "category": "Halakhah", 
                    "sourceHeRef": "משנה תורה, הלכות ביאת מקדש א׳:י״א", 
                    "sourceRef": "Mishneh Torah, Admission into the Sanctuary 1:11", 
                    "ref": "Mishneh Torah, Admission into the Sanctuary 1:11"
                }
            ], 
            "text": ""
        }, 
        {
            "segmentNumber": "12", 
            "he": [
                "<b>ואנשי משמר אסורים לספר ולכבס בשבתן וכו'.</b> משנה (דף ט''ו:) וגמרא (דף י''ז) בפ''ב דתעניות ומסיים שם במשנה ובחמישי מותרים מפני כבוד השבת ואיני יודע מפני מה השמיטו רבינו: \n\n"
            ], 
            "links": [
                {
                    "category": "Halakhah", 
                    "sourceHeRef": "משנה תורה, הלכות ביאת מקדש א׳:י״ב", 
                    "sourceRef": "Mishneh Torah, Admission into the Sanctuary 1:12", 
                    "ref": "Mishneh Torah, Admission into the Sanctuary 1:12"
                }
            ], 
            "text": ""
        }, 
        {
            "segmentNumber": "13", 
            "he": [
                "<b>מי ששלמה משמרתו בתוך הרגל כו'.</b> ברייתא בפרק אלו מגלחין (דף י''ז:) ואמרינן התם דתנא דמתניתין פליג וא''כ יש לתמוה על רבינו למה פסק דלא כוותיה ואפשר שטעמו מדחזינן דאייתי בגמרא האי ברייתא ומפרש טעמה. וה''ה כתב בפרק ז' מהלכות יו''ט שטעם רבינו משום דהכי איתא התם תנא האבל והכהן מותרים בגילוח ואוקמוה בדשלים משמרתו ברגל תנא דידן סבר כיון דתנן בשלשה פרקים היו כל המשמרות שוות באימורי הרגלים ובחילוק לחם הפנים כמאן דלא שלים משמרתו ברגל דמי ותנא ברא סבר אע''ג דשייך בהנך משמרות משמרתיה מיהא שלמה ליה ומאחר דהלכה כתנא ברא באבל כנזכר שם כן הלכה כמותו בכהן. והר''י קורקוס ז''ל כתב דלא מכרעא מילתא דמתניתין פליגא דאיכא למימר תנא ושייר כדשייר מי שאבדה לו אבידה: \n\n"
            ], 
            "links": [
                {
                    "category": "Halakhah", 
                    "sourceHeRef": "משנה תורה, הלכות ביאת מקדש א׳:י״ג", 
                    "sourceRef": "Mishneh Torah, Admission into the Sanctuary 1:13", 
                    "ref": "Mishneh Torah, Admission into the Sanctuary 1:13"
                }
            ], 
            "text": ""
        }, 
        {
            "segmentNumber": "14", 
            "he": [
                "<b>דין קרועי בגדים ודין פרועי ראש אחד הוא וכו'.</b> פשוט הוא. \n", 
                "<b>ומה שכתב שעבודתו כשירה ולא חללה.</b> נתבאר בסמוך: \n\n"
            ], 
            "links": [
                {
                    "category": "Halakhah", 
                    "sourceHeRef": "משנה תורה, הלכות ביאת מקדש א׳:י״ד", 
                    "sourceRef": "Mishneh Torah, Admission into the Sanctuary 1:14", 
                    "ref": "Mishneh Torah, Admission into the Sanctuary 1:14"
                }, 
                {
                    "category": "Halakhah", 
                    "sourceHeRef": "משנה תורה, הלכות ביאת מקדש א׳:י״ד", 
                    "sourceRef": "Mishneh Torah, Admission into the Sanctuary 1:14", 
                    "ref": "Mishneh Torah, Admission into the Sanctuary 1:14"
                }
            ], 
            "text": ""
        }, 
        {
            "segmentNumber": "15", 
            "he": [
                "<b>יראה לי שכל כהן הכשר לעבודה וכו' אף על פי שלא עבד וכו'.</b> הראב''ד כתב אם נכנס מן המזבח ולפנים אמר אברהם זה לא מצאתיו וכו'. והרמב''ן בהשגותיו לספר המצות כתב שטעם רבינו ממה שאמרו בסיפרא מנין שאינו חייב אלא בשעת עבודה תלמוד לומר אתה ובניך אתך ומפרש רבינו דבשעת עבודה דקתני היינו ביום בשעה שהעבודה כשירה וחייב מלקות קאמר והרמב''ן חולק עליו ומפרש דבשעת עבודה היינו שעת עבודה ממש כלומר אם עבד והוא שתוי או פרוע ראש או קרוע בגדים אבל ליכנס בלבד בלא עבודה אינו אסור מן התורה ומה ששנינו בסוף פרק קמא דכלים (משנה ט) בין האולם ולמזבח מקודש ממנו שאין בעלי מומין ופרועי ראש נכנסים לשם אינו אלא ממעלות דרבנן והאריך עוד בזה לסתור דברי רבינו וכן כתב עוד בפירוש התורה בפרשת שמיני. וליישב דעת רבינו י''ל שרבינו סובר כמאן דאמר בפרק טרף בקלפי (יומא דף מ''ד:) מעלות דאורייתא ומפרש דהיינו לומר שהאיסור ליכנס שם פרועי ראש וכו' הוא מדאורייתא אע''פ שנשנו שם קצת מעלות שע''כ הם דרבנן היכא דאפשר לפרש שהם דאורייתא אמרינן ולפי שראה רבינו דהאי בשעת עבודה דקתני בסיפרא אפשר לפרשו כדפריש הרמב''ן כתב דין זה בדרך יראה לי ולא כתבו סתם: \n\n"
            ], 
            "links": [
                {
                    "category": "Talmud", 
                    "sourceHeRef": "יומא מ״ד ב", 
                    "sourceRef": "Yoma 44b", 
                    "ref": "Yoma 44b"
                }, 
                {
                    "category": "Halakhah", 
                    "sourceHeRef": "משנה תורה, הלכות ביאת מקדש א׳:ט״ו", 
                    "sourceRef": "Mishneh Torah, Admission into the Sanctuary 1:15", 
                    "ref": "Mishneh Torah, Admission into the Sanctuary 1:15"
                }
            ], 
            "text": ""
        }, 
        {
            "segmentNumber": "16", 
            "he": [
                "<b>ומ''ש ודין הנכנס ככה מן המזבח ולפנים וכו'.</b> בתורת כהנים פרשת שמיני בבואכם אל אהל מועד אין לי אלא בביאה מנין אף ביציאה תלמוד לומר אתה ובניך מנין לעשות המזבח כאהל מועד תלמוד לומר אתה ובניך רבי אומר נאמר כאן בבואכם אל אהל מועד ונאמר בקידוש ידים ורגלים בבואכם אל אהל מועד מה להלן עשה גישת מזבח כביאת אהל מועד ועשה בו יציאה כביאה ואינו חייב אלא בשעת עבודה אף כאן כן. וכתב סמ''ג מנין אף ביציאה תלמוד לומר אתה ובניך פירוש אפילו אחד מהם יוצא מנין לעשות המזבח כאהל מועד תלמוד לומר אתה ובניך פירוש בדבר שאתה ובניך חלוקים משאר ישראל ע''כ לשונו. ואיני יודע היכי יליף יציאה מאתה ובניך ואפשר דמייתורא דריש ליה דהל''ל יין ושכר אל תשתו בבואכם ואתה ובניך אתך אייתר למדרש באם אינו ענין לאסור אף ביציאה: \n", 
                "<b>ועל מה שכתב רבינו כגון ששתה רביעית יין בין האולם ולמזבח וכו'.</b> כתב הראב''ד אמר אברהם אם לדבריו אין צורך שישתה היין בין האולם ולמזבח וכו' נראה שטעמו דאין לומר לחייב ביציאה היינו שהכניס יין בפנים ושתה שם דמי נתן יין בפנים ותורת כהנים ה''פ אין לי אלא בביאה דבבואכם משמע כשהם נכנסים ממש רגל אחת בפנים ורגל אחת בחוץ לא ישתו אבל לשתות קודם שיתחילו ליכנס כלל לא קמשמע לן ולהאי קרי יציאה כיון דכששותים עדיין הם בחוץ. ומה שכתב אם לדבריו כלומר שהוא סובר דאף אם נכנס מן המזבח ולפנים לוקה דאילו להראב''ד לפנים מן המזבח אינו אלא ממעלות דרבנן כמו שכתב בהשגה שקודם זו. ומה שסיים וכתב ובמזבח מיתה נמי איכא בשתויי יין כלומר דלדעת רבינו אע''ג דבבואכם קאי בין למזבח בין לפנים מן המזבח ולא תמותו לא קאי אלא למזבח בלבד: \n\n"
            ], 
            "links": [
                {
                    "category": "Halakhah", 
                    "sourceHeRef": "משנה תורה, הלכות ביאת מקדש א׳:ט״ז", 
                    "sourceRef": "Mishneh Torah, Admission into the Sanctuary 1:16", 
                    "ref": "Mishneh Torah, Admission into the Sanctuary 1:16"
                }, 
                {
                    "category": "Halakhah", 
                    "sourceHeRef": "משנה תורה, הלכות ביאת מקדש א׳:ט״ז", 
                    "sourceRef": "Mishneh Torah, Admission into the Sanctuary 1:16", 
                    "ref": "Mishneh Torah, Admission into the Sanctuary 1:16"
                }
            ], 
            "text": ""
        }, 
        {
            "segmentNumber": "17", 
            "he": [
                "<b>וכן אסור לכל אדם בין כהן בין ישראל וכו' עד סוף הפרק.</b> נראה שהוא מסברא שזה בכלל מה שנצטוינו ליראה מהמקדש. \n", 
                "<b>ומה שכתב כשהוא שתוי יין או שכור</b> היינו לומר דאפילו לא שתה יין אלא שהוא שכור משאר משכרין דאילו שכור מיין בקל וחומר אתי משתוי ולא הוה צריך למימר: \n\n"
            ], 
            "links": [
                {
                    "category": "Halakhah", 
                    "sourceHeRef": "משנה תורה, הלכות ביאת מקדש א׳:י״ז", 
                    "sourceRef": "Mishneh Torah, Admission into the Sanctuary 1:17", 
                    "ref": "Mishneh Torah, Admission into the Sanctuary 1:17"
                }, 
                {
                    "category": "Halakhah", 
                    "sourceHeRef": "משנה תורה, הלכות ביאת מקדש א׳:י״ז", 
                    "sourceRef": "Mishneh Torah, Admission into the Sanctuary 1:17", 
                    "ref": "Mishneh Torah, Admission into the Sanctuary 1:17"
                }
            ], 
            "text": ""
        }
    ], 
    "book": "Kessef Mishneh on Mishneh Torah, Admission into the Sanctuary", 
    "prev": null, 
    "textDepth": 3, 
    "sectionNames": [
        "Chapter", 
        "Halacha", 
        "Comment"
    ], 
    "sections": [
        1
    ], 
    "isComplex": false, 
    "titleVariants": [
        "Kessef Mishneh on Mishneh Torah, Admission into the Sanctuary"
    ], 
    "categories": [
        "Halakhah", 
        "Commentary", 
        "Mishneh Torah", 
        "Sefer Avodah"
    ], 
    "ref": "Kessef Mishneh on Mishneh Torah, Admission into the Sanctuary 1", 
    "type": "Halakhah", 
    "addressTypes": [
        "Integer", 
        "Integer", 
        "Integer"
    ], 
    "indexTitle": "Kessef Mishneh on Mishneh Torah, Admission into the Sanctuary", 
    "heIndexTitle": "כסף משנה על משנה תורה, הלכות ביאת מקדש", 
    "alts": [], 
    "order": ""
}