{
    "heTitleVariants": [
        "משנה תורה, הלכות מאכלות אסורות", 
        "משנה תורה, הל' מאכלות אסורות", 
        "רמב\"ם הל' מאכלות אסורות", 
        "רמב\"ם הלכות מאכלות אסורות", 
        "רמב\"ם, הל' מאכלות אסורות", 
        "רמב\"ם, הלכות מאכלות אסורות"
    ], 
    "heTitle": "משנה תורה, הלכות מאכלות אסורות", 
    "heRef": "משנה תורה, הלכות מאכלות אסורות ג׳", 
    "toSections": [
        3
    ], 
    "sectionRef": "Mishneh Torah, Forbidden Foods 3", 
    "lengths": [
        17
    ], 
    "next": "Mishneh Torah, Forbidden Foods 4", 
    "content": [
        {
            "segmentNumber": "1", 
            "he": "כָּל מַאֲכָל הַיּוֹצֵא מִמִּין מִן הַמִּינִין הָאֲסוּרִין שֶׁלּוֹקִין עַל אֲכִילָתָן הֲרֵי אוֹתוֹ הַמַּאֲכָל אָסוּר בַּאֲכִילָה מִן הַתּוֹרָה. כְּגוֹן חֲלֵב בְּהֵמָה וְחַיָּה הַטְּמֵאִים וּבֵיצֵי עוֹף וְדָג הַטְּמֵאִים שֶׁנֶּאֱמַר <small>(ויקרא יא-טז)</small> <small>(דברים יד-טו)</small> \"וְאֵת בַּת הַיַּעֲנָה\" זוֹ בֵּיצָתָהּ. וְהוּא הַדִּין לְכָל הָאָסוּר כְּיַעֲנָה וּלְכָל הַדְּבָרִים הַדּוֹמִין לְבֵיצָה: \n", 
            "links": [
                {
                    "category": "Tanakh", 
                    "sourceHeRef": "ויקרא י״א", 
                    "index_title": "Leviticus", 
                    "sourceRef": "Leviticus 11"
                }, 
                {
                    "category": "Tanakh", 
                    "sourceHeRef": "דברים י״ד", 
                    "index_title": "Deuteronomy", 
                    "sourceRef": "Deuteronomy 14"
                }
            ], 
            "text": ""
        }, 
        {
            "segmentNumber": "2", 
            "he": "חֲלֵב הָאָדָם מֻתָּר בַּאֲכִילָה אַף עַל פִּי שֶׁבְּשַׂר הָאָדָם אָסוּר בַּאֲכִילָה. וּכְבָר בֵּאַרְנוּ שֶׁהוּא בַּעֲשֵׂה: \n", 
            "links": [], 
            "text": ""
        }, 
        {
            "segmentNumber": "3", 
            "he": "דְּבַשׁ דְּבוֹרִים וּדְבַשׁ צְרָעִים מֻתָּר מִפְּנֵי שֶׁאֵינוֹ מִתַּמְצִית גּוּפָן אֶלָּא כּוֹנְסִין אוֹתוֹ מִן הָעֲשָׂבִים בְּתוֹךְ פִּיהֶן וּמְקִיאִין אוֹתוֹ בַּכַּוֶּרֶת כְּדֵי שֶׁיִּמְצְאוּ אוֹתוֹ לֶאֱכל מִמֶּנּוּ בִּימוֹת הַגְּשָׁמִים: \n", 
            "links": [], 
            "text": ""
        }, 
        {
            "segmentNumber": "4", 
            "he": "אַף עַל פִּי שֶׁחֲלֵב אָדָם מֻתָּר אָסְרוּ חֲכָמִים לְגָדוֹל לִינֹק אוֹתוֹ מִן הַשָּׁדַיִם אֶלָּא חוֹלֶבֶת אִשָּׁה לְתוֹךְ הַכְּלִי וְשׁוֹתֶה. וְגָדוֹל שֶׁיָּנַק מִן הַשָּׁד כְּיוֹנֵק שֶׁרֶץ וּמַכִּין אוֹתוֹ מַכַּת מַרְדּוּת: \n", 
            "links": [], 
            "text": ""
        }, 
        {
            "segmentNumber": "5", 
            "he": "יוֹנֵק תִּינוֹק וְהוֹלֵךְ אֲפִלּוּ אַרְבַּע אוֹ חָמֵשׁ שָׁנִים. וְאִם גְּמָלוּהוּ וּפָרַשׁ שְׁלֹשָׁה יָמִים אוֹ יֶתֶר מֵחֲמַת בֻּרְיוֹ לֹא מֵחֲמַת חָלְיוֹ אֵינוֹ חוֹזֵר וְיוֹנֵק. וְהוּא שֶׁגְּמָלוּהוּ אַחַר כ''ד חֹדֶשׁ. אֲבָל בְּתוֹךְ זְמַן זֶה אֲפִלּוּ גְּמָלוּהוּ חֹדֶשׁ אוֹ שְׁנַיִם מֻתָּר לַחֲזֹר וְלִינֹק עַד סוֹף כ''ד חֹדֶשׁ: \n", 
            "links": [], 
            "text": ""
        }, 
        {
            "segmentNumber": "6", 
            "he": "אַף עַל פִּי שֶׁחֲלֵב בְּהֵמָה טְמֵאָה וּבֵיצֵי עוֹף טָמֵא אֲסוּרִין מִן הַתּוֹרָה אֵין לוֹקִין עֲלֵיהֶם שֶׁנֶּאֱמַר <small>(ויקרא יא-ח)</small> <small>(דברים יד-ח)</small> \"מִבְּשָׂרָם לֹא תֹאכֵלוּ\" עַל הַבָּשָׂר הוּא לוֹקֶה וְאֵינוֹ לוֹקֶה. עַל הַבֵּיצָה וְעַל הֶחָלָב. וַהֲרֵי הָאוֹכֵל אוֹתָן כְּאוֹכֵל חֲצִי שִׁעוּר שֶׁהוּא אָסוּר מִן הַתּוֹרָה וְאֵינוֹ לוֹקֶה אֲבָל מַכִּין אוֹתוֹ מַכַּת מַרְדּוּת: \n", 
            "links": [
                {
                    "category": "Tanakh", 
                    "sourceHeRef": "ויקרא י״א", 
                    "index_title": "Leviticus", 
                    "sourceRef": "Leviticus 11"
                }, 
                {
                    "category": "Tanakh", 
                    "sourceHeRef": "דברים י״ד", 
                    "index_title": "Deuteronomy", 
                    "sourceRef": "Deuteronomy 14"
                }
            ], 
            "text": ""
        }, 
        {
            "segmentNumber": "7", 
            "he": "יֵרָאֶה לִי שֶׁהָאוֹכֵל בֵּיצֵי דָּגִים טְמֵאִים הַנִּמְצָאִים בִּמְעֵיהֶם כְּאוֹכֵל קִרְבֵי דָּגִים טְמֵאִים וְלוֹקֶה מִן הַתּוֹרָה. וְכֵן בֵּיצֵי הָעוֹף הַטָּמֵא הַתְּלוּיוֹת בְּאֶשְׁכּוֹל שֶׁעֲדַיִן לֹא פָּרְשׁוּ וְנִגְמְרוּ. הָאוֹכֵל אוֹתָן לוֹקֶה כְּאוֹכֵל בְּנֵי מֵעַיִם שֶׁלָּהֶן: \n", 
            "links": [], 
            "text": ""
        }, 
        {
            "segmentNumber": "8", 
            "he": "בֵּיצַת עוֹף טָמֵא שֶׁהִתְחִיל הָאֶפְרוֹחַ לְהִתְרַקֵּם בָּהּ וַאֲכָלוֹ לוֹקֶה מִשּׁוּם אוֹכֵל שֶׁרֶץ הָעוֹף. אֲבָל בֵּיצַת הָעוֹף טָהוֹר שֶׁהִתְחִיל הָאֶפְרוֹחַ לְהִתְרַקֵּם בָּהּ וַאֲכָלָהּ מַכִּין אוֹתוֹ מַכַּת מַרְדּוּת: \n", 
            "links": [], 
            "text": ""
        }, 
        {
            "segmentNumber": "9", 
            "he": "נִמְצָא עָלֶיהָ קֹרֶט דָּם. אִם עַל הַחֶלְבּוֹן זוֹרֵק אֶת הַדָּם וְאוֹכֵל אֶת הַשְּׁאָר. וְאִם עַל הַחֶלְמוֹן אֲסוּרָה כֻּלָּהּ. בֵּיצָה הַמּוּזֶרֶת הַנֶּפֶשׁ הַיָּפָה תֹּאכְלֶנָּה: \n", 
            "links": [], 
            "text": ""
        }, 
        {
            "segmentNumber": "10", 
            "he": "אֶפְרוֹחַ שֶׁנּוֹלַד אַף עַל פִּי שֶׁלֹּא נִתְפַּתְּחוּ עֵינָיו מֻתָּר לְאָכְלוֹ. בְּהֵמָה טְהוֹרָה שֶׁנִּטְרְפָה חֲלָבָהּ אָסוּר כַּחֲלֵב בְּהֵמָה טְמֵאָה. וְכֵן בֵּיצַת עוֹף טָהוֹר שֶׁנִּטְרַף כְּבֵיצַת עוֹף טָמֵא וְאָסוּר: \n", 
            "links": [], 
            "text": ""
        }, 
        {
            "segmentNumber": "11", 
            "he": "אֶפְרוֹחַ שֶׁנּוֹלַד מִבֵּיצַת טְרֵפָה מֻתָּר שֶׁאֵין מִינוֹ טָמֵא. הָיָה הָעוֹף סְפֵק טְרֵפָה כָּל הַבֵּיצִים שֶׁתֵּלֵד בַּעֲרֵמָה רִאשׁוֹנָה מַשְׁהִין אוֹתָן. אִם טָעֲנָה עֲרֵמָה שְׁנִיָּה וְהִתְחִילָה לֵילֵד הֻתְּרוּ הָרִאשׁוֹנוֹת שֶׁאִם הָיְתָה טְרֵפָה לֹא הָיְתָה יוֹלֶדֶת עוֹד. וְאִם לֹא יָלְדָה הֲרֵי הֵן אֲסוּרוֹת: \n", 
            "links": [], 
            "text": ""
        }, 
        {
            "segmentNumber": "12", 
            "he": "חֲלֵב בְּהֵמָה טְמֵאָה אֵינוֹ נִקְפֶּה וְעוֹמֵד כַּחֲלֵב הַטְּהוֹרָה. וְאִם נִתְעָרֵב חֲלֵב טְמֵאָה בַּחֲלֵב בְּהֵמָה טְהוֹרָה כְּשֶׁתַּעֲמִיד אוֹתוֹ יַעֲמוֹד חֲלֵב הַטְּהוֹרָה וְיֵצֵא חֲלֵב הַטֻּמְאָה עִם הַקּוֹם שֶׁל גְּבִינָה: \n", 
            "links": [], 
            "text": "The milk of a non-kosher animal will not coagulate and form into cheese like the milk of a kosher animal. If milk of a non-kosher animal were mixed with that of a kosher animal, when it coagulates into cheese, the non-kosher milk with its whey will flow out of the cheese."
        }, 
        {
            "segmentNumber": "13", 
            "he": "וּמִפְּנֵי זֶה יִתֵּן הַדִּין שֶׁכָּל חָלָב הַנִּמְצָא בְּיַד עַכּוּ''ם אָסוּר שֶׁמָּא עֵרֵב בּוֹ חֲלֵב בְּהֵמָה טְמֵאָה. וּגְבִינַת הָעַכּוּ''ם מֻתֶּרֶת שֶׁאֵין חֲלֵב בְּהֵמָה טְמֵאָה מִתְגַּבֵּן. אֲבָל בִּימֵי חַכְמֵי מִשְׁנָה גָּזְרוּ עַל גְּבִינַת הָעַכּוּ''ם וַאֲסָרוּם מִפְּנֵי שֶׁמַּעֲמִידִין אוֹתָהּ בְּעוֹר קֵבָה שֶׁל שְׁחִיטָתָן שֶׁהִיא נְבֵלָה. וְאִם תֹּאמַר וַהֲלֹא עוֹר הַקֵּבָה דָּבָר קָטָן הוּא עַד מְאֹד בֶּחָלָב שֶׁעָמַד בּוֹ וְלָמָּה לֹא יִבָּטֵל בְּמִעוּטוֹ. מִפְּנֵי שֶׁהוּא הַמַּעֲמִיד הַגְּבִינָה. וְהוֹאִיל וְדָבָר הָאָסוּר הוּא שֶׁהֶעֱמִיד הֲרֵי הַכּל אָסוּר כְּמוֹ שֶׁיִּתְבָּאֵר: \n", 
            "links": [], 
            "text": "It therefore is logical that any milk owned by a non-Jew is prohibited, lest they have mixed in the milk of a non-kosher animal. Cheese produced by a non-Jew is permitted, since milk of a non-kosher animal cannot become cheese. However, in the days of the sages, they decreed that cheese produced by a non-Jew be prohibited, lest they coagulate it using the non-kosher stomach lining of animals they slaughter. And if you will say - the stomach-lining is negligible in relation in the amount of milk; should it not be considered nullified? Since it is the very thing which creates the cheese, and if the thing which creates the cheese is prohibited, the whole thing is prohibited, as will be explained."
        }, 
        {
            "segmentNumber": "14", 
            "he": "גְּבִינָה שֶׁמַּעֲמִידִין אוֹתָהּ הָעַכּוּ''ם בַּעֲשָׂבִים אוֹ בְּמֵי פֵּרוֹת כְּגוֹן שְׂרַף הַתְּאֵנִים וַהֲרֵי הֵן נִכָּרִין בַּגְּבִינָה הוֹרוּ מִקְצָת הַגְּאוֹנִים שֶׁהִיא אֲסוּרָה. שֶׁכְּבָר גָּזְרוּ עַל כָּל גְּבִינַת הָעַכּוּ''ם בֵּין שֶׁהֶעֱמִידוּהָ בְּדָבָר אָסוּר בֵּין שֶׁהֶעֱמִידוּהָ בְּדָבָר הַמֻּתָּר גְּזֵרָה מִשּׁוּם שֶׁמַּעֲמִידִין אוֹתָהּ בְּדָבָר הָאָסוּר: \n", 
            "links": [
                {
                    "category": "Halakhah", 
                    "sourceHeRef": "כסף משנה על משנה תורה, הלכות מאכלות אסורות ג׳:י״ד:א׳", 
                    "index_title": "Kessef Mishneh on Mishneh Torah, Forbidden Foods", 
                    "sourceRef": "Kessef Mishneh on Mishneh Torah, Forbidden Foods 3:14:1"
                }
            ], 
            "text": ""
        }, 
        {
            "segmentNumber": "15", 
            "he": "הָאוֹכֵל גְּבִינַת הָעַכּוּ''ם אוֹ חָלָב שֶׁחֲלָבוֹ עַכּוּ''ם וְאֵין יִשְׂרָאֵל רוֹאֵהוּ מַכִּין אוֹתוֹ מַכַּת מַרְדּוּת. הַחֶמְאָה שֶׁל עַכּוּ''ם מִקְצָת הַגְּאוֹנִים הִתִּירוּהָ שֶׁהֲרֵי לֹא גָּזְרוּ עַל הַחֶמְאָה וַחֲלֵב הַטְּמֵאָה אֵינוֹ עוֹמֵד. וּמִקְצָת הַגְּאוֹנִים אֲסָרוּהָ מִפְּנֵי צִחְצוּחֵי חָלָב שֶׁיִּשָּׁאֵר בָּהּ. שֶׁהֲרֵי הַקּוֹם שֶׁבַּחֶמְאָה אֵינוֹ מְעֹרָב עִם הַחֶמְאָה כְּדֵי שֶׁיִּבָּטֵל בְּמִעוּטוֹ. וְכָל חָלָב שֶׁלָּהֶן חוֹשְׁשִׁין לוֹ שֶׁמָּא עֵרְבוּ בּוֹ חֲלֵב בְּהֵמָה טְמֵאָה: \n", 
            "links": [
                {
                    "category": "Halakhah", 
                    "sourceHeRef": "כסף משנה על משנה תורה, הלכות מאכלות אסורות ג׳:ט״ו:א׳", 
                    "index_title": "Kessef Mishneh on Mishneh Torah, Forbidden Foods", 
                    "sourceRef": "Kessef Mishneh on Mishneh Torah, Forbidden Foods 3:15:1"
                }, 
                {
                    "category": "Halakhah", 
                    "sourceHeRef": "כסף משנה על משנה תורה, הלכות מאכלות אסורות ג׳:ט״ו:ב׳", 
                    "index_title": "Kessef Mishneh on Mishneh Torah, Forbidden Foods", 
                    "sourceRef": "Kessef Mishneh on Mishneh Torah, Forbidden Foods 3:15:2"
                }
            ], 
            "text": ""
        }, 
        {
            "segmentNumber": "16", 
            "he": "יֵרָאֶה לִי שֶׁאִם לָקַח חֶמְאָה מִן הָעַכּוּ''ם וּבִשְּׁלָהּ עַד שֶׁהָלְכוּ לָהֶן צִחְצוּחֵי חָלָב הֲרֵי זוֹ מֻתֶּרֶת. שֶׁאִם תֹּאמַר נִתְעָרְבוּ עִמָּן וְנִתְבַּשְּׁלוּ כֻּלָּן בָּטְלוּ בְּמִעוּטָם. אֲבָל הַחֶמְאָה שֶׁבִּשְּׁלוּ אוֹתָהּ עַכּוּ''ם אֲסוּרָה מִשּׁוּם גִּעוּלֵי עַכּוּ''ם כְּמוֹ שֶׁיִּתְבָּאֵר: \n", 
            "links": [
                {
                    "category": "Halakhah", 
                    "sourceHeRef": "כסף משנה על משנה תורה, הלכות מאכלות אסורות ג׳:ט״ז:א׳", 
                    "index_title": "Kessef Mishneh on Mishneh Torah, Forbidden Foods", 
                    "sourceRef": "Kessef Mishneh on Mishneh Torah, Forbidden Foods 3:16:1"
                }, 
                {
                    "category": "Halakhah", 
                    "sourceHeRef": "כסף משנה על משנה תורה, הלכות מאכלות אסורות ג׳:ט״ז:ב׳", 
                    "index_title": "Kessef Mishneh on Mishneh Torah, Forbidden Foods", 
                    "sourceRef": "Kessef Mishneh on Mishneh Torah, Forbidden Foods 3:16:2"
                }, 
                {
                    "category": "Halakhah", 
                    "sourceHeRef": "כסף משנה על משנה תורה, הלכות מאכלות אסורות ג׳:ט״ז:ג׳", 
                    "index_title": "Kessef Mishneh on Mishneh Torah, Forbidden Foods", 
                    "sourceRef": "Kessef Mishneh on Mishneh Torah, Forbidden Foods 3:16:3"
                }
            ], 
            "text": ""
        }, 
        {
            "segmentNumber": "17", 
            "he": "יִשְׂרָאֵל שֶׁיָּשַׁב בְּצַד הָעֵדֶר שֶׁל נָכְרִי וּבָא הַנָּכְרִי וְהֵבִיא לוֹ חָלָב מִן הָעֵדֶר אַף עַל פִּי שֶׁיֵּשׁ בָּעֵדֶר בְּהֵמָה טְמֵאָה הֲרֵי זוֹ מֻתָּר. וְאַף עַל פִּי שֶׁלֹּא רָאָה אוֹתוֹ חוֹלֵב. וְהוּא שֶׁיָּכוֹל לִרְאוֹתוֹ כְּשֶׁהוּא חוֹלֵב כְּשֶׁיַּעֲמֹד. שֶׁהַנָּכְרִי מִתְיָרֵא לַחֲלֹב מִן הַטְּמֵאָה שֶׁמָּא יַעֲמֹד וְיִרְאֶה אוֹתוֹ: \n", 
            "links": [], 
            "text": ""
        }, 
        {
            "segmentNumber": "18", 
            "he": "בֵּיצָה שֶׁשְּׁנֵי רָאשֶׁיהָ כַּדִּין אוֹ שֶׁשְּׁנֵי רָאשֶׁיהָ חַדִּין. אוֹ שֶׁהָיָה חֶלְמוֹן מִבַּחוּץ וְחֶלְבּוֹן מִבִּפְנִים בְּיָדוּעַ שֶׁהוּא בֵּיצַת עוֹף טָמֵא. רֹאשָׁהּ אֶחָד כַּד וְרֹאשָׁהּ אֶחָד חַד וְחֶלְבּוֹן מִבַּחוּץ וְחֶלְמוֹן מִבִּפְנִים. אֶפְשָׁר שֶׁהִיא בֵּיצַת עוֹף טָמֵא וְאֶפְשָׁר שֶׁהִיא בֵּיצַת עוֹף טָהוֹר. לְפִיכָךְ שׁוֹאֵל לַצַּיָּד יִשְׂרָאֵל שֶׁמּוֹכְרָהּ. אִם אָמַר לוֹ שֶׁל עוֹף פְּלוֹנִי הוּא וְעוֹף טָהוֹר הוּא סוֹמֵךְ עָלָיו. וְאִם אָמַר שֶׁל עוֹף טָהוֹר וְלֹא אָמַר לוֹ שְׁמוֹ אֵינוֹ סוֹמֵךְ עָלָיו: \n", 
            "links": [], 
            "text": ""
        }, 
        {
            "segmentNumber": "19", 
            "he": "לְפִיכָךְ אֵין לוֹקְחִים בֵּיצִים מִן הָעַכּוּ''ם אֶלָּא אִם הָיָה מַכִּיר אוֹתָן וְיֵשׁ לוֹ בָּהֶן טְבִיעוּת עַיִן שֶׁהֵן בֵּיצֵי עוֹף פְּלוֹנִי הַטָּהוֹר. וְאֵין חוֹשְׁשִׁין לָהֶן שֶׁמָּא הֵן בֵּיצֵי טְרֵפָה אוֹ בֵּיצֵי נְבֵלָה. וְאֵין לוֹקְחִין מִן הָעַכּוּ''ם בֵּיצָה טְרוּפָה כְּלָל: \n", 
            "links": [], 
            "text": ""
        }, 
        {
            "segmentNumber": "20", 
            "he": "בֵּיצֵי דָּגִים סִימָנֵיהֶם כְּסִימָנֵי בֵּיצֵי הָעוֹף. אִם הָיוּ שְׁנֵי רָאשֶׁיהָ כַּדִּין אוֹ חַדִּין טְמֵאָה. אֶחָד כַּד וְאֶחָד חַד שׁוֹאֵל לְיִשְׂרְאֵלִי הַמּוֹכֵר. אִם אָמַר לוֹ אֲנִי מְלַחְתִּים וְהוֹצֵאתִים מִדָּג טָהוֹר אוֹכֵל עַל פִּיו. וְאִם אָמַר לוֹ טְהוֹרִין הֵם אֵינוֹ נֶאֱמָן אֶלָּא אִם כֵּן הָיָה אָדָם שֶׁהֻחְזַק בְּכַשְׁרוּת: \n", 
            "links": [], 
            "text": ""
        }, 
        {
            "segmentNumber": "21", 
            "he": "וְכֵן אֵין לוֹקְחִין גְּבִינָה וַחֲתִיכַת דָּג שֶׁאֵין בָּהּ סִימָן אֶלָּא מִיִּשְׂרְאֵלִי שֶׁהֻחְזַק בְּכַשְׁרוּת. אֲבָל בְּאֶרֶץ יִשְׂרָאֵל כְּשֶׁהָיְתָה רֻבָּהּ יִשְׂרָאֵל לוֹקְחִין מִכָּל יִשְׂרְאֵלִי שֶׁבָּהּ. וְהֶחָלָב לוֹקְחִין אוֹתוֹ מִכָּל יִשְׂרָאֵל מִכָּל מָקוֹם: \n", 
            "links": [
                {
                    "category": "Halakhah", 
                    "sourceHeRef": "כסף משנה על משנה תורה, הלכות מאכלות אסורות ג׳:כ״א:א׳", 
                    "index_title": "Kessef Mishneh on Mishneh Torah, Forbidden Foods", 
                    "sourceRef": "Kessef Mishneh on Mishneh Torah, Forbidden Foods 3:21:1"
                }
            ], 
            "text": ""
        }, 
        {
            "segmentNumber": "22", 
            "he": "הַכּוֹבֵשׁ דָּגִים טְמֵאִים  צִירָן אָסוּר. אֲבָל צִיר חֲגָבִים טְמֵאִים מֻתָּר מִפְּנֵי שֶׁאֵין בָּהֶם לַחְלוּחִית. לְפִיכָךְ אֵין לוֹקְחִין צִיר מִן הָעַכּוּ''ם אֶלָּא אִם כֵּן הָיָה בּוֹ דָּג טָהוֹר מְשׁוֹטֵט בּוֹ אֲפִלּוּ דָּג אֶחָד: \n", 
            "links": [], 
            "text": ""
        }, 
        {
            "segmentNumber": "23", 
            "he": "עַכּוּ''ם שֶׁהֵבִיא עֲרֵבָה מְלֵאָה חָבִיּוֹת פְּתוּחוֹת שֶׁל צִיר וְדָג אֶחָד טָהוֹר בְּאַחַת מֵהֶם כֻּלָּן מֻתָּרוֹת. הָיוּ סְתוּמוֹת פָּתַח אַחַת וְנִמְצָא בָּהּ דָּג טָהוֹר שְׁנִיָּה וְנִמְצָא בָּהּ טָהוֹר כֻּלָּן מֻתָּרוֹת. וְהוּא שֶׁיִּהְיֶה רֹאשׁוֹ שֶׁל דָּג וּשְׁדֵרוֹ קַיָּם כְּדֵי שֶׁיְּהֵא נִכָּר שֶׁהוּא דָּג טָהוֹר. לְפִיכָךְ אֵין לוֹקְחִין דָּגִים מְרוֹצָצִין מְלוּחִין מִן הָעַכּוּ''ם וְהֵם הַנִּקְרָאִים טָרִית טְרוּפָה. וְאִם הָיָה רֹאשׁ הַדָּג וּשְׁדֵרוֹ נִכָּר אַף עַל פִּי שֶׁהוּא מְרוֹצָץ מֻתָּר לִקַּח אוֹתוֹ מִן הָעַכּוּ''ם: \n", 
            "links": [
                {
                    "category": "Halakhah", 
                    "sourceHeRef": "כסף משנה על משנה תורה, הלכות מאכלות אסורות ג׳:כ״ג:א׳", 
                    "index_title": "Kessef Mishneh on Mishneh Torah, Forbidden Foods", 
                    "sourceRef": "Kessef Mishneh on Mishneh Torah, Forbidden Foods 3:23:1"
                }, 
                {
                    "category": "Halakhah", 
                    "sourceHeRef": "כסף משנה על משנה תורה, הלכות מאכלות אסורות ג׳:כ״ג:ב׳", 
                    "index_title": "Kessef Mishneh on Mishneh Torah, Forbidden Foods", 
                    "sourceRef": "Kessef Mishneh on Mishneh Torah, Forbidden Foods 3:23:2"
                }
            ], 
            "text": ""
        }, 
        {
            "segmentNumber": "24", 
            "he": "עַכּוּ''ם שֶׁהֵבִיא גָּרָב שֶׁל חֲתִיכוֹת דָּג שֶׁחִתּוּכָן שָׁוֶה וְהֵן נִכָּרִין שֶׁכֻּלָּן מִדָּג אֶחָד וּמָצָא בַּחֲתִיכָה אַחַת מֵהֶן קַשְׂקַשִּׂין הֲרֵי כֻּלָּן מֻתָּרוֹת: \n", 
            "links": [], 
            "text": ""
        }
    ], 
    "book": "Mishneh Torah, Forbidden Foods", 
    "prev": "Mishneh Torah, Forbidden Foods 2", 
    "textDepth": 2, 
    "sectionNames": [
        "Chapter", 
        "Halacha"
    ], 
    "sections": [
        3
    ], 
    "isComplex": false, 
    "titleVariants": [
        "Rambam, Hilchot Ma'achalot Assurot", 
        "Mishneh Torah, Hilkhot Ma'achalot Assurot", 
        "Mishneh Torah, Ma'achalot Assurot", 
        "Rambam, Laws of Forbidden Foods", 
        "Mishneh Torah, Hilchot Ma'achalot Assurot", 
        "Rambam, Hilkhot Ma'achalot Assurot", 
        "Mishneh Torah, Forbidden Foods", 
        "Mishneh Torah, Laws of Forbidden Foods", 
        "Rambam, Forbidden Foods", 
        "Rambam, Ma'achalot Assurot"
    ], 
    "categories": [
        "Halakhah", 
        "Mishneh Torah", 
        "Sefer Kedushah"
    ], 
    "ref": "Mishneh Torah, Forbidden Foods 3", 
    "type": "Halakhah", 
    "addressTypes": [
        "Integer", 
        "Integer"
    ], 
    "length": 17, 
    "indexTitle": "Mishneh Torah, Forbidden Foods", 
    "heIndexTitle": "משנה תורה, הלכות מאכלות אסורות", 
    "alts": [], 
    "order": [
        33, 
        2
    ]
}