{
    "heTitleVariants": [
        " חידושי אגדות על מסכת נדה"
    ], 
    "heTitle": " חידושי אגדות על מסכת נדה ע״ג ב", 
    "content": [
        {
            "segmentNumber": "1", 
            "he": "<b>תנא </b>דבי אליהו כל השונה הלכות מובטח לו שהוא בן העוה\"ב כו'. התוספות כתבו דאיידי דאיירי לעיל בהלכתא מייתי לה לסיים בדבר טוב ואיתא נמי כן במגילה פ\"ב כו' עכ\"ל אבל לא הובא זה המאמר בפרק בתרא דמגילה בסיום המסכת גם דרך התלמוד לסיים במאמרי אגדה השייך קצת להלכה דמסיים בה יראה לפי מה שהובא זה המאמר פ\"ב דמגילה בתר דאייתי התם חומרא דרבי זירא שאפילו רואות טפת דם כחרדל יושבת עליו ז' נקיים שכוונו בו כלפי מה שאמרו באבות קינין ופתחי נדה הן הן גופי הלכות כו' דכל הני מילי תליין בחשבונות ובמספר וקרובים לטעות ובחשבון התקופות וגמטריאות קאמר שאינן אלא פרפראות לחכמה שהוא מצות שבתורה כדלעיל אבל אינן עיקר החכמה דאף אם יטעה בהם אין בכך כלום כדאמרינן בחשבון תקופות ומולדות אתם אפילו מוטעים אבל קינים ופתחי נדה חשבון ומספר דפתחי נדה כההוא שמעתא דטועה דפ' המפלת ושמעתא דפ\"ב דערכין לתקן הטועה בפתחי נדה גם הקינין הבאין על הספק בפתחי נדה כההיא דס\"פ בא סימן ראתה ב' ושלישי הפילה כו' ה\"ז ספק זיבה ספק לידה מביאה קרבן ואינו נאכל כל אלו הן גופי הלכות שיצטרך ליזהר הרבה בהן כי אם יטעה בחשבונם וספירתם קרוב הוא לבא לידי ספק כרת דמשום הכי נתקנה חומרא דרבי זירא כדאיתא בפירקין והשתא אם יאמר האומר א\"כ אין לי ללמוד מסכת נדה וכל דיני פתחי נדה לתקן טעותא דהא בחומרא דר' זירא נתקן כל טעותא וע\"כ מייתי עלה בפרק בתרא דמגילה הך דתנא דבי אליהו כל השונה הלכות כו' שהוא הלכות נדה שהן הן גופי הלכות מובטח לו כו' ומה\"ט נמי מייתי לה בסיום מסכת זו כל השונה הלכות שבמסכת זו ולא יסמוך עצמו לומר דבחומרא דרבי זירא נתקן כל טעותא אלא שהשונה אותן גופי הלכות שבמסכת נדה יזכה לחיי עולם הבא א\"ס: ", 
            "links": [], 
            "text": ""
        }
    ], 
    "heRef": " חידושי אגדות על מסכת נדה ע״ג ב", 
    "toSections": [
        "73b"
    ], 
    "sectionRef": "Chidushei Agadot on Niddah 73b", 
    "title": "Chidushei Agadot on Niddah 73b", 
    "next": null, 
    "heBook": " חידושי אגדות על מסכת נדה", 
    "book": "Chidushei Agadot on Niddah", 
    "prev": "Chidushei Agadot on Niddah 70a", 
    "textDepth": 2, 
    "sectionNames": [
        "Daf", 
        "Peirush"
    ], 
    "sections": [
        "73b"
    ], 
    "isComplex": false, 
    "titleVariants": [
        "Chidushei Agadot on Niddah"
    ], 
    "categories": [
        "Commentary2", 
        "Talmud", 
        "Chidushei Agadot"
    ], 
    "ref": "Chidushei Agadot on Niddah 73b", 
    "type": "Commentary2", 
    "addressTypes": [
        "Talmud", 
        "Integer"
    ], 
    "indexTitle": "Chidushei Agadot on Niddah", 
    "heIndexTitle": " חידושי אגדות על מסכת נדה", 
    "alts": [], 
    "order": ""
}