{
    "sections": {
        "Daat Zkenim on Deuteronomy 9:13": {
            "content": [], 
            "heTitle": "דעת זקנים על דברים", 
            "indexTitle": "Daat Zkenim on Deuteronomy", 
            "sectionRef": "Daat Zkenim on Deuteronomy 9:13", 
            "prev": "Daat Zkenim on Deuteronomy 9:11", 
            "ref": "Daat Zkenim on Deuteronomy 9:13", 
            "heRef": "דעת זקנים על דברים ט׳:י״ג", 
            "next": "Daat Zkenim on Deuteronomy 9:16"
        }, 
        "Daat Zkenim on Deuteronomy 9:12": {
            "content": [], 
            "heTitle": "דעת זקנים על דברים", 
            "indexTitle": "Daat Zkenim on Deuteronomy", 
            "sectionRef": "Daat Zkenim on Deuteronomy 9:12", 
            "prev": "Daat Zkenim on Deuteronomy 9:11", 
            "ref": "Daat Zkenim on Deuteronomy 9:12", 
            "heRef": "דעת זקנים על דברים ט׳:י״ב", 
            "next": "Daat Zkenim on Deuteronomy 9:16"
        }, 
        "Daat Zkenim on Deuteronomy 9:11": {
            "content": [
                {
                    "segmentNumber": "1", 
                    "links": [
                        {
                            "category": "Tanakh", 
                            "index_title": "Deuteronomy", 
                            "sourceHeRef": "דברים ט׳:י״א", 
                            "sourceRef": "Deuteronomy 9:11"
                        }
                    ], 
                    "text": "שני לוחות, “two Tablets;” they symbolised bride and groom, as well as the two respective groomsmen and bridesmaids, as well as heaven and earth, the written and oral law, the physical world and the spiritual world. Rabbi Chanina points out that the word luchot, is written defectively, both letters ו, being missing. This is to teach that each Tablet is considered as equally important as is its partner."
                }
            ], 
            "heTitle": "דעת זקנים על דברים", 
            "indexTitle": "Daat Zkenim on Deuteronomy", 
            "sectionRef": "Daat Zkenim on Deuteronomy 9:11", 
            "prev": "Daat Zkenim on Deuteronomy 9:9", 
            "ref": "Daat Zkenim on Deuteronomy 9:11", 
            "heRef": "דעת זקנים על דברים ט׳:י״א", 
            "next": "Daat Zkenim on Deuteronomy 9:16"
        }, 
        "Daat Zkenim on Deuteronomy 9:10": {
            "content": [], 
            "heTitle": "דעת זקנים על דברים", 
            "indexTitle": "Daat Zkenim on Deuteronomy", 
            "sectionRef": "Daat Zkenim on Deuteronomy 9:10", 
            "prev": "Daat Zkenim on Deuteronomy 9:9", 
            "ref": "Daat Zkenim on Deuteronomy 9:10", 
            "heRef": "דעת זקנים על דברים ט׳:י׳", 
            "next": "Daat Zkenim on Deuteronomy 9:11"
        }, 
        "Daat Zkenim on Deuteronomy 9:17": {
            "content": [
                {
                    "segmentNumber": "1", 
                    "he": "<b>ואשליכם מעל שתי ידי. </b>זש\"ה עת להשליך \nאבנים זה לוחות הראשוני'. ועת כנוס אבנים זה לוחות אחרונות: ", 
                    "links": [
                        {
                            "category": "Tanakh", 
                            "index_title": "Deuteronomy", 
                            "sourceHeRef": "דברים ט׳:י״ז", 
                            "sourceRef": "Deuteronomy 9:17"
                        }, 
                        {
                            "category": "Tanakh", 
                            "index_title": "Ecclesiastes", 
                            "sourceHeRef": "קהלת ג׳:ה׳", 
                            "sourceRef": "Ecclesiastes 3:5"
                        }
                    ], 
                    "text": "ואשליכם מעל שתי ידי, “I cast them out of my two hands;” this is what Kohelet 3,5 had in mind when he wrote: עת להשליך אבנים, “there is an appropriate time for throwing stones.” (instead of gathering them in)” He referred to the first set of Tablets. When he continued with: עת כנוס אבנים, “an appropriate time for gathering in stones,” he referred to the second set of Tablets."
                }
            ], 
            "heTitle": "דעת זקנים על דברים", 
            "indexTitle": "Daat Zkenim on Deuteronomy", 
            "sectionRef": "Daat Zkenim on Deuteronomy 9:17", 
            "prev": "Daat Zkenim on Deuteronomy 9:16", 
            "ref": "Daat Zkenim on Deuteronomy 9:17", 
            "heRef": "דעת זקנים על דברים ט׳:י״ז", 
            "next": "Daat Zkenim on Deuteronomy 9:18"
        }, 
        "Daat Zkenim on Deuteronomy 9:16": {
            "content": [
                {
                    "segmentNumber": "1", 
                    "he": "<b>וארא והנה  חטאתם. </b>מה ראה ראה שפרח הכתב מעליהם ולכך ואתפוש בשני הלוחות ואשברם לעיניכם. משל  לסרדיוט שהיה מהלך בדרך וחותם המלך בידו ובא ליכנס למדינה עבר בתוך הנהר ונפל החותם במים  ונמחק הכתב מה עשה קרע הנייר ושבר החותם כך משה כשהיה יורד מן ההר והלוחות בידו פרח  הכתב מעליהם ושברם. ", 
                    "links": [
                        {
                            "category": "Tanakh", 
                            "index_title": "Deuteronomy", 
                            "sourceHeRef": "דברים ט׳:ט״ז", 
                            "sourceRef": "Deuteronomy 9:16"
                        }
                    ], 
                    "text": "וארא והנה חטאת, “and behold, I saw you had sinned;” what precisely did Moses see? He observed that the letters engraved on the Tablets had flown off. This is why I grabbed the remains and smashed them before your eyes. This can be illustrated by a parable. A Roman or Greek officer was walking along the path, holding the king’s seal in his hands. When he was about to enter a certain country he had to cross a river and in the process the king’s seal with his authorisation fell into the water and when retrieved proved to have become illegible. What did he do? He tore up the paper and smashed the seal as they were no longer of any use to him. Moses’ situation when descending from Mount Sinai was similar to that of that officer, and that is why he smashed the Tablets."
                }, 
                {
                    "segmentNumber": "2", 
                    "he": "ד\"א <b>וארא </b>ראה העגל שעשו ושברן. משל למלך שקדש אשה ואמר לה לאחר זמן אני שולח כתובתך ביד השושבין עד שהשושבין בא והכתובה בידו מצאה שקלקלה וזינתה ראה  השושבין הקלקול וקרע הכתובה אמר מוטב שתדון כפנויה ולא כאשת איש כך הקב\"ה קידש את  ישראל במתן תורה ואמר לשלוח הלוחות שהן הכתובה תוך ארבעים יום ע\"י משה שושבין בא משה  והכתובה בידו וראה שקלקלו בעגל ושבר הכתוב': ", 
                    "links": [
                        {
                            "category": "Tanakh", 
                            "index_title": "Deuteronomy", 
                            "sourceHeRef": "דברים ט׳:ט״ז", 
                            "sourceRef": "Deuteronomy 9:16"
                        }
                    ], 
                    "text": "וארא, “I saw;” another parable will illustrate what Moses meant. Moses saw the golden calf the people had made and as a result he broke the Tablets. Imagine a king who had become engaged to be married to a certain lady, having told her that he would send her the marriage certificate, ketuvah¸ after a certain period of time, using his best man as the messenger. By the time the document had been written and he had found his best man, he found out that the lady was not worthy to become his wife. What did he do? He tore up the marriage certificate. His reasoning was that it was in that lady’s interest instead of becoming an unfaithful wife after the marriage ceremony, to remain unmarried when her conduct was subject to a lesser penalty. The same happened with the relationship between G’d and Israel at that time. Israel had become betrothed to G’d at time of the revelation at Mount Sinai. The Tablets were meant to be the marriage document that He would give His people forty days later. When Moses saw how corrupt they had become in the interval, he decided that it was in their best interest to tear up the marriage document, i.e. the Tablets, so as to make their legal status less serious than if they had committed adultery after the wedding ceremony. (Tanchuma, section 11)\n"
                }
            ], 
            "heTitle": "דעת זקנים על דברים", 
            "indexTitle": "Daat Zkenim on Deuteronomy", 
            "sectionRef": "Daat Zkenim on Deuteronomy 9:16", 
            "prev": "Daat Zkenim on Deuteronomy 9:11", 
            "ref": "Daat Zkenim on Deuteronomy 9:16", 
            "heRef": "דעת זקנים על דברים ט׳:ט״ז", 
            "next": "Daat Zkenim on Deuteronomy 9:17"
        }, 
        "Daat Zkenim on Deuteronomy 9:15": {
            "content": [], 
            "heTitle": "דעת זקנים על דברים", 
            "indexTitle": "Daat Zkenim on Deuteronomy", 
            "sectionRef": "Daat Zkenim on Deuteronomy 9:15", 
            "prev": "Daat Zkenim on Deuteronomy 9:11", 
            "ref": "Daat Zkenim on Deuteronomy 9:15", 
            "heRef": "דעת זקנים על דברים ט׳:ט״ו", 
            "next": "Daat Zkenim on Deuteronomy 9:16"
        }, 
        "Daat Zkenim on Deuteronomy 9:14": {
            "content": [], 
            "heTitle": "דעת זקנים על דברים", 
            "indexTitle": "Daat Zkenim on Deuteronomy", 
            "sectionRef": "Daat Zkenim on Deuteronomy 9:14", 
            "prev": "Daat Zkenim on Deuteronomy 9:11", 
            "ref": "Daat Zkenim on Deuteronomy 9:14", 
            "heRef": "דעת זקנים על דברים ט׳:י״ד", 
            "next": "Daat Zkenim on Deuteronomy 9:16"
        }, 
        "Daat Zkenim on Deuteronomy 9:19": {
            "content": [], 
            "heTitle": "דעת זקנים על דברים", 
            "indexTitle": "Daat Zkenim on Deuteronomy", 
            "sectionRef": "Daat Zkenim on Deuteronomy 9:19", 
            "prev": "Daat Zkenim on Deuteronomy 9:18", 
            "ref": "Daat Zkenim on Deuteronomy 9:19", 
            "heRef": "דעת זקנים על דברים ט׳:י״ט", 
            "next": "Daat Zkenim on Deuteronomy 9:21"
        }, 
        "Daat Zkenim on Deuteronomy 9:18": {
            "content": [
                {
                    "segmentNumber": "1", 
                    "he": "<b>ואתנפל לפני ה' כראשונה. \n</b>כמו שעשיתי בארבעים יום הראשונים שהתנפלתי לפני הקב\"ה על שאמר הרף ממני ואשמידם עד \nשהתנה עמהם שלא ישמידם שנא' וינחם ה' על הרעה אבל לא מחל העון ועכשיו התנפלתי על מחילת \nהעון כי יגרתי מפני האף והחמה וישמע ה' אלי גם בפעם הזאת למחול העון שנשבע בראשונה שלא \nלהשמיד: ", 
                    "links": [
                        {
                            "category": "Tanakh", 
                            "index_title": "Deuteronomy", 
                            "sourceHeRef": "דברים ט׳:י״ח", 
                            "sourceRef": "Deuteronomy 9:18"
                        }, 
                        {
                            "category": "Tanakh", 
                            "index_title": "Deuteronomy", 
                            "sourceHeRef": "דברים ט׳:י״ד", 
                            "sourceRef": "Deuteronomy 9:14"
                        }, 
                        {
                            "category": "Tanakh", 
                            "index_title": "Exodus", 
                            "sourceHeRef": "שמות ל״ב:י״ד", 
                            "sourceRef": "Exodus 32:14"
                        }
                    ], 
                    "text": "ואתנפל לפני ה' כראשונה, “I threw myself down before the Lord as I had done the first time;” Moses refers to the first time he had thrown himself down after G’d had told him to desist from pleading so that He could proceed with wiping out the Jewish nation; (Deut. 9,14) He remained in that position until G’d had conceded that He would not wipe out the nation. This was reported as having taken place in Exodus 32,14, where we read וינחם ה' על הרעה, “the Lord renounced the evil,” i.e. punishment He had intended to subject the people to. He had not, at that stage, forgiven, any part of their sin. Now, Moses explains that he faced the problem of obtaining forgiveness for his people. He did so out of fear and dread. (verse 19) As a result of his persistence, G’d decided to pardon the sin which He had originally meant to punish with destruction of the people."
                }
            ], 
            "heTitle": "דעת זקנים על דברים", 
            "indexTitle": "Daat Zkenim on Deuteronomy", 
            "sectionRef": "Daat Zkenim on Deuteronomy 9:18", 
            "prev": "Daat Zkenim on Deuteronomy 9:17", 
            "ref": "Daat Zkenim on Deuteronomy 9:18", 
            "heRef": "דעת זקנים על דברים ט׳:י״ח", 
            "next": "Daat Zkenim on Deuteronomy 9:21"
        }, 
        "Daat Zkenim on Deuteronomy 9:28": {
            "content": [
                {
                    "segmentNumber": "1", 
                    "he": "<b>ומשנאתו אותם. </b>כלומר או שמא לא היה בדעתו ליתן להם \nהארץ אלא פתה אותם בדברים עד שהוציאם ממצרים והרגם כי שונא היה אותם כד\"א הנה מפתיה \nוהולכתיה המדבר והמחיה בצמא. ובלשון תלמוד יש ואוי\"ן הרבה שהן במקום או כמו חלץ ועשה \nמאמר ביבמתו שר\"ל או עשה בה מאמר: ", 
                    "links": [
                        {
                            "category": "Tanakh", 
                            "index_title": "Deuteronomy", 
                            "sourceHeRef": "דברים ט׳:כ״ח", 
                            "sourceRef": "Deuteronomy 9:28"
                        }
                    ], 
                    "text": "ומשנאתו אותם, “and because He hated them;” they reasoned that G’d may never have had the intention of giving them the land of Canaan, but He lured them into the desert out of His hatred for them, in order to let them perish in the desert.” This concept is also found in the Book of Hoseah 2,16, where the prophet speaks of G’d saying that He will punish the idol-worshipping Israelites precisely in such a manner: הנה אנכי מפתיה והולכתי המדבר והמתיה בצמא, “I will speak to her coaxingly and lead her into the wilderness and let her die through thirst. [The author misquoted parts of verses 8 and 16 in that chapter to arrive at this comparison. Ed."
                }
            ], 
            "heTitle": "דעת זקנים על דברים", 
            "indexTitle": "Daat Zkenim on Deuteronomy", 
            "sectionRef": "Daat Zkenim on Deuteronomy 9:28", 
            "prev": "Daat Zkenim on Deuteronomy 9:22", 
            "ref": "Daat Zkenim on Deuteronomy 9:28", 
            "heRef": "דעת זקנים על דברים ט׳:כ״ח", 
            "next": "Daat Zkenim on Deuteronomy 9:29"
        }, 
        "Daat Zkenim on Deuteronomy 9:29": {
            "content": [
                {
                    "segmentNumber": "1", 
                    "he": "<b>והם עמך ונחלתך. </b>לפי שהוציאם הקב\"ה מכללו \nשאמר למשה כי שחת עמך הוצרך לומר לו והם עמך ונחלתך: ", 
                    "links": [
                        {
                            "category": "Tanakh", 
                            "index_title": "Deuteronomy", 
                            "sourceHeRef": "דברים ט׳:כ״ט", 
                            "sourceRef": "Deuteronomy 9:29"
                        }, 
                        {
                            "category": "Tanakh", 
                            "index_title": "Exodus", 
                            "sourceHeRef": "שמות ל״ב:ז׳", 
                            "sourceRef": "Exodus 32:7"
                        }
                    ], 
                    "text": "והם עמך ונחלתך, “seeing that they (the Jewish people) are Your people and Your inheritance.” Moses was forced to remind G’d of this as G’d had said to him before He commanded him to go down from Mount Sinai with the two Tablets שחת עמך, “your people have become corrupted.” (Exodus 32,7)\n"
                }
            ], 
            "heTitle": "דעת זקנים על דברים", 
            "indexTitle": "Daat Zkenim on Deuteronomy", 
            "sectionRef": "Daat Zkenim on Deuteronomy 9:29", 
            "prev": "Daat Zkenim on Deuteronomy 9:28", 
            "ref": "Daat Zkenim on Deuteronomy 9:29", 
            "heRef": "דעת זקנים על דברים ט׳:כ״ט", 
            "next": "Daat Zkenim on Deuteronomy 10:1"
        }, 
        "Daat Zkenim on Deuteronomy 9:22": {
            "content": [
                {
                    "segmentNumber": "1", 
                    "he": "<b>ובתבערה. </b>הם המתאוננים דכתיב  ותבער בם אש ה'. ", 
                    "links": [
                        {
                            "category": "Tanakh", 
                            "index_title": "Deuteronomy", 
                            "sourceHeRef": "דברים ט׳:כ״ב", 
                            "sourceRef": "Deuteronomy 9:22"
                        }, 
                        {
                            "category": "Tanakh", 
                            "index_title": "Numbers", 
                            "sourceHeRef": "במדבר י״א:א׳", 
                            "sourceRef": "Numbers 11:1"
                        }
                    ], 
                    "text": "ובתבערה, “and at Tav-eyrah;” here Moses refers to what happened in Numbers 11,1 we read  ותבער בם אש ה', “and a fire from the Lord burned among them.” It consumed the people who had grumbled without spelling out their specific complaints.”"
                }, 
                {
                    "segmentNumber": "2", 
                    "he": "<b>ובמסה</b> דכתיב ויקרא שם המקום מסה ומריבה על ריב בני ישראל ועל נסותם.  ", 
                    "links": [
                        {
                            "category": "Tanakh", 
                            "index_title": "Deuteronomy", 
                            "sourceHeRef": "דברים ט׳:כ״ב", 
                            "sourceRef": "Deuteronomy 9:22"
                        }, 
                        {
                            "category": "Tanakh", 
                            "index_title": "Exodus", 
                            "sourceHeRef": "שמות י״ז:ז׳", 
                            "sourceRef": "Exodus 17:7"
                        }
                    ], 
                    "text": "ובמסה, “and at massah u’mrivah,” compare Exodus 17,7, where Moses had called this location: מסה ומריבה, “trying and strife;”"
                }, 
                {
                    "segmentNumber": "3", 
                    "he": "<b>ובקברות התאוה </b>שנתאוו לשליו: ", 
                    "links": [
                        {
                            "category": "Tanakh", 
                            "index_title": "Deuteronomy", 
                            "sourceHeRef": "דברים ט׳:כ״ב", 
                            "sourceRef": "Deuteronomy 9:22"
                        }, 
                        {
                            "category": "Tanakh", 
                            "index_title": "Numbers", 
                            "sourceHeRef": "במדבר י״א:ל״ד", 
                            "sourceRef": "Numbers 11:34"
                        }
                    ], 
                    "text": "ובקברות התאוה, “and at the graves of lusting;” a reference to Numbers 11,34, where thousands died from ravenously eating too many quails."
                }
            ], 
            "heTitle": "דעת זקנים על דברים", 
            "indexTitle": "Daat Zkenim on Deuteronomy", 
            "sectionRef": "Daat Zkenim on Deuteronomy 9:22", 
            "prev": "Daat Zkenim on Deuteronomy 9:21", 
            "ref": "Daat Zkenim on Deuteronomy 9:22", 
            "heRef": "דעת זקנים על דברים ט׳:כ״ב", 
            "next": "Daat Zkenim on Deuteronomy 9:28"
        }, 
        "Daat Zkenim on Deuteronomy 9:23": {
            "content": [], 
            "heTitle": "דעת זקנים על דברים", 
            "indexTitle": "Daat Zkenim on Deuteronomy", 
            "sectionRef": "Daat Zkenim on Deuteronomy 9:23", 
            "prev": "Daat Zkenim on Deuteronomy 9:22", 
            "ref": "Daat Zkenim on Deuteronomy 9:23", 
            "heRef": "דעת זקנים על דברים ט׳:כ״ג", 
            "next": "Daat Zkenim on Deuteronomy 9:28"
        }, 
        "Daat Zkenim on Deuteronomy 9:20": {
            "content": [], 
            "heTitle": "דעת זקנים על דברים", 
            "indexTitle": "Daat Zkenim on Deuteronomy", 
            "sectionRef": "Daat Zkenim on Deuteronomy 9:20", 
            "prev": "Daat Zkenim on Deuteronomy 9:18", 
            "ref": "Daat Zkenim on Deuteronomy 9:20", 
            "heRef": "דעת זקנים על דברים ט׳:כ׳", 
            "next": "Daat Zkenim on Deuteronomy 9:21"
        }, 
        "Daat Zkenim on Deuteronomy 9:21": {
            "content": [
                {
                    "segmentNumber": "1", 
                    "he": "<b>ואכות אותו טחון. </b>כדי שלא יהנה איש ממנו: ", 
                    "links": [
                        {
                            "category": "Tanakh", 
                            "index_title": "Deuteronomy", 
                            "sourceHeRef": "דברים ט׳:כ״א", 
                            "sourceRef": "Deuteronomy 9:21"
                        }
                    ], 
                    "text": " ואכות אותו טחון, ”I beat it into pieces grinding it into dust;” he ground it into dust so that no one could benefit from it."
                }
            ], 
            "heTitle": "דעת זקנים על דברים", 
            "indexTitle": "Daat Zkenim on Deuteronomy", 
            "sectionRef": "Daat Zkenim on Deuteronomy 9:21", 
            "prev": "Daat Zkenim on Deuteronomy 9:18", 
            "ref": "Daat Zkenim on Deuteronomy 9:21", 
            "heRef": "דעת זקנים על דברים ט׳:כ״א", 
            "next": "Daat Zkenim on Deuteronomy 9:22"
        }, 
        "Daat Zkenim on Deuteronomy 9:26": {
            "content": [], 
            "heTitle": "דעת זקנים על דברים", 
            "indexTitle": "Daat Zkenim on Deuteronomy", 
            "sectionRef": "Daat Zkenim on Deuteronomy 9:26", 
            "prev": "Daat Zkenim on Deuteronomy 9:22", 
            "ref": "Daat Zkenim on Deuteronomy 9:26", 
            "heRef": "דעת זקנים על דברים ט׳:כ״ו", 
            "next": "Daat Zkenim on Deuteronomy 9:28"
        }, 
        "Daat Zkenim on Deuteronomy 9:27": {
            "content": [], 
            "heTitle": "דעת זקנים על דברים", 
            "indexTitle": "Daat Zkenim on Deuteronomy", 
            "sectionRef": "Daat Zkenim on Deuteronomy 9:27", 
            "prev": "Daat Zkenim on Deuteronomy 9:22", 
            "ref": "Daat Zkenim on Deuteronomy 9:27", 
            "heRef": "דעת זקנים על דברים ט׳:כ״ז", 
            "next": "Daat Zkenim on Deuteronomy 9:28"
        }, 
        "Daat Zkenim on Deuteronomy 9:24": {
            "content": [], 
            "heTitle": "דעת זקנים על דברים", 
            "indexTitle": "Daat Zkenim on Deuteronomy", 
            "sectionRef": "Daat Zkenim on Deuteronomy 9:24", 
            "prev": "Daat Zkenim on Deuteronomy 9:22", 
            "ref": "Daat Zkenim on Deuteronomy 9:24", 
            "heRef": "דעת זקנים על דברים ט׳:כ״ד", 
            "next": "Daat Zkenim on Deuteronomy 9:28"
        }, 
        "Daat Zkenim on Deuteronomy 9:25": {
            "content": [], 
            "heTitle": "דעת זקנים על דברים", 
            "indexTitle": "Daat Zkenim on Deuteronomy", 
            "sectionRef": "Daat Zkenim on Deuteronomy 9:25", 
            "prev": "Daat Zkenim on Deuteronomy 9:22", 
            "ref": "Daat Zkenim on Deuteronomy 9:25", 
            "heRef": "דעת זקנים על דברים ט׳:כ״ה", 
            "next": "Daat Zkenim on Deuteronomy 9:28"
        }, 
        "Daat Zkenim on Deuteronomy 9:9": {
            "content": [
                {
                    "segmentNumber": "1", 
                    "he": "<b>לחות אבנים. </b>כל מי שאינו עושה לחייו כאבן הזה לעסוק בתורה \nאינו זוכה לדברי תורה. ד\"א אבנים שרובן של מיתות האמורות בתורה הן בסקילת אבנים. ד\"א בזכות \nיעקב שנא' משם רועה אבן ישראל. ד\"א בזכות בית המקדש שנא' הנני יסד בציון אבן ר' שמעון אומר \nבזכותו של מלך המשיח שנא' בו חזה הוית עד די אתגזרת אבן די לא בידין: ", 
                    "links": [
                        {
                            "category": "Tanakh", 
                            "index_title": "Deuteronomy", 
                            "sourceHeRef": "דברים ט׳:ט׳", 
                            "sourceRef": "Deuteronomy 9:9"
                        }, 
                        {
                            "category": "Tanakh", 
                            "index_title": "Genesis", 
                            "sourceHeRef": "בראשית מ״ט:כ״ד", 
                            "sourceRef": "Genesis 49:24"
                        }, 
                        {
                            "category": "Tanakh", 
                            "index_title": "Daniel", 
                            "sourceHeRef": "דניאל ב׳:ל״ד", 
                            "sourceRef": "Daniel 2:34"
                        }
                    ], 
                    "text": "לוחות אבנים, “Tablets hewn of stone.” Anyone who does not make his jaws hard as stone in order to study Torah, will not truly merit the Torah. Or; most death penalties decreed by the Torah involve the stoning of the victim. Still another interpretation: the Jewish people received the Tablets through the merit of Yaakov who has been described as אבן ישראל משם רועה, “from thence the shepherd, stone of Israel.” (Genesis 49,24) A further interpretation; it is due to the merit of the Temple.” Rabbi Shimon says it is because of the merit of the King Messiah. He bases himself on a verse in the Book of Daniel: 2,34, חזה הוית עד די אתגזרת אבן די לא בידין, “as you watched a stone was hewn without hands;” (compare Tanchuma, section 10 on our portion)\n"
                }
            ], 
            "heTitle": "דעת זקנים על דברים", 
            "indexTitle": "Daat Zkenim on Deuteronomy", 
            "sectionRef": "Daat Zkenim on Deuteronomy 9:9", 
            "prev": "Daat Zkenim on Deuteronomy 8:7", 
            "ref": "Daat Zkenim on Deuteronomy 9:9", 
            "heRef": "דעת זקנים על דברים ט׳:ט׳", 
            "next": "Daat Zkenim on Deuteronomy 9:11"
        }, 
        "Daat Zkenim on Deuteronomy 9:8": {
            "content": [], 
            "heTitle": "דעת זקנים על דברים", 
            "indexTitle": "Daat Zkenim on Deuteronomy", 
            "sectionRef": "Daat Zkenim on Deuteronomy 9:8", 
            "prev": "Daat Zkenim on Deuteronomy 8:7", 
            "ref": "Daat Zkenim on Deuteronomy 9:8", 
            "heRef": "דעת זקנים על דברים ט׳:ח׳", 
            "next": "Daat Zkenim on Deuteronomy 9:9"
        }, 
        "Daat Zkenim on Deuteronomy 9:3": {
            "content": [], 
            "heTitle": "דעת זקנים על דברים", 
            "indexTitle": "Daat Zkenim on Deuteronomy", 
            "sectionRef": "Daat Zkenim on Deuteronomy 9:3", 
            "prev": "Daat Zkenim on Deuteronomy 8:7", 
            "ref": "Daat Zkenim on Deuteronomy 9:3", 
            "heRef": "דעת זקנים על דברים ט׳:ג׳", 
            "next": "Daat Zkenim on Deuteronomy 9:9"
        }, 
        "Daat Zkenim on Deuteronomy 9:2": {
            "content": [], 
            "heTitle": "דעת זקנים על דברים", 
            "indexTitle": "Daat Zkenim on Deuteronomy", 
            "sectionRef": "Daat Zkenim on Deuteronomy 9:2", 
            "prev": "Daat Zkenim on Deuteronomy 8:7", 
            "ref": "Daat Zkenim on Deuteronomy 9:2", 
            "heRef": "דעת זקנים על דברים ט׳:ב׳", 
            "next": "Daat Zkenim on Deuteronomy 9:9"
        }, 
        "Daat Zkenim on Deuteronomy 9:1": {
            "content": [], 
            "heTitle": "דעת זקנים על דברים", 
            "indexTitle": "Daat Zkenim on Deuteronomy", 
            "sectionRef": "Daat Zkenim on Deuteronomy 9:1", 
            "prev": "Daat Zkenim on Deuteronomy 8:7", 
            "ref": "Daat Zkenim on Deuteronomy 9:1", 
            "heRef": "דעת זקנים על דברים ט׳:א׳", 
            "next": "Daat Zkenim on Deuteronomy 9:9"
        }, 
        "Daat Zkenim on Deuteronomy 9:7": {
            "content": [], 
            "heTitle": "דעת זקנים על דברים", 
            "indexTitle": "Daat Zkenim on Deuteronomy", 
            "sectionRef": "Daat Zkenim on Deuteronomy 9:7", 
            "prev": "Daat Zkenim on Deuteronomy 8:7", 
            "ref": "Daat Zkenim on Deuteronomy 9:7", 
            "heRef": "דעת זקנים על דברים ט׳:ז׳", 
            "next": "Daat Zkenim on Deuteronomy 9:9"
        }, 
        "Daat Zkenim on Deuteronomy 9:6": {
            "content": [], 
            "heTitle": "דעת זקנים על דברים", 
            "indexTitle": "Daat Zkenim on Deuteronomy", 
            "sectionRef": "Daat Zkenim on Deuteronomy 9:6", 
            "prev": "Daat Zkenim on Deuteronomy 8:7", 
            "ref": "Daat Zkenim on Deuteronomy 9:6", 
            "heRef": "דעת זקנים על דברים ט׳:ו׳", 
            "next": "Daat Zkenim on Deuteronomy 9:9"
        }, 
        "Daat Zkenim on Deuteronomy 9:5": {
            "content": [], 
            "heTitle": "דעת זקנים על דברים", 
            "indexTitle": "Daat Zkenim on Deuteronomy", 
            "sectionRef": "Daat Zkenim on Deuteronomy 9:5", 
            "prev": "Daat Zkenim on Deuteronomy 8:7", 
            "ref": "Daat Zkenim on Deuteronomy 9:5", 
            "heRef": "דעת זקנים על דברים ט׳:ה׳", 
            "next": "Daat Zkenim on Deuteronomy 9:9"
        }, 
        "Daat Zkenim on Deuteronomy 9:4": {
            "content": [], 
            "heTitle": "דעת זקנים על דברים", 
            "indexTitle": "Daat Zkenim on Deuteronomy", 
            "sectionRef": "Daat Zkenim on Deuteronomy 9:4", 
            "prev": "Daat Zkenim on Deuteronomy 8:7", 
            "ref": "Daat Zkenim on Deuteronomy 9:4", 
            "heRef": "דעת זקנים על דברים ט׳:ד׳", 
            "next": "Daat Zkenim on Deuteronomy 9:9"
        }
    }, 
    "ref": "Daat Zkenim on Deuteronomy 9"
}