[{
    "links": [
        [
            "86b:1", 
            "Rashi on Chullin 86b:1:1", 
            "Commentary"
        ], 
        [
            "86b:1", 
            "Tosafot on Chullin 86b:1:1", 
            "Commentary"
        ], 
        [
            "86b:2", 
            "Tosafot on Chullin 86b:2:1", 
            "Commentary"
        ], 
        [
            "86b:2", 
            "Rashi on Chullin 86b:2:1", 
            "Commentary"
        ], 
        [
            "86b:2", 
            "Rashi on Chullin 86b:2:1", 
            "Commentary"
        ], 
        [
            "86b:2", 
            "Rashi on Chullin 86b:2:2", 
            "Commentary"
        ], 
        [
            "86b:2", 
            "Rashi on Chullin 86b:2:2", 
            "Commentary"
        ], 
        [
            "86b:4", 
            "Rashi on Chullin 86b:4:1", 
            "Commentary"
        ], 
        [
            "86b:4", 
            "Rashi on Chullin 86b:4:1", 
            "Commentary"
        ], 
        [
            "86b:8", 
            "Rashi on Chullin 86b:8:1", 
            "Commentary"
        ], 
        [
            "86b:13", 
            "Rashi on Chullin 86b:13:1", 
            "Commentary"
        ], 
        [
            "86b:13", 
            "Rashi on Chullin 86b:13:1", 
            "Commentary"
        ], 
        [
            "86b:21-24", 
            "Mishnah Chullin 6:4", 
            "Mishnah"
        ], 
        [
            "86b:21", 
            "Rashi on Chullin 86b:21:1", 
            "Commentary"
        ], 
        [
            "86b:25", 
            "Rashi on Chullin 86b:25:1", 
            "Commentary"
        ], 
        [
            "86b:26", 
            "Rashi on Chullin 86b:26:1", 
            "Commentary"
        ], 
        [
            "86b:26", 
            "Rashi on Chullin 86b:26:2", 
            "Commentary"
        ], 
        [
            "86b:26", 
            "Rashi on Chullin 86b:26:3", 
            "Commentary"
        ], 
        [
            "86b:32", 
            "Leviticus 17:13", 
            "Tanach"
        ], 
        [
            "86b:32", 
            "Rashi on Chullin 86b:32:1", 
            "Commentary"
        ], 
        [
            "86b:34", 
            "Leviticus 17:14", 
            "Tanach"
        ], 
        [
            "86b:37", 
            "Rashi on Chullin 86b:37:1", 
            "Commentary"
        ], 
        [
            "86b:38", 
            "Tosafot on Chullin 86b:38:1", 
            "Commentary"
        ], 
        [
            "86b:42", 
            "Rashi on Chullin 86b:42:1", 
            "Commentary"
        ], 
        [
            "86b:45", 
            "Rashi on Chullin 86b:45:1", 
            "Commentary"
        ], 
        [
            "86b:47", 
            "Rashi on Chullin 86b:47:1", 
            "Commentary"
        ], 
        [
            "86b:47", 
            "Rashi on Chullin 86b:47:2", 
            "Commentary"
        ], 
        [
            "86b:49", 
            "Tosafot on Chullin 86b:49:1", 
            "Commentary"
        ], 
        [
            "86b:52", 
            "Rashi on Chullin 86b:52:1", 
            "Commentary"
        ], 
        [
            "86b", 
            "Tosafot on Ketubot 13b:44:1", 
            "Quoting Commentary"
        ], 
        [
            "86b", 
            "Tosafot on Bava Kamma 100b:1:1", 
            "Quoting Commentary"
        ], 
        [
            "86b", 
            "Gevurot Hashem 49:7", 
            "Philosophy"
        ], 
        [
            "86b", 
            "Rif Pesachim 24a:1", 
            "Talmud"
        ], 
        [
            "86b", 
            "Tosafot on Menachot 36a:2:1", 
            "Quoting Commentary"
        ]
    ], 
    "text": [], 
    "heTitleVariants": [
        "חולין"
    ], 
    "heTitle": "חולין פ״ו ב", 
    "heRef": "חולין פ״ו ב", 
    "toSections": [
        "86b"
    ], 
    "sectionRef": "Chullin 86b", 
    "title": "Chullin 86b", 
    "lengths": [
        281, 
        13642
    ], 
    "next": "Chullin 87a", 
    "heBook": "חולין", 
    "book": "Chullin", 
    "prev": "Chullin 86a", 
    "textDepth": 2, 
    "sectionNames": [
        "Daf", 
        "Line"
    ], 
    "sections": [
        "86b"
    ], 
    "isComplex": false, 
    "titleVariants": [
        "Chullin", 
        "Tractate Chullin", 
        "Talmud Chullin", 
        "Masekhet Chullin"
    ], 
    "categories": [
        "Talmud", 
        "Bavli", 
        "Seder Kodashim"
    ], 
    "he": [
        "סמוך מיעוטא לחזקה ואיתרע ליה רובא", 
        "אם אמרו ספק טומאה לטהר יאמרו ספק איסור להתיר", 
        "הורה רבי כר\"מ והורה רבי כחכמים", 
        "הי מינייהו דאחריתא", 
        "תא שמע", 
        "דרבי אבא בריה דרבי חייא בר אבא ורבי זירא הוו קיימי בשוקא דקיסרי אפתחא דבי מדרשא", 
        "נפק רבי אמי אשכחינהו אמר להו", 
        "לאו אמינא לכו בעידן בי מדרשא לא תקימו אבראי דילמא איכא אינש דמיצטרכא ליה שמעתא ואתי לאיטרודי", 
        "רבי זירא על רבי אבא לא על", 
        "יתבי וקא מיבעיא להו", 
        "הי מינייהו אחריתא", 
        "אמר להו רבי זירא", 
        "לא שבקתון לי דאישייליה לסבא דילמא שמיע ליה מאבוה ואבוה מיניה דרבי יוחנן", 
        "דרבי חייא בר אבא כל תלתין יומין קא מהדר תלמודיה קמיה דר' יוחנן", 
        "מאי הוי עלה", 
        "תא שמע דשלח רבי אלעזר לגולה", 
        "הורה רבי כר' מאיר", 
        "והא כרבנן נמי אורי", 
        "אלא לאו ש\"מ", 
        "הא דאחריתא ש\"מ:", 
        "<big><strong>מתני׳</strong></big> שחט מאה חיות במקום אחד כסוי אחד לכולן מאה עופות במקום אחד כסוי אחד לכולן", 
        "חיה ועוף במקום אחד כסוי אחד לכולן", 
        "רבי יהודה אומר", 
        "שחט חיה יכסנה ואח\"כ ישחוט את העוף:", 
        "<big><strong>גמ׳</strong></big> ת\"ר", 
        "חיה כל משמע חיה בין מרובה ובין מועטת", 
        "עוף כל משמע עוף בין מרובה ובין מועט", 
        "מכאן אמרו", 
        "שחט מאה חיות במקום אחד כסוי אחד לכולן מאה עופות במקום אחד כסוי אחד לכולן חיה ועוף במקום אחד כסוי אחד לכולן", 
        "רבי יהודה אומר", 
        "שחט חיה יכסנה ואחר כך ישחוט את העוף שנאמר", 
        "(ויקרא יז, יג) חיה או עוף", 
        "אמרו לו", 
        "הרי הוא אומר (ויקרא יז, יד) כי נפש כל בשר דמו בנפשו הוא", 
        "מאי קא מהדרי לי", 
        " הכי קאמרי ליה רבנן", 
        "האי או מיבעי ליה לחלק", 
        "ור' יהודה לחלק מדמו נפקא", 
        "ורבנן דמו טובא משמע דכתיב", 
        "כי נפש כל בשר דמו בנפשו הוא", 
        "א\"ר חנינא", 
        "מודה היה רבי יהודה לענין ברכה שאינו מברך אלא ברכה אחת", 
        "א\"ל רבינא לרב אחא בריה דרבא ואמרי לה רב אחא בריה דרבא לרב אשי", 
        "מאי שנא מתלמידי דרב", 
        "דרב ברונא ורב חננאל תלמידי דרב הוו יתבי בסעודתא קאי עלייהו רב ייבא סבא", 
        "אמרו ליה", 
        "הב ליבריך", 
        "הדור אמרו ליה", 
        "הב לישתי", 
        "אמר להו רב ייבא סבא הכי אמר רב", 
        "כיון דאמר הב ליבריך איתסר ליה למשתי חמרא", 
        "הכא נמי כיון דאיטפל ליה לכסוי איחייב ליה לברכה"
    ], 
    "ref": "Chullin 86b", 
    "type": "Talmud", 
    "addressTypes": [
        "Talmud", 
        "Integer"
    ], 
    "length": 281, 
    "indexTitle": "Chullin", 
    "heIndexTitle": "חולין", 
    "alts": [], 
    "order": [
        30, 
        3
    ]
}]