{
    "heTitleVariants": [
        "חולין"
    ], 
    "heTitle": "חולין קל״ג א", 
    "content": [
        {
            "segmentNumber": "1", 
            "he": "וקבלות הזאות והשקאת סוטה ועריפת עגלה ערופה וטהרת מצורע ונשיאות כפים בין מבפנים בין מבחוץ תלמוד לומר מבני אהרן עבודה האמורה לבני אהרן", 
            "links": [
                {
                    "category": "Commentary", 
                    "sourceHeRef": "תוספות על חולין קל״ג א:א׳:א׳", 
                    "index_title": "Tosafot on Chullin", 
                    "sourceRef": "Tosafot on Chullin 133a:1:1"
                }, 
                {
                    "category": "Commentary", 
                    "sourceHeRef": "רש\"י על חולין קל״ג א:א׳:א׳", 
                    "index_title": "Rashi on Chullin", 
                    "sourceRef": "Rashi on Chullin 133a:1:1"
                }, 
                {
                    "category": "Commentary", 
                    "sourceHeRef": "רש\"י על חולין קל״ג א:א׳:ב׳", 
                    "index_title": "Rashi on Chullin", 
                    "sourceRef": "Rashi on Chullin 133a:1:2"
                }, 
                {
                    "category": "Commentary", 
                    "sourceHeRef": "רש\"י על חולין קל״ג א:א׳:ג׳", 
                    "index_title": "Rashi on Chullin", 
                    "sourceRef": "Rashi on Chullin 133a:1:3"
                }, 
                {
                    "category": "Commentary", 
                    "sourceHeRef": "רש\"י על חולין קל״ג א:א׳:ד׳", 
                    "index_title": "Rashi on Chullin", 
                    "sourceRef": "Rashi on Chullin 133a:1:4"
                }, 
                {
                    "category": "Commentary", 
                    "sourceHeRef": "רש\"י על חולין קל״ג א:א׳:ה׳", 
                    "index_title": "Rashi on Chullin", 
                    "sourceRef": "Rashi on Chullin 133a:1:5"
                }, 
                {
                    "category": "Commentary", 
                    "sourceHeRef": "רש\"י על חולין קל״ג א:א׳:ו׳", 
                    "index_title": "Rashi on Chullin", 
                    "sourceRef": "Rashi on Chullin 133a:1:6"
                }, 
                {
                    "category": "Commentary", 
                    "sourceHeRef": "רש\"י על חולין קל״ג א:א׳:ז׳", 
                    "index_title": "Rashi on Chullin", 
                    "sourceRef": "Rashi on Chullin 133a:1:7"
                }, 
                {
                    "category": "Commentary", 
                    "sourceHeRef": "תוספות על חולין קל״ג א:א׳:ב׳", 
                    "index_title": "Tosafot on Chullin", 
                    "sourceRef": "Tosafot on Chullin 133a:1:2"
                }
            ], 
            "text": ""
        }, 
        {
            "segmentNumber": "2", 
            "he": "וכל כהן שאינו מודה בה אין לו חלק בכהונה", 
            "links": [], 
            "text": ""
        }, 
        {
            "segmentNumber": "3", 
            "he": "טעמא דאינו מודה בה הא מודה בה אע\"ג דאינו בקי בהן", 
            "links": [], 
            "text": ""
        }, 
        {
            "segmentNumber": "4", 
            "he": "אמר ר' אבא אמר רב הונא אמר רב", 
            "links": [], 
            "text": ""
        }, 
        {
            "segmentNumber": "5", 
            "he": "חוטין שבלחי אסורים וכל כהן שאינו יודע ליטלן אין נותנין לו מתנה", 
            "links": [
                {
                    "category": "Commentary", 
                    "sourceHeRef": "רש\"י על חולין קל״ג א:ה׳:א׳", 
                    "index_title": "Rashi on Chullin", 
                    "sourceRef": "Rashi on Chullin 133a:5:1"
                }
            ], 
            "text": ""
        }, 
        {
            "segmentNumber": "6", 
            "he": "ולא היא אי בטויא מידב דייבי", 
            "links": [
                {
                    "category": "Commentary", 
                    "sourceHeRef": "רש\"י על חולין קל״ג א:ו׳:א׳", 
                    "index_title": "Rashi on Chullin", 
                    "sourceRef": "Rashi on Chullin 133a:6:1"
                }
            ], 
            "text": ""
        }, 
        {
            "segmentNumber": "7", 
            "he": "ואי לקדרה אי דמיחתך להו ומלח להו מידב דייבי", 
            "links": [
                {
                    "category": "Commentary", 
                    "sourceHeRef": "רשב״א על חולין קל״ג א:א׳", 
                    "index_title": "Rashba on Chullin", 
                    "sourceRef": "Rashba on Chullin 133a:1"
                }
            ], 
            "text": ""
        }, 
        {
            "segmentNumber": "8", 
            "he": "אמר רבא בדק לן רב יוסף", 
            "links": [
                {
                    "category": "Commentary", 
                    "sourceHeRef": "רש\"י על חולין קל״ג א:ח׳:א׳", 
                    "index_title": "Rashi on Chullin", 
                    "sourceRef": "Rashi on Chullin 133a:8:1"
                }, 
                {
                    "category": "Commentary", 
                    "sourceHeRef": " פסקי הראש על חולין ט׳:ז׳:א׳", 
                    "index_title": "Rosh on Chullin", 
                    "sourceRef": "Rosh on Chullin 9:7:1"
                }
            ], 
            "text": ""
        }, 
        {
            "segmentNumber": "9", 
            "he": "האי כהנא דחטיף מתנתא חבובי קא מחבב מצוה או זלזולי קא מזלזל במצוה", 
            "links": [
                {
                    "category": "Commentary", 
                    "sourceHeRef": "רש\"י על חולין קל״ג א:ט׳:א׳", 
                    "index_title": "Rashi on Chullin", 
                    "sourceRef": "Rashi on Chullin 133a:9:1"
                }
            ], 
            "text": ""
        }, 
        {
            "segmentNumber": "10", 
            "he": "ופשטנא ליה", 
            "links": [], 
            "text": ""
        }, 
        {
            "segmentNumber": "11", 
            "he": "(דברים יח, ג) ונתן ולא שיטול מעצמו", 
            "links": [
                {
                    "category": "Tanakh", 
                    "sourceHeRef": "דברים י״ח:ג׳", 
                    "index_title": "Deuteronomy", 
                    "sourceRef": "Deuteronomy 18:3"
                }
            ], 
            "text": ""
        }, 
        {
            "segmentNumber": "12", 
            "he": "אמר אביי", 
            "links": [], 
            "text": ""
        }, 
        {
            "segmentNumber": "13", 
            "he": "מריש הוה חטיפנא מתנתא אמינא חבובי קא מחביבנא מצוה", 
            "links": [
                {
                    "category": "Commentary", 
                    "sourceHeRef": "רש\"י על חולין קל״ג א:י״ג:א׳", 
                    "index_title": "Rashi on Chullin", 
                    "sourceRef": "Rashi on Chullin 133a:13:1"
                }
            ], 
            "text": ""
        }, 
        {
            "segmentNumber": "14", 
            "he": "כיון דשמענא להא ונתן ולא שיטול מעצמו מיחטף לא חטיפנא", 
            "links": [
                {
                    "category": "Commentary", 
                    "sourceHeRef": "רש\"י על חולין קל״ג א:י״ד:א׳", 
                    "index_title": "Rashi on Chullin", 
                    "sourceRef": "Rashi on Chullin 133a:14:1"
                }
            ], 
            "text": ""
        }, 
        {
            "segmentNumber": "15", 
            "he": "מימר אמרי", 
            "links": [
                {
                    "category": "Commentary", 
                    "sourceHeRef": "רש\"י על חולין קל״ג א:ט״ו:א׳", 
                    "index_title": "Rashi on Chullin", 
                    "sourceRef": "Rashi on Chullin 133a:15:1"
                }
            ], 
            "text": ""
        }, 
        {
            "segmentNumber": "16", 
            "he": "הבו לי", 
            "links": [], 
            "text": ""
        }, 
        {
            "segmentNumber": "17", 
            "he": "וכיון דשמענא להא דתניא", 
            "links": [], 
            "text": ""
        }, 
        {
            "segmentNumber": "18", 
            "he": "(שמואל א ח, ג) ויטו אחרי הבצע ר' מאיר אומר", 
            "links": [
                {
                    "category": "Tanakh", 
                    "sourceHeRef": "שמואל א ח׳:ג׳", 
                    "index_title": "I Samuel", 
                    "sourceRef": "I Samuel 8:3"
                }
            ], 
            "text": ""
        }, 
        {
            "segmentNumber": "19", 
            "he": "בני שמואל חלקם שאלו בפיהם מימר נמי לא אמינא ואי יהבו לי שקילנא", 
            "links": [
                {
                    "category": "Commentary", 
                    "sourceHeRef": "רש\"י על חולין קל״ג א:י״ט:א׳", 
                    "index_title": "Rashi on Chullin", 
                    "sourceRef": "Rashi on Chullin 133a:19:1"
                }, 
                {
                    "category": "Commentary", 
                    "sourceHeRef": "רש\"י על חולין קל״ג א:י״ט:א׳", 
                    "index_title": "Rashi on Chullin", 
                    "sourceRef": "Rashi on Chullin 133a:19:1"
                }
            ], 
            "text": ""
        }, 
        {
            "segmentNumber": "20", 
            "he": "כיון דשמענא להא דתניא", 
            "links": [], 
            "text": ""
        }, 
        {
            "segmentNumber": "21", 
            "he": "הצנועים מושכין את ידיהם והגרגרנים חולקים משקל נמי לא שקילנא לבר ממעלי יומא דכיפורי לאחזוקי נפשאי בכהני", 
            "links": [
                {
                    "category": "Commentary", 
                    "sourceHeRef": "רש\"י על חולין קל״ג א:כ״א:א׳", 
                    "index_title": "Rashi on Chullin", 
                    "sourceRef": "Rashi on Chullin 133a:21:1"
                }, 
                {
                    "category": "Commentary", 
                    "sourceHeRef": "תוספות על חולין קל״ג א:כ״א:א׳", 
                    "index_title": "Tosafot on Chullin", 
                    "sourceRef": "Tosafot on Chullin 133a:21:1"
                }, 
                {
                    "category": "Commentary", 
                    "sourceHeRef": "תוספות על חולין קל״ג א:כ״א:ב׳", 
                    "index_title": "Tosafot on Chullin", 
                    "sourceRef": "Tosafot on Chullin 133a:21:2"
                }, 
                {
                    "category": "Commentary", 
                    "sourceHeRef": "רש\"י על חולין קל״ג א:כ״א:ב׳", 
                    "index_title": "Rashi on Chullin", 
                    "sourceRef": "Rashi on Chullin 133a:21:2"
                }, 
                {
                    "category": "Commentary", 
                    "sourceHeRef": "רש\"י על חולין קל״ג א:כ״א:ב׳", 
                    "index_title": "Rashi on Chullin", 
                    "sourceRef": "Rashi on Chullin 133a:21:2"
                }
            ], 
            "text": ""
        }, 
        {
            "segmentNumber": "22", 
            "he": "ולפרוס ידיה", 
            "links": [
                {
                    "category": "Commentary", 
                    "sourceHeRef": "רש\"י על חולין קל״ג א:כ״ב:א׳", 
                    "index_title": "Rashi on Chullin", 
                    "sourceRef": "Rashi on Chullin 133a:22:1"
                }
            ], 
            "text": ""
        }, 
        {
            "segmentNumber": "23", 
            "he": "אנסיה ליה עידניה", 
            "links": [
                {
                    "category": "Commentary", 
                    "sourceHeRef": "רש\"י על חולין קל״ג א:כ״ג:א׳", 
                    "index_title": "Rashi on Chullin", 
                    "sourceRef": "Rashi on Chullin 133a:23:1"
                }
            ], 
            "text": ""
        }, 
        {
            "segmentNumber": "24", 
            "he": "אמר רב יוסף", 
            "links": [], 
            "text": ""
        }, 
        {
            "segmentNumber": "25", 
            "he": "האי כהנא דאית ליה צורבא מרבנן בשבבותיה ודחיקא ליה מילתא ליזכי ליה מתנתא", 
            "links": [
                {
                    "category": "Commentary", 
                    "sourceHeRef": "רש\"י על חולין קל״ג א:כ״ה:א׳", 
                    "index_title": "Rashi on Chullin", 
                    "sourceRef": "Rashi on Chullin 133a:25:1"
                }
            ], 
            "text": ""
        }, 
        {
            "segmentNumber": "26", 
            "he": "ואף על גב דלא אתי לידיה במכרי כהונה ולויה", 
            "links": [
                {
                    "category": "Commentary", 
                    "sourceHeRef": "רש\"י על חולין קל״ג א:כ״ו:א׳", 
                    "index_title": "Rashi on Chullin", 
                    "sourceRef": "Rashi on Chullin 133a:26:1"
                }, 
                {
                    "category": "Commentary", 
                    "sourceHeRef": "רש\"י על חולין קל״ג א:כ״ו:ב׳", 
                    "index_title": "Rashi on Chullin", 
                    "sourceRef": "Rashi on Chullin 133a:26:2"
                }
            ], 
            "text": ""
        }, 
        {
            "segmentNumber": "27", 
            "he": "רבא ורב ספרא איקלעו לבי מר יוחנא בריה דרב חנא בר אדא ואמרי לה לבי מר יוחנא בריה דרב חנא בר ביזנא", 
            "links": [], 
            "text": ""
        }, 
        {
            "segmentNumber": "28", 
            "he": "עביד להו עגלא תילתא", 
            "links": [], 
            "text": ""
        }, 
        {
            "segmentNumber": "29", 
            "he": "א\"ל רבא לשמעיה", 
            "links": [
                {
                    "category": "Commentary", 
                    "sourceHeRef": "רש\"י על חולין קל״ג א:כ״ט:א׳", 
                    "index_title": "Rashi on Chullin", 
                    "sourceRef": "Rashi on Chullin 133a:29:1"
                }, 
                {
                    "category": "Commentary", 
                    "sourceHeRef": "תוספות על חולין קל״ג א:כ״ט:א׳", 
                    "index_title": "Tosafot on Chullin", 
                    "sourceRef": "Tosafot on Chullin 133a:29:1"
                }
            ], 
            "text": ""
        }, 
        {
            "segmentNumber": "30", 
            "he": "זכי לן מתנתא דבעינא למיכל לישנא בחרדלא", 
            "links": [
                {
                    "category": "Commentary", 
                    "sourceHeRef": "רש\"י על חולין קל״ג א:ל׳:א׳", 
                    "index_title": "Rashi on Chullin", 
                    "sourceRef": "Rashi on Chullin 133a:30:1"
                }
            ], 
            "text": ""
        }, 
        {
            "segmentNumber": "31", 
            "he": "זכי ליה", 
            "links": [], 
            "text": ""
        }, 
        {
            "segmentNumber": "32", 
            "he": "רבא אכל ורב ספרא לא אכל", 
            "links": [
                {
                    "category": "Commentary", 
                    "sourceHeRef": "רש\"י על חולין קל״ג א:ל״ב:א׳", 
                    "index_title": "Rashi on Chullin", 
                    "sourceRef": "Rashi on Chullin 133a:32:1"
                }, 
                {
                    "category": "Commentary", 
                    "sourceHeRef": "רש\"י על חולין קל״ג א:ל״ב:א׳", 
                    "index_title": "Rashi on Chullin", 
                    "sourceRef": "Rashi on Chullin 133a:32:1"
                }
            ], 
            "text": ""
        }, 
        {
            "segmentNumber": "33", 
            "he": "אקריוה לרב ספרא בחלמא", 
            "links": [], 
            "text": ""
        }, 
        {
            "segmentNumber": "34", 
            "he": "(משלי כה, כ) מעדה בגד ביום קרה חומץ על נתר ושר בשירים על לב רע", 
            "links": [
                {
                    "category": "Tanakh", 
                    "sourceHeRef": "משלי כ״ה:כ׳", 
                    "index_title": "Proverbs", 
                    "sourceRef": "Proverbs 25:20"
                }, 
                {
                    "category": "Commentary", 
                    "sourceHeRef": "רש\"י על חולין קל״ג א:ל״ד:א׳", 
                    "index_title": "Rashi on Chullin", 
                    "sourceRef": "Rashi on Chullin 133a:34:1"
                }, 
                {
                    "category": "Commentary", 
                    "sourceHeRef": "רש\"י על חולין קל״ג א:ל״ד:ב׳", 
                    "index_title": "Rashi on Chullin", 
                    "sourceRef": "Rashi on Chullin 133a:34:2"
                }, 
                {
                    "category": "Commentary", 
                    "sourceHeRef": "רש\"י על חולין קל״ג א:ל״ד:ג׳", 
                    "index_title": "Rashi on Chullin", 
                    "sourceRef": "Rashi on Chullin 133a:34:3"
                }
            ], 
            "text": ""
        }, 
        {
            "segmentNumber": "35", 
            "he": "אתא לקמיה דרב יוסף א\"ל", 
            "links": [], 
            "text": ""
        }, 
        {
            "segmentNumber": "36", 
            "he": "דלמא משום דעברי אשמעתא דמר אקריין הכי", 
            "links": [
                {
                    "category": "Commentary", 
                    "sourceHeRef": "רש\"י על חולין קל״ג א:ל״ו:א׳", 
                    "index_title": "Rashi on Chullin", 
                    "sourceRef": "Rashi on Chullin 133a:36:1"
                }, 
                {
                    "category": "Commentary", 
                    "sourceHeRef": "רש\"י על חולין קל״ג א:ל״ו:א׳", 
                    "index_title": "Rashi on Chullin", 
                    "sourceRef": "Rashi on Chullin 133a:36:1"
                }
            ], 
            "text": ""
        }, 
        {
            "segmentNumber": "37", 
            "he": "אמר ליה", 
            "links": [], 
            "text": ""
        }, 
        {
            "segmentNumber": "38", 
            "he": "כי אמרי אנא באחר שמעא בעל כרחיה מזכי", 
            "links": [
                {
                    "category": "Commentary", 
                    "sourceHeRef": "רש\"י על חולין קל״ג א:ל״ח:א׳", 
                    "index_title": "Rashi on Chullin", 
                    "sourceRef": "Rashi on Chullin 133a:38:1"
                }
            ], 
            "text": ""
        }, 
        {
            "segmentNumber": "39", 
            "he": "וכי אמרי אנא למאן דלא אפשר ליה הא אפשר ליה", 
            "links": [
                {
                    "category": "Commentary", 
                    "sourceHeRef": "רש\"י על חולין קל״ג א:ל״ט:א׳", 
                    "index_title": "Rashi on Chullin", 
                    "sourceRef": "Rashi on Chullin 133a:39:1"
                }
            ], 
            "text": ""
        }, 
        {
            "segmentNumber": "40", 
            "he": "ואלא מ\"ט אקריין הכי", 
            "links": [
                {
                    "category": "Commentary", 
                    "sourceHeRef": "רש\"י על חולין קל״ג א:מ׳:א׳", 
                    "index_title": "Rashi on Chullin", 
                    "sourceRef": "Rashi on Chullin 133a:40:1"
                }
            ], 
            "text": ""
        }, 
        {
            "segmentNumber": "41", 
            "he": "כלפי רבא", 
            "links": [
                {
                    "category": "Commentary", 
                    "sourceHeRef": "רש\"י על חולין קל״ג א:מ״א:א׳", 
                    "index_title": "Rashi on Chullin", 
                    "sourceRef": "Rashi on Chullin 133a:41:1"
                }
            ], 
            "text": ""
        }, 
        {
            "segmentNumber": "42", 
            "he": "ולקריין לרבא", 
            "links": [], 
            "text": ""
        }, 
        {
            "segmentNumber": "43", 
            "he": "רבא נזוף הוה", 
            "links": [
                {
                    "category": "Commentary", 
                    "sourceHeRef": "רש\"י על חולין קל״ג א:מ״ג:א׳", 
                    "index_title": "Rashi on Chullin", 
                    "sourceRef": "Rashi on Chullin 133a:43:1"
                }
            ], 
            "text": ""
        }, 
        {
            "segmentNumber": "44", 
            "he": "א\"ל אביי לרב דימי", 
            "links": [], 
            "text": ""
        }, 
        {
            "segmentNumber": "45", 
            "he": "ופשטיה דקרא במאי כתיב", 
            "links": [
                {
                    "category": "Commentary", 
                    "sourceHeRef": " פסקי הראש על חולין ט׳:ח׳:א׳", 
                    "index_title": "Rosh on Chullin", 
                    "sourceRef": "Rosh on Chullin 9:8:1"
                }, 
                {
                    "category": "Commentary", 
                    "sourceHeRef": " חידושי אגדות על מסכת חולין קל״ג א:א׳", 
                    "index_title": "Chidushei Agadot on Chullin", 
                    "sourceRef": "Chidushei Agadot on Chullin 133a:1"
                }
            ], 
            "text": ""
        }, 
        {
            "segmentNumber": "46", 
            "he": "א\"ל", 
            "links": [
                {
                    "category": "Commentary", 
                    "sourceHeRef": " חידושי אגדות על מסכת חולין קל״ג א:ג׳", 
                    "index_title": "Chidushei Agadot on Chullin", 
                    "sourceRef": "Chidushei Agadot on Chullin 133a:3"
                }
            ], 
            "text": ""
        }, 
        {
            "segmentNumber": "47", 
            "he": "בשונה לתלמיד שאינו הגון", 
            "links": [], 
            "text": ""
        }, 
        {
            "segmentNumber": "48", 
            "he": "דאמר רב יהודה אמר רב", 
            "links": [], 
            "text": ""
        }, 
        {
            "segmentNumber": "49", 
            "he": "כל השונה לתלמיד שאינו הגון נופל בגיהנם שנאמר (איוב כ, כו) כל חושך טמון לצפוניו תאכלהו אש לא נופח ירע שריד באהלו ואין שריד אלא ת\"ח שנאמר (יואל ג, ה) ובשרידים אשר ה' קורא", 
            "links": [
                {
                    "category": "Tanakh", 
                    "sourceHeRef": "יואל ג׳:ה׳", 
                    "index_title": "Joel", 
                    "sourceRef": "Joel 3:5"
                }, 
                {
                    "category": "Tanakh", 
                    "sourceHeRef": "איוב כ׳:כ״ו", 
                    "index_title": "Job", 
                    "sourceRef": "Job 20:26"
                }, 
                {
                    "category": "Commentary", 
                    "sourceHeRef": "רש\"י על חולין קל״ג א:מ״ט:א׳", 
                    "index_title": "Rashi on Chullin", 
                    "sourceRef": "Rashi on Chullin 133a:49:1"
                }, 
                {
                    "category": "Commentary", 
                    "sourceHeRef": "רש\"י על חולין קל״ג א:מ״ט:ב׳", 
                    "index_title": "Rashi on Chullin", 
                    "sourceRef": "Rashi on Chullin 133a:49:2"
                }
            ], 
            "text": ""
        }, 
        {
            "segmentNumber": "50", 
            "he": "אמר רבי זירא אמר רב", 
            "links": [], 
            "text": ""
        }, 
        {
            "segmentNumber": "51", 
            "he": "כל השונה לתלמיד שאינו הגון כזורק אבן למרקוליס שנאמר (משלי כו, ח) כצרור אבן במרגמה כן נותן לכסיל כבוד וכתיב (משלי יט, י) לא נאוה לכסיל תענוג:", 
            "links": [
                {
                    "category": "Tanakh", 
                    "sourceHeRef": "משלי כ״ו:ח׳", 
                    "index_title": "Proverbs", 
                    "sourceRef": "Proverbs 26:8"
                }, 
                {
                    "category": "Tanakh", 
                    "sourceHeRef": "משלי י״ט:י׳", 
                    "index_title": "Proverbs", 
                    "sourceRef": "Proverbs 19:10"
                }, 
                {
                    "category": "Commentary", 
                    "sourceHeRef": "רש\"י על חולין קל״ג א:נ״א:א׳", 
                    "index_title": "Rashi on Chullin", 
                    "sourceRef": "Rashi on Chullin 133a:51:1"
                }
            ], 
            "text": ""
        }, 
        {
            "segmentNumber": "52", 
            "he": "והמשתתף עמהן צריך לרשום:", 
            "links": [], 
            "text": ""
        }, 
        {
            "segmentNumber": "53", 
            "he": "ואפילו עם העובד כוכבים", 
            "links": [
                {
                    "category": "Commentary", 
                    "sourceHeRef": "רש\"י על חולין קל״ג א:נ״ג:א׳", 
                    "index_title": "Rashi on Chullin", 
                    "sourceRef": "Rashi on Chullin 133a:53:1"
                }
            ], 
            "text": ""
        }, 
        {
            "segmentNumber": "54", 
            "he": "ורמינהו", 
            "links": [], 
            "text": ""
        }, 
        {
            "segmentNumber": "55", 
            "he": "המשתתף עם כהן צריך לרשום והמשתתף עם העובד כוכבים ופסולי המוקדשים אין צריך לרשום", 
            "links": [
                {
                    "category": "Commentary", 
                    "sourceHeRef": "רש\"י על חולין קל״ג א:נ״ה:א׳", 
                    "index_title": "Rashi on Chullin", 
                    "sourceRef": "Rashi on Chullin 133a:55:1"
                }, 
                {
                    "category": "Commentary", 
                    "sourceHeRef": "רש\"י על חולין קל״ג א:נ״ה:ב׳", 
                    "index_title": "Rashi on Chullin", 
                    "sourceRef": "Rashi on Chullin 133a:55:2"
                }
            ], 
            "text": ""
        }
    ], 
    "heRef": "חולין קל״ג א", 
    "toSections": [
        "133a"
    ], 
    "sectionRef": "Chullin 133a", 
    "title": "Chullin 133a", 
    "lengths": [
        281, 
        13642
    ], 
    "next": "Chullin 133b", 
    "heBook": "חולין", 
    "book": "Chullin", 
    "prev": "Chullin 132b", 
    "textDepth": 2, 
    "sectionNames": [
        "Daf", 
        "Line"
    ], 
    "sections": [
        "133a"
    ], 
    "isComplex": false, 
    "titleVariants": [
        "Chullin", 
        "Tractate Chullin", 
        "Talmud Chullin", 
        "Masekhet Chullin"
    ], 
    "categories": [
        "Talmud", 
        "Bavli", 
        "Seder Kodashim"
    ], 
    "ref": "Chullin 133a", 
    "type": "Talmud", 
    "addressTypes": [
        "Talmud", 
        "Integer"
    ], 
    "length": 281, 
    "indexTitle": "Chullin", 
    "heIndexTitle": "חולין", 
    "alts": [], 
    "order": [
        30, 
        3
    ]
}