{
    "heTitleVariants": [
        "כסף משנה על משנה תורה, הלכות עדות"
    ], 
    "heTitle": "כסף משנה על משנה תורה, הלכות עדות", 
    "heRef": "כסף משנה על משנה תורה, הלכות עדות ט״ו", 
    "toSections": [
        15
    ], 
    "sectionRef": "Kessef Mishneh on Mishneh Torah, Testimony 15", 
    "next": "Kessef Mishneh on Mishneh Torah, Testimony 16:2", 
    "content": [
        {
            "segmentNumber": "1", 
            "he": [
                "<b>כל עדות שתבא הנאה לאדם וכו'.</b> בתרא פרק חזקת (דף מ''ג) ואמרינן התם דלא סגי כשיסלק עצמו מן הקרקע כשיאמר דין ודברים אין לי על שדה זו או אין לי עסק בה או ידי מסולקות הימנה דלא אמר כלום עד שיקנו מידו והקשו בתוספות דהא בעינן תחלתו וסופו בכשרות כמו שנתבאר פרק י''ד והכא הוי תחלתו בפסלות והוי כמו קרוב ונתרחק ותירצו דלא שייך תחלתו בפסלות הכא כיון שאין פיסולו תלוי בגוף אלא בממון: \n\n"
            ], 
            "links": [
                {
                    "category": "Halakhah", 
                    "sourceHeRef": "משנה תורה, הלכות עדות ט״ו:א׳", 
                    "sourceRef": "Mishneh Torah, Testimony 15:1", 
                    "ref": "Mishneh Torah, Testimony 15:1"
                }
            ], 
            "text": ""
        }, 
        {
            "segmentNumber": "2", 
            "he": [
                "<b>בני העיר שנגנב ס''ת שלהם.</b> ברייתא שם ואמרו בגמרא דכיון דלשמיעה קאי והוי נוגע בעדות עד דאזיל לעיר אחרת לדור אין דנין ואין מעידין אנשי אותה העיר עליו: \n\n"
            ], 
            "links": [
                {
                    "category": "Halakhah", 
                    "sourceHeRef": "משנה תורה, הלכות עדות ט״ו:ב׳", 
                    "sourceRef": "Mishneh Torah, Testimony 15:2", 
                    "ref": "Mishneh Torah, Testimony 15:2"
                }
            ], 
            "text": ""
        }, 
        {
            "segmentNumber": "3", 
            "he": [
                "<b>האומר תנו מנה וכו' במה דברים אמורים וכו'.</b> ג''ז ברייתא וגמ' שם: \n\n"
            ], 
            "links": [
                {
                    "category": "Halakhah", 
                    "sourceHeRef": "משנה תורה, הלכות עדות ט״ו:ג׳", 
                    "sourceRef": "Mishneh Torah, Testimony 15:3", 
                    "ref": "Mishneh Torah, Testimony 15:3"
                }
            ], 
            "text": ""
        }, 
        {
            "segmentNumber": "4", 
            "he": [
                "<b>קרקע שבין וכו'.</b> שם (דףמ''ב ע''ב) אמר שמואל וכו' השותפין מעידין זה לזה ופריך בגמרא (דף מ''ג) אמאי נוגעים בעדותן הן כלומר דכל זמן שלא חלקו לגמרי אם יטול מערער מן השדה יפסידו שניהם ותירצו בשקנו מידו שסילק עצמו מכל השדה והקשו עוד וכי קנו מידו מאי הוי פי' דסוף סוף נוגע בעדות הוא שאם יבא ב''ח דידיה יטרוף אותה שדה שסילק עצמו ממנה אם תשאר ביד השותף אבל אם יטלנה המערער ודאי לא יטרוף ממנו והאי הנאה היא לדידיה דלא ליהוי לוה רשע ולא ישלם ותירצו כשקבל עליו אחריות כלומר שאם יבא ב''ח דידיה ויטרפנה ממנו ישלמנה לו דהשתא מאי איכפת ליה להעמידה בפני ב''ח הא לגבי לוקח נמי כיון דמקבל עליה אחריות מיקרי רשע וזהו שכתב \n", 
                "<b>רבינו אלא אם כן סילק עצמו ממנה וכו' ושאם בא ב''ח וכו'</b> כלומר וגם קבל על עצמו שאם בא ב''ח שלו וטרפה וכו': \n\n"
            ], 
            "links": [
                {
                    "category": "Halakhah", 
                    "sourceHeRef": "משנה תורה, הלכות עדות ט״ו:ד׳", 
                    "sourceRef": "Mishneh Torah, Testimony 15:4", 
                    "ref": "Mishneh Torah, Testimony 15:4"
                }, 
                {
                    "category": "Halakhah", 
                    "sourceHeRef": "משנה תורה, הלכות עדות ט״ו:ד׳", 
                    "sourceRef": "Mishneh Torah, Testimony 15:4", 
                    "ref": "Mishneh Torah, Testimony 15:4"
                }
            ], 
            "text": ""
        }, 
        {
            "segmentNumber": "5", 
            "he": [
                "<b>העורר על השדה וכו'.</b> שם (מ''ו:) שלח ליה ר''נ בר רב חסדא לר''נ ברבי יעקב אריס מעיד או אינו מעיד הוה יתיב רב יוסף קמיה אמר ליה הכי אמר שמואל מעיד והתניא אינו מעיד ל''ק הא דאיכא פירא בארעא הא דליכא פירא בארעא כלומר דכי איכא פירא לא יעיד דנוגע בעדות הוא לפי שהיה אותו נותן למחצה לשליש ולרביע ואם יזכה המערער הרי שלא ברשותו ירד וידו על התחתונה אבל לית ליה פירא בארעא וגם לא טרח בה שנה זו לעשות בה צורכי זריעה תו ליכא למיחש למידי שהרבה שדות ימצא להיות בהם אריס: \n", 
                "<b>אבל השוכר אם לקח השכירות בידו וכו'.</b> שם בראש הפרק (דף כ''ט) לענין חזקת שלש שנים דבעינן רצופות ובתים בלילה לא ידעי כלומר ואין מעידין עליהם ואפ''ה הויא חזקה ואמר התם רבה כגון דאתו בי תרי ואמרי אנן אגרינן מיניה ודרינן ביה תלת שנין ביממא ובליליא אמר ליה רב יימר לרב אשי הני נוגעים בעדותן הן דאי לא אמרי הכי אמרינן להו זילו הבו ליה אגר ביתא להאי אמר ליה דייני דשפילי פי' שפלים שאינם בקיאים בדין הכי דייני מי לא עסקינן כגון דנקיטי אגר ביתא ואמרי למאן ניתביה: \n\n"
            ], 
            "links": [
                {
                    "category": "Halakhah", 
                    "sourceHeRef": "משנה תורה, הלכות עדות ט״ו:ה׳", 
                    "sourceRef": "Mishneh Torah, Testimony 15:5", 
                    "ref": "Mishneh Torah, Testimony 15:5"
                }, 
                {
                    "category": "Halakhah", 
                    "sourceHeRef": "משנה תורה, הלכות עדות ט״ו:ה׳", 
                    "sourceRef": "Mishneh Torah, Testimony 15:5", 
                    "ref": "Mishneh Torah, Testimony 15:5"
                }
            ], 
            "text": ""
        }, 
        {
            "segmentNumber": "6", 
            "he": [
                "<b>שמעון שלוה והיה ראובן ערב וכו'.</b> פרק חזקת הבתים (דף מ''ו:) ת''ר ערב מעיד ללוה והוא דאית ליה ארעא אחריתי ופרשב''ם ערב מעיד ללוה אם יצאו עסיקין על שדותיו של לוה והוא דאית ליה ללוה ארעא אחריתי שוה כנגד חוב שנתערב דאי לא הוי נוגע בעדות דב''ח יגבה ממנו. ודע ששם (דף מ''ז) אמרו קבלן אמרי לה מעיד ואמרי לה אינו מעיד ומכיון שלא חילק רבינו בין ערב לקבלן אלמא דכלשון ראשון סבירא ליה דלא מפליג בין קבלן לערב וכן כתב רבינו ירוחם לדעת רבינו: \n", 
                "<b>וכן לוקח ראשון מעיד ללוקח שני וכו'.</b> שם באותה ברייתא לוקח ראשון מעיד ללוקח שני והוא דאית ליה ארעא אחריתי פ' כגון לוי ויהודה שקנו שתי שדות מראובן בזה אחר זה וקיימא לן דאין ב''ח גובה אלא מן האחרון ואם אין לו גובה משלפניו לוי ללוקח ראשון מעיד ליהודה להעמיד בידו שדה שלקח מראובן ומפרש רבינו והוא דאית ליה לראובן ארעא אחריתי שיכול להעמידה בפני ב''ח דאי לא נוגע בעדות הוא ורשב''ם מפרש דהוא הדין אם יש ללוקח שני קרקע אחרת שלקח מראובן דאז לא יגבה ב''ח אלא מאותו קרקע של לוקח שני ורבינו לא חשש לכתוב כן דבכלל דבריו הוא דכיון דשדה זו של לוקח שני היתה של ראובן שלקחה לוקח שני אחר לוקח ראשון הוה ליה קרקע של ראובן: \n", 
                "<b>כתב</b> הראב''ד דוקא בשעשאה אפותיקי עכ''ל: \n\n"
            ], 
            "links": [
                {
                    "category": "Halakhah", 
                    "sourceHeRef": "משנה תורה, הלכות עדות ט״ו:ו׳", 
                    "sourceRef": "Mishneh Torah, Testimony 15:6", 
                    "ref": "Mishneh Torah, Testimony 15:6"
                }, 
                {
                    "category": "Halakhah", 
                    "sourceHeRef": "משנה תורה, הלכות עדות ט״ו:ו׳", 
                    "sourceRef": "Mishneh Torah, Testimony 15:6", 
                    "ref": "Mishneh Torah, Testimony 15:6"
                }, 
                {
                    "category": "Halakhah", 
                    "sourceHeRef": "משנה תורה, הלכות עדות ט״ו:ו׳", 
                    "sourceRef": "Mishneh Torah, Testimony 15:6", 
                    "ref": "Mishneh Torah, Testimony 15:6"
                }
            ], 
            "text": ""
        }
    ], 
    "book": "Kessef Mishneh on Mishneh Torah, Testimony", 
    "prev": "Kessef Mishneh on Mishneh Torah, Testimony 14:7", 
    "textDepth": 3, 
    "sectionNames": [
        "Chapter", 
        "Halacha", 
        "Comment"
    ], 
    "sections": [
        15
    ], 
    "isComplex": false, 
    "titleVariants": [
        "Kessef Mishneh on Mishneh Torah, Testimony"
    ], 
    "categories": [
        "Halakhah", 
        "Commentary", 
        "Mishneh Torah", 
        "Sefer Shoftim"
    ], 
    "ref": "Kessef Mishneh on Mishneh Torah, Testimony 15", 
    "type": "Halakhah", 
    "addressTypes": [
        "Integer", 
        "Integer", 
        "Integer"
    ], 
    "indexTitle": "Kessef Mishneh on Mishneh Torah, Testimony", 
    "heIndexTitle": "כסף משנה על משנה תורה, הלכות עדות", 
    "alts": [], 
    "order": ""
}