{
    "heTitleVariants": [
        "רשב״א על שבת"
    ], 
    "heTitle": "רשב״א על שבת מ״א ב", 
    "content": [
        {
            "segmentNumber": "1", 
            "he": " גמרא:<b> הא קא מצרף הא מני ר' שמעון היא וכו'.</b> ואם תאמר לימא ליה כשלא הגיע לצירוף וכולי עלמא, וכדמשני ביומא (לד, ב) גבי עששיות של ברזל מטילין לו. ונראה לי משום דמתניתין סתמא קתני המיחם שפינהו. ועוד דאם איתא, כי מפליג בין להחם בין להפשיר ליפלוג וליתני בדידה, במה דברים אמורים בשלא הגיע לצירוף אבל הגיע לצירוף לעולם אסור. ועוד דניחא ליה לאוקומה כרבי שמעון דהלכתא כוותיה, אבל ההיא דיומא על כרחין אוקמה בשלא הגיע לצירוף משום דרבי יהודה תני לה.<br><b></b>ואם תאמר היכי מוקמינן לה כרבי שמעון, והא אביי ורבא דאמרי תרוייהו (לקמן עה, א וש\"נ) מודה רבי שמעון בפסיק רישיה ולא ימות. תירץ הראב\"ד ז\"ל, דהא דרב אדא וכן נמי ההיא דאביי בסמוך דאמר אבל פינה ממנו מים לא יתן לתוכו מים כל עיקר מפני שהוא מצרף דהא מני רבי יהודה היא, היינו מקמי דשמעוה מרבא, הא לבתר דשמעוה מרבא דאמר מודה רבי שמעון בפסיק רישיה ולא ימות סברוה, ומתניתין על כרחין בשלא פינה ממנו מים אבל פינה ממנו מים אפילו לרבי שמעון אסור. ומפורש הוא בפרק רבי אליעזר דמילה (לקמן קלג, א) בשמעתא דמילה דוחה את הצרעת, דמעיקרא הוה סבירא ליה לאביי דרבי שמעון אפילו בפסיק רישיה ולא ימות שרי עד דשמעה מרבא וסברה.<br><b></b>ואינו מחוור, דאם איתא הוה ליה לאקשויי הכא והא אביי ורבא דאמרי תרוייהו מודה רבי שמעון בפסיק רישיה ולא ימות כדמקשה בעלמא (כגון לקמן עה, א). ועוד אם כן ליתא אפילו לדשמואל דאמר אפילו שיעור לצרף, ולא כן דעת הגאונים ז\"ל אלא בין פינה ממנו מים בין שלא פינה ממנו מים נותן לתוכו כדי לצרף ואינו חושש, וכן פסק ר\"ח ורבנו האי גאון ז\"ל.<br><b></b>אלא יש לומר דמיחם לאו פסיק רישיה ולא ימות הוא, דאפשר דלא הגיע לצירוף, מפני שהמים שבתוכו מונעין אותו להתחמם ולבא לידי צירוף. ואע\"ג דקא מקשה להדיא והלא מצרף, לאו למימרא שמצרף בודאי אלא ה\"ק והא שייך ביה צירוף והלכך איכא למיחש שמא יצרף. כך תירצו בתוס'.", 
            "links": [
                {
                    "category": "Talmud", 
                    "sourceHeRef": "שבת מ״א ב:א׳-ה׳", 
                    "sourceRef": "Shabbat 41b:1-5", 
                    "ref": "Shabbat 41b.1-5"
                }
            ], 
            "text": ""
        }, 
        {
            "segmentNumber": "2", 
            "he": "<b>מתקיף לה אביי מידי מיחם שפינה ממנו מים קתני, שפינהו קתני.</b> ואם תאמר והא כתיב (ישעיה נז, יד) פנו דרך, וכתיב (ויקרא יד, לו) ופנו את הבית פניתי (את) הבית (בראשית כד, לא), וכן רבים. יש לומר לשון תורה לחוד ולשון חכמים לחוד, וכדאמרינן (עירובין כ, ב) המפנה חפציו מזוית לזוית, וכן רבים. ואע\"ג דאמרינן (כתובות עז, ב) פנו מקום לבר ליואי והמפנה את האוצר (ראה לקמן קכו, ב), אפ\"ה הוה ליה למיתני שפינה ממנו מים כי היכי דלא ניטעי בה, כיון דנפקא מינה לרבי שמעון ולרבי יהודה לענין צירוף.", 
            "links": [
                {
                    "category": "Tanach", 
                    "sourceHeRef": "ויקרא י״ד:ל״ו", 
                    "sourceRef": "Leviticus 14:36", 
                    "ref": "Leviticus 14:36"
                }, 
                {
                    "category": "Tanach", 
                    "sourceHeRef": "בראשית כ״ד:ל״א", 
                    "sourceRef": "Genesis 24:31", 
                    "ref": "Genesis 24:31"
                }, 
                {
                    "category": "Talmud", 
                    "sourceHeRef": "כתובות ע״ז ב", 
                    "sourceRef": "Ketubot 77b", 
                    "ref": "Ketubot 77b"
                }, 
                {
                    "category": "Talmud", 
                    "sourceHeRef": "עירובין כ׳ ב", 
                    "sourceRef": "Eruvin 20b", 
                    "ref": "Eruvin 20b"
                }, 
                {
                    "category": "Tanach", 
                    "sourceHeRef": "ישעיהו נ״ז:י״ד", 
                    "sourceRef": "Isaiah 57:14", 
                    "ref": "Isaiah 57:14"
                }, 
                {
                    "category": "Talmud", 
                    "sourceHeRef": "שבת מ״א ב:ד׳-ה׳", 
                    "sourceRef": "Shabbat 41b:4-5", 
                    "ref": "Shabbat 41b.4-5"
                }
            ], 
            "text": ""
        }, 
        {
            "segmentNumber": "3", 
            "he": "<b>ומיחם שפינה ממנו מים לא יתן לתוכו מים כל עיקר מפני שהוא מצרף ור' יהודה היא.</b> ואם תאמר והא אמר אביי (לעיל כב, א) כל מילי דמר עביד כרב בר מהני תלת, וחדא מינייהו גורר אדם מטה כסא וספסל ובלבד שלא יתכוין לעשות חריץ, ומסתמא אביי כרביה סבירא ליה, אם כן היכי מוקי לה למתניתין כרבי יהודה. יש לומר דאביי ודאי כרבי שמעון סבירא ליה, אלא דמתניתין קשיתיה מדקתני המיחם שפינהו ולא קתני המיחם שפינה ממנו מים, אלמא כשפינה ממנו מים אסור וכרבי יהודה, ומיהו איהו לאו כי הא מתניתין סבירא ליה אלא כרבי שמעון.<br><b></b>והיינו דאצטריך אביי למימר אבל פינה ממנו מים לא יתן לתוכו מים כל עיקר, דאי משום דאתא אביי למימר מדנפשיה דכדי צירוף אסור ומשום דרבי יהודה דאמר דבר שאין מתכוין אסור, למה ליה למימר אבל פינה ממנו מים, אפילו בלא פינה ממנו מים מצי לאשמעינן, ולימא הני מילי שיעור להפשיר אבל שיעור לצרף, כלומר: מרובין כל כך המים שיצטננו המים שבמיחם לגמרי ויצרפו את המיחם אסור וכרב דבסמוך. אלא דאביי לאו מדעתיה דנפשיה קאמר לה אלא טעמא הוא דקא מפרש, דמהאי טעמא תנא תנא פינהו ולא תנא פינה ממנו מים, לאשמעינן דרבי יהודה היא ובפינה ממנו מים לא יתן לתוכו מים כל עיקר, והוא הדין לפינהו שלא יתן לתוכו מים מרובין כדי לצרף, דלהפשירן דמתניתין דוקא, ולומר דמועטין כדי שיעור להחם ואי נמי מרובין שיהא בהן כדי לצנן לגמרי מים שבתוך המיחם ולצרף את המיחם אסור וכרבי יהודה, ולא התיר אלא בשיעור בינוני שיהא בו שיעור להפשיר דוקא וכדרב.<br><b></b>ופלוגתא דרב ושמואל באוקימתא דאביי שייכא, דאילו לאוקימתא דרב אדא כל מה שהוא נותן יש בו כדי לצרף, דכיון שנותן מים צונן לאחר שפינה ממנו מים חמין בין מרובין בין מועטין מצרפין, וכדמשמע מדפריך בהדיא לרב אדא והלא מצרף ולא שני בשאין בהם כדי לצרף, וכן נמי מדאמר אביי אבל פינה ממנו מים לא יתן לתוכו מים כל עיקר מפני שהוא מצרף.<br><b></b>ושמואל דמפרש לה למתניתין כאביי ולא מפרש לה כרב אדא אע\"ג דסבירא ליה כרבי שמעון, מהאי טעמא דאמרן הוא דלישנא דפינהו קשיתיה, ואלא מיהו סבירא ליה לשמואל דאע\"ג דמתניתין פינהו קתני לאו בדוקא אלא הוא הדין לפינה ממנו מים, משום דלא קפיד תנא דמתניתין אלא שלא יתן כדי שיחמו הא כדי שיצטננו המים שהם במיחם שפיר דמי, ולא תנא כדי להפשירן אלא לאשמועינן דאפילו להפשיר שרי.<br><b></b>ואפשר דאביי נמי הכי סבירא ליה, אלא משום דשמעיה לרב אדא דאמר דמתניתין דוקא כרבי שמעון ומתניתין שפינה ממנו מים קתני, אמר איהו דאדרבה מתניתין פינהו קתני ואי איכא למידק טפי איכא למידק דכרבי יהודה אתיא דדוקא פינהו אבל פינה ממנו מים כלל וכלל לא, ואלא מיהו בין דדיקא מתניתין הכי או לא איהו כרבי שמעון סבירא ליה.", 
            "links": [
                {
                    "category": "Talmud", 
                    "sourceHeRef": "שבת מ״א ב:ט׳", 
                    "sourceRef": "Shabbat 41b:9", 
                    "ref": "Shabbat 41b:9"
                }
            ], 
            "text": ""
        }, 
        {
            "segmentNumber": "4", 
            "he": "<b>אמר רב לא שנו אלא שיעור להפשיר.</b> ואי קשיא לך דהיינו שיעור להפשיר והיינו שיעור לצרף, וכדמשמע לעיל מדאמר רב אדא אבל נותן לתוכו מים מרובין כדי להפשירן ואקשינן עלה והלא מצרף, אלמא כל שהן פושרין יש בהן כדי לצרף. לא היא, דכבר כתבנו דכל שהוא נותן לתוך המיחם שאין בו מים חמין יש בו צירוף בין שיתן בהן כדי להפשיר ואפילו אין בהם אלא כדי שיחמו, אבל בנותן לתוך מיחם שיש בו מים חמין לעולם אין המים חמין שבתוכו             אותו להצטרף עד שיצטננו לגמרי, וטעמא שהמים הצוננין הם שמצרפין אבל לא הפושרין.<br><b></b>אבל רש\"י ז\"ל נראה שפירש שיטה זו בענין אחר, והוא ז\"ל סבור דפלוגתא דרב ושמואל בדרב אדא שייכא, ושיעור לצרף היינו בשנותן לתוך המיחם מים מרובין כדי מילואו שיהא מלא על כל גדותיו, אבל כשאינו נותן כדי מילואו אינו מצרף. וכי אקשינן לעיל אדרב אדא והלא מצרף, אמים מרובין כדי להפשירן אקשינן, כלומר: דכיון דלא חלקת במים מרובין אלא אדרבא משמע דכל שהוא מרבה בשיעורן טפי עדיף ואפילו כדי מילואו של מיחם ואמאי והלא מצרף. זו היא שיטתו של רש\"י ז\"ל לפי מה שנראה מלשונו.", 
            "links": [
                {
                    "category": "Talmud", 
                    "sourceHeRef": "שבת מ״א ב:י״ח-כ׳", 
                    "sourceRef": "Shabbat 41b:18-20", 
                    "ref": "Shabbat 41b.18-20"
                }
            ], 
            "text": ""
        }
    ], 
    "heRef": "רשב״א על שבת מ״א ב", 
    "toSections": [
        "41b"
    ], 
    "sectionRef": "Rashba on Shabbat 41b", 
    "title": "Rashba on Shabbat 41b", 
    "next": "Rashba on Shabbat 42a", 
    "heBook": "רשב״א על שבת", 
    "book": "Rashba on Shabbat", 
    "prev": "Rashba on Shabbat 40b", 
    "textDepth": 2, 
    "sectionNames": [
        "Daf", 
        "Comment"
    ], 
    "sections": [
        "41b"
    ], 
    "isComplex": false, 
    "titleVariants": [
        "Rashba on Shabbat"
    ], 
    "categories": [
        "Commentary2", 
        "Talmud", 
        "Rashba"
    ], 
    "ref": "Rashba on Shabbat 41b", 
    "type": "Commentary2", 
    "addressTypes": [
        "Talmud", 
        "Integer"
    ], 
    "indexTitle": "Rashba on Shabbat", 
    "heIndexTitle": "רשב״א על שבת", 
    "alts": [], 
    "order": ""
}