{
    "content": [
        {
            "segmentNumber": "1", 
            "he": "וַיַּֽעֲמֹ֥ד שָׂטָ֖ן עַל־יִשְׂרָאֵ֑ל וַיָּ֙סֶת֙ אֶת־דָּוִ֔יד לִמְנ֖וֹת אֶת־יִשְׂרָאֵֽל׃", 
            "links": [
                {
                    "category": "Commentary", 
                    "index_title": "Rashi on I Chronicles", 
                    "sourceHeRef": "רש\"י על דברי הימים א כ״א:א׳:א׳", 
                    "sourceRef": "Rashi on I Chronicles 21:1:1"
                }, 
                {
                    "category": "Commentary", 
                    "index_title": "Metzudat David on I Chronicles", 
                    "sourceHeRef": "מצודת דוד על דברי הימים א כ״א:א׳:א׳", 
                    "sourceRef": "Metzudat David on I Chronicles 21:1:1"
                }, 
                {
                    "category": "Commentary", 
                    "index_title": "Metzudat David on I Chronicles", 
                    "sourceHeRef": "מצודת דוד על דברי הימים א כ״א:א׳:ב׳", 
                    "sourceRef": "Metzudat David on I Chronicles 21:1:2"
                }, 
                {
                    "category": "Commentary", 
                    "index_title": "Metzudat Zion on I Chronicles", 
                    "sourceHeRef": "מצודת ציון על דברי הימים א כ״א:א׳:א׳", 
                    "sourceRef": "Metzudat Zion on I Chronicles 21:1:1"
                }, 
                {
                    "category": "Commentary", 
                    "index_title": "Ralbag on I Chronicles", 
                    "sourceHeRef": "רלב\"ג על דברי הימים א כ״א:א׳:א׳", 
                    "sourceRef": "Ralbag on I Chronicles 21:1:1"
                }, 
                {
                    "category": "Tanakh", 
                    "index_title": "II Samuel", 
                    "sourceHeRef": "שמואל ב כ״ד", 
                    "sourceRef": "II Samuel 24"
                }, 
                {
                    "category": "Midrash", 
                    "index_title": "Ein Yaakov (Glick Edition)", 
                    "sourceHeRef": "עין יעקב (מאת שמואל צבי גליק) , ברכות ט׳:י״ד", 
                    "sourceRef": "Ein Yaakov (Glick Edition), Berakhot 9:14"
                }, 
                {
                    "category": "Talmud", 
                    "index_title": "Berakhot", 
                    "sourceHeRef": "ברכות ס״ב ב:מ״ד", 
                    "sourceRef": "Berakhot 62b:44"
                }
            ], 
            "text": "And Satan stood up against Israel, and moved David to number Israel."
        }, 
        {
            "segmentNumber": "2", 
            "he": "וַיֹּ֨אמֶר דָּוִ֤יד אֶל־יוֹאָב֙ וְאֶל־שָׂרֵ֣י הָעָ֔ם לְכ֗וּ סִפְרוּ֙ אֶת־יִשְׂרָאֵ֔ל מִבְּאֵ֥ר שֶׁ֖בַע וְעַד־דָּ֑ן וְהָבִ֣יאוּ אֵלַ֔י וְאֵדְעָ֖ה אֶת־מִסְפָּרָֽם׃", 
            "links": [
                {
                    "category": "Quoting Commentary", 
                    "index_title": "Ramban on Numbers", 
                    "sourceHeRef": "רמב\"ן על במדבר א׳:ב׳:א׳", 
                    "sourceRef": "Ramban on Numbers 1:2:1"
                }
            ], 
            "text": "And David said to Joab and to the princes of the people: ‘Go, number Israel from Beersheba even to Dan; and bring me word, that I may know the sum of them.’"
        }, 
        {
            "segmentNumber": "3", 
            "he": "וַיֹּ֣אמֶר יוֹאָ֗ב יוֹסֵף֩ יְהוָ֨ה עַל־עַמּ֤וֹ ׀ כָּהֵם֙ מֵאָ֣ה פְעָמִ֔ים הֲלֹא֙ אֲדֹנִ֣י הַמֶּ֔לֶךְ כֻּלָּ֥ם לַאדֹנִ֖י לַעֲבָדִ֑ים לָ֣מָּה יְבַקֵּ֥שׁ זֹאת֙ אֲדֹנִ֔י לָ֛מָּה יִהְיֶ֥ה לְאַשְׁמָ֖ה לְיִשְׂרָאֵֽל׃", 
            "links": [
                {
                    "category": "Commentary", 
                    "index_title": "Metzudat David on I Chronicles", 
                    "sourceHeRef": "מצודת דוד על דברי הימים א כ״א:ג׳:א׳", 
                    "sourceRef": "Metzudat David on I Chronicles 21:3:1"
                }, 
                {
                    "category": "Commentary", 
                    "index_title": "Metzudat David on I Chronicles", 
                    "sourceHeRef": "מצודת דוד על דברי הימים א כ״א:ג׳:ב׳", 
                    "sourceRef": "Metzudat David on I Chronicles 21:3:2"
                }, 
                {
                    "category": "Commentary", 
                    "index_title": "Metzudat Zion on I Chronicles", 
                    "sourceHeRef": "מצודת ציון על דברי הימים א כ״א:ג׳:א׳", 
                    "sourceRef": "Metzudat Zion on I Chronicles 21:3:1"
                }, 
                {
                    "category": "Commentary", 
                    "index_title": "Ralbag on I Chronicles", 
                    "sourceHeRef": "רלב\"ג על דברי הימים א כ״א:ג׳:א׳", 
                    "sourceRef": "Ralbag on I Chronicles 21:3:1"
                }
            ], 
            "text": "And Joab said: ‘The LORD make His people a hundred times so many more as they are; but, my lord the king, are they not all my lord’s servants? why doth my lord require this thing? why will he be a cause of guilt unto Israel?’"
        }, 
        {
            "segmentNumber": "4", 
            "he": "וּדְבַר־הַמֶּ֖לֶךְ חָזַ֣ק עַל־יוֹאָ֑ב וַיֵּצֵ֣א יוֹאָ֗ב וַיִּתְהַלֵּךְ֙ בְּכָל־יִשְׂרָאֵ֔ל וַיָּבֹ֖א יְרוּשָׁלִָֽם׃", 
            "text": "Nevertheless the king’s word prevailed against Joab. Wherefore Joab departed and went throughout all Israel, and came to Jerusalem."
        }, 
        {
            "segmentNumber": "5", 
            "he": "וַיִּתֵּ֥ן יוֹאָ֛ב אֶת־מִסְפַּ֥ר מִפְקַד־הָעָ֖ם אֶל־דָּוִ֑יד וַיְהִ֣י כָֽל־יִשְׂרָאֵ֡ל אֶ֣לֶף אֲלָפִים֩ וּמֵאָ֨ה אֶ֤לֶף אִישׁ֙ שֹׁ֣לֵֽף חֶ֔רֶב וִֽיהוּדָ֕ה אַרְבַּע֩ מֵא֨וֹת וְשִׁבְעִ֥ים אֶ֛לֶף אִ֖ישׁ שֹׁ֥לֵֽף חָֽרֶב׃", 
            "links": [
                {
                    "category": "Commentary", 
                    "index_title": "Rashi on I Chronicles", 
                    "sourceHeRef": "רש\"י על דברי הימים א כ״א:ה׳:א׳", 
                    "sourceRef": "Rashi on I Chronicles 21:5:1"
                }, 
                {
                    "category": "Commentary", 
                    "index_title": "Rashi on I Chronicles", 
                    "sourceHeRef": "רש\"י על דברי הימים א כ״א:ה׳:ב׳", 
                    "sourceRef": "Rashi on I Chronicles 21:5:2"
                }, 
                {
                    "category": "Commentary", 
                    "index_title": "Metzudat David on I Chronicles", 
                    "sourceHeRef": "מצודת דוד על דברי הימים א כ״א:ה׳:א׳", 
                    "sourceRef": "Metzudat David on I Chronicles 21:5:1"
                }, 
                {
                    "category": "Commentary", 
                    "index_title": "Metzudat Zion on I Chronicles", 
                    "sourceHeRef": "מצודת ציון על דברי הימים א כ״א:ה׳:א׳", 
                    "sourceRef": "Metzudat Zion on I Chronicles 21:5:1"
                }, 
                {
                    "category": "Quoting Commentary", 
                    "index_title": "Ramban on Numbers", 
                    "sourceHeRef": "רמב\"ן על במדבר א׳:ב׳:א׳", 
                    "sourceRef": "Ramban on Numbers 1:2:1"
                }
            ], 
            "text": "And Joab gave up the sum of the numbering of the people unto David. And all they of Israel were a thousand thousand and a hundred thousand men that drew sword; and Judah was four hundred three-score and ten thousand men that drew sword."
        }, 
        {
            "segmentNumber": "6", 
            "he": "וְלֵוִי֙ וּבִנְיָמִ֔ן לֹ֥א פָקַ֖ד בְּתוֹכָ֑ם כִּֽי־נִתְעַ֥ב דְּבַר־הַמֶּ֖לֶךְ אֶת־יוֹאָֽב׃", 
            "links": [
                {
                    "category": "Commentary", 
                    "index_title": "Rashi on I Chronicles", 
                    "sourceHeRef": "רש\"י על דברי הימים א כ״א:ו׳:א׳", 
                    "sourceRef": "Rashi on I Chronicles 21:6:1"
                }, 
                {
                    "category": "Commentary", 
                    "index_title": "Metzudat David on I Chronicles", 
                    "sourceHeRef": "מצודת דוד על דברי הימים א כ״א:ו׳:א׳", 
                    "sourceRef": "Metzudat David on I Chronicles 21:6:1"
                }, 
                {
                    "category": "Commentary", 
                    "index_title": "Metzudat David on I Chronicles", 
                    "sourceHeRef": "מצודת דוד על דברי הימים א כ״א:ו׳:ב׳", 
                    "sourceRef": "Metzudat David on I Chronicles 21:6:2"
                }
            ], 
            "text": "But Levi and Benjamin he did not number among them; for the king’s word was abominable to Joab."
        }, 
        {
            "segmentNumber": "7", 
            "he": "וַיֵּ֙רַע֙ בְּעֵינֵ֣י הָאֱלֹהִ֔ים עַל־הַדָּבָ֖ר הַזֶּ֑ה וַיַּ֖ךְ אֶת־יִשְׂרָאֵֽל׃ (פ)", 
            "links": [
                {
                    "category": "Commentary", 
                    "index_title": "Metzudat David on I Chronicles", 
                    "sourceHeRef": "מצודת דוד על דברי הימים א כ״א:ז׳:א׳", 
                    "sourceRef": "Metzudat David on I Chronicles 21:7:1"
                }, 
                {
                    "category": "Commentary", 
                    "index_title": "Metzudat David on I Chronicles", 
                    "sourceHeRef": "מצודת דוד על דברי הימים א כ״א:ז׳:ב׳", 
                    "sourceRef": "Metzudat David on I Chronicles 21:7:2"
                }, 
                {
                    "category": "Commentary", 
                    "index_title": "Ralbag on I Chronicles", 
                    "sourceHeRef": "רלב\"ג על דברי הימים א כ״א:ז׳:א׳", 
                    "sourceRef": "Ralbag on I Chronicles 21:7:1"
                }
            ], 
            "text": "And God was displeased with this thing; therefore He smote Israel."
        }, 
        {
            "segmentNumber": "8", 
            "he": "וַיֹּ֤אמֶר דָּוִיד֙ אֶל־הָ֣אֱלֹהִ֔ים חָטָ֣אתִֽי מְאֹ֔ד אֲשֶׁ֥ר עָשִׂ֖יתִי אֶת־הַדָּבָ֣ר הַזֶּ֑ה וְעַתָּ֗ה הַֽעֲבֶר־נָא֙ אֶת־עֲו֣וֹן עַבְדְּךָ֔ כִּ֥י נִסְכַּ֖לְתִּי מְאֹֽד׃ (פ)", 
            "links": [
                {
                    "category": "Commentary", 
                    "index_title": "Rashi on I Chronicles", 
                    "sourceHeRef": "רש\"י על דברי הימים א כ״א:ח׳:א׳", 
                    "sourceRef": "Rashi on I Chronicles 21:8:1"
                }, 
                {
                    "category": "Commentary", 
                    "index_title": "Metzudat David on I Chronicles", 
                    "sourceHeRef": "מצודת דוד על דברי הימים א כ״א:ח׳:א׳", 
                    "sourceRef": "Metzudat David on I Chronicles 21:8:1"
                }, 
                {
                    "category": "Commentary", 
                    "index_title": "Metzudat David on I Chronicles", 
                    "sourceHeRef": "מצודת דוד על דברי הימים א כ״א:ח׳:ב׳", 
                    "sourceRef": "Metzudat David on I Chronicles 21:8:2"
                }, 
                {
                    "category": "Commentary", 
                    "index_title": "Metzudat David on I Chronicles", 
                    "sourceHeRef": "מצודת דוד על דברי הימים א כ״א:ח׳:ג׳", 
                    "sourceRef": "Metzudat David on I Chronicles 21:8:3"
                }, 
                {
                    "category": "Commentary", 
                    "index_title": "Metzudat Zion on I Chronicles", 
                    "sourceHeRef": "מצודת ציון על דברי הימים א כ״א:ח׳:א׳", 
                    "sourceRef": "Metzudat Zion on I Chronicles 21:8:1"
                }
            ], 
            "text": "And David said unto God: ‘I have sinned greatly, in that I have done this thing; but now, put away, I beseech Thee, the iniquity of Thy servant; for I have done very foolishly.’"
        }, 
        {
            "segmentNumber": "9", 
            "he": "וַיְדַבֵּ֤ר יְהוָה֙ אֶל־גָּ֔ד חֹזֵ֥ה דָוִ֖יד לֵאמֹֽר׃", 
            "links": [
                {
                    "category": "Commentary", 
                    "index_title": "Metzudat David on I Chronicles", 
                    "sourceHeRef": "מצודת דוד על דברי הימים א כ״א:ט׳:א׳", 
                    "sourceRef": "Metzudat David on I Chronicles 21:9:1"
                }, 
                {
                    "category": "Tanakh", 
                    "index_title": "I Samuel", 
                    "sourceHeRef": "שמואל א כ״ו:י׳", 
                    "sourceRef": "I Samuel 26:10"
                }
            ], 
            "text": "And the LORD spoke unto Gad, David’s seer, saying:"
        }, 
        {
            "segmentNumber": "10", 
            "he": "לֵךְ֩ וְדִבַּרְתָּ֨ אֶל־דָּוִ֜יד לֵאמֹ֗ר כֹּ֚ה אָמַ֣ר יְהוָ֔ה שָׁל֕וֹשׁ אֲנִ֖י נֹטֶ֣ה עָלֶ֑יךָ בְּחַר־לְךָ֛ אַחַ֥ת מֵהֵ֖נָּה וְאֶֽעֱשֶׂה־לָּֽךְ׃", 
            "links": [
                {
                    "category": "Commentary", 
                    "index_title": "Metzudat David on I Chronicles", 
                    "sourceHeRef": "מצודת דוד על דברי הימים א כ״א:י׳:א׳", 
                    "sourceRef": "Metzudat David on I Chronicles 21:10:1"
                }, 
                {
                    "category": "Tanakh", 
                    "index_title": "I Samuel", 
                    "sourceHeRef": "שמואל א כ״ו:י׳", 
                    "sourceRef": "I Samuel 26:10"
                }
            ], 
            "text": "’Go and speak unto David, saying: Thus saith the LORD: I offer thee three things; choose thee one of them, that I may do it unto thee.’"
        }, 
        {
            "segmentNumber": "11", 
            "he": "וַיָּ֥בֹא גָ֖ד אֶל־דָּוִ֑יד וַיֹּ֥אמֶר ל֛וֹ כֹּֽה־אָמַ֥ר יְהוָ֖ה קַבֶּל־לָֽךְ׃", 
            "text": "So Gad came to David, and said unto him: ‘Thus saith the LORD: Take which thou wilt:"
        }, 
        {
            "segmentNumber": "12", 
            "he": "אִם־שָׁל֨וֹשׁ שָׁנִ֜ים רָעָ֗ב וְאִם־שְׁלֹשָׁ֨ה חֳדָשִׁ֜ים נִסְפֶּ֥ה מִפְּנֵי־צָרֶיךָ֮ וְחֶ֣רֶב אוֹיְבֶ֣ךָ ׀ לְמַשֶּׂגֶת֒ וְאִם־שְׁלֹ֣שֶׁת יָ֠מִים חֶ֣רֶב יְהוָ֤ה וְדֶ֙בֶר֙ בָּאָ֔רֶץ וּמַלְאַ֣ךְ יְהוָ֔ה מַשְׁחִ֖ית בְּכָל־גְּב֣וּל יִשְׂרָאֵ֑ל וְעַתָּ֣ה רְאֵ֔ה מָֽה־אָשִׁ֥יב אֶת־שֹׁלְחִ֖י דָּבָֽר׃ (פ)", 
            "links": [
                {
                    "category": "Commentary", 
                    "index_title": "Metzudat David on I Chronicles", 
                    "sourceHeRef": "מצודת דוד על דברי הימים א כ״א:י״ב:א׳", 
                    "sourceRef": "Metzudat David on I Chronicles 21:12:1"
                }, 
                {
                    "category": "Commentary", 
                    "index_title": "Metzudat David on I Chronicles", 
                    "sourceHeRef": "מצודת דוד על דברי הימים א כ״א:י״ב:ב׳", 
                    "sourceRef": "Metzudat David on I Chronicles 21:12:2"
                }, 
                {
                    "category": "Commentary", 
                    "index_title": "Metzudat David on I Chronicles", 
                    "sourceHeRef": "מצודת דוד על דברי הימים א כ״א:י״ב:ג׳", 
                    "sourceRef": "Metzudat David on I Chronicles 21:12:3"
                }, 
                {
                    "category": "Commentary", 
                    "index_title": "Metzudat David on I Chronicles", 
                    "sourceHeRef": "מצודת דוד על דברי הימים א כ״א:י״ב:ד׳", 
                    "sourceRef": "Metzudat David on I Chronicles 21:12:4"
                }, 
                {
                    "category": "Commentary", 
                    "index_title": "Metzudat David on I Chronicles", 
                    "sourceHeRef": "מצודת דוד על דברי הימים א כ״א:י״ב:ה׳", 
                    "sourceRef": "Metzudat David on I Chronicles 21:12:5"
                }, 
                {
                    "category": "Commentary", 
                    "index_title": "Metzudat David on I Chronicles", 
                    "sourceHeRef": "מצודת דוד על דברי הימים א כ״א:י״ב:ו׳", 
                    "sourceRef": "Metzudat David on I Chronicles 21:12:6"
                }, 
                {
                    "category": "Commentary", 
                    "index_title": "Metzudat Zion on I Chronicles", 
                    "sourceHeRef": "מצודת ציון על דברי הימים א כ״א:י״ב:א׳", 
                    "sourceRef": "Metzudat Zion on I Chronicles 21:12:1"
                }, 
                {
                    "category": "Commentary", 
                    "index_title": "Ralbag on I Chronicles", 
                    "sourceHeRef": "רלב\"ג על דברי הימים א כ״א:י״ב:א׳", 
                    "sourceRef": "Ralbag on I Chronicles 21:12:1"
                }, 
                {
                    "category": "Quoting Commentary", 
                    "index_title": "Daat Zkenim on Numbers", 
                    "sourceHeRef": "דעת זקנים על במדבר ל״ה:ל״ב:א׳", 
                    "sourceRef": "Daat Zkenim on Numbers 35:32:1"
                }
            ], 
            "text": "either three years of famine; or three months to be swept away before thy foes, while the sword of thine enemies overtaketh thee; or else three days the sword of the LORD, even pestilence in the land, and the angel of the LORD destroying throughout all the borders of Israel. Now therefore consider what answer I shall return to Him that sent me.’"
        }, 
        {
            "segmentNumber": "13", 
            "he": "וַיֹּ֧אמֶר דָּוִ֛יד אֶל־גָּ֖ד צַר־לִ֣י מְאֹ֑ד אֶפְּלָה־נָּ֣א בְיַד־יְהוָ֗ה כִּֽי־רַבִּ֤ים רַחֲמָיו֙ מְאֹ֔ד וּבְיַד־אָדָ֖ם אַל־אֶפֹּֽל׃", 
            "links": [
                {
                    "category": "Commentary", 
                    "index_title": "Rashi on I Chronicles", 
                    "sourceHeRef": "רש\"י על דברי הימים א כ״א:י״ג:א׳", 
                    "sourceRef": "Rashi on I Chronicles 21:13:1"
                }, 
                {
                    "category": "Commentary", 
                    "index_title": "Rashi on I Chronicles", 
                    "sourceHeRef": "רש\"י על דברי הימים א כ״א:י״ג:ב׳", 
                    "sourceRef": "Rashi on I Chronicles 21:13:2"
                }, 
                {
                    "category": "Commentary", 
                    "index_title": "Rashi on I Chronicles", 
                    "sourceHeRef": "רש\"י על דברי הימים א כ״א:י״ג:ג׳", 
                    "sourceRef": "Rashi on I Chronicles 21:13:3"
                }, 
                {
                    "category": "Commentary", 
                    "index_title": "Metzudat David on I Chronicles", 
                    "sourceHeRef": "מצודת דוד על דברי הימים א כ״א:י״ג:א׳", 
                    "sourceRef": "Metzudat David on I Chronicles 21:13:1"
                }, 
                {
                    "category": "Commentary", 
                    "index_title": "Metzudat David on I Chronicles", 
                    "sourceHeRef": "מצודת דוד על דברי הימים א כ״א:י״ג:ב׳", 
                    "sourceRef": "Metzudat David on I Chronicles 21:13:2"
                }
            ], 
            "text": "And David said unto Gad: ‘I am in a great strait; let me fall now into the hand of the LORD, for very great are His mercies; and let me not fall into the hand of man.’"
        }, 
        {
            "segmentNumber": "14", 
            "he": "וַיִּתֵּ֧ן יְהוָ֛ה דֶּ֖בֶר בְּיִשְׂרָאֵ֑ל וַיִּפֹּל֙ מִיִּשְׂרָאֵ֔ל שִׁבְעִ֥ים אֶ֖לֶף אִֽישׁ׃", 
            "links": [
                {
                    "category": "Quoting Commentary", 
                    "index_title": "Rashi on Exodus", 
                    "sourceHeRef": "רש\"י על שמות ל׳:י״ב:ב׳", 
                    "sourceRef": "Rashi on Exodus 30:12:2"
                }
            ], 
            "text": "So the LORD sent a pestilence upon Israel; and there fell of Israel seventy thousand men."
        }, 
        {
            "segmentNumber": "15", 
            "he": "וַיִּשְׁלַח֩ הָאֱלֹהִ֨ים ׀ מַלְאָ֥ךְ ׀ לִֽירוּשָׁלִַם֮ לְהַשְׁחִיתָהּ֒ וּכְהַשְׁחִ֗ית רָאָ֤ה יְהוָה֙ וַיִּנָּ֣חֶם עַל־הָֽרָעָ֔ה וַיֹּ֨אמֶר לַמַּלְאָ֤ךְ הַמַּשְׁחִית֙ רַ֔ב עַתָּ֖ה הֶ֣רֶף יָדֶ֑ךָ וּמַלְאַ֤ךְ יְהוָה֙ עֹמֵ֔ד עִם־גֹּ֖רֶן אָרְנָ֥ן הַיְבוּסִֽי׃ (ס)", 
            "links": [
                {
                    "category": "Commentary", 
                    "index_title": "Metzudat David on I Chronicles", 
                    "sourceHeRef": "מצודת דוד על דברי הימים א כ״א:ט״ו:א׳", 
                    "sourceRef": "Metzudat David on I Chronicles 21:15:1"
                }, 
                {
                    "category": "Commentary", 
                    "index_title": "Metzudat David on I Chronicles", 
                    "sourceHeRef": "מצודת דוד על דברי הימים א כ״א:ט״ו:ב׳", 
                    "sourceRef": "Metzudat David on I Chronicles 21:15:2"
                }, 
                {
                    "category": "Commentary", 
                    "index_title": "Metzudat David on I Chronicles", 
                    "sourceHeRef": "מצודת דוד על דברי הימים א כ״א:ט״ו:ג׳", 
                    "sourceRef": "Metzudat David on I Chronicles 21:15:3"
                }, 
                {
                    "category": "Commentary", 
                    "index_title": "Metzudat Zion on I Chronicles", 
                    "sourceHeRef": "מצודת ציון על דברי הימים א כ״א:ט״ו:א׳", 
                    "sourceRef": "Metzudat Zion on I Chronicles 21:15:1"
                }, 
                {
                    "category": "Midrash", 
                    "index_title": "Mekhilta d'Rabbi Yishmael", 
                    "sourceHeRef": "מכילתא דרבי ישמעאל י״ב:י״ג:א׳", 
                    "sourceRef": "Mekhilta d'Rabbi Yishmael 12:13:1"
                }, 
                {
                    "category": "Midrash", 
                    "index_title": "Ein Yaakov (Glick Edition)", 
                    "sourceHeRef": "עין יעקב (מאת שמואל צבי גליק) , ברכות ט׳:י״ד", 
                    "sourceRef": "Ein Yaakov (Glick Edition), Berakhot 9:14"
                }, 
                {
                    "category": "Talmud", 
                    "index_title": "Berakhot", 
                    "sourceHeRef": "ברכות ס״ב ב:נ״ד", 
                    "sourceRef": "Berakhot 62b:54"
                }
            ], 
            "text": "And God sent an angel unto Jerusalem to destroy it; and as he was about to destroy, the LORD beheld, and He repented Him of the evil, and said to the destroying angel: ‘It is enough; now stay thy hand.’ And the angel of the LORD was standing by the threshing-floor of Ornan the Jebusite."
        }, 
        {
            "segmentNumber": "16", 
            "he": "וַיִּשָּׂ֨א דָוִ֜יד אֶת־עֵינָ֗יו וַיַּ֞רְא אֶת־מַלְאַ֤ךְ יְהוָה֙ עֹמֵ֗ד בֵּ֤ין הָאָ֙רֶץ֙ וּבֵ֣ין הַשָּׁמַ֔יִם וְחַרְבּ֤וֹ שְׁלוּפָה֙ בְּיָד֔וֹ נְטוּיָ֖ה עַל־יְרוּשָׁלִָ֑ם וַיִּפֹּ֨ל דָּוִ֧יד וְהַזְּקֵנִ֛ים מְכֻסִּ֥ים בַּשַּׂקִּ֖ים עַל־פְּנֵיהֶֽם׃", 
            "links": [
                {
                    "category": "Commentary", 
                    "index_title": "Rashi on I Chronicles", 
                    "sourceHeRef": "רש\"י על דברי הימים א כ״א:ט״ז:א׳", 
                    "sourceRef": "Rashi on I Chronicles 21:16:1"
                }, 
                {
                    "category": "Commentary", 
                    "index_title": "Metzudat David on I Chronicles", 
                    "sourceHeRef": "מצודת דוד על דברי הימים א כ״א:ט״ז:א׳", 
                    "sourceRef": "Metzudat David on I Chronicles 21:16:1"
                }, 
                {
                    "category": "Commentary", 
                    "index_title": "Metzudat Zion on I Chronicles", 
                    "sourceHeRef": "מצודת ציון על דברי הימים א כ״א:ט״ז:א׳", 
                    "sourceRef": "Metzudat Zion on I Chronicles 21:16:1"
                }, 
                {
                    "category": "Commentary", 
                    "index_title": "Ralbag on I Chronicles", 
                    "sourceHeRef": "רלב\"ג על דברי הימים א כ״א:ט״ז:א׳", 
                    "sourceRef": "Ralbag on I Chronicles 21:16:1"
                }, 
                {
                    "category": "Quoting Commentary", 
                    "index_title": "Rashi on I Kings", 
                    "sourceHeRef": "רש\"י על מלכים א א׳:א׳:א׳", 
                    "sourceRef": "Rashi on I Kings 1:1:1"
                }, 
                {
                    "category": "Liturgy", 
                    "index_title": "Pesach Haggadah", 
                    "sourceHeRef": "הגדה של פסח, מגיד, ארמי אבד אבי כ״א", 
                    "sourceRef": "Pesach Haggadah, Magid, First Fruits Declaration 21"
                }, 
                {
                    "category": "Midrash", 
                    "index_title": "Sifrei Bamidbar", 
                    "sourceHeRef": "ספרי במדבר קט״ו:א׳", 
                    "sourceRef": "Sifrei Bamidbar 115:1"
                }
            ], 
            "text": "And David lifted up his eyes, and saw the angel of the LORD standing between the earth and the heaven, having a drawn sword in his hand stretched out over Jerusalem. Then David and the elders, clothed in sackcloth, fell upon their faces."
        }, 
        {
            "segmentNumber": "17", 
            "he": "וַיֹּ֣אמֶר דָּוִ֣יד אֶֽל־הָאֱלֹהִ֡ים הֲלֹא֩ אֲנִ֨י אָמַ֜רְתִּי לִמְנ֣וֹת בָּעָ֗ם וַאֲנִי־ה֤וּא אֲשֶׁר־חָטָ֙אתִי֙ וְהָרֵ֣עַ הֲרֵע֔וֹתִי וְאֵ֥לֶּה הַצֹּ֖אן מֶ֣ה עָשׂ֑וּ יְהוָ֣ה אֱלֹהַ֗י תְּהִ֨י נָ֤א יָֽדְךָ֙ בִּ֚י וּבְבֵ֣ית אָבִ֔י וּֽבְעַמְּךָ֖ לֹ֥א לְמַגֵּפָֽה׃ (ס)", 
            "links": [
                {
                    "category": "Commentary", 
                    "index_title": "Rashi on I Chronicles", 
                    "sourceHeRef": "רש\"י על דברי הימים א כ״א:י״ז:א׳", 
                    "sourceRef": "Rashi on I Chronicles 21:17:1"
                }, 
                {
                    "category": "Commentary", 
                    "index_title": "Metzudat David on I Chronicles", 
                    "sourceHeRef": "מצודת דוד על דברי הימים א כ״א:י״ז:א׳", 
                    "sourceRef": "Metzudat David on I Chronicles 21:17:1"
                }, 
                {
                    "category": "Commentary", 
                    "index_title": "Metzudat David on I Chronicles", 
                    "sourceHeRef": "מצודת דוד על דברי הימים א כ״א:י״ז:ב׳", 
                    "sourceRef": "Metzudat David on I Chronicles 21:17:2"
                }, 
                {
                    "category": "Commentary", 
                    "index_title": "Metzudat David on I Chronicles", 
                    "sourceHeRef": "מצודת דוד על דברי הימים א כ״א:י״ז:ג׳", 
                    "sourceRef": "Metzudat David on I Chronicles 21:17:3"
                }
            ], 
            "text": "And David said unto God: ‘Is it not I that commanded the people to be numbered? even I it is that have sinned and done very wickedly; but these sheep, what have they done? let Thy hand, I pray Thee, O LORD my God, be against me, and against my father’s house; but not against Thy people, that they should be plagued.’"
        }, 
        {
            "segmentNumber": "18", 
            "he": "וּמַלְאַ֧ךְ יְהוָ֛ה אָמַ֥ר אֶל־גָּ֖ד לֵאמֹ֣ר לְדָוִ֑יד כִּ֣י ׀ יַעֲלֶ֣ה דָוִ֗יד לְהָקִ֤ים מִזְבֵּ֙חַ֙ לַיהוָ֔ה בְּגֹ֖רֶן אָרְנָ֥ן הַיְבֻסִֽי׃", 
            "links": [
                {
                    "category": "Commentary", 
                    "index_title": "Metzudat David on I Chronicles", 
                    "sourceHeRef": "מצודת דוד על דברי הימים א כ״א:י״ח:א׳", 
                    "sourceRef": "Metzudat David on I Chronicles 21:18:1"
                }
            ], 
            "text": "Then the angel of the LORD commanded Gad to say to David, that David should go up, and rear an altar unto the LORD in the threshing-floor of Ornan the Jebusite."
        }, 
        {
            "segmentNumber": "19", 
            "he": "וַיַּ֤עַל דָּוִיד֙ בִּדְבַר־גָּ֔ד אֲשֶׁ֥ר דִּבֶּ֖ר בְּשֵׁ֥ם יְהוָֽה׃", 
            "text": "And David went up at the saying of Gad, which he spoke in the name of the LORD."
        }, 
        {
            "segmentNumber": "20", 
            "he": "וַיָּ֣שָׁב אָרְנָ֗ן וַיַּרְא֙ אֶת־הַמַּלְאָ֔ךְ וְאַרְבַּ֧עַת בָּנָ֛יו עִמּ֖וֹ מִֽתְחַבְּאִ֑ים וְאָרְנָ֖ן דָּ֥שׁ חִטִּֽים׃", 
            "links": [
                {
                    "category": "Commentary", 
                    "index_title": "Rashi on I Chronicles", 
                    "sourceHeRef": "רש\"י על דברי הימים א כ״א:כ׳:א׳", 
                    "sourceRef": "Rashi on I Chronicles 21:20:1"
                }, 
                {
                    "category": "Commentary", 
                    "index_title": "Rashi on I Chronicles", 
                    "sourceHeRef": "רש\"י על דברי הימים א כ״א:כ׳:ב׳", 
                    "sourceRef": "Rashi on I Chronicles 21:20:2"
                }, 
                {
                    "category": "Commentary", 
                    "index_title": "Metzudat David on I Chronicles", 
                    "sourceHeRef": "מצודת דוד על דברי הימים א כ״א:כ׳:א׳", 
                    "sourceRef": "Metzudat David on I Chronicles 21:20:1"
                }, 
                {
                    "category": "Commentary", 
                    "index_title": "Metzudat David on I Chronicles", 
                    "sourceHeRef": "מצודת דוד על דברי הימים א כ״א:כ׳:ב׳", 
                    "sourceRef": "Metzudat David on I Chronicles 21:20:2"
                }, 
                {
                    "category": "Commentary", 
                    "index_title": "Metzudat David on I Chronicles", 
                    "sourceHeRef": "מצודת דוד על דברי הימים א כ״א:כ׳:ג׳", 
                    "sourceRef": "Metzudat David on I Chronicles 21:20:3"
                }, 
                {
                    "category": "Commentary", 
                    "index_title": "Ralbag on I Chronicles", 
                    "sourceHeRef": "רלב\"ג על דברי הימים א כ״א:כ׳:א׳", 
                    "sourceRef": "Ralbag on I Chronicles 21:20:1"
                }
            ], 
            "text": "And Ornan turned back, and saw the angel; and his four sons that were with him hid themselves. Now Ornan was threshing wheat."
        }, 
        {
            "segmentNumber": "21", 
            "he": "וַיָּבֹ֥א דָוִ֖יד עַד־אָרְנָ֑ן וַיַּבֵּ֤ט אָרְנָן֙ וַיַּ֣רְא אֶת־דָּוִ֔יד וַיֵּצֵא֙ מִן־הַגֹּ֔רֶן וַיִּשְׁתַּ֧חוּ לְדָוִ֛יד אַפַּ֖יִם אָֽרְצָה׃", 
            "links": [
                {
                    "category": "Commentary", 
                    "index_title": "Metzudat David on I Chronicles", 
                    "sourceHeRef": "מצודת דוד על דברי הימים א כ״א:כ״א:א׳", 
                    "sourceRef": "Metzudat David on I Chronicles 21:21:1"
                }
            ], 
            "text": "And as David came to Ornan, Ornan looked and saw David, and went out of the threshing-floor, and bowed down to David with his face to the ground."
        }, 
        {
            "segmentNumber": "22", 
            "he": "וַיֹּ֨אמֶר דָּוִ֜יד אֶל־אָרְנָ֗ן תְּנָה־לִּי֙ מְק֣וֹם הַגֹּ֔רֶן וְאֶבְנֶה־בּ֥וֹ מִזְבֵּ֖חַ לַיהוָ֑ה בְּכֶ֤סֶף מָלֵא֙ תְּנֵ֣הוּ לִ֔י וְתֵעָצַ֥ר הַמַּגֵּפָ֖ה מֵעַ֥ל הָעָֽם׃", 
            "links": [
                {
                    "category": "Commentary", 
                    "index_title": "Metzudat David on I Chronicles", 
                    "sourceHeRef": "מצודת דוד על דברי הימים א כ״א:כ״ב:א׳", 
                    "sourceRef": "Metzudat David on I Chronicles 21:22:1"
                }, 
                {
                    "category": "Commentary", 
                    "index_title": "Metzudat David on I Chronicles", 
                    "sourceHeRef": "מצודת דוד על דברי הימים א כ״א:כ״ב:ב׳", 
                    "sourceRef": "Metzudat David on I Chronicles 21:22:2"
                }, 
                {
                    "category": "Commentary", 
                    "index_title": "Metzudat Zion on I Chronicles", 
                    "sourceHeRef": "מצודת ציון על דברי הימים א כ״א:כ״ב:א׳", 
                    "sourceRef": "Metzudat Zion on I Chronicles 21:22:1"
                }, 
                {
                    "category": "Quoting Commentary", 
                    "index_title": "Rashi on Genesis", 
                    "sourceHeRef": "רש\"י על בראשית כ״ג:ט׳:ב׳", 
                    "sourceRef": "Rashi on Genesis 23:9:2"
                }
            ], 
            "text": "Then David said to Ornan: ‘Give me the place of this threshing-floor, that I may build thereon an altar unto the LORD; for the full price shalt thou give it me; that the plague may be stayed from the people.’"
        }, 
        {
            "segmentNumber": "23", 
            "he": "וַיֹּ֨אמֶר אָרְנָ֤ן אֶל־דָּוִיד֙ קַֽח־לָ֔ךְ וְיַ֛עַשׂ אֲדֹנִ֥י הַמֶּ֖לֶךְ הַטּ֣וֹב בְּעֵינָ֑יו רְאֵה֩ נָתַ֨תִּי הַבָּקָ֜ר לָֽעֹל֗וֹת וְהַמּוֹרִגִּ֧ים לָעֵצִ֛ים וְהַחִטִּ֥ים לַמִּנְחָ֖ה הַכֹּ֥ל נָתָֽתִּי׃", 
            "links": [
                {
                    "category": "Commentary", 
                    "index_title": "Rashi on I Chronicles", 
                    "sourceHeRef": "רש\"י על דברי הימים א כ״א:כ״ג:א׳", 
                    "sourceRef": "Rashi on I Chronicles 21:23:1"
                }, 
                {
                    "category": "Commentary", 
                    "index_title": "Metzudat David on I Chronicles", 
                    "sourceHeRef": "מצודת דוד על דברי הימים א כ״א:כ״ג:א׳", 
                    "sourceRef": "Metzudat David on I Chronicles 21:23:1"
                }, 
                {
                    "category": "Commentary", 
                    "index_title": "Metzudat David on I Chronicles", 
                    "sourceHeRef": "מצודת דוד על דברי הימים א כ״א:כ״ג:ב׳", 
                    "sourceRef": "Metzudat David on I Chronicles 21:23:2"
                }, 
                {
                    "category": "Commentary", 
                    "index_title": "Metzudat David on I Chronicles", 
                    "sourceHeRef": "מצודת דוד על דברי הימים א כ״א:כ״ג:ג׳", 
                    "sourceRef": "Metzudat David on I Chronicles 21:23:3"
                }, 
                {
                    "category": "Commentary", 
                    "index_title": "Metzudat Zion on I Chronicles", 
                    "sourceHeRef": "מצודת ציון על דברי הימים א כ״א:כ״ג:א׳", 
                    "sourceRef": "Metzudat Zion on I Chronicles 21:23:1"
                }, 
                {
                    "category": "Commentary", 
                    "index_title": "Ralbag on I Chronicles", 
                    "sourceHeRef": "רלב\"ג על דברי הימים א כ״א:כ״ג:א׳", 
                    "sourceRef": "Ralbag on I Chronicles 21:23:1"
                }
            ], 
            "text": "And Ornan said unto David: ‘Take it to thee, and let my lord the king do that which is good in his eyes; lo, I give thee the oxen for burnt-offerings, and the threshing-instruments for wood, and the wheat for the meal-offering; I give it all’"
        }, 
        {
            "segmentNumber": "24", 
            "he": "וַיֹּ֨אמֶר הַמֶּ֤לֶךְ דָּוִיד֙ לְאָרְנָ֔ן לֹ֕א כִּֽי־קָנֹ֥ה אֶקְנֶ֖ה בְּכֶ֣סֶף מָלֵ֑א כִּ֠י לֹא־אֶשָּׂ֤א אֲשֶׁר־לְךָ֙ לַיהוָ֔ה וְהַעֲל֥וֹת עוֹלָ֖ה חִנָּֽם׃", 
            "links": [
                {
                    "category": "Commentary", 
                    "index_title": "Metzudat David on I Chronicles", 
                    "sourceHeRef": "מצודת דוד על דברי הימים א כ״א:כ״ד:א׳", 
                    "sourceRef": "Metzudat David on I Chronicles 21:24:1"
                }, 
                {
                    "category": "Commentary", 
                    "index_title": "Metzudat David on I Chronicles", 
                    "sourceHeRef": "מצודת דוד על דברי הימים א כ״א:כ״ד:ב׳", 
                    "sourceRef": "Metzudat David on I Chronicles 21:24:2"
                }, 
                {
                    "category": "Quoting Commentary", 
                    "index_title": "Rashi on Genesis", 
                    "sourceHeRef": "רש\"י על בראשית כ״ג:ט׳:ב׳", 
                    "sourceRef": "Rashi on Genesis 23:9:2"
                }
            ], 
            "text": "And king David said to Ornan: ‘Nay, but I will verily buy it for the full price; for I will not take that which is thine for the LORD, nor offer a burnt-offering without cost.’"
        }, 
        {
            "segmentNumber": "25", 
            "he": "וַיִּתֵּ֥ן דָּוִ֛יד לְאָרְנָ֖ן בַּמָּק֑וֹם שִׁקְלֵ֣י זָהָ֔ב מִשְׁקָ֖ל שֵׁ֥שׁ מֵאֽוֹת׃", 
            "links": [
                {
                    "category": "Commentary", 
                    "index_title": "Rashi on I Chronicles", 
                    "sourceHeRef": "רש\"י על דברי הימים א כ״א:כ״ה:א׳", 
                    "sourceRef": "Rashi on I Chronicles 21:25:1"
                }, 
                {
                    "category": "Commentary", 
                    "index_title": "Metzudat David on I Chronicles", 
                    "sourceHeRef": "מצודת דוד על דברי הימים א כ״א:כ״ה:א׳", 
                    "sourceRef": "Metzudat David on I Chronicles 21:25:1"
                }, 
                {
                    "category": "Commentary", 
                    "index_title": "Ralbag on I Chronicles", 
                    "sourceHeRef": "רלב\"ג על דברי הימים א כ״א:כ״ה:א׳", 
                    "sourceRef": "Ralbag on I Chronicles 21:25:1"
                }, 
                {
                    "category": "Talmud", 
                    "index_title": "Zevachim", 
                    "sourceHeRef": "זבחים קט״ז ב:כ״ט", 
                    "sourceRef": "Zevachim 116b:29"
                }, 
                {
                    "category": "Midrash", 
                    "index_title": "Sifrei Bamidbar", 
                    "sourceHeRef": "ספרי במדבר מ״ב:ג׳", 
                    "sourceRef": "Sifrei Bamidbar 42:3"
                }
            ], 
            "text": "So David gave to Ornan for the place six hundred shekels of gold by weight."
        }, 
        {
            "segmentNumber": "26", 
            "he": "וַיִּבֶן֩ שָׁ֨ם דָּוִ֤יד מִזְבֵּ֙חַ֙ לַיהוָ֔ה וַיַּ֥עַל עֹל֖וֹת וּשְׁלָמִ֑ים וַיִּקְרָא֙ אֶל־יְהוָ֔ה וַיַּֽעֲנֵ֤הוּ בָאֵשׁ֙ מִן־הַשָּׁמַ֔יִם עַ֖ל מִזְבַּ֥ח הָעֹלָֽה׃ (פ)", 
            "links": [
                {
                    "category": "Commentary", 
                    "index_title": "Metzudat David on I Chronicles", 
                    "sourceHeRef": "מצודת דוד על דברי הימים א כ״א:כ״ו:א׳", 
                    "sourceRef": "Metzudat David on I Chronicles 21:26:1"
                }, 
                {
                    "category": "Commentary", 
                    "index_title": "Metzudat Zion on I Chronicles", 
                    "sourceHeRef": "מצודת ציון על דברי הימים א כ״א:כ״ו:א׳", 
                    "sourceRef": "Metzudat Zion on I Chronicles 21:26:1"
                }, 
                {
                    "category": "Commentary", 
                    "index_title": "Ralbag on I Chronicles", 
                    "sourceHeRef": "רלב\"ג על דברי הימים א כ״א:כ״ו:א׳", 
                    "sourceRef": "Ralbag on I Chronicles 21:26:1"
                }, 
                {
                    "category": "Tanakh", 
                    "index_title": "II Chronicles", 
                    "sourceHeRef": "דברי הימים ב ג׳:א׳", 
                    "sourceRef": "II Chronicles 3:1"
                }
            ], 
            "text": "And David built there an altar unto the LORD, and offered burnt-offerings and peace-offerings, and called upon the LORD; and He answered him from heaven by fire upon the altar of burnt-offering."
        }, 
        {
            "segmentNumber": "27", 
            "he": "וַיֹּ֤אמֶר יְהוָה֙ לַמַּלְאָ֔ךְ וַיָּ֥שֶׁב חַרְבּ֖וֹ אֶל־נְדָנָֽהּ׃", 
            "links": [
                {
                    "category": "Commentary", 
                    "index_title": "Rashi on I Chronicles", 
                    "sourceHeRef": "רש\"י על דברי הימים א כ״א:כ״ז:א׳", 
                    "sourceRef": "Rashi on I Chronicles 21:27:1"
                }, 
                {
                    "category": "Commentary", 
                    "index_title": "Metzudat David on I Chronicles", 
                    "sourceHeRef": "מצודת דוד על דברי הימים א כ״א:כ״ז:א׳", 
                    "sourceRef": "Metzudat David on I Chronicles 21:27:1"
                }, 
                {
                    "category": "Commentary", 
                    "index_title": "Ralbag on I Chronicles", 
                    "sourceHeRef": "רלב\"ג על דברי הימים א כ״א:כ״ז:א׳", 
                    "sourceRef": "Ralbag on I Chronicles 21:27:1"
                }, 
                {
                    "category": "Quoting Commentary", 
                    "index_title": "Radak on Genesis", 
                    "sourceHeRef": "רדק על בראשית ו׳:ג׳:א׳", 
                    "sourceRef": "Radak on Genesis 6:3:1"
                }
            ], 
            "text": "And the LORD commanded the angel; and he put up his sword back into the sheath thereof."
        }, 
        {
            "segmentNumber": "28", 
            "he": "בָּעֵ֣ת הַהִ֔יא בִּרְא֤וֹת דָּוִיד֙ כִּי־עָנָ֣הוּ יְהוָ֔ה בְּגֹ֖רֶן אָרְנָ֣ן הַיְבוּסִ֑י וַיִּזְבַּ֖ח שָֽׁם׃", 
            "links": [
                {
                    "category": "Commentary", 
                    "index_title": "Rashi on I Chronicles", 
                    "sourceHeRef": "רש\"י על דברי הימים א כ״א:כ״ח:א׳", 
                    "sourceRef": "Rashi on I Chronicles 21:28:1"
                }, 
                {
                    "category": "Commentary", 
                    "index_title": "Metzudat David on I Chronicles", 
                    "sourceHeRef": "מצודת דוד על דברי הימים א כ״א:כ״ח:א׳", 
                    "sourceRef": "Metzudat David on I Chronicles 21:28:1"
                }
            ], 
            "text": "At that time, when David saw that the LORD had answered him in the threshing-floor of Ornan the Jebusite, then he sacrificed there."
        }, 
        {
            "segmentNumber": "29", 
            "he": "וּמִשְׁכַּ֣ן יְ֠הוָה אֲשֶׁר־עָשָׂ֨ה מֹשֶׁ֧ה בַמִּדְבָּ֛ר וּמִזְבַּ֥ח הָעוֹלָ֖ה בָּעֵ֣ת הַהִ֑יא בַּבָּמָ֖ה בְּגִבְעֽוֹן׃", 
            "links": [
                {
                    "category": "Commentary", 
                    "index_title": "Rashi on I Chronicles", 
                    "sourceHeRef": "רש\"י על דברי הימים א כ״א:כ״ט:א׳", 
                    "sourceRef": "Rashi on I Chronicles 21:29:1"
                }, 
                {
                    "category": "Commentary", 
                    "index_title": "Metzudat David on I Chronicles", 
                    "sourceHeRef": "מצודת דוד על דברי הימים א כ״א:כ״ט:א׳", 
                    "sourceRef": "Metzudat David on I Chronicles 21:29:1"
                }
            ], 
            "text": "For the tabernacle of the LORD, which Moses made in the wilderness, and the altar of burnt-offering, were at that time in the high place at Gibeon."
        }, 
        {
            "segmentNumber": "30", 
            "he": "וְלֹא־יָכֹ֥ל דָּוִ֛יד לָלֶ֥כֶת לְפָנָ֖יו לִדְרֹ֣שׁ אֱלֹהִ֑ים כִּ֣י נִבְעַ֔ת מִפְּנֵ֕י חֶ֖רֶב מַלְאַ֥ךְ יְהוָֽה׃ (ס)", 
            "links": [
                {
                    "category": "Commentary", 
                    "index_title": "Rashi on I Chronicles", 
                    "sourceHeRef": "רש\"י על דברי הימים א כ״א:ל׳:א׳", 
                    "sourceRef": "Rashi on I Chronicles 21:30:1"
                }, 
                {
                    "category": "Commentary", 
                    "index_title": "Metzudat David on I Chronicles", 
                    "sourceHeRef": "מצודת דוד על דברי הימים א כ״א:ל׳:א׳", 
                    "sourceRef": "Metzudat David on I Chronicles 21:30:1"
                }, 
                {
                    "category": "Commentary", 
                    "index_title": "Metzudat David on I Chronicles", 
                    "sourceHeRef": "מצודת דוד על דברי הימים א כ״א:ל׳:ב׳", 
                    "sourceRef": "Metzudat David on I Chronicles 21:30:2"
                }, 
                {
                    "category": "Commentary", 
                    "index_title": "Metzudat Zion on I Chronicles", 
                    "sourceHeRef": "מצודת ציון על דברי הימים א כ״א:ל׳:א׳", 
                    "sourceRef": "Metzudat Zion on I Chronicles 21:30:1"
                }
            ], 
            "text": "But David could not go before it to inquire of God; for he was terrified because of the sword of the angel of the LORD."
        }
    ], 
    "heTitle": "דברי הימים א", 
    "indexTitle": "I Chronicles", 
    "sectionRef": "I Chronicles 21", 
    "prev": "I Chronicles 20", 
    "ref": "I Chronicles 21", 
    "heRef": "דברי הימים א כ״א", 
    "next": "I Chronicles 22"
}