{
    "content": [
        {
            "segmentNumber": "1", 
            "he": "וַיַּֽעַשׂ־ל֥וֹ בָתִּ֖ים בְּעִ֣יר דָּוִ֑יד וַיָּ֤כֶן מָקוֹם֙ לַֽאֲר֣וֹן הָֽאֱלֹהִ֔ים וַיֶּט־ל֖וֹ אֹֽהֶל׃", 
            "links": [
                {
                    "category": "Commentary", 
                    "index_title": "Metzudat David on I Chronicles", 
                    "sourceHeRef": "מצודת דוד על דברי הימים א ט״ו:א׳:א׳", 
                    "sourceRef": "Metzudat David on I Chronicles 15:1:1"
                }, 
                {
                    "category": "Commentary", 
                    "index_title": "Metzudat Zion on I Chronicles", 
                    "sourceHeRef": "מצודת ציון על דברי הימים א ט״ו:א׳:א׳", 
                    "sourceRef": "Metzudat Zion on I Chronicles 15:1:1"
                }, 
                {
                    "category": "Commentary", 
                    "index_title": "Ralbag on I Chronicles", 
                    "sourceHeRef": "רלב\"ג על דברי הימים א ט״ו:א׳:א׳", 
                    "sourceRef": "Ralbag on I Chronicles 15:1:1"
                }
            ], 
            "text": "And [David] made him houses in the city of David; and he prepared a place for the ark of God, and pitched for it a tent."
        }, 
        {
            "segmentNumber": "2", 
            "he": "אָ֚ז אָמַ֣ר דָּוִ֔יד לֹ֤א לָשֵׂאת֙ אֶת־אֲר֣וֹן הָֽאֱלֹהִ֔ים כִּ֖י אִם־הַלְוִיִּ֑ם כִּי־בָ֣ם ׀ בָּחַ֣ר יְהוָ֗ה לָשֵׂ֞את אֶת־אֲר֧וֹן יְהוָ֛ה וּֽלְשָׁרְת֖וֹ עַד־עוֹלָֽם׃ (ס)", 
            "links": [
                {
                    "category": "Commentary", 
                    "index_title": "Rashi on I Chronicles", 
                    "sourceHeRef": "רש\"י על דברי הימים א ט״ו:ב׳:א׳", 
                    "sourceRef": "Rashi on I Chronicles 15:2:1"
                }, 
                {
                    "category": "Commentary", 
                    "index_title": "Metzudat David on I Chronicles", 
                    "sourceHeRef": "מצודת דוד על דברי הימים א ט״ו:ב׳:א׳", 
                    "sourceRef": "Metzudat David on I Chronicles 15:2:1"
                }, 
                {
                    "category": "Commentary", 
                    "index_title": "Metzudat David on I Chronicles", 
                    "sourceHeRef": "מצודת דוד על דברי הימים א ט״ו:ב׳:ב׳", 
                    "sourceRef": "Metzudat David on I Chronicles 15:2:2"
                }, 
                {
                    "category": "Commentary", 
                    "index_title": "Ralbag on I Chronicles", 
                    "sourceHeRef": "רלב\"ג על דברי הימים א ט״ו:ב׳:א׳", 
                    "sourceRef": "Ralbag on I Chronicles 15:2:1"
                }, 
                {
                    "category": "Midrash", 
                    "index_title": "Mekhilta d'Rabbi Yishmael", 
                    "sourceHeRef": "מכילתא דרבי ישמעאל ט״ו:א׳:ב׳", 
                    "sourceRef": "Mekhilta d'Rabbi Yishmael 15:1:2"
                }
            ], 
            "text": "Then David said: ‘None ought to carry the ark of God but the Levites; for them hath the LORD chosen to carry the ark of the LORD, and to minister unto Him for ever.’"
        }, 
        {
            "segmentNumber": "3", 
            "he": "וַיַּקְהֵ֥ל דָּוִ֛יד אֶת־כָּל־יִשְׂרָאֵ֖ל אֶל־יְרֽוּשָׁלִָ֑ם לְהַעֲלוֹת֙ אֶת־אֲר֣וֹן יְהוָ֔ה אֶל־מְקוֹמ֖וֹ אֲשֶׁר־הֵכִ֥ין לֽוֹ׃", 
            "links": [
                {
                    "category": "Commentary", 
                    "index_title": "Metzudat David on I Chronicles", 
                    "sourceHeRef": "מצודת דוד על דברי הימים א ט״ו:ג׳:א׳", 
                    "sourceRef": "Metzudat David on I Chronicles 15:3:1"
                }
            ], 
            "text": "And David assembled all Israel at Jerusalem, to bring up the ark of the LORD unto its place, which he had prepared for it."
        }, 
        {
            "segmentNumber": "4", 
            "he": "וַיֶּאֱסֹ֥ף דָּוִ֛יד אֶת־בְּנֵ֥י אַֽהֲרֹ֖ן וְאֶת־הַלְוִיִּֽם׃", 
            "text": "And David gathered together the sons of Aaron, and the Levites;"
        }, 
        {
            "segmentNumber": "5", 
            "he": "לִבְנֵ֖י קְהָ֑ת אוּרִיאֵ֣ל הַשָּׂ֔ר וְאֶחָ֖יו מֵאָ֥ה וְעֶשְׂרִֽים׃ (ס)", 
            "links": [
                {
                    "category": "Commentary", 
                    "index_title": "Metzudat David on I Chronicles", 
                    "sourceHeRef": "מצודת דוד על דברי הימים א ט״ו:ה׳:א׳", 
                    "sourceRef": "Metzudat David on I Chronicles 15:5:1"
                }
            ], 
            "text": "of the sons of Kohath: Uriel the chief, and his brethren a hundred and twenty;"
        }, 
        {
            "segmentNumber": "6", 
            "he": "לִבְנֵ֖י מְרָרִ֑י עֲשָׂיָ֣ה הַשָּׂ֔ר וְאֶחָ֖יו מָאתַ֥יִם וְעֶשְׂרִֽים׃ (ס)", 
            "text": "of the sons of Merari: Asaiah the chief, and his brethren two hundred and twenty;"
        }, 
        {
            "segmentNumber": "7", 
            "he": "לִבְנֵ֖י גֵּרְשׁ֑וֹם יוֹאֵ֣ל הַשָּׂ֔ר וְאֶחָ֖יו מֵאָ֥ה וּשְׁלֹשִֽׁים׃ (ס)", 
            "text": "of the sons of Gershom: Joel the chief, and his brethren a hundred and thirty;"
        }, 
        {
            "segmentNumber": "8", 
            "he": "לִבְנֵ֖י אֱלִֽיצָפָ֑ן שְׁמַֽעְיָ֥ה הַשָּׂ֖ר וְאֶחָ֥יו מָאתָֽיִם׃ (ס)", 
            "links": [
                {
                    "category": "Commentary", 
                    "index_title": "Ralbag on I Chronicles", 
                    "sourceHeRef": "רלב\"ג על דברי הימים א ט״ו:ח׳:א׳", 
                    "sourceRef": "Ralbag on I Chronicles 15:8:1"
                }
            ], 
            "text": "of the sons of Elizaphan: Shemaiah the chief, and his brethren two hundred;"
        }, 
        {
            "segmentNumber": "9", 
            "he": "לִבְנֵ֖י חֶבְר֑וֹן אֱלִיאֵ֥ל הַשָּׂ֖ר וְאֶחָ֥יו שְׁמוֹנִֽים׃ (ס)", 
            "text": "of the sons of Hebron: Eliel the chief, and his brethren fourscore;"
        }, 
        {
            "segmentNumber": "10", 
            "he": "לִבְנֵ֖י עֻזִּיאֵ֑ל עַמִּינָדָ֣ב הַשָּׂ֔ר וְאֶחָ֕יו מֵאָ֖ה וּשְׁנֵ֥ים עָשָֽׂר׃ (ס)", 
            "text": "of the sons of Uzziel: Amminadab the chief, and his brethren a hundred and twelve."
        }, 
        {
            "segmentNumber": "11", 
            "he": "וַיִּקְרָ֣א דָוִ֔יד לְצָד֥וֹק וּלְאֶבְיָתָ֖ר הַכֹּֽהֲנִ֑ים וְלַלְוִיִּ֗ם לְאֽוּרִיאֵ֤ל עֲשָׂיָה֙ וְיוֹאֵ֣ל שְׁמַֽעְיָ֔ה וֶאֱלִיאֵ֖ל וְעַמִּינָדָֽב׃", 
            "links": [
                {
                    "category": "Midrash", 
                    "index_title": "Sifrei Bamidbar", 
                    "sourceHeRef": "ספרי במדבר מ״ו:ב׳", 
                    "sourceRef": "Sifrei Bamidbar 46:2"
                }
            ], 
            "text": "And David called for Zadok and Abiathar the priests, and for the Levites, for Uriel, Asaiah, and Joel, Shemaiah, and Eliel, and Amminadab,"
        }, 
        {
            "segmentNumber": "12", 
            "he": "וַיֹּ֣אמֶר לָהֶ֔ם אַתֶּ֛ם רָאשֵׁ֥י הָאָב֖וֹת לַלְוִיִּ֑ם הִֽתְקַדְּשׁוּ֙ אַתֶּ֣ם וַאֲחֵיכֶ֔ם וְהַֽעֲלִיתֶ֗ם אֵ֣ת אֲר֤וֹן יְהוָה֙ אֱלֹהֵ֣י יִשְׂרָאֵ֔ל אֶל־הֲכִינ֖וֹתִי לֽוֹ׃", 
            "links": [
                {
                    "category": "Commentary", 
                    "index_title": "Metzudat David on I Chronicles", 
                    "sourceHeRef": "מצודת דוד על דברי הימים א ט״ו:י״ב:א׳", 
                    "sourceRef": "Metzudat David on I Chronicles 15:12:1"
                }, 
                {
                    "category": "Commentary", 
                    "index_title": "Metzudat David on I Chronicles", 
                    "sourceHeRef": "מצודת דוד על דברי הימים א ט״ו:י״ב:ב׳", 
                    "sourceRef": "Metzudat David on I Chronicles 15:12:2"
                }, 
                {
                    "category": "Commentary", 
                    "index_title": "Metzudat David on I Chronicles", 
                    "sourceHeRef": "מצודת דוד על דברי הימים א ט״ו:י״ב:ג׳", 
                    "sourceRef": "Metzudat David on I Chronicles 15:12:3"
                }, 
                {
                    "category": "Commentary", 
                    "index_title": "Ralbag on I Chronicles", 
                    "sourceHeRef": "רלב\"ג על דברי הימים א ט״ו:י״ב:א׳", 
                    "sourceRef": "Ralbag on I Chronicles 15:12:1"
                }, 
                {
                    "category": "Quoting Commentary", 
                    "index_title": "Rashi on II Samuel", 
                    "sourceHeRef": "רש\"י על שמואל ב ו׳:ג׳:א׳", 
                    "sourceRef": "Rashi on II Samuel 6:3:1"
                }
            ], 
            "text": "and said unto them: ‘Ye are the heads of the fathers’houses of the Levites; sanctify yourselves, both ye and your brethren, that ye may bring up the ark of the LORD, the God of Israel, unto the place that I have prepared for it."
        }, 
        {
            "segmentNumber": "13", 
            "he": "כִּ֛י לְמַבָּרִ֥אשׁוֹנָ֖ה לֹ֣א אַתֶּ֑ם פָּרַ֨ץ יְהוָ֤ה אֱלֹהֵ֙ינוּ֙ בָּ֔נוּ כִּי־לֹ֥א דְרַשְׁנֻ֖הוּ כַּמִּשְׁפָּֽט׃", 
            "links": [
                {
                    "category": "Commentary", 
                    "index_title": "Metzudat David on I Chronicles", 
                    "sourceHeRef": "מצודת דוד על דברי הימים א ט״ו:י״ג:א׳", 
                    "sourceRef": "Metzudat David on I Chronicles 15:13:1"
                }, 
                {
                    "category": "Commentary", 
                    "index_title": "Metzudat David on I Chronicles", 
                    "sourceHeRef": "מצודת דוד על דברי הימים א ט״ו:י״ג:ב׳", 
                    "sourceRef": "Metzudat David on I Chronicles 15:13:2"
                }, 
                {
                    "category": "Commentary", 
                    "index_title": "Ralbag on I Chronicles", 
                    "sourceHeRef": "רלב\"ג על דברי הימים א ט״ו:י״ג:א׳", 
                    "sourceRef": "Ralbag on I Chronicles 15:13:1"
                }
            ], 
            "text": "For because ye [bore it] not at the first, the LORD our God made a breach upon us, for that we sought Him not according to the ordinance.’"
        }, 
        {
            "segmentNumber": "14", 
            "he": "וַיִּֽתְקַדְּשׁ֔וּ הַכֹּהֲנִ֖ים וְהַלְוִיִּ֑ם לְהַעֲל֕וֹת אֶת־אֲר֥וֹן יְהוָ֖ה אֱלֹהֵ֥י יִשְׂרָאֵֽל׃", 
            "text": "So the priests and the Levites sanctified themselves to bring up the ark of the LORD, the God of Israel."
        }, 
        {
            "segmentNumber": "15", 
            "he": "וַיִּשְׂא֣וּ בְנֵֽי־הַלְוִיִּ֗ם אֵ֚ת אֲר֣וֹן הָֽאֱלֹהִ֔ים כַּאֲשֶׁ֛ר צִוָּ֥ה מֹשֶׁ֖ה כִּדְבַ֣ר יְהוָ֑ה בִּכְתֵפָ֥ם בַּמֹּט֖וֹת עֲלֵיהֶֽם׃ (פ)", 
            "links": [
                {
                    "category": "Commentary", 
                    "index_title": "Rashi on I Chronicles", 
                    "sourceHeRef": "רש\"י על דברי הימים א ט״ו:ט״ו:א׳", 
                    "sourceRef": "Rashi on I Chronicles 15:15:1"
                }, 
                {
                    "category": "Commentary", 
                    "index_title": "Metzudat David on I Chronicles", 
                    "sourceHeRef": "מצודת דוד על דברי הימים א ט״ו:ט״ו:א׳", 
                    "sourceRef": "Metzudat David on I Chronicles 15:15:1"
                }, 
                {
                    "category": "Commentary", 
                    "index_title": "Ralbag on I Chronicles", 
                    "sourceHeRef": "רלב\"ג על דברי הימים א ט״ו:ט״ו:א׳", 
                    "sourceRef": "Ralbag on I Chronicles 15:15:1"
                }
            ], 
            "text": "And the children of the Levites bore the ark of God upon their shoulders with the bars thereon, as Moses commanded according to the word of the LORD."
        }, 
        {
            "segmentNumber": "16", 
            "he": "וַיֹּ֣אמֶר דָּוִיד֮ לְשָׂרֵ֣י הַלְוִיִּם֒ לְהַֽעֲמִ֗יד אֶת־אֲחֵיהֶם֙ הַמְשֹׁ֣רְרִ֔ים בִּכְלֵי־שִׁ֛יר נְבָלִ֥ים וְכִנֹּר֖וֹת וּמְצִלְתָּ֑יִם מַשְׁמִיעִ֥ים לְהָרִֽים־בְּק֖וֹל לְשִׂמְחָֽה׃ (פ)", 
            "links": [
                {
                    "category": "Commentary", 
                    "index_title": "Metzudat David on I Chronicles", 
                    "sourceHeRef": "מצודת דוד על דברי הימים א ט״ו:ט״ז:א׳", 
                    "sourceRef": "Metzudat David on I Chronicles 15:16:1"
                }, 
                {
                    "category": "Commentary", 
                    "index_title": "Metzudat David on I Chronicles", 
                    "sourceHeRef": "מצודת דוד על דברי הימים א ט״ו:ט״ז:ב׳", 
                    "sourceRef": "Metzudat David on I Chronicles 15:16:2"
                }, 
                {
                    "category": "Commentary", 
                    "index_title": "Ralbag on I Chronicles", 
                    "sourceHeRef": "רלב\"ג על דברי הימים א ט״ו:ט״ז:א׳", 
                    "sourceRef": "Ralbag on I Chronicles 15:16:1"
                }
            ], 
            "text": "And David spoke to the chief of the Levites to appoint their brethren the singers, with instruments of music, psalteries and harps and cymbals, sounding aloud and lifting up the voice with joy."
        }, 
        {
            "segmentNumber": "17", 
            "he": "וַיַּעֲמִ֣ידוּ הַלְוִיִּ֗ם אֵ֚ת הֵימָ֣ן בֶּן־יוֹאֵ֔ל וּמִ֨ן־אֶחָ֔יו אָסָ֖ף בֶּן־בֶּֽרֶכְיָ֑הוּ (ס) וּמִן־בְּנֵ֤י מְרָרִי֙ אֲחֵיהֶ֔ם אֵיתָ֖ן בֶּן־קֽוּשָׁיָֽהוּ׃", 
            "links": [
                {
                    "category": "Commentary", 
                    "index_title": "Ralbag on I Chronicles", 
                    "sourceHeRef": "רלב\"ג על דברי הימים א ט״ו:י״ז:א׳", 
                    "sourceRef": "Ralbag on I Chronicles 15:17:1"
                }
            ], 
            "text": "So the Levites appointed Heman the son of Joel; and of his brethren, Asaph the son of Berechiah; and of the sons of Merari their brethren, Ethan the son of Kushaiah;"
        }, 
        {
            "segmentNumber": "18", 
            "he": "וְעִמָּהֶ֖ם אֲחֵיהֶ֣ם הַמִּשְׁנִ֑ים זְכַרְיָ֡הוּ בֵּ֡ן וְיַֽעֲזִיאֵ֡ל וּשְׁמִֽירָמ֡וֹת וִיחִיאֵ֣ל ׀ וְעֻנִּ֡י אֱלִיאָ֡ב וּבְנָיָ֡הוּ וּמַֽעֲשֵׂיָ֡הוּ וּמַתִּתְיָהוּ֩ וֶאֱלִ֨יפְלֵ֜הוּ וּמִקְנֵיָ֨הוּ וְעֹבֵ֥ד אֱדֹ֛ם וִֽיעִיאֵ֖ל הַשֹּׁעֲרִֽים׃", 
            "links": [
                {
                    "category": "Commentary", 
                    "index_title": "Rashi on I Chronicles", 
                    "sourceHeRef": "רש\"י על דברי הימים א ט״ו:י״ח:א׳", 
                    "sourceRef": "Rashi on I Chronicles 15:18:1"
                }, 
                {
                    "category": "Commentary", 
                    "index_title": "Rashi on I Chronicles", 
                    "sourceHeRef": "רש\"י על דברי הימים א ט״ו:י״ח:ב׳", 
                    "sourceRef": "Rashi on I Chronicles 15:18:2"
                }, 
                {
                    "category": "Commentary", 
                    "index_title": "Metzudat David on I Chronicles", 
                    "sourceHeRef": "מצודת דוד על דברי הימים א ט״ו:י״ח:א׳", 
                    "sourceRef": "Metzudat David on I Chronicles 15:18:1"
                }, 
                {
                    "category": "Commentary", 
                    "index_title": "Metzudat David on I Chronicles", 
                    "sourceHeRef": "מצודת דוד על דברי הימים א ט״ו:י״ח:ב׳", 
                    "sourceRef": "Metzudat David on I Chronicles 15:18:2"
                }, 
                {
                    "category": "Commentary", 
                    "index_title": "Metzudat David on I Chronicles", 
                    "sourceHeRef": "מצודת דוד על דברי הימים א ט״ו:י״ח:ג׳", 
                    "sourceRef": "Metzudat David on I Chronicles 15:18:3"
                }, 
                {
                    "category": "Commentary", 
                    "index_title": "Ralbag on I Chronicles", 
                    "sourceHeRef": "רלב\"ג על דברי הימים א ט״ו:י״ח:א׳", 
                    "sourceRef": "Ralbag on I Chronicles 15:18:1"
                }
            ], 
            "text": "and with them their brethren of the second degree, Zechariah, Ben, and Jaaziel, and Shemiramoth, and Jehiel, and Unni, Eliab, and Benaiah, and Maaseiah, and Mattithiah, and Eliphalehu, and Mikneiah, and Obed-edom, and Jeiel, the doorkeepers."
        }, 
        {
            "segmentNumber": "19", 
            "he": "וְהַמְשֹׁ֣רְרִ֔ים הֵימָ֥ן אָסָ֖ף וְאֵיתָ֑ן בִּמְצִלְתַּ֥יִם נְחֹ֖שֶׁת לְהַשְׁמִֽיעַ׃", 
            "links": [
                {
                    "category": "Commentary", 
                    "index_title": "Rashi on I Chronicles", 
                    "sourceHeRef": "רש\"י על דברי הימים א ט״ו:י״ט:א׳", 
                    "sourceRef": "Rashi on I Chronicles 15:19:1"
                }, 
                {
                    "category": "Commentary", 
                    "index_title": "Metzudat David on I Chronicles", 
                    "sourceHeRef": "מצודת דוד על דברי הימים א ט״ו:י״ט:א׳", 
                    "sourceRef": "Metzudat David on I Chronicles 15:19:1"
                }
            ], 
            "text": "So the singers, Heman, Asaph, and Ethan [, were appointed], with cymbals of brass to sound aloud;"
        }, 
        {
            "segmentNumber": "20", 
            "he": "וּזְכַרְיָ֨ה וַעֲזִיאֵ֜ל וּשְׁמִֽירָמ֤וֹת וִֽיחִיאֵל֙ וְעֻנִּ֣י וֶֽאֱלִיאָ֔ב וּמַעֲשֵׂיָ֖הוּ וּבְנָיָ֑הוּ בִּנְבָלִ֖ים עַל־עֲלָמֽוֹת׃", 
            "links": [
                {
                    "category": "Commentary", 
                    "index_title": "Rashi on I Chronicles", 
                    "sourceHeRef": "רש\"י על דברי הימים א ט״ו:כ׳:א׳", 
                    "sourceRef": "Rashi on I Chronicles 15:20:1"
                }, 
                {
                    "category": "Commentary", 
                    "index_title": "Rashi on I Chronicles", 
                    "sourceHeRef": "רש\"י על דברי הימים א ט״ו:כ׳:ב׳", 
                    "sourceRef": "Rashi on I Chronicles 15:20:2"
                }, 
                {
                    "category": "Commentary", 
                    "index_title": "Metzudat David on I Chronicles", 
                    "sourceHeRef": "מצודת דוד על דברי הימים א ט״ו:כ׳:א׳", 
                    "sourceRef": "Metzudat David on I Chronicles 15:20:1"
                }, 
                {
                    "category": "Commentary", 
                    "index_title": "Ralbag on I Chronicles", 
                    "sourceHeRef": "רלב\"ג על דברי הימים א ט״ו:כ׳:א׳", 
                    "sourceRef": "Ralbag on I Chronicles 15:20:1"
                }, 
                {
                    "category": "Quoting Commentary", 
                    "index_title": "Radak on Psalms", 
                    "sourceHeRef": "רדק על תהילים ד׳:א׳:א׳", 
                    "sourceRef": "Radak on Psalms 4:1:1"
                }
            ], 
            "text": "and Zechariah, and Aziel, and Shemiramoth, and Jehiel, and Unni, and Eliab, and Maaseiah, and Benaiah, with psalteries set to Alamoth;"
        }, 
        {
            "segmentNumber": "21", 
            "he": "וּמַתִּתְיָ֣הוּ וֶאֱלִֽיפְלֵ֗הוּ וּמִקְנֵיָ֙הוּ֙ וְעֹבֵ֣ד אֱדֹ֔ם וִֽיעִיאֵ֖ל וַעֲזַזְיָ֑הוּ בְּכִנֹּר֥וֹת עַל־הַשְּׁמִינִ֖ית לְנַצֵּֽחַ׃", 
            "links": [
                {
                    "category": "Commentary", 
                    "index_title": "Rashi on I Chronicles", 
                    "sourceHeRef": "רש\"י על דברי הימים א ט״ו:כ״א:א׳", 
                    "sourceRef": "Rashi on I Chronicles 15:21:1"
                }, 
                {
                    "category": "Commentary", 
                    "index_title": "Metzudat David on I Chronicles", 
                    "sourceHeRef": "מצודת דוד על דברי הימים א ט״ו:כ״א:א׳", 
                    "sourceRef": "Metzudat David on I Chronicles 15:21:1"
                }, 
                {
                    "category": "Commentary", 
                    "index_title": "Metzudat David on I Chronicles", 
                    "sourceHeRef": "מצודת דוד על דברי הימים א ט״ו:כ״א:ב׳", 
                    "sourceRef": "Metzudat David on I Chronicles 15:21:2"
                }, 
                {
                    "category": "Commentary", 
                    "index_title": "Ralbag on I Chronicles", 
                    "sourceHeRef": "רלב\"ג על דברי הימים א ט״ו:כ״א:א׳", 
                    "sourceRef": "Ralbag on I Chronicles 15:21:1"
                }
            ], 
            "text": "and Mattithiah, and Eliphalehu, and Mikneiahu, and Obed-edom, and Jeiel, and Azaziah, with harps on the Sheminith, to lead."
        }, 
        {
            "segmentNumber": "22", 
            "he": "וּכְנַנְיָ֥הוּ שַֽׂר־הַלְוִיִּ֖ם בְּמַשָּׂ֑א יָסֹר֙ בַּמַּשָּׂ֔א כִּ֥י מֵבִ֖ין הֽוּא׃", 
            "links": [
                {
                    "category": "Commentary", 
                    "index_title": "Rashi on I Chronicles", 
                    "sourceHeRef": "רש\"י על דברי הימים א ט״ו:כ״ב:א׳", 
                    "sourceRef": "Rashi on I Chronicles 15:22:1"
                }, 
                {
                    "category": "Commentary", 
                    "index_title": "Rashi on I Chronicles", 
                    "sourceHeRef": "רש\"י על דברי הימים א ט״ו:כ״ב:ב׳", 
                    "sourceRef": "Rashi on I Chronicles 15:22:2"
                }, 
                {
                    "category": "Commentary", 
                    "index_title": "Rashi on I Chronicles", 
                    "sourceHeRef": "רש\"י על דברי הימים א ט״ו:כ״ב:ג׳", 
                    "sourceRef": "Rashi on I Chronicles 15:22:3"
                }, 
                {
                    "category": "Commentary", 
                    "index_title": "Metzudat David on I Chronicles", 
                    "sourceHeRef": "מצודת דוד על דברי הימים א ט״ו:כ״ב:א׳", 
                    "sourceRef": "Metzudat David on I Chronicles 15:22:1"
                }, 
                {
                    "category": "Commentary", 
                    "index_title": "Metzudat David on I Chronicles", 
                    "sourceHeRef": "מצודת דוד על דברי הימים א ט״ו:כ״ב:ב׳", 
                    "sourceRef": "Metzudat David on I Chronicles 15:22:2"
                }, 
                {
                    "category": "Commentary", 
                    "index_title": "Metzudat David on I Chronicles", 
                    "sourceHeRef": "מצודת דוד על דברי הימים א ט״ו:כ״ב:ג׳", 
                    "sourceRef": "Metzudat David on I Chronicles 15:22:3"
                }, 
                {
                    "category": "Commentary", 
                    "index_title": "Metzudat Zion on I Chronicles", 
                    "sourceHeRef": "מצודת ציון על דברי הימים א ט״ו:כ״ב:א׳", 
                    "sourceRef": "Metzudat Zion on I Chronicles 15:22:1"
                }, 
                {
                    "category": "Commentary", 
                    "index_title": "Metzudat Zion on I Chronicles", 
                    "sourceHeRef": "מצודת ציון על דברי הימים א ט״ו:כ״ב:ב׳", 
                    "sourceRef": "Metzudat Zion on I Chronicles 15:22:2"
                }, 
                {
                    "category": "Commentary", 
                    "index_title": "Ralbag on I Chronicles", 
                    "sourceHeRef": "רלב\"ג על דברי הימים א ט״ו:כ״ב:א׳", 
                    "sourceRef": "Ralbag on I Chronicles 15:22:1"
                }, 
                {
                    "category": "Talmud", 
                    "index_title": "Arakhin", 
                    "sourceHeRef": "ערכין י״א א:ע״א", 
                    "sourceRef": "Arakhin 11a:71"
                }
            ], 
            "text": "And Chenaniah, chief of the Levites, was over the song; he was master in the song, because he was skilful."
        }, 
        {
            "segmentNumber": "23", 
            "he": "וּבֶֽרֶכְיָה֙ וְאֶלְקָנָ֔ה שֹׁעֲרִ֖ים לָאָרֽוֹן׃", 
            "links": [
                {
                    "category": "Commentary", 
                    "index_title": "Metzudat David on I Chronicles", 
                    "sourceHeRef": "מצודת דוד על דברי הימים א ט״ו:כ״ג:א׳", 
                    "sourceRef": "Metzudat David on I Chronicles 15:23:1"
                }, 
                {
                    "category": "Commentary", 
                    "index_title": "Ralbag on I Chronicles", 
                    "sourceHeRef": "רלב\"ג על דברי הימים א ט״ו:כ״ג:א׳", 
                    "sourceRef": "Ralbag on I Chronicles 15:23:1"
                }
            ], 
            "text": "And Berechiah and Elkanah were door-keepers for the ark."
        }, 
        {
            "segmentNumber": "24", 
            "he": "וּשְׁבַנְיָ֡הוּ וְיֽוֹשָׁפָ֡ט וּנְתַנְאֵ֡ל וַעֲמָשַׂ֡י וּ֠זְכַרְיָהוּ וּבְנָיָ֤הוּ וֶֽאֱלִיעֶ֙זֶר֙ הַכֹּ֣הֲנִ֔ים מחצצרים [מַחְצְרִים֙] בַּחֲצֹ֣צְר֔וֹת לִפְנֵ֖י אֲר֣וֹן הָֽאֱלֹהִ֑ים וְעֹבֵ֤ד אֱדֹם֙ וִֽיחִיָּ֔ה שֹׁעֲרִ֖ים לָאָרֽוֹן׃", 
            "links": [
                {
                    "category": "Commentary", 
                    "index_title": "Metzudat David on I Chronicles", 
                    "sourceHeRef": "מצודת דוד על דברי הימים א ט״ו:כ״ד:א׳", 
                    "sourceRef": "Metzudat David on I Chronicles 15:24:1"
                }, 
                {
                    "category": "Commentary", 
                    "index_title": "Metzudat David on I Chronicles", 
                    "sourceHeRef": "מצודת דוד על דברי הימים א ט״ו:כ״ד:ב׳", 
                    "sourceRef": "Metzudat David on I Chronicles 15:24:2"
                }, 
                {
                    "category": "Commentary", 
                    "index_title": "Metzudat David on I Chronicles", 
                    "sourceHeRef": "מצודת דוד על דברי הימים א ט״ו:כ״ד:ג׳", 
                    "sourceRef": "Metzudat David on I Chronicles 15:24:3"
                }, 
                {
                    "category": "Commentary", 
                    "index_title": "Ralbag on I Chronicles", 
                    "sourceHeRef": "רלב\"ג על דברי הימים א ט״ו:כ״ד:א׳", 
                    "sourceRef": "Ralbag on I Chronicles 15:24:1"
                }, 
                {
                    "category": "Commentary", 
                    "index_title": "Ralbag on I Chronicles", 
                    "sourceHeRef": "רלב\"ג על דברי הימים א ט״ו:כ״ד:ב׳", 
                    "sourceRef": "Ralbag on I Chronicles 15:24:2"
                }
            ], 
            "text": "And Shebaniah, and Joshaphat, and Nethanel, and Amasai, and Zechariah, and Benaiah, and Eliezer, the priests, did blow with the trumpets before the ark of God; and Obed-edom and Jehiah were doorkeepers for the ark."
        }, 
        {
            "segmentNumber": "25", 
            "he": "וַיְהִ֥י דָוִ֛יד וְזִקְנֵ֥י יִשְׂרָאֵ֖ל וְשָׂרֵ֣י הָאֲלָפִ֑ים הַהֹֽלְכִ֗ים לְֽהַעֲל֞וֹת אֶת־אֲר֧וֹן בְּרִית־יְהוָ֛ה מִן־בֵּ֥ית עֹבֵֽד־אֱדֹ֖ם בְּשִׂמְחָֽה׃ (ס)", 
            "links": [
                {
                    "category": "Commentary", 
                    "index_title": "Metzudat David on I Chronicles", 
                    "sourceHeRef": "מצודת דוד על דברי הימים א ט״ו:כ״ה:א׳", 
                    "sourceRef": "Metzudat David on I Chronicles 15:25:1"
                }, 
                {
                    "category": "Apocrypha", 
                    "index_title": "Seder Olam Rabbah", 
                    "sourceHeRef": "סדר עולם רבה י״ד:ב׳", 
                    "sourceRef": "Seder Olam Rabbah 14:2"
                }
            ], 
            "text": "So David, and the elders of Israel, and the captains over thousands, went to bring up the ark of the covenant of the LORD out of the house of Obed-edom with joy."
        }, 
        {
            "segmentNumber": "26", 
            "he": "וַֽיְהִי֙ בֶּעְזֹ֣ר הָֽאֱלֹהִ֔ים אֶ֨ת־הַלְוִיִּ֔ם נֹשְׂאֵ֖י אֲר֣וֹן בְּרִית־יְהוָ֑ה וַיִּזְבְּח֥וּ שִׁבְעָֽה־פָרִ֖ים וְשִׁבְעָ֥ה אֵילִֽים׃", 
            "links": [
                {
                    "category": "Commentary", 
                    "index_title": "Rashi on I Chronicles", 
                    "sourceHeRef": "רש\"י על דברי הימים א ט״ו:כ״ו:א׳", 
                    "sourceRef": "Rashi on I Chronicles 15:26:1"
                }, 
                {
                    "category": "Commentary", 
                    "index_title": "Metzudat David on I Chronicles", 
                    "sourceHeRef": "מצודת דוד על דברי הימים א ט״ו:כ״ו:א׳", 
                    "sourceRef": "Metzudat David on I Chronicles 15:26:1"
                }, 
                {
                    "category": "Commentary", 
                    "index_title": "Ralbag on I Chronicles", 
                    "sourceHeRef": "רלב\"ג על דברי הימים א ט״ו:כ״ו:א׳", 
                    "sourceRef": "Ralbag on I Chronicles 15:26:1"
                }, 
                {
                    "category": "Talmud", 
                    "index_title": "Sotah", 
                    "sourceHeRef": "סוטה ל״ה ב:ה׳", 
                    "sourceRef": "Sotah 35b:5"
                }, 
                {
                    "category": "Midrash", 
                    "index_title": "Ein Yaakov (Glick Edition)", 
                    "sourceHeRef": "עין יעקב (מאת שמואל צבי גליק) , סוטה ז׳:י״ד", 
                    "sourceRef": "Ein Yaakov (Glick Edition), Sotah 7:14"
                }
            ], 
            "text": "And it came to pass, when God helped the Levites that bore the ark of the covenant of the LORD, that they sacrificed seven bullocks and seven rams."
        }, 
        {
            "segmentNumber": "27", 
            "he": "וְדָוִ֞יד מְכֻרְבָּ֣ל ׀ בִּמְעִ֣יל בּ֗וּץ וְכָל־הַלְוִיִּם֙ הַנֹּשְׂאִ֣ים אֶת־הָאָר֔וֹן וְהַמְשֹׁ֣רְרִ֔ים וּכְנַנְיָ֛ה הַשַּׂ֥ר הַמַּשָּׂ֖א הַמְשֹֽׁרְרִ֑ים וְעַל־דָּוִ֖יד אֵפ֥וֹד בָּֽד׃", 
            "links": [
                {
                    "category": "Commentary", 
                    "index_title": "Rashi on I Chronicles", 
                    "sourceHeRef": "רש\"י על דברי הימים א ט״ו:כ״ז:א׳", 
                    "sourceRef": "Rashi on I Chronicles 15:27:1"
                }, 
                {
                    "category": "Commentary", 
                    "index_title": "Rashi on I Chronicles", 
                    "sourceHeRef": "רש\"י על דברי הימים א ט״ו:כ״ז:ב׳", 
                    "sourceRef": "Rashi on I Chronicles 15:27:2"
                }, 
                {
                    "category": "Commentary", 
                    "index_title": "Rashi on I Chronicles", 
                    "sourceHeRef": "רש\"י על דברי הימים א ט״ו:כ״ז:ג׳", 
                    "sourceRef": "Rashi on I Chronicles 15:27:3"
                }, 
                {
                    "category": "Commentary", 
                    "index_title": "Metzudat David on I Chronicles", 
                    "sourceHeRef": "מצודת דוד על דברי הימים א ט״ו:כ״ז:א׳", 
                    "sourceRef": "Metzudat David on I Chronicles 15:27:1"
                }, 
                {
                    "category": "Commentary", 
                    "index_title": "Metzudat David on I Chronicles", 
                    "sourceHeRef": "מצודת דוד על דברי הימים א ט״ו:כ״ז:ב׳", 
                    "sourceRef": "Metzudat David on I Chronicles 15:27:2"
                }, 
                {
                    "category": "Commentary", 
                    "index_title": "Metzudat David on I Chronicles", 
                    "sourceHeRef": "מצודת דוד על דברי הימים א ט״ו:כ״ז:ג׳", 
                    "sourceRef": "Metzudat David on I Chronicles 15:27:3"
                }, 
                {
                    "category": "Commentary", 
                    "index_title": "Metzudat Zion on I Chronicles", 
                    "sourceHeRef": "מצודת ציון על דברי הימים א ט״ו:כ״ז:א׳", 
                    "sourceRef": "Metzudat Zion on I Chronicles 15:27:1"
                }, 
                {
                    "category": "Commentary", 
                    "index_title": "Metzudat Zion on I Chronicles", 
                    "sourceHeRef": "מצודת ציון על דברי הימים א ט״ו:כ״ז:ב׳", 
                    "sourceRef": "Metzudat Zion on I Chronicles 15:27:2"
                }, 
                {
                    "category": "Commentary", 
                    "index_title": "Metzudat Zion on I Chronicles", 
                    "sourceHeRef": "מצודת ציון על דברי הימים א ט״ו:כ״ז:ג׳", 
                    "sourceRef": "Metzudat Zion on I Chronicles 15:27:3"
                }, 
                {
                    "category": "Commentary", 
                    "index_title": "Ralbag on I Chronicles", 
                    "sourceHeRef": "רלב\"ג על דברי הימים א ט״ו:כ״ז:א׳", 
                    "sourceRef": "Ralbag on I Chronicles 15:27:1"
                }, 
                {
                    "category": "Commentary", 
                    "index_title": "Ralbag on I Chronicles", 
                    "sourceHeRef": "רלב\"ג על דברי הימים א ט״ו:כ״ז:ב׳", 
                    "sourceRef": "Ralbag on I Chronicles 15:27:2"
                }, 
                {
                    "category": "Commentary", 
                    "index_title": "Ralbag on I Chronicles", 
                    "sourceHeRef": "רלב\"ג על דברי הימים א ט״ו:כ״ז:ג׳", 
                    "sourceRef": "Ralbag on I Chronicles 15:27:3"
                }
            ], 
            "text": "And David was clothed with a robe of fine linen, and all the Levites that bore the ark, and the singers, and Chenaniah the master of the singers in the song; and David had upon him an ephod of linen."
        }, 
        {
            "segmentNumber": "28", 
            "he": "וְכָל־יִשְׂרָאֵ֗ל מַעֲלִים֙ אֶת־אֲר֣וֹן בְּרִית־יְהוָ֔ה בִּתְרוּעָה֙ וּבְק֣וֹל שׁוֹפָ֔ר וּבַחֲצֹצְר֖וֹת וּבִמְצִלְתָּ֑יִם מַשְׁמִעִ֕ים בִּנְבָלִ֖ים וְכִנֹּרֽוֹת׃", 
            "links": [
                {
                    "category": "Commentary", 
                    "index_title": "Metzudat David on I Chronicles", 
                    "sourceHeRef": "מצודת דוד על דברי הימים א ט״ו:כ״ח:א׳", 
                    "sourceRef": "Metzudat David on I Chronicles 15:28:1"
                }
            ], 
            "text": "Thus all Israel brought up the ark of the covenant of the LORD with shouting, and with sound of the horn, and with trumpets, and with cymbals, sounding aloud with psalteries and harps."
        }, 
        {
            "segmentNumber": "29", 
            "he": "וַיְהִ֗י אֲרוֹן֙ בְּרִ֣ית יְהוָ֔ה בָּ֖א עַד־עִ֣יר דָּוִ֑יד וּמִיכַ֨ל בַּת־שָׁא֜וּל נִשְׁקְפָ֣ה ׀ בְּעַ֣ד הַחַלּ֗וֹן וַתֵּ֨רֶא אֶת־הַמֶּ֤לֶךְ דָּוִיד֙ מְרַקֵּ֣ד וּמְשַׂחֵ֔ק וַתִּ֥בֶז ל֖וֹ בְּלִבָּֽהּ׃ (פ)", 
            "links": [
                {
                    "category": "Commentary", 
                    "index_title": "Rashi on I Chronicles", 
                    "sourceHeRef": "רש\"י על דברי הימים א ט״ו:כ״ט:א׳", 
                    "sourceRef": "Rashi on I Chronicles 15:29:1"
                }, 
                {
                    "category": "Commentary", 
                    "index_title": "Metzudat David on I Chronicles", 
                    "sourceHeRef": "מצודת דוד על דברי הימים א ט״ו:כ״ט:א׳", 
                    "sourceRef": "Metzudat David on I Chronicles 15:29:1"
                }, 
                {
                    "category": "Commentary", 
                    "index_title": "Metzudat David on I Chronicles", 
                    "sourceHeRef": "מצודת דוד על דברי הימים א ט״ו:כ״ט:ב׳", 
                    "sourceRef": "Metzudat David on I Chronicles 15:29:2"
                }, 
                {
                    "category": "Commentary", 
                    "index_title": "Metzudat Zion on I Chronicles", 
                    "sourceHeRef": "מצודת ציון על דברי הימים א ט״ו:כ״ט:א׳", 
                    "sourceRef": "Metzudat Zion on I Chronicles 15:29:1"
                }, 
                {
                    "category": "Commentary", 
                    "index_title": "Metzudat Zion on I Chronicles", 
                    "sourceHeRef": "מצודת ציון על דברי הימים א ט״ו:כ״ט:ב׳", 
                    "sourceRef": "Metzudat Zion on I Chronicles 15:29:2"
                }, 
                {
                    "category": "Commentary", 
                    "index_title": "Metzudat Zion on I Chronicles", 
                    "sourceHeRef": "מצודת ציון על דברי הימים א ט״ו:כ״ט:ג׳", 
                    "sourceRef": "Metzudat Zion on I Chronicles 15:29:3"
                }, 
                {
                    "category": "Commentary", 
                    "index_title": "Metzudat Zion on I Chronicles", 
                    "sourceHeRef": "מצודת ציון על דברי הימים א ט״ו:כ״ט:ד׳", 
                    "sourceRef": "Metzudat Zion on I Chronicles 15:29:4"
                }
            ], 
            "text": "And it came to pass, as the ark of the covenant of the LORD came to the city of David, that Michal the daughter of Saul looked out at the window, and saw king David dancing and making merry; and she despised him in her heart."
        }
    ], 
    "heTitle": "דברי הימים א", 
    "indexTitle": "I Chronicles", 
    "sectionRef": "I Chronicles 15", 
    "prev": "I Chronicles 14", 
    "ref": "I Chronicles 15", 
    "heRef": "דברי הימים א ט״ו", 
    "next": "I Chronicles 16"
}