{
    "heTitleVariants": [
        "יזכור"
    ], 
    "heTitle": "יזכור", 
    "heRef": "יזכור י״ט", 
    "toSections": [
        19
    ], 
    "sectionRef": "Yizkor", 
    "next": null, 
    "content": [
        {
            "segmentNumber": "1", 
            "he": "ל", 
            "links": [], 
            "text": "T"
        }, 
        {
            "segmentNumber": "2", 
            "he": "ו", 
            "links": [], 
            "text": "o"
        }, 
        {
            "segmentNumber": "3", 
            "he": "מ", 
            "links": [], 
            "text": " "
        }, 
        {
            "segmentNumber": "4", 
            "he": "ר", 
            "links": [], 
            "text": "b"
        }, 
        {
            "segmentNumber": "5", 
            "he": " ", 
            "links": [], 
            "text": "e"
        }, 
        {
            "segmentNumber": "6", 
            "he": "א", 
            "links": [], 
            "text": " "
        }, 
        {
            "segmentNumber": "7", 
            "he": "ח", 
            "links": [], 
            "text": "s"
        }, 
        {
            "segmentNumber": "8", 
            "he": "ר", 
            "links": [], 
            "text": "a"
        }, 
        {
            "segmentNumber": "9", 
            "he": "י", 
            "links": [], 
            "text": "i"
        }, 
        {
            "segmentNumber": "10", 
            "he": " ", 
            "links": [], 
            "text": "d"
        }, 
        {
            "segmentNumber": "11", 
            "he": "י", 
            "links": [], 
            "text": " "
        }, 
        {
            "segmentNumber": "12", 
            "he": "ז", 
            "links": [], 
            "text": "a"
        }, 
        {
            "segmentNumber": "13", 
            "he": "כ", 
            "links": [], 
            "text": "f"
        }, 
        {
            "segmentNumber": "14", 
            "he": "ו", 
            "links": [], 
            "text": "t"
        }, 
        {
            "segmentNumber": "15", 
            "he": "ר", 
            "links": [], 
            "text": "e"
        }, 
        {
            "segmentNumber": "16", 
            "he": " ", 
            "links": [], 
            "text": "r"
        }, 
        {
            "segmentNumber": "17", 
            "he": "ל", 
            "links": [], 
            "text": " "
        }, 
        {
            "segmentNumber": "18", 
            "he": "ח", 
            "links": [], 
            "text": "'"
        }, 
        {
            "segmentNumber": "19", 
            "he": "ל", 
            "links": [], 
            "text": "Y"
        }, 
        {
            "segmentNumber": "20", 
            "he": "ל", 
            "links": [], 
            "text": "i"
        }, 
        {
            "segmentNumber": "21", 
            "he": "י", 
            "links": [], 
            "text": "z"
        }, 
        {
            "segmentNumber": "22", 
            "he": " ", 
            "links": [], 
            "text": "k"
        }, 
        {
            "segmentNumber": "23", 
            "he": "צ", 
            "links": [], 
            "text": "o"
        }, 
        {
            "segmentNumber": "24", 
            "he": "ה", 
            "links": [], 
            "text": "r"
        }, 
        {
            "segmentNumber": "25", 
            "he": "\"", 
            "links": [], 
            "text": "'"
        }, 
        {
            "segmentNumber": "26", 
            "he": "ל", 
            "links": [], 
            "text": " "
        }, 
        {
            "segmentNumber": "27", 
            "he": "", 
            "links": [], 
            "text": "f"
        }, 
        {
            "segmentNumber": "28", 
            "he": "", 
            "links": [], 
            "text": "r"
        }, 
        {
            "segmentNumber": "29", 
            "he": "", 
            "links": [], 
            "text": "o"
        }, 
        {
            "segmentNumber": "30", 
            "he": "", 
            "links": [], 
            "text": "m"
        }, 
        {
            "segmentNumber": "31", 
            "he": "", 
            "links": [], 
            "text": " "
        }, 
        {
            "segmentNumber": "32", 
            "he": "", 
            "links": [], 
            "text": "t"
        }, 
        {
            "segmentNumber": "33", 
            "he": "", 
            "links": [], 
            "text": "h"
        }, 
        {
            "segmentNumber": "34", 
            "he": "", 
            "links": [], 
            "text": "e"
        }, 
        {
            "segmentNumber": "35", 
            "he": "", 
            "links": [], 
            "text": " "
        }, 
        {
            "segmentNumber": "36", 
            "he": "", 
            "links": [], 
            "text": "b"
        }, 
        {
            "segmentNumber": "37", 
            "he": "", 
            "links": [], 
            "text": "a"
        }, 
        {
            "segmentNumber": "38", 
            "he": "", 
            "links": [], 
            "text": "t"
        }, 
        {
            "segmentNumber": "39", 
            "he": "", 
            "links": [], 
            "text": "t"
        }, 
        {
            "segmentNumber": "40", 
            "he": "", 
            "links": [], 
            "text": "l"
        }, 
        {
            "segmentNumber": "41", 
            "he": "", 
            "links": [], 
            "text": "e"
        }, 
        {
            "segmentNumber": "42", 
            "he": "", 
            "links": [], 
            "text": "s"
        }, 
        {
            "segmentNumber": "43", 
            "he": "", 
            "links": [], 
            "text": " "
        }, 
        {
            "segmentNumber": "44", 
            "he": "", 
            "links": [], 
            "text": "o"
        }, 
        {
            "segmentNumber": "45", 
            "he": "", 
            "links": [], 
            "text": "f"
        }, 
        {
            "segmentNumber": "46", 
            "he": "", 
            "links": [], 
            "text": " "
        }, 
        {
            "segmentNumber": "47", 
            "he": "", 
            "links": [], 
            "text": "I"
        }, 
        {
            "segmentNumber": "48", 
            "he": "", 
            "links": [], 
            "text": "s"
        }, 
        {
            "segmentNumber": "49", 
            "he": "", 
            "links": [], 
            "text": "r"
        }, 
        {
            "segmentNumber": "50", 
            "he": "", 
            "links": [], 
            "text": "a"
        }, 
        {
            "segmentNumber": "51", 
            "he": "", 
            "links": [], 
            "text": "e"
        }, 
        {
            "segmentNumber": "52", 
            "he": "", 
            "links": [], 
            "text": "l"
        }, 
        {
            "segmentNumber": "53", 
            "he": "", 
            "links": [], 
            "text": ":"
        }
    ], 
    "book": "Yizkor", 
    "prev": null, 
    "textDepth": 1, 
    "sectionNames": [
        "Paragraph"
    ], 
    "sections": [
        19
    ], 
    "isComplex": false, 
    "titleVariants": [
        "Yizkor"
    ], 
    "categories": [
        "Liturgy"
    ], 
    "ref": "Yizkor 19", 
    "type": "Liturgy", 
    "addressTypes": [
        "Integer"
    ], 
    "indexTitle": "Yizkor", 
    "heIndexTitle": "יזכור", 
    "alts": [], 
    "order": ""
}