{
    "content": [
        {
            "segmentNumber": "1", 
            "he": "גדולה מכולם שכל הבריות לפניו ככסף לפני צורף אי זהו כסף פסול ואי זהו כסף טהור ואף הוא צופה במשפחה כמה גרים יש כמה פצוע דכא יש כמה כרות שפכה יש כמה בני נדה כמה עבדים כמה ערלים:"
        }, 
        {
            "segmentNumber": "2", 
            "he": "גדולה מכולם שכל המעיז פניו בו מכהין מאור גלגל עיניו גדולה מכולם שכל הבוזה אינו עוזב לא שורש ולא ענף אף לא יורש גדולה מכולם שכל המספר בגנותו מביאים עליו כלה ומהומה ואין חומלין:"
        }, 
        {
            "segmentNumber": "3", 
            "he": "גדולה מכולם שתוקעים ומריעים ואחר כך מנדין ושבים מנדין ומחרימין שלשה פעמים בכל יום ויום מיום שנתנה רשות לכשרים ולענוים לעלובים לנבונים ולישרים ולחסידים לבחורים ולפרושים לצדיקים ולתמימים לירד ולעלות במרכבה לומר יהא בנדוי דטעצ\"ש ה' אלקי ישראל לו ולכסא כבודו ולכתר ראשו לבית דין של מעלה ולבית דין של מטה ולכל צבא מרום ולכל משרתיו מי שעומד לפניו חושש במרכבה ועוזב אותן:"
        }, 
        {
            "segmentNumber": "4", 
            "he": "אמר ר' ישמעאל כך היו שונין בצפיית המרכבה החושש במרכבה אין לו רשות לעמוד אלא מפני שלש מדות הללו מפני מלך מפני כהן גדול ומפני סנהדרין בזמן שיש ביניהם נשיא אבל אם אין ביניהם נשיא אפילו מפני הסנהדרין לא יעמוד ואם עמד דמו בראשו מפני שמקצר ימיו וממעט שנותיו:"
        }, 
        {
            "segmentNumber": "5", 
            "links": [
                {
                    "category": "Tanakh", 
                    "index_title": "Isaiah", 
                    "sourceHeRef": "ישעיהו ה׳:ג׳", 
                    "sourceRef": "Isaiah 5:3"
                }
            ], 
            "he": "אמר ר' ישמעאל מה הפרש שירות שאדם משורר ויורד למרכבה פותח תחלת שבח וראשית שירה תחלת גילה וראשית רנה משוררים השרים המשרתים בכל יום לה' אלקי ישראל על כסא כבודו הם מתנשאים גלגול כסא כבודו רנן רנן מושב הריע הריע פלא כלי חמדה פלא ופלא תשמיח תשמיח מלך שעליך בשמחת חתן בבית חופתו ישמח ויגיל כל זרע יעקב וכשבאתי לחסות תחת כנפיו בשמחת לבב ששמח בך ושיחתך עם שיחת יוצרך ועם מלכך שנאמר (ישעיה ה ג) קדוש קדוש קדוש ה' צבאות מלא כל הארץ כבודו:"
        }
    ], 
    "heTitle": "היכלות רבתי", 
    "indexTitle": "Hechalot Rabbati", 
    "sectionRef": "Hechalot Rabbati 2", 
    "prev": "Hechalot Rabbati 1", 
    "ref": "Hechalot Rabbati 2", 
    "heRef": "היכלות רבתי ב׳", 
    "next": "Hechalot Rabbati 3"
}