{
    "heTitleVariants": [
        " חידושי אגדות על מסכת ברכות"
    ], 
    "heTitle": " חידושי אגדות על מסכת ברכות ט״ו ב", 
    "content": [
        {
            "segmentNumber": "1", 
            "he": "<b>ע\"ב מה </b> ענין שאול אצל רחם אלא כו'. מפורש בפ' חלק: ", 
            "links": [
                {
                    "category": "Talmud", 
                    "sourceHeRef": "ברכות ט״ו ב:מ״ט", 
                    "index_title": "Berakhot", 
                    "sourceRef": "Berakhot 15b:49"
                }
            ], 
            "text": ""
        }, 
        {
            "segmentNumber": "2", 
            "he": "<b>בפרש </b> שדי מלכים כו'. כי זה השם היוצא מפרשת ק\"ש להגין על האדם משידין ורוחין כדאמרי' פרק ב' דשבועות (טו:) בשיר של פגעים יושב בסתר עליון בצל שדי וגו' וע\"כ כותבין זה השם על המזוזות מבחוץ נגד פ' שמע שבפנים ואמר אם מדקדק באותיותיה שגם בעוה\"ב יגין עליו מפני מלאכי חבלה הממונים על הגיהנם שמצננין לו גיהנם בשלג כמ\"ש שיש שם ג\"כ גיהנם של שלג ובו מצננין הגיהנם של אש: ", 
            "links": [
                {
                    "category": "Talmud", 
                    "sourceHeRef": "ברכות ט״ו ב:ע״א", 
                    "index_title": "Berakhot", 
                    "sourceRef": "Berakhot 15b:71"
                }
            ], 
            "text": ""
        }, 
        {
            "segmentNumber": "3", 
            "he": "<b>למה </b> נסמכו אהלים לנחלים. כתבו התוס' פ\"ה דכתיב כנחלים נטיו כאהלים נטע ול\"נ דהאי קרא לאו לשון אהל אלא לשון בשמים כו' ע\"ש ובחומש פירש\"י בלשון אחר שהוא לשון אהל כשמים המתוחין כאהל עכ\"ל וכן ת\"י אבל מ\"מ לא שייך לדרשה דהכא דאף אהלים מעלים כו' דהא ברקיע משתעי קרא אבל מה טובו אהליך מיירי שפיר בבתי כנסיות ומדרשות כמפורש פרק חלק: ", 
            "links": [
                {
                    "category": "Talmud", 
                    "sourceHeRef": "ברכות ט״ו ב:ע״ג", 
                    "index_title": "Berakhot", 
                    "sourceRef": "Berakhot 15b:73"
                }
            ], 
            "text": ""
        }
    ], 
    "heRef": " חידושי אגדות על מסכת ברכות ט״ו ב", 
    "toSections": [
        "15b"
    ], 
    "sectionRef": "Chidushei Agadot on Berakhot 15b", 
    "title": "Chidushei Agadot on Berakhot 15b", 
    "next": "Chidushei Agadot on Berakhot 16b", 
    "heBook": " חידושי אגדות על מסכת ברכות", 
    "book": "Chidushei Agadot on Berakhot", 
    "prev": "Chidushei Agadot on Berakhot 15a", 
    "textDepth": 2, 
    "sectionNames": [
        "Daf", 
        "Peirush"
    ], 
    "sections": [
        "15b"
    ], 
    "isComplex": false, 
    "titleVariants": [
        "Chidushei Agadot on Berakhot"
    ], 
    "categories": [
        "Commentary2", 
        "Talmud", 
        "Chidushei Agadot"
    ], 
    "ref": "Chidushei Agadot on Berakhot 15b", 
    "type": "Commentary2", 
    "addressTypes": [
        "Talmud", 
        "Integer"
    ], 
    "indexTitle": "Chidushei Agadot on Berakhot", 
    "heIndexTitle": " חידושי אגדות על מסכת ברכות", 
    "alts": [], 
    "order": ""
}