[{
    "links": [
        [
            "107:1", 
            "Shulchan Arukh, Orach Chayyim 107:1", 
            "Halakhah"
        ], 
        [
            "107:2", 
            "Shulchan Arukh, Orach Chayyim 107:1", 
            "Halakhah"
        ], 
        [
            "107:3", 
            "Shulchan Arukh, Orach Chayyim 107:1", 
            "Halakhah"
        ], 
        [
            "107:4", 
            "Shulchan Arukh, Orach Chayyim 107:2", 
            "Halakhah"
        ], 
        [
            "107:5", 
            "Shulchan Arukh, Orach Chayyim 107:3", 
            "Halakhah"
        ]
    ], 
    "text": [], 
    "heTitleVariants": [
        "מגן אברהם"
    ], 
    "heTitle": "מגן אברהם", 
    "heRef": "מגן אברהם ק״ז", 
    "toSections": [
        107
    ], 
    "sectionRef": "Magen Avraham 107", 
    "next": "Magen Avraham 108", 
    "book": "Magen Avraham", 
    "prev": "Magen Avraham 106", 
    "textDepth": 2, 
    "sectionNames": [
        "Siman", 
        "Seif Katan"
    ], 
    "sections": [
        107
    ], 
    "isComplex": false, 
    "titleVariants": [
        "Magen Avraham"
    ], 
    "categories": [
        "Halakhah", 
        "Shulchan Arukh"
    ], 
    "he": [
        "<b>חוזר ומתפלל</b>. ע' הטעם בגמ' הלואי שיתפלל אדם כל היום דלא כע\"ת, ומתנה ואומר אם לא התפללתי תהא לחובתי ואם התפללתי תהא לנדבתי [ב\"י רשב\"א]: \n\n", 
        "<b>חוץ מתפלת מוסף</b>. מפני שהיא חטאת ואין באה בנדבה ואף על גב שמוסף שבת היה עולה מ\"מ  אזלי' בתר רוב מוספין (הרא\"ש) ולא ידעתי מה הוצרך לדחוק דנ\"ל טעם ברור דשחרי' יכול להתפלל אותה במקום קרבן אחר משא\"כ במוסף שאומר ומוספין כהלכתן כו' וכ\"כ סי' ק\"ח ס\"ו: \n\n", 
        "<b>פוסק</b>. מדסתם משמע דס\"ל כהראב\"ד דאפילו בערבית שהיא רשו' פוסק מאחר דשוי' עליה כחובה: \n\n", 
        "<b>נתחדש אצלו</b>. דאלת\"ה מי הוא שלא יכול לחדש דבר בא' מכל הברכות או לרפוא' או לפרנסה או לתלמודו וכו' [טור]: נשאלתי א\"כ הא דאמרינן בדף כ\"ט העושה תפלתו קבע אין תפלתו תחנונים ופירשו רבה ור\"י כל שאינו יכול לחדש בה דבר תקשי נמי מי הוא שלא יוכל לחדש דבר והתם אין לומר שלא נתחדש אצלו דבר דא\"כ לעולם לא יתפלל תחנונים אא\"כ נתחדש אצלו דבר וזה לא מסתבר ועוד דלפ\"ז מאי קאמר רבי זירא אנא יכילנא לחדושי מלתא ומסתפינא דלא מטרידנא וגירסת הרי\"ף אם יכול לחדש דבר כדי שתהא תפלתו תחנונים יתפלל משמע דס\"ל כרבה ור\"י דלא מקרי תפלת תחנונים בלא חידוש וא\"כ אה\"נ דתפלת קבע רשאי להתפלל בכל יום ג\"פ אבל תחנונים רשאי להתפלל כל היום כולו ולכן קאמר רבה דאם נתחדש אצלו דבר רשאי להתפלל כל היום ור\"ז נמי קאמר אף על פי שנתחדש אצלו היה ירא שיטרד ומי שבטוח שלא יטרד רשאי לחדש כנ\"ל א\"נ ה\"ק שאם הוא גברא שאפי' נתחדש אצלו דבר אינו יכול לחדש דבר בתפלתו אין תפלתו תחנונים: \n\n", 
        "<b>אין צבור</b>. ואף על גב דצבור מביאין עולת קיץ לא שכיחא: \n\n"
    ], 
    "ref": "Magen Avraham 107", 
    "type": "Halakhah", 
    "addressTypes": [
        "Integer", 
        "Integer"
    ], 
    "indexTitle": "Magen Avraham", 
    "heIndexTitle": "מגן אברהם", 
    "alts": [], 
    "order": ""
}]