{
    "content": [
        {
            "segmentNumber": "1", 
            "links": [
                {
                    "category": "Halakhah", 
                    "index_title": "Shulchan Arukh, Orach Chayyim", 
                    "sourceHeRef": "אורח חיים ק״ה:א׳", 
                    "sourceRef": "Shulchan Arukh, Orach Chayyim 105:1"
                }
            ], 
            "he": "<b>ב' תפלות</b>. דוקא תפלת י\"ח [כ\"מ בטור]: \n"
        }, 
        {
            "segmentNumber": "2", 
            "links": [
                {
                    "category": "Halakhah", 
                    "index_title": "Shulchan Arukh, Orach Chayyim", 
                    "sourceHeRef": "אורח חיים ק״ה:א׳", 
                    "sourceRef": "Shulchan Arukh, Orach Chayyim 105:1"
                }
            ], 
            "he": "<b>ד' אמות</b>. אפילו אינו רוצה לחזור למקומו אלא מתפלל במקום שעומד שם עסי' קכ\"ג ס\"ב בהג\"ה: \n"
        }
    ], 
    "heTitle": "מגן אברהם", 
    "indexTitle": "Magen Avraham", 
    "sectionRef": "Magen Avraham 105", 
    "prev": "Magen Avraham 104", 
    "ref": "Magen Avraham 105", 
    "heRef": "מגן אברהם ק״ה", 
    "next": "Magen Avraham 106"
}