{
    "heTitleVariants": [
        "מגן אברהם"
    ], 
    "heTitle": "מגן אברהם", 
    "heRef": "מגן אברהם קפ״ו", 
    "toSections": [
        186
    ], 
    "sectionRef": "Magen Avraham 186", 
    "next": "Magen Avraham 187", 
    "content": [
        {
            "segmentNumber": "1", 
            "he": "<b>וספק אם הם</b>. דכתיב על הארץ הטובה ונשים לא היה להם חלק בארץ מצד עצמן אבל כהנים ולוים היה להם ערי מגרש בהג\"א וכ\"כ בכ\"ה דלא כש\"ג ועסי' קפ\"ז ס\"ג וז\"ל זוהר תרומה עמוד רצ\"ח דנשים פטורות מברכת המזון לאפקא להון ידי חובה דהא לית בהו תורה וברית עכ\"ל וזה כפירוש התוס': \n", 
            "links": [
                {
                    "category": "Halakhah", 
                    "sourceHeRef": "אורח חיים קפ״ו:א׳", 
                    "sourceRef": "Shulchan Arukh, Orach Chayyim 186:1", 
                    "ref": "Shulchan Arukh, Orach Chayyim 186:1"
                }
            ], 
            "text": ""
        }, 
        {
            "segmentNumber": "2", 
            "he": "<b>ועסי' קצ\"ט</b>. הלכך אין מוציאו' אחרים [טור]: \n", 
            "links": [
                {
                    "category": "Halakhah", 
                    "sourceHeRef": "אורח חיים קפ״ו:א׳", 
                    "sourceRef": "Shulchan Arukh, Orach Chayyim 186:1", 
                    "ref": "Shulchan Arukh, Orach Chayyim 186:1"
                }
            ], 
            "text": ""
        }, 
        {
            "segmentNumber": "3", 
            "he": "<b>כדי שביעה</b>. ואפי' אם גם הבן לא אכל כדי שביעה דהוי תרי דרבנן אפ\"ה מוציא לאביו כ\"מ סוף פסחים והתו' ספ\"ב דמגילה חולקין בזה וכן כ' האגודה ומשמע שם דוקא במגיל' דינא הכי עמ\"ש סי' תרפ\"ט ופשוט דקטן אינו מוציא את האשה: \n", 
            "links": [
                {
                    "category": "Halakhah", 
                    "sourceHeRef": "אורח חיים קפ״ו:ב׳", 
                    "sourceRef": "Shulchan Arukh, Orach Chayyim 186:2", 
                    "ref": "Shulchan Arukh, Orach Chayyim 186:2"
                }
            ], 
            "text": ""
        }
    ], 
    "book": "Magen Avraham", 
    "prev": "Magen Avraham 185", 
    "textDepth": 2, 
    "sectionNames": [
        "Siman", 
        "Seif Katan"
    ], 
    "sections": [
        186
    ], 
    "isComplex": false, 
    "titleVariants": [
        "Magen Avraham"
    ], 
    "categories": [
        "Halakhah", 
        "Shulchan Arukh"
    ], 
    "ref": "Magen Avraham 186", 
    "type": "Halakhah", 
    "addressTypes": [
        "Integer", 
        "Integer"
    ], 
    "indexTitle": "Magen Avraham", 
    "heIndexTitle": "מגן אברהם", 
    "alts": [], 
    "order": ""
}