{
    "heTitleVariants": [
        "מגן אברהם"
    ], 
    "heTitle": "מגן אברהם", 
    "heRef": "מגן אברהם רי״ט", 
    "toSections": [
        219
    ], 
    "sectionRef": "Magen Avraham 219", 
    "next": "Magen Avraham 220", 
    "content": [
        {
            "segmentNumber": "1", 
            "he": "קטן א\"צ להודות דל\"ש לומר לחייבים טובות דהא לאו בר עונשין הוא ואם יאמר על אביו לחייבים וכו' זה אסור לו לעשות ואם נאמר דידלג מלת חייבים אין לשנות מטבע שטבעו חכמים וא\"ל דחייבים קאי עליו דמצד הגלגול באין עליו יסורין דמנא ידע דלמא הוא בחטא אביו (רמ\"מ סי\"ד): בכ\"ה תמה למה אין הנשים מברכות ברכה זו ואי משום דבעי י' הא דבדיעבד סגי בלא י' ולכן תברך בפני איש א' או בפני נשים עכ\"ל ואפשר שמנהגן מפני שס\"ל שברכות אלו רשות: <b>חבוש</b>. על עסקי נפשות: \n", 
            "links": [
                {
                    "category": "Halakhah", 
                    "sourceHeRef": "אורח חיים רי״ט:א׳", 
                    "sourceRef": "Shulchan Arukh, Orach Chayyim 219:1", 
                    "ref": "Shulchan Arukh, Orach Chayyim 219:1"
                }
            ], 
            "text": ""
        }, 
        {
            "segmentNumber": "2", 
            "he": "<b>והשומעים כו'</b>. ואם לא אמרו אינו מעכב, טוב לברך מעומד (רמב\"ם): \n", 
            "links": [
                {
                    "category": "Halakhah", 
                    "sourceHeRef": "אורח חיים רי״ט:ב׳", 
                    "sourceRef": "Shulchan Arukh, Orach Chayyim 219:2", 
                    "ref": "Shulchan Arukh, Orach Chayyim 219:2"
                }
            ], 
            "text": ""
        }, 
        {
            "segmentNumber": "3", 
            "he": "<b>רבנן</b>. צ\"ל דתנו הלכתא כנ\"ל: \n", 
            "links": [
                {
                    "category": "Halakhah", 
                    "sourceHeRef": "אורח חיים רי״ט:ג׳", 
                    "sourceRef": "Shulchan Arukh, Orach Chayyim 219:3", 
                    "ref": "Shulchan Arukh, Orach Chayyim 219:3"
                }
            ], 
            "text": ""
        }, 
        {
            "segmentNumber": "4", 
            "he": "<b>אחר</b>. משמע דס\"ל דכל מי ששמח בו רשאי לברך וכ\"ש על אשתו שילדה וכ\"מ בד\"מ ובש\"ג וכ\"כ ב\"ח דלא כמ\"ש בב\"י והאחר רשאי לברך אפי' בפחות מי' ואם החולה יצא בברכתו בפחו' מי' יש פלוגתא כמ\"ש ס\"ג: \n", 
            "links": [
                {
                    "category": "Halakhah", 
                    "sourceHeRef": "אורח חיים רי״ט:ג׳", 
                    "sourceRef": "Shulchan Arukh, Orach Chayyim 219:3", 
                    "ref": "Shulchan Arukh, Orach Chayyim 219:3"
                }
            ], 
            "text": ""
        }, 
        {
            "segmentNumber": "5", 
            "he": "<b>ואין זה ברכה לבטלה</b>. כלומר דאם הוי ברכה לבטלה לא יצא חבירו בברכתו כמ\"ש סי' רי\"ג ס\"ב: \n", 
            "links": [
                {
                    "category": "Halakhah", 
                    "sourceHeRef": "אורח חיים רי״ט:ד׳", 
                    "sourceRef": "Shulchan Arukh, Orach Chayyim 219:4", 
                    "ref": "Shulchan Arukh, Orach Chayyim 219:4"
                }
            ], 
            "text": ""
        }, 
        {
            "segmentNumber": "6", 
            "he": "<b>ג' ימים</b>. ואם יצא ביום ב' יברך בפני י' בלא ס\"ת ואל ימתין עד יום ה' (כ\"ה): \n", 
            "links": [
                {
                    "category": "Halakhah", 
                    "sourceHeRef": "אורח חיים רי״ט:ו׳", 
                    "sourceRef": "Shulchan Arukh, Orach Chayyim 219:6", 
                    "ref": "Shulchan Arukh, Orach Chayyim 219:6"
                }
            ], 
            "text": ""
        }, 
        {
            "segmentNumber": "7", 
            "he": "<b>מיחוש קבוע</b>. ואף על פי שפעמי' רבות נתרפא ממנו מ\"מ לאו בכל יומא מתרחיש ניסא: \n", 
            "links": [
                {
                    "category": "Halakhah", 
                    "sourceHeRef": "אורח חיים רי״ט:ח׳", 
                    "sourceRef": "Shulchan Arukh, Orach Chayyim 219:8", 
                    "ref": "Shulchan Arukh, Orach Chayyim 219:8"
                }
            ], 
            "text": ""
        }, 
        {
            "segmentNumber": "8", 
            "he": "<b>וכן נוהגין</b>. וב\"ח פסק כסברא ראשונה וכן נוהגין קצת, (שייך לסעיף ה') וכ\"פ לעיל סימן ס' (והע\"ת לא דק): \n", 
            "links": [
                {
                    "category": "Halakhah", 
                    "sourceHeRef": "אורח חיים רי״ט:ח׳", 
                    "sourceRef": "Shulchan Arukh, Orach Chayyim 219:8", 
                    "ref": "Shulchan Arukh, Orach Chayyim 219:8"
                }
            ], 
            "text": ""
        }, 
        {
            "segmentNumber": "9", 
            "he": "<b>הגומל</b>. וכשיגיע למקום שנעשה בו הנס מברך שעשה לי נס במקום הזה: עיין סי' רי\"ח סעיף ט': \n", 
            "links": [
                {
                    "category": "Halakhah", 
                    "sourceHeRef": "אורח חיים רי״ט:ט׳", 
                    "sourceRef": "Shulchan Arukh, Orach Chayyim 219:9", 
                    "ref": "Shulchan Arukh, Orach Chayyim 219:9"
                }
            ], 
            "text": ""
        }, 
        {
            "segmentNumber": "10", 
            "he": "<b>וי\"א שאין מברכין</b>. ואם נעשה לו נס מברך רק בהגיע לאותו מקום ברוך שעשה לי נס כמ\"ש ס\"ס רי\"ח ונ\"ל דמי שהלך בדרך אפילו שלא במקום סכנה ובאו עליו לסטים להרגו וניצול מברך עס\"ז, ועכשיו נהגו לברך כל מי שנעשה לו נס וכ\"כ בלבוש: \n", 
            "links": [
                {
                    "category": "Halakhah", 
                    "sourceHeRef": "אורח חיים רי״ט:ט׳", 
                    "sourceRef": "Shulchan Arukh, Orach Chayyim 219:9", 
                    "ref": "Shulchan Arukh, Orach Chayyim 219:9"
                }
            ], 
            "text": ""
        }
    ], 
    "book": "Magen Avraham", 
    "prev": "Magen Avraham 218", 
    "textDepth": 2, 
    "sectionNames": [
        "Siman", 
        "Seif Katan"
    ], 
    "sections": [
        219
    ], 
    "isComplex": false, 
    "titleVariants": [
        "Magen Avraham"
    ], 
    "categories": [
        "Halakhah", 
        "Shulchan Arukh"
    ], 
    "ref": "Magen Avraham 219", 
    "type": "Halakhah", 
    "addressTypes": [
        "Integer", 
        "Integer"
    ], 
    "indexTitle": "Magen Avraham", 
    "heIndexTitle": "מגן אברהם", 
    "alts": [], 
    "order": ""
}