{
    "content": [
        {
            "segmentNumber": "1", 
            "links": [
                {
                    "category": "Halakhah", 
                    "index_title": "Shulchan Arukh, Orach Chayyim", 
                    "sourceHeRef": "אורח חיים שי״ד:א׳", 
                    "sourceRef": "Shulchan Arukh, Orach Chayyim 314:1"
                }
            ], 
            "he": "<b>שאינה מחזקת</b>. דאלו מחזקת מ' סאה ה\"ל כאהל וכ\"פ הר\"ן פכ\"ב ורש\"י ותו' בעירובין פ\"ג ואפי' אינו בנין גמור אסור ובבנין גמור שייך אפי' בכלי קטן והר\"ן פליג על רש\"י דס\"ל דהטע' משום מקלקל וכ\"ד התו' והרא\"ש דוק ותשכח דלא כע\"ש שכפל ושנה ושילש ולא דק בעירובין דף ל\"ד ע\"ש: \n"
        }, 
        {
            "segmentNumber": "2", 
            "links": [
                {
                    "category": "Halakhah", 
                    "index_title": "Shulchan Arukh, Orach Chayyim", 
                    "sourceHeRef": "אורח חיים שי״ד:א׳", 
                    "sourceRef": "Shulchan Arukh, Orach Chayyim 314:1"
                }
            ], 
            "he": "<b>מ' סאה</b>. היינו אמה על אמה ברום ג' אמות עם הדפנות בלא עובי הלבזבזים והרגלים וכ\"פ הרמב\"ם: \n"
        }, 
        {
            "segmentNumber": "3", 
            "links": [
                {
                    "category": "Halakhah", 
                    "index_title": "Shulchan Arukh, Orach Chayyim", 
                    "sourceHeRef": "אורח חיים שי״ד:א׳", 
                    "sourceRef": "Shulchan Arukh, Orach Chayyim 314:1"
                }
            ], 
            "he": "<b>בזפ' יכול כו'</b>. דמחמת גריעות' לא חייס עליה וליכא למיחש שמא יתכוין לעשות כלי (תוס' ורא\"ש): כתב הרמב\"ם פכ\"ג העושה נקב שהוא עשוי להכניס ולהוצי' כגון נקב שבלול התרנגולים שהוא עשוי להכניס האור ולהוצי' ההבל חייב משום מכה בפטיש לפיכך גזרו על כל נקב אפי' עשוי להכניס או להוצי' בלבד שמא יבא לעשות נקב שחייבין עליו והקשה הכ\"מ בפ\"י דהא כת' דחייב משום בונ' ול\"נ דהכא מיירי בלול שאינה מחוברת לקרקע ולית בה בנין וכתב עוד העושה נקב כ\"ש בין בעץ בין בבנין בין במתכת בין בכלים חייב משום מכה בפטיש והוא שיהא עשוי להכניס ולהוציא, העושה נקב בקרקע הבית שיצאו המים חייב משום בונה (רשד\"מ ס\"ה): \n"
        }, 
        {
            "segmentNumber": "4", 
            "links": [
                {
                    "category": "Halakhah", 
                    "index_title": "Shulchan Arukh, Orach Chayyim", 
                    "sourceHeRef": "אורח חיים שי״ד:א׳", 
                    "sourceRef": "Shulchan Arukh, Orach Chayyim 314:1"
                }
            ], 
            "he": "<b>שיתכוין לכך</b>. לא ידענ' מה חידש רמ\"א: \n"
        }, 
        {
            "segmentNumber": "5", 
            "links": [
                {
                    "category": "Talmud", 
                    "index_title": "Pesachim", 
                    "sourceHeRef": "פסחים מ״ז א", 
                    "sourceRef": "Pesachim 47a"
                }, 
                {
                    "category": "Halakhah", 
                    "index_title": "Shulchan Arukh, Orach Chayyim", 
                    "sourceHeRef": "אורח חיים שי״ד:א׳", 
                    "sourceRef": "Shulchan Arukh, Orach Chayyim 314:1"
                }
            ], 
            "he": "<b>ודוק' שהוציאו ג\"כ כו'</b>. ז\"ל ת\"ה אמנם נראה דסכין התקוע בחבית איירי שהוציאו והכניסוהו בחול ולאו פסיק רישיה הוא שיוסיף בנקב מדמייתי ראיה מסכינא דביני אורבי דצה ושלפה וכו' וההיא ע\"כ לאו פסיק רישיה הוא שירחיב בגומ' דר\"י פי' פ' כירה דלהכי בעינן דצה ושלפה שלא יזיז עפר ממקומו ומשום מוקצ' ומ\"מ ע\"כ מודה הוא דאי הוי פסיק רישיה להרחיב הגומא אסור דעושה גומ' וא\"צ לעפר' חייב מדאורייתא משום בנין כדאי' פ\"ק דביצה עכ\"ל, הנה מבואר דהת\"ה ס\"ל ג\"כ דהתיובת' קאי אשמואל דהא מייתי דברי התו' והם כתבו כך בהדי' ומשמע דס\"ל פשוט להת\"ה דאף לפי המסקנא דאתותב שמואל מ\"מ מיירי בענין דלא הוי פסיק רישי' דעושה גומא דפסיק רישיה כ\"ע מודו דאסו' והא מלאכה דאוריית' היא דדוק' כשחופר גומא וצריך לעפרא הוי דרבנן אבל כשא\"צ לעפרא הוי דאוריית' ופסיק רישי' בדאוריית' אסור לכ\"ע אלא ע\"כ מיירי בענין דלא הוי פסיק רישיה כלל וא\"כ ההיא דחבית נמי מיירי בענין דלא הוי פסיק רישיה כלל דמלאכה דאוריית' הוא דעוש' פתח לחבית אבל פסיק רישיה במלאכה דרבנן ס\"ל להת\"ה דמותר ומביא ראיה ממרדכי פ' הזורק דמתיר לשפוך מים אף על פי שיורד לכרמלית כיון דאינו מתכוין שיצאו לחוץ ואף על גב דפסיק רישיה הוא ע\"ש (ע' ברכות דכ\"ד ע\"ב בתוס' וסי' תנ\"ח  סי\"ב וע' בתו' פסחים דף מ\"ז): ולי צ\"ע על הגאון דאמרי' דף קי\"ג עמודים התחובים בארץ אסור להוציאן מ\"ט אילימ' משום דעביד גומות ממילא קא הוין דתנן הטומן לפת וכו' והתם בודאי פסיק רישיה הוא דעביד גומות ואפ\"ה שרי וכ\"כ התוס' דאפי' אין מקצת עליו מגולין שרי לתחוב בו כו' ע\"ש דף נ\"א וטעמא דמקלקל היא כדאי' דף ע\"ג ופטור אפי' לר\"י ודברי התוס' דף צ\"ט בד\"ה מפני שמזיז וכו' צ\"ע ע\"ש ואפשר דמיירי במתקן כגון בשדה כמ\"ש המ\"מ ספ\"א וע\"ק מ\"ש בחופר גומ' וא\"צ לעפר' חייב דזה אינו אלא בצריך לגומא אבל בשאינו צריך כלל לא לגומא ולא לעפר פשיטא דפטור דהוי מלאכה שא\"צ לגופה ודבר שאין מתכוין ומקלקל וגם חופר כלאחר יד הוא כדאי' דף מ\"ו ברש\"י דחופר דחייב היינו במר' וקרדום ע\"ש לכן נ\"ל דמדינא אין כאן איסור אפי' בכותל ובחבית גדולה כיון דדבר שאין מתכוין ומקלקל הוא אלא שהת\"ה נדחק לקיים המנהג שנהגו כמ\"ש הוא בעצמו ע\"ש וכ\"כ מהרי\"ו סי' ק\"ל דנהגו בו איסור להוציא דנר' כעושה נקב בכותל עכ\"ל גם מ\"ש להתיר פסיק רישיה במילי דרבנן וכ\"כ סי' ס\"ו צ\"ע דבסימן שי\"ו ס\"ד אית' בהדי' דאסור ותלמוד ערוך הוא וכ\"כ התוס' בשבת דף ק\"ג סוף ד\"ה לא צריכ' ע\"ש וכ\"מ סימן של\"ז ס\"א וסס\"ב ע\"ש, ואף שהתוס' פסחים דף כ\"ה כתבו דשרי ע\"ש היינו בדרך אין לו' אבל לפי האמת אסור וכ\"מ סי' רע\"ז ס\"א וס\"ג ואף שהרא\"ש בפסחים כ' דפסיק רישיה אסור בכל מידי דאוריי' נ\"ל דנקטה משום שאר איסורים ע\"ש אבל לכ\"ע פסיק רישיה אפי' במילי דרבנן אסור ומ\"ש ראיה מהמרדכי אינה ראיה דהתם אי לא עביד מידי ואפי' יוצאין לר\"ה ליכא איסור' כמ\"ש סי' שנ\"ז אלא דרבנן גזרו בר\"ה ובכרמלית לא גזרו שכשאינו מתכוין להוציאה דכיון שאינו מתכוין לא אתי להוציאה להדיא ע\"ש עמ\"ש ססי' רנ\"ג דבאמירה לעכו\"ם בפסיק רישיה יש להתיר ודוק בדברי כי קצרתי: \n"
        }, 
        {
            "segmentNumber": "6", 
            "links": [
                {
                    "category": "Halakhah", 
                    "index_title": "Shulchan Arukh, Orach Chayyim", 
                    "sourceHeRef": "אורח חיים שי״ד:ה׳", 
                    "sourceRef": "Shulchan Arukh, Orach Chayyim 314:5"
                }
            ], 
            "he": "<b>שמא יקטום</b>. ואף על גב דאוכלי בהמה אין בהם משום תיקון כלי כמ\"ש סימן שכ\"ב ס\"ד י\"ל  שדרך הוא שאפי' באוכלי בהמה מתקנים כלי העשוי כבר ולכן אסור אבל אין עושין ממנו כלי בתחלה, ר\"ן: \n"
        }, 
        {
            "segmentNumber": "7", 
            "links": [
                {
                    "category": "Halakhah", 
                    "index_title": "Shulchan Arukh, Orach Chayyim", 
                    "sourceHeRef": "אורח חיים שי״ד:ו׳", 
                    "sourceRef": "Shulchan Arukh, Orach Chayyim 314:6"
                }
            ], 
            "he": "<b>ראש החבית</b>. משמע אפי' להתיז גוף החבית עם המגופה שרי כ\"כ התוס' דף מ\"ח ומיירי שדיבק שברים בזפת כמ\"ש ס\"א (ש\"ג) אבל הטור כתב מותר להתיז ראש המגופה וזה אפי' בחבית שלימה שרי דאינה חיבור: \n"
        }, 
        {
            "segmentNumber": "8", 
            "links": [
                {
                    "category": "Halakhah", 
                    "index_title": "Shulchan Arukh, Orach Chayyim", 
                    "sourceHeRef": "אורח חיים שי״ד:ו׳", 
                    "sourceRef": "Shulchan Arukh, Orach Chayyim 314:6"
                }
            ], 
            "he": "<b>למעלה מותר</b>. אף על גב דבחבית אסור כמ\"ש ס\"א מגופה שאני מן החבית דאפי' אם היה עשוי הנקב שבמגופה להכניס ולהוציא לא מחייב והכא כיון שאינו עשוי להכניס ולהוציא שרי [תו' שם] וא\"כ אפי' בחבית שלימה שרי: \n"
        }, 
        {
            "segmentNumber": "9", 
            "links": [
                {
                    "category": "Halakhah", 
                    "index_title": "Shulchan Arukh, Orach Chayyim", 
                    "sourceHeRef": "אורח חיים שי״ד:ז׳", 
                    "sourceRef": "Shulchan Arukh, Orach Chayyim 314:7"
                }
            ], 
            "he": "<b>יכול להתירו</b>. דלאו קשר של קיימא הוא: \n"
        }, 
        {
            "segmentNumber": "10", 
            "links": [
                {
                    "category": "Halakhah", 
                    "index_title": "Shulchan Arukh, Orach Chayyim", 
                    "sourceHeRef": "אורח חיים שי״ד:ז׳", 
                    "sourceRef": "Shulchan Arukh, Orach Chayyim 314:7"
                }
            ], 
            "he": "<b>ויש מתירין</b>. דהא סתירה גרועה היא כיון שא\"צ לשבור שום דבר וצ\"ע דבסימן שי\"ג ס\"ט כתב התוקע עץ וכו' חייב משום בונה וא\"כ כשסותרו הוי סותר, וי\"ל דהתם מיירי כגון שעושה כלי כגון המכניס עץ בתוך הקרדום אבל הכא בלי צירי' נמי הוי כלי ועמ\"ש שם ס\"ה ונ\"ל דלכ\"ע אסור לקבוע הצירים במסמרים דמתקן מנא אבל זה מקלקל הוא: \n"
        }, 
        {
            "segmentNumber": "11", 
            "links": [
                {
                    "category": "Halakhah", 
                    "index_title": "Shulchan Arukh, Orach Chayyim", 
                    "sourceHeRef": "אורח חיים שי״ד:ז׳", 
                    "sourceRef": "Shulchan Arukh, Orach Chayyim 314:7"
                }
            ], 
            "he": "<b>ע\"י עכו\"ם</b>. וביש\"ש פ\"ד דביצה ס\"ט כ' דוקא בהפסד מרובה או שנחפז הרבה לצורך מצוה אבל בסכין או במחט שרי לפתוח כדאי' במשנה עכ\"ל: \n"
        }, 
        {
            "segmentNumber": "12", 
            "links": [
                {
                    "category": "Halakhah", 
                    "index_title": "Shulchan Arukh, Orach Chayyim", 
                    "sourceHeRef": "אורח חיים שי״ד:ח׳", 
                    "sourceRef": "Shulchan Arukh, Orach Chayyim 314:8"
                }
            ], 
            "he": "<b>חותלו'</b>. כלים של כפות תמרים עשוים כמין סלים: \n"
        }, 
        {
            "segmentNumber": "13", 
            "links": [
                {
                    "category": "Halakhah", 
                    "index_title": "Shulchan Arukh, Orach Chayyim", 
                    "sourceHeRef": "אורח חיים שי״ד:ח׳", 
                    "sourceRef": "Shulchan Arukh, Orach Chayyim 314:8"
                }
            ], 
            "he": "<b>ששובר אגוזים</b>. משמע דוקא הני דלאו כלים גמורים דאינם עשוים אלא שיתבשלו התמרים בתוכם אבל כלי גמור פשיטא דאסור כ\"מ בירושלמי דף י' ע\"ב: \n"
        }, 
        {
            "segmentNumber": "14", 
            "links": [
                {
                    "category": "Halakhah", 
                    "index_title": "Shulchan Arukh, Orach Chayyim", 
                    "sourceHeRef": "אורח חיים שי״ד:ט׳", 
                    "sourceRef": "Shulchan Arukh, Orach Chayyim 314:9"
                }
            ], 
            "he": "<b>מותר להפקיע ולחתוך</b>. דפסיקת תלוש אינו אסור אלא מתקנו למדה או לעשות כלי והיתר גמור הוא לחתוך התלוש חוץ מדבר שיש בו כלי בחתיכתו אבל מקלקל בפסיקת תלוש מותר לגמרי [ש\"ל] ואפי' למ\"ד יש בנין בכלים שרי שהרי אינו כלי שאינו קשור לחבר שברים זה בזה ול\"ד להיכא שהוא קשור הכסוי בכלים [מרדכי פ\"ב דביצה] ומשמע מזה דהני בחביות קטנות של מרקח' אסור להסיר החשוקים שהרי עשוים לחבר שברים זה בזה ועס\"א וכתב ע\"ש בשם כ\"ג מה\"ב דיש להתיר ע\"י עכו\"ם ובקישור חבלים אפי' ע\"י ישראל מותר עכ\"ל וכתב עוד שם המרדכי שהמבקע עצים לחתיכות גדולות לא הוי מלאכה אלא עובדא דחול והמבקע לחתיכות קטנות הוי טוחן וכ\"מ בתו' ור\"ן עסי' תק\"א: בתוספתא פ\"ט קורע אדם את העור מע\"פ חבית של יין ושל מורייס ובלבד שלא יתכוין לעשות זינוקי ואין פותחין לפסין סתומות ורשב\"ג מתיר ועפ\"ד דביצה: \n"
        }, 
        {
            "segmentNumber": "15", 
            "links": [
                {
                    "category": "Halakhah", 
                    "index_title": "Shulchan Arukh, Orach Chayyim", 
                    "sourceHeRef": "אורח חיים שי״ד:י״א", 
                    "sourceRef": "Shulchan Arukh, Orach Chayyim 314:11"
                }
            ], 
            "he": "<b>היין יוצא כו'</b>. דמיחזי כמתקן [ב\"י] ונראה דוקא בדבר שאין דרך לסתום אבל מותר לסתום בעץ כמו שהוא דרך לסתום בו [בד\"ה] ועבב\"ח ובמ\"מ דס\"ל דאפי' אין היין יוצא אסור לסתום הנקב כשם שאסור לפתחו וכ\"כ הרמב\"ם אבל בשעוה לא מיקרי סתימא כיון שאין נותנו תוך הנקב ולהכי קאמר טעמא משום מירוח: \n"
        }, 
        {
            "segmentNumber": "16", 
            "links": [
                {
                    "category": "Halakhah", 
                    "index_title": "Shulchan Arukh, Orach Chayyim", 
                    "sourceHeRef": "אורח חיים שי״ד:י״א", 
                    "sourceRef": "Shulchan Arukh, Orach Chayyim 314:11"
                }
            ], 
            "he": "<b>ת\"ח מותר</b>. נ\"ל דאף דהאידנא דאין לנו ת\"ח וכמו שכתב בססי' של\"ח מ\"מ בדין זה שרי הואיל והרמב\"ם סביר' ליה דהערמה זו מותר לכל אדם ופשוט בשעוה דאם מרח חייב חטאת או בשמן דגזרי' אטו שעוה אפי' לת\"ח אסור להערים אפי' בהנחה בעלמא והאי שעוה צ\"ל דהכינו לתשמיש מאתמול דאל\"כ אסור בלא\"ה משום מוקצ' דלאו כלי הוא: \n"
        }
    ], 
    "heTitle": "מגן אברהם", 
    "indexTitle": "Magen Avraham", 
    "sectionRef": "Magen Avraham 314", 
    "prev": "Magen Avraham 313", 
    "ref": "Magen Avraham 314", 
    "heRef": "מגן אברהם שי״ד", 
    "next": "Magen Avraham 315"
}