{
    "heTitleVariants": [
        "מגן אברהם"
    ], 
    "heTitle": "מגן אברהם", 
    "heRef": "מגן אברהם רכ״ד", 
    "toSections": [
        224
    ], 
    "sectionRef": "Magen Avraham 224", 
    "next": "Magen Avraham 225", 
    "content": [
        {
            "segmentNumber": "1", 
            "he": "<b>מרקוליס</b>. פי' חילוף קילוס דאסור להזכיר ע\"א בשמה (ע\"א רפ\"ד): \n", 
            "links": [
                {
                    "category": "Halakhah", 
                    "sourceHeRef": "אורח חיים רכ״ד:א׳", 
                    "sourceRef": "Shulchan Arukh, Orach Chayyim 224:1", 
                    "ref": "Shulchan Arukh, Orach Chayyim 224:1"
                }
            ], 
            "text": ""
        }, 
        {
            "segmentNumber": "2", 
            "he": "<b>שאר ע\"א</b>. אפי' בית ע\"א (ב\"י) וב\"ח פי' דוקא כשרואה אותם בגלוי ועסי\"א מ\"ש: \n", 
            "links": [
                {
                    "category": "Halakhah", 
                    "sourceHeRef": "אורח חיים רכ״ד:א׳", 
                    "sourceRef": "Shulchan Arukh, Orach Chayyim 224:1", 
                    "ref": "Shulchan Arukh, Orach Chayyim 224:1"
                }
            ], 
            "text": ""
        }, 
        {
            "segmentNumber": "3", 
            "he": "<b>והאידנא</b>. נ\"ל דבא לאשמועינן אפי' הולך לעיר אחרת וראה א\"א מ\"מ כיון דראה כיוצא בזה בעירו תוך ל' אינו מברך כנ\"ל עמ\"ש סי' רי\"ח סי\"ג ואפשר דבא להשמיענו דאפי' קטן שהגדיל אינו צריך לברך כיון שראה אותה בקטנותו כתב ב\"ח בשם ספר האשכול השמר לך לראות קניגנאות של עכו\"ם וה\"ה מחולת' או שום דבר שמחת' ואם תשמע קול עכו\"ם מחנגין ושמחים האנח ותצער על חורבן ירושלים ותתפלל להקב\"ה עלי' עכ\"ל ובפרק קמא דע\"א איתא דאפילו ההולך לקניגאות של ישראל ה\"ז בכלל מושב לצים: \n", 
            "links": [
                {
                    "category": "Halakhah", 
                    "sourceHeRef": "אורח חיים רכ״ד:א׳", 
                    "sourceRef": "Shulchan Arukh, Orach Chayyim 224:1", 
                    "ref": "Shulchan Arukh, Orach Chayyim 224:1"
                }
            ], 
            "text": ""
        }, 
        {
            "segmentNumber": "4", 
            "he": "<b>שחלק</b>. שישראל הם חלק אלוה ודבקים בו לכן אומר שחלק: \n", 
            "links": [
                {
                    "category": "Halakhah", 
                    "sourceHeRef": "אורח חיים רכ״ד:ו׳", 
                    "sourceRef": "Shulchan Arukh, Orach Chayyim 224:6", 
                    "ref": "Shulchan Arukh, Orach Chayyim 224:6"
                }
            ], 
            "text": ""
        }, 
        {
            "segmentNumber": "5", 
            "he": "<b>בחכמו' העולם</b>. ואם אינן חכמים אלא בדתם אינו מברך עליהם השלטונים שאין עול מלך עליהם לשנות דבריה' ודן והורג במשפט מברך עליהם, ועל השרים שממנה המלך בכל עיר טוב וישר לברך בלא שם ומלכות, על השופט הגדול שהוא הקאד\"י אין מברכין כלל (רדב\"ז ח\"ב ג'): \n", 
            "links": [
                {
                    "category": "Halakhah", 
                    "sourceHeRef": "אורח חיים רכ״ד:ז׳", 
                    "sourceRef": "Shulchan Arukh, Orach Chayyim 224:7", 
                    "ref": "Shulchan Arukh, Orach Chayyim 224:7"
                }
            ], 
            "text": ""
        }, 
        {
            "segmentNumber": "6", 
            "he": "<b>מלכי ישראל</b>. משמע בגמרא אפי' סומא שיודע שהמלך עובר מברך: \n", 
            "links": [
                {
                    "category": "Halakhah", 
                    "sourceHeRef": "אורח חיים רכ״ד:ח׳", 
                    "sourceRef": "Shulchan Arukh, Orach Chayyim 224:8", 
                    "ref": "Shulchan Arukh, Orach Chayyim 224:8"
                }
            ], 
            "text": ""
        }, 
        {
            "segmentNumber": "7", 
            "he": "<b>להשתדל</b>. משמע בגמרא דמותר לעבור על מצות דרבנן לראות מלכים אפילו מלכי א\"ה ומ\"מ מדסיים משום כבוד מלכות לא גזרו רבנן משמע דוקא במלכי ישראל אמרו ומשום כבודן וכ\"מ מדלא כ' בי\"ד סי' שע\"ב דין זה משמע דוקא במלכי ישראל שרי וזה אין לנו עכשיו בעו\"ה, ומ\"ש בגמרא ולא לקראת כו' היינו שמצוה לרוץ לקראת מלכי א\"ה שאם יזכה לראות מלך המשיח שיבא במהרה יבחין מה בין גדולתם לגדולתו וידע שכר עושי מצות ומ\"מ אסור לעבור אפי' מצוה דרבנן בשביל זה, ובס\"ח סי' תתק\"נ כ' שאם רואה פעם אחת המלך אל יבטל יותר מלימודו לראותו אם לא שבא בחיל יותר ובכבוד גדול יותר וברמב\"ם ספ\"ג דאבל כ' בהדיא שמותר לטמא בטומא' של דבריה' מפני כבוד מלכי' אפי' למלכי א\"ה או מפני כבוד הבריו' כגון לנחם אבל וכ\"כ התו' בבכורות דף כ\"ט וכ\"ה בירושלמי דברכות וכתבו התו' דדוק' להני מצות אבל בשאר מצות בעי ניפוח וכ\"כ בפסחים ספ\"ח וכ\"כ הרמב\"ן בהשגות: \n", 
            "links": [
                {
                    "category": "Halakhah", 
                    "sourceHeRef": "אורח חיים רכ״ד:ט׳", 
                    "sourceRef": "Shulchan Arukh, Orach Chayyim 224:9", 
                    "ref": "Shulchan Arukh, Orach Chayyim 224:9"
                }
            ], 
            "text": ""
        }, 
        {
            "segmentNumber": "8", 
            "he": "<b>בתי ישראל</b>. פי' בתי עשירי ישראל שמיושבים בתוקף ובגבורה כגון בישוב בית שני (רש\"י) ואפשר דוקא בא\"י קאמר ולא בח\"ל, וב\"ח כ' בשם רש\"ל שהן מיושבי עתה כגון בבית שני: \n", 
            "links": [
                {
                    "category": "Halakhah", 
                    "sourceHeRef": "אורח חיים רכ״ד:י׳", 
                    "sourceRef": "Shulchan Arukh, Orach Chayyim 224:10", 
                    "ref": "Shulchan Arukh, Orach Chayyim 224:10"
                }
            ], 
            "text": ""
        }, 
        {
            "segmentNumber": "9", 
            "he": "<b>בתי ע\"א</b>. פי' בתי א\"ה שיושבים בשלוה והשקט ועושר וב\"ח כ' בשם רש\"ל דנהגו העולם לומר דוקא על בתי כנסיות שמתפללין בתוכ' וכן להיפך בבית עכו\"ם: \n", 
            "links": [
                {
                    "category": "Halakhah", 
                    "sourceHeRef": "אורח חיים רכ״ד:י״א", 
                    "sourceRef": "Shulchan Arukh, Orach Chayyim 224:11", 
                    "ref": "Shulchan Arukh, Orach Chayyim 224:11"
                }
            ], 
            "text": ""
        }, 
        {
            "segmentNumber": "10", 
            "he": "<b>חזר וראה</b>. ודוקא כשראה אותו מלך אבל אם ראה מלך אחר צריך לברך (רדב\"ז בשם הראב\"ד ז\"ל): \n", 
            "links": [
                {
                    "category": "Halakhah", 
                    "sourceHeRef": "אורח חיים רכ״ד:י״ג", 
                    "sourceRef": "Shulchan Arukh, Orach Chayyim 224:13", 
                    "ref": "Shulchan Arukh, Orach Chayyim 224:13"
                }
            ], 
            "text": ""
        }
    ], 
    "book": "Magen Avraham", 
    "prev": "Magen Avraham 223", 
    "textDepth": 2, 
    "sectionNames": [
        "Siman", 
        "Seif Katan"
    ], 
    "sections": [
        224
    ], 
    "isComplex": false, 
    "titleVariants": [
        "Magen Avraham"
    ], 
    "categories": [
        "Halakhah", 
        "Shulchan Arukh"
    ], 
    "ref": "Magen Avraham 224", 
    "type": "Halakhah", 
    "addressTypes": [
        "Integer", 
        "Integer"
    ], 
    "indexTitle": "Magen Avraham", 
    "heIndexTitle": "מגן אברהם", 
    "alts": [], 
    "order": ""
}