[{
    "links": [
        [
            "8:1:1", 
            "Mishnah Shevuot 8:1", 
            "Mishnah"
        ]
    ], 
    "text": [], 
    "heTitleVariants": [
        "רמב\"ם על משנה שבועות"
    ], 
    "heTitle": "רמב\"ם על משנה שבועות", 
    "commentaryBook": "Mishnah Shevuot", 
    "heRef": "רמב\"ם על משנה שבועות ח׳", 
    "toSections": [
        8
    ], 
    "sectionRef": "Rambam on Mishnah Shevuot 8", 
    "title": "Rambam on Mishnah Shevuot 8", 
    "lengths": [
        8, 
        62
    ], 
    "next": null, 
    "book": "Rambam on Mishnah Shevuot", 
    "prev": "Rambam on Mishnah Shevuot 7:8", 
    "textDepth": 3, 
    "sectionNames": [
        "Chapter", 
        "Mishna", 
        "Comment"
    ], 
    "sections": [
        8
    ], 
    "commentator": "Rambam", 
    "isComplex": false, 
    "commentaryCategories": [
        "Mishnah", 
        "Seder Nezikin"
    ], 
    "titleVariants": [
        "Rambam on Mishna Shevuot", 
        "Rambam on Mishnah Shevuot", 
        "Rambam on M. Shevuot", 
        "Maimonides on Mishna Shevuot", 
        "Maimonides on M. Shevuot", 
        "Maimonides on M Shevuot", 
        "Rambam on M Shevuot", 
        "Maimonides on Mishnah Shevuot"
    ], 
    "categories": [
        "Commentary", 
        "Mishnah", 
        "Rambam"
    ], 
    "he": [
        [
            "<b>ארבעה שומרין הן שומר חנם והשואל נושא שכר והשוכר כו': </b>דיני הארבעה שומרין שלשה לפי שדין נושא שכר והשוכר אחד והדינין הנזכרים בהן הוא לשון התורה ויוקש עליהם כי נושא שכר והשוכר נשבעין על האונס ואינם חייבים לשלם כי שבורה ומתה אונס הוא והשואל חייב באונס אלא אם מתה בשעת מלאכה כמו שבארנו בפ' שמיני מן בבא מציעא ושבועת השומרין הוא שבועת התורה ואע\"פ שהשואל משלם את הכל ישבע קודם לכן שבועת התורה שאותו הדבר נאבד שיש לומר שמא עיניו נתן בה ועל הדרך שבארנו בפרק ששי מזו המסכתא: [אמר לשומר חנם כו'] זה מבואר לפי שכפר בדבר שאפילו הודה בו לא יתחייב לשלם ממון לפי שהשבועה היא שהוא חייב באיזה ענין שיהיה מזה ועל זה תקיש כל אלה ההלכות וזולתם כי מי שנשבע על דבר שקר שאילו אמר בו אמת לא יתחייב לשלם ממון הוא פטור ואע\"פ שנשבע שלא כהוגן כיון שלא הועיל לו שקרו ןכל מי שנשבע על דבר שאילו היה מודה באמתת הדבר היה חייב לשלם הממון הוא חייב על שכפר האמת עד שיפטר עצמו מן הממון וכמו כן הדיין אין ראוי להשביע שום אדם על כפירתו בדבר שאילו הודה לא יתחייב לשלם: [היכן שורי כו'] שומר חנם כששלח ידו בפקדון ונשבע הוא חייב קרן וחומש ואשם כשהודה מאליו אבל אם העידו עליו בזה והוא כופר אינו חייב חומש ולא אשם וכמו כן כשטען נגנבה והיה הוא עצמו שגנבה יתחייב תשלומי כפל כמו שנאמר אם לא ימצא הגנב וגו' כלומר אם ימצא שהוא הגנב ישלם שנים אם יש שם עדים ואם הודה מאליו משלם קרן וחומש ואשם וכבר קדם פי' ההלכה ועקריו בפרק תשיעי מב\"ק: [אמר לאחד כו'] כבר בארנו פעמים הרבה שתשלומי כפל ותשלומי ארבעה וחמשה הוא קנס ומן העקרים שהמודה בקנס פטור ובפירוש אמרו שאין אדם משלם קנס ע\"פ עצמו: [אמר לשואל כו'] זה גם כן מבואר לפי שלא פטר עצמו בטענה זו מכלום אבל חייב הוא לשלם עכ\"פ ולפיכך הוא פטור על השבועה: [היכן שורי כו'] כל זה מבואר לפי שאילו הודה היה חייב לשלם: [אמר לנושא כו'] כל זה מבואר וכבר הקדמנו עקרו וכל מה שאמר בזה הפרק חייב ופטור ר\"ל חייב משום שבועת הפקדון שחייב על מה שיכחיש בה קרן וחומש ואשם כמו שקדם באורו ופטור משבועת הפקדון אבל הוא חייב משום שבועת בטוי לפי שנשבע לשקר וכבר התבאר ששבועת בטוי חייבין על זדונה מלקות ועל שגגתה קרבן עולה ויורד:  סליקא לה פירוש המשניות להרמב\"ם ממסכת שבועות "
        ]
    ], 
    "ref": "Rambam on Mishnah Shevuot 8", 
    "type": "Commentary", 
    "addressTypes": [
        "Perek", 
        "Mishnah", 
        "Integer"
    ], 
    "heCommentator": "רמב\"ם", 
    "length": 8, 
    "indexTitle": "Rambam on Mishnah Shevuot", 
    "heIndexTitle": "רמב\"ם על משנה שבועות", 
    "alts": [], 
    "order": [
        36, 
        6
    ]
}]