[{
    "links": [], 
    "text": [], 
    "heTitleVariants": [
        "ליקוטי מוהר\"ן"
    ], 
    "heTitle": "ליקוטי מוהר\"ן", 
    "heRef": "ליקוטי מוהר\"ן קנ״ה", 
    "toSections": [
        155
    ], 
    "sectionRef": "Likutei Moharan 155", 
    "next": "Likutei Moharan 282", 
    "book": "Likutei Moharan", 
    "prev": "Likutei Moharan 49", 
    "textDepth": 2, 
    "sectionNames": [
        "Torah", 
        "Section"
    ], 
    "sections": [
        155
    ], 
    "isComplex": false, 
    "titleVariants": [
        "Likutei Moharan Kama", 
        "Likutei Moharan"
    ], 
    "categories": [
        "Chasidut"
    ], 
    "he": [], 
    "ref": "Likutei Moharan 155", 
    "type": "Chasidut", 
    "addressTypes": [
        "Integer", 
        "Integer"
    ], 
    "indexTitle": "Likutei Moharan", 
    "heIndexTitle": "ליקוטי מוהר\"ן", 
    "alts": [], 
    "order": ""
}]