[{
    "links": [], 
    "text": [], 
    "heTitleVariants": [
        "ספר חסידים"
    ], 
    "heTitle": "ספר חסידים", 
    "heRef": "ספר חסידים ת״י", 
    "toSections": [
        410
    ], 
    "sectionRef": "Sefer Hasidim 410", 
    "next": "Sefer Hasidim 452", 
    "book": "Sefer Hasidim", 
    "prev": null, 
    "textDepth": 2, 
    "sectionNames": [
        "Chapter", 
        "Verse"
    ], 
    "sections": [
        410
    ], 
    "isComplex": false, 
    "titleVariants": [
        "Sefer Hasidim"
    ], 
    "categories": [
        "Halakhah"
    ], 
    "he": [], 
    "ref": "Sefer Hasidim 410", 
    "type": "Halakhah", 
    "addressTypes": [
        "Integer", 
        "Integer"
    ], 
    "indexTitle": "Sefer Hasidim", 
    "heIndexTitle": "ספר חסידים", 
    "alts": [], 
    "order": ""
}]