{
    "heTitleVariants": [
        "ספר חסידים"
    ], 
    "heTitle": "ספר חסידים", 
    "heRef": "ספר חסידים שצ״ה", 
    "toSections": [
        395
    ], 
    "sectionRef": "Sefer Hasidim 395", 
    "next": "Sefer Hasidim 452", 
    "content": [], 
    "book": "Sefer Hasidim", 
    "prev": "Sefer Hasidim 158", 
    "textDepth": 2, 
    "sectionNames": [
        "Chapter", 
        "Verse"
    ], 
    "sections": [
        395
    ], 
    "isComplex": false, 
    "titleVariants": [
        "Sefer Hasidim"
    ], 
    "categories": [
        "Halakhah"
    ], 
    "ref": "Sefer Hasidim 395", 
    "type": "Halakhah", 
    "addressTypes": [
        "Integer", 
        "Integer"
    ], 
    "indexTitle": "Sefer Hasidim", 
    "heIndexTitle": "ספר חסידים", 
    "alts": [], 
    "order": ""
}