{
    "heTitleVariants": [
        "רש\"י על נדה", 
        "רש\"י על נידה"
    ], 
    "heTitle": "רש\"י על נדה כ״ו א", 
    "content": [
        {
            "segmentNumber": "1", 
            "he": [
                "גבי בכורות - דקתני (בכורות דף מו.) המפלת סנדל הבא אחריו בכור לנחלה ואין בכור לכהן:", 
                "למאי הלכתא - קס\"ד לבא אחריו לסוף שנה או לסוף שנתיים קמיירי ול\"ל סנדל והלא בלא סנדל פטר ולד דבהדיה את הבא אחריו ומשני לבא אחריו כלומר לכך הוזכר סנדל אם יצא ולד שעמו אחריו הוי בכור לנחלה ולא בכור לכהן:"
            ], 
            "links": [
                {
                    "category": "Talmud", 
                    "sourceHeRef": "נדה כ״ו א:א׳", 
                    "sourceRef": "Niddah 26a:1", 
                    "ref": "Niddah 26a:1"
                }, 
                {
                    "category": "Talmud", 
                    "sourceHeRef": "נדה כ״ו א:א׳", 
                    "sourceRef": "Niddah 26a:1", 
                    "ref": "Niddah 26a:1"
                }, 
                {
                    "category": "Talmud", 
                    "sourceHeRef": "נדה כ״ו א:א׳", 
                    "sourceRef": "Niddah 26a:1", 
                    "ref": "Niddah 26a:1"
                }, 
                {
                    "category": "Talmud", 
                    "sourceHeRef": "בכורות מ״ו א", 
                    "sourceRef": "Bekhorot 46a", 
                    "ref": "Bekhorot 46a"
                }
            ], 
            "text": ""
        }, 
        {
            "segmentNumber": "2", 
            "he": [], 
            "links": [], 
            "text": ""
        }, 
        {
            "segmentNumber": "3", 
            "he": [
                "גבי כריתות - בפ\"ק (לעיל דף ז:) לענין חיוב קרבן:", 
                "למאי הלכתא - תיפוק ליה דמשום ולד שעמו תביא קרבן:"
            ], 
            "links": [
                {
                    "category": "Talmud", 
                    "sourceHeRef": "נדה כ״ו א:ג׳", 
                    "sourceRef": "Niddah 26a:3", 
                    "ref": "Niddah 26a:3"
                }, 
                {
                    "category": "Talmud", 
                    "sourceHeRef": "נדה כ״ו א:ג׳", 
                    "sourceRef": "Niddah 26a:3", 
                    "ref": "Niddah 26a:3"
                }
            ], 
            "text": ""
        }, 
        {
            "segmentNumber": "4", 
            "he": [
                "ולד יוצא דרך דופן - ע\"י סם לא מיחייבה קרבן דכתיב גבי קרבן (ויקרא יב) אשה כי תזריע וילדה זכר עד שתלד ממקום שמזרעת:\n"
            ], 
            "links": [
                {
                    "category": "Talmud", 
                    "sourceHeRef": "נדה כ״ו א:ד׳", 
                    "sourceRef": "Niddah 26a:4", 
                    "ref": "Niddah 26a:4"
                }, 
                {
                    "category": "Tanach", 
                    "sourceHeRef": "ויקרא י״ב", 
                    "sourceRef": "Leviticus 12", 
                    "ref": "Leviticus 12"
                }
            ], 
            "text": ""
        }, 
        {
            "segmentNumber": "5", 
            "he": [
                "ולר' שמעון כו' - לקמן בפ' יוצא דופן (דף מ.):"
            ], 
            "links": [
                {
                    "category": "Talmud", 
                    "sourceHeRef": "נדה כ״ו א:ה׳", 
                    "sourceRef": "Niddah 26a:5", 
                    "ref": "Niddah 26a:5"
                }, 
                {
                    "category": "Talmud", 
                    "sourceHeRef": "נדה כ״ו א:ה׳", 
                    "sourceRef": "Niddah 26a:5", 
                    "ref": "Niddah 26a:5"
                }
            ], 
            "text": ""
        }, 
        {
            "segmentNumber": "6", 
            "he": [], 
            "links": [], 
            "text": ""
        }, 
        {
            "segmentNumber": "7", 
            "he": [], 
            "links": [], 
            "text": ""
        }, 
        {
            "segmentNumber": "8", 
            "he": [], 
            "links": [], 
            "text": ""
        }, 
        {
            "segmentNumber": "9", 
            "he": [], 
            "links": [], 
            "text": ""
        }, 
        {
            "segmentNumber": "10", 
            "he": [], 
            "links": [], 
            "text": ""
        }, 
        {
            "segmentNumber": "11", 
            "he": [
                "כשהן יוצאין - סנדל וולד שעמו:", 
                "כרוכין - דבוקין זה בזה ולא דבוקין ממש ומדיוצאין יחד אי אפשר שתתגייר בינתיים:"
            ], 
            "links": [
                {
                    "category": "Talmud", 
                    "sourceHeRef": "נדה כ״ו א:י״א", 
                    "sourceRef": "Niddah 26a:11", 
                    "ref": "Niddah 26a:11"
                }, 
                {
                    "category": "Talmud", 
                    "sourceHeRef": "נדה כ״ו א:י״א", 
                    "sourceRef": "Niddah 26a:11", 
                    "ref": "Niddah 26a:11"
                }
            ], 
            "text": ""
        }, 
        {
            "segmentNumber": "12", 
            "he": [], 
            "links": [], 
            "text": ""
        }, 
        {
            "segmentNumber": "13", 
            "he": [
                "שמע מינה - מדהוזכר סנדל גבי כריתות משום גירות וכגון שיצא ולד תחלה ואחר כן סנדל וגבי בכורות כגון שיצא סנדל תחלה כדאוקמינן לעיל דפוטר ולד מחמש סלעים ותניא דבבת אחת יוצאין שמע מינה אין שוכבין זה אצל זה דא\"כ לא משכחת לה שיצא זה קודם זה אלא האי כרוכין דקתני הכי הוא מכרך כריך ליה ולד לסנדל אפלגיה דראש הולד תחוב כנגד טיבורו של סנדל:", 
                "ומשלחיף ליה כלפי רישיה - כלומר דחפו ולד בראשו לסנדל כלפי חוץ:"
            ], 
            "links": [
                {
                    "category": "Talmud", 
                    "sourceHeRef": "נדה כ״ו א:י״ג", 
                    "sourceRef": "Niddah 26a:13", 
                    "ref": "Niddah 26a:13"
                }, 
                {
                    "category": "Talmud", 
                    "sourceHeRef": "נדה כ״ו א:י״ג", 
                    "sourceRef": "Niddah 26a:13", 
                    "ref": "Niddah 26a:13"
                }
            ], 
            "text": ""
        }, 
        {
            "segmentNumber": "14", 
            "he": [
                "גבי בכורות - דבעינן שיצא הסנדל תחילה כגון שיצאו דרך ראשיהן כו':"
            ], 
            "links": [
                {
                    "category": "Talmud", 
                    "sourceHeRef": "נדה כ״ו א:י״ד", 
                    "sourceRef": "Niddah 26a:14", 
                    "ref": "Niddah 26a:14"
                }
            ], 
            "text": ""
        }, 
        {
            "segmentNumber": "15", 
            "he": [], 
            "links": [], 
            "text": ""
        }, 
        {
            "segmentNumber": "16", 
            "he": [
                "מצומצמין - שוכבין זה אצל זה:", 
                "ואיפוך שמעתתא - מימרא דרב פפא דאמר בבכורות שיצאו דרך ראשיהן:", 
                "סריך - אוחז בידיו למעלה ואינו ממהר לצאת וסנדל מחליק ויוצא קודם:", 
                "שריק - מחליק:"
            ], 
            "links": [
                {
                    "category": "Talmud", 
                    "sourceHeRef": "נדה כ״ו א:ט״ז", 
                    "sourceRef": "Niddah 26a:16", 
                    "ref": "Niddah 26a:16"
                }, 
                {
                    "category": "Talmud", 
                    "sourceHeRef": "נדה כ״ו א:ט״ז", 
                    "sourceRef": "Niddah 26a:16", 
                    "ref": "Niddah 26a:16"
                }, 
                {
                    "category": "Talmud", 
                    "sourceHeRef": "נדה כ״ו א:ט״ז", 
                    "sourceRef": "Niddah 26a:16", 
                    "ref": "Niddah 26a:16"
                }, 
                {
                    "category": "Talmud", 
                    "sourceHeRef": "נדה כ״ו א:ט״ז", 
                    "sourceRef": "Niddah 26a:16", 
                    "ref": "Niddah 26a:16"
                }
            ], 
            "text": ""
        }, 
        {
            "segmentNumber": "17", 
            "he": [
                "הויא לידה - דקיימא לן בהאי פירקא (דף כח.) יצא ראשו הרי הוא כילוד אבל סנדל עד דנפיק רובא דאין ראש נפל חשוב דהכי אמרינן בבכורות (דף מו:) אין הראש פוטר בנפלים ואדנפיק סנדל נתגיירה וטבלה:"
            ], 
            "links": [
                {
                    "category": "Talmud", 
                    "sourceHeRef": "נדה כ״ו א:י״ז", 
                    "sourceRef": "Niddah 26a:17", 
                    "ref": "Niddah 26a:17"
                }
            ], 
            "text": ""
        }, 
        {
            "segmentNumber": "18", 
            "he": [
                "מתני' הבית טמא - משום אהל המת דולד הוה בה ומת:"
            ], 
            "links": [
                {
                    "category": "Talmud", 
                    "sourceHeRef": "נדה כ״ו א:י״ח", 
                    "sourceRef": "Niddah 26a:18", 
                    "ref": "Niddah 26a:18"
                }, 
                {
                    "category": "Talmud", 
                    "sourceHeRef": "נדה כ״ו א:י״ח", 
                    "sourceRef": "Niddah 26a:18", 
                    "ref": "Niddah 26a:18"
                }
            ], 
            "text": ""
        }, 
        {
            "segmentNumber": "19", 
            "he": [], 
            "links": [], 
            "text": ""
        }, 
        {
            "segmentNumber": "20", 
            "he": [], 
            "links": [], 
            "text": ""
        }, 
        {
            "segmentNumber": "21", 
            "he": [
                "נימוק הולד - ונעשה דם ונתערב בדם הלידה ובטל ברוב:"
            ], 
            "links": [
                {
                    "category": "Talmud", 
                    "sourceHeRef": "נדה כ״ו א:כ״א", 
                    "sourceRef": "Niddah 26a:21", 
                    "ref": "Niddah 26a:21"
                }
            ], 
            "text": ""
        }, 
        {
            "segmentNumber": "22", 
            "he": [], 
            "links": [
                {
                    "category": "Talmud", 
                    "sourceHeRef": "נדה כ״ו א:כ״ב", 
                    "sourceRef": "Niddah 26a:22", 
                    "ref": "Niddah 26a:22"
                }
            ], 
            "text": ""
        }, 
        {
            "segmentNumber": "23", 
            "he": [
                "גמ' וסופה - כשהיא הולכת ורווחת הויא רחב כתורמוס לישנא אחרינא גרסינן בתוספתא וראשה דומה כתורמוס:"
            ], 
            "links": [
                {
                    "category": "Talmud", 
                    "sourceHeRef": "נדה כ״ו א:כ״ג", 
                    "sourceRef": "Niddah 26a:23", 
                    "ref": "Niddah 26a:23"
                }
            ], 
            "text": ""
        }, 
        {
            "segmentNumber": "24", 
            "he": [], 
            "links": [], 
            "text": ""
        }, 
        {
            "segmentNumber": "25", 
            "he": [], 
            "links": [], 
            "text": ""
        }, 
        {
            "segmentNumber": "26", 
            "he": [], 
            "links": [], 
            "text": ""
        }, 
        {
            "segmentNumber": "27", 
            "he": [], 
            "links": [], 
            "text": ""
        }, 
        {
            "segmentNumber": "28", 
            "he": [], 
            "links": [], 
            "text": ""
        }, 
        {
            "segmentNumber": "29", 
            "he": [], 
            "links": [], 
            "text": ""
        }, 
        {
            "segmentNumber": "30", 
            "he": [], 
            "links": [], 
            "text": ""
        }, 
        {
            "segmentNumber": "31", 
            "he": [], 
            "links": [], 
            "text": ""
        }, 
        {
            "segmentNumber": "32", 
            "he": [
                "שיאחזנו בידו - אחיזה אית בה טפח שהטפח ארבע אצבעות בגודל:"
            ], 
            "links": [
                {
                    "category": "Talmud", 
                    "sourceHeRef": "נדה כ״ו א:ל״ב", 
                    "sourceRef": "Niddah 26a:32", 
                    "ref": "Niddah 26a:32"
                }
            ], 
            "text": ""
        }, 
        {
            "segmentNumber": "33", 
            "he": [], 
            "links": [], 
            "text": ""
        }, 
        {
            "segmentNumber": "34", 
            "he": [], 
            "links": [], 
            "text": ""
        }, 
        {
            "segmentNumber": "35", 
            "he": [
                "שדרו של לולב צריך שיהא יוצא מן ההדס טפח - לבד אורך העלין שדרה קרי כל זמן שהעלין הולכין ומתחברין ומוסיפין ואחר שכלתה השדרה גבוהין אורך העלין למעלה:"
            ], 
            "links": [
                {
                    "category": "Talmud", 
                    "sourceHeRef": "נדה כ״ו א:ל״ה", 
                    "sourceRef": "Niddah 26a:35", 
                    "ref": "Niddah 26a:35"
                }
            ], 
            "text": ""
        }, 
        {
            "segmentNumber": "36", 
            "he": [], 
            "links": [], 
            "text": ""
        }, 
        {
            "segmentNumber": "37", 
            "he": [], 
            "links": [], 
            "text": ""
        }, 
        {
            "segmentNumber": "38", 
            "he": [], 
            "links": [], 
            "text": ""
        }, 
        {
            "segmentNumber": "39", 
            "he": [], 
            "links": [], 
            "text": ""
        }, 
        {
            "segmentNumber": "40", 
            "he": [], 
            "links": [], 
            "text": ""
        }, 
        {
            "segmentNumber": "41", 
            "he": [], 
            "links": [], 
            "text": ""
        }, 
        {
            "segmentNumber": "42", 
            "he": [], 
            "links": [], 
            "text": ""
        }, 
        {
            "segmentNumber": "43", 
            "he": [
                "חדא היא - דליכא שמעתתא אלא האי דשדרה דאמר ר' יוחנן:"
            ], 
            "links": [
                {
                    "category": "Talmud", 
                    "sourceHeRef": "נדה כ״ו א:מ״ג", 
                    "sourceRef": "Niddah 26a:43", 
                    "ref": "Niddah 26a:43"
                }
            ], 
            "text": ""
        }, 
        {
            "segmentNumber": "44", 
            "he": [
                "אמר אביי - לא תימא תני ר' חייא אזוב טפח דמשמע מתני' היא אלא אימא אמר רבי חייא ומנפשיה קאמרה ורבי חייא תנא ואמורא הוא והיכא דאמר מנפשיה בלשון מימרא הויא שמעתא:"
            ], 
            "links": [
                {
                    "category": "Talmud", 
                    "sourceHeRef": "נדה כ״ו א:מ״ד", 
                    "sourceRef": "Niddah 26a:44", 
                    "ref": "Niddah 26a:44"
                }
            ], 
            "text": ""
        }, 
        {
            "segmentNumber": "45", 
            "he": [], 
            "links": [], 
            "text": ""
        }, 
        {
            "segmentNumber": "46", 
            "he": [], 
            "links": [], 
            "text": ""
        }, 
        {
            "segmentNumber": "47", 
            "he": [], 
            "links": [], 
            "text": ""
        }, 
        {
            "segmentNumber": "48", 
            "he": [
                "טפח על טפח על רום טפח - אהל קטן שהוא טפח אורך וטפח רוחב ורום חללו טפח:", 
                "מביא הטומאה - אם כזית מן המת בצד זה וכלי בצד זה הוה טמא כלי מחמת אהל המת:", 
                "וחוצץ בפני הטומאה - אם טומאה תחתיו וכלי על גביו הכלי טהור ולהכי נקט על רום טפח דאי הוה חלל רומו פחות מטפח הויא טומאה רצוצה וכנגדו למעלה עד לרקיע טמא כדאמרי' בהעור והרוטב (חולין קכו.) ולענין אתויי טומאה נמי לא מייתי דלאו אהל הוא:"
            ], 
            "links": [
                {
                    "category": "Talmud", 
                    "sourceHeRef": "נדה כ״ו א:מ״ח", 
                    "sourceRef": "Niddah 26a:48", 
                    "ref": "Niddah 26a:48"
                }, 
                {
                    "category": "Talmud", 
                    "sourceHeRef": "נדה כ״ו א:מ״ח", 
                    "sourceRef": "Niddah 26a:48", 
                    "ref": "Niddah 26a:48"
                }, 
                {
                    "category": "Talmud", 
                    "sourceHeRef": "נדה כ״ו א:מ״ח", 
                    "sourceRef": "Niddah 26a:48", 
                    "ref": "Niddah 26a:48"
                }, 
                {
                    "category": "Talmud", 
                    "sourceHeRef": "חולין קכ״ו א", 
                    "sourceRef": "Chullin 126a", 
                    "ref": "Chullin 126a"
                }
            ], 
            "text": ""
        }, 
        {
            "segmentNumber": "49", 
            "he": [], 
            "links": [], 
            "text": ""
        }, 
        {
            "segmentNumber": "50", 
            "he": [], 
            "links": [], 
            "text": ""
        }, 
        {
            "segmentNumber": "51", 
            "he": [
                "תנור - מקום שפיתת שתי קדרות כירה מקום שפיתת קדרה אחת:", 
                "חבור - וכתנור דמי מפני שצריכה לתנור להיות לו יד שאם נטמא התנור פת שעליה טמא שהתנור אע\"פ שאינו מקבל טומאה מגבו מטמא הוא את אחרים מגבו כדאמר בתורת כהנים הלכך ידו אע\"ג דלית ליה אויר מטמא אבל יותר מטפח עומדת לינטל שהיא גדולה יותר מדאי ולא הויא יד:"
            ], 
            "links": [
                {
                    "category": "Talmud", 
                    "sourceHeRef": "נדה כ״ו א:נ״א", 
                    "sourceRef": "Niddah 26a:51", 
                    "ref": "Niddah 26a:51"
                }, 
                {
                    "category": "Talmud", 
                    "sourceHeRef": "נדה כ״ו א:נ״א", 
                    "sourceRef": "Niddah 26a:51", 
                    "ref": "Niddah 26a:51"
                }
            ], 
            "text": ""
        }, 
        {
            "segmentNumber": "52", 
            "he": [], 
            "links": [
                {
                    "category": "Talmud", 
                    "sourceHeRef": "נדה כ״ו א:נ״ב", 
                    "sourceRef": "Niddah 26a:52", 
                    "ref": "Niddah 26a:52"
                }
            ], 
            "text": ""
        }, 
        {
            "segmentNumber": "53", 
            "he": [], 
            "links": [], 
            "text": ""
        }
    ], 
    "commentaryBook": "Niddah", 
    "heRef": "רש\"י על נדה כ״ו א", 
    "toSections": [
        "26a"
    ], 
    "sectionRef": "Rashi on Niddah 26a", 
    "title": "Rashi on Niddah 26a", 
    "lengths": [
        143, 
        7420
    ], 
    "next": "Rashi on Niddah 26b:1", 
    "heBook": "רש\"י על נדה", 
    "book": "Rashi on Niddah", 
    "prev": "Rashi on Niddah 25b:61", 
    "textDepth": 3, 
    "sectionNames": [
        "Daf", 
        "Line", 
        "Comment"
    ], 
    "sections": [
        "26a"
    ], 
    "commentator": "Rashi", 
    "isComplex": false, 
    "commentaryCategories": [
        "Talmud", 
        "Bavli", 
        "Seder Tahorot"
    ], 
    "titleVariants": [
        "Rashi on Tractate Niddah", 
        "Rashi on Niddah", 
        "Rashi on Masekhet Niddah", 
        "Rashi on Talmud Niddah"
    ], 
    "categories": [
        "Commentary", 
        "Talmud", 
        "Rashi"
    ], 
    "ref": "Rashi on Niddah 26a", 
    "type": "Commentary", 
    "addressTypes": [
        "Talmud", 
        "Integer", 
        "Integer"
    ], 
    "heCommentator": "רש\"י", 
    "length": 143, 
    "indexTitle": "Rashi on Niddah", 
    "heIndexTitle": "רש\"י על נדה", 
    "alts": [], 
    "order": [
        38, 
        1
    ]
}