{
    "heTitleVariants": [
        "רש\"י על נדה", 
        "רש\"י על נידה"
    ], 
    "heTitle": "רש\"י על נדה נ״ד א", 
    "content": [
        {
            "segmentNumber": "1", 
            "he": [
                "שוטות נינהו - בתמיה:"
            ], 
            "links": [
                {
                    "category": "Talmud", 
                    "sourceHeRef": "נדה נ״ד א:א׳", 
                    "index_title": "Niddah", 
                    "sourceRef": "Niddah 54a:1"
                }
            ], 
            "text": ""
        }, 
        {
            "segmentNumber": "2", 
            "he": [], 
            "links": [], 
            "text": ""
        }, 
        {
            "segmentNumber": "3", 
            "he": [], 
            "links": [], 
            "text": ""
        }, 
        {
            "segmentNumber": "4", 
            "he": [], 
            "links": [], 
            "text": ""
        }, 
        {
            "segmentNumber": "5", 
            "he": [
                "דתניא - לפרושי פקחות דמתניתין קאתי:"
            ], 
            "links": [
                {
                    "category": "Talmud", 
                    "sourceHeRef": "נדה נ״ד א:ה׳", 
                    "index_title": "Niddah", 
                    "sourceRef": "Niddah 54a:5"
                }
            ], 
            "text": ""
        }, 
        {
            "segmentNumber": "6", 
            "he": [
                "יום אחד טמא ויום אחד טהור - כל ימיה וקמיירי כשרואה ביום:", 
                "משמשת שמיני - ליום שראתה בו ראייה ראשונה שהרי טהורה הות שהרי בשביעית לערב טבלה ולא תראה עד תשיעי הלכך משמשת שמיני שלם לילה ויום:", 
                "ולילו עמו - ליל אחריו נגהי תשיעי:", 
                "וארבעה לילות מתוך שמונה עשר יום - לראייה הראשונה שהרי אשה זו לא תהא זבה לעולם שאינה רואה ג' רצופין וכשהיא רואה תשיעי תהא שומרת עשירי ותשמש בלילה ותראה בי\"א ותשמור י\"ב ותשמש בלילה הרי שתים ותראה בי\"ג ותשמור י\"ד ותשמש בלילה הרי שלשה ותראה ט\"ו ותשמור ט\"ז ותשמש לערב הרי ד' ובי\"ז תראה ותשמור י\"ח הרי כלו י\"ח ולא שמשה אלא ד' לילות לבד שמיני ולילו ותשמיש אחרון אינו בתוך י\"ח ולמחר בי\"ט כשתראה תהא תחלת נדה שהרי שלמו י\"א שבין נדה לנדה וחוזרת למנינה שאמרנו:"
            ], 
            "links": [
                {
                    "category": "Talmud", 
                    "sourceHeRef": "נדה נ״ד א:ו׳", 
                    "index_title": "Niddah", 
                    "sourceRef": "Niddah 54a:6"
                }, 
                {
                    "category": "Talmud", 
                    "sourceHeRef": "נדה נ״ד א:ו׳", 
                    "index_title": "Niddah", 
                    "sourceRef": "Niddah 54a:6"
                }, 
                {
                    "category": "Talmud", 
                    "sourceHeRef": "נדה נ״ד א:ו׳", 
                    "index_title": "Niddah", 
                    "sourceRef": "Niddah 54a:6"
                }, 
                {
                    "category": "Talmud", 
                    "sourceHeRef": "נדה נ״ד א:ו׳", 
                    "index_title": "Niddah", 
                    "sourceRef": "Niddah 54a:6"
                }
            ], 
            "text": ""
        }, 
        {
            "segmentNumber": "7", 
            "he": [
                "ואם היתה רואה - בכל הימים הטמאים מבערב:", 
                "אינה משמשת אלא שמיני - שלם לילה ויום אבל לא ליל של אחריו שהרי תראה בו ותהא טמאה וצריכה לשמור עשירי ובלילה לא תטבול שהרי רואה וכן עד סוף י\"ח שהן י\"ח עם ימי הנדות ובי\"ט תהא תחלת נדה ותחזור למנינה ותשמש בשמיני וכן לעולם:"
            ], 
            "links": [
                {
                    "category": "Talmud", 
                    "sourceHeRef": "נדה נ״ד א:ז׳", 
                    "index_title": "Niddah", 
                    "sourceRef": "Niddah 54a:7"
                }, 
                {
                    "category": "Talmud", 
                    "sourceHeRef": "נדה נ״ד א:ז׳", 
                    "index_title": "Niddah", 
                    "sourceRef": "Niddah 54a:7"
                }
            ], 
            "text": ""
        }, 
        {
            "segmentNumber": "8", 
            "he": [
                "ב' ימים טמאים כו' - כללא דמילתא כל ימים דלקמן עד סוף פירקין כשרואה מבערב:", 
                "משמשת שמיני - שהוא משני ימים הטהורים ששביעי ושמיני טהורין הן אלא שהשביעי מהנדות וטובלת לערב ומשמשת שמיני שלם ולערב תראה שהוא תשיעי וכן עשירי ותשמור י\"א יום לאלו שני ימים וטובלת לערב ומשמשת י\"ב שלם ותראה י\"ג וי\"ד ותהא שומרת ט\"ו ותשמש ט\"ז ותראה י\"ז וי\"ח ותשמור י\"ט דקסבר הרואה יום י\"א אסור לשמש למחר ולקמן פריך ותשמש בתשסרי דהא כלו להו ימים שצריכה שימור ומ\"מ ביום עשרים משמשת וכשתראה יום כ\"א הרי היא תחלת נדה וחוזרת למנין זה שאמרנו:"
            ], 
            "links": [
                {
                    "category": "Talmud", 
                    "sourceHeRef": "נדה נ״ד א:ח׳", 
                    "index_title": "Niddah", 
                    "sourceRef": "Niddah 54a:8"
                }, 
                {
                    "category": "Talmud", 
                    "sourceHeRef": "נדה נ״ד א:ח׳", 
                    "index_title": "Niddah", 
                    "sourceRef": "Niddah 54a:8"
                }
            ], 
            "text": ""
        }, 
        {
            "segmentNumber": "9", 
            "he": [
                "ותשמש בתשסר - דקיימא לן בפרק אחרון (לקמן עב:) יום אחד עשר לימי זיבה לא בעי שימור יום כנגדו וזו למה משמרת י\"ט בשביל י\"ח שהוא סוף זיבה:"
            ], 
            "links": [
                {
                    "category": "Talmud", 
                    "sourceHeRef": "נדה נ״ד א:ט׳", 
                    "index_title": "Niddah", 
                    "sourceRef": "Niddah 54a:9"
                }
            ], 
            "text": ""
        }, 
        {
            "segmentNumber": "10", 
            "he": [], 
            "links": [], 
            "text": ""
        }, 
        {
            "segmentNumber": "11", 
            "he": [
                "גרגרן - דתנן בפרק תינוקת (שם.) הרואה יום י\"א וטבלה ליום שלאחריו ושמשה וראתה בו ביום בית הלל אומרים הרי זה גרגרן שלא המתין יום זה ומהך ברייתא דקתני ומשמשת יום עשרים ולא יום י\"ט שמעינן דאסור להיות גרגרן ולשמש ביום י\"ב עם הרואה בי\"א:"
            ], 
            "links": [
                {
                    "category": "Talmud", 
                    "sourceHeRef": "נדה נ״ד א:י״א", 
                    "index_title": "Niddah", 
                    "sourceRef": "Niddah 54a:11"
                }
            ], 
            "text": ""
        }, 
        {
            "segmentNumber": "12", 
            "he": [
                "רב אשי אמר - לעולם אינו אסור והכא דתני אסור משום שראתה יום עשירי דאיהו בעי שימור לפיכך תשב י\"ט הטהור ויהא שימור ליום י\"ז שהוא עשירי לימי זיבה שימור לא הוי אלא יום טהור דהכי נפקא לן יהיה מלמד שסופרת יום אחד לאחד וספירה לא הוי אלא יום טהור:"
            ], 
            "links": [
                {
                    "category": "Talmud", 
                    "sourceHeRef": "נדה נ״ד א:י״ב", 
                    "index_title": "Niddah", 
                    "sourceRef": "Niddah 54a:12"
                }
            ], 
            "text": ""
        }, 
        {
            "segmentNumber": "13", 
            "he": [], 
            "links": [], 
            "text": ""
        }, 
        {
            "segmentNumber": "14", 
            "he": [
                "משמשת שני ימים - אחד עשר וי\"ב שהשמיני ותשיעי מי\"א שבין נדה לנדה הן ועשירי שימור הוא להן ושוב אינה משמשת לעולם שהרי תהא זבה בי\"ג וי\"ד וט\"ו וצריכה לספור ז' נקיים והיא לא תראה ז' נקיים לעולם:"
            ], 
            "links": [
                {
                    "category": "Talmud", 
                    "sourceHeRef": "נדה נ״ד א:י״ד", 
                    "index_title": "Niddah", 
                    "sourceRef": "Niddah 54a:14"
                }
            ], 
            "text": ""
        }, 
        {
            "segmentNumber": "15", 
            "he": [
                "יום אחד - שמיני דכולה ברייתא בשרואה בערב:"
            ], 
            "links": [
                {
                    "category": "Talmud", 
                    "sourceHeRef": "נדה נ״ד א:ט״ו", 
                    "index_title": "Niddah", 
                    "sourceRef": "Niddah 54a:15"
                }
            ], 
            "text": ""
        }, 
        {
            "segmentNumber": "16", 
            "he": [], 
            "links": [], 
            "text": ""
        }, 
        {
            "segmentNumber": "17", 
            "he": [], 
            "links": [], 
            "text": ""
        }, 
        {
            "segmentNumber": "18", 
            "he": [
                "רביע ימיה מתוך כ\"ח - שבעה ימים שאחר שבעה הטמאים של נדות היא משמשת ובשבעה השלישיים תהא זבה ובשבעה האחרונים הן ימי הספירה הרי כ\"ח וביום כ\"ט תהא תחלת נדה ונמצאת משמשת רביע ימיה ולהכי נקט כ\"ח מפני שתחלת נדותה של זו מכ\"ח לכ\"ח:"
            ], 
            "links": [
                {
                    "category": "Talmud", 
                    "sourceHeRef": "נדה נ״ד א:י״ח", 
                    "index_title": "Niddah", 
                    "sourceRef": "Niddah 54a:18"
                }
            ], 
            "text": ""
        }, 
        {
            "segmentNumber": "19", 
            "he": [
                "ט\"ו יום מתוך מ\"ח - כגון ח' הראשונים השמיני ימי זיבה ומשמונה השניים תשמור יום לשמיני שלפניו ותשמש שבעה הרי ט\"ז שעברו עליה ונשארו ב' לבא מימי זיבה ושמונה השלישיים שנים מהן ימי זוב והששה תחילת נדתה ושמונה הרביעיים שהן טהורים : הראשונים ישלים ז' ימי נדה והשבעה תשמש ועכשיו נותרו ד' ימים מימי זיבה שמונה החמשיים הרי היא זבה משלשה ראשונים וח' שלאחריהן שבעה לספירה ושמיני לתשמיש הרי ט\"ו יום מתוך מ\"ח וביום מ\"ט כשתראה תהא תחלת נדה ותחזור למנין שאמרנו:"
            ], 
            "links": [
                {
                    "category": "Talmud", 
                    "sourceHeRef": "נדה נ״ד א:י״ט", 
                    "index_title": "Niddah", 
                    "sourceRef": "Niddah 54a:19"
                }
            ], 
            "text": ""
        }, 
        {
            "segmentNumber": "20", 
            "he": [
                "ארביסר הוו - קסבר האי דמותיב שהאשה הזאת לא תשמש יום מ\"ח לפי שהשמונה החמשיים שנעשית בהן זבה אין מהן אלא ד' מימי זיבה וד' האחרונים מימי נדה הן ומיהו תחלת נדה לא הוי כל זמן שלא ספרה ולא טהרה מזובה אבל להכי מהניא הך ראייה ד' האחרונים הראויין לנדות שכשיבאו שמונה טהורין שאחריהם לא יעלו שלשה הראשונים לימי הספירה לפי שהן השלמת ימי נדה וימי נדתה שאינה רואה בהן אין עולין לספירת זיבתה הלכך אין כאן אלא חמשה לספירה וכשתראה יום מ\"ט סותרת וכן כל ח' השביעיים (יום) ועד שיגיע יום ס\"ג לא ישלימו ימי ספירתה:"
            ], 
            "links": [
                {
                    "category": "Talmud", 
                    "sourceHeRef": "נדה נ״ד א:כ׳", 
                    "index_title": "Niddah", 
                    "sourceRef": "Niddah 54a:20"
                }
            ], 
            "text": ""
        }, 
        {
            "segmentNumber": "21", 
            "he": [], 
            "links": [], 
            "text": ""
        }, 
        {
            "segmentNumber": "22", 
            "he": [], 
            "links": [], 
            "text": ""
        }, 
        {
            "segmentNumber": "23", 
            "he": [], 
            "links": [], 
            "text": ""
        }, 
        {
            "segmentNumber": "24", 
            "he": [], 
            "links": [], 
            "text": ""
        }
    ], 
    "commentaryBook": "Niddah", 
    "heRef": "רש\"י על נדה נ״ד א", 
    "toSections": [
        "54a"
    ], 
    "sectionRef": "Rashi on Niddah 54a", 
    "title": "Rashi on Niddah 54a", 
    "lengths": [
        143, 
        7420
    ], 
    "next": "Rashi on Niddah 54b:1", 
    "heBook": "רש\"י על נדה", 
    "book": "Rashi on Niddah", 
    "prev": "Rashi on Niddah 53b:40", 
    "textDepth": 3, 
    "sectionNames": [
        "Daf", 
        "Line", 
        "Comment"
    ], 
    "sections": [
        "54a"
    ], 
    "commentator": "Rashi", 
    "isComplex": false, 
    "commentaryCategories": [
        "Talmud", 
        "Bavli", 
        "Seder Tahorot"
    ], 
    "titleVariants": [
        "Rashi on Tractate Niddah", 
        "Rashi on Niddah", 
        "Rashi on Masekhet Niddah", 
        "Rashi on Talmud Niddah"
    ], 
    "categories": [
        "Commentary", 
        "Talmud", 
        "Rashi"
    ], 
    "ref": "Rashi on Niddah 54a", 
    "type": "Commentary", 
    "addressTypes": [
        "Talmud", 
        "Integer", 
        "Integer"
    ], 
    "heCommentator": "רש\"י", 
    "length": 143, 
    "indexTitle": "Rashi on Niddah", 
    "heIndexTitle": "רש\"י על נדה", 
    "alts": [], 
    "order": [
        38, 
        1
    ]
}