{
    "heTitleVariants": [
        "באר היטב חשן משפט"
    ], 
    "heTitle": "באר היטב חשן משפט", 
    "heRef": "באר היטב חשן משפט קנ״ח", 
    "toSections": [
        158
    ], 
    "sectionRef": "Be'er Hetev on Shulchan Arukh, Choshen Mishpat 158", 
    "next": "Be'er Hetev on Shulchan Arukh, Choshen Mishpat 159", 
    "content": [
        {
            "segmentNumber": "1", 
            "he": " <b>מנהג. </b> אבל אם המנהג ידוע שאין גודרין ביניהן בגינה הולכין אחר המנהג וכ''כ הטור בהדיא משא''כ בשנים המשותפים בחצר וכמ''ש הרמ''א בר''ס קנ''ז ע''ש. סמ''ע: \n", 
            "links": [
                {
                    "category": "Halakhah", 
                    "sourceHeRef": "חושן משפט קנ״ח:א׳", 
                    "index_title": "Shulchan Arukh, Choshen Mishpat", 
                    "sourceRef": "Shulchan Arukh, Choshen Mishpat 158:1"
                }
            ], 
            "text": ""
        }, 
        {
            "segmentNumber": "2", 
            "he": " <b>סתם. </b> הרמב''ם כתב הטעם דדוק' בגינה שעומדים שם זרעים כל השנה איכ' ביה הפסד טפי משא''כ בבקעה וכת' עוד חילוקים אחרים ע''ש. שם:  \n\n", 
            "links": [
                {
                    "category": "Halakhah", 
                    "sourceHeRef": "חושן משפט קנ״ח:א׳", 
                    "index_title": "Shulchan Arukh, Choshen Mishpat", 
                    "sourceRef": "Shulchan Arukh, Choshen Mishpat 158:1"
                }
            ], 
            "text": ""
        }, 
        {
            "segmentNumber": "3", 
            "he": " <b>שכופין. </b> מדברי הה''מ משמע דאפי' אם גינה זו מעורבת בין גינות המוכר יכול המוכר עצמו לכפותו לגדור שלא יבוא לו היזק ממנו או עד כדי שיתפס הלוקח כגנב כמ''ש בסי' ש''ך ע''ש. שם:  \n\n", 
            "links": [
                {
                    "category": "Halakhah", 
                    "sourceHeRef": "חושן משפט קנ״ח:ב׳", 
                    "index_title": "Shulchan Arukh, Choshen Mishpat", 
                    "sourceRef": "Shulchan Arukh, Choshen Mishpat 158:2"
                }
            ], 
            "text": ""
        }, 
        {
            "segmentNumber": "4", 
            "he": " <b>שניהם. </b> <small>(ז''ל הב''ח ומיהו ודאי לא דמי היכא דלא עשה שום א' מהם חזית להיכא דעשו שניהם חזית דהתם אפי' שהה הרבה ברשות א' מהם יותר מן הרגילות אפ''ה הוי של שניהם ואינו נאמן לו' דהוא בלבד עשאה במגו דלקחתיה דהוי מגו במקום עדים דאנן סהדי כיון ששניהם עשו חזית דשניהם עשאוה אבל כשלא עשה שום א' מהם חזית אינו בחזקת שניהם אא''כ לא שהה ברשות אחד יותר מכדי הרגילות אז נאמן במגו דלקחתיה ממך ודעת ה''ר יונה מדמוקי הש''ס האי לפיכך כו' מכלל דלגבי בקעה לא הוי של שניהם אא''כ נפל ברשות שניהם והא דפריך לא יעשו לא זה כו' ולא משני דמשום נפל לרשות א' תנא שניהן עושין היינו דניח' ליה לשנויי דמשום חזית גופיה תנא הכי ובב''י משמע דלרש''י אין חילוק בין שניהם עשו ללא עשו כלל ולא דק עכ''ל והט''ז תירץ וז''ל ונ''ל דס''ל לדעה זו דעשיית חזית לא מהני אם יפול הגדר דלא הי' ניכר וא''כ עיקר חזית כל זמן שהכותל עומד ע''ז פריך לא יעשה לא זה ולא זה ע''כ)</small>:  \n\n", 
            "links": [
                {
                    "category": "Halakhah", 
                    "sourceHeRef": "חושן משפט קנ״ח:ה׳", 
                    "index_title": "Shulchan Arukh, Choshen Mishpat", 
                    "sourceRef": "Shulchan Arukh, Choshen Mishpat 158:5"
                }
            ], 
            "text": ""
        }, 
        {
            "segmentNumber": "5", 
            "he": " <b>חורבה. </b> הטור כת' דין זה בשדות ואפשר דהרמב''ם נקט חורבה לרבותא אע''פ שאין לו הנאה ממנה כ''כ מגלגלין עליו את הכל כשגדר ארבעתן כ''ש גינה ושדה דיש לו הנאה דמציל את תבואתו וזרעונו מדריסת רגלים ומבהמות ומעינ' ביש'. סמ''ע: \n", 
            "links": [
                {
                    "category": "Halakhah", 
                    "sourceHeRef": "חושן משפט קנ״ח:ו׳", 
                    "index_title": "Shulchan Arukh, Choshen Mishpat", 
                    "sourceRef": "Shulchan Arukh, Choshen Mishpat 158:6"
                }
            ], 
            "text": ""
        }, 
        {
            "segmentNumber": "6", 
            "he": " <b>ד' אמות. </b> זהו שיעור כותל וגדר שעושין בחצירות לכ''ע וכמ''ש הט''ו ר''ס קנ''ו ונרא' דגם כאן בחורבה הדין כן לכ''ע כיון שעומד במקום דירת בני אדם ושייך בה היזק ראיה משא''כ בהיזק ראיה דגינה שכת' שם המחבר פלוגת' בס''ג. שם: \n", 
            "links": [
                {
                    "category": "Halakhah", 
                    "sourceHeRef": "חושן משפט קנ״ח:ו׳", 
                    "index_title": "Shulchan Arukh, Choshen Mishpat", 
                    "sourceRef": "Shulchan Arukh, Choshen Mishpat 158:6"
                }
            ], 
            "text": ""
        }, 
        {
            "segmentNumber": "7", 
            "he": " <b>להשתמש. </b> וכת' הה''מ דאף אם ירצה הלה ליתן לו רשות להשתמש בהם אחר שיפרע חצי הוצאתו מ''מ כיון שברצונו תלי' ואם אינו רוצה א''צ ליתן לו רשות אפילו אם ירצה לפרוע לו מש''ה ג''כ א''י לכופו בע''כ. שם: \n", 
            "links": [
                {
                    "category": "Halakhah", 
                    "sourceHeRef": "חושן משפט קנ״ח:ו׳", 
                    "index_title": "Shulchan Arukh, Choshen Mishpat", 
                    "sourceRef": "Shulchan Arukh, Choshen Mishpat 158:6"
                }
            ], 
            "text": ""
        }, 
        {
            "segmentNumber": "8", 
            "he": " <b>עצמו. </b> כת' הסמ''ע דבזה למדנו דל''ת כיון שלא היקף המקיף כל ארבעתן א''כ לא הועילו מעשיו כלום וגם כיון דהמקיף לא הי' יכול לתבוע מהניקף כל שלא הקיף גם הרביעי נתייאש ממנו קמ''ל ועיין בתשובת מהרשד''ם סי' שע''ו: \n", 
            "links": [
                {
                    "category": "Halakhah", 
                    "sourceHeRef": "חושן משפט קנ״ח:ו׳", 
                    "index_title": "Shulchan Arukh, Choshen Mishpat", 
                    "sourceRef": "Shulchan Arukh, Choshen Mishpat 158:6"
                }
            ], 
            "text": ""
        }, 
        {
            "segmentNumber": "9", 
            "he": " <b>רוחות. </b> הטעם מפני שיאמר לא נהניתי מגדרך כלום דאכתי צריך אני לגדור ביני ובין השדות שהם סביבי. סמ''ע: \n", 
            "links": [
                {
                    "category": "Halakhah", 
                    "sourceHeRef": "חושן משפט קנ״ח:ו׳", 
                    "index_title": "Shulchan Arukh, Choshen Mishpat", 
                    "sourceRef": "Shulchan Arukh, Choshen Mishpat 158:6"
                }
            ], 
            "text": ""
        }, 
        {
            "segmentNumber": "10", 
            "he": " <b>שגרם. </b> הטור כת' בשם הרמ''ה דמשערין זה דרואין בתשבורת כמה אמה על אמה יש בכלל כל השדות שעליהן הוציא כל הוצאות הגדרים ואח''כ רואין כמה אמה על אמה יש בשדה זו הפנימית לחוד ואם יש בו שליש או רביע מכל השדות יתן כערך הזה להוצאות ושיעור זה דוקא בזה שמקיף מחוץ לחמשתן אבל כשמקיף בפנים ביניהם צריך הפנימי ליתן לו חצי ההוצאה כולה עכ''ל הסמ''ע וכת' הש''ך דדבריו תמוהין בזה ודברי הב''ח הם ברורים יותר ע''ש:  \n\n", 
            "links": [
                {
                    "category": "Halakhah", 
                    "sourceHeRef": "חושן משפט קנ״ח:ו׳", 
                    "index_title": "Shulchan Arukh, Choshen Mishpat", 
                    "sourceRef": "Shulchan Arukh, Choshen Mishpat 158:6"
                }
            ], 
            "text": ""
        }, 
        {
            "segmentNumber": "11", 
            "he": " <b>הקנים. </b> פי' מארבעתן נותן לו כאילו הקיפן בקנים כמו שמקיף הרביעית. סמ''ע:  \n\n", 
            "links": [
                {
                    "category": "Halakhah", 
                    "sourceHeRef": "חושן משפט קנ״ח:ז׳", 
                    "index_title": "Shulchan Arukh, Choshen Mishpat", 
                    "sourceRef": "Shulchan Arukh, Choshen Mishpat 158:7"
                }
            ], 
            "text": ""
        }, 
        {
            "segmentNumber": "12", 
            "he": " <b>שברשות. </b> פי' אף שלא נטל רשות מ''מ כיון שנהנה חבירו מזה נקרא ברשות וע''ל סי' שע''ה ונ''ל דה''ה בדין דסי' קנ''ז סעיף י' בהגביה אחד הכותל יותר מד' אמות והשני בנה כותל כנגדו כו' בזה ג''כ הדין אם א''י לברר ישבע כמה הוצי' בהגבהה ויטול. שם: \n", 
            "links": [
                {
                    "category": "Halakhah", 
                    "sourceHeRef": "חושן משפט קנ״ח:ח׳", 
                    "index_title": "Shulchan Arukh, Choshen Mishpat", 
                    "sourceRef": "Shulchan Arukh, Choshen Mishpat 158:8"
                }
            ], 
            "text": ""
        }, 
        {
            "segmentNumber": "13", 
            "he": " <b>ראיה. </b> מפני שאין חיובו ידוע כ''כ שישלם מעצמו וכמ''ש בסי' קנ''ז שם וע''ש. שם:    \n\n", 
            "links": [
                {
                    "category": "Halakhah", 
                    "sourceHeRef": "חושן משפט קנ״ח:ח׳", 
                    "index_title": "Shulchan Arukh, Choshen Mishpat", 
                    "sourceRef": "Shulchan Arukh, Choshen Mishpat 158:8"
                }
            ], 
            "text": ""
        }
    ], 
    "book": "Be'er Hetev on Shulchan Arukh, Choshen Mishpat", 
    "prev": "Be'er Hetev on Shulchan Arukh, Choshen Mishpat 157", 
    "textDepth": 2, 
    "sectionNames": [
        "Siman", 
        "Se'if Katan"
    ], 
    "sections": [
        158
    ], 
    "isComplex": false, 
    "titleVariants": [
        "Beer Hetev on Shulchan Arukh, Choshen Mishpat", 
        "Ba'er Hetev on Shulchan Arukh, Choshen Mishpat", 
        "Be'er Hetev on Shulchan Arukh, Choshen Mishpat", 
        "Be'ir Hetev on Shulchan Arukh, Choshen Mishpat", 
        "Baer Hetev on Shulchan Arukh, Choshen Mishpat", 
        "Beir Hetev on Shulchan Arukh, Choshen Mishpat"
    ], 
    "categories": [
        "Halakhah", 
        "Shulchan Arukh"
    ], 
    "ref": "Be'er Hetev on Shulchan Arukh, Choshen Mishpat 158", 
    "type": "Halakhah", 
    "addressTypes": [
        "Integer", 
        "Integer"
    ], 
    "indexTitle": "Be'er Hetev on Shulchan Arukh, Choshen Mishpat", 
    "heIndexTitle": "באר היטב חשן משפט", 
    "alts": [], 
    "order": ""
}