{
    "heTitleVariants": [
        "באר היטב חשן משפט"
    ], 
    "heTitle": "באר היטב חשן משפט", 
    "heRef": "באר היטב חשן משפט ער״ד", 
    "toSections": [
        274
    ], 
    "sectionRef": "Be'er Hetev on Shulchan Arukh, Choshen Mishpat 274", 
    "next": "Be'er Hetev on Shulchan Arukh, Choshen Mishpat 275", 
    "content": [
        {
            "segmentNumber": "1", 
            "he": " <b>זכה. </b> מיהו צריך לחזור וליתן כל הדמים לישראל כפי מה שנתן לעובד כוכבים ואם יש משפט ידוע בין העובדי כוכבים שלא קנהו אלא מי שנותן דמים הולכין אחר המשפט וכמבואר בסי' קצ''ד ס''ב ע''ש כמה פרטי דינים מזה. סמ''ע. <small>(ראובן הניח לו עובד כוכבים אחד בחנותו איזה אמות סחור' ופגע העובד כוכבים בשמעון שהלך לקנות סחור' זו ממקום אחר וא''ל לך וקח משלי שעומדת בחנות ראובן והלך שמעון ולקח ממנה ושכח העובד כוכבים הסחור' שקנ' שמעון וטען ראובן שהוא זכה בה כי העו''ג הניחה בחנותו ושמעון טוען שבפקדון בא ליד ראובן וכל היכא דאיתא ברשותא דמריה אית' וברשות העובד כוכבים לקחה ולכן הוא זכה בה הדין עם שמעון. ועיין בתשובת מהרד''ך בית י''ט וגם מהר''ר יעקב עוזיאל הסכים עמו בדין זה. בני אהרן סי' ל''ב. בתשובת מ''ב פסק בשם רוב המחברים כר''ל דעובד כוכבים קונ' מישראל או ישראל מעובד כוכבים דוקא במעות ולא במשיכה ורמ''א בתשוב' סי' כ''ז פסק כר''י דדוקא משיכה קונה בעובד כוכבים לא במעות ועיין בי''ד סי' קל''ב וסי' קמ''ו והרש''ך סי' קט''ז כתב דדוקא משיכ' קונ' בעובד כוכבים מישראל או בישראל ממנו ומה''ט פסק באחד שקנ' סחור' מעובד כוכבים ונתן מעות ולא משך ובא אחר וקנ' ומשך קנה השני ובתשובת מהרי''ל סי' ר''ט כתב דמספקא לן אי הלכה כר''י או כר''ל לכן בעינן תרווייהו ועיין בתשובת מהר''מ מלובלין סי' ל''א ומסיק ול''נ הואיל ור''ת ור''י והרא''ש ס''ל דדוקא משיכ' קונ' בעובד כוכבים וגם הב''י בסי' קמ''ו וכן הרמ''א והרש''ך ואליבייהו גם הטור סובר כן וגם הב''ח בסי' קל''ב כ''כ הכי נקטינן כת''י אב''ד משטרים עכ''ל חקי משפט אות ה' סכ''ח וכ''ט וע''ש עוד באות מ' סעיף קנ''ד)</small>: \n", 
            "links": [
                {
                    "category": "Halakhah", 
                    "sourceHeRef": "חושן משפט ער״ד:א׳", 
                    "sourceRef": "Shulchan Arukh, Choshen Mishpat 274:1", 
                    "ref": "Shulchan Arukh, Choshen Mishpat 274:1"
                }
            ], 
            "text": ""
        }, 
        {
            "segmentNumber": "2", 
            "he": " <b>חולקין. </b> וכ''פ מהרש''ל פ''י דב''ק סי' כ''ט ועמ''ש עוד שם. ש''ך:     \n\n", 
            "links": [
                {
                    "category": "Halakhah", 
                    "sourceHeRef": "חושן משפט ער״ד:א׳", 
                    "sourceRef": "Shulchan Arukh, Choshen Mishpat 274:1", 
                    "ref": "Shulchan Arukh, Choshen Mishpat 274:1"
                }
            ], 
            "text": ""
        }
    ], 
    "book": "Be'er Hetev on Shulchan Arukh, Choshen Mishpat", 
    "prev": "Be'er Hetev on Shulchan Arukh, Choshen Mishpat 273", 
    "textDepth": 2, 
    "sectionNames": [
        "Siman", 
        "Se'if Katan"
    ], 
    "sections": [
        274
    ], 
    "isComplex": false, 
    "titleVariants": [
        "Beer Hetev on Shulchan Arukh, Choshen Mishpat", 
        "Ba'er Hetev on Shulchan Arukh, Choshen Mishpat", 
        "Be'er Hetev on Shulchan Arukh, Choshen Mishpat", 
        "Be'ir Hetev on Shulchan Arukh, Choshen Mishpat", 
        "Baer Hetev on Shulchan Arukh, Choshen Mishpat", 
        "Beir Hetev on Shulchan Arukh, Choshen Mishpat"
    ], 
    "categories": [
        "Halakhah", 
        "Shulchan Arukh"
    ], 
    "ref": "Be'er Hetev on Shulchan Arukh, Choshen Mishpat 274", 
    "type": "Halakhah", 
    "addressTypes": [
        "Integer", 
        "Integer"
    ], 
    "indexTitle": "Be'er Hetev on Shulchan Arukh, Choshen Mishpat", 
    "heIndexTitle": "באר היטב חשן משפט", 
    "alts": [], 
    "order": ""
}