[{
    "links": [
        [
            "249:1", 
            "Shulchan Arukh, Choshen Mishpat 249:1", 
            "Halakhah"
        ], 
        [
            "249:2", 
            "Shulchan Arukh, Choshen Mishpat 249:2", 
            "Halakhah"
        ], 
        [
            "249:3", 
            "Shulchan Arukh, Choshen Mishpat 249:4", 
            "Halakhah"
        ], 
        [
            "249:4", 
            "Shulchan Arukh, Choshen Mishpat 249:5", 
            "Halakhah"
        ]
    ], 
    "text": [], 
    "heTitleVariants": [
        "באר היטב חשן משפט"
    ], 
    "heTitle": "באר היטב חשן משפט", 
    "heRef": "באר היטב חשן משפט רמ״ט", 
    "toSections": [
        249
    ], 
    "sectionRef": "Be'er Hetev on Shulchan Arukh, Choshen Mishpat 249", 
    "next": "Be'er Hetev on Shulchan Arukh, Choshen Mishpat 250", 
    "book": "Be'er Hetev on Shulchan Arukh, Choshen Mishpat", 
    "prev": "Be'er Hetev on Shulchan Arukh, Choshen Mishpat 248", 
    "textDepth": 2, 
    "sectionNames": [
        "Siman", 
        "Se'if Katan"
    ], 
    "sections": [
        249
    ], 
    "isComplex": false, 
    "titleVariants": [
        "Beer Hetev on Shulchan Arukh, Choshen Mishpat", 
        "Ba'er Hetev on Shulchan Arukh, Choshen Mishpat", 
        "Be'er Hetev on Shulchan Arukh, Choshen Mishpat", 
        "Be'ir Hetev on Shulchan Arukh, Choshen Mishpat", 
        "Baer Hetev on Shulchan Arukh, Choshen Mishpat", 
        "Beir Hetev on Shulchan Arukh, Choshen Mishpat"
    ], 
    "categories": [
        "Halakhah", 
        "Shulchan Arukh"
    ], 
    "he": [
        " <b>מועטת. </b> אבל מרובה לא והיינו דוק' בעשיר אבל בעני אין חילוק דאפי' במרובה זכה נמי מתורת נדר וכמ''ש בסי' קכ''ה ס''ה ובסי' ר''ד ורמ''ג ע''ש וע' בתשו' רשד''ם סי' צ''ד ובתשו' מבי''ט ח''א סי' קכ''ב:  \n\n", 
        " <b>מתנה. </b> אם לא שיש לו ג''כ צד הנאה מהעובד כוכבים דה''ל כמכירה. סמ''ע:  \n\n", 
        " <b>חורין. </b> דהעבד עצמו בכלל נכסי אדונו הוא והרי מתנתו וידו באין לו כאחד. שם:  \n\n", 
        " <b>חסידות. </b> דדרך בני אדם להיות להוט אחר הממון בסוברם להחיות נפשם ונפש ביתם וקאמר דאדרב' שונא מתנות יחיה כי הלהוט אחר מתנות צריך להחניף הבריות ואינו מוכיחן על מעשיהם הרעים שרואה בהן עכ''ל הסמ''ע:    \n\n"
    ], 
    "ref": "Be'er Hetev on Shulchan Arukh, Choshen Mishpat 249", 
    "type": "Halakhah", 
    "addressTypes": [
        "Integer", 
        "Integer"
    ], 
    "indexTitle": "Be'er Hetev on Shulchan Arukh, Choshen Mishpat", 
    "heIndexTitle": "באר היטב חשן משפט", 
    "alts": [], 
    "order": ""
}]