{
    "heTitleVariants": [
        "באר היטב חשן משפט"
    ], 
    "heTitle": "באר היטב חשן משפט", 
    "heRef": "באר היטב חשן משפט ת״ז", 
    "toSections": [
        407
    ], 
    "sectionRef": "Be'er Hetev on Shulchan Arukh, Choshen Mishpat 407", 
    "next": "Be'er Hetev on Shulchan Arukh, Choshen Mishpat 408", 
    "content": [
        {
            "segmentNumber": "1", 
            "he": " <b>מכור. </b> ומהרש''ל תמה ע''ז וכתב דלר''ע אפי' לרדיא אינו מכור וכן דעת הטור וכ''כ התוספות דף ל''ג ע''א ד''ה והקדישו וכן נראה עיקר בש''ס למאי דקי''ל כר''ע דשותפי נינהו והיינו שכ' הרמ''א בס''ב וכן אם נשתמש בו כו' אלא שלא סדרו על נכון לע''ד דה''ל לכתבו כאן בל' י''א ודו''ק. ש''ך:  \n\n", 
            "links": [
                {
                    "category": "Halakhah", 
                    "sourceHeRef": "חושן משפט ת״ז:א׳", 
                    "sourceRef": "Shulchan Arukh, Choshen Mishpat 407:1", 
                    "ref": "Shulchan Arukh, Choshen Mishpat 407:1"
                }
            ], 
            "text": ""
        }, 
        {
            "segmentNumber": "2", 
            "he": " <b>וי''א. </b> וכן עיקר לפי מאי דקי''ל כרשב''ג דמזיק שעבודו של חבירו חייב וכמ''ש הרמב''ם פ''ז דחובל ופ''ח דמלוה וכ''כ המחבר בסי' קי''ז וכ''פ בהג''א פרק המניח ומהרש''ל שם סי' כ''ב ומ''ש המחבר אח''כ נתנו במתנה כו' אין לדקדק דפטור מפחת שחיטה כדדייקינן בש''ס דהתם מדייק שפיר דקתני שחטו ונתנו במתנה מה שעשה עשוי אבל הרמב''ם והמחבר שכתבו מתחלה שחטו גובה מבשרו א''כ מ''ש אח''כ נתנו במתנה כו' ר''ל דהוי מתנה לרדיא וכ''כ בע''ש ועיין מה שכתבתי לעיל סי' שפ''ו. שם:  \n\n", 
            "links": [
                {
                    "category": "Halakhah", 
                    "sourceHeRef": "חושן משפט ת״ז:ב׳", 
                    "sourceRef": "Shulchan Arukh, Choshen Mishpat 407:2", 
                    "ref": "Shulchan Arukh, Choshen Mishpat 407:2"
                }
            ], 
            "text": ""
        }, 
        {
            "segmentNumber": "3", 
            "he": " <b>מתחלה. </b> ר''ל שאפילו אם היה של עצמו גובה מידו אם הזיק כ''ש זה שאין לו עליו אלא שעבוד כן הוא בש''ס והתוספת כתבו דאין זה כ''ש דבשלמא אם היה שלו מעולם או שכבר גבאו בחובו ויצא והזיק דפשע בשמירתו מש''ה חייב משא''כ זה שנגח בעוד שלא הי' ברשותו ולא בא הש''ס אלא ליתן קצת טעם דמש''ה גובה מיד בע''ח כיון דאין גוף השור משועבד לבע''ח כמו שהוא משועבד לניזק. סמ''ע:    \n\n", 
            "links": [
                {
                    "category": "Halakhah", 
                    "sourceHeRef": "חושן משפט ת״ז:ד׳", 
                    "sourceRef": "Shulchan Arukh, Choshen Mishpat 407:4", 
                    "ref": "Shulchan Arukh, Choshen Mishpat 407:4"
                }
            ], 
            "text": ""
        }
    ], 
    "book": "Be'er Hetev on Shulchan Arukh, Choshen Mishpat", 
    "prev": "Be'er Hetev on Shulchan Arukh, Choshen Mishpat 406", 
    "textDepth": 2, 
    "sectionNames": [
        "Siman", 
        "Se'if Katan"
    ], 
    "sections": [
        407
    ], 
    "isComplex": false, 
    "titleVariants": [
        "Beer Hetev on Shulchan Arukh, Choshen Mishpat", 
        "Ba'er Hetev on Shulchan Arukh, Choshen Mishpat", 
        "Be'er Hetev on Shulchan Arukh, Choshen Mishpat", 
        "Be'ir Hetev on Shulchan Arukh, Choshen Mishpat", 
        "Baer Hetev on Shulchan Arukh, Choshen Mishpat", 
        "Beir Hetev on Shulchan Arukh, Choshen Mishpat"
    ], 
    "categories": [
        "Halakhah", 
        "Shulchan Arukh"
    ], 
    "ref": "Be'er Hetev on Shulchan Arukh, Choshen Mishpat 407", 
    "type": "Halakhah", 
    "addressTypes": [
        "Integer", 
        "Integer"
    ], 
    "indexTitle": "Be'er Hetev on Shulchan Arukh, Choshen Mishpat", 
    "heIndexTitle": "באר היטב חשן משפט", 
    "alts": [], 
    "order": ""
}