{
    "sections": {
        "Kessef Mishneh on Mishneh Torah, Vessels of the Sanctuary and Those who Serve Therein 7:17": {
            "content": [
                {
                    "segmentNumber": "1", 
                    "links": [
                        {
                            "category": "Halakhah", 
                            "index_title": "Mishneh Torah, Vessels of the Sanctuary and Those who Serve Therein", 
                            "sourceHeRef": "משנה תורה, הלכות כלי המקדש והעובדין בו ז׳:י״ז", 
                            "sourceRef": "Mishneh Torah, Vessels of the Sanctuary and Those who Serve Therein 7:17"
                        }
                    ], 
                    "he": "<b>ומ''ש ושלש עשרה פרוכות היו במקדש שני וכו'.</b> מימרא פרק הוציאו לו (דף נ''ד): \n\n"
                }
            ], 
            "heTitle": "כסף משנה על משנה תורה, הלכות כלי המקדש והעובדין בו", 
            "indexTitle": "Kessef Mishneh on Mishneh Torah, Vessels of the Sanctuary and Those who Serve Therein", 
            "sectionRef": "Kessef Mishneh on Mishneh Torah, Vessels of the Sanctuary and Those who Serve Therein 7:17", 
            "prev": "Kessef Mishneh on Mishneh Torah, Vessels of the Sanctuary and Those who Serve Therein 7:16", 
            "ref": "Kessef Mishneh on Mishneh Torah, Vessels of the Sanctuary and Those who Serve Therein 7:17", 
            "heRef": "כסף משנה על משנה תורה, הלכות כלי המקדש והעובדין בו ז׳:י״ז", 
            "next": "Kessef Mishneh on Mishneh Torah, Vessels of the Sanctuary and Those who Serve Therein 7:18"
        }, 
        "Kessef Mishneh on Mishneh Torah, Vessels of the Sanctuary and Those who Serve Therein 7:16": {
            "content": [
                {
                    "segmentNumber": "1", 
                    "links": [
                        {
                            "category": "Halakhah", 
                            "index_title": "Mishneh Torah, Vessels of the Sanctuary and Those who Serve Therein", 
                            "sourceHeRef": "משנה תורה, הלכות כלי המקדש והעובדין בו ז׳:ט״ז", 
                            "sourceRef": "Mishneh Torah, Vessels of the Sanctuary and Those who Serve Therein 7:16"
                        }
                    ], 
                    "he": "<b>ויש בספרי רבינו חסרון וכך צריך להגיה ושתי פרוכות היו עושים בכל שנה להבדיל בין הקדש לקדש הקדשים והוא משנה בפרק בתרא דשקלים (דף י''א ע''א): ומ''ש וחוטי הפרוכת כפולים ששה וכו' עד הרי כ''ד חוטים.</b> שם ובפרק בא לו (דף ע''ב). \n"
                }, 
                {
                    "segmentNumber": "2", 
                    "links": [
                        {
                            "category": "Halakhah", 
                            "index_title": "Mishneh Torah, Vessels of the Sanctuary and Those who Serve Therein", 
                            "sourceHeRef": "משנה תורה, הלכות כלי המקדש והעובדין בו ז׳:ט״ז", 
                            "sourceRef": "Mishneh Torah, Vessels of the Sanctuary and Those who Serve Therein 7:16"
                        }
                    ], 
                    "he": "<b>ומ''ש וטפח היה עביה וכו' עד עשרים אמה.</b> בפרק בתרא דשקלים: \n\n"
                }
            ], 
            "heTitle": "כסף משנה על משנה תורה, הלכות כלי המקדש והעובדין בו", 
            "indexTitle": "Kessef Mishneh on Mishneh Torah, Vessels of the Sanctuary and Those who Serve Therein", 
            "sectionRef": "Kessef Mishneh on Mishneh Torah, Vessels of the Sanctuary and Those who Serve Therein 7:16", 
            "prev": "Kessef Mishneh on Mishneh Torah, Vessels of the Sanctuary and Those who Serve Therein 7:14", 
            "ref": "Kessef Mishneh on Mishneh Torah, Vessels of the Sanctuary and Those who Serve Therein 7:16", 
            "heRef": "כסף משנה על משנה תורה, הלכות כלי המקדש והעובדין בו ז׳:ט״ז", 
            "next": "Kessef Mishneh on Mishneh Torah, Vessels of the Sanctuary and Those who Serve Therein 7:17"
        }, 
        "Kessef Mishneh on Mishneh Torah, Vessels of the Sanctuary and Those who Serve Therein 7:15": {
            "content": [], 
            "heTitle": "כסף משנה על משנה תורה, הלכות כלי המקדש והעובדין בו", 
            "indexTitle": "Kessef Mishneh on Mishneh Torah, Vessels of the Sanctuary and Those who Serve Therein", 
            "sectionRef": "Kessef Mishneh on Mishneh Torah, Vessels of the Sanctuary and Those who Serve Therein 7:15", 
            "prev": "Kessef Mishneh on Mishneh Torah, Vessels of the Sanctuary and Those who Serve Therein 7:14", 
            "ref": "Kessef Mishneh on Mishneh Torah, Vessels of the Sanctuary and Those who Serve Therein 7:15", 
            "heRef": "כסף משנה על משנה תורה, הלכות כלי המקדש והעובדין בו ז׳:ט״ו", 
            "next": "Kessef Mishneh on Mishneh Torah, Vessels of the Sanctuary and Those who Serve Therein 7:16"
        }, 
        "Kessef Mishneh on Mishneh Torah, Vessels of the Sanctuary and Those who Serve Therein 7:14": {
            "content": [
                {
                    "segmentNumber": "1", 
                    "links": [
                        {
                            "category": "Halakhah", 
                            "index_title": "Mishneh Torah, Vessels of the Sanctuary and Those who Serve Therein", 
                            "sourceHeRef": "משנה תורה, הלכות כלי המקדש והעובדין בו ז׳:י״ד", 
                            "sourceRef": "Mishneh Torah, Vessels of the Sanctuary and Those who Serve Therein 7:14"
                        }
                    ], 
                    "he": "<b>הכהנים מפני שהם עומדים על הרצפה תמיד וכו' עד להיכל ולשערים.</b> הוא ביאור הממונין שכתב בראש הפרק: \n\n"
                }
            ], 
            "heTitle": "כסף משנה על משנה תורה, הלכות כלי המקדש והעובדין בו", 
            "indexTitle": "Kessef Mishneh on Mishneh Torah, Vessels of the Sanctuary and Those who Serve Therein", 
            "sectionRef": "Kessef Mishneh on Mishneh Torah, Vessels of the Sanctuary and Those who Serve Therein 7:14", 
            "prev": "Kessef Mishneh on Mishneh Torah, Vessels of the Sanctuary and Those who Serve Therein 7:13", 
            "ref": "Kessef Mishneh on Mishneh Torah, Vessels of the Sanctuary and Those who Serve Therein 7:14", 
            "heRef": "כסף משנה על משנה תורה, הלכות כלי המקדש והעובדין בו ז׳:י״ד", 
            "next": "Kessef Mishneh on Mishneh Torah, Vessels of the Sanctuary and Those who Serve Therein 7:16"
        }, 
        "Kessef Mishneh on Mishneh Torah, Vessels of the Sanctuary and Those who Serve Therein 7:13": {
            "content": [
                {
                    "segmentNumber": "1", 
                    "links": [
                        {
                            "category": "Halakhah", 
                            "index_title": "Mishneh Torah, Vessels of the Sanctuary and Those who Serve Therein", 
                            "sourceHeRef": "משנה תורה, הלכות כלי המקדש והעובדין בו ז׳:י״ג", 
                            "sourceRef": "Mishneh Torah, Vessels of the Sanctuary and Those who Serve Therein 7:13"
                        }
                    ], 
                    "he": "<b>משלשים יום לשלשים יום וכו' עד כשער הזול.</b> בספ''ד דשקלים (מ''ט): \n"
                }, 
                {
                    "segmentNumber": "2", 
                    "links": [
                        {
                            "category": "Halakhah", 
                            "index_title": "Mishneh Torah, Vessels of the Sanctuary and Those who Serve Therein", 
                            "sourceHeRef": "משנה תורה, הלכות כלי המקדש והעובדין בו ז׳:י״ג", 
                            "sourceRef": "Mishneh Torah, Vessels of the Sanctuary and Those who Serve Therein 7:13"
                        }
                    ], 
                    "he": "<b>ומ''ש והשכר שמשתכר ההקדש בשערים וכו'.</b> בפ''ד דשקלים (משנה ד') תנן ר''ע אומר מותר תרומה קיץ למזבח מותר נסכים לכלי שרת רבי חנינא סגן הכהנים אומר מותר נסכים קיץ למזבח ומותר התרומה לכלי שרת וכתב שם רבינו עוד יתבאר לך בפרק שאחר זה כי הנסכים היה הקדש משתכר בהם והיה מתקבץ ממנו דמים יתרים והם נקראים מותר נסכים ופסק רבינו כרבי חנינא. ויש לתמוה דהא קי''ל הלכה כר''ע מחבירו ואפשר שטעמו משום דכיון דרבי חנינא סגן הכהנים הוה מסתמא במילי דמקדש טפי הוה בקי מר''ע. \n"
                }, 
                {
                    "segmentNumber": "3", 
                    "links": [
                        {
                            "category": "Halakhah", 
                            "index_title": "Mishneh Torah, Vessels of the Sanctuary and Those who Serve Therein", 
                            "sourceHeRef": "משנה תורה, הלכות כלי המקדש והעובדין בו ז׳:י״ג", 
                            "sourceRef": "Mishneh Torah, Vessels of the Sanctuary and Those who Serve Therein 7:13"
                        }
                    ], 
                    "he": "<b>ומ''ש ואין מקיצין את המזבח בעולות עוף וכו'</b> בפ''ק דשבועות (דף י''ב:): \n\n"
                }
            ], 
            "heTitle": "כסף משנה על משנה תורה, הלכות כלי המקדש והעובדין בו", 
            "indexTitle": "Kessef Mishneh on Mishneh Torah, Vessels of the Sanctuary and Those who Serve Therein", 
            "sectionRef": "Kessef Mishneh on Mishneh Torah, Vessels of the Sanctuary and Those who Serve Therein 7:13", 
            "prev": "Kessef Mishneh on Mishneh Torah, Vessels of the Sanctuary and Those who Serve Therein 7:12", 
            "ref": "Kessef Mishneh on Mishneh Torah, Vessels of the Sanctuary and Those who Serve Therein 7:13", 
            "heRef": "כסף משנה על משנה תורה, הלכות כלי המקדש והעובדין בו ז׳:י״ג", 
            "next": "Kessef Mishneh on Mishneh Torah, Vessels of the Sanctuary and Those who Serve Therein 7:14"
        }, 
        "Kessef Mishneh on Mishneh Torah, Vessels of the Sanctuary and Those who Serve Therein 7:12": {
            "content": [
                {
                    "segmentNumber": "1", 
                    "links": [
                        {
                            "category": "Halakhah", 
                            "index_title": "Mishneh Torah, Vessels of the Sanctuary and Those who Serve Therein", 
                            "sourceHeRef": "משנה תורה, הלכות כלי המקדש והעובדין בו ז׳:י״ב", 
                            "sourceRef": "Mishneh Torah, Vessels of the Sanctuary and Those who Serve Therein 7:12"
                        }
                    ], 
                    "he": "<b>ומ''ש כל מי שיביא קרבנותיו למקדש נותן דמי הנסכים לזה הממונה על החותמות וכו' עד הנסכים.</b> בפרק הנזכר. \n"
                }, 
                {
                    "segmentNumber": "2", 
                    "links": [
                        {
                            "category": "Halakhah", 
                            "index_title": "Mishneh Torah, Vessels of the Sanctuary and Those who Serve Therein", 
                            "sourceHeRef": "משנה תורה, הלכות כלי המקדש והעובדין בו ז׳:י״ב", 
                            "sourceRef": "Mishneh Torah, Vessels of the Sanctuary and Those who Serve Therein 7:12"
                        }
                    ], 
                    "he": "<b>ומ''ש ואם היה מצורע עשיר מביא ג' עשרונין ולוג שמן</b> ואין דוגמתו כשאר החותמות אבל מצורע עני אינו טעון להביא אלא עשרון אחד כמו שטעון הגדי ולכן נותנין לו חותם של גדי. \n"
                }, 
                {
                    "segmentNumber": "3", 
                    "links": [
                        {
                            "category": "Halakhah", 
                            "index_title": "Mishneh Torah, Vessels of the Sanctuary and Those who Serve Therein", 
                            "sourceHeRef": "משנה תורה, הלכות כלי המקדש והעובדין בו ז׳:י״ב", 
                            "sourceRef": "Mishneh Torah, Vessels of the Sanctuary and Those who Serve Therein 7:12"
                        }
                    ], 
                    "he": "<b>ומ''ש רבינו ושם כל היום כתוב על החותם וכו' עד שיוקרו הנסכים.</b> שם במשנה ושם (כל) היום כתוב עליהם מפני הרמאין ופירוש רבינו בה נכון וכן פירש בפי' המשנה וכתב שם עוד פירוש אחר והוא כדי שלא ימצא חותם שנפל קודם לכן לבעליו או לאחיה או ליוחנן ויגבה בו ואין אותו פי' נכון כ''כ משום דא''כ למה לכתוב שם היום יכתבו שם בעליו ודי והראב''ד כתב על דברי רבינו לא כי אלא שמא יעשנו אובד ויבא לידי אחר ויוציא חותמו ואין לומר שהוא מפרש כאותו פי' אחר שכתב רבינו בפי' המשנה דא''כ מאי שמא יעשנו אובד דקאמר שמא יאבדנו מיבעי ליה ויש ספר שהוגה בהשגת הראב''ד ליום אחר במקום לידי אחר וטעמו לומר שמא יצניענו ויאמר שאבד ממנו ויתבע מהממונין שיחזירו לו הדמים שנתן וימצאו דמי החותם ההוא יתר על החותמות הנמצאים ויחזירום לו וביום אחר יוציא אותו חותם ויתנו לו נסכים כדי אותו חותם. ומ''מ יש לתמוה גם בהשגה זו גם בקודמת למה דחה פי' רבינו לומר לא כי אלא בהיות פי' רבינו מתיישב ג''כ: \n\n"
                }
            ], 
            "heTitle": "כסף משנה על משנה תורה, הלכות כלי המקדש והעובדין בו", 
            "indexTitle": "Kessef Mishneh on Mishneh Torah, Vessels of the Sanctuary and Those who Serve Therein", 
            "sectionRef": "Kessef Mishneh on Mishneh Torah, Vessels of the Sanctuary and Those who Serve Therein 7:12", 
            "prev": "Kessef Mishneh on Mishneh Torah, Vessels of the Sanctuary and Those who Serve Therein 7:11", 
            "ref": "Kessef Mishneh on Mishneh Torah, Vessels of the Sanctuary and Those who Serve Therein 7:12", 
            "heRef": "כסף משנה על משנה תורה, הלכות כלי המקדש והעובדין בו ז׳:י״ב", 
            "next": "Kessef Mishneh on Mishneh Torah, Vessels of the Sanctuary and Those who Serve Therein 7:13"
        }, 
        "Kessef Mishneh on Mishneh Torah, Vessels of the Sanctuary and Those who Serve Therein 7:11": {
            "content": [
                {
                    "segmentNumber": "1", 
                    "links": [
                        {
                            "category": "Halakhah", 
                            "index_title": "Mishneh Torah, Vessels of the Sanctuary and Those who Serve Therein", 
                            "sourceHeRef": "משנה תורה, הלכות כלי המקדש והעובדין בו ז׳:י״א", 
                            "sourceRef": "Mishneh Torah, Vessels of the Sanctuary and Those who Serve Therein 7:11"
                        }
                    ], 
                    "he": "<b>ומ''ש כיצד ארבע חותמות היו במקדש האחד כתוב עליו עגל וכו'.</b> בפרק ה' דשקלים (משנה ג'): \n\n"
                }
            ], 
            "heTitle": "כסף משנה על משנה תורה, הלכות כלי המקדש והעובדין בו", 
            "indexTitle": "Kessef Mishneh on Mishneh Torah, Vessels of the Sanctuary and Those who Serve Therein", 
            "sectionRef": "Kessef Mishneh on Mishneh Torah, Vessels of the Sanctuary and Those who Serve Therein 7:11", 
            "prev": "Kessef Mishneh on Mishneh Torah, Vessels of the Sanctuary and Those who Serve Therein 7:10", 
            "ref": "Kessef Mishneh on Mishneh Torah, Vessels of the Sanctuary and Those who Serve Therein 7:11", 
            "heRef": "כסף משנה על משנה תורה, הלכות כלי המקדש והעובדין בו ז׳:י״א", 
            "next": "Kessef Mishneh on Mishneh Torah, Vessels of the Sanctuary and Those who Serve Therein 7:12"
        }, 
        "Kessef Mishneh on Mishneh Torah, Vessels of the Sanctuary and Those who Serve Therein 7:10": {
            "content": [
                {
                    "segmentNumber": "1", 
                    "links": [
                        {
                            "category": "Halakhah", 
                            "index_title": "Mishneh Torah, Vessels of the Sanctuary and Those who Serve Therein", 
                            "sourceHeRef": "משנה תורה, הלכות כלי המקדש והעובדין בו ז׳:י׳", 
                            "sourceRef": "Mishneh Torah, Vessels of the Sanctuary and Those who Serve Therein 7:10"
                        }
                    ], 
                    "he": "<b>זה שעל החותמות הוא שמקבל דמי וכו'.</b> יתבאר בסמוך: \n\n"
                }
            ], 
            "heTitle": "כסף משנה על משנה תורה, הלכות כלי המקדש והעובדין בו", 
            "indexTitle": "Kessef Mishneh on Mishneh Torah, Vessels of the Sanctuary and Those who Serve Therein", 
            "sectionRef": "Kessef Mishneh on Mishneh Torah, Vessels of the Sanctuary and Those who Serve Therein 7:10", 
            "prev": "Kessef Mishneh on Mishneh Torah, Vessels of the Sanctuary and Those who Serve Therein 7:9", 
            "ref": "Kessef Mishneh on Mishneh Torah, Vessels of the Sanctuary and Those who Serve Therein 7:10", 
            "heRef": "כסף משנה על משנה תורה, הלכות כלי המקדש והעובדין בו ז׳:י׳", 
            "next": "Kessef Mishneh on Mishneh Torah, Vessels of the Sanctuary and Those who Serve Therein 7:11"
        }, 
        "Kessef Mishneh on Mishneh Torah, Vessels of the Sanctuary and Those who Serve Therein 7:20": {
            "content": [
                {
                    "segmentNumber": "1", 
                    "links": [
                        {
                            "category": "Halakhah", 
                            "index_title": "Mishneh Torah, Vessels of the Sanctuary and Those who Serve Therein", 
                            "sourceHeRef": "משנה תורה, הלכות כלי המקדש והעובדין בו ז׳:כ׳", 
                            "sourceRef": "Mishneh Torah, Vessels of the Sanctuary and Those who Serve Therein 7:20"
                        }
                    ], 
                    "he": "<b>זה הממונה על מעשה בגדי כהונה וכו'.</b> כתב הראב''ד אומר אני שהוא פינחס המלביש עכ''ל. ופשוט הוא ואיני יודע מה מלמדנו. \n"
                }, 
                {
                    "segmentNumber": "2", 
                    "links": [
                        {
                            "category": "Halakhah", 
                            "index_title": "Mishneh Torah, Vessels of the Sanctuary and Those who Serve Therein", 
                            "sourceHeRef": "משנה תורה, הלכות כלי המקדש והעובדין בו ז׳:כ׳", 
                            "sourceRef": "Mishneh Torah, Vessels of the Sanctuary and Those who Serve Therein 7:20"
                        }
                    ], 
                    "he": "<b>ומ''ש רבינו ולשכה היתה לו במקדש.</b> בפרק קמא דמדות (משנה ד'): \n\n"
                }
            ], 
            "heTitle": "כסף משנה על משנה תורה, הלכות כלי המקדש והעובדין בו", 
            "indexTitle": "Kessef Mishneh on Mishneh Torah, Vessels of the Sanctuary and Those who Serve Therein", 
            "sectionRef": "Kessef Mishneh on Mishneh Torah, Vessels of the Sanctuary and Those who Serve Therein 7:20", 
            "prev": "Kessef Mishneh on Mishneh Torah, Vessels of the Sanctuary and Those who Serve Therein 7:19", 
            "ref": "Kessef Mishneh on Mishneh Torah, Vessels of the Sanctuary and Those who Serve Therein 7:20", 
            "heRef": "כסף משנה על משנה תורה, הלכות כלי המקדש והעובדין בו ז׳:כ׳", 
            "next": "Kessef Mishneh on Mishneh Torah, Vessels of the Sanctuary and Those who Serve Therein 8:1"
        }, 
        "Kessef Mishneh on Mishneh Torah, Vessels of the Sanctuary and Those who Serve Therein 7:19": {
            "content": [
                {
                    "segmentNumber": "1", 
                    "links": [
                        {
                            "category": "Halakhah", 
                            "index_title": "Mishneh Torah, Vessels of the Sanctuary and Those who Serve Therein", 
                            "sourceHeRef": "משנה תורה, הלכות כלי המקדש והעובדין בו ז׳:י״ט", 
                            "sourceRef": "Mishneh Torah, Vessels of the Sanctuary and Those who Serve Therein 7:19"
                        }
                    ], 
                    "he": "<b>וכל הכלים שהיו במקדש היו להם שניים ושלישים וכו'.</b> משנה בסוף חגיגה (דף כ''ז:): \n\n"
                }
            ], 
            "heTitle": "כסף משנה על משנה תורה, הלכות כלי המקדש והעובדין בו", 
            "indexTitle": "Kessef Mishneh on Mishneh Torah, Vessels of the Sanctuary and Those who Serve Therein", 
            "sectionRef": "Kessef Mishneh on Mishneh Torah, Vessels of the Sanctuary and Those who Serve Therein 7:19", 
            "prev": "Kessef Mishneh on Mishneh Torah, Vessels of the Sanctuary and Those who Serve Therein 7:18", 
            "ref": "Kessef Mishneh on Mishneh Torah, Vessels of the Sanctuary and Those who Serve Therein 7:19", 
            "heRef": "כסף משנה על משנה תורה, הלכות כלי המקדש והעובדין בו ז׳:י״ט", 
            "next": "Kessef Mishneh on Mishneh Torah, Vessels of the Sanctuary and Those who Serve Therein 7:20"
        }, 
        "Kessef Mishneh on Mishneh Torah, Vessels of the Sanctuary and Those who Serve Therein 7:18": {
            "content": [
                {
                    "segmentNumber": "1", 
                    "links": [
                        {
                            "category": "Halakhah", 
                            "index_title": "Mishneh Torah, Vessels of the Sanctuary and Those who Serve Therein", 
                            "sourceHeRef": "משנה תורה, הלכות כלי המקדש והעובדין בו ז׳:י״ח", 
                            "sourceRef": "Mishneh Torah, Vessels of the Sanctuary and Those who Serve Therein 7:18"
                        }
                    ], 
                    "he": "<b>פרוכת שנטמאת בולד הטומא' מטבילין וכו' עד שהיא נאה.</b> בפרק ב' דשקלים: \n\n"
                }
            ], 
            "heTitle": "כסף משנה על משנה תורה, הלכות כלי המקדש והעובדין בו", 
            "indexTitle": "Kessef Mishneh on Mishneh Torah, Vessels of the Sanctuary and Those who Serve Therein", 
            "sectionRef": "Kessef Mishneh on Mishneh Torah, Vessels of the Sanctuary and Those who Serve Therein 7:18", 
            "prev": "Kessef Mishneh on Mishneh Torah, Vessels of the Sanctuary and Those who Serve Therein 7:17", 
            "ref": "Kessef Mishneh on Mishneh Torah, Vessels of the Sanctuary and Those who Serve Therein 7:18", 
            "heRef": "כסף משנה על משנה תורה, הלכות כלי המקדש והעובדין בו ז׳:י״ח", 
            "next": "Kessef Mishneh on Mishneh Torah, Vessels of the Sanctuary and Those who Serve Therein 7:19"
        }, 
        "Kessef Mishneh on Mishneh Torah, Vessels of the Sanctuary and Those who Serve Therein 7:7": {
            "content": [], 
            "heTitle": "כסף משנה על משנה תורה, הלכות כלי המקדש והעובדין בו", 
            "indexTitle": "Kessef Mishneh on Mishneh Torah, Vessels of the Sanctuary and Those who Serve Therein", 
            "sectionRef": "Kessef Mishneh on Mishneh Torah, Vessels of the Sanctuary and Those who Serve Therein 7:7", 
            "prev": "Kessef Mishneh on Mishneh Torah, Vessels of the Sanctuary and Those who Serve Therein 7:6", 
            "ref": "Kessef Mishneh on Mishneh Torah, Vessels of the Sanctuary and Those who Serve Therein 7:7", 
            "heRef": "כסף משנה על משנה תורה, הלכות כלי המקדש והעובדין בו ז׳:ז׳", 
            "next": "Kessef Mishneh on Mishneh Torah, Vessels of the Sanctuary and Those who Serve Therein 7:9"
        }, 
        "Kessef Mishneh on Mishneh Torah, Vessels of the Sanctuary and Those who Serve Therein 7:6": {
            "content": [
                {
                    "segmentNumber": "1", 
                    "links": [
                        {
                            "category": "Halakhah", 
                            "index_title": "Mishneh Torah, Vessels of the Sanctuary and Those who Serve Therein", 
                            "sourceHeRef": "משנה תורה, הלכות כלי המקדש והעובדין בו ז׳:ו׳", 
                            "sourceRef": "Mishneh Torah, Vessels of the Sanctuary and Those who Serve Therein 7:6"
                        }
                    ], 
                    "he": "<b>ומ''ש ובע''ש מוסיפין שש ג' וכו' עד בשעה שמנסכין המים.</b> שם במשנה ע''ש שבתוך החג היו שם שמנה וארבעים תקיעות שלש לפתיחת שערים שלש לשער העליון שלש לשער התחתון שלש למילוי המים ושלש על גבי המזבח ט' לתמיד של שחר ט' לתמיד של בין הערבים ט' למוספין ג' x להפטיר את העם וג' להבדיל בין קדש לחול. ופירש''י ג' לשער עליון דאמרן לעיל גבי שמחת בית השואבה עמדו שני כהנים בשער העליון היורד מעזרת ישראל לעזרת הנשים קרא הגבר תקעו והריעו ותקעו. ג' לשער התחתון דאמרן לעיל הגיעו לעזרה תקעו והריעו ותקעו והיו מאריכים בהם עד שהגיעו לשער היוצא למזרח והוא שער התחתון וכו'. ג' למילוי המים אחר שמילאו ושבו ובאו להם לעזרה דרך שער המים ותנן בפרק לולב וערבה הגיעו לשער המים תקעו והריעו ותקעו עכ''ל. ומדברי רבינו נראה שהוא מפרש דלשער התחתון דקתני היינו לפתיחת שער העליון ולפתיחת שער התחתון: \n"
                }, 
                {
                    "segmentNumber": "2", 
                    "links": [
                        {
                            "category": "Halakhah", 
                            "index_title": "Mishneh Torah, Vessels of the Sanctuary and Those who Serve Therein", 
                            "sourceHeRef": "משנה תורה, הלכות כלי המקדש והעובדין בו ז׳:ו׳", 
                            "sourceRef": "Mishneh Torah, Vessels of the Sanctuary and Those who Serve Therein 7:6"
                        }
                    ], 
                    "he": "<b>ודע</b> שיש בספרי רבינו חסרון הניכר וכך צריך להגיה וכן תוקעים ג' למילוי המים ואין תוקעים למילוי המים בשבת. \n"
                }, 
                {
                    "segmentNumber": "3", 
                    "links": [
                        {
                            "category": "Halakhah", 
                            "index_title": "Mishneh Torah, Vessels of the Sanctuary and Those who Serve Therein", 
                            "sourceHeRef": "משנה תורה, הלכות כלי המקדש והעובדין בו ז׳:ו׳", 
                            "sourceRef": "Mishneh Torah, Vessels of the Sanctuary and Those who Serve Therein 7:6"
                        }
                    ], 
                    "he": "<b>ומ''ש ואין תוקעין למילוי המים בשבת.</b> גם זה שם ופירש''י שכבר נתמלא מע''ש כדתנן בפרק לולב וערבה אלא שהיה ממלא מע''ש: \n\n"
                }
            ], 
            "heTitle": "כסף משנה על משנה תורה, הלכות כלי המקדש והעובדין בו", 
            "indexTitle": "Kessef Mishneh on Mishneh Torah, Vessels of the Sanctuary and Those who Serve Therein", 
            "sectionRef": "Kessef Mishneh on Mishneh Torah, Vessels of the Sanctuary and Those who Serve Therein 7:6", 
            "prev": "Kessef Mishneh on Mishneh Torah, Vessels of the Sanctuary and Those who Serve Therein 7:5", 
            "ref": "Kessef Mishneh on Mishneh Torah, Vessels of the Sanctuary and Those who Serve Therein 7:6", 
            "heRef": "כסף משנה על משנה תורה, הלכות כלי המקדש והעובדין בו ז׳:ו׳", 
            "next": "Kessef Mishneh on Mishneh Torah, Vessels of the Sanctuary and Those who Serve Therein 7:9"
        }, 
        "Kessef Mishneh on Mishneh Torah, Vessels of the Sanctuary and Those who Serve Therein 7:5": {
            "content": [
                {
                    "segmentNumber": "1", 
                    "links": [
                        {
                            "category": "Halakhah", 
                            "index_title": "Mishneh Torah, Vessels of the Sanctuary and Those who Serve Therein", 
                            "sourceHeRef": "משנה תורה, הלכות כלי המקדש והעובדין בו ז׳:ה׳", 
                            "sourceRef": "Mishneh Torah, Vessels of the Sanctuary and Those who Serve Therein 7:5"
                        }
                    ], 
                    "he": "<b>אין פוחתין במקדש מכ''א תקיעות בכל יום וכו'. </b> משנה בפרק החליל. \n"
                }, 
                {
                    "segmentNumber": "2", 
                    "links": [
                        {
                            "category": "Halakhah", 
                            "index_title": "Mishneh Torah, Vessels of the Sanctuary and Those who Serve Therein", 
                            "sourceHeRef": "משנה תורה, הלכות כלי המקדש והעובדין בו ז׳:ה׳", 
                            "sourceRef": "Mishneh Torah, Vessels of the Sanctuary and Those who Serve Therein 7:5"
                        }
                    ], 
                    "he": "<b>ומ''ש ואם חל ר''ח או יו''ט להיות בשבת וכו' עד לכל המוספין.</b> שם (דף נ''ד) מסיק בתיובתא למ''ד הכל לפי המוספין תוקעין: \n\n"
                }
            ], 
            "heTitle": "כסף משנה על משנה תורה, הלכות כלי המקדש והעובדין בו", 
            "indexTitle": "Kessef Mishneh on Mishneh Torah, Vessels of the Sanctuary and Those who Serve Therein", 
            "sectionRef": "Kessef Mishneh on Mishneh Torah, Vessels of the Sanctuary and Those who Serve Therein 7:5", 
            "prev": "Kessef Mishneh on Mishneh Torah, Vessels of the Sanctuary and Those who Serve Therein 7:4", 
            "ref": "Kessef Mishneh on Mishneh Torah, Vessels of the Sanctuary and Those who Serve Therein 7:5", 
            "heRef": "כסף משנה על משנה תורה, הלכות כלי המקדש והעובדין בו ז׳:ה׳", 
            "next": "Kessef Mishneh on Mishneh Torah, Vessels of the Sanctuary and Those who Serve Therein 7:6"
        }, 
        "Kessef Mishneh on Mishneh Torah, Vessels of the Sanctuary and Those who Serve Therein 7:4": {
            "content": [
                {
                    "segmentNumber": "1", 
                    "links": [
                        {
                            "category": "Halakhah", 
                            "index_title": "Mishneh Torah, Vessels of the Sanctuary and Those who Serve Therein", 
                            "sourceHeRef": "משנה תורה, הלכות כלי המקדש והעובדין בו ז׳:ד׳", 
                            "sourceRef": "Mishneh Torah, Vessels of the Sanctuary and Those who Serve Therein 7:4"
                        }
                    ], 
                    "he": "<b>ומ''ש זה שעל השומרים הוא איש הר הבית וכו' עד ושורף את כסותו.</b> בפ''ק דמדות (משנה ב) וזהו ששנינו בפ''ה דשקלים (משנה א) בן בבי על הפקיע: \n\n"
                }
            ], 
            "heTitle": "כסף משנה על משנה תורה, הלכות כלי המקדש והעובדין בו", 
            "indexTitle": "Kessef Mishneh on Mishneh Torah, Vessels of the Sanctuary and Those who Serve Therein", 
            "sectionRef": "Kessef Mishneh on Mishneh Torah, Vessels of the Sanctuary and Those who Serve Therein 7:4", 
            "prev": "Kessef Mishneh on Mishneh Torah, Vessels of the Sanctuary and Those who Serve Therein 7:3", 
            "ref": "Kessef Mishneh on Mishneh Torah, Vessels of the Sanctuary and Those who Serve Therein 7:4", 
            "heRef": "כסף משנה על משנה תורה, הלכות כלי המקדש והעובדין בו ז׳:ד׳", 
            "next": "Kessef Mishneh on Mishneh Torah, Vessels of the Sanctuary and Those who Serve Therein 7:5"
        }, 
        "Kessef Mishneh on Mishneh Torah, Vessels of the Sanctuary and Those who Serve Therein 7:3": {
            "content": [
                {
                    "segmentNumber": "1", 
                    "links": [
                        {
                            "category": "Halakhah", 
                            "index_title": "Mishneh Torah, Vessels of the Sanctuary and Those who Serve Therein", 
                            "sourceHeRef": "משנה תורה, הלכות כלי המקדש והעובדין בו ז׳:ג׳", 
                            "sourceRef": "Mishneh Torah, Vessels of the Sanctuary and Those who Serve Therein 7:3"
                        }
                    ], 
                    "he": "<b>ומ''ש ובכל יום תוקעין במקדש שלש תקיעות וכו'.</b> בפרק החליל (דף נ''ג:): \n\n"
                }
            ], 
            "heTitle": "כסף משנה על משנה תורה, הלכות כלי המקדש והעובדין בו", 
            "indexTitle": "Kessef Mishneh on Mishneh Torah, Vessels of the Sanctuary and Those who Serve Therein", 
            "sectionRef": "Kessef Mishneh on Mishneh Torah, Vessels of the Sanctuary and Those who Serve Therein 7:3", 
            "prev": "Kessef Mishneh on Mishneh Torah, Vessels of the Sanctuary and Those who Serve Therein 7:2", 
            "ref": "Kessef Mishneh on Mishneh Torah, Vessels of the Sanctuary and Those who Serve Therein 7:3", 
            "heRef": "כסף משנה על משנה תורה, הלכות כלי המקדש והעובדין בו ז׳:ג׳", 
            "next": "Kessef Mishneh on Mishneh Torah, Vessels of the Sanctuary and Those who Serve Therein 7:4"
        }, 
        "Kessef Mishneh on Mishneh Torah, Vessels of the Sanctuary and Those who Serve Therein 7:2": {
            "content": [
                {
                    "segmentNumber": "1", 
                    "links": [
                        {
                            "category": "Halakhah", 
                            "index_title": "Mishneh Torah, Vessels of the Sanctuary and Those who Serve Therein", 
                            "sourceHeRef": "משנה תורה, הלכות כלי המקדש והעובדין בו ז׳:ב׳", 
                            "sourceRef": "Mishneh Torah, Vessels of the Sanctuary and Those who Serve Therein 7:2"
                        }
                    ], 
                    "he": "<b>ומ''ש רבינו זה שעל הזמנים הוא ואנשיו כו' כיון שיגיע עת הקרבן מכריז וכו'.</b> בירושלמי פרק הנזכר וזהו ששנינו במשנה הנזכרת גביני כרוז: \n\n"
                }
            ], 
            "heTitle": "כסף משנה על משנה תורה, הלכות כלי המקדש והעובדין בו", 
            "indexTitle": "Kessef Mishneh on Mishneh Torah, Vessels of the Sanctuary and Those who Serve Therein", 
            "sectionRef": "Kessef Mishneh on Mishneh Torah, Vessels of the Sanctuary and Those who Serve Therein 7:2", 
            "prev": "Kessef Mishneh on Mishneh Torah, Vessels of the Sanctuary and Those who Serve Therein 7:1", 
            "ref": "Kessef Mishneh on Mishneh Torah, Vessels of the Sanctuary and Those who Serve Therein 7:2", 
            "heRef": "כסף משנה על משנה תורה, הלכות כלי המקדש והעובדין בו ז׳:ב׳", 
            "next": "Kessef Mishneh on Mishneh Torah, Vessels of the Sanctuary and Those who Serve Therein 7:3"
        }, 
        "Kessef Mishneh on Mishneh Torah, Vessels of the Sanctuary and Those who Serve Therein 7:1": {
            "content": [
                {
                    "segmentNumber": "1", 
                    "links": [
                        {
                            "category": "Halakhah", 
                            "index_title": "Mishneh Torah, Vessels of the Sanctuary and Those who Serve Therein", 
                            "sourceHeRef": "משנה תורה, הלכות כלי המקדש והעובדין בו ז׳:א׳", 
                            "sourceRef": "Mishneh Torah, Vessels of the Sanctuary and Those who Serve Therein 7:1"
                        }
                    ], 
                    "he": "<b>חמשה עשר ממונים היו במקדש וכו'.</b> בפ''ה דשקלים (מ''א) במשנה ונתבאר בדברי רבינו בפירוש המשנה: \n"
                }, 
                {
                    "segmentNumber": "2", 
                    "links": [
                        {
                            "category": "Halakhah", 
                            "index_title": "Mishneh Torah, Vessels of the Sanctuary and Those who Serve Therein", 
                            "sourceHeRef": "משנה תורה, הלכות כלי המקדש והעובדין בו ז׳:א׳", 
                            "sourceRef": "Mishneh Torah, Vessels of the Sanctuary and Those who Serve Therein 7:1"
                        }
                    ], 
                    "he": "<b>וכתב</b> בהשגות א''א ולמה לא מנה הממונה על הפקיע והוא מכין הפתילות: \n"
                }, 
                {
                    "segmentNumber": "3", 
                    "links": [
                        {
                            "category": "Halakhah", 
                            "index_title": "Mishneh Torah, Vessels of the Sanctuary and Those who Serve Therein", 
                            "sourceHeRef": "משנה תורה, הלכות כלי המקדש והעובדין בו ז׳:א׳", 
                            "sourceRef": "Mishneh Torah, Vessels of the Sanctuary and Those who Serve Therein 7:1"
                        }
                    ], 
                    "he": "<b>ואני</b> אומר אמת הדבר כי בירושלמי פירשו מה ששנינו במשנה הנזכרת בן x בבי על הפקיע כמו שפירש הראב''ד אבל בגמרא דידן פ''ב דיומא (דף כ''ג) אמר אביי מריש ה''א הא דתנן בן xx בבי (ממונה) על הפקיע פתילתא וכו' כיון דשמענא להא דתניא ולא עוד אלא שלוקה מן הממונה בפקיע אמינא מאי פקיע נגדא ופירש''י נגדא רצועות מלקות ורבינו תפס כגמרא דידן שדחה פירוש הירושלמי מכח הברייתא. ויש לתמוה על הראב''ד למה תפס על רבינו שעשה כהוגן וכשורה ובמקום דנמטייה אפריון השיגו ואין לומר שתמה עליו למה לא מנה גם הממונה על הכנת הפתילות דא''כ ה''ל י''ו ממונים ותנא דמתני' לא מני אלא ט''ו: \n\n"
                }
            ], 
            "heTitle": "כסף משנה על משנה תורה, הלכות כלי המקדש והעובדין בו", 
            "indexTitle": "Kessef Mishneh on Mishneh Torah, Vessels of the Sanctuary and Those who Serve Therein", 
            "sectionRef": "Kessef Mishneh on Mishneh Torah, Vessels of the Sanctuary and Those who Serve Therein 7:1", 
            "prev": "Kessef Mishneh on Mishneh Torah, Vessels of the Sanctuary and Those who Serve Therein 6:11", 
            "ref": "Kessef Mishneh on Mishneh Torah, Vessels of the Sanctuary and Those who Serve Therein 7:1", 
            "heRef": "כסף משנה על משנה תורה, הלכות כלי המקדש והעובדין בו ז׳:א׳", 
            "next": "Kessef Mishneh on Mishneh Torah, Vessels of the Sanctuary and Those who Serve Therein 7:2"
        }, 
        "Kessef Mishneh on Mishneh Torah, Vessels of the Sanctuary and Those who Serve Therein 7:9": {
            "content": [
                {
                    "segmentNumber": "1", 
                    "links": [
                        {
                            "category": "Halakhah", 
                            "index_title": "Mishneh Torah, Vessels of the Sanctuary and Those who Serve Therein", 
                            "sourceHeRef": "משנה תורה, הלכות כלי המקדש והעובדין בו ז׳:ט׳", 
                            "sourceRef": "Mishneh Torah, Vessels of the Sanctuary and Those who Serve Therein 7:9"
                        }
                    ], 
                    "he": "<b>הממונה שעל הקינים וכו' עד שיד הקדש על העליונה.</b> נלמד מענין הממונה על הנסכים שיתבאר בסימן זה. \n"
                }, 
                {
                    "segmentNumber": "2", 
                    "links": [
                        {
                            "category": "Halakhah", 
                            "index_title": "Mishneh Torah, Vessels of the Sanctuary and Those who Serve Therein", 
                            "sourceHeRef": "משנה תורה, הלכות כלי המקדש והעובדין בו ז׳:ט׳", 
                            "sourceRef": "Mishneh Torah, Vessels of the Sanctuary and Those who Serve Therein 7:9"
                        }
                    ], 
                    "he": "<b>ומ''ש וכן קן שנמצא פסול או שנפסל וכו'.</b> בספ''ז דשקלים (מ''ז) רבי יוסי אומר xx המספק את הקינין מספק את הפסולות ואין לתמוה למה לא פסק כת''ק דאמר שקינים פסולות באות משל צבור דאיכא למימר שפסק כרבי יוסי משום דמסתבר טעמיה ועוד דת''ק הוי ר''ש כמפורש בריש אותה משנה ופסק כרבי יוסי לגבי ר''ש: \n"
                }, 
                {
                    "segmentNumber": "3", 
                    "links": [
                        {
                            "category": "Halakhah", 
                            "index_title": "Mishneh Torah, Vessels of the Sanctuary and Those who Serve Therein", 
                            "sourceHeRef": "משנה תורה, הלכות כלי המקדש והעובדין בו ז׳:ט׳", 
                            "sourceRef": "Mishneh Torah, Vessels of the Sanctuary and Those who Serve Therein 7:9"
                        }
                    ], 
                    "he": "<b>וכתוב</b> בהשגות א''א לא כי הממונה על הקינין וכו'. ואני אומר שאין זו השגה דפירושי נינהו ומר מפרש הכי ומר מפרש הכי: \n\n"
                }
            ], 
            "heTitle": "כסף משנה על משנה תורה, הלכות כלי המקדש והעובדין בו", 
            "indexTitle": "Kessef Mishneh on Mishneh Torah, Vessels of the Sanctuary and Those who Serve Therein", 
            "sectionRef": "Kessef Mishneh on Mishneh Torah, Vessels of the Sanctuary and Those who Serve Therein 7:9", 
            "prev": "Kessef Mishneh on Mishneh Torah, Vessels of the Sanctuary and Those who Serve Therein 7:6", 
            "ref": "Kessef Mishneh on Mishneh Torah, Vessels of the Sanctuary and Those who Serve Therein 7:9", 
            "heRef": "כסף משנה על משנה תורה, הלכות כלי המקדש והעובדין בו ז׳:ט׳", 
            "next": "Kessef Mishneh on Mishneh Torah, Vessels of the Sanctuary and Those who Serve Therein 7:10"
        }, 
        "Kessef Mishneh on Mishneh Torah, Vessels of the Sanctuary and Those who Serve Therein 7:8": {
            "content": [], 
            "heTitle": "כסף משנה על משנה תורה, הלכות כלי המקדש והעובדין בו", 
            "indexTitle": "Kessef Mishneh on Mishneh Torah, Vessels of the Sanctuary and Those who Serve Therein", 
            "sectionRef": "Kessef Mishneh on Mishneh Torah, Vessels of the Sanctuary and Those who Serve Therein 7:8", 
            "prev": "Kessef Mishneh on Mishneh Torah, Vessels of the Sanctuary and Those who Serve Therein 7:6", 
            "ref": "Kessef Mishneh on Mishneh Torah, Vessels of the Sanctuary and Those who Serve Therein 7:8", 
            "heRef": "כסף משנה על משנה תורה, הלכות כלי המקדש והעובדין בו ז׳:ח׳", 
            "next": "Kessef Mishneh on Mishneh Torah, Vessels of the Sanctuary and Those who Serve Therein 7:9"
        }
    }, 
    "ref": "Kessef Mishneh on Mishneh Torah, Vessels of the Sanctuary and Those who Serve Therein 7"
}