[{
    "links": [
        [
            "7:1:1", 
            "Mishnah Zevachim 7:1", 
            "Mishnah"
        ], 
        [
            "7:2:1", 
            "Mishnah Zevachim 7:2", 
            "Mishnah"
        ], 
        [
            "7:3:1", 
            "Mishnah Zevachim 7:3", 
            "Mishnah"
        ], 
        [
            "7:4:1", 
            "Mishnah Zevachim 7:4", 
            "Mishnah"
        ], 
        [
            "7:5:1", 
            "Mishnah Zevachim 7:5", 
            "Mishnah"
        ], 
        [
            "7:6:1", 
            "Mishnah Zevachim 7:6", 
            "Mishnah"
        ]
    ], 
    "text": [], 
    "heTitleVariants": [
        "רמב\"ם על משנה זבחים"
    ], 
    "heTitle": "רמב\"ם על משנה זבחים", 
    "commentaryBook": "Mishnah Zevachim", 
    "heRef": "רמב\"ם על משנה זבחים ז׳", 
    "toSections": [
        7
    ], 
    "sectionRef": "Rambam on Mishnah Zevachim 7", 
    "title": "Rambam on Mishnah Zevachim 7", 
    "lengths": [
        14, 
        101
    ], 
    "next": "Rambam on Mishnah Zevachim 8:1", 
    "book": "Rambam on Mishnah Zevachim", 
    "prev": "Rambam on Mishnah Zevachim 6:7", 
    "textDepth": 3, 
    "sectionNames": [
        "Chapter", 
        "Mishna", 
        "Comment"
    ], 
    "sections": [
        7
    ], 
    "commentator": "Rambam", 
    "isComplex": false, 
    "commentaryCategories": [
        "Mishnah", 
        "Seder Kodashim"
    ], 
    "titleVariants": [
        "Maimonides on Mishnah Zevachim", 
        "Maimonides on M. Zevachim", 
        "Rambam on M Zevachim", 
        "Rambam on Mishna Zevachim", 
        "Rambam on Mishnah Zevachim", 
        "Maimonides on Mishna Zevachim", 
        "Maimonides on M Zevachim", 
        "Rambam on M. Zevachim"
    ], 
    "categories": [
        "Commentary", 
        "Mishnah", 
        "Rambam"
    ], 
    "he": [
        [
            "<b>חטאת העוף שעשאה למטן כמעשה חטאת כו': </b>כבר נתבאר לך בפרק שלפני זה שחטאת העוף למטה ועולת העוף למעלה ונתבאר לך ג\"כ הפרש שיש בין מליקת חטאת ומליקת עולה ומעשה חטאת היאך הוא ומעשה עולה היאך הוא: ומה שאמר בתחלה כמעשה חטאת לשם חטאת כשרה ר\"ל אפילו שינה בסדר מליקתה ושאר ההלכה מבואר: "
        ], 
        [
            "<b>עולת העוף שעשאה למעלן כמעשה עולה כו': </b>מה שאמר ג\"כ כמעשה עולה לשם עולה כשרה ואפי' שינה בסדר מליקתה וכבר זכרנו לך שכל הזבחים שנשחטו שלא לשמן כשרים אלא שלא עלו לבעלים לשום חובה חוץ מן הפסח ומן החטאת ולפיכך (מפני) שעשה העולה לשם חטאת כשרה אבל אם עשה אותה כמעשה חטאת או במקום חטאת ר\"ל למטן אינה עולה אבל תהיה אז חטאת פסולה ר\"ל שהיא כמו חטאת שאירע בה פסול במעשה או במחשבה שהיא פסולה בלי ספק כמו שזכרנו לפי שאינם פסול העולה הזאת במחשבה עד שנא' כשרה ולא עלתה לבעלים אבל פסלה במעשה: "
        ], 
        [
            "<b>וכולן אינן מטמאות בבית הבליעה ומועלין בהן כו': </b>מן העיקרים שבידינו שנבלת העוף טהור אינה מטמאה לא במגע ולא במשא לא אדם ולא בגדים אבל היא מטמאה בבית הבליעה בלבד ר\"ל מי שאכל ממנה כזית כשהגיע לבית הבליעה יטמא ויהיה טמא ואם נגע בבגדים מטמאין וזהו ענין מטמא בגדים כמו נושא הנבלה ואלו בכלל אבות הטומאות המקובלות כמו שנבאר בתחלת כלים ועוד יתבאר עיקר כל זה והרמז שנאמר על זה בתורה בתחלת מסכת טהרות ושמור העיקר הזה: וידוע שאם יפסד זבח החולין בשום ענין מהענינין המפסידין הזבח יהיה הזבח נבלה וכן אם הפסיד המליקה כגון שמלק בסכין והדומה לו כפי מה שיתבאר בתחלת חולין שזה נבלה אבל אם מלק מליקה כשרה אז תהיה כמו הזבח הכשר בחולין שהתיר רחמנא אכילתו לכהן ר\"ל חטאת העוף לפיכך אמר בכאן שאלו השינוין כלן שזכרנו לך בחטאת העוף אם מלקה שלא לשמה או שינה מקומה אע\"פ שהוא פוסל אותה לא הוציאה מכלל הטהרה שתהא כמו נבלת העוף ותטמא כזית בבית הבליעה ויהיה האוכל ממנה מטמא בגדים רק היא טהורה ואין מותר לאכלה מפני ההפסד שאירע בה והאוכל ממנה שוה פרוטה חייב מעילה כמו שחייב כל הנהנה מן ההקדש לפי שהיא קדש ואין ראוי לאכילה זולתי חטאת העוף שעשאה למטן כמעשה החטאת לשם חטאת שהיא כשרה ומותר באכילה אע\"פ ששינה במליקתה ולא מלקה כמו שאמרנו בסדר מליקת חטאת של עוף בפרק שלפני זה לפי שאותו הסדר למצוה ואם שינה לא הפסיד כלום: "
        ], 
        [
            "<b>עולת העוף שעשאה למטן כמעשה חטאת כו': </b>כל הפסולין הן המנויין בתחלת פרק שני זר אונן טבול יום מחוסר כפורים וכו' ודברה תורה בעולת בהמה זכר תמים ואמרו בסיפרא בעולת העוף תמות וזכרות בבהמה ואין תמות וזכרות בעוף יכול שיבש גפה ושנסמית עינה ושנקטעה רגלה ת\"ל מן העוף ולא כל העוף וכבר ביארנו בשני מקדושין חולין שנשחטו בעזרה אסורים בהנאה אבל אינם מטמאין לפי שעיקר תורתנו שאין כל דבר אסור באכילה או בהנאה מטמא ואין כל טמא אסור באכילה ובמליקה אינה כשרה אלא בקדשים בפנים אבל כ\"ז שמלק בחוץ או מלק חולין אפילו בפנים היא נבלה בלי ספק לפי שאין הפרש בין המליקה ובין הנוחר והמעקר שאין נופל עליהם שם זבח כלל אלא שהוא מעשה יחדו השם על השחיטה בקדשים בפנים בלבד ודבר תורה גדול בני היונה וקטן התורים אינן ראויין לקרבן לפי שנא' תדיר שני תורים או שני בני יונה ולא סיים כל זה אלא [בקדשים ולא] בחולין. וענין מה שאמר לא היה פסולו בקדש שאינה ראויה לקרבן לא מצד הפסד המחשבה ולא מצד המתעסק ולא מצד אכילת שינוי מקום שבאלו הדברים נפסדים הזבחים מצד מעלת הקדש וגדולתו אלא מחמת שהן בעצמן נפסדים קודם שיגיע לפסלות ההקדש ואז נמלקה היא נבלה או אם מלק בסכין שהיא נבלה או אם מלק בחוץ כמו שזכרנו טעם כל זה: "
        ], 
        [
            "<b>מלק בשמאל או מלק בלילה שחט חולין בפנים כו': </b>כל הפסולין הן המנויין בתחלת פרק שני זר אונן טבול יום מחוסר כפורים וכו' ודברה תורה בעולת בהמה זכר תמים ואמרו בסיפרא בעולת העוף תמות וזכרות בבהמה ואין תמות וזכרות בעוף יכול שיבש גפה ושנסמית עינה ושנקטעה רגלה ת\"ל מן העוף ולא כל העוף וכבר ביארנו בשני מקדושין חולין שנשחטו בעזרה אסורים בהנאה אבל אינם מטמאין לפי שעיקר תורתנו שאין כל דבר אסור באכילה או בהנאה מטמא ואין כל טמא אסור באכילה ובמליקה אינה כשרה אלא בקדשים בפנים אבל כ\"ז שמלק בחוץ או מלק חולין אפילו בפנים היא נבלה בלי ספק לפי שאין הפרש בין המליקה ובין הנוחר והמעקר שאין נופל עליהם שם זבח כלל אלא שהוא מעשה יחדו השם על השחיטה בקדשים בפנים בלבד ודבר תורה גדול בני היונה וקטן התורים אינן ראויין לקרבן לפי שנא' תדיר שני תורים או שני בני יונה ולא סיים כל זה אלא [בקדשים ולא] בחולין. וענין מה שאמר לא היה פסולו בקדש שאינה ראויה לקרבן לא מצד הפסד המחשבה ולא מצד המתעסק ולא מצד אכילת שינוי מקום שבאלו הדברים נפסדים הזבחים מצד מעלת הקדש וגדולתו אלא מחמת שהן בעצמן נפסדים קודם שיגיע לפסלות ההקדש ואז נמלקה היא נבלה או אם מלק בסכין שהיא נבלה או אם מלק בחוץ כמו שזכרנו טעם כל זה: "
        ], 
        [
            "<b>מלק ונמצא טרפה ר\"מ אומר אינה מטמאה בבית הבליעה כו': </b>טריפת העוף עוד יתבאר ענינה בשלישי מחולין וידוע שהקדשים אם נמצא מהן שום דבר טריפה אסור בהקרבה שאנו אומרים עליו הקריבהו נא לפחתך וידוע שהטריפה אינה מטמאה ודבר תורה בנבלת בהמה שהיא מטמאה במגע ומשא ונבלת עוף הטהור כבר זכרנו שאינה מטמאה לא במגע ובמשא ועוד יתבארו עקרי כל זה בטהרות במקומותיו. ור\"מ משוה בין השחיטה והמליקה ואומר כמו שמותר לישראל לאכול שחוטה כן מותר לכהן לאכול מליקה ולמד העוף מן הבהמה בקל וחומר כמו שאתה רואה מן הדבר שלמדנו ר\"ל נבלת העוף שהבהמה אין מוציאה מידי טומאה אלא שחיטה והעוף מוציאו שחיטה ומליקה ואמר ר' יוסי דיו לבא מן הדין להיות כנדון הואיל ולמדנו אותו מן הבהמה יהיה כמותה כמו שנתבאר: והכל מסכימים שכל דבר שאנו למדין דינו בק\"ו נאמר בו דיו לבא מן הדין להיות כנדון וזה א' מעקרי היקישות הגמ' ויש לו רמז בתורה כמו שבארנו בשני מן קמא כשחלק רבי יוסי על ר' מאיר בדיו לבא מן הדין להיות כנדון שאין עליו חולק בא ר' מאיר ולמד זה בהיקש ממה שנאמר זאת תורת הבהמה והעוף ואמר מה בהמה דבר המתירה באכילה מטהר טריפתו מטומאתו אף עוף דבר המתירו באכילה מטהר טריפתו מטומאתו ואז אין חולקין עליו בדיו לבא מן הדין לפי שלמד אותו בהיקש לא בק\"ו ורבי יוסי מוציא ההיקש הזה לדין אחר ולא יאות כפי כונתנו לזכור כל הטענות כפי מה שאמרנו בתחלת החבור והלכה כרבי יוסי: "
        ]
    ], 
    "ref": "Rambam on Mishnah Zevachim 7", 
    "type": "Commentary", 
    "addressTypes": [
        "Perek", 
        "Mishnah", 
        "Integer"
    ], 
    "heCommentator": "רמב\"ם", 
    "length": 14, 
    "indexTitle": "Rambam on Mishnah Zevachim", 
    "heIndexTitle": "רמב\"ם על משנה זבחים", 
    "alts": [], 
    "order": [
        41, 
        1
    ]
}]