{
    "content": [
        {
            "segmentNumber": "1", 
            "links": [
                {
                    "category": "Halakhah", 
                    "index_title": "Kessef Mishneh on Mishneh Torah, Sacrifices Rendered Unfit", 
                    "sourceHeRef": "כסף משנה על משנה תורה, הלכות פסולי המוקדשין ד׳:א׳:א׳", 
                    "sourceRef": "Kessef Mishneh on Mishneh Torah, Sacrifices Rendered Unfit 4:1:1"
                }, 
                {
                    "category": "Halakhah", 
                    "index_title": "Kessef Mishneh on Mishneh Torah, Sacrifices Rendered Unfit", 
                    "sourceHeRef": "כסף משנה על משנה תורה, הלכות פסולי המוקדשין ד׳:א׳:ב׳", 
                    "sourceRef": "Kessef Mishneh on Mishneh Torah, Sacrifices Rendered Unfit 4:1:2"
                }, 
                {
                    "category": "Halakhah", 
                    "index_title": "Kessef Mishneh on Mishneh Torah, Sacrifices Rendered Unfit", 
                    "sourceHeRef": "כסף משנה על משנה תורה, הלכות פסולי המוקדשין ד׳:א׳:ג׳", 
                    "sourceRef": "Kessef Mishneh on Mishneh Torah, Sacrifices Rendered Unfit 4:1:3"
                }, 
                {
                    "category": "Halakhah", 
                    "index_title": "Kessef Mishneh on Mishneh Torah, Sacrifices Rendered Unfit", 
                    "sourceHeRef": "כסף משנה על משנה תורה, הלכות פסולי המוקדשין ד׳:א׳:ד׳", 
                    "sourceRef": "Kessef Mishneh on Mishneh Torah, Sacrifices Rendered Unfit 4:1:4"
                }, 
                {
                    "category": "Halakhah", 
                    "index_title": "Kessef Mishneh on Mishneh Torah, Sacrifices Rendered Unfit", 
                    "sourceHeRef": "כסף משנה על משנה תורה, הלכות פסולי המוקדשין ד׳:א׳:ה׳", 
                    "sourceRef": "Kessef Mishneh on Mishneh Torah, Sacrifices Rendered Unfit 4:1:5"
                }
            ], 
            "he": "וְלַד חַטָּאת וּתְמוּרַת חַטָּאת וְחַטָּאת שֶׁמֵּתוּ בְּעָלֶיהָ וְחַטָּאת שֶׁאָבְדָה וְנִמְצֵאת אַחַר שֶׁכִּפְּרוּ הַבְּעָלִים הֲרֵי אֵלּוּ יָמוּתוּ. נִמְצֵאת אַחַר שֶׁנִּשְׁחֲטָה הַחַטָּאת הַשְּׁנִיָּה שֶׁהִפְרִישׁ קֹדֶם שֶׁיִּזָּרֵק דָּמָהּ. הֲרֵי זוֹ סָפֵק אִם תָּמוּת אִם תִּרְעֶה עַד שֶׁיִּפּל בָּהּ מוּם. לְפִיכָךְ תָּמוּת. וְכֵיצַד הֵן מֵתוֹת. לֹא שֶׁיַּהַרְגֵם בִּכְלִי אוֹ בְּיָדוֹ אֶלָּא יַכְנִיסֵם לְבַיִת וְנוֹעֵל עֲלֵיהֶם עַד שֶׁיָּמוּתוּ. וּדְבָרִים אֵלּוּ כֻּלָּם מִפִּי משֶׁה רַבֵּנוּ נִשְׁמְעוּ. אֵין כָּל הַדְּבָרִים אֲמוּרִים אֶלָּא בְּחַטַּאת יָחִיד בִּלְבַד. אֲבָל חַטַּאת צִבּוּר שֶׁאָבְדָה וְנִמְצֵאת אַחַר כַּפָּרָה בֵּין רְאוּיָה בֵּין אֵינָהּ רְאוּיָה תִּרְעֶה עַד שֶׁיִּפּל בָּהּ מוּם וְתִמָּכֵר וְיִפְּלוּ דָּמֶיהָ לִנְדָבָה. וְאֵין אַתָּה יָכוֹל לוֹמַר בְּחַטַּאת צִבּוּר וָלָד אוֹ תְּמוּרָה אוֹ שֶׁמֵּתוּ בְּעָלֶיהָ. שֶׁכָּל קָרְבְּנוֹת הַצִּבּוּר זְכָרִים וְאֵין הַצִּבּוּר עוֹשִׂין תְּמוּרָה כְּמוֹ שֶׁיִּתְבָּאֵר וְאֵין כָּל יִשְׂרָאֵל מֵתִים:\n"
        }, 
        {
            "segmentNumber": "2", 
            "links": [
                {
                    "category": "Halakhah", 
                    "index_title": "Kessef Mishneh on Mishneh Torah, Sacrifices Rendered Unfit", 
                    "sourceHeRef": "כסף משנה על משנה תורה, הלכות פסולי המוקדשין ד׳:ב׳:א׳", 
                    "sourceRef": "Kessef Mishneh on Mishneh Torah, Sacrifices Rendered Unfit 4:2:1"
                }, 
                {
                    "category": "Halakhah", 
                    "index_title": "Kessef Mishneh on Mishneh Torah, Sacrifices Rendered Unfit", 
                    "sourceHeRef": "כסף משנה על משנה תורה, הלכות פסולי המוקדשין ד׳:ב׳:ב׳", 
                    "sourceRef": "Kessef Mishneh on Mishneh Torah, Sacrifices Rendered Unfit 4:2:2"
                }
            ], 
            "he": "פַּר וְשָׂעִיר שֶׁל יוֹם הַכִּפּוּרִים שֶׁאָבְדוּ וְהִפְרִישׁ אֲחֵרִים תַּחְתֵּיהֶן. וְכֵן שְׂעִירֵי עֲבוֹדָה זָרָה שֶׁאָבְדוּ וְהִפְרִישׁ אֲחֵרִים תַּחְתֵּיהֶן. יִרְעוּ עַד שֶׁיִּפּל בָּהֶן מוּם וְיִמָּכְרוּ וְיִפְּלוּ דְּמֵיהֶן לִנְדָבָה. שֶׁאֵין חַטַּאת הַצִּבּוּר מֵתָה. וְלָמָּה לֹא יִקְרְבוּ עַצְמָן נְדָבָה שֶׁהֲרֵי זְכָרִים הֵם. גְּזֵרָה לְאַחַר כַּפָּרָה מִשּׁוּם לִפְנֵי כַּפָּרָה:\n"
        }, 
        {
            "segmentNumber": "3", 
            "links": [
                {
                    "category": "Halakhah", 
                    "index_title": "Kessef Mishneh on Mishneh Torah, Sacrifices Rendered Unfit", 
                    "sourceHeRef": "כסף משנה על משנה תורה, הלכות פסולי המוקדשין ד׳:ג׳:א׳", 
                    "sourceRef": "Kessef Mishneh on Mishneh Torah, Sacrifices Rendered Unfit 4:3:1"
                }, 
                {
                    "category": "Halakhah", 
                    "index_title": "Kessef Mishneh on Mishneh Torah, Sacrifices Rendered Unfit", 
                    "sourceHeRef": "כסף משנה על משנה תורה, הלכות פסולי המוקדשין ד׳:ג׳:ב׳", 
                    "sourceRef": "Kessef Mishneh on Mishneh Torah, Sacrifices Rendered Unfit 4:3:2"
                }, 
                {
                    "category": "Halakhah", 
                    "index_title": "Kessef Mishneh on Mishneh Torah, Sacrifices Rendered Unfit", 
                    "sourceHeRef": "כסף משנה על משנה תורה, הלכות פסולי המוקדשין ד׳:ג׳:ג׳", 
                    "sourceRef": "Kessef Mishneh on Mishneh Torah, Sacrifices Rendered Unfit 4:3:3"
                }
            ], 
            "he": "הַמַּפְרִישׁ חַטָּאתוֹ וְאָבְדָה וְהִפְרִישׁ אַחֶרֶת תַּחְתֶּיהָ וְנִמְצֵאת הָרִאשׁוֹנָה וַהֲרֵי שְׁתֵּיהֶם עוֹמְדוֹת. מָשַׁךְ אַחַת מִשְּׁתֵיהֶן וְנִתְכַּפֵּר בָּהּ הָאַחֶרֶת תָּמוּת. בָּא לְהִמָּלֵךְ אוֹמְרִין לוֹ שֶׁיִּתְכַּפֵּר בָּזוֹ שֶׁהִפְרִישׁ בָּרִאשׁוֹנָה וְהַשְּׁנִיָּה תִּרְעֶה עַד שֶׁיִּפּל בָּהּ מוּם וְיִפְּלוּ דָּמֶיהָ לִנְדָבָה. הָיְתָה אַחַת מֵהֶן תְּמִימָה וְאַחַת בַּעֲלַת מוּם. תְּמִימָה תִּקָּרֵב וּבַעֲלַת מוּם תִּפָּדֶה. נִשְׁחֲטָה בַּעֲלַת מוּם קֹדֶם שֶׁיִּזָּרֵק דַּם הַתְּמִימָה הֲרֵי זוֹ אֲסוּרָה בַּהֲנָאָה. הָיוּ שְׁתֵּיהֶן בַּעֲלֵי מוּמִין יִמָּכְרוּ שְׁתֵּיהֶן וְיָבִיא מִדְּמֵיהֶם חַטָּאת וְהַשְּׁאָר יִפּל לִנְדָבָה:\n"
        }, 
        {
            "segmentNumber": "4", 
            "links": [
                {
                    "category": "Halakhah", 
                    "index_title": "Kessef Mishneh on Mishneh Torah, Sacrifices Rendered Unfit", 
                    "sourceHeRef": "כסף משנה על משנה תורה, הלכות פסולי המוקדשין ד׳:ד׳:א׳", 
                    "sourceRef": "Kessef Mishneh on Mishneh Torah, Sacrifices Rendered Unfit 4:4:1"
                }
            ], 
            "he": "הִפְרִישׁ חַטָּאתוֹ וְאָבְדָה. וְהִפְרִישׁ אַחֶרֶת תַּחְתֶּיהָ וְאָבְדָה. וְהִפְרִישׁ אַחֶרֶת וְנִמְצְאוּ הָאוֹבְדוֹת וַהֲרֵי שְׁלָשְׁתָּן עוֹמְדוֹת וְנִתְכַּפֵּר בָּרִאשׁוֹנָה. שְׁנִיָּה מֵתָה וּשְׁלִישִׁית רוֹעָה. נִתְכַּפֵּר בַּשְּׁלִישִׁית שְׁנִיָּה מֵתָה וְרִאשׁוֹנָה רוֹעָה. נִתְכַּפֵּר בָּאֶמְצָעִית שְׁתֵּיהֶם מֵתוֹת:\n"
        }, 
        {
            "segmentNumber": "5", 
            "links": [
                {
                    "category": "Halakhah", 
                    "index_title": "Kessef Mishneh on Mishneh Torah, Sacrifices Rendered Unfit", 
                    "sourceHeRef": "כסף משנה על משנה תורה, הלכות פסולי המוקדשין ד׳:ה׳:א׳", 
                    "sourceRef": "Kessef Mishneh on Mishneh Torah, Sacrifices Rendered Unfit 4:5:1"
                }, 
                {
                    "category": "Halakhah", 
                    "index_title": "Kessef Mishneh on Mishneh Torah, Sacrifices Rendered Unfit", 
                    "sourceHeRef": "כסף משנה על משנה תורה, הלכות פסולי המוקדשין ד׳:ה׳:ב׳", 
                    "sourceRef": "Kessef Mishneh on Mishneh Torah, Sacrifices Rendered Unfit 4:5:2"
                }
            ], 
            "he": "הַמַּפְרִישׁ שְׁתֵּי חַטָּאוֹת לְאַחֲרָיוּת. מִתְכַּפֵּר בְּאֵי זוֹ שֶׁיִּרְצֶה וְהַשְּׁנִיָּה תִּרְעֶה עַד שֶׁיִּפּל בָּהּ מוּם וְיִפְּלוּ דָּמֶיהָ לִנְדָבָה:\n"
        }, 
        {
            "segmentNumber": "6", 
            "links": [
                {
                    "category": "Halakhah", 
                    "index_title": "Kessef Mishneh on Mishneh Torah, Sacrifices Rendered Unfit", 
                    "sourceHeRef": "כסף משנה על משנה תורה, הלכות פסולי המוקדשין ד׳:ו׳:א׳", 
                    "sourceRef": "Kessef Mishneh on Mishneh Torah, Sacrifices Rendered Unfit 4:6:1"
                }
            ], 
            "he": "הִפְרִישׁ חַטָּאת מְעֻבֶּרֶת וְיָלְדָה. הֲרֵי הִיא וּוְלָדָהּ כִּשְׁתֵּי חַטָּאוֹת שֶׁנִּתְפָּרְשׁוּ לְאַחֲרָיוּת:\n"
        }, 
        {
            "segmentNumber": "7", 
            "links": [
                {
                    "category": "Halakhah", 
                    "index_title": "Kessef Mishneh on Mishneh Torah, Sacrifices Rendered Unfit", 
                    "sourceHeRef": "כסף משנה על משנה תורה, הלכות פסולי המוקדשין ד׳:ז׳:א׳", 
                    "sourceRef": "Kessef Mishneh on Mishneh Torah, Sacrifices Rendered Unfit 4:7:1"
                }, 
                {
                    "category": "Halakhah", 
                    "index_title": "Kessef Mishneh on Mishneh Torah, Sacrifices Rendered Unfit", 
                    "sourceHeRef": "כסף משנה על משנה תורה, הלכות פסולי המוקדשין ד׳:ז׳:ב׳", 
                    "sourceRef": "Kessef Mishneh on Mishneh Torah, Sacrifices Rendered Unfit 4:7:2"
                }
            ], 
            "he": "הַמַּפְרִישׁ חַטָּאתוֹ וְעָבְרָה שְׁנָתָהּ. תִּרְעֶה עַד שֶׁיִּפּל בָּהּ מוּם וְתִמָּכֵר וְיָבִיא בְּדָמֶיהָ אַחֶרֶת. וְכֵן אִם הִפְרִישׁ חַטָּאתוֹ וְנָפַל בָּהּ מוּם יָבִיא בְּדָמֶיהָ אַחֶרֶת:\n"
        }, 
        {
            "segmentNumber": "8", 
            "links": [
                {
                    "category": "Halakhah", 
                    "index_title": "Kessef Mishneh on Mishneh Torah, Sacrifices Rendered Unfit", 
                    "sourceHeRef": "כסף משנה על משנה תורה, הלכות פסולי המוקדשין ד׳:ח׳:א׳", 
                    "sourceRef": "Kessef Mishneh on Mishneh Torah, Sacrifices Rendered Unfit 4:8:1"
                }
            ], 
            "he": "כָּל חַטָּאת שֶׁאָבְדָה וְנִמְצֵאת קֹדֶם כַּפָּרָה. (אַף עַל פִּי שֶׁנִּמְצֵאת בַּעֲלַת מוּם אוֹ שֶׁנִּמְצֵאת אַחַר שֶׁעָבְרָה שְׁנָתָהּ) אֵינָהּ מֵתָה אֶלָּא תִּרְעֶה עַד שֶׁיִּפּל בָּהּ מוּם וְיִפְּלוּ דָּמֶיהָ לִנְדָבָה. נִמְצֵאת אַחַר כַּפָּרָה אַף עַל פִּי שֶׁנִּמְצֵאת בַּעֲלַת מוּם אוֹ עָבְרָה שְׁנָתָהּ הוֹאִיל וְהָיְתָה אֲבוּדָה בִּשְׁעַת כַּפָּרָה הֲרֵי זוֹ תָּמוּת:\n"
        }, 
        {
            "segmentNumber": "9", 
            "links": [
                {
                    "category": "Halakhah", 
                    "index_title": "Kessef Mishneh on Mishneh Torah, Sacrifices Rendered Unfit", 
                    "sourceHeRef": "כסף משנה על משנה תורה, הלכות פסולי המוקדשין ד׳:ט׳:א׳", 
                    "sourceRef": "Kessef Mishneh on Mishneh Torah, Sacrifices Rendered Unfit 4:9:1"
                }, 
                {
                    "category": "Halakhah", 
                    "index_title": "Kessef Mishneh on Mishneh Torah, Sacrifices Rendered Unfit", 
                    "sourceHeRef": "כסף משנה על משנה תורה, הלכות פסולי המוקדשין ד׳:ט׳:ב׳", 
                    "sourceRef": "Kessef Mishneh on Mishneh Torah, Sacrifices Rendered Unfit 4:9:2"
                }
            ], 
            "he": "הָיְתָה גְּנוּבָה אוֹ גְּזוּלָה בִּשְׁעַת כַּפָּרָה וְאַחַר כָּךְ חָזְרָה. אֵינָהּ מֵתָה אֶלָּא תִּרְעֶה. לֹא שָׁמְעוּ מִמּשֶׁה רַבֵּנוּ אֶלָּא אֲבוּדָה. הָיְתָה עִקַּר אֲבֵדָתָהּ בַּלַּיְלָה אַף עַל פִּי שֶׁהָיְתָה אֲבוּדָה בִּשְׁעַת כַּפָּרָה. אֵינָהּ מֵתָה אֶלָּא תִּרְעֶה:\n"
        }, 
        {
            "segmentNumber": "10", 
            "links": [
                {
                    "category": "Halakhah", 
                    "index_title": "Kessef Mishneh on Mishneh Torah, Sacrifices Rendered Unfit", 
                    "sourceHeRef": "כסף משנה על משנה תורה, הלכות פסולי המוקדשין ד׳:י׳:א׳", 
                    "sourceRef": "Kessef Mishneh on Mishneh Torah, Sacrifices Rendered Unfit 4:10:1"
                }
            ], 
            "he": "אָבְדָה מִמֶּנּוּ וְלֹא מִן הָרוֹעֶה. אוֹ שֶׁאָבְדָה מִן הָרוֹעֶה וְאֵינָהּ אֲבוּדָה מִבְּעָלֶיהָ. אֵינָהּ מֵתָה אֶלָּא רוֹעָה:\n"
        }, 
        {
            "segmentNumber": "11", 
            "links": [
                {
                    "category": "Halakhah", 
                    "index_title": "Kessef Mishneh on Mishneh Torah, Sacrifices Rendered Unfit", 
                    "sourceHeRef": "כסף משנה על משנה תורה, הלכות פסולי המוקדשין ד׳:י״א:א׳", 
                    "sourceRef": "Kessef Mishneh on Mishneh Torah, Sacrifices Rendered Unfit 4:11:1"
                }
            ], 
            "he": "וְכָל אֵלּוּ שֶׁרוֹעוֹת רוֹעוֹת עַד שֶׁיִּפּל בָּהֶן מוּם וְיִפְּלוּ דְּמֵיהֶן לִנְדָבָה:\n"
        }, 
        {
            "segmentNumber": "12", 
            "links": [
                {
                    "category": "Halakhah", 
                    "index_title": "Kessef Mishneh on Mishneh Torah, Sacrifices Rendered Unfit", 
                    "sourceHeRef": "כסף משנה על משנה תורה, הלכות פסולי המוקדשין ד׳:י״ב:א׳", 
                    "sourceRef": "Kessef Mishneh on Mishneh Torah, Sacrifices Rendered Unfit 4:12:1"
                }
            ], 
            "he": "הָיְתָה אֲבוּדָה מִמֶּנּוּ וּמִן הָרוֹעֶה וְאַחֵר מַכִּירָה. אֲפִלּוּ בְּסוֹף הָעוֹלָם. הֲרֵי זוֹ סָפֵק לְפִיכָךְ תָּמוּת:\n"
        }, 
        {
            "segmentNumber": "13", 
            "links": [
                {
                    "category": "Halakhah", 
                    "index_title": "Kessef Mishneh on Mishneh Torah, Sacrifices Rendered Unfit", 
                    "sourceHeRef": "כסף משנה על משנה תורה, הלכות פסולי המוקדשין ד׳:י״ג:א׳", 
                    "sourceRef": "Kessef Mishneh on Mishneh Torah, Sacrifices Rendered Unfit 4:13:1"
                }, 
                {
                    "category": "Halakhah", 
                    "index_title": "Kessef Mishneh on Mishneh Torah, Sacrifices Rendered Unfit", 
                    "sourceHeRef": "כסף משנה על משנה תורה, הלכות פסולי המוקדשין ד׳:י״ג:ב׳", 
                    "sourceRef": "Kessef Mishneh on Mishneh Torah, Sacrifices Rendered Unfit 4:13:2"
                }
            ], 
            "he": "הָיְתָה נֶחְבֵּאת אֲחוֹרֵי הַדֶּלֶת אוֹ בְּסֵתֶר הַמַּדְרֵגָה הֲרֵי זוֹ אֲבוּדָה. שֶׁהֲרֵי אֵין אָדָם רוֹאֶה אוֹתָהּ בִּשְׁעַת כַּפָּרָה. הָיְתָה בַּשָּׂדֶה אוֹ בַּאֲגַם הֲרֵי זוֹ סָפֵק אֲבוּדָה שֶׁמָּא יֵשׁ שָׁם אָדָם רוֹאֶה אוֹתָהּ בִּשְׁעַת כַּפָּרָה. לְפִיכָךְ תָּמוּת מִסָּפֵק:\n"
        }, 
        {
            "segmentNumber": "14", 
            "links": [
                {
                    "category": "Halakhah", 
                    "index_title": "Kessef Mishneh on Mishneh Torah, Sacrifices Rendered Unfit", 
                    "sourceHeRef": "כסף משנה על משנה תורה, הלכות פסולי המוקדשין ד׳:י״ד:א׳", 
                    "sourceRef": "Kessef Mishneh on Mishneh Torah, Sacrifices Rendered Unfit 4:14:1"
                }, 
                {
                    "category": "Halakhah", 
                    "index_title": "Kessef Mishneh on Mishneh Torah, Sacrifices Rendered Unfit", 
                    "sourceHeRef": "כסף משנה על משנה תורה, הלכות פסולי המוקדשין ד׳:י״ד:ב׳", 
                    "sourceRef": "Kessef Mishneh on Mishneh Torah, Sacrifices Rendered Unfit 4:14:2"
                }, 
                {
                    "category": "Halakhah", 
                    "index_title": "Kessef Mishneh on Mishneh Torah, Sacrifices Rendered Unfit", 
                    "sourceHeRef": "כסף משנה על משנה תורה, הלכות פסולי המוקדשין ד׳:י״ד:ג׳", 
                    "sourceRef": "Kessef Mishneh on Mishneh Torah, Sacrifices Rendered Unfit 4:14:3"
                }, 
                {
                    "category": "Halakhah", 
                    "index_title": "Kessef Mishneh on Mishneh Torah, Sacrifices Rendered Unfit", 
                    "sourceHeRef": "כסף משנה על משנה תורה, הלכות פסולי המוקדשין ד׳:י״ד:ד׳", 
                    "sourceRef": "Kessef Mishneh on Mishneh Torah, Sacrifices Rendered Unfit 4:14:4"
                }
            ], 
            "he": "הַשּׁוֹלֵחַ חַטָּאתוֹ מִמְּדִינַת הַיָּם. מַקְרִיבִין אוֹתָהּ בְּחֶזְקַת שֶׁהוּא קַיָּם. בַּמֶּה דְּבָרִים אֲמוּרִים בְּחַטַּאת הָעוֹף. אוֹ בְּחַטַּאת בְּהֵמָה שֶׁל אִשָּׁה שֶׁאֵינָהּ בַּת סְמִיכָה כְּמוֹ שֶׁבֵּאַרְנוּ. אֲבָל אָשָׁם וַדַּאי שֶׁמֵּתוּ בְּעָלָיו. וְשֶׁכִּפְּרוּ בְּעָלָיו. יִרְעֶה עַד שֶׁיִּפּל בּוֹ מוּם וְיִמָּכֵר וְיִפְּלוּ דָּמָיו לִנְדָבָה. שֶׁכָּל שֶׁבְּחַטָּאת תָּמוּת בְּאָשָׁם יִרְעֶה עַד שֶׁיִּפּל בּוֹ מוּם וְיִפְּלוּ דָּמָיו לִנְדָבָה:\n"
        }, 
        {
            "segmentNumber": "15", 
            "links": [
                {
                    "category": "Halakhah", 
                    "index_title": "Kessef Mishneh on Mishneh Torah, Sacrifices Rendered Unfit", 
                    "sourceHeRef": "כסף משנה על משנה תורה, הלכות פסולי המוקדשין ד׳:ט״ו:א׳", 
                    "sourceRef": "Kessef Mishneh on Mishneh Torah, Sacrifices Rendered Unfit 4:15:1"
                }, 
                {
                    "category": "Halakhah", 
                    "index_title": "Kessef Mishneh on Mishneh Torah, Sacrifices Rendered Unfit", 
                    "sourceHeRef": "כסף משנה על משנה תורה, הלכות פסולי המוקדשין ד׳:ט״ו:ב׳", 
                    "sourceRef": "Kessef Mishneh on Mishneh Torah, Sacrifices Rendered Unfit 4:15:2"
                }
            ], 
            "he": "כָּל אָשָׁם שֶׁנִּתַּק לִרְעִיָּה. אִם הִקְרִיבוֹ עוֹלָה כָּשֵׁר. וְלָמָּה לֹא יִקָּרֵב בְּעַצְמוֹ עוֹלָה לְכַתְּחִלָּה. גְּזֵרָה לְאַחַר כַּפָּרָה מִשּׁוּם לִפְנֵי כַּפָּרָה:\n"
        }, 
        {
            "segmentNumber": "16", 
            "links": [
                {
                    "category": "Halakhah", 
                    "index_title": "Kessef Mishneh on Mishneh Torah, Sacrifices Rendered Unfit", 
                    "sourceHeRef": "כסף משנה על משנה תורה, הלכות פסולי המוקדשין ד׳:ט״ז:א׳", 
                    "sourceRef": "Kessef Mishneh on Mishneh Torah, Sacrifices Rendered Unfit 4:16:1"
                }, 
                {
                    "category": "Halakhah", 
                    "index_title": "Kessef Mishneh on Mishneh Torah, Sacrifices Rendered Unfit", 
                    "sourceHeRef": "כסף משנה על משנה תורה, הלכות פסולי המוקדשין ד׳:ט״ז:ב׳", 
                    "sourceRef": "Kessef Mishneh on Mishneh Torah, Sacrifices Rendered Unfit 4:16:2"
                }
            ], 
            "he": "הַמַּפְרִישׁ נְקֵבָה לַאֲשָׁמוֹ תִּרְעֶה עַד שֶׁיִּפּל בָּהּ מוּם וְתִמָּכֵר וְיָבִיא בְּדָמֶיהָ אָשָׁם. אִם הִקְרִיב אֲשָׁמוֹ יִפְּלוּ דָּמֶיהָ לִנְדָבָה. וְכֵן וְלָדָהּ:\n"
        }, 
        {
            "segmentNumber": "17", 
            "links": [
                {
                    "category": "Halakhah", 
                    "index_title": "Kessef Mishneh on Mishneh Torah, Sacrifices Rendered Unfit", 
                    "sourceHeRef": "כסף משנה על משנה תורה, הלכות פסולי המוקדשין ד׳:י״ז:א׳", 
                    "sourceRef": "Kessef Mishneh on Mishneh Torah, Sacrifices Rendered Unfit 4:17:1"
                }
            ], 
            "he": "הִפְרִישׁ נְקֵבָה לְעוֹלָתוֹ וְיָלְדָה זָכָר יִרְעֶה עַד שֶׁיִּפּל בּוֹ מוּם וְיָבִיא בְּדָמָיו עוֹלָה:\n"
        }, 
        {
            "segmentNumber": "18", 
            "links": [
                {
                    "category": "Halakhah", 
                    "index_title": "Kessef Mishneh on Mishneh Torah, Sacrifices Rendered Unfit", 
                    "sourceHeRef": "כסף משנה על משנה תורה, הלכות פסולי המוקדשין ד׳:י״ח:א׳", 
                    "sourceRef": "Kessef Mishneh on Mishneh Torah, Sacrifices Rendered Unfit 4:18:1"
                }, 
                {
                    "category": "Halakhah", 
                    "index_title": "Kessef Mishneh on Mishneh Torah, Sacrifices Rendered Unfit", 
                    "sourceHeRef": "כסף משנה על משנה תורה, הלכות פסולי המוקדשין ד׳:י״ח:ב׳", 
                    "sourceRef": "Kessef Mishneh on Mishneh Torah, Sacrifices Rendered Unfit 4:18:2"
                }
            ], 
            "he": "אֲבָל הֶדְיוֹט שֶׁהִפְרִישׁ זָכָר לְחַטָּאת וְנָשִׂיא שֶׁהִפְרִישׁ שְׂעִירָה לְחַטָּאת. וְכֹהֵן מָשִׁיחַ שֶׁהִפְרִישׁ פָּרָה לְחַטָּאת הֲרֵי אֵלּוּ אֵין מִתְקַדְּשִׁין לֹא קְדֻשַּׁת הַגּוּף וְלֹא קְדֻשַּׁת דָּמִים. לְפִיכָךְ יִמָּכְרוּ שֶׁלֹּא בְּמוּם:\n"
        }, 
        {
            "segmentNumber": "19", 
            "links": [
                {
                    "category": "Halakhah", 
                    "index_title": "Kessef Mishneh on Mishneh Torah, Sacrifices Rendered Unfit", 
                    "sourceHeRef": "כסף משנה על משנה תורה, הלכות פסולי המוקדשין ד׳:י״ט:א׳", 
                    "sourceRef": "Kessef Mishneh on Mishneh Torah, Sacrifices Rendered Unfit 4:19:1"
                }, 
                {
                    "category": "Halakhah", 
                    "index_title": "Kessef Mishneh on Mishneh Torah, Sacrifices Rendered Unfit", 
                    "sourceHeRef": "כסף משנה על משנה תורה, הלכות פסולי המוקדשין ד׳:י״ט:ב׳", 
                    "sourceRef": "Kessef Mishneh on Mishneh Torah, Sacrifices Rendered Unfit 4:19:2"
                }, 
                {
                    "category": "Halakhah", 
                    "index_title": "Kessef Mishneh on Mishneh Torah, Sacrifices Rendered Unfit", 
                    "sourceHeRef": "כסף משנה על משנה תורה, הלכות פסולי המוקדשין ד׳:י״ט:ג׳", 
                    "sourceRef": "Kessef Mishneh on Mishneh Torah, Sacrifices Rendered Unfit 4:19:3"
                }, 
                {
                    "category": "Halakhah", 
                    "index_title": "Kessef Mishneh on Mishneh Torah, Sacrifices Rendered Unfit", 
                    "sourceHeRef": "כסף משנה על משנה תורה, הלכות פסולי המוקדשין ד׳:י״ט:ד׳", 
                    "sourceRef": "Kessef Mishneh on Mishneh Torah, Sacrifices Rendered Unfit 4:19:4"
                }, 
                {
                    "category": "Halakhah", 
                    "index_title": "Kessef Mishneh on Mishneh Torah, Sacrifices Rendered Unfit", 
                    "sourceHeRef": "כסף משנה על משנה תורה, הלכות פסולי המוקדשין ד׳:י״ט:ה׳", 
                    "sourceRef": "Kessef Mishneh on Mishneh Torah, Sacrifices Rendered Unfit 4:19:5"
                }
            ], 
            "he": "הֵבִיא אָשָׁם תָּלוּי וְנוֹדַע לוֹ שֶׁלֹּא חָטָא אוֹ שֶׁחָטָא וַדַּאי. אִם עַד שֶׁלֹּא נִשְׁחַט יִרְעֶה עַד שֶׁיִּפּל בּוֹ מוּם וְיִפְּלוּ דָּמָיו לִנְדָבָה מִפְּנֵי שֶׁלִּבּוֹ שֶׁל אָדָם דָוֶה עַל עֲוֹנוֹתָיו וְהוֹאִיל וְעַל סָפֵק הִפְרִישׁוֹ גָּמַר בְּלִבּוֹ לְהַקְדִּישׁ. הִפְרִישׁ אֲפִלּוּ עַל פִּי עֵדִים וְהוּזַמּוּ יִפְּלוּ דָּמָיו לִנְדָבָה. וְאִם אַחַר שֶׁנִּשְׁחַט נוֹדַע לוֹ. הַדָּם יִשָּׁפֵךְ וְהַבָּשָׂר יִשָּׂרֵף כִּשְׁאָר פְּסוּלֵי הַמֻּקְדָּשִׁין. נוֹדַע לוֹ אַחַר שֶׁנִּזְרַק הַדָּם. הַבָּשָׂר יֵאָכֵל לַכֹּהֲנִים כְּכָל הָאֲשָׁמוֹת:\n"
        }, 
        {
            "segmentNumber": "20", 
            "links": [
                {
                    "category": "Halakhah", 
                    "index_title": "Kessef Mishneh on Mishneh Torah, Sacrifices Rendered Unfit", 
                    "sourceHeRef": "כסף משנה על משנה תורה, הלכות פסולי המוקדשין ד׳:כ׳:א׳", 
                    "sourceRef": "Kessef Mishneh on Mishneh Torah, Sacrifices Rendered Unfit 4:20:1"
                }
            ], 
            "he": "אָשָׁם וַדַּאי אֵינוֹ כֵּן. אִם עַד שֶׁלֹּא נִשְׁחַט נוֹדַע לוֹ שֶׁלֹּא חָטָא יֵצֵא וְיִרְעֶה בָּעֵדֶר כִּשְׁאָר הַחֻלִּין וְאֵין בּוֹ קְדֻשָּׁה כְּלָל. וְאִם מִשֶּׁנִּשְׁחַט הֲרֵי זֶה יִקָּבֵר. וְאִם מִשֶּׁנִּזְרַק הַדָּם. הַבָּשָׂר יֵצֵא לְבֵית הַשְּׂרֵפָה כִּשְׁאָר פְּסוּלֵי הַמֻּקְדָּשִׁין:\n"
        }, 
        {
            "segmentNumber": "21", 
            "links": [
                {
                    "category": "Halakhah", 
                    "index_title": "Kessef Mishneh on Mishneh Torah, Sacrifices Rendered Unfit", 
                    "sourceHeRef": "כסף משנה על משנה תורה, הלכות פסולי המוקדשין ד׳:כ״א:א׳", 
                    "sourceRef": "Kessef Mishneh on Mishneh Torah, Sacrifices Rendered Unfit 4:21:1"
                }
            ], 
            "he": "מִי שֶׁנִּתְחַיֵּב בְּאָשָׁם תָּלוּי וְהִפְרִישׁ שְׁנַיִם לְאַחֲרָיוּת. מִתְכַּפֵּר בְּאֶחָד וְהַשֵּׁנִי יִרְעֶה עַד שֶׁיִּפּל בּוֹ מוּם וְיִפְּלוּ דָּמָיו לִנְדָבָה. וְאֵין צָרִיךְ לוֹמַר בְּאָשָׁם וַדַּאי שֶׁהוּא כֵּן:\n"
        }, 
        {
            "segmentNumber": "22", 
            "links": [
                {
                    "category": "Halakhah", 
                    "index_title": "Kessef Mishneh on Mishneh Torah, Sacrifices Rendered Unfit", 
                    "sourceHeRef": "כסף משנה על משנה תורה, הלכות פסולי המוקדשין ד׳:כ״ב:א׳", 
                    "sourceRef": "Kessef Mishneh on Mishneh Torah, Sacrifices Rendered Unfit 4:22:1"
                }, 
                {
                    "category": "Halakhah", 
                    "index_title": "Kessef Mishneh on Mishneh Torah, Sacrifices Rendered Unfit", 
                    "sourceHeRef": "כסף משנה על משנה תורה, הלכות פסולי המוקדשין ד׳:כ״ב:ב׳", 
                    "sourceRef": "Kessef Mishneh on Mishneh Torah, Sacrifices Rendered Unfit 4:22:2"
                }
            ], 
            "he": "כָּל הָאֲשָׁמוֹת שֶׁבַּתּוֹרָה בָּאִין בְּנֵי שְׁתַּיִם וּבָאִים בְּכֶסֶף שְׁקָלִים. חוּץ מֵאֲשַׁם מְצֹרָע וַאֲשַׁם נָזִיר שֶׁהֵם בְּנֵי שָׁנָה וְאֵין לִדְמֵיהֶם קִצְבָה. אָשָׁם תָּלוּי בָּא מִן הַקְּטַנִּים אוֹ מִן הַגְּדוֹלִים. וּמִפִּי הַשְּׁמוּעָה לָמְדוּ שֶׁאֵינוֹ בָּא אֶלָּא בְּכֶסֶף שְׁקָלִים:\n"
        }, 
        {
            "segmentNumber": "23", 
            "links": [
                {
                    "category": "Halakhah", 
                    "index_title": "Kessef Mishneh on Mishneh Torah, Sacrifices Rendered Unfit", 
                    "sourceHeRef": "כסף משנה על משנה תורה, הלכות פסולי המוקדשין ד׳:כ״ג:א׳", 
                    "sourceRef": "Kessef Mishneh on Mishneh Torah, Sacrifices Rendered Unfit 4:23:1"
                }
            ], 
            "he": "הוּזְלוּ אֵילִים וְלֹא יִמָּצֵא אַיִל בִּשְׁתֵּי סְלָעִים אֵין לוֹ תַּקָּנָה אֶלָּא יִשְׁהֵא עַד שֶׁיּוּקְרוּ וְיָבִיא בִּשְׁתֵּי סְלָעִים שֶׁהֲרֵי הִקְפִּידָה תּוֹרָה עַל דָּמָיו וְנָתְנָה לוֹ קִצְבָה:\n"
        }, 
        {
            "segmentNumber": "24", 
            "links": [
                {
                    "category": "Halakhah", 
                    "index_title": "Kessef Mishneh on Mishneh Torah, Sacrifices Rendered Unfit", 
                    "sourceHeRef": "כסף משנה על משנה תורה, הלכות פסולי המוקדשין ד׳:כ״ד:א׳", 
                    "sourceRef": "Kessef Mishneh on Mishneh Torah, Sacrifices Rendered Unfit 4:24:1"
                }, 
                {
                    "category": "Halakhah", 
                    "index_title": "Kessef Mishneh on Mishneh Torah, Sacrifices Rendered Unfit", 
                    "sourceHeRef": "כסף משנה על משנה תורה, הלכות פסולי המוקדשין ד׳:כ״ד:ב׳", 
                    "sourceRef": "Kessef Mishneh on Mishneh Torah, Sacrifices Rendered Unfit 4:24:2"
                }, 
                {
                    "category": "Halakhah", 
                    "index_title": "Kessef Mishneh on Mishneh Torah, Sacrifices Rendered Unfit", 
                    "sourceHeRef": "כסף משנה על משנה תורה, הלכות פסולי המוקדשין ד׳:כ״ד:ג׳", 
                    "sourceRef": "Kessef Mishneh on Mishneh Torah, Sacrifices Rendered Unfit 4:24:3"
                }
            ], 
            "he": "הִפְרִישׁ אֲשָׁמוֹ וְהָיָה בִּשְׁעַת הַפְרָשָׁה יָפֶה סֶלַע וּבִשְׁעַת כַּפָּרָה יָפֶה שְׁתַּיִם כָּשֵׁר. שֶׁהַדָּחוּי מֵעִקָּרוֹ אֵינוֹ דָּחוּי וַעֲדַיִן לֹא נִרְאֶה עַד שֶׁנַּעֲשָׂה שָׁוֶה שְׁתַּיִם. וְאַף עַל פִּי שֶׁהִשְׁבִּיחַ מֵאֵלָיו אָדָם מִתְכַּפֵּר בְּשֶׁבַח הֶקְדֵּשׁ. הָיָה בִּשְׁעַת הַפְרָשָׁה יָפֶה שְׁתַּיִם וּבִשְׁעַת כַּפָּרָה יָפֶה סֶלַע הֲרֵי זֶה פָּסוּל. חָזַר וְנַעֲשָׂה יָפֶה שְׁתַּיִם יַחְזֹר לְכַשְׁרוּתוֹ שֶׁאֵין בַּעֲלֵי חַיִּים נִדְחִין כְּמוֹ שֶׁבֵּאַרְנוּ. לְמָה הַדָּבָר דּוֹמֶה לְמוּם שֶׁנָּפַל וְעָבַר:\n"
        }, 
        {
            "segmentNumber": "25", 
            "links": [
                {
                    "category": "Halakhah", 
                    "index_title": "Kessef Mishneh on Mishneh Torah, Sacrifices Rendered Unfit", 
                    "sourceHeRef": "כסף משנה על משנה תורה, הלכות פסולי המוקדשין ד׳:כ״ה:א׳", 
                    "sourceRef": "Kessef Mishneh on Mishneh Torah, Sacrifices Rendered Unfit 4:25:1"
                }
            ], 
            "he": "הִפְרִישׁ שְׁתֵּי סְלָעִים לְאָשָׁם וְלָקַח בָּהֶם שְׁנֵי אֵילִים לְאָשָׁם. אִם הָיָה אֶחָד מֵהֶן יָפֶה שְׁתֵּי סְלָעִים יִקָּרֵב לַאֲשָׁמוֹ וְהַשֵּׁנִי יִרְעֶה עַד שֶׁיִּפּל בּוֹ מוּם וְיִפְּלוּ דָּמָיו לִנְדָבָה:\n"
        }, 
        {
            "segmentNumber": "26", 
            "links": [
                {
                    "category": "Halakhah", 
                    "index_title": "Kessef Mishneh on Mishneh Torah, Sacrifices Rendered Unfit", 
                    "sourceHeRef": "כסף משנה על משנה תורה, הלכות פסולי המוקדשין ד׳:כ״ו:א׳", 
                    "sourceRef": "Kessef Mishneh on Mishneh Torah, Sacrifices Rendered Unfit 4:26:1"
                }, 
                {
                    "category": "Halakhah", 
                    "index_title": "Kessef Mishneh on Mishneh Torah, Sacrifices Rendered Unfit", 
                    "sourceHeRef": "כסף משנה על משנה תורה, הלכות פסולי המוקדשין ד׳:כ״ו:ב׳", 
                    "sourceRef": "Kessef Mishneh on Mishneh Torah, Sacrifices Rendered Unfit 4:26:2"
                }
            ], 
            "he": "הָיָה חַיָּב בְּאָשָׁם בֶּן שָׁנָה וְהֵבִיא בֶּן שְׁתַּיִם אוֹ בְּבֶן שְׁתַּיִם וְהֵבִיא בֶּן שָׁנָה. אוֹ שֶׁשְּׁחָטוֹ מְחֻסַּר זְמַן בַּבְּעָלִים. פָּסוּל וּתְעֵבַּר צוּרָתוֹ וְיֵצֵא לְבֵית הַשְּׂרֵפָה. זֶה הַכְּלָל כָּל הַפָּסוּל בְּחַטָּאת פָּסוּל בְּאָשָׁם. חוּץ מִן הָאָשָׁם שֶׁשְּׁחָטוֹ שֶׁלֹּא לִשְׁמוֹ שֶׁהוּא כָּשֵׁר כְּמוֹ שֶׁיִּתְבָּאֵר:\n"
        }, 
        {
            "segmentNumber": "27", 
            "links": [
                {
                    "category": "Halakhah", 
                    "index_title": "Kessef Mishneh on Mishneh Torah, Sacrifices Rendered Unfit", 
                    "sourceHeRef": "כסף משנה על משנה תורה, הלכות פסולי המוקדשין ד׳:כ״ז:א׳", 
                    "sourceRef": "Kessef Mishneh on Mishneh Torah, Sacrifices Rendered Unfit 4:27:1"
                }, 
                {
                    "category": "Halakhah", 
                    "index_title": "Kessef Mishneh on Mishneh Torah, Sacrifices Rendered Unfit", 
                    "sourceHeRef": "כסף משנה על משנה תורה, הלכות פסולי המוקדשין ד׳:כ״ז:ב׳", 
                    "sourceRef": "Kessef Mishneh on Mishneh Torah, Sacrifices Rendered Unfit 4:27:2"
                }
            ], 
            "he": "עוֹלַת נָזִיר. עוֹלַת יוֹלֶדֶת. עוֹלַת מְצֹרָע. שֶׁשְּׁחָטָן בְּנֵי שְׁנֵים עָשָׂר חֹדֶשׁ וְיוֹם אֶחָד. אוֹ מְחֻסְּרֵי זְמַן בִּבְעָלִים. כְּשֵׁרִים וּטְעוּנִין נְסָכִים. זֶה הַכְּלָל כָּל שֶׁאֵינוֹ פּוֹסֵל בְּעוֹלַת נְדָבָה אֵינוֹ פּוֹסֵל בְּעוֹלַת חוֹבָה. בֵּין עָלְתָה לַבְּעָלִים בֵּין שֶׁלֹּא עָלְתָה לָהֶם:\n"
        }
    ], 
    "heTitle": "משנה תורה, הלכות פסולי המוקדשין", 
    "indexTitle": "Mishneh Torah, Sacrifices Rendered Unfit", 
    "sectionRef": "Mishneh Torah, Sacrifices Rendered Unfit 4", 
    "prev": "Mishneh Torah, Sacrifices Rendered Unfit 3", 
    "ref": "Mishneh Torah, Sacrifices Rendered Unfit 4", 
    "heRef": "משנה תורה, הלכות פסולי המוקדשין ד׳", 
    "next": "Mishneh Torah, Sacrifices Rendered Unfit 5"
}