{
    "heTitleVariants": [
        "משנה מועד קטן"
    ], 
    "heTitle": "משנה מועד קטן", 
    "heRef": "משנה מועד קטן א׳", 
    "toSections": [
        1
    ], 
    "sectionRef": "Mishnah Moed Katan 1", 
    "lengths": [
        3, 
        24
    ], 
    "next": "Mishnah Moed Katan 2", 
    "content": [
        {
            "segmentNumber": "1", 
            "he": "משקין בית השלחין במועד ובשביעית בין ממעין שיצא בתחלה, בין ממעין שלא יצא בתחלה. אבל אין משקין לא ממי הגשמים ולא ממי הקילון, ואין עושין עוגיות לגפנים.", 
            "links": [
                {
                    "category": "Commentary", 
                    "sourceHeRef": "עיקר תוספות יום טוב על משנה מועד קטן א׳:א׳:א׳", 
                    "sourceRef": "Ikar Tosafot Yom Tov on Mishnah Moed Katan 1:1:1", 
                    "ref": "Ikar Tosafot Yom Tov on Mishnah Moed Katan 1:1:1"
                }, 
                {
                    "category": "Commentary", 
                    "sourceHeRef": "עיקר תוספות יום טוב על משנה מועד קטן א׳:א׳:ב׳", 
                    "sourceRef": "Ikar Tosafot Yom Tov on Mishnah Moed Katan 1:1:2", 
                    "ref": "Ikar Tosafot Yom Tov on Mishnah Moed Katan 1:1:2"
                }, 
                {
                    "category": "Commentary", 
                    "sourceHeRef": "עיקר תוספות יום טוב על משנה מועד קטן א׳:א׳:ג׳", 
                    "sourceRef": "Ikar Tosafot Yom Tov on Mishnah Moed Katan 1:1:3", 
                    "ref": "Ikar Tosafot Yom Tov on Mishnah Moed Katan 1:1:3"
                }, 
                {
                    "category": "Commentary", 
                    "sourceHeRef": "עיקר תוספות יום טוב על משנה מועד קטן א׳:א׳:ד׳", 
                    "sourceRef": "Ikar Tosafot Yom Tov on Mishnah Moed Katan 1:1:4", 
                    "ref": "Ikar Tosafot Yom Tov on Mishnah Moed Katan 1:1:4"
                }, 
                {
                    "category": "Commentary", 
                    "sourceHeRef": "עיקר תוספות יום טוב על משנה מועד קטן א׳:א׳:ה׳", 
                    "sourceRef": "Ikar Tosafot Yom Tov on Mishnah Moed Katan 1:1:5", 
                    "ref": "Ikar Tosafot Yom Tov on Mishnah Moed Katan 1:1:5"
                }, 
                {
                    "category": "Commentary", 
                    "sourceHeRef": "עיקר תוספות יום טוב על משנה מועד קטן א׳:א׳:ו׳", 
                    "sourceRef": "Ikar Tosafot Yom Tov on Mishnah Moed Katan 1:1:6", 
                    "ref": "Ikar Tosafot Yom Tov on Mishnah Moed Katan 1:1:6"
                }, 
                {
                    "category": "Commentary", 
                    "sourceHeRef": "עיקר תוספות יום טוב על משנה מועד קטן א׳:א׳:ז׳", 
                    "sourceRef": "Ikar Tosafot Yom Tov on Mishnah Moed Katan 1:1:7", 
                    "ref": "Ikar Tosafot Yom Tov on Mishnah Moed Katan 1:1:7"
                }, 
                {
                    "category": "Commentary", 
                    "sourceHeRef": "עיקר תוספות יום טוב על משנה מועד קטן א׳:א׳:ח׳", 
                    "sourceRef": "Ikar Tosafot Yom Tov on Mishnah Moed Katan 1:1:8", 
                    "ref": "Ikar Tosafot Yom Tov on Mishnah Moed Katan 1:1:8"
                }, 
                {
                    "category": "Commentary", 
                    "sourceHeRef": "עיקר תוספות יום טוב על משנה מועד קטן א׳:א׳:ט׳", 
                    "sourceRef": "Ikar Tosafot Yom Tov on Mishnah Moed Katan 1:1:9", 
                    "ref": "Ikar Tosafot Yom Tov on Mishnah Moed Katan 1:1:9"
                }, 
                {
                    "category": "Commentary", 
                    "sourceHeRef": "עיקר תוספות יום טוב על משנה מועד קטן א׳:א׳:י׳", 
                    "sourceRef": "Ikar Tosafot Yom Tov on Mishnah Moed Katan 1:1:10", 
                    "ref": "Ikar Tosafot Yom Tov on Mishnah Moed Katan 1:1:10"
                }, 
                {
                    "category": "Commentary", 
                    "sourceHeRef": "עיקר תוספות יום טוב על משנה מועד קטן א׳:א׳:י״א", 
                    "sourceRef": "Ikar Tosafot Yom Tov on Mishnah Moed Katan 1:1:11", 
                    "ref": "Ikar Tosafot Yom Tov on Mishnah Moed Katan 1:1:11"
                }, 
                {
                    "category": "Commentary", 
                    "sourceHeRef": "עיקר תוספות יום טוב על משנה מועד קטן א׳:א׳:י״ב", 
                    "sourceRef": "Ikar Tosafot Yom Tov on Mishnah Moed Katan 1:1:12", 
                    "ref": "Ikar Tosafot Yom Tov on Mishnah Moed Katan 1:1:12"
                }, 
                {
                    "category": "Commentary", 
                    "sourceHeRef": "ברטנורא על משנה מועד קטן א׳:א׳:א׳", 
                    "sourceRef": "Bartenura on Mishnah Moed Katan 1:1:1", 
                    "ref": "Bartenura on Mishnah Moed Katan 1:1:1"
                }, 
                {
                    "category": "Commentary", 
                    "sourceHeRef": "ברטנורא על משנה מועד קטן א׳:א׳:ב׳", 
                    "sourceRef": "Bartenura on Mishnah Moed Katan 1:1:2", 
                    "ref": "Bartenura on Mishnah Moed Katan 1:1:2"
                }, 
                {
                    "category": "Commentary", 
                    "sourceHeRef": "ברטנורא על משנה מועד קטן א׳:א׳:ג׳", 
                    "sourceRef": "Bartenura on Mishnah Moed Katan 1:1:3", 
                    "ref": "Bartenura on Mishnah Moed Katan 1:1:3"
                }, 
                {
                    "category": "Commentary", 
                    "sourceHeRef": "ברטנורא על משנה מועד קטן א׳:א׳:ד׳", 
                    "sourceRef": "Bartenura on Mishnah Moed Katan 1:1:4", 
                    "ref": "Bartenura on Mishnah Moed Katan 1:1:4"
                }, 
                {
                    "category": "Commentary", 
                    "sourceHeRef": "ברטנורא על משנה מועד קטן א׳:א׳:ה׳", 
                    "sourceRef": "Bartenura on Mishnah Moed Katan 1:1:5", 
                    "ref": "Bartenura on Mishnah Moed Katan 1:1:5"
                }, 
                {
                    "category": "Commentary", 
                    "sourceHeRef": "ברטנורא על משנה מועד קטן א׳:א׳:ו׳", 
                    "sourceRef": "Bartenura on Mishnah Moed Katan 1:1:6", 
                    "ref": "Bartenura on Mishnah Moed Katan 1:1:6"
                }, 
                {
                    "category": "Tanach", 
                    "sourceHeRef": "דברים כ״ה:י״ח", 
                    "sourceRef": "Deuteronomy 25:18", 
                    "ref": "Deuteronomy 25:18"
                }, 
                {
                    "category": "Commentary", 
                    "sourceHeRef": "רמב\"ם על משנה מועד קטן א׳:א׳:א׳", 
                    "sourceRef": "Rambam on Mishnah Moed Katan 1:1:1", 
                    "ref": "Rambam on Mishnah Moed Katan 1:1:1"
                }, 
                {
                    "category": "Commentary", 
                    "sourceHeRef": "תוספות יום טוב על משנה מועד קתן א׳:א׳:א׳", 
                    "sourceRef": "Tosafot Yom Tov on Mishnah Moed Katan 1:1:1", 
                    "ref": "Tosafot Yom Tov on Mishnah Moed Katan 1:1:1"
                }, 
                {
                    "category": "Commentary", 
                    "sourceHeRef": "תוספות יום טוב על משנה מועד קתן א׳:א׳:ב׳", 
                    "sourceRef": "Tosafot Yom Tov on Mishnah Moed Katan 1:1:2", 
                    "ref": "Tosafot Yom Tov on Mishnah Moed Katan 1:1:2"
                }, 
                {
                    "category": "Commentary", 
                    "sourceHeRef": "תוספות יום טוב על משנה מועד קתן א׳:א׳:ג׳", 
                    "sourceRef": "Tosafot Yom Tov on Mishnah Moed Katan 1:1:3", 
                    "ref": "Tosafot Yom Tov on Mishnah Moed Katan 1:1:3"
                }, 
                {
                    "category": "Commentary", 
                    "sourceHeRef": "תוספות יום טוב על משנה מועד קתן א׳:א׳:ד׳", 
                    "sourceRef": "Tosafot Yom Tov on Mishnah Moed Katan 1:1:4", 
                    "ref": "Tosafot Yom Tov on Mishnah Moed Katan 1:1:4"
                }, 
                {
                    "category": "Commentary", 
                    "sourceHeRef": "תוספות יום טוב על משנה מועד קתן א׳:א׳:ה׳", 
                    "sourceRef": "Tosafot Yom Tov on Mishnah Moed Katan 1:1:5", 
                    "ref": "Tosafot Yom Tov on Mishnah Moed Katan 1:1:5"
                }, 
                {
                    "category": "Commentary", 
                    "sourceHeRef": "תוספות יום טוב על משנה מועד קתן א׳:א׳:ו׳", 
                    "sourceRef": "Tosafot Yom Tov on Mishnah Moed Katan 1:1:6", 
                    "ref": "Tosafot Yom Tov on Mishnah Moed Katan 1:1:6"
                }, 
                {
                    "category": "Commentary", 
                    "sourceHeRef": "תוספות יום טוב על משנה מועד קתן א׳:א׳:ז׳", 
                    "sourceRef": "Tosafot Yom Tov on Mishnah Moed Katan 1:1:7", 
                    "ref": "Tosafot Yom Tov on Mishnah Moed Katan 1:1:7"
                }, 
                {
                    "category": "Commentary", 
                    "sourceHeRef": "תוספות יום טוב על משנה מועד קתן א׳:א׳:ח׳", 
                    "sourceRef": "Tosafot Yom Tov on Mishnah Moed Katan 1:1:8", 
                    "ref": "Tosafot Yom Tov on Mishnah Moed Katan 1:1:8"
                }, 
                {
                    "category": "Commentary", 
                    "sourceHeRef": "תוספות יום טוב על משנה מועד קתן א׳:א׳:ט׳", 
                    "sourceRef": "Tosafot Yom Tov on Mishnah Moed Katan 1:1:9", 
                    "ref": "Tosafot Yom Tov on Mishnah Moed Katan 1:1:9"
                }, 
                {
                    "category": "Commentary", 
                    "sourceHeRef": "תוספות יום טוב על משנה מועד קתן א׳:א׳:י׳", 
                    "sourceRef": "Tosafot Yom Tov on Mishnah Moed Katan 1:1:10", 
                    "ref": "Tosafot Yom Tov on Mishnah Moed Katan 1:1:10"
                }
            ], 
            "text": "One may water an irrigated field on the <i>Moed</i> [intermediate days of <i>Pesach</i> and <i>Sukkot</i>, upon which some forms of <i>melakhah</i> are prohibited] and during the Sabbatical year, whether from a new emerging spring, as well as from a spring that is not just now emerging. But they may not irrigate it from [stored] rain-water, nor from water [drawn] from a deep well; nor may they make [dig] trenches [to hold water] around vines."
        }, 
        {
            "segmentNumber": "2", 
            "he": "רבי אלעזר בן עזריה אומר: אין עושין את האמה בתחלה במועד ובשביעית, וחכמים אומרים: עושין את האמה בתחלה בשביעית, ומתקנין את המקלקלות במועד. ומתקנין את קלקולי המים שברשות הרבים, וחוטטין אותן. ומתקנין את הדרכים ואת הרחובות  ואת מקואות המים, ועושין כל צרכי הרבים, ומצינין את הקברות, ויוצאין [אף] על הכלאים.", 
            "links": [
                {
                    "category": "Commentary", 
                    "sourceHeRef": "עיקר תוספות יום טוב על משנה מועד קטן א׳:ב׳:א׳", 
                    "sourceRef": "Ikar Tosafot Yom Tov on Mishnah Moed Katan 1:2:1", 
                    "ref": "Ikar Tosafot Yom Tov on Mishnah Moed Katan 1:2:1"
                }, 
                {
                    "category": "Commentary", 
                    "sourceHeRef": "עיקר תוספות יום טוב על משנה מועד קטן א׳:ב׳:ב׳", 
                    "sourceRef": "Ikar Tosafot Yom Tov on Mishnah Moed Katan 1:2:2", 
                    "ref": "Ikar Tosafot Yom Tov on Mishnah Moed Katan 1:2:2"
                }, 
                {
                    "category": "Commentary", 
                    "sourceHeRef": "עיקר תוספות יום טוב על משנה מועד קטן א׳:ב׳:ג׳", 
                    "sourceRef": "Ikar Tosafot Yom Tov on Mishnah Moed Katan 1:2:3", 
                    "ref": "Ikar Tosafot Yom Tov on Mishnah Moed Katan 1:2:3"
                }, 
                {
                    "category": "Commentary", 
                    "sourceHeRef": "עיקר תוספות יום טוב על משנה מועד קטן א׳:ב׳:ד׳", 
                    "sourceRef": "Ikar Tosafot Yom Tov on Mishnah Moed Katan 1:2:4", 
                    "ref": "Ikar Tosafot Yom Tov on Mishnah Moed Katan 1:2:4"
                }, 
                {
                    "category": "Commentary", 
                    "sourceHeRef": "עיקר תוספות יום טוב על משנה מועד קטן א׳:ב׳:ה׳", 
                    "sourceRef": "Ikar Tosafot Yom Tov on Mishnah Moed Katan 1:2:5", 
                    "ref": "Ikar Tosafot Yom Tov on Mishnah Moed Katan 1:2:5"
                }, 
                {
                    "category": "Commentary", 
                    "sourceHeRef": "עיקר תוספות יום טוב על משנה מועד קטן א׳:ב׳:ו׳", 
                    "sourceRef": "Ikar Tosafot Yom Tov on Mishnah Moed Katan 1:2:6", 
                    "ref": "Ikar Tosafot Yom Tov on Mishnah Moed Katan 1:2:6"
                }, 
                {
                    "category": "Commentary", 
                    "sourceHeRef": "עיקר תוספות יום טוב על משנה מועד קטן א׳:ב׳:ז׳", 
                    "sourceRef": "Ikar Tosafot Yom Tov on Mishnah Moed Katan 1:2:7", 
                    "ref": "Ikar Tosafot Yom Tov on Mishnah Moed Katan 1:2:7"
                }, 
                {
                    "category": "Commentary", 
                    "sourceHeRef": "עיקר תוספות יום טוב על משנה מועד קטן א׳:ב׳:ח׳", 
                    "sourceRef": "Ikar Tosafot Yom Tov on Mishnah Moed Katan 1:2:8", 
                    "ref": "Ikar Tosafot Yom Tov on Mishnah Moed Katan 1:2:8"
                }, 
                {
                    "category": "Commentary", 
                    "sourceHeRef": "ברטנורא על משנה מועד קטן א׳:ב׳:א׳", 
                    "sourceRef": "Bartenura on Mishnah Moed Katan 1:2:1", 
                    "ref": "Bartenura on Mishnah Moed Katan 1:2:1"
                }, 
                {
                    "category": "Commentary", 
                    "sourceHeRef": "ברטנורא על משנה מועד קטן א׳:ב׳:ב׳", 
                    "sourceRef": "Bartenura on Mishnah Moed Katan 1:2:2", 
                    "ref": "Bartenura on Mishnah Moed Katan 1:2:2"
                }, 
                {
                    "category": "Commentary", 
                    "sourceHeRef": "ברטנורא על משנה מועד קטן א׳:ב׳:ג׳", 
                    "sourceRef": "Bartenura on Mishnah Moed Katan 1:2:3", 
                    "ref": "Bartenura on Mishnah Moed Katan 1:2:3"
                }, 
                {
                    "category": "Commentary", 
                    "sourceHeRef": "ברטנורא על משנה מועד קטן א׳:ב׳:ד׳", 
                    "sourceRef": "Bartenura on Mishnah Moed Katan 1:2:4", 
                    "ref": "Bartenura on Mishnah Moed Katan 1:2:4"
                }, 
                {
                    "category": "Commentary", 
                    "sourceHeRef": "ברטנורא על משנה מועד קטן א׳:ב׳:ה׳", 
                    "sourceRef": "Bartenura on Mishnah Moed Katan 1:2:5", 
                    "ref": "Bartenura on Mishnah Moed Katan 1:2:5"
                }, 
                {
                    "category": "Commentary", 
                    "sourceHeRef": "ברטנורא על משנה מועד קטן א׳:ב׳:ו׳", 
                    "sourceRef": "Bartenura on Mishnah Moed Katan 1:2:6", 
                    "ref": "Bartenura on Mishnah Moed Katan 1:2:6"
                }, 
                {
                    "category": "Commentary", 
                    "sourceHeRef": "ברטנורא על משנה מועד קטן א׳:ב׳:ז׳", 
                    "sourceRef": "Bartenura on Mishnah Moed Katan 1:2:7", 
                    "ref": "Bartenura on Mishnah Moed Katan 1:2:7"
                }, 
                {
                    "category": "Commentary", 
                    "sourceHeRef": "ברטנורא על משנה מועד קטן א׳:ב׳:ח׳", 
                    "sourceRef": "Bartenura on Mishnah Moed Katan 1:2:8", 
                    "ref": "Bartenura on Mishnah Moed Katan 1:2:8"
                }, 
                {
                    "category": "Commentary", 
                    "sourceHeRef": "רמב\"ם על משנה מועד קטן א׳:ב׳:א׳", 
                    "sourceRef": "Rambam on Mishnah Moed Katan 1:2:1", 
                    "ref": "Rambam on Mishnah Moed Katan 1:2:1"
                }, 
                {
                    "category": "Commentary", 
                    "sourceHeRef": "תוספות יום טוב על משנה מועד קתן א׳:ב׳:א׳", 
                    "sourceRef": "Tosafot Yom Tov on Mishnah Moed Katan 1:2:1", 
                    "ref": "Tosafot Yom Tov on Mishnah Moed Katan 1:2:1"
                }, 
                {
                    "category": "Commentary", 
                    "sourceHeRef": "תוספות יום טוב על משנה מועד קתן א׳:ב׳:ב׳", 
                    "sourceRef": "Tosafot Yom Tov on Mishnah Moed Katan 1:2:2", 
                    "ref": "Tosafot Yom Tov on Mishnah Moed Katan 1:2:2"
                }, 
                {
                    "category": "Commentary", 
                    "sourceHeRef": "תוספות יום טוב על משנה מועד קתן א׳:ב׳:ג׳", 
                    "sourceRef": "Tosafot Yom Tov on Mishnah Moed Katan 1:2:3", 
                    "ref": "Tosafot Yom Tov on Mishnah Moed Katan 1:2:3"
                }, 
                {
                    "category": "Commentary", 
                    "sourceHeRef": "תוספות יום טוב על משנה מועד קתן א׳:ב׳:ד׳", 
                    "sourceRef": "Tosafot Yom Tov on Mishnah Moed Katan 1:2:4", 
                    "ref": "Tosafot Yom Tov on Mishnah Moed Katan 1:2:4"
                }, 
                {
                    "category": "Commentary", 
                    "sourceHeRef": "תוספות יום טוב על משנה מועד קתן א׳:ב׳:ה׳", 
                    "sourceRef": "Tosafot Yom Tov on Mishnah Moed Katan 1:2:5", 
                    "ref": "Tosafot Yom Tov on Mishnah Moed Katan 1:2:5"
                }, 
                {
                    "category": "Commentary", 
                    "sourceHeRef": "תוספות יום טוב על משנה מועד קתן א׳:ב׳:ו׳", 
                    "sourceRef": "Tosafot Yom Tov on Mishnah Moed Katan 1:2:6", 
                    "ref": "Tosafot Yom Tov on Mishnah Moed Katan 1:2:6"
                }, 
                {
                    "category": "Commentary", 
                    "sourceHeRef": "תוספות יום טוב על משנה מועד קתן א׳:ב׳:ז׳", 
                    "sourceRef": "Tosafot Yom Tov on Mishnah Moed Katan 1:2:7", 
                    "ref": "Tosafot Yom Tov on Mishnah Moed Katan 1:2:7"
                }
            ], 
            "text": "Rabbi Eleazar ben Azariah says, One may not make [dig] a fresh trench [conduit, or water course] on the <i>Moed</i>, or during the Sabbatical year. But the sages hold, that a fresh trench [water course] may be dug during the Sabbatical year, and one may repair those [conduits] which are damaged on the <i>Moed</i>. They may [likewise] repair water works [which are] in the public domain and clean them. They may also repair the roads, the market [public] places, and the ritual baths. All public needs may be performed. They may also mark [whitewash] graves, and even send out [inspectors to uproot] <i>Kilayim</i> [planting together certain plants]."
        }, 
        {
            "segmentNumber": "3", 
            "he": "רבי אליעזר בן יעקב אומר: מושכים את המים מאילן לאילן, ובלבד שלא ישקה את כל השדה. זרעים שלא שתו לפני המועד, לא ישקם במועד. וחכמים מתירין בזה ובזה.", 
            "links": [
                {
                    "category": "Commentary", 
                    "sourceHeRef": "עיקר תוספות יום טוב על משנה מועד קטן א׳:ג׳:א׳", 
                    "sourceRef": "Ikar Tosafot Yom Tov on Mishnah Moed Katan 1:3:1", 
                    "ref": "Ikar Tosafot Yom Tov on Mishnah Moed Katan 1:3:1"
                }, 
                {
                    "category": "Commentary", 
                    "sourceHeRef": "עיקר תוספות יום טוב על משנה מועד קטן א׳:ג׳:ב׳", 
                    "sourceRef": "Ikar Tosafot Yom Tov on Mishnah Moed Katan 1:3:2", 
                    "ref": "Ikar Tosafot Yom Tov on Mishnah Moed Katan 1:3:2"
                }, 
                {
                    "category": "Commentary", 
                    "sourceHeRef": "ברטנורא על משנה מועד קטן א׳:ג׳:א׳", 
                    "sourceRef": "Bartenura on Mishnah Moed Katan 1:3:1", 
                    "ref": "Bartenura on Mishnah Moed Katan 1:3:1"
                }, 
                {
                    "category": "Commentary", 
                    "sourceHeRef": "ברטנורא על משנה מועד קטן א׳:ג׳:ב׳", 
                    "sourceRef": "Bartenura on Mishnah Moed Katan 1:3:2", 
                    "ref": "Bartenura on Mishnah Moed Katan 1:3:2"
                }, 
                {
                    "category": "Commentary", 
                    "sourceHeRef": "ברטנורא על משנה מועד קטן א׳:ג׳:ג׳", 
                    "sourceRef": "Bartenura on Mishnah Moed Katan 1:3:3", 
                    "ref": "Bartenura on Mishnah Moed Katan 1:3:3"
                }, 
                {
                    "category": "Commentary", 
                    "sourceHeRef": "רמב\"ם על משנה מועד קטן א׳:ג׳:א׳", 
                    "sourceRef": "Rambam on Mishnah Moed Katan 1:3:1", 
                    "ref": "Rambam on Mishnah Moed Katan 1:3:1"
                }, 
                {
                    "category": "Commentary", 
                    "sourceHeRef": "תוספות יום טוב על משנה מועד קתן א׳:ג׳:א׳", 
                    "sourceRef": "Tosafot Yom Tov on Mishnah Moed Katan 1:3:1", 
                    "ref": "Tosafot Yom Tov on Mishnah Moed Katan 1:3:1"
                }, 
                {
                    "category": "Commentary", 
                    "sourceHeRef": "תוספות יום טוב על משנה מועד קתן א׳:ג׳:ב׳", 
                    "sourceRef": "Tosafot Yom Tov on Mishnah Moed Katan 1:3:2", 
                    "ref": "Tosafot Yom Tov on Mishnah Moed Katan 1:3:2"
                }, 
                {
                    "category": "Commentary", 
                    "sourceHeRef": "תוספות יום טוב על משנה מועד קתן א׳:ג׳:ג׳", 
                    "sourceRef": "Tosafot Yom Tov on Mishnah Moed Katan 1:3:3", 
                    "ref": "Tosafot Yom Tov on Mishnah Moed Katan 1:3:3"
                }, 
                {
                    "category": "Talmud", 
                    "sourceHeRef": "מועד קטן ו׳ ב:י׳-י״ג", 
                    "sourceRef": "Moed Katan 6b:10-13", 
                    "ref": "Moed Katan 6b:10-13"
                }
            ], 
            "text": "Rabbi Eleazar ben Yaakov says: one may draw water from tree to another, provided the entire field is not watered. Plants that have not been watered before the <i>Moed</i> may not be watered during the <i>Moed</i>. The sages permit it in both cases."
        }, 
        {
            "segmentNumber": "4", 
            "he": "צדין את האישות ואת העכברים משדה האילן ומשדה הלבן, (שלא) כדרכו, במועד ובשביעית. וחכמים אומרים: משדה האילן כדרכו, ומשדה הלבן שלא כדרכו. ומקרין  את הפרצה במועד, ובשביעית בונה כדרכו.", 
            "links": [
                {
                    "category": "Commentary", 
                    "sourceHeRef": "עיקר תוספות יום טוב על משנה מועד קטן א׳:ד׳:א׳", 
                    "sourceRef": "Ikar Tosafot Yom Tov on Mishnah Moed Katan 1:4:1", 
                    "ref": "Ikar Tosafot Yom Tov on Mishnah Moed Katan 1:4:1"
                }, 
                {
                    "category": "Commentary", 
                    "sourceHeRef": "עיקר תוספות יום טוב על משנה מועד קטן א׳:ד׳:ב׳", 
                    "sourceRef": "Ikar Tosafot Yom Tov on Mishnah Moed Katan 1:4:2", 
                    "ref": "Ikar Tosafot Yom Tov on Mishnah Moed Katan 1:4:2"
                }, 
                {
                    "category": "Commentary", 
                    "sourceHeRef": "עיקר תוספות יום טוב על משנה מועד קטן א׳:ד׳:ג׳", 
                    "sourceRef": "Ikar Tosafot Yom Tov on Mishnah Moed Katan 1:4:3", 
                    "ref": "Ikar Tosafot Yom Tov on Mishnah Moed Katan 1:4:3"
                }, 
                {
                    "category": "Commentary", 
                    "sourceHeRef": "ברטנורא על משנה מועד קטן א׳:ד׳:א׳", 
                    "sourceRef": "Bartenura on Mishnah Moed Katan 1:4:1", 
                    "ref": "Bartenura on Mishnah Moed Katan 1:4:1"
                }, 
                {
                    "category": "Commentary", 
                    "sourceHeRef": "ברטנורא על משנה מועד קטן א׳:ד׳:ב׳", 
                    "sourceRef": "Bartenura on Mishnah Moed Katan 1:4:2", 
                    "ref": "Bartenura on Mishnah Moed Katan 1:4:2"
                }, 
                {
                    "category": "Commentary", 
                    "sourceHeRef": "ברטנורא על משנה מועד קטן א׳:ד׳:ג׳", 
                    "sourceRef": "Bartenura on Mishnah Moed Katan 1:4:3", 
                    "ref": "Bartenura on Mishnah Moed Katan 1:4:3"
                }, 
                {
                    "category": "Commentary", 
                    "sourceHeRef": "ברטנורא על משנה מועד קטן א׳:ד׳:ד׳", 
                    "sourceRef": "Bartenura on Mishnah Moed Katan 1:4:4", 
                    "ref": "Bartenura on Mishnah Moed Katan 1:4:4"
                }, 
                {
                    "category": "Commentary", 
                    "sourceHeRef": "ברטנורא על משנה מועד קטן א׳:ד׳:ה׳", 
                    "sourceRef": "Bartenura on Mishnah Moed Katan 1:4:5", 
                    "ref": "Bartenura on Mishnah Moed Katan 1:4:5"
                }, 
                {
                    "category": "Commentary", 
                    "sourceHeRef": "רמב\"ם על משנה מועד קטן א׳:ד׳:א׳", 
                    "sourceRef": "Rambam on Mishnah Moed Katan 1:4:1", 
                    "ref": "Rambam on Mishnah Moed Katan 1:4:1"
                }, 
                {
                    "category": "Commentary", 
                    "sourceHeRef": "תוספות יום טוב על משנה מועד קתן א׳:ד׳:א׳", 
                    "sourceRef": "Tosafot Yom Tov on Mishnah Moed Katan 1:4:1", 
                    "ref": "Tosafot Yom Tov on Mishnah Moed Katan 1:4:1"
                }, 
                {
                    "category": "Commentary", 
                    "sourceHeRef": "תוספות יום טוב על משנה מועד קתן א׳:ד׳:ב׳", 
                    "sourceRef": "Tosafot Yom Tov on Mishnah Moed Katan 1:4:2", 
                    "ref": "Tosafot Yom Tov on Mishnah Moed Katan 1:4:2"
                }, 
                {
                    "category": "Commentary", 
                    "sourceHeRef": "תוספות יום טוב על משנה מועד קתן א׳:ד׳:ג׳", 
                    "sourceRef": "Tosafot Yom Tov on Mishnah Moed Katan 1:4:3", 
                    "ref": "Tosafot Yom Tov on Mishnah Moed Katan 1:4:3"
                }, 
                {
                    "category": "Commentary", 
                    "sourceHeRef": "תוספות יום טוב על משנה מועד קתן א׳:ד׳:ד׳", 
                    "sourceRef": "Tosafot Yom Tov on Mishnah Moed Katan 1:4:4", 
                    "ref": "Tosafot Yom Tov on Mishnah Moed Katan 1:4:4"
                }, 
                {
                    "category": "Talmud", 
                    "sourceHeRef": "מועד קטן ו׳ ב:ל״ב-ל״ה", 
                    "sourceRef": "Moed Katan 6b:32-35", 
                    "ref": "Moed Katan 6b:32-35"
                }
            ], 
            "text": "One may trap moles and mice in an orchard or a white field [wheat field] in an unusual way on the <i>Moed</i> and during the Sabbatical year. But the sages hold that in an orchard field [one may trap them] in the usual way, but in a white -field [they may be trapped only] in an unusual way. One may repair a breach [in a garden wall by filling it with loose stones] during the <i>Moed</i> and during the Sabbatical year they may repair it in the ordinary way."
        }, 
        {
            "segmentNumber": "5", 
            "he": "רבי מאיר אומר: רואין את הנגעים בתחלה להקל, אבל לא להחמיר. וחכמים אומרים: לא להקל ולא להחמיר. ועוד אמר רבי מאיר: מלקט אדם עצמות אביו ואמו, מפני ששמחה היא לו. רבי יוסי אומר: אבל היא לו. לא יעורר אדם על מתו ולא יספידנו קדם לרגל שלשים יום.", 
            "links": [
                {
                    "category": "Commentary", 
                    "sourceHeRef": "עיקר תוספות יום טוב על משנה מועד קטן א׳:ה׳:א׳", 
                    "sourceRef": "Ikar Tosafot Yom Tov on Mishnah Moed Katan 1:5:1", 
                    "ref": "Ikar Tosafot Yom Tov on Mishnah Moed Katan 1:5:1"
                }, 
                {
                    "category": "Commentary", 
                    "sourceHeRef": "עיקר תוספות יום טוב על משנה מועד קטן א׳:ה׳:ב׳", 
                    "sourceRef": "Ikar Tosafot Yom Tov on Mishnah Moed Katan 1:5:2", 
                    "ref": "Ikar Tosafot Yom Tov on Mishnah Moed Katan 1:5:2"
                }, 
                {
                    "category": "Commentary", 
                    "sourceHeRef": "עיקר תוספות יום טוב על משנה מועד קטן א׳:ה׳:ג׳", 
                    "sourceRef": "Ikar Tosafot Yom Tov on Mishnah Moed Katan 1:5:3", 
                    "ref": "Ikar Tosafot Yom Tov on Mishnah Moed Katan 1:5:3"
                }, 
                {
                    "category": "Commentary", 
                    "sourceHeRef": "עיקר תוספות יום טוב על משנה מועד קטן א׳:ה׳:ד׳", 
                    "sourceRef": "Ikar Tosafot Yom Tov on Mishnah Moed Katan 1:5:4", 
                    "ref": "Ikar Tosafot Yom Tov on Mishnah Moed Katan 1:5:4"
                }, 
                {
                    "category": "Commentary", 
                    "sourceHeRef": "עיקר תוספות יום טוב על משנה מועד קטן א׳:ה׳:ה׳", 
                    "sourceRef": "Ikar Tosafot Yom Tov on Mishnah Moed Katan 1:5:5", 
                    "ref": "Ikar Tosafot Yom Tov on Mishnah Moed Katan 1:5:5"
                }, 
                {
                    "category": "Commentary", 
                    "sourceHeRef": "ברטנורא על משנה מועד קטן א׳:ה׳:א׳", 
                    "sourceRef": "Bartenura on Mishnah Moed Katan 1:5:1", 
                    "ref": "Bartenura on Mishnah Moed Katan 1:5:1"
                }, 
                {
                    "category": "Commentary", 
                    "sourceHeRef": "ברטנורא על משנה מועד קטן א׳:ה׳:ב׳", 
                    "sourceRef": "Bartenura on Mishnah Moed Katan 1:5:2", 
                    "ref": "Bartenura on Mishnah Moed Katan 1:5:2"
                }, 
                {
                    "category": "Commentary", 
                    "sourceHeRef": "ברטנורא על משנה מועד קטן א׳:ה׳:ג׳", 
                    "sourceRef": "Bartenura on Mishnah Moed Katan 1:5:3", 
                    "ref": "Bartenura on Mishnah Moed Katan 1:5:3"
                }, 
                {
                    "category": "Commentary", 
                    "sourceHeRef": "ברטנורא על משנה מועד קטן א׳:ה׳:ד׳", 
                    "sourceRef": "Bartenura on Mishnah Moed Katan 1:5:4", 
                    "ref": "Bartenura on Mishnah Moed Katan 1:5:4"
                }, 
                {
                    "category": "Commentary", 
                    "sourceHeRef": "ברטנורא על משנה מועד קטן א׳:ה׳:ה׳", 
                    "sourceRef": "Bartenura on Mishnah Moed Katan 1:5:5", 
                    "ref": "Bartenura on Mishnah Moed Katan 1:5:5"
                }, 
                {
                    "category": "Commentary", 
                    "sourceHeRef": "ברטנורא על משנה מועד קטן א׳:ה׳:ו׳", 
                    "sourceRef": "Bartenura on Mishnah Moed Katan 1:5:6", 
                    "ref": "Bartenura on Mishnah Moed Katan 1:5:6"
                }, 
                {
                    "category": "Commentary", 
                    "sourceHeRef": "ברטנורא על משנה מועד קטן א׳:ה׳:ז׳", 
                    "sourceRef": "Bartenura on Mishnah Moed Katan 1:5:7", 
                    "ref": "Bartenura on Mishnah Moed Katan 1:5:7"
                }, 
                {
                    "category": "Commentary", 
                    "sourceHeRef": "ברטנורא על משנה מועד קטן א׳:ה׳:ח׳", 
                    "sourceRef": "Bartenura on Mishnah Moed Katan 1:5:8", 
                    "ref": "Bartenura on Mishnah Moed Katan 1:5:8"
                }, 
                {
                    "category": "Tanach", 
                    "sourceHeRef": "ויקרא י״ג:נ״ט", 
                    "sourceRef": "Leviticus 13:59", 
                    "ref": "Leviticus 13:59"
                }, 
                {
                    "category": "Commentary", 
                    "sourceHeRef": "רמב\"ם על משנה מועד קטן א׳:ה׳:א׳", 
                    "sourceRef": "Rambam on Mishnah Moed Katan 1:5:1", 
                    "ref": "Rambam on Mishnah Moed Katan 1:5:1"
                }, 
                {
                    "category": "Commentary", 
                    "sourceHeRef": "תוספות יום טוב על משנה מועד קתן א׳:ה׳:א׳", 
                    "sourceRef": "Tosafot Yom Tov on Mishnah Moed Katan 1:5:1", 
                    "ref": "Tosafot Yom Tov on Mishnah Moed Katan 1:5:1"
                }, 
                {
                    "category": "Commentary", 
                    "sourceHeRef": "תוספות יום טוב על משנה מועד קתן א׳:ה׳:ב׳", 
                    "sourceRef": "Tosafot Yom Tov on Mishnah Moed Katan 1:5:2", 
                    "ref": "Tosafot Yom Tov on Mishnah Moed Katan 1:5:2"
                }, 
                {
                    "category": "Commentary", 
                    "sourceHeRef": "תוספות יום טוב על משנה מועד קתן א׳:ה׳:ג׳", 
                    "sourceRef": "Tosafot Yom Tov on Mishnah Moed Katan 1:5:3", 
                    "ref": "Tosafot Yom Tov on Mishnah Moed Katan 1:5:3"
                }, 
                {
                    "category": "Commentary", 
                    "sourceHeRef": "תוספות יום טוב על משנה מועד קתן א׳:ה׳:ד׳", 
                    "sourceRef": "Tosafot Yom Tov on Mishnah Moed Katan 1:5:4", 
                    "ref": "Tosafot Yom Tov on Mishnah Moed Katan 1:5:4"
                }, 
                {
                    "category": "Talmud", 
                    "sourceHeRef": "מועד קטן ז׳ א:ל״ה-ל״ח", 
                    "sourceRef": "Moed Katan 7a:35-38", 
                    "ref": "Moed Katan 7a:35-38"
                }, 
                {
                    "category": "Talmud", 
                    "sourceHeRef": "מועד קטן ח׳ א:ל״א-ל״ה", 
                    "sourceRef": "Moed Katan 8a:31-35", 
                    "ref": "Moed Katan 8a:31-35"
                }
            ], 
            "text": "Rabbi Meir says, initial inspections of lepers signs may be viewed [by the priest] on the <i>Moed</i> for a lenient assessment [to render him clean], but not for a stringent one [to render him unclean].\" But the Sages say, decide neither [the priest may not inspect] for a lenient one nor a stringent one. Furthermore, Rabbi Meir said, \"A man may gather the bones of his father and mother [to re-inter them during the <i>Moed</i>], because it is a joy for him [relieves his mind]. Rabbi Yose says, It is mourning for him [afflicts his mind]. A man should not stir up wailing over his dead [bring professional eulogizers], nor should he eulogize him for thirty days before the festival."
        }, 
        {
            "segmentNumber": "6", 
            "he": "אין חופרין כוכין וקברות במועד, אבל מחנכים את הכוכין במועד. ועושין נברכת במועד, וארון עם המת בחצר. רבי יהודה אוסר, אלא אם כן יש עמו נסרים.", 
            "links": [
                {
                    "category": "Commentary", 
                    "sourceHeRef": "עיקר תוספות יום טוב על משנה מועד קטן א׳:ו׳:א׳", 
                    "sourceRef": "Ikar Tosafot Yom Tov on Mishnah Moed Katan 1:6:1", 
                    "ref": "Ikar Tosafot Yom Tov on Mishnah Moed Katan 1:6:1"
                }, 
                {
                    "category": "Commentary", 
                    "sourceHeRef": "עיקר תוספות יום טוב על משנה מועד קטן א׳:ו׳:ב׳", 
                    "sourceRef": "Ikar Tosafot Yom Tov on Mishnah Moed Katan 1:6:2", 
                    "ref": "Ikar Tosafot Yom Tov on Mishnah Moed Katan 1:6:2"
                }, 
                {
                    "category": "Commentary", 
                    "sourceHeRef": "עיקר תוספות יום טוב על משנה מועד קטן א׳:ו׳:ג׳", 
                    "sourceRef": "Ikar Tosafot Yom Tov on Mishnah Moed Katan 1:6:3", 
                    "ref": "Ikar Tosafot Yom Tov on Mishnah Moed Katan 1:6:3"
                }, 
                {
                    "category": "Commentary", 
                    "sourceHeRef": "עיקר תוספות יום טוב על משנה מועד קטן א׳:ו׳:ד׳", 
                    "sourceRef": "Ikar Tosafot Yom Tov on Mishnah Moed Katan 1:6:4", 
                    "ref": "Ikar Tosafot Yom Tov on Mishnah Moed Katan 1:6:4"
                }, 
                {
                    "category": "Commentary", 
                    "sourceHeRef": "ברטנורא על משנה מועד קטן א׳:ו׳:א׳", 
                    "sourceRef": "Bartenura on Mishnah Moed Katan 1:6:1", 
                    "ref": "Bartenura on Mishnah Moed Katan 1:6:1"
                }, 
                {
                    "category": "Commentary", 
                    "sourceHeRef": "ברטנורא על משנה מועד קטן א׳:ו׳:ב׳", 
                    "sourceRef": "Bartenura on Mishnah Moed Katan 1:6:2", 
                    "ref": "Bartenura on Mishnah Moed Katan 1:6:2"
                }, 
                {
                    "category": "Commentary", 
                    "sourceHeRef": "ברטנורא על משנה מועד קטן א׳:ו׳:ג׳", 
                    "sourceRef": "Bartenura on Mishnah Moed Katan 1:6:3", 
                    "ref": "Bartenura on Mishnah Moed Katan 1:6:3"
                }, 
                {
                    "category": "Commentary", 
                    "sourceHeRef": "ברטנורא על משנה מועד קטן א׳:ו׳:ד׳", 
                    "sourceRef": "Bartenura on Mishnah Moed Katan 1:6:4", 
                    "ref": "Bartenura on Mishnah Moed Katan 1:6:4"
                }, 
                {
                    "category": "Commentary", 
                    "sourceHeRef": "ברטנורא על משנה מועד קטן א׳:ו׳:ה׳", 
                    "sourceRef": "Bartenura on Mishnah Moed Katan 1:6:5", 
                    "ref": "Bartenura on Mishnah Moed Katan 1:6:5"
                }, 
                {
                    "category": "Commentary", 
                    "sourceHeRef": "רמב\"ם על משנה מועד קטן א׳:ו׳:א׳", 
                    "sourceRef": "Rambam on Mishnah Moed Katan 1:6:1", 
                    "ref": "Rambam on Mishnah Moed Katan 1:6:1"
                }, 
                {
                    "category": "Commentary", 
                    "sourceHeRef": "תוספות יום טוב על משנה מועד קתן א׳:ו׳:א׳", 
                    "sourceRef": "Tosafot Yom Tov on Mishnah Moed Katan 1:6:1", 
                    "ref": "Tosafot Yom Tov on Mishnah Moed Katan 1:6:1"
                }, 
                {
                    "category": "Commentary", 
                    "sourceHeRef": "תוספות יום טוב על משנה מועד קתן א׳:ו׳:ב׳", 
                    "sourceRef": "Tosafot Yom Tov on Mishnah Moed Katan 1:6:2", 
                    "ref": "Tosafot Yom Tov on Mishnah Moed Katan 1:6:2"
                }, 
                {
                    "category": "Commentary", 
                    "sourceHeRef": "תוספות יום טוב על משנה מועד קתן א׳:ו׳:ג׳", 
                    "sourceRef": "Tosafot Yom Tov on Mishnah Moed Katan 1:6:3", 
                    "ref": "Tosafot Yom Tov on Mishnah Moed Katan 1:6:3"
                }, 
                {
                    "category": "Commentary", 
                    "sourceHeRef": "תוספות יום טוב על משנה מועד קתן א׳:ו׳:ד׳", 
                    "sourceRef": "Tosafot Yom Tov on Mishnah Moed Katan 1:6:4", 
                    "ref": "Tosafot Yom Tov on Mishnah Moed Katan 1:6:4"
                }, 
                {
                    "category": "Talmud", 
                    "sourceHeRef": "מועד קטן ח׳ ב:ד׳-ו׳", 
                    "sourceRef": "Moed Katan 8b:4-6", 
                    "ref": "Moed Katan 8b:4-6"
                }
            ], 
            "text": "One may not dig <i>kuchin</i> [dug out graves] or [built] graves on the <i>Moed</i>, but one may adapt <i>kuchin</i> [to the size of the dead person] on the <i>Moed</i>. On may make a <i>nivrechet</i> [a clothes washing pit] during the <i>Moed</i>, and [one may make] a coffin if the deceased is in the same court [so that pople know it is not an ordinary construction]. Rabbi Yehudah forbids it,unlss there were pre-sawn boards on hand."
        }, 
        {
            "segmentNumber": "7", 
            "he": "אין נושאין נשים במועד, לא בתולות ולא אלמנות. ולא מיבמין, מפני ששמחה היא לו, אבל מחזיר הוא את גרושתו. ועושה אשה תכשיטיה במועד. רבי יהודה אומר: לא תסוד, מפני שנוול הוא לה.", 
            "links": [
                {
                    "category": "Commentary", 
                    "sourceHeRef": "עיקר תוספות יום טוב על משנה מועד קטן א׳:ז׳:א׳", 
                    "sourceRef": "Ikar Tosafot Yom Tov on Mishnah Moed Katan 1:7:1", 
                    "ref": "Ikar Tosafot Yom Tov on Mishnah Moed Katan 1:7:1"
                }, 
                {
                    "category": "Commentary", 
                    "sourceHeRef": "עיקר תוספות יום טוב על משנה מועד קטן א׳:ז׳:ב׳", 
                    "sourceRef": "Ikar Tosafot Yom Tov on Mishnah Moed Katan 1:7:2", 
                    "ref": "Ikar Tosafot Yom Tov on Mishnah Moed Katan 1:7:2"
                }, 
                {
                    "category": "Commentary", 
                    "sourceHeRef": "ברטנורא על משנה מועד קטן א׳:ז׳:א׳", 
                    "sourceRef": "Bartenura on Mishnah Moed Katan 1:7:1", 
                    "ref": "Bartenura on Mishnah Moed Katan 1:7:1"
                }, 
                {
                    "category": "Commentary", 
                    "sourceHeRef": "ברטנורא על משנה מועד קטן א׳:ז׳:ב׳", 
                    "sourceRef": "Bartenura on Mishnah Moed Katan 1:7:2", 
                    "ref": "Bartenura on Mishnah Moed Katan 1:7:2"
                }, 
                {
                    "category": "Commentary", 
                    "sourceHeRef": "ברטנורא על משנה מועד קטן א׳:ז׳:ג׳", 
                    "sourceRef": "Bartenura on Mishnah Moed Katan 1:7:3", 
                    "ref": "Bartenura on Mishnah Moed Katan 1:7:3"
                }, 
                {
                    "category": "Commentary", 
                    "sourceHeRef": "ברטנורא על משנה מועד קטן א׳:ז׳:ד׳", 
                    "sourceRef": "Bartenura on Mishnah Moed Katan 1:7:4", 
                    "ref": "Bartenura on Mishnah Moed Katan 1:7:4"
                }, 
                {
                    "category": "Tanach", 
                    "sourceHeRef": "דברים ט״ז:י״ד", 
                    "sourceRef": "Deuteronomy 16:14", 
                    "ref": "Deuteronomy 16:14"
                }, 
                {
                    "category": "Commentary", 
                    "sourceHeRef": "רמב\"ם על משנה מועד קטן א׳:ז׳:א׳", 
                    "sourceRef": "Rambam on Mishnah Moed Katan 1:7:1", 
                    "ref": "Rambam on Mishnah Moed Katan 1:7:1"
                }, 
                {
                    "category": "Commentary", 
                    "sourceHeRef": "תוספות יום טוב על משנה מועד קתן א׳:ז׳:א׳", 
                    "sourceRef": "Tosafot Yom Tov on Mishnah Moed Katan 1:7:1", 
                    "ref": "Tosafot Yom Tov on Mishnah Moed Katan 1:7:1"
                }, 
                {
                    "category": "Commentary", 
                    "sourceHeRef": "תוספות יום טוב על משנה מועד קתן א׳:ז׳:ב׳", 
                    "sourceRef": "Tosafot Yom Tov on Mishnah Moed Katan 1:7:2", 
                    "ref": "Tosafot Yom Tov on Mishnah Moed Katan 1:7:2"
                }, 
                {
                    "category": "Commentary", 
                    "sourceHeRef": "תוספות יום טוב על משנה מועד קתן א׳:ז׳:ג׳", 
                    "sourceRef": "Tosafot Yom Tov on Mishnah Moed Katan 1:7:3", 
                    "ref": "Tosafot Yom Tov on Mishnah Moed Katan 1:7:3"
                }, 
                {
                    "category": "Commentary", 
                    "sourceHeRef": "תוספות יום טוב על משנה מועד קתן א׳:ז׳:ד׳", 
                    "sourceRef": "Tosafot Yom Tov on Mishnah Moed Katan 1:7:4", 
                    "ref": "Tosafot Yom Tov on Mishnah Moed Katan 1:7:4"
                }
            ], 
            "text": "One may not marry a woman 0n the <i>moed</i> whether she is a virgin or a widow, nor may one perform <i>yibum</i> [a levirate marriage], because it is a [cause of] joy to him, but he remarry his divorced wife. A woman may make her adornments [use cosmetics] on the <i>Moed</i>. Rabbi Yehudah says, She may not apply lime [chalk as a cosmetic], because it [may] cause her pain."
        }, 
        {
            "segmentNumber": "8", 
            "he": "ההדיוט תופר כדרכו, והאמן מכליב. ומסרגין את המטות. רבי יוסי אומר: [אף] ממתחין.", 
            "links": [
                {
                    "category": "Commentary", 
                    "sourceHeRef": "עיקר תוספות יום טוב על משנה מועד קטן א׳:ח׳:א׳", 
                    "sourceRef": "Ikar Tosafot Yom Tov on Mishnah Moed Katan 1:8:1", 
                    "ref": "Ikar Tosafot Yom Tov on Mishnah Moed Katan 1:8:1"
                }, 
                {
                    "category": "Commentary", 
                    "sourceHeRef": "ברטנורא על משנה מועד קטן א׳:ח׳:א׳", 
                    "sourceRef": "Bartenura on Mishnah Moed Katan 1:8:1", 
                    "ref": "Bartenura on Mishnah Moed Katan 1:8:1"
                }, 
                {
                    "category": "Commentary", 
                    "sourceHeRef": "ברטנורא על משנה מועד קטן א׳:ח׳:ב׳", 
                    "sourceRef": "Bartenura on Mishnah Moed Katan 1:8:2", 
                    "ref": "Bartenura on Mishnah Moed Katan 1:8:2"
                }, 
                {
                    "category": "Commentary", 
                    "sourceHeRef": "ברטנורא על משנה מועד קטן א׳:ח׳:ג׳", 
                    "sourceRef": "Bartenura on Mishnah Moed Katan 1:8:3", 
                    "ref": "Bartenura on Mishnah Moed Katan 1:8:3"
                }, 
                {
                    "category": "Commentary", 
                    "sourceHeRef": "ברטנורא על משנה מועד קטן א׳:ח׳:ד׳", 
                    "sourceRef": "Bartenura on Mishnah Moed Katan 1:8:4", 
                    "ref": "Bartenura on Mishnah Moed Katan 1:8:4"
                }, 
                {
                    "category": "Commentary", 
                    "sourceHeRef": "רמב\"ם על משנה מועד קטן א׳:ח׳:א׳", 
                    "sourceRef": "Rambam on Mishnah Moed Katan 1:8:1", 
                    "ref": "Rambam on Mishnah Moed Katan 1:8:1"
                }, 
                {
                    "category": "Commentary", 
                    "sourceHeRef": "תוספות יום טוב על משנה מועד קתן א׳:ח׳:א׳", 
                    "sourceRef": "Tosafot Yom Tov on Mishnah Moed Katan 1:8:1", 
                    "ref": "Tosafot Yom Tov on Mishnah Moed Katan 1:8:1"
                }, 
                {
                    "category": "Commentary", 
                    "sourceHeRef": "תוספות יום טוב על משנה מועד קתן א׳:ח׳:ב׳", 
                    "sourceRef": "Tosafot Yom Tov on Mishnah Moed Katan 1:8:2", 
                    "ref": "Tosafot Yom Tov on Mishnah Moed Katan 1:8:2"
                }, 
                {
                    "category": "Commentary", 
                    "sourceHeRef": "תוספות יום טוב על משנה מועד קתן א׳:ח׳:ג׳", 
                    "sourceRef": "Tosafot Yom Tov on Mishnah Moed Katan 1:8:3", 
                    "ref": "Tosafot Yom Tov on Mishnah Moed Katan 1:8:3"
                }
            ], 
            "text": "An ordinary person [who is not a professional] may sew [make stitches] in the [regular] way, but the craftsman [whose trade it is to sew, may only do it] in a zigzag fashion. One may interlace [the ropes of the bed frame. Rabbi Yose says: they may even be tightened."
        }, 
        {
            "segmentNumber": "9", 
            "he": "מעמידין תנור וכירים (ורחים) במועד. רבי יהודה אומר: אין מכבשין את הרחים בתחלה.", 
            "links": [
                {
                    "category": "Commentary", 
                    "sourceHeRef": "עיקר תוספות יום טוב על משנה מועד קטן א׳:ט׳:א׳", 
                    "sourceRef": "Ikar Tosafot Yom Tov on Mishnah Moed Katan 1:9:1", 
                    "ref": "Ikar Tosafot Yom Tov on Mishnah Moed Katan 1:9:1"
                }, 
                {
                    "category": "Commentary", 
                    "sourceHeRef": "עיקר תוספות יום טוב על משנה מועד קטן א׳:ט׳:ב׳", 
                    "sourceRef": "Ikar Tosafot Yom Tov on Mishnah Moed Katan 1:9:2", 
                    "ref": "Ikar Tosafot Yom Tov on Mishnah Moed Katan 1:9:2"
                }, 
                {
                    "category": "Commentary", 
                    "sourceHeRef": "עיקר תוספות יום טוב על משנה מועד קטן א׳:ט׳:ג׳", 
                    "sourceRef": "Ikar Tosafot Yom Tov on Mishnah Moed Katan 1:9:3", 
                    "ref": "Ikar Tosafot Yom Tov on Mishnah Moed Katan 1:9:3"
                }, 
                {
                    "category": "Commentary", 
                    "sourceHeRef": "ברטנורא על משנה מועד קטן א׳:ט׳:א׳", 
                    "sourceRef": "Bartenura on Mishnah Moed Katan 1:9:1", 
                    "ref": "Bartenura on Mishnah Moed Katan 1:9:1"
                }, 
                {
                    "category": "Commentary", 
                    "sourceHeRef": "ברטנורא על משנה מועד קטן א׳:ט׳:ב׳", 
                    "sourceRef": "Bartenura on Mishnah Moed Katan 1:9:2", 
                    "ref": "Bartenura on Mishnah Moed Katan 1:9:2"
                }, 
                {
                    "category": "Commentary", 
                    "sourceHeRef": "רמב\"ם על משנה מועד קטן א׳:ט׳:א׳", 
                    "sourceRef": "Rambam on Mishnah Moed Katan 1:9:1", 
                    "ref": "Rambam on Mishnah Moed Katan 1:9:1"
                }, 
                {
                    "category": "Commentary", 
                    "sourceHeRef": "תוספות יום טוב על משנה מועד קתן א׳:ט׳:א׳", 
                    "sourceRef": "Tosafot Yom Tov on Mishnah Moed Katan 1:9:1", 
                    "ref": "Tosafot Yom Tov on Mishnah Moed Katan 1:9:1"
                }, 
                {
                    "category": "Commentary", 
                    "sourceHeRef": "תוספות יום טוב על משנה מועד קתן א׳:ט׳:ב׳", 
                    "sourceRef": "Tosafot Yom Tov on Mishnah Moed Katan 1:9:2", 
                    "ref": "Tosafot Yom Tov on Mishnah Moed Katan 1:9:2"
                }, 
                {
                    "category": "Commentary", 
                    "sourceHeRef": "תוספות יום טוב על משנה מועד קתן א׳:ט׳:ג׳", 
                    "sourceRef": "Tosafot Yom Tov on Mishnah Moed Katan 1:9:3", 
                    "ref": "Tosafot Yom Tov on Mishnah Moed Katan 1:9:3"
                }, 
                {
                    "category": "Commentary", 
                    "sourceHeRef": "תוספות יום טוב על משנה מועד קתן א׳:ט׳:ד׳", 
                    "sourceRef": "Tosafot Yom Tov on Mishnah Moed Katan 1:9:4", 
                    "ref": "Tosafot Yom Tov on Mishnah Moed Katan 1:9:4"
                }, 
                {
                    "category": "Talmud", 
                    "sourceHeRef": "מועד קטן י׳ א:מ״ז-מ״ט", 
                    "sourceRef": "Moed Katan 10a:47-49", 
                    "ref": "Moed Katan 10a:47-49"
                }
            ], 
            "text": "One may erect an oven, or a hearth, or a mill, on the <i>Moed</i> [for the use of the festival]. Rabbi Yehudah says: a pair of millstones may not be roughened for the first time [on the  <i>Moed</i>."
        }, 
        {
            "segmentNumber": "10", 
            "he": "עושין מעקה לגג ולמרפסת מעשה הדיוט, אבל לא מעשה אמן. שפין את הסדקין ומעגילין אותן במעגילה ביד וברגל, אבל לא במחלצים. הציר והצנור והקורה והמנעול והמפתח שנשברו, מתקנן במועד, ובלבד שלא יכון מלאכתו במועד. וכל כבשין שהוא יכול לאכול מהן במועד, כובשן.", 
            "links": [
                {
                    "category": "Commentary", 
                    "sourceHeRef": "עיקר תוספות יום טוב על משנה מועד קטן א׳:י׳:א׳", 
                    "sourceRef": "Ikar Tosafot Yom Tov on Mishnah Moed Katan 1:10:1", 
                    "ref": "Ikar Tosafot Yom Tov on Mishnah Moed Katan 1:10:1"
                }, 
                {
                    "category": "Commentary", 
                    "sourceHeRef": "עיקר תוספות יום טוב על משנה מועד קטן א׳:י׳:ב׳", 
                    "sourceRef": "Ikar Tosafot Yom Tov on Mishnah Moed Katan 1:10:2", 
                    "ref": "Ikar Tosafot Yom Tov on Mishnah Moed Katan 1:10:2"
                }, 
                {
                    "category": "Commentary", 
                    "sourceHeRef": "עיקר תוספות יום טוב על משנה מועד קטן א׳:י׳:ג׳", 
                    "sourceRef": "Ikar Tosafot Yom Tov on Mishnah Moed Katan 1:10:3", 
                    "ref": "Ikar Tosafot Yom Tov on Mishnah Moed Katan 1:10:3"
                }, 
                {
                    "category": "Commentary", 
                    "sourceHeRef": "עיקר תוספות יום טוב על משנה מועד קטן א׳:י׳:ד׳", 
                    "sourceRef": "Ikar Tosafot Yom Tov on Mishnah Moed Katan 1:10:4", 
                    "ref": "Ikar Tosafot Yom Tov on Mishnah Moed Katan 1:10:4"
                }, 
                {
                    "category": "Commentary", 
                    "sourceHeRef": "ברטנורא על משנה מועד קטן א׳:י׳:א׳", 
                    "sourceRef": "Bartenura on Mishnah Moed Katan 1:10:1", 
                    "ref": "Bartenura on Mishnah Moed Katan 1:10:1"
                }, 
                {
                    "category": "Commentary", 
                    "sourceHeRef": "ברטנורא על משנה מועד קטן א׳:י׳:ב׳", 
                    "sourceRef": "Bartenura on Mishnah Moed Katan 1:10:2", 
                    "ref": "Bartenura on Mishnah Moed Katan 1:10:2"
                }, 
                {
                    "category": "Commentary", 
                    "sourceHeRef": "ברטנורא על משנה מועד קטן א׳:י׳:ג׳", 
                    "sourceRef": "Bartenura on Mishnah Moed Katan 1:10:3", 
                    "ref": "Bartenura on Mishnah Moed Katan 1:10:3"
                }, 
                {
                    "category": "Commentary", 
                    "sourceHeRef": "ברטנורא על משנה מועד קטן א׳:י׳:ד׳", 
                    "sourceRef": "Bartenura on Mishnah Moed Katan 1:10:4", 
                    "ref": "Bartenura on Mishnah Moed Katan 1:10:4"
                }, 
                {
                    "category": "Commentary", 
                    "sourceHeRef": "ברטנורא על משנה מועד קטן א׳:י׳:ה׳", 
                    "sourceRef": "Bartenura on Mishnah Moed Katan 1:10:5", 
                    "ref": "Bartenura on Mishnah Moed Katan 1:10:5"
                }, 
                {
                    "category": "Commentary", 
                    "sourceHeRef": "ברטנורא על משנה מועד קטן א׳:י׳:ו׳", 
                    "sourceRef": "Bartenura on Mishnah Moed Katan 1:10:6", 
                    "ref": "Bartenura on Mishnah Moed Katan 1:10:6"
                }, 
                {
                    "category": "Commentary", 
                    "sourceHeRef": "ברטנורא על משנה מועד קטן א׳:י׳:ז׳", 
                    "sourceRef": "Bartenura on Mishnah Moed Katan 1:10:7", 
                    "ref": "Bartenura on Mishnah Moed Katan 1:10:7"
                }, 
                {
                    "category": "Commentary", 
                    "sourceHeRef": "ברטנורא על משנה מועד קטן א׳:י׳:ח׳", 
                    "sourceRef": "Bartenura on Mishnah Moed Katan 1:10:8", 
                    "ref": "Bartenura on Mishnah Moed Katan 1:10:8"
                }, 
                {
                    "category": "Commentary", 
                    "sourceHeRef": "ברטנורא על משנה מועד קטן א׳:י׳:ט׳", 
                    "sourceRef": "Bartenura on Mishnah Moed Katan 1:10:9", 
                    "ref": "Bartenura on Mishnah Moed Katan 1:10:9"
                }, 
                {
                    "category": "Commentary", 
                    "sourceHeRef": "ברטנורא על משנה מועד קטן א׳:י׳:י׳", 
                    "sourceRef": "Bartenura on Mishnah Moed Katan 1:10:10", 
                    "ref": "Bartenura on Mishnah Moed Katan 1:10:10"
                }, 
                {
                    "category": "Commentary", 
                    "sourceHeRef": "רמב\"ם על משנה מועד קטן א׳:י׳:א׳", 
                    "sourceRef": "Rambam on Mishnah Moed Katan 1:10:1", 
                    "ref": "Rambam on Mishnah Moed Katan 1:10:1"
                }, 
                {
                    "category": "Commentary", 
                    "sourceHeRef": "תוספות יום טוב על משנה מועד קתן א׳:י׳:א׳", 
                    "sourceRef": "Tosafot Yom Tov on Mishnah Moed Katan 1:10:1", 
                    "ref": "Tosafot Yom Tov on Mishnah Moed Katan 1:10:1"
                }, 
                {
                    "category": "Commentary", 
                    "sourceHeRef": "תוספות יום טוב על משנה מועד קתן א׳:י׳:ב׳", 
                    "sourceRef": "Tosafot Yom Tov on Mishnah Moed Katan 1:10:2", 
                    "ref": "Tosafot Yom Tov on Mishnah Moed Katan 1:10:2"
                }, 
                {
                    "category": "Commentary", 
                    "sourceHeRef": "תוספות יום טוב על משנה מועד קתן א׳:י׳:ג׳", 
                    "sourceRef": "Tosafot Yom Tov on Mishnah Moed Katan 1:10:3", 
                    "ref": "Tosafot Yom Tov on Mishnah Moed Katan 1:10:3"
                }, 
                {
                    "category": "Commentary", 
                    "sourceHeRef": "תוספות יום טוב על משנה מועד קתן א׳:י׳:ד׳", 
                    "sourceRef": "Tosafot Yom Tov on Mishnah Moed Katan 1:10:4", 
                    "ref": "Tosafot Yom Tov on Mishnah Moed Katan 1:10:4"
                }, 
                {
                    "category": "Talmud", 
                    "sourceHeRef": "מועד קטן י״א א:י׳-י״ג", 
                    "sourceRef": "Moed Katan 11a:10-13", 
                    "ref": "Moed Katan 11a:10-13"
                }
            ], 
            "text": "One may make a railing around a roof or a porch in a rough manner, but not as a craftsman. Plaster may be smeared on the crevices [on the roof] and [then] flattened with a roller, or by hand or foot, but not with a flattening tool. Hinges [of a door], or sockets, beams, a lock or the key which were broken, may be repaired on the <i>Moed</i>, provided he does not intend to do the work on the <i>Moed</i>.  All [kinds of] pickled foods of which he can eat during the <i>Moed</i>, may be pickled.\n"
        }
    ], 
    "book": "Mishnah Moed Katan", 
    "prev": null, 
    "textDepth": 2, 
    "sectionNames": [
        "Chapter", 
        "Mishna"
    ], 
    "sections": [
        1
    ], 
    "isComplex": false, 
    "titleVariants": [
        "M Moed Katan", 
        "Mishnah Moed Katan", 
        "Mishnah Mo'ed Katan", 
        "Mishna Mo'ed Katan", 
        "M. Mo'ed Katan", 
        "M Mo'ed Katan", 
        "M. Moed Katan", 
        "Mishna Moed Katan"
    ], 
    "categories": [
        "Mishnah", 
        "Seder Moed"
    ], 
    "ref": "Mishnah Moed Katan 1", 
    "type": "Mishnah", 
    "addressTypes": [
        "Perek", 
        "Mishnah"
    ], 
    "length": 3, 
    "indexTitle": "Mishnah Moed Katan", 
    "heIndexTitle": "משנה מועד קטן", 
    "alts": [], 
    "order": [
        22, 
        11
    ]
}