{
    "heTitleVariants": [
        "יבמות"
    ], 
    "heTitle": "יבמות ס״ב ב", 
    "content": [
        {
            "segmentNumber": "1", 
            "he": "בני בנים הרי הן כבנים", 
            "links": [
                {
                    "category": "Commentary", 
                    "sourceHeRef": "רש\"י על יבמות ס״ב ב:א׳:א׳", 
                    "index_title": "Rashi on Yevamot", 
                    "sourceRef": "Rashi on Yevamot 62b:1:1"
                }
            ], 
            "text": "\"Grandchildren are like children.\""
        }, 
        {
            "segmentNumber": "2", 
            "he": "כי תניא ההיא להשלים", 
            "links": [
                {
                    "category": "Commentary", 
                    "sourceHeRef": "רש\"י על יבמות ס״ב ב:ב׳:א׳", 
                    "index_title": "Rashi on Yevamot", 
                    "sourceRef": "Rashi on Yevamot 62b:2:1"
                }
            ], 
            "text": "That was only taught to complete."
        }, 
        {
            "segmentNumber": "3", 
            "he": "מיתיבי", 
            "links": [], 
            "text": "They challenged it:"
        }, 
        {
            "segmentNumber": "4", 
            "he": "בני בנים הרי הם כבנים מת אחד מהם או שנמצא סריס לא קיים פריה ורביה", 
            "links": [], 
            "text": "\"Grandchildren are like children; if one of them dies or is found to be sterile, he does not fulfill [the mitzvah of] procreation.\""
        }, 
        {
            "segmentNumber": "5", 
            "he": "תיובתא דרב הונא", 
            "links": [], 
            "text": "This is a rejection of Rabbi Huna."
        }, 
        {
            "segmentNumber": "6", 
            "he": "תיובתא:", 
            "links": [], 
            "text": "He is [truly] rejected."
        }, 
        {
            "segmentNumber": "7", 
            "he": "בני בנים הרי הם כבנים:", 
            "links": [
                {
                    "category": "Halakhah", 
                    "sourceHeRef": "אורח חיים תצ״ג:ב׳", 
                    "index_title": "Shulchan Arukh, Orach Chayyim", 
                    "sourceRef": "Shulchan Arukh, Orach Chayyim 493:2"
                }, 
                {
                    "category": "Commentary", 
                    "sourceHeRef": " פסקי הראש על יבמות ז׳:ח׳:א׳", 
                    "index_title": "Rosh on Yevamot", 
                    "sourceRef": "Rosh on Yevamot 7:8:1"
                }
            ], 
            "text": "(Mishnah:) Grandchildren are like children."
        }, 
        {
            "segmentNumber": "8", 
            "he": "סבר אביי למימר", 
            "links": [], 
            "text": "Abbaye thought as follows,"
        }, 
        {
            "segmentNumber": "9", 
            "he": "ברא לברא וברתא לברתא וכ\"ש ברא לברתא אבל ברתא לברא לא", 
            "links": [
                {
                    "category": "Commentary", 
                    "sourceHeRef": "תוספות על יבמות ס״ב ב:ט׳:א׳", 
                    "index_title": "Tosafot on Yevamot", 
                    "sourceRef": "Tosafot on Yevamot 62b:9:1"
                }
            ], 
            "text": "[This applies to] A son of a son and and a daughter of a daughter, and certainly to a son of a daughter, but to a daughter of a son, it does not."
        }, 
        {
            "segmentNumber": "10", 
            "he": "א\"ל רבא", 
            "links": [], 
            "text": "Rava said to him,"
        }, 
        {
            "segmentNumber": "11", 
            "he": "לשבת יצרה בעיא והא איכא", 
            "links": [], 
            "text": "\"For settlement it was formed\" and there is [settlement]"
        }, 
        {
            "segmentNumber": "12", 
            "he": "דכולי עלמא מיהת תרי מחד לא", 
            "links": [
                {
                    "category": "Commentary", 
                    "sourceHeRef": "רש\"י על יבמות ס״ב ב:י״ב:א׳", 
                    "index_title": "Rashi on Yevamot", 
                    "sourceRef": "Rashi on Yevamot 62b:12:1"
                }, 
                {
                    "category": "Commentary", 
                    "sourceHeRef": "רש\"י על יבמות ס״ב ב:י״ב:ב׳", 
                    "index_title": "Rashi on Yevamot", 
                    "sourceRef": "Rashi on Yevamot 62b:12:2"
                }
            ], 
            "text": "The whole world, however, [agrees] that two from one, no."
        }, 
        {
            "segmentNumber": "13", 
            "he": "ולא", 
            "links": [], 
            "text": "And no?"
        }, 
        {
            "segmentNumber": "14", 
            "he": "והא אמרי ליה רבנן לרב ששת", 
            "links": [], 
            "text": "And behold the Rabbis said to Rav Sheshes"
        }, 
        {
            "segmentNumber": "15", 
            "he": "נסיב איתתא ואוליד בני", 
            "links": [], 
            "text": "Marry a wife and bear sons"
        }, 
        {
            "segmentNumber": "16", 
            "he": "ואמר להו", 
            "links": [], 
            "text": "And he said  to them"
        }, 
        {
            "segmentNumber": "17", 
            "he": "בני ברתי בני נינהו", 
            "links": [], 
            "text": "the sons of my daughter are my sons."
        }, 
        {
            "segmentNumber": "18", 
            "he": "התם דחויי קמדחי להו דרב ששת איעקר מפירקיה דרב הונא", 
            "links": [
                {
                    "category": "Commentary", 
                    "sourceHeRef": "רש\"י על יבמות ס״ב ב:י״ח:א׳", 
                    "index_title": "Rashi on Yevamot", 
                    "sourceRef": "Rashi on Yevamot 62b:18:1"
                }
            ], 
            "text": "There he was pushing them away, because Rav Sheshes became sterile from the lecture of Rav Huna."
        }, 
        {
            "segmentNumber": "19", 
            "he": "אמר ליה רבה לרבא בר מארי", 
            "links": [], 
            "text": "Rabbah said to Rovoh bar Mari"
        }, 
        {
            "segmentNumber": "20", 
            "he": "מנא הא מילתא דאמור רבנן בני בנים הרי הן כבנים", 
            "links": [
                {
                    "category": "Commentary", 
                    "sourceHeRef": "רש\"י על יבמות ס״ב ב:כ׳:א׳", 
                    "index_title": "Rashi on Yevamot", 
                    "sourceRef": "Rashi on Yevamot 62b:20:1"
                }
            ], 
            "text": "From where do we derive the teaching of the Rabbis that grandchildren are considered like children?"
        }, 
        {
            "segmentNumber": "21", 
            "he": "אילימא מדכתיב (בראשית לא, מג) הבנות בנותי והבנים בני אלא מעתה והצאן צאני הכי נמי", 
            "links": [
                {
                    "category": "Tanakh", 
                    "sourceHeRef": "בראשית ל״א:מ״ג", 
                    "index_title": "Genesis", 
                    "sourceRef": "Genesis 31:43"
                }
            ], 
            "text": "If you would like to suggest from the verse (Genesis 31:43) the daughters are (like) my daughters and the sons are (like) my sons, rather from here (this verse) the flocks are (like) my flocks also,"
        }, 
        {
            "segmentNumber": "22", 
            "he": "אלא דקנית מינאי הכא נמי דקנית מינאי", 
            "links": [], 
            "text": ""
        }, 
        {
            "segmentNumber": "23", 
            "he": "אלא מהכא", 
            "links": [], 
            "text": "rather from here"
        }, 
        {
            "segmentNumber": "24", 
            "he": "(דברי הימים א ב, כא) ואחר בא חצרון אל בת מכיר אבי גלעד ותלד לו את שגוב וכתיב (שופטים ה, יד) מני מכיר ירדו מחוקקים וכתיב (תהלים ס, ט) יהודה מחוקקי", 
            "links": [
                {
                    "category": "Commentary", 
                    "sourceHeRef": "רש\"י על יבמות ס״ב ב:כ״ד:א׳", 
                    "index_title": "Rashi on Yevamot", 
                    "sourceRef": "Rashi on Yevamot 62b:24:1"
                }, 
                {
                    "category": "Tanakh", 
                    "sourceHeRef": "שופטים ה׳:י״ד", 
                    "index_title": "Judges", 
                    "sourceRef": "Judges 5:14"
                }, 
                {
                    "category": "Tanakh", 
                    "sourceHeRef": "דברי הימים א ב׳:כ״א", 
                    "index_title": "I Chronicles", 
                    "sourceRef": "I Chronicles 2:21"
                }, 
                {
                    "category": "Tanakh", 
                    "sourceHeRef": "תהילים ס׳:ט׳", 
                    "index_title": "Psalms", 
                    "sourceRef": "Psalms 60:9"
                }
            ], 
            "text": "It was said,"
        }, 
        {
            "segmentNumber": "25", 
            "he": "מתניתין דלאו כרבי יהושע", 
            "links": [
                {
                    "category": "Commentary", 
                    "sourceHeRef": "רש\"י על יבמות ס״ב ב:כ״ה:א׳", 
                    "index_title": "Rashi on Yevamot", 
                    "sourceRef": "Rashi on Yevamot 62b:25:1"
                }
            ], 
            "text": "... "
        }, 
        {
            "segmentNumber": "26", 
            "he": "דתניא רבי יהושע אומר", 
            "links": [], 
            "text": ""
        }, 
        {
            "segmentNumber": "27", 
            "he": "נשא אדם אשה בילדותו ישא אשה בזקנותו היו לו בנים בילדותו יהיו לו בנים בזקנותו שנא' (קהלת יא, ו) בבקר זרע את זרעך ולערב אל תנח ידך כי אינך יודע אי זה יכשר הזה או זה ואם שניהם כאחד טובים", 
            "links": [
                {
                    "category": "Commentary", 
                    "sourceHeRef": "רש\"י על יבמות ס״ב ב:כ״ז:א׳", 
                    "index_title": "Rashi on Yevamot", 
                    "sourceRef": "Rashi on Yevamot 62b:27:1"
                }, 
                {
                    "category": "Commentary", 
                    "sourceHeRef": "רש\"י על יבמות ס״ב ב:כ״ז:ב׳", 
                    "index_title": "Rashi on Yevamot", 
                    "sourceRef": "Rashi on Yevamot 62b:27:2"
                }, 
                {
                    "category": "Tanakh", 
                    "sourceHeRef": "קהלת י״א:ו׳", 
                    "index_title": "Ecclesiastes", 
                    "sourceRef": "Ecclesiastes 11:6"
                }
            ], 
            "text": ""
        }, 
        {
            "segmentNumber": "28", 
            "he": "ר\"ע אומר", 
            "links": [], 
            "text": ""
        }, 
        {
            "segmentNumber": "29", 
            "he": "למד תורה בילדותו ילמוד תורה בזקנותו היו לו תלמידים בילדותו יהיו לו תלמידים בזקנותו שנא' בבקר זרע את זרעך וגו'", 
            "links": [], 
            "text": ""
        }, 
        {
            "segmentNumber": "30", 
            "he": "אמרו", 
            "links": [], 
            "text": "They said "
        }, 
        {
            "segmentNumber": "31", 
            "he": "שנים עשר אלף זוגים תלמידים היו לו לרבי עקיבא מגבת עד אנטיפרס וכולן מתו בפרק אחד מפני שלא נהגו כבוד זה לזה", 
            "links": [
                {
                    "category": "Commentary", 
                    "sourceHeRef": "רש\"י על יבמות ס״ב ב:ל״א:א׳", 
                    "index_title": "Rashi on Yevamot", 
                    "sourceRef": "Rashi on Yevamot 62b:31:1"
                }
            ], 
            "text": "That Rabbi Akiva had twelve thousand pairs of disciples, from Gabbat  to Antifaras;  and they all died at the same time because they did not treat each other with respect."
        }, 
        {
            "segmentNumber": "32", 
            "he": "והיה העולם שמם עד שבא ר\"ע אצל רבותינו שבדרום ושנאה להם", 
            "links": [
                {
                    "category": "Commentary", 
                    "sourceHeRef": "רש\"י על יבמות ס״ב ב:ל״ב:א׳", 
                    "index_title": "Rashi on Yevamot", 
                    "sourceRef": "Rashi on Yevamot 62b:32:1"
                }
            ], 
            "text": "The world remained desolate until Rabbi Akiva came to our Masters in the South and taught the Torah to them,  and it was they who revived the Torah at that time. "
        }, 
        {
            "segmentNumber": "33", 
            "he": "ר\"מ ור' יהודה ור' יוסי ורבי שמעון ורבי אלעזר בן שמוע", 
            "links": [], 
            "text": "These were Rabbi Meir, Rabbi Judah, Rabbi Yossi, Rabbi Shimon and Rabbi Eleazar ben Shammua;"
        }, 
        {
            "segmentNumber": "34", 
            "he": "והם הם העמידו תורה אותה שעה", 
            "links": [], 
            "text": "And it was they who revived the Torah at that time."
        }, 
        {
            "segmentNumber": "35", 
            "he": "תנא", 
            "links": [], 
            "text": "A Tanna taught: "
        }, 
        {
            "segmentNumber": "36", 
            "he": "כולם מתו מפסח ועד עצרת", 
            "links": [], 
            "text": "All of them  died between Passover and Pentecost."
        }, 
        {
            "segmentNumber": "37", 
            "he": "אמר רב חמא בר אבא ואיתימא ר' חייא בר אבין", 
            "links": [], 
            "text": "Rabbi Hama bar Abba or, it might be said, Rabbi Chiyya bar Abin said:"
        }, 
        {
            "segmentNumber": "38", 
            "he": "כולם מתו מיתה רעה", 
            "links": [], 
            "text": "All of them died a cruel death."
        }, 
        {
            "segmentNumber": "39", 
            "he": "מאי היא", 
            "links": [], 
            "text": "What was it? —"
        }, 
        {
            "segmentNumber": "40", 
            "he": "א\"ר נחמן אסכרה", 
            "links": [], 
            "text": "Rabbi Nahman replied: Croup"
        }, 
        {
            "segmentNumber": "41", 
            "he": "א\"ר מתנא", 
            "links": [], 
            "text": "Rabbi Matnah sai"
        }, 
        {
            "segmentNumber": "42", 
            "he": "הלכה כרבי יהושע", 
            "links": [], 
            "text": "The Halacha follows Rabbi Yehoshua."
        }, 
        {
            "segmentNumber": "43", 
            "he": "אמר רבי תנחום א\"ר חנילאי", 
            "links": [], 
            "text": "Rabbi Tanchum said in the name of Rabbi Chanilai"
        }, 
        {
            "segmentNumber": "44", 
            "he": "כל אדם שאין לו אשה שרוי בלא שמחה בלא ברכה בלא טובה", 
            "links": [], 
            "text": "Any person who does not possess a wife is not fitting to enjoy simcha, blessing or goodness (from above)."
        }, 
        {
            "segmentNumber": "45", 
            "he": "בלא שמחה דכתיב (דברים יד, כו) ושמחת אתה וביתך בלא ברכה דכתיב (יחזקאל מד, ל) להניח ברכה אל ביתך בלא טובה דכתיב (בראשית ב, יח) לא טוב היות האדם לבדו", 
            "links": [
                {
                    "category": "Commentary", 
                    "sourceHeRef": "רש\"י על יבמות ס״ב ב:מ״ה:א׳", 
                    "index_title": "Rashi on Yevamot", 
                    "sourceRef": "Rashi on Yevamot 62b:45:1"
                }, 
                {
                    "category": "Tanakh", 
                    "sourceHeRef": "יחזקאל מ״ד:ל׳", 
                    "index_title": "Ezekiel", 
                    "sourceRef": "Ezekiel 44:30"
                }, 
                {
                    "category": "Tanakh", 
                    "sourceHeRef": "בראשית ב׳:י״ח", 
                    "index_title": "Genesis", 
                    "sourceRef": "Genesis 2:18"
                }, 
                {
                    "category": "Tanakh", 
                    "sourceHeRef": "דברים י״ד:כ״ו", 
                    "index_title": "Deuteronomy", 
                    "sourceRef": "Deuteronomy 14:26"
                }
            ], 
            "text": "Not to enjoy simcha: (Deuteronomy 14:26) \"You and your household (family) will have joy.\""
        }, 
        {
            "segmentNumber": "46", 
            "he": "במערבא אמרי", 
            "links": [], 
            "text": ""
        }, 
        {
            "segmentNumber": "47", 
            "he": "בלא תורה בלא חומה", 
            "links": [], 
            "text": ""
        }, 
        {
            "segmentNumber": "48", 
            "he": "בלא תורה דכתיב (איוב ו, יג) האם אין עזרתי בי ותושיה נדחה ממני בלא חומה דכתיב (ירמיהו לא, כב) נקבה תסובב גבר", 
            "links": [
                {
                    "category": "Commentary", 
                    "sourceHeRef": "רש\"י על יבמות ס״ב ב:מ״ח:א׳", 
                    "index_title": "Rashi on Yevamot", 
                    "sourceRef": "Rashi on Yevamot 62b:48:1"
                }, 
                {
                    "category": "Tanakh", 
                    "sourceHeRef": "ירמיהו ל״א:כ״ב", 
                    "index_title": "Jeremiah", 
                    "sourceRef": "Jeremiah 31:22"
                }, 
                {
                    "category": "Tanakh", 
                    "sourceHeRef": "איוב ו׳:י״ג", 
                    "index_title": "Job", 
                    "sourceRef": "Job 6:13"
                }
            ], 
            "text": ""
        }, 
        {
            "segmentNumber": "49", 
            "he": "רבא בר עולא אמר", 
            "links": [], 
            "text": ""
        }, 
        {
            "segmentNumber": "50", 
            "he": "בלא שלום דכתיב (איוב ה, כד) וידעת כי שלום אהלך ופקדת נוך ולא תחטא", 
            "links": [
                {
                    "category": "Commentary", 
                    "sourceHeRef": "רש\"י על יבמות ס״ב ב:נ׳:א׳", 
                    "index_title": "Rashi on Yevamot", 
                    "sourceRef": "Rashi on Yevamot 62b:50:1"
                }, 
                {
                    "category": "Tanakh", 
                    "sourceHeRef": "איוב ה׳:כ״ד", 
                    "index_title": "Job", 
                    "sourceRef": "Job 5:24"
                }
            ], 
            "text": ""
        }, 
        {
            "segmentNumber": "51", 
            "he": "אמר ריב\"ל", 
            "links": [], 
            "text": ""
        }, 
        {
            "segmentNumber": "52", 
            "he": "כל היודע באשתו שהיא יראת שמים ואינו פוקדה נקרא חוטא שנאמר וידעת כי שלום אהלך וגו'", 
            "links": [
                {
                    "category": "Commentary", 
                    "sourceHeRef": "רש\"י על יבמות ס״ב ב:נ״ב:א׳", 
                    "index_title": "Rashi on Yevamot", 
                    "sourceRef": "Rashi on Yevamot 62b:52:1"
                }, 
                {
                    "category": "Commentary", 
                    "sourceHeRef": "רש\"י על יבמות ס״ב ב:נ״ב:ב׳", 
                    "index_title": "Rashi on Yevamot", 
                    "sourceRef": "Rashi on Yevamot 62b:52:2"
                }
            ], 
            "text": ""
        }, 
        {
            "segmentNumber": "53", 
            "he": "ואמר ריב\"ל", 
            "links": [], 
            "text": ""
        }, 
        {
            "segmentNumber": "54", 
            "he": "חייב אדם לפקוד את אשתו בשעה שהוא יוצא לדרך שנא' וידעת כי שלום אהלך וגו'", 
            "links": [
                {
                    "category": "Commentary", 
                    "sourceHeRef": "תוספות על יבמות ס״ב ב:נ״ד:א׳", 
                    "index_title": "Tosafot on Yevamot", 
                    "sourceRef": "Tosafot on Yevamot 62b:54:1"
                }, 
                {
                    "category": "Commentary", 
                    "sourceHeRef": "רש\"י על יבמות ס״ב ב:נ״ד:א׳", 
                    "index_title": "Rashi on Yevamot", 
                    "sourceRef": "Rashi on Yevamot 62b:54:1"
                }
            ], 
            "text": ""
        }, 
        {
            "segmentNumber": "55", 
            "he": "הא מהכא נפקא", 
            "links": [], 
            "text": ""
        }, 
        {
            "segmentNumber": "56", 
            "he": "מהתם נפקא", 
            "links": [], 
            "text": ""
        }, 
        {
            "segmentNumber": "57", 
            "he": "ואל אישך תשוקתך מלמד שהאשה משתוקקת על בעלה בשעה שהוא יוצא לדרך", 
            "links": [
                {
                    "category": "Commentary", 
                    "sourceHeRef": "רש\"י על יבמות ס״ב ב:נ״ז:א׳", 
                    "index_title": "Rashi on Yevamot", 
                    "sourceRef": "Rashi on Yevamot 62b:57:1"
                }
            ], 
            "text": ""
        }, 
        {
            "segmentNumber": "58", 
            "he": "א\"ר יוסף", 
            "links": [], 
            "text": ""
        }, 
        {
            "segmentNumber": "59", 
            "he": "לא נצרכה אלא סמוך לווסתה", 
            "links": [
                {
                    "category": "Commentary", 
                    "sourceHeRef": "רש\"י על יבמות ס״ב ב:נ״ט:א׳", 
                    "index_title": "Rashi on Yevamot", 
                    "sourceRef": "Rashi on Yevamot 62b:59:1"
                }
            ], 
            "text": ""
        }, 
        {
            "segmentNumber": "60", 
            "he": "וכמה", 
            "links": [], 
            "text": ""
        }, 
        {
            "segmentNumber": "61", 
            "he": "אמר רבא", 
            "links": [], 
            "text": ""
        }, 
        {
            "segmentNumber": "62", 
            "he": "עונה", 
            "links": [
                {
                    "category": "Commentary", 
                    "sourceHeRef": "רש\"י על יבמות ס״ב ב:ס״ב:א׳", 
                    "index_title": "Rashi on Yevamot", 
                    "sourceRef": "Rashi on Yevamot 62b:62:1"
                }
            ], 
            "text": ""
        }, 
        {
            "segmentNumber": "63", 
            "he": "והני מילי לדבר הרשות אבל לדבר מצוה מיטרידי", 
            "links": [], 
            "text": ""
        }, 
        {
            "segmentNumber": "64", 
            "he": "ת\"ר", 
            "links": [], 
            "text": ""
        }, 
        {
            "segmentNumber": "65", 
            "he": "האוהב את אשתו כגופו והמכבדה יותר מגופו והמדריך בניו ובנותיו בדרך ישרה והמשיאן סמוך לפירקן עליו הכתוב אומר וידעת כי שלום אהלך", 
            "links": [
                {
                    "category": "Commentary", 
                    "sourceHeRef": "רש\"י על יבמות ס״ב ב:ס״ה:א׳", 
                    "index_title": "Rashi on Yevamot", 
                    "sourceRef": "Rashi on Yevamot 62b:65:1"
                }, 
                {
                    "category": "Commentary", 
                    "sourceHeRef": "רש\"י על יבמות ס״ב ב:ס״ה:ב׳", 
                    "index_title": "Rashi on Yevamot", 
                    "sourceRef": "Rashi on Yevamot 62b:65:2"
                }, 
                {
                    "category": "Commentary", 
                    "sourceHeRef": "תוספות על יבמות ס״ב ב:ס״ה:א׳", 
                    "index_title": "Tosafot on Yevamot", 
                    "sourceRef": "Tosafot on Yevamot 62b:65:1"
                }
            ], 
            "text": ""
        }, 
        {
            "segmentNumber": "66", 
            "he": "האוהב את שכיניו והמקרב את קרוביו והנושא את בת אחותו", 
            "links": [
                {
                    "category": "Commentary", 
                    "sourceHeRef": "תוספות על יבמות ס״ב ב:ס״ו:א׳", 
                    "index_title": "Tosafot on Yevamot", 
                    "sourceRef": "Tosafot on Yevamot 62b:66:1"
                }, 
                {
                    "category": "Commentary", 
                    "sourceHeRef": "רש\"י על יבמות ס״ב ב:ס״ו:א׳", 
                    "index_title": "Rashi on Yevamot", 
                    "sourceRef": "Rashi on Yevamot 62b:66:1"
                }
            ], 
            "text": ""
        }
    ], 
    "heRef": "יבמות ס״ב ב", 
    "toSections": [
        "62b"
    ], 
    "sectionRef": "Yevamot 62b", 
    "title": "Yevamot 62b", 
    "lengths": [
        242, 
        11745
    ], 
    "next": "Yevamot 63a", 
    "heBook": "יבמות", 
    "book": "Yevamot", 
    "prev": "Yevamot 62a", 
    "textDepth": 2, 
    "sectionNames": [
        "Daf", 
        "Line"
    ], 
    "sections": [
        "62b"
    ], 
    "isComplex": false, 
    "titleVariants": [
        "Yevamot", 
        "Talmud Yevamot", 
        "Masekhet Yevamot", 
        "Yevamoth", 
        "Tractate Yevamot"
    ], 
    "categories": [
        "Talmud", 
        "Bavli", 
        "Seder Nashim"
    ], 
    "ref": "Yevamot 62b", 
    "type": "Talmud", 
    "addressTypes": [
        "Talmud", 
        "Integer"
    ], 
    "length": 242, 
    "indexTitle": "Yevamot", 
    "heIndexTitle": "יבמות", 
    "alts": [], 
    "order": [
        13, 
        1
    ]
}