[{
    "links": [
        [
            "117b:2", 
            "Rashi on Yevamot 117b:2:1", 
            "Commentary"
        ], 
        [
            "117b:3", 
            "Tosafot on Yevamot 117b:3:1", 
            "Commentary"
        ], 
        [
            "117b:6", 
            "Rashi on Yevamot 117b:6:1", 
            "Commentary"
        ], 
        [
            "117b:6", 
            "Tosafot on Yevamot 117b:6:1", 
            "Commentary"
        ], 
        [
            "117b:7-15", 
            "Mishnah Yevamot 15:4", 
            "Mishnah"
        ], 
        [
            "117b:16", 
            "Tosafot on Yevamot 117b:16:1", 
            "Commentary"
        ], 
        [
            "117b:17", 
            "Rashi on Yevamot 117b:17:1", 
            "Commentary"
        ], 
        [
            "117b:17", 
            "Tosafot on Yevamot 117b:17:1", 
            "Commentary"
        ], 
        [
            "117b:21", 
            "Rashi on Yevamot 117b:21:1", 
            "Commentary"
        ], 
        [
            "117b:21", 
            "Tosafot on Yevamot 117b:21:1", 
            "Commentary"
        ], 
        [
            "117b:22", 
            "Rashi on Yevamot 117b:22:1", 
            "Commentary"
        ], 
        [
            "117b:25", 
            "Rashi on Yevamot 117b:25:1", 
            "Commentary"
        ], 
        [
            "117b:27", 
            "Rashi on Yevamot 117b:27:1", 
            "Commentary"
        ], 
        [
            "117b:27", 
            "Rashi on Yevamot 117b:27:2", 
            "Commentary"
        ], 
        [
            "117b:29", 
            "Rashi on Yevamot 117b:29:1", 
            "Commentary"
        ], 
        [
            "117b:31", 
            "Rashi on Yevamot 117b:31:1", 
            "Commentary"
        ], 
        [
            "117b:36", 
            "Rashi on Yevamot 117b:36:1", 
            "Commentary"
        ], 
        [
            "117b:37", 
            "Rashi on Yevamot 117b:37:1", 
            "Commentary"
        ], 
        [
            "117b:37-118a:3", 
            "Mishnah Yevamot 15:5", 
            "Mishnah"
        ], 
        [
            "117b:47", 
            "Rashi on Yevamot 117b:47:1", 
            "Commentary"
        ], 
        [
            "117b:49", 
            "Rashi on Yevamot 117b:49:1", 
            "Commentary"
        ], 
        [
            "117b:52", 
            "Rosh on Yevamot 16:8:1", 
            "Commentary"
        ], 
        [
            "117b:52", 
            "Rosh on Yevamot 16:8:2", 
            "Commentary"
        ], 
        [
            "117b", 
            "Tosafot on Ketubot 22b:34:1", 
            "Quoting Commentary"
        ], 
        [
            "117b", 
            "Tosafot on Ketubot 22b:36:1", 
            "Quoting Commentary"
        ], 
        [
            "117b", 
            "Tosafot on Sotah 32a:6:1", 
            "Quoting Commentary"
        ], 
        [
            "117b", 
            "Tosafot on Sotah 31b:32:1", 
            "Quoting Commentary"
        ]
    ], 
    "text": [], 
    "heTitleVariants": [
        "יבמות"
    ], 
    "heTitle": "יבמות קי״ז ב", 
    "heRef": "יבמות קי״ז ב", 
    "toSections": [
        "117b"
    ], 
    "sectionRef": "Yevamot 117b", 
    "title": "Yevamot 117b", 
    "lengths": [
        242, 
        11745
    ], 
    "next": "Yevamot 118a", 
    "heBook": "יבמות", 
    "book": "Yevamot", 
    "prev": "Yevamot 117a", 
    "textDepth": 2, 
    "sectionNames": [
        "Daf", 
        "Line"
    ], 
    "sections": [
        "117b"
    ], 
    "isComplex": false, 
    "titleVariants": [
        "Yevamot", 
        "Talmud Yevamot", 
        "Masekhet Yevamot", 
        "Yevamoth", 
        "Tractate Yevamot"
    ], 
    "categories": [
        "Talmud", 
        "Bavli", 
        "Seder Nashim"
    ], 
    "he": [
        "ת\"ש", 
        "אמרה מת בעלי ואח\"כ מת חמי תנשא ותטול כתובה וחמותה אסורה", 
        "מ\"ט חמותה אסורה לאו משום דאמרינן", 
        "לא בעלה מיית ולא חמיה מיית והא דקאמרה הכי לקלקולא לחמותה הוא דקמיכוונא סברה", 
        "לבתר שעתא לא תיתי תצטערן", 
        "דלמא שאני התם דרגיש לה צערא:", 
        "<big><strong>מתני׳</strong></big> עד אומר", 
        "מת ונשאת ובא אחד ואמר", 
        "לא מת הרי זו לא תצא", 
        "עד אומר", 
        "מת ושנים אומרים", 
        "לא מת אע\"פ שנשאת תצא", 
        "שנים אומרים", 
        "מת ועד אומר", 
        "לא מת אע\"פ שלא נשאת תנשא:", 
        "<big><strong>גמ׳</strong></big> טעמא דנשאת הא לא נשאת לא תנשא והאמר עולא", 
        "כ\"מ שהאמינה תורה עד אחד הרי כאן שנים ואין דבריו של אחד במקום שנים", 
        "הכי קאמר", 
        "עד אחד אומר", 
        "מת והתירוה להנשא ובא אחד ואמר", 
        "לא מת לא תצא מהיתירה הראשון:", 
        "עד אומר", 
        "מת:", 
        "פשיטא דאין דבריו של אחד במקום שנים", 
        "לא צריכא בפסולי עדות וכדר' נחמיה", 
        "דתניא רבי נחמיה אומר", 
        "כל מקום שהאמינה תורה עד אחד הלך אחר רוב דעות ועשו שתי נשים באיש אחד כשני אנשים באיש אחד", 
        "ואיבעית אימא", 
        "כל היכא דאתא עד אחד כשר מעיקרא אפי' מאה נשים כעד אחד דמיין", 
        "אלא כגון דאתאי אשה מעיקרא ותרצה לדרבי נחמיה הכי", 
        "רבי נחמיה אומר כל מקום שהאמינה תורה עד אחד הלך אחר רוב דעות ועשו שתי נשים באשה אחת כשני אנשים באיש אחד אבל שתי נשים באיש אחד כפלגא ופלגא דמי:", 
        "שנים אומרים", 
        "מת וכו':", 
        "מאי קמשמע לן בפסולי עדות וכדר' נחמיה דאזיל בתר רוב דעות היינו הך", 
        "מהו דתימא", 
        "כי אזלינן בתר רוב דעות לחומרא אבל לקולא לא קמ\"ל:", 
        "<big><strong>מתני׳</strong></big> אחת אומרת", 
        "מת ואחת אומרת", 
        "לא מת זו שאומרת", 
        "מת תנשא ותטול כתובתה", 
        "וזו", 
        "שאומרת", 
        "לא מת לא תנשא ולא תטול כתובתה", 
        "אחת אומרת", 
        "מת ואחת אומרת", 
        "נהרג ר\"מ אומר", 
        "הואיל ומכחישות זו את זו הרי אלו לא ינשאו", 
        "ר' יהודה ור' שמעון אומרים", 
        "הואיל וזו וזו מודות שאין קיים ינשאו", 
        "עד אומר", 
        "מת ועד אומר", 
        "לא מת"
    ], 
    "ref": "Yevamot 117b", 
    "type": "Talmud", 
    "addressTypes": [
        "Talmud", 
        "Integer"
    ], 
    "length": 242, 
    "indexTitle": "Yevamot", 
    "heIndexTitle": "יבמות", 
    "alts": [], 
    "order": [
        13, 
        1
    ]
}]