{
    "content": [
        {
            "segmentNumber": "1", 
            "he": " ושמואל אמר אל  ישברו אבל משהי להו עד לאחר זמנו ועביד בהו בין במינו בין שלא במינו."
        }, 
        {
            "segmentNumber": "2", 
            "he": " והלכתא כותיה דשמואל דקאי כר' שמעון:"
        }, 
        {
            "segmentNumber": "3", 
            "links": [
                {
                    "category": "Talmud", 
                    "index_title": "Pesachim", 
                    "sourceHeRef": "פסחים ל׳ ב", 
                    "sourceRef": "Pesachim 30b"
                }
            ], 
            "he": "תניא  אין לשין את העיסה בחלב ואם לש כל הפת כולה אסורה מפני הרגל עבירה   כיוצא בו אין טשין את התנור באליה ואם טש כל הפת כולה אסורה עד שיוסק התנור ואי שני להו ועביד להו כעין תורא שרי דכיון דשני בהו מידע ידיע דלהיכרא עבד להו הכי דלא ליתו בהו לידי תקלה ולפיכך מותרין:"
        }, 
        {
            "segmentNumber": "4", 
            "he": " והאי   בוכיא דאפי בה חמירא כוליה שתא אסירא למיפא בה מצה בפסח משום דהיסקו מבחוץ הוא."
        }, 
        {
            "segmentNumber": "5", 
            "he": "ואי מלייה גומרי והסיקו מבפנים שפיר דמי:"
        }, 
        {
            "segmentNumber": "6", 
            "he": "והני  סכיני דפיסחא מגעיל להו ולקתייהו "
        }
    ], 
    "heTitle": "רי\"ף פסחים ח׳ א", 
    "indexTitle": "Rif Pesachim", 
    "sectionRef": "Rif Pesachim 8a", 
    "prev": "Rif Pesachim 7b", 
    "ref": "Rif Pesachim 8a", 
    "heRef": "רי\"ף פסחים ח׳ א", 
    "next": "Rif Pesachim 8b"
}